wavelength,intensity
198.56,4.656e-37
198.58,8.555e-32
198.6,6.39e-31
198.61,1.726e-30
198.63,1.2329999999999999e-29
198.65,8.862999999999999e-29
198.66,2.315e-28
198.68,1.548e-27
198.7,1.0070000000000001e-26
198.71,2.5410000000000002e-26
198.73,1.586e-25
198.75,9.631000000000001e-25
198.76,2.349e-24
198.78,1.3689999999999998e-23
198.79,3.2709999999999997e-23
198.81,1.83e-22
198.83,9.958999999999998e-22
198.84,2.3e-21
198.86,1.2020000000000001e-20
198.88,6.112e-20
198.89,1.364e-19
198.91,6.663e-19
198.93,3.167e-18
198.94,6.836e-18
198.96,3.121e-17
198.98,1.387e-16
198.99,2.896e-16
199.01,1.237e-15
199.03,5.142e-15
199.04,1.038e-14
199.06,4.149e-14
199.08,1.615e-13
199.09,3.155e-13
199.11,1.181e-12
199.12,2.262e-12
199.14,8.137e-12
199.16,2.853e-11
199.17,5.289e-11
199.19,1.784e-10
199.21,5.86e-10
199.22,1.052e-09
199.24,3.326e-09
199.26,1.025e-08
199.27,1.781e-08
199.29,5.282e-08
199.31,1.526e-07
199.32,2.57e-07
199.34,7.148e-07
199.36,1.938e-06
199.37,3.16e-06
199.39,8.246e-06
199.41,2.097e-05
199.42,3.313e-05
199.44,8.107e-05
199.46,0.0001934
199.47,0.0002958
199.49,0.0006789
199.5,0.001019
199.52,0.002249
199.54,0.004839
199.55,0.007029
199.57,0.01454
199.59,0.02932
199.6,0.04122
199.62,0.07988
199.64,0.1508
199.65,0.2051
199.67,0.3722
199.69,0.6576
199.7,0.8654
199.72,1.469
199.74,2.428
199.75,3.09
199.77,4.906
199.79,7.582
199.8,9.331
199.82,13.85
199.84,20.0
199.85,23.79
199.87,33.0
199.88,38.46
199.9,51.2
199.92,66.32
199.93,74.71
199.95,92.89
199.97,112.4
199.98,122.3
200.0,142.0
200.02,160.4
200.03,168.7
200.05,182.8
200.07,192.7
200.08,195.8
200.1,198.1
200.12,194.9
200.13,191.4
200.15,180.7
200.17,166.1
200.18,157.6
200.2,139.0
200.22,119.4
200.23,109.6
200.25,90.54
200.26,81.55
200.28,65.01
200.3,50.77
200.31,44.58
200.33,34.03
200.35,25.83
200.36,22.53
200.38,17.31
200.4,13.65
200.41,12.3
200.43,10.36
200.45,9.231
200.46,8.911
200.48,8.681
200.5,8.958
200.51,9.286
200.53,10.35
200.55,12.05
200.56,13.16
200.58,16.0
200.59,17.74
200.61,21.91
200.63,27.02
200.64,29.91
200.66,36.27
200.68,43.24
200.69,46.86
200.71,54.18
200.73,61.27
200.74,64.6
200.76,70.62
200.78,75.52
200.79,77.49
200.81,80.41
200.83,82.06
200.84,82.47
200.86,82.7
200.88,82.57
200.89,82.54
200.91,82.93
200.93,84.38
200.94,85.64
200.96,89.42
200.97,91.97
200.99,98.36
201.01,106.2
201.02,110.5
201.04,119.3
201.06,128.0
201.07,131.9
201.09,138.6
201.11,143.0
201.12,144.2
201.14,144.3
201.16,141.5
201.17,139.1
201.19,132.4
201.21,123.7
201.22,118.9
201.24,108.8
201.26,98.61
201.27,93.74
201.29,84.74
201.31,77.11
201.32,73.9
201.34,68.76
201.35,66.85
201.37,64.34
201.39,63.49
201.4,63.65
201.42,65.05
201.44,67.77
201.45,69.57
201.47,73.94
201.49,79.13
201.5,81.96
201.52,87.89
201.54,93.92
201.55,96.87
201.57,102.4
201.59,107.3
201.6,109.4
201.62,112.9
201.64,115.5
201.65,116.4
201.67,117.9
201.69,118.9
201.7,119.4
201.72,120.6
201.73,121.4
201.75,123.6
201.77,126.9
201.78,128.9
201.8,133.8
201.82,139.6
201.83,142.7
201.85,149.2
201.87,155.5
201.88,158.4
201.9,163.6
201.92,167.4
201.93,168.7
201.95,170.1
201.97,169.6
201.98,168.8
202.0,165.9
202.02,161.7
202.03,159.2
202.05,153.4
202.06,150.2
202.08,143.3
202.1,135.7
202.11,131.7
202.13,123.4
202.15,114.6
202.16,110.2
202.18,101.2
202.2,92.52
202.21,88.55
202.23,81.93
202.25,78.13
202.26,77.81
202.28,81.62
202.3,93.58
202.31,103.6
202.33,134.1
202.35,182.1
202.36,214.3
202.38,297.8
202.4,411.4
202.41,480.9
202.43,647.6
202.44,745.3
202.46,969.6
202.48,1230.0
202.49,1372.0
202.51,1674.0
202.53,1990.0
202.54,2147.0
202.56,2451.0
202.58,2724.0
202.59,2843.0
202.61,3035.0
202.63,3153.0
202.64,3182.0
202.66,3175.0
202.68,3084.0
202.69,3009.0
202.71,2808.0
202.73,2550.0
202.74,2406.0
202.76,2099.0
202.78,1784.0
202.79,1628.0
202.81,1330.0
202.82,1190.0
202.84,936.1
202.86,718.3
202.87,623.8
202.89,462.8
202.91,336.8
202.92,285.6
202.94,203.6
202.96,144.4
202.97,121.9
202.99,87.83
203.01,65.42
203.02,57.56
203.04,46.97
203.06,41.67
203.07,40.57
203.09,40.9
203.11,44.02
203.12,46.47
203.14,52.88
203.16,60.97
203.17,65.49
203.19,75.15
203.2,80.13
203.22,89.99
203.24,99.1
203.25,103.2
203.27,109.9
203.29,114.3
203.3,115.6
203.32,116.0
203.34,113.7
203.35,111.6
203.37,105.7
203.39,98.16
203.4,93.95
203.42,85.14
203.44,76.4
203.45,72.28
203.47,64.87
203.49,58.98
203.5,56.71
203.52,53.62
203.53,52.8
203.55,52.59
203.57,54.07
203.58,55.33
203.6,58.67
203.62,62.68
203.63,64.77
203.65,68.83
203.67,72.33
203.68,73.75
203.7,75.73
203.72,76.41
203.73,76.25
203.75,74.98
203.77,72.64
203.78,71.18
203.8,67.98
203.82,64.89
203.83,63.58
203.85,61.85
203.87,61.83
203.88,62.66
203.9,66.27
203.91,69.15
203.93,77.21
203.95,88.32
203.96,94.95
203.98,110.1
204.0,127.0
204.01,135.9
204.03,153.8
204.05,170.7
204.06,178.4
204.08,191.6
204.1,200.9
204.11,203.8
204.13,205.9
204.15,202.8
204.16,199.5
204.18,189.3
204.2,175.4
204.21,167.4
204.23,149.8
204.25,131.4
204.26,122.2
204.28,104.4
204.29,96.03
204.31,80.74
204.33,67.66
204.34,61.99
204.36,52.34
204.38,44.77
204.39,41.65
204.41,36.51
204.43,32.5
204.44,30.79
204.46,27.77
204.48,25.07
204.49,23.78
204.51,21.25
204.53,18.77
204.54,17.55
204.56,15.19
204.58,12.99
204.59,11.97
204.61,10.16
204.62,9.379
204.64,8.1
204.66,7.224
204.67,6.94
204.69,6.678
204.71,6.802
204.72,6.997
204.74,7.629
204.76,8.544
204.77,9.096
204.79,10.37
204.81,11.87
204.82,12.71
204.84,14.59
204.86,16.82
204.87,18.11
204.89,21.12
204.91,24.86
204.92,27.07
204.94,32.27
204.96,38.67
204.97,42.34
204.99,50.64
205.0,55.26
205.02,65.27
205.04,76.05
205.05,81.58
205.07,92.57
205.09,102.9
205.1,107.6
205.12,115.6
205.14,121.3
205.15,123.2
205.17,124.6
205.19,123.0
205.2,121.0
205.22,115.1
205.24,107.0
205.25,102.2
205.27,91.96
205.29,81.3
205.3,76.07
205.32,66.32
205.34,58.06
205.35,54.67
205.37,49.65
205.38,48.12
205.4,47.17
205.42,49.25
205.43,51.49
205.45,58.6
205.47,69.6
205.48,76.8
205.5,95.3
205.52,120.7
205.53,136.7
205.55,177.2
205.57,232.3
205.58,266.7
205.6,352.3
205.62,465.1
205.63,533.3
205.65,696.3
205.67,897.6
205.68,1013.0
205.7,1273.0
205.72,1568.0
205.73,1726.0
205.75,2056.0
205.76,2224.0
205.78,2557.0
205.8,2866.0
205.81,3007.0
205.83,3246.0
205.85,3415.0
205.86,3469.0
205.88,3511.0
205.9,3463.0
205.91,3406.0
205.93,3230.0
205.95,2985.0
205.96,2842.0
205.98,2526.0
206.0,2189.0
206.01,2018.0
206.03,1685.0
206.05,1373.0
206.06,1229.0
206.08,969.4
206.09,855.0
206.11,657.6
206.13,500.9
206.14,436.8
206.16,334.0
206.18,260.3
206.19,232.5
206.21,191.4
206.23,165.3
206.24,156.4
206.26,144.6
206.28,138.0
206.29,136.0
206.31,133.2
206.33,131.2
206.34,130.1
206.36,127.7
206.38,124.6
206.39,122.7
206.41,118.4
206.43,113.3
206.44,110.6
206.46,104.7
206.47,101.7
206.49,95.69
206.51,89.81
206.52,87.0
206.54,81.78
206.56,77.21
206.57,75.22
206.59,71.83
206.61,69.27
206.62,68.29
206.64,66.9
206.66,66.2
206.67,66.08
206.69,66.22
206.71,66.76
206.72,67.15
206.74,68.03
206.76,68.96
206.77,69.38
206.79,70.04
206.81,70.32
206.82,70.28
206.84,69.74
206.85,69.23
206.87,67.71
206.89,65.59
206.9,64.32
206.92,61.51
206.94,58.51
206.95,57.02
206.97,54.25
206.99,52.02
207.0,51.2
207.02,50.34
207.04,50.74
207.05,51.48
207.07,54.17
207.09,58.56
207.1,61.42
207.12,68.43
207.14,77.09
207.15,81.96
207.17,92.62
207.19,104.1
207.2,110.0
207.22,121.7
207.23,127.3
207.25,137.7
207.27,146.3
207.28,149.8
207.3,154.8
207.32,156.9
207.33,156.7
207.35,154.1
207.37,148.5
207.38,144.8
207.4,135.6
207.42,124.7
207.43,118.9
207.45,106.7
207.47,94.51
207.48,88.55
207.5,77.21
207.52,66.89
207.53,62.18
207.55,53.72
207.56,49.98
207.58,43.42
207.6,38.01
207.61,35.69
207.63,31.74
207.65,28.57
207.66,27.25
207.68,25.04
207.7,23.37
207.71,22.71
207.73,21.76
207.75,21.26
207.76,21.18
207.78,21.39
207.8,22.09
207.81,22.64
207.83,24.18
207.85,26.38
207.86,27.75
207.88,31.14
207.9,35.53
207.91,38.17
207.93,44.46
207.94,48.19
207.96,56.99
207.98,67.85
207.99,74.15
208.01,88.69
208.03,106.0
208.04,115.8
208.06,137.6
208.08,162.4
208.09,175.9
208.11,204.6
208.13,235.1
208.14,250.8
208.16,282.3
208.18,313.0
208.19,327.7
208.21,354.9
208.23,378.5
208.24,388.7
208.26,405.7
208.28,418.1
208.29,422.6
208.31,428.9
208.32,430.9
208.34,433.0
208.36,433.5
208.37,433.4
208.39,432.9
208.41,431.9
208.42,431.2
208.44,429.0
208.46,425.0
208.47,422.0
208.49,413.6
208.51,401.2
208.52,393.4
208.54,374.5
208.56,351.4
208.57,338.6
208.59,311.1
208.61,282.2
208.62,267.8
208.64,239.6
208.66,213.6
208.67,201.7
208.69,180.6
208.7,171.4
208.72,155.7
208.74,143.5
208.75,138.4
208.77,130.0
208.79,123.0
208.8,119.8
208.82,113.6
208.84,107.0
208.85,103.4
208.87,95.64
208.89,86.99
208.9,82.38
208.92,72.75
208.94,62.88
208.95,57.97
208.97,48.45
208.99,39.59
209.0,35.49
209.02,28.08
209.03,24.79
209.05,19.07
209.07,14.49
209.08,12.6
209.1,9.562
209.12,7.402
209.13,6.61
209.15,5.521
209.17,4.997
209.18,4.916
209.2,5.065
209.22,5.579
209.23,5.958
209.25,6.937
209.27,8.189
209.28,8.909
209.3,10.52
209.32,12.32
209.33,13.28
209.35,15.29
209.37,17.36
209.38,18.39
209.4,20.4
209.41,21.36
209.43,23.14
209.45,24.67
209.46,25.32
209.48,26.37
209.5,27.08
209.51,27.3
209.53,27.51
209.55,27.45
209.56,27.34
209.58,27.03
209.6,26.67
209.61,26.5
209.63,26.23
209.65,26.11
209.66,26.12
209.68,26.27
209.7,26.58
209.71,26.78
209.73,27.19
209.75,27.56
209.76,27.69
209.78,27.79
209.79,27.73
209.81,27.35
209.83,26.6
209.84,26.08
209.86,24.79
209.88,23.22
209.89,22.37
209.91,20.62
209.93,18.98
209.94,18.26
209.96,17.22
209.98,16.98
209.99,17.28
210.01,19.05
210.03,22.9
210.04,25.83
210.06,34.27
210.08,47.01
210.09,55.36
210.11,76.76
210.13,105.5
210.14,122.9
210.16,164.7
210.17,189.1
210.19,245.2
210.21,310.5
210.22,346.3
210.24,423.0
210.26,504.0
210.27,545.1
210.29,625.8
210.31,700.6
210.32,734.4
210.34,791.9
210.36,832.8
210.37,846.0
210.39,856.7
210.41,846.1
210.42,833.0
210.44,792.2
210.46,734.9
210.47,701.2
210.49,626.5
210.5,586.8
210.52,505.2
210.54,424.5
210.55,385.7
210.57,312.8
210.59,248.1
210.6,219.3
210.62,169.0
210.64,128.3
210.65,111.4
210.67,84.03
210.69,64.04
210.7,56.42
210.72,45.14
210.74,38.11
210.75,35.85
210.77,33.23
210.79,32.52
210.8,32.68
210.82,33.76
210.84,35.59
210.85,36.73
210.87,39.45
210.88,41.04
210.9,44.82
210.92,49.69
210.93,52.7
210.95,60.28
210.97,70.75
210.98,77.43
211.0,94.58
211.02,118.3
211.03,133.1
211.05,170.4
211.07,219.5
211.08,249.3
211.1,320.4
211.12,408.2
211.13,458.7
211.15,572.8
211.17,703.2
211.18,773.6
211.2,922.4
211.22,1077.0
211.23,1154.0
211.25,1303.0
211.26,1372.0
211.28,1496.0
211.3,1594.0
211.31,1630.0
211.33,1675.0
211.35,1680.0
211.36,1668.0
211.38,1613.0
211.4,1523.0
211.41,1466.0
211.43,1334.0
211.45,1186.0
211.46,1107.0
211.48,949.5
211.5,795.5
211.51,722.2
211.53,586.1
211.55,467.4
211.56,415.3
211.58,326.4
211.6,258.0
211.61,231.1
211.63,191.4
211.64,178.1
211.66,163.3
211.68,162.4
211.69,166.5
211.71,182.4
211.73,206.8
211.74,221.5
211.76,254.3
211.78,289.7
211.79,307.6
211.81,342.2
211.83,373.3
211.84,386.8
211.86,408.7
211.88,422.6
211.89,426.3
211.91,427.1
211.93,420.2
211.94,414.4
211.96,400.1
211.97,392.7
211.99,381.1
212.01,380.0
212.02,386.4
212.04,421.0
212.06,498.0
212.07,558.5
212.09,739.0
212.11,1024.0
212.12,1217.0
212.14,1731.0
212.16,2456.0
212.17,2913.0
212.19,4054.0
212.21,5542.0
212.22,6432.0
212.24,8529.0
212.26,11070.0
212.27,12510.0
212.29,15710.0
212.31,19280.0
212.32,21180.0
212.34,25120.0
212.35,27120.0
212.37,31080.0
212.39,34780.0
212.4,36470.0
212.42,39410.0
212.44,41580.0
212.45,42330.0
212.47,43100.0
212.49,42840.0
212.5,42330.0
212.52,40590.0
212.54,37990.0
212.55,36420.0
212.57,32870.0
212.59,28960.0
212.6,26930.0
212.62,22880.0
212.64,18960.0
212.65,17110.0
212.67,13680.0
212.69,10670.0
212.7,9346.0
212.72,7042.0
212.73,6061.0
212.75,4419.0
212.77,3163.0
212.78,2662.0
212.8,1875.0
212.82,1326.0
212.83,1124.0
212.85,833.7
212.87,661.1
212.88,607.9
212.9,549.8
212.92,536.9
212.93,541.7
212.95,564.7
212.97,596.4
212.98,612.9
213.0,643.1
213.02,666.1
213.03,673.9
213.05,681.4
213.06,680.9
213.08,672.0
213.1,653.5
213.11,641.3
213.13,612.5
213.15,580.3
213.16,563.7
213.18,531.4
213.2,502.3
213.21,489.7
213.23,470.0
213.25,459.1
213.26,457.5
213.28,463.3
213.3,482.1
213.31,496.6
213.33,536.5
213.35,590.5
213.36,622.5
213.38,695.6
213.4,778.2
213.41,821.9
213.43,911.0
213.44,955.2
213.46,1039.0
213.48,1111.0
213.49,1141.0
213.51,1187.0
213.53,1210.0
213.54,1211.0
213.56,1196.0
213.58,1155.0
213.59,1126.0
213.61,1054.0
213.63,967.0
213.64,919.6
213.66,820.9
213.68,722.1
213.69,674.3
213.71,584.7
213.73,506.0
213.74,471.5
213.76,412.7
213.78,367.5
213.79,349.8
213.81,322.7
213.82,312.9
213.84,299.0
213.86,290.3
213.87,287.1
213.89,281.5
213.91,275.0
213.92,271.0
213.94,260.7
213.96,246.9
213.97,238.6
213.99,219.7
214.01,198.0
214.02,186.5
214.04,162.7
214.06,138.8
214.07,127.1
214.09,104.8
214.11,84.66
214.12,75.53
214.14,59.37
214.16,46.2
214.17,40.76
214.19,32.18
214.2,29.03
214.22,25.07
214.24,24.31
214.25,25.21
214.27,29.83
214.29,38.72
214.3,45.0
214.32,61.83
214.34,85.21
214.35,99.68
214.37,134.8
214.39,178.8
214.4,204.3
214.42,262.3
214.44,329.0
214.45,365.3
214.47,442.3
214.49,522.9
214.5,563.6
214.52,642.8
214.53,680.4
214.55,748.8
214.57,804.6
214.58,826.6
214.6,857.0
214.62,867.7
214.63,865.5
214.65,846.2
214.67,808.7
214.68,784.0
214.7,725.1
214.72,657.4
214.73,621.8
214.75,550.3
214.77,482.6
214.78,451.7
214.8,398.5
214.82,360.1
214.83,347.5
214.85,337.5
214.87,349.8
214.88,364.8
214.9,413.4
214.91,447.1
214.93,533.1
214.95,642.7
214.96,705.5
214.98,844.5
215.0,996.8
215.01,1076.0
215.03,1235.0
215.05,1387.0
215.06,1458.0
215.08,1584.0
215.1,1681.0
215.11,1717.0
215.13,1760.0
215.15,1762.0
215.16,1747.0
215.18,1689.0
215.2,1595.0
215.21,1537.0
215.23,1402.0
215.25,1250.0
215.26,1171.0
215.28,1009.0
215.29,929.8
215.31,776.3
215.33,634.9
215.34,569.9
215.36,452.6
215.38,353.1
215.39,309.9
215.41,235.9
215.43,177.2
215.44,152.9
215.46,113.1
215.48,83.04
215.49,71.07
215.51,52.05
215.53,38.25
215.54,32.89
215.56,24.54
215.58,18.61
215.59,16.34
215.61,12.8
215.63,10.29
215.64,9.305
215.66,7.74
215.67,7.111
215.69,6.07
215.71,5.24
215.72,4.883
215.74,4.265
215.76,3.762
215.77,3.556
215.79,3.249
215.81,3.118
215.82,3.136
215.84,3.387
215.86,4.006
215.87,4.489
215.89,5.893
215.91,8.021
215.92,9.414
215.94,12.99
215.96,17.81
215.97,20.76
215.99,27.86
216.0,32.06
216.02,41.84
216.04,53.52
216.05,60.06
216.07,74.48
216.09,90.43
216.1,98.86
216.12,116.3
216.14,133.9
216.15,142.5
216.17,158.9
216.19,173.5
216.2,179.9
216.22,190.5
216.24,197.8
216.25,200.1
216.27,202.1
216.29,200.9
216.3,199.4
216.32,194.9
216.34,189.7
216.35,187.3
216.37,184.2
216.38,184.0
216.4,187.8
216.42,199.3
216.43,208.8
216.45,237.0
216.47,279.9
216.48,307.7
216.5,377.6
216.52,468.2
216.53,521.7
216.55,645.3
216.57,790.5
216.58,870.6
216.6,1044.0
216.62,1230.0
216.63,1326.0
216.65,1521.0
216.67,1712.0
216.68,1803.0
216.7,1974.0
216.72,2124.0
216.73,2188.0
216.75,2296.0
216.76,2337.0
216.78,2397.0
216.8,2425.0
216.81,2428.0
216.83,2412.0
216.85,2370.0
216.86,2340.0
216.88,2266.0
216.9,2172.0
216.91,2119.0
216.93,2003.0
216.95,1873.0
216.96,1804.0
216.98,1658.0
217.0,1506.0
217.01,1428.0
217.03,1272.0
217.05,1118.0
217.06,1044.0
217.08,903.2
217.1,776.7
217.11,720.4
217.13,624.3
217.14,585.5
217.16,528.7
217.18,502.4
217.19,501.5
217.21,525.7
217.23,585.7
217.24,629.3
217.26,743.6
217.28,892.6
217.29,979.1
217.31,1173.0
217.33,1389.0
217.34,1503.0
217.36,1734.0
217.38,1963.0
217.39,2071.0
217.41,2270.0
217.43,2434.0
217.44,2499.0
217.46,2591.0
217.47,2616.0
217.49,2623.0
217.51,2571.0
217.52,2525.0
217.54,2394.0
217.56,2221.0
217.57,2122.0
217.59,1906.0
217.61,1676.0
217.62,1560.0
217.64,1331.0
217.66,1114.0
217.67,1012.0
217.69,824.7
217.71,661.4
217.72,589.1
217.74,462.9
217.76,360.0
217.77,316.5
217.79,243.6
217.81,186.9
217.82,163.8
217.84,126.1
217.85,110.9
217.87,86.32
217.89,67.95
217.9,60.58
217.92,48.7
217.94,39.76
217.95,36.14
217.97,30.21
217.99,25.62
218.0,23.72
218.02,20.52
218.04,17.97
218.05,16.89
218.07,15.05
218.09,13.57
218.1,12.95
218.12,11.92
218.14,11.15
218.15,10.86
218.17,10.44
218.19,10.23
218.2,10.19
218.22,10.24
218.23,10.33
218.25,10.58
218.27,10.94
218.28,11.14
218.3,11.58
218.32,12.04
218.33,12.27
218.35,12.68
218.37,13.04
218.38,13.19
218.4,13.41
218.42,13.52
218.43,13.55
218.45,13.53
218.47,13.47
218.48,13.44
218.5,13.4
218.52,13.47
218.53,13.58
218.55,13.97
218.57,14.69
218.58,15.19
218.6,16.5
218.61,17.33
218.63,19.32
218.65,21.75
218.66,23.11
218.68,26.09
218.7,29.31
218.71,30.97
218.73,34.33
218.75,37.63
218.76,39.22
218.78,42.24
218.8,45.04
218.81,46.36
218.83,48.96
218.85,51.66
218.86,53.16
218.88,56.74
218.9,61.58
218.91,64.69
218.93,72.77
218.94,77.96
218.96,91.21
218.98,109.0
218.99,119.9
219.01,146.0
219.03,178.4
219.04,196.9
219.06,238.6
219.08,285.8
219.09,311.0
219.11,363.9
219.13,418.0
219.14,444.7
219.16,495.8
219.18,541.2
219.19,560.9
219.21,592.7
219.23,612.8
219.24,617.9
219.26,618.2
219.28,605.3
219.29,594.2
219.31,563.8
219.32,545.2
219.34,502.9
219.36,456.6
219.37,432.9
219.39,386.8
219.41,344.6
219.42,325.8
219.44,294.2
219.46,271.7
219.47,264.2
219.49,256.5
219.51,258.4
219.52,262.7
219.54,276.9
219.56,297.2
219.57,308.9
219.59,334.5
219.61,361.0
219.62,374.0
219.64,398.4
219.66,419.5
219.67,428.5
219.69,442.9
219.7,448.3
219.72,455.5
219.74,458.1
219.75,457.9
219.77,455.1
219.79,449.9
219.8,446.8
219.82,440.3
219.84,434.5
219.85,432.2
219.87,429.5
219.89,430.1
219.9,431.9
219.92,438.8
219.94,450.2
219.95,457.5
219.97,475.2
219.99,495.9
220.0,507.0
220.02,529.8
220.04,551.6
220.05,561.5
220.07,578.4
220.08,584.8
220.1,593.1
220.12,594.6
220.13,592.9
220.15,584.9
220.17,572.6
220.18,565.6
220.2,552.3
220.22,543.3
220.23,541.9
220.25,548.2
220.27,571.0
220.28,589.9
220.3,645.1
220.32,725.8
220.33,776.1
220.35,896.5
220.37,1041.0
220.38,1122.0
220.4,1295.0
220.41,1386.0
220.43,1573.0
220.45,1757.0
220.46,1846.0
220.48,2011.0
220.5,2156.0
220.51,2219.0
220.53,2327.0
220.55,2412.0
220.56,2447.0
220.58,2509.0
220.6,2570.0
220.61,2605.0
220.63,2690.0
220.65,2810.0
220.66,2887.0
220.68,3081.0
220.7,3337.0
220.71,3489.0
220.73,3840.0
220.75,4251.0
220.76,4477.0
220.78,4964.0
220.79,5222.0
220.81,5762.0
220.83,6328.0
220.84,6619.0
220.86,7217.0
220.88,7838.0
220.89,8159.0
220.91,8827.0
220.93,9539.0
220.94,9913.0
220.96,10700.0
220.98,11540.0
220.99,11980.0
221.01,12870.0
221.03,13770.0
221.04,14210.0
221.06,15040.0
221.08,15780.0
221.09,16090.0
221.11,16580.0
221.13,16860.0
221.14,16900.0
221.16,16790.0
221.17,16640.0
221.19,16130.0
221.21,15370.0
221.22,14900.0
221.24,13830.0
221.26,12610.0
221.27,11960.0
221.29,10630.0
221.31,9299.0
221.32,8650.0
221.34,7420.0
221.36,6322.0
221.37,5834.0
221.39,5004.0
221.41,4391.0
221.42,4173.0
221.44,3929.0
221.46,3950.0
221.47,4064.0
221.49,4503.0
221.51,5223.0
221.52,5687.0
221.54,6812.0
221.55,7467.0
221.57,8942.0
221.59,10590.0
221.6,11470.0
221.62,13260.0
221.64,15060.0
221.65,15920.0
221.67,17540.0
221.69,18930.0
221.7,19520.0
221.72,20420.0
221.74,20940.0
221.75,21030.0
221.77,20910.0
221.79,20380.0
221.8,19970.0
221.82,18900.0
221.84,17550.0
221.85,16790.0
221.87,15160.0
221.88,14310.0
221.9,12580.0
221.92,10880.0
221.93,10060.0
221.95,8492.0
221.97,7067.0
221.98,6415.0
222.0,5236.0
222.02,4226.0
222.03,3784.0
222.05,3015.0
222.07,2388.0
222.08,2123.0
222.1,1675.0
222.12,1324.0
222.13,1178.0
222.15,938.2
222.17,753.2
222.18,677.4
222.2,552.7
222.22,456.7
222.23,417.2
222.25,351.8
222.26,324.7
222.28,279.7
222.3,244.3
222.31,229.6
222.33,204.8
222.35,185.0
222.36,176.6
222.38,162.2
222.4,150.0
222.41,144.5
222.43,134.3
222.45,124.9
222.46,120.4
222.48,111.4
222.5,102.7
222.51,98.45
222.53,90.2
222.55,82.49
222.56,78.91
222.58,72.47
222.6,67.17
222.61,65.02
222.63,61.77
222.64,60.7
222.66,59.68
222.68,60.07
222.69,60.76
222.71,62.97
222.73,66.1
222.74,67.9
222.76,71.78
222.78,75.75
222.79,77.66
222.81,81.13
222.83,83.9
222.84,84.96
222.86,86.29
222.88,86.49
222.89,86.16
222.91,84.64
222.93,82.05
222.94,80.4
222.96,76.52
222.97,74.34
222.99,69.65
223.01,64.77
223.02,62.34
223.04,57.66
223.06,53.42
223.07,51.54
223.09,48.39
223.11,46.18
223.12,45.48
223.14,44.96
223.16,45.7
223.17,46.58
223.19,49.38
223.21,53.63
223.22,56.31
223.24,62.74
223.26,70.56
223.27,74.95
223.29,84.55
223.31,94.99
223.32,100.4
223.34,111.3
223.35,116.7
223.37,126.9
223.39,136.0
223.4,139.8
223.42,146.0
223.44,149.7
223.45,150.5
223.47,150.0
223.49,146.7
223.5,144.0
223.52,137.0
223.54,128.0
223.55,122.9
223.57,112.1
223.59,101.0
223.6,95.47
223.62,84.96
223.64,75.54
223.65,71.37
223.67,64.23
223.69,58.84
223.7,56.81
223.72,54.02
223.73,53.21
223.75,52.63
223.77,53.19
223.78,53.79
223.8,55.41
223.82,57.33
223.83,58.31
223.85,60.11
223.87,61.53
223.88,62.05
223.9,62.62
223.92,62.53
223.93,62.24
223.95,61.22
223.97,59.67
223.98,58.75
224.0,56.71
224.02,54.53
224.03,53.45
224.05,51.39
224.07,49.57
224.08,48.78
224.1,47.47
224.11,46.96
224.13,46.21
224.15,45.8
224.16,45.7
224.18,45.67
224.2,45.78
224.21,45.87
224.23,46.09
224.25,46.33
224.26,46.46
224.28,46.76
224.3,47.2
224.31,47.49
224.33,48.33
224.35,49.62
224.36,50.48
224.38,52.72
224.4,55.77
224.41,57.62
224.43,62.02
224.44,64.58
224.46,70.39
224.48,77.08
224.49,80.72
224.51,88.5
224.53,96.83
224.54,101.2
224.56,110.0
224.58,119.1
224.59,123.6
224.61,132.9
224.63,142.2
224.64,147.0
224.66,156.7
224.68,167.0
224.69,172.4
224.71,183.8
224.73,196.4
224.74,203.2
224.76,217.9
224.78,234.2
224.79,243.0
224.81,261.7
224.82,271.7
224.84,292.5
224.86,314.4
224.87,325.5
224.89,348.0
224.91,370.3
224.92,381.2
224.94,402.2
224.96,421.8
224.97,431.0
224.99,447.9
225.01,462.8
225.02,469.5
225.04,481.6
225.06,492.0
225.07,496.6
225.09,504.9
225.11,512.1
225.12,515.3
225.14,521.0
225.16,525.7
225.17,527.6
225.19,530.4
225.2,531.2
225.22,531.5
225.24,529.7
225.25,527.9
225.27,522.3
225.29,513.8
225.3,508.4
225.32,495.4
225.34,479.6
225.35,470.7
225.37,451.2
225.39,429.9
225.4,418.8
225.42,396.2
225.44,373.7
225.45,362.8
225.47,342.0
225.49,323.2
225.5,314.8
225.52,299.8
225.54,287.8
225.55,282.8
225.57,274.8
225.58,271.8
225.6,267.3
225.62,264.6
225.63,263.8
225.65,263.0
225.67,263.1
225.68,263.4
225.7,264.6
225.72,266.5
225.73,267.8
225.75,271.2
225.77,276.0
225.78,279.0
225.8,286.5
225.82,296.2
225.83,302.0
225.85,315.4
225.87,331.4
225.88,340.4
225.9,360.2
225.91,371.0
225.93,394.0
225.95,418.9
225.96,431.9
225.98,459.2
226.0,488.2
226.01,503.5
226.03,536.6
226.05,574.4
226.06,595.9
226.08,646.0
226.1,709.3
226.11,747.3
226.13,839.3
226.15,957.1
226.16,1027.0
226.18,1192.0
226.2,1393.0
226.21,1507.0
226.23,1762.0
226.25,2049.0
226.26,2202.0
226.28,2521.0
226.29,2684.0
226.31,3008.0
226.33,3315.0
226.34,3457.0
226.36,3707.0
226.38,3899.0
226.39,3969.0
226.41,4052.0
226.43,4054.0
226.44,4025.0
226.46,3907.0
226.48,3717.0
226.49,3599.0
226.51,3328.0
226.53,3022.0
226.54,2863.0
226.56,2543.0
226.58,2237.0
226.59,2095.0
226.61,1843.0
226.63,1644.0
226.64,1569.0
226.66,1473.0
226.67,1454.0
226.69,1479.0
226.71,1591.0
226.72,1680.0
226.74,1926.0
226.76,2258.0
226.77,2455.0
226.79,2903.0
226.81,3414.0
226.82,3687.0
226.84,4256.0
226.86,4833.0
226.87,5116.0
226.89,5651.0
226.91,6122.0
226.92,6325.0
226.94,6647.0
226.96,6844.0
226.97,6890.0
226.99,6876.0
227.01,6718.0
227.02,6589.0
227.04,6238.0
227.05,6021.0
227.07,5522.0
227.09,4958.0
227.1,4661.0
227.12,4055.0
227.14,3455.0
227.15,3164.0
227.17,2614.0
227.19,2116.0
227.2,1890.0
227.22,1486.0
227.24,1148.0
227.25,1004.0
227.27,758.8
227.29,568.9
227.3,492.2
227.32,370.6
227.34,285.3
227.35,254.1
227.37,210.7
227.38,197.1
227.4,183.4
227.42,184.2
227.43,189.0
227.45,205.5
227.47,229.2
227.48,243.0
227.5,273.1
227.52,304.8
227.53,320.6
227.55,351.0
227.57,378.2
227.58,390.1
227.6,409.7
227.62,422.9
227.63,426.9
227.65,429.7
227.67,426.0
227.68,421.9
227.7,409.9
227.72,394.3
227.73,385.6
227.75,367.6
227.76,358.8
227.78,342.4
227.8,329.1
227.81,323.9
227.83,317.2
227.85,315.6
227.86,316.8
227.88,322.8
227.9,333.0
227.91,339.5
227.93,354.0
227.95,369.6
227.96,377.3
227.98,391.3
228.0,402.2
228.01,406.1
228.03,410.0
228.05,408.0
228.06,404.7
228.08,393.4
228.1,376.2
228.11,365.7
228.13,341.3
228.14,327.8
228.16,299.2
228.18,269.6
228.19,255.0
228.21,226.9
228.23,201.5
228.24,190.1
228.26,170.4
228.28,155.1
228.29,149.2
228.31,140.8
228.33,136.3
228.34,135.3
228.36,135.5
228.38,137.7
228.39,139.3
228.41,142.7
228.43,145.8
228.44,147.0
228.46,148.5
228.48,148.2
228.49,147.5
228.51,144.6
228.52,142.6
228.54,137.5
228.56,131.4
228.57,128.1
228.59,121.5
228.61,115.2
228.62,112.3
228.64,107.2
228.66,103.1
228.67,101.4
228.69,98.9
228.71,97.23
228.72,96.62
228.74,95.63
228.76,94.64
228.77,94.02
228.79,92.35
228.81,89.86
228.82,88.26
228.84,84.28
228.85,81.91
228.87,76.46
228.89,70.22
228.9,66.88
228.92,59.92
228.94,52.84
228.95,49.36
228.97,42.7
228.99,36.64
229.0,33.91
229.02,29.17
229.04,25.51
229.05,24.11
229.07,22.22
229.09,21.56
229.1,21.69
229.12,22.86
229.14,25.19
229.15,26.79
229.17,30.76
229.19,35.72
229.2,38.54
229.22,44.79
229.23,48.19
229.25,55.47
229.27,63.26
229.28,67.31
229.3,75.62
229.32,84.05
229.33,88.27
229.35,96.59
229.37,104.6
229.38,108.4
229.4,115.7
229.42,122.3
229.43,125.4
229.45,130.9
229.47,135.9
229.48,138.3
229.5,142.8
229.52,147.6
229.53,150.3
229.55,156.7
229.57,165.1
229.58,170.2
229.6,183.1
229.61,191.0
229.63,210.2
229.65,234.1
229.66,248.0
229.68,279.6
229.7,315.8
229.71,335.5
229.73,377.1
229.75,420.7
229.76,442.6
229.78,485.6
229.8,525.8
229.81,544.3
229.83,576.8
229.85,602.2
229.86,612.1
229.88,626.0
229.9,632.7
229.91,633.9
229.93,633.8
229.95,633.5
229.96,634.9
229.98,644.8
229.99,655.1
230.01,692.0
230.03,758.6
230.04,806.3
230.06,937.6
230.08,1126.0
230.09,1245.0
230.11,1539.0
230.13,1914.0
230.14,2134.0
230.16,2638.0
230.18,3227.0
230.19,3550.0
230.21,4244.0
230.23,4987.0
230.24,5368.0
230.26,6131.0
230.28,6866.0
230.29,7210.0
230.31,7833.0
230.32,8101.0
230.34,8533.0
230.36,8804.0
230.37,8874.0
230.39,8875.0
230.41,8694.0
230.42,8538.0
230.44,8107.0
230.46,7540.0
230.47,7215.0
230.49,6505.0
230.51,5744.0
230.52,5357.0
230.54,4587.0
230.56,3849.0
230.57,3500.0
230.59,2849.0
230.61,2275.0
230.62,2018.0
230.64,1567.0
230.66,1195.0
230.67,1038.0
230.69,773.7
230.7,665.2
230.72,488.8
230.74,358.5
230.75,307.7
230.77,229.4
230.79,175.9
230.8,156.4
230.82,128.5
230.84,111.6
230.85,106.2
230.87,99.64
230.89,96.96
230.9,96.54
230.92,96.79
230.94,97.77
230.95,98.36
230.97,99.49
230.99,100.5
231.0,100.9
231.02,101.6
231.04,102.5
231.05,103.0
231.07,104.4
231.08,105.4
231.1,107.9
231.12,111.5
231.13,113.7
231.15,119.0
231.17,125.3
231.18,128.8
231.2,136.4
231.22,144.5
231.23,148.6
231.25,156.5
231.27,163.8
231.28,167.1
231.3,172.5
231.32,176.2
231.33,177.2
231.35,177.5
231.37,175.5
231.38,173.5
231.4,167.8
231.42,159.8
231.43,155.1
231.45,144.5
231.46,138.7
231.48,126.3
231.5,113.4
231.51,107.0
231.53,94.35
231.55,82.41
231.56,76.83
231.58,66.64
231.6,57.94
231.61,54.2
231.63,48.0
231.65,43.52
231.66,41.93
231.68,40.0
231.7,39.67
231.71,40.08
231.73,41.97
231.75,45.22
231.76,47.33
231.78,52.47
231.79,55.49
231.81,62.42
231.83,70.51
231.84,74.99
231.86,84.8
231.88,95.73
231.89,101.6
231.91,114.1
231.93,127.4
231.94,134.4
231.96,148.5
231.98,162.8
231.99,169.9
232.01,183.5
232.03,195.9
232.04,201.5
232.06,211.2
232.08,218.4
232.09,221.0
232.11,223.8
232.13,223.4
232.14,222.0
232.16,216.8
232.17,213.1
232.19,203.7
232.21,192.0
232.22,185.4
232.24,171.4
232.26,156.5
232.27,149.1
232.29,134.3
232.31,120.5
232.32,114.2
232.34,103.1
232.36,94.8
232.37,91.95
232.39,89.48
232.41,92.26
232.42,96.02
232.44,109.2
232.46,131.5
232.47,146.5
232.49,185.9
232.51,239.3
232.52,271.9
232.54,349.9
232.55,395.8
232.57,501.7
232.59,626.7
232.6,696.1
232.62,847.7
232.64,1014.0
232.65,1101.0
232.67,1279.0
232.69,1458.0
232.7,1545.0
232.72,1710.0
232.74,1857.0
232.75,1921.0
232.77,2026.0
232.79,2096.0
232.8,2118.0
232.82,2134.0
232.84,2115.0
232.85,2094.0
232.87,2032.0
232.88,1994.0
232.9,1909.0
232.92,1824.0
232.93,1784.0
232.95,1721.0
232.97,1688.0
232.98,1687.0
233.0,1721.0
233.02,1813.0
233.03,1882.0
233.05,2070.0
233.07,2326.0
233.08,2480.0
233.1,2838.0
233.12,3256.0
233.13,3486.0
233.15,3978.0
233.17,4502.0
233.18,4771.0
233.2,5310.0
233.22,5831.0
233.23,6078.0
233.25,6531.0
233.26,6731.0
233.28,7065.0
233.3,7296.0
233.31,7368.0
233.33,7418.0
233.35,7341.0
233.36,7255.0
233.38,6992.0
233.4,6620.0
233.41,6398.0
233.43,5898.0
233.45,5342.0
233.46,5052.0
233.48,4464.0
233.5,3888.0
233.51,3612.0
233.53,3098.0
233.55,2648.0
233.56,2452.0
233.58,2123.0
233.6,1884.0
233.61,1798.0
233.63,1696.0
233.64,1678.0
233.66,1703.0
233.68,1803.0
233.69,1876.0
233.71,2063.0
233.73,2288.0
233.74,2410.0
233.76,2661.0
233.78,2906.0
233.79,3022.0
233.81,3227.0
233.83,3387.0
233.84,3446.0
233.86,3518.0
233.88,3524.0
233.89,3502.0
233.91,3412.0
233.93,3264.0
233.94,3173.0
233.96,2963.0
233.98,2732.0
233.99,2614.0
234.01,2387.0
234.02,2282.0
234.04,2104.0
234.06,1985.0
234.07,1954.0
234.09,1963.0
234.11,2080.0
234.12,2185.0
234.14,2498.0
234.16,2958.0
234.17,3247.0
234.19,3944.0
234.21,4799.0
234.22,5283.0
234.24,6357.0
234.26,7548.0
234.27,8178.0
234.29,9480.0
234.31,10800.0
234.32,11440.0
234.34,12680.0
234.35,13260.0
234.37,14280.0
234.39,15100.0
234.4,15420.0
234.42,15850.0
234.44,15990.0
234.45,15960.0
234.47,15670.0
234.49,15130.0
234.5,14770.0
234.52,13910.0
234.54,12920.0
234.55,12390.0
234.57,11310.0
234.59,10250.0
234.6,9742.0
234.62,8823.0
234.64,8055.0
234.65,7738.0
234.67,7251.0
234.69,6967.0
234.7,6899.0
234.72,6903.0
234.73,6969.0
234.75,7206.0
234.77,7550.0
234.78,7748.0
234.8,8165.0
234.82,8570.0
234.83,8752.0
234.85,9052.0
234.87,9236.0
234.88,9276.0
234.9,9241.0
234.92,9048.0
234.93,8894.0
234.95,8476.0
234.97,7932.0
234.98,7620.0
235.0,6938.0
235.02,6206.0
235.03,5831.0
235.05,5084.0
235.07,4363.0
235.08,4019.0
235.1,3377.0
235.11,3082.0
235.13,2548.0
235.15,2092.0
235.16,1893.0
235.18,1551.0
235.2,1277.0
235.21,1164.0
235.23,979.9
235.25,844.9
235.26,793.5
235.28,718.4
235.3,675.4
235.31,664.3
235.33,659.9
235.35,676.1
235.36,690.8
235.38,730.9
235.4,782.4
235.41,811.2
235.43,872.7
235.45,935.7
235.46,966.6
235.48,1025.0
235.49,1051.0
235.51,1096.0
235.53,1129.0
235.54,1141.0
235.56,1155.0
235.58,1158.0
235.59,1156.0
235.61,1148.0
235.63,1139.0
235.64,1137.0
235.66,1141.0
235.68,1165.0
235.69,1187.0
235.71,1258.0
235.73,1371.0
235.74,1447.0
235.76,1639.0
235.78,1892.0
235.79,2042.0
235.81,2389.0
235.82,2587.0
235.84,3026.0
235.86,3517.0
235.87,3778.0
235.89,4324.0
235.91,4885.0
235.92,5165.0
235.94,5711.0
235.96,6220.0
235.97,6453.0
235.99,6865.0
236.01,7188.0
236.02,7311.0
236.04,7475.0
236.06,7524.0
236.07,7505.0
236.09,7383.0
236.11,7156.0
236.12,7007.0
236.14,6651.0
236.16,6235.0
236.17,6010.0
236.19,5545.0
236.2,5309.0
236.22,4847.0
236.24,4415.0
236.25,4217.0
236.27,3863.0
236.29,3580.0
236.3,3468.0
236.32,3308.0
236.34,3234.0
236.35,3230.0
236.37,3285.0
236.39,3420.0
236.4,3514.0
236.42,3751.0
236.44,4041.0
236.45,4202.0
236.47,4547.0
236.49,4913.0
236.5,5099.0
236.52,5471.0
236.54,5835.0
236.55,6011.0
236.57,6348.0
236.58,6507.0
236.6,6806.0
236.62,7074.0
236.63,7197.0
236.65,7415.0
236.67,7595.0
236.68,7669.0
236.7,7784.0
236.72,7848.0
236.73,7860.0
236.75,7838.0
236.77,7753.0
236.78,7687.0
236.8,7503.0
236.82,7256.0
236.83,7109.0
236.85,6775.0
236.87,6396.0
236.88,6192.0
236.9,5767.0
236.92,5331.0
236.93,5113.0
236.95,4689.0
236.96,4487.0
236.98,4113.0
237.0,3792.0
237.01,3656.0
237.03,3444.0
237.05,3322.0
237.06,3300.0
237.08,3340.0
237.1,3503.0
237.11,3634.0
237.13,4001.0
237.15,4510.0
237.16,4818.0
237.18,5538.0
237.2,6388.0
237.21,6856.0
237.23,7863.0
237.25,8937.0
237.26,9487.0
237.28,10590.0
237.29,11120.0
237.31,12140.0
237.33,13050.0
237.34,13440.0
237.36,14090.0
237.38,14520.0
237.39,14650.0
237.41,14720.0
237.43,14540.0
237.44,14360.0
237.46,13840.0
237.48,13120.0
237.49,12700.0
237.51,11750.0
237.53,10720.0
237.54,10180.0
237.56,9082.0
237.58,8000.0
237.59,7474.0
237.61,6471.0
237.63,5553.0
237.64,5130.0
237.66,4365.0
237.67,4024.0
237.69,3428.0
237.71,2945.0
237.72,2745.0
237.74,2425.0
237.76,2208.0
237.77,2137.0
237.79,2064.0
237.81,2085.0
237.82,2130.0
237.84,2290.0
237.86,2549.0
237.87,2717.0
237.89,3142.0
237.91,3698.0
237.92,4031.0
237.94,4824.0
237.96,5809.0
237.97,6382.0
237.99,7709.0
238.01,9296.0
238.02,10190.0
238.04,12200.0
238.05,13310.0
238.07,15740.0
238.09,18420.0
238.1,19840.0
238.12,22780.0
238.14,25800.0
238.15,27300.0
238.17,30220.0
238.19,32920.0
238.2,34140.0
238.22,36270.0
238.24,37870.0
238.25,38450.0
238.27,39110.0
238.29,39080.0
238.3,38800.0
238.32,37750.0
238.34,36080.0
238.35,35040.0
238.37,32610.0
238.39,29820.0
238.4,28330.0
238.42,25250.0
238.43,23690.0
238.45,20600.0
238.47,17630.0
238.48,16210.0
238.5,13580.0
238.52,11220.0
238.53,10160.0
238.55,8284.0
238.57,6724.0
238.58,6062.0
238.6,4959.0
238.62,4135.0
238.63,3820.0
238.65,3368.0
238.67,3133.0
238.68,3089.0
238.7,3134.0
238.72,3336.0
238.73,3489.0
238.75,3881.0
238.76,4115.0
238.78,4639.0
238.8,5214.0
238.81,5510.0
238.83,6100.0
238.85,6657.0
238.86,6914.0
238.88,7364.0
238.9,7706.0
238.91,7830.0
238.93,7974.0
238.95,7972.0
238.96,7916.0
238.98,7697.0
239.0,7348.0
239.01,7130.0
239.03,6624.0
239.05,6045.0
239.06,5737.0
239.08,5105.0
239.1,4472.0
239.11,4163.0
239.13,3575.0
239.14,3301.0
239.16,2803.0
239.18,2384.0
239.19,2207.0
239.21,1927.0
239.23,1751.0
239.24,1707.0
239.26,1709.0
239.28,1847.0
239.29,1972.0
239.31,2342.0
239.33,2890.0
239.34,3237.0
239.36,4086.0
239.38,5154.0
239.39,5773.0
239.41,7180.0
239.43,8805.0
239.44,9692.0
239.46,11590.0
239.48,13620.0
239.49,14670.0
239.51,16760.0
239.52,17800.0
239.54,19780.0
239.56,21570.0
239.57,22370.0
239.59,23720.0
239.61,24690.0
239.62,25010.0
239.64,25330.0
239.66,25210.0
239.67,24980.0
239.69,24240.0
239.71,23160.0
239.72,22510.0
239.74,21070.0
239.76,19500.0
239.77,18700.0
239.79,17120.0
239.81,15630.0
239.82,14930.0
239.84,13660.0
239.86,12590.0
239.87,12130.0
239.89,11340.0
239.9,11010.0
239.92,10470.0
239.94,10040.0
239.95,9849.0
239.97,9507.0
239.99,9174.0
240.0,9001.0
240.02,8624.0
240.04,8194.0
240.05,7957.0
240.07,7441.0
240.09,6877.0
240.1,6583.0
240.12,5986.0
240.14,5399.0
240.15,5118.0
240.17,4601.0
240.19,4169.0
240.2,3993.0
240.22,3738.0
240.23,3665.0
240.25,3641.0
240.27,3792.0
240.28,3937.0
240.3,4372.0
240.32,4999.0
240.33,5384.0
240.35,6288.0
240.37,7357.0
240.38,7945.0
240.4,9208.0
240.42,10550.0
240.43,11240.0
240.45,12620.0
240.47,13950.0
240.48,14580.0
240.5,15740.0
240.52,16740.0
240.53,17150.0
240.55,17810.0
240.57,18220.0
240.58,18320.0
240.6,18330.0
240.61,18240.0
240.63,17880.0
240.65,17300.0
240.66,16930.0
240.68,16080.0
240.7,15110.0
240.71,14590.0
240.73,13500.0
240.75,12400.0
240.76,11860.0
240.78,10800.0
240.8,9821.0
240.81,9372.0
240.83,8569.0
240.85,7920.0
240.86,7659.0
240.88,7275.0
240.9,7086.0
240.91,7066.0
240.93,7173.0
240.95,7467.0
240.96,7679.0
240.98,8214.0
240.99,8530.0
241.01,9234.0
241.03,9995.0
241.04,10380.0
241.06,11140.0
241.08,11840.0
241.09,12160.0
241.11,12680.0
241.13,13060.0
241.14,13180.0
241.16,13290.0
241.18,13210.0
241.19,13110.0
241.21,12790.0
241.23,12320.0
241.24,12040.0
241.26,11410.0
241.28,10720.0
241.29,10350.0
241.31,9608.0
241.33,8861.0
241.34,8491.0
241.36,7769.0
241.37,7418.0
241.39,6740.0
241.41,6096.0
241.42,5787.0
241.44,5193.0
241.46,4632.0
241.47,4364.0
241.49,3851.0
241.51,3370.0
241.52,3142.0
241.54,2713.0
241.56,2322.0
241.57,2141.0
241.59,1810.0
241.61,1522.0
241.62,1393.0
241.64,1167.0
241.66,982.0
241.67,903.6
241.69,772.9
241.7,719.7
241.72,634.3
241.74,572.9
241.75,549.6
241.77,514.7
241.79,491.4
241.8,482.8
241.82,469.2
241.84,457.8
241.85,452.2
241.87,439.8
241.89,424.9
241.9,416.3
241.92,396.5
241.94,373.8
241.95,361.6
241.97,335.9
241.99,309.7
242.0,296.8
242.02,272.5
242.04,251.3
242.05,242.4
242.07,228.8
242.08,224.5
242.1,221.7
242.12,227.6
242.13,234.2
242.15,255.4
242.17,287.9
242.18,308.6
242.2,359.3
242.22,422.5
242.23,458.8
242.25,540.1
242.27,632.5
242.28,682.3
242.3,787.9
242.32,899.2
242.33,955.9
242.35,1069.0
242.37,1179.0
242.38,1231.0
242.4,1328.0
242.42,1410.0
242.43,1445.0
242.45,1499.0
242.46,1518.0
242.48,1538.0
242.5,1535.0
242.51,1525.0
242.53,1488.0
242.55,1431.0
242.56,1397.0
242.58,1318.0
242.6,1230.0
242.61,1184.0
242.63,1092.0
242.65,1004.0
242.66,963.6
242.68,890.3
242.7,831.3
242.71,807.9
242.73,774.7
242.75,760.2
242.76,760.0
242.78,773.3
242.79,786.4
242.81,824.4
242.83,876.1
242.84,906.2
242.86,973.0
242.88,1046.0
242.89,1083.0
242.91,1158.0
242.93,1231.0
242.94,1266.0
242.96,1331.0
242.98,1387.0
242.99,1412.0
243.01,1453.0
243.03,1485.0
243.04,1497.0
243.06,1516.0
243.08,1529.0
243.09,1533.0
243.11,1543.0
243.13,1556.0
243.14,1565.0
243.16,1593.0
243.17,1614.0
243.19,1671.0
243.21,1757.0
243.22,1814.0
243.24,1957.0
243.26,2149.0
243.27,2266.0
243.29,2545.0
243.31,2891.0
243.32,3090.0
243.34,3544.0
243.36,4070.0
243.37,4359.0
243.39,4986.0
243.41,5666.0
243.42,6020.0
243.44,6745.0
243.46,7470.0
243.47,7823.0
243.49,8493.0
243.51,9085.0
243.52,9343.0
243.54,9765.0
243.55,9924.0
243.57,10120.0
243.59,10160.0
243.6,10110.0
243.62,9891.0
243.64,9519.0
243.65,9281.0
243.67,8717.0
243.69,8062.0
243.7,7711.0
243.72,6982.0
243.74,6246.0
243.75,5884.0
243.77,5192.0
243.79,4558.0
243.8,4268.0
243.82,3749.0
243.84,3315.0
243.85,3130.0
243.87,2821.0
243.89,2586.0
243.9,2493.0
243.92,2347.0
243.93,2292.0
243.95,2205.0
243.97,2142.0
243.98,2116.0
244.0,2067.0
244.02,2017.0
244.03,1990.0
244.05,1928.0
244.07,1857.0
244.08,1819.0
244.1,1735.0
244.12,1647.0
244.13,1602.0
244.15,1515.0
244.17,1435.0
244.18,1399.0
244.2,1338.0
244.22,1295.0
244.23,1280.0
244.25,1267.0
244.26,1269.0
244.28,1290.0
244.3,1332.0
244.31,1362.0
244.33,1435.0
244.35,1525.0
244.36,1576.0
244.38,1685.0
244.4,1803.0
244.41,1863.0
244.43,1984.0
244.45,2102.0
244.46,2157.0
244.48,2260.0
244.5,2348.0
244.51,2385.0
244.53,2443.0
244.55,2478.0
244.56,2486.0
244.58,2484.0
244.6,2457.0
244.61,2435.0
244.63,2372.0
244.64,2333.0
244.66,2241.0
244.68,2133.0
244.69,2074.0
244.71,1948.0
244.73,1816.0
244.74,1748.0
244.76,1612.0
244.78,1477.0
244.79,1410.0
244.81,1281.0
244.83,1159.0
244.84,1101.0
244.86,990.5
244.88,889.8
244.89,843.1
244.91,757.1
244.93,680.8
244.94,646.3
244.96,584.2
244.98,530.8
244.99,507.2
245.01,465.5
245.02,447.2
245.04,415.3
245.06,388.9
245.07,377.4
245.09,357.8
245.11,341.9
245.12,335.2
245.14,324.2
245.16,316.4
245.17,313.6
245.19,310.4
245.21,310.5
245.22,311.7
245.24,316.9
245.26,325.4
245.27,330.9
245.29,344.2
245.31,360.1
245.32,368.9
245.34,387.7
245.36,407.3
245.37,417.2
245.39,436.4
245.4,445.6
245.42,462.5
245.44,477.1
245.45,483.4
245.47,494.1
245.49,502.3
245.5,505.6
245.52,511.3
245.54,516.8
245.55,519.8
245.57,527.4
245.59,538.6
245.6,546.0
245.62,565.5
245.64,592.4
245.65,609.0
245.67,648.9
245.69,698.2
245.7,726.3
245.72,789.0
245.73,823.5
245.75,897.5
245.77,977.1
245.78,1018.0
245.8,1102.0
245.82,1185.0
245.83,1226.0
245.85,1304.0
245.87,1377.0
245.88,1411.0
245.9,1473.0
245.92,1528.0
245.93,1553.0
245.95,1598.0
245.97,1639.0
245.98,1659.0
246.0,1699.0
246.02,1742.0
246.03,1766.0
246.05,1818.0
246.07,1880.0
246.08,1914.0
246.1,1991.0
246.11,2033.0
246.13,2125.0
246.15,2223.0
246.16,2274.0
246.18,2377.0
246.2,2478.0
246.21,2526.0
246.23,2615.0
246.25,2691.0
246.26,2723.0
246.28,2774.0
246.3,2805.0
246.31,2813.0
246.33,2813.0
246.35,2795.0
246.36,2779.0
246.38,2736.0
246.4,2680.0
246.41,2649.0
246.43,2581.0
246.45,2509.0
246.46,2473.0
246.48,2400.0
246.49,2364.0
246.51,2295.0
246.53,2229.0
246.54,2197.0
246.56,2136.0
246.58,2077.0
246.59,2048.0
246.61,1990.0
246.63,1931.0
246.64,1901.0
246.66,1839.0
246.68,1774.0
246.69,1740.0
246.71,1671.0
246.73,1600.0
246.74,1564.0
246.76,1491.0
246.78,1421.0
246.79,1386.0
246.81,1321.0
246.83,1262.0
246.84,1236.0
246.86,1189.0
246.87,1170.0
246.89,1139.0
246.91,1119.0
246.92,1114.0
246.94,1112.0
246.96,1123.0
246.97,1133.0
246.99,1162.0
247.01,1202.0
247.02,1227.0
247.04,1286.0
247.06,1356.0
247.07,1395.0
247.09,1483.0
247.11,1583.0
247.12,1637.0
247.14,1753.0
247.16,1880.0
247.17,1946.0
247.19,2083.0
247.2,2153.0
247.22,2294.0
247.24,2432.0
247.25,2498.0
247.27,2621.0
247.29,2728.0
247.3,2774.0
247.32,2846.0
247.34,2890.0
247.35,2900.0
247.37,2897.0
247.39,2861.0
247.4,2831.0
247.42,2750.0
247.44,2641.0
247.45,2578.0
247.47,2437.0
247.49,2283.0
247.5,2202.0
247.52,2037.0
247.54,1871.0
247.55,1790.0
247.57,1632.0
247.58,1557.0
247.6,1417.0
247.62,1291.0
247.63,1235.0
247.65,1136.0
247.67,1057.0
247.68,1026.0
247.7,979.8
247.72,956.8
247.73,954.3
247.75,967.5
247.77,1006.0
247.78,1034.0
247.8,1109.0
247.82,1208.0
247.83,1266.0
247.85,1398.0
247.87,1549.0
247.88,1631.0
247.9,1806.0
247.92,1991.0
247.93,2087.0
247.95,2285.0
247.96,2385.0
247.98,2590.0
248.0,2800.0
248.01,2908.0
248.03,3133.0
248.05,3376.0
248.06,3506.0
248.08,3792.0
248.1,4122.0
248.11,4306.0
248.13,4721.0
248.15,5207.0
248.16,5478.0
248.18,6078.0
248.2,6754.0
248.21,7119.0
248.23,7890.0
248.25,8702.0
248.26,9115.0
248.28,9938.0
248.3,10720.0
248.31,11090.0
248.33,11760.0
248.34,12050.0
248.36,12520.0
248.38,12830.0
248.39,12910.0
248.41,12940.0
248.43,12770.0
248.44,12630.0
248.46,12200.0
248.48,11630.0
248.49,11300.0
248.51,10580.0
248.53,9803.0
248.54,9410.0
248.56,8638.0
248.58,7918.0
248.59,7588.0
248.61,7010.0
248.63,6559.0
248.64,6386.0
248.66,6153.0
248.67,6094.0
248.69,6088.0
248.71,6224.0
248.72,6341.0
248.74,6662.0
248.76,7080.0
248.77,7318.0
248.79,7836.0
248.81,8389.0
248.82,8671.0
248.84,9232.0
248.86,9775.0
248.87,10030.0
248.89,10520.0
248.91,10960.0
248.92,11160.0
248.94,11520.0
248.96,11830.0
248.97,11960.0
248.99,12190.0
249.01,12370.0
249.02,12440.0
249.04,12550.0
249.05,12590.0
249.07,12630.0
249.09,12620.0
249.1,12590.0
249.12,12500.0
249.14,12350.0
249.15,12260.0
249.17,12030.0
249.19,11740.0
249.2,11590.0
249.22,11240.0
249.24,10850.0
249.25,10650.0
249.27,10220.0
249.29,9767.0
249.3,9535.0
249.32,9062.0
249.34,8577.0
249.35,8331.0
249.37,7832.0
249.39,7323.0
249.4,7065.0
249.42,6544.0
249.43,6281.0
249.45,5752.0
249.47,5225.0
249.48,4963.0
249.5,4447.0
249.52,3950.0
249.53,3710.0
249.55,3254.0
249.57,2835.0
249.58,2642.0
249.6,2291.0
249.62,1992.0
249.63,1861.0
249.65,1642.0
249.67,1475.0
249.68,1410.0
249.7,1318.0
249.72,1272.0
249.73,1264.0
249.75,1275.0
249.77,1317.0
249.78,1348.0
249.8,1425.0
249.81,1470.0
249.83,1568.0
249.85,1673.0
249.86,1726.0
249.88,1829.0
249.9,1926.0
249.91,1972.0
249.93,2053.0
249.95,2121.0
249.96,2149.0
249.98,2195.0
250.0,2226.0
250.01,2237.0
250.03,2248.0
250.05,2249.0
250.06,2246.0
250.08,2234.0
250.1,2216.0
250.11,2206.0
250.13,2183.0
250.14,2170.0
250.16,2145.0
250.18,2119.0
250.19,2107.0
250.21,2084.0
250.23,2065.0
250.24,2058.0
250.26,2052.0
250.28,2061.0
250.29,2073.0
250.31,2118.0
250.33,2202.0
250.34,2263.0
250.36,2433.0
250.38,2684.0
250.39,2847.0
250.41,3264.0
250.43,3825.0
250.44,4168.0
250.46,4995.0
250.48,6031.0
250.49,6635.0
250.51,8021.0
250.52,8805.0
250.54,10560.0
250.56,12530.0
250.57,13600.0
250.59,15860.0
250.61,18230.0
250.62,19440.0
250.64,21860.0
250.66,24180.0
250.67,25280.0
250.69,27280.0
250.71,28950.0
250.72,29640.0
250.74,30660.0
250.76,31180.0
250.77,31240.0
250.79,30960.0
250.81,30170.0
250.82,29580.0
250.84,28100.0
250.86,26240.0
250.87,25200.0
250.89,22970.0
250.9,21800.0
250.92,19420.0
250.94,17060.0
250.95,15920.0
250.97,13740.0
250.99,11750.0
251.0,10850.0
251.02,9241.0
251.04,7903.0
251.05,7338.0
251.07,6416.0
251.09,5763.0
251.1,5534.0
251.12,5266.0
251.14,5243.0
251.15,5323.0
251.17,5665.0
251.19,6262.0
251.2,6660.0
251.22,7673.0
251.24,9001.0
251.25,9795.0
251.27,11670.0
251.28,12760.0
251.3,15270.0
251.32,18270.0
251.33,19960.0
251.35,23760.0
251.37,28110.0
251.38,30500.0
251.4,35720.0
251.42,41480.0
251.43,44550.0
251.45,51040.0
251.47,57920.0
251.48,61470.0
251.5,68690.0
251.52,75930.0
251.53,79500.0
251.55,86410.0
251.57,92810.0
251.58,95750.0
251.6,101000.0
251.61,103200.0
251.63,106800.0
251.65,109100.0
251.66,109700.0
251.68,109900.0
251.7,108600.0
251.71,107400.0
251.73,104200.0
251.75,99750.0
251.76,97170.0
251.78,91430.0
251.8,85120.0
251.81,81840.0
251.83,75170.0
251.85,68550.0
251.86,65320.0
251.88,59120.0
251.9,53370.0
251.91,50680.0
251.93,45700.0
251.95,41260.0
251.96,39240.0
251.98,35540.0
251.99,33850.0
252.01,30770.0
252.03,28030.0
252.04,26770.0
252.06,24460.0
252.08,22390.0
252.09,21440.0
252.11,19730.0
252.13,18280.0
252.14,17650.0
252.16,16630.0
252.18,15940.0
252.19,15730.0
252.21,15570.0
252.23,15790.0
252.24,16040.0
252.26,16810.0
252.28,17920.0
252.29,18580.0
252.31,20100.0
252.33,21800.0
252.34,22700.0
252.36,24530.0
252.37,25440.0
252.39,27190.0
252.41,28770.0
252.42,29480.0
252.44,30660.0
252.46,31510.0
252.47,31800.0
252.49,32080.0
252.51,32000.0
252.52,31830.0
252.54,31260.0
252.56,30440.0
252.57,29970.0
252.59,28950.0
252.61,27930.0
252.62,27450.0
252.64,26610.0
252.66,26010.0
252.67,25820.0
252.69,25690.0
252.7,25770.0
252.72,26200.0
252.74,26990.0
252.75,27520.0
252.77,28770.0
252.79,30240.0
252.8,31030.0
252.82,32620.0
252.84,34160.0
252.85,34870.0
252.87,36090.0
252.89,36970.0
252.9,37260.0
252.92,37480.0
252.94,37210.0
252.95,36870.0
252.97,35830.0
252.99,34310.0
253.0,33380.0
253.02,31260.0
253.04,28840.0
253.05,27550.0
253.07,24870.0
253.08,23510.0
253.1,20790.0
253.12,18160.0
253.13,16900.0
253.15,14520.0
253.17,12370.0
253.18,11400.0
253.2,9654.0
253.22,8183.0
253.23,7548.0
253.25,6469.0
253.27,5624.0
253.28,5281.0
253.3,4734.0
253.32,4347.0
253.33,4204.0
253.35,3999.0
253.37,3883.0
253.38,3850.0
253.4,3822.0
253.42,3831.0
253.43,3845.0
253.45,3887.0
253.46,3912.0
253.48,3968.0
253.5,4029.0
253.51,4061.0
253.53,4127.0
253.55,4196.0
253.56,4233.0
253.58,4310.0
253.6,4393.0
253.61,4437.0
253.63,4531.0
253.65,4631.0
253.66,4684.0
253.68,4792.0
253.7,4904.0
253.71,4960.0
253.73,5072.0
253.75,5180.0
253.76,5232.0
253.78,5330.0
253.8,5417.0
253.81,5456.0
253.83,5522.0
253.84,5548.0
253.86,5588.0
253.88,5607.0
253.89,5609.0
253.91,5596.0
253.93,5561.0
253.94,5535.0
253.96,5467.0
253.98,5378.0
253.99,5327.0
254.01,5213.0
254.03,5086.0
254.04,5019.0
254.06,4880.0
254.08,4737.0
254.09,4665.0
254.11,4524.0
254.13,4387.0
254.14,4322.0
254.16,4195.0
254.17,4135.0
254.19,4022.0
254.21,3917.0
254.22,3867.0
254.24,3773.0
254.26,3685.0
254.27,3643.0
254.29,3563.0
254.31,3488.0
254.32,3451.0
254.34,3380.0
254.36,3312.0
254.37,3280.0
254.39,3217.0
254.41,3157.0
254.42,3129.0
254.44,3074.0
254.46,3024.0
254.47,3000.0
254.49,2955.0
254.51,2912.0
254.52,2892.0
254.54,2853.0
254.55,2833.0
254.57,2795.0
254.59,2757.0
254.6,2737.0
254.62,2698.0
254.64,2657.0
254.65,2637.0
254.67,2596.0
254.69,2558.0
254.7,2540.0
254.72,2508.0
254.74,2484.0
254.75,2475.0
254.77,2468.0
254.79,2474.0
254.8,2482.0
254.82,2511.0
254.84,2555.0
254.85,2582.0
254.87,2645.0
254.89,2717.0
254.9,2754.0
254.92,2829.0
254.93,2865.0
254.95,2930.0
254.97,2981.0
254.98,2999.0
255.0,3018.0
255.02,3010.0
255.03,2994.0
255.05,2940.0
255.07,2855.0
255.08,2801.0
255.1,2671.0
255.12,2516.0
255.13,2430.0
255.15,2246.0
255.17,2049.0
255.18,1948.0
255.2,1744.0
255.22,1542.0
255.23,1443.0
255.25,1254.0
255.27,1078.0
255.28,996.6
255.3,846.5
255.31,778.6
255.33,657.2
255.35,555.5
255.36,511.7
255.38,438.0
255.4,381.3
255.41,358.8
255.43,324.4
255.45,302.4
255.46,295.4
255.48,288.2
255.5,288.2
255.51,290.3
255.53,297.8
255.55,308.1
255.56,313.9
255.58,326.0
255.6,337.9
255.61,343.5
255.63,353.5
255.64,357.9
255.66,365.3
255.68,370.7
255.69,372.7
255.71,375.6
255.73,377.5
255.74,378.2
255.76,380.0
255.78,382.9
255.79,385.2
255.81,392.0
255.83,403.3
255.84,411.1
255.86,432.2
255.88,462.2
255.89,481.3
255.91,529.4
255.93,592.9
255.94,631.5
255.96,724.8
255.98,842.7
255.99,912.2
256.01,1075.0
256.02,1169.0
256.04,1387.0
256.06,1645.0
256.07,1790.0
256.09,2114.0
256.11,2483.0
256.12,2684.0
256.14,3115.0
256.16,3581.0
256.17,3824.0
256.19,4323.0
256.21,4828.0
256.22,5078.0
256.24,5562.0
256.26,6011.0
256.27,6216.0
256.29,6579.0
256.31,6863.0
256.32,6973.0
256.34,7120.0
256.36,7166.0
256.37,7150.0
256.39,7044.0
256.4,6955.0
256.42,6712.0
256.44,6393.0
256.45,6210.0
256.47,5809.0
256.49,5377.0
256.5,5156.0
256.52,4716.0
256.54,4294.0
256.55,4095.0
256.57,3729.0
256.59,3415.0
256.6,3280.0
256.62,3055.0
256.64,2893.0
256.65,2835.0
256.67,2761.0
256.69,2738.0
256.7,2743.0
256.72,2778.0
256.74,2838.0
256.75,2873.0
256.77,2948.0
256.78,2985.0
256.8,3050.0
256.82,3097.0
256.83,3111.0
256.85,3117.0
256.87,3091.0
256.88,3065.0
256.9,2987.0
256.92,2878.0
256.93,2812.0
256.95,2661.0
256.97,2489.0
256.98,2397.0
257.0,2206.0
257.02,2011.0
257.03,1914.0
257.05,1726.0
257.07,1549.0
257.08,1466.0
257.1,1316.0
257.11,1250.0
257.13,1136.0
257.15,1052.0
257.16,1022.0
257.18,987.4
257.2,990.8
257.21,1008.0
257.23,1076.0
257.25,1191.0
257.26,1269.0
257.28,1466.0
257.3,1721.0
257.31,1873.0
257.33,2222.0
257.35,2636.0
257.36,2866.0
257.38,3372.0
257.4,3931.0
257.41,4228.0
257.43,4849.0
257.45,5494.0
257.46,5819.0
257.48,6465.0
257.49,6780.0
257.51,7381.0
257.53,7924.0
257.54,8169.0
257.56,8591.0
257.58,8911.0
257.59,9029.0
257.61,9175.0
257.63,9200.0
257.64,9166.0
257.66,9011.0
257.68,8746.0
257.69,8576.0
257.71,8170.0
257.73,7692.0
257.74,7431.0
257.76,6878.0
257.78,6298.0
257.79,6004.0
257.81,5416.0
257.83,4841.0
257.84,4562.0
257.86,4027.0
257.87,3773.0
257.89,3296.0
257.91,2862.0
257.92,2662.0
257.94,2298.0
257.96,1981.0
257.97,1839.0
257.99,1591.0
258.01,1388.0
258.02,1302.0
258.04,1162.0
258.06,1062.0
258.07,1026.0
258.09,982.2
258.11,973.6
258.12,981.7
258.14,1021.0
258.16,1090.0
258.17,1135.0
258.19,1244.0
258.21,1378.0
258.22,1454.0
258.24,1622.0
258.25,1716.0
258.27,1921.0
258.29,2153.0
258.3,2280.0
258.32,2560.0
258.34,2878.0
258.35,3053.0
258.37,3438.0
258.39,3875.0
258.4,4113.0
258.42,4631.0
258.44,5203.0
258.45,5507.0
258.47,6147.0
258.49,6817.0
258.5,7159.0
258.52,7841.0
258.54,8502.0
258.55,8817.0
258.57,9397.0
258.58,9656.0
258.6,10100.0
258.62,10410.0
258.63,10520.0
258.65,10610.0
258.67,10560.0
258.68,10470.0
258.7,10180.0
258.72,9749.0
258.73,9486.0
258.75,8879.0
258.77,8187.0
258.78,7818.0
258.8,7051.0
258.82,6271.0
258.83,5884.0
258.85,5131.0
258.87,4426.0
258.88,4096.0
258.9,3491.0
258.92,2965.0
258.93,2734.0
258.95,2337.0
258.96,2171.0
258.98,1901.0
259.0,1710.0
259.01,1643.0
259.03,1560.0
259.05,1539.0
259.06,1549.0
259.08,1605.0
259.1,1702.0
259.11,1764.0
259.13,1908.0
259.15,2074.0
259.16,2163.0
259.18,2348.0
259.2,2539.0
259.21,2635.0
259.23,2823.0
259.25,3002.0
259.26,3087.0
259.28,3245.0
259.3,3383.0
259.31,3443.0
259.33,3544.0
259.34,3584.0
259.36,3642.0
259.38,3670.0
259.39,3673.0
259.41,3659.0
259.43,3621.0
259.44,3595.0
259.46,3535.0
259.48,3475.0
259.49,3449.0
259.51,3419.0
259.53,3434.0
259.54,3466.0
259.56,3597.0
259.58,3842.0
259.59,4017.0
259.61,4493.0
259.63,5165.0
259.64,5585.0
259.66,6611.0
259.68,7907.0
259.69,8663.0
259.71,10400.0
259.72,11380.0
259.74,13570.0
259.76,16050.0
259.77,17390.0
259.79,20230.0
259.81,23250.0
259.82,24810.0
259.84,27950.0
259.86,31060.0
259.87,32580.0
259.89,35440.0
259.91,38010.0
259.92,39140.0
259.94,41070.0
259.96,42450.0
259.97,42920.0
259.99,43390.0
260.01,43220.0
260.02,42880.0
260.04,41750.0
260.05,40970.0
260.07,38990.0
260.09,36540.0
260.1,35170.0
260.12,32220.0
260.14,29060.0
260.15,27440.0
260.17,24190.0
260.19,20990.0
260.2,19450.0
260.22,16500.0
260.24,13800.0
260.25,12550.0
260.27,10290.0
260.29,8331.0
260.3,7472.0
260.32,5985.0
260.34,4793.0
260.35,4302.0
260.37,3514.0
260.39,2964.0
260.4,2771.0
260.42,2531.0
260.43,2480.0
260.45,2499.0
260.47,2668.0
260.48,2802.0
260.5,3161.0
260.52,3628.0
260.53,3898.0
260.55,4498.0
260.57,5168.0
260.58,5523.0
260.6,6260.0
260.62,7015.0
260.63,7392.0
260.65,8128.0
260.67,8819.0
260.68,9140.0
260.7,9716.0
260.72,10190.0
260.73,10380.0
260.75,10650.0
260.77,10790.0
260.78,10800.0
260.8,10730.0
260.81,10640.0
260.83,10370.0
260.85,9999.0
260.86,9785.0
260.88,9316.0
260.9,8827.0
260.91,8586.0
260.93,8135.0
260.95,7756.0
260.96,7605.0
260.98,7397.0
261.0,7335.0
261.01,7365.0
261.03,7552.0
261.05,7911.0
261.06,8153.0
261.08,8756.0
261.1,9497.0
261.11,9911.0
261.13,10800.0
261.15,11750.0
261.16,12240.0
261.18,13190.0
261.19,13650.0
261.21,14510.0
261.23,15260.0
261.24,15590.0
261.26,16120.0
261.28,16470.0
261.29,16580.0
261.31,16640.0
261.33,16520.0
261.34,16390.0
261.36,15990.0
261.38,15440.0
261.39,15120.0
261.41,14380.0
261.43,13540.0
261.44,13100.0
261.46,12180.0
261.48,11240.0
261.49,10770.0
261.51,9849.0
261.52,9401.0
261.54,8546.0
261.56,7758.0
261.57,7394.0
261.59,6733.0
261.61,6167.0
261.62,5922.0
261.64,5505.0
261.66,5184.0
261.67,5057.0
261.69,4866.0
261.71,4747.0
261.72,4710.0
261.74,4670.0
261.76,4662.0
261.77,4665.0
261.79,4675.0
261.81,4676.0
261.82,4670.0
261.84,4638.0
261.86,4575.0
261.87,4530.0
261.89,4414.0
261.9,4343.0
261.92,4179.0
261.94,3990.0
261.95,3889.0
261.97,3679.0
261.99,3466.0
262.0,3361.0
262.02,3160.0
262.04,2976.0
262.05,2892.0
262.07,2742.0
262.09,2617.0
262.1,2565.0
262.12,2478.0
262.14,2412.0
262.15,2387.0
262.17,2349.0
262.19,2324.0
262.2,2315.0
262.22,2305.0
262.24,2304.0
262.25,2306.0
262.27,2318.0
262.28,2328.0
262.3,2360.0
262.32,2411.0
262.33,2446.0
262.35,2536.0
262.37,2660.0
262.38,2736.0
262.4,2918.0
262.42,3143.0
262.43,3271.0
262.45,3560.0
262.47,3887.0
262.48,4063.0
262.5,4435.0
262.52,4825.0
262.53,5024.0
262.55,5420.0
262.57,5807.0
262.58,5993.0
262.6,6344.0
262.62,6660.0
262.63,6804.0
262.65,7060.0
262.66,7172.0
262.68,7367.0
262.7,7526.0
262.71,7595.0
262.73,7718.0
262.75,7829.0
262.76,7885.0
262.78,8005.0
262.8,8149.0
262.81,8234.0
262.83,8442.0
262.85,8709.0
262.86,8870.0
262.88,9252.0
262.9,9725.0
262.91,9998.0
262.93,10620.0
262.95,11350.0
262.96,11750.0
262.98,12620.0
262.99,13090.0
263.01,14080.0
263.03,15130.0
263.04,15660.0
263.06,16720.0
263.08,17740.0
263.09,18230.0
263.11,19100.0
263.13,19830.0
263.14,20120.0
263.16,20540.0
263.18,20710.0
263.19,20700.0
263.21,20470.0
263.23,19970.0
263.24,19620.0
263.26,18740.0
263.28,17630.0
263.29,17010.0
263.31,15660.0
263.33,14210.0
263.34,13450.0
263.36,11930.0
263.37,11170.0
263.39,9685.0
263.41,8273.0
263.42,7604.0
263.44,6355.0
263.46,5238.0
263.47,4731.0
263.49,3823.0
263.51,3053.0
263.52,2718.0
263.54,2141.0
263.56,1676.0
263.57,1481.0
263.59,1158.0
263.61,911.4
263.62,811.9
263.64,652.9
263.66,537.4
263.67,492.7
263.69,423.9
263.71,376.2
263.72,358.4
263.74,331.7
263.75,321.8
263.77,306.9
263.79,296.5
263.8,292.5
263.82,285.7
263.84,280.0
263.85,277.4
263.87,272.4
263.89,267.3
263.9,264.8
263.92,259.6
263.94,254.4
263.95,251.8
263.97,246.6
263.99,241.6
264.0,239.1
264.02,234.5
264.04,230.2
264.05,228.2
264.07,224.5
264.08,222.8
264.1,219.7
264.12,217.1
264.13,215.9
264.15,213.7
264.17,211.9
264.18,211.1
264.2,209.7
264.22,208.5
264.23,208.0
264.25,207.2
264.27,206.6
264.28,206.4
264.3,206.1
264.32,206.1
264.33,206.2
264.35,206.5
264.37,206.9
264.38,207.1
264.4,207.5
264.42,207.8
264.43,207.8
264.45,207.6
264.46,207.3
264.48,206.3
264.5,204.6
264.51,203.5
264.53,200.7
264.55,197.0
264.56,194.8
264.58,189.9
264.6,184.1
264.61,181.0
264.63,174.2
264.65,166.9
264.66,163.1
264.68,155.1
264.7,147.0
264.71,142.9
264.73,134.7
264.75,126.8
264.76,123.0
264.78,115.7
264.8,109.2
264.81,106.3
264.83,101.5
264.84,99.59
264.86,97.06
264.88,96.55
264.89,97.18
264.91,100.5
264.93,106.9
264.94,111.5
264.96,123.6
264.98,140.1
264.99,150.3
265.01,174.4
265.03,204.2
265.04,221.2
265.06,259.8
265.08,304.1
265.09,328.4
265.11,380.9
265.13,437.7
265.14,467.5
265.16,528.6
265.18,590.5
265.19,621.1
265.21,680.5
265.22,708.7
265.24,760.6
265.26,804.9
265.27,823.6
265.29,853.0
265.31,870.7
265.32,874.9
265.34,873.9
265.36,860.3
265.37,849.0
265.39,818.1
265.41,777.5
265.42,754.1
265.44,702.4
265.46,646.1
265.47,616.9
265.49,557.9
265.51,499.8
265.52,471.5
265.54,417.9
265.55,392.7
265.57,346.4
265.59,306.2
265.6,288.5
265.62,258.3
265.64,234.9
265.65,225.9
265.67,213.2
265.69,207.8
265.7,207.9
265.72,214.0
265.74,228.2
265.75,238.5
265.77,266.2
265.79,303.7
265.8,326.4
265.82,380.1
265.84,445.4
265.85,482.4
265.87,565.1
265.89,658.9
265.9,709.6
265.92,817.8
265.93,874.6
265.95,992.1
265.97,1112.0
265.98,1172.0
266.0,1288.0
266.02,1397.0
266.03,1447.0
266.05,1536.0
266.07,1608.0
266.08,1636.0
266.1,1676.0
266.12,1693.0
266.13,1693.0
266.15,1675.0
266.17,1635.0
266.18,1608.0
266.2,1542.0
266.22,1462.0
266.23,1419.0
266.25,1328.0
266.27,1237.0
266.28,1192.0
266.3,1106.0
266.31,1067.0
266.33,996.2
266.35,938.6
266.36,915.2
266.38,879.7
266.4,859.1
266.41,854.1
266.43,854.1
266.45,865.6
266.46,875.0
266.48,899.4
266.5,929.2
266.51,945.2
266.53,978.1
266.55,1010.0
266.56,1025.0
266.58,1051.0
266.6,1071.0
266.61,1079.0
266.63,1088.0
266.65,1088.0
266.66,1085.0
266.68,1072.0
266.69,1062.0
266.71,1035.0
266.73,1000.0
266.74,979.4
266.76,932.8
266.78,879.9
266.79,851.5
266.81,791.6
266.83,728.6
266.84,696.4
266.86,631.7
266.88,567.5
266.89,536.0
266.91,475.1
266.93,417.6
266.94,390.4
266.96,339.7
266.98,294.0
266.99,273.1
267.01,235.4
267.02,218.6
267.04,188.8
267.06,164.0
267.07,153.3
267.09,135.0
267.11,120.6
267.12,114.7
267.14,105.0
267.16,97.88
267.17,95.13
267.19,90.94
267.21,88.17
267.22,87.2
267.24,85.87
267.26,85.09
267.27,84.82
267.29,84.38
267.31,83.89
267.32,83.58
267.34,82.75
267.36,81.55
267.37,80.8
267.39,78.99
267.4,77.92
267.42,75.5
267.44,72.74
267.45,71.26
267.47,68.17
267.49,65.01
267.5,63.44
267.52,60.44
267.54,57.74
267.55,56.56
267.57,54.64
267.59,53.45
267.6,53.2
267.62,53.47
267.64,54.93
267.65,56.17
267.67,59.75
267.69,64.92
267.7,68.13
267.72,75.86
267.74,85.33
267.75,90.72
267.77,102.7
267.78,109.3
267.8,123.4
267.82,138.6
267.83,146.5
267.85,162.5
267.87,178.5
267.88,186.3
267.9,201.2
267.92,214.7
267.93,220.8
267.95,231.3
267.97,239.2
267.98,242.1
268.0,245.8
268.02,246.5
268.03,245.7
268.05,242.1
268.07,235.9
268.08,232.1
268.1,223.0
268.12,212.6
268.13,207.2
268.15,196.2
268.16,190.8
268.18,180.8
268.2,172.2
268.21,168.6
268.23,163.3
268.25,160.9
268.26,160.9
268.28,163.4
268.3,169.4
268.31,173.7
268.33,184.9
268.35,199.3
268.36,207.5
268.38,225.6
268.4,245.5
268.41,255.8
268.43,276.6
268.45,296.9
268.46,306.5
268.48,324.2
268.49,332.1
268.51,345.2
268.53,354.4
268.54,357.4
268.56,359.9
268.58,357.7
268.59,354.9
268.61,346.1
268.63,333.4
268.64,325.9
268.66,308.7
268.68,289.8
268.69,279.9
268.71,259.8
268.73,240.3
268.74,230.9
268.76,213.6
268.78,198.5
268.79,191.9
268.81,180.9
268.83,172.9
268.84,170.0
268.86,166.5
268.87,165.8
268.89,166.3
268.91,169.3
268.92,171.5
268.94,177.5
268.96,185.2
268.97,189.7
268.99,199.8
269.01,211.3
269.02,217.7
269.04,231.6
269.06,247.2
269.07,255.6
269.09,273.9
269.11,294.1
269.12,304.8
269.14,327.5
269.16,351.4
269.17,363.8
269.19,388.7
269.21,413.3
269.22,425.2
269.24,447.6
269.25,457.8
269.27,475.8
269.29,489.5
269.3,494.6
269.32,500.6
269.34,500.8
269.35,498.7
269.37,489.8
269.39,475.1
269.4,465.7
269.42,443.3
269.44,416.7
269.45,402.2
269.47,371.5
269.49,339.3
269.5,323.1
269.52,290.9
269.54,260.0
269.55,245.3
269.57,217.7
269.59,193.2
269.6,182.2
269.62,162.8
269.63,154.4
269.65,140.2
269.67,129.4
269.68,125.2
269.7,118.9
269.72,115.1
269.73,114.0
269.75,113.2
269.77,113.9
269.78,114.7
269.8,116.9
269.82,119.6
269.83,121.1
269.85,124.2
269.87,127.3
269.88,128.9
269.9,131.8
269.92,134.7
269.93,136.0
269.95,138.8
269.96,140.1
269.98,143.0
270.0,146.3
270.01,148.1
270.03,152.2
270.05,157.2
270.06,160.1
270.08,166.9
270.1,175.1
270.11,179.8
270.13,190.5
270.15,203.1
270.16,210.1
270.18,225.8
270.2,243.5
270.21,253.2
270.23,274.0
270.25,296.8
270.26,308.8
270.28,334.0
270.3,360.4
270.31,373.9
270.33,401.3
270.34,415.0
270.36,442.2
270.38,468.3
270.39,480.9
270.41,504.5
270.43,525.7
270.44,535.2
270.46,551.9
270.48,565.3
270.49,570.7
270.51,578.7
270.53,583.4
270.54,584.5
270.56,584.4
270.58,581.6
270.59,579.4
270.61,573.5
270.63,566.0
270.64,561.9
270.66,553.0
270.68,543.8
270.69,539.1
270.71,530.0
270.72,525.5
270.74,517.1
270.76,509.3
270.77,505.7
270.79,499.2
270.81,493.7
270.82,491.3
270.84,487.4
270.86,484.6
270.87,483.7
270.89,482.9
270.91,483.5
270.92,484.4
270.94,487.5
270.96,492.5
270.97,495.9
270.99,504.3
271.01,515.5
271.02,522.2
271.04,538.3
271.06,558.1
271.07,569.6
271.09,596.2
271.1,611.3
271.12,645.8
271.14,686.4
271.15,709.2
271.17,760.0
271.19,818.5
271.2,850.7
271.22,921.5
271.24,1001.0
271.25,1044.0
271.27,1136.0
271.29,1237.0
271.3,1289.0
271.32,1400.0
271.34,1514.0
271.35,1573.0
271.37,1689.0
271.39,1803.0
271.4,1859.0
271.42,1963.0
271.43,2011.0
271.45,2098.0
271.47,2168.0
271.48,2197.0
271.5,2241.0
271.52,2266.0
271.53,2272.0
271.55,2270.0
271.57,2252.0
271.58,2239.0
271.6,2207.0
271.62,2171.0
271.63,2154.0
271.65,2125.0
271.67,2107.0
271.68,2104.0
271.7,2115.0
271.72,2151.0
271.73,2180.0
271.75,2259.0
271.77,2368.0
271.78,2433.0
271.8,2584.0
271.81,2668.0
271.83,2852.0
271.85,3050.0
271.86,3153.0
271.88,3359.0
271.9,3559.0
271.91,3655.0
271.93,3832.0
271.95,3985.0
271.96,4049.0
271.98,4153.0
272.0,4219.0
272.01,4236.0
272.03,4242.0
272.05,4207.0
272.06,4175.0
272.08,4084.0
272.1,3959.0
272.11,3886.0
272.13,3722.0
272.15,3538.0
272.16,3441.0
272.18,3238.0
272.19,3134.0
272.21,2926.0
272.23,2720.0
272.24,2619.0
272.26,2426.0
272.28,2245.0
272.29,2161.0
272.31,2005.0
272.33,1870.0
272.34,1810.0
272.36,1708.0
272.38,1630.0
272.39,1601.0
272.41,1564.0
272.43,1555.0
272.44,1563.0
272.46,1603.0
272.48,1678.0
272.49,1730.0
272.51,1865.0
272.52,1948.0
272.54,2148.0
272.56,2396.0
272.57,2537.0
272.59,2856.0
272.61,3221.0
272.62,3420.0
272.64,3847.0
272.66,4305.0
272.67,4543.0
272.69,5029.0
272.71,5516.0
272.72,5755.0
272.74,6213.0
272.76,6630.0
272.77,6819.0
272.79,7145.0
272.81,7392.0
272.82,7482.0
272.84,7591.0
272.86,7602.0
272.87,7570.0
272.89,7433.0
272.9,7329.0
272.92,7059.0
272.94,6714.0
272.95,6518.0
272.97,6088.0
272.99,5624.0
273.0,5383.0
273.02,4897.0
273.04,4417.0
273.05,4182.0
273.07,3734.0
273.09,3319.0
273.1,3126.0
273.12,2774.0
273.14,2468.0
273.15,2332.0
273.17,2095.0
273.19,1901.0
273.2,1820.0
273.22,1687.0
273.24,1588.0
273.25,1550.0
273.27,1495.0
273.28,1476.0
273.3,1455.0
273.32,1451.0
273.33,1455.0
273.35,1471.0
273.37,1498.0
273.38,1515.0
273.4,1554.0
273.42,1600.0
273.43,1626.0
273.45,1682.0
273.47,1747.0
273.48,1783.0
273.5,1863.0
273.52,1956.0
273.53,2007.0
273.55,2123.0
273.57,2258.0
273.58,2333.0
273.6,2501.0
273.62,2696.0
273.63,2804.0
273.65,3043.0
273.66,3175.0
273.68,3466.0
273.7,3795.0
273.71,3974.0
273.73,4364.0
273.75,4797.0
273.76,5029.0
273.78,5526.0
273.8,6062.0
273.81,6344.0
273.83,6930.0
273.85,7538.0
273.86,7848.0
273.88,8467.0
273.9,9075.0
273.91,9370.0
273.93,9927.0
273.95,10430.0
273.96,10650.0
273.98,11040.0
273.99,11190.0
274.01,11430.0
274.03,11550.0
274.04,11580.0
274.06,11540.0
274.08,11400.0
274.09,11290.0
274.11,11020.0
274.13,10670.0
274.14,10490.0
274.16,10080.0
274.18,9660.0
274.19,9450.0
274.21,9041.0
274.23,8660.0
274.24,8483.0
274.26,8164.0
274.28,7895.0
274.29,7780.0
274.31,7590.0
274.33,7452.0
274.34,7402.0
274.36,7338.0
274.37,7324.0
274.39,7332.0
274.41,7387.0
274.42,7434.0
274.44,7566.0
274.46,7754.0
274.47,7871.0
274.49,8154.0
274.51,8508.0
274.52,8711.0
274.54,9175.0
274.56,9712.0
274.57,10010.0
274.59,10650.0
274.61,11340.0
274.62,11710.0
274.64,12460.0
274.66,13240.0
274.67,13630.0
274.69,14400.0
274.71,15160.0
274.72,15520.0
274.74,16220.0
274.75,16550.0
274.77,17150.0
274.79,17700.0
274.8,17940.0
274.82,18370.0
274.84,18720.0
274.85,18860.0
274.87,19080.0
274.89,19200.0
274.9,19230.0
274.92,19200.0
274.94,19060.0
274.95,18950.0
274.97,18630.0
274.99,18190.0
275.0,17920.0
275.02,17300.0
275.04,16560.0
275.05,16140.0
275.07,15240.0
275.09,14260.0
275.1,13750.0
275.12,12690.0
275.13,12150.0
275.15,11070.0
275.17,10010.0
275.18,9493.0
275.2,8518.0
275.22,7631.0
275.23,7227.0
275.25,6510.0
275.27,5928.0
275.28,5692.0
275.3,5332.0
275.32,5128.0
275.33,5086.0
275.35,5118.0
275.37,5302.0
275.38,5450.0
275.4,5848.0
275.42,6373.0
275.43,6678.0
275.45,7359.0
275.46,7731.0
275.48,8518.0
275.5,9342.0
275.51,9758.0
275.53,10580.0
275.55,11350.0
275.56,11720.0
275.58,12370.0
275.6,12900.0
275.61,13110.0
275.63,13410.0
275.65,13540.0
275.66,13530.0
275.68,13390.0
275.7,13070.0
275.71,12840.0
275.73,12270.0
275.75,11570.0
275.76,11170.0
275.78,10310.0
275.8,9383.0
275.81,8905.0
275.83,7937.0
275.84,7455.0
275.86,6511.0
275.88,5612.0
275.89,5185.0
275.91,4386.0
275.93,3668.0
275.94,3342.0
275.96,2755.0
275.98,2258.0
275.99,2041.0
276.01,1668.0
276.03,1370.0
276.04,1247.0
276.06,1045.0
276.08,896.0
276.09,838.4
276.11,751.5
276.13,695.2
276.14,676.1
276.16,651.6
276.18,640.4
276.19,638.1
276.21,637.1
276.22,637.4
276.24,638.0
276.26,636.4
276.27,634.3
276.29,626.7
276.31,614.2
276.32,606.3
276.34,587.2
276.36,564.7
276.37,552.6
276.39,527.8
276.41,503.5
276.42,492.2
276.44,472.4
276.46,458.0
276.47,453.4
276.49,450.5
276.51,457.2
276.52,464.6
276.54,487.9
276.56,523.1
276.57,545.3
276.59,598.5
276.6,629.4
276.62,699.2
276.64,778.4
276.65,820.9
276.67,910.3
276.69,1003.0
276.7,1050.0
276.72,1143.0
276.74,1232.0
276.75,1274.0
276.77,1351.0
276.79,1417.0
276.8,1444.0
276.82,1488.0
276.84,1516.0
276.85,1524.0
276.87,1526.0
276.89,1512.0
276.9,1498.0
276.92,1460.0
276.93,1435.0
276.95,1377.0
276.97,1308.0
276.98,1271.0
277.0,1191.0
277.02,1106.0
277.03,1063.0
277.05,977.0
277.07,891.9
277.08,850.4
277.1,770.2
277.12,695.0
277.13,659.6
277.15,593.6
277.17,534.3
277.18,507.4
277.2,458.9
277.22,418.0
277.23,400.4
277.25,371.0
277.27,349.8
277.28,342.3
277.3,334.1
277.31,333.6
277.33,340.3
277.35,358.5
277.36,372.3
277.38,410.5
277.4,464.4
277.41,497.8
277.43,578.9
277.45,680.8
277.46,740.2
277.48,876.8
277.5,1039.0
277.51,1130.0
277.53,1332.0
277.55,1563.0
277.56,1689.0
277.58,1962.0
277.6,2263.0
277.61,2424.0
277.63,2767.0
277.65,3136.0
277.66,3331.0
277.68,3740.0
277.69,3955.0
277.71,4402.0
277.73,4876.0
277.74,5122.0
277.76,5633.0
277.78,6169.0
277.79,6446.0
277.81,7016.0
277.83,7606.0
277.84,7906.0
277.86,8514.0
277.88,9125.0
277.89,9429.0
277.91,10030.0
277.93,10600.0
277.94,10870.0
277.96,11380.0
277.98,11820.0
277.99,12020.0
278.01,12350.0
278.03,12590.0
278.04,12670.0
278.06,12760.0
278.07,12760.0
278.09,12690.0
278.11,12510.0
278.12,12390.0
278.14,12070.0
278.16,11680.0
278.17,11460.0
278.19,10970.0
278.21,10440.0
278.22,10160.0
278.24,9587.0
278.26,9004.0
278.27,8712.0
278.29,8134.0
278.31,7567.0
278.32,7290.0
278.34,6751.0
278.36,6233.0
278.37,5983.0
278.39,5500.0
278.4,5267.0
278.42,4817.0
278.44,4390.0
278.45,4185.0
278.47,3791.0
278.49,3419.0
278.5,3243.0
278.52,2908.0
278.54,2600.0
278.55,2456.0
278.57,2192.0
278.59,1959.0
278.6,1855.0
278.62,1673.0
278.64,1527.0
278.65,1468.0
278.67,1378.0
278.69,1325.0
278.7,1312.0
278.72,1316.0
278.74,1357.0
278.75,1391.0
278.77,1488.0
278.78,1551.0
278.8,1704.0
278.82,1895.0
278.83,2005.0
278.85,2254.0
278.87,2541.0
278.88,2700.0
278.9,3047.0
278.92,3435.0
278.93,3644.0
278.95,4097.0
278.97,4597.0
278.98,4867.0
279.0,5455.0
279.02,6122.0
279.03,6493.0
279.05,7337.0
279.07,8362.0
279.08,8965.0
279.1,10420.0
279.12,12300.0
279.13,13450.0
279.15,16300.0
279.16,18060.0
279.18,22400.0
279.2,28120.0
279.21,31610.0
279.23,40080.0
279.25,50900.0
279.26,57320.0
279.28,72490.0
279.3,91110.0
279.31,101800.0
279.33,126300.0
279.35,155000.0
279.36,171000.0
279.38,206100.0
279.4,245400.0
279.41,266500.0
279.43,311100.0
279.45,358200.0
279.46,382400.0
279.48,431400.0
279.5,479900.0
279.51,503600.0
279.53,548500.0
279.54,569500.0
279.56,607400.0
279.58,638800.0
279.59,651600.0
279.61,671000.0
279.63,681300.0
279.64,682800.0
279.66,678900.0
279.68,665500.0
279.69,655500.0
279.71,629400.0
279.73,596000.0
279.74,577000.0
279.76,535400.0
279.78,490100.0
279.79,466700.0
279.81,419000.0
279.83,371700.0
279.84,348500.0
279.86,304000.0
279.87,283000.0
279.89,243700.0
279.91,208900.0
279.92,193300.0
279.94,166000.0
279.96,144000.0
279.97,135100.0
279.99,121200.0
280.01,112600.0
280.02,110300.0
280.04,109300.0
280.06,113000.0
280.07,116500.0
280.09,126600.0
280.11,140400.0
280.12,148600.0
280.14,166900.0
280.16,187400.0
280.17,198200.0
280.19,220600.0
280.21,243200.0
280.22,254300.0
280.24,275700.0
280.25,285700.0
280.27,303700.0
280.29,318700.0
280.3,324800.0
280.32,333800.0
280.34,338400.0
280.35,338900.0
280.37,336400.0
280.39,329300.0
280.4,324000.0
280.42,310500.0
280.44,293400.0
280.45,283600.0
280.47,262300.0
280.49,239200.0
280.5,227300.0
280.52,202900.0
280.54,178600.0
280.55,166700.0
280.57,143600.0
280.59,122100.0
280.6,111900.0
280.62,93120.0
280.63,84490.0
280.65,68830.0
280.67,55300.0
280.68,49310.0
280.7,38810.0
280.72,30130.0
280.73,26410.0
280.75,20100.0
280.77,15110.0
280.78,13040.0
280.8,9632.0
280.82,7045.0
280.83,6007.0
280.85,4349.0
280.87,3144.0
280.88,2677.0
280.9,1957.0
280.92,1461.0
280.93,1278.0
280.95,1010.0
280.97,844.5
280.98,790.4
281.0,726.2
281.01,712.0
281.03,711.7
281.05,741.8
281.06,766.6
281.08,833.2
281.1,921.4
281.11,973.5
281.13,1094.0
281.15,1236.0
281.16,1316.0
281.18,1493.0
281.2,1694.0
281.21,1803.0
281.23,2038.0
281.25,2293.0
281.26,2427.0
281.28,2705.0
281.3,2992.0
281.31,3136.0
281.33,3421.0
281.34,3560.0
281.36,3825.0
281.38,4065.0
281.39,4173.0
281.41,4358.0
281.43,4497.0
281.44,4548.0
281.46,4608.0
281.48,4610.0
281.49,4590.0
281.51,4506.0
281.53,4369.0
281.54,4281.0
281.56,4073.0
281.58,3826.0
281.59,3691.0
281.61,3404.0
281.63,3101.0
281.64,2947.0
281.66,2638.0
281.68,2335.0
281.69,2188.0
281.71,1906.0
281.72,1773.0
281.74,1522.0
281.76,1296.0
281.77,1192.0
281.79,1004.0
281.81,840.5
281.82,767.6
281.84,638.7
281.86,530.3
281.87,483.1
281.89,401.2
281.91,334.0
281.92,305.2
281.94,256.1
281.96,216.5
281.97,199.8
281.99,171.6
282.01,149.4
282.02,140.3
282.04,125.3
282.06,114.3
282.07,110.1
282.09,103.9
282.1,101.9
282.12,99.78
282.14,100.0
282.15,100.9
282.17,104.2
282.19,109.3
282.2,112.5
282.22,119.9
282.24,128.5
282.25,133.2
282.27,143.3
282.29,154.0
282.3,159.5
282.32,170.8
282.34,182.0
282.35,187.6
282.37,198.6
282.39,209.1
282.4,214.1
282.42,223.7
282.44,232.6
282.45,236.8
282.47,244.6
282.48,248.2
282.5,254.9
282.52,260.8
282.53,263.6
282.55,268.6
282.57,273.0
282.58,275.0
282.6,278.7
282.62,282.0
282.63,283.5
282.65,286.3
282.67,288.8
282.68,289.9
282.7,292.1
282.72,294.0
282.73,295.0
282.75,296.7
282.77,298.3
282.78,299.0
282.8,300.5
282.81,301.3
282.83,302.8
282.85,304.4
282.86,305.3
282.88,307.5
282.9,310.3
282.91,312.0
282.93,316.2
282.95,321.8
282.96,325.3
282.98,333.7
283.0,344.2
283.01,350.4
283.03,364.8
283.05,381.7
283.06,391.1
283.08,411.7
283.1,434.4
283.11,446.4
283.13,471.3
283.15,496.7
283.16,509.3
283.18,533.7
283.19,545.4
283.21,566.9
283.23,585.4
283.24,593.2
283.26,605.7
283.28,613.5
283.29,615.7
283.31,616.2
283.33,612.1
283.34,608.3
283.36,597.8
283.38,583.8
283.39,575.8
283.41,558.1
283.43,539.1
283.44,529.3
283.46,509.8
283.48,490.8
283.49,481.6
283.51,464.4
283.53,448.7
283.54,441.5
283.56,428.3
283.57,422.3
283.59,411.4
283.61,401.8
283.62,397.4
283.64,389.2
283.66,381.6
283.67,378.0
283.69,371.1
283.71,364.6
283.72,361.5
283.74,355.8
283.76,350.7
283.77,348.5
283.79,345.0
283.81,342.8
283.82,342.4
283.84,342.8
283.86,345.3
283.87,347.4
283.89,353.1
283.9,356.8
283.92,365.7
283.94,376.7
283.95,382.8
283.97,396.1
283.99,410.6
284.0,418.2
284.02,433.6
284.04,449.1
284.05,456.7
284.07,471.4
284.09,485.1
284.1,491.6
284.12,503.4
284.14,513.9
284.15,518.5
284.17,526.8
284.19,533.8
284.2,536.8
284.22,542.2
284.24,546.9
284.25,549.0
284.27,553.0
284.28,554.9
284.3,558.7
284.32,562.6
284.33,564.5
284.35,568.6
284.37,572.8
284.38,575.0
284.4,579.3
284.42,583.5
284.43,585.6
284.45,589.8
284.47,594.1
284.48,596.3
284.5,601.0
284.52,606.7
284.53,610.1
284.55,618.5
284.57,630.2
284.58,637.8
284.6,657.6
284.62,685.9
284.63,704.4
284.65,752.6
284.66,783.9
284.68,865.2
284.7,979.5
284.71,1053.0
284.73,1241.0
284.75,1502.0
284.76,1666.0
284.78,2083.0
284.8,2646.0
284.81,2996.0
284.83,3861.0
284.85,4997.0
284.86,5686.0
284.88,7350.0
284.9,9458.0
284.91,10700.0
284.93,13620.0
284.95,17190.0
284.96,19230.0
284.98,23880.0
285.0,29310.0
285.01,32330.0
285.03,38980.0
285.04,42590.0
285.06,50380.0
285.08,58820.0
285.09,63250.0
285.11,72400.0
285.13,81780.0
285.14,86480.0
285.16,95740.0
285.18,104600.0
285.19,108700.0
285.21,116400.0
285.23,122800.0
285.24,125600.0
285.26,129900.0
285.28,132500.0
285.29,133200.0
285.31,133200.0
285.33,131300.0
285.34,129700.0
285.36,125300.0
285.37,122600.0
285.39,116000.0
285.41,108300.0
285.42,104100.0
285.44,95250.0
285.46,85950.0
285.47,81230.0
285.49,71820.0
285.51,62640.0
285.52,58200.0
285.54,49750.0
285.56,41950.0
285.57,38330.0
285.59,31690.0
285.61,25850.0
285.62,23240.0
285.64,18600.0
285.66,14700.0
285.67,13010.0
285.69,10100.0
285.71,7762.0
285.72,6778.0
285.74,5135.0
285.75,4458.0
285.77,3345.0
285.79,2502.0
285.8,2164.0
285.82,1624.0
285.84,1227.0
285.85,1072.0
285.87,828.5
285.89,653.6
285.9,585.8
285.92,479.5
285.94,402.6
285.95,372.1
285.97,322.9
285.99,285.1
286.0,269.4
286.02,242.4
286.04,220.1
286.05,210.2
286.07,192.8
286.09,178.0
286.1,171.4
286.12,159.9
286.13,155.0
286.15,146.4
286.17,139.7
286.18,137.0
286.2,132.7
286.22,129.8
286.23,128.7
286.25,127.3
286.27,126.6
286.28,126.4
286.3,126.2
286.32,126.0
286.33,125.9
286.35,125.3
286.37,124.4
286.38,123.7
286.4,122.0
286.42,119.8
286.43,118.5
286.45,115.5
286.47,112.2
286.48,110.4
286.5,106.8
286.51,105.0
286.53,101.6
286.55,98.33
286.56,96.87
286.58,94.35
286.6,92.47
286.61,91.81
286.63,91.09
286.65,91.24
286.66,91.65
286.68,93.15
286.7,95.56
286.71,97.09
286.73,100.8
286.75,105.2
286.76,107.6
286.78,113.0
286.8,118.8
286.81,121.9
286.83,128.2
286.84,131.4
286.86,137.8
286.88,144.2
286.89,147.3
286.91,153.4
286.93,159.3
286.94,162.1
286.96,167.5
286.98,172.6
286.99,175.1
287.01,180.0
287.03,184.8
287.04,187.3
287.06,192.3
287.08,197.6
287.09,200.4
287.11,206.3
287.13,212.9
287.14,216.4
287.16,223.9
287.18,232.1
287.19,236.5
287.21,245.5
287.22,250.2
287.24,259.7
287.26,269.3
287.27,274.0
287.29,283.2
287.31,291.9
287.32,295.9
287.34,303.2
287.36,309.4
287.37,312.0
287.39,316.2
287.41,319.0
287.42,320.0
287.44,320.9
287.46,320.9
287.47,320.7
287.49,320.0
287.51,319.5
287.52,319.6
287.54,321.1
287.56,325.4
287.57,329.2
287.59,341.3
287.6,350.2
287.62,376.1
287.64,416.3
287.65,443.5
287.67,516.1
287.69,620.4
287.7,687.7
287.72,860.5
287.74,1097.0
287.75,1245.0
287.77,1612.0
287.79,2095.0
287.8,2389.0
287.82,3096.0
287.84,3991.0
287.85,4519.0
287.87,5754.0
287.89,7254.0
287.9,8112.0
287.92,10060.0
287.94,12330.0
287.95,13580.0
287.97,16340.0
287.98,17840.0
288.0,21050.0
288.02,24530.0
288.03,26350.0
288.05,30100.0
288.07,33940.0
288.08,35860.0
288.1,39630.0
288.12,43230.0
288.13,44920.0
288.15,48020.0
288.17,50660.0
288.18,51780.0
288.2,53540.0
288.22,54630.0
288.23,54900.0
288.25,54910.0
288.27,54190.0
288.28,53560.0
288.3,51810.0
288.31,50700.0
288.33,48070.0
288.35,44970.0
288.36,43280.0
288.38,39690.0
288.4,35920.0
288.41,34010.0
288.43,30170.0
288.45,26420.0
288.46,24600.0
288.48,21130.0
288.5,17910.0
288.51,16410.0
288.53,13640.0
288.55,11200.0
288.56,10100.0
288.58,8135.0
288.6,6476.0
288.61,5753.0
288.63,4501.0
288.65,3485.0
288.66,3055.0
288.68,2332.0
288.69,2031.0
288.71,1535.0
288.73,1155.0
288.74,1002.0
288.76,756.0
288.78,575.0
288.79,504.0
288.81,393.2
288.83,314.9
288.84,285.2
288.86,240.2
288.88,209.9
288.89,198.8
288.91,182.6
288.93,172.3
288.94,168.6
288.96,163.4
288.98,160.1
288.99,158.9
289.01,157.1
289.03,155.7
289.04,155.1
289.06,153.9
289.07,153.3
289.09,152.2
289.11,151.1
289.12,150.6
289.14,149.8
289.16,149.2
289.17,149.0
289.19,149.1
289.21,149.6
289.22,150.1
289.24,151.5
289.26,153.6
289.27,154.9
289.29,158.0
289.31,161.7
289.32,163.8
289.34,168.4
289.36,173.4
289.37,176.0
289.39,181.3
289.41,186.5
289.42,189.1
289.44,194.0
289.45,196.2
289.47,200.1
289.49,203.2
289.5,204.4
289.52,205.9
289.54,206.2
289.55,205.9
289.57,204.3
289.59,201.5
289.6,199.6
289.62,195.1
289.64,189.6
289.65,186.5
289.67,179.9
289.69,172.9
289.7,169.3
289.72,162.1
289.74,155.0
289.75,151.5
289.77,145.0
289.78,141.9
289.8,136.2
289.82,131.1
289.83,128.9
289.85,125.0
289.87,121.8
289.88,120.5
289.9,118.3
289.92,116.8
289.93,116.2
289.95,115.4
289.97,115.0
289.98,114.9
290.0,115.0
290.02,115.3
290.03,115.5
290.05,116.0
290.07,116.6
290.08,117.0
290.1,117.9
290.12,119.0
290.13,119.7
290.15,121.5
290.16,122.6
290.18,125.5
290.2,129.7
290.21,132.4
290.23,139.3
290.25,149.0
290.26,155.2
290.28,170.7
290.3,191.6
290.31,204.4
290.33,235.7
290.35,275.9
290.36,299.8
290.38,356.1
290.4,425.2
290.41,464.9
290.43,555.5
290.45,661.5
290.46,720.4
290.48,850.0
290.5,994.6
290.51,1072.0
290.53,1236.0
290.54,1323.0
290.56,1500.0
290.58,1682.0
290.59,1773.0
290.61,1953.0
290.63,2124.0
290.64,2205.0
290.66,2353.0
290.68,2479.0
290.69,2533.0
290.71,2618.0
290.73,2672.0
290.74,2686.0
290.76,2688.0
290.78,2657.0
290.79,2628.0
290.81,2547.0
290.83,2438.0
290.84,2374.0
290.86,2229.0
290.88,2067.0
290.89,1981.0
290.91,1804.0
290.92,1714.0
290.94,1533.0
290.96,1356.0
290.97,1270.0
290.99,1105.0
291.01,953.2
291.02,882.4
291.04,752.2
291.06,637.6
291.07,586.3
291.09,495.2
291.11,419.0
291.12,386.2
291.14,330.2
291.16,285.8
291.17,267.6
291.19,238.0
291.21,216.3
291.22,208.1
291.24,196.0
291.25,191.9
291.27,186.9
291.29,185.6
291.3,186.2
291.32,189.2
291.34,194.6
291.35,198.1
291.37,206.3
291.39,216.2
291.4,221.7
291.42,233.6
291.44,246.5
291.45,253.3
291.47,267.3
291.49,281.6
291.5,288.7
291.52,302.7
291.54,316.0
291.55,322.3
291.57,333.8
291.59,343.7
291.6,348.0
291.62,354.9
291.63,357.6
291.65,361.2
291.67,362.5
291.68,362.3
291.7,360.2
291.72,356.1
291.73,353.3
291.75,346.4
291.77,338.0
291.78,333.3
291.8,323.0
291.82,311.9
291.83,306.0
291.85,293.9
291.87,281.4
291.88,275.1
291.9,262.3
291.92,249.6
291.93,243.3
291.95,231.0
291.97,219.1
291.98,213.4
292.0,202.5
292.01,197.4
292.03,188.0
292.05,179.8
292.06,176.2
292.08,170.3
292.1,166.0
292.11,164.5
292.13,163.0
292.15,163.4
292.16,164.4
292.18,167.9
292.2,173.3
292.21,176.7
292.23,184.8
292.25,194.6
292.26,200.1
292.28,212.0
292.3,225.1
292.31,232.1
292.33,246.7
292.34,254.3
292.36,270.3
292.38,287.1
292.39,295.9
292.41,314.3
292.43,334.0
292.44,344.4
292.46,366.8
292.48,391.5
292.49,404.9
292.51,434.1
292.53,467.0
292.54,485.0
292.56,524.4
292.58,568.7
292.59,592.8
292.61,645.0
292.63,702.7
292.64,733.5
292.66,799.0
292.68,869.3
292.69,905.9
292.71,981.9
292.72,1021.0
292.74,1100.0
292.76,1179.0
292.77,1218.0
292.79,1295.0
292.81,1367.0
292.82,1400.0
292.84,1462.0
292.86,1514.0
292.87,1535.0
292.89,1569.0
292.91,1590.0
292.92,1595.0
292.94,1593.0
292.96,1577.0
292.97,1563.0
292.99,1525.0
293.01,1473.0
293.02,1443.0
293.04,1376.0
293.06,1300.0
293.07,1260.0
293.09,1177.0
293.1,1135.0
293.12,1050.0
293.14,968.3
293.15,928.7
293.17,854.2
293.19,787.1
293.2,756.8
293.22,703.7
293.24,661.2
293.25,644.2
293.27,619.2
293.29,606.5
293.3,605.0
293.32,611.8
293.34,632.1
293.35,647.5
293.37,689.0
293.39,745.5
293.4,779.5
293.42,859.2
293.44,955.0
293.45,1009.0
293.47,1129.0
293.48,1194.0
293.5,1337.0
293.52,1493.0
293.53,1575.0
293.55,1747.0
293.57,1924.0
293.58,2015.0
293.6,2194.0
293.62,2369.0
293.63,2454.0
293.65,2612.0
293.67,2753.0
293.68,2815.0
293.7,2922.0
293.72,3001.0
293.73,3029.0
293.75,3062.0
293.77,3063.0
293.78,3052.0
293.8,3007.0
293.81,2973.0
293.83,2886.0
293.85,2775.0
293.86,2712.0
293.88,2574.0
293.9,2422.0
293.91,2343.0
293.93,2181.0
293.95,2017.0
293.96,1936.0
293.98,1776.0
294.0,1623.0
294.01,1549.0
294.03,1409.0
294.05,1279.0
294.06,1218.0
294.08,1106.0
294.1,1005.0
294.11,958.6
294.13,874.2
294.15,800.2
294.16,766.9
294.18,707.3
294.19,680.7
294.21,633.6
294.23,594.0
294.24,576.7
294.26,546.8
294.28,522.7
294.29,512.5
294.31,495.9
294.33,483.5
294.34,478.8
294.36,472.2
294.38,469.0
294.39,468.6
294.41,470.0
294.43,474.5
294.44,477.8
294.46,486.7
294.48,498.8
294.49,506.2
294.51,523.5
294.53,544.9
294.54,557.1
294.56,585.2
294.57,601.1
294.59,637.0
294.61,678.3
294.62,701.2
294.64,751.2
294.66,806.9
294.67,836.7
294.69,900.1
294.71,967.5
294.72,1002.0
294.74,1074.0
294.76,1145.0
294.77,1181.0
294.79,1250.0
294.81,1315.0
294.82,1346.0
294.84,1401.0
294.86,1446.0
294.87,1465.0
294.89,1494.0
294.91,1510.0
294.92,1513.0
294.94,1509.0
294.95,1502.0
294.97,1477.0
294.99,1441.0
295.0,1418.0
295.02,1366.0
295.04,1305.0
295.05,1272.0
295.07,1203.0
295.09,1132.0
295.1,1096.0
295.12,1026.0
295.14,959.0
295.15,927.9
295.17,870.8
295.19,822.1
295.2,801.2
295.22,766.9
295.24,742.8
295.25,734.5
295.27,725.2
295.28,724.0
295.3,727.7
295.32,738.4
295.33,745.8
295.35,763.8
295.37,784.2
295.38,794.7
295.4,815.2
295.42,833.6
295.43,841.6
295.45,854.1
295.47,861.2
295.48,862.6
295.5,860.7
295.52,852.6
295.53,846.2
295.55,829.3
295.57,807.4
295.58,794.8
295.6,767.0
295.62,736.7
295.63,720.9
295.65,688.7
295.66,672.6
295.68,640.7
295.7,609.9
295.71,595.2
295.73,567.2
295.75,541.3
295.76,529.3
295.78,507.0
295.8,486.8
295.81,477.5
295.83,460.3
295.85,444.7
295.86,437.4
295.88,423.5
295.9,410.4
295.91,404.1
295.93,391.6
295.95,379.3
295.96,373.1
295.98,360.5
296.0,347.7
296.01,341.1
296.03,327.6
296.04,320.8
296.06,306.8
296.08,292.5
296.09,285.3
296.11,271.1
296.13,257.1
296.14,250.3
296.16,237.6
296.18,226.1
296.19,221.0
296.21,212.5
296.23,206.7
296.24,205.0
296.26,204.4
296.28,208.1
296.29,211.7
296.31,222.8
296.33,239.7
296.34,250.5
296.36,276.9
296.38,310.2
296.39,329.5
296.41,373.5
296.42,398.3
296.44,453.3
296.46,515.3
296.47,548.9
296.49,620.7
296.51,698.1
296.52,738.7
296.54,822.7
296.56,909.4
296.57,953.3
296.59,1041.0
296.61,1127.0
296.62,1169.0
296.64,1249.0
296.66,1323.0
296.67,1357.0
296.69,1417.0
296.71,1467.0
296.72,1487.0
296.74,1518.0
296.75,1529.0
296.77,1540.0
296.79,1538.0
296.8,1533.0
296.82,1512.0
296.84,1481.0
296.85,1462.0
296.87,1418.0
296.89,1368.0
296.9,1341.0
296.92,1286.0
296.94,1230.0
296.95,1203.0
296.97,1150.0
296.99,1101.0
297.0,1078.0
297.02,1037.0
297.04,1004.0
297.05,989.7
297.07,967.6
297.09,953.6
297.1,949.7
297.12,947.6
297.13,949.3
297.15,958.1
297.17,973.3
297.18,982.9
297.2,1006.0
297.22,1032.0
297.23,1046.0
297.25,1075.0
297.27,1103.0
297.28,1117.0
297.3,1141.0
297.32,1161.0
297.33,1169.0
297.35,1179.0
297.37,1181.0
297.38,1178.0
297.4,1166.0
297.42,1144.0
297.43,1129.0
297.45,1092.0
297.47,1045.0
297.48,1019.0
297.5,961.1
297.51,929.8
297.53,863.3
297.55,793.2
297.56,757.4
297.58,685.2
297.6,613.8
297.61,578.8
297.63,511.3
297.65,448.0
297.66,418.2
297.68,362.7
297.7,313.3
297.71,291.0
297.73,251.1
297.75,217.6
297.76,203.2
297.78,179.0
297.8,160.6
297.81,153.5
297.83,143.1
297.85,137.5
297.86,136.4
297.88,137.5
297.89,139.5
297.91,146.5
297.93,157.3
297.94,164.1
297.96,180.5
297.98,200.5
297.99,212.0
298.01,238.0
298.03,268.2
298.04,285.0
298.06,322.2
298.08,364.6
298.09,387.8
298.11,438.6
298.13,495.5
298.14,526.3
298.16,593.1
298.18,666.6
298.19,706.0
298.21,789.8
298.22,834.2
298.24,927.7
298.26,1027.0
298.27,1079.0
298.29,1185.0
298.31,1295.0
298.32,1350.0
298.34,1462.0
298.36,1572.0
298.37,1627.0
298.39,1732.0
298.41,1832.0
298.42,1879.0
298.44,1966.0
298.46,2042.0
298.47,2076.0
298.49,2134.0
298.51,2178.0
298.52,2195.0
298.54,2218.0
298.56,2226.0
298.57,2225.0
298.59,2214.0
298.6,2203.0
298.62,2173.0
298.64,2132.0
298.65,2108.0
298.67,2054.0
298.69,1993.0
298.7,1960.0
298.72,1890.0
298.74,1816.0
298.75,1778.0
298.77,1700.0
298.79,1620.0
298.8,1579.0
298.82,1497.0
298.84,1413.0
298.85,1372.0
298.87,1287.0
298.89,1203.0
298.9,1161.0
298.92,1078.0
298.94,995.7
298.95,955.3
298.97,876.3
298.98,837.9
299.0,763.9
299.02,694.3
299.03,661.4
299.05,599.9
299.07,544.9
299.08,520.1
299.1,476.3
299.12,440.7
299.13,426.2
299.15,404.1
299.17,391.4
299.18,388.6
299.2,390.5
299.22,402.1
299.23,411.5
299.25,437.3
299.27,472.1
299.28,492.6
299.3,539.2
299.32,592.5
299.33,621.1
299.35,681.7
299.36,713.1
299.38,777.0
299.4,840.8
299.41,872.1
299.43,932.0
299.45,986.8
299.46,1012.0
299.48,1056.0
299.5,1091.0
299.51,1105.0
299.53,1124.0
299.55,1133.0
299.56,1134.0
299.58,1127.0
299.6,1112.0
299.61,1101.0
299.63,1073.0
299.65,1041.0
299.66,1023.0
299.68,985.7
299.69,966.9
299.71,930.3
299.73,896.7
299.74,881.7
299.76,856.2
299.78,838.3
299.79,832.6
299.81,828.2
299.83,833.9
299.84,840.6
299.86,862.1
299.88,893.8
299.89,913.3
299.91,959.4
299.93,1014.0
299.94,1043.0
299.96,1107.0
299.98,1175.0
299.99,1210.0
300.01,1281.0
300.03,1350.0
300.04,1384.0
300.06,1448.0
300.07,1477.0
300.09,1531.0
300.11,1576.0
300.12,1594.0
300.14,1623.0
300.16,1639.0
300.17,1643.0
300.19,1640.0
300.21,1625.0
300.22,1613.0
300.24,1580.0
300.26,1535.0
300.27,1510.0
300.29,1452.0
300.31,1387.0
300.32,1352.0
300.34,1280.0
300.36,1206.0
300.37,1169.0
300.39,1095.0
300.41,1024.0
300.42,989.9
300.44,926.5
300.45,897.4
300.47,845.0
300.49,801.5
300.5,783.4
300.52,754.9
300.54,737.0
300.55,732.0
300.57,730.0
300.59,738.3
300.6,746.0
300.62,768.2
300.64,798.3
300.65,815.9
300.67,855.2
300.69,898.6
300.7,921.3
300.72,967.5
300.74,1013.0
300.75,1036.0
300.77,1078.0
300.79,1115.0
300.8,1132.0
300.82,1160.0
300.83,1171.0
300.85,1188.0
300.87,1195.0
300.88,1196.0
300.9,1190.0
300.92,1175.0
300.93,1164.0
300.95,1137.0
300.97,1101.0
300.98,1081.0
301.0,1035.0
301.02,983.7
301.03,956.3
301.05,898.8
301.07,838.5
301.08,807.7
301.1,745.5
301.12,683.1
301.13,652.2
301.15,591.6
301.16,562.0
301.18,504.7
301.2,450.5
301.21,424.7
301.23,375.9
301.25,331.1
301.26,310.2
301.28,271.7
301.3,237.4
301.31,221.9
301.33,194.0
301.35,170.3
301.36,160.0
301.38,142.3
301.4,128.5
301.41,123.0
301.43,114.9
301.45,110.4
301.46,109.5
301.48,110.3
301.5,114.8
301.51,118.4
301.53,128.5
301.54,134.9
301.56,150.9
301.58,171.3
301.59,183.3
301.61,211.2
301.63,244.9
301.64,264.3
301.66,308.8
301.68,361.8
301.69,392.0
301.71,460.8
301.73,542.3
301.74,588.5
301.76,692.7
301.78,814.5
301.79,882.6
301.81,1034.0
301.83,1208.0
301.84,1303.0
301.86,1511.0
301.88,1741.0
301.89,1865.0
301.91,2127.0
301.92,2265.0
301.94,2553.0
301.96,2852.0
301.97,3004.0
301.99,3310.0
302.01,3610.0
302.02,3756.0
302.04,4035.0
302.06,4288.0
302.07,4403.0
302.09,4605.0
302.11,4763.0
302.12,4824.0
302.14,4908.0
302.16,4938.0
302.17,4933.0
302.19,4881.0
302.21,4778.0
302.22,4708.0
302.24,4534.0
302.25,4432.0
302.27,4202.0
302.29,3945.0
302.3,3809.0
302.32,3527.0
302.34,3239.0
302.35,3095.0
302.37,2812.0
302.39,2542.0
302.4,2414.0
302.42,2171.0
302.44,1953.0
302.45,1852.0
302.47,1671.0
302.49,1516.0
302.5,1447.0
302.52,1327.0
302.54,1228.0
302.55,1186.0
302.57,1113.0
302.59,1054.0
302.6,1028.0
302.62,983.3
302.63,963.2
302.65,926.2
302.67,891.6
302.68,874.7
302.7,840.7
302.72,806.0
302.73,788.1
302.75,751.4
302.77,713.4
302.78,694.0
302.8,655.1
302.82,616.4
302.83,597.4
302.85,560.6
302.87,525.9
302.88,509.5
302.9,479.2
302.92,452.1
302.93,439.9
302.95,418.1
302.97,399.6
302.98,391.6
303.0,377.5
303.01,371.4
303.03,360.6
303.05,351.2
303.06,346.9
303.08,338.5
303.1,330.2
303.11,325.8
303.13,316.6
303.15,306.5
303.16,301.0
303.18,289.2
303.2,276.2
303.21,269.3
303.23,254.9
303.25,239.8
303.26,232.2
303.28,216.9
303.3,201.9
303.31,194.7
303.33,181.2
303.35,169.2
303.36,163.9
303.38,155.1
303.39,151.7
303.41,147.2
303.43,146.0
303.44,146.8
303.46,151.3
303.48,159.9
303.49,165.8
303.51,180.8
303.53,200.3
303.54,211.6
303.56,237.3
303.58,266.8
303.59,282.9
303.61,317.2
303.63,353.8
303.64,372.8
303.66,411.3
303.68,449.9
303.69,468.9
303.71,505.5
303.72,522.9
303.74,555.1
303.76,583.1
303.77,595.2
303.79,615.4
303.81,629.6
303.82,634.3
303.84,639.0
303.86,637.3
303.87,634.2
303.89,623.6
303.91,607.8
303.92,598.3
303.94,576.3
303.96,551.3
303.97,538.0
303.99,510.6
304.01,482.6
304.02,468.8
304.04,441.7
304.06,416.2
304.07,404.2
304.09,381.8
304.1,371.5
304.12,352.7
304.14,336.4
304.15,329.1
304.17,316.1
304.19,305.1
304.2,300.2
304.22,291.3
304.24,283.6
304.25,280.0
304.27,273.4
304.29,267.3
304.3,264.5
304.32,259.1
304.34,254.4
304.35,252.3
304.37,249.1
304.39,247.3
304.4,247.1
304.42,248.6
304.44,252.9
304.45,256.3
304.47,266.0
304.48,272.4
304.5,288.8
304.52,310.1
304.53,322.8
304.55,352.0
304.57,386.6
304.58,405.8
304.6,447.7
304.62,493.8
304.63,518.2
304.65,569.0
304.67,621.3
304.68,647.6
304.7,699.6
304.72,749.5
304.73,773.0
304.75,816.6
304.77,853.9
304.78,869.8
304.8,895.4
304.82,911.8
304.83,916.3
304.85,917.8
304.86,914.7
304.88,900.9
304.9,877.3
304.91,862.1
304.93,825.4
304.95,781.4
304.96,757.1
304.98,704.7
305.0,648.7
305.01,619.9
305.03,561.4
305.05,503.0
305.06,474.3
305.08,418.6
305.1,366.0
305.11,341.2
305.13,294.6
305.15,252.8
305.16,233.7
305.18,199.4
305.19,184.1
305.21,157.2
305.23,135.2
305.24,125.9
305.26,110.6
305.28,99.38
305.29,95.25
305.31,89.73
305.33,87.71
305.34,87.95
305.36,90.89
305.38,97.04
305.39,101.3
305.41,112.4
305.43,126.9
305.44,135.4
305.46,155.4
305.48,179.4
305.49,192.9
305.51,223.3
305.53,258.2
305.54,277.5
305.56,319.5
305.57,342.4
305.59,391.7
305.61,445.5
305.62,474.1
305.64,534.3
305.66,597.9
305.67,630.8
305.69,698.1
305.71,766.7
305.72,801.1
305.74,869.4
305.76,935.8
305.77,967.8
305.79,1029.0
305.81,1084.0
305.82,1110.0
305.84,1155.0
305.86,1191.0
305.87,1206.0
305.89,1228.0
305.91,1240.0
305.92,1242.0
305.94,1237.0
305.95,1231.0
305.97,1210.0
305.99,1179.0
306.0,1160.0
306.02,1116.0
306.04,1064.0
306.05,1035.0
306.07,974.3
306.09,909.1
306.1,875.4
306.12,806.8
306.14,737.9
306.15,703.8
306.17,637.0
306.19,573.3
306.2,543.0
306.22,485.9
306.24,434.4
306.25,411.0
306.27,369.1
306.29,334.3
306.3,319.7
306.32,296.1
306.33,287.3
306.35,275.5
306.37,271.6
306.38,272.6
306.4,280.5
306.42,296.1
306.43,306.7
306.45,333.2
306.47,366.4
306.48,385.4
306.5,427.6
306.52,474.7
306.53,499.8
306.55,552.4
306.57,607.0
306.58,634.7
306.6,689.7
306.62,743.2
306.63,768.8
306.65,817.0
306.66,839.2
306.68,878.7
306.7,911.0
306.71,924.1
306.73,943.6
306.75,953.9
306.76,955.5
306.78,951.6
306.8,938.7
306.81,929.1
306.83,904.0
306.85,872.2
306.86,854.2
306.88,815.2
306.9,773.4
306.91,752.1
306.93,709.6
306.95,668.8
306.96,649.6
306.98,614.7
307.0,585.3
307.01,573.2
307.03,554.6
307.04,548.3
307.06,542.2
307.08,545.0
307.09,549.8
307.11,565.9
307.13,590.6
307.14,606.0
307.16,642.4
307.18,685.6
307.19,709.5
307.21,761.2
307.23,817.2
307.24,846.4
307.26,906.7
307.28,968.5
307.29,999.7
307.31,1062.0
307.33,1124.0
307.34,1154.0
307.36,1213.0
307.38,1269.0
307.39,1297.0
307.41,1348.0
307.42,1373.0
307.44,1419.0
307.46,1462.0
307.47,1481.0
307.49,1517.0
307.51,1549.0
307.52,1563.0
307.54,1588.0
307.56,1610.0
307.57,1619.0
307.59,1636.0
307.61,1651.0
307.62,1658.0
307.64,1671.0
307.66,1685.0
307.67,1692.0
307.69,1710.0
307.71,1734.0
307.72,1748.0
307.74,1783.0
307.76,1830.0
307.77,1858.0
307.79,1927.0
307.8,1969.0
307.82,2069.0
307.84,2194.0
307.85,2268.0
307.87,2439.0
307.89,2648.0
307.9,2767.0
307.92,3039.0
307.94,3359.0
307.95,3538.0
307.97,3938.0
307.99,4392.0
308.0,4640.0
308.02,5178.0
308.04,5769.0
308.05,6082.0
308.07,6740.0
308.09,7432.0
308.1,7786.0
308.12,8503.0
308.13,8862.0
308.15,9567.0
308.17,10240.0
308.18,10560.0
308.2,11150.0
308.22,11660.0
308.23,11880.0
308.25,12230.0
308.27,12460.0
308.28,12530.0
308.3,12570.0
308.32,12470.0
308.33,12370.0
308.35,12070.0
308.37,11650.0
308.38,11400.0
308.4,10830.0
308.42,10170.0
308.43,9819.0
308.45,9080.0
308.47,8313.0
308.48,7926.0
308.5,7155.0
308.51,6777.0
308.53,6046.0
308.55,5359.0
308.56,5037.0
308.58,4440.0
308.6,3913.0
308.61,3676.0
308.63,3259.0
308.65,2916.0
308.66,2772.0
308.68,2535.0
308.7,2364.0
308.71,2302.0
308.73,2218.0
308.75,2186.0
308.76,2188.0
308.78,2223.0
308.8,2299.0
308.81,2351.0
308.83,2484.0
308.85,2656.0
308.86,2757.0
308.88,2995.0
308.89,3133.0
308.91,3452.0
308.93,3837.0
308.94,4058.0
308.96,4563.0
308.98,5164.0
308.99,5504.0
309.01,6271.0
309.03,7159.0
309.04,7652.0
309.06,8734.0
309.08,9946.0
309.09,10600.0
309.11,11990.0
309.13,13490.0
309.14,14270.0
309.16,15870.0
309.18,17510.0
309.19,18340.0
309.21,19960.0
309.23,21510.0
309.24,22250.0
309.26,23620.0
309.27,24240.0
309.29,25330.0
309.31,26190.0
309.32,26520.0
309.34,26970.0
309.36,27140.0
309.37,27110.0
309.39,26840.0
309.41,26290.0
309.42,25910.0
309.44,24970.0
309.46,23820.0
309.47,23170.0
309.49,21770.0
309.51,20260.0
309.52,19470.0
309.54,17870.0
309.56,16270.0
309.57,15480.0
309.59,13940.0
309.6,13200.0
309.62,11780.0
309.64,10470.0
309.65,9864.0
309.67,8737.0
309.69,7734.0
309.7,7278.0
309.72,6455.0
309.74,5742.0
309.75,5423.0
309.77,4854.0
309.79,4367.0
309.8,4149.0
309.82,3760.0
309.84,3422.0
309.85,3270.0
309.87,2992.0
309.89,2744.0
309.9,2630.0
309.92,2417.0
309.94,2223.0
309.95,2132.0
309.97,1960.0
309.98,1880.0
310.0,1728.0
310.02,1588.0
310.03,1523.0
310.05,1400.0
310.07,1288.0
310.08,1236.0
310.1,1140.0
310.12,1053.0
310.13,1013.0
310.15,938.5
310.17,872.3
310.18,841.9
310.2,786.5
310.22,737.6
310.23,715.4
310.25,675.4
310.27,641.0
310.28,625.7
310.3,599.0
310.32,577.1
310.33,567.8
310.35,552.5
310.36,546.4
310.38,537.0
310.4,530.9
310.41,529.0
310.43,527.1
310.45,527.1
310.46,527.7
310.48,529.5
310.5,531.7
310.51,532.8
310.53,534.4
310.55,534.9
310.56,534.5
310.58,532.2
310.6,527.7
310.61,524.5
310.63,516.0
310.65,504.7
310.66,498.0
310.68,482.5
310.7,464.5
310.71,454.6
310.73,433.3
310.74,421.9
310.76,398.1
310.78,373.2
310.79,360.5
310.81,335.0
310.83,309.7
310.84,297.2
310.86,273.2
310.88,250.4
310.89,239.7
310.91,219.6
310.93,201.7
310.94,193.6
310.96,179.1
310.98,166.9
310.99,161.7
311.01,152.8
311.03,146.1
311.04,143.4
311.06,139.2
311.07,137.7
311.09,135.5
311.11,134.3
311.12,133.9
311.14,133.5
311.16,133.3
311.17,133.2
311.19,132.8
311.21,132.0
311.22,131.4
311.24,129.8
311.26,127.7
311.27,126.3
311.29,123.3
311.31,119.7
311.32,117.7
311.34,113.5
311.36,109.1
311.37,106.9
311.39,102.5
311.41,98.4
311.42,96.49
311.44,93.07
311.45,91.61
311.47,89.27
311.49,87.81
311.5,87.45
311.52,87.53
311.54,88.7
311.55,89.72
311.57,92.61
311.59,96.62
311.6,99.05
311.62,104.7
311.64,111.3
311.65,114.9
311.67,122.7
311.69,131.2
311.7,135.7
311.72,144.8
311.74,154.2
311.75,159.0
311.77,168.4
311.79,177.7
311.8,182.2
311.82,190.8
311.83,194.9
311.85,202.5
311.87,209.3
311.88,212.3
311.9,217.6
311.92,221.8
311.93,223.4
311.95,225.7
311.97,226.7
311.98,226.7
312.0,225.7
312.02,223.4
312.03,221.7
312.05,217.5
312.07,212.0
312.08,208.8
312.1,201.7
312.12,193.7
312.13,189.4
312.15,180.3
312.16,175.5
312.18,165.7
312.2,155.6
312.21,150.5
312.23,140.4
312.25,130.5
312.26,125.7
312.28,116.5
312.3,107.8
312.31,103.8
312.33,96.24
312.35,89.59
312.36,86.62
312.38,81.41
312.4,77.19
312.41,75.46
312.43,72.76
312.45,71.07
312.46,70.6
312.48,70.43
312.5,71.28
312.51,72.09
312.53,74.57
312.54,76.25
312.56,80.62
312.58,86.53
312.59,90.17
312.61,99.1
312.63,110.7
312.64,117.8
312.66,134.9
312.68,156.9
312.69,170.1
312.71,202.0
312.73,242.4
312.74,266.4
312.76,323.1
312.78,393.3
312.79,434.1
312.81,528.6
312.83,642.1
312.84,706.5
312.86,852.0
312.88,1021.0
312.89,1114.0
312.91,1319.0
312.92,1431.0
312.94,1672.0
312.96,1936.0
312.97,2075.0
312.99,2365.0
313.01,2669.0
313.02,2824.0
313.04,3136.0
313.06,3445.0
313.07,3596.0
313.09,3887.0
313.11,4155.0
313.12,4277.0
313.14,4497.0
313.16,4675.0
313.17,4747.0
313.19,4853.0
313.21,4907.0
313.22,4913.0
313.24,4884.0
313.26,4802.0
313.27,4741.0
313.29,4583.0
313.3,4488.0
313.32,4266.0
313.34,4011.0
313.35,3873.0
313.37,3581.0
313.39,3275.0
313.4,3119.0
313.42,2806.0
313.44,2498.0
313.45,2347.0
313.47,2056.0
313.49,1782.0
313.5,1653.0
313.52,1411.0
313.54,1193.0
313.55,1093.0
313.57,911.5
313.59,753.6
313.6,683.2
313.62,558.5
313.63,503.7
313.65,407.9
313.67,328.9
313.68,295.0
313.7,237.0
313.72,190.5
313.73,170.9
313.75,138.1
313.77,112.5
313.78,101.9
313.8,84.58
313.82,71.42
313.83,66.16
313.85,57.82
313.87,51.92
313.88,49.74
313.9,46.7
313.92,45.17
313.93,44.89
313.95,45.21
313.97,46.56
313.98,47.58
314.0,50.27
314.01,51.91
314.03,55.73
314.05,60.23
314.06,62.71
314.08,68.1
314.1,74.02
314.11,77.16
314.13,83.77
314.15,90.78
314.16,94.42
314.18,101.9
314.2,109.7
314.21,113.6
314.23,121.6
314.25,129.6
314.26,133.6
314.28,141.5
314.3,149.1
314.31,152.8
314.33,159.8
314.35,166.3
314.36,169.3
314.38,174.6
314.39,176.9
314.41,180.8
314.43,183.6
314.44,184.6
314.46,185.7
314.48,185.6
314.49,185.2
314.51,183.4
314.53,180.7
314.54,179.0
314.56,175.1
314.58,170.5
314.59,168.1
314.61,163.0
314.63,157.9
314.64,155.3
314.66,150.4
314.68,145.9
314.69,143.9
314.71,140.2
314.73,137.2
314.74,136.0
314.76,134.2
314.77,133.6
314.79,133.0
314.81,133.2
314.82,133.5
314.84,134.8
314.86,136.8
314.87,138.1
314.89,141.0
314.91,144.6
314.92,146.6
314.94,151.0
314.96,156.0
314.97,158.7
314.99,164.5
315.01,170.9
315.02,174.3
315.04,181.5
315.06,189.3
315.07,193.4
315.09,202.1
315.1,206.6
315.12,216.0
315.14,226.0
315.15,231.2
315.17,242.0
315.19,253.4
315.2,259.4
315.22,272.0
315.24,285.7
315.25,293.1
315.27,309.3
315.29,327.9
315.3,338.4
315.32,362.5
315.34,392.0
315.35,409.4
315.37,450.8
315.39,503.6
315.4,535.2
315.42,611.6
315.44,709.4
315.45,768.0
315.47,908.5
315.48,992.1
315.5,1191.0
315.52,1438.0
315.53,1582.0
315.55,1919.0
315.57,2326.0
315.58,2559.0
315.6,3088.0
315.62,3708.0
315.63,4055.0
315.65,4822.0
315.67,5689.0
315.68,6161.0
315.7,7176.0
315.72,8282.0
315.73,8866.0
315.75,10080.0
315.77,11350.0
315.78,12000.0
315.8,13310.0
315.82,14600.0
315.83,15230.0
315.85,16450.0
315.86,17020.0
315.88,18090.0
315.9,19020.0
315.91,19420.0
315.93,20080.0
315.95,20550.0
315.96,20700.0
315.98,20850.0
316.0,20770.0
316.01,20640.0
316.03,20230.0
316.05,19630.0
316.06,19250.0
316.08,18380.0
316.1,17370.0
316.11,16820.0
316.13,15650.0
316.15,14420.0
316.16,13790.0
316.18,12520.0
316.2,11270.0
316.21,10650.0
316.23,9449.0
316.24,8872.0
316.26,7774.0
316.28,6758.0
316.29,6284.0
316.31,5404.0
316.33,4617.0
316.34,4259.0
316.36,3609.0
316.38,3044.0
316.39,2792.0
316.41,2344.0
316.43,1964.0
316.44,1798.0
316.46,1506.0
316.48,1265.0
316.49,1161.0
316.51,982.2
316.53,838.1
316.54,777.4
316.56,676.2
316.57,634.7
316.59,567.5
316.61,519.1
316.62,501.1
316.64,476.0
316.66,463.7
316.67,461.7
316.69,464.9
316.71,476.3
316.72,484.4
316.74,504.9
316.76,529.3
316.77,542.5
316.79,569.9
316.81,597.5
316.82,610.9
316.84,635.9
316.86,657.7
316.87,667.1
316.89,682.0
316.91,691.3
316.92,693.7
316.94,693.6
316.95,691.2
316.97,681.3
316.99,665.2
317.0,655.0
317.02,630.3
317.04,600.7
317.05,584.4
317.07,549.1
317.09,511.3
317.1,491.7
317.12,451.8
317.14,411.9
317.15,392.1
317.17,353.7
317.19,317.2
317.2,299.9
317.22,267.8
317.24,239.3
317.25,226.6
317.27,204.7
317.29,188.1
317.3,182.0
317.32,175.0
317.33,174.3
317.35,179.7
317.37,195.7
317.38,208.5
317.4,245.4
317.42,300.9
317.43,337.1
317.45,430.0
317.47,555.9
317.48,633.7
317.5,824.9
317.52,1072.0
317.53,1221.0
317.55,1576.0
317.57,2019.0
317.58,2279.0
317.6,2884.0
317.62,3616.0
317.63,4034.0
317.65,4985.0
317.67,6098.0
317.68,6719.0
317.7,8093.0
317.71,8847.0
317.73,10490.0
317.75,12310.0
317.76,13280.0
317.78,15340.0
317.8,17530.0
317.81,18660.0
317.83,20980.0
317.85,23350.0
317.86,24530.0
317.88,26860.0
317.9,29100.0
317.91,30160.0
317.93,32160.0
317.95,33930.0
317.96,34720.0
317.98,36050.0
318.0,37050.0
318.01,37420.0
318.03,37860.0
318.04,37930.0
318.06,37790.0
318.08,37260.0
318.09,36860.0
318.11,35790.0
318.13,34410.0
318.14,33610.0
318.16,31830.0
318.18,29850.0
318.19,28810.0
318.21,26620.0
318.23,24370.0
318.24,23240.0
318.26,20970.0
318.28,18760.0
318.29,17680.0
318.31,15590.0
318.33,13640.0
318.34,12710.0
318.36,10970.0
318.38,9388.0
318.39,8658.0
318.41,7321.0
318.42,6712.0
318.44,5610.0
318.46,4655.0
318.47,4229.0
318.49,3475.0
318.51,2839.0
318.52,2561.0
318.54,2078.0
318.56,1681.0
318.57,1511.0
318.59,1222.0
318.61,990.7
318.62,894.0
318.64,732.9
318.66,608.5
318.67,558.0
318.69,476.6
318.71,417.2
318.72,394.3
318.74,360.1
318.76,338.8
318.77,332.1
318.79,325.6
318.8,325.4
318.82,330.0
318.84,340.6
318.85,347.9
318.87,366.0
318.89,388.4
318.9,401.0
318.92,429.0
318.94,460.1
318.95,476.6
318.97,511.6
318.99,548.4
319.0,567.3
319.02,605.8
319.04,644.4
319.05,663.5
319.07,700.8
319.09,736.4
319.1,753.2
319.12,784.5
319.14,812.0
319.15,824.2
319.17,845.0
319.18,853.6
319.2,867.0
319.22,875.0
319.23,877.1
319.25,877.4
319.27,872.9
319.28,869.0
319.3,858.1
319.32,843.7
319.33,835.3
319.35,816.9
319.37,796.8
319.38,786.4
319.4,765.1
319.42,743.9
319.43,733.5
319.45,713.5
319.47,694.9
319.48,686.3
319.5,670.4
319.51,663.1
319.53,650.2
319.55,639.3
319.56,634.5
319.58,626.3
319.6,619.5
319.61,616.5
319.63,611.3
319.65,606.7
319.66,604.6
319.68,600.3
319.7,595.9
319.71,593.6
319.73,588.5
319.75,582.9
319.76,579.8
319.78,573.3
319.8,566.3
319.81,562.7
319.83,555.4
319.85,548.1
319.86,544.6
319.88,538.1
319.89,535.1
319.91,530.1
319.93,526.3
319.94,525.1
319.96,523.8
319.98,524.6
319.99,525.7
320.01,529.6
320.03,535.6
320.04,539.4
320.06,548.5
320.08,559.5
320.09,565.7
320.11,579.2
320.13,593.8
320.14,601.5
320.16,617.3
320.18,633.3
320.19,641.1
320.21,656.4
320.23,670.5
320.24,677.0
320.26,688.3
320.27,693.1
320.29,700.6
320.31,704.9
320.32,705.8
320.34,704.7
320.36,699.6
320.37,695.6
320.39,684.5
320.41,669.5
320.42,660.5
320.44,639.9
320.46,615.9
320.47,602.8
320.49,574.8
320.51,544.6
320.52,528.9
320.54,496.7
320.56,463.9
320.57,447.4
320.59,414.8
320.61,382.9
320.62,367.4
320.64,337.6
320.65,323.4
320.67,296.6
320.69,272.3
320.7,261.1
320.72,240.9
320.74,223.8
320.75,216.4
320.77,204.2
320.79,195.4
320.8,192.3
320.82,188.8
320.84,188.9
320.85,190.3
320.87,195.9
320.89,205.0
320.9,210.8
320.92,225.1
320.94,242.8
320.95,252.8
320.97,275.2
320.98,287.5
321.0,314.1
321.02,343.3
321.03,358.9
321.05,391.5
321.07,426.2
321.08,444.1
321.1,481.3
321.12,519.8
321.13,539.5
321.15,579.7
321.17,620.8
321.18,641.6
321.2,683.5
321.22,725.9
321.23,747.1
321.25,789.7
321.27,832.1
321.28,853.2
321.3,895.1
321.32,936.3
321.33,956.7
321.35,996.6
321.36,1016.0
321.38,1054.0
321.4,1091.0
321.41,1109.0
321.43,1143.0
321.45,1176.0
321.46,1191.0
321.48,1221.0
321.5,1249.0
321.51,1262.0
321.53,1287.0
321.55,1310.0
321.56,1320.0
321.58,1340.0
321.6,1357.0
321.61,1364.0
321.63,1378.0
321.65,1388.0
321.66,1392.0
321.68,1398.0
321.7,1400.0
321.71,1399.0
321.73,1396.0
321.74,1392.0
321.76,1382.0
321.78,1368.0
321.79,1360.0
321.81,1340.0
321.83,1316.0
321.84,1303.0
321.86,1274.0
321.88,1243.0
321.89,1227.0
321.91,1193.0
321.93,1159.0
321.94,1143.0
321.96,1110.0
321.98,1079.0
321.99,1065.0
322.01,1038.0
322.03,1016.0
322.04,1006.0
322.06,991.1
322.07,985.5
322.09,978.3
322.11,976.7
322.12,978.1
322.14,984.8
322.16,996.6
322.17,1004.0
322.19,1023.0
322.21,1046.0
322.22,1058.0
322.24,1086.0
322.26,1115.0
322.27,1130.0
322.29,1161.0
322.31,1193.0
322.32,1209.0
322.34,1240.0
322.36,1271.0
322.37,1286.0
322.39,1315.0
322.41,1344.0
322.42,1357.0
322.44,1384.0
322.45,1398.0
322.47,1423.0
322.49,1449.0
322.5,1461.0
322.52,1486.0
322.54,1510.0
322.55,1522.0
322.57,1547.0
322.59,1571.0
322.6,1583.0
322.62,1607.0
322.64,1630.0
322.65,1642.0
322.67,1664.0
322.69,1685.0
322.7,1695.0
322.72,1714.0
322.74,1731.0
322.75,1739.0
322.77,1752.0
322.79,1762.0
322.8,1766.0
322.82,1771.0
322.83,1772.0
322.85,1771.0
322.87,1766.0
322.88,1762.0
322.9,1751.0
322.92,1736.0
322.93,1727.0
322.95,1707.0
322.97,1683.0
322.98,1671.0
323.0,1645.0
323.02,1619.0
323.03,1607.0
323.05,1584.0
323.07,1565.0
323.08,1558.0
323.1,1549.0
323.12,1550.0
323.13,1555.0
323.15,1574.0
323.17,1608.0
323.18,1631.0
323.2,1691.0
323.21,1728.0
323.23,1815.0
323.25,1923.0
323.26,1984.0
323.28,2121.0
323.3,2276.0
323.31,2361.0
323.33,2540.0
323.35,2734.0
323.36,2834.0
323.38,3042.0
323.4,3254.0
323.41,3360.0
323.43,3572.0
323.45,3778.0
323.46,3877.0
323.48,4067.0
323.5,4241.0
323.51,4322.0
323.53,4467.0
323.54,4531.0
323.56,4642.0
323.58,4727.0
323.59,4761.0
323.61,4808.0
323.63,4830.0
323.64,4832.0
323.66,4819.0
323.68,4784.0
323.69,4760.0
323.71,4697.0
323.73,4619.0
323.74,4576.0
323.76,4480.0
323.78,4377.0
323.79,4323.0
323.81,4212.0
323.83,4098.0
323.84,4042.0
323.86,3929.0
323.88,3819.0
323.89,3765.0
323.91,3660.0
323.92,3610.0
323.94,3513.0
323.96,3421.0
323.97,3377.0
323.99,3294.0
324.01,3216.0
324.02,3178.0
324.04,3108.0
324.06,3041.0
324.07,3010.0
324.09,2948.0
324.11,2890.0
324.12,2861.0
324.14,2804.0
324.16,2747.0
324.17,2719.0
324.19,2660.0
324.21,2599.0
324.22,2567.0
324.24,2501.0
324.26,2429.0
324.27,2391.0
324.29,2311.0
324.3,2269.0
324.32,2180.0
324.34,2085.0
324.35,2035.0
324.37,1933.0
324.39,1826.0
324.4,1771.0
324.42,1661.0
324.44,1550.0
324.45,1495.0
324.47,1386.0
324.49,1280.0
324.5,1230.0
324.52,1133.0
324.54,1044.0
324.55,1003.0
324.57,927.6
324.59,862.8
324.6,834.4
324.62,786.2
324.64,749.2
324.65,734.8
324.67,714.3
324.68,707.9
324.7,702.5
324.72,705.9
324.73,710.6
324.75,725.0
324.77,745.1
324.78,756.8
324.8,782.7
324.82,810.6
324.83,824.9
324.85,853.4
324.87,880.9
324.88,893.9
324.9,918.2
324.92,939.5
324.93,949.1
324.95,965.7
324.97,979.2
324.98,985.0
325.0,994.6
325.01,998.7
325.03,1006.0
325.05,1012.0
325.06,1015.0
325.08,1022.0
325.1,1030.0
325.11,1035.0
325.13,1046.0
325.15,1059.0
325.16,1066.0
325.18,1083.0
325.2,1102.0
325.21,1112.0
325.23,1133.0
325.25,1154.0
325.26,1165.0
325.28,1185.0
325.3,1202.0
325.31,1210.0
325.33,1222.0
325.35,1230.0
325.36,1231.0
325.38,1230.0
325.39,1226.0
325.41,1214.0
325.43,1195.0
325.44,1183.0
325.46,1152.0
325.48,1116.0
325.49,1095.0
325.51,1049.0
325.53,997.7
325.54,970.7
325.56,914.1
325.58,855.1
325.59,825.1
325.61,764.9
325.63,705.1
325.64,675.8
325.66,619.0
325.68,565.2
325.69,539.8
325.71,492.3
325.73,449.8
325.74,430.6
325.76,396.7
325.77,382.0
325.79,357.4
325.81,339.4
325.82,332.9
325.84,325.0
325.86,323.7
325.87,325.5
325.89,334.0
325.91,348.8
325.92,358.5
325.94,382.1
325.96,411.1
325.97,427.4
325.99,463.2
326.01,502.8
326.02,523.7
326.04,567.1
326.06,612.0
326.07,634.6
326.09,679.4
326.11,722.7
326.12,743.4
326.14,782.3
326.15,800.2
326.17,832.1
326.19,858.1
326.2,868.6
326.22,884.3
326.24,892.4
326.25,893.6
326.27,889.9
326.29,878.6
326.3,870.0
326.32,847.7
326.34,819.0
326.35,802.4
326.37,765.5
326.39,724.5
326.4,702.8
326.42,657.6
326.44,611.0
326.45,587.5
326.47,540.6
326.48,517.5
326.5,472.4
326.52,429.2
326.53,408.5
326.55,369.3
326.57,333.1
326.58,316.2
326.6,284.8
326.62,256.6
326.63,243.7
326.65,220.2
326.67,199.7
326.68,190.5
326.7,174.2
326.72,160.4
326.73,154.5
326.75,144.4
326.77,136.6
326.78,133.6
326.8,129.3
326.82,127.3
326.83,127.2
326.85,128.7
326.86,130.4
326.88,135.6
326.9,143.2
326.91,148.0
326.93,159.4
326.95,173.2
326.96,181.1
326.98,198.4
327.0,217.8
327.01,228.2
327.03,250.2
327.05,273.4
327.06,285.4
327.08,309.6
327.1,333.9
327.11,345.9
327.13,369.2
327.15,391.1
327.16,401.3
327.18,420.0
327.2,436.1
327.21,443.0
327.23,454.2
327.24,458.5
327.26,464.3
327.28,466.4
327.29,466.1
327.31,462.7
327.33,456.0
327.34,451.4
327.36,440.2
327.38,426.6
327.39,419.1
327.41,403.0
327.43,386.0
327.44,377.4
327.46,360.1
327.48,343.5
327.49,335.6
327.51,321.0
327.53,308.3
327.54,302.8
327.56,293.7
327.58,287.4
327.59,285.3
327.61,283.5
327.62,283.7
327.64,286.4
327.66,292.0
327.67,295.9
327.69,305.6
327.71,317.7
327.72,324.5
327.74,339.3
327.76,355.5
327.77,364.0
327.79,381.3
327.81,398.7
327.82,407.3
327.84,424.0
327.86,439.5
327.87,446.7
327.89,459.8
327.91,470.8
327.92,475.4
327.94,482.8
327.95,485.5
327.97,488.9
327.99,489.7
328.0,489.1
328.02,486.0
328.04,480.5
328.05,477.0
328.07,468.4
328.09,458.2
328.1,452.5
328.12,440.3
328.14,427.2
328.15,420.4
328.17,406.6
328.19,392.6
328.2,385.7
328.22,372.1
328.24,359.0
328.25,352.7
328.27,340.8
328.29,329.8
328.3,324.8
328.32,315.8
328.33,311.8
328.35,305.1
328.37,300.1
328.38,298.4
328.4,296.6
328.42,297.2
328.43,298.5
328.45,303.1
328.47,310.5
328.48,315.4
328.5,327.5
328.52,342.6
328.53,351.4
328.55,371.1
328.57,393.6
328.58,405.8
328.6,431.9
328.62,459.8
328.63,474.2
328.65,503.5
328.67,532.9
328.68,547.4
328.7,575.4
328.71,588.7
328.73,613.5
328.75,635.1
328.76,644.6
328.78,660.2
328.8,671.2
328.81,674.9
328.83,678.2
328.85,676.1
328.86,673.1
328.88,663.2
328.9,648.4
328.91,639.3
328.93,618.1
328.95,593.2
328.96,579.7
328.98,550.9
329.0,520.4
329.01,504.7
329.03,473.0
329.05,441.5
329.06,426.0
329.08,395.8
329.09,381.2
329.11,353.3
329.13,327.4
329.14,315.3
329.16,292.5
329.18,272.0
329.19,262.5
329.21,245.0
329.23,229.4
329.24,222.2
329.26,208.8
329.28,196.6
329.29,190.9
329.31,180.0
329.33,169.8
329.34,164.8
329.36,155.1
329.38,145.6
329.39,140.9
329.41,131.6
329.42,127.0
329.44,117.8
329.46,108.8
329.47,104.3
329.49,95.66
329.51,87.3
329.52,83.27
329.54,75.56
329.56,68.4
329.57,65.04
329.59,58.81
329.61,53.26
329.62,50.75
329.64,46.26
329.66,42.48
329.67,40.85
329.69,38.09
329.71,35.96
329.72,35.12
329.74,33.84
329.76,33.07
329.77,32.85
329.79,32.72
329.8,32.8
329.82,33.21
329.84,33.93
329.85,34.41
329.87,35.57
329.89,37.02
329.9,37.85
329.92,39.75
329.94,41.98
329.95,43.24
329.97,46.04
329.99,49.27
330.0,51.07
330.02,55.04
330.04,59.54
330.05,62.0
330.07,67.37
330.09,73.33
330.1,76.53
330.12,83.37
330.14,90.79
330.15,94.7
330.17,102.9
330.18,107.2
330.2,116.2
330.22,125.6
330.23,130.5
330.25,140.5
330.27,150.9
330.28,156.3
330.3,167.4
330.32,178.9
330.33,184.8
330.35,197.2
330.37,210.1
330.38,216.8
330.4,230.8
330.42,245.5
330.43,253.1
330.45,268.9
330.47,285.4
330.48,293.9
330.5,311.3
330.52,329.0
330.53,338.0
330.55,355.8
330.56,364.6
330.58,381.7
330.6,398.0
330.61,405.7
330.63,419.9
330.65,432.2
330.66,437.6
330.68,446.5
330.7,452.7
330.71,454.8
330.73,456.7
330.75,455.5
330.76,453.8
330.78,448.2
330.8,439.6
330.81,434.3
330.83,421.9
330.85,407.2
330.86,399.1
330.88,381.6
330.89,372.4
330.91,353.0
330.93,332.9
330.94,322.6
330.96,301.9
330.98,281.3
330.99,271.1
331.01,251.1
331.03,231.8
331.04,222.5
331.06,204.6
331.08,188.0
331.09,180.1
331.11,165.4
331.13,152.0
331.14,145.9
331.16,134.9
331.18,125.3
331.19,121.1
331.21,114.0
331.23,108.4
331.24,106.2
331.26,103.0
331.27,102.0
331.29,101.0
331.31,101.5
331.32,102.3
331.34,104.8
331.36,108.5
331.37,110.7
331.39,115.9
331.41,121.9
331.42,125.2
331.44,132.0
331.46,139.2
331.47,142.9
331.49,150.2
331.51,157.4
331.52,160.9
331.54,167.5
331.56,173.7
331.57,176.5
331.59,181.7
331.61,186.2
331.62,188.2
331.64,191.6
331.65,193.0
331.67,195.3
331.69,197.1
331.7,197.8
331.72,198.8
331.74,199.5
331.75,199.9
331.77,200.6
331.79,201.5
331.8,202.1
331.82,203.8
331.84,206.3
331.85,208.1
331.87,212.6
331.89,218.8
331.9,222.7
331.92,232.2
331.94,244.4
331.95,251.7
331.97,268.6
331.99,289.1
332.0,300.8
332.02,327.1
332.03,341.9
332.05,374.5
332.07,411.2
332.08,431.1
332.1,473.8
332.12,520.0
332.13,544.2
332.15,594.5
332.17,646.5
332.18,672.9
332.2,725.7
332.22,777.6
332.23,802.8
332.25,851.1
332.27,895.4
332.28,915.7
332.3,952.0
332.32,981.5
332.33,993.5
332.35,1012.0
332.36,1017.0
332.38,1023.0
332.4,1020.0
332.41,1015.0
332.43,1000.0
332.45,977.2
332.46,963.2
332.48,930.9
332.5,893.7
332.51,873.6
332.53,831.4
332.55,787.6
332.56,765.6
332.58,722.1
332.6,680.6
332.61,660.9
332.63,624.4
332.65,592.6
332.66,578.7
332.68,555.3
332.7,538.2
332.71,532.2
332.73,525.1
332.74,524.0
332.76,526.9
332.78,536.0
332.79,542.8
332.81,560.5
332.83,583.0
332.84,595.9
332.86,624.3
332.88,655.4
332.89,671.7
332.91,705.3
332.93,739.3
332.94,756.1
332.96,789.1
332.98,820.5
332.99,835.3
333.01,862.8
333.03,887.2
333.04,898.1
333.06,917.1
333.08,932.2
333.09,938.3
333.11,947.6
333.12,950.8
333.14,954.7
333.16,955.3
333.17,954.5
333.19,951.0
333.21,945.3
333.22,941.8
333.24,933.8
333.26,925.0
333.27,920.4
333.29,911.3
333.31,902.6
333.32,898.5
333.34,891.1
333.36,885.1
333.37,882.7
333.39,879.1
333.41,877.3
333.42,877.1
333.44,878.1
333.45,879.2
333.47,882.6
333.49,887.2
333.5,889.9
333.52,895.8
333.54,902.0
333.55,905.0
333.57,910.7
333.59,915.5
333.6,917.4
333.62,920.0
333.64,920.7
333.65,920.4
333.67,918.1
333.69,913.9
333.7,911.1
333.72,904.4
333.74,896.6
333.75,892.5
333.77,884.5
333.79,877.4
333.8,874.5
333.82,870.7
333.83,870.1
333.85,872.1
333.87,879.3
333.88,885.2
333.9,902.0
333.92,926.2
333.93,941.2
333.95,977.2
333.97,1021.0
333.98,1046.0
334.0,1102.0
334.02,1164.0
334.03,1198.0
334.05,1268.0
334.07,1342.0
334.08,1380.0
334.1,1456.0
334.12,1530.0
334.13,1566.0
334.15,1634.0
334.17,1696.0
334.18,1723.0
334.2,1771.0
334.21,1790.0
334.23,1820.0
334.25,1838.0
334.26,1841.0
334.28,1838.0
334.3,1821.0
334.31,1808.0
334.33,1772.0
334.35,1725.0
334.36,1698.0
334.38,1638.0
334.4,1572.0
334.41,1538.0
334.43,1468.0
334.45,1400.0
334.46,1367.0
334.48,1307.0
334.5,1256.0
334.51,1235.0
334.53,1204.0
334.55,1191.0
334.56,1192.0
334.58,1210.0
334.59,1229.0
334.61,1285.0
334.63,1369.0
334.64,1422.0
334.66,1551.0
334.68,1710.0
334.69,1802.0
334.71,2007.0
334.73,2242.0
334.74,2370.0
334.76,2645.0
334.78,2942.0
334.79,3097.0
334.81,3418.0
334.83,3747.0
334.84,3913.0
334.86,4242.0
334.88,4561.0
334.89,4715.0
334.91,5005.0
334.92,5139.0
334.94,5383.0
334.96,5586.0
334.97,5671.0
334.99,5804.0
335.01,5884.0
335.02,5904.0
335.04,5902.0
335.06,5843.0
335.07,5794.0
335.09,5655.0
335.11,5468.0
335.12,5357.0
335.14,5106.0
335.16,4821.0
335.17,4668.0
335.19,4346.0
335.21,4008.0
335.22,3836.0
335.24,3489.0
335.26,3145.0
335.27,2976.0
335.29,2648.0
335.3,2489.0
335.32,2187.0
335.34,1905.0
335.35,1774.0
335.37,1528.0
335.39,1309.0
335.4,1208.0
335.42,1026.0
335.44,867.8
335.45,797.3
335.47,672.3
335.49,567.2
335.5,521.5
335.52,442.5
335.54,378.5
335.55,351.6
335.57,306.8
335.59,273.0
335.6,259.9
335.62,240.6
335.64,230.0
335.65,228.0
335.67,230.2
335.68,234.5
335.7,250.1
335.72,275.3
335.73,291.9
335.75,333.8
335.77,388.4
335.78,421.0
335.8,497.7
335.82,591.2
335.83,644.8
335.85,766.5
335.87,908.9
335.88,988.1
335.9,1163.0
335.92,1361.0
335.93,1469.0
335.95,1701.0
335.97,1954.0
335.98,2088.0
336.0,2369.0
336.02,2666.0
336.03,2819.0
336.05,3132.0
336.06,3290.0
336.08,3607.0
336.1,3920.0
336.11,4074.0
336.13,4369.0
336.15,4645.0
336.16,4774.0
336.18,5008.0
336.2,5209.0
336.21,5294.0
336.23,5434.0
336.25,5528.0
336.26,5558.0
336.28,5581.0
336.3,5555.0
336.31,5524.0
336.33,5427.0
336.35,5286.0
336.36,5200.0
336.38,4999.0
336.39,4885.0
336.41,4636.0
336.43,4362.0
336.44,4217.0
336.46,3916.0
336.48,3606.0
336.49,3449.0
336.51,3136.0
336.53,2827.0
336.54,2676.0
336.56,2383.0
336.58,2105.0
336.59,1972.0
336.61,1722.0
336.63,1492.0
336.64,1386.0
336.66,1190.0
336.68,1016.0
336.69,937.7
336.71,797.4
336.73,678.1
336.74,626.2
336.76,536.7
336.77,498.9
336.79,436.5
336.81,390.7
336.82,373.6
336.84,350.6
336.86,341.6
336.87,342.1
336.89,352.9
336.91,376.3
336.92,392.6
336.94,434.2
336.96,487.7
336.97,518.8
336.99,589.8
337.01,672.3
337.02,717.8
337.04,816.8
337.06,926.2
337.07,984.5
337.09,1108.0
337.11,1239.0
337.12,1306.0
337.14,1446.0
337.15,1516.0
337.17,1659.0
337.19,1801.0
337.2,1870.0
337.22,2005.0
337.24,2132.0
337.25,2191.0
337.27,2300.0
337.29,2392.0
337.3,2432.0
337.32,2497.0
337.34,2541.0
337.35,2554.0
337.37,2564.0
337.39,2550.0
337.4,2535.0
337.42,2487.0
337.44,2418.0
337.45,2376.0
337.47,2279.0
337.49,2165.0
337.5,2104.0
337.52,1972.0
337.53,1903.0
337.55,1761.0
337.57,1615.0
337.58,1542.0
337.6,1397.0
337.62,1256.0
337.63,1188.0
337.65,1058.0
337.67,936.4
337.68,879.6
337.7,774.6
337.72,681.3
337.73,639.3
337.75,564.4
337.77,501.6
337.78,474.7
337.8,429.5
337.82,395.2
337.83,382.0
337.85,362.7
337.86,356.5
337.88,350.5
337.9,352.3
337.91,356.0
337.93,368.3
337.95,386.8
337.96,398.3
337.98,425.4
338.0,457.7
338.01,475.9
338.03,515.9
338.05,561.0
338.06,585.4
338.08,638.2
338.1,696.2
338.11,727.1
338.13,793.0
338.15,864.0
338.16,901.5
338.18,979.9
338.2,1063.0
338.21,1106.0
338.23,1194.0
338.24,1239.0
338.26,1330.0
338.28,1421.0
338.29,1466.0
338.31,1554.0
338.33,1639.0
338.34,1679.0
338.36,1753.0
338.38,1819.0
338.39,1848.0
338.41,1898.0
338.43,1934.0
338.44,1948.0
338.46,1964.0
338.48,1966.0
338.49,1962.0
338.51,1943.0
338.53,1911.0
338.54,1891.0
338.56,1841.0
338.58,1781.0
338.59,1748.0
338.61,1677.0
338.62,1640.0
338.64,1562.0
338.66,1481.0
338.67,1441.0
338.69,1360.0
338.71,1280.0
338.72,1242.0
338.74,1167.0
338.76,1095.0
338.77,1061.0
338.79,996.2
338.81,935.5
338.82,906.8
338.84,852.2
338.86,801.3
338.87,777.1
338.89,730.9
338.91,687.3
338.92,666.5
338.94,626.2
338.96,588.0
338.97,569.5
338.99,533.9
339.0,516.8
339.02,484.0
339.04,453.2
339.05,438.7
339.07,411.5
339.09,387.0
339.1,375.9
339.12,356.0
339.14,339.5
339.15,332.6
339.17,321.5
339.19,314.1
339.2,311.9
339.22,310.1
339.24,311.9
339.25,314.0
339.27,320.7
339.29,330.3
339.3,336.1
339.32,349.3
339.33,356.7
339.35,372.6
339.37,389.9
339.38,398.9
339.4,417.4
339.42,436.4
339.43,446.0
339.45,465.4
339.47,485.0
339.48,494.9
339.5,514.9
339.52,535.6
339.53,546.2
339.55,568.6
339.57,592.7
339.58,605.6
339.6,633.4
339.62,664.5
339.63,681.4
339.65,718.4
339.67,759.9
339.68,782.4
339.7,830.9
339.71,856.9
339.73,912.4
339.75,971.9
339.76,1003.0
339.78,1067.0
339.8,1133.0
339.81,1166.0
339.83,1232.0
339.85,1295.0
339.86,1325.0
339.88,1382.0
339.9,1433.0
339.91,1455.0
339.93,1493.0
339.95,1520.0
339.96,1530.0
339.98,1540.0
340.0,1538.0
340.01,1532.0
340.03,1511.0
340.05,1478.0
340.06,1457.0
340.08,1408.0
340.09,1380.0
340.11,1317.0
340.13,1247.0
340.14,1210.0
340.16,1133.0
340.18,1052.0
340.19,1012.0
340.21,930.8
340.23,851.0
340.24,812.1
340.26,736.8
340.28,665.9
340.29,632.4
340.31,569.5
340.33,512.8
340.34,486.8
340.36,439.7
340.38,399.1
340.39,381.2
340.41,350.2
340.43,325.3
340.44,315.1
340.46,298.8
340.47,292.6
340.49,283.9
340.51,279.9
340.52,279.4
340.54,281.3
340.56,286.6
340.57,290.3
340.59,299.8
340.61,311.3
340.62,317.7
340.64,331.3
340.66,345.8
340.67,353.1
340.69,367.7
340.71,381.7
340.72,388.4
340.74,400.6
340.76,411.2
340.77,415.8
340.79,423.1
340.8,425.9
340.82,429.6
340.84,430.6
340.85,430.1
340.87,427.1
340.89,421.6
340.9,417.9
340.92,409.0
340.94,398.2
340.95,392.3
340.97,379.3
340.99,365.4
341.0,358.3
341.02,343.7
341.04,329.2
341.05,322.1
341.07,308.3
341.09,295.4
341.1,289.3
341.12,277.9
341.14,267.8
341.15,263.2
341.17,255.0
341.18,251.4
341.2,245.1
341.22,239.8
341.23,237.5
341.25,233.6
341.27,230.3
341.28,228.8
341.3,226.1
341.32,223.5
341.33,222.2
341.35,219.5
341.37,216.6
341.38,215.0
341.4,211.6
341.42,207.7
341.43,205.6
341.45,201.2
341.47,196.4
341.48,193.9
341.5,188.8
341.52,183.7
341.53,181.1
341.55,176.1
341.56,173.7
341.58,169.2
341.6,165.2
341.61,163.3
341.63,160.1
341.65,157.5
341.66,156.5
341.68,154.9
341.7,153.9
341.71,153.6
341.73,153.4
341.75,153.5
341.76,153.7
341.78,154.3
341.8,154.9
341.81,155.3
341.83,155.9
341.85,156.4
341.86,156.6
341.88,157.0
341.89,157.1
341.91,157.3
341.93,157.7
341.94,158.0
341.96,159.1
341.98,161.0
341.99,162.5
342.01,166.7
342.03,173.2
342.04,177.5
342.06,188.6
342.08,204.0
342.09,213.5
342.11,236.8
342.13,266.6
342.14,284.2
342.16,325.7
342.18,376.0
342.19,404.8
342.21,470.2
342.23,546.5
342.24,588.8
342.26,682.3
342.27,733.4
342.29,844.1
342.31,966.1
342.32,1031.0
342.34,1168.0
342.36,1313.0
342.37,1389.0
342.39,1543.0
342.41,1700.0
342.42,1780.0
342.44,1936.0
342.46,2089.0
342.47,2163.0
342.49,2303.0
342.51,2431.0
342.52,2490.0
342.54,2594.0
342.56,2679.0
342.57,2714.0
342.59,2767.0
342.61,2796.0
342.62,2802.0
342.64,2795.0
342.65,2783.0
342.67,2741.0
342.69,2677.0
342.7,2638.0
342.72,2544.0
342.74,2434.0
342.75,2373.0
342.77,2243.0
342.79,2103.0
342.8,2030.0
342.82,1882.0
342.84,1731.0
342.85,1655.0
342.87,1505.0
342.89,1359.0
342.9,1288.0
342.92,1151.0
342.94,1022.0
342.95,960.7
342.97,844.7
342.99,738.2
343.0,688.6
343.02,596.7
343.03,554.3
343.05,476.5
343.07,407.6
343.08,376.3
343.1,319.8
343.12,270.7
343.13,248.8
343.15,209.5
343.17,176.0
343.18,161.2
343.2,134.9
343.22,112.8
343.23,103.1
343.25,86.16
343.27,72.0
343.28,65.83
343.3,55.11
343.32,46.24
343.33,42.41
343.35,35.81
343.36,32.98
343.38,28.16
343.4,24.33
343.41,22.76
343.43,20.26
343.45,18.6
343.46,18.08
343.48,17.69
343.5,18.26
343.51,18.94
343.53,21.2
343.55,24.86
343.56,27.31
343.58,33.63
343.6,42.22
343.61,47.5
343.63,60.4
343.65,76.9
343.66,86.71
343.68,109.9
343.7,138.6
343.71,155.2
343.73,193.6
343.74,215.7
343.76,265.9
343.78,325.1
343.79,358.3
343.81,432.5
343.83,517.4
343.84,564.1
343.86,666.1
343.88,779.6
343.89,840.7
343.91,971.0
343.93,1112.0
343.94,1186.0
343.96,1339.0
343.98,1500.0
343.99,1582.0
344.01,1749.0
344.03,1916.0
344.04,1999.0
344.06,2163.0
344.08,2319.0
344.09,2393.0
344.11,2534.0
344.12,2598.0
344.14,2716.0
344.16,2815.0
344.17,2857.0
344.19,2925.0
344.21,2970.0
344.22,2983.0
344.24,2993.0
344.26,2979.0
344.27,2964.0
344.29,2917.0
344.31,2849.0
344.32,2808.0
344.34,2714.0
344.36,2605.0
344.37,2545.0
344.39,2419.0
344.41,2284.0
344.42,2215.0
344.44,2073.0
344.46,1930.0
344.47,1859.0
344.49,1717.0
344.5,1648.0
344.52,1512.0
344.54,1381.0
344.55,1318.0
344.57,1198.0
344.59,1084.0
344.6,1031.0
344.62,929.1
344.64,835.4
344.65,791.4
344.67,709.2
344.69,634.5
344.7,599.8
344.72,535.7
344.74,478.3
344.75,452.0
344.77,404.0
344.79,361.9
344.8,343.0
344.82,309.3
344.83,294.5
344.85,268.8
344.87,248.3
344.88,239.9
344.9,227.0
344.92,219.1
344.93,217.0
344.95,216.8
344.97,221.8
344.98,226.3
345.0,239.5
345.02,258.4
345.03,269.9
345.05,297.6
345.07,331.2
345.08,350.3
345.1,393.1
345.12,442.0
345.13,468.6
345.15,526.2
345.17,589.0
345.18,622.3
345.2,692.0
345.21,728.2
345.23,802.8
345.25,879.2
345.26,917.8
345.28,994.6
345.3,1070.0
345.31,1106.0
345.33,1176.0
345.35,1241.0
345.36,1270.0
345.38,1324.0
345.4,1368.0
345.41,1386.0
345.43,1415.0
345.45,1432.0
345.46,1436.0
345.48,1435.0
345.5,1423.0
345.51,1413.0
345.53,1383.0
345.55,1344.0
345.56,1321.0
345.58,1269.0
345.59,1241.0
345.61,1179.0
345.63,1114.0
345.64,1080.0
345.66,1012.0
345.68,944.9
345.69,912.1
345.71,849.4
345.73,792.0
345.74,765.9
345.76,720.0
345.78,683.7
345.79,669.6
345.81,650.6
345.83,644.8
345.84,647.3
345.86,663.7
345.88,696.2
345.89,718.7
345.91,776.9
345.93,852.8
345.94,897.6
345.96,1001.0
345.97,1059.0
345.99,1188.0
346.01,1334.0
346.02,1413.0
346.04,1581.0
346.06,1762.0
346.07,1856.0
346.09,2049.0
346.11,2247.0
346.12,2347.0
346.14,2545.0
346.16,2738.0
346.17,2831.0
346.19,3008.0
346.21,3169.0
346.22,3242.0
346.24,3371.0
346.26,3476.0
346.27,3517.0
346.29,3579.0
346.3,3599.0
346.32,3614.0
346.34,3599.0
346.35,3579.0
346.37,3518.0
346.39,3429.0
346.4,3375.0
346.42,3248.0
346.44,3101.0
346.45,3020.0
346.47,2849.0
346.49,2667.0
346.5,2573.0
346.52,2382.0
346.54,2189.0
346.55,2094.0
346.57,1906.0
346.59,1725.0
346.6,1638.0
346.62,1470.0
346.64,1314.0
346.65,1240.0
346.67,1102.0
346.68,1038.0
346.7,919.0
346.72,812.3
346.73,763.5
346.75,674.3
346.77,595.8
346.78,560.3
346.8,496.3
346.82,440.8
346.83,416.0
346.85,371.7
346.87,334.0
346.88,317.4
346.9,288.3
346.92,264.3
346.93,254.2
346.95,237.4
346.97,225.1
346.98,220.7
347.0,215.2
347.02,214.2
347.03,215.5
347.05,221.8
347.06,226.8
347.08,240.8
347.1,260.4
347.11,272.3
347.13,300.7
347.15,335.3
347.16,355.0
347.18,399.1
347.2,449.7
347.21,477.3
347.23,537.2
347.25,603.0
347.26,637.9
347.28,711.3
347.3,788.8
347.31,828.9
347.33,910.7
347.35,993.8
347.36,1035.0
347.38,1118.0
347.4,1198.0
347.41,1237.0
347.43,1310.0
347.44,1345.0
347.46,1409.0
347.48,1464.0
347.49,1488.0
347.51,1529.0
347.53,1560.0
347.54,1570.0
347.56,1583.0
347.58,1584.0
347.59,1580.0
347.61,1564.0
347.63,1537.0
347.64,1519.0
347.66,1476.0
347.68,1425.0
347.69,1396.0
347.71,1333.0
347.73,1265.0
347.74,1229.0
347.76,1154.0
347.77,1116.0
347.79,1038.0
347.81,959.7
347.82,920.6
347.84,843.1
347.86,767.6
347.87,730.8
347.89,659.6
347.91,592.1
347.92,559.8
347.94,498.5
347.96,441.8
347.97,415.2
347.99,365.6
348.01,320.8
348.02,300.2
348.04,262.4
348.06,229.0
348.07,214.0
348.09,186.9
348.11,163.7
348.12,153.5
348.14,135.5
348.15,127.7
348.17,114.2
348.19,103.4
348.2,98.81
348.22,91.29
348.24,85.62
348.25,83.4
348.27,80.02
348.29,77.87
348.3,77.19
348.32,76.49
348.34,76.56
348.35,76.82
348.37,77.76
348.39,79.16
348.4,80.0
348.42,81.95
348.44,84.21
348.45,85.46
348.47,88.17
348.49,91.21
348.5,92.86
348.52,96.43
348.53,98.37
348.55,102.6
348.57,107.3
348.58,109.9
348.6,115.5
348.62,121.9
348.63,125.3
348.65,132.8
348.67,141.2
348.68,145.8
348.7,155.6
348.72,166.4
348.73,172.3
348.75,184.8
348.77,198.3
348.78,205.5
348.8,220.7
348.82,237.0
348.83,245.4
348.85,263.1
348.87,281.5
348.88,290.9
348.9,310.1
348.91,319.8
348.93,339.3
348.95,358.7
348.96,368.2
348.98,386.8
349.0,404.3
349.01,412.6
349.03,428.0
349.05,441.5
349.06,447.4
349.08,457.5
349.1,465.0
349.11,467.7
349.13,470.9
349.15,471.2
349.16,470.2
349.18,466.0
349.2,458.9
349.21,454.4
349.23,443.4
349.24,437.1
349.26,423.1
349.28,407.4
349.29,399.1
349.31,381.9
349.33,364.2
349.34,355.3
349.36,337.9
349.38,321.2
349.39,313.2
349.41,298.2
349.43,284.9
349.44,278.9
349.46,268.3
349.48,259.8
349.49,256.3
349.51,250.9
349.53,247.5
349.54,246.6
349.56,245.9
349.58,246.8
349.59,247.7
349.61,250.4
349.62,252.0
349.64,255.8
349.66,259.9
349.67,262.0
349.69,266.0
349.71,269.4
349.72,270.9
349.74,273.2
349.76,274.4
349.77,274.6
349.79,273.9
349.81,271.7
349.82,270.2
349.84,265.9
349.86,260.2
349.87,256.9
349.89,249.2
349.91,240.5
349.92,235.8
349.94,225.8
349.96,215.3
349.97,209.8
349.99,198.9
350.0,193.5
350.02,182.8
350.04,172.6
350.05,167.8
350.07,158.9
350.09,151.1
350.1,147.8
350.12,142.4
350.14,138.7
350.15,137.6
350.17,137.0
350.19,138.6
350.2,140.4
350.22,145.6
350.24,153.4
350.25,158.2
350.27,169.8
350.29,184.0
350.3,192.0
350.32,209.9
350.34,230.2
350.35,241.2
350.37,264.9
350.38,277.5
350.4,304.4
350.42,333.2
350.43,348.3
350.45,380.0
350.47,413.5
350.48,431.1
350.5,467.7
350.52,506.6
350.53,527.1
350.55,570.0
350.57,616.2
350.58,640.6
350.6,692.6
350.62,749.0
350.63,779.1
350.65,843.2
350.67,913.1
350.68,950.3
350.7,1029.0
350.71,1071.0
350.73,1159.0
350.75,1253.0
350.76,1302.0
350.78,1403.0
350.8,1507.0
350.81,1560.0
350.83,1667.0
350.85,1773.0
350.86,1826.0
350.88,1927.0
350.9,2022.0
350.91,2067.0
350.93,2149.0
350.95,2219.0
350.96,2249.0
350.98,2298.0
351.0,2332.0
351.01,2342.0
351.03,2350.0
351.05,2340.0
351.06,2328.0
351.08,2292.0
351.09,2267.0
351.11,2207.0
351.13,2131.0
351.14,2088.0
351.16,1994.0
351.18,1890.0
351.19,1835.0
351.21,1721.0
351.23,1602.0
351.24,1542.0
351.26,1421.0
351.28,1301.0
351.29,1242.0
351.31,1128.0
351.33,1018.0
351.34,965.2
351.36,864.9
351.38,771.7
351.39,728.0
351.41,646.2
351.43,572.0
351.44,537.8
351.46,474.9
351.47,446.1
351.49,393.5
351.51,347.3
351.52,326.4
351.54,288.6
351.56,255.9
351.57,241.3
351.59,215.1
351.61,192.7
351.62,182.7
351.64,165.3
351.66,150.6
351.67,144.3
351.69,133.5
351.71,124.9
351.72,121.5
351.74,116.1
351.76,112.6
351.77,111.6
351.79,111.0
351.8,111.3
351.82,113.3
351.84,117.0
351.85,119.4
351.87,125.4
351.89,132.8
351.9,137.1
351.92,146.4
351.94,156.9
351.95,162.5
351.97,174.3
351.99,186.7
352.0,193.0
352.02,205.9
352.04,218.8
352.05,225.2
352.07,237.7
352.09,249.6
352.1,255.4
352.12,266.1
352.14,275.9
352.15,280.4
352.17,288.6
352.18,292.2
352.2,298.6
352.22,303.9
352.23,306.1
352.25,309.9
352.27,312.9
352.28,314.1
352.3,316.4
352.32,318.4
352.33,319.4
352.35,321.6
352.37,324.2
352.38,325.8
352.4,329.5
352.42,334.2
352.43,337.0
352.45,343.4
352.47,351.0
352.48,355.2
352.5,364.5
352.52,374.8
352.53,380.2
352.55,391.6
352.56,397.4
352.58,409.1
352.6,420.7
352.61,426.4
352.63,437.1
352.65,446.7
352.66,451.0
352.68,458.3
352.7,463.8
352.71,465.7
352.73,468.0
352.75,467.9
352.76,467.0
352.78,463.3
352.8,457.3
352.81,453.5
352.83,444.3
352.85,433.2
352.86,427.1
352.88,413.8
352.9,399.5
352.91,392.0
352.93,376.7
352.94,369.0
352.96,353.6
352.98,338.7
352.99,331.4
353.01,317.6
353.03,305.0
353.04,299.2
353.06,288.7
353.08,279.8
353.09,276.0
353.11,269.9
353.13,265.5
353.14,264.1
353.16,262.6
353.18,263.0
353.19,263.8
353.21,266.7
353.23,271.3
353.24,274.1
353.26,280.8
353.27,284.7
353.29,293.2
353.31,302.7
353.32,307.7
353.34,318.3
353.36,329.5
353.37,335.2
353.39,346.9
353.41,358.7
353.42,364.5
353.44,376.2
353.46,387.5
353.47,393.0
353.49,403.6
353.51,413.6
353.52,418.3
353.54,427.1
353.56,434.9
353.57,438.5
353.59,444.7
353.61,449.8
353.62,451.8
353.64,455.1
353.65,456.2
353.67,457.6
353.69,457.8
353.7,457.5
353.72,456.1
353.74,453.8
353.75,452.4
353.77,449.2
353.79,445.7
353.8,443.9
353.82,440.5
353.84,437.6
353.85,436.3
353.87,434.6
353.89,434.0
353.9,434.2
353.92,435.9
353.94,439.2
353.95,441.6
353.97,447.6
353.99,455.4
354.0,460.0
354.02,470.2
354.03,475.8
354.05,487.9
354.07,500.8
354.08,507.3
354.1,520.5
354.12,533.3
354.13,539.4
354.15,550.7
354.17,560.3
354.18,564.3
354.2,570.6
354.22,574.1
354.23,574.8
354.25,573.8
354.27,569.5
354.28,566.2
354.3,557.0
354.32,544.8
354.33,537.5
354.35,521.0
354.37,502.0
354.38,491.7
354.4,469.9
354.41,458.5
354.43,434.9
354.45,410.7
354.46,398.5
354.48,374.4
354.5,350.8
354.51,339.4
354.53,317.6
354.55,297.3
354.56,287.8
354.58,270.2
354.6,254.8
354.61,247.9
354.63,235.8
354.65,225.9
354.66,221.8
354.68,215.2
354.7,210.7
354.71,209.1
354.73,207.3
354.74,207.1
354.76,207.6
354.78,209.5
354.79,210.8
354.81,214.1
354.83,218.1
354.84,220.2
354.86,224.7
354.88,229.4
354.89,231.7
354.91,236.2
354.93,240.4
354.94,242.4
354.96,246.2
354.98,249.6
354.99,251.3
355.01,254.4
355.03,257.6
355.04,259.3
355.06,262.8
355.08,267.1
355.09,269.5
355.11,275.3
355.12,278.8
355.14,286.9
355.16,297.1
355.17,303.0
355.19,316.8
355.21,333.3
355.22,342.6
355.24,363.4
355.26,387.3
355.27,400.3
355.29,428.5
355.31,459.4
355.32,475.8
355.34,510.1
355.36,546.2
355.37,564.7
355.39,602.4
355.41,640.3
355.42,659.2
355.44,696.4
355.46,732.1
355.47,749.3
355.49,781.8
355.5,797.0
355.52,824.9
355.54,849.2
355.55,859.8
355.57,878.0
355.59,891.9
355.6,897.2
355.62,904.4
355.64,907.3
355.65,907.2
355.67,903.8
355.69,896.6
355.7,891.6
355.72,879.2
355.74,863.8
355.75,855.1
355.77,835.9
355.79,814.5
355.8,803.1
355.82,779.1
355.84,753.7
355.85,740.6
355.87,713.6
355.88,699.8
355.9,671.7
355.92,643.1
355.93,628.7
355.95,599.7
355.97,570.7
355.98,556.3
356.0,527.8
356.02,500.1
356.03,486.6
356.05,460.6
356.07,436.2
356.08,424.9
356.1,403.9
356.12,386.0
356.13,378.3
356.15,365.8
356.17,357.8
356.18,355.7
356.2,355.5
356.21,357.6
356.23,366.7
356.25,382.9
356.26,393.7
356.28,421.5
356.3,457.7
356.31,479.2
356.33,529.3
356.35,589.2
356.36,623.1
356.38,698.8
356.4,785.7
356.41,833.5
356.43,938.0
356.45,1055.0
356.46,1118.0
356.48,1254.0
356.5,1404.0
356.51,1484.0
356.53,1655.0
356.55,1840.0
356.56,1939.0
356.58,2146.0
356.59,2255.0
356.61,2484.0
356.63,2727.0
356.64,2853.0
356.66,3116.0
356.68,3389.0
356.69,3529.0
356.71,3816.0
356.73,4108.0
356.74,4255.0
356.76,4549.0
356.78,4839.0
356.79,4982.0
356.81,5259.0
356.83,5522.0
356.84,5646.0
356.86,5878.0
356.88,6083.0
356.89,6174.0
356.91,6331.0
356.93,6452.0
356.94,6498.0
356.96,6558.0
356.97,6573.0
356.99,6569.0
357.01,6522.0
357.02,6482.0
357.04,6371.0
357.06,6220.0
357.07,6130.0
357.09,5924.0
357.11,5687.0
357.12,5558.0
357.14,5282.0
357.16,4987.0
357.17,4833.0
357.19,4518.0
357.21,4197.0
357.22,4035.0
357.24,3713.0
357.26,3396.0
357.27,3241.0
357.29,2939.0
357.31,2650.0
357.32,2512.0
357.34,2249.0
357.35,2124.0
357.37,1889.0
357.39,1674.0
357.4,1574.0
357.42,1389.0
357.44,1223.0
357.45,1148.0
357.47,1011.0
357.49,891.5
357.5,838.1
357.52,743.1
357.54,663.1
357.55,628.4
357.57,568.9
357.59,522.2
357.6,503.3
357.62,474.4
357.64,457.0
357.65,452.5
357.67,452.1
357.68,456.3
357.7,473.4
357.72,502.8
357.73,522.3
357.75,571.4
357.77,634.4
357.78,671.4
357.8,756.8
357.82,858.0
357.83,914.7
357.85,1040.0
357.87,1182.0
357.88,1259.0
357.9,1425.0
357.92,1606.0
357.93,1702.0
357.95,1902.0
357.97,2113.0
357.98,2221.0
358.0,2441.0
358.02,2665.0
358.03,2776.0
358.05,2996.0
358.06,3103.0
358.08,3311.0
358.1,3505.0
358.11,3595.0
358.13,3761.0
358.15,3904.0
358.16,3966.0
358.18,4070.0
358.2,4144.0
358.21,4170.0
358.23,4199.0
358.25,4197.0
358.26,4185.0
358.28,4140.0
358.3,4068.0
358.31,4023.0
358.33,3916.0
358.35,3790.0
358.36,3720.0
358.38,3572.0
358.4,3414.0
358.41,3333.0
358.43,3167.0
358.44,3083.0
358.46,2917.0
358.48,2754.0
358.49,2674.0
358.51,2520.0
358.53,2374.0
358.54,2304.0
358.56,2171.0
358.58,2047.0
358.59,1988.0
358.61,1878.0
358.63,1776.0
358.64,1728.0
358.66,1637.0
358.68,1553.0
358.69,1513.0
358.71,1436.0
358.73,1364.0
358.74,1329.0
358.76,1261.0
358.78,1197.0
358.79,1165.0
358.81,1104.0
358.82,1074.0
358.84,1016.0
358.86,960.8
358.87,934.0
358.89,882.6
358.91,834.4
358.92,811.5
358.94,768.7
358.96,730.0
358.97,712.2
358.99,680.2
359.01,653.1
359.02,641.4
359.04,621.7
359.06,607.1
359.07,601.7
359.09,594.5
359.11,591.8
359.12,592.0
359.14,595.4
359.15,598.3
359.17,606.6
359.19,617.2
359.2,623.2
359.22,636.0
359.24,649.5
359.25,656.2
359.27,669.0
359.29,680.6
359.3,685.7
359.32,694.2
359.34,700.0
359.35,701.7
359.37,702.7
359.39,700.1
359.4,697.5
359.42,689.5
359.44,678.0
359.45,671.0
359.47,654.6
359.49,635.4
359.5,624.8
359.52,602.2
359.53,590.3
359.55,565.4
359.57,539.9
359.58,527.0
359.6,501.4
359.62,476.7
359.63,464.8
359.65,442.4
359.67,422.2
359.68,413.1
359.7,397.4
359.72,385.1
359.73,380.4
359.75,374.3
359.77,372.6
359.78,373.5
359.8,379.0
359.82,389.6
359.83,396.8
359.85,415.0
359.87,438.3
359.88,451.8
359.9,482.3
359.91,499.2
359.93,536.2
359.95,576.8
359.96,598.4
359.98,643.4
360.0,690.3
360.01,714.3
360.03,762.7
360.05,810.8
360.06,834.5
360.08,880.6
360.1,924.3
360.11,944.9
360.13,983.3
360.15,1017.0
360.16,1032.0
360.18,1059.0
360.2,1080.0
360.21,1088.0
360.23,1101.0
360.25,1108.0
360.26,1110.0
360.28,1109.0
360.29,1108.0
360.31,1101.0
360.33,1091.0
360.34,1086.0
360.36,1073.0
360.38,1059.0
360.39,1052.0
360.41,1040.0
360.43,1029.0
360.44,1024.0
360.46,1018.0
360.48,1015.0
360.49,1016.0
360.51,1021.0
360.53,1032.0
360.54,1040.0
360.56,1061.0
360.58,1088.0
360.59,1104.0
360.61,1142.0
360.62,1164.0
360.64,1212.0
360.66,1266.0
360.67,1295.0
360.69,1359.0
360.71,1427.0
360.72,1463.0
360.74,1537.0
360.76,1614.0
360.77,1654.0
360.79,1734.0
360.81,1813.0
360.82,1852.0
360.84,1930.0
360.86,2003.0
360.87,2038.0
360.89,2104.0
360.91,2163.0
360.92,2189.0
360.94,2235.0
360.96,2271.0
360.97,2284.0
360.99,2303.0
361.0,2308.0
361.02,2308.0
361.04,2296.0
361.05,2284.0
361.07,2253.0
361.09,2208.0
361.1,2182.0
361.12,2120.0
361.14,2048.0
361.15,2008.0
361.17,1922.0
361.19,1829.0
361.2,1781.0
361.22,1679.0
361.24,1575.0
361.25,1522.0
361.27,1415.0
361.29,1309.0
361.3,1256.0
361.32,1154.0
361.34,1055.0
361.35,1008.0
361.37,917.8
361.38,875.3
361.4,795.9
361.42,724.7
361.43,692.5
361.45,634.9
361.47,587.1
361.48,567.0
361.5,534.6
361.52,512.8
361.53,505.9
361.55,500.1
361.57,505.0
361.58,511.4
361.6,531.9
361.62,562.5
361.63,581.5
361.65,626.1
361.67,679.3
361.68,708.8
361.7,773.0
361.71,807.4
361.73,880.1
361.75,956.9
361.76,996.4
361.78,1077.0
361.8,1157.0
361.81,1197.0
361.83,1275.0
361.85,1348.0
361.86,1384.0
361.88,1449.0
361.9,1507.0
361.91,1533.0
361.93,1578.0
361.95,1613.0
361.96,1626.0
361.98,1645.0
362.0,1654.0
362.01,1654.0
362.03,1646.0
362.05,1628.0
362.06,1616.0
362.08,1585.0
362.09,1566.0
362.11,1523.0
362.13,1474.0
362.14,1448.0
362.16,1392.0
362.18,1333.0
362.19,1303.0
362.21,1241.0
362.23,1179.0
362.24,1148.0
362.26,1087.0
362.28,1027.0
362.29,997.8
362.31,941.2
362.33,887.1
362.34,861.0
362.36,811.0
362.38,763.9
362.39,741.3
362.41,698.3
362.43,658.0
362.44,638.8
362.46,602.3
362.47,584.9
362.49,552.0
362.51,521.4
362.52,507.0
362.54,479.9
362.56,455.2
362.57,443.9
362.59,423.2
362.61,405.5
362.62,397.9
362.64,385.3
362.66,376.6
362.67,373.9
362.69,372.1
362.71,375.4
362.72,379.2
362.74,391.5
362.76,410.4
362.77,422.5
362.79,452.3
362.81,490.1
362.82,512.1
362.84,562.5
362.85,591.0
362.87,654.4
362.89,726.7
362.9,766.0
362.92,850.9
362.94,943.8
362.95,993.0
362.97,1096.0
362.99,1205.0
363.0,1262.0
363.02,1377.0
363.04,1494.0
363.05,1553.0
363.07,1671.0
363.09,1786.0
363.1,1843.0
363.12,1951.0
363.14,2053.0
363.15,2101.0
363.17,2189.0
363.18,2229.0
363.2,2300.0
363.22,2359.0
363.23,2383.0
363.25,2421.0
363.27,2444.0
363.28,2450.0
363.3,2451.0
363.32,2437.0
363.33,2425.0
363.35,2392.0
363.37,2345.0
363.38,2318.0
363.4,2255.0
363.42,2183.0
363.43,2143.0
363.45,2060.0
363.47,1970.0
363.48,1923.0
363.5,1827.0
363.52,1729.0
363.53,1679.0
363.55,1580.0
363.56,1530.0
363.58,1432.0
363.6,1337.0
363.61,1290.0
363.63,1199.0
363.65,1112.0
363.66,1070.0
363.68,989.5
363.7,914.5
363.71,879.0
363.73,812.2
363.75,751.1
363.76,722.6
363.78,670.0
363.8,622.9
363.81,601.5
363.83,562.6
363.85,529.0
363.86,514.1
363.88,488.0
363.9,466.4
363.91,457.3
363.93,442.2
363.94,436.1
363.96,426.8
363.98,421.1
363.99,419.5
364.01,418.6
364.03,420.8
364.04,423.0
364.06,429.4
364.08,438.5
364.09,444.0
364.11,456.9
364.13,472.3
364.14,480.9
364.16,499.9
364.18,521.3
364.19,532.9
364.21,557.9
364.23,585.1
364.24,599.6
364.26,630.1
364.28,662.6
364.29,679.6
364.31,714.9
364.32,733.1
364.34,770.6
364.36,809.4
364.37,829.1
364.39,869.0
364.41,909.3
364.42,929.6
364.44,969.9
364.46,1010.0
364.47,1030.0
364.49,1069.0
364.51,1107.0
364.52,1125.0
364.54,1162.0
364.56,1197.0
364.57,1213.0
364.59,1246.0
364.61,1277.0
364.62,1292.0
364.64,1320.0
364.65,1333.0
364.67,1358.0
364.69,1381.0
364.7,1392.0
364.72,1411.0
364.74,1428.0
364.75,1435.0
364.77,1447.0
364.79,1456.0
364.8,1458.0
364.82,1461.0
364.84,1460.0
364.85,1457.0
364.87,1449.0
364.89,1436.0
364.9,1427.0
364.92,1407.0
364.94,1382.0
364.95,1368.0
364.97,1336.0
364.99,1300.0
365.0,1281.0
365.02,1240.0
365.03,1218.0
365.05,1173.0
365.07,1125.0
365.08,1101.0
365.1,1051.0
365.12,1002.0
365.13,976.7
365.15,927.3
365.17,878.7
365.18,855.0
365.2,808.8
365.22,764.8
365.23,743.8
365.25,703.9
365.27,667.1
365.28,650.1
365.3,618.9
365.32,592.1
365.33,580.4
365.35,560.9
365.37,547.1
365.38,542.6
365.4,538.7
365.41,539.5
365.43,547.3
365.45,564.2
365.46,576.4
365.48,609.0
365.5,653.5
365.51,680.5
365.53,745.1
365.55,824.3
365.56,869.8
365.58,973.0
365.6,1093.0
365.61,1160.0
365.63,1305.0
365.65,1469.0
365.66,1556.0
365.68,1744.0
365.7,1946.0
365.71,2051.0
365.73,2271.0
365.75,2499.0
365.76,2616.0
365.78,2850.0
365.79,2968.0
365.81,3200.0
365.83,3425.0
365.84,3533.0
365.86,3738.0
365.88,3925.0
365.89,4010.0
365.91,4161.0
365.93,4284.0
365.94,4333.0
365.96,4407.0
365.98,4447.0
365.99,4454.0
366.01,4440.0
366.03,4392.0
366.04,4354.0
366.06,4255.0
366.08,4125.0
366.09,4050.0
366.11,3880.0
366.12,3787.0
366.14,3586.0
366.16,3371.0
366.17,3258.0
366.19,3028.0
366.21,2794.0
366.22,2677.0
366.24,2444.0
366.26,2217.0
366.27,2107.0
366.29,1894.0
366.31,1693.0
366.32,1598.0
366.34,1418.0
366.36,1254.0
366.37,1178.0
366.39,1038.0
366.41,912.7
366.42,855.8
366.44,753.0
366.46,663.8
366.47,623.9
366.49,552.8
366.5,521.4
366.52,465.8
366.54,418.9
366.55,398.3
366.57,362.4
366.59,332.3
366.6,319.2
366.62,296.2
366.64,276.9
366.65,268.5
366.67,253.7
366.69,241.2
366.7,235.6
366.72,225.8
366.74,217.4
366.75,213.7
366.77,207.1
366.79,201.5
366.8,199.0
366.82,194.7
366.84,191.1
366.85,189.5
366.87,186.9
366.88,185.9
366.9,184.1
366.92,182.9
366.93,182.5
366.95,182.1
366.97,182.3
366.98,182.7
367.0,183.8
367.02,185.9
367.03,187.3
367.05,191.0
367.07,196.3
367.08,199.7
367.1,208.1
367.12,219.3
367.13,226.2
367.15,242.9
367.17,264.4
367.18,277.2
367.2,307.4
367.22,344.8
367.23,366.6
367.25,416.8
367.26,445.6
367.28,511.0
367.3,587.9
367.31,630.9
367.33,726.6
367.35,835.5
367.36,895.1
367.38,1025.0
367.4,1168.0
367.41,1244.0
367.43,1407.0
367.45,1581.0
367.46,1672.0
367.48,1860.0
367.5,2055.0
367.51,2154.0
367.53,2354.0
367.55,2553.0
367.56,2651.0
367.58,2842.0
367.59,2935.0
367.61,3110.0
367.63,3270.0
367.64,3343.0
367.66,3474.0
367.68,3581.0
367.69,3626.0
367.71,3694.0
367.73,3734.0
367.74,3743.0
367.76,3740.0
367.78,3708.0
367.79,3681.0
367.81,3607.0
367.83,3508.0
367.84,3449.0
367.86,3317.0
367.88,3166.0
367.89,3085.0
367.91,2914.0
367.93,2732.0
367.94,2639.0
367.96,2450.0
367.97,2356.0
367.99,2167.0
368.01,1982.0
368.02,1891.0
368.04,1717.0
368.06,1551.0
368.07,1473.0
368.09,1324.0
368.11,1188.0
368.12,1124.0
368.14,1007.0
368.16,903.5
368.17,856.3
368.19,771.3
368.21,698.2
368.22,666.0
368.24,609.6
368.26,563.5
368.27,544.1
368.29,512.0
368.31,488.3
368.32,479.5
368.34,467.5
368.35,464.3
368.37,463.1
368.39,468.9
368.4,474.3
368.42,490.1
368.44,512.8
368.45,526.7
368.47,559.8
368.49,600.0
368.5,622.9
368.52,674.2
368.54,733.1
368.55,765.3
368.57,835.6
368.59,913.2
368.6,954.7
368.62,1043.0
368.64,1137.0
368.65,1186.0
368.67,1288.0
368.69,1394.0
368.7,1448.0
368.72,1557.0
368.73,1611.0
368.75,1718.0
368.77,1823.0
368.78,1873.0
368.8,1969.0
368.82,2057.0
368.83,2098.0
368.85,2170.0
368.87,2230.0
368.88,2255.0
368.9,2293.0
368.92,2316.0
368.93,2321.0
368.95,2320.0
368.97,2302.0
368.98,2287.0
369.0,2245.0
369.02,2189.0
369.03,2155.0
369.05,2080.0
369.06,2037.0
369.08,1946.0
369.1,1846.0
369.11,1794.0
369.13,1687.0
369.15,1577.0
369.16,1521.0
369.18,1410.0
369.2,1302.0
369.21,1248.0
369.23,1146.0
369.25,1049.0
369.26,1002.0
369.28,915.2
369.3,835.5
369.31,798.5
369.33,730.5
369.35,670.3
369.36,643.1
369.38,594.2
369.4,552.4
369.41,534.0
369.43,501.9
369.44,488.1
369.46,464.5
369.48,445.9
369.49,438.4
369.51,426.7
369.53,419.2
369.54,417.0
369.56,415.7
369.58,418.4
369.59,421.4
369.61,430.8
369.63,445.2
369.64,454.4
369.66,477.3
369.68,506.7
369.69,524.1
369.71,564.9
369.73,614.3
369.74,642.5
369.76,706.4
369.78,780.8
369.79,822.3
369.81,913.9
369.82,964.2
369.84,1074.0
369.86,1196.0
369.87,1262.0
369.89,1403.0
369.91,1555.0
369.92,1635.0
369.94,1804.0
369.96,1983.0
369.97,2075.0
369.99,2266.0
370.01,2463.0
370.02,2563.0
370.04,2766.0
370.06,2971.0
370.07,3074.0
370.09,3278.0
370.11,3480.0
370.12,3580.0
370.14,3775.0
370.16,3964.0
370.17,4056.0
370.19,4235.0
370.2,4321.0
370.22,4487.0
370.24,4645.0
370.25,4720.0
370.27,4866.0
370.29,5004.0
370.3,5071.0
370.32,5199.0
370.34,5322.0
370.35,5381.0
370.37,5498.0
370.39,5611.0
370.4,5666.0
370.42,5775.0
370.44,5881.0
370.45,5933.0
370.47,6035.0
370.49,6133.0
370.5,6179.0
370.52,6268.0
370.53,6310.0
370.55,6386.0
370.57,6451.0
370.58,6478.0
370.6,6521.0
370.62,6548.0
370.63,6553.0
370.65,6550.0
370.67,6524.0
370.68,6502.0
370.7,6441.0
370.72,6355.0
370.73,6304.0
370.75,6182.0
370.77,6038.0
370.78,5958.0
370.8,5783.0
370.82,5590.0
370.83,5488.0
370.85,5274.0
370.87,5050.0
370.88,4935.0
370.9,4701.0
370.91,4583.0
370.93,4346.0
370.95,4111.0
370.96,3994.0
370.98,3765.0
371.0,3542.0
371.01,3433.0
371.03,3222.0
371.05,3019.0
371.06,2921.0
371.08,2732.0
371.1,2551.0
371.11,2465.0
371.13,2297.0
371.15,2138.0
371.16,2061.0
371.18,1913.0
371.2,1772.0
371.21,1704.0
371.23,1572.0
371.25,1447.0
371.26,1386.0
371.28,1270.0
371.29,1215.0
371.31,1108.0
371.33,1008.0
371.34,960.2
371.36,870.3
371.38,787.8
371.39,749.4
371.41,678.4
371.43,615.6
371.44,587.3
371.46,537.2
371.48,495.8
371.49,478.4
371.51,450.3
371.53,431.3
371.54,425.1
371.56,419.6
371.58,423.0
371.59,428.0
371.61,444.7
371.63,470.1
371.64,486.0
371.66,524.0
371.67,546.1
371.69,596.2
371.71,654.1
371.72,685.8
371.74,754.4
371.76,829.7
371.77,869.7
371.79,953.9
371.81,1043.0
371.82,1090.0
371.84,1186.0
371.86,1286.0
371.87,1336.0
371.89,1440.0
371.91,1546.0
371.92,1599.0
371.94,1706.0
371.96,1815.0
371.97,1870.0
371.99,1980.0
372.0,2036.0
372.02,2149.0
372.04,2264.0
372.05,2324.0
372.07,2446.0
372.09,2576.0
372.1,2644.0
372.12,2787.0
372.14,2943.0
372.15,3027.0
372.17,3206.0
372.19,3403.0
372.2,3509.0
372.22,3738.0
372.24,3990.0
372.25,4124.0
372.27,4411.0
372.29,4721.0
372.3,4884.0
372.32,5225.0
372.34,5584.0
372.35,5769.0
372.37,6146.0
372.38,6336.0
372.4,6718.0
372.42,7096.0
372.43,7281.0
372.45,7637.0
372.47,7969.0
372.48,8124.0
372.5,8406.0
372.52,8645.0
372.53,8746.0
372.55,8910.0
372.57,9016.0
372.58,9047.0
372.6,9062.0
372.62,9014.0
372.63,8966.0
372.65,8825.0
372.67,8624.0
372.68,8503.0
372.7,8221.0
372.72,7893.0
372.73,7713.0
372.75,7326.0
372.76,7121.0
372.78,6694.0
372.8,6249.0
372.81,6023.0
372.83,5568.0
372.85,5114.0
372.86,4891.0
372.88,4453.0
372.9,4033.0
372.91,3831.0
372.93,3446.0
372.95,3090.0
372.96,2924.0
372.98,2616.0
373.0,2343.0
373.01,2220.0
373.03,2001.0
373.05,1819.0
373.06,1741.0
373.08,1615.0
373.09,1566.0
373.11,1495.0
373.13,1462.0
373.14,1459.0
373.16,1482.0
373.18,1542.0
373.19,1586.0
373.21,1703.0
373.23,1858.0
373.24,1950.0
373.26,2163.0
373.28,2414.0
373.29,2555.0
373.31,2866.0
373.33,3215.0
373.34,3404.0
373.36,3811.0
373.38,4255.0
373.39,4489.0
373.41,4984.0
373.43,5509.0
373.44,5781.0
373.46,6344.0
373.47,6633.0
373.49,7222.0
373.51,7822.0
373.52,8123.0
373.54,8723.0
373.56,9314.0
373.57,9604.0
373.59,10160.0
373.61,10690.0
373.62,10940.0
373.64,11410.0
373.66,11820.0
373.67,12000.0
373.69,12320.0
373.71,12570.0
373.72,12660.0
373.74,12790.0
373.76,12830.0
373.77,12820.0
373.79,12740.0
373.81,12570.0
373.82,12460.0
373.84,12170.0
373.85,12000.0
373.87,11610.0
373.89,11160.0
373.9,10910.0
373.92,10380.0
373.94,9806.0
373.95,9509.0
373.97,8899.0
373.99,8275.0
374.0,7962.0
374.02,7336.0
374.04,6721.0
374.05,6420.0
374.07,5835.0
374.09,5279.0
374.1,5013.0
374.12,4510.0
374.14,4046.0
374.15,3830.0
374.17,3429.0
374.19,3072.0
374.2,2909.0
374.22,2616.0
374.23,2484.0
374.25,2252.0
374.27,2056.0
374.28,1972.0
374.3,1828.0
374.32,1714.0
374.33,1667.0
374.35,1592.0
374.37,1540.0
374.38,1521.0
374.4,1497.0
374.42,1488.0
374.43,1489.0
374.45,1499.0
374.47,1518.0
374.48,1531.0
374.5,1563.0
374.52,1600.0
374.53,1621.0
374.55,1666.0
374.56,1690.0
374.58,1741.0
374.6,1796.0
374.61,1825.0
374.63,1884.0
374.65,1947.0
374.66,1979.0
374.68,2046.0
374.7,2116.0
374.71,2152.0
374.73,2225.0
374.75,2301.0
374.76,2339.0
374.78,2416.0
374.8,2494.0
374.81,2532.0
374.83,2608.0
374.85,2682.0
374.86,2717.0
374.88,2784.0
374.9,2844.0
374.91,2871.0
374.93,2919.0
374.94,2939.0
374.96,2971.0
374.98,2990.0
374.99,2995.0
375.01,2993.0
375.03,2977.0
375.04,2963.0
375.06,2923.0
375.08,2869.0
375.09,2836.0
375.11,2760.0
375.13,2671.0
375.14,2622.0
375.16,2515.0
375.18,2400.0
375.19,2339.0
375.21,2213.0
375.23,2083.0
375.24,2017.0
375.26,1884.0
375.28,1753.0
375.29,1689.0
375.31,1563.0
375.32,1503.0
375.34,1387.0
375.36,1280.0
375.37,1230.0
375.39,1139.0
375.41,1059.0
375.42,1024.0
375.44,964.5
375.46,918.8
375.47,901.4
375.49,877.9
375.51,870.0
375.52,871.9
375.54,887.8
375.56,919.9
375.57,942.1
375.59,998.8
375.61,1072.0
375.62,1115.0
375.64,1212.0
375.66,1325.0
375.67,1388.0
375.69,1524.0
375.7,1598.0
375.72,1756.0
375.74,1928.0
375.75,2018.0
375.77,2208.0
375.79,2409.0
375.8,2514.0
375.82,2728.0
375.84,2950.0
375.85,3064.0
375.87,3294.0
375.89,3527.0
375.9,3644.0
375.92,3879.0
375.94,4111.0
375.95,4226.0
375.97,4453.0
375.99,4672.0
376.0,4779.0
376.02,4983.0
376.03,5081.0
376.05,5267.0
376.07,5436.0
376.08,5515.0
376.1,5657.0
376.12,5779.0
376.13,5831.0
376.15,5918.0
376.17,5981.0
376.18,6003.0
376.2,6026.0
376.22,6024.0
376.23,6012.0
376.25,5969.0
376.27,5900.0
376.28,5855.0
376.3,5749.0
376.32,5619.0
376.33,5546.0
376.35,5385.0
376.37,5207.0
376.38,5113.0
376.4,4913.0
376.41,4809.0
376.43,4595.0
376.45,4375.0
376.46,4263.0
376.48,4038.0
376.5,3815.0
376.51,3704.0
376.53,3485.0
376.55,3272.0
376.56,3168.0
376.58,2967.0
376.6,2776.0
376.61,2683.0
376.63,2507.0
376.65,2341.0
376.66,2261.0
376.68,2111.0
376.7,1970.0
376.71,1903.0
376.73,1777.0
376.75,1658.0
376.76,1602.0
376.78,1496.0
376.79,1445.0
376.81,1348.0
376.83,1257.0
376.84,1213.0
376.86,1130.0
376.88,1051.0
376.89,1013.0
376.91,940.8
376.93,872.5
376.94,839.8
376.96,777.5
376.98,719.3
376.99,691.8
377.01,640.2
377.03,593.2
377.04,571.5
377.06,531.9
377.08,497.5
377.09,482.4
377.11,456.2
377.13,435.7
377.14,427.6
377.16,415.6
377.17,411.8
377.19,408.2
377.21,410.1
377.22,413.0
377.24,422.4
377.26,436.3
377.27,444.8
377.29,464.5
377.31,487.3
377.32,499.6
377.34,525.6
377.36,552.9
377.37,566.7
377.39,594.3
377.41,621.2
377.42,634.0
377.44,658.3
377.46,679.9
377.47,689.5
377.49,706.0
377.5,712.8
377.52,723.1
377.54,728.9
377.55,730.0
377.57,728.6
377.59,722.4
377.6,717.6
377.62,704.4
377.64,686.8
377.65,676.6
377.67,653.2
377.69,626.6
377.7,612.2
377.72,581.6
377.74,549.1
377.75,532.3
377.77,497.9
377.79,463.0
377.8,445.5
377.82,410.7
377.84,376.6
377.85,359.9
377.87,327.4
377.88,311.7
377.9,281.5
377.92,253.2
377.93,239.7
377.95,214.3
377.97,190.9
377.98,180.0
378.0,159.7
378.02,141.4
378.03,133.0
378.05,117.6
378.07,104.0
378.08,97.9
378.1,86.89
378.12,77.46
378.13,73.31
378.15,66.08
378.17,60.2
378.18,57.76
378.2,53.81
378.22,51.09
378.23,50.18
378.25,49.25
378.26,49.23
378.28,50.08
378.3,52.15
378.31,53.65
378.33,57.62
378.35,62.93
378.36,66.1
378.38,73.52
378.4,82.46
378.41,87.52
378.43,98.86
378.45,111.9
378.46,119.1
378.48,134.8
378.5,152.3
378.51,161.7
378.53,182.0
378.55,204.1
378.56,215.8
378.58,240.5
378.6,266.8
378.61,280.5
378.63,308.8
378.64,323.4
378.66,353.3
378.68,383.9
378.69,399.4
378.71,430.3
378.73,461.1
378.74,476.2
378.76,505.9
378.78,534.2
378.79,547.7
378.81,573.4
378.83,596.7
378.84,607.4
378.86,626.6
378.88,642.8
378.89,649.6
378.91,660.9
378.93,668.9
378.94,671.7
378.96,675.0
378.97,675.6
378.99,674.9
379.01,672.0
379.02,670.0
379.04,665.2
379.06,660.2
379.07,657.8
379.09,654.2
379.11,653.0
379.12,653.6
379.14,658.0
379.16,667.9
379.17,675.3
379.19,695.6
379.21,724.6
379.22,742.7
379.24,786.7
379.26,842.0
379.27,874.2
379.29,948.0
379.31,1035.0
379.32,1083.0
379.34,1190.0
379.35,1248.0
379.37,1375.0
379.39,1513.0
379.4,1586.0
379.42,1741.0
379.44,1904.0
379.45,1988.0
379.47,2161.0
379.49,2337.0
379.5,2426.0
379.52,2602.0
379.54,2774.0
379.55,2858.0
379.57,3020.0
379.59,3170.0
379.6,3240.0
379.62,3369.0
379.64,3479.0
379.65,3527.0
379.67,3607.0
379.69,3664.0
379.7,3684.0
379.72,3706.0
379.73,3707.0
379.75,3693.0
379.77,3654.0
379.78,3626.0
379.8,3554.0
379.82,3461.0
379.83,3407.0
379.85,3287.0
379.87,3151.0
379.88,3079.0
379.9,2925.0
379.92,2763.0
379.93,2680.0
379.95,2510.0
379.97,2337.0
379.98,2251.0
380.0,2080.0
380.02,1913.0
380.03,1831.0
380.05,1672.0
380.07,1520.0
380.08,1447.0
380.1,1308.0
380.11,1242.0
380.13,1118.0
380.15,1004.0
380.16,950.4
380.18,851.7
380.2,763.3
380.21,722.8
380.23,649.1
380.25,584.9
380.26,556.1
380.28,505.1
380.3,462.1
380.31,443.5
380.33,411.6
380.35,386.3
380.36,375.9
380.38,359.4
380.4,348.0
380.41,344.0
380.43,339.0
380.44,337.9
380.46,338.0
380.48,340.8
380.49,343.0
380.51,348.8
380.53,355.9
380.54,359.8
380.56,367.9
380.58,376.1
380.59,380.1
380.61,387.7
380.63,394.4
380.64,397.3
380.66,402.1
380.68,405.3
380.69,406.3
380.71,406.9
380.73,405.6
380.74,404.3
380.76,400.2
380.78,394.4
380.79,390.8
380.81,382.6
380.82,377.9
380.84,367.7
380.86,356.4
380.87,350.5
380.89,338.4
380.91,326.1
380.92,319.9
380.94,308.0
380.96,296.8
380.97,291.6
380.99,282.2
381.01,274.5
381.02,271.4
381.04,267.0
381.06,265.3
381.07,265.6
381.09,268.6
381.11,275.4
381.12,280.4
381.14,293.6
381.16,311.7
381.17,322.7
381.19,349.2
381.2,364.8
381.22,401.0
381.24,444.8
381.25,469.8
381.27,526.7
381.29,593.8
381.3,631.5
381.32,716.6
381.34,815.8
381.35,871.4
381.37,996.2
381.39,1141.0
381.4,1223.0
381.42,1405.0
381.44,1616.0
381.45,1735.0
381.47,1999.0
381.49,2306.0
381.5,2477.0
381.52,2858.0
381.53,3070.0
381.55,3541.0
381.57,4080.0
381.58,4378.0
381.6,5034.0
381.62,5776.0
381.63,6181.0
381.65,7063.0
381.67,8045.0
381.68,8574.0
381.7,9709.0
381.72,10950.0
381.73,11600.0
381.75,12990.0
381.77,14460.0
381.78,15230.0
381.8,16820.0
381.82,18470.0
381.83,19300.0
381.85,21000.0
381.87,22690.0
381.88,23540.0
381.9,25190.0
381.91,25990.0
381.93,27530.0
381.95,28970.0
381.96,29640.0
381.98,30850.0
382.0,31890.0
382.01,32340.0
382.03,33080.0
382.05,33580.0
382.06,33750.0
382.08,33900.0
382.1,33800.0
382.11,33660.0
382.13,33200.0
382.15,32500.0
382.16,32080.0
382.18,31070.0
382.2,29870.0
382.21,29220.0
382.23,27800.0
382.25,26260.0
382.26,25460.0
382.28,23810.0
382.29,22970.0
382.31,21270.0
382.33,19570.0
382.34,18730.0
382.36,17090.0
382.38,15510.0
382.39,14750.0
382.41,13290.0
382.43,11940.0
382.44,11310.0
382.46,10120.0
382.48,9061.0
382.49,8574.0
382.51,7691.0
382.53,6926.0
382.54,6586.0
382.56,5989.0
382.58,5495.0
382.59,5285.0
382.61,4932.0
382.63,4663.0
382.64,4557.0
382.66,4398.0
382.67,4343.0
382.69,4276.0
382.71,4262.0
382.72,4272.0
382.74,4323.0
382.76,4412.0
382.77,4469.0
382.79,4605.0
382.81,4768.0
382.82,4858.0
382.84,5056.0
382.86,5274.0
382.87,5390.0
382.89,5636.0
382.91,5897.0
382.92,6034.0
382.94,6318.0
382.96,6616.0
382.97,6770.0
382.99,7085.0
383.0,7246.0
383.02,7575.0
383.04,7911.0
383.05,8080.0
383.07,8420.0
383.09,8759.0
383.1,8926.0
383.12,9256.0
383.14,9575.0
383.15,9728.0
383.17,10020.0
383.19,10290.0
383.2,10420.0
383.22,10650.0
383.24,10840.0
383.25,10920.0
383.27,11060.0
383.29,11160.0
383.3,11200.0
383.32,11240.0
383.34,11240.0
383.35,11230.0
383.37,11180.0
383.38,11140.0
383.4,11050.0
383.42,10940.0
383.43,10880.0
383.45,10750.0
383.47,10620.0
383.48,10570.0
383.5,10460.0
383.52,10380.0
383.53,10350.0
383.55,10320.0
383.57,10340.0
383.58,10360.0
383.6,10460.0
383.62,10610.0
383.63,10700.0
383.65,10940.0
383.67,11220.0
383.68,11390.0
383.7,11740.0
383.72,12140.0
383.73,12350.0
383.75,12780.0
383.76,13000.0
383.78,13450.0
383.8,13880.0
383.81,14090.0
383.83,14480.0
383.85,14820.0
383.86,14980.0
383.88,15230.0
383.9,15420.0
383.91,15480.0
383.93,15530.0
383.95,15500.0
383.96,15450.0
383.98,15270.0
384.0,15010.0
384.01,14840.0
384.03,14440.0
384.05,13960.0
384.06,13690.0
384.08,13110.0
384.1,12460.0
384.11,12130.0
384.13,11420.0
384.14,11060.0
384.16,10310.0
384.18,9563.0
384.19,9186.0
384.21,8440.0
384.23,7710.0
384.24,7354.0
384.26,6665.0
384.28,6013.0
384.29,5702.0
384.31,5115.0
384.33,4576.0
384.34,4326.0
384.36,3865.0
384.38,3458.0
384.39,3275.0
384.41,2950.0
384.43,2678.0
384.44,2562.0
384.46,2368.0
384.47,2291.0
384.49,2172.0
384.51,2100.0
384.52,2081.0
384.54,2074.0
384.56,2108.0
384.57,2139.0
384.59,2228.0
384.61,2349.0
384.62,2420.0
384.64,2582.0
384.66,2767.0
384.67,2867.0
384.69,3078.0
384.71,3300.0
384.72,3415.0
384.74,3645.0
384.76,3875.0
384.77,3988.0
384.79,4207.0
384.81,4413.0
384.82,4509.0
384.84,4686.0
384.85,4766.0
384.87,4905.0
384.89,5015.0
384.9,5058.0
384.92,5118.0
384.94,5144.0
384.95,5144.0
384.97,5117.0
384.99,5054.0
385.0,5010.0
385.02,4898.0
385.04,4755.0
385.05,4673.0
385.07,4490.0
385.09,4285.0
385.1,4175.0
385.12,3944.0
385.14,3701.0
385.15,3576.0
385.17,3323.0
385.19,3069.0
385.2,2942.0
385.22,2693.0
385.23,2570.0
385.25,2333.0
385.27,2107.0
385.28,1999.0
385.3,1795.0
385.32,1606.0
385.33,1518.0
385.35,1354.0
385.37,1208.0
385.38,1142.0
385.4,1022.0
385.42,918.6
385.43,873.0
385.45,793.3
385.47,728.1
385.48,700.5
385.5,654.9
385.52,620.8
385.53,607.7
385.55,588.7
385.57,578.3
385.58,576.0
385.6,576.5
385.61,579.1
385.63,588.3
385.65,602.3
385.66,610.9
385.68,630.7
385.7,653.5
385.71,665.9
385.73,692.3
385.75,720.5
385.76,735.1
385.78,765.2
385.8,796.1
385.81,811.7
385.83,843.0
385.85,874.1
385.86,889.4
385.88,919.4
385.9,948.0
385.91,961.7
385.93,987.5
385.94,999.5
385.96,1021.0
385.98,1040.0
385.99,1048.0
386.01,1061.0
386.03,1069.0
386.04,1072.0
386.06,1074.0
386.08,1070.0
386.09,1067.0
386.11,1056.0
386.13,1040.0
386.14,1031.0
386.16,1008.0
386.18,980.9
386.19,965.9
386.21,933.3
386.23,897.7
386.24,878.9
386.26,839.9
386.28,799.4
386.29,778.9
386.31,737.4
386.32,716.7
386.34,675.7
386.36,635.7
386.37,616.3
386.39,578.6
386.41,543.1
386.42,526.1
386.44,494.1
386.46,464.7
386.47,451.0
386.49,425.6
386.51,402.9
386.52,392.4
386.54,373.4
386.56,356.7
386.57,349.2
386.59,335.6
386.61,323.8
386.62,318.5
386.64,309.1
386.66,301.1
386.67,297.6
386.69,291.5
386.7,288.9
386.72,284.6
386.74,281.5
386.75,280.5
386.77,279.6
386.79,280.5
386.8,281.7
386.82,285.9
386.84,292.9
386.85,297.6
386.87,309.8
386.89,326.4
386.9,336.6
386.92,361.2
386.94,392.1
386.95,410.3
386.97,452.7
386.99,503.7
387.0,532.9
387.02,598.9
387.04,676.0
387.05,719.0
387.07,814.3
387.08,866.7
387.1,981.5
387.12,1110.0
387.13,1179.0
387.15,1328.0
387.17,1489.0
387.18,1575.0
387.2,1755.0
387.22,1946.0
387.23,2045.0
387.25,2249.0
387.27,2458.0
387.28,2564.0
387.3,2778.0
387.32,2990.0
387.33,3095.0
387.35,3299.0
387.37,3494.0
387.38,3587.0
387.4,3761.0
387.41,3842.0
387.43,3989.0
387.45,4113.0
387.46,4167.0
387.48,4254.0
387.5,4314.0
387.51,4333.0
387.53,4350.0
387.55,4339.0
387.56,4322.0
387.58,4269.0
387.6,4188.0
387.61,4139.0
387.63,4023.0
387.65,3886.0
387.66,3810.0
387.68,3647.0
387.7,3471.0
387.71,3379.0
387.73,3189.0
387.75,2994.0
387.76,2896.0
387.78,2699.0
387.79,2601.0
387.81,2408.0
387.83,2220.0
387.84,2129.0
387.86,1953.0
387.88,1786.0
387.89,1707.0
387.91,1556.0
387.93,1416.0
387.94,1351.0
387.96,1228.0
387.98,1117.0
387.99,1065.0
388.01,969.4
388.03,884.1
388.04,845.0
388.06,773.7
388.08,711.0
388.09,682.6
388.11,631.6
388.13,587.7
388.14,568.2
388.16,533.8
388.17,518.8
388.19,492.9
388.21,472.1
388.22,463.5
388.24,449.6
388.26,440.0
388.27,436.7
388.29,432.9
388.31,432.7
388.32,433.9
388.34,438.6
388.36,446.4
388.37,451.4
388.39,463.5
388.41,478.3
388.42,486.6
388.44,505.1
388.46,526.1
388.47,537.4
388.49,561.8
388.51,588.4
388.52,602.5
388.54,632.3
388.55,648.1
388.57,681.2
388.59,716.6
388.6,735.1
388.62,773.9
388.64,815.2
388.65,836.8
388.67,882.0
388.69,930.1
388.7,955.2
388.72,1008.0
388.74,1064.0
388.75,1093.0
388.77,1154.0
388.79,1219.0
388.8,1253.0
388.82,1323.0
388.84,1397.0
388.85,1435.0
388.87,1514.0
388.88,1555.0
388.9,1638.0
388.92,1723.0
388.93,1766.0
388.95,1853.0
388.97,1939.0
388.98,1981.0
389.0,2065.0
389.02,2145.0
389.03,2183.0
389.05,2255.0
389.07,2320.0
389.08,2349.0
389.1,2401.0
389.12,2443.0
389.13,2459.0
389.15,2483.0
389.17,2494.0
389.18,2494.0
389.2,2485.0
389.22,2463.0
389.23,2447.0
389.25,2405.0
389.26,2379.0
389.28,2318.0
389.3,2247.0
389.31,2208.0
389.33,2122.0
389.35,2030.0
389.36,1981.0
389.38,1880.0
389.4,1776.0
389.41,1723.0
389.43,1617.0
389.45,1511.0
389.46,1459.0
389.48,1357.0
389.5,1259.0
389.51,1212.0
389.53,1121.0
389.55,1036.0
389.56,996.3
389.58,921.2
389.6,853.0
389.61,821.5
389.63,763.7
389.64,737.3
389.66,689.6
389.68,648.3
389.69,630.0
389.71,597.9
389.73,571.4
389.74,560.1
389.76,541.4
389.78,527.3
389.79,521.9
389.81,514.2
389.83,510.4
389.84,509.8
389.86,511.4
389.88,516.3
389.89,520.0
389.91,529.8
389.93,542.8
389.94,550.6
389.96,568.7
389.98,590.7
389.99,603.2
390.01,631.7
390.02,647.8
390.04,684.3
390.06,727.4
390.07,751.7
390.09,806.8
390.11,871.8
390.12,908.5
390.14,991.8
390.16,1090.0
390.17,1145.0
390.19,1270.0
390.21,1416.0
390.22,1498.0
390.24,1681.0
390.26,1893.0
390.27,2011.0
390.29,2271.0
390.31,2567.0
390.32,2729.0
390.34,3084.0
390.35,3276.0
390.37,3693.0
390.39,4153.0
390.4,4400.0
390.42,4924.0
390.44,5490.0
390.45,5787.0
390.47,6410.0
390.49,7066.0
390.5,7404.0
390.52,8099.0
390.54,8810.0
390.55,9169.0
390.57,9889.0
390.59,10600.0
390.6,10950.0
390.62,11640.0
390.64,12290.0
390.65,12590.0
390.67,13170.0
390.69,13690.0
390.7,13920.0
390.72,14320.0
390.73,14490.0
390.75,14760.0
390.77,14940.0
390.78,14990.0
390.8,15020.0
390.82,14950.0
390.83,14870.0
390.85,14650.0
390.87,14340.0
390.88,14140.0
390.9,13700.0
390.92,13170.0
390.93,12890.0
390.95,12270.0
390.97,11600.0
390.98,11250.0
391.0,10520.0
391.02,9779.0
391.03,9403.0
391.05,8649.0
391.07,7902.0
391.08,7535.0
391.1,6816.0
391.11,6466.0
391.13,5792.0
391.15,5155.0
391.16,4852.0
391.18,4279.0
391.2,3752.0
391.21,3506.0
391.23,3049.0
391.25,2639.0
391.26,2451.0
391.28,2108.0
391.3,1808.0
391.31,1673.0
391.33,1431.0
391.35,1224.0
391.36,1132.0
391.38,970.3
391.4,835.1
391.41,776.3
391.43,674.5
391.44,630.7
391.46,555.5
391.48,494.8
391.49,469.1
391.51,425.7
391.53,391.3
391.54,377.0
391.56,353.1
391.58,334.5
391.59,326.8
391.61,314.1
391.63,304.2
391.64,300.1
391.66,293.3
391.68,287.9
391.69,285.5
391.71,281.5
391.73,278.1
391.74,276.6
391.76,273.7
391.78,271.0
391.79,269.8
391.81,267.3
391.82,266.0
391.84,263.5
391.86,261.0
391.87,259.8
391.89,257.2
391.91,254.6
391.92,253.3
391.94,250.6
391.96,247.9
391.97,246.5
391.99,243.8
392.01,241.0
392.02,239.7
392.04,237.0
392.06,234.4
392.07,233.1
392.09,230.7
392.11,228.3
392.12,227.2
392.14,225.2
392.16,223.4
392.17,222.6
392.19,221.3
392.2,220.9
392.22,220.4
392.24,220.6
392.25,221.0
392.27,222.7
392.29,225.9
392.3,228.1
392.32,234.3
392.34,243.4
392.35,249.2
392.37,264.2
392.39,284.8
392.4,297.7
392.42,329.9
392.44,372.6
392.45,398.9
392.47,463.4
392.49,547.6
392.5,598.7
392.52,722.8
392.54,882.5
392.55,978.6
392.57,1210.0
392.58,1348.0
392.6,1679.0
392.62,2098.0
392.63,2347.0
392.65,2938.0
392.67,3677.0
392.68,4113.0
392.7,5140.0
392.72,6412.0
392.73,7155.0
392.75,8893.0
392.77,11020.0
392.78,12250.0
392.8,15100.0
392.82,18550.0
392.83,20520.0
392.85,25050.0
392.87,30440.0
392.88,33500.0
392.9,40430.0
392.91,44340.0
392.93,53110.0
392.95,63290.0
392.96,68950.0
392.98,81500.0
393.0,95800.0
393.01,103600.0
393.03,120800.0
393.05,139900.0
393.06,150200.0
393.08,172500.0
393.1,196800.0
393.11,209700.0
393.13,236900.0
393.15,266000.0
393.16,281200.0
393.18,312700.0
393.2,345300.0
393.21,362000.0
393.23,395900.0
393.25,430000.0
393.26,447000.0
393.28,480600.0
393.29,497000.0
393.31,528900.0
393.33,558900.0
393.34,573100.0
393.36,599300.0
393.38,622400.0
393.39,632600.0
393.41,650100.0
393.43,663400.0
393.44,668400.0
393.46,674800.0
393.48,676600.0
393.49,675600.0
393.51,670200.0
393.53,660100.0
393.54,653400.0
393.56,636700.0
393.58,616000.0
393.59,604300.0
393.61,578500.0
393.63,549800.0
393.64,534500.0
393.66,502600.0
393.67,486000.0
393.69,452100.0
393.71,417600.0
393.72,400200.0
393.74,365700.0
393.76,331700.0
393.77,315100.0
393.79,282800.0
393.81,252000.0
393.82,237300.0
393.84,209200.0
393.86,183200.0
393.87,170900.0
393.89,148100.0
393.91,127400.0
393.92,117900.0
393.94,100500.0
393.96,85040.0
393.97,78060.0
393.99,65500.0
394.01,54690.0
394.02,49890.0
394.04,41400.0
394.05,37680.0
394.07,31190.0
394.09,25850.0
394.1,23560.0
394.12,19660.0
394.14,16580.0
394.15,15300.0
394.17,13200.0
394.19,11650.0
394.2,11040.0
394.22,10110.0
394.24,9519.0
394.25,9324.0
394.27,9103.0
394.29,9063.0
394.3,9096.0
394.32,9245.0
394.34,9473.0
394.35,9606.0
394.37,9894.0
394.38,10040.0
394.4,10340.0
394.42,10610.0
394.43,10730.0
394.45,10940.0
394.47,11100.0
394.48,11150.0
394.5,11210.0
394.52,11190.0
394.53,11160.0
394.55,11040.0
394.57,10840.0
394.58,10720.0
394.6,10420.0
394.62,10070.0
394.63,9869.0
394.65,9435.0
394.67,8959.0
394.68,8708.0
394.7,8185.0
394.72,7644.0
394.73,7369.0
394.75,6815.0
394.76,6539.0
394.78,5991.0
394.8,5457.0
394.81,5196.0
394.83,4692.0
394.85,4215.0
394.86,3987.0
394.88,3555.0
394.9,3157.0
394.91,2970.0
394.93,2623.0
394.95,2310.0
394.96,2166.0
394.98,1903.0
395.0,1670.0
395.01,1565.0
395.03,1375.0
395.05,1210.0
395.06,1136.0
395.08,1005.0
395.1,891.8
395.11,841.9
395.13,753.2
395.14,714.0
395.16,644.6
395.18,585.7
395.19,559.7
395.21,513.6
395.23,474.3
395.24,457.0
395.26,426.3
395.28,400.4
395.29,389.0
395.31,369.4
395.33,353.6
395.34,347.2
395.36,337.2
395.38,331.1
395.39,329.7
395.41,330.4
395.43,336.2
395.44,341.3
395.46,356.3
395.48,378.6
395.49,392.9
395.51,428.7
395.52,450.6
395.54,503.5
395.56,570.4
395.57,609.9
395.59,702.4
395.61,815.6
395.62,881.0
395.64,1032.0
395.66,1212.0
395.67,1314.0
395.69,1547.0
395.71,1820.0
395.72,1973.0
395.74,2316.0
395.76,2710.0
395.77,2929.0
395.79,3410.0
395.81,3953.0
395.82,4249.0
395.84,4890.0
395.85,5237.0
395.87,5980.0
395.89,6792.0
395.9,7223.0
395.92,8132.0
395.94,9101.0
395.95,9606.0
395.97,10650.0
395.99,11740.0
396.0,12300.0
396.02,13430.0
396.04,14580.0
396.05,15160.0
396.07,16310.0
396.09,17450.0
396.1,18010.0
396.12,19110.0
396.14,20180.0
396.15,20700.0
396.17,21720.0
396.19,22710.0
396.2,23190.0
396.22,24160.0
396.23,24650.0
396.25,25640.0
396.27,26700.0
396.28,27260.0
396.3,28490.0
396.32,29900.0
396.33,30690.0
396.35,32490.0
396.37,34660.0
396.38,35900.0
396.4,38760.0
396.42,42190.0
396.43,44150.0
396.45,48610.0
396.47,53870.0
396.48,56820.0
396.5,63420.0
396.52,71000.0
396.53,75180.0
396.55,84330.0
396.57,94550.0
396.58,100100.0
396.6,111900.0
396.61,118200.0
396.63,131500.0
396.65,145700.0
396.66,153100.0
396.68,168500.0
396.7,184300.0
396.71,192400.0
396.73,208700.0
396.75,225000.0
396.76,233000.0
396.78,248800.0
396.8,264000.0
396.81,271300.0
396.83,284900.0
396.85,297300.0
396.86,302900.0
396.88,312900.0
396.9,321000.0
396.91,324300.0
396.93,329300.0
396.95,332200.0
396.96,332800.0
396.98,332200.0
396.99,331100.0
397.01,327300.0
397.03,321300.0
397.04,317500.0
397.06,308600.0
397.08,298000.0
397.09,292100.0
397.11,279200.0
397.13,265200.0
397.14,257900.0
397.16,242600.0
397.18,226800.0
397.19,218800.0
397.21,202700.0
397.23,186600.0
397.24,178700.0
397.26,163000.0
397.28,147900.0
397.29,140600.0
397.31,126500.0
397.32,119800.0
397.34,106900.0
397.36,94940.0
397.37,89300.0
397.39,78720.0
397.41,69080.0
397.42,64590.0
397.44,56300.0
397.46,48870.0
397.47,45460.0
397.49,39220.0
397.51,33720.0
397.52,31220.0
397.54,26690.0
397.56,22750.0
397.57,20980.0
397.59,17790.0
397.61,15040.0
397.62,13820.0
397.64,11630.0
397.66,9760.0
397.67,8931.0
397.69,7463.0
397.7,6814.0
397.72,5669.0
397.74,4703.0
397.75,4278.0
397.77,3534.0
397.79,2910.0
397.8,2639.0
397.82,2165.0
397.84,1772.0
397.85,1602.0
397.87,1309.0
397.89,1068.0
397.9,965.3
397.92,789.2
397.94,647.4
397.95,587.5
397.97,486.6
397.99,407.2
398.0,374.3
398.02,320.3
398.04,279.3
398.05,263.0
398.07,237.3
398.08,227.4
398.1,212.6
398.12,203.2
398.13,200.2
398.15,196.8
398.17,196.2
398.18,196.7
398.2,198.9
398.22,202.3
398.23,204.2
398.25,208.4
398.27,212.7
398.28,214.8
398.3,218.8
398.32,222.2
398.33,223.7
398.35,226.1
398.37,227.8
398.38,228.3
398.4,228.6
398.42,228.1
398.43,227.6
398.45,225.8
398.46,224.7
398.48,221.9
398.5,218.5
398.51,216.6
398.53,212.4
398.55,207.9
398.56,205.5
398.58,200.6
398.6,195.5
398.61,193.0
398.63,187.9
398.65,182.9
398.66,180.5
398.68,175.7
398.7,171.1
398.71,168.9
398.73,164.6
398.75,160.6
398.76,158.7
398.78,155.0
398.79,153.2
398.81,149.8
398.83,146.6
398.84,145.1
398.86,142.0
398.88,139.1
398.89,137.7
398.91,134.8
398.93,131.9
398.94,130.5
398.96,127.5
398.98,124.5
398.99,123.0
399.01,119.8
399.03,116.5
399.04,114.8
399.06,111.3
399.08,107.7
399.09,105.8
399.11,102.0
399.13,98.06
399.14,96.07
399.16,92.07
399.17,90.06
399.19,86.05
399.21,82.1
399.22,80.16
399.24,76.4
399.26,72.84
399.27,71.15
399.29,68.01
399.31,65.22
399.32,63.97
399.34,61.84
399.36,60.21
399.37,59.6
399.39,58.84
399.41,58.72
399.42,58.91
399.44,59.8
399.46,61.41
399.47,62.49
399.49,65.19
399.51,68.6
399.52,70.58
399.54,75.03
399.55,77.51
399.57,82.91
399.59,88.87
399.6,92.04
399.62,98.69
399.64,105.7
399.65,109.3
399.67,116.6
399.69,124.0
399.7,127.7
399.72,135.0
399.74,142.0
399.75,145.4
399.77,151.8
399.79,157.7
399.8,160.4
399.82,165.3
399.84,169.4
399.85,171.1
399.87,173.9
399.89,175.7
399.9,176.3
399.92,176.7
399.93,176.6
399.95,175.6
399.97,173.8
399.98,172.6
400.0,169.7
400.02,166.1
400.03,164.1
400.05,159.8
400.07,155.3
400.08,152.9
400.1,148.2
400.12,143.6
400.13,141.4
400.15,137.3
400.17,133.6
400.18,132.0
400.2,129.3
400.22,127.4
400.23,126.8
400.25,126.3
400.26,126.4
400.28,127.4
400.3,129.4
400.31,130.8
400.33,134.3
400.35,138.7
400.36,141.2
400.38,146.9
400.4,153.3
400.41,156.7
400.43,163.8
400.45,171.2
400.46,175.0
400.48,182.5
400.5,189.9
400.51,193.5
400.53,200.4
400.55,206.6
400.56,209.5
400.58,214.6
400.6,218.8
400.61,220.5
400.63,223.0
400.64,223.9
400.66,224.7
400.68,224.3
400.69,223.6
400.71,221.5
400.73,218.2
400.74,216.1
400.76,211.3
400.78,205.5
400.79,202.3
400.81,195.4
400.83,187.8
400.84,183.9
400.86,175.7
400.88,167.3
400.89,163.0
400.91,154.4
400.93,145.8
400.94,141.6
400.96,133.4
400.98,125.4
400.99,121.5
401.01,114.2
401.02,110.6
401.04,104.0
401.06,97.78
401.07,94.9
401.09,89.54
401.11,84.73
401.12,82.53
401.14,78.54
401.16,75.06
401.17,73.51
401.19,70.78
401.21,68.5
401.22,67.53
401.24,65.88
401.26,64.61
401.27,64.1
401.29,63.32
401.31,62.81
401.32,62.64
401.34,62.47
401.36,62.48
401.37,62.54
401.39,62.74
401.4,62.87
401.42,63.18
401.44,63.52
401.45,63.69
401.47,64.02
401.49,64.3
401.5,64.42
401.52,64.6
401.54,64.7
401.55,64.7
401.57,64.64
401.59,64.46
401.6,64.33
401.62,63.99
401.64,63.53
401.65,63.26
401.67,62.66
401.69,61.98
401.7,61.61
401.72,60.83
401.73,60.43
401.75,59.6
401.77,58.75
401.78,58.34
401.8,57.52
401.82,56.74
401.83,56.38
401.85,55.71
401.87,55.12
401.88,54.87
401.9,54.46
401.92,54.18
401.93,54.09
401.95,54.03
401.97,54.12
401.98,54.23
402.0,54.57
402.02,55.07
402.03,55.38
402.05,56.12
402.07,57.02
402.08,57.52
402.1,58.61
402.11,59.21
402.13,60.47
402.15,61.83
402.16,62.53
402.18,63.98
402.2,65.45
402.21,66.2
402.23,67.67
402.25,69.12
402.26,69.83
402.28,71.19
402.3,72.48
402.31,73.08
402.33,74.2
402.35,75.21
402.36,75.66
402.38,76.47
402.4,77.15
402.41,77.44
402.43,77.94
402.45,78.32
402.46,78.48
402.48,78.75
402.49,78.87
402.51,79.11
402.53,79.37
402.54,79.54
402.56,79.97
402.58,80.61
402.59,81.03
402.61,82.16
402.63,83.75
402.64,84.75
402.66,87.29
402.68,90.65
402.69,92.69
402.71,97.63
402.73,103.9
402.74,107.5
402.76,116.1
402.78,126.6
402.79,132.7
402.81,146.5
402.82,154.4
402.84,172.2
402.86,193.1
402.87,204.7
402.89,230.5
402.91,260.1
402.92,276.3
402.94,311.8
402.96,351.5
402.97,373.0
402.99,419.2
403.01,469.7
403.02,496.6
403.04,553.5
403.06,614.4
403.07,646.2
403.09,712.4
403.11,781.5
403.12,817.0
403.14,889.3
403.16,962.7
403.17,999.6
403.19,1073.0
403.2,1109.0
403.22,1181.0
403.24,1249.0
403.25,1282.0
403.27,1344.0
403.29,1400.0
403.3,1426.0
403.32,1472.0
403.34,1509.0
403.35,1525.0
403.37,1550.0
403.39,1565.0
403.4,1568.0
403.42,1568.0
403.44,1558.0
403.45,1549.0
403.47,1524.0
403.49,1490.0
403.5,1470.0
403.52,1422.0
403.54,1368.0
403.55,1338.0
403.57,1275.0
403.58,1241.0
403.6,1170.0
403.62,1097.0
403.63,1059.0
403.65,982.8
403.67,906.4
403.68,868.5
403.7,793.6
403.72,721.0
403.73,685.7
403.75,617.7
403.77,553.5
403.78,523.0
403.8,465.6
403.82,412.9
403.83,388.4
403.85,343.3
403.87,303.3
403.88,285.2
403.9,252.8
403.92,225.2
403.93,213.2
403.95,192.8
403.96,184.2
403.98,170.4
404.0,160.7
404.01,157.4
404.03,153.8
404.05,154.1
404.06,155.6
404.08,161.6
404.1,171.2
404.11,177.5
404.13,192.9
404.15,212.2
404.16,223.4
404.18,248.8
404.2,278.5
404.21,295.0
404.23,331.3
404.25,372.1
404.26,394.3
404.28,442.2
404.29,467.8
404.31,522.6
404.33,581.9
404.34,613.2
404.36,678.7
404.38,747.9
404.39,783.7
404.41,857.2
404.43,932.9
404.44,971.2
404.46,1048.0
404.48,1125.0
404.49,1163.0
404.51,1237.0
404.53,1308.0
404.54,1342.0
404.56,1406.0
404.58,1464.0
404.59,1490.0
404.61,1537.0
404.63,1575.0
404.64,1591.0
404.66,1614.0
404.67,1622.0
404.69,1631.0
404.71,1628.0
404.72,1623.0
404.74,1605.0
404.76,1576.0
404.77,1559.0
404.79,1516.0
404.81,1465.0
404.82,1437.0
404.84,1375.0
404.86,1307.0
404.87,1272.0
404.89,1198.0
404.91,1121.0
404.92,1082.0
404.94,1003.0
404.96,924.9
404.97,886.1
404.99,810.1
405.01,736.7
405.02,701.3
405.04,633.3
405.05,600.9
405.07,539.7
405.09,483.4
405.1,457.2
405.12,408.7
405.14,365.5
405.15,345.8
405.17,310.4
405.19,280.0
405.2,266.6
405.22,243.1
405.24,223.9
405.25,215.7
405.27,202.2
405.29,191.9
405.3,187.8
405.32,181.7
405.34,177.9
405.35,176.7
405.37,175.7
405.39,176.0
405.4,176.6
405.42,178.4
405.43,179.6
405.45,182.3
405.47,185.4
405.48,187.0
405.5,190.3
405.52,193.5
405.53,195.0
405.55,197.9
405.57,200.5
405.58,201.6
405.6,203.7
405.62,205.5
405.63,206.2
405.65,207.4
405.67,208.3
405.68,208.7
405.7,209.3
405.72,209.8
405.73,210.0
405.75,210.4
405.76,210.7
405.78,211.3
405.8,212.3
405.81,213.0
405.83,214.7
405.85,217.2
405.86,218.8
405.88,222.7
405.9,227.8
405.91,230.9
405.93,238.3
405.95,247.5
405.96,252.8
405.98,265.0
406.0,279.5
406.01,287.6
406.03,305.8
406.05,326.6
406.06,338.0
406.08,362.9
406.1,390.5
406.11,405.3
406.13,436.7
406.14,453.3
406.16,488.2
406.18,524.9
406.19,543.9
406.21,582.8
406.23,622.4
406.24,642.4
406.26,682.1
406.28,721.2
406.29,740.3
406.31,777.1
406.33,811.5
406.34,827.6
406.36,857.3
406.38,883.0
406.39,894.2
406.41,913.1
406.43,927.0
406.44,932.0
406.46,937.8
406.48,938.1
406.49,936.1
406.51,928.2
406.52,922.2
406.54,906.6
406.56,886.2
406.57,874.4
406.59,847.9
406.61,818.2
406.62,802.3
406.64,768.8
406.66,733.9
406.67,716.1
406.69,680.3
406.71,645.0
406.72,627.7
406.74,594.3
406.76,563.0
406.77,548.4
406.79,521.4
406.81,498.0
406.82,487.7
406.84,470.1
406.86,456.9
406.87,451.9
406.89,445.3
406.9,443.7
406.92,443.8
406.94,448.2
406.95,451.9
406.97,462.3
406.99,476.2
407.0,484.4
407.02,502.8
407.04,523.6
407.05,534.7
407.07,557.9
407.09,581.9
407.1,594.1
407.12,618.2
407.14,641.6
407.15,652.8
407.17,673.8
407.19,692.6
407.2,701.0
407.22,715.5
407.23,721.5
407.25,730.7
407.27,736.1
407.28,737.3
407.3,736.6
407.32,731.8
407.33,727.8
407.35,717.0
407.37,702.2
407.38,693.5
407.4,673.6
407.42,650.7
407.43,638.3
407.45,611.6
407.47,583.1
407.48,568.3
407.5,537.9
407.52,506.8
407.53,491.1
407.55,459.8
407.57,428.9
407.58,413.8
407.6,384.1
407.61,369.8
407.63,342.0
407.65,315.8
407.66,303.4
407.68,279.7
407.7,257.9
407.71,247.6
407.73,228.5
407.75,211.1
407.76,203.1
407.78,188.2
407.8,174.9
407.81,168.8
407.83,157.6
407.85,147.6
407.86,143.1
407.88,134.7
407.9,127.2
407.91,123.8
407.93,117.5
407.95,111.9
407.96,109.3
407.98,104.5
407.99,102.3
408.01,98.17
408.03,94.44
408.04,92.71
408.06,89.51
408.08,86.64
408.09,85.31
408.11,82.9
408.13,80.77
408.14,79.82
408.16,78.12
408.18,76.71
408.19,76.11
408.21,75.11
408.23,74.38
408.24,74.11
408.26,73.74
408.28,73.61
408.29,73.62
408.31,73.77
408.33,74.09
408.34,74.3
408.36,74.8
408.37,75.08
408.39,75.68
408.41,76.29
408.42,76.59
408.44,77.15
408.46,77.63
408.47,77.82
408.49,78.11
408.51,78.23
408.52,78.21
408.54,78.03
408.56,77.63
408.57,77.35
408.59,76.6
408.61,75.63
408.62,75.05
408.64,73.76
408.66,72.27
408.67,71.47
408.69,69.76
408.7,68.86
408.72,67.02
408.74,65.17
408.75,64.25
408.77,62.47
408.79,60.82
408.8,60.08
408.82,58.77
408.84,57.78
408.85,57.42
408.87,57.05
408.89,57.18
408.9,57.47
408.92,58.51
408.94,60.24
408.95,61.39
408.97,64.3
408.99,68.06
409.0,70.28
409.02,75.44
409.04,81.56
409.05,85.01
409.07,92.65
409.08,96.86
409.1,106.1
409.12,116.3
409.13,121.8
409.15,133.5
409.17,146.1
409.18,152.7
409.2,166.6
409.22,181.2
409.23,188.8
409.25,204.2
409.27,220.1
409.28,228.2
409.3,244.5
409.32,260.8
409.33,268.9
409.35,284.9
409.37,300.6
409.38,308.3
409.4,323.1
409.42,337.1
409.43,343.8
409.45,356.4
409.46,362.3
409.48,373.3
409.5,383.1
409.51,387.5
409.53,395.4
409.55,402.0
409.56,404.8
409.58,409.4
409.6,412.7
409.61,413.9
409.63,415.5
409.65,415.9
409.66,415.7
409.68,414.6
409.7,412.6
409.71,411.3
409.73,408.0
409.75,404.1
409.76,401.9
409.78,397.1
409.8,391.8
409.81,389.0
409.83,383.0
409.84,379.8
409.86,373.3
409.88,366.5
409.89,362.9
409.91,355.7
409.93,348.2
409.94,344.4
409.96,336.7
409.98,328.9
409.99,325.1
410.01,317.3
410.03,309.6
410.04,305.8
410.06,298.5
410.08,291.5
410.09,288.2
410.11,281.9
410.13,276.3
410.14,273.8
410.16,269.4
410.17,267.6
410.19,264.7
410.21,262.9
410.22,262.5
410.24,262.7
410.26,264.3
410.27,265.7
410.29,269.6
410.31,275.1
410.32,278.5
410.34,286.7
410.36,296.6
410.37,302.2
410.39,315.0
410.41,329.6
410.42,337.6
410.44,355.2
410.46,374.8
410.47,385.3
410.49,407.8
410.51,432.3
410.52,445.3
410.54,472.7
410.55,487.1
410.57,517.2
410.59,548.9
410.6,565.4
410.62,599.3
410.64,634.4
410.65,652.3
410.67,688.7
410.69,725.4
410.7,743.8
410.72,780.4
410.74,816.2
410.75,833.7
410.77,867.6
410.79,899.6
410.8,914.6
410.82,942.6
410.84,967.3
410.85,978.2
410.87,997.1
410.89,1011.0
410.9,1017.0
410.92,1024.0
410.93,1026.0
410.95,1025.0
410.97,1019.0
410.98,1014.0
411.0,999.5
411.02,980.2
411.03,968.7
411.05,942.1
411.07,911.2
411.08,894.2
411.1,857.5
411.12,817.7
411.13,796.9
411.15,753.5
411.17,708.6
411.18,685.7
411.2,639.5
411.22,593.2
411.23,570.2
411.25,524.9
411.26,502.6
411.28,459.3
411.3,417.7
411.31,397.8
411.33,359.6
411.35,324.0
411.36,307.2
411.38,275.7
411.4,247.1
411.41,233.9
411.43,209.6
411.45,188.1
411.46,178.4
411.48,161.0
411.5,146.3
411.51,139.8
411.53,128.6
411.55,119.6
411.56,115.9
411.58,109.9
411.6,105.7
411.61,104.2
411.63,102.3
411.64,101.8
411.66,101.8
411.68,102.9
411.69,103.8
411.71,106.1
411.73,109.1
411.74,110.8
411.76,114.5
411.78,118.4
411.79,120.5
411.81,124.5
411.83,128.6
411.84,130.5
411.86,134.2
411.88,137.5
411.89,139.0
411.91,141.6
411.93,143.7
411.94,144.5
411.96,145.7
411.98,146.3
411.99,146.4
412.01,146.1
412.02,145.7
412.04,144.6
412.06,143.2
412.07,142.3
412.09,140.5
412.11,138.8
412.12,138.0
412.14,136.7
412.16,136.2
412.17,136.3
412.19,137.6
412.21,140.7
412.22,143.1
412.24,150.1
412.26,160.6
412.27,167.5
412.29,185.1
412.31,208.7
412.32,223.1
412.34,258.3
412.36,303.3
412.37,329.9
412.39,393.0
412.4,429.9
412.42,515.9
412.44,620.4
412.45,680.4
412.47,817.9
412.49,981.0
412.5,1073.0
412.52,1281.0
412.54,1522.0
412.55,1657.0
412.57,1955.0
412.59,2295.0
412.6,2481.0
412.62,2888.0
412.64,3342.0
412.65,3587.0
412.67,4113.0
412.69,4689.0
412.7,4995.0
412.72,5641.0
412.73,5981.0
412.75,6693.0
412.77,7441.0
412.78,7828.0
412.8,8622.0
412.82,9435.0
412.83,9847.0
412.85,10670.0
412.87,11500.0
412.88,11900.0
412.9,12700.0
412.92,13460.0
412.93,13820.0
412.95,14510.0
412.97,15130.0
412.98,15420.0
413.0,15930.0
413.02,16350.0
413.03,16520.0
413.05,16790.0
413.07,16960.0
413.08,17000.0
413.1,17010.0
413.11,16970.0
413.13,16810.0
413.15,16540.0
413.16,16370.0
413.18,15960.0
413.2,15460.0
413.21,15170.0
413.23,14550.0
413.25,13870.0
413.26,13510.0
413.28,12750.0
413.3,11960.0
413.31,11560.0
413.33,10740.0
413.35,9917.0
413.36,9506.0
413.38,8695.0
413.4,7903.0
413.41,7517.0
413.43,6769.0
413.45,6059.0
413.46,5719.0
413.48,5073.0
413.49,4767.0
413.51,4192.0
413.53,3664.0
413.54,3419.0
413.56,2964.0
413.58,2556.0
413.59,2369.0
413.61,2027.0
413.63,1727.0
413.64,1592.0
413.66,1348.0
413.68,1138.0
413.69,1044.0
413.71,877.7
413.73,736.8
413.74,675.0
413.76,566.6
413.78,476.5
413.79,437.5
413.81,370.1
413.83,315.2
413.84,291.8
413.86,252.0
413.87,235.2
413.89,207.2
413.91,185.5
413.92,176.7
413.94,162.6
413.96,152.6
413.97,149.0
413.99,144.1
414.01,141.9
414.02,141.8
414.04,143.2
414.06,146.7
414.07,149.1
414.09,155.2
414.11,162.9
414.12,167.3
414.14,176.9
414.16,187.8
414.17,193.6
414.19,205.8
414.2,212.3
414.22,225.5
414.24,239.2
414.25,246.1
414.27,260.0
414.29,273.7
414.3,280.4
414.32,293.4
414.34,305.6
414.35,311.3
414.37,321.9
414.39,331.1
414.4,335.2
414.42,342.0
414.44,347.0
414.45,348.8
414.47,350.9
414.49,351.0
414.5,350.3
414.52,347.4
414.54,342.5
414.55,339.4
414.57,331.7
414.58,327.2
414.6,317.0
414.62,305.5
414.63,299.2
414.65,285.9
414.67,271.7
414.68,264.4
414.7,249.3
414.72,233.9
414.73,226.2
414.75,210.8
414.77,195.6
414.78,188.2
414.8,173.7
414.82,159.8
414.83,153.2
414.85,140.5
414.87,128.8
414.88,123.3
414.9,113.0
414.92,103.7
414.93,99.51
414.95,91.82
414.96,88.36
414.98,82.22
415.0,77.07
415.01,74.87
415.03,71.17
415.05,68.39
415.06,67.33
415.08,65.85
415.1,65.18
415.11,65.13
415.13,65.61
415.15,66.79
415.16,67.63
415.18,69.79
415.2,72.55
415.21,74.15
415.23,77.73
415.25,81.79
415.26,83.99
415.28,88.68
415.3,93.72
415.31,96.36
415.33,101.8
415.34,104.6
415.36,110.3
415.38,116.1
415.39,119.0
415.41,124.8
415.43,130.4
415.44,133.2
415.46,138.6
415.48,143.7
415.49,146.1
415.51,150.6
415.53,154.8
415.54,156.6
415.56,160.0
415.58,162.9
415.59,164.1
415.61,166.2
415.63,167.6
415.64,168.1
415.66,168.7
415.67,168.8
415.69,168.6
415.71,167.8
415.72,167.2
415.74,165.8
415.76,163.9
415.77,162.8
415.79,160.3
415.81,157.6
415.82,156.1
415.84,153.0
415.86,149.7
415.87,148.1
415.89,144.7
415.91,141.3
415.92,139.7
415.94,136.4
415.96,133.4
415.97,131.9
415.99,129.2
416.01,126.7
416.02,125.6
416.04,123.7
416.05,122.9
416.07,121.6
416.09,120.7
416.1,120.5
416.12,120.3
416.14,120.7
416.15,121.0
416.17,122.0
416.19,123.5
416.2,124.5
416.22,126.6
416.24,129.1
416.25,130.5
416.27,133.5
416.29,136.9
416.3,138.6
416.32,142.2
416.34,146.0
416.35,148.0
416.37,151.9
416.39,155.9
416.4,157.9
416.42,161.8
416.43,163.8
416.45,167.7
416.47,171.4
416.48,173.3
416.5,176.8
416.52,180.2
416.53,181.9
416.55,185.0
416.57,187.9
416.58,189.3
416.6,191.8
416.62,194.1
416.63,195.2
416.65,197.1
416.67,198.7
416.68,199.4
416.7,200.5
416.72,201.3
416.73,201.5
416.75,201.7
416.77,201.5
416.78,201.3
416.8,200.5
416.81,200.0
416.83,198.6
416.85,196.8
416.86,195.8
416.88,193.6
416.9,191.0
416.91,189.6
416.93,186.7
416.95,183.5
416.96,181.9
416.98,178.6
417.0,175.3
417.01,173.6
417.03,170.4
417.05,167.2
417.06,165.7
417.08,162.8
417.1,160.2
417.11,159.0
417.13,156.8
417.14,155.9
417.16,154.2
417.18,152.9
417.19,152.3
417.21,151.6
417.23,151.2
417.24,151.2
417.26,151.4
417.28,152.0
417.29,152.4
417.31,153.6
417.33,155.1
417.34,156.0
417.36,158.1
417.38,160.5
417.39,161.9
417.41,165.0
417.43,168.4
417.44,170.2
417.46,174.2
417.48,178.6
417.49,180.9
417.51,185.8
417.52,188.4
417.54,193.7
417.56,199.4
417.57,202.3
417.59,208.3
417.61,214.3
417.62,217.4
417.64,223.6
417.66,229.6
417.67,232.6
417.69,238.4
417.71,243.8
417.72,246.4
417.74,251.2
417.76,255.4
417.77,257.3
417.79,260.5
417.81,262.9
417.82,263.8
417.84,265.0
417.86,265.4
417.87,265.2
417.89,264.3
417.9,263.5
417.92,261.3
417.94,258.3
417.95,256.6
417.97,252.6
417.99,247.9
418.0,245.4
418.02,240.1
418.04,234.4
418.05,231.5
418.07,225.5
418.09,219.5
418.1,216.4
418.12,210.4
418.14,204.6
418.15,201.8
418.17,196.3
418.19,191.3
418.2,188.9
418.22,184.5
418.24,180.7
418.25,179.0
418.27,176.0
418.28,174.8
418.3,172.8
418.32,171.6
418.33,171.2
418.35,171.1
418.37,171.8
418.38,172.4
418.4,174.3
418.42,177.1
418.43,178.8
418.45,182.8
418.47,187.7
418.48,190.4
418.5,196.5
418.52,203.3
418.53,207.0
418.55,214.9
418.57,223.4
418.58,227.8
418.6,237.0
418.61,241.6
418.63,251.2
418.65,260.8
418.66,265.6
418.68,275.1
418.7,284.2
418.71,288.6
418.73,296.9
418.75,304.5
418.76,308.0
418.78,314.2
418.8,319.3
418.81,321.4
418.83,324.7
418.85,326.7
418.86,327.2
418.88,327.1
418.9,325.6
418.91,324.3
418.93,320.8
418.95,316.0
418.96,313.2
418.98,306.6
418.99,303.0
419.01,294.9
419.03,286.1
419.04,281.3
419.06,271.5
419.08,261.2
419.09,255.9
419.11,245.2
419.13,234.5
419.14,229.1
419.16,218.4
419.18,208.1
419.19,203.0
419.21,193.2
419.23,184.0
419.24,179.5
419.26,171.2
419.28,163.6
419.29,160.1
419.31,153.7
419.33,148.1
419.34,145.7
419.36,141.5
419.37,139.8
419.39,137.1
419.41,135.4
419.42,135.0
419.44,134.9
419.46,135.9
419.47,136.9
419.49,139.6
419.51,143.5
419.52,145.9
419.54,151.6
419.56,158.6
419.57,162.6
419.59,171.5
419.61,181.9
419.62,187.6
419.64,200.1
419.66,214.2
419.67,221.9
419.69,238.5
419.71,257.2
419.72,267.3
419.74,289.3
419.75,301.2
419.77,327.3
419.79,356.8
419.8,372.9
419.82,408.5
419.84,449.1
419.85,471.7
419.87,521.8
419.89,579.7
419.9,612.0
419.92,684.4
419.94,768.5
419.95,815.6
419.97,921.1
419.99,1044.0
420.0,1112.0
420.02,1264.0
420.04,1440.0
420.05,1538.0
420.07,1753.0
420.08,1872.0
420.1,2133.0
420.12,2427.0
420.13,2588.0
420.15,2936.0
420.17,3322.0
420.18,3529.0
420.2,3973.0
420.22,4455.0
420.23,4710.0
420.25,5248.0
420.27,5821.0
420.28,6119.0
420.3,6735.0
420.32,7376.0
420.33,7703.0
420.35,8368.0
420.37,9039.0
420.38,9375.0
420.4,10040.0
420.42,10690.0
420.43,11010.0
420.45,11620.0
420.46,11910.0
420.48,12460.0
420.5,12950.0
420.51,13180.0
420.53,13580.0
420.55,13910.0
420.56,14040.0
420.58,14240.0
420.6,14360.0
420.61,14390.0
420.63,14380.0
420.65,14280.0
420.66,14190.0
420.68,13960.0
420.7,13650.0
420.71,13460.0
420.73,13040.0
420.75,12550.0
420.76,12290.0
420.78,11720.0
420.8,11100.0
420.81,10780.0
420.83,10120.0
420.84,9786.0
420.86,9102.0
420.88,8413.0
420.89,8070.0
420.91,7390.0
420.93,6726.0
420.94,6402.0
420.96,5774.0
420.98,5175.0
420.99,4888.0
421.01,4341.0
421.03,3833.0
421.04,3593.0
421.06,3144.0
421.08,2734.0
421.09,2545.0
421.11,2194.0
421.13,1882.0
421.14,1739.0
421.16,1479.0
421.17,1361.0
421.19,1149.0
421.21,964.8
421.22,882.7
421.24,736.5
421.26,612.2
421.27,557.5
421.29,461.4
421.31,381.2
421.32,346.3
421.34,285.9
421.36,236.4
421.37,215.2
421.39,179.0
421.41,149.9
421.42,137.7
421.44,117.2
421.46,101.3
421.47,94.78
421.49,84.21
421.51,76.46
421.52,73.48
421.54,69.04
421.55,67.49
421.57,65.55
421.59,64.93
421.6,65.05
421.62,66.03
421.64,67.88
421.65,69.1
421.67,72.06
421.69,75.66
421.7,77.69
421.72,82.19
421.74,87.26
421.75,90.02
421.77,96.02
421.79,102.7
421.8,106.3
421.82,114.3
421.84,123.3
421.85,128.3
421.87,139.5
421.89,152.6
421.9,159.9
421.92,176.8
421.93,186.5
421.95,208.7
421.97,235.6
421.98,251.2
422.0,287.4
422.02,331.5
422.03,357.1
422.05,416.3
422.07,488.2
422.08,529.6
422.1,624.9
422.12,739.2
422.13,804.4
422.15,953.0
422.17,1129.0
422.18,1227.0
422.2,1450.0
422.22,1709.0
422.23,1853.0
422.25,2172.0
422.27,2537.0
422.28,2737.0
422.3,3175.0
422.31,3413.0
422.33,3930.0
422.35,4501.0
422.36,4807.0
422.38,5460.0
422.4,6168.0
422.41,6541.0
422.43,7325.0
422.45,8155.0
422.46,8586.0
422.48,9474.0
422.5,10390.0
422.51,10860.0
422.53,11800.0
422.55,12750.0
422.56,13220.0
422.58,14150.0
422.6,15060.0
422.61,15490.0
422.63,16330.0
422.64,16730.0
422.66,17470.0
422.68,18130.0
422.69,18430.0
422.71,18950.0
422.73,19370.0
422.74,19540.0
422.76,19780.0
422.78,19900.0
422.79,19920.0
422.81,19860.0
422.83,19680.0
422.84,19540.0
422.86,19180.0
422.88,18710.0
422.89,18430.0
422.91,17820.0
422.93,17110.0
422.94,16730.0
422.96,15920.0
422.98,15060.0
422.99,14610.0
423.01,13690.0
423.02,13220.0
423.04,12270.0
423.06,11330.0
423.07,10860.0
423.09,9926.0
423.11,9022.0
423.12,8582.0
423.14,7730.0
423.16,6923.0
423.17,6537.0
423.19,5804.0
423.21,5125.0
423.22,4805.0
423.24,4209.0
423.26,3668.0
423.27,3418.0
423.29,2959.0
423.31,2550.0
423.32,2365.0
423.34,2028.0
423.36,1736.0
423.37,1605.0
423.39,1371.0
423.4,1267.0
423.42,1084.0
423.44,930.0
423.45,862.7
423.47,745.5
423.49,649.0
423.5,607.6
423.52,536.6
423.54,479.5
423.55,455.3
423.57,414.6
423.59,382.5
423.6,369.2
423.62,347.1
423.64,330.1
423.65,323.2
423.67,311.9
423.69,303.5
423.7,300.2
423.72,295.0
423.74,291.5
423.75,290.2
423.77,288.5
423.78,288.1
423.8,288.0
423.82,288.8
423.83,289.6
423.85,291.7
423.87,294.8
423.88,296.6
423.9,301.1
423.92,306.5
423.93,309.5
423.95,316.3
423.97,324.1
423.98,328.3
424.0,337.3
424.02,347.2
424.03,352.4
424.05,363.2
424.07,374.4
424.08,380.1
424.1,391.7
424.11,397.5
424.13,408.9
424.15,420.0
424.16,425.3
424.18,435.4
424.2,444.5
424.21,448.6
424.23,455.9
424.25,461.6
424.26,463.9
424.28,467.2
424.3,468.7
424.31,468.7
424.33,467.3
424.35,464.0
424.36,461.6
424.38,455.5
424.4,447.6
424.41,443.1
424.43,432.9
424.45,421.3
424.46,415.1
424.48,402.0
424.49,395.1
424.51,381.0
424.53,366.5
424.54,359.2
424.56,344.7
424.58,330.4
424.59,323.5
424.61,310.2
424.63,297.7
424.64,291.8
424.66,281.0
424.68,271.4
424.69,267.1
424.71,259.6
424.73,253.6
424.74,251.1
424.76,247.3
424.78,244.9
424.79,244.3
424.81,243.9
424.83,244.9
424.84,245.8
424.86,248.4
424.87,250.1
424.89,254.0
424.91,258.6
424.92,261.0
424.94,266.3
424.96,271.6
424.97,274.3
424.99,279.6
425.01,284.6
425.02,287.0
425.04,291.2
425.06,294.7
425.07,296.1
425.09,298.2
425.11,299.3
425.12,299.4
425.14,298.8
425.16,296.9
425.17,295.6
425.19,291.8
425.21,286.9
425.22,283.9
425.24,277.2
425.25,273.5
425.27,265.2
425.29,256.0
425.3,251.1
425.32,240.7
425.34,229.9
425.35,224.3
425.37,212.8
425.39,201.2
425.4,195.4
425.42,183.9
425.44,172.7
425.45,167.3
425.47,156.7
425.49,146.9
425.5,142.3
425.52,133.7
425.54,126.1
425.55,122.7
425.57,116.8
425.58,114.3
425.6,110.4
425.62,107.8
425.63,107.0
425.65,106.6
425.67,107.8
425.68,108.9
425.7,112.3
425.72,117.3
425.73,120.3
425.75,127.6
425.77,136.3
425.78,141.2
425.8,151.9
425.82,163.9
425.83,170.3
425.85,183.9
425.87,198.3
425.88,205.8
425.9,221.2
425.92,236.9
425.93,244.9
425.95,260.7
425.96,268.6
425.98,284.0
426.0,298.8
426.01,305.8
426.03,319.2
426.05,331.3
426.06,336.8
426.08,346.7
426.1,354.8
426.11,358.1
426.13,363.3
426.15,366.4
426.16,367.2
426.18,367.1
426.2,364.9
426.21,363.0
426.23,357.6
426.25,350.3
426.26,345.9
426.28,335.9
426.3,324.3
426.31,318.0
426.33,304.5
426.34,297.4
426.36,282.5
426.38,267.0
426.39,259.1
426.41,243.1
426.43,227.1
426.44,219.2
426.46,203.8
426.48,188.9
426.49,181.7
426.51,168.1
426.53,155.6
426.54,149.8
426.56,139.1
426.58,130.0
426.59,126.0
426.61,119.2
426.63,114.2
426.64,112.4
426.66,110.1
426.68,109.8
426.69,110.4
426.71,113.2
426.72,115.4
426.74,121.3
426.76,129.5
426.77,134.4
426.79,145.9
426.81,159.7
426.82,167.4
426.84,184.6
426.86,203.9
426.87,214.4
426.89,237.0
426.91,261.6
426.92,274.6
426.94,301.9
426.96,330.7
426.97,345.6
426.99,376.3
427.01,407.9
427.02,423.8
427.04,455.9
427.05,472.0
427.07,503.8
427.09,534.9
427.1,550.0
427.12,579.1
427.14,606.3
427.15,619.1
427.17,642.7
427.19,663.4
427.2,672.5
427.22,688.2
427.24,700.1
427.25,704.6
427.27,710.5
427.29,712.3
427.3,711.6
427.32,707.2
427.34,698.7
427.35,692.9
427.37,678.6
427.39,660.7
427.4,650.5
427.42,627.9
427.43,615.5
427.45,589.0
427.47,560.4
427.48,545.5
427.5,514.7
427.52,483.1
427.53,467.1
427.55,435.0
427.57,403.2
427.58,387.5
427.6,356.8
427.62,327.3
427.63,313.1
427.65,286.1
427.67,261.1
427.68,249.4
427.7,227.7
427.72,208.6
427.73,200.1
427.75,185.1
427.77,172.9
427.78,167.9
427.8,160.2
427.81,157.5
427.83,154.5
427.85,154.6
427.86,155.8
427.88,160.7
427.9,168.8
427.91,174.0
427.93,186.9
427.95,203.0
427.96,212.2
427.98,232.9
428.0,256.6
428.01,269.5
428.03,297.4
428.05,327.8
428.06,344.0
428.08,377.8
428.1,413.6
428.11,432.1
428.13,470.0
428.15,508.9
428.16,528.6
428.18,568.0
428.19,587.7
428.21,626.6
428.23,664.4
428.24,682.8
428.26,718.2
428.28,751.2
428.29,766.7
428.31,795.5
428.33,821.0
428.34,832.3
428.36,852.2
428.38,868.0
428.39,874.4
428.41,884.1
428.43,889.7
428.44,891.0
428.46,890.8
428.48,887.0
428.49,883.8
428.51,875.3
428.52,870.1
428.54,858.0
428.56,844.2
428.57,836.8
428.59,821.4
428.61,805.8
428.62,798.0
428.64,783.0
428.66,769.0
428.67,762.5
428.69,751.0
428.71,741.5
428.72,737.6
428.74,731.6
428.76,728.1
428.77,727.2
428.79,727.5
428.81,730.0
428.82,732.0
428.84,737.6
428.86,744.7
428.87,748.7
428.89,757.5
428.9,762.0
428.92,771.2
428.94,780.2
428.95,784.4
428.97,792.0
428.99,798.1
429.0,800.4
429.02,803.5
429.04,804.1
429.05,803.5
429.07,800.0
429.09,793.6
429.1,789.3
429.12,778.5
429.14,764.7
429.15,756.8
429.17,739.0
429.19,718.7
429.2,707.8
429.22,684.6
429.24,659.8
429.25,647.0
429.27,620.7
429.28,607.4
429.3,580.6
429.32,554.1
429.33,541.0
429.35,515.6
429.37,491.5
429.38,480.1
429.4,458.7
429.42,439.6
429.43,431.0
429.45,415.8
429.47,403.7
429.48,398.9
429.5,391.7
429.52,388.2
429.53,387.9
429.55,390.2
429.57,396.6
429.58,401.3
429.6,414.1
429.62,431.3
429.63,441.7
429.65,465.8
429.66,479.6
429.68,510.9
429.7,547.0
429.71,566.9
429.73,610.5
429.75,659.1
429.76,685.3
429.78,741.6
429.8,802.9
429.81,835.4
429.83,904.2
429.85,978.0
429.86,1017.0
429.88,1097.0
429.9,1183.0
429.91,1227.0
429.93,1319.0
429.95,1414.0
429.96,1463.0
429.98,1563.0
429.99,1614.0
430.01,1717.0
430.03,1822.0
430.04,1875.0
430.06,1981.0
430.08,2086.0
430.09,2138.0
430.11,2241.0
430.13,2340.0
430.14,2389.0
430.16,2482.0
430.18,2570.0
430.19,2611.0
430.21,2689.0
430.23,2758.0
430.24,2790.0
430.26,2846.0
430.28,2892.0
430.29,2911.0
430.31,2941.0
430.33,2961.0
430.34,2967.0
430.36,2971.0
430.37,2969.0
430.39,2957.0
430.41,2936.0
430.42,2922.0
430.44,2888.0
430.46,2847.0
430.47,2823.0
430.49,2773.0
430.51,2718.0
430.52,2689.0
430.54,2630.0
430.56,2569.0
430.57,2538.0
430.59,2477.0
430.61,2417.0
430.62,2388.0
430.64,2331.0
430.66,2277.0
430.67,2251.0
430.69,2201.0
430.71,2154.0
430.72,2132.0
430.74,2090.0
430.75,2070.0
430.77,2031.0
430.79,1994.0
430.8,1976.0
430.82,1940.0
430.84,1904.0
430.85,1886.0
430.87,1849.0
430.89,1809.0
430.9,1789.0
430.92,1746.0
430.94,1700.0
430.95,1676.0
430.97,1625.0
430.99,1571.0
431.0,1542.0
431.02,1483.0
431.04,1420.0
431.05,1388.0
431.07,1322.0
431.08,1288.0
431.1,1219.0
431.12,1150.0
431.13,1115.0
431.15,1045.0
431.17,975.3
431.18,941.2
431.2,874.2
431.22,809.5
431.23,778.2
431.25,718.0
431.27,661.5
431.28,634.7
431.3,584.3
431.32,538.5
431.33,517.4
431.35,478.8
431.37,445.1
431.38,430.2
431.4,404.2
431.42,383.2
431.43,374.6
431.45,361.2
431.46,356.3
431.48,350.0
431.5,348.4
431.51,349.3
431.53,354.2
431.55,363.3
431.56,369.3
431.58,384.0
431.6,402.2
431.61,412.4
431.63,435.1
431.65,460.3
431.66,473.8
431.68,502.2
431.7,532.1
431.71,547.5
431.73,578.9
431.75,610.6
431.76,626.5
431.78,657.9
431.8,688.5
431.81,703.3
431.83,731.5
431.84,744.9
431.86,769.9
431.88,792.2
431.89,802.2
431.91,819.7
431.93,833.6
431.94,839.2
431.96,847.4
431.98,851.8
431.99,852.5
432.01,851.1
432.03,846.0
432.04,842.1
432.06,832.0
432.08,818.8
432.09,811.3
432.11,794.6
432.13,776.1
432.14,766.4
432.16,746.4
432.18,726.1
432.19,716.0
432.21,696.3
432.22,686.8
432.24,669.1
432.26,653.2
432.27,646.2
432.29,634.0
432.31,624.6
432.32,621.1
432.34,616.4
432.36,614.9
432.37,615.4
432.39,618.8
432.41,625.1
432.42,629.3
432.44,639.7
432.46,652.2
432.47,659.1
432.49,674.1
432.51,690.0
432.52,698.1
432.54,714.4
432.55,722.4
432.57,737.7
432.59,751.7
432.6,758.0
432.62,768.9
432.64,777.3
432.65,780.4
432.67,784.1
432.69,784.4
432.7,783.1
432.72,777.9
432.74,768.8
432.75,762.9
432.77,748.2
432.79,729.9
432.8,719.5
432.82,696.3
432.84,670.2
432.85,656.1
432.87,626.3
432.89,594.6
432.9,578.1
432.92,544.3
432.93,527.0
432.95,492.1
432.97,457.0
432.98,439.5
433.0,404.8
433.02,370.9
433.03,354.3
433.05,322.0
433.07,291.2
433.08,276.4
433.1,248.1
433.12,221.7
433.13,209.1
433.15,185.6
433.17,164.0
433.18,153.9
433.2,135.2
433.22,118.5
433.23,110.8
433.25,96.7
433.27,84.32
433.28,78.73
433.3,68.69
433.31,64.2
433.33,56.24
433.35,49.52
433.36,46.59
433.38,41.53
433.4,37.44
433.41,35.73
433.43,32.93
433.45,30.86
433.46,30.08
433.48,28.97
433.5,28.4
433.51,28.3
433.53,28.42
433.55,28.92
433.56,29.3
433.58,30.26
433.6,31.47
433.61,32.15
433.63,33.62
433.65,35.21
433.66,36.04
433.68,37.72
433.69,38.57
433.71,40.25
433.73,41.87
433.74,42.65
433.76,44.13
433.78,45.46
433.79,46.07
433.81,47.14
433.83,48.0
433.84,48.35
433.86,48.87
433.88,49.15
433.89,49.19
433.91,49.1
433.93,48.77
433.94,48.51
433.96,47.82
433.98,46.91
433.99,46.38
434.01,45.18
434.02,44.52
434.04,43.08
434.06,41.51
434.07,40.68
434.09,38.98
434.11,37.21
434.12,36.31
434.14,34.51
434.16,32.72
434.17,31.84
434.19,30.11
434.21,28.44
434.22,27.64
434.24,26.1
434.26,24.67
434.27,24.0
434.29,22.74
434.31,21.61
434.32,21.09
434.34,20.15
434.36,19.34
434.37,18.99
434.39,18.38
434.4,18.12
434.42,17.7
434.44,17.41
434.45,17.31
434.47,17.22
434.49,17.25
434.5,17.32
434.52,17.56
434.54,17.95
434.55,18.21
434.57,18.85
434.59,19.68
434.6,20.17
434.62,21.33
434.64,22.73
434.65,23.54
434.67,25.39
434.69,27.58
434.7,28.81
434.72,31.59
434.74,34.81
434.75,36.61
434.77,40.59
434.78,42.78
434.8,47.61
434.82,53.07
434.83,56.04
434.85,62.5
434.87,69.66
434.88,73.51
434.9,81.76
434.92,90.74
434.93,95.51
434.95,105.6
434.97,116.4
434.98,122.0
435.0,133.8
435.02,146.2
435.03,152.6
435.05,165.7
435.07,179.2
435.08,186.1
435.1,200.0
435.12,214.0
435.13,221.1
435.15,235.1
435.16,242.1
435.18,255.8
435.2,269.2
435.21,275.7
435.23,288.3
435.25,300.2
435.26,305.9
435.28,316.6
435.3,326.3
435.31,330.9
435.33,339.1
435.35,346.2
435.36,349.3
435.38,354.6
435.4,358.7
435.41,360.3
435.43,362.5
435.45,363.4
435.46,363.4
435.48,362.5
435.49,361.6
435.51,358.8
435.53,354.9
435.54,352.6
435.56,347.0
435.58,340.5
435.59,336.9
435.61,328.9
435.63,320.2
435.64,315.5
435.66,305.7
435.68,295.4
435.69,290.0
435.71,278.9
435.73,267.4
435.74,261.6
435.76,249.8
435.78,237.8
435.79,231.8
435.81,219.9
435.83,208.0
435.84,202.2
435.86,190.6
435.87,184.9
435.89,173.8
435.91,162.9
435.92,157.7
435.94,147.5
435.96,137.7
435.97,133.0
435.99,123.9
436.01,115.3
436.02,111.2
436.04,103.3
436.06,95.91
436.07,92.38
436.09,85.66
436.11,79.38
436.12,76.41
436.14,70.76
436.16,65.5
436.17,63.02
436.19,58.32
436.21,53.96
436.22,51.91
436.24,48.04
436.25,46.22
436.27,42.8
436.29,39.67
436.3,38.21
436.32,35.49
436.34,33.03
436.35,31.89
436.37,29.81
436.39,27.97
436.4,27.15
436.42,25.67
436.44,24.44
436.45,23.9
436.47,23.01
436.49,22.34
436.5,22.09
436.52,21.75
436.54,21.62
436.55,21.63
436.57,21.81
436.59,22.17
436.6,22.42
436.62,23.06
436.63,23.44
436.65,24.33
436.67,25.37
436.68,25.95
436.7,27.2
436.72,28.59
436.73,29.34
436.75,30.92
436.77,32.62
436.78,33.52
436.8,35.41
436.82,37.43
436.83,38.5
436.85,40.74
436.87,43.17
436.88,44.45
436.9,47.19
436.92,50.19
436.93,51.8
436.95,55.27
436.96,57.15
436.98,61.22
437.0,65.76
437.01,68.24
437.03,73.63
437.05,79.69
437.06,82.99
437.08,90.17
437.1,98.2
437.11,102.5
437.13,112.0
437.15,122.4
437.16,127.9
437.18,139.9
437.2,152.9
437.21,159.8
437.23,174.4
437.25,189.9
437.26,198.0
437.28,214.9
437.3,232.6
437.31,241.6
437.33,260.2
437.34,269.6
437.36,288.6
437.38,307.6
437.39,317.1
437.41,335.7
437.43,353.8
437.44,362.6
437.46,379.4
437.48,395.0
437.49,402.2
437.51,415.6
437.53,427.2
437.54,432.3
437.56,441.0
437.58,447.6
437.59,450.1
437.61,453.4
437.63,454.5
437.64,454.3
437.66,452.3
437.68,448.4
437.69,445.8
437.71,439.4
437.72,435.7
437.74,427.5
437.76,418.5
437.77,413.9
437.79,404.5
437.81,395.3
437.82,391.0
437.84,383.2
437.86,376.7
437.87,374.2
437.89,370.9
437.91,370.2
437.92,371.0
437.94,375.0
437.96,382.7
437.97,388.0
437.99,401.8
438.01,419.9
438.02,430.6
438.04,455.5
438.06,485.0
438.07,501.5
438.09,537.7
438.1,557.5
438.12,600.0
438.14,646.4
438.15,670.9
438.17,722.1
438.19,775.9
438.2,803.5
438.22,859.8
438.24,916.9
438.25,945.5
438.27,1002.0
438.29,1057.0
438.3,1084.0
438.32,1136.0
438.34,1184.0
438.35,1206.0
438.37,1247.0
438.39,1283.0
438.4,1299.0
438.42,1325.0
438.43,1335.0
438.45,1351.0
438.47,1359.0
438.48,1361.0
438.5,1358.0
438.52,1347.0
438.53,1339.0
438.55,1318.0
438.57,1289.0
438.58,1273.0
438.6,1235.0
438.62,1192.0
438.63,1168.0
438.65,1118.0
438.67,1064.0
438.68,1036.0
438.7,978.3
438.72,918.9
438.73,888.8
438.75,828.3
438.77,768.1
438.78,738.2
438.8,679.5
438.81,650.8
438.83,594.8
438.85,541.3
438.86,515.5
438.88,466.3
438.9,420.2
438.91,398.4
438.93,357.4
438.95,319.8
438.96,302.3
438.98,269.9
439.0,240.8
439.01,227.5
439.03,203.3
439.05,182.1
439.06,172.6
439.08,155.7
439.1,141.3
439.11,135.1
439.13,124.2
439.15,115.5
439.16,111.9
439.18,105.9
439.19,103.6
439.21,100.0
439.23,97.83
439.24,97.21
439.26,96.82
439.28,97.43
439.29,98.07
439.31,99.94
439.33,102.5
439.34,104.0
439.36,107.3
439.38,111.1
439.39,113.1
439.41,117.2
439.43,121.5
439.44,123.7
439.46,128.1
439.48,132.4
439.49,134.5
439.51,138.5
439.53,142.3
439.54,144.1
439.56,147.5
439.57,149.0
439.59,151.8
439.61,154.1
439.62,155.1
439.64,156.8
439.66,158.0
439.67,158.5
439.69,159.1
439.71,159.3
439.72,159.2
439.74,158.8
439.76,158.2
439.77,157.7
439.79,156.7
439.81,155.5
439.82,154.9
439.84,153.7
439.86,152.5
439.87,152.0
439.89,151.1
439.9,150.8
439.92,150.5
439.94,150.6
439.95,150.9
439.97,152.0
439.99,153.9
440.0,155.2
440.02,158.4
440.04,162.8
440.05,165.4
440.07,171.5
440.09,178.9
440.1,183.1
440.12,192.7
440.14,203.6
440.15,209.7
440.17,222.9
440.19,237.7
440.2,245.6
440.22,262.4
440.24,280.6
440.25,290.2
440.27,310.2
440.28,320.5
440.3,341.9
440.32,363.8
440.33,375.0
440.35,397.4
440.37,419.8
440.38,430.9
440.4,452.6
440.42,473.5
440.43,483.6
440.45,502.6
440.47,519.9
440.48,527.9
440.5,542.2
440.52,554.1
440.53,559.1
440.55,567.0
440.57,572.1
440.58,573.5
440.6,574.1
440.62,571.7
440.63,569.3
440.65,562.3
440.66,557.7
440.68,546.5
440.7,532.6
440.71,524.7
440.73,507.2
440.75,487.8
440.76,477.4
440.78,455.4
440.8,432.3
440.81,420.3
440.83,395.9
440.85,371.1
440.86,358.7
440.88,333.9
440.9,309.4
440.91,297.5
440.93,274.1
440.95,251.8
440.96,241.0
440.98,220.6
441.0,201.5
441.01,192.6
441.03,176.0
441.04,168.3
441.06,154.2
441.08,141.9
441.09,136.4
441.11,126.8
441.13,118.8
441.14,115.5
441.16,110.1
441.18,106.3
441.19,105.0
441.21,103.5
441.23,103.3
441.24,103.8
441.26,105.5
441.28,108.4
441.29,110.3
441.31,114.6
441.33,119.8
441.34,122.6
441.36,128.8
441.37,132.0
441.39,138.8
441.41,145.9
441.42,149.5
441.44,156.7
441.46,163.9
441.47,167.3
441.49,174.1
441.51,180.5
441.52,183.4
441.54,189.0
441.56,193.8
441.57,196.0
441.59,199.6
441.61,202.5
441.62,203.5
441.64,205.0
441.66,205.5
441.67,205.4
441.69,204.5
441.71,202.7
441.72,201.5
441.74,198.4
441.75,196.6
441.77,192.5
441.79,187.8
441.8,185.3
441.82,180.0
441.84,174.3
441.85,171.5
441.87,165.7
441.89,160.0
441.9,157.3
441.92,152.0
441.94,147.2
441.95,145.0
441.97,141.2
441.99,138.3
442.0,137.2
442.02,135.8
442.04,135.6
442.05,136.0
442.07,137.9
442.09,141.2
442.1,143.5
442.12,149.2
442.13,152.7
442.15,161.0
442.17,171.1
442.18,176.8
442.2,189.6
442.22,204.2
442.23,212.1
442.25,229.2
442.27,248.0
442.28,258.0
442.3,279.0
442.32,301.3
442.33,312.9
442.35,336.7
442.37,361.3
442.38,373.9
442.4,399.1
442.42,424.4
442.43,436.9
442.45,461.7
442.46,473.8
442.48,497.3
442.5,519.6
442.51,530.1
442.53,549.9
442.55,567.6
442.56,575.6
442.58,589.8
442.6,601.5
442.61,606.3
442.63,613.8
442.65,618.5
442.66,619.8
442.68,620.4
442.7,618.4
442.71,616.5
442.73,611.1
442.75,603.9
442.76,599.7
442.78,590.7
442.8,581.1
442.81,576.3
442.83,567.3
442.84,563.3
442.86,556.8
442.88,553.2
442.89,552.8
442.91,555.5
442.93,563.9
442.94,570.6
442.96,590.0
442.98,618.5
442.99,636.5
443.01,681.2
443.03,738.7
443.04,772.6
443.06,852.0
443.08,947.8
443.09,1002.0
443.11,1126.0
443.13,1269.0
443.14,1348.0
443.16,1523.0
443.18,1721.0
443.19,1828.0
443.21,2060.0
443.22,2185.0
443.24,2452.0
443.26,2742.0
443.27,2895.0
443.29,3217.0
443.31,3558.0
443.32,3735.0
443.34,4101.0
443.36,4480.0
443.37,4674.0
443.39,5066.0
443.41,5462.0
443.42,5660.0
443.44,6054.0
443.46,6439.0
443.47,6627.0
443.49,6990.0
443.51,7333.0
443.52,7495.0
443.54,7798.0
443.56,8067.0
443.57,8188.0
443.59,8400.0
443.6,8491.0
443.62,8638.0
443.64,8739.0
443.65,8771.0
443.67,8799.0
443.69,8778.0
443.7,8749.0
443.72,8655.0
443.74,8514.0
443.75,8427.0
443.77,8220.0
443.79,7974.0
443.8,7837.0
443.82,7539.0
443.84,7212.0
443.85,7039.0
443.87,6677.0
443.89,6300.0
443.9,6106.0
443.92,5713.0
443.93,5515.0
443.95,5117.0
443.97,4723.0
443.98,4528.0
444.0,4146.0
444.02,3775.0
444.03,3596.0
444.05,3249.0
444.07,2921.0
444.08,2765.0
444.1,2468.0
444.12,2192.0
444.13,2063.0
444.15,1821.0
444.17,1601.0
444.18,1499.0
444.2,1311.0
444.22,1143.0
444.23,1067.0
444.25,927.9
444.27,806.0
444.28,751.1
444.3,652.6
444.31,608.6
444.33,530.1
444.35,463.2
444.36,433.7
444.38,381.7
444.4,338.1
444.41,319.0
444.43,285.7
444.45,258.0
444.46,246.0
444.48,225.1
444.5,207.8
444.51,200.4
444.53,187.3
444.55,176.5
444.56,171.8
444.58,163.6
444.6,156.8
444.61,153.8
444.63,148.6
444.65,144.3
444.66,142.5
444.68,139.6
444.69,138.4
444.71,136.8
444.73,136.0
444.74,136.1
444.76,136.9
444.78,138.9
444.79,140.4
444.81,144.6
444.83,150.4
444.84,154.0
444.86,162.7
444.88,173.7
444.89,180.2
444.91,195.2
444.93,213.4
444.94,223.7
444.96,247.1
444.98,274.5
444.99,289.9
445.01,324.0
445.03,363.2
445.04,384.7
445.06,432.0
445.07,457.8
445.09,514.1
445.11,576.6
445.12,610.3
445.14,682.6
445.16,761.6
445.17,803.5
445.19,892.4
445.21,987.7
445.22,1038.0
445.24,1142.0
445.26,1251.0
445.27,1308.0
445.29,1424.0
445.31,1543.0
445.32,1603.0
445.34,1726.0
445.36,1848.0
445.37,1909.0
445.39,2029.0
445.4,2088.0
445.42,2203.0
445.44,2313.0
445.45,2365.0
445.47,2464.0
445.49,2553.0
445.5,2594.0
445.52,2667.0
445.54,2727.0
445.55,2753.0
445.57,2793.0
445.59,2819.0
445.6,2827.0
445.62,2831.0
445.64,2820.0
445.65,2809.0
445.67,2775.0
445.69,2728.0
445.7,2700.0
445.72,2633.0
445.74,2554.0
445.75,2511.0
445.77,2417.0
445.78,2366.0
445.8,2260.0
445.82,2147.0
445.83,2089.0
445.85,1969.0
445.87,1847.0
445.88,1785.0
445.9,1662.0
445.92,1539.0
445.93,1479.0
445.95,1360.0
445.97,1244.0
445.98,1188.0
446.0,1080.0
446.02,976.5
446.03,927.3
446.05,833.4
446.07,746.0
446.08,704.8
446.1,627.4
446.12,556.7
446.13,523.8
446.15,462.8
446.16,434.7
446.18,382.9
446.2,337.0
446.21,316.1
446.23,278.3
446.25,245.3
446.26,230.6
446.28,204.3
446.3,181.9
446.31,172.1
446.33,155.0
446.35,140.9
446.36,134.9
446.38,124.8
446.4,117.0
446.41,113.9
446.43,109.0
446.45,105.9
446.46,104.8
446.48,103.8
446.5,104.0
446.51,104.4
446.53,106.1
446.54,107.2
446.56,110.1
446.58,113.5
446.59,115.5
446.61,119.7
446.63,124.2
446.64,126.6
446.66,131.5
446.68,136.4
446.69,138.9
446.71,143.9
446.73,148.7
446.74,151.1
446.76,155.5
446.78,159.7
446.79,161.6
446.81,165.1
446.83,168.0
446.84,169.3
446.86,171.4
446.87,172.2
446.89,173.4
446.91,173.8
446.92,173.7
446.94,173.1
446.96,171.8
446.97,170.8
446.99,168.4
447.01,165.4
447.02,163.6
447.04,159.6
447.06,155.1
447.07,152.6
447.09,147.3
447.11,141.7
447.12,138.7
447.14,132.6
447.16,126.3
447.17,123.1
447.19,116.6
447.21,110.1
447.22,106.9
447.24,100.5
447.25,97.42
447.27,91.36
447.29,85.58
447.3,82.81
447.32,77.53
447.34,72.67
447.35,70.4
447.37,66.2
447.39,62.5
447.4,60.85
447.42,57.93
447.44,55.56
447.45,54.58
447.47,53.06
447.49,52.12
447.5,51.88
447.52,51.83
447.54,52.4
447.55,52.91
447.57,54.42
447.59,56.59
447.6,57.92
447.62,61.09
447.63,62.94
447.65,67.18
447.67,72.16
447.68,74.94
447.7,81.09
447.72,88.06
447.73,91.85
447.75,100.1
447.77,109.2
447.78,114.0
447.8,124.4
447.82,135.7
447.83,141.7
447.85,154.2
447.87,167.5
447.88,174.5
447.9,188.9
447.92,203.8
447.93,211.5
447.95,227.2
447.97,243.2
447.98,251.2
448.0,267.3
448.01,275.4
448.03,291.2
448.05,306.6
448.06,314.1
448.08,328.6
448.1,342.1
448.11,348.4
448.13,360.2
448.15,370.5
448.16,375.1
448.18,383.1
448.2,389.3
448.21,391.7
448.23,395.1
448.25,396.5
448.26,396.4
448.28,394.9
448.3,391.3
448.31,388.8
448.33,382.4
448.34,378.6
448.36,369.6
448.38,359.1
448.39,353.3
448.41,340.7
448.43,327.0
448.44,319.8
448.46,304.8
448.48,289.2
448.49,281.2
448.51,265.1
448.53,248.8
448.54,240.7
448.56,224.6
448.58,208.8
448.59,201.0
448.61,186.0
448.63,171.5
448.64,164.5
448.66,151.2
448.68,138.7
448.69,132.7
448.71,121.5
448.72,116.2
448.74,106.2
448.76,97.18
448.77,92.98
448.79,85.19
448.81,78.2
448.82,74.99
448.84,69.12
448.86,63.93
448.87,61.58
448.89,57.31
448.91,53.59
448.92,51.92
448.94,48.93
448.96,46.36
448.97,45.23
448.99,43.21
449.01,41.53
449.02,40.79
449.04,39.53
449.06,38.51
449.07,38.09
449.09,37.4
449.1,37.14
449.12,36.75
449.14,36.53
449.15,36.49
449.17,36.53
449.19,36.72
449.2,36.87
449.22,37.29
449.24,37.84
449.25,38.16
449.27,38.9
449.29,39.76
449.3,40.23
449.32,41.24
449.34,42.34
449.35,42.92
449.37,44.13
449.39,45.4
449.4,46.05
449.42,47.37
449.44,48.72
449.45,49.39
449.47,50.73
449.48,51.39
449.5,52.7
449.52,53.98
449.53,54.6
449.55,55.81
449.57,56.96
449.58,57.52
449.6,58.59
449.62,59.6
449.63,60.09
449.65,61.02
449.67,61.91
449.68,62.35
449.7,63.19
449.72,64.02
449.73,64.43
449.75,65.27
449.77,66.11
449.78,66.55
449.8,67.45
449.81,67.91
449.83,68.89
449.85,69.92
449.86,70.46
449.88,71.59
449.9,72.79
449.91,73.41
449.93,74.7
449.95,76.04
449.96,76.72
449.98,78.1
450.0,79.49
450.01,80.17
450.03,81.52
450.05,82.8
450.06,83.42
450.08,84.55
450.1,85.56
450.11,86.0
450.13,86.74
450.15,87.26
450.16,87.44
450.18,87.6
450.19,87.58
450.21,87.32
450.23,86.77
450.24,86.38
450.26,85.37
450.28,84.04
450.29,83.27
450.31,81.49
450.33,79.42
450.34,78.28
450.36,75.81
450.38,73.11
450.39,71.67
450.41,68.66
450.43,65.5
450.44,63.86
450.46,60.52
450.48,57.1
450.49,55.37
450.51,51.9
450.53,48.45
450.54,46.74
450.56,43.36
450.57,41.7
450.59,38.46
450.61,35.34
450.62,33.83
450.64,30.92
450.66,28.18
450.67,26.87
450.69,24.38
450.71,22.08
450.72,21.0
450.74,18.97
450.76,17.13
450.77,16.28
450.79,14.71
450.81,13.31
450.82,12.67
450.84,11.52
450.86,10.53
450.87,10.09
450.89,9.31
450.9,8.973
450.92,8.393
450.94,7.935
450.95,7.749
450.97,7.456
450.99,7.263
451.0,7.202
451.02,7.144
451.04,7.166
451.05,7.205
451.07,7.334
451.09,7.525
451.1,7.642
451.12,7.915
451.14,8.234
451.15,8.409
451.17,8.787
451.19,9.2
451.2,9.418
451.22,9.876
451.24,10.36
451.25,10.62
451.27,11.15
451.28,11.42
451.3,12.01
451.32,12.63
451.33,12.97
451.35,13.69
451.37,14.49
451.38,14.93
451.4,15.91
451.42,17.05
451.43,17.69
451.45,19.16
451.47,20.92
451.48,21.92
451.5,24.25
451.52,27.06
451.53,28.67
451.55,32.41
451.57,36.92
451.58,39.51
451.6,45.46
451.62,52.58
451.63,56.64
451.65,65.87
451.66,71.1
451.68,82.93
451.7,96.79
451.71,104.6
451.73,122.0
451.75,142.0
451.76,153.2
451.78,177.8
451.8,205.8
451.81,221.2
451.83,254.7
451.85,292.3
451.86,312.6
451.88,356.5
451.9,404.7
451.91,430.5
451.93,485.5
451.95,545.0
451.96,576.3
451.98,642.2
452.0,712.1
452.01,748.5
452.03,823.8
452.04,862.6
452.06,942.2
452.08,1024.0
452.09,1065.0
452.11,1149.0
452.13,1232.0
452.14,1274.0
452.16,1356.0
452.18,1436.0
452.19,1475.0
452.21,1550.0
452.23,1620.0
452.24,1653.0
452.26,1715.0
452.28,1770.0
452.29,1794.0
452.31,1837.0
452.33,1872.0
452.34,1886.0
452.36,1907.0
452.37,1914.0
452.39,1921.0
452.41,1919.0
452.42,1914.0
452.44,1898.0
452.46,1873.0
452.47,1857.0
452.49,1820.0
452.51,1776.0
452.52,1751.0
452.54,1697.0
452.56,1638.0
452.57,1607.0
452.59,1541.0
452.61,1473.0
452.62,1438.0
452.64,1367.0
452.66,1295.0
452.67,1259.0
452.69,1187.0
452.71,1116.0
452.72,1081.0
452.74,1013.0
452.75,980.1
452.77,915.7
452.79,854.2
452.8,824.6
452.82,767.9
452.84,714.5
452.85,689.2
452.87,641.1
452.89,596.4
452.9,575.4
452.92,535.8
452.94,499.6
452.95,482.6
452.97,451.0
452.99,422.4
453.0,409.1
453.02,384.5
453.04,362.5
453.05,352.4
453.07,333.9
453.09,317.6
453.1,310.1
453.12,296.7
453.13,290.7
453.15,279.9
453.17,270.7
453.18,266.7
453.2,259.5
453.22,253.7
453.23,251.1
453.25,246.8
453.27,243.4
453.28,241.9
453.3,239.6
453.32,237.7
453.33,236.9
453.35,235.5
453.37,234.4
453.38,233.8
453.4,232.6
453.42,231.3
453.43,230.5
453.45,228.8
453.47,226.7
453.48,225.4
453.5,222.5
453.51,220.9
453.53,217.1
453.55,212.8
453.56,210.4
453.58,205.1
453.6,199.1
453.61,196.0
453.63,189.2
453.65,181.9
453.66,178.1
453.68,170.1
453.7,161.8
453.71,157.5
453.73,148.8
453.75,139.9
453.76,135.4
453.78,126.5
453.8,117.6
453.81,113.2
453.83,104.5
453.84,100.2
453.86,91.9
453.88,83.89
453.89,80.03
453.91,72.6
453.93,65.59
453.94,62.26
453.96,55.94
453.98,50.11
453.99,47.38
454.01,42.28
454.03,37.68
454.04,35.56
454.06,31.68
454.08,28.26
454.09,26.73
454.11,23.98
454.13,21.66
454.14,20.66
454.16,18.93
454.18,17.58
454.19,17.04
454.21,16.22
454.22,15.94
454.24,15.61
454.26,15.59
454.27,15.69
454.29,16.13
454.31,16.86
454.32,17.34
454.34,18.52
454.36,20.0
454.37,20.85
454.39,22.81
454.41,25.09
454.42,26.37
454.44,29.18
454.46,32.37
454.47,34.12
454.49,37.91
454.51,42.14
454.52,44.42
454.54,49.32
454.56,54.71
454.57,57.58
454.59,63.71
454.6,66.95
454.62,73.83
454.64,81.2
454.65,85.07
454.67,93.16
454.69,101.7
454.7,106.1
454.72,115.3
454.74,124.7
454.75,129.6
454.77,139.4
454.79,149.4
454.8,154.4
454.82,164.5
454.84,174.5
454.85,179.4
454.87,189.0
454.89,198.2
454.9,202.7
454.92,211.1
454.94,218.9
454.95,222.5
454.97,229.2
454.98,232.1
455.0,237.4
455.02,241.5
455.03,243.2
455.05,245.7
455.07,247.1
455.08,247.4
455.1,247.0
455.12,245.4
455.13,244.3
455.15,241.0
455.17,236.7
455.18,234.2
455.2,228.5
455.22,221.9
455.23,218.3
455.25,210.6
455.27,202.3
455.28,198.0
455.3,189.0
455.31,184.4
455.33,175.1
455.35,165.6
455.36,160.8
455.38,151.3
455.4,141.9
455.41,137.3
455.43,128.3
455.45,119.6
455.46,115.3
455.48,107.2
455.5,99.41
455.51,95.71
455.53,88.65
455.55,82.07
455.56,78.96
455.58,73.09
455.6,67.69
455.61,65.16
455.63,60.42
455.65,56.1
455.66,54.09
455.68,50.35
455.69,48.61
455.71,45.38
455.73,42.46
455.74,41.11
455.76,38.61
455.78,36.36
455.79,35.32
455.81,33.4
455.83,31.69
455.84,30.91
455.86,29.48
455.88,28.23
455.89,27.67
455.91,26.68
455.93,25.85
455.94,25.51
455.96,24.94
455.98,24.54
455.99,24.41
456.01,24.28
456.03,24.32
456.04,24.4
456.06,24.7
456.07,24.92
456.09,25.48
456.11,26.21
456.12,26.63
456.14,27.6
456.16,28.7
456.17,29.31
456.19,30.6
456.21,32.0
456.22,32.73
456.24,34.24
456.26,35.8
456.27,36.59
456.29,38.17
456.31,39.73
456.32,40.5
456.34,41.99
456.36,43.4
456.37,44.06
456.39,45.3
456.41,46.4
456.42,46.9
456.44,47.76
456.45,48.13
456.47,48.73
456.49,49.14
456.5,49.28
456.52,49.42
456.54,49.39
456.55,49.32
456.57,49.06
456.59,48.66
456.6,48.43
456.62,47.89
456.64,47.3
456.65,46.99
456.67,46.39
456.69,45.81
456.7,45.55
456.72,45.12
456.74,44.82
456.75,44.74
456.77,44.73
456.78,44.81
456.8,45.18
456.82,45.84
456.83,46.28
456.85,47.43
456.87,48.92
456.88,49.81
456.9,51.86
456.92,54.28
456.93,55.63
456.95,58.59
456.97,61.9
456.98,63.68
457.0,67.46
457.02,71.51
457.03,73.63
457.05,78.01
457.07,82.54
457.08,84.84
457.1,89.5
457.12,94.18
457.13,96.5
457.15,101.1
457.16,103.3
457.18,107.7
457.2,111.9
457.21,113.8
457.23,117.6
457.25,121.1
457.26,122.7
457.28,125.7
457.3,128.3
457.31,129.5
457.33,131.7
457.35,133.5
457.36,134.3
457.38,135.8
457.4,137.2
457.41,137.8
457.43,139.0
457.45,140.1
457.46,140.8
457.48,142.1
457.5,143.8
457.51,144.7
457.53,146.9
457.54,148.1
457.56,151.0
457.58,154.5
457.59,156.6
457.61,161.2
457.63,166.6
457.64,169.6
457.66,176.3
457.68,183.9
457.69,188.0
457.71,197.1
457.73,207.0
457.74,212.3
457.76,223.6
457.78,235.8
457.79,242.2
457.81,255.6
457.83,269.7
457.84,277.0
457.86,291.9
457.88,307.4
457.89,315.3
457.91,331.3
457.92,339.3
457.94,355.6
457.96,371.9
457.97,380.0
457.99,396.2
458.01,412.1
458.02,420.0
458.04,435.4
458.06,450.3
458.07,457.6
458.09,471.7
458.11,485.3
458.12,491.8
458.14,504.3
458.16,516.1
458.17,521.7
458.19,532.4
458.21,542.3
458.22,547.1
458.24,556.0
458.25,560.2
458.27,568.0
458.29,575.3
458.3,578.7
458.32,585.0
458.34,590.8
458.35,593.5
458.37,598.5
458.39,602.9
458.4,604.9
458.42,608.6
458.44,611.7
458.45,613.0
458.47,615.3
458.49,616.8
458.5,617.3
458.52,617.8
458.54,617.5
458.55,617.0
458.57,615.3
458.59,612.6
458.6,610.9
458.62,606.6
458.63,604.0
458.65,598.0
458.67,590.8
458.68,586.7
458.7,577.8
458.72,567.7
458.73,562.2
458.75,550.6
458.77,538.1
458.78,531.5
458.8,518.0
458.82,504.0
458.83,496.9
458.85,482.7
458.87,468.7
458.88,461.8
458.9,448.6
458.92,436.3
458.93,430.5
458.95,420.1
458.97,411.3
458.98,407.5
459.0,401.7
459.01,399.5
459.03,397.1
459.05,397.2
459.06,398.3
459.08,402.4
459.1,409.3
459.11,413.9
459.13,425.0
459.15,438.8
459.16,446.7
459.18,464.4
459.2,484.3
459.21,495.1
459.23,517.9
459.25,542.2
459.26,554.8
459.28,580.6
459.3,606.9
459.31,620.1
459.33,646.3
459.35,671.7
459.36,684.0
459.38,707.4
459.39,718.5
459.41,738.9
459.43,756.8
459.44,764.7
459.46,778.2
459.48,788.3
459.49,792.0
459.51,796.6
459.53,797.3
459.54,796.3
459.56,791.1
459.58,782.1
459.59,776.2
459.61,761.6
459.63,743.4
459.64,733.1
459.66,710.1
459.68,684.3
459.69,670.5
459.71,641.2
459.72,625.8
459.74,593.8
459.76,560.6
459.77,543.6
459.79,509.2
459.81,474.6
459.82,457.3
459.84,422.9
459.86,389.1
459.87,372.5
459.89,340.2
459.91,309.1
459.92,294.1
459.94,265.3
459.96,238.2
459.97,225.3
459.99,200.8
460.01,178.2
460.02,167.6
460.04,147.8
460.06,129.9
460.07,121.6
460.09,106.2
460.1,99.19
460.12,86.32
460.14,74.96
460.15,69.81
460.17,60.51
460.19,52.44
460.2,48.84
460.22,42.41
460.24,36.92
460.25,34.5
460.27,30.24
460.29,26.66
460.3,25.11
460.32,22.39
460.34,20.15
460.35,19.18
460.37,17.51
460.39,16.14
460.4,15.55
460.42,14.53
460.44,13.69
460.45,13.33
460.47,12.69
460.48,12.41
460.5,11.9
460.52,11.45
460.53,11.24
460.55,10.84
460.57,10.47
460.58,10.29
460.6,9.934
460.62,9.579
460.63,9.402
460.65,9.045
460.67,8.685
460.68,8.504
460.7,8.138
460.72,7.772
460.73,7.589
460.75,7.224
460.77,6.863
460.78,6.686
460.8,6.338
460.81,6.169
460.83,5.841
460.85,5.531
460.86,5.383
460.88,5.105
460.9,4.852
460.91,4.735
460.93,4.524
460.95,4.344
460.96,4.267
460.98,4.138
461.0,4.046
461.01,4.014
461.03,3.979
461.05,3.984
461.06,4.002
461.08,4.07
461.1,4.181
461.11,4.254
461.13,4.432
461.15,4.655
461.16,4.785
461.18,5.079
461.19,5.244
461.21,5.611
461.23,6.028
461.24,6.255
461.26,6.748
461.28,7.291
461.29,7.583
461.31,8.205
461.33,8.881
461.34,9.238
461.36,9.993
461.38,10.8
461.39,11.22
461.41,12.11
461.43,13.04
461.44,13.52
461.46,14.53
461.48,15.57
461.49,16.11
461.51,17.21
461.53,18.34
461.54,18.92
461.56,20.08
461.57,20.67
461.59,21.85
461.61,23.04
461.62,23.63
461.64,24.8
461.66,25.95
461.67,26.52
461.69,27.62
461.71,28.69
461.72,29.2
461.74,30.19
461.76,31.12
461.77,31.56
461.79,32.4
461.81,33.18
461.82,33.54
461.84,34.23
461.86,34.86
461.87,35.16
461.89,35.74
461.91,36.3
461.92,36.58
461.94,37.15
461.95,37.45
461.97,38.1
461.99,38.84
462.0,39.27
462.02,40.24
462.04,41.42
462.05,42.1
462.07,43.71
462.09,45.67
462.1,46.81
462.12,49.44
462.14,52.62
462.15,54.44
462.17,58.58
462.19,63.47
462.2,66.23
462.22,72.4
462.24,79.54
462.25,83.49
462.27,92.22
462.28,97.02
462.3,107.5
462.32,119.3
462.33,125.6
462.35,139.3
462.37,154.4
462.38,162.5
462.4,179.6
462.42,198.0
462.43,207.7
462.45,228.0
462.47,249.5
462.48,260.6
462.5,283.6
462.52,307.4
462.53,319.5
462.55,344.1
462.57,369.0
462.58,381.5
462.6,406.3
462.62,430.8
462.63,442.8
462.65,466.1
462.66,477.3
462.68,498.8
462.7,518.8
462.71,528.1
462.73,545.1
462.75,560.0
462.76,566.5
462.78,577.5
462.8,585.8
462.81,588.9
462.83,592.8
462.85,593.8
462.86,593.1
462.88,589.5
462.9,583.0
462.91,578.7
462.93,567.9
462.95,554.4
462.96,546.8
462.98,529.7
463.0,510.6
463.01,500.3
463.03,478.6
463.04,467.1
463.06,443.4
463.08,418.7
463.09,406.1
463.11,380.6
463.13,354.8
463.14,342.0
463.16,316.4
463.18,291.4
463.19,279.0
463.21,255.0
463.23,231.9
463.24,220.8
463.26,199.4
463.28,179.2
463.29,169.6
463.31,151.4
463.33,134.6
463.34,126.7
463.36,112.0
463.38,98.67
463.39,92.5
463.41,81.14
463.42,75.93
463.44,66.43
463.46,58.07
463.47,54.3
463.49,47.51
463.51,41.68
463.52,39.09
463.54,34.51
463.56,30.68
463.57,29.01
463.59,26.14
463.61,23.81
463.62,22.84
463.64,21.2
463.66,19.95
463.67,19.45
463.69,18.68
463.71,18.16
463.72,17.98
463.74,17.75
463.75,17.7
463.77,17.7
463.79,17.8
463.8,17.88
463.82,18.1
463.84,18.36
463.85,18.51
463.87,18.81
463.89,19.13
463.9,19.28
463.92,19.59
463.94,19.89
463.95,20.03
463.97,20.29
463.99,20.53
464.0,20.64
464.02,20.83
464.04,20.99
464.05,21.07
464.07,21.19
464.09,21.28
464.1,21.32
464.12,21.38
464.13,21.4
464.15,21.42
464.17,21.43
464.18,21.43
464.2,21.42
464.22,21.4
464.23,21.39
464.25,21.36
464.27,21.32
464.28,21.3
464.3,21.26
464.32,21.22
464.33,21.19
464.35,21.15
464.37,21.1
464.38,21.07
464.4,21.02
464.42,20.97
464.43,20.93
464.45,20.87
464.47,20.8
464.48,20.75
464.5,20.67
464.51,20.62
464.53,20.51
464.55,20.39
464.56,20.32
464.58,20.17
464.6,20.01
464.61,19.92
464.63,19.72
464.65,19.51
464.66,19.4
464.68,19.16
464.7,18.89
464.71,18.76
464.73,18.47
464.75,18.16
464.76,18.0
464.78,17.66
464.8,17.31
464.81,17.14
464.83,16.77
464.85,16.39
464.86,16.2
464.88,15.81
464.89,15.61
464.91,15.21
464.93,14.82
464.94,14.62
464.96,14.23
464.98,13.85
464.99,13.66
465.01,13.29
465.03,12.94
465.04,12.77
465.06,12.45
465.08,12.15
465.09,12.02
465.11,11.76
465.13,11.55
465.14,11.45
465.16,11.29
465.18,11.17
465.19,11.13
465.21,11.09
465.22,11.08
465.24,11.12
465.26,11.21
465.27,11.28
465.29,11.47
465.31,11.73
465.32,11.89
465.34,12.26
465.36,12.72
465.37,12.99
465.39,13.6
465.41,14.32
465.42,14.72
465.44,15.64
465.46,16.71
465.47,17.3
465.49,18.63
465.51,20.18
465.52,21.03
465.54,22.95
465.56,25.15
465.57,26.38
465.59,29.1
465.6,30.61
465.62,33.95
465.64,37.77
465.65,39.87
465.67,44.51
465.69,49.77
465.7,52.65
465.72,58.94
465.74,66.0
465.75,69.84
465.77,78.15
465.79,87.35
465.8,92.29
465.82,102.9
465.84,114.5
465.85,120.6
465.87,133.7
465.89,147.7
465.9,155.0
465.92,170.4
465.94,186.7
465.95,195.1
465.97,212.5
465.98,221.4
466.0,239.6
466.02,258.3
466.03,267.7
466.05,286.6
466.07,305.6
466.08,314.9
466.1,333.4
466.12,351.4
466.13,360.0
466.15,376.8
466.17,392.4
466.18,399.7
466.2,413.3
466.22,425.4
466.23,430.8
466.25,440.1
466.27,447.6
466.28,450.6
466.3,454.9
466.32,457.1
466.33,457.4
466.35,456.4
466.36,455.1
466.38,450.9
466.4,444.8
466.41,440.9
466.43,431.9
466.45,421.3
466.46,415.3
466.48,402.4
466.5,388.3
466.51,380.8
466.53,365.2
466.55,348.9
466.56,340.5
466.58,323.5
466.6,306.3
466.61,297.6
466.63,280.5
466.65,263.5
466.66,255.2
466.68,238.9
466.69,231.0
466.71,215.6
466.73,200.9
466.74,193.8
466.76,180.3
466.78,167.7
466.79,161.7
466.81,150.3
466.83,139.7
466.84,134.7
466.86,125.4
466.88,116.9
466.89,112.8
466.91,105.4
466.93,98.52
466.94,95.33
466.96,89.36
466.98,83.91
466.99,81.36
467.01,76.58
467.03,72.19
467.04,70.13
467.06,66.23
467.07,64.39
467.09,60.92
467.11,57.68
467.12,56.14
467.14,53.21
467.16,50.47
467.17,49.16
467.19,46.66
467.21,44.32
467.22,43.2
467.24,41.07
467.26,39.08
467.27,38.14
467.29,36.35
467.31,34.69
467.32,33.9
467.34,32.43
467.36,31.08
467.37,30.45
467.39,29.27
467.41,28.21
467.42,27.72
467.44,26.82
467.45,26.41
467.47,25.66
467.49,25.0
467.5,24.71
467.52,24.18
467.54,23.72
467.55,23.52
467.57,23.18
467.59,22.89
467.6,22.77
467.62,22.58
467.64,22.44
467.65,22.39
467.67,22.33
467.69,22.31
467.7,22.32
467.72,22.38
467.74,22.48
467.75,22.55
467.77,22.72
467.79,22.95
467.8,23.08
467.82,23.37
467.83,23.54
467.85,23.92
467.87,24.36
467.88,24.6
467.9,25.12
467.92,25.71
467.93,26.03
467.95,26.72
467.97,27.47
467.98,27.88
468.0,28.74
468.02,29.67
468.03,30.17
468.05,31.22
468.07,32.34
468.08,32.94
468.1,34.17
468.12,35.49
468.13,36.17
468.15,37.6
468.16,38.34
468.18,39.86
468.2,41.45
468.21,42.27
468.23,43.94
468.25,45.66
468.26,46.53
468.28,48.29
468.3,50.08
468.31,50.97
468.33,52.75
468.35,54.52
468.36,55.39
468.38,57.09
468.4,58.73
468.41,59.53
468.43,61.04
468.45,62.44
468.46,63.1
468.48,64.3
468.5,65.35
468.51,65.81
468.53,66.59
468.54,66.91
468.56,67.39
468.58,67.66
468.59,67.71
468.61,67.65
468.63,67.35
468.64,67.12
468.66,66.48
468.68,65.62
468.69,65.11
468.71,63.92
468.73,62.53
468.74,61.77
468.76,60.11
468.78,58.29
468.79,57.33
468.81,55.32
468.83,53.19
468.84,52.1
468.86,49.86
468.88,47.58
468.89,46.43
468.91,44.11
468.92,42.96
468.94,40.66
468.96,38.4
468.97,37.29
468.99,35.12
469.01,33.01
469.02,31.99
469.04,30.02
469.06,28.14
469.07,27.23
469.09,25.51
469.11,23.88
469.12,23.11
469.14,21.63
469.16,20.26
469.17,19.61
469.19,18.38
469.21,17.23
469.22,16.69
469.24,15.66
469.26,14.71
469.27,14.26
469.29,13.41
469.3,13.01
469.32,12.24
469.34,11.53
469.35,11.2
469.37,10.57
469.39,9.985
469.4,9.713
469.42,9.21
469.44,8.762
469.45,8.561
469.47,8.206
469.49,7.923
469.5,7.811
469.52,7.654
469.54,7.595
469.55,7.608
469.57,7.727
469.59,7.986
469.6,8.175
469.62,8.686
469.63,9.013
469.65,9.83
469.67,10.89
469.68,11.51
469.7,12.98
469.72,14.78
469.73,15.8
469.75,18.14
469.77,20.89
469.78,22.43
469.8,25.88
469.82,29.82
469.83,32.0
469.85,36.77
469.87,42.14
469.88,45.06
469.9,51.37
469.92,58.34
469.93,62.08
469.95,70.05
469.97,78.69
469.98,83.26
470.0,92.89
470.01,97.94
470.03,108.5
470.05,119.6
470.06,125.3
470.08,137.1
470.1,149.3
470.11,155.5
470.13,168.1
470.15,180.8
470.16,187.1
470.18,199.7
470.2,212.1
470.21,218.2
470.23,230.1
470.25,241.3
470.26,246.7
470.28,256.8
470.3,266.0
470.31,270.3
470.33,277.9
470.35,284.3
470.36,287.0
470.38,291.4
470.39,293.1
470.41,295.4
470.43,296.2
470.44,296.1
470.46,294.7
470.48,291.8
470.49,289.9
470.51,285.0
470.53,278.8
470.54,275.2
470.56,267.2
470.58,258.2
470.59,253.4
470.61,243.0
470.63,232.0
470.64,226.3
470.66,214.4
470.68,202.3
470.69,196.1
470.71,183.7
470.72,177.5
470.74,165.1
470.76,152.9
470.77,146.9
470.79,135.2
470.81,123.8
470.82,118.4
470.84,107.8
470.86,97.8
470.87,93.03
470.89,83.96
470.91,75.54
470.92,71.57
470.94,64.11
470.96,57.3
470.97,54.13
470.99,48.24
471.01,42.94
471.02,40.5
471.04,36.01
471.06,32.02
471.07,30.2
471.09,26.89
471.1,25.38
471.12,22.65
471.14,20.25
471.15,19.17
471.17,17.22
471.19,15.51
471.2,14.74
471.22,13.34
471.24,12.12
471.25,11.57
471.27,10.56
471.29,9.675
471.3,9.27
471.32,8.525
471.34,7.858
471.35,7.549
471.37,6.977
471.39,6.455
471.4,6.212
471.42,5.754
471.44,5.332
471.45,5.134
471.47,4.757
471.48,4.58
471.5,4.243
471.52,3.929
471.53,3.78
471.55,3.499
471.57,3.237
471.58,3.113
471.6,2.879
471.62,2.663
471.63,2.562
471.65,2.371
471.67,2.196
471.68,2.114
471.7,1.962
471.72,1.825
471.73,1.761
471.75,1.645
471.77,1.541
471.78,1.494
471.8,1.41
471.82,1.338
471.83,1.307
471.85,1.253
471.86,1.23
471.88,1.193
471.9,1.168
471.91,1.159
471.93,1.151
471.95,1.153
471.96,1.159
471.98,1.178
472.0,1.209
472.01,1.229
472.03,1.279
472.05,1.34
472.06,1.376
472.08,1.458
472.1,1.553
472.11,1.607
472.13,1.725
472.15,1.859
472.16,1.933
472.18,2.094
472.19,2.181
472.21,2.371
472.23,2.581
472.24,2.695
472.26,2.94
472.28,3.209
472.29,3.354
472.31,3.663
472.33,4.0
472.34,4.18
472.36,4.563
472.38,4.978
472.39,5.197
472.41,5.661
472.43,6.159
472.44,6.421
472.46,6.97
472.48,7.553
472.49,7.856
472.51,8.488
472.53,9.15
472.54,9.492
472.56,10.2
472.57,10.56
472.59,11.29
472.61,12.05
472.62,12.43
472.64,13.2
472.66,13.97
472.67,14.36
472.69,15.13
472.71,15.88
472.72,16.25
472.74,16.98
472.76,17.67
472.77,18.0
472.79,18.64
472.81,19.23
472.82,19.5
472.84,20.01
472.86,20.46
472.87,20.66
472.89,21.01
472.91,21.3
472.92,21.41
472.94,21.6
472.95,21.67
472.97,21.75
472.99,21.78
473.0,21.77
473.02,21.71
473.04,21.6
473.05,21.53
473.07,21.36
473.09,21.16
473.1,21.06
473.12,20.83
473.14,20.61
473.15,20.49
473.17,20.28
473.19,20.08
473.2,20.0
473.22,19.85
473.24,19.75
473.25,19.72
473.27,19.69
473.29,19.74
473.3,19.78
473.32,19.93
473.33,20.03
473.35,20.29
473.37,20.62
473.38,20.82
473.4,21.28
473.42,21.81
473.43,22.1
473.45,22.74
473.47,23.45
473.48,23.82
473.5,24.62
473.52,25.46
473.53,25.89
473.55,26.79
473.57,27.7
473.58,28.17
473.6,29.1
473.62,30.03
473.63,30.49
473.65,31.39
473.66,31.83
473.68,32.67
473.7,33.47
473.71,33.85
473.73,34.55
473.75,35.18
473.76,35.46
473.78,35.97
473.8,36.38
473.81,36.55
473.83,36.83
473.85,37.0
473.86,37.05
473.88,37.07
473.9,36.99
473.91,36.92
473.93,36.7
473.95,36.39
473.96,36.21
473.98,35.78
474.0,35.28
474.01,35.0
474.03,34.4
474.04,34.09
474.06,33.42
474.08,32.71
474.09,32.35
474.11,31.6
474.13,30.84
474.14,30.45
474.16,29.68
474.18,28.91
474.19,28.53
474.21,27.78
474.23,27.06
474.24,26.7
474.26,26.01
474.28,25.35
474.29,25.04
474.31,24.43
474.33,23.86
474.34,23.59
474.36,23.08
474.38,22.61
474.39,22.38
474.41,21.97
474.42,21.78
474.44,21.42
474.46,21.11
474.47,20.96
474.49,20.7
474.51,20.47
474.52,20.36
474.54,20.18
474.56,20.03
474.57,19.96
474.59,19.85
474.61,19.76
474.62,19.73
474.64,19.67
474.66,19.63
474.67,19.62
474.69,19.61
474.71,19.6
474.72,19.61
474.74,19.62
474.76,19.65
474.77,19.66
474.79,19.69
474.8,19.71
474.82,19.75
474.84,19.79
474.85,19.82
474.87,19.86
474.89,19.91
474.9,19.94
474.92,20.0
474.94,20.06
474.95,20.1
474.97,20.17
474.99,20.26
475.0,20.31
475.02,20.43
475.04,20.56
475.05,20.63
475.07,20.8
475.09,21.0
475.1,21.11
475.12,21.35
475.13,21.49
475.15,21.79
475.17,22.13
475.18,22.31
475.2,22.71
475.22,23.15
475.23,23.39
475.25,23.9
475.27,24.45
475.28,24.74
475.3,25.36
475.32,26.01
475.33,26.35
475.35,27.07
475.37,27.81
475.38,28.2
475.4,29.0
475.42,29.83
475.43,30.25
475.45,31.12
475.47,32.01
475.48,32.46
475.5,33.39
475.51,33.86
475.53,34.81
475.55,35.78
475.56,36.27
475.58,37.27
475.6,38.28
475.61,38.79
475.63,39.82
475.65,40.86
475.66,41.39
475.68,42.44
475.7,43.51
475.71,44.04
475.73,45.12
475.75,46.19
475.76,46.72
475.78,47.79
475.8,48.84
475.81,49.37
475.83,50.39
475.85,51.4
475.86,51.89
475.88,52.84
475.89,53.3
475.91,54.18
475.93,55.01
475.94,55.4
475.96,56.13
475.98,56.79
475.99,57.08
476.01,57.62
476.03,58.06
476.04,58.25
476.06,58.54
476.08,58.74
476.09,58.8
476.11,58.83
476.13,58.76
476.14,58.69
476.16,58.46
476.18,58.12
476.19,57.91
476.21,57.41
476.23,56.82
476.24,56.49
476.26,55.75
476.27,55.35
476.29,54.49
476.31,53.56
476.32,53.06
476.34,52.03
476.36,50.93
476.37,50.37
476.39,49.2
476.41,47.99
476.42,47.38
476.44,46.12
476.46,44.85
476.47,44.2
476.49,42.91
476.51,41.6
476.52,40.95
476.54,39.64
476.56,38.33
476.57,37.68
476.59,36.39
476.6,35.74
476.62,34.46
476.64,33.19
476.65,32.55
476.67,31.3
476.69,30.06
476.7,29.44
476.72,28.22
476.74,27.01
476.75,26.41
476.77,25.22
476.79,24.04
476.8,23.46
476.82,22.3
476.84,21.16
476.85,20.59
476.87,19.48
476.89,18.37
476.9,17.83
476.92,16.76
476.94,15.71
476.95,15.19
476.97,14.18
476.98,13.69
477.0,12.72
477.02,11.78
477.03,11.33
477.05,10.45
477.07,9.604
477.08,9.197
477.1,8.415
477.12,7.676
477.13,7.323
477.15,6.652
477.17,6.027
477.18,5.732
477.2,5.178
477.22,4.672
477.23,4.437
477.25,4.002
477.27,3.614
477.28,3.437
477.3,3.12
477.32,2.847
477.33,2.728
477.35,2.523
477.36,2.437
477.38,2.297
477.4,2.2
477.41,2.167
477.43,2.132
477.45,2.138
477.46,2.157
477.48,2.224
477.5,2.331
477.51,2.4
477.53,2.568
477.55,2.776
477.56,2.895
477.58,3.164
477.6,3.474
477.61,3.645
477.63,4.018
477.65,4.434
477.66,4.659
477.68,5.14
477.7,5.666
477.71,5.946
477.73,6.541
477.74,6.855
477.76,7.519
477.78,8.23
477.79,8.603
477.81,9.386
477.83,10.22
477.84,10.65
477.86,11.55
477.88,12.5
477.89,13.0
477.91,14.02
477.93,15.09
477.94,15.64
477.96,16.77
477.98,17.94
477.99,18.55
478.01,19.78
478.03,21.04
478.04,21.69
478.06,23.0
478.07,23.66
478.09,25.0
478.11,26.35
478.12,27.03
478.14,28.38
478.16,29.74
478.17,30.41
478.19,31.74
478.21,33.04
478.22,33.68
478.24,34.93
478.26,36.12
478.27,36.7
478.29,37.81
478.31,38.84
478.32,39.33
478.34,40.24
478.36,41.06
478.37,41.44
478.39,42.11
478.41,42.69
478.42,42.93
478.44,43.35
478.45,43.52
478.47,43.77
478.49,43.92
478.5,43.95
478.52,43.95
478.54,43.84
478.55,43.76
478.57,43.53
478.59,43.22
478.6,43.03
478.62,42.62
478.64,42.16
478.65,41.91
478.67,41.38
478.69,40.83
478.7,40.55
478.72,39.97
478.74,39.4
478.75,39.12
478.77,38.56
478.79,38.03
478.8,37.78
478.82,37.3
478.83,37.08
478.85,36.67
478.87,36.31
478.88,36.15
478.9,35.88
478.92,35.66
478.93,35.57
478.95,35.44
478.97,35.37
478.98,35.35
479.0,35.35
479.02,35.4
479.03,35.43
479.05,35.54
479.07,35.66
479.08,35.74
479.1,35.89
479.12,36.04
479.13,36.12
479.15,36.26
479.17,36.37
479.18,36.42
479.2,36.48
479.21,36.5
479.23,36.49
479.25,36.42
479.26,36.35
479.28,36.18
479.3,35.92
479.31,35.76
479.33,35.38
479.35,34.91
479.36,34.65
479.38,34.05
479.4,33.37
479.41,33.0
479.43,32.19
479.45,31.32
479.46,30.86
479.48,29.89
479.5,28.87
479.51,28.34
479.53,27.25
479.54,26.7
479.56,25.58
479.58,24.45
479.59,23.89
479.61,22.76
479.63,21.65
479.64,21.11
479.66,20.04
479.68,19.02
479.69,18.52
479.71,17.57
479.73,16.68
479.74,16.26
479.76,15.47
479.78,14.75
479.79,14.42
479.81,13.81
479.83,13.27
479.84,13.03
479.86,12.61
479.88,12.26
479.89,12.12
479.91,11.88
479.92,11.78
479.94,11.65
479.96,11.57
479.97,11.56
479.99,11.58
480.01,11.66
480.02,11.72
480.04,11.87
480.06,12.08
480.07,12.2
480.09,12.47
480.11,12.78
480.12,12.96
480.14,13.33
480.16,13.74
480.17,13.95
480.19,14.41
480.21,14.9
480.22,15.15
480.24,15.67
480.26,16.21
480.27,16.49
480.29,17.06
480.3,17.34
480.32,17.93
480.34,18.51
480.35,18.8
480.37,19.38
480.39,19.95
480.4,20.23
480.42,20.77
480.44,21.29
480.45,21.53
480.47,22.0
480.49,22.41
480.5,22.6
480.52,22.95
480.54,23.23
480.55,23.35
480.57,23.53
480.59,23.64
480.6,23.67
480.62,23.67
480.63,23.64
480.65,23.52
480.67,23.32
480.68,23.19
480.7,22.87
480.72,22.48
480.73,22.25
480.75,21.75
480.77,21.18
480.78,20.88
480.8,20.22
480.82,19.51
480.83,19.14
480.85,18.37
480.87,17.57
480.88,17.16
480.9,16.33
480.92,15.48
480.93,15.06
480.95,14.21
480.97,13.38
480.98,12.96
481.0,12.16
481.01,11.76
481.03,11.0
481.05,10.27
481.06,9.918
481.08,9.257
481.1,8.647
481.11,8.363
481.13,7.839
481.15,7.379
481.16,7.174
481.18,6.815
481.2,6.53
481.21,6.416
481.23,6.246
481.25,6.158
481.26,6.145
481.28,6.184
481.3,6.312
481.31,6.41
481.33,6.675
481.35,7.036
481.36,7.253
481.38,7.76
481.39,8.051
481.41,8.709
481.43,9.468
481.44,9.885
481.46,10.8
481.48,11.81
481.49,12.36
481.51,13.52
481.53,14.78
481.54,15.44
481.56,16.84
481.58,18.32
481.59,19.09
481.61,20.69
481.63,22.36
481.64,23.22
481.66,24.97
481.68,26.77
481.69,27.69
481.71,29.54
481.73,31.41
481.74,32.35
481.76,34.23
481.77,35.17
481.79,37.03
481.81,38.87
481.82,39.77
481.84,41.55
481.86,43.29
481.87,44.13
481.89,45.77
481.91,47.35
481.92,48.11
481.94,49.56
481.96,50.94
481.97,51.59
481.99,52.84
482.01,53.99
482.02,54.53
482.04,55.54
482.06,56.45
482.07,56.87
482.09,57.64
482.1,57.99
482.12,58.61
482.14,59.13
482.15,59.35
482.17,59.73
482.19,60.0
482.2,60.1
482.22,60.21
482.24,60.22
482.25,60.19
482.27,60.03
482.29,59.77
482.3,59.59
482.32,59.15
482.34,58.6
482.35,58.28
482.37,57.54
482.39,56.68
482.4,56.21
482.42,55.17
482.44,54.02
482.45,53.4
482.47,52.07
482.48,51.37
482.5,49.88
482.52,48.29
482.53,47.47
482.55,45.75
482.57,43.95
482.58,43.03
482.6,41.14
482.62,39.2
482.63,38.22
482.65,36.23
482.67,34.23
482.68,33.22
482.7,31.22
482.72,29.24
482.73,28.26
482.75,26.32
482.77,24.43
482.78,23.5
482.8,21.7
482.82,19.96
482.83,19.12
482.85,17.5
482.86,16.72
482.88,15.22
482.9,13.82
482.91,13.15
482.93,11.89
482.95,10.72
482.96,10.16
482.98,9.128
483.0,8.183
483.01,7.743
483.03,6.927
483.05,6.193
483.06,5.856
483.08,5.238
483.1,4.692
483.11,4.444
483.13,3.998
483.15,3.613
483.16,3.442
483.18,3.142
483.2,2.892
483.21,2.786
483.23,2.607
483.24,2.534
483.26,2.418
483.28,2.342
483.29,2.317
483.31,2.296
483.33,2.308
483.34,2.327
483.36,2.389
483.38,2.483
483.39,2.542
483.41,2.684
483.43,2.857
483.44,2.956
483.46,3.178
483.48,3.434
483.49,3.575
483.51,3.884
483.53,4.23
483.54,4.417
483.56,4.821
483.57,5.038
483.59,5.505
483.61,6.015
483.62,6.287
483.64,6.867
483.66,7.494
483.67,7.827
483.69,8.529
483.71,9.281
483.72,9.676
483.74,10.51
483.76,11.38
483.77,11.84
483.79,12.79
483.81,13.79
483.82,14.31
483.84,15.36
483.86,16.46
483.87,17.02
483.89,18.16
483.91,19.31
483.92,19.9
483.94,21.07
483.95,21.66
483.97,22.83
483.99,23.98
484.0,24.55
484.02,25.66
484.04,26.73
484.05,27.24
484.07,28.23
484.09,29.15
484.1,29.59
484.12,30.39
484.14,31.1
484.15,31.42
484.17,31.98
484.19,32.44
484.2,32.62
484.22,32.91
484.24,33.08
484.25,33.12
484.27,33.12
484.29,33.0
484.3,32.89
484.32,32.6
484.33,32.42
484.35,31.97
484.37,31.42
484.38,31.12
484.4,30.44
484.42,29.68
484.43,29.28
484.45,28.43
484.47,27.52
484.48,27.05
484.5,26.09
484.52,25.09
484.53,24.59
484.55,23.57
484.57,22.55
484.58,22.04
484.6,21.03
484.62,20.05
484.63,19.56
484.65,18.62
484.67,17.71
484.68,17.28
484.7,16.45
484.71,16.05
484.73,15.31
484.75,14.63
484.76,14.32
484.78,13.75
484.8,13.27
484.81,13.06
484.83,12.72
484.85,12.48
484.86,12.4
484.88,12.32
484.9,12.36
484.91,12.43
484.93,12.67
484.95,13.04
484.96,13.29
484.98,13.89
485.0,14.65
485.01,15.1
485.03,16.12
485.04,16.69
485.06,17.98
485.08,19.45
485.09,20.25
485.11,22.01
485.13,23.96
485.14,25.0
485.16,27.24
485.18,29.66
485.19,30.94
485.21,33.62
485.23,36.47
485.24,37.96
485.26,41.03
485.28,44.23
485.29,45.87
485.31,49.22
485.33,52.64
485.34,54.37
485.36,57.85
485.38,61.34
485.39,63.07
485.41,66.5
485.42,68.19
485.44,71.5
485.46,74.69
485.47,76.23
485.49,79.18
485.51,81.94
485.52,83.24
485.54,85.66
485.56,87.83
485.57,88.82
485.59,90.57
485.61,92.04
485.62,92.66
485.64,93.67
485.66,94.38
485.67,94.61
485.69,94.86
485.71,94.81
485.72,94.68
485.74,94.2
485.76,93.46
485.77,92.99
485.79,91.88
485.8,91.23
485.82,89.79
485.84,88.16
485.85,87.28
485.87,85.4
485.89,83.39
485.9,82.33
485.92,80.14
485.94,77.87
485.95,76.7
485.97,74.31
485.99,71.88
486.0,70.65
486.02,68.16
486.04,65.66
486.05,64.4
486.07,61.88
486.09,59.36
486.1,58.1
486.12,55.6
486.14,53.11
486.15,51.88
486.17,49.43
486.18,48.21
486.2,45.81
486.22,43.44
486.23,42.28
486.25,39.98
486.27,37.74
486.28,36.64
486.3,34.5
486.32,32.42
486.33,31.42
486.35,29.47
486.37,27.62
486.38,26.74
486.4,25.06
486.42,23.5
486.43,22.77
486.45,21.41
486.47,20.21
486.48,19.68
486.5,18.73
486.51,18.33
486.53,17.66
486.55,17.2
486.56,17.06
486.58,16.93
486.6,17.03
486.61,17.18
486.63,17.66
486.65,18.42
486.66,18.89
486.68,20.06
486.7,21.53
486.71,22.37
486.73,24.29
486.75,26.51
486.76,27.74
486.78,30.44
486.8,33.45
486.81,35.07
486.83,38.54
486.85,42.32
486.86,44.32
486.88,48.52
486.89,50.72
486.91,55.31
486.93,60.14
486.94,62.63
486.96,67.75
486.98,73.04
486.99,75.73
487.01,81.19
487.03,86.72
487.04,89.51
487.06,95.07
487.08,100.6
487.09,103.4
487.11,108.8
487.13,114.1
487.14,116.7
487.16,121.8
487.18,126.7
487.19,129.1
487.21,133.7
487.23,138.1
487.24,140.2
487.26,144.3
487.27,146.2
487.29,150.0
487.31,153.6
487.32,155.3
487.34,158.7
487.36,162.0
487.37,163.6
487.39,166.8
487.41,170.1
487.42,171.8
487.44,175.2
487.46,178.8
487.47,180.6
487.49,184.5
487.51,188.6
487.52,190.8
487.54,195.4
487.56,200.3
487.57,202.9
487.59,208.3
487.61,214.0
487.62,217.0
487.64,223.1
487.65,226.3
487.67,232.8
487.69,239.5
487.7,242.9
487.72,249.7
487.74,256.5
487.75,259.9
487.77,266.6
487.79,273.1
487.8,276.2
487.82,282.3
487.84,287.9
487.85,290.5
487.87,295.4
487.89,299.7
487.9,301.7
487.92,305.1
487.94,307.9
487.95,309.0
487.97,310.7
487.98,311.4
488.0,312.1
488.02,312.3
488.03,312.1
488.05,311.3
488.07,310.1
488.08,309.2
488.1,307.2
488.12,304.9
488.13,303.6
488.15,300.7
488.17,297.6
488.18,296.0
488.2,292.7
488.22,289.3
488.23,287.6
488.25,284.1
488.27,280.5
488.28,278.8
488.3,275.3
488.32,271.8
488.33,270.0
488.35,266.6
488.36,264.8
488.38,261.3
488.4,257.8
488.41,256.1
488.43,252.5
488.45,248.8
488.46,247.0
488.48,243.2
488.5,239.3
488.51,237.3
488.53,233.2
488.55,229.0
488.56,226.9
488.58,222.6
488.6,218.2
488.61,216.0
488.63,211.6
488.65,207.3
488.66,205.2
488.68,201.0
488.7,197.0
488.71,195.1
488.73,191.5
488.74,189.9
488.76,186.8
488.78,184.1
488.79,183.0
488.81,181.1
488.83,179.6
488.84,179.1
488.86,178.5
488.88,178.5
488.89,178.7
488.91,179.5
488.93,180.8
488.94,181.7
488.96,183.7
488.98,186.2
488.99,187.5
489.01,190.4
489.03,193.6
489.04,195.2
489.06,198.6
489.08,201.9
489.09,203.5
489.11,206.7
489.12,208.1
489.14,210.9
489.16,213.2
489.17,214.2
489.19,215.9
489.21,216.9
489.22,217.2
489.24,217.3
489.26,216.8
489.27,216.2
489.29,214.6
489.31,212.2
489.32,210.8
489.34,207.4
489.36,203.4
489.37,201.2
489.39,196.3
489.41,190.9
489.42,188.0
489.44,182.0
489.45,178.9
489.47,172.5
489.49,166.0
489.5,162.7
489.52,156.1
489.54,149.6
489.55,146.4
489.57,140.2
489.59,134.4
489.6,131.6
489.62,126.4
489.64,121.6
489.65,119.5
489.67,115.6
489.69,112.4
489.7,111.0
489.72,108.8
489.74,107.2
489.75,106.6
489.77,106.0
489.79,106.1
489.8,106.3
489.82,107.3
489.83,108.0
489.85,109.7
489.87,111.9
489.88,113.2
489.9,115.9
489.92,119.0
489.93,120.6
489.95,123.9
489.97,127.3
489.98,128.9
490.0,132.3
490.02,135.5
490.03,137.0
490.05,139.9
490.07,142.5
490.08,143.7
490.1,145.7
490.12,147.3
490.13,147.9
490.15,148.8
490.17,149.1
490.18,149.0
490.2,148.5
490.21,148.1
490.23,146.7
490.25,144.9
490.26,143.8
490.28,141.1
490.3,138.0
490.31,136.2
490.33,132.5
490.35,128.3
490.36,126.1
490.38,121.4
490.4,116.5
490.41,114.0
490.43,108.8
490.45,103.4
490.46,100.7
490.48,95.28
490.5,89.83
490.51,87.11
490.53,81.73
490.54,79.07
490.56,73.85
490.58,68.78
490.59,66.31
490.61,61.51
490.63,56.94
490.64,54.74
490.66,50.53
490.68,46.57
490.69,44.7
490.71,41.15
490.73,37.87
490.74,36.34
490.76,33.48
490.78,30.9
490.79,29.71
490.81,27.54
490.83,25.62
490.84,24.75
490.86,23.21
490.88,21.9
490.89,21.33
490.91,20.34
490.92,19.93
490.94,19.25
490.96,18.76
490.97,18.57
490.99,18.33
491.01,18.24
491.02,18.25
491.04,18.37
491.06,18.6
491.07,18.77
491.09,19.17
491.11,19.67
491.12,19.96
491.14,20.59
491.16,21.31
491.17,21.7
491.19,22.53
491.21,23.45
491.22,23.94
491.24,24.97
491.26,26.1
491.27,26.7
491.29,27.97
491.3,28.65
491.32,30.1
491.34,31.69
491.35,32.55
491.37,34.39
491.39,36.42
491.4,37.52
491.42,39.89
491.44,42.53
491.45,43.96
491.47,47.05
491.49,50.49
491.5,52.35
491.52,56.36
491.54,60.8
491.55,63.19
491.57,68.32
491.59,73.94
491.6,76.94
491.62,83.34
491.64,90.28
491.65,93.96
491.67,101.7
491.68,105.8
491.7,114.4
491.72,123.5
491.73,128.2
491.75,138.0
491.77,148.3
491.78,153.5
491.8,164.4
491.82,175.5
491.83,181.1
491.85,192.5
491.87,204.1
491.88,209.8
491.9,221.3
491.92,232.7
491.93,238.2
491.95,249.2
491.97,259.7
491.98,264.8
492.0,274.5
492.01,279.1
492.03,287.8
492.05,295.7
492.06,299.4
492.08,305.9
492.1,311.5
492.11,313.8
492.13,317.8
492.15,320.7
492.16,321.7
492.18,322.9
492.2,322.9
492.21,322.5
492.23,320.8
492.25,318.0
492.26,316.3
492.28,312.0
492.3,306.7
492.31,303.7
492.33,297.1
492.35,289.7
492.36,285.7
492.38,277.3
492.39,272.9
492.41,263.6
492.43,253.9
492.44,249.0
492.46,238.8
492.48,228.4
492.49,223.1
492.51,212.6
492.53,202.0
492.54,196.7
492.56,186.1
492.58,175.8
492.59,170.7
492.61,160.6
492.63,150.8
492.64,146.0
492.66,136.7
492.68,127.7
492.69,123.3
492.71,114.9
492.73,106.8
492.74,102.9
492.76,95.49
492.77,91.92
492.79,85.09
492.81,78.66
492.82,75.59
492.84,69.76
492.86,64.31
492.87,61.73
492.89,56.83
492.91,52.29
492.92,50.15
492.94,46.1
492.96,42.37
492.97,40.61
492.99,37.31
493.01,34.27
493.02,32.85
493.04,30.18
493.06,27.73
493.07,26.58
493.09,24.44
493.11,22.48
493.12,21.57
493.14,19.86
493.15,19.06
493.17,17.57
493.19,16.21
493.2,15.58
493.22,14.41
493.24,13.34
493.25,12.85
493.27,11.94
493.29,11.12
493.3,10.75
493.32,10.07
493.34,9.472
493.35,9.205
493.37,8.73
493.39,8.335
493.4,8.166
493.42,7.885
493.44,7.679
493.45,7.604
493.47,7.508
493.48,7.487
493.5,7.498
493.52,7.579
493.53,7.645
493.55,7.825
493.57,8.07
493.58,8.216
493.6,8.55
493.62,8.94
493.63,9.155
493.65,9.62
493.67,10.13
493.68,10.4
493.7,10.96
493.72,11.55
493.73,11.85
493.75,12.47
493.77,13.1
493.78,13.41
493.8,14.04
493.82,14.65
493.83,14.96
493.85,15.54
493.86,15.82
493.88,16.36
493.9,16.86
493.91,17.09
493.93,17.52
493.95,17.89
493.96,18.05
493.98,18.34
494.0,18.55
494.01,18.64
494.03,18.76
494.05,18.81
494.06,18.81
494.08,18.77
494.1,18.66
494.11,18.59
494.13,18.39
494.15,18.15
494.16,18.01
494.18,17.7
494.2,17.36
494.21,17.18
494.23,16.79
494.24,16.6
494.26,16.19
494.28,15.78
494.29,15.57
494.31,15.17
494.33,14.78
494.34,14.59
494.36,14.24
494.38,13.91
494.39,13.76
494.41,13.48
494.43,13.25
494.44,13.14
494.46,12.97
494.48,12.85
494.49,12.8
494.51,12.75
494.53,12.74
494.54,12.75
494.56,12.8
494.58,12.89
494.59,12.95
494.61,13.09
494.62,13.17
494.64,13.36
494.66,13.56
494.67,13.67
494.69,13.9
494.71,14.13
494.72,14.25
494.74,14.49
494.76,14.72
494.77,14.84
494.79,15.07
494.81,15.29
494.82,15.4
494.84,15.62
494.86,15.84
494.87,15.94
494.89,16.17
494.91,16.41
494.92,16.54
494.94,16.82
494.95,16.98
494.97,17.35
494.99,17.8
495.0,18.06
495.02,18.68
495.04,19.43
495.05,19.88
495.07,20.91
495.09,22.18
495.1,22.91
495.12,24.6
495.14,26.63
495.15,27.78
495.17,30.4
495.19,33.48
495.2,35.2
495.22,39.05
495.24,43.48
495.25,45.93
495.27,51.32
495.29,57.41
495.3,60.73
495.32,67.94
495.33,71.83
495.35,80.23
495.37,89.46
495.38,94.38
495.4,104.9
495.42,116.1
495.43,122.1
495.45,134.6
495.47,147.9
495.48,154.8
495.5,169.0
495.52,183.9
495.53,191.6
495.55,207.2
495.57,223.1
495.58,231.1
495.6,247.3
495.62,263.5
495.63,271.5
495.65,287.4
495.67,302.9
495.68,310.4
495.7,324.9
495.71,331.9
495.73,345.2
495.75,357.3
495.76,363.0
495.78,373.2
495.8,382.1
495.81,386.0
495.83,392.5
495.85,397.3
495.86,399.1
495.88,401.3
495.9,401.8
495.91,401.3
495.93,399.1
495.95,395.1
495.96,392.4
495.98,385.9
496.0,377.8
496.01,373.2
496.03,363.0
496.05,351.5
496.06,345.3
496.08,332.2
496.09,325.3
496.11,311.0
496.13,296.0
496.14,288.3
496.16,272.7
496.18,256.9
496.19,248.9
496.21,233.1
496.23,217.4
496.24,209.6
496.26,194.4
496.28,179.7
496.29,172.5
496.31,158.7
496.33,145.5
496.34,139.1
496.36,127.1
496.38,115.8
496.39,110.4
496.41,100.3
496.42,95.57
496.44,86.69
496.46,78.59
496.47,74.84
496.49,67.88
496.51,61.64
496.52,58.78
496.54,53.53
496.56,48.89
496.57,46.78
496.59,42.96
496.61,39.61
496.62,38.11
496.64,35.39
496.66,33.04
496.67,31.99
496.69,30.1
496.71,28.46
496.72,27.73
496.74,26.41
496.76,25.27
496.77,24.75
496.79,23.81
496.8,23.38
496.82,22.59
496.84,21.89
496.85,21.56
496.87,20.95
496.89,20.39
496.9,20.13
496.92,19.63
496.94,19.17
496.95,18.95
496.97,18.53
496.99,18.15
497.0,17.96
497.02,17.62
497.04,17.31
497.05,17.16
497.07,16.89
497.09,16.66
497.1,16.56
497.12,16.38
497.14,16.23
497.15,16.18
497.17,16.1
497.18,16.07
497.2,16.06
497.22,16.09
497.23,16.12
497.25,16.23
497.27,16.39
497.28,16.49
497.3,16.74
497.32,17.05
497.33,17.23
497.35,17.64
497.37,18.13
497.38,18.41
497.4,19.03
497.42,19.74
497.43,20.13
497.45,21.0
497.47,21.98
497.48,22.52
497.5,23.7
497.52,25.02
497.53,25.74
497.55,27.29
497.56,28.13
497.58,29.95
497.6,31.95
497.61,33.03
497.63,35.33
497.65,37.85
497.66,39.2
497.68,42.05
497.7,45.15
497.71,46.79
497.73,50.24
497.75,53.94
497.76,55.89
497.78,59.96
497.8,64.28
497.81,66.53
497.83,71.21
497.85,76.12
497.86,78.65
497.88,83.87
497.89,86.55
497.91,92.05
497.93,97.7
497.94,100.6
497.96,106.4
497.98,112.3
497.99,115.3
498.01,121.3
498.03,127.3
498.04,130.2
498.06,136.1
498.08,141.9
498.09,144.7
498.11,150.2
498.13,155.5
498.14,158.0
498.16,162.8
498.18,167.3
498.19,169.4
498.21,173.3
498.23,176.7
498.24,178.3
498.26,180.9
498.27,182.1
498.29,184.0
498.31,185.3
498.32,185.8
498.34,186.3
498.36,186.2
498.37,185.9
498.39,185.0
498.41,183.5
498.42,182.5
498.44,180.3
498.46,177.5
498.47,176.0
498.49,172.6
498.51,168.8
498.52,166.8
498.54,162.6
498.56,158.2
498.57,155.9
498.59,151.2
498.61,146.4
498.62,143.9
498.64,139.1
498.65,136.7
498.67,131.9
498.69,127.3
498.7,125.0
498.72,120.6
498.74,116.5
498.75,114.5
498.77,110.8
498.79,107.3
498.8,105.7
498.82,102.7
498.84,100.1
498.85,98.87
498.87,96.71
498.89,94.88
498.9,94.07
498.92,92.7
498.94,91.6
498.95,91.14
498.97,90.41
498.99,89.89
499.0,89.69
499.02,89.42
499.03,89.32
499.05,89.21
499.07,89.16
499.08,89.15
499.1,89.13
499.12,89.08
499.13,89.04
499.15,88.89
499.17,88.64
499.18,88.47
499.2,88.03
499.22,87.43
499.23,87.07
499.25,86.22
499.27,85.2
499.28,84.62
499.3,83.34
499.32,81.9
499.33,81.13
499.35,79.47
499.36,78.6
499.38,76.78
499.4,74.88
499.41,73.92
499.43,71.96
499.45,70.0
499.46,69.03
499.48,67.15
499.5,65.36
499.51,64.51
499.53,62.93
499.55,61.53
499.56,60.91
499.58,59.86
499.6,59.08
499.61,58.79
499.63,58.46
499.65,58.47
499.66,58.6
499.68,59.14
499.7,60.05
499.71,60.64
499.73,62.12
499.74,63.0
499.76,65.06
499.78,67.48
499.79,68.83
499.81,71.79
499.83,75.09
499.84,76.85
499.86,80.61
499.88,84.64
499.89,86.74
499.91,91.12
499.93,95.68
499.94,98.02
499.96,102.8
499.98,107.6
499.99,110.1
500.01,115.0
500.03,119.9
500.04,122.3
500.06,127.1
500.08,131.8
500.09,134.1
500.11,138.6
500.12,140.8
500.14,145.0
500.16,149.0
500.17,150.9
500.19,154.5
500.21,157.8
500.22,159.4
500.24,162.4
500.26,165.0
500.27,166.3
500.29,168.5
500.31,170.5
500.32,171.4
500.34,173.0
500.36,174.4
500.37,175.0
500.39,176.0
500.41,176.8
500.42,177.2
500.44,177.7
500.45,177.9
500.47,178.1
500.49,178.2
500.5,178.2
500.52,178.0
500.54,177.7
500.55,177.4
500.57,176.9
500.59,176.2
500.6,175.7
500.62,174.8
500.64,173.6
500.65,173.0
500.67,171.6
500.69,170.0
500.7,169.2
500.72,167.4
500.74,165.3
500.75,164.3
500.77,162.0
500.79,159.5
500.8,158.2
500.82,155.6
500.83,154.2
500.85,151.3
500.87,148.4
500.88,146.9
500.9,143.8
500.92,140.8
500.93,139.3
500.95,136.3
500.97,133.3
500.98,131.9
501.0,129.1
501.02,126.5
501.03,125.3
501.05,123.0
501.07,120.9
501.08,120.0
501.1,118.4
501.12,117.0
501.13,116.5
501.15,115.6
501.17,115.1
501.18,115.0
501.2,115.0
501.21,115.1
501.23,115.6
501.25,116.4
501.26,116.9
501.28,118.1
501.3,119.6
501.31,120.4
501.33,122.2
501.35,124.2
501.36,125.2
501.38,127.4
501.4,129.6
501.41,130.8
501.43,133.1
501.45,135.5
501.46,136.6
501.48,138.9
501.5,141.2
501.51,142.3
501.53,144.4
501.55,146.5
501.56,147.5
501.58,149.4
501.59,150.3
501.61,152.0
501.63,153.6
501.64,154.4
501.66,155.9
501.68,157.3
501.69,157.9
501.71,159.2
501.73,160.4
501.74,161.0
501.76,162.1
501.78,163.2
501.79,163.7
501.81,164.7
501.83,165.7
501.84,166.2
501.86,167.2
501.88,168.1
501.89,168.6
501.91,169.5
501.92,169.9
501.94,170.8
501.96,171.6
501.97,172.0
501.99,172.7
502.01,173.3
502.02,173.5
502.04,174.0
502.06,174.2
502.07,174.3
502.09,174.4
502.11,174.3
502.12,174.1
502.14,173.7
502.16,173.0
502.17,172.6
502.19,171.6
502.21,170.4
502.22,169.6
502.24,168.0
502.26,166.1
502.27,165.0
502.29,162.8
502.3,161.5
502.32,158.9
502.34,155.9
502.35,154.4
502.37,151.2
502.39,147.7
502.4,145.9
502.42,142.1
502.44,138.2
502.45,136.2
502.47,132.1
502.49,127.8
502.5,125.6
502.52,121.2
502.54,116.8
502.55,114.5
502.57,110.0
502.59,105.4
502.6,103.1
502.62,98.61
502.64,94.1
502.65,91.86
502.67,87.43
502.68,85.24
502.7,80.91
502.72,76.68
502.73,74.6
502.75,70.53
502.77,66.57
502.78,64.64
502.8,60.88
502.82,57.25
502.83,55.49
502.85,52.08
502.87,48.82
502.88,47.25
502.9,44.21
502.92,41.33
502.93,39.95
502.95,37.3
502.97,34.81
502.98,33.62
503.0,31.36
503.02,29.26
503.03,28.26
503.05,26.39
503.06,25.51
503.08,23.87
503.1,22.38
503.11,21.7
503.13,20.44
503.15,19.33
503.16,18.84
503.18,17.97
503.2,17.25
503.21,16.95
503.23,16.47
503.25,16.15
503.26,16.05
503.28,15.98
503.3,16.07
503.31,16.19
503.33,16.54
503.35,17.08
503.36,17.42
503.38,18.23
503.39,18.71
503.41,19.82
503.43,21.13
503.44,21.87
503.46,23.5
503.48,25.35
503.49,26.37
503.51,28.57
503.53,31.03
503.54,32.35
503.56,35.19
503.58,38.3
503.59,39.96
503.61,43.49
503.63,47.33
503.64,49.35
503.66,53.64
503.68,58.25
503.69,60.67
503.71,65.76
503.73,71.18
503.74,74.01
503.76,79.91
503.77,82.98
503.79,89.36
503.81,96.03
503.82,99.48
503.84,106.6
503.86,113.9
503.87,117.7
503.89,125.4
503.91,133.2
503.92,137.2
503.94,145.2
503.96,153.3
503.97,157.3
503.99,165.3
504.01,173.2
504.02,177.1
504.04,184.7
504.06,192.1
504.07,195.6
504.09,202.4
504.11,208.6
504.12,211.6
504.14,217.1
504.15,219.6
504.17,224.0
504.19,227.8
504.2,229.4
504.22,231.9
504.24,233.6
504.25,234.2
504.27,234.6
504.29,234.1
504.3,233.5
504.32,231.7
504.34,229.1
504.35,227.4
504.37,223.5
504.39,218.8
504.4,216.2
504.42,210.5
504.44,204.1
504.45,200.7
504.47,193.5
504.49,185.9
504.5,182.0
504.52,173.9
504.53,169.7
504.55,161.3
504.57,152.8
504.58,148.6
504.6,140.0
504.62,131.6
504.63,127.5
504.65,119.3
504.67,111.4
504.68,107.6
504.7,100.1
504.72,93.06
504.73,89.66
504.75,83.19
504.77,77.14
504.78,74.28
504.8,68.89
504.82,63.94
504.83,61.63
504.85,57.34
504.86,55.36
504.88,51.7
504.9,48.43
504.91,46.94
504.93,44.24
504.95,41.88
504.96,40.82
504.98,38.92
505.0,37.3
505.01,36.59
505.03,35.34
505.05,34.32
505.06,33.88
505.08,33.14
505.1,32.56
505.11,32.33
505.13,31.97
505.15,31.74
505.16,31.67
505.18,31.6
505.2,31.64
505.21,31.69
505.23,31.86
505.24,31.97
505.26,32.25
505.28,32.61
505.29,32.82
505.31,33.27
505.33,33.79
505.34,34.07
505.36,34.67
505.38,35.32
505.39,35.66
505.41,36.37
505.43,37.11
505.44,37.49
505.46,38.25
505.48,39.03
505.49,39.42
505.51,40.18
505.53,40.92
505.54,41.28
505.56,41.97
505.58,42.6
505.59,42.9
505.61,43.43
505.62,43.66
505.64,44.06
505.66,44.36
505.67,44.47
505.69,44.61
505.71,44.62
505.72,44.59
505.74,44.42
505.76,44.12
505.77,43.92
505.79,43.44
505.81,42.83
505.82,42.49
505.84,41.71
505.86,40.83
505.87,40.35
505.89,39.34
505.91,38.25
505.92,37.68
505.94,36.51
505.96,35.29
505.97,34.68
505.99,33.43
506.0,32.81
506.02,31.58
506.04,30.36
506.05,29.77
506.07,28.62
506.09,27.52
506.1,27.0
506.12,26.01
506.14,25.11
506.15,24.69
506.17,23.93
506.19,23.28
506.2,22.99
506.22,22.49
506.24,22.1
506.25,21.95
506.27,21.74
506.29,21.63
506.3,21.62
506.32,21.67
506.33,21.74
506.35,21.95
506.37,22.25
506.38,22.43
506.4,22.86
506.42,23.37
506.43,23.66
506.45,24.27
506.47,24.94
506.48,25.3
506.5,26.05
506.52,26.83
506.53,27.23
506.55,28.06
506.57,28.91
506.58,29.33
506.6,30.19
506.62,31.04
506.63,31.46
506.65,32.3
506.67,33.12
506.68,33.52
506.7,34.29
506.71,34.67
506.73,35.39
506.75,36.06
506.76,36.39
506.78,36.99
506.8,37.55
506.81,37.8
506.83,38.27
506.85,38.69
506.86,38.87
506.88,39.2
506.9,39.47
506.91,39.58
506.93,39.77
506.95,39.9
506.96,39.94
506.98,40.0
507.0,40.0
507.01,39.99
507.03,39.94
507.05,39.85
507.06,39.8
507.08,39.67
507.09,39.59
507.11,39.43
507.13,39.25
507.14,39.16
507.16,38.96
507.18,38.76
507.19,38.66
507.21,38.46
507.23,38.26
507.24,38.16
507.26,37.96
507.28,37.77
507.29,37.67
507.31,37.48
507.33,37.28
507.34,37.19
507.36,36.98
507.38,36.77
507.39,36.66
507.41,36.42
507.43,36.17
507.44,36.03
507.46,35.73
507.47,35.56
507.49,35.2
507.51,34.8
507.52,34.59
507.54,34.11
507.56,33.59
507.57,33.3
507.59,32.69
507.61,32.02
507.62,31.67
507.64,30.91
507.66,30.1
507.67,29.67
507.69,28.78
507.71,27.84
507.72,27.35
507.74,26.35
507.76,25.32
507.77,24.79
507.79,23.72
507.8,23.18
507.82,22.1
507.84,21.01
507.85,20.47
507.87,19.41
507.89,18.37
507.9,17.87
507.92,16.89
507.94,15.97
507.95,15.53
507.97,14.71
507.99,13.97
508.0,13.63
508.02,13.02
508.04,12.53
508.05,12.32
508.07,12.0
508.09,11.81
508.1,11.77
508.12,11.79
508.14,11.97
508.15,12.13
508.17,12.56
508.18,12.84
508.2,13.54
508.22,14.42
508.23,14.94
508.25,16.13
508.27,17.52
508.28,18.29
508.3,20.01
508.32,21.93
508.33,22.98
508.35,25.24
508.37,27.71
508.38,29.03
508.4,31.82
508.42,34.81
508.43,36.39
508.45,39.67
508.47,43.13
508.48,44.92
508.5,48.6
508.52,52.42
508.53,54.36
508.55,58.32
508.56,60.32
508.58,64.35
508.6,68.39
508.61,70.41
508.63,74.4
508.65,78.31
508.66,80.23
508.68,83.96
508.7,87.51
508.71,89.22
508.73,92.45
508.75,95.42
508.76,96.79
508.78,99.31
508.8,101.5
508.81,102.5
508.83,104.1
508.85,105.3
508.86,105.8
508.88,106.5
508.9,106.7
508.91,106.6
508.93,106.3
508.94,105.9
508.96,104.9
508.98,103.5
508.99,102.7
509.01,100.8
509.03,98.53
509.04,97.29
509.06,94.58
509.08,91.62
509.09,90.05
509.11,86.76
509.13,83.29
509.14,81.5
509.16,77.82
509.18,74.06
509.19,72.16
509.21,68.32
509.23,64.48
509.24,62.56
509.26,58.76
509.27,56.88
509.29,53.17
509.31,49.55
509.32,47.79
509.34,44.35
509.36,41.04
509.37,39.44
509.39,36.36
509.41,33.44
509.42,32.04
509.44,29.38
509.46,26.88
509.47,25.7
509.49,23.46
509.51,21.4
509.52,20.43
509.54,18.61
509.56,16.95
509.57,16.18
509.59,14.75
509.61,13.47
509.62,12.88
509.64,11.79
509.65,11.3
509.67,10.39
509.69,9.603
509.7,9.246
509.72,8.604
509.74,8.051
509.75,7.806
509.77,7.372
509.79,7.008
509.8,6.849
509.82,6.573
509.84,6.348
509.85,6.253
509.87,6.091
509.89,5.963
509.9,5.91
509.92,5.824
509.94,5.758
509.95,5.731
509.97,5.688
509.99,5.655
510.0,5.641
510.02,5.618
510.03,5.608
510.05,5.588
510.07,5.569
510.08,5.559
510.1,5.537
510.12,5.513
510.13,5.499
510.15,5.471
510.17,5.44
510.18,5.424
510.2,5.391
510.22,5.358
510.23,5.342
510.25,5.312
510.27,5.285
510.28,5.273
510.3,5.255
510.32,5.245
510.33,5.244
510.35,5.25
510.36,5.258
510.38,5.285
510.4,5.327
510.41,5.354
510.43,5.423
510.45,5.51
510.46,5.561
510.48,5.679
510.5,5.818
510.51,5.896
510.53,6.066
510.55,6.259
510.56,6.363
510.58,6.586
510.6,6.829
510.61,6.958
510.63,7.229
510.65,7.518
510.66,7.668
510.68,7.979
510.7,8.304
510.71,8.471
510.73,8.814
510.74,8.989
510.76,9.345
510.78,9.709
510.79,9.893
510.81,10.27
510.83,10.64
510.84,10.84
510.86,11.22
510.88,11.61
510.89,11.8
510.91,12.19
510.93,12.59
510.94,12.79
510.96,13.19
510.98,13.6
510.99,13.8
511.01,14.22
511.03,14.64
511.04,14.85
511.06,15.28
511.08,15.72
511.09,15.94
511.11,16.4
511.12,16.63
511.14,17.09
511.16,17.56
511.17,17.8
511.19,18.29
511.21,18.78
511.22,19.02
511.24,19.51
511.26,20.01
511.27,20.25
511.29,20.74
511.31,21.22
511.32,21.45
511.34,21.91
511.36,22.35
511.37,22.57
511.39,22.98
511.41,23.36
511.42,23.54
511.44,23.87
511.46,24.18
511.47,24.31
511.49,24.56
511.5,24.67
511.52,24.86
511.54,25.0
511.55,25.06
511.57,25.15
511.59,25.2
511.6,25.21
511.62,25.21
511.64,25.18
511.65,25.15
511.67,25.08
511.69,25.0
511.7,24.95
511.72,24.85
511.74,24.74
511.75,24.69
511.77,24.6
511.79,24.51
511.8,24.48
511.82,24.43
511.83,24.41
511.85,24.41
511.87,24.45
511.88,24.48
511.9,24.58
511.92,24.73
511.93,24.82
511.95,25.05
511.97,25.33
511.98,25.49
512.0,25.85
512.02,26.27
512.03,26.5
512.05,26.99
512.07,27.52
512.08,27.81
512.1,28.4
512.12,29.03
512.13,29.36
512.15,30.03
512.17,30.72
512.18,31.07
512.2,31.76
512.21,32.11
512.23,32.81
512.25,33.49
512.26,33.83
512.28,34.48
512.3,35.11
512.31,35.41
512.33,35.99
512.35,36.53
512.36,36.78
512.38,37.25
512.4,37.68
512.41,37.88
512.43,38.24
512.45,38.56
512.46,38.71
512.48,38.97
512.5,39.19
512.51,39.29
512.53,39.46
512.55,39.62
512.56,39.69
512.58,39.81
512.59,39.87
512.61,39.99
512.63,40.11
512.64,40.17
512.66,40.3
512.68,40.45
512.69,40.53
512.71,40.71
512.73,40.91
512.74,41.02
512.76,41.26
512.78,41.53
512.79,41.68
512.81,42.0
512.83,42.35
512.84,42.53
512.86,42.92
512.88,43.34
512.89,43.55
512.91,43.99
512.93,44.45
512.94,44.69
512.96,45.16
512.97,45.4
512.99,45.88
513.01,46.36
513.02,46.6
513.04,47.07
513.06,47.54
513.07,47.76
513.09,48.22
513.11,48.66
513.12,48.87
513.14,49.3
513.16,49.71
513.17,49.92
513.19,50.32
513.21,50.72
513.22,50.92
513.24,51.33
513.26,51.73
513.27,51.94
513.29,52.37
513.3,52.59
513.32,53.05
513.34,53.55
513.35,53.8
513.37,54.35
513.39,54.95
513.4,55.27
513.42,55.95
513.44,56.69
513.45,57.09
513.47,57.94
513.49,58.88
513.5,59.38
513.52,60.44
513.54,61.59
513.55,62.2
513.57,63.5
513.59,64.89
513.6,65.61
513.62,67.14
513.64,68.75
513.65,69.59
513.67,71.32
513.68,72.22
513.7,74.04
513.72,75.92
513.73,76.87
513.75,78.8
513.77,80.73
513.78,81.69
513.8,83.59
513.82,85.45
513.83,86.36
513.85,88.11
513.87,89.75
513.88,90.52
513.9,91.96
513.92,93.24
513.93,93.81
513.95,94.79
513.97,95.56
513.98,95.86
514.0,96.26
514.02,96.41
514.03,96.39
514.05,96.13
514.06,95.89
514.08,95.22
514.1,94.26
514.11,93.68
514.13,92.31
514.15,90.68
514.16,89.77
514.18,87.76
514.2,85.53
514.21,84.34
514.23,81.81
514.25,79.11
514.26,77.7
514.28,74.79
514.3,71.77
514.31,70.23
514.33,67.1
514.35,63.93
514.36,62.34
514.38,59.17
514.4,56.02
514.41,54.46
514.43,51.39
514.44,49.88
514.46,46.93
514.48,44.09
514.49,42.71
514.51,40.05
514.53,37.53
514.54,36.32
514.56,34.02
514.58,31.86
514.59,30.84
514.61,28.92
514.63,27.16
514.64,26.34
514.66,24.8
514.68,23.42
514.69,22.78
514.71,21.6
514.73,20.56
514.74,20.09
514.76,19.24
514.77,18.86
514.79,18.18
514.81,17.6
514.82,17.35
514.84,16.91
514.86,16.56
514.87,16.42
514.89,16.18
514.91,16.01
514.92,15.94
514.94,15.86
514.96,15.83
514.97,15.83
514.99,15.86
515.01,15.93
515.02,15.98
515.04,16.1
515.06,16.24
515.07,16.32
515.09,16.49
515.11,16.68
515.12,16.78
515.14,16.99
515.15,17.09
515.17,17.31
515.19,17.53
515.2,17.63
515.22,17.85
515.24,18.06
515.25,18.16
515.27,18.36
515.29,18.55
515.3,18.64
515.32,18.81
515.34,18.97
515.35,19.05
515.37,19.18
515.39,19.31
515.4,19.37
515.42,19.47
515.44,19.57
515.45,19.61
515.47,19.7
515.49,19.78
515.5,19.82
515.52,19.9
515.53,19.95
515.55,20.04
515.57,20.15
515.58,20.21
515.6,20.35
515.62,20.52
515.63,20.62
515.65,20.84
515.67,21.12
515.68,21.27
515.7,21.62
515.72,22.04
515.73,22.27
515.75,22.8
515.77,23.42
515.78,23.76
515.8,24.53
515.82,25.41
515.83,25.89
515.85,26.97
515.87,28.19
515.88,28.87
515.9,30.36
515.91,31.18
515.93,32.99
515.95,35.05
515.96,36.18
515.98,38.68
516.0,41.52
516.01,43.08
516.03,46.53
516.05,50.45
516.06,52.61
516.08,57.36
516.1,62.75
516.11,65.72
516.13,72.22
516.15,79.58
516.16,83.61
516.18,92.41
516.2,102.3
516.21,107.7
516.23,119.4
516.24,125.7
516.26,139.5
516.28,154.7
516.29,163.0
516.31,180.6
516.33,200.0
516.34,210.3
516.36,232.4
516.38,256.4
516.39,269.1
516.41,296.1
516.43,325.0
516.44,340.2
516.46,372.1
516.48,406.1
516.49,423.8
516.51,460.7
516.53,499.5
516.54,519.6
516.56,561.1
516.58,604.4
516.59,626.7
516.61,672.4
516.62,695.8
516.64,743.7
516.66,792.9
516.67,818.0
516.69,869.0
516.71,921.0
516.72,947.4
516.74,1001.0
516.76,1055.0
516.77,1082.0
516.79,1138.0
516.81,1194.0
516.82,1222.0
516.84,1279.0
516.86,1336.0
516.87,1364.0
516.89,1422.0
516.91,1480.0
516.92,1509.0
516.94,1568.0
516.96,1626.0
516.97,1656.0
516.99,1714.0
517.0,1743.0
517.02,1801.0
517.04,1858.0
517.05,1887.0
517.07,1943.0
517.09,1998.0
517.1,2025.0
517.12,2077.0
517.14,2127.0
517.15,2151.0
517.17,2197.0
517.19,2240.0
517.2,2260.0
517.22,2297.0
517.24,2329.0
517.25,2344.0
517.27,2369.0
517.29,2388.0
517.3,2395.0
517.32,2406.0
517.34,2409.0
517.35,2409.0
517.37,2403.0
517.38,2397.0
517.4,2380.0
517.42,2356.0
517.43,2342.0
517.45,2308.0
517.47,2268.0
517.48,2246.0
517.5,2196.0
517.52,2142.0
517.53,2113.0
517.55,2051.0
517.57,1986.0
517.58,1952.0
517.6,1882.0
517.62,1811.0
517.63,1775.0
517.65,1702.0
517.67,1631.0
517.68,1596.0
517.7,1527.0
517.71,1494.0
517.73,1430.0
517.75,1370.0
517.76,1343.0
517.78,1291.0
517.8,1247.0
517.81,1228.0
517.83,1195.0
517.85,1170.0
517.86,1161.0
517.88,1151.0
517.9,1150.0
517.91,1153.0
517.93,1168.0
517.95,1193.0
517.96,1209.0
517.98,1250.0
518.0,1301.0
518.01,1330.0
518.03,1397.0
518.05,1472.0
518.06,1514.0
518.08,1603.0
518.09,1651.0
518.11,1752.0
518.13,1860.0
518.14,1917.0
518.16,2033.0
518.18,2153.0
518.19,2215.0
518.21,2339.0
518.23,2464.0
518.24,2527.0
518.26,2650.0
518.28,2771.0
518.29,2831.0
518.31,2945.0
518.33,3054.0
518.34,3105.0
518.36,3202.0
518.38,3290.0
518.39,3330.0
518.41,3403.0
518.43,3463.0
518.44,3489.0
518.46,3530.0
518.47,3546.0
518.49,3568.0
518.51,3577.0
518.52,3576.0
518.54,3564.0
518.56,3539.0
518.57,3521.0
518.59,3477.0
518.61,3421.0
518.62,3388.0
518.64,3316.0
518.66,3233.0
518.67,3188.0
518.69,3092.0
518.71,2990.0
518.72,2936.0
518.74,2825.0
518.76,2709.0
518.77,2650.0
518.79,2530.0
518.81,2409.0
518.82,2348.0
518.84,2226.0
518.85,2165.0
518.87,2046.0
518.89,1928.0
518.9,1870.0
518.92,1757.0
518.94,1648.0
518.95,1595.0
518.97,1493.0
518.99,1395.0
519.0,1348.0
519.02,1257.0
519.04,1172.0
519.05,1131.0
519.07,1053.0
519.09,980.1
519.1,945.5
519.12,879.7
519.14,818.6
519.15,789.6
519.17,734.8
519.18,709.0
519.2,660.0
519.22,614.6
519.23,593.2
519.25,552.7
519.27,515.1
519.28,497.4
519.3,463.7
519.32,432.5
519.33,417.7
519.35,389.6
519.37,363.4
519.38,351.0
519.4,327.4
519.42,305.3
519.43,294.8
519.45,274.8
519.47,256.1
519.48,247.2
519.5,230.2
519.52,214.4
519.53,206.8
519.55,192.5
519.56,185.7
519.58,172.8
519.6,160.8
519.61,155.1
519.63,144.4
519.65,134.5
519.66,129.9
519.68,121.2
519.7,113.2
519.71,109.5
519.73,102.7
519.75,96.5
519.76,93.66
519.78,88.47
519.8,83.89
519.81,81.82
519.83,78.1
519.85,74.93
519.86,73.53
519.88,71.1
519.9,69.12
519.91,68.3
519.93,66.94
519.94,66.41
519.96,65.6
519.98,65.11
519.99,64.98
520.01,64.92
520.03,65.11
520.04,65.29
520.06,65.8
520.08,66.48
520.09,66.88
520.11,67.79
520.13,68.82
520.14,69.37
520.16,70.55
520.18,71.81
520.19,72.46
520.21,73.81
520.23,75.21
520.24,75.92
520.26,77.37
520.27,78.1
520.29,79.59
520.31,81.09
520.32,81.84
520.34,83.35
520.36,84.86
520.37,85.61
520.39,87.11
520.41,88.59
520.42,89.32
520.44,90.77
520.46,92.18
520.47,92.86
520.49,94.2
520.51,95.48
520.52,96.09
520.54,97.26
520.56,98.34
520.57,98.84
520.59,99.77
520.61,100.6
520.62,100.9
520.64,101.6
520.65,101.8
520.67,102.2
520.69,102.4
520.7,102.5
520.72,102.5
520.74,102.3
520.75,102.2
520.77,101.8
520.79,101.2
520.8,100.9
520.82,100.0
520.84,99.08
520.85,98.55
520.87,97.39
520.89,96.11
520.9,95.43
520.92,94.02
520.94,92.53
520.95,91.76
520.97,90.2
520.99,88.62
521.0,87.82
521.02,86.24
521.03,85.47
521.05,83.94
521.07,82.48
521.08,81.77
521.1,80.43
521.12,79.2
521.13,78.62
521.15,77.57
521.17,76.65
521.18,76.25
521.2,75.55
521.22,75.01
521.23,74.79
521.25,74.48
521.27,74.32
521.28,74.3
521.3,74.36
521.32,74.56
521.33,74.7
521.35,75.08
521.37,75.56
521.38,75.83
521.4,76.43
521.41,76.76
521.43,77.43
521.45,78.14
521.46,78.49
521.48,79.19
521.5,79.85
521.51,80.17
521.53,80.75
521.55,81.25
521.56,81.46
521.58,81.8
521.6,82.01
521.61,82.07
521.63,82.07
521.65,81.91
521.66,81.77
521.68,81.37
521.7,80.8
521.71,80.45
521.73,79.63
521.74,79.16
521.76,78.11
521.78,76.91
521.79,76.26
521.81,74.88
521.83,73.39
521.84,72.61
521.86,71.01
521.88,69.35
521.89,68.51
521.91,66.83
521.93,65.17
521.94,64.35
521.96,62.76
521.98,61.25
521.99,60.53
522.01,59.2
522.03,58.01
522.04,57.48
522.06,56.56
522.08,55.85
522.09,55.58
522.11,55.21
522.12,55.12
522.14,55.13
522.16,55.41
522.17,55.66
522.19,56.36
522.21,57.35
522.22,57.95
522.24,59.37
522.26,61.08
522.27,62.04
522.29,64.16
522.31,66.54
522.32,67.83
522.34,70.59
522.36,73.57
522.37,75.14
522.39,78.43
522.41,81.88
522.42,83.66
522.44,87.33
522.46,91.09
522.47,93.01
522.49,96.88
522.5,98.83
522.52,102.7
522.54,106.6
522.55,108.6
522.57,112.4
522.59,116.1
522.6,117.9
522.62,121.5
522.64,124.9
522.65,126.6
522.67,129.7
522.69,132.7
522.7,134.1
522.72,136.8
522.74,139.2
522.75,140.4
522.77,142.5
522.79,144.5
522.8,145.4
522.82,147.0
522.84,148.4
522.85,149.1
522.87,150.3
522.88,150.9
522.9,151.9
522.92,152.8
522.93,153.2
522.95,154.0
522.97,154.7
522.98,155.1
523.0,155.8
523.02,156.5
523.03,156.8
523.05,157.5
523.07,158.3
523.08,158.7
523.1,159.5
523.12,160.3
523.13,160.8
523.15,161.7
523.17,162.5
523.18,163.0
523.2,163.8
523.21,164.3
523.23,165.0
523.25,165.7
523.26,166.0
523.28,166.5
523.3,166.8
523.31,166.9
523.33,166.9
523.35,166.7
523.36,166.4
523.38,165.8
523.4,164.7
523.41,164.1
523.43,162.6
523.45,160.6
523.46,159.6
523.48,157.1
523.5,154.2
523.51,152.6
523.53,149.2
523.55,145.4
523.56,143.4
523.58,139.2
523.59,136.9
523.61,132.2
523.63,127.3
523.64,124.7
523.66,119.4
523.68,114.0
523.69,111.3
523.71,105.7
523.73,100.1
523.74,97.31
523.76,91.7
523.78,86.15
523.79,83.41
523.81,78.01
523.83,72.74
523.84,70.18
523.86,65.18
523.88,60.39
523.89,58.08
523.91,53.64
523.93,49.45
523.94,47.45
523.96,43.65
523.97,41.86
523.99,38.47
524.01,35.35
524.02,33.89
524.04,31.17
524.06,28.71
524.07,27.57
524.09,25.48
524.11,23.61
524.12,22.76
524.14,21.22
524.16,19.86
524.17,19.25
524.19,18.16
524.21,17.22
524.22,16.8
524.24,16.06
524.26,15.43
524.27,15.15
524.29,14.66
524.31,14.24
524.32,14.06
524.34,13.74
524.35,13.59
524.37,13.33
524.39,13.1
524.4,13.0
524.42,12.8
524.44,12.61
524.45,12.51
524.47,12.33
524.49,12.15
524.5,12.05
524.52,11.86
524.54,11.66
524.55,11.56
524.57,11.34
524.59,11.12
524.6,11.0
524.62,10.76
524.64,10.52
524.65,10.39
524.67,10.13
524.68,10.0
524.7,9.744
524.72,9.481
524.73,9.35
524.75,9.089
524.77,8.831
524.78,8.705
524.8,8.456
524.82,8.216
524.83,8.1
524.85,7.875
524.87,7.662
524.88,7.561
524.9,7.368
524.92,7.191
524.93,7.108
524.95,6.954
524.97,6.818
524.98,6.756
525.0,6.647
525.02,6.556
525.03,6.517
525.05,6.455
525.06,6.432
525.08,6.4
525.1,6.389
525.11,6.392
525.13,6.416
525.15,6.463
525.16,6.496
525.18,6.583
525.2,6.699
525.21,6.768
525.23,6.933
525.25,7.135
525.26,7.251
525.28,7.518
525.3,7.836
525.31,8.016
525.33,8.424
525.35,8.903
525.36,9.173
525.38,9.78
525.4,10.49
525.41,10.89
525.43,11.78
525.44,12.27
525.46,13.39
525.48,14.67
525.49,15.39
525.51,16.99
525.53,18.82
525.54,19.84
525.56,22.1
525.58,24.67
525.59,26.09
525.61,29.22
525.63,32.76
525.64,34.7
525.66,38.95
525.68,43.72
525.69,46.32
525.71,51.95
525.73,58.23
525.74,61.62
525.76,68.93
525.78,76.99
525.79,81.31
525.81,90.57
525.82,95.51
525.84,106.1
525.86,117.5
525.87,123.5
525.89,136.4
525.91,150.1
525.92,157.4
525.94,172.6
525.96,188.8
525.97,197.3
525.99,214.9
526.01,233.5
526.02,243.1
526.04,263.0
526.06,283.7
526.07,294.4
526.09,316.4
526.11,339.0
526.12,350.6
526.14,374.2
526.15,386.2
526.17,410.5
526.19,435.3
526.2,447.8
526.22,473.0
526.24,498.3
526.25,511.0
526.27,536.4
526.29,561.8
526.3,574.4
526.32,599.5
526.34,624.3
526.35,636.5
526.37,660.7
526.39,684.4
526.4,696.0
526.42,718.9
526.44,741.0
526.45,751.9
526.47,773.1
526.49,793.5
526.5,803.4
526.52,822.7
526.53,832.1
526.55,850.3
526.57,867.7
526.58,876.2
526.6,892.5
526.62,908.2
526.63,915.7
526.65,930.4
526.67,944.4
526.68,951.2
526.7,964.4
526.72,976.9
526.73,983.0
526.75,994.7
526.77,1006.0
526.78,1011.0
526.8,1022.0
526.82,1031.0
526.83,1036.0
526.85,1045.0
526.87,1053.0
526.88,1057.0
526.9,1063.0
526.91,1066.0
526.93,1072.0
526.95,1076.0
526.96,1078.0
526.98,1080.0
527.0,1081.0
527.01,1081.0
527.03,1080.0
527.05,1076.0
527.06,1074.0
527.08,1068.0
527.1,1061.0
527.11,1056.0
527.13,1045.0
527.15,1032.0
527.16,1025.0
527.18,1008.0
527.2,990.1
527.21,980.1
527.23,958.5
527.25,934.9
527.26,922.4
527.28,895.9
527.29,882.1
527.31,853.1
527.33,822.6
527.34,806.9
527.36,774.5
527.38,741.2
527.39,724.2
527.41,689.7
527.43,654.8
527.44,637.2
527.46,602.0
527.48,566.9
527.49,549.4
527.51,514.8
527.53,480.8
527.54,464.1
527.56,431.4
527.58,399.7
527.59,384.2
527.61,354.3
527.62,339.9
527.64,312.0
527.66,285.6
527.67,273.0
527.69,249.0
527.71,226.5
527.72,215.9
527.74,195.9
527.76,177.5
527.77,168.9
527.79,152.9
527.81,138.4
527.82,131.7
527.84,119.5
527.86,108.7
527.87,103.8
527.89,94.98
527.91,87.4
527.92,84.05
527.94,78.19
527.96,73.36
527.97,71.32
527.99,67.9
528.0,66.52
528.02,64.34
528.04,62.88
528.05,62.39
528.07,61.87
528.09,61.87
528.1,62.05
528.12,62.72
528.14,63.74
528.15,64.36
528.17,65.8
528.19,67.43
528.2,68.3
528.22,70.11
528.24,71.99
528.25,72.93
528.27,74.8
528.29,76.61
528.3,77.49
528.32,79.14
528.34,80.64
528.35,81.32
528.37,82.54
528.38,83.07
528.4,83.96
528.42,84.6
528.43,84.82
528.45,85.07
528.47,85.05
528.48,84.93
528.5,84.5
528.52,83.8
528.53,83.35
528.55,82.25
528.57,80.91
528.58,80.15
528.6,78.46
528.62,76.57
528.63,75.55
528.65,73.38
528.67,71.06
528.68,69.85
528.7,67.34
528.72,64.73
528.73,63.4
528.75,60.69
528.76,59.32
528.78,56.56
528.8,53.8
528.81,52.43
528.83,49.69
528.85,47.0
528.86,45.68
528.88,43.08
528.9,40.57
528.91,39.35
528.93,36.97
528.95,34.7
528.96,33.61
528.98,31.51
529.0,29.53
529.01,28.59
529.03,26.8
529.05,25.13
529.06,24.34
529.08,22.85
529.09,22.15
529.11,20.83
529.13,19.63
529.14,19.07
529.16,18.03
529.18,17.08
529.19,16.65
529.21,15.84
529.23,15.11
529.24,14.78
529.26,14.17
529.28,13.62
529.29,13.37
529.31,12.92
529.33,12.51
529.34,12.32
529.36,11.98
529.38,11.68
529.39,11.55
529.41,11.29
529.43,11.07
529.44,10.97
529.46,10.78
529.47,10.7
529.49,10.54
529.51,10.4
529.52,10.34
529.54,10.23
529.56,10.14
529.57,10.1
529.59,10.04
529.61,9.994
529.62,9.979
529.64,9.966
529.66,9.976
529.67,9.991
529.69,10.04
529.71,10.12
529.72,10.17
529.74,10.3
529.76,10.46
529.77,10.55
529.79,10.77
529.81,11.03
529.82,11.17
529.84,11.49
529.85,11.67
529.87,12.05
529.89,12.48
529.9,12.72
529.92,13.21
529.94,13.75
529.95,14.04
529.97,14.64
529.99,15.28
530.0,15.61
530.02,16.3
530.04,17.02
530.05,17.39
530.07,18.14
530.09,18.92
530.1,19.31
530.12,20.11
530.14,20.91
530.15,21.31
530.17,22.11
530.18,22.5
530.2,23.29
530.22,24.06
530.23,24.43
530.25,25.17
530.27,25.88
530.28,26.22
530.3,26.88
530.32,27.5
530.33,27.8
530.35,28.36
530.37,28.88
530.38,29.12
530.4,29.57
530.42,29.97
530.43,30.16
530.45,30.49
530.47,30.77
530.48,30.9
530.5,31.11
530.52,31.27
530.53,31.34
530.55,31.43
530.56,31.46
530.58,31.49
530.6,31.47
530.61,31.44
530.63,31.36
530.65,31.23
530.66,31.15
530.68,30.95
530.7,30.71
530.71,30.58
530.73,30.28
530.75,29.93
530.76,29.74
530.78,29.32
530.8,28.87
530.81,28.62
530.83,28.1
530.85,27.53
530.86,27.24
530.88,26.61
530.9,25.94
530.91,25.6
530.93,24.87
530.94,24.5
530.96,23.73
530.98,22.92
530.99,22.51
531.01,21.67
531.03,20.81
531.04,20.38
531.06,19.49
531.08,18.6
531.09,18.15
531.11,17.25
531.13,16.35
531.14,15.91
531.16,15.02
531.18,14.15
531.19,13.72
531.21,12.88
531.23,12.06
531.24,11.66
531.26,10.88
531.28,10.13
531.29,9.774
531.31,9.083
531.32,8.751
531.34,8.118
531.36,7.526
531.37,7.246
531.39,6.719
531.41,6.237
531.42,6.013
531.44,5.599
531.46,5.232
531.47,5.067
531.49,4.771
531.51,4.525
531.52,4.421
531.54,4.251
531.56,4.132
531.57,4.093
531.59,4.056
531.61,4.077
531.62,4.11
531.64,4.221
531.65,4.301
531.67,4.513
531.69,4.795
531.7,4.965
531.72,5.364
531.74,5.848
531.75,6.124
531.77,6.748
531.79,7.473
531.8,7.876
531.82,8.768
531.84,9.781
531.85,10.34
531.87,11.54
531.89,12.89
531.9,13.63
531.92,15.2
531.94,16.94
531.95,17.87
531.97,19.86
531.99,22.03
532.0,23.18
532.02,25.62
532.03,26.91
532.05,29.63
532.07,32.53
532.08,34.05
532.1,37.23
532.12,40.59
532.13,42.33
532.15,45.95
532.17,49.72
532.18,51.66
532.2,55.64
532.22,59.75
532.23,61.84
532.25,66.1
532.27,70.43
532.28,72.62
532.3,77.03
532.32,81.45
532.33,83.66
532.35,88.06
532.37,92.41
532.38,94.56
532.4,98.78
532.41,100.9
532.43,104.9
532.45,108.8
532.46,110.7
532.48,114.3
532.5,117.6
532.51,119.3
532.53,122.3
532.55,125.0
532.56,126.3
532.58,128.6
532.6,130.6
532.61,131.5
532.63,133.1
532.65,134.3
532.66,134.8
532.68,135.5
532.7,135.9
532.71,136.0
532.73,135.8
532.75,135.4
532.76,135.1
532.78,134.1
532.79,133.6
532.81,132.2
532.83,130.5
532.84,129.6
532.86,127.5
532.88,125.1
532.89,123.9
532.91,121.2
532.93,118.2
532.94,116.7
532.96,113.5
532.98,110.1
532.99,108.3
533.01,104.7
533.03,101.0
533.04,99.07
533.06,95.19
533.08,91.24
533.09,89.25
533.11,85.24
533.12,83.23
533.14,79.2
533.16,75.19
533.17,73.2
533.19,69.25
533.21,65.37
533.22,63.46
533.24,59.71
533.26,56.07
533.27,54.29
533.29,50.85
533.31,47.56
533.32,45.97
533.34,42.92
533.36,40.05
533.37,38.68
533.39,36.09
533.41,33.7
533.42,32.57
533.44,30.48
533.46,28.6
533.47,27.73
533.49,26.16
533.5,25.45
533.52,24.18
533.54,23.11
533.55,22.64
533.57,21.87
533.59,21.27
533.6,21.04
533.62,20.71
533.64,20.55
533.65,20.52
533.67,20.59
533.69,20.79
533.7,20.94
533.72,21.33
533.74,21.82
533.75,22.11
533.77,22.74
533.79,23.44
533.8,23.82
533.82,24.61
533.84,25.45
533.85,25.87
533.87,26.74
533.88,27.17
533.9,28.04
533.92,28.9
533.93,29.31
533.95,30.12
533.97,30.88
533.98,31.24
534.0,31.91
534.02,32.51
534.03,32.78
534.05,33.25
534.07,33.63
534.08,33.79
534.1,34.01
534.12,34.14
534.13,34.16
534.15,34.12
534.17,33.97
534.18,33.85
534.2,33.53
534.22,33.11
534.23,32.86
534.25,32.29
534.26,31.97
534.28,31.26
534.3,30.46
534.31,30.04
534.33,29.13
534.35,28.17
534.36,27.67
534.38,26.63
534.4,25.56
534.41,25.01
534.43,23.9
534.45,22.79
534.46,22.23
534.48,21.13
534.5,20.03
534.51,19.5
534.53,18.45
534.55,17.44
534.56,16.96
534.58,16.02
534.59,15.58
534.61,14.74
534.63,13.96
534.64,13.6
534.66,12.94
534.68,12.35
534.69,12.09
534.71,11.62
534.73,11.24
534.74,11.08
534.76,10.82
534.78,10.65
534.79,10.6
534.81,10.55
534.83,10.58
534.84,10.63
534.86,10.77
534.88,10.99
534.89,11.13
534.91,11.45
534.93,11.83
534.94,12.05
534.96,12.52
534.97,12.77
534.99,13.31
535.01,13.9
535.02,14.2
535.04,14.84
535.06,15.51
535.07,15.85
535.09,16.56
535.11,17.28
535.12,17.65
535.14,18.39
535.16,19.14
535.17,19.51
535.19,20.26
535.21,21.02
535.22,21.39
535.24,22.14
535.26,22.89
535.27,23.26
535.29,24.0
535.31,24.74
535.32,25.11
535.34,25.84
535.35,26.2
535.37,26.94
535.39,27.67
535.4,28.04
535.42,28.78
535.44,29.53
535.45,29.91
535.47,30.69
535.49,31.47
535.5,31.88
535.52,32.69
535.54,33.54
535.55,33.97
535.57,34.85
535.59,35.76
535.6,36.22
535.62,37.17
535.64,38.16
535.65,38.66
535.67,39.69
535.69,40.75
535.7,41.29
535.72,42.39
535.73,42.95
535.75,44.09
535.77,45.26
535.78,45.85
535.8,47.06
535.82,48.28
535.83,48.91
535.85,50.17
535.87,51.45
535.88,52.1
535.9,53.41
535.92,54.75
535.93,55.43
535.95,56.82
535.97,58.23
535.98,58.95
536.0,60.42
536.02,61.93
536.03,62.71
536.05,64.3
536.06,65.12
536.08,66.81
536.1,68.57
536.11,69.48
536.13,71.37
536.15,73.35
536.16,74.38
536.18,76.53
536.2,78.79
536.21,79.97
536.23,82.43
536.25,85.03
536.26,86.39
536.28,89.21
536.3,92.19
536.31,93.75
536.33,96.97
536.35,100.4
536.36,102.1
536.38,105.8
536.4,109.6
536.41,111.6
536.43,115.6
536.44,117.7
536.46,122.0
536.48,126.5
536.49,128.8
536.51,133.4
536.53,138.2
536.54,140.6
536.56,145.6
536.58,150.6
536.59,153.1
536.61,158.2
536.63,163.3
536.64,165.9
536.66,171.0
536.68,176.1
536.69,178.6
536.71,183.5
536.73,188.4
536.74,190.8
536.76,195.4
536.78,199.9
536.79,202.0
536.81,206.1
536.82,208.1
536.84,211.8
536.86,215.2
536.87,216.8
536.89,219.7
536.91,222.2
536.92,223.2
536.94,225.1
536.96,226.6
536.97,227.1
536.99,227.8
537.01,228.1
537.02,228.0
537.04,227.5
537.06,226.5
537.07,225.8
537.09,224.0
537.11,221.7
537.12,220.3
537.14,217.3
537.16,213.7
537.17,211.8
537.19,207.5
537.2,205.2
537.22,200.4
537.24,195.1
537.25,192.3
537.27,186.5
537.29,180.4
537.3,177.3
537.32,170.8
537.34,164.1
537.35,160.7
537.37,153.8
537.39,146.8
537.4,143.3
537.42,136.2
537.44,129.2
537.45,125.7
537.47,118.8
537.49,112.0
537.5,108.7
537.52,102.1
537.53,98.94
537.55,92.75
537.57,86.83
537.58,83.99
537.6,78.53
537.62,73.42
537.63,71.0
537.65,66.44
537.67,62.29
537.68,60.37
537.7,56.84
537.72,53.75
537.73,52.37
537.75,49.95
537.77,48.0
537.78,47.2
537.8,45.94
537.82,45.16
537.83,44.94
537.85,44.86
537.87,45.25
537.88,45.62
537.9,46.69
537.91,47.39
537.93,49.13
537.95,51.3
537.96,52.53
537.98,55.31
538.0,58.46
538.01,60.18
538.03,63.86
538.05,67.85
538.06,69.96
538.08,74.37
538.1,79.0
538.11,81.4
538.13,86.3
538.15,91.34
538.16,93.88
538.18,99.02
538.2,104.2
538.21,106.7
538.23,111.8
538.25,116.7
538.26,119.1
538.28,123.8
538.29,126.0
538.31,130.2
538.33,134.2
538.34,136.0
538.36,139.4
538.38,142.4
538.39,143.7
538.41,145.9
538.43,147.7
538.44,148.4
538.46,149.3
538.48,149.8
538.49,149.8
538.51,149.4
538.53,148.5
538.54,147.8
538.56,146.1
538.58,143.9
538.59,142.6
538.61,139.7
538.63,136.4
538.64,134.6
538.66,130.7
538.67,128.7
538.69,124.3
538.71,119.8
538.72,117.4
538.74,112.6
538.76,107.6
538.77,105.1
538.79,100.1
538.81,95.06
538.82,92.56
538.84,87.62
538.86,82.8
538.87,80.44
538.89,75.86
538.91,71.48
538.92,69.38
538.94,65.35
538.96,61.59
538.97,59.81
538.99,56.47
539.0,54.91
539.02,52.02
539.04,49.43
539.05,48.25
539.07,46.1
539.09,44.26
539.1,43.44
539.12,42.01
539.14,40.85
539.15,40.37
539.17,39.58
539.19,39.01
539.2,38.8
539.22,38.53
539.24,38.43
539.25,38.44
539.27,38.56
539.29,38.8
539.3,38.96
539.32,39.35
539.34,39.8
539.35,40.05
539.37,40.58
539.38,40.86
539.4,41.43
539.42,42.01
539.43,42.3
539.45,42.88
539.47,43.43
539.48,43.7
539.5,44.23
539.52,44.72
539.53,44.96
539.55,45.4
539.57,45.82
539.58,46.02
539.6,46.41
539.62,46.77
539.63,46.95
539.65,47.31
539.67,47.67
539.68,47.85
539.7,48.24
539.72,48.66
539.73,48.89
539.75,49.39
539.76,49.67
539.78,50.28
539.8,50.99
539.81,51.39
539.83,52.27
539.85,53.29
539.86,53.85
539.88,55.1
539.9,56.52
539.91,57.3
539.93,59.01
539.95,60.92
539.96,61.96
539.98,64.2
540.0,66.66
540.01,67.97
540.03,70.78
540.05,73.81
540.06,75.41
540.08,78.78
540.1,82.36
540.11,84.23
540.13,88.11
540.14,90.12
540.16,94.26
540.18,98.54
540.19,100.7
540.21,105.2
540.23,109.7
540.24,112.0
540.26,116.6
540.28,121.1
540.29,123.4
540.31,127.9
540.33,132.2
540.34,134.4
540.36,138.5
540.38,142.4
540.39,144.3
540.41,147.9
540.43,151.2
540.44,152.7
540.46,155.5
540.47,156.8
540.49,159.0
540.51,160.9
540.52,161.7
540.54,163.1
540.56,164.0
540.57,164.3
540.59,164.7
540.61,164.6
540.62,164.5
540.64,164.0
540.66,163.1
540.67,162.5
540.69,161.3
540.71,159.7
540.72,158.9
540.74,157.1
540.76,155.1
540.77,154.1
540.79,152.0
540.81,149.8
540.82,148.8
540.84,146.6
540.85,145.6
540.87,143.6
540.89,141.7
540.9,140.8
540.92,139.1
540.94,137.7
540.95,137.0
540.97,135.9
540.99,135.0
541.0,134.6
541.02,134.1
541.04,133.9
541.05,133.9
541.07,134.1
541.09,134.6
541.1,134.9
541.12,135.8
541.14,136.9
541.15,137.5
541.17,139.0
541.19,140.6
541.2,141.5
541.22,143.4
541.23,144.4
541.25,146.5
541.27,148.7
541.28,149.8
541.3,152.1
541.32,154.4
541.33,155.5
541.35,157.8
541.37,159.9
541.38,161.0
541.4,163.0
541.42,164.8
541.43,165.7
541.45,167.3
541.47,168.6
541.48,169.1
541.5,170.0
541.52,170.6
541.53,170.8
541.55,170.9
541.56,170.8
541.58,170.4
541.6,169.6
541.61,169.0
541.63,167.6
541.65,165.8
541.66,164.7
541.68,162.3
541.7,159.6
541.71,158.0
541.73,154.7
541.75,151.0
541.76,149.0
541.78,144.8
541.8,140.4
541.81,138.0
541.83,133.2
541.85,128.1
541.86,125.6
541.88,120.2
541.9,114.8
541.91,112.1
541.93,106.5
541.94,103.7
541.96,98.17
541.98,92.63
541.99,89.88
542.01,84.43
542.03,79.1
542.04,76.48
542.06,71.36
542.08,66.42
542.09,64.02
542.11,59.38
542.13,54.97
542.14,52.86
542.16,48.81
542.18,45.02
542.19,43.23
542.21,39.84
542.23,36.72
542.24,35.27
542.26,32.56
542.28,30.12
542.29,29.0
542.31,26.95
542.32,26.03
542.34,24.36
542.36,22.94
542.37,22.32
542.39,21.25
542.41,20.39
542.42,20.04
542.44,19.48
542.46,19.12
542.47,19.0
542.49,18.89
542.51,18.94
542.52,19.02
542.54,19.28
542.56,19.66
542.57,19.9
542.59,20.44
542.61,21.09
542.62,21.44
542.64,22.2
542.66,23.03
542.67,23.47
542.69,24.37
542.7,24.83
542.72,25.79
542.74,26.76
542.75,27.26
542.77,28.24
542.79,29.23
542.8,29.71
542.82,30.67
542.84,31.6
542.85,32.06
542.87,32.93
542.89,33.76
542.9,34.15
542.92,34.9
542.94,35.59
542.95,35.9
542.97,36.49
542.99,36.99
543.0,37.22
543.02,37.62
543.03,37.78
543.05,38.06
543.07,38.25
543.08,38.32
543.1,38.39
543.12,38.39
543.13,38.36
543.15,38.24
543.17,38.04
543.18,37.92
543.2,37.62
543.22,37.26
543.23,37.06
543.25,36.61
543.27,36.1
543.28,35.83
543.3,35.25
543.32,34.63
543.33,34.31
543.35,33.63
543.37,32.92
543.38,32.55
543.4,31.8
543.41,31.42
543.43,30.63
543.45,29.83
543.46,29.42
543.48,28.59
543.5,27.76
543.51,27.33
543.53,26.48
543.55,25.63
543.56,25.19
543.58,24.33
543.6,23.46
543.61,23.03
543.63,22.16
543.65,21.3
543.66,20.87
543.68,20.01
543.7,19.15
543.71,18.73
543.73,17.88
543.75,17.05
543.76,16.64
543.78,15.82
543.79,15.42
543.81,14.63
543.83,13.85
543.84,13.48
543.86,12.73
543.88,12.02
543.89,11.67
543.91,10.99
543.93,10.35
543.94,10.04
543.96,9.45
543.98,8.896
543.99,8.634
544.01,8.141
544.03,7.692
544.04,7.485
544.06,7.107
544.08,6.778
544.09,6.633
544.11,6.383
544.13,6.188
544.14,6.111
544.16,6.001
544.17,5.967
544.19,5.946
544.21,5.985
544.22,6.028
544.24,6.16
544.26,6.356
544.27,6.478
544.29,6.771
544.31,7.129
544.32,7.332
544.34,7.789
544.36,8.311
544.37,8.597
544.39,9.219
544.41,9.908
544.42,10.28
544.44,11.06
544.46,11.92
544.47,12.37
544.49,13.32
544.5,13.82
544.52,14.87
544.54,15.98
544.55,16.56
544.57,17.77
544.59,19.04
544.6,19.7
544.62,21.06
544.64,22.49
544.65,23.23
544.67,24.75
544.69,26.33
544.7,27.15
544.72,28.82
544.74,30.55
544.75,31.44
544.77,33.26
544.79,35.14
544.8,36.1
544.82,38.06
544.84,40.08
544.85,41.1
544.87,43.19
544.88,44.25
544.9,46.39
544.92,48.58
544.93,49.68
544.95,51.9
544.97,54.14
544.98,55.26
545.0,57.5
545.02,59.74
545.03,60.85
545.05,63.05
545.07,65.22
545.08,66.28
545.1,68.36
545.12,70.36
545.13,71.33
545.15,73.19
545.17,74.94
545.18,75.76
545.2,77.32
545.22,78.72
545.23,79.36
545.25,80.51
545.26,81.02
545.28,81.9
545.3,82.58
545.31,82.84
545.33,83.21
545.35,83.36
545.36,83.36
545.38,83.19
545.4,82.8
545.41,82.52
545.43,81.81
545.45,80.89
545.46,80.35
545.48,79.13
545.5,77.72
545.51,76.95
545.53,75.29
545.55,73.48
545.56,72.52
545.58,70.51
545.6,68.39
545.61,67.3
545.63,65.05
545.64,63.91
545.66,61.58
545.68,59.23
545.69,58.05
545.71,55.69
545.73,53.35
545.74,52.2
545.76,49.93
545.78,47.72
545.79,46.65
545.81,44.58
545.83,42.61
545.84,41.67
545.86,39.89
545.88,38.24
545.89,37.47
545.91,36.05
545.93,34.78
545.94,34.2
545.96,33.18
545.97,32.73
545.99,31.95
546.01,31.33
546.02,31.09
546.04,30.72
546.06,30.5
546.07,30.45
546.09,30.46
546.11,30.61
546.12,30.73
546.14,31.06
546.16,31.51
546.17,31.77
546.19,32.36
546.21,33.02
546.22,33.38
546.24,34.13
546.26,34.93
546.27,35.34
546.29,36.17
546.31,37.01
546.32,37.42
546.34,38.24
546.35,38.63
546.37,39.4
546.39,40.11
546.4,40.45
546.42,41.07
546.44,41.61
546.45,41.85
546.47,42.27
546.49,42.59
546.5,42.72
546.52,42.89
546.54,42.97
546.55,42.98
546.57,42.9
546.59,42.74
546.6,42.62
546.62,42.31
546.64,41.92
546.65,41.7
546.67,41.19
546.69,40.63
546.7,40.32
546.72,39.67
546.73,39.33
546.75,38.62
546.77,37.89
546.78,37.52
546.8,36.77
546.82,36.03
546.83,35.67
546.85,34.95
546.87,34.26
546.88,33.93
546.9,33.31
546.92,32.74
546.93,32.48
546.95,32.0
546.97,31.6
546.98,31.42
547.0,31.13
547.02,30.91
547.03,30.84
547.05,30.75
547.07,30.74
547.08,30.77
547.1,30.89
547.11,30.98
547.13,31.21
547.15,31.52
547.16,31.7
547.18,32.1
547.2,32.57
547.21,32.82
547.23,33.37
547.25,33.95
547.26,34.25
547.28,34.89
547.3,35.54
547.31,35.87
547.33,36.53
547.35,37.2
547.36,37.53
547.38,38.18
547.4,38.8
547.41,39.11
547.43,39.69
547.44,39.97
547.46,40.49
547.48,40.96
547.49,41.18
547.51,41.58
547.53,41.91
547.54,42.06
547.56,42.3
547.58,42.47
547.59,42.54
547.61,42.61
547.63,42.62
547.64,42.6
547.66,42.51
547.68,42.35
547.69,42.25
547.71,42.0
547.73,41.69
547.74,41.52
547.76,41.13
547.78,40.68
547.79,40.45
547.81,39.94
547.82,39.67
547.84,39.1
547.86,38.5
547.87,38.18
547.89,37.54
547.91,36.87
547.92,36.53
547.94,35.83
547.96,35.12
547.97,34.76
547.99,34.03
548.01,33.3
548.02,32.93
548.04,32.19
548.06,31.46
548.07,31.09
548.09,30.36
548.11,29.63
548.12,29.27
548.14,28.56
548.16,27.85
548.17,27.5
548.19,26.81
548.2,26.47
548.22,25.8
548.24,25.15
548.25,24.83
548.27,24.2
548.29,23.59
548.3,23.29
548.32,22.71
548.34,22.16
548.35,21.89
548.37,21.37
548.39,20.88
548.4,20.65
548.42,20.2
548.44,19.79
548.45,19.6
548.47,19.24
548.49,18.91
548.5,18.76
548.52,18.5
548.54,18.27
548.55,18.17
548.57,18.0
548.58,17.94
548.6,17.83
548.62,17.76
548.63,17.74
548.65,17.73
548.67,17.75
548.68,17.78
548.7,17.85
548.72,17.95
548.73,18.02
548.75,18.15
548.77,18.31
548.78,18.4
548.8,18.58
548.82,18.77
548.83,18.86
548.85,19.06
548.87,19.25
548.88,19.34
548.9,19.53
548.91,19.62
548.93,19.78
548.95,19.93
548.96,20.0
548.98,20.13
549.0,20.23
549.01,20.28
549.03,20.35
549.05,20.4
549.06,20.42
549.08,20.44
549.1,20.45
549.11,20.44
549.13,20.43
549.15,20.4
549.16,20.38
549.18,20.35
549.2,20.31
549.21,20.29
549.23,20.26
549.25,20.24
549.26,20.23
549.28,20.23
549.29,20.24
549.31,20.27
549.33,20.32
549.34,20.36
549.36,20.45
549.38,20.58
549.39,20.65
549.41,20.82
549.43,21.03
549.44,21.14
549.46,21.4
549.48,21.68
549.49,21.83
549.51,22.15
549.53,22.49
549.54,22.67
549.56,23.03
549.58,23.41
549.59,23.6
549.61,23.99
549.63,24.37
549.64,24.55
549.66,24.92
549.67,25.09
549.69,25.43
549.71,25.74
549.72,25.88
549.74,26.14
549.76,26.36
549.77,26.46
549.79,26.62
549.81,26.73
549.82,26.76
549.84,26.8
549.86,26.78
549.87,26.75
549.89,26.66
549.91,26.51
549.92,26.42
549.94,26.2
549.96,25.93
549.97,25.79
549.99,25.46
550.0,25.28
550.02,24.9
550.04,24.48
550.05,24.27
550.07,23.82
550.09,23.36
550.1,23.13
550.12,22.65
550.14,22.17
550.15,21.94
550.17,21.47
550.19,21.01
550.2,20.79
550.22,20.37
550.24,19.97
550.25,19.78
550.27,19.44
550.29,19.13
550.3,18.99
550.32,18.75
550.34,18.57
550.35,18.49
550.37,18.4
550.38,18.37
550.4,18.38
550.42,18.46
550.43,18.52
550.45,18.73
550.47,19.02
550.48,19.21
550.5,19.65
550.52,20.21
550.53,20.54
550.55,21.29
550.57,22.17
550.58,22.67
550.6,23.78
550.62,25.07
550.63,25.77
550.65,27.34
550.67,29.1
550.68,30.06
550.7,32.15
550.72,34.48
550.73,35.74
550.75,38.45
550.76,39.9
550.78,43.02
550.8,46.42
550.81,48.23
550.83,52.08
550.85,56.23
550.86,58.42
550.88,63.03
550.9,67.94
550.91,70.51
550.93,75.86
550.95,81.5
550.96,84.42
550.98,90.46
551.0,96.73
551.01,99.94
551.03,106.5
551.05,113.2
551.06,116.7
551.08,123.6
551.1,130.5
551.11,134.0
551.13,140.9
551.14,144.4
551.16,151.2
551.18,157.9
551.19,161.1
551.21,167.5
551.23,173.5
551.24,176.4
551.26,181.9
551.28,186.9
551.29,189.3
551.31,193.6
551.33,197.3
551.34,198.9
551.36,201.8
551.38,203.9
551.39,204.8
551.41,205.9
551.43,206.3
551.44,206.3
551.46,205.7
551.47,205.1
551.49,203.4
551.51,201.1
551.52,199.6
551.54,196.3
551.56,192.3
551.57,190.1
551.59,185.3
551.61,179.9
551.62,177.1
551.64,171.1
551.66,164.7
551.67,161.4
551.69,154.6
551.71,147.6
551.72,144.0
551.74,136.7
551.76,129.4
551.77,125.7
551.79,118.4
551.81,111.1
551.82,107.6
551.84,100.5
551.85,97.04
551.87,90.29
551.89,83.79
551.9,80.65
551.92,74.6
551.94,68.89
551.95,66.17
551.97,61.01
551.99,56.25
552.0,54.02
552.02,49.89
552.04,46.18
552.05,44.5
552.07,41.47
552.09,38.89
552.1,37.78
552.12,35.91
552.14,34.5
552.15,33.98
552.17,33.3
552.19,33.09
552.2,33.17
552.22,33.7
552.23,34.15
552.25,35.42
552.27,37.18
552.28,38.25
552.3,40.77
552.32,43.79
552.33,45.49
552.35,49.27
552.37,53.56
552.38,55.89
552.4,60.92
552.42,66.44
552.43,69.38
552.45,75.62
552.47,82.32
552.48,85.84
552.5,93.18
552.52,100.9
552.53,104.9
552.55,113.2
552.57,121.8
552.58,126.2
552.6,135.1
552.61,139.7
552.63,148.8
552.65,158.1
552.66,162.8
552.68,172.0
552.7,181.2
552.71,185.7
552.73,194.7
552.75,203.3
552.76,207.5
552.78,215.5
552.8,223.1
552.81,226.7
552.83,233.5
552.85,239.6
552.86,242.4
552.88,247.4
552.9,251.6
552.91,253.5
552.93,256.4
552.94,257.6
552.96,259.2
552.98,259.9
552.99,259.9
553.01,259.3
553.03,257.7
553.04,256.6
553.06,253.6
553.08,249.9
553.09,247.7
553.11,242.7
553.13,237.0
553.14,233.8
553.16,227.1
553.18,219.8
553.19,216.0
553.21,208.0
553.23,199.5
553.24,195.2
553.26,186.3
553.28,177.2
553.29,172.6
553.31,163.4
553.32,158.7
553.34,149.4
553.36,140.2
553.37,135.7
553.39,126.7
553.41,117.9
553.42,113.6
553.44,105.3
553.46,97.19
553.47,93.28
553.49,85.74
553.51,78.57
553.52,75.13
553.54,68.56
553.56,62.39
553.57,59.45
553.59,53.89
553.61,48.73
553.62,46.3
553.64,41.73
553.66,37.53
553.67,35.58
553.69,31.92
553.7,30.22
553.72,27.07
553.74,24.24
553.75,22.93
553.77,20.52
553.79,18.38
553.8,17.41
553.82,15.63
553.84,14.08
553.85,13.38
553.87,12.12
553.89,11.04
553.9,10.57
553.92,9.738
553.94,9.053
553.95,8.763
553.97,8.278
553.99,7.915
554.0,7.777
554.02,7.581
554.04,7.487
554.05,7.476
554.07,7.524
554.08,7.582
554.1,7.761
554.12,8.023
554.13,8.183
554.15,8.561
554.17,9.012
554.18,9.264
554.2,9.82
554.22,10.44
554.23,10.78
554.25,11.49
554.27,12.26
554.28,12.67
554.3,13.52
554.32,14.42
554.33,14.89
554.35,15.86
554.37,16.86
554.38,17.37
554.4,18.42
554.41,18.95
554.43,20.02
554.45,21.11
554.46,21.66
554.48,22.75
554.5,23.84
554.51,24.38
554.53,25.44
554.55,26.48
554.56,26.98
554.58,27.96
554.6,28.9
554.61,29.35
554.63,30.2
554.65,30.99
554.66,31.36
554.68,32.03
554.7,32.63
554.71,32.89
554.73,33.36
554.75,33.73
554.76,33.87
554.78,34.1
554.79,34.17
554.81,34.24
554.83,34.21
554.84,34.16
554.86,33.98
554.88,33.7
554.89,33.53
554.91,33.1
554.93,32.59
554.94,32.3
554.96,31.67
554.98,30.96
554.99,30.58
555.01,29.77
555.03,28.9
555.04,28.45
555.06,27.51
555.08,26.54
555.09,26.04
555.11,25.03
555.13,24.01
555.14,23.5
555.16,22.47
555.17,21.96
555.19,20.95
555.21,19.96
555.22,19.47
555.24,18.52
555.26,17.61
555.27,17.16
555.29,16.31
555.31,15.51
555.32,15.12
555.34,14.4
555.36,13.73
555.37,13.41
555.39,12.83
555.41,12.3
555.42,12.06
555.44,11.61
555.46,11.23
555.47,11.06
555.49,10.75
555.51,10.5
555.52,10.39
555.54,10.21
555.55,10.14
555.57,10.02
555.59,9.941
555.6,9.915
555.62,9.885
555.64,9.883
555.65,9.892
555.67,9.924
555.69,9.975
555.7,10.01
555.72,10.08
555.74,10.15
555.75,10.2
555.77,10.28
555.79,10.37
555.8,10.41
555.82,10.49
555.84,10.57
555.85,10.61
555.87,10.67
555.88,10.7
555.9,10.76
555.92,10.8
555.93,10.82
555.95,10.85
555.97,10.87
555.98,10.88
556.0,10.88
556.02,10.89
556.03,10.88
556.05,10.88
556.07,10.87
556.08,10.86
556.1,10.86
556.12,10.85
556.13,10.85
556.15,10.86
556.17,10.88
556.18,10.9
556.2,10.94
556.22,11.01
556.23,11.05
556.25,11.15
556.26,11.22
556.28,11.37
556.3,11.56
556.31,11.67
556.33,11.93
556.35,12.24
556.36,12.42
556.38,12.81
556.4,13.27
556.41,13.53
556.43,14.1
556.45,14.74
556.46,15.09
556.48,15.87
556.5,16.73
556.51,17.2
556.53,18.21
556.55,19.33
556.56,19.93
556.58,21.21
556.6,22.6
556.61,23.34
556.63,24.92
556.64,25.75
556.66,27.5
556.68,29.38
556.69,30.37
556.71,32.42
556.73,34.6
556.74,35.74
556.76,38.09
556.78,40.55
556.79,41.82
556.81,44.43
556.83,47.14
556.84,48.52
556.86,51.34
556.88,54.23
556.89,55.7
556.91,58.66
556.93,61.66
556.94,63.17
556.96,66.19
556.98,69.21
556.99,70.71
557.01,73.7
557.02,75.18
557.04,78.09
557.06,80.95
557.07,82.34
557.09,85.07
557.11,87.69
557.12,88.96
557.14,91.41
557.16,93.73
557.17,94.83
557.19,96.93
557.21,98.88
557.22,99.79
557.24,101.5
557.26,103.0
557.27,103.7
557.29,105.0
557.31,106.2
557.32,106.7
557.34,107.6
557.35,108.0
557.37,108.6
557.39,109.2
557.4,109.4
557.42,109.7
557.44,110.0
557.45,110.1
557.47,110.2
557.49,110.3
557.5,110.3
557.52,110.3
557.54,110.2
557.55,110.2
557.57,110.2
557.59,110.2
557.6,110.3
557.62,110.4
557.64,110.6
557.65,110.7
557.67,111.0
557.69,111.5
557.7,111.8
557.72,112.5
557.73,113.0
557.75,113.9
557.77,115.1
557.78,115.8
557.8,117.3
557.82,119.0
557.83,120.0
557.85,122.1
557.87,124.4
557.88,125.7
557.9,128.5
557.92,131.5
557.93,133.2
557.95,136.7
557.97,140.5
557.98,142.6
558.0,146.9
558.02,151.6
558.03,154.0
558.05,159.3
558.07,165.0
558.08,167.9
558.1,174.3
558.11,177.6
558.13,184.7
558.15,192.3
558.16,196.3
558.18,204.8
558.2,214.0
558.21,218.9
558.23,229.2
558.25,240.3
558.26,246.2
558.28,258.7
558.3,272.3
558.31,279.4
558.33,294.6
558.35,310.9
558.36,319.5
558.38,337.8
558.4,357.4
558.41,367.7
558.43,389.5
558.45,412.7
558.46,424.9
558.48,450.3
558.49,463.7
558.51,491.4
558.53,520.7
558.54,535.9
558.56,567.4
558.58,600.2
558.59,617.1
558.61,651.8
558.63,687.6
558.64,705.9
558.66,743.0
558.68,780.9
558.69,800.0
558.71,838.5
558.73,877.2
558.74,896.5
558.76,934.9
558.78,972.9
558.79,991.7
558.81,1029.0
558.82,1047.0
558.84,1082.0
558.86,1115.0
558.87,1131.0
558.89,1162.0
558.91,1191.0
558.92,1205.0
558.94,1231.0
558.96,1254.0
558.97,1265.0
558.99,1284.0
559.01,1300.0
559.02,1308.0
559.04,1320.0
559.06,1330.0
559.07,1333.0
559.09,1339.0
559.11,1342.0
559.12,1343.0
559.14,1342.0
559.16,1339.0
559.17,1336.0
559.19,1330.0
559.2,1326.0
559.22,1318.0
559.24,1307.0
559.25,1301.0
559.27,1289.0
559.29,1275.0
559.3,1268.0
559.32,1254.0
559.34,1239.0
559.35,1231.0
559.37,1215.0
559.39,1199.0
559.4,1191.0
559.42,1175.0
559.44,1160.0
559.45,1152.0
559.47,1137.0
559.49,1122.0
559.5,1114.0
559.52,1100.0
559.54,1086.0
559.55,1079.0
559.57,1066.0
559.58,1060.0
559.6,1047.0
559.62,1035.0
559.63,1029.0
559.65,1017.0
559.67,1006.0
559.68,999.9
559.7,988.8
559.72,977.7
559.73,972.2
559.75,961.3
559.77,950.3
559.78,944.8
559.8,933.8
559.82,922.7
559.83,917.0
559.85,905.6
559.87,894.0
559.88,888.1
559.9,876.1
559.91,870.0
559.93,857.6
559.95,844.8
559.96,838.3
559.98,825.0
560.0,811.4
560.01,804.5
560.03,790.3
560.05,775.7
560.06,768.3
560.08,753.2
560.1,737.7
560.11,729.8
560.13,713.7
560.15,697.3
560.16,689.0
560.18,672.0
560.2,654.8
560.21,646.0
560.23,628.3
560.25,610.3
560.26,601.1
560.28,582.8
560.29,573.5
560.31,554.8
560.33,535.9
560.34,526.4
560.36,507.3
560.38,488.2
560.39,478.6
560.41,459.4
560.43,440.2
560.44,430.6
560.46,411.5
560.48,392.6
560.49,383.2
560.51,364.5
560.53,346.0
560.54,336.9
560.56,318.9
560.58,301.2
560.59,292.5
560.61,275.5
560.63,258.9
560.64,250.7
560.66,234.9
560.67,227.1
560.69,212.1
560.71,197.6
560.72,190.6
560.74,177.0
560.76,164.1
560.77,157.9
560.79,146.0
560.81,134.8
560.82,129.4
560.84,119.2
560.86,109.7
560.87,105.3
560.89,96.83
560.91,89.1
560.92,85.5
560.94,78.81
560.96,72.81
560.97,70.06
560.99,65.06
561.01,60.71
561.02,58.78
561.04,55.39
561.05,53.92
561.07,51.44
561.09,49.53
561.1,48.8
561.12,47.73
561.14,47.18
561.15,47.1
561.17,47.3
561.19,47.96
561.2,48.45
561.22,49.75
561.24,51.44
561.25,52.42
561.27,54.64
561.29,57.17
561.3,58.54
561.32,61.47
561.34,64.62
561.35,66.27
561.37,69.69
561.38,71.45
561.4,75.05
561.42,78.72
561.43,80.57
561.45,84.28
561.47,87.96
561.48,89.78
561.5,93.35
561.52,96.8
561.53,98.47
561.55,101.7
561.57,104.7
561.58,106.1
561.6,108.7
561.62,111.1
561.63,112.2
561.65,114.1
561.67,115.7
561.68,116.4
561.7,117.5
561.72,118.2
561.73,118.4
561.75,118.7
561.76,118.6
561.78,118.3
561.8,117.7
561.81,117.3
561.83,116.2
561.85,114.8
561.86,114.0
561.88,112.2
561.9,110.2
561.91,109.1
561.93,106.8
561.95,104.3
561.96,103.0
561.98,100.4
562.0,97.59
562.01,96.18
562.03,93.32
562.05,90.44
562.06,88.99
562.08,86.12
562.1,83.27
562.11,81.87
562.13,79.11
562.14,77.75
562.16,75.11
562.18,72.56
562.19,71.32
562.21,68.92
562.23,66.64
562.24,65.54
562.26,63.42
562.28,61.41
562.29,60.45
562.31,58.61
562.33,56.86
562.34,56.03
562.36,54.43
562.38,52.91
562.39,52.18
562.41,50.77
562.43,49.43
562.44,48.78
562.46,47.51
562.48,46.29
562.49,45.69
562.51,44.52
562.52,43.95
562.54,42.81
562.56,41.69
562.57,41.14
562.59,40.04
562.61,38.96
562.62,38.42
562.64,37.35
562.66,36.28
562.67,35.76
562.69,34.71
562.71,33.68
562.72,33.17
562.74,32.17
562.76,31.19
562.77,30.71
562.79,29.78
562.81,28.87
562.82,28.44
562.84,27.59
562.85,27.19
562.87,26.41
562.89,25.68
562.9,25.34
562.92,24.69
562.94,24.1
562.95,23.82
562.97,23.32
562.99,22.87
563.0,22.67
563.02,22.31
563.04,22.0
563.05,21.87
563.07,21.65
563.09,21.48
563.1,21.41
563.12,21.3
563.14,21.24
563.15,21.22
563.17,21.21
563.19,21.22
563.2,21.24
563.22,21.28
563.23,21.31
563.25,21.38
563.27,21.45
563.28,21.49
563.3,21.56
563.32,21.62
563.33,21.65
563.35,21.7
563.37,21.73
563.38,21.74
563.4,21.74
563.42,21.72
563.43,21.69
563.45,21.63
563.47,21.54
563.48,21.48
563.5,21.34
563.52,21.18
563.53,21.08
563.55,20.88
563.57,20.64
563.58,20.52
563.6,20.25
563.61,20.11
563.63,19.81
563.65,19.49
563.66,19.33
563.68,18.99
563.7,18.65
563.71,18.47
563.73,18.12
563.75,17.77
563.76,17.6
563.78,17.25
563.8,16.92
563.81,16.75
563.83,16.43
563.85,16.13
563.86,15.99
563.88,15.72
563.9,15.48
563.91,15.37
563.93,15.16
563.95,14.99
563.96,14.92
563.98,14.8
563.99,14.75
564.01,14.68
564.03,14.66
564.04,14.66
564.06,14.69
564.08,14.77
564.09,14.82
564.11,14.96
564.13,15.15
564.14,15.26
564.16,15.51
564.18,15.8
564.19,15.97
564.21,16.32
564.23,16.72
564.24,16.93
564.26,17.39
564.28,17.88
564.29,18.14
564.31,18.68
564.32,18.96
564.34,19.54
564.36,20.14
564.37,20.44
564.39,21.06
564.41,21.69
564.42,22.01
564.44,22.65
564.46,23.28
564.47,23.59
564.49,24.2
564.51,24.79
564.52,25.07
564.54,25.62
564.56,26.14
564.57,26.38
564.59,26.83
564.61,27.23
564.62,27.41
564.64,27.73
564.66,28.0
564.67,28.11
564.69,28.27
564.7,28.33
564.72,28.4
564.74,28.4
564.75,28.38
564.77,28.28
564.79,28.11
564.8,28.0
564.82,27.73
564.84,27.4
564.85,27.21
564.87,26.79
564.89,26.32
564.9,26.06
564.92,25.52
564.94,24.93
564.95,24.62
564.97,23.98
564.99,23.31
565.0,22.96
565.02,22.26
565.04,21.55
565.05,21.19
565.07,20.46
565.08,20.1
565.1,19.38
565.12,18.68
565.13,18.33
565.15,17.65
565.17,16.99
565.18,16.67
565.2,16.05
565.22,15.47
565.23,15.19
565.25,14.67
565.27,14.19
565.28,13.97
565.3,13.56
565.32,13.2
565.33,13.05
565.35,12.77
565.37,12.54
565.38,12.45
565.4,12.31
565.42,12.22
565.43,12.2
565.45,12.2
565.46,12.22
565.48,12.3
565.5,12.44
565.51,12.54
565.53,12.76
565.55,13.03
565.56,13.19
565.58,13.53
565.6,13.93
565.61,14.15
565.63,14.61
565.65,15.11
565.66,15.37
565.68,15.93
565.7,16.51
565.71,16.82
565.73,17.44
565.75,18.09
565.76,18.42
565.78,19.09
565.79,19.43
565.81,20.11
565.83,20.8
565.84,21.14
565.86,21.82
565.88,22.48
565.89,22.81
565.91,23.46
565.93,24.08
565.94,24.38
565.96,24.96
565.98,25.51
565.99,25.77
566.01,26.25
566.03,26.7
566.04,26.9
566.06,27.27
566.08,27.59
566.09,27.73
566.11,27.97
566.13,28.15
566.14,28.22
566.16,28.31
566.17,28.33
566.19,28.33
566.21,28.26
566.22,28.2
566.24,28.04
566.26,27.82
566.27,27.69
566.29,27.38
566.31,27.01
566.32,26.8
566.34,26.35
566.36,25.85
566.37,25.58
566.39,25.0
566.41,24.38
566.42,24.05
566.44,23.37
566.46,22.66
566.47,22.29
566.49,21.53
566.51,20.75
566.52,20.35
566.54,19.55
566.55,19.14
566.57,18.32
566.59,17.49
566.6,17.08
566.62,16.26
566.64,15.45
566.65,15.05
566.67,14.26
566.69,13.49
566.7,13.11
566.72,12.38
566.74,11.68
566.75,11.34
566.77,10.69
566.79,10.08
566.8,9.785
566.82,9.236
566.84,8.733
566.85,8.499
566.87,8.067
566.89,7.686
566.9,7.515
566.92,7.211
566.93,7.079
566.95,6.855
566.97,6.685
566.98,6.62
567.0,6.531
567.02,6.495
567.03,6.497
567.05,6.541
567.07,6.636
567.08,6.703
567.1,6.873
567.12,7.092
567.13,7.219
567.15,7.507
567.17,7.839
567.18,8.021
567.2,8.415
567.22,8.848
567.23,9.077
567.25,9.563
567.26,9.818
567.28,10.35
567.3,10.92
567.31,11.21
567.33,11.81
567.35,12.44
567.36,12.76
567.38,13.43
567.4,14.11
567.41,14.46
567.43,15.18
567.45,15.92
567.46,16.29
567.48,17.07
567.5,17.86
567.51,18.27
567.53,19.12
567.55,19.99
567.56,20.44
567.58,21.38
567.6,22.36
567.61,22.87
567.63,23.93
567.64,24.48
567.66,25.65
567.68,26.89
567.69,27.54
567.71,28.92
567.73,30.39
567.74,31.17
567.76,32.82
567.78,34.6
567.79,35.53
567.81,37.52
567.83,39.66
567.84,40.79
567.86,43.17
567.88,45.73
567.89,47.08
567.91,49.91
567.93,52.93
567.94,54.51
567.96,57.82
567.98,61.33
567.99,63.16
568.01,66.96
568.02,68.93
568.04,73.02
568.06,77.29
568.07,79.5
568.09,84.04
568.11,88.75
568.12,91.16
568.14,96.1
568.16,101.2
568.17,103.8
568.19,109.0
568.21,114.4
568.22,117.1
568.24,122.6
568.26,128.2
568.27,131.0
568.29,136.6
568.31,142.3
568.32,145.1
568.34,150.8
568.36,156.5
568.37,159.3
568.39,164.9
568.4,167.7
568.42,173.3
568.44,178.8
568.45,181.5
568.47,186.9
568.49,192.1
568.5,194.7
568.52,199.8
568.54,204.8
568.55,207.2
568.57,211.9
568.59,216.4
568.6,218.6
568.62,222.9
568.64,226.9
568.65,228.8
568.67,232.5
568.69,235.9
568.7,237.4
568.72,240.4
568.73,241.7
568.75,244.1
568.77,246.1
568.78,247.0
568.8,248.5
568.82,249.5
568.83,249.8
568.85,250.2
568.87,250.0
568.88,249.8
568.9,248.9
568.92,247.5
568.93,246.7
568.95,244.5
568.97,241.9
568.98,240.3
569.0,236.9
569.02,233.0
569.03,230.8
569.05,226.2
569.07,221.0
569.08,218.3
569.1,212.6
569.11,209.5
569.13,203.2
569.15,196.6
569.16,193.1
569.18,186.0
569.2,178.7
569.21,174.9
569.23,167.3
569.25,159.6
569.26,155.7
569.28,147.9
569.3,140.1
569.31,136.1
569.33,128.4
569.35,120.7
569.36,116.9
569.38,109.4
569.4,102.0
569.41,98.46
569.43,91.46
569.45,84.7
569.46,81.41
569.48,75.06
569.49,71.99
569.51,66.07
569.53,60.46
569.54,57.77
569.56,52.63
569.58,47.81
569.59,45.51
569.61,41.17
569.63,37.13
569.64,35.22
569.66,31.64
569.68,28.35
569.69,26.81
569.71,23.94
569.73,21.33
569.74,20.12
569.76,17.88
569.78,15.87
569.79,14.94
569.81,13.25
569.83,11.76
569.84,11.08
569.86,9.852
569.87,9.301
569.89,8.314
569.91,7.472
569.92,7.103
569.94,6.46
569.96,5.936
569.97,5.716
569.99,5.356
570.01,5.096
570.02,5.001
570.04,4.877
570.06,4.838
570.07,4.849
570.09,4.928
570.11,5.083
570.12,5.187
570.14,5.448
570.16,5.778
570.17,5.968
570.19,6.4
570.2,6.64
570.22,7.172
570.24,7.769
570.25,8.093
570.27,8.79
570.29,9.555
570.3,9.962
570.32,10.83
570.34,11.76
570.35,12.26
570.37,13.29
570.39,14.4
570.4,14.97
570.42,16.18
570.44,17.45
570.45,18.11
570.47,19.48
570.49,20.92
570.5,21.65
570.52,23.17
570.54,24.74
570.55,25.54
570.57,27.18
570.58,28.02
570.6,29.72
570.62,31.44
570.63,32.32
570.65,34.07
570.67,35.84
570.68,36.72
570.7,38.49
570.72,40.24
570.73,41.1
570.75,42.81
570.77,44.48
570.78,45.29
570.8,46.88
570.82,48.4
570.83,49.13
570.85,50.53
570.87,51.84
570.88,52.45
570.9,53.6
570.92,54.63
570.93,55.1
570.95,55.94
570.96,56.31
570.98,56.95
571.0,57.45
571.01,57.64
571.03,57.92
571.05,58.05
571.06,58.05
571.08,57.96
571.1,57.71
571.11,57.53
571.13,57.07
571.15,56.46
571.16,56.11
571.18,55.3
571.2,54.37
571.21,53.86
571.23,52.76
571.25,51.55
571.26,50.91
571.28,49.56
571.29,48.86
571.31,47.4
571.33,45.88
571.34,45.1
571.36,43.5
571.38,41.87
571.39,41.05
571.41,39.38
571.43,37.71
571.44,36.87
571.46,35.21
571.48,33.55
571.49,32.73
571.51,31.12
571.53,29.53
571.54,28.76
571.56,27.24
571.58,25.76
571.59,25.05
571.61,23.65
571.63,22.32
571.64,21.67
571.66,20.43
571.67,19.83
571.69,18.67
571.71,17.58
571.72,17.06
571.74,16.06
571.76,15.11
571.77,14.67
571.79,13.81
571.81,13.01
571.82,12.63
571.84,11.9
571.86,11.23
571.87,10.91
571.89,10.3
571.91,9.73
571.92,9.46
571.94,8.948
571.96,8.469
571.97,8.241
571.99,7.807
572.01,7.401
572.02,7.208
572.04,6.839
572.05,6.663
572.07,6.327
572.09,6.011
572.1,5.86
572.12,5.571
572.14,5.301
572.15,5.171
572.17,4.925
572.19,4.695
572.2,4.586
572.22,4.38
572.24,4.19
572.25,4.1
572.27,3.934
572.29,3.785
572.3,3.717
572.32,3.593
572.34,3.488
572.35,3.442
572.37,3.365
572.39,3.307
572.4,3.286
572.42,3.259
572.43,3.253
572.45,3.258
572.47,3.285
572.48,3.307
572.5,3.367
572.52,3.451
572.53,3.501
572.55,3.619
572.57,3.76
572.58,3.839
572.6,4.013
572.62,4.21
572.63,4.317
572.65,4.545
572.67,4.794
572.68,4.926
572.7,5.203
572.72,5.497
572.73,5.649
572.75,5.966
572.76,6.129
572.78,6.464
572.8,6.808
572.81,6.983
572.83,7.338
572.85,7.696
572.86,7.876
572.88,8.236
572.9,8.594
572.91,8.771
572.93,9.12
572.95,9.46
572.96,9.627
572.98,9.95
573.0,10.26
573.01,10.41
573.03,10.69
573.05,10.95
573.06,11.08
573.08,11.31
573.1,11.52
573.11,11.62
573.13,11.79
573.14,11.87
573.16,12.01
573.18,12.12
573.19,12.17
573.21,12.26
573.23,12.32
573.24,12.34
573.26,12.37
573.28,12.39
573.29,12.4
573.31,12.39
573.33,12.38
573.34,12.37
573.36,12.35
573.38,12.33
573.39,12.32
573.41,12.3
573.43,12.29
573.44,12.29
573.46,12.29
573.48,12.31
573.49,12.32
573.51,12.37
573.52,12.4
573.54,12.47
573.56,12.57
573.57,12.63
573.59,12.76
573.61,12.92
573.62,13.01
573.64,13.2
573.66,13.42
573.67,13.54
573.69,13.79
573.71,14.06
573.72,14.2
573.74,14.5
573.76,14.81
573.77,14.96
573.79,15.28
573.81,15.6
573.82,15.75
573.84,16.07
573.86,16.37
573.87,16.52
573.89,16.79
573.9,16.93
573.92,17.17
573.94,17.39
573.95,17.48
573.97,17.65
573.99,17.78
574.0,17.83
574.02,17.9
574.04,17.92
574.05,17.92
574.07,17.87
574.09,17.77
574.1,17.71
574.12,17.54
574.14,17.32
574.15,17.2
574.17,16.92
574.19,16.59
574.2,16.41
574.22,16.02
574.23,15.81
574.25,15.37
574.27,14.9
574.28,14.65
574.3,14.14
574.32,13.61
574.33,13.34
574.35,12.78
574.37,12.22
574.38,11.94
574.4,11.37
574.42,10.81
574.43,10.53
574.45,9.978
574.47,9.44
574.48,9.177
574.5,8.666
574.52,8.178
574.53,7.943
574.55,7.495
574.57,7.077
574.58,6.88
574.6,6.512
574.61,6.341
574.63,6.027
574.65,5.752
574.66,5.63
574.68,5.416
574.7,5.243
574.71,5.173
574.73,5.066
574.75,5.002
574.76,4.987
574.78,4.99
574.8,5.039
574.81,5.08
574.83,5.197
574.85,5.358
574.86,5.456
574.88,5.686
574.9,5.959
574.91,6.113
574.93,6.452
574.95,6.834
574.96,7.041
574.98,7.485
574.99,7.722
575.01,8.224
575.03,8.763
575.04,9.045
575.06,9.635
575.08,10.25
575.09,10.57
575.11,11.23
575.13,11.92
575.14,12.26
575.16,12.97
575.18,13.69
575.19,14.05
575.21,14.78
575.23,15.5
575.24,15.86
575.26,16.58
575.28,17.28
575.29,17.63
575.31,18.3
575.33,18.94
575.34,19.25
575.36,19.84
575.37,20.12
575.39,20.65
575.41,21.13
575.42,21.35
575.44,21.76
575.46,22.11
575.47,22.26
575.49,22.52
575.51,22.72
575.52,22.79
575.54,22.9
575.56,22.94
575.57,22.94
575.59,22.89
575.61,22.79
575.62,22.71
575.64,22.53
575.66,22.29
575.67,22.16
575.69,21.86
575.7,21.69
575.72,21.34
575.74,20.96
575.75,20.76
575.77,20.34
575.79,19.92
575.8,19.71
575.82,19.28
575.84,18.85
575.85,18.64
575.87,18.24
575.89,17.85
575.9,17.66
575.92,17.32
575.94,17.0
575.95,16.86
575.97,16.6
575.99,16.39
576.0,16.3
576.02,16.15
576.04,16.05
576.05,16.01
576.07,15.98
576.08,15.99
576.1,16.02
576.12,16.11
576.13,16.17
576.15,16.31
576.17,16.5
576.18,16.6
576.2,16.83
576.22,17.09
576.23,17.23
576.25,17.53
576.27,17.83
576.28,17.99
576.3,18.31
576.32,18.63
576.33,18.79
576.35,19.11
576.37,19.41
576.38,19.55
576.4,19.83
576.42,20.08
576.43,20.2
576.45,20.41
576.46,20.51
576.48,20.68
576.5,20.81
576.51,20.86
576.53,20.94
576.55,20.98
576.56,20.98
576.58,20.97
576.6,20.92
576.61,20.89
576.63,20.79
576.65,20.66
576.66,20.59
576.68,20.42
576.7,20.23
576.71,20.13
576.73,19.92
576.75,19.7
576.76,19.59
576.78,19.36
576.8,19.13
576.81,19.02
576.83,18.8
576.84,18.69
576.86,18.49
576.88,18.31
576.89,18.23
576.91,18.07
576.93,17.95
576.94,17.89
576.96,17.81
576.98,17.75
576.99,17.73
577.01,17.71
577.03,17.73
577.04,17.74
577.06,17.8
577.08,17.88
577.09,17.93
577.11,18.04
577.13,18.18
577.14,18.25
577.16,18.41
577.17,18.49
577.19,18.65
577.21,18.82
577.22,18.91
577.24,19.07
577.26,19.23
577.27,19.3
577.29,19.44
577.31,19.55
577.32,19.6
577.34,19.68
577.36,19.73
577.37,19.74
577.39,19.74
577.41,19.7
577.42,19.66
577.44,19.57
577.46,19.43
577.47,19.34
577.49,19.14
577.51,18.9
577.52,18.77
577.54,18.46
577.55,18.3
577.57,17.94
577.59,17.54
577.6,17.33
577.62,16.89
577.64,16.42
577.65,16.17
577.67,15.66
577.69,15.14
577.7,14.87
577.72,14.32
577.74,13.76
577.75,13.47
577.77,12.91
577.79,12.34
577.8,12.06
577.82,11.5
577.84,10.95
577.85,10.68
577.87,10.15
577.89,9.644
577.9,9.397
577.92,8.919
577.93,8.689
577.95,8.249
577.97,7.836
577.98,7.641
578.0,7.272
578.02,6.934
578.03,6.778
578.05,6.488
578.07,6.231
578.08,6.115
578.1,5.907
578.12,5.731
578.13,5.655
578.15,5.527
578.17,5.429
578.18,5.392
578.2,5.338
578.22,5.312
578.23,5.309
578.25,5.321
578.27,5.357
578.28,5.383
578.3,5.45
578.31,5.49
578.33,5.584
578.35,5.693
578.36,5.753
578.38,5.88
578.4,6.017
578.41,6.088
578.43,6.234
578.45,6.384
578.46,6.459
578.48,6.609
578.5,6.756
578.51,6.828
578.53,6.967
578.55,7.098
578.56,7.16
578.58,7.276
578.6,7.378
578.61,7.424
578.63,7.504
578.64,7.538
578.66,7.592
578.68,7.629
578.69,7.639
578.71,7.647
578.73,7.633
578.74,7.619
578.76,7.575
578.78,7.511
578.79,7.471
578.81,7.376
578.83,7.262
578.84,7.197
578.86,7.055
578.88,6.896
578.89,6.81
578.91,6.627
578.93,6.429
578.94,6.326
578.96,6.111
578.98,5.886
578.99,5.77
579.01,5.534
579.02,5.413
579.04,5.169
579.06,4.922
579.07,4.799
579.09,4.551
579.11,4.305
579.12,4.184
579.14,3.944
579.16,3.709
579.17,3.595
579.19,3.372
579.21,3.159
579.22,3.056
579.24,2.859
579.26,2.675
579.27,2.588
579.29,2.423
579.31,2.274
579.32,2.205
579.34,2.079
579.36,1.969
579.37,1.921
579.39,1.837
579.4,1.802
579.42,1.745
579.44,1.706
579.45,1.694
579.47,1.684
579.49,1.692
579.5,1.704
579.52,1.742
579.54,1.799
579.55,1.835
579.57,1.922
579.59,2.029
579.6,2.09
579.62,2.226
579.64,2.383
579.65,2.468
579.67,2.653
579.69,2.858
579.7,2.968
579.72,3.201
579.73,3.324
579.75,3.584
579.77,3.862
579.78,4.007
579.8,4.309
579.82,4.627
579.83,4.792
579.85,5.131
579.87,5.484
579.88,5.665
579.9,6.035
579.92,6.415
579.93,6.608
579.95,7.0
579.97,7.398
579.98,7.599
580.0,8.003
580.02,8.41
580.03,8.613
580.05,9.019
580.07,9.422
580.08,9.622
580.1,10.02
580.11,10.21
580.13,10.6
580.15,10.97
580.16,11.16
580.18,11.51
580.2,11.85
580.21,12.02
580.23,12.33
580.25,12.63
580.26,12.77
580.28,13.04
580.3,13.28
580.31,13.4
580.33,13.61
580.35,13.79
580.36,13.87
580.38,14.01
580.4,14.13
580.41,14.18
580.43,14.25
580.45,14.29
580.46,14.3
580.48,14.3
580.49,14.29
580.51,14.24
580.53,14.17
580.54,14.12
580.56,14.0
580.58,13.86
580.59,13.78
580.61,13.59
580.63,13.38
580.64,13.27
580.66,13.02
580.68,12.75
580.69,12.61
580.71,12.31
580.73,11.99
580.74,11.83
580.76,11.49
580.78,11.14
580.79,10.96
580.81,10.6
580.83,10.22
580.84,10.03
580.86,9.657
580.87,9.467
580.89,9.088
580.91,8.712
580.92,8.526
580.94,8.158
580.96,7.798
580.97,7.622
580.99,7.278
581.01,6.948
581.02,6.788
581.04,6.481
581.06,6.191
581.07,6.053
581.09,5.792
581.11,5.552
581.12,5.44
581.14,5.232
581.16,5.047
581.17,4.964
581.19,4.814
581.2,4.748
581.22,4.634
581.24,4.543
581.25,4.506
581.27,4.45
581.29,4.416
581.3,4.407
581.32,4.405
581.34,4.423
581.35,4.439
581.37,4.484
581.39,4.546
581.4,4.583
581.42,4.666
581.44,4.762
581.45,4.814
581.47,4.924
581.49,5.042
581.5,5.103
581.52,5.227
581.54,5.354
581.55,5.417
581.57,5.543
581.58,5.604
581.6,5.724
581.62,5.838
581.63,5.892
581.65,5.994
581.67,6.084
581.68,6.125
581.7,6.197
581.72,6.255
581.73,6.279
581.75,6.314
581.77,6.333
581.78,6.336
581.8,6.33
581.82,6.307
581.83,6.289
581.85,6.24
581.87,6.175
581.88,6.137
581.9,6.049
581.92,5.947
581.93,5.89
581.95,5.769
581.96,5.705
581.98,5.568
582.0,5.424
582.01,5.35
582.03,5.198
582.05,5.044
582.06,4.967
582.08,4.815
582.1,4.667
582.11,4.596
582.13,4.461
582.15,4.339
582.16,4.283
582.18,4.186
582.2,4.11
582.21,4.081
582.23,4.044
582.25,4.039
582.26,4.05
582.28,4.1
582.3,4.192
582.31,4.256
582.33,4.421
582.34,4.524
582.36,4.774
582.38,5.087
582.39,5.268
582.41,5.686
582.43,6.179
582.44,6.457
582.46,7.076
582.48,7.786
582.49,8.177
582.51,9.033
582.53,9.993
582.54,10.51
582.56,11.64
582.58,12.88
582.59,13.54
582.61,14.96
582.63,16.5
582.64,17.32
582.66,19.04
582.67,19.96
582.69,21.87
582.71,23.9
582.72,24.97
582.74,27.18
582.76,29.5
582.77,30.7
582.79,33.17
582.81,35.74
582.82,37.05
582.84,39.73
582.86,42.48
582.87,43.86
582.89,46.67
582.91,49.49
582.92,50.91
582.94,53.73
582.96,56.52
582.97,57.9
582.99,60.62
583.01,63.26
583.02,64.54
583.04,67.02
583.05,68.21
583.07,70.49
583.09,72.6
583.1,73.59
583.12,75.43
583.14,77.06
583.15,77.79
583.17,79.08
583.19,80.14
583.2,80.57
583.22,81.24
583.24,81.65
583.25,81.75
583.27,81.76
583.29,81.5
583.3,81.28
583.32,80.62
583.34,79.71
583.35,79.16
583.37,77.89
583.39,76.38
583.4,75.54
583.42,73.72
583.43,72.73
583.45,70.63
583.47,68.36
583.48,67.17
583.5,64.7
583.52,62.11
583.53,60.78
583.55,58.06
583.57,55.29
583.58,53.88
583.6,51.06
583.62,48.22
583.63,46.8
583.65,43.99
583.67,41.2
583.68,39.83
583.7,37.13
583.72,34.5
583.73,33.21
583.75,30.71
583.77,28.3
583.78,27.14
583.8,24.89
583.81,23.8
583.83,21.73
583.85,19.77
583.86,18.83
583.88,17.05
583.9,15.39
583.91,14.6
583.93,13.11
583.95,11.74
583.96,11.09
583.98,9.887
584.0,8.783
584.01,8.268
584.03,7.312
584.05,6.446
584.06,6.046
584.08,5.307
584.1,4.645
584.11,4.341
584.13,3.784
584.14,3.53
584.16,3.066
584.18,2.656
584.19,2.471
584.21,2.135
584.23,1.842
584.24,1.71
584.26,1.474
584.28,1.271
584.29,1.18
584.31,1.02
584.33,0.885
584.34,0.826
584.36,0.7238
584.38,0.641
584.39,0.6064
584.41,0.5498
584.43,0.5094
584.44,0.4949
584.46,0.4775
584.48,0.4753
584.49,0.48
584.51,0.5014
584.52,0.5185
584.54,0.5661
584.56,0.6335
584.57,0.6753
584.59,0.7771
584.61,0.906
584.62,0.9819
584.64,1.16
584.66,1.377
584.67,1.502
584.69,1.791
584.71,2.137
584.72,2.335
584.74,2.786
584.76,3.321
584.77,3.624
584.79,4.31
584.81,5.116
584.82,5.569
584.84,6.588
584.86,7.775
584.87,8.438
584.89,9.92
584.9,10.74
584.92,12.58
584.94,14.69
584.95,15.85
584.97,18.43
584.99,21.36
585.0,22.97
585.02,26.51
585.04,30.5
585.05,32.68
585.07,37.42
585.09,42.73
585.1,45.61
585.12,51.83
585.14,58.73
585.15,62.44
585.17,70.42
585.19,79.17
585.2,83.84
585.22,93.81
585.24,104.6
585.25,110.4
585.27,122.5
585.28,129.0
585.3,142.5
585.32,156.9
585.33,164.5
585.35,180.3
585.37,197.0
585.38,205.7
585.4,223.7
585.42,242.5
585.43,252.1
585.45,272.0
585.47,292.4
585.48,302.9
585.5,324.1
585.52,345.7
585.53,356.6
585.55,378.6
585.57,400.6
585.58,411.5
585.6,433.3
585.61,444.1
585.63,465.4
585.65,486.2
585.66,496.3
585.68,515.9
585.7,534.5
585.71,543.4
585.73,560.3
585.75,575.9
585.76,583.1
585.78,596.4
585.8,608.0
585.81,613.2
585.83,622.1
585.85,629.1
585.86,631.9
585.88,635.9
585.9,637.9
585.91,638.1
585.93,637.0
585.95,633.9
585.96,631.5
585.98,625.4
585.99,621.5
586.01,612.5
586.03,601.6
586.04,595.5
586.06,582.1
586.08,567.1
586.09,559.1
586.11,542.1
586.13,524.0
586.14,514.5
586.16,494.8
586.18,474.4
586.19,463.9
586.21,442.7
586.23,421.0
586.24,410.1
586.26,388.1
586.28,366.2
586.29,355.2
586.31,333.5
586.33,312.2
586.34,301.7
586.36,281.0
586.37,270.9
586.39,251.2
586.41,232.1
586.42,222.9
586.44,205.1
586.46,188.1
586.47,179.9
586.49,164.3
586.51,149.5
586.52,142.5
586.54,129.2
586.56,116.7
586.57,110.8
586.59,99.73
586.61,89.49
586.62,84.69
586.64,75.7
586.66,67.5
586.67,63.68
586.69,56.58
586.71,50.15
586.72,47.18
586.74,41.7
586.75,39.17
586.77,34.53
586.79,30.39
586.8,28.49
586.82,25.03
586.84,21.96
586.85,20.57
586.87,18.04
586.89,15.81
586.9,14.8
586.92,12.98
586.94,11.38
586.95,10.66
586.97,9.368
586.99,8.24
587.0,7.732
587.02,6.817
587.04,6.023
587.05,5.665
587.07,5.021
587.08,4.731
587.1,4.208
587.12,3.752
587.13,3.546
587.15,3.172
587.17,2.845
587.18,2.697
587.2,2.426
587.22,2.187
587.23,2.078
587.25,1.878
587.27,1.701
587.28,1.619
587.3,1.47
587.32,1.336
587.33,1.275
587.35,1.163
587.37,1.063
587.38,1.018
587.4,0.9357
587.42,0.8647
587.43,0.8333
587.45,0.7787
587.46,0.7556
587.48,0.7181
587.5,0.6928
587.51,0.6851
587.53,0.6803
587.55,0.6914
587.56,0.7035
587.58,0.7428
587.6,0.805
587.61,0.8459
587.63,0.9506
587.65,1.091
587.66,1.176
587.68,1.383
587.7,1.646
587.71,1.803
587.73,2.174
587.75,2.635
587.76,2.906
587.78,3.539
587.8,4.318
587.81,4.77
587.83,5.821
587.84,6.429
587.86,7.836
587.88,9.54
587.89,10.52
587.91,12.77
587.93,15.47
587.94,17.02
587.96,20.55
587.98,24.75
587.99,27.14
588.01,32.56
588.03,38.96
588.04,42.58
588.06,50.73
588.08,60.28
588.09,65.64
588.11,77.65
588.13,91.6
588.14,99.37
588.16,116.7
588.18,136.6
588.19,147.6
588.21,172.1
588.22,185.5
588.24,215.2
588.26,248.9
588.27,267.4
588.29,307.8
588.31,353.2
588.32,378.0
588.34,431.7
588.36,491.6
588.37,523.9
588.39,593.8
588.41,670.8
588.42,712.2
588.44,800.8
588.46,897.6
588.47,949.2
588.49,1059.0
588.51,1178.0
588.52,1241.0
588.54,1373.0
588.55,1443.0
588.57,1590.0
588.59,1746.0
588.6,1828.0
588.62,1998.0
588.64,2177.0
588.65,2270.0
588.67,2462.0
588.69,2663.0
588.7,2766.0
588.72,2977.0
588.74,3194.0
588.75,3305.0
588.77,3529.0
588.79,3758.0
588.8,3874.0
588.82,4106.0
588.84,4339.0
588.85,4456.0
588.87,4688.0
588.89,4918.0
588.9,5031.0
588.92,5255.0
588.93,5364.0
588.95,5578.0
588.97,5784.0
588.98,5884.0
589.0,6076.0
589.02,6256.0
589.03,6342.0
589.05,6504.0
589.07,6653.0
589.08,6722.0
589.1,6849.0
589.12,6961.0
589.13,7011.0
589.15,7099.0
589.17,7171.0
589.18,7202.0
589.2,7250.0
589.22,7283.0
589.23,7294.0
589.25,7304.0
589.27,7299.0
589.28,7291.0
589.3,7266.0
589.31,7248.0
589.33,7203.0
589.35,7147.0
589.36,7115.0
589.38,7043.0
589.4,6962.0
589.41,6918.0
589.43,6824.0
589.45,6723.0
589.46,6670.0
589.48,6559.0
589.5,6444.0
589.51,6385.0
589.53,6263.0
589.55,6137.0
589.56,6073.0
589.58,5943.0
589.6,5811.0
589.61,5744.0
589.63,5609.0
589.64,5540.0
589.66,5402.0
589.68,5263.0
589.69,5193.0
589.71,5051.0
589.73,4909.0
589.74,4837.0
589.76,4693.0
589.78,4548.0
589.79,4475.0
589.81,4328.0
589.83,4180.0
589.84,4106.0
589.86,3957.0
589.88,3807.0
589.89,3732.0
589.91,3582.0
589.93,3432.0
589.94,3357.0
589.96,3207.0
589.98,3057.0
589.99,2983.0
590.01,2835.0
590.02,2762.0
590.04,2616.0
590.06,2473.0
590.07,2402.0
590.09,2262.0
590.11,2125.0
590.12,2058.0
590.14,1926.0
590.16,1798.0
590.17,1735.0
590.19,1614.0
590.21,1496.0
590.22,1440.0
590.24,1329.0
590.26,1224.0
590.27,1174.0
590.29,1077.0
590.31,984.7
590.32,940.7
590.34,856.6
590.36,777.9
590.37,740.5
590.39,669.5
590.4,635.9
590.42,572.5
590.44,513.9
590.45,486.4
590.47,434.8
590.49,387.5
590.5,365.5
590.52,324.4
590.54,287.1
590.55,269.9
590.57,237.9
590.59,209.2
590.6,196.0
590.62,171.7
590.64,150.0
590.65,140.1
590.67,122.0
590.69,106.1
590.7,98.82
590.72,85.66
590.74,74.12
590.75,68.92
590.77,59.53
590.78,55.3
590.8,47.71
590.82,41.14
590.83,38.2
590.85,32.95
590.87,28.44
590.88,26.43
590.9,22.86
590.92,19.81
590.93,18.46
590.95,16.06
590.97,14.02
590.98,13.12
591.0,11.52
591.02,10.16
591.03,9.562
591.05,8.499
591.07,7.594
591.08,7.193
591.1,6.48
591.11,6.162
591.13,5.595
591.15,5.106
591.16,4.886
591.18,4.491
591.2,4.144
591.21,3.987
591.23,3.701
591.25,3.446
591.26,3.329
591.28,3.113
591.3,2.918
591.31,2.828
591.33,2.659
591.35,2.506
591.36,2.434
591.38,2.299
591.4,2.175
591.41,2.118
591.43,2.009
591.45,1.91
591.46,1.863
591.48,1.777
591.49,1.736
591.51,1.662
591.53,1.595
591.54,1.564
591.56,1.508
591.58,1.458
591.59,1.436
591.61,1.397
591.63,1.365
591.64,1.351
591.66,1.328
591.68,1.311
591.69,1.305
591.71,1.297
591.73,1.294
591.74,1.295
591.76,1.302
591.78,1.313
591.79,1.321
591.81,1.341
591.83,1.366
591.84,1.381
591.86,1.413
591.87,1.432
591.89,1.473
591.91,1.519
591.92,1.544
591.94,1.598
591.96,1.658
591.97,1.69
591.99,1.758
592.01,1.833
592.02,1.872
592.04,1.956
592.06,2.047
592.07,2.095
592.09,2.196
592.11,2.305
592.12,2.362
592.14,2.482
592.16,2.61
592.17,2.677
592.19,2.818
592.21,2.967
592.22,3.045
592.24,3.207
592.25,3.291
592.27,3.467
592.29,3.651
592.3,3.746
592.32,3.943
592.34,4.147
592.35,4.253
592.37,4.468
592.39,4.691
592.4,4.805
592.42,5.036
592.44,5.272
592.45,5.391
592.47,5.632
592.49,5.875
592.5,5.997
592.52,6.24
592.54,6.482
592.55,6.603
592.57,6.84
592.58,6.957
592.6,7.186
592.62,7.407
592.63,7.515
592.65,7.723
592.67,7.92
592.68,8.013
592.7,8.191
592.72,8.354
592.73,8.43
592.75,8.569
592.77,8.692
592.78,8.746
592.8,8.842
592.82,8.919
592.83,8.95
592.85,8.999
592.87,9.029
592.88,9.037
592.9,9.038
592.92,9.022
592.93,9.007
592.95,8.964
592.96,8.936
592.98,8.87
593.0,8.788
593.01,8.742
593.03,8.641
593.05,8.528
593.06,8.468
593.08,8.341
593.1,8.206
593.11,8.136
593.13,7.992
593.15,7.843
593.16,7.768
593.18,7.616
593.2,7.463
593.21,7.387
593.23,7.235
593.25,7.085
593.26,7.011
593.28,6.865
593.3,6.724
593.31,6.654
593.33,6.519
593.34,6.453
593.36,6.324
593.38,6.201
593.39,6.141
593.41,6.024
593.43,5.912
593.44,5.858
593.46,5.752
593.48,5.65
593.49,5.6
593.51,5.502
593.53,5.406
593.54,5.359
593.56,5.265
593.58,5.173
593.59,5.127
593.61,5.036
593.63,4.944
593.64,4.898
593.66,4.806
593.68,4.714
593.69,4.667
593.71,4.574
593.72,4.527
593.74,4.433
593.76,4.339
593.77,4.293
593.79,4.2
593.81,4.109
593.82,4.065
593.84,3.978
593.86,3.895
593.87,3.855
593.89,3.781
593.91,3.714
593.92,3.684
593.94,3.631
593.96,3.589
593.97,3.573
593.99,3.552
594.01,3.548
594.02,3.553
594.04,3.578
594.05,3.598
594.07,3.657
594.09,3.742
594.1,3.796
594.12,3.925
594.14,4.087
594.15,4.181
594.17,4.398
594.19,4.654
594.2,4.798
594.22,5.12
594.24,5.488
594.25,5.691
594.27,6.135
594.29,6.633
594.3,6.902
594.32,7.484
594.34,8.125
594.35,8.468
594.37,9.2
594.39,9.994
594.4,10.41
594.42,11.3
594.43,11.77
594.45,12.75
594.47,13.8
594.48,14.34
594.5,15.48
594.52,16.67
594.53,17.28
594.55,18.55
594.57,19.86
594.58,20.53
594.6,21.91
594.62,23.31
594.63,24.02
594.65,25.46
594.67,26.91
594.68,27.64
594.7,29.1
594.72,30.54
594.73,31.26
594.75,32.68
594.77,34.06
594.78,34.74
594.8,36.05
594.81,36.69
594.83,37.91
594.85,39.07
594.86,39.62
594.88,40.65
594.9,41.59
594.91,42.02
594.93,42.81
594.95,43.49
594.96,43.78
594.98,44.29
595.0,44.68
595.01,44.83
595.03,45.03
595.05,45.12
595.06,45.12
595.08,45.02
595.1,44.8
595.11,44.65
595.13,44.27
595.15,43.78
595.16,43.49
595.18,42.85
595.19,42.49
595.21,41.72
595.23,40.86
595.24,40.41
595.26,39.45
595.28,38.43
595.29,37.9
595.31,36.82
595.33,35.7
595.34,35.13
595.36,33.98
595.38,32.81
595.39,32.22
595.41,31.05
595.43,29.89
595.44,29.31
595.46,28.18
595.48,27.06
595.49,26.52
595.51,25.45
595.52,24.93
595.54,23.92
595.56,22.95
595.57,22.48
595.59,21.59
595.61,20.74
595.62,20.33
595.64,19.56
595.66,18.84
595.67,18.5
595.69,17.86
595.71,17.28
595.72,17.01
595.74,16.5
595.76,16.05
595.77,15.85
595.79,15.48
595.81,15.16
595.82,15.02
595.84,14.78
595.86,14.6
595.87,14.52
595.89,14.42
595.9,14.39
595.92,14.36
595.94,14.39
595.95,14.43
595.97,14.54
595.99,14.71
596.0,14.82
596.02,15.08
596.04,15.4
596.05,15.58
596.07,16.0
596.09,16.48
596.1,16.74
596.12,17.33
596.14,17.98
596.15,18.33
596.17,19.09
596.19,19.91
596.2,20.36
596.22,21.29
596.24,22.3
596.25,22.83
596.27,23.95
596.28,24.53
596.3,25.74
596.32,27.03
596.33,27.69
596.35,29.06
596.37,30.49
596.38,31.22
596.4,32.72
596.42,34.26
596.43,35.05
596.45,36.64
596.47,38.25
596.48,39.06
596.5,40.69
596.52,42.31
596.53,43.13
596.55,44.73
596.57,46.32
596.58,47.1
596.6,48.63
596.62,50.1
596.63,50.82
596.65,52.2
596.66,52.87
596.68,54.13
596.7,55.31
596.71,55.87
596.73,56.9
596.75,57.83
596.76,58.25
596.78,59.0
596.8,59.64
596.81,59.91
596.83,60.36
596.85,60.68
596.86,60.79
596.88,60.93
596.9,60.94
596.91,60.89
596.93,60.72
596.95,60.43
596.96,60.24
596.98,59.77
596.99,59.5
597.01,58.89
597.03,58.18
597.04,57.79
597.06,56.96
597.08,56.05
597.09,55.57
597.11,54.56
597.13,53.5
597.14,52.95
597.16,51.83
597.18,50.68
597.19,50.09
597.21,48.91
597.23,47.71
597.24,47.11
597.26,45.91
597.28,44.71
597.29,44.12
597.31,42.94
597.33,41.78
597.34,41.21
597.36,40.09
597.37,39.54
597.39,38.47
597.41,37.43
597.42,36.92
597.44,35.94
597.46,35.0
597.47,34.54
597.49,33.66
597.51,32.81
597.52,32.41
597.54,31.63
597.56,30.9
597.57,30.55
597.59,29.87
597.61,29.24
597.62,28.94
597.64,28.37
597.66,27.83
597.67,27.58
597.69,27.1
597.71,26.65
597.72,26.43
597.74,26.03
597.75,25.84
597.77,25.47
597.79,25.13
597.8,24.97
597.82,24.66
597.84,24.36
597.85,24.22
597.87,23.94
597.89,23.68
597.9,23.55
597.92,23.29
597.94,23.03
597.95,22.9
597.97,22.65
597.99,22.38
598.0,22.25
598.02,21.97
598.04,21.69
598.05,21.54
598.07,21.24
598.09,20.92
598.1,20.76
598.12,20.42
598.13,20.24
598.15,19.88
598.17,19.5
598.18,19.3
598.2,18.9
598.22,18.47
598.23,18.26
598.25,17.82
598.27,17.36
598.28,17.13
598.3,16.67
598.32,16.19
598.33,15.95
598.35,15.47
598.37,14.99
598.38,14.76
598.4,14.28
598.42,13.81
598.43,13.59
598.45,13.14
598.46,12.92
598.48,12.49
598.5,12.09
598.51,11.9
598.53,11.54
598.55,11.21
598.56,11.06
598.58,10.78
598.6,10.54
598.61,10.43
598.63,10.26
598.65,10.14
598.66,10.09
598.68,10.04
598.7,10.05
598.71,10.08
598.73,10.17
598.75,10.33
598.76,10.43
598.78,10.68
598.8,11.0
598.81,11.18
598.83,11.59
598.84,11.83
598.86,12.34
598.88,12.91
598.89,13.23
598.91,13.9
598.93,14.63
598.94,15.02
598.96,15.83
598.98,16.7
598.99,17.15
599.01,18.08
599.03,19.05
599.04,19.55
599.06,20.57
599.08,21.62
599.09,22.14
599.11,23.2
599.13,24.27
599.14,24.8
599.16,25.85
599.18,26.88
599.19,27.39
599.21,28.38
599.22,28.86
599.24,29.78
599.26,30.65
599.27,31.07
599.29,31.84
599.31,32.54
599.32,32.86
599.34,33.44
599.36,33.93
599.37,34.14
599.39,34.48
599.41,34.73
599.42,34.81
599.44,34.9
599.46,34.89
599.47,34.84
599.49,34.66
599.51,34.38
599.52,34.21
599.54,33.78
599.55,33.52
599.57,32.95
599.59,32.29
599.6,31.92
599.62,31.13
599.64,30.27
599.65,29.82
599.67,28.86
599.69,27.84
599.7,27.32
599.72,26.24
599.74,25.12
599.75,24.55
599.77,23.4
599.79,22.23
599.8,21.64
599.82,20.47
599.84,19.3
599.85,18.71
599.87,17.56
599.89,16.43
599.9,15.87
599.92,14.78
599.93,14.25
599.95,13.21
599.97,12.21
599.98,11.72
600.0,10.78
600.02,9.893
600.03,9.465
600.05,8.645
600.07,7.873
600.08,7.505
600.1,6.807
600.12,6.158
600.13,5.852
600.15,5.274
600.17,4.744
600.18,4.496
600.2,4.033
600.22,3.612
600.23,3.418
600.25,3.059
600.27,2.739
600.28,2.592
600.3,2.326
600.31,2.206
600.33,1.99
600.35,1.805
600.36,1.723
600.38,1.582
600.4,1.468
600.41,1.421
600.43,1.345
600.45,1.293
600.46,1.275
600.48,1.258
600.5,1.262
600.51,1.272
600.53,1.307
600.55,1.363
600.56,1.399
600.58,1.485
600.6,1.591
600.61,1.652
600.63,1.788
600.65,1.944
600.66,2.03
600.68,2.216
600.69,2.317
600.71,2.535
600.73,2.773
600.74,2.901
600.76,3.171
600.78,3.462
600.79,3.615
600.81,3.939
600.83,4.283
600.84,4.463
600.86,4.838
600.88,5.234
600.89,5.439
600.91,5.863
600.93,6.306
600.94,6.534
600.96,7.001
600.98,7.484
600.99,7.731
601.01,8.233
601.02,8.488
601.04,9.006
601.06,9.531
601.07,9.795
601.09,10.33
601.11,10.86
601.12,11.13
601.14,11.66
601.16,12.18
601.17,12.44
601.19,12.96
601.21,13.46
601.22,13.7
601.24,14.18
601.26,14.64
601.27,14.87
601.29,15.29
601.31,15.7
601.32,15.89
601.34,16.26
601.36,16.59
601.37,16.75
601.39,17.04
601.4,17.18
601.42,17.42
601.44,17.64
601.45,17.74
601.47,17.9
601.49,18.04
601.5,18.1
601.52,18.19
601.54,18.25
601.55,18.28
601.57,18.3
601.59,18.3
601.6,18.29
601.62,18.25
601.64,18.19
601.65,18.16
601.67,18.07
601.69,17.97
601.7,17.92
601.72,17.8
601.74,17.67
601.75,17.6
601.77,17.46
601.78,17.38
601.8,17.23
601.82,17.08
601.83,17.0
601.85,16.84
601.87,16.68
601.88,16.6
601.9,16.45
601.92,16.29
601.93,16.22
601.95,16.07
601.97,15.92
601.98,15.85
602.0,15.72
602.02,15.58
602.03,15.52
602.05,15.4
602.07,15.28
602.08,15.22
602.1,15.12
602.12,15.02
602.13,14.97
602.15,14.88
602.16,14.84
602.18,14.77
602.2,14.71
602.21,14.68
602.23,14.63
602.25,14.59
602.26,14.58
602.28,14.56
602.3,14.56
602.31,14.56
602.33,14.58
602.35,14.62
602.36,14.64
602.38,14.71
602.4,14.79
602.41,14.83
602.43,14.94
602.45,15.07
602.46,15.15
602.48,15.31
602.49,15.39
602.51,15.58
602.53,15.79
602.54,15.91
602.56,16.15
602.58,16.4
602.59,16.53
602.61,16.81
602.63,17.11
602.64,17.26
602.66,17.56
602.68,17.88
602.69,18.03
602.71,18.35
602.73,18.67
602.74,18.83
602.76,19.14
602.78,19.44
602.79,19.58
602.81,19.86
602.83,20.12
602.84,20.24
602.86,20.46
602.87,20.56
602.89,20.74
602.91,20.88
602.92,20.94
602.94,21.03
602.96,21.07
602.97,21.08
602.99,21.06
603.01,21.0
603.02,20.95
603.04,20.81
603.06,20.63
603.07,20.52
603.09,20.27
603.11,19.97
603.12,19.8
603.14,19.43
603.16,19.02
603.17,18.8
603.19,18.33
603.21,17.83
603.22,17.56
603.24,17.01
603.25,16.72
603.27,16.13
603.29,15.51
603.3,15.2
603.32,14.55
603.34,13.9
603.35,13.57
603.37,12.9
603.39,12.23
603.4,11.9
603.42,11.23
603.44,10.58
603.45,10.25
603.47,9.607
603.49,8.978
603.5,8.67
603.52,8.066
603.54,7.483
603.55,7.199
603.57,6.649
603.59,6.123
603.6,5.869
603.62,5.38
603.63,5.146
603.65,4.696
603.67,4.273
603.68,4.072
603.7,3.688
603.72,3.331
603.73,3.162
603.75,2.843
603.77,2.549
603.78,2.411
603.8,2.151
603.82,1.914
603.83,1.803
603.85,1.597
603.87,1.41
603.88,1.324
603.9,1.164
603.92,1.02
603.93,0.9539
603.95,0.8323
603.96,0.7766
603.98,0.6746
604.0,0.5842
604.01,0.5431
604.03,0.4683
604.05,0.4026
604.06,0.3729
604.08,0.3193
604.1,0.2726
604.11,0.2517
604.13,0.2141
604.15,0.1817
604.16,0.1672
604.18,0.1415
604.2,0.1195
604.21,0.1099
604.23,0.09274
604.25,0.07834
604.26,0.07205
604.28,0.06109
604.3,0.05205
604.31,0.04817
604.33,0.04157
604.34,0.03879
604.36,0.03418
604.38,0.0307
604.39,0.02934
604.41,0.02734
604.43,0.02622
604.44,0.02596
604.46,0.02604
604.48,0.02687
604.49,0.02757
604.51,0.02953
604.53,0.03227
604.54,0.03395
604.56,0.03794
604.58,0.04287
604.59,0.04571
604.61,0.05222
604.63,0.05995
604.64,0.06432
604.66,0.0742
604.68,0.08577
604.69,0.09226
604.71,0.1068
604.72,0.115
604.74,0.1332
604.76,0.1543
604.77,0.1661
604.79,0.1923
604.81,0.2224
604.82,0.2392
604.84,0.2763
604.86,0.3187
604.87,0.3422
604.89,0.394
604.91,0.4528
604.92,0.4852
604.94,0.5562
604.96,0.6364
604.97,0.6802
604.99,0.7759
605.01,0.8832
605.02,0.9414
605.04,1.068
605.06,1.208
605.07,1.284
605.09,1.448
605.1,1.536
605.12,1.725
605.14,1.933
605.15,2.044
605.17,2.28
605.19,2.537
605.2,2.674
605.22,2.963
605.24,3.274
605.25,3.438
605.27,3.784
605.29,4.152
605.3,4.345
605.32,4.747
605.34,5.171
605.35,5.392
605.37,5.848
605.39,6.325
605.4,6.57
605.42,7.075
605.43,7.333
605.45,7.862
605.47,8.403
605.48,8.678
605.5,9.235
605.52,9.799
605.53,10.08
605.55,10.65
605.57,11.22
605.58,11.5
605.6,12.06
605.62,12.61
605.63,12.88
605.65,13.4
605.67,13.91
605.68,14.16
605.7,14.63
605.72,15.07
605.73,15.29
605.75,15.68
605.77,16.04
605.78,16.21
605.8,16.52
605.81,16.65
605.83,16.89
605.85,17.09
605.86,17.18
605.88,17.31
605.9,17.4
605.91,17.42
605.93,17.44
605.95,17.42
605.96,17.39
605.98,17.31
606.0,17.18
606.01,17.11
606.03,16.93
606.05,16.71
606.06,16.59
606.08,16.34
606.1,16.06
606.11,15.91
606.13,15.59
606.15,15.26
606.16,15.09
606.18,14.75
606.19,14.57
606.21,14.21
606.23,13.85
606.24,13.67
606.26,13.32
606.28,12.96
606.29,12.79
606.31,12.45
606.33,12.12
606.34,11.96
606.36,11.65
606.38,11.35
606.39,11.21
606.41,10.93
606.43,10.67
606.44,10.55
606.46,10.31
606.48,10.08
606.49,9.978
606.51,9.774
606.53,9.582
606.54,9.49
606.56,9.315
606.57,9.23
606.59,9.068
606.61,8.912
606.62,8.836
606.64,8.688
606.66,8.544
606.67,8.473
606.69,8.331
606.71,8.191
606.72,8.12
606.74,7.979
606.76,7.837
606.77,7.766
606.79,7.621
606.81,7.475
606.82,7.401
606.84,7.252
606.86,7.102
606.87,7.027
606.89,6.876
606.9,6.801
606.92,6.651
606.94,6.504
606.95,6.431
606.97,6.289
606.99,6.152
607.0,6.085
607.02,5.958
607.04,5.839
607.05,5.783
607.07,5.679
607.09,5.586
607.1,5.545
607.12,5.471
607.14,5.412
607.15,5.388
607.17,5.351
607.19,5.33
607.2,5.326
607.22,5.33
607.24,5.351
607.25,5.368
607.27,5.413
607.28,5.443
607.3,5.513
607.32,5.599
607.33,5.648
607.35,5.757
607.37,5.88
607.38,5.946
607.4,6.088
607.42,6.241
607.43,6.322
607.45,6.49
607.47,6.667
607.48,6.758
607.5,6.946
607.52,7.139
607.53,7.237
607.55,7.437
607.57,7.64
607.58,7.743
607.6,7.949
607.62,8.157
607.63,8.262
607.65,8.471
607.66,8.576
607.68,8.787
607.7,8.999
607.71,9.105
607.73,9.319
607.75,9.535
607.76,9.644
607.78,9.864
607.8,10.09
607.81,10.2
607.83,10.43
607.85,10.67
607.86,10.8
607.88,11.05
607.9,11.31
607.91,11.44
607.93,11.72
607.95,12.01
607.96,12.16
607.98,12.47
608.0,12.8
608.01,12.96
608.03,13.31
608.04,13.49
608.06,13.86
608.08,14.24
608.09,14.43
608.11,14.83
608.13,15.24
608.14,15.45
608.16,15.87
608.18,16.29
608.19,16.51
608.21,16.94
608.23,17.37
608.24,17.58
608.26,18.0
608.28,18.41
608.29,18.61
608.31,19.0
608.33,19.37
608.34,19.55
608.36,19.88
608.37,20.04
608.39,20.33
608.41,20.58
608.42,20.7
608.44,20.9
608.46,21.06
608.47,21.12
608.49,21.22
608.51,21.27
608.52,21.27
608.54,21.25
608.56,21.18
608.57,21.13
608.59,20.98
608.61,20.79
608.62,20.68
608.64,20.42
608.66,20.12
608.67,19.96
608.69,19.59
608.71,19.19
608.72,18.98
608.74,18.53
608.75,18.3
608.77,17.81
608.79,17.3
608.8,17.03
608.82,16.5
608.84,15.95
608.85,15.67
608.87,15.11
608.89,14.55
608.9,14.27
608.92,13.72
608.94,13.18
608.95,12.92
608.97,12.4
608.99,11.9
609.0,11.66
609.02,11.19
609.04,10.76
609.05,10.55
609.07,10.17
609.09,9.824
609.1,9.665
609.12,9.381
609.13,9.255
609.15,9.04
609.17,8.875
609.18,8.813
609.2,8.73
609.22,8.707
609.23,8.719
609.25,8.792
609.27,8.936
609.28,9.035
609.3,9.293
609.32,9.633
609.33,9.836
609.35,10.31
609.37,10.88
609.38,11.21
609.4,11.95
609.42,12.8
609.43,13.27
609.45,14.31
609.46,14.88
609.48,16.14
609.5,17.54
609.51,18.31
609.53,19.96
609.55,21.8
609.56,22.78
609.58,24.9
609.6,27.22
609.61,28.46
609.63,31.11
609.65,33.98
609.66,35.5
609.68,38.73
609.7,42.2
609.71,44.03
609.73,47.88
609.75,52.0
609.76,54.15
609.78,58.65
609.8,63.41
609.81,65.88
609.83,71.03
609.84,73.69
609.86,79.2
609.88,84.93
609.89,87.89
609.91,93.94
609.93,100.2
609.94,103.4
609.96,109.9
609.98,116.5
609.99,119.9
610.01,126.6
610.03,133.5
610.04,136.9
610.06,143.7
610.08,150.5
610.09,153.9
610.11,160.6
610.13,167.1
610.14,170.3
610.16,176.6
610.18,182.5
610.19,185.4
610.21,191.0
610.22,193.6
610.24,198.6
610.26,203.1
610.27,205.3
610.29,209.1
610.31,212.5
610.32,214.0
610.34,216.5
610.36,218.5
610.37,219.3
610.39,220.4
610.41,220.9
610.42,220.9
610.44,220.4
610.46,219.4
610.47,218.6
610.49,216.7
610.51,214.1
610.52,212.6
610.54,209.3
610.56,205.3
610.57,203.2
610.59,198.5
610.6,196.1
610.62,190.8
610.64,185.1
610.65,182.1
610.67,175.9
610.69,169.4
610.7,166.1
610.72,159.3
610.74,152.4
610.75,148.8
610.77,141.7
610.79,134.6
610.8,131.0
610.82,123.8
610.84,116.8
610.85,113.2
610.87,106.3
610.89,99.52
610.9,96.19
610.92,89.68
610.93,86.5
610.95,80.32
610.97,74.4
610.98,71.53
611.0,66.02
611.02,60.79
611.03,58.29
611.05,53.53
611.07,49.08
611.08,46.97
611.1,43.01
611.12,39.38
611.13,37.69
611.15,34.55
611.17,31.76
611.18,30.48
611.2,28.19
611.22,26.23
611.23,25.38
611.25,23.94
611.27,22.84
611.28,22.42
611.3,21.85
611.31,21.7
611.33,21.66
611.35,22.0
611.36,22.32
611.38,23.23
611.4,24.56
611.41,25.37
611.43,27.33
611.45,29.74
611.46,31.12
611.48,34.25
611.5,37.88
611.51,39.89
611.53,44.33
611.55,49.34
611.56,52.07
611.58,57.99
611.6,64.56
611.61,68.09
611.63,75.66
611.65,83.95
611.66,88.36
611.68,97.74
611.69,102.7
611.71,113.2
611.73,124.5
611.74,130.5
611.76,142.9
611.78,156.2
611.79,163.1
611.81,177.5
611.83,192.7
611.84,200.5
611.86,216.7
611.88,233.5
611.89,242.2
611.91,259.9
611.93,278.1
611.94,287.4
611.96,306.3
611.98,325.4
611.99,335.1
612.01,354.5
612.03,373.9
612.04,383.7
612.06,403.0
612.07,412.6
612.09,431.5
612.11,449.9
612.12,458.9
612.14,476.5
612.16,493.3
612.17,501.4
612.19,516.8
612.21,531.1
612.22,537.9
612.24,550.4
612.26,561.6
612.27,566.6
612.29,575.6
612.31,583.0
612.32,586.1
612.34,591.1
612.36,594.3
612.37,595.3
612.39,596.0
612.4,595.7
612.42,593.7
612.44,590.0
612.45,587.6
612.47,581.4
612.49,573.6
612.5,569.1
612.52,559.0
612.54,547.5
612.55,541.2
612.57,527.8
612.59,513.1
612.6,505.4
612.62,489.3
612.64,472.2
612.65,463.4
612.67,445.4
612.69,426.8
612.7,417.3
612.72,398.1
612.74,378.7
612.75,369.0
612.77,349.5
612.78,339.8
612.8,320.5
612.82,301.4
612.83,292.0
612.85,273.4
612.87,255.3
612.88,246.5
612.9,229.2
612.92,212.6
612.93,204.5
612.95,188.9
612.97,174.0
612.98,166.8
613.0,153.1
613.02,140.1
613.03,134.0
613.05,122.2
613.07,111.2
613.08,106.0
613.1,96.22
613.12,87.17
613.13,82.92
613.15,74.96
613.16,71.24
613.18,64.31
613.2,58.02
613.21,55.11
613.23,49.74
613.25,44.93
613.26,42.73
613.28,38.7
613.3,35.15
613.31,33.54
613.33,30.64
613.35,28.13
613.36,27.01
613.38,25.03
613.4,23.35
613.41,22.62
613.43,21.35
613.45,20.33
613.46,19.9
613.48,19.18
613.5,18.64
613.51,18.43
613.53,18.12
613.54,18.01
613.56,17.87
613.58,17.83
613.59,17.84
613.61,17.92
613.63,18.05
613.64,18.13
613.66,18.33
613.68,18.54
613.69,18.66
613.71,18.89
613.73,19.13
613.74,19.25
613.76,19.47
613.78,19.67
613.79,19.77
613.81,19.93
613.83,20.06
613.84,20.11
613.86,20.19
613.87,20.21
613.89,20.23
613.91,20.2
613.92,20.17
613.94,20.07
613.96,19.93
613.97,19.84
613.99,19.63
614.01,19.38
614.02,19.24
614.04,18.92
614.06,18.57
614.07,18.37
614.09,17.96
614.11,17.52
614.12,17.29
614.14,16.81
614.16,16.3
614.17,16.03
614.19,15.49
614.21,14.94
614.22,14.65
614.24,14.08
614.25,13.79
614.27,13.21
614.29,12.62
614.3,12.33
614.32,11.75
614.34,11.17
614.35,10.88
614.37,10.32
614.39,9.766
614.4,9.494
614.42,8.962
614.44,8.447
614.45,8.197
614.47,7.711
614.49,7.246
614.5,7.021
614.52,6.59
614.54,6.183
614.55,5.989
614.57,5.62
614.59,5.278
614.6,5.117
614.62,4.816
614.63,4.677
614.65,4.419
614.67,4.19
614.68,4.087
614.7,3.904
614.72,3.753
614.73,3.689
614.75,3.586
614.77,3.517
614.78,3.495
614.8,3.478
614.82,3.497
614.83,3.521
614.85,3.597
614.87,3.715
614.88,3.789
614.9,3.972
614.92,4.201
614.93,4.333
614.95,4.638
614.97,4.997
614.98,5.199
615.0,5.649
615.01,5.899
615.03,6.452
615.05,7.082
615.06,7.428
615.08,8.188
615.1,9.045
615.11,9.513
615.13,10.54
615.15,11.69
615.16,12.32
615.18,13.69
615.2,15.23
615.21,16.06
615.23,17.89
615.25,19.94
615.26,21.05
615.28,23.48
615.3,26.2
615.31,27.68
615.33,30.9
615.34,32.64
615.36,36.45
615.38,40.69
615.39,43.0
615.41,47.99
615.43,53.55
615.44,56.55
615.46,63.06
615.48,70.26
615.49,74.14
615.51,82.5
615.53,91.72
615.54,96.66
615.56,107.3
615.58,118.9
615.59,125.1
615.61,138.3
615.63,152.7
615.64,160.4
615.66,176.6
615.68,194.2
615.69,203.4
615.71,223.0
615.72,233.3
615.74,254.9
615.76,277.9
615.77,289.9
615.79,315.1
615.81,341.6
615.82,355.4
615.84,384.0
615.86,413.9
615.87,429.3
615.89,461.0
615.91,493.9
615.92,510.7
615.94,545.0
615.96,580.2
615.97,598.0
615.99,634.2
616.01,670.8
616.02,689.3
616.04,726.2
616.06,763.2
616.07,781.7
616.09,818.3
616.1,836.5
616.12,872.3
616.14,907.3
616.15,924.5
616.17,957.9
616.19,990.1
616.2,1006.0
616.22,1035.0
616.24,1064.0
616.25,1077.0
616.27,1102.0
616.29,1125.0
616.3,1136.0
616.32,1155.0
616.34,1172.0
616.35,1180.0
616.37,1194.0
616.39,1205.0
616.4,1209.0
616.42,1216.0
616.44,1221.0
616.45,1223.0
616.47,1224.0
616.48,1223.0
616.5,1221.0
616.52,1217.0
616.53,1214.0
616.55,1206.0
616.57,1197.0
616.58,1192.0
616.6,1180.0
616.62,1167.0
616.63,1159.0
616.65,1144.0
616.67,1128.0
616.68,1120.0
616.7,1102.0
616.72,1084.0
616.73,1075.0
616.75,1055.0
616.77,1036.0
616.78,1026.0
616.8,1006.0
616.81,996.6
616.83,976.6
616.85,956.6
616.86,946.6
616.88,926.6
616.9,906.7
616.91,896.7
616.93,876.9
616.95,857.2
616.96,847.4
616.98,827.8
617.0,808.2
617.01,798.4
617.03,778.9
617.05,759.3
617.06,749.5
617.08,729.9
617.1,710.2
617.11,700.3
617.13,680.4
617.15,660.4
617.16,650.3
617.18,630.0
617.19,619.8
617.21,599.3
617.23,578.7
617.24,568.3
617.26,547.4
617.28,526.5
617.29,515.9
617.31,494.9
617.33,473.8
617.34,463.2
617.36,442.2
617.38,421.2
617.39,410.8
617.41,390.1
617.43,369.6
617.44,359.5
617.46,339.5
617.48,319.8
617.49,310.1
617.51,291.1
617.53,272.6
617.54,263.6
617.56,245.9
617.57,237.3
617.59,220.6
617.61,204.5
617.62,196.7
617.64,181.7
617.66,167.3
617.67,160.4
617.69,147.2
617.71,134.7
617.72,128.7
617.74,117.3
617.76,106.6
617.77,101.6
617.79,91.94
617.81,83.02
617.82,78.82
617.84,70.9
617.86,63.61
617.87,60.2
617.89,53.82
617.91,48.0
617.92,45.3
617.94,40.28
617.95,37.95
617.97,33.66
617.99,29.81
618.0,28.05
618.02,24.81
618.04,21.95
618.05,20.65
618.07,18.3
618.09,16.25
618.1,15.34
618.12,13.7
618.14,12.32
618.15,11.71
618.17,10.66
618.19,9.807
618.2,9.451
618.22,8.867
618.24,8.443
618.25,8.287
618.27,8.079
618.28,8.024
618.3,8.006
618.32,8.103
618.33,8.191
618.35,8.443
618.37,8.789
618.38,8.996
618.4,9.47
618.42,10.02
618.43,10.33
618.45,10.99
618.47,11.71
618.48,12.1
618.5,12.91
618.52,13.77
618.53,14.22
618.55,15.16
618.57,16.13
618.58,16.63
618.6,17.66
618.62,18.71
618.63,19.25
618.65,20.33
618.66,20.88
618.68,21.99
618.7,23.1
618.71,23.65
618.73,24.76
618.75,25.86
618.76,26.41
618.78,27.48
618.8,28.54
618.81,29.05
618.83,30.06
618.85,31.03
618.86,31.5
618.88,32.41
618.9,33.26
618.91,33.67
618.93,34.45
618.95,35.16
618.96,35.49
618.98,36.12
619.0,36.67
619.01,36.92
619.03,37.37
619.04,37.57
619.06,37.91
619.08,38.19
619.09,38.3
619.11,38.46
619.13,38.56
619.14,38.58
619.16,38.57
619.18,38.5
619.19,38.44
619.21,38.27
619.23,38.03
619.24,37.89
619.26,37.58
619.28,37.2
619.29,37.0
619.31,36.55
619.33,36.05
619.34,35.79
619.36,35.23
619.38,34.64
619.39,34.33
619.41,33.68
619.42,33.35
619.44,32.66
619.46,31.94
619.47,31.58
619.49,30.83
619.51,30.06
619.52,29.67
619.54,28.88
619.56,28.08
619.57,27.67
619.59,26.85
619.61,26.02
619.62,25.61
619.64,24.77
619.66,23.93
619.67,23.51
619.69,22.67
619.71,21.83
619.72,21.41
619.74,20.58
619.75,20.16
619.77,19.33
619.79,18.51
619.8,18.1
619.82,17.29
619.84,16.5
619.85,16.1
619.87,15.32
619.89,14.56
619.9,14.18
619.92,13.44
619.94,12.72
619.95,12.37
619.97,11.67
619.99,11.0
620.0,10.67
620.02,10.03
620.04,9.419
620.05,9.121
620.07,8.542
620.09,7.989
620.1,7.723
620.12,7.209
620.13,6.963
620.15,6.49
620.17,6.044
620.18,5.831
620.2,5.427
620.22,5.05
620.23,4.871
620.25,4.535
620.27,4.225
620.28,4.08
620.3,3.809
620.32,3.563
620.33,3.449
620.35,3.239
620.37,3.053
620.38,2.968
620.4,2.814
620.42,2.681
620.43,2.622
620.45,2.517
620.47,2.43
620.48,2.393
620.5,2.33
620.51,2.304
620.53,2.263
620.55,2.234
620.56,2.223
620.58,2.211
620.6,2.208
620.61,2.21
620.63,2.219
620.65,2.235
620.66,2.245
620.68,2.268
620.7,2.295
620.71,2.309
620.73,2.34
620.75,2.372
620.76,2.389
620.78,2.421
620.8,2.454
620.81,2.469
620.83,2.499
620.84,2.514
620.86,2.541
620.88,2.565
620.89,2.576
620.91,2.596
620.93,2.613
620.94,2.62
620.96,2.631
620.98,2.64
620.99,2.642
621.01,2.646
621.03,2.646
621.04,2.645
621.06,2.641
621.08,2.634
621.09,2.63
621.11,2.62
621.13,2.609
621.14,2.603
621.16,2.59
621.18,2.577
621.19,2.57
621.21,2.557
621.22,2.551
621.24,2.538
621.26,2.526
621.27,2.521
621.29,2.512
621.31,2.504
621.32,2.501
621.34,2.497
621.36,2.495
621.37,2.495
621.39,2.498
621.41,2.503
621.42,2.506
621.44,2.515
621.46,2.528
621.47,2.535
621.49,2.551
621.51,2.571
621.52,2.581
621.54,2.604
621.56,2.63
621.57,2.644
621.59,2.673
621.6,2.688
621.62,2.72
621.64,2.754
621.65,2.771
621.67,2.807
621.69,2.844
621.7,2.863
621.72,2.901
621.74,2.94
621.75,2.96
621.77,2.999
621.79,3.038
621.8,3.058
621.82,3.097
621.84,3.136
621.85,3.155
621.87,3.192
621.89,3.229
621.9,3.247
621.92,3.283
621.94,3.318
621.95,3.334
621.97,3.367
621.98,3.383
622.0,3.414
622.02,3.445
622.03,3.459
622.05,3.488
622.07,3.516
622.08,3.53
622.1,3.558
622.12,3.586
622.13,3.6
622.15,3.628
622.17,3.658
622.18,3.673
622.2,3.706
622.22,3.741
622.23,3.76
622.25,3.802
622.27,3.848
622.28,3.873
622.3,3.928
622.31,3.959
622.33,4.026
622.35,4.103
622.36,4.146
622.38,4.24
622.4,4.346
622.41,4.405
622.43,4.534
622.45,4.679
622.46,4.758
622.48,4.931
622.5,5.125
622.51,5.229
622.53,5.456
622.55,5.706
622.56,5.84
622.58,6.129
622.6,6.444
622.61,6.612
622.63,6.968
622.65,7.354
622.66,7.558
622.68,7.987
622.69,8.213
622.71,8.686
622.73,9.189
622.74,9.451
622.76,9.997
622.78,10.57
622.79,10.87
622.81,11.48
622.83,12.11
622.84,12.44
622.86,13.1
622.88,13.79
622.89,14.13
622.91,14.84
622.93,15.55
622.94,15.91
622.96,16.64
622.98,17.36
622.99,17.72
623.01,18.44
623.03,19.15
623.04,19.49
623.06,20.18
623.07,20.51
623.09,21.17
623.11,21.79
623.12,22.09
623.14,22.67
623.16,23.21
623.17,23.46
623.19,23.94
623.21,24.37
623.22,24.57
623.24,24.92
623.26,25.22
623.27,25.35
623.29,25.56
623.31,25.72
623.32,25.78
623.34,25.84
623.36,25.85
623.37,25.83
623.39,25.75
623.41,25.6
623.42,25.51
623.44,25.28
623.45,25.15
623.47,24.84
623.49,24.48
623.5,24.28
623.52,23.85
623.54,23.38
623.55,23.12
623.57,22.59
623.59,22.03
623.6,21.74
623.62,21.14
623.64,20.51
623.65,20.19
623.67,19.54
623.69,18.89
623.7,18.55
623.72,17.89
623.74,17.23
623.75,16.9
623.77,16.25
623.78,15.93
623.8,15.3
623.82,14.68
623.83,14.38
623.85,13.8
623.87,13.25
623.88,12.98
623.9,12.48
623.92,12.0
623.93,11.77
623.95,11.35
623.97,10.96
623.98,10.78
624.0,10.45
624.02,10.16
624.03,10.03
624.05,9.799
624.07,9.607
624.08,9.525
624.1,9.392
624.12,9.296
624.13,9.262
624.15,9.221
624.16,9.214
624.18,9.226
624.2,9.27
624.21,9.304
624.23,9.394
624.25,9.512
624.26,9.581
624.28,9.737
624.3,9.915
624.31,10.01
624.33,10.22
624.35,10.44
624.36,10.56
624.38,10.8
624.4,11.06
624.41,11.19
624.43,11.45
624.45,11.72
624.46,11.85
624.48,12.12
624.5,12.39
624.51,12.52
624.53,12.79
624.54,12.91
624.56,13.16
624.58,13.4
624.59,13.52
624.61,13.74
624.63,13.95
624.64,14.05
624.66,14.24
624.68,14.41
624.69,14.49
624.71,14.64
624.73,14.77
624.74,14.83
624.76,14.93
624.78,15.02
624.79,15.06
624.81,15.12
624.83,15.17
624.84,15.18
624.86,15.21
624.88,15.21
624.89,15.21
624.91,15.2
624.92,15.19
624.94,15.16
624.96,15.13
624.97,15.1
624.99,15.05
625.01,15.0
625.02,14.97
625.04,14.91
625.06,14.84
625.07,14.81
625.09,14.74
625.11,14.68
625.12,14.65
625.14,14.59
625.16,14.54
625.17,14.52
625.19,14.48
625.21,14.44
625.22,14.43
625.24,14.42
625.25,14.42
625.27,14.43
625.29,14.45
625.3,14.47
625.32,14.52
625.34,14.59
625.35,14.63
625.37,14.74
625.39,14.87
625.4,14.94
625.42,15.11
625.44,15.3
625.45,15.41
625.47,15.65
625.49,15.92
625.5,16.07
625.52,16.38
625.54,16.74
625.55,16.93
625.57,17.33
625.59,17.77
625.6,18.0
625.62,18.5
625.63,18.76
625.65,19.31
625.67,19.89
625.68,20.19
625.7,20.83
625.72,21.5
625.73,21.84
625.75,22.56
625.77,23.3
625.78,23.69
625.8,24.47
625.82,25.27
625.83,25.68
625.85,26.52
625.87,27.36
625.88,27.79
625.9,28.65
625.92,29.51
625.93,29.94
625.95,30.79
625.97,31.63
625.98,32.05
626.0,32.87
626.01,33.27
626.03,34.05
626.05,34.81
626.06,35.17
626.08,35.86
626.1,36.5
626.11,36.81
626.13,37.38
626.15,37.88
626.16,38.12
626.18,38.53
626.2,38.87
626.21,39.02
626.23,39.25
626.25,39.4
626.26,39.45
626.28,39.48
626.3,39.43
626.31,39.38
626.33,39.2
626.35,38.94
626.36,38.78
626.38,38.4
626.39,38.18
626.41,37.67
626.43,37.09
626.44,36.77
626.46,36.08
626.48,35.32
626.49,34.91
626.51,34.06
626.53,33.14
626.54,32.67
626.56,31.67
626.58,30.64
626.59,30.11
626.61,29.02
626.63,27.9
626.64,27.33
626.66,26.18
626.68,25.02
626.69,24.44
626.71,23.27
626.72,22.68
626.74,21.51
626.76,20.35
626.77,19.78
626.79,18.64
626.81,17.53
626.82,16.98
626.84,15.91
626.86,14.86
626.87,14.35
626.89,13.36
626.91,12.4
626.92,11.94
626.94,11.04
626.96,10.19
626.97,9.776
626.99,8.985
627.01,8.237
627.02,7.88
627.04,7.197
627.06,6.556
627.07,6.252
627.09,5.675
627.1,5.401
627.12,4.884
627.14,4.405
627.15,4.18
627.17,3.757
627.19,3.368
627.2,3.186
627.22,2.846
627.24,2.536
627.25,2.392
627.27,2.123
627.29,1.881
627.3,1.769
627.32,1.561
627.34,1.375
627.35,1.29
627.37,1.132
627.39,0.9916
627.4,0.9273
627.42,0.8098
627.44,0.7058
627.45,0.6585
627.47,0.5725
627.48,0.5335
627.5,0.4628
627.52,0.4011
627.53,0.3733
627.55,0.3233
627.57,0.2801
627.58,0.2608
627.6,0.2264
627.62,0.1972
627.63,0.1843
627.65,0.1617
627.67,0.143
627.68,0.135
627.7,0.1213
627.72,0.1107
627.73,0.1063
627.75,0.09965
627.77,0.09533
627.78,0.09401
627.8,0.09296
627.82,0.09392
627.83,0.09513
627.85,0.09895
627.86,0.1015
627.88,0.1081
627.9,0.1164
627.91,0.1213
627.93,0.1323
627.95,0.1451
627.96,0.1521
627.98,0.1676
628.0,0.185
628.01,0.1944
628.03,0.2146
628.05,0.2367
628.06,0.2485
628.08,0.2736
628.1,0.3006
628.11,0.3149
628.13,0.3451
628.15,0.3772
628.16,0.394
628.18,0.4292
628.19,0.4476
628.21,0.4857
628.23,0.5258
628.24,0.5466
628.26,0.5894
628.28,0.634
628.29,0.6569
628.31,0.7039
628.33,0.7522
628.34,0.7769
628.36,0.8271
628.38,0.8784
628.39,0.9043
628.41,0.9567
628.43,1.01
628.44,1.036
628.46,1.09
628.48,1.143
628.49,1.169
628.51,1.222
628.53,1.274
628.54,1.3
628.56,1.351
628.57,1.376
628.59,1.425
628.61,1.472
628.62,1.495
628.64,1.54
628.66,1.583
628.67,1.604
628.69,1.643
628.71,1.681
628.72,1.699
628.74,1.733
628.76,1.765
628.77,1.78
628.79,1.808
628.81,1.834
628.82,1.847
628.84,1.87
628.86,1.891
628.87,1.901
628.89,1.92
628.91,1.937
628.92,1.946
628.94,1.962
628.95,1.97
628.97,1.986
628.99,2.002
629.0,2.011
629.02,2.029
629.04,2.048
629.05,2.059
629.07,2.083
629.09,2.11
629.1,2.125
629.12,2.159
629.14,2.199
629.15,2.221
629.17,2.271
629.19,2.329
629.2,2.361
629.22,2.434
629.24,2.518
629.25,2.564
629.27,2.666
629.28,2.723
629.3,2.847
629.32,2.988
629.33,3.065
629.35,3.232
629.37,3.42
629.38,3.521
629.4,3.741
629.42,3.983
629.43,4.113
629.45,4.393
629.47,4.698
629.48,4.861
629.5,5.207
629.52,5.582
629.53,5.78
629.55,6.199
629.57,6.647
629.58,6.883
629.6,7.376
629.62,7.898
629.63,8.17
629.65,8.736
629.66,9.03
629.68,9.637
629.7,10.27
629.71,10.6
629.73,11.26
629.75,11.95
629.76,12.3
629.78,13.02
629.8,13.75
629.81,14.12
629.83,14.86
629.85,15.61
629.86,15.98
629.88,16.73
629.9,17.47
629.91,17.84
629.93,18.56
629.95,19.27
629.96,19.62
629.98,20.29
630.0,20.93
630.01,21.24
630.03,21.83
630.04,22.11
630.06,22.64
630.08,23.13
630.09,23.35
630.11,23.76
630.13,24.11
630.14,24.27
630.16,24.53
630.18,24.73
630.19,24.81
630.21,24.92
630.23,24.96
630.24,24.96
630.26,24.91
630.28,24.79
630.29,24.71
630.31,24.49
630.33,24.22
630.34,24.06
630.36,23.7
630.38,23.28
630.39,23.05
630.41,22.56
630.42,22.3
630.44,21.73
630.46,21.13
630.47,20.82
630.49,20.17
630.51,19.48
630.52,19.13
630.54,18.42
630.56,17.68
630.57,17.31
630.59,16.56
630.61,15.81
630.62,15.43
630.64,14.68
630.66,13.93
630.67,13.56
630.69,12.83
630.71,12.12
630.72,11.77
630.74,11.08
630.75,10.75
630.77,10.1
630.79,9.475
630.8,9.175
630.82,8.597
630.84,8.051
630.85,7.79
630.87,7.294
630.89,6.833
630.9,6.615
630.92,6.206
630.94,5.833
630.95,5.66
630.97,5.339
630.99,5.054
631.0,4.924
631.02,4.69
631.04,4.489
631.05,4.4
631.07,4.247
631.09,4.124
631.1,4.074
631.12,3.994
631.13,3.965
631.15,3.925
631.17,3.91
631.18,3.912
631.2,3.931
631.22,3.971
631.23,3.999
631.25,4.067
631.27,4.152
631.28,4.2
631.3,4.307
631.32,4.426
631.33,4.49
631.35,4.625
631.37,4.768
631.38,4.842
631.4,4.995
631.42,5.152
631.43,5.232
631.45,5.392
631.47,5.554
631.48,5.634
631.5,5.793
631.51,5.872
631.53,6.026
631.55,6.176
631.56,6.248
631.58,6.388
631.6,6.52
631.61,6.583
631.63,6.701
631.65,6.809
631.66,6.858
631.68,6.949
631.7,7.027
631.71,7.061
631.73,7.119
631.75,7.163
631.76,7.18
631.78,7.203
631.8,7.211
631.81,7.209
631.83,7.195
631.85,7.166
631.86,7.145
631.88,7.094
631.89,7.062
631.91,6.989
631.93,6.901
631.94,6.853
631.96,6.745
631.98,6.625
631.99,6.56
632.01,6.422
632.03,6.273
632.04,6.194
632.06,6.03
632.08,5.858
632.09,5.769
632.11,5.585
632.13,5.394
632.14,5.297
632.16,5.099
632.18,4.897
632.19,4.795
632.21,4.59
632.22,4.487
632.24,4.28
632.26,4.073
632.27,3.97
632.29,3.765
632.31,3.563
632.32,3.463
632.34,3.265
632.36,3.073
632.37,2.978
632.39,2.794
632.41,2.615
632.42,2.528
632.44,2.36
632.46,2.199
632.47,2.121
632.49,1.972
632.51,1.831
632.52,1.764
632.54,1.637
632.56,1.519
632.57,1.463
632.59,1.359
632.6,1.311
632.62,1.222
632.64,1.143
632.65,1.108
632.67,1.045
632.69,0.9926
632.7,0.9705
632.72,0.9349
632.74,0.9107
632.75,0.9029
632.77,0.8965
632.79,0.9024
632.8,0.9101
632.82,0.9352
632.84,0.9738
632.85,0.9982
632.87,1.058
632.89,1.132
632.9,1.175
632.92,1.273
632.94,1.387
632.95,1.45
632.97,1.589
632.98,1.666
633.0,1.832
633.02,2.018
633.03,2.118
633.05,2.333
633.07,2.568
633.08,2.694
633.1,2.96
633.12,3.248
633.13,3.401
633.15,3.721
633.17,4.064
633.18,4.243
633.2,4.618
633.22,5.015
633.23,5.221
633.25,5.649
633.27,6.097
633.28,6.328
633.3,6.804
633.32,7.297
633.33,7.55
633.35,8.066
633.36,8.329
633.38,8.865
633.4,9.412
633.41,9.689
633.43,10.25
633.45,10.81
633.46,11.09
633.48,11.66
633.5,12.23
633.51,12.51
633.53,13.07
633.55,13.63
633.56,13.9
633.58,14.45
633.6,14.98
633.61,15.24
633.63,15.75
633.65,16.25
633.66,16.49
633.68,16.97
633.69,17.2
633.71,17.66
633.73,18.1
633.74,18.32
633.76,18.74
633.78,19.15
633.79,19.36
633.81,19.77
633.83,20.18
633.84,20.39
633.86,20.81
633.88,21.25
633.89,21.47
633.91,21.95
633.93,22.45
633.94,22.72
633.96,23.29
633.98,23.92
633.99,24.26
634.01,24.99
634.03,25.8
634.04,26.24
634.06,27.19
634.07,27.7
634.09,28.82
634.11,30.05
634.12,30.72
634.14,32.16
634.16,33.74
634.17,34.59
634.19,36.4
634.21,38.38
634.22,39.43
634.24,41.67
634.26,44.07
634.27,45.35
634.29,48.02
634.31,50.87
634.32,52.36
634.34,55.47
634.36,58.74
634.37,60.44
634.39,63.95
634.41,67.6
634.42,69.48
634.44,73.32
634.45,75.28
634.47,79.27
634.49,83.34
634.5,85.4
634.52,89.55
634.54,93.71
634.55,95.8
634.57,99.96
634.59,104.1
634.6,106.1
634.62,110.1
634.64,114.0
634.65,115.9
634.67,119.6
634.69,123.1
634.7,124.7
634.72,127.9
634.74,130.8
634.75,132.2
634.77,134.7
634.79,136.9
634.8,137.9
634.82,139.7
634.83,140.4
634.85,141.7
634.87,142.5
634.88,142.8
634.9,143.2
634.92,143.1
634.93,143.0
634.95,142.4
634.97,141.4
634.98,140.8
635.0,139.4
635.02,137.6
635.03,136.5
635.05,134.2
635.07,131.7
635.08,130.3
635.1,127.3
635.12,124.1
635.13,122.4
635.15,118.9
635.16,117.0
635.18,113.2
635.2,109.3
635.21,107.3
635.23,103.2
635.25,99.02
635.26,96.92
635.28,92.69
635.3,88.44
635.31,86.32
635.33,82.11
635.35,77.93
635.36,75.86
635.38,71.78
635.4,67.79
635.41,65.83
635.43,61.99
635.45,58.28
635.46,56.47
635.48,52.95
635.5,49.58
635.51,47.95
635.53,44.8
635.54,43.28
635.56,40.36
635.58,37.6
635.59,36.27
635.61,33.74
635.63,31.36
635.64,30.23
635.66,28.08
635.68,26.07
635.69,25.11
635.71,23.31
635.73,21.64
635.74,20.85
635.76,19.36
635.78,17.98
635.79,17.33
635.81,16.12
635.83,15.0
635.84,14.48
635.86,13.5
635.88,12.61
635.89,12.19
635.91,11.41
635.92,11.04
635.94,10.36
635.96,9.748
635.97,9.462
635.99,8.934
636.01,8.459
636.02,8.241
636.04,7.841
636.06,7.488
636.07,7.329
636.09,7.044
636.11,6.802
636.12,6.697
636.14,6.518
636.16,6.382
636.17,6.331
636.19,6.259
636.21,6.232
636.22,6.235
636.24,6.276
636.26,6.364
636.27,6.427
636.29,6.592
636.3,6.694
636.32,6.94
636.34,7.244
636.35,7.419
636.37,7.815
636.39,8.278
636.4,8.535
636.42,9.103
636.44,9.746
636.45,10.1
636.47,10.86
636.49,11.7
636.5,12.16
636.52,13.13
636.54,14.2
636.55,14.77
636.57,15.98
636.59,17.28
636.6,17.97
636.62,19.43
636.63,20.19
636.65,21.79
636.67,23.49
636.68,24.38
636.7,26.22
636.72,28.16
636.73,29.16
636.75,31.23
636.77,33.38
636.78,34.49
636.8,36.75
636.82,39.08
636.83,40.26
636.85,42.67
636.87,45.12
636.88,46.35
636.9,48.84
636.92,51.33
636.93,52.58
636.95,55.06
636.97,57.52
636.98,58.73
637.0,61.13
637.01,62.3
637.03,64.59
637.05,66.8
637.06,67.86
637.08,69.91
637.1,71.83
637.11,72.74
637.13,74.45
637.15,76.01
637.16,76.72
637.18,78.01
637.2,79.11
637.21,79.59
637.23,80.4
637.25,81.01
637.26,81.23
637.28,81.52
637.3,81.59
637.31,81.55
637.33,81.3
637.35,80.84
637.36,80.53
637.38,79.75
637.39,79.29
637.41,78.22
637.43,76.97
637.44,76.27
637.46,74.75
637.48,73.08
637.49,72.19
637.51,70.3
637.53,68.28
637.54,67.24
637.56,65.07
637.58,62.81
637.59,61.66
637.61,59.31
637.63,56.91
637.64,55.7
637.66,53.27
637.68,50.83
637.69,49.61
637.71,47.2
637.73,44.81
637.74,43.63
637.76,41.31
637.77,40.18
637.79,37.95
637.81,35.8
637.82,34.76
637.84,32.74
637.86,30.81
637.87,29.89
637.89,28.11
637.91,26.45
637.92,25.65
637.94,24.15
637.96,22.75
637.97,22.09
637.99,20.86
638.01,19.74
638.02,19.22
638.04,18.25
638.06,17.39
638.07,16.99
638.09,16.27
638.1,15.95
638.12,15.36
638.14,14.85
638.15,14.63
638.17,14.24
638.19,13.91
638.2,13.77
638.22,13.53
638.24,13.35
638.25,13.27
638.27,13.15
638.29,13.06
638.3,13.03
638.32,12.99
638.34,12.97
638.35,12.96
638.37,12.96
638.39,12.97
638.4,12.97
638.42,12.98
638.44,12.99
638.45,13.0
638.47,13.0
638.48,12.99
638.5,12.98
638.52,12.95
638.53,12.93
638.55,12.87
638.57,12.8
638.58,12.76
638.6,12.67
638.62,12.55
638.63,12.49
638.65,12.35
638.67,12.19
638.68,12.1
638.7,11.92
638.72,11.73
638.73,11.63
638.75,11.42
638.77,11.2
638.78,11.09
638.8,10.86
638.82,10.63
638.83,10.51
638.85,10.29
638.86,10.17
638.88,9.953
638.9,9.739
638.91,9.636
638.93,9.44
638.95,9.257
638.96,9.172
638.98,9.014
639.0,8.877
639.01,8.817
639.03,8.713
639.05,8.634
639.06,8.605
639.08,8.566
639.1,8.557
639.11,8.564
639.13,8.601
639.15,8.671
639.16,8.718
639.18,8.839
639.19,8.912
639.21,9.086
639.23,9.297
639.24,9.417
639.26,9.684
639.28,9.991
639.29,10.16
639.31,10.53
639.33,10.93
639.34,11.15
639.36,11.63
639.38,12.14
639.39,12.41
639.41,12.99
639.43,13.62
639.44,13.95
639.46,14.64
639.48,15.38
639.49,15.76
639.51,16.57
639.53,17.42
639.54,17.87
639.56,18.79
639.57,19.27
639.59,20.26
639.61,21.29
639.62,21.82
639.64,22.91
639.66,24.05
639.67,24.63
639.69,25.81
639.71,27.03
639.72,27.65
639.74,28.91
639.76,30.19
639.77,30.83
639.79,32.14
639.81,33.45
639.82,34.11
639.84,35.42
639.86,36.73
639.87,37.37
639.89,38.66
639.91,39.92
639.92,40.54
639.94,41.75
639.95,42.34
639.97,43.49
639.99,44.58
640.0,45.11
640.02,46.11
640.04,47.05
640.05,47.49
640.07,48.32
640.09,49.07
640.1,49.41
640.12,50.03
640.14,50.56
640.15,50.79
640.17,51.19
640.19,51.49
640.2,51.61
640.22,51.78
640.24,51.86
640.25,51.87
640.27,51.83
640.29,51.71
640.3,51.63
640.32,51.4
640.33,51.26
640.35,50.95
640.37,50.58
640.38,50.38
640.4,49.95
640.42,49.49
640.43,49.25
640.45,48.76
640.47,48.26
640.48,48.01
640.5,47.53
640.52,47.05
640.53,46.82
640.55,46.39
640.57,45.99
640.58,45.81
640.6,45.47
640.62,45.2
640.63,45.08
640.65,44.89
640.66,44.82
640.68,44.72
640.7,44.7
640.71,44.71
640.73,44.79
640.75,44.94
640.76,45.03
640.78,45.28
640.8,45.59
640.81,45.77
640.83,46.16
640.85,46.6
640.86,46.84
640.88,47.35
640.9,47.89
640.91,48.17
640.93,48.75
640.95,49.33
640.96,49.63
640.98,50.22
641.0,50.79
641.01,51.07
641.03,51.61
641.04,51.87
641.06,52.36
641.08,52.79
641.09,52.99
641.11,53.34
641.13,53.62
641.14,53.74
641.16,53.91
641.18,53.99
641.19,54.0
641.21,53.96
641.23,53.82
641.24,53.71
641.26,53.43
641.28,53.06
641.29,52.83
641.31,52.31
641.33,51.7
641.34,51.36
641.36,50.61
641.38,49.78
641.39,49.33
641.41,48.38
641.42,47.88
641.44,46.83
641.46,45.71
641.47,45.13
641.49,43.94
641.51,42.7
641.52,42.07
641.54,40.79
641.56,39.48
641.57,38.82
641.59,37.5
641.61,36.17
641.62,35.5
641.64,34.18
641.66,32.88
641.67,32.23
641.69,30.96
641.71,29.72
641.72,29.11
641.74,27.92
641.76,26.77
641.77,26.21
641.79,25.12
641.8,24.6
641.82,23.58
641.84,22.62
641.85,22.15
641.87,21.26
641.89,20.42
641.9,20.02
641.92,19.25
641.94,18.53
641.95,18.19
641.97,17.53
641.99,16.92
642.0,16.62
642.02,16.06
642.04,15.54
642.05,15.29
642.07,14.81
642.09,14.36
642.1,14.15
642.12,13.73
642.13,13.53
642.15,13.14
642.17,12.77
642.18,12.58
642.2,12.23
642.22,11.89
642.23,11.72
642.25,11.38
642.27,11.06
642.28,10.9
642.3,10.58
642.32,10.27
642.33,10.11
642.35,9.807
642.37,9.506
642.38,9.358
642.4,9.068
642.42,8.785
642.43,8.648
642.45,8.381
642.47,8.127
642.48,8.006
642.5,7.778
642.51,7.672
642.53,7.477
642.55,7.31
642.56,7.238
642.58,7.121
642.6,7.045
642.61,7.024
642.63,7.021
642.65,7.077
642.66,7.13
642.68,7.292
642.7,7.537
642.71,7.695
642.73,8.089
642.75,8.6
642.76,8.904
642.78,9.622
642.8,10.5
642.81,11.01
642.83,12.17
642.85,13.56
642.86,14.35
642.88,16.12
642.89,17.12
642.91,19.36
642.93,21.96
642.94,23.4
642.96,26.62
642.98,30.31
642.99,32.34
643.01,36.84
643.03,41.94
643.04,44.74
643.06,50.88
643.08,57.8
643.09,61.58
643.11,69.8
643.13,78.98
643.14,83.96
643.16,94.74
643.18,106.7
643.19,113.1
643.21,127.0
643.23,142.3
643.24,150.4
643.26,167.9
643.27,177.3
643.29,197.2
643.31,218.8
643.32,230.3
643.34,254.6
643.36,280.7
643.37,294.5
643.39,323.6
643.41,354.6
643.42,370.8
643.44,404.8
643.46,440.8
643.47,459.5
643.49,498.3
643.51,539.1
643.52,560.2
643.54,603.6
643.56,648.7
643.57,671.8
643.59,719.1
643.6,743.3
643.62,792.5
643.64,842.8
643.65,868.2
643.67,919.6
643.69,971.5
643.7,997.5
643.72,1050.0
643.74,1101.0
643.75,1127.0
643.77,1178.0
643.79,1228.0
643.8,1253.0
643.82,1300.0
643.84,1347.0
643.85,1369.0
643.87,1412.0
643.89,1452.0
643.9,1471.0
643.92,1507.0
643.94,1540.0
643.95,1555.0
643.97,1583.0
643.98,1595.0
644.0,1617.0
644.02,1634.0
644.03,1642.0
644.05,1653.0
644.07,1660.0
644.08,1662.0
644.1,1662.0
644.12,1658.0
644.13,1655.0
644.15,1644.0
644.17,1630.0
644.18,1621.0
644.2,1600.0
644.22,1575.0
644.23,1562.0
644.25,1532.0
644.27,1499.0
644.28,1481.0
644.3,1443.0
644.32,1403.0
644.33,1382.0
644.35,1339.0
644.36,1317.0
644.38,1271.0
644.4,1224.0
644.41,1200.0
644.43,1151.0
644.45,1102.0
644.46,1077.0
644.48,1028.0
644.5,979.3
644.51,955.0
644.53,907.0
644.55,859.8
644.56,836.7
644.58,791.2
644.6,747.2
644.61,725.8
644.63,684.2
644.65,644.3
644.66,625.1
644.68,588.1
644.7,553.0
644.71,536.2
644.73,504.2
644.74,489.0
644.76,460.0
644.78,433.1
644.79,420.4
644.81,396.5
644.83,374.4
644.84,364.1
644.86,344.8
644.88,327.3
644.89,319.1
644.91,304.0
644.93,290.3
644.94,284.1
644.96,272.4
644.98,262.1
644.99,257.3
645.01,248.6
645.03,240.8
645.04,237.2
645.06,230.7
645.07,227.7
645.09,222.3
645.11,217.5
645.12,215.3
645.14,211.2
645.16,207.6
645.17,205.9
645.19,202.9
645.21,200.2
645.22,198.9
645.24,196.6
645.26,194.6
645.27,193.8
645.29,192.2
645.31,190.9
645.32,190.3
645.34,189.5
645.36,189.0
645.37,188.8
645.39,188.9
645.41,189.4
645.42,189.8
645.44,191.1
645.45,191.9
645.47,194.1
645.49,196.9
645.5,198.6
645.52,202.5
645.54,207.3
645.55,210.1
645.57,216.3
645.59,223.5
645.6,227.6
645.62,236.5
645.64,246.6
645.65,252.1
645.67,264.1
645.69,277.5
645.7,284.7
645.72,300.1
645.74,317.0
645.75,326.0
645.77,345.1
645.79,365.6
645.8,376.4
645.82,399.2
645.83,411.1
645.85,436.0
645.87,462.2
645.88,475.9
645.9,504.1
645.92,533.5
645.93,548.6
645.95,579.6
645.97,611.6
645.98,627.8
646.0,660.9
646.02,694.5
646.03,711.5
646.05,745.6
646.07,779.9
646.08,797.0
646.1,831.0
646.12,864.6
646.13,881.2
646.15,913.9
646.17,945.6
646.18,961.0
646.2,990.9
646.21,1005.0
646.23,1033.0
646.25,1059.0
646.26,1071.0
646.28,1094.0
646.3,1114.0
646.31,1124.0
646.33,1140.0
646.35,1155.0
646.36,1161.0
646.38,1171.0
646.4,1178.0
646.41,1181.0
646.43,1184.0
646.45,1184.0
646.46,1183.0
646.48,1179.0
646.5,1172.0
646.51,1167.0
646.53,1156.0
646.54,1149.0
646.56,1134.0
646.58,1116.0
646.59,1106.0
646.61,1085.0
646.63,1062.0
646.64,1050.0
646.66,1024.0
646.68,996.2
646.69,981.9
646.71,952.5
646.73,922.0
646.74,906.4
646.76,874.8
646.78,842.6
646.79,826.4
646.81,793.9
646.83,761.3
646.84,745.1
646.86,712.9
646.88,681.1
646.89,665.4
646.91,634.5
646.92,619.4
646.94,589.7
646.96,561.0
646.97,547.0
646.99,519.8
647.01,493.7
647.02,481.2
647.04,456.9
647.06,433.8
647.07,422.7
647.09,401.4
647.11,381.4
647.12,371.8
647.14,353.5
647.16,336.4
647.17,328.2
647.19,312.7
647.21,298.2
647.22,291.3
647.24,278.2
647.26,265.9
647.27,260.1
647.29,249.0
647.3,243.7
647.32,233.6
647.34,224.1
647.35,219.5
647.37,210.8
647.39,202.5
647.4,198.5
647.42,190.8
647.44,183.4
647.45,179.8
647.47,172.8
647.49,166.0
647.5,162.6
647.52,156.1
647.54,149.7
647.55,146.6
647.57,140.4
647.59,134.3
647.6,131.3
647.62,125.3
647.64,119.5
647.65,116.6
647.67,110.9
647.68,108.1
647.7,102.5
647.72,97.08
647.73,94.39
647.75,89.11
647.77,83.95
647.78,81.42
647.8,76.47
647.82,71.66
647.83,69.31
647.85,64.74
647.87,60.33
647.88,58.19
647.9,54.04
647.92,50.08
647.93,48.16
647.95,44.48
647.97,40.99
647.98,39.32
648.0,36.12
648.01,34.59
648.03,31.69
648.05,28.99
648.06,27.71
648.08,25.29
648.1,23.08
648.11,22.04
648.13,20.11
648.15,18.37
648.16,17.57
648.18,16.11
648.2,14.84
648.21,14.28
648.23,13.28
648.25,12.48
648.26,12.15
648.28,11.63
648.3,11.31
648.31,11.22
648.33,11.2
648.35,11.39
648.36,11.57
648.38,12.1
648.39,12.45
648.41,13.34
648.43,14.5
648.44,15.18
648.46,16.77
648.48,18.66
648.49,19.74
648.51,22.15
648.53,24.94
648.54,26.49
648.56,29.9
648.58,33.76
648.59,35.88
648.61,40.49
648.63,45.65
648.64,48.45
648.66,54.49
648.68,61.18
648.69,64.78
648.71,72.49
648.73,80.95
648.74,85.46
648.76,95.09
648.77,100.2
648.79,111.1
648.81,122.9
648.82,129.1
648.84,142.2
648.86,156.2
648.87,163.6
648.89,179.1
648.91,195.5
648.92,204.1
648.94,221.9
648.96,240.7
648.97,250.5
648.99,270.6
649.01,291.6
649.02,302.4
649.04,324.7
649.06,347.6
649.07,359.3
649.09,383.3
649.11,407.7
649.12,420.1
649.14,445.2
649.15,457.9
649.17,483.4
649.19,509.0
649.2,521.8
649.22,547.3
649.24,572.6
649.25,585.2
649.27,609.9
649.29,634.1
649.3,645.9
649.32,669.0
649.34,691.2
649.35,701.9
649.37,722.5
649.39,741.9
649.4,751.0
649.42,768.3
649.44,784.1
649.45,791.3
649.47,804.6
649.48,810.6
649.5,821.3
649.52,830.1
649.53,833.8
649.55,839.8
649.57,843.9
649.58,845.2
649.6,846.3
649.62,845.6
649.63,844.5
649.65,840.9
649.67,835.5
649.68,832.1
649.7,824.0
649.72,814.3
649.73,808.9
649.75,796.8
649.77,783.4
649.78,776.1
649.8,760.7
649.82,744.2
649.83,735.5
649.85,717.5
649.86,708.1
649.88,688.8
649.9,668.8
649.91,658.6
649.93,637.9
649.95,616.7
649.96,606.1
649.98,584.5
650.0,562.9
650.01,552.1
650.03,530.4
650.05,508.9
650.06,498.2
650.08,477.0
650.1,456.0
650.11,445.7
650.13,425.2
650.15,405.3
650.16,395.4
650.18,376.2
650.2,357.4
650.21,348.2
650.23,330.3
650.24,321.5
650.26,304.4
650.28,288.0
650.29,279.9
650.31,264.3
650.33,249.3
650.34,242.1
650.36,228.0
650.38,214.5
650.39,207.9
650.41,195.3
650.43,183.2
650.44,177.4
650.46,166.2
650.48,155.5
650.49,150.3
650.51,140.4
650.53,131.0
650.54,126.5
650.56,117.8
650.57,113.6
650.59,105.7
650.61,98.13
650.62,94.52
650.64,87.63
650.66,81.16
650.67,78.07
650.69,72.17
650.71,66.66
650.72,64.03
650.74,59.05
650.76,54.4
650.77,52.2
650.79,48.03
650.81,44.16
650.82,42.33
650.84,38.88
650.86,35.7
650.87,34.2
650.89,31.38
650.91,28.8
650.92,27.59
650.94,25.32
650.95,24.26
650.97,22.28
650.99,20.48
651.0,19.64
651.02,18.08
651.04,16.67
651.05,16.02
651.07,14.81
651.09,13.73
651.1,13.23
651.12,12.31
651.14,11.49
651.15,11.12
651.17,10.43
651.19,9.834
651.2,9.562
651.22,9.072
651.24,8.649
651.25,8.462
651.27,8.13
651.29,7.855
651.3,7.737
651.32,7.538
651.33,7.457
651.35,7.327
651.37,7.241
651.38,7.214
651.4,7.188
651.42,7.2
651.43,7.219
651.45,7.285
651.47,7.383
651.48,7.444
651.5,7.59
651.52,7.765
651.53,7.864
651.55,8.08
651.57,8.323
651.58,8.453
651.6,8.731
651.62,9.029
651.63,9.186
651.65,9.513
651.67,9.855
651.68,10.03
651.7,10.39
651.71,10.58
651.73,10.95
651.75,11.34
651.76,11.53
651.78,11.91
651.8,12.29
651.81,12.48
651.83,12.86
651.85,13.22
651.86,13.4
651.88,13.75
651.9,14.07
651.91,14.23
651.93,14.53
651.95,14.8
651.96,14.93
651.98,15.16
652.0,15.36
652.01,15.45
652.03,15.6
652.04,15.66
652.06,15.76
652.08,15.83
652.09,15.84
652.11,15.85
652.13,15.82
652.14,15.79
652.16,15.7
652.18,15.57
652.19,15.49
652.21,15.31
652.23,15.09
652.24,14.97
652.26,14.7
652.28,14.4
652.29,14.24
652.31,13.89
652.33,13.52
652.34,13.33
652.36,12.92
652.38,12.5
652.39,12.28
652.41,11.83
652.42,11.6
652.44,11.14
652.46,10.66
652.47,10.42
652.49,9.942
652.51,9.46
652.52,9.219
652.54,8.739
652.56,8.263
652.57,8.028
652.59,7.564
652.61,7.11
652.62,6.887
652.64,6.451
652.66,6.029
652.67,5.824
652.69,5.425
652.71,5.044
652.72,4.86
652.74,4.506
652.76,4.17
652.77,4.01
652.79,3.703
652.8,3.557
652.82,3.279
652.84,3.021
652.85,2.899
652.87,2.67
652.89,2.459
652.9,2.36
652.92,2.177
652.94,2.011
652.95,1.934
652.97,1.793
652.99,1.668
653.0,1.611
653.02,1.508
653.04,1.419
653.05,1.38
653.07,1.31
653.09,1.252
653.1,1.227
653.12,1.185
653.14,1.153
653.15,1.141
653.17,1.122
653.18,1.116
653.2,1.109
653.22,1.109
653.23,1.112
653.25,1.121
653.27,1.135
653.28,1.144
653.3,1.165
653.32,1.189
653.33,1.203
653.35,1.232
653.37,1.264
653.38,1.28
653.4,1.315
653.42,1.351
653.43,1.369
653.45,1.407
653.47,1.445
653.48,1.464
653.5,1.502
653.51,1.521
653.53,1.559
653.55,1.597
653.56,1.615
653.58,1.652
653.6,1.688
653.61,1.706
653.63,1.74
653.65,1.774
653.66,1.79
653.68,1.822
653.7,1.854
653.71,1.869
653.73,1.9
653.75,1.929
653.76,1.944
653.78,1.973
653.8,2.002
653.81,2.016
653.83,2.045
653.85,2.075
653.86,2.09
653.88,2.121
653.89,2.136
653.91,2.169
653.93,2.203
653.94,2.221
653.96,2.258
653.98,2.297
653.99,2.318
654.01,2.362
654.03,2.409
654.04,2.433
654.06,2.486
654.08,2.542
654.09,2.572
654.11,2.634
654.13,2.702
654.14,2.737
654.16,2.811
654.18,2.89
654.19,2.932
654.21,3.018
654.23,3.11
654.24,3.157
654.26,3.256
654.27,3.307
654.29,3.412
654.31,3.522
654.32,3.578
654.34,3.694
654.36,3.813
654.37,3.873
654.39,3.996
654.41,4.122
654.42,4.185
654.44,4.313
654.46,4.441
654.47,4.506
654.49,4.634
654.51,4.762
654.52,4.826
654.54,4.952
654.56,5.075
654.57,5.136
654.59,5.256
654.61,5.372
654.62,5.428
654.64,5.538
654.65,5.592
654.67,5.695
654.69,5.793
654.7,5.841
654.72,5.932
654.74,6.019
654.75,6.06
654.77,6.14
654.79,6.216
654.8,6.252
654.82,6.322
654.84,6.389
654.85,6.422
654.87,6.486
654.89,6.549
654.9,6.58
654.92,6.643
654.94,6.707
654.95,6.74
654.97,6.808
654.98,6.843
655.0,6.918
655.02,6.998
655.03,7.04
655.05,7.13
655.07,7.228
655.08,7.281
655.1,7.393
655.12,7.515
655.13,7.581
655.15,7.72
655.17,7.871
655.18,7.951
655.2,8.12
655.22,8.302
655.23,8.398
655.25,8.598
655.27,8.811
655.28,8.922
655.3,9.152
655.32,9.393
655.33,9.517
655.35,9.772
655.36,9.903
655.38,10.17
655.4,10.45
655.41,10.58
655.43,10.87
655.45,11.15
655.46,11.29
655.48,11.58
655.5,11.86
655.51,12.01
655.53,12.29
655.55,12.56
655.56,12.7
655.58,12.96
655.6,13.21
655.61,13.34
655.63,13.57
655.65,13.8
655.66,13.9
655.68,14.11
655.7,14.29
655.71,14.38
655.73,14.54
655.74,14.62
655.76,14.75
655.78,14.87
655.79,14.92
655.81,15.0
655.83,15.07
655.84,15.1
655.86,15.14
655.88,15.17
655.89,15.17
655.91,15.17
655.93,15.15
655.94,15.13
655.96,15.09
655.98,15.04
655.99,15.01
656.01,14.93
656.03,14.85
656.04,14.81
656.06,14.71
656.08,14.61
656.09,14.56
656.11,14.45
656.12,14.4
656.14,14.29
656.16,14.17
656.17,14.12
656.19,14.01
656.21,13.91
656.22,13.86
656.24,13.77
656.26,13.68
656.27,13.64
656.29,13.57
656.31,13.51
656.32,13.49
656.34,13.45
656.36,13.42
656.37,13.42
656.39,13.41
656.41,13.42
656.42,13.44
656.44,13.47
656.45,13.5
656.47,13.56
656.49,13.64
656.5,13.68
656.52,13.78
656.54,13.89
656.55,13.96
656.57,14.09
656.59,14.24
656.6,14.32
656.62,14.48
656.64,14.65
656.65,14.74
656.67,14.91
656.69,15.1
656.7,15.19
656.72,15.37
656.74,15.55
656.75,15.64
656.77,15.81
656.79,15.97
656.8,16.05
656.82,16.19
656.83,16.26
656.85,16.38
656.87,16.48
656.88,16.53
656.9,16.6
656.92,16.65
656.93,16.66
656.95,16.67
656.97,16.66
656.98,16.64
657.0,16.58
657.02,16.49
657.03,16.44
657.05,16.31
657.07,16.14
657.08,16.05
657.1,15.85
657.12,15.61
657.13,15.48
657.15,15.2
657.17,14.9
657.18,14.73
657.2,14.39
657.21,14.21
657.23,13.84
657.25,13.44
657.26,13.23
657.28,12.81
657.3,12.37
657.31,12.15
657.33,11.7
657.35,11.23
657.36,11.0
657.38,10.53
657.4,10.05
657.41,9.812
657.43,9.336
657.45,8.862
657.46,8.627
657.48,8.16
657.5,7.701
657.51,7.474
657.53,7.029
657.55,6.595
657.56,6.382
657.58,5.967
657.59,5.764
657.61,5.371
657.63,4.992
657.64,4.809
657.66,4.455
657.68,4.118
657.69,3.956
657.71,3.644
657.73,3.35
657.74,3.21
657.76,2.941
657.78,2.69
657.79,2.571
657.81,2.345
657.83,2.135
657.84,2.036
657.86,1.849
657.88,1.678
657.89,1.597
657.91,1.446
657.92,1.376
657.94,1.245
657.96,1.127
657.97,1.072
657.99,0.9703
658.01,0.8794
658.02,0.8377
658.04,0.7615
658.06,0.6943
658.07,0.6639
658.09,0.609
658.11,0.5617
658.12,0.5407
658.14,0.5037
658.16,0.473
658.17,0.4599
658.19,0.438
658.21,0.4214
658.22,0.415
658.24,0.4059
658.26,0.4015
658.27,0.401
658.29,0.4034
658.3,0.4062
658.32,0.4151
658.34,0.4284
658.35,0.4366
658.37,0.4564
658.39,0.4807
658.4,0.4946
658.42,0.526
658.44,0.5623
658.45,0.5824
658.47,0.6268
658.49,0.6768
658.5,0.7042
658.52,0.7636
658.54,0.8298
658.55,0.8656
658.57,0.9428
658.59,1.028
658.6,1.074
658.62,1.172
658.64,1.279
658.65,1.337
658.67,1.459
658.68,1.524
658.7,1.663
658.72,1.813
658.73,1.892
658.75,2.06
658.77,2.241
658.78,2.336
658.8,2.535
658.82,2.748
658.83,2.86
658.85,3.093
658.87,3.339
658.88,3.467
658.9,3.733
658.92,4.013
658.93,4.157
658.95,4.455
658.97,4.765
658.98,4.924
659.0,5.25
659.01,5.417
659.03,5.757
659.05,6.105
659.06,6.282
659.08,6.64
659.1,7.003
659.11,7.186
659.13,7.553
659.15,7.921
659.16,8.105
659.18,8.47
659.2,8.832
659.21,9.01
659.23,9.362
659.25,9.705
659.26,9.873
659.28,10.2
659.3,10.51
659.31,10.66
659.33,10.95
659.35,11.22
659.36,11.35
659.38,11.58
659.39,11.7
659.41,11.9
659.43,12.08
659.44,12.16
659.46,12.3
659.48,12.42
659.49,12.46
659.51,12.53
659.53,12.58
659.54,12.59
659.56,12.59
659.58,12.56
659.59,12.54
659.61,12.47
659.63,12.37
659.64,12.32
659.66,12.18
659.68,12.02
659.69,11.93
659.71,11.73
659.73,11.52
659.74,11.4
659.76,11.15
659.77,11.02
659.79,10.75
659.81,10.46
659.82,10.31
659.84,10.01
659.86,9.689
659.87,9.526
659.89,9.196
659.91,8.859
659.92,8.689
659.94,8.347
659.96,8.002
659.97,7.83
659.99,7.485
660.01,7.142
660.02,6.972
660.04,6.634
660.06,6.302
660.07,6.138
660.09,5.814
660.11,5.498
660.12,5.344
660.14,5.041
660.15,4.893
660.17,4.604
660.19,4.325
660.2,4.19
660.22,3.927
660.24,3.676
660.25,3.554
660.27,3.32
660.29,3.097
660.3,2.99
660.32,2.785
660.34,2.591
660.35,2.499
660.37,2.323
660.39,2.158
660.4,2.079
660.42,1.931
660.44,1.794
660.45,1.73
660.47,1.609
660.48,1.553
660.5,1.448
660.52,1.353
660.53,1.309
660.55,1.23
660.57,1.16
660.58,1.128
660.6,1.073
660.62,1.027
660.63,1.007
660.65,0.9747
660.67,0.9513
660.68,0.943
660.7,0.9328
660.72,0.9313
660.73,0.9337
660.75,0.945
660.77,0.9646
660.78,0.9776
660.8,1.01
660.82,1.05
660.83,1.072
660.85,1.124
660.86,1.153
660.88,1.216
660.9,1.287
660.91,1.325
660.93,1.406
660.95,1.494
660.96,1.54
660.98,1.637
661.0,1.74
661.01,1.794
661.03,1.905
661.05,2.021
661.06,2.081
661.08,2.203
661.1,2.328
661.11,2.392
661.13,2.521
661.15,2.652
661.16,2.718
661.18,2.851
661.2,2.983
661.21,3.049
661.23,3.179
661.24,3.244
661.26,3.371
661.28,3.495
661.29,3.555
661.31,3.672
661.33,3.784
661.34,3.838
661.36,3.94
661.38,4.035
661.39,4.08
661.41,4.163
661.43,4.237
661.44,4.27
661.46,4.33
661.48,4.379
661.49,4.4
661.51,4.434
661.53,4.457
661.54,4.464
661.56,4.47
661.58,4.465
661.59,4.458
661.61,4.436
661.62,4.421
661.64,4.383
661.66,4.335
661.67,4.306
661.69,4.243
661.71,4.17
661.72,4.13
661.74,4.044
661.76,3.949
661.77,3.9
661.79,3.795
661.81,3.684
661.82,3.626
661.84,3.507
661.86,3.384
661.87,3.321
661.89,3.193
661.91,3.063
661.92,2.997
661.94,2.864
661.95,2.798
661.97,2.665
661.99,2.532
662.0,2.466
662.02,2.336
662.04,2.207
662.05,2.144
662.07,2.02
662.09,1.899
662.1,1.84
662.12,1.724
662.14,1.613
662.15,1.559
662.17,1.455
662.19,1.355
662.2,1.308
662.22,1.216
662.24,1.129
662.25,1.087
662.27,1.008
662.29,0.9345
662.3,0.8995
662.32,0.8336
662.33,0.8025
662.35,0.7443
662.37,0.6911
662.38,0.6664
662.4,0.6206
662.42,0.5798
662.43,0.5611
662.45,0.5274
662.47,0.4982
662.48,0.4854
662.5,0.463
662.52,0.4451
662.53,0.4378
662.55,0.4265
662.57,0.4194
662.58,0.4175
662.6,0.4169
662.62,0.4205
662.63,0.4239
662.65,0.4339
662.67,0.4481
662.68,0.4569
662.7,0.4776
662.71,0.4896
662.73,0.5168
662.75,0.5485
662.76,0.5659
662.78,0.6042
662.8,0.647
662.81,0.67
662.83,0.7195
662.85,0.7735
662.86,0.8022
662.88,0.8629
662.9,0.9279
662.91,0.9621
662.93,1.034
662.95,1.109
662.96,1.149
662.98,1.231
663.0,1.316
663.01,1.36
663.03,1.451
663.05,1.544
663.06,1.592
663.08,1.69
663.09,1.739
663.11,1.84
663.13,1.942
663.14,1.993
663.16,2.097
663.18,2.201
663.19,2.252
663.21,2.355
663.23,2.457
663.24,2.507
663.26,2.606
663.28,2.702
663.29,2.749
663.31,2.84
663.33,2.927
663.34,2.968
663.36,3.048
663.38,3.121
663.39,3.155
663.41,3.219
663.42,3.249
663.44,3.302
663.46,3.348
663.47,3.368
663.49,3.402
663.51,3.428
663.52,3.438
663.54,3.45
663.56,3.455
663.57,3.453
663.59,3.445
663.61,3.427
663.62,3.415
663.64,3.385
663.66,3.346
663.67,3.324
663.69,3.274
663.71,3.216
663.72,3.185
663.74,3.117
663.76,3.043
663.77,3.004
663.79,2.921
663.8,2.878
663.82,2.788
663.84,2.695
663.85,2.646
663.87,2.548
663.89,2.447
663.9,2.395
663.92,2.292
663.94,2.187
663.95,2.134
663.97,2.029
663.99,1.924
664.0,1.872
664.02,1.768
664.04,1.667
664.05,1.616
664.07,1.517
664.09,1.421
664.1,1.374
664.12,1.282
664.14,1.193
664.15,1.15
664.17,1.067
664.18,1.026
664.2,0.9483
664.22,0.8741
664.23,0.8385
664.25,0.7703
664.27,0.7059
664.28,0.6753
664.3,0.6168
664.32,0.5622
664.33,0.5363
664.35,0.4873
664.37,0.4419
664.38,0.4205
664.4,0.3802
664.42,0.3433
664.43,0.326
664.45,0.2937
664.47,0.2642
664.48,0.2505
664.5,0.225
664.52,0.2021
664.53,0.1914
664.55,0.1718
664.56,0.1628
664.58,0.1462
664.6,0.1314
664.61,0.1246
664.63,0.1123
664.65,0.1013
664.66,0.09638
664.68,0.08737
664.7,0.07947
664.71,0.0759
664.73,0.06947
664.75,0.06388
664.76,0.06136
664.78,0.05686
664.8,0.05296
664.81,0.05122
664.83,0.04811
664.85,0.04543
664.86,0.04424
664.88,0.04211
664.89,0.04115
664.91,0.03945
664.93,0.03798
664.94,0.03732
664.96,0.03613
664.98,0.03509
664.99,0.03462
665.01,0.03377
665.03,0.03301
665.04,0.03266
665.06,0.03202
665.08,0.03144
665.09,0.03118
665.11,0.03069
665.13,0.03025
665.14,0.03005
665.16,0.0297
665.18,0.02939
665.19,0.02926
665.21,0.02905
665.23,0.02891
665.24,0.02886
665.26,0.02883
665.27,0.02885
665.29,0.02896
665.31,0.02918
665.32,0.02933
665.34,0.02972
665.36,0.03026
665.37,0.03058
665.39,0.03134
665.41,0.03227
665.42,0.03281
665.44,0.03402
665.46,0.03545
665.47,0.03624
665.49,0.038
665.51,0.04001
665.52,0.0411
665.54,0.0435
665.56,0.04618
665.57,0.04763
665.59,0.05076
665.61,0.05421
665.62,0.05605
665.64,0.05999
665.65,0.06209
665.67,0.06656
665.69,0.07139
665.7,0.07395
665.72,0.07934
665.74,0.08513
665.75,0.08817
665.77,0.09456
665.79,0.1013
665.8,0.1049
665.82,0.1123
665.84,0.1201
665.85,0.1242
665.87,0.1327
665.89,0.1415
665.9,0.1461
665.92,0.1556
665.94,0.1655
665.95,0.1706
665.97,0.1811
665.99,0.1919
666.0,0.1975
666.02,0.2089
666.03,0.2148
666.05,0.2267
666.07,0.239
666.08,0.2452
666.1,0.2579
666.12,0.2709
666.13,0.2775
666.15,0.2908
666.17,0.3043
666.18,0.3111
666.2,0.3249
666.22,0.3388
666.23,0.3457
666.25,0.3597
666.27,0.3737
666.28,0.3808
666.3,0.3948
666.32,0.4087
666.33,0.4156
666.35,0.4294
666.36,0.4363
666.38,0.4499
666.4,0.4633
666.41,0.4699
666.43,0.4829
666.45,0.4957
666.46,0.502
666.48,0.5144
666.5,0.5265
666.51,0.5324
666.53,0.544
666.55,0.5554
666.56,0.561
666.58,0.5719
666.6,0.5827
666.61,0.588
666.63,0.5984
666.65,0.6088
666.66,0.6139
666.68,0.6243
666.7,0.6347
666.71,0.64
666.73,0.6508
666.74,0.6563
666.76,0.6678
666.78,0.6799
666.79,0.6862
666.81,0.6996
666.83,0.7141
666.84,0.7218
666.86,0.7383
666.88,0.7566
666.89,0.7665
666.91,0.7878
666.93,0.8115
666.94,0.8243
666.96,0.8522
666.98,0.8832
666.99,0.9001
667.01,0.9365
667.03,0.977
667.04,0.9989
667.06,1.046
667.08,1.098
667.09,1.126
667.11,1.187
667.12,1.219
667.14,1.288
667.16,1.363
667.17,1.403
667.19,1.489
667.21,1.581
667.22,1.63
667.24,1.733
667.26,1.844
667.27,1.902
667.29,2.024
667.31,2.154
667.32,2.222
667.34,2.363
667.36,2.512
667.37,2.589
667.39,2.749
667.41,2.916
667.42,3.001
667.44,3.178
667.46,3.36
667.47,3.453
667.49,3.642
667.5,3.739
667.52,3.934
667.54,4.133
667.55,4.233
667.57,4.434
667.59,4.636
667.6,4.737
667.62,4.938
667.64,5.137
667.65,5.236
667.67,5.43
667.69,5.619
667.7,5.711
667.72,5.89
667.74,6.061
667.75,6.144
667.77,6.301
667.79,6.448
667.8,6.517
667.82,6.645
667.83,6.705
667.85,6.813
667.87,6.907
667.88,6.949
667.9,7.02
667.92,7.075
667.93,7.096
667.95,7.127
667.97,7.14
667.98,7.14
668.0,7.128
668.02,7.099
668.03,7.079
668.05,7.025
668.07,6.956
668.08,6.915
668.1,6.822
668.12,6.716
668.13,6.657
668.15,6.531
668.17,6.393
668.18,6.319
668.2,6.165
668.21,6.085
668.23,5.919
668.25,5.745
668.26,5.657
668.28,5.476
668.3,5.293
668.31,5.201
668.33,5.016
668.35,4.833
668.36,4.742
668.38,4.564
668.4,4.391
668.41,4.307
668.43,4.145
668.45,3.993
668.46,3.921
668.48,3.788
668.5,3.668
668.51,3.614
668.53,3.519
668.55,3.443
668.56,3.413
668.58,3.368
668.59,3.354
668.61,3.345
668.63,3.362
668.64,3.381
668.66,3.441
668.68,3.532
668.69,3.589
668.71,3.73
668.73,3.906
668.74,4.008
668.76,4.242
668.78,4.516
668.79,4.669
668.81,5.008
668.83,5.392
668.84,5.602
668.86,6.058
668.88,6.564
668.89,6.837
668.91,7.421
668.92,7.733
668.94,8.399
668.96,9.121
668.97,9.503
668.99,10.31
669.01,11.18
669.02,11.63
669.04,12.58
669.06,13.6
669.07,14.12
669.09,15.22
669.11,16.38
669.12,16.98
669.14,18.22
669.16,19.51
669.17,20.18
669.19,21.55
669.21,22.96
669.22,23.68
669.24,25.16
669.26,26.67
669.27,27.44
669.29,29.0
669.3,29.79
669.32,31.38
669.34,32.99
669.35,33.8
669.37,35.42
669.39,37.04
669.4,37.85
669.42,39.45
669.44,41.03
669.45,41.82
669.47,43.36
669.49,44.86
669.5,45.59
669.52,47.02
669.54,48.4
669.55,49.06
669.57,50.33
669.59,51.53
669.6,52.1
669.62,53.18
669.64,54.16
669.65,54.62
669.67,55.45
669.68,55.84
669.7,56.52
669.72,57.09
669.73,57.34
669.75,57.74
669.77,58.04
669.78,58.14
669.8,58.26
669.82,58.26
669.83,58.22
669.85,58.06
669.87,57.78
669.88,57.6
669.9,57.17
669.92,56.63
669.93,56.32
669.95,55.64
669.97,54.87
669.98,54.45
670.0,53.56
670.02,52.59
670.03,52.09
670.05,51.03
670.06,50.48
670.08,49.35
670.1,48.17
670.11,47.57
670.13,46.35
670.15,45.11
670.16,44.49
670.18,43.23
670.2,41.98
670.21,41.35
670.23,40.12
670.25,38.9
670.26,38.3
670.28,37.13
670.3,35.99
670.31,35.44
670.33,34.36
670.35,33.34
670.36,32.85
670.38,31.91
670.39,31.46
670.41,30.6
670.43,29.82
670.44,29.44
670.46,28.75
670.48,28.13
670.49,27.84
670.51,27.31
670.53,26.85
670.54,26.64
670.56,26.28
670.58,25.97
670.59,25.84
670.61,25.62
670.63,25.46
670.64,25.4
670.66,25.32
670.68,25.28
670.69,25.28
670.71,25.31
670.73,25.38
670.74,25.43
670.76,25.56
670.77,25.63
670.79,25.81
670.81,26.01
670.82,26.13
670.84,26.38
670.86,26.66
670.87,26.81
670.89,27.13
670.91,27.48
670.92,27.66
670.94,28.05
670.96,28.48
670.97,28.71
670.99,29.19
671.01,29.71
671.02,29.99
671.04,30.58
671.06,31.22
671.07,31.57
671.09,32.3
671.11,33.1
671.12,33.52
671.14,34.43
671.15,34.92
671.17,35.96
671.19,37.08
671.2,37.68
671.22,38.96
671.24,40.34
671.25,41.07
671.27,42.61
671.29,44.28
671.3,45.15
671.32,47.0
671.34,48.96
671.35,49.99
671.37,52.14
671.39,54.4
671.4,55.58
671.42,58.02
671.44,60.58
671.45,61.9
671.47,64.61
671.49,67.41
671.5,68.85
671.52,71.78
671.53,73.27
671.55,76.3
671.57,79.37
671.58,80.92
671.6,84.04
671.62,87.18
671.63,88.74
671.65,91.86
671.67,94.95
671.68,96.48
671.7,99.48
671.72,102.4
671.73,103.8
671.75,106.6
671.77,109.3
671.78,110.6
671.8,113.0
671.82,115.3
671.83,116.4
671.85,118.4
671.86,119.3
671.88,121.0
671.9,122.5
671.91,123.2
671.93,124.3
671.95,125.2
671.96,125.6
671.98,126.1
672.0,126.4
672.01,126.5
672.03,126.4
672.05,126.0
672.06,125.8
672.08,125.0
672.1,124.1
672.11,123.5
672.13,122.2
672.15,120.6
672.16,119.8
672.18,117.9
672.2,115.8
672.21,114.7
672.23,112.4
672.24,111.2
672.26,108.6
672.28,105.9
672.29,104.5
672.31,101.6
672.33,98.55
672.34,97.01
672.36,93.87
672.38,90.65
672.39,89.03
672.41,85.74
672.43,82.43
672.44,80.76
672.46,77.42
672.48,74.09
672.49,72.42
672.51,69.12
672.53,65.84
672.54,64.22
672.56,61.01
672.58,57.85
672.59,56.3
672.61,53.25
672.62,51.75
672.64,48.81
672.66,45.95
672.67,44.56
672.69,41.84
672.71,39.22
672.72,37.94
672.74,35.47
672.76,33.1
672.77,31.95
672.79,29.73
672.81,27.62
672.82,26.6
672.84,24.64
672.86,22.78
672.87,21.89
672.89,20.19
672.91,18.58
672.92,17.81
672.94,16.35
672.96,14.97
672.97,14.32
672.99,13.08
673.0,12.5
673.02,11.38
673.04,10.35
673.05,9.859
673.07,8.937
673.09,8.085
673.1,7.685
673.12,6.932
673.14,6.241
673.15,5.918
673.17,5.312
673.19,4.76
673.2,4.502
673.22,4.022
673.24,3.586
673.25,3.384
673.27,3.009
673.29,2.672
673.3,2.516
673.32,2.228
673.33,2.095
673.35,1.852
673.37,1.635
673.38,1.536
673.4,1.355
673.42,1.195
673.43,1.122
673.45,0.9911
673.47,0.8768
673.48,0.8256
673.5,0.7342
673.52,0.6562
673.53,0.6219
673.55,0.562
673.57,0.513
673.58,0.4923
673.6,0.4578
673.62,0.4321
673.63,0.4224
673.65,0.4087
673.67,0.4023
673.68,0.4018
673.7,0.4056
673.71,0.4099
673.73,0.4231
673.75,0.4423
673.76,0.454
673.78,0.4817
673.8,0.5149
673.81,0.5334
673.83,0.5746
673.85,0.6209
673.86,0.646
673.88,0.6999
673.9,0.7589
673.91,0.7903
673.93,0.8566
673.95,0.9278
673.96,0.9652
673.98,1.044
674.0,1.126
674.01,1.17
674.03,1.259
674.05,1.353
674.06,1.401
674.08,1.501
674.09,1.552
674.11,1.657
674.13,1.765
674.14,1.82
674.16,1.932
674.18,2.047
674.19,2.105
674.21,2.222
674.23,2.34
674.24,2.399
674.26,2.518
674.28,2.637
674.29,2.696
674.31,2.813
674.33,2.929
674.34,2.986
674.36,3.098
674.38,3.207
674.39,3.26
674.41,3.363
674.43,3.462
674.44,3.509
674.46,3.6
674.47,3.643
674.49,3.725
674.51,3.8
674.52,3.835
674.54,3.899
674.56,3.957
674.57,3.982
674.59,4.028
674.61,4.065
674.62,4.081
674.64,4.106
674.66,4.123
674.67,4.129
674.69,4.134
674.71,4.131
674.72,4.126
674.74,4.111
674.76,4.089
674.77,4.075
674.79,4.043
674.8,4.024
674.82,3.982
674.84,3.934
674.85,3.908
674.87,3.852
674.89,3.791
674.9,3.759
674.92,3.693
674.94,3.623
674.95,3.587
674.97,3.513
674.99,3.437
675.0,3.399
675.02,3.321
675.04,3.242
675.05,3.203
675.07,3.123
675.09,3.044
675.1,3.005
675.12,2.926
675.14,2.849
675.15,2.811
675.17,2.735
675.18,2.698
675.2,2.624
675.22,2.552
675.23,2.517
675.25,2.448
675.27,2.38
675.28,2.347
675.3,2.282
675.32,2.218
675.33,2.187
675.35,2.126
675.37,2.067
675.38,2.038
675.4,1.98
675.42,1.924
675.43,1.896
675.45,1.841
675.47,1.787
675.48,1.76
675.5,1.707
675.52,1.655
675.53,1.629
675.55,1.578
675.56,1.552
675.58,1.501
675.6,1.45
675.61,1.425
675.63,1.375
675.65,1.325
675.66,1.3
675.68,1.25
675.7,1.201
675.71,1.176
675.73,1.127
675.75,1.079
675.76,1.055
675.78,1.007
675.8,0.9594
675.81,0.936
675.83,0.8897
675.85,0.8441
675.86,0.8217
675.88,0.7774
675.9,0.7341
675.91,0.7129
675.93,0.6712
675.94,0.6508
675.96,0.6109
675.98,0.5723
675.99,0.5535
676.01,0.5169
676.03,0.4817
676.04,0.4646
676.06,0.4316
676.08,0.4001
676.09,0.3849
676.11,0.3556
676.13,0.3279
676.14,0.3146
676.16,0.2891
676.18,0.2651
676.19,0.2537
676.21,0.2319
676.23,0.2116
676.24,0.202
676.26,0.1837
676.27,0.1751
676.29,0.1588
676.31,0.1437
676.32,0.1367
676.34,0.1234
676.36,0.1112
676.37,0.1056
676.39,0.095
676.41,0.08539
676.42,0.08094
676.44,0.07268
676.46,0.06526
676.47,0.06184
676.49,0.05556
676.51,0.04998
676.52,0.04743
676.54,0.04278
676.56,0.03871
676.57,0.03688
676.59,0.03357
676.61,0.03073
676.62,0.02947
676.64,0.02724
676.65,0.02626
676.67,0.02457
676.69,0.02319
676.7,0.02261
676.72,0.02164
676.74,0.02092
676.75,0.02064
676.77,0.02023
676.79,0.02
676.8,0.01995
676.82,0.01996
676.84,0.0201
676.85,0.02022
676.87,0.02053
676.89,0.02093
676.9,0.02116
676.92,0.02167
676.94,0.02225
676.95,0.02255
676.97,0.0232
676.99,0.02387
677.0,0.02422
677.02,0.02493
677.03,0.02529
677.05,0.02602
677.07,0.02674
677.08,0.02711
677.1,0.02783
677.12,0.02853
677.13,0.02888
677.15,0.02956
677.17,0.03023
677.18,0.03055
677.2,0.03117
677.22,0.03177
677.23,0.03206
677.25,0.03262
677.27,0.03315
677.28,0.03341
677.3,0.0339
677.32,0.03437
677.33,0.0346
677.35,0.03503
677.37,0.03545
677.38,0.03566
677.4,0.03605
677.41,0.03625
677.43,0.03663
677.45,0.03702
677.46,0.03721
677.48,0.03759
677.5,0.03799
677.51,0.03819
677.53,0.03861
677.55,0.03905
677.56,0.03928
677.58,0.03976
677.6,0.04027
677.61,0.04054
677.63,0.0411
677.65,0.04171
677.66,0.04204
677.68,0.04272
677.7,0.04345
677.71,0.04383
677.73,0.04464
677.74,0.04507
677.76,0.04596
677.78,0.04691
677.79,0.04741
677.81,0.04845
677.83,0.04954
677.84,0.05011
677.86,0.05129
677.88,0.05252
677.89,0.05315
677.91,0.05446
677.93,0.05582
677.94,0.05652
677.96,0.05795
677.98,0.05942
677.99,0.06017
678.01,0.06169
678.03,0.06325
678.04,0.06404
678.06,0.06565
678.08,0.06728
678.09,0.0681
678.11,0.06976
678.12,0.0706
678.14,0.07229
678.16,0.07399
678.17,0.07485
678.19,0.07657
678.21,0.0783
678.22,0.07916
678.24,0.0809
678.26,0.08265
678.27,0.08352
678.29,0.08527
678.31,0.08703
678.32,0.08791
678.34,0.08966
678.36,0.09142
678.37,0.0923
678.39,0.09407
678.41,0.09583
678.42,0.09671
678.44,0.09847
678.46,0.1002
678.47,0.1011
678.49,0.1029
678.5,0.1038
678.52,0.1055
678.54,0.1073
678.55,0.1081
678.57,0.1098
678.59,0.1116
678.6,0.1124
678.62,0.1141
678.64,0.1157
678.65,0.1166
678.67,0.1182
678.69,0.1197
678.7,0.1205
678.72,0.122
678.74,0.1234
678.75,0.1241
678.77,0.1254
678.79,0.1267
678.8,0.1273
678.82,0.1284
678.84,0.1294
678.85,0.1299
678.87,0.1308
678.88,0.1312
678.9,0.1319
678.92,0.1324
678.93,0.1327
678.95,0.133
678.97,0.1333
678.98,0.1333
679.0,0.1333
679.02,0.1332
679.03,0.1331
679.05,0.1327
679.07,0.1322
679.08,0.1318
679.1,0.1311
679.12,0.1302
679.13,0.1296
679.15,0.1285
679.17,0.1272
679.18,0.1265
679.2,0.1249
679.21,0.1241
679.23,0.1224
679.25,0.1205
679.26,0.1195
679.28,0.1175
679.3,0.1153
679.31,0.1142
679.33,0.1119
679.35,0.1095
679.36,0.1082
679.38,0.1057
679.4,0.1031
679.41,0.1018
679.43,0.09907
679.45,0.09635
679.46,0.09498
679.48,0.09223
679.5,0.08946
679.51,0.08808
679.53,0.08532
679.55,0.08259
679.56,0.08124
679.58,0.07856
679.59,0.07725
679.61,0.07466
679.63,0.07216
679.64,0.07094
679.66,0.06858
679.68,0.06633
679.69,0.06526
679.71,0.06321
679.73,0.06133
679.74,0.06045
679.76,0.05884
679.78,0.05743
679.79,0.05681
679.81,0.05575
679.83,0.05495
679.84,0.05465
679.86,0.05429
679.88,0.05425
679.89,0.05437
679.91,0.05488
679.93,0.05579
679.94,0.05641
679.96,0.058
679.97,0.05898
679.99,0.06133
680.01,0.06425
680.02,0.06594
680.04,0.0698
680.06,0.07436
680.07,0.07691
680.09,0.08262
680.11,0.08916
680.12,0.09278
680.14,0.1007
680.16,0.1097
680.17,0.1146
680.19,0.1252
680.21,0.137
680.22,0.1434
680.24,0.1572
680.26,0.1724
680.27,0.1806
680.29,0.1981
680.3,0.2075
680.32,0.2275
680.34,0.2492
680.35,0.2608
680.37,0.2853
680.39,0.3118
680.4,0.3258
680.42,0.3554
680.44,0.3871
680.45,0.4038
680.47,0.4387
680.49,0.4759
680.5,0.4954
680.52,0.536
680.54,0.5788
680.55,0.6011
680.57,0.6473
680.59,0.6957
680.6,0.7207
680.62,0.7723
680.64,0.8259
680.65,0.8534
680.67,0.9099
680.68,0.9387
680.7,0.9977
680.72,1.058
680.73,1.089
680.75,1.151
680.77,1.214
680.78,1.246
680.8,1.31
680.82,1.375
680.83,1.407
680.85,1.472
680.87,1.536
680.88,1.568
680.9,1.631
680.92,1.694
680.93,1.724
680.95,1.784
680.97,1.842
680.98,1.87
681.0,1.925
681.02,1.978
681.03,2.003
681.05,2.051
681.06,2.074
681.08,2.117
681.1,2.157
681.11,2.175
681.13,2.21
681.15,2.241
681.16,2.255
681.18,2.279
681.2,2.3
681.21,2.309
681.23,2.325
681.25,2.336
681.26,2.34
681.28,2.346
681.3,2.348
681.31,2.347
681.33,2.344
681.35,2.338
681.36,2.334
681.38,2.323
681.4,2.31
681.41,2.303
681.43,2.286
681.44,2.277
681.46,2.258
681.48,2.238
681.49,2.227
681.51,2.206
681.53,2.183
681.54,2.172
681.56,2.149
681.58,2.126
681.59,2.115
681.61,2.093
681.63,2.072
681.64,2.062
681.66,2.043
681.68,2.025
681.69,2.016
681.71,2.001
681.73,1.987
681.74,1.98
681.76,1.969
681.77,1.964
681.79,1.956
681.81,1.951
681.82,1.948
681.84,1.946
681.86,1.945
681.87,1.945
681.89,1.948
681.91,1.952
681.92,1.955
681.94,1.962
681.96,1.971
681.97,1.976
681.99,1.988
682.01,2.001
682.02,2.008
682.04,2.024
682.06,2.04
682.07,2.049
682.09,2.068
682.11,2.087
682.12,2.097
682.14,2.119
682.15,2.129
682.17,2.152
682.19,2.175
682.2,2.187
682.22,2.212
682.24,2.238
682.25,2.251
682.27,2.277
682.29,2.305
682.3,2.319
682.32,2.348
682.34,2.378
682.35,2.393
682.37,2.424
682.39,2.457
682.4,2.473
682.42,2.507
682.44,2.542
682.45,2.56
682.47,2.597
682.49,2.634
682.5,2.654
682.52,2.693
682.53,2.713
682.55,2.754
682.57,2.796
682.58,2.817
682.6,2.861
682.62,2.905
682.63,2.927
682.65,2.972
682.67,3.017
682.68,3.04
682.7,3.085
682.72,3.131
682.73,3.154
682.75,3.198
682.77,3.243
682.78,3.264
682.8,3.307
682.82,3.348
682.83,3.368
682.85,3.407
682.87,3.444
682.88,3.462
682.9,3.495
682.91,3.511
682.93,3.54
682.95,3.566
682.96,3.579
682.98,3.6
683.0,3.619
683.01,3.627
683.03,3.64
683.05,3.65
683.06,3.654
683.08,3.658
683.1,3.66
683.11,3.659
683.13,3.655
683.15,3.648
683.16,3.644
683.18,3.632
683.2,3.619
683.21,3.611
683.23,3.594
683.24,3.585
683.26,3.565
683.28,3.545
683.29,3.534
683.31,3.513
683.33,3.492
683.34,3.481
683.36,3.461
683.38,3.442
683.39,3.433
683.41,3.417
683.43,3.404
683.44,3.399
683.46,3.391
683.48,3.386
683.49,3.386
683.51,3.389
683.53,3.397
683.54,3.403
683.56,3.42
683.58,3.443
683.59,3.457
683.61,3.49
683.62,3.509
683.64,3.554
683.66,3.605
683.67,3.634
683.69,3.697
683.71,3.769
683.72,3.807
683.74,3.89
683.76,3.981
683.77,4.03
683.79,4.132
683.81,4.242
683.82,4.299
683.84,4.42
683.86,4.546
683.87,4.612
683.89,4.748
683.91,4.888
683.92,4.961
683.94,5.108
683.96,5.259
683.97,5.335
683.99,5.49
684.0,5.568
684.02,5.725
684.04,5.881
684.05,5.959
684.07,6.115
684.09,6.267
684.1,6.343
684.12,6.491
684.14,6.634
684.15,6.703
684.17,6.837
684.19,6.964
684.2,7.025
684.22,7.139
684.24,7.245
684.25,7.294
684.27,7.383
684.29,7.462
684.3,7.497
684.32,7.557
684.34,7.605
684.35,7.624
684.37,7.652
684.38,7.661
684.4,7.669
684.42,7.663
684.43,7.654
684.45,7.627
684.47,7.587
684.48,7.561
684.5,7.501
684.52,7.427
684.53,7.385
684.55,7.293
684.57,7.189
684.58,7.133
684.6,7.014
684.62,6.884
684.63,6.817
684.65,6.675
684.67,6.526
684.68,6.449
684.7,6.292
684.71,6.211
684.73,6.047
684.75,5.881
684.76,5.797
684.78,5.629
684.8,5.462
684.81,5.379
684.83,5.214
684.85,5.053
684.86,4.973
684.88,4.819
684.9,4.671
684.91,4.599
684.93,4.462
684.95,4.334
684.96,4.273
684.98,4.158
685.0,4.055
685.01,4.007
685.03,3.92
685.05,3.845
685.06,3.812
685.08,3.756
685.09,3.733
685.11,3.696
685.13,3.672
685.14,3.665
685.16,3.662
685.18,3.671
685.19,3.681
685.21,3.71
685.23,3.751
685.24,3.776
685.26,3.836
685.28,3.907
685.29,3.947
685.31,4.034
685.33,4.131
685.34,4.183
685.36,4.294
685.38,4.412
685.39,4.474
685.41,4.604
685.43,4.739
685.44,4.809
685.46,4.951
685.47,5.024
685.49,5.171
685.51,5.321
685.52,5.397
685.54,5.548
685.56,5.7
685.57,5.776
685.59,5.926
685.61,6.075
685.62,6.148
685.64,6.292
685.66,6.433
685.67,6.502
685.69,6.636
685.71,6.765
685.72,6.828
685.74,6.949
685.76,7.064
685.77,7.119
685.79,7.225
685.81,7.324
685.82,7.371
685.84,7.46
685.85,7.502
685.87,7.582
685.89,7.655
685.9,7.689
685.92,7.752
685.94,7.81
685.95,7.836
685.97,7.885
685.99,7.928
686.0,7.948
686.02,7.983
686.04,8.014
686.05,8.027
686.07,8.051
686.09,8.071
686.1,8.079
686.12,8.093
686.14,8.104
686.15,8.108
686.17,8.113
686.18,8.115
686.2,8.115
686.22,8.112
686.23,8.11
686.25,8.102
686.27,8.092
686.28,8.085
686.3,8.069
686.32,8.05
686.33,8.039
686.35,8.014
686.37,7.986
686.38,7.969
686.4,7.934
686.42,7.894
686.43,7.872
686.45,7.824
686.47,7.771
686.48,7.742
686.5,7.68
686.52,7.612
686.53,7.576
686.55,7.498
686.56,7.457
686.58,7.37
686.6,7.275
686.61,7.226
686.63,7.121
686.65,7.01
686.66,6.952
686.68,6.831
686.7,6.703
686.71,6.637
686.73,6.499
686.75,6.356
686.76,6.282
686.78,6.131
686.8,5.974
686.81,5.894
686.83,5.731
686.85,5.563
686.86,5.478
686.88,5.306
686.9,5.132
686.91,5.044
686.93,4.866
686.94,4.777
686.96,4.599
686.98,4.42
686.99,4.33
687.01,4.152
687.03,3.975
687.04,3.887
687.06,3.713
687.08,3.541
687.09,3.457
687.11,3.289
687.13,3.126
687.14,3.045
687.16,2.888
687.18,2.734
687.19,2.659
687.21,2.513
687.23,2.372
687.24,2.303
687.26,2.169
687.28,2.041
687.29,1.979
687.31,1.859
687.32,1.801
687.34,1.689
687.36,1.582
687.37,1.531
687.39,1.433
687.41,1.339
687.42,1.295
687.44,1.209
687.46,1.129
687.47,1.091
687.49,1.018
687.51,0.9493
687.52,0.9168
687.54,0.8552
687.56,0.7979
687.57,0.7708
687.59,0.7196
687.61,0.6724
687.62,0.6502
687.64,0.6086
687.65,0.5892
687.67,0.5528
687.69,0.5199
687.7,0.5046
687.72,0.4765
687.74,0.4514
687.75,0.44
687.77,0.4192
687.79,0.4013
687.8,0.3934
687.82,0.3794
687.84,0.368
687.85,0.3632
687.87,0.3555
687.89,0.3501
687.9,0.3483
687.92,0.3463
687.94,0.3464
687.95,0.3473
687.97,0.3505
687.99,0.3558
688.0,0.3591
688.02,0.3672
688.03,0.3719
688.05,0.3826
688.07,0.395
688.08,0.4018
688.1,0.4165
688.12,0.4327
688.13,0.4413
688.15,0.4595
688.17,0.4789
688.18,0.489
688.2,0.51
688.22,0.532
688.23,0.5432
688.25,0.5663
688.27,0.59
688.28,0.6021
688.3,0.6265
688.32,0.6511
688.33,0.6635
688.35,0.6882
688.37,0.7129
688.38,0.7251
688.4,0.7494
688.41,0.7613
688.43,0.7848
688.45,0.8075
688.46,0.8186
688.48,0.84
688.5,0.8604
688.51,0.8701
688.53,0.8886
688.55,0.9057
688.56,0.9136
688.58,0.9284
688.6,0.9415
688.61,0.9473
688.63,0.9577
688.65,0.9662
688.66,0.9697
688.68,0.9752
688.7,0.9786
688.71,0.9795
688.73,0.9799
688.74,0.9793
688.76,0.9765
688.78,0.9716
688.79,0.9684
688.81,0.9604
688.83,0.9505
688.84,0.9448
688.86,0.932
688.88,0.9175
688.89,0.9095
688.91,0.8925
688.93,0.8739
688.94,0.8641
688.96,0.8434
688.98,0.8216
688.99,0.8103
689.01,0.7871
689.03,0.763
689.04,0.7507
689.06,0.7258
689.08,0.7006
689.09,0.688
689.11,0.6626
689.12,0.65
689.14,0.6251
689.16,0.6006
689.17,0.5887
689.19,0.5655
689.21,0.5433
689.22,0.5328
689.24,0.5129
689.26,0.4947
689.27,0.4864
689.29,0.4716
689.31,0.4593
689.32,0.4543
689.34,0.4466
689.36,0.4425
689.37,0.442
689.39,0.4441
689.41,0.451
689.42,0.4563
689.44,0.4714
689.46,0.4927
689.47,0.5059
689.49,0.5379
689.5,0.5568
689.52,0.6012
689.54,0.655
689.55,0.6857
689.57,0.7555
689.59,0.8372
689.6,0.8829
689.62,0.9848
689.64,1.102
689.65,1.166
689.67,1.309
689.69,1.469
689.7,1.557
689.72,1.749
689.74,1.964
689.75,2.081
689.77,2.333
689.79,2.613
689.8,2.763
689.82,3.088
689.84,3.445
689.85,3.636
689.87,4.044
689.88,4.262
689.9,4.727
689.92,5.232
689.93,5.499
689.95,6.067
689.97,6.679
689.98,7.001
690.0,7.681
690.02,8.409
690.03,8.79
690.05,9.59
690.07,10.44
690.08,10.88
690.1,11.8
690.12,12.78
690.13,13.28
690.15,14.32
690.17,15.41
690.18,15.98
690.2,17.13
690.21,17.73
690.23,18.94
690.25,20.2
690.26,20.84
690.28,22.14
690.3,23.47
690.31,24.15
690.33,25.51
690.35,26.89
690.36,27.58
690.38,28.97
690.4,30.36
690.41,31.05
690.43,32.43
690.45,33.78
690.46,34.46
690.48,35.78
690.5,37.06
690.51,37.69
690.53,38.91
690.55,40.08
690.56,40.64
690.58,41.72
690.59,42.23
690.61,43.2
690.63,44.09
690.64,44.51
690.66,45.27
690.68,45.94
690.69,46.24
690.71,46.76
690.73,47.18
690.74,47.36
690.76,47.62
690.78,47.78
690.79,47.82
690.81,47.81
690.83,47.7
690.84,47.61
690.86,47.33
690.88,46.96
690.89,46.73
690.91,46.2
690.93,45.57
690.94,45.23
690.96,44.47
690.97,44.05
690.99,43.17
691.01,42.2
691.02,41.7
691.04,40.63
691.06,39.51
691.07,38.92
691.09,37.72
691.11,36.48
691.12,35.84
691.14,34.55
691.16,33.22
691.17,32.56
691.19,31.21
691.21,29.86
691.22,29.18
691.24,27.82
691.26,26.48
691.27,25.81
691.29,24.48
691.31,23.18
691.32,22.53
691.34,21.27
691.35,20.65
691.37,19.43
691.39,18.25
691.4,17.67
691.42,16.55
691.44,15.47
691.45,14.94
691.47,13.93
691.49,12.97
691.5,12.5
691.52,11.6
691.54,10.76
691.55,10.35
691.57,9.571
691.59,8.84
691.6,8.491
691.62,7.829
691.64,7.211
691.65,6.918
691.67,6.364
691.68,6.102
691.7,5.609
691.72,5.155
691.73,4.941
691.75,4.541
691.77,4.175
691.78,4.004
691.8,3.685
691.82,3.396
691.83,3.262
691.85,3.014
691.87,2.79
691.88,2.687
691.9,2.498
691.92,2.328
691.93,2.251
691.95,2.109
691.97,1.984
691.98,1.928
692.0,1.824
692.02,1.734
692.03,1.694
692.05,1.621
692.06,1.588
692.08,1.529
692.1,1.479
692.11,1.456
692.13,1.416
692.15,1.382
692.16,1.367
692.18,1.34
692.2,1.317
692.21,1.307
692.23,1.289
692.25,1.273
692.26,1.266
692.28,1.253
692.3,1.241
692.31,1.236
692.33,1.226
692.35,1.216
692.36,1.211
692.38,1.201
692.4,1.192
692.41,1.187
692.43,1.176
692.44,1.171
692.46,1.16
692.48,1.148
692.49,1.142
692.51,1.13
692.53,1.117
692.54,1.11
692.56,1.096
692.58,1.081
692.59,1.074
692.61,1.058
692.63,1.042
692.64,1.034
692.66,1.017
692.68,1.001
692.69,0.9921
692.71,0.9751
692.73,0.9582
692.74,0.9497
692.76,0.9329
692.78,0.9164
692.79,0.9083
692.81,0.8924
692.82,0.8847
692.84,0.8697
692.86,0.8554
692.87,0.8486
692.89,0.8357
692.91,0.8238
692.92,0.8183
692.94,0.8081
692.96,0.7994
692.97,0.7955
692.99,0.789
693.01,0.7842
693.02,0.7824
693.04,0.7803
693.06,0.7801
693.07,0.7808
693.09,0.7838
693.11,0.7891
693.12,0.7926
693.14,0.8015
693.15,0.807
693.17,0.8198
693.19,0.8354
693.2,0.8443
693.22,0.8643
693.24,0.8873
693.25,0.8999
693.27,0.9276
693.29,0.9585
693.3,0.9752
693.32,1.011
693.34,1.05
693.35,1.071
693.37,1.115
693.39,1.163
693.4,1.188
693.42,1.241
693.44,1.296
693.45,1.326
693.47,1.386
693.49,1.449
693.5,1.482
693.52,1.55
693.53,1.584
693.55,1.655
693.57,1.728
693.58,1.766
693.6,1.841
693.62,1.919
693.63,1.957
693.65,2.036
693.67,2.115
693.68,2.154
693.7,2.232
693.72,2.31
693.73,2.349
693.75,2.425
693.77,2.499
693.78,2.535
693.8,2.606
693.82,2.673
693.83,2.706
693.85,2.768
693.87,2.827
693.88,2.854
693.9,2.905
693.91,2.929
693.93,2.973
693.95,3.01
693.96,3.027
693.98,3.056
694.0,3.079
694.01,3.088
694.03,3.101
694.05,3.107
694.06,3.107
694.08,3.104
694.1,3.093
694.11,3.085
694.13,3.064
694.15,3.037
694.16,3.02
694.18,2.983
694.2,2.94
694.21,2.917
694.23,2.865
694.25,2.808
694.26,2.777
694.28,2.713
694.29,2.679
694.31,2.607
694.33,2.533
694.34,2.494
694.36,2.414
694.38,2.332
694.39,2.29
694.41,2.204
694.43,2.117
694.44,2.073
694.46,1.985
694.48,1.896
694.49,1.852
694.51,1.763
694.53,1.676
694.54,1.632
694.56,1.546
694.58,1.462
694.59,1.42
694.61,1.338
694.62,1.298
694.64,1.22
694.66,1.145
694.67,1.108
694.69,1.037
694.71,0.9688
694.72,0.9359
694.74,0.8726
694.76,0.8125
694.77,0.7838
694.79,0.7287
694.81,0.677
694.82,0.6524
694.84,0.6057
694.86,0.5623
694.87,0.5418
694.89,0.5032
694.91,0.4677
694.92,0.451
694.94,0.42
694.96,0.3917
694.97,0.3786
694.99,0.3543
695.0,0.3432
695.02,0.3226
695.04,0.3044
695.05,0.2961
695.07,0.281
695.09,0.2679
695.1,0.2621
695.12,0.2517
695.14,0.2429
695.15,0.2391
695.17,0.2325
695.19,0.2272
695.2,0.2251
695.22,0.2216
695.24,0.2193
695.25,0.2184
695.27,0.2175
695.29,0.2175
695.3,0.2178
695.32,0.219
695.34,0.2209
695.35,0.2221
695.37,0.2251
695.38,0.2268
695.4,0.2308
695.42,0.2354
695.43,0.238
695.45,0.2436
695.47,0.25
695.48,0.2534
695.5,0.2608
695.52,0.2689
695.53,0.2733
695.55,0.2826
695.57,0.2928
695.58,0.2983
695.6,0.3099
695.62,0.3225
695.63,0.3292
695.65,0.3434
695.67,0.3587
695.68,0.3668
695.7,0.384
695.72,0.4024
695.73,0.4121
695.75,0.4325
695.76,0.4433
695.78,0.4657
695.8,0.4896
695.81,0.5021
695.83,0.5281
695.85,0.5555
695.86,0.5697
695.88,0.5992
695.9,0.63
695.91,0.6459
695.93,0.6787
695.95,0.7126
695.96,0.73
695.98,0.7655
696.0,0.802
696.01,0.8206
696.03,0.8582
696.05,0.8965
696.06,0.9158
696.08,0.9548
696.09,0.9744
696.11,1.014
696.13,1.053
696.14,1.072
696.16,1.111
696.18,1.15
696.19,1.169
696.21,1.206
696.23,1.243
696.24,1.261
696.26,1.296
696.28,1.329
696.29,1.346
696.31,1.378
696.33,1.408
696.34,1.423
696.36,1.452
696.38,1.479
696.39,1.492
696.41,1.517
696.43,1.541
696.44,1.553
696.46,1.576
696.47,1.587
696.49,1.609
696.51,1.631
696.52,1.642
696.54,1.665
696.56,1.689
696.57,1.702
696.59,1.729
696.61,1.758
696.62,1.774
696.64,1.809
696.66,1.849
696.67,1.871
696.69,1.919
696.71,1.975
696.72,2.006
696.74,2.074
696.76,2.152
696.77,2.195
696.79,2.291
696.81,2.399
696.82,2.459
696.84,2.589
696.85,2.66
696.87,2.816
696.89,2.989
696.9,3.084
696.92,3.287
696.94,3.513
696.95,3.634
696.97,3.894
696.99,4.178
697.0,4.33
697.02,4.654
697.04,5.004
697.05,5.19
697.07,5.583
697.09,6.005
697.1,6.226
697.12,6.692
697.14,7.187
697.15,7.446
697.17,7.985
697.19,8.553
697.2,8.848
697.22,9.458
697.23,9.773
697.25,10.42
697.27,11.1
697.28,11.44
697.3,12.15
697.32,12.88
697.33,13.25
697.35,14.0
697.37,14.77
697.38,15.16
697.4,15.94
697.42,16.72
697.43,17.12
697.45,17.9
697.47,18.69
697.48,19.07
697.5,19.84
697.52,20.6
697.53,20.97
697.55,21.69
697.56,22.05
697.58,22.73
697.6,23.39
697.61,23.71
697.63,24.31
697.65,24.87
697.66,25.13
697.68,25.63
697.7,26.07
697.71,26.27
697.73,26.64
697.75,26.94
697.76,27.08
697.78,27.3
697.8,27.46
697.81,27.51
697.83,27.58
697.85,27.58
697.86,27.56
697.88,27.47
697.9,27.32
697.91,27.22
697.93,26.97
697.94,26.83
697.96,26.5
697.98,26.11
697.99,25.9
698.01,25.43
698.03,24.92
698.04,24.64
698.06,24.06
698.08,23.44
698.09,23.12
698.11,22.45
698.13,21.75
698.14,21.39
698.16,20.65
698.18,19.89
698.19,19.5
698.21,18.72
698.23,17.93
698.24,17.53
698.26,16.74
698.28,15.94
698.29,15.54
698.31,14.75
698.32,14.36
698.34,13.59
698.36,12.82
698.37,12.45
698.39,11.71
698.41,10.99
698.42,10.64
698.44,9.953
698.46,9.29
698.47,8.968
698.49,8.344
698.51,7.746
698.52,7.458
698.54,6.901
698.56,6.372
698.57,6.118
698.59,5.632
698.61,5.173
698.62,4.954
698.64,4.537
698.65,4.338
698.67,3.961
698.69,3.61
698.7,3.443
698.72,3.129
698.74,2.838
698.75,2.702
698.77,2.445
698.79,2.209
698.8,2.098
698.82,1.892
698.84,1.704
698.85,1.617
698.87,1.454
698.89,1.308
698.9,1.24
698.92,1.116
698.94,1.004
698.95,0.9533
698.97,0.8605
698.99,0.7791
699.0,0.7424
699.02,0.6768
699.03,0.6477
699.05,0.5966
699.07,0.5547
699.08,0.5371
699.1,0.5082
699.12,0.4879
699.13,0.4809
699.15,0.4732
699.17,0.474
699.18,0.4777
699.2,0.4916
699.22,0.5147
699.23,0.5298
699.25,0.5676
699.27,0.6161
699.28,0.6446
699.3,0.7105
699.32,0.7894
699.33,0.8341
699.35,0.9346
699.37,1.051
699.38,1.116
699.4,1.26
699.41,1.339
699.43,1.514
699.45,1.712
699.46,1.82
699.48,2.057
699.5,2.323
699.51,2.467
699.53,2.781
699.55,3.13
699.56,3.319
699.58,3.726
699.6,4.177
699.61,4.419
699.63,4.94
699.65,5.511
699.66,5.817
699.68,6.471
699.7,7.184
699.71,7.564
699.73,8.372
699.75,9.248
699.76,9.711
699.78,10.69
699.79,11.21
699.81,12.31
699.83,13.48
699.84,14.1
699.86,15.4
699.88,16.78
699.89,17.5
699.91,19.01
699.93,20.61
699.94,21.44
699.96,23.16
699.98,24.98
699.99,25.91
700.01,27.85
700.03,29.88
700.04,30.92
700.06,33.06
700.08,35.27
700.09,36.4
700.11,38.72
700.12,39.9
700.14,42.3
700.16,44.76
700.17,46.0
700.19,48.51
700.21,51.06
700.22,52.34
700.24,54.91
700.26,57.49
700.27,58.78
700.29,61.34
700.31,63.89
700.32,65.15
700.34,67.63
700.36,70.07
700.37,71.26
700.39,73.6
700.41,75.85
700.42,76.94
700.44,79.04
700.46,81.03
700.47,81.98
700.49,83.79
700.5,84.63
700.52,86.22
700.54,87.66
700.55,88.32
700.57,89.5
700.59,90.52
700.6,90.96
700.62,91.7
700.64,92.26
700.65,92.47
700.67,92.74
700.69,92.82
700.7,92.79
700.72,92.58
700.74,92.18
700.75,91.91
700.77,91.22
700.79,90.36
700.8,89.86
700.82,88.74
700.84,87.45
700.85,86.75
700.87,85.23
700.88,84.41
700.9,82.68
700.92,80.82
700.93,79.85
700.95,77.82
700.97,75.69
700.98,74.6
701.0,72.35
701.02,70.03
701.03,68.86
701.05,66.46
701.07,64.04
701.08,62.81
701.1,60.36
701.12,57.89
701.13,56.66
701.15,54.21
701.17,51.79
701.18,50.58
701.2,48.21
701.22,45.88
701.23,44.73
701.25,42.48
701.26,41.38
701.28,39.23
701.3,37.16
701.31,36.15
701.33,34.19
701.35,32.31
701.36,31.4
701.38,29.66
701.4,28.0
701.41,27.21
701.43,25.68
701.45,24.25
701.46,23.57
701.48,22.27
701.5,21.05
701.51,20.48
701.53,19.39
701.55,18.38
701.56,17.9
701.58,17.01
701.59,16.59
701.61,15.81
701.63,15.09
701.64,14.75
701.66,14.12
701.68,13.55
701.69,13.29
701.71,12.79
701.73,12.35
701.74,12.14
701.76,11.75
701.78,11.4
701.79,11.24
701.81,10.94
701.83,10.67
701.84,10.54
701.86,10.3
701.88,10.08
701.89,9.978
701.91,9.784
701.93,9.604
701.94,9.519
701.96,9.355
701.97,9.277
701.99,9.126
702.01,8.981
702.02,8.911
702.04,8.774
702.06,8.64
702.07,8.574
702.09,8.443
702.11,8.314
702.12,8.25
702.14,8.123
702.16,7.995
702.17,7.932
702.19,7.804
702.21,7.677
702.22,7.613
702.24,7.485
702.26,7.356
702.27,7.291
702.29,7.162
702.31,7.032
702.32,6.967
702.34,6.836
702.35,6.771
702.37,6.64
702.39,6.508
702.4,6.442
702.42,6.309
702.44,6.177
702.45,6.11
702.47,5.977
702.49,5.843
702.5,5.776
702.52,5.642
702.54,5.508
702.55,5.44
702.57,5.305
702.59,5.17
702.6,5.102
702.62,4.966
702.64,4.83
702.65,4.762
702.67,4.626
702.69,4.49
702.7,4.422
702.72,4.286
702.73,4.218
702.75,4.082
702.77,3.947
702.78,3.88
702.8,3.746
702.82,3.614
702.83,3.548
702.85,3.418
702.87,3.29
702.88,3.226
702.9,3.102
702.92,2.98
702.93,2.92
702.95,2.803
702.97,2.689
702.98,2.634
703.0,2.527
703.02,2.424
703.03,2.375
703.05,2.28
703.06,2.235
703.08,2.149
703.1,2.07
703.11,2.032
703.13,1.963
703.15,1.901
703.16,1.873
703.18,1.823
703.2,1.782
703.21,1.764
703.23,1.736
703.25,1.716
703.26,1.711
703.28,1.706
703.3,1.712
703.31,1.718
703.33,1.74
703.35,1.772
703.36,1.793
703.38,1.842
703.4,1.903
703.41,1.938
703.43,2.017
703.44,2.061
703.46,2.158
703.48,2.268
703.49,2.328
703.51,2.456
703.53,2.598
703.54,2.673
703.56,2.834
703.58,3.007
703.59,3.098
703.61,3.29
703.63,3.495
703.64,3.602
703.66,3.824
703.68,4.059
703.69,4.181
703.71,4.432
703.73,4.694
703.74,4.829
703.76,5.106
703.78,5.392
703.79,5.538
703.81,5.836
703.82,5.988
703.84,6.296
703.86,6.61
703.87,6.768
703.89,7.088
703.91,7.41
703.92,7.572
703.94,7.896
703.96,8.219
703.97,8.379
703.99,8.698
704.01,9.012
704.02,9.167
704.04,9.472
704.06,9.768
704.07,9.913
704.09,10.19
704.11,10.46
704.12,10.59
704.14,10.84
704.16,11.07
704.17,11.18
704.19,11.38
704.2,11.48
704.22,11.65
704.24,11.81
704.25,11.88
704.27,12.0
704.29,12.1
704.3,12.14
704.32,12.2
704.34,12.24
704.35,12.25
704.37,12.25
704.39,12.22
704.4,12.2
704.42,12.14
704.44,12.06
704.45,12.0
704.47,11.88
704.49,11.74
704.5,11.66
704.52,11.48
704.53,11.39
704.55,11.18
704.57,10.96
704.58,10.84
704.6,10.59
704.62,10.33
704.63,10.19
704.65,9.914
704.67,9.624
704.68,9.476
704.7,9.175
704.72,8.868
704.73,8.713
704.75,8.402
704.77,8.09
704.78,7.934
704.8,7.625
704.82,7.32
704.83,7.169
704.85,6.873
704.87,6.585
704.88,6.444
704.9,6.171
704.91,6.039
704.93,5.784
704.95,5.543
704.96,5.429
704.98,5.211
705.0,5.009
705.01,4.915
705.03,4.741
705.05,4.585
705.06,4.514
705.08,4.388
705.1,4.281
705.11,4.236
705.13,4.161
705.15,4.106
705.16,4.087
705.18,4.064
705.2,4.062
705.21,4.069
705.23,4.099
705.25,4.149
705.26,4.181
705.28,4.262
705.29,4.309
705.31,4.418
705.33,4.546
705.34,4.617
705.36,4.771
705.38,4.942
705.39,5.034
705.41,5.228
705.43,5.437
705.44,5.546
705.46,5.775
705.48,6.015
705.49,6.139
705.51,6.395
705.53,6.659
705.54,6.794
705.56,7.069
705.58,7.349
705.59,7.491
705.61,7.777
705.63,8.066
705.64,8.21
705.66,8.499
705.67,8.643
705.69,8.93
705.71,9.214
705.72,9.354
705.74,9.63
705.76,9.9
705.77,10.03
705.79,10.29
705.81,10.54
705.82,10.66
705.84,10.89
705.86,11.11
705.87,11.22
705.89,11.42
705.91,11.6
705.92,11.69
705.94,11.85
705.96,12.0
705.97,12.06
705.99,12.19
706.0,12.24
706.02,12.34
706.04,12.41
706.05,12.45
706.07,12.5
706.09,12.53
706.1,12.54
706.12,12.54
706.14,12.53
706.15,12.52
706.17,12.48
706.19,12.43
706.2,12.39
706.22,12.31
706.24,12.22
706.25,12.16
706.27,12.05
706.29,11.91
706.3,11.84
706.32,11.69
706.34,11.53
706.35,11.44
706.37,11.26
706.38,11.16
706.4,10.97
706.42,10.76
706.43,10.66
706.45,10.44
706.47,10.22
706.48,10.1
706.5,9.873
706.52,9.638
706.53,9.519
706.55,9.278
706.57,9.036
706.58,8.914
706.6,8.669
706.62,8.423
706.63,8.301
706.65,8.056
706.67,7.812
706.68,7.691
706.7,7.45
706.72,7.212
706.73,7.094
706.75,6.86
706.76,6.744
706.78,6.516
706.8,6.292
706.81,6.181
706.83,5.964
706.85,5.751
706.86,5.647
706.88,5.442
706.9,5.242
706.91,5.144
706.93,4.953
706.95,4.767
706.96,4.676
706.98,4.5
707.0,4.329
707.01,4.246
707.03,4.085
707.05,3.931
707.06,3.856
707.08,3.712
707.1,3.575
707.11,3.51
707.13,3.385
707.14,3.325
707.16,3.212
707.18,3.108
707.19,3.06
707.21,2.97
707.23,2.891
707.24,2.856
707.26,2.794
707.28,2.745
707.29,2.726
707.31,2.697
707.33,2.685
707.34,2.684
707.36,2.697
707.38,2.729
707.39,2.753
707.41,2.816
707.43,2.902
707.44,2.955
707.46,3.08
707.47,3.153
707.49,3.322
707.51,3.522
707.52,3.635
707.54,3.888
707.56,4.179
707.57,4.34
707.59,4.693
707.61,5.091
707.62,5.308
707.64,5.779
707.66,6.302
707.67,6.584
707.69,7.19
707.71,7.856
707.72,8.212
707.74,8.971
707.76,9.796
707.77,10.23
707.79,11.16
707.81,12.16
707.82,12.69
707.84,13.8
707.85,14.38
707.87,15.6
707.89,16.9
707.9,17.58
707.92,18.99
707.94,20.48
707.95,21.25
707.97,22.85
707.99,24.52
708.0,25.38
708.02,27.15
708.04,28.99
708.05,29.93
708.07,31.86
708.09,33.83
708.1,34.84
708.12,36.89
708.14,38.97
708.15,40.02
708.17,42.15
708.19,44.29
708.2,45.36
708.22,47.51
708.23,48.58
708.25,50.72
708.27,52.84
708.28,53.88
708.3,55.95
708.32,57.96
708.33,58.95
708.35,60.87
708.37,62.73
708.38,63.62
708.4,65.34
708.42,66.96
708.43,67.73
708.45,69.18
708.47,70.51
708.48,71.13
708.5,72.26
708.52,73.25
708.53,73.69
708.55,74.46
708.56,74.78
708.58,75.32
708.6,75.69
708.61,75.81
708.63,75.94
708.65,75.9
708.66,75.82
708.68,75.54
708.7,75.09
708.71,74.81
708.73,74.13
708.75,73.3
708.76,72.83
708.78,71.79
708.8,70.6
708.81,69.96
708.83,68.59
708.85,67.1
708.86,66.32
708.88,64.67
708.9,62.94
708.91,62.04
708.93,60.18
708.94,59.23
708.96,57.27
708.98,55.27
708.99,54.25
709.01,52.19
709.03,50.11
709.04,49.06
709.06,46.96
709.08,44.85
709.09,43.8
709.11,41.71
709.13,39.64
709.14,38.61
709.16,36.59
709.18,34.6
709.19,33.62
709.21,31.7
709.23,29.83
709.24,28.92
709.26,27.14
709.28,25.42
709.29,24.58
709.31,22.96
709.32,22.17
709.34,20.65
709.36,19.2
709.37,18.5
709.39,17.15
709.41,15.88
709.42,15.27
709.44,14.09
709.46,12.99
709.47,12.47
709.49,11.46
709.51,10.52
709.52,10.08
709.54,9.23
709.56,8.443
709.57,8.071
709.59,7.367
709.61,6.717
709.62,6.41
709.64,5.834
709.66,5.305
709.67,5.057
709.69,4.592
709.7,4.375
709.72,3.969
709.74,3.6
709.75,3.429
709.77,3.11
709.79,2.822
709.8,2.689
709.82,2.444
709.84,2.224
709.85,2.123
709.87,1.939
709.89,1.776
709.9,1.702
709.92,1.569
709.94,1.453
709.95,1.402
709.97,1.311
709.99,1.234
710.0,1.201
710.02,1.145
710.03,1.122
710.05,1.084
710.07,1.057
710.08,1.048
710.1,1.037
710.12,1.035
710.13,1.037
710.15,1.048
710.17,1.067
710.18,1.079
710.2,1.109
710.22,1.145
710.23,1.166
710.25,1.212
710.27,1.263
710.28,1.29
710.3,1.348
710.32,1.411
710.33,1.444
710.35,1.513
710.37,1.585
710.38,1.622
710.4,1.698
710.41,1.737
710.43,1.816
710.45,1.897
710.46,1.938
710.48,2.02
710.5,2.102
710.51,2.143
710.53,2.225
710.55,2.306
710.56,2.346
710.58,2.425
710.6,2.501
710.61,2.539
710.63,2.611
710.65,2.68
710.66,2.713
710.68,2.777
710.7,2.836
710.71,2.863
710.73,2.915
710.75,2.962
710.76,2.983
710.78,3.021
710.79,3.038
710.81,3.067
710.83,3.09
710.84,3.099
710.86,3.112
710.88,3.119
710.89,3.12
710.91,3.117
710.93,3.107
710.94,3.1
710.96,3.08
710.98,3.055
710.99,3.04
711.01,3.005
711.03,2.964
711.04,2.942
711.06,2.893
711.08,2.839
711.09,2.81
711.11,2.749
711.13,2.684
711.14,2.65
711.16,2.579
711.17,2.543
711.19,2.467
711.21,2.389
711.22,2.349
711.24,2.268
711.26,2.186
711.27,2.144
711.29,2.06
711.31,1.975
711.32,1.933
711.34,1.848
711.36,1.764
711.37,1.722
711.39,1.638
711.41,1.556
711.42,1.516
711.44,1.436
711.46,1.358
711.47,1.32
711.49,1.246
711.5,1.209
711.52,1.138
711.54,1.069
711.55,1.036
711.57,0.9714
711.59,0.9097
711.6,0.8798
711.62,0.8224
711.64,0.7678
711.65,0.7416
711.67,0.6915
711.69,0.6442
711.7,0.6217
711.72,0.5788
711.74,0.5387
711.75,0.5198
711.77,0.4839
711.79,0.4507
711.8,0.4351
711.82,0.4059
711.84,0.3793
711.85,0.367
711.87,0.3441
711.88,0.3336
711.9,0.3144
711.92,0.2976
711.93,0.29
711.95,0.2767
711.97,0.2656
711.98,0.2609
712.0,0.2533
712.02,0.2479
712.03,0.246
712.05,0.244
712.07,0.2443
712.08,0.2454
712.1,0.2492
712.12,0.2555
712.13,0.2596
712.15,0.2696
712.17,0.2823
712.18,0.2897
712.2,0.3064
712.22,0.3261
712.23,0.337
712.25,0.3612
712.26,0.3745
712.28,0.4035
712.3,0.436
712.31,0.4535
712.33,0.4913
712.35,0.5328
712.36,0.5551
712.38,0.6025
712.4,0.654
712.41,0.6814
712.43,0.7393
712.45,0.8017
712.46,0.8346
712.48,0.9037
712.5,0.9775
712.51,1.016
712.53,1.097
712.55,1.182
712.56,1.227
712.58,1.32
712.6,1.417
712.61,1.467
712.63,1.571
712.64,1.625
712.66,1.736
712.68,1.85
712.69,1.909
712.71,2.03
712.73,2.154
712.74,2.217
712.76,2.345
712.78,2.476
712.79,2.543
712.81,2.677
712.83,2.812
712.84,2.88
712.86,3.017
712.88,3.154
712.89,3.222
712.91,3.358
712.93,3.492
712.94,3.558
712.96,3.689
712.97,3.753
712.99,3.879
713.01,4.002
713.02,4.061
713.04,4.176
713.06,4.285
713.07,4.337
713.09,4.437
713.11,4.529
713.12,4.573
713.14,4.653
713.16,4.726
713.17,4.759
713.19,4.818
713.21,4.868
713.22,4.89
713.24,4.925
713.26,4.951
713.27,4.96
713.29,4.97
713.31,4.971
713.32,4.967
713.34,4.953
713.35,4.941
713.37,4.912
713.39,4.873
713.4,4.85
713.42,4.797
713.44,4.736
713.45,4.702
713.47,4.628
713.49,4.546
713.5,4.502
713.52,4.41
713.54,4.312
713.55,4.26
713.57,4.153
713.59,4.042
713.6,3.984
713.62,3.867
713.64,3.746
713.65,3.684
713.67,3.56
713.69,3.434
713.7,3.37
713.72,3.243
713.73,3.179
713.75,3.051
713.77,2.924
713.78,2.861
713.8,2.735
713.82,2.611
713.83,2.55
713.85,2.43
713.87,2.312
713.88,2.254
713.9,2.141
713.92,2.031
713.93,1.977
713.95,1.872
713.97,1.771
713.98,1.722
714.0,1.626
714.02,1.535
714.03,1.491
714.05,1.405
714.07,1.324
714.08,1.284
714.1,1.209
714.11,1.172
714.13,1.102
714.15,1.036
714.16,1.004
714.18,0.9431
714.2,0.8855
714.21,0.8579
714.23,0.8052
714.25,0.7555
714.26,0.7318
714.28,0.6865
714.3,0.6438
714.31,0.6235
714.33,0.5846
714.35,0.5481
714.36,0.5306
714.38,0.4974
714.4,0.4661
714.41,0.4512
714.43,0.4228
714.44,0.4092
714.46,0.3832
714.48,0.3589
714.49,0.3472
714.51,0.325
714.53,0.3041
714.54,0.2941
714.56,0.2749
714.58,0.257
714.59,0.2484
714.61,0.2319
714.63,0.2164
714.64,0.209
714.66,0.1949
714.68,0.1815
714.69,0.1752
714.71,0.163
714.73,0.1515
714.74,0.146
714.76,0.1356
714.78,0.1257
714.79,0.121
714.81,0.1121
714.82,0.1078
714.84,0.09963
714.86,0.09198
714.87,0.08834
714.89,0.08141
714.91,0.07493
714.92,0.07185
714.94,0.06601
714.96,0.06055
714.97,0.05797
714.99,0.05307
715.01,0.04852
715.02,0.04637
715.04,0.0423
715.06,0.03853
715.07,0.03676
715.09,0.03341
715.11,0.03032
715.12,0.02887
715.14,0.02614
715.16,0.02364
715.17,0.02246
715.19,0.02026
715.2,0.01923
715.22,0.01731
715.24,0.01555
715.25,0.01473
715.27,0.01321
715.29,0.01182
715.3,0.01117
715.32,0.009977
715.34,0.008893
715.35,0.008391
715.37,0.007462
715.39,0.006625
715.4,0.006238
715.42,0.005525
715.44,0.004886
715.45,0.004591
715.47,0.00405
715.49,0.003567
715.5,0.003346
715.52,0.002941
715.54,0.002581
715.55,0.002416
715.57,0.002117
715.58,0.00198
715.6,0.001732
715.62,0.001514
715.63,0.001416
715.65,0.001238
715.67,0.001083
715.68,0.001014
715.7,0.0008909
715.72,0.0007861
715.73,0.0007402
715.75,0.0006605
715.77,0.0005961
715.78,0.0005694
715.8,0.0005266
715.82,0.0004976
715.83,0.0004882
715.85,0.0004799
715.87,0.0004857
715.88,0.0004941
715.9,0.0005225
715.91,0.0005429
715.93,0.0005968
715.95,0.0006699
715.96,0.0007144
715.98,0.0008209
716.0,0.0009535
716.01,0.001031
716.03,0.00121
716.05,0.001426
716.06,0.001549
716.08,0.001832
716.1,0.002167
716.11,0.002357
716.13,0.002787
716.15,0.003293
716.16,0.003578
716.18,0.00422
716.2,0.004969
716.21,0.005389
716.23,0.006329
716.25,0.007421
716.26,0.008029
716.28,0.009387
716.29,0.01014
716.31,0.01182
716.33,0.01376
716.34,0.01483
716.36,0.0172
716.38,0.01991
716.39,0.0214
716.41,0.0247
716.43,0.02844
716.44,0.0305
716.46,0.03502
716.48,0.04012
716.49,0.04291
716.51,0.04902
716.53,0.05587
716.54,0.0596
716.56,0.06772
716.58,0.07679
716.59,0.08171
716.61,0.09236
716.63,0.1042
716.64,0.1106
716.66,0.1243
716.67,0.1317
716.69,0.1477
716.71,0.1652
716.72,0.1746
716.74,0.1946
716.76,0.2166
716.77,0.2283
716.79,0.2532
716.81,0.2803
716.82,0.2946
716.84,0.3251
716.86,0.3579
716.87,0.3752
716.89,0.4119
716.91,0.4511
716.92,0.4717
716.94,0.515
716.96,0.561
716.97,0.5851
716.99,0.6355
717.01,0.6887
717.02,0.7164
717.04,0.7739
717.05,0.8037
717.07,0.8656
717.09,0.9302
717.1,0.9635
717.12,1.032
717.14,1.104
717.15,1.14
717.17,1.215
717.19,1.292
717.2,1.332
717.22,1.412
717.24,1.494
717.25,1.536
717.27,1.62
717.29,1.705
717.3,1.749
717.32,1.835
717.34,1.923
717.35,1.967
717.37,2.055
717.38,2.098
717.4,2.186
717.42,2.273
717.43,2.316
717.45,2.402
717.47,2.486
717.48,2.528
717.5,2.611
717.52,2.692
717.53,2.732
717.55,2.811
717.57,2.888
717.58,2.926
717.6,3.0
717.62,3.073
717.63,3.109
717.65,3.18
717.67,3.251
717.68,3.286
717.7,3.355
717.72,3.425
717.73,3.46
717.75,3.53
717.76,3.566
717.78,3.64
717.8,3.716
717.81,3.756
717.83,3.838
717.85,3.925
717.86,3.971
717.88,4.068
717.9,4.173
717.91,4.229
717.93,4.348
717.95,4.478
717.96,4.548
717.98,4.697
718.0,4.86
718.01,4.947
718.03,5.134
718.05,5.339
718.06,5.448
718.08,5.681
718.1,5.934
718.11,6.069
718.13,6.354
718.14,6.506
718.16,6.826
718.18,7.171
718.19,7.352
718.21,7.734
718.23,8.141
718.24,8.354
718.26,8.8
718.28,9.27
718.29,9.515
718.31,10.02
718.33,10.56
718.34,10.83
718.36,11.4
718.38,11.99
718.39,12.29
718.41,12.91
718.43,13.55
718.44,13.87
718.46,14.53
718.47,14.87
718.49,15.55
718.51,16.24
718.52,16.58
718.54,17.28
718.56,17.98
718.57,18.33
718.59,19.02
718.61,19.72
718.62,20.06
718.64,20.74
718.66,21.4
718.67,21.73
718.69,22.37
718.71,22.98
718.72,23.28
718.74,23.86
718.76,24.41
718.77,24.68
718.79,25.18
718.81,25.65
718.82,25.87
718.84,26.28
718.85,26.47
718.87,26.83
718.89,27.13
718.9,27.27
718.92,27.52
718.94,27.71
718.95,27.79
718.97,27.92
718.99,28.01
719.0,28.03
719.02,28.04
719.04,28.01
719.05,27.98
719.07,27.88
719.09,27.74
719.1,27.65
719.12,27.45
719.14,27.21
719.15,27.07
719.17,26.77
719.19,26.44
719.2,26.26
719.22,25.87
719.23,25.67
719.25,25.24
719.27,24.79
719.28,24.55
719.3,24.06
719.32,23.55
719.33,23.29
719.35,22.75
719.37,22.19
719.38,21.91
719.4,21.34
719.42,20.76
719.43,20.46
719.45,19.87
719.47,19.27
719.48,18.97
719.5,18.36
719.52,17.76
719.53,17.46
719.55,16.85
719.57,16.25
719.58,15.95
719.6,15.36
719.61,15.06
719.63,14.48
719.65,13.9
719.66,13.62
719.68,13.05
719.7,12.5
719.71,12.23
719.73,11.69
719.75,11.16
719.76,10.91
719.78,10.4
719.8,9.907
719.81,9.666
719.83,9.195
719.85,8.739
719.86,8.516
719.88,8.083
719.9,7.666
719.91,7.464
719.93,7.071
719.94,6.881
719.96,6.514
719.98,6.165
719.99,5.996
720.01,5.673
720.03,5.367
720.04,5.22
720.06,4.941
720.08,4.68
720.09,4.556
720.11,4.321
720.13,4.105
720.14,4.003
720.16,3.814
720.18,3.641
720.19,3.562
720.21,3.416
720.23,3.287
720.24,3.229
720.26,3.125
720.28,3.037
720.29,3.0
720.31,2.936
720.32,2.91
720.34,2.869
720.36,2.843
720.37,2.835
720.39,2.829
720.41,2.837
720.42,2.845
720.44,2.871
720.46,2.909
720.47,2.932
720.49,2.985
720.51,3.049
720.52,3.084
720.54,3.16
720.56,3.244
720.57,3.288
720.59,3.382
720.61,3.481
720.62,3.533
720.64,3.639
720.66,3.748
720.67,3.804
720.69,3.916
720.7,3.973
720.72,4.087
720.74,4.201
720.75,4.257
720.77,4.369
720.79,4.479
720.8,4.532
720.82,4.637
720.84,4.737
720.85,4.786
720.87,4.878
720.89,4.965
720.9,5.006
720.92,5.083
720.94,5.152
720.95,5.184
720.97,5.241
720.99,5.29
721.0,5.311
721.02,5.347
721.04,5.374
721.05,5.384
721.07,5.397
721.08,5.4
721.1,5.399
721.12,5.388
721.13,5.38
721.15,5.355
721.17,5.322
721.18,5.302
721.2,5.256
721.22,5.202
721.23,5.172
721.25,5.106
721.27,5.032
721.28,4.993
721.3,4.91
721.32,4.82
721.33,4.773
721.35,4.676
721.37,4.573
721.38,4.52
721.4,4.412
721.41,4.356
721.43,4.243
721.45,4.127
721.46,4.068
721.48,3.95
721.5,3.83
721.51,3.769
721.53,3.648
721.55,3.527
721.56,3.467
721.58,3.346
721.6,3.227
721.61,3.168
721.63,3.05
721.65,2.934
721.66,2.877
721.68,2.764
721.7,2.654
721.71,2.6
721.73,2.493
721.75,2.389
721.76,2.338
721.78,2.239
721.79,2.19
721.81,2.095
721.83,2.003
721.84,1.958
721.86,1.87
721.88,1.786
721.89,1.744
721.91,1.664
721.93,1.587
721.94,1.549
721.96,1.476
721.98,1.406
721.99,1.372
722.01,1.306
722.03,1.242
722.04,1.211
722.06,1.151
722.08,1.094
722.09,1.066
722.11,1.012
722.13,0.9597
722.14,0.9345
722.16,0.8855
722.17,0.8618
722.19,0.8158
722.21,0.7717
722.22,0.7503
722.24,0.7089
722.26,0.6692
722.27,0.65
722.29,0.6128
722.31,0.5772
722.32,0.56
722.34,0.5267
722.36,0.4949
722.37,0.4795
722.39,0.4499
722.41,0.4216
722.42,0.408
722.44,0.3817
722.46,0.3567
722.47,0.3447
722.49,0.3216
722.51,0.2997
722.52,0.2892
722.54,0.269
722.55,0.2593
722.57,0.2408
722.59,0.2233
722.6,0.2149
722.62,0.1989
722.64,0.1839
722.65,0.1768
722.67,0.1631
722.69,0.1504
722.7,0.1443
722.72,0.1328
722.74,0.122
722.75,0.1169
722.77,0.1072
722.79,0.09827
722.8,0.09403
722.82,0.08602
722.84,0.07861
722.85,0.07512
722.87,0.06855
722.88,0.06547
722.9,0.05967
722.92,0.05435
722.93,0.05186
722.95,0.0472
722.97,0.04296
722.98,0.04098
723.0,0.03731
723.02,0.03399
723.03,0.03246
723.05,0.02963
723.07,0.02712
723.08,0.02597
723.1,0.02389
723.12,0.02209
723.13,0.02129
723.15,0.01988
723.17,0.01874
723.18,0.01826
723.2,0.01749
723.22,0.01698
723.23,0.01682
723.25,0.01669
723.26,0.01672
723.28,0.01699
723.3,0.01754
723.31,0.01792
723.33,0.01891
723.35,0.02023
723.36,0.02101
723.38,0.02283
723.4,0.02504
723.41,0.02629
723.43,0.02912
723.45,0.03239
723.46,0.03421
723.48,0.03824
723.5,0.04282
723.51,0.04534
723.53,0.05083
723.55,0.057
723.56,0.06035
723.58,0.06762
723.6,0.0757
723.61,0.08006
723.63,0.08947
723.64,0.09453
723.66,0.1054
723.68,0.1173
723.69,0.1237
723.71,0.1373
723.73,0.1522
723.74,0.1601
723.76,0.1769
723.78,0.1951
723.79,0.2048
723.81,0.2252
723.83,0.2472
723.84,0.2587
723.86,0.2831
723.88,0.3092
723.89,0.3229
723.91,0.3515
723.93,0.382
723.94,0.3979
723.96,0.4311
723.98,0.4661
723.99,0.4843
724.01,0.522
724.02,0.5416
724.04,0.5822
724.06,0.6245
724.07,0.6463
724.09,0.6913
724.11,0.738
724.12,0.762
724.14,0.8111
724.16,0.8618
724.17,0.8877
724.19,0.9405
724.21,0.9945
724.22,1.022
724.24,1.078
724.26,1.135
724.27,1.163
724.29,1.221
724.31,1.28
724.32,1.309
724.34,1.369
724.35,1.398
724.37,1.458
724.39,1.517
724.4,1.547
724.42,1.606
724.44,1.665
724.45,1.695
724.47,1.752
724.49,1.81
724.5,1.838
724.52,1.894
724.54,1.948
724.55,1.975
724.57,2.028
724.59,2.079
724.6,2.104
724.62,2.153
724.64,2.201
724.65,2.224
724.67,2.269
724.69,2.312
724.7,2.332
724.72,2.373
724.73,2.392
724.75,2.429
724.77,2.465
724.78,2.481
724.8,2.514
724.82,2.544
724.83,2.559
724.85,2.586
724.87,2.612
724.88,2.624
724.9,2.646
724.92,2.667
724.93,2.676
724.95,2.694
724.97,2.709
724.98,2.717
725.0,2.729
725.02,2.74
725.03,2.745
725.05,2.753
725.07,2.759
725.08,2.761
725.1,2.764
725.11,2.765
725.13,2.765
725.15,2.764
725.16,2.762
725.18,2.758
725.2,2.752
725.21,2.748
725.23,2.739
725.25,2.729
725.26,2.723
725.28,2.711
725.3,2.696
725.31,2.689
725.33,2.673
725.35,2.655
725.36,2.646
725.38,2.628
725.4,2.608
725.41,2.598
725.43,2.578
725.45,2.558
725.46,2.548
725.48,2.528
725.49,2.518
725.51,2.499
725.53,2.481
725.54,2.473
725.56,2.457
725.58,2.443
725.59,2.437
725.61,2.426
725.63,2.418
725.64,2.415
725.66,2.412
725.68,2.413
725.69,2.414
725.71,2.421
725.73,2.432
725.74,2.439
725.76,2.457
725.78,2.48
725.79,2.494
725.81,2.525
725.82,2.543
725.84,2.583
725.86,2.629
725.87,2.654
725.89,2.709
725.91,2.771
725.92,2.804
725.94,2.874
725.96,2.951
725.97,2.992
725.99,3.077
726.01,3.169
726.02,3.217
726.04,3.317
726.06,3.423
726.07,3.478
726.09,3.591
726.11,3.709
726.12,3.77
726.14,3.895
726.16,4.024
726.17,4.09
726.19,4.224
726.2,4.293
726.22,4.432
726.24,4.574
726.25,4.646
726.27,4.791
726.29,4.939
726.3,5.014
726.32,5.164
726.34,5.317
726.35,5.393
726.37,5.548
726.39,5.703
726.4,5.782
726.42,5.939
726.44,6.098
726.45,6.178
726.47,6.339
726.49,6.502
726.5,6.583
726.52,6.748
726.54,6.915
726.55,7.0
726.57,7.17
726.58,7.256
726.6,7.43
726.62,7.607
726.63,7.697
726.65,7.879
726.67,8.064
726.68,8.158
726.7,8.349
726.72,8.544
726.73,8.643
726.75,8.845
726.77,9.05
726.78,9.154
726.8,9.366
726.82,9.581
726.83,9.69
726.85,9.911
726.87,10.14
726.88,10.25
726.9,10.48
726.92,10.7
726.93,10.82
726.95,11.05
726.96,11.17
726.98,11.4
727.0,11.62
727.01,11.74
727.03,11.96
727.05,12.18
727.06,12.29
727.08,12.5
727.1,12.7
727.11,12.79
727.13,12.98
727.15,13.16
727.16,13.24
727.18,13.4
727.2,13.54
727.21,13.61
727.23,13.72
727.25,13.82
727.26,13.87
727.28,13.94
727.29,13.97
727.31,14.01
727.33,14.03
727.34,14.03
727.36,14.02
727.38,13.98
727.39,13.95
727.41,13.88
727.43,13.79
727.44,13.73
727.46,13.6
727.48,13.45
727.49,13.37
727.51,13.18
727.53,12.98
727.54,12.87
727.56,12.63
727.58,12.38
727.59,12.24
727.61,11.96
727.63,11.67
727.64,11.51
727.66,11.2
727.67,11.03
727.69,10.7
727.71,10.36
727.72,10.18
727.74,9.826
727.76,9.466
727.77,9.284
727.79,8.919
727.81,8.553
727.82,8.37
727.84,8.005
727.86,7.643
727.87,7.464
727.89,7.109
727.91,6.761
727.92,6.589
727.94,6.253
727.96,5.927
727.97,5.768
727.99,5.458
728.01,5.161
728.02,5.017
728.04,4.74
728.05,4.607
728.07,4.352
728.09,4.113
728.1,3.999
728.12,3.784
728.14,3.586
728.15,3.493
728.17,3.32
728.19,3.165
728.2,3.094
728.22,2.965
728.24,2.854
728.25,2.805
728.27,2.721
728.29,2.654
728.3,2.627
728.32,2.587
728.34,2.563
728.35,2.558
728.37,2.56
728.38,2.567
728.4,2.593
728.42,2.636
728.43,2.662
728.45,2.728
728.47,2.808
728.48,2.853
728.5,2.954
728.52,3.068
728.53,3.13
728.55,3.263
728.57,3.407
728.58,3.484
728.6,3.644
728.62,3.814
728.63,3.902
728.65,4.085
728.67,4.275
728.68,4.372
728.7,4.572
728.72,4.776
728.73,4.879
728.75,5.089
728.76,5.194
728.78,5.407
728.8,5.62
728.81,5.726
728.83,5.938
728.85,6.147
728.86,6.251
728.88,6.455
728.9,6.653
728.91,6.75
728.93,6.939
728.95,7.12
728.96,7.208
728.98,7.375
729.0,7.532
729.01,7.607
729.03,7.746
729.05,7.874
729.06,7.932
729.08,8.04
729.1,8.133
729.11,8.174
729.13,8.244
729.14,8.274
729.16,8.321
729.18,8.353
729.19,8.362
729.21,8.37
729.23,8.361
729.24,8.351
729.26,8.318
729.28,8.27
729.29,8.24
729.31,8.169
729.33,8.083
729.34,8.034
729.36,7.927
729.38,7.807
729.39,7.742
729.41,7.602
729.43,7.452
729.44,7.372
729.46,7.206
729.48,7.03
729.49,6.939
729.51,6.752
729.52,6.655
729.54,6.457
729.56,6.254
729.57,6.15
729.59,5.94
729.61,5.727
729.62,5.62
729.64,5.404
729.66,5.187
729.67,5.079
729.69,4.862
729.71,4.647
729.72,4.54
729.74,4.328
729.76,4.119
729.77,4.015
729.79,3.812
729.81,3.613
729.82,3.515
729.84,3.323
729.85,3.229
729.87,3.046
729.89,2.869
729.9,2.782
729.92,2.614
729.94,2.453
729.95,2.375
729.97,2.224
729.99,2.079
730.0,2.01
730.02,1.875
730.04,1.748
730.05,1.687
730.07,1.569
730.09,1.459
730.1,1.406
730.12,1.305
730.14,1.21
730.15,1.165
730.17,1.079
730.19,0.9985
730.2,0.9605
730.22,0.8886
730.23,0.8546
730.25,0.7903
730.27,0.731
730.28,0.7031
730.3,0.6506
730.32,0.6025
730.33,0.5801
730.35,0.5381
730.37,0.4999
730.38,0.4823
730.4,0.4495
730.42,0.4201
730.43,0.4067
730.45,0.3821
730.47,0.3604
730.48,0.3507
730.5,0.3333
730.52,0.3186
730.53,0.3122
730.55,0.3012
730.57,0.2927
730.58,0.2893
730.6,0.2842
730.61,0.2824
730.63,0.2806
730.65,0.2809
730.66,0.2819
730.68,0.2852
730.7,0.2906
730.71,0.294
730.73,0.3023
730.75,0.3125
730.76,0.3183
730.78,0.3312
730.8,0.3459
730.81,0.354
730.83,0.3714
730.85,0.3905
730.86,0.4007
730.88,0.4223
730.9,0.4456
730.91,0.4578
730.93,0.4833
730.95,0.5104
730.96,0.5245
730.98,0.5537
730.99,0.5688
731.01,0.5999
731.03,0.6323
731.04,0.649
731.06,0.683
731.08,0.7181
731.09,0.736
731.11,0.7724
731.13,0.8096
731.14,0.8284
731.16,0.8666
731.18,0.9052
731.19,0.9247
731.21,0.9639
731.23,1.003
731.24,1.023
731.26,1.063
731.28,1.102
731.29,1.122
731.31,1.161
731.32,1.181
731.34,1.22
731.36,1.258
731.37,1.277
731.39,1.315
731.41,1.352
731.42,1.37
731.44,1.406
731.46,1.442
731.47,1.459
731.49,1.494
731.51,1.527
731.52,1.544
731.54,1.576
731.56,1.608
731.57,1.623
731.59,1.654
731.61,1.684
731.62,1.699
731.64,1.728
731.66,1.757
731.67,1.771
731.69,1.799
731.7,1.814
731.72,1.842
731.74,1.869
731.75,1.883
731.77,1.911
731.79,1.94
731.8,1.954
731.82,1.983
731.84,2.012
731.85,2.027
731.87,2.058
731.89,2.09
731.9,2.106
731.92,2.139
731.94,2.173
731.95,2.191
731.97,2.228
731.99,2.266
732.0,2.286
732.02,2.327
732.04,2.369
732.05,2.391
732.07,2.437
732.08,2.461
732.1,2.51
732.12,2.561
732.13,2.588
732.15,2.643
732.17,2.7
732.18,2.729
732.2,2.79
732.22,2.854
732.23,2.887
732.25,2.954
732.27,3.024
732.28,3.059
732.3,3.133
732.32,3.209
732.33,3.248
732.35,3.327
732.37,3.409
732.38,3.451
732.4,3.535
732.42,3.622
732.43,3.666
732.45,3.756
732.46,3.801
732.48,3.893
732.5,3.986
732.51,4.033
732.53,4.128
732.55,4.224
732.56,4.272
732.58,4.368
732.6,4.466
732.61,4.514
732.63,4.611
732.65,4.709
732.66,4.757
732.68,4.854
732.7,4.95
732.71,4.998
732.73,5.093
732.75,5.187
732.76,5.234
732.78,5.327
732.79,5.373
732.81,5.464
732.83,5.555
732.84,5.599
732.86,5.688
732.88,5.775
732.89,5.819
732.91,5.905
732.93,5.99
732.94,6.033
732.96,6.117
732.98,6.2
732.99,6.242
733.01,6.325
733.03,6.408
733.04,6.449
733.06,6.532
733.08,6.616
733.09,6.657
733.11,6.741
733.13,6.826
733.14,6.868
733.16,6.953
733.17,6.996
733.19,7.083
733.21,7.17
733.22,7.214
733.24,7.303
733.26,7.391
733.27,7.436
733.29,7.525
733.31,7.615
733.32,7.66
733.34,7.749
733.36,7.837
733.37,7.881
733.39,7.967
733.41,8.051
733.42,8.093
733.44,8.173
733.46,8.251
733.47,8.288
733.49,8.359
733.51,8.426
733.52,8.457
733.54,8.516
733.55,8.542
733.57,8.591
733.59,8.632
733.6,8.65
733.62,8.679
733.64,8.699
733.65,8.706
733.67,8.712
733.69,8.708
733.7,8.703
733.72,8.684
733.74,8.654
733.75,8.635
733.77,8.588
733.79,8.531
733.8,8.498
733.82,8.424
733.84,8.339
733.85,8.293
733.87,8.192
733.89,8.08
733.9,8.021
733.92,7.895
733.93,7.829
733.95,7.689
733.97,7.541
733.98,7.464
734.0,7.305
734.02,7.139
734.03,7.054
734.05,6.879
734.07,6.699
734.08,6.608
734.1,6.423
734.12,6.235
734.13,6.14
734.15,5.949
734.17,5.757
734.18,5.661
734.2,5.469
734.22,5.278
734.23,5.183
734.25,4.995
734.26,4.901
734.28,4.717
734.3,4.536
734.31,4.447
734.33,4.271
734.35,4.101
734.36,4.017
734.38,3.853
734.4,3.695
734.41,3.618
734.43,3.467
734.45,3.323
734.46,3.253
734.48,3.117
734.5,2.987
734.51,2.924
734.53,2.803
734.55,2.688
734.56,2.633
734.58,2.526
734.6,2.426
734.61,2.378
734.63,2.286
734.64,2.242
734.66,2.159
734.68,2.082
734.69,2.045
734.71,1.976
734.73,1.913
734.74,1.884
734.76,1.83
734.78,1.783
734.79,1.761
734.81,1.724
734.83,1.693
734.84,1.68
734.86,1.661
734.88,1.65
734.89,1.648
734.91,1.651
734.93,1.664
734.94,1.675
734.96,1.705
734.98,1.748
734.99,1.775
735.01,1.84
735.02,1.878
735.04,1.968
735.06,2.077
735.07,2.139
735.09,2.279
735.11,2.443
735.12,2.535
735.14,2.739
735.16,2.972
735.17,3.101
735.19,3.384
735.21,3.703
735.22,3.877
735.24,4.257
735.26,4.682
735.27,4.912
735.29,5.409
735.31,5.959
735.32,6.255
735.34,6.892
735.36,7.591
735.37,7.965
735.39,8.765
735.4,9.191
735.42,10.1
735.44,11.08
735.45,11.61
735.47,12.72
735.49,13.91
735.5,14.54
735.52,15.87
735.54,17.29
735.55,18.04
735.57,19.6
735.59,21.27
735.6,22.14
735.62,23.95
735.64,25.87
735.65,26.86
735.67,28.93
735.69,31.1
735.7,32.22
735.72,34.53
735.73,35.73
735.75,38.18
735.77,40.73
735.78,42.03
735.8,44.7
735.82,47.45
735.83,48.84
735.85,51.69
735.87,54.59
735.88,56.06
735.9,59.03
735.92,62.04
735.93,63.55
735.95,66.58
735.97,69.62
735.98,71.14
736.0,74.16
736.02,77.15
736.03,78.64
736.05,81.57
736.07,84.44
736.08,85.84
736.1,88.59
736.11,89.93
736.13,92.53
736.15,95.01
736.16,96.21
736.18,98.49
736.2,100.6
736.21,101.6
736.23,103.5
736.25,105.2
736.26,106.0
736.28,107.4
736.3,108.6
736.31,109.2
736.33,110.1
736.35,110.8
736.36,111.0
736.38,111.4
736.4,111.5
736.41,111.5
736.43,111.3
736.45,110.8
736.46,110.5
736.48,109.7
736.49,109.3
736.51,108.2
736.53,106.9
736.54,106.2
736.56,104.6
736.58,102.8
736.59,101.8
736.61,99.78
736.63,97.58
736.64,96.43
736.66,94.02
736.68,91.48
736.69,90.17
736.71,87.47
736.73,84.67
736.74,83.25
736.76,80.34
736.78,77.38
736.79,75.89
736.81,72.87
736.83,69.83
736.84,68.3
736.86,65.25
736.87,63.73
736.89,60.69
736.91,57.69
736.92,56.2
736.94,53.25
736.96,50.36
736.97,48.93
736.99,46.13
737.01,43.41
737.02,42.07
737.04,39.46
737.06,36.94
737.07,35.71
737.09,33.33
737.11,31.04
737.12,29.93
737.14,27.79
737.16,25.75
737.17,24.77
737.19,22.88
737.2,21.97
737.22,20.24
737.24,18.6
737.25,17.82
737.27,16.33
737.29,14.93
737.3,14.27
737.32,13.01
737.34,11.84
737.35,11.28
737.37,10.24
737.39,9.272
737.4,8.817
737.42,7.963
737.44,7.178
737.45,6.811
737.47,6.124
737.49,5.497
737.5,5.206
737.52,4.663
737.54,4.173
737.55,3.946
737.57,3.526
737.58,3.333
737.6,2.977
737.62,2.661
737.63,2.516
737.65,2.252
737.67,2.021
737.68,1.917
737.7,1.729
737.72,1.568
737.73,1.497
737.75,1.373
737.77,1.271
737.78,1.227
737.8,1.156
737.82,1.103
737.83,1.083
737.85,1.057
737.87,1.047
737.88,1.048
737.9,1.061
737.92,1.089
737.93,1.108
737.95,1.157
737.96,1.187
737.98,1.257
738.0,1.34
738.01,1.387
738.03,1.49
738.05,1.607
738.06,1.67
738.08,1.807
738.1,1.957
738.11,2.037
738.13,2.207
738.15,2.39
738.16,2.486
738.18,2.689
738.2,2.906
738.21,3.019
738.23,3.255
738.25,3.505
738.26,3.634
738.28,3.903
738.29,4.042
738.31,4.328
738.33,4.627
738.34,4.78
738.36,5.095
738.38,5.421
738.39,5.587
738.41,5.926
738.43,6.274
738.44,6.45
738.46,6.808
738.48,7.171
738.49,7.354
738.51,7.723
738.53,8.094
738.54,8.28
738.56,8.651
738.58,9.021
738.59,9.205
738.61,9.57
738.63,9.928
738.64,10.11
738.66,10.45
738.67,10.62
738.69,10.95
738.71,11.27
738.72,11.43
738.74,11.72
738.76,12.01
738.77,12.14
738.79,12.39
738.81,12.62
738.82,12.73
738.84,12.93
738.86,13.11
738.87,13.19
738.89,13.33
738.91,13.44
738.92,13.49
738.94,13.56
738.96,13.61
738.97,13.62
738.99,13.63
739.01,13.6
739.02,13.58
739.04,13.52
739.05,13.48
739.07,13.38
739.09,13.25
739.1,13.17
739.12,13.01
739.14,12.82
739.15,12.71
739.17,12.49
739.19,12.25
739.2,12.12
739.22,11.84
739.24,11.56
739.25,11.4
739.27,11.09
739.29,10.77
739.3,10.6
739.32,10.26
739.34,9.911
739.35,9.733
739.37,9.373
739.39,9.01
739.4,8.826
739.42,8.459
739.43,8.275
739.45,7.907
739.47,7.541
739.48,7.359
739.5,6.998
739.52,6.642
739.53,6.467
739.55,6.121
739.57,5.782
739.58,5.616
739.6,5.291
739.62,4.976
739.63,4.822
739.65,4.522
739.67,4.234
739.68,4.094
739.7,3.823
739.72,3.564
739.73,3.44
739.75,3.199
739.76,3.083
739.78,2.861
739.8,2.651
739.81,2.551
739.83,2.359
739.85,2.178
739.86,2.093
739.88,1.929
739.9,1.777
739.91,1.704
739.93,1.568
739.95,1.441
739.96,1.381
739.98,1.268
740.0,1.163
740.01,1.115
740.03,1.022
740.05,0.938
740.06,0.8985
740.08,0.8245
740.1,0.7569
740.11,0.7253
740.13,0.6664
740.14,0.639
740.16,0.5878
740.18,0.5413
740.19,0.5197
740.21,0.4795
740.23,0.443
740.24,0.4261
740.26,0.3946
740.28,0.366
740.29,0.3527
740.31,0.3279
740.33,0.3054
740.34,0.295
740.36,0.2754
740.38,0.2576
740.39,0.2493
740.41,0.2337
740.43,0.2193
740.44,0.2126
740.46,0.1999
740.48,0.1882
740.49,0.1826
740.51,0.1721
740.52,0.1671
740.54,0.1576
740.56,0.1487
740.57,0.1445
740.59,0.1364
740.61,0.1287
740.62,0.125
740.64,0.118
740.66,0.1112
740.67,0.108
740.69,0.1018
740.71,0.09587
740.72,0.09302
740.74,0.0875
740.76,0.08225
740.77,0.07972
740.79,0.07483
740.81,0.07018
740.82,0.06794
740.84,0.06363
740.86,0.05953
740.87,0.05757
740.89,0.05379
740.9,0.05198
740.92,0.04852
740.94,0.04526
740.95,0.0437
740.97,0.04074
740.99,0.03796
741.0,0.03665
741.02,0.03415
741.04,0.03184
741.05,0.03075
741.07,0.02869
741.09,0.02681
741.1,0.02593
741.12,0.02428
741.14,0.02279
741.15,0.0221
741.17,0.02083
741.19,0.0197
741.2,0.01918
741.22,0.01824
741.23,0.01782
741.25,0.01706
741.27,0.01641
741.28,0.01613
741.3,0.01564
741.32,0.01525
741.33,0.01509
741.35,0.01483
741.37,0.01465
741.38,0.01458
741.4,0.01452
741.42,0.01451
741.43,0.01453
741.45,0.01462
741.47,0.01476
741.48,0.01485
741.5,0.01506
741.52,0.01531
741.53,0.01545
741.55,0.01575
741.57,0.01608
741.58,0.01626
741.6,0.01663
741.61,0.01683
741.63,0.01723
741.65,0.01765
741.66,0.01787
741.68,0.0183
741.7,0.01875
741.71,0.01898
741.73,0.01943
741.75,0.01989
741.76,0.02012
741.78,0.02058
741.8,0.02104
741.81,0.02126
741.83,0.02171
741.85,0.02216
741.86,0.02237
741.88,0.0228
741.9,0.02322
741.91,0.02342
741.93,0.02382
741.95,0.02421
741.96,0.02439
741.98,0.02475
741.99,0.02492
742.01,0.02526
742.03,0.02557
742.04,0.02572
742.06,0.026
742.08,0.02626
742.09,0.02638
742.11,0.0266
742.13,0.02679
742.14,0.02688
742.16,0.02704
742.18,0.02717
742.19,0.02722
742.21,0.02731
742.23,0.02737
742.24,0.02739
742.26,0.0274
742.28,0.02738
742.29,0.02736
742.31,0.02729
742.33,0.02719
742.34,0.02713
742.36,0.02699
742.37,0.02691
742.39,0.02672
742.41,0.0265
742.42,0.02638
742.44,0.02612
742.46,0.02584
742.47,0.02568
742.49,0.02536
742.51,0.02502
742.52,0.02484
742.54,0.02447
742.56,0.02409
742.57,0.0239
742.59,0.0235
742.61,0.0231
742.62,0.02291
742.64,0.02251
742.66,0.02213
742.67,0.02194
742.69,0.02159
742.7,0.02142
742.72,0.0211
742.74,0.02083
742.75,0.02071
742.77,0.0205
742.79,0.02036
742.8,0.02032
742.82,0.02029
742.84,0.02035
742.85,0.02042
742.87,0.02064
742.89,0.02099
742.9,0.02121
742.92,0.02177
742.94,0.02249
742.95,0.02291
742.97,0.02391
742.99,0.02512
743.0,0.02581
743.02,0.02737
743.04,0.02919
743.05,0.03021
743.07,0.03247
743.08,0.03372
743.1,0.03647
743.12,0.03959
743.13,0.04129
743.15,0.04499
743.17,0.04913
743.18,0.05137
743.2,0.0562
743.22,0.06154
743.23,0.0644
743.25,0.07054
743.27,0.07726
743.28,0.08084
743.3,0.08847
743.32,0.09675
743.33,0.1011
743.35,0.1104
743.37,0.1204
743.38,0.1257
743.4,0.1368
743.42,0.1486
743.43,0.1549
743.45,0.1679
743.46,0.1747
743.48,0.1889
743.5,0.2039
743.51,0.2117
743.53,0.2278
743.55,0.2448
743.56,0.2536
743.58,0.2717
743.6,0.2905
743.61,0.3002
743.63,0.3201
743.65,0.3406
743.66,0.3511
743.68,0.3726
743.7,0.3946
743.71,0.4057
743.73,0.4284
743.75,0.4514
743.76,0.463
743.78,0.4865
743.8,0.5101
743.81,0.5219
743.83,0.5456
743.84,0.5575
743.86,0.581
743.88,0.6044
743.89,0.616
743.91,0.6388
743.93,0.6612
743.94,0.6722
743.96,0.6937
743.98,0.7144
743.99,0.7245
744.01,0.7439
744.03,0.7624
744.04,0.7712
744.06,0.7879
744.08,0.8035
744.09,0.8107
744.11,0.8243
744.13,0.8364
744.14,0.8419
744.16,0.8517
744.17,0.856
744.19,0.8634
744.21,0.8692
744.22,0.8715
744.24,0.8747
744.26,0.8763
744.27,0.8764
744.29,0.8754
744.31,0.8727
744.32,0.8707
744.34,0.8654
744.36,0.8586
744.37,0.8546
744.39,0.8454
744.41,0.8347
744.42,0.8288
744.44,0.8159
744.46,0.8018
744.47,0.7942
744.49,0.7783
744.51,0.7612
744.52,0.7523
744.54,0.7337
744.55,0.7241
744.57,0.7043
744.59,0.6838
744.6,0.6734
744.62,0.652
744.64,0.6303
744.65,0.6192
744.67,0.597
744.69,0.5746
744.7,0.5633
744.72,0.5408
744.74,0.5183
744.75,0.5071
744.77,0.4848
744.79,0.4628
744.8,0.4519
744.82,0.4304
744.84,0.4093
744.85,0.3989
744.87,0.3785
744.89,0.3587
744.9,0.349
744.92,0.33
744.93,0.3208
744.95,0.3028
744.97,0.2855
744.98,0.2771
745.0,0.2608
745.02,0.2453
745.03,0.2377
745.05,0.2232
745.07,0.2094
745.08,0.2027
745.1,0.19
745.12,0.1779
745.13,0.1721
745.15,0.161
745.17,0.1505
745.18,0.1455
745.2,0.1359
745.22,0.1269
745.23,0.1227
745.25,0.1145
745.27,0.1069
745.28,0.1033
745.3,0.09638
745.31,0.0931
745.33,0.08689
745.35,0.08109
745.36,0.07835
745.38,0.07314
745.4,0.06829
745.41,0.06599
745.43,0.06165
745.45,0.05761
745.46,0.0557
745.48,0.05209
745.5,0.04875
745.51,0.04717
745.53,0.0442
745.55,0.04145
745.56,0.04016
745.58,0.03774
745.6,0.03552
745.61,0.03449
745.63,0.03256
745.64,0.03167
745.66,0.03003
745.68,0.02857
745.69,0.02792
745.71,0.02674
745.73,0.02575
745.74,0.02533
745.76,0.02464
745.78,0.02414
745.79,0.02398
745.81,0.02381
745.83,0.02387
745.84,0.02399
745.86,0.02442
745.88,0.02513
745.89,0.02559
745.91,0.02674
745.93,0.02822
745.94,0.02909
745.96,0.03111
745.98,0.03352
745.99,0.03489
746.01,0.03797
746.02,0.03969
746.04,0.04351
746.06,0.04788
746.07,0.05029
746.09,0.05557
746.11,0.06151
746.12,0.06475
746.14,0.07178
746.16,0.07961
746.17,0.08385
746.19,0.09298
746.21,0.1031
746.22,0.1085
746.24,0.1201
746.26,0.1328
746.27,0.1395
746.29,0.154
746.31,0.1697
746.32,0.178
746.34,0.1957
746.36,0.2148
746.37,0.2249
746.39,0.2463
746.4,0.2575
746.42,0.2811
746.44,0.3064
746.45,0.3196
746.47,0.3474
746.49,0.3768
746.5,0.3922
746.52,0.4242
746.54,0.4579
746.55,0.4755
746.57,0.5118
746.59,0.5499
746.6,0.5695
746.62,0.6101
746.64,0.6523
746.65,0.6739
746.67,0.7184
746.69,0.7643
746.7,0.7878
746.72,0.8357
746.74,0.8847
746.75,0.9097
746.77,0.9602
746.78,0.9858
746.8,1.038
746.82,1.09
746.83,1.116
746.85,1.169
746.87,1.222
746.88,1.248
746.9,1.301
746.92,1.353
746.93,1.379
746.95,1.43
746.97,1.48
746.98,1.505
747.0,1.553
747.02,1.599
747.03,1.622
747.05,1.666
747.07,1.707
747.08,1.727
747.1,1.765
747.11,1.782
747.13,1.816
747.15,1.847
747.16,1.861
747.18,1.886
747.2,1.909
747.21,1.919
747.23,1.936
747.25,1.949
747.26,1.954
747.28,1.962
747.3,1.966
747.31,1.966
747.33,1.964
747.35,1.959
747.36,1.954
747.38,1.943
747.4,1.927
747.41,1.918
747.43,1.898
747.45,1.874
747.46,1.86
747.48,1.831
747.49,1.816
747.51,1.782
747.53,1.746
747.54,1.727
747.56,1.686
747.58,1.644
747.59,1.622
747.61,1.576
747.63,1.529
747.64,1.505
747.66,1.456
747.68,1.405
747.69,1.379
747.71,1.328
747.73,1.275
747.74,1.249
747.76,1.197
747.78,1.144
747.79,1.118
747.81,1.065
747.83,1.014
747.84,0.9879
747.86,0.9371
747.87,0.9121
747.89,0.8627
747.91,0.8145
747.92,0.7909
747.94,0.7445
747.96,0.6996
747.97,0.6776
747.99,0.6349
748.01,0.5938
748.02,0.5738
748.04,0.5352
748.06,0.4982
748.07,0.4803
748.09,0.4459
748.11,0.4133
748.12,0.3976
748.14,0.3675
748.16,0.3391
748.17,0.3255
748.19,0.2996
748.2,0.2873
748.22,0.2638
748.24,0.2418
748.25,0.2315
748.27,0.2118
748.29,0.1935
748.3,0.1849
748.32,0.1687
748.34,0.1538
748.35,0.1468
748.37,0.1337
748.39,0.1217
748.4,0.1162
748.42,0.1058
748.44,0.09642
748.45,0.09209
748.47,0.0841
748.49,0.07698
748.5,0.07372
748.52,0.0678
748.54,0.06261
748.55,0.06029
748.57,0.05613
748.58,0.0543
748.6,0.05109
748.62,0.04848
748.63,0.04738
748.65,0.04559
748.67,0.04432
748.68,0.04387
748.7,0.04333
748.72,0.04326
748.73,0.04339
748.75,0.04399
748.77,0.04501
748.78,0.04568
748.8,0.04733
748.82,0.04937
748.83,0.05055
748.85,0.05319
748.87,0.05621
748.88,0.05787
748.9,0.06147
748.92,0.06545
748.93,0.06757
748.95,0.0721
748.96,0.07451
748.98,0.07959
749.0,0.08503
749.01,0.08788
749.03,0.09385
749.05,0.1002
749.06,0.1034
749.08,0.1103
749.1,0.1174
749.11,0.1211
749.13,0.1287
749.15,0.1365
749.16,0.1406
749.18,0.1489
749.2,0.1574
749.21,0.1618
749.23,0.1706
749.25,0.1797
749.26,0.1843
749.28,0.1936
749.3,0.203
749.31,0.2078
749.33,0.2174
749.34,0.2223
749.36,0.232
749.38,0.2418
749.39,0.2467
749.41,0.2565
749.43,0.2663
749.44,0.2713
749.46,0.2811
749.48,0.2909
749.49,0.2958
749.51,0.3056
749.53,0.3154
749.54,0.3203
749.56,0.3302
749.58,0.3402
749.59,0.3453
749.61,0.3555
749.63,0.366
749.64,0.3714
749.66,0.3824
749.67,0.3881
749.69,0.4001
749.71,0.4127
749.72,0.4194
749.74,0.4335
749.76,0.4489
749.77,0.4572
749.79,0.475
749.81,0.4947
749.82,0.5054
749.84,0.5287
749.86,0.5548
749.87,0.5691
749.89,0.6004
749.91,0.6357
749.92,0.6551
749.94,0.6975
749.96,0.7454
749.97,0.7717
749.99,0.8291
750.01,0.8938
750.02,0.9291
750.04,1.006
750.05,1.048
750.07,1.14
750.09,1.242
750.1,1.297
750.12,1.418
750.14,1.551
750.15,1.624
750.17,1.78
750.19,1.952
750.2,2.044
750.22,2.243
750.24,2.461
750.25,2.578
750.27,2.827
750.29,3.099
750.3,3.244
750.32,3.552
750.34,3.886
750.35,4.062
750.37,4.437
750.39,4.839
750.4,5.052
750.42,5.499
750.43,5.735
750.45,6.229
750.47,6.755
750.48,7.031
750.5,7.606
750.52,8.215
750.53,8.532
750.55,9.192
750.57,9.884
750.58,10.24
750.6,10.99
750.62,11.76
750.63,12.16
750.65,12.98
750.67,13.83
750.68,14.27
750.7,15.16
750.72,16.08
750.73,16.55
750.75,17.5
750.77,18.47
750.78,18.96
750.8,19.96
750.81,20.46
750.83,21.47
750.85,22.49
750.86,23.0
750.88,24.02
750.9,25.03
750.91,25.54
750.93,26.54
750.95,27.53
750.96,28.02
750.98,28.97
751.0,29.91
751.01,30.36
751.03,31.25
751.05,32.09
751.06,32.5
751.08,33.28
751.1,34.02
751.11,34.37
751.13,35.03
751.14,35.33
751.16,35.9
751.18,36.41
751.19,36.64
751.21,37.05
751.23,37.39
751.24,37.53
751.26,37.76
751.28,37.92
751.29,37.97
751.31,38.02
751.33,37.99
751.34,37.95
751.36,37.81
751.38,37.6
751.39,37.47
751.41,37.15
751.43,36.76
751.44,36.54
751.46,36.06
751.48,35.5
751.49,35.21
751.51,34.57
751.52,34.23
751.54,33.5
751.56,32.73
751.57,32.33
751.59,31.5
751.61,30.62
751.62,30.17
751.64,29.25
751.66,28.3
751.67,27.82
751.69,26.83
751.71,25.84
751.72,25.33
751.74,24.32
751.76,23.3
751.77,22.79
751.79,21.78
751.81,20.76
751.82,20.26
751.84,19.26
751.86,18.28
751.87,17.79
751.89,16.83
751.9,16.36
751.92,15.44
751.94,14.54
751.95,14.1
751.97,13.24
751.99,12.4
752.0,12.0
752.02,11.21
752.04,10.46
752.05,10.1
752.07,9.39
752.09,8.718
752.1,8.395
752.12,7.773
752.14,7.184
752.15,6.902
752.17,6.362
752.19,5.853
752.2,5.611
752.22,5.15
752.24,4.718
752.25,4.513
752.27,4.124
752.28,3.94
752.3,3.593
752.32,3.27
752.33,3.118
752.35,2.832
752.37,2.569
752.38,2.445
752.4,2.214
752.42,2.001
752.43,1.902
752.45,1.717
752.47,1.548
752.48,1.47
752.5,1.324
752.52,1.192
752.53,1.13
752.55,1.017
752.57,0.9141
752.58,0.8668
752.6,0.7794
752.61,0.7391
752.63,0.6649
752.65,0.5984
752.66,0.5679
752.68,0.5118
752.7,0.4618
752.71,0.4388
752.73,0.3968
752.75,0.3594
752.76,0.3423
752.78,0.311
752.8,0.2833
752.81,0.2706
752.83,0.2473
752.85,0.2267
752.86,0.2173
752.88,0.2
752.9,0.1847
752.91,0.1777
752.93,0.1648
752.95,0.1532
752.96,0.1479
752.98,0.1382
752.99,0.1337
753.01,0.1253
753.03,0.1178
753.04,0.1143
753.06,0.1078
753.08,0.1019
753.09,0.09912
753.11,0.09392
753.13,0.08913
753.14,0.08687
753.16,0.0826
753.18,0.07863
753.19,0.07674
753.21,0.07316
753.23,0.06979
753.24,0.06819
753.26,0.06512
753.28,0.06222
753.29,0.06083
753.31,0.05817
753.33,0.05566
753.34,0.05445
753.36,0.05213
753.37,0.05101
753.39,0.04887
753.41,0.04685
753.42,0.04588
753.44,0.04402
753.46,0.04227
753.47,0.04143
753.49,0.03983
753.51,0.03833
753.52,0.03761
753.54,0.03626
753.56,0.03499
753.57,0.0344
753.59,0.03327
753.61,0.03224
753.62,0.03175
753.64,0.03085
753.66,0.03003
753.67,0.02965
753.69,0.02896
753.71,0.02835
753.72,0.02808
753.74,0.02759
753.75,0.02737
753.77,0.027
753.79,0.0267
753.8,0.02658
753.82,0.02639
753.84,0.02628
753.85,0.02625
753.87,0.02624
753.89,0.0263
753.9,0.02635
753.92,0.0265
753.94,0.02672
753.95,0.02686
753.97,0.02717
753.99,0.02754
754.0,0.02775
754.02,0.02821
754.04,0.02872
754.05,0.029
754.07,0.02959
754.08,0.0299
754.1,0.03057
754.12,0.03129
754.13,0.03167
754.15,0.03246
754.17,0.0333
754.18,0.03373
754.2,0.03463
754.22,0.03557
754.23,0.03606
754.25,0.03706
754.27,0.03809
754.28,0.03862
754.3,0.03971
754.32,0.04082
754.33,0.04139
754.35,0.04255
754.37,0.04374
754.38,0.04434
754.4,0.04556
754.42,0.04679
754.43,0.04742
754.45,0.04868
754.46,0.04931
754.48,0.05058
754.5,0.05186
754.51,0.0525
754.53,0.05378
754.55,0.05505
754.56,0.05569
754.58,0.05694
754.6,0.05819
754.61,0.0588
754.63,0.06001
754.65,0.06119
754.66,0.06177
754.68,0.06289
754.7,0.06398
754.71,0.06451
754.73,0.06552
754.75,0.06648
754.76,0.06694
754.78,0.06781
754.8,0.06861
754.81,0.06898
754.83,0.06967
754.84,0.06998
754.86,0.07055
754.88,0.07103
754.89,0.07124
754.91,0.07158
754.93,0.07183
754.94,0.07192
754.96,0.07202
754.98,0.07202
754.99,0.07198
755.01,0.07182
755.03,0.07156
755.04,0.07139
755.06,0.07097
755.08,0.07044
755.09,0.07014
755.11,0.06945
755.13,0.06867
755.14,0.06824
755.16,0.06731
755.18,0.06629
755.19,0.06574
755.21,0.06459
755.22,0.06398
755.24,0.0627
755.26,0.06134
755.27,0.06064
755.29,0.05919
755.31,0.05767
755.32,0.0569
755.34,0.05531
755.36,0.05368
755.37,0.05285
755.39,0.05117
755.41,0.04947
755.42,0.04861
755.44,0.04688
755.46,0.04516
755.47,0.04429
755.49,0.04257
755.51,0.04086
755.52,0.04002
755.54,0.03835
755.55,0.03752
755.57,0.0359
755.59,0.03432
755.6,0.03355
755.62,0.03204
755.64,0.0306
755.65,0.02989
755.67,0.02854
755.69,0.02726
755.7,0.02664
755.72,0.02547
755.74,0.02438
755.75,0.02387
755.77,0.02291
755.79,0.02204
755.8,0.02163
755.82,0.0209
755.84,0.02026
755.85,0.01998
755.87,0.01949
755.89,0.01909
755.9,0.01893
755.92,0.01869
755.93,0.0186
755.95,0.01851
755.97,0.01852
755.98,0.01856
756.0,0.01872
756.02,0.01897
756.03,0.01914
756.05,0.01954
756.07,0.02004
756.08,0.02032
756.1,0.02096
756.12,0.02168
756.13,0.02208
756.15,0.02293
756.17,0.02387
756.18,0.02437
756.2,0.02542
756.22,0.02654
756.23,0.02713
756.25,0.02835
756.27,0.02963
756.28,0.03029
756.3,0.03166
756.31,0.03236
756.33,0.03379
756.35,0.03525
756.36,0.036
756.38,0.03751
756.4,0.03905
756.41,0.03982
756.43,0.04138
756.45,0.04294
756.46,0.04371
756.48,0.04527
756.5,0.04681
756.51,0.04757
756.53,0.04908
756.55,0.05056
756.56,0.05128
756.58,0.0527
756.6,0.05407
756.61,0.05473
756.63,0.05602
756.65,0.05724
756.66,0.05783
756.68,0.05895
756.69,0.05948
756.71,0.06048
756.73,0.06139
756.74,0.06181
756.76,0.06259
756.78,0.06328
756.79,0.06358
756.81,0.06412
756.83,0.06455
756.84,0.06473
756.86,0.06501
756.88,0.06519
756.89,0.06524
756.91,0.06525
756.93,0.06516
756.94,0.06508
756.96,0.06483
756.98,0.06449
756.99,0.06428
757.01,0.06378
757.02,0.0635
757.04,0.06286
757.06,0.06213
757.07,0.06173
757.09,0.06088
757.11,0.05994
757.12,0.05944
757.14,0.05839
757.16,0.05727
757.17,0.05669
757.19,0.05548
757.21,0.05421
757.22,0.05356
757.24,0.05222
757.26,0.05084
757.27,0.05014
757.29,0.04871
757.31,0.04725
757.32,0.04652
757.34,0.04503
757.36,0.04354
757.37,0.04279
757.39,0.04128
757.4,0.04053
757.42,0.03903
757.44,0.03754
757.45,0.0368
757.47,0.03533
757.49,0.03388
757.5,0.03317
757.52,0.03176
757.54,0.03039
757.55,0.02971
757.57,0.02839
757.59,0.02711
757.6,0.02649
757.62,0.02528
757.64,0.02412
757.65,0.02356
757.67,0.02248
757.69,0.02146
757.7,0.02097
757.72,0.02004
757.74,0.01917
757.75,0.01876
757.77,0.01799
757.78,0.01763
757.8,0.01696
757.82,0.01636
757.83,0.01609
757.85,0.0156
757.87,0.01519
757.88,0.01501
757.9,0.01471
757.92,0.01449
757.93,0.01441
757.95,0.0143
757.97,0.01427
757.98,0.01429
758.0,0.01438
758.02,0.01455
758.03,0.01467
758.05,0.01496
758.07,0.01533
758.08,0.01554
758.1,0.01603
758.12,0.0166
758.13,0.01691
758.15,0.01759
758.16,0.01796
758.18,0.01875
758.2,0.01961
758.21,0.02007
758.23,0.02103
758.25,0.02206
758.26,0.0226
758.28,0.02372
758.3,0.0249
758.31,0.02551
758.33,0.02677
758.35,0.02808
758.36,0.02874
758.38,0.03011
758.4,0.03151
758.41,0.03222
758.43,0.03366
758.45,0.03512
758.46,0.03585
758.48,0.03733
758.49,0.03807
758.51,0.03955
758.53,0.04102
758.54,0.04175
758.56,0.0432
758.58,0.04463
758.59,0.04533
758.61,0.04671
758.63,0.04804
758.64,0.04869
758.66,0.04996
758.68,0.05116
758.69,0.05174
758.71,0.05284
758.73,0.05388
758.74,0.05437
758.76,0.05529
758.78,0.05612
758.79,0.05651
758.81,0.05721
758.83,0.05783
758.84,0.0581
758.86,0.05858
758.87,0.05878
758.89,0.05912
758.91,0.05938
758.92,0.05947
758.94,0.05959
758.96,0.05963
758.97,0.05963
758.99,0.05956
759.01,0.05943
759.02,0.05934
759.04,0.05914
759.06,0.0589
759.07,0.05877
759.09,0.0585
759.11,0.05824
759.12,0.05812
759.14,0.0579
759.16,0.05774
759.17,0.05768
759.19,0.05766
759.21,0.05775
759.22,0.05786
759.24,0.0582
759.25,0.05845
759.27,0.05914
759.29,0.06009
759.3,0.06069
759.32,0.06215
759.34,0.06401
759.35,0.06511
759.37,0.06769
759.39,0.07082
759.4,0.07261
759.42,0.07671
759.44,0.08154
759.45,0.08427
759.47,0.09038
759.49,0.09745
759.5,0.1014
759.52,0.1101
759.54,0.12
759.55,0.1255
759.57,0.1375
759.58,0.1441
759.6,0.1584
759.62,0.1745
759.63,0.1832
759.65,0.2022
759.67,0.2232
759.68,0.2346
759.7,0.2591
759.72,0.2861
759.73,0.3006
759.75,0.3316
759.77,0.3656
759.78,0.3838
759.8,0.4225
759.82,0.4646
759.83,0.4869
759.85,0.5344
759.87,0.5856
759.88,0.6127
759.9,0.6699
759.92,0.7314
759.93,0.7637
759.95,0.8316
759.96,0.8673
759.98,0.9421
760.0,1.022
760.01,1.063
760.03,1.15
760.05,1.241
760.06,1.289
760.08,1.388
760.1,1.492
760.11,1.546
760.13,1.657
760.15,1.773
760.16,1.833
760.18,1.956
760.2,2.084
760.21,2.15
760.23,2.284
760.25,2.423
760.26,2.494
760.28,2.638
760.3,2.786
760.31,2.861
760.33,3.014
760.34,3.092
760.36,3.249
760.38,3.408
760.39,3.489
760.41,3.651
760.43,3.815
760.44,3.897
760.46,4.062
760.48,4.228
760.49,4.311
760.51,4.477
760.53,4.642
760.54,4.725
760.56,4.889
760.58,5.052
760.59,5.133
760.61,5.294
760.63,5.453
760.64,5.531
760.66,5.687
760.68,5.841
760.69,5.916
760.71,6.066
760.72,6.14
760.74,6.286
760.76,6.429
760.77,6.499
760.79,6.638
760.81,6.775
760.82,6.842
760.84,6.975
760.86,7.106
760.87,7.171
760.89,7.299
760.91,7.425
760.92,7.487
760.94,7.611
760.96,7.733
760.97,7.794
760.99,7.915
761.01,8.035
761.02,8.095
761.04,8.214
761.05,8.274
761.07,8.393
761.09,8.511
761.1,8.571
761.12,8.689
761.14,8.807
761.15,8.866
761.17,8.984
761.19,9.101
761.2,9.159
761.22,9.275
761.24,9.39
761.25,9.447
761.27,9.559
761.29,9.67
761.3,9.724
761.32,9.83
761.34,9.933
761.35,9.982
761.37,10.08
761.39,10.17
761.4,10.21
761.42,10.3
761.43,10.33
761.45,10.41
761.47,10.47
761.48,10.5
761.5,10.55
761.52,10.59
761.53,10.61
761.55,10.63
761.57,10.64
761.58,10.65
761.6,10.64
761.62,10.63
761.63,10.61
761.65,10.58
761.67,10.53
761.68,10.5
761.7,10.43
761.72,10.34
761.73,10.3
761.75,10.19
761.77,10.07
761.78,10.01
761.8,9.873
761.81,9.799
761.83,9.642
761.85,9.473
761.86,9.384
761.88,9.197
761.9,8.999
761.91,8.897
761.93,8.685
761.95,8.464
761.96,8.35
761.98,8.117
762.0,7.878
762.01,7.756
762.03,7.508
762.05,7.256
762.06,7.129
762.08,6.871
762.1,6.612
762.11,6.482
762.13,6.222
762.15,5.962
762.16,5.832
762.18,5.574
762.19,5.445
762.21,5.191
762.23,4.94
762.24,4.816
762.26,4.571
762.28,4.332
762.29,4.214
762.31,3.983
762.33,3.758
762.34,3.648
762.36,3.434
762.38,3.227
762.39,3.126
762.41,2.93
762.43,2.742
762.44,2.651
762.46,2.475
762.48,2.307
762.49,2.226
762.51,2.07
762.52,1.995
762.54,1.851
762.56,1.715
762.57,1.65
762.59,1.525
762.61,1.408
762.62,1.352
762.64,1.246
762.66,1.146
762.67,1.099
762.69,1.009
762.71,0.9257
762.72,0.8862
762.74,0.8117
762.76,0.7426
762.77,0.7101
762.79,0.6489
762.81,0.5924
762.82,0.5659
762.84,0.5162
762.86,0.4706
762.87,0.4493
762.89,0.4094
762.9,0.3907
762.92,0.356
762.94,0.3243
762.95,0.3096
762.97,0.2822
762.99,0.2573
763.0,0.2458
763.02,0.2244
763.04,0.2051
763.05,0.1962
763.07,0.1797
763.09,0.1648
763.1,0.158
763.12,0.1453
763.14,0.134
763.15,0.1288
763.17,0.1192
763.19,0.1106
763.2,0.1067
763.22,0.0995
763.24,0.09306
763.25,0.09011
763.27,0.0847
763.28,0.08223
763.3,0.07769
763.32,0.07364
763.33,0.07179
763.35,0.06839
763.37,0.06537
763.38,0.06398
763.4,0.06142
763.42,0.05913
763.43,0.05807
763.45,0.05612
763.47,0.05436
763.48,0.05354
763.5,0.05202
763.52,0.05062
763.53,0.04997
763.55,0.04874
763.57,0.0476
763.58,0.04706
763.6,0.04602
763.62,0.04505
763.63,0.04458
763.65,0.04368
763.66,0.04325
763.68,0.04241
763.7,0.0416
763.71,0.04121
763.73,0.04045
763.75,0.03973
763.76,0.03938
763.78,0.0387
763.8,0.03806
763.81,0.03775
763.83,0.03717
763.85,0.03664
763.86,0.0364
763.88,0.03596
763.9,0.03559
763.91,0.03543
763.93,0.03519
763.95,0.03505
763.96,0.03502
763.98,0.03507
763.99,0.03515
764.01,0.03542
764.03,0.03588
764.04,0.03619
764.06,0.03697
764.08,0.038
764.09,0.03863
764.11,0.0401
764.13,0.04193
764.14,0.04299
764.16,0.04541
764.18,0.04831
764.19,0.04995
764.21,0.05367
764.23,0.058
764.24,0.06043
764.26,0.06585
764.28,0.0721
764.29,0.07557
764.31,0.08325
764.33,0.09202
764.34,0.09686
764.36,0.1075
764.37,0.1134
764.39,0.1262
764.41,0.1407
764.42,0.1486
764.44,0.166
764.46,0.1855
764.47,0.1961
764.49,0.2192
764.51,0.2451
764.52,0.2592
764.54,0.2897
764.56,0.3237
764.57,0.3421
764.59,0.382
764.61,0.4263
764.62,0.4502
764.64,0.5018
764.66,0.5589
764.67,0.5896
764.69,0.6559
764.71,0.729
764.72,0.7682
764.74,0.8526
764.75,0.8979
764.77,0.9951
764.79,1.102
764.8,1.159
764.82,1.281
764.84,1.415
764.85,1.487
764.87,1.64
764.89,1.807
764.9,1.896
764.92,2.086
764.94,2.293
764.95,2.403
764.97,2.637
764.99,2.892
765.0,3.028
765.02,3.316
765.04,3.629
765.05,3.795
765.07,4.147
765.09,4.529
765.1,4.731
765.12,5.16
765.13,5.387
765.15,5.869
765.17,6.39
765.18,6.665
765.2,7.249
765.22,7.878
765.23,8.211
765.25,8.915
765.27,9.673
765.28,10.07
765.3,10.92
765.32,11.83
765.33,12.31
765.35,13.33
765.37,14.42
765.38,15.0
765.4,16.22
765.42,17.52
765.43,18.21
765.45,19.66
765.46,20.42
765.48,22.03
765.5,23.76
765.51,24.67
765.53,26.58
765.55,28.62
765.56,29.69
765.58,31.95
765.6,34.35
765.61,35.61
765.63,38.26
765.65,41.08
765.66,42.55
765.68,45.64
765.7,48.92
765.71,50.64
765.73,54.21
765.75,58.0
765.76,59.97
765.78,64.09
765.8,68.42
765.81,70.67
765.83,75.35
765.84,77.78
765.86,82.81
765.88,88.08
765.89,90.81
765.91,96.43
765.93,102.3
765.94,105.3
765.96,111.5
765.98,118.0
765.99,121.3
766.01,128.1
766.03,135.1
766.04,138.7
766.06,146.0
766.08,153.4
766.09,157.2
766.11,165.0
766.13,172.8
766.14,176.8
766.16,184.8
766.18,192.9
766.19,197.0
766.21,205.2
766.22,209.3
766.24,217.5
766.26,225.7
766.27,229.8
766.29,237.9
766.31,245.8
766.32,249.8
766.34,257.5
766.36,265.1
766.37,268.8
766.39,276.0
766.41,282.9
766.42,286.3
766.44,292.7
766.46,298.8
766.47,301.7
766.49,307.2
766.51,312.3
766.52,314.6
766.54,319.0
766.56,322.8
766.57,324.5
766.59,327.6
766.6,328.9
766.62,331.1
766.64,332.7
766.65,333.3
766.67,334.0
766.69,334.2
766.7,334.0
766.72,333.2
766.74,331.9
766.75,331.0
766.77,328.8
766.79,325.9
766.8,324.3
766.82,320.7
766.84,316.5
766.85,314.2
766.87,309.3
766.89,303.9
766.9,301.0
766.92,294.9
766.93,291.8
766.95,285.1
766.97,278.1
766.98,274.5
767.0,267.1
767.02,259.4
767.03,255.5
767.05,247.4
767.07,239.3
767.08,235.1
767.1,226.8
767.12,218.4
767.13,214.2
767.15,205.7
767.17,197.3
767.18,193.1
767.2,184.7
767.22,176.5
767.23,172.4
767.25,164.4
767.27,156.6
767.28,152.7
767.3,145.1
767.31,141.4
767.33,134.2
767.35,127.3
767.36,123.9
767.38,117.4
767.4,111.1
767.41,108.1
767.43,102.3
767.45,96.83
767.46,94.21
767.48,89.19
767.5,84.5
767.51,82.27
767.53,78.05
767.55,74.14
767.56,72.3
767.58,68.86
767.6,65.71
767.61,64.25
767.63,61.53
767.65,59.1
767.66,57.98
767.68,55.93
767.69,55.01
767.71,53.33
767.73,51.88
767.74,51.24
767.76,50.1
767.78,49.16
767.79,48.76
767.81,48.07
767.83,47.55
767.84,47.34
767.86,47.02
767.88,46.82
767.89,46.76
767.91,46.71
767.93,46.74
767.94,46.79
767.96,46.92
767.98,47.1
767.99,47.21
768.01,47.44
768.02,47.57
768.04,47.83
768.06,48.1
768.07,48.23
768.09,48.49
768.11,48.72
768.12,48.83
768.14,49.03
768.16,49.19
768.17,49.25
768.19,49.35
768.21,49.4
768.22,49.4
768.24,49.37
768.26,49.28
768.27,49.22
768.29,49.04
768.31,48.81
768.32,48.67
768.34,48.36
768.36,47.98
768.37,47.78
768.39,47.33
768.4,47.08
768.42,46.56
768.44,45.99
768.45,45.69
768.47,45.07
768.49,44.41
768.5,44.07
768.52,43.37
768.54,42.66
768.55,42.3
768.57,41.57
768.59,40.84
768.6,40.48
768.62,39.75
768.64,39.04
768.65,38.7
768.67,38.02
768.69,37.37
768.7,37.06
768.72,36.47
768.74,35.92
768.75,35.66
768.77,35.2
768.78,34.98
768.8,34.61
768.82,34.3
768.83,34.17
768.85,33.97
768.87,33.86
768.88,33.83
768.9,33.84
768.92,33.95
768.93,34.04
768.95,34.29
768.97,34.64
768.98,34.85
769.0,35.36
769.02,35.98
769.03,36.34
769.05,37.13
769.07,38.04
769.08,38.54
769.1,39.63
769.12,40.84
769.13,41.49
769.15,42.89
769.16,43.64
769.18,45.23
769.2,46.95
769.21,47.85
769.23,49.77
769.25,51.81
769.26,52.88
769.28,55.12
769.3,57.48
769.31,58.71
769.33,61.26
769.35,63.94
769.36,65.33
769.38,68.18
769.4,71.15
769.41,72.68
769.43,75.81
769.45,79.05
769.46,80.71
769.48,84.08
769.49,85.8
769.51,89.3
769.53,92.88
769.54,94.69
769.56,98.35
769.58,102.1
769.59,103.9
769.61,107.7
769.63,111.4
769.64,113.3
769.66,117.1
769.68,120.8
769.69,122.7
769.71,126.4
769.73,130.0
769.74,131.8
769.76,135.3
769.78,138.7
769.79,140.3
769.81,143.6
769.83,146.6
769.84,148.1
769.86,151.0
769.87,152.3
769.89,154.9
769.91,157.3
769.92,158.4
769.94,160.4
769.96,162.2
769.97,163.0
769.99,164.4
770.01,165.6
770.02,166.1
770.04,166.9
770.06,167.3
770.07,167.5
770.09,167.5
770.11,167.3
770.12,167.1
770.14,166.4
770.16,165.5
770.17,164.9
770.19,163.6
770.21,162.0
770.22,161.0
770.24,159.0
770.25,157.9
770.27,155.5
770.29,152.9
770.3,151.5
770.32,148.5
770.34,145.4
770.35,143.7
770.37,140.3
770.39,136.7
770.4,134.8
770.42,131.0
770.44,127.1
770.45,125.1
770.47,121.0
770.49,116.9
770.5,114.8
770.52,110.5
770.54,106.3
770.55,104.1
770.57,99.86
770.59,95.59
770.6,93.46
770.62,89.22
770.63,87.12
770.65,82.96
770.67,78.86
770.68,76.83
770.7,72.85
770.72,68.95
770.73,67.04
770.75,63.3
770.77,59.66
770.78,57.89
770.8,54.44
770.82,51.11
770.83,49.49
770.85,46.36
770.87,43.36
770.88,41.91
770.9,39.11
770.92,36.44
770.93,35.16
770.95,32.7
770.96,31.52
770.98,29.26
771.0,27.13
771.01,26.11
771.03,24.17
771.05,22.34
771.06,21.48
771.08,19.83
771.1,18.3
771.11,17.57
771.13,16.19
771.15,14.91
771.16,14.31
771.18,13.17
771.2,12.12
771.21,11.62
771.23,10.69
771.25,9.836
771.26,9.434
771.28,8.68
771.3,7.988
771.31,7.664
771.33,7.057
771.34,6.773
771.36,6.242
771.38,5.757
771.39,5.53
771.41,5.106
771.43,4.719
771.44,4.538
771.46,4.199
771.48,3.89
771.49,3.746
771.51,3.475
771.53,3.227
771.54,3.111
771.56,2.894
771.58,2.694
771.59,2.6
771.61,2.423
771.63,2.26
771.64,2.184
771.66,2.039
771.68,1.905
771.69,1.841
771.71,1.721
771.72,1.665
771.74,1.557
771.76,1.456
771.77,1.408
771.79,1.317
771.81,1.231
771.82,1.191
771.84,1.113
771.86,1.04
771.87,1.005
771.89,0.9385
771.91,0.8759
771.92,0.846
771.94,0.7888
771.96,0.7351
771.97,0.7094
771.99,0.6603
772.01,0.6142
772.02,0.5923
772.04,0.5504
772.06,0.5111
772.07,0.4924
772.09,0.4568
772.1,0.4399
772.12,0.4079
772.14,0.378
772.15,0.3639
772.17,0.3371
772.19,0.3124
772.2,0.3007
772.22,0.2788
772.24,0.2586
772.25,0.2492
772.27,0.2316
772.29,0.2156
772.3,0.2081
772.32,0.1944
772.34,0.1821
772.35,0.1764
772.37,0.1662
772.39,0.1572
772.4,0.1532
772.42,0.1461
772.43,0.143
772.45,0.1377
772.47,0.1336
772.48,0.1319
772.5,0.1294
772.52,0.1281
772.53,0.1278
772.55,0.1281
772.57,0.1295
772.58,0.1307
772.6,0.1339
772.62,0.1382
772.63,0.1409
772.65,0.1472
772.67,0.1548
772.68,0.1592
772.7,0.1691
772.72,0.1807
772.73,0.1872
772.75,0.2016
772.77,0.218
772.78,0.2271
772.8,0.2471
772.81,0.2581
772.83,0.2823
772.85,0.3097
772.86,0.3246
772.88,0.3575
772.9,0.3945
772.91,0.4147
772.93,0.4589
772.95,0.5086
772.96,0.5358
772.98,0.595
773.0,0.6614
773.01,0.6976
773.03,0.7765
773.05,0.8648
773.06,0.9127
773.08,1.017
773.1,1.133
773.11,1.197
773.13,1.334
773.15,1.486
773.16,1.568
773.18,1.746
773.19,1.843
773.21,2.05
773.23,2.28
773.24,2.404
773.26,2.67
773.28,2.963
773.29,3.12
773.31,3.457
773.33,3.826
773.34,4.023
773.36,4.445
773.38,4.905
773.39,5.15
773.41,5.671
773.43,6.236
773.44,6.536
773.46,7.173
773.48,7.859
773.49,8.222
773.51,8.988
773.53,9.81
773.54,10.24
773.56,11.15
773.57,11.63
773.59,12.63
773.61,13.7
773.62,14.26
773.64,15.42
773.66,16.65
773.67,17.29
773.69,18.62
773.71,20.02
773.72,20.74
773.74,22.24
773.76,23.8
773.77,24.61
773.79,26.27
773.81,28.0
773.82,28.88
773.84,30.69
773.86,32.56
773.87,33.51
773.89,35.45
773.9,36.44
773.92,38.45
773.94,40.49
773.95,41.52
773.97,43.61
773.99,45.71
774.0,46.77
774.02,48.9
774.04,51.02
774.05,52.09
774.07,54.2
774.09,56.3
774.1,57.34
774.12,59.4
774.14,61.41
774.15,62.4
774.17,64.34
774.19,66.22
774.2,67.13
774.22,68.9
774.24,70.58
774.25,71.39
774.27,72.93
774.28,73.66
774.3,75.04
774.32,76.3
774.33,76.89
774.35,77.97
774.37,78.91
774.38,79.34
774.4,80.08
774.42,80.67
774.43,80.92
774.45,81.3
774.47,81.52
774.48,81.58
774.5,81.58
774.52,81.43
774.53,81.3
774.55,80.92
774.57,80.4
774.58,80.08
774.6,79.34
774.62,78.47
774.63,77.98
774.65,76.9
774.66,76.31
774.68,75.05
774.7,73.67
774.71,72.94
774.73,71.4
774.75,69.76
774.76,68.91
774.78,67.14
774.8,65.3
774.81,64.35
774.83,62.41
774.85,60.42
774.86,59.41
774.88,57.35
774.9,55.26
774.91,54.21
774.93,52.09
774.95,49.96
774.96,48.89
774.98,46.77
775.0,44.65
775.01,43.6
775.03,41.51
775.04,40.47
775.06,38.42
775.08,36.41
775.09,35.43
775.11,33.48
775.13,31.58
775.14,30.65
775.16,28.84
775.18,27.08
775.19,26.22
775.21,24.56
775.23,22.95
775.24,22.18
775.26,20.67
775.28,19.24
775.29,18.54
775.31,17.21
775.33,15.94
775.34,15.33
775.36,14.16
775.37,13.6
775.39,12.53
775.41,11.53
775.42,11.05
775.44,10.13
775.46,9.279
775.47,8.874
775.49,8.105
775.51,7.39
775.52,7.051
775.54,6.413
775.56,5.823
775.57,5.545
775.59,5.022
775.61,4.541
775.62,4.316
775.64,3.893
775.66,3.507
775.67,3.327
775.69,2.99
775.71,2.684
775.72,2.541
775.74,2.276
775.75,2.153
775.77,1.925
775.79,1.719
775.8,1.624
775.82,1.447
775.84,1.289
775.85,1.216
775.87,1.082
775.89,0.9617
775.9,0.9065
775.92,0.8051
775.94,0.7148
775.95,0.6735
775.97,0.5978
775.99,0.5305
776.0,0.4999
776.02,0.4438
776.04,0.3942
776.05,0.3717
776.07,0.3305
776.09,0.2942
776.1,0.2776
776.12,0.2476
776.13,0.2339
776.15,0.2091
776.17,0.1873
776.18,0.1773
776.2,0.1593
776.22,0.1434
776.23,0.1362
776.25,0.1232
776.27,0.1116
776.28,0.1064
776.3,0.09688
776.32,0.08849
776.33,0.08467
776.35,0.07772
776.37,0.07158
776.38,0.06878
776.4,0.06367
776.42,0.05915
776.43,0.05709
776.45,0.05331
776.47,0.04996
776.48,0.04843
776.5,0.04563
776.51,0.04435
776.53,0.042
776.55,0.03992
776.56,0.03896
776.58,0.03722
776.6,0.03567
776.61,0.03496
776.63,0.03368
776.65,0.03254
776.66,0.03202
776.68,0.03108
776.7,0.03026
776.71,0.02989
776.73,0.02922
776.75,0.02865
776.76,0.0284
776.78,0.02795
776.8,0.02758
776.81,0.02742
776.83,0.02715
776.84,0.02704
776.86,0.02686
776.88,0.02674
776.89,0.0267
776.91,0.02665
776.93,0.02666
776.94,0.02668
776.96,0.02676
776.98,0.02689
776.99,0.02697
777.01,0.02717
777.03,0.02741
777.04,0.02755
777.06,0.02787
777.08,0.02824
777.09,0.02845
777.11,0.0289
777.13,0.0294
777.14,0.02968
777.16,0.03028
777.18,0.03095
777.19,0.03131
777.21,0.03208
777.22,0.0325
777.24,0.03339
777.26,0.03436
777.27,0.03488
777.29,0.03599
777.31,0.0372
777.32,0.03784
777.34,0.03921
777.36,0.04068
777.37,0.04146
777.39,0.0431
777.41,0.04486
777.42,0.04579
777.44,0.04775
777.46,0.04983
777.47,0.05092
777.49,0.05321
777.51,0.05563
777.52,0.0569
777.54,0.05953
777.56,0.0623
777.57,0.06374
777.59,0.06673
777.6,0.06827
777.62,0.07146
777.64,0.07479
777.65,0.07651
777.67,0.08003
777.69,0.08368
777.7,0.08556
777.72,0.08939
777.74,0.09333
777.75,0.09533
777.77,0.09942
777.79,0.1036
777.8,0.1057
777.82,0.11
777.84,0.1144
777.85,0.1166
777.87,0.121
777.89,0.1254
777.9,0.1277
777.92,0.1321
777.93,0.1344
777.95,0.1388
777.97,0.1433
777.98,0.1455
778.0,0.1498
778.02,0.1541
778.03,0.1562
778.05,0.1604
778.07,0.1645
778.08,0.1665
778.1,0.1703
778.12,0.1741
778.13,0.1759
778.15,0.1794
778.17,0.1828
778.18,0.1844
778.2,0.1874
778.22,0.1903
778.23,0.1917
778.25,0.1943
778.27,0.1966
778.28,0.1977
778.3,0.1997
778.31,0.2007
778.33,0.2024
778.35,0.2038
778.36,0.2045
778.38,0.2056
778.4,0.2064
778.41,0.2068
778.43,0.2073
778.45,0.2077
778.46,0.2077
778.48,0.2077
778.5,0.2075
778.51,0.2074
778.53,0.2068
778.55,0.2061
778.56,0.2057
778.58,0.2048
778.6,0.2036
778.61,0.203
778.63,0.2016
778.65,0.2001
778.66,0.1993
778.68,0.1976
778.69,0.1967
778.71,0.1948
778.73,0.1928
778.74,0.1917
778.76,0.1896
778.78,0.1874
778.79,0.1862
778.81,0.1839
778.83,0.1815
778.84,0.1803
778.86,0.1778
778.88,0.1752
778.89,0.1739
778.91,0.1713
778.93,0.1686
778.94,0.1673
778.96,0.1646
778.98,0.1618
778.99,0.1604
779.01,0.1576
779.03,0.1548
779.04,0.1534
779.06,0.1505
779.07,0.1491
779.09,0.1462
779.11,0.1432
779.12,0.1418
779.14,0.1388
779.16,0.1358
779.17,0.1343
779.19,0.1313
779.21,0.1282
779.22,0.1267
779.24,0.1236
779.26,0.1205
779.27,0.119
779.29,0.1158
779.31,0.1127
779.32,0.1111
779.34,0.108
779.36,0.1048
779.37,0.1032
779.39,0.1001
779.4,0.09848
779.42,0.09532
779.44,0.09217
779.45,0.0906
779.47,0.08747
779.49,0.08437
779.5,0.08283
779.52,0.07977
779.54,0.07675
779.55,0.07526
779.57,0.07231
779.59,0.06942
779.6,0.068
779.62,0.0652
779.64,0.06249
779.65,0.06116
779.67,0.05856
779.69,0.05606
779.7,0.05485
779.72,0.05251
779.74,0.05028
779.75,0.04921
779.77,0.04716
779.78,0.04619
779.8,0.04435
779.82,0.04266
779.83,0.04187
779.85,0.04042
779.87,0.03913
779.88,0.03855
779.9,0.03753
779.92,0.0367
779.93,0.03635
779.95,0.03582
779.97,0.0355
779.98,0.03543
780.0,0.03544
780.02,0.03569
780.03,0.0359
780.05,0.03652
780.07,0.03739
780.08,0.03793
780.1,0.0392
780.12,0.04076
780.13,0.04164
780.15,0.04364
780.16,0.04474
780.18,0.04719
780.2,0.04996
780.21,0.05146
780.23,0.05471
780.25,0.0583
780.26,0.06022
780.28,0.06433
780.3,0.06879
780.31,0.07115
780.33,0.07615
780.35,0.08151
780.36,0.08434
780.38,0.09026
780.4,0.09655
780.41,0.09984
780.43,0.1067
780.45,0.1139
780.46,0.1177
780.48,0.1255
780.5,0.1337
780.51,0.1379
780.53,0.1466
780.54,0.1511
780.56,0.1603
780.58,0.1699
780.59,0.1749
780.61,0.185
780.63,0.1954
780.64,0.2007
780.66,0.2116
780.68,0.2227
780.69,0.2284
780.71,0.24
780.73,0.2518
780.74,0.2578
780.76,0.27
780.78,0.2824
780.79,0.2887
780.81,0.3014
780.83,0.3142
780.84,0.3207
780.86,0.3338
780.87,0.3405
780.89,0.3538
780.91,0.3673
780.92,0.374
780.94,0.3877
780.96,0.4015
780.97,0.4084
780.99,0.4223
781.01,0.4363
781.02,0.4434
781.04,0.4575
781.06,0.4718
781.07,0.479
781.09,0.4934
781.11,0.508
781.12,0.5153
781.14,0.5301
781.16,0.5449
781.17,0.5524
781.19,0.5675
781.21,0.5827
781.22,0.5904
781.24,0.6059
781.25,0.6137
781.27,0.6295
781.29,0.6454
781.3,0.6535
781.32,0.6697
781.34,0.6862
781.35,0.6945
781.37,0.7113
781.39,0.7282
781.4,0.7367
781.42,0.754
781.44,0.7714
781.45,0.7801
781.47,0.7978
781.49,0.8155
781.5,0.8244
781.52,0.8423
781.54,0.8602
781.55,0.8692
781.57,0.8872
781.59,0.9051
781.6,0.914
781.62,0.9318
781.63,0.9407
781.65,0.9582
781.67,0.9756
781.68,0.9842
781.7,1.001
781.72,1.018
781.73,1.026
781.75,1.043
781.77,1.059
781.78,1.067
781.8,1.082
781.82,1.097
781.83,1.105
781.85,1.12
781.87,1.135
781.88,1.142
781.9,1.157
781.92,1.172
781.93,1.18
781.95,1.195
781.97,1.212
781.98,1.22
782.0,1.238
782.01,1.248
782.03,1.269
782.05,1.291
782.06,1.304
782.08,1.331
782.1,1.362
782.11,1.38
782.13,1.418
782.15,1.462
782.16,1.486
782.18,1.541
782.2,1.604
782.21,1.639
782.23,1.717
782.25,1.808
782.26,1.858
782.28,1.969
782.3,2.097
782.31,2.168
782.33,2.324
782.34,2.411
782.36,2.601
782.38,2.817
782.39,2.935
782.41,3.195
782.43,3.488
782.44,3.647
782.46,3.996
782.48,4.386
782.49,4.598
782.51,5.058
782.53,5.57
782.54,5.846
782.56,6.444
782.58,7.104
782.59,7.459
782.61,8.222
782.63,9.06
782.64,9.509
782.66,10.47
782.68,11.52
782.69,12.08
782.71,13.27
782.72,13.9
782.74,15.25
782.76,16.7
782.77,17.47
782.79,19.1
782.81,20.85
782.82,21.77
782.84,23.71
782.86,25.79
782.87,26.88
782.89,29.16
782.91,31.59
782.92,32.86
782.94,35.5
782.96,38.29
782.97,39.75
782.99,42.77
783.01,45.93
783.02,47.57
783.04,50.97
783.06,54.51
783.07,56.33
783.09,60.08
783.1,62.01
783.12,65.96
783.14,70.05
783.15,72.13
783.17,76.4
783.19,80.76
783.2,82.99
783.22,87.5
783.24,92.09
783.25,94.41
783.27,99.1
783.29,103.8
783.3,106.2
783.32,111.0
783.34,115.8
783.35,118.1
783.37,122.9
783.39,127.6
783.4,130.0
783.42,134.6
783.44,139.1
783.45,141.4
783.47,145.7
783.48,147.9
783.5,152.0
783.52,156.0
783.53,158.0
783.55,161.7
783.57,165.2
783.58,166.9
783.6,170.0
783.62,172.9
783.63,174.3
783.65,176.8
783.67,179.0
783.68,180.0
783.7,181.8
783.72,183.2
783.73,183.8
783.75,184.8
783.77,185.4
783.78,185.6
783.8,185.8
783.81,185.7
783.83,185.3
783.85,184.7
783.86,184.2
783.88,183.0
783.9,181.5
783.91,180.6
783.93,178.7
783.95,176.4
783.96,175.2
783.98,172.5
784.0,169.5
784.01,168.0
784.03,164.7
784.05,161.1
784.06,159.3
784.08,155.4
784.1,151.4
784.11,149.4
784.13,145.1
784.15,140.7
784.16,138.5
784.18,134.0
784.19,131.7
784.21,127.0
784.23,122.3
784.24,120.0
784.26,115.2
784.28,110.5
784.29,108.1
784.31,103.4
784.33,98.67
784.34,96.35
784.36,91.74
784.38,87.2
784.39,84.96
784.41,80.56
784.43,76.25
784.44,74.14
784.46,70.01
784.48,66.0
784.49,64.04
784.51,60.22
784.53,56.55
784.54,54.76
784.56,51.3
784.57,49.63
784.59,46.39
784.61,43.31
784.62,41.82
784.64,38.96
784.66,36.24
784.67,34.94
784.69,32.45
784.71,30.1
784.72,28.98
784.74,26.84
784.76,24.84
784.77,23.89
784.79,22.08
784.81,20.39
784.82,19.6
784.84,18.09
784.86,16.69
784.87,16.03
784.89,14.79
784.91,13.65
784.92,13.11
784.94,12.1
784.95,11.63
784.97,10.74
784.99,9.931
785.0,9.552
785.02,8.844
785.04,8.198
785.05,7.897
785.07,7.336
785.09,6.825
785.1,6.588
785.12,6.145
785.14,5.743
785.15,5.556
785.17,5.207
785.19,4.89
785.2,4.742
785.22,4.466
785.24,4.215
785.25,4.097
785.27,3.877
785.28,3.774
785.3,3.58
785.32,3.401
785.33,3.317
785.35,3.157
785.37,3.009
785.38,2.938
785.4,2.804
785.42,2.677
785.43,2.617
785.45,2.501
785.47,2.39
785.48,2.337
785.5,2.234
785.52,2.135
785.53,2.087
785.55,1.993
785.57,1.903
785.58,1.859
785.6,1.773
785.62,1.69
785.63,1.65
785.65,1.57
785.66,1.532
785.68,1.456
785.7,1.382
785.71,1.346
785.73,1.276
785.75,1.207
785.76,1.174
785.78,1.109
785.8,1.046
785.81,1.016
785.83,0.9564
785.85,0.8992
785.86,0.8714
785.88,0.8176
785.9,0.7661
785.91,0.7412
785.93,0.693
785.95,0.6471
785.96,0.6251
785.98,0.5826
786.0,0.5424
786.01,0.5231
786.03,0.4863
786.04,0.4687
786.06,0.4352
786.08,0.4039
786.09,0.389
786.11,0.3609
786.13,0.335
786.14,0.3228
786.16,0.3
786.18,0.2793
786.19,0.2697
786.21,0.2521
786.23,0.2365
786.24,0.2295
786.26,0.217
786.28,0.2066
786.29,0.2022
786.31,0.195
786.33,0.1899
786.34,0.1882
786.36,0.1865
786.38,0.1871
786.39,0.1883
786.41,0.1926
786.42,0.1958
786.44,0.204
786.46,0.2151
786.47,0.2217
786.49,0.2374
786.51,0.2563
786.52,0.2671
786.54,0.2914
786.56,0.3197
786.57,0.3354
786.59,0.3701
786.61,0.4095
786.62,0.431
786.64,0.4781
786.66,0.5309
786.67,0.5595
786.69,0.6215
786.71,0.6903
786.72,0.7274
786.74,0.8072
786.75,0.85
786.77,0.942
786.79,1.043
786.8,1.097
786.82,1.212
786.84,1.337
786.85,1.404
786.87,1.546
786.89,1.7
786.9,1.781
786.92,1.954
786.94,2.14
786.95,2.238
786.97,2.445
786.99,2.667
787.0,2.784
787.02,3.029
787.04,3.291
787.05,3.428
787.07,3.714
787.09,4.018
787.1,4.177
787.12,4.508
787.13,4.68
787.15,5.039
787.17,5.416
787.18,5.611
787.2,6.016
787.22,6.44
787.23,6.659
787.25,7.111
787.27,7.581
787.28,7.823
787.3,8.32
787.32,8.834
787.33,9.098
787.35,9.638
787.37,10.19
787.38,10.48
787.4,11.05
787.42,11.64
787.43,11.95
787.45,12.55
787.47,13.17
787.48,13.49
787.5,14.12
787.51,14.44
787.53,15.08
787.55,15.73
787.56,16.06
787.58,16.71
787.6,17.36
787.61,17.68
787.63,18.33
787.65,18.98
787.66,19.3
787.68,19.93
787.7,20.56
787.71,20.86
787.73,21.47
787.75,22.06
787.76,22.35
787.78,22.92
787.8,23.47
787.81,23.73
787.83,24.25
787.85,24.74
787.86,24.98
787.88,25.43
787.89,25.65
787.91,26.06
787.93,26.44
787.94,26.62
787.96,26.95
787.98,27.25
787.99,27.39
788.01,27.64
788.03,27.85
788.04,27.95
788.06,28.1
788.08,28.23
788.09,28.27
788.11,28.34
788.13,28.37
788.14,28.37
788.16,28.35
788.18,28.29
788.19,28.24
788.21,28.13
788.22,28.05
788.24,27.89
788.26,27.68
788.27,27.57
788.29,27.32
788.31,27.04
788.32,26.89
788.34,26.57
788.36,26.21
788.37,26.03
788.39,25.64
788.41,25.23
788.42,25.02
788.44,24.58
788.46,24.13
788.47,23.89
788.49,23.42
788.51,22.93
788.52,22.68
788.54,22.19
788.56,21.68
788.57,21.43
788.59,20.93
788.6,20.67
788.62,20.17
788.64,19.68
788.65,19.44
788.67,18.96
788.69,18.49
788.7,18.27
788.72,17.82
788.74,17.4
788.75,17.2
788.77,16.81
788.79,16.45
788.8,16.28
788.82,15.96
788.84,15.67
788.85,15.54
788.87,15.31
788.89,15.11
788.9,15.02
788.92,14.88
788.94,14.78
788.95,14.75
788.97,14.71
788.98,14.71
789.0,14.73
789.02,14.8
789.03,14.86
789.05,15.0
789.07,15.18
789.08,15.29
789.1,15.54
789.12,15.84
789.13,16.0
789.15,16.36
789.17,16.77
789.18,16.98
789.2,17.44
789.22,17.95
789.23,18.21
789.25,18.76
789.27,19.35
789.28,19.65
789.3,20.28
789.31,20.61
789.33,21.27
789.35,21.96
789.36,22.31
789.38,23.02
789.4,23.74
789.41,24.1
789.43,24.83
789.45,25.57
789.46,25.93
789.48,26.66
789.5,27.38
789.51,27.73
789.53,28.43
789.55,29.11
789.56,29.44
789.58,30.09
789.6,30.7
789.61,30.99
789.63,31.56
789.65,32.08
789.66,32.33
789.68,32.79
789.69,33.0
789.71,33.4
789.73,33.74
789.74,33.89
789.76,34.15
789.78,34.36
789.79,34.44
789.81,34.56
789.83,34.62
789.84,34.63
789.86,34.61
789.88,34.52
789.89,34.46
789.91,34.28
789.93,34.05
789.94,33.91
789.96,33.59
789.98,33.22
789.99,33.01
790.01,32.56
790.03,32.05
790.04,31.78
790.06,31.21
790.07,30.91
790.09,30.27
790.11,29.59
790.12,29.24
790.14,28.51
790.16,27.75
790.17,27.36
790.19,26.56
790.21,25.74
790.22,25.33
790.24,24.48
790.26,23.62
790.27,23.19
790.29,22.32
790.31,21.45
790.32,21.01
790.34,20.14
790.36,19.27
790.37,18.84
790.39,17.98
790.41,17.14
790.42,16.72
790.44,15.9
790.45,15.5
790.47,14.71
790.49,13.94
790.5,13.57
790.52,12.84
790.54,12.13
790.55,11.79
790.57,11.13
790.59,10.51
790.6,10.2
790.62,9.625
790.64,9.08
790.65,8.821
790.67,8.33
790.69,7.876
790.7,7.662
790.72,7.264
790.74,6.904
790.75,6.738
790.77,6.437
790.78,6.301
790.8,6.059
790.82,5.858
790.83,5.772
790.85,5.632
790.87,5.533
790.88,5.499
790.9,5.463
790.92,5.47
790.93,5.489
790.95,5.56
790.97,5.675
790.98,5.748
791.0,5.929
791.02,6.154
791.03,6.283
791.05,6.576
791.07,6.914
791.08,7.101
791.1,7.509
791.12,7.963
791.13,8.208
791.15,8.732
791.16,9.012
791.18,9.608
791.2,10.25
791.21,10.59
791.23,11.3
791.25,12.06
791.26,12.46
791.28,13.29
791.3,14.17
791.31,14.62
791.33,15.56
791.35,16.55
791.36,17.06
791.38,18.11
791.4,19.19
791.41,19.75
791.43,20.89
791.45,22.07
791.46,22.67
791.48,23.9
791.5,25.15
791.51,25.78
791.53,27.07
791.54,27.72
791.56,29.04
791.58,30.37
791.59,31.04
791.61,32.38
791.63,33.73
791.64,34.41
791.66,35.76
791.68,37.1
791.69,37.77
791.71,39.09
791.73,40.4
791.74,41.05
791.76,42.32
791.78,43.57
791.79,44.19
791.81,45.39
791.83,46.55
791.84,47.12
791.86,48.22
791.88,49.28
791.89,49.79
791.91,50.78
791.92,51.25
791.94,52.16
791.96,53.01
791.97,53.42
791.99,54.18
792.01,54.9
792.02,55.23
792.04,55.85
792.06,56.42
792.07,56.68
792.09,57.17
792.11,57.59
792.12,57.79
792.14,58.14
792.16,58.44
792.17,58.57
792.19,58.8
792.21,58.99
792.22,59.07
792.24,59.21
792.25,59.26
792.27,59.35
792.29,59.41
792.3,59.44
792.32,59.47
792.34,59.49
792.35,59.5
792.37,59.51
792.39,59.52
792.4,59.53
792.42,59.54
792.44,59.57
792.45,59.6
792.47,59.65
792.49,59.73
792.5,59.78
792.52,59.91
792.54,60.07
792.55,60.16
792.57,60.37
792.59,60.63
792.6,60.78
792.62,61.1
792.63,61.28
792.65,61.68
792.67,62.13
792.68,62.37
792.7,62.9
792.72,63.48
792.73,63.78
792.75,64.44
792.77,65.14
792.78,65.51
792.8,66.28
792.82,67.1
792.83,67.52
792.85,68.4
792.87,69.32
792.88,69.79
792.9,70.75
792.92,71.74
792.93,72.24
792.95,73.26
792.97,74.29
792.98,74.8
793.0,75.84
793.01,76.36
793.03,77.4
793.05,78.42
793.06,78.93
793.08,79.93
793.1,80.9
793.11,81.37
793.13,82.3
793.15,83.18
793.16,83.6
793.18,84.41
793.2,85.17
793.21,85.53
793.23,86.2
793.25,86.8
793.26,87.08
793.28,87.58
793.3,88.0
793.31,88.19
793.33,88.51
793.35,88.74
793.36,88.83
793.38,88.95
793.39,88.99
793.41,88.99
793.43,88.92
793.44,88.86
793.46,88.68
793.48,88.44
793.49,88.29
793.51,87.95
793.53,87.55
793.54,87.33
793.56,86.86
793.58,86.34
793.59,86.07
793.61,85.5
793.63,84.91
793.64,84.61
793.66,83.99
793.68,83.37
793.69,83.05
793.71,82.44
793.72,82.14
793.74,81.54
793.76,80.98
793.77,80.71
793.79,80.2
793.81,79.73
793.82,79.52
793.84,79.13
793.86,78.81
793.87,78.67
793.89,78.45
793.91,78.3
793.92,78.26
793.94,78.23
793.96,78.29
793.97,78.35
793.99,78.53
794.01,78.79
794.02,78.96
794.04,79.35
794.06,79.83
794.07,80.1
794.09,80.69
794.1,81.01
794.12,81.72
794.14,82.48
794.15,82.89
794.17,83.75
794.19,84.65
794.2,85.12
794.22,86.08
794.24,87.07
794.25,87.57
794.27,88.58
794.29,89.6
794.3,90.11
794.32,91.11
794.34,92.09
794.35,92.57
794.37,93.5
794.39,94.38
794.4,94.79
794.42,95.58
794.44,96.3
794.45,96.62
794.47,97.21
794.48,97.47
794.5,97.91
794.52,98.25
794.53,98.37
794.55,98.54
794.57,98.58
794.58,98.55
794.6,98.4
794.62,98.11
794.63,97.92
794.65,97.43
794.67,96.8
794.68,96.44
794.7,95.61
794.72,94.64
794.73,94.1
794.75,92.94
794.77,91.64
794.78,90.94
794.8,89.46
794.82,87.86
794.83,87.02
794.85,85.25
794.86,84.33
794.88,82.42
794.9,80.41
794.91,79.38
794.93,77.25
794.95,75.06
794.96,73.94
794.98,71.66
795.0,69.33
795.01,68.15
795.03,65.77
795.05,63.36
795.06,62.15
795.08,59.72
795.1,57.28
795.11,56.07
795.13,53.64
795.15,51.24
795.16,50.04
795.18,47.67
795.19,46.5
795.21,44.18
795.23,41.91
795.24,40.79
795.26,38.59
795.28,36.44
795.29,35.39
795.31,33.34
795.33,31.35
795.34,30.38
795.36,28.5
795.38,26.68
795.39,25.8
795.41,24.09
795.43,22.46
795.44,21.67
795.46,20.15
795.48,18.7
795.49,18.01
795.51,16.67
795.53,15.41
795.54,14.81
795.56,13.65
795.57,13.1
795.59,12.04
795.61,11.06
795.62,10.59
795.64,9.698
795.66,8.867
795.67,8.474
795.69,7.73
795.71,7.041
795.72,6.716
795.74,6.105
795.76,5.541
795.77,5.277
795.79,4.781
795.81,4.328
795.82,4.116
795.84,3.721
795.86,3.363
795.87,3.196
795.89,2.888
795.91,2.61
795.92,2.482
795.94,2.246
795.95,2.138
795.97,1.941
795.99,1.767
796.0,1.688
796.02,1.546
796.04,1.423
796.05,1.369
796.07,1.273
796.09,1.193
796.1,1.159
796.12,1.103
796.14,1.06
796.15,1.043
796.17,1.019
796.19,1.008
796.2,1.006
796.22,1.011
796.24,1.026
796.25,1.038
796.27,1.068
796.29,1.107
796.3,1.13
796.32,1.183
796.33,1.212
796.35,1.277
796.37,1.35
796.38,1.389
796.4,1.474
796.42,1.566
796.43,1.614
796.45,1.717
796.47,1.826
796.48,1.883
796.5,2.001
796.52,2.126
796.53,2.191
796.55,2.324
796.57,2.463
796.58,2.534
796.6,2.68
796.62,2.831
796.63,2.908
796.65,3.065
796.66,3.144
796.68,3.306
796.7,3.471
796.71,3.554
796.73,3.721
796.75,3.89
796.76,3.975
796.78,4.145
796.8,4.315
796.81,4.4
796.83,4.568
796.85,4.735
796.86,4.818
796.88,4.981
796.9,5.14
796.91,5.218
796.93,5.372
796.95,5.52
796.96,5.591
796.98,5.73
797.0,5.863
797.01,5.926
797.03,6.047
797.04,6.104
797.06,6.212
797.08,6.311
797.09,6.357
797.11,6.441
797.13,6.515
797.14,6.549
797.16,6.606
797.18,6.653
797.19,6.672
797.21,6.702
797.23,6.72
797.24,6.725
797.26,6.725
797.28,6.714
797.29,6.704
797.31,6.675
797.33,6.634
797.34,6.61
797.36,6.553
797.38,6.485
797.39,6.447
797.41,6.364
797.42,6.318
797.44,6.22
797.46,6.113
797.47,6.056
797.49,5.937
797.51,5.809
797.52,5.743
797.54,5.605
797.56,5.461
797.57,5.387
797.59,5.235
797.61,5.079
797.62,4.999
797.64,4.837
797.66,4.673
797.67,4.59
797.69,4.422
797.71,4.254
797.72,4.169
797.74,4.001
797.75,3.916
797.77,3.748
797.79,3.581
797.8,3.499
797.82,3.335
797.84,3.173
797.85,3.094
797.87,2.937
797.89,2.783
797.9,2.708
797.92,2.561
797.94,2.417
797.95,2.347
797.97,2.211
797.99,2.08
798.0,2.016
798.02,1.892
798.04,1.773
798.05,1.715
798.07,1.604
798.09,1.498
798.1,1.447
798.12,1.349
798.13,1.301
798.15,1.211
798.17,1.125
798.18,1.084
798.2,1.006
798.22,0.9324
798.23,0.8973
798.25,0.8306
798.27,0.7681
798.28,0.7385
798.3,0.6822
798.32,0.6298
798.33,0.605
798.35,0.5581
798.37,0.5147
798.38,0.4942
798.4,0.4555
798.42,0.4198
798.43,0.403
798.45,0.3714
798.47,0.3423
798.48,0.3286
798.5,0.303
798.51,0.291
798.53,0.2684
798.55,0.2478
798.56,0.2381
798.58,0.2199
798.6,0.2033
798.61,0.1955
798.63,0.181
798.65,0.1676
798.66,0.1614
798.68,0.1497
798.7,0.1389
798.71,0.1339
798.73,0.1245
798.75,0.1158
798.76,0.1117
798.78,0.104
798.8,0.09699
798.81,0.09366
798.83,0.0874
798.85,0.08161
798.86,0.07888
798.88,0.07372
798.89,0.07128
798.91,0.06666
798.93,0.06236
798.94,0.06032
798.96,0.05646
798.98,0.05287
798.99,0.05116
799.01,0.04792
799.03,0.04491
799.04,0.04348
799.06,0.04077
799.08,0.03825
799.09,0.03706
799.11,0.03482
799.13,0.03275
799.14,0.03178
799.16,0.02997
799.18,0.02833
799.19,0.02758
799.21,0.0262
799.22,0.02557
799.24,0.02446
799.26,0.02353
799.27,0.02313
799.29,0.02249
799.31,0.02205
799.32,0.02191
799.34,0.0218
799.36,0.02193
799.37,0.02209
799.39,0.02261
799.41,0.02342
799.42,0.02394
799.44,0.02522
799.46,0.02686
799.47,0.02782
799.49,0.03004
799.51,0.0327
799.52,0.0342
799.54,0.0376
799.56,0.04154
799.57,0.04373
799.59,0.04858
799.6,0.05126
799.62,0.05716
799.64,0.06384
799.65,0.06749
799.67,0.07547
799.69,0.08441
799.7,0.08926
799.72,0.0998
799.74,0.1115
799.75,0.1178
799.77,0.1315
799.79,0.1466
799.8,0.1547
799.82,0.1721
799.84,0.1913
799.85,0.2015
799.87,0.2234
799.89,0.2474
799.9,0.2601
799.92,0.2873
799.94,0.3168
799.95,0.3324
799.97,0.3657
799.98,0.3833
800.0,0.4205
800.02,0.4606
800.03,0.4818
800.05,0.5264
800.07,0.5741
800.08,0.5992
800.1,0.6519
800.12,0.708
800.13,0.7373
800.15,0.7987
800.17,0.8636
800.18,0.8975
800.2,0.968
800.22,1.042
800.23,1.081
800.25,1.161
800.27,1.244
800.28,1.287
800.3,1.376
800.32,1.469
800.33,1.517
800.35,1.615
800.36,1.665
800.38,1.768
800.4,1.874
800.41,1.928
800.43,2.038
800.45,2.151
800.46,2.209
800.48,2.325
800.5,2.443
800.51,2.503
800.53,2.623
800.55,2.744
800.56,2.805
800.58,2.927
800.6,3.049
800.61,3.11
800.63,3.232
800.65,3.352
800.66,3.411
800.68,3.529
800.69,3.587
800.71,3.701
800.73,3.812
800.74,3.867
800.76,3.972
800.78,4.074
800.79,4.123
800.81,4.217
800.83,4.306
800.84,4.348
800.86,4.428
800.88,4.502
800.89,4.537
800.91,4.6
800.93,4.657
800.94,4.682
800.96,4.727
800.98,4.765
800.99,4.78
801.01,4.805
801.03,4.822
801.04,4.828
801.06,4.832
801.07,4.831
801.09,4.823
801.11,4.807
801.12,4.795
801.14,4.767
801.16,4.73
801.17,4.709
801.19,4.66
801.21,4.604
801.22,4.574
801.24,4.507
801.26,4.434
801.27,4.395
801.29,4.313
801.31,4.225
801.32,4.179
801.34,4.083
801.36,3.983
801.37,3.931
801.39,3.825
801.41,3.715
801.42,3.659
801.44,3.545
801.45,3.487
801.47,3.37
801.49,3.252
801.5,3.193
801.52,3.073
801.54,2.953
801.55,2.894
801.57,2.774
801.59,2.656
801.6,2.597
801.62,2.481
801.64,2.366
801.65,2.309
801.67,2.198
801.69,2.089
801.7,2.036
801.72,1.932
801.74,1.831
801.75,1.781
801.77,1.685
801.79,1.593
801.8,1.549
801.82,1.462
801.83,1.421
801.85,1.34
801.87,1.264
801.88,1.228
801.9,1.158
801.92,1.092
801.93,1.061
801.95,1.001
801.97,0.946
801.98,0.9199
802.0,0.8708
802.02,0.8258
802.03,0.8048
802.05,0.7656
802.07,0.7303
802.08,0.7141
802.1,0.6844
802.12,0.6584
802.13,0.6467
802.15,0.6259
802.16,0.6168
802.18,0.601
802.2,0.5885
802.21,0.5834
802.23,0.5757
802.25,0.571
802.26,0.5697
802.28,0.5695
802.3,0.5722
802.31,0.5746
802.33,0.5817
802.35,0.5916
802.36,0.5976
802.38,0.6118
802.4,0.6288
802.41,0.6385
802.43,0.66
802.45,0.6845
802.46,0.6979
802.48,0.7271
802.5,0.7595
802.51,0.777
802.53,0.8146
802.54,0.8347
802.56,0.8777
802.58,0.9245
802.59,0.9494
802.61,1.002
802.63,1.06
802.64,1.09
802.66,1.154
802.68,1.223
802.69,1.26
802.71,1.337
802.73,1.419
802.74,1.462
802.76,1.554
802.78,1.651
802.79,1.702
802.81,1.809
802.83,1.922
802.84,1.981
802.86,2.105
802.88,2.236
802.89,2.304
802.91,2.447
802.92,2.52
802.94,2.674
802.96,2.835
802.97,2.918
802.99,3.09
803.01,3.27
803.02,3.363
803.04,3.554
803.06,3.752
803.07,3.854
803.09,4.063
803.11,4.279
803.12,4.389
803.14,4.614
803.16,4.844
803.17,4.962
803.19,5.2
803.21,5.442
803.22,5.565
803.24,5.812
803.26,6.063
803.27,6.189
803.29,6.442
803.3,6.569
803.32,6.822
803.34,7.075
803.35,7.201
803.37,7.452
803.39,7.699
803.4,7.821
803.42,8.062
803.44,8.297
803.45,8.413
803.47,8.638
803.49,8.856
803.5,8.961
803.52,9.165
803.54,9.359
803.55,9.451
803.57,9.628
803.59,9.792
803.6,9.869
803.62,10.01
803.63,10.08
803.65,10.2
803.67,10.31
803.68,10.36
803.7,10.44
803.72,10.51
803.73,10.54
803.75,10.58
803.77,10.61
803.78,10.62
803.8,10.62
803.82,10.61
803.83,10.6
803.85,10.56
803.87,10.51
803.88,10.48
803.9,10.41
803.92,10.32
803.93,10.27
803.95,10.17
803.97,10.05
803.98,9.987
804.0,9.854
804.01,9.784
804.03,9.637
804.05,9.483
804.06,9.403
804.08,9.24
804.1,9.072
804.11,8.987
804.13,8.814
804.15,8.641
804.16,8.554
804.18,8.38
804.2,8.208
804.21,8.123
804.23,7.956
804.25,7.794
804.26,7.714
804.28,7.561
804.3,7.415
804.31,7.345
804.33,7.212
804.35,7.089
804.36,7.031
804.38,6.924
804.39,6.875
804.41,6.785
804.43,6.708
804.44,6.674
804.46,6.617
804.48,6.573
804.49,6.556
804.51,6.533
804.53,6.524
804.54,6.525
804.56,6.537
804.58,6.562
804.59,6.58
804.61,6.626
804.63,6.684
804.64,6.719
804.66,6.796
804.68,6.886
804.69,6.934
804.71,7.04
804.73,7.156
804.74,7.218
804.76,7.347
804.77,7.415
804.79,7.557
804.81,7.704
804.82,7.781
804.84,7.937
804.86,8.097
804.87,8.178
804.89,8.342
804.91,8.508
804.92,8.591
804.94,8.757
804.96,8.922
804.97,9.003
804.99,9.164
805.01,9.322
805.02,9.399
805.04,9.549
805.06,9.692
805.07,9.762
805.09,9.895
805.1,9.958
805.12,10.08
805.14,10.19
805.15,10.24
805.17,10.34
805.19,10.42
805.2,10.46
805.22,10.53
805.24,10.58
805.25,10.61
805.27,10.65
805.29,10.67
805.3,10.68
805.32,10.68
805.34,10.68
805.35,10.67
805.37,10.64
805.39,10.6
805.4,10.58
805.42,10.52
805.44,10.45
805.45,10.42
805.47,10.33
805.48,10.29
805.5,10.18
805.52,10.08
805.53,10.02
805.55,9.894
805.57,9.764
805.58,9.696
805.6,9.556
805.62,9.41
805.63,9.335
805.65,9.183
805.67,9.027
805.68,8.949
805.7,8.791
805.72,8.632
805.73,8.553
805.75,8.396
805.77,8.241
805.78,8.165
805.8,8.015
805.82,7.871
805.83,7.802
805.85,7.668
805.86,7.604
805.88,7.483
805.9,7.372
805.91,7.32
805.93,7.226
805.95,7.145
805.96,7.11
805.98,7.051
806.0,7.008
806.01,6.992
806.03,6.975
806.05,6.976
806.06,6.984
806.08,7.016
806.1,7.069
806.11,7.104
806.13,7.191
806.15,7.302
806.16,7.367
806.18,7.516
806.2,7.691
806.21,7.788
806.23,8.004
806.24,8.123
806.26,8.382
806.28,8.67
806.29,8.825
806.31,9.159
806.33,9.523
806.34,9.717
806.36,10.13
806.38,10.57
806.39,10.8
806.41,11.3
806.43,11.82
806.44,12.09
806.46,12.67
806.48,13.27
806.49,13.59
806.51,14.24
806.53,14.92
806.54,15.27
806.56,16.0
806.57,16.38
806.59,17.15
806.61,17.96
806.62,18.37
806.64,19.21
806.66,20.08
806.67,20.52
806.69,21.42
806.71,22.35
806.72,22.82
806.74,23.77
806.76,24.74
806.77,25.23
806.79,26.22
806.81,27.22
806.82,27.72
806.84,28.73
806.86,29.74
806.87,30.25
806.89,31.27
806.91,32.28
806.92,32.78
806.94,33.78
806.95,34.28
806.97,35.26
806.99,36.22
807.0,36.7
807.02,37.63
807.04,38.54
807.05,38.99
807.07,39.85
807.09,40.69
807.1,41.09
807.12,41.87
807.14,42.6
807.15,42.96
807.17,43.63
807.19,44.25
807.2,44.54
807.22,45.09
807.24,45.58
807.25,45.81
807.27,46.21
807.29,46.56
807.3,46.72
807.32,46.97
807.33,47.08
807.35,47.24
807.37,47.34
807.38,47.37
807.4,47.37
807.42,47.31
807.43,47.26
807.45,47.1
807.47,46.88
807.48,46.75
807.5,46.43
807.52,46.06
807.53,45.85
807.55,45.38
807.57,44.86
807.58,44.58
807.6,43.98
807.62,43.32
807.63,42.98
807.65,42.25
807.66,41.87
807.68,41.08
807.7,40.25
807.71,39.82
807.73,38.93
807.75,38.01
807.76,37.54
807.78,36.57
807.8,35.59
807.81,35.08
807.83,34.07
807.85,33.03
807.86,32.51
807.88,31.46
807.9,30.4
807.91,29.87
807.93,28.81
807.95,27.75
807.96,27.22
807.98,26.16
808.0,25.11
808.01,24.59
808.03,23.56
808.04,23.05
808.06,22.04
808.08,21.04
808.09,20.55
808.11,19.59
808.13,18.65
808.14,18.19
808.16,17.29
808.18,16.41
808.19,15.98
808.21,15.15
808.23,14.34
808.24,13.95
808.26,13.19
808.28,12.46
808.29,12.11
808.31,11.43
808.33,10.78
808.34,10.47
808.36,9.877
808.38,9.314
808.39,9.046
808.41,8.533
808.42,8.29
808.44,7.828
808.46,7.399
808.47,7.197
808.49,6.818
808.51,6.471
808.52,6.31
808.54,6.012
808.56,5.745
808.57,5.623
808.59,5.402
808.61,5.211
808.62,5.127
808.64,4.981
808.66,4.863
808.67,4.815
808.69,4.739
808.71,4.69
808.72,4.676
808.74,4.667
808.76,4.683
808.77,4.7
808.79,4.754
808.8,4.789
808.82,4.878
808.84,4.989
808.85,5.053
808.87,5.196
808.89,5.361
808.9,5.451
808.92,5.645
808.94,5.859
808.95,5.972
808.97,6.213
808.99,6.47
809.0,6.605
809.02,6.886
809.04,7.182
809.05,7.335
809.07,7.651
809.09,7.98
809.1,8.149
809.12,8.495
809.13,8.672
809.15,9.034
809.17,9.403
809.18,9.591
809.2,9.972
809.22,10.36
809.23,10.56
809.25,10.95
809.27,11.35
809.28,11.55
809.3,11.95
809.32,12.35
809.33,12.55
809.35,12.95
809.37,13.35
809.38,13.55
809.4,13.94
809.42,14.33
809.43,14.53
809.45,14.91
809.47,15.28
809.48,15.46
809.5,15.82
809.51,15.99
809.53,16.34
809.55,16.67
809.56,16.83
809.58,17.14
809.6,17.43
809.61,17.58
809.63,17.85
809.65,18.1
809.66,18.23
809.68,18.45
809.7,18.66
809.71,18.76
809.73,18.94
809.75,19.1
809.76,19.18
809.78,19.31
809.8,19.41
809.81,19.46
809.83,19.53
809.85,19.58
809.86,19.6
809.88,19.61
809.89,19.61
809.91,19.59
809.93,19.55
809.94,19.52
809.96,19.44
809.98,19.34
809.99,19.28
810.01,19.15
810.03,18.99
810.04,18.9
810.06,18.71
810.08,18.5
810.09,18.39
810.11,18.14
810.13,17.88
810.14,17.74
810.16,17.45
810.18,17.15
810.19,16.99
810.21,16.65
810.23,16.31
810.24,16.13
810.26,15.76
810.27,15.57
810.29,15.19
810.31,14.79
810.32,14.59
810.34,14.18
810.36,13.76
810.37,13.55
810.39,13.12
810.41,12.69
810.42,12.48
810.44,12.04
810.46,11.61
810.47,11.39
810.49,10.95
810.51,10.52
810.52,10.3
810.54,9.872
810.56,9.446
810.57,9.235
810.59,8.817
810.6,8.61
810.62,8.202
810.64,7.802
810.65,7.605
810.67,7.218
810.69,6.84
810.7,6.655
810.72,6.292
810.74,5.941
810.75,5.769
810.77,5.434
810.79,5.111
810.8,4.954
810.82,4.649
810.84,4.356
810.85,4.214
810.87,3.939
810.89,3.677
810.9,3.551
810.92,3.307
810.94,3.075
810.95,2.964
810.97,2.75
810.98,2.648
811.0,2.451
811.02,2.266
811.03,2.178
811.05,2.009
811.07,1.851
811.08,1.776
811.1,1.632
811.12,1.499
811.13,1.436
811.15,1.316
811.17,1.205
811.18,1.152
811.2,1.053
811.22,0.9616
811.23,0.9186
811.25,0.8379
811.27,0.7637
811.28,0.729
811.3,0.664
811.32,0.6048
811.33,0.5772
811.35,0.5258
811.36,0.5019
811.38,0.4575
811.4,0.4175
811.41,0.3991
811.43,0.365
811.45,0.3345
811.46,0.3205
811.48,0.295
811.5,0.2724
811.51,0.2621
811.53,0.2435
811.55,0.2274
811.56,0.2202
811.58,0.2074
811.6,0.1966
811.61,0.1919
811.63,0.1838
811.65,0.1774
811.66,0.1748
811.68,0.1706
811.7,0.1679
811.71,0.167
811.73,0.1661
811.74,0.1662
811.76,0.1671
811.78,0.1691
811.79,0.1705
811.81,0.1741
811.83,0.1786
811.84,0.1813
811.86,0.1872
811.88,0.1941
811.89,0.1978
811.91,0.206
811.93,0.215
811.94,0.2198
811.96,0.2301
811.98,0.2412
811.99,0.247
812.01,0.2593
812.03,0.2724
812.04,0.2792
812.06,0.2934
812.07,0.3008
812.09,0.3161
812.11,0.3321
812.12,0.3404
812.14,0.3574
812.16,0.3751
812.17,0.3842
812.19,0.4029
812.21,0.4221
812.22,0.4319
812.24,0.4519
812.26,0.4723
812.27,0.4827
812.29,0.5037
812.31,0.5251
812.32,0.5359
812.34,0.5576
812.36,0.5795
812.37,0.5905
812.39,0.6125
812.41,0.6344
812.42,0.6454
812.44,0.6671
812.45,0.6779
812.47,0.6993
812.49,0.7203
812.5,0.7307
812.52,0.751
812.54,0.7707
812.55,0.7803
812.57,0.799
812.59,0.8169
812.6,0.8255
812.62,0.842
812.64,0.8575
812.65,0.8649
812.67,0.8787
812.69,0.8914
812.7,0.8973
812.72,0.908
812.74,0.9174
812.75,0.9216
812.77,0.9289
812.79,0.9347
812.8,0.9371
812.82,0.9407
812.83,0.9419
812.85,0.9432
812.87,0.9429
812.88,0.9422
812.9,0.9396
812.92,0.9355
812.93,0.9328
812.95,0.9264
812.97,0.9185
812.98,0.9141
813.0,0.904
813.02,0.8926
813.03,0.8864
813.05,0.8731
813.07,0.8585
813.08,0.8507
813.1,0.8344
813.12,0.817
813.13,0.808
813.15,0.7892
813.17,0.7695
813.18,0.7594
813.2,0.7386
813.21,0.728
813.23,0.7063
813.25,0.6841
813.26,0.6728
813.28,0.6501
813.3,0.627
813.31,0.6154
813.33,0.592
813.35,0.5686
813.36,0.5569
813.38,0.5336
813.4,0.5103
813.41,0.4988
813.43,0.4758
813.45,0.4532
813.46,0.442
813.48,0.4199
813.5,0.3983
813.51,0.3876
813.53,0.3667
813.54,0.3564
813.56,0.3363
813.58,0.3169
813.59,0.3073
813.61,0.2888
813.63,0.2709
813.64,0.2622
813.66,0.2454
813.68,0.2292
813.69,0.2214
813.71,0.2063
813.73,0.1919
813.74,0.185
813.76,0.1716
813.78,0.159
813.79,0.1529
813.81,0.1413
813.83,0.1303
813.84,0.1251
813.86,0.1151
813.88,0.1057
813.89,0.1013
813.91,0.09277
813.92,0.08874
813.94,0.08111
813.96,0.074
813.97,0.07064
813.99,0.06429
814.01,0.05842
814.02,0.05565
814.04,0.05044
814.06,0.04564
814.07,0.04339
814.09,0.03917
814.11,0.0353
814.12,0.0335
814.14,0.03012
814.16,0.02704
814.17,0.02561
814.19,0.02295
814.21,0.02053
814.22,0.01941
814.24,0.01734
814.26,0.01548
814.27,0.01462
814.29,0.01303
814.3,0.0123
814.32,0.01097
814.34,0.009777
814.35,0.009235
814.37,0.008247
814.39,0.00738
814.4,0.006988
814.42,0.006284
814.44,0.005677
814.45,0.005408
814.47,0.004934
814.49,0.004541
814.5,0.004373
814.52,0.004089
814.54,0.003873
814.55,0.003789
814.57,0.003668
814.59,0.003604
814.6,0.003594
814.62,0.003614
814.64,0.003688
814.65,0.003744
814.67,0.003896
814.68,0.003991
814.7,0.004219
814.72,0.004498
814.73,0.004657
814.75,0.005014
814.77,0.005422
814.78,0.005647
814.8,0.006136
814.82,0.006681
814.83,0.006975
814.85,0.007607
814.87,0.008298
814.88,0.008666
814.9,0.009451
814.92,0.0103
814.93,0.01075
814.95,0.0117
814.97,0.01272
814.98,0.01326
815.0,0.01438
815.01,0.01498
815.03,0.01622
815.05,0.01753
815.06,0.01822
815.08,0.01966
815.1,0.02117
815.11,0.02196
815.13,0.02359
815.15,0.02531
815.16,0.0262
815.18,0.02803
815.2,0.02995
815.21,0.03094
815.23,0.03297
815.25,0.03508
815.26,0.03616
815.28,0.03837
815.3,0.04065
815.31,0.04182
815.33,0.0442
815.35,0.04663
815.36,0.04787
815.38,0.05038
815.39,0.05165
815.41,0.05422
815.43,0.05683
815.44,0.05814
815.46,0.06078
815.48,0.06343
815.49,0.06476
815.51,0.06742
815.53,0.07007
815.54,0.07139
815.56,0.07401
815.58,0.0766
815.59,0.07788
815.61,0.0804
815.63,0.08286
815.64,0.08407
815.66,0.08643
815.68,0.08871
815.69,0.08981
815.71,0.09195
815.73,0.09398
815.74,0.09496
815.76,0.09682
815.77,0.0977
815.79,0.09936
815.81,0.1009
815.82,0.1016
815.84,0.1029
815.86,0.1041
815.87,0.1046
815.89,0.1055
815.91,0.1063
815.92,0.1066
815.94,0.1071
815.96,0.1075
815.97,0.1076
815.99,0.1077
816.01,0.1077
816.02,0.1077
816.04,0.1074
816.06,0.1071
816.07,0.1068
816.09,0.1063
816.11,0.1057
816.12,0.1054
816.14,0.1047
816.15,0.1043
816.17,0.1036
816.19,0.1029
816.2,0.1025
816.22,0.1019
816.24,0.1015
816.25,0.1013
816.27,0.1011
816.29,0.1012
816.3,0.1014
816.32,0.1022
816.34,0.1034
816.35,0.1043
816.37,0.1065
816.39,0.1097
816.4,0.1116
816.42,0.1163
816.44,0.1223
816.45,0.1259
816.47,0.1344
816.48,0.1393
816.5,0.1508
816.52,0.1649
816.53,0.173
816.55,0.1915
816.57,0.2137
816.58,0.2263
816.6,0.255
816.62,0.2888
816.63,0.3079
816.65,0.351
816.67,0.4014
816.68,0.4296
816.7,0.493
816.72,0.5664
816.73,0.6074
816.75,0.6988
816.77,0.8042
816.78,0.8627
816.8,0.9927
816.82,1.142
816.83,1.224
816.85,1.406
816.86,1.506
816.88,1.728
816.9,1.98
816.91,2.118
816.93,2.422
816.95,2.766
816.96,2.954
816.98,3.366
817.0,3.83
817.01,4.084
817.03,4.636
817.05,5.255
817.06,5.591
817.08,6.323
817.1,7.138
817.11,7.58
817.13,8.537
817.15,9.599
817.16,10.17
817.18,11.41
817.2,12.78
817.21,13.51
817.23,15.09
817.24,15.94
817.26,17.77
817.28,19.76
817.29,20.83
817.31,23.12
817.33,25.61
817.34,26.94
817.36,29.77
817.38,32.85
817.39,34.48
817.41,37.95
817.43,41.69
817.44,43.67
817.46,47.86
817.48,52.37
817.49,54.75
817.51,59.75
817.53,65.11
817.54,67.92
817.56,73.83
817.58,80.11
817.59,83.4
817.61,90.28
817.62,93.87
817.64,101.4
817.66,109.3
817.67,113.4
817.69,121.9
817.71,130.9
817.72,135.5
817.74,145.1
817.76,155.2
817.77,160.3
817.79,171.0
817.81,182.1
817.82,187.8
817.84,199.4
817.86,211.5
817.87,217.7
817.89,230.3
817.91,243.2
817.92,249.8
817.94,263.2
817.95,270.0
817.97,283.8
817.99,297.8
818.0,304.9
818.02,319.2
818.04,333.6
818.05,340.9
818.07,355.5
818.09,370.1
818.1,377.4
818.12,392.0
818.14,406.6
818.15,413.9
818.17,428.3
818.19,442.6
818.2,449.6
818.22,463.6
818.24,477.3
818.25,484.0
818.27,497.3
818.29,510.2
818.3,516.5
818.32,528.8
818.33,534.8
818.35,546.5
818.37,557.7
818.38,563.1
818.4,573.6
818.42,583.7
818.43,588.5
818.45,597.8
818.47,606.6
818.48,610.8
818.5,618.9
818.52,626.5
818.53,630.1
818.55,637.0
818.57,643.5
818.58,646.6
818.6,652.6
818.62,658.2
818.63,660.9
818.65,666.1
818.67,671.1
818.68,673.6
818.7,678.4
818.71,680.7
818.73,685.4
818.75,690.1
818.76,692.5
818.78,697.3
818.8,702.3
818.81,704.9
818.83,710.2
818.85,715.9
818.86,718.8
818.88,725.0
818.9,731.7
818.91,735.2
818.93,742.5
818.95,750.5
818.96,754.7
818.98,763.5
819.0,773.0
819.01,777.9
819.03,788.4
819.04,793.9
819.06,805.3
819.08,817.4
819.09,823.7
819.11,836.8
819.13,850.5
819.14,857.6
819.16,872.2
819.18,887.3
819.19,895.1
819.21,911.0
819.23,927.2
819.24,935.5
819.26,952.2
819.28,969.2
819.29,977.8
819.31,994.9
819.33,1012.0
819.34,1021.0
819.36,1038.0
819.38,1055.0
819.39,1063.0
819.41,1079.0
819.42,1087.0
819.44,1103.0
819.46,1118.0
819.47,1125.0
819.49,1139.0
819.51,1152.0
819.52,1158.0
819.54,1169.0
819.56,1180.0
819.57,1184.0
819.59,1193.0
819.61,1200.0
819.62,1204.0
819.64,1209.0
819.66,1213.0
819.67,1214.0
819.69,1216.0
819.71,1216.0
819.72,1216.0
819.74,1214.0
819.76,1210.0
819.77,1208.0
819.79,1202.0
819.8,1199.0
819.82,1190.0
819.84,1181.0
819.85,1175.0
819.87,1163.0
819.89,1150.0
819.9,1143.0
819.92,1127.0
819.94,1111.0
819.95,1102.0
819.97,1084.0
819.99,1064.0
820.0,1054.0
820.02,1033.0
820.04,1011.0
820.05,999.9
820.07,976.8
820.09,953.1
820.1,941.0
820.12,916.4
820.14,891.3
820.15,878.6
820.17,853.0
820.18,840.0
820.2,814.1
820.22,788.0
820.23,774.9
820.25,748.8
820.27,722.7
820.28,709.7
820.3,683.8
820.32,658.2
820.33,645.5
820.35,620.3
820.37,595.5
820.38,583.3
820.4,559.1
820.42,535.5
820.43,523.9
820.45,501.0
820.47,478.7
820.48,467.8
820.5,446.4
820.51,436.0
820.53,415.6
820.55,395.8
820.56,386.2
820.58,367.5
820.6,349.4
820.61,340.7
820.63,323.7
820.65,307.3
820.66,299.4
820.68,284.1
820.7,269.5
820.71,262.4
820.73,248.8
820.75,235.8
820.76,229.6
820.78,217.6
820.8,206.2
820.81,200.7
820.83,190.2
820.85,180.3
820.86,175.5
820.88,166.4
820.89,162.1
820.91,153.8
820.93,146.0
820.94,142.3
820.96,135.2
820.98,128.6
820.99,125.5
821.01,119.6
821.03,114.0
821.04,111.4
821.06,106.5
821.08,101.9
821.09,99.77
821.11,95.72
821.13,91.99
821.14,90.25
821.16,86.98
821.18,84.0
821.19,82.61
821.21,80.02
821.23,77.67
821.24,76.59
821.26,74.58
821.27,73.65
821.29,71.95
821.31,70.44
821.32,69.74
821.34,68.49
821.36,67.38
821.37,66.88
821.39,65.99
821.41,65.22
821.42,64.88
821.44,64.28
821.46,63.77
821.47,63.56
821.49,63.19
821.51,62.89
821.52,62.77
821.54,62.57
821.56,62.43
821.57,62.38
821.59,62.31
821.61,62.28
821.62,62.28
821.64,62.29
821.65,62.31
821.67,62.35
821.69,62.41
821.7,62.45
821.72,62.52
821.74,62.59
821.75,62.63
821.77,62.7
821.79,62.77
821.8,62.8
821.82,62.84
821.84,62.87
821.85,62.88
821.87,62.88
821.89,62.86
821.9,62.84
821.92,62.78
821.94,62.68
821.95,62.63
821.97,62.49
821.98,62.4
822.0,62.21
822.02,61.98
822.03,61.85
822.05,61.57
822.07,61.24
822.08,61.06
822.1,60.67
822.12,60.24
822.13,60.0
822.15,59.5
822.17,58.96
822.18,58.68
822.2,58.07
822.22,57.41
822.23,57.07
822.25,56.35
822.27,55.59
822.28,55.2
822.3,54.38
822.32,53.51
822.33,53.07
822.35,52.15
822.36,51.67
822.38,50.7
822.4,49.69
822.41,49.18
822.43,48.12
822.45,47.04
822.46,46.49
822.48,45.37
822.5,44.24
822.51,43.66
822.53,42.49
822.55,41.32
822.56,40.72
822.58,39.53
822.6,38.33
822.61,37.73
822.63,36.53
822.65,35.33
822.66,34.73
822.68,33.54
822.7,32.36
822.71,31.77
822.73,30.61
822.74,30.04
822.76,28.9
822.78,27.79
822.79,27.24
822.81,26.16
822.83,25.11
822.84,24.6
822.86,23.59
822.88,22.62
822.89,22.14
822.91,21.22
822.93,20.33
822.94,19.9
822.96,19.07
822.98,18.27
822.99,17.89
823.01,17.15
823.03,16.45
823.04,16.12
823.06,15.48
823.08,14.88
823.09,14.59
823.11,14.05
823.12,13.79
823.14,13.31
823.16,12.86
823.17,12.65
823.19,12.26
823.21,11.9
823.22,11.73
823.24,11.43
823.26,11.15
823.27,11.03
823.29,10.8
823.31,10.6
823.32,10.52
823.34,10.36
823.36,10.24
823.37,10.19
823.39,10.1
823.41,10.04
823.42,10.02
823.44,9.999
823.45,9.998
823.47,10.01
823.49,10.06
823.5,10.09
823.52,10.17
823.54,10.27
823.55,10.34
823.57,10.48
823.59,10.66
823.6,10.76
823.62,10.98
823.64,11.24
823.65,11.38
823.67,11.69
823.69,12.04
823.7,12.23
823.72,12.64
823.74,13.1
823.75,13.35
823.77,13.9
823.79,14.5
823.8,14.82
823.82,15.52
823.83,15.9
823.85,16.7
823.87,17.59
823.88,18.06
823.9,19.08
823.92,20.19
823.93,20.78
823.95,22.04
823.97,23.42
823.98,24.15
824.0,25.7
824.02,27.38
824.03,28.26
824.05,30.14
824.07,32.17
824.08,33.23
824.1,35.48
824.12,37.89
824.13,39.15
824.15,41.8
824.17,44.63
824.18,46.1
824.2,49.19
824.21,50.8
824.23,54.16
824.25,57.7
824.26,59.54
824.28,63.36
824.3,67.36
824.31,69.43
824.33,73.71
824.35,78.18
824.36,80.47
824.38,85.2
824.4,90.1
824.41,92.61
824.43,97.75
824.45,103.1
824.46,105.8
824.48,111.3
824.5,116.9
824.51,119.8
824.53,125.6
824.55,131.5
824.56,134.4
824.58,140.4
824.59,143.5
824.61,149.5
824.63,155.7
824.64,158.7
824.66,164.8
824.68,170.9
824.69,173.9
824.71,180.0
824.73,185.9
824.74,188.8
824.76,194.6
824.78,200.3
824.79,203.0
824.81,208.4
824.83,213.7
824.84,216.2
824.86,221.1
824.88,225.8
824.89,228.0
824.91,232.3
824.92,234.4
824.94,238.2
824.96,241.7
824.97,243.4
824.99,246.4
825.01,249.1
825.02,250.3
825.04,252.5
825.06,254.3
825.07,255.0
825.09,256.2
825.11,257.1
825.12,257.3
825.14,257.6
825.16,257.4
825.17,257.2
825.19,256.5
825.21,255.4
825.22,254.7
825.24,253.0
825.26,251.0
825.27,249.9
825.29,247.3
825.3,245.9
825.32,242.9
825.34,239.5
825.35,237.7
825.37,233.9
825.39,229.8
825.4,227.7
825.42,223.3
825.44,218.6
825.45,216.2
825.47,211.2
825.49,206.1
825.5,203.4
825.52,198.1
825.54,192.6
825.55,189.8
825.57,184.1
825.59,178.4
825.6,175.5
825.62,169.8
825.64,163.9
825.65,161.0
825.67,155.2
825.68,152.3
825.7,146.5
825.72,140.7
825.73,137.9
825.75,132.2
825.77,126.6
825.78,123.8
825.8,118.3
825.82,113.0
825.83,110.3
825.85,105.1
825.87,100.1
825.88,97.58
825.9,92.7
825.92,87.96
825.93,85.65
825.95,81.13
825.97,76.76
825.98,74.64
826.0,70.5
826.02,66.51
826.03,64.57
826.05,60.82
826.06,59.0
826.08,55.48
826.1,52.11
826.11,50.48
826.13,47.34
826.15,44.34
826.16,42.9
826.18,40.12
826.2,37.48
826.21,36.21
826.23,33.77
826.25,31.47
826.26,30.36
826.28,28.24
826.3,26.25
826.31,25.29
826.33,23.47
826.35,21.75
826.36,20.93
826.38,19.37
826.39,18.62
826.41,17.21
826.43,15.88
826.44,15.25
826.46,14.06
826.48,12.94
826.49,12.41
826.51,11.41
826.53,10.47
826.54,10.03
826.56,9.194
826.58,8.418
826.59,8.052
826.61,7.361
826.63,6.722
826.64,6.421
826.66,5.854
826.68,5.332
826.69,5.086
826.71,4.624
826.73,4.2
826.74,4.001
826.76,3.628
826.77,3.453
826.79,3.126
826.81,2.826
826.82,2.686
826.84,2.425
826.86,2.187
826.87,2.075
826.89,1.868
826.91,1.68
826.92,1.593
826.94,1.43
826.96,1.282
826.97,1.214
826.99,1.087
827.01,0.9723
827.02,0.9192
827.04,0.8211
827.06,0.7328
827.07,0.692
827.09,0.6168
827.11,0.5494
827.12,0.5183
827.14,0.4612
827.15,0.435
827.17,0.3868
827.19,0.3439
827.2,0.3242
827.22,0.2883
827.24,0.2564
827.25,0.2419
827.27,0.2154
827.29,0.1921
827.3,0.1815
827.32,0.1624
827.34,0.1457
827.35,0.1382
827.37,0.1247
827.39,0.1131
827.4,0.108
827.42,0.09895
827.44,0.0914
827.45,0.08814
827.47,0.08259
827.48,0.08026
827.5,0.07647
827.52,0.07375
827.53,0.07277
827.55,0.07152
827.57,0.07118
827.58,0.07134
827.6,0.07229
827.62,0.07407
827.63,0.07526
827.65,0.07824
827.67,0.08199
827.68,0.08416
827.7,0.08909
827.72,0.0948
827.73,0.09795
827.75,0.1049
827.77,0.1126
827.78,0.1168
827.8,0.1257
827.82,0.1356
827.83,0.1409
827.85,0.1521
827.86,0.158
827.88,0.1707
827.9,0.1843
827.91,0.1915
827.93,0.2067
827.95,0.2229
827.96,0.2315
827.98,0.2494
828.0,0.2684
828.01,0.2784
828.03,0.2992
828.05,0.3212
828.06,0.3327
828.08,0.3566
828.1,0.3817
828.11,0.3948
828.13,0.4218
828.15,0.4502
828.16,0.4648
828.18,0.4951
828.2,0.5266
828.21,0.5428
828.23,0.5762
828.24,0.5934
828.26,0.6286
828.28,0.665
828.29,0.6836
828.31,0.7216
828.33,0.7607
828.34,0.7806
828.36,0.8211
828.38,0.8625
828.39,0.8835
828.41,0.926
828.43,0.9691
828.44,0.9909
828.46,1.035
828.48,1.079
828.49,1.101
828.51,1.146
828.53,1.19
828.54,1.213
828.56,1.257
828.58,1.301
828.59,1.323
828.61,1.367
828.62,1.388
828.64,1.43
828.66,1.472
828.67,1.492
828.69,1.532
828.71,1.57
828.72,1.589
828.74,1.625
828.76,1.66
828.77,1.676
828.79,1.708
828.81,1.738
828.82,1.752
828.84,1.779
828.86,1.804
828.87,1.815
828.89,1.836
828.91,1.854
828.92,1.862
828.94,1.877
828.95,1.883
828.97,1.894
828.99,1.902
829.0,1.905
829.02,1.909
829.04,1.91
829.05,1.91
829.07,1.907
829.09,1.902
829.1,1.899
829.12,1.89
829.14,1.879
829.15,1.872
829.17,1.858
829.19,1.841
829.2,1.832
829.22,1.813
829.24,1.792
829.25,1.781
829.27,1.758
829.29,1.733
829.3,1.721
829.32,1.695
829.33,1.681
829.35,1.654
829.37,1.627
829.38,1.613
829.4,1.586
829.42,1.559
829.43,1.545
829.45,1.519
829.47,1.493
829.48,1.48
829.5,1.456
829.52,1.434
829.53,1.423
829.55,1.403
829.57,1.385
829.58,1.377
829.6,1.362
829.62,1.351
829.63,1.346
829.65,1.338
829.67,1.334
829.68,1.334
829.7,1.335
829.71,1.337
829.73,1.345
829.75,1.356
829.76,1.363
829.78,1.381
829.8,1.404
829.81,1.417
829.83,1.447
829.85,1.483
829.86,1.502
829.88,1.545
829.9,1.594
829.91,1.621
829.93,1.678
829.95,1.741
829.96,1.775
829.98,1.847
830.0,1.925
830.01,1.966
830.03,2.053
830.05,2.147
830.06,2.196
830.08,2.298
830.09,2.352
830.11,2.464
830.13,2.582
830.14,2.643
830.16,2.77
830.18,2.902
830.19,2.971
830.21,3.112
830.23,3.259
830.24,3.335
830.26,3.49
830.28,3.649
830.29,3.731
830.31,3.898
830.33,4.069
830.34,4.156
830.36,4.333
830.38,4.514
830.39,4.605
830.41,4.79
830.42,4.884
830.44,5.072
830.46,5.263
830.47,5.359
830.49,5.551
830.51,5.744
830.52,5.841
830.54,6.034
830.56,6.226
830.57,6.322
830.59,6.512
830.61,6.701
830.62,6.794
830.64,6.978
830.66,7.159
830.67,7.248
830.69,7.422
830.71,7.592
830.72,7.675
830.74,7.836
830.76,7.991
830.77,8.067
830.79,8.211
830.8,8.281
830.82,8.414
830.84,8.539
830.85,8.598
830.87,8.71
830.89,8.812
830.9,8.86
830.92,8.947
830.94,9.025
830.95,9.059
830.97,9.121
830.99,9.171
831.0,9.192
831.02,9.226
831.04,9.248
831.05,9.255
831.07,9.26
831.09,9.254
831.1,9.246
831.12,9.223
831.14,9.188
831.15,9.166
831.17,9.114
831.18,9.084
831.2,9.016
831.22,8.938
831.23,8.894
831.25,8.801
831.27,8.697
831.28,8.642
831.3,8.525
831.32,8.399
831.33,8.333
831.35,8.195
831.37,8.05
831.38,7.975
831.4,7.821
831.42,7.661
831.43,7.579
831.45,7.411
831.47,7.239
831.48,7.152
831.5,6.976
831.52,6.797
831.53,6.707
831.55,6.527
831.56,6.436
831.58,6.255
831.6,6.075
831.61,5.985
831.63,5.807
831.65,5.631
831.66,5.544
831.68,5.373
831.7,5.207
831.71,5.125
831.73,4.966
831.75,4.812
831.76,4.738
831.78,4.594
831.8,4.457
831.81,4.392
831.83,4.267
831.85,4.15
831.86,4.095
831.88,3.992
831.89,3.944
831.91,3.855
831.93,3.776
831.94,3.74
831.96,3.677
831.98,3.624
831.99,3.602
832.01,3.565
832.03,3.539
832.04,3.53
832.06,3.521
832.08,3.523
832.09,3.528
832.11,3.546
832.13,3.575
832.14,3.594
832.16,3.638
832.18,3.694
832.19,3.725
832.21,3.795
832.23,3.875
832.24,3.918
832.26,4.011
832.27,4.061
832.29,4.167
832.31,4.28
832.32,4.34
832.34,4.464
832.36,4.594
832.37,4.661
832.39,4.799
832.41,4.941
832.42,5.014
832.44,5.162
832.46,5.313
832.47,5.389
832.49,5.542
832.51,5.696
832.52,5.773
832.54,5.926
832.56,6.078
832.57,6.154
832.59,6.302
832.61,6.448
832.62,6.519
832.64,6.657
832.65,6.725
832.67,6.856
832.69,6.98
832.7,7.039
832.72,7.153
832.74,7.258
832.75,7.308
832.77,7.401
832.79,7.484
832.8,7.522
832.82,7.59
832.84,7.648
832.85,7.673
832.87,7.715
832.89,7.745
832.9,7.756
832.92,7.77
832.94,7.773
832.95,7.77
832.97,7.755
832.99,7.729
833.0,7.712
833.02,7.67
833.03,7.645
833.05,7.586
833.07,7.518
833.08,7.48
833.1,7.397
833.12,7.305
833.13,7.256
833.15,7.151
833.17,7.039
833.18,6.98
833.2,6.858
833.22,6.729
833.23,6.663
833.25,6.528
833.27,6.388
833.28,6.318
833.3,6.174
833.32,6.028
833.33,5.955
833.35,5.809
833.36,5.736
833.38,5.59
833.4,5.447
833.41,5.376
833.43,5.236
833.45,5.101
833.46,5.036
833.48,4.908
833.5,4.787
833.51,4.729
833.53,4.62
833.55,4.518
833.56,4.471
833.58,4.384
833.6,4.307
833.61,4.273
833.63,4.214
833.65,4.167
833.66,4.148
833.68,4.121
833.7,4.109
833.71,4.108
833.73,4.117
833.74,4.128
833.76,4.161
833.78,4.211
833.79,4.242
833.81,4.318
833.83,4.41
833.84,4.464
833.86,4.583
833.88,4.721
833.89,4.797
833.91,4.963
833.93,5.148
833.94,5.248
833.96,5.46
833.98,5.692
833.99,5.815
834.01,6.074
834.03,6.352
834.04,6.498
834.06,6.802
834.08,7.124
834.09,7.291
834.11,7.638
834.12,7.817
834.14,8.188
834.16,8.572
834.17,8.77
834.19,9.175
834.21,9.592
834.22,9.805
834.24,10.24
834.26,10.68
834.27,10.9
834.29,11.36
834.31,11.82
834.32,12.05
834.34,12.51
834.36,12.98
834.37,13.21
834.39,13.68
834.41,14.14
834.42,14.37
834.44,14.83
834.46,15.28
834.47,15.5
834.49,15.94
834.5,16.15
834.52,16.57
834.54,16.97
834.55,17.17
834.57,17.54
834.59,17.9
834.6,18.08
834.62,18.4
834.64,18.71
834.65,18.85
834.67,19.12
834.69,19.37
834.7,19.48
834.72,19.68
834.74,19.85
834.75,19.93
834.77,20.06
834.79,20.16
834.8,20.19
834.82,20.25
834.83,20.26
834.85,20.27
834.87,20.24
834.88,20.22
834.9,20.14
834.92,20.04
834.93,19.98
834.95,19.83
834.97,19.65
834.98,19.55
835.0,19.33
835.02,19.08
835.03,18.95
835.05,18.67
835.07,18.36
835.08,18.2
835.1,17.86
835.12,17.49
835.13,17.31
835.15,16.92
835.17,16.52
835.18,16.31
835.2,15.88
835.21,15.67
835.23,15.23
835.25,14.78
835.26,14.55
835.28,14.09
835.3,13.62
835.31,13.39
835.33,12.92
835.35,12.45
835.36,12.22
835.38,11.75
835.4,11.29
835.41,11.06
835.43,10.6
835.45,10.15
835.46,9.924
835.48,9.485
835.5,9.054
835.51,8.842
835.53,8.426
835.55,8.021
835.56,7.823
835.58,7.435
835.59,7.246
835.61,6.878
835.63,6.522
835.64,6.35
835.66,6.014
835.68,5.693
835.69,5.537
835.71,5.236
835.73,4.949
835.74,4.811
835.76,4.545
835.78,4.292
835.79,4.17
835.81,3.937
835.83,3.717
835.84,3.612
835.86,3.411
835.88,3.222
835.89,3.131
835.91,2.959
835.93,2.799
835.94,2.722
835.96,2.577
835.97,2.508
835.99,2.378
836.01,2.256
836.02,2.199
836.04,2.09
836.06,1.99
836.07,1.942
836.09,1.853
836.11,1.77
836.12,1.731
836.14,1.658
836.16,1.59
836.17,1.558
836.19,1.498
836.21,1.443
836.22,1.417
836.24,1.368
836.26,1.323
836.27,1.301
836.29,1.261
836.3,1.242
836.32,1.206
836.34,1.173
836.35,1.157
836.37,1.127
836.39,1.099
836.4,1.086
836.42,1.06
836.44,1.036
836.45,1.024
836.47,1.002
836.49,0.9808
836.5,0.9705
836.52,0.9505
836.54,0.9312
836.55,0.9217
836.57,0.9033
836.59,0.8853
836.6,0.8765
836.62,0.8591
836.64,0.8421
836.65,0.8336
836.67,0.817
836.68,0.8087
836.7,0.7924
836.72,0.7763
836.73,0.7683
836.75,0.7524
836.77,0.7368
836.78,0.729
836.8,0.7137
836.82,0.6985
836.83,0.6911
836.85,0.6763
836.87,0.6619
836.88,0.6548
836.9,0.6409
836.92,0.6273
836.93,0.6207
836.95,0.6079
836.97,0.5956
836.98,0.5896
837.0,0.5781
837.02,0.5673
837.03,0.5622
837.05,0.5524
837.06,0.5479
837.08,0.5393
837.1,0.5317
837.11,0.5282
837.13,0.522
837.15,0.5168
837.16,0.5146
837.18,0.5111
837.2,0.5088
837.21,0.5081
837.23,0.5077
837.25,0.5086
837.26,0.5095
837.28,0.5125
837.3,0.5171
837.31,0.5199
837.33,0.5267
837.35,0.5352
837.36,0.5401
837.38,0.5512
837.39,0.5574
837.41,0.5712
837.43,0.5869
837.44,0.5955
837.46,0.6141
837.48,0.6348
837.49,0.6459
837.51,0.6699
837.53,0.696
837.54,0.7099
837.56,0.7396
837.58,0.7717
837.59,0.7886
837.61,0.8245
837.63,0.863
837.64,0.8833
837.66,0.9259
837.68,0.9714
837.69,0.9953
837.71,1.045
837.73,1.098
837.74,1.126
837.76,1.184
837.77,1.214
837.79,1.278
837.81,1.344
837.82,1.379
837.84,1.451
837.86,1.527
837.87,1.567
837.89,1.649
837.91,1.735
837.92,1.78
837.94,1.872
837.96,1.969
837.97,2.019
837.99,2.123
838.01,2.231
838.02,2.287
838.04,2.402
838.06,2.521
838.07,2.583
838.09,2.71
838.11,2.841
838.12,2.909
838.14,3.048
838.15,3.119
838.17,3.264
838.19,3.414
838.2,3.491
838.22,3.648
838.24,3.809
838.25,3.891
838.27,4.058
838.29,4.228
838.3,4.315
838.32,4.49
838.34,4.669
838.35,4.759
838.37,4.941
838.39,5.126
838.4,5.219
838.42,5.405
838.44,5.593
838.45,5.687
838.47,5.875
838.49,6.063
838.5,6.156
838.52,6.343
838.53,6.435
838.55,6.618
838.57,6.799
838.58,6.888
838.6,7.063
838.62,7.234
838.63,7.318
838.65,7.482
838.67,7.639
838.68,7.715
838.7,7.863
838.72,8.002
838.73,8.069
838.75,8.197
838.77,8.315
838.78,8.371
838.8,8.475
838.82,8.568
838.83,8.611
838.85,8.688
838.86,8.723
838.88,8.783
838.9,8.831
838.91,8.851
838.93,8.881
838.95,8.898
838.96,8.902
838.98,8.901
839.0,8.886
839.01,8.874
839.03,8.841
839.05,8.795
839.06,8.767
839.08,8.703
839.1,8.626
839.11,8.583
839.13,8.489
839.15,8.383
839.16,8.326
839.18,8.205
839.2,8.073
839.21,8.003
839.23,7.857
839.24,7.78
839.26,7.621
839.28,7.453
839.29,7.367
839.31,7.189
839.33,7.005
839.34,6.911
839.36,6.719
839.38,6.523
839.39,6.423
839.41,6.221
839.43,6.017
839.44,5.913
839.46,5.706
839.48,5.498
839.49,5.393
839.51,5.185
839.53,4.977
839.54,4.873
839.56,4.667
839.58,4.464
839.59,4.363
839.61,4.163
839.62,4.064
839.64,3.869
839.66,3.679
839.67,3.585
839.69,3.401
839.71,3.221
839.72,3.133
839.74,2.962
839.76,2.796
839.77,2.715
839.79,2.557
839.81,2.405
839.82,2.332
839.84,2.189
839.86,2.052
839.87,1.986
839.89,1.858
839.91,1.737
839.92,1.678
839.94,1.566
839.96,1.459
839.97,1.408
839.99,1.31
840.0,1.264
840.02,1.174
840.04,1.09
840.05,1.051
840.07,0.9745
840.09,0.9036
840.1,0.87
840.12,0.8063
840.14,0.7473
840.15,0.7195
840.17,0.667
840.19,0.6187
840.2,0.5961
840.22,0.5537
840.24,0.515
840.25,0.497
840.27,0.4635
840.29,0.4333
840.3,0.4194
840.32,0.3938
840.33,0.382
840.35,0.3607
840.37,0.3419
840.38,0.3335
840.4,0.3185
840.42,0.3057
840.43,0.3002
840.45,0.2907
840.47,0.2832
840.48,0.2801
840.5,0.2754
840.52,0.2725
840.53,0.2716
840.55,0.2711
840.57,0.2722
840.58,0.2732
840.6,0.2764
840.62,0.2809
840.63,0.2837
840.65,0.2901
840.67,0.2977
840.68,0.3019
840.7,0.3111
840.71,0.3161
840.73,0.3268
840.75,0.3384
840.76,0.3446
840.78,0.3575
840.8,0.3713
840.81,0.3784
840.83,0.3932
840.85,0.4087
840.86,0.4166
840.88,0.4329
840.9,0.4498
840.91,0.4583
840.93,0.4758
840.95,0.4936
840.96,0.5026
840.98,0.5208
841.0,0.5392
841.01,0.5485
841.03,0.5671
841.05,0.5857
841.06,0.595
841.08,0.6136
841.09,0.6229
841.11,0.6412
841.13,0.6594
841.14,0.6684
841.16,0.6861
841.18,0.7035
841.19,0.7121
841.21,0.7289
841.23,0.7452
841.24,0.7531
841.26,0.7686
841.28,0.7836
841.29,0.7908
841.31,0.8048
841.33,0.8181
841.34,0.8246
841.36,0.8369
841.38,0.8485
841.39,0.854
841.41,0.8646
841.43,0.8744
841.44,0.8791
841.46,0.8879
841.47,0.892
841.49,0.8998
841.51,0.907
841.52,0.9103
841.54,0.9166
841.56,0.9223
841.57,0.9249
841.59,0.9299
841.61,0.9344
841.62,0.9366
841.64,0.9406
841.66,0.9444
841.67,0.9462
841.69,0.9497
841.71,0.9531
841.72,0.9548
841.74,0.9582
841.76,0.9617
841.77,0.9635
841.79,0.9674
841.8,0.9694
841.82,0.9737
841.84,0.9784
841.85,0.981
841.87,0.9865
841.89,0.9926
841.9,0.9959
841.92,1.003
841.94,1.011
841.95,1.015
841.97,1.025
841.99,1.035
842.0,1.04
842.02,1.052
842.04,1.065
842.05,1.071
842.07,1.086
842.09,1.101
842.1,1.109
842.12,1.127
842.14,1.145
842.15,1.155
842.17,1.175
842.18,1.186
842.2,1.208
842.22,1.231
842.23,1.243
842.25,1.268
842.27,1.294
842.28,1.308
842.3,1.336
842.32,1.365
842.33,1.38
842.35,1.411
842.37,1.443
842.38,1.459
842.4,1.493
842.42,1.527
842.43,1.545
842.45,1.58
842.47,1.617
842.48,1.636
842.5,1.674
842.52,1.714
842.53,1.734
842.55,1.774
842.56,1.795
842.58,1.837
842.6,1.879
842.61,1.901
842.63,1.945
842.65,1.99
842.66,2.013
842.68,2.06
842.7,2.107
842.71,2.131
842.73,2.18
842.75,2.23
842.76,2.256
842.78,2.307
842.8,2.36
842.81,2.387
842.83,2.441
842.85,2.497
842.86,2.525
842.88,2.582
842.9,2.641
842.91,2.671
842.93,2.731
842.94,2.762
842.96,2.825
842.98,2.889
842.99,2.921
843.01,2.987
843.03,3.054
843.04,3.088
843.06,3.157
843.08,3.226
843.09,3.262
843.11,3.333
843.13,3.405
843.14,3.442
843.16,3.515
843.18,3.588
843.19,3.625
843.21,3.7
843.23,3.774
843.24,3.811
843.26,3.885
843.27,3.922
843.29,3.995
843.31,4.067
843.32,4.103
843.34,4.174
843.36,4.243
843.37,4.277
843.39,4.343
843.41,4.407
843.42,4.438
843.44,4.498
843.46,4.556
843.47,4.583
843.49,4.635
843.51,4.683
843.52,4.706
843.54,4.748
843.56,4.786
843.57,4.803
843.59,4.834
843.61,4.859
843.62,4.87
843.64,4.888
843.65,4.895
843.67,4.904
843.69,4.907
843.7,4.907
843.72,4.902
843.74,4.89
843.75,4.882
843.77,4.862
843.79,4.835
843.8,4.82
843.82,4.784
843.84,4.742
843.85,4.719
843.87,4.669
843.89,4.613
843.9,4.582
843.92,4.518
843.94,4.448
843.95,4.412
843.97,4.335
843.99,4.253
844.0,4.211
844.02,4.123
844.03,4.077
844.05,3.984
844.07,3.887
844.08,3.837
844.1,3.736
844.12,3.632
844.13,3.579
844.15,3.472
844.17,3.363
844.18,3.308
844.2,3.198
844.22,3.087
844.23,3.031
844.25,2.92
844.27,2.808
844.28,2.753
844.3,2.642
844.32,2.532
844.33,2.478
844.35,2.37
844.37,2.264
844.38,2.211
844.4,2.108
844.41,2.057
844.43,1.957
844.45,1.86
844.46,1.812
844.48,1.718
844.5,1.628
844.51,1.583
844.53,1.497
844.55,1.414
844.56,1.374
844.58,1.296
844.6,1.221
844.61,1.184
844.63,1.114
844.65,1.048
844.66,1.016
844.68,0.9538
844.7,0.8952
844.71,0.8671
844.73,0.8134
844.74,0.7877
844.76,0.7385
844.78,0.6924
844.79,0.6704
844.81,0.6285
844.83,0.5895
844.84,0.5709
844.86,0.5358
844.88,0.5032
844.89,0.4877
844.91,0.4586
844.93,0.4317
844.94,0.4191
844.96,0.3953
844.98,0.3734
844.99,0.3632
845.01,0.3439
845.03,0.3263
845.04,0.3181
845.06,0.3028
845.08,0.2888
845.09,0.2823
845.11,0.2702
845.12,0.2645
845.14,0.254
845.16,0.2445
845.17,0.2401
845.19,0.2319
845.21,0.2245
845.22,0.221
845.24,0.2146
845.26,0.2089
845.27,0.2062
845.29,0.2012
845.31,0.1968
845.32,0.1947
845.34,0.1909
845.36,0.1874
845.37,0.1859
845.39,0.183
845.41,0.1804
845.42,0.1792
845.44,0.1771
845.46,0.1754
845.47,0.1746
845.49,0.1733
845.5,0.1727
845.52,0.1719
845.54,0.1714
845.55,0.1713
845.57,0.1713
845.59,0.1718
845.6,0.1722
845.62,0.1733
845.64,0.1749
845.65,0.1759
845.67,0.1783
845.69,0.1813
845.7,0.183
845.72,0.187
845.74,0.1917
845.75,0.1944
845.77,0.2003
845.79,0.2071
845.8,0.2109
845.82,0.2192
845.84,0.2285
845.85,0.2335
845.87,0.2446
845.88,0.2505
845.9,0.2634
845.92,0.2776
845.93,0.2852
845.95,0.3015
845.97,0.3194
845.98,0.3289
846.0,0.3491
846.02,0.3709
846.03,0.3825
846.05,0.407
846.07,0.4332
846.08,0.4471
846.1,0.4761
846.12,0.5072
846.13,0.5234
846.15,0.5573
846.17,0.5933
846.18,0.612
846.2,0.651
846.21,0.6713
846.23,0.7133
846.25,0.7573
846.26,0.7801
846.28,0.8271
846.3,0.8761
846.31,0.9013
846.33,0.9531
846.35,1.007
846.36,1.034
846.38,1.09
846.4,1.148
846.41,1.177
846.43,1.237
846.45,1.299
846.46,1.33
846.48,1.393
846.5,1.456
846.51,1.489
846.53,1.553
846.55,1.619
846.56,1.652
846.58,1.717
846.59,1.75
846.61,1.816
846.63,1.881
846.64,1.913
846.66,1.978
846.68,2.041
846.69,2.072
846.71,2.134
846.73,2.194
846.74,2.223
846.76,2.281
846.78,2.336
846.79,2.363
846.81,2.414
846.83,2.463
846.84,2.487
846.86,2.531
846.88,2.573
846.89,2.592
846.91,2.629
846.93,2.661
846.94,2.676
846.96,2.703
846.97,2.715
846.99,2.737
847.01,2.754
847.02,2.761
847.04,2.771
847.06,2.778
847.07,2.779
847.09,2.779
847.11,2.775
847.12,2.772
847.14,2.761
847.16,2.746
847.17,2.737
847.19,2.716
847.21,2.691
847.22,2.677
847.24,2.646
847.26,2.612
847.27,2.593
847.29,2.554
847.3,2.533
847.32,2.488
847.34,2.441
847.35,2.417
847.37,2.365
847.39,2.312
847.4,2.284
847.42,2.227
847.44,2.169
847.45,2.139
847.47,2.079
847.49,2.017
847.5,1.986
847.52,1.924
847.54,1.861
847.55,1.829
847.57,1.767
847.59,1.704
847.6,1.673
847.62,1.612
847.64,1.553
847.65,1.524
847.67,1.467
847.68,1.439
847.7,1.386
847.72,1.335
847.73,1.311
847.75,1.266
847.77,1.226
847.78,1.207
847.8,1.174
847.82,1.146
847.83,1.135
847.85,1.117
847.87,1.108
847.88,1.107
847.9,1.111
847.92,1.127
847.93,1.139
847.95,1.173
847.97,1.222
847.98,1.252
848.0,1.327
848.02,1.421
848.03,1.477
848.05,1.606
848.06,1.68
848.08,1.85
848.1,2.053
848.11,2.168
848.13,2.427
848.15,2.729
848.16,2.898
848.18,3.276
848.2,3.713
848.21,3.955
848.23,4.492
848.25,5.106
848.26,5.445
848.28,6.193
848.3,7.043
848.31,7.51
848.33,8.535
848.35,9.694
848.36,10.33
848.38,11.71
848.4,13.27
848.41,14.12
848.43,15.97
848.44,16.98
848.46,19.17
848.48,21.61
848.49,22.94
848.51,25.81
848.53,29.0
848.54,30.72
848.56,34.45
848.58,38.56
848.59,40.78
848.61,45.55
848.63,50.81
848.64,53.63
848.66,59.68
848.68,66.32
848.69,69.87
848.71,77.46
848.73,85.74
848.74,90.16
848.76,99.58
848.77,104.6
848.79,115.3
848.81,126.8
848.82,132.9
848.84,145.9
848.86,159.9
848.87,167.4
848.89,183.0
848.91,199.8
848.92,208.7
848.94,227.3
848.96,247.3
848.97,257.7
848.99,279.7
849.01,303.0
849.02,315.2
849.04,340.8
849.06,367.8
849.07,381.9
849.09,411.3
849.11,442.2
849.12,458.2
849.14,491.6
849.15,508.8
849.17,544.6
849.19,581.9
849.2,601.2
849.22,641.0
849.24,682.3
849.25,703.6
849.27,747.2
849.29,792.3
849.3,815.4
849.32,862.7
849.34,911.3
849.35,936.0
849.37,986.5
849.39,1038.0
849.4,1064.0
849.42,1117.0
849.44,1171.0
849.45,1198.0
849.47,1253.0
849.49,1308.0
849.5,1336.0
849.52,1392.0
849.53,1420.0
849.55,1476.0
849.57,1532.0
849.58,1559.0
849.6,1614.0
849.62,1669.0
849.63,1696.0
849.65,1749.0
849.67,1801.0
849.68,1827.0
849.7,1877.0
849.72,1925.0
849.73,1949.0
849.75,1994.0
849.77,2038.0
849.78,2059.0
849.8,2099.0
849.82,2137.0
849.83,2154.0
849.85,2188.0
849.87,2219.0
849.88,2233.0
849.9,2259.0
849.91,2271.0
849.93,2292.0
849.95,2310.0
849.96,2317.0
849.98,2330.0
850.0,2339.0
850.01,2342.0
850.03,2346.0
850.05,2346.0
850.06,2344.0
850.08,2339.0
850.1,2330.0
850.11,2324.0
850.13,2310.0
850.15,2292.0
850.16,2282.0
850.18,2259.0
850.2,2234.0
850.21,2219.0
850.23,2189.0
850.24,2172.0
850.26,2138.0
850.28,2100.0
850.29,2080.0
850.31,2039.0
850.33,1996.0
850.34,1973.0
850.36,1926.0
850.38,1878.0
850.39,1853.0
850.41,1803.0
850.43,1751.0
850.44,1724.0
850.46,1670.0
850.48,1616.0
850.49,1589.0
850.51,1533.0
850.53,1478.0
850.54,1450.0
850.56,1394.0
850.58,1338.0
850.59,1310.0
850.61,1255.0
850.62,1227.0
850.64,1173.0
850.66,1119.0
850.67,1092.0
850.69,1040.0
850.71,988.4
850.72,963.0
850.74,913.2
850.76,864.6
850.77,840.8
850.79,794.3
850.81,749.2
850.82,727.1
850.84,684.3
850.86,642.9
850.87,622.9
850.89,583.9
850.91,546.5
850.92,528.5
850.94,493.5
850.96,460.2
850.97,444.1
850.99,413.2
851.0,398.3
851.02,369.8
851.04,342.7
851.05,329.8
851.07,305.0
851.09,281.6
851.1,270.5
851.12,249.2
851.14,229.2
851.15,219.8
851.17,201.7
851.19,184.9
851.2,177.0
851.22,161.9
851.24,147.8
851.25,141.2
851.27,128.7
851.29,117.1
851.3,111.7
851.32,101.5
851.34,92.04
851.35,87.62
851.37,79.33
851.38,75.44
851.4,68.18
851.42,61.53
851.43,58.43
851.45,52.65
851.47,47.39
851.48,44.94
851.5,40.38
851.52,36.26
851.53,34.34
851.55,30.8
851.57,27.59
851.58,26.11
851.6,23.38
851.62,20.92
851.63,19.79
851.65,17.7
851.67,15.83
851.68,14.97
851.7,13.4
851.71,12.67
851.73,11.35
851.75,10.17
851.76,9.632
851.78,8.647
851.8,7.776
851.81,7.38
851.83,6.658
851.85,6.024
851.86,5.736
851.88,5.216
851.9,4.763
851.91,4.559
851.93,4.194
851.95,3.882
851.96,3.743
851.98,3.5
852.0,3.3
852.01,3.214
852.03,3.071
852.05,2.965
852.06,2.925
852.08,2.871
852.09,2.856
852.11,2.854
852.13,2.888
852.14,2.919
852.16,3.009
852.18,3.14
852.19,3.221
852.21,3.421
852.23,3.672
852.24,3.818
852.26,4.158
852.28,4.566
852.29,4.799
852.31,5.327
852.33,5.95
852.34,6.301
852.36,7.09
852.38,8.01
852.39,8.525
852.41,9.676
852.43,11.01
852.44,11.75
852.46,13.4
852.47,14.32
852.49,16.36
852.51,18.7
852.52,20.0
852.54,22.87
852.56,26.16
852.57,27.97
852.59,31.97
852.61,36.53
852.62,39.04
852.64,44.57
852.66,50.84
852.67,54.28
852.69,61.82
852.71,70.35
852.72,75.01
852.74,85.22
852.76,96.7
852.77,103.0
852.79,116.6
852.81,131.9
852.82,140.3
852.84,158.4
852.85,168.2
852.87,189.5
852.89,213.3
852.9,226.1
852.92,253.9
852.94,284.7
852.95,301.3
852.97,337.1
852.99,376.7
853.0,397.9
853.02,443.6
853.04,493.9
853.05,520.8
853.07,578.5
853.09,641.6
853.1,675.3
853.12,747.3
853.14,825.8
853.15,867.6
853.17,956.5
853.18,1004.0
853.2,1104.0
853.22,1213.0
853.23,1270.0
853.25,1392.0
853.27,1523.0
853.28,1593.0
853.3,1739.0
853.32,1895.0
853.33,1978.0
853.35,2151.0
853.37,2336.0
853.38,2433.0
853.4,2636.0
853.42,2852.0
853.43,2964.0
853.45,3200.0
853.47,3448.0
853.48,3578.0
853.5,3847.0
853.52,4130.0
853.53,4277.0
853.55,4582.0
853.56,4739.0
853.58,5065.0
853.6,5405.0
853.61,5580.0
853.63,5941.0
853.65,6315.0
853.66,6507.0
853.68,6902.0
853.7,7309.0
853.71,7517.0
853.73,7942.0
853.75,8378.0
853.76,8600.0
853.78,9052.0
853.8,9513.0
853.81,9747.0
853.83,10220.0
853.85,10700.0
853.86,10940.0
853.88,11430.0
853.9,11920.0
853.91,12160.0
853.93,12660.0
853.94,12900.0
853.96,13400.0
853.98,13890.0
853.99,14130.0
854.01,14610.0
854.03,15090.0
854.04,15320.0
854.06,15790.0
854.08,16240.0
854.09,16460.0
854.11,16900.0
854.13,17310.0
854.14,17520.0
854.16,17910.0
854.18,18280.0
854.19,18460.0
854.21,18800.0
854.23,19120.0
854.24,19270.0
854.26,19560.0
854.28,19810.0
854.29,19930.0
854.31,20140.0
854.32,20240.0
854.34,20410.0
854.36,20550.0
854.37,20610.0
854.39,20700.0
854.41,20770.0
854.42,20790.0
854.44,20800.0
854.46,20790.0
854.47,20770.0
854.49,20700.0
854.51,20610.0
854.52,20550.0
854.54,20410.0
854.56,20240.0
854.57,20140.0
854.59,19930.0
854.61,19690.0
854.62,19560.0
854.64,19270.0
854.65,19120.0
854.67,18800.0
854.69,18460.0
854.7,18280.0
854.72,17910.0
854.74,17520.0
854.75,17310.0
854.77,16900.0
854.79,16460.0
854.8,16240.0
854.82,15790.0
854.84,15320.0
854.85,15090.0
854.87,14610.0
854.89,14130.0
854.9,13890.0
854.92,13400.0
854.94,12900.0
854.95,12660.0
854.97,12160.0
854.99,11670.0
855.0,11430.0
855.02,10940.0
855.03,10700.0
855.05,10220.0
855.07,9746.0
855.08,9513.0
855.1,9052.0
855.12,8600.0
855.13,8378.0
855.15,7941.0
855.17,7516.0
855.18,7308.0
855.2,6901.0
855.22,6507.0
855.23,6314.0
855.25,5940.0
855.27,5579.0
855.28,5404.0
855.3,5064.0
855.32,4738.0
855.33,4581.0
855.35,4276.0
855.37,3986.0
855.38,3846.0
855.4,3577.0
855.41,3447.0
855.43,3199.0
855.45,2963.0
855.46,2851.0
855.48,2635.0
855.5,2432.0
855.51,2335.0
855.53,2150.0
855.55,1976.0
855.56,1894.0
855.58,1737.0
855.6,1591.0
855.61,1522.0
855.63,1391.0
855.65,1269.0
855.66,1211.0
855.68,1103.0
855.7,1002.0
855.71,954.8
855.73,865.9
855.75,784.0
855.76,745.6
855.78,673.5
855.79,639.8
855.81,576.6
855.83,518.9
855.84,492.0
855.86,441.7
855.88,396.0
855.89,374.7
855.91,335.2
855.93,299.3
855.94,282.7
855.96,251.9
855.98,224.1
855.99,211.3
856.01,187.5
856.03,166.2
856.04,156.4
856.06,138.3
856.08,122.1
856.09,114.6
856.11,101.0
856.12,94.73
856.14,83.25
856.16,73.05
856.17,68.4
856.19,59.88
856.21,52.35
856.22,48.92
856.24,42.66
856.26,37.15
856.27,34.65
856.29,30.11
856.31,26.12
856.32,24.32
856.34,21.05
856.36,18.19
856.37,16.9
856.39,14.57
856.41,12.55
856.42,11.64
856.44,9.998
856.46,8.576
856.47,7.939
856.49,6.795
856.5,6.283
856.52,5.366
856.54,4.576
856.55,4.223
856.57,3.593
856.59,3.053
856.6,2.813
856.62,2.385
856.64,2.02
856.65,1.858
856.67,1.57
856.69,1.325
856.7,1.217
856.72,1.025
856.74,0.8629
856.75,0.7913
856.77,0.665
856.79,0.5583
856.8,0.5114
856.82,0.4288
856.84,0.3594
856.85,0.329
856.87,0.2756
856.88,0.2523
856.9,0.2113
856.92,0.1771
856.93,0.1621
856.95,0.136
856.97,0.1143
856.98,0.1048
857.0,0.08826
857.02,0.07452
857.03,0.06854
857.05,0.05813
857.07,0.0495
857.08,0.04574
857.1,0.03921
857.12,0.03379
857.13,0.03143
857.15,0.02733
857.17,0.02391
857.18,0.02243
857.2,0.01983
857.21,0.01869
857.23,0.0167
857.25,0.01503
857.26,0.01429
857.28,0.01299
857.3,0.01188
857.31,0.01139
857.33,0.01052
857.35,0.009758
857.36,0.009418
857.38,0.008803
857.4,0.008263
857.41,0.008018
857.43,0.00757
857.45,0.007171
857.46,0.006988
857.48,0.006651
857.5,0.006349
857.51,0.00621
857.53,0.005953
857.55,0.005723
857.56,0.005618
857.58,0.005425
857.59,0.005338
857.61,0.005179
857.63,0.005043
857.64,0.004982
857.66,0.004877
857.68,0.004793
857.69,0.004758
857.71,0.004705
857.73,0.004672
857.74,0.004664
857.76,0.004662
857.78,0.004681
857.79,0.004699
857.81,0.004749
857.83,0.004821
857.84,0.004865
857.86,0.00497
857.88,0.005096
857.89,0.005168
857.91,0.005327
857.93,0.00551
857.94,0.005609
857.96,0.005826
857.97,0.005944
857.99,0.006196
858.01,0.006473
858.02,0.006621
858.04,0.006935
858.06,0.007276
858.07,0.007456
858.09,0.007837
858.11,0.008247
858.12,0.008463
858.14,0.008919
858.16,0.009406
858.17,0.009663
858.19,0.0102
858.21,0.01078
858.22,0.01108
858.24,0.01172
858.26,0.01241
858.27,0.01277
858.29,0.01352
858.31,0.01434
858.32,0.01477
858.34,0.01567
858.35,0.01615
858.37,0.01717
858.39,0.01826
858.4,0.01884
858.42,0.02007
858.44,0.02139
858.45,0.0221
858.47,0.0236
858.49,0.02523
858.5,0.0261
858.52,0.02794
858.54,0.02995
858.55,0.03102
858.57,0.0333
858.59,0.03579
858.6,0.03711
858.62,0.03994
858.64,0.04302
858.65,0.04467
858.67,0.04817
858.68,0.05004
858.7,0.05403
858.72,0.05836
858.73,0.06067
858.75,0.06559
858.77,0.07093
858.78,0.07376
858.8,0.0798
858.82,0.08634
858.83,0.08981
858.85,0.09716
858.87,0.1051
858.88,0.1093
858.9,0.1182
858.92,0.1278
858.93,0.1329
858.95,0.1435
858.97,0.155
858.98,0.161
859.0,0.1736
859.02,0.1872
859.03,0.1943
859.05,0.2092
859.06,0.217
859.08,0.2333
859.1,0.2506
859.11,0.2596
859.13,0.2784
859.15,0.2983
859.16,0.3086
859.18,0.3301
859.2,0.3527
859.21,0.3644
859.23,0.3886
859.25,0.414
859.26,0.427
859.28,0.454
859.3,0.4821
859.31,0.4965
859.33,0.5262
859.35,0.5568
859.36,0.5726
859.38,0.6047
859.4,0.6378
859.41,0.6547
859.43,0.6891
859.44,0.7066
859.46,0.7422
859.48,0.7784
859.49,0.7968
859.51,0.834
859.53,0.8716
859.54,0.8906
859.56,0.9287
859.58,0.9671
859.59,0.9864
859.61,1.025
859.63,1.063
859.64,1.083
859.66,1.121
859.68,1.159
859.69,1.178
859.71,1.215
859.73,1.251
859.74,1.269
859.76,1.304
859.78,1.338
859.79,1.355
859.81,1.387
859.82,1.403
859.84,1.433
859.86,1.462
859.87,1.476
859.89,1.502
859.91,1.526
859.92,1.538
859.94,1.559
859.96,1.579
859.97,1.588
859.99,1.604
860.01,1.618
860.02,1.624
860.04,1.635
860.06,1.643
860.07,1.646
860.09,1.65
860.11,1.652
860.12,1.652
860.14,1.65
860.15,1.649
860.17,1.643
860.19,1.635
860.2,1.63
860.22,1.619
860.24,1.605
860.25,1.597
860.27,1.58
860.29,1.561
860.3,1.55
860.32,1.528
860.34,1.503
860.35,1.49
860.37,1.463
860.39,1.434
860.4,1.419
860.42,1.388
860.44,1.356
860.45,1.339
860.47,1.305
860.49,1.27
860.5,1.252
860.52,1.215
860.53,1.197
860.55,1.159
860.57,1.121
860.58,1.102
860.6,1.063
860.62,1.024
860.63,1.005
860.65,0.9662
860.67,0.9274
860.68,0.9081
860.7,0.8697
860.72,0.8317
860.73,0.8129
860.75,0.7756
860.77,0.7389
860.78,0.7208
860.8,0.6852
860.82,0.6503
860.83,0.6332
860.85,0.5996
860.87,0.567
860.88,0.551
860.9,0.5198
860.91,0.5046
860.93,0.475
860.95,0.4464
860.96,0.4326
860.98,0.4056
861.0,0.3798
861.01,0.3673
861.03,0.3432
861.05,0.3201
861.06,0.309
861.08,0.2876
861.1,0.2673
861.11,0.2575
861.13,0.2388
861.15,0.2211
861.16,0.2126
861.18,0.1964
861.2,0.1811
861.21,0.1738
861.23,0.16
861.25,0.147
861.26,0.1408
861.28,0.1291
861.29,0.1236
861.31,0.113
861.33,0.1032
861.34,0.09861
861.36,0.08987
861.38,0.08177
861.39,0.07796
861.41,0.07078
861.43,0.06416
861.44,0.06105
861.46,0.05522
861.48,0.04987
861.49,0.04737
861.51,0.04268
861.53,0.0384
861.54,0.03641
861.56,0.03268
861.58,0.02929
861.59,0.02772
861.61,0.02479
861.62,0.02343
861.64,0.02091
861.66,0.01863
861.67,0.01758
861.69,0.01563
861.71,0.01387
861.72,0.01306
861.74,0.01157
861.76,0.01024
861.77,0.009625
861.79,0.008497
861.81,0.007492
861.82,0.007032
861.84,0.00619
861.86,0.005443
861.87,0.005103
861.89,0.004482
861.91,0.003936
861.92,0.003688
861.94,0.00324
861.96,0.002848
861.97,0.002673
861.99,0.002357
862.0,0.002217
862.02,0.001968
862.04,0.001757
862.05,0.001666
862.07,0.001509
862.09,0.001384
862.1,0.001334
862.12,0.001255
862.14,0.001205
862.15,0.00119
862.17,0.001183
862.19,0.001204
862.2,0.001226
862.22,0.001291
862.24,0.001389
862.25,0.00145
862.27,0.001599
862.29,0.001787
862.3,0.001896
862.32,0.002149
862.34,0.002451
862.35,0.002622
862.37,0.00301
862.38,0.003229
862.4,0.003719
862.42,0.004289
862.43,0.004607
862.45,0.005317
862.47,0.006135
862.48,0.00659
862.5,0.007598
862.52,0.008755
862.53,0.009394
862.55,0.01081
862.57,0.01243
862.58,0.01332
862.6,0.01529
862.62,0.01753
862.63,0.01876
862.65,0.02147
862.67,0.02455
862.68,0.02624
862.7,0.02995
862.72,0.03414
862.73,0.03644
862.75,0.04148
862.76,0.04424
862.78,0.05027
862.8,0.05706
862.81,0.06077
862.83,0.06887
862.85,0.07797
862.86,0.08293
862.88,0.09374
862.9,0.1059
862.91,0.1124
862.93,0.1268
862.95,0.1428
862.96,0.1515
862.98,0.1704
863.0,0.1915
863.01,0.2029
863.03,0.2276
863.05,0.2552
863.06,0.2701
863.08,0.3024
863.09,0.3198
863.11,0.3575
863.13,0.3993
863.14,0.4219
863.16,0.4706
863.18,0.5245
863.19,0.5535
863.21,0.6161
863.23,0.6852
863.24,0.7224
863.26,0.8024
863.28,0.8905
863.29,0.9378
863.31,1.04
863.33,1.151
863.34,1.211
863.36,1.34
863.38,1.481
863.39,1.556
863.41,1.718
863.43,1.895
863.44,1.99
863.46,2.192
863.47,2.3
863.49,2.531
863.51,2.783
863.52,2.917
863.54,3.203
863.56,3.514
863.57,3.679
863.59,4.032
863.61,4.414
863.62,4.617
863.64,5.048
863.66,5.515
863.67,5.762
863.69,6.287
863.71,6.853
863.72,7.153
863.74,7.786
863.76,8.468
863.77,8.828
863.79,9.588
863.81,10.4
863.82,10.83
863.84,11.74
863.85,12.21
863.87,13.22
863.89,14.29
863.9,14.85
863.92,16.02
863.94,17.28
863.95,17.94
863.97,19.31
863.99,20.77
864.0,21.53
864.02,23.12
864.04,24.81
864.05,25.69
864.07,27.52
864.09,29.45
864.1,30.45
864.12,32.54
864.14,34.73
864.15,35.87
864.17,38.23
864.19,40.71
864.2,41.99
864.22,44.65
864.23,46.02
864.25,48.86
864.27,51.83
864.28,53.36
864.3,56.53
864.32,59.83
864.33,61.53
864.35,65.04
864.37,68.7
864.38,70.58
864.4,74.47
864.42,78.52
864.43,80.61
864.45,84.92
864.47,89.41
864.48,91.73
864.5,96.51
864.52,101.5
864.53,104.1
864.55,109.4
864.56,112.2
864.58,117.9
864.6,124.0
864.61,127.1
864.63,133.6
864.65,140.5
864.66,144.1
864.68,151.5
864.7,159.5
864.71,163.6
864.73,172.3
864.75,181.7
864.76,186.6
864.78,196.9
864.8,207.9
864.81,213.8
864.83,226.1
864.85,239.5
864.86,246.5
864.88,261.5
864.9,277.7
864.91,286.3
864.93,304.6
864.94,314.3
864.96,334.9
864.98,357.4
864.99,369.3
865.01,394.7
865.03,422.2
865.04,436.9
865.06,468.0
865.08,501.9
865.09,519.8
865.11,558.0
865.13,599.4
865.14,621.3
865.16,667.9
865.18,718.2
865.19,744.9
865.21,801.3
865.23,862.0
865.24,894.1
865.26,961.9
865.28,1035.0
865.29,1073.0
865.31,1154.0
865.32,1196.0
865.34,1285.0
865.36,1381.0
865.37,1430.0
865.39,1535.0
865.41,1646.0
865.42,1704.0
865.44,1825.0
865.46,1954.0
865.47,2020.0
865.49,2159.0
865.51,2306.0
865.52,2381.0
865.54,2539.0
865.56,2704.0
865.57,2789.0
865.59,2965.0
865.61,3149.0
865.62,3243.0
865.64,3438.0
865.66,3640.0
865.67,3743.0
865.69,3955.0
865.7,4064.0
865.72,4286.0
865.74,4514.0
865.75,4631.0
865.77,4867.0
865.79,5110.0
865.8,5232.0
865.82,5481.0
865.84,5734.0
865.85,5862.0
865.87,6119.0
865.89,6379.0
865.9,6510.0
865.92,6772.0
865.94,7035.0
865.95,7166.0
865.97,7428.0
865.99,7689.0
866.0,7818.0
866.02,8075.0
866.03,8202.0
866.05,8453.0
866.07,8698.0
866.08,8819.0
866.1,9056.0
866.12,9286.0
866.13,9397.0
866.15,9614.0
866.17,9822.0
866.18,9922.0
866.2,10110.0
866.22,10290.0
866.23,10380.0
866.25,10540.0
866.27,10690.0
866.28,10760.0
866.3,10890.0
866.32,11000.0
866.33,11050.0
866.35,11140.0
866.37,11220.0
866.38,11250.0
866.4,11300.0
866.41,11310.0
866.43,11340.0
866.45,11350.0
866.46,11340.0
866.48,11330.0
866.5,11290.0
866.51,11270.0
866.53,11210.0
866.55,11140.0
866.56,11090.0
866.58,10990.0
866.6,10880.0
866.61,10820.0
866.63,10680.0
866.65,10530.0
866.66,10450.0
866.68,10280.0
866.7,10100.0
866.71,10000.0
866.73,9806.0
866.75,9597.0
866.76,9489.0
866.78,9266.0
866.79,9151.0
866.81,8916.0
866.83,8674.0
866.84,8551.0
866.86,8300.0
866.88,8045.0
866.89,7916.0
866.91,7656.0
866.93,7393.0
866.94,7261.0
866.96,6996.0
866.98,6731.0
866.99,6598.0
867.01,6334.0
867.03,6071.0
867.04,5941.0
867.06,5682.0
867.08,5426.0
867.09,5299.0
867.11,5050.0
867.13,4804.0
867.14,4684.0
867.16,4446.0
867.17,4330.0
867.19,4101.0
867.21,3879.0
867.22,3770.0
867.24,3558.0
867.26,3352.0
867.27,3252.0
867.29,3058.0
867.31,2871.0
867.32,2780.0
867.34,2604.0
867.36,2436.0
867.37,2354.0
867.39,2197.0
867.41,2047.0
867.42,1975.0
867.44,1837.0
867.46,1705.0
867.47,1642.0
867.49,1521.0
867.5,1463.0
867.52,1352.0
867.54,1248.0
867.55,1199.0
867.57,1104.0
867.59,1015.0
867.6,972.7
867.62,892.5
867.64,817.6
867.65,782.2
867.67,715.0
867.69,652.7
867.7,623.3
867.72,567.7
867.74,516.3
867.75,492.2
867.77,446.7
867.79,404.8
867.8,385.2
867.82,348.3
867.84,314.6
867.85,298.8
867.87,269.3
867.88,255.6
867.9,229.9
867.92,206.5
867.93,195.7
867.95,175.4
867.97,157.1
867.98,148.7
868.0,132.9
868.02,118.8
868.03,112.2
868.05,100.1
868.07,89.3
868.08,84.31
868.1,75.13
868.12,66.94
868.13,63.19
868.15,56.31
868.17,50.2
868.18,47.42
868.2,42.34
868.22,37.86
868.23,35.83
868.25,32.15
868.26,30.48
868.28,27.47
868.3,24.85
868.31,23.68
868.33,21.58
868.35,19.77
868.36,18.97
868.38,17.55
868.4,16.35
868.41,15.82
868.43,14.91
868.45,14.16
868.46,13.84
868.48,13.31
868.5,12.89
868.51,12.72
868.53,12.45
868.55,12.27
868.56,12.2
868.58,12.13
868.59,12.11
868.61,12.12
868.63,12.18
868.64,12.22
868.66,12.33
868.68,12.47
868.69,12.55
868.71,12.73
868.73,12.92
868.74,13.02
868.76,13.23
868.78,13.44
868.79,13.55
868.81,13.77
868.83,13.99
868.84,14.1
868.86,14.31
868.88,14.51
868.89,14.61
868.91,14.8
868.93,14.98
868.94,15.07
868.96,15.23
868.97,15.3
868.99,15.44
869.01,15.56
869.02,15.61
869.04,15.71
869.06,15.78
869.07,15.82
869.09,15.87
869.11,15.9
869.12,15.91
869.14,15.91
869.16,15.9
869.17,15.88
869.19,15.84
869.21,15.78
869.22,15.74
869.24,15.65
869.26,15.55
869.27,15.49
869.29,15.37
869.31,15.22
869.32,15.15
869.34,14.98
869.35,14.9
869.37,14.72
869.39,14.52
869.4,14.42
869.42,14.21
869.44,14.0
869.45,13.89
869.47,13.66
869.49,13.42
869.5,13.3
869.52,13.06
869.54,12.81
869.55,12.69
869.57,12.44
869.59,12.19
869.6,12.06
869.62,11.81
869.64,11.56
869.65,11.43
869.67,11.19
869.69,10.94
869.7,10.82
869.72,10.58
869.73,10.46
869.75,10.22
869.77,9.991
869.78,9.878
869.8,9.655
869.82,9.438
869.83,9.332
869.85,9.124
869.87,8.923
869.88,8.824
869.9,8.632
869.92,8.447
869.93,8.357
869.95,8.181
869.97,8.012
869.98,7.93
870.0,7.771
870.02,7.618
870.03,7.544
870.05,7.4
870.06,7.331
870.08,7.197
870.1,7.069
870.11,7.007
870.13,6.888
870.15,6.774
870.16,6.72
870.18,6.615
870.2,6.515
870.21,6.467
870.23,6.376
870.25,6.289
870.26,6.248
870.28,6.17
870.3,6.097
870.31,6.062
870.33,5.997
870.35,5.938
870.36,5.91
870.38,5.859
870.4,5.813
870.41,5.792
870.43,5.755
870.44,5.738
870.46,5.71
870.48,5.688
870.49,5.68
870.51,5.667
870.53,5.661
870.54,5.661
870.56,5.666
870.58,5.678
870.59,5.686
870.61,5.709
870.63,5.739
870.64,5.757
870.66,5.8
870.68,5.85
870.69,5.878
870.71,5.94
870.73,6.011
870.74,6.049
870.76,6.133
870.78,6.225
870.79,6.274
870.81,6.378
870.82,6.434
870.84,6.551
870.86,6.677
870.87,6.742
870.89,6.88
870.91,7.026
870.92,7.102
870.94,7.26
870.96,7.425
870.97,7.51
870.99,7.686
871.01,7.868
871.02,7.962
871.04,8.153
871.06,8.351
871.07,8.452
871.09,8.657
871.11,8.867
871.12,8.973
871.14,9.189
871.16,9.408
871.17,9.518
871.19,9.741
871.2,9.853
871.22,10.08
871.24,10.3
871.25,10.42
871.27,10.64
871.29,10.87
871.3,10.98
871.32,11.2
871.34,11.42
871.35,11.53
871.37,11.75
871.39,11.96
871.4,12.06
871.42,12.27
871.44,12.47
871.45,12.56
871.47,12.75
871.49,12.93
871.5,13.02
871.52,13.19
871.53,13.27
871.55,13.43
871.57,13.57
871.58,13.64
871.6,13.77
871.62,13.89
871.63,13.95
871.65,14.05
871.67,14.14
871.68,14.18
871.7,14.26
871.72,14.32
871.73,14.34
871.75,14.38
871.77,14.41
871.78,14.41
871.8,14.42
871.82,14.41
871.83,14.4
871.85,14.37
871.87,14.33
871.88,14.3
871.9,14.24
871.91,14.2
871.93,14.12
871.95,14.02
871.96,13.97
871.98,13.86
872.0,13.73
872.01,13.66
872.03,13.51
872.05,13.36
872.06,13.28
872.08,13.1
872.1,12.92
872.11,12.83
872.13,12.63
872.15,12.43
872.16,12.33
872.18,12.11
872.2,11.89
872.21,11.78
872.23,11.56
872.25,11.33
872.26,11.22
872.28,10.98
872.29,10.87
872.31,10.64
872.33,10.41
872.34,10.29
872.36,10.06
872.38,9.842
872.39,9.732
872.41,9.517
872.43,9.31
872.44,9.209
872.46,9.014
872.48,8.829
872.49,8.741
872.51,8.573
872.53,8.419
872.54,8.347
872.56,8.215
872.58,8.099
872.59,8.047
872.61,7.957
872.63,7.886
872.64,7.859
872.66,7.818
872.67,7.806
872.69,7.799
872.71,7.815
872.72,7.832
872.74,7.884
872.76,7.961
872.77,8.01
872.79,8.127
872.81,8.271
872.82,8.353
872.84,8.539
872.86,8.753
872.87,8.87
872.89,9.127
872.91,9.414
872.92,9.567
872.94,9.897
872.96,10.26
872.97,10.45
872.99,10.85
873.0,11.06
873.02,11.5
873.04,11.98
873.05,12.22
873.07,12.73
873.09,13.27
873.1,13.55
873.12,14.12
873.14,14.72
873.15,15.02
873.17,15.65
873.19,16.3
873.2,16.63
873.22,17.3
873.24,17.99
873.25,18.33
873.27,19.04
873.29,19.75
873.3,20.11
873.32,20.83
873.34,21.56
873.35,21.92
873.37,22.64
873.38,23.01
873.4,23.73
873.42,24.44
873.43,24.79
873.45,25.49
873.47,26.17
873.48,26.5
873.5,27.16
873.52,27.8
873.53,28.1
873.55,28.7
873.57,29.28
873.58,29.55
873.6,30.08
873.62,30.57
873.63,30.81
873.65,31.25
873.67,31.65
873.68,31.84
873.7,32.18
873.72,32.48
873.73,32.61
873.75,32.84
873.76,32.94
873.78,33.1
873.8,33.22
873.81,33.26
873.83,33.31
873.85,33.31
873.86,33.29
873.88,33.21
873.9,33.09
873.91,33.01
873.93,32.82
873.95,32.58
873.96,32.45
873.98,32.14
874.0,31.8
874.01,31.61
874.03,31.2
874.05,30.75
874.06,30.51
874.08,30.01
874.1,29.47
874.11,29.19
874.13,28.61
874.14,28.3
874.16,27.68
874.18,27.02
874.19,26.69
874.21,26.01
874.23,25.3
874.24,24.95
874.26,24.22
874.28,23.48
874.29,23.11
874.31,22.36
874.33,21.6
874.34,21.22
874.36,20.45
874.38,19.69
874.39,19.31
874.41,18.55
874.43,17.79
874.44,17.42
874.46,16.67
874.47,16.3
874.49,15.58
874.51,14.86
874.52,14.5
874.54,13.81
874.56,13.13
874.57,12.79
874.59,12.14
874.61,11.5
874.62,11.19
874.64,10.58
874.66,9.989
874.67,9.701
874.69,9.143
874.71,8.605
874.72,8.344
874.74,7.837
874.76,7.352
874.77,7.118
874.79,6.665
874.81,6.233
874.82,6.024
874.84,5.623
874.85,5.431
874.87,5.06
874.89,4.709
874.9,4.541
874.92,4.218
874.94,3.915
874.95,3.769
874.97,3.492
874.99,3.232
875.0,3.108
875.02,2.872
875.04,2.651
875.05,2.546
875.07,2.347
875.09,2.162
875.1,2.075
875.12,1.909
875.14,1.755
875.15,1.683
875.17,1.546
875.19,1.42
875.2,1.361
875.22,1.249
875.23,1.197
875.25,1.1
875.27,1.01
875.28,0.9689
875.3,0.8918
875.32,0.822
875.33,0.7898
875.35,0.7306
875.37,0.678
875.38,0.6541
875.4,0.6109
875.42,0.5739
875.43,0.5576
875.45,0.5295
875.47,0.5072
875.48,0.4982
875.5,0.4847
875.52,0.4772
875.53,0.4757
875.55,0.4774
875.57,0.4856
875.58,0.4922
875.6,0.5108
875.61,0.5228
875.63,0.5527
875.65,0.5908
875.66,0.6132
875.68,0.6651
875.7,0.7271
875.71,0.7621
875.73,0.8411
875.75,0.9328
875.76,0.9838
875.78,1.097
875.8,1.226
875.81,1.297
875.83,1.454
875.85,1.63
875.86,1.727
875.88,1.938
875.9,2.175
875.91,2.304
875.93,2.585
875.94,2.737
875.96,3.067
875.98,3.434
875.99,3.633
876.01,4.062
876.03,4.537
876.04,4.793
876.06,5.344
876.08,5.951
876.09,6.278
876.11,6.978
876.13,7.747
876.14,8.158
876.16,9.039
876.18,10.0
876.19,10.52
876.21,11.61
876.23,12.8
876.24,13.44
876.26,14.79
876.28,16.25
876.29,17.03
876.31,18.67
876.32,19.54
876.34,21.39
876.36,23.37
876.37,24.42
876.39,26.62
876.41,28.99
876.42,30.24
876.44,32.85
876.46,35.65
876.47,37.11
876.49,40.18
876.51,43.45
876.52,45.15
876.54,48.71
876.56,52.48
876.57,54.45
876.59,58.53
876.61,62.84
876.62,65.07
876.64,69.7
876.66,74.56
876.67,77.08
876.69,82.27
876.7,84.95
876.72,90.48
876.74,96.24
876.75,99.2
876.77,105.3
876.79,111.6
876.8,114.8
876.82,121.4
876.84,128.2
876.85,131.7
876.87,138.8
876.89,146.0
876.9,149.7
876.92,157.2
876.94,164.8
876.95,168.6
876.97,176.4
876.99,184.3
877.0,188.3
877.02,196.3
877.03,200.3
877.05,208.4
877.07,216.5
877.08,220.5
877.1,228.6
877.12,236.6
877.13,240.5
877.15,248.4
877.17,256.2
877.18,260.1
877.2,267.6
877.22,275.0
877.23,278.7
877.25,285.8
877.27,292.6
877.28,295.9
877.3,302.4
877.32,308.5
877.33,311.5
877.35,317.1
877.37,322.4
877.38,324.9
877.4,329.6
877.41,331.8
877.43,335.8
877.45,339.5
877.46,341.1
877.48,344.1
877.5,346.6
877.51,347.6
877.53,349.4
877.55,350.7
877.56,351.1
877.58,351.6
877.6,351.6
877.61,351.4
877.63,350.7
877.65,349.4
877.66,348.6
877.68,346.6
877.7,344.2
877.71,342.8
877.73,339.6
877.75,336.0
877.76,334.0
877.78,329.7
877.79,327.4
877.81,322.5
877.83,317.3
877.84,314.5
877.86,308.7
877.88,302.6
877.89,299.4
877.91,292.9
877.93,286.0
877.94,282.5
877.96,275.3
877.98,268.0
877.99,264.2
878.01,256.6
878.03,248.8
878.04,244.9
878.06,237.0
878.08,229.0
878.09,225.0
878.11,217.0
878.13,208.9
878.14,204.9
878.16,196.9
878.17,192.9
878.19,184.9
878.21,177.1
878.22,173.2
878.24,165.5
878.26,157.9
878.27,154.2
878.29,146.8
878.31,139.6
878.32,136.1
878.34,129.1
878.36,122.4
878.37,119.1
878.39,112.6
878.41,106.4
878.42,103.3
878.44,97.43
878.46,91.74
878.47,88.98
878.49,83.63
878.5,81.03
878.52,76.02
878.54,71.24
878.55,68.93
878.57,64.48
878.59,60.26
878.6,58.23
878.62,54.33
878.64,50.65
878.65,48.89
878.67,45.52
878.69,42.35
878.7,40.84
878.72,37.95
878.74,35.26
878.75,33.98
878.77,31.55
878.79,29.29
878.8,28.22
878.82,26.2
878.84,24.33
878.85,23.45
878.87,21.8
878.88,21.02
878.9,19.56
878.92,18.23
878.93,17.61
878.95,16.45
878.97,15.39
878.98,14.91
879.0,14.0
879.02,13.2
879.03,12.83
879.05,12.15
879.07,11.56
879.08,11.29
879.1,10.81
879.12,10.41
879.13,10.23
879.15,9.925
879.17,9.686
879.18,9.59
879.2,9.445
879.22,9.36
879.23,9.34
879.25,9.345
879.26,9.369
879.28,9.462
879.3,9.613
879.31,9.711
879.33,9.953
879.35,10.26
879.36,10.43
879.38,10.83
879.4,11.3
879.41,11.56
879.43,12.14
879.45,12.79
879.46,13.14
879.48,13.91
879.5,14.77
879.51,15.24
879.53,16.23
879.55,17.33
879.56,17.92
879.58,19.18
879.6,20.56
879.61,21.29
879.63,22.85
879.64,23.68
879.66,25.44
879.68,27.35
879.69,28.36
879.71,30.49
879.73,32.79
879.74,34.0
879.76,36.56
879.78,39.29
879.79,40.73
879.81,43.75
879.83,46.96
879.84,48.65
879.86,52.17
879.88,55.91
879.89,57.87
879.91,61.94
879.93,66.23
879.94,68.47
879.96,73.11
879.97,75.52
879.99,80.52
880.01,85.76
880.02,88.46
880.04,94.05
880.06,99.88
880.07,102.9
880.09,109.1
880.11,115.5
880.12,118.8
880.14,125.5
880.16,132.5
880.17,136.0
880.19,143.3
880.21,150.7
880.22,154.5
880.24,162.2
880.26,170.1
880.27,174.1
880.29,182.1
880.31,190.3
880.32,194.4
880.34,202.7
880.35,206.9
880.37,215.3
880.39,223.7
880.4,228.0
880.42,236.4
880.44,244.8
880.45,249.0
880.47,257.3
880.49,265.5
880.5,269.5
880.52,277.5
880.54,285.4
880.55,289.2
880.57,296.7
880.59,304.0
880.6,307.6
880.62,314.5
880.64,321.1
880.65,324.3
880.67,330.3
880.69,336.1
880.7,338.8
880.72,343.9
880.73,346.3
880.75,350.8
880.77,354.9
880.78,356.7
880.8,360.0
880.82,362.9
880.83,364.1
880.85,366.2
880.87,367.8
880.88,368.4
880.9,369.2
880.92,369.4
880.93,369.4
880.95,368.8
880.97,367.8
880.98,367.0
881.0,365.2
881.02,362.8
881.03,361.5
881.05,358.4
881.07,354.8
881.08,352.8
881.1,348.5
881.11,346.2
881.13,341.3
881.15,336.0
881.16,333.2
881.18,327.2
881.2,321.0
881.21,317.7
881.23,311.0
881.25,303.9
881.26,300.3
881.28,292.9
881.3,285.2
881.31,281.3
881.33,273.4
881.35,265.3
881.36,261.2
881.38,252.9
881.4,244.6
881.41,240.4
881.43,231.9
881.44,227.7
881.46,219.3
881.48,210.9
881.49,206.7
881.51,198.3
881.53,190.0
881.54,185.9
881.56,177.8
881.58,169.8
881.59,165.8
881.61,158.1
881.63,150.4
881.64,146.7
881.66,139.3
881.68,132.2
881.69,128.7
881.71,121.9
881.73,115.2
881.74,112.0
881.76,105.8
881.78,99.72
881.79,96.79
881.81,91.11
881.82,88.37
881.84,83.05
881.86,77.98
881.87,75.53
881.89,70.82
881.91,66.35
881.92,64.21
881.94,60.09
881.96,56.2
881.97,54.34
881.99,50.78
882.01,47.44
882.02,45.85
882.04,42.82
882.06,40.0
882.07,38.66
882.09,36.12
882.11,33.76
882.12,32.64
882.14,30.54
882.16,28.6
882.17,27.69
882.19,25.98
882.2,25.17
882.22,23.67
882.24,22.3
882.25,21.66
882.27,20.47
882.29,19.39
882.3,18.89
882.32,17.96
882.34,17.12
882.35,16.74
882.37,16.03
882.39,15.4
882.4,15.11
882.42,14.58
882.44,14.11
882.45,13.9
882.47,13.51
882.49,13.17
882.5,13.02
882.52,12.75
882.54,12.51
882.55,12.4
882.57,12.21
882.58,12.13
882.6,11.97
882.62,11.84
882.63,11.78
882.65,11.68
882.67,11.59
882.68,11.55
882.7,11.47
882.72,11.41
882.73,11.38
882.75,11.32
882.77,11.27
882.78,11.24
882.8,11.19
882.82,11.14
882.83,11.12
882.85,11.06
882.87,11.01
882.88,10.98
882.9,10.92
882.91,10.89
882.93,10.83
882.95,10.76
882.96,10.72
882.98,10.64
883.0,10.56
883.01,10.52
883.03,10.43
883.05,10.34
883.06,10.29
883.08,10.19
883.1,10.09
883.11,10.04
883.13,9.93
883.15,9.82
883.16,9.764
883.18,9.65
883.2,9.535
883.21,9.477
883.23,9.361
883.25,9.244
883.26,9.186
883.28,9.071
883.29,9.014
883.31,8.901
883.33,8.791
883.34,8.737
883.36,8.631
883.38,8.53
883.39,8.48
883.41,8.386
883.43,8.296
883.44,8.254
883.46,8.173
883.48,8.099
883.49,8.064
883.51,8.001
883.53,7.944
883.54,7.919
883.56,7.874
883.58,7.837
883.59,7.822
883.61,7.798
883.63,7.782
883.64,7.777
883.66,7.773
883.67,7.774
883.69,7.783
883.71,7.8
883.72,7.811
883.74,7.839
883.76,7.875
883.77,7.896
883.79,7.942
883.81,7.995
883.82,8.023
883.84,8.085
883.86,8.151
883.87,8.187
883.89,8.26
883.91,8.337
883.92,8.377
883.94,8.458
883.96,8.542
883.97,8.584
883.99,8.669
884.01,8.754
884.02,8.796
884.04,8.88
884.05,8.921
884.07,9.002
884.09,9.08
884.1,9.117
884.12,9.19
884.14,9.257
884.15,9.289
884.17,9.348
884.19,9.4
884.2,9.424
884.22,9.465
884.24,9.499
884.25,9.513
884.27,9.534
884.29,9.546
884.3,9.548
884.32,9.546
884.34,9.533
884.35,9.523
884.37,9.496
884.38,9.478
884.4,9.434
884.42,9.38
884.43,9.349
884.45,9.279
884.47,9.198
884.48,9.154
884.5,9.057
884.52,8.951
884.53,8.894
884.55,8.772
884.57,8.642
884.58,8.573
884.6,8.429
884.62,8.277
884.63,8.197
884.65,8.033
884.67,7.862
884.68,7.774
884.7,7.593
884.72,7.406
884.73,7.31
884.75,7.116
884.76,7.017
884.78,6.817
884.8,6.613
884.81,6.51
884.83,6.303
884.85,6.093
884.86,5.988
884.88,5.777
884.9,5.566
884.91,5.461
884.93,5.251
884.95,5.041
884.96,4.937
884.98,4.731
885.0,4.526
885.01,4.425
885.03,4.225
885.05,4.029
885.06,3.932
885.08,3.741
885.1,3.555
885.11,3.464
885.13,3.284
885.14,3.197
885.16,3.025
885.18,2.858
885.19,2.777
885.21,2.619
885.23,2.466
885.24,2.392
885.26,2.248
885.28,2.11
885.29,2.043
885.31,1.913
885.33,1.79
885.34,1.73
885.36,1.615
885.38,1.506
885.39,1.453
885.41,1.352
885.43,1.257
885.44,1.211
885.46,1.123
885.48,1.041
885.49,1.002
885.51,0.9266
885.52,0.8909
885.54,0.823
885.56,0.7595
885.57,0.7295
885.59,0.6725
885.61,0.6196
885.62,0.5946
885.64,0.5475
885.66,0.504
885.67,0.4836
885.69,0.4454
885.71,0.4104
885.72,0.394
885.74,0.3636
885.76,0.336
885.77,0.3233
885.79,0.2998
885.81,0.2788
885.82,0.2692
885.84,0.2518
885.85,0.244
885.87,0.2298
885.89,0.2178
885.9,0.2125
885.92,0.2034
885.94,0.1961
885.95,0.1931
885.97,0.1884
885.99,0.1854
886.0,0.1845
886.02,0.1838
886.04,0.1846
886.05,0.1856
886.07,0.1886
886.09,0.1929
886.1,0.1956
886.12,0.202
886.14,0.2097
886.15,0.2141
886.17,0.2237
886.19,0.2345
886.2,0.2404
886.22,0.2531
886.23,0.2599
886.25,0.2744
886.27,0.29
886.28,0.2983
886.3,0.3157
886.32,0.3343
886.33,0.3439
886.35,0.3641
886.37,0.3855
886.38,0.3965
886.4,0.4194
886.42,0.4434
886.43,0.4557
886.45,0.4812
886.47,0.5076
886.48,0.5211
886.5,0.5489
886.52,0.5776
886.53,0.5922
886.55,0.622
886.57,0.6526
886.58,0.6682
886.6,0.6998
886.61,0.7158
886.63,0.7482
886.65,0.7812
886.66,0.7978
886.68,0.8313
886.7,0.865
886.71,0.882
886.73,0.916
886.75,0.95
886.76,0.967
886.78,1.001
886.8,1.035
886.81,1.051
886.83,1.085
886.85,1.117
886.86,1.133
886.88,1.165
886.9,1.196
886.91,1.212
886.93,1.241
886.94,1.256
886.96,1.284
886.98,1.311
886.99,1.324
887.01,1.349
887.03,1.372
887.04,1.384
887.06,1.405
887.08,1.425
887.09,1.434
887.11,1.451
887.13,1.466
887.14,1.473
887.16,1.485
887.18,1.495
887.19,1.499
887.21,1.507
887.23,1.512
887.24,1.513
887.26,1.515
887.28,1.515
887.29,1.514
887.31,1.511
887.32,1.508
887.34,1.502
887.36,1.493
887.37,1.488
887.39,1.476
887.41,1.463
887.42,1.455
887.44,1.439
887.46,1.42
887.47,1.411
887.49,1.39
887.51,1.367
887.52,1.355
887.54,1.331
887.56,1.305
887.57,1.291
887.59,1.263
887.61,1.234
887.62,1.219
887.64,1.189
887.66,1.157
887.67,1.141
887.69,1.109
887.7,1.092
887.72,1.059
887.74,1.025
887.75,1.008
887.77,0.9741
887.79,0.9399
887.8,0.9228
887.82,0.8886
887.84,0.8546
887.85,0.8376
887.87,0.804
887.89,0.7708
887.9,0.7544
887.92,0.7219
887.94,0.69
887.95,0.6744
887.97,0.6436
887.99,0.6136
888.0,0.599
888.02,0.5704
888.04,0.5429
888.05,0.5295
888.07,0.5036
888.08,0.4911
888.1,0.467
888.12,0.4441
888.13,0.4332
888.15,0.4125
888.17,0.3932
888.18,0.3841
888.2,0.3672
888.22,0.3519
888.23,0.3449
888.25,0.3322
888.27,0.3214
888.28,0.3168
888.3,0.309
888.32,0.3033
888.33,0.3013
888.35,0.2991
888.37,0.2993
888.38,0.3004
888.4,0.3046
888.41,0.3077
888.43,0.3163
888.45,0.328
888.46,0.335
888.48,0.3519
888.5,0.3724
888.51,0.3842
888.53,0.4108
888.55,0.4419
888.56,0.4591
888.58,0.4974
888.6,0.541
888.61,0.5649
888.63,0.6171
888.65,0.6756
888.66,0.7073
888.68,0.7761
888.7,0.8523
888.71,0.8933
888.73,0.9817
888.75,1.079
888.76,1.131
888.78,1.242
888.79,1.302
888.81,1.429
888.83,1.567
888.84,1.641
888.86,1.797
888.88,1.967
888.89,2.056
888.91,2.247
888.93,2.451
888.94,2.56
888.96,2.788
888.98,3.033
888.99,3.162
889.01,3.433
889.03,3.723
889.04,3.875
889.06,4.193
889.08,4.532
889.09,4.709
889.11,5.079
889.13,5.47
889.14,5.674
889.16,6.099
889.17,6.32
889.19,6.779
889.21,7.262
889.22,7.512
889.24,8.029
889.26,8.571
889.27,8.851
889.29,9.428
889.31,10.03
889.32,10.34
889.34,10.98
889.36,11.63
889.37,11.97
889.39,12.67
889.41,13.38
889.42,13.74
889.44,14.49
889.46,15.25
889.47,15.64
889.49,16.43
889.51,17.24
889.52,17.65
889.54,18.47
889.55,18.89
889.57,19.74
889.59,20.59
889.6,21.02
889.62,21.89
889.64,22.75
889.65,23.19
889.67,24.06
889.69,24.93
889.7,25.36
889.72,26.22
889.74,27.07
889.75,27.49
889.77,28.33
889.79,29.15
889.8,29.55
889.82,30.34
889.84,31.11
889.85,31.49
889.87,32.22
889.88,32.58
889.9,33.27
889.92,33.93
889.93,34.24
889.95,34.85
889.97,35.42
889.98,35.69
890.0,36.19
890.02,36.66
890.03,36.87
890.05,37.27
890.07,37.62
890.08,37.78
890.1,38.06
890.12,38.28
890.13,38.38
890.15,38.53
890.17,38.63
890.18,38.66
890.2,38.68
890.22,38.66
890.23,38.62
890.25,38.52
890.26,38.44
890.28,38.26
890.3,38.03
890.31,37.9
890.33,37.6
890.35,37.25
890.36,37.06
890.38,36.64
890.4,36.19
890.41,35.94
890.43,35.43
890.45,34.88
890.46,34.59
890.48,33.98
890.5,33.35
890.51,33.02
890.53,32.35
890.55,31.65
890.56,31.29
890.58,30.56
890.6,29.81
890.61,29.43
890.63,28.66
890.64,28.27
890.66,27.48
890.68,26.69
890.69,26.29
890.71,25.49
890.73,24.69
890.74,24.3
890.76,23.5
890.78,22.71
890.79,22.31
890.81,21.53
890.83,20.76
890.84,20.38
890.86,19.63
890.88,18.89
890.89,18.53
890.91,17.81
890.93,17.11
890.94,16.77
890.96,16.1
890.98,15.45
890.99,15.14
891.01,14.52
891.02,14.22
891.04,13.63
891.06,13.07
891.07,12.8
891.09,12.27
891.11,11.77
891.12,11.52
891.14,11.05
891.16,10.6
891.17,10.39
891.19,9.972
891.21,9.58
891.22,9.392
891.24,9.032
891.26,8.693
891.27,8.531
891.29,8.222
891.31,7.933
891.32,7.796
891.34,7.535
891.35,7.412
891.37,7.178
891.39,6.96
891.4,6.858
891.42,6.665
891.44,6.487
891.45,6.404
891.47,6.248
891.49,6.105
891.5,6.039
891.52,5.915
891.54,5.804
891.55,5.753
891.57,5.658
891.59,5.574
891.6,5.536
891.62,5.467
891.64,5.408
891.65,5.381
891.67,5.335
891.69,5.296
891.7,5.28
891.72,5.253
891.73,5.243
891.75,5.227
891.77,5.217
891.78,5.215
891.8,5.215
891.82,5.221
891.83,5.226
891.85,5.241
891.87,5.26
891.88,5.272
891.9,5.299
891.92,5.33
891.93,5.348
891.95,5.386
891.97,5.428
891.98,5.45
892.0,5.497
892.02,5.548
892.03,5.574
892.05,5.629
892.07,5.687
892.08,5.717
892.1,5.778
892.11,5.809
892.13,5.872
892.15,5.937
892.16,5.97
892.18,6.036
892.2,6.102
892.21,6.136
892.23,6.202
892.25,6.269
892.26,6.301
892.28,6.366
892.3,6.43
892.31,6.461
892.33,6.521
892.35,6.58
892.36,6.608
892.38,6.662
892.4,6.713
892.41,6.737
892.43,6.783
892.45,6.824
892.46,6.844
892.48,6.878
892.49,6.894
892.51,6.921
892.53,6.944
892.54,6.953
892.56,6.967
892.58,6.975
892.59,6.977
892.61,6.976
892.63,6.969
892.64,6.963
892.66,6.947
892.68,6.924
892.69,6.91
892.71,6.878
892.73,6.839
892.74,6.818
892.76,6.769
892.78,6.715
892.79,6.686
892.81,6.622
892.82,6.589
892.84,6.517
892.86,6.439
892.87,6.398
892.89,6.313
892.91,6.222
892.92,6.175
892.94,6.078
892.96,5.977
892.97,5.925
892.99,5.817
893.01,5.707
893.02,5.651
893.04,5.536
893.06,5.419
893.07,5.359
893.09,5.239
893.11,5.117
893.12,5.056
893.14,4.933
893.16,4.809
893.17,4.747
893.19,4.623
893.2,4.562
893.22,4.439
893.24,4.317
893.25,4.256
893.27,4.137
893.29,4.019
893.3,3.96
893.32,3.846
893.34,3.734
893.35,3.679
893.37,3.572
893.39,3.468
893.4,3.417
893.42,3.319
893.44,3.224
893.45,3.179
893.47,3.09
893.49,3.007
893.5,2.966
893.52,2.89
893.54,2.818
893.55,2.783
893.57,2.719
893.58,2.688
893.6,2.631
893.62,2.58
893.63,2.556
893.65,2.511
893.67,2.472
893.68,2.455
893.7,2.423
893.72,2.397
893.73,2.386
893.75,2.367
893.77,2.353
893.78,2.348
893.8,2.341
893.82,2.339
893.83,2.339
893.85,2.343
893.87,2.351
893.88,2.357
893.9,2.371
893.92,2.388
893.93,2.398
893.95,2.421
893.96,2.433
893.98,2.46
894.0,2.489
894.01,2.504
894.03,2.537
894.05,2.571
894.06,2.589
894.08,2.626
894.1,2.664
894.11,2.683
894.13,2.722
894.15,2.761
894.16,2.781
894.18,2.82
894.2,2.859
894.21,2.878
894.23,2.915
894.25,2.952
894.26,2.97
894.28,3.004
894.29,3.02
894.31,3.052
894.33,3.081
894.34,3.095
894.36,3.12
894.38,3.143
894.39,3.153
894.41,3.172
894.43,3.187
894.44,3.193
894.46,3.203
894.48,3.209
894.49,3.211
894.51,3.212
894.53,3.209
894.54,3.206
894.56,3.198
894.58,3.185
894.59,3.178
894.61,3.159
894.63,3.137
894.64,3.125
894.66,3.097
894.67,3.082
894.69,3.048
894.71,3.012
894.72,2.992
894.74,2.95
894.76,2.905
894.77,2.881
894.79,2.831
894.81,2.778
894.82,2.751
894.84,2.694
894.86,2.635
894.87,2.605
894.89,2.543
894.91,2.478
894.92,2.446
894.94,2.379
894.96,2.311
894.97,2.277
894.99,2.208
895.01,2.137
895.02,2.102
895.04,2.031
895.05,1.995
895.07,1.924
895.09,1.852
895.1,1.816
895.12,1.745
895.14,1.675
895.15,1.64
895.17,1.57
895.19,1.501
895.2,1.467
895.22,1.4
895.24,1.334
895.25,1.302
895.27,1.238
895.29,1.176
895.3,1.145
895.32,1.085
895.34,1.027
895.35,0.9986
895.37,0.9431
895.39,0.8894
895.4,0.8633
895.42,0.8125
895.43,0.7878
895.45,0.7399
895.47,0.6939
895.48,0.6717
895.5,0.6286
895.52,0.5875
895.53,0.5677
895.55,0.5295
895.57,0.4932
895.58,0.4757
895.6,0.4422
895.62,0.4104
895.63,0.3952
895.65,0.3661
895.67,0.3386
895.68,0.3255
895.7,0.3004
895.72,0.2769
895.73,0.2658
895.75,0.2445
895.76,0.2343
895.78,0.2151
895.8,0.1972
895.81,0.1887
895.83,0.1726
895.85,0.1577
895.86,0.1507
895.88,0.1374
895.9,0.1251
895.91,0.1193
895.93,0.1084
895.95,0.09831
895.96,0.09359
895.98,0.08474
896.0,0.07662
896.01,0.07282
896.03,0.06571
896.05,0.05922
896.06,0.05618
896.08,0.05052
896.1,0.04537
896.11,0.04298
896.13,0.03852
896.14,0.03645
896.16,0.0326
896.18,0.02912
896.19,0.02751
896.21,0.02452
896.23,0.02183
896.24,0.02059
896.26,0.01829
896.28,0.01623
896.29,0.01528
896.31,0.01354
896.33,0.01197
896.34,0.01126
896.36,0.009937
896.38,0.008762
896.39,0.008224
896.41,0.007239
896.43,0.006364
896.44,0.005964
896.46,0.005235
896.48,0.004589
896.49,0.004296
896.51,0.00376
896.52,0.003517
896.54,0.003075
896.56,0.002686
896.57,0.00251
896.59,0.00219
896.61,0.001911
896.62,0.001784
896.64,0.001556
896.66,0.001357
896.67,0.001267
896.69,0.001106
896.71,0.0009657
896.72,0.0009028
896.74,0.0007899
896.76,0.0006925
896.77,0.000649
896.79,0.0005712
896.81,0.0005044
896.82,0.0004747
896.84,0.000422
896.86,0.0003771
896.87,0.0003572
896.89,0.0003222
896.9,0.0003068
896.92,0.0002798
896.94,0.0002572
896.95,0.0002473
896.97,0.0002303
896.99,0.0002163
897.0,0.0002103
897.02,0.0002001
897.04,0.000192
897.05,0.0001886
897.07,0.000183
897.09,0.0001788
897.1,0.0001772
897.12,0.0001747
897.14,0.0001731
897.15,0.0001726
897.17,0.000172
897.19,0.000172
897.2,0.0001721
897.22,0.0001727
897.23,0.0001731
897.25,0.0001741
897.27,0.0001753
897.28,0.0001759
897.3,0.0001773
897.32,0.0001786
897.33,0.0001793
897.35,0.0001807
897.37,0.0001819
897.38,0.0001825
897.4,0.0001836
897.42,0.0001846
897.43,0.000185
897.45,0.0001858
897.47,0.0001863
897.48,0.0001865
897.5,0.0001868
897.52,0.0001868
897.53,0.0001867
897.55,0.0001864
897.57,0.0001859
897.58,0.0001856
897.6,0.0001847
897.61,0.0001841
897.63,0.0001829
897.65,0.0001815
897.66,0.0001807
897.68,0.0001789
897.7,0.0001768
897.71,0.0001758
897.73,0.0001734
897.75,0.0001709
897.76,0.0001696
897.78,0.0001667
897.8,0.0001637
897.81,0.0001622
897.83,0.0001589
897.85,0.0001556
897.86,0.0001538
897.88,0.0001502
897.9,0.0001465
897.91,0.0001446
897.93,0.0001408
897.95,0.0001368
897.96,0.0001348
897.98,0.0001308
897.99,0.0001287
898.01,0.0001246
898.03,0.0001204
898.04,0.0001184
898.06,0.0001142
898.08,0.00011
898.09,0.0001079
898.11,0.0001037
898.13,9.955e-05
898.14,9.748e-05
898.16,9.339e-05
898.18,8.934e-05
898.19,8.733e-05
898.21,8.337e-05
898.23,7.948e-05
898.24,7.757e-05
898.26,7.379e-05
898.28,7.011e-05
898.29,6.83e-05
898.31,6.475e-05
898.32,6.301e-05
898.34,5.962e-05
898.36,5.633e-05
898.37,5.472e-05
898.39,5.159e-05
898.41,4.857e-05
898.42,4.711e-05
898.44,4.426e-05
898.46,4.153e-05
898.47,4.021e-05
898.49,3.765e-05
898.51,3.52e-05
898.52,3.402e-05
898.54,3.174e-05
898.56,2.958e-05
898.57,2.854e-05
898.59,2.654e-05
898.61,2.464e-05
898.62,2.373e-05
898.64,2.199e-05
898.66,2.035e-05
898.67,1.957e-05
898.69,1.807e-05
898.7,1.735e-05
898.72,1.599e-05
898.74,1.472e-05
898.75,1.411e-05
898.77,1.296e-05
898.79,1.188e-05
898.8,1.137e-05
898.82,1.041e-05
898.84,9.513e-06
898.85,9.089e-06
898.87,8.289e-06
898.89,7.549e-06
898.9,7.201e-06
898.92,6.545e-06
898.94,5.94e-06
898.95,5.656e-06
898.97,5.122e-06
898.99,4.633e-06
899.0,4.404e-06
899.02,3.975e-06
899.04,3.583e-06
899.05,3.4e-06
899.07,3.058e-06
899.08,2.898e-06
899.1,2.602e-06
899.12,2.332e-06
899.13,2.207e-06
899.15,1.974e-06
899.17,1.763e-06
899.18,1.665e-06
899.2,1.485e-06
899.22,1.322e-06
899.23,1.246e-06
899.25,1.107e-06
899.27,9.82e-07
899.28,9.244e-07
899.3,8.184e-07
899.32,7.234e-07
899.33,6.798e-07
899.35,5.997e-07
899.37,5.284e-07
899.38,4.957e-07
899.4,4.357e-07
899.42,3.825e-07
899.43,3.583e-07
899.45,3.139e-07
899.46,2.936e-07
899.48,2.567e-07
899.5,2.241e-07
899.51,2.093e-07
899.53,1.824e-07
899.55,1.587e-07
899.56,1.479e-07
899.58,1.284e-07
899.6,1.114e-07
899.61,1.036e-07
899.63,8.967e-08
899.65,7.748e-08
899.66,7.198e-08
899.68,6.206e-08
899.7,5.344e-08
899.71,4.956e-08
899.73,4.259e-08
899.75,3.654e-08
899.76,3.383e-08
899.78,2.897e-08
899.79,2.68e-08
899.81,2.29e-08
899.83,1.954e-08
899.84,1.804e-08
899.86,1.536e-08
899.88,1.306e-08
899.89,1.204e-08
899.91,1.022e-08
899.93,8.66e-09
899.94,7.968e-09
899.96,6.738e-09
899.98,5.691e-09
899.99,5.227e-09
900.01,4.405e-09
900.03,3.707e-09
900.04,3.399e-09
900.06,2.855e-09
900.08,2.394e-09
900.09,2.192e-09
900.11,1.834e-09
900.13,1.533e-09
900.14,1.401e-09
900.16,1.168e-09
900.17,1.066e-09
900.19,8.876e-10
900.21,7.378e-10
900.22,6.723e-10
900.24,5.576e-10
900.26,4.619e-10
900.27,4.201e-10
900.29,3.473e-10
900.31,2.867e-10
900.32,2.603e-10
900.34,2.144e-10
900.36,1.764e-10
900.37,1.599e-10
900.39,1.312e-10
900.41,1.076e-10
900.42,9.736e-11
900.44,7.964e-11
900.46,6.506e-11
900.47,5.877e-11
900.49,4.791e-11
900.51,3.901e-11
900.52,3.518e-11
900.54,2.858e-11
900.55,2.574e-11
900.57,2.087e-11
900.59,1.69e-11
900.6,1.519e-11
900.62,1.228e-11
900.64,9.904e-12
900.65,8.891e-12
900.67,7.158e-12
900.69,5.755e-12
900.7,5.158e-12
900.72,4.138e-12
900.74,3.316e-12
900.75,2.966e-12
900.77,2.372e-12
900.79,1.894e-12
900.8,1.691e-12
900.82,1.348e-12
900.84,1.072e-12
900.85,9.56e-13
900.87,7.591e-13
900.89,6.019e-13
900.9,5.357e-13
900.92,4.239e-13
900.93,3.769e-13
900.95,2.976e-13
900.97,2.347e-13
900.98,2.083e-13
901.0,1.639e-13
901.02,1.288e-13
901.03,1.141e-13
901.05,8.949e-14
901.07,7.008e-14
901.08,6.199e-14
901.1,4.844e-14
901.12,3.78e-14
901.13,3.338e-14
901.15,2.6e-14
901.17,2.022e-14
901.18,1.782e-14
901.2,1.383e-14
901.22,1.072e-14
901.23,9.431e-15
901.25,7.294e-15
901.26,6.411e-15
901.28,4.948e-15
901.3,3.814e-15
901.31,3.347e-15
901.33,2.574e-15
901.35,1.977e-15
901.36,1.732e-15
901.38,1.327e-15
901.4,1.016e-15
901.41,8.884e-16
901.43,6.786e-16
901.45,5.176e-16
901.46,4.518e-16
901.48,3.439e-16
901.5,2.614e-16
901.51,2.278e-16
901.53,1.728e-16
901.55,1.309e-16
901.56,1.139e-16
901.58,8.608e-17
901.6,6.498e-17
901.61,5.643e-17
901.63,4.251e-17
901.64,3.688e-17
901.66,2.772e-17
901.68,2.081e-17
901.69,1.802e-17
901.71,1.35e-17
901.73,1.01e-17
901.74,8.732e-18
901.76,6.519e-18
901.78,4.86e-18
901.79,4.195e-18
