wavelength,intensity
198.92,1.4120000000000001e-36
198.93,5.762e-36
198.95,9.237e-35
198.97,1.4069999999999999e-33
198.98,5.385e-33
199.0,2.028e-31
199.02,3.0990000000000002e-30
199.03,1.1919999999999999e-29
199.05,1.71e-28
199.06,6.3700000000000005e-28
199.08,8.557999999999999e-27
199.1,1.1e-25
199.11,3.875e-25
199.13,4.651e-24
199.15,5.328999999999999e-23
199.16,1.7719999999999998e-22
199.18,1.892e-21
199.2,1.9240000000000002e-20
199.21,6.026000000000001e-20
199.23,5.699e-19
199.25,5.13e-18
199.26,1.511e-17
199.28,1.263e-16
199.3,1.004e-15
199.31,2.777e-15
199.33,2.047e-14
199.35,1.435e-13
199.36,3.727e-13
199.38,2.421e-12
199.4,1.495e-11
199.41,3.643e-11
199.43,2.084e-10
199.44,4.889e-10
199.46,2.59e-09
199.48,1.304e-08
199.49,2.87e-08
199.51,1.338e-07
199.53,5.925e-07
199.54,1.223e-06
199.56,5.018e-06
199.58,1.955e-05
199.59,3.786e-05
199.61,0.0001366
199.63,0.0004683
199.64,0.0008505
199.66,0.002699
199.68,0.008139
199.69,0.01386
199.71,0.03871
199.73,0.1027
199.74,0.164
199.76,0.4027
199.77,0.619
199.79,1.408
199.81,3.04
199.82,4.383
199.84,8.766
199.86,16.66
199.87,22.52
199.89,39.62
199.91,66.23
199.92,84.0
199.94,130.0
199.96,191.3
199.97,227.6
199.99,310.2
200.01,402.0
200.02,449.0
200.04,539.7
200.06,617.3
200.07,648.3
200.09,689.9
200.11,700.8
200.12,694.5
200.14,660.7
200.15,634.7
200.17,569.6
200.19,494.3
200.2,455.6
200.22,380.0
200.24,310.8
200.25,279.4
200.27,223.8
200.29,177.4
200.3,157.4
200.32,123.1
200.34,95.44
200.35,83.9
200.37,64.84
200.39,50.52
200.4,44.88
200.42,36.11
200.44,29.94
200.45,27.55
200.47,23.74
200.49,20.77
200.5,19.52
200.52,17.46
200.53,16.71
200.55,16.05
200.57,17.04
200.58,18.39
200.6,23.39
200.62,32.18
200.63,38.26
200.65,54.17
200.67,75.24
200.68,87.61
200.7,115.4
200.72,145.8
200.73,161.2
200.75,190.6
200.77,215.5
200.78,225.2
200.8,238.0
200.82,240.5
200.83,237.9
200.85,225.7
200.87,206.5
200.88,195.4
200.9,173.1
200.91,163.1
200.93,148.4
200.95,144.2
200.96,147.2
200.98,164.3
201.0,196.8
201.01,218.2
201.03,269.5
201.05,327.3
201.06,356.4
201.08,410.3
201.1,452.2
201.11,466.5
201.13,479.3
201.15,469.6
201.16,456.8
201.18,417.7
201.2,366.1
201.21,337.8
201.23,281.2
201.24,254.4
201.26,207.0
201.28,170.5
201.29,156.7
201.31,137.5
201.33,127.6
201.34,125.3
201.36,124.3
201.38,125.9
201.39,127.1
201.41,130.1
201.43,134.0
201.44,136.7
201.46,144.6
201.48,157.2
201.49,165.5
201.51,186.3
201.53,211.9
201.54,225.9
201.56,254.1
201.58,279.9
201.59,290.9
201.61,307.3
201.62,312.3
201.64,315.6
201.66,311.0
201.67,306.3
201.69,293.8
201.71,280.2
201.72,274.0
201.74,264.7
201.76,261.8
201.77,263.4
201.79,273.4
201.81,292.8
201.82,305.8
201.84,337.0
201.86,372.5
201.87,390.4
201.89,423.4
201.91,448.7
201.92,457.1
201.94,464.0
201.96,457.6
201.97,449.9
201.99,428.2
202.0,415.4
202.02,388.9
202.04,364.8
202.05,354.6
202.07,338.3
202.09,326.5
202.1,321.4
202.12,310.6
202.14,296.3
202.15,287.0
202.17,263.3
202.19,233.3
202.2,216.5
202.22,181.0
202.24,145.4
202.25,128.5
202.27,98.08
202.29,73.33
202.3,63.31
202.32,47.93
202.34,38.25
202.35,35.29
202.37,32.58
202.38,32.68
202.4,35.66
202.42,42.64
202.43,47.91
202.45,62.97
202.47,85.58
202.48,100.3
202.5,137.4
202.52,185.2
202.53,212.7
202.55,273.5
202.57,337.8
202.58,369.3
202.6,426.6
202.62,470.2
202.63,484.8
202.65,497.2
202.67,485.8
202.68,471.7
202.7,429.3
202.71,402.5
202.73,342.3
202.75,279.5
202.76,249.2
202.78,194.1
202.8,148.9
202.81,130.6
202.83,102.4
202.85,84.4
202.86,78.65
202.88,72.16
202.9,70.4
202.91,70.59
202.93,71.85
202.95,72.92
202.96,72.99
202.98,71.72
203.0,68.39
203.01,66.03
203.03,60.42
203.05,54.69
203.06,52.29
203.08,49.6
203.09,49.81
203.11,54.62
203.13,66.81
203.14,76.15
203.16,101.8
203.18,136.6
203.19,157.1
203.21,202.6
203.23,250.8
203.24,274.5
203.26,317.3
203.28,349.8
203.29,360.7
203.31,370.1
203.33,362.1
203.34,351.9
203.36,321.3
203.38,280.8
203.39,258.5
203.41,213.3
203.43,171.3
203.44,152.8
203.46,123.1
203.47,112.7
203.49,102.9
203.51,112.2
203.52,126.4
203.54,181.1
203.56,285.2
203.57,362.8
203.59,587.1
203.61,931.6
203.62,1160.0
203.64,1748.0
203.66,2531.0
203.67,2996.0
203.69,4064.0
203.71,5271.0
203.72,5901.0
203.74,7145.0
203.76,8260.0
203.77,8729.0
203.79,9416.0
203.81,9703.0
203.82,9685.0
203.84,9340.0
203.85,9031.0
203.87,8208.0
203.89,7227.0
203.9,6725.0
203.92,5779.0
203.94,4998.0
203.95,4691.0
203.97,4254.0
203.99,4034.0
204.0,3987.0
204.02,3973.0
204.04,3993.0
204.05,3991.0
204.07,3928.0
204.09,3754.0
204.1,3622.0
204.12,3275.0
204.14,2843.0
204.15,2608.0
204.17,2125.0
204.19,1660.0
204.2,1445.0
204.22,1060.0
204.23,894.6
204.25,619.1
204.27,414.2
204.28,335.5
204.3,218.2
204.32,143.9
204.33,119.0
204.35,87.21
204.37,71.87
204.38,68.09
204.4,64.85
204.42,64.05
204.43,63.69
204.45,61.97
204.47,58.29
204.48,55.66
204.5,49.08
204.52,41.32
204.53,37.26
204.55,29.27
204.56,25.51
204.58,18.83
204.6,13.52
204.61,11.43
204.63,8.379
204.65,6.777
204.66,6.482
204.68,6.824
204.7,8.314
204.71,9.457
204.73,12.47
204.75,16.33
204.76,18.52
204.78,23.27
204.8,28.23
204.81,30.68
204.83,35.27
204.85,39.18
204.86,40.81
204.88,43.43
204.9,45.45
204.91,46.45
204.93,49.11
204.94,51.15
204.96,57.76
204.98,69.45
204.99,77.83
205.01,100.7
205.03,132.5
205.04,151.7
205.06,195.8
205.08,245.0
205.09,270.1
205.11,318.2
205.13,358.2
205.14,373.6
205.16,392.1
205.18,392.4
205.19,385.5
205.21,359.0
205.23,318.8
205.24,295.0
205.26,244.0
205.28,192.7
205.29,168.5
205.31,124.9
205.32,106.2
205.34,75.7
205.36,54.68
205.37,47.64
205.39,40.12
205.41,40.73
205.42,43.86
205.44,55.23
205.46,72.66
205.47,83.27
205.49,107.2
205.51,133.1
205.52,146.1
205.54,170.6
205.56,191.9
205.57,201.1
205.59,217.8
205.61,235.2
205.62,246.3
205.64,279.4
205.66,338.1
205.67,381.7
205.69,507.5
205.7,593.4
205.72,818.8
205.74,1120.0
205.75,1298.0
205.77,1699.0
205.79,2139.0
205.8,2361.0
205.82,2781.0
205.84,3126.0
205.85,3257.0
205.87,3410.0
205.89,3403.0
205.9,3339.0
205.92,3101.0
205.94,2744.0
205.95,2535.0
205.97,2086.0
205.99,1636.0
206.0,1423.0
206.02,1038.0
206.03,870.5
206.05,590.7
206.07,382.0
206.08,301.8
206.1,182.0
206.12,105.3
206.13,79.09
206.15,44.44
206.17,26.48
206.18,21.82
206.2,18.68
206.22,21.85
206.23,25.43
206.25,36.31
206.27,52.15
206.28,61.91
206.3,84.91
206.32,111.7
206.33,126.1
206.35,155.4
206.37,182.9
206.38,195.0
206.4,214.3
206.41,220.9
206.43,226.9
206.45,223.3
206.46,218.1
206.48,202.4
206.5,182.1
206.51,171.3
206.53,150.4
206.55,132.7
206.56,125.6
206.58,115.5
206.6,110.8
206.61,110.1
206.63,111.4
206.65,115.2
206.66,117.6
206.68,123.4
206.7,130.1
206.71,134.0
206.73,142.9
206.75,153.6
206.76,159.6
206.78,172.3
206.79,178.7
206.81,190.6
206.83,199.3
206.84,201.9
206.86,202.7
206.88,197.2
206.89,192.1
206.91,178.4
206.93,161.4
206.94,152.5
206.96,135.2
206.98,120.6
206.99,114.8
207.01,106.9
207.03,104.6
207.04,105.7
207.06,112.6
207.08,126.7
207.09,136.8
207.11,164.1
207.13,202.5
207.14,226.4
207.16,283.9
207.17,317.6
207.19,393.7
207.21,478.4
207.22,522.3
207.24,608.8
207.26,686.8
207.27,720.0
207.29,770.2
207.31,794.2
207.32,795.4
207.34,776.0
207.36,730.5
207.37,699.9
207.39,628.2
207.41,550.9
207.42,513.7
207.44,448.9
207.46,406.1
207.47,396.1
207.49,404.7
207.5,425.2
207.52,502.1
207.54,629.0
207.55,710.7
207.57,906.5
207.59,1134.0
207.6,1254.0
207.62,1491.0
207.64,1701.0
207.65,1788.0
207.67,1909.0
207.69,1948.0
207.7,1934.0
207.72,1842.0
207.74,1675.0
207.75,1571.0
207.77,1335.0
207.79,1087.0
207.8,964.7
207.82,738.3
207.84,545.4
207.85,463.7
207.87,330.6
207.88,278.5
207.9,200.2
207.92,151.2
207.93,135.6
207.95,118.5
207.97,115.9
207.98,118.6
208.0,129.9
208.02,146.4
208.03,155.7
208.05,175.3
208.07,195.0
208.08,204.6
208.1,223.4
208.12,242.1
208.13,251.8
208.15,272.0
208.17,293.9
208.18,305.4
208.2,328.4
208.22,350.3
208.23,360.2
208.25,377.7
208.26,385.4
208.28,400.7
208.3,421.0
208.31,435.8
208.33,482.0
208.35,561.1
208.36,617.0
208.38,767.4
208.4,972.8
208.41,1095.0
208.43,1373.0
208.45,1676.0
208.46,1829.0
208.48,2113.0
208.5,2343.0
208.51,2426.0
208.53,2516.0
208.55,2494.0
208.56,2442.0
208.58,2262.0
208.6,2004.0
208.61,1857.0
208.63,1546.0
208.64,1392.0
208.66,1104.0
208.68,859.7
208.69,758.8
208.71,601.7
208.73,502.2
208.74,471.6
208.76,442.2
208.78,445.3
208.79,455.5
208.81,487.0
208.83,526.5
208.84,547.1
208.86,587.0
208.88,621.4
208.89,635.2
208.91,653.8
208.93,657.3
208.94,652.6
208.96,629.2
208.97,610.5
208.99,560.1
209.01,495.3
209.02,459.0
209.04,382.6
209.06,306.1
209.07,269.5
209.09,202.5
209.11,146.2
209.12,122.5
209.14,83.86
209.16,56.15
209.17,45.85
209.19,31.09
209.21,22.5
209.22,19.98
209.24,17.65
209.26,18.15
209.27,19.26
209.29,22.95
209.31,28.43
209.32,31.79
209.34,39.6
209.35,44.0
209.37,53.53
209.39,63.67
209.4,68.8
209.42,78.83
209.44,88.13
209.45,92.37
209.47,99.98
209.49,106.7
209.5,109.9
209.52,117.4
209.54,128.7
209.55,137.1
209.57,162.9
209.59,207.1
209.6,238.6
209.62,326.3
209.64,453.5
209.65,533.7
209.67,728.5
209.69,965.7
209.7,1097.0
209.72,1373.0
209.73,1511.0
209.75,1773.0
209.77,1988.0
209.78,2069.0
209.8,2166.0
209.82,2165.0
209.83,2128.0
209.85,1984.0
209.87,1766.0
209.88,1638.0
209.9,1361.0
209.92,1080.0
209.93,945.6
209.95,701.5
209.97,498.5
209.98,414.0
210.0,278.1
210.02,182.8
210.03,148.4
210.05,102.2
210.07,81.49
210.08,79.55
210.1,91.46
210.11,105.4
210.13,150.1
210.15,219.3
210.16,263.9
210.18,374.0
210.2,510.8
210.21,588.1
210.23,755.8
210.25,931.3
210.26,1018.0
210.28,1177.0
210.3,1306.0
210.31,1355.0
210.33,1412.0
210.35,1413.0
210.36,1392.0
210.38,1311.0
210.4,1186.0
210.41,1111.0
210.43,946.6
210.45,775.4
210.46,691.6
210.48,534.2
210.49,462.7
210.51,337.2
210.53,236.7
210.54,195.6
210.56,130.3
210.58,84.66
210.59,67.97
210.61,44.52
210.63,31.5
210.64,28.02
210.66,25.7
210.68,28.14
210.69,30.72
210.71,37.89
210.73,46.92
210.74,51.85
210.76,61.99
210.78,71.88
210.79,76.54
210.81,85.01
210.82,88.77
210.84,95.38
210.86,100.9
210.87,103.4
210.89,108.2
210.91,112.8
210.92,115.2
210.94,120.2
210.96,125.7
210.97,128.6
210.99,135.0
211.01,142.2
211.02,146.1
211.04,155.1
211.06,165.7
211.07,171.8
211.09,186.5
211.11,205.7
211.12,217.8
211.14,249.2
211.16,293.9
211.17,322.8
211.19,397.4
211.2,444.4
211.22,560.7
211.24,709.5
211.25,796.5
211.27,994.7
211.29,1222.0
211.3,1344.0
211.32,1600.0
211.34,1860.0
211.35,1987.0
211.37,2225.0
211.39,2425.0
211.4,2506.0
211.42,2619.0
211.44,2664.0
211.45,2659.0
211.47,2605.0
211.49,2509.0
211.5,2456.0
211.52,2367.0
211.54,2340.0
211.55,2365.0
211.57,2515.0
211.58,2646.0
211.6,3029.0
211.62,3557.0
211.63,3863.0
211.65,4521.0
211.67,5172.0
211.68,5468.0
211.7,5948.0
211.72,6222.0
211.73,6268.0
211.75,6168.0
211.77,5829.0
211.78,5584.0
211.8,4987.0
211.82,4314.0
211.83,3973.0
211.85,3326.0
211.87,2769.0
211.88,2536.0
211.9,2167.0
211.92,1923.0
211.93,1843.0
211.95,1748.0
211.96,1725.0
211.98,1706.0
212.0,1697.0
212.01,1687.0
212.03,1646.0
212.05,1567.0
212.06,1512.0
212.08,1377.0
212.1,1223.0
212.11,1145.0
212.13,1006.0
212.15,919.6
212.16,908.3
212.18,980.2
212.2,1227.0
212.21,1438.0
212.23,2088.0
212.25,3126.0
212.26,3826.0
212.28,5658.0
212.29,6817.0
212.31,9671.0
212.33,13260.0
212.34,15320.0
212.36,19880.0
212.38,24810.0
212.39,27310.0
212.41,32090.0
212.43,36170.0
212.44,37800.0
212.46,39990.0
212.48,40530.0
212.49,40150.0
212.51,38140.0
212.53,34690.0
212.54,32560.0
212.56,27780.0
212.58,22750.0
212.59,20290.0
212.61,15710.0
212.63,11810.0
212.64,10150.0
212.66,7442.0
212.67,6375.0
212.69,4737.0
212.71,3635.0
212.72,3234.0
212.74,2641.0
212.76,2227.0
212.77,2058.0
212.79,1764.0
212.81,1501.0
212.82,1378.0
212.84,1151.0
212.86,955.7
212.87,873.3
212.89,743.5
212.91,662.5
212.92,639.5
212.94,623.7
212.96,638.4
212.97,653.0
212.99,687.4
213.01,718.0
213.02,728.3
213.04,734.5
213.05,729.3
213.07,702.0
213.09,655.1
213.1,626.1
213.12,562.1
213.14,497.0
213.15,466.8
213.17,416.0
213.19,383.4
213.2,375.7
213.22,379.9
213.24,412.5
213.25,440.0
213.27,517.2
213.29,622.7
213.3,685.0
213.32,825.5
213.34,981.2
213.35,1062.0
213.37,1225.0
213.39,1380.0
213.4,1452.0
213.42,1582.0
213.43,1637.0
213.45,1724.0
213.47,1777.0
213.48,1788.0
213.5,1781.0
213.52,1732.0
213.53,1691.0
213.55,1580.0
213.57,1434.0
213.58,1350.0
213.6,1170.0
213.62,981.7
213.63,888.6
213.65,711.5
213.67,553.5
213.68,483.5
213.7,363.0
213.72,268.5
213.73,230.2
213.75,169.4
213.76,145.7
213.78,109.2
213.8,83.95
213.81,74.44
213.83,59.98
213.85,49.88
213.86,45.96
213.88,39.66
213.9,34.68
213.91,32.5
213.93,28.48
213.95,24.72
213.96,22.9
213.98,19.38
214.0,16.08
214.01,14.54
214.03,11.75
214.05,9.45
214.06,8.501
214.08,7.026
214.1,6.105
214.11,5.838
214.13,5.649
214.14,5.703
214.16,6.042
214.18,6.598
214.19,6.923
214.21,7.608
214.23,8.28
214.24,8.603
214.26,9.259
214.28,10.07
214.29,10.65
214.31,12.48
214.33,16.0
214.34,18.78
214.36,27.52
214.38,42.36
214.39,52.93
214.41,82.28
214.43,125.2
214.44,152.6
214.46,220.4
214.48,305.9
214.49,354.7
214.51,461.7
214.52,518.2
214.54,631.8
214.56,737.1
214.57,783.2
214.59,855.5
214.61,894.6
214.62,900.0
214.64,882.4
214.66,829.6
214.67,792.3
214.69,702.0
214.71,600.1
214.72,548.3
214.74,448.7
214.76,360.3
214.77,321.7
214.79,256.8
214.81,208.3
214.82,189.7
214.84,163.0
214.86,149.5
214.87,147.8
214.89,155.9
214.9,166.7
214.92,205.0
214.94,271.0
214.95,316.3
214.97,435.3
214.99,594.3
215.0,688.5
215.02,902.6
215.04,1141.0
215.05,1263.0
215.07,1502.0
215.09,1711.0
215.1,1797.0
215.12,1918.0
215.14,1961.0
215.15,1951.0
215.17,1870.0
215.19,1718.0
215.2,1621.0
215.22,1399.0
215.23,1281.0
215.25,1043.0
215.27,818.6
215.28,716.3
215.3,536.2
215.32,391.4
215.33,331.8
215.35,236.0
215.37,166.4
215.38,139.6
215.4,98.5
215.42,69.9
215.43,59.08
215.45,42.59
215.47,31.28
215.48,27.09
215.5,21.01
215.52,17.37
215.53,16.26
215.55,15.14
215.57,15.06
215.58,15.26
215.6,15.88
215.61,16.19
215.63,16.64
215.65,16.66
215.66,16.45
215.68,15.61
215.7,14.25
215.71,13.4
215.73,11.51
215.75,9.499
215.76,8.51
215.78,6.66
215.8,5.079
215.81,4.414
215.83,3.361
215.85,2.701
215.86,2.526
215.88,2.519
215.9,3.061
215.91,3.594
215.93,5.372
215.95,8.474
215.96,10.71
215.98,17.05
215.99,21.4
216.01,33.16
216.03,50.07
216.04,60.87
216.06,87.95
216.08,123.1
216.09,144.0
216.11,191.9
216.13,247.4
216.14,277.3
216.16,339.4
216.18,400.9
216.19,429.8
216.21,480.7
216.23,518.1
216.24,530.5
216.26,540.7
216.28,531.2
216.29,519.4
216.31,483.9
216.33,436.8
216.34,410.7
216.36,357.1
216.37,331.1
216.39,283.4
216.41,244.2
216.42,228.4
216.44,204.6
216.46,191.2
216.47,188.2
216.49,189.8
216.51,202.4
216.52,213.5
216.54,247.5
216.56,300.9
216.57,336.3
216.59,426.8
216.61,544.8
216.62,613.9
216.64,769.3
216.66,940.5
216.67,1028.0
216.69,1200.0
216.71,1355.0
216.72,1423.0
216.74,1532.0
216.75,1574.0
216.77,1629.0
216.79,1655.0
216.8,1660.0
216.82,1660.0
216.84,1657.0
216.85,1655.0
216.87,1655.0
216.89,1655.0
216.9,1653.0
216.92,1637.0
216.94,1596.0
216.95,1564.0
216.97,1472.0
216.99,1344.0
217.0,1268.0
217.02,1101.0
217.04,920.8
217.05,830.7
217.07,658.1
217.08,578.1
217.1,435.9
217.12,320.7
217.13,273.8
217.15,200.8
217.17,154.1
217.18,140.0
217.2,129.7
217.22,143.6
217.23,160.4
217.25,216.5
217.27,307.8
217.28,368.8
217.3,525.8
217.32,733.1
217.33,856.1
217.35,1138.0
217.37,1458.0
217.38,1627.0
217.4,1967.0
217.42,2286.0
217.43,2428.0
217.45,2657.0
217.46,2739.0
217.48,2825.0
217.5,2803.0
217.51,2753.0
217.53,2582.0
217.55,2337.0
217.56,2195.0
217.58,1892.0
217.6,1583.0
217.61,1435.0
217.63,1159.0
217.65,919.4
217.66,815.2
217.68,637.4
217.7,497.1
217.71,439.4
217.73,344.5
217.75,271.7
217.76,241.7
217.78,191.7
217.8,151.7
217.81,134.7
217.83,105.1
217.84,92.35
217.86,70.17
217.88,52.05
217.89,44.38
217.91,31.56
217.93,21.79
217.94,17.91
217.96,11.85
217.98,7.683
217.99,6.164
218.01,3.999
218.03,2.71
218.04,2.305
218.06,1.846
218.08,1.74
218.09,1.792
218.11,2.08
218.13,2.608
218.14,2.967
218.16,3.888
218.18,5.111
218.19,5.847
218.21,7.599
218.22,8.629
218.24,11.05
218.26,14.06
218.27,15.84
218.29,20.15
218.31,25.82
218.32,29.37
218.34,38.51
218.36,51.58
218.37,60.18
218.39,83.14
218.41,116.5
218.42,138.2
218.44,194.4
218.46,270.8
218.47,317.4
218.49,428.7
218.51,562.6
218.52,636.7
218.54,794.4
218.55,875.1
218.57,1032.0
218.59,1170.0
218.6,1228.0
218.62,1311.0
218.64,1344.0
218.65,1341.0
218.67,1296.0
218.69,1205.0
218.7,1146.0
218.72,1009.0
218.74,859.5
218.75,784.6
218.77,641.5
218.79,514.1
218.8,457.8
218.82,361.1
218.84,285.0
218.85,253.8
218.87,203.3
218.89,165.5
218.9,150.3
218.92,125.6
218.93,115.6
218.95,99.38
218.97,87.61
218.98,83.34
219.0,78.34
219.02,78.85
219.03,81.58
219.05,92.87
219.07,113.1
219.08,127.0
219.1,162.4
219.12,207.5
219.13,233.2
219.15,289.0
219.17,346.9
219.18,375.1
219.2,426.2
219.22,465.8
219.23,479.6
219.25,493.6
219.27,487.8
219.28,477.7
219.3,444.7
219.31,422.9
219.33,371.6
219.35,314.9
219.36,286.3
219.38,231.7
219.4,183.7
219.41,163.2
219.43,129.9
219.45,107.6
219.46,100.5
219.48,94.42
219.5,98.07
219.51,103.2
219.53,119.1
219.55,141.3
219.56,154.0
219.58,181.3
219.6,208.8
219.61,221.9
219.63,244.8
219.65,261.8
219.66,267.7
219.68,273.8
219.69,274.2
219.71,270.4
219.73,261.8
219.74,256.5
219.76,245.2
219.78,234.4
219.79,229.7
219.81,222.2
219.83,217.3
219.84,215.7
219.86,214.3
219.88,214.7
219.89,215.6
219.91,219.1
219.93,225.2
219.94,229.5
219.96,241.1
219.98,257.2
219.99,267.0
220.01,289.8
220.02,302.5
220.04,329.0
220.06,355.0
220.07,366.9
220.09,386.4
220.11,398.0
220.12,400.2
220.14,396.7
220.16,382.8
220.17,372.2
220.19,345.3
220.21,313.4
220.22,296.8
220.24,265.4
220.26,240.7
220.27,232.8
220.29,230.1
220.31,250.8
220.32,272.2
220.34,342.1
220.36,453.2
220.37,525.5
220.39,704.5
220.4,810.5
220.42,1050.0
220.44,1316.0
220.45,1453.0
220.47,1721.0
220.49,1959.0
220.5,2059.0
220.52,2209.0
220.54,2281.0
220.55,2286.0
220.57,2238.0
220.59,2126.0
220.6,2053.0
220.62,1894.0
220.64,1745.0
220.65,1686.0
220.67,1617.0
220.69,1636.0
220.7,1685.0
220.72,1869.0
220.74,2164.0
220.75,2349.0
220.77,2781.0
220.78,3019.0
220.8,3515.0
220.82,4004.0
220.83,4234.0
220.85,4648.0
220.87,4992.0
220.88,5139.0
220.9,5399.0
220.92,5649.0
220.93,5787.0
220.95,6126.0
220.97,6590.0
220.98,6883.0
221.0,7597.0
221.02,8478.0
221.03,8969.0
221.05,10010.0
221.07,11070.0
221.08,11570.0
221.1,12460.0
221.12,13110.0
221.13,13320.0
221.15,13470.0
221.16,13400.0
221.18,12990.0
221.2,12220.0
221.21,11720.0
221.23,10550.0
221.25,9217.0
221.26,8525.0
221.28,7147.0
221.3,5844.0
221.31,5241.0
221.33,4162.0
221.35,3270.0
221.36,2895.0
221.38,2284.0
221.4,1839.0
221.41,1672.0
221.43,1436.0
221.45,1318.0
221.46,1302.0
221.48,1362.0
221.49,1443.0
221.51,1728.0
221.53,2214.0
221.54,2546.0
221.56,3418.0
221.58,4588.0
221.59,5289.0
221.61,6904.0
221.63,8752.0
221.64,9731.0
221.66,11710.0
221.68,13590.0
221.69,14430.0
221.71,15830.0
221.73,16720.0
221.74,16950.0
221.76,16950.0
221.78,16370.0
221.79,15890.0
221.81,14600.0
221.83,13020.0
221.84,12170.0
221.86,10420.0
221.87,9559.0
221.89,7919.0
221.91,6450.0
221.92,5794.0
221.94,4646.0
221.96,3718.0
221.97,3333.0
221.99,2704.0
222.01,2241.0
222.02,2061.0
222.04,1785.0
222.06,1593.0
222.07,1520.0
222.09,1402.0
222.11,1305.0
222.12,1259.0
222.14,1167.0
222.16,1068.0
222.17,1017.0
222.19,911.6
222.21,809.3
222.22,761.6
222.24,679.0
222.25,646.3
222.27,603.8
222.29,598.3
222.3,611.5
222.32,673.2
222.34,784.0
222.35,858.0
222.37,1041.0
222.39,1262.0
222.4,1384.0
222.42,1638.0
222.44,1889.0
222.45,2005.0
222.47,2203.0
222.49,2338.0
222.5,2376.0
222.52,2387.0
222.54,2309.0
222.55,2238.0
222.57,2045.0
222.59,1798.0
222.6,1663.0
222.62,1385.0
222.63,1248.0
222.65,991.2
222.67,769.6
222.68,674.9
222.7,520.3
222.72,411.3
222.73,372.7
222.75,324.2
222.77,309.6
222.78,313.8
222.8,344.3
222.82,405.4
222.83,448.6
222.85,564.2
222.87,724.9
222.88,824.5
222.9,1065.0
222.92,1361.0
222.93,1529.0
222.95,1895.0
222.97,2287.0
222.98,2484.0
223.0,2863.0
223.01,3037.0
223.03,3333.0
223.05,3543.0
223.06,3610.0
223.08,3665.0
223.1,3620.0
223.11,3565.0
223.13,3401.0
223.15,3189.0
223.16,3071.0
223.18,2826.0
223.2,2578.0
223.21,2457.0
223.23,2220.0
223.25,1992.0
223.26,1881.0
223.28,1668.0
223.3,1466.0
223.31,1371.0
223.33,1195.0
223.34,1115.0
223.36,973.1
223.38,857.4
223.39,808.9
223.41,727.9
223.43,663.4
223.44,635.3
223.46,583.1
223.48,531.9
223.49,505.4
223.51,449.9
223.53,391.1
223.54,361.1
223.56,301.8
223.58,245.9
223.59,220.2
223.61,175.0
223.63,139.4
223.64,125.4
223.66,105.3
223.68,95.27
223.69,93.74
223.71,96.88
223.72,101.2
223.74,114.3
223.76,132.0
223.77,142.0
223.79,163.1
223.81,184.1
223.82,194.0
223.84,211.7
223.86,225.6
223.87,230.7
223.89,237.0
223.91,237.7
223.92,236.0
223.94,228.8
223.96,217.1
223.97,209.9
223.99,193.6
224.01,176.3
224.02,167.8
224.04,151.9
224.06,138.7
224.07,133.4
224.09,126.1
224.1,124.0
224.12,122.7
224.14,124.6
224.15,126.4
224.17,130.7
224.19,134.8
224.2,136.4
224.22,138.0
224.24,137.1
224.25,135.7
224.27,131.2
224.29,125.1
224.3,121.9
224.32,115.6
224.34,110.9
224.35,109.6
224.37,109.5
224.39,113.9
224.4,118.0
224.42,130.5
224.44,148.8
224.45,160.1
224.47,187.1
224.48,202.4
224.5,236.2
224.52,272.7
224.53,291.3
224.55,327.7
224.57,361.2
224.58,376.2
224.6,401.7
224.62,420.7
224.63,427.8
224.65,438.2
224.67,445.1
224.68,448.2
224.7,455.2
224.72,465.8
224.73,473.1
224.75,493.1
224.77,521.0
224.78,538.0
224.8,578.4
224.81,601.5
224.83,653.4
224.85,711.5
224.86,742.4
224.88,806.4
224.9,870.6
224.91,901.5
224.93,958.6
224.95,1006.0
224.96,1025.0
224.98,1052.0
225.0,1064.0
225.01,1066.0
225.03,1061.0
225.05,1052.0
225.06,1048.0
225.08,1043.0
225.1,1047.0
225.11,1054.0
225.13,1077.0
225.15,1110.0
225.16,1130.0
225.18,1171.0
225.19,1192.0
225.21,1228.0
225.23,1253.0
225.24,1260.0
225.26,1262.0
225.28,1245.0
225.29,1231.0
225.31,1189.0
225.33,1132.0
225.34,1100.0
225.36,1027.0
225.38,947.4
225.39,906.3
225.41,823.9
225.43,745.4
225.44,709.1
225.46,645.6
225.48,597.8
225.49,580.8
225.51,561.6
225.53,561.8
225.54,568.4
225.56,591.9
225.57,607.3
225.59,641.0
225.61,672.7
225.62,685.9
225.64,703.4
225.66,706.7
225.67,702.7
225.69,683.9
225.71,653.3
225.72,634.7
225.74,594.2
225.76,552.7
225.77,532.7
225.79,496.4
225.81,466.7
225.82,454.7
225.84,437.2
225.86,429.0
225.87,428.8
225.89,436.5
225.91,456.4
225.92,471.2
225.94,510.7
225.95,535.2
225.97,592.3
225.99,657.1
226.0,690.8
226.02,756.8
226.04,815.1
226.05,839.5
226.07,875.5
226.09,892.7
226.1,894.5
226.12,887.2
226.14,872.9
226.15,867.0
226.17,867.5
226.19,899.2
226.2,932.6
226.22,1046.0
226.24,1233.0
226.25,1357.0
226.27,1667.0
226.28,1853.0
226.3,2273.0
226.32,2737.0
226.33,2975.0
226.35,3435.0
226.37,3838.0
226.38,4004.0
226.4,4242.0
226.42,4332.0
226.43,4318.0
226.45,4175.0
226.47,3892.0
226.48,3708.0
226.5,3279.0
226.52,2805.0
226.53,2564.0
226.55,2097.0
226.57,1675.0
226.58,1487.0
226.6,1166.0
226.62,920.6
226.63,826.5
226.65,692.2
226.66,650.9
226.68,617.0
226.7,646.2
226.71,684.7
226.73,812.3
226.75,1014.0
226.76,1147.0
226.78,1481.0
226.8,1918.0
226.81,2176.0
226.83,2771.0
226.85,3460.0
226.86,3831.0
226.88,4602.0
226.9,5363.0
226.91,5719.0
226.93,6342.0
226.95,6789.0
226.96,6930.0
226.98,7023.0
227.0,6854.0
227.01,6676.0
227.03,6153.0
227.04,5822.0
227.06,5064.0
227.08,4238.0
227.09,3821.0
227.11,3018.0
227.13,2295.0
227.14,1973.0
227.16,1420.0
227.18,988.5
227.19,815.2
227.21,543.7
227.23,355.9
227.24,287.1
227.26,187.7
227.28,125.6
227.29,104.4
227.31,75.32
227.33,58.15
227.34,52.46
227.36,44.89
227.38,40.86
227.39,39.84
227.41,39.44
227.42,40.0
227.44,42.59
227.46,47.11
227.47,50.08
227.49,57.41
227.51,66.4
227.52,71.43
227.54,82.23
227.56,93.47
227.57,99.0
227.59,109.4
227.61,118.0
227.62,121.5
227.64,126.3
227.66,128.1
227.67,127.9
227.69,125.8
227.71,122.3
227.72,120.3
227.74,117.2
227.75,116.4
227.77,117.5
227.79,123.6
227.8,129.1
227.82,146.0
227.84,171.8
227.85,188.6
227.87,230.3
227.89,283.4
227.9,314.3
227.92,383.7
227.94,461.3
227.95,502.0
227.97,583.7
227.99,660.5
228.0,694.7
228.02,750.5
228.04,784.1
228.05,791.1
228.07,784.0
228.09,749.2
228.1,722.4
228.12,653.2
228.13,612.5
228.15,524.0
228.17,432.6
228.18,388.1
228.2,305.4
228.22,234.9
228.23,205.2
228.25,157.6
228.27,125.6
228.28,115.3
228.3,104.7
228.32,105.7
228.33,109.7
228.35,123.3
228.37,141.8
228.38,151.9
228.4,172.2
228.42,190.3
228.43,197.7
228.45,208.1
228.47,211.6
228.48,210.4
228.5,202.7
228.51,196.3
228.53,179.3
228.55,158.4
228.56,147.2
228.58,124.6
228.6,103.6
228.61,94.1
228.63,78.11
228.65,66.54
228.66,62.47
228.68,57.57
228.7,56.42
228.71,56.96
228.73,59.62
228.75,63.42
228.76,65.41
228.78,69.0
228.8,71.42
228.81,72.04
228.83,71.91
228.85,69.92
228.86,68.28
228.88,63.88
228.89,61.21
228.91,55.22
228.93,48.69
228.94,45.35
228.96,38.73
228.98,32.43
228.99,29.48
229.01,24.09
229.03,19.52
229.04,17.57
229.06,14.44
229.08,12.39
229.09,11.8
229.11,11.53
229.13,12.52
229.14,13.51
229.16,16.5
229.18,20.85
229.19,23.53
229.21,29.93
229.23,37.69
229.24,42.09
229.26,51.93
229.27,57.38
229.29,69.43
229.31,83.05
229.32,90.48
229.34,106.5
229.36,124.1
229.37,133.3
229.39,152.2
229.41,171.0
229.42,180.1
229.44,196.8
229.46,210.5
229.47,215.9
229.49,223.4
229.51,226.2
229.52,225.8
229.54,222.2
229.56,215.8
229.57,212.0
229.59,204.9
229.6,202.0
229.62,199.2
229.64,202.2
229.65,206.5
229.67,222.4
229.69,249.6
229.7,268.2
229.72,316.4
229.74,381.0
229.75,420.0
229.77,511.9
229.79,622.0
229.8,683.4
229.82,816.6
229.84,959.1
229.85,1031.0
229.87,1172.0
229.89,1299.0
229.9,1353.0
229.92,1438.0
229.94,1483.0
229.95,1489.0
229.97,1467.0
229.98,1440.0
230.0,1354.0
230.02,1238.0
230.03,1173.0
230.05,1039.0
230.07,916.0
230.08,865.7
230.1,801.8
230.12,807.7
230.13,844.9
230.15,1005.0
230.17,1299.0
230.18,1504.0
230.2,2039.0
230.22,2748.0
230.23,3165.0
230.25,4110.0
230.27,5167.0
230.28,5719.0
230.3,6819.0
230.32,7843.0
230.33,8298.0
230.35,9048.0
230.36,9325.0
230.38,9659.0
230.4,9691.0
230.41,9597.0
230.43,9220.0
230.45,8643.0
230.46,8301.0
230.48,7559.0
230.5,6790.0
230.51,6411.0
230.53,5686.0
230.55,5015.0
230.56,4700.0
230.58,4110.0
230.6,3562.0
230.61,3302.0
230.63,2806.0
230.65,2341.0
230.66,2122.0
230.68,1714.0
230.7,1353.0
230.71,1193.0
230.73,912.9
230.74,793.9
230.76,596.5
230.78,448.5
230.79,390.8
230.81,302.8
230.83,244.0
230.84,223.1
230.86,193.9
230.88,176.4
230.89,170.6
230.91,162.5
230.93,157.2
230.94,155.0
230.96,151.1
230.98,147.4
230.99,145.7
231.01,143.2
231.03,142.5
231.04,143.1
231.06,146.9
231.07,150.3
231.09,160.2
231.11,174.3
231.12,182.7
231.14,201.9
231.16,222.8
231.17,233.5
231.19,254.3
231.21,273.0
231.22,281.2
231.24,294.5
231.26,303.2
231.27,305.8
231.29,307.4
231.31,304.4
231.32,301.4
231.34,292.4
231.36,280.1
231.37,272.8
231.39,256.3
231.41,237.7
231.42,227.8
231.44,207.0
231.45,196.3
231.47,174.7
231.49,153.5
231.5,143.4
231.52,124.2
231.54,107.2
231.55,99.69
231.57,86.8
231.59,76.98
231.6,73.26
231.62,68.16
231.64,66.14
231.65,66.26
231.67,68.66
231.69,73.9
231.7,77.59
231.72,87.15
231.74,99.9
231.75,107.6
231.77,126.5
231.79,151.1
231.8,166.3
231.82,204.8
231.83,229.2
231.85,291.9
231.87,379.5
231.88,435.1
231.9,575.4
231.92,761.5
231.93,873.6
231.95,1138.0
231.97,1453.0
231.98,1627.0
232.0,1999.0
232.02,2382.0
232.03,2569.0
232.05,2913.0
232.07,3192.0
232.08,3297.0
232.1,3425.0
232.12,3434.0
232.13,3392.0
232.15,3223.0
232.17,2957.0
232.18,2796.0
232.2,2436.0
232.21,2246.0
232.23,1864.0
232.25,1502.0
232.26,1334.0
232.28,1032.0
232.3,781.3
232.31,675.3
232.33,499.7
232.35,367.6
232.36,315.5
232.38,234.8
232.4,179.4
232.41,159.5
232.43,132.5
232.45,120.5
232.46,119.7
232.48,129.0
232.5,154.5
232.51,174.7
232.53,233.2
232.54,273.6
232.56,382.3
232.58,537.5
232.59,636.1
232.61,882.2
232.63,1201.0
232.64,1388.0
232.66,1820.0
232.68,2316.0
232.69,2583.0
232.71,3134.0
232.73,3677.0
232.74,3932.0
232.76,4378.0
232.78,4704.0
232.79,4811.0
232.81,4897.0
232.83,4810.0
232.84,4703.0
232.86,4380.0
232.88,3943.0
232.89,3696.0
232.91,3180.0
232.92,2924.0
232.94,2446.0
232.96,2049.0
232.97,1893.0
232.99,1680.0
233.01,1618.0
233.02,1648.0
233.04,1832.0
233.06,2186.0
233.07,2428.0
233.09,3036.0
233.11,3811.0
233.12,4260.0
233.14,5276.0
233.16,6441.0
233.17,7076.0
233.19,8435.0
233.21,9886.0
233.22,10630.0
233.24,12110.0
233.26,13520.0
233.27,14170.0
233.29,15280.0
233.3,15710.0
233.32,16280.0
233.34,16390.0
233.35,16270.0
233.37,15640.0
233.39,14570.0
233.4,13880.0
233.42,12290.0
233.44,10520.0
233.45,9608.0
233.47,7808.0
233.49,6131.0
233.5,5364.0
233.52,4011.0
233.54,2918.0
233.55,2470.0
233.57,1767.0
233.59,1300.0
233.6,1149.0
233.62,995.6
233.64,1028.0
233.65,1109.0
233.67,1400.0
233.68,1608.0
233.7,2143.0
233.72,2828.0
233.73,3218.0
233.75,4075.0
233.77,4987.0
233.78,5445.0
233.8,6316.0
233.82,7063.0
233.83,7367.0
233.85,7797.0
233.87,7954.0
233.88,7925.0
233.9,7654.0
233.92,7132.0
233.93,6792.0
233.95,6003.0
233.97,5128.0
233.98,4683.0
234.0,3817.0
234.01,3412.0
234.03,2681.0
234.05,2080.0
234.06,1835.0
234.08,1458.0
234.1,1238.0
234.11,1191.0
234.13,1233.0
234.15,1481.0
234.16,1697.0
234.18,2350.0
234.2,3355.0
234.21,4015.0
234.23,5691.0
234.25,7890.0
234.26,9193.0
234.28,12200.0
234.3,15670.0
234.31,17540.0
234.33,21410.0
234.35,25260.0
234.36,27090.0
234.38,30360.0
234.39,31730.0
234.41,33780.0
234.43,34770.0
234.44,34840.0
234.46,34130.0
234.48,32360.0
234.49,31140.0
234.51,28170.0
234.53,24720.0
234.54,22910.0
234.56,19300.0
234.58,15870.0
234.59,14300.0
234.61,11510.0
234.63,9283.0
234.64,8405.0
234.66,7136.0
234.68,6527.0
234.69,6468.0
234.71,6821.0
234.73,7763.0
234.74,8433.0
234.76,10110.0
234.77,11080.0
234.79,13180.0
234.81,15350.0
234.82,16390.0
234.84,18240.0
234.86,19640.0
234.87,20120.0
234.89,20550.0
234.91,20250.0
234.92,19830.0
234.94,18520.0
234.96,16700.0
234.97,15650.0
234.99,13400.0
235.01,11110.0
235.02,9999.0
235.04,7945.0
235.06,6181.0
235.07,5424.0
235.09,4164.0
235.11,3225.0
235.12,2862.0
235.14,2313.0
235.15,2111.0
235.17,1815.0
235.19,1619.0
235.2,1545.0
235.22,1425.0
235.24,1325.0
235.25,1280.0
235.27,1197.0
235.29,1129.0
235.3,1103.0
235.32,1074.0
235.34,1084.0
235.35,1107.0
235.37,1194.0
235.39,1335.0
235.4,1425.0
235.42,1641.0
235.44,1891.0
235.45,2024.0
235.47,2289.0
235.49,2536.0
235.5,2644.0
235.52,2816.0
235.53,2876.0
235.55,2933.0
235.57,2906.0
235.58,2861.0
235.6,2714.0
235.62,2509.0
235.63,2391.0
235.65,2142.0
235.67,1897.0
235.68,1785.0
235.7,1600.0
235.72,1488.0
235.73,1467.0
235.75,1510.0
235.77,1688.0
235.78,1835.0
235.8,2262.0
235.82,2881.0
235.83,3268.0
235.85,4203.0
235.86,4750.0
235.88,5995.0
235.9,7413.0
235.91,8173.0
235.93,9752.0
235.95,11340.0
235.96,12110.0
235.98,13550.0
236.0,14760.0
236.01,15250.0
236.03,15960.0
236.05,16260.0
236.06,16260.0
236.08,15930.0
236.1,15210.0
236.11,14730.0
236.13,13550.0
236.15,12190.0
236.16,11470.0
236.18,10010.0
236.2,8607.0
236.21,7944.0
236.23,6733.0
236.24,6193.0
236.26,5262.0
236.28,4536.0
236.29,4251.0
236.31,3840.0
236.33,3641.0
236.34,3621.0
236.36,3741.0
236.38,4074.0
236.39,4319.0
236.41,4951.0
236.43,5748.0
236.44,6194.0
236.46,7144.0
236.48,8110.0
236.49,8575.0
236.51,9420.0
236.53,10100.0
236.54,10360.0
236.56,10710.0
236.58,10840.0
236.59,10820.0
236.61,10670.0
236.62,10540.0
236.64,10250.0
236.66,9931.0
236.67,9782.0
236.69,9521.0
236.71,9320.0
236.72,9240.0
236.74,9106.0
236.76,8982.0
236.77,8915.0
236.79,8750.0
236.81,8531.0
236.82,8397.0
236.84,8084.0
236.86,7715.0
236.87,7514.0
236.89,7086.0
236.91,6637.0
236.92,6409.0
236.94,5951.0
236.96,5499.0
236.97,5278.0
236.99,4851.0
237.0,4647.0
237.02,4260.0
237.04,3911.0
237.05,3753.0
237.07,3479.0
237.09,3274.0
237.1,3204.0
237.12,3148.0
237.14,3234.0
237.15,3344.0
237.17,3733.0
237.19,4388.0
237.2,4831.0
237.22,5973.0
237.24,7472.0
237.25,8353.0
237.27,10350.0
237.29,12610.0
237.3,13790.0
237.32,16180.0
237.33,17350.0
237.35,19510.0
237.37,21290.0
237.38,21990.0
237.4,22940.0
237.42,23220.0
237.43,23100.0
237.45,22390.0
237.47,21100.0
237.48,20280.0
237.5,18390.0
237.52,16300.0
237.53,15230.0
237.55,13110.0
237.57,11120.0
237.58,10190.0
237.6,8507.0
237.62,7063.0
237.63,6430.0
237.65,5332.0
237.67,4435.0
237.68,4053.0
237.7,3408.0
237.71,3139.0
237.73,2698.0
237.75,2377.0
237.76,2260.0
237.78,2110.0
237.8,2073.0
237.81,2097.0
237.83,2231.0
237.85,2477.0
237.86,2641.0
237.88,3045.0
237.9,3548.0
237.91,3835.0
237.93,4486.0
237.95,5258.0
237.96,5703.0
237.98,6752.0
238.0,8102.0
238.01,8932.0
238.03,11000.0
238.05,13780.0
238.06,15490.0
238.08,19680.0
238.09,22190.0
238.11,28090.0
238.13,35120.0
238.14,39020.0
238.16,47390.0
238.18,56150.0
238.19,60500.0
238.21,68710.0
238.23,75700.0
238.24,78530.0
238.26,82490.0
238.28,83890.0
238.29,83560.0
238.31,80910.0
238.33,75830.0
238.34,72530.0
238.36,64790.0
238.38,56120.0
238.39,51640.0
238.41,42810.0
238.43,34550.0
238.44,30750.0
238.46,23970.0
238.47,21010.0
238.49,15950.0
238.51,11980.0
238.52,10350.0
238.54,7726.0
238.56,5783.0
238.57,5018.0
238.59,3820.0
238.61,2975.0
238.62,2660.0
238.64,2218.0
238.66,2003.0
238.67,1980.0
238.69,2107.0
238.71,2485.0
238.72,2775.0
238.74,3575.0
238.76,4678.0
238.77,5343.0
238.79,6887.0
238.8,7752.0
238.82,9622.0
238.84,11580.0
238.85,12560.0
238.87,14390.0
238.89,15940.0
238.9,16560.0
238.92,17410.0
238.94,17680.0
238.95,17580.0
238.97,16950.0
238.99,15780.0
239.0,15030.0
239.02,13290.0
239.04,11380.0
239.05,10410.0
239.07,8504.0
239.09,6762.0
239.1,5975.0
239.12,4600.0
239.14,3496.0
239.15,3042.0
239.17,2312.0
239.18,2025.0
239.2,1579.0
239.22,1270.0
239.23,1156.0
239.25,990.2
239.27,900.3
239.28,884.3
239.3,922.2
239.32,1085.0
239.33,1231.0
239.35,1701.0
239.37,2491.0
239.38,3042.0
239.4,4540.0
239.42,6679.0
239.43,8028.0
239.45,11350.0
239.47,15540.0
239.48,17960.0
239.5,23380.0
239.52,29380.0
239.53,32510.0
239.55,38760.0
239.56,41770.0
239.58,47220.0
239.6,51540.0
239.61,53130.0
239.63,55000.0
239.65,54970.0
239.66,54240.0
239.68,51470.0
239.7,47230.0
239.71,44690.0
239.73,39120.0
239.75,33330.0
239.76,30510.0
239.78,25290.0
239.8,20910.0
239.81,19100.0
239.83,16330.0
239.85,14680.0
239.86,14240.0
239.88,14020.0
239.9,14500.0
239.91,14930.0
239.93,15960.0
239.94,16500.0
239.96,17480.0
239.98,18160.0
239.99,18340.0
240.01,18310.0
240.03,17740.0
240.04,17260.0
240.06,15980.0
240.08,14350.0
240.09,13450.0
240.11,11570.0
240.13,9704.0
240.14,8816.0
240.16,7184.0
240.18,5798.0
240.19,5210.0
240.21,4253.0
240.23,3590.0
240.24,3368.0
240.26,3142.0
240.27,3141.0
240.29,3376.0
240.31,3959.0
240.32,4397.0
240.34,5605.0
240.36,7305.0
240.37,8354.0
240.39,10870.0
240.41,13910.0
240.42,15610.0
240.44,19290.0
240.46,23170.0
240.47,25120.0
240.49,28850.0
240.51,32150.0
240.52,33560.0
240.54,35760.0
240.56,37040.0
240.57,37320.0
240.59,37160.0
240.61,36150.0
240.62,35370.0
240.64,33420.0
240.65,32280.0
240.67,29820.0
240.69,27230.0
240.7,25930.0
240.72,23340.0
240.74,20830.0
240.75,19610.0
240.77,17240.0
240.79,14970.0
240.8,13890.0
240.82,11850.0
240.84,10030.0
240.85,9222.0
240.87,7877.0
240.89,6955.0
240.9,6677.0
240.92,6530.0
240.94,6968.0
240.95,7415.0
240.97,8761.0
240.99,10670.0
241.0,11810.0
241.02,14390.0
241.03,15780.0
241.05,18650.0
241.07,21450.0
241.08,22750.0
241.1,24990.0
241.12,26620.0
241.13,27150.0
241.15,27600.0
241.17,27250.0
241.18,26790.0
241.2,25390.0
241.22,23510.0
241.23,22460.0
241.25,20270.0
241.27,18120.0
241.28,17110.0
241.3,15300.0
241.32,13780.0
241.33,13140.0
241.35,12040.0
241.37,11150.0
241.38,10750.0
241.4,9980.0
241.41,9597.0
241.43,8798.0
241.45,7933.0
241.46,7475.0
241.48,6522.0
241.5,5550.0
241.51,5070.0
241.53,4153.0
241.55,3323.0
241.56,2950.0
241.58,2302.0
241.6,1787.0
241.61,1579.0
241.63,1255.0
241.65,1043.0
241.66,972.1
241.68,891.4
241.7,876.3
241.71,888.0
241.73,940.2
241.75,1019.0
241.76,1064.0
241.78,1157.0
241.79,1201.0
241.81,1281.0
241.83,1339.0
241.84,1357.0
241.86,1369.0
241.88,1345.0
241.89,1320.0
241.91,1247.0
241.93,1146.0
241.94,1088.0
241.96,963.3
241.98,833.0
241.99,768.6
242.01,645.9
242.03,536.0
242.04,487.3
242.06,403.9
242.08,340.9
242.09,317.4
242.11,287.3
242.12,280.9
242.14,286.6
242.16,318.9
242.17,345.9
242.19,424.0
242.21,537.5
242.22,608.8
242.24,783.5
242.26,1004.0
242.27,1132.0
242.29,1425.0
242.31,1766.0
242.32,1954.0
242.34,2357.0
242.36,2788.0
242.37,3008.0
242.39,3444.0
242.41,3854.0
242.42,4040.0
242.44,4359.0
242.46,4586.0
242.47,4660.0
242.49,4724.0
242.5,4715.0
242.52,4623.0
242.54,4456.0
242.55,4357.0
242.57,4159.0
242.59,4010.0
242.6,3973.0
242.62,4011.0
242.64,4244.0
242.65,4447.0
242.67,5045.0
242.69,5903.0
242.7,6425.0
242.72,7630.0
242.74,8995.0
242.75,9711.0
242.77,11140.0
242.79,12480.0
242.8,13080.0
242.82,14070.0
242.84,14720.0
242.85,14900.0
242.87,14950.0
242.88,14830.0
242.9,14310.0
242.92,13480.0
242.93,12970.0
242.95,11850.0
242.97,10640.0
242.98,10040.0
243.0,8863.0
243.02,7778.0
243.03,7279.0
243.05,6380.0
243.07,5610.0
243.08,5273.0
243.1,4686.0
243.12,4211.0
243.13,4012.0
243.15,3690.0
243.17,3465.0
243.18,3389.0
243.2,3304.0
243.22,3304.0
243.23,3332.0
243.25,3437.0
243.26,3510.0
243.28,3688.0
243.3,3899.0
243.31,4016.0
243.33,4271.0
243.35,4566.0
243.36,4734.0
243.38,5124.0
243.4,5605.0
243.41,5886.0
243.43,6537.0
243.45,7302.0
243.46,7722.0
243.48,8614.0
243.5,9536.0
243.51,9990.0
243.53,10850.0
243.55,11590.0
243.56,11920.0
243.58,12450.0
243.59,12660.0
243.61,13010.0
243.63,13290.0
243.64,13430.0
243.66,13770.0
243.68,14230.0
243.69,14520.0
243.71,15240.0
243.73,16110.0
243.74,16600.0
243.76,17600.0
243.78,18550.0
243.79,18980.0
243.81,19640.0
243.83,19970.0
243.84,20000.0
243.86,19740.0
243.88,19090.0
243.89,18620.0
243.91,17450.0
243.93,16040.0
243.94,15270.0
243.96,13690.0
243.97,12890.0
243.99,11320.0
244.01,9847.0
244.02,9157.0
244.04,7888.0
244.06,6770.0
244.07,6268.0
244.09,5369.0
244.11,4600.0
244.12,4259.0
244.14,3655.0
244.16,3143.0
244.17,2918.0
244.19,2523.0
244.21,2199.0
244.22,2062.0
244.24,1836.0
244.26,1678.0
244.27,1625.0
244.29,1575.0
244.31,1603.0
244.32,1649.0
244.34,1806.0
244.35,1918.0
244.37,2211.0
244.39,2592.0
244.4,2814.0
244.42,3308.0
244.44,3855.0
244.45,4141.0
244.47,4717.0
244.49,5273.0
244.5,5534.0
244.52,6003.0
244.54,6381.0
244.55,6530.0
244.57,6740.0
244.59,6831.0
244.6,6832.0
244.62,6750.0
244.64,6569.0
244.65,6446.0
244.67,6146.0
244.69,5788.0
244.7,5593.0
244.72,5182.0
244.73,4968.0
244.75,4536.0
244.77,4104.0
244.78,3891.0
244.8,3478.0
244.82,3087.0
244.83,2902.0
244.85,2555.0
244.87,2246.0
244.88,2107.0
244.9,1862.0
244.92,1665.0
244.93,1586.0
244.95,1469.0
244.97,1411.0
244.98,1406.0
245.0,1449.0
245.02,1574.0
245.03,1674.0
245.05,1963.0
245.06,2160.0
245.08,2688.0
245.1,3428.0
245.11,3891.0
245.13,5030.0
245.15,6476.0
245.16,7316.0
245.18,9222.0
245.2,11380.0
245.21,12530.0
245.23,14900.0
245.25,17230.0
245.26,18340.0
245.28,20310.0
245.3,21840.0
245.31,22390.0
245.33,23030.0
245.35,23000.0
245.36,22730.0
245.38,21730.0
245.4,20200.0
245.41,19270.0
245.43,17190.0
245.44,16080.0
245.46,13790.0
245.48,11550.0
245.49,10480.0
245.51,8487.0
245.53,6743.0
245.54,5972.0
245.56,4639.0
245.58,3573.0
245.59,3133.0
245.61,2421.0
245.63,1907.0
245.64,1715.0
245.66,1443.0
245.68,1301.0
245.69,1274.0
245.71,1297.0
245.73,1415.0
245.74,1506.0
245.76,1751.0
245.78,2071.0
245.79,2254.0
245.81,2661.0
245.82,2878.0
245.84,3328.0
245.86,3773.0
245.87,3985.0
245.89,4369.0
245.91,4677.0
245.92,4796.0
245.94,4956.0
245.96,5012.0
245.97,5004.0
245.99,4928.0
246.01,4796.0
246.02,4719.0
246.04,4568.0
246.06,4447.0
246.07,4406.0
246.09,4375.0
246.11,4418.0
246.12,4467.0
246.14,4609.0
246.16,4792.0
246.17,4890.0
246.19,5083.0
246.2,5169.0
246.22,5307.0
246.24,5383.0
246.25,5394.0
246.27,5359.0
246.29,5254.0
246.3,5180.0
246.32,4996.0
246.34,4786.0
246.35,4679.0
246.37,4474.0
246.39,4299.0
246.4,4229.0
246.42,4134.0
246.44,4108.0
246.45,4124.0
246.47,4219.0
246.49,4398.0
246.5,4520.0
246.52,4825.0
246.53,5007.0
246.55,5422.0
246.57,5891.0
246.58,6139.0
246.6,6642.0
246.62,7125.0
246.63,7348.0
246.65,7730.0
246.67,7995.0
246.68,8073.0
246.7,8106.0
246.72,7962.0
246.73,7825.0
246.75,7428.0
246.77,6890.0
246.78,6581.0
246.8,5909.0
246.82,5206.0
246.83,4857.0
246.85,4194.0
246.87,3604.0
246.88,3346.0
246.9,2910.0
246.91,2735.0
246.93,2471.0
246.95,2314.0
246.96,2272.0
246.98,2249.0
247.0,2292.0
247.01,2331.0
247.03,2434.0
247.05,2554.0
247.06,2616.0
247.08,2735.0
247.1,2845.0
247.11,2895.0
247.13,2990.0
247.15,3083.0
247.16,3132.0
247.18,3242.0
247.2,3377.0
247.21,3457.0
247.23,3642.0
247.25,3859.0
247.26,3976.0
247.28,4217.0
247.29,4336.0
247.31,4553.0
247.33,4723.0
247.34,4784.0
247.36,4845.0
247.38,4819.0
247.39,4772.0
247.41,4616.0
247.43,4387.0
247.44,4251.0
247.46,3949.0
247.48,3626.0
247.49,3462.0
247.51,3139.0
247.53,2834.0
247.54,2690.0
247.56,2420.0
247.58,2177.0
247.59,2065.0
247.61,1858.0
247.63,1674.0
247.64,1591.0
247.66,1442.0
247.67,1377.0
247.69,1267.0
247.71,1188.0
247.72,1162.0
247.74,1135.0
247.76,1147.0
247.77,1168.0
247.79,1240.0
247.81,1353.0
247.82,1424.0
247.84,1595.0
247.86,1801.0
247.87,1916.0
247.89,2165.0
247.91,2436.0
247.92,2576.0
247.94,2860.0
247.96,3139.0
247.97,3274.0
247.99,3523.0
248.01,3739.0
248.02,3832.0
248.04,3983.0
248.05,4041.0
248.07,4129.0
248.09,4187.0
248.1,4211.0
248.12,4265.0
248.14,4352.0
248.15,4418.0
248.17,4612.0
248.19,4911.0
248.2,5106.0
248.22,5590.0
248.24,6194.0
248.25,6535.0
248.27,7275.0
248.29,8054.0
248.3,8441.0
248.32,9174.0
248.34,9800.0
248.35,10060.0
248.37,10420.0
248.38,10530.0
248.4,10560.0
248.42,10360.0
248.43,10180.0
248.45,9675.0
248.47,9022.0
248.48,8657.0
248.5,7890.0
248.52,7125.0
248.53,6760.0
248.55,6096.0
248.57,5545.0
248.58,5320.0
248.6,4971.0
248.62,4757.0
248.63,4696.0
248.65,4653.0
248.67,4699.0
248.68,4749.0
248.7,4891.0
248.72,5078.0
248.73,5186.0
248.75,5426.0
248.76,5558.0
248.78,5844.0
248.8,6157.0
248.81,6322.0
248.83,6665.0
248.85,7021.0
248.86,7201.0
248.88,7565.0
248.9,7932.0
248.91,8119.0
248.93,8504.0
248.95,8913.0
248.96,9130.0
248.98,9596.0
249.0,10100.0
249.01,10370.0
249.03,10930.0
249.05,11490.0
249.06,11770.0
249.08,12280.0
249.1,12710.0
249.11,12890.0
249.13,13160.0
249.14,13250.0
249.16,13360.0
249.18,13400.0
249.19,13400.0
249.21,13410.0
249.23,13460.0
249.24,13520.0
249.26,13730.0
249.28,14040.0
249.29,14240.0
249.31,14660.0
249.33,15070.0
249.34,15250.0
249.36,15470.0
249.38,15460.0
249.39,15340.0
249.41,14850.0
249.43,14040.0
249.44,13510.0
249.46,12260.0
249.48,10810.0
249.49,10040.0
249.51,8480.0
249.52,7709.0
249.54,6243.0
249.56,4929.0
249.57,4345.0
249.59,3337.0
249.61,2552.0
249.62,2241.0
249.64,1774.0
249.66,1501.0
249.67,1431.0
249.69,1415.0
249.71,1557.0
249.72,1686.0
249.74,2058.0
249.76,2583.0
249.77,2904.0
249.79,3659.0
249.81,4556.0
249.82,5051.0
249.84,6112.0
249.85,6666.0
249.87,7786.0
249.89,8860.0
249.9,9357.0
249.92,10220.0
249.94,10860.0
249.95,11070.0
249.97,11260.0
249.99,11140.0
250.0,10960.0
250.02,10400.0
250.04,9614.0
250.05,9157.0
250.07,8170.0
250.09,7151.0
250.1,6652.0
250.12,5717.0
250.14,4901.0
250.15,4547.0
250.17,3956.0
250.19,3520.0
250.2,3357.0
250.22,3130.0
250.23,3061.0
250.25,2996.0
250.27,3008.0
250.28,3036.0
250.3,3121.0
250.32,3228.0
250.33,3284.0
250.35,3392.0
250.37,3483.0
250.38,3519.0
250.4,3573.0
250.42,3605.0
250.43,3618.0
250.45,3651.0
250.47,3727.0
250.48,3797.0
250.5,4034.0
250.52,4459.0
250.53,4764.0
250.55,5601.0
250.57,6786.0
250.58,7522.0
250.6,9290.0
250.61,10320.0
250.63,12620.0
250.65,15190.0
250.66,16530.0
250.68,19210.0
250.7,21730.0
250.71,22880.0
250.73,24790.0
250.75,26080.0
250.76,26450.0
250.78,26600.0
250.8,25950.0
250.81,25340.0
250.83,23620.0
250.85,21360.0
250.86,20090.0
250.88,17390.0
250.9,14640.0
250.91,13300.0
250.93,10770.0
250.95,8537.0
250.96,7557.0
250.98,5887.0
250.99,5201.0
251.01,4116.0
251.03,3389.0
251.04,3147.0
251.06,2873.0
251.08,2838.0
251.09,2893.0
251.11,3118.0
251.13,3457.0
251.14,3656.0
251.16,4088.0
251.18,4543.0
251.19,4773.0
251.21,5233.0
251.23,5704.0
251.24,5951.0
251.26,6496.0
251.28,7158.0
251.29,7556.0
251.31,8532.0
251.32,9131.0
251.34,10600.0
251.36,12480.0
251.37,13580.0
251.39,16160.0
251.41,19240.0
251.42,20960.0
251.44,24790.0
251.46,29100.0
251.47,31450.0
251.49,36500.0
251.51,42030.0
251.52,44960.0
251.54,51110.0
251.56,57520.0
251.57,60760.0
251.59,67140.0
251.61,73070.0
251.62,75740.0
251.64,80230.0
251.66,83230.0
251.67,84060.0
251.69,84260.0
251.7,83590.0
251.72,80760.0
251.74,76110.0
251.75,73220.0
251.77,66600.0
251.79,59310.0
251.8,55600.0
251.82,48350.0
251.84,41710.0
251.85,38730.0
251.87,33580.0
251.89,29550.0
251.9,27950.0
251.92,25470.0
251.94,23790.0
251.95,23170.0
251.97,22210.0
251.99,21430.0
252.0,21040.0
252.02,20190.0
252.04,19150.0
252.05,18560.0
252.07,17220.0
252.08,16490.0
252.1,14960.0
252.12,13410.0
252.13,12650.0
252.15,11260.0
252.17,10070.0
252.18,9575.0
252.2,8828.0
252.22,8433.0
252.23,8376.0
252.25,8553.0
252.27,9121.0
252.28,9549.0
252.3,10680.0
252.32,12150.0
252.33,13000.0
252.35,14860.0
252.37,16890.0
252.38,17930.0
252.4,20000.0
252.42,21920.0
252.43,22790.0
252.45,24270.0
252.46,24850.0
252.48,25660.0
252.5,25950.0
252.51,25900.0
252.53,25430.0
252.55,24520.0
252.56,23940.0
252.58,22580.0
252.6,21070.0
252.61,20310.0
252.63,18840.0
252.65,17560.0
252.66,17020.0
252.68,16200.0
252.7,15810.0
252.71,15780.0
252.73,16100.0
252.75,16920.0
252.76,17520.0
252.78,19040.0
252.79,19950.0
252.81,22000.0
252.83,24230.0
252.84,25360.0
252.86,27530.0
252.88,29430.0
252.89,30210.0
252.91,31350.0
252.93,31810.0
252.94,31760.0
252.96,31110.0
252.98,29730.0
252.99,28800.0
253.01,26530.0
253.03,23860.0
253.04,22430.0
253.06,19490.0
253.08,16600.0
253.09,15210.0
253.11,12650.0
253.13,10450.0
253.14,9500.0
253.16,7942.0
253.17,7336.0
253.19,6466.0
253.21,6037.0
253.22,5976.0
253.24,6134.0
253.26,6618.0
253.27,6963.0
253.29,7818.0
253.31,8836.0
253.32,9384.0
253.34,10520.0
253.36,11640.0
253.37,12190.0
253.39,13200.0
253.41,14080.0
253.42,14460.0
253.44,15090.0
253.46,15540.0
253.47,15700.0
253.49,15910.0
253.51,15990.0
253.52,15990.0
253.54,15940.0
253.55,15890.0
253.57,15800.0
253.59,15730.0
253.6,15710.0
253.62,15730.0
253.64,15830.0
253.65,15920.0
253.67,16190.0
253.69,16570.0
253.7,16800.0
253.72,17350.0
253.74,18000.0
253.75,18360.0
253.77,19110.0
253.79,19870.0
253.8,20240.0
253.82,20930.0
253.84,21480.0
253.85,21690.0
253.87,21930.0
253.89,21900.0
253.9,21770.0
253.92,21260.0
253.93,20890.0
253.95,19910.0
253.97,18670.0
253.98,17970.0
254.0,16440.0
254.02,14830.0
254.03,14020.0
254.05,12440.0
254.07,11000.0
254.08,10350.0
254.1,9232.0
254.12,8391.0
254.13,8085.0
254.15,7714.0
254.17,7670.0
254.18,7771.0
254.2,8209.0
254.22,8947.0
254.23,9417.0
254.25,10530.0
254.27,11830.0
254.28,12520.0
254.3,13930.0
254.31,14620.0
254.33,15930.0
254.35,17020.0
254.36,17460.0
254.38,18060.0
254.4,18260.0
254.41,18190.0
254.43,17740.0
254.45,16900.0
254.46,16340.0
254.48,15040.0
254.5,13560.0
254.51,12790.0
254.53,11240.0
254.55,9763.0
254.56,9074.0
254.58,7829.0
254.6,6789.0
254.61,6352.0
254.63,5645.0
254.64,5374.0
254.66,4995.0
254.68,4828.0
254.69,4823.0
254.71,4971.0
254.73,5336.0
254.74,5602.0
254.76,6310.0
254.78,7250.0
254.79,7806.0
254.81,9074.0
254.83,10510.0
254.84,11280.0
254.86,12860.0
254.88,14410.0
254.89,15140.0
254.91,16460.0
254.93,17510.0
254.94,17900.0
254.96,18400.0
254.98,18490.0
254.99,18380.0
255.01,17890.0
255.02,17520.0
255.04,16570.0
255.06,15440.0
255.07,14830.0
255.09,13580.0
255.11,12360.0
255.12,11770.0
255.14,10690.0
255.16,9730.0
255.17,9301.0
255.19,8535.0
255.21,7873.0
255.22,7572.0
255.24,7012.0
255.26,6487.0
255.27,6231.0
255.29,5724.0
255.31,5219.0
255.32,4969.0
255.34,4478.0
255.36,4016.0
255.37,3802.0
255.39,3420.0
255.4,3260.0
255.42,3016.0
255.44,2898.0
255.45,2894.0
255.47,3019.0
255.49,3345.0
255.5,3595.0
255.52,4286.0
255.54,5260.0
255.55,5861.0
255.57,7301.0
255.59,9061.0
255.6,10060.0
255.62,12270.0
255.64,14730.0
255.65,16040.0
255.67,18770.0
255.69,21590.0
255.7,23000.0
255.72,25810.0
255.74,28530.0
255.75,29840.0
255.77,32340.0
255.78,33510.0
255.8,35700.0
255.82,37640.0
255.83,38500.0
255.85,39960.0
255.87,41030.0
255.88,41390.0
255.9,41730.0
255.92,41490.0
255.93,41130.0
255.95,39950.0
255.97,38140.0
255.98,37010.0
256.0,34400.0
256.02,31400.0
256.03,29800.0
256.05,26550.0
256.07,23370.0
256.08,21870.0
256.1,19170.0
256.11,18010.0
256.13,16150.0
256.15,15020.0
256.16,14760.0
256.18,14860.0
256.2,15820.0
256.21,16620.0
256.23,18810.0
256.25,21710.0
256.26,23380.0
256.28,27080.0
256.3,31060.0
256.31,33080.0
256.33,37020.0
256.35,40600.0
256.36,42180.0
256.38,44750.0
256.4,46390.0
256.41,46810.0
256.43,46800.0
256.45,45680.0
256.46,44730.0
256.48,42110.0
256.49,40510.0
256.51,36840.0
256.53,32790.0
256.54,30700.0
256.56,26540.0
256.58,22590.0
256.59,20740.0
256.61,17380.0
256.63,14510.0
256.64,13260.0
256.66,11150.0
256.68,9513.0
256.69,8849.0
256.71,7792.0
256.73,7037.0
256.74,6750.0
256.76,6318.0
256.78,6028.0
256.79,5919.0
256.81,5751.0
256.83,5617.0
256.84,5554.0
256.86,5422.0
256.87,5349.0
256.89,5183.0
256.91,4985.0
256.92,4874.0
256.94,4632.0
256.96,4372.0
256.97,4239.0
256.99,3977.0
257.01,3732.0
257.02,3620.0
257.04,3423.0
257.06,3265.0
257.07,3201.0
257.09,3100.0
257.11,3028.0
257.12,3000.0
257.14,2954.0
257.16,2913.0
257.17,2894.0
257.19,2863.0
257.21,2858.0
257.22,2877.0
257.24,3000.0
257.25,3127.0
257.27,3608.0
257.29,4573.0
257.3,5334.0
257.32,7694.0
257.34,11690.0
257.35,14570.0
257.37,22720.0
257.39,35230.0
257.4,43630.0
257.42,65850.0
257.44,97030.0
257.45,116600.0
257.47,165000.0
257.49,226900.0
257.5,263100.0
257.52,346100.0
257.54,441800.0
257.55,493500.0
257.57,602100.0
257.58,657500.0
257.6,766200.0
257.62,866000.0
257.63,910200.0
257.65,982600.0
257.67,1029000.0
257.68,1041000.0
257.7,1040000.0
257.72,1009000.0
257.73,982100.0
257.75,909700.0
257.77,817400.0
257.78,766100.0
257.8,658000.0
257.82,548700.0
257.83,495600.0
257.85,395700.0
257.87,307300.0
257.88,268100.0
257.9,200300.0
257.92,146200.0
257.93,124000.0
257.95,87950.0
257.96,73690.0
257.98,51380.0
258.0,35670.0
258.01,29740.0
258.03,20780.0
258.05,14700.0
258.06,12440.0
258.08,9071.0
258.1,6807.0
258.11,5981.0
258.13,4796.0
258.15,4106.0
258.16,3912.0
258.18,3779.0
258.2,3934.0
258.21,4102.0
258.23,4587.0
258.25,5223.0
258.26,5582.0
258.28,6346.0
258.3,7134.0
258.31,7524.0
258.33,8279.0
258.34,8642.0
258.36,9339.0
258.38,10020.0
258.39,10370.0
258.41,11120.0
258.43,12010.0
258.44,12520.0
258.46,13740.0
258.48,15240.0
258.49,16100.0
258.51,18040.0
258.53,20200.0
258.54,21340.0
258.56,23650.0
258.58,25840.0
258.59,26830.0
258.61,28510.0
258.63,29640.0
258.64,29960.0
258.66,30070.0
258.68,29460.0
258.69,28900.0
258.71,27350.0
258.72,26400.0
258.74,24270.0
258.76,22020.0
258.77,20910.0
258.79,18870.0
258.81,17200.0
258.82,16560.0
258.84,15710.0
258.86,15470.0
258.87,15590.0
258.89,16270.0
258.91,17470.0
258.92,18240.0
258.94,20030.0
258.96,22030.0
258.97,23080.0
258.99,25190.0
259.01,27260.0
259.02,28270.0
259.04,30270.0
259.05,31280.0
259.07,33510.0
259.09,36320.0
259.1,38120.0
259.12,42970.0
259.14,50340.0
259.15,55350.0
259.17,68900.0
259.19,88510.0
259.2,101100.0
259.22,132900.0
259.24,174700.0
259.25,199700.0
259.27,257900.0
259.29,326700.0
259.3,364700.0
259.32,445800.0
259.34,530700.0
259.35,573000.0
259.37,653900.0
259.39,724900.0
259.4,754800.0
259.42,800400.0
259.43,815000.0
259.45,826300.0
259.47,812800.0
259.48,797000.0
259.5,749300.0
259.52,683300.0
259.53,645200.0
259.55,562400.0
259.57,475600.0
259.58,432600.0
259.6,349900.0
259.62,275000.0
259.63,241200.0
259.65,182100.0
259.67,134500.0
259.68,114900.0
259.7,83660.0
259.72,61800.0
259.73,53950.0
259.75,43470.0
259.77,38810.0
259.78,38250.0
259.8,40000.0
259.81,42060.0
259.83,48000.0
259.85,55700.0
259.86,59990.0
259.88,68980.0
259.9,77950.0
259.91,82230.0
259.93,89950.0
259.95,96080.0
259.96,98390.0
259.98,101300.0
260.0,101600.0
260.01,100800.0
260.03,97360.0
260.05,91640.0
260.06,88060.0
260.08,79800.0
260.1,70590.0
260.11,65820.0
260.13,56350.0
260.15,47420.0
260.16,43300.0
260.18,35980.0
260.19,32840.0
260.21,27690.0
260.23,24100.0
260.24,22900.0
260.26,21670.0
260.28,22020.0
260.29,22820.0
260.31,25770.0
260.33,30820.0
260.34,34290.0
260.36,43560.0
260.38,56670.0
260.39,64970.0
260.41,85760.0
260.43,113000.0
260.44,129300.0
260.46,167600.0
260.48,213400.0
260.49,239000.0
260.51,294700.0
260.53,354500.0
260.54,385000.0
260.56,445100.0
260.57,473600.0
260.59,525000.0
260.61,565600.0
260.62,580800.0
260.64,599200.0
260.66,600600.0
260.67,594700.0
260.69,570700.0
260.71,532200.0
260.72,508400.0
260.74,454300.0
260.76,394900.0
260.77,364500.0
260.79,304600.0
260.81,248400.0
260.82,222600.0
260.84,176300.0
260.86,138000.0
260.87,121900.0
260.89,95850.0
260.9,85680.0
260.92,70520.0
260.94,61370.0
260.95,58690.0
260.97,56380.0
260.99,57180.0
261.0,58420.0
261.02,61940.0
261.04,66130.0
261.05,68230.0
261.07,72060.0
261.09,75010.0
261.1,76050.0
261.12,77130.0
261.14,76860.0
261.15,76240.0
261.17,74130.0
261.19,71030.0
261.2,69190.0
261.22,65090.0
261.24,60630.0
261.25,58330.0
261.27,53690.0
261.28,51390.0
261.3,46890.0
261.32,42590.0
261.33,40540.0
261.35,36640.0
261.37,33030.0
261.38,31340.0
261.4,28160.0
261.42,25260.0
261.43,23900.0
261.45,21340.0
261.47,18980.0
261.48,17880.0
261.5,15810.0
261.52,13940.0
261.53,13100.0
261.55,11640.0
261.57,10550.0
261.58,10170.0
261.6,9825.0
261.62,10130.0
261.63,10560.0
261.65,12050.0
261.66,13130.0
261.68,15990.0
261.7,19800.0
261.71,22050.0
261.73,27150.0
261.75,32920.0
261.76,35970.0
261.78,42210.0
261.8,48290.0
261.81,51150.0
261.83,56250.0
261.85,60210.0
261.86,61650.0
261.88,63330.0
261.9,63300.0
261.91,62640.0
261.93,60130.0
261.95,56200.0
261.96,53800.0
261.98,48380.0
262.0,42450.0
262.01,39420.0
262.03,33430.0
262.04,30550.0
262.06,25180.0
262.08,20470.0
262.09,18380.0
262.11,14780.0
262.13,11920.0
262.14,10740.0
262.16,8825.0
262.18,7421.0
262.19,6873.0
262.21,6024.0
262.23,5428.0
262.24,5204.0
262.26,4874.0
262.28,4686.0
262.29,4648.0
262.31,4701.0
262.33,4974.0
262.34,5217.0
262.36,5971.0
262.37,6508.0
262.39,7968.0
262.41,10030.0
262.42,11310.0
262.44,14400.0
262.46,18230.0
262.47,20400.0
262.49,25210.0
262.51,30500.0
262.52,33240.0
262.54,38760.0
262.56,44030.0
262.57,46460.0
262.59,50690.0
262.61,53830.0
262.62,54920.0
262.64,56030.0
262.66,55690.0
262.67,54990.0
262.69,52670.0
262.71,49320.0
262.72,47360.0
262.74,43100.0
262.75,40880.0
262.77,36490.0
262.79,32370.0
262.8,30470.0
262.82,27110.0
262.84,24360.0
262.85,23220.0
262.87,21360.0
262.89,20030.0
262.9,19550.0
262.92,18900.0
262.94,18660.0
262.95,18700.0
262.97,19120.0
262.99,20030.0
263.0,20710.0
263.02,22530.0
263.04,25030.0
263.05,26540.0
263.07,30090.0
263.09,34260.0
263.1,36530.0
263.12,41340.0
263.13,43810.0
263.15,48730.0
263.17,53370.0
263.18,55480.0
263.2,59120.0
263.22,61770.0
263.23,62650.0
263.25,63440.0
263.27,62870.0
263.28,62080.0
263.3,59530.0
263.32,55810.0
263.33,53590.0
263.35,48550.0
263.37,42980.0
263.38,40100.0
263.4,34290.0
263.42,28670.0
263.43,26000.0
263.45,21060.0
263.47,16740.0
263.48,14850.0
263.5,11610.0
263.51,10250.0
263.53,8050.0
263.55,6479.0
263.56,5908.0
263.58,5147.0
263.6,4844.0
263.61,4849.0
263.63,5152.0
263.65,5837.0
263.66,6324.0
263.68,7594.0
263.7,9271.0
263.71,10260.0
263.73,12560.0
263.75,15230.0
263.76,16680.0
263.78,19780.0
263.8,23020.0
263.81,24640.0
263.83,27780.0
263.84,29260.0
263.86,31930.0
263.88,34100.0
263.89,34960.0
263.91,36190.0
263.93,36720.0
263.94,36730.0
263.96,36250.0
263.98,35170.0
263.99,34440.0
264.01,32630.0
264.03,30450.0
264.04,29260.0
264.06,26710.0
264.08,24010.0
264.09,22640.0
264.11,19880.0
264.13,17170.0
264.14,15860.0
264.16,13340.0
264.18,11020.0
264.19,9950.0
264.21,8004.0
264.22,7134.0
264.24,5602.0
264.26,4343.0
264.27,3810.0
264.29,2919.0
264.31,2234.0
264.32,1958.0
264.34,1515.0
264.36,1188.0
264.37,1059.0
264.39,853.8
264.41,701.0
264.42,639.2
264.44,537.5
264.46,458.1
264.47,425.1
264.49,370.4
264.51,329.9
264.52,314.9
264.54,296.2
264.56,294.6
264.57,301.4
264.59,332.8
264.6,359.1
264.62,437.1
264.64,556.0
264.65,633.8
264.67,832.0
264.69,1095.0
264.7,1254.0
264.72,1631.0
264.74,2089.0
264.75,2348.0
264.77,2926.0
264.79,3570.0
264.8,3913.0
264.82,4622.0
264.84,5341.0
264.85,5692.0
264.87,6359.0
264.89,6945.0
264.9,7199.0
264.92,7608.0
264.94,7871.0
264.95,7945.0
264.97,7981.0
264.98,7945.0
265.0,7782.0
265.02,7521.0
265.03,7366.0
265.05,7032.0
265.07,6699.0
265.08,6545.0
265.1,6280.0
265.12,6093.0
265.13,6034.0
265.15,5989.0
265.17,6040.0
265.18,6101.0
265.2,6284.0
265.22,6539.0
265.23,6687.0
265.25,7015.0
265.27,7371.0
265.28,7553.0
265.3,7917.0
265.31,8096.0
265.33,8440.0
265.35,8763.0
265.36,8916.0
265.38,9211.0
265.4,9504.0
265.41,9658.0
265.43,9997.0
265.45,10410.0
265.46,10650.0
265.48,11230.0
265.5,11960.0
265.51,12390.0
265.53,13340.0
265.55,14420.0
265.56,14980.0
265.58,16110.0
265.6,17170.0
265.61,17640.0
265.63,18390.0
265.65,18830.0
265.66,18900.0
265.68,18720.0
265.69,18470.0
265.71,17660.0
265.73,16460.0
265.74,15750.0
265.76,14150.0
265.78,12400.0
265.79,11510.0
265.81,9763.0
265.83,8133.0
265.84,7384.0
265.86,6049.0
265.88,4953.0
265.89,4497.0
265.91,3759.0
265.93,3233.0
265.94,3039.0
265.96,2765.0
265.98,2609.0
265.99,2564.0
266.01,2517.0
266.03,2506.0
266.04,2506.0
266.06,2507.0
266.07,2505.0
266.09,2490.0
266.11,2460.0
266.12,2438.0
266.14,2385.0
266.16,2323.0
266.17,2290.0
266.19,2225.0
266.21,2165.0
266.22,2139.0
266.24,2094.0
266.26,2063.0
266.27,2052.0
266.29,2042.0
266.31,2046.0
266.32,2054.0
266.34,2082.0
266.36,2132.0
266.37,2166.0
266.39,2261.0
266.41,2399.0
266.42,2489.0
266.44,2720.0
266.45,2866.0
266.47,3233.0
266.49,3720.0
266.5,4016.0
266.52,4731.0
266.54,5631.0
266.55,6157.0
266.57,7369.0
266.59,8792.0
266.6,9578.0
266.62,11280.0
266.64,13090.0
266.65,14020.0
266.67,15840.0
266.69,17530.0
266.7,18290.0
266.72,19550.0
266.74,20380.0
266.75,20610.0
266.77,20680.0
266.79,20190.0
266.8,19750.0
266.82,18520.0
266.83,17750.0
266.85,15970.0
266.87,13980.0
266.88,12950.0
266.9,10890.0
266.92,8917.0
266.93,7998.0
266.95,6334.0
266.97,4945.0
266.98,4364.0
267.0,3437.0
267.02,2831.0
267.03,2648.0
267.05,2524.0
267.07,2725.0
267.08,2948.0
267.1,3648.0
267.12,4693.0
267.13,5346.0
267.15,6914.0
267.16,7826.0
267.18,9886.0
267.2,12220.0
267.21,13470.0
267.23,16070.0
267.25,18710.0
267.26,20010.0
267.28,22490.0
267.3,24690.0
267.31,25650.0
267.33,27250.0
267.35,28360.0
267.36,28730.0
267.38,29090.0
267.4,29000.0
267.41,28800.0
267.43,28160.0
267.45,27270.0
267.46,26750.0
267.48,25620.0
267.5,24430.0
267.51,23810.0
267.53,22560.0
267.54,21930.0
267.56,20640.0
267.58,19320.0
267.59,18650.0
267.61,17270.0
267.63,15870.0
267.64,15160.0
267.66,13770.0
267.68,12420.0
267.69,11770.0
267.71,10570.0
267.73,9524.0
267.74,9065.0
267.76,8292.0
267.78,7720.0
267.79,7511.0
267.81,7245.0
267.83,7174.0
267.84,7210.0
267.86,7416.0
267.88,7797.0
267.89,8050.0
267.91,8678.0
267.92,9051.0
267.94,9907.0
267.96,10890.0
267.97,11430.0
267.99,12560.0
268.01,13730.0
268.02,14310.0
268.04,15420.0
268.06,16420.0
268.07,16850.0
268.09,17520.0
268.11,17920.0
268.12,17990.0
268.14,17880.0
268.16,17420.0
268.17,17060.0
268.19,16110.0
268.21,14910.0
268.22,14230.0
268.24,12780.0
268.26,11280.0
268.27,10540.0
268.29,9125.0
268.3,8472.0
268.32,7311.0
268.34,6385.0
268.35,6019.0
268.37,5493.0
268.39,5235.0
268.4,5202.0
268.42,5306.0
268.44,5605.0
268.45,5813.0
268.47,6313.0
268.49,6883.0
268.5,7178.0
268.52,7760.0
268.54,8298.0
268.55,8539.0
268.57,8950.0
268.59,9250.0
268.6,9355.0
268.62,9471.0
268.63,9483.0
268.65,9418.0
268.67,9243.0
268.68,9118.0
268.7,8805.0
268.72,8421.0
268.73,8209.0
268.75,7756.0
268.77,7283.0
268.78,7045.0
268.8,6579.0
268.82,6145.0
268.83,5946.0
268.85,5597.0
268.87,5330.0
268.88,5233.0
268.9,5120.0
268.92,5129.0
268.93,5181.0
268.95,5383.0
268.97,5716.0
268.98,5930.0
269.0,6445.0
269.01,6744.0
269.03,7411.0
269.05,8158.0
269.06,8556.0
269.08,9388.0
269.1,10260.0
269.11,10700.0
269.13,11600.0
269.15,12510.0
269.16,12960.0
269.18,13850.0
269.2,14730.0
269.21,15160.0
269.23,15980.0
269.25,16740.0
269.26,17090.0
269.28,17720.0
269.3,18230.0
269.31,18430.0
269.33,18700.0
269.35,18790.0
269.36,18760.0
269.38,18550.0
269.39,18370.0
269.41,17890.0
269.43,17230.0
269.44,16860.0
269.46,16020.0
269.48,15120.0
269.49,14640.0
269.51,13690.0
269.53,12740.0
269.54,12270.0
269.56,11360.0
269.58,10470.0
269.59,10040.0
269.61,9202.0
269.63,8387.0
269.64,7991.0
269.66,7223.0
269.68,6502.0
269.69,6166.0
269.71,5557.0
269.73,5057.0
269.74,4858.0
269.76,4576.0
269.77,4500.0
269.79,4488.0
269.81,4672.0
269.82,4838.0
269.84,5315.0
269.86,5978.0
269.87,6375.0
269.89,7297.0
269.91,8386.0
269.92,8998.0
269.94,10370.0
269.96,11990.0
269.97,12900.0
269.99,15010.0
270.01,17560.0
270.02,19020.0
270.04,22370.0
270.06,26320.0
270.07,28510.0
270.09,33300.0
270.1,35860.0
270.12,41190.0
270.14,46600.0
270.15,49240.0
270.17,54160.0
270.19,58330.0
270.2,60030.0
270.22,62520.0
270.24,63610.0
270.25,63620.0
270.27,62550.0
270.29,60170.0
270.3,58550.0
270.32,54690.0
270.34,50270.0
270.35,47980.0
270.37,43490.0
270.39,39390.0
270.4,37600.0
270.42,34660.0
270.44,32720.0
270.45,32150.0
270.47,31820.0
270.48,32050.0
270.5,33190.0
270.52,35100.0
270.53,36270.0
270.55,38870.0
270.57,41580.0
270.58,42890.0
270.6,45250.0
270.62,47080.0
270.63,47750.0
270.65,48540.0
270.67,48580.0
270.68,48330.0
270.7,47400.0
270.72,46040.0
270.73,45260.0
270.75,43660.0
270.77,42170.0
270.78,41530.0
270.8,40530.0
270.82,39990.0
270.83,39900.0
270.85,40080.0
270.86,40340.0
270.88,41130.0
270.9,42220.0
270.91,42850.0
270.93,44210.0
270.95,45670.0
270.96,46410.0
270.98,47880.0
271.0,49320.0
271.01,50000.0
271.03,51290.0
271.05,52400.0
271.06,52880.0
271.08,53590.0
271.1,53930.0
271.11,53940.0
271.13,53560.0
271.15,52620.0
271.16,51930.0
271.18,50090.0
271.2,47660.0
271.21,46240.0
271.23,43050.0
271.24,41300.0
271.26,37580.0
271.28,33670.0
271.29,31690.0
271.31,27780.0
271.33,24030.0
271.34,22250.0
271.36,18960.0
271.38,16080.0
271.39,14800.0
271.41,12580.0
271.43,10810.0
271.44,10070.0
271.46,8873.0
271.48,7989.0
271.49,7642.0
271.51,7101.0
271.53,6712.0
271.54,6559.0
271.56,6314.0
271.57,6214.0
271.59,6052.0
271.61,5931.0
271.62,5886.0
271.64,5829.0
271.66,5821.0
271.67,5839.0
271.69,5921.0
271.71,6075.0
271.72,6183.0
271.74,6469.0
271.76,6864.0
271.77,7108.0
271.79,7703.0
271.81,8457.0
271.82,8899.0
271.84,9919.0
271.86,11120.0
271.87,11780.0
271.89,13210.0
271.91,14740.0
271.92,15510.0
271.94,17050.0
271.95,17780.0
271.97,19120.0
271.99,20220.0
272.0,20660.0
272.02,21260.0
272.04,21470.0
272.05,21430.0
272.07,21070.0
272.09,20370.0
272.1,19920.0
272.12,18850.0
272.14,17650.0
272.15,17020.0
272.17,15770.0
272.19,14570.0
272.2,14000.0
272.22,12960.0
272.24,12040.0
272.25,11630.0
272.27,10900.0
272.29,10280.0
272.3,10010.0
272.32,9531.0
272.33,9322.0
272.35,8962.0
272.37,8679.0
272.38,8565.0
272.4,8392.0
272.42,8284.0
272.43,8250.0
272.45,8215.0
272.47,8206.0
272.48,8205.0
272.5,8198.0
272.52,8179.0
272.53,8165.0
272.55,8136.0
272.57,8131.0
272.58,8151.0
272.6,8274.0
272.62,8561.0
272.63,8789.0
272.65,9455.0
272.67,10450.0
272.68,11090.0
272.7,12650.0
272.71,13570.0
272.73,15690.0
272.75,18110.0
272.76,19400.0
272.78,22080.0
272.8,24770.0
272.81,26060.0
272.83,28450.0
272.85,30440.0
272.86,31240.0
272.88,32380.0
272.9,32830.0
272.91,32780.0
272.93,32140.0
272.95,30820.0
272.96,29930.0
272.98,27750.0
273.0,25170.0
273.01,23780.0
273.03,20890.0
273.05,17970.0
273.06,16550.0
273.08,13840.0
273.09,12570.0
273.11,10250.0
273.13,8251.0
273.14,7371.0
273.16,5848.0
273.18,4621.0
273.19,4107.0
273.21,3258.0
273.23,2611.0
273.24,2352.0
273.26,1942.0
273.28,1650.0
273.29,1540.0
273.31,1379.0
273.33,1280.0
273.34,1249.0
273.36,1215.0
273.38,1210.0
273.39,1215.0
273.41,1234.0
273.42,1248.0
273.44,1280.0
273.46,1320.0
273.47,1343.0
273.49,1402.0
273.51,1483.0
273.52,1536.0
273.54,1674.0
273.56,1866.0
273.57,1987.0
273.59,2285.0
273.61,2664.0
273.62,2885.0
273.64,3392.0
273.66,3981.0
273.67,4305.0
273.69,5002.0
273.71,5760.0
273.72,6159.0
273.74,6994.0
273.76,7884.0
273.77,8352.0
273.79,9345.0
273.8,9876.0
273.82,11020.0
273.84,12310.0
273.85,13000.0
273.87,14520.0
273.89,16170.0
273.9,17050.0
273.92,18850.0
273.94,20650.0
273.95,21520.0
273.97,23120.0
273.99,24440.0
274.0,24950.0
274.02,25640.0
274.04,25810.0
274.05,25690.0
274.07,25050.0
274.09,23920.0
274.1,23200.0
274.12,21510.0
274.14,19620.0
274.15,18650.0
274.17,16720.0
274.18,15810.0
274.2,14150.0
274.22,12780.0
274.23,12220.0
274.25,11370.0
274.27,10850.0
274.28,10700.0
274.3,10600.0
274.32,10670.0
274.33,10760.0
274.35,10950.0
274.37,11130.0
274.38,11200.0
274.4,11270.0
274.42,11260.0
274.43,11220.0
274.45,11130.0
274.47,11060.0
274.48,11060.0
274.5,11180.0
274.52,11550.0
274.53,11840.0
274.55,12710.0
274.56,13280.0
274.58,14730.0
274.6,16550.0
274.61,17580.0
274.63,19840.0
274.65,22250.0
274.66,23470.0
274.68,25870.0
274.7,28090.0
274.71,29100.0
274.73,30860.0
274.75,32260.0
274.76,32820.0
274.78,33700.0
274.8,34310.0
274.81,34560.0
274.83,34990.0
274.85,35430.0
274.86,35690.0
274.88,36320.0
274.89,36690.0
274.91,37530.0
274.93,38440.0
274.94,38890.0
274.96,39680.0
274.98,40210.0
274.99,40330.0
275.01,40190.0
275.03,39480.0
275.04,38890.0
275.06,37250.0
275.08,35030.0
275.09,33730.0
275.11,30830.0
275.13,27650.0
275.14,26000.0
275.16,22700.0
275.18,19500.0
275.19,17980.0
275.21,15150.0
275.23,12690.0
275.24,11610.0
275.26,9755.0
275.27,8988.0
275.29,7764.0
275.31,6936.0
275.32,6661.0
275.34,6375.0
275.36,6419.0
275.37,6560.0
275.39,7072.0
275.41,7896.0
275.42,8426.0
275.44,9729.0
275.46,11360.0
275.47,12300.0
275.49,14400.0
275.51,16770.0
275.52,18040.0
275.54,20640.0
275.56,23260.0
275.57,24520.0
275.59,26840.0
275.61,28750.0
275.62,29510.0
275.64,30550.0
275.65,30800.0
275.67,30750.0
275.69,29950.0
275.7,29280.0
275.72,27480.0
275.74,25170.0
275.75,23870.0
275.77,21090.0
275.79,18220.0
275.8,16800.0
275.82,14060.0
275.84,11560.0
275.85,10420.0
275.87,8395.0
275.89,6715.0
275.9,6005.0
275.92,4826.0
275.94,3946.0
275.95,3606.0
275.97,3102.0
275.99,2802.0
276.0,2720.0
276.02,2670.0
276.03,2696.0
276.05,2838.0
276.07,3081.0
276.08,3234.0
276.1,3589.0
276.12,3991.0
276.13,4202.0
276.15,4629.0
276.17,5040.0
276.18,5232.0
276.2,5574.0
276.22,5844.0
276.23,5947.0
276.25,6082.0
276.27,6118.0
276.28,6098.0
276.3,5989.0
276.32,5793.0
276.33,5666.0
276.35,5368.0
276.36,5199.0
276.38,4837.0
276.4,4453.0
276.41,4259.0
276.43,3874.0
276.45,3505.0
276.46,3330.0
276.48,3006.0
276.5,2724.0
276.51,2601.0
276.53,2400.0
276.55,2263.0
276.56,2223.0
276.58,2203.0
276.6,2275.0
276.61,2347.0
276.63,2571.0
276.65,2905.0
276.66,3115.0
276.68,3617.0
276.7,4224.0
276.71,4564.0
276.73,5302.0
276.74,5695.0
276.76,6508.0
276.78,7329.0
276.79,7731.0
276.81,8493.0
276.83,9165.0
276.84,9457.0
276.86,9933.0
276.88,10250.0
276.89,10340.0
276.91,10380.0
276.93,10250.0
276.94,10120.0
276.96,9737.0
276.98,9224.0
276.99,8926.0
277.01,8266.0
277.03,7546.0
277.04,7173.0
277.06,6421.0
277.08,5680.0
277.09,5321.0
277.11,4638.0
277.12,4316.0
277.14,3720.0
277.16,3191.0
277.17,2952.0
277.19,2525.0
277.21,2162.0
277.22,2004.0
277.24,1729.0
277.26,1506.0
277.27,1413.0
277.29,1263.0
277.31,1161.0
277.32,1128.0
277.34,1103.0
277.36,1135.0
277.37,1175.0
277.39,1305.0
277.41,1508.0
277.42,1636.0
277.44,1950.0
277.46,2334.0
277.47,2549.0
277.49,3019.0
277.5,3269.0
277.52,3785.0
277.54,4301.0
277.55,4551.0
277.57,5017.0
277.59,5417.0
277.6,5585.0
277.62,5847.0
277.64,6002.0
277.65,6038.0
277.67,6030.0
277.69,5925.0
277.7,5841.0
277.72,5625.0
277.74,5362.0
277.75,5221.0
277.77,4935.0
277.79,4660.0
277.8,4532.0
277.82,4302.0
277.83,4203.0
277.85,4040.0
277.87,3923.0
277.88,3881.0
277.9,3825.0
277.92,3801.0
277.93,3797.0
277.95,3801.0
277.97,3810.0
277.98,3813.0
278.0,3811.0
278.02,3793.0
278.03,3777.0
278.05,3728.0
278.07,3661.0
278.08,3621.0
278.1,3535.0
278.12,3448.0
278.13,3408.0
278.15,3338.0
278.17,3294.0
278.18,3284.0
278.2,3292.0
278.21,3313.0
278.23,3388.0
278.25,3511.0
278.26,3591.0
278.28,3787.0
278.3,4031.0
278.31,4170.0
278.33,4482.0
278.35,4833.0
278.36,5023.0
278.38,5424.0
278.4,5846.0
278.41,6061.0
278.43,6488.0
278.45,6895.0
278.46,7085.0
278.48,7422.0
278.5,7685.0
278.51,7782.0
278.53,7894.0
278.55,7888.0
278.56,7837.0
278.58,7641.0
278.59,7496.0
278.61,7122.0
278.63,6649.0
278.64,6383.0
278.66,5809.0
278.68,5204.0
278.69,4899.0
278.71,4302.0
278.73,3745.0
278.74,3488.0
278.76,3027.0
278.78,2649.0
278.79,2493.0
278.81,2253.0
278.83,2108.0
278.84,2072.0
278.86,2070.0
278.88,2163.0
278.89,2243.0
278.91,2472.0
278.93,2786.0
278.94,2973.0
278.96,3401.0
278.97,3640.0
278.99,4154.0
279.01,4700.0
279.02,4978.0
279.04,5525.0
279.06,6036.0
279.07,6269.0
279.09,6675.0
279.11,6985.0
279.12,7102.0
279.14,7265.0
279.16,7360.0
279.17,7398.0
279.19,7507.0
279.21,7758.0
279.22,7985.0
279.24,8767.0
279.26,10200.0
279.27,11250.0
279.29,14250.0
279.31,18790.0
279.32,21770.0
279.34,29480.0
279.35,34330.0
279.37,46290.0
279.39,61640.0
279.4,70680.0
279.42,91600.0
279.44,116200.0
279.45,129900.0
279.47,159400.0
279.49,191100.0
279.5,207400.0
279.52,240000.0
279.54,271200.0
279.55,285700.0
279.57,311400.0
279.59,331400.0
279.6,338800.0
279.62,347900.0
279.64,348900.0
279.65,346300.0
279.67,335600.0
279.68,327600.0
279.7,307200.0
279.72,282200.0
279.73,268600.0
279.75,240300.0
279.77,211700.0
279.78,197800.0
279.8,171600.0
279.82,147900.0
279.83,137300.0
279.85,118300.0
279.87,102400.0
279.88,95580.0
279.9,83730.0
279.92,74050.0
279.93,69900.0
279.95,62740.0
279.97,56950.0
279.98,54510.0
280.0,50570.0
280.02,47890.0
280.03,47060.0
280.05,46530.0
280.06,46860.0
280.08,48830.0
280.1,52620.0
280.11,55220.0
280.13,61810.0
280.15,70190.0
280.16,74990.0
280.18,85630.0
280.2,97300.0
280.21,103400.0
280.23,115600.0
280.25,127300.0
280.26,132800.0
280.28,142400.0
280.3,149800.0
280.31,152400.0
280.33,155300.0
280.35,154900.0
280.36,153300.0
280.38,147700.0
280.4,139100.0
280.41,133800.0
280.43,121700.0
280.44,115000.0
280.46,101000.0
280.48,86730.0
280.49,79720.0
280.51,66320.0
280.53,54110.0
280.54,48550.0
280.56,38640.0
280.58,30380.0
280.59,26840.0
280.61,20870.0
280.63,16220.0
280.64,14310.0
280.66,11200.0
280.68,8849.0
280.69,7899.0
280.71,6349.0
280.73,5156.0
280.74,4661.0
280.76,3829.0
280.78,3163.0
280.79,2880.0
280.81,2401.0
280.82,2200.0
280.84,1872.0
280.86,1634.0
280.87,1547.0
280.89,1437.0
280.91,1406.0
280.92,1419.0
280.94,1499.0
280.96,1645.0
280.97,1742.0
280.99,1978.0
281.01,2268.0
281.02,2433.0
281.04,2798.0
281.06,3213.0
281.07,3440.0
281.09,3937.0
281.11,4493.0
281.12,4796.0
281.14,5453.0
281.15,5808.0
281.17,6570.0
281.19,7398.0
281.2,7833.0
281.22,8734.0
281.24,9661.0
281.25,10130.0
281.27,11040.0
281.29,11920.0
281.3,12340.0
281.32,13110.0
281.34,13800.0
281.35,14110.0
281.37,14660.0
281.39,15110.0
281.4,15300.0
281.42,15620.0
281.44,15860.0
281.45,15950.0
281.47,16080.0
281.49,16110.0
281.5,16100.0
281.52,16000.0
281.53,15910.0
281.55,15650.0
281.57,15280.0
281.58,15040.0
281.6,14490.0
281.62,13830.0
281.63,13470.0
281.65,12670.0
281.67,11820.0
281.68,11370.0
281.7,10450.0
281.72,9530.0
281.73,9070.0
281.75,8164.0
281.77,7291.0
281.78,6869.0
281.8,6062.0
281.82,5307.0
281.83,4950.0
281.85,4280.0
281.87,3669.0
281.88,3385.0
281.9,2861.0
281.91,2620.0
281.93,2181.0
281.95,1795.0
281.96,1622.0
281.98,1313.0
282.0,1050.0
282.01,935.3
282.03,735.6
282.05,572.6
282.06,503.5
282.08,387.4
282.1,297.4
282.11,261.0
282.13,203.1
282.15,162.8
282.16,148.5
282.18,130.5
282.2,125.9
282.21,128.5
282.23,143.4
282.25,171.9
282.26,191.6
282.28,242.5
282.29,274.1
282.31,350.3
282.33,444.3
282.34,498.0
282.36,618.4
282.38,754.3
282.39,827.1
282.41,979.5
282.43,1136.0
282.44,1213.0
282.46,1362.0
282.48,1495.0
282.49,1553.0
282.51,1648.0
282.53,1709.0
282.54,1726.0
282.56,1731.0
282.58,1697.0
282.59,1666.0
282.61,1582.0
282.62,1529.0
282.64,1409.0
282.66,1276.0
282.67,1207.0
282.69,1072.0
282.71,946.1
282.72,888.6
282.74,788.1
282.76,710.0
282.77,680.0
282.79,638.9
282.81,622.6
282.82,623.5
282.84,642.7
282.86,684.2
282.87,712.9
282.89,786.3
282.91,881.1
282.92,936.7
282.94,1065.0
282.96,1217.0
282.97,1301.0
282.99,1488.0
283.0,1589.0
283.02,1806.0
283.04,2035.0
283.05,2153.0
283.07,2385.0
283.09,2605.0
283.1,2706.0
283.12,2883.0
283.14,3016.0
283.15,3063.0
283.17,3112.0
283.19,3099.0
283.2,3069.0
283.22,2964.0
283.24,2804.0
283.25,2707.0
283.27,2485.0
283.29,2237.0
283.3,2108.0
283.32,1847.0
283.34,1592.0
283.35,1470.0
283.37,1242.0
283.38,1138.0
283.4,953.5
283.42,800.9
283.43,737.1
283.45,634.0
283.47,561.8
283.48,536.3
283.5,504.2
283.52,493.3
283.53,494.2
283.55,505.4
283.57,524.8
283.58,536.0
283.6,558.3
283.62,577.3
283.63,584.5
283.65,592.8
283.67,592.1
283.68,588.2
283.7,574.0
283.72,552.6
283.73,539.9
283.75,512.6
283.76,498.7
283.78,473.0
283.8,452.8
283.81,445.8
283.83,439.9
283.85,447.0
283.86,456.0
283.88,485.9
283.9,532.0
283.91,561.1
283.93,630.7
283.95,713.9
283.96,759.6
283.98,857.2
284.0,958.7
284.01,1009.0
284.03,1107.0
284.05,1194.0
284.06,1232.0
284.08,1293.0
284.09,1315.0
284.11,1341.0
284.13,1339.0
284.14,1329.0
284.16,1288.0
284.18,1224.0
284.19,1185.0
284.21,1096.0
284.23,998.1
284.24,947.6
284.26,848.2
284.28,755.8
284.29,714.0
284.31,642.0
284.33,588.5
284.34,569.5
284.36,548.4
284.38,550.6
284.39,560.7
284.41,599.3
284.43,662.2
284.44,702.8
284.46,801.9
284.47,860.0
284.49,992.5
284.51,1144.0
284.52,1226.0
284.54,1397.0
284.56,1575.0
284.57,1663.0
284.59,1833.0
284.61,1986.0
284.62,2053.0
284.64,2165.0
284.66,2240.0
284.67,2263.0
284.69,2275.0
284.71,2245.0
284.72,2215.0
284.74,2130.0
284.76,2015.0
284.77,1949.0
284.79,1807.0
284.81,1658.0
284.82,1584.0
284.84,1443.0
284.85,1377.0
284.87,1259.0
284.89,1167.0
284.9,1133.0
284.92,1095.0
284.94,1105.0
284.95,1133.0
284.97,1244.0
284.99,1446.0
285.0,1588.0
285.02,1970.0
285.04,2504.0
285.05,2835.0
285.07,3636.0
285.09,4634.0
285.1,5208.0
285.12,6496.0
285.14,7951.0
285.15,8727.0
285.17,10340.0
285.19,11970.0
285.2,12770.0
285.22,14260.0
285.23,14930.0
285.25,16070.0
285.27,16880.0
285.28,17140.0
285.3,17350.0
285.32,17130.0
285.33,16860.0
285.35,16050.0
285.37,14900.0
285.38,14240.0
285.4,12760.0
285.42,11190.0
285.43,10390.0
285.45,8826.0
285.47,7364.0
285.48,6688.0
285.5,5469.0
285.52,4444.0
285.53,4005.0
285.55,3271.0
285.57,2712.0
285.58,2490.0
285.6,2145.0
285.61,2015.0
285.63,1819.0
285.65,1689.0
285.66,1642.0
285.68,1570.0
285.7,1516.0
285.71,1493.0
285.73,1449.0
285.75,1404.0
285.76,1380.0
285.78,1330.0
285.8,1276.0
285.81,1247.0
285.83,1187.0
285.85,1125.0
285.86,1092.0
285.88,1027.0
285.9,958.9
285.91,924.4
285.93,854.6
285.94,819.4
285.96,749.3
285.98,680.6
285.99,647.3
286.01,584.2
286.03,527.3
286.04,501.7
286.06,457.4
286.08,423.1
286.09,409.9
286.11,391.3
286.13,382.5
286.14,381.3
286.16,384.5
286.18,393.0
286.19,398.5
286.21,410.8
286.23,422.9
286.24,428.4
286.26,437.4
286.28,443.2
286.29,444.9
286.31,446.2
286.32,446.0
286.34,444.5
286.36,442.6
286.37,442.0
286.39,442.1
286.41,444.6
286.42,446.9
286.44,453.6
286.46,462.6
286.47,467.7
286.49,478.1
286.51,487.7
286.52,491.7
286.54,497.3
286.56,498.9
286.57,498.0
286.59,493.0
286.61,484.6
286.62,479.6
286.64,469.8
286.66,462.9
286.67,462.0
286.69,468.5
286.7,477.4
286.72,511.0
286.74,572.7
286.75,616.8
286.77,738.3
286.79,913.1
286.8,1024.0
286.82,1300.0
286.84,1657.0
286.85,1868.0
286.87,2360.0
286.89,2945.0
286.9,3270.0
286.92,3981.0
286.94,4755.0
286.95,5158.0
286.97,5976.0
286.99,6777.0
287.0,7159.0
287.02,7861.0
287.04,8447.0
287.05,8687.0
287.07,9046.0
287.08,9161.0
287.1,9261.0
287.12,9196.0
287.13,9109.0
287.15,8842.0
287.17,8484.0
287.18,8284.0
287.2,7869.0
287.22,7461.0
287.23,7270.0
287.25,6926.0
287.27,6640.0
287.28,6519.0
287.3,6315.0
287.32,6145.0
287.33,6066.0
287.35,5906.0
287.37,5723.0
287.38,5617.0
287.4,5367.0
287.41,5221.0
287.43,4886.0
287.45,4499.0
287.46,4288.0
287.48,3845.0
287.5,3386.0
287.51,3156.0
287.53,2708.0
287.55,2288.0
287.56,2093.0
287.58,1739.0
287.6,1440.0
287.61,1313.0
287.63,1103.0
287.65,955.5
287.66,906.0
287.68,857.3
287.7,880.2
287.71,921.0
287.73,1068.0
287.75,1313.0
287.76,1477.0
287.78,1900.0
287.79,2163.0
287.81,2806.0
287.83,3617.0
287.84,4090.0
287.86,5181.0
287.88,6470.0
287.89,7191.0
287.91,8787.0
287.93,10590.0
287.94,11570.0
287.96,13690.0
287.98,16010.0
287.99,17250.0
288.01,19890.0
288.03,22720.0
288.04,24210.0
288.06,27310.0
288.08,30530.0
288.09,32160.0
288.11,35400.0
288.13,38510.0
288.14,39970.0
288.16,42610.0
288.17,43740.0
288.19,45530.0
288.21,46580.0
288.22,46790.0
288.24,46550.0
288.26,45410.0
288.27,44520.0
288.29,42150.0
288.31,39120.0
288.32,37400.0
288.34,33710.0
288.36,29840.0
288.37,27910.0
288.39,24130.0
288.41,20630.0
288.42,19020.0
288.44,16130.0
288.46,13730.0
288.47,12720.0
288.49,11060.0
288.51,9867.0
288.52,9433.0
288.54,8853.0
288.55,8693.0
288.57,8595.0
288.59,8743.0
288.6,8891.0
288.62,9303.0
288.64,9829.0
288.65,10120.0
288.67,10740.0
288.69,11400.0
288.7,11740.0
288.72,12430.0
288.74,13160.0
288.75,13540.0
288.77,14400.0
288.79,15400.0
288.8,15980.0
288.82,17320.0
288.84,18940.0
288.85,19870.0
288.87,21970.0
288.88,23130.0
288.9,25640.0
288.92,28350.0
288.93,29730.0
288.95,32490.0
288.97,35090.0
288.98,36280.0
289.0,38360.0
289.02,39940.0
289.03,40500.0
289.05,41160.0
289.07,41170.0
289.08,40950.0
289.1,40080.0
289.12,38740.0
289.13,37930.0
289.15,36090.0
289.17,34080.0
289.18,33040.0
289.2,30940.0
289.22,28870.0
289.23,27850.0
289.25,25880.0
289.26,24920.0
289.28,23050.0
289.3,21220.0
289.31,20330.0
289.33,18540.0
289.35,16780.0
289.36,15910.0
289.38,14180.0
289.4,12500.0
289.41,11680.0
289.43,10120.0
289.45,8658.0
289.46,7978.0
289.48,6730.0
289.5,5643.0
289.51,5164.0
289.53,4335.0
289.55,3680.0
289.56,3417.0
289.58,3014.0
289.6,2769.0
289.61,2702.0
289.63,2674.0
289.64,2711.0
289.66,2878.0
289.68,3164.0
289.69,3349.0
289.71,3798.0
289.73,4347.0
289.74,4658.0
289.76,5345.0
289.78,6114.0
289.79,6527.0
289.81,7400.0
289.83,8324.0
289.84,8799.0
289.86,9762.0
289.88,10720.0
289.89,11190.0
289.91,12080.0
289.93,12890.0
289.94,13250.0
289.96,13870.0
289.98,14320.0
289.99,14480.0
290.01,14650.0
290.02,14650.0
290.04,14500.0
290.06,14150.0
290.07,13890.0
290.09,13240.0
290.11,12420.0
290.12,11960.0
290.14,10960.0
290.16,9890.0
290.17,9340.0
290.19,8240.0
290.21,7170.0
290.22,6658.0
290.24,5697.0
290.26,4841.0
290.27,4457.0
290.29,3784.0
290.31,3238.0
290.32,3011.0
290.34,2648.0
290.35,2508.0
290.37,2304.0
290.39,2189.0
290.4,2160.0
290.42,2154.0
290.44,2203.0
290.45,2246.0
290.47,2361.0
290.49,2508.0
290.5,2591.0
290.52,2774.0
290.54,2972.0
290.55,3076.0
290.57,3286.0
290.59,3496.0
290.6,3599.0
290.62,3793.0
290.64,3965.0
290.65,4039.0
290.67,4158.0
290.69,4229.0
290.7,4243.0
290.72,4227.0
290.73,4195.0
290.75,4081.0
290.77,3902.0
290.78,3789.0
290.8,3524.0
290.82,3214.0
290.83,3047.0
290.85,2696.0
290.87,2337.0
290.88,2158.0
290.9,1812.0
290.92,1490.0
290.93,1341.0
290.95,1070.0
290.97,837.1
290.98,736.0
291.0,563.2
291.02,427.8
291.03,373.1
291.05,287.3
291.07,229.6
291.08,210.0
291.1,187.5
291.11,183.7
291.13,189.8
291.15,212.4
291.16,229.3
291.18,273.5
291.2,330.4
291.21,363.1
291.23,435.7
291.25,515.6
291.26,557.4
291.28,642.4
291.3,725.5
291.31,765.1
291.33,837.2
291.35,896.6
291.36,920.2
291.38,953.7
291.4,966.9
291.41,965.7
291.43,947.8
291.45,910.6
291.46,885.7
291.48,825.2
291.49,790.7
291.51,715.8
291.53,636.7
291.54,596.9
291.56,519.2
291.58,446.3
291.59,412.5
291.61,351.1
291.63,298.8
291.64,276.2
291.66,237.9
291.68,208.5
291.69,196.8
291.71,179.0
291.73,167.5
291.74,163.8
291.76,159.6
291.78,158.8
291.79,159.3
291.81,161.4
291.83,164.2
291.84,165.6
291.86,168.1
291.87,169.1
291.89,170.3
291.91,170.8
291.92,170.8
291.94,171.2
291.96,172.8
291.97,174.5
291.99,181.0
292.01,193.1
292.02,202.0
292.04,227.0
292.06,263.6
292.07,287.1
292.09,345.5
292.11,420.8
292.12,465.1
292.14,567.4
292.16,687.0
292.17,752.9
292.19,894.4
292.2,969.1
292.22,1123.0
292.24,1276.0
292.25,1351.0
292.27,1491.0
292.29,1611.0
292.3,1661.0
292.32,1739.0
292.34,1782.0
292.35,1790.0
292.37,1778.0
292.39,1732.0
292.4,1697.0
292.42,1609.0
292.44,1503.0
292.45,1446.0
292.47,1332.0
292.49,1227.0
292.5,1180.0
292.52,1105.0
292.54,1061.0
292.55,1052.0
292.57,1063.0
292.58,1084.0
292.6,1154.0
292.62,1263.0
292.63,1329.0
292.65,1484.0
292.67,1661.0
292.68,1755.0
292.7,1948.0
292.72,2139.0
292.73,2231.0
292.75,2401.0
292.77,2549.0
292.78,2612.0
292.8,2714.0
292.82,2784.0
292.83,2807.0
292.85,2832.0
292.87,2833.0
292.88,2829.0
292.9,2818.0
292.92,2819.0
292.93,2833.0
292.95,2903.0
292.96,2970.0
292.98,3198.0
293.0,3603.0
293.01,3896.0
293.03,4721.0
293.05,5959.0
293.06,6773.0
293.08,8887.0
293.1,11780.0
293.11,13570.0
293.13,17940.0
293.15,23460.0
293.16,26690.0
293.18,34120.0
293.2,42810.0
293.21,47590.0
293.23,57890.0
293.25,68900.0
293.26,74540.0
293.28,85770.0
293.3,96450.0
293.31,101400.0
293.33,110100.0
293.34,113800.0
293.36,119300.0
293.38,122100.0
293.39,122500.0
293.41,121100.0
293.43,116900.0
293.44,113900.0
293.46,106200.0
293.48,96710.0
293.49,91500.0
293.51,80540.0
293.53,69340.0
293.54,63840.0
293.56,53330.0
293.58,43810.0
293.59,39520.0
293.61,32030.0
293.63,26130.0
293.64,23800.0
293.66,20430.0
293.67,19410.0
293.69,18710.0
293.71,19870.0
293.72,21170.0
293.74,25290.0
293.76,31520.0
293.77,35460.0
293.79,45030.0
293.81,56860.0
293.82,63590.0
293.84,78550.0
293.86,95210.0
293.87,104000.0
293.89,122200.0
293.91,140300.0
293.92,149100.0
293.94,165500.0
293.96,179600.0
293.97,185400.0
293.99,194200.0
294.01,198700.0
294.02,199200.0
294.04,196800.0
294.05,193900.0
294.07,185000.0
294.09,172300.0
294.1,164900.0
294.12,148400.0
294.14,130600.0
294.15,121400.0
294.17,103300.0
294.19,86110.0
294.2,78030.0
294.22,63210.0
294.24,50420.0
294.25,44820.0
294.27,35230.0
294.29,27660.0
294.3,24570.0
294.32,19600.0
294.34,16000.0
294.35,14620.0
294.37,12530.0
294.39,11110.0
294.4,10580.0
294.42,9752.0
294.43,9422.0
294.45,8850.0
294.47,8330.0
294.48,8074.0
294.5,7556.0
294.52,7040.0
294.53,6792.0
294.55,6348.0
294.57,6042.0
294.58,5971.0
294.6,6075.0
294.62,6640.0
294.63,7154.0
294.65,8790.0
294.67,11460.0
294.68,13280.0
294.7,18110.0
294.72,24810.0
294.73,28980.0
294.75,39170.0
294.77,52070.0
294.78,59610.0
294.8,76900.0
294.81,86630.0
294.83,108100.0
294.85,131900.0
294.86,144500.0
294.88,170300.0
294.9,196100.0
294.91,208600.0
294.93,231900.0
294.95,252000.0
294.96,260300.0
294.98,273100.0
295.0,279900.0
295.01,280900.0
295.03,278100.0
295.05,269100.0
295.06,262400.0
295.08,245300.0
295.1,224100.0
295.11,212400.0
295.13,187700.0
295.14,175000.0
295.16,149700.0
295.18,125300.0
295.19,113800.0
295.21,92440.0
295.23,73660.0
295.24,65310.0
295.26,50710.0
295.28,38790.0
295.29,33770.0
295.31,25400.0
295.33,18990.0
295.34,16410.0
295.36,12280.0
295.38,9279.0
295.39,8113.0
295.41,6306.0
295.43,5037.0
295.44,4554.0
295.46,3814.0
295.48,3294.0
295.49,3092.0
295.51,2772.0
295.52,2642.0
295.54,2424.0
295.56,2242.0
295.57,2159.0
295.59,2005.0
295.61,1860.0
295.62,1790.0
295.64,1656.0
295.66,1531.0
295.67,1472.0
295.69,1364.0
295.71,1272.0
295.72,1233.0
295.74,1171.0
295.76,1132.0
295.77,1121.0
295.79,1115.0
295.81,1129.0
295.82,1143.0
295.84,1181.0
295.86,1228.0
295.87,1254.0
295.89,1306.0
295.9,1330.0
295.92,1373.0
295.94,1406.0
295.95,1416.0
295.97,1426.0
295.99,1421.0
296.0,1412.0
296.02,1384.0
296.04,1345.0
296.05,1323.0
296.07,1273.0
296.09,1221.0
296.1,1195.0
296.12,1145.0
296.14,1098.0
296.15,1077.0
296.17,1037.0
296.19,1002.0
296.2,984.8
296.22,952.0
296.24,919.2
296.25,902.3
296.27,867.1
296.28,848.8
296.3,811.2
296.32,773.2
296.33,754.7
296.35,720.5
296.37,692.1
296.38,681.1
296.4,666.9
296.42,665.2
296.43,669.4
296.45,688.7
296.47,722.3
296.48,744.1
296.5,796.9
296.52,859.8
296.53,894.1
296.55,966.5
296.57,1041.0
296.58,1078.0
296.6,1148.0
296.61,1181.0
296.63,1240.0
296.65,1288.0
296.66,1307.0
296.68,1334.0
296.7,1346.0
296.71,1346.0
296.73,1334.0
296.75,1309.0
296.76,1292.0
296.78,1251.0
296.8,1205.0
296.81,1182.0
296.83,1139.0
296.85,1106.0
296.86,1096.0
296.88,1090.0
296.9,1109.0
296.91,1130.0
296.93,1194.0
296.95,1289.0
296.96,1348.0
296.98,1485.0
296.99,1562.0
297.01,1727.0
297.03,1899.0
297.04,1985.0
297.06,2145.0
297.08,2284.0
297.09,2342.0
297.11,2430.0
297.13,2474.0
297.14,2480.0
297.16,2456.0
297.18,2390.0
297.19,2342.0
297.21,2223.0
297.23,2080.0
297.24,2002.0
297.26,1841.0
297.28,1680.0
297.29,1602.0
297.31,1454.0
297.33,1323.0
297.34,1264.0
297.36,1161.0
297.37,1118.0
297.39,1047.0
297.41,997.8
297.42,981.6
297.44,966.7
297.46,976.8
297.47,992.0
297.49,1044.0
297.51,1128.0
297.52,1182.0
297.54,1315.0
297.56,1481.0
297.57,1575.0
297.59,1782.0
297.61,2007.0
297.62,2123.0
297.64,2354.0
297.66,2572.0
297.67,2672.0
297.69,2844.0
297.71,2970.0
297.72,3013.0
297.74,3052.0
297.75,3047.0
297.77,2991.0
297.79,2874.0
297.8,2795.0
297.82,2602.0
297.84,2373.0
297.85,2248.0
297.87,1990.0
297.89,1728.0
297.9,1599.0
297.92,1354.0
297.94,1130.0
297.95,1029.0
297.97,846.6
297.99,694.9
298.0,630.2
298.02,522.2
298.04,440.6
298.05,408.7
298.07,360.8
298.09,331.5
298.1,323.0
298.12,316.9
298.13,319.0
298.15,332.6
298.17,358.6
298.18,376.4
298.2,422.5
298.22,483.8
298.23,521.0
298.25,610.3
298.27,722.2
298.28,787.6
298.3,939.5
298.32,1122.0
298.33,1225.0
298.35,1455.0
298.37,1717.0
298.38,1858.0
298.4,2160.0
298.42,2478.0
298.43,2641.0
298.45,2966.0
298.46,3124.0
298.48,3424.0
298.5,3689.0
298.51,3804.0
298.53,3991.0
298.55,4111.0
298.56,4144.0
298.58,4154.0
298.6,4090.0
298.61,4032.0
298.63,3867.0
298.65,3648.0
298.66,3523.0
298.68,3249.0
298.7,2957.0
298.71,2809.0
298.73,2515.0
298.75,2234.0
298.76,2101.0
298.78,1853.0
298.8,1632.0
298.81,1531.0
298.83,1349.0
298.84,1268.0
298.86,1121.0
298.88,993.6
298.89,936.2
298.91,832.2
298.93,740.5
298.94,698.6
298.96,622.0
298.98,554.1
298.99,523.3
299.01,467.9
299.03,420.4
299.04,399.7
299.06,364.3
299.08,336.9
299.09,326.3
299.11,311.4
299.13,305.2
299.14,305.5
299.16,313.1
299.18,330.8
299.19,343.7
299.21,377.7
299.22,399.0
299.24,450.3
299.26,513.1
299.27,548.6
299.29,627.0
299.31,713.6
299.32,759.1
299.34,852.6
299.36,946.1
299.37,991.4
299.39,1077.0
299.41,1151.0
299.42,1182.0
299.44,1232.0
299.46,1260.0
299.47,1267.0
299.49,1262.0
299.51,1234.0
299.52,1212.0
299.54,1152.0
299.56,1077.0
299.57,1034.0
299.59,940.2
299.6,891.0
299.62,790.6
299.64,691.1
299.65,642.9
299.67,551.7
299.69,469.4
299.7,432.2
299.72,366.5
299.74,312.7
299.75,290.2
299.77,254.1
299.79,229.2
299.8,220.6
299.82,211.0
299.84,210.7
299.85,213.8
299.87,226.3
299.89,246.6
299.9,259.6
299.92,290.9
299.93,309.1
299.95,350.5
299.97,398.0
299.98,423.8
300.0,479.2
300.02,538.9
300.03,570.2
300.05,634.9
300.07,701.9
300.08,736.0
300.1,804.9
300.12,874.0
300.13,908.4
300.15,976.1
300.17,1042.0
300.18,1073.0
300.2,1133.0
300.22,1186.0
300.23,1210.0
300.25,1251.0
300.27,1280.0
300.28,1290.0
300.3,1297.0
300.31,1295.0
300.33,1278.0
300.35,1242.0
300.36,1218.0
300.38,1157.0
300.4,1082.0
300.41,1039.0
300.43,946.7
300.45,848.2
300.46,797.9
300.48,698.0
300.5,602.3
300.51,557.2
300.53,474.3
300.55,403.3
300.56,372.8
300.58,322.5
300.6,286.7
300.61,274.2
300.63,259.7
300.65,258.2
300.66,261.9
300.68,277.0
300.69,288.0
300.71,315.6
300.73,348.8
300.74,366.9
300.76,404.4
300.78,442.0
300.79,460.2
300.81,494.4
300.83,524.2
300.84,537.1
300.86,558.2
300.88,573.0
300.89,578.0
300.91,583.5
300.93,583.6
300.94,582.1
300.96,576.6
300.98,569.0
300.99,565.0
301.01,557.2
301.03,550.7
301.04,548.3
301.06,545.2
301.07,544.5
301.09,544.9
301.11,546.7
301.12,547.8
301.14,549.7
301.16,549.6
301.17,548.4
301.19,542.7
301.21,531.5
301.22,523.7
301.24,503.1
301.26,476.1
301.27,460.4
301.29,425.1
301.31,385.8
301.32,365.2
301.34,323.4
301.36,282.1
301.37,262.3
301.39,225.6
301.4,209.0
301.42,180.3
301.44,158.5
301.45,150.5
301.47,140.4
301.49,138.5
301.5,140.5
301.52,150.5
301.54,167.9
301.55,179.0
301.57,205.6
301.59,237.0
301.6,254.1
301.62,290.5
301.64,328.8
301.65,348.4
301.67,388.6
301.69,430.4
301.7,452.3
301.72,499.6
301.74,554.2
301.75,585.7
301.77,660.5
301.78,705.4
301.8,814.7
301.82,956.0
301.83,1041.0
301.85,1243.0
301.87,1493.0
301.88,1637.0
301.9,1963.0
301.92,2338.0
301.93,2541.0
301.95,2975.0
301.97,3431.0
301.98,3663.0
302.0,4122.0
302.02,4556.0
302.03,4757.0
302.05,5113.0
302.07,5390.0
302.08,5495.0
302.1,5627.0
302.12,5650.0
302.13,5621.0
302.15,5481.0
302.16,5372.0
302.18,5087.0
302.2,4724.0
302.21,4519.0
302.23,4076.0
302.25,3607.0
302.26,3370.0
302.28,2900.0
302.3,2451.0
302.31,2239.0
302.33,1846.0
302.35,1501.0
302.36,1348.0
302.38,1081.0
302.4,865.5
302.41,776.2
302.43,631.7
302.45,528.1
302.46,489.8
302.48,436.4
302.5,408.6
302.51,402.5
302.53,402.4
302.54,407.0
302.56,422.9
302.58,444.3
302.59,455.9
302.61,479.3
302.63,501.5
302.64,511.8
302.66,530.8
302.68,548.3
302.69,557.1
302.71,576.4
302.73,601.0
302.74,616.7
302.76,657.9
302.78,717.1
302.79,755.3
302.81,853.1
302.83,984.8
302.84,1066.0
302.86,1261.0
302.87,1378.0
302.89,1652.0
302.91,1987.0
302.92,2179.0
302.94,2612.0
302.96,3114.0
302.97,3391.0
302.99,3990.0
303.01,4644.0
303.02,4988.0
303.04,5694.0
303.06,6406.0
303.07,6755.0
303.09,7419.0
303.11,8011.0
303.12,8269.0
303.14,8689.0
303.16,8960.0
303.17,9034.0
303.19,9051.0
303.21,8892.0
303.22,8751.0
303.24,8354.0
303.25,8106.0
303.27,7532.0
303.29,6888.0
303.3,6553.0
303.32,5887.0
303.34,5260.0
303.35,4973.0
303.37,4473.0
303.39,4091.0
303.4,3950.0
303.42,3772.0
303.44,3731.0
303.45,3759.0
303.47,3903.0
303.49,4143.0
303.5,4290.0
303.52,4622.0
303.54,4977.0
303.55,5155.0
303.57,5492.0
303.59,5789.0
303.6,5919.0
303.62,6133.0
303.63,6218.0
303.65,6347.0
303.67,6430.0
303.68,6459.0
303.7,6505.0
303.72,6548.0
303.73,6575.0
303.75,6645.0
303.77,6744.0
303.78,6806.0
303.8,6947.0
303.82,7104.0
303.83,7183.0
303.85,7328.0
303.87,7437.0
303.88,7470.0
303.9,7482.0
303.92,7408.0
303.93,7334.0
303.95,7113.0
303.97,6794.0
303.98,6600.0
304.0,6154.0
304.01,5905.0
304.03,5371.0
304.05,4807.0
304.06,4521.0
304.08,3954.0
304.1,3412.0
304.11,3155.0
304.13,2678.0
304.15,2258.0
304.16,2072.0
304.18,1749.0
304.2,1491.0
304.21,1386.0
304.23,1223.0
304.25,1117.0
304.26,1083.0
304.28,1052.0
304.3,1063.0
304.31,1083.0
304.33,1147.0
304.35,1239.0
304.36,1294.0
304.38,1418.0
304.39,1486.0
304.41,1632.0
304.43,1785.0
304.44,1863.0
304.46,2020.0
304.48,2173.0
304.49,2247.0
304.51,2387.0
304.53,2514.0
304.54,2572.0
304.56,2674.0
304.58,2756.0
304.59,2789.0
304.61,2839.0
304.63,2867.0
304.64,2873.0
304.66,2868.0
304.68,2843.0
304.69,2823.0
304.71,2770.0
304.72,2737.0
304.74,2661.0
304.76,2573.0
304.77,2526.0
304.79,2430.0
304.81,2335.0
304.82,2290.0
304.84,2210.0
304.86,2150.0
304.87,2130.0
304.89,2117.0
304.91,2144.0
304.92,2176.0
304.94,2277.0
304.96,2432.0
304.97,2530.0
304.99,2762.0
305.01,3039.0
305.02,3190.0
305.04,3510.0
305.06,3838.0
305.07,4000.0
305.09,4304.0
305.1,4442.0
305.12,4678.0
305.14,4847.0
305.15,4901.0
305.17,4946.0
305.19,4903.0
305.2,4848.0
305.22,4676.0
305.24,4431.0
305.25,4286.0
305.27,3959.0
305.29,3602.0
305.3,3417.0
305.32,3047.0
305.34,2691.0
305.35,2522.0
305.37,2209.0
305.39,1934.0
305.4,1813.0
305.42,1602.0
305.44,1431.0
305.45,1359.0
305.47,1239.0
305.48,1190.0
305.5,1107.0
305.52,1040.0
305.53,1011.0
305.55,958.5
305.57,911.6
305.58,889.7
305.6,848.9
305.62,813.4
305.63,798.3
305.65,775.4
305.67,765.3
305.68,766.2
305.7,782.3
305.72,820.1
305.73,848.0
305.75,922.8
305.77,1024.0
305.78,1083.0
305.8,1221.0
305.82,1380.0
305.83,1465.0
305.85,1645.0
305.86,1737.0
305.88,1920.0
305.9,2095.0
305.91,2176.0
305.93,2319.0
305.95,2430.0
305.96,2471.0
305.98,2520.0
306.0,2522.0
306.01,2506.0
306.03,2439.0
306.05,2329.0
306.06,2261.0
306.08,2101.0
306.1,1919.0
306.11,1822.0
306.13,1625.0
306.15,1428.0
306.16,1333.0
306.18,1153.0
306.19,1069.0
306.21,915.6
306.23,782.5
306.24,723.7
306.26,620.8
306.28,535.8
306.29,499.4
306.31,436.7
306.33,385.7
306.34,363.8
306.36,326.3
306.38,296.1
306.39,283.5
306.41,263.0
306.43,248.9
306.44,244.4
306.46,240.7
306.48,244.4
306.49,249.1
306.51,264.1
306.53,286.4
306.54,300.1
306.56,331.9
306.57,349.7
306.59,387.8
306.61,427.9
306.62,448.0
306.64,486.9
306.66,522.6
306.67,538.5
306.69,565.7
306.71,585.5
306.72,592.4
306.74,599.9
306.76,599.4
306.77,596.4
306.79,585.6
306.81,570.2
306.82,561.4
306.84,543.3
306.86,526.9
306.87,520.2
306.89,511.4
306.91,510.9
306.92,514.4
306.94,529.5
306.95,541.5
306.97,574.0
306.99,617.4
307.0,642.7
307.02,699.1
307.04,760.4
307.05,791.8
307.07,853.8
307.09,911.4
307.1,937.4
307.12,981.9
307.14,1014.0
307.15,1025.0
307.17,1037.0
307.19,1034.0
307.2,1027.0
307.22,1006.0
307.24,973.5
307.25,954.4
307.27,911.9
307.29,865.5
307.3,841.5
307.32,793.2
307.33,769.3
307.35,722.3
307.37,677.2
307.38,655.5
307.4,613.7
307.42,574.1
307.43,555.2
307.45,519.2
307.47,485.7
307.48,470.0
307.5,440.9
307.52,415.2
307.53,403.8
307.55,384.0
307.57,368.3
307.58,362.0
307.6,352.2
307.62,346.0
307.63,344.0
307.65,341.8
307.66,341.5
307.68,341.8
307.7,343.0
307.71,343.7
307.73,345.3
307.75,346.9
307.76,347.8
307.78,350.0
307.8,353.7
307.81,356.5
307.83,365.1
307.85,379.9
307.86,390.6
307.88,421.1
307.9,468.0
307.91,499.5
307.93,583.4
307.95,702.3
307.96,777.9
307.98,968.5
308.0,1221.0
308.01,1375.0
308.03,1742.0
308.04,1959.0
308.06,2463.0
308.08,3063.0
308.09,3400.0
308.11,4140.0
308.13,4959.0
308.14,5391.0
308.16,6285.0
308.18,7187.0
308.19,7629.0
308.21,8467.0
308.23,9208.0
308.24,9529.0
308.26,10050.0
308.28,10370.0
308.29,10460.0
308.31,10470.0
308.33,10260.0
308.34,10080.0
308.36,9571.0
308.38,8903.0
308.39,8520.0
308.41,7684.0
308.42,7242.0
308.44,6336.0
308.46,5433.0
308.47,4995.0
308.49,4160.0
308.51,3401.0
308.52,3054.0
308.54,2431.0
308.56,1902.0
308.57,1673.0
308.59,1279.0
308.61,965.1
308.62,834.3
308.64,618.2
308.66,453.7
308.67,387.4
308.69,281.1
308.71,203.0
308.72,172.3
308.74,124.2
308.76,90.04
308.77,77.13
308.79,58.06
308.8,51.46
308.82,43.51
308.84,42.4
308.85,44.59
308.87,55.43
308.89,77.15
308.9,93.32
308.92,139.7
308.94,211.3
308.95,259.5
308.97,388.2
308.99,572.8
309.0,691.4
309.02,994.2
309.04,1403.0
309.05,1655.0
309.07,2268.0
309.09,3047.0
309.1,3506.0
309.12,4568.0
309.13,5174.0
309.15,6536.0
309.17,8087.0
309.18,8925.0
309.2,10700.0
309.22,12560.0
309.23,13500.0
309.25,15350.0
309.27,17090.0
309.28,17890.0
309.3,19300.0
309.32,20370.0
309.33,20760.0
309.35,21230.0
309.37,21250.0
309.38,21090.0
309.4,20440.0
309.42,19400.0
309.43,18750.0
309.45,17240.0
309.47,15510.0
309.48,14600.0
309.5,12740.0
309.51,11800.0
309.53,9984.0
309.55,8280.0
309.56,7487.0
309.58,6039.0
309.6,4792.0
309.61,4245.0
309.63,3303.0
309.65,2551.0
309.66,2239.0
309.68,1730.0
309.7,1352.0
309.71,1203.0
309.73,972.3
309.75,810.1
309.76,748.8
309.78,655.1
309.8,589.4
309.81,563.8
309.83,522.3
309.85,489.6
309.86,475.5
309.88,450.7
309.89,439.7
309.91,420.3
309.93,404.6
309.94,398.2
309.96,388.2
309.98,382.0
309.99,380.2
310.01,378.7
310.03,379.2
310.04,379.8
310.06,380.9
310.08,380.8
310.09,379.9
310.11,375.7
310.13,367.8
310.14,362.3
310.16,348.1
310.18,329.8
310.19,319.4
310.21,296.3
310.23,271.2
310.24,258.3
310.26,232.4
310.27,219.7
310.29,195.5
310.31,173.7
310.32,164.0
310.34,147.2
310.36,134.3
310.37,129.4
310.39,122.7
310.41,120.1
310.42,120.2
310.44,123.2
310.46,129.3
310.47,133.4
310.49,143.3
310.51,155.0
310.52,161.4
310.54,174.5
310.56,187.8
310.57,194.3
310.59,206.6
310.61,217.7
310.62,222.6
310.64,231.0
310.65,234.5
310.67,239.9
310.69,243.5
310.7,244.7
310.72,246.1
310.74,246.7
310.75,246.8
310.77,247.3
310.79,248.5
310.8,249.6
310.82,252.9
310.84,258.1
310.85,261.5
310.87,269.7
310.89,279.7
310.9,285.3
310.92,297.3
310.94,309.9
310.95,316.3
310.97,328.8
310.98,334.7
311.0,345.6
311.02,354.7
311.03,358.5
311.05,364.3
311.07,367.7
311.08,368.4
311.1,367.9
311.12,365.0
311.13,362.6
311.15,356.4
311.17,348.5
311.18,343.9
311.2,334.2
311.22,323.8
311.23,318.5
311.25,308.3
311.27,298.8
311.28,294.5
311.3,286.9
311.32,281.1
311.33,278.8
311.35,275.8
311.36,274.9
311.38,274.6
311.4,275.8
311.41,276.8
311.43,279.8
311.45,283.4
311.46,285.3
311.48,289.1
311.5,292.8
311.51,294.4
311.53,297.1
311.55,298.8
311.56,299.3
311.58,299.4
311.6,298.2
311.61,297.2
311.63,294.0
311.65,289.6
311.66,286.9
311.68,280.5
311.7,273.0
311.71,268.8
311.73,259.7
311.74,254.9
311.76,244.6
311.78,233.7
311.79,228.1
311.81,216.6
311.83,205.0
311.84,199.1
311.86,187.4
311.88,176.0
311.89,170.4
311.91,159.6
311.93,149.6
311.94,145.0
311.96,136.6
311.98,129.7
311.99,126.9
312.01,123.0
312.03,121.5
312.04,121.8
312.06,124.8
312.08,131.3
312.09,136.1
312.11,148.6
312.12,156.5
312.14,175.7
312.16,199.5
312.17,213.1
312.19,243.5
312.21,277.9
312.22,296.4
312.24,335.3
312.26,375.9
312.27,396.4
312.29,437.0
312.31,475.8
312.32,494.1
312.34,527.6
312.36,556.0
312.37,568.1
312.39,587.4
312.41,600.1
312.42,604.0
312.44,607.1
312.45,606.4
312.47,601.0
312.49,590.9
312.5,584.3
312.52,568.5
312.54,549.9
312.55,539.7
312.57,517.7
312.59,493.7
312.6,481.1
312.62,454.7
312.64,426.9
312.65,412.5
312.67,383.0
312.69,353.0
312.7,338.0
312.72,308.9
312.74,281.7
312.75,269.4
312.77,248.3
312.79,234.2
312.8,230.5
312.82,232.0
312.83,238.1
312.85,263.6
312.87,311.1
312.88,344.6
312.9,435.1
312.92,561.5
312.93,640.0
312.95,830.9
312.97,1071.0
312.98,1210.0
313.0,1527.0
313.02,1893.0
313.03,2094.0
313.05,2524.0
313.07,2983.0
313.08,3219.0
313.1,3690.0
313.12,4144.0
313.13,4358.0
313.15,4745.0
313.17,5062.0
313.18,5187.0
313.2,5365.0
313.21,5414.0
313.23,5429.0
313.25,5334.0
313.26,5246.0
313.28,4999.0
313.3,4668.0
313.31,4477.0
313.33,4056.0
313.35,3603.0
313.36,3371.0
313.38,2908.0
313.4,2462.0
313.41,2249.0
313.43,1853.0
313.45,1502.0
313.46,1344.0
313.48,1064.0
313.5,833.1
313.51,734.4
313.53,568.1
313.55,438.6
313.56,385.8
313.58,300.4
313.59,266.3
313.61,212.3
313.63,173.2
313.64,157.9
313.66,133.8
313.68,116.1
313.69,109.0
313.71,97.24
313.73,87.74
313.74,83.56
313.76,76.0
313.78,69.16
313.79,65.95
313.81,59.82
313.83,54.07
313.84,51.32
313.86,46.09
313.88,41.24
313.89,38.96
313.91,34.73
313.92,32.78
313.94,29.26
313.96,26.26
313.97,24.97
313.99,22.85
314.01,21.38
314.02,20.9
314.04,20.49
314.06,20.85
314.07,21.34
314.09,22.95
314.11,25.46
314.12,27.06
314.14,30.96
314.16,35.8
314.17,38.57
314.19,44.81
314.21,51.9
314.22,55.75
314.24,63.96
314.26,72.73
314.27,77.28
314.29,86.54
314.3,91.2
314.32,100.4
314.34,109.3
314.35,113.5
314.37,121.2
314.39,127.9
314.4,130.8
314.42,135.5
314.44,138.6
314.45,139.6
314.47,140.2
314.49,139.2
314.5,138.1
314.52,134.9
314.54,130.6
314.55,128.1
314.57,122.9
314.59,117.8
314.6,115.4
314.62,111.3
314.64,108.6
314.65,108.0
314.67,108.5
314.68,109.6
314.7,113.9
314.72,120.9
314.73,125.4
314.75,136.1
314.77,148.9
314.78,155.8
314.8,170.2
314.82,184.8
314.83,191.8
314.85,204.8
314.87,215.6
314.88,220.0
314.9,226.3
314.92,229.0
314.93,229.0
314.95,226.1
314.97,219.8
314.98,215.4
315.0,204.8
315.02,192.2
315.03,185.4
315.05,171.4
315.06,164.4
315.08,150.8
315.1,138.5
315.11,133.0
315.13,123.6
315.15,116.6
315.16,114.2
315.18,111.5
315.2,111.8
315.21,113.1
315.23,118.1
315.25,126.1
315.26,131.2
315.28,143.5
315.3,158.5
315.31,166.9
315.33,185.2
315.35,205.1
315.36,215.5
315.38,236.6
315.39,247.2
315.41,268.1
315.43,288.0
315.44,297.4
315.46,315.0
315.48,331.4
315.49,339.2
315.51,355.2
315.53,373.4
315.54,384.2
315.56,411.8
315.58,451.6
315.59,478.1
315.61,548.6
315.63,649.9
315.64,714.9
315.66,880.1
315.68,1101.0
315.69,1235.0
315.71,1556.0
315.73,1954.0
315.74,2183.0
315.76,2703.0
315.77,2993.0
315.79,3627.0
315.81,4323.0
315.82,4688.0
315.84,5439.0
315.86,6192.0
315.87,6559.0
315.89,7254.0
315.91,7865.0
315.92,8129.0
315.94,8554.0
315.96,8824.0
315.97,8895.0
315.99,8904.0
316.01,8737.0
316.02,8590.0
316.04,8180.0
316.06,7637.0
316.07,7325.0
316.09,6640.0
316.11,5904.0
316.12,5528.0
316.14,4777.0
316.15,4410.0
316.17,3707.0
316.19,3061.0
316.2,2764.0
316.22,2227.0
316.24,1766.0
316.25,1564.0
316.27,1215.0
316.29,933.3
316.3,815.0
316.32,618.0
316.34,466.3
316.35,404.7
316.37,305.0
316.39,230.7
316.4,201.3
316.42,154.4
316.44,120.2
316.45,106.9
316.47,86.02
316.49,71.37
316.5,65.92
316.52,58.12
316.53,55.57
316.55,52.82
316.57,52.89
316.58,53.89
316.6,57.67
316.62,63.68
316.63,67.47
316.65,76.49
316.67,87.22
316.68,93.14
316.7,105.9
316.72,119.5
316.73,126.5
316.75,140.4
316.77,154.0
316.78,160.4
316.8,172.1
316.82,181.9
316.83,186.0
316.85,192.1
316.87,195.3
316.88,195.8
316.9,194.5
316.91,192.7
316.93,187.1
316.95,179.0
316.96,174.1
316.98,163.3
317.0,151.2
317.01,145.0
317.03,132.3
317.05,119.7
317.06,113.6
317.08,102.0
317.1,91.46
317.11,86.58
317.13,77.69
317.15,69.96
317.16,66.51
317.18,60.39
317.2,55.22
317.21,52.96
317.23,49.04
317.24,47.36
317.26,44.56
317.28,42.52
317.29,41.81
317.31,41.06
317.33,41.36
317.34,41.96
317.36,44.22
317.38,48.06
317.39,50.67
317.41,57.41
317.43,66.42
317.44,71.87
317.46,84.89
317.48,101.1
317.49,110.6
317.51,133.0
317.53,160.9
317.54,177.5
317.56,217.6
317.58,269.9
317.59,302.1
317.61,382.4
317.62,432.4
317.64,558.0
317.66,727.1
317.67,832.0
317.69,1092.0
317.71,1431.0
317.72,1636.0
317.74,2127.0
317.76,2737.0
317.77,3091.0
317.79,3902.0
317.81,4852.0
317.82,5378.0
317.84,6524.0
317.86,7775.0
317.87,8432.0
317.89,9779.0
317.91,11130.0
317.92,11790.0
317.94,13050.0
317.96,14170.0
317.97,14660.0
317.99,15480.0
318.0,15790.0
318.02,16200.0
318.04,16310.0
318.05,16260.0
318.07,15930.0
318.09,15320.0
318.1,14930.0
318.12,14000.0
318.14,12900.0
318.15,12310.0
318.17,11070.0
318.19,9804.0
318.2,9175.0
318.22,7952.0
318.24,6799.0
318.25,6257.0
318.27,5252.0
318.29,4358.0
318.3,3954.0
318.32,3232.0
318.34,2617.0
318.35,2347.0
318.37,1877.0
318.38,1674.0
318.4,1325.0
318.42,1043.0
318.43,923.5
318.45,722.6
318.47,565.1
318.48,500.2
318.5,394.2
318.52,315.1
318.53,284.0
318.55,236.3
318.57,204.5
318.58,193.7
318.6,180.1
318.62,175.4
318.63,175.7
318.65,180.1
318.67,188.2
318.68,193.1
318.7,203.7
318.71,209.1
318.73,219.2
318.75,227.7
318.76,231.1
318.78,235.9
318.8,237.8
318.81,237.5
318.83,234.9
318.85,229.6
318.86,226.0
318.88,217.5
318.9,207.6
318.91,202.3
318.93,191.5
318.95,180.7
318.96,175.5
318.98,165.7
319.0,157.1
319.01,153.4
319.03,147.2
319.05,143.0
319.06,141.6
319.08,140.8
319.09,141.4
319.11,144.7
319.13,151.1
319.14,155.7
319.16,167.8
319.18,184.3
319.19,194.4
319.21,218.6
319.23,248.8
319.24,266.4
319.26,307.1
319.28,356.2
319.29,384.2
319.31,447.9
319.33,523.4
319.34,566.0
319.36,661.9
319.38,773.3
319.39,835.3
319.41,972.3
319.43,1127.0
319.44,1210.0
319.46,1389.0
319.47,1483.0
319.49,1679.0
319.51,1881.0
319.52,1982.0
319.54,2178.0
319.56,2362.0
319.57,2446.0
319.59,2592.0
319.61,2705.0
319.62,2746.0
319.64,2796.0
319.66,2799.0
319.67,2784.0
319.69,2719.0
319.71,2614.0
319.72,2549.0
319.74,2397.0
319.76,2227.0
319.77,2138.0
319.79,1962.0
319.81,1796.0
319.82,1720.0
319.84,1588.0
319.85,1534.0
319.87,1456.0
319.89,1418.0
319.9,1416.0
319.92,1443.0
319.94,1510.0
319.95,1558.0
319.97,1676.0
319.99,1818.0
320.0,1896.0
320.02,2057.0
320.04,2218.0
320.05,2296.0
320.07,2442.0
320.09,2568.0
320.1,2623.0
320.12,2715.0
320.14,2784.0
320.15,2810.0
320.17,2850.0
320.18,2866.0
320.2,2890.0
320.22,2912.0
320.23,2925.0
320.25,2955.0
320.27,2994.0
320.28,3018.0
320.3,3072.0
320.32,3131.0
320.33,3161.0
320.35,3217.0
320.37,3260.0
320.38,3275.0
320.4,3285.0
320.42,3263.0
320.43,3239.0
320.45,3164.0
320.47,3050.0
320.48,2980.0
320.5,2814.0
320.52,2620.0
320.53,2515.0
320.55,2292.0
320.56,2177.0
320.58,1943.0
320.6,1710.0
320.61,1597.0
320.63,1379.0
320.65,1177.0
320.66,1082.0
320.68,907.8
320.7,754.1
320.71,685.0
320.73,562.0
320.75,458.6
320.76,413.7
320.78,336.9
320.8,275.9
320.81,250.8
320.83,210.5
320.85,182.4
320.86,172.4
320.88,160.1
320.9,157.0
320.91,158.6
320.93,167.6
320.94,174.9
320.96,194.4
320.98,220.0
320.99,234.9
321.01,268.4
321.03,306.6
321.04,327.2
321.06,371.3
321.08,419.1
321.09,444.3
321.11,497.4
321.13,554.2
321.14,584.0
321.16,646.5
321.18,713.0
321.19,747.8
321.21,820.2
321.23,896.2
321.24,935.3
321.26,1015.0
321.28,1096.0
321.29,1137.0
321.31,1218.0
321.32,1258.0
321.34,1337.0
321.36,1415.0
321.37,1454.0
321.39,1534.0
321.41,1620.0
321.42,1666.0
321.44,1770.0
321.46,1895.0
321.47,1967.0
321.49,2138.0
321.51,2347.0
321.52,2468.0
321.54,2745.0
321.56,3068.0
321.57,3246.0
321.59,3631.0
321.61,4044.0
321.62,4257.0
321.64,4683.0
321.65,4892.0
321.67,5287.0
321.69,5632.0
321.7,5780.0
321.72,6013.0
321.74,6149.0
321.75,6178.0
321.77,6152.0
321.79,6015.0
321.8,5907.0
321.82,5618.0
321.84,5246.0
321.85,5034.0
321.87,4573.0
321.89,4080.0
321.9,3829.0
321.92,3328.0
321.94,2847.0
321.95,2618.0
321.97,2191.0
321.99,1812.0
322.0,1641.0
322.02,1340.0
322.03,1209.0
322.05,984.1
322.07,805.6
322.08,731.9
322.1,612.0
322.12,523.5
322.13,489.1
322.15,436.3
322.17,400.7
322.18,387.8
322.2,369.6
322.22,358.5
322.23,354.7
322.25,349.4
322.27,345.8
322.28,344.3
322.3,341.4
322.32,338.7
322.33,337.5
322.35,335.8
322.37,336.1
322.38,337.3
322.4,343.0
322.41,347.8
322.43,362.6
322.45,385.8
322.46,401.0
322.48,439.9
322.5,491.4
322.51,522.4
322.53,595.7
322.55,685.5
322.56,737.1
322.58,854.2
322.6,991.0
322.61,1067.0
322.63,1235.0
322.65,1425.0
322.66,1527.0
322.68,1747.0
322.7,1984.0
322.71,2108.0
322.73,2362.0
322.75,2620.0
322.76,2748.0
322.78,2997.0
322.79,3114.0
322.81,3331.0
322.83,3515.0
322.84,3592.0
322.86,3712.0
322.88,3781.0
322.89,3796.0
322.91,3787.0
322.93,3726.0
322.94,3678.0
322.96,3552.0
322.98,3391.0
322.99,3300.0
323.01,3105.0
323.03,2899.0
323.04,2794.0
323.06,2586.0
323.08,2384.0
323.09,2286.0
323.11,2100.0
323.13,1926.0
323.14,1843.0
323.16,1686.0
323.17,1612.0
323.19,1469.0
323.21,1335.0
323.22,1270.0
323.24,1146.0
323.26,1028.0
323.27,971.3
323.29,863.0
323.31,761.8
323.32,714.0
323.34,624.6
323.36,543.8
323.37,506.6
323.39,438.7
323.41,379.1
323.42,352.4
323.44,304.3
323.46,263.0
323.47,244.6
323.49,211.8
323.5,197.2
323.52,171.2
323.54,148.9
323.55,139.0
323.57,121.5
323.59,106.9
323.6,100.6
323.62,89.94
323.64,81.93
323.65,78.92
323.67,74.89
323.69,73.61
323.7,74.03
323.72,77.1
323.74,83.33
323.75,87.73
323.77,99.4
323.79,115.4
323.8,125.3
323.82,149.8
323.84,181.7
323.85,201.1
323.87,248.6
323.88,277.6
323.9,348.4
323.92,440.7
323.93,496.7
323.95,632.8
323.97,807.6
323.98,912.1
324.0,1161.0
324.02,1470.0
324.03,1650.0
324.05,2066.0
324.07,2559.0
324.08,2837.0
324.1,3451.0
324.12,4141.0
324.13,4511.0
324.15,5294.0
324.17,6114.0
324.18,6531.0
324.2,7358.0
324.22,8152.0
324.23,8524.0
324.25,9201.0
324.26,9497.0
324.28,9984.0
324.3,10310.0
324.31,10410.0
324.33,10470.0
324.35,10350.0
324.36,10220.0
324.38,9845.0
324.4,9317.0
324.41,9005.0
324.43,8307.0
324.45,7536.0
324.46,7134.0
324.48,6315.0
324.5,5503.0
324.51,5107.0
324.53,4348.0
324.55,3649.0
324.56,3325.0
324.58,2733.0
324.6,2217.0
324.61,1988.0
324.63,1586.0
324.64,1412.0
324.66,1112.0
324.68,870.6
324.69,769.6
324.71,601.6
324.73,472.6
324.74,420.4
324.76,336.3
324.78,274.5
324.79,250.2
324.81,212.4
324.83,185.8
324.84,175.8
324.86,161.0
324.88,151.6
324.89,148.5
324.91,145.3
324.93,145.4
324.94,146.7
324.96,151.5
324.97,155.0
324.99,164.5
325.01,177.0
325.02,184.5
325.04,201.6
325.06,221.6
325.07,232.5
325.09,255.9
325.11,280.8
325.12,293.7
325.14,319.9
325.16,345.9
325.17,358.7
325.19,383.3
325.21,406.2
325.22,416.9
325.24,436.7
325.26,454.1
325.27,462.0
325.29,476.1
325.31,488.5
325.32,494.1
325.34,504.9
325.35,510.3
325.37,521.3
325.39,533.9
325.4,541.1
325.42,558.1
325.44,579.4
325.45,592.0
325.47,621.7
325.49,658.0
325.5,678.6
325.52,725.1
325.54,777.9
325.55,806.4
325.57,866.9
325.59,930.4
325.6,962.8
325.62,1027.0
325.64,1089.0
325.65,1119.0
325.67,1174.0
325.69,1222.0
325.7,1242.0
325.72,1278.0
325.73,1293.0
325.75,1315.0
325.77,1330.0
325.78,1335.0
325.8,1340.0
325.82,1339.0
325.83,1337.0
325.85,1331.0
325.87,1321.0
325.88,1316.0
325.9,1302.0
325.92,1285.0
325.93,1276.0
325.95,1254.0
325.97,1228.0
325.98,1214.0
326.0,1180.0
326.02,1141.0
326.03,1120.0
326.05,1072.0
326.07,1019.0
326.08,990.3
326.1,929.7
326.11,898.0
326.13,832.1
326.15,764.2
326.16,730.0
326.18,662.0
326.2,596.0
326.21,564.3
326.23,504.7
326.25,451.3
326.26,427.5
326.28,386.4
326.3,354.8
326.31,342.8
326.33,326.6
326.35,320.8
326.36,321.6
326.38,330.1
326.4,346.7
326.41,357.5
326.43,383.1
326.44,397.3
326.46,427.1
326.48,456.9
326.49,471.1
326.51,497.0
326.53,518.1
326.54,526.4
326.56,538.1
326.58,542.7
326.59,542.5
326.61,537.1
326.63,525.9
326.64,518.6
326.66,501.4
326.68,482.0
326.69,472.0
326.71,452.2
326.73,433.8
326.74,425.5
326.76,410.8
326.78,399.2
326.79,394.6
326.81,387.5
326.82,384.9
326.84,381.3
326.86,379.3
326.87,378.7
326.89,377.7
326.91,376.6
326.92,375.9
326.94,373.7
326.96,370.6
326.97,368.6
326.99,363.8
327.01,357.9
327.02,354.6
327.04,347.3
327.06,339.3
327.07,335.0
327.09,326.1
327.11,316.6
327.12,311.7
327.14,301.6
327.16,291.2
327.17,285.9
327.19,275.1
327.2,269.6
327.22,258.6
327.24,247.5
327.25,242.0
327.27,231.2
327.29,220.5
327.3,215.2
327.32,204.8
327.34,194.5
327.35,189.4
327.37,179.2
327.39,169.0
327.4,163.8
327.42,153.5
327.44,143.1
327.45,137.9
327.47,127.8
327.49,118.0
327.5,113.4
327.52,104.8
327.54,97.31
327.55,94.1
327.57,88.92
327.58,87.0
327.6,84.6
327.62,84.21
327.63,84.78
327.65,87.36
327.67,91.73
327.68,94.5
327.7,101.0
327.72,108.5
327.73,112.5
327.75,120.5
327.77,128.4
327.78,132.2
327.8,138.9
327.82,144.6
327.83,146.8
327.85,150.2
327.87,152.0
327.88,152.2
327.9,151.5
327.91,150.5
327.93,147.6
327.95,143.6
327.96,141.1
327.98,135.7
328.0,129.7
328.01,126.6
328.03,120.1
328.05,113.4
328.06,110.1
328.08,103.5
328.1,97.08
328.11,93.91
328.13,87.7
328.15,81.7
328.16,78.78
328.18,73.16
328.2,67.83
328.21,65.3
328.23,60.51
328.25,56.15
328.26,54.15
328.28,50.52
328.29,48.91
328.31,46.11
328.33,43.95
328.34,43.13
328.36,42.07
328.38,41.94
328.39,42.3
328.41,44.11
328.43,47.83
328.44,50.66
328.46,58.96
328.48,72.14
328.49,81.24
328.51,106.3
328.53,144.1
328.54,169.4
328.56,237.1
328.58,335.4
328.59,399.5
328.61,566.5
328.63,799.4
328.64,946.8
328.66,1318.0
328.67,1549.0
328.69,2116.0
328.71,2850.0
328.72,3288.0
328.74,4326.0
328.76,5598.0
328.77,6327.0
328.79,7977.0
328.81,9881.0
328.82,10920.0
328.84,13170.0
328.86,15590.0
328.87,16840.0
328.89,19390.0
328.91,21910.0
328.92,23120.0
328.94,25410.0
328.96,27390.0
328.97,28250.0
328.99,29610.0
329.01,30450.0
329.02,30670.0
329.04,30670.0
329.05,30450.0
329.07,29600.0
329.09,28230.0
329.1,27370.0
329.12,25380.0
329.14,23090.0
329.15,21870.0
329.17,19350.0
329.19,16790.0
329.2,15540.0
329.22,13120.0
329.24,10870.0
329.25,9826.0
329.27,7921.0
329.29,6270.0
329.3,5542.0
329.32,4271.0
329.34,3236.0
329.35,2799.0
329.37,2068.0
329.39,1504.0
329.4,1276.0
329.42,908.8
329.43,763.3
329.45,534.5
329.47,371.5
329.48,309.3
329.5,214.9
329.52,151.1
329.53,127.8
329.55,94.24
329.57,73.72
329.58,67.1
329.6,59.34
329.62,57.15
329.63,57.64
329.65,61.11
329.67,67.15
329.68,70.91
329.7,79.59
329.72,89.37
329.73,94.53
329.75,105.1
329.76,110.3
329.78,120.6
329.8,130.1
329.81,134.5
329.83,142.0
329.85,147.8
329.86,150.0
329.88,152.7
329.9,153.0
329.91,152.3
329.93,149.1
329.95,143.8
329.96,140.4
329.98,132.4
330.0,123.1
330.01,118.1
330.03,107.7
330.05,97.13
330.06,91.97
330.08,82.15
330.1,73.3
330.11,69.36
330.13,62.57
330.14,59.79
330.16,55.5
330.18,52.99
330.19,52.39
330.21,52.48
330.23,54.18
330.24,55.57
330.26,59.35
330.28,64.27
330.29,67.09
330.31,73.33
330.33,80.26
330.34,83.93
330.36,91.68
330.38,99.97
330.39,104.3
330.41,113.6
330.43,123.9
330.44,129.4
330.46,141.6
330.48,155.4
330.49,163.0
330.51,179.8
330.52,189.1
330.54,209.2
330.56,231.5
330.57,243.4
330.59,268.4
330.61,294.4
330.62,307.6
330.64,333.8
330.66,359.0
330.67,370.9
330.69,392.7
330.71,411.2
330.72,418.8
330.74,430.7
330.76,437.3
330.77,438.6
330.79,437.1
330.81,430.0
330.82,424.4
330.84,409.6
330.86,390.3
330.87,379.2
330.89,354.6
330.9,341.3
330.92,313.4
330.94,284.5
330.95,269.9
330.97,241.1
330.99,213.4
331.0,200.1
331.02,175.2
331.04,152.8
331.05,142.6
331.07,124.3
331.09,108.9
331.1,102.3
331.12,90.93
331.14,82.03
331.15,78.4
331.17,72.57
331.19,68.33
331.2,66.7
331.22,64.23
331.23,63.32
331.25,61.98
331.27,61.12
331.28,60.83
331.3,60.46
331.32,60.33
331.33,60.35
331.35,60.56
331.37,61.01
331.38,61.33
331.4,62.13
331.42,63.15
331.43,63.72
331.45,64.93
331.47,66.13
331.48,66.68
331.5,67.59
331.52,68.12
331.53,68.19
331.55,67.87
331.57,66.85
331.58,66.06
331.6,63.89
331.61,62.53
331.63,59.28
331.65,55.43
331.66,53.31
331.68,48.8
331.7,44.07
331.71,41.67
331.73,36.92
331.75,32.37
331.76,30.2
331.78,26.15
331.8,22.55
331.81,20.92
331.83,18.05
331.85,15.67
331.86,14.66
331.88,12.96
331.9,11.67
331.91,11.15
331.93,10.36
331.95,9.846
331.96,9.679
331.98,9.511
331.99,9.505
332.01,9.644
332.03,9.993
332.04,10.25
332.06,10.96
332.08,11.94
332.09,12.55
332.11,14.03
332.13,15.9
332.14,16.99
332.16,19.48
332.18,22.41
332.19,24.04
332.21,27.58
332.23,31.47
332.24,33.52
332.26,37.75
332.28,42.07
332.29,44.22
332.31,48.4
332.33,52.3
332.34,54.09
332.36,57.28
332.37,58.64
332.39,60.81
332.41,62.2
332.42,62.58
332.44,62.7
332.46,61.96
332.47,61.28
332.49,59.36
332.51,56.75
332.52,55.23
332.54,51.86
332.56,48.16
332.57,46.25
332.59,42.4
332.61,38.7
332.62,36.96
332.64,33.85
332.66,31.41
332.67,30.52
332.69,29.57
332.7,29.58
332.72,30.8
332.74,33.94
332.75,36.37
332.77,43.27
332.79,53.37
332.8,59.83
332.82,75.97
332.84,97.04
332.85,109.6
332.87,139.4
332.89,175.8
332.9,196.5
332.92,243.5
332.94,297.5
332.95,327.1
332.97,390.9
332.99,459.9
333.0,495.8
333.02,569.2
333.04,642.8
333.05,678.8
333.07,747.3
333.08,779.1
333.1,835.9
333.12,881.5
333.13,899.4
333.15,924.1
333.17,933.0
333.18,931.5
333.2,916.4
333.22,886.0
333.23,865.7
333.25,815.9
333.27,756.1
333.28,723.4
333.3,654.1
333.32,582.3
333.33,546.4
333.35,475.8
333.37,409.0
333.38,377.5
333.4,319.3
333.42,268.0
333.43,245.1
333.45,205.0
333.46,187.7
333.48,158.2
333.5,135.3
333.51,126.0
333.53,111.3
333.55,101.0
333.56,97.29
333.58,92.19
333.6,89.57
333.61,88.98
333.63,88.82
333.65,89.58
333.66,90.14
333.68,91.37
333.7,92.41
333.71,92.77
333.73,93.02
333.75,92.48
333.76,91.89
333.78,90.0
333.8,87.21
333.81,85.49
333.83,81.49
333.84,79.24
333.86,74.35
333.88,69.12
333.89,66.43
333.91,61.06
333.93,55.83
333.94,53.32
333.96,48.6
333.98,44.37
333.99,42.45
334.01,39.06
334.03,36.26
334.04,35.07
334.06,33.11
334.08,31.64
334.09,31.07
334.11,30.23
334.13,29.72
334.14,29.57
334.16,29.43
334.17,29.43
334.19,29.54
334.21,29.77
334.22,29.91
334.24,30.23
334.26,30.58
334.27,30.76
334.29,31.12
334.31,31.46
334.32,31.61
334.34,31.88
334.36,32.06
334.37,32.11
334.39,32.14
334.41,32.01
334.42,31.89
334.44,31.52
334.46,30.94
334.47,30.58
334.49,29.7
334.51,28.61
334.52,27.99
334.54,26.63
334.55,25.88
334.57,24.31
334.59,22.67
334.6,21.83
334.62,20.17
334.64,18.59
334.65,17.84
334.67,16.48
334.69,15.33
334.7,14.86
334.72,14.12
334.74,13.7
334.75,13.61
334.77,13.7
334.79,14.15
334.8,14.51
334.82,15.5
334.84,16.84
334.85,17.64
334.87,19.48
334.89,21.65
334.9,22.84
334.92,25.42
334.93,26.79
334.95,29.69
334.97,32.71
334.98,34.25
335.0,37.31
335.02,40.29
335.03,41.71
335.05,44.34
335.07,46.63
335.08,47.61
335.1,49.19
335.12,50.22
335.13,50.51
335.15,50.65
335.17,50.21
335.18,49.78
335.2,48.55
335.22,46.9
335.23,45.96
335.25,43.91
335.27,41.76
335.28,40.69
335.3,38.65
335.31,37.71
335.33,36.08
335.35,34.84
335.36,34.4
335.38,33.89
335.4,33.91
335.41,34.12
335.43,34.89
335.45,36.1
335.46,36.83
335.48,38.49
335.5,40.29
335.51,41.2
335.53,42.94
335.55,44.44
335.56,45.06
335.58,45.97
335.6,46.35
335.61,46.32
335.63,45.78
335.65,44.62
335.66,43.81
335.68,41.78
335.69,40.58
335.71,37.88
335.73,34.91
335.74,33.37
335.76,30.31
335.78,27.44
335.79,26.17
335.81,24.1
335.83,22.95
335.84,22.86
335.86,23.93
335.88,27.2
335.89,29.9
335.91,38.03
335.93,50.76
335.94,59.28
335.96,81.68
335.98,112.8
335.99,132.3
336.01,180.6
336.02,210.1
336.04,281.1
336.06,370.3
336.07,422.5
336.09,542.9
336.11,685.8
336.12,765.8
336.14,942.4
336.16,1140.0
336.17,1245.0
336.19,1466.0
336.21,1696.0
336.22,1812.0
336.24,2041.0
336.26,2258.0
336.27,2359.0
336.29,2541.0
336.31,2689.0
336.32,2748.0
336.34,2831.0
336.36,2865.0
336.37,2862.0
336.39,2820.0
336.4,2781.0
336.42,2668.0
336.44,2514.0
336.45,2424.0
336.47,2225.0
336.49,2006.0
336.5,1892.0
336.52,1662.0
336.54,1435.0
336.55,1325.0
336.57,1115.0
336.59,922.2
336.6,833.7
336.62,673.1
336.64,535.1
336.65,474.4
336.67,369.0
336.69,283.5
336.7,247.5
336.72,187.5
336.74,141.6
336.75,123.1
336.77,93.89
336.78,82.59
336.8,65.51
336.82,54.47
336.83,50.8
336.85,46.47
336.87,45.39
336.88,45.84
336.9,48.32
336.92,52.48
336.93,55.05
336.95,60.94
336.97,67.51
336.98,70.95
337.0,77.92
337.02,84.74
337.03,88.0
337.05,94.05
337.07,99.22
337.08,101.4
337.1,104.8
337.12,106.9
337.13,107.3
337.15,107.1
337.16,106.4
337.18,103.8
337.2,99.87
337.21,97.4
337.23,91.6
337.25,84.84
337.26,81.19
337.28,73.5
337.3,65.53
337.31,61.52
337.33,53.61
337.35,46.01
337.36,42.39
337.38,35.6
337.4,29.5
337.41,26.73
337.43,21.77
337.45,17.61
337.46,15.81
337.48,12.77
337.49,11.51
337.51,9.474
337.53,8.013
337.54,7.474
337.56,6.729
337.58,6.365
337.59,6.302
337.61,6.373
337.63,6.658
337.64,6.864
337.66,7.377
337.68,7.997
337.69,8.339
337.71,9.079
337.73,9.889
337.74,10.32
337.76,11.25
337.78,12.28
337.79,12.83
337.81,14.05
337.83,15.42
337.84,16.17
337.86,17.8
337.87,18.69
337.89,20.6
337.91,22.66
337.92,23.75
337.94,25.99
337.96,28.28
337.97,29.42
337.99,31.64
338.01,33.72
338.02,34.67
338.04,36.38
338.06,37.75
338.07,38.3
338.09,39.08
338.11,39.45
338.12,39.49
338.14,39.27
338.16,38.71
338.17,38.32
338.19,37.4
338.21,36.34
338.22,35.79
338.24,34.71
338.25,34.2
338.27,33.28
338.29,32.56
338.3,32.28
338.32,31.88
338.34,31.71
338.35,31.69
338.37,31.75
338.39,31.9
338.4,31.97
338.42,32.08
338.44,32.05
338.45,31.96
338.47,31.59
338.49,30.91
338.5,30.45
338.52,29.28
338.54,27.77
338.55,26.91
338.57,24.98
338.59,22.83
338.6,21.7
338.62,19.37
338.63,18.19
338.65,15.85
338.67,13.58
338.68,12.5
338.7,10.46
338.72,8.615
338.73,7.777
338.75,6.274
338.77,5.005
338.78,4.457
338.8,3.528
338.82,2.81
338.83,2.525
338.85,2.094
338.87,1.841
338.88,1.779
338.9,1.785
338.92,1.974
338.93,2.142
338.95,2.642
338.96,2.984
338.98,3.877
339.0,5.095
339.01,5.843
339.03,7.657
339.05,9.943
339.06,11.28
339.08,14.37
339.1,18.05
339.11,20.11
339.13,24.67
339.15,29.77
339.16,32.5
339.18,38.26
339.2,44.29
339.21,47.35
339.23,53.44
339.25,59.31
339.26,62.08
339.28,67.19
339.3,71.51
339.31,73.32
339.33,76.13
339.34,77.11
339.36,78.15
339.38,77.96
339.39,77.41
339.41,75.46
339.43,72.46
339.44,70.62
339.46,66.37
339.48,61.53
339.49,58.96
339.51,53.63
339.53,48.24
339.54,45.57
339.56,40.41
339.58,35.58
339.59,33.33
339.61,29.23
339.63,25.71
339.64,24.19
339.66,21.65
339.68,19.81
339.69,19.16
339.71,18.41
339.72,18.31
339.74,18.65
339.76,19.71
339.77,20.51
339.79,22.6
339.81,25.31
339.82,26.87
339.84,30.37
339.86,34.27
339.87,36.33
339.89,40.58
339.91,44.89
339.92,47.02
339.94,51.14
339.96,54.96
339.97,56.71
339.99,59.86
340.01,62.48
340.02,63.57
340.04,65.33
340.06,66.57
340.07,67.0
340.09,67.56
340.1,67.72
340.12,67.84
340.14,67.8
340.15,67.76
340.17,67.69
340.19,67.68
340.2,67.71
340.22,67.88
340.24,68.16
340.25,68.35
340.27,68.78
340.29,69.26
340.3,69.51
340.32,70.0
340.34,70.47
340.35,70.7
340.37,71.18
340.39,71.73
340.4,72.07
340.42,72.93
340.43,73.5
340.45,75.03
340.47,77.25
340.48,78.69
340.5,82.38
340.52,87.34
340.53,90.36
340.55,97.63
340.57,106.6
340.58,111.8
340.6,123.5
340.62,137.0
340.63,144.3
340.65,160.0
340.67,176.6
340.68,185.2
340.7,202.3
340.72,218.9
340.73,226.8
340.75,241.3
340.77,253.5
340.78,258.5
340.8,266.1
340.81,268.7
340.83,270.9
340.85,269.3
340.86,267.1
340.88,260.2
340.9,250.1
340.91,244.1
340.93,230.4
340.95,215.3
340.96,207.4
340.98,191.3
341.0,175.5
341.01,167.9
341.03,153.5
341.05,140.7
341.06,134.9
341.08,124.9
341.1,116.8
341.11,113.6
341.13,108.5
341.15,105.2
341.16,104.3
341.18,103.4
341.19,103.6
341.21,104.6
341.23,106.6
341.24,107.9
341.26,110.8
341.28,113.8
341.29,115.3
341.31,118.0
341.33,120.2
341.34,121.0
341.36,121.9
341.38,121.7
341.39,121.2
341.41,119.2
341.43,115.9
341.44,113.9
341.46,109.0
341.48,103.4
341.49,100.3
341.51,93.98
341.53,87.64
341.54,84.6
341.56,78.98
341.57,76.52
341.59,72.51
341.61,70.05
341.62,69.51
341.64,70.02
341.66,72.89
341.67,75.3
341.69,82.21
341.71,92.07
341.72,98.16
341.74,112.7
341.76,130.4
341.77,140.4
341.79,162.7
341.81,187.8
341.82,201.3
341.84,229.8
341.86,259.9
341.87,275.3
341.89,306.4
341.91,337.1
341.92,351.9
341.94,380.1
341.95,393.1
341.97,416.6
341.99,435.8
342.0,443.5
342.02,455.2
342.04,461.3
342.05,462.3
342.07,460.2
342.09,453.3
342.1,448.3
342.12,435.8
342.14,421.4
342.15,414.0
342.17,400.1
342.19,389.4
342.2,386.0
342.22,384.9
342.24,393.8
342.25,402.9
342.27,432.1
342.28,453.0
342.3,508.8
342.32,585.5
342.33,632.1
342.35,742.9
342.37,877.0
342.38,952.6
342.4,1120.0
342.42,1306.0
342.43,1405.0
342.45,1611.0
342.47,1822.0
342.48,1927.0
342.5,2132.0
342.52,2322.0
342.53,2409.0
342.55,2562.0
342.57,2681.0
342.58,2726.0
342.6,2784.0
342.62,2798.0
342.63,2788.0
342.65,2736.0
342.66,2694.0
342.68,2582.0
342.7,2438.0
342.71,2355.0
342.73,2175.0
342.75,1980.0
342.76,1879.0
342.78,1676.0
342.8,1477.0
342.81,1380.0
342.83,1195.0
342.85,1025.0
342.86,945.6
342.88,800.2
342.9,672.4
342.91,615.0
342.93,512.7
342.95,425.9
342.96,387.8
342.98,321.3
343.0,266.0
343.01,242.1
343.03,200.7
343.04,182.8
343.06,151.8
343.08,126.3
343.09,115.3
343.11,96.22
343.13,80.41
343.14,73.55
343.16,61.6
343.18,51.67
343.19,47.35
343.21,39.82
343.23,33.55
343.24,30.82
343.26,26.06
343.28,22.08
343.29,20.34
343.31,17.3
343.33,14.75
343.34,13.64
343.36,11.69
343.38,10.08
343.39,9.402
343.41,8.296
343.42,7.878
343.44,7.353
343.46,7.333
343.47,7.559
343.49,8.619
343.51,10.73
343.52,12.29
343.54,16.74
343.56,23.46
343.57,27.91
343.59,39.54
343.61,55.75
343.62,65.99
343.64,91.67
343.66,125.8
343.67,146.7
343.69,197.7
343.71,263.2
343.72,302.5
343.74,396.4
343.75,452.1
343.77,584.7
343.79,750.8
343.8,848.9
343.82,1082.0
343.84,1373.0
343.85,1545.0
343.87,1955.0
343.89,2468.0
343.9,2772.0
343.92,3490.0
343.94,4384.0
343.95,4907.0
343.97,6127.0
343.99,7606.0
344.0,8453.0
344.02,10380.0
344.04,12620.0
344.05,13870.0
344.07,16600.0
344.09,19620.0
344.1,21230.0
344.12,24590.0
344.13,26330.0
344.15,29860.0
344.17,33340.0
344.18,35030.0
344.2,38220.0
344.22,41030.0
344.23,42260.0
344.25,44270.0
344.27,45620.0
344.28,46020.0
344.3,46240.0
344.32,45700.0
344.33,45140.0
344.35,43480.0
344.37,41190.0
344.38,39830.0
344.4,36770.0
344.42,33380.0
344.43,31600.0
344.45,27960.0
344.47,24320.0
344.48,22540.0
344.5,19120.0
344.51,17490.0
344.53,14470.0
344.55,11760.0
344.56,10540.0
344.58,8367.0
344.6,6535.0
344.61,5742.0
344.63,4383.0
344.65,3300.0
344.66,2850.0
344.68,2108.0
344.7,1547.0
344.71,1323.0
344.73,968.5
344.75,714.9
344.76,618.3
344.78,472.4
344.8,375.5
344.81,341.0
344.83,293.0
344.85,265.6
344.86,257.4
344.88,248.8
344.89,247.4
344.91,248.1
344.93,251.9
344.94,254.3
344.96,259.6
344.98,265.0
344.99,267.6
345.01,272.7
345.03,278.0
345.04,280.9
345.06,287.7
345.08,296.8
345.09,302.5
345.11,317.4
345.13,337.8
345.14,350.6
345.16,382.1
345.18,422.6
345.19,446.5
345.21,502.0
345.22,533.7
345.24,604.9
345.26,685.9
345.27,729.7
345.29,822.5
345.31,920.2
345.32,969.9
345.34,1069.0
345.36,1163.0
345.37,1208.0
345.39,1289.0
345.41,1355.0
345.42,1381.0
345.44,1420.0
345.46,1436.0
345.47,1436.0
345.49,1419.0
345.51,1381.0
345.52,1354.0
345.54,1288.0
345.56,1209.0
345.57,1167.0
345.59,1078.0
345.6,1035.0
345.62,952.9
345.64,885.9
345.65,861.0
345.67,834.4
345.69,848.7
345.7,875.0
345.72,974.8
345.74,1150.0
345.75,1271.0
345.77,1591.0
345.79,2030.0
345.8,2299.0
345.82,2949.0
345.84,3760.0
345.85,4230.0
345.87,5303.0
345.89,6555.0
345.9,7246.0
345.92,8752.0
345.94,10400.0
345.95,11270.0
345.97,13070.0
345.98,13990.0
346.0,15830.0
346.02,17620.0
346.03,18480.0
346.05,20070.0
346.07,21460.0
346.08,22050.0
346.1,23010.0
346.12,23640.0
346.13,23820.0
346.15,23910.0
346.17,23640.0
346.18,23370.0
346.2,22600.0
346.22,21550.0
346.23,20930.0
346.25,19540.0
346.27,18010.0
346.28,17200.0
346.3,15560.0
346.32,13900.0
346.33,13080.0
346.35,11490.0
346.36,10720.0
346.38,9272.0
346.4,7939.0
346.41,7321.0
346.43,6184.0
346.45,5181.0
346.46,4728.0
346.48,3918.0
346.5,3226.0
346.51,2921.0
346.53,2386.0
346.55,1943.0
346.56,1752.0
346.58,1423.0
346.6,1158.0
346.61,1046.0
346.63,857.0
346.65,708.0
346.66,646.1
346.68,543.4
346.69,501.0
346.71,431.2
346.73,377.5
346.74,355.5
346.76,319.3
346.78,291.4
346.79,279.9
346.81,260.8
346.83,245.8
346.84,239.6
346.86,229.4
346.88,221.8
346.89,218.9
346.91,215.2
346.93,214.8
346.94,216.1
346.96,222.7
346.98,236.6
346.99,247.1
347.01,277.9
347.03,325.8
347.04,358.2
347.06,444.6
347.07,500.9
347.09,646.5
347.11,846.4
347.12,971.0
347.14,1279.0
347.16,1679.0
347.17,1918.0
347.19,2485.0
347.21,3183.0
347.22,3584.0
347.24,4497.0
347.26,5558.0
347.27,6143.0
347.29,7415.0
347.31,8807.0
347.32,9539.0
347.34,11050.0
347.36,12600.0
347.37,13360.0
347.39,14850.0
347.41,16230.0
347.42,16860.0
347.44,17970.0
347.45,18430.0
347.47,19150.0
347.49,19560.0
347.5,19650.0
347.52,19570.0
347.54,19170.0
347.55,18850.0
347.57,18010.0
347.59,16910.0
347.6,16290.0
347.62,14920.0
347.64,13440.0
347.65,12680.0
347.67,11140.0
347.69,9631.0
347.7,8900.0
347.72,7508.0
347.74,6233.0
347.75,5645.0
347.77,4577.0
347.79,3655.0
347.8,3248.0
347.82,2540.0
347.83,2236.0
347.85,1719.0
347.87,1316.0
347.88,1152.0
347.9,891.6
347.92,713.5
347.93,652.2
347.95,581.1
347.97,575.6
347.98,596.9
348.0,688.7
348.02,848.9
348.03,956.4
348.05,1231.0
348.07,1590.0
348.08,1804.0
348.1,2306.0
348.12,2910.0
348.13,3250.0
348.15,4009.0
348.17,4866.0
348.18,5328.0
348.2,6309.0
348.21,6821.0
348.23,7876.0
348.25,8941.0
348.26,9467.0
348.28,10480.0
348.3,11400.0
348.31,11820.0
348.33,12540.0
348.35,13090.0
348.36,13290.0
348.38,13520.0
348.4,13520.0
348.41,13440.0
348.43,13110.0
348.45,12580.0
348.46,12250.0
348.48,11480.0
348.5,10590.0
348.51,10110.0
348.53,9132.0
348.54,8636.0
348.56,7665.0
348.58,6752.0
348.59,6329.0
348.61,5570.0
348.63,4949.0
348.64,4696.0
348.66,4316.0
348.68,4109.0
348.69,4072.0
348.71,4127.0
348.73,4349.0
348.74,4518.0
348.76,4962.0
348.78,5528.0
348.79,5847.0
348.81,6541.0
348.83,7279.0
348.84,7654.0
348.86,8389.0
348.88,9076.0
348.89,9390.0
348.91,9937.0
348.92,10160.0
348.94,10500.0
348.96,10680.0
348.97,10710.0
348.99,10630.0
349.01,10370.0
349.02,10180.0
349.04,9698.0
349.06,9085.0
349.07,8739.0
349.09,7988.0
349.11,7185.0
349.12,6773.0
349.14,5949.0
349.16,5145.0
349.17,4759.0
349.19,4030.0
349.21,3371.0
349.22,3072.0
349.24,2539.0
349.26,2097.0
349.27,1910.0
349.29,1608.0
349.3,1491.0
349.32,1326.0
349.34,1251.0
349.35,1246.0
349.37,1302.0
349.39,1443.0
349.4,1545.0
349.42,1812.0
349.44,2161.0
349.45,2365.0
349.47,2832.0
349.49,3370.0
349.5,3663.0
349.52,4294.0
349.54,4970.0
349.55,5322.0
349.57,6039.0
349.59,6760.0
349.6,7115.0
349.62,7801.0
349.64,8436.0
349.65,8728.0
349.67,9247.0
349.68,9471.0
349.7,9834.0
349.72,10080.0
349.73,10150.0
349.75,10200.0
349.77,10110.0
349.78,10020.0
349.8,9749.0
349.82,9362.0
349.83,9131.0
349.85,8601.0
349.87,8000.0
349.88,7677.0
349.9,7004.0
349.92,6307.0
349.93,5955.0
349.95,5258.0
349.97,4582.0
349.98,4256.0
350.0,3635.0
350.01,3342.0
350.03,2797.0
350.05,2308.0
350.06,2086.0
350.08,1686.0
350.1,1344.0
350.11,1194.0
350.13,931.6
350.15,716.9
350.16,625.6
350.18,471.5
350.2,350.6
350.21,300.8
350.23,219.3
350.25,158.1
350.26,133.7
350.28,95.08
350.3,67.29
350.31,56.62
350.33,40.32
350.35,29.26
350.36,25.24
350.38,19.48
350.39,17.52
350.41,14.98
350.43,13.83
350.44,13.64
350.46,13.85
350.48,14.62
350.49,15.16
350.51,16.46
350.53,17.95
350.54,18.74
350.56,20.35
350.58,21.96
350.59,22.75
350.61,24.25
350.63,25.64
350.64,26.28
350.66,27.45
350.68,28.46
350.69,28.9
350.71,29.68
350.73,30.32
350.74,30.59
350.76,31.06
350.77,31.26
350.79,31.64
350.81,31.99
350.82,32.18
350.84,32.59
350.86,33.12
350.87,33.45
350.89,34.26
350.91,35.36
350.92,36.05
350.94,37.73
350.96,39.92
350.97,41.23
350.99,44.34
351.01,48.17
351.02,50.36
351.04,55.36
351.06,61.15
351.07,64.35
351.09,71.28
351.11,78.85
351.12,82.84
351.14,91.1
351.15,95.31
351.17,103.8
351.19,112.1
351.2,116.1
351.22,123.6
351.24,130.4
351.25,133.4
351.27,138.5
351.29,142.4
351.3,143.8
351.32,145.6
351.34,146.0
351.35,145.6
351.37,143.9
351.39,140.9
351.4,139.0
351.42,134.3
351.44,128.6
351.45,125.5
351.47,118.8
351.48,115.3
351.5,107.8
351.52,100.2
351.53,96.26
351.55,88.48
351.57,80.8
351.58,77.05
351.6,69.78
351.62,62.92
351.63,59.67
351.65,53.56
351.67,48.01
351.68,45.46
351.7,40.81
351.72,36.77
351.73,34.97
351.75,31.82
351.77,29.24
351.78,28.17
351.8,26.43
351.82,25.25
351.83,24.87
351.85,24.55
351.86,24.61
351.88,25.21
351.9,26.47
351.91,27.37
351.93,29.73
351.95,32.87
351.96,34.74
351.98,39.11
352.0,44.29
352.01,47.17
352.03,53.48
352.05,60.44
352.06,64.12
352.08,71.76
352.1,79.61
352.11,83.55
352.13,91.29
352.15,98.65
352.16,102.1
352.18,108.5
352.2,113.9
352.21,116.2
352.23,120.0
352.24,121.5
352.26,123.6
352.28,124.7
352.29,124.9
352.31,124.8
352.33,124.2
352.34,123.8
352.36,123.1
352.38,122.8
352.39,122.9
352.41,123.9
352.43,126.2
352.44,128.0
352.46,132.8
352.48,139.6
352.49,143.7
352.51,153.4
352.53,165.1
352.54,171.5
352.56,185.5
352.58,200.7
352.59,208.5
352.61,224.4
352.62,232.2
352.64,247.4
352.66,261.2
352.67,267.5
352.69,278.3
352.71,286.3
352.72,289.2
352.74,292.6
352.76,292.5
352.77,291.3
352.79,286.3
352.81,278.4
352.82,273.4
352.84,261.8
352.86,248.5
352.87,241.3
352.89,226.4
352.91,211.2
352.92,203.6
352.94,188.9
352.95,181.8
352.97,168.5
352.99,156.4
353.0,150.8
353.02,140.9
353.04,132.5
353.05,128.9
353.07,122.8
353.09,118.3
353.1,116.5
353.12,114.1
353.14,113.2
353.15,113.2
353.17,114.3
353.19,116.7
353.2,118.3
353.22,122.5
353.24,127.8
353.25,130.8
353.27,137.4
353.29,144.6
353.3,148.3
353.32,155.9
353.33,159.7
353.35,167.1
353.37,174.2
353.38,177.5
353.4,183.6
353.42,189.0
353.43,191.5
353.45,195.9
353.47,199.8
353.48,201.6
353.5,205.1
353.52,208.4
353.53,210.1
353.55,213.7
353.57,217.6
353.58,219.6
353.6,223.9
353.62,228.3
353.63,230.5
353.65,234.9
353.67,238.8
353.68,240.5
353.7,243.2
353.71,244.2
353.73,245.1
353.75,244.6
353.76,243.8
353.78,241.0
353.8,236.9
353.81,234.3
353.83,228.6
353.85,222.4
353.86,219.2
353.88,213.2
353.9,208.1
353.91,206.1
353.93,203.5
353.95,203.2
353.96,204.1
353.98,208.2
354.0,215.5
354.01,220.4
354.03,232.6
354.05,247.8
354.06,256.3
354.08,275.0
354.09,285.0
354.11,305.5
354.13,326.2
354.14,336.3
354.16,355.4
354.18,372.1
354.19,379.3
354.21,390.9
354.23,398.2
354.24,400.1
354.26,400.2
354.28,395.3
354.29,391.0
354.31,379.0
354.33,362.9
354.34,353.5
354.36,332.6
354.38,309.5
354.39,297.5
354.41,273.3
354.43,249.5
354.44,238.1
354.46,217.1
354.47,207.7
354.49,191.9
354.51,181.0
354.52,177.8
354.54,176.7
354.56,183.8
354.57,191.0
354.59,213.7
354.61,249.4
354.62,272.8
354.64,332.2
354.66,410.4
354.67,457.3
354.69,568.2
354.71,703.5
354.72,780.7
354.74,954.8
354.76,1155.0
354.77,1264.0
354.79,1499.0
354.8,1624.0
354.82,1885.0
354.84,2156.0
354.85,2292.0
354.87,2562.0
354.89,2819.0
354.9,2940.0
354.92,3159.0
354.94,3341.0
354.95,3415.0
354.97,3526.0
354.99,3583.0
355.0,3590.0
355.02,3560.0
355.04,3475.0
355.05,3413.0
355.07,3252.0
355.09,3051.0
355.1,2938.0
355.12,2693.0
355.14,2431.0
355.15,2297.0
355.17,2030.0
355.18,1899.0
355.2,1647.0
355.22,1413.0
355.23,1305.0
355.25,1108.0
355.27,940.2
355.28,867.0
355.3,742.2
355.32,645.3
355.33,606.7
355.35,547.4
355.37,509.5
355.38,497.5
355.4,485.2
355.42,485.5
355.43,489.4
355.45,502.4
355.47,520.0
355.48,529.7
355.5,549.2
355.52,567.3
355.53,575.2
355.55,588.2
355.56,592.9
355.58,598.5
355.6,598.7
355.61,596.8
355.63,589.2
355.65,577.0
355.66,569.4
355.68,551.8
355.7,531.9
355.71,521.4
355.73,499.8
355.75,478.1
355.76,467.5
355.78,447.1
355.8,428.1
355.81,419.2
355.83,402.5
355.85,387.2
355.86,380.1
355.88,366.5
355.9,353.6
355.91,347.2
355.93,334.4
355.94,327.8
355.96,314.3
355.98,299.8
355.99,292.2
356.01,276.3
356.03,259.3
356.04,250.5
356.06,232.2
356.08,213.6
356.09,204.2
356.11,185.5
356.13,167.3
356.14,158.6
356.16,142.1
356.18,127.3
356.19,120.6
356.21,109.3
356.23,100.8
356.24,97.82
356.26,94.57
356.27,94.43
356.29,97.42
356.31,105.1
356.32,110.8
356.34,126.2
356.36,147.1
356.37,159.7
356.39,189.0
356.41,223.9
356.42,243.3
356.44,285.9
356.46,333.0
356.47,358.0
356.49,410.4
356.51,465.2
356.52,493.2
356.54,549.9
356.56,606.8
356.57,635.2
356.59,691.3
356.61,746.7
356.62,774.1
356.64,828.5
356.65,855.8
356.67,910.7
356.69,967.2
356.7,996.3
356.72,1057.0
356.74,1122.0
356.75,1156.0
356.77,1228.0
356.79,1305.0
356.8,1345.0
356.82,1428.0
356.84,1514.0
356.85,1558.0
356.87,1645.0
356.89,1729.0
356.9,1769.0
356.92,1845.0
356.94,1912.0
356.95,1941.0
356.97,1989.0
356.99,2022.0
357.0,2033.0
357.02,2040.0
357.03,2037.0
357.05,2018.0
357.07,1979.0
357.08,1953.0
357.1,1888.0
357.12,1808.0
357.13,1762.0
357.15,1661.0
357.17,1551.0
357.18,1492.0
357.2,1372.0
357.22,1249.0
357.23,1187.0
357.25,1066.0
357.27,949.2
357.28,893.1
357.3,787.2
357.32,690.8
357.33,646.5
357.35,566.5
357.37,498.4
357.38,469.0
357.4,419.6
357.41,399.7
357.43,369.6
357.45,352.8
357.46,349.6
357.48,353.9
357.5,373.4
357.51,389.2
357.53,433.9
357.55,497.4
357.56,536.7
357.58,631.4
357.6,748.8
357.61,816.3
357.63,969.2
357.65,1145.0
357.66,1242.0
357.68,1451.0
357.7,1677.0
357.71,1795.0
357.73,2039.0
357.74,2162.0
357.76,2408.0
357.78,2647.0
357.79,2761.0
357.81,2974.0
357.83,3161.0
357.84,3243.0
357.86,3381.0
357.88,3483.0
357.89,3520.0
357.91,3566.0
357.93,3577.0
357.94,3572.0
357.96,3541.0
357.98,3490.0
357.99,3459.0
358.01,3391.0
358.03,3320.0
358.04,3286.0
358.06,3221.0
358.08,3166.0
358.09,3142.0
358.11,3103.0
358.12,3087.0
358.14,3063.0
358.16,3048.0
358.17,3042.0
358.19,3034.0
358.21,3028.0
358.22,3025.0
358.24,3021.0
358.26,3019.0
358.27,3018.0
358.29,3021.0
358.31,3030.0
358.32,3037.0
358.34,3060.0
358.36,3093.0
358.37,3115.0
358.39,3167.0
358.41,3228.0
358.42,3262.0
358.44,3333.0
358.46,3404.0
358.47,3438.0
358.49,3496.0
358.5,3520.0
358.52,3553.0
358.54,3561.0
358.55,3554.0
358.57,3517.0
358.59,3448.0
358.6,3401.0
358.62,3285.0
358.64,3140.0
358.65,3057.0
358.67,2877.0
358.69,2680.0
358.7,2577.0
358.72,2366.0
358.74,2153.0
358.75,2048.0
358.77,1841.0
358.79,1643.0
358.8,1548.0
358.82,1369.0
358.84,1205.0
358.85,1129.0
358.87,988.8
358.88,924.8
358.9,808.8
358.92,708.6
358.93,664.2
358.95,586.9
358.97,524.3
358.98,498.4
359.0,457.4
359.02,430.4
359.03,422.2
359.05,416.2
359.07,423.9
359.08,432.9
359.1,460.7
359.12,501.1
359.13,525.8
359.15,583.3
359.17,650.1
359.18,686.4
359.2,763.4
359.21,803.4
359.23,884.7
359.25,965.0
359.26,1004.0
359.28,1077.0
359.3,1142.0
359.31,1170.0
359.33,1218.0
359.35,1251.0
359.36,1263.0
359.38,1274.0
359.4,1271.0
359.41,1264.0
359.43,1239.0
359.45,1203.0
359.46,1181.0
359.48,1130.0
359.5,1071.0
359.51,1041.0
359.53,976.1
359.55,910.0
359.56,877.0
359.58,812.0
359.59,780.5
359.61,720.8
359.63,667.0
359.64,643.0
359.66,602.3
359.68,574.1
359.69,565.8
359.71,563.6
359.73,585.0
359.74,606.6
359.76,676.0
359.78,787.4
359.79,861.8
359.81,1054.0
359.83,1313.0
359.84,1472.0
359.86,1852.0
359.88,2325.0
359.89,2600.0
359.91,3227.0
359.93,3964.0
359.94,4373.0
359.96,5270.0
359.97,5756.0
359.99,6795.0
360.01,7907.0
360.02,8483.0
360.04,9659.0
360.06,10840.0
360.07,11420.0
360.09,12530.0
360.11,13550.0
360.12,14020.0
360.14,14830.0
360.16,15470.0
360.17,15710.0
360.19,16030.0
360.21,16130.0
360.22,16090.0
360.24,15850.0
360.26,15380.0
360.27,15080.0
360.29,14330.0
360.31,13440.0
360.32,12950.0
360.34,11890.0
360.35,11340.0
360.37,10210.0
360.39,9074.0
360.4,8514.0
360.42,7428.0
360.44,6407.0
360.45,5928.0
360.47,5038.0
360.49,4251.0
360.5,3897.0
360.52,3271.0
360.54,2753.0
360.55,2532.0
360.57,2166.0
360.59,1894.0
360.6,1789.0
360.62,1641.0
360.64,1563.0
360.65,1549.0
360.67,1564.0
360.69,1631.0
360.7,1682.0
360.72,1816.0
360.73,1897.0
360.75,2086.0
360.77,2307.0
360.78,2428.0
360.8,2692.0
360.82,2983.0
360.83,3137.0
360.85,3465.0
360.87,3817.0
360.88,4002.0
360.9,4389.0
360.92,4798.0
360.93,5010.0
360.95,5447.0
360.97,5899.0
360.98,6128.0
361.0,6590.0
361.02,7048.0
361.03,7273.0
361.05,7705.0
361.06,7910.0
361.08,8288.0
361.1,8611.0
361.11,8748.0
361.13,8963.0
361.15,9091.0
361.16,9119.0
361.18,9098.0
361.2,8973.0
361.21,8871.0
361.23,8589.0
361.25,8212.0
361.26,7990.0
361.28,7489.0
361.3,6925.0
361.31,6625.0
361.33,6001.0
361.35,5360.0
361.36,5039.0
361.38,4407.0
361.4,3800.0
361.41,3510.0
361.43,2964.0
361.44,2710.0
361.46,2243.0
361.48,1834.0
361.49,1651.0
361.51,1328.0
361.53,1060.0
361.54,944.9
361.56,751.5
361.58,601.7
361.59,541.4
361.61,446.9
361.63,383.1
361.64,361.2
361.66,334.9
361.68,328.9
361.69,332.5
361.71,351.2
361.73,382.9
361.74,403.0
361.76,450.1
361.78,504.7
361.79,534.1
361.81,595.9
361.82,627.8
361.84,691.9
361.86,754.6
361.87,784.8
361.89,841.5
361.91,891.6
361.92,913.6
361.94,950.8
361.96,978.1
361.97,987.8
361.99,999.3
362.01,1000.0
362.02,997.4
362.04,984.5
362.06,963.9
362.07,951.1
362.09,921.8
362.11,888.8
362.12,871.4
362.14,836.0
362.16,800.6
362.17,783.3
362.19,750.0
362.2,734.3
362.22,704.6
362.24,677.7
362.25,665.3
362.27,642.4
362.29,621.7
362.3,612.2
362.32,594.2
362.34,577.3
362.35,569.2
362.37,553.0
362.39,536.8
362.4,528.6
362.42,511.6
362.44,494.0
362.45,484.9
362.47,466.3
362.49,447.5
362.5,438.2
362.52,420.1
362.53,411.5
362.55,396.2
362.57,384.2
362.58,379.9
362.6,375.6
362.62,378.2
362.63,382.7
362.65,398.7
362.67,425.3
362.68,442.9
362.7,487.4
362.72,544.5
362.73,577.9
362.75,653.8
362.77,741.2
362.78,788.9
362.8,890.9
362.82,1000.0
362.83,1056.0
362.85,1171.0
362.87,1287.0
362.88,1344.0
362.9,1456.0
362.91,1510.0
362.93,1615.0
362.95,1714.0
362.96,1762.0
362.98,1855.0
363.0,1947.0
363.01,1994.0
363.03,2093.0
363.05,2203.0
363.06,2264.0
363.08,2402.0
363.1,2567.0
363.11,2661.0
363.13,2875.0
363.15,3127.0
363.16,3269.0
363.18,3580.0
363.2,3930.0
363.21,4117.0
363.23,4513.0
363.25,4928.0
363.26,5140.0
363.28,5563.0
363.29,5771.0
363.31,6169.0
363.33,6529.0
363.34,6691.0
363.36,6967.0
363.38,7170.0
363.39,7241.0
363.41,7315.0
363.43,7296.0
363.44,7252.0
363.46,7093.0
363.48,6845.0
363.49,6691.0
363.51,6330.0
363.53,5908.0
363.54,5679.0
363.56,5194.0
363.58,4689.0
363.59,4433.0
363.61,3924.0
363.63,3429.0
363.64,3190.0
363.66,2737.0
363.67,2524.0
363.69,2128.0
363.71,1776.0
363.72,1616.0
363.74,1331.0
363.76,1088.0
363.77,981.5
363.79,797.4
363.81,647.7
363.82,584.3
363.84,477.9
363.86,395.0
363.87,361.0
363.89,305.8
363.91,264.6
363.92,248.2
363.94,222.5
363.96,204.1
363.97,197.0
363.99,186.1
364.0,181.9
364.02,175.4
364.04,170.5
364.05,168.4
364.07,164.7
364.09,161.2
364.1,159.5
364.12,155.8
364.14,151.9
364.15,149.9
364.17,145.7
364.19,141.5
364.2,139.5
364.22,135.8
364.24,132.8
364.25,131.8
364.27,130.8
364.29,131.5
364.3,132.7
364.32,136.7
364.34,143.5
364.35,147.9
364.37,158.9
364.38,165.6
364.4,181.1
364.42,199.6
364.43,209.9
364.45,232.4
364.47,257.2
364.48,270.4
364.5,298.1
364.52,327.2
364.53,342.1
364.55,372.6
364.57,403.7
364.58,419.3
364.6,450.7
364.62,482.2
364.63,497.8
364.65,529.0
364.67,559.9
364.68,575.2
364.7,605.3
364.72,634.6
364.73,648.8
364.75,676.1
364.76,689.1
364.78,713.1
364.8,734.2
364.81,743.5
364.83,758.8
364.85,769.6
364.86,773.0
364.88,775.8
364.9,772.8
364.91,769.2
364.93,757.7
364.95,740.8
364.96,730.5
364.98,706.5
365.0,678.8
365.01,663.8
365.03,632.0
365.05,598.7
365.06,581.7
365.08,547.6
365.1,513.9
365.11,497.3
365.13,465.1
365.14,449.5
365.16,419.3
365.18,390.6
365.19,376.8
365.21,350.3
365.23,325.0
365.24,312.8
365.26,289.1
365.28,266.3
365.29,255.1
365.31,233.5
365.33,212.5
365.34,202.4
365.36,182.7
365.38,163.9
365.39,154.9
365.41,137.9
365.43,122.1
365.44,114.8
365.46,101.2
365.47,94.96
365.49,83.74
365.51,74.13
365.52,69.93
365.54,62.73
365.56,57.08
365.57,54.82
365.59,51.37
365.61,49.33
365.62,48.81
365.64,48.76
365.66,50.04
365.67,51.18
365.69,54.49
365.71,59.26
365.72,62.23
365.74,69.44
365.76,78.49
365.77,83.77
365.79,95.98
365.81,110.6
365.82,118.8
365.84,137.3
365.85,147.6
365.87,170.2
365.89,195.6
365.9,209.3
365.92,238.5
365.94,269.8
365.95,286.1
365.97,319.6
365.99,353.8
366.0,370.9
366.02,404.6
366.04,437.2
366.05,452.8
366.07,482.5
366.09,509.9
366.1,522.8
366.12,547.2
366.14,570.4
366.15,581.9
366.17,605.7
366.19,632.3
366.2,647.2
366.22,682.1
366.23,702.7
366.25,751.6
366.27,813.0
366.28,848.9
366.3,932.5
366.32,1032.0
366.33,1088.0
366.35,1212.0
366.37,1350.0
366.38,1424.0
366.4,1578.0
366.42,1736.0
366.43,1816.0
366.45,1971.0
366.47,2117.0
366.48,2184.0
366.5,2304.0
366.52,2398.0
366.53,2434.0
366.55,2482.0
366.57,2496.0
366.58,2489.0
366.6,2450.0
366.61,2418.0
366.63,2329.0
366.65,2212.0
366.66,2144.0
366.68,1993.0
366.7,1827.0
366.71,1740.0
366.73,1563.0
366.75,1387.0
366.76,1300.0
366.78,1133.0
366.8,977.6
366.81,904.9
366.83,771.3
366.85,654.0
366.86,601.6
366.88,509.1
366.9,432.3
366.91,399.3
366.93,343.5
366.95,299.3
366.96,281.1
366.98,251.0
366.99,238.8
367.01,218.6
367.03,203.1
367.04,196.5
367.06,185.2
367.08,175.4
367.09,170.8
367.11,161.9
367.13,152.9
367.14,148.3
367.16,138.9
367.18,129.1
367.19,124.1
367.21,113.9
367.23,103.9
367.24,98.99
367.26,89.6
367.28,81.02
367.29,77.14
367.31,70.39
367.32,67.59
367.34,63.35
367.36,61.12
367.37,60.85
367.39,62.11
367.41,65.99
367.42,68.96
367.44,77.09
367.46,88.24
367.47,94.98
367.49,110.8
367.51,129.8
367.52,140.4
367.54,163.9
367.56,190.1
367.57,204.1
367.59,233.6
367.61,264.8
367.62,280.7
367.64,312.9
367.66,344.9
367.67,360.5
367.69,390.3
367.7,404.3
367.72,430.1
367.74,452.1
367.75,461.6
367.77,476.9
367.79,487.3
367.8,490.5
367.82,493.3
367.84,491.2
367.85,488.5
367.87,480.2
367.89,468.6
367.9,462.0
367.92,447.4
367.94,432.0
367.95,424.4
367.97,409.9
367.99,397.0
368.0,391.4
368.02,382.5
368.04,376.7
368.05,375.2
368.07,374.8
368.08,375.9
368.1,380.7
368.12,388.5
368.13,393.4
368.15,404.7
368.17,417.6
368.18,424.3
368.2,437.9
368.22,451.0
368.23,457.1
368.25,468.0
368.27,476.7
368.28,480.0
368.3,484.6
368.32,486.2
368.33,485.9
368.35,483.1
368.37,478.0
368.38,474.7
368.4,467.0
368.42,458.6
368.43,454.5
368.45,447.1
368.46,444.0
368.48,440.1
368.5,440.2
368.51,442.1
368.53,450.7
368.55,466.7
368.56,477.9
368.58,507.8
368.6,548.5
368.61,573.4
368.63,632.7
368.65,705.6
368.66,747.3
368.68,841.2
368.7,948.9
368.71,1008.0
368.73,1134.0
368.75,1270.0
368.76,1341.0
368.78,1485.0
368.79,1559.0
368.81,1704.0
368.83,1842.0
368.84,1908.0
368.86,2029.0
368.88,2132.0
368.89,2176.0
368.91,2245.0
368.93,2289.0
368.94,2302.0
368.96,2307.0
368.98,2289.0
368.99,2273.0
369.01,2229.0
369.03,2176.0
369.04,2149.0
369.06,2101.0
369.08,2072.0
369.09,2068.0
369.11,2091.0
369.13,2169.0
369.14,2232.0
369.16,2418.0
369.17,2544.0
369.19,2870.0
369.21,3304.0
369.22,3564.0
369.24,4175.0
369.26,4906.0
369.27,5317.0
369.29,6221.0
369.31,7225.0
369.32,7758.0
369.34,8872.0
369.36,10020.0
369.37,10600.0
369.39,11740.0
369.41,12830.0
369.42,13330.0
369.44,14250.0
369.46,15020.0
369.47,15330.0
369.49,15800.0
369.51,16040.0
369.52,16070.0
369.54,15960.0
369.55,15820.0
369.57,15370.0
369.59,14710.0
369.6,14310.0
369.62,13400.0
369.64,12370.0
369.65,11820.0
369.67,10680.0
369.69,9513.0
369.7,8934.0
369.72,7803.0
369.74,6733.0
369.75,6227.0
369.77,5289.0
369.79,4457.0
369.8,4083.0
369.82,3424.0
369.84,2880.0
369.85,2650.0
369.87,2271.0
369.89,1992.0
369.9,1887.0
369.92,1739.0
369.93,1693.0
369.95,1649.0
369.97,1661.0
369.98,1683.0
370.0,1755.0
370.02,1853.0
370.03,1909.0
370.05,2027.0
370.07,2147.0
370.08,2205.0
370.1,2312.0
370.12,2402.0
370.13,2439.0
370.15,2495.0
370.17,2523.0
370.18,2527.0
370.2,2513.0
370.22,2471.0
370.23,2441.0
370.25,2365.0
370.26,2320.0
370.28,2219.0
370.3,2109.0
370.31,2053.0
370.33,1943.0
370.35,1843.0
370.36,1798.0
370.38,1723.0
370.4,1672.0
370.41,1657.0
370.43,1651.0
370.45,1678.0
370.46,1704.0
370.48,1782.0
370.5,1891.0
370.51,1957.0
370.53,2109.0
370.55,2282.0
370.56,2375.0
370.58,2571.0
370.6,2774.0
370.61,2877.0
370.63,3083.0
370.64,3185.0
370.66,3389.0
370.68,3592.0
370.69,3694.0
370.71,3906.0
370.73,4135.0
370.74,4259.0
370.76,4538.0
370.78,4870.0
370.79,5062.0
370.81,5505.0
370.83,6044.0
370.84,6353.0
370.86,7057.0
370.88,7879.0
370.89,8335.0
370.91,9330.0
370.93,10420.0
370.94,11000.0
370.96,12200.0
370.98,13430.0
370.99,14040.0
371.01,15240.0
371.02,15800.0
371.04,16860.0
371.06,17750.0
371.07,18130.0
371.09,18730.0
371.11,19080.0
371.12,19150.0
371.14,19100.0
371.16,18790.0
371.17,18530.0
371.19,17830.0
371.21,16910.0
371.22,16380.0
371.24,15200.0
371.26,13910.0
371.27,13230.0
371.29,11840.0
371.31,10440.0
371.32,9756.0
371.34,8424.0
371.36,7173.0
371.37,6585.0
371.39,5492.0
371.4,4991.0
371.42,4082.0
371.44,3297.0
371.45,2950.0
371.47,2344.0
371.49,1845.0
371.5,1632.0
371.52,1273.0
371.54,991.1
371.55,875.8
371.57,688.9
371.59,551.9
371.6,499.2
371.62,420.4
371.64,371.7
371.65,356.9
371.67,343.5
371.69,348.7
371.7,357.5
371.72,385.9
371.73,405.1
371.75,452.6
371.77,511.1
371.78,544.0
371.8,616.7
371.82,697.0
371.83,739.7
371.85,828.6
371.87,920.9
371.88,967.6
371.9,1061.0
371.92,1151.0
371.93,1194.0
371.95,1276.0
371.97,1349.0
371.98,1381.0
372.0,1437.0
372.02,1480.0
372.03,1497.0
372.05,1520.0
372.07,1531.0
372.08,1533.0
372.1,1530.0
372.11,1527.0
372.13,1520.0
372.15,1516.0
372.16,1518.0
372.18,1533.0
372.2,1571.0
372.21,1601.0
372.23,1688.0
372.25,1819.0
372.26,1904.0
372.28,2115.0
372.3,2388.0
372.31,2549.0
372.33,2920.0
372.35,3358.0
372.36,3601.0
372.38,4131.0
372.4,4712.0
372.41,5018.0
372.43,5649.0
372.45,6293.0
372.46,6612.0
372.48,7233.0
372.49,7529.0
372.51,8078.0
372.53,8549.0
372.54,8750.0
372.56,9071.0
372.58,9272.0
372.59,9325.0
372.61,9333.0
372.63,9211.0
372.64,9102.0
372.66,8795.0
372.68,8382.0
372.69,8140.0
372.71,7600.0
372.73,7000.0
372.74,6686.0
372.76,6040.0
372.78,5388.0
372.79,5067.0
372.81,4442.0
372.83,3852.0
372.84,3574.0
372.86,3057.0
372.87,2819.0
372.89,2386.0
372.91,2011.0
372.92,1845.0
372.94,1555.0
372.96,1316.0
372.97,1214.0
372.99,1044.0
373.01,912.6
373.02,860.2
373.04,778.4
373.06,723.7
373.07,705.2
373.09,683.7
373.11,679.9
373.12,683.9
373.14,701.9
373.16,731.8
373.17,750.7
373.19,795.6
373.21,849.2
373.22,879.1
373.24,944.8
373.25,980.7
373.27,1059.0
373.29,1146.0
373.3,1193.0
373.32,1295.0
373.34,1408.0
373.35,1469.0
373.37,1602.0
373.39,1749.0
373.4,1829.0
373.42,1999.0
373.44,2185.0
373.45,2284.0
373.47,2494.0
373.49,2719.0
373.5,2836.0
373.52,3079.0
373.54,3331.0
373.55,3459.0
373.57,3718.0
373.58,3848.0
373.6,4104.0
373.62,4351.0
373.63,4469.0
373.65,4692.0
373.67,4891.0
373.68,4979.0
373.7,5129.0
373.72,5239.0
373.73,5277.0
373.75,5318.0
373.77,5308.0
373.78,5283.0
373.8,5194.0
373.82,5053.0
373.83,4964.0
373.85,4750.0
373.87,4495.0
373.88,4354.0
373.9,4049.0
373.92,3722.0
373.93,3553.0
373.95,3209.0
373.96,3037.0
373.98,2695.0
374.0,2365.0
374.01,2206.0
374.03,1904.0
374.05,1627.0
374.06,1499.0
374.08,1264.0
374.1,1058.0
374.11,966.6
374.13,805.1
374.15,671.3
374.16,614.3
374.18,518.4
374.2,444.8
374.21,415.6
374.23,370.9
374.25,342.3
374.26,333.3
374.28,324.8
374.3,327.1
374.31,331.8
374.33,347.3
374.34,357.8
374.36,383.5
374.38,414.6
374.39,432.0
374.41,470.0
374.43,511.9
374.44,534.2
374.46,581.5
374.48,632.2
374.49,658.9
374.51,715.0
374.53,774.8
374.54,806.1
374.56,871.8
374.58,941.4
374.59,977.8
374.61,1054.0
374.63,1133.0
374.64,1174.0
374.66,1259.0
374.68,1347.0
374.69,1392.0
374.71,1482.0
374.72,1528.0
374.74,1618.0
374.76,1708.0
374.77,1752.0
374.79,1838.0
374.81,1918.0
374.82,1956.0
374.84,2027.0
374.86,2089.0
374.87,2116.0
374.89,2163.0
374.91,2196.0
374.92,2208.0
374.94,2221.0
374.96,2219.0
374.97,2212.0
374.99,2185.0
375.01,2142.0
375.02,2115.0
375.04,2048.0
375.05,2009.0
375.07,1920.0
375.09,1818.0
375.1,1763.0
375.12,1646.0
375.14,1521.0
375.15,1457.0
375.17,1327.0
375.19,1197.0
375.2,1132.0
375.22,1006.0
375.24,885.5
375.25,828.0
375.27,719.4
375.29,620.5
375.3,574.9
375.32,491.8
375.34,419.6
375.35,387.5
375.37,331.2
375.39,284.9
375.4,265.3
375.42,232.7
375.43,219.5
375.45,199.0
375.47,185.9
375.48,181.9
375.5,178.9
375.52,182.4
375.53,186.5
375.55,199.8
375.57,219.9
375.58,232.6
375.6,263.6
375.62,302.6
375.63,325.2
375.65,376.8
375.67,437.4
375.68,471.1
375.7,545.3
375.72,628.5
375.73,673.4
375.75,769.1
375.77,872.4
375.78,926.5
375.8,1039.0
375.81,1097.0
375.83,1216.0
375.85,1339.0
375.86,1401.0
375.88,1526.0
375.9,1652.0
375.91,1715.0
375.93,1842.0
375.95,1970.0
375.96,2034.0
375.98,2164.0
376.0,2296.0
376.01,2363.0
376.03,2499.0
376.05,2637.0
376.06,2707.0
376.08,2846.0
376.1,2984.0
376.11,3052.0
376.13,3183.0
376.15,3305.0
376.16,3361.0
376.18,3461.0
376.19,3503.0
376.21,3571.0
376.23,3613.0
376.24,3624.0
376.26,3622.0
376.28,3588.0
376.29,3559.0
376.31,3479.0
376.33,3371.0
376.34,3306.0
376.36,3161.0
376.38,2996.0
376.39,2907.0
376.41,2723.0
376.43,2533.0
376.44,2437.0
376.46,2247.0
376.48,2063.0
376.49,1974.0
376.51,1805.0
376.52,1725.0
376.54,1576.0
376.56,1441.0
376.57,1380.0
376.59,1269.0
376.61,1172.0
376.62,1129.0
376.64,1052.0
376.66,986.8
376.67,958.0
376.69,906.7
376.71,862.6
376.72,842.7
376.74,806.1
376.76,772.5
376.77,756.4
376.79,724.9
376.81,693.6
376.82,677.7
376.84,645.4
376.86,612.0
376.87,595.0
376.89,560.4
376.9,543.0
376.92,508.5
376.94,475.5
376.95,460.0
376.97,432.2
376.99,410.5
377.0,402.6
377.02,395.0
377.04,400.9
377.05,410.2
377.07,444.2
377.09,503.1
377.1,543.6
377.12,650.8
377.14,798.4
377.15,889.5
377.17,1111.0
377.19,1390.0
377.2,1554.0
377.22,1933.0
377.24,2385.0
377.25,2639.0
377.27,3204.0
377.28,3515.0
377.3,4190.0
377.32,4930.0
377.33,5322.0
377.35,6138.0
377.37,6984.0
377.38,7411.0
377.4,8260.0
377.42,9080.0
377.43,9470.0
377.45,10200.0
377.47,10830.0
377.48,11100.0
377.5,11550.0
377.52,11850.0
377.53,11950.0
377.55,12010.0
377.57,11920.0
377.58,11820.0
377.6,11500.0
377.62,11040.0
377.63,10770.0
377.65,10150.0
377.66,9804.0
377.68,9069.0
377.7,8290.0
377.71,7891.0
377.73,7089.0
377.75,6299.0
377.76,5913.0
377.78,5171.0
377.8,4476.0
377.81,4150.0
377.83,3541.0
377.85,2994.0
377.86,2745.0
377.88,2291.0
377.9,1897.0
377.91,1721.0
377.93,1409.0
377.95,1145.0
377.96,1029.0
377.98,826.9
377.99,739.3
378.01,587.9
378.03,464.3
378.04,411.6
378.06,321.9
378.08,250.2
378.09,220.0
378.11,169.6
378.13,130.2
378.14,114.0
378.16,87.34
378.18,67.12
378.19,59.01
378.21,46.1
378.23,36.84
378.24,33.36
378.26,28.3
378.28,25.45
378.29,24.76
378.31,24.72
378.33,26.44
378.34,27.98
378.36,32.51
378.37,35.59
378.39,43.63
378.41,54.67
378.42,61.55
378.44,78.66
378.46,101.2
378.47,115.1
378.49,148.8
378.51,192.5
378.52,218.9
378.54,282.3
378.56,362.8
378.57,410.5
378.59,523.0
378.61,661.6
378.62,742.0
378.64,926.9
378.66,1147.0
378.67,1271.0
378.69,1549.0
378.71,1867.0
378.72,2041.0
378.74,2417.0
378.75,2618.0
378.77,3044.0
378.79,3496.0
378.8,3728.0
378.82,4201.0
378.84,4672.0
378.85,4904.0
378.87,5349.0
378.89,5760.0
378.9,5948.0
378.92,6281.0
378.94,6548.0
378.95,6654.0
378.97,6805.0
378.99,6872.0
379.0,6873.0
379.02,6814.0
379.04,6673.0
379.05,6575.0
379.07,6327.0
379.09,6021.0
379.1,5850.0
379.12,5479.0
379.13,5283.0
379.15,4877.0
379.17,4466.0
379.18,4261.0
379.2,3863.0
379.22,3485.0
379.23,3308.0
379.25,2979.0
379.27,2690.0
379.28,2562.0
379.3,2341.0
379.32,2167.0
379.33,2099.0
379.35,1999.0
379.37,1946.0
379.38,1936.0
379.4,1948.0
379.42,1999.0
379.43,2038.0
379.45,2137.0
379.47,2260.0
379.48,2328.0
379.5,2474.0
379.51,2549.0
379.53,2698.0
379.55,2841.0
379.56,2907.0
379.58,3025.0
379.6,3119.0
379.61,3155.0
379.63,3202.0
379.65,3215.0
379.66,3207.0
379.68,3166.0
379.7,3089.0
379.71,3039.0
379.73,2916.0
379.75,2767.0
379.76,2685.0
379.78,2508.0
379.8,2320.0
379.81,2224.0
379.83,2031.0
379.84,1935.0
379.86,1748.0
379.88,1572.0
379.89,1488.0
379.91,1332.0
379.93,1192.0
379.94,1129.0
379.96,1015.0
379.98,916.9
379.99,874.0
380.01,799.2
380.03,737.7
380.04,711.3
380.06,666.1
380.08,629.3
380.09,613.5
380.11,586.1
380.13,562.8
380.14,552.4
380.16,533.3
380.18,515.9
380.19,507.7
380.21,492.2
380.22,485.0
380.24,471.7
380.26,460.7
380.27,456.3
380.29,450.7
380.31,450.4
380.32,452.9
380.34,464.4
380.36,486.5
380.37,502.3
380.39,544.9
380.41,604.5
380.42,641.3
380.44,730.7
380.46,842.6
380.47,907.5
380.49,1056.0
380.51,1229.0
380.52,1324.0
380.54,1532.0
380.56,1761.0
380.57,1881.0
380.59,2133.0
380.6,2262.0
380.62,2524.0
380.64,2783.0
380.65,2910.0
380.67,3151.0
380.69,3369.0
380.7,3468.0
380.72,3639.0
380.74,3771.0
380.75,3821.0
380.77,3885.0
380.79,3902.0
380.8,3893.0
380.82,3839.0
380.84,3743.0
380.85,3680.0
380.87,3528.0
380.89,3347.0
380.9,3247.0
380.92,3036.0
380.94,2814.0
380.95,2700.0
380.97,2474.0
380.98,2362.0
381.0,2143.0
381.02,1935.0
381.03,1836.0
381.05,1648.0
381.07,1476.0
381.08,1396.0
381.1,1247.0
381.12,1114.0
381.13,1052.0
381.15,939.4
381.17,839.4
381.18,793.9
381.2,711.2
381.22,639.1
381.23,606.9
381.25,549.7
381.27,502.0
381.28,481.7
381.3,448.2
381.31,435.0
381.33,416.0
381.35,406.7
381.36,405.9
381.38,412.2
381.4,429.3
381.41,442.0
381.43,476.5
381.45,523.5
381.46,552.2
381.48,620.6
381.5,705.7
381.51,755.3
381.53,871.2
381.55,1013.0
381.56,1096.0
381.58,1289.0
381.6,1528.0
381.61,1669.0
381.63,1998.0
381.65,2407.0
381.66,2646.0
381.68,3206.0
381.69,3533.0
381.71,4290.0
381.73,5204.0
381.74,5726.0
381.76,6910.0
381.78,8294.0
381.79,9063.0
381.81,10760.0
381.83,12650.0
381.84,13670.0
381.86,15840.0
381.88,18150.0
381.89,19350.0
381.91,21780.0
381.93,24220.0
381.94,25420.0
381.96,27740.0
381.98,29870.0
381.99,30850.0
382.01,32580.0
382.03,33960.0
382.04,34500.0
382.06,35240.0
382.07,35450.0
382.09,35500.0
382.11,35090.0
382.12,34720.0
382.14,33660.0
382.16,32220.0
382.17,31380.0
382.19,29490.0
382.21,27390.0
382.22,26280.0
382.24,24010.0
382.26,21720.0
382.27,20590.0
382.29,18390.0
382.31,16320.0
382.32,15340.0
382.34,13510.0
382.36,11880.0
382.37,11140.0
382.39,9805.0
382.41,8658.0
382.42,8150.0
382.44,7256.0
382.45,6864.0
382.47,6177.0
382.49,5600.0
382.5,5347.0
382.52,4897.0
382.54,4510.0
382.55,4335.0
382.57,4015.0
382.59,3727.0
382.6,3594.0
382.62,3342.0
382.64,3111.0
382.65,3001.0
382.67,2795.0
382.69,2605.0
382.7,2516.0
382.72,2350.0
382.74,2200.0
382.75,2131.0
382.77,2005.0
382.78,1948.0
382.8,1845.0
382.82,1757.0
382.83,1718.0
382.85,1649.0
382.87,1594.0
382.88,1570.0
382.9,1533.0
382.92,1507.0
382.93,1499.0
382.95,1493.0
382.97,1501.0
382.98,1511.0
383.0,1544.0
383.02,1597.0
383.03,1632.0
383.05,1720.0
383.07,1834.0
383.08,1903.0
383.1,2063.0
383.12,2256.0
383.13,2365.0
383.15,2608.0
383.16,2742.0
383.18,3033.0
383.2,3351.0
383.21,3519.0
383.23,3869.0
383.25,4231.0
383.26,4413.0
383.28,4775.0
383.3,5125.0
383.31,5293.0
383.33,5605.0
383.35,5879.0
383.36,5999.0
383.38,6200.0
383.4,6343.0
383.41,6391.0
383.43,6439.0
383.45,6422.0
383.46,6390.0
383.48,6278.0
383.5,6110.0
383.51,6007.0
383.53,5766.0
383.54,5632.0
383.56,5341.0
383.58,5030.0
383.59,4871.0
383.61,4551.0
383.63,4239.0
383.64,4088.0
383.66,3806.0
383.68,3553.0
383.69,3440.0
383.71,3244.0
383.73,3089.0
383.74,3027.0
383.76,2935.0
383.78,2884.0
383.79,2873.0
383.81,2875.0
383.83,2907.0
383.84,2931.0
383.86,2995.0
383.88,3070.0
383.89,3111.0
383.91,3193.0
383.92,3233.0
383.94,3309.0
383.96,3375.0
383.97,3403.0
383.99,3447.0
384.01,3473.0
384.02,3480.0
384.04,3478.0
384.06,3458.0
384.07,3441.0
384.09,3393.0
384.11,3328.0
384.12,3289.0
384.14,3200.0
384.16,3096.0
384.17,3040.0
384.19,2919.0
384.21,2787.0
384.22,2718.0
384.24,2575.0
384.25,2502.0
384.27,2353.0
384.29,2202.0
384.3,2127.0
384.32,1978.0
384.34,1834.0
384.35,1764.0
384.37,1630.0
384.39,1506.0
384.4,1448.0
384.42,1341.0
384.44,1247.0
384.45,1206.0
384.47,1134.0
384.49,1078.0
384.5,1056.0
384.52,1026.0
384.54,1013.0
384.55,1014.0
384.57,1031.0
384.59,1067.0
384.6,1093.0
384.62,1160.0
384.63,1202.0
384.65,1300.0
384.67,1418.0
384.68,1483.0
384.7,1626.0
384.72,1783.0
384.73,1865.0
384.75,2035.0
384.77,2207.0
384.78,2291.0
384.8,2456.0
384.82,2608.0
384.83,2677.0
384.85,2799.0
384.87,2896.0
384.88,2933.0
384.9,2983.0
384.92,2999.0
384.93,2994.0
384.95,2958.0
384.97,2890.0
384.98,2844.0
385.0,2732.0
385.01,2667.0
385.03,2520.0
385.05,2358.0
385.06,2272.0
385.08,2095.0
385.1,1915.0
385.11,1826.0
385.13,1651.0
385.15,1484.0
385.16,1404.0
385.18,1254.0
385.2,1118.0
385.21,1055.0
385.23,941.1
385.25,842.4
385.26,798.7
385.28,722.2
385.3,659.9
385.31,633.8
385.33,591.2
385.35,560.9
385.36,550.1
385.38,536.8
385.39,534.2
385.41,536.4
385.43,548.3
385.44,557.6
385.46,582.4
385.48,614.7
385.49,633.4
385.51,674.9
385.53,720.9
385.54,745.0
385.56,794.4
385.58,843.8
385.59,867.9
385.61,913.6
385.63,954.6
385.64,972.7
385.66,1003.0
385.68,1025.0
385.69,1033.0
385.71,1040.0
385.73,1038.0
385.74,1034.0
385.76,1018.0
385.77,1007.0
385.79,979.7
385.81,947.0
385.82,929.1
385.84,891.4
385.86,852.7
385.87,833.5
385.89,796.6
385.91,762.5
385.92,747.0
385.94,719.1
385.96,696.0
385.97,686.3
385.99,670.3
386.01,658.7
386.02,654.3
386.04,648.0
386.06,644.2
386.07,643.0
386.09,641.4
386.1,640.9
386.12,640.1
386.14,638.9
386.15,638.0
386.17,635.6
386.19,631.9
386.2,629.6
386.22,624.0
386.24,616.8
386.25,612.6
386.27,603.1
386.29,591.8
386.3,585.6
386.32,571.7
386.34,556.1
386.35,547.5
386.37,529.1
386.39,508.9
386.4,498.1
386.42,475.5
386.44,451.6
386.45,439.2
386.47,413.9
386.48,401.1
386.5,375.3
386.52,349.7
386.53,337.1
386.55,312.5
386.57,289.1
386.58,277.8
386.6,256.4
386.62,236.7
386.63,227.4
386.65,210.1
386.67,194.6
386.68,187.4
386.7,174.2
386.72,162.6
386.73,157.4
386.75,148.0
386.77,140.1
386.78,136.8
386.8,131.3
386.82,127.7
386.83,126.7
386.85,126.3
386.86,127.0
386.88,130.7
386.9,137.5
386.91,142.2
386.93,154.6
386.95,171.1
386.96,181.0
386.98,204.3
387.0,232.3
387.01,248.1
387.03,283.0
387.05,322.1
387.06,343.1
387.08,387.4
387.1,434.2
387.11,458.1
387.13,506.2
387.15,553.6
387.16,576.6
387.18,620.2
387.2,659.5
387.21,677.0
387.23,707.2
387.24,719.5
387.26,738.1
387.28,748.1
387.29,749.8
387.31,746.4
387.33,734.3
387.34,725.1
387.36,700.9
387.38,669.8
387.39,652.1
387.41,613.0
387.43,570.5
387.44,548.3
387.46,503.3
387.48,458.4
387.49,436.5
387.51,394.5
387.53,355.8
387.54,338.0
387.56,306.1
387.57,292.2
387.59,268.6
387.61,251.1
387.62,244.7
387.64,236.5
387.66,234.5
387.67,235.8
387.69,242.4
387.71,254.1
387.72,261.6
387.74,279.6
387.76,300.7
387.77,312.0
387.79,335.8
387.81,359.9
387.82,371.7
387.84,394.3
387.86,414.4
387.87,423.3
387.89,438.0
387.91,448.2
387.92,451.3
387.94,453.6
387.95,452.7
387.97,446.8
387.99,435.5
388.0,428.0
388.02,409.6
388.04,387.4
388.05,375.1
388.07,348.7
388.09,320.7
388.1,306.4
388.12,277.8
388.14,250.0
388.15,236.6
388.17,211.5
388.19,188.8
388.2,178.5
388.22,160.5
388.24,145.8
388.25,139.9
388.27,130.6
388.29,125.0
388.3,123.5
388.32,123.2
388.33,124.4
388.35,129.4
388.37,137.8
388.38,143.3
388.4,156.9
388.42,173.9
388.43,183.6
388.45,205.8
388.47,231.3
388.48,245.3
388.5,275.8
388.52,309.3
388.53,327.1
388.55,364.6
388.57,404.0
388.58,424.3
388.6,465.6
388.62,507.0
388.63,527.5
388.65,567.6
388.67,605.6
388.68,623.5
388.7,656.9
388.71,672.0
388.73,699.1
388.75,721.2
388.76,730.3
388.78,744.7
388.8,753.6
388.81,756.2
388.83,757.4
388.85,753.8
388.86,750.3
388.88,740.2
388.9,726.4
388.91,718.2
388.93,699.5
388.95,678.0
388.96,666.4
388.98,641.5
389.0,614.8
389.01,600.8
389.03,571.7
389.04,556.7
389.06,526.0
389.08,494.5
389.09,478.6
389.11,446.8
389.13,415.0
389.14,399.4
389.16,368.7
389.18,339.1
389.19,324.9
389.21,297.8
389.23,272.7
389.24,261.0
389.26,239.5
389.28,220.4
389.29,211.8
389.31,196.7
389.33,184.0
389.34,178.7
389.36,169.6
389.38,162.8
389.39,160.2
389.41,156.2
389.42,154.9
389.44,153.3
389.46,153.0
389.47,153.2
389.49,154.4
389.51,156.3
389.52,157.4
389.54,160.1
389.56,163.2
389.57,164.9
389.59,168.5
389.61,172.3
389.62,174.4
389.64,178.7
389.66,183.5
389.67,186.0
389.69,191.5
389.71,197.6
389.72,200.8
389.74,207.8
389.76,215.4
389.77,219.5
389.79,228.0
389.8,232.4
389.82,241.5
389.84,250.8
389.85,255.4
389.87,264.5
389.89,273.0
389.9,277.0
389.92,284.3
389.94,290.4
389.95,292.9
389.97,296.9
389.99,299.3
390.0,299.9
390.02,300.0
390.04,298.9
390.05,297.9
390.07,295.5
390.09,293.0
390.1,291.9
390.12,290.7
390.14,291.6
390.15,293.2
390.17,299.6
390.18,304.8
390.2,320.5
390.22,344.9
390.23,361.1
390.25,403.5
390.27,461.6
390.28,497.8
390.3,587.0
390.32,702.5
390.33,771.8
390.35,937.0
390.37,1143.0
390.38,1263.0
390.4,1542.0
390.42,1879.0
390.43,2071.0
390.45,2507.0
390.47,3015.0
390.48,3298.0
390.5,3922.0
390.51,4264.0
390.53,5006.0
390.55,5823.0
390.56,6258.0
390.58,7172.0
390.6,8135.0
390.61,8629.0
390.63,9631.0
390.65,10630.0
390.66,11120.0
390.68,12070.0
390.7,12940.0
390.71,13350.0
390.73,14060.0
390.75,14640.0
390.76,14870.0
390.78,15210.0
390.8,15360.0
390.81,15360.0
390.83,15220.0
390.85,14900.0
390.86,14670.0
390.88,14090.0
390.89,13750.0
390.91,12950.0
390.93,12050.0
390.94,11570.0
390.96,10560.0
390.98,9515.0
390.99,8989.0
391.01,7947.0
391.03,6937.0
391.04,6451.0
391.06,5526.0
391.08,4676.0
391.09,4281.0
391.11,3558.0
391.13,2922.0
391.14,2637.0
391.16,2130.0
391.18,1704.0
391.19,1519.0
391.21,1199.0
391.23,939.9
391.24,830.7
391.26,647.4
391.27,571.4
391.29,446.1
391.31,350.7
391.32,312.4
391.34,251.4
391.36,207.4
391.37,190.6
391.39,165.7
391.41,150.2
391.42,145.4
391.44,140.5
391.46,140.9
391.47,142.8
391.49,149.5
391.51,159.2
391.52,165.0
391.54,178.2
391.56,192.9
391.57,200.7
391.59,216.6
391.61,232.6
391.62,240.4
391.64,255.4
391.65,262.4
391.67,275.4
391.69,286.4
391.7,291.1
391.72,298.9
391.74,304.3
391.75,306.2
391.77,308.3
391.79,308.4
391.8,307.9
391.82,306.0
391.84,303.2
391.85,301.7
391.87,298.9
391.89,296.6
391.9,295.9
391.92,295.6
391.94,297.2
391.95,298.8
391.97,303.9
391.99,311.5
392.0,316.3
392.02,327.8
392.03,334.6
392.05,349.9
392.07,367.4
392.08,376.9
392.1,397.3
392.12,419.2
392.13,430.6
392.15,454.1
392.17,478.4
392.18,490.7
392.2,515.8
392.22,541.1
392.23,553.9
392.25,579.7
392.27,605.9
392.28,619.1
392.3,646.0
392.32,673.5
392.33,687.5
392.35,716.3
392.36,731.0
392.38,761.1
392.4,792.3
392.41,808.2
392.43,840.8
392.45,874.1
392.46,891.1
392.48,925.5
392.5,960.4
392.51,978.2
392.53,1014.0
392.55,1052.0
392.56,1071.0
392.58,1112.0
392.6,1157.0
392.61,1182.0
392.63,1238.0
392.65,1306.0
392.66,1346.0
392.68,1442.0
392.7,1564.0
392.71,1637.0
392.73,1815.0
392.74,1921.0
392.76,2176.0
392.78,2498.0
392.79,2688.0
392.81,3135.0
392.83,3681.0
392.84,3997.0
392.86,4723.0
392.88,5586.0
392.89,6075.0
392.91,7178.0
392.93,8462.0
392.94,9179.0
392.96,10780.0
392.98,12620.0
392.99,13640.0
393.01,15900.0
393.03,18500.0
393.04,19940.0
393.06,23150.0
393.08,26830.0
393.09,28870.0
393.11,33400.0
393.12,35900.0
393.14,41440.0
393.16,47730.0
393.17,51170.0
393.19,58660.0
393.21,66960.0
393.22,71420.0
393.24,80880.0
393.26,90990.0
393.27,96250.0
393.29,107100.0
393.31,118000.0
393.32,123500.0
393.34,134200.0
393.36,144400.0
393.37,149100.0
393.39,157800.0
393.41,165100.0
393.42,168100.0
393.44,172700.0
393.46,175400.0
393.47,175900.0
393.49,175300.0
393.5,174200.0
393.52,170300.0
393.54,164400.0
393.55,160800.0
393.57,152200.0
393.59,142300.0
393.6,136900.0
393.62,125500.0
393.64,113500.0
393.65,107400.0
393.67,95320.0
393.69,83450.0
393.7,77700.0
393.72,66700.0
393.74,56510.0
393.75,51760.0
393.77,42990.0
393.79,35250.0
393.8,31760.0
393.82,25540.0
393.83,22790.0
393.85,17970.0
393.87,13990.0
393.88,12280.0
393.9,9385.0
393.92,7088.0
393.93,6134.0
393.95,4561.0
393.97,3367.0
393.98,2889.0
394.0,2131.0
394.02,1591.0
394.03,1389.0
394.05,1096.0
394.07,925.8
394.08,879.7
394.1,854.1
394.12,906.4
394.13,958.8
394.15,1112.0
394.17,1327.0
394.18,1457.0
394.2,1759.0
394.21,1931.0
394.23,2316.0
394.25,2752.0
394.26,2988.0
394.28,3491.0
394.3,4029.0
394.31,4308.0
394.33,4879.0
394.35,5454.0
394.36,5738.0
394.38,6291.0
394.4,6807.0
394.41,7046.0
394.43,7477.0
394.45,7831.0
394.46,7976.0
394.48,8193.0
394.5,8308.0
394.51,8326.0
394.53,8284.0
394.55,8139.0
394.56,8030.0
394.58,7747.0
394.59,7576.0
394.61,7184.0
394.63,6741.0
394.64,6506.0
394.66,6021.0
394.68,5531.0
394.69,5290.0
394.71,4828.0
394.73,4403.0
394.74,4208.0
394.76,3862.0
394.78,3579.0
394.79,3463.0
394.81,3282.0
394.83,3170.0
394.84,3139.0
394.86,3122.0
394.88,3162.0
394.89,3200.0
394.91,3307.0
394.93,3445.0
394.94,3523.0
394.96,3687.0
394.97,3772.0
394.99,3937.0
395.01,4090.0
395.02,4159.0
395.04,4276.0
395.06,4360.0
395.07,4387.0
395.09,4412.0
395.11,4394.0
395.12,4368.0
395.14,4285.0
395.16,4161.0
395.17,4084.0
395.19,3905.0
395.21,3696.0
395.22,3582.0
395.24,3339.0
395.26,3082.0
395.27,2950.0
395.29,2684.0
395.3,2552.0
395.32,2290.0
395.34,2037.0
395.35,1916.0
395.37,1684.0
395.39,1470.0
395.4,1370.0
395.42,1184.0
395.44,1019.0
395.45,944.2
395.47,808.8
395.49,692.2
395.5,640.6
395.52,549.8
395.54,474.6
395.55,442.4
395.57,387.7
395.59,345.0
395.6,327.9
395.62,301.4
395.64,285.1
395.65,280.7
395.67,279.8
395.68,283.4
395.7,299.8
395.72,330.2
395.73,351.6
395.75,408.9
395.77,489.6
395.78,540.4
395.8,667.0
395.82,832.9
395.83,933.1
395.85,1174.0
395.87,1475.0
395.88,1651.0
395.9,2060.0
395.92,2552.0
395.93,2831.0
395.95,3459.0
395.97,4181.0
395.98,4578.0
396.0,5441.0
396.02,6391.0
396.03,6894.0
396.05,7949.0
396.06,8496.0
396.08,9614.0
396.1,10740.0
396.11,11300.0
396.13,12390.0
396.15,13410.0
396.16,13880.0
396.18,14740.0
396.2,15450.0
396.21,15740.0
396.23,16200.0
396.25,16460.0
396.26,16510.0
396.28,16470.0
396.3,16240.0
396.31,16060.0
396.33,15570.0
396.35,14940.0
396.36,14590.0
396.38,13820.0
396.4,13020.0
396.41,12610.0
396.43,11840.0
396.44,11480.0
396.46,10850.0
396.48,10380.0
396.49,10220.0
396.51,10100.0
396.53,10270.0
396.54,10490.0
396.56,11200.0
396.58,12340.0
396.59,13080.0
396.61,14930.0
396.63,17300.0
396.64,18690.0
396.66,21870.0
396.68,25600.0
396.69,27660.0
396.71,32160.0
396.73,37110.0
396.74,39730.0
396.76,45210.0
396.77,48030.0
396.79,53770.0
396.81,59500.0
396.82,62320.0
396.84,67760.0
396.86,72780.0
396.87,75090.0
396.89,79210.0
396.91,82560.0
396.92,83900.0
396.94,85890.0
396.96,86890.0
396.97,87020.0
396.99,86540.0
397.01,85130.0
397.02,84090.0
397.04,81430.0
397.06,78080.0
397.07,76200.0
397.09,72100.0
397.11,67680.0
397.12,65400.0
397.14,60790.0
397.15,58490.0
397.17,53950.0
397.19,49590.0
397.2,47490.0
397.22,43500.0
397.24,39790.0
397.25,38050.0
397.27,34790.0
397.29,31800.0
397.3,30400.0
397.32,27780.0
397.34,25360.0
397.35,24210.0
397.37,22040.0
397.39,19990.0
397.4,19010.0
397.42,17120.0
397.44,15330.0
397.45,14470.0
397.47,12820.0
397.49,11260.0
397.5,10520.0
397.52,9113.0
397.53,8452.0
397.55,7217.0
397.57,6099.0
397.58,5585.0
397.6,4647.0
397.62,3827.0
397.63,3460.0
397.65,2808.0
397.67,2258.0
397.68,2019.0
397.7,1605.0
397.72,1268.0
397.73,1126.0
397.75,886.6
397.77,699.6
397.78,622.8
397.8,497.8
397.82,404.9
397.83,368.6
397.85,312.9
397.87,276.5
397.88,264.5
397.9,251.6
397.91,250.2
397.93,257.0
397.95,276.1
397.96,290.4
397.98,328.3
398.0,379.5
398.01,410.2
398.03,482.6
398.05,570.0
398.06,619.5
398.08,730.0
398.1,855.8
398.11,924.2
398.13,1071.0
398.15,1230.0
398.16,1313.0
398.18,1484.0
398.2,1659.0
398.21,1747.0
398.23,1919.0
398.25,2084.0
398.26,2162.0
398.28,2306.0
398.29,2371.0
398.31,2483.0
398.33,2571.0
398.34,2604.0
398.36,2648.0
398.38,2663.0
398.39,2659.0
398.41,2629.0
398.43,2573.0
398.44,2536.0
398.46,2446.0
398.48,2340.0
398.49,2283.0
398.51,2162.0
398.53,2038.0
398.54,1977.0
398.56,1859.0
398.58,1751.0
398.59,1702.0
398.61,1616.0
398.62,1579.0
398.64,1521.0
398.66,1482.0
398.67,1471.0
398.69,1463.0
398.71,1473.0
398.72,1484.0
398.74,1519.0
398.76,1565.0
398.77,1592.0
398.79,1650.0
398.81,1712.0
398.82,1742.0
398.84,1802.0
398.86,1855.0
398.87,1878.0
398.89,1917.0
398.91,1942.0
398.92,1949.0
398.94,1952.0
398.96,1937.0
398.97,1924.0
398.99,1884.0
399.0,1859.0
399.02,1796.0
399.04,1720.0
399.05,1678.0
399.07,1585.0
399.09,1485.0
399.1,1434.0
399.12,1327.0
399.14,1221.0
399.15,1168.0
399.17,1066.0
399.19,970.3
399.2,925.4
399.22,842.9
399.24,771.7
399.25,740.8
399.27,689.1
399.29,651.6
399.3,638.4
399.32,623.1
399.34,622.7
399.35,627.9
399.37,648.9
399.38,664.3
399.4,704.6
399.42,755.9
399.43,785.2
399.45,849.7
399.47,920.5
399.48,957.5
399.5,1033.0
399.52,1109.0
399.53,1146.0
399.55,1217.0
399.57,1283.0
399.58,1313.0
399.6,1365.0
399.62,1407.0
399.63,1423.0
399.65,1446.0
399.67,1456.0
399.68,1456.0
399.7,1446.0
399.72,1423.0
399.73,1407.0
399.75,1366.0
399.76,1342.0
399.78,1287.0
399.8,1225.0
399.81,1191.0
399.83,1121.0
399.85,1048.0
399.86,1011.0
399.88,936.5
399.9,863.6
399.91,828.2
399.93,759.7
399.95,695.5
399.96,665.2
399.98,608.5
400.0,557.3
400.01,533.8
400.03,490.8
400.05,453.3
400.06,436.4
400.08,406.3
400.09,392.9
400.11,369.4
400.13,349.7
400.14,341.2
400.16,326.7
400.18,315.3
400.19,310.7
400.21,303.6
400.23,299.4
400.24,298.3
400.26,298.3
400.28,301.1
400.29,303.5
400.31,310.6
400.33,320.5
400.34,326.4
400.36,340.1
400.38,355.9
400.39,364.6
400.41,382.8
400.43,401.9
400.44,411.5
400.46,430.5
400.47,439.7
400.49,456.8
400.51,471.6
400.52,478.0
400.54,488.1
400.56,494.4
400.57,495.9
400.59,495.6
400.61,490.7
400.62,486.5
400.64,474.7
400.66,458.7
400.67,449.3
400.69,427.9
400.71,403.6
400.72,390.6
400.74,363.4
400.76,335.1
400.77,320.8
400.79,292.3
400.81,264.5
400.82,251.0
400.84,225.1
400.85,212.8
400.87,189.7
400.89,168.9
400.9,159.4
400.92,142.1
400.94,127.2
400.95,120.7
400.97,109.3
400.99,100.2
401.0,96.37
401.02,90.21
401.04,85.83
401.05,84.25
401.07,82.18
401.09,81.44
401.1,81.51
401.12,82.43
401.14,84.29
401.15,85.52
401.17,88.55
401.19,92.27
401.2,94.37
401.22,99.06
401.23,101.6
401.25,107.4
401.27,113.9
401.28,117.4
401.3,125.4
401.32,134.5
401.33,139.5
401.35,150.8
401.37,163.9
401.38,171.2
401.4,187.4
401.42,206.0
401.43,216.3
401.45,239.1
401.47,264.9
401.48,279.0
401.5,309.7
401.52,344.0
401.53,362.5
401.55,402.5
401.56,423.9
401.58,469.6
401.6,519.2
401.61,545.4
401.63,600.7
401.65,659.3
401.66,689.7
401.68,752.6
401.7,817.2
401.71,850.0
401.73,915.5
401.75,980.0
401.76,1011.0
401.78,1071.0
401.8,1126.0
401.81,1151.0
401.83,1196.0
401.85,1230.0
401.86,1244.0
401.88,1262.0
401.9,1268.0
401.91,1266.0
401.93,1252.0
401.94,1241.0
401.96,1208.0
401.98,1164.0
401.99,1138.0
402.01,1078.0
402.03,1010.0
402.04,974.2
402.06,898.3
402.08,819.4
402.09,779.5
402.11,699.9
402.13,622.1
402.14,584.4
402.16,512.2
402.18,445.2
402.19,413.8
402.21,355.9
402.23,304.6
402.24,281.4
402.26,240.1
402.28,205.4
402.29,190.4
402.31,164.8
402.32,154.2
402.34,137.0
402.36,124.8
402.37,120.5
402.39,115.1
402.41,113.7
402.42,114.4
402.44,118.5
402.46,125.9
402.47,130.8
402.49,142.7
402.51,157.4
402.52,165.7
402.54,184.3
402.56,205.3
402.57,216.7
402.59,241.6
402.61,269.3
402.62,284.3
402.64,317.2
402.66,354.8
402.67,375.7
402.69,422.8
402.7,449.6
402.72,511.0
402.74,585.4
402.75,628.5
402.77,728.9
402.79,851.6
402.8,922.7
402.82,1087.0
402.84,1286.0
402.85,1399.0
402.87,1655.0
402.89,1956.0
402.9,2123.0
402.92,2493.0
402.94,2911.0
402.95,3137.0
402.97,3624.0
402.99,4153.0
403.0,4432.0
403.02,5013.0
403.03,5314.0
403.05,5930.0
403.07,6557.0
403.08,6871.0
403.1,7495.0
403.12,8103.0
403.13,8398.0
403.15,8963.0
403.17,9487.0
403.18,9732.0
403.2,10180.0
403.22,10570.0
403.23,10750.0
403.25,11050.0
403.27,11280.0
403.28,11380.0
403.3,11510.0
403.32,11590.0
403.33,11600.0
403.35,11580.0
403.37,11500.0
403.38,11440.0
403.4,11270.0
403.41,11160.0
403.43,10910.0
403.45,10600.0
403.46,10430.0
403.48,10050.0
403.5,9617.0
403.51,9387.0
403.53,8897.0
403.55,8374.0
403.56,8103.0
403.58,7543.0
403.6,6968.0
403.61,6678.0
403.63,6097.0
403.65,5522.0
403.66,5240.0
403.68,4692.0
403.7,4172.0
403.71,3924.0
403.73,3458.0
403.75,3035.0
403.76,2842.0
403.78,2493.0
403.79,2338.0
403.81,2070.0
403.83,1857.0
403.84,1772.0
403.86,1643.0
403.88,1570.0
403.89,1554.0
403.91,1561.0
403.93,1618.0
403.94,1664.0
403.96,1791.0
403.98,1959.0
403.99,2057.0
404.01,2277.0
404.03,2523.0
404.04,2655.0
404.06,2928.0
404.08,3210.0
404.09,3351.0
404.11,3627.0
404.13,3890.0
404.14,4013.0
404.16,4238.0
404.17,4338.0
404.19,4509.0
404.21,4635.0
404.22,4681.0
404.24,4734.0
404.26,4737.0
404.27,4720.0
404.29,4650.0
404.31,4535.0
404.32,4463.0
404.34,4292.0
404.36,4093.0
404.37,3986.0
404.39,3760.0
404.41,3528.0
404.42,3411.0
404.44,3182.0
404.46,2963.0
404.47,2860.0
404.49,2667.0
404.51,2496.0
404.52,2419.0
404.54,2284.0
404.55,2225.0
404.57,2125.0
404.59,2047.0
404.6,2016.0
404.62,1967.0
404.64,1935.0
404.65,1924.0
404.67,1911.0
404.69,1908.0
404.7,1910.0
404.72,1918.0
404.74,1932.0
404.75,1940.0
404.77,1958.0
404.79,1978.0
404.8,1988.0
404.82,2008.0
404.84,2025.0
404.85,2033.0
404.87,2045.0
404.88,2049.0
404.9,2052.0
404.92,2047.0
404.93,2041.0
404.95,2021.0
404.97,1989.0
404.98,1969.0
405.0,1920.0
405.02,1860.0
405.03,1825.0
405.05,1749.0
405.07,1665.0
405.08,1620.0
405.1,1527.0
405.12,1432.0
405.13,1385.0
405.15,1293.0
405.17,1207.0
405.18,1167.0
405.2,1096.0
405.22,1039.0
405.23,1016.0
405.25,983.9
405.26,975.1
405.28,972.8
405.3,991.9
405.31,1010.0
405.33,1062.0
405.35,1137.0
405.36,1182.0
405.38,1287.0
405.4,1411.0
405.41,1480.0
405.43,1627.0
405.45,1785.0
405.46,1866.0
405.48,2033.0
405.5,2200.0
405.51,2282.0
405.53,2441.0
405.55,2587.0
405.56,2654.0
405.58,2775.0
405.6,2874.0
405.61,2914.0
405.63,2975.0
405.64,2996.0
405.66,3017.0
405.68,3012.0
405.69,3001.0
405.71,2960.0
405.73,2898.0
405.74,2861.0
405.76,2776.0
405.78,2679.0
405.79,2629.0
405.81,2524.0
405.83,2418.0
405.84,2365.0
405.86,2264.0
405.88,2168.0
405.89,2123.0
405.91,2039.0
405.93,1964.0
405.94,1930.0
405.96,1868.0
405.98,1816.0
405.99,1792.0
406.01,1753.0
406.02,1736.0
406.04,1709.0
406.06,1690.0
406.07,1684.0
406.09,1678.0
406.11,1682.0
406.12,1687.0
406.14,1706.0
406.16,1736.0
406.17,1754.0
406.19,1800.0
406.21,1855.0
406.22,1886.0
406.24,1954.0
406.26,2027.0
406.27,2065.0
406.29,2143.0
406.31,2219.0
406.32,2255.0
406.34,2323.0
406.35,2353.0
406.37,2405.0
406.39,2442.0
406.4,2454.0
406.42,2465.0
406.44,2455.0
406.45,2443.0
406.47,2404.0
406.49,2345.0
406.5,2308.0
406.52,2222.0
406.54,2120.0
406.55,2065.0
406.57,1945.0
406.59,1818.0
406.6,1752.0
406.62,1619.0
406.64,1485.0
406.65,1419.0
406.67,1291.0
406.69,1168.0
406.7,1110.0
406.72,999.6
406.73,948.1
406.75,853.0
406.77,768.5
406.78,730.4
406.8,662.4
406.82,605.0
406.83,580.2
406.85,538.2
406.87,505.6
406.88,492.7
406.9,473.1
406.92,461.2
406.93,458.0
406.95,456.3
406.97,460.6
406.98,464.7
407.0,476.2
407.02,491.6
407.03,500.4
407.05,519.9
407.07,540.9
407.08,551.8
407.1,573.4
407.11,584.0
407.13,604.2
407.15,622.2
407.16,630.1
407.18,643.3
407.2,652.6
407.21,655.6
407.23,658.0
407.25,655.5
407.26,652.5
407.28,642.8
407.3,628.6
407.31,620.0
407.33,600.3
407.35,577.8
407.36,565.8
407.38,541.0
407.4,516.1
407.41,504.0
407.43,481.1
407.45,461.2
407.46,452.7
407.48,439.2
407.49,434.5
407.51,429.6
407.53,431.6
407.54,435.2
407.56,448.3
407.58,469.2
407.59,482.5
407.61,515.0
407.63,555.0
407.64,577.7
407.66,627.8
407.68,683.7
407.69,713.6
407.71,776.4
407.73,842.4
407.74,876.2
407.76,944.6
407.78,1013.0
407.79,1047.0
407.81,1114.0
407.82,1146.0
407.84,1208.0
407.86,1266.0
407.87,1294.0
407.89,1345.0
407.91,1390.0
407.92,1411.0
407.94,1448.0
407.96,1480.0
407.97,1495.0
407.99,1520.0
408.01,1541.0
408.02,1551.0
408.04,1569.0
408.06,1586.0
408.07,1595.0
408.09,1614.0
408.11,1636.0
408.12,1649.0
408.14,1678.0
408.16,1714.0
408.17,1734.0
408.19,1781.0
408.2,1807.0
408.22,1865.0
408.24,1929.0
408.25,1964.0
408.27,2036.0
408.29,2112.0
408.3,2150.0
408.32,2225.0
408.34,2296.0
408.35,2329.0
408.37,2388.0
408.39,2437.0
408.4,2456.0
408.42,2484.0
408.44,2496.0
408.45,2495.0
408.47,2481.0
408.49,2450.0
408.5,2429.0
408.52,2374.0
408.54,2306.0
408.55,2267.0
408.57,2183.0
408.58,2138.0
408.6,2043.0
408.62,1944.0
408.63,1894.0
408.65,1793.0
408.67,1694.0
408.68,1645.0
408.7,1550.0
408.72,1458.0
408.73,1414.0
408.75,1329.0
408.77,1248.0
408.78,1209.0
408.8,1133.0
408.82,1061.0
408.83,1026.0
408.85,957.7
408.87,892.1
408.88,860.2
408.9,798.2
408.92,738.7
408.93,710.0
408.95,654.6
408.96,628.0
408.98,577.3
409.0,530.0
409.01,507.7
409.03,465.9
409.05,428.0
409.06,410.4
409.08,378.2
409.1,349.7
409.11,336.7
409.13,313.4
409.15,293.2
409.16,284.2
409.18,268.2
409.2,254.6
409.21,248.6
409.23,238.1
409.25,229.4
409.26,225.7
409.28,219.3
409.29,216.6
409.31,212.3
409.33,209.2
409.34,208.2
409.36,207.0
409.38,207.1
409.39,207.6
409.41,209.7
409.43,213.2
409.44,215.5
409.46,221.4
409.48,228.9
409.49,233.3
409.51,243.5
409.53,255.4
409.54,262.0
409.56,276.6
409.58,293.0
409.59,301.8
409.61,320.6
409.63,340.9
409.64,351.6
409.66,374.0
409.67,385.7
409.69,410.1
409.71,435.8
409.72,449.3
409.74,477.4
409.76,507.6
409.77,523.6
409.79,557.7
409.81,595.2
409.82,615.5
409.84,659.5
409.86,708.7
409.87,735.5
409.89,793.8
409.91,858.7
409.92,893.6
409.94,968.3
409.96,1049.0
409.97,1092.0
409.99,1180.0
410.01,1271.0
410.02,1317.0
410.04,1409.0
410.05,1454.0
410.07,1541.0
410.09,1621.0
410.1,1657.0
410.12,1722.0
410.14,1773.0
410.15,1793.0
410.17,1821.0
410.19,1830.0
410.2,1828.0
410.22,1811.0
410.24,1775.0
410.25,1750.0
410.27,1690.0
410.29,1615.0
410.3,1572.0
410.32,1480.0
410.34,1380.0
410.35,1328.0
410.37,1221.0
410.39,1114.0
410.4,1061.0
410.42,957.0
410.43,906.7
410.45,810.8
410.47,722.1
410.48,680.8
410.5,604.7
410.52,537.5
410.53,507.3
410.55,453.5
410.57,408.1
410.58,388.5
410.6,354.7
410.62,327.6
410.63,316.3
410.65,297.7
410.67,283.6
410.68,278.1
410.7,269.4
410.72,263.4
410.73,261.2
410.75,258.0
410.77,255.9
410.78,255.2
410.8,254.1
410.81,253.7
410.83,252.7
410.85,251.4
410.86,250.5
410.88,248.3
410.9,245.3
410.91,243.4
410.93,238.9
410.95,233.4
410.96,230.2
410.98,223.0
411.0,214.8
411.01,210.3
411.03,200.8
411.05,190.7
411.06,185.5
411.08,174.8
411.1,164.1
411.11,158.8
411.13,148.5
411.14,143.6
411.16,134.4
411.18,126.2
411.19,122.5
411.21,116.2
411.23,111.3
411.24,109.4
411.26,106.8
411.28,105.9
411.29,106.0
411.31,107.4
411.33,110.3
411.34,112.2
411.36,117.2
411.38,123.3
411.39,126.9
411.41,134.8
411.43,143.8
411.44,148.8
411.46,159.5
411.48,171.7
411.49,178.3
411.51,192.9
411.52,201.0
411.54,218.9
411.56,239.6
411.57,251.2
411.59,277.0
411.61,307.0
411.62,323.7
411.64,360.6
411.66,402.5
411.67,425.4
411.69,475.1
411.71,529.6
411.72,558.5
411.74,619.3
411.76,683.0
411.77,715.7
411.79,781.6
411.81,847.0
411.82,878.9
411.84,940.3
411.86,996.7
411.87,1023.0
411.89,1068.0
411.9,1088.0
411.92,1120.0
411.94,1142.0
411.95,1149.0
411.97,1155.0
411.99,1151.0
412.0,1146.0
412.02,1128.0
412.04,1103.0
412.05,1089.0
412.07,1057.0
412.09,1023.0
412.1,1005.0
412.12,972.4
412.14,942.7
412.15,929.7
412.17,908.3
412.19,894.0
412.2,889.8
412.22,887.5
412.24,893.1
412.25,898.8
412.27,915.3
412.28,925.8
412.3,950.5
412.32,978.6
412.33,993.5
412.35,1024.0
412.37,1053.0
412.38,1067.0
412.4,1092.0
412.42,1114.0
412.43,1123.0
412.45,1139.0
412.47,1152.0
412.48,1158.0
412.5,1170.0
412.52,1185.0
412.53,1195.0
412.55,1223.0
412.57,1267.0
412.58,1296.0
412.6,1376.0
412.61,1428.0
412.63,1563.0
412.65,1745.0
412.66,1857.0
412.68,2128.0
412.7,2471.0
412.71,2672.0
412.73,3138.0
412.75,3695.0
412.76,4010.0
412.78,4712.0
412.8,5512.0
412.81,5948.0
412.83,6886.0
412.85,7906.0
412.86,8442.0
412.88,9556.0
412.9,10710.0
412.91,11290.0
412.93,12440.0
412.95,13570.0
412.96,14110.0
412.98,15120.0
412.99,15590.0
413.01,16430.0
413.03,17120.0
413.04,17390.0
413.06,17810.0
413.08,18020.0
413.09,18040.0
413.11,17940.0
413.13,17630.0
413.14,17400.0
413.16,16810.0
413.18,16040.0
413.19,15610.0
413.21,14640.0
413.23,13580.0
413.24,13020.0
413.26,11870.0
413.28,10700.0
413.29,10120.0
413.31,8970.0
413.33,7868.0
413.34,7341.0
413.36,6341.0
413.37,5871.0
413.39,4999.0
413.41,4220.0
413.42,3865.0
413.44,3226.0
413.46,2677.0
413.47,2435.0
413.49,2009.0
413.51,1656.0
413.52,1505.0
413.54,1245.0
413.56,1036.0
413.57,947.9
413.59,800.0
413.61,683.6
413.62,635.2
413.64,554.5
413.66,491.3
413.67,465.1
413.69,421.2
413.71,386.7
413.72,372.5
413.74,349.0
413.75,339.6
413.77,325.2
413.79,316.5
413.8,314.4
413.82,315.0
413.84,322.5
413.85,329.1
413.87,348.6
413.89,377.2
413.9,395.3
413.92,439.4
413.94,495.1
413.95,527.5
413.97,601.8
413.99,689.0
414.0,737.6
414.02,844.5
414.04,964.3
414.05,1029.0
414.07,1167.0
414.08,1239.0
414.1,1392.0
414.12,1553.0
414.13,1635.0
414.15,1804.0
414.17,1973.0
414.18,2058.0
414.2,2225.0
414.22,2385.0
414.23,2462.0
414.25,2607.0
414.27,2737.0
414.28,2795.0
414.3,2898.0
414.32,2978.0
414.33,3009.0
414.35,3052.0
414.37,3069.0
414.38,3067.0
414.4,3043.0
414.42,2991.0
414.43,2955.0
414.45,2866.0
414.46,2812.0
414.48,2688.0
414.5,2546.0
414.51,2469.0
414.53,2306.0
414.55,2133.0
414.56,2044.0
414.58,1865.0
414.6,1686.0
414.61,1598.0
414.63,1427.0
414.65,1264.0
414.66,1187.0
414.68,1041.0
414.7,908.3
414.71,847.3
414.73,736.4
414.75,639.9
414.76,597.1
414.78,521.7
414.8,459.2
414.81,432.4
414.83,387.1
414.84,368.2
414.86,337.1
414.88,313.6
414.89,304.4
414.91,290.2
414.93,280.6
414.94,277.2
414.96,272.7
414.98,270.8
414.99,270.5
415.01,271.1
415.03,273.0
415.04,274.3
415.06,277.4
415.08,281.2
415.09,283.2
415.11,287.6
415.13,292.2
415.14,294.6
415.16,299.3
415.18,304.0
415.19,306.2
415.21,310.3
415.22,312.1
415.24,315.3
415.26,317.4
415.27,318.1
415.29,318.6
415.31,317.7
415.32,316.8
415.34,313.8
415.36,309.4
415.37,306.6
415.39,300.2
415.41,292.5
415.42,288.2
415.44,279.0
415.46,269.0
415.47,263.8
415.49,253.1
415.51,242.1
415.52,236.6
415.54,225.6
415.55,220.2
415.57,209.5
415.59,199.2
415.6,194.3
415.62,184.7
415.64,175.6
415.65,171.3
415.67,163.1
415.69,155.5
415.7,151.9
415.72,145.1
415.74,138.8
415.75,135.8
415.77,130.1
415.79,124.9
415.8,122.4
415.82,117.6
415.84,113.1
415.85,111.0
415.87,106.8
415.89,102.9
415.9,101.1
415.92,97.56
415.93,95.93
415.95,92.98
415.97,90.56
415.98,89.6
416.0,88.34
416.02,88.16
416.03,88.57
416.05,90.63
416.07,94.65
416.08,97.54
416.1,105.3
416.12,116.2
416.13,123.0
416.15,139.4
416.17,160.0
416.18,172.0
416.2,199.5
416.22,231.9
416.23,250.0
416.25,289.7
416.27,334.1
416.28,357.9
416.3,408.4
416.31,434.8
416.33,489.5
416.35,545.7
416.36,574.0
416.38,629.9
416.4,683.9
416.41,709.7
416.43,757.9
416.45,800.3
416.46,818.9
416.48,850.3
416.5,872.9
416.51,880.8
416.53,889.2
416.55,887.7
416.56,883.4
416.58,867.5
416.6,842.7
416.61,827.3
416.63,791.1
416.65,748.8
416.66,725.8
416.68,676.9
416.69,651.5
416.71,599.6
416.73,547.3
416.74,521.5
416.76,471.3
416.78,423.9
416.79,401.5
416.81,360.0
416.83,323.2
416.84,306.9
416.86,278.3
416.88,255.6
416.89,246.6
416.91,233.2
416.93,226.2
416.94,225.0
416.96,227.5
416.98,236.3
416.99,243.0
417.01,261.0
417.03,284.8
417.04,298.7
417.06,330.3
417.07,347.9
417.09,386.1
417.11,427.7
417.12,449.4
417.14,494.3
417.16,539.9
417.17,562.7
417.19,607.4
417.21,650.1
417.22,670.4
417.24,708.1
417.26,741.6
417.27,756.6
417.29,783.0
417.31,804.7
417.32,814.0
417.34,829.9
417.36,843.5
417.37,850.0
417.39,863.6
417.4,871.3
417.42,890.2
417.44,916.4
417.45,933.1
417.47,975.9
417.49,1034.0
417.5,1069.0
417.52,1155.0
417.54,1263.0
417.55,1326.0
417.57,1470.0
417.59,1639.0
417.6,1733.0
417.62,1939.0
417.64,2167.0
417.65,2289.0
417.67,2545.0
417.69,2814.0
417.7,2951.0
417.72,3230.0
417.74,3506.0
417.75,3642.0
417.77,3903.0
417.78,4027.0
417.8,4257.0
417.82,4459.0
417.83,4548.0
417.85,4697.0
417.87,4806.0
417.88,4845.0
417.9,4889.0
417.92,4888.0
417.93,4871.0
417.95,4805.0
417.97,4697.0
417.98,4629.0
418.0,4467.0
418.02,4275.0
418.03,4168.0
418.05,3939.0
418.07,3692.0
418.08,3563.0
418.1,3300.0
418.12,3033.0
418.13,2899.0
418.15,2634.0
418.16,2503.0
418.18,2249.0
418.2,2007.0
418.21,1891.0
418.23,1670.0
418.25,1465.0
418.26,1368.0
418.28,1189.0
418.3,1028.0
418.31,953.3
418.33,817.5
418.35,698.1
418.36,644.3
418.38,547.7
418.4,465.1
418.41,428.7
418.43,364.8
418.45,312.0
418.46,289.5
418.48,251.6
418.5,222.4
418.51,210.8
418.53,193.5
418.54,187.5
418.56,181.0
418.58,181.2
418.59,183.8
418.61,194.1
418.63,211.0
418.64,222.1
418.66,249.5
418.68,284.0
418.69,304.0
418.71,349.8
418.73,403.1
418.74,432.7
418.76,497.6
418.78,569.9
418.79,608.7
418.81,691.2
418.83,779.5
418.84,825.5
418.86,920.4
418.87,968.9
418.89,1067.0
418.91,1164.0
418.92,1213.0
418.94,1306.0
418.96,1393.0
418.97,1434.0
418.99,1508.0
419.01,1571.0
419.02,1598.0
419.04,1641.0
419.06,1669.0
419.07,1677.0
419.09,1682.0
419.11,1670.0
419.12,1658.0
419.14,1624.0
419.16,1575.0
419.17,1546.0
419.19,1479.0
419.21,1403.0
419.22,1361.0
419.24,1275.0
419.25,1230.0
419.27,1137.0
419.29,1044.0
419.3,998.1
419.32,907.4
419.34,820.5
419.35,778.9
419.37,700.3
419.39,628.5
419.4,595.5
419.42,535.4
419.44,483.7
419.45,461.0
419.47,422.0
419.49,391.4
419.5,379.1
419.52,360.2
419.54,348.5
419.55,345.2
419.57,343.0
419.59,346.1
419.6,349.3
419.62,358.8
419.63,364.7
419.65,378.4
419.67,393.8
419.68,401.9
419.7,418.5
419.72,434.8
419.73,442.7
419.75,457.7
419.77,471.1
419.78,477.2
419.8,487.8
419.82,496.4
419.83,499.9
419.85,505.6
419.87,509.5
419.88,510.9
419.9,513.0
419.92,514.6
419.93,515.5
419.95,518.0
419.97,522.4
419.98,525.7
420.0,535.7
420.01,542.9
420.03,562.9
420.05,592.8
420.06,612.4
420.08,663.1
420.1,732.7
420.11,776.0
420.13,882.9
420.15,1022.0
420.16,1105.0
420.18,1303.0
420.2,1549.0
420.21,1693.0
420.23,2024.0
420.25,2420.0
420.26,2645.0
420.28,3148.0
420.3,3728.0
420.31,4047.0
420.33,4742.0
420.34,5118.0
420.36,5923.0
420.38,6791.0
420.39,7246.0
420.41,8188.0
420.43,9158.0
420.44,9648.0
420.46,10620.0
420.48,11570.0
420.49,12030.0
420.51,12890.0
420.53,13670.0
420.54,14020.0
420.56,14620.0
420.58,15070.0
420.59,15240.0
420.61,15460.0
420.63,15510.0
420.64,15480.0
420.66,15270.0
420.68,14910.0
420.69,14670.0
420.71,14090.0
420.72,13750.0
420.74,12990.0
420.76,12140.0
420.77,11690.0
420.79,10760.0
420.81,9797.0
420.82,9313.0
420.84,8351.0
420.86,7414.0
420.87,6960.0
420.89,6089.0
420.91,5278.0
420.92,4897.0
420.94,4188.0
420.96,3552.0
420.97,3261.0
420.99,2734.0
421.01,2276.0
421.02,2072.0
421.04,1710.0
421.06,1406.0
421.07,1273.0
421.09,1042.0
421.1,942.6
421.12,771.9
421.14,633.9
421.15,575.5
421.17,476.7
421.19,398.4
421.2,365.6
421.22,310.6
421.24,267.2
421.25,249.1
421.27,218.5
421.29,193.9
421.3,183.4
421.32,165.2
421.34,149.8
421.35,143.0
421.37,130.5
421.39,119.4
421.4,114.2
421.42,104.4
421.44,95.33
421.45,91.04
421.47,82.91
421.48,79.07
421.5,71.87
421.52,65.34
421.53,62.35
421.55,56.92
421.57,52.3
421.58,50.3
421.6,46.96
421.62,44.52
421.63,43.64
421.65,42.59
421.67,42.48
421.68,42.78
421.7,44.09
421.72,46.34
421.73,47.83
421.75,51.53
421.77,56.2
421.78,58.92
421.8,65.15
421.81,68.67
421.83,76.61
421.85,85.82
421.86,90.96
421.88,102.4
421.9,115.6
421.91,123.0
421.93,139.4
421.95,158.4
421.96,169.0
421.98,192.6
422.0,220.0
422.01,235.2
422.03,269.1
422.05,308.1
422.06,329.7
422.08,377.3
422.1,431.2
422.11,460.6
422.13,524.7
422.15,596.0
422.16,634.3
422.18,716.5
422.19,760.3
422.21,853.3
422.23,953.0
422.24,1005.0
422.26,1115.0
422.28,1230.0
422.29,1289.0
422.31,1412.0
422.33,1539.0
422.34,1603.0
422.36,1735.0
422.38,1870.0
422.39,1939.0
422.41,2077.0
422.43,2216.0
422.44,2286.0
422.46,2426.0
422.48,2565.0
422.49,2634.0
422.51,2770.0
422.53,2902.0
422.54,2966.0
422.56,3088.0
422.57,3146.0
422.59,3254.0
422.61,3349.0
422.62,3391.0
422.64,3462.0
422.66,3514.0
422.67,3532.0
422.69,3551.0
422.71,3546.0
422.72,3534.0
422.74,3491.0
422.76,3422.0
422.77,3378.0
422.79,3272.0
422.81,3142.0
422.82,3070.0
422.84,2911.0
422.86,2736.0
422.87,2643.0
422.89,2451.0
422.91,2252.0
422.92,2151.0
422.94,1949.0
422.95,1849.0
422.97,1652.0
422.99,1463.0
423.0,1372.0
423.02,1200.0
423.04,1041.0
423.05,967.0
423.07,831.2
423.09,711.7
423.1,658.3
423.12,564.3
423.14,487.3
423.15,455.1
423.17,403.1
423.19,367.4
423.2,355.4
423.22,343.2
423.24,346.0
423.25,353.0
423.27,377.8
423.29,416.8
423.3,441.5
423.32,500.8
423.33,535.4
423.35,614.0
423.37,704.4
423.38,753.7
423.4,859.6
423.42,974.2
423.43,1034.0
423.45,1158.0
423.47,1285.0
423.48,1349.0
423.5,1476.0
423.52,1600.0
423.53,1659.0
423.55,1771.0
423.57,1873.0
423.58,1918.0
423.6,1998.0
423.62,2062.0
423.63,2087.0
423.65,2123.0
423.66,2134.0
423.68,2142.0
423.7,2131.0
423.71,2119.0
423.73,2083.0
423.75,2034.0
423.76,2004.0
423.78,1938.0
423.8,1864.0
423.81,1826.0
423.83,1746.0
423.85,1666.0
423.86,1627.0
423.88,1552.0
423.9,1481.0
423.91,1449.0
423.93,1389.0
423.95,1338.0
423.96,1315.0
423.98,1276.0
424.0,1246.0
424.01,1233.0
424.03,1214.0
424.04,1207.0
424.06,1197.0
424.08,1191.0
424.09,1190.0
424.11,1188.0
424.13,1188.0
424.14,1188.0
424.16,1187.0
424.18,1184.0
424.19,1181.0
424.21,1174.0
424.23,1162.0
424.24,1154.0
424.26,1135.0
424.28,1110.0
424.29,1096.0
424.31,1064.0
424.33,1026.0
424.34,1006.0
424.36,961.9
424.38,914.4
424.39,889.5
424.41,838.1
424.42,811.8
424.44,758.5
424.46,705.1
424.47,678.7
424.49,627.0
424.51,577.5
424.52,553.7
424.54,508.8
424.56,467.7
424.57,448.8
424.59,414.2
424.61,384.3
424.62,371.2
424.64,348.4
424.66,330.2
424.67,322.7
424.69,310.8
424.71,302.7
424.72,299.9
424.74,296.4
424.76,295.3
424.77,295.5
424.79,297.0
424.8,298.1
424.82,300.9
424.84,303.9
424.85,305.3
424.87,307.9
424.89,309.9
424.9,310.6
424.92,311.1
424.94,310.6
424.95,310.0
424.97,307.8
424.99,304.6
425.0,302.6
425.02,297.9
425.04,292.3
425.05,289.3
425.07,282.7
425.09,275.7
425.1,272.0
425.12,264.4
425.13,260.5
425.15,252.7
425.17,244.9
425.18,241.0
425.2,233.4
425.22,226.2
425.23,222.7
425.25,216.2
425.27,210.4
425.28,207.7
425.3,203.1
425.32,199.3
425.33,197.8
425.35,195.6
425.37,194.3
425.38,194.0
425.4,194.3
425.42,195.4
425.43,196.3
425.45,198.7
425.47,201.8
425.48,203.5
425.5,207.5
425.51,209.7
425.53,214.4
425.55,219.5
425.56,222.3
425.58,228.1
425.6,234.3
425.61,237.7
425.63,244.8
425.65,252.6
425.66,256.8
425.68,265.9
425.7,275.9
425.71,281.2
425.73,292.6
425.75,305.0
425.76,311.6
425.78,325.3
425.8,339.9
425.81,347.4
425.83,362.8
425.85,378.4
425.86,386.3
425.88,401.9
425.89,409.6
425.91,424.6
425.93,438.7
425.94,445.4
425.96,457.8
425.98,468.6
425.99,473.5
426.01,481.7
426.03,487.8
426.04,490.1
426.06,493.0
426.08,493.6
426.09,493.1
426.11,490.3
426.13,485.4
426.14,482.2
426.16,474.5
426.18,465.2
426.19,460.1
426.21,449.2
426.23,437.9
426.24,432.2
426.26,421.1
426.27,415.8
426.29,406.2
426.31,398.3
426.32,395.2
426.34,390.8
426.36,389.2
426.37,389.6
426.39,392.9
426.41,399.6
426.42,404.3
426.44,416.0
426.46,430.9
426.47,439.4
426.49,458.2
426.51,478.8
426.52,489.6
426.54,511.7
426.56,533.6
426.57,544.2
426.59,564.3
426.6,573.5
426.62,589.8
426.64,602.5
426.65,607.4
426.67,613.7
426.69,615.2
426.7,614.1
426.72,608.1
426.74,597.3
426.75,590.2
426.77,572.8
426.79,551.8
426.8,540.3
426.82,515.6
426.84,489.7
426.85,476.7
426.87,451.1
426.89,427.1
426.9,416.0
426.92,396.5
426.94,381.2
426.95,375.3
426.97,367.7
426.98,366.0
427.0,367.3
427.02,374.7
427.03,380.7
427.05,397.3
427.07,419.3
427.08,432.3
427.1,461.4
427.12,494.1
427.13,511.4
427.15,547.2
427.17,583.5
427.18,601.4
427.2,635.9
427.22,667.5
427.23,681.9
427.25,706.9
427.27,726.2
427.28,733.5
427.3,742.8
427.32,744.9
427.33,743.2
427.35,734.3
427.36,727.1
427.38,707.7
427.4,682.1
427.41,667.1
427.43,633.6
427.45,596.0
427.46,576.1
427.48,534.6
427.5,491.8
427.51,470.2
427.53,427.4
427.55,385.7
427.56,365.5
427.58,327.0
427.6,291.2
427.61,274.4
427.63,243.5
427.65,216.2
427.66,203.9
427.68,182.1
427.7,164.0
427.71,156.3
427.73,143.6
427.74,138.6
427.76,131.1
427.78,127.1
427.79,126.3
427.81,127.3
427.83,131.7
427.84,135.1
427.86,144.5
427.88,157.4
427.89,165.1
427.91,183.2
427.93,204.8
427.94,217.0
427.96,244.0
427.98,274.4
427.99,290.9
428.01,326.2
428.03,364.4
428.04,384.5
428.06,426.3
428.07,447.9
428.09,492.0
428.11,536.8
428.12,559.2
428.14,603.5
428.16,646.5
428.17,667.1
428.19,706.3
428.21,741.9
428.22,758.1
428.24,786.8
428.26,810.0
428.27,819.3
428.29,833.2
428.31,840.4
428.32,841.5
428.34,838.5
428.36,828.7
428.37,821.3
428.39,801.8
428.41,776.5
428.42,761.8
428.44,728.8
428.45,710.7
428.47,671.8
428.49,630.0
428.5,608.3
428.52,563.8
428.54,518.6
428.55,495.9
428.57,451.0
428.59,407.3
428.6,386.1
428.62,345.3
428.64,307.0
428.65,289.0
428.67,255.2
428.69,224.8
428.7,210.9
428.72,185.7
428.74,163.9
428.75,154.4
428.77,137.8
428.79,124.5
428.8,119.0
428.82,110.1
428.83,106.7
428.85,101.8
428.87,99.13
428.88,98.54
428.9,98.67
428.92,100.3
428.93,101.5
428.95,104.8
428.97,108.9
428.98,111.1
429.0,115.8
429.02,120.7
429.03,123.1
429.05,127.9
429.07,132.5
429.08,134.6
429.1,138.6
429.12,142.1
429.13,143.7
429.15,146.5
429.17,148.7
429.18,149.6
429.2,151.1
429.21,151.6
429.23,152.3
429.25,152.4
429.26,152.3
429.28,151.7
429.3,150.6
429.31,149.9
429.33,148.1
429.35,145.8
429.36,144.5
429.38,141.5
429.4,138.1
429.41,136.2
429.43,132.2
429.45,127.9
429.46,125.7
429.48,121.0
429.5,116.2
429.51,113.8
429.53,109.1
429.55,104.5
429.56,102.3
429.58,98.29
429.59,96.47
429.61,93.31
429.63,90.9
429.64,90.03
429.66,89.02
429.68,89.1
429.69,89.58
429.71,91.46
429.73,94.64
429.74,96.73
429.76,101.9
429.78,108.4
429.79,112.2
429.81,120.6
429.83,130.2
429.84,135.4
429.86,146.6
429.88,158.6
429.89,164.8
429.91,177.8
429.92,184.5
429.94,198.2
429.96,212.0
429.97,219.0
429.99,233.0
430.01,246.8
430.02,253.7
430.04,267.4
430.06,280.8
430.07,287.5
430.09,300.6
430.11,313.5
430.12,319.8
430.14,332.4
430.16,344.9
430.17,351.1
430.19,363.3
430.21,375.6
430.22,381.7
430.24,393.8
430.26,406.1
430.27,412.2
430.29,424.6
430.3,430.9
430.32,443.7
430.34,457.0
430.35,463.8
430.37,478.2
430.39,493.5
430.4,501.7
430.42,519.0
430.44,538.1
430.45,548.3
430.47,570.4
430.49,594.9
430.5,608.0
430.52,636.3
430.54,667.3
430.55,683.9
430.57,719.2
430.59,757.2
430.6,777.3
430.62,819.4
430.64,864.1
430.65,887.3
430.67,935.6
430.68,960.5
430.7,1012.0
430.72,1065.0
430.73,1092.0
430.75,1148.0
430.77,1205.0
430.78,1233.0
430.8,1291.0
430.82,1348.0
430.83,1376.0
430.85,1432.0
430.87,1485.0
430.88,1511.0
430.9,1559.0
430.92,1602.0
430.93,1621.0
430.95,1654.0
430.97,1679.0
430.98,1688.0
431.0,1699.0
431.02,1699.0
431.03,1695.0
431.05,1678.0
431.06,1665.0
431.08,1630.0
431.1,1585.0
431.11,1558.0
431.13,1497.0
431.15,1427.0
431.16,1388.0
431.18,1308.0
431.2,1221.0
431.21,1177.0
431.23,1086.0
431.25,995.0
431.26,949.5
431.28,859.8
431.3,773.0
431.31,731.1
431.33,650.7
431.35,575.7
431.36,540.4
431.38,474.4
431.39,443.8
431.41,387.2
431.43,336.9
431.44,314.0
431.46,272.6
431.48,236.7
431.49,220.6
431.51,192.1
431.53,168.0
431.54,157.4
431.56,138.9
431.58,123.7
431.59,117.2
431.61,106.1
431.63,97.31
431.64,93.73
431.66,87.98
431.68,83.94
431.69,82.49
431.71,80.62
431.73,79.99
431.74,80.08
431.76,80.99
431.77,81.77
431.79,83.87
431.81,86.57
431.82,88.09
431.84,91.41
431.86,94.96
431.87,96.77
431.89,100.4
431.91,104.0
431.92,105.7
431.94,109.0
431.96,112.0
431.97,113.5
431.99,116.2
432.01,118.7
432.02,120.0
432.04,122.5
432.06,125.3
432.07,126.8
432.09,130.2
432.11,134.3
432.12,136.7
432.14,142.5
432.15,145.9
432.17,153.8
432.19,163.5
432.2,169.1
432.22,182.0
432.24,197.2
432.25,205.8
432.27,224.8
432.29,246.6
432.3,258.5
432.32,284.4
432.34,313.1
432.35,328.5
432.37,361.1
432.39,396.1
432.4,414.4
432.42,452.4
432.44,491.8
432.45,511.9
432.47,552.6
432.49,593.2
432.5,613.3
432.52,652.5
432.53,671.5
432.55,707.5
432.57,740.3
432.58,755.2
432.6,781.7
432.62,803.1
432.63,811.7
432.65,824.3
432.67,830.5
432.68,831.2
432.7,827.5
432.72,817.3
432.73,809.8
432.75,790.3
432.77,765.3
432.78,750.9
432.8,718.8
432.82,683.1
432.83,664.1
432.85,624.8
432.86,604.5
432.88,563.7
432.9,523.0
432.91,503.0
432.93,464.2
432.95,427.8
432.96,410.7
432.98,379.0
433.0,351.3
433.01,339.1
433.03,318.2
433.05,302.5
433.06,296.7
433.08,289.4
433.1,288.1
433.11,289.8
433.13,297.9
433.15,312.5
433.16,322.3
433.18,346.8
433.2,377.8
433.21,395.6
433.23,435.7
433.24,457.9
433.26,506.0
433.28,558.4
433.29,585.9
433.31,642.8
433.33,701.1
433.34,730.3
433.36,787.8
433.38,842.8
433.39,868.9
433.41,917.1
433.43,959.0
433.44,977.1
433.46,1007.0
433.48,1027.0
433.49,1034.0
433.51,1039.0
433.53,1034.0
433.54,1028.0
433.56,1008.0
433.58,978.4
433.59,960.8
433.61,919.9
433.62,897.2
433.64,847.7
433.66,794.4
433.67,766.8
433.69,710.7
433.71,654.4
433.72,626.7
433.74,572.7
433.76,521.5
433.77,497.1
433.79,451.4
433.81,409.9
433.82,390.8
433.84,355.9
433.86,325.3
433.87,311.5
433.89,286.7
433.91,265.4
433.92,255.9
433.94,238.7
433.96,223.9
433.97,217.1
433.99,204.8
434.0,199.1
434.02,188.6
434.04,178.9
434.05,174.4
434.07,165.9
434.09,158.2
434.1,154.6
434.12,148.1
434.14,142.6
434.15,140.2
434.17,136.5
434.19,134.1
434.2,133.5
434.22,133.5
434.24,135.0
434.25,136.4
434.27,140.5
434.29,146.1
434.3,149.4
434.32,157.2
434.33,161.5
434.35,170.9
434.37,181.0
434.38,186.3
434.4,197.2
434.42,208.1
434.43,213.5
434.45,224.0
434.47,234.1
434.48,238.9
434.5,247.9
434.52,256.0
434.53,259.8
434.55,266.7
434.57,272.9
434.58,275.7
434.6,280.8
434.62,285.4
434.63,287.5
434.65,291.4
434.67,295.0
434.68,296.7
434.7,299.8
434.71,301.3
434.73,303.9
434.75,306.0
434.76,306.9
434.78,308.0
434.8,308.3
434.81,308.1
434.83,306.7
434.85,304.0
434.86,302.1
434.88,297.2
434.9,290.7
434.91,286.8
434.93,278.0
434.95,267.8
434.96,262.1
434.98,250.0
435.0,237.0
435.01,230.2
435.03,216.3
435.05,202.2
435.06,195.1
435.08,181.2
435.09,174.4
435.11,161.2
435.13,148.8
435.14,143.0
435.16,132.1
435.18,122.2
435.19,117.7
435.21,109.5
435.23,102.3
435.24,99.12
435.26,93.46
435.28,88.67
435.29,86.57
435.31,82.9
435.33,79.86
435.34,78.55
435.36,76.29
435.38,74.49
435.39,73.76
435.41,72.6
435.43,71.88
435.44,71.7
435.46,71.75
435.47,71.99
435.49,73.01
435.51,74.83
435.52,76.09
435.54,79.42
435.56,83.98
435.57,86.78
435.59,93.56
435.61,102.1
435.62,107.0
435.64,118.4
435.66,132.0
435.67,139.6
435.69,156.5
435.71,175.7
435.72,186.2
435.74,208.7
435.76,233.2
435.77,246.1
435.79,273.1
435.81,301.1
435.82,315.4
435.84,344.2
435.85,358.5
435.87,386.6
435.89,413.4
435.9,426.1
435.92,449.6
435.94,470.1
435.95,479.0
435.97,493.9
435.99,504.5
436.0,508.0
436.02,511.5
436.04,510.0
436.05,507.4
436.07,498.6
436.09,485.2
436.1,476.9
436.12,457.3
436.14,434.3
436.15,421.7
436.17,394.7
436.18,380.4
436.2,350.9
436.22,320.6
436.23,305.3
436.25,275.0
436.27,245.4
436.28,231.1
436.3,203.5
436.32,177.8
436.33,165.7
436.35,143.2
436.37,123.1
436.38,114.0
436.4,97.78
436.42,84.1
436.43,78.23
436.45,68.41
436.47,61.11
436.48,58.39
436.5,54.77
436.52,53.54
436.53,53.81
436.55,56.08
436.56,58.07
436.58,63.73
436.6,71.6
436.61,76.35
436.63,87.41
436.65,100.5
436.66,107.8
436.68,123.6
436.7,141.1
436.71,150.4
436.73,169.8
436.75,190.1
436.76,200.5
436.78,221.5
436.8,242.4
436.81,252.6
436.83,272.5
436.85,291.3
436.86,300.1
436.88,316.4
436.9,330.8
436.91,337.3
436.93,348.7
436.94,353.7
436.96,362.7
436.98,370.6
436.99,374.5
437.01,382.7
437.03,392.6
437.04,398.8
437.06,414.7
437.08,437.2
437.09,451.8
437.11,489.4
437.13,540.7
437.14,572.6
437.16,650.9
437.18,751.6
437.19,811.5
437.21,952.4
437.23,1124.0
437.24,1223.0
437.26,1447.0
437.28,1707.0
437.29,1852.0
437.31,2169.0
437.32,2342.0
437.34,2714.0
437.36,3119.0
437.37,3332.0
437.39,3777.0
437.41,4240.0
437.42,4476.0
437.44,4949.0
437.46,5416.0
437.47,5644.0
437.49,6081.0
437.51,6482.0
437.52,6667.0
437.54,6995.0
437.56,7261.0
437.57,7369.0
437.59,7528.0
437.61,7609.0
437.62,7619.0
437.64,7578.0
437.65,7527.0
437.67,7367.0
437.69,7134.0
437.7,6992.0
437.72,6663.0
437.74,6282.0
437.75,6075.0
437.77,5636.0
437.79,5174.0
437.8,4937.0
437.82,4461.0
437.84,3988.0
437.85,3756.0
437.87,3306.0
437.89,2881.0
437.9,2679.0
437.92,2301.0
437.94,1958.0
437.95,1801.0
437.97,1514.0
437.99,1266.0
438.0,1156.0
438.02,962.0
438.03,878.1
438.05,734.4
438.07,620.7
438.08,574.2
438.1,500.1
438.12,448.8
438.13,430.7
438.15,408.0
438.17,401.2
438.18,403.0
438.2,415.3
438.22,437.6
438.23,451.8
438.25,485.2
438.27,523.5
438.28,543.9
438.3,586.2
438.32,629.0
438.33,650.1
438.35,690.7
438.37,728.0
438.38,745.0
438.4,774.9
438.41,787.6
438.43,807.7
438.45,820.3
438.46,823.6
438.48,824.2
438.5,816.6
438.51,809.8
438.53,790.3
438.55,763.7
438.56,747.9
438.58,711.9
438.6,670.9
438.61,649.0
438.63,602.7
438.65,554.4
438.66,529.8
438.68,480.4
438.7,431.8
438.71,408.0
438.73,362.0
438.75,318.6
438.76,298.0
438.78,259.5
438.79,241.6
438.81,208.6
438.83,179.3
438.84,166.0
438.86,142.2
438.88,121.8
438.89,112.8
438.91,97.08
438.93,84.04
438.94,78.45
438.96,68.91
438.98,61.34
438.99,58.21
439.01,53.1
439.03,49.36
439.04,47.94
439.06,45.92
439.08,44.86
439.09,44.66
439.11,44.87
439.12,45.27
439.14,46.58
439.16,48.56
439.17,49.78
439.19,52.67
439.21,56.11
439.22,58.01
439.24,62.18
439.26,66.78
439.27,69.23
439.29,74.38
439.31,79.86
439.32,82.71
439.34,88.65
439.36,94.89
439.37,98.15
439.39,105.0
439.41,112.3
439.42,116.2
439.44,124.6
439.46,133.9
439.47,139.1
439.49,150.4
439.5,156.7
439.52,170.6
439.54,186.8
439.55,195.8
439.57,215.7
439.59,238.4
439.6,250.9
439.62,278.1
439.64,308.2
439.65,324.3
439.67,358.5
439.69,394.9
439.7,413.8
439.72,452.5
439.74,491.8
439.75,511.4
439.77,549.8
439.79,586.5
439.8,603.8
439.82,635.9
439.84,663.6
439.85,675.5
439.87,695.2
439.88,702.7
439.9,712.8
439.92,716.1
439.93,715.2
439.95,708.2
439.97,694.6
439.98,685.5
440.0,663.0
440.02,635.7
440.03,620.6
440.05,587.8
440.07,552.9
440.08,535.1
440.1,499.2
440.12,464.2
440.13,447.4
440.15,415.8
440.17,387.8
440.18,375.4
440.2,354.2
440.22,338.4
440.23,332.7
440.25,325.7
440.26,324.5
440.28,326.8
440.3,335.1
440.31,341.5
440.33,358.5
440.35,380.8
440.36,393.7
440.38,422.8
440.4,455.5
440.41,473.1
440.43,510.0
440.45,548.8
440.46,568.6
440.48,608.5
440.5,648.2
440.51,667.8
440.53,706.0
440.55,742.5
440.56,759.9
440.58,793.0
440.59,808.5
440.61,837.7
440.63,864.1
440.64,876.3
440.66,898.9
440.68,919.1
440.69,928.4
440.71,945.7
440.73,961.5
440.74,969.0
440.76,983.1
440.78,996.3
440.79,1003.0
440.81,1015.0
440.83,1026.0
440.84,1031.0
440.86,1040.0
440.88,1048.0
440.89,1051.0
440.91,1056.0
440.93,1058.0
440.94,1057.0
440.96,1054.0
440.97,1050.0
440.99,1041.0
441.01,1026.0
441.02,1018.0
441.04,997.4
441.06,972.9
441.07,959.4
441.09,930.1
441.11,898.5
441.12,882.2
441.14,848.9
441.16,815.8
441.17,799.6
441.19,768.8
441.21,740.8
441.22,728.2
441.24,706.0
441.26,688.7
441.27,682.0
441.29,672.8
441.31,669.1
441.32,669.3
441.34,673.8
441.35,677.9
441.37,689.5
441.39,705.0
441.4,713.9
441.42,733.4
441.44,754.2
441.45,764.7
441.47,785.3
441.49,804.2
441.5,812.7
441.52,827.0
441.54,837.0
441.55,840.1
441.57,842.2
441.59,838.3
441.6,834.0
441.62,820.8
441.64,801.3
441.65,789.4
441.67,761.4
441.69,728.5
441.7,710.4
441.72,671.7
441.73,651.2
441.75,608.9
441.77,565.5
441.78,543.8
441.8,500.9
441.82,459.6
441.83,439.8
441.85,402.6
441.87,369.0
441.88,353.7
441.9,326.6
441.92,304.4
441.93,295.1
441.95,280.4
441.97,270.9
441.98,268.0
442.0,265.8
442.02,268.3
442.03,271.2
442.05,279.9
442.07,292.3
442.08,299.7
442.1,316.6
442.11,325.9
442.13,346.0
442.15,367.4
442.16,378.5
442.18,400.7
442.2,422.8
442.21,433.5
442.23,454.0
442.25,472.6
442.26,481.1
442.28,496.1
442.3,508.1
442.31,512.8
442.33,519.6
442.35,522.7
442.36,522.8
442.38,520.2
442.4,514.0
442.41,509.5
442.43,498.3
442.44,491.6
442.46,476.3
442.48,459.1
442.49,449.9
442.51,430.9
442.53,411.7
442.54,402.2
442.56,384.0
442.58,367.5
442.59,360.2
442.61,347.6
442.63,338.5
442.64,335.4
442.66,332.7
442.68,334.8
442.69,337.7
442.71,347.8
442.73,363.4
442.74,373.3
442.76,397.3
442.78,426.7
442.79,443.3
442.81,480.1
442.82,500.0
442.84,542.7
442.86,588.3
442.87,611.8
442.89,659.9
442.91,708.1
442.92,732.0
442.94,778.4
442.96,822.3
442.97,843.0
442.99,881.3
443.01,915.1
443.02,930.2
443.04,956.7
443.06,978.8
443.07,988.4
443.09,1005.0
443.11,1021.0
443.12,1029.0
443.14,1046.0
443.16,1069.0
443.17,1083.0
443.19,1119.0
443.2,1143.0
443.22,1202.0
443.24,1283.0
443.25,1332.0
443.27,1452.0
443.29,1603.0
443.3,1691.0
443.32,1895.0
443.34,2138.0
443.35,2275.0
443.37,2578.0
443.39,2921.0
443.4,3106.0
443.42,3504.0
443.44,3932.0
443.45,4155.0
443.47,4617.0
443.49,5090.0
443.5,5328.0
443.52,5799.0
443.54,6255.0
443.55,6473.0
443.57,6883.0
443.58,7072.0
443.6,7411.0
443.62,7689.0
443.63,7803.0
443.65,7974.0
443.67,8068.0
443.68,8084.0
443.7,8054.0
443.72,7943.0
443.73,7858.0
443.75,7632.0
443.77,7337.0
443.78,7166.0
443.8,6783.0
443.82,6355.0
443.83,6128.0
443.85,5654.0
443.87,5164.0
443.88,4916.0
443.9,4421.0
443.91,4176.0
443.93,3699.0
443.95,3243.0
443.96,3025.0
443.98,2612.0
444.0,2232.0
444.01,2056.0
444.03,1732.0
444.05,1444.0
444.06,1314.0
444.08,1080.0
444.1,879.9
444.11,791.5
444.13,636.4
444.15,507.9
444.16,452.5
444.18,357.7
444.2,281.5
444.21,249.5
444.23,196.0
444.25,154.4
444.26,137.3
444.28,109.4
444.29,98.19
444.31,80.07
444.33,66.68
444.34,61.39
444.36,53.05
444.38,47.02
444.39,44.67
444.41,40.99
444.43,38.35
444.44,37.33
444.46,35.75
444.48,34.68
444.49,34.31
444.51,33.91
444.53,33.97
444.54,34.21
444.56,35.16
444.58,36.9
444.59,38.13
444.61,41.46
444.63,46.2
444.64,49.2
444.66,56.7
444.67,61.31
444.69,72.54
444.71,86.86
444.72,95.37
444.74,115.4
444.76,140.1
444.77,154.4
444.79,187.4
444.81,226.8
444.82,249.1
444.84,299.5
444.86,358.1
444.87,390.7
444.89,462.7
444.91,544.3
444.92,588.8
444.94,685.1
444.96,791.1
444.97,847.7
444.99,967.5
445.01,1095.0
445.02,1162.0
445.04,1300.0
445.05,1371.0
445.07,1514.0
445.09,1659.0
445.1,1731.0
445.12,1873.0
445.14,2010.0
445.15,2076.0
445.17,2200.0
445.19,2313.0
445.2,2364.0
445.22,2455.0
445.24,2529.0
445.25,2559.0
445.27,2606.0
445.29,2634.0
445.3,2641.0
445.32,2642.0
445.34,2626.0
445.35,2612.0
445.37,2573.0
445.38,2549.0
445.4,2493.0
445.42,2430.0
445.43,2396.0
445.45,2326.0
445.47,2256.0
445.48,2222.0
445.5,2156.0
445.52,2097.0
445.53,2070.0
445.55,2024.0
445.57,1989.0
445.58,1975.0
445.6,1957.0
445.62,1951.0
445.63,1952.0
445.65,1963.0
445.67,1984.0
445.68,1998.0
445.7,2032.0
445.72,2072.0
445.73,2094.0
445.75,2141.0
445.76,2164.0
445.78,2212.0
445.8,2258.0
445.81,2281.0
445.83,2322.0
445.85,2358.0
445.86,2374.0
445.88,2401.0
445.9,2423.0
445.91,2431.0
445.93,2443.0
445.95,2451.0
445.96,2453.0
445.98,2456.0
446.0,2457.0
446.01,2457.0
446.03,2459.0
446.05,2462.0
446.06,2465.0
446.08,2474.0
446.1,2487.0
446.11,2495.0
446.13,2515.0
446.14,2526.0
446.16,2551.0
446.18,2579.0
446.19,2594.0
446.21,2622.0
446.23,2649.0
446.24,2661.0
446.26,2682.0
446.28,2696.0
446.29,2700.0
446.31,2702.0
446.33,2693.0
446.34,2684.0
446.36,2658.0
446.38,2621.0
446.39,2598.0
446.41,2543.0
446.43,2478.0
446.44,2442.0
446.46,2362.0
446.48,2276.0
446.49,2230.0
446.51,2135.0
446.52,2086.0
446.54,1986.0
446.56,1884.0
446.57,1834.0
446.59,1734.0
446.61,1636.0
446.62,1588.0
446.64,1497.0
446.66,1410.0
446.67,1369.0
446.69,1293.0
446.71,1223.0
446.72,1191.0
446.74,1134.0
446.76,1084.0
446.77,1062.0
446.79,1025.0
446.81,994.8
446.82,982.6
446.84,963.4
446.85,956.1
446.87,945.8
446.89,940.3
446.9,939.1
446.92,938.8
446.94,940.6
446.95,941.9
446.97,944.7
446.99,947.0
447.0,947.6
447.02,947.4
447.04,944.5
447.05,941.9
447.07,934.3
447.09,923.0
447.1,916.1
447.12,899.4
447.14,879.3
447.15,868.0
447.17,843.3
447.19,816.0
447.2,801.5
447.22,771.3
447.23,755.6
447.25,723.4
447.27,690.6
447.28,674.1
447.3,641.0
447.32,608.1
447.33,591.8
447.35,559.8
447.37,528.6
447.38,513.3
447.4,483.5
447.42,454.8
447.43,440.8
447.45,413.9
447.47,388.3
447.48,376.0
447.5,352.5
447.52,330.6
447.53,320.2
447.55,300.8
447.57,283.2
447.58,275.1
447.6,260.4
447.61,253.8
447.63,242.2
447.65,232.8
447.66,228.9
447.68,222.8
447.7,218.9
447.71,217.7
447.73,217.1
447.75,218.5
447.76,219.9
447.78,224.3
447.8,230.6
447.81,234.4
447.83,243.2
447.85,253.7
447.86,259.6
447.88,272.3
447.9,286.3
447.91,293.8
447.93,309.6
447.95,326.3
447.96,334.9
447.98,352.6
447.99,361.6
448.01,379.8
448.03,397.9
448.04,406.7
448.06,424.0
448.08,440.2
448.09,447.7
448.11,461.5
448.13,473.3
448.14,478.2
448.16,486.0
448.18,490.9
448.19,492.1
448.21,491.9
448.23,488.3
448.24,485.1
448.26,476.1
448.28,463.7
448.29,456.3
448.31,439.2
448.33,419.3
448.34,408.5
448.36,385.4
448.37,373.2
448.39,347.9
448.41,321.8
448.42,308.6
448.44,282.3
448.46,256.4
448.47,243.8
448.49,219.5
448.51,196.8
448.52,186.0
448.54,166.0
448.56,148.2
448.57,140.1
448.59,125.7
448.61,113.8
448.62,108.7
448.64,100.4
448.66,94.54
448.67,92.5
448.69,90.19
448.7,89.9
448.72,91.01
448.74,94.3
448.75,96.73
448.77,103.1
448.79,111.5
448.8,116.3
448.82,127.3
448.84,139.9
448.85,146.7
448.87,161.2
448.89,176.7
448.9,184.8
448.92,201.2
448.94,217.9
448.95,226.2
448.97,242.5
448.99,258.1
449.0,265.4
449.02,279.1
449.04,291.0
449.05,296.2
449.07,304.9
449.08,308.3
449.1,313.3
449.12,315.5
449.13,315.6
449.15,313.8
449.17,309.4
449.18,306.3
449.2,298.3
449.22,288.5
449.23,283.0
449.25,271.0
449.27,258.2
449.28,251.7
449.3,238.8
449.32,226.3
449.33,220.5
449.35,209.8
449.37,200.9
449.38,197.2
449.4,191.8
449.42,189.0
449.43,188.8
449.45,190.5
449.46,192.6
449.48,199.2
449.5,208.9
449.51,215.0
449.53,229.5
449.55,246.8
449.56,256.5
449.58,277.8
449.6,301.3
449.61,313.8
449.63,340.0
449.65,367.5
449.66,381.6
449.68,410.2
449.7,439.2
449.71,453.7
449.73,482.4
449.75,510.5
449.76,524.2
449.78,550.7
449.8,575.8
449.81,587.7
449.83,610.2
449.84,620.7
449.86,640.2
449.88,657.5
449.89,665.3
449.91,679.3
449.93,690.9
449.94,695.9
449.96,704.3
449.98,710.6
449.99,713.0
450.01,716.5
450.03,718.5
450.04,718.9
450.06,718.8
450.08,717.7
450.09,716.9
450.11,714.6
450.13,711.8
450.14,710.3
450.16,706.8
450.17,704.9
450.19,700.8
450.21,696.1
450.22,693.5
450.24,687.7
450.26,680.9
450.27,677.0
450.29,668.0
450.31,657.4
450.32,651.3
450.34,637.6
450.36,621.6
450.37,612.7
450.39,593.2
450.41,571.3
450.42,559.5
450.44,534.3
450.46,507.3
450.47,493.2
450.49,464.1
450.51,434.0
450.52,418.8
450.54,388.4
450.55,373.3
450.57,343.7
450.59,315.1
450.6,301.4
450.62,275.5
450.64,251.7
450.65,240.9
450.67,221.2
450.69,204.6
450.7,197.5
450.72,185.9
450.74,177.9
450.75,175.2
450.77,172.5
450.79,173.5
450.8,175.3
450.82,181.6
450.84,191.1
450.85,197.0
450.87,210.9
450.89,227.4
450.9,236.5
450.92,255.9
450.93,266.1
450.95,287.3
450.97,308.9
450.98,319.7
451.0,340.7
451.02,360.6
451.03,369.9
451.05,386.8
451.07,401.0
451.08,406.9
451.1,416.2
451.12,421.8
451.13,423.1
451.15,422.8
451.17,418.4
451.18,414.7
451.2,404.6
451.22,390.9
451.23,382.9
451.25,364.7
451.27,344.1
451.28,333.1
451.3,309.9
451.31,298.0
451.33,273.6
451.35,249.0
451.36,236.9
451.38,213.0
451.4,190.3
451.41,179.4
451.43,158.8
451.45,139.9
451.46,131.2
451.48,115.4
451.5,101.5
451.51,95.38
451.53,84.62
451.55,75.84
451.56,72.17
451.58,66.16
451.6,61.85
451.61,60.29
451.63,58.26
451.64,57.76
451.66,57.73
451.68,58.89
451.69,59.9
451.71,62.73
451.73,66.66
451.74,69.04
451.76,74.7
451.78,81.67
451.79,85.71
451.81,95.08
451.83,106.4
451.84,113.0
451.86,128.2
451.88,146.6
451.89,157.2
451.91,181.7
451.93,211.0
451.94,227.8
451.96,265.8
451.98,310.6
451.99,335.7
452.01,391.8
452.02,422.8
452.04,491.1
452.06,567.7
452.07,609.2
452.09,698.0
452.11,794.4
452.12,845.1
452.14,950.7
452.16,1061.0
452.17,1117.0
452.19,1230.0
452.21,1343.0
452.22,1398.0
452.24,1505.0
452.26,1604.0
452.27,1651.0
452.29,1735.0
452.31,1807.0
452.32,1837.0
452.34,1885.0
452.36,1916.0
452.37,1925.0
452.39,1929.0
452.4,1924.0
452.42,1901.0
452.44,1860.0
452.45,1834.0
452.47,1770.0
452.49,1694.0
452.5,1651.0
452.52,1559.0
452.54,1460.0
452.55,1408.0
452.57,1303.0
452.59,1196.0
452.6,1144.0
452.62,1040.0
452.64,939.6
452.65,891.5
452.67,799.8
452.69,714.8
452.7,675.0
452.72,600.9
452.74,534.4
452.75,504.0
452.77,448.4
452.78,423.2
452.8,377.7
452.82,338.1
452.83,320.3
452.85,288.5
452.87,261.0
452.88,248.6
452.9,226.5
452.92,207.2
452.93,198.5
452.95,182.7
452.97,168.8
452.98,162.5
453.0,150.9
453.02,140.7
453.03,136.1
453.05,127.7
453.07,120.5
453.08,117.4
453.1,112.0
453.11,109.8
453.13,106.4
453.15,104.4
453.16,104.0
453.18,104.2
453.2,106.0
453.21,107.5
453.23,111.8
453.25,117.7
453.26,121.2
453.28,129.5
453.3,139.2
453.31,144.6
453.33,156.3
453.35,169.1
453.36,175.8
453.38,189.7
453.4,204.1
453.41,211.3
453.43,225.7
453.45,239.7
453.46,246.4
453.48,259.2
453.49,265.1
453.51,276.0
453.53,285.2
453.54,289.1
453.56,295.4
453.58,299.6
453.59,300.8
453.61,301.6
453.63,300.0
453.64,298.3
453.66,293.3
453.68,286.1
453.69,281.7
453.71,271.6
453.73,259.8
453.74,253.4
453.76,239.5
453.78,224.6
453.79,216.8
453.81,201.0
453.83,184.7
453.84,176.6
453.86,160.4
453.87,152.4
453.89,136.8
453.91,121.7
453.92,114.5
453.94,100.7
453.96,87.87
453.97,81.83
453.99,70.57
454.01,60.41
454.02,55.75
454.04,47.26
454.06,39.84
454.07,36.52
454.09,30.63
454.11,25.69
454.12,23.55
454.14,19.89
454.16,16.99
454.17,15.81
454.19,13.91
454.21,12.6
454.22,12.13
454.24,11.55
454.25,11.42
454.27,11.43
454.29,11.76
454.3,12.03
454.32,12.75
454.34,13.67
454.35,14.18
454.37,15.3
454.39,16.51
454.4,17.13
454.42,18.39
454.44,19.65
454.45,20.27
454.47,21.47
454.49,22.6
454.5,23.14
454.52,24.14
454.54,25.06
454.55,25.48
454.57,26.27
454.59,26.98
454.6,27.32
454.62,27.97
454.63,28.29
454.65,28.95
454.67,29.64
454.68,30.01
454.7,30.83
454.72,31.77
454.73,32.29
454.75,33.45
454.77,34.78
454.78,35.52
454.8,37.1
454.82,38.85
454.83,39.77
454.85,41.7
454.87,43.7
454.88,44.71
454.9,46.71
454.92,48.65
454.93,49.57
454.95,51.27
454.96,52.04
454.98,53.37
455.0,54.38
455.01,54.74
455.03,55.18
455.05,55.18
455.06,55.02
455.08,54.36
455.1,53.26
455.11,52.55
455.13,50.82
455.15,48.73
455.16,47.55
455.18,45.0
455.2,42.21
455.21,40.75
455.23,37.75
455.25,34.69
455.26,33.17
455.28,30.16
455.3,27.26
455.31,25.87
455.33,23.25
455.34,22.03
455.36,19.8
455.38,17.87
455.39,17.02
455.41,15.6
455.43,14.54
455.44,14.15
455.46,13.67
455.48,13.57
455.49,13.67
455.51,14.16
455.53,15.05
455.54,15.64
455.56,17.11
455.58,18.95
455.59,20.01
455.61,22.4
455.63,25.13
455.64,26.61
455.66,29.79
455.68,33.25
455.69,35.06
455.71,38.83
455.72,40.78
455.74,44.74
455.76,48.76
455.77,50.76
455.79,54.71
455.81,58.52
455.82,60.34
455.84,63.77
455.86,66.84
455.87,68.22
455.89,70.62
455.91,72.48
455.92,73.19
455.94,74.14
455.96,74.45
455.97,74.36
455.99,73.69
456.01,72.36
456.02,71.47
456.04,69.24
456.06,66.48
456.07,64.92
456.09,61.48
456.1,59.63
456.12,55.7
456.14,51.57
456.15,49.45
456.17,45.17
456.19,40.9
456.2,38.79
456.22,34.67
456.24,30.74
456.25,28.86
456.27,25.3
456.29,22.03
456.3,20.51
456.32,17.71
456.34,15.23
456.35,14.11
456.37,12.1
456.39,10.4
456.4,9.647
456.42,8.343
456.43,7.783
456.45,6.825
456.47,6.064
456.48,5.749
456.5,5.23
456.52,4.84
456.53,4.686
456.55,4.446
456.57,4.282
456.58,4.222
456.6,4.138
456.62,4.093
456.63,4.082
456.65,4.076
456.67,4.088
456.68,4.099
456.7,4.129
456.72,4.169
456.73,4.192
456.75,4.243
456.77,4.301
456.78,4.333
456.8,4.402
456.81,4.44
456.83,4.521
456.85,4.61
456.86,4.657
456.88,4.759
456.9,4.869
456.91,4.928
456.93,5.053
456.95,5.191
456.96,5.265
456.98,5.427
457.0,5.612
457.01,5.715
457.03,5.946
457.05,6.222
457.06,6.381
457.08,6.748
457.1,7.197
457.11,7.458
457.13,8.065
457.15,8.805
457.16,9.232
457.18,10.21
457.19,10.78
457.21,12.05
457.23,13.55
457.24,14.39
457.26,16.25
457.28,18.37
457.29,19.52
457.31,22.02
457.33,24.77
457.34,26.22
457.36,29.29
457.38,32.54
457.39,34.21
457.41,37.63
457.43,41.09
457.44,42.83
457.46,46.25
457.48,49.56
457.49,51.15
457.51,54.18
457.53,56.94
457.54,58.2
457.56,60.48
457.57,61.48
457.59,63.22
457.61,64.58
457.62,65.12
457.64,65.94
457.66,66.45
457.67,66.6
457.69,66.73
457.71,66.69
457.72,66.63
457.74,66.48
457.76,66.35
457.77,66.33
457.79,66.38
457.81,66.65
457.82,66.88
457.84,67.56
457.86,68.57
457.87,69.2
457.89,70.73
457.9,71.63
457.92,73.68
457.94,76.05
457.95,77.34
457.97,80.1
457.99,83.06
458.0,84.6
458.02,87.74
458.04,90.91
458.05,92.49
458.07,95.59
458.09,98.56
458.1,99.98
458.12,102.7
458.14,105.1
458.15,106.2
458.17,108.2
458.19,110.0
458.2,110.7
458.22,112.0
458.24,113.0
458.25,113.4
458.27,114.0
458.28,114.2
458.3,114.5
458.32,114.7
458.33,114.7
458.35,114.6
458.37,114.5
458.38,114.4
458.4,114.2
458.42,113.9
458.43,113.8
458.45,113.4
458.47,113.0
458.48,112.8
458.5,112.3
458.52,111.6
458.53,111.2
458.55,110.2
458.57,109.0
458.58,108.3
458.6,106.7
458.62,104.8
458.63,103.7
458.65,101.2
458.66,99.81
458.68,96.76
458.7,93.35
458.71,91.51
458.73,87.57
458.75,83.32
458.76,81.1
458.78,76.5
458.8,71.73
458.81,69.31
458.83,64.45
458.85,59.63
458.86,57.27
458.88,52.69
458.9,48.39
458.91,46.38
458.93,42.69
458.95,39.55
458.96,38.21
458.98,36.08
459.0,34.77
459.01,34.44
459.03,34.55
459.04,35.0
459.06,36.77
459.08,39.78
459.09,41.78
459.11,46.84
459.13,53.36
459.14,57.2
459.16,66.03
459.18,76.45
459.19,82.25
459.21,95.01
459.23,109.3
459.24,116.9
459.26,133.1
459.28,150.5
459.29,159.5
459.31,178.0
459.33,196.8
459.34,206.3
459.36,225.1
459.37,234.3
459.39,252.0
459.41,268.5
459.42,276.2
459.44,290.1
459.46,301.8
459.47,306.7
459.49,314.5
459.51,319.4
459.52,320.8
459.54,321.1
459.56,318.4
459.57,316.0
459.59,308.9
459.61,299.1
459.62,293.2
459.64,279.9
459.66,264.6
459.67,256.4
459.69,239.1
459.71,220.8
459.72,211.4
459.74,192.6
459.75,183.2
459.77,164.5
459.79,146.4
459.8,137.7
459.82,120.9
459.84,105.3
459.85,97.92
459.87,84.18
459.89,71.78
459.9,66.1
459.92,55.75
459.94,46.74
459.95,42.71
459.97,35.59
459.99,29.64
460.0,27.07
460.02,22.72
460.04,19.34
460.05,17.99
460.07,15.93
460.09,14.69
460.1,14.37
460.12,14.31
460.13,14.56
460.15,15.65
460.17,17.52
460.18,18.76
460.2,21.88
460.22,25.87
460.23,28.22
460.25,33.64
460.27,40.07
460.28,43.69
460.3,51.73
460.32,60.87
460.33,65.86
460.35,76.64
460.37,88.48
460.38,94.76
460.4,108.0
460.42,122.0
460.43,129.2
460.45,144.0
460.47,159.1
460.48,166.6
460.5,181.5
460.51,188.7
460.53,202.7
460.55,215.7
460.56,221.7
460.58,232.6
460.6,241.7
460.61,245.6
460.63,251.6
460.65,255.4
460.66,256.4
460.68,256.5
460.7,254.3
460.71,252.2
460.73,246.4
460.75,238.5
460.76,233.8
460.78,223.1
460.8,210.9
460.81,204.4
460.83,190.5
460.85,176.0
460.86,168.6
460.88,153.7
460.89,146.2
460.91,131.6
460.93,117.6
460.94,110.9
460.96,98.09
460.98,86.39
460.99,80.98
461.01,71.11
461.03,62.56
461.04,58.79
461.06,52.28
461.08,47.11
461.09,45.02
461.11,41.79
461.13,39.78
461.14,39.19
461.16,38.82
461.18,39.41
461.19,40.03
461.21,41.85
461.22,43.01
461.24,45.75
461.26,48.93
461.27,50.65
461.29,54.24
461.31,57.93
461.32,59.76
461.34,63.32
461.36,66.64
461.37,68.18
461.39,70.92
461.41,73.14
461.42,74.04
461.44,75.35
461.46,75.99
461.47,76.04
461.49,75.63
461.51,74.51
461.52,73.7
461.54,71.6
461.56,68.92
461.57,67.38
461.59,63.96
461.6,62.1
461.62,58.14
461.64,53.96
461.65,51.81
461.67,47.46
461.69,43.13
461.7,40.99
461.72,36.83
461.74,32.87
461.75,30.98
461.77,27.42
461.79,24.18
461.8,22.68
461.82,19.95
461.84,17.57
461.85,16.51
461.87,14.64
461.89,13.09
461.9,12.43
461.92,11.31
461.94,10.45
461.95,10.1
461.97,9.573
461.98,9.377
462.0,9.113
462.02,8.999
462.03,8.992
462.05,9.073
462.07,9.273
462.08,9.418
462.1,9.802
462.12,10.33
462.13,10.65
462.15,11.44
462.17,12.46
462.18,13.07
462.2,14.56
462.22,16.47
462.23,17.61
462.25,20.33
462.27,23.76
462.28,25.78
462.3,30.54
462.32,36.39
462.33,39.78
462.35,47.6
462.36,52.07
462.38,62.26
462.4,74.26
462.41,80.97
462.43,95.94
462.45,113.0
462.46,122.4
462.48,142.8
462.5,165.4
462.51,177.5
462.53,203.2
462.55,230.7
462.56,245.1
462.58,274.8
462.6,305.6
462.61,321.2
462.63,352.5
462.65,383.6
462.66,398.9
462.68,428.4
462.69,442.5
462.71,469.1
462.73,493.0
462.74,503.8
462.76,522.6
462.78,537.5
462.79,543.3
462.81,551.7
462.83,555.3
462.84,555.4
462.86,552.1
462.88,544.1
462.89,538.5
462.91,524.2
462.93,506.0
462.94,495.6
462.96,472.6
462.98,446.9
462.99,433.3
463.01,404.9
463.03,375.3
463.04,360.2
463.06,329.9
463.07,314.8
463.09,284.9
463.11,255.9
463.12,241.8
463.14,214.7
463.16,189.2
463.17,177.1
463.19,154.2
463.21,133.4
463.22,123.7
463.24,105.8
463.26,89.9
463.27,82.66
463.29,69.54
463.31,58.15
463.32,53.07
463.34,44.05
463.36,36.43
463.37,33.09
463.39,27.3
463.41,22.54
463.42,20.51
463.44,17.07
463.45,15.62
463.47,13.22
463.49,11.38
463.5,10.65
463.52,9.483
463.54,8.674
463.55,8.381
463.57,7.984
463.59,7.795
463.6,7.765
463.62,7.81
463.64,7.97
463.65,8.083
463.67,8.363
463.69,8.695
463.7,8.875
463.72,9.254
463.74,9.646
463.75,9.843
463.77,10.23
463.79,10.61
463.8,10.79
463.82,11.13
463.83,11.29
463.85,11.59
463.87,11.86
463.88,11.98
463.9,12.2
463.92,12.41
463.93,12.5
463.95,12.68
463.97,12.87
463.98,12.97
464.0,13.19
464.02,13.46
464.03,13.62
464.05,14.0
464.07,14.49
464.08,14.78
464.1,15.47
464.12,16.32
464.13,16.81
464.15,17.95
464.16,18.6
464.18,20.06
464.2,21.76
464.21,22.7
464.23,24.75
464.25,27.04
464.26,28.27
464.28,30.89
464.3,33.72
464.31,35.21
464.33,38.3
464.35,41.52
464.36,43.18
464.38,46.54
464.4,49.93
464.41,51.63
464.43,55.0
464.45,58.29
464.46,59.9
464.48,62.98
464.5,65.87
464.51,67.23
464.53,69.73
464.54,70.87
464.56,72.9
464.58,74.57
464.59,75.25
464.61,76.31
464.63,76.93
464.64,77.07
464.66,77.01
464.68,76.48
464.69,76.04
464.71,74.82
464.73,73.15
464.74,72.16
464.76,69.88
464.78,67.22
464.79,65.76
464.81,62.63
464.83,59.24
464.84,57.46
464.86,53.79
464.88,50.01
464.89,48.09
464.91,44.24
464.92,42.32
464.94,38.53
464.96,34.84
464.97,33.05
464.99,29.6
465.01,26.34
465.02,24.8
465.04,21.89
465.06,19.24
465.07,18.01
465.09,15.75
465.11,13.77
465.12,12.87
465.14,11.28
465.16,9.934
465.17,9.351
465.19,8.355
465.21,7.57
465.22,7.252
465.24,6.75
465.26,6.414
465.27,6.302
465.29,6.177
465.3,6.159
465.32,6.203
465.34,6.337
465.35,6.432
465.37,6.67
465.39,6.958
465.4,7.117
465.42,7.456
465.44,7.815
465.45,8.0
465.47,8.374
465.49,8.751
465.5,8.94
465.52,9.317
465.54,9.697
465.55,9.889
465.57,10.28
465.59,10.7
465.6,10.91
465.62,11.38
465.63,11.64
465.65,12.21
465.67,12.88
465.68,13.26
465.7,14.12
465.72,15.17
465.73,15.77
465.75,17.16
465.77,18.84
465.78,19.81
465.8,22.04
465.82,24.7
465.83,26.22
465.85,29.68
465.87,33.77
465.88,36.07
465.9,41.24
465.92,47.23
465.93,50.56
465.95,57.91
465.97,66.26
465.98,70.82
466.0,80.72
466.01,86.07
466.03,97.55
466.05,110.0
466.06,116.7
466.08,130.6
466.1,145.2
466.11,152.8
466.13,168.4
466.15,184.3
466.16,192.3
466.18,208.2
466.2,223.7
466.21,231.3
466.23,245.9
466.25,259.4
466.26,265.7
466.28,277.1
466.3,286.8
466.31,290.9
466.33,297.7
466.35,302.4
466.36,303.9
466.38,305.2
466.39,305.1
466.41,303.1
466.43,298.9
466.44,296.1
466.46,288.9
466.48,280.1
466.49,275.0
466.51,264.0
466.53,251.7
466.54,245.2
466.56,231.6
466.58,217.5
466.59,210.3
466.61,195.8
466.63,181.4
466.64,174.2
466.66,160.2
466.68,146.6
466.69,140.0
466.71,127.3
466.73,115.4
466.74,109.7
466.76,99.0
466.77,93.96
466.79,84.55
466.81,76.01
466.82,72.06
466.84,64.81
466.86,58.39
466.87,55.48
466.89,50.23
466.91,45.71
466.92,43.72
466.94,40.21
466.96,37.31
466.97,36.08
466.99,34.01
467.01,32.43
467.02,31.81
467.04,30.88
467.06,30.33
467.07,30.18
467.09,30.11
467.11,30.31
467.12,30.49
467.14,31.02
467.15,31.35
467.17,32.12
467.19,33.01
467.2,33.49
467.22,34.49
467.24,35.53
467.25,36.06
467.27,37.1
467.29,38.12
467.3,38.6
467.32,39.53
467.34,40.38
467.35,40.77
467.37,41.47
467.39,42.06
467.4,42.31
467.42,42.71
467.44,42.97
467.45,43.05
467.47,43.09
467.48,43.06
467.5,42.88
467.52,42.55
467.53,42.33
467.55,41.78
467.57,41.08
467.58,40.68
467.6,39.79
467.62,38.78
467.63,38.24
467.65,37.1
467.67,35.9
467.68,35.29
467.7,34.07
467.72,32.88
467.73,32.31
467.75,31.26
467.77,30.36
467.78,29.98
467.8,29.4
467.82,29.12
467.83,29.11
467.85,29.37
467.86,29.67
467.88,30.62
467.9,32.11
467.91,33.07
467.93,35.45
467.95,38.49
467.96,40.27
467.98,44.36
468.0,49.18
468.01,51.86
468.03,57.76
468.05,64.36
468.06,67.91
468.08,75.46
468.1,83.54
468.11,87.75
468.13,96.43
468.15,105.3
468.16,109.8
468.18,118.7
468.2,127.4
468.21,131.6
468.23,139.7
468.24,143.4
468.26,150.3
468.28,156.2
468.29,158.8
468.31,162.9
468.33,165.8
468.34,166.7
468.36,167.4
468.38,166.7
468.39,165.8
468.41,162.9
468.43,158.8
468.44,156.2
468.46,150.2
468.48,143.3
468.49,139.5
468.51,131.3
468.53,122.7
468.54,118.2
468.56,109.0
468.58,99.84
468.59,95.26
468.61,86.25
468.62,81.85
468.64,73.35
468.66,65.32
468.67,61.52
468.69,54.36
468.71,47.84
468.72,44.83
468.74,39.31
468.76,34.47
468.77,32.3
468.79,28.45
468.81,25.21
468.82,23.81
468.84,21.43
468.86,19.56
468.87,18.8
468.89,17.62
468.91,16.82
468.92,16.55
468.94,16.25
468.95,16.21
468.97,16.29
468.99,16.57
469.0,16.77
469.02,17.27
469.04,17.85
469.05,18.16
469.07,18.79
469.09,19.42
469.1,19.72
469.12,20.27
469.14,20.74
469.15,20.93
469.17,21.22
469.19,21.37
469.2,21.39
469.22,21.31
469.24,21.08
469.25,20.9
469.27,20.43
469.29,19.82
469.3,19.46
469.32,18.65
469.33,18.2
469.35,17.23
469.37,16.18
469.38,15.63
469.4,14.5
469.42,13.35
469.43,12.78
469.45,11.63
469.47,10.52
469.48,9.978
469.5,8.943
469.52,7.98
469.53,7.529
469.55,6.698
469.57,5.969
469.58,5.645
469.6,5.083
469.62,4.642
469.63,4.468
469.65,4.218
469.67,4.102
469.68,4.095
469.7,4.188
469.71,4.289
469.73,4.604
469.75,5.074
469.76,5.369
469.78,6.084
469.8,6.97
469.81,7.48
469.83,8.636
469.85,9.981
469.86,10.73
469.88,12.36
469.9,14.2
469.91,15.2
469.93,17.34
469.95,19.68
469.96,20.93
469.98,23.56
470.0,26.38
470.01,27.86
470.03,30.93
470.05,34.15
470.06,35.8
470.08,39.19
470.09,40.91
470.11,44.4
470.13,47.92
470.14,49.67
470.16,53.14
470.18,56.52
470.19,58.17
470.21,61.33
470.23,64.29
470.24,65.68
470.26,68.23
470.28,70.46
470.29,71.44
470.31,73.11
470.33,74.38
470.34,74.86
470.36,75.5
470.38,75.72
470.39,75.68
470.41,75.33
470.42,75.02
470.44,74.21
470.46,73.2
470.47,72.65
470.49,71.53
470.51,70.51
470.52,70.08
470.54,69.52
470.56,69.48
470.57,69.73
470.59,70.87
470.61,73.07
470.62,74.64
470.64,78.83
470.66,84.62
470.67,88.17
470.69,96.7
470.71,107.3
470.72,113.4
470.74,127.2
470.76,143.2
470.77,152.1
470.79,171.4
470.8,181.8
470.82,204.1
470.84,228.1
470.85,240.6
470.87,266.5
470.89,293.2
470.9,306.6
470.92,333.4
470.94,359.6
470.95,372.3
470.97,396.4
470.99,418.4
471.0,428.5
471.02,446.3
471.04,460.7
471.05,466.5
471.07,475.0
471.09,479.3
471.1,479.8
471.12,477.6
471.14,471.0
471.15,466.1
471.17,453.4
471.18,445.7
471.2,427.7
471.22,406.6
471.23,395.2
471.25,370.7
471.27,344.6
471.28,331.1
471.3,303.8
471.32,276.3
471.33,262.6
471.35,235.9
471.37,210.1
471.38,197.8
471.4,174.2
471.42,152.5
471.43,142.3
471.45,123.5
471.47,106.8
471.48,99.18
471.5,85.49
471.52,73.74
471.53,68.56
471.55,59.49
471.56,55.56
471.58,48.81
471.6,43.37
471.61,41.09
471.63,37.29
471.65,34.35
471.66,33.15
471.68,31.19
471.7,29.7
471.71,29.08
471.73,28.04
471.75,27.18
471.76,26.78
471.78,26.02
471.8,25.24
471.81,24.84
471.83,23.98
471.85,23.03
471.86,22.52
471.88,21.43
471.89,20.85
471.91,19.62
471.93,18.32
471.94,17.65
471.96,16.28
471.98,14.9
471.99,14.21
472.01,12.85
472.03,11.53
472.04,10.89
472.06,9.682
472.08,8.567
472.09,8.052
472.11,7.119
472.13,6.329
472.14,5.993
472.16,5.453
472.18,5.107
472.19,5.014
472.21,5.006
472.23,5.265
472.24,5.508
472.26,6.247
472.27,6.757
472.29,8.099
472.31,9.928
472.32,11.05
472.34,13.77
472.36,17.2
472.37,19.21
472.39,23.91
472.41,29.59
472.42,32.84
472.44,40.24
472.46,48.91
472.47,53.76
472.49,64.53
472.51,76.79
472.52,83.5
472.54,98.07
472.56,114.2
472.57,122.8
472.59,141.0
472.61,160.5
472.62,170.7
472.64,191.7
472.65,202.5
472.67,224.4
472.69,246.5
472.7,257.4
472.72,278.9
472.74,299.5
472.75,309.3
472.77,327.7
472.79,344.0
472.8,351.3
472.82,364.0
472.84,373.7
472.85,377.4
472.87,382.3
472.89,384.0
472.9,383.5
472.92,380.1
472.94,373.5
472.95,369.0
472.97,358.0
472.99,344.5
473.0,336.9
473.02,320.4
473.03,311.5
473.05,293.0
473.07,273.8
473.08,264.0
473.1,244.6
473.12,225.6
473.13,216.4
473.15,198.9
473.17,182.7
473.18,175.2
473.2,161.5
473.22,149.7
473.23,144.5
473.25,135.7
473.27,128.8
473.28,126.1
473.3,122.1
473.32,119.9
473.33,119.3
473.35,119.4
473.37,120.7
473.38,121.7
473.4,124.5
473.41,126.2
473.43,130.0
473.45,134.3
473.46,136.5
473.48,141.1
473.5,145.9
473.51,148.2
473.53,153.0
473.55,157.8
473.56,160.2
473.58,165.1
473.6,170.3
473.61,172.9
473.63,178.6
473.65,184.8
473.66,188.2
473.68,195.5
473.7,203.8
473.71,208.3
473.73,218.1
473.74,223.5
473.76,235.1
473.78,247.7
473.79,254.5
473.81,268.6
473.83,283.5
473.84,291.2
473.86,306.7
473.88,322.2
473.89,329.9
473.91,344.7
473.93,358.5
473.94,364.9
473.96,376.5
473.98,386.0
473.99,389.9
474.01,395.9
474.03,399.1
474.04,399.6
474.06,398.3
474.08,394.1
474.09,390.8
474.11,382.0
474.12,376.6
474.14,363.8
474.16,348.5
474.17,340.1
474.19,321.8
474.21,302.0
474.22,291.7
474.24,270.4
474.26,248.6
474.27,237.6
474.29,215.8
474.31,194.5
474.32,184.1
474.34,164.0
474.36,145.0
474.37,136.0
474.39,119.2
474.41,103.8
474.42,96.75
474.44,83.85
474.46,72.61
474.47,67.61
474.49,58.82
474.5,55.03
474.52,48.59
474.54,43.64
474.55,41.69
474.57,38.79
474.59,37.15
474.6,36.78
474.62,36.87
474.64,37.99
474.65,38.91
474.67,41.42
474.69,44.74
474.7,46.68
474.72,51.05
474.74,56.02
474.75,58.71
474.77,64.43
474.79,70.56
474.8,73.77
474.82,80.41
474.84,87.36
474.85,90.94
474.87,98.34
474.88,102.2
474.9,110.1
474.92,118.6
474.93,123.1
474.95,132.8
474.97,143.5
474.98,149.4
475.0,162.4
475.02,177.5
475.03,186.0
475.05,205.2
475.07,227.8
475.08,240.5
475.1,269.2
475.12,302.8
475.13,321.5
475.15,363.3
475.17,411.0
475.18,437.1
475.2,494.2
475.21,525.0
475.23,591.3
475.25,663.4
475.26,701.4
475.28,781.0
475.3,864.4
475.31,907.1
475.33,993.9
475.35,1081.0
475.36,1124.0
475.38,1209.0
475.4,1289.0
475.41,1327.0
475.43,1398.0
475.45,1460.0
475.46,1487.0
475.48,1533.0
475.5,1567.0
475.51,1579.0
475.53,1592.0
475.55,1592.0
475.56,1587.0
475.58,1566.0
475.59,1551.0
475.61,1512.0
475.63,1461.0
475.64,1432.0
475.66,1368.0
475.68,1297.0
475.69,1259.0
475.71,1183.0
475.73,1105.0
475.74,1067.0
475.76,992.5
475.78,923.3
475.79,891.4
475.81,834.2
475.83,787.7
475.84,769.1
475.86,742.1
475.88,730.2
475.89,730.3
475.91,743.6
475.93,774.9
475.94,797.6
475.96,857.2
475.97,894.3
475.99,982.8
476.01,1090.0
476.02,1151.0
476.04,1285.0
476.06,1436.0
476.07,1517.0
476.09,1689.0
476.11,1872.0
476.12,1967.0
476.14,2161.0
476.16,2359.0
476.17,2459.0
476.19,2656.0
476.21,2848.0
476.22,2941.0
476.24,3118.0
476.26,3282.0
476.27,3358.0
476.29,3497.0
476.31,3615.0
476.32,3666.0
476.34,3752.0
476.35,3787.0
476.37,3839.0
476.39,3870.0
476.4,3877.0
476.42,3877.0
476.44,3858.0
476.45,3843.0
476.47,3802.0
476.49,3748.0
476.5,3717.0
476.52,3650.0
476.54,3576.0
476.55,3537.0
476.57,3457.0
476.59,3375.0
476.6,3334.0
476.62,3250.0
476.64,3165.0
476.65,3122.0
476.67,3036.0
476.68,2992.0
476.7,2903.0
476.72,2810.0
476.73,2763.0
476.75,2665.0
476.77,2561.0
476.78,2508.0
476.8,2396.0
476.82,2279.0
476.83,2219.0
476.85,2094.0
476.87,1965.0
476.88,1899.0
476.9,1765.0
476.92,1629.0
476.93,1561.0
476.95,1426.0
476.97,1293.0
476.98,1228.0
477.0,1100.0
477.02,978.3
477.03,919.7
477.05,807.9
477.06,754.9
477.08,654.9
477.1,563.5
477.11,521.0
477.13,442.6
477.15,372.8
477.16,341.0
477.18,283.6
477.2,233.8
477.21,211.6
477.23,172.2
477.25,138.9
477.26,124.4
477.28,99.04
477.3,78.21
477.31,69.28
477.33,54.02
477.35,41.77
477.36,36.62
477.38,27.97
477.4,21.21
477.41,18.42
477.43,13.82
477.44,11.94
477.46,8.887
477.48,6.594
477.49,5.678
477.51,4.222
477.53,3.17
477.54,2.766
477.56,2.157
477.58,1.768
477.59,1.643
477.61,1.516
477.63,1.545
477.64,1.618
477.66,1.887
477.68,2.345
477.69,2.657
477.71,3.483
477.73,4.64
477.74,5.372
477.76,7.214
477.78,9.682
477.79,11.2
477.81,14.95
477.82,17.23
477.84,22.8
477.86,29.95
477.87,34.23
477.89,44.47
477.91,57.31
477.92,64.87
477.94,82.6
477.96,104.3
477.97,116.8
477.99,145.7
478.01,180.2
478.02,199.7
478.04,243.7
478.06,294.9
478.07,323.3
478.09,386.2
478.11,457.3
478.12,495.9
478.14,579.5
478.15,624.4
478.17,720.1
478.19,823.2
478.2,877.3
478.22,989.7
478.24,1107.0
478.25,1167.0
478.27,1288.0
478.29,1409.0
478.3,1468.0
478.32,1585.0
478.34,1697.0
478.35,1750.0
478.37,1848.0
478.39,1935.0
478.4,1974.0
478.42,2040.0
478.44,2091.0
478.45,2110.0
478.47,2134.0
478.49,2141.0
478.5,2137.0
478.52,2117.0
478.53,2100.0
478.55,2054.0
478.57,1993.0
478.58,1957.0
478.6,1876.0
478.62,1783.0
478.63,1734.0
478.65,1630.0
478.67,1520.0
478.68,1464.0
478.7,1351.0
478.72,1238.0
478.73,1181.0
478.75,1071.0
478.77,965.5
478.78,914.4
478.8,816.5
478.82,725.0
478.83,681.8
478.85,600.8
478.87,526.9
478.88,492.6
478.9,429.4
478.91,400.3
478.93,347.2
478.95,300.3
478.96,279.1
478.98,240.7
479.0,207.4
479.01,192.6
479.03,166.0
479.05,143.3
479.06,133.3
479.08,115.6
479.1,100.7
479.11,94.23
479.13,82.9
479.15,73.54
479.16,69.51
479.18,62.56
479.2,56.9
479.21,54.49
479.23,50.38
479.25,47.05
479.26,45.63
479.28,43.2
479.29,42.15
479.31,40.3
479.33,38.72
479.34,38.0
479.36,36.65
479.38,35.39
479.39,34.77
479.41,33.53
479.43,32.29
479.44,31.66
479.46,30.38
479.48,29.08
479.49,28.42
479.51,27.09
479.53,25.78
479.54,25.12
479.56,23.85
479.58,22.63
479.59,22.04
479.61,20.94
479.63,19.93
479.64,19.47
479.66,18.63
479.67,18.26
479.69,17.61
479.71,17.08
479.72,16.86
479.74,16.52
479.76,16.28
479.77,16.21
479.79,16.12
479.81,16.12
479.82,16.14
479.84,16.24
479.86,16.39
479.87,16.48
479.89,16.68
479.91,16.9
479.92,17.01
479.94,17.24
479.96,17.47
479.97,17.58
479.99,17.8
480.0,17.91
480.02,18.11
480.04,18.32
480.05,18.42
480.07,18.63
480.09,18.85
480.1,18.97
480.12,19.24
480.14,19.55
480.15,19.72
480.17,20.12
480.19,20.58
480.2,20.85
480.22,21.43
480.24,22.11
480.25,22.48
480.27,23.29
480.29,24.18
480.3,24.65
480.32,25.65
480.34,26.7
480.35,27.24
480.37,28.33
480.38,28.88
480.4,29.96
480.42,30.99
480.43,31.49
480.45,32.42
480.47,33.24
480.48,33.6
480.5,34.23
480.52,34.71
480.53,34.9
480.55,35.15
480.57,35.24
480.58,35.23
480.6,35.11
480.62,34.87
480.63,34.71
480.65,34.32
480.67,33.87
480.68,33.63
480.7,33.13
480.72,32.64
480.73,32.4
480.75,31.96
480.76,31.76
480.78,31.4
480.8,31.12
480.81,31.0
480.83,30.83
480.85,30.71
480.86,30.68
480.88,30.63
480.9,30.61
480.91,30.6
480.93,30.56
480.95,30.47
480.96,30.41
480.98,30.21
481.0,29.91
481.01,29.71
481.03,29.22
481.05,28.58
481.06,28.21
481.08,27.35
481.1,26.35
481.11,25.79
481.13,24.59
481.14,23.95
481.16,22.59
481.18,21.16
481.19,20.42
481.21,18.92
481.23,17.4
481.24,16.65
481.26,15.18
481.28,13.76
481.29,13.08
481.31,11.79
481.33,10.61
481.34,10.08
481.36,9.112
481.38,8.305
481.39,7.965
481.41,7.419
481.43,7.06
481.44,6.954
481.46,6.893
481.47,6.94
481.49,7.193
481.51,7.663
481.52,7.981
481.54,8.787
481.56,9.825
481.57,10.43
481.59,11.83
481.61,13.48
481.62,14.41
481.64,16.46
481.66,18.81
481.67,20.1
481.69,22.95
481.71,26.19
481.72,27.98
481.74,31.95
481.76,36.53
481.77,39.1
481.79,44.9
481.81,51.75
481.82,55.66
481.84,64.64
481.85,69.79
481.87,81.71
481.89,96.18
481.9,104.5
481.92,123.9
481.94,147.4
481.95,160.8
481.97,191.9
481.99,229.0
482.0,250.1
482.02,298.0
482.04,354.1
482.05,385.6
482.07,455.6
482.09,535.8
482.1,579.9
482.12,676.1
482.14,783.3
482.15,841.0
482.17,964.3
482.19,1098.0
482.2,1168.0
482.22,1314.0
482.23,1389.0
482.25,1544.0
482.27,1703.0
482.28,1783.0
482.3,1941.0
482.32,2096.0
482.33,2171.0
482.35,2315.0
482.37,2447.0
482.38,2508.0
482.4,2617.0
482.42,2707.0
482.43,2745.0
482.45,2803.0
482.47,2837.0
482.48,2845.0
482.5,2842.0
482.52,2815.0
482.53,2792.0
482.55,2730.0
482.57,2645.0
482.58,2595.0
482.6,2481.0
482.61,2419.0
482.63,2283.0
482.65,2136.0
482.66,2059.0
482.68,1901.0
482.7,1740.0
482.71,1659.0
482.73,1498.0
482.75,1342.0
482.76,1265.0
482.78,1118.0
482.8,979.4
482.81,913.6
482.83,789.8
482.85,676.8
482.86,624.4
482.88,528.1
482.9,442.7
482.91,404.1
482.93,334.3
482.94,303.1
482.96,247.6
482.98,200.5
482.99,179.8
483.01,143.7
483.03,113.9
483.04,101.1
483.06,79.08
483.08,61.36
483.09,53.89
483.11,41.31
483.13,31.41
483.14,27.32
483.16,20.54
483.18,15.35
483.19,13.23
483.21,9.803
483.23,7.237
483.24,6.214
483.26,4.589
483.28,3.41
483.29,2.953
483.31,2.25
483.32,1.986
483.34,1.598
483.36,1.357
483.37,1.282
483.39,1.205
483.41,1.211
483.42,1.242
483.44,1.354
483.46,1.531
483.47,1.643
483.49,1.92
483.51,2.269
483.52,2.474
483.54,2.95
483.56,3.526
483.57,3.855
483.59,4.609
483.61,5.503
483.62,6.008
483.64,7.147
483.66,8.475
483.67,9.215
483.69,10.86
483.7,11.77
483.72,13.77
483.74,16.03
483.75,17.25
483.77,19.9
483.79,22.82
483.8,24.37
483.82,27.66
483.84,31.17
483.85,33.01
483.87,36.8
483.89,40.73
483.9,42.73
483.92,46.76
483.94,50.78
483.95,52.76
483.97,56.63
483.99,60.32
484.0,62.07
484.02,65.35
484.04,68.27
484.05,69.57
484.07,71.84
484.08,72.8
484.1,74.32
484.12,75.32
484.13,75.62
484.15,75.81
484.17,75.48
484.18,75.12
484.2,74.06
484.22,72.56
484.23,71.67
484.25,69.64
484.27,67.35
484.28,66.13
484.3,63.57
484.32,60.94
484.33,59.62
484.35,57.01
484.37,54.5
484.38,53.29
484.4,51.02
484.41,49.96
484.43,48.01
484.45,46.31
484.46,45.56
484.48,44.24
484.5,43.16
484.51,42.7
484.53,41.94
484.55,41.34
484.56,41.09
484.58,40.68
484.6,40.32
484.61,40.16
484.63,39.81
484.65,39.43
484.66,39.21
484.68,38.7
484.7,38.07
484.71,37.71
484.73,36.89
484.75,35.94
484.76,35.42
484.78,34.32
484.79,33.74
484.81,32.56
484.83,31.39
484.84,30.83
484.86,29.81
484.88,29.01
484.89,28.72
484.91,28.44
484.93,28.67
484.94,29.02
484.96,30.3
484.98,32.5
484.99,34.01
485.01,38.0
485.03,43.46
485.04,46.84
485.06,55.04
485.08,65.43
485.09,71.55
485.11,85.84
485.13,103.1
485.14,113.0
485.16,135.5
485.17,148.2
485.19,176.5
485.21,209.0
485.22,227.0
485.24,266.2
485.26,310.0
485.27,333.7
485.29,384.2
485.31,439.0
485.32,467.9
485.34,528.2
485.36,591.5
485.37,624.0
485.39,690.2
485.41,757.1
485.42,790.4
485.44,856.2
485.46,919.8
485.47,950.3
485.49,1008.0
485.51,1060.0
485.52,1084.0
485.54,1126.0
485.55,1144.0
485.57,1173.0
485.59,1192.0
485.6,1199.0
485.62,1203.0
485.64,1198.0
485.65,1192.0
485.67,1172.0
485.69,1142.0
485.7,1124.0
485.72,1083.0
485.74,1035.0
485.75,1008.0
485.77,951.8
485.79,891.7
485.8,860.6
485.82,797.4
485.84,733.7
485.85,702.0
485.87,639.7
485.89,579.6
485.9,550.7
485.92,495.3
485.93,469.1
485.95,419.7
485.97,374.7
485.98,353.9
486.0,315.6
486.02,281.9
486.03,266.6
486.05,239.0
486.07,215.3
486.08,204.7
486.1,185.9
486.12,169.9
486.13,162.8
486.15,150.2
486.17,139.4
486.18,134.5
486.2,125.6
486.22,117.7
486.23,114.0
486.25,107.1
486.26,103.7
486.28,97.32
486.3,91.1
486.31,88.05
486.33,82.01
486.35,76.05
486.36,73.1
486.38,67.26
486.4,61.53
486.41,58.71
486.43,53.2
486.45,47.89
486.46,45.33
486.48,40.4
486.5,35.77
486.51,33.57
486.53,29.44
486.55,25.66
486.56,23.92
486.58,20.7
486.6,17.87
486.61,16.59
486.63,14.33
486.64,13.33
486.66,11.61
486.68,10.25
486.69,9.701
486.71,8.856
486.73,8.346
486.74,8.214
486.76,8.197
486.78,8.506
486.79,8.782
486.81,9.582
486.83,10.71
486.84,11.4
486.86,13.04
486.88,15.02
486.89,16.14
486.91,18.63
486.93,21.46
486.94,23.01
486.96,26.33
486.98,29.96
486.99,31.88
487.01,35.9
487.02,38.0
487.04,42.33
487.06,46.79
487.07,49.05
487.09,53.58
487.11,58.07
487.12,60.27
487.14,64.54
487.16,68.55
487.17,70.43
487.19,73.91
487.21,76.93
487.22,78.25
487.24,80.47
487.26,82.09
487.27,82.67
487.29,83.35
487.31,83.37
487.32,83.15
487.34,82.23
487.36,80.73
487.37,79.78
487.39,77.52
487.4,76.23
487.42,73.38
487.44,70.25
487.45,68.62
487.47,65.28
487.49,61.93
487.5,60.28
487.52,57.13
487.54,54.23
487.55,52.9
487.57,50.57
487.59,48.72
487.6,48.0
487.62,47.01
487.64,46.67
487.65,46.76
487.67,47.5
487.69,49.0
487.7,50.06
487.72,52.81
487.73,54.52
487.75,58.65
487.77,63.81
487.78,66.81
487.8,73.74
487.82,82.07
487.83,86.84
487.85,97.73
487.87,110.7
487.88,118.2
487.9,135.2
487.92,155.5
487.93,167.1
487.95,193.6
487.97,225.2
487.98,243.1
488.0,283.9
488.02,331.9
488.03,358.9
488.05,419.4
488.07,489.4
488.08,528.2
488.1,613.8
488.11,660.7
488.13,763.0
488.15,876.8
488.16,937.9
488.18,1068.0
488.2,1209.0
488.21,1283.0
488.23,1438.0
488.25,1599.0
488.26,1682.0
488.28,1849.0
488.3,2018.0
488.31,2101.0
488.33,2266.0
488.35,2423.0
488.36,2498.0
488.38,2638.0
488.4,2764.0
488.41,2820.0
488.43,2917.0
488.45,2992.0
488.46,3021.0
488.48,3060.0
488.49,3070.0
488.51,3070.0
488.53,3045.0
488.54,3022.0
488.56,2959.0
488.58,2873.0
488.59,2822.0
488.61,2705.0
488.63,2571.0
488.64,2499.0
488.66,2346.0
488.68,2183.0
488.69,2100.0
488.71,1931.0
488.73,1761.0
488.74,1676.0
488.76,1510.0
488.78,1350.0
488.79,1273.0
488.81,1126.0
488.83,988.5
488.84,924.1
488.86,804.0
488.87,748.5
488.89,646.5
488.91,556.5
488.92,516.0
488.94,443.4
488.96,381.6
488.97,354.4
488.99,307.3
489.01,268.7
489.02,252.3
489.04,224.8
489.06,203.4
489.07,194.7
489.09,180.7
489.11,170.5
489.12,166.6
489.14,160.8
489.16,156.8
489.17,155.4
489.19,153.3
489.2,152.6
489.22,151.3
489.24,150.0
489.25,149.3
489.27,147.7
489.29,145.6
489.3,144.3
489.32,141.4
489.34,137.8
489.35,135.9
489.37,131.6
489.39,127.1
489.4,124.8
489.42,120.2
489.44,116.0
489.45,114.1
489.47,110.9
489.49,109.0
489.5,108.6
489.52,109.3
489.54,112.4
489.55,115.0
489.57,122.7
489.58,128.0
489.6,141.7
489.62,160.4
489.63,171.7
489.65,199.0
489.67,232.9
489.68,252.5
489.7,297.6
489.72,351.0
489.73,380.9
489.75,447.6
489.77,523.5
489.78,565.0
489.8,655.0
489.82,754.2
489.83,807.0
489.85,918.9
489.87,1038.0
489.88,1100.0
489.9,1228.0
489.92,1359.0
489.93,1425.0
489.95,1558.0
489.96,1623.0
489.98,1752.0
490.0,1875.0
490.01,1934.0
490.03,2043.0
490.05,2141.0
490.06,2184.0
490.08,2260.0
490.1,2318.0
490.11,2340.0
490.13,2369.0
490.15,2379.0
490.16,2376.0
490.18,2356.0
490.2,2316.0
490.21,2289.0
490.23,2221.0
490.25,2137.0
490.26,2090.0
490.28,1986.0
490.3,1871.0
490.31,1811.0
490.33,1685.0
490.34,1620.0
490.36,1488.0
490.38,1356.0
490.39,1291.0
490.41,1161.0
490.43,1037.0
490.44,976.2
490.46,860.7
490.48,752.8
490.49,701.9
490.51,606.6
490.53,520.2
490.54,480.4
490.56,407.3
490.58,342.9
490.59,313.7
490.61,261.4
490.63,216.3
490.64,196.4
490.66,161.2
490.67,145.7
490.69,118.7
490.71,96.38
490.72,86.76
490.74,70.25
490.76,56.9
490.77,51.26
490.79,41.74
490.81,34.25
490.82,31.16
490.84,26.07
490.86,22.25
490.87,20.74
490.89,18.4
490.91,16.86
490.92,16.35
490.94,15.77
490.96,15.73
490.97,15.89
490.99,16.54
491.01,17.6
491.02,18.27
491.04,19.89
491.05,20.82
491.07,22.92
491.09,25.31
491.1,26.61
491.12,29.38
491.14,32.34
491.15,33.89
491.17,37.07
491.19,40.32
491.2,41.96
491.22,45.22
491.24,48.39
491.25,49.93
491.27,52.86
491.29,55.55
491.3,56.78
491.32,59.0
491.34,60.84
491.35,61.61
491.37,62.83
491.39,63.61
491.4,63.84
491.42,63.98
491.43,63.9
491.45,63.46
491.47,62.69
491.48,62.21
491.5,61.1
491.52,59.88
491.53,59.27
491.55,58.1
491.57,57.14
491.58,56.77
491.6,56.38
491.62,56.55
491.63,56.91
491.65,58.25
491.67,60.57
491.68,62.15
491.7,66.26
491.72,71.75
491.73,75.07
491.75,82.94
491.77,92.55
491.78,98.05
491.8,110.5
491.81,117.5
491.83,133.0
491.85,150.6
491.86,160.1
491.88,180.9
491.9,203.6
491.91,215.7
491.93,241.2
491.95,268.5
491.96,282.6
491.98,311.9
492.0,342.2
492.01,357.6
492.03,388.7
492.05,419.8
492.06,435.3
492.08,465.6
492.1,494.7
492.11,508.7
492.13,535.3
492.15,559.6
492.16,570.7
492.18,590.7
492.19,599.6
492.21,614.6
492.23,625.9
492.24,630.1
492.26,635.6
492.28,637.2
492.29,636.4
492.31,632.0
492.33,623.9
492.34,618.4
492.36,604.9
492.38,588.3
492.39,578.9
492.41,558.1
492.43,535.1
492.44,522.9
492.46,497.2
492.48,470.2
492.49,456.3
492.51,428.1
492.52,413.9
492.54,385.3
492.56,356.9
492.57,342.8
492.59,315.1
492.61,288.1
492.62,275.0
492.64,249.6
492.66,225.4
492.67,213.8
492.69,191.6
492.71,170.8
492.72,161.0
492.74,142.4
492.76,125.3
492.77,117.3
492.79,102.5
492.81,89.02
492.82,82.82
492.84,71.4
492.86,61.26
492.87,56.64
492.89,48.26
492.9,44.47
492.92,37.66
492.94,31.77
492.95,29.16
492.97,24.51
492.99,20.57
493.0,18.84
493.02,15.81
493.04,13.29
493.05,12.2
493.07,10.32
493.09,8.768
493.1,8.104
493.12,6.964
493.14,6.035
493.15,5.638
493.17,4.954
493.19,4.393
493.2,4.15
493.22,3.726
493.24,3.367
493.25,3.208
493.27,2.922
493.28,2.793
493.3,2.558
493.32,2.348
493.33,2.251
493.35,2.073
493.37,1.915
493.38,1.843
493.4,1.715
493.42,1.607
493.43,1.562
493.45,1.489
493.47,1.443
493.48,1.431
493.5,1.43
493.52,1.462
493.53,1.491
493.55,1.578
493.57,1.704
493.58,1.782
493.6,1.971
493.62,2.203
493.63,2.335
493.65,2.633
493.66,2.799
493.68,3.161
493.7,3.564
493.71,3.78
493.73,4.238
493.75,4.727
493.76,4.981
493.78,5.505
493.8,6.043
493.81,6.314
493.83,6.856
493.85,7.39
493.86,7.651
493.88,8.154
493.9,8.624
493.91,8.844
493.93,9.247
493.95,9.596
493.96,9.748
493.98,10.0
493.99,10.11
494.01,10.26
494.03,10.34
494.04,10.35
494.06,10.33
494.08,10.24
494.09,10.18
494.11,10.0
494.13,9.781
494.14,9.655
494.16,9.381
494.18,9.086
494.19,8.934
494.21,8.63
494.23,8.338
494.24,8.199
494.26,7.947
494.28,7.738
494.29,7.653
494.31,7.531
494.33,7.481
494.34,7.487
494.36,7.564
494.37,7.638
494.39,7.861
494.41,8.191
494.42,8.397
494.44,8.893
494.46,9.503
494.47,9.851
494.49,10.63
494.51,11.52
494.52,12.01
494.54,13.05
494.56,14.18
494.57,14.77
494.59,16.01
494.61,17.3
494.62,17.96
494.64,19.29
494.66,20.63
494.67,21.29
494.69,22.59
494.71,23.83
494.72,24.42
494.74,25.54
494.75,26.06
494.77,27.01
494.79,27.82
494.8,28.16
494.82,28.74
494.84,29.15
494.85,29.29
494.87,29.43
494.89,29.4
494.9,29.32
494.92,29.03
494.94,28.58
494.95,28.3
494.97,27.63
494.99,26.84
495.0,26.4
495.02,25.46
495.04,24.45
495.05,23.92
495.07,22.84
495.09,21.74
495.1,21.19
495.12,20.12
495.13,19.6
495.15,18.6
495.17,17.71
495.18,17.3
495.2,16.6
495.22,16.07
495.23,15.88
495.25,15.68
495.27,15.76
495.28,15.91
495.3,16.5
495.32,17.5
495.33,18.17
495.35,19.9
495.37,22.21
495.38,23.6
495.4,26.91
495.42,30.97
495.43,33.31
495.45,38.63
495.46,41.63
495.48,48.35
495.5,56.06
495.51,60.29
495.53,69.51
495.55,79.74
495.56,85.22
495.58,96.87
495.6,109.4
495.61,115.9
495.63,129.5
495.65,143.5
495.66,150.7
495.68,165.1
495.7,179.4
495.71,186.5
495.73,200.3
495.75,213.4
495.76,219.6
495.78,231.1
495.8,241.2
495.81,245.6
495.83,253.2
495.84,256.3
495.86,261.0
495.88,263.6
495.89,264.1
495.91,263.4
495.93,260.6
495.94,258.4
495.96,252.5
495.98,244.7
495.99,240.1
496.01,229.9
496.03,218.3
496.04,212.1
496.06,199.1
496.08,185.3
496.09,178.3
496.11,164.2
496.13,150.0
496.14,143.0
496.16,129.4
496.18,116.3
496.19,110.1
496.21,98.26
496.22,92.69
496.24,82.33
496.26,73.06
496.27,68.85
496.29,61.28
496.31,54.85
496.32,52.06
496.34,47.3
496.36,43.6
496.37,42.12
496.39,39.86
496.41,38.47
496.42,38.07
496.44,37.8
496.46,38.17
496.47,38.56
496.49,39.69
496.51,41.2
496.52,42.06
496.54,43.97
496.56,46.01
496.57,47.07
496.59,49.18
496.6,50.22
496.62,52.23
496.64,54.09
496.65,54.95
496.67,56.5
496.69,57.8
496.7,58.35
496.72,59.24
496.74,59.86
496.75,60.07
496.77,60.29
496.79,60.28
496.8,60.19
496.82,59.89
496.84,59.44
496.85,59.17
496.87,58.57
496.89,57.93
496.9,57.6
496.92,56.95
496.93,56.64
496.95,56.05
496.97,55.52
496.98,55.28
497.0,54.85
497.02,54.47
497.03,54.31
497.05,53.99
497.07,53.69
497.08,53.53
497.1,53.19
497.12,52.78
497.13,52.55
497.15,51.98
497.17,51.28
497.18,50.87
497.2,49.92
497.22,48.78
497.23,48.14
497.25,46.72
497.27,45.12
497.28,44.25
497.3,42.39
497.31,41.4
497.33,39.34
497.35,37.16
497.36,36.04
497.38,33.77
497.4,31.47
497.41,30.32
497.43,28.03
497.45,25.8
497.46,24.72
497.48,22.62
497.5,20.64
497.51,19.69
497.53,17.92
497.55,16.32
497.56,15.58
497.58,14.24
497.6,13.09
497.61,12.59
497.63,11.74
497.65,11.09
497.66,10.85
497.68,10.53
497.69,10.45
497.71,10.47
497.73,10.73
497.74,10.95
497.76,11.58
497.78,12.5
497.79,13.06
497.81,14.42
497.83,16.11
497.84,17.08
497.86,19.31
497.88,21.93
497.89,23.4
497.91,26.66
497.93,30.38
497.94,32.42
497.96,36.85
497.98,41.78
497.99,44.43
498.01,50.09
498.03,56.22
498.04,59.44
498.06,66.2
498.07,69.72
498.09,76.99
498.11,84.5
498.12,88.32
498.14,96.01
498.16,103.7
498.17,107.5
498.19,114.9
498.21,122.0
498.22,125.4
498.24,131.8
498.26,137.5
498.27,140.1
498.29,144.7
498.31,148.5
498.32,150.0
498.34,152.3
498.36,153.7
498.37,154.0
498.39,153.9
498.41,152.9
498.42,152.1
498.44,149.8
498.45,148.4
498.47,145.1
498.49,141.2
498.5,139.0
498.52,134.5
498.54,129.6
498.55,127.1
498.57,122.0
498.59,116.9
498.6,114.3
498.62,109.3
498.64,104.3
498.65,102.0
498.67,97.35
498.69,92.97
498.7,90.87
498.72,86.85
498.74,83.07
498.75,81.27
498.77,77.84
498.78,76.2
498.8,73.07
498.82,70.12
498.83,68.71
498.85,66.0
498.87,63.44
498.88,62.21
498.9,59.85
498.92,57.62
498.93,56.55
498.95,54.51
498.97,52.59
498.98,51.68
499.0,49.96
499.02,48.37
499.03,47.62
499.05,46.21
499.07,44.91
499.08,44.31
499.1,43.17
499.12,42.11
499.13,41.61
499.15,40.65
499.16,40.18
499.18,39.27
499.2,38.36
499.21,37.91
499.23,36.97
499.25,36.0
499.26,35.49
499.28,34.43
499.3,33.31
499.31,32.73
499.33,31.51
499.35,30.23
499.36,29.57
499.38,28.22
499.4,26.86
499.41,26.17
499.43,24.82
499.45,23.51
499.46,22.89
499.48,21.71
499.5,20.66
499.51,20.2
499.53,19.43
499.54,19.12
499.56,18.71
499.58,18.58
499.59,18.64
499.61,19.02
499.63,19.78
499.64,20.31
499.66,21.71
499.68,23.57
499.69,24.68
499.71,27.26
499.73,30.36
499.74,32.1
499.76,35.96
499.78,40.32
499.79,42.69
499.81,47.77
499.83,53.3
499.84,56.22
499.86,62.32
499.88,68.74
499.89,72.04
499.91,78.79
499.92,82.22
499.94,89.13
499.96,96.03
499.97,99.45
499.99,106.2
500.01,112.7
500.02,115.8
500.04,121.8
500.06,127.3
500.07,129.9
500.09,134.6
500.11,138.8
500.12,140.6
500.14,143.8
500.16,146.4
500.17,147.5
500.19,149.1
500.21,150.1
500.22,150.3
500.24,150.5
500.25,150.3
500.27,149.7
500.29,148.7
500.3,148.1
500.32,146.6
500.34,145.0
500.35,144.0
500.37,142.2
500.39,140.2
500.4,139.3
500.42,137.4
500.44,135.6
500.45,134.7
500.47,133.1
500.49,131.6
500.5,131.0
500.52,129.7
500.54,128.5
500.55,127.9
500.57,126.8
500.59,125.6
500.6,125.1
500.62,123.8
500.63,123.1
500.65,121.6
500.67,119.8
500.68,118.8
500.7,116.6
500.72,114.0
500.73,112.6
500.75,109.4
500.77,105.9
500.78,104.0
500.8,99.85
500.82,95.4
500.83,93.06
500.85,88.17
500.87,83.08
500.88,80.48
500.9,75.2
500.92,69.88
500.93,67.23
500.95,62.0
500.97,56.92
500.98,54.46
501.0,49.72
501.01,47.47
501.03,43.2
501.05,39.31
501.06,37.52
501.08,34.24
501.1,31.41
501.11,30.16
501.13,27.99
501.15,26.27
501.16,25.57
501.18,24.49
501.2,23.82
501.21,23.63
501.23,23.52
501.25,23.74
501.26,23.97
501.28,24.63
501.3,25.56
501.31,26.1
501.33,27.35
501.35,28.78
501.36,29.56
501.38,31.22
501.39,32.11
501.41,33.96
501.43,35.93
501.44,36.96
501.46,39.1
501.48,41.36
501.49,42.54
501.51,44.99
501.53,47.59
501.54,48.96
501.56,51.83
501.58,54.9
501.59,56.51
501.61,59.93
501.63,63.59
501.64,65.52
501.66,69.58
501.68,73.91
501.69,76.17
501.71,80.88
501.72,83.32
501.74,88.36
501.76,93.57
501.77,96.22
501.79,101.6
501.81,106.9
501.82,109.6
501.84,114.9
501.86,119.9
501.87,122.3
501.89,126.9
501.91,131.1
501.92,133.0
501.94,136.5
501.96,139.3
501.97,140.5
501.99,142.3
502.01,143.4
502.02,143.7
502.04,143.8
502.06,143.1
502.07,142.5
502.09,140.8
502.1,139.7
502.12,137.0
502.14,133.8
502.15,132.0
502.17,128.1
502.19,123.7
502.2,121.4
502.22,116.6
502.24,111.6
502.25,109.1
502.27,103.8
502.29,98.56
502.3,95.91
502.32,90.61
502.34,85.36
502.35,82.76
502.37,77.64
502.39,72.65
502.4,70.2
502.42,65.43
502.44,60.83
502.45,58.6
502.47,54.28
502.48,52.2
502.5,48.19
502.52,44.41
502.53,42.6
502.55,39.16
502.57,35.97
502.58,34.47
502.6,31.66
502.62,29.11
502.63,27.93
502.65,25.78
502.67,23.91
502.68,23.07
502.7,21.6
502.72,20.39
502.73,19.88
502.75,19.06
502.77,18.49
502.78,18.29
502.8,18.06
502.82,18.05
502.83,18.12
502.85,18.41
502.86,18.63
502.88,19.2
502.9,19.94
502.91,20.38
502.93,21.37
502.95,22.54
502.96,23.18
502.98,24.61
503.0,26.24
503.01,27.13
503.03,29.09
503.05,31.3
503.06,32.51
503.08,35.18
503.1,38.19
503.11,39.85
503.13,43.46
503.15,47.54
503.16,49.75
503.18,54.57
503.19,57.18
503.21,62.8
503.23,68.97
503.24,72.26
503.26,79.23
503.28,86.7
503.29,90.6
503.31,98.7
503.33,107.1
503.34,111.4
503.36,120.1
503.38,128.8
503.39,133.2
503.41,141.6
503.43,149.7
503.44,153.6
503.46,160.8
503.48,167.2
503.49,170.1
503.51,175.1
503.53,178.9
503.54,180.4
503.56,182.5
503.57,183.0
503.59,183.1
503.61,181.9
503.62,180.9
503.64,177.9
503.66,173.8
503.67,171.3
503.69,165.8
503.71,159.5
503.72,156.2
503.74,149.1
503.76,141.8
503.77,138.1
503.79,130.8
503.81,123.7
503.82,120.4
503.84,113.9
503.86,108.2
503.87,105.6
503.89,101.0
503.91,97.3
503.92,95.8
503.94,93.5
503.95,92.71
503.97,91.81
503.99,91.78
504.0,92.07
504.02,93.2
504.04,94.97
504.05,96.05
504.07,98.51
504.09,101.3
504.1,102.7
504.12,105.6
504.14,108.4
504.15,109.7
504.17,112.0
504.19,113.9
504.2,114.7
504.22,115.7
504.24,116.1
504.25,116.0
504.27,115.2
504.29,113.7
504.3,112.6
504.32,110.0
504.33,108.4
504.35,104.7
504.37,100.4
504.38,98.02
504.4,92.97
504.42,87.55
504.43,84.73
504.45,78.94
504.47,73.04
504.48,70.08
504.5,64.2
504.52,58.44
504.53,55.64
504.55,50.22
504.57,45.11
504.58,42.68
504.6,38.12
504.62,33.96
504.63,32.04
504.65,28.52
504.67,25.44
504.68,24.05
504.7,21.6
504.71,20.52
504.73,18.65
504.75,17.14
504.76,16.52
504.78,15.49
504.8,14.75
504.81,14.48
504.83,14.1
504.85,13.92
504.86,13.89
504.88,13.95
504.9,14.14
504.91,14.27
504.93,14.61
504.95,15.02
504.96,15.24
504.98,15.74
505.0,16.3
505.01,16.59
505.03,17.23
505.04,17.58
505.06,18.33
505.08,19.19
505.09,19.67
505.11,20.76
505.13,22.06
505.14,22.8
505.16,24.53
505.18,26.61
505.19,27.82
505.21,30.6
505.23,33.95
505.24,35.87
505.26,40.24
505.28,45.39
505.29,48.29
505.31,54.77
505.33,62.21
505.34,66.31
505.36,75.29
505.38,85.31
505.39,90.72
505.41,102.3
505.42,108.4
505.44,121.4
505.46,135.2
505.47,142.4
505.49,157.1
505.51,172.2
505.52,179.9
505.54,195.1
505.56,210.2
505.57,217.5
505.59,231.7
505.61,245.0
505.62,251.1
505.64,262.5
505.66,272.2
505.67,276.3
505.69,283.2
505.71,288.0
505.72,289.5
505.74,290.9
505.76,290.0
505.77,288.7
505.79,284.4
505.8,281.4
505.82,274.0
505.84,264.6
505.85,259.3
505.87,247.4
505.89,234.3
505.9,227.3
505.92,212.7
505.94,197.5
505.95,189.7
505.97,174.1
505.99,158.5
506.0,150.9
506.02,135.8
506.04,121.4
506.05,114.4
506.07,101.1
506.09,88.76
506.1,82.94
506.12,72.07
506.14,62.23
506.15,57.7
506.17,49.4
506.18,45.63
506.2,38.79
506.22,32.87
506.23,30.22
506.25,25.53
506.27,21.57
506.28,19.84
506.3,16.83
506.32,14.36
506.33,13.3
506.35,11.51
506.37,10.1
506.38,9.522
506.4,8.577
506.42,7.884
506.43,7.62
506.45,7.238
506.47,7.024
506.48,6.973
506.5,6.97
506.51,7.014
506.53,7.181
506.55,7.446
506.56,7.611
506.58,8.002
506.6,8.467
506.61,8.725
506.63,9.286
506.65,9.904
506.66,10.23
506.68,10.92
506.7,11.65
506.71,12.02
506.73,12.79
506.75,13.57
506.76,13.96
506.78,14.75
506.8,15.53
506.81,15.91
506.83,16.65
506.85,17.36
506.86,17.69
506.88,18.32
506.89,18.62
506.91,19.15
506.93,19.61
506.94,19.82
506.96,20.16
506.98,20.42
506.99,20.51
507.01,20.65
507.03,20.7
507.04,20.69
507.06,20.63
507.08,20.51
507.09,20.42
507.11,20.22
507.13,19.98
507.14,19.85
507.16,19.59
507.18,19.32
507.19,19.19
507.21,18.94
507.23,18.73
507.24,18.64
507.26,18.5
507.27,18.45
507.29,18.4
507.31,18.42
507.32,18.45
507.34,18.57
507.36,18.75
507.37,18.86
507.39,19.13
507.41,19.44
507.42,19.61
507.44,19.96
507.46,20.32
507.47,20.5
507.49,20.84
507.51,21.14
507.52,21.27
507.54,21.48
507.56,21.61
507.57,21.65
507.59,21.64
507.61,21.52
507.62,21.41
507.64,21.12
507.65,20.93
507.67,20.46
507.69,19.87
507.7,19.54
507.72,18.79
507.74,17.96
507.75,17.51
507.77,16.56
507.79,15.56
507.8,15.04
507.82,13.99
507.84,12.93
507.85,12.41
507.87,11.37
507.89,10.36
507.9,9.881
507.92,8.966
507.94,8.131
507.95,7.749
507.97,7.071
507.98,6.779
508.0,6.304
508.02,5.998
508.03,5.918
508.05,5.927
508.07,6.201
508.08,6.453
508.1,7.232
508.12,8.443
508.13,9.241
508.15,11.29
508.17,14.06
508.18,15.77
508.2,19.93
508.22,25.28
508.23,28.48
508.25,36.08
508.27,45.55
508.28,51.09
508.3,64.02
508.32,79.73
508.33,88.76
508.35,109.4
508.36,121.2
508.38,147.9
508.4,179.1
508.41,196.6
508.43,235.4
508.45,279.9
508.46,304.3
508.48,357.5
508.5,416.9
508.51,448.9
508.53,517.3
508.55,591.6
508.56,630.9
508.58,713.0
508.6,799.6
508.61,844.3
508.63,935.8
508.65,1029.0
508.66,1076.0
508.68,1169.0
508.7,1261.0
508.71,1305.0
508.73,1390.0
508.74,1431.0
508.76,1507.0
508.78,1574.0
508.79,1604.0
508.81,1656.0
508.83,1696.0
508.84,1711.0
508.86,1732.0
508.88,1739.0
508.89,1738.0
508.91,1725.0
508.93,1698.0
508.94,1680.0
508.96,1635.0
508.98,1578.0
508.99,1546.0
509.01,1475.0
509.03,1396.0
509.04,1355.0
509.06,1267.0
509.08,1177.0
509.09,1130.0
509.11,1037.0
509.12,990.6
509.14,898.5
509.16,808.7
509.17,765.0
509.19,680.7
509.21,601.1
509.22,563.3
509.24,491.8
509.26,426.3
509.27,395.8
509.29,339.3
509.31,288.9
509.32,265.8
509.34,224.0
509.36,187.4
509.37,171.1
509.39,141.8
509.41,116.9
509.42,106.0
509.44,86.71
509.45,78.31
509.47,63.72
509.49,51.72
509.5,46.58
509.52,37.79
509.54,30.74
509.55,27.77
509.57,22.79
509.59,18.9
509.6,17.3
509.62,14.69
509.64,12.72
509.65,11.94
509.67,10.73
509.69,9.883
509.7,9.577
509.72,9.157
509.74,8.946
509.75,8.904
509.77,8.923
509.79,9.053
509.8,9.152
509.82,9.401
509.83,9.546
509.85,9.869
509.87,10.22
509.88,10.41
509.9,10.78
509.92,11.16
509.93,11.34
509.95,11.7
509.97,12.04
509.98,12.2
510.0,12.49
510.02,12.75
510.03,12.86
510.05,13.05
510.07,13.18
510.08,13.23
510.1,13.28
510.12,13.27
510.13,13.24
510.15,13.14
510.17,12.98
510.18,12.88
510.2,12.64
510.21,12.5
510.23,12.19
510.25,11.84
510.26,11.65
510.28,11.26
510.3,10.86
510.31,10.66
510.33,10.28
510.35,9.932
510.36,9.778
510.38,9.524
510.4,9.368
510.41,9.336
510.43,9.388
510.45,9.627
510.46,9.832
510.48,10.44
510.5,11.37
510.51,11.98
510.53,13.52
510.55,15.57
510.56,16.82
510.58,19.82
510.59,21.6
510.61,25.8
510.63,30.96
510.64,33.95
510.66,40.84
510.68,49.06
510.69,53.72
510.71,64.25
510.73,76.51
510.74,83.34
510.76,98.48
510.78,115.7
510.79,125.1
510.81,145.6
510.83,168.3
510.84,180.5
510.86,206.5
510.88,234.6
510.89,249.4
510.91,280.3
510.93,312.8
510.94,329.5
510.96,363.7
510.97,381.0
510.99,415.8
511.01,450.5
511.02,467.5
511.04,500.9
511.06,532.6
511.07,547.6
511.09,575.8
511.11,600.9
511.12,612.2
511.14,631.9
511.16,647.4
511.17,653.5
511.19,662.2
511.21,666.2
511.22,666.4
511.24,663.3
511.26,655.6
511.27,650.1
511.29,636.0
511.3,627.5
511.32,607.8
511.34,585.1
511.35,572.7
511.37,546.3
511.39,518.3
511.4,503.8
511.42,474.3
511.44,444.5
511.45,429.7
511.47,400.5
511.49,372.2
511.5,358.6
511.52,332.4
511.54,308.1
511.55,296.7
511.57,275.5
511.59,256.5
511.6,247.9
511.62,232.4
511.64,219.2
511.65,213.5
511.67,203.8
511.68,199.7
511.7,193.1
511.72,188.6
511.73,187.0
511.75,185.1
511.77,184.8
511.78,185.2
511.8,187.1
511.82,190.1
511.83,192.1
511.85,196.7
511.87,202.3
511.88,205.4
511.9,212.2
511.92,219.6
511.93,223.6
511.95,232.0
511.97,241.1
511.98,245.9
512.0,255.9
512.02,266.7
512.03,272.3
512.05,284.2
512.06,290.4
512.08,303.5
512.1,317.4
512.11,324.7
512.13,339.9
512.15,355.9
512.16,364.2
512.18,381.3
512.2,398.9
512.21,407.9
512.23,426.0
512.25,444.0
512.26,452.9
512.28,470.2
512.3,486.7
512.31,494.5
512.33,509.0
512.35,521.6
512.36,527.1
512.38,536.3
512.4,542.9
512.41,545.2
512.43,547.4
512.44,547.3
512.46,544.9
512.48,539.2
512.49,535.3
512.51,525.1
512.53,512.2
512.54,504.8
512.56,488.3
512.58,470.0
512.59,460.2
512.61,439.9
512.63,418.8
512.64,408.2
512.66,387.0
512.68,366.4
512.69,356.4
512.71,337.4
512.73,320.0
512.74,312.0
512.76,297.4
512.77,291.0
512.79,279.8
512.81,270.9
512.82,267.3
512.84,261.9
512.86,258.5
512.87,257.6
512.89,257.2
512.91,258.3
512.92,259.3
512.94,262.1
512.96,265.7
512.97,267.7
512.99,271.8
513.01,275.8
513.02,277.7
513.04,281.1
513.06,283.8
513.07,284.7
513.09,286.0
513.11,286.2
513.12,285.8
513.14,284.4
513.15,283.3
513.17,280.3
513.19,276.5
513.2,274.4
513.22,269.6
513.24,264.5
513.25,261.9
513.27,256.7
513.29,251.6
513.3,249.3
513.32,244.9
513.34,241.3
513.35,239.7
513.37,237.3
513.39,235.8
513.4,235.4
513.42,235.3
513.44,236.0
513.45,236.7
513.47,238.6
513.49,241.0
513.5,242.3
513.52,245.2
513.53,246.7
513.55,249.6
513.57,252.2
513.58,253.3
513.6,255.2
513.62,256.3
513.63,256.5
513.65,256.3
513.67,255.0
513.68,254.0
513.7,251.0
513.72,247.0
513.73,244.6
513.75,239.0
513.77,232.4
513.78,228.8
513.8,221.0
513.82,212.6
513.83,208.2
513.85,199.0
513.87,189.6
513.88,184.8
513.9,175.2
513.91,170.4
513.93,160.9
513.95,151.6
513.96,147.0
513.98,138.1
514.0,129.5
514.01,125.3
514.03,117.3
514.05,109.7
514.06,106.0
514.08,98.99
514.1,92.32
514.11,89.13
514.13,83.0
514.15,77.19
514.16,74.41
514.18,69.06
514.2,64.0
514.21,61.57
514.23,56.92
514.24,54.69
514.26,50.42
514.28,46.41
514.29,44.49
514.31,40.86
514.33,37.49
514.34,35.9
514.36,32.91
514.38,30.18
514.39,28.91
514.41,26.56
514.43,24.45
514.44,23.49
514.46,21.75
514.48,20.23
514.49,19.55
514.51,18.36
514.53,17.36
514.54,16.93
514.56,16.22
514.58,15.68
514.59,15.47
514.61,15.18
514.62,15.09
514.64,15.04
514.66,15.16
514.67,15.28
514.69,15.64
514.71,16.19
514.72,16.54
514.74,17.38
514.76,18.43
514.77,19.03
514.79,20.43
514.81,22.06
514.82,22.98
514.84,25.0
514.86,27.28
514.87,28.52
514.89,31.19
514.91,34.11
514.92,35.66
514.94,38.9
514.96,42.34
514.97,44.11
514.99,47.74
515.0,49.58
515.02,53.29
515.04,56.97
515.05,58.79
515.07,62.31
515.09,65.65
515.1,67.22
515.12,70.15
515.14,72.71
515.15,73.84
515.17,75.76
515.19,77.19
515.2,77.71
515.22,78.35
515.24,78.45
515.25,78.29
515.27,77.56
515.29,76.3
515.3,75.48
515.32,73.49
515.34,71.07
515.35,69.72
515.37,66.77
515.38,65.18
515.4,61.84
515.42,58.34
515.43,56.55
515.45,52.93
515.47,49.33
515.48,47.55
515.5,44.08
515.52,40.76
515.53,39.18
515.55,36.2
515.57,33.48
515.58,32.23
515.6,29.95
515.62,27.99
515.63,27.13
515.65,25.66
515.67,24.53
515.68,24.08
515.7,23.43
515.71,23.23
515.73,23.06
515.75,23.21
515.76,23.39
515.78,23.99
515.8,24.88
515.81,25.43
515.83,26.76
515.85,28.37
515.86,29.28
515.88,31.32
515.9,33.64
515.91,34.91
515.93,37.64
515.95,40.63
515.96,42.23
515.98,45.6
516.0,49.19
516.01,51.06
516.03,54.94
516.05,58.97
516.06,61.02
516.08,65.19
516.09,67.29
516.11,71.49
516.13,75.65
516.14,77.69
516.16,81.67
516.18,85.48
516.19,87.3
516.21,90.75
516.23,93.93
516.24,95.4
516.26,98.12
516.28,100.5
516.29,101.6
516.31,103.6
516.33,105.3
516.34,106.1
516.36,107.6
516.38,109.1
516.39,109.9
516.41,111.5
516.43,113.4
516.44,114.4
516.46,117.0
516.47,118.5
516.49,122.0
516.51,126.3
516.52,128.8
516.54,134.7
516.56,141.7
516.57,145.7
516.59,154.7
516.61,165.0
516.62,170.7
516.64,183.1
516.66,196.9
516.67,204.3
516.69,220.1
516.71,237.1
516.72,246.0
516.74,264.5
516.76,283.9
516.77,293.8
516.79,314.1
516.81,334.7
516.82,345.0
516.84,365.8
516.85,376.1
516.87,396.6
516.89,416.7
516.9,426.5
516.92,445.8
516.94,464.5
516.95,473.6
516.97,491.4
516.99,508.5
517.0,516.9
517.02,533.4
517.04,549.7
517.05,557.7
517.07,573.9
517.09,590.3
517.1,598.6
517.12,615.7
517.14,633.4
517.15,642.5
517.17,661.3
517.19,681.0
517.2,691.2
517.22,712.0
517.23,722.7
517.25,744.3
517.27,766.1
517.28,777.0
517.3,798.4
517.32,819.0
517.33,828.9
517.35,847.2
517.37,863.5
517.38,870.6
517.4,882.6
517.42,891.1
517.43,894.0
517.45,896.5
517.47,894.5
517.48,891.8
517.5,882.8
517.52,869.0
517.53,860.3
517.55,839.3
517.56,827.2
517.58,799.6
517.6,768.1
517.61,751.0
517.63,714.5
517.65,675.4
517.66,655.0
517.68,613.1
517.7,570.1
517.71,548.4
517.73,505.1
517.75,462.3
517.76,441.3
517.78,400.4
517.8,361.3
517.81,342.7
517.83,307.3
517.85,274.8
517.86,259.7
517.88,232.0
517.9,207.8
517.91,197.0
517.93,178.3
517.94,170.3
517.96,157.2
517.98,147.9
517.99,144.7
518.01,141.0
518.03,141.2
518.04,142.7
518.06,148.4
518.08,157.7
518.09,163.7
518.11,178.1
518.13,195.8
518.14,205.8
518.16,228.0
518.18,252.8
518.19,266.1
518.21,294.3
518.23,324.2
518.24,339.7
518.26,371.4
518.28,403.6
518.29,419.8
518.31,451.8
518.32,467.5
518.34,497.9
518.36,526.5
518.37,540.0
518.39,564.8
518.41,586.4
518.42,595.9
518.44,611.9
518.46,623.6
518.47,627.9
518.49,632.9
518.51,633.2
518.52,631.7
518.54,625.1
518.56,614.1
518.57,607.1
518.59,590.0
518.61,569.5
518.62,558.0
518.64,533.0
518.66,505.7
518.67,491.3
518.69,461.7
518.7,446.6
518.72,415.9
518.74,385.2
518.75,370.0
518.77,340.1
518.79,311.4
518.8,297.6
518.82,271.2
518.84,246.6
518.85,235.1
518.87,213.7
518.89,194.4
518.9,185.6
518.92,169.7
518.94,156.0
518.95,149.9
518.97,139.3
518.99,130.7
519.0,127.1
519.02,121.2
519.03,118.9
519.05,115.5
519.07,113.5
519.08,113.1
519.1,113.2
519.12,114.6
519.13,115.7
519.15,118.9
519.17,123.1
519.18,125.7
519.2,131.6
519.22,138.6
519.23,142.5
519.25,151.2
519.27,160.9
519.28,166.2
519.3,177.5
519.32,189.9
519.33,196.5
519.35,210.4
519.37,225.3
519.38,233.0
519.4,249.2
519.41,257.5
519.43,274.6
519.45,292.2
519.46,301.2
519.48,319.2
519.5,337.3
519.51,346.3
519.53,364.2
519.55,381.7
519.56,390.2
519.58,406.8
519.6,422.7
519.61,430.4
519.63,445.1
519.65,459.0
519.66,465.6
519.68,478.3
519.7,490.3
519.71,496.2
519.73,507.5
519.75,518.7
519.76,524.3
519.78,535.6
519.79,541.4
519.81,553.5
519.83,566.3
519.84,573.0
519.86,587.4
519.88,602.8
519.89,611.1
519.91,628.4
519.93,647.0
519.94,656.7
519.96,676.8
519.98,697.8
519.99,708.4
520.01,729.9
520.03,751.4
520.04,762.1
520.06,782.8
520.08,802.6
520.09,812.1
520.11,829.9
520.13,846.1
520.14,853.5
520.16,867.1
520.17,873.2
520.19,884.2
520.21,893.7
520.22,898.0
520.24,906.0
520.26,913.5
520.27,917.3
520.29,925.3
520.31,934.5
520.32,939.6
520.34,951.6
520.36,966.3
520.37,974.8
520.39,994.4
520.41,1018.0
520.42,1031.0
520.44,1060.0
520.46,1093.0
520.47,1111.0
520.49,1149.0
520.5,1168.0
520.52,1210.0
520.54,1253.0
520.55,1274.0
520.57,1317.0
520.59,1359.0
520.6,1379.0
520.62,1416.0
520.64,1448.0
520.65,1462.0
520.67,1486.0
520.69,1502.0
520.7,1507.0
520.72,1512.0
520.74,1507.0
520.75,1501.0
520.77,1483.0
520.79,1456.0
520.8,1439.0
520.82,1399.0
520.84,1351.0
520.85,1324.0
520.87,1266.0
520.88,1235.0
520.9,1168.0
520.92,1098.0
520.93,1062.0
520.95,988.0
520.97,913.0
520.98,875.5
521.0,800.9
521.02,727.8
521.03,692.1
521.05,622.8
521.07,556.8
521.08,525.2
521.1,465.2
521.12,409.6
521.13,383.6
521.15,334.9
521.17,291.0
521.18,270.8
521.2,233.8
521.22,201.3
521.23,186.6
521.25,160.3
521.26,148.6
521.28,127.9
521.3,110.6
521.31,103.1
521.33,90.37
521.35,80.29
521.36,76.18
521.38,69.65
521.4,65.22
521.41,63.74
521.43,62.12
521.45,62.19
521.46,62.84
521.48,65.3
521.5,69.29
521.51,71.85
521.53,78.11
521.55,85.92
521.56,90.43
521.58,100.7
521.6,112.7
521.61,119.4
521.63,134.1
521.64,142.3
521.66,160.1
521.68,180.0
521.69,190.8
521.71,214.1
521.73,239.7
521.74,253.3
521.76,282.2
521.78,313.2
521.79,329.5
521.81,363.4
521.83,398.9
521.84,417.2
521.86,454.6
521.88,492.6
521.89,511.8
521.91,549.9
521.93,587.4
521.94,605.8
521.96,641.3
521.97,658.2
521.99,690.2
522.01,719.2
522.02,732.3
522.04,755.6
522.06,774.4
522.07,782.1
522.09,793.6
522.11,799.8
522.12,801.0
522.14,799.1
522.16,791.8
522.17,786.2
522.19,771.1
522.21,751.1
522.22,739.4
522.24,713.0
522.26,682.8
522.27,666.5
522.29,631.9
522.31,595.2
522.32,576.3
522.34,537.6
522.35,518.0
522.37,478.8
522.39,439.9
522.4,420.8
522.42,383.5
522.44,347.8
522.45,330.7
522.47,298.1
522.49,267.8
522.5,253.6
522.52,227.2
522.54,203.4
522.55,192.5
522.57,172.7
522.59,155.4
522.6,147.6
522.62,133.8
522.64,122.2
522.65,117.1
522.67,108.3
522.69,101.1
522.7,98.04
522.72,92.83
522.73,90.64
522.75,86.95
522.77,84.03
522.78,82.81
522.8,80.73
522.82,79.04
522.83,78.3
522.85,76.98
522.87,75.79
522.88,75.24
522.9,74.18
522.92,73.17
522.93,72.68
522.95,71.75
522.97,70.89
522.98,70.5
523.0,69.82
523.02,69.3
523.03,69.12
523.05,68.95
523.07,69.04
523.08,69.21
523.1,69.78
523.11,70.2
523.13,71.3
523.15,72.75
523.16,73.6
523.18,75.55
523.2,77.79
523.21,79.01
523.23,81.6
523.25,84.33
523.26,85.73
523.28,88.53
523.3,91.27
523.31,92.59
523.33,95.08
523.35,97.28
523.36,98.25
523.38,99.88
523.4,101.0
523.41,101.4
523.43,101.8
523.45,101.5
523.46,101.2
523.48,100.0
523.49,99.24
523.51,97.2
523.53,94.59
523.54,93.09
523.56,89.72
523.58,85.9
523.59,83.86
523.61,79.52
523.63,74.92
523.64,72.54
523.66,67.7
523.68,62.79
523.69,60.33
523.71,55.45
523.73,50.66
523.74,48.32
523.76,43.79
523.78,39.48
523.79,37.42
523.81,33.5
523.82,31.65
523.84,28.17
523.86,25.0
523.87,23.53
523.89,20.83
523.91,18.42
523.92,17.33
523.94,15.36
523.96,13.65
523.97,12.9
523.99,11.56
524.01,10.45
524.02,9.976
524.04,9.162
524.06,8.521
524.07,8.259
524.09,7.841
524.11,7.548
524.12,7.444
524.14,7.307
524.16,7.254
524.17,7.254
524.19,7.299
524.2,7.34
524.22,7.452
524.24,7.593
524.25,7.671
524.27,7.835
524.29,8.003
524.3,8.085
524.32,8.241
524.34,8.381
524.35,8.442
524.37,8.547
524.39,8.623
524.4,8.649
524.42,8.679
524.44,8.676
524.45,8.664
524.47,8.616
524.49,8.542
524.5,8.497
524.52,8.391
524.54,8.272
524.55,8.21
524.57,8.084
524.58,8.022
524.6,7.907
524.62,7.81
524.63,7.772
524.65,7.721
524.67,7.713
524.68,7.728
524.7,7.802
524.72,7.946
524.73,8.046
524.75,8.311
524.77,8.67
524.78,8.889
524.8,9.409
524.82,10.05
524.83,10.42
524.85,11.26
524.87,12.25
524.88,12.8
524.9,14.02
524.92,15.41
524.93,16.17
524.95,17.83
524.96,18.73
524.98,20.68
525.0,22.82
525.01,23.96
525.03,26.41
525.05,29.06
525.06,30.46
525.08,33.43
525.1,36.61
525.11,38.28
525.13,41.78
525.15,45.5
525.16,47.44
525.18,51.48
525.2,55.74
525.21,57.95
525.23,62.54
525.25,67.34
525.26,69.83
525.28,74.97
525.29,77.62
525.31,83.09
525.33,88.78
525.34,91.7
525.36,97.7
525.38,103.9
525.39,107.1
525.41,113.6
525.43,120.3
525.44,123.7
525.46,130.6
525.48,137.6
525.49,141.2
525.51,148.5
525.53,155.9
525.54,159.7
525.56,167.3
525.58,175.1
525.59,179.1
525.61,187.3
525.63,195.7
525.64,200.0
525.66,208.9
525.67,213.5
525.69,223.0
525.71,233.1
525.72,238.3
525.74,249.3
525.76,260.8
525.77,266.9
525.79,279.5
525.81,292.8
525.82,299.8
525.84,314.0
525.86,328.9
525.87,336.5
525.89,351.9
525.91,367.5
525.92,375.3
525.94,390.8
525.96,405.9
525.97,413.3
525.99,427.4
526.01,440.6
526.02,446.7
526.04,457.9
526.05,462.9
526.07,471.6
526.09,478.5
526.1,481.3
526.12,485.2
526.14,487.0
526.15,487.2
526.17,486.0
526.19,482.8
526.2,480.5
526.22,474.5
526.24,467.0
526.25,462.7
526.27,453.2
526.29,442.6
526.3,437.0
526.32,425.3
526.34,413.2
526.35,407.0
526.37,394.5
526.39,382.1
526.4,375.9
526.42,363.8
526.43,357.9
526.45,346.3
526.47,335.2
526.48,329.9
526.5,319.5
526.52,309.6
526.53,304.9
526.55,295.8
526.57,287.1
526.58,282.9
526.6,274.8
526.62,267.1
526.63,263.4
526.65,256.2
526.67,249.3
526.68,246.0
526.7,239.6
526.72,233.6
526.73,230.7
526.75,225.2
526.76,222.7
526.78,217.8
526.8,213.4
526.81,211.4
526.83,207.8
526.85,204.6
526.86,203.3
526.88,200.9
526.9,199.1
526.91,198.3
526.93,197.2
526.95,196.5
526.96,196.3
526.98,196.1
527.0,196.1
527.01,196.2
527.03,196.4
527.05,196.5
527.06,196.6
527.08,196.5
527.1,196.2
527.11,195.8
527.13,194.9
527.14,194.2
527.16,192.4
527.18,190.1
527.19,188.6
527.21,185.3
527.23,181.2
527.24,178.9
527.26,173.9
527.28,168.2
527.29,165.1
527.31,158.5
527.33,151.5
527.34,147.8
527.36,140.1
527.38,132.2
527.39,128.1
527.41,119.9
527.43,111.6
527.44,107.4
527.46,99.22
527.48,91.14
527.49,87.18
527.51,79.44
527.52,75.69
527.54,68.43
527.56,61.56
527.57,58.27
527.59,52.02
527.61,46.22
527.62,43.48
527.64,38.37
527.66,33.71
527.67,31.56
527.69,27.58
527.71,24.05
527.72,22.44
527.74,19.54
527.76,17.03
527.77,15.92
527.79,13.97
527.81,12.36
527.82,11.68
527.84,10.56
527.86,9.744
527.87,9.441
527.89,9.042
527.9,8.941
527.92,8.932
527.94,9.168
527.95,9.375
527.97,9.96
527.99,10.77
528.0,11.25
528.02,12.37
528.04,13.69
528.05,14.41
528.07,16.01
528.09,17.76
528.1,18.7
528.12,20.67
528.14,22.77
528.15,23.85
528.17,26.09
528.19,28.38
528.2,29.55
528.22,31.88
528.23,33.04
528.25,35.33
528.27,37.56
528.28,38.64
528.3,40.72
528.32,42.64
528.33,43.54
528.35,45.19
528.37,46.62
528.38,47.25
528.4,48.32
528.42,49.14
528.43,49.45
528.45,49.87
528.47,50.03
528.48,50.01
528.5,49.81
528.52,49.38
528.53,49.09
528.55,48.38
528.57,47.54
528.58,47.08
528.6,46.11
528.61,45.61
528.63,44.63
528.65,43.71
528.66,43.28
528.68,42.55
528.7,42.02
528.71,41.85
528.73,41.74
528.75,41.96
528.76,42.22
528.78,43.06
528.8,44.37
528.81,45.22
528.83,47.32
528.85,49.98
528.86,51.54
528.88,55.12
528.9,59.33
528.91,61.68
528.93,66.87
528.95,72.72
528.96,75.9
528.98,82.72
528.99,86.38
529.01,94.15
529.03,102.5
529.04,106.9
529.06,116.1
529.08,125.7
529.09,130.7
529.11,140.9
529.13,151.5
529.14,156.9
529.16,167.7
529.18,178.7
529.19,184.2
529.21,195.1
529.23,205.9
529.24,211.2
529.26,221.6
529.28,231.7
529.29,236.6
529.31,246.1
529.33,255.1
529.34,259.3
529.36,267.5
529.37,271.4
529.39,278.8
529.41,285.7
529.42,288.9
529.44,295.1
529.46,301.0
529.47,303.8
529.49,309.2
529.51,314.5
529.52,317.1
529.54,322.4
529.56,327.8
529.57,330.6
529.59,336.4
529.61,342.5
529.62,345.7
529.64,352.4
529.66,359.7
529.67,363.5
529.69,371.5
529.71,380.0
529.72,384.4
529.74,393.5
529.75,398.2
529.77,407.8
529.79,417.6
529.8,422.5
529.82,432.4
529.84,442.2
529.85,447.0
529.87,456.5
529.89,465.6
529.9,469.9
529.92,478.3
529.94,486.1
529.95,489.7
529.97,496.5
529.99,502.5
530.0,505.2
530.02,510.1
530.04,514.2
530.05,516.0
530.07,518.9
530.08,520.1
530.1,521.8
530.12,522.7
530.13,522.9
530.15,522.7
530.17,521.6
530.18,520.7
530.2,518.3
530.22,515.0
530.23,512.9
530.25,508.1
530.27,502.2
530.28,498.8
530.3,491.1
530.32,482.2
530.33,477.3
530.35,466.4
530.37,454.3
530.38,447.8
530.4,433.7
530.42,418.4
530.43,410.3
530.45,393.3
530.46,384.4
530.48,366.0
530.5,346.7
530.51,336.9
530.53,316.8
530.55,296.5
530.56,286.2
530.58,265.8
530.6,245.5
530.61,235.4
530.63,215.8
530.65,196.7
530.66,187.5
530.68,169.6
530.7,152.7
530.71,144.6
530.73,129.3
530.75,115.0
530.76,108.3
530.78,95.82
530.8,84.43
530.81,79.15
530.83,69.4
530.84,64.91
530.86,56.69
530.88,49.41
530.89,46.1
530.91,40.1
530.93,34.85
530.94,32.48
530.96,28.21
530.98,24.52
530.99,22.86
531.01,19.89
531.03,17.32
531.04,16.18
531.06,14.12
531.08,12.35
531.09,11.56
531.11,10.14
531.13,8.914
531.14,8.366
531.16,7.384
531.18,6.537
531.19,6.16
531.21,5.485
531.22,5.185
531.24,4.653
531.26,4.203
531.27,4.006
531.29,3.663
531.31,3.383
531.32,3.265
531.34,3.068
531.36,2.922
531.37,2.867
531.39,2.79
531.41,2.754
531.42,2.752
531.44,2.776
531.46,2.84
531.47,2.887
531.49,3.01
531.51,3.176
531.52,3.276
531.54,3.513
531.55,3.652
531.57,3.976
531.59,4.369
531.6,4.596
531.62,5.119
531.64,5.752
531.65,6.116
531.67,6.955
531.69,7.967
531.7,8.548
531.72,9.885
531.74,11.49
531.75,12.41
531.77,14.5
531.79,17.0
531.8,18.41
531.82,21.62
531.84,25.38
531.85,27.49
531.87,32.22
531.89,37.69
531.9,40.72
531.92,47.42
531.93,51.11
531.95,59.2
531.97,68.27
531.98,73.19
532.0,83.82
532.02,95.5
532.03,101.7
532.05,115.0
532.07,129.3
532.08,136.8
532.1,152.4
532.12,168.9
532.13,177.3
532.15,194.7
532.17,212.4
532.18,221.4
532.2,239.3
532.22,257.1
532.23,265.9
532.25,282.9
532.27,299.2
532.28,306.9
532.3,321.4
532.31,328.2
532.33,340.4
532.35,350.9
532.36,355.4
532.38,362.8
532.4,368.0
532.41,369.8
532.43,371.6
532.45,371.0
532.46,369.9
532.48,365.9
532.5,359.7
532.51,355.8
532.53,346.6
532.55,335.7
532.56,329.7
532.58,316.5
532.6,302.2
532.61,294.7
532.63,279.1
532.65,263.0
532.66,254.8
532.68,238.4
532.69,230.2
532.71,214.0
532.73,198.2
532.74,190.5
532.76,175.6
532.78,161.3
532.79,154.5
532.81,141.6
532.83,129.5
532.84,123.8
532.86,113.2
532.88,103.4
532.89,98.79
532.91,90.28
532.93,82.55
532.94,78.97
532.96,72.31
532.98,66.27
532.99,63.46
533.01,58.23
533.02,55.8
533.04,51.24
533.06,47.05
533.07,45.08
533.09,41.36
533.11,37.91
533.12,36.27
533.14,33.15
533.16,30.22
533.17,28.83
533.19,26.17
533.21,23.67
533.22,22.48
533.24,20.22
533.26,18.1
533.27,17.1
533.29,15.21
533.31,13.47
533.32,12.65
533.34,11.12
533.36,9.738
533.37,9.099
533.39,7.925
533.4,7.389
533.42,6.417
533.44,5.574
533.45,5.2
533.47,4.543
533.49,4.005
533.5,3.779
533.52,3.41
533.54,3.15
533.55,3.06
533.57,2.957
533.59,2.956
533.6,2.994
533.62,3.143
533.64,3.392
533.65,3.553
533.67,3.95
533.69,4.446
533.7,4.73
533.72,5.373
533.74,6.112
533.75,6.517
533.77,7.397
533.78,7.87
533.8,8.881
533.82,9.972
533.83,10.54
533.85,11.74
533.87,12.99
533.88,13.63
533.9,14.94
533.92,16.27
533.93,16.94
533.95,18.27
533.97,19.57
533.98,20.21
534.0,21.44
534.02,22.59
534.03,23.14
534.05,24.16
534.07,25.05
534.08,25.46
534.1,26.16
534.12,26.71
534.13,26.93
534.15,27.25
534.16,27.35
534.18,27.43
534.2,27.36
534.21,27.26
534.23,26.96
534.25,26.52
534.26,26.25
534.28,25.63
534.3,24.9
534.31,24.5
534.33,23.64
534.35,22.73
534.36,22.25
534.38,21.28
534.4,20.29
534.41,19.79
534.43,18.81
534.45,17.85
534.46,17.39
534.48,16.5
534.49,16.08
534.51,15.28
534.53,14.57
534.54,14.24
534.56,13.66
534.58,13.18
534.59,12.97
534.61,12.64
534.63,12.43
534.64,12.36
534.66,12.32
534.68,12.4
534.69,12.48
534.71,12.74
534.73,13.13
534.74,13.37
534.76,13.95
534.78,14.66
534.79,15.07
534.81,16.0
534.83,17.07
534.84,17.66
534.86,18.96
534.87,19.68
534.89,21.23
534.91,22.97
534.92,23.9
534.94,25.91
534.96,28.12
534.97,29.3
534.99,31.8
535.01,34.49
535.02,35.91
535.04,38.89
535.06,42.05
535.07,43.68
535.09,47.06
535.11,50.54
535.12,52.32
535.14,55.91
535.16,59.52
535.17,61.32
535.19,64.86
535.21,68.28
535.22,69.93
535.24,73.08
535.25,74.55
535.27,77.29
535.29,79.69
535.3,80.74
535.32,82.54
535.34,83.89
535.35,84.39
535.37,85.02
535.39,85.15
535.4,85.02
535.42,84.4
535.44,83.3
535.45,82.58
535.47,80.81
535.49,78.64
535.5,77.43
535.52,74.77
535.54,71.84
535.55,70.3
535.57,67.11
535.59,63.81
535.6,62.15
535.62,58.81
535.63,57.16
535.65,53.91
535.67,50.79
535.68,49.29
535.7,46.42
535.72,43.76
535.73,42.52
535.75,40.2
535.77,38.14
535.78,37.2
535.8,35.51
535.82,34.06
535.83,33.42
535.85,32.31
535.87,31.4
535.88,31.02
535.9,30.39
535.92,29.93
535.93,29.75
535.95,29.49
535.97,29.35
535.98,29.32
536.0,29.33
536.01,29.37
536.03,29.51
536.05,29.73
536.06,29.86
536.08,30.19
536.1,30.59
536.11,30.82
536.13,31.33
536.15,31.93
536.16,32.27
536.18,33.01
536.2,33.87
536.21,34.34
536.23,35.38
536.25,36.55
536.26,37.19
536.28,38.59
536.3,40.16
536.31,41.01
536.33,42.84
536.34,43.82
536.36,45.93
536.38,48.24
536.39,49.47
536.41,52.08
536.43,54.88
536.44,56.35
536.46,59.44
536.48,62.71
536.49,64.41
536.51,67.93
536.53,71.61
536.54,73.51
536.56,77.39
536.58,81.38
536.59,83.41
536.61,87.54
536.63,91.73
536.64,93.84
536.66,98.08
536.68,102.3
536.69,104.5
536.71,108.7
536.72,110.8
536.74,114.9
536.76,118.9
536.77,120.9
536.79,124.8
536.81,128.5
536.82,130.3
536.84,133.8
536.86,137.0
536.87,138.5
536.89,141.3
536.91,143.9
536.92,145.0
536.94,147.1
536.96,148.7
536.97,149.4
536.99,150.5
537.01,151.1
537.02,151.2
537.04,151.1
537.06,150.4
537.07,149.9
537.09,148.5
537.1,147.6
537.12,145.4
537.14,142.7
537.15,141.1
537.17,137.7
537.19,133.7
537.2,131.6
537.22,127.0
537.24,122.0
537.25,119.3
537.27,113.9
537.29,108.1
537.3,105.2
537.32,99.18
537.34,93.07
537.35,90.0
537.37,83.84
537.39,77.73
537.4,74.71
537.42,68.77
537.44,63.01
537.45,60.2
537.47,54.78
537.48,52.17
537.5,47.17
537.52,42.48
537.53,40.27
537.55,36.09
537.57,32.26
537.58,30.48
537.6,27.19
537.62,24.27
537.63,22.94
537.65,20.56
537.67,18.53
537.68,17.65
537.7,16.13
537.72,14.96
537.73,14.5
537.75,13.83
537.77,13.48
537.78,13.42
537.8,13.56
537.81,13.74
537.83,14.36
537.85,15.3
537.86,15.89
537.88,17.32
537.9,19.09
537.91,20.1
537.93,22.37
537.95,24.98
537.96,26.42
537.98,29.55
538.0,33.03
538.01,34.9
538.03,38.88
538.05,43.2
538.06,45.48
538.08,50.26
538.1,55.32
538.11,57.95
538.13,63.38
538.15,69.0
538.16,71.87
538.18,77.69
538.19,80.63
538.21,86.53
538.23,92.39
538.24,95.29
538.26,101.0
538.28,106.4
538.29,109.0
538.31,114.0
538.33,118.6
538.34,120.7
538.36,124.5
538.38,127.7
538.39,129.1
538.41,131.3
538.43,132.8
538.44,133.3
538.46,133.6
538.48,133.3
538.49,132.8
538.51,131.3
538.53,129.0
538.54,127.7
538.56,124.5
538.57,122.6
538.59,118.6
538.61,114.0
538.62,111.6
538.64,106.5
538.66,101.1
538.67,98.37
538.69,92.77
538.71,87.12
538.72,84.3
538.74,78.72
538.76,73.27
538.77,70.62
538.79,65.48
538.81,60.61
538.82,58.29
538.84,53.88
538.86,49.8
538.87,47.89
538.89,44.32
538.91,41.11
538.92,39.63
538.94,36.92
538.95,35.68
538.97,33.45
538.99,31.51
539.0,30.65
539.02,29.12
539.04,27.84
539.05,27.28
539.07,26.34
539.09,25.6
539.1,25.3
539.12,24.83
539.14,24.52
539.15,24.42
539.17,24.33
539.19,24.37
539.2,24.43
539.22,24.64
539.24,24.93
539.25,25.12
539.27,25.53
539.28,25.76
539.3,26.26
539.32,26.79
539.33,27.07
539.35,27.63
539.37,28.18
539.38,28.46
539.4,28.98
539.42,29.47
539.43,29.7
539.45,30.1
539.47,30.44
539.48,30.59
539.5,30.81
539.52,30.96
539.53,31.0
539.55,31.02
539.57,30.95
539.58,30.89
539.6,30.7
539.62,30.44
539.63,30.28
539.65,29.92
539.66,29.72
539.68,29.28
539.7,28.79
539.71,28.54
539.73,28.01
539.75,27.47
539.76,27.19
539.78,26.64
539.8,26.11
539.81,25.85
539.83,25.36
539.85,24.92
539.86,24.73
539.88,24.39
539.9,24.14
539.91,24.06
539.93,23.98
539.95,24.04
539.96,24.13
539.98,24.45
540.0,24.96
540.01,25.3
540.03,26.15
540.04,26.68
540.06,27.92
540.08,29.46
540.09,30.34
540.11,32.35
540.13,34.68
540.14,35.97
540.16,38.81
540.18,41.99
540.19,43.71
540.21,47.39
540.23,51.37
540.24,53.47
540.26,57.87
540.28,62.51
540.29,64.9
540.31,69.79
540.33,74.8
540.34,77.33
540.36,82.39
540.38,87.41
540.39,89.89
540.41,94.72
540.42,97.07
540.44,101.6
540.46,105.8
540.47,107.8
540.49,111.4
540.51,114.7
540.52,116.1
540.54,118.7
540.56,120.7
540.57,121.6
540.59,122.9
540.61,123.7
540.62,123.9
540.64,124.0
540.66,123.6
540.67,123.3
540.69,122.3
540.71,121.0
540.72,120.2
540.74,118.4
540.75,117.5
540.77,115.4
540.79,113.2
540.8,112.1
540.82,109.8
540.84,107.4
540.85,106.3
540.87,104.0
540.89,101.9
540.9,100.9
540.92,98.9
540.94,97.11
540.95,96.28
540.97,94.78
540.99,93.47
541.0,92.89
541.02,91.89
541.04,91.1
541.05,90.78
541.07,90.28
541.09,89.98
541.1,89.9
541.12,89.86
541.13,89.91
541.15,90.13
541.17,90.51
541.18,90.76
541.2,91.37
541.22,92.13
541.23,92.56
541.25,93.54
541.27,94.67
541.28,95.29
541.3,96.64
541.32,98.13
541.33,98.93
541.35,100.6
541.37,102.4
541.38,103.4
541.4,105.4
541.42,107.4
541.43,108.5
541.45,110.6
541.47,112.7
541.48,113.7
541.5,115.7
541.51,116.7
541.53,118.5
541.55,120.1
541.56,120.8
541.58,122.0
541.6,122.9
541.61,123.2
541.63,123.6
541.65,123.7
541.66,123.5
541.68,123.0
541.7,122.1
541.71,121.5
541.73,120.1
541.75,118.4
541.76,117.5
541.78,115.4
541.8,113.2
541.81,112.0
541.83,109.7
541.85,107.3
541.86,106.1
541.88,103.8
541.89,102.7
541.91,100.6
541.93,98.59
541.94,97.67
541.96,95.96
541.98,94.44
541.99,93.75
542.01,92.49
542.03,91.37
542.04,90.86
542.06,89.89
542.08,88.98
542.09,88.52
542.11,87.59
542.13,86.59
542.14,86.05
542.16,84.87
542.18,83.52
542.19,82.76
542.21,81.1
542.23,79.21
542.24,78.18
542.26,75.93
542.27,74.72
542.29,72.13
542.31,69.34
542.32,67.88
542.34,64.84
542.36,61.67
542.37,60.05
542.39,56.76
542.41,53.45
542.42,51.8
542.44,48.54
542.46,45.34
542.47,43.79
542.49,40.77
542.51,37.92
542.52,36.56
542.54,33.98
542.56,31.61
542.57,30.5
542.59,28.46
542.6,27.52
542.62,25.81
542.64,24.33
542.65,23.67
542.67,22.51
542.69,21.55
542.7,21.14
542.72,20.45
542.74,19.94
542.75,19.74
542.77,19.44
542.79,19.27
542.8,19.23
542.82,19.22
542.84,19.3
542.85,19.37
542.87,19.55
542.89,19.78
542.9,19.91
542.92,20.18
542.94,20.47
542.95,20.62
542.97,20.9
542.98,21.04
543.0,21.3
543.02,21.54
543.03,21.64
543.05,21.81
543.07,21.94
543.08,21.99
543.1,22.04
543.12,22.03
543.13,22.01
543.15,21.92
543.17,21.78
543.18,21.69
543.2,21.46
543.22,21.2
543.23,21.04
543.25,20.71
543.27,20.34
543.28,20.14
543.3,19.73
543.32,19.29
543.33,19.06
543.35,18.6
543.36,18.36
543.38,17.88
543.4,17.38
543.41,17.14
543.43,16.63
543.45,16.13
543.46,15.87
543.48,15.36
543.5,14.84
543.51,14.58
543.53,14.05
543.55,13.52
543.56,13.26
543.58,12.72
543.6,12.17
543.61,11.9
543.63,11.34
543.65,10.78
543.66,10.5
543.68,9.938
543.7,9.372
543.71,9.089
543.73,8.526
543.74,8.247
543.76,7.693
543.78,7.148
543.79,6.881
543.81,6.356
543.83,5.849
543.84,5.603
543.86,5.128
543.88,4.676
543.89,4.46
543.91,4.048
543.93,3.665
543.94,3.485
543.96,3.149
543.98,2.844
543.99,2.703
544.01,2.446
544.03,2.222
544.04,2.121
544.06,1.945
544.07,1.868
544.09,1.739
544.11,1.64
544.12,1.601
544.14,1.547
544.16,1.521
544.17,1.519
544.19,1.535
544.21,1.579
544.22,1.611
544.24,1.696
544.26,1.808
544.27,1.874
544.29,2.026
544.31,2.206
544.32,2.306
544.34,2.527
544.36,2.776
544.37,2.911
544.39,3.202
544.41,3.521
544.42,3.691
544.44,4.051
544.45,4.241
544.47,4.642
544.49,5.067
544.5,5.289
544.52,5.75
544.54,6.23
544.55,6.478
544.57,6.985
544.59,7.506
544.6,7.771
544.62,8.307
544.64,8.85
544.65,9.123
544.67,9.671
544.69,10.22
544.7,10.49
544.72,11.04
544.74,11.59
544.75,11.86
544.77,12.41
544.79,12.97
544.8,13.24
544.82,13.81
544.83,14.1
544.85,14.69
544.87,15.3
544.88,15.62
544.9,16.28
544.92,16.99
544.93,17.36
544.95,18.13
544.97,18.96
544.98,19.4
545.0,20.32
545.02,21.3
545.03,21.81
545.05,22.87
545.07,23.99
545.08,24.57
545.1,25.75
545.12,26.95
545.13,27.56
545.15,28.79
545.17,30.01
545.18,30.61
545.2,31.78
545.21,32.34
545.23,33.42
545.25,34.43
545.26,34.89
545.28,35.74
545.3,36.46
545.31,36.77
545.33,37.29
545.35,37.65
545.36,37.78
545.38,37.9
545.4,37.87
545.41,37.79
545.43,37.51
545.45,37.08
545.46,36.81
545.48,36.16
545.5,35.38
545.51,34.94
545.53,33.98
545.54,33.46
545.56,32.36
545.58,31.17
545.59,30.55
545.61,29.27
545.63,27.95
545.64,27.28
545.66,25.93
545.68,24.56
545.69,23.88
545.71,22.52
545.73,21.19
545.74,20.53
545.76,19.25
545.78,18.02
545.79,17.42
545.81,16.28
545.83,15.21
545.84,14.7
545.86,13.76
545.88,12.91
545.89,12.52
545.91,11.83
545.92,11.53
545.94,11.02
545.96,10.63
545.97,10.49
545.99,10.32
546.01,10.3
546.02,10.35
546.04,10.57
546.06,10.95
546.07,11.21
546.09,11.86
546.11,12.68
546.12,13.16
546.14,14.27
546.16,15.55
546.17,16.26
546.19,17.82
546.21,19.56
546.22,20.5
546.24,22.5
546.26,24.68
546.27,25.82
546.29,28.23
546.3,29.5
546.32,32.12
546.34,34.88
546.35,36.31
546.37,39.24
546.39,42.26
546.4,43.81
546.42,46.95
546.44,50.15
546.45,51.76
546.47,55.0
546.49,58.24
546.5,59.86
546.52,63.06
546.54,66.19
546.55,67.73
546.57,70.72
546.59,73.57
546.6,74.94
546.62,77.54
546.64,79.93
546.65,81.03
546.67,83.05
546.68,83.96
546.7,85.56
546.72,86.85
546.73,87.38
546.75,88.19
546.77,88.68
546.78,88.8
546.8,88.8
546.82,88.51
546.83,88.26
546.85,87.56
546.87,86.65
546.88,86.13
546.9,84.98
546.92,83.74
546.93,83.11
546.95,81.87
546.97,80.7
546.98,80.17
547.0,79.26
547.01,78.89
547.03,78.39
547.05,78.23
547.06,78.3
547.08,78.77
547.1,79.7
547.11,80.35
547.13,82.03
547.15,84.21
547.16,85.5
547.18,88.42
547.2,91.8
547.21,93.64
547.23,97.6
547.25,101.9
547.26,104.1
547.28,108.7
547.3,113.3
547.31,115.6
547.33,120.2
547.35,124.6
547.36,126.7
547.38,130.7
547.39,132.5
547.41,135.8
547.43,138.5
547.44,139.7
547.46,141.4
547.48,142.5
547.49,142.8
547.51,142.9
547.53,142.2
547.54,141.7
547.56,140.0
547.58,137.8
547.59,136.5
547.61,133.5
547.63,130.2
547.64,128.4
547.66,124.6
547.68,120.8
547.69,118.9
547.71,115.1
547.73,111.4
547.74,109.7
547.76,106.6
547.77,105.2
547.79,102.7
547.81,100.7
547.82,100.0
547.84,99.02
547.86,98.7
547.87,98.8
547.89,99.51
547.91,100.9
547.92,101.8
547.94,104.1
547.96,107.0
547.97,108.6
547.99,112.2
548.01,116.1
548.02,118.1
548.04,122.3
548.06,126.5
548.07,128.6
548.09,132.6
548.11,136.4
548.12,138.1
548.14,141.3
548.15,142.7
548.17,144.9
548.19,146.5
548.2,147.0
548.22,147.5
548.24,147.1
548.25,146.6
548.27,145.0
548.29,142.5
548.3,141.0
548.32,137.4
548.34,133.0
548.35,130.6
548.37,125.3
548.39,119.4
548.4,116.4
548.42,109.9
548.44,103.2
548.45,99.8
548.47,92.89
548.49,85.96
548.5,82.52
548.52,75.74
548.53,72.42
548.55,65.96
548.57,59.8
548.58,56.85
548.6,51.23
548.62,46.02
548.63,43.58
548.65,39.02
548.67,34.9
548.68,33.01
548.7,29.55
548.72,26.52
548.73,25.15
548.75,22.71
548.77,20.63
548.78,19.72
548.8,18.13
548.82,16.82
548.83,16.26
548.85,15.31
548.86,14.92
548.88,14.27
548.9,13.77
548.91,13.58
548.93,13.28
548.95,13.09
548.96,13.03
548.98,12.97
549.0,12.99
549.01,13.03
549.03,13.15
549.05,13.35
549.06,13.47
549.08,13.8
549.1,14.22
549.11,14.48
549.13,15.09
549.15,15.86
549.16,16.32
549.18,17.39
549.2,18.71
549.21,19.48
549.23,21.25
549.24,22.27
549.26,24.61
549.28,27.41
549.29,28.99
549.31,32.57
549.33,36.75
549.34,39.08
549.36,44.29
549.38,50.24
549.39,53.52
549.41,60.72
549.43,68.8
549.44,73.18
549.46,82.63
549.48,93.03
549.49,98.58
549.51,110.4
549.53,123.0
549.54,129.7
549.56,143.6
549.58,158.2
549.59,165.7
549.61,181.0
549.62,188.8
549.64,204.6
549.66,220.4
549.67,228.2
549.69,243.7
549.71,258.6
549.72,265.8
549.74,279.5
549.76,292.0
549.77,297.8
549.79,308.2
549.81,317.0
549.82,320.7
549.84,326.7
549.86,330.7
549.87,331.9
549.89,332.8
549.91,331.5
549.92,330.0
549.94,325.6
549.96,319.3
549.97,315.4
549.99,306.3
550.0,301.2
550.02,289.8
550.04,277.2
550.05,270.5
550.07,256.5
550.09,241.8
550.1,234.3
550.12,219.1
550.14,203.9
550.15,196.4
550.17,181.5
550.19,167.1
550.2,160.1
550.22,146.6
550.24,133.9
550.25,128.0
550.27,116.7
550.29,106.3
550.3,101.6
550.32,92.77
550.33,88.75
550.35,81.47
550.37,75.18
550.38,72.39
550.4,67.52
550.42,63.55
550.43,61.89
550.45,59.2
550.47,57.32
550.48,56.68
550.5,55.98
550.52,56.05
550.53,56.36
550.55,57.57
550.57,59.56
550.58,60.84
550.6,64.02
550.62,68.02
550.63,70.34
550.65,75.63
550.67,81.82
550.68,85.26
550.7,92.84
550.71,96.98
550.73,106.0
550.75,115.9
550.76,121.2
550.78,132.4
550.8,144.4
550.81,150.7
550.83,163.8
550.85,177.4
550.86,184.4
550.88,198.5
550.9,212.9
550.91,220.0
550.93,234.2
550.95,248.0
550.96,254.7
550.98,267.5
551.0,279.4
551.01,285.0
551.03,295.2
551.05,303.9
551.06,307.7
551.08,314.1
551.09,316.7
551.11,320.4
551.13,322.2
551.14,322.4
551.16,321.4
551.18,318.6
551.19,316.5
551.21,311.0
551.23,303.8
551.24,299.7
551.26,290.4
551.28,279.9
551.29,274.2
551.31,262.2
551.33,249.5
551.34,243.0
551.36,229.6
551.38,216.0
551.39,209.2
551.41,195.6
551.43,182.3
551.44,175.8
551.46,163.1
551.47,157.0
551.49,145.2
551.51,134.1
551.52,128.8
551.54,118.8
551.56,109.5
551.57,105.2
551.59,97.12
551.61,89.8
551.62,86.42
551.64,80.17
551.66,74.57
551.67,72.0
551.69,67.28
551.71,63.07
551.72,61.14
551.74,57.58
551.76,54.38
551.77,52.9
551.79,50.13
551.8,48.84
551.82,46.41
551.84,44.15
551.85,43.07
551.87,41.0
551.89,39.02
551.9,38.06
551.92,36.19
551.94,34.38
551.95,33.49
551.97,31.75
551.99,30.06
552.0,29.24
552.02,27.63
552.04,26.08
552.05,25.32
552.07,23.87
552.09,22.5
552.1,21.85
552.12,20.61
552.14,19.46
552.15,18.93
552.17,17.95
552.18,17.5
552.2,16.69
552.22,16.01
552.23,15.71
552.25,15.22
552.27,14.87
552.28,14.75
552.3,14.62
552.32,14.65
552.33,14.73
552.35,15.0
552.37,15.46
552.38,15.76
552.4,16.51
552.42,17.46
552.43,18.02
552.45,19.3
552.47,20.82
552.48,21.67
552.5,23.55
552.52,25.69
552.53,26.85
552.55,29.35
552.56,30.7
552.58,33.57
552.6,36.67
552.61,38.29
552.63,41.69
552.65,45.25
552.66,47.08
552.68,50.81
552.7,54.62
552.71,56.53
552.73,60.34
552.75,64.08
552.76,65.9
552.78,69.44
552.8,72.76
552.81,74.33
552.83,77.23
552.85,79.78
552.86,80.91
552.88,82.86
552.9,84.37
552.91,84.94
552.93,85.72
552.94,85.93
552.96,85.97
552.98,85.51
552.99,85.11
553.01,83.96
553.03,82.38
553.04,81.44
553.06,79.3
553.08,76.85
553.09,75.52
553.11,72.72
553.13,69.77
553.14,68.26
553.16,65.21
553.18,62.18
553.19,60.69
553.21,57.8
553.23,55.08
553.24,53.8
553.26,51.42
553.27,50.33
553.29,48.37
553.31,46.73
553.32,46.03
553.34,44.88
553.36,44.05
553.37,43.76
553.39,43.39
553.41,43.32
553.42,43.37
553.44,43.66
553.46,44.13
553.47,44.43
553.49,45.11
553.51,45.86
553.52,46.25
553.54,47.01
553.56,47.74
553.57,48.06
553.59,48.63
553.61,49.04
553.62,49.18
553.64,49.31
553.65,49.29
553.67,49.08
553.69,48.63
553.7,48.31
553.72,47.5
553.74,46.45
553.75,45.85
553.77,44.49
553.79,42.96
553.8,42.13
553.82,40.39
553.84,38.57
553.85,37.64
553.87,35.77
553.89,33.94
553.9,33.05
553.92,31.36
553.94,29.83
553.95,29.14
553.97,27.96
553.99,27.07
554.0,26.76
554.02,26.42
554.03,26.41
554.05,26.74
554.07,27.58
554.08,28.21
554.1,29.9
554.12,32.22
554.13,33.63
554.15,36.97
554.17,41.03
554.18,43.34
554.2,48.54
554.22,54.51
554.23,57.8
554.25,64.95
554.27,72.89
554.28,77.13
554.3,86.18
554.32,95.91
554.33,101.0
554.35,111.6
554.37,122.8
554.38,128.5
554.4,140.1
554.41,146.1
554.43,158.0
554.45,169.9
554.46,175.8
554.48,187.3
554.5,198.5
554.51,203.8
554.53,214.0
554.55,223.3
554.56,227.6
554.58,235.4
554.6,241.9
554.61,244.7
554.63,249.3
554.65,252.4
554.66,253.4
554.68,254.2
554.7,253.5
554.71,252.5
554.73,249.6
554.74,247.5
554.76,242.4
554.78,236.0
554.79,232.3
554.81,224.1
554.83,214.9
554.84,210.0
554.86,199.6
554.88,188.6
554.89,182.9
554.91,171.3
554.93,159.5
554.94,153.6
554.96,141.7
554.98,130.1
554.99,124.4
555.01,113.2
555.03,102.4
555.04,97.26
555.06,87.32
555.08,77.98
555.09,73.55
555.11,65.2
555.12,61.28
555.14,53.94
555.16,47.29
555.17,44.22
555.19,38.57
555.21,33.55
555.22,31.27
555.24,27.14
555.26,23.56
555.27,21.97
555.29,19.14
555.31,16.77
555.32,15.73
555.34,13.95
555.36,12.53
555.37,11.93
555.39,10.96
555.41,10.25
555.42,9.988
555.44,9.617
555.46,9.437
555.47,9.41
555.49,9.467
555.5,9.546
555.52,9.79
555.54,10.13
555.55,10.33
555.57,10.79
555.59,11.3
555.6,11.57
555.62,12.12
555.64,12.69
555.65,12.97
555.67,13.53
555.69,14.06
555.7,14.32
555.72,14.8
555.74,15.22
555.75,15.41
555.77,15.74
555.79,16.0
555.8,16.1
555.82,16.25
555.84,16.31
555.85,16.31
555.87,16.24
555.88,16.18
555.9,16.0
555.92,15.75
555.93,15.59
555.95,15.24
555.97,14.83
555.98,14.61
556.0,14.13
556.02,13.62
556.03,13.36
556.05,12.82
556.07,12.27
556.08,11.99
556.1,11.44
556.12,10.9
556.13,10.64
556.15,10.14
556.17,9.659
556.18,9.433
556.2,9.008
556.22,8.621
556.23,8.443
556.25,8.12
556.26,7.974
556.28,7.717
556.3,7.504
556.31,7.414
556.33,7.269
556.35,7.168
556.36,7.134
556.38,7.099
556.4,7.11
556.41,7.131
556.43,7.21
556.45,7.335
556.46,7.416
556.48,7.616
556.5,7.87
556.51,8.019
556.53,8.362
556.55,8.771
556.56,9.003
556.58,9.522
556.59,9.813
556.61,10.46
556.63,11.2
556.64,11.61
556.66,12.5
556.68,13.51
556.69,14.06
556.71,15.26
556.73,16.58
556.74,17.29
556.76,18.82
556.78,20.5
556.79,21.39
556.81,23.28
556.83,25.31
556.84,26.38
556.86,28.62
556.88,31.0
556.89,32.24
556.91,34.8
556.93,37.48
556.94,38.85
556.96,41.67
556.97,43.1
556.99,46.01
557.01,48.97
557.02,50.46
557.04,53.44
557.06,56.41
557.07,57.88
557.09,60.78
557.11,63.61
557.12,64.99
557.14,67.65
557.16,70.18
557.17,71.39
557.19,73.67
557.21,75.75
557.22,76.71
557.24,78.47
557.26,79.99
557.27,80.65
557.29,81.79
557.31,82.66
557.32,83.0
557.34,83.48
557.35,83.61
557.37,83.69
557.39,83.52
557.4,83.34
557.42,82.82
557.44,82.07
557.45,81.63
557.47,80.61
557.49,79.42
557.5,78.78
557.52,77.4
557.54,75.93
557.55,75.17
557.57,73.6
557.59,72.0
557.6,71.2
557.62,69.58
557.64,67.99
557.65,67.2
557.67,65.65
557.69,64.14
557.7,63.41
557.72,61.99
557.73,61.29
557.75,59.95
557.77,58.67
557.78,58.04
557.8,56.83
557.82,55.66
557.83,55.09
557.85,53.98
557.87,52.9
557.88,52.36
557.9,51.31
557.92,50.28
557.93,49.77
557.95,48.75
557.97,47.75
557.98,47.26
558.0,46.28
558.02,45.32
558.03,44.84
558.05,43.91
558.06,43.46
558.08,42.57
558.1,41.72
558.11,41.31
558.13,40.53
558.15,39.8
558.16,39.47
558.18,38.85
558.2,38.31
558.21,38.08
558.23,37.69
558.25,37.42
558.26,37.34
558.28,37.28
558.3,37.38
558.31,37.5
558.33,37.89
558.35,38.51
558.36,38.9
558.38,39.89
558.4,41.17
558.41,41.93
558.43,43.69
558.44,44.7
558.46,47.01
558.48,49.7
558.49,51.2
558.51,54.51
558.53,58.25
558.54,60.28
558.56,64.67
558.58,69.49
558.59,72.06
558.61,77.5
558.63,83.31
558.64,86.35
558.66,92.65
558.68,99.23
558.69,102.6
558.71,109.5
558.73,116.4
558.74,119.9
558.76,126.9
558.78,133.7
558.79,137.1
558.81,143.6
558.82,146.8
558.84,152.8
558.86,158.3
558.87,160.9
558.89,165.6
558.91,169.7
558.92,171.5
558.94,174.5
558.96,176.7
558.97,177.6
558.99,178.6
559.01,179.0
559.02,178.8
559.04,178.0
559.06,176.6
559.07,175.6
559.09,173.1
559.11,170.2
559.12,168.5
559.14,164.9
559.16,161.0
559.17,159.0
559.19,154.8
559.2,152.6
559.22,148.4
559.24,144.1
559.25,142.0
559.27,138.0
559.29,134.2
559.3,132.5
559.32,129.1
559.34,126.0
559.35,124.6
559.37,122.1
559.39,119.9
559.4,118.9
559.42,117.2
559.44,115.7
559.45,115.1
559.47,113.9
559.49,113.0
559.5,112.6
559.52,111.8
559.53,111.4
559.55,110.8
559.57,110.1
559.58,109.8
559.6,109.1
559.62,108.3
559.63,108.0
559.65,107.1
559.67,106.3
559.68,105.8
559.7,104.9
559.72,103.9
559.73,103.4
559.75,102.5
559.77,101.6
559.78,101.1
559.8,100.3
559.82,99.55
559.83,99.22
559.85,98.67
559.87,98.26
559.88,98.11
559.9,97.93
559.91,97.9
559.93,97.96
559.95,98.17
559.96,98.33
559.98,98.75
560.0,99.27
560.01,99.57
560.03,100.2
560.05,100.9
560.06,101.3
560.08,102.0
560.1,102.6
560.11,103.0
560.13,103.5
560.15,103.9
560.16,104.1
560.18,104.2
560.2,104.1
560.21,104.0
560.23,103.6
560.25,102.9
560.26,102.4
560.28,101.3
560.29,100.6
560.31,99.02
560.33,97.1
560.34,96.03
560.36,93.66
560.38,91.01
560.39,89.58
560.41,86.53
560.43,83.25
560.44,81.53
560.46,77.95
560.48,74.22
560.49,72.31
560.51,68.42
560.53,64.46
560.54,62.47
560.56,58.49
560.58,54.53
560.59,52.58
560.61,48.72
560.63,44.97
560.64,43.14
560.66,39.58
560.67,37.86
560.69,34.55
560.71,31.42
560.72,29.92
560.74,27.08
560.76,24.43
560.77,23.18
560.79,20.83
560.81,18.68
560.82,17.68
560.84,15.81
560.86,14.13
560.87,13.35
560.89,11.93
560.91,10.68
560.92,10.11
560.94,9.093
560.96,8.227
560.97,7.849
560.99,7.203
561.0,6.935
561.02,6.505
561.04,6.221
561.05,6.134
561.07,6.074
561.09,6.169
561.1,6.277
561.12,6.619
561.14,7.136
561.15,7.463
561.17,8.263
561.19,9.263
561.2,9.842
561.22,11.16
561.24,12.71
561.25,13.57
561.27,15.47
561.29,17.61
561.3,18.76
561.32,21.26
561.34,23.98
561.35,25.43
561.37,28.48
561.38,30.08
561.4,33.41
561.42,36.9
561.43,38.69
561.45,42.34
561.47,46.06
561.48,47.93
561.5,51.65
561.52,55.32
561.53,57.12
561.55,60.6
561.57,63.89
561.58,65.44
561.6,68.35
561.62,70.93
561.63,72.09
561.65,74.13
561.67,75.75
561.68,76.4
561.7,77.35
561.72,77.85
561.73,77.93
561.75,77.73
561.76,77.47
561.78,76.61
561.8,75.34
561.81,74.57
561.83,72.75
561.85,70.61
561.86,69.45
561.88,66.94
561.9,64.25
561.91,62.85
561.93,60.0
561.95,57.1
561.96,55.65
561.98,52.79
562.0,50.01
562.01,48.66
562.03,46.08
562.05,43.68
562.06,42.56
562.08,40.47
562.1,38.61
562.11,37.77
562.13,36.26
562.14,35.6
562.16,34.44
562.18,33.51
562.19,33.12
562.21,32.48
562.23,32.02
562.24,31.84
562.26,31.59
562.28,31.45
562.29,31.41
562.31,31.39
562.33,31.4
562.34,31.41
562.36,31.44
562.38,31.46
562.39,31.45
562.41,31.4
562.43,31.29
562.44,31.21
562.46,30.99
562.48,30.69
562.49,30.51
562.51,30.09
562.52,29.85
562.54,29.31
562.56,28.7
562.57,28.38
562.59,27.69
562.61,26.96
562.62,26.59
562.64,25.83
562.66,25.08
562.67,24.71
562.69,23.99
562.71,23.31
562.72,22.99
562.74,22.41
562.76,21.91
562.77,21.69
562.79,21.33
562.81,21.08
562.82,21.0
562.84,20.92
562.85,20.92
562.87,21.02
562.89,21.23
562.9,21.37
562.92,21.74
562.94,22.2
562.95,22.46
562.97,23.05
562.99,23.69
563.0,24.03
563.02,24.73
563.04,25.45
563.05,25.81
563.07,26.52
563.09,27.2
563.1,27.52
563.12,28.13
563.14,28.67
563.15,28.91
563.17,29.32
563.19,29.63
563.2,29.75
563.22,29.9
563.23,29.93
563.25,29.91
563.27,29.78
563.28,29.67
563.3,29.36
563.32,28.95
563.33,28.71
563.35,28.15
563.37,27.5
563.38,27.15
563.4,26.39
563.42,25.56
563.43,25.13
563.45,24.23
563.47,23.3
563.48,22.82
563.5,21.85
563.52,20.87
563.53,20.38
563.55,19.41
563.57,18.44
563.58,17.97
563.6,17.04
563.61,16.59
563.63,15.71
563.65,14.87
563.66,14.47
563.68,13.7
563.7,12.97
563.71,12.63
563.73,11.98
563.75,11.39
563.76,11.11
563.78,10.59
563.8,10.12
563.81,9.909
563.83,9.516
563.85,9.169
563.86,9.012
563.88,8.729
563.9,8.486
563.91,8.378
563.93,8.189
563.95,8.032
563.96,7.966
563.98,7.855
563.99,7.81
564.01,7.741
564.03,7.7
564.04,7.689
564.06,7.689
564.08,7.717
564.09,7.743
564.11,7.818
564.13,7.927
564.14,7.996
564.16,8.164
564.18,8.376
564.19,8.499
564.21,8.783
564.23,9.121
564.24,9.311
564.26,9.736
564.28,10.22
564.29,10.49
564.31,11.07
564.32,11.39
564.34,12.07
564.36,12.81
564.37,13.2
564.39,14.03
564.41,14.92
564.42,15.37
564.44,16.32
564.46,17.29
564.47,17.78
564.49,18.78
564.51,19.77
564.52,20.27
564.54,21.23
564.56,22.16
564.57,22.6
564.59,23.45
564.61,24.22
564.62,24.57
564.64,25.21
564.66,25.74
564.67,25.96
564.69,26.32
564.7,26.46
564.72,26.63
564.74,26.68
564.75,26.66
564.77,26.52
564.79,26.26
564.8,26.09
564.82,25.67
564.84,25.16
564.85,24.87
564.87,24.23
564.89,23.54
564.9,23.17
564.92,22.41
564.94,21.63
564.95,21.24
564.97,20.46
564.99,19.7
565.0,19.34
565.02,18.64
565.04,18.0
565.05,17.71
565.07,17.18
565.08,16.95
565.1,16.56
565.12,16.27
565.13,16.16
565.15,16.03
565.17,16.01
565.18,16.04
565.2,16.19
565.22,16.44
565.23,16.61
565.25,17.03
565.27,17.54
565.28,17.82
565.3,18.46
565.32,19.16
565.33,19.53
565.35,20.32
565.37,21.13
565.38,21.55
565.4,22.39
565.42,23.23
565.43,23.64
565.45,24.44
565.46,24.82
565.48,25.55
565.5,26.22
565.51,26.52
565.53,27.08
565.55,27.54
565.56,27.74
565.58,28.07
565.6,28.3
565.61,28.38
565.63,28.46
565.65,28.45
565.66,28.42
565.68,28.28
565.7,28.08
565.71,27.95
565.73,27.65
565.75,27.3
565.76,27.12
565.78,26.72
565.79,26.52
565.81,26.1
565.83,25.69
565.84,25.48
565.86,25.08
565.88,24.7
565.89,24.53
565.91,24.19
565.93,23.89
565.94,23.76
565.96,23.52
565.98,23.31
565.99,23.23
566.01,23.08
566.03,22.97
566.04,22.93
566.06,22.86
566.08,22.82
566.09,22.81
566.11,22.79
566.13,22.78
566.14,22.78
566.16,22.77
566.17,22.76
566.19,22.73
566.21,22.69
566.22,22.65
566.24,22.56
566.26,22.43
566.27,22.35
566.29,22.15
566.31,21.9
566.32,21.76
566.34,21.42
566.36,21.03
566.37,20.81
566.39,20.33
566.41,19.78
566.42,19.49
566.44,18.85
566.46,18.17
566.47,17.81
566.49,17.05
566.51,16.26
566.52,15.85
566.54,15.01
566.55,14.59
566.57,13.73
566.59,12.86
566.6,12.43
566.62,11.57
566.64,10.74
566.65,10.33
566.67,9.529
566.69,8.768
566.7,8.403
566.72,7.707
566.74,7.06
566.75,6.756
566.77,6.189
566.79,5.677
566.8,5.442
566.82,5.014
566.84,4.641
566.85,4.475
566.87,4.182
566.89,3.939
566.9,3.835
566.92,3.661
566.93,3.59
566.95,3.478
566.97,3.403
566.98,3.379
567.0,3.353
567.02,3.356
567.03,3.367
567.05,3.409
567.07,3.473
567.08,3.514
567.1,3.609
567.12,3.725
567.13,3.79
567.15,3.934
567.17,4.096
567.18,4.184
567.2,4.374
567.22,4.583
567.23,4.694
567.25,4.931
567.26,5.056
567.28,5.321
567.3,5.603
567.31,5.751
567.33,6.057
567.35,6.378
567.36,6.543
567.38,6.881
567.4,7.225
567.41,7.399
567.43,7.748
567.45,8.095
567.46,8.266
567.48,8.6
567.5,8.921
567.51,9.074
567.53,9.364
567.55,9.629
567.56,9.751
567.58,9.969
567.6,10.15
567.61,10.23
567.63,10.36
567.64,10.41
567.66,10.47
567.68,10.5
567.69,10.5
567.71,10.47
567.73,10.4
567.74,10.35
567.76,10.23
567.78,10.09
567.79,10.01
567.81,9.842
567.83,9.662
567.84,9.57
567.86,9.388
567.88,9.216
567.89,9.136
567.91,8.995
567.93,8.886
567.94,8.847
567.96,8.805
567.98,8.819
567.99,8.851
568.01,8.969
568.02,9.058
568.04,9.303
568.06,9.643
568.07,9.852
568.09,10.35
568.11,10.97
568.12,11.33
568.14,12.14
568.16,13.08
568.17,13.6
568.19,14.75
568.21,16.04
568.22,16.74
568.24,18.24
568.26,19.87
568.27,20.74
568.29,22.56
568.31,24.5
568.32,25.51
568.34,27.59
568.36,29.75
568.37,30.85
568.39,33.08
568.4,34.21
568.42,36.47
568.44,38.71
568.45,39.82
568.47,42.0
568.49,44.09
568.5,45.1
568.52,47.02
568.54,48.81
568.55,49.64
568.57,51.17
568.59,52.51
568.6,53.1
568.62,54.13
568.64,54.93
568.65,55.25
568.67,55.71
568.69,55.94
568.7,55.98
568.72,55.88
568.74,55.58
568.75,55.35
568.77,54.75
568.78,54.39
568.8,53.53
568.82,52.54
568.83,51.99
568.85,50.81
568.87,49.53
568.88,48.86
568.9,47.47
568.92,46.03
568.93,45.29
568.95,43.81
568.97,42.31
568.98,41.55
569.0,40.05
569.02,38.56
569.03,37.83
569.05,36.37
569.07,34.93
569.08,34.22
569.1,32.83
569.11,32.14
569.13,30.79
569.15,29.46
569.16,28.81
569.18,27.52
569.2,26.26
569.21,25.63
569.23,24.4
569.25,23.19
569.26,22.59
569.28,21.41
569.3,20.25
569.31,19.67
569.33,18.54
569.35,17.44
569.36,16.9
569.38,15.83
569.4,14.79
569.41,14.29
569.43,13.3
569.45,12.34
569.46,11.88
569.48,10.99
569.49,10.56
569.51,9.723
569.53,8.935
569.54,8.558
569.56,7.838
569.58,7.164
569.59,6.844
569.61,6.24
569.63,5.681
569.64,5.418
569.66,4.927
569.68,4.479
569.69,4.27
569.71,3.885
569.73,3.539
569.74,3.38
569.76,3.091
569.78,2.838
569.79,2.724
569.81,2.522
569.83,2.352
569.84,2.279
569.86,2.156
569.87,2.106
569.89,2.027
569.91,1.978
569.92,1.964
569.94,1.956
569.96,1.977
569.97,1.998
569.99,2.061
570.01,2.153
570.02,2.209
570.04,2.344
570.06,2.509
570.07,2.602
570.09,2.813
570.11,3.056
570.12,3.19
570.14,3.483
570.16,3.812
570.17,3.99
570.19,4.376
570.21,4.803
570.22,5.032
570.24,5.524
570.25,5.787
570.27,6.35
570.29,6.966
570.3,7.294
570.32,7.993
570.34,8.752
570.35,9.155
570.37,10.01
570.39,10.94
570.4,11.43
570.42,12.46
570.44,13.58
570.45,14.16
570.47,15.4
570.49,16.71
570.5,17.39
570.52,18.83
570.54,20.34
570.55,21.12
570.57,22.74
570.58,23.58
570.6,25.3
570.62,27.06
570.63,27.97
570.65,29.79
570.67,31.64
570.68,32.57
570.7,34.42
570.72,36.25
570.73,37.15
570.75,38.91
570.77,40.6
570.78,41.41
570.8,42.96
570.82,44.38
570.83,45.04
570.85,46.24
570.87,47.26
570.88,47.71
570.9,48.45
570.92,48.98
570.93,49.16
570.95,49.36
570.96,49.37
570.98,49.23
571.0,48.87
571.01,48.6
571.03,47.89
571.05,46.98
571.06,46.45
571.08,45.24
571.1,43.86
571.11,43.1
571.13,41.49
571.15,39.75
571.16,38.84
571.18,36.96
571.2,35.01
571.21,34.01
571.23,32.0
571.25,29.98
571.26,28.97
571.28,26.97
571.3,25.01
571.31,24.05
571.33,22.17
571.34,21.26
571.36,19.5
571.38,17.84
571.39,17.04
571.41,15.53
571.43,14.12
571.44,13.46
571.46,12.21
571.48,11.08
571.49,10.55
571.51,9.575
571.53,8.702
571.54,8.302
571.56,7.573
571.58,6.932
571.59,6.643
571.61,6.123
571.63,5.675
571.64,5.476
571.66,5.122
571.68,4.822
571.69,4.691
571.71,4.46
571.72,4.359
571.74,4.182
571.76,4.034
571.77,3.968
571.79,3.853
571.81,3.753
571.82,3.708
571.84,3.624
571.86,3.546
571.87,3.508
571.89,3.433
571.91,3.357
571.92,3.319
571.94,3.239
571.96,3.155
571.97,3.111
571.99,3.019
572.01,2.923
572.02,2.873
572.04,2.77
572.05,2.717
572.07,2.611
572.09,2.504
572.1,2.451
572.12,2.348
572.14,2.25
572.15,2.205
572.17,2.123
572.19,2.056
572.2,2.029
572.22,1.994
572.24,1.986
572.25,1.994
572.27,2.04
572.29,2.132
572.3,2.197
572.32,2.371
572.34,2.614
572.35,2.764
572.37,3.13
572.39,3.592
572.4,3.863
572.42,4.496
572.43,4.861
572.45,5.697
572.47,6.688
572.48,7.245
572.5,8.496
572.52,9.938
572.53,10.74
572.55,12.49
572.57,14.47
572.58,15.55
572.6,17.88
572.62,20.45
572.63,21.82
572.65,24.75
572.67,27.91
572.68,29.58
572.7,33.07
572.72,36.75
572.73,38.65
572.75,42.57
572.77,46.6
572.78,48.64
572.8,52.77
572.81,54.84
572.83,58.95
572.85,62.98
572.86,64.96
572.88,68.77
572.9,72.38
572.91,74.08
572.93,77.25
572.95,80.07
572.96,81.34
572.98,83.54
573.0,85.3
573.01,85.99
573.03,87.01
573.05,87.51
573.06,87.56
573.08,87.28
573.1,86.48
573.11,85.89
573.13,84.35
573.15,82.36
573.16,81.2
573.18,78.58
573.19,77.14
573.21,74.01
573.23,70.6
573.24,68.81
573.26,65.08
573.28,61.22
573.29,59.25
573.31,55.28
573.33,51.3
573.34,49.32
573.36,45.41
573.38,41.61
573.39,39.76
573.41,36.17
573.43,32.77
573.44,31.14
573.46,28.04
573.48,25.17
573.49,23.83
573.51,21.31
573.52,20.14
573.54,17.98
573.56,16.06
573.57,15.18
573.59,13.6
573.61,12.23
573.62,11.62
573.64,10.56
573.66,9.671
573.67,9.293
573.69,8.657
573.71,8.168
573.72,7.974
573.74,7.677
573.76,7.491
573.77,7.434
573.79,7.385
573.81,7.411
573.82,7.447
573.84,7.559
573.86,7.713
573.87,7.802
573.89,7.996
573.9,8.099
573.92,8.31
573.94,8.519
573.95,8.62
573.97,8.811
573.99,8.981
574.0,9.056
574.02,9.183
574.04,9.275
574.05,9.307
574.07,9.341
574.09,9.335
574.1,9.316
574.12,9.248
574.14,9.139
574.15,9.07
574.17,8.905
574.19,8.706
574.2,8.595
574.22,8.352
574.24,8.085
574.25,7.944
574.27,7.65
574.28,7.499
574.3,7.188
574.32,6.873
574.33,6.715
574.35,6.4
574.37,6.09
574.38,5.938
574.4,5.642
574.42,5.357
574.43,5.22
574.45,4.957
574.47,4.711
574.48,4.593
574.5,4.372
574.52,4.167
574.53,4.07
574.55,3.89
574.57,3.725
574.58,3.649
574.6,3.506
574.62,3.377
574.63,3.317
574.65,3.206
574.66,3.155
574.68,3.062
574.7,2.98
574.71,2.943
574.73,2.878
574.75,2.825
574.76,2.803
574.78,2.77
574.8,2.753
574.81,2.751
574.83,2.761
574.85,2.794
574.86,2.821
574.88,2.895
574.9,3.003
574.91,3.071
574.93,3.24
574.95,3.457
574.96,3.586
574.98,3.89
575.0,4.261
575.01,4.475
575.03,4.966
575.04,5.245
575.06,5.875
575.08,6.613
575.09,7.024
575.11,7.941
575.13,8.991
575.14,9.568
575.16,10.84
575.18,12.26
575.19,13.03
575.21,14.71
575.23,16.56
575.24,17.56
575.26,19.68
575.28,21.99
575.29,23.21
575.31,25.79
575.33,28.55
575.34,29.99
575.36,32.99
575.37,34.54
575.39,37.76
575.41,41.08
575.42,42.78
575.44,46.23
575.46,49.73
575.47,51.49
575.49,55.0
575.51,58.46
575.52,60.16
575.54,63.48
575.56,66.66
575.57,68.18
575.59,71.05
575.61,73.67
575.62,74.88
575.64,77.05
575.66,78.88
575.67,79.65
575.69,80.91
575.71,81.75
575.72,82.02
575.74,82.23
575.75,82.17
575.77,81.72
575.79,80.86
575.8,80.27
575.82,78.79
575.84,76.94
575.85,75.88
575.87,73.52
575.89,70.87
575.9,69.45
575.92,66.45
575.94,63.28
575.95,61.64
575.97,58.3
575.99,54.9
576.0,53.2
576.02,49.81
576.04,46.48
576.05,44.86
576.07,41.69
576.09,38.68
576.1,37.25
576.12,34.51
576.13,33.23
576.15,30.82
576.17,28.64
576.18,27.64
576.2,25.82
576.22,24.24
576.23,23.54
576.25,22.31
576.27,21.31
576.28,20.88
576.3,20.2
576.32,19.7
576.33,19.53
576.35,19.3
576.37,19.24
576.38,19.26
576.4,19.42
576.42,19.71
576.43,19.9
576.45,20.37
576.47,20.96
576.48,21.3
576.5,22.06
576.51,22.48
576.53,23.4
576.55,24.43
576.56,24.99
576.58,26.2
576.6,27.52
576.61,28.23
576.63,29.74
576.65,31.37
576.66,32.24
576.68,34.06
576.7,36.01
576.71,37.03
576.73,39.15
576.75,41.37
576.76,42.52
576.78,44.88
576.8,47.3
576.81,48.52
576.83,50.99
576.84,52.23
576.86,54.69
576.88,57.1
576.89,58.28
576.91,60.56
576.93,62.72
576.94,63.74
576.96,65.63
576.98,67.32
576.99,68.07
577.01,69.39
577.03,70.43
577.04,70.84
577.06,71.44
577.08,71.72
577.09,71.74
577.11,71.54
577.13,71.02
577.14,70.65
577.16,69.68
577.18,68.42
577.19,67.69
577.21,66.05
577.22,65.15
577.24,63.19
577.26,61.06
577.27,59.94
577.29,57.61
577.31,55.2
577.32,53.97
577.34,51.5
577.36,49.03
577.37,47.8
577.39,45.39
577.41,43.05
577.42,41.92
577.44,39.75
577.46,37.7
577.47,36.74
577.49,34.92
577.51,33.27
577.52,32.51
577.54,31.11
577.56,29.89
577.57,29.35
577.59,28.38
577.6,27.96
577.62,27.23
577.64,26.64
577.65,26.39
577.67,25.99
577.69,25.69
577.7,25.58
577.72,25.4
577.74,25.29
577.75,25.24
577.77,25.18
577.79,25.14
577.8,25.11
577.82,25.06
577.84,24.97
577.85,24.92
577.87,24.78
577.89,24.59
577.9,24.47
577.92,24.2
577.94,23.86
577.95,23.66
577.97,23.23
577.98,22.99
578.0,22.46
578.02,21.88
578.03,21.57
578.05,20.93
578.07,20.24
578.08,19.89
578.1,19.17
578.12,18.44
578.13,18.07
578.15,17.33
578.17,16.59
578.18,16.23
578.2,15.52
578.22,14.83
578.23,14.5
578.25,13.85
578.27,13.23
578.28,12.94
578.3,12.37
578.31,12.1
578.33,11.59
578.35,11.11
578.36,10.88
578.38,10.45
578.4,10.05
578.41,9.862
578.43,9.506
578.45,9.178
578.46,9.024
578.48,8.738
578.5,8.479
578.51,8.36
578.53,8.145
578.55,7.962
578.56,7.883
578.58,7.753
578.6,7.664
578.61,7.637
578.63,7.619
578.65,7.657
578.66,7.698
578.68,7.829
578.69,7.921
578.71,8.163
578.73,8.487
578.74,8.682
578.76,9.141
578.78,9.698
578.79,10.01
578.81,10.73
578.83,11.55
578.84,12.0
578.86,12.99
578.88,14.08
578.89,14.67
578.91,15.93
578.93,17.28
578.94,17.99
578.96,19.47
578.98,21.02
578.99,21.82
579.01,23.45
579.03,25.1
579.04,25.94
579.06,27.61
579.07,28.43
579.09,30.06
579.11,31.63
579.12,32.39
579.14,33.83
579.16,35.17
579.17,35.79
579.19,36.92
579.21,37.9
579.22,38.32
579.24,39.04
579.26,39.58
579.27,39.77
579.29,40.03
579.31,40.1
579.32,40.06
579.34,39.87
579.36,39.51
579.37,39.27
579.39,38.7
579.41,38.02
579.42,37.64
579.44,36.82
579.45,36.39
579.47,35.49
579.49,34.58
579.5,34.12
579.52,33.23
579.54,32.38
579.55,31.97
579.57,31.22
579.59,30.54
579.6,30.24
579.62,29.72
579.64,29.3
579.65,29.13
579.67,28.87
579.69,28.71
579.7,28.66
579.72,28.65
579.74,28.7
579.75,28.76
579.77,28.91
579.78,29.0
579.8,29.2
579.82,29.41
579.83,29.52
579.85,29.72
579.87,29.9
579.88,29.97
579.9,30.08
579.92,30.13
579.93,30.12
579.95,30.07
579.97,29.93
579.98,29.84
580.0,29.59
580.02,29.27
580.03,29.08
580.05,28.65
580.07,28.16
580.08,27.89
580.1,27.33
580.12,26.73
580.13,26.42
580.15,25.79
580.16,25.47
580.18,24.84
580.2,24.22
580.21,23.92
580.23,23.34
580.25,22.8
580.26,22.55
580.28,22.08
580.3,21.68
580.31,21.5
580.33,21.2
580.35,20.97
580.36,20.89
580.38,20.77
580.4,20.73
580.41,20.73
580.43,20.8
580.45,20.94
580.46,21.03
580.48,21.27
580.5,21.56
580.51,21.73
580.53,22.09
580.54,22.29
580.56,22.72
580.58,23.18
580.59,23.43
580.61,23.93
580.63,24.45
580.64,24.71
580.66,25.26
580.68,25.81
580.69,26.1
580.71,26.67
580.73,27.25
580.74,27.55
580.76,28.16
580.78,28.79
580.79,29.11
580.81,29.78
580.83,30.49
580.84,30.87
580.86,31.65
580.88,32.49
580.89,32.93
580.91,33.87
580.92,34.36
580.94,35.42
580.96,36.56
580.97,37.16
580.99,38.44
581.01,39.81
581.02,40.53
581.04,42.05
581.06,43.66
581.07,44.5
581.09,46.26
581.11,48.12
581.12,49.08
581.14,51.07
581.16,53.14
581.17,54.21
581.19,56.4
581.21,58.66
581.22,59.81
581.24,62.17
581.26,64.57
581.27,65.79
581.29,68.24
581.3,69.48
581.32,71.96
581.34,74.44
581.35,75.67
581.37,78.11
581.39,80.49
581.4,81.65
581.42,83.91
581.44,86.04
581.45,87.05
581.47,88.95
581.49,90.65
581.5,91.42
581.52,92.77
581.54,93.85
581.55,94.28
581.57,94.89
581.59,95.17
581.6,95.18
581.62,94.92
581.63,94.65
581.65,93.82
581.67,92.61
581.68,91.86
581.7,90.08
581.72,87.94
581.73,86.74
581.75,84.09
581.77,81.13
581.78,79.55
581.8,76.2
581.82,72.63
581.83,70.78
581.85,66.97
581.87,63.05
581.88,61.06
581.9,57.06
581.92,53.05
581.93,51.07
581.95,47.14
581.97,43.31
581.98,41.44
582.0,37.82
582.01,36.06
582.03,32.7
582.05,29.53
582.06,28.02
582.08,25.17
582.1,22.54
582.11,21.31
582.13,19.01
582.15,16.93
582.16,15.98
582.18,14.22
582.2,12.65
582.21,11.94
582.23,10.65
582.25,9.526
582.26,9.021
582.28,8.116
582.3,7.339
582.31,6.995
582.33,6.387
582.35,5.874
582.36,5.65
582.38,5.261
582.39,5.093
582.41,4.808
582.43,4.583
582.44,4.492
582.46,4.352
582.48,4.264
582.49,4.241
582.51,4.234
582.53,4.285
582.54,4.334
582.56,4.479
582.58,4.696
582.59,4.834
582.61,5.173
582.63,5.606
582.64,5.861
582.66,6.454
582.68,7.168
582.69,7.573
582.71,8.489
582.73,9.554
582.74,10.14
582.76,11.45
582.77,12.16
582.79,13.73
582.81,15.47
582.82,16.4
582.84,18.41
582.86,20.6
582.87,21.76
582.89,24.19
582.91,26.78
582.92,28.12
582.94,30.91
582.96,33.79
582.97,35.26
582.99,38.24
583.01,41.25
583.02,42.75
583.04,45.73
583.06,48.64
583.07,50.05
583.09,52.77
583.1,54.07
583.12,56.52
583.14,58.73
583.15,59.74
583.17,61.53
583.19,63.01
583.2,63.62
583.22,64.57
583.24,65.15
583.25,65.29
583.27,65.3
583.29,64.91
583.3,64.58
583.32,63.63
583.34,62.32
583.35,61.54
583.37,59.75
583.39,57.66
583.4,56.51
583.42,54.05
583.44,51.39
583.45,50.0
583.47,47.12
583.48,45.64
583.5,42.63
583.52,39.59
583.53,38.06
583.55,35.03
583.57,32.05
583.58,30.59
583.6,27.74
583.62,25.01
583.63,23.7
583.65,21.18
583.67,18.83
583.68,17.71
583.7,15.61
583.72,13.68
583.73,12.78
583.75,11.11
583.77,9.606
583.78,8.917
583.8,7.658
583.82,6.549
583.83,6.049
583.85,5.148
583.86,4.746
583.88,4.031
583.9,3.427
583.91,3.164
583.93,2.708
583.95,2.34
583.96,2.187
583.98,1.939
584.0,1.762
584.01,1.699
584.03,1.624
584.05,1.613
584.06,1.632
584.08,1.719
584.1,1.874
584.11,1.978
584.13,2.244
584.15,2.592
584.16,2.8
584.18,3.288
584.2,3.884
584.21,4.226
584.23,5.006
584.24,5.448
584.26,6.445
584.28,7.607
584.29,8.254
584.31,9.691
584.33,11.33
584.34,12.23
584.36,14.21
584.38,16.42
584.39,17.61
584.41,20.2
584.43,23.04
584.44,24.55
584.46,27.77
584.48,31.24
584.49,33.06
584.51,36.88
584.53,40.9
584.54,42.97
584.56,47.24
584.57,49.43
584.59,53.87
584.61,58.37
584.62,60.62
584.64,65.1
584.66,69.51
584.67,71.66
584.69,75.83
584.71,79.77
584.72,81.64
584.74,85.12
584.76,88.22
584.77,89.62
584.79,92.06
584.81,94.01
584.82,94.79
584.84,95.94
584.86,96.53
584.87,96.62
584.89,96.36
584.91,95.53
584.92,94.91
584.94,93.28
584.95,92.27
584.97,89.89
584.99,87.08
585.0,85.52
585.02,82.14
585.04,78.46
585.05,76.53
585.07,72.52
585.09,68.37
585.1,66.26
585.12,62.02
585.14,57.81
585.15,55.73
585.17,51.66
585.19,47.75
585.2,45.88
585.22,42.31
585.24,39.02
585.25,37.5
585.27,34.69
585.29,32.25
585.3,31.17
585.32,29.3
585.33,28.52
585.35,27.26
585.37,26.41
585.38,26.14
585.4,25.92
585.42,26.12
585.43,26.37
585.45,27.16
585.47,28.35
585.48,29.08
585.5,30.81
585.52,32.88
585.53,34.03
585.55,36.55
585.57,39.32
585.58,40.8
585.6,43.9
585.62,47.16
585.63,48.83
585.65,52.24
585.67,55.69
585.68,57.41
585.7,60.82
585.71,62.5
585.73,65.74
585.75,68.82
585.76,70.27
585.78,72.99
585.8,75.4
585.81,76.49
585.83,78.38
585.85,79.88
585.86,80.47
585.88,81.34
585.9,81.77
585.91,81.81
585.93,81.57
585.95,80.88
585.96,80.38
585.98,79.06
586.0,77.36
586.01,76.37
586.03,74.16
586.04,72.94
586.06,70.3
586.08,67.44
586.09,65.94
586.11,62.84
586.13,59.65
586.14,58.03
586.16,54.78
586.18,51.55
586.19,49.96
586.21,46.85
586.23,43.85
586.24,42.4
586.26,39.64
586.28,37.06
586.29,35.84
586.31,33.57
586.33,31.51
586.34,30.56
586.36,28.83
586.38,27.32
586.39,26.65
586.41,25.46
586.42,24.95
586.44,24.06
586.46,23.37
586.47,23.09
586.49,22.67
586.51,22.41
586.52,22.34
586.54,22.31
586.56,22.43
586.57,22.53
586.59,22.85
586.61,23.28
586.62,23.54
586.64,24.14
586.66,24.84
586.67,25.22
586.69,26.06
586.71,26.98
586.72,27.47
586.74,28.49
586.76,29.56
586.77,30.11
586.79,31.22
586.8,31.79
586.82,32.92
586.84,34.04
586.85,34.58
586.87,35.64
586.89,36.64
586.9,37.1
586.92,37.97
586.94,38.73
586.95,39.06
586.97,39.62
586.99,40.04
587.0,40.19
587.02,40.37
587.04,40.38
587.05,40.32
587.07,40.09
587.09,39.69
587.1,39.43
587.12,38.8
587.14,38.03
587.15,37.59
587.17,36.64
587.18,36.13
587.2,35.04
587.22,33.88
587.23,33.29
587.25,32.07
587.27,30.85
587.28,30.24
587.3,29.05
587.32,27.9
587.33,27.35
587.35,26.32
587.37,25.39
587.38,24.97
587.4,24.22
587.42,23.62
587.43,23.39
587.45,23.04
587.47,22.89
587.48,22.89
587.5,23.04
587.52,23.42
587.53,23.7
587.55,24.43
587.56,24.89
587.58,26.01
587.6,27.39
587.61,28.18
587.63,29.96
587.65,32.02
587.66,33.16
587.68,35.62
587.7,38.36
587.71,39.82
587.73,42.92
587.75,46.25
587.76,47.99
587.78,51.61
587.8,55.38
587.81,57.31
587.83,61.23
587.85,65.2
587.86,67.19
587.88,71.13
587.89,73.08
587.91,76.87
587.93,80.5
587.94,82.22
587.96,85.48
587.98,88.43
587.99,89.77
588.01,92.16
588.03,94.12
588.04,94.93
588.06,96.18
588.08,96.92
588.09,97.1
588.11,97.07
588.13,96.51
588.14,96.04
588.16,94.71
588.18,92.91
588.19,91.84
588.21,89.37
588.23,86.52
588.24,84.96
588.26,81.63
588.27,79.86
588.29,76.17
588.31,72.32
588.32,70.35
588.34,66.38
588.36,62.41
588.37,60.44
588.39,56.58
588.41,52.88
588.42,51.11
588.44,47.74
588.46,44.66
588.47,43.25
588.49,40.69
588.51,38.54
588.52,37.62
588.54,36.14
588.56,35.15
588.57,34.84
588.59,34.64
588.61,34.98
588.62,35.36
588.64,36.56
588.65,37.39
588.67,39.47
588.69,42.15
588.7,43.71
588.72,47.27
588.74,51.4
588.75,53.68
588.77,58.62
588.79,64.07
588.8,66.98
588.82,73.1
588.84,79.6
588.85,82.97
588.87,89.91
588.89,97.05
588.9,100.7
588.92,108.0
588.94,115.2
588.95,118.8
588.97,125.8
588.99,132.6
589.0,135.8
589.02,142.0
589.03,144.9
589.05,150.3
589.07,155.1
589.08,157.2
589.1,160.9
589.12,163.9
589.13,165.1
589.15,166.9
589.17,167.8
589.18,168.0
589.2,167.8
589.22,166.9
589.23,166.1
589.25,164.2
589.27,161.6
589.28,160.2
589.3,156.9
589.32,153.3
589.33,151.4
589.35,147.4
589.36,145.3
589.38,141.2
589.4,137.0
589.41,134.9
589.43,130.9
589.45,127.1
589.46,125.2
589.48,121.8
589.5,118.5
589.51,117.0
589.53,114.2
589.55,111.7
589.56,110.6
589.58,108.5
589.6,106.6
589.61,105.7
589.63,104.1
589.65,102.5
589.66,101.8
589.68,100.3
589.7,98.79
589.71,98.02
589.73,96.39
589.74,95.53
589.76,93.69
589.78,91.67
589.79,90.58
589.81,88.25
589.83,85.71
589.84,84.36
589.86,81.51
589.88,78.46
589.89,76.87
589.91,73.58
589.93,70.18
589.94,68.44
589.96,64.92
589.98,61.39
589.99,59.62
590.01,56.14
590.03,52.75
590.04,51.11
590.06,47.93
590.08,44.95
590.09,43.54
590.11,40.91
590.12,39.69
590.14,37.47
590.16,35.53
590.17,34.68
590.19,33.21
590.21,32.04
590.22,31.57
590.24,30.86
590.26,30.43
590.27,30.32
590.29,30.3
590.31,30.5
590.32,30.68
590.34,31.19
590.36,31.85
590.37,32.24
590.39,33.07
590.41,33.99
590.42,34.46
590.44,35.41
590.46,36.34
590.47,36.79
590.49,37.64
590.5,38.03
590.52,38.72
590.54,39.28
590.55,39.5
590.57,39.82
590.59,39.96
590.6,39.96
590.62,39.82
590.64,39.47
590.65,39.23
590.67,38.59
590.69,37.76
590.7,37.28
590.72,36.2
590.74,34.95
590.75,34.28
590.77,32.84
590.79,31.28
590.8,30.47
590.82,28.8
590.83,27.94
590.85,26.2
590.87,24.43
590.88,23.55
590.9,21.79
590.92,20.06
590.93,19.21
590.95,17.55
590.97,15.95
590.98,15.18
591.0,13.7
591.02,12.31
591.03,11.64
591.05,10.39
591.07,9.23
591.08,8.687
591.1,7.672
591.12,6.751
591.13,6.324
591.15,5.536
591.17,4.833
591.18,4.51
591.2,3.922
591.21,3.654
591.23,3.168
591.25,2.743
591.26,2.551
591.28,2.206
591.3,1.907
591.31,1.774
591.33,1.534
591.35,1.329
591.36,1.237
591.38,1.075
591.4,0.9362
591.41,0.8748
591.43,0.7661
591.45,0.674
591.46,0.6335
591.48,0.5622
591.5,0.5023
591.51,0.4761
591.53,0.4304
591.55,0.3926
591.56,0.3763
591.58,0.3483
591.59,0.3364
591.61,0.3162
591.63,0.3002
591.64,0.2937
591.66,0.2829
591.68,0.275
591.69,0.2719
591.71,0.2672
591.73,0.2641
591.74,0.2631
591.76,0.2618
591.78,0.2613
591.79,0.2613
591.81,0.2614
591.83,0.2617
591.84,0.2618
591.86,0.262
591.88,0.2621
591.89,0.262
591.91,0.2617
591.93,0.2611
591.94,0.2608
591.96,0.26
591.97,0.2597
591.99,0.2591
592.01,0.259
592.02,0.2592
592.04,0.2602
592.06,0.2625
592.07,0.2642
592.09,0.2692
592.11,0.2766
592.12,0.2814
592.14,0.2934
592.16,0.3094
592.17,0.3191
592.19,0.3421
592.21,0.3708
592.22,0.3875
592.24,0.426
592.26,0.4719
592.27,0.4979
592.29,0.5564
592.3,0.5891
592.32,0.6618
592.34,0.7446
592.35,0.7901
592.37,0.8893
592.39,0.9999
592.4,1.06
592.42,1.188
592.44,1.328
592.45,1.402
592.47,1.559
592.49,1.728
592.5,1.816
592.52,2.0
592.54,2.193
592.55,2.293
592.57,2.498
592.59,2.708
592.6,2.815
592.62,3.032
592.64,3.25
592.65,3.359
592.67,3.575
592.68,3.682
592.7,3.893
592.72,4.097
592.73,4.195
592.75,4.385
592.77,4.564
592.78,4.649
592.8,4.807
592.82,4.95
592.83,5.015
592.85,5.133
592.87,5.233
592.88,5.277
592.9,5.35
592.92,5.404
592.93,5.425
592.95,5.453
592.97,5.465
592.98,5.464
593.0,5.453
593.02,5.428
593.03,5.411
593.05,5.369
593.06,5.345
593.08,5.292
593.1,5.234
593.11,5.204
593.13,5.144
593.15,5.088
593.16,5.062
593.18,5.017
593.2,4.985
593.21,4.975
593.23,4.972
593.25,4.996
593.26,5.02
593.28,5.096
593.3,5.217
593.31,5.298
593.33,5.507
593.35,5.787
593.36,5.959
593.38,6.376
593.4,6.904
593.41,7.216
593.43,7.949
593.44,8.376
593.46,9.366
593.48,10.56
593.49,11.25
593.51,12.81
593.53,14.67
593.54,15.71
593.56,18.07
593.58,20.81
593.59,22.33
593.61,25.73
593.63,29.61
593.64,31.75
593.66,36.44
593.68,41.71
593.69,44.58
593.71,50.79
593.73,57.64
593.74,61.32
593.76,69.17
593.78,77.69
593.79,82.19
593.81,91.67
593.82,96.63
593.84,107.0
593.86,117.9
593.87,123.5
593.89,135.0
593.91,146.8
593.92,152.8
593.94,164.8
593.96,176.8
593.97,182.8
593.99,194.6
594.01,205.9
594.02,211.4
594.04,222.0
594.06,231.7
594.07,236.3
594.09,244.7
594.11,251.9
594.12,255.1
594.14,260.5
594.15,262.6
594.17,265.9
594.19,267.8
594.2,268.2
594.22,267.8
594.24,265.9
594.25,264.5
594.27,260.5
594.29,255.2
594.3,252.0
594.32,244.9
594.34,236.6
594.35,232.2
594.37,222.6
594.39,212.4
594.4,207.0
594.42,196.0
594.44,184.8
594.45,179.1
594.47,167.7
594.49,156.4
594.5,150.8
594.52,140.0
594.53,134.7
594.55,124.6
594.57,115.0
594.58,110.5
594.6,101.9
594.62,94.16
594.63,90.57
594.65,84.02
594.67,78.3
594.68,75.75
594.7,71.27
594.72,67.59
594.73,66.04
594.75,63.5
594.77,61.67
594.78,61.0
594.8,60.11
594.82,59.78
594.83,59.8
594.85,60.18
594.87,60.95
594.88,61.46
594.9,62.68
594.91,63.38
594.93,64.9
594.95,66.55
594.96,67.4
594.98,69.11
595.0,70.8
595.01,71.62
595.03,73.18
595.05,74.6
595.06,75.25
595.08,76.41
595.1,77.34
595.11,77.72
595.13,78.29
595.15,78.6
595.16,78.66
595.18,78.57
595.2,78.2
595.21,77.93
595.23,77.18
595.25,76.18
595.26,75.6
595.28,74.28
595.29,73.55
595.31,71.95
595.33,70.21
595.34,69.29
595.36,67.38
595.38,65.41
595.39,64.41
595.41,62.4
595.43,60.41
595.44,59.44
595.46,57.54
595.48,55.73
595.49,54.87
595.51,53.26
595.53,51.8
595.54,51.14
595.56,49.94
595.58,48.93
595.59,48.49
595.61,47.76
595.62,47.47
595.64,47.01
595.66,46.72
595.67,46.63
595.69,46.56
595.71,46.61
595.72,46.68
595.74,46.86
595.76,47.09
595.77,47.22
595.79,47.47
595.81,47.71
595.82,47.81
595.84,47.96
595.86,48.03
595.87,48.02
595.89,47.92
595.91,47.68
595.92,47.51
595.94,47.06
595.96,46.45
595.97,46.09
595.99,45.25
596.0,44.78
596.02,43.73
596.04,42.55
596.05,41.92
596.07,40.59
596.09,39.18
596.1,38.45
596.12,36.95
596.14,35.44
596.15,34.69
596.17,33.19
596.19,31.74
596.2,31.04
596.22,29.69
596.24,28.45
596.25,27.88
596.27,26.83
596.29,25.94
596.3,25.56
596.32,24.93
596.34,24.49
596.35,24.34
596.37,24.21
596.38,24.23
596.4,24.42
596.42,24.84
596.43,25.13
596.45,25.89
596.47,26.86
596.48,27.43
596.5,28.73
596.52,30.23
596.53,31.06
596.55,32.84
596.57,34.8
596.58,35.83
596.6,38.0
596.62,40.27
596.63,41.45
596.65,43.84
596.67,46.27
596.68,47.49
596.7,49.92
596.72,52.3
596.73,53.46
596.75,55.71
596.76,56.78
596.78,58.81
596.8,60.65
596.81,61.49
596.83,62.99
596.85,64.23
596.86,64.75
596.88,65.57
596.9,66.09
596.91,66.23
596.93,66.27
596.95,66.0
596.96,65.75
596.98,65.01
597.0,63.98
597.01,63.36
597.03,61.93
597.05,60.26
597.06,59.34
597.08,57.37
597.09,56.31
597.11,54.1
597.13,51.78
597.14,50.59
597.16,48.16
597.18,45.71
597.19,44.49
597.21,42.06
597.23,39.69
597.24,38.53
597.26,36.29
597.28,34.17
597.29,33.16
597.31,31.26
597.33,29.53
597.34,28.73
597.36,27.28
597.38,26.04
597.39,25.49
597.41,24.58
597.43,23.9
597.44,23.65
597.46,23.33
597.47,23.27
597.49,23.33
597.51,23.65
597.52,23.91
597.54,24.64
597.56,25.64
597.57,26.24
597.59,27.65
597.61,29.33
597.62,30.27
597.64,32.36
597.66,34.7
597.67,35.96
597.69,38.66
597.71,41.57
597.72,43.1
597.74,46.29
597.76,49.63
597.77,51.34
597.79,54.83
597.81,58.36
597.82,60.13
597.84,63.65
597.85,65.38
597.87,68.77
597.89,72.01
597.9,73.56
597.92,76.48
597.94,79.12
597.95,80.32
597.97,82.46
597.99,84.23
598.0,84.95
598.02,86.08
598.04,86.77
598.05,86.93
598.07,86.91
598.09,86.42
598.1,86.0
598.12,84.82
598.14,83.2
598.15,82.24
598.17,80.01
598.19,77.41
598.2,75.99
598.22,72.93
598.23,71.3
598.25,67.87
598.27,64.26
598.28,62.4
598.3,58.6
598.32,54.74
598.33,52.81
598.35,48.94
598.37,45.12
598.38,43.24
598.4,39.56
598.42,36.01
598.43,34.29
598.45,30.98
598.47,27.86
598.48,26.37
598.5,23.55
598.52,20.93
598.53,19.7
598.55,17.41
598.56,16.34
598.58,14.35
598.6,12.56
598.61,11.74
598.63,10.24
598.65,8.922
598.66,8.324
598.68,7.248
598.7,6.321
598.71,5.911
598.73,5.189
598.75,4.591
598.76,4.335
598.78,3.903
598.8,3.572
598.81,3.441
598.83,3.247
598.85,3.137
598.86,3.112
598.88,3.117
598.9,3.195
598.91,3.26
598.93,3.44
598.94,3.554
598.96,3.83
598.98,4.165
598.99,4.355
599.01,4.777
599.03,5.253
599.04,5.51
599.06,6.06
599.08,6.655
599.09,6.967
599.11,7.62
599.13,8.304
599.14,8.655
599.16,9.373
599.18,10.1
599.19,10.47
599.21,11.21
599.23,11.93
599.24,12.29
599.26,12.98
599.28,13.64
599.29,13.95
599.31,14.54
599.32,14.81
599.34,15.31
599.36,15.74
599.37,15.92
599.39,16.23
599.41,16.45
599.42,16.53
599.44,16.62
599.46,16.61
599.47,16.57
599.49,16.42
599.51,16.18
599.52,16.03
599.54,15.66
599.56,15.21
599.57,14.96
599.59,14.41
599.61,13.81
599.62,13.48
599.64,12.8
599.66,12.09
599.67,11.72
599.69,10.98
599.7,10.6
599.72,9.84
599.74,9.084
599.75,8.709
599.77,7.971
599.79,7.255
599.8,6.907
599.82,6.234
599.84,5.596
599.85,5.29
599.87,4.709
599.89,4.169
599.9,3.915
599.92,3.438
599.94,3.004
599.95,2.803
599.97,2.43
599.99,2.098
600.0,1.945
600.02,1.668
600.04,1.425
600.05,1.316
600.07,1.119
600.08,1.032
600.1,0.8758
600.12,0.7439
600.13,0.6862
600.15,0.5857
600.17,0.5035
600.18,0.4685
600.2,0.4101
600.22,0.3654
600.23,0.3479
600.25,0.3216
600.27,0.3065
600.28,0.3029
600.3,0.3034
600.32,0.3141
600.33,0.3233
600.35,0.3499
600.37,0.3879
600.38,0.4115
600.4,0.469
600.41,0.5032
600.43,0.5841
600.45,0.6839
600.46,0.7419
600.48,0.8763
600.5,1.039
600.51,1.133
600.53,1.348
600.55,1.608
600.56,1.757
600.58,2.099
600.6,2.508
600.61,2.743
600.63,3.279
600.65,3.921
600.66,4.287
600.68,5.122
600.7,6.117
600.71,6.682
600.73,7.968
600.75,9.488
600.76,10.35
600.78,12.29
600.79,13.39
600.81,15.86
600.83,18.74
600.84,20.35
600.86,23.95
600.88,28.11
600.89,30.41
600.91,35.52
600.93,41.33
600.94,44.52
600.96,51.52
600.98,59.38
600.99,63.65
601.01,72.89
601.03,83.12
601.04,88.61
601.06,100.3
601.08,113.1
601.09,119.9
601.11,134.2
601.13,149.4
601.14,157.3
601.16,173.9
601.17,182.5
601.19,200.1
601.21,218.3
601.22,227.6
601.24,246.3
601.26,265.2
601.27,274.7
601.29,293.4
601.31,311.7
601.32,320.6
601.34,337.9
601.36,354.1
601.37,361.8
601.39,376.2
601.41,389.1
601.42,394.9
601.44,405.2
601.46,413.5
601.47,416.9
601.49,422.2
601.51,425.5
601.52,426.3
601.54,426.5
601.55,425.8
601.57,423.1
601.59,418.5
601.6,415.7
601.62,408.9
601.64,401.0
601.65,396.7
601.67,387.5
601.69,378.0
601.7,373.2
601.72,363.7
601.74,354.7
601.75,350.5
601.77,343.0
601.79,336.9
601.8,334.5
601.82,331.2
601.84,330.0
601.85,330.3
601.87,333.0
601.88,335.3
601.9,342.1
601.92,351.8
601.93,357.8
601.95,371.9
601.97,389.0
601.98,398.6
602.0,419.8
602.02,443.5
602.03,456.2
602.05,483.1
602.07,511.7
602.08,526.5
602.1,556.9
602.12,587.8
602.13,603.4
602.15,634.4
602.17,664.7
602.18,679.4
602.2,707.8
602.22,734.2
602.23,746.6
602.25,769.2
602.26,779.5
602.28,797.5
602.3,811.9
602.31,817.8
602.33,826.4
602.35,831.1
602.36,831.9
602.38,830.3
602.4,824.6
602.41,820.2
602.43,808.6
602.45,793.2
602.46,784.2
602.48,763.8
602.5,740.3
602.51,727.6
602.53,700.3
602.55,671.1
602.56,655.8
602.58,624.3
602.6,591.7
602.61,575.2
602.63,541.9
602.64,525.2
602.66,491.9
602.68,459.0
602.69,442.7
602.71,411.0
602.73,380.2
602.74,365.3
602.76,336.4
602.78,308.9
602.79,295.7
602.81,270.4
602.83,246.7
602.84,235.4
602.86,214.1
602.88,194.2
602.89,184.9
602.91,167.2
602.93,151.0
602.94,143.4
602.96,129.2
602.98,116.1
602.99,110.1
603.01,98.74
603.02,93.47
603.04,83.65
603.06,74.74
603.07,70.6
603.09,62.93
603.11,55.99
603.12,52.78
603.14,46.84
603.16,41.49
603.17,39.02
603.19,34.46
603.21,30.37
603.22,28.49
603.24,25.03
603.26,21.94
603.27,20.52
603.29,17.92
603.31,15.62
603.32,14.57
603.34,12.64
603.35,11.77
603.37,10.18
603.39,8.784
603.4,8.152
603.42,7.009
603.44,6.013
603.45,5.565
603.47,4.762
603.49,4.07
603.5,3.761
603.52,3.214
603.54,2.751
603.55,2.549
603.57,2.195
603.59,1.906
603.6,1.783
603.62,1.579
603.64,1.425
603.65,1.366
603.67,1.282
603.69,1.242
603.7,1.237
603.72,1.259
603.73,1.285
603.75,1.368
603.77,1.494
603.78,1.573
603.8,1.764
603.82,2.001
603.83,2.138
603.85,2.449
603.87,2.814
603.88,3.017
603.9,3.467
603.92,3.977
603.93,4.256
603.95,4.863
603.97,5.537
603.98,5.9
604.0,6.676
604.02,7.522
604.03,7.97
604.05,8.916
604.07,9.927
604.08,10.45
604.1,11.55
604.11,12.12
604.13,13.29
604.15,14.5
604.16,15.12
604.18,16.37
604.2,17.62
604.21,18.25
604.23,19.5
604.25,20.72
604.26,21.31
604.28,22.47
604.3,23.57
604.31,24.09
604.33,25.06
604.35,25.94
604.36,26.34
604.38,27.05
604.4,27.65
604.41,27.9
604.43,28.3
604.45,28.57
604.46,28.66
604.48,28.74
604.49,28.73
604.51,28.62
604.53,28.41
604.54,28.26
604.56,27.91
604.58,27.47
604.59,27.23
604.61,26.71
604.63,26.16
604.64,25.88
604.66,25.31
604.68,24.76
604.69,24.5
604.71,24.0
604.73,23.56
604.74,23.37
604.76,23.05
604.78,22.81
604.79,22.73
604.81,22.64
604.82,22.63
604.84,22.7
604.86,22.86
604.87,22.98
604.89,23.28
604.91,23.67
604.92,23.89
604.94,24.38
604.96,24.92
604.97,25.21
604.99,25.79
605.01,26.37
605.02,26.66
605.04,27.22
605.06,27.74
605.07,27.98
605.09,28.4
605.11,28.75
605.12,28.88
605.14,29.08
605.16,29.17
605.17,29.17
605.19,29.08
605.2,28.99
605.22,28.71
605.24,28.32
605.25,28.08
605.27,27.51
605.29,26.84
605.3,26.47
605.32,25.66
605.34,24.78
605.35,24.31
605.37,23.34
605.39,22.33
605.4,21.82
605.42,20.78
605.44,19.74
605.45,19.23
605.47,18.21
605.49,17.23
605.5,16.76
605.52,15.85
605.54,14.99
605.55,14.59
605.57,13.83
605.58,13.48
605.6,12.83
605.62,12.24
605.63,11.98
605.65,11.49
605.67,11.08
605.68,10.89
605.7,10.56
605.72,10.29
605.73,10.16
605.75,9.947
605.77,9.763
605.78,9.68
605.8,9.53
605.82,9.392
605.83,9.326
605.85,9.195
605.87,9.062
605.88,8.992
605.9,8.845
605.92,8.684
605.93,8.598
605.95,8.412
605.96,8.313
605.98,8.101
606.0,7.873
606.01,7.753
606.03,7.504
606.05,7.244
606.06,7.112
606.08,6.845
606.1,6.579
606.11,6.448
606.13,6.194
606.15,5.955
606.16,5.844
606.18,5.639
606.2,5.465
606.21,5.392
606.23,5.275
606.25,5.202
606.26,5.184
606.28,5.188
606.3,5.249
606.31,5.302
606.33,5.453
606.34,5.553
606.36,5.802
606.38,6.117
606.39,6.3
606.41,6.715
606.43,7.196
606.44,7.461
606.46,8.035
606.48,8.668
606.49,9.005
606.51,9.716
606.53,10.47
606.54,10.86
606.56,11.67
606.58,12.5
606.59,12.92
606.61,13.77
606.63,14.61
606.64,15.03
606.66,15.86
606.67,16.26
606.69,17.03
606.71,17.76
606.72,18.1
606.74,18.74
606.76,19.31
606.77,19.56
606.79,20.0
606.81,20.35
606.82,20.49
606.84,20.69
606.86,20.79
606.87,20.8
606.89,20.74
606.91,20.58
606.92,20.46
606.94,20.15
606.96,19.74
606.97,19.51
606.99,18.98
607.01,18.37
607.02,18.04
607.04,17.34
607.05,16.97
607.07,16.19
607.09,15.39
607.1,14.97
607.12,14.14
607.14,13.29
607.15,12.87
607.17,12.04
607.19,11.22
607.2,10.83
607.22,10.05
607.24,9.312
607.25,8.959
607.27,8.285
607.29,7.66
607.3,7.366
607.32,6.818
607.34,6.323
607.35,6.096
607.37,5.681
607.39,5.319
607.4,5.157
607.42,4.869
607.43,4.742
607.45,4.523
607.47,4.344
607.48,4.269
607.5,4.145
607.52,4.053
607.53,4.017
607.55,3.964
607.57,3.931
607.58,3.922
607.6,3.914
607.62,3.917
607.63,3.922
607.65,3.938
607.67,3.957
607.68,3.968
607.7,3.989
607.72,4.011
607.73,4.021
607.75,4.04
607.77,4.057
607.78,4.065
607.8,4.079
607.81,4.086
607.83,4.1
607.85,4.116
607.86,4.126
607.88,4.149
607.9,4.18
607.91,4.2
607.93,4.25
607.95,4.317
607.96,4.359
607.98,4.461
608.0,4.593
608.01,4.671
608.03,4.857
608.05,5.087
608.06,5.221
608.08,5.529
608.1,5.897
608.11,6.106
608.13,6.579
608.14,6.845
608.16,7.44
608.18,8.126
608.19,8.506
608.21,9.344
608.23,10.29
608.24,10.81
608.26,11.95
608.28,13.21
608.29,13.89
608.31,15.37
608.33,16.99
608.34,17.86
608.36,19.71
608.38,21.72
608.39,22.79
608.41,25.04
608.43,27.45
608.44,28.72
608.46,31.37
608.48,34.16
608.49,35.61
608.51,38.6
608.52,40.15
608.54,43.32
608.56,46.58
608.57,48.24
608.59,51.6
608.61,55.0
608.62,56.71
608.64,60.11
608.66,63.48
608.67,65.14
608.69,68.39
608.71,71.53
608.72,73.05
608.74,75.95
608.76,78.65
608.77,79.92
608.79,82.27
608.81,84.35
608.82,85.28
608.84,86.91
608.86,88.2
608.87,88.73
608.89,89.51
608.9,89.77
608.92,90.01
608.94,89.9
608.95,89.71
608.97,89.06
608.99,88.07
609.0,87.45
609.02,85.97
609.04,84.19
609.05,83.19
609.07,81.0
609.09,78.57
609.1,77.27
609.12,74.53
609.14,71.62
609.15,70.12
609.17,67.01
609.19,63.82
609.2,62.2
609.22,58.92
609.24,55.62
609.25,53.97
609.27,50.69
609.28,49.06
609.3,45.85
609.32,42.71
609.33,41.17
609.35,38.17
609.37,35.28
609.38,33.88
609.4,31.19
609.42,28.63
609.43,27.41
609.45,25.08
609.47,22.91
609.48,21.89
609.5,19.96
609.52,18.2
609.53,17.38
609.55,15.86
609.57,14.51
609.58,13.9
609.6,12.79
609.61,12.3
609.63,11.43
609.65,10.7
609.66,10.4
609.68,9.895
609.7,9.53
609.71,9.398
609.73,9.23
609.75,9.185
609.76,9.206
609.78,9.334
609.8,9.568
609.81,9.723
609.83,10.1
609.85,10.58
609.86,10.84
609.88,11.43
609.9,12.1
609.91,12.45
609.93,13.21
609.95,14.02
609.96,14.45
609.98,15.33
609.99,15.79
610.01,16.73
610.03,17.7
610.04,18.19
610.06,19.19
610.08,20.2
610.09,20.71
610.11,21.74
610.13,22.76
610.14,23.27
610.16,24.28
610.18,25.27
610.19,25.76
610.21,26.72
610.23,27.64
610.24,28.1
610.26,28.97
610.28,29.79
610.29,30.19
610.31,30.94
610.33,31.63
610.34,31.96
610.36,32.55
610.37,32.83
610.39,33.33
610.41,33.75
610.42,33.93
610.44,34.24
610.46,34.47
610.47,34.56
610.49,34.67
610.51,34.7
610.52,34.69
610.54,34.6
610.56,34.43
610.57,34.32
610.59,34.04
610.61,33.68
610.62,33.48
610.64,33.01
610.66,32.48
610.67,32.19
610.69,31.56
610.71,30.87
610.72,30.51
610.74,29.73
610.75,29.32
610.77,28.47
610.79,27.58
610.8,27.11
610.82,26.16
610.84,25.16
610.85,24.66
610.87,23.62
610.89,22.56
610.9,22.03
610.92,20.94
610.94,19.85
610.95,19.31
610.97,18.21
610.99,17.12
611.0,16.58
611.02,15.51
611.04,14.46
611.05,13.94
611.07,12.93
611.08,12.44
611.1,11.47
611.12,10.55
611.13,10.1
611.15,9.237
611.17,8.421
611.18,8.031
611.2,7.289
611.22,6.598
611.23,6.272
611.25,5.66
611.27,5.102
611.28,4.843
611.3,4.365
611.32,3.941
611.33,3.75
611.35,3.407
611.37,3.12
611.38,2.997
611.4,2.793
611.42,2.647
611.43,2.596
611.45,2.541
611.46,2.538
611.48,2.583
611.5,2.7
611.51,2.789
611.53,3.03
611.55,3.364
611.56,3.57
611.58,4.067
611.6,4.69
611.61,5.053
611.63,5.897
611.65,6.912
611.66,7.49
611.68,8.806
611.7,10.35
611.71,11.22
611.73,13.17
611.75,15.43
611.76,16.68
611.78,19.46
611.8,22.63
611.81,24.37
611.83,28.19
611.84,30.27
611.86,34.82
611.88,39.88
611.89,42.62
611.91,48.52
611.93,55.0
611.94,58.46
611.96,65.84
611.98,73.83
611.99,78.05
612.01,86.93
612.03,96.39
612.04,101.3
612.06,111.6
612.08,122.3
612.09,127.9
612.11,139.3
612.13,151.0
612.14,156.9
612.16,168.9
612.18,181.1
612.19,187.2
612.21,199.3
612.22,205.4
612.24,217.3
612.26,228.9
612.27,234.6
612.29,245.6
612.31,256.1
612.32,261.1
612.34,270.7
612.36,279.5
612.37,283.7
612.39,291.4
612.41,298.2
612.42,301.3
612.44,306.9
612.46,311.6
612.47,313.7
612.49,317.2
612.51,319.8
612.52,320.8
612.54,322.3
612.56,323.1
612.57,323.3
612.59,323.1
612.6,322.8
612.62,321.8
612.64,320.3
612.65,319.4
612.67,317.4
612.69,315.0
612.7,313.7
612.72,310.9
612.74,307.8
612.75,306.3
612.77,303.0
612.79,299.6
612.8,297.8
612.82,294.2
612.84,290.5
612.85,288.6
612.87,284.8
612.89,280.8
612.9,278.8
612.92,274.7
612.93,272.6
612.95,268.3
612.97,263.8
612.98,261.5
613.0,256.8
613.02,252.0
613.03,249.5
613.05,244.3
613.07,238.9
613.08,236.1
613.1,230.4
613.12,224.5
613.13,221.4
613.15,215.1
613.17,208.6
613.18,205.3
613.2,198.4
613.22,191.4
613.23,187.8
613.25,180.6
613.27,173.1
613.28,169.4
613.3,161.8
613.31,158.0
613.33,150.3
613.35,142.7
613.36,138.8
613.38,131.2
613.4,123.7
613.41,120.0
613.43,112.6
613.45,105.4
613.46,101.9
613.48,95.08
613.5,88.48
613.51,85.28
613.53,79.11
613.55,73.25
613.56,70.44
613.58,65.08
613.6,60.06
613.61,57.69
613.63,53.2
613.65,49.08
613.66,47.14
613.68,43.54
613.69,41.87
613.71,38.77
613.73,36.0
613.74,34.73
613.76,32.41
613.78,30.38
613.79,29.46
613.81,27.82
613.83,26.41
613.84,25.79
613.86,24.69
613.88,23.79
613.89,23.4
613.91,22.73
613.93,22.21
613.94,21.99
613.96,21.65
613.98,21.4
613.99,21.31
614.01,21.19
614.03,21.13
614.04,21.12
614.06,21.13
614.07,21.15
614.09,21.22
614.11,21.3
614.12,21.35
614.14,21.45
614.16,21.56
614.17,21.61
614.19,21.71
614.21,21.81
614.22,21.85
614.24,21.92
614.26,21.98
614.27,22.01
614.29,22.06
614.31,22.09
614.32,22.11
614.34,22.15
614.36,22.2
614.37,22.23
614.39,22.31
614.4,22.36
614.42,22.49
614.44,22.67
614.45,22.78
614.47,23.05
614.49,23.4
614.5,23.61
614.52,24.09
614.54,24.68
614.55,25.01
614.57,25.76
614.59,26.62
614.6,27.09
614.62,28.12
614.64,29.25
614.65,29.86
614.67,31.14
614.69,32.51
614.7,33.22
614.72,34.68
614.74,36.18
614.75,36.93
614.77,38.45
614.78,39.2
614.8,40.67
614.82,42.09
614.83,42.77
614.85,44.04
614.87,45.19
614.88,45.71
614.9,46.63
614.92,47.37
614.93,47.66
614.95,48.09
614.97,48.31
614.98,48.33
615.0,48.19
615.02,47.83
615.03,47.56
615.05,46.85
615.07,45.92
615.08,45.38
615.1,44.15
615.12,42.74
615.13,41.97
615.15,40.33
615.16,39.46
615.18,37.64
615.2,35.74
615.21,34.77
615.23,32.79
615.25,30.81
615.26,29.82
615.28,27.86
615.3,25.96
615.31,25.04
615.33,23.26
615.35,21.6
615.36,20.82
615.38,19.36
615.4,18.08
615.41,17.5
615.43,16.49
615.45,15.69
615.46,15.37
615.48,14.9
615.5,14.68
615.51,14.66
615.53,14.83
615.54,15.02
615.56,15.62
615.58,16.52
615.59,17.09
615.61,18.48
615.63,20.22
615.64,21.23
615.66,23.53
615.68,26.23
615.69,27.74
615.71,31.07
615.73,34.86
615.74,36.93
615.76,41.43
615.78,46.42
615.79,49.1
615.81,54.86
615.83,61.14
615.84,64.47
615.86,71.52
615.87,75.24
615.89,83.06
615.91,91.35
615.92,95.67
615.94,104.6
615.96,114.0
615.97,118.8
615.99,128.6
616.01,138.7
616.02,143.8
616.04,154.0
616.06,164.3
616.07,169.4
616.09,179.5
616.11,189.3
616.12,194.1
616.14,203.4
616.16,212.2
616.17,216.3
616.19,224.1
616.21,231.0
616.22,234.2
616.24,239.8
616.25,242.2
616.27,246.3
616.29,249.3
616.3,250.3
616.32,251.6
616.34,251.7
616.35,251.3
616.37,249.7
616.39,247.0
616.4,245.3
616.42,241.0
616.44,235.8
616.45,232.9
616.47,226.4
616.49,219.2
616.5,215.4
616.52,207.4
616.54,199.0
616.55,194.7
616.57,185.9
616.59,176.9
616.6,172.5
616.62,163.6
616.63,159.2
616.65,150.7
616.67,142.4
616.68,138.4
616.7,130.7
616.72,123.4
616.73,120.0
616.75,113.6
616.77,107.6
616.78,104.9
616.8,99.81
616.82,95.27
616.83,93.19
616.85,89.43
616.87,86.13
616.88,84.65
616.9,81.99
616.92,79.69
616.93,78.66
616.95,76.79
616.97,75.16
616.98,74.41
617.0,73.01
617.01,72.35
617.03,71.07
617.05,69.81
617.06,69.17
617.08,67.86
617.1,66.49
617.11,65.76
617.13,64.23
617.15,62.57
617.16,61.69
617.18,59.82
617.2,57.81
617.21,56.75
617.23,54.53
617.25,52.19
617.26,50.98
617.28,48.48
617.3,45.9
617.31,44.59
617.33,41.93
617.34,40.59
617.36,37.9
617.38,35.22
617.39,33.89
617.41,31.27
617.43,28.71
617.44,27.47
617.46,25.04
617.48,22.73
617.49,21.62
617.51,19.49
617.53,17.5
617.54,16.56
617.56,14.79
617.58,13.18
617.59,12.43
617.61,11.06
617.63,9.836
617.64,9.285
617.66,8.3
617.68,7.47
617.69,7.112
617.71,6.508
617.72,6.262
617.74,5.878
617.76,5.636
617.77,5.567
617.79,5.533
617.81,5.634
617.82,5.735
617.84,6.034
617.86,6.462
617.87,6.724
617.89,7.34
617.91,8.079
617.92,8.493
617.94,9.409
617.96,10.44
617.97,10.99
617.99,12.18
618.01,13.46
618.02,14.14
618.04,15.55
618.06,17.04
618.07,17.81
618.09,19.38
618.1,20.18
618.12,21.81
618.14,23.45
618.15,24.27
618.17,25.9
618.19,27.5
618.2,28.28
618.22,29.8
618.24,31.24
618.25,31.93
618.27,33.22
618.29,34.39
618.3,34.93
618.32,35.89
618.34,36.7
618.35,37.04
618.37,37.6
618.39,37.99
618.4,38.13
618.42,38.26
618.44,38.23
618.45,38.15
618.47,37.87
618.48,37.68
618.5,37.19
618.52,36.57
618.53,36.22
618.55,35.45
618.57,34.58
618.58,34.13
618.6,33.18
618.62,32.19
618.63,31.68
618.65,30.67
618.67,29.67
618.68,29.18
618.7,28.21
618.72,27.3
618.73,26.86
618.75,26.03
618.77,25.27
618.78,24.91
618.8,24.26
618.82,23.69
618.83,23.44
618.85,22.98
618.86,22.79
618.88,22.45
618.9,22.18
618.91,22.07
618.93,21.89
618.95,21.78
618.96,21.74
618.98,21.69
619.0,21.68
619.01,21.68
619.03,21.71
619.05,21.76
619.06,21.79
619.08,21.86
619.1,21.94
619.11,21.98
619.13,22.06
619.15,22.13
619.16,22.17
619.18,22.24
619.19,22.27
619.21,22.33
619.23,22.39
619.24,22.42
619.26,22.47
619.28,22.53
619.29,22.57
619.31,22.64
619.33,22.72
619.34,22.77
619.36,22.89
619.38,23.04
619.39,23.12
619.41,23.32
619.43,23.57
619.44,23.71
619.46,24.03
619.48,24.42
619.49,24.63
619.51,25.12
619.53,25.67
619.54,25.98
619.56,26.65
619.57,27.01
619.59,27.8
619.61,28.67
619.62,29.14
619.64,30.12
619.66,31.19
619.67,31.75
619.69,32.92
619.71,34.15
619.72,34.79
619.74,36.11
619.76,37.47
619.77,38.17
619.79,39.58
619.81,41.02
619.82,41.74
619.84,43.19
619.86,44.63
619.87,45.34
619.89,46.74
619.91,48.1
619.92,48.76
619.94,50.03
619.95,50.64
619.97,51.8
619.99,52.86
620.0,53.35
620.02,54.25
620.04,55.02
620.05,55.35
620.07,55.9
620.09,56.31
620.1,56.45
620.12,56.6
620.14,56.57
620.15,56.5
620.17,56.2
620.19,55.72
620.2,55.41
620.22,54.65
620.24,53.71
620.25,53.17
620.27,51.97
620.29,50.6
620.3,49.86
620.32,48.26
620.33,47.41
620.35,45.62
620.37,43.72
620.38,42.73
620.4,40.7
620.42,38.59
620.43,37.52
620.45,35.36
620.47,33.18
620.48,32.08
620.5,29.91
620.52,27.76
620.53,26.71
620.55,24.63
620.57,22.62
620.58,21.65
620.6,19.76
620.62,17.97
620.63,17.11
620.65,15.47
620.66,14.69
620.68,13.21
620.7,11.84
620.71,11.2
620.73,9.991
620.75,8.896
620.76,8.387
620.78,7.445
620.8,6.601
620.81,6.213
620.83,5.503
620.85,4.874
620.86,4.588
620.88,4.07
620.9,3.616
620.91,3.411
620.93,3.041
620.95,2.721
620.96,2.577
620.98,2.319
621.0,2.096
621.01,1.996
621.03,1.817
621.04,1.737
621.06,1.594
621.08,1.471
621.09,1.416
621.11,1.317
621.13,1.233
621.14,1.196
621.16,1.13
621.18,1.074
621.19,1.05
621.21,1.008
621.23,0.9753
621.24,0.9618
621.26,0.9405
621.28,0.9264
621.29,0.9219
621.31,0.9179
621.33,0.92
621.34,0.9232
621.36,0.9337
621.38,0.949
621.39,0.9584
621.41,0.9799
621.42,0.992
621.44,1.018
621.46,1.047
621.47,1.062
621.49,1.092
621.51,1.123
621.52,1.138
621.54,1.168
621.56,1.196
621.57,1.21
621.59,1.234
621.61,1.255
621.62,1.264
621.64,1.28
621.66,1.291
621.67,1.295
621.69,1.3
621.71,1.3
621.72,1.298
621.74,1.292
621.76,1.282
621.77,1.275
621.79,1.26
621.8,1.252
621.82,1.233
621.84,1.214
621.85,1.204
621.87,1.184
621.89,1.165
621.9,1.157
621.92,1.143
621.94,1.132
621.95,1.129
621.97,1.126
621.99,1.131
622.0,1.136
622.02,1.153
622.04,1.179
622.05,1.196
622.07,1.239
622.09,1.295
622.1,1.327
622.12,1.402
622.13,1.445
622.15,1.542
622.17,1.655
622.18,1.717
622.2,1.854
622.22,2.008
622.23,2.092
622.25,2.272
622.27,2.471
622.28,2.577
622.3,2.803
622.32,3.048
622.33,3.177
622.35,3.449
622.37,3.74
622.38,3.892
622.4,4.209
622.42,4.543
622.43,4.717
622.45,5.076
622.47,5.451
622.48,5.644
622.5,6.042
622.51,6.246
622.53,6.665
622.55,7.098
622.56,7.319
622.58,7.772
622.6,8.238
622.61,8.476
622.63,8.963
622.65,9.465
622.66,9.723
622.68,10.25
622.7,10.8
622.71,11.08
622.73,11.66
622.75,12.26
622.76,12.58
622.78,13.23
622.8,13.91
622.81,14.26
622.83,15.0
622.85,15.78
622.86,16.19
622.88,17.03
622.89,17.47
622.91,18.38
622.93,19.34
622.94,19.83
622.96,20.86
622.98,21.92
622.99,22.46
623.01,23.57
623.03,24.71
623.04,25.29
623.06,26.44
623.08,27.6
623.09,28.17
623.11,29.31
623.13,30.41
623.14,30.95
623.16,31.98
623.18,32.94
623.19,33.39
623.21,34.23
623.23,34.96
623.24,35.29
623.26,35.85
623.27,36.08
623.29,36.44
623.31,36.66
623.32,36.72
623.34,36.72
623.36,36.57
623.37,36.44
623.39,36.07
623.41,35.57
623.42,35.26
623.44,34.56
623.46,33.73
623.47,33.28
623.49,32.31
623.51,31.25
623.52,30.69
623.54,29.54
623.56,28.35
623.57,27.75
623.59,26.53
623.6,25.93
623.62,24.73
623.64,23.57
623.65,23.01
623.67,21.93
623.69,20.92
623.7,20.45
623.72,19.59
623.74,18.83
623.75,18.5
623.77,17.92
623.79,17.48
623.8,17.31
623.82,17.09
623.84,17.01
623.85,17.03
623.87,17.19
623.89,17.5
623.9,17.72
623.92,18.28
623.94,19.0
623.95,19.42
623.97,20.39
623.98,20.93
624.0,22.14
624.02,23.5
624.03,24.24
624.05,25.84
624.07,27.58
624.08,28.5
624.1,30.46
624.12,32.54
624.13,33.63
624.15,35.89
624.17,38.26
624.18,39.48
624.2,41.97
624.22,44.53
624.23,45.83
624.25,48.45
624.27,51.08
624.28,52.39
624.3,54.99
624.32,57.55
624.33,58.8
624.35,61.23
624.36,62.4
624.38,64.63
624.4,66.7
624.41,67.67
624.43,69.45
624.45,71.01
624.46,71.69
624.48,72.87
624.5,73.77
624.51,74.11
624.53,74.57
624.55,74.72
624.56,74.69
624.58,74.38
624.6,73.78
624.61,73.36
624.63,72.32
624.65,71.0
624.66,70.24
624.68,68.55
624.7,66.63
624.71,65.59
624.73,63.39
624.74,62.23
624.76,59.8
624.78,57.27
624.79,55.97
624.81,53.33
624.83,50.65
624.84,49.31
624.86,46.65
624.88,44.02
624.89,42.72
624.91,40.19
624.93,37.75
624.94,36.57
624.96,34.3
624.98,32.16
624.99,31.14
625.01,29.21
625.03,27.43
625.04,26.6
625.06,25.05
625.08,23.66
625.09,23.02
625.11,21.86
625.12,21.33
625.14,20.38
625.16,19.57
625.17,19.21
625.19,18.6
625.21,18.1
625.22,17.89
625.24,17.55
625.26,17.3
625.27,17.21
625.29,17.09
625.31,17.04
625.32,17.04
625.34,17.09
625.36,17.18
625.37,17.24
625.39,17.38
625.41,17.55
625.42,17.64
625.44,17.84
625.45,17.94
625.47,18.14
625.49,18.34
625.5,18.44
625.52,18.62
625.54,18.79
625.55,18.87
625.57,19.0
625.59,19.12
625.6,19.17
625.62,19.25
625.64,19.31
625.65,19.33
625.67,19.37
625.69,19.41
625.7,19.42
625.72,19.46
625.74,19.51
625.75,19.55
625.77,19.64
625.79,19.79
625.8,19.88
625.82,20.12
625.83,20.27
625.85,20.65
625.87,21.12
625.88,21.4
625.9,22.06
625.92,22.86
625.93,23.32
625.95,24.34
625.97,25.53
625.98,26.19
626.0,27.63
626.02,29.24
626.03,30.11
626.05,31.96
626.07,33.97
626.08,35.03
626.1,37.26
626.12,39.6
626.13,40.81
626.15,43.29
626.17,45.83
626.18,47.12
626.2,49.7
626.21,50.99
626.23,53.54
626.25,56.03
626.26,57.24
626.28,59.58
626.3,61.78
626.31,62.81
626.33,64.74
626.35,66.44
626.36,67.21
626.38,68.54
626.4,69.6
626.41,70.02
626.43,70.63
626.45,70.94
626.46,70.98
626.48,70.82
626.5,70.35
626.51,70.0
626.53,69.07
626.55,67.86
626.56,67.15
626.58,65.53
626.59,64.63
626.61,62.66
626.63,60.48
626.64,59.33
626.66,56.89
626.68,54.32
626.69,52.99
626.71,50.27
626.73,47.48
626.74,46.07
626.76,43.23
626.78,40.39
626.79,38.98
626.81,36.2
626.83,33.46
626.84,32.12
626.86,29.51
626.88,26.99
626.89,25.78
626.91,23.43
626.92,22.31
626.94,20.15
626.96,18.13
626.97,17.17
626.99,15.36
627.01,13.68
627.02,12.89
627.04,11.42
627.06,10.09
627.07,9.47
627.09,8.328
627.11,7.311
627.12,6.847
627.14,6.007
627.16,5.278
627.17,4.953
627.19,4.383
627.21,3.912
627.22,3.713
627.24,3.386
627.26,3.151
627.27,3.067
627.29,2.967
627.3,2.95
627.32,2.984
627.34,3.107
627.35,3.202
627.37,3.462
627.39,3.818
627.4,4.032
627.42,4.535
627.44,5.142
627.45,5.485
627.47,6.254
627.49,7.136
627.5,7.62
627.52,8.677
627.54,9.854
627.55,10.49
627.57,11.85
627.59,13.32
627.6,14.11
627.62,15.76
627.64,17.52
627.65,18.44
627.67,20.35
627.68,21.33
627.7,23.36
627.72,25.45
627.73,26.52
627.75,28.67
627.77,30.84
627.78,31.92
627.8,34.07
627.82,36.17
627.83,37.2
627.85,39.19
627.87,41.07
627.88,41.96
627.9,43.64
627.92,45.14
627.93,45.82
627.95,47.03
627.97,48.03
627.98,48.44
628.0,49.07
628.02,49.46
628.03,49.56
628.05,49.56
628.06,49.47
628.08,49.09
628.1,48.46
628.11,48.05
628.13,47.07
628.15,45.87
628.16,45.19
628.18,43.7
628.2,42.04
628.21,41.15
628.23,39.28
628.25,37.31
628.26,36.29
628.28,34.2
628.3,32.07
628.31,31.0
628.33,28.85
628.35,26.71
628.36,25.66
628.38,23.59
628.39,22.58
628.41,20.61
628.43,18.72
628.44,17.81
628.46,16.07
628.48,14.44
628.49,13.66
628.51,12.2
628.53,10.85
628.54,10.22
628.56,9.04
628.58,7.976
628.59,7.485
628.61,6.581
628.63,5.777
628.64,5.411
628.66,4.747
628.68,4.166
628.69,3.905
628.71,3.438
628.73,3.037
628.74,2.86
628.76,2.547
628.77,2.41
628.79,2.171
628.81,1.974
628.82,1.889
628.84,1.746
628.86,1.632
628.87,1.585
628.89,1.509
628.91,1.454
628.92,1.434
628.94,1.405
628.96,1.39
628.97,1.387
628.99,1.39
629.01,1.402
629.02,1.412
629.04,1.436
629.06,1.466
629.07,1.483
629.09,1.519
629.11,1.56
629.12,1.581
629.14,1.624
629.15,1.646
629.17,1.69
629.19,1.734
629.2,1.756
629.22,1.798
629.24,1.839
629.25,1.858
629.27,1.895
629.29,1.929
629.3,1.945
629.32,1.975
629.34,2.002
629.35,2.014
629.37,2.039
629.39,2.062
629.4,2.073
629.42,2.096
629.44,2.122
629.45,2.136
629.47,2.167
629.49,2.206
629.5,2.228
629.52,2.282
629.53,2.313
629.55,2.388
629.57,2.481
629.58,2.535
629.6,2.661
629.62,2.814
629.63,2.901
629.65,3.101
629.67,3.336
629.68,3.469
629.7,3.765
629.72,4.105
629.73,4.293
629.75,4.707
629.77,5.174
629.78,5.427
629.8,5.977
629.82,6.584
629.83,6.91
629.85,7.607
629.86,7.978
629.88,8.764
629.9,9.61
629.91,10.06
629.93,10.99
629.95,11.97
629.96,12.49
629.98,13.55
630.0,14.66
630.01,15.22
630.03,16.39
630.05,17.58
630.06,18.19
630.08,19.41
630.1,20.65
630.11,21.27
630.13,22.51
630.15,23.74
630.16,24.35
630.18,25.56
630.2,26.73
630.21,27.3
630.23,28.41
630.24,28.94
630.26,29.97
630.28,30.94
630.29,31.39
630.31,32.25
630.33,33.03
630.34,33.38
630.36,34.03
630.38,34.58
630.39,34.82
630.41,35.23
630.43,35.54
630.44,35.65
630.46,35.81
630.48,35.85
630.49,35.84
630.51,35.73
630.53,35.52
630.54,35.37
630.56,35.01
630.58,34.54
630.59,34.28
630.61,33.67
630.62,33.33
630.64,32.6
630.66,31.78
630.67,31.34
630.69,30.41
630.71,29.41
630.72,28.88
630.74,27.8
630.76,26.66
630.77,26.08
630.79,24.89
630.81,23.67
630.82,23.05
630.84,21.8
630.86,20.55
630.87,19.92
630.89,18.67
630.91,17.44
630.92,16.83
630.94,15.63
630.96,14.46
630.97,13.89
630.99,12.79
631.0,12.25
631.02,11.22
631.04,10.24
631.05,9.771
631.07,8.881
631.09,8.052
631.1,7.661
631.12,6.928
631.14,6.259
631.15,5.948
631.17,5.374
631.19,4.863
631.2,4.63
631.22,4.208
631.24,3.844
631.25,3.682
631.27,3.398
631.29,3.164
631.3,3.064
631.32,2.897
631.34,2.771
631.35,2.722
631.37,2.65
631.38,2.626
631.4,2.6
631.42,2.601
631.43,2.61
631.45,2.644
631.47,2.696
631.48,2.727
631.5,2.8
631.52,2.884
631.53,2.929
631.55,3.024
631.57,3.123
631.58,3.174
631.6,3.275
631.62,3.376
631.63,3.425
631.65,3.521
631.67,3.611
631.68,3.654
631.7,3.734
631.71,3.771
631.73,3.837
631.75,3.894
631.76,3.918
631.78,3.958
631.8,3.985
631.81,3.994
631.83,4.003
631.85,3.998
631.86,3.991
631.88,3.966
631.9,3.929
631.91,3.905
631.93,3.848
631.95,3.778
631.96,3.739
631.98,3.652
632.0,3.554
632.01,3.502
632.03,3.39
632.05,3.269
632.06,3.206
632.08,3.075
632.09,3.008
632.11,2.869
632.13,2.727
632.14,2.655
632.16,2.511
632.18,2.366
632.19,2.294
632.21,2.15
632.23,2.01
632.24,1.941
632.26,1.807
632.28,1.678
632.29,1.616
632.31,1.496
632.33,1.383
632.34,1.329
632.36,1.228
632.38,1.134
632.39,1.09
632.41,1.008
632.43,0.9347
632.44,0.9008
632.46,0.8389
632.47,0.8107
632.49,0.7596
632.51,0.7153
632.52,0.6956
632.54,0.6605
632.56,0.6308
632.57,0.6178
632.59,0.5951
632.61,0.5762
632.62,0.568
632.64,0.5539
632.66,0.5421
632.67,0.537
632.69,0.5278
632.71,0.5199
632.72,0.5162
632.74,0.5093
632.76,0.5028
632.77,0.4996
632.79,0.4934
632.81,0.4872
632.82,0.4841
632.84,0.4782
632.85,0.4753
632.87,0.47
632.89,0.4656
632.9,0.4639
632.92,0.4616
632.94,0.4616
632.95,0.4626
632.97,0.4671
632.99,0.4758
633.0,0.4819
633.02,0.4986
633.04,0.522
633.05,0.5365
633.07,0.5721
633.09,0.6175
633.1,0.6443
633.12,0.7069
633.14,0.7828
633.15,0.8261
633.17,0.9246
633.18,0.9801
633.2,1.104
633.22,1.248
633.23,1.327
633.25,1.501
633.27,1.698
633.28,1.804
633.3,2.035
633.32,2.291
633.33,2.427
633.35,2.719
633.37,3.034
633.38,3.201
633.4,3.552
633.42,3.925
633.43,4.119
633.45,4.522
633.47,4.943
633.48,5.159
633.5,5.6
633.52,6.051
633.53,6.279
633.55,6.738
633.56,6.968
633.58,7.426
633.6,7.878
633.61,8.1
633.63,8.534
633.65,8.951
633.66,9.152
633.68,9.537
633.7,9.897
633.71,10.07
633.73,10.38
633.75,10.67
633.76,10.8
633.78,11.05
633.8,11.26
633.81,11.36
633.83,11.55
633.85,11.73
633.86,11.82
633.88,12.0
633.9,12.21
633.91,12.33
633.93,12.6
633.94,12.76
633.96,13.16
633.98,13.68
633.99,14.0
634.01,14.77
634.03,15.77
634.04,16.36
634.06,17.79
634.08,19.59
634.09,20.64
634.11,23.11
634.13,26.12
634.14,27.86
634.16,31.85
634.18,36.61
634.19,39.31
634.21,45.41
634.23,52.53
634.24,56.51
634.26,65.36
634.28,75.51
634.29,81.1
634.31,93.37
634.32,100.1
634.34,114.7
634.36,130.9
634.37,139.7
634.39,158.5
634.41,179.2
634.42,190.1
634.44,213.4
634.46,238.4
634.47,251.5
634.49,278.9
634.51,307.9
634.52,322.8
634.54,353.7
634.56,385.6
634.57,401.8
634.59,434.8
634.61,468.0
634.62,484.7
634.64,517.9
634.65,534.3
634.67,566.6
634.69,597.7
634.7,612.8
634.72,641.6
634.74,668.4
634.75,680.9
634.77,703.9
634.79,724.0
634.8,732.9
634.82,748.1
634.84,759.8
634.85,764.2
634.87,770.2
634.89,772.4
634.9,772.0
634.92,768.3
634.94,760.7
634.95,755.5
634.97,742.4
634.99,725.9
635.0,716.4
635.02,695.1
635.03,683.4
635.05,658.1
635.07,630.5
635.08,616.0
635.1,585.8
635.12,554.2
635.13,538.0
635.15,505.2
635.17,472.0
635.18,455.4
635.2,422.3
635.22,389.7
635.23,373.6
635.25,342.2
635.27,311.8
635.28,297.2
635.3,268.8
635.32,242.0
635.33,229.2
635.35,204.9
635.37,182.3
635.38,171.6
635.4,151.6
635.41,142.2
635.43,124.8
635.45,109.0
635.46,101.8
635.48,88.36
635.5,76.42
635.51,70.97
635.53,61.06
635.55,52.37
635.56,48.45
635.58,41.39
635.6,35.29
635.61,32.58
635.63,27.73
635.65,23.61
635.66,21.79
635.68,18.58
635.7,15.89
635.71,14.71
635.73,12.65
635.75,10.93
635.76,10.19
635.78,8.894
635.79,8.334
635.81,7.361
635.83,6.557
635.84,6.209
635.86,5.601
635.88,5.095
635.89,4.873
635.91,4.481
635.93,4.146
635.94,3.997
635.96,3.728
635.98,3.491
635.99,3.382
636.01,3.182
636.03,3.0
636.04,2.916
636.06,2.758
636.08,2.613
636.09,2.545
636.11,2.418
636.12,2.36
636.14,2.253
636.16,2.159
636.17,2.118
636.19,2.048
636.21,1.998
636.22,1.98
636.24,1.963
636.26,1.973
636.27,1.99
636.29,2.051
636.31,2.153
636.32,2.223
636.34,2.403
636.36,2.648
636.37,2.799
636.39,3.164
636.41,3.629
636.42,3.904
636.44,4.553
636.46,5.351
636.47,5.814
636.49,6.886
636.5,7.503
636.52,8.918
636.54,10.61
636.55,11.56
636.57,13.74
636.59,16.29
636.6,17.72
636.62,20.92
636.64,24.63
636.65,26.68
636.67,31.24
636.69,36.42
636.7,39.27
636.72,45.5
636.74,52.49
636.75,56.28
636.77,64.48
636.79,73.53
636.8,78.39
636.82,88.76
636.84,100.0
636.85,106.0
636.87,118.6
636.88,125.2
636.9,139.0
636.92,153.7
636.93,161.2
636.95,176.9
636.97,193.1
636.98,201.3
637.0,218.1
637.02,235.1
637.03,243.7
637.05,260.7
637.07,277.6
637.08,285.9
637.1,302.1
637.12,317.6
637.13,325.0
637.15,339.2
637.17,352.1
637.18,358.1
637.2,369.0
637.22,378.3
637.23,382.4
637.25,389.1
637.26,391.7
637.28,395.6
637.3,397.5
637.31,397.7
637.33,396.6
637.35,393.5
637.36,391.3
637.38,385.3
637.4,377.5
637.41,373.0
637.43,362.7
637.45,351.0
637.46,344.6
637.48,330.9
637.5,316.1
637.51,308.4
637.53,292.5
637.55,276.0
637.56,267.6
637.58,250.6
637.6,233.5
637.61,224.9
637.63,208.0
637.64,199.7
637.66,183.3
637.68,167.5
637.69,159.7
637.71,144.8
637.73,130.7
637.74,123.9
637.76,111.0
637.78,99.01
637.79,93.33
637.81,82.66
637.83,72.88
637.84,68.33
637.86,59.88
637.88,52.28
637.89,48.78
637.91,42.39
637.93,36.74
637.94,34.18
637.96,29.56
637.97,27.48
637.99,23.78
638.01,20.62
638.02,19.23
638.04,16.8
638.06,14.78
638.07,13.92
638.09,12.46
638.11,11.32
638.12,10.86
638.14,10.12
638.16,9.607
638.17,9.428
638.19,9.205
638.21,9.141
638.22,9.162
638.24,9.293
638.26,9.53
638.27,9.682
638.29,10.04
638.31,10.47
638.32,10.7
638.34,11.19
638.35,11.45
638.37,11.98
638.39,12.53
638.4,12.8
638.42,13.35
638.44,13.89
638.45,14.15
638.47,14.66
638.49,15.15
638.5,15.38
638.52,15.82
638.54,16.22
638.55,16.4
638.57,16.75
638.59,17.05
638.6,17.19
638.62,17.43
638.64,17.65
638.65,17.74
638.67,17.9
638.69,18.04
638.7,18.1
638.72,18.22
638.73,18.27
638.75,18.36
638.77,18.45
638.78,18.5
638.8,18.6
638.82,18.71
638.83,18.78
638.85,18.92
638.87,19.08
638.88,19.17
638.9,19.37
638.92,19.6
638.93,19.73
638.95,20.0
638.97,20.3
638.98,20.45
639.0,20.78
639.02,21.13
639.03,21.31
639.05,21.67
639.07,22.04
639.08,22.22
639.1,22.58
639.11,22.75
639.13,23.09
639.15,23.4
639.16,23.55
639.18,23.82
639.2,24.06
639.21,24.17
639.23,24.35
639.25,24.49
639.26,24.55
639.28,24.63
639.3,24.68
639.31,24.69
639.33,24.68
639.35,24.65
639.36,24.62
639.38,24.56
639.4,24.48
639.41,24.44
639.43,24.35
639.44,24.32
639.46,24.25
639.48,24.2
639.49,24.19
639.51,24.2
639.53,24.24
639.54,24.28
639.56,24.41
639.58,24.6
639.59,24.72
639.61,25.01
639.63,25.38
639.64,25.59
639.66,26.07
639.68,26.64
639.69,26.95
639.71,27.62
639.73,28.37
639.74,28.78
639.76,29.63
639.78,30.54
639.79,31.01
639.81,31.99
639.82,32.49
639.84,33.51
639.86,34.55
639.87,35.07
639.89,36.1
639.91,37.11
639.92,37.6
639.94,38.55
639.96,39.44
639.97,39.86
639.99,40.63
640.01,41.31
640.02,41.6
640.04,42.11
640.06,42.5
640.07,42.64
640.09,42.82
640.11,42.86
640.12,42.82
640.14,42.63
640.16,42.29
640.17,42.07
640.19,41.51
640.2,41.18
640.22,40.41
640.24,39.51
640.25,39.01
640.27,37.94
640.29,36.76
640.3,36.13
640.32,34.82
640.34,33.45
640.35,32.74
640.37,31.3
640.39,29.84
640.4,29.1
640.42,27.63
640.44,26.17
640.45,25.46
640.47,24.06
640.49,22.71
640.5,22.06
640.52,20.83
640.54,19.67
640.55,19.13
640.57,18.12
640.58,17.65
640.6,16.81
640.62,16.07
640.63,15.75
640.65,15.2
640.67,14.77
640.68,14.6
640.7,14.35
640.72,14.22
640.73,14.2
640.75,14.25
640.77,14.4
640.78,14.52
640.8,14.83
640.82,15.24
640.83,15.47
640.85,16.01
640.87,16.61
640.88,16.94
640.9,17.64
640.91,18.01
640.93,18.78
640.95,19.58
640.96,19.99
640.98,20.82
641.0,21.65
641.01,22.06
641.03,22.88
641.05,23.67
641.06,24.05
641.08,24.78
641.1,25.46
641.11,25.77
641.13,26.34
641.15,26.84
641.16,27.05
641.18,27.42
641.2,27.68
641.21,27.77
641.23,27.88
641.25,27.89
641.26,27.85
641.28,27.69
641.29,27.57
641.31,27.24
641.33,26.82
641.34,26.57
641.36,26.0
641.38,25.34
641.39,24.97
641.41,24.2
641.43,23.35
641.44,22.91
641.46,21.98
641.48,21.02
641.49,20.52
641.51,19.52
641.53,18.51
641.54,18.0
641.56,16.99
641.58,16.0
641.59,15.52
641.61,14.57
641.63,13.67
641.64,13.23
641.66,12.4
641.67,12.01
641.69,11.27
641.71,10.59
641.72,10.28
641.74,9.7
641.76,9.194
641.77,8.967
641.79,8.564
641.81,8.228
641.82,8.084
641.84,7.843
641.86,7.659
641.87,7.588
641.89,7.483
641.91,7.423
641.92,7.407
641.94,7.403
641.96,7.427
641.97,7.447
641.99,7.502
642.01,7.569
642.02,7.605
642.04,7.678
642.05,7.713
642.07,7.78
642.09,7.835
642.1,7.857
642.12,7.887
642.14,7.896
642.15,7.892
642.17,7.865
642.19,7.811
642.2,7.773
642.22,7.678
642.24,7.555
642.25,7.483
642.27,7.321
642.29,7.135
642.3,7.034
642.32,6.818
642.34,6.585
642.35,6.464
642.37,6.213
642.38,6.086
642.4,5.827
642.42,5.57
642.43,5.443
642.45,5.195
642.47,4.961
642.48,4.85
642.5,4.645
642.52,4.465
642.53,4.387
642.55,4.258
642.57,4.167
642.58,4.139
642.6,4.119
642.62,4.152
642.63,4.191
642.65,4.315
642.67,4.507
642.68,4.63
642.7,4.935
642.72,5.321
642.73,5.546
642.75,6.065
642.76,6.36
642.78,7.023
642.8,7.787
642.81,8.209
642.83,9.133
642.85,10.17
642.86,10.72
642.88,11.93
642.9,13.24
642.91,13.94
642.93,15.41
642.95,16.99
642.96,17.82
642.98,19.55
643.0,21.37
643.01,22.31
643.03,24.24
643.05,26.24
643.06,27.26
643.08,29.33
643.1,31.43
643.11,32.48
643.13,34.6
643.14,35.66
643.16,37.76
643.18,39.84
643.19,40.86
643.21,42.88
643.23,44.84
643.24,45.8
643.26,47.67
643.28,49.47
643.29,50.35
643.31,52.07
643.33,53.73
643.34,54.55
643.36,56.15
643.38,57.75
643.39,58.54
643.41,60.16
643.43,61.82
643.44,62.67
643.46,64.46
643.48,66.38
643.49,67.4
643.51,69.58
643.52,70.75
643.54,73.27
643.56,76.06
643.57,77.57
643.59,80.81
643.61,84.39
643.62,86.32
643.64,90.43
643.66,94.91
643.67,97.28
643.69,102.3
643.71,107.7
643.72,110.5
643.74,116.3
643.76,122.4
643.77,125.5
643.79,131.9
643.81,138.3
643.82,141.6
643.84,148.1
643.86,154.6
643.87,157.8
643.89,163.9
643.9,166.9
643.92,172.6
643.94,177.9
643.95,180.3
643.97,184.8
643.99,188.6
644.0,190.3
644.02,193.0
644.04,195.0
644.05,195.7
644.07,196.4
644.09,196.2
644.1,195.8
644.12,194.3
644.14,192.0
644.15,190.5
644.17,186.9
644.19,182.5
644.2,180.0
644.22,174.5
644.23,171.5
644.25,165.1
644.27,158.2
644.28,154.6
644.3,147.1
644.32,139.3
644.33,135.3
644.35,127.2
644.37,119.1
644.38,115.0
644.4,106.9
644.42,98.9
644.43,94.98
644.45,87.32
644.47,79.93
644.48,76.37
644.5,69.5
644.52,63.03
644.53,59.95
644.55,54.11
644.57,48.72
644.58,46.19
644.6,41.49
644.61,39.31
644.63,35.28
644.65,31.7
644.66,30.08
644.68,27.14
644.7,24.6
644.71,23.47
644.73,21.49
644.75,19.85
644.76,19.15
644.78,17.97
644.8,17.07
644.81,16.71
644.83,16.16
644.85,15.81
644.86,15.7
644.88,15.6
644.9,15.64
644.91,15.7
644.93,15.89
644.95,16.16
644.96,16.31
644.98,16.65
644.99,16.83
645.01,17.2
645.03,17.57
645.04,17.75
645.06,18.09
645.08,18.4
645.09,18.54
645.11,18.78
645.13,18.97
645.14,19.04
645.16,19.14
645.18,19.17
645.19,19.17
645.21,19.11
645.23,18.99
645.24,18.92
645.26,18.72
645.28,18.47
645.29,18.33
645.31,18.03
645.33,17.7
645.34,17.53
645.36,17.17
645.37,16.99
645.39,16.63
645.41,16.28
645.42,16.12
645.44,15.8
645.46,15.52
645.47,15.4
645.49,15.19
645.51,15.03
645.52,14.98
645.54,14.93
645.56,14.96
645.57,15.01
645.59,15.17
645.61,15.43
645.62,15.6
645.64,16.03
645.66,16.59
645.67,16.91
645.69,17.67
645.7,18.1
645.72,19.08
645.74,20.22
645.75,20.86
645.77,22.27
645.79,23.89
645.8,24.77
645.82,26.7
645.84,28.86
645.85,30.03
645.87,32.57
645.89,35.36
645.9,36.85
645.92,40.06
645.94,43.54
645.95,45.39
645.97,49.3
645.99,53.49
646.0,55.69
646.02,60.29
646.04,65.14
646.05,67.66
646.07,72.86
646.08,75.53
646.1,81.0
646.12,86.61
646.13,89.45
646.15,95.18
646.17,100.9
646.18,103.8
646.2,109.4
646.22,115.0
646.23,117.7
646.25,122.9
646.27,127.8
646.28,130.1
646.3,134.4
646.32,138.3
646.33,140.1
646.35,143.2
646.37,145.7
646.38,146.7
646.4,148.3
646.42,149.2
646.43,149.4
646.45,149.3
646.46,149.0
646.48,147.8
646.5,146.0
646.51,144.9
646.53,142.1
646.55,138.8
646.56,136.9
646.58,132.8
646.6,128.2
646.61,125.7
646.63,120.5
646.65,115.1
646.66,112.2
646.68,106.5
646.7,100.6
646.71,97.58
646.73,91.61
646.75,85.69
646.76,82.76
646.78,77.0
646.8,71.43
646.81,68.72
646.83,63.49
646.84,60.98
646.86,56.18
646.88,51.69
646.89,49.57
646.91,45.59
646.93,41.95
646.94,40.26
646.96,37.14
646.98,34.36
646.99,33.1
647.01,30.8
647.03,28.81
647.04,27.93
647.06,26.35
647.08,25.02
647.09,24.45
647.11,23.44
647.13,22.62
647.14,22.27
647.16,21.68
647.17,21.43
647.19,21.0
647.21,20.66
647.22,20.51
647.24,20.25
647.26,20.02
647.27,19.91
647.29,19.68
647.31,19.45
647.32,19.33
647.34,19.06
647.36,18.76
647.37,18.59
647.39,18.22
647.41,17.8
647.42,17.57
647.44,17.08
647.46,16.54
647.47,16.25
647.49,15.64
647.51,15.0
647.52,14.66
647.54,13.96
647.55,13.6
647.57,12.87
647.59,12.12
647.6,11.74
647.62,10.98
647.64,10.23
647.65,9.85
647.67,9.106
647.69,8.38
647.7,8.024
647.72,7.332
647.74,6.667
647.75,6.347
647.77,5.731
647.79,5.149
647.8,4.873
647.82,4.347
647.84,3.86
647.85,3.631
647.87,3.201
647.89,2.809
647.9,2.627
647.92,2.289
647.93,2.133
647.95,1.845
647.97,1.59
647.98,1.473
648.0,1.261
648.02,1.076
648.03,0.9919
648.05,0.8416
648.07,0.7123
648.08,0.6548
648.1,0.5532
648.12,0.4677
648.13,0.4304
648.15,0.3658
648.17,0.3133
648.18,0.2912
648.2,0.2545
648.22,0.2269
648.23,0.2162
648.25,0.2008
648.27,0.1927
648.28,0.1913
648.3,0.1935
648.31,0.1972
648.33,0.2096
648.35,0.2291
648.36,0.2416
648.38,0.2726
648.4,0.3123
648.41,0.3358
648.43,0.3909
648.45,0.4582
648.46,0.4971
648.48,0.5867
648.5,0.6944
648.51,0.756
648.53,0.8968
648.55,1.065
648.56,1.16
648.58,1.377
648.6,1.633
648.61,1.778
648.63,2.105
648.64,2.289
648.66,2.703
648.68,3.185
648.69,3.455
648.71,4.057
648.73,4.752
648.74,5.138
648.76,5.992
648.78,6.967
648.79,7.504
648.81,8.682
648.83,10.01
648.84,10.74
648.86,12.32
648.88,14.08
648.89,15.03
648.91,17.09
648.93,19.35
648.94,20.56
648.96,23.15
648.98,25.97
648.99,27.46
649.01,30.63
649.02,32.29
649.04,35.8
649.06,39.53
649.07,41.48
649.09,45.53
649.11,49.77
649.12,51.96
649.14,56.46
649.16,61.11
649.17,63.48
649.19,68.3
649.21,73.18
649.22,75.63
649.24,80.55
649.26,85.44
649.27,87.86
649.29,92.64
649.31,97.28
649.32,99.53
649.34,103.9
649.36,108.0
649.37,110.0
649.39,113.6
649.4,115.3
649.42,118.5
649.44,121.2
649.45,122.4
649.47,124.6
649.49,126.2
649.5,126.9
649.52,127.8
649.54,128.3
649.55,128.4
649.57,128.1
649.59,127.5
649.6,127.0
649.62,125.6
649.64,123.9
649.65,122.9
649.67,120.6
649.69,117.9
649.7,116.5
649.72,113.5
649.74,110.2
649.75,108.5
649.77,105.0
649.78,103.2
649.8,99.54
649.82,95.8
649.83,93.92
649.85,90.15
649.87,86.4
649.88,84.54
649.9,80.88
649.92,77.29
649.93,75.53
649.95,72.1
649.97,68.78
649.98,67.17
650.0,64.04
650.02,61.04
650.03,59.59
650.05,56.78
650.07,54.09
650.08,52.79
650.1,50.27
650.12,47.85
650.13,46.68
650.15,44.41
650.16,43.31
650.18,41.16
650.2,39.08
650.21,38.06
650.23,36.08
650.25,34.15
650.26,33.2
650.28,31.35
650.3,29.55
650.31,28.66
650.33,26.92
650.35,25.23
650.36,24.4
650.38,22.78
650.4,21.21
650.41,20.44
650.43,18.95
650.45,17.51
650.46,16.82
650.48,15.47
650.49,14.81
650.51,13.56
650.53,12.37
650.54,11.8
650.56,10.71
650.58,9.694
650.59,9.21
650.61,8.295
650.63,7.448
650.64,7.05
650.66,6.304
650.68,5.623
650.69,5.306
650.71,4.718
650.73,4.188
650.74,3.944
650.76,3.496
650.78,3.098
650.79,2.917
650.81,2.588
650.83,2.3
650.84,2.17
650.86,1.937
650.87,1.833
650.89,1.647
650.91,1.489
650.92,1.419
650.94,1.296
650.96,1.194
650.97,1.149
650.99,1.073
651.01,1.012
651.02,0.986
651.04,0.9439
651.06,0.9132
651.07,0.9019
651.09,0.887
651.11,0.8822
651.12,0.8836
651.14,0.8943
651.16,0.9161
651.17,0.9315
651.19,0.9723
651.21,1.028
651.22,1.061
651.24,1.143
651.25,1.191
651.27,1.305
651.29,1.445
651.3,1.525
651.32,1.71
651.34,1.932
651.35,2.057
651.37,2.341
651.39,2.674
651.4,2.859
651.42,3.274
651.44,3.751
651.45,4.014
651.47,4.594
651.49,5.248
651.5,5.606
651.52,6.383
651.54,7.246
651.55,7.711
651.57,8.71
651.59,9.803
651.6,10.38
651.62,11.62
651.63,12.27
651.65,13.64
651.67,15.1
651.68,15.86
651.7,17.44
651.72,19.09
651.73,19.94
651.75,21.68
651.77,23.46
651.78,24.36
651.8,26.18
651.82,28.0
651.83,28.91
651.85,30.71
651.87,32.46
651.88,33.31
651.9,34.97
651.92,36.53
651.93,37.27
651.95,38.66
651.96,39.3
651.98,40.47
652.0,41.48
652.01,41.92
652.03,42.67
652.05,43.22
652.06,43.41
652.08,43.66
652.1,43.7
652.11,43.64
652.13,43.37
652.15,42.89
652.16,42.58
652.18,41.81
652.2,40.86
652.21,40.32
652.23,39.13
652.25,37.79
652.26,37.07
652.28,35.54
652.3,33.92
652.31,33.08
652.33,31.34
652.34,30.45
652.36,28.65
652.38,26.82
652.39,25.91
652.41,24.08
652.43,22.28
652.44,21.39
652.46,19.65
652.48,17.97
652.49,17.15
652.51,15.57
652.53,14.06
652.54,13.34
652.56,11.97
652.58,10.69
652.59,10.08
652.61,8.937
652.63,7.886
652.64,7.396
652.66,6.482
652.68,5.655
652.69,5.273
652.71,4.57
652.72,4.248
652.74,3.659
652.76,3.14
652.77,2.905
652.79,2.48
652.81,2.112
652.82,1.948
652.84,1.655
652.86,1.406
652.87,1.296
652.89,1.104
652.91,0.9456
652.92,0.8774
652.94,0.7613
652.96,0.6693
652.97,0.6315
652.99,0.5705
653.01,0.527
653.02,0.5111
653.04,0.49
653.06,0.4815
653.07,0.4817
653.09,0.4897
653.1,0.4974
653.12,0.5193
653.14,0.5495
653.15,0.5675
653.17,0.6087
653.19,0.6567
653.2,0.6831
653.22,0.7405
653.24,0.8039
653.25,0.8377
653.27,0.9098
653.29,0.9875
653.3,1.029
653.32,1.115
653.34,1.207
653.35,1.255
653.37,1.356
653.39,1.463
653.4,1.519
653.42,1.636
653.43,1.696
653.45,1.823
653.47,1.956
653.48,2.026
653.5,2.17
653.52,2.322
653.53,2.4
653.55,2.563
653.57,2.733
653.58,2.821
653.6,3.003
653.62,3.191
653.63,3.288
653.65,3.487
653.67,3.692
653.68,3.796
653.7,4.009
653.72,4.225
653.73,4.335
653.75,4.555
653.77,4.777
653.78,4.888
653.8,5.109
653.81,5.218
653.83,5.434
653.85,5.645
653.86,5.748
653.88,5.948
653.9,6.139
653.91,6.23
653.93,6.403
653.95,6.563
653.96,6.638
653.98,6.776
654.0,6.898
654.01,6.953
654.03,7.049
654.05,7.128
654.06,7.16
654.08,7.213
654.1,7.247
654.11,7.258
654.13,7.268
654.15,7.262
654.16,7.254
654.18,7.227
654.19,7.209
654.21,7.164
654.23,7.109
654.24,7.078
654.26,7.012
654.28,6.939
654.29,6.901
654.31,6.823
654.33,6.743
654.34,6.703
654.36,6.623
654.38,6.545
654.39,6.507
654.41,6.433
654.43,6.363
654.44,6.33
654.46,6.267
654.48,6.208
654.49,6.181
654.51,6.13
654.53,6.082
654.54,6.06
654.56,6.019
654.57,5.999
654.59,5.962
654.61,5.927
654.62,5.909
654.64,5.875
654.66,5.841
654.67,5.823
654.69,5.786
654.71,5.747
654.72,5.727
654.74,5.683
654.76,5.636
654.77,5.611
654.79,5.557
654.81,5.5
654.82,5.47
654.84,5.407
654.86,5.341
654.87,5.307
654.89,5.238
654.9,5.202
654.92,5.132
654.94,5.062
654.95,5.028
654.97,4.963
654.99,4.902
655.0,4.874
655.02,4.824
655.04,4.784
655.05,4.769
655.07,4.747
655.09,4.74
655.1,4.743
655.12,4.763
655.14,4.802
655.15,4.83
655.17,4.902
655.19,4.999
655.2,5.057
655.22,5.191
655.24,5.352
655.25,5.443
655.27,5.645
655.28,5.756
655.3,5.998
655.32,6.267
655.33,6.411
655.35,6.716
655.37,7.043
655.38,7.215
655.4,7.572
655.42,7.945
655.43,8.136
655.45,8.526
655.47,8.924
655.48,9.125
655.5,9.526
655.52,9.924
655.53,10.12
655.55,10.51
655.57,10.88
655.58,11.06
655.6,11.41
655.62,11.73
655.63,11.89
655.65,12.17
655.66,12.3
655.68,12.55
655.7,12.76
655.71,12.85
655.73,13.01
655.75,13.14
655.76,13.19
655.78,13.27
655.8,13.31
655.81,13.33
655.83,13.33
655.85,13.31
655.86,13.28
655.88,13.22
655.9,13.14
655.91,13.1
655.93,12.99
655.95,12.87
655.96,12.8
655.98,12.66
656.0,12.51
656.01,12.44
656.03,12.28
656.04,12.2
656.06,12.03
656.08,11.86
656.09,11.77
656.11,11.6
656.13,11.42
656.14,11.33
656.16,11.16
656.18,10.98
656.19,10.89
656.21,10.7
656.23,10.52
656.24,10.43
656.26,10.24
656.28,10.06
656.29,9.971
656.31,9.79
656.33,9.612
656.34,9.525
656.36,9.354
656.38,9.191
656.39,9.113
656.41,8.963
656.42,8.893
656.44,8.763
656.46,8.648
656.47,8.597
656.49,8.508
656.51,8.439
656.52,8.413
656.54,8.377
656.56,8.364
656.57,8.367
656.59,8.391
656.61,8.44
656.62,8.474
656.64,8.559
656.66,8.668
656.67,8.731
656.69,8.872
656.71,9.032
656.72,9.119
656.74,9.304
656.75,9.401
656.77,9.604
656.79,9.814
656.8,9.921
656.82,10.14
656.84,10.35
656.85,10.45
656.87,10.66
656.89,10.85
656.9,10.94
656.92,11.11
656.94,11.26
656.95,11.33
656.97,11.44
656.99,11.53
657.0,11.56
657.02,11.6
657.04,11.61
657.05,11.6
657.07,11.56
657.09,11.48
657.1,11.43
657.12,11.3
657.13,11.23
657.15,11.05
657.17,10.84
657.18,10.72
657.2,10.47
657.22,10.19
657.23,10.04
657.25,9.721
657.27,9.382
657.28,9.206
657.3,8.841
657.32,8.464
657.33,8.271
657.35,7.88
657.37,7.483
657.38,7.283
657.4,6.884
657.42,6.487
657.43,6.29
657.45,5.901
657.47,5.52
657.48,5.334
657.5,4.97
657.51,4.793
657.53,4.451
657.55,4.124
657.56,3.966
657.58,3.665
657.6,3.383
657.61,3.248
657.63,2.994
657.65,2.758
657.66,2.647
657.68,2.44
657.7,2.251
657.71,2.164
657.73,2.002
657.75,1.856
657.76,1.789
657.78,1.667
657.8,1.559
657.81,1.51
657.83,1.42
657.85,1.343
657.86,1.307
657.88,1.244
657.89,1.215
657.91,1.164
657.93,1.119
657.94,1.098
657.96,1.061
657.98,1.027
657.99,1.012
658.01,0.9821
658.03,0.9545
658.04,0.9412
658.06,0.9153
658.08,0.8898
658.09,0.8771
658.11,0.8515
658.13,0.8256
658.14,0.8124
658.16,0.7857
658.18,0.7583
658.19,0.7443
658.21,0.7159
658.22,0.7015
658.24,0.6723
658.26,0.6428
658.27,0.628
658.29,0.5983
658.31,0.5687
658.32,0.554
658.34,0.5249
658.36,0.4964
658.37,0.4825
658.39,0.4553
658.41,0.4292
658.42,0.4166
658.44,0.3925
658.46,0.3699
658.47,0.3592
658.49,0.3393
658.51,0.3213
658.52,0.3131
658.54,0.2984
658.56,0.2862
658.57,0.2811
658.59,0.2729
658.6,0.27
658.62,0.2665
658.64,0.2666
658.65,0.2681
658.67,0.2741
658.69,0.2845
658.7,0.2916
658.72,0.3097
658.74,0.3336
658.75,0.3479
658.77,0.3816
658.79,0.4226
658.8,0.4461
658.82,0.4994
658.84,0.5619
658.85,0.5967
658.87,0.6742
658.89,0.7626
658.9,0.8111
658.92,0.9172
658.94,1.036
658.95,1.1
658.97,1.238
658.98,1.312
659.0,1.471
659.02,1.644
659.03,1.735
659.05,1.928
659.07,2.134
659.08,2.242
659.1,2.467
659.12,2.703
659.13,2.826
659.15,3.077
659.17,3.336
659.18,3.468
659.2,3.736
659.22,4.007
659.23,4.143
659.25,4.415
659.27,4.684
659.28,4.817
659.3,5.078
659.32,5.33
659.33,5.451
659.35,5.685
659.36,5.796
659.38,6.006
659.4,6.198
659.41,6.287
659.43,6.447
659.45,6.585
659.46,6.645
659.48,6.747
659.5,6.824
659.51,6.853
659.53,6.891
659.55,6.904
659.56,6.901
659.58,6.878
659.6,6.831
659.61,6.799
659.63,6.719
659.65,6.62
659.66,6.563
659.68,6.438
659.69,6.37
659.71,6.223
659.73,6.065
659.74,5.983
659.76,5.811
659.78,5.634
659.79,5.543
659.81,5.359
659.83,5.174
659.84,5.081
659.86,4.896
659.88,4.713
659.89,4.622
659.91,4.443
659.93,4.269
659.94,4.183
659.96,4.015
659.98,3.852
659.99,3.772
660.01,3.617
660.03,3.467
660.04,3.393
660.06,3.25
660.07,3.18
660.09,3.044
660.11,2.911
660.12,2.846
660.14,2.718
660.16,2.594
660.17,2.533
660.19,2.413
660.21,2.295
660.22,2.237
660.24,2.123
660.26,2.011
660.27,1.956
660.29,1.848
660.31,1.743
660.32,1.691
660.34,1.591
660.36,1.493
660.37,1.446
660.39,1.355
660.41,1.269
660.42,1.228
660.44,1.151
660.45,1.115
660.47,1.049
660.49,0.9908
660.5,0.9654
660.52,0.9229
660.54,0.8925
660.55,0.8825
660.57,0.8739
660.59,0.8825
660.6,0.8941
660.62,0.9336
660.64,0.9976
660.65,1.04
660.67,1.148
660.69,1.29
660.7,1.376
660.72,1.58
660.74,1.831
660.75,1.977
660.77,2.314
660.79,2.715
660.8,2.943
660.82,3.458
660.83,3.748
660.85,4.396
660.87,5.144
660.88,5.558
660.9,6.475
660.92,7.516
660.93,8.086
660.95,9.332
660.97,10.72
660.98,11.48
661.0,13.11
661.02,14.9
661.03,15.86
661.05,17.91
661.07,20.14
661.08,21.32
661.1,23.8
661.12,26.46
661.13,27.85
661.15,30.74
661.16,32.24
661.18,35.35
661.2,38.58
661.21,40.24
661.23,43.61
661.25,47.06
661.26,48.8
661.28,52.3
661.3,55.79
661.31,57.53
661.33,60.96
661.35,64.31
661.36,65.94
661.38,69.09
661.4,72.07
661.41,73.49
661.43,76.16
661.45,78.58
661.46,79.69
661.48,81.68
661.5,83.37
661.51,84.09
661.53,85.28
661.54,85.75
661.56,86.42
661.58,86.74
661.59,86.77
661.61,86.57
661.63,86.02
661.64,85.62
661.66,84.58
661.68,83.24
661.69,82.47
661.71,80.71
661.73,78.71
661.74,77.63
661.76,75.32
661.78,72.83
661.79,71.53
661.81,68.84
661.83,66.05
661.84,64.62
661.86,61.73
661.88,58.8
661.89,57.34
661.91,54.41
661.92,52.95
661.94,50.06
661.96,47.22
661.97,45.83
661.99,43.09
662.01,40.43
662.02,39.13
662.04,36.62
662.06,34.2
662.07,33.02
662.09,30.76
662.11,28.6
662.12,27.56
662.14,25.57
662.16,23.67
662.17,22.76
662.19,21.03
662.21,19.39
662.22,18.6
662.24,17.11
662.26,15.7
662.27,15.03
662.29,13.76
662.3,13.15
662.32,12.0
662.34,10.93
662.35,10.42
662.37,9.454
662.39,8.56
662.4,8.138
662.42,7.343
662.44,6.609
662.45,6.265
662.47,5.618
662.49,5.025
662.5,4.748
662.52,4.231
662.54,3.761
662.55,3.542
662.57,3.137
662.59,2.772
662.6,2.603
662.62,2.293
662.64,2.015
662.65,1.888
662.67,1.656
662.68,1.55
662.7,1.358
662.72,1.191
662.73,1.115
662.75,0.9799
662.77,0.8641
662.78,0.813
662.8,0.7236
662.82,0.6499
662.83,0.6187
662.85,0.5666
662.87,0.5277
662.88,0.5128
662.9,0.4919
662.92,0.4821
662.93,0.4812
662.95,0.487
662.97,0.5025
662.98,0.5139
663.0,0.5434
663.01,0.5614
663.03,0.604
663.05,0.6548
663.06,0.6832
663.08,0.7457
663.1,0.8156
663.11,0.8532
663.13,0.9333
663.15,1.019
663.16,1.065
663.18,1.159
663.2,1.257
663.21,1.308
663.23,1.412
663.25,1.518
663.26,1.572
663.28,1.679
663.3,1.787
663.31,1.84
663.33,1.945
663.35,2.046
663.36,2.095
663.38,2.189
663.39,2.234
663.41,2.319
663.43,2.395
663.44,2.43
663.46,2.493
663.48,2.546
663.49,2.568
663.51,2.604
663.53,2.629
663.54,2.636
663.56,2.642
663.58,2.636
663.59,2.629
663.61,2.604
663.63,2.568
663.64,2.545
663.66,2.493
663.68,2.429
663.69,2.394
663.71,2.317
663.73,2.232
663.74,2.187
663.76,2.092
663.77,2.043
663.79,1.941
663.81,1.835
663.82,1.781
663.84,1.672
663.86,1.563
663.87,1.508
663.89,1.4
663.91,1.293
663.92,1.241
663.94,1.138
663.96,1.039
663.97,0.9913
663.99,0.8989
664.01,0.8115
664.02,0.7697
664.04,0.6901
664.06,0.616
664.07,0.581
664.09,0.5152
664.11,0.455
664.12,0.427
664.14,0.3748
664.15,0.3507
664.17,0.3063
664.19,0.2667
664.2,0.2487
664.22,0.2159
664.24,0.1873
664.25,0.1745
664.27,0.1516
664.29,0.1321
664.3,0.1236
664.32,0.1088
664.34,0.09684
664.35,0.09181
664.37,0.08352
664.39,0.07744
664.4,0.07517
664.42,0.07203
664.44,0.07064
664.45,0.07056
664.47,0.07151
664.48,0.07251
664.5,0.07551
664.52,0.07974
664.53,0.08229
664.55,0.08818
664.57,0.09508
664.58,0.09888
664.6,0.1071
664.62,0.1162
664.63,0.121
664.65,0.1312
664.67,0.1421
664.68,0.1477
664.7,0.1593
664.72,0.1715
664.73,0.1777
664.75,0.1904
664.77,0.2034
664.78,0.2099
664.8,0.2231
664.82,0.2364
664.83,0.243
664.85,0.2562
664.86,0.2627
664.88,0.2755
664.9,0.2881
664.91,0.2942
664.93,0.306
664.95,0.3172
664.96,0.3226
664.98,0.3328
665.0,0.3422
665.01,0.3466
665.03,0.3546
665.05,0.3615
665.06,0.3646
665.08,0.37
665.1,0.3742
665.11,0.3758
665.13,0.3782
665.15,0.3793
665.16,0.3794
665.18,0.3787
665.2,0.3768
665.21,0.3754
665.23,0.3717
665.24,0.3695
665.26,0.3642
665.28,0.358
665.29,0.3546
665.31,0.3472
665.33,0.3391
665.34,0.3349
665.36,0.3262
665.38,0.3172
665.39,0.3128
665.41,0.3039
665.43,0.2953
665.44,0.2912
665.46,0.2836
665.48,0.2768
665.49,0.2739
665.51,0.269
665.53,0.2657
665.54,0.2647
665.56,0.2642
665.58,0.266
665.59,0.2677
665.61,0.2733
665.62,0.2772
665.64,0.2871
665.66,0.3003
665.67,0.3081
665.69,0.3264
665.71,0.3484
665.72,0.3607
665.74,0.3884
665.76,0.4199
665.77,0.4371
665.79,0.4745
665.81,0.5158
665.82,0.5378
665.84,0.5847
665.86,0.6352
665.87,0.6617
665.89,0.717
665.91,0.7752
665.92,0.8053
665.94,0.8671
665.95,0.8987
665.97,0.9632
665.99,1.029
666.0,1.062
666.02,1.128
666.04,1.194
666.05,1.227
666.07,1.292
666.09,1.355
666.1,1.386
666.12,1.445
666.14,1.502
666.15,1.529
666.17,1.58
666.19,1.627
666.2,1.649
666.22,1.689
666.24,1.725
666.25,1.741
666.27,1.77
666.29,1.794
666.3,1.805
666.32,1.823
666.33,1.83
666.35,1.843
666.37,1.854
666.38,1.859
666.4,1.868
666.42,1.878
666.43,1.884
666.45,1.898
666.47,1.919
666.48,1.932
666.5,1.966
666.52,2.013
666.53,2.043
666.55,2.119
666.57,2.218
666.58,2.279
666.6,2.425
666.62,2.612
666.63,2.722
666.65,2.983
666.67,3.305
666.68,3.491
666.7,3.923
666.71,4.171
666.73,4.74
666.75,5.415
666.76,5.798
666.78,6.661
666.8,7.669
666.81,8.232
666.83,9.488
666.85,10.93
666.86,11.72
666.88,13.48
666.9,15.46
666.91,16.54
666.93,18.89
666.95,21.51
666.96,22.93
666.98,25.97
667.0,29.31
667.01,31.09
667.03,34.88
667.05,38.97
667.06,41.13
667.08,45.67
667.09,48.04
667.11,53.0
667.13,58.21
667.14,60.9
667.16,66.45
667.18,72.18
667.19,75.11
667.21,81.04
667.23,87.06
667.24,90.08
667.26,96.11
667.28,102.1
667.29,105.0
667.31,110.8
667.33,116.4
667.34,119.1
667.36,124.2
667.38,129.0
667.39,131.2
667.41,135.4
667.42,137.2
667.44,140.6
667.46,143.4
667.47,144.6
667.49,146.5
667.51,147.7
667.52,148.1
667.54,148.3
667.56,147.9
667.57,147.5
667.59,146.1
667.61,144.1
667.62,142.9
667.64,140.0
667.66,136.5
667.67,134.6
667.69,130.4
667.71,125.9
667.72,123.4
667.74,118.3
667.76,112.9
667.77,110.1
667.79,104.5
667.8,101.6
667.82,95.74
667.84,89.86
667.85,86.92
667.87,81.09
667.89,75.34
667.9,72.51
667.92,66.98
667.94,61.63
667.95,59.03
667.97,54.0
667.99,49.22
668.0,46.93
668.02,42.55
668.04,38.45
668.05,36.5
668.07,32.81
668.09,29.41
668.1,27.81
668.12,24.81
668.14,22.07
668.15,20.79
668.17,18.42
668.18,17.32
668.2,15.29
668.22,13.46
668.23,12.62
668.25,11.08
668.27,9.709
668.28,9.082
668.3,7.937
668.32,6.926
668.33,6.467
668.35,5.633
668.37,4.901
668.38,4.57
668.4,3.972
668.42,3.451
668.43,3.216
668.45,2.793
668.47,2.427
668.48,2.263
668.5,1.968
668.52,1.714
668.53,1.601
668.55,1.4
668.56,1.31
668.58,1.152
668.6,1.018
668.61,0.9592
668.63,0.8573
668.65,0.774
668.66,0.7388
668.68,0.6805
668.7,0.6373
668.71,0.6212
668.73,0.5997
668.75,0.592
668.76,0.5934
668.78,0.607
668.8,0.6352
668.81,0.6551
668.83,0.707
668.85,0.7764
668.86,0.8181
668.88,0.9166
668.9,1.037
668.91,1.106
668.93,1.264
668.94,1.353
668.96,1.555
668.98,1.789
668.99,1.919
669.01,2.209
669.03,2.54
669.04,2.723
669.06,3.123
669.08,3.575
669.09,3.821
669.11,4.356
669.13,4.952
669.14,5.273
669.16,5.966
669.18,6.728
669.19,7.135
669.21,8.005
669.23,8.949
669.24,9.449
669.26,10.51
669.27,11.07
669.29,12.24
669.31,13.49
669.32,14.14
669.34,15.49
669.36,16.92
669.37,17.65
669.39,19.17
669.41,20.74
669.42,21.55
669.44,23.18
669.46,24.86
669.47,25.7
669.49,27.4
669.51,29.11
669.52,29.97
669.54,31.66
669.56,33.34
669.57,34.16
669.59,35.77
669.61,37.32
669.62,38.08
669.64,39.52
669.65,40.21
669.67,41.51
669.69,42.71
669.7,43.27
669.72,44.28
669.74,45.17
669.75,45.56
669.77,46.23
669.79,46.75
669.8,46.96
669.82,47.25
669.84,47.39
669.85,47.4
669.87,47.3
669.89,47.04
669.9,46.86
669.92,46.38
669.94,45.76
669.95,45.4
669.97,44.58
669.99,43.64
670.0,43.12
670.02,42.01
670.03,41.42
670.05,40.16
670.07,38.82
670.08,38.12
670.1,36.68
670.12,35.19
670.13,34.43
670.15,32.87
670.17,31.29
670.18,30.5
670.2,28.9
670.22,27.31
670.23,26.51
670.25,24.94
670.27,23.39
670.28,22.62
670.3,21.12
670.32,19.66
670.33,18.94
670.35,17.55
670.37,16.22
670.38,15.57
670.4,14.32
670.41,13.72
670.43,12.57
670.45,11.48
670.46,10.97
670.48,9.978
670.5,9.057
670.51,8.621
670.53,7.798
670.55,7.04
670.56,6.685
670.58,6.021
670.6,5.416
670.61,5.136
670.63,4.617
670.65,4.151
670.66,3.938
670.68,3.547
670.7,3.203
670.71,3.047
670.73,2.766
670.74,2.64
670.76,2.415
670.78,2.223
670.79,2.139
670.81,1.992
670.83,1.871
670.84,1.819
670.86,1.732
670.88,1.664
670.89,1.637
670.91,1.593
670.93,1.563
670.94,1.552
670.96,1.538
670.98,1.534
670.99,1.535
671.01,1.541
671.03,1.554
671.04,1.562
671.06,1.582
671.08,1.607
671.09,1.622
671.11,1.654
671.12,1.672
671.14,1.712
671.16,1.758
671.17,1.784
671.19,1.842
671.21,1.908
671.22,1.946
671.24,2.029
671.26,2.127
671.27,2.181
671.29,2.303
671.31,2.443
671.32,2.522
671.34,2.695
671.36,2.894
671.37,3.004
671.39,3.245
671.41,3.518
671.42,3.666
671.44,3.99
671.46,4.349
671.47,4.544
671.49,4.961
671.5,5.185
671.52,5.665
671.54,6.186
671.55,6.463
671.57,7.049
671.59,7.679
671.6,8.011
671.62,8.706
671.64,9.445
671.65,9.83
671.67,10.63
671.69,11.47
671.7,11.91
671.72,12.81
671.74,13.75
671.75,14.23
671.77,15.22
671.79,16.24
671.8,16.76
671.82,17.83
671.84,18.91
671.85,19.47
671.87,20.59
671.88,21.15
671.9,22.29
671.92,23.44
671.93,24.02
671.95,25.18
671.97,26.34
671.98,26.91
672.0,28.06
672.02,29.19
672.03,29.74
672.05,30.83
672.07,31.89
672.08,32.4
672.1,33.39
672.12,34.32
672.13,34.76
672.15,35.6
672.17,36.36
672.18,36.71
672.2,37.34
672.21,37.61
672.23,38.09
672.25,38.46
672.26,38.61
672.28,38.8
672.3,38.87
672.31,38.86
672.33,38.74
672.35,38.49
672.36,38.31
672.38,37.87
672.4,37.29
672.41,36.96
672.43,36.19
672.45,35.31
672.46,34.83
672.48,33.79
672.5,32.66
672.51,32.06
672.53,30.8
672.55,29.47
672.56,28.78
672.58,27.37
672.59,26.65
672.61,25.19
672.63,23.71
672.64,22.96
672.66,21.48
672.68,20.01
672.69,19.28
672.71,17.84
672.73,16.44
672.74,15.75
672.76,14.42
672.78,13.15
672.79,12.53
672.81,11.35
672.83,10.23
672.84,9.7
672.86,8.689
672.88,7.749
672.89,7.306
672.91,6.472
672.93,5.708
672.94,5.352
672.96,4.689
672.97,4.382
672.99,3.814
673.01,3.304
673.02,3.071
673.04,2.643
673.06,2.265
673.07,2.093
673.09,1.781
673.11,1.509
673.12,1.387
673.14,1.167
673.16,0.9782
673.17,0.894
673.19,0.7441
673.21,0.6166
673.22,0.5603
673.24,0.4612
673.26,0.3779
673.27,0.3416
673.29,0.278
673.31,0.2253
673.32,0.2025
673.34,0.163
673.35,0.146
673.37,0.1168
673.39,0.09305
673.4,0.08292
673.42,0.06566
673.44,0.05182
673.45,0.04598
673.47,0.03615
673.49,0.02839
673.5,0.02517
673.52,0.01983
673.54,0.01574
673.55,0.0141
673.57,0.01147
673.59,0.009622
673.6,0.008947
673.62,0.008036
673.64,0.007656
673.65,0.007649
673.67,0.007983
673.68,0.008321
673.7,0.00934
673.72,0.01083
673.73,0.01176
673.75,0.01402
673.77,0.01686
673.78,0.01852
673.8,0.02237
673.82,0.02701
673.83,0.02966
673.85,0.03567
673.87,0.04277
673.88,0.04676
673.9,0.05572
673.92,0.06613
673.93,0.07193
673.95,0.08481
673.97,0.09955
673.98,0.1077
674.0,0.1256
674.02,0.1458
674.03,0.1568
674.05,0.1808
674.06,0.1938
674.08,0.2219
674.1,0.2531
674.11,0.2698
674.13,0.3055
674.15,0.3445
674.16,0.3652
674.18,0.409
674.2,0.456
674.21,0.4807
674.23,0.5324
674.25,0.587
674.26,0.6154
674.28,0.674
674.3,0.735
674.31,0.7663
674.33,0.8302
674.35,0.8954
674.36,0.9285
674.38,0.9949
674.4,1.062
674.41,1.095
674.43,1.161
674.44,1.193
674.46,1.257
674.48,1.319
674.49,1.348
674.51,1.406
674.53,1.46
674.54,1.485
674.56,1.533
674.58,1.576
674.59,1.596
674.61,1.632
674.63,1.663
674.64,1.676
674.66,1.698
674.68,1.716
674.69,1.722
674.71,1.732
674.73,1.737
674.74,1.737
674.76,1.735
674.78,1.729
674.79,1.725
674.81,1.714
674.82,1.708
674.84,1.693
674.86,1.677
674.87,1.669
674.89,1.651
674.91,1.633
674.92,1.624
674.94,1.607
674.96,1.591
674.97,1.583
674.99,1.569
675.01,1.557
675.02,1.551
675.04,1.542
675.06,1.535
675.07,1.532
675.09,1.528
675.11,1.527
675.12,1.526
675.14,1.527
675.16,1.529
675.17,1.531
675.19,1.534
675.2,1.536
675.22,1.54
675.24,1.543
675.25,1.545
675.27,1.547
675.29,1.547
675.3,1.547
675.32,1.544
675.34,1.539
675.35,1.535
675.37,1.525
675.39,1.512
675.4,1.505
675.42,1.486
675.44,1.464
675.45,1.452
675.47,1.424
675.49,1.393
675.5,1.376
675.52,1.339
675.53,1.32
675.55,1.278
675.57,1.234
675.58,1.211
675.6,1.163
675.62,1.114
675.63,1.088
675.65,1.036
675.67,0.9835
675.68,0.9568
675.7,0.9033
675.72,0.8498
675.73,0.8232
675.75,0.7704
675.77,0.7186
675.78,0.6931
675.8,0.6432
675.82,0.5949
675.83,0.5714
675.85,0.5259
675.87,0.4824
675.88,0.4615
675.9,0.4214
675.91,0.4023
675.93,0.3656
675.95,0.3314
675.96,0.3152
675.98,0.2844
676.0,0.256
676.01,0.2426
676.03,0.2175
676.05,0.1945
676.06,0.1838
676.08,0.1638
676.1,0.1456
676.11,0.1372
676.13,0.1216
676.15,0.1076
676.16,0.1011
676.18,0.08921
676.2,0.07857
676.21,0.0737
676.23,0.06477
676.25,0.05686
676.26,0.05326
676.28,0.0467
676.29,0.04373
676.31,0.03835
676.33,0.03366
676.34,0.03155
676.36,0.02779
676.38,0.02457
676.39,0.02316
676.41,0.02069
676.43,0.01866
676.44,0.01781
676.46,0.0164
676.48,0.01538
676.49,0.01501
676.51,0.01454
676.53,0.01442
676.54,0.01448
676.56,0.01488
676.58,0.01562
676.59,0.01611
676.61,0.01737
676.63,0.01897
676.64,0.0199
676.66,0.02204
676.67,0.02325
676.69,0.02593
676.71,0.02898
676.72,0.03065
676.74,0.03427
676.76,0.03827
676.77,0.04041
676.79,0.04496
676.81,0.04989
676.82,0.05248
676.84,0.05792
676.86,0.06369
676.87,0.06668
676.89,0.07289
676.91,0.07934
676.92,0.08265
676.94,0.0894
676.96,0.09629
676.97,0.09977
676.99,0.1068
677.0,0.1103
677.02,0.1173
677.04,0.1242
677.05,0.1275
677.07,0.1342
677.09,0.1406
677.1,0.1436
677.12,0.1495
677.14,0.155
677.15,0.1576
677.17,0.1624
677.19,0.1666
677.2,0.1685
677.22,0.1719
677.24,0.1747
677.25,0.1759
677.27,0.1777
677.29,0.1789
677.3,0.1793
677.32,0.1796
677.34,0.1794
677.35,0.179
677.37,0.1779
677.38,0.1772
677.4,0.1754
677.42,0.1732
677.43,0.1719
677.45,0.1692
677.47,0.1662
677.48,0.1647
677.5,0.1614
677.52,0.1581
677.53,0.1564
677.55,0.153
677.57,0.1497
677.58,0.1481
677.6,0.1449
677.62,0.1419
677.63,0.1405
677.65,0.1378
677.67,0.1353
677.68,0.1342
677.7,0.1322
677.72,0.1304
677.73,0.1296
677.75,0.1282
677.76,0.1276
677.78,0.1266
677.8,0.1258
677.81,0.1255
677.83,0.125
677.85,0.1247
677.86,0.1247
677.88,0.1246
677.9,0.1247
677.91,0.1247
677.93,0.1249
677.95,0.1251
677.96,0.1252
677.98,0.1255
678.0,0.1257
678.01,0.1258
678.03,0.126
678.05,0.1262
678.06,0.1262
678.08,0.1262
678.1,0.1262
678.11,0.1261
678.13,0.1259
678.14,0.1258
678.16,0.1255
678.18,0.1251
678.19,0.1248
678.21,0.1243
678.23,0.1236
678.24,0.1233
678.26,0.1226
678.28,0.1218
678.29,0.1214
678.31,0.1207
678.33,0.1199
678.34,0.1195
678.36,0.1188
678.38,0.1182
678.39,0.118
678.41,0.1176
678.43,0.1173
678.44,0.1172
678.46,0.1172
678.47,0.1173
678.49,0.1177
678.51,0.1184
678.52,0.1189
678.54,0.12
678.56,0.1215
678.57,0.1223
678.59,0.1243
678.61,0.1267
678.62,0.1281
678.64,0.1311
678.66,0.1345
678.67,0.1363
678.69,0.1403
678.71,0.1447
678.72,0.147
678.74,0.1519
678.76,0.1572
678.77,0.16
678.79,0.1658
678.81,0.1719
678.82,0.175
678.84,0.1815
678.85,0.1849
678.87,0.1918
678.89,0.1989
678.9,0.2025
678.92,0.2099
678.94,0.2174
678.95,0.2212
678.97,0.2289
678.99,0.2367
679.0,0.2406
679.02,0.2484
679.04,0.2562
679.05,0.2601
679.07,0.2678
679.09,0.2754
679.1,0.2792
679.12,0.2865
679.14,0.2936
679.15,0.2971
679.17,0.3038
679.19,0.31
679.2,0.313
679.22,0.3186
679.23,0.3212
679.25,0.3259
679.27,0.33
679.28,0.3318
679.3,0.3347
679.32,0.3369
679.33,0.3377
679.35,0.3385
679.37,0.3384
679.38,0.338
679.4,0.3364
679.42,0.3338
679.43,0.3322
679.45,0.3281
679.47,0.323
679.48,0.3201
679.5,0.3135
679.52,0.3061
679.53,0.302
679.55,0.2933
679.57,0.2839
679.58,0.279
679.6,0.2686
679.61,0.2632
679.63,0.2522
679.65,0.2408
679.66,0.235
679.68,0.2233
679.7,0.2116
679.71,0.2058
679.73,0.1943
679.75,0.183
679.76,0.1775
679.78,0.1669
679.8,0.1567
679.81,0.1519
679.83,0.1427
679.85,0.1343
679.86,0.1304
679.88,0.1232
679.9,0.1169
679.91,0.1141
679.93,0.1093
679.94,0.1072
679.96,0.1038
679.98,0.1015
679.99,0.1007
680.01,0.09981
680.03,0.09995
680.04,0.1004
680.06,0.102
680.08,0.1045
680.09,0.1061
680.11,0.1099
680.13,0.1145
680.14,0.1171
680.16,0.1229
680.18,0.1293
680.19,0.1328
680.21,0.1401
680.23,0.1481
680.24,0.1522
680.26,0.161
680.28,0.1701
680.29,0.1749
680.31,0.1848
680.32,0.19
680.34,0.2006
680.36,0.2118
680.37,0.2176
680.39,0.2297
680.41,0.2425
680.42,0.2493
680.44,0.2635
680.46,0.2788
680.47,0.287
680.49,0.3044
680.51,0.3236
680.52,0.3339
680.54,0.3562
680.56,0.381
680.57,0.3945
680.59,0.4238
680.61,0.4567
680.62,0.4746
680.64,0.5137
680.66,0.5575
680.67,0.5814
680.69,0.6334
680.7,0.6616
680.72,0.723
680.74,0.7914
680.75,0.8284
680.77,0.9085
680.79,0.9971
680.8,1.045
680.82,1.147
680.84,1.26
680.85,1.32
680.87,1.449
680.89,1.59
680.9,1.665
680.92,1.824
680.94,1.996
680.95,2.087
680.97,2.279
680.99,2.485
681.0,2.593
681.02,2.821
681.04,3.063
681.05,3.189
681.07,3.453
681.08,3.591
681.1,3.876
681.12,4.175
681.13,4.33
681.15,4.648
681.17,4.979
681.18,5.149
681.2,5.495
681.22,5.851
681.23,6.032
681.25,6.398
681.27,6.769
681.28,6.955
681.3,7.329
681.32,7.702
681.33,7.887
681.35,8.253
681.37,8.612
681.38,8.787
681.4,9.129
681.42,9.457
681.43,9.614
681.45,9.914
681.46,10.06
681.48,10.32
681.5,10.57
681.51,10.68
681.53,10.88
681.55,11.05
681.56,11.12
681.58,11.25
681.6,11.34
681.61,11.37
681.63,11.41
681.65,11.42
681.66,11.42
681.68,11.38
681.7,11.31
681.71,11.26
681.73,11.15
681.75,11.01
681.76,10.93
681.78,10.76
681.79,10.67
681.81,10.47
681.83,10.25
681.84,10.14
681.86,9.905
681.88,9.665
681.89,9.544
681.91,9.3
681.93,9.056
681.94,8.935
681.96,8.698
681.98,8.469
681.99,8.358
682.01,8.144
682.03,7.943
682.04,7.848
682.06,7.669
682.08,7.507
682.09,7.432
682.11,7.296
682.13,7.177
682.14,7.124
682.16,7.032
682.17,6.993
682.19,6.926
682.21,6.875
682.22,6.856
682.24,6.826
682.26,6.81
682.27,6.806
682.29,6.805
682.31,6.813
682.32,6.82
682.34,6.837
682.36,6.859
682.37,6.871
682.39,6.895
682.41,6.92
682.42,6.932
682.44,6.955
682.46,6.975
682.47,6.984
682.49,6.999
682.51,7.011
682.52,7.015
682.54,7.021
682.55,7.023
682.57,7.024
682.59,7.024
682.6,7.023
682.62,7.022
682.64,7.023
682.65,7.025
682.67,7.032
682.69,7.045
682.7,7.055
682.72,7.082
682.74,7.121
682.75,7.146
682.77,7.207
682.79,7.285
682.8,7.331
682.82,7.438
682.84,7.567
682.85,7.639
682.87,7.802
682.89,7.989
682.9,8.092
682.92,8.316
682.93,8.437
682.95,8.697
682.97,8.982
682.98,9.132
683.0,9.45
683.02,9.788
683.03,9.964
683.05,10.33
683.07,10.71
683.08,10.9
683.1,11.3
683.12,11.7
683.13,11.9
683.15,12.31
683.17,12.72
683.18,12.92
683.2,13.32
683.22,13.71
683.23,13.9
683.25,14.26
683.26,14.44
683.28,14.78
683.3,15.09
683.31,15.24
683.33,15.52
683.35,15.77
683.36,15.88
683.38,16.08
683.4,16.26
683.41,16.33
683.43,16.46
683.45,16.55
683.46,16.58
683.48,16.63
683.5,16.65
683.51,16.65
683.53,16.62
683.55,16.57
683.56,16.53
683.58,16.44
683.6,16.33
683.61,16.27
683.63,16.14
683.64,16.06
683.66,15.9
683.68,15.73
683.69,15.64
683.71,15.45
683.73,15.25
683.74,15.15
683.76,14.95
683.78,14.74
683.79,14.63
683.81,14.42
683.83,14.21
683.84,14.1
683.86,13.89
683.88,13.68
683.89,13.57
683.91,13.37
683.93,13.17
683.94,13.07
683.96,12.87
683.98,12.69
683.99,12.6
684.01,12.42
684.02,12.34
684.04,12.18
684.06,12.03
684.07,11.95
684.09,11.82
684.11,11.7
684.12,11.65
684.14,11.55
684.16,11.46
684.17,11.42
684.19,11.36
684.21,11.31
684.22,11.3
684.24,11.27
684.26,11.27
684.27,11.27
684.29,11.29
684.31,11.32
684.32,11.34
684.34,11.39
684.36,11.46
684.37,11.49
684.39,11.58
684.4,11.62
684.42,11.71
684.44,11.81
684.45,11.86
684.47,11.96
684.49,12.06
684.5,12.11
684.52,12.21
684.54,12.3
684.55,12.34
684.57,12.42
684.59,12.48
684.6,12.51
684.62,12.55
684.64,12.57
684.65,12.57
684.67,12.56
684.69,12.53
684.7,12.5
684.72,12.43
684.73,12.38
684.75,12.27
684.77,12.13
684.78,12.05
684.8,11.87
684.82,11.66
684.83,11.54
684.85,11.29
684.87,11.02
684.88,10.87
684.9,10.57
684.92,10.24
684.93,10.07
684.95,9.716
684.97,9.349
684.98,9.162
685.0,8.782
685.02,8.397
685.03,8.203
685.05,7.816
685.07,7.432
685.08,7.243
685.1,6.87
685.11,6.688
685.13,6.334
685.15,5.995
685.16,5.833
685.18,5.523
685.2,5.236
685.21,5.101
685.23,4.85
685.25,4.626
685.26,4.524
685.28,4.341
685.3,4.187
685.31,4.12
685.33,4.009
685.35,3.926
685.36,3.895
685.38,3.853
685.4,3.838
685.41,3.84
685.43,3.861
685.45,3.906
685.46,3.935
685.48,4.01
685.49,4.053
685.51,4.153
685.53,4.267
685.54,4.328
685.56,4.458
685.58,4.596
685.59,4.668
685.61,4.813
685.63,4.961
685.64,5.035
685.66,5.182
685.68,5.325
685.69,5.394
685.71,5.529
685.73,5.655
685.74,5.715
685.76,5.826
685.78,5.926
685.79,5.972
685.81,6.053
685.83,6.12
685.84,6.148
685.86,6.195
685.87,6.212
685.89,6.237
685.91,6.248
685.92,6.249
685.94,6.239
685.96,6.217
685.97,6.202
685.99,6.162
686.01,6.112
686.02,6.083
686.04,6.02
686.06,5.948
686.07,5.91
686.09,5.83
686.11,5.745
686.12,5.701
686.14,5.611
686.16,5.519
686.17,5.473
686.19,5.381
686.2,5.334
686.22,5.243
686.24,5.153
686.25,5.109
686.27,5.022
686.29,4.938
686.3,4.897
686.32,4.817
686.34,4.739
686.35,4.702
686.37,4.628
686.39,4.557
686.4,4.523
686.42,4.455
686.44,4.388
686.45,4.355
686.47,4.291
686.49,4.226
686.5,4.194
686.52,4.13
686.54,4.066
686.55,4.034
686.57,3.97
686.58,3.937
686.6,3.872
686.62,3.807
686.63,3.774
686.65,3.709
686.67,3.644
686.68,3.611
686.7,3.548
686.72,3.485
686.73,3.455
686.75,3.395
686.77,3.339
686.78,3.312
686.8,3.26
686.82,3.212
686.83,3.19
686.85,3.149
686.87,3.113
686.88,3.097
686.9,3.069
686.92,3.046
686.93,3.036
686.95,3.02
686.96,3.014
686.98,3.005
687.0,2.999
687.01,2.998
687.03,2.998
687.05,2.999
687.06,3.001
687.08,3.004
687.1,3.007
687.11,3.009
687.13,3.01
687.15,3.01
687.16,3.008
687.18,3.002
687.2,2.991
687.21,2.984
687.23,2.965
687.25,2.939
687.26,2.924
687.28,2.888
687.3,2.844
687.31,2.82
687.33,2.766
687.34,2.735
687.36,2.67
687.38,2.597
687.39,2.558
687.41,2.476
687.43,2.387
687.44,2.341
687.46,2.245
687.48,2.145
687.49,2.094
687.51,1.99
687.53,1.884
687.54,1.83
687.56,1.723
687.58,1.616
687.59,1.562
687.61,1.457
687.63,1.355
687.64,1.305
687.66,1.207
687.68,1.113
687.69,1.068
687.71,0.9814
687.72,0.94
687.74,0.8613
687.76,0.7884
687.77,0.7541
687.79,0.6902
687.81,0.6324
687.82,0.6058
687.84,0.5573
687.86,0.515
687.87,0.4961
687.89,0.4629
687.91,0.4355
687.92,0.424
687.94,0.405
687.96,0.3914
687.97,0.3865
687.99,0.3804
688.01,0.3789
688.02,0.3798
688.04,0.3847
688.05,0.3886
688.07,0.3992
688.09,0.4132
688.1,0.4214
688.12,0.4399
688.14,0.461
688.15,0.4724
688.17,0.4968
688.19,0.523
688.2,0.5366
688.22,0.5649
688.24,0.5942
688.25,0.6091
688.27,0.6393
688.29,0.6697
688.3,0.685
688.32,0.7153
688.34,0.7452
688.35,0.7599
688.37,0.7886
688.39,0.8163
688.4,0.8296
688.42,0.8552
688.43,0.8674
688.45,0.8904
688.47,0.9115
688.48,0.9213
688.5,0.9391
688.52,0.9546
688.53,0.9614
688.55,0.9731
688.57,0.9821
688.58,0.9856
688.6,0.9904
688.62,0.9924
688.63,0.9923
688.65,0.9899
688.67,0.9846
688.68,0.9809
688.7,0.9713
688.72,0.9589
688.73,0.9516
688.75,0.9352
688.77,0.9162
688.78,0.9057
688.8,0.8831
688.81,0.871
688.83,0.8452
688.85,0.8174
688.86,0.8029
688.88,0.7727
688.9,0.7411
688.91,0.7249
688.93,0.6918
688.95,0.6578
688.96,0.6406
688.98,0.606
689.0,0.5712
689.01,0.5538
689.03,0.5191
689.05,0.4849
689.06,0.468
689.08,0.4347
689.1,0.4022
689.11,0.3864
689.13,0.3555
689.15,0.3259
689.16,0.3115
689.18,0.2839
689.19,0.2706
689.21,0.2452
689.23,0.2213
689.24,0.2099
689.26,0.1884
689.28,0.1684
689.29,0.159
689.31,0.1413
689.33,0.1252
689.34,0.1177
689.36,0.1038
689.38,0.09136
689.39,0.08565
689.41,0.07525
689.43,0.06619
689.44,0.06214
689.46,0.05502
689.48,0.04918
689.49,0.04675
689.51,0.04286
689.52,0.04142
689.54,0.03961
689.56,0.0393
689.57,0.03975
689.59,0.042
689.61,0.04624
689.62,0.0492
689.64,0.05702
689.66,0.06776
689.67,0.07438
689.69,0.09054
689.71,0.1112
689.72,0.1234
689.74,0.1525
689.76,0.1884
689.77,0.2094
689.79,0.2583
689.81,0.3178
689.82,0.3521
689.84,0.4311
689.86,0.5259
689.87,0.5801
689.89,0.7035
689.9,0.7736
689.92,0.9325
689.94,1.119
689.95,1.225
689.97,1.461
689.99,1.735
690.0,1.888
690.02,2.229
690.04,2.62
690.05,2.836
690.07,3.312
690.09,3.852
690.1,4.147
690.12,4.793
690.14,5.515
690.15,5.907
690.17,6.755
690.19,7.691
690.2,8.194
690.22,9.271
690.24,10.45
690.25,11.07
690.27,12.39
690.28,13.09
690.3,14.56
690.32,16.13
690.33,16.95
690.35,18.66
690.37,20.46
690.38,21.39
690.4,23.3
690.42,25.27
690.43,26.28
690.45,28.33
690.47,30.41
690.48,31.46
690.5,33.56
690.52,35.66
690.53,36.69
690.55,38.74
690.57,40.74
690.58,41.71
690.6,43.58
690.62,45.36
690.63,46.21
690.65,47.8
690.66,48.54
690.68,49.91
690.7,51.12
690.71,51.65
690.73,52.58
690.75,53.32
690.76,53.62
690.78,54.06
690.8,54.29
690.81,54.33
690.83,54.26
690.85,53.99
690.86,53.78
690.88,53.22
690.9,52.48
690.91,52.04
690.93,51.05
690.95,49.9
690.96,49.28
690.98,47.94
690.99,47.22
691.01,45.72
691.03,44.13
691.04,43.31
691.06,41.62
691.08,39.89
691.09,39.02
691.11,37.25
691.13,35.47
691.14,34.58
691.16,32.82
691.18,31.08
691.19,30.22
691.21,28.53
691.23,26.89
691.24,26.08
691.26,24.52
691.28,23.01
691.29,22.28
691.31,20.87
691.33,19.52
691.34,18.87
691.36,17.62
691.37,17.02
691.39,15.87
691.41,14.79
691.42,14.27
691.44,13.28
691.46,12.35
691.47,11.91
691.49,11.07
691.51,10.29
691.52,9.923
691.54,9.227
691.56,8.585
691.57,8.284
691.59,7.72
691.61,7.207
691.62,6.969
691.64,6.53
691.66,6.138
691.67,5.96
691.69,5.637
691.71,5.36
691.72,5.238
691.74,5.026
691.75,4.936
691.77,4.786
691.79,4.676
691.8,4.635
691.82,4.581
691.84,4.563
691.85,4.566
691.87,4.597
691.89,4.657
691.9,4.698
691.92,4.798
691.94,4.922
691.95,4.991
691.97,5.144
691.99,5.313
692.0,5.402
692.02,5.588
692.04,5.781
692.05,5.88
692.07,6.079
692.09,6.277
692.1,6.375
692.12,6.567
692.13,6.66
692.15,6.839
692.17,7.006
692.18,7.084
692.2,7.228
692.22,7.354
692.23,7.41
692.25,7.507
692.27,7.582
692.28,7.612
692.3,7.653
692.32,7.672
692.33,7.673
692.35,7.657
692.37,7.619
692.38,7.592
692.4,7.522
692.42,7.432
692.43,7.38
692.45,7.262
692.46,7.197
692.48,7.056
692.5,6.902
692.51,6.82
692.53,6.65
692.55,6.471
692.56,6.379
692.58,6.192
692.6,6.001
692.61,5.905
692.63,5.713
692.65,5.521
692.66,5.426
692.68,5.239
692.7,5.057
692.71,4.967
692.73,4.793
692.75,4.625
692.76,4.544
692.78,4.387
692.8,4.238
692.81,4.166
692.83,4.028
692.84,3.962
692.86,3.836
692.88,3.718
692.89,3.661
692.91,3.553
692.93,3.452
692.94,3.404
692.96,3.312
692.98,3.226
692.99,3.185
693.01,3.108
693.03,3.036
693.04,3.002
693.06,2.937
693.08,2.879
693.09,2.851
693.11,2.801
693.13,2.756
693.14,2.737
693.16,2.702
693.18,2.675
693.19,2.665
693.21,2.651
693.22,2.647
693.24,2.648
693.26,2.661
693.27,2.672
693.29,2.705
693.31,2.753
693.32,2.783
693.34,2.856
693.36,2.949
693.37,3.003
693.39,3.128
693.41,3.276
693.42,3.36
693.44,3.546
693.46,3.76
693.47,3.878
693.49,4.135
693.51,4.422
693.52,4.577
693.54,4.911
693.56,5.277
693.57,5.471
693.59,5.883
693.6,6.101
693.62,6.558
693.64,7.043
693.65,7.295
693.67,7.819
693.69,8.364
693.7,8.643
693.72,9.215
693.74,9.799
693.75,10.09
693.77,10.69
693.79,11.28
693.8,11.57
693.82,12.16
693.84,12.72
693.85,13.0
693.87,13.53
693.89,14.04
693.9,14.28
693.92,14.72
693.94,15.13
693.95,15.31
693.97,15.64
693.98,15.78
694.0,16.02
694.02,16.2
694.03,16.26
694.05,16.34
694.07,16.35
694.08,16.34
694.1,16.25
694.12,16.1
694.13,15.99
694.15,15.74
694.17,15.43
694.18,15.26
694.2,14.86
694.22,14.42
694.23,14.18
694.25,13.67
694.27,13.12
694.28,12.83
694.3,12.24
694.31,11.93
694.33,11.31
694.35,10.68
694.36,10.35
694.38,9.711
694.4,9.069
694.41,8.75
694.43,8.12
694.45,7.504
694.46,7.202
694.48,6.613
694.5,6.048
694.51,5.774
694.53,5.248
694.55,4.75
694.56,4.512
694.58,4.059
694.6,3.638
694.61,3.439
694.63,3.065
694.65,2.722
694.66,2.562
694.68,2.264
694.69,2.126
694.71,1.872
694.73,1.645
694.74,1.541
694.76,1.352
694.78,1.187
694.79,1.113
694.81,0.9803
694.83,0.8671
694.84,0.8175
694.86,0.7309
694.88,0.6601
694.89,0.6303
694.91,0.5806
694.93,0.5433
694.94,0.5289
694.96,0.508
694.98,0.4964
694.99,0.4938
695.01,0.4945
695.03,0.5021
695.04,0.5082
695.06,0.5246
695.07,0.5346
695.09,0.5579
695.11,0.5849
695.12,0.5995
695.14,0.6306
695.16,0.6637
695.17,0.6808
695.19,0.7157
695.21,0.7509
695.22,0.7685
695.24,0.8033
695.26,0.8371
695.27,0.8535
695.29,0.8848
695.31,0.914
695.32,0.9277
695.34,0.9528
695.36,0.9748
695.37,0.9846
695.39,1.001
695.41,1.014
695.42,1.019
695.44,1.026
695.45,1.028
695.47,1.029
695.49,1.025
695.5,1.022
695.52,1.012
695.54,0.9991
695.55,0.9911
695.57,0.9725
695.59,0.9508
695.6,0.9389
695.62,0.9131
695.64,0.8852
695.65,0.8705
695.67,0.8401
695.69,0.8087
695.7,0.7927
695.72,0.7606
695.74,0.7286
695.75,0.7128
695.77,0.682
695.78,0.667
695.8,0.6383
695.82,0.6116
695.83,0.5991
695.85,0.5761
695.87,0.556
695.88,0.5471
695.9,0.5318
695.92,0.5201
695.93,0.5156
695.95,0.5094
695.97,0.5071
695.98,0.5074
696.0,0.511
696.02,0.5184
696.03,0.5235
696.05,0.5365
696.07,0.553
696.08,0.5625
696.1,0.5839
696.12,0.6081
696.13,0.6211
696.15,0.649
696.16,0.6637
696.18,0.6943
696.2,0.7262
696.21,0.7425
696.23,0.7755
696.25,0.8086
696.26,0.8251
696.28,0.8574
696.3,0.8887
696.31,0.9037
696.33,0.9324
696.35,0.9589
696.36,0.9711
696.38,0.9934
696.4,1.013
696.41,1.021
696.43,1.035
696.45,1.045
696.46,1.048
696.48,1.052
696.5,1.052
696.51,1.05
696.53,1.044
696.54,1.039
696.56,1.027
696.58,1.011
696.59,1.002
696.61,0.9811
696.63,0.9576
696.64,0.9449
696.66,0.9182
696.68,0.89
696.69,0.8755
696.71,0.8463
696.73,0.8174
696.74,0.8032
696.76,0.7762
696.78,0.7516
696.79,0.7405
696.81,0.7214
696.83,0.7073
696.84,0.7026
696.86,0.6986
696.88,0.7029
696.89,0.7086
696.91,0.7283
696.92,0.7427
696.94,0.7817
696.96,0.8359
696.97,0.8693
696.99,0.9503
697.01,1.052
697.02,1.111
697.04,1.249
697.06,1.413
697.07,1.507
697.09,1.717
697.11,1.962
697.12,2.098
697.14,2.4
697.16,2.744
697.17,2.933
697.19,3.345
697.21,3.806
697.22,4.055
697.24,4.594
697.25,4.884
697.27,5.506
697.29,6.184
697.3,6.544
697.32,7.309
697.34,8.131
697.35,8.563
697.37,9.469
697.39,10.43
697.4,10.93
697.42,11.96
697.44,13.04
697.45,13.59
697.47,14.72
697.49,15.88
697.5,16.47
697.52,17.65
697.54,18.84
697.55,19.44
697.57,20.62
697.59,21.78
697.6,22.34
697.62,23.45
697.63,23.99
697.65,25.02
697.67,25.99
697.68,26.44
697.7,27.29
697.72,28.05
697.73,28.39
697.75,28.99
697.77,29.48
697.78,29.68
697.8,29.99
697.82,30.18
697.83,30.23
697.85,30.23
697.87,30.1
697.88,29.98
697.9,29.67
697.92,29.23
697.93,28.97
697.95,28.36
697.97,27.65
697.98,27.26
698.0,26.41
698.01,25.95
698.03,24.98
698.05,23.95
698.06,23.42
698.08,22.31
698.1,21.16
698.11,20.58
698.13,19.4
698.15,18.21
698.16,17.62
698.18,16.44
698.2,15.28
698.21,14.7
698.23,13.58
698.25,12.49
698.26,11.96
698.28,10.93
698.3,9.956
698.31,9.487
698.33,8.59
698.35,7.75
698.36,7.351
698.38,6.597
698.39,6.241
698.41,5.574
698.43,4.963
698.44,4.679
698.46,4.151
698.48,3.675
698.49,3.455
698.51,3.053
698.53,2.696
698.54,2.533
698.56,2.239
698.58,1.981
698.59,1.866
698.61,1.658
698.63,1.481
698.64,1.402
698.66,1.263
698.68,1.145
698.69,1.094
698.71,1.005
698.72,0.9657
698.74,0.8987
698.76,0.8438
698.77,0.8203
698.79,0.7799
698.81,0.7471
698.82,0.7331
698.84,0.7088
698.86,0.6887
698.87,0.6798
698.89,0.6638
698.91,0.6495
698.92,0.6427
698.94,0.6295
698.96,0.6165
698.97,0.6099
698.99,0.5963
699.01,0.5819
699.02,0.5744
699.04,0.5586
699.06,0.5418
699.07,0.533
699.09,0.5146
699.1,0.505
699.12,0.4851
699.14,0.4645
699.15,0.4539
699.17,0.4324
699.19,0.4105
699.2,0.3996
699.22,0.3776
699.24,0.3559
699.25,0.3453
699.27,0.3244
699.29,0.3046
699.3,0.2951
699.32,0.2772
699.34,0.2611
699.35,0.2538
699.37,0.241
699.39,0.231
699.4,0.2272
699.42,0.2224
699.44,0.2217
699.45,0.2232
699.47,0.2303
699.48,0.2361
699.5,0.2529
699.52,0.2776
699.53,0.2933
699.55,0.3324
699.57,0.3832
699.58,0.4136
699.6,0.4856
699.62,0.5746
699.63,0.6263
699.65,0.7461
699.67,0.8905
699.68,0.973
699.7,1.161
699.72,1.384
699.73,1.509
699.75,1.793
699.77,2.124
699.78,2.309
699.8,2.722
699.82,3.198
699.83,3.462
699.85,4.045
699.86,4.367
699.88,5.075
699.9,5.876
699.91,6.314
699.93,7.27
699.95,8.339
699.96,8.918
699.98,10.17
700.0,11.56
700.01,12.3
700.03,13.9
700.05,15.64
700.06,16.57
700.08,18.55
700.1,20.68
700.11,21.81
700.13,24.18
700.15,26.71
700.16,28.04
700.18,30.8
700.2,33.72
700.21,35.23
700.23,38.34
700.24,39.95
700.26,43.25
700.28,46.64
700.29,48.38
700.31,51.89
700.33,55.46
700.34,57.26
700.36,60.86
700.38,64.46
700.39,66.25
700.41,69.79
700.43,73.25
700.44,74.94
700.46,78.23
700.48,81.38
700.49,82.88
700.51,85.75
700.53,88.39
700.54,89.62
700.56,91.89
700.57,92.92
700.59,94.76
700.61,96.28
700.62,96.93
700.64,97.96
700.66,98.64
700.67,98.85
700.69,99.01
700.71,98.81
700.72,98.57
700.74,97.84
700.76,96.76
700.77,96.1
700.79,94.52
700.81,92.64
700.82,91.59
700.84,89.28
700.86,86.71
700.87,85.33
700.89,82.43
700.91,79.33
700.92,77.72
700.94,74.4
700.95,72.69
700.97,69.21
700.99,65.66
701.0,63.86
701.02,60.26
701.04,56.66
701.05,54.87
701.07,51.33
701.09,47.85
701.1,46.14
701.12,42.8
701.14,39.57
701.15,38.01
701.17,34.99
701.19,32.12
701.2,30.74
701.22,28.11
701.24,25.66
701.25,24.5
701.27,22.31
701.29,20.3
701.3,19.36
701.32,17.62
701.33,16.81
701.35,15.33
701.37,14.01
701.38,13.42
701.4,12.35
701.42,11.43
701.43,11.02
701.45,10.32
701.47,9.749
701.48,9.513
701.5,9.132
701.52,8.867
701.53,8.775
701.55,8.67
701.57,8.662
701.58,8.693
701.6,8.82
701.62,9.03
701.63,9.164
701.65,9.488
701.67,9.881
701.68,10.1
701.7,10.59
701.71,10.86
701.73,11.44
701.75,12.07
701.76,12.41
701.78,13.12
701.8,13.88
701.81,14.28
701.83,15.1
701.85,15.97
701.86,16.41
701.88,17.34
701.9,18.29
701.91,18.78
701.93,19.77
701.95,20.79
701.96,21.31
701.98,22.35
702.0,23.4
702.01,23.92
702.03,24.97
702.04,25.49
702.06,26.52
702.08,27.53
702.09,28.02
702.11,28.98
702.13,29.89
702.14,30.33
702.16,31.16
702.18,31.92
702.19,32.28
702.21,32.92
702.23,33.48
702.24,33.73
702.26,34.14
702.28,34.45
702.29,34.56
702.31,34.71
702.33,34.73
702.34,34.7
702.36,34.56
702.38,34.29
702.39,34.11
702.41,33.67
702.42,33.41
702.44,32.8
702.46,32.1
702.47,31.7
702.49,30.85
702.51,29.91
702.52,29.41
702.54,28.36
702.56,27.25
702.57,26.68
702.59,25.49
702.61,24.27
702.62,23.64
702.64,22.38
702.66,21.12
702.67,20.48
702.69,19.21
702.71,17.96
702.72,17.34
702.74,16.12
702.76,14.93
702.77,14.35
702.79,13.22
702.8,12.67
702.82,11.61
702.84,10.6
702.85,10.12
702.87,9.189
702.89,8.319
702.9,7.906
702.92,7.122
702.94,6.397
702.95,6.055
702.97,5.415
702.99,4.829
703.0,4.556
703.02,4.049
703.04,3.593
703.05,3.382
703.07,2.996
703.09,2.654
703.1,2.498
703.12,2.217
703.14,1.973
703.15,1.864
703.17,1.672
703.18,1.588
703.2,1.443
703.22,1.327
703.23,1.279
703.25,1.203
703.27,1.152
703.28,1.135
703.3,1.121
703.32,1.129
703.33,1.142
703.35,1.186
703.37,1.254
703.38,1.297
703.4,1.403
703.42,1.535
703.43,1.612
703.45,1.789
703.47,1.999
703.48,2.117
703.5,2.383
703.51,2.531
703.53,2.862
703.55,3.242
703.56,3.452
703.58,3.917
703.6,4.444
703.61,4.734
703.63,5.37
703.65,6.087
703.66,6.478
703.68,7.33
703.7,8.282
703.71,8.798
703.73,9.914
703.75,11.15
703.76,11.81
703.78,13.24
703.8,14.8
703.81,15.63
703.83,17.4
703.85,19.32
703.86,20.34
703.88,22.48
703.89,23.6
703.91,25.97
703.93,28.47
703.94,29.78
703.96,32.48
703.98,35.32
703.99,36.78
704.01,39.77
704.03,42.86
704.04,44.43
704.06,47.62
704.08,50.86
704.09,52.48
704.11,55.73
704.13,58.95
704.14,60.55
704.16,63.7
704.18,66.75
704.19,68.23
704.21,71.09
704.23,73.79
704.24,75.07
704.26,77.46
704.27,78.58
704.29,80.62
704.31,82.39
704.32,83.17
704.34,84.5
704.36,85.52
704.37,85.91
704.39,86.45
704.41,86.65
704.42,86.62
704.44,86.32
704.46,85.68
704.47,85.24
704.49,84.12
704.51,82.69
704.52,81.87
704.54,80.02
704.56,77.91
704.57,76.76
704.59,74.31
704.61,71.66
704.62,70.27
704.64,67.38
704.65,65.89
704.67,62.82
704.69,59.67
704.7,58.08
704.72,54.86
704.74,51.63
704.75,50.02
704.77,46.82
704.79,43.67
704.8,42.12
704.82,39.09
704.84,36.15
704.85,34.72
704.87,31.96
704.89,29.34
704.9,28.08
704.92,25.68
704.94,23.43
704.95,22.37
704.97,20.37
704.98,19.44
705.0,17.69
705.02,16.12
705.03,15.4
705.05,14.08
705.07,12.94
705.08,12.43
705.1,11.54
705.12,10.81
705.13,10.51
705.15,10.03
705.17,9.712
705.18,9.61
705.2,9.523
705.22,9.588
705.23,9.677
705.25,9.964
705.27,10.4
705.28,10.67
705.3,11.31
705.32,12.08
705.33,12.52
705.35,13.49
705.36,14.03
705.38,15.18
705.4,16.45
705.41,17.12
705.43,18.54
705.45,20.06
705.46,20.85
705.48,22.48
705.5,24.18
705.51,25.05
705.53,26.83
705.55,28.64
705.56,29.55
705.58,31.38
705.6,33.2
705.61,34.11
705.63,35.89
705.65,37.62
705.66,38.46
705.68,40.09
705.7,41.62
705.71,42.35
705.73,43.73
705.74,44.37
705.76,45.55
705.78,46.58
705.79,47.04
705.81,47.84
705.83,48.48
705.84,48.74
705.86,49.12
705.88,49.33
705.89,49.37
705.91,49.33
705.93,49.12
705.94,48.96
705.96,48.52
705.98,47.94
705.99,47.6
706.01,46.83
706.03,45.94
706.04,45.46
706.06,44.44
706.08,43.34
706.09,42.77
706.11,41.59
706.12,40.98
706.14,39.75
706.16,38.51
706.17,37.89
706.19,36.65
706.21,35.42
706.22,34.82
706.24,33.64
706.26,32.5
706.27,31.95
706.29,30.88
706.31,29.86
706.32,29.37
706.34,28.43
706.36,27.54
706.37,27.11
706.39,26.3
706.41,25.54
706.42,25.17
706.44,24.46
706.46,23.8
706.47,23.47
706.49,22.85
706.5,22.54
706.52,21.95
706.54,21.36
706.55,21.07
706.57,20.5
706.59,19.93
706.6,19.64
706.62,19.07
706.64,18.49
706.65,18.19
706.67,17.6
706.69,16.99
706.7,16.68
706.72,16.06
706.74,15.43
706.75,15.12
706.77,14.47
706.79,13.83
706.8,13.5
706.82,12.85
706.83,12.53
706.85,11.88
706.87,11.24
706.88,10.92
706.9,10.29
706.92,9.677
706.93,9.374
706.95,8.78
706.97,8.204
706.98,7.924
707.0,7.378
707.02,6.854
707.03,6.601
707.05,6.112
707.07,5.647
707.08,5.424
707.1,4.996
707.12,4.594
707.13,4.401
707.15,4.035
707.17,3.693
707.18,3.531
707.2,3.224
707.21,3.078
707.23,2.804
707.25,2.55
707.26,2.43
707.28,2.206
707.3,2.0
707.31,1.904
707.33,1.723
707.35,1.56
707.36,1.484
707.38,1.343
707.4,1.216
707.41,1.159
707.43,1.053
707.45,0.9613
707.46,0.9205
707.48,0.8489
707.5,0.791
707.51,0.7673
707.53,0.7307
707.55,0.7092
707.56,0.7044
707.58,0.7074
707.59,0.7156
707.61,0.7465
707.63,0.7984
707.64,0.8329
707.66,0.9206
707.68,1.036
707.69,1.105
707.71,1.268
707.73,1.468
707.74,1.583
707.76,1.846
707.78,2.159
707.79,2.335
707.81,2.732
707.83,3.193
707.84,3.449
707.86,4.019
707.88,4.669
707.89,5.028
707.91,5.814
707.93,6.7
707.94,7.183
707.96,8.233
707.97,8.801
707.99,10.03
708.01,11.39
708.02,12.11
708.04,13.67
708.06,15.37
708.07,16.27
708.09,18.17
708.11,20.23
708.12,21.3
708.14,23.57
708.16,25.96
708.17,27.21
708.19,29.8
708.21,32.5
708.22,33.89
708.24,36.74
708.26,39.67
708.27,41.15
708.29,44.17
708.3,45.68
708.32,48.73
708.34,51.77
708.35,53.29
708.37,56.27
708.39,59.18
708.4,60.6
708.42,63.36
708.44,65.97
708.45,67.21
708.47,69.56
708.49,71.7
708.5,72.69
708.52,74.47
708.54,76.0
708.55,76.66
708.57,77.76
708.59,78.56
708.6,78.84
708.62,79.17
708.64,79.19
708.65,79.08
708.67,78.63
708.68,78.28
708.7,77.37
708.72,76.16
708.73,75.45
708.75,73.83
708.77,71.97
708.78,70.94
708.8,68.74
708.82,66.35
708.83,65.09
708.85,62.46
708.87,59.7
708.88,58.28
708.9,55.39
708.92,52.44
708.93,50.95
708.95,47.96
708.97,44.98
708.98,43.5
709.0,40.57
709.02,37.71
709.03,36.3
709.05,33.56
709.06,32.22
709.08,29.63
709.1,27.16
709.11,25.97
709.13,23.68
709.15,21.53
709.16,20.5
709.18,18.56
709.2,16.75
709.21,15.89
709.23,14.29
709.25,12.81
709.26,12.12
709.28,10.83
709.3,9.655
709.31,9.111
709.33,8.102
709.35,7.194
709.36,6.776
709.38,6.005
709.4,5.317
709.41,5.001
709.43,4.424
709.44,4.16
709.46,3.678
709.48,3.251
709.49,3.057
709.51,2.704
709.53,2.392
709.54,2.251
709.56,1.993
709.58,1.766
709.59,1.663
709.61,1.476
709.63,1.311
709.64,1.236
709.66,1.099
709.68,0.9786
709.69,0.9235
709.71,0.823
709.73,0.7339
709.74,0.6932
709.76,0.6187
709.77,0.5846
709.79,0.5222
709.81,0.4667
709.82,0.4413
709.84,0.3947
709.86,0.3534
709.87,0.3345
709.89,0.3001
709.91,0.2698
709.92,0.256
709.94,0.2313
709.96,0.2099
709.97,0.2004
709.99,0.1837
710.01,0.17
710.02,0.1642
710.04,0.1547
710.06,0.1479
710.07,0.1455
710.09,0.1427
710.11,0.1425
710.12,0.1434
710.14,0.1473
710.15,0.1502
710.17,0.1582
710.19,0.1689
710.2,0.1753
710.22,0.1903
710.24,0.2082
710.25,0.2183
710.27,0.2407
710.29,0.2662
710.3,0.2801
710.32,0.3102
710.34,0.3435
710.35,0.3614
710.37,0.3994
710.39,0.4404
710.4,0.4621
710.42,0.5076
710.44,0.5559
710.45,0.5811
710.47,0.6333
710.49,0.6877
710.5,0.7158
710.52,0.7732
710.53,0.8025
710.55,0.862
710.57,0.9225
710.58,0.9529
710.6,1.014
710.62,1.075
710.63,1.105
710.65,1.165
710.67,1.223
710.68,1.251
710.7,1.306
710.72,1.358
710.73,1.382
710.75,1.429
710.77,1.472
710.78,1.491
710.8,1.527
710.82,1.558
710.83,1.572
710.85,1.594
710.87,1.611
710.88,1.618
710.9,1.626
710.91,1.628
710.93,1.628
710.95,1.622
710.96,1.616
710.98,1.602
711.0,1.582
711.01,1.57
711.03,1.543
711.05,1.512
711.06,1.494
711.08,1.457
711.1,1.417
711.11,1.395
711.13,1.351
711.15,1.304
711.16,1.28
711.18,1.231
711.2,1.182
711.21,1.157
711.23,1.106
711.24,1.081
711.26,1.032
711.28,0.9829
711.29,0.9588
711.31,0.9116
711.33,0.8657
711.34,0.8433
711.36,0.7999
711.38,0.7581
711.39,0.738
711.41,0.6991
711.43,0.662
711.44,0.6442
711.46,0.61
711.48,0.5775
711.49,0.5619
711.51,0.5321
711.53,0.5038
711.54,0.4902
711.56,0.4641
711.58,0.4394
711.59,0.4275
711.61,0.4046
711.62,0.3935
711.64,0.3722
711.66,0.3518
711.67,0.3419
711.69,0.3228
711.71,0.3045
711.72,0.2957
711.74,0.2785
711.76,0.2621
711.77,0.2541
711.79,0.2388
711.81,0.2242
711.82,0.2171
711.84,0.2037
711.86,0.191
711.87,0.185
711.89,0.1737
711.91,0.1633
711.92,0.1584
711.94,0.1496
711.96,0.1418
711.97,0.1384
711.99,0.1325
712.0,0.13
712.02,0.1261
712.04,0.1237
712.05,0.123
712.07,0.1229
712.09,0.1245
712.1,0.1259
712.12,0.1302
712.14,0.1364
712.15,0.1402
712.17,0.1495
712.19,0.161
712.2,0.1676
712.22,0.1826
712.24,0.2001
712.25,0.2097
712.27,0.2311
712.29,0.2552
712.3,0.2683
712.32,0.2968
712.34,0.3283
712.35,0.3452
712.37,0.3814
712.38,0.4007
712.4,0.4419
712.42,0.4865
712.43,0.5102
712.45,0.5602
712.47,0.6138
712.48,0.6421
712.5,0.7014
712.52,0.7646
712.53,0.7977
712.55,0.8668
712.57,0.94
712.58,0.9781
712.6,1.057
712.62,1.141
712.63,1.184
712.65,1.274
712.67,1.367
712.68,1.416
712.7,1.515
712.72,1.619
712.73,1.672
712.75,1.782
712.76,1.838
712.78,1.952
712.8,2.07
712.81,2.13
712.83,2.253
712.85,2.378
712.86,2.441
712.88,2.569
712.9,2.698
712.91,2.763
712.93,2.893
712.95,3.023
712.96,3.088
712.98,3.217
713.0,3.344
713.01,3.406
713.03,3.529
713.05,3.648
713.06,3.706
713.08,3.818
713.09,3.872
713.11,3.975
713.13,4.072
713.14,4.117
713.16,4.202
713.18,4.279
713.19,4.315
713.21,4.379
713.23,4.434
713.24,4.458
713.26,4.5
713.28,4.533
713.29,4.546
713.31,4.567
713.33,4.58
713.34,4.584
713.36,4.587
713.38,4.587
713.39,4.585
713.41,4.58
713.43,4.574
713.44,4.572
713.46,4.57
713.47,4.571
713.49,4.578
713.51,4.595
713.52,4.608
713.54,4.646
713.56,4.702
713.57,4.737
713.59,4.827
713.61,4.944
713.62,5.014
713.64,5.181
713.66,5.385
713.67,5.502
713.69,5.772
713.71,6.089
713.72,6.268
713.74,6.666
713.76,7.123
713.77,7.374
713.79,7.925
713.81,8.544
713.82,8.878
713.84,9.601
713.85,9.99
713.87,10.82
713.89,11.73
713.9,12.21
713.92,13.22
713.94,14.31
713.95,14.88
713.97,16.06
713.99,17.31
714.0,17.96
714.02,19.3
714.04,20.68
714.05,21.39
714.07,22.83
714.09,24.3
714.1,25.04
714.12,26.53
714.14,28.02
714.15,28.76
714.17,30.22
714.19,31.65
714.2,32.35
714.22,33.71
714.23,34.37
714.25,35.63
714.27,36.8
714.28,37.35
714.3,38.38
714.32,39.29
714.33,39.7
714.35,40.42
714.37,41.01
714.38,41.24
714.4,41.61
714.42,41.83
714.43,41.88
714.45,41.87
714.47,41.71
714.48,41.57
714.5,41.17
714.52,40.63
714.53,40.31
714.55,39.55
714.56,39.13
714.58,38.18
714.6,37.12
714.61,36.55
714.63,35.34
714.65,34.04
714.66,33.36
714.68,31.95
714.7,30.49
714.71,29.74
714.73,28.21
714.75,26.67
714.76,25.89
714.78,24.33
714.8,22.78
714.81,22.02
714.83,20.5
714.85,19.01
714.86,18.28
714.88,16.86
714.9,15.49
714.91,14.83
714.93,13.54
714.94,12.93
714.96,11.74
714.98,10.62
714.99,10.09
715.01,9.078
715.03,8.136
715.04,7.691
715.06,6.854
715.08,6.084
715.09,5.724
715.11,5.052
715.13,4.442
715.14,4.159
715.16,3.636
715.18,3.166
715.19,2.95
715.21,2.555
715.23,2.204
715.24,2.044
715.26,1.753
715.28,1.498
715.29,1.383
715.31,1.176
715.32,1.083
715.34,0.9157
715.36,0.7721
715.37,0.7082
715.39,0.5948
715.41,0.4985
715.42,0.4562
715.44,0.3819
715.46,0.3199
715.47,0.293
715.49,0.2467
715.51,0.209
715.52,0.193
715.54,0.1663
715.56,0.1456
715.57,0.1373
715.59,0.1243
715.61,0.1156
715.62,0.1127
715.64,0.1095
715.66,0.1095
715.67,0.1105
715.69,0.1146
715.7,0.1176
715.72,0.1252
715.74,0.1349
715.75,0.1405
715.77,0.1531
715.79,0.1675
715.8,0.1753
715.82,0.1921
715.84,0.2104
715.85,0.22
715.87,0.2403
715.89,0.2618
715.9,0.273
715.92,0.2961
715.94,0.3201
715.95,0.3324
715.97,0.3575
715.99,0.3831
716.0,0.396
716.02,0.4221
716.03,0.4353
716.05,0.4615
716.07,0.4876
716.08,0.5006
716.1,0.5262
716.12,0.5514
716.13,0.5637
716.15,0.588
716.17,0.6115
716.18,0.623
716.2,0.6454
716.22,0.6671
716.23,0.6778
716.25,0.6987
716.27,0.7194
716.28,0.7297
716.3,0.7506
716.32,0.7721
716.33,0.7833
716.35,0.8069
716.37,0.8329
716.38,0.847
716.4,0.8781
716.41,0.8954
716.43,0.9342
716.45,0.9799
716.46,1.006
716.48,1.065
716.5,1.135
716.51,1.174
716.53,1.265
716.55,1.372
716.56,1.433
716.58,1.57
716.6,1.731
716.61,1.821
716.63,2.023
716.65,2.257
716.66,2.388
716.68,2.677
716.7,3.008
716.71,3.191
716.73,3.593
716.75,4.047
716.76,4.295
716.78,4.836
716.79,5.13
716.81,5.767
716.83,6.474
716.84,6.855
716.86,7.674
716.88,8.573
716.89,9.052
716.91,10.07
716.93,11.18
716.94,11.77
716.96,13.01
716.98,14.34
716.99,15.03
717.01,16.49
717.03,18.04
717.04,18.84
717.06,20.51
717.08,22.25
717.09,23.14
717.11,24.99
717.13,26.89
717.14,27.85
717.16,29.82
717.17,30.82
717.19,32.83
717.21,34.86
717.22,35.88
717.24,37.9
717.26,39.9
717.27,40.89
717.29,42.84
717.31,44.72
717.32,45.64
717.34,47.41
717.36,49.08
717.37,49.87
717.39,51.37
717.41,52.73
717.42,53.36
717.44,54.5
717.46,55.48
717.47,55.91
717.49,56.63
717.5,56.92
717.52,57.36
717.54,57.61
717.55,57.66
717.57,57.63
717.59,57.4
717.6,57.21
717.62,56.7
717.64,56.0
717.65,55.59
717.67,54.63
717.69,53.51
717.7,52.9
717.72,51.56
717.74,50.09
717.75,49.3
717.77,47.66
717.79,45.92
717.8,45.01
717.82,43.15
717.84,41.23
717.85,40.26
717.87,38.28
717.88,37.28
717.9,35.28
717.92,33.28
717.93,32.28
717.95,30.31
717.97,28.37
717.98,27.42
718.0,25.55
718.02,23.75
718.03,22.87
718.05,21.17
718.07,19.56
718.08,18.78
718.1,17.3
718.12,15.91
718.13,15.26
718.15,14.02
718.17,12.88
718.18,12.35
718.2,11.38
718.22,10.5
718.23,10.1
718.25,9.387
718.26,9.068
718.28,8.504
718.3,8.041
718.31,7.846
718.33,7.528
718.35,7.303
718.36,7.225
718.38,7.133
718.4,7.124
718.41,7.15
718.43,7.259
718.45,7.441
718.46,7.557
718.48,7.837
718.5,8.176
718.51,8.366
718.53,8.783
718.55,9.244
718.56,9.489
718.58,10.0
718.6,10.55
718.61,10.82
718.63,11.39
718.64,11.68
718.66,12.27
718.68,12.85
718.69,13.13
718.71,13.7
718.73,14.24
718.74,14.51
718.76,15.01
718.78,15.48
718.79,15.7
718.81,16.11
718.83,16.47
718.84,16.62
718.86,16.9
718.88,17.12
718.89,17.2
718.91,17.33
718.93,17.39
718.94,17.39
718.96,17.36
718.98,17.26
718.99,17.19
719.01,16.99
719.02,16.88
719.04,16.6
719.06,16.27
719.07,16.08
719.09,15.68
719.11,15.23
719.12,15.0
719.14,14.5
719.16,13.97
719.17,13.69
719.19,13.13
719.21,12.55
719.22,12.26
719.24,11.67
719.26,11.07
719.27,10.78
719.29,10.19
719.31,9.604
719.32,9.317
719.34,8.754
719.35,8.478
719.37,7.939
719.39,7.421
719.4,7.169
719.42,6.683
719.44,6.22
719.45,5.997
719.47,5.57
719.49,5.167
719.5,4.975
719.52,4.608
719.54,4.264
719.55,4.101
719.57,3.791
719.59,3.502
719.6,3.365
719.62,3.106
719.64,2.865
719.65,2.752
719.67,2.537
719.69,2.337
719.7,2.243
719.72,2.064
719.73,1.98
719.75,1.821
719.77,1.673
719.78,1.603
719.8,1.47
719.82,1.347
719.83,1.289
719.85,1.18
719.87,1.078
719.88,1.03
719.9,0.939
719.92,0.8552
719.93,0.8158
719.95,0.7418
719.97,0.6739
719.98,0.6422
720.0,0.5831
720.02,0.5295
720.03,0.5048
720.05,0.4593
720.07,0.4189
720.08,0.4006
720.1,0.3678
720.11,0.3532
720.13,0.3275
720.15,0.3065
720.16,0.2977
720.18,0.2835
720.2,0.2737
720.21,0.2704
720.23,0.267
720.25,0.2679
720.26,0.2698
720.28,0.2768
720.3,0.2877
720.31,0.2946
720.33,0.3113
720.35,0.3317
720.36,0.3432
720.38,0.3689
720.4,0.398
720.41,0.4137
720.43,0.4474
720.45,0.4841
720.46,0.5034
720.48,0.544
720.49,0.5651
720.51,0.609
720.53,0.6546
720.54,0.678
720.56,0.7257
720.58,0.7743
720.59,0.7988
720.61,0.848
720.63,0.897
720.64,0.9213
720.66,0.9692
720.68,1.016
720.69,1.038
720.71,1.082
720.73,1.124
720.74,1.143
720.76,1.18
720.78,1.214
720.79,1.229
720.81,1.257
720.82,1.269
720.84,1.291
720.86,1.308
720.87,1.314
720.89,1.325
720.91,1.33
720.92,1.332
720.94,1.331
720.96,1.327
720.97,1.323
720.99,1.313
721.01,1.301
721.02,1.294
721.04,1.279
721.06,1.263
721.07,1.256
721.09,1.241
721.11,1.229
721.12,1.224
721.14,1.218
721.16,1.218
721.17,1.221
721.19,1.235
721.2,1.246
721.22,1.277
721.24,1.324
721.25,1.354
721.27,1.43
721.29,1.528
721.3,1.587
721.32,1.726
721.34,1.898
721.35,1.997
721.37,2.225
721.39,2.495
721.4,2.648
721.42,2.993
721.44,3.393
721.45,3.615
721.47,4.108
721.49,4.67
721.5,4.979
721.52,5.653
721.54,6.41
721.55,6.821
721.57,7.71
721.58,8.189
721.6,9.22
721.62,10.35
721.63,10.95
721.65,12.24
721.67,13.63
721.68,14.36
721.7,15.91
721.72,17.57
721.73,18.43
721.75,20.24
721.77,22.15
721.78,23.13
721.8,25.17
721.82,27.29
721.83,28.38
721.85,30.6
721.87,32.87
721.88,34.02
721.9,36.35
721.92,38.7
721.93,39.88
721.95,42.22
721.96,43.39
721.98,45.7
722.0,47.96
722.01,49.06
722.03,51.22
722.05,53.28
722.06,54.27
722.08,56.17
722.1,57.94
722.11,58.77
722.13,60.31
722.15,61.69
722.16,62.32
722.18,63.44
722.2,64.37
722.21,64.77
722.23,65.43
722.25,65.89
722.26,66.05
722.28,66.24
722.29,66.26
722.31,66.17
722.33,65.91
722.34,65.72
722.36,65.22
722.38,64.57
722.39,64.2
722.41,63.36
722.43,62.4
722.44,61.89
722.46,60.8
722.48,59.63
722.49,59.02
722.51,57.77
722.53,56.49
722.54,55.83
722.56,54.52
722.58,53.19
722.59,52.53
722.61,51.22
722.63,49.92
722.64,49.28
722.66,48.03
722.67,47.41
722.69,46.21
722.71,45.04
722.72,44.47
722.74,43.36
722.76,42.28
722.77,41.75
722.79,40.72
722.81,39.72
722.82,39.23
722.84,38.27
722.86,37.32
722.87,36.85
722.89,35.91
722.91,34.98
722.92,34.52
722.94,33.58
722.96,32.64
722.97,32.16
722.99,31.2
723.01,30.22
723.02,29.73
723.04,28.72
723.05,28.21
723.07,27.17
723.09,26.12
723.1,25.59
723.12,24.51
723.14,23.42
723.15,22.86
723.17,21.76
723.19,20.65
723.2,20.09
723.22,18.98
723.24,17.88
723.25,17.33
723.27,16.25
723.29,15.18
723.3,14.66
723.32,13.63
723.34,12.63
723.35,12.14
723.37,11.19
723.39,10.28
723.4,9.843
723.42,8.995
723.43,8.588
723.45,7.806
723.47,7.07
723.48,6.719
723.5,6.053
723.52,5.433
723.53,5.141
723.55,4.59
723.57,4.083
723.58,3.846
723.6,3.404
723.62,3.003
723.63,2.816
723.65,2.472
723.67,2.163
723.68,2.021
723.7,1.76
723.72,1.53
723.73,1.425
723.75,1.234
723.76,1.147
723.78,0.9916
723.8,0.8563
723.81,0.7957
723.83,0.6874
723.85,0.5947
723.86,0.5537
723.88,0.4814
723.9,0.4207
723.91,0.3943
723.93,0.3485
723.95,0.3112
723.96,0.2954
723.98,0.2689
724.0,0.2487
724.01,0.2407
724.03,0.2287
724.05,0.2214
724.06,0.2195
724.08,0.2189
724.1,0.2226
724.11,0.2261
724.13,0.2362
724.14,0.2429
724.16,0.2598
724.18,0.2817
724.19,0.2946
724.21,0.3249
724.23,0.3615
724.24,0.3825
724.26,0.4303
724.28,0.4868
724.29,0.5186
724.31,0.5902
724.33,0.6735
724.34,0.7201
724.36,0.8238
724.38,0.9432
724.39,1.009
724.41,1.156
724.43,1.322
724.44,1.414
724.46,1.615
724.48,1.842
724.49,1.967
724.51,2.237
724.52,2.384
724.54,2.704
724.56,3.059
724.57,3.251
724.59,3.664
724.61,4.12
724.62,4.365
724.64,4.889
724.66,5.461
724.67,5.766
724.69,6.414
724.71,7.116
724.72,7.487
724.74,8.272
724.76,9.113
724.77,9.556
724.79,10.48
724.81,11.47
724.82,11.98
724.84,13.05
724.86,14.18
724.87,14.77
724.89,15.97
724.9,16.59
724.92,17.87
724.94,19.2
724.95,19.87
724.97,21.25
724.99,22.66
725.0,23.37
725.02,24.81
725.04,26.26
725.05,26.99
725.07,28.44
725.09,29.89
725.1,30.6
725.12,32.0
725.14,33.37
725.15,34.04
725.17,35.33
725.19,36.56
725.2,37.15
725.22,38.26
725.24,39.28
725.25,39.76
725.27,40.62
725.28,41.01
725.3,41.71
725.32,42.27
725.33,42.5
725.35,42.87
725.37,43.09
725.38,43.15
725.4,43.16
725.42,43.03
725.43,42.91
725.45,42.56
725.47,42.07
725.48,41.77
725.5,41.08
725.52,40.26
725.53,39.81
725.55,38.82
725.57,37.73
725.58,37.15
725.6,35.92
725.61,35.28
725.63,33.95
725.65,32.56
725.66,31.86
725.68,30.42
725.7,28.96
725.71,28.23
725.73,26.77
725.75,25.32
725.76,24.61
725.78,23.22
725.8,21.87
725.81,21.21
725.83,19.96
725.85,18.78
725.86,18.22
725.88,17.17
725.9,16.22
725.91,15.78
725.93,14.98
725.95,14.3
725.96,14.0
725.98,13.5
725.99,13.29
726.01,12.97
726.03,12.78
726.04,12.73
726.06,12.72
726.08,12.84
726.09,12.94
726.11,13.24
726.13,13.67
726.14,13.92
726.16,14.51
726.18,15.22
726.19,15.61
726.21,16.46
726.23,17.41
726.24,17.92
726.26,18.99
726.28,20.14
726.29,20.75
726.31,22.0
726.33,23.3
726.34,23.97
726.36,25.33
726.37,26.03
726.39,27.43
726.41,28.86
726.42,29.57
726.44,31.0
726.46,32.42
726.47,33.13
726.49,34.52
726.51,35.89
726.52,36.56
726.54,37.87
726.56,39.13
726.57,39.74
726.59,40.92
726.61,42.05
726.62,42.59
726.64,43.61
726.66,44.57
726.67,45.02
726.69,45.88
726.71,46.66
726.72,47.03
726.74,47.7
726.75,48.01
726.77,48.58
726.79,49.09
726.8,49.31
726.82,49.71
726.84,50.05
726.85,50.19
726.87,50.44
726.89,50.62
726.9,50.69
726.92,50.79
726.94,50.83
726.95,50.82
726.97,50.78
726.99,50.69
727.0,50.62
727.02,50.44
727.04,50.21
727.05,50.07
727.07,49.76
727.08,49.58
727.1,49.19
727.12,48.74
727.13,48.5
727.15,47.96
727.17,47.38
727.18,47.06
727.2,46.39
727.22,45.66
727.23,45.28
727.25,44.47
727.27,43.61
727.28,43.16
727.3,42.23
727.32,41.26
727.33,40.76
727.35,39.73
727.37,38.66
727.38,38.12
727.4,37.02
727.42,35.9
727.43,35.33
727.45,34.2
727.46,33.63
727.48,32.5
727.5,31.38
727.51,30.82
727.53,29.73
727.55,28.66
727.56,28.14
727.58,27.12
727.6,26.15
727.61,25.68
727.63,24.79
727.65,23.94
727.66,23.54
727.68,22.79
727.7,22.1
727.71,21.77
727.73,21.17
727.75,20.64
727.76,20.39
727.78,19.95
727.8,19.56
727.81,19.39
727.83,19.09
727.84,18.96
727.86,18.72
727.88,18.53
727.89,18.45
727.91,18.31
727.93,18.19
727.94,18.14
727.96,18.06
727.98,17.98
727.99,17.94
728.01,17.87
728.03,17.79
728.04,17.74
728.06,17.64
728.08,17.53
728.09,17.46
728.11,17.31
728.13,17.13
728.14,17.03
728.16,16.8
728.18,16.54
728.19,16.4
728.21,16.09
728.22,15.93
728.24,15.57
728.26,15.18
728.27,14.98
728.29,14.55
728.31,14.1
728.32,13.87
728.34,13.39
728.36,12.89
728.37,12.64
728.39,12.14
728.41,11.63
728.42,11.37
728.44,10.87
728.46,10.37
728.47,10.13
728.49,9.658
728.51,9.204
728.52,8.986
728.54,8.57
728.55,8.372
728.57,8.0
728.59,7.66
728.6,7.504
728.62,7.218
728.64,6.97
728.65,6.861
728.67,6.67
728.69,6.519
728.7,6.458
728.72,6.365
728.74,6.309
728.75,6.294
728.77,6.291
728.79,6.32
728.8,6.346
728.82,6.419
728.84,6.518
728.85,6.576
728.87,6.707
728.89,6.855
728.9,6.934
728.92,7.101
728.93,7.187
728.95,7.363
728.97,7.541
728.98,7.629
729.0,7.802
729.02,7.968
729.03,8.047
729.05,8.195
729.07,8.327
729.08,8.386
729.1,8.49
729.12,8.572
729.13,8.605
729.15,8.651
729.17,8.671
729.18,8.671
729.2,8.651
729.22,8.603
729.23,8.569
729.25,8.481
729.27,8.367
729.28,8.3
729.3,8.147
729.31,8.062
729.33,7.874
729.35,7.666
729.36,7.554
729.38,7.318
729.4,7.065
729.41,6.934
729.43,6.662
729.45,6.379
729.46,6.235
729.48,5.941
729.5,5.644
729.51,5.494
729.53,5.193
729.55,4.894
729.56,4.745
729.58,4.45
729.6,4.16
729.61,4.018
729.63,3.739
729.65,3.469
729.66,3.337
729.68,3.082
729.69,2.958
729.71,2.719
729.73,2.492
729.74,2.383
729.76,2.174
729.78,1.978
729.79,1.885
729.81,1.707
729.83,1.541
729.84,1.463
729.86,1.315
729.88,1.179
729.89,1.115
729.91,0.9955
729.93,0.886
729.94,0.8349
729.96,0.7399
729.98,0.6538
729.99,0.6139
730.01,0.5401
730.02,0.5061
730.04,0.4434
730.06,0.3874
730.07,0.3617
730.09,0.3147
730.11,0.2731
730.12,0.2541
730.14,0.2197
730.16,0.1894
730.17,0.1758
730.19,0.1511
730.21,0.1297
730.22,0.1201
730.24,0.1029
730.26,0.08819
730.27,0.08166
730.29,0.07011
730.31,0.06038
730.32,0.05613
730.34,0.04875
730.36,0.04272
730.37,0.04016
730.39,0.03586
730.4,0.0341
730.42,0.03126
730.44,0.02926
730.45,0.02855
730.47,0.02765
730.49,0.0274
730.5,0.0275
730.52,0.02813
730.54,0.02928
730.55,0.03005
730.57,0.03194
730.59,0.03429
730.6,0.03564
730.62,0.03866
730.64,0.04212
730.65,0.04401
730.67,0.04813
730.69,0.05269
730.7,0.05513
730.72,0.06037
730.74,0.06608
730.75,0.06911
730.77,0.07555
730.78,0.07896
730.8,0.08618
730.82,0.09394
730.83,0.09803
730.85,0.1066
730.87,0.1159
730.88,0.1207
730.9,0.1308
730.92,0.1416
730.93,0.1473
730.95,0.1591
730.97,0.1716
730.98,0.178
731.0,0.1916
731.02,0.2057
731.03,0.2131
731.05,0.2283
731.07,0.2441
731.08,0.2523
731.1,0.2691
731.12,0.2864
731.13,0.2953
731.15,0.3133
731.16,0.3225
731.18,0.3412
731.2,0.3602
731.21,0.3697
731.23,0.389
731.25,0.4083
731.26,0.418
731.28,0.4373
731.3,0.4563
731.31,0.4658
731.33,0.4844
731.35,0.5026
731.36,0.5115
731.38,0.5289
731.4,0.5456
731.41,0.5537
731.43,0.5693
731.45,0.5842
731.46,0.5914
731.48,0.605
731.5,0.6179
731.51,0.6241
731.53,0.6358
731.54,0.6414
731.56,0.6522
731.58,0.6624
731.59,0.6673
731.61,0.6769
731.63,0.6862
731.64,0.6908
731.66,0.7001
731.68,0.7094
731.69,0.7143
731.71,0.7242
731.73,0.7347
731.74,0.7403
731.76,0.752
731.78,0.7648
731.79,0.7716
731.81,0.7861
731.83,0.802
731.84,0.8105
731.86,0.8286
731.87,0.8383
731.89,0.8588
731.91,0.8809
731.92,0.8927
731.94,0.9174
731.96,0.9438
731.97,0.9576
731.99,0.9866
732.01,1.017
732.02,1.033
732.04,1.066
732.06,1.101
732.07,1.119
732.09,1.156
732.11,1.195
732.12,1.215
732.14,1.256
732.16,1.299
732.17,1.322
732.19,1.368
732.21,1.416
732.22,1.441
732.24,1.493
732.25,1.52
732.27,1.577
732.29,1.636
732.3,1.668
732.32,1.733
732.34,1.802
732.35,1.838
732.37,1.914
732.39,1.994
732.4,2.037
732.42,2.125
732.44,2.218
732.45,2.267
732.47,2.369
732.49,2.475
732.5,2.531
732.52,2.645
732.54,2.764
732.55,2.826
732.57,2.951
732.59,3.08
732.6,3.146
732.62,3.279
732.63,3.346
732.65,3.481
732.67,3.616
732.68,3.683
732.7,3.816
732.72,3.947
732.73,4.011
732.75,4.135
732.77,4.255
732.78,4.312
732.8,4.422
732.82,4.524
732.83,4.572
732.85,4.661
732.87,4.741
732.88,4.777
732.9,4.843
732.92,4.898
732.93,4.922
732.95,4.963
732.97,4.995
732.98,5.008
733.0,5.028
733.01,5.035
733.03,5.045
733.05,5.05
733.06,5.051
733.08,5.051
733.1,5.05
733.11,5.049
733.13,5.05
733.15,5.053
733.16,5.057
733.18,5.068
733.2,5.087
733.21,5.1
733.23,5.134
733.25,5.178
733.26,5.205
733.28,5.267
733.3,5.344
733.31,5.387
733.33,5.484
733.34,5.538
733.36,5.656
733.38,5.787
733.39,5.857
733.41,6.006
733.43,6.165
733.44,6.248
733.46,6.42
733.48,6.598
733.49,6.689
733.51,6.871
733.53,7.053
733.54,7.143
733.56,7.32
733.58,7.49
733.59,7.572
733.61,7.726
733.63,7.867
733.64,7.931
733.66,8.046
733.68,8.142
733.69,8.182
733.71,8.244
733.72,8.266
733.74,8.291
733.76,8.291
733.77,8.281
733.79,8.24
733.81,8.173
733.82,8.129
733.84,8.021
733.86,7.888
733.87,7.812
733.89,7.642
733.91,7.449
733.92,7.345
733.94,7.122
733.96,6.882
733.97,6.756
733.99,6.494
734.01,6.22
734.02,6.08
734.04,5.793
734.06,5.502
734.07,5.355
734.09,5.061
734.1,4.914
734.12,4.622
734.14,4.334
734.15,4.192
734.17,3.914
734.19,3.645
734.2,3.515
734.22,3.262
734.24,3.021
734.25,2.906
734.27,2.685
734.29,2.478
734.3,2.38
734.32,2.194
734.34,2.024
734.35,1.944
734.37,1.794
734.39,1.659
734.4,1.596
734.42,1.481
734.44,1.378
734.45,1.331
734.47,1.245
734.48,1.206
734.5,1.135
734.52,1.074
734.53,1.046
734.55,0.9968
734.57,0.954
734.58,0.9348
734.6,0.9005
734.62,0.8707
734.63,0.8573
734.65,0.8329
734.67,0.8113
734.68,0.8013
734.7,0.7824
734.72,0.7648
734.73,0.7563
734.75,0.7395
734.77,0.7229
734.78,0.7145
734.8,0.6975
734.81,0.6889
734.83,0.671
734.85,0.6524
734.86,0.6429
734.88,0.6231
734.9,0.6027
734.91,0.5922
734.93,0.5708
734.95,0.5489
734.96,0.5378
734.98,0.5156
735.0,0.4935
735.01,0.4826
735.03,0.4612
735.05,0.4408
735.06,0.4311
735.08,0.4129
735.1,0.3969
735.11,0.3898
735.13,0.3781
735.15,0.3701
735.16,0.3677
735.18,0.3668
735.19,0.3686
735.21,0.3771
735.23,0.3935
735.24,0.405
735.26,0.4358
735.28,0.4785
735.29,0.5048
735.31,0.5691
735.33,0.6509
735.34,0.6993
735.36,0.8129
735.38,0.9519
735.39,1.032
735.41,1.217
735.43,1.437
735.44,1.563
735.46,1.848
735.48,2.182
735.49,2.371
735.51,2.793
735.53,3.282
735.54,3.555
735.56,4.16
735.57,4.495
735.59,5.236
735.61,6.079
735.62,6.541
735.64,7.554
735.66,8.693
735.67,9.313
735.69,10.66
735.71,12.15
735.72,12.96
735.74,14.7
735.76,16.61
735.77,17.63
735.79,19.81
735.81,22.17
735.82,23.42
735.84,26.07
735.86,28.92
735.87,30.41
735.89,33.53
735.91,36.84
735.92,38.56
735.94,42.13
735.95,43.97
735.97,47.77
735.99,51.7
736.0,53.71
736.02,57.8
736.04,61.98
736.05,64.09
736.07,68.33
736.09,72.58
736.1,74.7
736.12,78.9
736.14,83.03
736.15,85.05
736.17,89.0
736.19,92.78
736.2,94.6
736.22,98.07
736.24,101.3
736.25,102.8
736.27,105.6
736.28,106.8
736.3,109.1
736.32,111.0
736.33,111.8
736.35,113.1
736.37,114.0
736.38,114.3
736.4,114.6
736.42,114.4
736.43,114.1
736.45,113.3
736.47,112.1
736.48,111.3
736.5,109.5
736.52,107.3
736.53,106.1
736.55,103.4
736.57,100.4
736.58,98.76
736.6,95.35
736.62,91.7
736.63,89.81
736.65,85.89
736.66,83.88
736.68,79.77
736.7,75.58
736.71,73.46
736.73,69.21
736.75,64.96
736.76,62.85
736.78,58.66
736.8,54.55
736.81,52.52
736.83,48.57
736.85,44.74
736.86,42.88
736.88,39.28
736.9,35.84
736.91,34.19
736.93,31.03
736.95,28.05
736.96,26.63
736.98,23.94
737.0,21.44
737.01,20.27
737.03,18.05
737.04,17.01
737.06,15.06
737.08,13.29
737.09,12.47
737.11,10.94
737.13,9.561
737.14,8.926
737.16,7.759
737.18,6.72
737.19,6.245
737.21,5.379
737.23,4.616
737.24,4.271
737.26,3.646
737.28,3.102
737.29,2.858
737.31,2.419
737.33,2.042
737.34,1.874
737.36,1.576
737.38,1.322
737.39,1.211
737.41,1.014
737.42,0.928
737.44,0.7777
737.46,0.6532
737.47,0.5995
737.49,0.5072
737.51,0.4325
737.52,0.401
737.54,0.3483
737.56,0.3076
737.57,0.2911
737.59,0.265
737.61,0.247
737.62,0.2406
737.64,0.2323
737.66,0.2293
737.67,0.2296
737.69,0.2331
737.71,0.2402
737.72,0.2448
737.74,0.2562
737.76,0.2698
737.77,0.2773
737.79,0.2937
737.8,0.3025
737.82,0.3209
737.84,0.3404
737.85,0.3505
737.87,0.3711
737.89,0.3923
737.9,0.403
737.92,0.4245
737.94,0.4462
737.95,0.4571
737.97,0.4786
737.99,0.5001
738.0,0.5107
738.02,0.5317
738.04,0.5524
738.05,0.5626
738.07,0.5829
738.09,0.6029
738.1,0.6128
738.12,0.6325
738.13,0.6424
738.15,0.6622
738.17,0.6822
738.18,0.6924
738.2,0.7132
738.22,0.7349
738.23,0.7461
738.25,0.7695
738.27,0.7946
738.28,0.8078
738.3,0.8357
738.32,0.8661
738.33,0.8824
738.35,0.917
738.37,0.9548
738.38,0.9751
738.4,1.018
738.42,1.065
738.43,1.091
738.45,1.144
738.47,1.201
738.48,1.232
738.5,1.296
738.51,1.33
738.53,1.4
738.55,1.475
738.56,1.514
738.58,1.594
738.6,1.677
738.61,1.72
738.63,1.807
738.65,1.897
738.66,1.942
738.68,2.033
738.7,2.125
738.71,2.17
738.73,2.26
738.75,2.349
738.76,2.392
738.78,2.476
738.8,2.555
738.81,2.593
738.83,2.665
738.85,2.731
738.86,2.761
738.88,2.816
738.89,2.841
738.91,2.883
738.93,2.917
738.94,2.931
738.96,2.95
738.98,2.96
738.99,2.961
739.01,2.955
739.03,2.94
739.04,2.928
739.06,2.898
739.08,2.858
739.09,2.834
739.11,2.78
739.13,2.718
739.14,2.684
739.16,2.61
739.18,2.53
739.19,2.487
739.21,2.398
739.23,2.304
739.24,2.256
739.26,2.157
739.27,2.106
739.29,2.003
739.31,1.899
739.32,1.847
739.34,1.743
739.36,1.639
739.37,1.588
739.39,1.487
739.41,1.389
739.42,1.34
739.44,1.246
739.46,1.156
739.47,1.113
739.49,1.029
739.51,0.9493
739.52,0.9113
739.54,0.8389
739.56,0.7715
739.57,0.7396
739.59,0.6794
739.6,0.6512
739.62,0.5982
739.64,0.55
739.65,0.5275
739.67,0.4859
739.69,0.4485
739.7,0.4313
739.72,0.3996
739.74,0.3715
739.75,0.3586
739.77,0.3353
739.79,0.3147
739.8,0.3054
739.82,0.2885
739.84,0.2737
739.85,0.267
739.87,0.2548
739.89,0.2441
739.9,0.2392
739.92,0.2302
739.94,0.2221
739.95,0.2184
739.97,0.2113
739.98,0.2079
740.0,0.2015
740.02,0.1953
740.03,0.1923
740.05,0.1864
740.07,0.1805
740.08,0.1775
740.1,0.1715
740.12,0.1655
740.13,0.1624
740.15,0.1562
740.17,0.1499
740.18,0.1467
740.2,0.1402
740.22,0.1336
740.23,0.1303
740.25,0.1236
740.27,0.1169
740.28,0.1135
740.3,0.1069
740.32,0.1002
740.33,0.09695
740.35,0.09047
740.36,0.08728
740.38,0.08102
740.4,0.07494
740.41,0.07198
740.43,0.06622
740.45,0.06071
740.46,0.05804
740.48,0.05292
740.5,0.04808
740.51,0.04576
740.53,0.04135
740.55,0.03722
740.56,0.03527
740.58,0.03159
740.6,0.02819
740.61,0.02659
740.63,0.02361
740.65,0.0209
740.66,0.01964
740.68,0.01731
740.7,0.01522
740.71,0.01426
740.73,0.01251
740.74,0.01171
740.76,0.01027
740.78,0.009012
740.79,0.008451
740.81,0.007457
740.83,0.006624
740.84,0.006265
740.86,0.005655
740.88,0.005183
740.89,0.004997
740.91,0.00472
740.93,0.004564
740.94,0.004531
740.96,0.004553
740.98,0.004688
740.99,0.004798
741.01,0.005103
741.03,0.005521
741.04,0.005773
741.06,0.006363
741.07,0.006701
741.09,0.007468
741.11,0.008357
741.12,0.008848
741.14,0.009925
741.16,0.01113
741.17,0.01179
741.19,0.0132
741.21,0.01474
741.22,0.01557
741.24,0.01733
741.26,0.01923
741.27,0.02023
741.29,0.02234
741.31,0.02459
741.32,0.02577
741.34,0.02823
741.36,0.03081
741.37,0.03215
741.39,0.03491
741.41,0.03779
741.42,0.03926
741.44,0.04228
741.45,0.04382
741.47,0.04695
741.49,0.05015
741.5,0.05176
741.52,0.05501
741.54,0.05829
741.55,0.05993
741.57,0.0632
741.59,0.06646
741.6,0.06808
741.62,0.07128
741.64,0.07443
741.65,0.07598
741.67,0.07902
741.69,0.08198
741.7,0.08343
741.72,0.08626
741.74,0.08898
741.75,0.09031
741.77,0.09289
741.79,0.09537
741.8,0.09658
741.82,0.09892
741.83,0.1001
741.85,0.1023
741.87,0.1044
741.88,0.1054
741.9,0.1075
741.92,0.1095
741.93,0.1105
741.95,0.1124
741.97,0.1143
741.98,0.1153
742.0,0.1171
742.02,0.119
742.03,0.12
742.05,0.1218
742.07,0.1237
742.08,0.1246
742.1,0.1265
742.12,0.1283
742.13,0.1292
742.15,0.131
742.17,0.1327
742.18,0.1335
742.2,0.1351
742.21,0.1359
742.23,0.1373
742.25,0.1386
742.26,0.1392
742.28,0.1402
742.3,0.141
742.31,0.1413
742.33,0.1417
742.35,0.1419
742.36,0.1419
742.38,0.1416
742.4,0.1411
742.41,0.1406
742.43,0.1395
742.45,0.1381
742.46,0.1373
742.48,0.1353
742.5,0.133
742.51,0.1317
742.53,0.1289
742.54,0.1274
742.56,0.1241
742.58,0.1205
742.59,0.1186
742.61,0.1146
742.63,0.1104
742.64,0.1082
742.66,0.1038
742.68,0.09911
742.69,0.09675
742.71,0.09195
742.73,0.08708
742.74,0.08464
742.76,0.07974
742.78,0.07486
742.79,0.07244
742.81,0.06764
742.83,0.06294
742.84,0.06063
742.86,0.05611
742.88,0.05174
742.89,0.04962
742.91,0.04551
742.92,0.04352
742.94,0.03969
742.96,0.03607
742.97,0.03434
742.99,0.03104
743.01,0.02795
743.02,0.02648
743.04,0.02372
743.06,0.02116
743.07,0.01996
743.09,0.01771
743.11,0.01566
743.12,0.0147
743.14,0.01292
743.16,0.01132
743.17,0.01058
743.19,0.009212
743.21,0.007994
743.22,0.007437
743.24,0.006417
743.26,0.005517
743.27,0.005109
743.29,0.004368
743.3,0.004033
743.32,0.003429
743.34,0.002905
743.35,0.00267
743.37,0.00225
743.39,0.001889
743.4,0.001729
743.42,0.001444
743.44,0.001203
743.45,0.001096
743.47,0.0009096
743.49,0.0007533
743.5,0.0006854
743.52,0.0005676
743.54,0.0004714
743.55,0.0004305
743.57,0.0003617
743.59,0.0003085
743.6,0.0002873
743.62,0.000255
743.64,0.0002355
743.65,0.0002304
743.67,0.0002297
743.68,0.0002341
743.7,0.0002532
743.72,0.0002872
743.73,0.0003103
743.75,0.0003708
743.77,0.0004531
743.78,0.0005037
743.8,0.0006275
743.82,0.0007868
743.83,0.0008823
743.85,0.001111
743.87,0.0014
743.88,0.001571
743.9,0.001978
743.92,0.002487
743.93,0.002788
743.95,0.003497
743.97,0.004378
743.98,0.004895
744.0,0.006111
744.02,0.007614
744.03,0.008492
744.05,0.01055
744.06,0.01174
744.08,0.01454
744.1,0.01795
744.11,0.01994
744.13,0.02454
744.15,0.03014
744.16,0.03337
744.18,0.04083
744.2,0.04983
744.21,0.055
744.23,0.06688
744.25,0.08112
744.26,0.08925
744.28,0.1078
744.3,0.1299
744.31,0.1424
744.33,0.1709
744.35,0.2044
744.36,0.2233
744.38,0.266
744.39,0.29
744.41,0.344
744.43,0.4067
744.44,0.4417
744.46,0.5198
744.48,0.6099
744.49,0.6598
744.51,0.7705
744.53,0.8968
744.54,0.9664
744.56,1.119
744.58,1.292
744.59,1.387
744.61,1.594
744.63,1.825
744.64,1.95
744.66,2.222
744.68,2.522
744.69,2.684
744.71,3.032
744.73,3.413
744.74,3.617
744.76,4.05
744.77,4.281
744.79,4.769
744.81,5.294
744.82,5.57
744.84,6.151
744.86,6.769
744.87,7.091
744.89,7.761
744.91,8.465
744.92,8.828
744.94,9.577
744.96,10.35
744.97,10.75
744.99,11.56
745.01,12.38
745.02,12.79
745.04,13.63
745.06,14.47
745.07,14.89
745.09,15.72
745.11,16.54
745.12,16.94
745.14,17.73
745.15,18.11
745.17,18.84
745.19,19.54
745.2,19.86
745.22,20.48
745.24,21.04
745.25,21.3
745.27,21.76
745.29,22.16
745.3,22.32
745.32,22.6
745.34,22.8
745.35,22.87
745.37,22.94
745.39,22.93
745.4,22.89
745.42,22.76
745.44,22.54
745.45,22.4
745.47,22.06
745.49,21.65
745.5,21.42
745.52,20.9
745.53,20.62
745.55,20.01
745.57,19.35
745.58,19.0
745.6,18.28
745.62,17.51
745.63,17.12
745.65,16.31
745.67,15.49
745.68,15.07
745.7,14.23
745.72,13.39
745.73,12.97
745.75,12.13
745.77,11.31
745.78,10.91
745.8,10.11
745.82,9.346
745.83,8.972
745.85,8.247
745.86,7.896
745.88,7.22
745.9,6.579
745.91,6.273
745.93,5.688
745.95,5.142
745.96,4.883
745.98,4.394
746.0,3.943
746.01,3.731
746.03,3.335
746.05,2.975
746.06,2.807
746.08,2.497
746.1,2.219
746.11,2.091
746.13,1.857
746.15,1.65
746.16,1.556
746.18,1.386
746.2,1.238
746.21,1.172
746.23,1.055
746.24,1.004
746.26,0.9132
746.28,0.8387
746.29,0.807
746.31,0.7539
746.33,0.7138
746.34,0.6983
746.36,0.6758
746.38,0.6641
746.39,0.6621
746.41,0.6657
746.43,0.6791
746.44,0.6893
746.46,0.717
746.48,0.7543
746.49,0.7766
746.51,0.8288
746.53,0.8912
746.54,0.9265
746.56,1.005
746.58,1.096
746.59,1.146
746.61,1.255
746.62,1.315
746.64,1.445
746.66,1.589
746.67,1.667
746.69,1.834
746.71,2.018
746.72,2.116
746.74,2.325
746.76,2.552
746.77,2.672
746.79,2.925
746.81,3.196
746.82,3.338
746.84,3.635
746.86,3.948
746.87,4.111
746.89,4.448
746.91,4.799
746.92,4.979
746.94,5.348
746.96,5.727
746.97,5.919
746.99,6.309
747.0,6.505
747.02,6.899
747.04,7.292
747.05,7.488
747.07,7.875
747.09,8.254
747.1,8.439
747.12,8.799
747.14,9.142
747.15,9.306
747.17,9.619
747.19,9.906
747.2,10.04
747.22,10.29
747.24,10.5
747.25,10.59
747.27,10.75
747.29,10.88
747.3,10.93
747.32,11.0
747.33,11.01
747.35,11.02
747.37,10.99
747.38,10.96
747.4,10.87
747.42,10.74
747.43,10.66
747.45,10.48
747.47,10.26
747.48,10.14
747.5,9.876
747.52,9.583
747.53,9.427
747.55,9.098
747.57,8.749
747.58,8.568
747.6,8.194
747.62,7.808
747.63,7.612
747.65,7.214
747.67,6.813
747.68,6.611
747.7,6.209
747.71,6.01
747.73,5.614
747.75,5.225
747.76,5.034
747.78,4.66
747.8,4.299
747.81,4.123
747.83,3.783
747.85,3.458
747.86,3.302
747.88,3.002
747.9,2.72
747.91,2.586
747.93,2.33
747.95,2.093
747.96,1.981
747.98,1.769
748.0,1.575
748.01,1.484
748.03,1.314
748.05,1.159
748.06,1.087
748.08,0.9546
748.09,0.8932
748.11,0.78
748.13,0.6789
748.14,0.6326
748.16,0.5478
748.18,0.4729
748.19,0.4389
748.21,0.3771
748.23,0.3231
748.24,0.2988
748.26,0.2551
748.28,0.2173
748.29,0.2004
748.31,0.1704
748.33,0.1448
748.34,0.1335
748.36,0.1138
748.38,0.09728
748.39,0.09017
748.41,0.07798
748.43,0.06824
748.44,0.06422
748.46,0.05771
748.47,0.05517
748.49,0.05142
748.51,0.04933
748.52,0.04887
748.54,0.04906
748.56,0.05068
748.57,0.05201
748.59,0.05571
748.61,0.06077
748.62,0.06382
748.64,0.07097
748.66,0.07955
748.67,0.0844
748.69,0.09525
748.71,0.1077
748.72,0.1146
748.74,0.1296
748.76,0.1465
748.77,0.1556
748.79,0.1754
748.8,0.1861
748.82,0.2091
748.84,0.2344
748.85,0.248
748.87,0.2769
748.89,0.3084
748.9,0.3251
748.92,0.3606
748.94,0.3989
748.95,0.4192
748.97,0.4618
748.99,0.5075
749.0,0.5314
749.02,0.5816
749.04,0.6348
749.05,0.6626
749.07,0.7204
749.09,0.7812
749.1,0.8128
749.12,0.878
749.14,0.9461
749.15,0.9812
749.17,1.053
749.18,1.09
749.2,1.166
749.22,1.244
749.23,1.284
749.25,1.365
749.27,1.447
749.28,1.489
749.3,1.573
749.32,1.657
749.33,1.7
749.35,1.785
749.37,1.869
749.38,1.911
749.4,1.995
749.42,2.077
749.43,2.117
749.45,2.196
749.47,2.272
749.48,2.309
749.5,2.38
749.52,2.448
749.53,2.48
749.55,2.54
749.56,2.569
749.58,2.622
749.6,2.669
749.61,2.69
749.63,2.729
749.65,2.76
749.66,2.774
749.68,2.795
749.7,2.81
749.71,2.814
749.73,2.818
749.75,2.815
749.76,2.81
749.78,2.796
749.8,2.775
749.81,2.762
749.83,2.731
749.85,2.694
749.86,2.673
749.88,2.627
749.9,2.575
749.91,2.547
749.93,2.488
749.94,2.458
749.96,2.393
749.98,2.325
749.99,2.29
750.01,2.219
750.03,2.146
750.04,2.109
750.06,2.035
750.08,1.961
750.09,1.925
750.11,1.853
750.13,1.783
750.14,1.75
750.16,1.685
750.18,1.624
750.19,1.596
750.21,1.544
750.23,1.498
750.24,1.478
750.26,1.444
750.28,1.419
750.29,1.411
750.31,1.402
750.32,1.402
750.34,1.411
750.36,1.435
750.37,1.453
750.39,1.501
750.41,1.567
750.42,1.607
750.44,1.702
750.46,1.82
750.47,1.888
750.49,2.043
750.51,2.225
750.52,2.327
750.54,2.553
750.56,2.812
750.57,2.954
750.59,3.265
750.61,3.613
750.62,3.801
750.64,4.209
750.65,4.428
750.67,4.899
750.69,5.414
750.7,5.688
750.72,6.271
750.74,6.9
750.75,7.232
750.77,7.929
750.79,8.673
750.8,9.061
750.82,9.871
750.84,10.72
750.85,11.16
750.87,12.07
750.89,13.01
750.9,13.5
750.92,14.48
750.94,15.49
750.95,16.0
750.97,17.04
750.99,18.07
751.0,18.59
751.02,19.63
751.03,20.14
751.05,21.16
751.07,22.15
751.08,22.63
751.1,23.58
751.12,24.47
751.13,24.9
751.15,25.72
751.17,26.47
751.18,26.82
751.2,27.46
751.22,28.02
751.23,28.27
751.25,28.7
751.27,29.03
751.28,29.16
751.3,29.35
751.32,29.44
751.33,29.45
751.35,29.38
751.37,29.22
751.38,29.1
751.4,28.79
751.41,28.6
751.43,28.15
751.45,27.61
751.46,27.31
751.48,26.66
751.5,25.93
751.51,25.54
751.53,24.71
751.55,23.84
751.56,23.38
751.58,22.44
751.6,21.46
751.61,20.97
751.63,19.96
751.65,18.93
751.66,18.42
751.68,17.39
751.7,16.37
751.71,15.86
751.73,14.86
751.75,13.88
751.76,13.4
751.78,12.45
751.79,12.0
751.81,11.1
751.83,10.25
751.84,9.837
751.86,9.044
751.88,8.293
751.89,7.933
751.91,7.248
751.93,6.607
751.94,6.303
751.96,5.727
751.98,5.195
751.99,4.945
752.01,4.475
752.03,4.045
752.04,3.844
752.06,3.47
752.08,3.131
752.09,2.974
752.11,2.684
752.12,2.551
752.14,2.305
752.16,2.085
752.17,1.985
752.19,1.802
752.21,1.64
752.22,1.567
752.24,1.434
752.26,1.318
752.27,1.266
752.29,1.172
752.31,1.091
752.32,1.055
752.34,0.991
752.36,0.9362
752.37,0.912
752.39,0.8693
752.41,0.8334
752.42,0.8176
752.44,0.7901
752.46,0.7671
752.47,0.7571
752.49,0.7396
752.5,0.732
752.52,0.7186
752.54,0.7072
752.55,0.7022
752.57,0.6929
752.59,0.6847
752.6,0.6808
752.62,0.6732
752.64,0.6658
752.65,0.6621
752.67,0.6544
752.69,0.6463
752.7,0.6421
752.72,0.6331
752.74,0.6234
752.75,0.6183
752.77,0.6074
752.79,0.5956
752.8,0.5894
752.82,0.5764
752.84,0.5625
752.85,0.5552
752.87,0.5402
752.88,0.5324
752.9,0.5164
752.92,0.4999
752.93,0.4914
752.95,0.4742
752.97,0.4567
752.98,0.4478
753.0,0.4301
753.02,0.4122
753.03,0.4034
753.05,0.3857
753.07,0.3682
753.08,0.3596
753.1,0.3426
753.12,0.326
753.13,0.3179
753.15,0.302
753.17,0.2867
753.18,0.2793
753.2,0.2649
753.22,0.2511
753.23,0.2444
753.25,0.2316
753.26,0.2255
753.28,0.2137
753.3,0.2025
753.31,0.1971
753.33,0.1869
753.35,0.1773
753.36,0.1727
753.38,0.164
753.4,0.1558
753.41,0.1519
753.43,0.1445
753.45,0.1375
753.46,0.1342
753.48,0.128
753.5,0.1222
753.51,0.1194
753.53,0.1142
753.55,0.1094
753.56,0.1072
753.58,0.1029
753.59,0.101
753.61,0.09725
753.63,0.09391
753.64,0.09237
753.66,0.08956
753.68,0.0871
753.69,0.08601
753.71,0.08408
753.73,0.0825
753.74,0.08185
753.76,0.08081
753.78,0.08012
753.79,0.07991
753.81,0.07977
753.83,0.07997
753.84,0.0802
753.86,0.08093
753.88,0.082
753.89,0.08266
753.91,0.08422
753.93,0.0861
753.94,0.08715
753.96,0.08948
753.97,0.09076
753.99,0.0935
754.01,0.09651
754.02,0.09811
754.04,0.1015
754.06,0.105
754.07,0.1069
754.09,0.1108
754.11,0.1148
754.12,0.1169
754.14,0.1211
754.16,0.1255
754.17,0.1278
754.19,0.1323
754.21,0.137
754.22,0.1394
754.24,0.1443
754.26,0.1492
754.27,0.1517
754.29,0.1568
754.31,0.162
754.32,0.1647
754.34,0.1701
754.35,0.1728
754.37,0.1784
754.39,0.1842
754.4,0.1872
754.42,0.1932
754.44,0.1994
754.45,0.2026
754.47,0.2092
754.49,0.216
754.5,0.2195
754.52,0.2267
754.54,0.2342
754.55,0.238
754.57,0.2459
754.59,0.254
754.6,0.2582
754.62,0.2666
754.64,0.2753
754.65,0.2797
754.67,0.2887
754.69,0.2978
754.7,0.3023
754.72,0.3115
754.73,0.3161
754.75,0.3252
754.77,0.3342
754.78,0.3386
754.8,0.3473
754.82,0.3556
754.83,0.3596
754.85,0.3673
754.87,0.3745
754.88,0.3779
754.9,0.3841
754.92,0.3895
754.93,0.392
754.95,0.3962
754.97,0.3994
754.98,0.4007
755.0,0.4024
755.02,0.403
755.03,0.4029
755.05,0.4019
755.06,0.401
755.08,0.3982
755.1,0.3943
755.11,0.3919
755.13,0.3863
755.15,0.3795
755.16,0.3758
755.18,0.3675
755.2,0.3582
755.21,0.3533
755.23,0.3427
755.25,0.3314
755.26,0.3254
755.28,0.3131
755.3,0.3002
755.31,0.2936
755.33,0.2801
755.35,0.2663
755.36,0.2593
755.38,0.2452
755.4,0.2312
755.41,0.2241
755.43,0.2102
755.44,0.2033
755.46,0.1896
755.48,0.1763
755.49,0.1698
755.51,0.157
755.53,0.1447
755.54,0.1388
755.56,0.1273
755.58,0.1163
755.59,0.1111
755.61,0.101
755.63,0.09164
755.64,0.08717
755.66,0.07873
755.68,0.07092
755.69,0.06726
755.71,0.06042
755.73,0.0542
755.74,0.05133
755.76,0.04603
755.78,0.04133
755.79,0.0392
755.81,0.03536
755.82,0.03366
755.84,0.03065
755.86,0.02817
755.87,0.02713
755.89,0.02543
755.91,0.02422
755.92,0.02381
755.94,0.02334
755.96,0.02336
755.97,0.02355
755.99,0.02428
756.01,0.0255
756.02,0.02629
756.04,0.02824
756.06,0.03068
756.07,0.03209
756.09,0.03528
756.11,0.039
756.12,0.04105
756.14,0.04555
756.16,0.0506
756.17,0.05333
756.19,0.0592
756.2,0.06235
756.22,0.06906
756.24,0.07634
756.25,0.08019
756.27,0.0883
756.29,0.09697
756.3,0.1015
756.32,0.111
756.34,0.1209
756.35,0.1261
756.37,0.1368
756.39,0.1478
756.4,0.1535
756.42,0.1652
756.44,0.1771
756.45,0.1831
756.47,0.1954
756.49,0.2078
756.5,0.214
756.52,0.2264
756.54,0.2388
756.55,0.245
756.57,0.2571
756.58,0.2631
756.6,0.2748
756.62,0.2862
756.63,0.2916
756.65,0.3022
756.67,0.3122
756.68,0.3169
756.7,0.3259
756.72,0.3341
756.73,0.3378
756.75,0.3448
756.77,0.3508
756.78,0.3534
756.8,0.358
756.82,0.3616
756.83,0.363
756.85,0.365
756.87,0.3661
756.88,0.3663
756.9,0.3658
756.91,0.3653
756.93,0.3634
756.95,0.3605
756.96,0.3588
756.98,0.3546
757.0,0.3497
757.01,0.3469
757.03,0.3408
757.05,0.334
757.06,0.3304
757.08,0.3227
757.1,0.3144
757.11,0.3101
757.13,0.3012
757.15,0.2919
757.16,0.2871
757.18,0.2774
757.2,0.2674
757.21,0.2624
757.23,0.2521
757.25,0.2418
757.26,0.2367
757.28,0.2263
757.29,0.2211
757.31,0.2108
757.33,0.2006
757.34,0.1955
757.36,0.1855
757.38,0.1756
757.39,0.1707
757.41,0.1612
757.43,0.1518
757.44,0.1472
757.46,0.1382
757.48,0.1295
757.49,0.1253
757.51,0.117
757.53,0.109
757.54,0.1052
757.56,0.09769
757.58,0.09054
757.59,0.08709
757.61,0.08044
757.63,0.07413
757.64,0.07111
757.66,0.06532
757.67,0.06255
757.69,0.05728
757.71,0.05235
757.72,0.05001
757.74,0.04559
757.76,0.04151
757.77,0.0396
757.79,0.03602
757.81,0.03278
757.82,0.03128
757.84,0.02852
757.86,0.02609
757.87,0.02499
757.89,0.02303
757.91,0.0214
757.92,0.0207
757.94,0.01954
757.96,0.01871
757.97,0.01841
757.99,0.01807
758.01,0.01805
758.02,0.01817
758.04,0.01868
758.05,0.01906
758.07,0.0201
758.09,0.02151
758.1,0.02236
758.12,0.02436
758.14,0.02677
758.15,0.02814
758.17,0.03119
758.19,0.0347
758.2,0.03663
758.22,0.04084
758.24,0.04555
758.25,0.04809
758.27,0.05356
758.29,0.05955
758.3,0.06275
758.32,0.06953
758.34,0.07685
758.35,0.08071
758.37,0.08883
758.38,0.09308
758.4,0.102
758.42,0.1113
758.43,0.1162
758.45,0.1262
758.47,0.1367
758.48,0.1421
758.5,0.153
758.52,0.1643
758.53,0.17
758.55,0.1816
758.57,0.1933
758.58,0.1992
758.6,0.2109
758.62,0.2225
758.63,0.2283
758.65,0.2397
758.67,0.2507
758.68,0.2561
758.7,0.2665
758.72,0.2763
758.73,0.281
758.75,0.2899
758.76,0.294
758.78,0.3017
758.8,0.3085
758.81,0.3116
758.83,0.317
758.85,0.3213
758.86,0.3231
758.88,0.3258
758.9,0.3274
758.91,0.3278
758.93,0.3277
758.95,0.3264
758.96,0.3254
758.98,0.3224
759.0,0.3184
759.01,0.316
759.03,0.3105
759.05,0.3039
759.06,0.3003
759.08,0.2925
759.1,0.2838
759.11,0.2792
759.13,0.2696
759.14,0.2645
759.16,0.254
759.18,0.2431
759.19,0.2375
759.21,0.2261
759.23,0.2146
759.24,0.2087
759.26,0.197
759.28,0.1853
759.29,0.1795
759.31,0.168
759.33,0.1567
759.34,0.1511
759.36,0.1403
759.38,0.1298
759.39,0.1247
759.41,0.1148
759.43,0.1055
759.44,0.101
759.46,0.0924
759.48,0.0844
759.49,0.08062
759.51,0.07353
759.52,0.07022
759.54,0.06409
759.56,0.05863
759.57,0.05615
759.59,0.05175
759.61,0.04808
759.62,0.04653
759.64,0.04404
759.66,0.04239
759.67,0.0419
759.69,0.04162
759.71,0.04235
759.72,0.04312
759.74,0.04552
759.76,0.04918
759.77,0.05152
759.79,0.05732
759.81,0.06474
759.82,0.06912
759.84,0.07933
759.85,0.08522
759.87,0.09872
759.89,0.1147
759.9,0.1238
759.92,0.1441
759.94,0.1677
759.95,0.1808
759.97,0.21
759.99,0.2433
760.0,0.2617
760.02,0.3021
760.04,0.3476
760.05,0.3725
760.07,0.4267
760.09,0.4872
760.1,0.5199
760.12,0.5906
760.14,0.6686
760.15,0.7104
760.17,0.8001
760.19,0.898
760.2,0.95
760.22,1.061
760.23,1.119
760.25,1.243
760.27,1.375
760.28,1.445
760.3,1.591
760.32,1.745
760.33,1.825
760.35,1.991
760.37,2.165
760.38,2.255
760.4,2.439
760.42,2.629
760.43,2.726
760.45,2.923
760.47,3.124
760.48,3.225
760.5,3.428
760.52,3.632
760.53,3.734
760.55,3.936
760.57,4.134
760.58,4.232
760.6,4.424
760.61,4.518
760.63,4.699
760.65,4.873
760.66,4.956
760.68,5.114
760.7,5.262
760.71,5.331
760.73,5.461
760.75,5.577
760.76,5.631
760.78,5.728
760.8,5.812
760.81,5.849
760.83,5.914
760.85,5.967
760.86,5.989
760.88,6.025
760.9,6.052
760.91,6.062
760.93,6.078
760.95,6.087
760.96,6.091
760.98,6.095
760.99,6.097
761.01,6.101
761.03,6.107
761.04,6.112
761.06,6.125
761.08,6.146
761.09,6.159
761.11,6.195
761.13,6.241
761.14,6.27
761.16,6.337
761.18,6.419
761.19,6.466
761.21,6.571
761.23,6.693
761.24,6.76
761.26,6.907
761.28,7.069
761.29,7.155
761.31,7.339
761.32,7.436
761.34,7.638
761.36,7.85
761.37,7.959
761.39,8.182
761.41,8.409
761.42,8.523
761.44,8.751
761.46,8.976
761.47,9.087
761.49,9.301
761.51,9.506
761.52,9.603
761.54,9.786
761.56,9.951
761.57,10.03
761.59,10.16
761.61,10.27
761.62,10.31
761.64,10.39
761.66,10.43
761.67,10.44
761.69,10.44
761.7,10.42
761.72,10.38
761.74,10.3
761.75,10.25
761.77,10.13
761.79,9.977
761.8,9.891
761.82,9.7
761.84,9.485
761.85,9.368
761.87,9.119
761.89,8.851
761.9,8.71
761.92,8.417
761.94,8.111
761.95,7.954
761.97,7.633
761.99,7.305
762.0,7.14
762.02,6.807
762.04,6.474
762.05,6.308
762.07,5.978
762.08,5.815
762.1,5.493
762.12,5.178
762.13,5.024
762.15,4.723
762.17,4.433
762.18,4.292
762.2,4.019
762.22,3.759
762.23,3.634
762.25,3.393
762.27,3.166
762.28,3.057
762.3,2.85
762.32,2.655
762.33,2.563
762.35,2.387
762.37,2.223
762.38,2.146
762.4,1.999
762.42,1.863
762.43,1.799
762.45,1.678
762.46,1.621
762.48,1.513
762.5,1.413
762.51,1.366
762.53,1.278
762.55,1.196
762.56,1.157
762.58,1.085
762.6,1.018
762.61,0.9861
762.63,0.9264
762.65,0.8713
762.66,0.8453
762.68,0.7963
762.7,0.751
762.71,0.7297
762.73,0.6895
762.75,0.6524
762.76,0.6349
762.78,0.6021
762.8,0.5718
762.81,0.5577
762.83,0.531
762.84,0.5186
762.86,0.4953
762.88,0.474
762.89,0.4641
762.91,0.4457
762.93,0.429
762.94,0.4213
762.96,0.407
762.98,0.3943
762.99,0.3884
763.01,0.3777
763.03,0.3683
763.04,0.364
763.06,0.3564
763.08,0.3498
763.09,0.3469
763.11,0.3417
763.13,0.3375
763.14,0.3357
763.16,0.3327
763.17,0.3315
763.19,0.3296
763.21,0.3283
763.22,0.3279
763.24,0.3275
763.26,0.3277
763.27,0.3279
763.29,0.3287
763.31,0.3299
763.32,0.3306
763.34,0.3323
763.36,0.3342
763.37,0.3353
763.39,0.3375
763.41,0.3399
763.42,0.3411
763.44,0.3435
763.46,0.346
763.47,0.3473
763.49,0.3497
763.51,0.352
763.52,0.3532
763.54,0.3554
763.55,0.3564
763.57,0.3584
763.59,0.3603
763.6,0.3612
763.62,0.363
763.64,0.3647
763.65,0.3656
763.67,0.3673
763.69,0.3693
763.7,0.3703
763.72,0.3727
763.74,0.3756
763.75,0.3773
763.77,0.3813
763.79,0.3863
763.8,0.3893
763.82,0.3963
763.84,0.4051
763.85,0.4102
763.87,0.4222
763.89,0.4367
763.9,0.4451
763.92,0.4644
763.93,0.4754
763.95,0.5003
763.97,0.5296
763.98,0.5461
764.0,0.5828
764.02,0.6251
764.03,0.6485
764.05,0.7001
764.07,0.7584
764.08,0.7903
764.1,0.8596
764.12,0.9367
764.13,0.9783
764.15,1.068
764.17,1.166
764.18,1.218
764.2,1.329
764.22,1.45
764.23,1.513
764.25,1.646
764.27,1.789
764.28,1.863
764.3,2.017
764.31,2.097
764.33,2.263
764.35,2.436
764.36,2.524
764.38,2.705
764.4,2.891
764.41,2.985
764.43,3.175
764.45,3.367
764.46,3.464
764.48,3.656
764.5,3.846
764.51,3.94
764.53,4.124
764.55,4.303
764.56,4.39
764.58,4.558
764.6,4.717
764.61,4.792
764.63,4.934
764.64,5.001
764.66,5.124
764.68,5.232
764.69,5.28
764.71,5.366
764.73,5.434
764.74,5.463
764.76,5.506
764.78,5.532
764.79,5.539
764.81,5.539
764.83,5.522
764.84,5.508
764.86,5.467
764.88,5.41
764.89,5.377
764.91,5.299
764.93,5.21
764.94,5.161
764.96,5.055
764.98,4.94
764.99,4.88
765.01,4.755
765.02,4.691
765.04,4.56
765.06,4.428
765.07,4.361
765.09,4.229
765.11,4.101
765.12,4.038
765.14,3.917
765.16,3.804
765.17,3.751
765.19,3.653
765.21,3.567
765.22,3.53
765.24,3.468
765.26,3.424
765.27,3.409
765.29,3.397
765.31,3.41
765.32,3.427
765.34,3.484
765.36,3.576
765.37,3.637
765.39,3.79
765.4,3.885
765.42,4.114
765.44,4.405
765.45,4.576
765.47,4.976
765.49,5.465
765.5,5.747
765.52,6.397
765.54,7.177
765.55,7.622
765.57,8.637
765.59,9.841
765.6,10.52
765.62,12.07
765.64,13.89
765.65,14.91
765.67,17.21
765.69,19.9
765.7,21.41
765.72,24.77
765.74,28.67
765.75,30.84
765.77,35.66
765.78,38.33
765.8,44.25
765.82,51.0
765.83,54.72
765.85,62.9
765.87,72.15
765.88,77.21
765.9,88.26
765.92,100.6
765.93,107.4
765.95,121.9
765.97,138.1
765.98,146.8
766.0,165.5
766.02,186.0
766.03,197.0
766.05,220.5
766.07,245.9
766.08,259.4
766.1,288.0
766.11,303.0
766.13,334.8
766.15,368.6
766.16,386.3
766.18,423.2
766.2,462.2
766.21,482.3
766.23,524.0
766.25,567.4
766.26,589.7
766.28,635.2
766.3,682.0
766.31,705.7
766.33,753.8
766.35,802.3
766.36,826.7
766.38,875.4
766.4,923.8
766.41,947.8
766.43,995.0
766.45,1041.0
766.46,1063.0
766.48,1107.0
766.49,1128.0
766.51,1167.0
766.53,1205.0
766.54,1222.0
766.56,1254.0
766.58,1283.0
766.59,1296.0
766.61,1318.0
766.63,1337.0
766.64,1344.0
766.66,1356.0
766.68,1363.0
766.69,1365.0
766.71,1365.0
766.73,1360.0
766.74,1356.0
766.76,1344.0
766.78,1327.0
766.79,1317.0
766.81,1294.0
766.83,1268.0
766.84,1253.0
766.86,1220.0
766.87,1203.0
766.89,1165.0
766.91,1125.0
766.92,1104.0
766.94,1061.0
766.96,1015.0
766.97,992.1
766.99,944.7
767.01,896.4
767.02,872.1
767.04,823.2
767.06,774.4
767.07,750.0
767.09,701.9
767.11,654.5
767.12,631.2
767.14,585.5
767.16,541.3
767.17,519.8
767.19,478.0
767.21,438.1
767.22,418.9
767.24,382.0
767.25,364.3
767.27,330.5
767.29,298.9
767.3,283.8
767.32,255.4
767.34,229.1
767.35,216.8
767.37,193.6
767.39,172.4
767.4,162.5
767.42,144.2
767.44,127.6
767.45,120.0
767.47,106.0
767.49,93.5
767.5,87.81
767.52,77.45
767.54,68.4
767.55,64.33
767.57,57.03
767.58,53.78
767.6,48.03
767.62,43.19
767.63,41.09
767.65,37.48
767.67,34.57
767.68,33.36
767.7,31.4
767.72,29.97
767.73,29.45
767.75,28.73
767.77,28.4
767.78,28.38
767.8,28.56
767.82,29.03
767.83,29.36
767.85,30.17
767.87,31.17
767.88,31.73
767.9,32.94
767.92,34.25
767.93,34.94
767.95,36.35
767.96,37.07
767.98,38.53
768.0,39.98
768.01,40.69
768.03,42.09
768.05,43.43
768.06,44.08
768.08,45.29
768.1,46.41
768.11,46.92
768.13,47.86
768.15,48.65
768.16,48.99
768.18,49.56
768.2,49.97
768.21,50.12
768.23,50.28
768.25,50.27
768.26,50.2
768.28,49.93
768.3,49.5
768.31,49.22
768.33,48.55
768.34,48.15
768.36,47.25
768.38,46.2
768.39,45.63
768.41,44.4
768.43,43.05
768.44,42.34
768.46,40.86
768.48,39.29
768.49,38.48
768.51,36.83
768.53,35.13
768.54,34.27
768.56,32.54
768.58,30.81
768.59,29.94
768.61,28.22
768.63,26.53
768.64,25.7
768.66,24.07
768.68,22.49
768.69,21.73
768.71,20.25
768.72,19.54
768.74,18.18
768.76,16.91
768.77,16.3
768.79,15.17
768.81,14.14
768.82,13.66
768.84,12.79
768.86,12.03
768.87,11.69
768.89,11.1
768.91,10.64
768.92,10.46
768.94,10.19
768.96,10.05
768.97,10.04
768.99,10.13
769.01,10.38
769.02,10.57
769.04,11.09
769.06,11.79
769.07,12.22
769.09,13.25
769.1,13.85
769.12,15.25
769.14,16.93
769.15,17.88
769.17,20.04
769.19,22.54
769.2,23.94
769.22,27.05
769.24,30.6
769.25,32.57
769.27,36.88
769.29,41.76
769.3,44.43
769.32,50.25
769.34,56.75
769.35,60.27
769.37,67.9
769.39,76.33
769.4,80.87
769.42,90.6
769.43,95.82
769.45,106.9
769.47,119.1
769.48,125.5
769.5,139.1
769.52,153.7
769.53,161.5
769.55,177.7
769.57,194.9
769.58,203.9
769.6,222.6
769.62,242.3
769.63,252.5
769.65,273.5
769.67,295.2
769.68,306.4
769.7,329.1
769.72,352.4
769.73,364.2
769.75,388.0
769.77,412.0
769.78,424.0
769.8,447.9
769.81,459.8
769.83,483.3
769.85,506.3
769.86,517.5
769.88,539.3
769.9,560.1
769.91,570.1
769.93,589.1
769.95,606.7
769.96,614.9
769.98,629.9
770.0,643.2
770.01,649.0
770.03,659.3
770.05,667.4
770.06,670.6
770.08,675.3
770.1,677.8
770.11,678.2
770.13,677.1
770.15,673.8
770.16,671.3
770.18,664.6
770.19,660.4
770.21,650.4
770.23,638.4
770.24,631.7
770.26,616.9
770.28,600.4
770.29,591.6
770.31,572.8
770.33,552.8
770.34,542.4
770.36,520.7
770.38,498.3
770.39,486.9
770.41,463.6
770.43,439.9
770.44,428.0
770.46,404.2
770.48,380.4
770.49,368.6
770.51,345.3
770.53,322.3
770.54,311.1
770.56,289.0
770.57,278.2
770.59,257.3
770.61,237.2
770.62,227.5
770.64,208.7
770.66,190.9
770.67,182.4
770.69,166.2
770.71,150.9
770.72,143.7
770.74,129.9
770.76,117.2
770.77,111.2
770.79,99.91
770.81,89.55
770.82,84.7
770.84,75.66
770.86,67.43
770.87,63.61
770.89,56.53
770.9,53.25
770.92,47.2
770.94,41.77
770.95,39.28
770.97,34.7
770.99,30.62
771.0,28.76
771.02,25.36
771.04,22.35
771.05,20.98
771.07,18.5
771.09,16.31
771.1,15.32
771.12,13.53
771.14,11.96
771.15,11.25
771.17,9.971
771.19,8.852
771.2,8.347
771.22,7.435
771.24,6.638
771.25,6.279
771.27,5.628
771.28,5.334
771.3,4.802
771.32,4.334
771.33,4.122
771.35,3.735
771.37,3.394
771.38,3.238
771.4,2.952
771.42,2.698
771.43,2.581
771.45,2.365
771.47,2.171
771.48,2.081
771.5,1.913
771.52,1.761
771.53,1.691
771.55,1.558
771.57,1.437
771.58,1.38
771.6,1.273
771.62,1.175
771.63,1.129
771.65,1.042
771.66,1.001
771.68,0.9246
771.7,0.8538
771.71,0.8205
771.73,0.758
771.75,0.7004
771.76,0.6734
771.78,0.6228
771.8,0.5764
771.81,0.5547
771.83,0.5142
771.85,0.4772
771.86,0.4599
771.88,0.4278
771.9,0.3986
771.91,0.3851
771.93,0.3599
771.95,0.3372
771.96,0.3266
771.98,0.3071
772.0,0.2895
772.01,0.2813
772.03,0.2662
772.04,0.2593
772.06,0.2463
772.08,0.2346
772.09,0.2292
772.11,0.2192
772.13,0.21
772.14,0.2058
772.16,0.198
772.18,0.1909
772.19,0.1876
772.21,0.1815
772.23,0.1759
772.24,0.1734
772.26,0.1688
772.28,0.1647
772.29,0.1629
772.31,0.1596
772.33,0.157
772.34,0.1559
772.36,0.1541
772.37,0.1535
772.39,0.1527
772.41,0.1527
772.42,0.153
772.44,0.1541
772.46,0.1561
772.47,0.1575
772.49,0.1609
772.51,0.1653
772.52,0.1679
772.54,0.174
772.56,0.1814
772.57,0.1855
772.59,0.1948
772.61,0.2054
772.62,0.2113
772.64,0.2242
772.66,0.2386
772.67,0.2465
772.69,0.2634
772.71,0.282
772.72,0.292
772.74,0.3133
772.75,0.3247
772.77,0.3487
772.79,0.3746
772.8,0.3883
772.82,0.4169
772.84,0.4474
772.85,0.4634
772.87,0.4965
772.89,0.5313
772.9,0.5494
772.92,0.5866
772.94,0.6252
772.95,0.645
772.97,0.6856
772.99,0.7273
773.0,0.7485
773.02,0.7915
773.04,0.8353
773.05,0.8574
773.07,0.902
773.09,0.947
773.1,0.9696
773.12,1.015
773.13,1.038
773.15,1.083
773.17,1.129
773.18,1.152
773.2,1.199
773.22,1.246
773.23,1.27
773.25,1.319
773.27,1.37
773.28,1.397
773.3,1.452
773.32,1.512
773.33,1.544
773.35,1.613
773.37,1.69
773.38,1.732
773.4,1.825
773.42,1.931
773.43,1.991
773.45,2.123
773.47,2.276
773.48,2.362
773.5,2.555
773.51,2.662
773.53,2.904
773.55,3.183
773.56,3.339
773.58,3.687
773.6,4.087
773.61,4.309
773.63,4.8
773.65,5.359
773.66,5.666
773.68,6.341
773.7,7.102
773.71,7.517
773.73,8.421
773.75,9.428
773.76,9.972
773.78,11.15
773.8,12.44
773.81,13.14
773.83,14.62
773.84,15.41
773.86,17.1
773.88,18.93
773.89,19.89
773.91,21.92
773.93,24.1
773.94,25.24
773.96,27.62
773.98,30.13
773.99,31.44
774.01,34.14
774.03,36.96
774.04,38.4
774.06,41.37
774.08,44.42
774.09,45.97
774.11,49.12
774.13,52.31
774.14,53.91
774.16,57.12
774.18,60.32
774.19,61.91
774.21,65.05
774.22,66.59
774.24,69.61
774.26,72.52
774.27,73.93
774.29,76.63
774.31,79.16
774.32,80.35
774.34,82.58
774.36,84.58
774.37,85.49
774.39,87.12
774.41,88.48
774.42,89.05
774.44,89.97
774.46,90.6
774.47,90.8
774.49,90.96
774.51,90.81
774.52,90.63
774.54,90.02
774.56,89.11
774.57,88.55
774.59,87.21
774.6,86.44
774.62,84.71
774.64,82.72
774.65,81.64
774.67,79.32
774.69,76.81
774.7,75.49
774.72,72.73
774.74,69.83
774.75,68.34
774.77,65.29
774.79,62.16
774.8,60.58
774.82,57.39
774.84,54.18
774.85,52.58
774.87,49.4
774.89,46.26
774.9,44.7
774.92,41.65
774.94,38.68
774.95,37.23
774.97,34.4
774.98,33.03
775.0,30.38
775.02,27.85
775.03,26.63
775.05,24.3
775.07,22.1
775.08,21.05
775.1,19.06
775.12,17.2
775.13,16.33
775.15,14.67
775.17,13.15
775.18,12.43
775.2,11.1
775.22,9.88
775.23,9.313
775.25,8.262
775.27,7.313
775.28,6.876
775.3,6.069
775.32,5.349
775.33,5.019
775.35,4.416
775.36,4.141
775.38,3.64
775.4,3.2
775.41,3.001
775.43,2.642
775.45,2.329
775.46,2.188
775.48,1.936
775.5,1.718
775.51,1.621
775.53,1.449
775.55,1.301
775.56,1.236
775.58,1.12
775.6,1.021
775.61,0.978
775.63,0.9013
775.65,0.8364
775.66,0.8078
775.68,0.7572
775.69,0.7348
775.71,0.6949
775.73,0.6607
775.74,0.6453
775.76,0.6175
775.78,0.5928
775.79,0.5814
775.81,0.5602
775.83,0.5406
775.84,0.5312
775.86,0.5131
775.88,0.4957
775.89,0.4871
775.91,0.4701
775.93,0.4532
775.94,0.4448
775.96,0.4278
775.98,0.4107
775.99,0.4021
776.01,0.3848
776.03,0.3673
776.04,0.3585
776.06,0.3409
776.07,0.3321
776.09,0.3145
776.11,0.297
776.12,0.2883
776.14,0.271
776.16,0.2539
776.17,0.2455
776.19,0.229
776.21,0.213
776.22,0.2051
776.24,0.1898
776.26,0.1751
776.27,0.1679
776.29,0.1541
776.31,0.141
776.32,0.1347
776.34,0.1227
776.36,0.1113
776.37,0.1059
776.39,0.09563
776.41,0.08608
776.42,0.08157
776.44,0.07307
776.45,0.06908
776.47,0.0616
776.49,0.05477
776.5,0.05159
776.52,0.04568
776.54,0.04035
776.55,0.03789
776.57,0.03336
776.59,0.02933
776.6,0.02749
776.62,0.02415
776.64,0.02122
776.65,0.0199
776.67,0.01755
776.69,0.01553
776.7,0.01464
776.72,0.01309
776.74,0.01182
776.75,0.01128
776.77,0.01039
776.79,0.009729
776.8,0.009479
776.82,0.009128
776.83,0.009025
776.85,0.008954
776.87,0.009056
776.88,0.009169
776.9,0.009511
776.92,0.01
776.93,0.0103
776.95,0.01101
776.97,0.01186
776.98,0.01233
777.0,0.01338
777.02,0.01456
777.03,0.0152
777.05,0.01657
777.07,0.01808
777.08,0.01888
777.1,0.02059
777.12,0.02243
777.13,0.02341
777.15,0.02547
777.16,0.02656
777.18,0.02885
777.2,0.0313
777.21,0.03259
777.23,0.03531
777.25,0.03822
777.26,0.03976
777.28,0.04299
777.3,0.04645
777.31,0.04828
777.33,0.05215
777.35,0.05631
777.36,0.05851
777.38,0.06318
777.4,0.06823
777.41,0.07091
777.43,0.0766
777.45,0.08278
777.46,0.08606
777.48,0.09305
777.5,0.1006
777.51,0.1047
777.53,0.1133
777.54,0.1179
777.56,0.1276
777.58,0.1382
777.59,0.1438
777.61,0.1557
777.63,0.1685
777.64,0.1753
777.66,0.1897
777.68,0.2052
777.69,0.2133
777.71,0.2304
777.73,0.2487
777.74,0.2582
777.76,0.2782
777.78,0.2993
777.79,0.3103
777.81,0.3331
777.83,0.3571
777.84,0.3694
777.86,0.3948
777.88,0.4212
777.89,0.4347
777.91,0.4623
777.92,0.4764
777.94,0.505
777.96,0.5341
777.97,0.5488
777.99,0.5783
778.01,0.608
778.02,0.6228
778.04,0.6523
778.06,0.6816
778.07,0.696
778.09,0.7243
778.11,0.7519
778.12,0.7654
778.14,0.7914
778.16,0.8162
778.17,0.8281
778.19,0.8507
778.21,0.8717
778.22,0.8815
778.24,0.8997
778.26,0.9159
778.27,0.9233
778.29,0.9364
778.3,0.9421
778.32,0.9519
778.34,0.9594
778.35,0.9624
778.37,0.9666
778.39,0.9685
778.4,0.9687
778.42,0.9675
778.44,0.9642
778.45,0.9618
778.47,0.9556
778.49,0.9477
778.5,0.9432
778.52,0.9329
778.54,0.9213
778.55,0.915
778.57,0.9017
778.59,0.8875
778.6,0.8801
778.62,0.8649
778.63,0.8571
778.65,0.8413
778.67,0.8254
778.68,0.8174
778.7,0.8015
778.72,0.7858
778.73,0.778
778.75,0.7629
778.77,0.7483
778.78,0.7412
778.8,0.7275
778.82,0.7145
778.83,0.7083
778.85,0.6964
778.87,0.6852
778.88,0.6799
778.9,0.6698
778.92,0.6603
778.93,0.6558
778.95,0.6472
778.97,0.6391
778.98,0.6352
779.0,0.6277
779.01,0.624
779.03,0.6167
779.05,0.6095
779.06,0.6059
779.08,0.5986
779.1,0.5911
779.11,0.5873
779.13,0.5793
779.15,0.5708
779.16,0.5664
779.18,0.5571
779.2,0.5472
779.21,0.542
779.23,0.5311
779.25,0.5194
779.26,0.5133
779.28,0.5006
779.3,0.4871
779.31,0.4801
779.33,0.4655
779.35,0.4503
779.36,0.4425
779.38,0.4265
779.39,0.4182
779.41,0.4015
779.43,0.3843
779.44,0.3756
779.46,0.3581
779.48,0.3404
779.49,0.3315
779.51,0.3137
779.53,0.296
779.54,0.2872
779.56,0.2698
779.58,0.2526
779.59,0.2442
779.61,0.2276
779.63,0.2115
779.64,0.2036
779.66,0.1883
779.68,0.1736
779.69,0.1665
779.71,0.1528
779.73,0.1398
779.74,0.1335
779.76,0.1216
779.77,0.1159
779.79,0.105
779.81,0.09489
779.82,0.09009
779.84,0.08103
779.86,0.07268
779.87,0.06876
779.89,0.06141
779.91,0.05472
779.92,0.0516
779.94,0.04582
779.96,0.04062
779.97,0.03822
779.99,0.03383
780.01,0.02992
780.02,0.02815
780.04,0.02494
780.06,0.02214
780.07,0.02089
780.09,0.01867
780.1,0.01769
780.12,0.01599
780.14,0.01459
780.15,0.014
780.17,0.01303
780.19,0.0123
780.2,0.01203
780.22,0.01166
780.24,0.0115
780.25,0.01149
780.27,0.01161
780.29,0.01191
780.3,0.01212
780.32,0.01266
780.34,0.01335
780.35,0.01374
780.37,0.01463
780.39,0.01564
780.4,0.01619
780.42,0.01737
780.44,0.01866
780.45,0.01934
780.47,0.02076
780.48,0.0215
780.5,0.02305
780.52,0.02466
780.53,0.02549
780.55,0.0272
780.57,0.02895
780.58,0.02985
780.6,0.03166
780.62,0.0335
780.63,0.03443
780.65,0.03629
780.67,0.03816
780.68,0.03909
780.7,0.04096
780.72,0.04281
780.73,0.04372
780.75,0.04554
780.77,0.04733
780.78,0.04821
780.8,0.04995
780.82,0.05165
780.83,0.05249
780.85,0.05415
780.86,0.05496
780.88,0.05657
780.9,0.05815
780.91,0.05894
780.93,0.06051
780.95,0.06208
780.96,0.06288
780.98,0.06449
781.0,0.06614
781.01,0.06699
781.03,0.06876
781.05,0.07064
781.06,0.07163
781.08,0.07372
781.1,0.07599
781.11,0.07721
781.13,0.07983
781.15,0.08273
781.16,0.08429
781.18,0.08768
781.2,0.09145
781.21,0.09349
781.23,0.09791
781.24,0.1003
781.26,0.1055
781.28,0.1112
781.29,0.1143
781.31,0.1209
781.33,0.1282
781.34,0.1322
781.36,0.1405
781.38,0.1496
781.39,0.1545
781.41,0.1647
781.43,0.1758
781.44,0.1817
781.46,0.194
781.48,0.2071
781.49,0.214
781.51,0.2283
781.53,0.2434
781.54,0.2513
781.56,0.2676
781.58,0.2845
781.59,0.2932
781.61,0.3111
781.62,0.3203
781.64,0.339
781.66,0.3581
781.67,0.3678
781.69,0.3874
781.71,0.4072
781.72,0.4171
781.74,0.4369
781.76,0.4566
781.77,0.4664
781.79,0.4857
781.81,0.5046
781.82,0.5139
781.84,0.5319
781.86,0.5491
781.87,0.5574
781.89,0.5733
781.91,0.5882
781.92,0.5952
781.94,0.6083
781.95,0.6143
781.97,0.6254
781.99,0.6351
782.0,0.6394
782.02,0.6468
782.04,0.6526
782.05,0.655
782.07,0.6584
782.09,0.6603
782.1,0.6607
782.12,0.6602
782.14,0.6582
782.15,0.6567
782.17,0.6526
782.19,0.6471
782.2,0.644
782.22,0.6369
782.24,0.6288
782.25,0.6245
782.27,0.6154
782.29,0.6059
782.3,0.6012
782.32,0.5917
782.33,0.5871
782.35,0.5784
782.37,0.5707
782.38,0.5675
782.4,0.5625
782.42,0.56
782.43,0.56
782.45,0.5628
782.47,0.5703
782.48,0.5761
782.5,0.5927
782.52,0.6171
782.53,0.6328
782.55,0.6719
782.57,0.7233
782.58,0.7543
782.6,0.8285
782.62,0.9213
782.63,0.9756
782.65,1.102
782.67,1.257
782.68,1.345
782.7,1.549
782.71,1.666
782.73,1.931
782.75,2.244
782.76,2.421
782.78,2.819
782.8,3.284
782.81,3.545
782.83,4.126
782.85,4.796
782.86,5.167
782.88,5.991
782.9,6.93
782.91,7.447
782.93,8.583
782.95,9.866
782.96,10.57
782.98,12.09
783.0,13.8
783.01,14.73
783.03,16.73
783.05,18.95
783.06,20.14
783.08,22.7
783.09,24.07
783.11,27.0
783.13,30.19
783.14,31.88
783.16,35.48
783.18,39.35
783.19,41.39
783.21,45.68
783.23,50.25
783.24,52.63
783.26,57.61
783.28,62.86
783.29,65.58
783.31,71.2
783.33,77.04
783.34,80.04
783.36,86.19
783.38,92.5
783.39,95.71
783.41,102.2
783.42,105.5
783.44,112.1
783.46,118.7
783.47,122.0
783.49,128.6
783.51,135.1
783.52,138.3
783.54,144.6
783.56,150.6
783.57,153.5
783.59,159.2
783.61,164.5
783.62,167.0
783.64,171.7
783.66,175.9
783.67,177.9
783.69,181.4
783.71,184.3
783.72,185.6
783.74,187.7
783.76,189.2
783.77,189.7
783.79,190.3
783.8,190.3
783.82,190.0
783.84,189.0
783.85,188.2
783.87,186.3
783.89,183.8
783.9,182.4
783.92,179.0
783.94,175.2
783.95,173.1
783.97,168.5
783.99,163.5
784.0,160.9
784.02,155.4
784.04,149.6
784.05,146.6
784.07,140.4
784.09,134.1
784.1,130.9
784.12,124.3
784.14,117.8
784.15,114.5
784.17,107.9
784.18,104.7
784.2,98.2
784.22,91.87
784.23,88.76
784.25,82.66
784.27,76.77
784.28,73.91
784.3,68.36
784.32,63.07
784.33,60.53
784.35,55.66
784.37,51.08
784.38,48.91
784.4,44.78
784.42,40.96
784.43,39.16
784.45,35.8
784.47,32.74
784.48,31.32
784.5,28.7
784.52,26.37
784.53,25.3
784.55,23.37
784.56,22.5
784.58,20.95
784.6,19.63
784.61,19.06
784.63,18.07
784.65,17.28
784.66,16.95
784.68,16.43
784.7,16.07
784.71,15.94
784.73,15.8
784.75,15.77
784.76,15.81
784.78,15.94
784.8,16.16
784.81,16.3
784.83,16.63
784.85,17.01
784.86,17.22
784.88,17.66
784.89,17.88
784.91,18.35
784.93,18.83
784.94,19.06
784.96,19.53
784.98,19.97
784.99,20.19
785.01,20.59
785.03,20.95
785.04,21.12
785.06,21.41
785.08,21.65
785.09,21.75
785.11,21.9
785.13,21.99
785.14,22.01
785.16,22.0
785.18,21.92
785.19,21.86
785.21,21.68
785.23,21.43
785.24,21.29
785.26,20.95
785.27,20.75
785.29,20.32
785.31,19.83
785.32,19.57
785.34,19.01
785.36,18.41
785.37,18.09
785.39,17.43
785.41,16.74
785.42,16.38
785.44,15.65
785.46,14.91
785.47,14.53
785.49,13.78
785.51,13.01
785.52,12.63
785.54,11.88
785.56,11.13
785.57,10.76
785.59,10.03
785.61,9.323
785.62,8.977
785.64,8.302
785.65,7.974
785.67,7.338
785.69,6.73
785.7,6.438
785.72,5.876
785.74,5.345
785.75,5.092
785.77,4.61
785.79,4.159
785.8,3.946
785.82,3.543
785.84,3.17
785.85,2.995
785.87,2.667
785.89,2.367
785.9,2.228
785.92,1.967
785.94,1.732
785.95,1.623
785.97,1.422
785.99,1.241
786.0,1.158
786.02,1.006
786.03,0.9368
786.05,0.8099
786.07,0.6979
786.08,0.647
786.1,0.5548
786.12,0.4741
786.13,0.4377
786.15,0.3723
786.17,0.3156
786.18,0.2902
786.2,0.2448
786.22,0.2058
786.23,0.1885
786.25,0.1577
786.27,0.1316
786.28,0.1201
786.3,0.09975
786.32,0.08265
786.33,0.07518
786.35,0.06211
786.36,0.05644
786.38,0.04658
786.4,0.0385
786.41,0.03505
786.43,0.02917
786.45,0.02451
786.46,0.02259
786.48,0.0195
786.5,0.0173
786.51,0.01652
786.53,0.01554
786.55,0.01532
786.56,0.0155
786.58,0.01642
786.6,0.01814
786.61,0.01932
786.63,0.02236
786.65,0.02641
786.66,0.02885
786.68,0.03468
786.7,0.04193
786.71,0.04616
786.73,0.056
786.74,0.06169
786.76,0.0748
786.78,0.09056
786.79,0.09957
786.81,0.1202
786.83,0.1447
786.84,0.1586
786.86,0.1901
786.88,0.2273
786.89,0.2483
786.91,0.2956
786.93,0.351
786.94,0.382
786.96,0.4516
786.98,0.5325
786.99,0.5775
787.01,0.6781
787.03,0.794
787.04,0.8583
787.06,1.001
787.08,1.164
787.09,1.255
787.11,1.454
787.12,1.564
787.14,1.805
787.16,2.079
787.17,2.229
787.19,2.558
787.21,2.928
787.22,3.131
787.24,3.572
787.26,4.067
787.27,4.336
787.29,4.921
787.31,5.573
787.32,5.926
787.34,6.691
787.36,7.54
787.37,7.998
787.39,8.986
787.41,10.08
787.42,10.67
787.44,11.93
787.46,13.32
787.47,14.06
787.49,15.66
787.5,16.51
787.52,18.33
787.54,20.32
787.55,21.38
787.57,23.64
787.59,26.1
787.6,27.4
787.62,30.16
787.64,33.14
787.65,34.72
787.67,38.05
787.69,41.63
787.7,43.51
787.72,47.46
787.74,51.67
787.75,53.88
787.77,58.49
787.79,63.37
787.8,65.91
787.82,71.19
787.84,76.72
787.85,79.59
787.87,85.49
787.88,88.54
787.9,94.79
787.92,101.2
787.93,104.5
787.95,111.3
787.97,118.1
787.98,121.6
788.0,128.7
788.02,135.8
788.03,139.3
788.05,146.4
788.07,153.5
788.08,157.0
788.1,163.9
788.12,170.6
788.13,173.9
788.15,180.3
788.17,186.4
788.18,189.4
788.2,194.9
788.21,197.6
788.23,202.5
788.25,207.0
788.26,209.0
788.28,212.6
788.3,215.7
788.31,217.0
788.33,219.1
788.35,220.6
788.36,221.0
788.38,221.5
788.4,221.3
788.41,220.9
788.43,219.6
788.45,217.7
788.46,216.5
788.48,213.6
788.5,210.1
788.51,208.1
788.53,203.6
788.55,198.7
788.56,196.0
788.58,190.3
788.59,187.3
788.61,181.0
788.63,174.4
788.64,171.0
788.66,163.9
788.68,156.6
788.69,152.9
788.71,145.5
788.73,137.9
788.74,134.1
788.76,126.6
788.78,119.0
788.79,115.3
788.81,108.0
788.83,100.8
788.84,97.27
788.86,90.4
788.88,83.77
788.89,80.56
788.91,74.35
788.93,68.45
788.94,65.62
788.96,60.2
788.97,57.62
788.99,52.72
789.01,48.17
789.02,46.03
789.04,42.0
789.06,38.33
789.07,36.62
789.09,33.46
789.11,30.64
789.12,29.35
789.14,27.02
789.16,24.99
789.17,24.09
789.19,22.5
789.21,21.19
789.22,20.64
789.24,19.72
789.26,19.03
789.27,18.78
789.29,18.43
789.31,18.28
789.32,18.28
789.34,18.4
789.35,18.53
789.37,18.89
789.39,19.39
789.4,19.69
789.42,20.38
789.44,21.17
789.45,21.59
789.47,22.51
789.49,23.48
789.5,23.99
789.52,25.03
789.54,26.11
789.55,26.65
789.57,27.74
789.59,28.82
789.6,29.35
789.62,30.4
789.64,31.4
789.65,31.89
789.67,32.81
789.68,33.25
789.7,34.06
789.72,34.8
789.73,35.13
789.75,35.73
789.77,36.22
789.78,36.42
789.8,36.75
789.82,36.96
789.83,37.02
789.85,37.05
789.87,36.97
789.88,36.88
789.9,36.61
789.92,36.23
789.93,36.0
789.95,35.45
789.97,34.8
789.98,34.43
790.0,33.63
790.02,32.74
790.03,32.26
790.05,31.25
790.06,30.72
790.08,29.62
790.1,28.46
790.11,27.86
790.13,26.64
790.15,25.39
790.16,24.75
790.18,23.48
790.2,22.19
790.21,21.55
790.23,20.27
790.25,19.01
790.26,18.38
790.28,17.16
790.3,15.96
790.31,15.37
790.33,14.23
790.35,13.13
790.36,12.6
790.38,11.58
790.4,10.6
790.41,10.14
790.43,9.242
790.44,8.816
790.46,8.005
790.48,7.248
790.49,6.891
790.51,6.216
790.53,5.595
790.54,5.304
790.56,4.759
790.58,4.264
790.59,4.034
790.61,3.607
790.63,3.224
790.64,3.048
790.66,2.726
790.68,2.44
790.69,2.311
790.71,2.076
790.73,1.872
790.74,1.782
790.76,1.62
790.78,1.485
790.79,1.426
790.81,1.325
790.82,1.283
790.84,1.213
790.86,1.163
790.87,1.145
790.89,1.122
790.91,1.116
790.92,1.12
790.94,1.139
790.96,1.175
790.97,1.199
790.99,1.261
791.01,1.34
791.02,1.387
791.04,1.496
791.06,1.625
791.07,1.698
791.09,1.862
791.11,2.052
791.12,2.157
791.14,2.39
791.15,2.518
791.17,2.8
791.19,3.119
791.2,3.292
791.22,3.672
791.24,4.096
791.25,4.325
791.27,4.823
791.29,5.375
791.3,5.672
791.32,6.31
791.34,7.011
791.35,7.386
791.37,8.187
791.39,9.057
791.4,9.519
791.42,10.5
791.44,11.55
791.45,12.11
791.47,13.27
791.49,14.52
791.5,15.17
791.52,16.53
791.53,17.23
791.55,18.69
791.57,20.23
791.58,21.02
791.6,22.64
791.62,24.32
791.63,25.18
791.65,26.93
791.67,28.71
791.68,29.61
791.7,31.43
791.72,33.26
791.73,34.18
791.75,36.01
791.77,37.82
791.78,38.71
791.8,40.47
791.82,42.18
791.83,43.01
791.85,44.63
791.87,46.16
791.88,46.9
791.9,48.29
791.91,48.95
791.93,50.19
791.95,51.3
791.96,51.81
791.98,52.73
792.0,53.51
792.01,53.85
792.03,54.42
792.05,54.85
792.06,55.01
792.08,55.23
792.1,55.3
792.11,55.29
792.13,55.16
792.15,54.9
792.16,54.73
792.18,54.3
792.2,53.76
792.21,53.46
792.23,52.78
792.25,52.03
792.26,51.62
792.28,50.78
792.29,50.34
792.31,49.43
792.33,48.49
792.34,48.02
792.36,47.06
792.38,46.11
792.39,45.65
792.41,44.73
792.43,43.84
792.44,43.42
792.46,42.6
792.48,41.84
792.49,41.49
792.51,40.83
792.53,40.24
792.54,39.98
792.56,39.52
792.58,39.14
792.59,38.98
792.61,38.75
792.62,38.66
792.64,38.56
792.66,38.56
792.67,38.6
792.69,38.74
792.71,38.99
792.72,39.14
792.74,39.54
792.76,40.02
792.77,40.31
792.79,40.94
792.81,41.67
792.82,42.07
792.84,42.94
792.86,43.9
792.87,44.42
792.89,45.51
792.91,46.69
792.92,47.31
792.94,48.6
792.96,49.97
792.97,50.68
792.99,52.15
793.0,52.91
793.02,54.46
793.04,56.05
793.05,56.86
793.07,58.5
793.09,60.17
793.1,61.0
793.12,62.66
793.14,64.32
793.15,65.13
793.17,66.74
793.19,68.29
793.2,69.05
793.22,70.5
793.24,71.86
793.25,72.51
793.27,73.71
793.29,74.79
793.3,75.28
793.32,76.15
793.34,76.86
793.35,77.15
793.37,77.6
793.38,77.76
793.4,77.95
793.42,77.94
793.43,77.86
793.45,77.57
793.47,77.08
793.48,76.77
793.5,76.0
793.52,75.04
793.53,74.5
793.55,73.3
793.57,71.94
793.58,71.2
793.6,69.63
793.62,67.95
793.63,67.07
793.65,65.25
793.67,63.35
793.68,62.39
793.7,60.44
793.72,58.48
793.73,57.5
793.75,55.57
793.76,54.62
793.78,52.77
793.8,51.0
793.81,50.16
793.83,48.56
793.85,47.1
793.86,46.43
793.88,45.21
793.9,44.18
793.91,43.74
793.93,43.02
793.95,42.53
793.96,42.36
793.98,42.22
794.0,42.33
794.01,42.47
794.03,42.95
794.05,43.69
794.06,44.15
794.08,45.26
794.1,46.61
794.11,47.38
794.13,49.08
794.14,50.02
794.16,52.05
794.18,54.27
794.19,55.45
794.21,57.93
794.23,60.55
794.24,61.91
794.26,64.71
794.28,67.58
794.29,69.05
794.31,71.99
794.33,74.95
794.34,76.42
794.36,79.34
794.38,82.18
794.39,83.57
794.41,86.27
794.43,88.82
794.44,90.03
794.46,92.32
794.47,93.39
794.49,95.35
794.51,97.08
794.52,97.84
794.54,99.17
794.56,100.2
794.57,100.6
794.59,101.2
794.61,101.5
794.62,101.5
794.64,101.3
794.66,100.7
794.67,100.3
794.69,99.33
794.71,98.02
794.72,97.26
794.74,95.51
794.76,93.5
794.77,92.4
794.79,90.01
794.81,87.4
794.82,86.02
794.84,83.13
794.85,81.62
794.87,78.48
794.89,75.23
794.9,73.56
794.92,70.17
794.94,66.71
794.95,64.97
794.97,61.47
794.99,57.97
795.0,56.23
795.02,52.77
795.04,49.36
795.05,47.68
795.07,44.39
795.09,41.19
795.1,39.62
795.12,36.59
795.14,33.67
795.15,32.27
795.17,29.55
795.19,26.98
795.2,25.75
795.22,23.39
795.23,22.27
795.25,20.13
795.27,18.15
795.28,17.21
795.3,15.43
795.32,13.8
795.33,13.03
795.35,11.6
795.37,10.29
795.38,9.68
795.4,8.549
795.42,7.528
795.43,7.057
795.45,6.188
795.47,5.412
795.48,5.057
795.5,4.407
795.52,3.833
795.53,3.572
795.55,3.1
795.57,2.687
795.58,2.501
795.6,2.167
795.61,2.018
795.63,1.752
795.65,1.524
795.66,1.424
795.68,1.247
795.7,1.098
795.71,1.034
795.73,0.9224
795.75,0.8316
795.76,0.7931
795.78,0.7285
795.8,0.6783
795.81,0.6581
795.83,0.626
795.85,0.6037
795.86,0.5958
795.88,0.5855
795.9,0.5816
795.91,0.5817
795.93,0.5854
795.94,0.5888
795.96,0.598
795.98,0.6101
795.99,0.6169
796.01,0.6319
796.03,0.6483
796.04,0.6568
796.06,0.6745
796.08,0.6926
796.09,0.7018
796.11,0.7202
796.13,0.7387
796.14,0.7479
796.16,0.7662
796.18,0.7846
796.19,0.7938
796.21,0.8122
796.23,0.831
796.24,0.8406
796.26,0.8603
796.28,0.8811
796.29,0.892
796.31,0.9151
796.32,0.9273
796.34,0.9537
796.36,0.983
796.37,0.9989
796.39,1.034
796.41,1.073
796.42,1.094
796.44,1.141
796.46,1.194
796.47,1.223
796.49,1.287
796.51,1.358
796.52,1.397
796.54,1.482
796.56,1.575
796.57,1.626
796.59,1.735
796.61,1.855
796.62,1.919
796.64,2.055
796.66,2.203
796.67,2.281
796.69,2.446
796.7,2.533
796.72,2.715
796.74,2.909
796.75,3.009
796.77,3.218
796.79,3.437
796.8,3.55
796.82,3.781
796.84,4.02
796.85,4.142
796.87,4.389
796.89,4.641
796.9,4.767
796.92,5.022
796.94,5.276
796.95,5.402
796.97,5.653
796.99,5.899
797.0,6.019
797.02,6.254
797.04,6.479
797.05,6.588
797.07,6.795
797.08,6.893
797.1,7.078
797.12,7.246
797.13,7.323
797.15,7.463
797.17,7.583
797.18,7.634
797.2,7.721
797.22,7.785
797.23,7.808
797.25,7.837
797.27,7.841
797.28,7.834
797.3,7.803
797.32,7.748
797.33,7.712
797.35,7.623
797.37,7.513
797.38,7.45
797.4,7.309
797.41,7.231
797.43,7.062
797.45,6.878
797.46,6.78
797.48,6.574
797.5,6.356
797.51,6.243
797.53,6.01
797.55,5.771
797.56,5.649
797.58,5.403
797.6,5.154
797.61,5.029
797.63,4.78
797.65,4.533
797.66,4.411
797.68,4.17
797.7,3.934
797.71,3.819
797.73,3.595
797.75,3.379
797.76,3.275
797.78,3.074
797.79,2.978
797.81,2.793
797.83,2.62
797.84,2.538
797.86,2.382
797.88,2.239
797.89,2.172
797.91,2.047
797.93,1.934
797.94,1.881
797.96,1.785
797.98,1.7
797.99,1.661
798.01,1.592
798.03,1.531
798.04,1.505
798.06,1.458
798.08,1.419
798.09,1.402
798.11,1.374
798.13,1.351
798.14,1.342
798.16,1.328
798.17,1.322
798.19,1.313
798.21,1.308
798.22,1.306
798.24,1.304
798.26,1.303
798.27,1.303
798.29,1.303
798.31,1.303
798.32,1.303
798.34,1.302
798.36,1.3
798.37,1.299
798.39,1.294
798.41,1.288
798.42,1.284
798.44,1.274
798.46,1.262
798.47,1.254
798.49,1.238
798.51,1.219
798.52,1.208
798.54,1.185
798.55,1.173
798.57,1.146
798.59,1.117
798.6,1.101
798.62,1.069
798.64,1.034
798.65,1.016
798.67,0.9794
798.69,0.941
798.7,0.9214
798.72,0.8814
798.74,0.8407
798.75,0.8201
798.77,0.7788
798.79,0.7373
798.8,0.7166
798.82,0.6754
798.84,0.6346
798.85,0.6145
798.87,0.5748
798.88,0.5553
798.9,0.5171
798.92,0.48
798.93,0.462
798.95,0.4269
798.97,0.3933
798.98,0.3771
799.0,0.3458
799.02,0.3162
799.03,0.302
799.05,0.2748
799.07,0.2493
799.08,0.2372
799.1,0.2142
799.12,0.1929
799.13,0.1828
799.15,0.1638
799.17,0.1464
799.18,0.1382
799.2,0.1229
799.22,0.1089
799.23,0.1025
799.25,0.09042
799.26,0.08484
799.28,0.07453
799.3,0.06527
799.31,0.06101
799.33,0.05318
799.35,0.04622
799.36,0.04304
799.38,0.03725
799.4,0.03214
799.41,0.02983
799.43,0.02564
799.45,0.02199
799.46,0.02035
799.48,0.01741
799.5,0.01488
799.51,0.01376
799.53,0.01177
799.55,0.01011
799.56,0.009385
799.58,0.008142
799.6,0.007153
799.61,0.006747
799.63,0.006105
799.64,0.005867
799.66,0.00555
799.68,0.005446
799.69,0.005474
799.71,0.005698
799.73,0.006155
799.74,0.006476
799.76,0.00732
799.78,0.008457
799.79,0.009147
799.81,0.0108
799.83,0.01285
799.84,0.01405
799.86,0.01682
799.88,0.02017
799.89,0.02209
799.91,0.02647
799.93,0.03167
799.94,0.03462
799.96,0.04128
799.98,0.0491
799.99,0.05349
800.01,0.06335
800.02,0.06886
800.04,0.08119
800.06,0.09542
800.07,0.1033
800.09,0.1209
800.11,0.141
800.12,0.152
800.14,0.1764
800.16,0.2041
800.17,0.2193
800.19,0.2525
800.21,0.2898
800.22,0.3101
800.24,0.3541
800.26,0.4032
800.27,0.4297
800.29,0.4869
800.31,0.5499
800.32,0.5837
800.34,0.6561
800.36,0.7352
800.37,0.7772
800.39,0.8667
800.4,0.9141
800.42,1.014
800.44,1.122
800.45,1.179
800.47,1.298
800.49,1.424
800.5,1.49
800.52,1.627
800.54,1.771
800.55,1.846
800.57,2.0
800.59,2.16
800.6,2.242
800.62,2.409
800.64,2.581
800.65,2.668
800.67,2.845
800.69,3.023
800.7,3.113
800.72,3.292
800.73,3.382
800.75,3.56
800.77,3.735
800.78,3.821
800.8,3.99
800.82,4.153
800.83,4.232
800.85,4.384
800.87,4.526
800.88,4.594
800.9,4.721
800.92,4.836
800.93,4.888
800.95,4.983
800.97,5.064
800.98,5.098
801.0,5.156
801.02,5.197
801.03,5.212
801.05,5.228
801.07,5.228
801.08,5.222
801.1,5.197
801.11,5.178
801.13,5.129
801.15,5.064
801.16,5.025
801.18,4.937
801.2,4.836
801.21,4.78
801.23,4.659
801.25,4.526
801.26,4.456
801.28,4.309
801.3,4.153
801.31,4.072
801.33,3.906
801.35,3.735
801.36,3.648
801.38,3.471
801.4,3.292
801.41,3.203
801.43,3.023
801.45,2.845
801.46,2.756
801.48,2.581
801.49,2.495
801.51,2.325
801.53,2.16
801.54,2.079
801.56,1.922
801.58,1.771
801.59,1.698
801.61,1.558
801.63,1.424
801.64,1.36
801.66,1.237
801.68,1.122
801.69,1.067
801.71,0.9633
801.73,0.8667
801.74,0.8211
801.76,0.7352
801.78,0.6561
801.79,0.6191
801.81,0.5499
801.83,0.4869
801.84,0.4576
801.86,0.4032
801.87,0.378
801.89,0.3315
801.91,0.2898
801.92,0.2706
801.94,0.2354
801.96,0.2041
801.97,0.1899
801.99,0.1639
802.01,0.141
802.02,0.1306
802.04,0.1118
802.06,0.09547
802.07,0.0881
802.09,0.07487
802.11,0.06344
802.12,0.05834
802.14,0.04924
802.16,0.04147
802.17,0.03803
802.19,0.03195
802.2,0.02928
802.22,0.0246
802.24,0.02071
802.25,0.01903
802.27,0.01616
802.29,0.01387
802.3,0.01292
802.32,0.01139
802.34,0.01033
802.35,0.009957
802.37,0.009533
802.39,0.009526
802.4,0.009679
802.42,0.01031
802.44,0.01139
802.45,0.01212
802.47,0.01396
802.49,0.01637
802.5,0.01782
802.52,0.02125
802.54,0.02548
802.55,0.02794
802.57,0.03362
802.58,0.03688
802.6,0.04435
802.62,0.05326
802.63,0.05832
802.65,0.0698
802.67,0.08332
802.68,0.09094
802.7,0.1081
802.72,0.1281
802.73,0.1393
802.75,0.1644
802.77,0.1933
802.78,0.2094
802.8,0.2451
802.82,0.2859
802.83,0.3085
802.85,0.3583
802.87,0.4147
802.88,0.4457
802.9,0.5135
802.92,0.5897
802.93,0.6312
802.95,0.7214
802.96,0.7704
802.98,0.8763
803.0,0.9937
803.01,1.057
803.03,1.193
803.05,1.342
803.06,1.421
803.08,1.591
803.1,1.776
803.11,1.874
803.13,2.081
803.15,2.305
803.16,2.422
803.18,2.669
803.2,2.932
803.21,3.069
803.23,3.355
803.25,3.656
803.26,3.812
803.28,4.134
803.3,4.469
803.31,4.641
803.33,4.994
803.34,5.174
803.36,5.54
803.38,5.914
803.39,6.102
803.41,6.483
803.43,6.865
803.44,7.056
803.46,7.437
803.48,7.813
803.49,7.999
803.51,8.364
803.53,8.718
803.54,8.889
803.56,9.221
803.58,9.536
803.59,9.685
803.61,9.968
803.63,10.23
803.64,10.35
803.66,10.56
803.67,10.66
803.69,10.83
803.71,10.98
803.72,11.03
803.74,11.13
803.76,11.18
803.77,11.2
803.79,11.2
803.81,11.17
803.82,11.14
803.84,11.06
803.86,10.95
803.87,10.88
803.89,10.72
803.91,10.53
803.92,10.42
803.94,10.19
803.96,9.933
803.97,9.797
803.99,9.51
804.01,9.205
804.02,9.047
804.04,8.721
804.05,8.554
804.07,8.214
804.09,7.868
804.1,7.693
804.12,7.344
804.14,6.995
804.15,6.822
804.17,6.48
804.19,6.146
804.2,5.983
804.22,5.664
804.24,5.359
804.25,5.212
804.27,4.929
804.29,4.664
804.3,4.538
804.32,4.301
804.34,4.085
804.35,3.985
804.37,3.8
804.39,3.637
804.4,3.564
804.42,3.435
804.43,3.379
804.45,3.284
804.47,3.212
804.48,3.184
804.5,3.144
804.52,3.127
804.53,3.126
804.55,3.14
804.57,3.174
804.58,3.198
804.6,3.26
804.62,3.341
804.63,3.387
804.65,3.493
804.67,3.613
804.68,3.679
804.7,3.82
804.72,3.973
804.73,4.053
804.75,4.222
804.77,4.398
804.78,4.49
804.8,4.676
804.81,4.771
804.83,4.964
804.85,5.159
804.86,5.257
804.88,5.452
804.9,5.644
804.91,5.739
804.93,5.926
804.95,6.106
804.96,6.193
804.98,6.36
805.0,6.517
805.01,6.592
805.03,6.731
805.05,6.856
805.06,6.913
805.08,7.016
805.1,7.102
805.11,7.138
805.13,7.198
805.14,7.221
805.16,7.253
805.18,7.267
805.19,7.266
805.21,7.251
805.23,7.217
805.24,7.192
805.26,7.13
805.28,7.05
805.29,7.003
805.31,6.897
805.33,6.775
805.34,6.708
805.36,6.564
805.38,6.406
805.39,6.322
805.41,6.146
805.43,5.96
805.44,5.864
805.46,5.665
805.48,5.46
805.49,5.355
805.51,5.143
805.52,5.035
805.54,4.818
805.56,4.6
805.57,4.491
805.59,4.274
805.61,4.059
805.62,3.952
805.64,3.742
805.66,3.536
805.67,3.435
805.69,3.239
805.71,3.049
805.72,2.957
805.74,2.778
805.76,2.609
805.77,2.527
805.79,2.372
805.81,2.226
805.82,2.157
805.84,2.027
805.86,1.909
805.87,1.853
805.89,1.752
805.9,1.705
805.92,1.622
805.94,1.55
805.95,1.519
805.97,1.467
805.99,1.428
806.0,1.414
806.02,1.395
806.04,1.391
806.05,1.394
806.07,1.411
806.09,1.444
806.1,1.466
806.12,1.522
806.14,1.595
806.15,1.637
806.17,1.735
806.19,1.851
806.2,1.916
806.22,2.06
806.24,2.224
806.25,2.314
806.27,2.508
806.28,2.613
806.3,2.84
806.32,3.09
806.33,3.224
806.35,3.51
806.37,3.821
806.38,3.986
806.4,4.336
806.42,4.714
806.43,4.914
806.45,5.335
806.47,5.787
806.48,6.024
806.5,6.523
806.52,7.056
806.53,7.334
806.55,7.918
806.57,8.538
806.58,8.862
806.6,9.537
806.62,10.25
806.63,10.62
806.65,11.4
806.66,11.8
806.68,12.63
806.7,13.5
806.71,13.95
806.73,14.89
806.75,15.86
806.76,16.37
806.78,17.4
806.8,18.47
806.81,19.03
806.83,20.15
806.85,21.32
806.86,21.91
806.88,23.12
806.9,24.35
806.91,24.98
806.93,26.25
806.95,27.53
806.96,28.18
806.98,29.48
806.99,30.13
807.01,31.43
807.03,32.73
807.04,33.37
807.06,34.65
807.08,35.9
807.09,36.52
807.11,37.72
807.13,38.89
807.14,39.45
807.16,40.55
807.18,41.58
807.19,42.07
807.21,43.0
807.23,43.86
807.24,44.25
807.26,44.99
807.28,45.63
807.29,45.91
807.31,46.41
807.33,46.81
807.34,46.97
807.36,47.21
807.37,47.29
807.39,47.37
807.41,47.34
807.42,47.29
807.44,47.1
807.46,46.81
807.47,46.62
807.49,46.17
807.51,45.63
807.52,45.32
807.54,44.63
807.56,43.85
807.57,43.43
807.59,42.53
807.61,41.55
807.62,41.04
807.64,39.97
807.66,38.83
807.67,38.25
807.69,37.04
807.71,35.79
807.72,35.16
807.74,33.86
807.75,33.21
807.77,31.88
807.79,30.54
807.8,29.86
807.82,28.52
807.84,27.17
807.85,26.5
807.87,25.17
807.89,23.85
807.9,23.2
807.92,21.92
807.94,20.66
807.95,20.04
807.97,18.83
807.99,17.66
808.0,17.08
808.02,15.97
808.04,14.89
808.05,14.37
808.07,13.36
808.09,12.39
808.1,11.93
808.12,11.03
808.13,10.6
808.15,9.776
808.17,8.995
808.18,8.623
808.2,7.911
808.22,7.245
808.23,6.929
808.25,6.328
808.27,5.771
808.28,5.507
808.3,5.011
808.32,4.554
808.33,4.339
808.35,3.938
808.37,3.572
808.38,3.401
808.4,3.085
808.42,2.799
808.43,2.668
808.45,2.426
808.46,2.316
808.48,2.114
808.5,1.938
808.51,1.859
808.53,1.717
808.55,1.598
808.56,1.546
808.58,1.457
808.6,1.387
808.61,1.359
808.63,1.317
808.65,1.292
808.66,1.286
808.68,1.285
808.7,1.301
808.71,1.315
808.73,1.355
808.75,1.41
808.76,1.443
808.78,1.522
808.8,1.615
808.81,1.668
808.83,1.785
808.84,1.849
808.86,1.99
808.88,2.146
808.89,2.23
808.91,2.41
808.93,2.605
808.94,2.709
808.96,2.928
808.98,3.162
808.99,3.285
809.01,3.542
809.03,3.813
809.04,3.954
809.06,4.245
809.08,4.548
809.09,4.704
809.11,5.024
809.13,5.353
809.14,5.521
809.16,5.861
809.18,6.206
809.19,6.381
809.21,6.731
809.22,6.906
809.24,7.256
809.26,7.604
809.27,7.776
809.29,8.115
809.31,8.446
809.32,8.608
809.34,8.922
809.36,9.223
809.37,9.367
809.39,9.643
809.41,9.899
809.42,10.02
809.44,10.24
809.46,10.45
809.47,10.54
809.49,10.7
809.51,10.84
809.52,10.9
809.54,11.0
809.56,11.07
809.57,11.09
809.59,11.12
809.6,11.12
809.62,11.11
809.64,11.07
809.65,11.04
809.67,10.96
809.69,10.86
809.7,10.8
809.72,10.66
809.74,10.51
809.75,10.42
809.77,10.23
809.79,10.03
809.8,9.926
809.82,9.703
809.84,9.467
809.85,9.346
809.87,9.096
809.89,8.838
809.9,8.707
809.92,8.441
809.93,8.306
809.95,8.035
809.97,7.763
809.98,7.627
810.0,7.354
810.02,7.083
810.03,6.948
810.05,6.681
810.07,6.417
810.08,6.287
810.1,6.029
810.12,5.777
810.13,5.653
810.15,5.408
810.17,5.169
810.18,5.052
810.2,4.822
810.22,4.599
810.23,4.489
810.25,4.275
810.27,4.066
810.28,3.964
810.3,3.765
810.31,3.668
810.33,3.478
810.35,3.293
810.36,3.204
810.38,3.028
810.4,2.859
810.41,2.776
810.43,2.615
810.45,2.46
810.46,2.385
810.48,2.238
810.5,2.097
810.51,2.028
810.53,1.896
810.55,1.769
810.56,1.707
810.58,1.588
810.6,1.475
810.61,1.42
810.63,1.315
810.65,1.215
810.66,1.168
810.68,1.076
810.69,1.032
810.71,0.9474
810.73,0.8682
810.74,0.8305
810.76,0.7587
810.78,0.6916
810.79,0.6598
810.81,0.5995
810.83,0.5436
810.84,0.5172
810.86,0.4675
810.88,0.4218
810.89,0.4003
810.91,0.3601
810.93,0.3234
810.94,0.3063
810.96,0.2745
810.98,0.2457
810.99,0.2323
811.01,0.2077
811.03,0.1857
811.04,0.1755
811.06,0.157
811.07,0.1485
811.09,0.1331
811.11,0.1196
811.12,0.1135
811.14,0.1026
811.16,0.09322
811.17,0.08906
811.19,0.08173
811.21,0.07563
811.22,0.073
811.24,0.06852
811.26,0.065
811.27,0.06357
811.29,0.0613
811.31,0.05977
811.32,0.05925
811.34,0.05866
811.36,0.05862
811.37,0.05878
811.39,0.05943
811.4,0.0599
811.42,0.06112
811.44,0.06264
811.45,0.0635
811.47,0.0654
811.49,0.0675
811.5,0.0686
811.52,0.07092
811.54,0.07335
811.55,0.07459
811.57,0.07711
811.59,0.07967
811.6,0.08095
811.62,0.0835
811.64,0.08603
811.65,0.08728
811.67,0.08973
811.69,0.09211
811.7,0.09327
811.72,0.09552
811.74,0.09767
811.75,0.0987
811.77,0.1007
811.78,0.1016
811.8,0.1034
811.82,0.1051
811.83,0.1058
811.85,0.1073
811.87,0.1086
811.88,0.1092
811.9,0.1103
811.92,0.1113
811.93,0.1117
811.95,0.1125
811.97,0.1131
811.98,0.1134
812.0,0.1138
812.02,0.1141
812.03,0.1142
812.05,0.1143
812.07,0.1143
812.08,0.1142
812.1,0.114
812.12,0.1137
812.13,0.1135
812.15,0.1129
812.16,0.1126
812.18,0.1119
812.2,0.1111
812.21,0.1106
812.23,0.1096
812.25,0.1085
812.26,0.1078
812.28,0.1065
812.3,0.1051
812.31,0.1043
812.33,0.1027
812.35,0.101
812.36,0.1
812.38,0.09813
812.4,0.09611
812.41,0.09506
812.43,0.09288
812.45,0.0906
812.46,0.08943
812.48,0.08701
812.5,0.08451
812.51,0.08324
812.53,0.08063
812.54,0.0793
812.56,0.07659
812.58,0.07384
812.59,0.07244
812.61,0.06963
812.63,0.06679
812.64,0.06536
812.66,0.0625
812.68,0.05964
812.69,0.05821
812.71,0.05536
812.73,0.05254
812.74,0.05114
812.76,0.04836
812.78,0.04564
812.79,0.0443
812.81,0.04165
812.83,0.03908
812.84,0.03782
812.86,0.03535
812.88,0.03297
812.89,0.03181
812.91,0.02956
812.92,0.02846
812.94,0.02635
812.96,0.02433
812.97,0.02336
812.99,0.02149
813.01,0.01972
813.02,0.01888
813.04,0.01725
813.06,0.01573
813.07,0.01501
813.09,0.01363
813.11,0.01235
813.12,0.01174
813.14,0.0106
813.16,0.009536
813.17,0.009038
813.19,0.008101
813.21,0.007243
813.22,0.006841
813.24,0.006092
813.25,0.005742
813.27,0.005092
813.29,0.004504
813.3,0.004231
813.32,0.003727
813.34,0.003273
813.35,0.003065
813.37,0.002681
813.39,0.002338
813.4,0.002182
813.42,0.001895
813.44,0.001642
813.45,0.001527
813.47,0.001317
813.49,0.001133
813.5,0.00105
813.52,0.000899
813.54,0.0007679
813.55,0.000709
813.57,0.000603
813.59,0.0005114
813.6,0.0004705
813.62,0.0003973
813.63,0.0003647
813.65,0.0003067
813.67,0.0002571
813.68,0.0002352
813.7,0.0001963
813.72,0.0001634
813.73,0.0001489
813.75,0.0001234
813.77,0.000102
813.78,9.262e-05
813.8,7.621e-05
813.82,6.252e-05
813.83,5.657e-05
813.85,4.621e-05
813.87,3.764e-05
813.88,3.393e-05
813.9,2.752e-05
813.92,2.227e-05
813.93,2.001e-05
813.95,1.613e-05
813.97,1.298e-05
813.98,1.164e-05
814.0,9.354e-06
814.01,8.389e-06
814.03,6.763e-06
814.05,5.485e-06
814.06,4.959e-06
814.08,4.105e-06
814.1,3.486e-06
814.11,3.256e-06
814.13,2.944e-06
814.15,2.821e-06
814.16,2.831e-06
814.18,2.995e-06
814.2,3.369e-06
814.21,3.642e-06
814.23,4.386e-06
814.25,5.434e-06
814.26,6.093e-06
814.28,7.731e-06
814.3,9.88e-06
814.31,1.118e-05
814.33,1.435e-05
814.35,1.84e-05
814.36,2.083e-05
814.38,2.666e-05
814.39,3.014e-05
814.41,3.843e-05
814.43,4.886e-05
814.44,5.504e-05
814.46,6.969e-05
814.48,8.798e-05
814.49,9.873e-05
814.51,0.0001241
814.53,0.0001554
814.54,0.0001738
814.56,0.0002167
814.58,0.0002694
814.59,0.0003
814.61,0.0003712
814.63,0.0004579
814.64,0.000508
814.66,0.0006238
814.68,0.0007636
814.69,0.0008439
814.71,0.001028
814.72,0.001134
814.74,0.001375
814.76,0.001663
814.77,0.001826
814.79,0.002198
814.81,0.002637
814.82,0.002885
814.84,0.003445
814.86,0.004102
814.87,0.00447
814.89,0.005298
814.91,0.006259
814.92,0.006795
814.94,0.007991
814.96,0.009368
814.97,0.01013
814.99,0.01182
815.01,0.01375
815.02,0.01482
815.04,0.01716
815.06,0.01981
815.07,0.02126
815.09,0.02442
815.1,0.02615
815.12,0.02991
815.14,0.0341
815.15,0.03637
815.17,0.04128
815.19,0.04671
815.2,0.04963
815.22,0.05589
815.24,0.06275
815.25,0.06641
815.27,0.07422
815.29,0.08269
815.3,0.08718
815.32,0.09668
815.34,0.1069
815.35,0.1123
815.37,0.1235
815.39,0.1355
815.4,0.1418
815.42,0.1548
815.44,0.1685
815.45,0.1756
815.47,0.1903
815.48,0.1979
815.5,0.2134
815.52,0.2295
815.53,0.2377
815.55,0.2544
815.57,0.2714
815.58,0.2801
815.6,0.2974
815.62,0.3149
815.63,0.3237
815.65,0.3411
815.67,0.3584
815.68,0.3669
815.7,0.3837
815.72,0.4001
815.73,0.408
815.75,0.4234
815.77,0.438
815.78,0.445
815.8,0.4583
815.82,0.4705
815.83,0.4761
815.85,0.4865
815.86,0.4912
815.88,0.4996
815.9,0.5066
815.91,0.5096
815.93,0.5143
815.95,0.5175
815.96,0.5185
815.98,0.5193
816.0,0.5185
816.01,0.5175
816.03,0.5143
816.05,0.5096
816.06,0.5066
816.08,0.4996
816.1,0.4912
816.11,0.4865
816.13,0.4761
816.15,0.4645
816.16,0.4583
816.18,0.445
816.19,0.438
816.21,0.4234
816.23,0.408
816.24,0.4001
816.26,0.3837
816.28,0.3669
816.29,0.3584
816.31,0.3411
816.33,0.3237
816.34,0.3149
816.36,0.2974
816.38,0.2801
816.39,0.2714
816.41,0.2544
816.43,0.2377
816.44,0.2295
816.46,0.2134
816.48,0.1979
816.49,0.1903
816.51,0.1756
816.53,0.1616
816.54,0.1548
816.56,0.1418
816.57,0.1355
816.59,0.1236
816.61,0.1123
816.62,0.1069
816.64,0.09674
816.66,0.08726
816.67,0.08278
816.69,0.07434
816.71,0.06656
816.72,0.06292
816.74,0.05611
816.76,0.04991
816.77,0.04703
816.79,0.0417
816.81,0.03691
816.82,0.03471
816.84,0.03068
816.86,0.02713
816.87,0.02553
816.89,0.02266
816.91,0.02022
816.92,0.01915
816.94,0.01732
816.95,0.01656
816.97,0.01534
816.99,0.01452
817.0,0.01426
817.02,0.01408
817.04,0.01434
817.05,0.01465
817.07,0.01566
817.09,0.01722
817.1,0.01823
817.12,0.02076
817.14,0.02405
817.15,0.02601
817.17,0.03063
817.19,0.03633
817.2,0.03962
817.22,0.04723
817.24,0.05637
817.25,0.06159
817.27,0.07349
817.29,0.08758
817.3,0.09554
817.32,0.1135
817.33,0.1237
817.35,0.1465
817.37,0.1731
817.38,0.1879
817.4,0.2212
817.42,0.2596
817.43,0.2809
817.45,0.3283
817.47,0.3827
817.48,0.4127
817.5,0.479
817.52,0.5543
817.53,0.5957
817.55,0.6864
817.57,0.7888
817.58,0.8446
817.6,0.9664
817.62,1.103
817.63,1.176
817.65,1.336
817.66,1.423
817.68,1.609
817.7,1.815
817.71,1.926
817.73,2.163
817.75,2.422
817.76,2.56
817.78,2.855
817.8,3.174
817.81,3.343
817.83,3.701
817.85,4.085
817.86,4.287
817.88,4.712
817.9,5.164
817.91,5.401
817.93,5.893
817.95,6.412
817.96,6.681
817.98,7.238
818.0,7.819
818.01,8.118
818.03,8.732
818.04,9.046
818.06,9.687
818.08,10.34
818.09,10.68
818.11,11.35
818.13,12.03
818.14,12.38
818.16,13.06
818.18,13.75
818.19,14.09
818.21,14.76
818.23,15.43
818.24,15.75
818.26,16.39
818.28,17.0
818.29,17.29
818.31,17.86
818.33,18.39
818.34,18.64
818.36,19.12
818.38,19.55
818.39,19.74
818.41,20.1
818.42,20.26
818.44,20.54
818.46,20.76
818.47,20.85
818.49,20.99
818.51,21.07
818.52,21.09
818.54,21.08
818.56,21.02
818.57,20.97
818.59,20.83
818.61,20.64
818.62,20.52
818.64,20.26
818.66,19.95
818.67,19.79
818.69,19.43
818.71,19.04
818.72,18.84
818.74,18.42
818.76,17.98
818.77,17.76
818.79,17.31
818.8,17.09
818.82,16.65
818.84,16.22
818.85,16.01
818.87,15.61
818.89,15.24
818.9,15.07
818.92,14.75
818.94,14.48
818.95,14.36
818.97,14.17
818.99,14.04
819.0,13.99
819.02,13.95
819.04,13.99
819.05,14.03
819.07,14.17
819.09,14.38
819.1,14.52
819.12,14.86
819.14,15.27
819.15,15.51
819.17,16.04
819.18,16.34
819.2,16.99
819.22,17.72
819.23,18.11
819.25,18.95
819.27,19.86
819.28,20.34
819.3,21.34
819.32,22.4
819.33,22.95
819.35,24.1
819.37,25.28
819.38,25.89
819.4,27.14
819.42,28.42
819.43,29.07
819.45,30.39
819.47,31.73
819.48,32.4
819.5,33.76
819.51,34.44
819.53,35.81
819.55,37.19
819.56,37.87
819.58,39.25
819.6,40.62
819.61,41.3
819.63,42.66
819.65,44.02
819.66,44.7
819.68,46.05
819.7,47.4
819.71,48.07
819.73,49.42
819.75,50.77
819.76,51.45
819.78,52.81
819.8,54.17
819.81,54.86
819.83,56.24
819.85,57.64
819.86,58.34
819.88,59.76
819.89,60.47
819.91,61.92
819.93,63.38
819.94,64.11
819.96,65.59
819.98,67.08
819.99,67.82
820.01,69.31
820.03,70.8
820.04,71.54
820.06,73.01
820.08,74.45
820.09,75.15
820.11,76.54
820.13,77.87
820.14,78.51
820.16,79.74
820.18,80.88
820.19,81.42
820.21,82.41
820.23,83.29
820.24,83.68
820.26,84.36
820.27,84.64
820.29,85.1
820.31,85.39
820.32,85.47
820.34,85.5
820.36,85.35
820.37,85.2
820.39,84.77
820.41,84.15
820.42,83.76
820.44,82.85
820.46,81.75
820.47,81.13
820.49,79.75
820.51,78.2
820.52,77.36
820.54,75.56
820.56,73.61
820.57,72.59
820.59,70.44
820.61,68.17
820.62,67.0
820.64,64.59
820.65,63.36
820.67,60.84
820.69,58.28
820.7,56.98
820.72,54.37
820.74,51.75
820.75,50.44
820.77,47.84
820.79,45.26
820.8,43.99
820.82,41.49
820.84,39.06
820.85,37.87
820.87,35.55
820.89,33.33
820.9,32.25
820.92,30.18
820.94,28.21
820.95,27.28
820.97,25.49
820.98,24.64
821.0,23.03
821.02,21.55
821.03,20.85
821.05,19.56
821.07,18.38
821.08,17.84
821.1,16.84
821.12,15.96
821.13,15.56
821.15,14.84
821.17,14.22
821.18,13.95
821.2,13.48
821.22,13.1
821.23,12.95
821.25,12.69
821.27,12.51
821.28,12.45
821.3,12.38
821.32,12.36
821.33,12.38
821.35,12.45
821.36,12.5
821.38,12.64
821.4,12.83
821.41,12.93
821.43,13.17
821.45,13.45
821.46,13.6
821.48,13.92
821.5,14.27
821.51,14.46
821.53,14.85
821.55,15.26
821.56,15.48
821.58,15.92
821.6,16.39
821.61,16.64
821.63,17.14
821.65,17.67
821.66,17.94
821.68,18.5
821.7,19.08
821.71,19.38
821.73,19.99
821.74,20.3
821.76,20.94
821.78,21.6
821.79,21.94
821.81,22.62
821.83,23.32
821.84,23.68
821.86,24.39
821.88,25.11
821.89,25.48
821.91,26.2
821.93,26.93
821.94,27.29
821.96,28.0
821.98,28.69
821.99,29.03
822.01,29.69
822.03,30.33
822.04,30.63
822.06,31.21
822.08,31.75
822.09,32.0
822.11,32.46
822.12,32.67
822.14,33.05
822.16,33.36
822.17,33.49
822.19,33.7
822.21,33.83
822.22,33.87
822.24,33.89
822.26,33.83
822.27,33.77
822.29,33.6
822.31,33.34
822.32,33.18
822.34,32.81
822.36,32.36
822.37,32.11
822.39,31.56
822.41,30.94
822.42,30.61
822.44,29.9
822.45,29.53
822.47,28.75
822.49,27.92
822.5,27.49
822.52,26.61
822.54,25.71
822.55,25.25
822.57,24.31
822.59,23.37
822.6,22.9
822.62,21.96
822.64,21.02
822.65,20.56
822.67,19.65
822.69,18.76
822.7,18.33
822.72,17.48
822.74,16.67
822.75,16.28
822.77,15.53
822.79,14.82
822.8,14.49
822.82,13.85
822.83,13.55
822.85,12.99
822.87,12.48
822.88,12.24
822.9,11.81
822.92,11.43
822.93,11.25
822.95,10.95
822.97,10.69
822.98,10.58
823.0,10.4
823.02,10.26
823.03,10.21
823.05,10.13
823.07,10.09
823.08,10.09
823.1,10.1
823.12,10.15
823.13,10.18
823.15,10.27
823.17,10.39
823.18,10.45
823.2,10.6
823.21,10.67
823.23,10.84
823.25,11.02
823.26,11.11
823.28,11.3
823.3,11.49
823.31,11.59
823.33,11.78
823.35,11.96
823.36,12.06
823.38,12.23
823.4,12.4
823.41,12.47
823.43,12.62
823.45,12.75
823.46,12.8
823.48,12.9
823.5,12.98
823.51,13.01
823.53,13.06
823.55,13.08
823.56,13.08
823.58,13.06
823.59,13.04
823.61,12.99
823.63,12.9
823.64,12.85
823.66,12.73
823.68,12.59
823.69,12.5
823.71,12.32
823.73,12.12
823.74,12.01
823.76,11.78
823.78,11.54
823.79,11.41
823.81,11.14
823.83,10.86
823.84,10.72
823.86,10.44
823.88,10.15
823.89,10.01
823.91,9.732
823.92,9.596
823.94,9.335
823.96,9.092
823.97,8.978
823.99,8.772
824.01,8.596
824.02,8.522
824.04,8.406
824.06,8.337
824.07,8.322
824.09,8.337
824.11,8.417
824.12,8.484
824.14,8.676
824.16,8.953
824.17,9.126
824.19,9.546
824.21,10.07
824.22,10.38
824.24,11.08
824.26,11.91
824.27,12.37
824.29,13.41
824.3,13.99
824.32,15.25
824.34,16.68
824.35,17.46
824.37,19.15
824.39,21.01
824.4,22.02
824.42,24.17
824.44,26.52
824.45,27.77
824.47,30.41
824.49,33.26
824.5,34.76
824.52,37.91
824.54,41.25
824.55,43.0
824.57,46.64
824.59,50.45
824.6,52.43
824.62,56.5
824.64,60.73
824.65,62.9
824.67,67.33
824.68,69.59
824.7,74.17
824.72,78.84
824.73,81.2
824.75,85.94
824.77,90.7
824.78,93.07
824.8,97.8
824.82,102.5
824.83,104.8
824.85,109.3
824.87,113.7
824.88,115.8
824.9,120.0
824.92,123.9
824.93,125.8
824.95,129.3
824.97,132.6
824.98,134.1
825.0,136.9
825.02,139.4
825.03,140.5
825.05,142.4
825.06,143.2
825.08,144.6
825.1,145.5
825.11,145.8
825.13,146.2
825.15,146.1
825.16,146.0
825.18,145.3
825.2,144.3
825.21,143.6
825.23,142.0
825.25,140.1
825.26,139.0
825.28,136.6
825.3,133.8
825.31,132.3
825.33,129.2
825.35,125.8
825.36,124.0
825.38,120.4
825.4,116.5
825.41,114.5
825.43,110.5
825.44,108.4
825.46,104.2
825.48,99.96
825.49,97.82
825.51,93.54
825.53,89.25
825.54,87.12
825.56,82.89
825.58,78.7
825.59,76.64
825.61,72.57
825.63,68.6
825.64,66.65
825.66,62.84
825.68,59.16
825.69,57.36
825.71,53.87
825.73,50.52
825.74,48.89
825.76,45.75
825.77,44.24
825.79,41.31
825.81,38.53
825.82,37.19
825.84,34.62
825.86,32.19
825.87,31.03
825.89,28.8
825.91,26.7
825.92,25.69
825.94,23.78
825.96,21.98
825.97,21.12
825.99,19.49
826.01,17.96
826.02,17.23
826.04,15.85
826.06,14.57
826.07,13.95
826.09,12.8
826.11,11.72
826.12,11.21
826.14,10.24
826.15,9.785
826.17,8.922
826.19,8.124
826.2,7.747
826.22,7.037
826.24,6.382
826.25,6.074
826.27,5.495
826.29,4.963
826.3,4.714
826.32,4.248
826.34,3.821
826.35,3.622
826.37,3.25
826.39,2.912
826.4,2.755
826.42,2.463
826.44,2.199
826.45,2.077
826.47,1.852
826.49,1.649
826.5,1.556
826.52,1.384
826.53,1.305
826.55,1.161
826.57,1.032
826.58,0.9737
826.6,0.8668
826.62,0.7725
826.63,0.7297
826.65,0.652
826.67,0.5839
826.68,0.5531
826.7,0.4976
826.72,0.4492
826.73,0.4274
826.75,0.3881
826.77,0.354
826.78,0.3387
826.8,0.3112
826.82,0.2872
826.83,0.2764
826.85,0.257
826.87,0.24
826.88,0.2322
826.9,0.2182
826.91,0.2118
826.93,0.2
826.95,0.1894
826.96,0.1844
826.98,0.1752
827.0,0.1667
827.01,0.1627
827.03,0.1551
827.05,0.1478
827.06,0.1443
827.08,0.1376
827.1,0.1311
827.11,0.1279
827.13,0.1218
827.15,0.1158
827.16,0.1128
827.18,0.1071
827.2,0.1015
827.21,0.09883
827.23,0.09353
827.24,0.09095
827.26,0.08594
827.28,0.08115
827.29,0.07885
827.31,0.07442
827.33,0.07027
827.34,0.0683
827.36,0.0646
827.38,0.06122
827.39,0.05966
827.41,0.05683
827.43,0.05438
827.44,0.05331
827.46,0.0515
827.48,0.05014
827.49,0.04964
827.51,0.04902
827.53,0.04893
827.54,0.04909
827.56,0.04986
827.58,0.05124
827.59,0.05217
827.61,0.05455
827.62,0.05601
827.64,0.0595
827.66,0.06379
827.67,0.06626
827.69,0.07188
827.71,0.07847
827.72,0.08216
827.74,0.09037
827.76,0.09978
827.77,0.105
827.79,0.1164
827.81,0.1293
827.82,0.1363
827.84,0.1517
827.86,0.169
827.87,0.1784
827.89,0.1989
827.91,0.2217
827.92,0.2341
827.94,0.2609
827.96,0.2907
827.97,0.3069
827.99,0.3417
828.0,0.3605
828.02,0.4011
828.04,0.4459
828.05,0.4701
828.07,0.522
828.09,0.5792
828.1,0.6099
828.12,0.6757
828.14,0.7478
828.15,0.7864
828.17,0.8688
828.19,0.9587
828.2,1.007
828.22,1.108
828.24,1.219
828.25,1.277
828.27,1.401
828.29,1.535
828.3,1.605
828.32,1.754
828.34,1.912
828.35,1.995
828.37,2.17
828.38,2.261
828.4,2.451
828.42,2.652
828.43,2.756
828.45,2.972
828.47,3.198
828.48,3.315
828.5,3.555
828.52,3.804
828.53,3.931
828.55,4.191
828.57,4.458
828.58,4.593
828.6,4.867
828.62,5.145
828.63,5.284
828.65,5.564
828.67,5.844
828.68,5.983
828.7,6.26
828.71,6.396
828.73,6.665
828.75,6.927
828.76,7.055
828.78,7.303
828.8,7.54
828.81,7.653
828.83,7.868
828.85,8.068
828.86,8.162
828.88,8.335
828.9,8.488
828.91,8.557
828.93,8.679
828.95,8.778
828.96,8.819
828.98,8.883
829.0,8.924
829.01,8.935
829.03,8.939
829.05,8.918
829.06,8.899
829.08,8.843
829.09,8.806
829.11,8.714
829.13,8.601
829.14,8.537
829.16,8.392
829.18,8.229
829.19,8.14
829.21,7.951
829.23,7.746
829.24,7.638
829.26,7.414
829.28,7.178
829.29,7.057
829.31,6.809
829.33,6.554
829.34,6.425
829.36,6.164
829.38,5.902
829.39,5.77
829.41,5.508
829.43,5.248
829.44,5.119
829.46,4.866
829.47,4.741
829.49,4.496
829.51,4.258
829.52,4.142
829.54,3.917
829.56,3.701
829.57,3.597
829.59,3.396
829.61,3.206
829.62,3.115
829.64,2.941
829.66,2.778
829.67,2.701
829.69,2.554
829.71,2.418
829.72,2.353
829.74,2.232
829.76,2.121
829.77,2.069
829.79,1.972
829.81,1.883
829.82,1.842
829.84,1.765
829.85,1.73
829.87,1.664
829.89,1.604
829.9,1.577
829.92,1.526
829.94,1.48
829.95,1.459
829.97,1.42
829.99,1.385
830.0,1.368
830.02,1.338
830.04,1.312
830.05,1.299
830.07,1.276
830.09,1.256
830.1,1.246
830.12,1.229
830.14,1.213
830.15,1.206
830.17,1.193
830.18,1.187
830.2,1.177
830.22,1.169
830.23,1.165
830.25,1.159
830.27,1.155
830.28,1.153
830.3,1.152
830.32,1.153
830.33,1.154
830.35,1.157
830.37,1.163
830.38,1.166
830.4,1.175
830.42,1.186
830.43,1.192
830.45,1.206
830.47,1.222
830.48,1.231
830.5,1.25
830.52,1.272
830.53,1.283
830.55,1.307
830.56,1.32
830.58,1.347
830.6,1.375
830.61,1.39
830.63,1.42
830.65,1.452
830.66,1.468
830.68,1.501
830.7,1.534
830.71,1.551
830.73,1.585
830.75,1.618
830.76,1.635
830.78,1.669
830.8,1.701
830.81,1.717
830.83,1.749
830.85,1.779
830.86,1.794
830.88,1.822
830.9,1.848
830.91,1.86
830.93,1.884
830.94,1.895
830.96,1.915
830.98,1.932
830.99,1.94
831.01,1.954
831.03,1.965
831.04,1.97
831.06,1.977
831.08,1.981
831.09,1.983
831.11,1.983
831.13,1.98
831.14,1.978
831.16,1.971
831.18,1.961
831.19,1.956
831.21,1.942
831.23,1.927
831.24,1.918
831.26,1.899
831.28,1.877
831.29,1.866
831.31,1.842
831.32,1.829
831.34,1.803
831.36,1.775
831.37,1.76
831.39,1.73
831.41,1.7
831.42,1.684
831.44,1.652
831.46,1.619
831.47,1.603
831.49,1.57
831.51,1.537
831.52,1.521
831.54,1.488
831.56,1.455
831.57,1.439
831.59,1.407
831.61,1.375
831.62,1.36
831.64,1.329
831.66,1.299
831.67,1.285
831.69,1.256
831.7,1.242
831.72,1.215
831.74,1.189
831.75,1.177
831.77,1.153
831.79,1.13
831.8,1.119
831.82,1.098
831.84,1.08
831.85,1.071
831.87,1.054
831.89,1.04
831.9,1.034
831.92,1.022
831.94,1.014
831.95,1.01
831.97,1.006
831.99,1.004
832.0,1.005
832.02,1.008
832.03,1.011
832.05,1.02
832.07,1.033
832.08,1.041
832.1,1.061
832.12,1.085
832.13,1.1
832.15,1.132
832.17,1.17
832.18,1.191
832.2,1.238
832.22,1.291
832.23,1.319
832.25,1.382
832.27,1.451
832.28,1.488
832.3,1.567
832.32,1.652
832.33,1.697
832.35,1.792
832.37,1.894
832.38,1.947
832.4,2.057
832.41,2.114
832.43,2.233
832.45,2.356
832.46,2.419
832.48,2.549
832.5,2.681
832.51,2.749
832.53,2.885
832.55,3.023
832.56,3.092
832.58,3.23
832.6,3.367
832.61,3.435
832.63,3.569
832.65,3.7
832.66,3.764
832.68,3.889
832.7,4.007
832.71,4.064
832.73,4.172
832.75,4.272
832.76,4.318
832.78,4.405
832.79,4.444
832.81,4.516
832.83,4.576
832.84,4.602
832.86,4.645
832.88,4.676
832.89,4.687
832.91,4.699
832.93,4.699
832.94,4.695
832.96,4.676
832.98,4.646
832.99,4.626
833.01,4.578
833.03,4.519
833.04,4.486
833.06,4.411
833.08,4.327
833.09,4.281
833.11,4.184
833.13,4.079
833.14,4.024
833.16,3.91
833.17,3.85
833.19,3.728
833.21,3.602
833.22,3.537
833.24,3.407
833.26,3.274
833.27,3.208
833.29,3.074
833.31,2.941
833.32,2.875
833.34,2.744
833.36,2.616
833.37,2.552
833.39,2.428
833.41,2.307
833.42,2.249
833.44,2.134
833.46,2.025
833.47,1.972
833.49,1.87
833.5,1.821
833.52,1.727
833.54,1.638
833.55,1.596
833.57,1.516
833.59,1.442
833.6,1.407
833.62,1.341
833.64,1.28
833.65,1.252
833.67,1.2
833.69,1.154
833.7,1.132
833.72,1.093
833.74,1.059
833.75,1.044
833.77,1.017
833.79,0.9952
833.8,0.9858
833.82,0.9704
833.84,0.9594
833.85,0.9555
833.87,0.9508
833.88,0.95
833.9,0.9515
833.92,0.957
833.93,0.9613
833.95,0.9728
833.97,0.9884
833.98,0.9977
834.0,1.019
834.02,1.045
834.03,1.059
834.05,1.091
834.07,1.127
834.08,1.147
834.1,1.189
834.12,1.236
834.13,1.261
834.15,1.314
834.17,1.372
834.18,1.403
834.2,1.468
834.22,1.537
834.23,1.573
834.25,1.649
834.26,1.689
834.28,1.771
834.3,1.858
834.31,1.903
834.33,1.996
834.35,2.092
834.36,2.142
834.38,2.243
834.4,2.347
834.41,2.4
834.43,2.508
834.45,2.618
834.46,2.673
834.48,2.784
834.5,2.896
834.51,2.951
834.53,3.062
834.55,3.172
834.56,3.226
834.58,3.332
834.6,3.436
834.61,3.487
834.63,3.585
834.64,3.632
834.66,3.724
834.68,3.81
834.69,3.851
834.71,3.928
834.73,3.998
834.74,4.031
834.76,4.092
834.78,4.145
834.79,4.169
834.81,4.212
834.83,4.247
834.84,4.262
834.86,4.286
834.88,4.304
834.89,4.311
834.91,4.319
834.93,4.321
834.94,4.321
834.96,4.316
834.97,4.312
834.99,4.3
835.01,4.286
835.02,4.278
835.04,4.26
835.06,4.241
835.07,4.232
835.09,4.212
835.11,4.194
835.12,4.185
835.14,4.169
835.16,4.156
835.17,4.151
835.19,4.143
835.21,4.139
835.22,4.139
835.24,4.142
835.26,4.15
835.27,4.157
835.29,4.173
835.31,4.195
835.32,4.209
835.34,4.24
835.35,4.257
835.37,4.296
835.39,4.341
835.4,4.365
835.42,4.417
835.44,4.473
835.45,4.502
835.47,4.564
835.49,4.628
835.5,4.662
835.52,4.73
835.54,4.799
835.55,4.834
835.57,4.905
835.59,4.975
835.6,5.01
835.62,5.079
835.64,5.146
835.65,5.178
835.67,5.242
835.69,5.302
835.7,5.33
835.72,5.384
835.73,5.41
835.75,5.457
835.77,5.5
835.78,5.519
835.8,5.553
835.82,5.582
835.83,5.594
835.85,5.614
835.87,5.627
835.88,5.632
835.9,5.636
835.92,5.634
835.93,5.631
835.95,5.62
835.97,5.602
835.98,5.591
836.0,5.565
836.02,5.533
836.03,5.515
836.05,5.475
836.07,5.429
836.08,5.404
836.1,5.351
836.11,5.322
836.13,5.262
836.15,5.197
836.16,5.163
836.18,5.092
836.2,5.017
836.21,4.978
836.23,4.897
836.25,4.814
836.26,4.771
836.28,4.683
836.3,4.592
836.31,4.546
836.33,4.451
836.35,4.354
836.36,4.305
836.38,4.206
836.4,4.104
836.41,4.053
836.43,3.949
836.44,3.897
836.46,3.791
836.48,3.685
836.49,3.631
836.51,3.523
836.53,3.415
836.54,3.36
836.56,3.251
836.58,3.142
836.59,3.087
836.61,2.978
836.63,2.869
836.64,2.814
836.66,2.706
836.68,2.598
836.69,2.544
836.71,2.438
836.73,2.332
836.74,2.28
836.76,2.177
836.78,2.075
836.79,2.024
836.81,1.925
836.82,1.876
836.84,1.78
836.86,1.685
836.87,1.639
836.89,1.549
836.91,1.461
836.92,1.418
836.94,1.334
836.96,1.253
836.97,1.214
836.99,1.137
837.01,1.064
837.02,1.029
837.04,0.9605
837.06,0.8955
837.07,0.8642
837.09,0.8043
837.11,0.7477
837.12,0.7206
837.14,0.6691
837.16,0.6208
837.17,0.598
837.19,0.5546
837.2,0.5341
837.22,0.4956
837.24,0.46
837.25,0.4434
837.27,0.4123
837.29,0.3839
837.3,0.3708
837.32,0.3465
837.34,0.3246
837.35,0.3146
837.37,0.2962
837.39,0.2799
837.4,0.2726
837.42,0.2592
837.44,0.2477
837.45,0.2425
837.47,0.2333
837.49,0.2256
837.5,0.2222
837.52,0.2163
837.54,0.2115
837.55,0.2095
837.57,0.2061
837.58,0.2047
837.6,0.2024
837.62,0.2008
837.63,0.2002
837.65,0.1995
837.67,0.1992
837.68,0.1992
837.7,0.1995
837.72,0.2002
837.73,0.2007
837.75,0.202
837.77,0.2036
837.78,0.2046
837.8,0.2068
837.82,0.2095
837.83,0.2111
837.85,0.2147
837.87,0.219
837.88,0.2215
837.9,0.2271
837.92,0.2337
837.93,0.2374
837.95,0.2459
837.96,0.2507
837.98,0.2615
838.0,0.2741
838.01,0.2812
838.03,0.2969
838.05,0.3151
838.06,0.3251
838.08,0.3474
838.1,0.3728
838.11,0.3868
838.13,0.4173
838.15,0.4517
838.16,0.4704
838.18,0.5111
838.2,0.5562
838.21,0.5806
838.23,0.6331
838.25,0.6908
838.26,0.7216
838.28,0.7875
838.29,0.8226
838.31,0.897
838.33,0.9774
838.34,1.02
838.36,1.109
838.38,1.205
838.39,1.255
838.41,1.359
838.43,1.47
838.44,1.527
838.46,1.646
838.48,1.77
838.49,1.833
838.51,1.965
838.53,2.1
838.54,2.169
838.56,2.31
838.58,2.454
838.59,2.527
838.61,2.673
838.63,2.821
838.64,2.894
838.66,3.042
838.67,3.115
838.69,3.26
838.71,3.402
838.72,3.472
838.74,3.609
838.76,3.74
838.77,3.804
838.79,3.926
838.81,4.04
838.82,4.094
838.84,4.196
838.86,4.288
838.87,4.33
838.89,4.406
838.91,4.47
838.92,4.498
838.94,4.545
838.96,4.579
838.97,4.591
838.99,4.605
839.01,4.606
839.02,4.602
839.04,4.584
839.05,4.57
839.07,4.532
839.09,4.482
839.1,4.453
839.12,4.385
839.14,4.305
839.15,4.262
839.17,4.167
839.19,4.063
839.2,4.008
839.22,3.891
839.24,3.768
839.25,3.704
839.27,3.571
839.29,3.434
839.3,3.364
839.32,3.222
839.34,3.077
839.35,3.005
839.37,2.859
839.39,2.713
839.4,2.64
839.42,2.497
839.43,2.425
839.45,2.285
839.47,2.148
839.48,2.081
839.5,1.95
839.52,1.824
839.53,1.763
839.55,1.645
839.57,1.533
839.58,1.478
839.6,1.375
839.62,1.278
839.63,1.231
839.65,1.144
839.67,1.062
839.68,1.024
839.7,0.9514
839.72,0.8852
839.73,0.8543
839.75,0.7968
839.76,0.7701
839.78,0.7208
839.8,0.6766
839.81,0.6563
839.83,0.6192
839.85,0.5864
839.86,0.5715
839.88,0.5445
839.9,0.5211
839.91,0.5105
839.93,0.4917
839.95,0.4754
839.96,0.4682
839.98,0.4553
840.0,0.4443
840.01,0.4394
840.03,0.4306
840.05,0.423
840.06,0.4196
840.08,0.4133
840.1,0.4076
840.11,0.4048
840.13,0.3996
840.14,0.3971
840.16,0.392
840.18,0.3868
840.19,0.3842
840.21,0.3787
840.23,0.3729
840.24,0.3699
840.26,0.3634
840.28,0.3565
840.29,0.3529
840.31,0.3452
840.33,0.3371
840.34,0.3328
840.36,0.3239
840.38,0.3145
840.39,0.3096
840.41,0.2996
840.43,0.2892
840.44,0.2838
840.46,0.2729
840.48,0.2618
840.49,0.2561
840.51,0.2447
840.52,0.2389
840.54,0.2274
840.56,0.2158
840.57,0.21
840.59,0.1985
840.61,0.1872
840.62,0.1815
840.64,0.1704
840.66,0.1596
840.67,0.1543
840.69,0.1439
840.71,0.1338
840.72,0.1289
840.74,0.1194
840.76,0.1103
840.77,0.1059
840.79,0.09749
840.81,0.0895
840.82,0.08568
840.84,0.07838
840.86,0.07155
840.87,0.06832
840.89,0.06219
840.9,0.05931
840.92,0.05388
840.94,0.04892
840.95,0.04662
840.97,0.04234
840.99,0.03852
841.0,0.03677
841.02,0.03361
841.04,0.03089
841.05,0.0297
841.07,0.02763
841.09,0.026
841.1,0.02535
841.12,0.02439
841.14,0.02387
841.15,0.02379
841.17,0.02398
841.19,0.02467
841.2,0.0252
841.22,0.02666
841.23,0.0276
841.25,0.02992
841.27,0.03285
841.28,0.03456
841.3,0.03849
841.32,0.04316
841.33,0.04579
841.35,0.05167
841.37,0.05844
841.38,0.06218
841.4,0.07041
841.42,0.07971
841.43,0.08479
841.45,0.09586
841.47,0.1082
841.48,0.1149
841.5,0.1293
841.52,0.1453
841.53,0.1538
841.55,0.1722
841.57,0.1923
841.58,0.203
841.6,0.2259
841.61,0.238
841.63,0.2638
841.65,0.2916
841.66,0.3063
841.68,0.3374
841.7,0.3706
841.71,0.388
841.73,0.4246
841.75,0.4634
841.76,0.4836
841.78,0.5258
841.8,0.5702
841.81,0.5932
841.83,0.6408
841.85,0.6905
841.86,0.7161
841.88,0.7687
841.9,0.8231
841.91,0.8509
841.93,0.9077
841.95,0.966
841.96,0.9955
841.98,1.055
841.99,1.086
842.01,1.147
842.03,1.208
842.04,1.239
842.06,1.301
842.08,1.363
842.09,1.393
842.11,1.454
842.13,1.514
842.14,1.543
842.16,1.601
842.18,1.656
842.19,1.684
842.21,1.736
842.23,1.786
842.24,1.81
842.26,1.855
842.28,1.897
842.29,1.917
842.31,1.954
842.33,1.987
842.34,2.001
842.36,2.028
842.37,2.039
842.39,2.059
842.41,2.074
842.42,2.08
842.44,2.088
842.46,2.091
842.47,2.091
842.49,2.087
842.51,2.078
842.52,2.071
842.54,2.055
842.56,2.034
842.57,2.022
842.59,1.995
842.61,1.963
842.62,1.946
842.64,1.908
842.66,1.867
842.67,1.845
842.69,1.798
842.7,1.774
842.72,1.723
842.74,1.67
842.75,1.642
842.77,1.586
842.79,1.528
842.8,1.498
842.82,1.438
842.84,1.377
842.85,1.346
842.87,1.284
842.89,1.222
842.9,1.191
842.92,1.129
842.94,1.068
842.95,1.038
842.97,0.9779
842.99,0.9193
843.0,0.8905
843.02,0.8341
843.04,0.7794
843.05,0.7527
843.07,0.7008
843.08,0.6756
843.1,0.6268
843.12,0.5801
843.13,0.5577
843.15,0.5145
843.17,0.4736
843.18,0.454
843.2,0.4167
843.22,0.3818
843.23,0.3653
843.25,0.3339
843.27,0.3048
843.28,0.2912
843.3,0.2655
843.32,0.2421
843.33,0.2311
843.35,0.2109
843.37,0.1926
843.38,0.1842
843.4,0.1688
843.42,0.1553
843.43,0.1491
843.45,0.1381
843.46,0.1332
843.48,0.1246
843.5,0.1174
843.51,0.1143
843.53,0.1092
843.55,0.1054
843.56,0.1039
843.58,0.1018
843.6,0.1008
843.61,0.1007
843.63,0.1012
843.65,0.1027
843.66,0.1038
843.68,0.1066
843.7,0.1103
843.71,0.1124
843.73,0.1173
843.75,0.1229
843.76,0.1261
843.78,0.133
843.8,0.1407
843.81,0.1449
843.83,0.1539
843.84,0.1587
843.86,0.1692
843.88,0.1807
843.89,0.1869
843.91,0.2002
843.93,0.2149
843.94,0.2228
843.96,0.2398
843.98,0.2586
843.99,0.2687
844.01,0.2907
844.03,0.315
844.04,0.3282
844.06,0.3567
844.08,0.3885
844.09,0.4057
844.11,0.4429
844.13,0.4842
844.14,0.5066
844.16,0.555
844.18,0.6087
844.19,0.6377
844.21,0.7002
844.22,0.7338
844.24,0.8062
844.26,0.8858
844.27,0.9285
844.29,1.02
844.31,1.12
844.32,1.173
844.34,1.286
844.36,1.409
844.37,1.474
844.39,1.612
844.41,1.761
844.42,1.839
844.44,2.003
844.46,2.178
844.47,2.269
844.49,2.46
844.51,2.661
844.52,2.766
844.54,2.983
844.55,3.095
844.57,3.326
844.59,3.565
844.6,3.688
844.62,3.94
844.64,4.198
844.65,4.329
844.67,4.595
844.69,4.864
844.7,5.0
844.72,5.273
844.74,5.545
844.75,5.681
844.77,5.951
844.79,6.216
844.8,6.347
844.82,6.603
844.84,6.851
844.85,6.971
844.87,7.203
844.89,7.422
844.9,7.526
844.92,7.723
844.93,7.815
844.95,7.986
844.97,8.138
844.98,8.206
845.0,8.327
845.02,8.427
845.03,8.468
845.05,8.534
845.07,8.576
845.08,8.588
845.1,8.595
845.12,8.577
845.13,8.559
845.15,8.506
845.17,8.43
845.18,8.383
845.2,8.274
845.22,8.143
845.23,8.069
845.25,7.909
845.27,7.73
845.28,7.634
845.3,7.43
845.31,7.322
845.33,7.097
845.35,6.86
845.36,6.738
845.38,6.486
845.4,6.226
845.41,6.094
845.43,5.826
845.45,5.554
845.46,5.417
845.48,5.144
845.5,4.87
845.51,4.734
845.53,4.465
845.55,4.199
845.56,4.068
845.58,3.81
845.6,3.559
845.61,3.436
845.63,3.197
845.65,2.967
845.66,2.855
845.68,2.639
845.69,2.534
845.71,2.333
845.73,2.143
845.74,2.052
845.76,1.877
845.78,1.714
845.79,1.636
845.81,1.488
845.83,1.351
845.84,1.287
845.86,1.165
845.88,1.054
845.89,1.002
845.91,0.9052
845.93,0.8177
845.94,0.7773
845.96,0.703
845.98,0.6373
845.99,0.6074
846.01,0.5538
846.02,0.5298
846.04,0.4876
846.06,0.4526
846.07,0.4378
846.09,0.4133
846.11,0.3955
846.12,0.389
846.14,0.381
846.16,0.3793
846.17,0.3808
846.19,0.3884
846.21,0.4023
846.22,0.4115
846.24,0.4345
846.26,0.4637
846.27,0.4806
846.29,0.5191
846.31,0.5638
846.32,0.5885
846.34,0.6428
846.36,0.7034
846.37,0.7361
846.39,0.8064
846.4,0.844
846.42,0.924
846.44,1.011
846.45,1.056
846.47,1.152
846.49,1.255
846.5,1.308
846.52,1.42
846.54,1.538
846.55,1.599
846.57,1.724
846.59,1.855
846.6,1.922
846.62,2.06
846.64,2.201
846.65,2.273
846.67,2.419
846.69,2.568
846.7,2.642
846.72,2.792
846.74,2.943
846.75,3.018
846.77,3.167
846.78,3.241
846.8,3.387
846.82,3.529
846.83,3.598
846.85,3.734
846.87,3.863
846.88,3.925
846.9,4.044
846.92,4.154
846.93,4.206
846.95,4.303
846.97,4.389
846.98,4.429
847.0,4.498
847.02,4.556
847.03,4.581
847.05,4.62
847.07,4.646
847.08,4.654
847.1,4.661
847.12,4.655
847.13,4.646
847.15,4.62
847.16,4.602
847.18,4.557
847.2,4.499
847.21,4.466
847.23,4.391
847.25,4.304
847.26,4.258
847.28,4.156
847.3,4.046
847.31,3.988
847.33,3.865
847.35,3.736
847.36,3.669
847.38,3.532
847.4,3.39
847.41,3.317
847.43,3.17
847.45,3.021
847.46,2.946
847.48,2.796
847.49,2.721
847.51,2.571
847.53,2.423
847.54,2.35
847.56,2.205
847.58,2.063
847.59,1.993
847.61,1.857
847.63,1.726
847.64,1.662
847.66,1.537
847.68,1.418
847.69,1.361
847.71,1.251
847.73,1.146
847.74,1.096
847.76,0.9997
847.78,0.9097
847.79,0.867
847.81,0.7858
847.83,0.7103
847.84,0.6747
847.86,0.6077
847.87,0.5761
847.89,0.5171
847.91,0.463
847.92,0.4379
847.94,0.3911
847.96,0.3488
847.97,0.3293
847.99,0.2935
848.01,0.2616
848.02,0.2471
848.04,0.2208
848.06,0.1979
848.07,0.1878
848.09,0.1699
848.11,0.155
848.12,0.1487
848.14,0.1383
848.16,0.1307
848.17,0.1279
848.19,0.1244
848.21,0.1237
848.22,0.1244
848.24,0.1279
848.25,0.1307
848.27,0.1386
848.29,0.1496
848.3,0.1563
848.32,0.1724
848.34,0.1922
848.35,0.2036
848.37,0.2297
848.39,0.2605
848.4,0.2779
848.42,0.317
848.44,0.3624
848.45,0.3877
848.47,0.4442
848.49,0.5094
848.5,0.5457
848.52,0.6262
848.54,0.7188
848.55,0.7702
848.57,0.8844
848.59,1.016
848.6,1.088
848.62,1.25
848.63,1.34
848.65,1.539
848.67,1.767
848.68,1.894
848.7,2.175
848.72,2.499
848.73,2.678
848.75,3.076
848.77,3.532
848.78,3.784
848.8,4.344
848.82,4.985
848.83,5.339
848.85,6.123
848.87,7.017
848.88,7.51
848.9,8.599
848.92,9.836
848.93,10.52
848.95,12.01
848.96,12.83
848.98,14.63
849.0,16.67
849.01,17.78
849.03,20.2
849.05,22.92
849.06,24.4
849.08,27.62
849.1,31.21
849.11,33.15
849.13,37.35
849.15,42.01
849.16,44.51
849.18,49.9
849.2,55.83
849.21,59.01
849.23,65.8
849.25,73.2
849.26,77.15
849.28,85.53
849.3,94.61
849.31,99.41
849.33,109.6
849.34,114.9
849.36,126.2
849.38,138.2
849.39,144.5
849.41,157.6
849.43,171.6
849.44,178.8
849.46,193.8
849.48,209.6
849.49,217.7
849.51,234.4
849.53,251.8
849.54,260.7
849.56,278.9
849.58,297.6
849.59,307.0
849.61,326.3
849.63,345.7
849.64,355.5
849.66,375.2
849.68,394.9
849.69,404.7
849.71,424.2
849.72,433.9
849.74,452.9
849.76,471.4
849.77,480.5
849.79,498.1
849.81,514.9
849.82,523.0
849.84,538.4
849.86,552.8
849.87,559.5
849.89,572.0
849.91,583.2
849.92,588.3
849.94,597.3
849.96,604.7
849.97,607.9
849.99,612.9
850.01,616.2
850.02,617.3
850.04,618.1
850.06,617.2
850.07,616.1
850.09,612.6
850.1,610.2
850.12,604.3
850.14,596.7
850.15,592.4
850.17,582.6
850.19,571.4
850.2,565.2
850.22,552.1
850.24,537.7
850.25,530.2
850.27,514.3
850.29,497.5
850.3,488.8
850.32,471.0
850.34,452.5
850.35,443.1
850.37,424.1
850.39,404.8
850.4,395.1
850.42,375.6
850.44,356.1
850.45,346.4
850.47,327.2
850.48,317.6
850.5,298.8
850.52,280.4
850.53,271.4
850.55,253.7
850.57,236.6
850.58,228.3
850.6,212.1
850.62,196.6
850.63,189.1
850.65,174.6
850.67,160.9
850.68,154.3
850.7,141.7
850.72,129.9
850.73,124.2
850.75,113.5
850.77,103.4
850.78,98.69
850.8,89.7
850.81,85.45
850.83,77.45
850.85,70.08
850.86,66.62
850.88,60.13
850.9,54.19
850.91,51.42
850.93,46.25
850.95,41.54
850.96,39.36
850.98,35.3
851.0,31.63
851.01,29.93
851.03,26.78
851.05,23.96
851.06,22.66
851.08,20.26
851.1,18.11
851.11,17.12
851.13,15.3
851.15,13.68
851.16,12.94
851.18,11.58
851.19,10.96
851.21,9.819
851.23,8.807
851.24,8.344
851.26,7.499
851.28,6.749
851.29,6.407
851.31,5.782
851.33,5.228
851.34,4.975
851.36,4.514
851.38,4.105
851.39,3.919
851.41,3.578
851.43,3.276
851.44,3.137
851.46,2.885
851.48,2.66
851.49,2.557
851.51,2.368
851.53,2.2
851.54,2.123
851.56,1.98
851.57,1.915
851.59,1.794
851.61,1.685
851.62,1.634
851.64,1.54
851.66,1.455
851.67,1.415
851.69,1.341
851.71,1.273
851.72,1.241
851.74,1.181
851.76,1.126
851.77,1.1
851.79,1.05
851.81,1.004
851.82,0.9826
851.84,0.9413
851.86,0.9028
851.87,0.8846
851.89,0.85
851.91,0.818
851.92,0.8029
851.94,0.7746
851.95,0.7613
851.97,0.7365
851.99,0.7142
852.0,0.704
852.02,0.6854
852.04,0.6693
852.05,0.6622
852.07,0.65
852.09,0.6405
852.1,0.6368
852.12,0.6314
852.14,0.6288
852.15,0.6285
852.17,0.6302
852.19,0.6348
852.2,0.6382
852.22,0.6472
852.24,0.659
852.25,0.666
852.27,0.6822
852.28,0.6913
852.3,0.7116
852.32,0.7345
852.33,0.747
852.35,0.7738
852.37,0.803
852.38,0.8185
852.4,0.8511
852.42,0.8856
852.43,0.9037
852.45,0.941
852.47,0.98
852.48,1.0
852.5,1.041
852.52,1.084
852.53,1.105
852.55,1.149
852.57,1.194
852.58,1.217
852.6,1.264
852.62,1.312
852.63,1.337
852.65,1.388
852.66,1.414
852.68,1.469
852.7,1.527
852.71,1.558
852.73,1.624
852.75,1.697
852.76,1.736
852.78,1.824
852.8,1.926
852.81,1.983
852.83,2.113
852.85,2.267
852.86,2.355
852.88,2.558
852.9,2.804
852.91,2.946
852.93,3.275
852.95,3.674
852.96,3.905
852.98,4.439
853.0,5.086
853.01,5.459
853.03,6.32
853.04,6.815
853.06,7.952
853.08,9.317
853.09,10.1
853.11,11.88
853.13,14.01
853.14,15.21
853.16,17.96
853.18,21.2
853.19,23.03
853.21,27.16
853.23,32.01
853.24,34.73
853.26,40.84
853.28,47.93
853.29,51.89
853.31,60.73
853.33,70.92
853.34,76.57
853.36,89.1
853.38,103.4
853.39,111.3
853.41,128.7
853.42,138.3
853.44,159.3
853.46,183.0
853.47,196.0
853.49,224.2
853.51,255.9
853.52,273.0
853.54,310.3
853.56,351.6
853.57,373.9
853.59,422.0
853.61,474.9
853.62,503.2
853.64,564.0
853.66,630.3
853.67,665.6
853.69,740.7
853.71,822.0
853.72,865.1
853.74,956.0
853.75,1004.0
853.77,1105.0
853.79,1212.0
853.8,1269.0
853.82,1386.0
853.84,1510.0
853.85,1575.0
853.87,1709.0
853.89,1849.0
853.9,1922.0
853.92,2070.0
853.94,2225.0
853.95,2303.0
853.97,2465.0
853.99,2629.0
854.0,2713.0
854.02,2882.0
854.04,3054.0
854.05,3140.0
854.07,3312.0
854.09,3484.0
854.1,3570.0
854.12,3740.0
854.13,3824.0
854.15,3989.0
854.17,4149.0
854.18,4227.0
854.2,4379.0
854.22,4523.0
854.23,4592.0
854.25,4723.0
854.27,4844.0
854.28,4901.0
854.3,5005.0
854.32,5098.0
854.33,5139.0
854.35,5212.0
854.37,5271.0
854.38,5295.0
854.4,5333.0
854.42,5355.0
854.43,5361.0
854.45,5361.0
854.47,5346.0
854.48,5333.0
854.5,5295.0
854.51,5271.0
854.53,5212.0
854.55,5139.0
854.56,5098.0
854.58,5005.0
854.6,4901.0
854.61,4844.0
854.63,4723.0
854.65,4592.0
854.66,4523.0
854.68,4379.0
854.7,4227.0
854.71,4149.0
854.73,3989.0
854.75,3824.0
854.76,3740.0
854.78,3570.0
854.8,3399.0
854.81,3312.0
854.83,3140.0
854.85,2968.0
854.86,2882.0
854.88,2713.0
854.89,2629.0
854.91,2465.0
854.93,2304.0
854.94,2225.0
854.96,2071.0
854.98,1922.0
854.99,1849.0
855.01,1709.0
855.03,1575.0
855.04,1511.0
855.06,1386.0
855.08,1269.0
855.09,1212.0
855.11,1105.0
855.13,1004.0
855.14,955.9
855.16,865.0
855.18,780.5
855.19,740.6
855.21,665.5
855.22,630.1
855.24,563.8
855.26,503.1
855.27,474.7
855.29,421.7
855.31,373.7
855.32,351.3
855.34,310.0
855.36,272.7
855.37,255.5
855.39,223.9
855.41,195.6
855.42,182.6
855.44,158.9
855.46,137.8
855.47,128.2
855.49,110.8
855.51,95.43
855.52,88.49
855.54,75.92
855.56,64.96
855.57,60.02
855.59,51.15
855.6,47.17
855.62,40.04
855.64,33.9
855.65,31.16
855.67,26.29
855.69,22.13
855.7,20.29
855.72,17.03
855.74,14.27
855.75,13.06
855.77,10.93
855.79,9.155
855.8,8.38
855.82,7.032
855.84,5.92
855.85,5.443
855.87,4.624
855.89,3.965
855.9,3.689
855.92,3.227
855.94,2.874
855.95,2.733
855.97,2.513
855.98,2.431
856.0,2.319
856.02,2.265
856.03,2.259
856.05,2.281
856.07,2.347
856.08,2.394
856.1,2.516
856.12,2.67
856.13,2.759
856.15,2.958
856.17,3.183
856.18,3.305
856.2,3.567
856.22,3.85
856.23,4.0
856.25,4.314
856.27,4.647
856.28,4.82
856.3,5.177
856.32,5.549
856.33,5.74
856.35,6.132
856.36,6.331
856.38,6.737
856.4,7.151
856.41,7.359
856.43,7.78
856.45,8.202
856.46,8.413
856.48,8.834
856.5,9.25
856.51,9.455
856.53,9.859
856.55,10.25
856.56,10.44
856.58,10.81
856.6,11.17
856.61,11.34
856.63,11.66
856.65,11.96
856.66,12.09
856.68,12.35
856.7,12.58
856.71,12.68
856.73,12.86
856.74,12.93
856.76,13.06
856.78,13.15
856.79,13.18
856.81,13.22
856.83,13.22
856.84,13.21
856.86,13.15
856.88,13.06
856.89,13.0
856.91,12.86
856.93,12.68
856.94,12.58
856.96,12.35
856.98,12.09
856.99,11.95
857.01,11.66
857.03,11.33
857.04,11.16
857.06,10.81
857.07,10.63
857.09,10.25
857.11,9.853
857.12,9.651
857.14,9.241
857.16,8.824
857.17,8.613
857.19,8.19
857.21,7.766
857.22,7.554
857.24,7.133
857.26,6.716
857.27,6.51
857.29,6.104
857.31,5.707
857.32,5.513
857.34,5.133
857.36,4.766
857.37,4.587
857.39,4.241
857.41,3.911
857.42,3.751
857.44,3.444
857.45,3.297
857.47,3.014
857.49,2.748
857.5,2.621
857.52,2.38
857.54,2.155
857.55,2.048
857.57,1.847
857.59,1.661
857.6,1.573
857.62,1.409
857.64,1.258
857.65,1.188
857.67,1.056
857.69,0.9367
857.7,0.8813
857.72,0.7785
857.74,0.686
857.75,0.6433
857.77,0.5648
857.79,0.4946
857.8,0.4625
857.82,0.4037
857.83,0.3769
857.85,0.328
857.87,0.2851
857.88,0.2657
857.9,0.2305
857.92,0.2
857.93,0.1863
857.95,0.1618
857.97,0.1407
857.98,0.1314
858.0,0.1149
858.02,0.1011
858.03,0.09507
858.05,0.08463
858.07,0.07615
858.08,0.07257
858.1,0.06662
858.12,0.0621
858.13,0.06034
858.15,0.05769
858.17,0.05612
858.18,0.05569
858.2,0.05551
858.21,0.05572
858.23,0.05669
858.25,0.05834
858.26,0.0594
858.28,0.06192
858.3,0.06495
858.31,0.06665
858.33,0.07034
858.35,0.07442
858.36,0.07659
858.38,0.08117
858.4,0.08602
858.41,0.08855
858.43,0.09376
858.45,0.09917
858.46,0.1019
858.48,0.1076
858.5,0.1133
858.51,0.1162
858.53,0.1221
858.54,0.125
858.56,0.1309
858.58,0.1368
858.59,0.1397
858.61,0.1455
858.63,0.1511
858.64,0.1539
858.66,0.1594
858.68,0.1648
858.69,0.1673
858.71,0.1724
858.73,0.1772
858.74,0.1795
858.76,0.184
858.78,0.1882
858.79,0.1902
858.81,0.194
858.83,0.1975
858.84,0.1992
858.86,0.2023
858.88,0.2052
858.89,0.2066
858.91,0.2091
858.92,0.2103
858.94,0.2126
858.96,0.2148
858.97,0.2158
858.99,0.2179
859.01,0.2199
859.02,0.221
859.04,0.2231
859.06,0.2255
859.07,0.2267
859.09,0.2294
859.11,0.2325
859.12,0.2342
859.14,0.238
859.16,0.2424
859.17,0.2448
859.19,0.2503
859.21,0.2567
859.22,0.2602
859.24,0.268
859.26,0.277
859.27,0.2819
859.29,0.2927
859.3,0.2986
859.32,0.3114
859.34,0.3258
859.35,0.3335
859.37,0.3502
859.39,0.3686
859.4,0.3784
859.42,0.3993
859.44,0.422
859.45,0.434
859.47,0.4593
859.49,0.4864
859.5,0.5006
859.52,0.5302
859.54,0.5615
859.55,0.5777
859.57,0.6113
859.59,0.6463
859.6,0.6643
859.62,0.7012
859.64,0.7392
859.65,0.7585
859.67,0.7977
859.68,0.8175
859.7,0.8575
859.72,0.8977
859.73,0.9179
859.75,0.958
859.77,0.9978
859.78,1.017
859.8,1.056
859.82,1.094
859.83,1.112
859.85,1.148
859.87,1.182
859.88,1.198
859.9,1.229
859.92,1.257
859.93,1.271
859.95,1.295
859.97,1.317
859.98,1.327
860.0,1.343
860.01,1.351
860.03,1.363
860.05,1.371
860.06,1.374
860.08,1.377
860.1,1.377
860.11,1.375
860.13,1.369
860.15,1.359
860.16,1.353
860.18,1.338
860.2,1.32
860.21,1.31
860.23,1.287
860.25,1.261
860.26,1.247
860.28,1.216
860.3,1.184
860.31,1.167
860.33,1.131
860.35,1.093
860.36,1.074
860.38,1.034
860.39,1.013
860.41,0.9716
860.43,0.9291
860.44,0.9077
860.46,0.8645
860.48,0.8211
860.49,0.7994
860.51,0.7562
860.53,0.7134
860.54,0.6922
860.56,0.6503
860.58,0.6094
860.59,0.5893
860.61,0.5499
860.63,0.5117
860.64,0.4932
860.66,0.4571
860.68,0.4225
860.69,0.4058
860.71,0.3736
860.73,0.3429
860.74,0.3282
860.76,0.3001
860.77,0.2867
860.79,0.261
860.81,0.237
860.82,0.2256
860.84,0.2041
860.86,0.184
860.87,0.1746
860.89,0.1568
860.91,0.1405
860.92,0.1328
860.94,0.1185
860.96,0.1054
860.97,0.09931
860.99,0.08798
861.01,0.07774
861.02,0.073
861.04,0.06423
861.06,0.05636
861.07,0.05275
861.09,0.0461
861.11,0.04017
861.12,0.03747
861.14,0.03252
861.15,0.03027
861.17,0.02617
861.19,0.02256
861.2,0.02093
861.22,0.01797
861.24,0.01539
861.25,0.01423
861.27,0.01214
861.29,0.01034
861.3,0.009528
861.32,0.008083
861.34,0.006845
861.35,0.006295
861.37,0.005319
861.39,0.004491
861.4,0.004127
861.42,0.003486
861.44,0.002951
861.45,0.002718
861.47,0.002315
861.48,0.002142
861.5,0.001846
861.52,0.001612
861.53,0.001515
861.55,0.001357
861.57,0.001243
861.58,0.001201
861.6,0.001145
861.62,0.001123
861.63,0.001124
861.65,0.001147
861.67,0.001199
861.68,0.001235
861.7,0.001327
861.72,0.001444
861.73,0.001513
861.75,0.001669
861.77,0.001851
861.78,0.001952
861.8,0.002174
861.82,0.002423
861.83,0.002558
861.85,0.00285
861.86,0.003007
861.88,0.003343
861.9,0.00371
861.91,0.003905
861.93,0.00432
861.95,0.004767
861.96,0.005003
861.98,0.0055
862.0,0.006031
862.01,0.00631
862.03,0.006891
862.05,0.007506
862.06,0.007826
862.08,0.00849
862.1,0.009185
862.11,0.009544
862.13,0.01028
862.15,0.01105
862.16,0.01144
862.18,0.01224
862.2,0.01306
862.21,0.01348
862.23,0.01433
862.24,0.01475
862.26,0.01562
862.28,0.01648
862.29,0.01692
862.31,0.01778
862.33,0.01864
862.34,0.01907
862.36,0.01991
862.38,0.02073
862.39,0.02114
862.41,0.02192
862.43,0.02268
862.44,0.02305
862.46,0.02375
862.48,0.02442
862.49,0.02474
862.51,0.02534
862.53,0.0259
862.54,0.02616
862.56,0.02666
862.58,0.02711
862.59,0.02732
862.61,0.02772
862.62,0.0279
862.64,0.02826
862.66,0.0286
862.67,0.02877
862.69,0.02911
862.71,0.02947
862.72,0.02967
862.74,0.03011
862.76,0.03064
862.77,0.03095
862.79,0.03168
862.81,0.03259
862.82,0.03313
862.84,0.03443
862.86,0.03607
862.87,0.03703
862.89,0.03932
862.91,0.04216
862.92,0.04382
862.94,0.04771
862.96,0.05245
862.97,0.0552
862.99,0.06153
863.0,0.06516
863.02,0.0735
863.04,0.08346
863.05,0.08912
863.07,0.102
863.09,0.1171
863.1,0.1257
863.12,0.145
863.14,0.1674
863.15,0.18
863.17,0.2081
863.19,0.2406
863.2,0.2586
863.22,0.2987
863.24,0.3446
863.25,0.3699
863.27,0.4258
863.29,0.4893
863.3,0.5241
863.32,0.6004
863.33,0.6421
863.35,0.7332
863.37,0.8354
863.38,0.8909
863.4,1.011
863.42,1.146
863.43,1.218
863.45,1.374
863.47,1.547
863.48,1.64
863.5,1.839
863.52,2.058
863.53,2.174
863.55,2.424
863.57,2.695
863.58,2.839
863.6,3.145
863.62,3.476
863.63,3.651
863.65,4.021
863.67,4.418
863.68,4.627
863.7,5.066
863.71,5.297
863.73,5.781
863.75,6.295
863.76,6.564
863.78,7.126
863.8,7.721
863.81,8.03
863.83,8.675
863.85,9.355
863.86,9.708
863.88,10.44
863.9,11.21
863.91,11.61
863.93,12.44
863.95,13.31
863.96,13.76
863.98,14.69
864.0,15.67
864.01,16.17
864.03,17.22
864.05,18.32
864.06,18.9
864.08,20.08
864.09,20.7
864.11,21.98
864.13,23.33
864.14,24.03
864.16,25.49
864.18,27.03
864.19,27.84
864.21,29.52
864.23,31.29
864.24,32.22
864.26,34.15
864.28,36.2
864.29,37.27
864.31,39.51
864.33,41.87
864.34,43.11
864.36,45.68
864.38,48.4
864.39,49.82
864.41,52.77
864.43,55.87
864.44,57.48
864.46,60.82
864.47,62.55
864.49,66.12
864.51,69.85
864.52,71.77
864.54,75.71
864.56,79.79
864.57,81.88
864.59,86.16
864.61,90.53
864.62,92.76
864.64,97.27
864.66,101.9
864.67,104.2
864.69,108.8
864.71,113.5
864.72,115.8
864.74,120.4
864.76,125.0
864.77,127.2
864.79,131.7
864.8,133.9
864.82,138.1
864.84,142.2
864.85,144.2
864.87,148.0
864.89,151.6
864.9,153.3
864.92,156.4
864.94,159.4
864.95,160.7
864.97,163.2
864.99,165.3
865.0,166.3
865.02,168.0
865.04,169.3
865.05,169.9
865.07,170.8
865.09,171.4
865.1,171.6
865.12,171.9
865.14,171.9
865.15,171.8
865.17,171.6
865.18,171.4
865.2,171.1
865.22,170.7
865.23,170.6
865.25,170.4
865.27,170.4
865.28,170.5
865.3,170.9
865.32,171.9
865.33,172.5
865.35,174.4
865.37,176.9
865.38,178.6
865.4,182.5
865.42,187.6
865.43,190.6
865.45,197.7
865.47,206.3
865.48,211.2
865.5,222.3
865.52,235.4
865.53,242.7
865.55,259.1
865.56,268.1
865.58,288.1
865.6,310.7
865.61,323.0
865.63,349.9
865.65,379.8
865.66,396.0
865.68,430.8
865.7,468.9
865.71,489.4
865.73,532.8
865.75,580.0
865.76,605.0
865.78,657.7
865.8,714.2
865.81,743.8
865.83,805.9
865.85,871.7
865.86,905.9
865.88,977.0
865.9,1051.0
865.91,1090.0
865.93,1169.0
865.94,1210.0
865.96,1293.0
865.98,1379.0
865.99,1423.0
866.01,1511.0
866.03,1601.0
866.04,1647.0
866.06,1738.0
866.08,1830.0
866.09,1876.0
866.11,1967.0
866.13,2057.0
866.14,2102.0
866.16,2189.0
866.18,2274.0
866.19,2315.0
866.21,2396.0
866.23,2472.0
866.24,2508.0
866.26,2578.0
866.27,2610.0
866.29,2672.0
866.31,2727.0
866.32,2752.0
866.34,2798.0
866.36,2836.0
866.37,2853.0
866.39,2880.0
866.41,2900.0
866.42,2907.0
866.44,2914.0
866.46,2914.0
866.47,2911.0
866.49,2899.0
866.51,2880.0
866.52,2867.0
866.54,2836.0
866.56,2797.0
866.57,2775.0
866.59,2726.0
866.61,2671.0
866.62,2641.0
866.64,2576.0
866.65,2542.0
866.67,2470.0
866.69,2394.0
866.7,2354.0
866.72,2271.0
866.74,2186.0
866.75,2142.0
866.77,2053.0
866.79,1963.0
866.8,1917.0
866.82,1825.0
866.84,1732.0
866.85,1686.0
866.87,1594.0
866.89,1503.0
866.9,1458.0
866.92,1369.0
866.94,1282.0
866.95,1239.0
866.97,1155.0
866.99,1075.0
867.0,1035.0
867.02,958.9
867.03,921.9
867.05,850.4
867.07,782.3
867.08,749.6
867.1,686.7
867.12,627.4
867.13,599.1
867.15,545.1
867.17,494.7
867.18,470.8
867.2,425.5
867.22,383.5
867.23,363.7
867.25,326.4
867.27,292.2
867.28,276.2
867.3,246.3
867.32,219.0
867.33,206.3
867.35,182.7
867.37,161.3
867.38,151.5
867.4,133.3
867.41,124.9
867.43,109.4
867.45,95.63
867.46,89.31
867.48,77.76
867.5,67.54
867.51,62.89
867.53,54.42
867.55,46.99
867.56,43.63
867.58,37.56
867.6,32.27
867.61,29.9
867.63,25.63
867.65,21.95
867.66,20.31
867.68,17.38
867.7,14.88
867.71,13.78
867.73,11.83
867.74,10.97
867.76,9.472
867.78,8.221
867.79,7.68
867.81,6.748
867.83,5.993
867.84,5.675
867.86,5.144
867.88,4.738
867.89,4.577
867.91,4.328
867.93,4.168
867.94,4.118
867.96,4.069
867.98,4.083
867.99,4.112
868.01,4.206
868.03,4.346
868.04,4.432
868.06,4.63
868.08,4.863
868.09,4.991
868.11,5.267
868.12,5.415
868.14,5.727
868.16,6.061
868.17,6.236
868.19,6.597
868.21,6.973
868.22,7.166
868.24,7.562
868.26,7.968
868.27,8.175
868.29,8.593
868.31,9.018
868.32,9.232
868.34,9.664
868.36,10.1
868.37,10.31
868.39,10.75
868.41,11.18
868.42,11.4
868.44,11.83
868.46,12.26
868.47,12.47
868.49,12.9
868.5,13.11
868.52,13.53
868.54,13.95
868.55,14.15
868.57,14.57
868.59,14.98
868.6,15.19
868.62,15.61
868.64,16.03
868.65,16.24
868.67,16.68
868.69,17.12
868.7,17.35
868.72,17.82
868.74,18.31
868.75,18.57
868.77,19.1
868.79,19.67
868.8,19.97
868.82,20.59
868.84,21.27
868.85,21.63
868.87,22.38
868.88,22.79
868.9,23.64
868.92,24.57
868.93,25.06
868.95,26.11
868.97,27.25
868.98,27.85
869.0,29.13
869.02,30.52
869.03,31.25
869.05,32.79
869.07,34.45
869.08,35.32
869.1,37.15
869.12,39.09
869.13,40.11
869.15,42.24
869.17,44.48
869.18,45.64
869.2,48.06
869.22,50.58
869.23,51.88
869.25,54.55
869.26,55.92
869.28,58.72
869.3,61.6
869.31,63.07
869.33,66.04
869.35,69.05
869.36,70.57
869.38,73.62
869.4,76.68
869.41,78.2
869.43,81.23
869.45,84.22
869.46,85.69
869.48,88.57
869.5,91.37
869.51,92.72
869.53,95.34
869.55,97.82
869.56,99.0
869.58,101.2
869.59,102.3
869.61,104.2
869.63,105.9
869.64,106.7
869.66,108.1
869.68,109.2
869.69,109.7
869.71,110.5
869.73,110.9
869.74,111.1
869.76,111.1
869.78,110.9
869.79,110.7
869.81,110.1
869.83,109.2
869.84,108.6
869.86,107.3
869.88,105.7
869.89,104.9
869.91,102.9
869.93,100.8
869.94,99.65
869.96,97.2
869.97,95.91
869.99,93.19
870.01,90.32
870.02,88.83
870.04,85.76
870.06,82.59
870.07,80.97
870.09,77.68
870.11,74.33
870.12,72.64
870.14,69.24
870.16,65.83
870.17,64.13
870.19,60.75
870.21,57.4
870.22,55.74
870.24,52.47
870.26,49.27
870.27,47.69
870.29,44.62
870.31,41.64
870.32,40.19
870.34,37.37
870.35,36.01
870.37,33.37
870.39,30.85
870.4,29.64
870.42,27.31
870.44,25.11
870.45,24.05
870.47,22.05
870.49,20.17
870.5,19.28
870.52,17.59
870.54,16.03
870.55,15.29
870.57,13.91
870.59,12.63
870.6,12.04
870.62,10.93
870.64,9.925
870.65,9.459
870.67,8.599
870.69,7.83
870.7,7.479
870.72,6.837
870.73,6.546
870.75,6.021
870.77,5.568
870.78,5.367
870.8,5.013
870.82,4.72
870.83,4.595
870.85,4.385
870.87,4.227
870.88,4.165
870.9,4.076
870.92,4.03
870.93,4.021
870.95,4.032
870.97,4.076
870.98,4.111
871.0,4.202
871.02,4.32
871.03,4.389
871.05,4.544
871.06,4.629
871.08,4.815
871.1,5.018
871.11,5.126
871.13,5.351
871.15,5.588
871.16,5.71
871.18,5.96
871.2,6.217
871.21,6.347
871.23,6.609
871.25,6.873
871.26,7.004
871.28,7.265
871.3,7.522
871.31,7.649
871.33,7.896
871.35,8.135
871.36,8.25
871.38,8.473
871.4,8.683
871.41,8.783
871.43,8.971
871.44,9.059
871.46,9.222
871.48,9.368
871.49,9.434
871.51,9.551
871.53,9.648
871.54,9.69
871.56,9.757
871.58,9.803
871.59,9.818
871.61,9.834
871.63,9.829
871.64,9.818
871.66,9.783
871.68,9.729
871.69,9.694
871.71,9.612
871.73,9.512
871.74,9.456
871.76,9.332
871.78,9.194
871.79,9.119
871.81,8.961
871.82,8.877
871.84,8.702
871.86,8.517
871.87,8.421
871.89,8.225
871.91,8.021
871.92,7.918
871.94,7.707
871.96,7.494
871.97,7.386
871.99,7.17
872.01,6.954
872.02,6.846
872.04,6.631
872.06,6.418
872.07,6.312
872.09,6.104
872.11,5.899
872.12,5.798
872.14,5.6
872.16,5.407
872.17,5.313
872.19,5.128
872.2,5.038
872.22,4.863
872.24,4.694
872.25,4.612
872.27,4.452
872.29,4.3
872.3,4.226
872.32,4.083
872.34,3.947
872.35,3.881
872.37,3.755
872.39,3.636
872.4,3.579
872.42,3.469
872.44,3.366
872.45,3.318
872.47,3.225
872.49,3.139
872.5,3.099
872.52,3.023
872.53,2.988
872.55,2.923
872.57,2.866
872.58,2.84
872.6,2.794
872.62,2.756
872.63,2.74
872.65,2.714
872.67,2.697
872.68,2.691
872.7,2.687
872.72,2.693
872.73,2.699
872.75,2.718
872.77,2.748
872.78,2.767
872.8,2.812
872.82,2.867
872.83,2.899
872.85,2.971
872.87,3.053
872.88,3.099
872.9,3.197
872.91,3.251
872.93,3.366
872.95,3.492
872.96,3.559
872.98,3.701
873.0,3.853
873.01,3.933
873.03,4.099
873.05,4.275
873.06,4.366
873.08,4.554
873.1,4.75
873.11,4.851
873.13,5.057
873.15,5.269
873.16,5.377
873.18,5.596
873.2,5.819
873.21,5.931
873.23,6.158
873.25,6.385
873.26,6.499
873.28,6.726
873.29,6.839
873.31,7.063
873.33,7.284
873.34,7.393
873.36,7.607
873.38,7.815
873.39,7.917
873.41,8.114
873.43,8.302
873.44,8.393
873.46,8.566
873.48,8.728
873.49,8.805
873.51,8.948
873.53,9.078
873.54,9.138
873.56,9.246
873.58,9.339
873.59,9.38
873.61,9.449
873.63,9.502
873.64,9.522
873.66,9.548
873.67,9.555
873.69,9.556
873.71,9.538
873.72,9.523
873.74,9.479
873.76,9.418
873.77,9.381
873.79,9.294
873.81,9.19
873.82,9.132
873.84,9.003
873.86,8.86
873.87,8.782
873.89,8.617
873.91,8.438
873.92,8.344
873.94,8.147
873.96,7.938
873.97,7.83
873.99,7.607
874.0,7.492
874.02,7.257
874.04,7.016
874.05,6.893
874.07,6.643
874.09,6.39
874.1,6.263
874.12,6.007
874.14,5.75
874.15,5.621
874.17,5.366
874.19,5.112
874.2,4.986
874.22,4.737
874.24,4.493
874.25,4.372
874.27,4.136
874.29,3.906
874.3,3.793
874.32,3.574
874.34,3.362
874.35,3.259
874.37,3.06
874.38,2.964
874.4,2.778
874.42,2.6
874.43,2.515
874.45,2.351
874.47,2.197
874.48,2.123
874.5,1.982
874.52,1.85
874.53,1.787
874.55,1.667
874.57,1.556
874.58,1.503
874.6,1.403
874.62,1.311
874.63,1.268
874.65,1.185
874.67,1.11
874.68,1.074
874.7,1.007
874.72,0.9452
874.73,0.9162
874.75,0.8617
874.76,0.8361
874.78,0.7879
874.8,0.7434
874.81,0.7225
874.83,0.683
874.85,0.6464
874.86,0.6291
874.88,0.5963
874.9,0.5657
874.91,0.5511
874.93,0.5234
874.95,0.4972
874.96,0.4847
874.98,0.4607
875.0,0.4379
875.01,0.4269
875.03,0.4056
875.05,0.3853
875.06,0.3755
875.08,0.3564
875.1,0.338
875.11,0.3291
875.13,0.3118
875.14,0.3034
875.16,0.2871
875.18,0.2713
875.19,0.2637
875.21,0.2489
875.23,0.2348
875.24,0.2279
875.26,0.2147
875.28,0.2021
875.29,0.1961
875.31,0.1845
875.33,0.1736
875.34,0.1685
875.36,0.1587
875.38,0.1496
875.39,0.1454
875.41,0.1376
875.43,0.1306
875.44,0.1274
875.46,0.1217
875.48,0.1169
875.49,0.1149
875.51,0.1117
875.52,0.1104
875.54,0.1089
875.56,0.1086
875.57,0.1089
875.59,0.1106
875.61,0.1139
875.62,0.1162
875.64,0.1222
875.66,0.1303
875.67,0.1352
875.69,0.147
875.71,0.1616
875.72,0.1701
875.74,0.1899
875.76,0.2138
875.77,0.2274
875.79,0.2586
875.81,0.2956
875.82,0.3165
875.84,0.364
875.85,0.3908
875.87,0.4512
875.89,0.5219
875.9,0.5615
875.92,0.6506
875.94,0.754
875.95,0.8118
875.97,0.941
875.99,1.09
876.0,1.173
876.02,1.358
876.04,1.57
876.05,1.687
876.07,1.947
876.09,2.244
876.1,2.407
876.12,2.768
876.14,3.178
876.15,3.402
876.17,3.896
876.19,4.452
876.2,4.757
876.22,5.421
876.23,5.783
876.25,6.572
876.27,7.454
876.28,7.933
876.3,8.971
876.32,10.12
876.33,10.75
876.35,12.09
876.37,13.58
876.38,14.38
876.4,16.09
876.42,17.98
876.43,18.99
876.45,21.15
876.47,23.51
876.48,24.77
876.5,27.45
876.52,30.36
876.53,31.9
876.55,35.18
876.57,38.72
876.58,40.59
876.6,44.53
876.61,46.62
876.63,51.0
876.65,55.69
876.66,58.16
876.68,63.32
876.7,68.82
876.71,71.69
876.73,77.69
876.75,84.03
876.76,87.33
876.78,94.19
876.8,101.4
876.81,105.1
876.83,112.9
876.85,120.9
876.86,125.1
876.88,133.7
876.9,142.6
876.91,147.2
876.93,156.5
876.95,166.2
876.96,171.1
876.98,181.1
876.99,186.2
877.01,196.6
877.03,207.2
877.04,212.5
877.06,223.3
877.08,234.2
877.09,239.7
877.11,250.6
877.13,261.6
877.14,267.1
877.16,277.9
877.18,288.7
877.19,294.0
877.21,304.5
877.23,314.7
877.24,319.7
877.26,329.4
877.28,338.8
877.29,343.3
877.31,351.9
877.32,356.1
877.34,363.9
877.36,371.2
877.37,374.6
877.39,380.8
877.41,386.3
877.42,388.8
877.44,393.2
877.46,396.7
877.47,398.2
877.49,400.5
877.51,401.9
877.52,402.2
877.54,402.3
877.56,401.4
877.57,400.7
877.59,398.5
877.61,395.4
877.62,393.5
877.64,389.1
877.66,383.8
877.67,380.9
877.69,374.4
877.7,370.9
877.72,363.3
877.74,355.0
877.75,350.7
877.77,341.5
877.79,331.7
877.8,326.6
877.82,316.1
877.84,305.2
877.85,299.6
877.87,288.3
877.89,276.6
877.9,270.7
877.92,258.9
877.94,246.9
877.95,240.9
877.97,228.9
877.99,217.0
878.0,211.0
878.02,199.3
878.04,187.7
878.05,182.0
878.07,170.8
878.08,165.3
878.1,154.6
878.12,144.1
878.13,139.1
878.15,129.2
878.17,119.7
878.18,115.1
878.2,106.3
878.22,97.88
878.23,93.84
878.25,86.09
878.27,78.78
878.28,75.29
878.3,68.64
878.32,62.42
878.33,59.47
878.35,53.89
878.37,48.71
878.38,46.26
878.4,41.66
878.42,37.44
878.43,35.45
878.45,31.75
878.46,30.01
878.48,26.79
878.5,23.86
878.51,22.5
878.53,19.98
878.55,17.71
878.56,16.66
878.58,14.74
878.6,13.02
878.61,12.23
878.63,10.79
878.65,9.515
878.66,8.936
878.68,7.883
878.7,6.962
878.71,6.546
878.73,5.796
878.75,5.147
878.76,4.857
878.78,4.339
878.79,4.109
878.81,3.702
878.83,3.357
878.84,3.205
878.86,2.941
878.88,2.722
878.89,2.628
878.91,2.466
878.93,2.336
878.94,2.281
878.96,2.191
878.98,2.122
878.99,2.094
879.01,2.051
879.03,2.021
879.04,2.01
879.06,1.996
879.08,1.99
879.09,1.989
879.11,1.99
879.13,1.995
879.14,1.998
879.16,2.006
879.17,2.01
879.19,2.018
879.21,2.024
879.22,2.027
879.24,2.031
879.26,2.033
879.27,2.033
879.29,2.03
879.31,2.024
879.32,2.019
879.34,2.008
879.36,1.993
879.37,1.984
879.39,1.964
879.41,1.94
879.42,1.928
879.44,1.9
879.46,1.87
879.47,1.855
879.49,1.822
879.51,1.789
879.52,1.772
879.54,1.738
879.55,1.721
879.57,1.689
879.59,1.659
879.6,1.645
879.62,1.62
879.64,1.599
879.65,1.591
879.67,1.579
879.69,1.575
879.7,1.577
879.72,1.587
879.74,1.609
879.75,1.625
879.77,1.668
879.79,1.726
879.8,1.761
879.82,1.847
879.84,1.954
879.85,2.015
879.87,2.158
879.89,2.326
879.9,2.422
879.92,2.635
879.93,2.754
879.95,3.018
879.97,3.32
879.98,3.485
880.0,3.848
880.02,4.255
880.03,4.476
880.05,4.955
880.07,5.485
880.08,5.771
880.1,6.383
880.12,7.054
880.13,7.412
880.15,8.174
880.17,9.0
880.18,9.438
880.2,10.36
880.22,11.35
880.23,11.88
880.25,12.97
880.26,13.54
880.28,14.74
880.3,16.0
880.31,16.66
880.33,18.03
880.35,19.45
880.36,20.19
880.38,21.7
880.4,23.27
880.41,24.08
880.43,25.72
880.45,27.4
880.46,28.25
880.48,29.98
880.5,31.74
880.51,32.62
880.53,34.39
880.55,36.17
880.56,37.05
880.58,38.81
880.6,40.54
880.61,41.4
880.63,43.08
880.64,43.9
880.66,45.5
880.68,47.04
880.69,47.78
880.71,49.2
880.73,50.53
880.74,51.16
880.76,52.34
880.78,53.41
880.79,53.89
880.81,54.78
880.83,55.53
880.84,55.86
880.86,56.41
880.88,56.82
880.89,56.97
880.91,57.17
880.93,57.22
880.94,57.2
880.96,57.04
880.98,56.74
880.99,56.54
881.01,56.05
881.02,55.75
881.04,55.07
881.06,54.28
881.07,53.84
881.09,52.89
881.11,51.85
881.12,51.3
881.14,50.14
881.16,48.93
881.17,48.3
881.19,47.02
881.21,45.71
881.22,45.04
881.24,43.71
881.26,42.39
881.27,41.73
881.29,40.44
881.31,39.19
881.32,38.58
881.34,37.4
881.36,36.3
881.37,35.78
881.39,34.8
881.4,34.34
881.42,33.51
881.44,32.79
881.45,32.47
881.47,31.92
881.49,31.5
881.5,31.34
881.52,31.12
881.54,31.03
881.55,31.04
881.57,31.16
881.59,31.41
881.6,31.59
881.62,32.06
881.64,32.65
881.65,33.0
881.67,33.78
881.69,34.69
881.7,35.19
881.72,36.26
881.74,37.43
881.75,38.05
881.77,39.35
881.78,40.03
881.8,41.45
881.82,42.91
881.83,43.66
881.85,45.19
881.87,46.74
881.88,47.52
881.9,49.08
881.92,50.63
881.93,51.4
881.95,52.9
881.97,54.37
881.98,55.08
882.0,56.45
882.02,57.74
882.03,58.35
882.05,59.5
882.07,60.55
882.08,61.03
882.1,61.9
882.11,62.29
882.13,62.97
882.15,63.5
882.16,63.72
882.18,64.04
882.2,64.21
882.21,64.25
882.23,64.19
882.25,63.99
882.26,63.84
882.28,63.41
882.3,62.85
882.31,62.51
882.33,61.74
882.35,60.84
882.36,60.34
882.38,59.26
882.4,58.06
882.41,57.43
882.43,56.08
882.45,54.65
882.46,53.91
882.48,52.37
882.49,51.58
882.51,49.95
882.53,48.28
882.54,47.43
882.56,45.72
882.58,43.98
882.59,43.11
882.61,41.37
882.63,39.63
882.64,38.77
882.66,37.05
882.68,35.37
882.69,34.54
882.71,32.9
882.73,31.3
882.74,30.52
882.76,29.0
882.78,27.53
882.79,26.81
882.81,25.42
882.83,24.1
882.84,23.45
882.86,22.22
882.87,21.62
882.89,20.47
882.91,19.39
882.92,18.87
882.94,17.87
882.96,16.93
882.97,16.48
882.99,15.63
883.01,14.82
883.02,14.44
883.04,13.71
883.06,13.03
883.07,12.7
883.09,12.08
883.11,11.5
883.12,11.23
883.14,10.7
883.16,10.21
883.17,9.978
883.19,9.532
883.21,9.113
883.22,8.913
883.24,8.532
883.25,8.35
883.27,8.003
883.29,7.676
883.3,7.52
883.32,7.222
883.34,6.942
883.35,6.808
883.37,6.553
883.39,6.314
883.4,6.2
883.42,5.985
883.44,5.785
883.45,5.691
883.47,5.514
883.49,5.353
883.5,5.278
883.52,5.14
883.54,5.018
883.55,4.964
883.57,4.866
883.58,4.824
883.6,4.752
883.62,4.697
883.63,4.676
883.65,4.647
883.67,4.636
883.68,4.637
883.7,4.653
883.72,4.686
883.73,4.71
883.75,4.769
883.77,4.846
883.78,4.891
883.8,4.993
883.82,5.11
883.83,5.175
883.85,5.315
883.87,5.47
883.88,5.552
883.9,5.725
883.92,5.909
883.93,6.005
883.95,6.204
883.96,6.306
883.98,6.515
884.0,6.729
884.01,6.837
884.03,7.055
884.05,7.274
884.06,7.383
884.08,7.6
884.1,7.812
884.11,7.916
884.13,8.118
884.15,8.312
884.16,8.405
884.18,8.582
884.2,8.746
884.21,8.823
884.23,8.964
884.25,9.088
884.26,9.143
884.28,9.24
884.3,9.316
884.31,9.347
884.33,9.392
884.34,9.407
884.36,9.419
884.38,9.409
884.39,9.396
884.41,9.353
884.43,9.287
884.44,9.246
884.46,9.148
884.48,9.028
884.49,8.961
884.51,8.812
884.53,8.644
884.54,8.553
884.56,8.359
884.58,8.149
884.59,8.039
884.61,7.809
884.63,7.566
884.64,7.441
884.66,7.184
884.68,6.918
884.69,6.783
884.71,6.508
884.72,6.37
884.74,6.09
884.76,5.808
884.77,5.667
884.79,5.386
884.81,5.106
884.82,4.968
884.84,4.693
884.86,4.424
884.87,4.291
884.89,4.031
884.91,3.778
884.92,3.654
884.94,3.413
884.96,3.181
884.97,3.068
884.99,2.85
885.01,2.641
885.02,2.541
885.04,2.348
885.05,2.255
885.07,2.077
885.09,1.909
885.1,1.829
885.12,1.677
885.14,1.534
885.15,1.466
885.17,1.337
885.19,1.218
885.2,1.161
885.22,1.054
885.24,0.956
885.25,0.9097
885.27,0.8228
885.29,0.7431
885.3,0.7057
885.32,0.636
885.34,0.5724
885.35,0.5427
885.37,0.4875
885.39,0.4375
885.4,0.4143
885.42,0.3713
885.43,0.3514
885.45,0.3146
885.47,0.2816
885.48,0.2664
885.5,0.2384
885.52,0.2134
885.53,0.202
885.55,0.181
885.57,0.1625
885.58,0.1541
885.6,0.1388
885.62,0.1254
885.63,0.1194
885.65,0.1086
885.67,0.09924
885.68,0.09511
885.7,0.0878
885.72,0.08169
885.73,0.07905
885.75,0.07454
885.77,0.07098
885.78,0.06952
885.8,0.06723
885.81,0.06637
885.83,0.06519
885.85,0.06466
885.86,0.06463
885.88,0.065
885.9,0.06589
885.91,0.06652
885.93,0.06813
885.95,0.07016
885.96,0.07132
885.98,0.07393
886.0,0.07687
886.01,0.07846
886.03,0.08187
886.05,0.08555
886.06,0.08749
886.08,0.09154
886.1,0.09582
886.11,0.09803
886.13,0.1026
886.15,0.1074
886.16,0.1099
886.18,0.1149
886.19,0.1175
886.21,0.1228
886.23,0.1283
886.24,0.1311
886.26,0.1368
886.28,0.1428
886.29,0.1458
886.31,0.1521
886.33,0.1585
886.34,0.1618
886.36,0.1687
886.38,0.1758
886.39,0.1795
886.41,0.187
886.43,0.195
886.44,0.1991
886.46,0.2076
886.48,0.2165
886.49,0.2212
886.51,0.2308
886.52,0.2358
886.54,0.2462
886.56,0.2572
886.57,0.2629
886.59,0.2747
886.61,0.2872
886.62,0.2937
886.64,0.3071
886.66,0.3211
886.67,0.3284
886.69,0.3434
886.71,0.359
886.72,0.3671
886.74,0.3836
886.76,0.4008
886.77,0.4095
886.79,0.4274
886.81,0.4457
886.82,0.455
886.84,0.4738
886.86,0.4929
886.87,0.5026
886.89,0.5219
886.9,0.5315
886.92,0.5508
886.94,0.57
886.95,0.5795
886.97,0.5982
886.99,0.6164
887.0,0.6253
887.02,0.6426
887.04,0.6592
887.05,0.6671
887.07,0.6823
887.09,0.6964
887.1,0.7029
887.12,0.7152
887.14,0.726
887.15,0.7309
887.17,0.7395
887.19,0.7466
887.2,0.7495
887.22,0.754
887.24,0.7568
887.25,0.7575
887.27,0.7575
887.28,0.7569
887.3,0.7542
887.32,0.7498
887.33,0.7468
887.35,0.7397
887.37,0.7308
887.38,0.7257
887.4,0.7143
887.42,0.7013
887.43,0.6942
887.45,0.679
887.47,0.6625
887.48,0.6538
887.5,0.6354
887.52,0.616
887.53,0.606
887.55,0.5852
887.57,0.5638
887.58,0.5528
887.6,0.5305
887.62,0.5077
887.63,0.4963
887.65,0.4732
887.66,0.4616
887.68,0.4384
887.7,0.4153
887.71,0.4038
887.73,0.3811
887.75,0.3587
887.76,0.3476
887.78,0.3259
887.8,0.3048
887.81,0.2945
887.83,0.2743
887.85,0.2549
887.86,0.2454
887.88,0.2271
887.9,0.2097
887.91,0.2013
887.93,0.1851
887.95,0.1697
887.96,0.1624
887.98,0.1484
888.0,0.1352
888.01,0.1289
888.03,0.117
888.04,0.1114
888.06,0.1007
888.08,0.09084
888.09,0.08618
888.11,0.07743
888.13,0.06939
888.14,0.06563
888.16,0.05859
888.18,0.05219
888.19,0.04921
888.21,0.04368
888.23,0.03869
888.24,0.03639
888.26,0.03215
888.28,0.02836
888.29,0.02663
888.31,0.02347
888.33,0.0207
888.34,0.01945
888.36,0.01721
888.37,0.01622
888.39,0.01447
888.41,0.01304
888.42,0.01243
888.44,0.01145
888.46,0.01076
888.47,0.01054
888.49,0.01031
888.51,0.01041
888.52,0.0106
888.54,0.01123
888.56,0.01227
888.57,0.01296
888.59,0.0147
888.61,0.01699
888.62,0.01837
888.64,0.02164
888.66,0.0257
888.67,0.02807
888.69,0.03356
888.71,0.04021
888.72,0.04403
888.74,0.05279
888.75,0.05779
888.77,0.06919
888.79,0.08272
888.8,0.09039
888.82,0.1078
888.84,0.1282
888.85,0.1397
888.87,0.1656
888.89,0.1959
888.9,0.2128
888.92,0.2508
888.94,0.2948
888.95,0.3193
888.97,0.3739
888.99,0.4367
889.0,0.4715
889.02,0.5486
889.04,0.6368
889.05,0.6854
889.07,0.7924
889.09,0.9139
889.1,0.9805
889.12,1.126
889.13,1.206
889.15,1.381
889.17,1.576
889.18,1.683
889.2,1.914
889.22,2.171
889.23,2.31
889.25,2.61
889.27,2.943
889.28,3.121
889.3,3.506
889.32,3.927
889.33,4.152
889.35,4.634
889.37,5.159
889.38,5.438
889.4,6.03
889.42,6.671
889.43,7.01
889.45,7.726
889.47,8.494
889.48,8.898
889.5,9.746
889.51,10.19
889.53,11.12
889.55,12.1
889.56,12.62
889.58,13.68
889.6,14.8
889.61,15.38
889.63,16.58
889.65,17.83
889.66,18.47
889.68,19.79
889.7,21.15
889.71,21.85
889.73,23.26
889.75,24.71
889.76,25.45
889.78,26.93
889.8,28.44
889.81,29.2
889.83,30.72
889.84,31.49
889.86,33.01
889.88,34.53
889.89,35.28
889.91,36.78
889.93,38.24
889.94,38.96
889.96,40.37
889.98,41.74
889.99,42.4
890.01,43.69
890.03,44.9
890.04,45.49
890.06,46.6
890.08,47.63
890.09,48.11
890.11,49.0
890.13,49.81
890.14,50.17
890.16,50.82
890.18,51.37
890.19,51.6
890.21,51.98
890.22,52.13
890.24,52.35
890.26,52.45
890.27,52.46
890.29,52.4
890.31,52.22
890.32,52.1
890.34,51.76
890.36,51.31
890.37,51.05
890.39,50.46
890.41,49.77
890.42,49.39
890.44,48.57
890.46,47.66
890.47,47.18
890.49,46.16
890.51,45.07
890.52,44.5
890.54,43.33
890.56,42.1
890.57,41.48
890.59,40.19
890.6,39.53
890.62,38.2
890.64,36.84
890.65,36.15
890.67,34.77
890.69,33.38
890.7,32.69
890.72,31.3
890.74,29.93
890.75,29.24
890.77,27.89
890.79,26.55
890.8,25.89
890.82,24.6
890.84,23.34
890.85,22.72
890.87,21.51
890.89,20.33
890.9,19.76
890.92,18.66
890.94,17.59
890.95,17.08
890.97,16.08
890.98,15.61
891.0,14.68
891.02,13.81
891.03,13.39
891.05,12.59
891.07,11.84
891.08,11.48
891.1,10.79
891.12,10.16
891.13,9.855
891.15,9.284
891.17,8.756
891.18,8.507
891.2,8.038
891.22,7.608
891.23,7.406
891.25,7.028
891.27,6.683
891.28,6.522
891.3,6.222
891.31,6.082
891.33,5.822
891.35,5.587
891.36,5.477
891.38,5.274
891.4,5.089
891.41,5.004
891.43,4.845
891.45,4.7
891.46,4.633
891.48,4.507
891.5,4.392
891.51,4.338
891.53,4.237
891.55,4.144
891.56,4.1
891.58,4.017
891.6,3.94
891.61,3.904
891.63,3.835
891.65,3.77
891.66,3.739
891.68,3.682
891.69,3.654
891.71,3.603
891.73,3.556
891.74,3.535
891.76,3.495
891.78,3.461
891.79,3.446
891.81,3.42
891.83,3.401
891.84,3.393
891.86,3.384
891.88,3.382
891.89,3.385
891.91,3.395
891.93,3.414
891.94,3.427
891.96,3.459
891.98,3.501
891.99,3.526
892.01,3.583
892.03,3.65
892.04,3.687
892.06,3.769
892.07,3.813
892.09,3.91
892.11,4.017
892.12,4.073
892.14,4.193
892.16,4.322
892.17,4.39
892.19,4.53
892.21,4.677
892.22,4.753
892.24,4.909
892.26,5.07
892.27,5.152
892.29,5.317
892.31,5.485
892.32,5.569
892.34,5.737
892.36,5.905
892.37,5.987
892.39,6.151
892.41,6.31
892.42,6.388
892.44,6.539
892.45,6.612
892.47,6.752
892.49,6.883
892.5,6.945
892.52,7.061
892.54,7.166
892.55,7.214
892.57,7.301
892.59,7.375
892.6,7.407
892.62,7.461
892.64,7.5
892.65,7.514
892.67,7.532
892.69,7.535
892.7,7.53
892.72,7.511
892.74,7.477
892.75,7.455
892.77,7.4
892.78,7.367
892.8,7.292
892.82,7.204
892.83,7.155
892.85,7.049
892.87,6.932
892.88,6.869
892.9,6.737
892.92,6.595
892.93,6.521
892.95,6.368
892.97,6.208
892.98,6.126
893.0,5.957
893.02,5.784
893.03,5.697
893.05,5.519
893.07,5.34
893.08,5.25
893.1,5.069
893.12,4.888
893.13,4.798
893.15,4.619
893.16,4.531
893.18,4.355
893.2,4.182
893.21,4.097
893.23,3.93
893.25,3.767
893.26,3.687
893.28,3.532
893.3,3.381
893.31,3.308
893.33,3.166
893.35,3.03
893.36,2.964
893.38,2.836
893.4,2.715
893.41,2.657
893.43,2.544
893.45,2.438
893.46,2.387
893.48,2.289
893.5,2.197
893.51,2.153
893.53,2.068
893.54,2.028
893.56,1.951
893.58,1.879
893.59,1.844
893.61,1.779
893.63,1.717
893.64,1.687
893.66,1.63
893.68,1.577
893.69,1.551
893.71,1.502
893.73,1.455
893.74,1.433
893.76,1.389
893.78,1.347
893.79,1.327
893.81,1.287
893.83,1.249
893.84,1.23
893.86,1.193
893.88,1.157
893.89,1.139
893.91,1.104
893.92,1.087
893.94,1.053
893.96,1.019
893.97,1.002
893.99,0.9687
894.01,0.9358
894.02,0.9195
894.04,0.887
894.06,0.8549
894.07,0.839
894.09,0.8074
894.11,0.7762
894.12,0.7608
894.14,0.7302
894.16,0.7002
894.17,0.6853
894.19,0.6561
894.21,0.6275
894.22,0.6135
894.24,0.5859
894.26,0.559
894.27,0.5458
894.29,0.5201
894.3,0.5076
894.32,0.4831
894.34,0.4595
894.35,0.448
894.37,0.4257
894.39,0.4043
894.4,0.3939
894.42,0.3738
894.44,0.3546
894.45,0.3454
894.47,0.3275
894.49,0.3105
894.5,0.3023
894.52,0.2865
894.54,0.2716
894.55,0.2644
894.57,0.2505
894.59,0.2374
894.6,0.2311
894.62,0.2191
894.63,0.2133
894.65,0.2021
894.67,0.1916
894.68,0.1866
894.7,0.1769
894.72,0.1677
894.73,0.1633
894.75,0.1548
894.77,0.1469
894.78,0.143
894.8,0.1357
894.82,0.1287
894.83,0.1254
894.85,0.119
894.87,0.113
894.88,0.1102
894.9,0.1047
894.92,0.09954
894.93,0.0971
894.95,0.09247
894.97,0.08816
894.98,0.08614
895.0,0.08232
895.01,0.08054
895.03,0.07722
895.05,0.07422
895.06,0.07285
895.08,0.07035
895.1,0.06818
895.11,0.06722
895.13,0.06556
895.15,0.06424
895.16,0.0637
895.18,0.06289
895.2,0.06242
895.21,0.06232
895.23,0.06237
895.25,0.06277
895.26,0.0631
895.28,0.06402
895.3,0.06528
895.31,0.06604
895.33,0.06781
895.35,0.06991
895.36,0.07108
895.38,0.07367
895.39,0.07508
895.41,0.07813
895.43,0.08148
895.44,0.08326
895.46,0.08703
895.48,0.09105
895.49,0.09315
895.51,0.09753
895.53,0.1021
895.54,0.1045
895.56,0.1094
895.58,0.1144
895.59,0.1169
895.61,0.1221
895.63,0.1274
895.64,0.1301
895.66,0.1354
895.68,0.1408
895.69,0.1435
895.71,0.1488
895.73,0.154
895.74,0.1566
895.76,0.1617
895.77,0.1642
895.79,0.1691
895.81,0.1738
895.82,0.176
895.84,0.1804
895.86,0.1844
895.87,0.1864
895.89,0.19
895.91,0.1933
895.92,0.1949
895.94,0.1977
895.96,0.2001
895.97,0.2012
895.99,0.2031
896.01,0.2046
896.02,0.2052
896.04,0.2061
896.06,0.2066
896.07,0.2067
896.09,0.2066
896.1,0.2064
896.12,0.2058
896.14,0.2047
896.15,0.2041
896.17,0.2025
896.19,0.2006
896.2,0.1995
896.22,0.1971
896.24,0.1944
896.25,0.1929
896.27,0.1898
896.29,0.1865
896.3,0.1847
896.32,0.1811
896.34,0.1772
896.35,0.1752
896.37,0.1711
896.39,0.1669
896.4,0.1647
896.42,0.1603
896.44,0.1558
896.45,0.1536
896.47,0.149
896.48,0.1467
896.5,0.142
896.52,0.1374
896.53,0.135
896.55,0.1304
896.57,0.1258
896.58,0.1235
896.6,0.1189
896.62,0.1143
896.63,0.1121
896.65,0.1076
896.67,0.1032
896.68,0.101
896.7,0.09671
896.72,0.09248
896.73,0.0904
896.75,0.0863
896.77,0.08229
896.78,0.08031
896.8,0.07644
896.82,0.07266
896.83,0.0708
896.85,0.06717
896.86,0.06539
896.88,0.0619
896.9,0.05852
896.91,0.05687
896.93,0.05365
896.95,0.05053
896.96,0.04901
896.98,0.04606
897.0,0.04321
897.01,0.04183
897.03,0.03914
897.05,0.03657
897.06,0.03532
897.08,0.03291
897.1,0.03061
897.11,0.0295
897.13,0.02736
897.15,0.02532
897.16,0.02435
897.18,0.02247
897.2,0.0207
897.21,0.01985
897.23,0.01823
897.24,0.01746
897.26,0.01598
897.28,0.0146
897.29,0.01394
897.31,0.01269
897.33,0.01153
897.34,0.01098
897.36,0.009946
897.38,0.008987
897.39,0.008535
897.41,0.007686
897.43,0.006905
897.44,0.006539
897.46,0.005854
897.48,0.005229
897.49,0.004938
897.51,0.004395
897.53,0.003902
897.54,0.003674
897.56,0.003251
897.57,0.003055
897.59,0.002693
897.61,0.002369
897.62,0.002219
897.64,0.001945
897.66,0.0017
897.67,0.001588
897.69,0.001383
897.71,0.001202
897.72,0.001119
897.74,0.0009685
897.76,0.0008363
897.77,0.0007764
897.79,0.0006679
897.81,0.0005731
897.82,0.0005304
897.84,0.0004534
897.86,0.0003867
897.87,0.0003567
897.89,0.0003031
897.91,0.0002568
897.92,0.0002362
897.94,0.0001994
897.95,0.0001831
897.97,0.000154
897.99,0.0001292
898.0,0.0001182
898.02,9.879e-05
898.04,8.235e-05
898.05,7.512e-05
898.07,6.239e-05
898.09,5.168e-05
898.1,4.7e-05
898.12,3.878e-05
898.14,3.193e-05
898.15,2.894e-05
898.17,2.373e-05
898.19,1.941e-05
898.2,1.754e-05
898.22,1.429e-05
898.24,1.162e-05
898.25,1.046e-05
898.27,8.471e-06
898.29,6.841e-06
898.3,6.142e-06
898.32,4.942e-06
898.33,4.428e-06
898.35,3.549e-06
898.37,2.837e-06
898.38,2.534e-06
898.4,2.018e-06
898.42,1.603e-06
898.43,1.428e-06
898.45,1.13e-06
898.47,8.916e-07
898.48,7.914e-07
898.5,6.223e-07
898.52,4.88e-07
898.53,4.318e-07
898.55,3.373e-07
898.57,2.629e-07
898.58,2.319e-07
898.6,1.8e-07
898.62,1.394e-07
898.63,1.225e-07
898.65,9.451e-08
898.67,7.272e-08
898.68,6.372e-08
898.7,4.884e-08
898.71,4.272e-08
898.73,3.262e-08
898.75,2.484e-08
898.76,2.166e-08
898.78,1.643e-08
898.8,1.243e-08
898.81,1.081e-08
898.83,8.146e-09
898.85,6.125e-09
898.86,5.306e-09
898.88,3.974e-09
