wavelength,intensity
198.28,3.823e-34
198.3,1.001e-29
198.32,4.7589999999999995e-29
198.33,1.0300000000000001e-28
198.35,4.763e-28
198.37,2.477e-27
198.38,5.263e-27
198.4,2.3450000000000002e-26
198.41,4.917e-26
198.43,2.134e-25
198.45,9.098e-25
198.46,1.866e-24
198.48,7.749e-24
198.5,3.162e-23
198.51,6.345e-23
198.53,2.5209999999999997e-22
198.55,9.846999999999999e-22
198.56,1.933e-21
198.58,7.354e-21
198.6,2.7490000000000005e-20
198.61,5.2810000000000007e-20
198.63,1.923e-19
198.65,6.884e-19
198.66,1.294e-18
198.68,4.512e-18
198.7,1.546e-17
198.71,2.844e-17
198.73,9.497e-17
198.75,3.117e-16
198.76,5.611e-16
198.78,1.795e-15
198.79,3.189e-15
198.81,9.938e-15
198.83,3.045e-14
198.84,5.295e-14
198.86,1.581e-13
198.88,4.639e-13
198.89,7.896e-13
198.91,2.258e-12
198.93,6.35e-12
198.94,1.058e-11
198.96,2.899e-11
198.98,7.808e-11
198.99,1.273e-10
199.01,3.343e-10
199.03,8.627e-10
199.04,1.377e-09
199.06,3.463e-09
199.08,8.563e-09
199.09,1.338e-08
199.11,3.224e-08
199.12,4.972e-08
199.14,1.168e-07
199.16,2.695e-07
199.17,4.069e-07
199.19,9.153e-07
199.21,2.024e-06
199.22,2.99e-06
199.24,6.443e-06
199.26,1.365e-05
199.27,1.973e-05
199.29,4.072e-05
199.31,8.259e-05
199.32,0.0001169
199.34,0.0002309
199.36,0.0004485
199.37,0.0006209
199.39,0.001175
199.41,0.002185
199.42,0.002959
199.44,0.00536
199.46,0.009541
199.47,0.01265
199.49,0.02192
199.5,0.02868
199.52,0.04843
199.54,0.08036
199.55,0.1028
199.57,0.1662
199.59,0.2638
199.6,0.3303
199.62,0.5107
199.64,0.7758
199.65,0.9499
199.67,1.405
199.69,2.042
199.7,2.445
199.72,3.461
199.74,4.811
199.75,5.634
199.77,7.627
199.79,10.14
199.8,11.62
199.82,15.04
199.84,19.12
199.85,21.42
199.87,26.51
199.88,29.3
199.9,35.32
199.92,41.81
199.93,45.19
199.95,52.08
199.97,58.95
199.98,62.3
200.0,68.65
200.02,74.31
200.03,76.79
200.05,80.92
200.07,83.75
200.08,84.63
200.1,85.28
200.12,84.41
200.13,83.42
200.15,80.4
200.17,76.14
200.18,73.61
200.2,67.91
200.22,61.59
200.23,58.28
200.25,51.55
200.26,48.19
200.28,41.63
200.3,35.45
200.31,32.55
200.33,27.21
200.35,22.54
200.36,20.47
200.38,16.86
200.4,13.96
200.41,12.77
200.43,10.85
200.45,9.525
200.46,9.07
200.48,8.544
200.5,8.494
200.51,8.635
200.53,9.232
200.55,10.22
200.56,10.86
200.58,12.39
200.59,13.29
200.61,15.29
200.63,17.56
200.64,18.78
200.66,21.34
200.68,24.02
200.69,25.38
200.71,28.08
200.73,30.71
200.74,31.99
200.76,34.4
200.78,36.62
200.79,37.65
200.81,39.57
200.83,41.3
200.84,42.12
200.86,43.69
200.88,45.23
200.89,46.02
200.91,47.66
200.93,49.45
200.94,50.41
200.96,52.47
200.97,53.57
200.99,55.85
201.01,58.2
201.02,59.36
201.04,61.6
201.06,63.59
201.07,64.45
201.09,65.82
201.11,66.63
201.12,66.8
201.14,66.63
201.16,65.78
201.17,65.11
201.19,63.32
201.21,61.02
201.22,59.71
201.24,56.9
201.26,53.95
201.27,52.47
201.29,49.62
201.31,47.01
201.32,45.85
201.34,43.85
201.35,43.04
201.37,41.82
201.39,41.18
201.4,41.07
201.42,41.26
201.44,41.97
201.45,42.5
201.47,43.87
201.49,45.57
201.5,46.52
201.52,48.56
201.54,50.7
201.55,51.79
201.57,53.95
201.59,56.05
201.6,57.07
201.62,59.01
201.64,60.83
201.65,61.71
201.67,63.39
201.69,65.02
201.7,65.83
201.72,67.47
201.73,68.31
201.75,70.05
201.77,71.86
201.78,72.8
201.8,74.74
201.82,76.69
201.83,77.67
201.85,79.55
201.87,81.27
201.88,82.05
201.9,83.37
201.92,84.31
201.93,84.62
201.95,84.86
201.97,84.58
201.98,84.23
202.0,83.12
202.02,81.46
202.03,80.43
202.05,78.0
202.06,76.62
202.08,73.53
202.1,70.09
202.11,68.26
202.13,64.44
202.15,60.5
202.16,58.51
202.18,54.6
202.2,50.89
202.21,49.16
202.23,46.07
202.25,43.61
202.26,42.68
202.28,41.55
202.3,41.55
202.31,42.03
202.33,44.06
202.35,47.61
202.36,49.98
202.38,55.95
202.4,63.52
202.41,67.87
202.43,77.62
202.44,82.94
202.46,94.31
202.48,106.3
202.49,112.4
202.51,124.4
202.53,135.9
202.54,141.2
202.56,150.7
202.58,158.4
202.59,161.4
202.61,165.5
202.63,167.0
202.64,166.8
202.66,164.2
202.68,159.0
202.69,155.6
202.71,147.1
202.73,137.0
202.74,131.4
202.76,119.6
202.78,107.3
202.79,101.1
202.81,89.0
202.82,83.13
202.84,71.99
202.86,61.85
202.87,57.21
202.89,48.86
202.91,41.77
202.92,38.71
202.94,33.5
202.96,29.48
202.97,27.89
202.99,25.49
203.01,24.05
203.02,23.66
203.04,23.5
203.06,24.1
203.07,24.65
203.09,26.22
203.11,28.33
203.12,29.56
203.14,32.3
203.16,35.31
203.17,36.87
203.19,40.02
203.2,41.58
203.22,44.54
203.24,47.18
203.25,48.34
203.27,50.25
203.29,51.55
203.3,51.96
203.32,52.24
203.34,51.85
203.35,51.42
203.37,50.12
203.39,48.35
203.4,47.33
203.42,45.11
203.44,42.78
203.45,41.63
203.47,39.41
203.49,37.42
203.5,36.54
203.52,35.06
203.53,34.46
203.55,33.56
203.57,33.02
203.58,32.88
203.6,32.79
203.62,32.9
203.63,33.01
203.65,33.26
203.67,33.5
203.68,33.6
203.7,33.73
203.72,33.76
203.73,33.75
203.75,33.7
203.77,33.67
203.78,33.7
203.8,33.92
203.82,34.46
203.83,34.89
203.85,36.17
203.87,38.08
203.88,39.29
203.9,42.29
203.91,44.06
203.93,48.16
203.95,52.9
203.96,55.47
203.98,60.9
204.0,66.52
204.01,69.33
204.03,74.75
204.05,79.67
204.06,81.87
204.08,85.56
204.1,88.15
204.11,88.97
204.13,89.63
204.15,88.92
204.16,88.06
204.18,85.38
204.2,81.56
204.21,79.28
204.23,74.11
204.25,68.34
204.26,65.32
204.28,59.13
204.29,56.02
204.31,49.93
204.33,44.12
204.34,41.36
204.36,36.21
204.38,31.58
204.39,29.47
204.41,25.65
204.43,22.34
204.44,20.86
204.46,18.22
204.48,15.95
204.49,14.94
204.51,13.13
204.53,11.56
204.54,10.85
204.56,9.589
204.58,8.501
204.59,8.02
204.61,7.179
204.62,6.82
204.64,6.224
204.66,5.794
204.67,5.642
204.69,5.469
204.71,5.473
204.72,5.542
204.74,5.822
204.76,6.293
204.77,6.605
204.79,7.388
204.81,8.398
204.82,8.995
204.84,10.39
204.86,12.07
204.87,13.02
204.89,15.17
204.91,17.66
204.92,19.03
204.94,22.02
204.96,25.33
204.97,27.09
204.99,30.77
205.0,32.68
205.02,36.55
205.04,40.39
205.05,42.26
205.07,45.81
205.09,48.98
205.1,50.38
205.12,52.72
205.14,54.37
205.15,54.92
205.17,55.41
205.19,55.13
205.2,54.71
205.22,53.36
205.24,51.44
205.25,50.32
205.27,47.85
205.29,45.27
205.3,44.01
205.32,41.66
205.34,39.73
205.35,38.99
205.37,38.09
205.38,37.97
205.4,38.5
205.42,40.19
205.43,41.53
205.45,45.3
205.47,50.66
205.48,54.0
205.5,62.14
205.52,72.43
205.53,78.47
205.55,92.49
205.57,109.4
205.58,118.9
205.6,140.5
205.62,165.5
205.63,179.2
205.65,209.1
205.67,242.1
205.68,259.6
205.7,296.2
205.72,334.1
205.73,353.2
205.75,390.9
205.76,409.2
205.78,443.7
205.8,474.3
205.81,487.6
205.83,509.6
205.85,524.4
205.86,528.8
205.88,531.6
205.9,526.1
205.91,520.2
205.93,502.9
205.95,478.6
205.96,464.3
205.98,432.1
206.0,396.4
206.01,377.8
206.03,340.0
206.05,302.5
206.06,284.3
206.08,249.7
206.09,233.5
206.11,203.8
206.13,177.8
206.14,166.3
206.16,146.3
206.18,130.1
206.19,123.3
206.21,111.9
206.23,103.2
206.24,99.68
206.26,93.95
206.28,89.58
206.29,87.75
206.31,84.59
206.33,81.81
206.34,80.49
206.36,77.86
206.38,75.17
206.39,73.77
206.41,70.87
206.43,67.83
206.44,66.27
206.46,63.12
206.47,61.54
206.49,58.43
206.51,55.42
206.52,53.98
206.54,51.25
206.56,48.78
206.57,47.64
206.59,45.59
206.61,43.84
206.62,43.07
206.64,41.75
206.66,40.69
206.67,40.24
206.69,39.5
206.71,38.93
206.72,38.69
206.74,38.28
206.76,37.92
206.77,37.76
206.79,37.43
206.81,37.09
206.82,36.91
206.84,36.56
206.85,36.39
206.87,36.08
206.89,35.87
206.9,35.82
206.92,35.9
206.94,36.3
206.95,36.66
206.97,37.77
206.99,39.5
207.0,40.63
207.02,43.49
207.04,47.2
207.05,49.4
207.07,54.46
207.09,60.41
207.1,63.69
207.12,70.78
207.14,78.44
207.15,82.42
207.17,90.49
207.19,98.48
207.2,102.3
207.22,109.6
207.23,113.0
207.25,118.8
207.27,123.3
207.28,125.0
207.3,127.2
207.32,127.6
207.33,127.2
207.35,125.0
207.37,121.1
207.38,118.6
207.4,112.5
207.42,105.4
207.43,101.5
207.45,93.18
207.47,84.51
207.48,80.13
207.5,71.43
207.52,63.02
207.53,58.99
207.55,51.37
207.56,47.81
207.58,41.25
207.6,35.46
207.61,32.87
207.63,28.28
207.65,24.45
207.66,22.8
207.68,20.02
207.7,17.87
207.71,17.01
207.73,15.69
207.75,14.86
207.76,14.62
207.78,14.44
207.8,14.65
207.81,14.89
207.83,15.65
207.85,16.74
207.86,17.42
207.88,19.0
207.9,20.91
207.91,21.98
207.93,24.36
207.94,25.65
207.96,28.46
207.98,31.54
207.99,33.17
208.01,36.59
208.03,40.21
208.04,42.07
208.06,45.87
208.08,49.73
208.09,51.66
208.11,55.48
208.13,59.19
208.14,60.98
208.16,64.4
208.18,67.55
208.19,69.0
208.21,71.65
208.23,73.93
208.24,74.93
208.26,76.62
208.28,77.94
208.29,78.45
208.31,79.23
208.32,79.49
208.34,79.79
208.36,79.8
208.37,79.71
208.39,79.35
208.41,78.75
208.42,78.37
208.44,77.45
208.46,76.31
208.47,75.66
208.49,74.22
208.51,72.6
208.52,71.73
208.54,69.9
208.56,67.99
208.57,67.03
208.59,65.11
208.61,63.26
208.62,62.38
208.64,60.73
208.66,59.24
208.67,58.56
208.69,57.33
208.7,56.77
208.72,55.71
208.74,54.69
208.75,54.17
208.77,53.05
208.79,51.75
208.8,51.02
208.82,49.33
208.84,47.31
208.85,46.16
208.87,43.62
208.89,40.76
208.9,39.22
208.92,35.96
208.94,32.55
208.95,30.8
208.97,27.32
208.99,23.9
209.0,22.24
209.02,19.09
209.03,17.61
209.05,14.86
209.07,12.45
209.08,11.38
209.1,9.496
209.12,7.977
209.13,7.35
209.15,6.349
209.17,5.665
209.18,5.435
209.2,5.176
209.22,5.162
209.23,5.237
209.25,5.532
209.27,5.995
209.28,6.28
209.3,6.939
209.32,7.691
209.33,8.092
209.35,8.929
209.37,9.786
209.38,10.21
209.4,11.05
209.41,11.45
209.43,12.21
209.45,12.88
209.46,13.19
209.48,13.72
209.5,14.15
209.51,14.33
209.53,14.6
209.55,14.77
209.56,14.82
209.58,14.86
209.6,14.85
209.61,14.82
209.63,14.72
209.65,14.6
209.66,14.53
209.68,14.37
209.7,14.19
209.71,14.09
209.73,13.88
209.75,13.63
209.76,13.49
209.78,13.17
209.79,12.99
209.81,12.59
209.83,12.13
209.84,11.87
209.86,11.33
209.88,10.74
209.89,10.44
209.91,9.822
209.93,9.221
209.94,8.935
209.96,8.413
209.98,7.99
209.99,7.827
210.01,7.624
210.03,7.615
210.04,7.695
210.06,8.046
210.08,8.677
210.09,9.106
210.11,10.2
210.13,11.61
210.14,12.44
210.16,14.33
210.17,15.38
210.19,17.67
210.21,20.18
210.22,21.49
210.24,24.17
210.26,26.85
210.27,28.16
210.29,30.65
210.31,32.89
210.32,33.87
210.34,35.54
210.36,36.72
210.37,37.12
210.39,37.49
210.41,37.29
210.42,36.99
210.44,35.99
210.46,34.52
210.47,33.64
210.49,31.62
210.5,30.52
210.52,28.2
210.54,25.81
210.55,24.62
210.57,22.33
210.59,20.21
210.6,19.24
210.62,17.52
210.64,16.12
210.65,15.54
210.67,14.66
210.69,14.13
210.7,13.99
210.72,13.94
210.74,14.18
210.75,14.39
210.77,15.0
210.79,15.8
210.8,16.26
210.82,17.31
210.84,18.49
210.85,19.12
210.87,20.47
210.88,21.19
210.9,22.71
210.92,24.36
210.93,25.23
210.95,27.1
210.97,29.14
210.98,30.24
211.0,32.6
211.02,35.22
211.03,36.64
211.05,39.69
211.07,43.07
211.08,44.89
211.1,48.79
211.12,53.06
211.13,55.34
211.15,60.2
211.17,65.49
211.18,68.31
211.2,74.38
211.22,81.12
211.23,84.81
211.25,93.03
211.26,97.65
211.28,108.2
211.3,121.2
211.31,128.8
211.33,146.8
211.35,169.5
211.36,183.1
211.38,215.2
211.4,255.3
211.41,278.7
211.43,333.1
211.45,398.4
211.46,435.3
211.48,517.9
211.5,612.0
211.51,663.1
211.53,772.5
211.55,889.8
211.56,950.5
211.58,1074.0
211.6,1197.0
211.61,1257.0
211.63,1370.0
211.64,1423.0
211.66,1517.0
211.68,1593.0
211.69,1623.0
211.71,1665.0
211.73,1682.0
211.74,1680.0
211.76,1658.0
211.78,1612.0
211.79,1580.0
211.81,1500.0
211.83,1403.0
211.84,1349.0
211.86,1235.0
211.88,1114.0
211.89,1053.0
211.91,932.2
211.93,817.2
211.94,763.1
211.96,663.9
211.97,619.8
211.99,544.3
212.01,488.4
212.02,468.6
212.04,447.5
212.06,453.2
212.07,467.0
212.09,518.8
212.11,605.4
212.12,662.9
212.14,808.2
212.16,996.8
212.17,1108.0
212.19,1366.0
212.21,1671.0
212.22,1841.0
212.24,2216.0
212.26,2631.0
212.27,2852.0
212.29,3315.0
212.31,3798.0
212.32,4042.0
212.34,4526.0
212.35,4763.0
212.37,5214.0
212.39,5622.0
212.4,5804.0
212.42,6117.0
212.44,6350.0
212.45,6433.0
212.47,6529.0
212.49,6528.0
212.5,6491.0
212.52,6348.0
212.54,6119.0
212.55,5975.0
212.57,5638.0
212.59,5248.0
212.6,5038.0
212.62,4598.0
212.64,4144.0
212.65,3916.0
212.67,3468.0
212.69,3039.0
212.7,2835.0
212.72,2449.0
212.73,2269.0
212.75,1938.0
212.77,1645.0
212.78,1512.0
212.8,1275.0
212.82,1072.0
212.83,982.0
212.85,824.4
212.87,692.7
212.88,635.4
212.9,535.9
212.92,453.9
212.93,418.5
212.95,357.3
212.97,307.1
212.98,285.5
213.0,248.1
213.02,217.3
213.03,204.0
213.05,180.7
213.06,170.5
213.08,152.7
213.1,137.6
213.11,130.9
213.13,119.2
213.15,109.3
213.16,105.0
213.18,97.65
213.2,91.99
213.21,89.8
213.23,86.73
213.25,85.45
213.26,85.5
213.28,86.99
213.3,90.3
213.31,92.62
213.33,98.48
213.35,105.8
213.36,110.0
213.38,118.9
213.4,128.6
213.41,133.5
213.43,143.2
213.44,147.9
213.46,156.7
213.48,164.2
213.49,167.4
213.51,172.4
213.53,175.4
213.54,176.0
213.56,175.6
213.58,172.8
213.59,170.7
213.61,164.8
213.63,157.2
213.64,152.8
213.66,143.1
213.68,132.5
213.69,127.1
213.71,115.9
213.73,104.9
213.74,99.5
213.76,89.11
213.78,79.42
213.79,74.88
213.81,66.46
213.82,62.59
213.84,55.53
213.86,49.33
213.87,46.53
213.89,41.48
213.91,37.06
213.92,35.05
213.94,31.4
213.96,28.14
213.97,26.63
213.99,23.82
214.01,21.24
214.02,20.03
214.04,17.77
214.06,15.69
214.07,14.73
214.09,12.98
214.11,11.45
214.12,10.79
214.14,9.687
214.16,8.91
214.17,8.658
214.19,8.461
214.2,8.53
214.22,9.037
214.24,10.09
214.25,10.85
214.27,12.85
214.29,15.57
214.3,17.22
214.32,21.12
214.34,25.86
214.35,28.55
214.37,34.57
214.39,41.39
214.4,45.08
214.42,52.94
214.44,61.32
214.45,65.63
214.47,74.38
214.49,83.06
214.5,87.29
214.52,95.33
214.53,99.08
214.55,105.8
214.57,111.4
214.58,113.7
214.6,117.2
214.62,119.2
214.63,119.6
214.65,119.3
214.67,117.7
214.68,116.5
214.7,113.4
214.72,109.7
214.73,107.8
214.75,103.9
214.77,100.6
214.78,99.29
214.8,97.55
214.82,97.36
214.83,97.96
214.85,100.7
214.87,105.7
214.88,109.1
214.9,117.7
214.91,122.8
214.93,134.6
214.95,148.2
214.96,155.6
214.98,171.1
215.0,187.2
215.01,195.2
215.03,210.9
215.05,225.3
215.06,231.8
215.08,243.1
215.1,251.5
215.11,254.6
215.13,258.0
215.15,257.7
215.16,256.1
215.18,250.3
215.2,241.1
215.21,235.3
215.23,221.6
215.25,205.7
215.26,197.1
215.28,179.0
215.29,169.6
215.31,150.7
215.33,132.0
215.34,122.9
215.36,105.4
215.38,89.19
215.39,81.64
215.41,67.74
215.43,55.52
215.44,50.05
215.46,40.34
215.48,32.2
215.49,28.67
215.51,22.63
215.53,17.77
215.54,15.73
215.56,12.34
215.58,9.716
215.59,8.645
215.61,6.905
215.63,5.602
215.64,5.082
215.66,4.257
215.67,3.934
215.69,3.435
215.71,3.097
215.72,2.981
215.74,2.846
215.76,2.838
215.77,2.884
215.79,3.086
215.81,3.455
215.82,3.712
215.84,4.395
215.86,5.341
215.87,5.927
215.89,7.357
215.91,9.172
215.92,10.24
215.94,12.72
215.96,15.7
215.97,17.38
215.99,21.14
216.0,23.21
216.02,27.73
216.04,32.72
216.05,35.37
216.07,40.92
216.09,46.7
216.1,49.64
216.12,55.52
216.14,61.27
216.15,64.03
216.17,69.25
216.19,73.91
216.2,76.0
216.22,79.59
216.24,82.35
216.25,83.4
216.27,84.86
216.29,85.47
216.3,85.5
216.32,85.04
216.34,84.06
216.35,83.44
216.37,82.06
216.38,81.36
216.4,80.1
216.42,79.24
216.43,79.03
216.45,79.18
216.47,80.28
216.48,81.24
216.5,84.07
216.52,88.18
216.53,90.75
216.55,96.89
216.57,104.4
216.58,108.6
216.6,118.0
216.62,128.5
216.63,134.0
216.65,145.8
216.67,158.2
216.68,164.5
216.7,177.3
216.72,189.9
216.73,196.2
216.75,208.2
216.76,213.9
216.78,224.5
216.8,233.8
216.81,237.9
216.83,244.8
216.85,249.7
216.86,251.3
216.88,253.0
216.9,252.3
216.91,251.0
216.93,246.8
216.95,240.3
216.96,236.3
216.98,226.8
217.0,215.9
217.01,209.9
217.03,197.5
217.05,184.8
217.06,178.6
217.08,166.6
217.1,156.1
217.11,151.5
217.13,144.0
217.14,141.3
217.16,138.3
217.18,138.8
217.19,140.5
217.21,146.7
217.23,156.8
217.24,163.3
217.26,179.1
217.28,198.1
217.29,208.7
217.31,231.6
217.33,256.0
217.34,268.5
217.36,293.5
217.38,317.6
217.39,328.9
217.41,349.7
217.43,367.1
217.44,374.3
217.46,385.3
217.47,388.9
217.49,392.1
217.51,390.1
217.52,387.0
217.54,377.2
217.56,362.7
217.57,353.8
217.59,333.5
217.61,310.2
217.62,297.7
217.64,271.6
217.66,244.8
217.67,231.3
217.69,204.7
217.71,179.1
217.72,166.8
217.74,143.6
217.76,122.3
217.77,112.5
217.79,94.55
217.81,78.79
217.82,71.72
217.84,59.13
217.85,53.57
217.87,43.82
217.89,35.71
217.9,32.22
217.92,26.2
217.94,21.33
217.95,19.27
217.97,15.79
217.99,13.04
218.0,11.9
218.02,10.04
218.04,8.651
218.05,8.117
218.07,7.342
218.09,6.948
218.1,6.895
218.12,7.099
218.14,7.76
218.15,8.287
218.17,9.801
218.19,12.04
218.2,13.48
218.22,17.11
218.23,19.36
218.25,24.86
218.27,31.88
218.28,36.04
218.3,45.81
218.32,57.7
218.33,64.49
218.35,79.87
218.37,97.7
218.38,107.5
218.4,129.0
218.42,152.6
218.43,165.1
218.45,191.3
218.47,218.5
218.48,232.3
218.5,259.6
218.52,286.1
218.53,298.7
218.55,322.0
218.57,342.1
218.58,350.7
218.6,364.5
218.61,369.7
218.63,376.0
218.65,376.9
218.66,375.4
218.68,368.3
218.7,356.2
218.71,348.5
218.73,330.0
218.75,308.3
218.76,296.4
218.78,271.4
218.8,245.3
218.81,232.1
218.83,206.0
218.85,180.8
218.86,168.7
218.88,146.0
218.9,125.5
218.91,116.1
218.93,99.24
218.94,91.77
218.96,78.75
218.98,68.23
218.99,63.86
219.01,56.8
219.03,51.84
219.04,50.08
219.06,47.9
219.08,47.35
219.09,47.65
219.11,49.32
219.13,52.39
219.14,54.46
219.16,59.68
219.18,66.49
219.19,70.55
219.21,80.18
219.23,92.11
219.24,99.06
219.26,115.2
219.28,134.8
219.29,146.1
219.31,171.7
219.32,186.2
219.34,218.7
219.36,256.0
219.37,276.5
219.39,320.8
219.41,369.3
219.42,394.8
219.44,447.9
219.46,502.6
219.47,530.0
219.49,584.0
219.51,635.2
219.52,659.2
219.54,702.8
219.56,739.0
219.57,753.8
219.59,776.0
219.61,787.7
219.62,789.3
219.64,784.1
219.66,767.8
219.67,755.7
219.69,724.3
219.7,705.3
219.72,661.8
219.74,612.3
219.75,586.0
219.77,531.2
219.79,475.3
219.8,447.5
219.82,393.1
219.84,341.4
219.85,316.9
219.87,271.3
219.89,230.5
219.9,212.0
219.92,178.9
219.94,150.9
219.95,138.7
219.97,117.8
219.99,101.1
220.0,94.12
220.02,82.72
220.04,74.22
220.05,70.92
220.07,65.95
220.08,64.2
220.1,61.98
220.12,61.31
220.13,61.52
220.15,62.98
220.17,65.85
220.18,67.84
220.2,72.99
220.22,79.82
220.23,83.91
220.25,93.55
220.27,105.2
220.28,111.8
220.3,126.7
220.32,143.7
220.33,152.9
220.35,172.9
220.37,194.5
220.38,205.8
220.4,229.4
220.41,241.6
220.43,266.4
220.45,291.7
220.46,304.4
220.48,329.9
220.5,355.5
220.51,368.4
220.53,394.3
220.55,421.0
220.56,434.8
220.58,463.6
220.6,494.6
220.61,511.3
220.63,547.3
220.65,587.6
220.66,609.6
220.68,657.7
220.7,711.6
220.71,741.0
220.73,804.5
220.75,874.7
220.76,912.3
220.78,992.5
220.79,1035.0
220.81,1125.0
220.83,1222.0
220.84,1272.0
220.86,1378.0
220.88,1489.0
220.89,1546.0
220.91,1664.0
220.93,1786.0
220.94,1847.0
220.96,1972.0
220.98,2095.0
220.99,2156.0
221.01,2273.0
221.03,2382.0
221.04,2433.0
221.06,2523.0
221.08,2597.0
221.09,2627.0
221.11,2669.0
221.13,2688.0
221.14,2687.0
221.16,2667.0
221.17,2646.0
221.19,2587.0
221.21,2503.0
221.22,2452.0
221.24,2338.0
221.26,2209.0
221.27,2140.0
221.29,1998.0
221.31,1855.0
221.32,1785.0
221.34,1653.0
221.36,1534.0
221.37,1482.0
221.39,1395.0
221.41,1336.0
221.42,1317.0
221.44,1304.0
221.46,1324.0
221.47,1347.0
221.49,1418.0
221.51,1522.0
221.52,1585.0
221.54,1732.0
221.55,1815.0
221.57,1994.0
221.59,2186.0
221.6,2285.0
221.62,2484.0
221.64,2677.0
221.65,2768.0
221.67,2936.0
221.69,3079.0
221.7,3138.0
221.72,3231.0
221.74,3285.0
221.75,3296.0
221.77,3287.0
221.79,3237.0
221.8,3197.0
221.82,3089.0
221.84,2947.0
221.85,2866.0
221.87,2685.0
221.88,2588.0
221.9,2383.0
221.92,2170.0
221.93,2063.0
221.95,1849.0
221.97,1643.0
221.98,1543.0
222.0,1354.0
222.02,1180.0
222.03,1099.0
222.05,951.1
222.07,821.6
222.08,763.7
222.1,661.4
222.12,576.3
222.13,540.0
222.15,478.9
222.17,432.3
222.18,414.1
222.2,387.1
222.22,371.6
222.23,367.9
222.25,367.7
222.26,371.0
222.28,383.7
222.3,403.5
222.31,415.6
222.33,443.5
222.35,475.2
222.36,491.9
222.38,526.0
222.4,559.7
222.41,575.9
222.43,605.7
222.45,631.0
222.46,641.4
222.48,657.3
222.5,665.5
222.51,666.6
222.53,662.5
222.55,649.9
222.56,640.6
222.58,616.4
222.6,585.3
222.61,567.6
222.63,528.6
222.64,507.7
222.66,463.9
222.68,418.7
222.69,396.0
222.71,351.3
222.73,308.3
222.74,287.7
222.76,248.8
222.78,213.4
222.79,197.1
222.81,167.5
222.83,141.7
222.84,130.2
222.86,110.0
222.88,92.94
222.89,85.56
222.91,72.77
222.93,62.33
222.94,57.87
222.96,50.26
222.97,47.03
222.99,41.57
223.01,37.24
223.02,35.45
223.04,32.5
223.06,30.31
223.07,29.49
223.09,28.32
223.11,27.79
223.12,27.74
223.14,28.1
223.16,29.04
223.17,29.71
223.19,31.48
223.21,33.75
223.22,35.06
223.24,38.0
223.26,41.3
223.27,43.05
223.29,46.69
223.31,50.41
223.32,52.26
223.34,55.84
223.35,57.54
223.37,60.68
223.39,63.35
223.4,64.48
223.42,66.24
223.44,67.3
223.45,67.54
223.47,67.46
223.49,66.64
223.5,65.95
223.52,64.1
223.54,61.68
223.55,60.29
223.57,57.25
223.59,53.97
223.6,52.29
223.62,48.92
223.64,45.65
223.65,44.1
223.67,41.19
223.69,38.62
223.7,37.48
223.72,35.49
223.73,34.65
223.75,33.26
223.77,32.22
223.78,31.82
223.8,31.22
223.82,30.84
223.83,30.71
223.85,30.53
223.87,30.41
223.88,30.35
223.9,30.22
223.92,30.04
223.93,29.92
223.95,29.62
223.97,29.25
223.98,29.04
224.0,28.57
224.02,28.05
224.03,27.79
224.05,27.26
224.07,26.74
224.08,26.5
224.1,26.05
224.11,25.86
224.13,25.52
224.15,25.26
224.16,25.17
224.18,25.06
224.2,25.05
224.21,25.09
224.23,25.26
224.25,25.55
224.26,25.75
224.28,26.26
224.3,26.94
224.31,27.35
224.33,28.33
224.35,29.54
224.36,30.24
224.38,31.84
224.4,33.74
224.41,34.8
224.43,37.16
224.44,38.46
224.46,41.31
224.48,44.48
224.49,46.18
224.51,49.82
224.53,53.78
224.54,55.87
224.56,60.28
224.58,64.99
224.59,67.47
224.61,72.65
224.63,78.17
224.64,81.06
224.66,87.13
224.68,93.59
224.69,96.99
224.71,104.1
224.73,111.7
224.74,115.7
224.76,123.9
224.78,132.7
224.79,137.2
224.81,146.5
224.82,151.3
224.84,161.1
224.86,171.0
224.87,176.0
224.89,186.0
224.91,195.9
224.92,200.7
224.94,210.2
224.96,219.2
224.97,223.5
224.99,231.7
225.01,239.3
225.02,242.8
225.04,249.4
225.06,255.2
225.07,257.9
225.09,262.6
225.11,266.6
225.12,268.3
225.14,271.0
225.16,273.0
225.17,273.7
225.19,274.4
225.2,274.4
225.22,273.7
225.24,272.1
225.25,270.9
225.27,267.8
225.29,263.7
225.3,261.2
225.32,255.7
225.34,249.2
225.35,245.7
225.37,238.1
225.39,229.9
225.4,225.6
225.42,216.9
225.44,207.9
225.45,203.4
225.47,194.5
225.49,185.9
225.5,181.7
225.52,173.6
225.54,166.0
225.55,162.5
225.57,155.8
225.58,152.7
225.6,146.9
225.62,141.7
225.63,139.4
225.65,135.1
225.67,131.5
225.68,129.9
225.7,127.2
225.72,125.2
225.73,124.4
225.75,123.5
225.77,123.5
225.78,123.8
225.8,125.2
225.82,127.7
225.83,129.4
225.85,133.6
225.87,139.0
225.88,142.2
225.9,149.4
225.91,153.5
225.93,162.4
225.95,172.4
225.96,177.8
225.98,189.3
226.0,201.8
226.01,208.4
226.03,222.4
226.05,237.5
226.06,245.5
226.08,262.5
226.1,280.9
226.11,290.7
226.13,311.7
226.15,334.6
226.16,346.7
226.18,372.5
226.2,400.1
226.21,414.5
226.23,444.2
226.25,474.7
226.26,490.0
226.28,520.3
226.29,535.0
226.31,563.0
226.33,588.1
226.34,599.3
226.36,618.3
226.38,632.1
226.39,636.9
226.41,642.0
226.43,640.9
226.44,638.0
226.46,628.0
226.48,612.7
226.49,603.5
226.51,582.3
226.53,559.0
226.54,546.9
226.56,523.1
226.58,501.1
226.59,491.3
226.61,475.1
226.63,464.6
226.64,461.8
226.66,462.1
226.67,465.3
226.69,478.0
226.71,499.3
226.72,513.2
226.74,547.0
226.76,588.0
226.77,610.9
226.79,660.3
226.81,713.2
226.82,740.2
226.84,794.3
226.86,846.3
226.87,870.8
226.89,915.4
226.91,952.3
226.92,967.2
226.94,989.3
226.96,999.7
226.97,1000.0
226.99,992.3
227.01,971.7
227.02,956.9
227.04,919.0
227.05,896.2
227.07,843.8
227.09,784.0
227.1,751.9
227.12,684.8
227.14,615.4
227.15,580.4
227.17,511.3
227.19,444.4
227.2,412.3
227.22,351.4
227.24,295.6
227.25,269.9
227.27,222.8
227.29,181.8
227.3,163.5
227.32,131.2
227.34,104.3
227.35,92.74
227.37,72.98
227.38,64.65
227.4,50.72
227.42,39.99
227.43,35.64
227.45,28.7
227.47,23.71
227.48,21.83
227.5,19.08
227.52,17.45
227.53,16.98
227.55,16.65
227.57,16.99
227.58,17.39
227.6,18.6
227.62,20.34
227.63,21.42
227.65,23.99
227.67,27.16
227.68,28.98
227.7,33.14
227.72,38.04
227.73,40.78
227.75,46.88
227.76,50.24
227.78,57.6
227.8,65.77
227.81,70.14
227.83,79.39
227.85,89.21
227.86,94.27
227.88,104.6
227.9,114.9
227.91,119.9
227.93,129.7
227.95,138.7
227.96,142.9
227.98,150.2
228.0,156.0
228.01,158.2
228.03,161.4
228.05,162.6
228.06,162.5
228.08,160.7
228.1,157.0
228.11,154.5
228.13,148.3
228.14,144.7
228.16,136.5
228.18,127.4
228.19,122.6
228.21,112.8
228.23,103.0
228.24,98.08
228.26,88.61
228.28,79.71
228.29,75.52
228.31,67.76
228.33,60.86
228.34,57.74
228.36,52.16
228.38,47.4
228.39,45.31
228.41,41.62
228.43,38.53
228.44,37.16
228.46,34.73
228.48,32.6
228.49,31.62
228.51,29.79
228.52,28.92
228.54,27.24
228.56,25.61
228.57,24.81
228.59,23.24
228.61,21.7
228.62,20.95
228.64,19.48
228.66,18.08
228.67,17.41
228.69,16.12
228.71,14.93
228.72,14.38
228.74,13.33
228.76,12.38
228.77,11.93
228.79,11.11
228.81,10.35
228.82,9.998
228.84,9.332
228.85,9.018
228.87,8.422
228.89,7.866
228.9,7.602
228.92,7.106
228.94,6.654
228.95,6.446
228.97,6.075
228.99,5.771
229.0,5.649
229.02,5.472
229.04,5.4
229.05,5.407
229.07,5.52
229.09,5.774
229.1,5.959
229.12,6.452
229.14,7.117
229.15,7.517
229.17,8.457
229.19,9.583
229.2,10.22
229.22,11.62
229.23,12.39
229.25,14.05
229.27,15.86
229.28,16.82
229.3,18.83
229.32,20.93
229.33,22.0
229.35,24.19
229.37,26.39
229.38,27.5
229.4,29.67
229.42,31.81
229.43,32.85
229.45,34.87
229.47,36.82
229.48,37.76
229.5,39.58
229.52,41.34
229.53,42.2
229.55,43.9
229.57,45.59
229.58,46.44
229.6,48.15
229.61,49.02
229.63,50.81
229.65,52.65
229.66,53.59
229.68,55.51
229.7,57.48
229.71,58.47
229.73,60.48
229.75,62.51
229.76,63.54
229.78,65.62
229.8,67.81
229.81,68.98
229.83,71.53
229.85,74.56
229.86,76.35
229.88,80.66
229.9,86.33
229.91,89.84
229.93,98.58
229.95,110.2
229.96,117.3
229.98,134.7
229.99,145.1
230.01,170.1
230.03,201.3
230.04,219.4
230.06,261.2
230.08,310.7
230.09,338.4
230.11,400.0
230.13,469.3
230.14,506.7
230.16,586.4
230.18,671.5
230.19,715.5
230.21,805.1
230.23,895.0
230.24,939.2
230.26,1024.0
230.28,1103.0
230.29,1139.0
230.31,1202.0
230.32,1229.0
230.34,1272.0
230.36,1298.0
230.37,1305.0
230.39,1306.0
230.41,1290.0
230.42,1275.0
230.44,1234.0
230.46,1179.0
230.47,1146.0
230.49,1073.0
230.51,990.7
230.52,947.4
230.54,857.9
230.56,766.9
230.57,721.5
230.59,632.6
230.61,547.7
230.62,507.3
230.64,431.3
230.66,362.4
230.67,330.8
230.69,273.5
230.7,247.8
230.72,202.0
230.74,163.5
230.75,146.8
230.77,117.9
230.79,94.71
230.8,84.94
230.82,68.66
230.84,56.12
230.85,51.05
230.87,42.92
230.89,37.03
230.9,34.78
230.92,31.42
230.94,29.31
230.95,28.63
230.97,27.89
230.99,27.82
231.0,27.99
231.02,28.66
231.04,29.68
231.05,30.29
231.07,31.7
231.08,32.46
231.1,34.08
231.12,35.78
231.13,36.63
231.15,38.31
231.17,39.92
231.18,40.67
231.2,42.05
231.22,43.22
231.23,43.71
231.25,44.49
231.27,44.96
231.28,45.09
231.3,45.09
231.32,44.77
231.33,44.5
231.35,43.74
231.37,42.71
231.38,42.11
231.4,40.76
231.42,39.26
231.43,38.47
231.45,36.84
231.46,36.01
231.48,34.36
231.5,32.77
231.51,32.0
231.53,30.57
231.55,29.29
231.56,28.71
231.58,27.71
231.6,26.92
231.61,26.6
231.63,26.13
231.65,25.87
231.66,25.82
231.68,25.87
231.7,26.1
231.71,26.27
231.73,26.73
231.75,27.31
231.76,27.64
231.78,28.35
231.79,28.74
231.81,29.53
231.83,30.36
231.84,30.77
231.86,31.59
231.88,32.4
231.89,32.79
231.91,33.56
231.93,34.29
231.94,34.64
231.96,35.31
231.98,35.94
231.99,36.24
232.01,36.81
232.03,37.34
232.04,37.58
232.06,38.04
232.08,38.44
232.09,38.62
232.11,38.94
232.13,39.19
232.14,39.3
232.16,39.48
232.17,39.56
232.19,39.74
232.21,39.98
232.22,40.16
232.24,40.69
232.26,41.6
232.27,42.25
232.29,44.12
232.31,46.96
232.32,48.86
232.34,53.86
232.36,60.82
232.37,65.19
232.39,76.05
232.41,90.2
232.42,98.68
232.44,118.8
232.46,143.6
232.47,158.0
232.49,190.7
232.51,229.1
232.52,250.4
232.54,297.5
232.55,323.1
232.57,378.3
232.59,438.2
232.6,469.6
232.62,534.8
232.64,601.8
232.65,635.7
232.67,702.8
232.69,767.8
232.7,799.1
232.72,858.0
232.74,911.1
232.75,935.0
232.77,977.5
232.79,1012.0
232.8,1027.0
232.82,1051.0
232.84,1068.0
232.85,1076.0
232.87,1088.0
232.88,1094.0
232.9,1107.0
232.92,1124.0
232.93,1135.0
232.95,1164.0
232.97,1206.0
232.98,1232.0
233.0,1298.0
233.02,1382.0
233.03,1431.0
233.05,1545.0
233.07,1679.0
233.08,1753.0
233.1,1915.0
233.12,2090.0
233.13,2183.0
233.15,2373.0
233.17,2566.0
233.18,2662.0
233.2,2848.0
233.22,3022.0
233.23,3102.0
233.25,3246.0
233.26,3308.0
233.28,3408.0
233.3,3475.0
233.31,3494.0
233.33,3505.0
233.35,3476.0
233.36,3448.0
233.38,3364.0
233.4,3247.0
233.41,3177.0
233.43,3019.0
233.45,2842.0
233.46,2748.0
233.48,2555.0
233.5,2359.0
233.51,2263.0
233.53,2079.0
233.55,1909.0
233.56,1831.0
233.58,1692.0
233.6,1577.0
233.61,1530.0
233.63,1456.0
233.64,1429.0
233.66,1394.0
233.68,1383.0
233.69,1386.0
233.71,1404.0
233.73,1437.0
233.74,1457.0
233.76,1503.0
233.78,1550.0
233.79,1573.0
233.81,1616.0
233.83,1651.0
233.84,1664.0
233.86,1683.0
233.88,1689.0
233.89,1687.0
233.91,1676.0
233.93,1657.0
233.94,1645.0
233.96,1620.0
233.98,1598.0
233.99,1590.0
234.01,1583.0
234.02,1587.0
234.04,1612.0
234.06,1667.0
234.07,1707.0
234.09,1818.0
234.11,1973.0
234.12,2069.0
234.14,2297.0
234.16,2575.0
234.17,2732.0
234.19,3083.0
234.21,3476.0
234.22,3686.0
234.24,4130.0
234.26,4594.0
234.27,4830.0
234.29,5301.0
234.31,5760.0
234.32,5980.0
234.34,6393.0
234.35,6582.0
234.37,6917.0
234.39,7187.0
234.4,7295.0
234.42,7451.0
234.44,7528.0
234.45,7535.0
234.47,7492.0
234.49,7376.0
234.5,7294.0
234.52,7086.0
234.54,6833.0
234.55,6694.0
234.57,6400.0
234.59,6099.0
234.6,5949.0
234.62,5661.0
234.64,5398.0
234.65,5279.0
234.67,5069.0
234.69,4900.0
234.7,4831.0
234.72,4725.0
234.73,4687.0
234.75,4636.0
234.77,4612.0
234.78,4608.0
234.8,4608.0
234.82,4611.0
234.83,4610.0
234.85,4599.0
234.87,4567.0
234.88,4541.0
234.9,4466.0
234.92,4356.0
234.93,4288.0
234.95,4125.0
234.97,3930.0
234.98,3820.0
235.0,3582.0
235.02,3323.0
235.03,3188.0
235.05,2911.0
235.07,2630.0
235.08,2491.0
235.1,2218.0
235.11,2086.0
235.13,1834.0
235.15,1600.0
235.16,1492.0
235.18,1292.0
235.2,1117.0
235.21,1039.0
235.23,900.5
235.25,786.0
235.26,737.3
235.28,655.6
235.3,593.4
235.31,568.8
235.33,531.4
235.35,507.6
235.36,500.2
235.38,492.6
235.4,493.2
235.41,496.0
235.43,505.2
235.45,518.3
235.46,525.8
235.48,542.2
235.49,550.9
235.51,569.0
235.53,587.9
235.54,597.9
235.56,618.9
235.58,642.3
235.59,655.4
235.61,685.2
235.63,721.5
235.64,742.7
235.66,792.8
235.68,854.8
235.69,891.0
235.71,974.9
235.73,1076.0
235.74,1133.0
235.76,1261.0
235.78,1407.0
235.79,1487.0
235.81,1659.0
235.82,1751.0
235.84,1944.0
235.86,2147.0
235.87,2251.0
235.89,2460.0
235.91,2667.0
235.92,2767.0
235.94,2959.0
235.96,3135.0
235.97,3214.0
235.99,3355.0
236.01,3466.0
236.02,3510.0
236.04,3572.0
236.06,3599.0
236.07,3600.0
236.09,3576.0
236.11,3521.0
236.12,3482.0
236.14,3386.0
236.16,3269.0
236.17,3205.0
236.19,3069.0
236.2,2998.0
236.22,2856.0
236.24,2718.0
236.25,2652.0
236.27,2530.0
236.29,2425.0
236.3,2380.0
236.32,2306.0
236.34,2254.0
236.35,2237.0
236.37,2220.0
236.39,2224.0
236.4,2233.0
236.42,2263.0
236.44,2307.0
236.45,2333.0
236.47,2389.0
236.49,2449.0
236.5,2478.0
236.52,2535.0
236.54,2584.0
236.55,2606.0
236.57,2641.0
236.58,2654.0
236.6,2670.0
236.62,2672.0
236.63,2668.0
236.65,2650.0
236.67,2620.0
236.68,2600.0
236.7,2554.0
236.72,2498.0
236.73,2468.0
236.75,2401.0
236.77,2330.0
236.78,2293.0
236.8,2217.0
236.82,2139.0
236.83,2100.0
236.85,2021.0
236.87,1943.0
236.88,1905.0
236.9,1830.0
236.92,1759.0
236.93,1725.0
236.95,1661.0
236.96,1632.0
236.98,1580.0
237.0,1537.0
237.01,1521.0
237.03,1498.0
237.05,1490.0
237.06,1492.0
237.08,1512.0
237.1,1551.0
237.11,1579.0
237.13,1650.0
237.15,1744.0
237.16,1799.0
237.18,1925.0
237.2,2070.0
237.21,2148.0
237.23,2316.0
237.25,2494.0
237.26,2586.0
237.28,2770.0
237.29,2861.0
237.31,3038.0
237.33,3202.0
237.34,3278.0
237.36,3412.0
237.38,3520.0
237.39,3563.0
237.41,3624.0
237.43,3650.0
237.44,3650.0
237.46,3622.0
237.48,3559.0
237.49,3515.0
237.51,3404.0
237.53,3266.0
237.54,3188.0
237.56,3019.0
237.58,2836.0
237.59,2741.0
237.61,2550.0
237.63,2360.0
237.64,2269.0
237.66,2095.0
237.67,2014.0
237.69,1869.0
237.71,1750.0
237.72,1702.0
237.74,1632.0
237.76,1601.0
237.77,1602.0
237.79,1640.0
237.81,1730.0
237.82,1797.0
237.84,1977.0
237.86,2225.0
237.87,2376.0
237.89,2737.0
237.91,3181.0
237.92,3435.0
237.94,4013.0
237.96,4683.0
237.97,5054.0
237.99,5865.0
238.01,6766.0
238.02,7248.0
238.04,8269.0
238.05,8804.0
238.07,9914.0
238.09,11060.0
238.1,11640.0
238.12,12780.0
238.14,13900.0
238.15,14430.0
238.17,15440.0
238.19,16340.0
238.2,16730.0
238.22,17400.0
238.24,17900.0
238.25,18070.0
238.27,18260.0
238.29,18250.0
238.3,18160.0
238.32,17830.0
238.34,17300.0
238.35,16970.0
238.37,16180.0
238.39,15260.0
238.4,14750.0
238.42,13680.0
238.43,13110.0
238.45,11960.0
238.47,10800.0
238.48,10220.0
238.5,9103.0
238.52,8040.0
238.53,7536.0
238.55,6596.0
238.57,5756.0
238.58,5377.0
238.6,4701.0
238.62,4138.0
238.63,3899.0
238.65,3501.0
238.67,3208.0
238.68,3097.0
238.7,2941.0
238.72,2865.0
238.73,2853.0
238.75,2872.0
238.76,2900.0
238.78,2986.0
238.8,3099.0
238.81,3162.0
238.83,3293.0
238.85,3420.0
238.86,3480.0
238.88,3583.0
238.9,3661.0
238.91,3688.0
238.93,3715.0
238.95,3704.0
238.96,3684.0
238.98,3614.0
239.0,3508.0
239.01,3443.0
239.03,3290.0
239.05,3114.0
239.06,3020.0
239.08,2823.0
239.1,2623.0
239.11,2526.0
239.13,2339.0
239.14,2253.0
239.16,2101.0
239.18,1984.0
239.19,1941.0
239.21,1892.0
239.23,1898.0
239.24,1925.0
239.26,2028.0
239.28,2202.0
239.29,2318.0
239.31,2608.0
239.33,2978.0
239.34,3193.0
239.36,3681.0
239.38,4243.0
239.39,4550.0
239.41,5210.0
239.43,5921.0
239.44,6291.0
239.46,7050.0
239.48,7818.0
239.49,8200.0
239.51,8944.0
239.52,9301.0
239.54,9973.0
239.56,10570.0
239.57,10840.0
239.59,11290.0
239.61,11630.0
239.62,11750.0
239.64,11910.0
239.66,11940.0
239.67,11910.0
239.69,11760.0
239.71,11500.0
239.72,11340.0
239.74,10950.0
239.76,10500.0
239.77,10250.0
239.79,9739.0
239.81,9205.0
239.82,8936.0
239.84,8402.0
239.86,7885.0
239.87,7635.0
239.89,7157.0
239.9,6930.0
239.92,6500.0
239.94,6103.0
239.95,5916.0
239.97,5564.0
239.99,5237.0
240.0,5082.0
240.02,4787.0
240.04,4509.0
240.05,4376.0
240.07,4122.0
240.09,3885.0
240.1,3774.0
240.12,3568.0
240.14,3389.0
240.15,3312.0
240.17,3184.0
240.19,3099.0
240.2,3075.0
240.22,3065.0
240.23,3082.0
240.25,3160.0
240.27,3301.0
240.28,3396.0
240.3,3633.0
240.32,3931.0
240.33,4102.0
240.35,4482.0
240.37,4907.0
240.38,5133.0
240.4,5605.0
240.42,6092.0
240.43,6336.0
240.45,6818.0
240.47,7278.0
240.48,7495.0
240.5,7895.0
240.52,8238.0
240.53,8386.0
240.55,8626.0
240.57,8789.0
240.58,8839.0
240.6,8879.0
240.61,8868.0
240.63,8787.0
240.65,8632.0
240.66,8529.0
240.68,8279.0
240.7,7980.0
240.71,7816.0
240.73,7469.0
240.75,7106.0
240.76,6924.0
240.78,6566.0
240.8,6227.0
240.81,6070.0
240.83,5783.0
240.85,5544.0
240.86,5443.0
240.88,5286.0
240.9,5187.0
240.91,5159.0
240.93,5148.0
240.95,5191.0
240.96,5231.0
240.98,5342.0
240.99,5411.0
241.01,5569.0
241.03,5745.0
241.04,5836.0
241.06,6016.0
241.08,6183.0
241.09,6258.0
241.11,6387.0
241.13,6478.0
241.14,6508.0
241.16,6533.0
241.18,6508.0
241.19,6477.0
241.21,6377.0
241.23,6230.0
241.24,6140.0
241.26,5929.0
241.28,5682.0
241.29,5547.0
241.31,5258.0
241.33,4950.0
241.34,4790.0
241.36,4465.0
241.37,4301.0
241.39,3972.0
241.41,3646.0
241.42,3485.0
241.44,3172.0
241.46,2871.0
241.47,2725.0
241.49,2446.0
241.51,2184.0
241.52,2059.0
241.54,1824.0
241.56,1608.0
241.57,1507.0
241.59,1319.0
241.61,1151.0
241.62,1074.0
241.64,933.1
241.66,809.8
241.67,754.4
241.69,655.4
241.7,611.5
241.72,534.0
241.74,469.0
241.75,440.7
241.77,391.5
241.79,351.1
241.8,333.7
241.82,303.5
241.84,278.7
241.85,267.9
241.87,248.9
241.89,232.7
241.9,225.5
241.92,212.4
241.94,201.0
241.95,195.8
241.97,186.6
241.99,178.9
242.0,175.6
242.02,170.6
242.04,167.7
242.05,167.2
242.07,168.3
242.08,170.0
242.1,175.9
242.12,185.6
242.13,191.8
242.15,207.4
242.17,227.1
242.18,238.5
242.2,264.4
242.22,294.1
242.23,310.3
242.25,345.0
242.27,382.3
242.28,401.7
242.3,441.4
242.32,481.5
242.33,501.4
242.35,540.2
242.37,576.7
242.38,593.8
242.4,625.0
242.42,651.4
242.43,662.6
242.45,680.7
242.46,687.4
242.48,696.0
242.5,698.3
242.51,697.1
242.53,690.3
242.55,678.3
242.56,670.5
242.58,652.3
242.6,631.2
242.61,620.0
242.63,597.0
242.65,574.4
242.66,563.5
242.68,543.6
242.7,526.7
242.71,519.7
242.73,508.9
242.75,502.9
242.76,501.7
242.78,503.2
242.79,505.7
242.81,514.4
242.83,527.5
242.84,535.5
242.86,553.9
242.88,575.0
242.89,586.2
242.91,609.8
242.93,634.0
242.94,646.1
242.96,670.0
242.98,693.0
242.99,704.1
243.01,725.1
243.03,744.7
243.04,754.0
243.06,771.8
243.08,788.8
243.09,797.2
243.11,814.3
243.13,832.5
243.14,842.3
243.16,863.8
243.17,875.8
243.19,902.8
243.21,934.8
243.22,952.8
243.24,993.6
243.26,1041.0
243.27,1067.0
243.29,1125.0
243.31,1189.0
243.32,1224.0
243.34,1297.0
243.36,1376.0
243.37,1416.0
243.39,1499.0
243.41,1582.0
243.42,1623.0
243.44,1702.0
243.46,1776.0
243.47,1810.0
243.49,1871.0
243.51,1921.0
243.52,1941.0
243.54,1969.0
243.55,1978.0
243.57,1982.0
243.59,1970.0
243.6,1958.0
243.62,1922.0
243.64,1872.0
243.65,1841.0
243.67,1772.0
243.69,1693.0
243.7,1650.0
243.72,1562.0
243.74,1470.0
243.75,1424.0
243.77,1333.0
243.79,1245.0
243.8,1203.0
243.82,1123.0
243.84,1050.0
243.85,1016.0
243.87,953.3
243.89,898.2
243.9,873.2
243.92,828.0
243.93,807.6
243.95,770.3
243.97,737.2
243.98,721.9
244.0,693.1
244.02,666.1
244.03,653.2
244.05,628.1
244.07,604.0
244.08,592.2
244.1,569.6
244.12,548.6
244.13,538.9
244.15,521.3
244.17,507.1
244.18,501.5
244.2,493.8
244.22,491.4
244.23,492.4
244.25,499.1
244.26,505.0
244.28,521.8
244.3,545.4
244.31,559.6
244.33,592.7
244.35,631.5
244.36,652.7
244.38,698.2
244.4,746.5
244.41,771.3
244.43,821.4
244.45,870.6
244.46,894.4
244.48,939.5
244.5,980.0
244.51,998.1
244.53,1029.0
244.55,1053.0
244.56,1062.0
244.58,1072.0
244.6,1075.0
244.61,1072.0
244.63,1061.0
244.64,1052.0
244.66,1029.0
244.68,997.8
244.69,979.9
244.71,939.7
244.73,894.6
244.74,870.6
244.76,820.4
244.78,768.3
244.79,741.9
244.81,688.9
244.83,636.5
244.84,610.8
244.86,560.8
244.88,513.2
244.89,490.5
244.91,447.4
244.93,407.6
244.94,389.0
244.96,354.5
244.98,323.4
244.99,309.1
245.01,283.1
245.02,271.2
245.04,249.8
245.06,231.2
245.07,222.9
245.09,208.0
245.11,195.4
245.12,189.9
245.14,180.3
245.16,172.4
245.17,169.2
245.19,163.7
245.21,159.8
245.22,158.3
245.24,156.4
245.26,155.6
245.27,155.7
245.29,156.6
245.31,158.4
245.32,159.7
245.34,162.7
245.36,166.3
245.37,168.3
245.39,172.6
245.4,174.9
245.42,179.6
245.44,184.4
245.45,186.9
245.47,191.9
245.49,197.1
245.5,199.8
245.52,205.4
245.54,211.5
245.55,214.7
245.57,222.0
245.59,230.3
245.6,235.0
245.62,245.6
245.64,258.0
245.65,264.9
245.67,280.5
245.69,298.4
245.7,308.3
245.72,329.9
245.73,341.6
245.75,366.7
245.77,393.9
245.78,408.3
245.8,438.2
245.82,469.6
245.83,485.6
245.85,518.2
245.87,551.2
245.88,567.7
245.9,600.4
245.92,632.5
245.93,648.2
245.95,678.9
245.97,708.4
245.98,722.6
246.0,750.0
246.02,775.9
246.03,788.2
246.05,811.7
246.07,833.4
246.08,843.7
246.1,862.8
246.11,871.7
246.13,888.0
246.15,902.3
246.16,908.6
246.18,919.6
246.2,928.3
246.21,931.8
246.23,936.9
246.25,939.7
246.26,940.3
246.28,939.8
246.3,937.3
246.31,935.3
246.33,930.3
246.35,923.9
246.36,920.3
246.38,912.6
246.4,904.3
246.41,900.1
246.43,891.5
246.45,882.9
246.46,878.6
246.48,870.2
246.49,866.0
246.51,857.6
246.53,849.0
246.54,844.7
246.56,835.5
246.58,825.6
246.59,820.2
246.61,808.7
246.63,795.9
246.64,789.0
246.66,773.9
246.68,757.3
246.69,748.5
246.71,729.8
246.73,709.9
246.74,699.7
246.76,678.7
246.78,657.6
246.79,647.1
246.81,626.4
246.83,606.8
246.84,597.5
246.86,580.2
246.87,572.3
246.89,558.1
246.91,546.4
246.92,541.5
246.94,533.7
246.96,528.5
246.97,526.9
246.99,525.4
247.01,526.1
247.02,527.2
247.04,530.6
247.06,535.3
247.07,538.0
247.09,544.0
247.11,550.3
247.12,553.5
247.14,559.7
247.16,565.5
247.17,568.1
247.19,572.7
247.2,574.6
247.22,577.6
247.24,579.2
247.25,579.5
247.27,579.0
247.29,577.0
247.3,575.4
247.32,570.9
247.34,564.9
247.35,561.3
247.37,552.8
247.39,542.8
247.4,537.2
247.42,525.1
247.44,511.7
247.45,504.6
247.47,489.7
247.49,474.1
247.5,466.1
247.52,450.0
247.54,434.0
247.55,426.2
247.57,411.0
247.58,403.8
247.6,390.2
247.62,378.3
247.63,373.0
247.65,364.1
247.67,357.6
247.68,355.3
247.7,352.9
247.72,353.4
247.73,354.9
247.75,360.2
247.77,368.7
247.78,374.2
247.8,387.5
247.82,403.9
247.83,413.3
247.85,434.1
247.87,457.6
247.88,470.3
247.9,497.5
247.92,526.9
247.93,542.4
247.95,574.8
247.96,591.7
247.98,626.8
248.0,663.5
248.01,682.5
248.03,721.7
248.05,762.4
248.06,783.3
248.08,826.3
248.1,870.5
248.11,893.1
248.13,939.0
248.15,985.6
248.16,1009.0
248.18,1056.0
248.2,1102.0
248.21,1124.0
248.23,1167.0
248.25,1208.0
248.26,1226.0
248.28,1260.0
248.3,1289.0
248.31,1301.0
248.33,1320.0
248.34,1327.0
248.36,1335.0
248.38,1335.0
248.39,1332.0
248.41,1321.0
248.43,1302.0
248.44,1290.0
248.46,1261.0
248.48,1227.0
248.49,1209.0
248.51,1170.0
248.53,1129.0
248.54,1109.0
248.56,1068.0
248.58,1030.0
248.59,1012.0
248.61,979.4
248.63,952.1
248.64,940.8
248.66,923.2
248.67,917.2
248.69,910.7
248.71,912.1
248.72,915.7
248.74,929.0
248.76,949.9
248.77,963.1
248.79,994.9
248.81,1033.0
248.82,1055.0
248.84,1102.0
248.86,1155.0
248.87,1182.0
248.89,1241.0
248.91,1304.0
248.92,1336.0
248.94,1403.0
248.96,1471.0
248.97,1507.0
248.99,1578.0
249.01,1651.0
249.02,1687.0
249.04,1762.0
249.05,1799.0
249.07,1875.0
249.09,1951.0
249.1,1989.0
249.12,2064.0
249.14,2140.0
249.15,2177.0
249.17,2250.0
249.19,2320.0
249.2,2354.0
249.22,2417.0
249.24,2473.0
249.25,2499.0
249.27,2542.0
249.29,2574.0
249.3,2585.0
249.32,2597.0
249.34,2593.0
249.35,2585.0
249.37,2556.0
249.39,2509.0
249.4,2479.0
249.42,2407.0
249.43,2365.0
249.45,2269.0
249.47,2161.0
249.48,2102.0
249.5,1979.0
249.52,1849.0
249.53,1783.0
249.55,1651.0
249.57,1520.0
249.58,1456.0
249.6,1335.0
249.62,1222.0
249.63,1170.0
249.65,1075.0
249.67,992.8
249.68,957.2
249.7,896.7
249.72,850.3
249.73,832.2
249.75,805.5
249.77,790.3
249.78,786.5
249.8,785.5
249.81,787.8
249.83,796.5
249.85,809.3
249.86,816.6
249.88,831.8
249.9,846.5
249.91,853.2
249.93,864.5
249.95,872.3
249.96,874.6
249.98,876.1
250.0,873.1
250.01,870.0
250.03,861.0
250.05,848.5
250.06,841.3
250.08,825.5
250.1,808.7
250.11,800.3
250.13,784.3
250.14,776.9
250.16,764.3
250.18,755.4
250.19,752.7
250.21,751.7
250.23,757.5
250.24,763.2
250.26,781.3
250.28,809.3
250.29,827.4
250.31,872.9
250.33,931.9
250.34,967.0
250.36,1049.0
250.38,1149.0
250.39,1207.0
250.41,1336.0
250.43,1487.0
250.44,1570.0
250.46,1754.0
250.48,1960.0
250.49,2071.0
250.51,2308.0
250.52,2433.0
250.54,2695.0
250.56,2969.0
250.57,3109.0
250.59,3392.0
250.61,3672.0
250.62,3809.0
250.64,4071.0
250.66,4313.0
250.67,4423.0
250.69,4619.0
250.71,4776.0
250.72,4839.0
250.74,4928.0
250.76,4968.0
250.77,4969.0
250.79,4933.0
250.81,4847.0
250.82,4786.0
250.84,4632.0
250.86,4439.0
250.87,4331.0
250.89,4094.0
250.9,3967.0
250.92,3705.0
250.94,3436.0
250.95,3302.0
250.97,3039.0
250.99,2792.0
251.0,2676.0
251.02,2465.0
251.04,2284.0
251.05,2208.0
251.07,2084.0
251.09,2004.0
251.1,1982.0
251.12,1973.0
251.14,2015.0
251.15,2056.0
251.17,2180.0
251.19,2361.0
251.2,2475.0
251.22,2748.0
251.24,3085.0
251.25,3278.0
251.27,3716.0
251.28,3961.0
251.3,4502.0
251.32,5114.0
251.33,5446.0
251.35,6160.0
251.37,6940.0
251.38,7352.0
251.4,8218.0
251.42,9130.0
251.43,9600.0
251.45,10560.0
251.47,11530.0
251.48,12020.0
251.5,12980.0
251.52,13900.0
251.53,14350.0
251.55,15190.0
251.57,15940.0
251.58,16280.0
251.6,16870.0
251.61,17120.0
251.63,17520.0
251.65,17770.0
251.66,17840.0
251.68,17870.0
251.7,17750.0
251.71,17630.0
251.73,17290.0
251.75,16830.0
251.76,16550.0
251.78,15920.0
251.8,15200.0
251.81,14810.0
251.83,14000.0
251.85,13150.0
251.86,12720.0
251.88,11850.0
251.9,10990.0
251.91,10560.0
251.93,9740.0
251.95,8955.0
251.96,8580.0
251.98,7868.0
251.99,7531.0
252.01,6902.0
252.03,6330.0
252.04,6066.0
252.06,5584.0
252.08,5160.0
252.09,4970.0
252.11,4634.0
252.13,4355.0
252.14,4237.0
252.16,4043.0
252.18,3904.0
252.19,3854.0
252.21,3794.0
252.23,3783.0
252.24,3795.0
252.26,3853.0
252.28,3951.0
252.29,4013.0
252.31,4160.0
252.33,4333.0
252.34,4426.0
252.36,4623.0
252.37,4724.0
252.39,4928.0
252.41,5129.0
252.42,5225.0
252.44,5407.0
252.46,5572.0
252.47,5646.0
252.49,5776.0
252.51,5883.0
252.52,5928.0
252.54,6000.0
252.56,6052.0
252.57,6072.0
252.59,6101.0
252.61,6121.0
252.62,6129.0
252.64,6145.0
252.66,6165.0
252.67,6177.0
252.69,6208.0
252.7,6228.0
252.72,6276.0
252.74,6335.0
252.75,6368.0
252.77,6440.0
252.79,6515.0
252.8,6552.0
252.82,6621.0
252.84,6679.0
252.85,6701.0
252.87,6728.0
252.89,6727.0
252.9,6714.0
252.92,6660.0
252.94,6567.0
252.95,6505.0
252.97,6350.0
252.99,6155.0
253.0,6043.0
253.02,5792.0
253.04,5510.0
253.05,5360.0
253.07,5044.0
253.08,4880.0
253.1,4547.0
253.12,4211.0
253.13,4045.0
253.15,3720.0
253.17,3410.0
253.18,3262.0
253.2,2984.0
253.22,2733.0
253.23,2619.0
253.25,2412.0
253.27,2235.0
253.28,2158.0
253.3,2026.0
253.32,1921.0
253.33,1879.0
253.35,1811.0
253.37,1765.0
253.38,1749.0
253.4,1729.0
253.42,1722.0
253.43,1723.0
253.45,1731.0
253.46,1738.0
253.48,1757.0
253.5,1781.0
253.51,1794.0
253.53,1823.0
253.55,1854.0
253.56,1870.0
253.58,1903.0
253.6,1938.0
253.61,1956.0
253.63,1992.0
253.65,2030.0
253.66,2050.0
253.68,2089.0
253.7,2129.0
253.71,2149.0
253.73,2189.0
253.75,2228.0
253.76,2246.0
253.78,2282.0
253.8,2313.0
253.81,2327.0
253.83,2351.0
253.84,2361.0
253.86,2374.0
253.88,2379.0
253.89,2378.0
253.91,2368.0
253.93,2349.0
253.94,2336.0
253.96,2301.0
253.98,2256.0
253.99,2230.0
254.01,2171.0
254.03,2104.0
254.04,2068.0
254.06,1992.0
254.08,1911.0
254.09,1869.0
254.11,1784.0
254.13,1698.0
254.14,1655.0
254.16,1571.0
254.17,1530.0
254.19,1451.0
254.21,1375.0
254.22,1340.0
254.24,1272.0
254.26,1210.0
254.27,1181.0
254.29,1128.0
254.31,1080.0
254.32,1058.0
254.34,1018.0
254.36,982.4
254.37,966.4
254.39,937.2
254.41,911.7
254.42,900.2
254.44,879.4
254.46,861.2
254.47,853.1
254.49,838.6
254.51,826.4
254.52,821.1
254.54,812.2
254.55,808.7
254.57,803.4
254.59,800.7
254.6,800.3
254.62,801.9
254.64,806.5
254.65,810.1
254.67,819.8
254.69,833.1
254.7,841.2
254.72,859.9
254.74,882.2
254.75,894.7
254.77,921.8
254.79,951.7
254.8,967.5
254.82,1000.0
254.84,1034.0
254.85,1051.0
254.87,1083.0
254.89,1115.0
254.9,1129.0
254.92,1155.0
254.93,1167.0
254.95,1186.0
254.97,1198.0
254.98,1202.0
255.0,1203.0
255.02,1196.0
255.03,1189.0
255.05,1170.0
255.07,1142.0
255.08,1125.0
255.1,1085.0
255.12,1039.0
255.13,1013.0
255.15,957.4
255.17,897.8
255.18,866.7
255.2,803.0
255.22,738.4
255.23,706.1
255.25,642.3
255.27,580.6
255.28,550.8
255.3,494.0
255.31,467.2
255.33,416.9
255.35,371.7
255.36,351.1
255.38,313.8
255.4,281.8
255.41,267.8
255.43,243.5
255.45,223.9
255.46,215.7
255.48,202.3
255.5,192.4
255.51,188.7
255.53,183.1
255.55,179.8
255.56,178.8
255.58,178.0
255.6,178.3
255.61,178.8
255.63,180.4
255.64,181.5
255.66,184.1
255.68,187.3
255.69,189.2
255.71,193.6
255.73,199.4
255.74,202.8
255.76,211.2
255.78,222.1
255.79,228.8
255.81,245.0
255.83,265.8
255.84,278.2
255.86,307.8
255.88,344.7
255.89,366.3
255.91,416.3
255.93,476.6
255.94,510.9
255.96,588.7
255.98,679.3
255.99,729.7
256.01,841.0
256.02,902.0
256.04,1035.0
256.06,1181.0
256.07,1259.0
256.09,1424.0
256.11,1600.0
256.12,1692.0
256.14,1879.0
256.16,2071.0
256.17,2167.0
256.19,2357.0
256.21,2541.0
256.22,2630.0
256.24,2797.0
256.26,2947.0
256.27,3014.0
256.29,3132.0
256.31,3224.0
256.32,3260.0
256.34,3309.0
256.36,3327.0
256.37,3325.0
256.39,3299.0
256.4,3274.0
256.42,3206.0
256.44,3112.0
256.45,3057.0
256.47,2932.0
256.49,2792.0
256.5,2718.0
256.52,2564.0
256.54,2405.0
256.55,2325.0
256.57,2167.0
256.59,2014.0
256.6,1941.0
256.62,1801.0
256.64,1671.0
256.65,1611.0
256.67,1499.0
256.69,1400.0
256.7,1355.0
256.72,1272.0
256.74,1200.0
256.75,1168.0
256.77,1108.0
256.78,1081.0
256.8,1031.0
256.82,984.9
256.83,963.2
256.85,921.6
256.87,881.6
256.88,862.0
256.9,823.1
256.92,784.4
256.93,765.2
256.95,726.9
256.97,689.2
256.98,670.7
257.0,634.5
257.02,600.1
257.03,583.7
257.05,553.1
257.07,526.0
257.08,514.0
257.1,493.3
257.11,484.9
257.13,472.2
257.15,465.6
257.16,464.8
257.18,468.3
257.2,479.0
257.21,487.2
257.23,509.4
257.25,539.4
257.26,557.3
257.28,599.0
257.3,648.0
257.31,675.2
257.33,734.5
257.35,799.7
257.36,834.2
257.38,906.2
257.4,981.4
257.41,1020.0
257.43,1097.0
257.45,1173.0
257.46,1210.0
257.48,1282.0
257.49,1316.0
257.51,1380.0
257.53,1437.0
257.54,1462.0
257.56,1506.0
257.58,1540.0
257.59,1554.0
257.61,1572.0
257.63,1579.0
257.64,1579.0
257.66,1570.0
257.68,1551.0
257.69,1538.0
257.71,1506.0
257.73,1465.0
257.74,1442.0
257.76,1391.0
257.78,1335.0
257.79,1305.0
257.81,1244.0
257.83,1180.0
257.84,1148.0
257.86,1084.0
257.87,1052.0
257.89,989.7
257.91,930.0
257.92,901.4
257.94,847.6
257.96,799.1
257.97,777.1
257.99,738.2
258.01,706.9
258.02,694.3
258.04,675.7
258.06,666.7
258.07,665.9
258.09,672.3
258.11,689.7
258.12,702.8
258.14,737.9
258.16,785.6
258.17,814.3
258.19,881.8
258.21,963.5
258.22,1010.0
258.24,1114.0
258.25,1172.0
258.27,1299.0
258.29,1444.0
258.3,1523.0
258.32,1693.0
258.34,1880.0
258.35,1980.0
258.37,2191.0
258.39,2418.0
258.4,2536.0
258.42,2781.0
258.44,3035.0
258.45,3163.0
258.47,3421.0
258.49,3676.0
258.5,3800.0
258.52,4039.0
258.54,4260.0
258.55,4362.0
258.57,4545.0
258.58,4624.0
258.6,4755.0
258.62,4846.0
258.63,4875.0
258.65,4900.0
258.67,4879.0
258.68,4851.0
258.7,4762.0
258.72,4630.0
258.73,4549.0
258.75,4361.0
258.77,4141.0
258.78,4022.0
258.8,3768.0
258.82,3500.0
258.83,3363.0
258.85,3087.0
258.87,2815.0
258.88,2682.0
258.9,2426.0
258.92,2187.0
258.93,2076.0
258.95,1869.0
258.96,1775.0
258.98,1606.0
259.0,1463.0
259.01,1401.0
259.03,1295.0
259.05,1214.0
259.06,1182.0
259.08,1132.0
259.1,1101.0
259.11,1091.0
259.13,1081.0
259.15,1081.0
259.16,1085.0
259.18,1096.0
259.2,1111.0
259.21,1119.0
259.23,1136.0
259.25,1153.0
259.26,1161.0
259.28,1175.0
259.3,1187.0
259.31,1193.0
259.33,1204.0
259.34,1209.0
259.36,1223.0
259.38,1242.0
259.39,1255.0
259.41,1289.0
259.43,1339.0
259.44,1372.0
259.46,1458.0
259.48,1576.0
259.49,1649.0
259.51,1830.0
259.53,2062.0
259.54,2200.0
259.56,2526.0
259.58,2924.0
259.59,3153.0
259.61,3673.0
259.63,4282.0
259.64,4622.0
259.66,5370.0
259.68,6211.0
259.69,6666.0
259.71,7640.0
259.72,8157.0
259.74,9245.0
259.76,10390.0
259.77,10980.0
259.79,12180.0
259.81,13390.0
259.82,13990.0
259.84,15160.0
259.86,16280.0
259.87,16810.0
259.89,17780.0
259.91,18630.0
259.92,18990.0
259.94,19600.0
259.96,20040.0
259.97,20180.0
259.99,20310.0
260.01,20250.0
260.02,20140.0
260.04,19770.0
260.05,19510.0
260.07,18870.0
260.09,18070.0
260.1,17610.0
260.12,16600.0
260.14,15500.0
260.15,14920.0
260.17,13720.0
260.19,12500.0
260.2,11880.0
260.22,10670.0
260.24,9492.0
260.25,8924.0
260.27,7840.0
260.29,6839.0
260.3,6373.0
260.32,5516.0
260.34,4763.0
260.35,4427.0
260.37,3835.0
260.39,3350.0
260.4,3146.0
260.42,2813.0
260.43,2682.0
260.45,2489.0
260.47,2379.0
260.48,2352.0
260.5,2352.0
260.52,2413.0
260.53,2463.0
260.55,2599.0
260.57,2773.0
260.58,2872.0
260.6,3085.0
260.62,3313.0
260.63,3429.0
260.65,3662.0
260.67,3888.0
260.68,3996.0
260.7,4199.0
260.72,4379.0
260.73,4459.0
260.75,4598.0
260.77,4706.0
260.78,4750.0
260.8,4814.0
260.81,4836.0
260.83,4863.0
260.85,4871.0
260.86,4869.0
260.88,4860.0
260.9,4851.0
260.91,4849.0
260.93,4854.0
260.95,4879.0
260.96,4902.0
260.98,4972.0
261.0,5079.0
261.01,5149.0
261.03,5322.0
261.05,5542.0
261.06,5669.0
261.08,5960.0
261.1,6295.0
261.11,6479.0
261.13,6876.0
261.15,7309.0
261.16,7537.0
261.18,8012.0
261.19,8259.0
261.21,8765.0
261.23,9285.0
261.24,9548.0
261.26,10080.0
261.28,10620.0
261.29,10880.0
261.31,11420.0
261.33,11940.0
261.34,12200.0
261.36,12720.0
261.38,13220.0
261.39,13460.0
261.41,13930.0
261.43,14370.0
261.44,14580.0
261.46,14960.0
261.48,15300.0
261.49,15450.0
261.51,15700.0
261.52,15800.0
261.54,15950.0
261.56,16010.0
261.57,16010.0
261.59,15940.0
261.61,15770.0
261.62,15650.0
261.64,15340.0
261.66,14930.0
261.67,14700.0
261.69,14160.0
261.71,13550.0
261.72,13220.0
261.74,12520.0
261.76,11770.0
261.77,11390.0
261.79,10600.0
261.81,9794.0
261.82,9394.0
261.84,8600.0
261.86,7827.0
261.87,7452.0
261.89,6727.0
261.9,6381.0
261.92,5722.0
261.94,5113.0
261.95,4828.0
261.97,4300.0
261.99,3825.0
262.0,3609.0
262.02,3214.0
262.04,2871.0
262.05,2718.0
262.07,2445.0
262.09,2214.0
262.1,2114.0
262.12,1940.0
262.14,1798.0
262.15,1739.0
262.17,1640.0
262.19,1566.0
262.2,1537.0
262.22,1495.0
262.24,1472.0
262.25,1467.0
262.27,1470.0
262.28,1478.0
262.3,1505.0
262.32,1547.0
262.33,1574.0
262.35,1639.0
262.37,1719.0
262.38,1764.0
262.4,1866.0
262.42,1980.0
262.43,2042.0
262.45,2175.0
262.47,2318.0
262.48,2393.0
262.5,2547.0
262.52,2707.0
262.53,2789.0
262.55,2952.0
262.57,3116.0
262.58,3197.0
262.6,3356.0
262.62,3511.0
262.63,3587.0
262.65,3735.0
262.66,3806.0
262.68,3946.0
262.7,4082.0
262.71,4149.0
262.73,4283.0
262.75,4417.0
262.76,4486.0
262.78,4627.0
262.8,4777.0
262.81,4856.0
262.83,5023.0
262.85,5205.0
262.86,5302.0
262.88,5509.0
262.9,5733.0
262.91,5852.0
262.93,6101.0
262.95,6363.0
262.96,6498.0
262.98,6773.0
262.99,6911.0
263.01,7186.0
263.03,7453.0
263.04,7581.0
263.06,7820.0
263.08,8030.0
263.09,8121.0
263.11,8273.0
263.13,8375.0
263.14,8406.0
263.16,8425.0
263.18,8381.0
263.19,8335.0
263.21,8195.0
263.23,7991.0
263.24,7866.0
263.26,7572.0
263.28,7225.0
263.29,7034.0
263.31,6621.0
263.33,6174.0
263.34,5942.0
263.36,5463.0
263.37,5220.0
263.39,4732.0
263.41,4248.0
263.42,4010.0
263.44,3549.0
263.46,3111.0
263.47,2902.0
263.49,2508.0
263.51,2147.0
263.52,1980.0
263.54,1673.0
263.56,1401.0
263.57,1278.0
263.59,1058.0
263.61,870.4
263.62,787.6
263.64,642.8
263.66,523.0
263.67,471.6
263.69,383.7
263.71,313.5
263.72,284.0
263.74,234.9
263.75,214.7
263.77,181.4
263.79,156.1
263.8,146.0
263.82,129.6
263.84,117.4
263.85,112.6
263.87,104.9
263.89,99.18
263.9,96.86
263.92,93.04
263.94,89.98
263.95,88.64
263.97,86.21
263.99,83.98
264.0,82.91
264.02,80.79
264.04,78.68
264.05,77.61
264.07,75.46
264.08,74.38
264.1,72.18
264.12,69.98
264.13,68.87
264.15,66.67
264.17,64.49
264.18,63.42
264.2,61.3
264.22,59.26
264.23,58.26
264.25,56.33
264.27,54.5
264.28,53.62
264.3,51.95
264.32,50.39
264.33,49.66
264.35,48.3
264.37,47.07
264.38,46.5
264.4,45.46
264.42,44.56
264.43,44.15
264.45,43.41
264.46,43.08
264.48,42.49
264.5,41.97
264.51,41.74
264.53,41.29
264.55,40.87
264.56,40.66
264.58,40.23
264.6,39.79
264.61,39.56
264.63,39.08
264.65,38.58
264.66,38.33
264.68,37.84
264.7,37.4
264.71,37.22
264.73,36.97
264.75,36.95
264.76,37.06
264.78,37.59
264.8,38.66
264.81,39.45
264.83,41.67
264.84,43.15
264.86,47.0
264.88,52.28
264.89,55.54
264.91,63.52
264.93,73.74
264.94,79.81
264.96,94.11
264.98,111.6
264.99,121.7
265.01,144.8
265.03,172.2
265.04,187.6
265.06,221.9
265.08,261.2
265.09,282.7
265.11,329.7
265.13,381.7
265.14,409.5
265.16,468.6
265.18,531.8
265.19,564.7
265.21,632.6
265.22,667.3
265.24,737.5
265.26,807.6
265.27,842.2
265.29,909.6
265.31,973.0
265.32,1003.0
265.34,1058.0
265.36,1105.0
265.37,1125.0
265.39,1158.0
265.41,1181.0
265.42,1188.0
265.44,1193.0
265.46,1188.0
265.47,1180.0
265.49,1158.0
265.51,1124.0
265.52,1104.0
265.54,1057.0
265.55,1031.0
265.57,973.0
265.59,910.3
265.6,877.5
265.62,810.2
265.64,742.0
265.65,708.0
265.67,641.3
265.69,577.3
265.7,546.7
265.72,488.8
265.74,436.2
265.75,411.9
265.77,368.1
265.79,330.4
265.8,313.9
265.82,285.5
265.84,263.1
265.85,254.0
265.87,239.8
265.89,230.4
265.9,227.4
265.92,224.0
265.93,223.6
265.95,224.9
265.97,228.4
265.98,230.8
266.0,236.4
266.02,242.8
266.03,246.1
266.05,252.7
266.07,259.0
266.08,262.0
266.1,267.4
266.12,272.1
266.13,274.2
266.15,277.8
266.17,280.8
266.18,282.2
266.2,284.7
266.22,287.3
266.23,288.7
266.25,291.9
266.27,295.8
266.28,298.1
266.3,303.7
266.31,306.9
266.33,314.5
266.35,323.5
266.36,328.6
266.38,339.7
266.4,352.0
266.41,358.5
266.43,372.2
266.45,386.3
266.46,393.4
266.48,407.5
266.5,421.0
266.51,427.4
266.53,439.1
266.55,449.1
266.56,453.4
266.58,460.1
266.6,464.2
266.61,465.2
266.63,465.1
266.65,461.9
266.66,459.2
266.68,451.4
266.69,446.5
266.71,434.4
266.73,419.7
266.74,411.4
266.76,393.2
266.78,373.2
266.79,362.5
266.81,340.3
266.83,317.2
266.84,305.4
266.86,281.7
266.88,257.9
266.89,246.2
266.91,223.1
266.93,200.9
266.94,190.2
266.96,169.7
266.98,150.6
266.99,141.6
267.01,124.8
267.02,117.0
267.04,102.6
267.06,89.73
267.07,83.9
267.09,73.36
267.11,64.25
267.12,60.2
267.14,53.01
267.16,46.95
267.17,44.3
267.19,39.68
267.21,35.84
267.22,34.18
267.24,31.28
267.26,28.88
267.27,27.82
267.29,25.96
267.31,24.36
267.32,23.63
267.34,22.3
267.36,21.08
267.37,20.5
267.39,19.4
267.4,18.86
267.42,17.83
267.44,16.83
267.45,16.35
267.47,15.41
267.49,14.51
267.5,14.09
267.52,13.28
267.54,12.55
267.55,12.21
267.57,11.61
267.59,11.11
267.6,10.9
267.62,10.56
267.64,10.35
267.65,10.29
267.67,10.27
267.69,10.37
267.7,10.47
267.72,10.76
267.74,11.16
267.75,11.4
267.77,11.96
267.78,12.28
267.8,12.97
267.82,13.73
267.83,14.14
267.85,14.99
267.87,15.88
267.88,16.34
267.9,17.27
267.92,18.24
267.93,18.73
267.95,19.73
267.97,20.76
267.98,21.3
268.0,22.42
268.02,23.63
268.03,24.28
268.05,25.69
268.07,27.29
268.08,28.18
268.1,30.17
268.12,32.49
268.13,33.8
268.15,36.73
268.16,38.37
268.18,42.05
268.2,46.27
268.21,48.6
268.23,53.7
268.25,59.41
268.26,62.48
268.28,69.04
268.3,76.11
268.31,79.81
268.33,87.47
268.35,95.39
268.36,99.4
268.38,107.4
268.4,115.3
268.41,119.1
268.43,126.4
268.45,133.0
268.46,136.0
268.48,141.4
268.49,143.7
268.51,147.4
268.53,149.8
268.54,150.6
268.56,151.0
268.58,150.1
268.59,149.1
268.61,146.2
268.63,142.1
268.64,139.6
268.66,133.9
268.68,127.4
268.69,123.8
268.71,116.4
268.73,108.8
268.74,104.9
268.76,97.14
268.78,89.67
268.79,86.1
268.81,79.4
268.83,73.44
268.84,70.79
268.86,66.24
268.87,64.36
268.89,61.5
268.91,59.88
268.92,59.56
268.94,59.93
268.96,61.66
268.97,63.04
268.99,66.81
269.01,71.92
269.02,74.95
269.04,81.92
269.06,90.0
269.07,94.42
269.09,103.9
269.11,114.1
269.12,119.4
269.14,130.3
269.16,141.3
269.17,146.8
269.19,157.5
269.21,167.7
269.22,172.5
269.24,181.4
269.25,185.4
269.27,192.5
269.29,198.0
269.3,200.1
269.32,203.1
269.34,204.2
269.35,204.1
269.37,202.5
269.39,199.0
269.4,196.7
269.42,190.8
269.44,183.6
269.45,179.5
269.47,170.5
269.49,160.6
269.5,155.5
269.52,144.9
269.54,134.1
269.55,128.7
269.57,118.1
269.59,107.9
269.6,102.9
269.62,93.55
269.63,89.11
269.65,80.8
269.67,73.29
269.68,69.85
269.7,63.59
269.72,58.13
269.73,55.69
269.75,51.36
269.77,47.71
269.78,46.11
269.8,43.33
269.82,41.06
269.83,40.1
269.85,38.47
269.87,37.21
269.88,36.71
269.9,35.95
269.92,35.52
269.93,35.43
269.95,35.5
269.96,35.67
269.98,36.32
270.0,37.41
270.01,38.14
270.03,40.0
270.05,42.45
270.06,43.92
270.08,47.37
270.1,51.57
270.11,53.96
270.13,59.33
270.15,65.52
270.16,68.91
270.18,76.3
270.2,84.43
270.21,88.75
270.23,97.86
270.25,107.5
270.26,112.4
270.28,122.6
270.3,132.8
270.31,137.9
270.33,147.9
270.34,152.7
270.36,162.0
270.38,170.6
270.39,174.6
270.41,181.8
270.43,187.8
270.44,190.3
270.46,194.3
270.48,197.0
270.49,197.8
270.51,198.3
270.53,197.5
270.54,196.6
270.56,194.0
270.58,190.3
270.59,188.1
270.61,183.1
270.63,177.6
270.64,174.7
270.66,168.7
270.68,162.7
270.69,159.8
270.71,154.1
270.72,151.4
270.74,146.5
270.76,142.2
270.77,140.4
270.79,137.4
270.81,135.4
270.82,134.8
270.84,134.4
270.86,135.2
270.87,136.1
270.89,138.9
270.91,143.1
270.92,145.8
270.94,152.3
270.96,160.4
270.97,165.2
270.99,176.2
271.01,189.2
271.02,196.5
271.04,212.9
271.06,231.8
271.07,242.2
271.09,265.1
271.1,277.7
271.12,305.0
271.14,335.4
271.15,351.8
271.17,386.9
271.19,425.1
271.2,445.3
271.22,487.7
271.24,532.7
271.25,556.0
271.27,604.0
271.29,653.2
271.3,678.1
271.32,727.9
271.34,777.0
271.35,801.0
271.37,847.4
271.39,890.8
271.4,911.1
271.42,948.1
271.43,964.7
271.45,993.5
271.47,1016.0
271.48,1024.0
271.5,1036.0
271.52,1041.0
271.53,1040.0
271.55,1033.0
271.57,1019.0
271.58,1010.0
271.6,985.7
271.62,956.3
271.63,939.7
271.65,903.5
271.67,864.0
271.68,843.4
271.7,800.9
271.72,757.8
271.73,736.2
271.75,693.8
271.77,652.8
271.78,633.0
271.8,595.3
271.81,577.4
271.83,543.9
271.85,513.4
271.86,499.3
271.88,473.5
271.9,450.5
271.91,440.1
271.93,421.1
271.95,404.3
271.96,396.7
271.98,382.7
272.0,370.1
272.01,364.3
272.03,353.3
272.05,343.1
272.06,338.2
272.08,328.8
272.1,320.0
272.11,315.7
272.13,307.6
272.15,300.2
272.16,296.7
272.18,290.6
272.19,287.9
272.21,283.6
272.23,281.0
272.24,280.5
272.26,281.2
272.28,284.6
272.29,287.4
272.31,295.8
272.33,308.1
272.34,315.9
272.36,335.2
272.38,359.7
272.39,374.1
272.41,407.5
272.43,447.4
272.44,469.9
272.46,520.1
272.48,577.6
272.49,609.1
272.51,677.5
272.52,714.3
272.54,793.1
272.56,878.2
272.57,922.9
272.59,1016.0
272.61,1113.0
272.62,1162.0
272.64,1262.0
272.66,1362.0
272.67,1411.0
272.69,1507.0
272.71,1598.0
272.72,1640.0
272.74,1720.0
272.76,1789.0
272.77,1819.0
272.79,1870.0
272.81,1907.0
272.82,1920.0
272.84,1935.0
272.86,1935.0
272.87,1929.0
272.89,1906.0
272.9,1889.0
272.92,1845.0
272.94,1788.0
272.95,1756.0
272.97,1684.0
272.99,1603.0
273.0,1561.0
273.02,1472.0
273.04,1379.0
273.05,1332.0
273.07,1238.0
273.09,1145.0
273.1,1099.0
273.12,1009.0
273.14,923.9
273.15,883.0
273.17,805.1
273.19,733.0
273.2,699.3
273.22,636.6
273.24,580.5
273.25,555.0
273.27,508.9
273.28,488.5
273.3,452.7
273.32,423.9
273.33,412.1
273.35,394.0
273.37,383.2
273.38,380.7
273.4,381.6
273.42,390.8
273.43,398.7
273.45,421.4
273.47,453.8
273.48,474.0
273.5,522.5
273.52,582.8
273.53,617.7
273.55,697.4
273.57,791.1
273.58,843.6
273.6,960.1
273.62,1093.0
273.63,1165.0
273.65,1324.0
273.66,1409.0
273.68,1593.0
273.7,1794.0
273.71,1901.0
273.73,2127.0
273.75,2367.0
273.76,2492.0
273.78,2750.0
273.8,3016.0
273.81,3152.0
273.83,3425.0
273.85,3697.0
273.86,3831.0
273.88,4094.0
273.9,4344.0
273.91,4463.0
273.93,4685.0
273.95,4885.0
273.96,4974.0
273.98,5131.0
273.99,5198.0
274.01,5306.0
274.03,5381.0
274.04,5405.0
274.06,5429.0
274.08,5420.0
274.09,5404.0
274.11,5352.0
274.13,5274.0
274.14,5228.0
274.16,5122.0
274.18,5003.0
274.19,4940.0
274.21,4812.0
274.23,4685.0
274.24,4623.0
274.26,4506.0
274.28,4403.0
274.29,4357.0
274.31,4280.0
274.33,4225.0
274.34,4207.0
274.36,4191.0
274.37,4193.0
274.39,4221.0
274.41,4279.0
274.42,4319.0
274.44,4425.0
274.46,4562.0
274.47,4643.0
274.49,4827.0
274.51,5042.0
274.52,5160.0
274.54,5417.0
274.56,5699.0
274.57,5848.0
274.59,6162.0
274.61,6493.0
274.62,6663.0
274.64,7012.0
274.66,7367.0
274.67,7545.0
274.69,7900.0
274.71,8249.0
274.72,8419.0
274.74,8750.0
274.75,8909.0
274.77,9210.0
274.79,9486.0
274.8,9614.0
274.82,9845.0
274.84,10040.0
274.85,10120.0
274.87,10260.0
274.89,10350.0
274.9,10380.0
274.92,10410.0
274.94,10390.0
274.95,10360.0
274.97,10260.0
274.99,10120.0
275.0,10040.0
275.02,9830.0
275.04,9583.0
275.05,9446.0
275.07,9148.0
275.09,8823.0
275.1,8652.0
275.12,8300.0
275.13,8120.0
275.15,7758.0
275.17,7400.0
275.18,7225.0
275.2,6890.0
275.22,6579.0
275.23,6435.0
275.25,6175.0
275.27,5957.0
275.28,5864.0
275.3,5715.0
275.32,5616.0
275.33,5585.0
275.35,5561.0
275.37,5584.0
275.38,5613.0
275.4,5701.0
275.42,5824.0
275.43,5897.0
275.45,6060.0
275.46,6148.0
275.48,6331.0
275.5,6516.0
275.51,6606.0
275.53,6775.0
275.55,6924.0
275.56,6987.0
275.58,7087.0
275.6,7147.0
275.61,7160.0
275.63,7150.0
275.65,7089.0
275.66,7039.0
275.68,6901.0
275.7,6712.0
275.71,6600.0
275.73,6341.0
275.75,6043.0
275.76,5880.0
275.78,5533.0
275.8,5162.0
275.81,4970.0
275.83,4578.0
275.84,4379.0
275.86,3983.0
275.88,3591.0
275.89,3400.0
275.91,3028.0
275.93,2676.0
275.94,2508.0
275.96,2191.0
275.98,1901.0
275.99,1766.0
276.01,1518.0
276.03,1299.0
276.04,1200.0
276.06,1021.0
276.08,868.0
276.09,800.4
276.11,681.6
276.13,582.8
276.14,540.2
276.16,467.1
276.18,408.0
276.19,383.1
276.21,341.1
276.22,323.6
276.24,294.4
276.26,271.8
276.27,262.5
276.29,247.3
276.31,235.9
276.32,231.4
276.34,224.4
276.36,219.8
276.37,218.4
276.39,217.0
276.41,217.8
276.42,219.0
276.44,223.1
276.46,229.5
276.47,233.6
276.49,243.8
276.51,256.5
276.52,263.8
276.54,280.5
276.56,299.8
276.57,310.3
276.59,333.1
276.6,345.2
276.62,370.8
276.64,397.8
276.65,411.6
276.67,439.6
276.69,467.5
276.7,481.2
276.72,507.7
276.74,532.6
276.75,544.1
276.77,565.1
276.79,582.9
276.8,590.3
276.82,602.3
276.84,609.9
276.85,612.1
276.87,612.8
276.89,609.0
276.9,605.3
276.92,594.7
276.93,587.8
276.95,570.9
276.97,550.4
276.98,539.0
277.0,513.9
277.02,486.5
277.03,472.1
277.05,442.3
277.07,411.5
277.08,395.9
277.1,364.8
277.12,334.0
277.13,318.9
277.15,289.6
277.17,261.6
277.18,248.3
277.2,223.0
277.22,199.6
277.23,188.8
277.25,168.7
277.27,150.9
277.28,142.9
277.3,128.5
277.31,122.2
277.33,111.2
277.35,102.4
277.36,98.78
277.38,93.12
277.4,89.46
277.41,88.34
277.43,87.51
277.45,88.48
277.46,89.62
277.48,93.16
277.5,98.35
277.51,101.6
277.53,109.1
277.55,118.3
277.56,123.4
277.58,134.9
277.6,147.9
277.61,154.9
277.63,170.2
277.65,186.8
277.66,195.7
277.68,214.5
277.69,224.4
277.71,245.1
277.73,267.0
277.74,278.4
277.76,301.7
277.78,325.8
277.79,338.1
277.81,362.8
277.83,387.6
277.84,399.9
277.86,424.1
277.88,447.7
277.89,459.0
277.91,480.8
277.93,500.9
277.94,510.3
277.96,527.4
277.98,542.3
277.99,548.8
278.01,560.0
278.03,568.5
278.04,571.8
278.06,576.4
278.07,577.7
278.09,578.6
278.11,577.2
278.12,575.8
278.14,571.4
278.16,565.5
278.17,562.0
278.19,554.1
278.21,545.3
278.22,540.6
278.24,530.8
278.26,520.6
278.27,515.4
278.29,504.8
278.31,494.0
278.32,488.6
278.34,477.5
278.36,466.3
278.37,460.6
278.39,449.0
278.4,443.0
278.42,430.9
278.44,418.4
278.45,412.1
278.47,399.1
278.49,386.0
278.5,379.5
278.52,366.5
278.54,354.0
278.55,348.0
278.57,336.9
278.59,327.3
278.6,323.3
278.62,317.1
278.64,314.0
278.65,313.8
278.67,316.8
278.69,324.7
278.7,330.9
278.72,348.2
278.74,372.9
278.75,388.4
278.77,426.5
278.78,449.4
278.8,504.3
278.82,572.6
278.83,612.5
278.85,705.8
278.87,820.1
278.88,886.5
278.9,1041.0
278.92,1231.0
278.93,1342.0
278.95,1601.0
278.97,1923.0
278.98,2111.0
279.0,2555.0
279.02,3106.0
279.03,3430.0
279.05,4193.0
279.07,5137.0
279.08,5688.0
279.1,6975.0
279.12,8546.0
279.13,9454.0
279.15,11550.0
279.16,12740.0
279.18,15470.0
279.2,18700.0
279.21,20510.0
279.23,24570.0
279.25,29250.0
279.26,31820.0
279.28,37470.0
279.3,43780.0
279.31,47180.0
279.33,54470.0
279.35,62370.0
279.36,66530.0
279.38,75200.0
279.4,84280.0
279.41,88920.0
279.43,98340.0
279.45,107800.0
279.46,112500.0
279.48,121600.0
279.5,130400.0
279.51,134500.0
279.53,142200.0
279.54,145700.0
279.56,152000.0
279.58,157100.0
279.59,159100.0
279.61,162300.0
279.63,163900.0
279.64,164200.0
279.66,163700.0
279.68,161800.0
279.69,160300.0
279.71,156300.0
279.73,151100.0
279.74,148100.0
279.76,141400.0
279.78,133900.0
279.79,130000.0
279.81,121700.0
279.83,113300.0
279.84,109100.0
279.86,100700.0
279.87,96570.0
279.89,88690.0
279.91,81350.0
279.92,77940.0
279.94,71700.0
279.96,66320.0
279.97,63970.0
279.99,60010.0
280.01,57020.0
280.02,55900.0
280.04,54380.0
280.06,53800.0
280.07,53830.0
280.09,54500.0
280.11,55900.0
280.12,56830.0
280.14,59090.0
280.16,61760.0
280.17,63210.0
280.19,66230.0
280.21,69310.0
280.22,70830.0
280.24,73720.0
280.25,75070.0
280.27,77500.0
280.29,79470.0
280.3,80250.0
280.32,81380.0
280.34,81850.0
280.35,81840.0
280.37,81290.0
280.39,80050.0
280.4,79170.0
280.42,76940.0
280.44,74100.0
280.45,72470.0
280.47,68860.0
280.49,64830.0
280.5,62690.0
280.52,58220.0
280.54,53580.0
280.55,51220.0
280.57,46500.0
280.59,41820.0
280.6,39520.0
280.62,35060.0
280.63,32910.0
280.65,28800.0
280.67,24970.0
280.68,23170.0
280.7,19820.0
280.72,16790.0
280.73,15410.0
280.75,12880.0
280.77,10670.0
280.78,9684.0
280.8,7918.0
280.82,6419.0
280.83,5761.0
280.85,4613.0
280.87,3665.0
280.88,3258.0
280.9,2562.0
280.92,2003.0
280.93,1769.0
280.95,1378.0
280.97,1074.0
280.98,949.3
281.0,747.4
281.01,666.7
281.03,538.7
281.05,447.8
281.06,413.7
281.08,364.2
281.1,335.2
281.11,326.9
281.13,320.5
281.15,325.3
281.16,331.0
281.18,348.1
281.2,371.2
281.21,384.6
281.23,414.2
281.25,446.8
281.26,463.9
281.28,499.2
281.3,535.1
281.31,553.0
281.33,588.4
281.34,605.7
281.36,638.7
281.38,669.2
281.39,683.4
281.41,708.9
281.43,730.3
281.44,739.3
281.46,753.6
281.48,762.9
281.49,765.5
281.51,766.7
281.53,762.6
281.54,758.6
281.56,746.8
281.58,730.1
281.59,720.1
281.61,697.1
281.63,670.5
281.64,656.1
281.66,625.2
281.68,592.1
281.69,575.0
281.71,539.9
281.72,522.1
281.74,486.3
281.76,450.6
281.77,432.9
281.79,398.2
281.81,364.7
281.82,348.4
281.84,317.0
281.86,287.3
281.87,273.2
281.89,246.3
281.91,221.5
281.92,209.8
281.94,187.9
281.96,167.9
281.97,158.7
281.99,141.5
282.01,126.2
282.02,119.2
282.04,106.3
282.06,95.02
282.07,89.9
282.09,80.67
282.1,76.53
282.12,69.13
282.14,62.81
282.15,60.02
282.17,55.12
282.19,51.05
282.2,49.3
282.22,46.3
282.24,43.93
282.25,42.95
282.27,41.37
282.29,40.26
282.3,39.86
282.32,39.36
282.34,39.23
282.35,39.3
282.37,39.68
282.39,40.38
282.4,40.86
282.42,42.04
282.44,43.56
282.45,44.43
282.47,46.44
282.48,47.58
282.5,50.11
282.52,52.99
282.53,54.57
282.55,58.0
282.57,61.78
282.58,63.81
282.6,68.11
282.62,72.74
282.63,75.16
282.65,80.22
282.67,85.52
282.68,88.25
282.7,93.83
282.72,99.55
282.73,102.4
282.75,108.2
282.77,114.1
282.78,116.9
282.8,122.7
282.81,125.5
282.83,131.1
282.85,136.6
282.86,139.2
282.88,144.5
282.9,149.6
282.91,152.1
282.93,157.0
282.95,161.8
282.96,164.1
282.98,168.8
283.0,173.4
283.01,175.6
283.03,180.0
283.05,184.4
283.06,186.5
283.08,190.7
283.1,194.7
283.11,196.6
283.13,200.2
283.15,203.6
283.16,205.1
283.18,207.9
283.19,209.1
283.21,211.1
283.23,212.7
283.24,213.3
283.26,214.0
283.28,214.2
283.29,214.1
283.31,213.5
283.33,212.4
283.34,211.7
283.36,210.0
283.38,208.0
283.39,206.9
283.41,204.5
283.43,202.0
283.44,200.7
283.46,198.1
283.48,195.5
283.49,194.2
283.51,191.7
283.53,189.3
283.54,188.1
283.56,185.7
283.57,184.6
283.59,182.4
283.61,180.3
283.62,179.3
283.64,177.4
283.66,175.5
283.67,174.7
283.69,173.0
283.71,171.5
283.72,170.9
283.74,169.8
283.76,169.1
283.77,168.8
283.79,168.7
283.81,169.0
283.82,169.4
283.84,170.6
283.86,172.4
283.87,173.5
283.89,176.2
283.9,177.8
283.92,181.4
283.94,185.5
283.95,187.7
283.97,192.3
283.99,197.3
284.0,199.8
284.02,204.8
284.04,209.7
284.05,212.0
284.07,216.4
284.09,220.3
284.1,222.1
284.12,224.9
284.14,227.0
284.15,227.7
284.17,228.4
284.19,228.0
284.2,227.5
284.22,225.7
284.24,223.0
284.25,221.2
284.27,217.2
284.28,214.8
284.3,209.6
284.32,203.9
284.33,200.8
284.35,194.4
284.37,187.7
284.38,184.3
284.4,177.6
284.42,170.9
284.43,167.7
284.45,161.5
284.47,155.8
284.48,153.2
284.5,148.5
284.52,144.6
284.53,143.1
284.55,140.8
284.57,139.9
284.58,140.0
284.6,141.5
284.62,145.0
284.63,147.7
284.65,154.9
284.66,159.6
284.68,171.6
284.7,187.5
284.71,197.2
284.73,220.5
284.75,249.6
284.76,266.7
284.78,306.6
284.8,354.9
284.81,382.5
284.83,445.6
284.85,520.0
284.86,561.7
284.88,654.8
284.9,761.7
284.91,820.4
284.93,948.9
284.95,1092.0
284.96,1169.0
284.98,1334.0
285.0,1513.0
285.01,1607.0
285.03,1802.0
285.04,1904.0
285.06,2112.0
285.08,2325.0
285.09,2433.0
285.11,2646.0
285.13,2855.0
285.14,2957.0
285.16,3151.0
285.18,3330.0
285.19,3412.0
285.21,3560.0
285.23,3683.0
285.24,3734.0
285.26,3814.0
285.28,3862.0
285.29,3873.0
285.31,3872.0
285.33,3837.0
285.34,3808.0
285.36,3726.0
285.37,3674.0
285.39,3549.0
285.41,3399.0
285.42,3316.0
285.44,3137.0
285.46,2943.0
285.47,2842.0
285.49,2634.0
285.51,2423.0
285.52,2316.0
285.54,2106.0
285.56,1901.0
285.57,1801.0
285.59,1610.0
285.61,1429.0
285.62,1344.0
285.64,1184.0
285.66,1038.0
285.67,970.2
285.69,846.2
285.71,736.4
285.72,686.7
285.74,597.1
285.75,556.9
285.77,485.2
285.79,424.0
285.8,396.9
285.82,349.3
285.84,309.2
285.85,291.6
285.87,260.7
285.89,234.8
285.9,223.5
285.92,203.4
285.94,186.4
285.95,178.8
285.97,165.2
285.99,153.4
286.0,148.1
286.02,138.4
286.04,129.7
286.05,125.7
286.07,118.3
286.09,111.7
286.1,108.6
286.12,102.8
286.13,100.2
286.15,95.24
286.17,90.76
286.18,88.68
286.2,84.81
286.22,81.29
286.23,79.65
286.25,76.57
286.27,73.72
286.28,72.37
286.3,69.8
286.32,67.37
286.33,66.19
286.35,63.89
286.37,61.67
286.38,60.57
286.4,58.42
286.42,56.33
286.43,55.3
286.45,53.29
286.47,51.35
286.48,50.42
286.5,48.65
286.51,47.82
286.53,46.27
286.55,44.9
286.56,44.29
286.58,43.23
286.6,42.42
286.61,42.11
286.63,41.68
286.65,41.53
286.66,41.56
286.68,41.82
286.7,42.36
286.71,42.73
286.73,43.66
286.75,44.83
286.76,45.5
286.78,47.02
286.8,48.73
286.81,49.65
286.83,51.62
286.84,52.67
286.86,54.87
286.88,57.19
286.89,58.4
286.91,60.9
286.93,63.5
286.94,64.84
286.96,67.59
286.98,70.44
286.99,71.9
287.01,74.9
287.03,78.01
287.04,79.6
287.06,82.85
287.08,86.21
287.09,87.93
287.11,91.43
287.13,95.0
287.14,96.82
287.16,100.5
287.18,104.2
287.19,106.0
287.21,109.7
287.22,111.5
287.24,115.1
287.26,118.6
287.27,120.2
287.29,123.5
287.31,126.7
287.32,128.2
287.34,131.1
287.36,134.0
287.37,135.4
287.39,138.2
287.41,141.1
287.42,142.6
287.44,146.1
287.46,150.1
287.47,152.4
287.49,158.1
287.51,165.3
287.52,169.6
287.54,180.4
287.56,194.4
287.57,202.9
287.59,223.6
287.6,236.1
287.62,266.2
287.64,304.5
287.65,327.2
287.67,380.9
287.69,447.4
287.7,486.2
287.72,576.2
287.74,684.8
287.75,746.9
287.77,888.3
287.79,1055.0
287.8,1148.0
287.82,1356.0
287.84,1594.0
287.85,1725.0
287.87,2011.0
287.89,2330.0
287.9,2501.0
287.92,2867.0
287.94,3262.0
287.95,3470.0
287.97,3904.0
287.98,4128.0
288.0,4588.0
288.02,5059.0
288.03,5296.0
288.05,5767.0
288.07,6228.0
288.08,6452.0
288.1,6881.0
288.12,7276.0
288.13,7458.0
288.15,7786.0
288.17,8060.0
288.18,8174.0
288.2,8354.0
288.22,8465.0
288.23,8494.0
288.25,8496.0
288.27,8427.0
288.28,8365.0
288.3,8191.0
288.31,8079.0
288.33,7810.0
288.35,7486.0
288.36,7305.0
288.38,6914.0
288.4,6487.0
288.41,6265.0
288.43,5805.0
288.45,5334.0
288.46,5097.0
288.48,4626.0
288.5,4164.0
288.51,3939.0
288.53,3504.0
288.55,3093.0
288.56,2898.0
288.58,2531.0
288.6,2196.0
288.61,2041.0
288.63,1756.0
288.65,1504.0
288.66,1391.0
288.68,1190.0
288.69,1101.0
288.71,945.8
288.73,819.6
288.74,766.7
288.76,680.1
288.78,617.5
288.79,594.5
288.81,564.0
288.83,552.7
288.84,553.7
288.86,567.9
288.88,597.1
288.89,616.9
288.91,665.8
288.93,726.1
288.94,760.0
288.96,834.7
288.98,917.3
288.99,961.1
289.01,1053.0
289.03,1149.0
289.04,1199.0
289.06,1299.0
289.07,1350.0
289.09,1452.0
289.11,1553.0
289.12,1603.0
289.14,1701.0
289.16,1796.0
289.17,1842.0
289.19,1931.0
289.21,2015.0
289.22,2055.0
289.24,2131.0
289.26,2202.0
289.27,2235.0
289.29,2298.0
289.31,2355.0
289.32,2381.0
289.34,2429.0
289.36,2471.0
289.37,2489.0
289.39,2522.0
289.41,2547.0
289.42,2557.0
289.44,2570.0
289.45,2574.0
289.47,2574.0
289.49,2564.0
289.5,2556.0
289.52,2530.0
289.54,2494.0
289.55,2471.0
289.57,2418.0
289.59,2352.0
289.6,2315.0
289.62,2234.0
289.64,2141.0
289.65,2092.0
289.67,1986.0
289.69,1873.0
289.7,1814.0
289.72,1693.0
289.74,1569.0
289.75,1506.0
289.77,1380.0
289.78,1318.0
289.8,1194.0
289.82,1074.0
289.83,1016.0
289.85,903.1
289.87,797.0
289.88,746.5
289.9,651.3
289.92,564.1
289.93,523.5
289.95,448.5
289.97,381.6
289.98,351.2
290.0,296.0
290.02,248.2
290.03,226.9
290.05,189.2
290.07,157.4
290.08,143.6
290.1,119.9
290.12,100.7
290.13,92.71
290.15,79.54
290.16,74.26
290.18,66.1
290.2,60.83
290.21,59.19
290.23,57.75
290.25,58.61
290.26,59.86
290.28,63.92
290.3,70.02
290.31,73.81
290.33,82.87
290.35,93.91
290.36,100.2
290.38,114.2
290.4,130.1
290.41,138.9
290.43,157.8
290.45,178.7
290.46,189.9
290.48,213.8
290.5,239.5
290.51,253.1
290.53,281.7
290.54,296.7
290.56,328.2
290.58,361.7
290.59,379.3
290.61,416.1
290.63,455.6
290.64,476.4
290.66,520.5
290.68,568.4
290.69,594.1
290.71,649.2
290.73,710.1
290.74,743.1
290.76,814.7
290.78,894.7
290.79,938.2
290.81,1033.0
290.83,1138.0
290.84,1195.0
290.86,1318.0
290.88,1453.0
290.89,1525.0
290.91,1678.0
290.92,1759.0
290.94,1927.0
290.96,2105.0
290.97,2197.0
290.99,2384.0
291.01,2574.0
291.02,2669.0
291.04,2857.0
291.06,3039.0
291.07,3126.0
291.09,3292.0
291.11,3442.0
291.12,3510.0
291.14,3630.0
291.16,3725.0
291.17,3762.0
291.19,3815.0
291.21,3838.0
291.22,3838.0
291.24,3815.0
291.25,3792.0
291.27,3723.0
291.29,3625.0
291.3,3566.0
291.32,3429.0
291.34,3270.0
291.35,3183.0
291.37,2997.0
291.39,2799.0
291.4,2696.0
291.42,2486.0
291.44,2273.0
291.45,2167.0
291.47,1957.0
291.49,1752.0
291.5,1653.0
291.52,1462.0
291.54,1282.0
291.55,1197.0
291.57,1037.0
291.59,891.5
291.6,824.1
291.62,700.0
291.63,643.3
291.65,540.3
291.67,450.5
291.68,410.3
291.7,338.6
291.72,277.8
291.73,251.1
291.75,204.4
291.77,165.7
291.78,149.0
291.8,120.4
291.82,97.27
291.83,87.48
291.85,70.95
291.87,57.89
291.88,52.46
291.9,43.46
291.92,36.52
291.93,33.69
291.95,29.1
291.97,25.67
291.98,24.32
292.0,22.21
292.01,21.41
292.03,20.25
292.05,19.57
292.06,19.39
292.08,19.32
292.1,19.6
292.11,19.87
292.13,20.65
292.15,21.77
292.16,22.46
292.18,24.13
292.2,26.21
292.21,27.41
292.23,30.19
292.25,33.5
292.26,35.37
292.28,39.6
292.3,44.53
292.31,47.28
292.33,53.38
292.34,56.76
292.36,64.19
292.38,72.6
292.39,77.18
292.41,87.13
292.43,98.16
292.44,104.1
292.46,116.8
292.48,130.5
292.49,137.8
292.51,153.1
292.53,169.4
292.54,177.8
292.56,195.3
292.58,213.4
292.59,222.6
292.61,241.3
292.63,260.2
292.64,269.6
292.66,288.3
292.68,306.5
292.69,315.3
292.71,332.3
292.72,340.4
292.74,355.7
292.76,369.4
292.77,375.7
292.79,386.8
292.81,395.8
292.82,399.5
292.84,405.2
292.86,408.6
292.87,409.4
292.89,409.1
292.91,406.4
292.92,404.1
292.94,398.0
292.96,389.6
292.97,384.7
292.99,373.5
293.01,360.6
293.02,353.7
293.04,339.0
293.06,323.4
293.07,315.3
293.09,299.1
293.1,290.9
293.12,274.8
293.14,259.3
293.15,251.8
293.17,237.8
293.19,225.1
293.2,219.4
293.22,209.4
293.24,201.6
293.25,198.6
293.27,194.4
293.29,192.9
293.3,193.2
293.32,195.9
293.34,201.7
293.35,205.7
293.37,216.0
293.39,229.2
293.4,236.9
293.42,254.3
293.44,274.4
293.45,285.3
293.47,308.7
293.48,321.0
293.5,346.9
293.52,374.0
293.53,387.8
293.55,415.5
293.57,443.0
293.58,456.6
293.6,482.7
293.62,507.1
293.63,518.5
293.65,539.3
293.67,557.1
293.68,564.8
293.7,577.3
293.72,585.8
293.73,588.5
293.75,590.8
293.77,588.9
293.78,586.3
293.8,578.1
293.81,572.5
293.83,558.6
293.85,541.2
293.86,531.4
293.88,509.8
293.9,485.9
293.91,473.3
293.93,447.1
293.95,420.0
293.96,406.3
293.98,378.8
294.0,351.8
294.01,338.5
294.03,312.8
294.05,288.5
294.06,276.9
294.08,255.2
294.1,235.4
294.11,226.4
294.13,209.8
294.15,195.5
294.16,189.2
294.18,178.3
294.19,173.6
294.21,165.9
294.23,160.2
294.24,158.1
294.26,155.3
294.28,154.2
294.29,154.2
294.31,155.3
294.33,157.7
294.34,159.3
294.36,163.3
294.38,168.2
294.39,170.9
294.41,176.8
294.43,183.3
294.44,186.6
294.46,193.6
294.48,200.8
294.49,204.4
294.51,211.7
294.53,219.1
294.54,222.7
294.56,230.0
294.57,233.5
294.59,240.5
294.61,247.3
294.62,250.6
294.64,257.0
294.66,263.1
294.67,265.9
294.69,271.4
294.71,276.3
294.72,278.6
294.74,282.6
294.76,286.0
294.77,287.4
294.79,289.6
294.81,291.0
294.82,291.4
294.84,291.3
294.86,290.4
294.87,289.5
294.89,287.0
294.91,283.6
294.92,281.5
294.94,276.7
294.95,274.1
294.97,268.2
294.99,261.7
295.0,258.3
295.02,251.3
295.04,244.1
295.05,240.5
295.07,233.4
295.09,226.6
295.1,223.4
295.12,217.5
295.14,212.3
295.15,210.0
295.17,206.0
295.19,203.0
295.2,201.9
295.22,200.3
295.24,199.7
295.25,199.7
295.27,200.3
295.28,200.8
295.3,202.4
295.32,204.3
295.33,205.4
295.35,207.5
295.37,209.6
295.38,210.6
295.4,212.2
295.42,213.3
295.43,213.6
295.45,213.5
295.47,212.6
295.48,211.8
295.5,209.4
295.52,206.1
295.53,204.1
295.55,199.3
295.57,193.7
295.58,190.6
295.6,183.8
295.62,176.6
295.63,172.7
295.65,164.9
295.66,160.8
295.68,152.7
295.7,144.6
295.71,140.6
295.73,132.7
295.75,125.2
295.76,121.5
295.78,114.6
295.8,108.1
295.81,105.1
295.83,99.35
295.85,94.14
295.86,91.72
295.88,87.23
295.9,83.19
295.91,81.32
295.93,77.88
295.95,74.78
295.96,73.35
295.98,70.7
296.0,68.31
296.01,67.2
296.03,65.16
296.04,64.23
296.06,62.54
296.08,61.08
296.09,60.45
296.11,59.4
296.13,58.66
296.14,58.42
296.16,58.22
296.18,58.44
296.19,58.72
296.21,59.66
296.23,61.12
296.24,62.06
296.26,64.37
296.28,67.27
296.29,68.95
296.31,72.77
296.33,77.19
296.34,79.62
296.36,84.91
296.38,90.75
296.39,93.86
296.41,100.4
296.42,103.9
296.44,111.1
296.46,118.7
296.47,122.7
296.49,130.8
296.51,139.3
296.52,143.7
296.54,152.7
296.56,162.2
296.57,167.1
296.59,177.3
296.61,188.2
296.62,193.9
296.64,206.0
296.66,219.1
296.67,226.1
296.69,241.1
296.71,257.6
296.72,266.5
296.74,285.5
296.75,295.7
296.77,317.5
296.79,341.4
296.8,354.0
296.82,380.8
296.84,409.5
296.85,424.4
296.87,455.5
296.89,487.8
296.9,504.3
296.92,537.6
296.94,571.1
296.95,587.7
296.97,620.2
296.99,651.2
297.0,666.0
297.02,693.6
297.04,718.1
297.05,729.0
297.07,747.7
297.09,762.0
297.1,767.4
297.12,774.2
297.13,775.6
297.15,774.5
297.17,768.0
297.18,762.7
297.2,748.3
297.22,729.0
297.23,717.6
297.25,691.7
297.27,662.1
297.28,646.0
297.3,611.8
297.32,575.4
297.33,556.6
297.35,518.1
297.37,479.1
297.38,459.6
297.4,420.8
297.42,382.9
297.43,364.4
297.45,328.5
297.47,294.5
297.48,278.3
297.5,247.4
297.51,232.9
297.53,205.7
297.55,180.9
297.56,169.4
297.58,148.3
297.6,129.6
297.61,121.1
297.63,105.8
297.65,92.65
297.66,86.81
297.68,76.54
297.7,68.01
297.71,64.36
297.73,58.17
297.75,53.36
297.76,51.43
297.78,48.43
297.8,46.49
297.81,45.88
297.83,45.35
297.85,45.64
297.86,46.08
297.88,47.5
297.89,48.49
297.91,50.98
297.93,54.18
297.94,56.04
297.96,60.34
297.98,65.43
297.99,68.29
298.01,74.71
298.03,82.13
298.04,86.26
298.06,95.43
298.08,105.9
298.09,111.7
298.11,124.5
298.13,138.9
298.14,146.7
298.16,163.9
298.18,183.0
298.19,193.3
298.21,215.4
298.22,227.2
298.24,252.3
298.26,279.3
298.27,293.5
298.29,323.1
298.31,354.1
298.32,370.1
298.34,402.7
298.36,435.8
298.37,452.4
298.39,485.5
298.41,517.9
298.42,533.7
298.44,564.1
298.46,592.5
298.47,605.8
298.49,630.2
298.51,651.4
298.52,660.6
298.54,676.2
298.56,687.6
298.57,691.7
298.59,696.5
298.6,697.3
298.62,695.4
298.64,689.1
298.65,684.3
298.67,671.8
298.69,655.3
298.7,645.8
298.72,624.3
298.74,599.9
298.75,586.8
298.77,559.1
298.79,529.7
298.8,514.5
298.82,483.5
298.84,451.9
298.85,436.1
298.87,404.7
298.89,373.7
298.9,358.5
298.92,328.8
298.94,300.3
298.95,286.6
298.97,260.3
298.98,247.7
299.0,223.9
299.02,201.8
299.03,191.4
299.05,172.0
299.07,154.3
299.08,146.2
299.1,131.2
299.12,117.9
299.13,111.8
299.15,100.9
299.17,91.56
299.18,87.41
299.2,80.11
299.22,74.07
299.23,71.5
299.25,67.15
299.27,63.8
299.28,62.45
299.3,60.37
299.32,58.98
299.33,58.52
299.35,57.97
299.36,57.87
299.38,57.92
299.4,58.24
299.41,58.47
299.43,59.03
299.45,59.63
299.46,59.94
299.48,60.49
299.5,60.96
299.51,61.14
299.53,61.39
299.55,61.48
299.56,61.47
299.58,61.32
299.6,61.04
299.61,60.87
299.63,60.46
299.65,60.03
299.66,59.82
299.68,59.47
299.69,59.35
299.71,59.25
299.73,59.41
299.74,59.61
299.76,60.31
299.78,61.47
299.79,62.24
299.81,64.22
299.83,66.83
299.84,68.39
299.86,72.04
299.88,76.42
299.89,78.9
299.91,84.43
299.93,90.73
299.94,94.17
299.96,101.6
299.98,109.7
299.99,114.0
300.01,123.0
300.03,132.5
300.04,137.4
300.06,147.4
300.07,152.5
300.09,162.7
300.11,172.9
300.12,178.0
300.14,187.8
300.16,197.1
300.17,201.6
300.19,209.8
300.21,217.2
300.22,220.5
300.24,226.2
300.26,230.7
300.27,232.4
300.29,234.8
300.31,235.7
300.32,235.6
300.34,234.3
300.36,231.5
300.37,229.5
300.39,224.6
300.41,218.5
300.42,215.0
300.44,207.2
300.45,202.9
300.47,193.9
300.49,184.2
300.5,179.2
300.52,169.0
300.54,158.7
300.55,153.5
300.57,143.3
300.59,133.5
300.6,128.7
300.62,119.5
300.64,110.9
300.65,106.8
300.67,99.27
300.69,92.43
300.7,89.29
300.72,83.55
300.74,78.52
300.75,76.26
300.77,72.2
300.79,68.73
300.8,67.18
300.82,64.43
300.83,63.2
300.85,60.99
300.87,59.04
300.88,58.14
300.9,56.46
300.92,54.86
300.93,54.07
300.95,52.5
300.97,50.91
300.98,50.09
301.0,48.39
301.02,46.62
301.03,45.7
301.05,43.79
301.07,41.81
301.08,40.79
301.1,38.73
301.12,36.64
301.13,35.6
301.15,33.52
301.16,32.51
301.18,30.53
301.2,28.65
301.21,27.77
301.23,26.12
301.25,24.66
301.26,24.02
301.28,22.91
301.3,22.09
301.31,21.79
301.33,21.43
301.35,21.43
301.36,21.57
301.38,22.13
301.4,23.11
301.41,23.76
301.43,25.4
301.45,27.49
301.46,28.71
301.48,31.51
301.5,34.81
301.51,36.64
301.53,40.68
301.54,42.89
301.56,47.69
301.58,53.0
301.59,55.85
301.61,61.94
301.63,68.54
301.64,72.03
301.66,79.41
301.68,87.3
301.69,91.44
301.71,100.1
301.73,109.3
301.74,114.1
301.76,124.0
301.78,134.4
301.79,139.8
301.81,150.8
301.83,162.3
301.84,168.1
301.86,180.1
301.88,192.2
301.89,198.3
301.91,210.6
301.92,216.7
301.94,228.9
301.96,240.7
301.97,246.4
301.99,257.4
302.01,267.7
302.02,272.5
302.04,281.3
302.06,288.9
302.07,292.2
302.09,297.7
302.11,301.6
302.12,303.0
302.14,304.3
302.16,303.9
302.17,303.1
302.19,300.0
302.21,295.3
302.22,292.3
302.24,285.1
302.25,281.0
302.27,271.8
302.29,261.5
302.3,255.9
302.32,244.3
302.34,232.0
302.35,225.7
302.37,212.9
302.39,200.0
302.4,193.6
302.42,181.1
302.44,168.9
302.45,163.0
302.47,151.6
302.49,141.0
302.5,135.9
302.52,126.4
302.54,117.8
302.55,113.7
302.57,106.3
302.59,99.73
302.6,96.72
302.62,91.28
302.63,88.83
302.65,84.43
302.67,80.68
302.68,79.02
302.7,76.11
302.72,73.69
302.73,72.65
302.75,70.88
302.77,69.47
302.78,68.88
302.8,67.93
302.82,67.22
302.83,66.95
302.85,66.53
302.87,66.25
302.88,66.15
302.9,66.0
302.92,65.89
302.93,65.83
302.95,65.68
302.97,65.47
302.98,65.32
303.0,64.93
303.01,64.68
303.03,64.05
303.05,63.21
303.06,62.71
303.08,61.55
303.1,60.16
303.11,59.38
303.13,57.65
303.15,55.71
303.16,54.67
303.18,52.45
303.2,50.09
303.21,48.87
303.23,46.36
303.25,43.81
303.26,42.53
303.28,39.99
303.3,37.52
303.31,36.33
303.33,34.06
303.35,31.96
303.36,30.99
303.38,29.22
303.39,28.44
303.41,27.08
303.43,26.01
303.44,25.59
303.46,24.98
303.48,24.68
303.49,24.65
303.51,24.81
303.53,25.25
303.54,25.57
303.56,26.4
303.58,27.45
303.59,28.04
303.61,29.36
303.63,30.79
303.64,31.54
303.66,33.09
303.68,34.64
303.69,35.41
303.71,36.91
303.72,37.63
303.74,38.98
303.76,40.18
303.77,40.72
303.79,41.65
303.81,42.37
303.82,42.65
303.84,43.03
303.86,43.17
303.87,43.16
303.89,42.96
303.91,42.54
303.92,42.26
303.94,41.56
303.96,40.69
303.97,40.21
303.99,39.15
304.01,38.01
304.02,37.41
304.04,36.19
304.06,34.96
304.07,34.35
304.09,33.15
304.1,32.57
304.12,31.48
304.14,30.47
304.15,30.01
304.17,29.18
304.19,28.48
304.2,28.19
304.22,27.73
304.24,27.45
304.25,27.37
304.27,27.36
304.29,27.54
304.3,27.71
304.32,28.21
304.34,28.94
304.35,29.38
304.37,30.45
304.39,31.77
304.4,32.51
304.42,34.19
304.44,36.12
304.45,37.18
304.47,39.47
304.48,40.71
304.5,43.34
304.52,46.17
304.53,47.66
304.55,50.74
304.57,53.95
304.58,55.59
304.6,58.89
304.62,62.2
304.63,63.84
304.65,67.04
304.67,70.1
304.68,71.55
304.7,74.26
304.72,76.67
304.73,77.75
304.75,79.6
304.77,81.02
304.78,81.55
304.8,82.25
304.82,82.44
304.83,82.33
304.85,81.74
304.86,81.24
304.88,79.87
304.9,78.01
304.91,76.9
304.93,74.38
304.95,71.47
304.96,69.89
304.98,66.51
305.0,62.9
305.01,61.02
305.03,57.19
305.05,53.29
305.06,51.34
305.08,47.48
305.1,43.72
305.11,41.9
305.13,38.4
305.15,35.15
305.16,33.64
305.18,30.84
305.19,29.57
305.21,27.33
305.23,25.49
305.24,24.73
305.26,23.56
305.28,22.86
305.29,22.7
305.31,22.77
305.33,23.37
305.34,23.87
305.36,25.3
305.38,27.31
305.39,28.53
305.41,31.42
305.43,34.9
305.44,36.87
305.46,41.26
305.48,46.23
305.49,48.94
305.51,54.78
305.53,61.15
305.54,64.52
305.56,71.62
305.57,75.33
305.59,83.02
305.61,91.02
305.62,95.11
305.64,103.4
305.66,111.8
305.67,115.9
305.69,124.2
305.71,132.2
305.72,136.1
305.74,143.6
305.76,150.6
305.77,153.8
305.79,159.8
305.81,165.0
305.82,167.3
305.84,171.2
305.86,174.1
305.87,175.2
305.89,176.6
305.91,177.0
305.92,176.8
305.94,175.8
305.95,174.9
305.97,172.5
305.99,169.3
306.0,167.5
306.02,163.3
306.04,158.7
306.05,156.2
306.07,151.1
306.09,145.9
306.1,143.4
306.12,138.3
306.14,133.7
306.15,131.5
306.17,127.6
306.19,124.5
306.2,123.3
306.22,121.6
306.24,121.0
306.25,121.2
306.27,122.5
306.29,125.2
306.3,127.0
306.32,131.9
306.33,134.9
306.35,142.0
306.37,150.6
306.38,155.4
306.4,166.0
306.42,177.9
306.43,184.3
306.45,197.7
306.47,212.0
306.48,219.3
306.5,234.3
306.52,249.6
306.53,257.1
306.55,272.1
306.57,286.5
306.58,293.4
306.6,306.5
306.62,318.4
306.63,323.8
306.65,333.4
306.66,337.6
306.68,344.6
306.7,349.8
306.71,351.7
306.73,354.1
306.75,354.8
306.76,354.5
306.78,352.8
306.8,349.9
306.81,348.1
306.83,343.9
306.85,339.2
306.86,336.9
306.88,332.4
306.9,328.6
306.91,327.0
306.93,324.9
306.95,324.5
306.96,325.1
306.98,327.9
307.0,333.4
307.01,337.2
307.03,347.0
307.04,353.1
307.06,367.8
307.08,385.9
307.09,396.3
307.11,419.7
307.13,446.7
307.14,461.6
307.16,493.9
307.18,529.9
307.19,549.2
307.21,590.6
307.23,635.6
307.24,659.4
307.26,710.0
307.28,764.4
307.29,793.2
307.31,853.8
307.33,918.8
307.34,953.1
307.36,1025.0
307.38,1103.0
307.39,1144.0
307.41,1230.0
307.42,1275.0
307.44,1370.0
307.46,1471.0
307.47,1524.0
307.49,1635.0
307.51,1752.0
307.52,1813.0
307.54,1939.0
307.56,2069.0
307.57,2137.0
307.59,2273.0
307.61,2412.0
307.62,2482.0
307.64,2622.0
307.66,2761.0
307.67,2829.0
307.69,2962.0
307.71,3089.0
307.72,3149.0
307.74,3263.0
307.76,3367.0
307.77,3414.0
307.79,3499.0
307.8,3536.0
307.82,3600.0
307.84,3648.0
307.85,3667.0
307.87,3692.0
307.89,3701.0
307.9,3701.0
307.92,3688.0
307.94,3663.0
307.95,3646.0
307.97,3603.0
307.99,3550.0
308.0,3520.0
308.02,3456.0
308.04,3386.0
308.05,3349.0
308.07,3273.0
308.09,3195.0
308.1,3155.0
308.12,3075.0
308.13,3035.0
308.15,2955.0
308.17,2875.0
308.18,2835.0
308.2,2755.0
308.22,2676.0
308.23,2636.0
308.25,2556.0
308.27,2475.0
308.28,2435.0
308.3,2353.0
308.32,2269.0
308.33,2227.0
308.35,2142.0
308.37,2056.0
308.38,2013.0
308.4,1927.0
308.42,1841.0
308.43,1799.0
308.45,1716.0
308.47,1636.0
308.48,1598.0
308.5,1524.0
308.51,1490.0
308.53,1425.0
308.55,1368.0
308.56,1343.0
308.58,1297.0
308.6,1261.0
308.61,1246.0
308.63,1224.0
308.65,1210.0
308.66,1207.0
308.68,1207.0
308.7,1215.0
308.71,1222.0
308.73,1243.0
308.75,1270.0
308.76,1286.0
308.78,1323.0
308.8,1366.0
308.81,1389.0
308.83,1440.0
308.85,1495.0
308.86,1525.0
308.88,1588.0
308.89,1621.0
308.91,1691.0
308.93,1766.0
308.94,1806.0
308.96,1890.0
308.98,1980.0
308.99,2027.0
309.01,2126.0
309.03,2232.0
309.04,2287.0
309.06,2402.0
309.08,2522.0
309.09,2584.0
309.11,2710.0
309.13,2839.0
309.14,2903.0
309.16,3031.0
309.18,3156.0
309.19,3217.0
309.21,3333.0
309.23,3439.0
309.24,3488.0
309.26,3575.0
309.27,3613.0
309.29,3676.0
309.31,3719.0
309.32,3733.0
309.34,3745.0
309.36,3734.0
309.37,3720.0
309.39,3675.0
309.41,3607.0
309.42,3565.0
309.44,3464.0
309.46,3345.0
309.47,3279.0
309.49,3134.0
309.51,2976.0
309.52,2893.0
309.54,2719.0
309.56,2540.0
309.57,2449.0
309.59,2265.0
309.6,2173.0
309.62,1991.0
309.64,1814.0
309.65,1727.0
309.67,1559.0
309.69,1400.0
309.7,1325.0
309.72,1181.0
309.74,1048.0
309.75,985.5
309.77,869.5
309.79,764.7
309.8,716.5
309.82,628.1
309.84,550.0
309.85,514.5
309.87,450.5
309.89,395.0
309.9,370.2
309.92,326.0
309.94,288.4
309.95,271.8
309.97,242.7
309.98,230.1
310.0,208.1
310.02,190.2
310.03,182.6
310.05,169.9
310.07,160.2
310.08,156.3
310.1,150.4
310.12,146.8
310.13,145.7
310.15,145.0
310.17,146.0
310.18,147.1
310.2,150.4
310.22,155.1
310.23,157.9
310.25,164.3
310.27,171.7
310.28,175.7
310.3,184.3
310.32,193.5
310.33,198.2
310.35,208.0
310.36,213.0
310.38,223.0
310.4,232.8
310.41,237.6
310.43,247.0
310.45,255.8
310.46,259.9
310.48,267.5
310.5,274.1
310.51,277.0
310.53,281.9
310.55,285.5
310.56,286.8
310.58,288.3
310.6,288.3
310.61,287.8
310.63,285.6
310.65,282.0
310.66,279.7
310.68,274.0
310.7,267.1
310.71,263.2
310.73,254.6
310.74,250.0
310.76,240.1
310.78,229.5
310.79,224.0
310.81,212.7
310.83,201.1
310.84,195.3
310.86,183.7
310.88,172.2
310.89,166.6
310.91,155.6
310.93,145.1
310.94,140.0
310.96,130.4
310.98,121.4
310.99,117.1
311.01,109.2
311.03,101.9
311.04,98.53
311.06,92.33
311.07,89.47
311.09,84.25
311.11,79.62
311.12,77.52
311.14,73.69
311.16,70.32
311.17,68.79
311.19,66.01
311.21,63.55
311.22,62.42
311.24,60.36
311.26,58.52
311.27,57.68
311.29,56.12
311.31,54.74
311.32,54.11
311.34,52.98
311.36,52.03
311.37,51.63
311.39,50.97
311.41,50.53
311.42,50.41
311.44,50.35
311.45,50.43
311.47,50.82
311.49,51.53
311.5,52.02
311.52,53.26
311.54,54.86
311.55,55.8
311.57,57.97
311.59,60.5
311.6,61.9
311.62,64.95
311.64,68.32
311.65,70.11
311.67,73.88
311.69,77.86
311.7,79.92
311.72,84.1
311.74,88.35
311.75,90.47
311.77,94.67
311.79,98.76
311.8,100.7
311.82,104.5
311.83,106.3
311.85,109.6
311.87,112.5
311.88,113.8
311.9,116.0
311.92,117.6
311.93,118.3
311.95,119.1
311.97,119.3
311.98,119.2
312.0,118.6
312.02,117.3
312.03,116.4
312.05,114.3
312.07,111.6
312.08,110.1
312.1,106.7
312.12,102.9
312.13,100.8
312.15,96.46
312.16,94.18
312.18,89.46
312.2,84.57
312.21,82.09
312.23,77.08
312.25,72.09
312.26,69.62
312.28,64.77
312.3,60.11
312.31,57.87
312.33,53.61
312.35,49.7
312.36,47.91
312.38,44.67
312.4,41.97
312.41,40.85
312.43,39.11
312.45,38.15
312.46,37.98
312.48,38.38
312.5,39.86
312.51,41.05
312.53,44.45
312.54,46.72
312.56,52.5
312.58,60.16
312.59,64.78
312.61,75.78
312.63,89.39
312.64,97.28
312.66,115.4
312.68,137.1
312.69,149.3
312.71,176.9
312.73,208.9
312.74,226.7
312.76,265.9
312.78,310.3
312.79,334.5
312.81,387.0
312.83,445.0
312.84,476.1
312.86,542.2
312.88,613.5
312.89,651.0
312.91,729.1
312.92,769.7
312.94,853.3
312.96,939.4
312.97,983.1
312.99,1071.0
313.01,1159.0
313.02,1202.0
313.04,1286.0
313.06,1367.0
313.07,1405.0
313.09,1477.0
313.11,1541.0
313.12,1570.0
313.14,1621.0
313.16,1661.0
313.17,1677.0
313.19,1701.0
313.21,1712.0
313.22,1712.0
313.24,1705.0
313.26,1685.0
313.27,1671.0
313.29,1633.0
313.3,1610.0
313.32,1557.0
313.34,1495.0
313.35,1461.0
313.37,1387.0
313.39,1307.0
313.4,1266.0
313.42,1181.0
313.44,1093.0
313.45,1049.0
313.47,960.7
313.49,873.7
313.5,831.0
313.52,747.7
313.54,668.0
313.55,629.8
313.57,556.8
313.59,489.0
313.6,457.0
313.62,397.3
313.63,369.4
313.65,318.0
313.67,271.9
313.68,250.9
313.7,212.5
313.72,179.0
313.73,164.0
313.75,137.0
313.77,113.9
313.78,103.7
313.8,85.64
313.82,70.55
313.83,63.98
313.85,52.6
313.87,43.28
313.88,39.3
313.9,32.56
313.92,27.21
313.93,25.0
313.95,21.37
313.97,18.68
313.98,17.63
314.0,16.09
314.01,15.55
314.03,14.9
314.05,14.76
314.06,14.85
314.08,15.34
314.1,16.18
314.11,16.72
314.13,18.02
314.15,19.57
314.16,20.44
314.18,22.32
314.2,24.39
314.21,25.48
314.23,27.75
314.25,30.13
314.26,31.35
314.28,33.81
314.3,36.3
314.31,37.54
314.33,40.0
314.35,42.4
314.36,43.57
314.38,45.84
314.39,46.93
314.41,49.0
314.43,50.93
314.44,51.83
314.46,53.52
314.48,55.03
314.49,55.73
314.51,56.99
314.53,58.09
314.54,58.59
314.56,59.47
314.58,60.22
314.59,60.55
314.61,61.14
314.63,61.64
314.64,61.86
314.66,62.25
314.68,62.6
314.69,62.76
314.71,63.07
314.73,63.36
314.74,63.5
314.76,63.79
314.77,63.94
314.79,64.25
314.81,64.59
314.82,64.77
314.84,65.18
314.86,65.64
314.87,65.91
314.89,66.5
314.91,67.21
314.92,67.62
314.94,68.55
314.96,69.66
314.97,70.29
314.99,71.74
315.01,73.45
315.02,74.42
315.04,76.6
315.06,79.12
315.07,80.51
315.09,83.61
315.1,85.31
315.12,89.03
315.14,93.19
315.15,95.43
315.17,100.3
315.19,105.6
315.2,108.4
315.22,114.5
315.24,121.0
315.25,124.4
315.27,131.7
315.29,139.6
315.3,143.7
315.32,152.4
315.34,161.8
315.35,166.8
315.37,177.3
315.39,188.8
315.4,194.9
315.42,207.9
315.44,222.2
315.45,229.8
315.47,246.3
315.48,255.1
315.5,274.2
315.52,295.2
315.53,306.6
315.55,330.9
315.57,357.6
315.58,371.9
315.6,402.4
315.62,435.6
315.63,453.1
315.65,490.1
315.67,529.6
315.68,550.2
315.7,593.0
315.72,637.8
315.73,660.7
315.75,707.6
315.77,755.2
315.78,779.2
315.8,827.1
315.82,874.5
315.83,897.8
315.85,943.1
315.86,965.0
315.88,1007.0
315.9,1046.0
315.91,1064.0
315.93,1097.0
315.95,1126.0
315.96,1139.0
315.98,1161.0
316.0,1177.0
316.01,1184.0
316.03,1192.0
316.05,1196.0
316.06,1196.0
316.08,1191.0
316.1,1182.0
316.11,1175.0
316.13,1158.0
316.15,1138.0
316.16,1126.0
316.18,1099.0
316.2,1069.0
316.21,1053.0
316.23,1019.0
316.24,1001.0
316.26,963.7
316.28,924.8
316.29,904.8
316.31,864.3
316.33,823.2
316.34,802.6
316.36,761.5
316.38,720.8
316.39,700.8
316.41,661.5
316.43,623.6
316.44,605.3
316.46,570.1
316.48,537.1
316.49,521.6
316.51,492.4
316.53,466.0
316.54,453.9
316.56,432.1
316.57,422.3
316.59,405.2
316.61,391.3
316.62,385.5
316.64,376.2
316.66,369.7
316.67,367.5
316.69,365.0
316.71,364.8
316.72,365.4
316.74,367.8
316.76,371.5
316.77,373.7
316.79,378.6
316.81,383.7
316.82,386.2
316.84,390.8
316.86,394.5
316.87,396.0
316.89,397.9
316.91,398.2
316.92,397.7
316.94,395.2
316.95,393.2
316.97,387.6
316.99,380.0
317.0,375.4
317.02,364.7
317.04,352.1
317.05,345.2
317.07,330.2
317.09,313.9
317.1,305.3
317.12,287.5
317.14,269.1
317.15,259.8
317.17,241.2
317.19,222.7
317.2,213.7
317.22,196.1
317.24,179.5
317.25,171.7
317.27,157.0
317.29,144.0
317.3,138.1
317.32,128.0
317.33,123.8
317.35,117.1
317.37,113.0
317.38,112.0
317.4,112.3
317.42,115.8
317.43,118.8
317.45,127.6
317.47,140.3
317.48,148.2
317.5,167.4
317.52,191.2
317.53,204.9
317.55,236.2
317.57,272.8
317.58,293.1
317.6,338.0
317.62,388.6
317.63,416.1
317.65,475.2
317.67,539.9
317.68,574.2
317.7,646.7
317.71,684.7
317.73,763.9
317.75,846.7
317.76,889.2
317.78,975.8
317.8,1064.0
317.81,1108.0
317.83,1195.0
317.85,1281.0
317.86,1323.0
317.88,1404.0
317.9,1479.0
317.91,1514.0
317.93,1579.0
317.95,1636.0
317.96,1661.0
317.98,1703.0
318.0,1734.0
318.01,1746.0
318.03,1760.0
318.04,1763.0
318.06,1759.0
318.08,1744.0
318.09,1732.0
318.11,1700.0
318.13,1658.0
318.14,1633.0
318.16,1577.0
318.18,1513.0
318.19,1478.0
318.21,1404.0
318.23,1326.0
318.24,1285.0
318.26,1202.0
318.28,1118.0
318.29,1075.0
318.31,990.6
318.33,907.5
318.34,866.8
318.36,787.6
318.38,711.9
318.39,675.7
318.41,606.5
318.42,573.7
318.44,511.9
318.46,455.2
318.47,428.9
318.49,380.3
318.51,336.9
318.52,317.2
318.54,281.5
318.56,250.6
318.57,237.0
318.59,213.0
318.61,193.2
318.62,184.8
318.64,170.8
318.66,160.3
318.67,156.3
318.69,150.6
318.71,147.8
318.72,147.3
318.74,148.4
318.76,151.8
318.77,154.4
318.79,161.0
318.8,165.0
318.82,174.4
318.84,185.4
318.85,191.6
318.87,204.8
318.89,219.4
318.9,227.1
318.92,243.3
318.94,260.3
318.95,269.1
318.97,287.1
318.99,305.5
319.0,314.8
319.02,333.6
319.04,352.4
319.05,361.7
319.07,380.3
319.09,398.5
319.1,407.5
319.12,425.2
319.14,442.4
319.15,450.8
319.17,467.4
319.18,475.6
319.2,491.6
319.22,507.4
319.23,515.2
319.25,530.8
319.27,546.4
319.28,554.2
319.3,570.0
319.32,586.1
319.33,594.3
319.35,610.9
319.37,627.9
319.38,636.6
319.4,654.1
319.42,671.8
319.43,680.7
319.45,698.5
319.47,716.2
319.48,724.8
319.5,741.8
319.51,749.9
319.53,765.6
319.55,780.2
319.56,787.1
319.58,799.6
319.6,810.7
319.61,815.6
319.63,824.3
319.65,831.3
319.66,834.2
319.68,839.1
319.7,842.6
319.71,844.1
319.73,846.3
319.75,848.1
319.76,848.9
319.78,850.8
319.8,853.1
319.81,854.6
319.83,858.6
319.85,864.1
319.86,867.6
319.88,876.0
319.89,881.1
319.91,893.0
319.93,907.4
319.94,915.6
319.96,933.9
319.98,954.6
319.99,965.8
320.01,989.8
320.03,1016.0
320.04,1029.0
320.06,1057.0
320.08,1086.0
320.09,1100.0
320.11,1129.0
320.13,1157.0
320.14,1171.0
320.16,1197.0
320.18,1221.0
320.19,1232.0
320.21,1252.0
320.23,1269.0
320.24,1276.0
320.26,1286.0
320.27,1290.0
320.29,1293.0
320.31,1291.0
320.32,1289.0
320.34,1279.0
320.36,1264.0
320.37,1254.0
320.39,1231.0
320.41,1202.0
320.42,1186.0
320.44,1149.0
320.46,1109.0
320.47,1087.0
320.49,1040.0
320.51,990.1
320.52,964.1
320.54,910.4
320.56,855.0
320.57,826.9
320.59,770.2
320.61,713.4
320.62,685.1
320.64,629.4
320.65,602.1
320.67,548.7
320.69,497.6
320.7,472.9
320.72,425.8
320.74,381.7
320.75,360.9
320.77,321.9
320.79,286.4
320.8,270.1
320.82,240.0
320.84,213.5
320.85,201.6
320.87,180.4
320.89,162.6
320.9,154.9
320.92,141.9
320.94,131.8
320.95,127.9
320.97,122.1
320.98,120.1
321.0,118.2
321.02,118.8
321.03,120.0
321.05,124.2
321.07,130.8
321.08,134.9
321.1,145.1
321.12,157.8
321.13,165.1
321.15,181.7
321.17,201.3
321.18,212.2
321.2,236.5
321.22,264.2
321.23,279.5
321.25,312.9
321.27,350.5
321.28,370.9
321.3,415.1
321.32,464.0
321.33,490.2
321.35,546.4
321.36,576.2
321.38,639.6
321.4,707.7
321.41,743.4
321.43,818.1
321.45,896.5
321.46,937.0
321.48,1020.0
321.5,1105.0
321.51,1148.0
321.53,1234.0
321.55,1320.0
321.56,1363.0
321.58,1446.0
321.6,1525.0
321.61,1563.0
321.63,1634.0
321.65,1699.0
321.66,1728.0
321.68,1780.0
321.7,1823.0
321.71,1840.0
321.73,1867.0
321.74,1876.0
321.76,1886.0
321.78,1885.0
321.79,1880.0
321.81,1861.0
321.83,1832.0
321.84,1813.0
321.86,1769.0
321.88,1716.0
321.89,1686.0
321.91,1622.0
321.93,1553.0
321.94,1516.0
321.96,1440.0
321.98,1363.0
321.99,1323.0
322.01,1245.0
322.03,1167.0
322.04,1129.0
322.06,1056.0
322.07,1020.0
322.09,952.3
322.11,889.1
322.12,859.5
322.14,804.3
322.16,754.7
322.17,732.1
322.19,691.1
322.21,655.6
322.22,639.9
322.24,612.3
322.26,589.6
322.27,579.9
322.29,563.5
322.31,550.8
322.32,545.8
322.34,537.8
322.36,532.5
322.37,530.7
322.39,528.6
322.41,528.4
322.42,528.9
322.44,531.1
322.45,532.8
322.47,537.3
322.49,543.4
322.5,547.1
322.52,555.7
322.54,566.4
322.55,572.5
322.57,586.6
322.59,603.2
322.6,612.7
322.62,633.8
322.64,658.3
322.65,671.8
322.67,701.7
322.69,735.3
322.7,753.6
322.72,793.2
322.74,836.6
322.75,859.8
322.77,908.9
322.79,961.6
322.8,989.2
322.82,1047.0
322.83,1076.0
322.85,1138.0
322.87,1201.0
322.88,1233.0
322.9,1298.0
322.92,1364.0
322.93,1397.0
322.95,1463.0
322.97,1529.0
322.98,1561.0
323.0,1625.0
323.02,1688.0
323.03,1718.0
323.05,1778.0
323.07,1837.0
323.08,1866.0
323.1,1922.0
323.12,1976.0
323.13,2003.0
323.15,2057.0
323.17,2109.0
323.18,2136.0
323.2,2188.0
323.21,2215.0
323.23,2268.0
323.25,2323.0
323.26,2351.0
323.28,2408.0
323.3,2466.0
323.31,2495.0
323.33,2556.0
323.35,2617.0
323.36,2649.0
323.38,2711.0
323.4,2774.0
323.41,2805.0
323.43,2867.0
323.45,2927.0
323.46,2956.0
323.48,3012.0
323.5,3064.0
323.51,3089.0
323.53,3134.0
323.54,3155.0
323.56,3191.0
323.58,3222.0
323.59,3234.0
323.61,3255.0
323.63,3269.0
323.64,3274.0
323.66,3278.0
323.68,3277.0
323.69,3274.0
323.71,3265.0
323.73,3253.0
323.74,3245.0
323.76,3229.0
323.78,3211.0
323.79,3202.0
323.81,3186.0
323.83,3171.0
323.84,3164.0
323.86,3154.0
323.88,3149.0
323.89,3148.0
323.91,3151.0
323.92,3155.0
323.94,3168.0
323.96,3187.0
323.97,3200.0
323.99,3229.0
324.01,3264.0
324.02,3284.0
324.04,3327.0
324.06,3374.0
324.07,3398.0
324.09,3448.0
324.11,3497.0
324.12,3521.0
324.14,3567.0
324.16,3607.0
324.17,3625.0
324.19,3655.0
324.21,3675.0
324.22,3681.0
324.24,3684.0
324.26,3673.0
324.27,3662.0
324.29,3629.0
324.3,3607.0
324.32,3551.0
324.34,3480.0
324.35,3439.0
324.37,3345.0
324.39,3238.0
324.4,3179.0
324.42,3053.0
324.44,2918.0
324.45,2847.0
324.47,2699.0
324.49,2547.0
324.5,2470.0
324.52,2314.0
324.54,2158.0
324.55,2081.0
324.57,1930.0
324.59,1783.0
324.6,1713.0
324.62,1577.0
324.64,1449.0
324.65,1389.0
324.67,1276.0
324.68,1224.0
324.7,1127.0
324.72,1041.0
324.73,1002.0
324.75,931.4
324.77,871.7
324.78,845.6
324.8,800.6
324.82,764.8
324.83,750.1
324.85,726.8
324.87,711.0
324.88,705.8
324.9,700.1
324.92,700.6
324.93,702.9
324.95,711.5
324.97,725.2
324.98,733.7
325.0,754.3
325.01,766.2
325.03,793.1
325.05,824.1
325.06,841.1
325.08,878.1
325.1,918.7
325.11,940.4
325.13,986.3
325.15,1035.0
325.16,1061.0
325.18,1114.0
325.2,1170.0
325.21,1198.0
325.23,1256.0
325.25,1315.0
325.26,1344.0
325.28,1402.0
325.3,1458.0
325.31,1485.0
325.33,1537.0
325.35,1585.0
325.36,1607.0
325.38,1648.0
325.39,1665.0
325.41,1696.0
325.43,1718.0
325.44,1727.0
325.46,1737.0
325.48,1738.0
325.49,1735.0
325.51,1723.0
325.53,1702.0
325.54,1688.0
325.56,1653.0
325.58,1611.0
325.59,1587.0
325.61,1534.0
325.63,1475.0
325.64,1443.0
325.66,1377.0
325.68,1307.0
325.69,1272.0
325.71,1199.0
325.73,1127.0
325.74,1091.0
325.76,1020.0
325.77,985.9
325.79,919.4
325.81,856.7
325.82,827.0
325.84,771.5
325.86,721.6
325.87,698.9
325.89,658.0
325.91,623.4
325.92,608.5
325.94,583.5
325.96,564.7
325.97,557.6
325.99,547.6
326.01,543.1
326.02,542.8
326.04,545.5
326.06,552.5
326.07,557.3
326.09,569.4
326.11,584.2
326.12,592.5
326.14,610.2
326.15,619.5
326.17,638.8
326.19,658.5
326.2,668.3
326.22,687.6
326.24,706.2
326.25,715.0
326.27,731.6
326.29,746.5
326.3,753.2
326.32,765.0
326.34,774.5
326.35,778.3
326.37,784.1
326.39,787.1
326.4,787.6
326.42,786.5
326.44,782.6
326.45,779.6
326.47,771.5
326.48,766.4
326.5,754.1
326.52,739.3
326.53,730.9
326.55,712.3
326.57,691.5
326.58,680.3
326.6,656.4
326.62,630.8
326.63,617.5
326.65,589.8
326.67,561.2
326.68,546.6
326.7,517.1
326.72,487.4
326.73,472.6
326.75,443.3
326.77,414.7
326.78,400.7
326.8,373.7
326.82,348.1
326.83,335.9
326.85,312.9
326.86,302.1
326.88,282.1
326.9,264.3
326.91,256.2
326.93,241.8
326.95,229.7
326.96,224.4
326.98,215.7
327.0,209.0
327.01,206.4
327.03,202.5
327.05,200.4
327.06,199.9
327.08,199.8
327.1,200.8
327.11,201.7
327.13,203.9
327.15,206.6
327.16,208.0
327.18,211.0
327.2,213.8
327.21,215.2
327.23,217.6
327.24,218.6
327.26,220.3
327.28,221.3
327.29,221.6
327.31,221.6
327.33,220.9
327.34,220.3
327.36,218.7
327.38,216.6
327.39,215.4
327.41,212.8
327.43,209.9
327.44,208.5
327.46,205.6
327.48,202.9
327.49,201.7
327.51,199.6
327.53,198.0
327.54,197.5
327.56,197.0
327.58,197.4
327.59,197.9
327.61,199.5
327.62,200.7
327.64,203.8
327.66,207.7
327.67,210.0
327.69,215.2
327.71,221.1
327.72,224.2
327.74,231.0
327.76,238.1
327.77,241.7
327.79,249.2
327.81,256.6
327.82,260.2
327.84,267.4
327.86,274.1
327.87,277.3
327.89,283.1
327.91,288.3
327.92,290.7
327.94,294.6
327.95,296.3
327.97,299.0
327.99,300.8
328.0,301.4
328.02,301.9
328.04,301.7
328.05,301.3
328.07,300.2
328.09,298.8
328.1,297.9
328.12,296.4
328.14,295.1
328.15,294.7
328.17,294.5
328.19,295.8
328.2,297.2
328.22,301.6
328.24,309.1
328.25,314.2
328.27,327.8
328.29,346.8
328.3,358.8
328.32,388.2
328.33,406.1
328.35,449.3
328.37,503.8
328.38,535.8
328.4,610.7
328.42,701.8
328.43,754.2
328.45,873.9
328.47,1016.0
328.48,1095.0
328.5,1274.0
328.52,1481.0
328.53,1595.0
328.55,1847.0
328.57,2132.0
328.58,2286.0
328.6,2621.0
328.62,2990.0
328.63,3188.0
328.65,3608.0
328.67,4060.0
328.68,4297.0
328.7,4793.0
328.71,5051.0
328.73,5582.0
328.75,6130.0
328.76,6409.0
328.78,6973.0
328.8,7537.0
328.81,7817.0
328.83,8368.0
328.85,8900.0
328.86,9156.0
328.88,9643.0
328.9,10090.0
328.91,10290.0
328.93,10670.0
328.95,10980.0
328.96,11110.0
328.98,11320.0
329.0,11460.0
329.01,11500.0
329.03,11530.0
329.05,11480.0
329.06,11430.0
329.08,11260.0
329.09,11160.0
329.11,10890.0
329.13,10560.0
329.14,10370.0
329.16,9955.0
329.18,9494.0
329.19,9248.0
329.21,8731.0
329.23,8189.0
329.24,7910.0
329.26,7345.0
329.28,6775.0
329.29,6491.0
329.31,5928.0
329.33,5377.0
329.34,5109.0
329.36,4589.0
329.38,4094.0
329.39,3857.0
329.41,3407.0
329.42,3194.0
329.44,2794.0
329.46,2427.0
329.47,2256.0
329.49,1941.0
329.51,1658.0
329.52,1529.0
329.54,1294.0
329.56,1087.0
329.57,994.1
329.59,827.2
329.61,683.8
329.62,620.2
329.64,507.7
329.66,413.0
329.67,371.5
329.69,299.3
329.71,239.6
329.72,213.9
329.74,169.7
329.76,133.9
329.77,118.7
329.79,92.86
329.8,82.01
329.82,63.76
329.84,49.42
329.85,43.47
329.87,33.63
329.89,26.05
329.9,22.96
329.92,17.93
329.94,14.16
329.95,12.65
329.97,10.26
329.99,8.538
330.0,7.877
330.02,6.878
330.04,6.225
330.05,6.002
330.07,5.724
330.09,5.626
330.1,5.633
330.12,5.739
330.14,5.951
330.15,6.091
330.17,6.432
330.18,6.632
330.2,7.086
330.22,7.613
330.23,7.904
330.25,8.542
330.27,9.257
330.28,9.646
330.3,10.49
330.32,11.42
330.33,11.93
330.35,13.02
330.37,14.22
330.38,14.86
330.4,16.25
330.42,17.76
330.43,18.57
330.45,20.31
330.47,22.2
330.48,23.2
330.5,25.34
330.52,27.66
330.53,28.9
330.55,31.5
330.56,32.89
330.58,35.81
330.6,38.96
330.61,40.63
330.63,44.16
330.65,47.95
330.66,49.96
330.68,54.21
330.7,58.79
330.71,61.22
330.73,66.35
330.75,71.9
330.76,74.84
330.78,81.07
330.8,87.8
330.81,91.37
330.83,98.93
330.85,107.1
330.86,111.4
330.88,120.5
330.89,125.3
330.91,135.3
330.93,146.1
330.94,151.7
330.96,163.4
330.98,175.8
330.99,182.2
331.01,195.3
331.03,208.9
331.04,215.9
331.06,230.0
331.08,244.3
331.09,251.5
331.11,265.7
331.13,279.7
331.14,286.6
331.16,300.0
331.18,312.6
331.19,318.6
331.21,329.9
331.23,340.0
331.24,344.5
331.26,352.6
331.27,356.0
331.29,361.7
331.31,365.7
331.32,367.0
331.34,368.4
331.36,367.9
331.37,367.1
331.39,364.0
331.41,359.3
331.42,356.3
331.44,349.3
331.46,340.9
331.47,336.3
331.49,326.3
331.51,315.4
331.52,309.7
331.54,297.9
331.56,285.8
331.57,279.7
331.59,267.5
331.61,255.5
331.62,249.6
331.64,238.3
331.65,232.9
331.67,222.6
331.69,213.3
331.7,209.0
331.72,201.4
331.74,195.0
331.75,192.3
331.77,187.9
331.79,185.1
331.8,184.3
331.82,183.9
331.84,185.2
331.85,186.5
331.87,190.5
331.89,196.3
331.9,199.8
331.92,208.4
331.94,218.8
331.95,224.7
331.97,237.9
331.99,252.9
332.0,261.0
332.02,278.4
332.03,287.7
332.05,307.4
332.07,328.3
332.08,339.1
332.1,361.5
332.12,384.4
332.13,396.1
332.15,419.5
332.17,442.7
332.18,454.1
332.2,476.5
332.22,497.8
332.23,507.9
332.25,527.0
332.27,544.2
332.28,552.0
332.3,565.9
332.32,577.2
332.33,581.9
332.35,589.1
332.36,591.7
332.38,594.7
332.4,594.8
332.41,593.9
332.43,589.9
332.45,583.6
332.46,579.5
332.48,569.9
332.5,558.5
332.51,552.2
332.53,538.9
332.55,524.7
332.56,517.4
332.58,502.8
332.6,488.3
332.61,481.3
332.63,467.8
332.65,455.3
332.66,449.6
332.68,439.2
332.7,430.5
332.71,426.8
332.73,420.8
332.74,418.5
332.76,415.3
332.78,413.9
332.79,413.9
332.81,415.0
332.83,417.7
332.84,419.6
332.86,424.1
332.88,429.6
332.89,432.7
332.91,439.1
332.93,445.8
332.94,449.2
332.96,455.8
332.98,462.1
332.99,465.1
333.01,470.5
333.03,475.1
333.04,477.0
333.06,480.1
333.08,482.2
333.09,482.8
333.11,483.3
333.12,483.1
333.14,481.9
333.16,479.7
333.17,478.3
333.19,474.9
333.21,470.7
333.22,468.4
333.24,463.5
333.26,458.1
333.27,455.4
333.29,449.7
333.31,443.9
333.32,441.1
333.34,435.4
333.36,429.9
333.37,427.3
333.39,422.1
333.41,417.3
333.42,414.9
333.44,410.5
333.45,408.4
333.47,404.5
333.49,400.8
333.5,399.1
333.52,395.9
333.54,393.0
333.55,391.7
333.57,389.4
333.59,387.6
333.6,386.9
333.62,385.9
333.64,385.6
333.65,385.8
333.67,387.0
333.69,389.4
333.7,391.0
333.72,395.6
333.74,401.8
333.75,405.7
333.77,415.0
333.79,426.6
333.8,433.3
333.82,448.7
333.83,457.5
333.85,477.0
333.87,499.4
333.88,511.6
333.9,538.2
333.92,567.5
333.93,583.0
333.95,616.0
333.97,651.0
333.98,669.1
334.0,706.5
334.02,744.9
334.03,764.2
334.05,803.1
334.07,841.4
334.08,860.3
334.1,896.8
334.12,931.4
334.13,947.8
334.15,978.3
334.17,1006.0
334.18,1018.0
334.2,1039.0
334.21,1049.0
334.23,1064.0
334.25,1075.0
334.26,1079.0
334.28,1083.0
334.3,1084.0
334.31,1084.0
334.33,1080.0
334.35,1074.0
334.36,1071.0
334.38,1063.0
334.4,1055.0
334.41,1052.0
334.43,1047.0
334.45,1045.0
334.46,1046.0
334.48,1051.0
334.5,1062.0
334.51,1070.0
334.53,1093.0
334.55,1125.0
334.56,1145.0
334.58,1192.0
334.59,1219.0
334.61,1283.0
334.63,1358.0
334.64,1400.0
334.66,1492.0
334.68,1595.0
334.69,1650.0
334.71,1768.0
334.73,1894.0
334.74,1960.0
334.76,2096.0
334.78,2235.0
334.79,2306.0
334.81,2448.0
334.83,2588.0
334.84,2657.0
334.86,2790.0
334.88,2916.0
334.89,2975.0
334.91,3084.0
334.92,3134.0
334.94,3222.0
334.96,3293.0
334.97,3322.0
334.99,3366.0
335.01,3389.0
335.02,3393.0
335.04,3386.0
335.06,3358.0
335.07,3336.0
335.09,3278.0
335.11,3201.0
335.12,3155.0
335.14,3052.0
335.16,2934.0
335.17,2870.0
335.19,2732.0
335.21,2586.0
335.22,2509.0
335.24,2352.0
335.26,2191.0
335.27,2110.0
335.29,1947.0
335.3,1866.0
335.32,1707.0
335.34,1552.0
335.35,1476.0
335.37,1330.0
335.39,1192.0
335.4,1127.0
335.42,1002.0
335.44,887.9
335.45,834.5
335.47,735.8
335.49,647.9
335.5,608.0
335.52,536.4
335.54,475.5
335.55,449.1
335.57,404.0
335.59,369.4
335.6,355.8
335.62,336.2
335.64,326.4
335.65,325.1
335.67,329.7
335.68,335.6
335.7,354.2
335.72,382.2
335.73,399.6
335.75,441.3
335.77,492.1
335.78,520.8
335.8,584.9
335.82,657.7
335.83,697.3
335.85,782.5
335.87,875.6
335.88,924.9
335.9,1029.0
335.92,1139.0
335.93,1196.0
335.95,1313.0
335.97,1434.0
335.98,1495.0
336.0,1619.0
336.02,1743.0
336.03,1805.0
336.05,1926.0
336.06,1985.0
336.08,2100.0
336.1,2208.0
336.11,2259.0
336.13,2354.0
336.15,2438.0
336.16,2476.0
336.18,2542.0
336.2,2594.0
336.21,2615.0
336.23,2645.0
336.25,2660.0
336.26,2661.0
336.28,2652.0
336.3,2628.0
336.31,2610.0
336.33,2563.0
336.35,2503.0
336.36,2467.0
336.38,2388.0
336.39,2344.0
336.41,2249.0
336.43,2146.0
336.44,2091.0
336.46,1978.0
336.48,1861.0
336.49,1801.0
336.51,1680.0
336.53,1560.0
336.54,1500.0
336.56,1382.0
336.58,1268.0
336.59,1213.0
336.61,1107.0
336.63,1007.0
336.64,959.9
336.66,871.9
336.68,792.6
336.69,756.4
336.71,691.2
336.73,636.2
336.74,612.6
336.76,573.3
336.77,557.8
336.79,535.0
336.81,523.5
336.82,521.9
336.84,527.5
336.86,544.5
336.87,557.3
336.89,591.5
336.91,637.1
336.92,664.1
336.94,726.4
336.96,799.4
336.97,839.8
336.99,928.0
337.01,1026.0
337.02,1078.0
337.04,1188.0
337.06,1305.0
337.07,1365.0
337.09,1490.0
337.11,1619.0
337.12,1684.0
337.14,1815.0
337.15,1880.0
337.17,2008.0
337.19,2133.0
337.2,2194.0
337.22,2309.0
337.24,2416.0
337.25,2465.0
337.27,2555.0
337.29,2633.0
337.3,2666.0
337.32,2721.0
337.34,2759.0
337.35,2773.0
337.37,2786.0
337.39,2782.0
337.4,2774.0
337.42,2744.0
337.44,2698.0
337.45,2669.0
337.47,2600.0
337.49,2517.0
337.5,2471.0
337.52,2371.0
337.53,2317.0
337.55,2203.0
337.57,2083.0
337.58,2021.0
337.6,1894.0
337.62,1766.0
337.63,1701.0
337.65,1574.0
337.67,1449.0
337.68,1388.0
337.7,1270.0
337.72,1157.0
337.73,1104.0
337.75,1003.0
337.77,909.6
337.78,866.3
337.8,786.4
337.82,715.7
337.83,683.9
337.85,627.1
337.86,602.2
337.88,559.1
337.9,524.9
337.91,511.0
337.93,489.4
337.95,475.8
337.96,471.9
337.98,469.4
338.0,473.7
338.01,478.2
338.03,491.8
338.05,511.0
338.06,522.5
338.08,549.1
338.1,580.0
338.11,596.9
338.13,633.2
338.15,672.4
338.16,692.9
338.18,735.4
338.2,779.3
338.21,801.6
338.23,846.6
338.24,869.0
338.26,913.4
338.28,956.7
338.29,977.7
338.31,1018.0
338.33,1056.0
338.34,1073.0
338.36,1106.0
338.38,1134.0
338.39,1147.0
338.41,1168.0
338.43,1185.0
338.44,1191.0
338.46,1200.0
338.48,1203.0
338.49,1202.0
338.51,1197.0
338.53,1187.0
338.54,1181.0
338.56,1163.0
338.58,1142.0
338.59,1130.0
338.61,1103.0
338.62,1088.0
338.64,1056.0
338.66,1023.0
338.67,1005.0
338.69,968.8
338.71,931.8
338.72,913.1
338.74,875.8
338.76,838.7
338.77,820.5
338.79,784.8
338.81,750.3
338.82,733.6
338.84,701.6
338.86,671.4
338.87,657.1
338.89,630.0
338.91,605.1
338.92,593.5
338.94,571.9
338.96,552.6
338.97,543.7
338.99,527.6
339.0,520.4
339.02,507.5
339.04,496.5
339.05,491.7
339.07,483.6
339.09,477.1
339.1,474.5
339.12,470.4
339.14,467.7
339.15,466.9
339.17,466.1
339.19,466.4
339.2,466.9
339.22,468.7
339.24,471.2
339.25,472.8
339.27,476.5
339.29,480.8
339.3,483.2
339.32,488.5
339.33,491.4
339.35,497.6
339.37,504.6
339.38,508.3
339.4,516.5
339.42,525.6
339.43,530.6
339.45,541.4
339.47,553.7
339.48,560.4
339.5,575.1
339.52,591.6
339.53,600.6
339.55,620.2
339.57,642.0
339.58,653.7
339.6,679.0
339.62,706.6
339.63,721.3
339.65,752.3
339.67,785.3
339.68,802.5
339.7,838.1
339.71,856.3
339.73,893.6
339.75,931.4
339.76,950.3
339.78,987.9
339.8,1024.0
339.81,1042.0
339.83,1076.0
339.85,1107.0
339.86,1122.0
339.88,1147.0
339.9,1169.0
339.91,1178.0
339.93,1192.0
339.95,1200.0
339.96,1202.0
339.98,1202.0
340.0,1195.0
340.01,1189.0
340.03,1173.0
340.05,1151.0
340.06,1138.0
340.08,1107.0
340.09,1089.0
340.11,1051.0
340.13,1008.0
340.14,985.3
340.16,937.1
340.18,886.2
340.19,859.9
340.21,806.3
340.23,751.7
340.24,724.3
340.26,669.6
340.28,615.7
340.29,589.2
340.31,537.3
340.33,487.5
340.34,463.4
340.36,417.3
340.38,374.0
340.39,353.4
340.41,314.7
340.43,279.1
340.44,262.5
340.46,231.7
340.47,217.5
340.49,191.3
340.51,168.1
340.52,157.5
340.54,138.4
340.56,121.8
340.57,114.4
340.59,101.1
340.61,89.87
340.62,84.92
340.64,76.22
340.66,68.99
340.67,65.86
340.69,60.45
340.71,56.04
340.72,54.16
340.74,50.96
340.76,48.38
340.77,47.29
340.79,45.44
340.8,44.65
340.82,43.3
340.84,42.18
340.85,41.68
340.87,40.79
340.89,40.0
340.9,39.62
340.92,38.89
340.94,38.18
340.95,37.82
340.97,37.09
340.99,36.34
341.0,35.96
341.02,35.16
341.04,34.34
341.05,33.92
341.07,33.06
341.09,32.18
341.1,31.73
341.12,30.83
341.14,29.93
341.15,29.48
341.17,28.58
341.18,28.14
341.2,27.26
341.22,26.4
341.23,25.98
341.25,25.17
341.27,24.38
341.28,23.99
341.3,23.26
341.32,22.55
341.33,22.22
341.35,21.57
341.37,20.97
341.38,20.68
341.4,20.14
341.42,19.64
341.43,19.4
341.45,18.96
341.47,18.57
341.48,18.39
341.5,18.06
341.52,17.77
341.53,17.65
341.55,17.42
341.56,17.33
341.58,17.18
341.6,17.08
341.61,17.04
341.63,17.02
341.65,17.05
341.66,17.1
341.68,17.24
341.7,17.46
341.71,17.61
341.73,18.0
341.75,18.52
341.76,18.84
341.78,19.63
341.8,20.65
341.81,21.26
341.83,22.73
341.85,24.57
341.86,25.66
341.88,28.22
341.89,29.71
341.91,33.2
341.93,37.46
341.94,39.91
341.96,45.56
341.98,52.3
341.99,56.13
342.01,64.8
342.03,74.97
342.04,80.66
342.06,93.35
342.08,107.9
342.09,116.0
342.11,133.6
342.13,153.5
342.14,164.3
342.16,187.7
342.18,213.5
342.19,227.2
342.21,256.6
342.23,288.2
342.24,304.8
342.26,339.7
342.27,357.8
342.29,395.3
342.31,434.3
342.32,454.3
342.34,494.7
342.36,535.6
342.37,556.1
342.39,596.7
342.41,636.5
342.42,655.9
342.44,693.3
342.46,728.5
342.47,745.0
342.49,775.7
342.51,802.7
342.52,814.7
342.54,835.5
342.56,851.6
342.57,857.8
342.59,866.4
342.61,869.7
342.62,869.4
342.64,864.8
342.65,860.6
342.67,848.3
342.69,831.1
342.7,820.8
342.72,796.9
342.74,769.0
342.75,753.7
342.77,720.8
342.79,685.1
342.8,666.4
342.82,627.7
342.84,587.8
342.85,567.5
342.87,526.6
342.89,485.7
342.9,465.4
342.92,425.5
342.94,386.7
342.95,367.8
342.97,331.3
342.99,296.6
343.0,280.1
343.02,248.6
343.03,233.7
343.05,205.7
343.07,179.9
343.08,168.0
343.1,145.7
343.12,125.7
343.13,116.5
343.15,99.7
343.17,84.86
343.18,78.14
343.2,66.02
343.22,55.52
343.23,50.83
343.25,42.5
343.27,35.43
343.28,32.33
343.3,26.91
343.32,22.44
343.33,20.53
343.35,17.3
343.36,15.96
343.38,13.78
343.4,12.22
343.41,11.66
343.43,10.95
343.45,10.78
343.46,10.89
343.48,11.51
343.5,12.67
343.51,13.47
343.53,15.52
343.55,18.21
343.56,19.82
343.58,23.61
343.6,28.23
343.61,30.87
343.63,36.9
343.65,43.99
343.66,47.97
343.68,56.85
343.7,67.06
343.71,72.69
343.73,85.08
343.74,91.86
343.76,106.6
343.78,123.1
343.79,132.0
343.81,151.0
343.83,171.8
343.84,182.9
343.86,206.3
343.88,231.4
343.89,244.5
343.91,271.9
343.93,300.5
343.94,315.3
343.96,345.6
343.98,376.6
343.99,392.3
344.01,423.8
344.03,455.3
344.04,470.9
344.06,501.6
344.08,531.4
344.09,545.8
344.11,573.4
344.12,586.4
344.14,611.0
344.16,633.1
344.17,643.2
344.19,661.1
344.21,675.9
344.22,682.1
344.24,691.9
344.26,698.3
344.27,700.1
344.29,701.1
344.31,698.6
344.32,696.1
344.34,688.5
344.36,677.7
344.37,671.2
344.39,656.1
344.41,638.4
344.42,628.6
344.44,607.6
344.46,584.8
344.47,572.9
344.49,548.0
344.5,535.2
344.52,509.0
344.54,482.4
344.55,469.0
344.57,442.3
344.59,415.8
344.6,402.8
344.62,377.3
344.64,352.6
344.65,340.7
344.67,317.7
344.69,296.1
344.7,285.8
344.72,266.3
344.74,248.5
344.75,240.2
344.77,224.9
344.79,211.4
344.8,205.3
344.82,194.6
344.83,189.9
344.85,181.9
344.87,175.8
344.88,173.4
344.9,170.1
344.92,168.7
344.93,168.8
344.95,170.2
344.97,173.5
344.98,175.9
345.0,182.0
345.02,189.9
345.03,194.5
345.05,205.0
345.07,217.2
345.08,223.9
345.1,238.3
345.12,254.2
345.13,262.6
345.15,280.3
345.17,298.9
345.18,308.5
345.2,328.2
345.21,338.2
345.23,358.4
345.25,378.6
345.26,388.6
345.28,408.2
345.3,427.1
345.31,436.2
345.33,453.5
345.35,469.4
345.36,476.7
345.38,490.0
345.4,501.2
345.41,506.1
345.43,514.0
345.45,519.7
345.46,521.6
345.48,523.7
345.5,523.5
345.51,522.5
345.53,519.0
345.55,513.6
345.56,510.2
345.58,502.3
345.59,497.9
345.61,488.3
345.63,478.1
345.64,472.9
345.66,462.5
345.68,452.7
345.69,448.1
345.71,439.8
345.73,433.3
345.74,430.9
345.76,427.8
345.78,427.6
345.79,428.7
345.81,433.6
345.83,442.3
345.84,448.1
345.86,463.0
345.88,482.2
345.89,493.4
345.91,519.2
345.93,549.5
345.94,566.2
345.96,602.6
345.97,622.3
345.99,664.4
346.01,709.6
346.02,733.3
346.04,782.2
346.06,832.9
346.07,858.6
346.09,910.3
346.11,961.7
346.12,987.1
346.14,1036.0
346.16,1083.0
346.17,1106.0
346.19,1147.0
346.21,1185.0
346.22,1201.0
346.24,1231.0
346.26,1254.0
346.27,1263.0
346.29,1276.0
346.3,1280.0
346.32,1282.0
346.34,1277.0
346.35,1272.0
346.37,1257.0
346.39,1234.0
346.4,1221.0
346.42,1189.0
346.44,1151.0
346.45,1131.0
346.47,1086.0
346.49,1037.0
346.5,1011.0
346.52,957.4
346.54,901.8
346.55,873.5
346.57,816.3
346.59,758.9
346.6,730.3
346.62,674.0
346.64,619.1
346.65,592.4
346.67,540.6
346.68,515.7
346.7,468.1
346.72,423.6
346.73,402.6
346.75,363.2
346.77,327.5
346.78,311.0
346.8,281.0
346.82,254.7
346.83,243.0
346.85,222.4
346.87,205.6
346.88,198.6
346.9,187.4
346.92,179.9
346.93,177.4
346.95,175.3
346.97,176.7
346.98,178.7
347.0,185.4
347.02,195.4
347.03,201.7
347.05,216.8
347.06,225.6
347.08,245.6
347.1,268.7
347.11,281.4
347.13,309.0
347.15,339.3
347.16,355.4
347.18,389.4
347.2,425.6
347.21,444.3
347.23,483.0
347.25,522.8
347.26,543.0
347.28,583.6
347.3,624.3
347.31,644.4
347.33,684.0
347.35,722.2
347.36,740.5
347.38,775.5
347.4,807.7
347.41,822.6
347.43,849.7
347.44,861.7
347.46,882.7
347.48,899.1
347.49,905.5
347.51,914.6
347.53,918.8
347.54,918.9
347.56,915.4
347.58,906.9
347.59,900.8
347.61,885.1
347.63,865.0
347.64,853.4
347.66,827.2
347.68,797.6
347.69,781.7
347.71,747.7
347.73,711.5
347.74,692.7
347.76,654.1
347.77,634.4
347.79,594.5
347.81,554.3
347.82,534.3
347.84,494.6
347.86,455.6
347.87,436.5
347.89,399.3
347.91,363.6
347.92,346.4
347.94,313.4
347.96,282.3
347.97,267.6
347.99,239.6
348.01,213.7
348.02,201.6
348.04,178.9
348.06,158.2
348.07,148.7
348.09,131.0
348.11,115.1
348.12,107.8
348.14,94.55
348.15,88.5
348.17,77.51
348.19,67.9
348.2,63.57
348.22,55.79
348.24,49.09
348.25,46.11
348.27,40.81
348.29,36.32
348.3,34.34
348.32,30.88
348.34,27.99
348.35,26.74
348.37,24.58
348.39,22.82
348.4,22.08
348.42,20.83
348.44,19.86
348.45,19.47
348.47,18.86
348.49,18.46
348.5,18.33
348.52,18.21
348.53,18.22
348.55,18.35
348.57,18.65
348.58,18.86
348.6,19.41
348.62,20.13
348.63,20.56
348.65,21.55
348.67,22.74
348.68,23.41
348.7,24.9
348.72,26.62
348.73,27.56
348.75,29.61
348.77,31.9
348.78,33.13
348.8,35.78
348.82,38.67
348.83,40.21
348.85,43.46
348.87,46.94
348.88,48.77
348.9,52.61
348.91,54.61
348.93,58.78
348.95,63.17
348.96,65.45
348.98,70.18
349.0,75.13
349.01,77.7
349.03,83.02
349.05,88.61
349.06,91.51
349.08,97.55
349.1,104.0
349.11,107.3
349.13,114.3
349.15,121.9
349.16,125.8
349.18,134.2
349.2,143.3
349.21,148.1
349.23,158.4
349.24,163.8
349.26,175.5
349.28,188.1
349.29,194.9
349.31,209.2
349.33,224.7
349.34,232.9
349.36,250.2
349.38,268.8
349.39,278.6
349.41,299.1
349.43,320.8
349.44,332.1
349.46,355.6
349.48,380.0
349.49,392.6
349.51,418.3
349.53,444.7
349.54,458.1
349.56,485.2
349.58,512.4
349.59,526.1
349.61,553.2
349.62,566.6
349.64,593.0
349.66,618.7
349.67,631.2
349.69,655.3
349.71,678.0
349.72,688.7
349.74,708.9
349.76,727.2
349.77,735.6
349.79,750.7
349.81,763.3
349.82,768.7
349.84,777.6
349.86,783.8
349.87,785.9
349.89,788.1
349.91,787.5
349.92,786.2
349.94,781.7
349.96,774.6
349.97,770.1
349.99,759.5
350.0,753.3
350.02,739.6
350.04,724.3
350.05,716.0
350.07,698.7
350.09,680.5
350.1,671.2
350.12,652.6
350.14,634.1
350.15,625.1
350.17,607.7
350.19,591.7
350.2,584.4
350.22,571.3
350.24,560.6
350.25,556.3
350.27,550.1
350.29,547.3
350.3,547.3
350.32,550.3
350.34,557.4
350.35,562.5
350.37,576.2
350.38,584.7
350.4,605.2
350.42,630.2
350.43,644.3
350.45,675.9
350.47,711.7
350.48,731.1
350.5,772.6
350.52,817.5
350.53,841.0
350.55,890.1
350.57,941.4
350.58,967.7
350.6,1021.0
350.62,1075.0
350.63,1102.0
350.65,1156.0
350.67,1208.0
350.68,1234.0
350.7,1283.0
350.71,1307.0
350.73,1352.0
350.75,1393.0
350.76,1412.0
350.78,1446.0
350.8,1475.0
350.81,1487.0
350.83,1508.0
350.85,1522.0
350.86,1526.0
350.88,1531.0
350.9,1528.0
350.91,1525.0
350.93,1512.0
350.95,1494.0
350.96,1482.0
350.98,1455.0
351.0,1421.0
351.01,1403.0
351.03,1362.0
351.05,1316.0
351.06,1292.0
351.08,1241.0
351.09,1214.0
351.11,1159.0
351.13,1101.0
351.14,1072.0
351.16,1012.0
351.18,952.0
351.19,921.7
351.21,861.3
351.23,801.6
351.24,772.1
351.26,714.1
351.28,657.8
351.29,630.3
351.31,577.1
351.33,526.2
351.34,501.8
351.36,454.9
351.38,410.7
351.39,389.7
351.41,350.0
351.43,313.1
351.44,295.7
351.46,263.2
351.47,248.0
351.49,219.7
351.51,194.1
351.52,182.3
351.54,160.6
351.56,141.2
351.57,132.4
351.59,116.4
351.61,102.5
351.62,96.24
351.64,85.09
351.66,75.63
351.67,71.49
351.69,64.28
351.71,58.41
351.72,55.94
351.74,51.82
351.76,48.73
351.77,47.53
351.79,45.75
351.8,45.14
351.82,44.44
351.84,44.32
351.85,44.46
351.87,45.06
351.89,46.03
351.9,46.63
351.92,48.0
351.94,49.55
351.95,50.37
351.97,52.06
351.99,53.77
352.0,54.61
352.02,56.24
352.04,57.76
352.05,58.46
352.07,59.73
352.09,60.81
352.1,61.26
352.12,61.98
352.14,62.46
352.15,62.6
352.17,62.68
352.18,62.63
352.2,62.33
352.22,61.79
352.23,61.43
352.25,60.55
352.27,59.48
352.28,58.88
352.3,57.56
352.32,56.12
352.33,55.36
352.35,53.78
352.37,52.16
352.38,51.33
352.4,49.68
352.42,48.04
352.43,47.23
352.45,45.65
352.47,44.14
352.48,43.42
352.5,42.03
352.52,40.73
352.53,40.11
352.55,38.96
352.56,38.41
352.58,37.4
352.6,36.47
352.61,36.03
352.63,35.22
352.65,34.48
352.66,34.13
352.68,33.46
352.7,32.84
352.71,32.55
352.73,31.97
352.75,31.42
352.76,31.15
352.78,30.63
352.8,30.12
352.81,29.87
352.83,29.38
352.85,28.92
352.86,28.7
352.88,28.29
352.9,27.92
352.91,27.76
352.93,27.49
352.94,27.38
352.96,27.24
352.98,27.21
352.99,27.24
353.01,27.41
353.03,27.73
353.04,27.96
353.06,28.56
353.08,29.35
353.09,29.83
353.11,30.96
353.13,32.33
353.14,33.1
353.16,34.84
353.18,36.83
353.19,37.92
353.21,40.29
353.23,42.91
353.24,44.31
353.26,47.28
353.27,48.84
353.29,52.11
353.31,55.55
353.32,57.33
353.34,60.97
353.36,64.69
353.37,66.57
353.39,70.34
353.41,74.09
353.42,75.93
353.44,79.55
353.46,83.02
353.47,84.68
353.49,87.84
353.51,90.72
353.52,92.05
353.54,94.46
353.56,96.5
353.57,97.37
353.59,98.81
353.61,99.82
353.62,100.2
353.64,100.5
353.65,100.5
353.67,100.2
353.69,99.45
353.7,98.92
353.72,97.58
353.74,95.86
353.75,94.88
353.77,92.69
353.79,90.24
353.8,88.92
353.82,86.15
353.84,83.24
353.85,81.74
353.87,78.7
353.89,75.64
353.9,74.11
353.92,71.09
353.94,68.16
353.95,66.74
353.97,64.0
353.99,61.43
354.0,60.21
354.02,57.95
354.03,56.9
354.05,54.99
354.07,53.35
354.08,52.63
354.1,51.42
354.12,50.52
354.13,50.2
354.15,49.82
354.17,49.84
354.18,50.0
354.2,50.67
354.22,51.85
354.23,52.65
354.25,54.71
354.27,57.47
354.28,59.13
354.3,63.11
354.32,68.04
354.33,70.9
354.35,77.51
354.37,85.41
354.38,89.89
354.4,100.0
354.41,105.7
354.43,118.4
354.45,133.0
354.46,141.0
354.48,158.7
354.5,178.7
354.51,189.5
354.53,213.0
354.55,238.9
354.56,252.8
354.58,282.3
354.6,314.2
354.61,331.1
354.63,366.3
354.65,403.6
354.66,422.9
354.68,462.7
354.7,503.8
354.71,524.7
354.73,567.0
354.74,588.2
354.76,630.7
354.78,672.6
354.79,693.1
354.81,733.2
354.83,771.3
354.84,789.5
354.86,823.7
354.88,854.6
354.89,868.7
354.91,893.8
354.93,914.5
354.94,923.1
354.96,936.5
354.98,944.9
354.99,947.1
355.01,947.6
355.03,942.8
355.04,938.4
355.06,925.9
355.08,908.5
355.09,898.1
355.11,874.0
355.12,860.5
355.14,830.6
355.16,797.5
355.17,779.9
355.19,742.9
355.21,704.0
355.22,684.1
355.24,643.4
355.26,602.2
355.27,581.5
355.29,540.4
355.31,500.0
355.32,480.2
355.34,441.5
355.36,404.3
355.37,386.5
355.39,352.1
355.41,319.9
355.42,304.6
355.44,275.8
355.46,249.2
355.47,236.8
355.49,213.7
355.5,202.9
355.52,183.1
355.54,165.4
355.55,157.3
355.57,142.4
355.59,129.3
355.6,123.3
355.62,112.6
355.64,103.1
355.65,98.9
355.67,91.24
355.69,84.59
355.7,81.6
355.72,76.2
355.74,71.49
355.75,69.37
355.77,65.52
355.79,62.12
355.8,60.58
355.82,57.75
355.84,55.23
355.85,54.07
355.87,51.93
355.88,50.94
355.9,49.12
355.92,47.51
355.93,46.77
355.95,45.45
355.97,44.33
355.98,43.86
356.0,43.1
356.02,42.6
356.03,42.46
356.05,42.45
356.07,42.82
356.08,43.17
356.1,44.23
356.12,45.85
356.13,46.9
356.15,49.52
356.17,52.93
356.18,54.98
356.2,59.8
356.21,62.61
356.23,69.13
356.25,76.96
356.26,81.41
356.28,91.5
356.3,103.3
356.31,109.9
356.33,124.6
356.35,141.4
356.36,150.6
356.38,170.9
356.4,193.7
356.41,206.2
356.43,233.0
356.45,262.7
356.46,278.7
356.48,312.7
356.5,349.7
356.51,369.3
356.53,410.7
356.55,454.7
356.56,477.7
356.58,525.6
356.59,550.4
356.61,601.4
356.63,654.2
356.64,681.0
356.66,735.5
356.68,790.4
356.69,817.9
356.71,872.5
356.73,926.1
356.74,952.4
356.76,1003.0
356.78,1052.0
356.79,1074.0
356.81,1117.0
356.83,1156.0
356.84,1174.0
356.86,1205.0
356.88,1231.0
356.89,1241.0
356.91,1258.0
356.93,1268.0
356.94,1270.0
356.96,1271.0
356.97,1268.0
356.99,1258.0
357.01,1242.0
357.02,1232.0
357.04,1206.0
357.06,1175.0
357.07,1157.0
357.09,1119.0
357.11,1076.0
357.12,1053.0
357.14,1005.0
357.16,953.9
357.17,927.6
357.19,874.0
357.21,819.4
357.22,791.9
357.24,737.0
357.26,682.6
357.27,655.7
357.29,603.0
357.31,552.1
357.32,527.4
357.34,479.7
357.35,456.8
357.37,413.0
357.39,372.0
357.4,352.5
357.42,316.0
357.44,282.4
357.45,266.8
357.47,237.8
357.49,211.7
357.5,199.7
357.52,177.8
357.54,158.7
357.55,150.1
357.57,134.8
357.59,121.8
357.6,116.2
357.62,106.6
357.64,99.12
357.65,96.11
357.67,91.52
357.68,89.91
357.7,88.05
357.72,87.91
357.73,88.46
357.75,90.81
357.77,94.77
357.78,97.35
357.8,103.7
357.82,111.6
357.83,116.1
357.85,126.3
357.87,138.1
357.88,144.5
357.9,158.6
357.92,174.3
357.93,182.7
357.95,200.7
357.97,220.2
357.98,230.5
358.0,252.3
358.02,275.6
358.03,287.8
358.05,313.2
358.06,326.4
358.08,353.8
358.1,382.4
358.11,397.1
358.13,427.3
358.15,458.4
358.16,474.3
358.18,506.4
358.2,539.0
358.21,555.4
358.23,588.2
358.25,620.8
358.26,637.0
358.28,669.0
358.3,700.0
358.31,715.1
358.33,744.3
358.35,771.8
358.36,784.8
358.38,809.2
358.4,831.1
358.41,841.1
358.43,858.8
358.44,866.5
358.46,879.4
358.48,888.9
358.49,892.2
358.51,896.2
358.53,896.5
358.54,895.2
358.56,889.7
358.58,880.6
358.59,874.7
358.61,860.3
358.63,842.5
358.64,832.5
358.66,810.4
358.68,785.7
358.69,772.5
358.71,744.7
358.73,715.4
358.74,700.3
358.76,669.4
358.78,638.2
358.79,622.5
358.81,591.4
358.82,576.1
358.84,546.1
358.86,517.3
358.87,503.4
358.89,477.1
358.91,452.7
358.92,441.3
358.94,420.3
358.96,401.7
358.97,393.4
358.99,378.6
359.01,366.4
359.02,361.2
359.04,352.7
359.06,346.6
359.07,344.4
359.09,341.5
359.11,340.6
359.12,340.8
359.14,342.3
359.15,343.6
359.17,347.1
359.19,351.5
359.2,354.0
359.22,359.4
359.24,365.3
359.25,368.3
359.27,374.5
359.29,380.6
359.3,383.7
359.32,389.8
359.34,395.9
359.35,399.0
359.37,405.2
359.39,411.8
359.4,415.3
359.42,422.9
359.44,431.7
359.45,436.7
359.47,448.1
359.49,461.9
359.5,469.9
359.52,488.7
359.53,499.6
359.55,524.8
359.57,555.4
359.58,573.0
359.6,613.0
359.62,660.4
359.63,687.1
359.65,747.0
359.67,816.0
359.68,854.2
359.7,938.2
359.72,1033.0
359.73,1084.0
359.75,1195.0
359.77,1317.0
359.78,1382.0
359.8,1520.0
359.82,1669.0
359.83,1747.0
359.85,1909.0
359.87,2080.0
359.88,2167.0
359.9,2348.0
359.91,2439.0
359.93,2625.0
359.95,2813.0
359.96,2906.0
359.98,3091.0
360.0,3273.0
360.01,3361.0
360.03,3532.0
360.05,3692.0
360.06,3768.0
360.08,3909.0
360.1,4034.0
360.11,4090.0
360.13,4188.0
360.15,4266.0
360.16,4297.0
360.18,4342.0
360.2,4365.0
360.21,4368.0
360.23,4357.0
360.25,4323.0
360.26,4298.0
360.28,4231.0
360.29,4190.0
360.31,4094.0
360.33,3979.0
360.34,3915.0
360.36,3777.0
360.38,3627.0
360.39,3547.0
360.41,3382.0
360.43,3210.0
360.44,3122.0
360.46,2945.0
360.48,2768.0
360.49,2680.0
360.51,2507.0
360.53,2339.0
360.54,2258.0
360.56,2103.0
360.58,1957.0
360.59,1888.0
360.61,1760.0
360.62,1701.0
360.64,1594.0
360.66,1500.0
360.67,1459.0
360.69,1389.0
360.71,1333.0
360.72,1311.0
360.74,1277.0
360.76,1258.0
360.77,1254.0
360.79,1256.0
360.81,1270.0
360.82,1282.0
360.84,1313.0
360.86,1354.0
360.87,1378.0
360.89,1431.0
360.91,1490.0
360.92,1522.0
360.94,1589.0
360.96,1657.0
360.97,1692.0
360.99,1762.0
361.0,1797.0
361.02,1864.0
361.04,1928.0
361.05,1958.0
361.07,2015.0
361.09,2064.0
361.1,2086.0
361.12,2124.0
361.14,2152.0
361.15,2163.0
361.17,2177.0
361.19,2181.0
361.2,2179.0
361.22,2167.0
361.24,2145.0
361.25,2130.0
361.27,2093.0
361.29,2048.0
361.3,2022.0
361.32,1964.0
361.34,1899.0
361.35,1864.0
361.37,1791.0
361.38,1752.0
361.4,1672.0
361.42,1590.0
361.43,1548.0
361.45,1463.0
361.47,1378.0
361.48,1336.0
361.5,1253.0
361.52,1172.0
361.53,1132.0
361.55,1055.0
361.57,981.4
361.58,946.1
361.6,878.6
361.62,815.5
361.63,785.7
361.65,729.3
361.67,677.4
361.68,653.1
361.7,607.6
361.71,586.5
361.73,547.1
361.75,511.5
361.76,494.9
361.78,464.3
361.8,436.5
361.81,423.7
361.83,399.7
361.85,377.9
361.86,367.8
361.88,348.6
361.9,331.0
361.91,322.6
361.93,306.7
361.95,291.8
361.96,284.6
361.98,270.9
362.0,257.8
362.01,251.4
362.03,239.1
362.05,227.3
362.06,221.6
362.08,210.5
362.09,205.1
362.11,194.7
362.13,184.8
362.14,180.1
362.16,171.0
362.18,162.5
362.19,158.6
362.21,151.1
362.23,144.4
362.24,141.3
362.26,135.8
362.28,131.1
362.29,129.2
362.31,126.0
362.33,123.8
362.34,123.1
362.36,122.6
362.38,123.2
362.39,124.0
362.41,126.6
362.43,130.5
362.44,133.0
362.46,139.0
362.47,142.5
362.49,150.8
362.51,160.6
362.52,166.1
362.54,178.4
362.56,192.4
362.57,200.0
362.59,216.5
362.61,234.9
362.62,244.7
362.64,265.8
362.66,288.8
362.67,301.0
362.69,326.8
362.71,354.5
362.72,369.1
362.74,399.9
362.76,432.6
362.77,449.7
362.79,485.6
362.81,523.6
362.82,543.4
362.84,584.7
362.85,606.2
362.87,650.9
362.89,698.0
362.9,722.4
362.92,773.1
362.94,826.2
362.95,853.7
362.97,910.4
362.99,969.6
363.0,1000.0
363.02,1062.0
363.04,1127.0
363.05,1160.0
363.07,1227.0
363.09,1295.0
363.1,1330.0
363.12,1400.0
363.14,1469.0
363.15,1504.0
363.17,1573.0
363.18,1607.0
363.2,1673.0
363.22,1736.0
363.23,1767.0
363.25,1825.0
363.27,1878.0
363.28,1903.0
363.3,1948.0
363.32,1986.0
363.33,2003.0
363.35,2029.0
363.37,2048.0
363.38,2054.0
363.4,2060.0
363.42,2056.0
363.43,2051.0
363.45,2034.0
363.47,2007.0
363.48,1991.0
363.5,1951.0
363.52,1903.0
363.53,1876.0
363.55,1817.0
363.56,1784.0
363.58,1715.0
363.6,1641.0
363.61,1602.0
363.63,1522.0
363.65,1438.0
363.66,1396.0
363.68,1309.0
363.7,1223.0
363.71,1179.0
363.73,1094.0
363.75,1009.0
363.76,968.0
363.78,887.4
363.8,810.1
363.81,772.9
363.83,701.4
363.85,634.3
363.86,602.4
363.88,542.3
363.9,487.0
363.91,461.2
363.93,413.2
363.94,391.1
363.96,350.4
363.98,314.3
363.99,298.0
364.01,268.6
364.03,243.3
364.04,232.2
364.06,212.7
364.08,196.8
364.09,190.0
364.11,178.9
364.13,170.6
364.14,167.4
364.16,163.0
364.18,160.8
364.19,160.4
364.21,161.2
364.23,163.7
364.24,165.5
364.26,170.1
364.28,176.0
364.29,179.4
364.31,186.8
364.32,190.9
364.34,199.5
364.36,208.7
364.37,213.4
364.39,223.2
364.41,233.2
364.42,238.2
364.44,248.1
364.46,257.9
364.47,262.7
364.49,271.9
364.51,280.6
364.52,284.7
364.54,292.4
364.56,299.2
364.57,302.3
364.59,307.6
364.61,311.8
364.62,313.5
364.64,316.0
364.65,316.8
364.67,317.4
364.69,316.8
364.7,316.0
364.72,313.5
364.74,309.7
364.75,307.4
364.77,301.9
364.79,295.3
364.8,291.7
364.82,283.7
364.84,274.8
364.85,270.1
364.87,260.3
364.89,249.9
364.9,244.5
364.92,233.5
364.94,222.3
364.95,216.6
364.97,205.3
364.99,194.0
365.0,188.5
365.02,177.5
365.03,172.1
365.05,161.7
365.07,151.7
365.08,147.0
365.1,137.9
365.12,129.4
365.13,125.5
365.15,118.2
365.17,111.8
365.18,108.9
365.2,103.9
365.22,99.89
365.23,98.31
365.25,96.03
365.27,94.98
365.28,94.94
365.3,95.91
365.32,98.35
365.33,100.2
365.35,105.0
365.37,111.5
365.38,115.5
365.4,124.9
365.41,130.3
365.43,142.7
365.45,157.3
365.46,165.4
365.48,183.3
365.5,203.6
365.51,214.7
365.53,238.6
365.55,264.8
365.56,278.9
365.58,308.7
365.6,340.7
365.61,357.6
365.63,392.7
365.65,429.7
365.66,448.9
365.68,488.2
365.7,528.6
365.71,549.2
365.73,590.8
365.75,632.7
365.76,653.6
365.78,695.1
365.79,715.5
365.81,755.7
365.83,794.4
365.84,813.1
365.86,849.0
365.88,882.5
365.89,898.2
365.91,927.5
365.93,953.6
365.94,965.5
365.96,986.6
365.98,1004.0
365.99,1012.0
366.01,1024.0
366.03,1033.0
366.04,1037.0
366.06,1041.0
366.08,1042.0
366.09,1042.0
366.11,1039.0
366.12,1037.0
366.14,1031.0
366.16,1024.0
366.17,1020.0
366.19,1010.0
366.21,1000.0
366.22,995.0
366.24,984.3
366.26,973.4
366.27,967.9
366.29,957.1
366.31,946.6
366.32,941.4
366.34,931.3
366.36,921.5
366.37,916.6
366.39,907.0
366.41,897.3
366.42,892.4
366.44,882.4
366.46,871.8
366.47,866.2
366.49,854.4
366.5,848.1
366.52,834.6
366.54,819.8
366.55,811.8
366.57,794.6
366.59,775.7
366.6,765.6
366.62,744.1
366.64,720.8
366.65,708.6
366.67,682.8
366.69,655.5
366.7,641.4
366.72,612.2
366.74,581.9
366.75,566.5
366.77,535.2
366.79,503.5
366.8,487.6
366.82,455.9
366.84,424.6
366.85,409.1
366.87,378.8
366.88,364.0
366.9,335.3
366.92,308.0
366.93,294.9
366.95,270.1
366.97,247.1
366.98,236.4
367.0,216.6
367.02,198.9
367.03,191.0
367.05,177.0
367.07,165.4
367.08,160.5
367.1,152.7
367.12,147.6
367.13,146.0
367.15,144.7
367.17,146.2
367.18,147.9
367.2,153.3
367.22,161.3
367.23,166.3
367.25,178.2
367.26,185.1
367.28,200.7
367.3,218.8
367.31,228.6
367.33,250.0
367.35,273.5
367.36,285.9
367.38,312.1
367.4,339.8
367.41,354.1
367.43,383.7
367.45,414.0
367.46,429.4
367.48,460.4
367.5,491.4
367.51,506.7
367.53,536.8
367.55,566.0
367.56,580.0
367.58,606.8
367.59,619.5
367.61,643.2
367.63,664.4
367.64,673.9
367.66,690.6
367.68,704.1
367.69,709.5
367.71,717.7
367.73,722.1
367.74,723.0
367.76,721.8
367.78,716.9
367.79,713.0
367.81,702.6
367.83,688.8
367.84,680.7
367.86,662.1
367.88,640.8
367.89,629.2
367.91,604.3
367.93,577.4
367.94,563.4
367.96,534.4
367.97,519.5
367.99,489.1
368.01,458.3
368.02,442.9
368.04,412.2
368.06,381.9
368.07,367.1
368.09,338.0
368.11,310.1
368.12,296.7
368.14,270.9
368.16,246.7
368.17,235.2
368.19,213.7
368.21,194.1
368.22,185.0
368.24,168.3
368.26,153.5
368.27,146.9
368.29,135.2
368.31,125.5
368.32,121.4
368.34,114.6
368.35,111.9
368.37,108.0
368.39,106.0
368.4,105.6
368.42,106.3
368.44,108.9
368.45,110.8
368.47,116.0
368.49,123.0
368.5,127.1
368.52,136.9
368.54,148.5
368.55,155.0
368.57,169.5
368.59,186.1
368.6,195.2
368.62,215.1
368.64,237.5
368.65,249.7
368.67,276.2
368.69,305.8
368.7,321.9
368.72,356.7
368.73,375.6
368.75,416.7
368.77,462.6
368.78,487.5
368.8,541.7
368.82,602.2
368.83,635.0
368.85,706.4
368.87,786.0
368.88,829.2
368.9,922.7
368.92,1026.0
368.93,1082.0
368.95,1203.0
368.97,1336.0
368.98,1407.0
369.0,1560.0
369.02,1726.0
369.03,1814.0
369.05,2001.0
369.06,2100.0
369.08,2307.0
369.1,2529.0
369.11,2644.0
369.13,2884.0
369.15,3135.0
369.16,3264.0
369.18,3529.0
369.2,3800.0
369.21,3938.0
369.23,4215.0
369.25,4493.0
369.26,4631.0
369.28,4905.0
369.3,5171.0
369.31,5300.0
369.33,5549.0
369.35,5783.0
369.36,5893.0
369.38,6098.0
369.4,6280.0
369.41,6362.0
369.43,6504.0
369.44,6565.0
369.46,6663.0
369.48,6730.0
369.49,6752.0
369.51,6770.0
369.53,6756.0
369.54,6737.0
369.56,6674.0
369.58,6580.0
369.59,6522.0
369.61,6385.0
369.63,6223.0
369.64,6132.0
369.66,5936.0
369.68,5721.0
369.69,5607.0
369.71,5370.0
369.73,5123.0
369.74,4997.0
369.76,4741.0
369.78,4483.0
369.79,4355.0
369.81,4101.0
369.82,3975.0
369.84,3730.0
369.86,3495.0
369.87,3381.0
369.89,3163.0
369.91,2958.0
369.92,2860.0
369.94,2677.0
369.96,2509.0
369.97,2431.0
369.99,2286.0
370.01,2156.0
370.02,2096.0
370.04,1988.0
370.06,1892.0
370.07,1849.0
370.09,1772.0
370.11,1705.0
370.12,1675.0
370.14,1622.0
370.16,1576.0
370.17,1556.0
370.19,1520.0
370.2,1504.0
370.22,1475.0
370.24,1451.0
370.25,1440.0
370.27,1419.0
370.29,1402.0
370.3,1394.0
370.32,1380.0
370.34,1367.0
370.35,1362.0
370.37,1353.0
370.39,1347.0
370.4,1346.0
370.42,1345.0
370.44,1348.0
370.45,1351.0
370.47,1362.0
370.49,1379.0
370.5,1390.0
370.52,1418.0
370.53,1434.0
370.55,1475.0
370.57,1525.0
370.58,1554.0
370.6,1620.0
370.62,1698.0
370.63,1741.0
370.65,1836.0
370.67,1944.0
370.68,2003.0
370.7,2129.0
370.72,2268.0
370.73,2341.0
370.75,2497.0
370.77,2663.0
370.78,2750.0
370.8,2929.0
370.82,3115.0
370.83,3210.0
370.85,3402.0
370.87,3597.0
370.88,3694.0
370.9,3887.0
370.91,3982.0
370.93,4168.0
370.95,4346.0
370.96,4431.0
370.98,4591.0
371.0,4737.0
371.01,4804.0
371.03,4923.0
371.05,5023.0
371.06,5065.0
371.08,5131.0
371.1,5174.0
371.11,5186.0
371.13,5192.0
371.15,5172.0
371.16,5153.0
371.18,5096.0
371.2,5015.0
371.21,4966.0
371.23,4850.0
371.25,4714.0
371.26,4639.0
371.28,4476.0
371.29,4388.0
371.31,4202.0
371.33,4005.0
371.34,3902.0
371.36,3691.0
371.38,3474.0
371.39,3365.0
371.41,3144.0
371.43,2925.0
371.44,2815.0
371.46,2600.0
371.48,2390.0
371.49,2288.0
371.51,2089.0
371.53,1899.0
371.54,1807.0
371.56,1633.0
371.58,1469.0
371.59,1392.0
371.61,1246.0
371.63,1112.0
371.64,1049.0
371.66,932.6
371.67,878.7
371.69,779.3
371.71,690.8
371.72,650.6
371.74,577.5
371.76,514.1
371.77,485.8
371.79,435.7
371.81,393.6
371.82,375.5
371.84,344.5
371.86,320.1
371.87,310.3
371.89,295.1
371.91,285.4
371.92,282.5
371.94,280.3
371.96,282.8
371.97,285.7
371.99,294.6
372.0,300.6
372.02,315.5
372.04,334.3
372.05,345.1
372.07,369.3
372.09,397.0
372.1,412.2
372.12,445.0
372.14,481.1
372.15,500.3
372.17,540.9
372.19,584.4
372.2,607.1
372.22,654.3
372.24,703.8
372.25,729.2
372.27,781.3
372.29,834.5
372.3,861.4
372.32,915.6
372.34,969.7
372.35,996.6
372.37,1049.0
372.38,1075.0
372.4,1126.0
372.42,1173.0
372.43,1196.0
372.45,1239.0
372.47,1277.0
372.48,1295.0
372.5,1326.0
372.52,1352.0
372.53,1362.0
372.55,1379.0
372.57,1390.0
372.58,1392.0
372.6,1393.0
372.62,1387.0
372.63,1381.0
372.65,1365.0
372.67,1343.0
372.68,1329.0
372.7,1298.0
372.72,1261.0
372.73,1241.0
372.75,1197.0
372.76,1174.0
372.78,1124.0
372.8,1072.0
372.81,1045.0
372.83,988.9
372.85,932.1
372.86,903.4
372.88,845.9
372.9,788.9
372.91,760.8
372.93,705.6
372.95,652.2
372.96,626.4
372.98,576.8
373.0,530.1
373.01,508.0
373.03,466.4
373.05,428.4
373.06,410.9
373.08,378.8
373.09,364.2
373.11,338.1
373.13,316.0
373.14,306.5
373.16,290.5
373.18,278.4
373.19,273.8
373.21,267.4
373.23,264.7
373.24,264.6
373.26,266.9
373.28,272.4
373.29,276.3
373.31,286.1
373.33,298.5
373.34,305.6
373.36,321.5
373.38,339.3
373.39,348.9
373.41,369.2
373.43,390.8
373.44,402.0
373.46,424.9
373.47,436.6
373.49,460.3
373.51,484.0
373.52,495.9
373.54,519.2
373.56,542.0
373.57,553.0
373.59,574.2
373.61,594.1
373.62,603.5
373.64,621.0
373.66,636.6
373.67,643.6
373.69,656.0
373.71,666.1
373.72,670.3
373.74,676.8
373.76,680.8
373.77,681.8
373.79,682.0
373.81,679.8
373.82,677.7
373.84,671.9
373.85,668.2
373.87,659.1
373.89,648.0
373.9,641.7
373.92,628.0
373.94,612.8
373.95,604.7
373.97,587.7
373.99,569.8
374.0,560.6
374.02,541.8
374.04,522.6
374.05,513.0
374.07,493.8
374.09,474.9
374.1,465.5
374.12,447.2
374.14,429.6
374.15,421.1
374.17,404.8
374.19,389.5
374.2,382.2
374.22,368.6
374.23,362.3
374.25,350.5
374.27,340.1
374.28,335.4
374.3,327.0
374.32,320.1
374.33,317.1
374.35,312.2
374.37,308.8
374.38,307.5
374.4,306.1
374.42,306.0
374.43,306.5
374.45,308.3
374.47,311.3
374.48,313.3
374.5,318.0
374.52,323.7
374.53,326.8
374.55,333.8
374.56,337.6
374.58,345.6
374.6,354.2
374.61,358.6
374.63,367.7
374.65,376.9
374.66,381.5
374.68,390.7
374.7,399.6
374.71,403.8
374.73,412.0
374.75,419.5
374.76,422.9
374.78,429.1
374.8,434.2
374.81,436.4
374.83,439.7
374.85,441.7
374.86,442.2
374.88,442.1
374.9,440.5
374.91,439.1
374.93,435.3
374.94,432.9
374.96,426.9
374.98,419.5
374.99,415.3
375.01,406.0
375.03,395.6
375.04,390.0
375.06,378.2
375.08,365.7
375.09,359.2
375.11,346.0
375.13,332.5
375.14,325.8
375.16,312.5
375.18,299.6
375.19,293.4
375.21,281.7
375.23,271.0
375.24,266.2
375.26,257.7
375.28,251.1
375.29,248.5
375.31,245.2
375.32,244.5
375.34,245.2
375.36,248.9
375.37,252.0
375.39,260.9
375.41,273.7
375.42,281.7
375.44,300.8
375.46,324.6
375.47,338.3
375.49,369.5
375.51,406.0
375.52,426.3
375.54,471.1
375.56,521.7
375.57,549.2
375.59,608.7
375.61,674.1
375.62,709.1
375.64,783.4
375.66,863.6
375.67,905.8
375.69,994.2
375.7,1040.0
375.72,1136.0
375.74,1237.0
375.75,1289.0
375.77,1395.0
375.79,1504.0
375.8,1560.0
375.82,1672.0
375.84,1785.0
375.85,1842.0
375.87,1954.0
375.89,2066.0
375.9,2121.0
375.92,2228.0
375.94,2331.0
375.95,2380.0
375.97,2475.0
375.99,2564.0
376.0,2605.0
376.02,2682.0
376.03,2716.0
376.05,2779.0
376.07,2832.0
376.08,2854.0
376.1,2891.0
376.12,2916.0
376.13,2924.0
376.15,2931.0
376.17,2927.0
376.18,2920.0
376.2,2898.0
376.22,2864.0
376.23,2843.0
376.25,2793.0
376.27,2732.0
376.28,2698.0
376.3,2624.0
376.32,2541.0
376.33,2497.0
376.35,2403.0
376.37,2304.0
376.38,2252.0
376.4,2146.0
376.41,2092.0
376.43,1981.0
376.45,1869.0
376.46,1813.0
376.48,1700.0
376.5,1589.0
376.51,1534.0
376.53,1425.0
376.55,1319.0
376.56,1268.0
376.58,1168.0
376.6,1073.0
376.61,1027.0
376.63,939.9
376.65,858.5
376.66,820.2
376.68,748.2
376.7,682.8
376.71,652.7
376.73,597.6
376.75,549.5
376.76,528.2
376.78,490.9
376.79,475.1
376.81,448.9
376.83,430.2
376.84,423.7
376.86,416.6
376.88,417.2
376.89,420.5
376.91,433.1
376.93,453.9
376.94,467.4
376.96,500.7
376.98,542.6
376.99,566.7
377.01,621.6
377.03,685.1
377.04,720.2
377.06,796.8
377.08,882.0
377.09,927.8
377.11,1025.0
377.13,1131.0
377.14,1187.0
377.16,1303.0
377.17,1364.0
377.19,1489.0
377.21,1620.0
377.22,1687.0
377.24,1824.0
377.26,1963.0
377.27,2033.0
377.29,2172.0
377.31,2311.0
377.32,2379.0
377.34,2513.0
377.36,2641.0
377.37,2703.0
377.39,2820.0
377.41,2929.0
377.42,2979.0
377.44,3071.0
377.46,3150.0
377.47,3185.0
377.49,3244.0
377.5,3267.0
377.52,3303.0
377.54,3323.0
377.55,3327.0
377.57,3323.0
377.59,3302.0
377.6,3286.0
377.62,3242.0
377.64,3184.0
377.65,3149.0
377.67,3069.0
377.69,2978.0
377.7,2928.0
377.72,2820.0
377.74,2703.0
377.75,2642.0
377.77,2514.0
377.79,2381.0
377.8,2314.0
377.82,2176.0
377.84,2037.0
377.85,1968.0
377.87,1829.0
377.88,1760.0
377.9,1625.0
377.92,1494.0
377.93,1429.0
377.95,1305.0
377.97,1186.0
377.98,1129.0
378.0,1019.0
378.02,916.8
378.03,868.3
378.05,776.6
378.07,692.3
378.08,653.0
378.1,579.9
378.12,514.2
378.13,484.0
378.15,429.1
378.17,381.1
378.18,359.7
378.2,321.9
378.22,290.5
378.23,277.2
378.25,255.2
378.26,246.5
378.28,233.5
378.3,226.3
378.31,224.8
378.33,226.2
378.35,233.2
378.36,238.8
378.38,254.1
378.4,275.1
378.41,287.7
378.43,317.1
378.45,352.3
378.46,372.0
378.48,415.7
378.5,465.3
378.51,492.2
378.53,550.3
378.55,614.2
378.56,648.2
378.58,720.3
378.6,797.7
378.61,838.3
378.63,923.2
378.64,967.3
378.66,1059.0
378.68,1154.0
378.69,1203.0
378.71,1303.0
378.73,1405.0
378.74,1456.0
378.76,1561.0
378.78,1665.0
378.79,1717.0
378.81,1821.0
378.83,1923.0
378.84,1973.0
378.86,2071.0
378.88,2165.0
378.89,2211.0
378.91,2298.0
378.93,2380.0
378.94,2420.0
378.96,2493.0
378.97,2528.0
378.99,2592.0
379.01,2650.0
379.02,2677.0
379.04,2725.0
379.06,2768.0
379.07,2787.0
379.09,2821.0
379.11,2849.0
379.12,2862.0
379.14,2884.0
379.16,2903.0
379.17,2912.0
379.19,2927.0
379.21,2940.0
379.22,2946.0
379.24,2959.0
379.26,2971.0
379.27,2978.0
379.29,2991.0
379.31,3006.0
379.32,3014.0
379.34,3031.0
379.35,3040.0
379.37,3059.0
379.39,3080.0
379.4,3091.0
379.42,3113.0
379.44,3136.0
379.45,3147.0
379.47,3169.0
379.49,3190.0
379.5,3200.0
379.52,3217.0
379.54,3230.0
379.55,3235.0
379.57,3241.0
379.59,3242.0
379.6,3240.0
379.62,3230.0
379.64,3212.0
379.65,3200.0
379.67,3170.0
379.69,3131.0
379.7,3108.0
379.72,3055.0
379.73,3025.0
379.75,2959.0
379.77,2884.0
379.78,2843.0
379.8,2756.0
379.82,2661.0
379.83,2611.0
379.85,2506.0
379.87,2396.0
379.88,2340.0
379.9,2223.0
379.92,2104.0
379.93,2044.0
379.95,1922.0
379.97,1800.0
379.98,1739.0
380.0,1618.0
380.02,1500.0
380.03,1441.0
380.05,1327.0
380.07,1216.0
380.08,1162.0
380.1,1059.0
380.11,1009.0
380.13,912.9
380.15,822.6
380.16,779.7
380.18,698.2
380.2,622.7
380.21,587.2
380.23,520.6
380.25,459.7
380.26,431.5
380.28,379.0
380.3,331.8
380.31,310.0
380.33,270.2
380.35,234.8
380.36,218.7
380.38,189.5
380.4,164.0
380.41,152.5
380.43,131.9
380.44,122.7
380.46,106.2
380.48,92.19
380.49,85.97
380.51,75.0
380.53,65.76
380.54,61.71
380.56,54.64
380.58,48.77
380.59,46.23
380.61,41.82
380.63,38.19
380.64,36.64
380.66,33.95
380.68,31.77
380.69,30.83
380.71,29.23
380.73,27.92
380.74,27.37
380.76,26.42
380.78,25.67
380.79,25.36
380.81,24.85
380.82,24.65
380.84,24.35
380.86,24.2
380.87,24.18
380.89,24.25
380.91,24.51
380.92,24.71
380.94,25.29
380.96,26.12
380.97,26.65
380.99,27.97
381.01,29.69
381.02,30.72
381.04,33.19
381.06,36.26
381.07,38.06
381.09,42.26
381.11,47.39
381.12,50.34
381.14,57.16
381.16,65.33
381.17,70.01
381.19,80.67
381.2,86.72
381.22,100.5
381.24,116.7
381.25,125.8
381.27,146.4
381.29,170.5
381.3,183.9
381.32,214.0
381.34,248.8
381.35,268.1
381.37,310.9
381.39,359.8
381.4,386.8
381.42,446.0
381.44,512.9
381.45,549.4
381.47,629.0
381.49,717.7
381.5,765.7
381.52,869.2
381.53,924.8
381.55,1044.0
381.57,1174.0
381.58,1243.0
381.6,1390.0
381.62,1547.0
381.63,1630.0
381.65,1803.0
381.67,1986.0
381.68,2081.0
381.7,2278.0
381.72,2482.0
381.73,2587.0
381.75,2799.0
381.77,3016.0
381.78,3125.0
381.8,3344.0
381.82,3562.0
381.83,3670.0
381.85,3881.0
381.87,4086.0
381.88,4185.0
381.9,4374.0
381.91,4465.0
381.93,4634.0
381.95,4787.0
381.96,4857.0
381.98,4981.0
382.0,5084.0
382.01,5128.0
382.03,5197.0
382.05,5241.0
382.06,5254.0
382.08,5261.0
382.1,5243.0
382.11,5225.0
382.13,5169.0
382.15,5090.0
382.16,5042.0
382.18,4929.0
382.2,4796.0
382.21,4722.0
382.23,4562.0
382.25,4387.0
382.26,4294.0
382.28,4101.0
382.29,4000.0
382.31,3793.0
382.33,3581.0
382.34,3473.0
382.36,3257.0
382.38,3042.0
382.39,2934.0
382.41,2723.0
382.43,2517.0
382.44,2417.0
382.46,2222.0
382.48,2036.0
382.49,1947.0
382.51,1777.0
382.53,1618.0
382.54,1543.0
382.56,1401.0
382.58,1273.0
382.59,1213.0
382.61,1103.0
382.63,1005.0
382.64,960.1
382.66,879.8
382.67,843.9
382.69,780.3
382.71,727.2
382.72,704.5
382.74,666.2
382.76,637.1
382.77,625.7
382.79,609.1
382.81,600.0
382.82,598.2
382.84,599.5
382.86,606.9
382.87,612.8
382.89,628.4
382.91,648.9
382.92,660.9
382.94,687.7
382.96,718.1
382.97,734.5
382.99,769.4
383.0,787.7
383.02,826.0
383.04,865.8
383.05,886.2
383.07,927.7
383.09,969.5
383.1,990.4
383.12,1032.0
383.14,1073.0
383.15,1093.0
383.17,1131.0
383.19,1168.0
383.2,1185.0
383.22,1218.0
383.24,1247.0
383.25,1261.0
383.27,1285.0
383.29,1306.0
383.3,1314.0
383.32,1329.0
383.34,1339.0
383.35,1342.0
383.37,1346.0
383.38,1346.0
383.4,1343.0
383.42,1336.0
383.43,1330.0
383.45,1318.0
383.47,1301.0
383.48,1291.0
383.5,1270.0
383.52,1246.0
383.53,1234.0
383.55,1206.0
383.57,1178.0
383.58,1163.0
383.6,1133.0
383.62,1102.0
383.63,1086.0
383.65,1055.0
383.67,1025.0
383.68,1010.0
383.7,980.1
383.72,951.6
383.73,937.7
383.75,911.0
383.76,898.1
383.78,873.3
383.8,849.9
383.81,838.6
383.83,817.2
383.85,797.0
383.86,787.3
383.88,768.7
383.9,751.1
383.91,742.5
383.93,726.0
383.95,710.0
383.96,702.2
383.98,686.8
384.0,671.7
384.01,664.2
384.03,649.3
384.05,634.4
384.06,627.1
384.08,612.4
384.1,597.8
384.11,590.7
384.13,576.5
384.14,569.6
384.16,556.3
384.18,543.7
384.19,537.7
384.21,526.6
384.23,517.0
384.24,512.8
384.26,505.8
384.28,501.0
384.29,499.5
384.31,498.5
384.33,500.6
384.34,502.8
384.36,510.0
384.38,520.9
384.39,527.8
384.41,544.9
384.43,566.2
384.44,578.5
384.46,606.6
384.47,622.3
384.49,657.2
384.51,696.6
384.52,718.0
384.54,763.9
384.56,813.9
384.57,840.3
384.59,895.8
384.61,954.3
384.62,984.6
384.64,1047.0
384.66,1110.0
384.67,1143.0
384.69,1208.0
384.71,1272.0
384.72,1305.0
384.74,1368.0
384.76,1428.0
384.77,1458.0
384.79,1514.0
384.81,1565.0
384.82,1589.0
384.84,1634.0
384.85,1653.0
384.87,1688.0
384.89,1717.0
384.9,1728.0
384.92,1746.0
384.94,1755.0
384.95,1757.0
384.97,1756.0
384.99,1746.0
385.0,1739.0
385.02,1718.0
385.04,1690.0
385.05,1674.0
385.07,1636.0
385.09,1593.0
385.1,1569.0
385.12,1518.0
385.14,1462.0
385.15,1433.0
385.17,1373.0
385.19,1311.0
385.2,1279.0
385.22,1214.0
385.23,1182.0
385.25,1117.0
385.27,1053.0
385.28,1021.0
385.3,958.9
385.32,898.6
385.33,869.3
385.35,812.8
385.37,759.2
385.38,733.6
385.4,684.9
385.42,639.6
385.43,618.2
385.45,578.2
385.47,541.5
385.48,524.5
385.5,492.9
385.52,464.4
385.53,451.3
385.55,427.3
385.57,405.9
385.58,396.1
385.6,378.2
385.61,370.0
385.63,355.1
385.65,341.9
385.66,335.9
385.68,324.7
385.7,314.7
385.71,310.0
385.73,301.3
385.75,293.3
385.76,289.5
385.78,282.2
385.8,275.4
385.81,272.0
385.83,265.5
385.85,259.2
385.86,256.2
385.88,250.1
385.9,244.2
385.91,241.2
385.93,235.5
385.94,232.7
385.96,227.1
385.98,221.7
385.99,219.0
386.01,213.8
386.03,208.8
386.04,206.3
386.06,201.6
386.08,197.0
386.09,194.8
386.11,190.5
386.13,186.4
386.14,184.4
386.16,180.6
386.18,176.9
386.19,175.1
386.21,171.6
386.23,168.1
386.24,166.5
386.26,163.2
386.28,160.0
386.29,158.4
386.31,155.3
386.32,153.7
386.34,150.7
386.36,147.7
386.37,146.2
386.39,143.4
386.41,140.7
386.42,139.4
386.44,137.0
386.46,134.9
386.47,133.9
386.49,132.4
386.51,131.2
386.52,130.9
386.54,130.7
386.56,131.2
386.57,131.8
386.59,133.7
386.61,136.7
386.62,138.6
386.64,143.4
386.66,149.7
386.67,153.4
386.69,162.1
386.7,167.1
386.72,178.5
386.74,192.0
386.75,199.5
386.77,216.2
386.79,235.2
386.8,245.5
386.82,268.1
386.84,293.2
386.85,306.6
386.87,335.5
386.89,366.8
386.9,383.4
386.92,418.4
386.94,455.8
386.95,475.3
386.97,516.0
386.99,558.7
387.0,580.7
387.02,625.9
387.04,672.4
387.05,696.2
387.07,744.2
387.08,768.5
387.1,817.3
387.12,866.2
387.13,890.4
387.15,938.5
387.17,985.6
387.18,1009.0
387.2,1053.0
387.22,1096.0
387.23,1117.0
387.25,1155.0
387.27,1191.0
387.28,1208.0
387.3,1238.0
387.32,1265.0
387.33,1276.0
387.35,1296.0
387.37,1312.0
387.38,1318.0
387.4,1327.0
387.41,1329.0
387.43,1330.0
387.45,1326.0
387.46,1323.0
387.48,1312.0
387.5,1296.0
387.51,1287.0
387.53,1265.0
387.55,1239.0
387.56,1224.0
387.58,1192.0
387.6,1157.0
387.61,1138.0
387.63,1099.0
387.65,1057.0
387.66,1036.0
387.68,991.3
387.7,945.6
387.71,922.3
387.73,875.4
387.75,828.2
387.76,804.7
387.78,757.7
387.79,734.5
387.81,688.6
387.83,643.8
387.84,621.9
387.86,579.1
387.88,538.1
387.89,518.3
387.91,480.2
387.93,444.1
387.94,426.9
387.96,394.3
387.98,364.0
387.99,349.7
388.01,323.0
388.03,298.8
388.04,287.6
388.06,267.1
388.08,249.0
388.09,240.8
388.11,226.4
388.13,214.4
388.14,209.3
388.16,200.8
388.17,197.4
388.19,192.4
388.21,189.7
388.22,189.2
388.24,189.9
388.26,192.8
388.27,195.1
388.29,201.3
388.31,209.7
388.32,214.7
388.34,226.3
388.36,240.1
388.37,247.8
388.39,264.7
388.41,283.8
388.42,294.2
388.44,316.4
388.46,340.8
388.47,353.8
388.49,381.4
388.51,411.0
388.52,426.7
388.54,459.6
388.55,476.8
388.57,512.9
388.59,551.2
388.6,571.1
388.62,612.6
388.64,656.2
388.65,678.8
388.67,725.6
388.69,774.5
388.7,799.7
388.72,851.6
388.74,905.3
388.75,932.9
388.77,989.2
388.79,1047.0
388.8,1076.0
388.82,1136.0
388.84,1196.0
388.85,1227.0
388.87,1288.0
388.88,1318.0
388.9,1379.0
388.92,1439.0
388.93,1469.0
388.95,1526.0
388.97,1582.0
388.98,1609.0
389.0,1660.0
389.02,1708.0
389.03,1731.0
389.05,1773.0
389.07,1809.0
389.08,1826.0
389.1,1854.0
389.12,1876.0
389.13,1885.0
389.15,1898.0
389.17,1904.0
389.18,1904.0
389.2,1900.0
389.22,1889.0
389.23,1880.0
389.25,1859.0
389.26,1846.0
389.28,1815.0
389.3,1779.0
389.31,1758.0
389.33,1714.0
389.35,1664.0
389.36,1638.0
389.38,1583.0
389.4,1525.0
389.41,1495.0
389.43,1434.0
389.45,1371.0
389.46,1339.0
389.48,1276.0
389.5,1212.0
389.51,1181.0
389.53,1119.0
389.55,1058.0
389.56,1028.0
389.58,970.4
389.6,915.0
389.61,888.3
389.63,836.9
389.64,812.3
389.66,765.4
389.68,721.6
389.69,700.8
389.71,661.7
389.73,625.7
389.74,608.9
389.76,577.5
389.78,549.1
389.79,536.0
389.81,511.9
389.83,490.6
389.84,481.0
389.86,463.7
389.88,449.1
389.89,442.7
389.91,431.9
389.93,423.7
389.94,420.5
389.96,416.1
389.98,414.4
389.99,414.6
390.01,417.0
390.02,419.3
390.04,426.2
390.06,436.3
390.07,442.7
390.09,458.0
390.11,477.0
390.12,488.0
390.14,513.1
390.16,542.6
390.17,559.1
390.19,595.6
390.21,637.0
390.22,659.7
390.24,708.9
390.26,763.6
390.27,792.9
390.29,855.8
390.31,924.2
390.32,960.4
390.34,1037.0
390.35,1077.0
390.37,1161.0
390.39,1250.0
390.4,1296.0
390.42,1390.0
390.44,1489.0
390.45,1539.0
390.47,1640.0
390.49,1744.0
390.5,1795.0
390.52,1899.0
390.54,2001.0
390.55,2051.0
390.57,2150.0
390.59,2245.0
390.6,2291.0
390.62,2377.0
390.64,2458.0
390.65,2495.0
390.67,2563.0
390.69,2622.0
390.7,2648.0
390.72,2692.0
390.73,2710.0
390.75,2738.0
390.77,2753.0
390.78,2757.0
390.8,2754.0
390.82,2740.0
390.83,2729.0
390.85,2697.0
390.87,2654.0
390.88,2629.0
390.9,2570.0
390.92,2502.0
390.93,2465.0
390.95,2385.0
390.97,2297.0
390.98,2251.0
391.0,2155.0
391.02,2055.0
391.03,2004.0
391.05,1899.0
391.07,1794.0
391.08,1741.0
391.1,1636.0
391.11,1583.0
391.13,1480.0
391.15,1380.0
391.16,1331.0
391.18,1236.0
391.2,1146.0
391.21,1102.0
391.23,1020.0
391.25,942.2
391.26,905.7
391.28,837.1
391.3,774.4
391.31,745.2
391.33,691.2
391.35,642.9
391.36,620.9
391.38,580.7
391.4,545.6
391.41,529.8
391.43,501.7
391.44,489.2
391.46,467.2
391.48,448.8
391.49,440.8
391.51,427.0
391.53,415.8
391.54,411.1
391.56,403.2
391.58,397.0
391.59,394.5
391.61,390.3
391.63,387.2
391.64,386.0
391.66,384.0
391.68,382.6
391.69,382.0
391.71,381.1
391.73,380.4
391.74,380.1
391.76,379.5
391.78,379.1
391.79,378.9
391.81,378.5
391.82,378.3
391.84,378.0
391.86,377.8
391.87,377.7
391.89,377.7
391.91,377.7
391.92,377.8
391.94,378.1
391.96,378.6
391.97,378.9
391.99,379.7
392.01,380.6
392.02,381.2
392.04,382.4
392.06,383.8
392.07,384.6
392.09,386.2
392.11,388.0
392.12,389.0
392.14,391.0
392.16,393.1
392.17,394.3
392.19,396.7
392.2,398.1
392.22,401.0
392.24,404.4
392.25,406.3
392.27,410.8
392.29,416.1
392.3,419.2
392.32,426.6
392.34,435.8
392.35,441.2
392.37,453.9
392.39,469.8
392.4,479.1
392.42,501.0
392.44,527.8
392.45,543.4
392.47,579.5
392.49,623.1
392.5,648.2
392.52,705.5
392.54,773.8
392.55,812.5
392.57,900.2
392.58,949.6
392.6,1061.0
392.62,1190.0
392.63,1263.0
392.65,1424.0
392.67,1609.0
392.68,1712.0
392.7,1938.0
392.72,2196.0
392.73,2337.0
392.75,2647.0
392.77,2996.0
392.78,3185.0
392.8,3597.0
392.82,4056.0
392.83,4303.0
392.85,4837.0
392.87,5423.0
392.88,5737.0
392.9,6408.0
392.91,6765.0
392.93,7524.0
392.95,8344.0
392.96,8776.0
392.98,9686.0
393.0,10650.0
393.01,11160.0
393.03,12220.0
393.05,13320.0
393.06,13890.0
393.08,15070.0
393.1,16290.0
393.11,16910.0
393.13,18180.0
393.15,19460.0
393.16,20100.0
393.18,21400.0
393.2,22690.0
393.21,23320.0
393.23,24580.0
393.25,25790.0
393.26,26380.0
393.28,27520.0
393.29,28060.0
393.31,29080.0
393.33,30010.0
393.34,30440.0
393.36,31220.0
393.38,31880.0
393.39,32160.0
393.41,32630.0
393.43,32960.0
393.44,33070.0
393.46,33190.0
393.48,33150.0
393.49,33080.0
393.51,32830.0
393.53,32440.0
393.54,32190.0
393.56,31590.0
393.58,30870.0
393.59,30460.0
393.61,29560.0
393.63,28560.0
393.64,28030.0
393.66,26890.0
393.67,26300.0
393.69,25070.0
393.71,23790.0
393.72,23130.0
393.74,21800.0
393.76,20460.0
393.77,19790.0
393.79,18450.0
393.81,17120.0
393.82,16470.0
393.84,15190.0
393.86,13950.0
393.87,13350.0
393.89,12180.0
393.91,11080.0
393.92,10550.0
393.94,9544.0
393.96,8606.0
393.97,8163.0
393.99,7331.0
394.01,6570.0
394.02,6216.0
394.04,5561.0
394.05,5258.0
394.07,4703.0
394.09,4212.0
394.1,3990.0
394.12,3588.0
394.14,3241.0
394.15,3087.0
394.17,2815.0
394.19,2588.0
394.2,2490.0
394.22,2323.0
394.24,2189.0
394.25,2134.0
394.27,2046.0
394.29,1982.0
394.3,1958.0
394.32,1926.0
394.34,1910.0
394.35,1908.0
394.37,1913.0
394.38,1920.0
394.4,1941.0
394.42,1969.0
394.43,1985.0
394.45,2022.0
394.47,2063.0
394.48,2085.0
394.5,2130.0
394.52,2176.0
394.53,2200.0
394.55,2249.0
394.57,2298.0
394.58,2322.0
394.6,2371.0
394.62,2421.0
394.63,2445.0
394.65,2494.0
394.67,2542.0
394.68,2567.0
394.7,2614.0
394.72,2661.0
394.73,2684.0
394.75,2730.0
394.76,2752.0
394.78,2795.0
394.8,2837.0
394.81,2857.0
394.83,2894.0
394.85,2928.0
394.86,2944.0
394.88,2972.0
394.9,2996.0
394.91,3005.0
394.93,3021.0
394.95,3029.0
394.96,3031.0
394.98,3029.0
395.0,3019.0
395.01,3011.0
395.03,2989.0
395.05,2959.0
395.06,2940.0
395.08,2897.0
395.1,2845.0
395.11,2816.0
395.13,2751.0
395.14,2716.0
395.16,2640.0
395.18,2557.0
395.19,2513.0
395.21,2421.0
395.23,2323.0
395.24,2273.0
395.26,2169.0
395.28,2063.0
395.29,2010.0
395.31,1901.0
395.33,1793.0
395.34,1739.0
395.36,1632.0
395.38,1527.0
395.39,1476.0
395.41,1377.0
395.43,1282.0
395.44,1237.0
395.46,1151.0
395.48,1072.0
395.49,1035.0
395.51,966.8
395.52,935.8
395.54,880.3
395.56,833.7
395.57,813.9
395.59,781.5
395.61,759.0
395.62,751.5
395.64,744.2
395.66,747.3
395.67,752.8
395.69,771.6
395.71,800.9
395.72,819.6
395.74,864.6
395.76,919.9
395.77,951.3
395.79,1022.0
395.81,1101.0
395.82,1145.0
395.84,1238.0
395.85,1288.0
395.87,1394.0
395.89,1507.0
395.9,1567.0
395.92,1690.0
395.94,1819.0
395.95,1885.0
395.97,2021.0
395.99,2161.0
396.0,2232.0
396.02,2375.0
396.04,2520.0
396.05,2593.0
396.07,2740.0
396.09,2886.0
396.1,2960.0
396.12,3106.0
396.14,3252.0
396.15,3325.0
396.17,3471.0
396.19,3617.0
396.2,3691.0
396.22,3839.0
396.23,3914.0
396.25,4068.0
396.27,4226.0
396.28,4308.0
396.3,4478.0
396.32,4657.0
396.33,4751.0
396.35,4950.0
396.37,5164.0
396.38,5278.0
396.4,5519.0
396.42,5783.0
396.43,5923.0
396.45,6221.0
396.47,6546.0
396.48,6718.0
396.5,7083.0
396.52,7476.0
396.53,7682.0
396.55,8116.0
396.57,8577.0
396.58,8817.0
396.6,9314.0
396.61,9571.0
396.63,10100.0
396.65,10640.0
396.66,10920.0
396.68,11480.0
396.7,12040.0
396.71,12320.0
396.73,12880.0
396.75,13430.0
396.76,13700.0
396.78,14220.0
396.8,14720.0
396.81,14960.0
396.83,15400.0
396.85,15800.0
396.86,15990.0
396.88,16320.0
396.9,16600.0
396.91,16720.0
396.93,16910.0
396.95,17030.0
396.96,17070.0
396.98,17110.0
396.99,17100.0
397.01,17030.0
397.03,16900.0
397.04,16810.0
397.06,16580.0
397.08,16300.0
397.09,16140.0
397.11,15770.0
397.13,15350.0
397.14,15130.0
397.16,14650.0
397.18,14130.0
397.19,13860.0
397.21,13300.0
397.23,12710.0
397.24,12410.0
397.26,11800.0
397.28,11180.0
397.29,10870.0
397.31,10250.0
397.32,9941.0
397.34,9326.0
397.36,8720.0
397.37,8422.0
397.39,7837.0
397.41,7270.0
397.42,6994.0
397.44,6457.0
397.46,5944.0
397.47,5697.0
397.49,5221.0
397.51,4771.0
397.52,4556.0
397.54,4145.0
397.56,3762.0
397.57,3580.0
397.59,3236.0
397.61,2918.0
397.62,2768.0
397.64,2487.0
397.66,2231.0
397.67,2111.0
397.69,1888.0
397.7,1785.0
397.72,1593.0
397.74,1422.0
397.75,1343.0
397.77,1199.0
397.79,1072.0
397.8,1015.0
397.82,911.0
397.84,821.4
397.85,781.6
397.87,711.3
397.89,652.7
397.9,627.4
397.92,584.3
397.94,550.5
397.95,536.9
397.97,515.4
397.99,501.1
398.0,496.4
398.02,491.4
398.04,491.8
398.05,493.7
398.07,500.8
398.08,505.8
398.1,518.2
398.12,533.4
398.13,541.9
398.15,560.4
398.17,580.5
398.18,591.0
398.2,612.7
398.22,635.0
398.23,646.2
398.25,668.9
398.27,691.5
398.28,702.7
398.3,724.9
398.32,746.6
398.33,757.2
398.35,778.1
398.37,798.5
398.38,808.4
398.4,828.0
398.42,847.2
398.43,856.6
398.45,875.3
398.46,884.6
398.48,903.1
398.5,921.7
398.51,931.0
398.53,949.9
398.55,969.0
398.56,978.8
398.58,998.5
398.6,1019.0
398.61,1029.0
398.63,1050.0
398.65,1071.0
398.66,1082.0
398.68,1104.0
398.7,1125.0
398.71,1136.0
398.73,1157.0
398.75,1178.0
398.76,1188.0
398.78,1207.0
398.79,1216.0
398.81,1233.0
398.83,1248.0
398.84,1255.0
398.86,1268.0
398.88,1277.0
398.89,1281.0
398.91,1287.0
398.93,1290.0
398.94,1290.0
398.96,1288.0
398.98,1284.0
398.99,1280.0
399.01,1271.0
399.03,1259.0
399.04,1252.0
399.06,1237.0
399.08,1220.0
399.09,1210.0
399.11,1190.0
399.13,1169.0
399.14,1158.0
399.16,1136.0
399.17,1125.0
399.19,1103.0
399.21,1081.0
399.22,1071.0
399.24,1050.0
399.26,1032.0
399.27,1023.0
399.29,1007.0
399.31,992.3
399.32,986.0
399.34,974.9
399.36,966.1
399.37,962.5
399.39,956.9
399.41,953.3
399.42,952.2
399.44,951.2
399.46,951.6
399.47,952.3
399.49,954.3
399.51,956.9
399.52,958.3
399.54,961.1
399.55,962.3
399.57,964.4
399.59,965.6
399.6,965.8
399.62,964.9
399.64,962.3
399.65,960.3
399.67,954.6
399.69,946.6
399.7,941.6
399.72,929.9
399.74,915.5
399.75,907.4
399.77,889.1
399.79,868.4
399.8,857.1
399.82,832.8
399.84,806.4
399.85,792.5
399.87,763.3
399.89,732.6
399.9,716.7
399.92,684.2
399.93,667.6
399.95,634.0
399.97,600.1
399.98,583.0
400.0,549.1
400.02,515.4
400.03,498.8
400.05,466.2
400.07,434.5
400.08,419.1
400.1,389.2
400.12,360.7
400.13,347.0
400.15,320.7
400.17,296.1
400.18,284.4
400.2,262.3
400.22,241.9
400.23,232.4
400.25,214.5
400.26,206.2
400.28,190.8
400.3,176.9
400.31,170.5
400.33,158.7
400.35,148.3
400.36,143.5
400.38,134.9
400.4,127.3
400.41,123.9
400.43,117.6
400.45,112.2
400.46,109.7
400.48,105.3
400.5,101.3
400.51,99.53
400.53,96.23
400.55,93.25
400.56,91.86
400.58,89.24
400.6,86.77
400.61,85.59
400.63,83.27
400.64,82.13
400.66,79.88
400.68,77.64
400.69,76.52
400.71,74.25
400.73,71.96
400.74,70.81
400.76,68.47
400.78,66.11
400.79,64.92
400.81,62.53
400.83,60.14
400.84,58.95
400.86,56.58
400.88,54.26
400.89,53.11
400.91,50.88
400.93,48.73
400.94,47.69
400.96,45.69
400.98,43.83
400.99,42.95
401.01,41.3
401.02,40.54
401.04,39.13
401.06,37.91
401.07,37.37
401.09,36.42
401.11,35.66
401.12,35.36
401.14,34.89
401.16,34.61
401.17,34.54
401.19,34.54
401.21,34.72
401.22,34.87
401.24,35.28
401.26,35.85
401.27,36.18
401.29,36.94
401.31,37.8
401.32,38.26
401.34,39.25
401.36,40.29
401.37,40.83
401.39,41.92
401.4,42.46
401.42,43.55
401.44,44.61
401.45,45.12
401.47,46.1
401.49,46.99
401.5,47.4
401.52,48.15
401.54,48.76
401.55,49.02
401.57,49.43
401.59,49.69
401.6,49.75
401.62,49.76
401.64,49.6
401.65,49.46
401.67,49.04
401.69,48.45
401.7,48.1
401.72,47.27
401.73,46.81
401.75,45.76
401.77,44.59
401.78,43.95
401.8,42.61
401.82,41.18
401.83,40.44
401.85,38.9
401.87,37.33
401.88,36.53
401.9,34.94
401.92,33.35
401.93,32.56
401.95,31.03
401.97,29.55
401.98,28.84
402.0,27.48
402.02,26.23
402.03,25.65
402.05,24.59
402.07,23.66
402.08,23.26
402.1,22.57
402.11,22.29
402.13,21.87
402.15,21.63
402.16,21.58
402.18,21.64
402.2,21.91
402.21,22.12
402.23,22.71
402.25,23.54
402.26,24.04
402.28,25.23
402.3,26.68
402.31,27.5
402.33,29.36
402.35,31.51
402.36,32.71
402.38,35.35
402.4,38.34
402.41,39.98
402.43,43.58
402.45,47.62
402.46,49.82
402.48,54.61
402.49,57.22
402.51,62.9
402.53,69.23
402.54,72.67
402.56,80.14
402.58,88.45
402.59,92.95
402.61,102.7
402.63,113.5
402.64,119.3
402.66,131.9
402.68,145.7
402.69,153.2
402.71,169.1
402.73,186.5
402.74,195.8
402.76,215.6
402.78,237.0
402.79,248.4
402.81,272.3
402.82,284.9
402.84,311.4
402.86,339.6
402.87,354.3
402.89,384.8
402.91,416.8
402.92,433.3
402.94,467.2
402.96,502.2
402.97,520.0
402.99,556.2
403.01,593.0
403.02,611.4
403.04,648.4
403.06,685.1
403.07,703.2
403.09,739.0
403.11,773.6
403.12,790.4
403.14,822.8
403.16,853.2
403.17,867.6
403.19,894.4
403.2,906.8
403.22,929.4
403.24,948.8
403.25,957.3
403.27,971.5
403.29,982.0
403.3,985.8
403.32,990.6
403.34,991.4
403.35,990.3
403.37,985.2
403.39,976.3
403.4,970.5
403.42,956.0
403.44,938.1
403.45,927.9
403.47,905.2
403.49,879.6
403.5,865.8
403.52,836.5
403.54,805.2
403.55,788.9
403.57,755.1
403.58,737.8
403.6,702.4
403.62,666.3
403.63,648.1
403.65,611.7
403.67,575.5
403.68,557.5
403.7,522.0
403.72,487.4
403.73,470.5
403.75,437.6
403.77,406.0
403.78,390.7
403.8,361.4
403.82,333.8
403.83,320.6
403.85,295.6
403.87,272.4
403.88,261.5
403.9,241.0
403.92,222.4
403.93,213.7
403.95,197.6
403.96,190.3
403.98,176.7
404.0,164.8
404.01,159.4
404.03,149.6
404.05,141.3
404.06,137.6
404.08,131.2
404.1,125.9
404.11,123.7
404.13,120.1
404.15,117.4
404.16,116.4
404.18,115.0
404.2,114.4
404.21,114.3
404.23,114.7
404.25,115.7
404.26,116.4
404.28,118.2
404.29,119.2
404.31,121.6
404.33,124.3
404.34,125.7
404.36,128.8
404.38,132.0
404.39,133.7
404.41,137.0
404.43,140.4
404.44,142.0
404.46,145.3
404.48,148.3
404.49,149.8
404.51,152.5
404.53,154.9
404.54,156.0
404.56,157.9
404.58,159.3
404.59,159.9
404.61,160.7
404.63,161.0
404.64,161.0
404.66,160.5
404.67,160.1
404.69,158.9
404.71,157.3
404.72,156.3
404.74,153.9
404.76,151.2
404.77,149.7
404.79,146.4
404.81,142.8
404.82,140.9
404.84,137.1
404.86,133.1
404.87,131.0
404.89,127.0
404.91,123.0
404.92,121.0
404.94,117.3
404.96,113.7
404.97,112.1
404.99,109.0
405.01,106.3
405.02,105.2
405.04,103.2
405.05,102.4
405.07,101.2
405.09,100.6
405.1,100.6
405.12,100.9
405.14,101.8
405.15,102.4
405.17,104.2
405.19,106.6
405.2,108.0
405.22,111.3
405.24,115.0
405.25,117.0
405.27,121.4
405.29,126.1
405.3,128.6
405.32,133.7
405.34,139.1
405.35,141.8
405.37,147.3
405.39,152.8
405.4,155.5
405.42,160.9
405.43,163.5
405.45,168.6
405.47,173.3
405.48,175.6
405.5,179.8
405.52,183.7
405.53,185.4
405.55,188.5
405.57,191.2
405.58,192.3
405.6,194.2
405.62,195.5
405.63,196.0
405.65,196.6
405.67,196.8
405.68,196.7
405.7,196.3
405.72,195.5
405.73,195.0
405.75,193.9
405.76,193.2
405.78,191.8
405.8,190.3
405.81,189.6
405.83,188.1
405.85,186.7
405.86,186.1
405.88,185.1
405.9,184.3
405.91,184.0
405.93,183.8
405.95,183.9
405.96,184.1
405.98,184.9
406.0,186.2
406.01,187.0
406.03,189.0
406.05,191.4
406.06,192.8
406.08,196.0
406.1,199.5
406.11,201.4
406.13,205.5
406.14,207.7
406.16,212.1
406.18,216.8
406.19,219.2
406.21,224.1
406.23,228.9
406.24,231.4
406.26,236.1
406.28,240.7
406.29,242.9
406.31,247.1
406.33,251.0
406.34,252.8
406.36,256.0
406.38,258.8
406.39,260.0
406.41,262.0
406.43,263.5
406.44,264.0
406.46,264.6
406.48,264.6
406.49,264.4
406.51,263.5
406.52,262.8
406.54,261.1
406.56,258.9
406.57,257.6
406.59,254.6
406.61,251.2
406.62,249.3
406.64,245.3
406.66,240.9
406.67,238.6
406.69,233.8
406.71,228.8
406.72,226.2
406.74,220.9
406.76,215.5
406.77,212.8
406.79,207.3
406.81,201.9
406.82,199.2
406.84,193.8
406.86,188.5
406.87,185.9
406.89,180.9
406.9,178.5
406.92,173.9
406.94,169.5
406.95,167.5
406.97,163.7
406.99,160.4
407.0,158.9
407.02,156.3
407.04,154.4
407.05,153.6
407.07,152.7
407.09,152.5
407.1,152.7
407.12,153.9
407.14,155.9
407.15,157.4
407.17,161.0
407.19,165.9
407.2,168.7
407.22,175.4
407.23,179.2
407.25,187.9
407.27,198.0
407.28,203.6
407.3,216.0
407.32,229.8
407.33,237.3
407.35,253.4
407.37,271.0
407.38,280.3
407.4,300.1
407.42,321.3
407.43,332.3
407.45,355.4
407.47,379.5
407.48,391.9
407.5,417.4
407.52,443.6
407.53,456.8
407.55,483.6
407.57,510.5
407.58,523.9
407.6,550.4
407.61,563.5
407.63,589.2
407.65,613.9
407.66,625.8
407.68,648.5
407.7,669.6
407.71,679.5
407.73,697.8
407.75,713.9
407.76,721.0
407.78,733.4
407.8,743.3
407.81,747.2
407.83,753.0
407.85,756.1
407.86,756.6
407.88,755.6
407.9,751.9
407.91,749.1
407.93,741.7
407.95,732.1
407.96,726.5
407.98,713.9
407.99,706.9
408.01,692.0
408.03,675.9
408.04,667.5
408.06,650.3
408.08,632.8
408.09,624.0
408.11,606.7
408.13,590.1
408.14,582.1
408.16,567.0
408.18,553.3
408.19,547.2
408.21,536.3
408.23,527.6
408.24,524.1
408.26,519.0
408.28,516.5
408.29,516.3
408.31,518.0
408.33,522.5
408.34,525.8
408.36,534.6
408.37,540.0
408.39,552.7
408.41,567.9
408.42,576.4
408.44,595.0
408.46,615.5
408.47,626.4
408.49,649.2
408.51,673.0
408.52,685.2
408.54,710.0
408.56,734.9
408.57,747.2
408.59,771.4
408.61,794.7
408.62,805.9
408.64,827.0
408.66,846.2
408.67,855.0
408.69,870.7
408.7,877.5
408.72,889.0
408.74,897.4
408.75,900.4
408.77,903.7
408.79,903.6
408.8,902.2
408.82,896.7
408.84,887.8
408.85,881.9
408.87,867.8
408.89,850.4
408.9,840.5
408.92,818.6
408.94,793.9
408.95,780.6
408.97,752.4
408.99,722.3
409.0,706.6
409.02,674.1
409.04,640.6
409.05,623.5
409.07,588.9
409.08,571.5
409.1,536.6
409.12,502.0
409.13,484.9
409.15,451.2
409.17,418.4
409.18,402.4
409.2,371.4
409.22,341.8
409.23,327.6
409.25,300.5
409.27,275.2
409.28,263.2
409.3,240.7
409.32,220.1
409.33,210.5
409.35,192.9
409.37,177.2
409.38,170.0
409.4,157.2
409.42,146.1
409.43,141.3
409.45,132.9
409.46,129.4
409.48,123.5
409.5,119.1
409.51,117.5
409.53,115.3
409.55,114.5
409.56,114.5
409.58,115.5
409.6,117.6
409.61,119.1
409.63,122.7
409.65,127.3
409.66,129.9
409.68,135.7
409.7,142.2
409.71,145.7
409.73,153.1
409.75,161.1
409.76,165.3
409.78,174.0
409.8,183.0
409.81,187.6
409.83,197.0
409.84,201.8
409.86,211.4
409.88,221.0
409.89,225.8
409.91,235.2
409.93,244.5
409.94,249.0
409.96,257.8
409.98,266.2
409.99,270.2
410.01,277.7
410.03,284.6
410.04,287.8
410.06,293.6
410.08,298.5
410.09,300.6
410.11,304.2
410.13,306.8
410.14,307.7
410.16,308.8
410.17,308.9
410.19,308.4
410.21,306.9
410.22,305.7
410.24,302.5
410.26,298.4
410.27,295.9
410.29,290.3
410.31,283.9
410.32,280.3
410.34,272.6
410.36,264.2
410.37,259.8
410.39,250.5
410.41,240.7
410.42,235.7
410.44,225.3
410.46,214.7
410.47,209.4
410.49,198.6
410.51,187.8
410.52,182.4
410.54,171.7
410.55,166.4
410.57,156.0
410.59,145.8
410.6,140.9
410.62,131.2
410.64,122.0
410.65,117.5
410.67,108.9
410.69,100.7
410.7,96.84
410.72,89.41
410.74,82.47
410.75,79.18
410.77,72.95
410.79,67.2
410.8,64.5
410.82,59.42
410.84,54.78
410.85,52.61
410.87,48.57
410.89,44.91
410.9,43.22
410.92,40.08
410.93,38.63
410.95,35.96
410.97,33.58
410.98,32.5
411.0,30.52
411.02,28.78
411.03,28.0
411.05,26.62
411.07,25.45
411.08,24.95
411.1,24.1
411.12,23.47
411.13,23.24
411.15,22.93
411.17,22.85
411.18,22.9
411.2,23.18
411.22,23.71
411.23,24.08
411.25,25.03
411.26,25.62
411.28,27.03
411.3,28.78
411.31,29.79
411.33,32.09
411.35,34.8
411.36,36.31
411.38,39.67
411.4,43.5
411.41,45.6
411.43,50.2
411.45,55.34
411.46,58.12
411.48,64.14
411.5,70.78
411.51,74.35
411.53,81.97
411.55,90.3
411.56,94.73
411.58,104.2
411.6,114.4
411.61,119.8
411.63,131.2
411.64,137.2
411.66,149.9
411.68,163.5
411.69,170.7
411.71,185.7
411.73,201.8
411.74,210.2
411.76,227.8
411.78,246.5
411.79,256.2
411.81,276.6
411.83,298.2
411.84,309.5
411.86,332.9
411.88,357.6
411.89,370.4
411.91,397.0
411.93,425.0
411.94,439.4
411.96,469.2
411.98,500.4
411.99,516.4
412.01,549.3
412.02,566.2
412.04,600.9
412.06,636.5
412.07,654.7
412.09,691.8
412.11,729.6
412.12,748.8
412.14,787.5
412.16,826.7
412.17,846.4
412.19,885.9
412.21,925.5
412.22,945.4
412.24,984.9
412.26,1024.0
412.27,1044.0
412.29,1083.0
412.31,1121.0
412.32,1140.0
412.34,1178.0
412.36,1215.0
412.37,1234.0
412.39,1271.0
412.4,1289.0
412.42,1326.0
412.44,1363.0
412.45,1382.0
412.47,1420.0
412.49,1459.0
412.5,1478.0
412.52,1519.0
412.54,1560.0
412.55,1582.0
412.57,1626.0
412.59,1673.0
412.6,1697.0
412.62,1748.0
412.64,1800.0
412.65,1828.0
412.67,1884.0
412.69,1944.0
412.7,1974.0
412.72,2037.0
412.73,2069.0
412.75,2135.0
412.77,2202.0
412.78,2236.0
412.8,2304.0
412.82,2372.0
412.83,2406.0
412.85,2473.0
412.87,2537.0
412.88,2569.0
412.9,2628.0
412.92,2684.0
412.93,2710.0
412.95,2758.0
412.97,2799.0
412.98,2817.0
413.0,2847.0
413.02,2869.0
413.03,2877.0
413.05,2885.0
413.07,2884.0
413.08,2880.0
413.1,2865.0
413.11,2853.0
413.13,2822.0
413.15,2782.0
413.16,2758.0
413.18,2704.0
413.2,2640.0
413.21,2605.0
413.23,2529.0
413.25,2446.0
413.26,2402.0
413.28,2310.0
413.3,2212.0
413.31,2162.0
413.33,2058.0
413.35,1952.0
413.36,1898.0
413.38,1790.0
413.4,1681.0
413.41,1627.0
413.43,1519.0
413.45,1414.0
413.46,1362.0
413.48,1260.0
413.49,1211.0
413.51,1115.0
413.53,1024.0
413.54,980.3
413.56,896.5
413.58,818.3
413.59,781.2
413.61,711.5
413.63,647.7
413.64,618.0
413.66,563.1
413.68,514.2
413.69,491.9
413.71,451.6
413.73,417.0
413.74,401.7
413.76,375.2
413.78,353.7
413.79,344.8
413.81,330.5
413.83,320.6
413.84,317.2
413.86,313.4
413.87,312.9
413.89,314.5
413.91,319.2
413.92,322.7
413.94,331.7
413.96,343.1
413.97,349.5
413.99,363.9
414.01,379.8
414.02,388.3
414.04,406.0
414.06,424.5
414.07,433.9
414.09,453.1
414.11,472.2
414.12,481.7
414.14,500.4
414.16,518.4
414.17,527.1
414.19,543.6
414.2,551.5
414.22,566.0
414.24,579.0
414.25,584.8
414.27,595.1
414.29,603.3
414.3,606.7
414.32,611.8
414.34,614.7
414.35,615.3
414.37,614.9
414.39,612.2
414.4,610.0
414.42,604.1
414.44,596.1
414.45,591.3
414.47,580.4
414.49,567.8
414.5,560.9
414.52,546.0
414.54,529.8
414.55,521.4
414.57,503.7
414.58,494.6
414.6,475.9
414.62,456.9
414.63,447.3
414.65,428.2
414.67,409.3
414.68,399.9
414.7,381.7
414.72,364.2
414.73,355.7
414.75,339.6
414.77,324.5
414.78,317.5
414.8,304.3
414.82,292.5
414.83,287.2
414.85,277.6
414.87,269.4
414.88,265.9
414.9,260.0
414.92,255.6
414.93,253.9
414.95,251.5
414.96,250.8
414.98,250.2
415.0,250.8
415.01,251.5
415.03,253.4
415.05,256.2
415.06,257.8
415.08,261.4
415.1,265.4
415.11,267.5
415.13,271.7
415.15,275.9
415.16,278.0
415.18,281.8
415.2,285.3
415.21,286.9
415.23,289.6
415.25,291.6
415.26,292.3
415.28,293.1
415.3,293.1
415.31,292.7
415.33,291.2
415.34,290.1
415.36,287.2
415.38,283.3
415.39,281.0
415.41,275.7
415.43,269.6
415.44,266.1
415.46,258.7
415.48,250.6
415.49,246.3
415.51,237.3
415.53,227.8
415.54,222.9
415.56,212.8
415.58,202.5
415.59,197.3
415.61,186.9
415.63,176.5
415.64,171.3
415.66,161.2
415.67,156.2
415.69,146.4
415.71,137.1
415.72,132.6
415.74,124.0
415.76,116.0
415.77,112.2
415.79,105.1
415.81,98.75
415.82,95.83
415.84,90.56
415.86,86.05
415.87,84.09
415.89,80.76
415.91,78.22
415.92,77.26
415.94,75.91
415.96,75.35
415.97,75.35
415.99,75.93
416.01,77.23
416.02,78.14
416.04,80.48
416.05,81.9
416.07,85.19
416.09,89.05
416.1,91.18
416.12,95.82
416.14,100.9
416.15,103.6
416.17,109.2
416.19,115.1
416.2,118.2
416.22,124.4
416.24,130.7
416.25,133.8
416.27,140.2
416.29,146.4
416.3,149.5
416.32,155.5
416.34,161.2
416.35,163.9
416.37,169.1
416.39,173.9
416.4,176.2
416.42,180.2
416.43,182.1
416.45,185.3
416.47,188.0
416.48,189.1
416.5,190.9
416.52,192.1
416.53,192.4
416.55,192.7
416.57,192.4
416.58,192.1
416.6,191.0
416.62,189.4
416.63,188.5
416.65,186.3
416.67,183.9
416.68,182.5
416.7,179.7
416.72,176.8
416.73,175.3
416.75,172.4
416.77,169.5
416.78,168.1
416.8,165.6
416.81,164.4
416.83,162.3
416.85,160.6
416.86,159.9
416.88,159.0
416.9,158.7
416.91,158.7
416.93,159.4
416.95,160.9
416.96,161.9
416.98,164.6
417.0,168.2
417.01,170.3
417.03,175.3
417.05,181.3
417.06,184.7
417.08,192.3
417.1,201.0
417.11,205.8
417.13,216.2
417.14,221.9
417.16,234.3
417.18,248.0
417.19,255.3
417.21,271.1
417.23,288.3
417.24,297.5
417.26,317.0
417.28,338.1
417.29,349.3
417.31,372.9
417.33,398.1
417.34,411.4
417.36,439.3
417.38,468.8
417.39,484.2
417.41,516.3
417.43,550.0
417.44,567.4
417.46,603.3
417.48,640.7
417.49,659.8
417.51,698.9
417.52,718.8
417.54,759.1
417.56,800.1
417.57,820.6
417.59,861.9
417.61,903.0
417.62,923.3
417.64,963.5
417.66,1003.0
417.67,1022.0
417.69,1058.0
417.71,1093.0
417.72,1110.0
417.74,1141.0
417.76,1169.0
417.77,1182.0
417.79,1205.0
417.81,1225.0
417.82,1233.0
417.84,1247.0
417.86,1256.0
417.87,1259.0
417.89,1262.0
417.9,1261.0
417.92,1257.0
417.94,1248.0
417.95,1243.0
417.97,1227.0
417.99,1208.0
418.0,1197.0
418.02,1171.0
418.04,1142.0
418.05,1126.0
418.07,1092.0
418.09,1056.0
418.1,1036.0
418.12,996.2
418.14,954.0
418.15,932.4
418.17,888.2
418.19,843.3
418.2,820.6
418.22,775.1
418.24,729.7
418.25,707.2
418.27,662.7
418.28,640.9
418.3,598.0
418.32,556.5
418.33,536.4
418.35,497.6
418.37,460.7
418.38,443.1
418.4,409.6
418.42,378.3
418.43,363.7
418.45,336.1
418.47,311.1
418.48,299.5
418.5,278.3
418.52,259.5
418.53,251.1
418.55,236.0
418.57,223.3
418.58,217.8
418.6,208.4
418.61,204.5
418.63,198.2
418.65,193.8
418.66,192.3
418.68,190.6
418.7,190.3
418.71,190.8
418.73,192.6
418.75,195.6
418.76,197.5
418.78,202.0
418.8,207.3
418.81,210.2
418.83,216.4
418.85,223.0
418.86,226.4
418.88,233.5
418.9,240.7
418.91,244.3
418.93,251.4
418.95,258.4
418.96,261.8
418.98,268.5
418.99,271.7
419.01,277.9
419.03,283.8
419.04,286.6
419.06,291.8
419.08,296.6
419.09,298.9
419.11,303.2
419.13,307.1
419.14,309.0
419.16,312.4
419.18,315.7
419.19,317.2
419.21,320.3
419.23,323.2
419.24,324.7
419.26,327.7
419.28,330.7
419.29,332.3
419.31,335.7
419.33,339.3
419.34,341.2
419.36,345.3
419.37,347.4
419.39,352.0
419.41,357.0
419.42,359.6
419.44,365.1
419.46,371.0
419.47,374.0
419.49,380.4
419.51,387.0
419.52,390.4
419.54,397.3
419.56,404.4
419.57,408.0
419.59,415.2
419.61,422.4
419.62,426.0
419.64,433.2
419.66,440.4
419.67,443.9
419.69,451.0
419.71,458.0
419.72,461.6
419.74,468.7
419.75,472.4
419.77,479.8
419.79,487.6
419.8,491.7
419.82,500.4
419.84,509.9
419.85,515.1
419.87,526.3
419.89,539.0
419.9,546.0
419.92,561.5
419.94,579.3
419.95,589.1
419.97,610.8
419.99,635.5
420.0,649.1
420.02,678.9
420.04,712.4
420.05,730.7
420.07,770.3
420.08,791.6
420.1,837.6
420.12,888.0
420.13,914.9
420.15,971.9
420.17,1033.0
420.18,1065.0
420.2,1133.0
420.22,1204.0
420.23,1241.0
420.25,1317.0
420.27,1396.0
420.28,1436.0
420.3,1518.0
420.32,1601.0
420.33,1643.0
420.35,1726.0
420.37,1809.0
420.38,1850.0
420.4,1930.0
420.42,2006.0
420.43,2044.0
420.45,2114.0
420.46,2148.0
420.48,2211.0
420.5,2268.0
420.51,2294.0
420.53,2340.0
420.55,2378.0
420.56,2394.0
420.58,2419.0
420.6,2436.0
420.61,2440.0
420.63,2443.0
420.65,2436.0
420.66,2429.0
420.68,2408.0
420.7,2378.0
420.71,2360.0
420.73,2317.0
420.75,2266.0
420.76,2238.0
420.78,2176.0
420.8,2107.0
420.81,2071.0
420.83,1994.0
420.84,1954.0
420.86,1870.0
420.88,1784.0
420.89,1739.0
420.91,1649.0
420.93,1557.0
420.94,1511.0
420.96,1419.0
420.98,1328.0
420.99,1283.0
421.01,1193.0
421.03,1106.0
421.04,1063.0
421.06,980.0
421.08,900.0
421.09,861.3
421.11,786.8
421.13,716.2
421.14,682.4
421.16,618.0
421.17,587.3
421.19,529.2
421.21,475.2
421.22,449.8
421.24,402.1
421.26,358.4
421.27,338.0
421.29,300.0
421.31,265.5
421.32,249.6
421.34,220.2
421.36,193.8
421.37,181.8
421.39,159.7
421.41,140.1
421.42,131.2
421.44,115.1
421.46,101.0
421.47,94.68
421.49,83.34
421.51,73.61
421.52,69.3
421.54,61.72
421.55,58.4
421.57,52.67
421.59,48.04
421.6,46.1
421.62,42.94
421.64,40.68
421.65,39.86
421.67,38.82
421.69,38.55
421.7,38.69
421.72,39.5
421.74,41.01
421.75,42.03
421.77,44.57
421.79,47.8
421.8,49.68
421.82,53.94
421.84,58.91
421.85,61.66
421.87,67.7
421.89,74.48
421.9,78.15
421.92,86.05
421.93,90.28
421.95,99.33
421.97,109.2
421.98,114.4
422.0,125.3
422.02,137.1
422.03,143.2
422.05,156.1
422.07,169.7
422.08,176.8
422.1,191.4
422.12,206.6
422.13,214.5
422.15,230.5
422.17,247.1
422.18,255.5
422.2,272.6
422.22,289.9
422.23,298.7
422.25,316.2
422.27,333.8
422.28,342.6
422.3,359.9
422.31,368.5
422.33,385.3
422.35,401.7
422.36,409.7
422.38,425.1
422.4,439.7
422.41,446.7
422.43,459.9
422.45,472.0
422.46,477.6
422.48,487.8
422.5,496.7
422.51,500.6
422.53,507.4
422.55,512.6
422.56,514.6
422.58,517.4
422.6,518.5
422.61,518.5
422.63,517.2
422.64,516.0
422.66,512.2
422.68,506.9
422.69,503.7
422.71,496.1
422.73,487.1
422.74,482.1
422.76,471.2
422.78,459.0
422.79,452.6
422.81,438.9
422.83,424.4
422.84,416.8
422.86,401.3
422.88,385.2
422.89,377.0
422.91,360.5
422.93,343.8
422.94,335.5
422.96,318.9
422.98,302.6
422.99,294.5
423.01,278.8
423.02,271.1
423.04,256.3
423.06,242.2
423.07,235.5
423.09,222.7
423.11,211.0
423.12,205.5
423.14,195.4
423.16,186.4
423.17,182.4
423.19,175.4
423.21,169.7
423.22,167.3
423.24,163.7
423.26,161.4
423.27,160.7
423.29,160.5
423.31,161.7
423.32,162.9
423.34,166.1
423.36,170.8
423.37,173.6
423.39,180.2
423.4,184.0
423.42,192.5
423.44,202.2
423.45,207.5
423.47,218.9
423.49,231.3
423.5,237.9
423.52,251.7
423.54,266.3
423.55,273.9
423.57,289.6
423.59,305.9
423.6,314.2
423.62,331.1
423.64,348.3
423.65,357.0
423.67,374.4
423.69,391.8
423.7,400.5
423.72,417.6
423.74,434.4
423.75,442.6
423.77,458.7
423.78,466.4
423.8,481.4
423.82,495.6
423.83,502.4
423.85,515.1
423.87,526.7
423.88,532.1
423.9,541.9
423.92,550.4
423.93,554.2
423.95,560.7
423.97,565.8
423.98,567.8
424.0,570.6
424.02,572.1
424.03,572.2
424.05,571.4
424.07,569.2
424.08,567.5
424.1,563.2
424.11,560.5
424.13,554.2
424.15,546.6
424.16,542.3
424.18,533.0
424.2,522.5
424.21,516.9
424.23,505.1
424.25,492.4
424.26,485.7
424.28,471.9
424.3,457.5
424.31,450.1
424.33,434.9
424.35,419.4
424.36,411.6
424.38,395.7
424.4,379.7
424.41,371.6
424.43,355.6
424.45,339.6
424.46,331.7
424.48,315.9
424.49,308.2
424.51,292.9
424.53,277.9
424.54,270.6
424.56,256.2
424.58,242.4
424.59,235.6
424.61,222.5
424.63,210.0
424.64,203.9
424.66,192.2
424.68,181.1
424.69,175.8
424.71,165.6
424.73,156.0
424.74,151.4
424.76,142.6
424.78,134.5
424.79,130.6
424.81,123.3
424.83,116.4
424.84,113.2
424.86,107.1
424.87,104.3
424.89,98.9
424.91,93.94
424.92,91.61
424.94,87.23
424.96,83.21
424.97,81.33
424.99,77.79
425.01,74.55
425.02,73.04
425.04,70.19
425.06,67.59
425.07,66.37
425.09,64.08
425.11,61.98
425.12,60.99
425.14,59.14
425.16,57.44
425.17,56.65
425.19,55.14
425.21,53.76
425.22,53.11
425.24,51.88
425.25,51.3
425.27,50.2
425.29,49.18
425.3,48.69
425.32,47.77
425.34,46.9
425.35,46.48
425.37,45.69
425.39,44.93
425.4,44.56
425.42,43.85
425.44,43.16
425.45,42.83
425.47,42.17
425.49,41.53
425.5,41.21
425.52,40.58
425.54,39.97
425.55,39.66
425.57,39.06
425.58,38.76
425.6,38.17
425.62,37.59
425.63,37.31
425.65,36.75
425.67,36.21
425.68,35.94
425.7,35.43
425.72,34.94
425.73,34.71
425.75,34.27
425.77,33.87
425.78,33.68
425.8,33.33
425.82,33.03
425.83,32.89
425.85,32.66
425.87,32.47
425.88,32.39
425.9,32.28
425.92,32.21
425.93,32.19
425.95,32.19
425.96,32.21
425.98,32.27
426.0,32.37
426.01,32.43
426.03,32.57
426.05,32.74
426.06,32.83
426.08,33.02
426.1,33.22
426.11,33.32
426.13,33.52
426.15,33.71
426.16,33.8
426.18,33.96
426.2,34.1
426.21,34.16
426.23,34.26
426.25,34.33
426.26,34.35
426.28,34.35
426.3,34.32
426.31,34.29
426.33,34.2
426.34,34.14
426.36,33.99
426.38,33.8
426.39,33.7
426.41,33.47
426.43,33.23
426.44,33.1
426.46,32.84
426.48,32.58
426.49,32.45
426.51,32.21
426.53,32.0
426.54,31.92
426.56,31.78
426.58,31.71
426.59,31.7
426.61,31.75
426.63,31.91
426.64,32.03
426.66,32.37
426.68,32.85
426.69,33.14
426.71,33.86
426.72,34.28
426.74,35.26
426.76,36.44
426.77,37.1
426.79,38.58
426.81,40.27
426.82,41.2
426.84,43.22
426.86,45.46
426.87,46.66
426.89,49.22
426.91,52.0
426.92,53.46
426.94,56.53
426.96,59.78
426.97,61.46
426.99,64.95
427.01,68.58
427.02,70.44
427.04,74.22
427.05,76.14
427.07,80.03
427.09,83.95
427.1,85.91
427.12,89.82
427.14,93.69
427.15,95.59
427.17,99.33
427.19,102.9
427.2,104.7
427.22,108.1
427.24,111.2
427.25,112.7
427.27,115.6
427.29,118.2
427.3,119.3
427.32,121.5
427.34,123.3
427.35,124.1
427.37,125.5
427.39,126.5
427.4,126.9
427.42,127.5
427.43,127.6
427.45,127.6
427.47,127.3
427.48,127.1
427.5,126.3
427.52,125.3
427.53,124.6
427.55,123.2
427.57,121.5
427.58,120.5
427.6,118.5
427.62,116.2
427.63,115.1
427.65,112.6
427.67,110.0
427.68,108.7
427.7,106.0
427.72,103.2
427.73,101.8
427.75,99.02
427.77,96.26
427.78,94.89
427.8,92.21
427.81,90.89
427.83,88.34
427.85,85.9
427.86,84.72
427.88,82.49
427.9,80.41
427.91,79.43
427.93,77.6
427.95,75.95
427.96,75.19
427.98,73.82
428.0,72.63
428.01,72.1
428.03,71.18
428.05,70.42
428.06,70.1
428.08,69.58
428.1,69.2
428.11,69.05
428.13,68.84
428.15,68.72
428.16,68.69
428.18,68.68
428.19,68.69
428.21,68.74
428.23,68.8
428.24,68.83
428.26,68.87
428.28,68.88
428.29,68.87
428.31,68.8
428.33,68.66
428.34,68.56
428.36,68.29
428.38,67.94
428.39,67.73
428.41,67.23
428.43,66.64
428.44,66.31
428.46,65.58
428.48,64.78
428.49,64.34
428.51,63.43
428.52,62.95
428.54,61.96
428.56,60.94
428.57,60.42
428.59,59.37
428.61,58.33
428.62,57.81
428.64,56.8
428.66,55.84
428.67,55.38
428.69,54.51
428.71,53.71
428.72,53.34
428.74,52.67
428.76,52.1
428.77,51.86
428.79,51.44
428.81,51.13
428.82,51.01
428.84,50.86
428.86,50.81
428.87,50.82
428.89,50.91
428.9,50.98
428.92,51.2
428.94,51.48
428.95,51.65
428.97,52.02
428.99,52.43
429.0,52.65
429.02,53.11
429.04,53.59
429.05,53.83
429.07,54.31
429.09,54.79
429.1,55.02
429.12,55.46
429.14,55.88
429.15,56.08
429.17,56.46
429.19,56.8
429.2,56.96
429.22,57.26
429.24,57.53
429.25,57.66
429.27,57.89
429.28,58.01
429.3,58.23
429.32,58.46
429.33,58.58
429.35,58.83
429.37,59.13
429.38,59.29
429.4,59.66
429.42,60.11
429.43,60.37
429.45,60.97
429.47,61.68
429.48,62.09
429.5,63.01
429.52,64.09
429.53,64.7
429.55,66.05
429.57,67.59
429.58,68.44
429.6,70.31
429.62,72.39
429.63,73.52
429.65,75.95
429.66,77.25
429.68,80.03
429.7,83.05
429.71,84.64
429.73,87.99
429.75,91.55
429.76,93.41
429.78,97.27
429.8,101.3
429.81,103.4
429.83,107.6
429.85,112.0
429.86,114.3
429.88,118.8
429.9,123.4
429.91,125.7
429.93,130.3
429.95,134.9
429.96,137.1
429.98,141.7
429.99,143.9
430.01,148.3
430.03,152.6
430.04,154.8
430.06,158.9
430.08,162.9
430.09,164.8
430.11,168.6
430.13,172.3
430.14,174.1
430.16,177.6
430.18,181.0
430.19,182.6
430.21,185.9
430.23,189.2
430.24,190.9
430.26,194.2
430.28,197.6
430.29,199.3
430.31,202.9
430.33,206.6
430.34,208.6
430.36,212.7
430.37,214.9
430.39,219.5
430.41,224.5
430.42,227.1
430.44,232.7
430.46,238.8
430.47,242.0
430.49,248.8
430.51,256.1
430.52,260.0
430.54,268.0
430.56,276.6
430.57,281.1
430.59,290.4
430.61,300.1
430.62,305.1
430.64,315.5
430.66,326.1
430.67,331.5
430.69,342.4
430.71,353.5
430.72,359.0
430.74,370.1
430.75,375.6
430.77,386.5
430.79,397.1
430.8,402.2
430.82,412.2
430.84,421.6
430.85,426.1
430.87,434.5
430.89,442.1
430.9,445.5
430.92,451.7
430.94,456.8
430.95,459.0
430.97,462.4
430.99,464.6
431.0,465.3
431.02,465.6
431.04,464.6
431.05,463.6
431.07,460.6
431.08,458.7
431.1,453.7
431.12,447.6
431.13,444.0
431.15,436.0
431.17,426.9
431.18,422.0
431.2,411.4
431.22,399.8
431.23,393.7
431.25,381.0
431.27,367.6
431.28,360.7
431.3,346.5
431.32,332.0
431.33,324.7
431.35,309.8
431.37,294.8
431.38,287.4
431.4,272.5
431.42,257.8
431.43,250.5
431.45,236.2
431.46,229.2
431.48,215.5
431.5,202.3
431.51,195.9
431.53,183.5
431.55,171.8
431.56,166.2
431.58,155.4
431.6,145.4
431.61,140.7
431.63,131.7
431.65,123.5
431.66,119.7
431.68,112.6
431.7,106.3
431.71,103.4
431.73,98.17
431.75,93.66
431.76,91.67
431.78,88.2
431.8,85.41
431.81,84.26
431.83,82.43
431.84,81.75
431.86,80.84
431.88,80.5
431.89,80.53
431.91,80.99
431.93,81.95
431.94,82.61
431.96,84.25
431.98,86.3
431.99,87.46
432.01,90.06
432.03,92.97
432.04,94.53
432.06,97.83
432.08,101.3
432.09,103.2
432.11,106.9
432.13,110.8
432.14,112.7
432.16,116.6
432.18,120.5
432.19,122.4
432.21,126.3
432.22,128.1
432.24,131.7
432.26,135.2
432.27,136.8
432.29,140.0
432.31,142.9
432.32,144.2
432.34,146.7
432.36,148.9
432.37,149.9
432.39,151.6
432.41,153.1
432.42,153.7
432.44,154.7
432.46,155.5
432.47,155.8
432.49,156.2
432.51,156.4
432.52,156.4
432.54,156.4
432.55,156.4
432.57,156.4
432.59,156.4
432.6,156.4
432.62,156.6
432.64,157.1
432.65,157.4
432.67,158.3
432.69,159.7
432.7,160.6
432.72,162.9
432.74,165.9
432.75,167.7
432.77,172.0
432.79,177.2
432.8,180.2
432.82,187.1
432.84,195.1
432.85,199.6
432.87,209.6
432.89,221.0
432.9,227.3
432.92,240.9
432.93,248.2
432.95,264.1
432.97,281.6
432.98,290.9
433.0,310.6
433.02,331.8
433.03,343.0
433.05,366.3
433.07,391.0
433.08,403.8
433.1,430.2
433.12,457.5
433.13,471.5
433.15,500.0
433.17,529.0
433.18,543.6
433.2,572.9
433.22,602.1
433.23,616.6
433.25,645.2
433.27,673.0
433.28,686.6
433.3,712.7
433.31,725.3
433.33,749.2
433.35,771.3
433.36,781.6
433.38,800.4
433.4,816.9
433.41,824.2
433.43,836.7
433.45,846.4
433.46,850.2
433.48,855.4
433.5,857.7
433.51,857.6
433.53,855.2
433.55,849.7
433.56,845.9
433.58,835.9
433.6,823.2
433.61,815.8
433.63,799.0
433.65,779.8
433.66,769.3
433.68,746.9
433.69,734.9
433.71,709.7
433.73,682.9
433.74,669.1
433.76,640.5
433.78,611.1
433.79,596.1
433.81,565.9
433.83,535.4
433.84,520.1
433.86,489.6
433.88,459.5
433.89,444.6
433.91,415.2
433.93,386.7
433.94,372.7
433.96,345.5
433.98,319.4
433.99,306.7
434.01,282.4
434.02,270.6
434.04,248.2
434.06,227.1
434.07,217.0
434.09,197.9
434.11,180.1
434.12,171.7
434.14,155.9
434.16,141.4
434.17,134.6
434.19,121.9
434.21,110.4
434.22,105.1
434.24,95.2
434.26,86.36
434.27,82.3
434.29,74.88
434.31,68.33
434.32,65.36
434.34,60.0
434.36,55.37
434.37,53.3
434.39,49.63
434.4,48.02
434.42,45.2
434.44,42.89
434.45,41.9
434.47,40.25
434.49,38.97
434.5,38.47
434.52,37.69
434.54,37.19
434.55,37.04
434.57,36.89
434.59,36.93
434.6,37.01
434.62,37.28
434.64,37.65
434.65,37.88
434.67,38.37
434.69,38.91
434.7,39.18
434.72,39.75
434.74,40.31
434.75,40.58
434.77,41.09
434.78,41.33
434.8,41.76
434.82,42.13
434.83,42.29
434.85,42.55
434.87,42.71
434.88,42.77
434.9,42.8
434.92,42.75
434.93,42.68
434.95,42.5
434.97,42.23
434.98,42.06
435.0,41.68
435.02,41.24
435.03,41.0
435.05,40.48
435.07,39.93
435.08,39.64
435.1,39.07
435.12,38.5
435.13,38.22
435.15,37.69
435.16,37.45
435.18,36.99
435.2,36.62
435.21,36.46
435.23,36.23
435.25,36.12
435.26,36.11
435.28,36.22
435.3,36.48
435.31,36.68
435.33,37.22
435.35,37.96
435.36,38.41
435.38,39.48
435.4,40.78
435.41,41.51
435.43,43.17
435.45,45.07
435.46,46.12
435.48,48.39
435.49,49.62
435.51,52.26
435.53,55.13
435.54,56.66
435.56,59.87
435.58,63.29
435.59,65.07
435.61,68.75
435.63,72.59
435.64,74.56
435.66,78.58
435.68,82.67
435.69,84.74
435.71,88.88
435.73,93.02
435.74,95.08
435.76,99.13
435.78,103.1
435.79,105.0
435.81,108.7
435.83,112.2
435.84,113.9
435.86,117.0
435.87,118.4
435.89,121.1
435.91,123.4
435.92,124.4
435.94,126.2
435.96,127.5
435.97,128.0
435.99,128.8
436.01,129.1
436.02,129.0
436.04,128.7
436.06,127.9
436.07,127.4
436.09,126.0
436.11,124.3
436.12,123.3
436.14,121.0
436.16,118.5
436.17,117.1
436.19,114.2
436.21,111.0
436.22,109.4
436.24,106.0
436.25,104.3
436.27,100.8
436.29,97.36
436.3,95.63
436.32,92.22
436.34,88.91
436.35,87.31
436.37,84.26
436.39,81.43
436.4,80.12
436.42,77.72
436.44,75.65
436.45,74.76
436.47,73.28
436.49,72.24
436.5,71.9
436.52,71.6
436.54,71.86
436.55,72.21
436.57,73.37
436.59,75.2
436.6,76.39
436.62,79.32
436.63,81.09
436.65,85.28
436.67,90.38
436.68,93.3
436.7,99.93
436.72,107.7
436.73,112.0
436.75,121.7
436.77,132.8
436.78,138.9
436.8,152.3
436.82,167.5
436.83,175.8
436.85,193.9
436.87,214.1
436.88,225.1
436.9,248.8
436.92,275.1
436.93,289.2
436.95,319.6
436.96,335.9
436.98,370.8
437.0,408.7
437.01,428.9
437.03,471.8
437.05,518.1
437.06,542.5
437.08,593.8
437.1,648.5
437.11,677.2
437.13,736.8
437.15,799.7
437.16,832.2
437.18,899.4
437.2,969.2
437.21,1005.0
437.23,1078.0
437.25,1153.0
437.26,1190.0
437.28,1267.0
437.3,1344.0
437.31,1382.0
437.33,1458.0
437.34,1496.0
437.36,1571.0
437.38,1643.0
437.39,1678.0
437.41,1747.0
437.43,1811.0
437.44,1842.0
437.46,1900.0
437.48,1952.0
437.49,1976.0
437.51,2020.0
437.53,2057.0
437.54,2073.0
437.56,2099.0
437.58,2118.0
437.59,2124.0
437.61,2131.0
437.63,2131.0
437.64,2128.0
437.66,2115.0
437.68,2095.0
437.69,2082.0
437.71,2051.0
437.72,2033.0
437.74,1991.0
437.76,1944.0
437.77,1917.0
437.79,1861.0
437.81,1800.0
437.82,1768.0
437.84,1700.0
437.86,1629.0
437.87,1593.0
437.89,1519.0
437.91,1442.0
437.92,1404.0
437.94,1327.0
437.96,1250.0
437.97,1211.0
437.99,1135.0
438.01,1060.0
438.02,1024.0
438.04,951.6
438.06,882.2
438.07,848.5
438.09,783.3
438.1,751.9
438.12,691.5
438.14,634.6
438.15,607.4
438.17,555.7
438.19,507.6
438.2,484.8
438.22,442.0
438.24,402.7
438.25,384.2
438.27,349.8
438.29,318.6
438.3,304.1
438.32,277.2
438.34,253.1
438.35,242.0
438.37,221.5
438.39,203.2
438.4,194.8
438.42,179.5
438.43,172.4
438.45,159.6
438.47,148.1
438.48,142.9
438.5,133.3
438.52,124.7
438.53,120.8
438.55,113.5
438.57,107.0
438.58,103.9
438.6,98.24
438.62,93.03
438.63,90.57
438.65,85.94
438.67,81.63
438.68,79.57
438.7,75.65
438.72,71.95
438.73,70.18
438.75,66.78
438.77,63.57
438.78,62.03
438.8,59.08
438.81,57.68
438.83,55.01
438.85,52.53
438.86,51.37
438.88,49.2
438.9,47.26
438.91,46.38
438.93,44.8
438.95,43.49
438.96,42.94
438.98,42.05
439.0,41.48
439.01,41.31
439.03,41.22
439.05,41.48
439.06,41.75
439.08,42.56
439.1,43.76
439.11,44.5
439.13,46.3
439.15,48.5
439.16,49.76
439.18,52.61
439.19,54.19
439.21,57.67
439.23,61.6
439.24,63.72
439.26,68.3
439.28,73.3
439.29,75.97
439.31,81.6
439.33,87.65
439.34,90.82
439.36,97.44
439.38,104.4
439.39,108.0
439.41,115.5
439.43,123.3
439.44,127.3
439.46,135.4
439.48,143.8
439.49,148.0
439.51,156.5
439.53,165.1
439.54,169.5
439.56,178.1
439.57,182.4
439.59,190.9
439.61,199.3
439.62,203.4
439.64,211.4
439.66,219.2
439.67,222.9
439.69,230.1
439.71,236.8
439.72,240.0
439.74,246.0
439.76,251.4
439.77,253.9
439.79,258.4
439.81,262.3
439.82,263.9
439.84,266.7
439.86,268.8
439.87,269.6
439.89,270.7
439.9,271.0
439.92,271.0
439.94,270.3
439.95,269.8
439.97,268.1
439.99,266.0
440.0,264.7
440.02,261.7
440.04,258.2
440.05,256.4
440.07,252.4
440.09,248.1
440.1,245.8
440.12,241.2
440.14,236.4
440.15,234.0
440.17,229.2
440.19,224.5
440.2,222.1
440.22,217.6
440.24,213.2
440.25,211.1
440.27,207.2
440.28,205.4
440.3,201.9
440.32,198.9
440.33,197.5
440.35,195.1
440.37,193.1
440.38,192.3
440.4,191.0
440.42,190.1
440.43,189.9
440.45,189.7
440.47,190.0
440.48,190.2
440.5,191.1
440.52,192.3
440.53,193.0
440.55,194.6
440.57,196.6
440.58,197.6
440.6,199.9
440.62,202.2
440.63,203.5
440.65,206.0
440.66,207.2
440.68,209.8
440.7,212.2
440.71,213.4
440.73,215.8
440.75,217.9
440.76,218.9
440.78,220.7
440.8,222.3
440.81,223.0
440.83,224.1
440.85,224.8
440.86,225.0
440.88,225.2
440.9,225.0
440.91,224.8
440.93,223.9
440.95,222.7
440.96,221.9
440.98,220.0
441.0,217.7
441.01,216.4
441.03,213.5
441.04,211.9
441.06,208.4
441.08,204.6
441.09,202.5
441.11,198.2
441.13,193.6
441.14,191.2
441.16,186.3
441.18,181.2
441.19,178.5
441.21,173.2
441.23,167.7
441.24,164.9
441.26,159.4
441.28,153.8
441.29,151.0
441.31,145.5
441.33,140.0
441.34,137.3
441.36,132.0
441.37,129.4
441.39,124.3
441.41,119.4
441.42,117.0
441.44,112.4
441.46,108.0
441.47,105.9
441.49,101.9
441.51,98.11
441.52,96.32
441.54,92.95
441.56,89.87
441.57,88.44
441.59,85.8
441.61,83.46
441.62,82.4
441.64,80.52
441.66,78.94
441.67,78.27
441.69,77.17
441.71,76.39
441.72,76.12
441.74,75.81
441.75,75.78
441.77,75.95
441.79,76.43
441.8,76.79
441.82,77.75
441.84,79.01
441.85,79.76
441.87,81.47
441.89,83.46
441.9,84.57
441.92,86.98
441.94,89.64
441.95,91.07
441.97,94.1
441.99,97.34
442.0,99.04
442.02,102.6
442.04,106.3
442.05,108.2
442.07,112.1
442.09,116.2
442.1,118.2
442.12,122.4
442.13,124.5
442.15,128.8
442.17,133.1
442.18,135.3
442.2,139.6
442.22,144.0
442.23,146.2
442.25,150.7
442.27,155.1
442.28,157.4
442.3,161.9
442.32,166.4
442.33,168.8
442.35,173.5
442.37,178.3
442.38,180.8
442.4,186.0
442.42,191.4
442.43,194.2
442.45,200.0
442.46,203.1
442.48,209.5
442.5,216.4
442.51,220.0
442.53,227.6
442.55,235.9
442.56,240.2
442.58,249.4
442.6,259.3
442.61,264.6
442.63,275.6
442.65,287.4
442.66,293.6
442.68,306.6
442.7,320.5
442.71,327.7
442.73,342.8
442.75,358.6
442.76,366.9
442.78,383.9
442.8,401.7
442.81,410.8
442.83,429.6
442.84,439.3
442.86,459.1
442.88,479.5
442.89,489.9
442.91,511.0
442.93,532.7
442.94,543.7
442.96,566.1
442.98,588.8
442.99,600.4
443.01,623.7
443.03,647.3
443.04,659.3
443.06,683.5
443.08,707.9
443.09,720.3
443.11,745.3
443.13,770.5
443.14,783.2
443.16,808.9
443.18,834.8
443.19,847.9
443.21,874.2
443.22,887.4
443.24,913.9
443.26,940.6
443.27,953.9
443.29,980.5
443.31,1007.0
443.32,1020.0
443.34,1046.0
443.36,1072.0
443.37,1084.0
443.39,1109.0
443.41,1132.0
443.42,1144.0
443.44,1165.0
443.46,1186.0
443.47,1195.0
443.49,1213.0
443.51,1228.0
443.52,1235.0
443.54,1247.0
443.56,1257.0
443.57,1261.0
443.59,1266.0
443.6,1267.0
443.62,1268.0
443.64,1265.0
443.65,1263.0
443.67,1255.0
443.69,1244.0
443.7,1238.0
443.72,1222.0
443.74,1202.0
443.75,1191.0
443.77,1167.0
443.79,1141.0
443.8,1126.0
443.82,1095.0
443.84,1062.0
443.85,1044.0
443.87,1007.0
443.89,969.1
443.9,949.4
443.92,909.0
443.93,888.4
443.95,846.6
443.97,804.4
443.98,783.2
444.0,740.7
444.02,698.5
444.03,677.6
444.05,636.3
444.07,595.8
444.08,576.0
444.1,537.3
444.12,499.9
444.13,481.8
444.15,446.8
444.17,413.6
444.18,397.6
444.2,367.1
444.22,338.4
444.23,324.8
444.25,299.0
444.27,275.1
444.28,263.9
444.3,242.8
444.31,232.9
444.33,214.5
444.35,197.8
444.36,190.0
444.38,175.7
444.4,162.8
444.41,156.9
444.43,146.1
444.45,136.5
444.46,132.1
444.48,124.1
444.5,117.2
444.51,114.0
444.53,108.4
444.55,103.5
444.56,101.3
444.58,97.46
444.6,94.16
444.61,92.71
444.63,90.16
444.65,88.04
444.66,87.12
444.68,85.55
444.69,84.88
444.71,83.76
444.73,82.88
444.74,82.53
444.76,81.97
444.78,81.59
444.79,81.46
444.81,81.29
444.83,81.24
444.84,81.25
444.86,81.32
444.88,81.46
444.89,81.55
444.91,81.76
444.93,81.98
444.94,82.09
444.96,82.31
444.98,82.52
444.99,82.61
445.01,82.75
445.03,82.85
445.04,82.87
445.06,82.87
445.07,82.84
445.09,82.71
445.11,82.49
445.12,82.34
445.14,81.97
445.16,81.5
445.17,81.22
445.19,80.58
445.21,79.83
445.22,79.41
445.24,78.49
445.26,77.47
445.27,76.91
445.29,75.73
445.31,74.46
445.32,73.79
445.34,72.38
445.36,70.89
445.37,70.12
445.39,68.52
445.4,67.7
445.42,66.02
445.44,64.29
445.45,63.41
445.47,61.61
445.49,59.79
445.5,58.87
445.52,57.01
445.54,55.15
445.55,54.21
445.57,52.33
445.59,50.46
445.6,49.52
445.62,47.66
445.64,45.81
445.65,44.89
445.67,43.07
445.69,41.28
445.7,40.39
445.72,38.65
445.74,36.93
445.75,36.09
445.77,34.43
445.78,33.62
445.8,32.04
445.82,30.5
445.83,29.76
445.85,28.31
445.87,26.92
445.88,26.25
445.9,24.97
445.92,23.77
445.93,23.19
445.95,22.11
445.97,21.12
445.98,20.67
446.0,19.83
446.02,19.1
446.03,18.78
446.05,18.23
446.07,17.81
446.08,17.66
446.1,17.45
446.12,17.4
446.13,17.43
446.15,17.63
446.16,17.79
446.18,18.26
446.2,18.91
446.21,19.32
446.23,20.29
446.25,21.47
446.26,22.15
446.28,23.67
446.3,25.44
446.31,26.41
446.33,28.55
446.35,30.95
446.36,32.24
446.38,35.03
446.4,38.08
446.41,39.7
446.43,43.14
446.45,46.83
446.46,48.77
446.48,52.83
446.5,57.12
446.51,59.34
446.53,63.95
446.54,66.32
446.56,71.2
446.58,76.22
446.59,78.78
446.61,83.97
446.63,89.23
446.64,91.87
446.66,97.17
446.68,102.4
446.69,105.1
446.71,110.2
446.73,115.3
446.74,117.7
446.76,122.5
446.78,127.0
446.79,129.1
446.81,133.2
446.83,136.9
446.84,138.7
446.86,141.8
446.87,143.2
446.89,145.7
446.91,147.7
446.92,148.6
446.94,149.9
446.96,150.6
446.97,150.8
446.99,150.8
447.01,150.3
447.02,149.9
447.04,148.6
447.06,146.9
447.07,145.8
447.09,143.4
447.11,140.5
447.12,138.9
447.14,135.5
447.16,131.8
447.17,129.8
447.19,125.6
447.21,121.2
447.22,119.0
447.24,114.3
447.25,112.0
447.27,107.2
447.29,102.4
447.3,100.1
447.32,95.31
447.34,90.65
447.35,88.36
447.37,83.89
447.39,79.6
447.4,77.53
447.42,73.55
447.44,69.83
447.45,68.07
447.47,64.77
447.49,61.77
447.5,60.38
447.52,57.85
447.54,55.65
447.55,54.67
447.57,52.97
447.59,51.6
447.6,51.04
447.62,50.16
447.63,49.84
447.65,49.44
447.67,49.33
447.68,49.39
447.7,49.72
447.72,50.31
447.73,50.7
447.75,51.65
447.77,52.83
447.78,53.49
447.8,54.95
447.82,56.57
447.83,57.43
447.85,59.25
447.87,61.17
447.88,62.16
447.9,64.19
447.92,66.26
447.93,67.3
447.95,69.37
447.97,71.42
447.98,72.43
448.0,74.4
448.01,75.35
448.03,77.18
448.05,78.89
448.06,79.69
448.08,81.18
448.1,82.5
448.11,83.09
448.13,84.13
448.15,84.95
448.16,85.29
448.18,85.78
448.2,86.04
448.21,86.09
448.23,85.99
448.25,85.66
448.26,85.4
448.28,84.71
448.3,83.78
448.31,83.24
448.33,81.98
448.34,81.27
448.36,79.71
448.38,77.96
448.39,77.02
448.41,75.02
448.43,72.88
448.44,71.76
448.46,69.44
448.48,67.02
448.49,65.78
448.51,63.26
448.53,60.7
448.54,59.41
448.56,56.82
448.58,54.23
448.59,52.94
448.61,50.4
448.63,47.9
448.64,46.67
448.66,44.27
448.68,41.95
448.69,40.82
448.71,38.64
448.72,37.58
448.74,35.56
448.76,33.65
448.77,32.74
448.79,31.0
448.81,29.39
448.82,28.63
448.84,27.21
448.86,25.91
448.87,25.31
448.89,24.2
448.91,23.21
448.92,22.77
448.94,21.97
448.96,21.29
448.97,21.0
448.99,20.5
449.01,20.12
449.02,19.98
449.04,19.78
449.06,19.7
449.07,19.7
449.09,19.8
449.1,19.89
449.12,20.16
449.14,20.56
449.15,20.8
449.17,21.36
449.19,22.05
449.2,22.44
449.22,23.3
449.24,24.28
449.25,24.82
449.27,25.97
449.29,27.23
449.3,27.9
449.32,29.32
449.34,30.84
449.35,31.64
449.37,33.3
449.39,35.04
449.4,35.94
449.42,37.79
449.44,39.71
449.45,40.68
449.47,42.67
449.48,43.67
449.5,45.71
449.52,47.75
449.53,48.78
449.55,50.83
449.57,52.86
449.58,53.86
449.6,55.85
449.62,57.78
449.63,58.73
449.65,60.57
449.67,62.33
449.68,63.19
449.7,64.82
449.72,66.35
449.73,67.08
449.75,68.45
449.77,69.7
449.78,70.28
449.8,71.35
449.81,71.84
449.83,72.72
449.85,73.46
449.86,73.79
449.88,74.34
449.9,74.75
449.91,74.91
449.93,75.14
449.95,75.24
449.96,75.24
449.98,75.15
450.0,74.94
450.01,74.8
450.03,74.42
450.05,73.93
450.06,73.65
450.08,73.01
450.1,72.28
450.11,71.88
450.13,71.01
450.15,70.06
450.16,69.56
450.18,68.5
450.19,67.95
450.21,66.8
450.23,65.6
450.24,64.98
450.26,63.72
450.28,62.44
450.29,61.79
450.31,60.48
450.33,59.17
450.34,58.52
450.36,57.23
450.38,55.98
450.39,55.37
450.41,54.19
450.43,53.07
450.44,52.54
450.46,51.54
450.48,50.63
450.49,50.22
450.51,49.49
450.53,48.88
450.54,48.63
450.56,48.22
450.57,48.08
450.59,47.9
450.61,47.88
450.62,47.93
450.64,48.15
450.66,48.54
450.67,48.79
450.69,49.41
450.71,50.19
450.72,50.63
450.74,51.62
450.76,52.75
450.77,53.35
450.79,54.64
450.81,56.03
450.82,56.75
450.84,58.24
450.86,59.78
450.87,60.56
450.89,62.13
450.9,62.91
450.92,64.46
450.94,65.97
450.95,66.7
450.97,68.1
450.99,69.41
451.0,70.03
451.02,71.16
451.04,72.15
451.05,72.59
451.07,73.35
451.09,73.94
451.1,74.16
451.12,74.47
451.14,74.6
451.15,74.59
451.17,74.43
451.19,74.09
451.2,73.86
451.22,73.26
451.24,72.5
451.25,72.07
451.27,71.11
451.28,70.58
451.3,69.45
451.32,68.24
451.33,67.62
451.35,66.34
451.37,65.05
451.38,64.4
451.4,63.15
451.42,61.96
451.43,61.4
451.45,60.38
451.47,59.5
451.48,59.13
451.5,58.54
451.52,58.19
451.53,58.12
451.55,58.19
451.57,58.58
451.58,58.9
451.6,59.83
451.62,61.16
451.63,61.99
451.65,63.97
451.66,65.13
451.68,67.82
451.7,71.02
451.71,72.81
451.73,76.79
451.75,81.32
451.76,83.79
451.78,89.16
451.8,95.1
451.81,98.29
451.83,105.1
451.85,112.4
451.86,116.3
451.88,124.5
451.9,133.2
451.91,137.8
451.93,147.2
451.95,157.1
451.96,162.2
451.98,172.8
452.0,183.6
452.01,189.2
452.03,200.5
452.04,206.2
452.06,217.7
452.08,229.4
452.09,235.2
452.11,246.9
452.13,258.5
452.14,264.2
452.16,275.5
452.18,286.5
452.19,291.9
452.21,302.4
452.23,312.3
452.24,317.1
452.26,326.2
452.28,334.6
452.29,338.5
452.31,345.8
452.33,352.3
452.34,355.2
452.36,360.3
452.37,362.6
452.39,366.3
452.41,369.1
452.42,370.2
452.44,371.5
452.46,371.9
452.47,371.7
452.49,370.6
452.51,368.5
452.52,367.2
452.54,363.7
452.56,359.5
452.57,357.0
452.59,351.5
452.61,345.3
452.62,342.0
452.64,334.7
452.66,327.0
452.67,322.9
452.69,314.4
452.71,305.4
452.72,300.8
452.74,291.5
452.75,286.7
452.77,277.0
452.79,267.2
452.8,262.2
452.82,252.4
452.84,242.6
452.85,237.7
452.87,228.1
452.89,218.7
452.9,214.1
452.92,205.1
452.94,196.4
452.95,192.2
452.97,184.0
452.99,176.3
453.0,172.6
453.02,165.5
453.04,158.9
453.05,155.8
453.07,150.0
453.09,144.6
453.1,142.1
453.12,137.5
453.13,135.3
453.15,131.4
453.17,128.0
453.18,126.4
453.2,123.6
453.22,121.2
453.23,120.1
453.25,118.3
453.27,116.8
453.28,116.1
453.3,115.1
453.32,114.2
453.33,113.8
453.35,113.3
453.37,112.8
453.38,112.6
453.4,112.3
453.42,112.0
453.43,111.8
453.45,111.5
453.47,111.2
453.48,111.0
453.5,110.5
453.51,110.2
453.53,109.5
453.55,108.6
453.56,108.1
453.58,107.0
453.6,105.6
453.61,104.9
453.63,103.2
453.65,101.4
453.66,100.4
453.68,98.21
453.7,95.84
453.71,94.59
453.73,91.94
453.75,89.12
453.76,87.66
453.78,84.61
453.8,81.45
453.81,79.83
453.83,76.51
453.84,74.83
453.86,71.42
453.88,67.97
453.89,66.24
453.91,62.79
453.93,59.35
453.94,57.64
453.96,54.28
453.98,50.99
453.99,49.38
454.01,46.24
454.03,43.22
454.04,41.76
454.06,38.95
454.08,36.3
454.09,35.04
454.11,32.65
454.13,30.46
454.14,29.43
454.16,27.54
454.18,25.85
454.19,25.09
454.21,23.74
454.22,23.15
454.24,22.15
454.26,21.38
454.27,21.08
454.29,20.68
454.31,20.52
454.32,20.53
454.34,20.75
454.36,21.22
454.37,21.55
454.39,22.4
454.41,23.51
454.42,24.17
454.44,25.66
454.46,27.42
454.47,28.39
454.49,30.53
454.51,32.91
454.52,34.19
454.54,36.94
454.56,39.91
454.57,41.48
454.59,44.79
454.6,46.52
454.62,50.11
454.64,53.89
454.65,55.84
454.67,59.85
454.69,63.98
454.7,66.09
454.72,70.36
454.74,74.69
454.75,76.87
454.77,81.23
454.79,85.58
454.8,87.73
454.82,91.99
454.84,96.14
454.85,98.17
454.87,102.1
454.89,105.9
454.9,107.7
454.92,111.1
454.94,114.2
454.95,115.7
454.97,118.4
454.98,119.6
455.0,121.8
455.02,123.7
455.03,124.5
455.05,125.8
455.07,126.8
455.08,127.1
455.1,127.5
455.12,127.5
455.13,127.3
455.15,126.8
455.17,126.0
455.18,125.4
455.2,124.1
455.22,122.6
455.23,121.7
455.25,119.8
455.27,117.6
455.28,116.5
455.3,114.2
455.31,113.0
455.33,110.5
455.35,108.0
455.36,106.8
455.38,104.3
455.4,101.9
455.41,100.7
455.43,98.39
455.45,96.23
455.46,95.2
455.48,93.29
455.5,91.55
455.51,90.76
455.53,89.34
455.55,88.14
455.56,87.63
455.58,86.76
455.6,86.12
455.61,85.88
455.63,85.56
455.65,85.44
455.66,85.46
455.68,85.61
455.69,85.75
455.71,86.14
455.73,86.64
455.74,86.94
455.76,87.58
455.78,88.29
455.79,88.66
455.81,89.4
455.83,90.14
455.84,90.5
455.86,91.18
455.88,91.79
455.89,92.06
455.91,92.53
455.93,92.88
455.94,93.0
455.96,93.14
455.98,93.12
455.99,93.05
456.01,92.78
456.03,92.34
456.04,92.06
456.06,91.36
456.07,90.94
456.09,89.99
456.11,88.87
456.12,88.25
456.14,86.9
456.16,85.41
456.17,84.61
456.19,82.94
456.21,81.15
456.22,80.22
456.24,78.31
456.26,76.32
456.27,75.31
456.29,73.25
456.31,71.16
456.32,70.11
456.34,68.01
456.36,65.92
456.37,64.89
456.39,62.84
456.41,60.84
456.42,59.86
456.44,57.95
456.45,57.02
456.47,55.24
456.49,53.55
456.5,52.74
456.52,51.21
456.54,49.81
456.55,49.16
456.57,47.96
456.59,46.91
456.6,46.44
456.62,45.63
456.64,44.99
456.65,44.73
456.67,44.37
456.69,44.19
456.7,44.18
456.72,44.31
456.74,44.65
456.75,44.9
456.77,45.57
456.78,45.98
456.8,46.99
456.82,48.22
456.83,48.92
456.85,50.5
456.87,52.31
456.88,53.3
456.9,55.45
456.92,57.82
456.93,59.09
456.95,61.77
456.97,64.65
456.98,66.16
457.0,69.32
457.02,72.63
457.03,74.35
457.05,77.87
457.07,81.51
457.08,83.37
457.1,87.14
457.12,90.97
457.13,92.9
457.15,96.76
457.16,98.69
457.18,102.5
457.2,106.3
457.21,108.2
457.23,111.9
457.25,115.4
457.26,117.2
457.28,120.5
457.3,123.6
457.31,125.1
457.33,128.0
457.35,130.6
457.36,131.8
457.38,134.1
457.4,136.0
457.41,136.9
457.43,138.5
457.45,139.7
457.46,140.3
457.48,141.1
457.5,141.6
457.51,141.8
457.53,141.9
457.54,141.8
457.56,141.5
457.58,140.9
457.59,140.5
457.61,139.6
457.63,138.4
457.64,137.8
457.66,136.3
457.68,134.6
457.69,133.7
457.71,131.8
457.73,129.8
457.74,128.7
457.76,126.5
457.78,124.2
457.79,123.1
457.81,120.7
457.83,118.2
457.84,117.0
457.86,114.5
457.88,112.0
457.89,110.8
457.91,108.3
457.92,107.1
457.94,104.6
457.96,102.1
457.97,100.9
457.99,98.49
458.01,96.09
458.02,94.91
458.04,92.55
458.06,90.22
458.07,89.06
458.09,86.77
458.11,84.49
458.12,83.36
458.14,81.11
458.16,78.88
458.17,77.77
458.19,75.55
458.21,73.34
458.22,72.24
458.24,70.04
458.25,68.94
458.27,66.75
458.29,64.57
458.3,63.48
458.32,61.3
458.34,59.13
458.35,58.05
458.37,55.9
458.39,53.77
458.4,52.71
458.42,50.6
458.44,48.52
458.45,47.49
458.47,45.46
458.49,43.46
458.5,42.48
458.52,40.55
458.54,38.67
458.55,37.74
458.57,35.94
458.59,34.2
458.6,33.35
458.62,31.71
458.63,30.91
458.65,29.37
458.67,27.9
458.68,27.19
458.7,25.84
458.72,24.56
458.73,23.95
458.75,22.79
458.77,21.72
458.78,21.21
458.8,20.25
458.82,19.38
458.83,18.97
458.85,18.21
458.87,17.53
458.88,17.22
458.9,16.66
458.92,16.16
458.93,15.94
458.95,15.56
458.97,15.24
458.98,15.1
459.0,14.87
459.01,14.78
459.03,14.64
459.05,14.55
459.06,14.53
459.08,14.52
459.1,14.54
459.11,14.57
459.13,14.66
459.15,14.77
459.16,14.84
459.18,14.99
459.2,15.17
459.21,15.26
459.23,15.45
459.25,15.65
459.26,15.75
459.28,15.96
459.3,16.15
459.31,16.25
459.33,16.43
459.35,16.6
459.36,16.67
459.38,16.81
459.39,16.87
459.41,16.96
459.43,17.03
459.44,17.05
459.46,17.07
459.48,17.05
459.49,17.03
459.51,16.96
459.53,16.85
459.54,16.78
459.56,16.62
459.58,16.42
459.59,16.3
459.61,16.05
459.63,15.77
459.64,15.62
459.66,15.3
459.68,14.96
459.69,14.78
459.71,14.41
459.72,14.22
459.74,13.83
459.76,13.45
459.77,13.25
459.79,12.86
459.81,12.49
459.82,12.3
459.84,11.95
459.86,11.62
459.87,11.47
459.89,11.19
459.91,10.94
459.92,10.83
459.94,10.65
459.96,10.52
459.97,10.48
459.99,10.43
460.01,10.44
460.02,10.47
460.04,10.58
460.06,10.76
460.07,10.88
460.09,11.16
460.1,11.33
460.12,11.72
460.14,12.19
460.15,12.45
460.17,13.02
460.19,13.66
460.2,14.01
460.22,14.76
460.24,15.56
460.25,15.99
460.27,16.89
460.29,17.84
460.3,18.33
460.32,19.35
460.34,20.41
460.35,20.96
460.37,22.06
460.39,23.2
460.4,23.77
460.42,24.92
460.44,26.08
460.45,26.66
460.47,27.82
460.48,28.4
460.5,29.54
460.52,30.66
460.53,31.22
460.55,32.31
460.57,33.38
460.58,33.9
460.6,34.93
460.62,35.92
460.63,36.41
460.65,37.36
460.67,38.28
460.68,38.73
460.7,39.63
460.72,40.5
460.73,40.94
460.75,41.8
460.77,42.67
460.78,43.11
460.8,43.99
460.81,44.44
460.83,45.36
460.85,46.32
460.86,46.82
460.88,47.84
460.9,48.93
460.91,49.5
460.93,50.68
460.95,51.94
460.96,52.59
460.98,53.96
461.0,55.42
461.01,56.17
461.03,57.74
461.05,59.39
461.06,60.24
461.08,61.99
461.1,63.8
461.11,64.72
461.13,66.59
461.15,68.49
461.16,69.44
461.18,71.35
461.19,72.3
461.21,74.18
461.23,76.02
461.24,76.92
461.26,78.65
461.28,80.29
461.29,81.06
461.31,82.52
461.33,83.82
461.34,84.41
461.36,85.47
461.38,86.33
461.39,86.68
461.41,87.22
461.43,87.54
461.44,87.62
461.46,87.58
461.48,87.3
461.49,87.07
461.51,86.42
461.53,85.53
461.54,84.99
461.56,83.74
461.57,83.03
461.59,81.44
461.61,79.64
461.62,78.67
461.64,76.58
461.66,74.31
461.67,73.12
461.69,70.64
461.71,68.03
461.72,66.69
461.74,63.93
461.76,61.11
461.77,59.68
461.79,56.79
461.81,53.88
461.82,52.43
461.84,49.54
461.86,46.68
461.87,45.26
461.89,42.48
461.91,39.77
461.92,38.45
461.94,35.88
461.95,34.63
461.97,32.22
461.99,29.93
462.0,28.83
462.02,26.74
462.04,24.77
462.05,23.85
462.07,22.1
462.09,20.49
462.1,19.74
462.12,18.35
462.14,17.1
462.15,16.53
462.17,15.5
462.19,14.6
462.2,14.2
462.22,13.5
462.24,12.94
462.25,12.7
462.27,12.32
462.28,12.17
462.3,11.96
462.32,11.86
462.33,11.85
462.35,11.9
462.37,12.05
462.38,12.16
462.4,12.44
462.42,12.8
462.43,13.01
462.45,13.48
462.47,14.01
462.48,14.3
462.5,14.91
462.52,15.57
462.53,15.92
462.55,16.64
462.57,17.39
462.58,17.77
462.6,18.55
462.62,19.34
462.63,19.73
462.65,20.52
462.66,20.91
462.68,21.68
462.7,22.43
462.71,22.79
462.73,23.49
462.75,24.15
462.76,24.47
462.78,25.06
462.8,25.59
462.81,25.84
462.83,26.28
462.85,26.65
462.86,26.81
462.88,27.06
462.9,27.24
462.91,27.3
462.93,27.36
462.95,27.34
462.96,27.3
462.98,27.15
463.0,26.92
463.01,26.78
463.03,26.43
463.04,26.23
463.06,25.77
463.08,25.24
463.09,24.95
463.11,24.33
463.13,23.65
463.14,23.3
463.16,22.54
463.18,21.75
463.19,21.34
463.21,20.5
463.23,19.63
463.24,19.19
463.26,18.3
463.28,17.4
463.29,16.95
463.31,16.05
463.33,15.16
463.34,14.72
463.36,13.85
463.38,13.0
463.39,12.59
463.41,11.77
463.42,11.38
463.44,10.62
463.46,9.888
463.47,9.537
463.49,8.866
463.51,8.235
463.52,7.935
463.54,7.367
463.56,6.842
463.57,6.596
463.59,6.137
463.61,5.722
463.62,5.53
463.64,5.181
463.66,4.874
463.67,4.737
463.69,4.494
463.71,4.293
463.72,4.208
463.74,4.069
463.75,4.015
463.77,3.936
463.79,3.896
463.8,3.891
463.82,3.911
463.84,3.969
463.85,4.012
463.87,4.128
463.89,4.282
463.9,4.374
463.92,4.586
463.94,4.837
463.95,4.977
463.97,5.287
463.99,5.635
464.0,5.824
464.02,6.232
464.04,6.678
464.05,6.916
464.07,7.42
464.09,7.963
464.1,8.248
464.12,8.846
464.13,9.158
464.15,9.808
464.17,10.49
464.18,10.84
464.2,11.57
464.22,12.32
464.23,12.71
464.25,13.5
464.27,14.3
464.28,14.71
464.3,15.53
464.32,16.35
464.33,16.77
464.35,17.59
464.37,18.41
464.38,18.81
464.4,19.61
464.42,20.38
464.43,20.75
464.45,21.47
464.47,22.16
464.48,22.48
464.5,23.1
464.51,23.39
464.53,23.92
464.55,24.4
464.56,24.61
464.58,24.99
464.6,25.29
464.61,25.42
464.63,25.61
464.65,25.73
464.66,25.76
464.68,25.76
464.7,25.68
464.71,25.61
464.73,25.42
464.75,25.15
464.76,24.99
464.78,24.61
464.8,24.17
464.81,23.93
464.83,23.39
464.85,22.8
464.86,22.49
464.88,21.83
464.89,21.48
464.91,20.76
464.93,20.01
464.94,19.62
464.96,18.83
464.98,18.03
464.99,17.62
465.01,16.81
465.03,16.0
465.04,15.59
465.06,14.79
465.08,14.01
465.09,13.62
465.11,12.87
465.13,12.15
465.14,11.8
465.16,11.12
465.18,10.49
465.19,10.19
465.21,9.616
465.22,9.348
465.24,8.849
465.26,8.402
465.27,8.198
465.29,7.832
465.31,7.523
465.32,7.39
465.34,7.171
465.36,7.013
465.37,6.958
465.39,6.897
465.41,6.903
465.42,6.932
465.44,7.044
465.46,7.228
465.47,7.348
465.49,7.647
465.51,8.025
465.52,8.246
465.54,8.749
465.56,9.341
465.57,9.671
465.59,10.4
465.6,10.8
465.62,11.68
465.64,12.65
465.65,13.18
465.67,14.32
465.69,15.57
465.7,16.23
465.72,17.65
465.74,19.18
465.75,20.0
465.77,21.71
465.79,23.54
465.8,24.5
465.82,26.5
465.84,28.63
465.85,29.73
465.87,32.02
465.89,34.41
465.9,35.65
465.92,38.18
465.94,40.81
465.95,42.15
465.97,44.88
465.98,46.26
466.0,49.08
466.02,51.92
466.03,53.35
466.05,56.22
466.07,59.08
466.08,60.5
466.1,63.31
466.12,66.07
466.13,67.42
466.15,70.05
466.17,72.58
466.18,73.8
466.2,76.12
466.22,78.3
466.23,79.32
466.25,81.22
466.27,82.92
466.28,83.69
466.3,85.05
466.32,86.18
466.33,86.66
466.35,87.41
466.36,87.7
466.38,88.06
466.4,88.16
466.41,88.11
466.43,87.81
466.45,87.25
466.46,86.87
466.48,85.92
466.5,84.72
466.51,84.04
466.53,82.49
466.55,80.74
466.56,79.78
466.58,77.73
466.6,75.51
466.61,74.34
466.63,71.89
466.65,69.32
466.66,67.99
466.68,65.27
466.69,63.88
466.71,61.06
466.73,58.2
466.74,56.76
466.76,53.87
466.78,50.98
466.79,49.55
466.81,46.7
466.83,43.9
466.84,42.53
466.86,39.82
466.88,37.2
466.89,35.92
466.91,33.44
466.93,31.05
466.94,29.9
466.96,27.68
466.98,25.58
466.99,24.57
467.01,22.65
467.03,20.85
467.04,19.99
467.06,18.37
467.07,17.61
467.09,16.17
467.11,14.84
467.12,14.22
467.14,13.07
467.16,12.02
467.17,11.53
467.19,10.64
467.21,9.839
467.22,9.474
467.24,8.811
467.26,8.233
467.27,7.974
467.29,7.514
467.31,7.128
467.32,6.961
467.34,6.678
467.36,6.46
467.37,6.374
467.39,6.246
467.41,6.176
467.42,6.162
467.44,6.175
467.45,6.201
467.47,6.294
467.49,6.439
467.5,6.532
467.52,6.755
467.54,7.032
467.55,7.19
467.57,7.547
467.59,7.959
467.6,8.186
467.62,8.684
467.64,9.24
467.65,9.541
467.67,10.19
467.69,10.9
467.7,11.28
467.72,12.09
467.74,12.96
467.75,13.42
467.77,14.39
467.79,15.43
467.8,15.98
467.82,17.11
467.83,17.71
467.85,18.94
467.87,20.22
467.88,20.89
467.9,22.26
467.92,23.67
467.93,24.4
467.95,25.87
467.97,27.38
467.98,28.14
468.0,29.67
468.02,31.22
468.03,31.99
468.05,33.52
468.07,35.04
468.08,35.79
468.1,37.25
468.12,38.67
468.13,39.36
468.15,40.69
468.16,41.33
468.18,42.54
468.2,43.65
468.21,44.18
468.23,45.14
468.25,45.98
468.26,46.36
468.28,47.02
468.3,47.54
468.31,47.76
468.33,48.08
468.35,48.26
468.36,48.29
468.38,48.26
468.4,48.09
468.41,47.95
468.43,47.58
468.45,47.08
468.46,46.78
468.48,46.1
468.5,45.3
468.51,44.87
468.53,43.93
468.54,43.43
468.56,42.37
468.58,41.25
468.59,40.66
468.61,39.46
468.63,38.22
468.64,37.59
468.66,36.33
468.68,35.05
468.69,34.42
468.71,33.16
468.73,31.92
468.74,31.31
468.76,30.12
468.78,28.98
468.79,28.42
468.81,27.35
468.83,26.34
468.84,25.86
468.86,24.94
468.88,24.09
468.89,23.69
468.91,22.94
468.92,22.59
468.94,21.93
468.96,21.34
468.97,21.06
468.99,20.56
469.01,20.11
469.02,19.9
469.04,19.52
469.06,19.19
469.07,19.03
469.09,18.75
469.11,18.5
469.12,18.38
469.14,18.15
469.16,17.95
469.17,17.85
469.19,17.66
469.21,17.47
469.22,17.38
469.24,17.19
469.26,17.0
469.27,16.91
469.29,16.71
469.3,16.61
469.32,16.4
469.34,16.19
469.35,16.08
469.37,15.85
469.39,15.62
469.4,15.51
469.42,15.27
469.44,15.04
469.45,14.92
469.47,14.69
469.49,14.47
469.5,14.36
469.52,14.15
469.54,13.96
469.55,13.87
469.57,13.7
469.59,13.55
469.6,13.49
469.62,13.38
469.63,13.34
469.65,13.27
469.67,13.23
469.68,13.22
469.7,13.22
469.72,13.26
469.73,13.29
469.75,13.37
469.77,13.48
469.78,13.55
469.8,13.7
469.82,13.87
469.83,13.97
469.85,14.18
469.87,14.41
469.88,14.52
469.9,14.77
469.92,15.03
469.93,15.16
469.95,15.43
469.97,15.69
469.98,15.82
470.0,16.08
470.01,16.21
470.03,16.45
470.05,16.68
470.06,16.79
470.08,16.98
470.1,17.16
470.11,17.24
470.13,17.37
470.15,17.48
470.16,17.52
470.18,17.57
470.2,17.6
470.21,17.59
470.23,17.56
470.25,17.49
470.26,17.45
470.28,17.32
470.3,17.16
470.31,17.07
470.33,16.85
470.35,16.6
470.36,16.46
470.38,16.17
470.39,16.01
470.41,15.66
470.43,15.29
470.44,15.1
470.46,14.69
470.48,14.26
470.49,14.04
470.51,13.59
470.53,13.12
470.54,12.88
470.56,12.4
470.58,11.91
470.59,11.67
470.61,11.17
470.63,10.68
470.64,10.44
470.66,9.957
470.68,9.484
470.69,9.252
470.71,8.799
470.72,8.578
470.74,8.151
470.76,7.743
470.77,7.548
470.79,7.177
470.81,6.832
470.82,6.671
470.84,6.371
470.86,6.105
470.87,5.984
470.89,5.77
470.91,5.595
470.92,5.522
470.94,5.407
470.96,5.334
470.97,5.315
470.99,5.309
471.01,5.351
471.02,5.389
471.04,5.503
471.06,5.667
471.07,5.767
471.09,6.007
471.1,6.147
471.12,6.464
471.14,6.834
471.15,7.038
471.17,7.486
471.19,7.984
471.2,8.253
471.22,8.827
471.24,9.449
471.25,9.777
471.27,10.47
471.29,11.2
471.3,11.58
471.32,12.37
471.34,13.19
471.35,13.62
471.37,14.48
471.39,15.37
471.4,15.82
471.42,16.72
471.44,17.64
471.45,18.1
471.47,19.01
471.48,19.46
471.5,20.35
471.52,21.23
471.53,21.65
471.55,22.48
471.57,23.27
471.58,23.65
471.6,24.37
471.62,25.03
471.63,25.34
471.65,25.91
471.67,26.41
471.68,26.63
471.7,27.02
471.72,27.33
471.73,27.45
471.75,27.64
471.77,27.74
471.78,27.76
471.8,27.73
471.82,27.62
471.83,27.54
471.85,27.31
471.86,27.16
471.88,26.82
471.9,26.41
471.91,26.18
471.93,25.67
471.95,25.12
471.96,24.82
471.98,24.19
472.0,23.53
472.01,23.19
472.03,22.5
472.05,21.79
472.06,21.43
472.08,20.73
472.1,20.03
472.11,19.69
472.13,19.02
472.15,18.4
472.16,18.1
472.18,17.53
472.19,17.27
472.21,16.79
472.23,16.38
472.24,16.2
472.26,15.9
472.28,15.68
472.29,15.6
472.31,15.51
472.33,15.51
472.34,15.55
472.36,15.69
472.38,15.93
472.39,16.09
472.41,16.47
472.43,16.95
472.44,17.23
472.46,17.85
472.48,18.56
472.49,18.95
472.51,19.78
472.53,20.69
472.54,21.18
472.56,22.2
472.57,22.73
472.59,23.84
472.61,24.99
472.62,25.58
472.64,26.8
472.66,28.04
472.67,28.66
472.69,29.92
472.71,31.19
472.72,31.82
472.74,33.07
472.76,34.3
472.77,34.9
472.79,36.08
472.81,37.22
472.82,37.77
472.84,38.83
472.86,39.83
472.87,40.31
472.89,41.21
472.91,42.04
472.92,42.42
472.94,43.14
472.95,43.46
472.97,44.06
472.99,44.58
473.0,44.81
473.02,45.21
473.04,45.53
473.05,45.67
473.07,45.9
473.09,46.06
473.1,46.12
473.12,46.2
473.14,46.24
473.15,46.24
473.17,46.22
473.19,46.18
473.2,46.15
473.22,46.08
473.24,46.02
473.25,45.99
473.27,45.94
473.29,45.91
473.3,45.9
473.32,45.92
473.33,45.95
473.35,46.04
473.37,46.19
473.38,46.29
473.4,46.54
473.42,46.86
473.43,47.06
473.45,47.51
473.47,48.06
473.48,48.37
473.5,49.06
473.52,49.86
473.53,50.29
473.55,51.25
473.57,52.31
473.58,52.89
473.6,54.11
473.62,55.44
473.63,56.15
473.65,57.64
473.66,58.42
473.68,60.04
473.7,61.76
473.71,62.65
473.73,64.48
473.75,66.38
473.76,67.35
473.78,69.32
473.8,71.33
473.81,72.34
473.83,74.38
473.85,76.42
473.86,77.43
473.88,79.44
473.9,81.41
473.91,82.38
473.93,84.26
473.95,86.07
473.96,86.94
473.98,88.61
474.0,90.16
474.01,90.89
474.03,92.26
474.04,92.89
474.06,94.04
474.08,95.05
474.09,95.5
474.11,96.27
474.13,96.9
474.14,97.15
474.16,97.55
474.18,97.81
474.19,97.88
474.21,97.94
474.23,97.87
474.24,97.8
474.26,97.58
474.28,97.28
474.29,97.11
474.31,96.72
474.33,96.31
474.34,96.09
474.36,95.66
474.38,95.25
474.39,95.05
474.41,94.7
474.42,94.55
474.44,94.31
474.46,94.16
474.47,94.12
474.49,94.14
474.51,94.27
474.52,94.39
474.54,94.73
474.56,95.2
474.57,95.49
474.59,96.17
474.61,96.99
474.62,97.44
474.64,98.44
474.66,99.54
474.67,100.1
474.69,101.4
474.71,102.7
474.72,103.3
474.74,104.7
474.76,106.0
474.77,106.7
474.79,108.0
474.8,108.6
474.82,109.9
474.84,111.0
474.85,111.5
474.87,112.4
474.89,113.1
474.9,113.4
474.92,113.9
474.94,114.1
474.95,114.1
474.97,114.0
474.99,113.6
475.0,113.4
475.02,112.6
475.04,111.5
475.05,110.9
475.07,109.5
475.09,107.8
475.1,106.8
475.12,104.7
475.13,103.6
475.15,101.1
475.17,98.48
475.18,97.07
475.2,94.12
475.22,91.0
475.23,89.38
475.25,86.05
475.27,82.61
475.28,80.85
475.3,77.29
475.32,73.68
475.33,71.86
475.35,68.22
475.37,64.59
475.38,62.79
475.4,59.22
475.42,55.7
475.43,53.97
475.45,50.59
475.47,47.3
475.48,45.7
475.5,42.6
475.51,41.09
475.53,38.19
475.55,35.44
475.56,34.12
475.58,31.59
475.6,29.22
475.61,28.1
475.63,25.97
475.65,23.99
475.66,23.07
475.68,21.33
475.7,19.74
475.71,19.0
475.73,17.63
475.75,16.4
475.76,15.84
475.78,14.8
475.8,13.89
475.81,13.47
475.83,12.73
475.85,12.08
475.86,11.79
475.88,11.29
475.89,11.07
475.91,10.68
475.93,10.37
475.94,10.24
475.96,10.02
475.98,9.855
475.99,9.791
476.01,9.694
476.03,9.636
476.04,9.619
476.06,9.606
476.08,9.617
476.09,9.629
476.11,9.666
476.13,9.715
476.14,9.742
476.16,9.8
476.18,9.859
476.19,9.888
476.21,9.943
476.23,9.992
476.24,10.01
476.26,10.05
476.27,10.06
476.29,10.07
476.31,10.07
476.32,10.06
476.34,10.04
476.36,9.991
476.37,9.961
476.39,9.886
476.41,9.791
476.42,9.736
476.44,9.611
476.46,9.467
476.47,9.387
476.49,9.214
476.51,9.024
476.52,8.922
476.54,8.706
476.56,8.475
476.57,8.354
476.59,8.103
476.6,7.973
476.62,7.705
476.64,7.429
476.65,7.288
476.67,7.0
476.69,6.709
476.7,6.561
476.72,6.266
476.74,5.969
476.75,5.821
476.77,5.527
476.79,5.235
476.8,5.091
476.82,4.807
476.84,4.529
476.85,4.393
476.87,4.127
476.89,3.869
476.9,3.744
476.92,3.501
476.94,3.269
476.95,3.157
476.97,2.942
476.98,2.839
477.0,2.641
477.02,2.455
477.03,2.366
477.05,2.199
477.07,2.043
477.08,1.97
477.1,1.832
477.12,1.706
477.13,1.648
477.15,1.54
477.17,1.443
477.18,1.399
477.2,1.32
477.22,1.251
477.23,1.221
477.25,1.168
477.27,1.127
477.28,1.11
477.3,1.084
477.32,1.069
477.33,1.065
477.35,1.065
477.36,1.069
477.38,1.085
477.4,1.112
477.41,1.129
477.43,1.171
477.45,1.225
477.46,1.255
477.48,1.325
477.5,1.407
477.51,1.452
477.53,1.551
477.55,1.662
477.56,1.722
477.58,1.852
477.6,1.995
477.61,2.071
477.63,2.235
477.65,2.412
477.66,2.506
477.68,2.705
477.7,2.919
477.71,3.032
477.73,3.27
477.74,3.396
477.76,3.659
477.78,3.941
477.79,4.088
477.81,4.398
477.83,4.727
477.84,4.9
477.86,5.26
477.88,5.644
477.89,5.844
477.91,6.263
477.93,6.707
477.94,6.938
477.96,7.423
477.98,7.935
477.99,8.203
478.01,8.76
478.03,9.35
478.04,9.657
478.06,10.3
478.07,10.63
478.09,11.32
478.11,12.05
478.12,12.43
478.14,13.22
478.16,14.04
478.17,14.47
478.19,15.35
478.21,16.26
478.22,16.74
478.24,17.71
478.26,18.72
478.27,19.24
478.29,20.3
478.31,21.38
478.32,21.94
478.34,23.06
478.36,24.21
478.37,24.79
478.39,25.95
478.41,27.12
478.42,27.71
478.44,28.88
478.45,29.47
478.47,30.62
478.49,31.76
478.5,32.32
478.52,33.41
478.54,34.47
478.55,34.98
478.57,35.96
478.59,36.88
478.6,37.32
478.62,38.14
478.64,38.89
478.65,39.23
478.67,39.85
478.69,40.38
478.7,40.61
478.72,40.99
478.74,41.28
478.75,41.38
478.77,41.51
478.79,41.53
478.8,41.51
478.82,41.37
478.83,41.27
478.85,40.98
478.87,40.59
478.88,40.36
478.9,39.84
478.92,39.22
478.93,38.88
478.95,38.15
478.97,37.34
478.98,36.92
479.0,36.02
479.02,35.07
479.03,34.57
479.05,33.56
479.07,32.52
479.08,31.99
479.1,30.92
479.12,29.84
479.13,29.29
479.15,28.21
479.17,27.14
479.18,26.61
479.2,25.57
479.21,25.06
479.23,24.06
479.25,23.09
479.26,22.62
479.28,21.72
479.3,20.86
479.31,20.44
479.33,19.65
479.35,18.91
479.36,18.56
479.38,17.9
479.4,17.29
479.41,17.0
479.43,16.47
479.45,15.99
479.46,15.77
479.48,15.37
479.5,15.02
479.51,14.86
479.53,14.57
479.54,14.45
479.56,14.23
479.58,14.06
479.59,13.98
479.61,13.87
479.63,13.79
479.64,13.77
479.66,13.75
479.68,13.76
479.69,13.78
479.71,13.85
479.73,13.95
479.74,14.01
479.76,14.17
479.78,14.36
479.79,14.46
479.81,14.71
479.83,14.98
479.84,15.14
479.86,15.48
479.88,15.85
479.89,16.06
479.91,16.5
479.92,16.74
479.94,17.25
479.96,17.8
479.97,18.1
479.99,18.73
480.01,19.4
480.02,19.76
480.04,20.51
480.06,21.32
480.07,21.74
480.09,22.62
480.11,23.54
480.12,24.03
480.14,25.03
480.16,26.07
480.17,26.61
480.19,27.71
480.21,28.86
480.22,29.44
480.24,30.63
480.26,31.85
480.27,32.47
480.29,33.72
480.3,34.35
480.32,35.62
480.34,36.89
480.35,37.53
480.37,38.8
480.39,40.06
480.4,40.69
480.42,41.92
480.44,43.12
480.45,43.72
480.47,44.87
480.49,45.99
480.5,46.53
480.52,47.57
480.54,48.56
480.55,49.03
480.57,49.93
480.59,50.76
480.6,51.15
480.62,51.87
480.63,52.2
480.65,52.81
480.67,53.34
480.68,53.57
480.7,53.98
480.72,54.29
480.73,54.42
480.75,54.61
480.77,54.7
480.78,54.72
480.8,54.68
480.82,54.55
480.83,54.45
480.85,54.18
480.87,53.83
480.88,53.62
480.9,53.13
480.92,52.56
480.93,52.24
480.95,51.54
480.97,50.76
480.98,50.35
481.0,49.45
481.01,48.98
481.03,47.98
481.05,46.92
481.06,46.37
481.08,45.22
481.1,44.02
481.11,43.4
481.13,42.14
481.15,40.83
481.16,40.17
481.18,38.83
481.2,37.47
481.21,36.78
481.23,35.41
481.25,34.04
481.26,33.36
481.28,32.01
481.3,30.68
481.31,30.02
481.33,28.74
481.35,27.51
481.36,26.91
481.38,25.75
481.39,25.2
481.41,24.15
481.43,23.17
481.44,22.72
481.46,21.87
481.48,21.12
481.49,20.79
481.51,20.2
481.53,19.73
481.54,19.53
481.56,19.25
481.58,19.1
481.59,19.07
481.61,19.13
481.63,19.34
481.64,19.5
481.66,19.95
481.68,20.56
481.69,20.93
481.71,21.8
481.73,22.84
481.74,23.43
481.76,24.75
481.77,25.48
481.79,27.08
481.81,28.87
481.82,29.84
481.84,31.92
481.86,34.19
481.87,35.4
481.89,37.96
481.91,40.71
481.92,42.16
481.94,45.18
481.96,48.38
481.97,50.04
481.99,53.48
482.01,57.07
482.02,58.91
482.04,62.7
482.06,66.59
482.07,68.58
482.09,72.6
482.1,74.64
482.12,78.75
482.14,82.88
482.15,84.95
482.17,89.08
482.19,93.17
482.2,95.18
482.22,99.16
482.24,103.0
482.25,104.9
482.27,108.5
482.29,112.0
482.3,113.6
482.32,116.8
482.34,119.6
482.35,121.0
482.37,123.4
482.39,125.5
482.4,126.5
482.42,128.1
482.44,129.3
482.45,129.8
482.47,130.5
482.48,130.7
482.5,130.9
482.52,130.6
482.53,130.3
482.55,129.5
482.57,128.3
482.58,127.5
482.6,125.7
482.62,123.6
482.63,122.5
482.65,119.9
482.67,117.0
482.68,115.4
482.7,112.1
482.72,108.6
482.73,106.7
482.75,102.9
482.77,98.9
482.78,96.85
482.8,92.67
482.82,88.4
482.83,86.24
482.85,81.9
482.86,79.72
482.88,75.36
482.9,71.02
482.91,68.87
482.93,64.62
482.95,60.45
482.96,58.4
482.98,54.39
483.0,50.51
483.01,48.62
483.03,44.95
483.05,41.44
483.06,39.75
483.08,36.5
483.1,33.43
483.11,31.96
483.13,29.16
483.15,26.55
483.16,25.31
483.18,22.98
483.2,20.83
483.21,19.82
483.23,17.93
483.24,17.05
483.26,15.42
483.28,13.96
483.29,13.29
483.31,12.06
483.33,10.98
483.34,10.49
483.36,9.615
483.38,8.872
483.39,8.547
483.41,7.986
483.43,7.538
483.44,7.354
483.46,7.062
483.48,6.865
483.49,6.801
483.51,6.737
483.53,6.753
483.54,6.789
483.56,6.915
483.57,7.003
483.59,7.226
483.61,7.508
483.62,7.669
483.64,8.028
483.66,8.432
483.67,8.65
483.69,9.113
483.71,9.609
483.72,9.868
483.74,10.4
483.76,10.96
483.77,11.25
483.79,11.82
483.81,12.41
483.82,12.7
483.84,13.29
483.86,13.88
483.87,14.17
483.89,14.74
483.91,15.29
483.92,15.56
483.94,16.08
483.95,16.33
483.97,16.81
483.99,17.25
484.0,17.46
484.02,17.85
484.04,18.2
484.05,18.36
484.07,18.64
484.09,18.88
484.1,18.98
484.12,19.14
484.14,19.26
484.15,19.3
484.17,19.34
484.19,19.34
484.2,19.32
484.22,19.25
484.24,19.14
484.25,19.07
484.27,18.9
484.29,18.7
484.3,18.59
484.32,18.36
484.33,18.23
484.35,17.97
484.37,17.7
484.38,17.56
484.4,17.29
484.42,17.03
484.43,16.91
484.45,16.68
484.47,16.49
484.48,16.41
484.5,16.3
484.52,16.25
484.53,16.25
484.55,16.31
484.57,16.48
484.58,16.6
484.6,16.93
484.62,17.41
484.63,17.7
484.65,18.4
484.67,19.28
484.68,19.79
484.7,20.98
484.71,21.65
484.73,23.18
484.75,24.96
484.76,25.95
484.78,28.15
484.8,30.66
484.81,32.04
484.83,35.05
484.85,38.41
484.86,40.23
484.88,44.16
484.9,48.49
484.91,50.82
484.93,55.78
484.95,61.18
484.96,64.05
484.98,70.12
485.0,76.64
485.01,80.08
485.03,87.28
485.04,91.06
485.06,98.93
485.08,107.2
485.09,111.6
485.11,120.5
485.13,129.8
485.14,134.6
485.16,144.4
485.18,154.6
485.19,159.7
485.21,170.3
485.23,180.9
485.24,186.3
485.26,197.2
485.28,208.1
485.29,213.6
485.31,224.4
485.33,235.2
485.34,240.5
485.36,250.9
485.38,261.0
485.39,266.0
485.41,275.5
485.42,280.2
485.44,289.0
485.46,297.3
485.47,301.2
485.49,308.5
485.51,315.2
485.52,318.2
485.54,323.7
485.56,328.4
485.57,330.5
485.59,333.9
485.61,336.5
485.62,337.5
485.64,338.8
485.66,339.2
485.67,339.1
485.69,338.3
485.71,336.6
485.72,335.5
485.74,332.7
485.76,329.1
485.77,327.0
485.79,322.4
485.8,319.9
485.82,314.3
485.84,308.2
485.85,305.0
485.87,298.2
485.89,291.0
485.9,287.3
485.92,279.6
485.94,271.7
485.95,267.6
485.97,259.4
485.99,251.0
486.0,246.8
486.02,238.3
486.04,229.8
486.05,225.6
486.07,217.2
486.09,208.8
486.1,204.7
486.12,196.5
486.14,188.4
486.15,184.4
486.17,176.6
486.18,172.7
486.2,165.2
486.22,157.8
486.23,154.2
486.25,147.1
486.27,140.3
486.28,136.9
486.3,130.4
486.32,124.0
486.33,120.9
486.35,114.8
486.37,109.0
486.38,106.1
486.4,100.5
486.42,95.15
486.43,92.53
486.45,87.43
486.47,82.52
486.48,80.13
486.5,75.48
486.51,73.23
486.53,68.85
486.55,64.65
486.56,62.62
486.58,58.69
486.6,54.94
486.61,53.13
486.63,49.64
486.65,46.33
486.66,44.74
486.68,41.7
486.7,38.83
486.71,37.46
486.73,34.84
486.75,32.4
486.76,31.25
486.78,29.06
486.8,27.03
486.81,26.08
486.83,24.3
486.85,22.67
486.86,21.91
486.88,20.5
486.89,19.85
486.91,18.66
486.93,17.59
486.94,17.11
486.96,16.23
486.98,15.47
486.99,15.14
487.01,14.54
487.03,14.05
487.04,13.85
487.06,13.5
487.08,13.24
487.09,13.14
487.11,13.01
487.13,12.95
487.14,12.96
487.16,13.01
487.18,13.15
487.19,13.24
487.21,13.49
487.23,13.81
487.24,14.01
487.26,14.45
487.27,14.71
487.29,15.3
487.31,15.99
487.32,16.38
487.34,17.25
487.36,18.26
487.37,18.82
487.39,20.06
487.41,21.49
487.42,22.29
487.44,24.04
487.46,26.05
487.47,27.16
487.49,29.6
487.51,32.38
487.52,33.9
487.54,37.25
487.56,41.04
487.57,43.1
487.59,47.62
487.61,52.68
487.62,55.44
487.64,61.41
487.65,64.65
487.67,71.65
487.69,79.41
487.7,83.58
487.72,92.54
487.74,102.4
487.75,107.6
487.77,118.9
487.79,131.1
487.8,137.5
487.82,151.3
487.84,166.0
487.85,173.8
487.87,190.2
487.89,207.7
487.9,216.8
487.92,235.9
487.94,256.1
487.95,266.5
487.97,288.2
487.98,299.3
488.0,322.4
488.02,346.3
488.03,358.5
488.05,383.5
488.07,409.1
488.08,422.1
488.1,448.3
488.12,474.9
488.13,488.2
488.15,514.9
488.17,541.5
488.18,554.7
488.2,580.8
488.22,606.4
488.23,618.9
488.25,643.3
488.27,666.7
488.28,678.0
488.3,699.5
488.32,719.6
488.33,729.1
488.35,746.7
488.36,754.8
488.38,769.6
488.4,782.4
488.41,788.0
488.43,797.5
488.45,804.7
488.46,807.4
488.48,811.0
488.5,812.3
488.51,812.0
488.53,809.6
488.55,804.8
488.56,801.5
488.58,793.3
488.6,782.7
488.61,776.7
488.63,762.9
488.65,747.3
488.66,738.7
488.68,720.3
488.7,700.4
488.71,689.8
488.73,667.7
488.74,656.3
488.76,632.5
488.78,607.9
488.79,595.3
488.81,569.6
488.83,543.6
488.84,530.5
488.86,504.2
488.88,477.9
488.89,464.8
488.91,438.9
488.93,413.3
488.94,400.8
488.96,376.2
488.98,352.4
488.99,340.8
489.01,318.3
489.03,296.9
489.04,286.6
489.06,266.8
489.08,248.3
489.09,239.6
489.11,223.0
489.12,215.2
489.14,200.7
489.16,187.6
489.17,181.6
489.19,170.7
489.21,161.2
489.22,157.1
489.24,149.8
489.26,144.1
489.27,141.8
489.29,138.3
489.31,136.3
489.32,135.9
489.34,136.2
489.36,138.0
489.37,139.4
489.39,143.5
489.41,149.0
489.42,152.4
489.44,160.1
489.45,164.6
489.47,174.5
489.49,185.9
489.5,192.2
489.52,205.7
489.54,220.6
489.55,228.6
489.57,245.5
489.59,263.6
489.6,273.1
489.62,293.0
489.64,314.0
489.65,324.9
489.67,347.4
489.69,370.7
489.7,382.6
489.72,407.0
489.74,431.8
489.75,444.4
489.77,469.9
489.79,495.4
489.8,508.2
489.82,533.7
489.83,546.4
489.85,571.4
489.87,595.9
489.88,607.9
489.9,631.2
489.92,653.6
489.93,664.3
489.95,684.8
489.97,703.9
489.98,712.8
490.0,729.5
490.02,744.2
490.03,750.9
490.05,762.8
490.07,772.5
490.08,776.5
490.1,782.9
490.12,786.9
490.13,788.1
490.15,788.7
490.17,786.9
490.18,785.1
490.2,779.8
490.21,776.3
490.23,767.6
490.25,756.7
490.26,750.5
490.28,736.5
490.3,720.7
490.31,712.1
490.33,693.7
490.35,673.7
490.36,663.2
490.38,641.2
490.4,618.1
490.41,606.2
490.43,581.8
490.45,556.7
490.46,543.9
490.48,518.2
490.5,492.2
490.51,479.1
490.53,453.1
490.54,440.2
490.56,414.4
490.58,389.1
490.59,376.6
490.61,352.1
490.63,328.3
490.64,316.6
490.66,294.0
490.68,272.2
490.69,261.7
490.71,241.4
490.73,222.1
490.74,212.9
490.76,195.2
490.78,178.6
490.79,170.7
490.81,155.7
490.83,141.7
490.84,135.2
490.86,122.8
490.88,111.5
490.89,106.2
490.91,96.3
490.92,91.7
490.94,83.19
490.96,75.53
490.97,72.02
490.99,65.56
491.01,59.86
491.02,57.27
491.04,52.6
491.06,48.57
491.07,46.78
491.09,43.62
491.11,41.01
491.12,39.89
491.14,38.02
491.16,36.61
491.17,36.08
491.19,35.32
491.21,34.98
491.22,34.95
491.24,35.2
491.26,35.83
491.27,36.29
491.29,37.5
491.3,38.25
491.32,40.04
491.34,42.23
491.35,43.48
491.37,46.3
491.39,49.56
491.4,51.37
491.42,55.33
491.44,59.79
491.45,62.21
491.47,67.47
491.49,73.29
491.5,76.42
491.52,83.14
491.54,90.5
491.55,94.42
491.57,102.8
491.59,111.8
491.6,116.6
491.62,126.7
491.64,137.5
491.65,143.2
491.67,155.1
491.68,161.4
491.7,174.4
491.72,188.1
491.73,195.2
491.75,210.0
491.77,225.3
491.78,233.2
491.8,249.5
491.82,266.2
491.83,274.8
491.85,292.1
491.87,309.8
491.88,318.8
491.9,336.8
491.92,354.9
491.93,364.0
491.95,382.0
491.97,399.9
491.98,408.7
492.0,426.1
492.01,434.6
492.03,451.2
492.05,467.1
492.06,474.8
492.08,489.5
492.1,503.2
492.11,509.6
492.13,521.7
492.15,532.6
492.16,537.5
492.18,546.3
492.2,553.7
492.21,556.8
492.23,561.9
492.25,565.5
492.26,566.6
492.28,567.8
492.3,567.3
492.31,566.4
492.33,563.4
492.35,558.9
492.36,556.1
492.38,549.2
492.39,545.2
492.41,536.2
492.43,525.8
492.44,520.1
492.46,507.8
492.48,494.4
492.49,487.3
492.51,472.4
492.53,456.7
492.54,448.5
492.56,431.7
492.58,414.3
492.59,405.5
492.61,387.5
492.63,369.3
492.64,360.1
492.66,341.7
492.68,323.3
492.69,314.1
492.71,296.0
492.73,278.1
492.74,269.2
492.76,251.9
492.77,243.4
492.79,226.7
492.81,210.6
492.82,202.8
492.84,187.6
492.86,173.1
492.87,166.1
492.89,152.6
492.91,139.8
492.92,133.6
492.94,121.9
492.96,110.9
492.97,105.7
492.99,95.8
493.01,86.58
493.02,82.22
493.04,74.01
493.06,66.43
493.07,62.88
493.09,56.23
493.11,50.14
493.12,47.31
493.14,42.03
493.15,39.58
493.17,35.03
493.19,30.93
493.2,29.04
493.22,25.55
493.24,22.43
493.25,21.0
493.27,18.38
493.29,16.05
493.3,14.99
493.32,13.06
493.34,11.36
493.35,10.59
493.37,9.198
493.39,7.984
493.4,7.438
493.42,6.457
493.44,5.61
493.45,5.232
493.47,4.558
493.48,4.259
493.5,3.729
493.52,3.282
493.53,3.086
493.55,2.743
493.57,2.459
493.58,2.337
493.6,2.13
493.62,1.964
493.63,1.896
493.65,1.786
493.67,1.706
493.68,1.677
493.7,1.638
493.72,1.622
493.73,1.621
493.75,1.636
493.77,1.668
493.78,1.691
493.8,1.749
493.82,1.822
493.83,1.864
493.85,1.959
493.86,2.012
493.88,2.129
493.9,2.26
493.91,2.331
493.93,2.484
493.95,2.652
493.96,2.742
493.98,2.933
494.0,3.141
494.01,3.252
494.03,3.485
494.05,3.737
494.06,3.869
494.08,4.149
494.1,4.447
494.11,4.604
494.13,4.933
494.15,5.281
494.16,5.463
494.18,5.842
494.2,6.242
494.21,6.449
494.23,6.879
494.24,7.101
494.26,7.558
494.28,8.034
494.29,8.278
494.31,8.779
494.33,9.293
494.34,9.556
494.36,10.09
494.38,10.63
494.39,10.9
494.41,11.46
494.43,12.01
494.44,12.29
494.46,12.84
494.48,13.39
494.49,13.66
494.51,14.19
494.53,14.71
494.54,14.97
494.56,15.46
494.58,15.93
494.59,16.16
494.61,16.59
494.62,16.79
494.64,17.18
494.66,17.53
494.67,17.69
494.69,17.99
494.71,18.24
494.72,18.35
494.74,18.54
494.76,18.69
494.77,18.75
494.79,18.83
494.81,18.87
494.82,18.87
494.84,18.85
494.86,18.78
494.87,18.73
494.89,18.61
494.91,18.45
494.92,18.36
494.94,18.15
494.95,18.03
494.97,17.78
494.99,17.52
495.0,17.37
495.02,17.08
495.04,16.78
495.05,16.62
495.07,16.31
495.09,16.01
495.1,15.85
495.12,15.56
495.14,15.28
495.15,15.14
495.17,14.89
495.19,14.66
495.2,14.56
495.22,14.38
495.24,14.23
495.25,14.17
495.27,14.07
495.29,14.02
495.3,14.01
495.32,14.02
495.33,14.05
495.35,14.13
495.37,14.25
495.38,14.32
495.4,14.51
495.42,14.74
495.43,14.87
495.45,15.16
495.47,15.48
495.48,15.66
495.5,16.03
495.52,16.43
495.53,16.63
495.55,17.06
495.57,17.51
495.58,17.73
495.6,18.19
495.62,18.65
495.63,18.88
495.65,19.34
495.67,19.78
495.68,19.99
495.7,20.4
495.71,20.6
495.73,20.98
495.75,21.32
495.76,21.48
495.78,21.76
495.8,22.0
495.81,22.11
495.83,22.28
495.85,22.41
495.86,22.45
495.88,22.5
495.9,22.49
495.91,22.47
495.93,22.39
495.95,22.26
495.96,22.17
495.98,21.96
496.0,21.71
496.01,21.57
496.03,21.25
496.05,20.9
496.06,20.71
496.08,20.31
496.09,20.1
496.11,19.67
496.13,19.22
496.14,19.0
496.16,18.54
496.18,18.08
496.19,17.86
496.21,17.42
496.23,17.0
496.24,16.8
496.26,16.42
496.28,16.07
496.29,15.92
496.31,15.65
496.33,15.42
496.34,15.34
496.36,15.21
496.38,15.15
496.39,15.14
496.41,15.2
496.42,15.25
496.44,15.43
496.46,15.69
496.47,15.85
496.49,16.25
496.51,16.74
496.52,17.02
496.54,17.65
496.56,18.38
496.57,18.77
496.59,19.64
496.61,20.6
496.62,21.11
496.64,22.2
496.66,23.38
496.67,23.99
496.69,25.28
496.71,26.63
496.72,27.33
496.74,28.78
496.76,30.27
496.77,31.03
496.79,32.58
496.8,33.36
496.82,34.95
496.84,36.53
496.85,37.33
496.87,38.91
496.89,40.46
496.9,41.23
496.92,42.73
496.94,44.18
496.95,44.89
496.97,46.24
496.99,47.51
497.0,48.11
497.02,49.24
497.04,50.27
497.05,50.74
497.07,51.59
497.09,52.31
497.1,52.62
497.12,53.15
497.14,53.53
497.15,53.67
497.17,53.85
497.18,53.88
497.2,53.84
497.22,53.66
497.23,53.52
497.25,53.14
497.27,52.62
497.28,52.32
497.3,51.62
497.32,50.82
497.33,50.37
497.35,49.42
497.37,48.38
497.38,47.83
497.4,46.69
497.42,45.5
497.43,44.89
497.45,43.64
497.47,42.37
497.48,41.74
497.5,40.47
497.52,39.22
497.53,38.61
497.55,37.41
497.56,36.83
497.58,35.72
497.6,34.68
497.61,34.18
497.63,33.27
497.65,32.45
497.66,32.07
497.68,31.42
497.7,30.88
497.71,30.65
497.73,30.3
497.75,30.08
497.76,30.02
497.78,30.01
497.8,30.13
497.81,30.24
497.83,30.57
497.85,31.04
497.86,31.32
497.88,31.99
497.89,32.37
497.91,33.23
497.93,34.21
497.94,34.74
497.96,35.89
497.98,37.14
497.99,37.8
498.01,39.19
498.03,40.67
498.04,41.43
498.06,43.01
498.08,44.65
498.09,45.49
498.11,47.2
498.13,48.94
498.14,49.82
498.16,51.6
498.18,53.38
498.19,54.28
498.21,56.06
498.23,57.83
498.24,58.71
498.26,60.44
498.27,61.29
498.29,62.98
498.31,64.62
498.32,65.42
498.34,66.98
498.36,68.48
498.37,69.21
498.39,70.62
498.41,71.96
498.42,72.61
498.44,73.84
498.46,75.0
498.47,75.55
498.49,76.6
498.51,77.56
498.52,78.01
498.54,78.85
498.56,79.62
498.57,79.97
498.59,80.61
498.61,81.18
498.62,81.43
498.64,81.87
498.65,82.07
498.67,82.4
498.69,82.65
498.7,82.75
498.72,82.89
498.74,82.96
498.75,82.96
498.77,82.93
498.79,82.82
498.8,82.74
498.82,82.54
498.84,82.27
498.85,82.11
498.87,81.75
498.89,81.33
498.9,81.1
498.92,80.6
498.94,80.05
498.95,79.76
498.97,79.15
498.99,78.49
499.0,78.15
499.02,77.44
499.03,77.07
499.05,76.33
499.07,75.56
499.08,75.18
499.1,74.4
499.12,73.61
499.13,73.23
499.15,72.46
499.17,71.71
499.18,71.35
499.2,70.65
499.22,69.99
499.23,69.69
499.25,69.12
499.27,68.62
499.28,68.4
499.3,68.02
499.32,67.75
499.33,67.65
499.35,67.54
499.36,67.53
499.38,67.61
499.4,67.83
499.41,68.0
499.43,68.44
499.45,69.05
499.46,69.41
499.48,70.27
499.5,71.29
499.51,71.87
499.53,73.16
499.55,74.63
499.56,75.42
499.58,77.15
499.6,79.04
499.61,80.04
499.63,82.17
499.65,84.43
499.66,85.62
499.68,88.08
499.7,90.65
499.71,91.97
499.73,94.66
499.74,96.04
499.76,98.82
499.78,101.6
499.79,103.0
499.81,105.8
499.83,108.6
499.84,110.0
499.86,112.6
499.88,115.2
499.89,116.4
499.91,118.8
499.93,121.0
499.94,122.0
499.96,123.9
499.98,125.6
499.99,126.4
500.01,127.7
500.03,128.8
500.04,129.2
500.06,129.8
500.08,130.2
500.09,130.2
500.11,130.1
500.12,129.9
500.14,129.4
500.16,128.5
500.17,127.9
500.19,126.6
500.21,125.0
500.22,124.1
500.24,122.1
500.26,119.8
500.27,118.6
500.29,116.0
500.31,113.2
500.32,111.7
500.34,108.6
500.36,105.3
500.37,103.7
500.39,100.2
500.41,96.72
500.42,94.93
500.44,91.3
500.45,89.48
500.47,85.81
500.49,82.13
500.5,80.29
500.52,76.64
500.54,73.03
500.55,71.25
500.57,67.73
500.59,64.29
500.6,62.61
500.62,59.31
500.64,56.12
500.65,54.57
500.67,51.56
500.69,48.68
500.7,47.28
500.72,44.59
500.74,42.04
500.75,40.81
500.77,38.46
500.79,36.24
500.8,35.18
500.82,33.17
500.83,32.21
500.85,30.39
500.87,28.69
500.88,27.89
500.9,26.37
500.92,24.97
500.93,24.32
500.95,23.08
500.97,21.96
500.98,21.43
501.0,20.45
501.02,19.57
501.03,19.16
501.05,18.41
501.07,17.75
501.08,17.44
501.1,16.9
501.12,16.43
501.13,16.22
501.15,15.86
501.17,15.57
501.18,15.45
501.2,15.25
501.21,15.18
501.23,15.08
501.25,15.04
501.26,15.04
501.28,15.08
501.3,15.18
501.31,15.25
501.33,15.42
501.35,15.64
501.36,15.77
501.38,16.07
501.4,16.4
501.41,16.58
501.43,16.98
501.45,17.41
501.46,17.64
501.48,18.12
501.5,18.62
501.51,18.89
501.53,19.43
501.55,20.0
501.56,20.28
501.58,20.87
501.59,21.16
501.61,21.76
501.63,22.36
501.64,22.66
501.66,23.26
501.68,23.85
501.69,24.14
501.71,24.7
501.73,25.25
501.74,25.52
501.76,26.02
501.78,26.5
501.79,26.73
501.81,27.15
501.83,27.53
501.84,27.71
501.86,28.02
501.88,28.29
501.89,28.4
501.91,28.59
501.92,28.67
501.94,28.77
501.96,28.82
501.97,28.82
501.99,28.78
502.01,28.68
502.02,28.61
502.04,28.43
502.06,28.19
502.07,28.05
502.09,27.72
502.11,27.35
502.12,27.14
502.14,26.69
502.16,26.19
502.17,25.93
502.19,25.37
502.21,24.77
502.22,24.46
502.24,23.82
502.26,23.15
502.27,22.81
502.29,22.1
502.3,21.75
502.32,21.02
502.34,20.29
502.35,19.92
502.37,19.18
502.39,18.44
502.4,18.08
502.42,17.35
502.44,16.63
502.45,16.28
502.47,15.59
502.49,14.92
502.5,14.59
502.52,13.96
502.54,13.35
502.55,13.06
502.57,12.5
502.59,11.98
502.6,11.73
502.62,11.27
502.64,10.84
502.65,10.64
502.67,10.28
502.68,10.12
502.7,9.83
502.72,9.586
502.73,9.482
502.75,9.312
502.77,9.193
502.78,9.153
502.8,9.112
502.82,9.125
502.83,9.151
502.85,9.245
502.87,9.393
502.88,9.488
502.9,9.719
502.92,10.0
502.93,10.17
502.95,10.53
502.97,10.95
502.98,11.18
503.0,11.68
503.02,12.23
503.03,12.53
503.05,13.15
503.06,13.48
503.08,14.17
503.1,14.9
503.11,15.28
503.13,16.06
503.15,16.88
503.16,17.3
503.18,18.16
503.2,19.04
503.21,19.49
503.23,20.4
503.25,21.32
503.26,21.78
503.28,22.7
503.3,23.62
503.31,24.07
503.33,24.98
503.35,25.86
503.36,26.3
503.38,27.14
503.39,27.56
503.41,28.36
503.43,29.12
503.44,29.49
503.46,30.19
503.48,30.84
503.49,31.15
503.51,31.72
503.53,32.24
503.54,32.48
503.56,32.91
503.58,33.28
503.59,33.45
503.61,33.73
503.63,33.95
503.64,34.04
503.66,34.17
503.68,34.24
503.69,34.26
503.71,34.25
503.73,34.18
503.74,34.13
503.76,33.99
503.77,33.9
503.79,33.7
503.81,33.45
503.82,33.31
503.84,33.0
503.86,32.66
503.87,32.47
503.89,32.09
503.91,31.67
503.92,31.46
503.94,31.01
503.96,30.55
503.97,30.31
503.99,29.81
504.01,29.31
504.02,29.05
504.04,28.53
504.06,27.99
504.07,27.72
504.09,27.17
504.11,26.62
504.12,26.33
504.14,25.77
504.15,25.48
504.17,24.9
504.19,24.32
504.2,24.03
504.22,23.44
504.24,22.84
504.25,22.54
504.27,21.94
504.29,21.33
504.3,21.02
504.32,20.41
504.34,19.79
504.35,19.48
504.37,18.86
504.39,18.24
504.4,17.93
504.42,17.32
504.44,16.7
504.45,16.4
504.47,15.79
504.49,15.2
504.5,14.9
504.52,14.32
504.53,14.04
504.55,13.48
504.57,12.94
504.58,12.68
504.6,12.17
504.62,11.68
504.63,11.45
504.65,11.01
504.67,10.59
504.68,10.4
504.7,10.03
504.72,9.708
504.73,9.56
504.75,9.294
504.77,9.073
504.78,8.979
504.8,8.827
504.82,8.725
504.83,8.694
504.85,8.671
504.86,8.68
504.88,8.74
504.9,8.859
504.91,8.942
504.93,9.152
504.95,9.425
504.96,9.585
504.98,9.955
505.0,10.39
505.01,10.63
505.03,11.17
505.05,11.77
505.06,12.1
505.08,12.81
505.1,13.58
505.11,13.99
505.13,14.86
505.15,15.8
505.16,16.29
505.18,17.32
505.2,18.4
505.21,18.97
505.23,20.13
505.24,20.73
505.26,21.97
505.28,23.24
505.29,23.89
505.31,25.22
505.33,26.56
505.34,27.25
505.36,28.62
505.38,29.99
505.39,30.68
505.41,32.05
505.43,33.4
505.44,34.07
505.46,35.38
505.48,36.65
505.49,37.27
505.51,38.47
505.53,39.6
505.54,40.14
505.56,41.16
505.58,42.1
505.59,42.53
505.61,43.33
505.62,43.7
505.64,44.34
505.66,44.87
505.67,45.1
505.69,45.46
505.71,45.7
505.72,45.77
505.74,45.83
505.76,45.76
505.77,45.68
505.79,45.42
505.81,45.05
505.82,44.82
505.84,44.27
505.86,43.61
505.87,43.24
505.89,42.42
505.91,41.51
505.92,41.01
505.94,39.97
505.96,38.85
505.97,38.26
505.99,37.04
506.0,36.41
506.02,35.11
506.04,33.77
506.05,33.09
506.07,31.7
506.09,30.3
506.1,29.59
506.12,28.18
506.14,26.77
506.15,26.07
506.17,24.67
506.19,23.31
506.2,22.63
506.22,21.31
506.24,20.02
506.25,19.39
506.27,18.17
506.29,17.0
506.3,16.43
506.32,15.33
506.33,14.81
506.35,13.8
506.37,12.84
506.38,12.39
506.4,11.52
506.42,10.71
506.43,10.33
506.45,9.608
506.47,8.943
506.48,8.631
506.5,8.049
506.52,7.518
506.53,7.273
506.55,6.817
506.57,6.409
506.58,6.222
506.6,5.88
506.62,5.578
506.63,5.442
506.65,5.197
506.67,4.986
506.68,4.892
506.7,4.728
506.71,4.656
506.73,4.532
506.75,4.432
506.76,4.391
506.78,4.323
506.8,4.274
506.81,4.256
506.83,4.231
506.85,4.219
506.86,4.218
506.88,4.224
506.9,4.24
506.91,4.251
506.93,4.278
506.95,4.311
506.96,4.329
506.98,4.369
507.0,4.412
507.01,4.434
507.03,4.479
507.05,4.525
507.06,4.547
507.08,4.592
507.09,4.614
507.11,4.657
507.13,4.697
507.14,4.716
507.16,4.752
507.18,4.784
507.19,4.799
507.21,4.825
507.23,4.848
507.24,4.857
507.26,4.873
507.28,4.885
507.29,4.889
507.31,4.895
507.33,4.898
507.34,4.899
507.36,4.898
507.38,4.897
507.39,4.896
507.41,4.895
507.43,4.896
507.44,4.898
507.46,4.907
507.47,4.914
507.49,4.936
507.51,4.97
507.52,4.993
507.54,5.053
507.56,5.136
507.57,5.187
507.59,5.313
507.61,5.476
507.62,5.573
507.64,5.804
507.66,6.089
507.67,6.255
507.69,6.641
507.71,7.106
507.72,7.372
507.74,7.979
507.76,8.696
507.77,9.101
507.79,10.01
507.8,10.52
507.82,11.66
507.84,12.98
507.85,13.71
507.87,15.33
507.89,17.17
507.9,18.19
507.92,20.42
507.94,22.93
507.95,24.3
507.97,27.28
507.99,30.61
508.0,32.41
508.02,36.31
508.04,40.62
508.05,42.94
508.07,47.92
508.09,53.36
508.1,56.27
508.12,62.47
508.14,69.2
508.15,72.77
508.17,80.31
508.18,84.3
508.2,92.7
508.22,101.7
508.23,106.4
508.25,116.2
508.27,126.7
508.28,132.1
508.3,143.4
508.32,155.2
508.33,161.3
508.35,173.9
508.37,187.0
508.38,193.7
508.4,207.4
508.42,221.4
508.43,228.5
508.45,243.0
508.47,257.7
508.48,265.1
508.5,279.9
508.52,294.8
508.53,302.2
508.55,316.9
508.56,324.1
508.58,338.5
508.6,352.5
508.61,359.3
508.63,372.7
508.65,385.4
508.66,391.5
508.68,403.2
508.7,414.0
508.71,419.1
508.73,428.6
508.75,437.1
508.76,440.9
508.78,447.8
508.8,453.5
508.81,455.9
508.83,459.7
508.85,462.3
508.86,463.1
508.88,463.8
508.9,463.2
508.91,462.4
508.93,459.8
508.94,458.0
508.96,453.6
508.98,448.0
508.99,444.7
509.01,437.3
509.03,428.9
509.04,424.3
509.06,414.3
509.08,403.5
509.09,397.8
509.11,385.7
509.13,373.0
509.14,366.5
509.16,352.9
509.18,338.9
509.19,331.8
509.21,317.3
509.23,302.6
509.24,295.2
509.26,280.4
509.27,273.0
509.29,258.2
509.31,243.5
509.32,236.3
509.34,221.9
509.36,207.9
509.37,201.0
509.39,187.5
509.41,174.4
509.42,168.0
509.44,155.7
509.46,143.8
509.47,138.1
509.49,127.1
509.51,116.6
509.52,111.6
509.54,102.0
509.56,93.01
509.57,88.72
509.59,80.56
509.61,72.97
509.62,69.38
509.64,62.61
509.65,59.42
509.67,53.42
509.69,47.92
509.7,45.35
509.72,40.54
509.74,36.17
509.75,34.14
509.77,30.38
509.79,26.98
509.8,25.42
509.82,22.53
509.84,19.96
509.85,18.78
509.87,16.63
509.89,14.73
509.9,13.87
509.92,12.31
509.94,10.95
509.95,10.35
509.97,9.264
509.99,8.344
510.0,7.941
510.02,7.239
510.03,6.938
510.05,6.428
510.07,6.036
510.08,5.88
510.1,5.648
510.12,5.514
510.13,5.483
510.15,5.491
510.17,5.588
510.18,5.671
510.2,5.901
510.22,6.22
510.23,6.413
510.25,6.866
510.27,7.412
510.28,7.721
510.3,8.411
510.32,9.203
510.33,9.639
510.35,10.59
510.36,11.11
510.38,12.23
510.4,13.48
510.41,14.15
510.43,15.59
510.45,17.17
510.46,18.01
510.48,19.8
510.5,21.74
510.51,22.77
510.53,24.94
510.55,27.28
510.56,28.5
510.58,31.08
510.6,33.83
510.61,35.27
510.63,38.27
510.65,41.43
510.66,43.08
510.68,46.49
510.7,50.07
510.71,51.91
510.73,55.71
510.74,57.67
510.76,61.69
510.78,65.83
510.79,67.95
510.81,72.27
510.83,76.7
510.84,78.94
510.86,83.49
510.88,88.1
510.89,90.42
510.91,95.09
510.93,99.78
510.94,102.1
510.96,106.8
510.98,111.5
510.99,113.8
511.01,118.4
511.03,122.9
511.04,125.1
511.06,129.4
511.08,133.6
511.09,135.7
511.11,139.7
511.12,141.6
511.14,145.4
511.16,148.9
511.17,150.6
511.19,153.9
511.21,156.9
511.22,158.3
511.24,161.0
511.26,163.4
511.27,164.6
511.29,166.7
511.31,168.5
511.32,169.4
511.34,170.9
511.36,172.1
511.37,172.7
511.39,173.6
511.41,174.4
511.42,174.7
511.44,175.2
511.46,175.5
511.47,175.6
511.49,175.7
511.5,175.7
511.52,175.6
511.54,175.5
511.55,175.4
511.57,175.1
511.59,174.9
511.6,174.8
511.62,174.5
511.64,174.4
511.65,174.3
511.67,174.2
511.69,174.2
511.7,174.3
511.72,174.5
511.74,174.9
511.75,175.2
511.77,175.9
511.79,176.7
511.8,177.3
511.82,178.5
511.83,179.2
511.85,180.7
511.87,182.5
511.88,183.5
511.9,185.7
511.92,188.1
511.93,189.4
511.95,192.2
511.97,195.2
511.98,196.7
512.0,200.0
512.02,203.5
512.03,205.3
512.05,209.0
512.07,212.7
512.08,214.7
512.1,218.5
512.12,222.5
512.13,224.4
512.15,228.3
512.17,232.1
512.18,234.0
512.2,237.7
512.21,239.5
512.23,242.9
512.25,246.0
512.26,247.5
512.28,250.3
512.3,252.8
512.31,253.9
512.33,255.9
512.35,257.5
512.36,258.2
512.38,259.2
512.4,259.7
512.41,259.9
512.43,259.8
512.45,259.2
512.46,258.8
512.48,257.6
512.5,255.9
512.51,254.9
512.53,252.6
512.55,249.8
512.56,248.3
512.58,244.9
512.59,243.1
512.61,239.2
512.63,235.0
512.64,232.8
512.66,228.2
512.68,223.2
512.69,220.7
512.71,215.5
512.73,210.1
512.74,207.4
512.76,201.8
512.78,196.1
512.79,193.3
512.81,187.6
512.83,181.9
512.84,179.0
512.86,173.3
512.88,167.8
512.89,165.0
512.91,159.5
512.93,154.2
512.94,151.6
512.96,146.5
512.97,144.0
512.99,139.1
513.01,134.4
513.02,132.2
513.04,127.8
513.06,123.6
513.07,121.5
513.09,117.6
513.11,113.9
513.12,112.1
513.14,108.7
513.16,105.5
513.17,103.9
513.19,100.9
513.21,98.13
513.22,96.8
513.24,94.24
513.26,91.83
513.27,90.68
513.29,88.47
513.3,87.42
513.32,85.4
513.34,83.48
513.35,82.56
513.37,80.79
513.39,79.11
513.4,78.29
513.42,76.71
513.44,75.18
513.45,74.44
513.47,72.99
513.49,71.57
513.5,70.87
513.52,69.5
513.54,68.14
513.55,67.46
513.57,66.12
513.59,64.77
513.6,64.1
513.62,62.75
513.64,61.39
513.65,60.71
513.67,59.33
513.68,58.64
513.7,57.23
513.72,55.81
513.73,55.09
513.75,53.64
513.77,52.17
513.78,51.42
513.8,49.92
513.82,48.41
513.83,47.64
513.85,46.1
513.87,44.55
513.88,43.77
513.9,42.21
513.92,40.65
513.93,39.87
513.95,38.3
513.97,36.75
513.98,35.97
514.0,34.43
514.02,32.91
514.03,32.16
514.05,30.67
514.06,29.93
514.08,28.48
514.1,27.06
514.11,26.37
514.13,25.0
514.15,23.67
514.16,23.02
514.18,21.76
514.2,20.54
514.21,19.95
514.23,18.8
514.25,17.7
514.26,17.17
514.28,16.15
514.3,15.17
514.31,14.7
514.33,13.8
514.35,12.95
514.36,12.55
514.38,11.77
514.4,11.04
514.41,10.7
514.43,10.04
514.44,9.724
514.46,9.131
514.48,8.581
514.49,8.321
514.51,7.831
514.53,7.378
514.54,7.166
514.56,6.768
514.58,6.403
514.59,6.232
514.61,5.915
514.63,5.627
514.64,5.493
514.66,5.246
514.68,5.025
514.69,4.924
514.71,4.739
514.73,4.577
514.74,4.505
514.76,4.375
514.77,4.318
514.79,4.219
514.81,4.14
514.82,4.108
514.84,4.058
514.86,4.026
514.87,4.018
514.89,4.014
514.91,4.03
514.92,4.044
514.94,4.088
514.96,4.151
514.97,4.19
514.99,4.282
515.01,4.394
515.02,4.458
515.04,4.601
515.06,4.765
515.07,4.855
515.09,5.051
515.11,5.269
515.12,5.386
515.14,5.638
515.15,5.772
515.17,6.058
515.19,6.367
515.2,6.53
515.22,6.873
515.24,7.239
515.25,7.43
515.27,7.83
515.29,8.252
515.3,8.471
515.32,8.926
515.34,9.401
515.35,9.646
515.37,10.15
515.39,10.68
515.4,10.94
515.42,11.49
515.44,12.06
515.45,12.35
515.47,12.94
515.49,13.54
515.5,13.85
515.52,14.47
515.53,14.79
515.55,15.43
515.57,16.07
515.58,16.4
515.6,17.06
515.62,17.73
515.63,18.06
515.65,18.74
515.67,19.42
515.68,19.76
515.7,20.45
515.72,21.15
515.73,21.5
515.75,22.2
515.77,22.9
515.78,23.26
515.8,23.98
515.82,24.7
515.83,25.07
515.85,25.8
515.87,26.55
515.88,26.93
515.9,27.69
515.91,28.08
515.93,28.87
515.95,29.67
515.96,30.08
515.98,30.92
516.0,31.77
516.01,32.21
516.03,33.11
516.05,34.04
516.06,34.52
516.08,35.5
516.1,36.52
516.11,37.05
516.13,38.14
516.15,39.27
516.16,39.85
516.18,41.06
516.2,42.33
516.21,42.99
516.23,44.35
516.24,45.05
516.26,46.51
516.28,48.05
516.29,48.84
516.31,50.49
516.33,52.22
516.34,53.12
516.36,54.98
516.38,56.93
516.39,57.94
516.41,60.03
516.43,62.22
516.44,63.35
516.46,65.69
516.48,68.14
516.49,69.4
516.51,72.01
516.53,74.72
516.54,76.11
516.56,78.99
516.58,81.97
516.59,83.5
516.61,86.64
516.62,88.25
516.64,91.55
516.66,94.94
516.67,96.68
516.69,100.2
516.71,103.8
516.72,105.7
516.74,109.4
516.76,113.3
516.77,115.2
516.79,119.1
516.81,123.1
516.82,125.1
516.84,129.1
516.86,133.2
516.87,135.2
516.89,139.3
516.91,143.4
516.92,145.4
516.94,149.5
516.96,153.5
516.97,155.5
516.99,159.4
517.0,161.4
517.02,165.2
517.04,168.9
517.05,170.7
517.07,174.3
517.09,177.7
517.1,179.4
517.12,182.5
517.14,185.5
517.15,187.0
517.17,189.7
517.19,192.2
517.2,193.3
517.22,195.5
517.24,197.4
517.25,198.2
517.27,199.8
517.29,201.0
517.3,201.6
517.32,202.4
517.34,203.0
517.35,203.2
517.37,203.3
517.38,203.3
517.4,203.1
517.42,202.6
517.43,202.3
517.45,201.4
517.47,200.3
517.48,199.7
517.5,198.3
517.52,196.7
517.53,195.8
517.55,194.0
517.57,192.1
517.58,191.1
517.6,189.1
517.62,187.0
517.63,186.0
517.65,184.0
517.67,182.0
517.68,181.0
517.7,179.1
517.71,178.3
517.73,176.6
517.75,175.2
517.76,174.6
517.78,173.5
517.8,172.8
517.81,172.5
517.83,172.2
517.85,172.3
517.86,172.4
517.88,173.0
517.9,174.1
517.91,174.7
517.93,176.3
517.95,178.4
517.96,179.5
517.98,182.2
518.0,185.2
518.01,186.9
518.03,190.5
518.05,194.4
518.06,196.5
518.08,201.0
518.09,203.3
518.11,208.1
518.13,213.1
518.14,215.7
518.16,221.0
518.18,226.3
518.19,229.0
518.21,234.4
518.23,239.7
518.24,242.3
518.26,247.5
518.28,252.4
518.29,254.8
518.31,259.4
518.33,263.7
518.34,265.7
518.36,269.4
518.38,272.6
518.39,274.0
518.41,276.6
518.43,278.5
518.44,279.3
518.46,280.4
518.47,280.7
518.49,281.0
518.51,280.6
518.52,280.1
518.54,278.8
518.56,276.9
518.57,275.6
518.59,272.8
518.61,269.4
518.62,267.4
518.64,263.2
518.66,258.4
518.67,255.9
518.69,250.4
518.71,244.5
518.72,241.4
518.74,235.0
518.76,228.3
518.77,224.9
518.79,217.8
518.81,210.6
518.82,206.9
518.84,199.5
518.85,195.8
518.87,188.3
518.89,180.9
518.9,177.2
518.92,170.0
518.94,162.8
518.95,159.3
518.97,152.5
518.99,145.9
519.0,142.7
519.02,136.5
519.04,130.6
519.05,127.8
519.07,122.5
519.09,117.5
519.1,115.2
519.12,110.9
519.14,106.9
519.15,105.1
519.17,101.8
519.18,100.3
519.2,97.65
519.22,95.43
519.23,94.49
519.25,92.93
519.27,91.81
519.28,91.41
519.3,90.93
519.32,90.88
519.33,91.01
519.35,91.57
519.37,92.55
519.38,93.18
519.4,94.74
519.42,96.69
519.43,97.81
519.45,100.3
519.47,103.2
519.48,104.7
519.5,108.1
519.52,111.9
519.53,113.8
519.55,118.1
519.56,120.3
519.58,125.0
519.6,130.0
519.61,132.6
519.63,138.0
519.65,143.7
519.66,146.7
519.68,152.8
519.7,159.2
519.71,162.4
519.73,169.2
519.75,176.1
519.76,179.7
519.78,187.0
519.8,194.5
519.81,198.4
519.83,206.2
519.85,214.1
519.86,218.2
519.88,226.4
519.9,234.8
519.91,239.0
519.93,247.6
519.94,251.9
519.96,260.6
519.98,269.4
519.99,273.9
520.01,282.8
520.03,291.7
520.04,296.2
520.06,305.2
520.08,314.2
520.09,318.7
520.11,327.7
520.13,336.6
520.14,341.0
520.16,349.8
520.18,358.6
520.19,362.9
520.21,371.4
520.23,379.8
520.24,383.9
520.26,392.0
520.27,396.0
520.29,403.7
520.31,411.2
520.32,414.8
520.34,421.9
520.36,428.5
520.37,431.7
520.39,437.8
520.41,443.5
520.42,446.2
520.44,451.2
520.46,455.6
520.47,457.7
520.49,461.3
520.51,464.3
520.52,465.6
520.54,467.7
520.56,469.2
520.57,469.6
520.59,470.0
520.61,469.7
520.62,469.2
520.64,467.8
520.65,466.8
520.67,464.2
520.69,460.8
520.7,458.8
520.72,454.3
520.74,449.0
520.75,446.1
520.77,439.7
520.79,432.6
520.8,428.7
520.82,420.6
520.84,411.8
520.85,407.2
520.87,397.5
520.89,387.3
520.9,382.0
520.92,371.1
520.94,359.8
520.95,354.0
520.97,342.1
520.99,330.0
521.0,323.9
521.02,311.6
521.03,305.3
521.05,292.9
521.07,280.4
521.08,274.1
521.1,261.7
521.12,249.5
521.13,243.4
521.15,231.5
521.17,219.9
521.18,214.2
521.2,203.0
521.22,192.3
521.23,187.1
521.25,177.1
521.27,167.5
521.28,162.9
521.3,154.2
521.32,146.0
521.33,142.1
521.35,134.8
521.37,128.0
521.38,124.9
521.4,119.1
521.41,116.4
521.43,111.5
521.45,107.2
521.46,105.3
521.48,101.9
521.5,99.12
521.51,97.93
521.53,95.97
521.55,94.54
521.56,94.01
521.58,93.34
521.6,93.14
521.61,93.21
521.63,93.66
521.65,94.5
521.66,95.06
521.68,96.43
521.7,98.12
521.71,99.06
521.73,101.1
521.74,102.3
521.76,104.6
521.78,107.2
521.79,108.5
521.81,111.2
521.83,114.0
521.84,115.4
521.86,118.2
521.88,120.9
521.89,122.3
521.91,125.0
521.93,127.5
521.94,128.7
521.96,131.0
521.98,133.2
521.99,134.2
522.01,136.0
522.03,137.5
522.04,138.2
522.06,139.4
522.08,140.3
522.09,140.6
522.11,141.0
522.12,141.1
522.14,141.1
522.16,140.8
522.17,140.5
522.19,139.7
522.21,138.6
522.22,137.9
522.24,136.4
522.26,134.5
522.27,133.5
522.29,131.3
522.31,128.8
522.32,127.5
522.34,124.7
522.36,121.7
522.37,120.2
522.39,116.9
522.41,113.5
522.42,111.8
522.44,108.2
522.46,104.6
522.47,102.7
522.49,98.99
522.5,97.12
522.52,93.35
522.54,89.58
522.55,87.7
522.57,83.96
522.59,80.26
522.6,78.44
522.62,74.84
522.64,71.32
522.65,69.59
522.67,66.21
522.69,62.94
522.7,61.35
522.72,58.25
522.74,55.27
522.75,53.83
522.77,51.05
522.79,48.4
522.8,47.12
522.82,44.67
522.84,42.35
522.85,41.23
522.87,39.11
522.88,38.09
522.9,36.16
522.92,34.34
522.93,33.48
522.95,31.84
522.97,30.32
522.98,29.59
523.0,28.22
523.02,26.94
523.03,26.34
523.05,25.2
523.07,24.15
523.08,23.65
523.1,22.71
523.12,21.83
523.13,21.42
523.15,20.64
523.17,19.92
523.18,19.57
523.2,18.93
523.21,18.62
523.23,18.03
523.25,17.49
523.26,17.22
523.28,16.72
523.3,16.25
523.31,16.02
523.33,15.59
523.35,15.17
523.36,14.96
523.38,14.57
523.4,14.18
523.41,14.0
523.43,13.63
523.45,13.27
523.46,13.09
523.48,12.73
523.5,12.38
523.51,12.21
523.53,11.86
523.55,11.51
523.56,11.34
523.58,10.99
523.59,10.82
523.61,10.47
523.63,10.13
523.64,9.954
523.66,9.608
523.68,9.262
523.69,9.09
523.71,8.746
523.73,8.403
523.74,8.233
523.76,7.894
523.78,7.559
523.79,7.393
523.81,7.065
523.83,6.741
523.84,6.582
523.86,6.268
523.88,5.962
523.89,5.811
523.91,5.517
523.93,5.232
523.94,5.093
523.96,4.823
523.97,4.692
523.99,4.437
524.01,4.194
524.02,4.077
524.04,3.851
524.06,3.637
524.07,3.535
524.09,3.339
524.11,3.156
524.12,3.069
524.14,2.905
524.16,2.753
524.17,2.682
524.19,2.549
524.21,2.428
524.22,2.372
524.24,2.269
524.26,2.178
524.27,2.138
524.29,2.064
524.31,2.003
524.32,1.976
524.34,1.932
524.35,1.914
524.37,1.886
524.39,1.869
524.4,1.865
524.42,1.865
524.44,1.876
524.45,1.885
524.47,1.912
524.49,1.95
524.5,1.973
524.52,2.027
524.54,2.093
524.55,2.129
524.57,2.212
524.59,2.305
524.6,2.356
524.62,2.468
524.64,2.59
524.65,2.656
524.67,2.797
524.68,2.873
524.7,3.032
524.72,3.205
524.73,3.296
524.75,3.488
524.77,3.693
524.78,3.801
524.8,4.027
524.82,4.267
524.83,4.393
524.85,4.655
524.87,4.933
524.88,5.078
524.9,5.379
524.92,5.698
524.93,5.864
524.95,6.21
524.97,6.574
524.98,6.764
525.0,7.159
525.02,7.577
525.03,7.794
525.05,8.247
525.06,8.484
525.08,8.978
525.1,9.5
525.11,9.774
525.13,10.34
525.15,10.95
525.16,11.27
525.18,11.93
525.2,12.64
525.21,13.01
525.23,13.79
525.25,14.62
525.26,15.06
525.28,15.97
525.3,16.94
525.31,17.45
525.33,18.53
525.35,19.67
525.36,20.26
525.38,21.51
525.4,22.84
525.41,23.53
525.43,24.98
525.44,25.74
525.46,27.31
525.48,28.97
525.49,29.83
525.51,31.62
525.53,33.49
525.54,34.46
525.56,36.45
525.58,38.53
525.59,39.6
525.61,41.79
525.63,44.06
525.64,45.21
525.66,47.57
525.68,49.98
525.69,51.2
525.71,53.68
525.73,56.19
525.74,57.45
525.76,59.99
525.78,62.53
525.79,63.8
525.81,66.33
525.82,67.59
525.84,70.07
525.86,72.51
525.87,73.71
525.89,76.05
525.91,78.32
525.92,79.42
525.94,81.54
525.96,83.55
525.97,84.51
525.99,86.34
526.01,88.02
526.02,88.81
526.04,90.27
526.06,91.56
526.07,92.15
526.09,93.19
526.11,94.05
526.12,94.41
526.14,95.0
526.15,95.22
526.17,95.53
526.19,95.65
526.2,95.64
526.22,95.48
526.24,95.15
526.25,94.91
526.27,94.31
526.29,93.55
526.3,93.1
526.32,92.1
526.34,90.95
526.35,90.32
526.37,88.97
526.39,87.5
526.4,86.72
526.42,85.08
526.44,83.35
526.45,82.45
526.47,80.6
526.49,78.68
526.5,77.7
526.52,75.7
526.53,74.69
526.55,72.64
526.57,70.57
526.58,69.53
526.6,67.45
526.62,65.37
526.63,64.33
526.65,62.26
526.67,60.22
526.68,59.21
526.7,57.21
526.72,55.24
526.73,54.28
526.75,52.38
526.77,50.52
526.78,49.62
526.8,47.84
526.82,46.12
526.83,45.27
526.85,43.63
526.87,42.05
526.88,41.27
526.9,39.77
526.91,39.04
526.93,37.62
526.95,36.25
526.96,35.58
526.98,34.29
527.0,33.04
527.01,32.44
527.03,31.26
527.05,30.13
527.06,29.58
527.08,28.5
527.1,27.47
527.11,26.96
527.13,25.97
527.15,25.02
527.16,24.55
527.18,23.64
527.2,22.76
527.21,22.32
527.23,21.47
527.25,20.65
527.26,20.24
527.28,19.45
527.29,19.05
527.31,18.29
527.33,17.54
527.34,17.17
527.36,16.45
527.38,15.74
527.39,15.4
527.41,14.72
527.43,14.05
527.44,13.73
527.46,13.09
527.48,12.47
527.49,12.17
527.51,11.58
527.53,11.01
527.54,10.73
527.56,10.19
527.58,9.666
527.59,9.414
527.61,8.924
527.62,8.688
527.64,8.231
527.66,7.798
527.67,7.59
527.69,7.192
527.71,6.817
527.72,6.639
527.74,6.301
527.76,5.988
527.77,5.84
527.79,5.564
527.81,5.312
527.82,5.196
527.84,4.982
527.86,4.793
527.87,4.707
527.89,4.555
527.91,4.427
527.92,4.372
527.94,4.281
527.96,4.214
527.97,4.189
527.99,4.157
528.0,4.15
528.02,4.154
528.04,4.182
528.05,4.204
528.07,4.268
528.09,4.354
528.1,4.407
528.12,4.53
528.14,4.678
528.15,4.762
528.17,4.948
528.19,5.16
528.2,5.277
528.22,5.531
528.24,5.814
528.25,5.967
528.27,6.296
528.29,6.657
528.3,6.851
528.32,7.265
528.34,7.715
528.35,7.955
528.37,8.465
528.38,8.735
528.4,9.309
528.42,9.928
528.43,10.25
528.45,10.95
528.47,11.69
528.48,12.08
528.5,12.9
528.52,13.78
528.53,14.24
528.55,15.2
528.57,16.22
528.58,16.75
528.6,17.87
528.62,19.04
528.63,19.65
528.65,20.92
528.67,22.24
528.68,22.93
528.7,24.34
528.72,25.81
528.73,26.57
528.75,28.12
528.76,28.92
528.78,30.54
528.8,32.21
528.81,33.06
528.83,34.78
528.85,36.54
528.86,37.43
528.88,39.22
528.9,41.02
528.91,41.93
528.93,43.74
528.95,45.56
528.96,46.46
528.98,48.25
529.0,50.02
529.01,50.89
529.03,52.61
529.05,54.29
529.06,55.11
529.08,56.71
529.09,57.49
529.11,59.0
529.13,60.44
529.14,61.13
529.16,62.45
529.18,63.69
529.19,64.28
529.21,65.38
529.23,66.4
529.24,66.88
529.26,67.76
529.28,68.55
529.29,68.91
529.31,69.56
529.33,70.13
529.34,70.38
529.36,70.82
529.38,71.18
529.39,71.34
529.41,71.6
529.43,71.8
529.44,71.87
529.46,72.0
529.47,72.04
529.49,72.11
529.51,72.15
529.52,72.16
529.54,72.18
529.56,72.19
529.57,72.2
529.59,72.23
529.61,72.28
529.62,72.31
529.64,72.41
529.66,72.55
529.67,72.64
529.69,72.85
529.71,73.13
529.72,73.29
529.74,73.67
529.76,74.11
529.77,74.36
529.79,74.92
529.81,75.55
529.82,75.9
529.84,76.64
529.85,77.04
529.87,77.89
529.89,78.81
529.9,79.29
529.92,80.3
529.94,81.36
529.95,81.9
529.97,83.02
529.99,84.17
530.0,84.76
530.02,85.93
530.04,87.11
530.05,87.69
530.07,88.85
530.09,89.98
530.1,90.53
530.12,91.59
530.14,92.59
530.15,93.06
530.17,93.95
530.18,94.36
530.2,95.1
530.22,95.74
530.23,96.01
530.25,96.46
530.27,96.78
530.28,96.88
530.3,96.98
530.32,96.92
530.33,96.84
530.35,96.54
530.37,96.07
530.38,95.78
530.4,95.06
530.42,94.18
530.43,93.67
530.45,92.53
530.47,91.23
530.48,90.52
530.5,88.99
530.52,87.3
530.53,86.4
530.55,84.5
530.56,83.5
530.58,81.41
530.6,79.2
530.61,78.05
530.63,75.69
530.65,73.25
530.66,72.0
530.68,69.44
530.7,66.83
530.71,65.51
530.73,62.84
530.75,60.15
530.76,58.8
530.78,56.09
530.8,53.39
530.81,52.05
530.83,49.38
530.85,46.74
530.86,45.44
530.88,42.87
530.9,40.36
530.91,39.13
530.93,36.72
530.94,35.54
530.96,33.25
530.98,31.04
530.99,29.96
531.01,27.89
531.03,25.91
531.04,24.95
531.06,23.12
531.08,21.39
531.09,20.56
531.11,18.98
531.13,17.51
531.14,16.81
531.16,15.49
531.18,14.27
531.19,13.69
531.21,12.63
531.23,11.66
531.24,11.21
531.26,10.39
531.28,9.661
531.29,9.333
531.31,8.746
531.32,8.487
531.34,8.036
531.36,7.675
531.37,7.527
531.39,7.297
531.41,7.153
531.42,7.113
531.44,7.096
531.46,7.164
531.47,7.229
531.49,7.421
531.51,7.697
531.52,7.865
531.54,8.265
531.56,8.748
531.57,9.021
531.59,9.628
531.61,10.32
531.62,10.7
531.64,11.51
531.65,11.95
531.67,12.89
531.69,13.91
531.7,14.45
531.72,15.6
531.74,16.82
531.75,17.47
531.77,18.81
531.79,20.23
531.8,20.96
531.82,22.49
531.84,24.08
531.85,24.9
531.87,26.59
531.89,28.33
531.9,29.22
531.92,31.03
531.94,32.89
531.95,33.83
531.97,35.73
531.99,37.65
532.0,38.62
532.02,40.55
532.03,41.52
532.05,43.45
532.07,45.36
532.08,46.31
532.1,48.18
532.12,50.0
532.13,50.89
532.15,52.63
532.17,54.3
532.18,55.1
532.2,56.65
532.22,58.1
532.23,58.78
532.25,60.07
532.27,61.24
532.28,61.78
532.3,62.76
532.32,63.61
532.33,63.97
532.35,64.61
532.37,65.09
532.38,65.27
532.4,65.53
532.41,65.6
532.43,65.62
532.45,65.49
532.46,65.37
532.48,65.01
532.5,64.51
532.51,64.2
532.53,63.48
532.55,62.63
532.56,62.15
532.58,61.1
532.6,59.94
532.61,59.31
532.63,57.98
532.65,56.56
532.66,55.81
532.68,54.26
532.7,52.63
532.71,51.8
532.73,50.08
532.75,48.32
532.76,47.42
532.78,45.61
532.79,44.7
532.81,42.85
532.83,41.0
532.84,40.08
532.86,38.24
532.88,36.41
532.89,35.5
532.91,33.71
532.93,31.95
532.94,31.08
532.96,29.38
532.98,27.73
532.99,26.92
533.01,25.35
533.03,23.83
533.04,23.1
533.06,21.67
533.08,20.31
533.09,19.66
533.11,18.39
533.12,17.79
533.14,16.63
533.16,15.53
533.17,15.01
533.19,14.02
533.21,13.09
533.22,12.65
533.24,11.82
533.26,11.05
533.27,10.69
533.29,10.01
533.31,9.386
533.32,9.096
533.34,8.554
533.36,8.063
533.37,7.836
533.39,7.418
533.41,7.043
533.42,6.872
533.44,6.559
533.46,6.284
533.47,6.16
533.49,5.937
533.5,5.837
533.52,5.66
533.54,5.51
533.55,5.445
533.57,5.332
533.59,5.24
533.6,5.201
533.62,5.137
533.64,5.089
533.65,5.071
533.67,5.042
533.69,5.025
533.7,5.02
533.72,5.015
533.74,5.017
533.75,5.02
533.77,5.028
533.79,5.039
533.8,5.046
533.82,5.058
533.84,5.07
533.85,5.076
533.87,5.086
533.88,5.09
533.9,5.095
533.92,5.096
533.93,5.094
533.95,5.088
533.97,5.077
533.98,5.069
534.0,5.05
534.02,5.024
534.03,5.009
534.05,4.974
534.07,4.933
534.08,4.911
534.1,4.862
534.12,4.808
534.13,4.779
534.15,4.717
534.17,4.652
534.18,4.618
534.2,4.547
534.22,4.475
534.23,4.438
534.25,4.363
534.26,4.325
534.28,4.251
534.3,4.177
534.31,4.141
534.33,4.071
534.35,4.004
534.36,3.973
534.38,3.914
534.4,3.862
534.41,3.839
534.43,3.798
534.45,3.767
534.46,3.756
534.48,3.74
534.5,3.737
534.51,3.741
534.53,3.757
534.55,3.789
534.56,3.81
534.58,3.865
534.59,3.899
534.61,3.979
534.63,4.077
534.64,4.133
534.66,4.258
534.68,4.403
534.69,4.482
534.71,4.656
534.73,4.849
534.74,4.952
534.76,5.174
534.78,5.415
534.79,5.543
534.81,5.811
534.83,6.097
534.84,6.246
534.86,6.557
534.88,6.883
534.89,7.051
534.91,7.396
534.93,7.753
534.94,7.935
534.96,8.306
534.97,8.494
534.99,8.874
535.01,9.258
535.02,9.45
535.04,9.836
535.06,10.22
535.07,10.41
535.09,10.79
535.11,11.15
535.12,11.33
535.14,11.68
535.16,12.02
535.17,12.18
535.19,12.5
535.21,12.79
535.22,12.93
535.24,13.19
535.26,13.42
535.27,13.53
535.29,13.73
535.31,13.89
535.32,13.97
535.34,14.09
535.35,14.14
535.37,14.22
535.39,14.26
535.4,14.27
535.42,14.27
535.44,14.24
535.45,14.21
535.47,14.14
535.49,14.03
535.5,13.97
535.52,13.82
535.54,13.65
535.55,13.55
535.57,13.34
535.59,13.11
535.6,12.99
535.62,12.73
535.64,12.45
535.65,12.31
535.67,12.02
535.69,11.71
535.7,11.55
535.72,11.24
535.73,11.08
535.75,10.75
535.77,10.43
535.78,10.27
535.8,9.949
535.82,9.633
535.83,9.477
535.85,9.172
535.87,8.876
535.88,8.732
535.9,8.453
535.92,8.189
535.93,8.062
535.95,7.82
535.97,7.595
535.98,7.489
536.0,7.292
536.02,7.113
536.03,7.031
536.05,6.883
536.06,6.817
536.08,6.699
536.1,6.603
536.11,6.563
536.13,6.499
536.15,6.457
536.16,6.443
536.18,6.432
536.2,6.442
536.21,6.455
536.23,6.495
536.25,6.556
536.26,6.593
536.28,6.682
536.3,6.789
536.31,6.849
536.33,6.983
536.35,7.132
536.36,7.212
536.38,7.384
536.4,7.57
536.41,7.668
536.43,7.872
536.44,7.979
536.46,8.2
536.48,8.43
536.49,8.549
536.51,8.791
536.53,9.039
536.54,9.165
536.56,9.42
536.58,9.679
536.59,9.808
536.61,10.07
536.63,10.33
536.64,10.46
536.66,10.71
536.68,10.97
536.69,11.09
536.71,11.33
536.73,11.57
536.74,11.68
536.76,11.91
536.78,12.12
536.79,12.22
536.81,12.42
536.82,12.51
536.84,12.68
536.86,12.84
536.87,12.92
536.89,13.05
536.91,13.17
536.92,13.23
536.94,13.32
536.96,13.4
536.97,13.43
536.99,13.48
537.01,13.52
537.02,13.53
537.04,13.54
537.06,13.53
537.07,13.52
537.09,13.5
537.11,13.46
537.12,13.43
537.14,13.37
537.16,13.3
537.17,13.27
537.19,13.19
537.2,13.15
537.22,13.06
537.24,12.98
537.25,12.93
537.27,12.85
537.29,12.77
537.3,12.74
537.32,12.67
537.34,12.62
537.35,12.6
537.37,12.57
537.39,12.57
537.4,12.57
537.42,12.6
537.44,12.66
537.45,12.7
537.47,12.8
537.49,12.94
537.5,13.02
537.52,13.21
537.53,13.32
537.55,13.58
537.57,13.88
537.58,14.04
537.6,14.41
537.62,14.82
537.63,15.04
537.65,15.52
537.67,16.04
537.68,16.32
537.7,16.91
537.72,17.55
537.73,17.88
537.75,18.58
537.77,19.32
537.78,19.7
537.8,20.49
537.82,21.31
537.83,21.73
537.85,22.59
537.87,23.46
537.88,23.91
537.9,24.81
537.91,25.26
537.93,26.16
537.95,27.06
537.96,27.51
537.98,28.4
538.0,29.28
538.01,29.7
538.03,30.54
538.05,31.34
538.06,31.73
538.08,32.47
538.1,33.17
538.11,33.49
538.13,34.11
538.15,34.66
538.16,34.92
538.18,35.38
538.2,35.76
538.21,35.93
538.23,36.2
538.25,36.4
538.26,36.47
538.28,36.55
538.29,36.56
538.31,36.51
538.33,36.39
538.34,36.29
538.36,36.05
538.38,35.72
538.39,35.53
538.41,35.09
538.43,34.58
538.44,34.3
538.46,33.69
538.48,33.01
538.49,32.65
538.51,31.89
538.53,31.08
538.54,30.65
538.56,29.77
538.58,28.86
538.59,28.39
538.61,27.42
538.63,26.43
538.64,25.93
538.66,24.92
538.67,24.41
538.69,23.38
538.71,22.35
538.72,21.84
538.74,20.81
538.76,19.8
538.77,19.3
538.79,18.31
538.81,17.33
538.82,16.86
538.84,15.92
538.86,15.02
538.87,14.57
538.89,13.71
538.91,12.89
538.92,12.49
538.94,11.71
538.96,10.98
538.97,10.62
538.99,9.945
539.0,9.62
539.02,8.999
539.04,8.417
539.05,8.14
539.07,7.615
539.09,7.127
539.1,6.897
539.12,6.463
539.14,6.065
539.15,5.878
539.17,5.529
539.19,5.212
539.2,5.064
539.22,4.792
539.24,4.546
539.25,4.434
539.27,4.227
539.29,4.044
539.3,3.961
539.32,3.811
539.34,3.68
539.35,3.622
539.37,3.518
539.38,3.473
539.4,3.393
539.42,3.328
539.43,3.301
539.45,3.255
539.47,3.221
539.48,3.208
539.5,3.189
539.52,3.18
539.53,3.179
539.55,3.183
539.57,3.194
539.58,3.202
539.6,3.224
539.62,3.253
539.63,3.27
539.65,3.308
539.67,3.352
539.68,3.377
539.7,3.43
539.72,3.489
539.73,3.521
539.75,3.589
539.76,3.625
539.78,3.701
539.8,3.784
539.81,3.828
539.83,3.92
539.85,4.018
539.86,4.069
539.88,4.177
539.9,4.291
539.91,4.35
539.93,4.474
539.95,4.604
539.96,4.671
539.98,4.811
540.0,4.956
540.01,5.031
540.03,5.185
540.05,5.345
540.06,5.426
540.08,5.593
540.1,5.764
540.11,5.852
540.13,6.028
540.14,6.118
540.16,6.299
540.18,6.481
540.19,6.573
540.21,6.757
540.23,6.941
540.24,7.033
540.26,7.215
540.28,7.396
540.29,7.485
540.31,7.66
540.33,7.832
540.34,7.915
540.36,8.079
540.38,8.236
540.39,8.312
540.41,8.459
540.43,8.598
540.44,8.664
540.46,8.79
540.47,8.85
540.49,8.962
540.51,9.065
540.52,9.113
540.54,9.202
540.56,9.281
540.57,9.316
540.59,9.381
540.61,9.436
540.62,9.46
540.64,9.502
540.66,9.536
540.67,9.55
540.69,9.572
540.71,9.588
540.72,9.593
540.74,9.601
540.76,9.603
540.77,9.603
540.79,9.599
540.81,9.594
540.82,9.59
540.84,9.583
540.85,9.578
540.87,9.571
540.89,9.564
540.9,9.561
540.92,9.557
540.94,9.556
540.95,9.557
540.97,9.561
540.99,9.57
541.0,9.576
541.02,9.593
541.04,9.614
541.05,9.627
541.07,9.657
541.09,9.692
541.1,9.712
541.12,9.755
541.14,9.804
541.15,9.83
541.17,9.886
541.19,9.946
541.2,9.977
541.22,10.04
541.23,10.08
541.25,10.14
541.27,10.21
541.28,10.25
541.3,10.32
541.32,10.39
541.33,10.42
541.35,10.49
541.37,10.55
541.38,10.58
541.4,10.64
541.42,10.69
541.43,10.71
541.45,10.75
541.47,10.78
541.48,10.79
541.5,10.81
541.52,10.82
541.53,10.81
541.55,10.8
541.56,10.79
541.58,10.77
541.6,10.73
541.61,10.7
541.63,10.64
541.65,10.56
541.66,10.52
541.68,10.43
541.7,10.32
541.71,10.26
541.73,10.13
541.75,9.992
541.76,9.916
541.78,9.757
541.8,9.586
541.81,9.496
541.83,9.308
541.85,9.11
541.86,9.008
541.88,8.797
541.9,8.578
541.91,8.466
541.93,8.237
541.94,8.12
541.96,7.884
541.98,7.643
541.99,7.521
542.01,7.277
542.03,7.031
542.04,6.908
542.06,6.662
542.08,6.417
542.09,6.295
542.11,6.054
542.13,5.816
542.14,5.698
542.16,5.467
542.18,5.242
542.19,5.131
542.21,4.915
542.23,4.706
542.24,4.605
542.26,4.408
542.28,4.219
542.29,4.127
542.31,3.952
542.32,3.867
542.34,3.705
542.36,3.553
542.37,3.48
542.39,3.342
542.41,3.214
542.42,3.153
542.44,3.039
542.46,2.934
542.47,2.885
542.49,2.795
542.51,2.713
542.52,2.675
542.54,2.606
542.56,2.545
542.57,2.517
542.59,2.468
542.61,2.426
542.62,2.408
542.64,2.376
542.66,2.35
542.67,2.339
542.69,2.322
542.7,2.315
542.72,2.305
542.74,2.3
542.75,2.298
542.77,2.299
542.79,2.302
542.8,2.304
542.82,2.312
542.84,2.321
542.85,2.326
542.87,2.337
542.89,2.35
542.9,2.356
542.92,2.369
542.94,2.382
542.95,2.388
542.97,2.401
542.99,2.412
543.0,2.417
543.02,2.427
543.03,2.431
543.05,2.439
543.07,2.444
543.08,2.446
543.1,2.448
543.12,2.448
543.13,2.447
543.15,2.443
543.17,2.436
543.18,2.432
543.2,2.422
543.22,2.408
543.23,2.401
543.25,2.383
543.27,2.363
543.28,2.352
543.3,2.328
543.32,2.301
543.33,2.287
543.35,2.256
543.37,2.223
543.38,2.206
543.4,2.17
543.41,2.151
543.43,2.112
543.45,2.071
543.46,2.05
543.48,2.006
543.5,1.962
543.51,1.939
543.53,1.892
543.55,1.845
543.56,1.82
543.58,1.772
543.6,1.722
543.61,1.698
543.63,1.648
543.65,1.598
543.66,1.573
543.68,1.523
543.7,1.474
543.71,1.449
543.73,1.401
543.75,1.353
543.76,1.33
543.78,1.283
543.79,1.26
543.81,1.216
543.83,1.173
543.84,1.152
543.86,1.111
543.88,1.072
543.89,1.053
543.91,1.017
543.93,0.9829
543.94,0.9667
543.96,0.936
543.98,0.9076
543.99,0.8944
544.01,0.8697
544.03,0.8477
544.04,0.8377
544.06,0.8197
544.08,0.8045
544.09,0.798
544.11,0.7871
544.13,0.7791
544.14,0.7762
544.16,0.7727
544.17,0.772
544.19,0.7729
544.21,0.7768
544.22,0.7799
544.24,0.7882
544.26,0.7994
544.27,0.8061
544.29,0.8217
544.31,0.8401
544.32,0.8503
544.34,0.8728
544.36,0.8978
544.37,0.9113
544.39,0.9402
544.41,0.9715
544.42,0.988
544.44,1.023
544.46,1.059
544.47,1.079
544.49,1.118
544.5,1.139
544.52,1.182
544.54,1.226
544.55,1.248
544.57,1.295
544.59,1.343
544.6,1.367
544.62,1.417
544.64,1.467
544.65,1.493
544.67,1.545
544.69,1.598
544.7,1.625
544.72,1.679
544.74,1.734
544.75,1.761
544.77,1.817
544.79,1.873
544.8,1.901
544.82,1.958
544.84,2.014
544.85,2.043
544.87,2.1
544.88,2.129
544.9,2.186
544.92,2.244
544.93,2.273
544.95,2.331
544.97,2.388
544.98,2.417
545.0,2.475
545.02,2.532
545.03,2.561
545.05,2.618
545.07,2.674
545.08,2.702
545.1,2.758
545.12,2.813
545.13,2.841
545.15,2.895
545.17,2.948
545.18,2.974
545.2,3.025
545.22,3.075
545.23,3.1
545.25,3.147
545.26,3.171
545.28,3.215
545.3,3.258
545.31,3.279
545.33,3.319
545.35,3.356
545.36,3.374
545.38,3.407
545.4,3.438
545.41,3.452
545.43,3.479
545.45,3.502
545.46,3.513
545.48,3.532
545.5,3.548
545.51,3.555
545.53,3.567
545.55,3.575
545.56,3.579
545.58,3.584
545.6,3.587
545.61,3.587
545.63,3.587
545.64,3.586
545.66,3.583
545.68,3.579
545.69,3.577
545.71,3.572
545.73,3.567
545.74,3.564
545.76,3.56
545.78,3.557
545.79,3.556
545.81,3.557
545.83,3.559
545.84,3.562
545.86,3.57
545.88,3.582
545.89,3.59
545.91,3.61
545.93,3.635
545.94,3.65
545.96,3.686
545.97,3.706
545.99,3.753
546.01,3.807
546.02,3.838
546.04,3.906
546.06,3.983
546.07,4.025
546.09,4.117
546.11,4.219
546.12,4.274
546.14,4.392
546.16,4.521
546.17,4.59
546.19,4.736
546.21,4.894
546.22,4.977
546.24,5.152
546.26,5.339
546.27,5.437
546.29,5.642
546.31,5.859
546.32,5.972
546.34,6.206
546.35,6.328
546.37,6.581
546.39,6.846
546.4,6.982
546.42,7.265
546.44,7.561
546.45,7.713
546.47,8.027
546.49,8.354
546.5,8.522
546.52,8.868
546.54,9.228
546.55,9.413
546.57,9.794
546.59,10.19
546.6,10.39
546.62,10.81
546.64,11.24
546.65,11.47
546.67,11.92
546.69,12.4
546.7,12.64
546.72,13.15
546.73,13.4
546.75,13.93
546.77,14.48
546.78,14.77
546.8,15.34
546.82,15.94
546.83,16.25
546.85,16.88
546.87,17.53
546.88,17.86
546.9,18.55
546.92,19.25
546.93,19.6
546.95,20.33
546.97,21.08
546.98,21.46
547.0,22.23
547.02,23.01
547.03,23.41
547.05,24.22
547.07,25.03
547.08,25.44
547.1,26.27
547.11,26.68
547.13,27.51
547.15,28.35
547.16,28.76
547.18,29.59
547.2,30.42
547.21,30.83
547.23,31.64
547.25,32.44
547.26,32.84
547.28,33.62
547.3,34.38
547.31,34.75
547.33,35.48
547.35,36.19
547.36,36.53
547.38,37.21
547.4,37.85
547.41,38.16
547.43,38.77
547.44,39.06
547.46,39.62
547.48,40.16
547.49,40.42
547.51,40.91
547.53,41.38
547.54,41.61
547.56,42.04
547.58,42.45
547.59,42.64
547.61,43.02
547.63,43.37
547.64,43.54
547.66,43.87
547.68,44.18
547.69,44.33
547.71,44.62
547.73,44.89
547.74,45.03
547.76,45.29
547.78,45.54
547.79,45.66
547.81,45.89
547.82,46.0
547.84,46.22
547.86,46.42
547.87,46.52
547.89,46.71
547.91,46.89
547.92,46.97
547.94,47.12
547.96,47.25
547.97,47.3
547.99,47.4
548.01,47.47
548.02,47.5
548.04,47.53
548.06,47.52
548.07,47.5
548.09,47.44
548.11,47.34
548.12,47.27
548.14,47.1
548.16,46.88
548.17,46.75
548.19,46.46
548.2,46.29
548.22,45.91
548.24,45.48
548.25,45.24
548.27,44.72
548.29,44.15
548.3,43.84
548.32,43.18
548.34,42.47
548.35,42.09
548.37,41.3
548.39,40.46
548.4,40.02
548.42,39.11
548.44,38.16
548.45,37.67
548.47,36.67
548.49,35.64
548.5,35.12
548.52,34.05
548.54,32.97
548.55,32.43
548.57,31.34
548.58,30.79
548.6,29.71
548.62,28.63
548.63,28.1
548.65,27.05
548.67,26.03
548.68,25.53
548.7,24.56
548.72,23.63
548.73,23.18
548.75,22.33
548.77,21.53
548.78,21.16
548.8,20.46
548.82,19.84
548.83,19.55
548.85,19.05
548.87,18.62
548.88,18.45
548.9,18.16
548.91,18.05
548.93,17.91
548.95,17.87
548.96,17.89
548.98,18.0
549.0,18.23
549.01,18.38
549.03,18.78
549.05,19.28
549.06,19.58
549.08,20.26
549.1,21.06
549.11,21.5
549.13,22.47
549.15,23.56
549.16,24.15
549.18,25.41
549.2,26.78
549.21,27.51
549.23,29.04
549.25,30.68
549.26,31.54
549.28,33.33
549.29,34.25
549.31,36.18
549.33,38.18
549.34,39.22
549.36,41.33
549.38,43.52
549.39,44.63
549.41,46.89
549.43,49.18
549.44,50.35
549.46,52.68
549.48,55.04
549.49,56.21
549.51,58.56
549.53,60.89
549.54,62.04
549.56,64.32
549.58,66.55
549.59,67.64
549.61,69.77
549.63,71.82
549.64,72.81
549.66,74.71
549.67,75.62
549.69,77.36
549.71,78.96
549.72,79.71
549.74,81.11
549.76,82.35
549.77,82.91
549.79,83.92
549.81,84.76
549.82,85.11
549.84,85.69
549.86,86.1
549.87,86.24
549.89,86.38
549.91,86.35
549.92,86.27
549.94,85.98
549.96,85.53
549.97,85.25
549.99,84.57
550.0,84.17
550.02,83.28
550.04,82.25
550.05,81.69
550.07,80.49
550.09,79.2
550.1,78.52
550.12,77.1
550.14,75.62
550.15,74.86
550.17,73.31
550.19,71.74
550.2,70.95
550.22,69.37
550.24,67.81
550.25,67.05
550.27,65.54
550.29,64.09
550.3,63.39
550.32,62.05
550.34,60.79
550.35,60.2
550.37,59.1
550.38,58.6
550.4,57.68
550.42,56.89
550.43,56.55
550.45,55.98
550.47,55.55
550.48,55.39
550.5,55.19
550.52,55.14
550.53,55.17
550.55,55.35
550.57,55.68
550.58,55.91
550.6,56.46
550.62,57.15
550.63,57.54
550.65,58.43
550.67,59.43
550.68,59.97
550.7,61.13
550.72,62.37
550.73,63.03
550.75,64.38
550.76,65.08
550.78,66.51
550.8,67.98
550.81,68.72
550.83,70.2
550.85,71.68
550.86,72.41
550.88,73.85
550.9,75.24
550.91,75.91
550.93,77.2
550.95,78.41
550.96,78.97
550.98,80.03
551.0,80.97
551.01,81.39
551.03,82.13
551.05,82.73
551.06,82.97
551.08,83.34
551.1,83.55
551.11,83.59
551.13,83.54
551.14,83.45
551.16,83.15
551.18,82.67
551.19,82.37
551.21,81.63
551.23,80.73
551.24,80.22
551.26,79.07
551.28,77.77
551.29,77.06
551.31,75.54
551.33,73.88
551.34,73.01
551.36,71.17
551.38,69.22
551.39,68.21
551.41,66.12
551.43,63.95
551.44,62.84
551.46,60.58
551.47,59.43
551.49,57.09
551.51,54.73
551.52,53.54
551.54,51.15
551.56,48.76
551.57,47.57
551.59,45.2
551.61,42.86
551.62,41.7
551.64,39.41
551.66,37.17
551.67,36.07
551.69,33.91
551.71,31.82
551.72,30.8
551.74,28.81
551.76,26.91
551.77,25.98
551.79,24.2
551.81,22.5
551.82,21.69
551.84,20.12
551.85,19.37
551.87,17.93
551.89,16.59
551.9,15.95
551.92,14.73
551.94,13.6
551.95,13.07
551.97,12.07
551.99,11.15
552.0,10.72
552.02,9.916
552.04,9.189
552.05,8.853
552.07,8.234
552.09,7.683
552.1,7.432
552.12,6.978
552.14,6.584
552.15,6.408
552.17,6.099
552.19,5.843
552.2,5.734
552.22,5.552
552.23,5.478
552.25,5.363
552.27,5.29
552.28,5.268
552.3,5.252
552.32,5.271
552.33,5.293
552.35,5.361
552.37,5.457
552.38,5.515
552.4,5.651
552.42,5.81
552.43,5.897
552.45,6.088
552.47,6.296
552.48,6.407
552.5,6.639
552.52,6.885
552.53,7.012
552.55,7.273
552.57,7.544
552.58,7.681
552.6,7.961
552.61,8.102
552.63,8.387
552.65,8.674
552.66,8.817
552.68,9.102
552.7,9.385
552.71,9.525
552.73,9.801
552.75,10.07
552.76,10.2
552.78,10.46
552.8,10.71
552.81,10.83
552.83,11.06
552.85,11.28
552.86,11.39
552.88,11.59
552.9,11.78
552.91,11.86
552.93,12.03
552.94,12.11
552.96,12.25
552.98,12.38
552.99,12.44
553.01,12.55
553.03,12.65
553.04,12.69
553.06,12.76
553.08,12.82
553.09,12.85
553.11,12.89
553.13,12.92
553.14,12.93
553.16,12.95
553.18,12.95
553.19,12.95
553.21,12.95
553.23,12.93
553.24,12.92
553.26,12.9
553.28,12.87
553.29,12.86
553.31,12.83
553.32,12.81
553.34,12.78
553.36,12.75
553.37,12.73
553.39,12.7
553.41,12.67
553.42,12.66
553.44,12.64
553.46,12.63
553.47,12.62
553.49,12.62
553.51,12.63
553.52,12.64
553.54,12.66
553.56,12.7
553.57,12.73
553.59,12.79
553.61,12.88
553.62,12.93
553.64,13.04
553.66,13.18
553.67,13.26
553.69,13.44
553.7,13.54
553.72,13.77
553.74,14.03
553.75,14.17
553.77,14.48
553.79,14.84
553.8,15.03
553.82,15.45
553.84,15.92
553.85,16.17
553.87,16.71
553.89,17.3
553.9,17.62
553.92,18.29
553.94,19.02
553.95,19.41
553.97,20.23
553.99,21.1
554.0,21.56
554.02,22.53
554.04,23.55
554.05,24.09
554.07,25.2
554.08,25.77
554.1,26.96
554.12,28.21
554.13,28.85
554.15,30.16
554.17,31.52
554.18,32.21
554.2,33.62
554.22,35.06
554.23,35.79
554.25,37.26
554.27,38.75
554.28,39.49
554.3,40.98
554.32,42.46
554.33,43.2
554.35,44.66
554.37,46.08
554.38,46.79
554.4,48.15
554.41,48.82
554.43,50.11
554.45,51.34
554.46,51.93
554.48,53.05
554.5,54.08
554.51,54.56
554.53,55.46
554.55,56.25
554.56,56.61
554.58,57.24
554.6,57.75
554.61,57.96
554.63,58.29
554.65,58.5
554.66,58.56
554.68,58.58
554.7,58.47
554.71,58.37
554.73,58.07
554.75,57.64
554.76,57.38
554.78,56.77
554.79,56.42
554.81,55.64
554.83,54.75
554.84,54.26
554.86,53.21
554.88,52.07
554.89,51.46
554.91,50.19
554.93,48.84
554.94,48.14
554.96,46.69
554.98,45.18
554.99,44.41
555.01,42.84
555.03,41.24
555.04,40.43
555.06,38.79
555.08,37.14
555.09,36.31
555.11,34.66
555.13,33.01
555.14,32.19
555.16,30.57
555.17,29.76
555.19,28.18
555.21,26.63
555.22,25.87
555.24,24.38
555.26,22.93
555.27,22.23
555.29,20.85
555.31,19.54
555.32,18.9
555.34,17.66
555.36,16.49
555.37,15.92
555.39,14.83
555.41,13.81
555.42,13.31
555.44,12.38
555.46,11.49
555.47,11.08
555.49,10.28
555.51,9.543
555.52,9.193
555.54,8.534
555.55,8.223
555.57,7.637
555.59,7.099
555.6,6.847
555.62,6.374
555.64,5.942
555.65,5.741
555.67,5.365
555.69,5.024
555.7,4.865
555.72,4.571
555.74,4.304
555.75,4.181
555.77,3.952
555.79,3.746
555.8,3.651
555.82,3.475
555.84,3.317
555.85,3.244
555.87,3.108
555.88,3.046
555.9,2.931
555.92,2.827
555.93,2.779
555.95,2.69
555.97,2.61
555.98,2.573
556.0,2.505
556.02,2.444
556.03,2.416
556.05,2.364
556.07,2.318
556.08,2.297
556.1,2.26
556.12,2.227
556.13,2.213
556.15,2.188
556.17,2.168
556.18,2.16
556.2,2.148
556.22,2.141
556.23,2.14
556.25,2.142
556.26,2.145
556.28,2.156
556.3,2.173
556.31,2.184
556.33,2.211
556.35,2.245
556.36,2.265
556.38,2.31
556.4,2.363
556.41,2.392
556.43,2.457
556.45,2.531
556.46,2.571
556.48,2.657
556.5,2.753
556.51,2.804
556.53,2.913
556.55,3.031
556.56,3.094
556.58,3.226
556.6,3.368
556.61,3.442
556.63,3.597
556.64,3.678
556.66,3.847
556.68,4.024
556.69,4.116
556.71,4.306
556.73,4.504
556.74,4.605
556.76,4.814
556.78,5.029
556.79,5.139
556.81,5.363
556.83,5.593
556.84,5.709
556.86,5.945
556.88,6.184
556.89,6.304
556.91,6.546
556.93,6.789
556.94,6.91
556.96,7.153
556.98,7.394
556.99,7.514
557.01,7.751
557.02,7.868
557.04,8.099
557.06,8.324
557.07,8.434
557.09,8.649
557.11,8.856
557.12,8.956
557.14,9.149
557.16,9.331
557.17,9.418
557.19,9.583
557.21,9.736
557.22,9.808
557.24,9.94
557.26,10.06
557.27,10.11
557.29,10.21
557.31,10.29
557.32,10.32
557.34,10.38
557.35,10.41
557.37,10.44
557.39,10.46
557.4,10.46
557.42,10.46
557.44,10.43
557.45,10.42
557.47,10.38
557.49,10.32
557.5,10.28
557.52,10.2
557.54,10.11
557.55,10.06
557.57,9.953
557.59,9.832
557.6,9.767
557.62,9.632
557.64,9.487
557.65,9.412
557.67,9.256
557.69,9.094
557.7,9.011
557.72,8.842
557.73,8.755
557.75,8.581
557.77,8.405
557.78,8.316
557.8,8.139
557.82,7.963
557.83,7.875
557.85,7.702
557.87,7.532
557.88,7.449
557.9,7.286
557.92,7.129
557.93,7.053
557.95,6.906
557.97,6.768
557.98,6.702
558.0,6.577
558.02,6.462
558.03,6.409
558.05,6.31
558.07,6.223
558.08,6.185
558.1,6.117
558.11,6.088
558.13,6.039
558.15,6.005
558.16,5.993
558.18,5.98
558.2,5.981
558.21,5.987
558.23,6.009
558.25,6.047
558.26,6.071
558.28,6.131
558.3,6.205
558.31,6.248
558.33,6.343
558.35,6.452
558.36,6.512
558.38,6.641
558.4,6.783
558.41,6.858
558.43,7.018
558.45,7.189
558.46,7.278
558.48,7.463
558.49,7.559
558.51,7.758
558.53,7.963
558.54,8.069
558.56,8.284
558.58,8.503
558.59,8.614
558.61,8.839
558.63,9.065
558.64,9.178
558.66,9.405
558.68,9.63
558.69,9.742
558.71,9.963
558.73,10.18
558.74,10.29
558.76,10.5
558.78,10.7
558.79,10.8
558.81,10.98
558.82,11.08
558.84,11.25
558.86,11.42
558.87,11.49
558.89,11.64
558.91,11.78
558.92,11.84
558.94,11.96
558.96,12.06
558.97,12.11
558.99,12.2
559.01,12.27
559.02,12.3
559.04,12.35
559.06,12.39
559.07,12.41
559.09,12.43
559.11,12.44
559.12,12.44
559.14,12.43
559.16,12.41
559.17,12.4
559.19,12.37
559.2,12.35
559.22,12.31
559.24,12.26
559.25,12.23
559.27,12.17
559.29,12.11
559.3,12.08
559.32,12.01
559.34,11.94
559.35,11.9
559.37,11.83
559.39,11.76
559.4,11.72
559.42,11.65
559.44,11.58
559.45,11.55
559.47,11.48
559.49,11.42
559.5,11.39
559.52,11.34
559.54,11.29
559.55,11.27
559.57,11.23
559.58,11.21
559.6,11.18
559.62,11.16
559.63,11.15
559.65,11.14
559.67,11.13
559.68,11.13
559.7,11.13
559.72,11.14
559.73,11.15
559.75,11.17
559.77,11.19
559.78,11.2
559.8,11.23
559.82,11.27
559.83,11.29
559.85,11.33
559.87,11.37
559.88,11.4
559.9,11.44
559.91,11.46
559.93,11.51
559.95,11.55
559.96,11.58
559.98,11.62
560.0,11.65
560.01,11.67
560.03,11.7
560.05,11.73
560.06,11.74
560.08,11.75
560.1,11.75
560.11,11.75
560.13,11.74
560.15,11.72
560.16,11.71
560.18,11.67
560.2,11.62
560.21,11.59
560.23,11.53
560.25,11.44
560.26,11.4
560.28,11.3
560.29,11.24
560.31,11.12
560.33,10.98
560.34,10.91
560.36,10.75
560.38,10.58
560.39,10.49
560.41,10.3
560.43,10.1
560.44,9.997
560.46,9.78
560.48,9.554
560.49,9.438
560.51,9.199
560.53,8.953
560.54,8.828
560.56,8.574
560.58,8.315
560.59,8.184
560.61,7.922
560.63,7.658
560.64,7.526
560.66,7.263
560.67,7.133
560.69,6.874
560.71,6.619
560.72,6.493
560.74,6.247
560.76,6.008
560.77,5.891
560.79,5.664
560.81,5.448
560.82,5.343
560.84,5.143
560.86,4.956
560.87,4.866
560.89,4.698
560.91,4.544
560.92,4.472
560.94,4.34
560.96,4.223
560.97,4.17
560.99,4.076
561.01,3.998
561.02,3.965
561.04,3.911
561.05,3.89
561.07,3.86
561.09,3.845
561.1,3.844
561.12,3.852
561.14,3.875
561.15,3.891
561.17,3.935
561.19,3.993
561.2,4.026
561.22,4.102
561.24,4.19
561.25,4.237
561.27,4.34
561.29,4.453
561.3,4.512
561.32,4.636
561.34,4.767
561.35,4.834
561.37,4.973
561.38,5.044
561.4,5.189
561.42,5.336
561.43,5.41
561.45,5.558
561.47,5.706
561.48,5.78
561.5,5.925
561.52,6.068
561.53,6.138
561.55,6.275
561.57,6.407
561.58,6.471
561.6,6.594
561.62,6.71
561.63,6.766
561.65,6.87
561.67,6.967
561.68,7.012
561.7,7.096
561.72,7.171
561.73,7.204
561.75,7.265
561.76,7.292
561.78,7.339
561.8,7.376
561.81,7.392
561.83,7.415
561.85,7.43
561.86,7.434
561.88,7.436
561.9,7.429
561.91,7.423
561.93,7.405
561.95,7.38
561.96,7.365
561.98,7.33
562.0,7.289
562.01,7.266
562.03,7.217
562.05,7.162
562.06,7.134
562.08,7.073
562.1,7.009
562.11,6.976
562.13,6.907
562.14,6.871
562.16,6.799
562.18,6.724
562.19,6.686
562.21,6.609
562.23,6.531
562.24,6.491
562.26,6.412
562.28,6.332
562.29,6.291
562.31,6.211
562.33,6.13
562.34,6.09
562.36,6.009
562.38,5.929
562.39,5.889
562.41,5.81
562.43,5.731
562.44,5.692
562.46,5.614
562.48,5.538
562.49,5.5
562.51,5.425
562.52,5.388
562.54,5.315
562.56,5.243
562.57,5.207
562.59,5.138
562.61,5.069
562.62,5.036
562.64,4.97
562.66,4.907
562.67,4.875
562.69,4.814
562.71,4.755
562.72,4.726
562.74,4.67
562.76,4.616
562.77,4.59
562.79,4.539
562.81,4.49
562.82,4.466
562.84,4.42
562.85,4.398
562.87,4.355
562.89,4.313
562.9,4.293
562.92,4.254
562.94,4.216
562.95,4.197
562.97,4.161
562.99,4.126
563.0,4.109
563.02,4.074
563.04,4.041
563.05,4.024
563.07,3.99
563.09,3.956
563.1,3.939
563.12,3.905
563.14,3.87
563.15,3.852
563.17,3.815
563.19,3.778
563.2,3.758
563.22,3.719
563.23,3.698
563.25,3.656
563.27,3.612
563.28,3.59
563.3,3.543
563.32,3.495
563.33,3.47
563.35,3.42
563.37,3.367
563.38,3.34
563.4,3.285
563.42,3.229
563.43,3.201
563.45,3.143
563.47,3.083
563.48,3.054
563.5,2.994
563.52,2.933
563.53,2.903
563.55,2.842
563.57,2.782
563.58,2.752
563.6,2.693
563.61,2.664
563.63,2.607
563.65,2.551
563.66,2.524
563.68,2.472
563.7,2.421
563.71,2.397
563.73,2.351
563.75,2.309
563.76,2.288
563.78,2.251
563.8,2.217
563.81,2.202
563.83,2.175
563.85,2.153
563.86,2.143
563.88,2.128
563.9,2.117
563.91,2.114
563.93,2.112
563.95,2.115
563.96,2.118
563.98,2.129
563.99,2.137
564.01,2.157
564.03,2.182
564.04,2.197
564.06,2.23
564.08,2.269
564.09,2.291
564.11,2.339
564.13,2.391
564.14,2.419
564.16,2.48
564.18,2.545
564.19,2.579
564.21,2.651
564.23,2.727
564.24,2.767
564.26,2.848
564.28,2.933
564.29,2.977
564.31,3.067
564.32,3.113
564.34,3.206
564.36,3.301
564.37,3.349
564.39,3.446
564.41,3.543
564.42,3.592
564.44,3.69
564.46,3.788
564.47,3.837
564.49,3.933
564.51,4.029
564.52,4.075
564.54,4.168
564.56,4.258
564.57,4.302
564.59,4.389
564.61,4.472
564.62,4.512
564.64,4.59
564.66,4.665
564.67,4.701
564.69,4.77
564.7,4.803
564.72,4.866
564.74,4.925
564.75,4.953
564.77,5.006
564.79,5.055
564.8,5.078
564.82,5.122
564.84,5.162
564.85,5.181
564.87,5.216
564.89,5.248
564.9,5.263
564.92,5.291
564.94,5.316
564.95,5.328
564.97,5.351
564.99,5.372
565.0,5.382
565.02,5.4
565.04,5.418
565.05,5.427
565.07,5.444
565.08,5.452
565.1,5.469
565.12,5.485
565.13,5.493
565.15,5.51
565.17,5.527
565.18,5.535
565.2,5.553
565.22,5.571
565.23,5.58
565.25,5.598
565.27,5.617
565.28,5.626
565.3,5.645
565.32,5.664
565.33,5.674
565.35,5.693
565.37,5.711
565.38,5.72
565.4,5.737
565.42,5.754
565.43,5.762
565.45,5.776
565.46,5.783
565.48,5.796
565.5,5.806
565.51,5.81
565.53,5.818
565.55,5.823
565.56,5.824
565.58,5.825
565.6,5.823
565.61,5.821
565.63,5.815
565.65,5.805
565.66,5.799
565.68,5.785
565.7,5.768
565.71,5.758
565.73,5.736
565.75,5.71
565.76,5.696
565.78,5.666
565.79,5.65
565.81,5.615
565.83,5.578
565.84,5.558
565.86,5.516
565.88,5.472
565.89,5.448
565.91,5.4
565.93,5.35
565.94,5.323
565.96,5.27
565.98,5.213
565.99,5.185
566.01,5.126
566.03,5.065
566.04,5.034
566.06,4.971
566.08,4.905
566.09,4.872
566.11,4.805
566.13,4.736
566.14,4.701
566.16,4.629
566.17,4.593
566.19,4.52
566.21,4.445
566.22,4.407
566.24,4.33
566.26,4.251
566.27,4.211
566.29,4.131
566.31,4.049
566.32,4.007
566.34,3.923
566.36,3.838
566.37,3.795
566.39,3.708
566.41,3.62
566.42,3.576
566.44,3.486
566.46,3.396
566.47,3.35
566.49,3.259
566.51,3.167
566.52,3.121
566.54,3.029
566.55,2.983
566.57,2.891
566.59,2.799
566.6,2.753
566.62,2.662
566.64,2.572
566.65,2.527
566.67,2.439
566.69,2.351
566.7,2.308
566.72,2.224
566.74,2.141
566.75,2.101
566.77,2.022
566.79,1.945
566.8,1.908
566.82,1.835
566.84,1.766
566.85,1.732
566.87,1.668
566.89,1.606
566.9,1.577
566.92,1.521
566.93,1.495
566.95,1.444
566.97,1.398
566.98,1.376
567.0,1.335
567.02,1.299
567.03,1.282
567.05,1.251
567.07,1.224
567.08,1.212
567.1,1.191
567.12,1.174
567.13,1.167
567.15,1.156
567.17,1.148
567.18,1.146
567.2,1.143
567.22,1.145
567.23,1.147
567.25,1.153
567.26,1.157
567.28,1.169
567.3,1.184
567.31,1.192
567.33,1.211
567.35,1.234
567.36,1.246
567.38,1.273
567.4,1.303
567.41,1.319
567.43,1.354
567.45,1.392
567.46,1.412
567.48,1.454
567.5,1.499
567.51,1.523
567.53,1.574
567.55,1.628
567.56,1.656
567.58,1.715
567.6,1.779
567.61,1.812
567.63,1.881
567.64,1.918
567.66,1.994
567.68,2.075
567.69,2.118
567.71,2.207
567.73,2.301
567.74,2.35
567.76,2.453
567.78,2.563
567.79,2.62
567.81,2.739
567.83,2.865
567.84,2.931
567.86,3.068
567.88,3.213
567.89,3.288
567.91,3.444
567.93,3.608
567.94,3.692
567.96,3.868
567.98,4.052
567.99,4.147
568.01,4.343
568.02,4.444
568.04,4.652
568.06,4.867
568.07,4.977
568.09,5.204
568.11,5.436
568.12,5.555
568.14,5.798
568.16,6.045
568.17,6.171
568.19,6.426
568.21,6.686
568.22,6.816
568.24,7.08
568.26,7.346
568.27,7.479
568.29,7.746
568.31,8.012
568.32,8.145
568.34,8.409
568.36,8.671
568.37,8.8
568.39,9.055
568.4,9.181
568.42,9.427
568.44,9.666
568.45,9.783
568.47,10.01
568.49,10.23
568.5,10.33
568.52,10.53
568.54,10.72
568.55,10.81
568.57,10.98
568.59,11.13
568.6,11.2
568.62,11.33
568.64,11.45
568.65,11.5
568.67,11.59
568.69,11.67
568.7,11.7
568.72,11.74
568.73,11.76
568.75,11.78
568.77,11.78
568.78,11.78
568.8,11.75
568.82,11.71
568.83,11.69
568.85,11.62
568.87,11.53
568.88,11.48
568.9,11.37
568.92,11.25
568.93,11.18
568.95,11.03
568.97,10.87
568.98,10.79
569.0,10.61
569.02,10.41
569.03,10.31
569.05,10.1
569.07,9.886
569.08,9.773
569.1,9.541
569.11,9.423
569.13,9.181
569.15,8.933
569.16,8.807
569.18,8.552
569.2,8.295
569.21,8.165
569.23,7.904
569.25,7.643
569.26,7.512
569.28,7.252
569.3,6.993
569.31,6.865
569.33,6.61
569.35,6.36
569.36,6.237
569.38,5.994
569.4,5.757
569.41,5.642
569.43,5.415
569.45,5.197
569.46,5.092
569.48,4.887
569.49,4.788
569.51,4.598
569.53,4.418
569.54,4.332
569.56,4.168
569.58,4.017
569.59,3.945
569.61,3.812
569.63,3.691
569.64,3.635
569.66,3.533
569.68,3.445
569.69,3.405
569.71,3.337
569.73,3.282
569.74,3.26
569.76,3.225
569.78,3.204
569.79,3.199
569.81,3.198
569.83,3.211
569.84,3.222
569.86,3.255
569.87,3.276
569.89,3.328
569.91,3.393
569.92,3.43
569.94,3.512
569.96,3.607
569.97,3.658
569.99,3.769
570.01,3.891
570.02,3.955
570.04,4.092
570.06,4.237
570.07,4.313
570.09,4.47
570.11,4.636
570.12,4.721
570.14,4.896
570.16,5.076
570.17,5.169
570.19,5.356
570.2,5.452
570.22,5.645
570.24,5.84
570.25,5.939
570.27,6.137
570.29,6.335
570.3,6.434
570.32,6.631
570.34,6.827
570.35,6.924
570.37,7.116
570.39,7.305
570.4,7.398
570.42,7.579
570.44,7.756
570.45,7.842
570.47,8.008
570.49,8.168
570.5,8.245
570.52,8.393
570.54,8.532
570.55,8.598
570.57,8.723
570.58,8.782
570.6,8.892
570.62,8.991
570.63,9.037
570.65,9.119
570.67,9.19
570.68,9.222
570.7,9.275
570.72,9.316
570.73,9.332
570.75,9.354
570.77,9.364
570.78,9.365
570.8,9.356
570.82,9.334
570.83,9.319
570.85,9.279
570.87,9.227
570.88,9.196
570.9,9.126
570.92,9.044
570.93,8.998
570.95,8.899
570.96,8.845
570.98,8.73
571.0,8.604
571.01,8.538
571.03,8.397
571.05,8.248
571.06,8.17
571.08,8.008
571.1,7.838
571.11,7.75
571.13,7.57
571.15,7.384
571.16,7.289
571.18,7.095
571.2,6.896
571.21,6.795
571.23,6.592
571.25,6.385
571.26,6.281
571.28,6.072
571.29,5.967
571.31,5.757
571.33,5.547
571.34,5.442
571.36,5.233
571.38,5.026
571.39,4.924
571.41,4.721
571.43,4.521
571.44,4.422
571.46,4.228
571.48,4.039
571.49,3.946
571.51,3.765
571.53,3.589
571.54,3.503
571.56,3.337
571.58,3.177
571.59,3.1
571.61,2.951
571.63,2.81
571.64,2.742
571.66,2.612
571.67,2.551
571.69,2.434
571.71,2.326
571.72,2.275
571.74,2.18
571.76,2.095
571.77,2.056
571.79,1.986
571.81,1.925
571.82,1.899
571.84,1.854
571.86,1.82
571.87,1.808
571.89,1.791
571.91,1.786
571.92,1.788
571.94,1.802
571.96,1.829
571.97,1.848
571.99,1.895
572.01,1.957
572.02,1.994
572.04,2.078
572.05,2.126
572.07,2.234
572.09,2.36
572.1,2.429
572.12,2.58
572.14,2.75
572.15,2.842
572.17,3.04
572.19,3.258
572.2,3.374
572.22,3.623
572.24,3.892
572.25,4.035
572.27,4.336
572.29,4.659
572.3,4.829
572.32,5.184
572.34,5.562
572.35,5.758
572.37,6.168
572.39,6.599
572.4,6.822
572.42,7.283
572.43,7.521
572.45,8.011
572.47,8.518
572.48,8.779
572.5,9.311
572.52,9.857
572.53,10.14
572.55,10.7
572.57,11.27
572.58,11.56
572.6,12.15
572.62,12.74
572.63,13.03
572.65,13.63
572.67,14.21
572.68,14.51
572.7,15.09
572.72,15.66
572.73,15.94
572.75,16.49
572.76,16.76
572.78,17.28
572.8,17.78
572.81,18.03
572.83,18.49
572.85,18.93
572.86,19.14
572.88,19.53
572.9,19.88
572.91,20.05
572.93,20.35
572.95,20.61
572.96,20.72
572.98,20.92
573.0,21.08
573.01,21.14
573.03,21.23
573.05,21.28
573.06,21.28
573.08,21.26
573.1,21.19
573.11,21.15
573.13,21.01
573.14,20.93
573.16,20.74
573.18,20.5
573.19,20.37
573.21,20.08
573.23,19.75
573.24,19.57
573.26,19.19
573.28,18.79
573.29,18.57
573.31,18.12
573.33,17.65
573.34,17.41
573.36,16.91
573.38,16.39
573.39,16.12
573.41,15.59
573.43,15.04
573.44,14.77
573.46,14.22
573.48,13.66
573.49,13.38
573.51,12.83
573.52,12.55
573.54,12.01
573.56,11.47
573.57,11.2
573.59,10.68
573.61,10.16
573.62,9.912
573.64,9.42
573.66,8.944
573.67,8.712
573.69,8.26
573.71,7.826
573.72,7.616
573.74,7.21
573.76,6.823
573.77,6.636
573.79,6.277
573.81,5.938
573.82,5.775
573.84,5.464
573.86,5.171
573.87,5.032
573.89,4.766
573.9,4.64
573.92,4.4
573.94,4.177
573.95,4.071
573.97,3.871
573.99,3.685
574.0,3.597
574.02,3.432
574.04,3.28
574.05,3.208
574.07,3.073
574.09,2.949
574.1,2.89
574.12,2.781
574.14,2.68
574.15,2.633
574.17,2.544
574.19,2.462
574.2,2.424
574.22,2.352
574.23,2.319
574.25,2.256
574.27,2.198
574.28,2.171
574.3,2.12
574.32,2.074
574.33,2.052
574.35,2.012
574.37,1.975
574.38,1.958
574.4,1.927
574.42,1.9
574.43,1.888
574.45,1.866
574.47,1.848
574.48,1.84
574.5,1.828
574.52,1.819
574.53,1.817
574.55,1.815
574.57,1.818
574.58,1.822
574.6,1.833
574.61,1.84
574.63,1.86
574.65,1.886
574.66,1.901
574.68,1.937
574.7,1.981
574.71,2.005
574.73,2.061
574.75,2.126
574.76,2.161
574.78,2.24
574.8,2.328
574.81,2.376
574.83,2.481
574.85,2.597
574.86,2.659
574.88,2.792
574.9,2.938
574.91,3.016
574.93,3.181
574.95,3.359
574.96,3.453
574.98,3.651
574.99,3.755
575.01,3.974
575.03,4.206
575.04,4.327
575.06,4.579
575.08,4.844
575.09,4.982
575.11,5.267
575.13,5.563
575.14,5.716
575.16,6.03
575.18,6.354
575.19,6.52
575.21,6.858
575.23,7.205
575.24,7.381
575.26,7.737
575.28,8.099
575.29,8.281
575.31,8.648
575.33,9.016
575.34,9.201
575.36,9.569
575.37,9.752
575.39,10.12
575.41,10.47
575.42,10.65
575.44,11.0
575.46,11.34
575.47,11.51
575.49,11.83
575.51,12.14
575.52,12.29
575.54,12.58
575.56,12.86
575.57,12.99
575.59,13.23
575.61,13.46
575.62,13.57
575.64,13.77
575.66,13.95
575.67,14.03
575.69,14.18
575.7,14.25
575.72,14.36
575.74,14.46
575.75,14.51
575.77,14.58
575.79,14.63
575.8,14.65
575.82,14.68
575.84,14.7
575.85,14.7
575.87,14.7
575.89,14.7
575.9,14.69
575.92,14.67
575.94,14.66
575.95,14.65
575.97,14.64
575.99,14.63
576.0,14.63
576.02,14.64
576.04,14.67
576.05,14.68
576.07,14.74
576.08,14.78
576.1,14.87
576.12,14.99
576.13,15.07
576.15,15.24
576.17,15.46
576.18,15.58
576.2,15.86
576.22,16.19
576.23,16.37
576.25,16.77
576.27,17.23
576.28,17.48
576.3,18.02
576.32,18.62
576.33,18.94
576.35,19.63
576.37,20.38
576.38,20.78
576.4,21.63
576.42,22.53
576.43,23.0
576.45,23.99
576.46,24.51
576.48,25.58
576.5,26.71
576.51,27.29
576.53,28.49
576.55,29.73
576.56,30.37
576.58,31.66
576.6,32.99
576.61,33.67
576.63,35.03
576.65,36.41
576.66,37.1
576.68,38.49
576.7,39.88
576.71,40.57
576.73,41.95
576.75,43.3
576.76,43.96
576.78,45.27
576.8,46.53
576.81,47.15
576.83,48.34
576.84,48.91
576.86,50.01
576.88,51.04
576.89,51.53
576.91,52.44
576.93,53.27
576.94,53.65
576.96,54.34
576.98,54.93
576.99,55.19
577.01,55.63
577.03,55.96
577.04,56.08
577.06,56.25
577.08,56.31
577.09,56.29
577.11,56.18
577.13,55.96
577.14,55.81
577.16,55.42
577.17,55.19
577.19,54.65
577.21,54.01
577.22,53.65
577.24,52.87
577.26,51.99
577.27,51.52
577.29,50.53
577.31,49.46
577.32,48.89
577.34,47.72
577.36,46.49
577.37,45.86
577.39,44.56
577.41,43.21
577.42,42.53
577.44,41.14
577.46,39.72
577.47,39.01
577.49,37.57
577.51,36.13
577.52,35.41
577.54,33.97
577.55,33.25
577.57,31.83
577.59,30.42
577.6,29.72
577.62,28.35
577.64,27.0
577.65,26.34
577.67,25.04
577.69,23.78
577.7,23.16
577.72,21.96
577.74,20.8
577.75,20.24
577.77,19.14
577.79,18.09
577.8,17.59
577.82,16.61
577.84,15.68
577.85,15.23
577.87,14.36
577.89,13.55
577.9,13.16
577.92,12.41
577.93,12.05
577.95,11.36
577.97,10.72
577.98,10.41
578.0,9.832
578.02,9.288
578.03,9.03
578.05,8.541
578.07,8.087
578.08,7.872
578.1,7.467
578.12,7.094
578.13,6.918
578.15,6.588
578.17,6.286
578.18,6.145
578.2,5.881
578.22,5.643
578.23,5.532
578.25,5.329
578.27,5.147
578.28,5.064
578.3,4.914
578.31,4.847
578.33,4.727
578.35,4.626
578.36,4.583
578.38,4.509
578.4,4.454
578.41,4.433
578.43,4.404
578.45,4.393
578.46,4.393
578.48,4.407
578.5,4.437
578.51,4.459
578.53,4.514
578.55,4.586
578.56,4.628
578.58,4.725
578.6,4.838
578.61,4.901
578.63,5.039
578.64,5.115
578.66,5.278
578.68,5.459
578.69,5.556
578.71,5.762
578.73,5.985
578.74,6.103
578.76,6.353
578.78,6.62
578.79,6.761
578.81,7.055
578.83,7.367
578.84,7.53
578.86,7.87
578.88,8.229
578.89,8.415
578.91,8.802
578.93,9.208
578.94,9.419
578.96,9.854
578.98,10.31
578.99,10.54
579.01,11.03
579.02,11.28
579.04,11.8
579.06,12.33
579.07,12.61
579.09,13.17
579.11,13.76
579.12,14.06
579.14,14.68
579.16,15.32
579.17,15.65
579.19,16.32
579.21,17.0
579.22,17.36
579.24,18.07
579.26,18.81
579.27,19.18
579.29,19.94
579.31,20.72
579.32,21.11
579.34,21.91
579.36,22.72
579.37,23.13
579.39,23.96
579.4,24.37
579.42,25.21
579.44,26.06
579.45,26.48
579.47,27.33
579.49,28.18
579.5,28.6
579.52,29.44
579.54,30.28
579.55,30.69
579.57,31.51
579.59,32.31
579.6,32.71
579.62,33.49
579.64,34.25
579.65,34.62
579.67,35.34
579.69,36.03
579.7,36.36
579.72,37.01
579.73,37.32
579.75,37.92
579.77,38.47
579.78,38.74
579.8,39.24
579.82,39.7
579.83,39.91
579.85,40.31
579.87,40.66
579.88,40.83
579.9,41.12
579.92,41.36
579.93,41.47
579.95,41.66
579.97,41.8
579.98,41.86
580.0,41.95
580.02,42.0
580.03,42.01
580.05,42.01
580.07,41.98
580.08,41.95
580.1,41.88
580.11,41.83
580.13,41.72
580.15,41.59
580.16,41.52
580.18,41.36
580.2,41.18
580.21,41.09
580.23,40.9
580.25,40.7
580.26,40.6
580.28,40.39
580.3,40.18
580.31,40.08
580.33,39.87
580.35,39.66
580.36,39.55
580.38,39.34
580.4,39.14
580.41,39.04
580.43,38.84
580.45,38.64
580.46,38.55
580.48,38.35
580.49,38.26
580.51,38.07
580.53,37.89
580.54,37.8
580.56,37.62
580.58,37.43
580.59,37.34
580.61,37.16
580.63,36.97
580.64,36.87
580.66,36.68
580.68,36.48
580.69,36.38
580.71,36.16
580.73,35.94
580.74,35.83
580.76,35.6
580.78,35.35
580.79,35.23
580.81,34.97
580.83,34.7
580.84,34.56
580.86,34.27
580.87,34.12
580.89,33.82
580.91,33.51
580.92,33.35
580.94,33.02
580.96,32.68
580.97,32.51
580.99,32.17
581.01,31.81
581.02,31.63
581.04,31.27
581.06,30.91
581.07,30.72
581.09,30.35
581.11,29.98
581.12,29.8
581.14,29.42
581.16,29.05
581.17,28.87
581.19,28.5
581.2,28.31
581.22,27.95
581.24,27.58
581.25,27.4
581.27,27.04
581.29,26.69
581.3,26.51
581.32,26.16
581.34,25.81
581.35,25.64
581.37,25.29
581.39,24.94
581.4,24.77
581.42,24.43
581.44,24.08
581.45,23.91
581.47,23.56
581.49,23.21
581.5,23.03
581.52,22.67
581.54,22.31
581.55,22.13
581.57,21.76
581.58,21.58
581.6,21.2
581.62,20.81
581.63,20.61
581.65,20.22
581.67,19.81
581.68,19.61
581.7,19.19
581.72,18.76
581.73,18.54
581.75,18.1
581.77,17.66
581.78,17.43
581.8,16.97
581.82,16.51
581.83,16.28
581.85,15.81
581.87,15.33
581.88,15.09
581.9,14.61
581.92,14.13
581.93,13.89
581.95,13.4
581.96,13.16
581.98,12.68
582.0,12.2
582.01,11.97
582.03,11.5
582.05,11.04
582.06,10.81
582.08,10.36
582.1,9.914
582.11,9.698
582.13,9.273
582.15,8.86
582.16,8.659
582.18,8.267
582.2,7.89
582.21,7.707
582.23,7.353
582.25,7.017
582.26,6.855
582.28,6.544
582.3,6.252
582.31,6.112
582.33,5.848
582.34,5.723
582.36,5.487
582.38,5.27
582.39,5.169
582.41,4.981
582.43,4.812
582.44,4.735
582.46,4.594
582.48,4.473
582.49,4.419
582.51,4.324
582.53,4.248
582.54,4.216
582.56,4.165
582.58,4.13
582.59,4.119
582.61,4.108
582.63,4.111
582.64,4.118
582.66,4.142
582.67,4.159
582.69,4.202
582.71,4.256
582.72,4.287
582.74,4.356
582.76,4.435
582.77,4.477
582.79,4.567
582.81,4.663
582.82,4.714
582.84,4.818
582.86,4.926
582.87,4.981
582.89,5.092
582.91,5.205
582.92,5.261
582.94,5.373
582.96,5.483
582.97,5.538
582.99,5.644
583.01,5.746
583.02,5.795
583.04,5.889
583.05,5.934
583.07,6.018
583.09,6.094
583.1,6.129
583.12,6.193
583.14,6.248
583.15,6.271
583.17,6.31
583.19,6.339
583.2,6.35
583.22,6.362
583.24,6.363
583.25,6.36
583.27,6.344
583.29,6.317
583.3,6.299
583.32,6.255
583.34,6.2
583.35,6.169
583.37,6.098
583.39,6.018
583.4,5.974
583.42,5.88
583.43,5.83
583.45,5.724
583.47,5.611
583.48,5.552
583.5,5.429
583.52,5.302
583.53,5.237
583.55,5.104
583.57,4.969
583.58,4.901
583.6,4.765
583.62,4.629
583.63,4.561
583.65,4.428
583.67,4.298
583.68,4.235
583.7,4.112
583.72,3.995
583.73,3.94
583.75,3.835
583.77,3.739
583.78,3.694
583.8,3.614
583.81,3.578
583.83,3.516
583.85,3.466
583.86,3.447
583.88,3.419
583.9,3.407
583.91,3.407
583.93,3.419
583.95,3.449
583.96,3.471
583.98,3.528
584.0,3.604
584.01,3.649
584.03,3.755
584.05,3.88
584.06,3.95
584.08,4.106
584.1,4.281
584.11,4.377
584.13,4.583
584.14,4.694
584.16,4.931
584.18,5.187
584.19,5.322
584.21,5.607
584.23,5.91
584.24,6.068
584.26,6.397
584.28,6.741
584.29,6.92
584.31,7.287
584.33,7.666
584.34,7.861
584.36,8.258
584.38,8.664
584.39,8.87
584.41,9.287
584.43,9.709
584.44,9.921
584.46,10.35
584.48,10.77
584.49,10.98
584.51,11.4
584.52,11.61
584.54,12.03
584.56,12.43
584.57,12.63
584.59,13.01
584.61,13.38
584.62,13.56
584.64,13.91
584.66,14.24
584.67,14.4
584.69,14.69
584.71,14.96
584.72,15.09
584.74,15.33
584.76,15.53
584.77,15.63
584.79,15.79
584.81,15.93
584.82,15.98
584.84,16.07
584.86,16.13
584.87,16.15
584.89,16.16
584.9,16.16
584.92,16.12
584.94,16.06
584.95,16.02
584.97,15.92
584.99,15.78
585.0,15.71
585.02,15.54
585.04,15.34
585.05,15.24
585.07,15.01
585.09,14.76
585.1,14.63
585.12,14.36
585.14,14.08
585.15,13.93
585.17,13.63
585.19,13.32
585.2,13.16
585.22,12.84
585.24,12.52
585.25,12.36
585.27,12.04
585.28,11.88
585.3,11.56
585.32,11.25
585.33,11.1
585.35,10.8
585.37,10.52
585.38,10.38
585.4,10.11
585.42,9.861
585.43,9.741
585.45,9.514
585.47,9.306
585.48,9.209
585.5,9.03
585.52,8.872
585.53,8.801
585.55,8.676
585.57,8.574
585.58,8.531
585.6,8.463
585.61,8.438
585.63,8.405
585.65,8.397
585.66,8.401
585.68,8.428
585.7,8.478
585.71,8.512
585.73,8.597
585.75,8.705
585.76,8.767
585.78,8.909
585.8,9.071
585.81,9.161
585.83,9.355
585.85,9.568
585.86,9.682
585.88,9.924
585.9,10.18
585.91,10.32
585.93,10.6
585.95,10.9
585.96,11.06
585.98,11.38
585.99,11.54
586.01,11.88
586.03,12.23
586.04,12.4
586.06,12.76
586.08,13.13
586.09,13.32
586.11,13.69
586.13,14.07
586.14,14.26
586.16,14.63
586.18,15.01
586.19,15.2
586.21,15.57
586.23,15.94
586.24,16.12
586.26,16.47
586.28,16.82
586.29,16.99
586.31,17.32
586.33,17.64
586.34,17.79
586.36,18.08
586.37,18.22
586.39,18.49
586.41,18.74
586.42,18.85
586.44,19.07
586.46,19.27
586.47,19.36
586.49,19.52
586.51,19.66
586.52,19.72
586.54,19.82
586.56,19.9
586.57,19.93
586.59,19.97
586.61,19.99
586.62,19.99
586.64,19.97
586.66,19.92
586.67,19.89
586.69,19.81
586.71,19.71
586.72,19.65
586.74,19.52
586.75,19.44
586.77,19.28
586.79,19.1
586.8,19.0
586.82,18.8
586.84,18.58
586.85,18.46
586.87,18.22
586.89,17.97
586.9,17.84
586.92,17.58
586.94,17.32
586.95,17.18
586.97,16.91
586.99,16.64
587.0,16.5
587.02,16.23
587.04,15.97
587.05,15.84
587.07,15.58
587.08,15.46
587.1,15.22
587.12,14.99
587.13,14.88
587.15,14.68
587.17,14.49
587.18,14.4
587.2,14.24
587.22,14.1
587.23,14.04
587.25,13.93
587.27,13.86
587.28,13.83
587.3,13.79
587.32,13.78
587.33,13.78
587.35,13.82
587.37,13.88
587.38,13.92
587.4,14.03
587.42,14.18
587.43,14.26
587.45,14.45
587.46,14.56
587.48,14.8
587.5,15.07
587.51,15.22
587.53,15.54
587.55,15.89
587.56,16.07
587.58,16.46
587.6,16.88
587.61,17.1
587.63,17.56
587.65,18.05
587.66,18.3
587.68,18.82
587.7,19.35
587.71,19.63
587.73,20.2
587.75,20.78
587.76,21.07
587.78,21.67
587.8,22.28
587.81,22.59
587.83,23.21
587.84,23.53
587.86,24.16
587.88,24.8
587.89,25.12
587.91,25.76
587.93,26.41
587.94,26.73
587.96,27.37
587.98,28.02
587.99,28.35
588.01,29.0
588.03,29.65
588.04,29.98
588.06,30.64
588.08,31.31
588.09,31.65
588.11,32.33
588.13,33.02
588.14,33.38
588.16,34.1
588.18,34.84
588.19,35.22
588.21,36.0
588.22,36.41
588.24,37.24
588.26,38.11
588.27,38.56
588.29,39.5
588.31,40.49
588.32,41.01
588.34,42.09
588.36,43.23
588.37,43.82
588.39,45.07
588.41,46.39
588.42,47.08
588.44,48.52
588.46,50.04
588.47,50.83
588.49,52.48
588.51,54.22
588.52,55.12
588.54,56.99
588.55,57.96
588.57,59.96
588.59,62.05
588.6,63.12
588.62,65.34
588.64,67.63
588.65,68.8
588.67,71.21
588.69,73.67
588.7,74.93
588.72,77.48
588.74,80.08
588.75,81.39
588.77,84.04
588.79,86.72
588.8,88.06
588.82,90.75
588.84,93.44
588.85,94.78
588.87,97.44
588.89,100.1
588.9,101.4
588.92,103.9
588.93,105.2
588.95,107.6
588.97,110.0
588.98,111.2
589.0,113.4
589.02,115.6
589.03,116.6
589.05,118.6
589.07,120.4
589.08,121.3
589.1,122.9
589.12,124.4
589.13,125.1
589.15,126.3
589.17,127.4
589.18,127.9
589.2,128.7
589.22,129.4
589.23,129.7
589.25,130.1
589.27,130.3
589.28,130.4
589.3,130.4
589.31,130.3
589.33,130.0
589.35,129.6
589.36,129.3
589.38,128.7
589.4,127.9
589.41,127.4
589.43,126.4
589.45,125.2
589.46,124.5
589.48,123.2
589.5,121.7
589.51,120.9
589.53,119.2
589.55,117.4
589.56,116.5
589.58,114.6
589.6,112.6
589.61,111.6
589.63,109.4
589.64,108.4
589.66,106.1
589.68,103.8
589.69,102.7
589.71,100.3
589.73,97.91
589.74,96.69
589.76,94.23
589.78,91.74
589.79,90.49
589.81,87.97
589.83,85.44
589.84,84.17
589.86,81.62
589.88,79.08
589.89,77.81
589.91,75.27
589.93,72.75
589.94,71.49
589.96,68.99
589.98,66.52
589.99,65.29
590.01,62.86
590.02,61.65
590.04,59.27
590.06,56.93
590.07,55.78
590.09,53.5
590.11,51.27
590.12,50.17
590.14,48.01
590.16,45.91
590.17,44.88
590.19,42.86
590.21,40.9
590.22,39.95
590.24,38.08
590.26,36.27
590.27,35.39
590.29,33.68
590.31,32.03
590.32,31.23
590.34,29.68
590.36,28.19
590.37,27.47
590.39,26.07
590.4,25.4
590.42,24.1
590.44,22.86
590.45,22.26
590.47,21.1
590.49,20.01
590.5,19.48
590.52,18.46
590.54,17.5
590.55,17.04
590.57,16.15
590.59,15.31
590.6,14.9
590.62,14.13
590.64,13.39
590.65,13.04
590.67,12.37
590.69,11.73
590.7,11.42
590.72,10.83
590.74,10.27
590.75,10.0
590.77,9.487
590.78,9.239
590.8,8.762
590.82,8.309
590.83,8.09
590.85,7.67
590.87,7.269
590.88,7.076
590.9,6.703
590.92,6.348
590.93,6.176
590.95,5.844
590.97,5.527
590.98,5.374
591.0,5.077
591.02,4.793
591.03,4.656
591.05,4.391
591.07,4.137
591.08,4.014
591.1,3.777
591.11,3.662
591.13,3.441
591.15,3.229
591.16,3.127
591.18,2.93
591.2,2.742
591.21,2.651
591.23,2.477
591.25,2.312
591.26,2.232
591.28,2.08
591.3,1.935
591.31,1.866
591.33,1.734
591.35,1.609
591.36,1.55
591.38,1.436
591.4,1.33
591.41,1.279
591.43,1.183
591.45,1.094
591.46,1.052
591.48,0.9717
591.49,0.9339
591.51,0.8627
591.53,0.797
591.54,0.7662
591.56,0.7083
591.58,0.6552
591.59,0.6304
591.61,0.5842
591.63,0.5422
591.64,0.5227
591.66,0.4865
591.68,0.4539
591.69,0.4388
591.71,0.4112
591.73,0.3865
591.74,0.3752
591.76,0.3546
591.78,0.3364
591.79,0.3282
591.81,0.3134
591.83,0.3006
591.84,0.2949
591.86,0.2848
591.87,0.2803
591.89,0.2725
591.91,0.2662
591.92,0.2635
591.94,0.259
591.96,0.2557
591.97,0.2544
591.99,0.2526
592.01,0.2517
592.02,0.2516
592.04,0.252
592.06,0.2531
592.07,0.254
592.09,0.2562
592.11,0.2591
592.12,0.2608
592.14,0.2647
592.16,0.2692
592.17,0.2716
592.19,0.2771
592.21,0.2832
592.22,0.2865
592.24,0.2935
592.25,0.2973
592.27,0.3053
592.29,0.3141
592.3,0.3187
592.32,0.3286
592.34,0.3392
592.35,0.3448
592.37,0.3567
592.39,0.3694
592.4,0.3762
592.42,0.3904
592.44,0.4056
592.45,0.4136
592.47,0.4305
592.49,0.4487
592.5,0.4582
592.52,0.4783
592.54,0.4999
592.55,0.5113
592.57,0.5354
592.58,0.548
592.6,0.5748
592.62,0.6036
592.63,0.6189
592.65,0.6511
592.67,0.6859
592.68,0.7043
592.7,0.7434
592.72,0.7858
592.73,0.8083
592.75,0.8561
592.77,0.9081
592.78,0.9358
592.8,0.9948
592.82,1.059
592.83,1.093
592.85,1.167
592.87,1.247
592.88,1.29
592.9,1.381
592.92,1.481
592.93,1.535
592.95,1.65
592.96,1.711
592.98,1.842
593.0,1.986
593.01,2.063
593.03,2.227
593.05,2.407
593.06,2.502
593.08,2.707
593.1,2.93
593.11,3.049
593.13,3.302
593.15,3.577
593.16,3.723
593.18,4.034
593.2,4.37
593.21,4.548
593.23,4.925
593.25,5.332
593.26,5.546
593.28,5.999
593.3,6.485
593.31,6.74
593.33,7.277
593.34,7.558
593.36,8.149
593.38,8.776
593.39,9.103
593.41,9.787
593.43,10.51
593.44,10.89
593.46,11.67
593.48,12.48
593.49,12.91
593.51,13.78
593.53,14.7
593.54,15.17
593.56,16.13
593.58,17.13
593.59,17.65
593.61,18.7
593.63,19.77
593.64,20.32
593.66,21.44
593.68,22.57
593.69,23.15
593.71,24.31
593.72,24.9
593.74,26.08
593.76,27.26
593.77,27.86
593.79,29.04
593.81,30.23
593.82,30.81
593.84,31.98
593.86,33.12
593.87,33.69
593.89,34.8
593.91,35.88
593.92,36.4
593.94,37.43
593.96,38.41
593.97,38.88
593.99,39.79
594.01,40.64
594.02,41.04
594.04,41.8
594.05,42.16
594.07,42.82
594.09,43.42
594.1,43.68
594.12,44.17
594.14,44.58
594.15,44.75
594.17,45.04
594.19,45.26
594.2,45.33
594.22,45.43
594.24,45.44
594.25,45.42
594.27,45.32
594.29,45.15
594.3,45.04
594.32,44.76
594.34,44.41
594.35,44.21
594.37,43.76
594.39,43.26
594.4,42.98
594.42,42.4
594.43,42.09
594.45,41.43
594.47,40.73
594.48,40.37
594.5,39.62
594.52,38.84
594.53,38.44
594.55,37.63
594.57,36.8
594.58,36.38
594.6,35.53
594.62,34.68
594.63,34.26
594.65,33.41
594.67,32.56
594.68,32.15
594.7,31.32
594.72,30.51
594.73,30.11
594.75,29.32
594.77,28.56
594.78,28.19
594.8,27.46
594.81,27.1
594.83,26.42
594.85,25.76
594.86,25.44
594.88,24.82
594.9,24.23
594.91,23.95
594.93,23.4
594.95,22.89
594.96,22.64
594.98,22.17
595.0,21.72
595.01,21.51
595.03,21.1
595.05,20.71
595.06,20.53
595.08,20.17
595.1,19.84
595.11,19.68
595.13,19.38
595.15,19.09
595.16,18.95
595.18,18.69
595.19,18.56
595.21,18.31
595.23,18.08
595.24,17.96
595.26,17.74
595.28,17.52
595.29,17.42
595.31,17.21
595.33,17.01
595.34,16.91
595.36,16.72
595.38,16.53
595.39,16.43
595.41,16.25
595.43,16.06
595.44,15.97
595.46,15.78
595.48,15.59
595.49,15.5
595.51,15.32
595.52,15.22
595.54,15.04
595.56,14.85
595.57,14.76
595.59,14.57
595.61,14.39
595.62,14.29
595.64,14.11
595.66,13.92
595.67,13.82
595.69,13.64
595.71,13.45
595.72,13.35
595.74,13.16
595.76,12.97
595.77,12.88
595.79,12.69
595.81,12.5
595.82,12.41
595.84,12.22
595.86,12.03
595.87,11.94
595.89,11.75
595.9,11.66
595.92,11.48
595.94,11.3
595.95,11.21
595.97,11.03
595.99,10.85
596.0,10.77
596.02,10.6
596.04,10.44
596.05,10.35
596.07,10.2
596.09,10.04
596.1,9.969
596.12,9.825
596.14,9.687
596.15,9.62
596.17,9.493
596.19,9.373
596.2,9.315
596.22,9.207
596.24,9.107
596.25,9.061
596.27,8.974
596.28,8.934
596.3,8.862
596.32,8.798
596.33,8.77
596.35,8.721
596.37,8.681
596.38,8.665
596.4,8.639
596.42,8.622
596.43,8.618
596.45,8.614
596.47,8.619
596.48,8.625
596.5,8.642
596.52,8.665
596.53,8.68
596.55,8.713
596.57,8.752
596.58,8.773
596.6,8.819
596.62,8.868
596.63,8.893
596.65,8.946
596.66,8.974
596.68,9.029
596.7,9.084
596.71,9.111
596.73,9.166
596.75,9.218
596.76,9.244
596.78,9.293
596.8,9.339
596.81,9.36
596.83,9.4
596.85,9.435
596.86,9.451
596.88,9.48
596.9,9.503
596.91,9.513
596.93,9.528
596.95,9.539
596.96,9.542
596.98,9.546
596.99,9.546
597.01,9.543
597.03,9.536
597.04,9.532
597.06,9.522
597.08,9.509
597.09,9.503
597.11,9.489
597.13,9.476
597.14,9.469
597.16,9.459
597.18,9.45
597.19,9.448
597.21,9.446
597.23,9.449
597.24,9.454
597.26,9.467
597.28,9.489
597.29,9.503
597.31,9.538
597.33,9.584
597.34,9.611
597.36,9.673
597.37,9.708
597.39,9.788
597.41,9.88
597.42,9.931
597.44,10.04
597.46,10.17
597.47,10.23
597.49,10.38
597.51,10.53
597.52,10.61
597.54,10.79
597.56,10.97
597.57,11.07
597.59,11.26
597.61,11.47
597.62,11.57
597.64,11.79
597.66,12.01
597.67,12.12
597.69,12.35
597.71,12.57
597.72,12.69
597.74,12.91
597.75,13.02
597.77,13.24
597.79,13.45
597.8,13.56
597.82,13.76
597.84,13.94
597.85,14.03
597.87,14.2
597.89,14.36
597.9,14.43
597.92,14.56
597.94,14.67
597.95,14.71
597.97,14.79
597.99,14.85
598.0,14.87
598.02,14.89
598.04,14.89
598.05,14.88
598.07,14.84
598.09,14.78
598.1,14.73
598.12,14.63
598.13,14.57
598.15,14.44
598.17,14.27
598.18,14.18
598.2,13.98
598.22,13.76
598.23,13.65
598.25,13.39
598.27,13.12
598.28,12.98
598.3,12.68
598.32,12.37
598.33,12.21
598.35,11.87
598.37,11.52
598.38,11.34
598.4,10.98
598.42,10.61
598.43,10.42
598.45,10.04
598.46,9.849
598.48,9.463
598.5,9.077
598.51,8.883
598.53,8.497
598.55,8.114
598.56,7.924
598.58,7.547
598.6,7.175
598.61,6.992
598.63,6.632
598.65,6.28
598.66,6.108
598.68,5.771
598.7,5.444
598.71,5.285
598.73,4.976
598.75,4.679
598.76,4.535
598.78,4.258
598.8,3.993
598.81,3.865
598.83,3.62
598.84,3.503
598.86,3.277
598.88,3.065
598.89,2.964
598.91,2.772
598.93,2.592
598.94,2.506
598.96,2.345
598.98,2.195
598.99,2.124
599.01,1.991
599.03,1.869
599.04,1.812
599.06,1.704
599.08,1.607
599.09,1.561
599.11,1.476
599.13,1.4
599.14,1.364
599.16,1.299
599.18,1.24
599.19,1.213
599.21,1.163
599.22,1.141
599.24,1.099
599.26,1.063
599.27,1.047
599.29,1.017
599.31,0.9907
599.32,0.9791
599.34,0.9584
599.36,0.9408
599.37,0.933
599.39,0.9195
599.41,0.9085
599.42,0.9039
599.44,0.8963
599.46,0.8908
599.47,0.8887
599.49,0.8861
599.51,0.8852
599.52,0.8855
599.54,0.8873
599.55,0.8889
599.57,0.8934
599.59,0.8996
599.6,0.9035
599.62,0.9125
599.64,0.9235
599.65,0.9297
599.67,0.9438
599.69,0.96
599.7,0.9689
599.72,0.9886
599.74,1.011
599.75,1.023
599.77,1.049
599.79,1.077
599.8,1.093
599.82,1.126
599.84,1.162
599.85,1.181
599.87,1.221
599.89,1.265
599.9,1.288
599.92,1.336
599.93,1.362
599.95,1.415
599.97,1.472
599.98,1.501
600.0,1.562
600.02,1.626
600.03,1.659
600.05,1.728
600.07,1.799
600.08,1.835
600.1,1.91
600.12,1.987
600.13,2.026
600.15,2.106
600.17,2.187
600.18,2.228
600.2,2.311
600.22,2.394
600.23,2.436
600.25,2.52
600.27,2.604
600.28,2.645
600.3,2.727
600.31,2.768
600.33,2.849
600.35,2.927
600.36,2.966
600.38,3.04
600.4,3.113
600.41,3.147
600.43,3.214
600.45,3.278
600.46,3.308
600.48,3.365
600.5,3.417
600.51,3.441
600.53,3.486
600.55,3.525
600.56,3.543
600.58,3.574
600.6,3.599
600.61,3.61
600.63,3.626
600.65,3.637
600.66,3.64
600.68,3.641
600.69,3.639
600.71,3.632
600.73,3.618
600.74,3.609
600.76,3.586
600.78,3.558
600.79,3.542
600.81,3.506
600.83,3.465
600.84,3.442
600.86,3.394
600.88,3.341
600.89,3.313
600.91,3.254
600.93,3.191
600.94,3.159
600.96,3.091
600.98,3.021
600.99,2.985
601.01,2.912
601.02,2.875
601.04,2.799
601.06,2.722
601.07,2.683
601.09,2.604
601.11,2.526
601.12,2.487
601.14,2.408
601.16,2.331
601.17,2.292
601.19,2.216
601.21,2.142
601.22,2.105
601.24,2.034
601.26,1.964
601.27,1.931
601.29,1.865
601.31,1.803
601.32,1.773
601.34,1.716
601.36,1.663
601.37,1.638
601.39,1.591
601.4,1.57
601.42,1.53
601.44,1.495
601.45,1.48
601.47,1.454
601.49,1.433
601.5,1.425
601.52,1.414
601.54,1.41
601.55,1.41
601.57,1.416
601.59,1.43
601.6,1.44
601.62,1.466
601.64,1.501
601.65,1.522
601.67,1.57
601.69,1.628
601.7,1.661
601.72,1.734
601.74,1.817
601.75,1.863
601.77,1.964
601.78,2.018
601.8,2.136
601.82,2.266
601.83,2.336
601.85,2.484
601.87,2.646
601.88,2.732
601.9,2.913
601.92,3.109
601.93,3.211
601.95,3.427
601.97,3.656
601.98,3.775
602.0,4.025
602.02,4.288
602.03,4.425
602.05,4.707
602.07,5.003
602.08,5.155
602.1,5.469
602.12,5.794
602.13,5.961
602.15,6.302
602.16,6.476
602.18,6.83
602.2,7.193
602.21,7.377
602.23,7.75
602.25,8.127
602.26,8.318
602.28,8.7
602.3,9.085
602.31,9.277
602.33,9.66
602.35,10.04
602.36,10.23
602.38,10.6
602.4,10.97
602.41,11.15
602.43,11.51
602.45,11.85
602.46,12.02
602.48,12.34
602.49,12.49
602.51,12.79
602.53,13.07
602.54,13.21
602.56,13.46
602.58,13.69
602.59,13.79
602.61,13.99
602.63,14.16
602.64,14.23
602.66,14.36
602.68,14.47
602.69,14.51
602.71,14.57
602.73,14.6
602.74,14.61
602.76,14.6
602.78,14.56
602.79,14.54
602.81,14.46
602.83,14.35
602.84,14.29
602.86,14.14
602.87,14.06
602.89,13.87
602.91,13.66
602.92,13.55
602.94,13.31
602.96,13.04
602.97,12.9
602.99,12.61
603.01,12.31
603.02,12.15
603.04,11.81
603.06,11.47
603.07,11.3
603.09,10.94
603.11,10.57
603.12,10.39
603.14,10.01
603.16,9.634
603.17,9.445
603.19,9.065
603.21,8.686
603.22,8.497
603.24,8.123
603.25,7.937
603.27,7.571
603.29,7.211
603.3,7.035
603.32,6.688
603.34,6.352
603.35,6.187
603.37,5.868
603.39,5.561
603.4,5.413
603.42,5.127
603.44,4.855
603.45,4.725
603.47,4.476
603.49,4.242
603.5,4.131
603.52,3.922
603.54,3.729
603.55,3.639
603.57,3.471
603.59,3.319
603.6,3.25
603.62,3.123
603.63,3.065
603.65,2.962
603.67,2.875
603.68,2.837
603.7,2.773
603.72,2.724
603.73,2.705
603.75,2.677
603.77,2.663
603.78,2.661
603.8,2.667
603.82,2.684
603.83,2.698
603.85,2.733
603.87,2.779
603.88,2.806
603.9,2.866
603.92,2.936
603.93,2.974
603.95,3.057
603.96,3.101
603.98,3.193
604.0,3.293
604.01,3.344
604.03,3.452
604.05,3.564
604.06,3.621
604.08,3.738
604.1,3.858
604.11,3.919
604.13,4.042
604.15,4.166
604.16,4.228
604.18,4.353
604.2,4.477
604.21,4.539
604.23,4.661
604.25,4.782
604.26,4.842
604.28,4.959
604.3,5.073
604.31,5.129
604.33,5.238
604.34,5.291
604.36,5.394
604.38,5.492
604.39,5.54
604.41,5.631
604.43,5.718
604.44,5.76
604.46,5.839
604.48,5.912
604.49,5.947
604.51,6.013
604.53,6.073
604.54,6.101
604.56,6.153
604.58,6.2
604.59,6.222
604.61,6.261
604.63,6.294
604.64,6.309
604.66,6.336
604.68,6.357
604.69,6.366
604.71,6.38
604.72,6.385
604.74,6.392
604.76,6.395
604.77,6.395
604.79,6.392
604.81,6.384
604.82,6.378
604.84,6.365
604.86,6.347
604.87,6.337
604.89,6.313
604.91,6.286
604.92,6.271
604.94,6.238
604.96,6.201
604.97,6.182
604.99,6.14
605.01,6.094
605.02,6.07
605.04,6.019
605.06,5.964
605.07,5.935
605.09,5.875
605.1,5.843
605.12,5.778
605.14,5.708
605.15,5.672
605.17,5.598
605.19,5.52
605.2,5.48
605.22,5.397
605.24,5.31
605.25,5.266
605.27,5.175
605.29,5.08
605.3,5.032
605.32,4.934
605.34,4.833
605.35,4.782
605.37,4.677
605.39,4.571
605.4,4.517
605.42,4.408
605.43,4.353
605.45,4.242
605.47,4.13
605.48,4.074
605.5,3.961
605.52,3.848
605.53,3.791
605.55,3.679
605.57,3.566
605.58,3.51
605.6,3.4
605.62,3.29
605.63,3.236
605.65,3.129
605.67,3.025
605.68,2.974
605.7,2.873
605.72,2.775
605.73,2.727
605.75,2.635
605.77,2.545
605.78,2.502
605.8,2.419
605.81,2.379
605.83,2.302
605.85,2.229
605.86,2.195
605.88,2.129
605.9,2.069
605.91,2.041
605.93,1.988
605.95,1.941
605.96,1.919
605.98,1.88
606.0,1.847
606.01,1.832
606.03,1.807
606.05,1.787
606.06,1.779
606.08,1.768
606.1,1.762
606.11,1.762
606.13,1.764
606.15,1.772
606.16,1.778
606.18,1.794
606.19,1.804
606.21,1.828
606.23,1.856
606.24,1.872
606.26,1.907
606.28,1.947
606.29,1.968
606.31,2.014
606.33,2.063
606.34,2.089
606.36,2.142
606.38,2.199
606.39,2.228
606.41,2.289
606.43,2.351
606.44,2.382
606.46,2.447
606.48,2.512
606.49,2.544
606.51,2.61
606.53,2.675
606.54,2.707
606.56,2.771
606.57,2.803
606.59,2.865
606.61,2.925
606.62,2.954
606.64,3.01
606.66,3.063
606.67,3.089
606.69,3.137
606.71,3.181
606.72,3.201
606.74,3.239
606.76,3.272
606.77,3.286
606.79,3.312
606.81,3.332
606.82,3.34
606.84,3.352
606.86,3.358
606.87,3.36
606.89,3.357
606.9,3.354
606.92,3.343
606.94,3.327
606.95,3.317
606.97,3.292
606.99,3.262
607.0,3.244
607.02,3.206
607.04,3.163
607.05,3.14
607.07,3.09
607.09,3.036
607.1,3.007
607.12,2.947
607.14,2.883
607.15,2.85
607.17,2.782
607.19,2.711
607.2,2.675
607.22,2.601
607.24,2.526
607.25,2.488
607.27,2.412
607.28,2.373
607.3,2.296
607.32,2.219
607.33,2.181
607.35,2.105
607.37,2.031
607.38,1.994
607.4,1.922
607.42,1.853
607.43,1.819
607.45,1.754
607.47,1.692
607.48,1.662
607.5,1.605
607.52,1.553
607.53,1.529
607.55,1.484
607.57,1.444
607.58,1.426
607.6,1.394
607.62,1.368
607.63,1.358
607.65,1.342
607.66,1.336
607.68,1.331
607.7,1.333
607.71,1.336
607.73,1.35
607.75,1.372
607.76,1.386
607.78,1.421
607.8,1.465
607.81,1.491
607.83,1.549
607.85,1.618
607.86,1.656
607.88,1.74
607.9,1.836
607.91,1.888
607.93,2.0
607.95,2.124
607.96,2.191
607.98,2.334
608.0,2.489
608.01,2.571
608.03,2.745
608.04,2.837
608.06,3.031
608.08,3.238
608.09,3.347
608.11,3.574
608.13,3.815
608.14,3.94
608.16,4.201
608.18,4.475
608.19,4.617
608.21,4.91
608.23,5.216
608.24,5.373
608.26,5.697
608.28,6.032
608.29,6.204
608.31,6.555
608.33,6.915
608.34,7.099
608.36,7.472
608.37,7.662
608.39,8.046
608.41,8.435
608.42,8.632
608.44,9.028
608.46,9.427
608.47,9.626
608.49,10.03
608.51,10.43
608.52,10.62
608.54,11.02
608.56,11.41
608.57,11.6
608.59,11.98
608.61,12.35
608.62,12.53
608.64,12.89
608.66,13.23
608.67,13.39
608.69,13.71
608.71,14.02
608.72,14.16
608.74,14.44
608.75,14.57
608.77,14.81
608.79,15.03
608.8,15.14
608.82,15.32
608.84,15.49
608.85,15.56
608.87,15.68
608.89,15.78
608.9,15.82
608.92,15.88
608.94,15.91
608.95,15.92
608.97,15.91
608.99,15.88
609.0,15.85
609.02,15.77
609.04,15.67
609.05,15.61
609.07,15.47
609.09,15.31
609.1,15.22
609.12,15.02
609.13,14.91
609.15,14.68
609.17,14.43
609.18,14.3
609.2,14.03
609.22,13.73
609.23,13.58
609.25,13.27
609.27,12.95
609.28,12.78
609.3,12.44
609.32,12.09
609.33,11.92
609.35,11.56
609.37,11.2
609.38,11.02
609.4,10.66
609.42,10.3
609.43,10.12
609.45,9.76
609.46,9.583
609.48,9.232
609.5,8.888
609.51,8.718
609.53,8.386
609.55,8.062
609.56,7.905
609.58,7.598
609.6,7.302
609.61,7.16
609.63,6.884
609.65,6.622
609.66,6.496
609.68,6.256
609.7,6.031
609.71,5.924
609.73,5.723
609.75,5.537
609.76,5.45
609.78,5.288
609.8,5.143
609.81,5.076
609.83,4.954
609.84,4.898
609.86,4.8
609.88,4.716
609.89,4.68
609.91,4.619
609.93,4.571
609.94,4.552
609.96,4.525
609.98,4.51
609.99,4.507
610.01,4.51
610.03,4.524
610.04,4.535
610.06,4.563
610.08,4.601
610.09,4.623
610.11,4.672
610.13,4.728
610.14,4.758
610.16,4.823
610.18,4.892
610.19,4.928
610.21,5.003
610.22,5.041
610.24,5.119
610.26,5.199
610.27,5.238
610.29,5.318
610.31,5.396
610.32,5.435
610.34,5.511
610.36,5.584
610.37,5.619
610.39,5.687
610.41,5.751
610.42,5.78
610.44,5.836
610.46,5.886
610.47,5.909
610.49,5.949
610.51,5.983
610.52,5.997
610.54,6.019
610.56,6.034
610.57,6.038
610.59,6.041
610.6,6.04
610.62,6.03
610.64,6.013
610.65,6.001
610.67,5.971
610.69,5.932
610.7,5.91
610.72,5.86
610.74,5.802
610.75,5.77
610.77,5.7
610.79,5.624
610.8,5.583
610.82,5.496
610.84,5.403
610.85,5.354
610.87,5.252
610.89,5.145
610.9,5.09
610.92,4.976
610.93,4.917
610.95,4.798
610.97,4.674
610.98,4.612
611.0,4.485
611.02,4.356
611.03,4.291
611.05,4.16
611.07,4.028
611.08,3.962
611.1,3.831
611.12,3.7
611.13,3.635
611.15,3.507
611.17,3.38
611.18,3.317
611.2,3.194
611.22,3.074
611.23,3.015
611.25,2.901
611.27,2.79
611.28,2.736
611.3,2.632
611.31,2.582
611.33,2.486
611.35,2.395
611.36,2.351
611.38,2.268
611.4,2.192
611.41,2.156
611.43,2.088
611.45,2.027
611.46,1.999
611.48,1.948
611.5,1.903
611.51,1.883
611.53,1.848
611.55,1.82
611.56,1.809
611.58,1.791
611.6,1.78
611.61,1.776
611.63,1.775
611.65,1.78
611.66,1.784
611.68,1.798
611.69,1.808
611.71,1.83
611.73,1.859
611.74,1.875
611.76,1.912
611.78,1.953
611.79,1.976
611.81,2.024
611.83,2.076
611.84,2.104
611.86,2.162
611.88,2.223
611.89,2.255
611.91,2.32
611.93,2.388
611.94,2.422
611.96,2.492
611.98,2.563
611.99,2.598
612.01,2.67
612.03,2.742
612.04,2.777
612.06,2.848
612.07,2.883
612.09,2.951
612.11,3.018
612.12,3.05
612.14,3.113
612.16,3.173
612.17,3.202
612.19,3.256
612.21,3.307
612.22,3.331
612.24,3.375
612.26,3.415
612.27,3.433
612.29,3.465
612.31,3.492
612.32,3.503
612.34,3.521
612.36,3.534
612.37,3.538
612.39,3.542
612.4,3.542
612.42,3.538
612.44,3.527
612.45,3.52
612.47,3.5
612.49,3.476
612.5,3.461
612.52,3.428
612.54,3.39
612.55,3.37
612.57,3.324
612.59,3.274
612.6,3.248
612.62,3.192
612.64,3.132
612.65,3.101
612.67,3.036
612.69,2.969
612.7,2.934
612.72,2.863
612.74,2.79
612.75,2.753
612.77,2.679
612.78,2.641
612.8,2.565
612.82,2.489
612.83,2.451
612.85,2.376
612.87,2.301
612.88,2.264
612.9,2.191
612.92,2.12
612.93,2.085
612.95,2.017
612.97,1.951
612.98,1.92
613.0,1.858
613.02,1.8
613.03,1.773
613.05,1.72
613.07,1.671
613.08,1.648
613.1,1.605
613.12,1.566
613.13,1.548
613.15,1.516
613.16,1.502
613.18,1.476
613.2,1.456
613.21,1.447
613.23,1.434
613.25,1.425
613.26,1.422
613.28,1.421
613.3,1.424
613.31,1.427
613.33,1.438
613.35,1.453
613.36,1.462
613.38,1.485
613.4,1.511
613.41,1.526
613.43,1.56
613.45,1.598
613.46,1.618
613.48,1.663
613.5,1.711
613.51,1.737
613.53,1.791
613.54,1.82
613.56,1.88
613.58,1.944
613.59,1.977
613.61,2.046
613.63,2.118
613.64,2.156
613.66,2.233
613.68,2.313
613.69,2.354
613.71,2.439
613.73,2.526
613.74,2.571
613.76,2.662
613.78,2.755
613.79,2.803
613.81,2.9
613.83,2.999
613.84,3.049
613.86,3.152
613.87,3.203
613.89,3.309
613.91,3.416
613.92,3.47
613.94,3.58
613.96,3.691
613.97,3.748
613.99,3.862
614.01,3.978
614.02,4.036
614.04,4.154
614.06,4.274
614.07,4.335
614.09,4.457
614.11,4.581
614.12,4.643
614.14,4.769
614.16,4.897
614.17,4.961
614.19,5.091
614.21,5.222
614.22,5.288
614.24,5.421
614.25,5.489
614.27,5.624
614.29,5.76
614.3,5.829
614.32,5.967
614.34,6.106
614.35,6.176
614.37,6.316
614.39,6.457
614.4,6.527
614.42,6.668
614.44,6.809
614.45,6.879
614.47,7.02
614.49,7.159
614.5,7.228
614.52,7.366
614.54,7.502
614.55,7.569
614.57,7.702
614.59,7.832
614.6,7.896
614.62,8.022
614.63,8.083
614.65,8.203
614.67,8.319
614.68,8.375
614.7,8.484
614.72,8.587
614.73,8.637
614.75,8.732
614.77,8.821
614.78,8.863
614.8,8.943
614.82,9.017
614.83,9.051
614.85,9.115
614.87,9.173
614.88,9.199
614.9,9.247
614.92,9.289
614.93,9.308
614.95,9.341
614.97,9.37
614.98,9.382
615.0,9.404
615.01,9.414
615.03,9.431
615.05,9.446
615.06,9.452
615.08,9.466
615.1,9.479
615.11,9.486
615.13,9.503
615.15,9.522
615.16,9.534
615.18,9.561
615.2,9.595
615.21,9.615
615.23,9.662
615.25,9.72
615.26,9.754
615.28,9.831
615.3,9.923
615.31,9.974
615.33,10.09
615.34,10.16
615.36,10.3
615.38,10.47
615.39,10.56
615.41,10.75
615.43,10.98
615.44,11.1
615.46,11.36
615.48,11.64
615.49,11.79
615.51,12.12
615.53,12.47
615.54,12.66
615.56,13.06
615.58,13.48
615.59,13.7
615.61,14.16
615.63,14.65
615.64,14.91
615.66,15.44
615.68,15.99
615.69,16.27
615.71,16.86
615.72,17.16
615.74,17.78
615.76,18.41
615.77,18.73
615.79,19.39
615.81,20.06
615.82,20.39
615.84,21.07
615.86,21.75
615.87,22.1
615.89,22.78
615.91,23.46
615.92,23.8
615.94,24.47
615.96,25.12
615.97,25.45
615.99,26.08
616.01,26.69
616.02,26.99
616.04,27.56
616.06,28.11
616.07,28.37
616.09,28.87
616.1,29.11
616.12,29.55
616.14,29.96
616.15,30.14
616.17,30.48
616.19,30.78
616.2,30.91
616.22,31.13
616.24,31.31
616.25,31.38
616.27,31.48
616.29,31.53
616.3,31.53
616.32,31.5
616.34,31.42
616.35,31.36
616.37,31.21
616.39,31.0
616.4,30.88
616.42,30.6
616.44,30.27
616.45,30.09
616.47,29.7
616.48,29.49
616.5,29.04
616.52,28.55
616.53,28.29
616.55,27.75
616.57,27.17
616.58,26.87
616.6,26.25
616.62,25.61
616.63,25.29
616.65,24.61
616.67,23.92
616.68,23.57
616.7,22.87
616.72,22.15
616.73,21.79
616.75,21.06
616.77,20.33
616.78,19.97
616.8,19.24
616.81,18.88
616.83,18.15
616.85,17.44
616.86,17.09
616.88,16.39
616.9,15.7
616.91,15.36
616.93,14.69
616.95,14.04
616.96,13.72
616.98,13.09
617.0,12.48
617.01,12.19
617.03,11.61
617.05,11.05
617.06,10.78
617.08,10.25
617.1,9.741
617.11,9.495
617.13,9.02
617.15,8.566
617.16,8.346
617.18,7.924
617.19,7.721
617.21,7.33
617.23,6.96
617.24,6.783
617.26,6.444
617.28,6.124
617.29,5.972
617.31,5.681
617.33,5.41
617.34,5.281
617.36,5.037
617.38,4.811
617.39,4.705
617.41,4.505
617.43,4.322
617.44,4.236
617.46,4.078
617.48,3.935
617.49,3.869
617.51,3.749
617.53,3.644
617.54,3.597
617.56,3.514
617.57,3.478
617.59,3.415
617.61,3.366
617.62,3.346
617.64,3.316
617.66,3.298
617.67,3.294
617.69,3.294
617.71,3.305
617.72,3.315
617.74,3.343
617.76,3.38
617.77,3.403
617.79,3.455
617.81,3.516
617.82,3.55
617.84,3.623
617.86,3.704
617.87,3.747
617.89,3.837
617.91,3.934
617.92,3.984
617.94,4.088
617.95,4.142
617.97,4.252
617.99,4.365
618.0,4.422
618.02,4.538
618.04,4.656
618.05,4.714
618.07,4.832
618.09,4.949
618.1,5.006
618.12,5.12
618.14,5.232
618.15,5.286
618.17,5.393
618.19,5.495
618.2,5.544
618.22,5.638
618.24,5.726
618.25,5.768
618.27,5.847
618.28,5.884
618.3,5.951
618.32,6.012
618.33,6.039
618.35,6.087
618.37,6.127
618.38,6.144
618.4,6.171
618.42,6.19
618.43,6.196
618.45,6.203
618.47,6.2
618.48,6.196
618.5,6.182
618.52,6.159
618.53,6.145
618.55,6.112
618.57,6.071
618.58,6.049
618.6,5.999
618.62,5.943
618.63,5.913
618.65,5.85
618.66,5.817
618.68,5.748
618.7,5.675
618.71,5.638
618.73,5.562
618.75,5.484
618.76,5.445
618.78,5.366
618.8,5.287
618.81,5.248
618.83,5.17
618.85,5.095
618.86,5.058
618.88,4.987
618.9,4.919
618.91,4.887
618.93,4.825
618.95,4.768
618.96,4.742
618.98,4.694
619.0,4.652
619.01,4.634
619.03,4.602
619.04,4.589
619.06,4.569
619.08,4.556
619.09,4.553
619.11,4.553
619.13,4.562
619.14,4.57
619.16,4.592
619.18,4.623
619.19,4.642
619.21,4.687
619.23,4.741
619.24,4.772
619.26,4.84
619.28,4.918
619.29,4.96
619.31,5.051
619.33,5.151
619.34,5.205
619.36,5.318
619.38,5.44
619.39,5.504
619.41,5.638
619.42,5.708
619.44,5.853
619.46,6.005
619.47,6.084
619.49,6.245
619.51,6.413
619.52,6.499
619.54,6.674
619.56,6.853
619.57,6.944
619.59,7.128
619.61,7.315
619.62,7.409
619.64,7.598
619.66,7.788
619.67,7.883
619.69,8.073
619.71,8.261
619.72,8.354
619.74,8.538
619.75,8.629
619.77,8.807
619.79,8.981
619.8,9.065
619.82,9.23
619.84,9.388
619.85,9.463
619.87,9.609
619.89,9.745
619.9,9.809
619.92,9.93
619.94,10.04
619.95,10.09
619.97,10.18
619.99,10.26
620.0,10.3
620.02,10.36
620.04,10.4
620.05,10.42
620.07,10.45
620.09,10.46
620.1,10.46
620.12,10.44
620.13,10.43
620.15,10.4
620.17,10.35
620.18,10.32
620.2,10.24
620.22,10.16
620.23,10.11
620.25,10.0
620.27,9.88
620.28,9.814
620.3,9.674
620.32,9.521
620.33,9.441
620.35,9.272
620.37,9.093
620.38,9.0
620.4,8.808
620.42,8.609
620.43,8.507
620.45,8.298
620.47,8.086
620.48,7.978
620.5,7.761
620.51,7.652
620.53,7.434
620.55,7.217
620.56,7.11
620.58,6.898
620.6,6.692
620.61,6.592
620.63,6.398
620.65,6.214
620.66,6.126
620.68,5.962
620.7,5.815
620.71,5.748
620.73,5.629
620.75,5.533
620.76,5.495
620.78,5.439
620.8,5.414
620.81,5.414
620.83,5.443
620.84,5.472
620.86,5.562
620.88,5.7
620.89,5.788
620.91,6.006
620.93,6.284
620.94,6.447
620.96,6.826
620.98,7.28
620.99,7.538
621.01,8.119
621.03,8.793
621.04,9.168
621.06,9.999
621.08,10.94
621.09,11.46
621.11,12.6
621.13,13.88
621.14,14.57
621.16,16.07
621.18,17.75
621.19,18.65
621.21,20.59
621.22,21.64
621.24,23.88
621.26,26.34
621.27,27.66
621.29,30.47
621.31,33.52
621.32,35.15
621.34,38.6
621.36,42.33
621.37,44.3
621.39,48.48
621.41,52.96
621.42,55.32
621.44,60.29
621.46,65.59
621.47,68.37
621.49,74.19
621.51,80.36
621.52,83.58
621.54,90.29
621.56,97.37
621.57,101.0
621.59,108.7
621.6,112.6
621.62,120.8
621.64,129.3
621.65,133.7
621.67,142.7
621.69,152.1
621.7,156.9
621.72,166.7
621.74,176.8
621.75,182.0
621.77,192.5
621.79,203.2
621.8,208.6
621.82,219.7
621.84,230.8
621.85,236.4
621.87,247.8
621.89,259.1
621.9,264.8
621.92,276.2
621.94,287.6
621.95,293.2
621.97,304.4
621.98,310.0
622.0,320.9
622.02,331.6
622.03,336.8
622.05,347.1
622.07,357.0
622.08,361.7
622.1,371.0
622.12,379.8
622.13,384.0
622.15,392.0
622.17,399.5
622.18,402.9
622.2,409.4
622.22,415.2
622.23,417.9
622.25,422.6
622.27,426.7
622.28,428.4
622.3,431.2
622.31,432.4
622.33,434.0
622.35,434.9
622.36,435.0
622.38,434.7
622.4,433.5
622.41,432.6
622.43,430.3
622.45,427.1
622.46,425.3
622.48,421.0
622.5,416.0
622.51,413.2
622.53,407.2
622.55,400.5
622.56,396.9
622.58,389.3
622.6,381.1
622.61,376.8
622.63,367.9
622.65,358.5
622.66,353.6
622.68,343.7
622.69,338.6
622.71,328.1
622.73,317.4
622.74,312.0
622.76,301.0
622.78,289.8
622.79,284.2
622.81,272.9
622.83,261.6
622.84,256.0
622.86,244.7
622.88,233.5
622.89,228.0
622.91,217.0
622.93,206.2
622.94,200.8
622.96,190.3
622.98,180.0
622.99,174.9
623.01,165.0
623.03,155.4
623.04,150.8
623.06,141.6
623.07,137.2
623.09,128.6
623.11,120.3
623.12,116.3
623.14,108.5
623.16,101.1
623.17,97.58
623.19,90.73
623.21,84.23
623.22,81.12
623.24,75.15
623.26,69.53
623.27,66.84
623.29,61.72
623.31,56.93
623.32,54.65
623.34,50.33
623.36,46.3
623.37,44.4
623.39,40.79
623.41,37.46
623.42,35.89
623.44,32.93
623.45,31.55
623.47,28.94
623.49,26.55
623.5,25.44
623.52,23.35
623.54,21.45
623.55,20.57
623.57,18.93
623.59,17.45
623.6,16.76
623.62,15.5
623.64,14.37
623.65,13.85
623.67,12.89
623.69,12.05
623.7,11.66
623.72,10.97
623.74,10.36
623.75,10.08
623.77,9.595
623.78,9.378
623.8,8.994
623.82,8.673
623.83,8.535
623.85,8.298
623.87,8.112
623.88,8.036
623.9,7.916
623.92,7.835
623.93,7.808
623.95,7.78
623.97,7.782
623.98,7.793
624.0,7.835
624.02,7.9
624.03,7.94
624.05,8.034
624.07,8.145
624.08,8.206
624.1,8.338
624.12,8.481
624.13,8.557
624.15,8.713
624.16,8.794
624.18,8.959
624.2,9.129
624.21,9.214
624.23,9.387
624.25,9.559
624.26,9.645
624.28,9.815
624.3,9.981
624.31,10.06
624.33,10.22
624.35,10.38
624.36,10.45
624.38,10.59
624.4,10.72
624.41,10.79
624.43,10.91
624.45,11.01
624.46,11.06
624.48,11.16
624.5,11.23
624.51,11.27
624.53,11.33
624.54,11.36
624.56,11.4
624.58,11.43
624.59,11.44
624.61,11.45
624.63,11.44
624.64,11.44
624.66,11.42
624.68,11.38
624.69,11.36
624.71,11.31
624.73,11.25
624.74,11.22
624.76,11.14
624.78,11.06
624.79,11.02
624.81,10.92
624.83,10.82
624.84,10.77
624.86,10.66
624.88,10.55
624.89,10.49
624.91,10.38
624.92,10.32
624.94,10.2
624.96,10.09
624.97,10.03
624.99,9.92
625.01,9.813
625.02,9.762
625.04,9.665
625.06,9.575
625.07,9.534
625.09,9.458
625.11,9.394
625.12,9.366
625.14,9.321
625.16,9.29
625.17,9.281
625.19,9.275
625.21,9.287
625.22,9.301
625.24,9.342
625.25,9.371
625.27,9.446
625.29,9.544
625.3,9.602
625.32,9.737
625.34,9.9
625.35,9.991
625.37,10.2
625.39,10.43
625.4,10.56
625.42,10.84
625.44,11.15
625.45,11.32
625.47,11.68
625.49,12.08
625.5,12.29
625.52,12.74
625.54,13.23
625.55,13.49
625.57,14.03
625.59,14.6
625.6,14.91
625.62,15.54
625.63,15.87
625.65,16.55
625.67,17.28
625.68,17.65
625.7,18.42
625.72,19.23
625.73,19.64
625.75,20.5
625.77,21.38
625.78,21.83
625.8,22.75
625.82,23.7
625.83,24.18
625.85,25.16
625.87,26.15
625.88,26.66
625.9,27.67
625.92,28.69
625.93,29.21
625.95,30.24
625.97,31.26
625.98,31.78
626.0,32.79
626.01,33.3
626.03,34.3
626.05,35.28
626.06,35.77
626.08,36.71
626.1,37.63
626.11,38.08
626.13,38.94
626.15,39.77
626.16,40.16
626.18,40.92
626.2,41.62
626.21,41.96
626.23,42.58
626.25,43.14
626.26,43.4
626.28,43.86
626.3,44.26
626.31,44.43
626.33,44.73
626.35,44.95
626.36,45.03
626.38,45.14
626.39,45.16
626.41,45.16
626.43,45.08
626.44,45.01
626.46,44.81
626.48,44.54
626.49,44.38
626.51,44.0
626.53,43.54
626.54,43.29
626.56,42.74
626.58,42.12
626.59,41.78
626.61,41.07
626.63,40.3
626.64,39.9
626.66,39.05
626.68,38.16
626.69,37.7
626.71,36.74
626.72,36.25
626.74,35.24
626.76,34.21
626.77,33.68
626.79,32.61
626.81,31.52
626.82,30.98
626.84,29.87
626.86,28.77
626.87,28.21
626.89,27.1
626.91,26.0
626.92,25.46
626.94,24.37
626.96,23.3
626.97,22.77
626.99,21.73
627.01,20.72
627.02,20.22
627.04,19.25
627.06,18.31
627.07,17.85
627.09,16.96
627.1,16.53
627.12,15.69
627.14,14.89
627.15,14.51
627.17,13.77
627.19,13.08
627.2,12.75
627.22,12.11
627.24,11.52
627.25,11.25
627.27,10.72
627.29,10.23
627.3,10.01
627.32,9.586
627.34,9.203
627.35,9.027
627.37,8.703
627.39,8.417
627.4,8.287
627.42,8.054
627.44,7.855
627.45,7.767
627.47,7.616
627.48,7.551
627.5,7.444
627.52,7.362
627.53,7.331
627.55,7.287
627.57,7.264
627.58,7.26
627.6,7.267
627.62,7.29
627.63,7.307
627.65,7.352
627.67,7.409
627.68,7.441
627.7,7.511
627.72,7.589
627.73,7.63
627.75,7.714
627.77,7.801
627.78,7.845
627.8,7.933
627.82,8.018
627.83,8.06
627.85,8.141
627.86,8.179
627.88,8.251
627.9,8.316
627.91,8.345
627.93,8.397
627.95,8.44
627.96,8.457
627.98,8.483
628.0,8.498
628.01,8.501
628.03,8.497
628.05,8.48
628.06,8.467
628.08,8.431
628.1,8.381
628.11,8.351
628.13,8.282
628.15,8.2
628.16,8.154
628.18,8.052
628.19,7.997
628.21,7.877
628.23,7.746
628.24,7.676
628.26,7.528
628.28,7.371
628.29,7.289
628.31,7.118
628.33,6.938
628.34,6.846
628.36,6.656
628.38,6.46
628.39,6.361
628.41,6.157
628.43,5.95
628.44,5.846
628.46,5.635
628.48,5.422
628.49,5.315
628.51,5.102
628.53,4.889
628.54,4.782
628.56,4.571
628.57,4.466
628.59,4.259
628.61,4.055
628.62,3.954
628.64,3.755
628.66,3.562
628.67,3.467
628.69,3.281
628.71,3.1
628.72,3.013
628.74,2.842
628.76,2.677
628.77,2.597
628.79,2.443
628.81,2.296
628.82,2.225
628.84,2.088
628.86,1.959
628.87,1.896
628.89,1.778
628.91,1.666
628.92,1.613
628.94,1.512
628.95,1.464
628.97,1.374
628.99,1.29
629.0,1.251
629.02,1.177
629.04,1.109
629.05,1.078
629.07,1.02
629.09,0.9677
629.1,0.9438
629.12,0.9002
629.14,0.8622
629.15,0.8452
629.17,0.8152
629.19,0.7903
629.2,0.7797
629.22,0.7623
629.24,0.7495
629.25,0.745
629.27,0.7392
629.28,0.738
629.3,0.7389
629.32,0.7442
629.33,0.7485
629.35,0.7602
629.37,0.7761
629.38,0.7857
629.4,0.8078
629.42,0.8341
629.43,0.8488
629.45,0.8812
629.47,0.9178
629.48,0.9376
629.5,0.9803
629.52,1.027
629.53,1.052
629.55,1.105
629.57,1.162
629.58,1.193
629.6,1.256
629.62,1.324
629.63,1.359
629.65,1.433
629.66,1.472
629.68,1.552
629.7,1.636
629.71,1.68
629.73,1.77
629.75,1.865
629.76,1.914
629.78,2.014
629.8,2.118
629.81,2.171
629.83,2.28
629.85,2.393
629.86,2.45
629.88,2.568
629.9,2.688
629.91,2.749
629.93,2.872
629.95,2.998
629.96,3.062
629.98,3.19
630.0,3.32
630.01,3.385
630.03,3.516
630.04,3.581
630.06,3.712
630.08,3.843
630.09,3.908
630.11,4.037
630.13,4.165
630.14,4.228
630.16,4.353
630.18,4.474
630.19,4.534
630.21,4.651
630.23,4.764
630.24,4.819
630.26,4.925
630.28,5.026
630.29,5.075
630.31,5.167
630.33,5.254
630.34,5.294
630.36,5.371
630.38,5.44
630.39,5.472
630.41,5.53
630.42,5.556
630.44,5.603
630.46,5.641
630.47,5.657
630.49,5.682
630.51,5.699
630.52,5.704
630.54,5.707
630.56,5.702
630.57,5.696
630.59,5.678
630.61,5.651
630.62,5.635
630.64,5.595
630.66,5.547
630.67,5.52
630.69,5.461
630.71,5.393
630.72,5.357
630.74,5.279
630.75,5.237
630.77,5.149
630.79,5.055
630.8,5.005
630.82,4.903
630.84,4.795
630.85,4.739
630.87,4.625
630.89,4.506
630.9,4.446
630.92,4.322
630.94,4.197
630.95,4.133
630.97,4.004
630.99,3.874
631.0,3.808
631.02,3.677
631.04,3.545
631.05,3.479
631.07,3.348
631.09,3.218
631.1,3.153
631.12,3.025
631.13,2.962
631.15,2.836
631.17,2.713
631.18,2.653
631.2,2.534
631.22,2.418
631.23,2.361
631.25,2.25
631.27,2.143
631.28,2.091
631.3,1.989
631.32,1.891
631.33,1.844
631.35,1.752
631.37,1.664
631.38,1.622
631.4,1.54
631.42,1.462
631.43,1.425
631.45,1.354
631.47,1.286
631.48,1.254
631.5,1.192
631.51,1.162
631.53,1.106
631.55,1.054
631.56,1.029
631.58,0.9812
631.6,0.937
631.61,0.916
631.63,0.8763
631.65,0.8395
631.66,0.8222
631.68,0.7894
631.7,0.759
631.71,0.7447
631.73,0.7177
631.75,0.6929
631.76,0.6812
631.78,0.6591
631.8,0.6387
631.81,0.6291
631.83,0.6111
631.85,0.5943
631.86,0.5865
631.88,0.5715
631.89,0.5645
631.91,0.5511
631.93,0.5387
631.94,0.5327
631.96,0.5215
631.98,0.5109
631.99,0.5058
632.01,0.4961
632.03,0.4868
632.04,0.4824
632.06,0.4738
632.08,0.4656
632.09,0.4616
632.11,0.4539
632.13,0.4464
632.14,0.4428
632.16,0.4357
632.18,0.4288
632.19,0.4254
632.21,0.4188
632.22,0.4155
632.24,0.4092
632.26,0.403
632.27,0.4
632.29,0.394
632.31,0.3882
632.32,0.3854
632.34,0.3798
632.36,0.3745
632.37,0.3718
632.39,0.3667
632.41,0.3618
632.42,0.3594
632.44,0.3548
632.46,0.3504
632.47,0.3482
632.49,0.3441
632.51,0.3403
632.52,0.3385
632.54,0.335
632.56,0.3318
632.57,0.3304
632.59,0.3276
632.6,0.3264
632.62,0.3242
632.64,0.3223
632.65,0.3215
632.67,0.3202
632.69,0.3194
632.7,0.3191
632.72,0.319
632.74,0.3194
632.75,0.3198
632.77,0.321
632.79,0.3229
632.8,0.3241
632.82,0.3271
632.84,0.331
632.85,0.3332
632.87,0.3384
632.89,0.3446
632.9,0.3482
632.92,0.3562
632.94,0.3655
632.95,0.3707
632.97,0.3824
632.98,0.3889
633.0,0.4032
633.02,0.4196
633.03,0.4287
633.05,0.4486
633.07,0.4713
633.08,0.4838
633.1,0.5111
633.12,0.5421
633.13,0.559
633.15,0.5961
633.17,0.638
633.18,0.6609
633.2,0.711
633.22,0.7674
633.23,0.7982
633.25,0.8654
633.27,0.9409
633.28,0.982
633.3,1.072
633.32,1.172
633.33,1.227
633.35,1.346
633.36,1.411
633.38,1.552
633.4,1.71
633.41,1.795
633.43,1.981
633.45,2.188
633.46,2.3
633.48,2.543
633.5,2.812
633.51,2.958
633.53,3.273
633.55,3.621
633.56,3.809
633.58,4.214
633.6,4.66
633.61,4.9
633.63,5.416
633.65,5.982
633.66,6.286
633.68,6.936
633.69,7.283
633.71,8.026
633.73,8.837
633.74,9.269
633.76,10.19
633.78,11.19
633.79,11.72
633.81,12.85
633.83,14.06
633.84,14.71
633.86,16.07
633.88,17.53
633.89,18.31
633.91,19.93
633.93,21.67
633.94,22.59
633.96,24.5
633.98,26.54
633.99,27.61
634.01,29.83
634.03,32.19
634.04,33.41
634.06,35.97
634.07,37.29
634.09,40.04
634.11,42.92
634.12,44.41
634.14,47.49
634.16,50.7
634.17,52.35
634.19,55.74
634.21,59.25
634.22,61.05
634.24,64.73
634.26,68.51
634.27,70.44
634.29,74.36
634.31,78.37
634.32,80.4
634.34,84.5
634.36,88.67
634.37,90.77
634.39,94.99
634.41,99.23
634.42,101.4
634.44,105.6
634.45,107.7
634.47,111.9
634.49,116.1
634.5,118.2
634.52,122.3
634.54,126.3
634.55,128.2
634.57,132.1
634.59,135.8
634.6,137.6
634.62,141.1
634.64,144.4
634.65,146.0
634.67,149.0
634.69,151.8
634.7,153.2
634.72,155.7
634.74,157.9
634.75,158.9
634.77,160.8
634.79,162.4
634.8,163.1
634.82,164.2
634.83,164.7
634.85,165.5
634.87,165.9
634.88,166.0
634.9,166.0
634.92,165.7
634.93,165.5
634.95,164.7
634.97,163.7
634.98,163.1
635.0,161.6
635.02,159.9
635.03,158.9
635.05,156.8
635.07,154.4
635.08,153.1
635.1,150.4
635.12,147.5
635.13,145.9
635.15,142.7
635.16,141.0
635.18,137.5
635.2,133.9
635.21,132.0
635.23,128.1
635.25,124.2
635.26,122.2
635.28,118.1
635.3,113.9
635.31,111.8
635.33,107.6
635.35,103.3
635.36,101.2
635.38,96.95
635.4,92.71
635.41,90.6
635.43,86.41
635.45,82.26
635.46,80.21
635.48,76.16
635.5,72.19
635.51,70.24
635.53,66.41
635.54,64.53
635.56,60.85
635.58,57.28
635.59,55.54
635.61,52.16
635.63,48.9
635.64,47.32
635.66,44.25
635.68,41.33
635.69,39.91
635.71,37.19
635.73,34.61
635.74,33.37
635.76,30.99
635.78,28.75
635.79,27.69
635.81,25.65
635.83,23.75
635.84,22.85
635.86,21.15
635.88,19.58
635.89,18.84
635.91,17.45
635.92,16.8
635.94,15.59
635.96,14.5
635.97,14.0
635.99,13.08
636.01,12.27
636.02,11.9
636.04,11.24
636.06,10.69
636.07,10.45
636.09,10.05
636.11,9.741
636.12,9.623
636.14,9.455
636.16,9.379
636.17,9.375
636.19,9.433
636.21,9.579
636.22,9.685
636.24,9.962
636.26,10.32
636.27,10.54
636.29,11.03
636.3,11.3
636.32,11.92
636.34,12.62
636.35,13.01
636.37,13.83
636.39,14.74
636.4,15.23
636.42,16.27
636.44,17.39
636.45,17.98
636.47,19.22
636.49,20.54
636.5,21.24
636.52,22.68
636.54,24.2
636.55,24.99
636.57,26.63
636.59,28.34
636.6,29.22
636.62,31.03
636.63,31.96
636.65,33.88
636.67,35.85
636.68,36.85
636.7,38.91
636.72,41.01
636.73,42.07
636.75,44.23
636.77,46.43
636.78,47.54
636.8,49.77
636.82,52.02
636.83,53.14
636.85,55.4
636.87,57.65
636.88,58.77
636.9,61.0
636.92,63.2
636.93,64.29
636.95,66.43
636.97,68.53
636.98,69.56
637.0,71.56
637.01,72.54
637.03,74.43
637.05,76.23
637.06,77.1
637.08,78.76
637.1,80.32
637.11,81.05
637.13,82.43
637.15,83.69
637.16,84.27
637.18,85.32
637.2,86.23
637.21,86.64
637.23,87.33
637.25,87.88
637.26,88.09
637.28,88.41
637.3,88.56
637.31,88.58
637.33,88.5
637.35,88.27
637.36,88.09
637.38,87.62
637.39,87.33
637.41,86.63
637.43,85.79
637.44,85.32
637.46,84.26
637.48,83.07
637.49,82.43
637.51,81.05
637.53,79.56
637.54,78.77
637.56,77.11
637.58,75.36
637.59,74.45
637.61,72.56
637.63,70.6
637.64,69.6
637.66,67.54
637.68,65.44
637.69,64.37
637.71,62.2
637.73,60.0
637.74,58.89
637.76,56.67
637.77,55.56
637.79,53.33
637.81,51.11
637.82,50.0
637.84,47.8
637.86,45.63
637.87,44.56
637.89,42.44
637.91,40.37
637.92,39.35
637.94,37.36
637.96,35.42
637.97,34.47
637.99,32.63
638.01,30.86
638.02,30.0
638.04,28.33
638.06,26.75
638.07,25.98
638.09,24.52
638.1,23.82
638.12,22.47
638.14,21.22
638.15,20.62
638.17,19.49
638.19,18.44
638.2,17.95
638.22,17.03
638.24,16.2
638.25,15.82
638.27,15.11
638.29,14.48
638.3,14.2
638.32,13.69
638.34,13.26
638.35,13.07
638.37,12.76
638.39,12.51
638.4,12.42
638.42,12.28
638.44,12.2
638.45,12.19
638.47,12.21
638.48,12.24
638.5,12.35
638.52,12.52
638.53,12.62
638.55,12.87
638.57,13.16
638.58,13.32
638.6,13.68
638.62,14.07
638.63,14.29
638.65,14.74
638.67,15.22
638.68,15.47
638.7,16.0
638.72,16.54
638.73,16.82
638.75,17.4
638.77,17.99
638.78,18.29
638.8,18.9
638.82,19.51
638.83,19.82
638.85,20.43
638.86,20.74
638.88,21.35
638.9,21.95
638.91,22.25
638.93,22.83
638.95,23.4
638.96,23.68
638.98,24.22
639.0,24.74
639.01,24.99
639.03,25.47
639.05,25.91
639.06,26.13
639.08,26.53
639.1,26.89
639.11,27.06
639.13,27.38
639.15,27.65
639.16,27.77
639.18,27.98
639.19,28.07
639.21,28.22
639.23,28.33
639.24,28.37
639.26,28.41
639.28,28.42
639.29,28.4
639.31,28.34
639.33,28.24
639.34,28.17
639.36,28.01
639.38,27.81
639.39,27.69
639.41,27.44
639.43,27.15
639.44,26.99
639.46,26.65
639.48,26.28
639.49,26.08
639.51,25.67
639.53,25.23
639.54,25.0
639.56,24.53
639.57,24.28
639.59,23.78
639.61,23.26
639.62,23.0
639.64,22.46
639.66,21.91
639.67,21.63
639.69,21.07
639.71,20.51
639.72,20.22
639.74,19.65
639.76,19.08
639.77,18.79
639.79,18.22
639.81,17.65
639.82,17.37
639.84,16.81
639.86,16.26
639.87,15.99
639.89,15.45
639.91,14.92
639.92,14.65
639.94,14.14
639.95,13.89
639.97,13.39
639.99,12.9
640.0,12.67
640.02,12.2
640.04,11.75
640.05,11.53
640.07,11.09
640.09,10.68
640.1,10.47
640.12,10.07
640.14,9.688
640.15,9.501
640.17,9.137
640.19,8.786
640.2,8.615
640.22,8.284
640.24,7.966
640.25,7.812
640.27,7.512
640.29,7.225
640.3,7.086
640.32,6.817
640.33,6.687
640.35,6.435
640.37,6.194
640.38,6.078
640.4,5.853
640.42,5.64
640.43,5.536
640.45,5.338
640.47,5.149
640.48,5.059
640.5,4.884
640.52,4.72
640.53,4.64
640.55,4.489
640.57,4.346
640.58,4.278
640.6,4.148
640.62,4.026
640.63,3.967
640.65,3.857
640.66,3.804
640.68,3.705
640.7,3.612
640.71,3.569
640.73,3.486
640.75,3.41
640.76,3.374
640.78,3.307
640.8,3.246
640.81,3.217
640.83,3.163
640.85,3.114
640.86,3.091
640.88,3.048
640.9,3.01
640.91,2.992
640.93,2.959
640.95,2.928
640.96,2.914
640.98,2.888
641.0,2.864
641.01,2.853
641.03,2.832
641.04,2.822
641.06,2.802
641.08,2.784
641.09,2.775
641.11,2.758
641.13,2.741
641.14,2.733
641.16,2.715
641.18,2.698
641.19,2.689
641.21,2.671
641.23,2.651
641.24,2.641
641.26,2.621
641.28,2.599
641.29,2.587
641.31,2.563
641.33,2.538
641.34,2.525
641.36,2.497
641.38,2.468
641.39,2.453
641.41,2.421
641.42,2.405
641.44,2.371
641.46,2.336
641.47,2.318
641.49,2.281
641.51,2.243
641.52,2.223
641.54,2.183
641.56,2.143
641.57,2.122
641.59,2.08
641.61,2.038
641.62,2.016
641.64,1.973
641.66,1.93
641.67,1.908
641.69,1.865
641.71,1.822
641.72,1.801
641.74,1.758
641.76,1.716
641.77,1.696
641.79,1.655
641.8,1.635
641.82,1.596
641.84,1.558
641.85,1.54
641.87,1.504
641.89,1.471
641.9,1.454
641.92,1.423
641.94,1.394
641.95,1.38
641.97,1.354
641.99,1.33
642.0,1.319
642.02,1.299
642.04,1.282
642.05,1.275
642.07,1.262
642.09,1.252
642.1,1.249
642.12,1.244
642.13,1.243
642.15,1.243
642.17,1.248
642.18,1.251
642.2,1.262
642.22,1.276
642.23,1.285
642.25,1.306
642.27,1.332
642.28,1.347
642.3,1.38
642.32,1.419
642.33,1.44
642.35,1.487
642.37,1.539
642.38,1.567
642.4,1.629
642.42,1.696
642.43,1.732
642.45,1.809
642.47,1.893
642.48,1.937
642.5,2.031
642.51,2.081
642.53,2.185
642.55,2.297
642.56,2.355
642.58,2.478
642.6,2.608
642.61,2.675
642.63,2.816
642.65,2.964
642.66,3.041
642.68,3.201
642.7,3.367
642.71,3.453
642.73,3.63
642.75,3.814
642.76,3.909
642.78,4.102
642.8,4.302
642.81,4.405
642.83,4.614
642.85,4.828
642.86,4.938
642.88,5.16
642.89,5.273
642.91,5.502
642.93,5.734
642.94,5.852
642.96,6.09
642.98,6.33
642.99,6.452
643.01,6.695
643.03,6.941
643.04,7.063
643.06,7.31
643.08,7.556
643.09,7.679
643.11,7.925
643.13,8.169
643.14,8.291
643.16,8.533
643.18,8.772
643.19,8.89
643.21,9.125
643.23,9.355
643.24,9.469
643.26,9.694
643.27,9.804
643.29,10.02
643.31,10.23
643.32,10.34
643.34,10.54
643.36,10.74
643.37,10.83
643.39,11.02
643.41,11.2
643.42,11.29
643.44,11.45
643.46,11.62
643.47,11.69
643.49,11.84
643.51,11.98
643.52,12.05
643.54,12.18
643.56,12.3
643.57,12.36
643.59,12.46
643.6,12.51
643.62,12.61
643.64,12.69
643.65,12.73
643.67,12.8
643.69,12.86
643.7,12.89
643.72,12.93
643.74,12.97
643.75,12.98
643.77,13.0
643.79,13.01
643.8,13.01
643.82,13.01
643.84,12.99
643.85,12.98
643.87,12.94
643.89,12.9
643.9,12.88
643.92,12.82
643.94,12.74
643.95,12.7
643.97,12.62
643.98,12.57
644.0,12.46
644.02,12.35
644.03,12.29
644.05,12.16
644.07,12.02
644.08,11.94
644.1,11.78
644.12,11.62
644.13,11.53
644.15,11.35
644.17,11.16
644.18,11.06
644.2,10.86
644.22,10.65
644.23,10.54
644.25,10.32
644.27,10.09
644.28,9.973
644.3,9.737
644.32,9.495
644.33,9.373
644.35,9.126
644.36,9.001
644.38,8.749
644.4,8.495
644.41,8.367
644.43,8.111
644.45,7.855
644.46,7.727
644.48,7.471
644.5,7.217
644.51,7.091
644.53,6.841
644.55,6.593
644.56,6.471
644.58,6.23
644.6,5.993
644.61,5.876
644.63,5.647
644.65,5.424
644.66,5.315
644.68,5.101
644.7,4.895
644.71,4.794
644.73,4.599
644.74,4.504
644.76,4.32
644.78,4.144
644.79,4.059
644.81,3.895
644.83,3.74
644.84,3.666
644.86,3.523
644.88,3.389
644.89,3.325
644.91,3.204
644.93,3.091
644.94,3.037
644.96,2.937
644.98,2.844
644.99,2.801
645.01,2.72
645.03,2.648
645.04,2.614
645.06,2.553
645.07,2.525
645.09,2.474
645.11,2.431
645.12,2.411
645.14,2.378
645.16,2.352
645.17,2.341
645.19,2.324
645.21,2.313
645.22,2.309
645.24,2.308
645.26,2.311
645.27,2.315
645.29,2.328
645.31,2.346
645.32,2.357
645.34,2.383
645.36,2.414
645.37,2.431
645.39,2.47
645.41,2.514
645.42,2.538
645.44,2.59
645.45,2.617
645.47,2.676
645.49,2.74
645.5,2.774
645.52,2.845
645.54,2.921
645.55,2.961
645.57,3.044
645.59,3.132
645.6,3.177
645.62,3.272
645.64,3.371
645.65,3.422
645.67,3.528
645.69,3.637
645.7,3.694
645.72,3.809
645.74,3.929
645.75,3.99
645.77,4.114
645.79,4.242
645.8,4.306
645.82,4.438
645.83,4.505
645.85,4.64
645.87,4.777
645.88,4.847
645.9,4.986
645.92,5.126
645.93,5.196
645.95,5.336
645.97,5.476
645.98,5.546
646.0,5.685
646.02,5.822
646.03,5.89
646.05,6.023
646.07,6.154
646.08,6.218
646.1,6.343
646.12,6.464
646.13,6.522
646.15,6.635
646.17,6.742
646.18,6.794
646.2,6.891
646.21,6.938
646.23,7.024
646.25,7.104
646.26,7.14
646.28,7.207
646.3,7.265
646.31,7.291
646.33,7.335
646.35,7.37
646.36,7.384
646.38,7.404
646.4,7.415
646.41,7.416
646.43,7.412
646.45,7.397
646.46,7.386
646.48,7.356
646.5,7.317
646.51,7.293
646.53,7.239
646.54,7.209
646.56,7.141
646.58,7.064
646.59,7.022
646.61,6.933
646.63,6.835
646.64,6.784
646.66,6.675
646.68,6.559
646.69,6.499
646.71,6.374
646.73,6.244
646.74,6.177
646.76,6.039
646.78,5.897
646.79,5.825
646.81,5.678
646.83,5.528
646.84,5.453
646.86,5.3
646.88,5.146
646.89,5.069
646.91,4.914
646.92,4.836
646.94,4.681
646.96,4.527
646.97,4.45
646.99,4.297
647.01,4.146
647.02,4.072
647.04,3.924
647.06,3.779
647.07,3.707
647.09,3.566
647.11,3.428
647.12,3.36
647.14,3.227
647.16,3.097
647.17,3.034
647.19,2.91
647.21,2.79
647.22,2.731
647.24,2.617
647.26,2.506
647.27,2.452
647.29,2.348
647.3,2.297
647.32,2.198
647.34,2.102
647.35,2.056
647.37,1.966
647.39,1.88
647.4,1.838
647.42,1.757
647.44,1.679
647.45,1.641
647.47,1.568
647.49,1.498
647.5,1.464
647.52,1.398
647.54,1.335
647.55,1.304
647.57,1.245
647.59,1.188
647.6,1.161
647.62,1.107
647.64,1.056
647.65,1.031
647.67,0.9835
647.68,0.9603
647.7,0.9154
647.72,0.8723
647.73,0.8515
647.75,0.8113
647.77,0.7728
647.78,0.7542
647.8,0.7183
647.82,0.684
647.83,0.6675
647.85,0.6357
647.87,0.6055
647.88,0.591
647.9,0.5632
647.92,0.537
647.93,0.5245
647.95,0.5006
647.97,0.4782
647.98,0.4677
648.0,0.4477
648.01,0.4383
648.03,0.4208
648.05,0.4049
648.06,0.3975
648.08,0.384
648.1,0.3723
648.11,0.367
648.13,0.3579
648.15,0.3505
648.16,0.3475
648.18,0.3428
648.2,0.3401
648.21,0.3395
648.23,0.3397
648.25,0.342
648.26,0.344
648.28,0.3495
648.3,0.3573
648.31,0.362
648.33,0.3733
648.35,0.3871
648.36,0.3949
648.38,0.4126
648.39,0.4224
648.41,0.4442
648.43,0.4688
648.44,0.4822
648.46,0.5113
648.48,0.5436
648.49,0.561
648.51,0.5983
648.53,0.639
648.54,0.6607
648.56,0.7068
648.58,0.7567
648.59,0.7831
648.61,0.8389
648.63,0.8987
648.64,0.9301
648.66,0.9961
648.68,1.066
648.69,1.103
648.71,1.18
648.73,1.262
648.74,1.304
648.76,1.392
648.77,1.438
648.79,1.533
648.81,1.633
648.82,1.684
648.84,1.791
648.86,1.901
648.87,1.959
648.89,2.076
648.91,2.198
648.92,2.261
648.94,2.389
648.96,2.521
648.97,2.588
648.99,2.726
649.01,2.867
649.02,2.939
649.04,3.084
649.06,3.233
649.07,3.308
649.09,3.46
649.11,3.613
649.12,3.691
649.14,3.847
649.15,3.925
649.17,4.082
649.19,4.239
649.2,4.318
649.22,4.475
649.24,4.63
649.25,4.708
649.27,4.862
649.29,5.013
649.3,5.088
649.32,5.235
649.34,5.379
649.35,5.45
649.37,5.588
649.39,5.722
649.4,5.786
649.42,5.912
649.44,6.033
649.45,6.09
649.47,6.201
649.48,6.254
649.5,6.355
649.52,6.448
649.53,6.492
649.55,6.574
649.57,6.648
649.58,6.682
649.6,6.743
649.62,6.796
649.63,6.819
649.65,6.859
649.67,6.89
649.68,6.902
649.7,6.919
649.72,6.927
649.73,6.928
649.75,6.923
649.77,6.909
649.78,6.898
649.8,6.871
649.82,6.835
649.83,6.814
649.85,6.765
649.86,6.737
649.88,6.677
649.9,6.608
649.91,6.571
649.93,6.491
649.95,6.405
649.96,6.359
649.98,6.263
650.0,6.16
650.01,6.107
650.03,5.996
650.05,5.879
650.06,5.819
650.08,5.696
650.1,5.569
650.11,5.504
650.13,5.371
650.15,5.236
650.16,5.167
650.18,5.027
650.2,4.885
650.21,4.814
650.23,4.67
650.24,4.597
650.26,4.452
650.28,4.306
650.29,4.233
650.31,4.087
650.33,3.942
650.34,3.87
650.36,3.725
650.38,3.583
650.39,3.512
650.41,3.372
650.43,3.233
650.44,3.165
650.46,3.03
650.48,2.899
650.49,2.834
650.51,2.706
650.53,2.582
650.54,2.521
650.56,2.402
650.57,2.344
650.59,2.231
650.61,2.121
650.62,2.068
650.64,1.965
650.66,1.866
650.67,1.818
650.69,1.726
650.71,1.638
650.72,1.596
650.74,1.515
650.76,1.438
650.77,1.402
650.79,1.333
650.81,1.268
650.82,1.238
650.84,1.181
650.86,1.128
650.87,1.104
650.89,1.059
650.91,1.018
650.92,1.0
650.94,0.9672
650.95,0.9525
650.97,0.9268
650.99,0.9059
651.0,0.8972
651.02,0.8835
651.04,0.8745
651.05,0.8718
651.07,0.8699
651.09,0.8726
651.1,0.8757
651.12,0.8853
651.14,0.8995
651.15,0.9083
651.17,0.9291
651.19,0.9542
651.2,0.9684
651.22,1.0
651.24,1.036
651.25,1.055
651.27,1.097
651.29,1.142
651.3,1.166
651.32,1.218
651.33,1.244
651.35,1.301
651.37,1.36
651.38,1.391
651.4,1.455
651.42,1.522
651.43,1.556
651.45,1.627
651.47,1.7
651.48,1.737
651.5,1.813
651.52,1.89
651.53,1.929
651.55,2.008
651.57,2.088
651.58,2.128
651.6,2.208
651.62,2.288
651.63,2.328
651.65,2.408
651.67,2.487
651.68,2.526
651.7,2.603
651.71,2.641
651.73,2.715
651.75,2.787
651.76,2.822
651.78,2.891
651.8,2.956
651.81,2.987
651.83,3.047
651.85,3.103
651.86,3.129
651.88,3.179
651.9,3.224
651.91,3.245
651.93,3.283
651.95,3.316
651.96,3.331
651.98,3.356
652.0,3.375
652.01,3.383
652.03,3.395
652.04,3.398
652.06,3.401
652.08,3.398
652.09,3.395
652.11,3.383
652.13,3.366
652.14,3.356
652.16,3.33
652.18,3.3
652.19,3.282
652.21,3.244
652.23,3.201
652.24,3.177
652.26,3.127
652.28,3.072
652.29,3.044
652.31,2.983
652.33,2.919
652.34,2.885
652.36,2.816
652.38,2.744
652.39,2.707
652.41,2.631
652.42,2.592
652.44,2.513
652.46,2.433
652.47,2.392
652.49,2.31
652.51,2.227
652.52,2.185
652.54,2.102
652.56,2.018
652.57,1.977
652.59,1.894
652.61,1.811
652.62,1.771
652.64,1.69
652.66,1.611
652.67,1.572
652.69,1.495
652.71,1.42
652.72,1.383
652.74,1.312
652.76,1.242
652.77,1.208
652.79,1.143
652.8,1.111
652.82,1.049
652.84,0.9895
652.85,0.9609
652.87,0.9059
652.89,0.8538
652.9,0.8288
652.92,0.7809
652.94,0.736
652.95,0.7146
652.97,0.674
652.99,0.6362
653.0,0.6184
653.02,0.5849
653.04,0.5541
653.05,0.5398
653.07,0.513
653.09,0.4889
653.1,0.4778
653.12,0.4575
653.14,0.4397
653.15,0.4316
653.17,0.4173
653.18,0.411
653.2,0.4
653.22,0.3911
653.23,0.3874
653.25,0.3816
653.27,0.3776
653.28,0.3763
653.3,0.3751
653.32,0.3755
653.33,0.3763
653.35,0.3792
653.37,0.3835
653.38,0.3862
653.4,0.3926
653.42,0.4003
653.43,0.4046
653.45,0.4141
653.47,0.4247
653.48,0.4304
653.5,0.4426
653.51,0.449
653.53,0.4625
653.55,0.4769
653.56,0.4843
653.58,0.4998
653.6,0.5159
653.61,0.5242
653.63,0.5412
653.65,0.5588
653.66,0.5677
653.68,0.5859
653.7,0.6045
653.71,0.6139
653.73,0.6329
653.75,0.6521
653.76,0.6618
653.78,0.6813
653.8,0.7009
653.81,0.7107
653.83,0.7303
653.85,0.7499
653.86,0.7597
653.88,0.7791
653.89,0.7888
653.91,0.808
653.93,0.827
653.94,0.8364
653.96,0.8549
653.98,0.8731
653.99,0.8821
654.01,0.8997
654.03,0.9169
654.04,0.9254
654.06,0.9419
654.08,0.9578
654.09,0.9656
654.11,0.9807
654.13,0.9953
654.14,1.002
654.16,1.016
654.18,1.029
654.19,1.035
654.21,1.047
654.23,1.058
654.24,1.064
654.26,1.074
654.27,1.079
654.29,1.088
654.31,1.096
654.32,1.1
654.34,1.108
654.36,1.115
654.37,1.118
654.39,1.124
654.41,1.129
654.42,1.131
654.44,1.135
654.46,1.139
654.47,1.141
654.49,1.144
654.51,1.146
654.52,1.148
654.54,1.15
654.56,1.151
654.57,1.152
654.59,1.154
654.61,1.155
654.62,1.155
654.64,1.157
654.65,1.157
654.67,1.159
654.69,1.16
654.7,1.161
654.72,1.163
654.74,1.165
654.75,1.166
654.77,1.169
654.79,1.172
654.8,1.174
654.82,1.178
654.84,1.183
654.85,1.186
654.87,1.192
654.89,1.199
654.9,1.203
654.92,1.212
654.94,1.222
654.95,1.227
654.97,1.239
654.98,1.245
655.0,1.258
655.02,1.272
655.03,1.28
655.05,1.296
655.07,1.314
655.08,1.323
655.1,1.343
655.12,1.364
655.13,1.375
655.15,1.397
655.17,1.421
655.18,1.434
655.2,1.459
655.22,1.486
655.23,1.5
655.25,1.528
655.27,1.558
655.28,1.572
655.3,1.603
655.32,1.634
655.33,1.65
655.35,1.682
655.36,1.698
655.38,1.731
655.4,1.763
655.41,1.78
655.43,1.813
655.45,1.846
655.46,1.862
655.48,1.895
655.5,1.927
655.51,1.943
655.53,1.974
655.55,2.004
655.56,2.019
655.58,2.048
655.6,2.077
655.61,2.09
655.63,2.116
655.65,2.141
655.66,2.153
655.68,2.176
655.7,2.197
655.71,2.207
655.73,2.226
655.74,2.234
655.76,2.25
655.78,2.264
655.79,2.27
655.81,2.281
655.83,2.29
655.84,2.294
655.86,2.3
655.88,2.304
655.89,2.305
655.91,2.306
655.93,2.305
655.94,2.303
655.96,2.299
655.98,2.292
655.99,2.289
656.01,2.279
656.03,2.268
656.04,2.262
656.06,2.248
656.08,2.233
656.09,2.224
656.11,2.207
656.12,2.197
656.14,2.177
656.16,2.156
656.17,2.144
656.19,2.121
656.21,2.097
656.22,2.084
656.24,2.058
656.26,2.031
656.27,2.018
656.29,1.99
656.31,1.961
656.32,1.947
656.34,1.918
656.36,1.888
656.37,1.873
656.39,1.843
656.41,1.813
656.42,1.798
656.44,1.768
656.45,1.753
656.47,1.723
656.49,1.693
656.5,1.679
656.52,1.649
656.54,1.62
656.55,1.606
656.57,1.577
656.59,1.549
656.6,1.536
656.62,1.508
656.64,1.482
656.65,1.469
656.67,1.443
656.69,1.417
656.7,1.405
656.72,1.381
656.74,1.357
656.75,1.345
656.77,1.323
656.79,1.3
656.8,1.289
656.82,1.268
656.83,1.258
656.85,1.237
656.87,1.217
656.88,1.207
656.9,1.188
656.92,1.169
656.93,1.16
656.95,1.142
656.97,1.124
656.98,1.115
657.0,1.098
657.02,1.081
657.03,1.073
657.05,1.056
657.07,1.04
657.08,1.032
657.1,1.017
657.12,1.001
657.13,0.9933
657.15,0.978
657.17,0.963
657.18,0.9555
657.2,0.9407
657.21,0.9333
657.23,0.9187
657.25,0.9043
657.26,0.8971
657.28,0.8828
657.3,0.8687
657.31,0.8617
657.33,0.8478
657.35,0.834
657.36,0.8272
657.38,0.8136
657.4,0.8002
657.41,0.7935
657.43,0.7804
657.45,0.7674
657.46,0.7609
657.48,0.7482
657.5,0.7356
657.51,0.7294
657.53,0.7171
657.55,0.705
657.56,0.699
657.58,0.6872
657.59,0.6814
657.61,0.6699
657.63,0.6586
657.64,0.653
657.66,0.642
657.68,0.6313
657.69,0.6259
657.71,0.6154
657.73,0.6051
657.74,0.6
657.76,0.59
657.78,0.5801
657.79,0.5752
657.81,0.5656
657.83,0.5561
657.84,0.5514
657.86,0.542
657.88,0.5329
657.89,0.5283
657.91,0.5193
657.92,0.5148
657.94,0.5059
657.96,0.497
657.97,0.4926
657.99,0.4839
658.01,0.4752
658.02,0.4709
658.04,0.4623
658.06,0.4538
658.07,0.4495
658.09,0.441
658.11,0.4326
658.12,0.4284
658.14,0.4201
658.16,0.4118
658.17,0.4077
658.19,0.3996
658.21,0.3915
658.22,0.3876
658.24,0.3797
658.26,0.372
658.27,0.3682
658.29,0.3607
658.3,0.357
658.32,0.3499
658.34,0.3429
658.35,0.3396
658.37,0.333
658.39,0.3268
658.4,0.3238
658.42,0.3181
658.44,0.3127
658.45,0.3102
658.47,0.3054
658.49,0.3011
658.5,0.2991
658.52,0.2955
658.54,0.2925
658.55,0.2911
658.57,0.2889
658.59,0.2872
658.6,0.2865
658.62,0.2858
658.64,0.2856
658.65,0.2857
658.67,0.2865
658.68,0.2872
658.7,0.2889
658.72,0.2914
658.73,0.2929
658.75,0.2963
658.77,0.3004
658.78,0.3027
658.8,0.3078
658.82,0.3136
658.83,0.3167
658.85,0.3234
658.87,0.3307
658.88,0.3345
658.9,0.3427
658.92,0.3514
658.93,0.356
658.95,0.3655
658.97,0.3754
658.98,0.3806
659.0,0.3911
659.01,0.3966
659.03,0.4077
659.05,0.4191
659.06,0.4249
659.08,0.4366
659.1,0.4485
659.11,0.4545
659.13,0.4666
659.15,0.4788
659.16,0.4848
659.18,0.497
659.2,0.509
659.21,0.5149
659.23,0.5267
659.25,0.5383
659.26,0.544
659.28,0.5551
659.3,0.5659
659.31,0.5712
659.33,0.5814
659.35,0.5912
659.36,0.5959
659.38,0.605
659.39,0.6093
659.41,0.6175
659.43,0.6251
659.44,0.6287
659.46,0.6355
659.48,0.6416
659.49,0.6444
659.51,0.6495
659.53,0.654
659.54,0.656
659.56,0.6596
659.58,0.6625
659.59,0.6637
659.61,0.6657
659.63,0.6671
659.64,0.6676
659.66,0.6683
659.68,0.6685
659.69,0.6684
659.71,0.6679
659.73,0.6672
659.74,0.6667
659.76,0.6655
659.77,0.6649
659.79,0.6636
659.81,0.6624
659.82,0.6618
659.84,0.6608
659.86,0.6601
659.87,0.6599
659.89,0.6599
659.91,0.6606
659.92,0.6613
659.94,0.6634
659.96,0.6666
659.97,0.6687
659.99,0.674
660.01,0.681
660.02,0.6852
660.04,0.6952
660.06,0.7075
660.07,0.7146
660.09,0.731
660.11,0.7504
660.12,0.7614
660.14,0.7861
660.15,0.8
660.17,0.8308
660.19,0.8662
660.2,0.8857
660.22,0.9287
660.24,0.9774
660.25,1.004
660.27,1.062
660.29,1.127
660.3,1.162
660.32,1.238
660.34,1.322
660.35,1.368
660.37,1.465
660.39,1.572
660.4,1.63
660.42,1.752
660.44,1.886
660.45,1.957
660.47,2.108
660.48,2.188
660.5,2.358
660.52,2.541
660.53,2.638
660.55,2.842
660.57,3.06
660.58,3.175
660.6,3.417
660.62,3.674
660.63,3.808
660.65,4.089
660.67,4.387
660.68,4.542
660.7,4.865
660.72,5.204
660.73,5.38
660.75,5.745
660.77,6.127
660.78,6.325
660.8,6.732
660.82,7.155
660.83,7.373
660.85,7.82
660.86,8.049
660.88,8.518
660.9,9.002
660.91,9.249
660.93,9.752
660.95,10.27
660.96,10.53
660.98,11.06
661.0,11.6
661.01,11.87
661.03,12.42
661.05,12.98
661.06,13.26
661.08,13.82
661.1,14.38
661.11,14.66
661.13,15.22
661.15,15.77
661.16,16.05
661.18,16.59
661.2,17.13
661.21,17.4
661.23,17.92
661.24,18.17
661.26,18.68
661.28,19.16
661.29,19.39
661.31,19.85
661.33,20.28
661.34,20.49
661.36,20.89
661.38,21.26
661.39,21.44
661.41,21.77
661.43,22.07
661.44,22.21
661.46,22.46
661.48,22.68
661.49,22.78
661.51,22.95
661.53,23.08
661.54,23.14
661.56,23.22
661.58,23.27
661.59,23.28
661.61,23.27
661.62,23.25
661.64,23.19
661.66,23.09
661.67,23.03
661.69,22.88
661.71,22.69
661.72,22.59
661.74,22.35
661.76,22.09
661.77,21.94
661.79,21.63
661.81,21.3
661.82,21.12
661.84,20.74
661.86,20.34
661.87,20.13
661.89,19.7
661.91,19.24
661.92,19.01
661.94,18.53
661.95,18.29
661.97,17.79
661.99,17.28
662.0,17.02
662.02,16.49
662.04,15.96
662.05,15.69
662.07,15.15
662.09,14.6
662.1,14.33
662.12,13.79
662.14,13.24
662.15,12.97
662.17,12.44
662.19,11.9
662.2,11.64
662.22,11.12
662.24,10.61
662.25,10.35
662.27,9.856
662.29,9.368
662.3,9.129
662.32,8.66
662.33,8.43
662.35,7.98
662.37,7.544
662.38,7.332
662.4,6.917
662.42,6.518
662.43,6.323
662.45,5.946
662.47,5.585
662.48,5.41
662.5,5.071
662.52,4.747
662.53,4.591
662.55,4.29
662.57,4.004
662.58,3.867
662.6,3.603
662.62,3.353
662.63,3.233
662.65,3.004
662.67,2.788
662.68,2.685
662.7,2.488
662.71,2.394
662.73,2.216
662.75,2.049
662.76,1.97
662.78,1.819
662.8,1.679
662.81,1.613
662.83,1.487
662.85,1.371
662.86,1.316
662.88,1.213
662.9,1.117
662.91,1.073
662.93,0.9884
662.95,0.9111
662.96,0.8749
662.98,0.8072
663.0,0.7453
663.01,0.7164
663.03,0.6626
663.05,0.6136
663.06,0.5909
663.08,0.5487
663.09,0.5291
663.11,0.4928
663.13,0.4601
663.14,0.4451
663.16,0.4172
663.18,0.3923
663.19,0.3808
663.21,0.3597
663.23,0.3409
663.24,0.3323
663.26,0.3165
663.28,0.3025
663.29,0.2961
663.31,0.2845
663.33,0.2741
663.34,0.2694
663.36,0.2608
663.38,0.2531
663.39,0.2496
663.41,0.2432
663.42,0.2402
663.44,0.2348
663.46,0.2299
663.47,0.2276
663.49,0.2233
663.51,0.2194
663.52,0.2175
663.54,0.2139
663.56,0.2105
663.57,0.2089
663.59,0.2057
663.61,0.2025
663.62,0.2009
663.64,0.1978
663.66,0.1946
663.67,0.193
663.69,0.1898
663.71,0.1865
663.72,0.1849
663.74,0.1815
663.76,0.178
663.77,0.1763
663.79,0.1726
663.8,0.1708
663.82,0.1671
663.84,0.1633
663.85,0.1613
663.87,0.1574
663.89,0.1534
663.9,0.1514
663.92,0.1474
663.94,0.1433
663.95,0.1413
663.97,0.1372
663.99,0.1331
664.0,0.1311
664.02,0.127
664.04,0.1231
664.05,0.1211
664.07,0.1172
664.09,0.1134
664.1,0.1115
664.12,0.1078
664.14,0.1043
664.15,0.1026
664.17,0.09923
664.18,0.09762
664.2,0.09451
664.22,0.09158
664.23,0.09017
664.25,0.08751
664.27,0.08504
664.28,0.08388
664.3,0.08171
664.32,0.07975
664.33,0.07885
664.35,0.07721
664.37,0.0758
664.38,0.07517
664.4,0.07409
664.42,0.07324
664.43,0.07289
664.45,0.07237
664.47,0.07207
664.48,0.072
664.5,0.07202
664.52,0.07226
664.53,0.07245
664.55,0.073
664.56,0.07334
664.58,0.07418
664.6,0.07521
664.61,0.07579
664.63,0.07708
664.65,0.07854
664.66,0.07933
664.68,0.08101
664.7,0.08284
664.71,0.08381
664.73,0.08583
664.75,0.08797
664.76,0.08908
664.78,0.09137
664.8,0.09374
664.81,0.09496
664.83,0.09745
664.85,0.1
664.86,0.1013
664.88,0.1039
664.89,0.1053
664.91,0.1079
664.93,0.1106
664.94,0.112
664.96,0.1147
664.98,0.1174
664.99,0.1188
665.01,0.1215
665.03,0.1242
665.04,0.1256
665.06,0.1282
665.08,0.1309
665.09,0.1322
665.11,0.1349
665.13,0.1375
665.14,0.1388
665.16,0.1414
665.18,0.144
665.19,0.1453
665.21,0.1478
665.23,0.1504
665.24,0.1517
665.26,0.1543
665.27,0.1556
665.29,0.1582
665.31,0.1608
665.32,0.1622
665.34,0.1649
665.36,0.1677
665.37,0.1692
665.39,0.1721
665.41,0.1752
665.42,0.1768
665.44,0.1801
665.46,0.1835
665.47,0.1853
665.49,0.1891
665.51,0.193
665.52,0.1951
665.54,0.1995
665.56,0.2041
665.57,0.2066
665.59,0.2118
665.61,0.2173
665.62,0.2202
665.64,0.2265
665.65,0.2298
665.67,0.2367
665.69,0.2443
665.7,0.2483
665.72,0.2568
665.74,0.266
665.75,0.2709
665.77,0.2813
665.79,0.2926
665.8,0.2986
665.82,0.3115
665.84,0.3255
665.85,0.333
665.87,0.349
665.89,0.3664
665.9,0.3757
665.92,0.3955
665.94,0.4173
665.95,0.4289
665.97,0.4537
665.99,0.4809
666.0,0.4954
666.02,0.5265
666.03,0.5431
666.05,0.5787
666.07,0.6176
666.08,0.6384
666.1,0.683
666.12,0.7316
666.13,0.7576
666.15,0.8132
666.17,0.8739
666.18,0.9063
666.2,0.9754
666.22,1.051
666.23,1.091
666.25,1.176
666.27,1.269
666.28,1.318
666.3,1.423
666.32,1.537
666.33,1.597
666.35,1.725
666.36,1.793
666.38,1.936
666.4,2.091
666.41,2.172
666.43,2.344
666.45,2.529
666.46,2.626
666.48,2.83
666.5,3.049
666.51,3.163
666.53,3.403
666.55,3.659
666.56,3.792
666.58,4.071
666.6,4.366
666.61,4.52
666.63,4.84
666.65,5.177
666.66,5.352
666.68,5.714
666.7,6.094
666.71,6.291
666.73,6.696
666.74,6.905
666.76,7.336
666.78,7.783
666.79,8.013
666.81,8.484
666.83,8.97
666.84,9.219
666.86,9.727
666.88,10.25
666.89,10.51
666.91,11.05
666.93,11.6
666.94,11.88
666.96,12.44
666.98,13.01
666.99,13.3
667.01,13.88
667.03,14.46
667.04,14.75
667.06,15.33
667.08,15.91
667.09,16.2
667.11,16.77
667.12,17.05
667.14,17.62
667.16,18.17
667.17,18.44
667.19,18.97
667.21,19.49
667.22,19.75
667.24,20.24
667.26,20.71
667.27,20.93
667.29,21.37
667.31,21.78
667.32,21.98
667.34,22.35
667.36,22.68
667.37,22.84
667.39,23.13
667.41,23.39
667.42,23.51
667.44,23.71
667.46,23.88
667.47,23.95
667.49,24.06
667.5,24.11
667.52,24.16
667.54,24.18
667.55,24.17
667.57,24.13
667.59,24.05
667.6,24.0
667.62,23.86
667.64,23.69
667.65,23.59
667.67,23.36
667.69,23.1
667.7,22.95
667.72,22.64
667.74,22.3
667.75,22.11
667.77,21.73
667.79,21.31
667.8,21.1
667.82,20.64
667.83,20.41
667.85,19.93
667.87,19.42
667.88,19.16
667.9,18.63
667.92,18.09
667.93,17.81
667.95,17.26
667.97,16.69
667.98,16.4
668.0,15.82
668.02,15.24
668.03,14.95
668.05,14.37
668.07,13.79
668.08,13.5
668.1,12.92
668.12,12.35
668.13,12.07
668.15,11.51
668.17,10.96
668.18,10.69
668.2,10.16
668.21,9.895
668.23,9.381
668.25,8.882
668.26,8.638
668.28,8.162
668.3,7.701
668.31,7.477
668.33,7.042
668.35,6.625
668.36,6.422
668.38,6.032
668.4,5.659
668.41,5.48
668.43,5.135
668.45,4.808
668.46,4.652
668.48,4.353
668.5,4.072
668.51,3.939
668.53,3.685
668.55,3.449
668.56,3.338
668.58,3.128
668.59,3.03
668.61,2.845
668.63,2.677
668.64,2.599
668.66,2.455
668.68,2.326
668.69,2.268
668.71,2.161
668.73,2.069
668.74,2.028
668.76,1.957
668.78,1.899
668.79,1.875
668.81,1.836
668.83,1.81
668.84,1.801
668.86,1.792
668.88,1.795
668.89,1.8
668.91,1.819
668.92,1.832
668.94,1.866
668.96,1.91
668.97,1.935
668.99,1.993
669.01,2.059
669.02,2.096
669.04,2.175
669.06,2.262
669.07,2.308
669.09,2.407
669.11,2.512
669.12,2.567
669.14,2.682
669.16,2.803
669.17,2.866
669.19,2.996
669.21,3.13
669.22,3.199
669.24,3.34
669.26,3.486
669.27,3.56
669.29,3.71
669.3,3.786
669.32,3.941
669.34,4.097
669.35,4.176
669.37,4.335
669.39,4.495
669.4,4.575
669.42,4.736
669.44,4.896
669.45,4.976
669.47,5.135
669.49,5.292
669.5,5.37
669.52,5.524
669.54,5.676
669.55,5.751
669.57,5.898
669.59,6.042
669.6,6.112
669.62,6.25
669.64,6.383
669.65,6.448
669.67,6.574
669.68,6.635
669.7,6.753
669.72,6.866
669.73,6.921
669.75,7.025
669.77,7.124
669.78,7.172
669.8,7.263
669.82,7.348
669.83,7.388
669.85,7.465
669.87,7.536
669.88,7.57
669.9,7.634
669.92,7.693
669.93,7.72
669.95,7.773
669.97,7.821
669.98,7.844
670.0,7.886
670.02,7.926
670.03,7.945
670.05,7.981
670.06,7.998
670.08,8.031
670.1,8.062
670.11,8.078
670.13,8.108
670.15,8.138
670.16,8.153
670.18,8.184
670.2,8.215
670.21,8.231
670.23,8.264
670.25,8.298
670.26,8.316
670.28,8.354
670.3,8.393
670.31,8.414
670.33,8.458
670.35,8.504
670.36,8.528
670.38,8.578
670.39,8.604
670.41,8.658
670.43,8.715
670.44,8.744
670.46,8.805
670.48,8.867
670.49,8.899
670.51,8.964
670.53,9.03
670.54,9.064
670.56,9.131
670.58,9.199
670.59,9.232
670.61,9.299
670.63,9.365
670.64,9.397
670.66,9.46
670.68,9.521
670.69,9.55
670.71,9.606
670.73,9.657
670.74,9.681
670.76,9.726
670.77,9.746
670.79,9.782
670.81,9.811
670.82,9.824
670.84,9.843
670.86,9.855
670.87,9.858
670.89,9.858
670.91,9.849
670.92,9.842
670.94,9.82
670.96,9.79
670.97,9.771
670.99,9.727
671.01,9.674
671.02,9.644
671.04,9.578
671.06,9.502
671.07,9.461
671.09,9.373
671.11,9.276
671.12,9.225
671.14,9.116
671.15,9.059
671.17,8.94
671.19,8.815
671.2,8.75
671.22,8.616
671.24,8.477
671.25,8.406
671.27,8.26
671.29,8.112
671.3,8.036
671.32,7.884
671.34,7.73
671.35,7.653
671.37,7.499
671.39,7.344
671.4,7.267
671.42,7.115
671.44,6.965
671.45,6.891
671.47,6.745
671.49,6.602
671.5,6.533
671.52,6.397
671.53,6.331
671.55,6.203
671.57,6.081
671.58,6.022
671.6,5.91
671.62,5.804
671.63,5.753
671.65,5.657
671.67,5.569
671.68,5.527
671.7,5.45
671.72,5.379
671.73,5.347
671.75,5.288
671.77,5.236
671.78,5.212
671.8,5.17
671.82,5.135
671.83,5.12
671.85,5.094
671.86,5.084
671.88,5.067
671.9,5.055
671.91,5.051
671.93,5.046
671.95,5.045
671.96,5.046
671.98,5.05
672.0,5.057
672.01,5.062
672.03,5.072
672.05,5.083
672.06,5.089
672.08,5.101
672.1,5.114
672.11,5.12
672.13,5.131
672.15,5.141
672.16,5.145
672.18,5.152
672.2,5.156
672.21,5.157
672.23,5.157
672.24,5.155
672.26,5.149
672.28,5.139
672.29,5.132
672.31,5.115
672.33,5.094
672.34,5.081
672.36,5.051
672.38,5.017
672.39,4.998
672.41,4.955
672.43,4.907
672.44,4.88
672.46,4.824
672.48,4.762
672.49,4.73
672.51,4.66
672.53,4.585
672.54,4.546
672.56,4.464
672.58,4.378
672.59,4.333
672.61,4.24
672.62,4.192
672.64,4.094
672.66,3.992
672.67,3.94
672.69,3.833
672.71,3.724
672.72,3.668
672.74,3.556
672.76,3.442
672.77,3.385
672.79,3.269
672.81,3.152
672.82,3.094
672.84,2.976
672.86,2.859
672.87,2.801
672.89,2.685
672.91,2.569
672.92,2.512
672.94,2.398
672.96,2.286
672.97,2.231
672.99,2.122
673.0,2.068
673.02,1.963
673.04,1.86
673.05,1.809
673.07,1.71
673.09,1.614
673.1,1.567
673.12,1.476
673.14,1.387
673.15,1.345
673.17,1.261
673.19,1.181
673.2,1.143
673.22,1.068
673.24,0.9962
673.25,0.9618
673.27,0.8954
673.29,0.8324
673.3,0.8022
673.32,0.7441
673.33,0.7163
673.35,0.663
673.37,0.6129
673.38,0.589
673.4,0.5434
673.42,0.5007
673.43,0.4805
673.45,0.4419
673.47,0.4061
673.48,0.3891
673.5,0.3571
673.52,0.3274
673.53,0.3134
673.55,0.2871
673.57,0.2629
673.58,0.2515
673.6,0.2303
673.62,0.2109
673.63,0.2019
673.65,0.185
673.67,0.1698
673.68,0.1627
673.7,0.1497
673.71,0.1437
673.73,0.1326
673.75,0.1228
673.76,0.1183
673.78,0.1101
673.8,0.103
673.81,0.09973
673.83,0.09396
673.85,0.08902
673.86,0.08684
673.88,0.08304
673.9,0.07992
673.91,0.0786
673.93,0.0764
673.95,0.07475
673.96,0.07412
673.98,0.07321
674.0,0.07274
674.01,0.07265
674.03,0.07277
674.05,0.07322
674.06,0.07357
674.08,0.07448
674.09,0.07504
674.11,0.07633
674.13,0.07785
674.14,0.07869
674.16,0.08049
674.18,0.08246
674.19,0.0835
674.21,0.08568
674.23,0.08796
674.24,0.08914
674.26,0.09157
674.28,0.09406
674.29,0.09533
674.31,0.0979
674.33,0.1005
674.34,0.1018
674.36,0.1045
674.38,0.1071
674.39,0.1084
674.41,0.1111
674.43,0.1137
674.44,0.115
674.46,0.1175
674.47,0.1188
674.49,0.1213
674.51,0.1238
674.52,0.125
674.54,0.1274
674.56,0.1297
674.57,0.1308
674.59,0.133
674.61,0.1351
674.62,0.1362
674.64,0.1382
674.66,0.1401
674.67,0.141
674.69,0.1428
674.71,0.1446
674.72,0.1454
674.74,0.147
674.76,0.1484
674.77,0.1491
674.79,0.1505
674.8,0.1511
674.82,0.1523
674.84,0.1534
674.85,0.1539
674.87,0.1548
674.89,0.1557
674.9,0.1561
674.92,0.1568
674.94,0.1574
674.95,0.1576
674.97,0.158
674.99,0.1584
675.0,0.1585
675.02,0.1587
675.04,0.1587
675.05,0.1587
675.07,0.1586
675.09,0.1584
675.1,0.1583
675.12,0.1579
675.14,0.1574
675.15,0.1572
675.17,0.1565
675.18,0.1562
675.2,0.1554
675.22,0.1544
675.23,0.1539
675.25,0.1529
675.27,0.1517
675.28,0.151
675.3,0.1497
675.32,0.1482
675.33,0.1474
675.35,0.1458
675.37,0.144
675.38,0.1431
675.4,0.1412
675.42,0.1392
675.43,0.1382
675.45,0.136
675.47,0.1338
675.48,0.1326
675.5,0.1303
675.52,0.1278
675.53,0.1266
675.55,0.124
675.56,0.1227
675.58,0.12
675.6,0.1172
675.61,0.1158
675.63,0.113
675.65,0.1101
675.66,0.1086
675.68,0.1057
675.7,0.1027
675.71,0.1012
675.73,0.09817
675.75,0.09512
675.76,0.09359
675.78,0.09053
675.8,0.08747
675.81,0.08594
675.83,0.08288
675.85,0.07984
675.86,0.07833
675.88,0.07533
675.9,0.07235
675.91,0.07088
675.93,0.06796
675.94,0.06652
675.96,0.06367
675.98,0.06087
675.99,0.0595
676.01,0.05679
676.03,0.05414
676.04,0.05285
676.06,0.0503
676.08,0.04783
676.09,0.04663
676.11,0.04427
676.13,0.042
676.14,0.04089
676.16,0.03874
676.18,0.03668
676.19,0.03568
676.21,0.03374
676.23,0.0319
676.24,0.031
676.26,0.02929
676.27,0.02846
676.29,0.02688
676.31,0.02538
676.32,0.02466
676.34,0.02329
676.36,0.02201
676.37,0.0214
676.39,0.02024
676.41,0.01916
676.42,0.01865
676.44,0.01769
676.46,0.01681
676.47,0.01639
676.49,0.01562
676.51,0.01492
676.52,0.01459
676.54,0.01399
676.56,0.01345
676.57,0.01321
676.59,0.01276
676.61,0.01237
676.62,0.0122
676.64,0.01189
676.65,0.01175
676.67,0.01152
676.69,0.01133
676.7,0.01125
676.72,0.01113
676.74,0.01105
676.75,0.01102
676.77,0.01099
676.79,0.01099
676.8,0.011
676.82,0.01105
676.84,0.01113
676.85,0.01117
676.87,0.01128
676.89,0.01141
676.9,0.01148
676.92,0.01164
676.94,0.01181
676.95,0.0119
676.97,0.01209
676.99,0.01229
677.0,0.01239
677.02,0.0126
677.03,0.01271
677.05,0.01293
677.07,0.01315
677.08,0.01326
677.1,0.01349
677.12,0.01372
677.13,0.01383
677.15,0.01405
677.17,0.01427
677.18,0.01438
677.2,0.0146
677.22,0.01481
677.23,0.01492
677.25,0.01512
677.27,0.01532
677.28,0.01542
677.3,0.01561
677.32,0.01579
677.33,0.01588
677.35,0.01606
677.37,0.01623
677.38,0.01631
677.4,0.01647
677.41,0.01655
677.43,0.0167
677.45,0.01684
677.46,0.01691
677.48,0.01705
677.5,0.01718
677.51,0.01725
677.53,0.01738
677.55,0.0175
677.56,0.01756
677.58,0.01768
677.6,0.0178
677.61,0.01786
677.63,0.01798
677.65,0.0181
677.66,0.01816
677.68,0.01828
677.7,0.0184
677.71,0.01846
677.73,0.01858
677.74,0.01865
677.76,0.01877
677.78,0.01891
677.79,0.01897
677.81,0.01911
677.83,0.01926
677.84,0.01933
677.86,0.01949
677.88,0.01964
677.89,0.01973
677.91,0.0199
677.93,0.02007
677.94,0.02016
677.96,0.02035
677.98,0.02054
677.99,0.02064
678.01,0.02085
678.03,0.02106
678.04,0.02118
678.06,0.0214
678.08,0.02164
678.09,0.02176
678.11,0.02201
678.12,0.02213
678.14,0.0224
678.16,0.02267
678.17,0.0228
678.19,0.02309
678.21,0.02338
678.22,0.02353
678.24,0.02383
678.26,0.02414
678.27,0.0243
678.29,0.02462
678.31,0.02495
678.32,0.02512
678.34,0.02546
678.36,0.02581
678.37,0.02599
678.39,0.02634
678.41,0.02671
678.42,0.02689
678.44,0.02726
678.46,0.02764
678.47,0.02783
678.49,0.02821
678.5,0.0284
678.52,0.02879
678.54,0.02918
678.55,0.02937
678.57,0.02976
678.59,0.03015
678.6,0.03035
678.62,0.03074
678.64,0.03112
678.65,0.03131
678.67,0.0317
678.69,0.03207
678.7,0.03226
678.72,0.03263
678.74,0.03299
678.75,0.03316
678.77,0.03351
678.79,0.03385
678.8,0.03401
678.82,0.03433
678.84,0.03464
678.85,0.03478
678.87,0.03507
678.88,0.0352
678.9,0.03546
678.92,0.0357
678.93,0.03581
678.95,0.03602
678.97,0.03621
678.98,0.0363
679.0,0.03645
679.02,0.03658
679.03,0.03664
679.05,0.03674
679.07,0.03681
679.08,0.03683
679.1,0.03687
679.12,0.03687
679.13,0.03686
679.15,0.03683
679.17,0.03677
679.18,0.03673
679.2,0.03663
679.21,0.03657
679.23,0.03643
679.25,0.03626
679.26,0.03617
679.28,0.03596
679.3,0.03574
679.31,0.03562
679.33,0.03536
679.35,0.03508
679.36,0.03493
679.38,0.03462
679.4,0.0343
679.41,0.03413
679.43,0.03379
679.45,0.03343
679.46,0.03325
679.48,0.03289
679.5,0.03252
679.51,0.03234
679.53,0.03197
679.55,0.03161
679.56,0.03143
679.58,0.03109
679.59,0.03092
679.61,0.0306
679.63,0.0303
679.64,0.03016
679.66,0.0299
679.68,0.02968
679.69,0.02959
679.71,0.02943
679.73,0.02933
679.74,0.0293
679.76,0.02928
679.78,0.02933
679.79,0.02939
679.81,0.02956
679.83,0.02982
679.84,0.02999
679.86,0.0304
679.88,0.03093
679.89,0.03124
679.91,0.03197
679.93,0.03283
679.94,0.03332
679.96,0.03443
679.97,0.03504
679.99,0.03642
680.01,0.038
680.02,0.03886
680.04,0.04077
680.06,0.04292
680.07,0.0441
680.09,0.04665
680.11,0.04949
680.12,0.05103
680.14,0.05435
680.16,0.05803
680.17,0.06
680.19,0.06425
680.21,0.0689
680.22,0.07139
680.24,0.07672
680.26,0.08253
680.27,0.08562
680.29,0.09221
680.3,0.09572
680.32,0.1032
680.34,0.1112
680.35,0.1155
680.37,0.1245
680.39,0.1342
680.4,0.1393
680.42,0.1501
680.44,0.1617
680.45,0.1678
680.47,0.1807
680.49,0.1943
680.5,0.2015
680.52,0.2165
680.54,0.2325
680.55,0.2409
680.57,0.2583
680.59,0.2768
680.6,0.2864
680.62,0.3064
680.64,0.3275
680.65,0.3385
680.67,0.3612
680.68,0.373
680.7,0.3974
680.72,0.4229
680.73,0.436
680.75,0.4633
680.77,0.4916
680.78,0.5062
680.8,0.5361
680.82,0.5672
680.83,0.5832
680.85,0.6158
680.87,0.6495
680.88,0.6667
680.9,0.7019
680.92,0.738
680.93,0.7564
680.95,0.7937
680.97,0.8319
680.98,0.8512
681.0,0.8904
681.02,0.9302
681.03,0.9503
681.05,0.9909
681.06,1.011
681.08,1.052
681.1,1.094
681.11,1.115
681.13,1.156
681.15,1.198
681.16,1.218
681.18,1.26
681.2,1.301
681.21,1.321
681.23,1.362
681.25,1.402
681.26,1.421
681.28,1.46
681.3,1.498
681.31,1.517
681.33,1.553
681.35,1.589
681.36,1.606
681.38,1.64
681.4,1.672
681.41,1.688
681.43,1.718
681.44,1.732
681.46,1.76
681.48,1.786
681.49,1.799
681.51,1.822
681.53,1.844
681.54,1.854
681.56,1.874
681.58,1.891
681.59,1.899
681.61,1.913
681.63,1.926
681.64,1.932
681.66,1.942
681.68,1.95
681.69,1.953
681.71,1.959
681.73,1.963
681.74,1.964
681.76,1.965
681.77,1.966
681.79,1.965
681.81,1.963
681.82,1.961
681.84,1.957
681.86,1.952
681.87,1.949
681.89,1.942
681.91,1.935
681.92,1.931
681.94,1.922
681.96,1.913
681.97,1.909
681.99,1.899
682.01,1.889
682.02,1.884
682.04,1.874
682.06,1.865
682.07,1.86
682.09,1.851
682.11,1.842
682.12,1.838
682.14,1.83
682.15,1.826
682.17,1.819
682.19,1.814
682.2,1.811
682.22,1.808
682.24,1.805
682.25,1.804
682.27,1.804
682.29,1.805
682.3,1.806
682.32,1.81
682.34,1.816
682.35,1.819
682.37,1.828
682.39,1.838
682.4,1.844
682.42,1.858
682.44,1.874
682.45,1.883
682.47,1.902
682.49,1.924
682.5,1.936
682.52,1.961
682.53,1.975
682.55,2.004
682.57,2.035
682.58,2.052
682.6,2.087
682.62,2.125
682.63,2.145
682.65,2.186
682.67,2.23
682.68,2.253
682.7,2.3
682.72,2.349
682.73,2.375
682.75,2.427
682.77,2.482
682.78,2.51
682.8,2.567
682.82,2.626
682.83,2.656
682.85,2.717
682.87,2.78
682.88,2.812
682.9,2.876
682.91,2.908
682.93,2.974
682.95,3.04
682.96,3.073
682.98,3.14
683.0,3.206
683.01,3.24
683.03,3.306
683.05,3.372
683.06,3.404
683.08,3.469
683.1,3.532
683.11,3.563
683.13,3.624
683.15,3.684
683.16,3.713
683.18,3.769
683.2,3.823
683.21,3.849
683.23,3.9
683.24,3.924
683.26,3.97
683.28,4.013
683.29,4.033
683.31,4.071
683.33,4.105
683.34,4.121
683.36,4.15
683.38,4.175
683.39,4.186
683.41,4.205
683.43,4.221
683.44,4.227
683.46,4.236
683.48,4.241
683.49,4.242
683.51,4.241
683.53,4.236
683.54,4.232
683.56,4.221
683.58,4.206
683.59,4.197
683.61,4.177
683.62,4.165
683.64,4.139
683.66,4.111
683.67,4.095
683.69,4.061
683.71,4.025
683.72,4.006
683.74,3.965
683.76,3.922
683.77,3.9
683.79,3.854
683.81,3.807
683.82,3.782
683.84,3.732
683.86,3.681
683.87,3.655
683.89,3.602
683.91,3.549
683.92,3.522
683.94,3.469
683.96,3.415
683.97,3.388
683.99,3.334
684.0,3.307
684.02,3.254
684.04,3.202
684.05,3.176
684.07,3.125
684.09,3.075
684.1,3.05
684.12,3.002
684.14,2.954
684.15,2.931
684.17,2.887
684.19,2.843
684.2,2.822
684.22,2.781
684.24,2.741
684.25,2.722
684.27,2.685
684.29,2.649
684.3,2.632
684.32,2.599
684.34,2.567
684.35,2.552
684.37,2.522
684.38,2.508
684.4,2.481
684.42,2.454
684.43,2.441
684.45,2.417
684.47,2.393
684.48,2.382
684.5,2.359
684.52,2.338
684.53,2.327
684.55,2.306
684.57,2.286
684.58,2.276
684.6,2.256
684.62,2.236
684.63,2.226
684.65,2.207
684.67,2.187
684.68,2.177
684.7,2.157
684.71,2.146
684.73,2.126
684.75,2.105
684.76,2.094
684.78,2.072
684.8,2.049
684.81,2.038
684.83,2.014
684.85,1.99
684.86,1.978
684.88,1.953
684.9,1.927
684.91,1.913
684.93,1.886
684.95,1.859
684.96,1.844
684.98,1.816
685.0,1.786
685.01,1.772
685.03,1.741
685.05,1.711
685.06,1.695
685.08,1.664
685.09,1.648
685.11,1.616
685.13,1.584
685.14,1.568
685.16,1.536
685.18,1.504
685.19,1.487
685.21,1.455
685.23,1.423
685.24,1.407
685.26,1.376
685.28,1.344
685.29,1.329
685.31,1.298
685.33,1.268
685.34,1.253
685.36,1.223
685.38,1.195
685.39,1.181
685.41,1.153
685.43,1.126
685.44,1.113
685.46,1.087
685.47,1.075
685.49,1.05
685.51,1.027
685.52,1.015
685.54,0.9932
685.56,0.9719
685.57,0.9616
685.59,0.9417
685.61,0.9227
685.62,0.9135
685.64,0.8958
685.66,0.8789
685.67,0.8708
685.69,0.8551
685.71,0.8403
685.72,0.8332
685.74,0.8194
685.76,0.8064
685.77,0.8002
685.79,0.7882
685.81,0.7768
685.82,0.7713
685.84,0.7607
685.85,0.7556
685.87,0.7458
685.89,0.7364
685.9,0.7319
685.92,0.7231
685.94,0.7147
685.95,0.7106
685.97,0.7027
685.99,0.695
686.0,0.6912
686.02,0.6838
686.04,0.6766
686.05,0.673
686.07,0.666
686.09,0.6591
686.1,0.6557
686.12,0.6489
686.14,0.6421
686.15,0.6387
686.17,0.632
686.18,0.6286
686.2,0.6219
686.22,0.6151
686.23,0.6118
686.25,0.605
686.27,0.5981
686.28,0.5947
686.3,0.5878
686.32,0.5808
686.33,0.5773
686.35,0.5703
686.37,0.5633
686.38,0.5597
686.4,0.5526
686.42,0.5454
686.43,0.5418
686.45,0.5346
686.47,0.5274
686.48,0.5237
686.5,0.5165
686.52,0.5092
686.53,0.5056
686.55,0.4983
686.56,0.4947
686.58,0.4874
686.6,0.4802
686.61,0.4766
686.63,0.4695
686.65,0.4623
686.66,0.4588
686.68,0.4518
686.7,0.4448
686.71,0.4413
686.73,0.4344
686.75,0.4276
686.76,0.4242
686.78,0.4174
686.8,0.4108
686.81,0.4075
686.83,0.4009
686.85,0.3945
686.86,0.3913
686.88,0.3849
686.9,0.3786
686.91,0.3755
686.93,0.3693
686.94,0.3663
686.96,0.3602
686.98,0.3542
686.99,0.3512
687.01,0.3453
687.03,0.3394
687.04,0.3365
687.06,0.3307
687.08,0.325
687.09,0.3221
687.11,0.3164
687.13,0.3107
687.14,0.3079
687.16,0.3023
687.18,0.2967
687.19,0.2939
687.21,0.2883
687.23,0.2828
687.24,0.28
687.26,0.2745
687.28,0.2689
687.29,0.2662
687.31,0.2607
687.32,0.2579
687.34,0.2524
687.36,0.247
687.37,0.2442
687.39,0.2388
687.41,0.2334
687.42,0.2307
687.44,0.2253
687.46,0.2199
687.47,0.2172
687.49,0.2119
687.51,0.2067
687.52,0.2041
687.54,0.1989
687.56,0.1938
687.57,0.1912
687.59,0.1862
687.61,0.1813
687.62,0.1788
687.64,0.174
687.65,0.1716
687.67,0.167
687.69,0.1624
687.7,0.1602
687.72,0.1558
687.74,0.1515
687.75,0.1495
687.77,0.1454
687.79,0.1415
687.8,0.1396
687.82,0.1359
687.84,0.1324
687.85,0.1307
687.87,0.1273
687.89,0.1242
687.9,0.1227
687.92,0.1198
687.94,0.117
687.95,0.1157
687.97,0.1132
687.99,0.1109
688.0,0.1098
688.02,0.1077
688.03,0.1067
688.05,0.1049
688.07,0.1031
688.08,0.1023
688.1,0.1008
688.12,0.09949
688.13,0.09886
688.15,0.09769
688.17,0.09664
688.18,0.09616
688.2,0.09528
688.22,0.09449
688.23,0.09414
688.25,0.09349
688.27,0.09292
688.28,0.09266
688.3,0.09219
688.32,0.09178
688.33,0.09159
688.35,0.09124
688.37,0.09093
688.38,0.09079
688.4,0.09051
688.41,0.09038
688.43,0.09012
688.45,0.08987
688.46,0.08974
688.48,0.08947
688.5,0.08919
688.51,0.08905
688.53,0.08874
688.55,0.0884
688.56,0.08822
688.58,0.08783
688.6,0.08741
688.61,0.08719
688.63,0.08672
688.65,0.08621
688.66,0.08594
688.68,0.08537
688.7,0.08478
688.71,0.08447
688.73,0.08383
688.74,0.08351
688.76,0.08284
688.78,0.08217
688.79,0.08183
688.81,0.08116
688.83,0.08051
688.84,0.0802
688.86,0.07959
688.88,0.07905
688.89,0.0788
688.91,0.07836
688.93,0.07803
688.94,0.07791
688.96,0.07777
688.98,0.07779
688.99,0.07788
689.01,0.0782
689.03,0.07877
689.04,0.07915
689.06,0.08015
689.08,0.08148
689.09,0.08229
689.11,0.08421
689.12,0.08533
689.14,0.08795
689.16,0.09111
689.17,0.09291
689.19,0.09697
689.21,0.1017
689.22,0.1044
689.24,0.1103
689.26,0.1171
689.27,0.1209
689.29,0.1291
689.31,0.1385
689.32,0.1436
689.34,0.1548
689.36,0.1673
689.37,0.174
689.39,0.1887
689.41,0.205
689.42,0.2138
689.44,0.2328
689.46,0.2537
689.47,0.2648
689.49,0.2888
689.5,0.3017
689.52,0.3291
689.54,0.359
689.55,0.3749
689.57,0.4088
689.59,0.4455
689.6,0.465
689.62,0.5062
689.64,0.5506
689.65,0.5741
689.67,0.6237
689.69,0.6768
689.7,0.7047
689.72,0.7635
689.74,0.8262
689.75,0.8591
689.77,0.9279
689.79,1.001
689.8,1.039
689.82,1.119
689.84,1.203
689.85,1.247
689.87,1.338
689.88,1.385
689.9,1.483
689.92,1.586
689.93,1.639
689.95,1.748
689.97,1.863
689.98,1.922
690.0,2.043
690.02,2.169
690.03,2.234
690.05,2.366
690.07,2.503
690.08,2.573
690.1,2.716
690.12,2.863
690.13,2.937
690.15,3.089
690.17,3.244
690.18,3.323
690.2,3.482
690.21,3.562
690.23,3.725
690.25,3.889
690.26,3.971
690.28,4.137
690.3,4.304
690.31,4.388
690.33,4.555
690.35,4.721
690.36,4.804
690.38,4.969
690.4,5.132
690.41,5.213
690.43,5.373
690.45,5.529
690.46,5.606
690.48,5.757
690.5,5.904
690.51,5.976
690.53,6.115
690.55,6.249
690.56,6.313
690.58,6.438
690.59,6.497
690.61,6.611
690.63,6.718
690.64,6.769
690.66,6.863
690.68,6.95
690.69,6.99
690.71,7.063
690.73,7.128
690.74,7.157
690.76,7.207
690.78,7.248
690.79,7.265
690.81,7.291
690.83,7.308
690.84,7.313
690.86,7.315
690.88,7.307
690.89,7.3
690.91,7.278
690.93,7.246
690.94,7.227
690.96,7.182
690.97,7.156
690.99,7.097
691.01,7.03
691.02,6.993
691.04,6.914
691.06,6.827
691.07,6.781
691.09,6.684
691.11,6.58
691.12,6.525
691.14,6.412
691.16,6.294
691.17,6.233
691.19,6.107
691.21,5.977
691.22,5.91
691.24,5.775
691.26,5.636
691.27,5.566
691.29,5.424
691.31,5.28
691.32,5.208
691.34,5.062
691.35,4.989
691.37,4.843
691.39,4.696
691.4,4.623
691.42,4.478
691.44,4.333
691.45,4.262
691.47,4.12
691.49,3.979
691.5,3.91
691.52,3.774
691.54,3.64
691.55,3.574
691.57,3.444
691.59,3.318
691.6,3.256
691.62,3.136
691.64,3.018
691.65,2.961
691.67,2.85
691.68,2.796
691.7,2.69
691.72,2.589
691.73,2.54
691.75,2.445
691.77,2.354
691.78,2.31
691.8,2.226
691.82,2.145
691.83,2.106
691.85,2.032
691.87,1.961
691.88,1.928
691.9,1.863
691.92,1.802
691.93,1.772
691.95,1.717
691.97,1.664
691.98,1.639
692.0,1.592
692.02,1.547
692.03,1.526
692.05,1.486
692.06,1.467
692.08,1.431
692.1,1.397
692.11,1.381
692.13,1.35
692.15,1.322
692.16,1.309
692.18,1.283
692.2,1.259
692.21,1.248
692.23,1.227
692.25,1.207
692.26,1.197
692.28,1.179
692.3,1.162
692.31,1.153
692.33,1.138
692.35,1.123
692.36,1.116
692.38,1.102
692.4,1.089
692.41,1.082
692.43,1.07
692.44,1.064
692.46,1.052
692.48,1.041
692.49,1.036
692.51,1.025
692.53,1.015
692.54,1.01
692.56,0.9997
692.58,0.9901
692.59,0.9854
692.61,0.9763
692.63,0.9675
692.64,0.9633
692.66,0.9551
692.68,0.9473
692.69,0.9436
692.71,0.9365
692.73,0.9299
692.74,0.9268
692.76,0.9211
692.78,0.9161
692.79,0.9138
692.81,0.9099
692.82,0.9082
692.84,0.9056
692.86,0.9038
692.87,0.9033
692.89,0.9031
692.91,0.9039
692.92,0.9048
692.94,0.9075
692.96,0.9115
692.97,0.9139
692.99,0.92
693.01,0.9275
693.02,0.9318
693.04,0.9416
693.06,0.953
693.07,0.9594
693.09,0.9733
693.11,0.989
693.12,0.9975
693.14,1.016
693.15,1.026
693.17,1.047
693.19,1.07
693.2,1.082
693.22,1.108
693.24,1.136
693.25,1.15
693.27,1.18
693.29,1.213
693.3,1.229
693.32,1.264
693.34,1.301
693.35,1.32
693.37,1.359
693.39,1.399
693.4,1.42
693.42,1.462
693.44,1.506
693.45,1.528
693.47,1.574
693.49,1.62
693.5,1.643
693.52,1.69
693.53,1.714
693.55,1.762
693.57,1.811
693.58,1.835
693.6,1.883
693.62,1.931
693.63,1.955
693.65,2.003
693.67,2.049
693.68,2.072
693.7,2.118
693.72,2.162
693.73,2.183
693.75,2.225
693.77,2.266
693.78,2.285
693.8,2.323
693.82,2.358
693.83,2.374
693.85,2.406
693.87,2.435
693.88,2.449
693.9,2.474
693.91,2.485
693.93,2.505
693.95,2.523
693.96,2.53
693.98,2.542
694.0,2.551
694.01,2.555
694.03,2.558
694.05,2.559
694.06,2.558
694.08,2.553
694.1,2.544
694.11,2.539
694.13,2.525
694.15,2.508
694.16,2.498
694.18,2.476
694.2,2.45
694.21,2.436
694.23,2.406
694.25,2.373
694.26,2.355
694.28,2.318
694.29,2.298
694.31,2.257
694.33,2.213
694.34,2.19
694.36,2.143
694.38,2.094
694.39,2.069
694.41,2.017
694.43,1.964
694.44,1.937
694.46,1.882
694.48,1.826
694.49,1.798
694.51,1.74
694.53,1.683
694.54,1.654
694.56,1.595
694.58,1.537
694.59,1.508
694.61,1.45
694.62,1.421
694.64,1.364
694.66,1.307
694.67,1.278
694.69,1.223
694.71,1.168
694.72,1.141
694.74,1.088
694.76,1.036
694.77,1.01
694.79,0.96
694.81,0.9113
694.82,0.8876
694.84,0.8412
694.86,0.7964
694.87,0.7746
694.89,0.7322
694.91,0.6915
694.92,0.6717
694.94,0.6335
694.96,0.597
694.97,0.5794
694.99,0.5454
695.0,0.529
695.02,0.4975
695.04,0.4677
695.05,0.4534
695.07,0.4259
695.09,0.4001
695.1,0.3877
695.12,0.3641
695.14,0.3419
695.15,0.3314
695.17,0.3113
695.19,0.2926
695.2,0.2837
695.22,0.2668
695.24,0.2511
695.25,0.2437
695.27,0.2297
695.29,0.2168
695.3,0.2107
695.32,0.1992
695.34,0.1886
695.35,0.1836
695.37,0.1743
695.38,0.1699
695.4,0.1618
695.42,0.1543
695.43,0.1508
695.45,0.1443
695.47,0.1384
695.48,0.1356
695.5,0.1305
695.52,0.1258
695.53,0.1237
695.55,0.1197
695.57,0.1161
695.58,0.1145
695.6,0.1114
695.62,0.1087
695.63,0.1075
695.65,0.1052
695.67,0.1032
695.68,0.1023
695.7,0.1007
695.72,0.09924
695.73,0.09861
695.75,0.0975
695.76,0.09702
695.78,0.09619
695.8,0.09553
695.81,0.09527
695.83,0.09485
695.85,0.0946
695.86,0.09453
695.88,0.0945
695.9,0.09462
695.91,0.09474
695.93,0.09508
695.95,0.09558
695.96,0.09588
695.98,0.09661
696.0,0.09749
696.01,0.098
696.03,0.09914
696.05,0.1005
696.06,0.1012
696.08,0.1028
696.09,0.1037
696.11,0.1056
696.13,0.1078
696.14,0.109
696.16,0.1116
696.18,0.1144
696.19,0.116
696.21,0.1193
696.23,0.123
696.24,0.125
696.26,0.1292
696.28,0.134
696.29,0.1365
696.31,0.1419
696.33,0.1479
696.34,0.1511
696.36,0.158
696.38,0.1656
696.39,0.1696
696.41,0.1782
696.43,0.1877
696.44,0.1927
696.46,0.2035
696.47,0.2093
696.49,0.2216
696.51,0.2349
696.52,0.242
696.54,0.2571
696.56,0.2735
696.57,0.2822
696.59,0.3007
696.61,0.3207
696.62,0.3312
696.64,0.3536
696.66,0.3776
696.67,0.3903
696.69,0.4171
696.71,0.4458
696.72,0.4609
696.74,0.4927
696.76,0.5266
696.77,0.5443
696.79,0.5816
696.81,0.6211
696.82,0.6418
696.84,0.685
696.85,0.7075
696.87,0.7544
696.89,0.8039
696.9,0.8296
696.92,0.883
696.94,0.939
696.95,0.968
696.97,1.028
696.99,1.091
697.0,1.123
697.02,1.19
697.04,1.259
697.05,1.294
697.07,1.367
697.09,1.442
697.1,1.481
697.12,1.559
697.14,1.64
697.15,1.681
697.17,1.765
697.19,1.851
697.2,1.894
697.22,1.982
697.23,2.027
697.25,2.116
697.27,2.207
697.28,2.253
697.3,2.344
697.32,2.437
697.33,2.483
697.35,2.575
697.37,2.667
697.38,2.712
697.4,2.803
697.42,2.893
697.43,2.937
697.45,3.024
697.47,3.11
697.48,3.152
697.5,3.234
697.52,3.313
697.53,3.352
697.55,3.427
697.56,3.463
697.58,3.532
697.6,3.598
697.61,3.629
697.63,3.689
697.65,3.744
697.66,3.769
697.68,3.817
697.7,3.86
697.71,3.879
697.73,3.914
697.75,3.943
697.76,3.955
697.78,3.976
697.8,3.991
697.81,3.996
697.83,4.002
697.85,4.003
697.86,4.001
697.88,3.992
697.9,3.977
697.91,3.968
697.93,3.945
697.94,3.931
697.96,3.9
697.98,3.863
697.99,3.842
698.01,3.797
698.03,3.748
698.04,3.721
698.06,3.664
698.08,3.603
698.09,3.571
698.11,3.503
698.13,3.432
698.14,3.395
698.16,3.319
698.18,3.239
698.19,3.199
698.21,3.115
698.23,3.03
698.24,2.986
698.26,2.898
698.28,2.808
698.29,2.763
698.31,2.672
698.32,2.626
698.34,2.534
698.36,2.441
698.37,2.395
698.39,2.303
698.41,2.211
698.42,2.165
698.44,2.075
698.46,1.985
698.47,1.941
698.49,1.853
698.51,1.767
698.52,1.725
698.54,1.642
698.56,1.56
698.57,1.521
698.59,1.443
698.61,1.367
698.62,1.33
698.64,1.259
698.65,1.224
698.67,1.156
698.69,1.091
698.7,1.059
698.72,0.9985
698.74,0.9405
698.75,0.9127
698.77,0.8591
698.79,0.8085
698.8,0.7843
698.82,0.7381
698.84,0.6949
698.85,0.6744
698.87,0.6358
698.89,0.6001
698.9,0.5833
698.92,0.5522
698.94,0.524
698.95,0.511
698.97,0.4874
698.99,0.4668
699.0,0.4576
699.02,0.4416
699.03,0.4347
699.05,0.4234
699.07,0.4152
699.08,0.4122
699.1,0.4088
699.12,0.4087
699.13,0.4099
699.15,0.4149
699.17,0.4234
699.18,0.4289
699.2,0.4428
699.22,0.4605
699.23,0.4708
699.25,0.4943
699.27,0.522
699.28,0.5374
699.3,0.5716
699.32,0.6103
699.33,0.6314
699.35,0.6773
699.37,0.7281
699.38,0.7555
699.4,0.8143
699.41,0.8458
699.43,0.913
699.45,0.9862
699.46,1.025
699.48,1.107
699.5,1.196
699.51,1.243
699.53,1.342
699.55,1.449
699.56,1.504
699.58,1.622
699.6,1.746
699.61,1.812
699.63,1.948
699.65,2.093
699.66,2.168
699.68,2.325
699.7,2.49
699.71,2.576
699.73,2.754
699.75,2.941
699.76,3.038
699.78,3.238
699.79,3.341
699.81,3.554
699.83,3.775
699.84,3.889
699.86,4.122
699.88,4.364
699.89,4.488
699.91,4.742
699.93,5.003
699.94,5.136
699.96,5.408
699.98,5.686
699.99,5.828
700.01,6.115
700.03,6.407
700.04,6.555
700.06,6.854
700.08,7.157
700.09,7.31
700.11,7.617
700.12,7.771
700.14,8.081
700.16,8.391
700.17,8.546
700.19,8.855
700.21,9.163
700.22,9.316
700.24,9.62
700.26,9.92
700.27,10.07
700.29,10.36
700.31,10.65
700.32,10.79
700.34,11.06
700.36,11.33
700.37,11.46
700.39,11.71
700.41,11.95
700.42,12.06
700.44,12.28
700.46,12.49
700.47,12.59
700.49,12.78
700.5,12.87
700.52,13.03
700.54,13.18
700.55,13.25
700.57,13.37
700.59,13.48
700.6,13.52
700.62,13.6
700.64,13.66
700.65,13.69
700.67,13.72
700.69,13.74
700.7,13.74
700.72,13.73
700.74,13.7
700.75,13.67
700.77,13.62
700.79,13.54
700.8,13.5
700.82,13.4
700.84,13.29
700.85,13.22
700.87,13.09
700.88,13.01
700.9,12.85
700.92,12.68
700.93,12.59
700.95,12.4
700.97,12.2
700.98,12.09
701.0,11.88
701.02,11.65
701.03,11.54
701.05,11.3
701.07,11.06
701.08,10.94
701.1,10.69
701.12,10.44
701.13,10.31
701.15,10.06
701.17,9.808
701.18,9.682
701.2,9.429
701.22,9.179
701.23,9.055
701.25,8.81
701.26,8.689
701.28,8.451
701.3,8.219
701.31,8.105
701.33,7.883
701.35,7.668
701.36,7.564
701.38,7.362
701.4,7.169
701.41,7.076
701.43,6.897
701.45,6.728
701.46,6.648
701.48,6.495
701.5,6.353
701.51,6.286
701.53,6.161
701.55,6.046
701.56,5.993
701.58,5.896
701.59,5.851
701.61,5.769
701.63,5.699
701.64,5.667
701.66,5.612
701.68,5.567
701.69,5.548
701.71,5.518
701.73,5.496
701.74,5.489
701.76,5.48
701.78,5.479
701.79,5.481
701.81,5.491
701.83,5.507
701.84,5.517
701.86,5.542
701.88,5.571
701.89,5.587
701.91,5.622
701.93,5.661
701.94,5.681
701.96,5.723
701.97,5.745
701.99,5.789
702.01,5.834
702.02,5.856
702.04,5.9
702.06,5.944
702.07,5.965
702.09,6.005
702.11,6.043
702.12,6.061
702.14,6.095
702.16,6.124
702.17,6.137
702.19,6.16
702.21,6.179
702.22,6.186
702.24,6.196
702.26,6.201
702.27,6.201
702.29,6.196
702.31,6.186
702.32,6.178
702.34,6.158
702.35,6.145
702.37,6.115
702.39,6.078
702.4,6.057
702.42,6.01
702.44,5.956
702.45,5.927
702.47,5.864
702.49,5.795
702.5,5.758
702.52,5.68
702.54,5.596
702.55,5.552
702.57,5.46
702.59,5.364
702.6,5.314
702.62,5.211
702.64,5.104
702.65,5.049
702.67,4.937
702.69,4.823
702.7,4.764
702.72,4.647
702.73,4.587
702.75,4.467
702.77,4.346
702.78,4.285
702.8,4.164
702.82,4.043
702.83,3.983
702.85,3.864
702.87,3.746
702.88,3.688
702.9,3.574
702.92,3.463
702.93,3.409
702.95,3.303
702.97,3.202
702.98,3.153
703.0,3.058
703.02,2.969
703.03,2.927
703.05,2.847
703.06,2.809
703.08,2.739
703.1,2.676
703.11,2.647
703.13,2.595
703.15,2.551
703.16,2.532
703.18,2.5
703.2,2.478
703.21,2.47
703.23,2.461
703.25,2.461
703.26,2.465
703.28,2.481
703.3,2.506
703.31,2.523
703.33,2.564
703.35,2.616
703.36,2.645
703.38,2.713
703.4,2.792
703.41,2.835
703.43,2.93
703.44,2.982
703.46,3.094
703.48,3.216
703.49,3.282
703.51,3.421
703.53,3.57
703.54,3.649
703.56,3.815
703.58,3.991
703.59,4.083
703.61,4.274
703.63,4.475
703.64,4.579
703.66,4.794
703.68,5.018
703.69,5.133
703.71,5.369
703.73,5.613
703.74,5.737
703.76,5.991
703.78,6.251
703.79,6.383
703.81,6.651
703.82,6.787
703.84,7.061
703.86,7.338
703.87,7.478
703.89,7.759
703.91,8.04
703.92,8.181
703.94,8.463
703.96,8.744
703.97,8.884
703.99,9.161
704.01,9.434
704.02,9.57
704.04,9.836
704.06,10.1
704.07,10.23
704.09,10.48
704.11,10.72
704.12,10.83
704.14,11.06
704.16,11.28
704.17,11.39
704.19,11.59
704.2,11.68
704.22,11.86
704.24,12.03
704.25,12.11
704.27,12.26
704.29,12.39
704.3,12.45
704.32,12.56
704.34,12.65
704.35,12.69
704.37,12.76
704.39,12.82
704.4,12.84
704.42,12.86
704.44,12.87
704.45,12.87
704.47,12.86
704.49,12.83
704.5,12.81
704.52,12.76
704.53,12.73
704.55,12.65
704.57,12.57
704.58,12.52
704.6,12.41
704.62,12.29
704.63,12.22
704.65,12.08
704.67,11.93
704.68,11.86
704.7,11.69
704.72,11.52
704.73,11.43
704.75,11.25
704.77,11.07
704.78,10.97
704.8,10.78
704.82,10.58
704.83,10.48
704.85,10.28
704.87,10.08
704.88,9.984
704.9,9.787
704.91,9.689
704.93,9.494
704.95,9.304
704.96,9.21
704.98,9.026
705.0,8.848
705.01,8.762
705.03,8.594
705.05,8.433
705.06,8.355
705.08,8.207
705.1,8.067
705.11,8.001
705.13,7.875
705.15,7.759
705.16,7.705
705.18,7.604
705.2,7.514
705.21,7.472
705.23,7.397
705.25,7.333
705.26,7.304
705.28,7.255
705.29,7.234
705.31,7.2
705.33,7.176
705.34,7.167
705.36,7.156
705.38,7.154
705.39,7.156
705.41,7.166
705.43,7.183
705.44,7.195
705.46,7.222
705.48,7.256
705.49,7.275
705.51,7.316
705.53,7.362
705.54,7.386
705.56,7.437
705.58,7.49
705.59,7.518
705.61,7.574
705.63,7.631
705.64,7.659
705.66,7.716
705.67,7.744
705.69,7.8
705.71,7.854
705.72,7.88
705.74,7.93
705.76,7.977
705.77,7.999
705.79,8.04
705.81,8.077
705.82,8.094
705.84,8.123
705.86,8.147
705.87,8.157
705.89,8.172
705.91,8.181
705.92,8.183
705.94,8.182
705.96,8.175
705.97,8.169
705.99,8.151
706.0,8.14
706.02,8.112
706.04,8.077
706.05,8.057
706.07,8.012
706.09,7.96
706.1,7.932
706.12,7.87
706.14,7.802
706.15,7.765
706.17,7.688
706.19,7.604
706.2,7.56
706.22,7.468
706.24,7.371
706.25,7.321
706.27,7.216
706.29,7.107
706.3,7.051
706.32,6.936
706.34,6.817
706.35,6.756
706.37,6.632
706.38,6.569
706.4,6.44
706.42,6.309
706.43,6.243
706.45,6.109
706.47,5.973
706.48,5.904
706.5,5.767
706.52,5.628
706.53,5.558
706.55,5.418
706.57,5.278
706.58,5.208
706.6,5.068
706.62,4.928
706.63,4.858
706.65,4.719
706.67,4.581
706.68,4.513
706.7,4.376
706.72,4.241
706.73,4.174
706.75,4.042
706.76,3.976
706.78,3.847
706.8,3.719
706.81,3.656
706.83,3.532
706.85,3.41
706.86,3.351
706.88,3.233
706.9,3.118
706.91,3.062
706.93,2.952
706.95,2.844
706.96,2.792
706.98,2.69
707.0,2.592
707.01,2.544
707.03,2.451
707.05,2.362
707.06,2.318
707.08,2.235
707.1,2.156
707.11,2.119
707.13,2.046
707.14,2.012
707.16,1.946
707.18,1.886
707.19,1.857
707.21,1.804
707.23,1.756
707.24,1.734
707.26,1.694
707.28,1.66
707.29,1.644
707.31,1.619
707.33,1.599
707.34,1.591
707.36,1.58
707.38,1.576
707.39,1.577
707.41,1.582
707.43,1.595
707.44,1.603
707.46,1.626
707.47,1.64
707.49,1.674
707.51,1.715
707.52,1.739
707.54,1.791
707.56,1.851
707.57,1.884
707.59,1.956
707.61,2.036
707.62,2.079
707.64,2.17
707.66,2.27
707.67,2.323
707.69,2.435
707.71,2.555
707.72,2.618
707.74,2.751
707.76,2.891
707.77,2.964
707.79,3.115
707.81,3.275
707.82,3.357
707.84,3.527
707.85,3.615
707.87,3.796
707.89,3.983
707.9,4.079
707.92,4.276
707.94,4.478
707.95,4.582
707.97,4.792
707.99,5.006
708.0,5.115
708.02,5.336
708.04,5.56
708.05,5.672
708.07,5.9
708.09,6.129
708.1,6.244
708.12,6.474
708.14,6.704
708.15,6.819
708.17,7.047
708.19,7.274
708.2,7.386
708.22,7.608
708.23,7.717
708.25,7.933
708.27,8.144
708.28,8.247
708.3,8.449
708.32,8.643
708.33,8.737
708.35,8.92
708.37,9.093
708.38,9.177
708.4,9.335
708.42,9.484
708.43,9.553
708.45,9.685
708.47,9.804
708.48,9.859
708.5,9.959
708.52,10.05
708.53,10.08
708.55,10.15
708.56,10.18
708.58,10.22
708.6,10.25
708.61,10.26
708.63,10.27
708.65,10.27
708.66,10.26
708.68,10.23
708.7,10.19
708.71,10.16
708.73,10.1
708.75,10.02
708.76,9.979
708.78,9.882
708.8,9.772
708.81,9.712
708.83,9.583
708.85,9.443
708.86,9.369
708.88,9.212
708.9,9.045
708.91,8.958
708.93,8.777
708.94,8.683
708.96,8.489
708.98,8.289
708.99,8.186
709.01,7.975
709.03,7.759
709.04,7.649
709.06,7.426
709.08,7.199
709.09,7.085
709.11,6.854
709.13,6.622
709.14,6.505
709.16,6.271
709.18,6.037
709.19,5.921
709.21,5.688
709.23,5.457
709.24,5.342
709.26,5.114
709.28,4.89
709.29,4.779
709.31,4.559
709.32,4.451
709.34,4.238
709.36,4.029
709.37,3.927
709.39,3.726
709.41,3.531
709.42,3.435
709.44,3.248
709.46,3.068
709.47,2.98
709.49,2.808
709.51,2.643
709.52,2.563
709.54,2.408
709.56,2.259
709.57,2.187
709.59,2.048
709.61,1.915
709.62,1.851
709.64,1.728
709.66,1.611
709.67,1.554
709.69,1.446
709.7,1.395
709.72,1.296
709.74,1.202
709.75,1.158
709.77,1.073
709.79,0.9927
709.8,0.9547
709.82,0.8823
709.84,0.8148
709.85,0.7827
709.87,0.7219
709.89,0.6654
709.9,0.6387
709.92,0.5882
709.94,0.5415
709.95,0.5195
709.97,0.4782
709.99,0.4401
710.0,0.4222
710.02,0.3887
710.03,0.373
710.05,0.3437
710.07,0.317
710.08,0.3046
710.1,0.2814
710.12,0.2604
710.13,0.2507
710.15,0.2327
710.17,0.2166
710.18,0.2091
710.2,0.1955
710.22,0.1833
710.23,0.1778
710.25,0.1677
710.27,0.1588
710.28,0.1548
710.3,0.1476
710.32,0.1413
710.33,0.1386
710.35,0.1337
710.37,0.1296
710.38,0.1278
710.4,0.1248
710.41,0.1235
710.43,0.1213
710.45,0.1197
710.46,0.1191
710.48,0.1181
710.5,0.1176
710.51,0.1174
710.53,0.1174
710.55,0.1176
710.56,0.1179
710.58,0.1185
710.6,0.1193
710.61,0.1197
710.63,0.1207
710.65,0.1219
710.66,0.1225
710.68,0.1238
710.7,0.1251
710.71,0.1258
710.73,0.1272
710.75,0.1286
710.76,0.1293
710.78,0.1306
710.79,0.1313
710.81,0.1326
710.83,0.1339
710.84,0.1345
710.86,0.1357
710.88,0.1368
710.89,0.1373
710.91,0.1382
710.93,0.1391
710.94,0.1395
710.96,0.1402
710.98,0.1408
710.99,0.141
711.01,0.1414
711.03,0.1418
711.04,0.1419
711.06,0.142
711.08,0.142
711.09,0.142
711.11,0.1418
711.13,0.1415
711.14,0.1413
711.16,0.1409
711.17,0.1406
711.19,0.14
711.21,0.1393
711.22,0.1389
711.24,0.1381
711.26,0.1371
711.27,0.1366
711.29,0.1355
711.31,0.1344
711.32,0.1338
711.34,0.1325
711.36,0.1312
711.37,0.1305
711.39,0.1291
711.41,0.1277
711.42,0.1269
711.44,0.1254
711.46,0.1239
711.47,0.1231
711.49,0.1216
711.5,0.1208
711.52,0.1193
711.54,0.1177
711.55,0.117
711.57,0.1155
711.59,0.114
711.6,0.1133
711.62,0.1118
711.64,0.1104
711.65,0.1098
711.67,0.1085
711.69,0.1073
711.7,0.1067
711.72,0.1056
711.74,0.1045
711.75,0.1041
711.77,0.1032
711.79,0.1024
711.8,0.1021
711.82,0.1015
711.84,0.1011
711.85,0.1009
711.87,0.1007
711.88,0.1006
711.9,0.1006
711.92,0.1007
711.93,0.1008
711.95,0.1012
711.97,0.1018
711.98,0.1021
712.0,0.103
712.02,0.104
712.03,0.1046
712.05,0.1059
712.07,0.1075
712.08,0.1083
712.1,0.1102
712.12,0.1122
712.13,0.1133
712.15,0.1157
712.17,0.1184
712.18,0.1198
712.2,0.1227
712.22,0.1259
712.23,0.1276
712.25,0.1311
712.26,0.1329
712.28,0.1368
712.3,0.1409
712.31,0.143
712.33,0.1474
712.35,0.1521
712.36,0.1545
712.38,0.1595
712.4,0.1646
712.41,0.1673
712.43,0.1728
712.45,0.1784
712.46,0.1813
712.48,0.1872
712.5,0.1933
712.51,0.1964
712.53,0.2028
712.55,0.2092
712.56,0.2125
712.58,0.2192
712.6,0.2259
712.61,0.2293
712.63,0.2362
712.64,0.2397
712.66,0.2466
712.68,0.2537
712.69,0.2572
712.71,0.2642
712.73,0.2713
712.74,0.2748
712.76,0.2818
712.78,0.2888
712.79,0.2922
712.81,0.2991
712.83,0.3058
712.84,0.3092
712.86,0.3157
712.88,0.3221
712.89,0.3253
712.91,0.3314
712.93,0.3374
712.94,0.3403
712.96,0.3459
712.97,0.3486
712.99,0.3539
713.01,0.3588
713.02,0.3612
713.04,0.3657
713.06,0.37
713.07,0.3719
713.09,0.3757
713.11,0.379
713.12,0.3806
713.14,0.3834
713.16,0.3858
713.17,0.3869
713.19,0.3888
713.21,0.3903
713.22,0.3908
713.24,0.3917
713.26,0.3922
713.27,0.3922
713.29,0.3921
713.31,0.3915
713.32,0.391
713.34,0.3899
713.35,0.3891
713.37,0.3873
713.39,0.3851
713.4,0.3839
713.42,0.3811
713.44,0.3779
713.45,0.3762
713.47,0.3725
713.49,0.3685
713.5,0.3663
713.52,0.3618
713.54,0.3569
713.55,0.3543
713.57,0.349
713.59,0.3434
713.6,0.3405
713.62,0.3346
713.64,0.3284
713.65,0.3252
713.67,0.3186
713.69,0.3119
713.7,0.3085
713.72,0.3016
713.73,0.298
713.75,0.2909
713.77,0.2836
713.78,0.2799
713.8,0.2725
713.82,0.2651
713.83,0.2613
713.85,0.2538
713.87,0.2462
713.88,0.2425
713.9,0.2349
713.92,0.2274
713.93,0.2236
713.95,0.2162
713.97,0.2087
713.98,0.2051
714.0,0.1977
714.02,0.1905
714.03,0.1869
714.05,0.1799
714.07,0.1729
714.08,0.1695
714.1,0.1627
714.11,0.1594
714.13,0.1528
714.15,0.1464
714.16,0.1433
714.18,0.1371
714.2,0.1311
714.21,0.1281
714.23,0.1223
714.25,0.1167
714.26,0.114
714.28,0.1086
714.3,0.1035
714.31,0.1009
714.33,0.09603
714.35,0.09129
714.36,0.08899
714.38,0.08451
714.4,0.08022
714.41,0.07813
714.43,0.07409
714.44,0.07214
714.46,0.06835
714.48,0.06474
714.49,0.06299
714.51,0.05962
714.53,0.05642
714.54,0.05488
714.56,0.05191
714.58,0.0491
714.59,0.04776
714.61,0.04518
714.63,0.04275
714.64,0.04159
714.66,0.03938
714.68,0.03732
714.69,0.03634
714.71,0.03449
714.73,0.03278
714.74,0.03198
714.76,0.03048
714.78,0.02911
714.79,0.02848
714.81,0.02731
714.82,0.02678
714.84,0.02581
714.86,0.02498
714.87,0.02462
714.89,0.02398
714.91,0.02348
714.92,0.02328
714.94,0.02298
714.96,0.02282
714.97,0.02279
714.99,0.02283
715.01,0.02301
715.02,0.02315
715.04,0.02354
715.06,0.02407
715.07,0.02439
715.09,0.02514
715.11,0.02603
715.12,0.02654
715.14,0.02766
715.16,0.02894
715.17,0.02964
715.19,0.03115
715.2,0.03197
715.22,0.03373
715.24,0.03565
715.25,0.03667
715.27,0.03884
715.29,0.04118
715.3,0.04241
715.32,0.045
715.34,0.04777
715.35,0.04921
715.37,0.05224
715.39,0.05543
715.4,0.05709
715.42,0.06055
715.44,0.06417
715.45,0.06604
715.47,0.06991
715.49,0.07395
715.5,0.07603
715.52,0.0803
715.54,0.08472
715.55,0.08699
715.57,0.09163
715.58,0.094
715.6,0.09884
715.62,0.1038
715.63,0.1063
715.65,0.1115
715.67,0.1167
715.68,0.1193
715.7,0.1247
715.72,0.1301
715.73,0.1328
715.75,0.1383
715.77,0.1439
715.78,0.1467
715.8,0.1522
715.82,0.1578
715.83,0.1605
715.85,0.1661
715.87,0.1715
715.88,0.1742
715.9,0.1796
715.91,0.1822
715.93,0.1875
715.95,0.1926
715.96,0.1951
715.98,0.2
716.0,0.2047
716.01,0.207
716.03,0.2115
716.05,0.2157
716.06,0.2178
716.08,0.2217
716.1,0.2253
716.11,0.2271
716.13,0.2304
716.15,0.2334
716.16,0.2348
716.18,0.2374
716.2,0.2396
716.21,0.2407
716.23,0.2425
716.25,0.244
716.26,0.2446
716.28,0.2456
716.29,0.246
716.31,0.2465
716.33,0.2466
716.34,0.2466
716.36,0.2463
716.38,0.2456
716.39,0.2452
716.41,0.2441
716.43,0.2426
716.44,0.2418
716.46,0.2399
716.48,0.2377
716.49,0.2365
716.51,0.2339
716.53,0.2311
716.54,0.2296
716.56,0.2263
716.58,0.2229
716.59,0.2211
716.61,0.2174
716.63,0.2135
716.64,0.2115
716.66,0.2073
716.67,0.2052
716.69,0.2009
716.71,0.1965
716.72,0.1942
716.74,0.1897
716.76,0.1851
716.77,0.1827
716.79,0.1781
716.81,0.1734
716.82,0.1711
716.84,0.1665
716.86,0.1619
716.87,0.1596
716.89,0.1551
716.91,0.1506
716.92,0.1484
716.94,0.1442
716.96,0.14
716.97,0.1379
716.99,0.134
717.01,0.1302
717.02,0.1283
717.04,0.1247
717.05,0.123
717.07,0.1197
717.09,0.1166
717.1,0.1151
717.12,0.1123
717.14,0.1097
717.15,0.1085
717.17,0.1063
717.19,0.1043
717.2,0.1033
717.22,0.1017
717.24,0.1003
717.25,0.09969
717.27,0.09868
717.29,0.09794
717.3,0.09767
717.32,0.09735
717.34,0.09731
717.35,0.0974
717.37,0.09781
717.38,0.09812
717.4,0.09899
717.42,0.1002
717.43,0.1009
717.45,0.1026
717.47,0.1046
717.48,0.1058
717.5,0.1083
717.52,0.1113
717.53,0.1129
717.55,0.1164
717.57,0.1204
717.58,0.1225
717.6,0.1271
717.62,0.1322
717.63,0.1349
717.65,0.1407
717.67,0.147
717.68,0.1503
717.7,0.1574
717.72,0.1651
717.73,0.1691
717.75,0.1777
717.76,0.1821
717.78,0.1916
717.8,0.2017
717.81,0.207
717.83,0.2182
717.85,0.23
717.86,0.2362
717.88,0.2491
717.9,0.2628
717.91,0.2699
717.93,0.2848
717.95,0.3004
717.96,0.3085
717.98,0.3254
718.0,0.3431
718.01,0.3522
718.03,0.3711
718.05,0.3909
718.06,0.4011
718.08,0.4221
718.1,0.4439
718.11,0.4552
718.13,0.4782
718.14,0.4901
718.16,0.5143
718.18,0.5393
718.19,0.5521
718.21,0.5781
718.23,0.6049
718.24,0.6185
718.26,0.6463
718.28,0.6745
718.29,0.6889
718.31,0.7179
718.33,0.7474
718.34,0.7623
718.36,0.7924
718.38,0.8227
718.39,0.8379
718.41,0.8685
718.43,0.8992
718.44,0.9145
718.46,0.9451
718.47,0.9604
718.49,0.9909
718.51,1.021
718.52,1.036
718.54,1.066
718.56,1.095
718.57,1.109
718.59,1.137
718.61,1.165
718.62,1.178
718.64,1.205
718.66,1.23
718.67,1.242
718.69,1.266
718.71,1.288
718.72,1.299
718.74,1.32
718.76,1.339
718.77,1.348
718.79,1.366
718.81,1.381
718.82,1.388
718.84,1.402
718.85,1.408
718.87,1.418
718.89,1.428
718.9,1.431
718.92,1.438
718.94,1.443
718.95,1.444
718.97,1.446
718.99,1.446
719.0,1.446
719.02,1.443
719.04,1.439
719.05,1.436
719.07,1.43
719.09,1.421
719.1,1.416
719.12,1.405
719.14,1.393
719.15,1.386
719.17,1.371
719.19,1.354
719.2,1.346
719.22,1.327
719.23,1.318
719.25,1.297
719.27,1.276
719.28,1.265
719.3,1.242
719.32,1.217
719.33,1.205
719.35,1.18
719.37,1.154
719.38,1.14
719.4,1.113
719.42,1.086
719.43,1.072
719.45,1.044
719.47,1.015
719.48,1.001
719.5,0.9719
719.52,0.943
719.53,0.9285
719.55,0.8995
719.57,0.8706
719.58,0.8562
719.6,0.8276
719.61,0.8133
719.63,0.7851
719.65,0.7572
719.66,0.7435
719.68,0.7162
719.7,0.6895
719.71,0.6763
719.73,0.6505
719.75,0.6252
719.76,0.6128
719.78,0.5885
719.8,0.565
719.81,0.5535
719.83,0.5311
719.85,0.5094
719.86,0.4989
719.88,0.4785
719.9,0.459
719.91,0.4495
719.93,0.4313
719.94,0.4225
719.96,0.4056
719.98,0.3895
719.99,0.3818
720.01,0.3672
720.03,0.3534
720.04,0.3468
720.06,0.3344
720.08,0.3228
720.09,0.3174
720.11,0.3072
720.13,0.2978
720.14,0.2935
720.16,0.2854
720.18,0.2782
720.19,0.2748
720.21,0.2688
720.23,0.2636
720.24,0.2613
720.26,0.2572
720.28,0.2538
720.29,0.2524
720.31,0.2501
720.32,0.2492
720.34,0.2479
720.36,0.2473
720.37,0.2472
720.39,0.2474
720.41,0.2482
720.42,0.2488
720.44,0.2503
720.46,0.2523
720.47,0.2535
720.49,0.2562
720.51,0.2593
720.52,0.261
720.54,0.2646
720.56,0.2685
720.57,0.2706
720.59,0.2749
720.61,0.2794
720.62,0.2818
720.64,0.2866
720.66,0.2916
720.67,0.2941
720.69,0.2992
720.7,0.3017
720.72,0.3069
720.74,0.3121
720.75,0.3147
720.77,0.3198
720.79,0.3249
720.8,0.3274
720.82,0.3324
720.84,0.3372
720.85,0.3395
720.87,0.3441
720.89,0.3485
720.9,0.3507
720.92,0.3548
720.94,0.3587
720.95,0.3605
720.97,0.3641
720.99,0.3674
721.0,0.3689
721.02,0.3718
721.04,0.3745
721.05,0.3757
721.07,0.378
721.08,0.3791
721.1,0.381
721.12,0.3827
721.13,0.3835
721.15,0.3849
721.17,0.3861
721.18,0.3866
721.2,0.3876
721.22,0.3885
721.23,0.3888
721.25,0.3895
721.27,0.3902
721.28,0.3905
721.3,0.3912
721.32,0.3919
721.33,0.3923
721.35,0.3932
721.37,0.3943
721.38,0.395
721.4,0.3964
721.41,0.3973
721.43,0.3992
721.45,0.4016
721.46,0.403
721.48,0.4062
721.5,0.4099
721.51,0.412
721.53,0.4168
721.55,0.4223
721.56,0.4254
721.58,0.4323
721.6,0.4401
721.61,0.4444
721.63,0.4539
721.65,0.4645
721.66,0.4703
721.68,0.4829
721.7,0.4969
721.71,0.5044
721.73,0.5206
721.75,0.5385
721.76,0.5481
721.78,0.5685
721.79,0.5794
721.81,0.6026
721.83,0.6278
721.84,0.6411
721.86,0.6693
721.88,0.6996
721.89,0.7156
721.91,0.7492
721.93,0.785
721.94,0.8039
721.96,0.8432
721.98,0.885
721.99,0.9068
722.01,0.9522
722.03,1.0
722.04,1.025
722.06,1.076
722.08,1.13
722.09,1.158
722.11,1.216
722.13,1.276
722.14,1.307
722.16,1.37
722.17,1.403
722.19,1.47
722.21,1.539
722.22,1.574
722.24,1.646
722.26,1.72
722.27,1.758
722.29,1.834
722.31,1.912
722.32,1.951
722.34,2.031
722.36,2.112
722.37,2.153
722.39,2.235
722.41,2.318
722.42,2.36
722.44,2.443
722.46,2.526
722.47,2.568
722.49,2.651
722.51,2.733
722.52,2.773
722.54,2.854
722.55,2.894
722.57,2.972
722.59,3.049
722.6,3.087
722.62,3.161
722.64,3.232
722.65,3.267
722.67,3.334
722.69,3.398
722.7,3.429
722.72,3.488
722.74,3.544
722.75,3.57
722.77,3.62
722.79,3.665
722.8,3.687
722.82,3.725
722.84,3.76
722.85,3.775
722.87,3.802
722.88,3.814
722.9,3.833
722.92,3.848
722.93,3.853
722.95,3.86
722.97,3.861
722.98,3.86
723.0,3.854
723.02,3.842
723.03,3.834
723.05,3.815
723.07,3.791
723.08,3.777
723.1,3.745
723.12,3.709
723.13,3.689
723.15,3.646
723.17,3.598
723.18,3.573
723.2,3.519
723.22,3.461
723.23,3.431
723.25,3.368
723.26,3.335
723.28,3.267
723.3,3.196
723.31,3.16
723.33,3.085
723.35,3.008
723.36,2.969
723.38,2.889
723.4,2.808
723.41,2.767
723.43,2.684
723.45,2.6
723.46,2.558
723.48,2.473
723.5,2.388
723.51,2.345
723.53,2.26
723.55,2.176
723.56,2.134
723.58,2.05
723.6,1.967
723.61,1.926
723.63,1.845
723.64,1.805
723.66,1.726
723.68,1.649
723.69,1.611
723.71,1.537
723.73,1.464
723.74,1.428
723.76,1.359
723.78,1.291
723.79,1.259
723.81,1.195
723.83,1.133
723.84,1.103
723.86,1.045
723.88,0.9893
723.89,0.9624
723.91,0.9104
723.93,0.8608
723.94,0.837
723.96,0.791
723.98,0.7475
723.99,0.7266
724.01,0.6865
724.02,0.6674
724.04,0.6308
724.06,0.5963
724.07,0.5799
724.09,0.5487
724.11,0.5195
724.12,0.5057
724.14,0.4795
724.16,0.4551
724.17,0.4436
724.19,0.4219
724.21,0.4019
724.22,0.3925
724.24,0.3749
724.26,0.3587
724.27,0.3512
724.29,0.3371
724.31,0.3243
724.32,0.3184
724.34,0.3074
724.35,0.3023
724.37,0.293
724.39,0.2847
724.4,0.2809
724.42,0.2739
724.44,0.2678
724.45,0.2651
724.47,0.2602
724.49,0.2559
724.5,0.2541
724.52,0.2508
724.54,0.2482
724.55,0.2471
724.57,0.2452
724.59,0.2439
724.6,0.2434
724.62,0.2427
724.64,0.2425
724.65,0.2425
724.67,0.2429
724.69,0.2437
724.7,0.2442
724.72,0.2455
724.73,0.2462
724.75,0.2481
724.77,0.2503
724.78,0.2515
724.8,0.2542
724.82,0.2574
724.83,0.2591
724.85,0.2628
724.87,0.267
724.88,0.2692
724.9,0.2741
724.92,0.2795
724.93,0.2824
724.95,0.2887
724.97,0.2955
724.98,0.2992
725.0,0.3071
725.02,0.3158
725.03,0.3205
725.05,0.3304
725.07,0.3414
725.08,0.3472
725.1,0.3597
725.11,0.3664
725.13,0.3807
725.15,0.3963
725.16,0.4046
725.18,0.4224
725.2,0.4417
725.21,0.452
725.23,0.4739
725.25,0.4976
725.26,0.5103
725.28,0.5371
725.3,0.5661
725.31,0.5815
725.33,0.614
725.35,0.6491
725.36,0.6676
725.38,0.7068
725.4,0.7488
725.41,0.7709
725.43,0.8176
725.45,0.8674
725.46,0.8936
725.48,0.9486
725.49,0.9775
725.51,1.038
725.53,1.102
725.54,1.136
725.56,1.206
725.58,1.28
725.59,1.318
725.61,1.399
725.63,1.483
725.64,1.527
725.66,1.619
725.68,1.714
725.69,1.764
725.71,1.866
725.73,1.973
725.74,2.028
725.76,2.142
725.78,2.26
725.79,2.32
725.81,2.445
725.82,2.509
725.84,2.64
725.86,2.775
725.87,2.844
725.89,2.984
725.91,3.129
725.92,3.202
725.94,3.352
725.96,3.504
725.97,3.582
725.99,3.738
726.01,3.897
726.02,3.978
726.04,4.14
726.06,4.303
726.07,4.386
726.09,4.551
726.11,4.717
726.12,4.8
726.14,4.965
726.16,5.131
726.17,5.213
726.19,5.377
726.2,5.458
726.22,5.62
726.24,5.779
726.25,5.857
726.27,6.012
726.29,6.163
726.3,6.237
726.32,6.382
726.34,6.523
726.35,6.591
726.37,6.724
726.39,6.852
726.4,6.913
726.42,7.032
726.44,7.143
726.45,7.196
726.47,7.298
726.49,7.391
726.5,7.436
726.52,7.518
726.54,7.592
726.55,7.626
726.57,7.688
726.58,7.716
726.6,7.765
726.62,7.806
726.63,7.823
726.65,7.851
726.67,7.87
726.68,7.876
726.7,7.882
726.72,7.879
726.73,7.875
726.75,7.859
726.77,7.836
726.78,7.821
726.8,7.785
726.82,7.741
726.83,7.717
726.85,7.662
726.87,7.599
726.88,7.566
726.9,7.493
726.92,7.414
726.93,7.372
726.95,7.284
726.96,7.238
726.98,7.142
727.0,7.04
727.01,6.987
727.03,6.879
727.05,6.766
727.06,6.708
727.08,6.589
727.1,6.467
727.11,6.405
727.13,6.279
727.15,6.15
727.16,6.085
727.18,5.954
727.2,5.82
727.21,5.753
727.23,5.618
727.25,5.482
727.26,5.413
727.28,5.276
727.29,5.208
727.31,5.071
727.33,4.934
727.34,4.866
727.36,4.73
727.38,4.594
727.39,4.527
727.41,4.393
727.43,4.26
727.44,4.194
727.46,4.064
727.48,3.935
727.49,3.871
727.51,3.744
727.53,3.62
727.54,3.559
727.56,3.437
727.58,3.318
727.59,3.259
727.61,3.144
727.63,3.03
727.64,2.974
727.66,2.865
727.67,2.811
727.69,2.705
727.71,2.602
727.72,2.551
727.74,2.452
727.76,2.356
727.77,2.308
727.79,2.216
727.81,2.127
727.82,2.083
727.84,1.998
727.86,1.915
727.87,1.875
727.89,1.797
727.91,1.722
727.92,1.685
727.94,1.615
727.96,1.547
727.97,1.514
727.99,1.451
728.01,1.39
728.02,1.361
728.04,1.305
728.05,1.278
728.07,1.227
728.09,1.178
728.1,1.155
728.12,1.11
728.14,1.069
728.15,1.049
728.17,1.012
728.19,0.9773
728.2,0.9611
728.22,0.9308
728.24,0.9032
728.25,0.8904
728.27,0.8667
728.29,0.8457
728.3,0.8361
728.32,0.8188
728.34,0.8039
728.35,0.7974
728.37,0.786
728.38,0.7812
728.4,0.7732
728.42,0.7673
728.43,0.7652
728.45,0.7624
728.47,0.7615
728.48,0.7617
728.5,0.7635
728.52,0.767
728.53,0.7693
728.55,0.7751
728.57,0.7823
728.58,0.7864
728.6,0.7955
728.62,0.8058
728.63,0.8113
728.65,0.823
728.67,0.8356
728.68,0.8422
728.7,0.8558
728.72,0.87
728.73,0.8773
728.75,0.892
728.76,0.8995
728.78,0.9147
728.8,0.9299
728.81,0.9375
728.83,0.9527
728.85,0.9676
728.86,0.975
728.88,0.9895
728.9,1.003
728.91,1.01
728.93,1.023
728.95,1.036
728.96,1.042
728.98,1.053
729.0,1.064
729.01,1.068
729.03,1.077
729.05,1.085
729.06,1.089
729.08,1.095
729.1,1.1
729.11,1.102
729.13,1.105
729.14,1.106
729.16,1.107
729.18,1.107
729.19,1.106
729.21,1.104
729.23,1.1
729.24,1.098
729.26,1.092
729.28,1.085
729.29,1.081
729.31,1.073
729.33,1.062
729.34,1.057
729.36,1.045
729.38,1.032
729.39,1.025
729.41,1.01
729.43,0.9939
729.44,0.9856
729.46,0.9682
729.48,0.9498
729.49,0.9404
729.51,0.9208
729.52,0.9107
729.54,0.89
729.56,0.8687
729.57,0.8578
729.59,0.8357
729.61,0.8131
729.62,0.8016
729.64,0.7784
729.66,0.7549
729.67,0.7431
729.69,0.7193
729.71,0.6954
729.72,0.6834
729.74,0.6594
729.76,0.6355
729.77,0.6235
729.79,0.5998
729.81,0.5762
729.82,0.5645
729.84,0.5413
729.85,0.5299
729.87,0.5072
729.89,0.4848
729.9,0.4738
729.92,0.4522
729.94,0.431
729.95,0.4206
729.97,0.4001
729.99,0.3803
730.0,0.3705
730.02,0.3515
730.04,0.3331
730.05,0.3241
730.07,0.3066
730.09,0.2898
730.1,0.2816
730.12,0.2657
730.14,0.2504
730.15,0.243
730.17,0.2287
730.19,0.215
730.2,0.2084
730.22,0.1957
730.23,0.1896
730.25,0.1778
730.27,0.1666
730.28,0.1612
730.3,0.1509
730.32,0.1411
730.33,0.1365
730.35,0.1276
730.37,0.1192
730.38,0.1152
730.4,0.1076
730.42,0.1005
730.43,0.09707
730.45,0.09064
730.47,0.08465
730.48,0.08182
730.5,0.07646
730.52,0.07149
730.53,0.06915
730.55,0.06475
730.57,0.06069
730.58,0.05879
730.6,0.05523
730.61,0.05357
730.63,0.05047
730.65,0.04765
730.66,0.04634
730.68,0.04392
730.7,0.04175
730.71,0.04075
730.73,0.03893
730.75,0.03731
730.76,0.03659
730.78,0.03527
730.8,0.03414
730.81,0.03365
730.83,0.03278
730.85,0.03207
730.86,0.03177
730.88,0.03128
730.9,0.03094
730.91,0.03082
730.93,0.03067
730.95,0.03064
730.96,0.03067
730.98,0.03082
730.99,0.03093
731.01,0.03124
731.03,0.03166
731.04,0.0319
731.06,0.03246
731.08,0.03312
731.09,0.03349
731.11,0.03429
731.13,0.03518
731.14,0.03566
731.16,0.03668
731.18,0.0378
731.19,0.03839
731.21,0.03965
731.23,0.041
731.24,0.04171
731.26,0.04319
731.28,0.04478
731.29,0.04561
731.31,0.04735
731.32,0.04825
731.34,0.05015
731.36,0.05215
731.37,0.0532
731.39,0.05538
731.41,0.05767
731.42,0.05887
731.44,0.06136
731.46,0.06399
731.47,0.06535
731.49,0.06819
731.51,0.07118
731.52,0.07274
731.54,0.07597
731.56,0.07937
731.57,0.08114
731.59,0.08481
731.61,0.08867
731.62,0.09067
731.64,0.09483
731.66,0.0992
731.67,0.1015
731.69,0.1062
731.7,0.1086
731.72,0.1137
731.74,0.119
731.75,0.1217
731.77,0.1274
731.79,0.1333
731.8,0.1364
731.82,0.1428
731.84,0.1494
731.85,0.1529
731.87,0.16
731.89,0.1674
731.9,0.1712
731.92,0.1791
731.94,0.1874
731.95,0.1916
731.97,0.2003
731.99,0.2094
732.0,0.2141
732.02,0.2236
732.04,0.2336
732.05,0.2387
732.07,0.2491
732.08,0.2545
732.1,0.2655
732.12,0.2769
732.13,0.2827
732.15,0.2946
732.17,0.3069
732.18,0.3131
732.2,0.3259
732.22,0.339
732.23,0.3457
732.25,0.3593
732.27,0.3733
732.28,0.3804
732.3,0.3948
732.32,0.4096
732.33,0.417
732.35,0.4322
732.37,0.4477
732.38,0.4555
732.4,0.4714
732.42,0.4875
732.43,0.4956
732.45,0.5121
732.46,0.5204
732.48,0.5372
732.5,0.5541
732.51,0.5627
732.53,0.5799
732.55,0.5973
732.56,0.606
732.58,0.6236
732.6,0.6413
732.61,0.6501
732.63,0.6679
732.65,0.6858
732.66,0.6948
732.68,0.7127
732.7,0.7307
732.71,0.7397
732.73,0.7577
732.75,0.7757
732.76,0.7847
732.78,0.8027
732.79,0.8116
732.81,0.8295
732.83,0.8473
732.84,0.8562
732.86,0.8739
732.88,0.8915
732.89,0.9002
732.91,0.9176
732.93,0.9349
732.94,0.9435
732.96,0.9606
732.98,0.9775
732.99,0.9858
733.01,1.002
733.03,1.019
733.04,1.027
733.06,1.043
733.08,1.059
733.09,1.067
733.11,1.082
733.13,1.097
733.14,1.105
733.16,1.119
733.17,1.127
733.19,1.141
733.21,1.155
733.22,1.161
733.24,1.175
733.26,1.188
733.27,1.194
733.29,1.206
733.31,1.218
733.32,1.223
733.34,1.234
733.36,1.244
733.37,1.249
733.39,1.259
733.41,1.268
733.42,1.272
733.44,1.28
733.46,1.287
733.47,1.291
733.49,1.297
733.51,1.302
733.52,1.305
733.54,1.309
733.55,1.311
733.57,1.314
733.59,1.316
733.6,1.317
733.62,1.318
733.64,1.318
733.65,1.318
733.67,1.317
733.69,1.315
733.7,1.313
733.72,1.31
733.74,1.306
733.75,1.303
733.77,1.298
733.79,1.291
733.8,1.288
733.82,1.28
733.84,1.271
733.85,1.267
733.87,1.257
733.89,1.246
733.9,1.241
733.92,1.229
733.93,1.223
733.95,1.21
733.97,1.197
733.98,1.19
734.0,1.176
734.02,1.161
734.03,1.154
734.05,1.138
734.07,1.122
734.08,1.114
734.1,1.097
734.12,1.08
734.13,1.072
734.15,1.054
734.17,1.037
734.18,1.028
734.2,1.011
734.22,0.9928
734.23,0.9839
734.25,0.9661
734.26,0.9573
734.28,0.9396
734.3,0.9221
734.31,0.9134
734.33,0.8962
734.35,0.8793
734.36,0.871
734.38,0.8546
734.4,0.8386
734.41,0.8307
734.43,0.8155
734.45,0.8007
734.46,0.7936
734.48,0.7798
734.5,0.7668
734.51,0.7605
734.53,0.7486
734.55,0.7376
734.56,0.7324
734.58,0.7228
734.6,0.7143
734.61,0.7105
734.63,0.7037
734.64,0.7008
734.66,0.696
734.68,0.6926
734.69,0.6915
734.71,0.6904
734.73,0.6911
734.74,0.6921
734.76,0.6956
734.78,0.7011
734.79,0.7047
734.81,0.7135
734.83,0.7248
734.84,0.7314
734.86,0.7466
734.88,0.7646
734.89,0.7748
734.91,0.7975
734.93,0.8236
734.94,0.838
734.96,0.8695
734.98,0.905
734.99,0.9242
735.01,0.966
735.02,0.9886
735.04,1.037
735.06,1.091
735.07,1.12
735.09,1.181
735.11,1.248
735.12,1.284
735.14,1.36
735.16,1.442
735.17,1.485
735.19,1.577
735.21,1.676
735.22,1.728
735.24,1.838
735.26,1.956
735.27,2.018
735.29,2.147
735.31,2.284
735.32,2.356
735.34,2.506
735.36,2.665
735.37,2.747
735.39,2.919
735.4,3.009
735.42,3.194
735.44,3.389
735.45,3.489
735.47,3.697
735.49,3.915
735.5,4.027
735.52,4.257
735.54,4.497
735.55,4.62
735.57,4.873
735.59,5.134
735.6,5.268
735.62,5.541
735.64,5.822
735.65,5.965
735.67,6.257
735.69,6.555
735.7,6.706
735.72,7.013
735.73,7.169
735.75,7.484
735.77,7.802
735.78,7.963
735.8,8.287
735.82,8.614
735.83,8.777
735.85,9.106
735.87,9.434
735.88,9.599
735.9,9.926
735.92,10.25
735.93,10.41
735.95,10.73
735.97,11.05
735.98,11.21
736.0,11.51
736.02,11.81
736.03,11.96
736.05,12.25
736.07,12.53
736.08,12.66
736.1,12.93
736.11,13.05
736.13,13.3
736.15,13.53
736.16,13.64
736.18,13.85
736.2,14.05
736.21,14.14
736.23,14.31
736.25,14.46
736.26,14.53
736.28,14.66
736.3,14.77
736.31,14.81
736.33,14.89
736.35,14.95
736.36,14.98
736.38,15.01
736.4,15.02
736.41,15.02
736.43,15.0
736.45,14.96
736.46,14.93
736.48,14.86
736.49,14.82
736.51,14.73
736.53,14.61
736.54,14.55
736.56,14.4
736.58,14.24
736.59,14.16
736.61,13.97
736.63,13.77
736.64,13.66
736.66,13.44
736.68,13.2
736.69,13.08
736.71,12.82
736.73,12.55
736.74,12.42
736.76,12.13
736.78,11.84
736.79,11.69
736.81,11.39
736.83,11.07
736.84,10.92
736.86,10.6
736.87,10.44
736.89,10.11
736.91,9.783
736.92,9.618
736.94,9.288
736.96,8.957
736.97,8.792
736.99,8.463
737.01,8.135
737.02,7.972
737.04,7.648
737.06,7.329
737.07,7.17
737.09,6.857
737.11,6.55
737.12,6.398
737.14,6.099
737.16,5.808
737.17,5.664
737.19,5.383
737.2,5.246
737.22,4.976
737.24,4.715
737.25,4.588
737.27,4.339
737.29,4.099
737.3,3.983
737.32,3.757
737.34,3.539
737.35,3.434
737.37,3.23
737.39,3.036
737.4,2.942
737.42,2.76
737.44,2.588
737.45,2.505
737.47,2.346
737.49,2.195
737.5,2.123
737.52,1.984
737.54,1.854
737.55,1.792
737.57,1.673
737.58,1.616
737.6,1.508
737.62,1.408
737.63,1.36
737.65,1.269
737.67,1.185
737.68,1.145
737.7,1.07
737.72,1.001
737.73,0.9678
737.75,0.9063
737.77,0.8497
737.78,0.8232
737.8,0.7736
737.82,0.7283
737.83,0.7072
737.85,0.6679
737.87,0.6322
737.88,0.6157
737.9,0.5852
737.92,0.5578
737.93,0.5452
737.95,0.5221
737.96,0.5115
737.98,0.4922
738.0,0.4752
738.01,0.4675
738.03,0.4536
738.05,0.4416
738.06,0.4362
738.08,0.4267
738.1,0.4187
738.11,0.4153
738.13,0.4093
738.15,0.4045
738.16,0.4025
738.18,0.3993
738.2,0.397
738.21,0.3962
738.23,0.395
738.25,0.3946
738.26,0.3946
738.28,0.3951
738.29,0.3955
738.31,0.3966
738.33,0.3982
738.34,0.3991
738.36,0.4011
738.38,0.4034
738.39,0.4046
738.41,0.4071
738.43,0.4098
738.44,0.4112
738.46,0.414
738.48,0.4169
738.49,0.4183
738.51,0.4211
738.53,0.4239
738.54,0.4253
738.56,0.4279
738.58,0.4304
738.59,0.4316
738.61,0.4339
738.63,0.436
738.64,0.437
738.66,0.4388
738.67,0.4396
738.69,0.4411
738.71,0.4423
738.72,0.4428
738.74,0.4436
738.76,0.444
738.77,0.4442
738.79,0.4442
738.81,0.4439
738.82,0.4436
738.84,0.4428
738.86,0.4417
738.87,0.441
738.89,0.4394
738.91,0.4373
738.92,0.4362
738.94,0.4337
738.96,0.4308
738.97,0.4292
738.99,0.4258
739.01,0.422
739.02,0.42
739.04,0.4157
739.05,0.4134
739.07,0.4086
739.09,0.4035
739.1,0.4008
739.12,0.3952
739.14,0.3894
739.15,0.3863
739.17,0.38
739.19,0.3735
739.2,0.3701
739.22,0.3632
739.24,0.356
739.25,0.3524
739.27,0.3449
739.29,0.3373
739.3,0.3334
739.32,0.3256
739.34,0.3176
739.35,0.3136
739.37,0.3054
739.39,0.2972
739.4,0.2931
739.42,0.2848
739.43,0.2806
739.45,0.2722
739.47,0.2639
739.48,0.2597
739.5,0.2514
739.52,0.2431
739.53,0.2389
739.55,0.2307
739.57,0.2226
739.58,0.2186
739.6,0.2106
739.62,0.2028
739.63,0.1989
739.65,0.1912
739.67,0.1837
739.68,0.18
739.7,0.1727
739.72,0.1656
739.73,0.1621
739.75,0.1553
739.76,0.1519
739.78,0.1454
739.8,0.139
739.81,0.1359
739.83,0.1298
739.85,0.124
739.86,0.1211
739.88,0.1156
739.9,0.1102
739.91,0.1076
739.93,0.1026
739.95,0.09772
739.96,0.09537
739.98,0.09082
740.0,0.08647
740.01,0.08436
740.03,0.08029
740.05,0.0764
740.06,0.07453
740.08,0.0709
740.1,0.06745
740.11,0.06579
740.13,0.06259
740.14,0.06104
740.16,0.05807
740.18,0.05525
740.19,0.05389
740.21,0.05128
740.23,0.0488
740.24,0.04761
740.26,0.04532
740.28,0.04314
740.29,0.0421
740.31,0.04009
740.33,0.03818
740.34,0.03727
740.36,0.03551
740.38,0.03384
740.39,0.03304
740.41,0.03149
740.43,0.03003
740.44,0.02932
740.46,0.02797
740.48,0.02668
740.49,0.02606
740.51,0.02487
740.52,0.02429
740.54,0.02319
740.56,0.02214
740.57,0.02163
740.59,0.02066
740.61,0.01973
740.62,0.01928
740.64,0.01842
740.66,0.0176
740.67,0.01721
740.69,0.01645
740.71,0.01573
740.72,0.01539
740.74,0.01472
740.76,0.01409
740.77,0.01378
740.79,0.0132
740.81,0.01265
740.82,0.01239
740.84,0.01188
740.86,0.01141
740.87,0.01118
740.89,0.01075
740.9,0.01054
740.92,0.01015
740.94,0.009787
740.95,0.009615
740.97,0.00929
740.99,0.008991
741.0,0.008851
741.02,0.008589
741.04,0.008352
741.05,0.008242
741.07,0.00804
741.09,0.007861
741.1,0.007781
741.12,0.007636
741.14,0.007513
741.15,0.00746
741.17,0.007369
741.19,0.007298
741.2,0.007271
741.22,0.00723
741.23,0.007217
741.25,0.007206
741.27,0.007212
741.28,0.007222
741.3,0.007255
741.32,0.007305
741.33,0.007337
741.35,0.007411
741.37,0.0075
741.38,0.00755
741.4,0.007661
741.42,0.007786
741.43,0.007853
741.45,0.007996
741.47,0.008152
741.48,0.008234
741.5,0.008405
741.52,0.008587
741.53,0.008681
741.55,0.008876
741.57,0.009079
741.58,0.009183
741.6,0.009397
741.61,0.009506
741.63,0.009729
741.65,0.009956
741.66,0.01007
741.68,0.0103
741.7,0.01054
741.71,0.01066
741.73,0.0109
741.75,0.01114
741.76,0.01126
741.78,0.0115
741.8,0.01174
741.81,0.01186
741.83,0.0121
741.85,0.01233
741.86,0.01244
741.88,0.01267
741.9,0.0129
741.91,0.013
741.93,0.01322
741.95,0.01343
741.96,0.01353
741.98,0.01373
741.99,0.01382
742.01,0.01401
742.03,0.01418
742.04,0.01427
742.06,0.01443
742.08,0.01458
742.09,0.01465
742.11,0.01478
742.13,0.0149
742.14,0.01496
742.16,0.01506
742.18,0.01515
742.19,0.01519
742.21,0.01526
742.23,0.01532
742.24,0.01534
742.26,0.01538
742.28,0.01541
742.29,0.01541
742.31,0.01542
742.33,0.01541
742.34,0.0154
742.36,0.01537
742.37,0.01535
742.39,0.0153
742.41,0.01524
742.42,0.0152
742.44,0.01512
742.46,0.01503
742.47,0.01498
742.49,0.01488
742.51,0.01476
742.52,0.0147
742.54,0.01457
742.56,0.01444
742.57,0.01437
742.59,0.01422
742.61,0.01407
742.62,0.014
742.64,0.01385
742.66,0.01369
742.67,0.01361
742.69,0.01346
742.7,0.01338
742.72,0.01324
742.74,0.01309
742.75,0.01302
742.77,0.01289
742.79,0.01276
742.8,0.01271
742.82,0.0126
742.84,0.01251
742.85,0.01247
742.87,0.0124
742.89,0.01235
742.9,0.01234
742.92,0.01233
742.94,0.01234
742.95,0.01235
742.97,0.01241
742.99,0.0125
743.0,0.01255
743.02,0.0127
743.04,0.01288
743.05,0.01298
743.07,0.01323
743.08,0.01337
743.1,0.01368
743.12,0.01405
743.13,0.01425
743.15,0.01471
743.17,0.01522
743.18,0.0155
743.2,0.01612
743.22,0.0168
743.23,0.01718
743.25,0.01798
743.27,0.01887
743.28,0.01935
743.3,0.02038
743.32,0.0215
743.33,0.02211
743.35,0.0234
743.37,0.02481
743.38,0.02556
743.4,0.02717
743.42,0.02891
743.43,0.02984
743.45,0.03182
743.46,0.03287
743.48,0.0351
743.5,0.03752
743.51,0.0388
743.53,0.04152
743.55,0.04447
743.56,0.04604
743.58,0.04935
743.6,0.05294
743.61,0.05484
743.63,0.05887
743.65,0.06322
743.66,0.06552
743.68,0.07041
743.7,0.07568
743.71,0.07847
743.73,0.08438
743.75,0.09075
743.76,0.09412
743.78,0.1013
743.8,0.109
743.81,0.113
743.83,0.1216
743.84,0.1262
743.86,0.1358
743.88,0.1461
743.89,0.1515
743.91,0.1631
743.93,0.1754
743.94,0.1819
743.96,0.1957
743.98,0.2104
743.99,0.2181
744.01,0.2345
744.03,0.2519
744.04,0.2611
744.06,0.2804
744.08,0.3009
744.09,0.3117
744.11,0.3343
744.13,0.3584
744.14,0.371
744.16,0.3974
744.17,0.4112
744.19,0.44
744.21,0.4705
744.22,0.4864
744.24,0.5196
744.26,0.5546
744.27,0.5728
744.29,0.6107
744.31,0.6506
744.32,0.6713
744.34,0.7141
744.36,0.7591
744.37,0.7823
744.39,0.8304
744.41,0.8806
744.42,0.9065
744.44,0.9599
744.46,1.015
744.47,1.044
744.49,1.103
744.51,1.163
744.52,1.195
744.54,1.258
744.55,1.291
744.57,1.358
744.59,1.426
744.6,1.461
744.62,1.533
744.64,1.606
744.65,1.643
744.67,1.718
744.69,1.794
744.7,1.833
744.72,1.912
744.74,1.991
744.75,2.031
744.77,2.111
744.79,2.192
744.8,2.233
744.82,2.315
744.84,2.396
744.85,2.437
744.87,2.518
744.89,2.599
744.9,2.639
744.92,2.719
744.93,2.758
744.95,2.836
744.97,2.913
744.98,2.95
745.0,3.024
745.02,3.096
745.03,3.131
745.05,3.2
745.07,3.265
745.08,3.297
745.1,3.359
745.12,3.417
745.13,3.445
745.15,3.498
745.17,3.547
745.18,3.571
745.2,3.614
745.22,3.654
745.23,3.672
745.25,3.705
745.27,3.733
745.28,3.746
745.3,3.768
745.31,3.777
745.33,3.792
745.35,3.802
745.36,3.805
745.38,3.807
745.4,3.805
745.41,3.803
745.43,3.793
745.45,3.779
745.46,3.771
745.48,3.75
745.5,3.724
745.51,3.71
745.53,3.678
745.55,3.641
745.56,3.622
745.58,3.579
745.6,3.533
745.61,3.509
745.63,3.457
745.64,3.43
745.66,3.373
745.68,3.314
745.69,3.283
745.71,3.219
745.73,3.153
745.74,3.119
745.76,3.05
745.78,2.979
745.79,2.943
745.81,2.869
745.83,2.795
745.84,2.757
745.86,2.681
745.88,2.605
745.89,2.567
745.91,2.49
745.93,2.413
745.94,2.375
745.96,2.299
745.98,2.223
745.99,2.186
746.01,2.112
746.02,2.075
746.04,2.003
746.06,1.932
746.07,1.897
746.09,1.828
746.11,1.761
746.12,1.729
746.14,1.665
746.16,1.603
746.17,1.573
746.19,1.515
746.21,1.459
746.22,1.432
746.24,1.38
746.26,1.331
746.27,1.307
746.29,1.261
746.31,1.218
746.32,1.198
746.34,1.159
746.36,1.123
746.37,1.106
746.39,1.074
746.4,1.059
746.42,1.031
746.44,1.005
746.45,0.9933
746.47,0.9717
746.49,0.9525
746.5,0.9439
746.52,0.9284
746.54,0.9153
746.55,0.9096
746.57,0.8998
746.59,0.8922
746.6,0.8891
746.62,0.8845
746.64,0.8818
746.65,0.8811
746.67,0.8811
746.69,0.8827
746.7,0.8841
746.72,0.888
746.74,0.8932
746.75,0.8963
746.77,0.9034
746.78,0.9074
746.8,0.916
746.82,0.9256
746.83,0.9307
746.85,0.9414
746.87,0.9527
746.88,0.9585
746.9,0.9705
746.92,0.9829
746.93,0.9891
746.95,1.002
746.97,1.014
746.98,1.021
747.0,1.033
747.02,1.046
747.03,1.052
747.05,1.063
747.07,1.075
747.08,1.08
747.1,1.091
747.11,1.096
747.13,1.105
747.15,1.114
747.16,1.118
747.18,1.125
747.2,1.131
747.21,1.134
747.23,1.139
747.25,1.142
747.26,1.144
747.28,1.146
747.3,1.147
747.31,1.146
747.33,1.145
747.35,1.143
747.36,1.141
747.38,1.137
747.4,1.132
747.41,1.129
747.43,1.121
747.45,1.113
747.46,1.108
747.48,1.097
747.49,1.092
747.51,1.079
747.53,1.066
747.54,1.059
747.56,1.044
747.58,1.028
747.59,1.02
747.61,1.002
747.63,0.9838
747.64,0.9742
747.66,0.9546
747.68,0.9342
747.69,0.9238
747.71,0.9024
747.73,0.8804
747.74,0.8691
747.76,0.8464
747.78,0.8232
747.79,0.8114
747.81,0.7877
747.83,0.7638
747.84,0.7517
747.86,0.7275
747.87,0.7153
747.89,0.691
747.91,0.6666
747.92,0.6545
747.94,0.6303
747.96,0.6062
747.97,0.5942
747.99,0.5705
748.01,0.547
748.02,0.5354
748.04,0.5124
748.06,0.4899
748.07,0.4788
748.09,0.4569
748.11,0.4355
748.12,0.425
748.14,0.4043
748.16,0.3843
748.17,0.3745
748.19,0.3554
748.2,0.346
748.22,0.3278
748.24,0.3103
748.25,0.3017
748.27,0.2851
748.29,0.2692
748.3,0.2615
748.32,0.2467
748.34,0.2325
748.35,0.2256
748.37,0.2124
748.39,0.1999
748.4,0.1939
748.42,0.1824
748.44,0.1716
748.45,0.1664
748.47,0.1565
748.49,0.1473
748.5,0.1429
748.52,0.1346
748.54,0.1268
748.55,0.1232
748.57,0.1164
748.58,0.1132
748.6,0.1072
748.62,0.1017
748.63,0.09923
748.65,0.09457
748.67,0.09041
748.68,0.08852
748.7,0.08508
748.72,0.08212
748.73,0.0808
748.75,0.0785
748.77,0.07662
748.78,0.07583
748.8,0.07455
748.82,0.07366
748.83,0.07336
748.85,0.07302
748.87,0.07303
748.88,0.07316
748.9,0.07366
748.92,0.07448
748.93,0.075
748.95,0.07626
748.96,0.077
748.98,0.07868
749.0,0.08061
749.01,0.08168
749.03,0.08398
749.05,0.08652
749.06,0.08787
749.08,0.09073
749.1,0.09379
749.11,0.0954
749.13,0.09874
749.15,0.1023
749.16,0.1041
749.18,0.1078
749.2,0.1117
749.21,0.1137
749.23,0.1178
749.25,0.1221
749.26,0.1242
749.28,0.1286
749.3,0.1331
749.31,0.1354
749.33,0.14
749.34,0.1423
749.36,0.1471
749.38,0.1519
749.39,0.1543
749.41,0.1592
749.43,0.1642
749.44,0.1667
749.46,0.1717
749.48,0.1768
749.49,0.1793
749.51,0.1845
749.53,0.1896
749.54,0.1923
749.56,0.1975
749.58,0.2028
749.59,0.2055
749.61,0.2109
749.63,0.2164
749.64,0.2191
749.66,0.2247
749.67,0.2275
749.69,0.2332
749.71,0.2391
749.72,0.242
749.74,0.2481
749.76,0.2543
749.77,0.2575
749.79,0.264
749.81,0.2707
749.82,0.2741
749.84,0.2812
749.86,0.2886
749.87,0.2924
749.89,0.3003
749.91,0.3085
749.92,0.3128
749.94,0.3217
749.96,0.3311
749.97,0.3359
749.99,0.3461
750.01,0.3568
750.02,0.3624
750.04,0.374
750.05,0.3801
750.07,0.3928
750.09,0.4062
750.1,0.4133
750.12,0.4279
750.14,0.4434
750.15,0.4515
750.17,0.4684
750.19,0.4863
750.2,0.4956
750.22,0.515
750.24,0.5354
750.25,0.546
750.27,0.5681
750.29,0.5914
750.3,0.6035
750.32,0.6285
750.34,0.6547
750.35,0.6683
750.37,0.6963
750.39,0.7256
750.4,0.7408
750.42,0.7719
750.43,0.788
750.45,0.821
750.47,0.8552
750.48,0.8727
750.5,0.9088
750.52,0.9459
750.53,0.9649
750.55,1.004
750.57,1.044
750.58,1.064
750.6,1.105
750.62,1.148
750.63,1.169
750.65,1.212
750.67,1.257
750.68,1.279
750.7,1.324
750.72,1.369
750.73,1.392
750.75,1.438
750.77,1.484
750.78,1.508
750.8,1.554
750.81,1.577
750.83,1.623
750.85,1.669
750.86,1.691
750.88,1.736
750.9,1.781
750.91,1.802
750.93,1.845
750.95,1.887
750.96,1.908
750.98,1.948
751.0,1.987
751.01,2.006
751.03,2.043
751.05,2.078
751.06,2.094
751.08,2.127
751.1,2.157
751.11,2.171
751.13,2.198
751.14,2.211
751.16,2.234
751.18,2.255
751.19,2.265
751.21,2.282
751.23,2.297
751.24,2.303
751.26,2.314
751.28,2.322
751.29,2.325
751.31,2.328
751.33,2.329
751.34,2.329
751.36,2.326
751.38,2.32
751.39,2.315
751.41,2.305
751.43,2.292
751.44,2.285
751.46,2.268
751.48,2.248
751.49,2.238
751.51,2.214
751.52,2.202
751.54,2.175
751.56,2.146
751.57,2.13
751.59,2.098
751.61,2.064
751.62,2.046
751.64,2.009
751.66,1.97
751.67,1.95
751.69,1.909
751.71,1.866
751.72,1.844
751.74,1.8
751.76,1.755
751.77,1.732
751.79,1.685
751.81,1.638
751.82,1.614
751.84,1.566
751.86,1.518
751.87,1.494
751.89,1.445
751.9,1.421
751.92,1.372
751.94,1.324
751.95,1.3
751.97,1.252
751.99,1.204
752.0,1.181
752.02,1.134
752.04,1.088
752.05,1.065
752.07,1.021
752.09,0.9765
752.1,0.9549
752.12,0.9123
752.14,0.8707
752.15,0.8503
752.17,0.8104
752.19,0.7716
752.2,0.7526
752.22,0.7155
752.24,0.6797
752.25,0.6622
752.27,0.6282
752.28,0.6116
752.3,0.5795
752.32,0.5486
752.33,0.5336
752.35,0.5046
752.37,0.4768
752.38,0.4633
752.4,0.4373
752.42,0.4126
752.43,0.4006
752.45,0.3776
752.47,0.3557
752.48,0.3452
752.5,0.325
752.52,0.3058
752.53,0.2966
752.55,0.279
752.57,0.2623
752.58,0.2544
752.6,0.2391
752.61,0.2318
752.63,0.2179
752.65,0.2048
752.66,0.1985
752.68,0.1866
752.7,0.1754
752.71,0.1701
752.73,0.16
752.75,0.1505
752.76,0.1459
752.78,0.1373
752.8,0.1293
752.81,0.1255
752.83,0.1183
752.85,0.1115
752.86,0.1083
752.88,0.1022
752.9,0.09647
752.91,0.09377
752.93,0.08864
752.95,0.08386
752.96,0.08159
752.98,0.07727
752.99,0.07523
753.01,0.07134
753.03,0.06771
753.04,0.06598
753.06,0.0627
753.08,0.05964
753.09,0.05818
753.11,0.05541
753.13,0.05281
753.14,0.05157
753.16,0.04921
753.18,0.047
753.19,0.04595
753.21,0.04394
753.23,0.04205
753.24,0.04115
753.26,0.03942
753.28,0.0378
753.29,0.03702
753.31,0.03554
753.33,0.03414
753.34,0.03347
753.36,0.03219
753.37,0.03158
753.39,0.03041
753.41,0.0293
753.42,0.02877
753.44,0.02776
753.46,0.02681
753.47,0.02636
753.49,0.02549
753.51,0.02467
753.52,0.02428
753.54,0.02354
753.56,0.02285
753.57,0.02252
753.59,0.02189
753.61,0.02131
753.62,0.02104
753.64,0.02052
753.66,0.02005
753.67,0.01982
753.69,0.01941
753.71,0.01903
753.72,0.01885
753.74,0.01853
753.75,0.01838
753.77,0.01811
753.79,0.01788
753.8,0.01778
753.82,0.01759
753.84,0.01744
753.85,0.01738
753.87,0.01728
753.89,0.01721
753.9,0.01718
753.92,0.01716
753.94,0.01716
753.95,0.01717
753.97,0.01722
753.99,0.01729
754.0,0.01733
754.02,0.01744
754.04,0.01758
754.05,0.01765
754.07,0.01782
754.08,0.01792
754.1,0.01812
754.12,0.01835
754.13,0.01846
754.15,0.01872
754.17,0.01899
754.18,0.01913
754.2,0.01943
754.22,0.01974
754.23,0.0199
754.25,0.02023
754.27,0.02058
754.28,0.02076
754.3,0.02112
754.32,0.02149
754.33,0.02168
754.35,0.02206
754.37,0.02245
754.38,0.02265
754.4,0.02304
754.42,0.02344
754.43,0.02364
754.45,0.02404
754.46,0.02424
754.48,0.02464
754.5,0.02503
754.51,0.02523
754.53,0.02561
754.55,0.02599
754.56,0.02618
754.58,0.02655
754.6,0.02691
754.61,0.02708
754.63,0.02742
754.65,0.02775
754.66,0.0279
754.68,0.02821
754.7,0.02849
754.71,0.02863
754.73,0.02889
754.75,0.02913
754.76,0.02924
754.78,0.02945
754.8,0.02963
754.81,0.02972
754.83,0.02987
754.84,0.02993
754.86,0.03004
754.88,0.03013
754.89,0.03017
754.91,0.03021
754.93,0.03023
754.94,0.03023
754.96,0.03021
754.98,0.03017
754.99,0.03013
755.01,0.03004
755.03,0.02993
755.04,0.02986
755.06,0.0297
755.08,0.02952
755.09,0.02941
755.11,0.02919
755.13,0.02894
755.14,0.02881
755.16,0.02852
755.18,0.02822
755.19,0.02805
755.21,0.02771
755.22,0.02754
755.24,0.02717
755.26,0.02678
755.27,0.02658
755.29,0.02616
755.31,0.02573
755.32,0.02551
755.34,0.02507
755.36,0.02461
755.37,0.02438
755.39,0.0239
755.41,0.02343
755.42,0.02319
755.44,0.0227
755.46,0.02222
755.47,0.02198
755.49,0.02149
755.51,0.02101
755.52,0.02077
755.54,0.0203
755.55,0.02007
755.57,0.0196
755.59,0.01915
755.6,0.01893
755.62,0.0185
755.64,0.01808
755.65,0.01788
755.67,0.01749
755.69,0.01711
755.7,0.01693
755.72,0.01659
755.74,0.01626
755.75,0.01611
755.77,0.01582
755.79,0.01556
755.8,0.01544
755.82,0.01521
755.84,0.01501
755.85,0.01492
755.87,0.01476
755.89,0.01463
755.9,0.01458
755.92,0.01449
755.93,0.01446
755.95,0.01442
755.97,0.0144
755.98,0.01441
756.0,0.01443
756.02,0.01449
756.03,0.01453
756.05,0.01463
756.07,0.01475
756.08,0.01483
756.1,0.01499
756.12,0.01518
756.13,0.01529
756.15,0.01552
756.17,0.01577
756.18,0.0159
756.2,0.01618
756.22,0.01648
756.23,0.01664
756.25,0.01697
756.27,0.01732
756.28,0.0175
756.3,0.01786
756.31,0.01805
756.33,0.01843
756.35,0.01883
756.36,0.01903
756.38,0.01943
756.4,0.01984
756.41,0.02005
756.43,0.02046
756.45,0.02088
756.46,0.02109
756.48,0.0215
756.5,0.02191
756.51,0.02211
756.53,0.02251
756.55,0.0229
756.56,0.02309
756.58,0.02346
756.6,0.02382
756.61,0.024
756.63,0.02434
756.65,0.02466
756.66,0.02481
756.68,0.02511
756.69,0.02525
756.71,0.02551
756.73,0.02575
756.74,0.02587
756.76,0.02607
756.78,0.02626
756.79,0.02634
756.81,0.02648
756.83,0.0266
756.84,0.02665
756.86,0.02673
756.88,0.02678
756.89,0.02679
756.91,0.0268
756.93,0.02679
756.94,0.02677
756.96,0.02671
756.98,0.02662
756.99,0.02656
757.01,0.02644
757.02,0.02636
757.04,0.02619
757.06,0.026
757.07,0.0259
757.09,0.02567
757.11,0.02541
757.12,0.02528
757.14,0.02499
757.16,0.02468
757.17,0.02452
757.19,0.02418
757.21,0.02383
757.22,0.02365
757.24,0.02327
757.26,0.02287
757.27,0.02267
757.29,0.02226
757.31,0.02184
757.32,0.02162
757.34,0.02119
757.36,0.02074
757.37,0.02052
757.39,0.02007
757.4,0.01984
757.42,0.01939
757.44,0.01894
757.45,0.01871
757.47,0.01826
757.49,0.01782
757.5,0.01759
757.52,0.01716
757.54,0.01672
757.55,0.01651
757.57,0.0161
757.59,0.01569
757.6,0.01549
757.62,0.01511
757.64,0.01474
757.65,0.01456
757.67,0.01421
757.69,0.01388
757.7,0.01372
757.72,0.01342
757.74,0.01314
757.75,0.01301
757.77,0.01276
757.78,0.01264
757.8,0.01243
757.82,0.01223
757.83,0.01215
757.85,0.01199
757.87,0.01186
757.88,0.01181
757.9,0.01171
757.92,0.01164
757.93,0.01162
757.95,0.01159
757.97,0.01159
757.98,0.0116
758.0,0.01163
758.02,0.01169
758.03,0.01174
758.05,0.01183
758.07,0.01196
758.08,0.01203
758.1,0.01219
758.12,0.01237
758.13,0.01247
758.15,0.01269
758.16,0.01281
758.18,0.01306
758.2,0.01333
758.21,0.01347
758.23,0.01377
758.25,0.01408
758.26,0.01425
758.28,0.01459
758.3,0.01494
758.31,0.01512
758.33,0.01549
758.35,0.01588
758.36,0.01607
758.38,0.01647
758.4,0.01688
758.41,0.01708
758.43,0.01749
758.45,0.01791
758.46,0.01812
758.48,0.01854
758.49,0.01875
758.51,0.01917
758.53,0.01958
758.54,0.01979
758.56,0.0202
758.58,0.02061
758.59,0.02081
758.61,0.02121
758.63,0.0216
758.64,0.02179
758.66,0.02216
758.68,0.02253
758.69,0.02271
758.71,0.02306
758.73,0.0234
758.74,0.02357
758.76,0.02389
758.78,0.02421
758.79,0.02436
758.81,0.02467
758.83,0.02496
758.84,0.02511
758.86,0.02539
758.87,0.02553
758.89,0.02581
758.91,0.02609
758.92,0.02623
758.94,0.02651
758.96,0.0268
758.97,0.02695
758.99,0.02725
759.01,0.02757
759.02,0.02774
759.04,0.02809
759.06,0.02847
759.07,0.02867
759.09,0.0291
759.11,0.02957
759.12,0.02982
759.14,0.03037
759.16,0.03097
759.17,0.0313
759.19,0.03201
759.21,0.0328
759.22,0.03323
759.24,0.03416
759.25,0.03466
759.27,0.03575
759.29,0.03696
759.3,0.03761
759.32,0.03902
759.34,0.04057
759.35,0.04141
759.37,0.04321
759.39,0.04518
759.4,0.04624
759.42,0.04851
759.44,0.05099
759.45,0.05232
759.47,0.05514
759.49,0.05821
759.5,0.05984
759.52,0.06331
759.54,0.06706
759.55,0.06905
759.57,0.07325
759.58,0.07548
759.6,0.08017
759.62,0.0852
759.63,0.08785
759.65,0.09342
759.67,0.09937
759.68,0.1025
759.7,0.109
759.72,0.116
759.73,0.1196
759.75,0.1272
759.77,0.1353
759.78,0.1395
759.8,0.1482
759.82,0.1574
759.83,0.1622
759.85,0.1721
759.87,0.1825
759.88,0.1879
759.9,0.1991
759.92,0.2107
759.93,0.2168
759.95,0.2292
759.96,0.2356
759.98,0.2488
760.0,0.2625
760.01,0.2696
760.03,0.2841
760.05,0.2991
760.06,0.3068
760.08,0.3226
760.1,0.3388
760.11,0.3471
760.13,0.3641
760.15,0.3816
760.16,0.3905
760.18,0.4086
760.2,0.4272
760.21,0.4367
760.23,0.4559
760.25,0.4755
760.26,0.4855
760.28,0.5057
760.3,0.5262
760.31,0.5366
760.33,0.5577
760.34,0.5683
760.36,0.5898
760.38,0.6116
760.39,0.6226
760.41,0.6448
760.43,0.6672
760.44,0.6784
760.46,0.7011
760.48,0.7239
760.49,0.7354
760.51,0.7584
760.53,0.7815
760.54,0.7931
760.56,0.8164
760.58,0.8397
760.59,0.8513
760.61,0.8747
760.63,0.898
760.64,0.9097
760.66,0.9329
760.68,0.9562
760.69,0.9678
760.71,0.9909
760.72,1.002
760.74,1.025
760.76,1.048
760.77,1.059
760.79,1.082
760.81,1.104
760.82,1.116
760.84,1.138
760.86,1.16
760.87,1.17
760.89,1.192
760.91,1.213
760.92,1.224
760.94,1.245
760.96,1.265
760.97,1.275
760.99,1.295
761.01,1.315
761.02,1.324
761.04,1.343
761.05,1.353
761.07,1.371
761.09,1.389
761.1,1.398
761.12,1.415
761.14,1.432
761.15,1.44
761.17,1.456
761.19,1.471
761.2,1.478
761.22,1.492
761.24,1.506
761.25,1.512
761.27,1.525
761.29,1.536
761.3,1.542
761.32,1.552
761.34,1.562
761.35,1.566
761.37,1.574
761.39,1.582
761.4,1.585
761.42,1.591
761.43,1.593
761.45,1.597
761.47,1.601
761.48,1.602
761.5,1.603
761.52,1.604
761.53,1.603
761.55,1.602
761.57,1.6
761.58,1.598
761.6,1.593
761.62,1.588
761.63,1.585
761.65,1.577
761.67,1.568
761.68,1.564
761.7,1.553
761.72,1.541
761.73,1.535
761.75,1.522
761.77,1.507
761.78,1.499
761.8,1.483
761.81,1.474
761.83,1.456
761.85,1.437
761.86,1.427
761.88,1.406
761.9,1.384
761.91,1.373
761.93,1.35
761.95,1.326
761.96,1.314
761.98,1.288
762.0,1.263
762.01,1.249
762.03,1.223
762.05,1.195
762.06,1.181
762.08,1.153
762.1,1.124
762.11,1.11
762.13,1.081
762.15,1.052
762.16,1.037
762.18,1.007
762.19,0.9924
762.21,0.9626
762.23,0.9329
762.24,0.918
762.26,0.8884
762.28,0.8588
762.29,0.8442
762.31,0.8149
762.33,0.786
762.34,0.7717
762.36,0.7432
762.38,0.7152
762.39,0.7013
762.41,0.6739
762.43,0.647
762.44,0.6338
762.46,0.6077
762.48,0.5822
762.49,0.5697
762.51,0.5451
762.52,0.533
762.54,0.5094
762.56,0.4865
762.57,0.4752
762.59,0.4533
762.61,0.4321
762.62,0.4218
762.64,0.4017
762.66,0.3823
762.67,0.3729
762.69,0.3545
762.71,0.337
762.72,0.3285
762.74,0.312
762.76,0.2962
762.77,0.2886
762.79,0.2739
762.81,0.2599
762.82,0.2532
762.84,0.2402
762.86,0.2279
762.87,0.2221
762.89,0.2108
762.9,0.2054
762.92,0.195
762.94,0.1853
762.95,0.1807
762.97,0.1719
762.99,0.1637
763.0,0.1598
763.02,0.1524
763.04,0.1456
763.05,0.1424
763.07,0.1364
763.09,0.1309
763.1,0.1283
763.12,0.1235
763.14,0.1193
763.15,0.1173
763.17,0.1138
763.19,0.1107
763.2,0.1093
763.22,0.1069
763.24,0.105
763.25,0.1041
763.27,0.1028
763.28,0.1023
763.3,0.1017
763.32,0.1014
763.33,0.1015
763.35,0.1019
763.37,0.1027
763.38,0.1033
763.4,0.1047
763.42,0.1066
763.43,0.1077
763.45,0.1102
763.47,0.1132
763.48,0.1148
763.5,0.1185
763.52,0.1225
763.53,0.1247
763.55,0.1295
763.57,0.1347
763.58,0.1375
763.6,0.1434
763.62,0.1498
763.63,0.1532
763.65,0.1603
763.66,0.164
763.68,0.1719
763.7,0.1803
763.71,0.1846
763.73,0.1938
763.75,0.2034
763.76,0.2085
763.78,0.2189
763.8,0.2299
763.81,0.2356
763.83,0.2473
763.85,0.2596
763.86,0.266
763.88,0.2791
763.9,0.2927
763.91,0.2997
763.93,0.3141
763.95,0.329
763.96,0.3367
763.98,0.3524
763.99,0.3605
764.01,0.3769
764.03,0.3939
764.04,0.4026
764.06,0.4203
764.08,0.4385
764.09,0.4478
764.11,0.4667
764.13,0.4862
764.14,0.496
764.16,0.5162
764.18,0.5368
764.19,0.5473
764.21,0.5687
764.23,0.5906
764.24,0.6018
764.26,0.6245
764.28,0.6478
764.29,0.6597
764.31,0.684
764.33,0.709
764.34,0.7217
764.36,0.7479
764.37,0.7614
764.39,0.789
764.41,0.8176
764.42,0.8324
764.44,0.863
764.46,0.895
764.47,0.9116
764.49,0.9462
764.51,0.9828
764.52,1.002
764.54,1.042
764.56,1.085
764.57,1.108
764.59,1.155
764.61,1.207
764.62,1.234
764.64,1.292
764.66,1.355
764.67,1.389
764.69,1.461
764.71,1.54
764.72,1.582
764.74,1.672
764.75,1.721
764.77,1.825
764.79,1.939
764.8,2.001
764.82,2.133
764.84,2.279
764.85,2.357
764.87,2.525
764.89,2.711
764.9,2.811
764.92,3.025
764.94,3.26
764.95,3.387
764.97,3.658
764.99,3.956
765.0,4.115
765.02,4.457
765.04,4.832
765.05,5.032
765.07,5.46
765.09,5.928
765.1,6.177
765.12,6.71
765.13,6.993
765.15,7.597
765.17,8.254
765.18,8.602
765.2,9.344
765.22,10.15
765.23,10.57
765.25,11.47
765.27,12.45
765.28,12.96
765.3,14.05
765.32,15.22
765.33,15.83
765.35,17.13
765.37,18.52
765.38,19.26
765.4,20.79
765.42,22.44
765.43,23.3
765.45,25.1
765.46,26.05
765.48,28.02
765.5,30.12
765.51,31.22
765.53,33.5
765.55,35.92
765.56,37.17
765.58,39.79
765.6,42.54
765.61,43.97
765.63,46.94
765.65,50.04
765.66,51.65
765.68,54.98
765.7,58.45
765.71,60.25
765.73,63.94
765.75,67.78
765.76,69.76
765.78,73.82
765.8,78.03
765.81,80.19
765.83,84.61
765.84,86.87
765.86,91.5
765.88,96.25
765.89,98.68
765.91,103.6
765.93,108.7
765.94,111.3
765.96,116.5
765.98,121.8
765.99,124.5
766.01,129.9
766.03,135.5
766.04,138.2
766.06,143.9
766.08,149.5
766.09,152.4
766.11,158.1
766.13,163.8
766.14,166.6
766.16,172.4
766.18,178.1
766.19,180.9
766.21,186.5
766.22,189.3
766.24,194.8
766.26,200.3
766.27,203.0
766.29,208.3
766.31,213.5
766.32,216.0
766.34,220.9
766.36,225.7
766.37,228.1
766.39,232.6
766.41,236.9
766.42,239.0
766.44,243.0
766.46,246.7
766.47,248.5
766.49,251.9
766.51,255.0
766.52,256.5
766.54,259.2
766.56,261.5
766.57,262.6
766.59,264.6
766.6,265.4
766.62,266.9
766.64,268.0
766.65,268.5
766.67,269.2
766.69,269.5
766.7,269.5
766.72,269.4
766.74,268.9
766.75,268.5
766.77,267.5
766.79,266.2
766.8,265.4
766.82,263.7
766.84,261.6
766.85,260.4
766.87,257.9
766.89,255.1
766.9,253.6
766.92,250.3
766.93,248.6
766.95,245.0
766.97,241.2
766.98,239.1
767.0,235.0
767.02,230.6
767.03,228.3
767.05,223.6
767.07,218.8
767.08,216.3
767.1,211.2
767.12,206.0
767.13,203.4
767.15,198.1
767.17,192.6
767.18,189.9
767.2,184.3
767.22,178.8
767.23,176.0
767.25,170.3
767.27,164.7
767.28,161.9
767.3,156.2
767.31,153.4
767.33,147.9
767.35,142.3
767.36,139.6
767.38,134.1
767.4,128.7
767.41,126.1
767.43,120.8
767.45,115.7
767.46,113.1
767.48,108.1
767.5,103.3
767.51,100.9
767.53,96.19
767.55,91.64
767.56,89.41
767.58,85.06
767.6,80.85
767.61,78.8
767.63,74.81
767.65,70.96
767.66,69.1
767.68,65.47
767.69,63.72
767.71,60.31
767.73,57.06
767.74,55.49
767.76,52.45
767.78,49.56
767.79,48.17
767.81,45.49
767.83,42.95
767.84,41.73
767.86,39.38
767.88,37.17
767.89,36.11
767.91,34.08
767.93,32.17
767.94,31.25
767.96,29.51
767.98,27.88
767.99,27.11
768.01,25.63
768.02,24.93
768.04,23.59
768.06,22.35
768.07,21.76
768.09,20.64
768.11,19.61
768.12,19.12
768.14,18.2
768.16,17.34
768.17,16.94
768.19,16.19
768.21,15.49
768.22,15.17
768.24,14.56
768.26,14.01
768.27,13.75
768.29,13.27
768.31,12.84
768.32,12.64
768.34,12.27
768.36,11.95
768.37,11.8
768.39,11.54
768.4,11.42
768.42,11.22
768.44,11.05
768.45,10.98
768.47,10.87
768.49,10.79
768.5,10.77
768.52,10.75
768.54,10.76
768.55,10.78
768.57,10.85
768.59,10.95
768.6,11.02
768.62,11.19
768.64,11.39
768.65,11.51
768.67,11.77
768.69,12.08
768.7,12.25
768.72,12.63
768.74,13.05
768.75,13.28
768.77,13.78
768.78,14.05
768.8,14.63
768.82,15.26
768.83,15.6
768.85,16.31
768.87,17.09
768.88,17.5
768.9,18.37
768.92,19.31
768.93,19.8
768.95,20.84
768.97,21.94
768.98,22.52
769.0,23.73
769.02,25.01
769.03,25.68
769.05,27.07
769.07,28.54
769.08,29.3
769.1,30.89
769.12,32.55
769.13,33.41
769.15,35.18
769.16,36.1
769.18,37.98
769.2,39.95
769.21,40.96
769.23,43.03
769.25,45.18
769.26,46.28
769.28,48.53
769.3,50.85
769.31,52.03
769.33,54.44
769.35,56.91
769.36,58.17
769.38,60.72
769.4,63.32
769.41,64.64
769.43,67.3
769.45,70.0
769.46,71.36
769.48,74.11
769.49,75.49
769.51,78.26
769.53,81.05
769.54,82.45
769.56,85.24
769.58,88.03
769.59,89.42
769.61,92.18
769.63,94.92
769.64,96.28
769.66,98.98
769.68,101.6
769.69,102.9
769.71,105.5
769.73,108.0
769.74,109.2
769.76,111.6
769.78,113.9
769.79,115.1
769.81,117.2
769.83,119.3
769.84,120.3
769.86,122.2
769.87,123.1
769.89,124.9
769.91,126.5
769.92,127.2
769.94,128.6
769.96,129.9
769.97,130.5
769.99,131.5
770.01,132.4
770.02,132.8
770.04,133.4
770.06,133.9
770.07,134.1
770.09,134.4
770.11,134.5
770.12,134.4
770.14,134.3
770.16,134.0
770.17,133.8
770.19,133.2
770.21,132.5
770.22,132.1
770.24,131.2
770.25,130.6
770.27,129.5
770.29,128.2
770.3,127.5
770.32,125.9
770.34,124.3
770.35,123.4
770.37,121.6
770.39,119.6
770.4,118.6
770.42,116.5
770.44,114.3
770.45,113.1
770.47,110.8
770.49,108.3
770.5,107.1
770.52,104.6
770.54,102.0
770.55,100.6
770.57,97.95
770.59,95.22
770.6,93.84
770.62,91.07
770.63,89.67
770.65,86.86
770.67,84.04
770.68,82.62
770.7,79.8
770.72,76.97
770.73,75.57
770.75,72.76
770.77,69.98
770.78,68.6
770.8,65.86
770.82,63.15
770.83,61.81
770.85,59.16
770.87,56.56
770.88,55.28
770.9,52.76
770.92,50.29
770.93,49.08
770.95,46.7
770.96,45.53
770.98,43.25
771.0,41.03
771.01,39.95
771.03,37.84
771.05,35.79
771.06,34.8
771.08,32.86
771.1,30.99
771.11,30.09
771.13,28.33
771.15,26.64
771.16,25.83
771.18,24.25
771.2,22.74
771.21,22.01
771.23,20.61
771.25,19.27
771.26,18.62
771.28,17.39
771.3,16.21
771.31,15.65
771.33,14.57
771.34,14.05
771.36,13.06
771.38,12.12
771.39,11.67
771.41,10.82
771.43,10.01
771.44,9.631
771.46,8.901
771.48,8.218
771.49,7.893
771.51,7.276
771.53,6.699
771.54,6.426
771.56,5.908
771.58,5.426
771.59,5.197
771.61,4.766
771.63,4.366
771.64,4.177
771.66,3.821
771.68,3.492
771.69,3.336
771.71,3.045
771.72,2.907
771.74,2.649
771.76,2.412
771.77,2.301
771.79,2.092
771.81,1.9
771.82,1.811
771.84,1.643
771.86,1.49
771.87,1.418
771.89,1.285
771.91,1.163
771.92,1.106
771.94,1.0
771.96,0.9045
771.97,0.8598
771.99,0.7768
772.01,0.7017
772.02,0.6668
772.04,0.6022
772.06,0.5439
772.07,0.5169
772.09,0.4671
772.1,0.444
772.12,0.4015
772.14,0.3634
772.15,0.3459
772.17,0.3136
772.19,0.2849
772.2,0.2717
772.22,0.2476
772.24,0.2262
772.25,0.2165
772.27,0.1989
772.29,0.1834
772.3,0.1765
772.32,0.164
772.34,0.1533
772.35,0.1486
772.37,0.1403
772.39,0.1334
772.4,0.1305
772.42,0.1257
772.43,0.1237
772.45,0.1207
772.47,0.1188
772.48,0.1183
772.5,0.118
772.52,0.1188
772.53,0.1195
772.55,0.1218
772.57,0.125
772.58,0.127
772.6,0.1317
772.62,0.1374
772.63,0.1407
772.65,0.1479
772.67,0.1563
772.68,0.1608
772.7,0.1708
772.72,0.182
772.73,0.1881
772.75,0.2012
772.77,0.2156
772.78,0.2234
772.8,0.24
772.81,0.2489
772.83,0.2679
772.85,0.2886
772.86,0.2996
772.88,0.323
772.9,0.3485
772.91,0.362
772.93,0.3906
772.95,0.4216
772.96,0.438
772.98,0.4726
773.0,0.51
773.01,0.5297
773.03,0.5714
773.05,0.6161
773.06,0.6396
773.08,0.6893
773.1,0.7424
773.11,0.7703
773.13,0.829
773.15,0.8916
773.16,0.9245
773.18,0.9933
773.19,1.029
773.21,1.105
773.23,1.185
773.24,1.227
773.26,1.314
773.28,1.407
773.29,1.455
773.31,1.556
773.33,1.662
773.34,1.717
773.36,1.831
773.38,1.952
773.39,2.014
773.41,2.143
773.43,2.278
773.44,2.348
773.46,2.493
773.48,2.644
773.49,2.722
773.51,2.882
773.53,3.048
773.54,3.134
773.56,3.31
773.57,3.4
773.59,3.585
773.61,3.776
773.62,3.874
773.64,4.073
773.66,4.279
773.67,4.383
773.69,4.597
773.71,4.815
773.72,4.926
773.74,5.151
773.76,5.381
773.77,5.497
773.79,5.733
773.81,5.971
773.82,6.091
773.84,6.334
773.86,6.578
773.87,6.701
773.89,6.948
773.9,7.071
773.92,7.319
773.94,7.566
773.95,7.69
773.97,7.936
773.99,8.18
774.0,8.302
774.02,8.542
774.04,8.779
774.05,8.896
774.07,9.127
774.09,9.353
774.1,9.464
774.12,9.68
774.14,9.891
774.15,9.993
774.17,10.19
774.19,10.38
774.2,10.47
774.22,10.65
774.24,10.82
774.25,10.9
774.27,11.05
774.28,11.12
774.3,11.25
774.32,11.37
774.33,11.43
774.35,11.53
774.37,11.62
774.38,11.66
774.4,11.73
774.42,11.79
774.43,11.81
774.45,11.85
774.47,11.87
774.48,11.87
774.5,11.87
774.52,11.86
774.53,11.85
774.55,11.81
774.57,11.76
774.58,11.73
774.6,11.66
774.62,11.58
774.63,11.53
774.65,11.43
774.66,11.37
774.68,11.25
774.7,11.11
774.71,11.04
774.73,10.89
774.75,10.73
774.76,10.64
774.78,10.47
774.8,10.28
774.81,10.18
774.83,9.984
774.85,9.776
774.86,9.67
774.88,9.452
774.9,9.228
774.91,9.114
774.93,8.882
774.95,8.646
774.96,8.526
774.98,8.285
775.0,8.04
775.01,7.917
775.03,7.67
775.04,7.546
775.06,7.297
775.08,7.048
775.09,6.924
775.11,6.676
775.13,6.429
775.14,6.306
775.16,6.062
775.18,5.821
775.19,5.701
775.21,5.465
775.23,5.232
775.24,5.117
775.26,4.89
775.28,4.668
775.29,4.558
775.31,4.344
775.33,4.134
775.34,4.032
775.36,3.83
775.37,3.732
775.39,3.54
775.41,3.354
775.42,3.263
775.44,3.086
775.46,2.915
775.47,2.832
775.49,2.671
775.51,2.516
775.52,2.441
775.54,2.296
775.56,2.157
775.57,2.09
775.59,1.96
775.61,1.836
775.62,1.776
775.64,1.661
775.66,1.552
775.67,1.5
775.69,1.399
775.71,1.304
775.72,1.258
775.74,1.171
775.75,1.129
775.77,1.049
775.79,0.9734
775.8,0.9374
775.82,0.8688
775.84,0.8044
775.85,0.7738
775.87,0.7155
775.89,0.661
775.9,0.6351
775.92,0.5859
775.94,0.5401
775.95,0.5184
775.97,0.4773
775.99,0.4392
776.0,0.4211
776.02,0.387
776.04,0.3554
776.05,0.3405
776.07,0.3124
776.09,0.2865
776.1,0.2743
776.12,0.2513
776.13,0.2405
776.15,0.2202
776.17,0.2015
776.18,0.1928
776.2,0.1763
776.22,0.1612
776.23,0.1542
776.25,0.1409
776.27,0.1288
776.28,0.1231
776.3,0.1125
776.32,0.1029
776.33,0.09835
776.35,0.08991
776.37,0.08222
776.38,0.07863
776.4,0.07194
776.42,0.06585
776.43,0.06302
776.45,0.05774
776.47,0.05294
776.48,0.05071
776.5,0.04656
776.51,0.04464
776.53,0.04105
776.55,0.03781
776.56,0.0363
776.58,0.03351
776.6,0.03099
776.61,0.02982
776.63,0.02766
776.65,0.02572
776.66,0.02482
776.68,0.02317
776.7,0.02168
776.71,0.021
776.73,0.01976
776.75,0.01865
776.76,0.01814
776.78,0.01723
776.8,0.01643
776.81,0.01607
776.83,0.01543
776.84,0.01514
776.86,0.01464
776.88,0.01423
776.89,0.01405
776.91,0.01376
776.93,0.01355
776.94,0.01347
776.96,0.01336
776.98,0.01332
776.99,0.01333
777.01,0.01338
777.03,0.0135
777.04,0.01358
777.06,0.01378
777.08,0.01404
777.09,0.01419
777.11,0.01454
777.13,0.01493
777.14,0.01515
777.16,0.01563
777.18,0.01616
777.19,0.01644
777.21,0.01704
777.22,0.01736
777.24,0.01804
777.26,0.01877
777.27,0.01915
777.29,0.01995
777.31,0.0208
777.32,0.02124
777.34,0.02216
777.36,0.02313
777.37,0.02362
777.39,0.02466
777.41,0.02574
777.42,0.02629
777.44,0.02743
777.46,0.02862
777.47,0.02923
777.49,0.03047
777.51,0.03176
777.52,0.03242
777.54,0.03376
777.56,0.03513
777.57,0.03584
777.59,0.03726
777.6,0.03799
777.62,0.03946
777.64,0.04096
777.65,0.04172
777.67,0.04326
777.69,0.04482
777.7,0.04561
777.72,0.0472
777.74,0.04881
777.75,0.04961
777.77,0.05124
777.79,0.05287
777.8,0.05369
777.82,0.05533
777.84,0.05697
777.85,0.05779
777.87,0.05942
777.89,0.06105
777.9,0.06186
777.92,0.06347
777.93,0.06427
777.95,0.06585
777.97,0.06742
777.98,0.06819
778.0,0.06972
778.02,0.07122
778.03,0.07195
778.05,0.0734
778.07,0.07481
778.08,0.0755
778.1,0.07686
778.12,0.07816
778.13,0.0788
778.15,0.08003
778.17,0.08121
778.18,0.08179
778.2,0.08289
778.22,0.08393
778.23,0.08443
778.25,0.08539
778.27,0.08628
778.28,0.08671
778.3,0.08751
778.31,0.08788
778.33,0.08858
778.35,0.08922
778.36,0.08951
778.38,0.09004
778.4,0.09051
778.41,0.09071
778.43,0.09108
778.45,0.09137
778.46,0.09149
778.48,0.09168
778.5,0.0918
778.51,0.09183
778.53,0.09185
778.55,0.0918
778.56,0.09175
778.58,0.09161
778.6,0.09139
778.61,0.09127
778.63,0.09096
778.65,0.09059
778.66,0.09039
778.68,0.08993
778.69,0.08968
778.71,0.08914
778.73,0.08855
778.74,0.08823
778.76,0.08756
778.78,0.08683
778.79,0.08645
778.81,0.08565
778.83,0.08481
778.84,0.08438
778.86,0.08347
778.88,0.08252
778.89,0.08203
778.91,0.08103
778.93,0.07999
778.94,0.07946
778.96,0.07837
778.98,0.07725
778.99,0.07668
779.01,0.07551
779.03,0.07432
779.04,0.07372
779.06,0.07249
779.07,0.07187
779.09,0.07061
779.11,0.06933
779.12,0.06869
779.14,0.06739
779.16,0.06607
779.17,0.0654
779.19,0.06407
779.21,0.06272
779.22,0.06204
779.24,0.06068
779.26,0.05931
779.27,0.05862
779.29,0.05725
779.31,0.05587
779.32,0.05518
779.34,0.0538
779.36,0.05242
779.37,0.05173
779.39,0.05036
779.4,0.04967
779.42,0.0483
779.44,0.04694
779.45,0.04626
779.47,0.04492
779.49,0.04358
779.5,0.04291
779.52,0.04159
779.54,0.04028
779.55,0.03964
779.57,0.03835
779.59,0.03708
779.6,0.03646
779.62,0.03522
779.64,0.034
779.65,0.03339
779.67,0.03221
779.69,0.03104
779.7,0.03047
779.72,0.02934
779.74,0.02824
779.75,0.02769
779.77,0.02663
779.78,0.02611
779.8,0.02509
779.82,0.02409
779.83,0.02361
779.85,0.02266
779.87,0.02174
779.88,0.02129
779.9,0.02042
779.92,0.01958
779.93,0.01917
779.95,0.01838
779.97,0.01762
779.98,0.01725
780.0,0.01655
780.02,0.01587
780.03,0.01554
780.05,0.01492
780.07,0.01432
780.08,0.01404
780.1,0.0135
780.12,0.01299
780.13,0.01275
780.15,0.01228
780.16,0.01207
780.18,0.01165
780.2,0.01127
780.21,0.01109
780.23,0.01076
780.25,0.01046
780.26,0.01032
780.28,0.01006
780.3,0.009832
780.31,0.009729
780.33,0.009543
780.35,0.009386
780.36,0.009318
780.38,0.009201
780.4,0.009111
780.41,0.009076
780.43,0.009024
780.45,0.008996
780.46,0.008991
780.48,0.009
780.5,0.009031
780.51,0.009054
780.53,0.009118
780.54,0.009158
780.56,0.009254
780.58,0.00937
780.59,0.009435
780.61,0.00958
780.63,0.009743
780.64,0.009832
780.66,0.01002
780.68,0.01023
780.69,0.01034
780.71,0.01057
780.73,0.01082
780.74,0.01095
780.76,0.01122
780.78,0.01151
780.79,0.01166
780.81,0.01197
780.83,0.01229
780.84,0.01246
780.86,0.01281
780.87,0.01298
780.89,0.01335
780.91,0.01373
780.92,0.01393
780.94,0.01433
780.96,0.01475
780.97,0.01496
780.99,0.0154
781.01,0.01586
781.02,0.01609
781.04,0.01658
781.06,0.01708
781.07,0.01733
781.09,0.01786
781.11,0.01841
781.12,0.0187
781.14,0.01928
781.16,0.01989
781.17,0.02021
781.19,0.02086
781.21,0.02155
781.22,0.02191
781.24,0.02265
781.25,0.02304
781.27,0.02384
781.29,0.0247
781.3,0.02515
781.32,0.02609
781.34,0.02709
781.35,0.02762
781.37,0.02874
781.39,0.02995
781.4,0.03058
781.42,0.03194
781.44,0.03341
781.45,0.03419
781.47,0.03586
781.49,0.03768
781.5,0.03865
781.52,0.04074
781.54,0.04303
781.55,0.04425
781.57,0.04689
781.59,0.0498
781.6,0.05136
781.62,0.05473
781.63,0.05655
781.65,0.06046
781.67,0.06479
781.68,0.06712
781.7,0.07215
781.72,0.07772
781.73,0.08073
781.75,0.08722
781.77,0.0944
781.78,0.09827
781.8,0.1066
781.82,0.1159
781.83,0.1208
781.85,0.1316
781.87,0.1434
781.88,0.1498
781.9,0.1635
781.92,0.1787
781.93,0.1868
781.95,0.2043
781.97,0.2236
781.98,0.2339
782.0,0.256
782.01,0.2679
782.03,0.2934
782.05,0.3213
782.06,0.3362
782.08,0.3681
782.1,0.4029
782.11,0.4215
782.13,0.4612
782.15,0.5044
782.16,0.5275
782.18,0.5765
782.2,0.6297
782.21,0.658
782.23,0.7181
782.25,0.7831
782.26,0.8175
782.28,0.8906
782.3,0.9694
782.31,1.011
782.33,1.099
782.34,1.146
782.36,1.244
782.38,1.349
782.39,1.405
782.41,1.521
782.43,1.646
782.44,1.712
782.46,1.85
782.48,1.997
782.49,2.074
782.51,2.235
782.53,2.406
782.54,2.495
782.56,2.682
782.58,2.88
782.59,2.983
782.61,3.198
782.63,3.424
782.64,3.542
782.66,3.787
782.68,4.044
782.69,4.177
782.71,4.453
782.72,4.595
782.74,4.891
782.76,5.199
782.77,5.358
782.79,5.686
782.81,6.028
782.82,6.203
782.84,6.564
782.86,6.938
782.87,7.13
782.89,7.524
782.91,7.93
782.92,8.137
782.94,8.561
782.96,8.997
782.97,9.22
782.99,9.672
783.01,10.14
783.02,10.37
783.04,10.85
783.06,11.33
783.07,11.58
783.09,12.08
783.1,12.33
783.12,12.84
783.14,13.35
783.15,13.61
783.17,14.13
783.19,14.65
783.2,14.91
783.22,15.44
783.24,15.96
783.25,16.22
783.27,16.74
783.29,17.26
783.3,17.52
783.32,18.03
783.34,18.53
783.35,18.78
783.37,19.27
783.39,19.75
783.4,19.99
783.42,20.45
783.44,20.9
783.45,21.12
783.47,21.55
783.48,21.76
783.5,22.16
783.52,22.54
783.53,22.72
783.55,23.07
783.57,23.4
783.58,23.56
783.6,23.85
783.62,24.13
783.63,24.25
783.65,24.49
783.67,24.69
783.68,24.79
783.7,24.95
783.72,25.09
783.73,25.15
783.75,25.25
783.77,25.32
783.78,25.34
783.8,25.37
783.81,25.37
783.83,25.35
783.85,25.31
783.86,25.27
783.88,25.19
783.9,25.07
783.91,25.0
783.93,24.85
783.95,24.67
783.96,24.57
783.98,24.35
784.0,24.1
784.01,23.97
784.03,23.69
784.05,23.39
784.06,23.24
784.08,22.91
784.1,22.56
784.11,22.38
784.13,22.0
784.15,21.61
784.16,21.41
784.18,21.0
784.19,20.79
784.21,20.36
784.23,19.92
784.24,19.7
784.26,19.24
784.28,18.79
784.29,18.55
784.31,18.09
784.33,17.62
784.34,17.38
784.36,16.91
784.38,16.44
784.39,16.2
784.41,15.73
784.43,15.26
784.44,15.03
784.46,14.56
784.48,14.11
784.49,13.88
784.51,13.43
784.53,12.99
784.54,12.77
784.56,12.34
784.57,12.13
784.59,11.72
784.61,11.31
784.62,11.11
784.64,10.72
784.66,10.34
784.67,10.16
784.69,9.795
784.71,9.444
784.72,9.273
784.74,8.939
784.76,8.617
784.77,8.46
784.79,8.156
784.81,7.863
784.82,7.721
784.84,7.445
784.86,7.18
784.87,7.052
784.89,6.804
784.91,6.566
784.92,6.451
784.94,6.229
784.95,6.122
784.97,5.914
784.99,5.715
785.0,5.619
785.02,5.434
785.04,5.257
785.05,5.171
785.07,5.006
785.09,4.848
785.1,4.771
785.12,4.623
785.14,4.481
785.15,4.413
785.17,4.28
785.19,4.152
785.2,4.09
785.22,3.969
785.24,3.853
785.25,3.797
785.27,3.686
785.28,3.633
785.3,3.528
785.32,3.426
785.33,3.377
785.35,3.28
785.37,3.185
785.38,3.138
785.4,3.047
785.42,2.958
785.43,2.915
785.45,2.828
785.47,2.744
785.48,2.702
785.5,2.62
785.52,2.54
785.53,2.5
785.55,2.421
785.57,2.344
785.58,2.306
785.6,2.231
785.62,2.156
785.63,2.12
785.65,2.047
785.66,2.012
785.68,1.941
785.7,1.871
785.71,1.837
785.73,1.77
785.75,1.703
785.76,1.671
785.78,1.606
785.8,1.543
785.81,1.512
785.83,1.451
785.85,1.392
785.86,1.363
785.88,1.306
785.9,1.25
785.91,1.223
785.93,1.17
785.95,1.119
785.96,1.094
785.98,1.045
786.0,0.9984
786.01,0.9758
786.03,0.9321
786.04,0.9111
786.06,0.8705
786.08,0.832
786.09,0.8136
786.11,0.7785
786.13,0.7457
786.14,0.7302
786.16,0.701
786.18,0.6744
786.19,0.662
786.21,0.6393
786.23,0.6193
786.24,0.6104
786.26,0.5947
786.28,0.582
786.29,0.5768
786.31,0.5689
786.33,0.5643
786.34,0.5633
786.36,0.5641
786.38,0.5685
786.39,0.5722
786.41,0.5826
786.42,0.5894
786.44,0.6063
786.46,0.6277
786.47,0.6403
786.49,0.6691
786.51,0.7031
786.52,0.7222
786.54,0.7647
786.56,0.8133
786.57,0.8399
786.59,0.8983
786.61,0.9636
786.62,0.999
786.64,1.076
786.66,1.16
786.67,1.206
786.69,1.304
786.71,1.411
786.72,1.468
786.74,1.59
786.75,1.655
786.77,1.794
786.79,1.944
786.8,2.024
786.82,2.193
786.84,2.376
786.85,2.472
786.87,2.676
786.89,2.895
786.9,3.011
786.92,3.254
786.94,3.515
786.95,3.652
786.97,3.939
786.99,4.246
787.0,4.407
787.02,4.744
787.04,5.102
787.05,5.289
787.07,5.68
787.09,6.095
787.1,6.311
787.12,6.761
787.13,6.996
787.15,7.484
787.17,7.999
787.18,8.266
787.2,8.821
787.22,9.403
787.23,9.705
787.25,10.33
787.27,10.98
787.28,11.32
787.3,12.02
787.32,12.75
787.33,13.12
787.35,13.89
787.37,14.7
787.38,15.11
787.4,15.95
787.42,16.83
787.43,17.28
787.45,18.2
787.47,19.15
787.48,19.63
787.5,20.62
787.51,21.13
787.53,22.16
787.55,23.22
787.56,23.75
787.58,24.84
787.6,25.96
787.61,26.52
787.63,27.66
787.65,28.83
787.66,29.41
787.68,30.6
787.7,31.8
787.71,32.4
787.73,33.61
787.75,34.83
787.76,35.45
787.78,36.67
787.8,37.9
787.81,38.52
787.83,39.74
787.85,40.96
787.86,41.57
787.88,42.77
787.89,43.37
787.91,44.55
787.93,45.71
787.94,46.29
787.96,47.42
787.98,48.52
787.99,49.07
788.01,50.13
788.03,51.15
788.04,51.65
788.06,52.62
788.08,53.55
788.09,54.0
788.11,54.86
788.13,55.68
788.14,56.07
788.16,56.8
788.18,57.49
788.19,57.81
788.21,58.41
788.22,58.69
788.24,59.19
788.26,59.64
788.27,59.84
788.29,60.2
788.31,60.48
788.32,60.6
788.34,60.79
788.36,60.92
788.37,60.95
788.39,60.98
788.41,60.93
788.42,60.88
788.44,60.74
788.46,60.53
788.47,60.4
788.49,60.1
788.51,59.73
788.52,59.52
788.54,59.06
788.56,58.54
788.57,58.26
788.59,57.66
788.6,57.34
788.62,56.65
788.64,55.92
788.65,55.54
788.67,54.73
788.69,53.89
788.7,53.45
788.72,52.54
788.74,51.6
788.75,51.12
788.77,50.13
788.79,49.11
788.8,48.59
788.82,47.54
788.84,46.46
788.85,45.92
788.87,44.82
788.89,43.71
788.9,43.15
788.92,42.03
788.94,40.91
788.95,40.34
788.97,39.22
788.98,38.65
789.0,37.53
789.02,36.42
789.03,35.87
789.05,34.77
789.07,33.68
789.08,33.15
789.1,32.08
789.12,31.04
789.13,30.53
789.15,29.51
789.17,28.52
789.18,28.04
789.2,27.08
789.22,26.15
789.23,25.7
789.25,24.81
789.27,23.95
789.28,23.53
789.3,22.71
789.31,22.31
789.33,21.54
789.35,20.79
789.36,20.43
789.38,19.72
789.4,19.05
789.41,18.72
789.43,18.09
789.45,17.49
789.46,17.2
789.48,16.63
789.5,16.1
789.51,15.84
789.53,15.34
789.55,14.86
789.56,14.64
789.58,14.2
789.6,13.78
789.61,13.58
789.63,13.19
789.65,12.82
789.66,12.64
789.68,12.3
789.69,12.13
789.71,11.82
789.73,11.51
789.74,11.37
789.76,11.09
789.78,10.82
789.79,10.68
789.81,10.43
789.83,10.19
789.84,10.07
789.86,9.838
789.88,9.615
789.89,9.507
789.91,9.294
789.93,9.087
789.94,8.985
789.96,8.786
789.98,8.59
789.99,8.494
790.01,8.304
790.03,8.117
790.04,8.025
790.06,7.842
790.07,7.751
790.09,7.571
790.11,7.393
790.12,7.304
790.14,7.128
790.16,6.954
790.17,6.867
790.19,6.694
790.21,6.522
790.22,6.437
790.24,6.267
790.26,6.098
790.27,6.015
790.29,5.848
790.31,5.683
790.32,5.601
790.34,5.439
790.36,5.279
790.37,5.199
790.39,5.042
790.41,4.888
790.42,4.812
790.44,4.662
790.45,4.588
790.47,4.442
790.49,4.3
790.5,4.231
790.52,4.095
790.54,3.963
790.55,3.898
790.57,3.773
790.59,3.652
790.6,3.594
790.62,3.481
790.64,3.374
790.65,3.322
790.67,3.223
790.69,3.13
790.7,3.086
790.72,3.002
790.74,2.925
790.75,2.889
790.77,2.822
790.78,2.79
790.8,2.733
790.82,2.683
790.83,2.661
790.85,2.621
790.87,2.589
790.88,2.576
790.9,2.555
790.92,2.541
790.93,2.537
790.95,2.535
790.97,2.54
790.98,2.545
791.0,2.561
791.02,2.585
791.03,2.599
791.05,2.634
791.07,2.676
791.08,2.7
791.1,2.753
791.12,2.813
791.13,2.846
791.15,2.916
791.16,2.954
791.18,3.034
791.2,3.121
791.21,3.167
791.23,3.264
791.25,3.366
791.26,3.42
791.28,3.531
791.3,3.648
791.31,3.708
791.33,3.833
791.35,3.962
791.36,4.029
791.38,4.165
791.4,4.305
791.41,4.377
791.43,4.523
791.45,4.672
791.46,4.748
791.48,4.901
791.5,5.058
791.51,5.136
791.53,5.296
791.54,5.376
791.56,5.538
791.58,5.701
791.59,5.782
791.61,5.946
791.63,6.11
791.64,6.192
791.66,6.356
791.68,6.52
791.69,6.601
791.71,6.763
791.73,6.923
791.74,7.003
791.76,7.161
791.78,7.317
791.79,7.394
791.81,7.546
791.83,7.695
791.84,7.768
791.86,7.913
791.88,8.055
791.89,8.124
791.91,8.261
791.92,8.327
791.94,8.458
791.96,8.585
791.97,8.647
791.99,8.768
792.01,8.885
792.02,8.942
792.04,9.053
792.06,9.16
792.07,9.212
792.09,9.313
792.11,9.41
792.12,9.457
792.14,9.549
792.16,9.637
792.17,9.68
792.19,9.762
792.21,9.842
792.22,9.881
792.24,9.956
792.25,9.992
792.27,10.06
792.29,10.13
792.3,10.17
792.32,10.23
792.34,10.3
792.35,10.33
792.37,10.39
792.39,10.45
792.4,10.48
792.42,10.54
792.44,10.6
792.45,10.63
792.47,10.68
792.49,10.74
792.5,10.77
792.52,10.83
792.54,10.89
792.55,10.92
792.57,10.98
792.59,11.04
792.6,11.07
792.62,11.14
792.63,11.17
792.65,11.24
792.67,11.3
792.68,11.34
792.7,11.41
792.72,11.48
792.73,11.51
792.75,11.58
792.77,11.66
792.78,11.7
792.8,11.77
792.82,11.85
792.83,11.89
792.85,11.97
792.87,12.05
792.88,12.09
792.9,12.17
792.92,12.25
792.93,12.29
792.95,12.37
792.97,12.46
792.98,12.5
793.0,12.58
793.01,12.62
793.03,12.7
793.05,12.78
793.06,12.82
793.08,12.9
793.1,12.98
793.11,13.01
793.13,13.09
793.15,13.16
793.16,13.2
793.18,13.27
793.2,13.33
793.21,13.37
793.23,13.43
793.25,13.49
793.26,13.52
793.28,13.58
793.3,13.63
793.31,13.66
793.33,13.71
793.35,13.75
793.36,13.78
793.38,13.82
793.39,13.84
793.41,13.88
793.43,13.91
793.44,13.93
793.46,13.96
793.48,13.99
793.49,14.01
793.51,14.04
793.53,14.06
793.54,14.07
793.56,14.1
793.58,14.12
793.59,14.13
793.61,14.15
793.63,14.17
793.64,14.18
793.66,14.2
793.68,14.22
793.69,14.24
793.71,14.26
793.72,14.27
793.74,14.29
793.76,14.32
793.77,14.33
793.79,14.35
793.81,14.38
793.82,14.4
793.84,14.43
793.86,14.46
793.87,14.48
793.89,14.51
793.91,14.55
793.92,14.57
793.94,14.61
793.96,14.66
793.97,14.68
793.99,14.73
794.01,14.78
794.02,14.8
794.04,14.85
794.06,14.9
794.07,14.93
794.09,14.98
794.1,15.01
794.12,15.07
794.14,15.12
794.15,15.15
794.17,15.2
794.19,15.25
794.2,15.28
794.22,15.33
794.24,15.38
794.25,15.4
794.27,15.45
794.29,15.49
794.3,15.5
794.32,15.54
794.34,15.57
794.35,15.58
794.37,15.6
794.39,15.61
794.4,15.62
794.42,15.62
794.44,15.62
794.45,15.61
794.47,15.59
794.48,15.58
794.5,15.55
794.52,15.52
794.53,15.49
794.55,15.44
794.57,15.37
794.58,15.34
794.6,15.26
794.62,15.17
794.63,15.12
794.65,15.01
794.67,14.9
794.68,14.83
794.7,14.7
794.72,14.56
794.73,14.48
794.75,14.32
794.77,14.15
794.78,14.06
794.8,13.87
794.82,13.67
794.83,13.57
794.85,13.36
794.86,13.25
794.88,13.03
794.9,12.79
794.91,12.67
794.93,12.43
794.95,12.17
794.96,12.04
794.98,11.78
795.0,11.51
795.01,11.38
795.03,11.1
795.05,10.82
795.06,10.68
795.08,10.39
795.1,10.1
795.11,9.954
795.13,9.661
795.15,9.367
795.16,9.219
795.18,8.924
795.19,8.777
795.21,8.482
795.23,8.189
795.24,8.043
795.26,7.752
795.28,7.464
795.29,7.321
795.31,7.037
795.33,6.757
795.34,6.618
795.36,6.344
795.38,6.075
795.39,5.943
795.41,5.681
795.43,5.426
795.44,5.3
795.46,5.053
795.48,4.813
795.49,4.695
795.51,4.465
795.53,4.241
795.54,4.132
795.56,3.919
795.57,3.815
795.59,3.613
795.61,3.418
795.62,3.323
795.64,3.139
795.66,2.962
795.67,2.877
795.69,2.711
795.71,2.553
795.72,2.476
795.74,2.329
795.76,2.189
795.77,2.121
795.79,1.991
795.81,1.868
795.82,1.809
795.84,1.696
795.86,1.589
795.87,1.538
795.89,1.441
795.91,1.35
795.92,1.307
795.94,1.224
795.95,1.185
795.97,1.111
795.99,1.042
796.0,1.01
796.02,0.9486
796.04,0.8923
796.05,0.8659
796.07,0.8165
796.09,0.7715
796.1,0.7505
796.12,0.7117
796.14,0.6768
796.15,0.6608
796.17,0.6314
796.19,0.6056
796.2,0.5939
796.22,0.5729
796.24,0.555
796.25,0.5471
796.27,0.5335
796.29,0.5226
796.3,0.5181
796.32,0.5109
796.33,0.5082
796.35,0.5045
796.37,0.5029
796.38,0.5028
796.4,0.5041
796.42,0.5072
796.43,0.5094
796.45,0.5149
796.47,0.522
796.48,0.5261
796.5,0.5352
796.52,0.5455
796.53,0.5511
796.55,0.563
796.57,0.576
796.58,0.5828
796.6,0.597
796.62,0.6119
796.63,0.6196
796.65,0.6354
796.66,0.6435
796.68,0.6601
796.7,0.6769
796.71,0.6855
796.73,0.7028
796.75,0.7202
796.76,0.7289
796.78,0.7464
796.8,0.7639
796.81,0.7725
796.83,0.7898
796.85,0.8068
796.86,0.8151
796.88,0.8316
796.9,0.8477
796.91,0.8556
796.93,0.8709
796.95,0.8857
796.96,0.8929
796.98,0.9067
797.0,0.9198
797.01,0.9261
797.03,0.938
797.04,0.9437
797.06,0.9544
797.08,0.9641
797.09,0.9687
797.11,0.9771
797.13,0.9845
797.14,0.9878
797.16,0.9937
797.18,0.9985
797.19,1.001
797.21,1.004
797.23,1.006
797.24,1.007
797.26,1.007
797.28,1.007
797.29,1.006
797.31,1.004
797.33,1.0
797.34,0.9984
797.36,0.9935
797.38,0.9876
797.39,0.9842
797.41,0.9768
797.42,0.9727
797.44,0.9639
797.46,0.954
797.47,0.9488
797.49,0.9377
797.51,0.9257
797.52,0.9194
797.54,0.9062
797.56,0.8923
797.57,0.885
797.59,0.8701
797.61,0.8545
797.62,0.8465
797.64,0.8301
797.66,0.8132
797.67,0.8046
797.69,0.787
797.71,0.7691
797.72,0.76
797.74,0.7416
797.75,0.7323
797.77,0.7136
797.79,0.6946
797.8,0.6851
797.82,0.666
797.84,0.6469
797.85,0.6373
797.87,0.6181
797.89,0.599
797.9,0.5895
797.92,0.5705
797.94,0.5517
797.95,0.5424
797.97,0.5238
797.99,0.5055
798.0,0.4965
798.02,0.4786
798.04,0.461
798.05,0.4523
798.07,0.4352
798.09,0.4185
798.1,0.4103
798.12,0.3941
798.13,0.3861
798.15,0.3706
798.17,0.3554
798.18,0.348
798.2,0.3334
798.22,0.3193
798.23,0.3125
798.25,0.299
798.27,0.286
798.28,0.2797
798.3,0.2674
798.32,0.2555
798.33,0.2497
798.35,0.2384
798.37,0.2276
798.38,0.2224
798.4,0.2122
798.42,0.2024
798.43,0.1977
798.45,0.1885
798.47,0.1797
798.48,0.1754
798.5,0.1672
798.51,0.1632
798.53,0.1555
798.55,0.1481
798.56,0.1446
798.58,0.1377
798.6,0.1312
798.61,0.128
798.63,0.1219
798.65,0.1161
798.66,0.1133
798.68,0.1079
798.7,0.1027
798.71,0.1002
798.73,0.09543
798.75,0.09086
798.76,0.08866
798.78,0.08443
798.8,0.0804
798.81,0.07846
798.83,0.07472
798.85,0.07117
798.86,0.06946
798.88,0.06617
798.89,0.06459
798.91,0.06155
798.93,0.05867
798.94,0.05729
798.96,0.05463
798.98,0.05212
798.99,0.05092
799.01,0.04862
799.03,0.04646
799.04,0.04542
799.06,0.04346
799.08,0.04162
799.09,0.04075
799.11,0.0391
799.13,0.03758
799.14,0.03687
799.16,0.03553
799.18,0.03432
799.19,0.03376
799.21,0.03274
799.22,0.03228
799.24,0.03144
799.26,0.03074
799.27,0.03044
799.29,0.02994
799.31,0.02957
799.32,0.02944
799.34,0.02928
799.36,0.02927
799.37,0.02932
799.39,0.02953
799.41,0.0299
799.42,0.03015
799.44,0.03077
799.46,0.03155
799.47,0.03201
799.49,0.03307
799.51,0.03431
799.52,0.03501
799.54,0.03655
799.56,0.03829
799.57,0.03924
799.59,0.04131
799.6,0.04242
799.62,0.04483
799.64,0.04748
799.65,0.04889
799.67,0.05191
799.69,0.05518
799.7,0.05692
799.72,0.0606
799.74,0.06457
799.75,0.06666
799.77,0.07106
799.79,0.07576
799.8,0.07823
799.82,0.0834
799.84,0.08889
799.85,0.09176
799.87,0.09775
799.89,0.1041
799.9,0.1074
799.92,0.1142
799.94,0.1214
799.95,0.1251
799.97,0.1329
799.98,0.1369
800.0,0.1452
800.02,0.1538
800.03,0.1583
800.05,0.1674
800.07,0.177
800.08,0.1819
800.1,0.192
800.12,0.2024
800.13,0.2078
800.15,0.2188
800.17,0.2301
800.18,0.2358
800.2,0.2476
800.22,0.2597
800.23,0.2659
800.25,0.2784
800.27,0.2912
800.28,0.2977
800.3,0.3109
800.32,0.3243
800.33,0.3311
800.35,0.3448
800.36,0.3517
800.38,0.3657
800.4,0.3797
800.41,0.3868
800.43,0.401
800.45,0.4153
800.46,0.4225
800.48,0.4368
800.5,0.451
800.51,0.4582
800.53,0.4724
800.55,0.4864
800.56,0.4934
800.58,0.5073
800.6,0.5209
800.61,0.5277
800.63,0.5409
800.65,0.5539
800.66,0.5603
800.68,0.5728
800.69,0.5789
800.71,0.5908
800.73,0.6023
800.74,0.6079
800.76,0.6186
800.78,0.6289
800.79,0.6338
800.81,0.6432
800.83,0.652
800.84,0.6562
800.86,0.664
800.88,0.6712
800.89,0.6746
800.91,0.6807
800.93,0.6862
800.94,0.6887
800.96,0.693
800.98,0.6966
800.99,0.6981
801.01,0.7005
801.03,0.7022
801.04,0.7027
801.06,0.7032
801.07,0.7032
801.09,0.7025
801.11,0.701
801.12,0.7
801.14,0.6973
801.16,0.6939
801.17,0.692
801.19,0.6874
801.21,0.6822
801.22,0.6793
801.24,0.673
801.26,0.666
801.27,0.6623
801.29,0.6543
801.31,0.6458
801.32,0.6413
801.34,0.6318
801.36,0.6219
801.37,0.6167
801.39,0.606
801.41,0.5949
801.42,0.5891
801.44,0.5774
801.45,0.5714
801.47,0.5591
801.49,0.5465
801.5,0.5401
801.52,0.5271
801.54,0.514
801.55,0.5073
801.57,0.4939
801.59,0.4804
801.6,0.4736
801.62,0.46
801.64,0.4464
801.65,0.4396
801.67,0.426
801.69,0.4125
801.7,0.4058
801.72,0.3925
801.74,0.3793
801.75,0.3728
801.77,0.36
801.79,0.3473
801.8,0.3411
801.82,0.3289
801.83,0.3229
801.85,0.3112
801.87,0.2998
801.88,0.2943
801.9,0.2835
801.92,0.2731
801.93,0.2681
801.95,0.2583
801.97,0.249
801.98,0.2446
802.0,0.236
802.02,0.2279
802.03,0.2241
802.05,0.2168
802.07,0.2101
802.08,0.207
802.1,0.2011
802.12,0.1958
802.13,0.1933
802.15,0.1889
802.16,0.187
802.18,0.1835
802.2,0.1806
802.21,0.1794
802.23,0.1775
802.25,0.1763
802.26,0.1759
802.28,0.1757
802.3,0.1761
802.31,0.1766
802.33,0.1781
802.35,0.1803
802.36,0.1817
802.38,0.185
802.4,0.189
802.41,0.1913
802.43,0.1964
802.45,0.2024
802.46,0.2056
802.48,0.2127
802.5,0.2205
802.51,0.2248
802.53,0.2338
802.54,0.2387
802.56,0.2489
802.58,0.26
802.59,0.2659
802.61,0.2782
802.63,0.2914
802.64,0.2983
802.66,0.3128
802.68,0.328
802.69,0.336
802.71,0.3525
802.73,0.3699
802.74,0.379
802.76,0.3976
802.78,0.4171
802.79,0.4271
802.81,0.4479
802.83,0.4694
802.84,0.4804
802.86,0.5032
802.88,0.5266
802.89,0.5386
802.91,0.5632
802.92,0.5758
802.94,0.6014
802.96,0.6277
802.97,0.6411
802.99,0.6683
803.01,0.6961
803.02,0.7102
803.04,0.7388
803.06,0.7679
803.07,0.7826
803.09,0.8123
803.11,0.8423
803.12,0.8574
803.14,0.8878
803.16,0.9185
803.17,0.9338
803.19,0.9646
803.21,0.9955
803.22,1.011
803.24,1.042
803.26,1.072
803.27,1.088
803.29,1.118
803.3,1.133
803.32,1.163
803.34,1.192
803.35,1.207
803.37,1.236
803.39,1.264
803.4,1.278
803.42,1.305
803.44,1.331
803.45,1.344
803.47,1.369
803.49,1.393
803.5,1.405
803.52,1.427
803.54,1.449
803.55,1.459
803.57,1.479
803.59,1.498
803.6,1.507
803.62,1.524
803.63,1.532
803.65,1.547
803.67,1.561
803.68,1.567
803.7,1.578
803.72,1.589
803.73,1.593
803.75,1.602
803.77,1.608
803.78,1.611
803.8,1.616
803.82,1.62
803.83,1.621
803.85,1.622
803.87,1.623
803.88,1.622
803.9,1.621
803.92,1.618
803.93,1.616
803.95,1.611
803.97,1.606
803.98,1.603
804.0,1.596
804.01,1.592
804.03,1.583
804.05,1.574
804.06,1.569
804.08,1.559
804.1,1.548
804.11,1.542
804.13,1.53
804.15,1.518
804.16,1.512
804.18,1.499
804.2,1.486
804.21,1.479
804.23,1.466
804.25,1.452
804.26,1.446
804.28,1.432
804.3,1.419
804.31,1.412
804.33,1.399
804.35,1.386
804.36,1.38
804.38,1.367
804.39,1.361
804.41,1.349
804.43,1.337
804.44,1.332
804.46,1.321
804.48,1.31
804.49,1.305
804.51,1.296
804.53,1.287
804.54,1.282
804.56,1.274
804.58,1.266
804.59,1.263
804.61,1.256
804.63,1.25
804.64,1.247
804.66,1.241
804.68,1.236
804.69,1.234
804.71,1.23
804.73,1.226
804.74,1.224
804.76,1.221
804.77,1.219
804.79,1.217
804.81,1.214
804.82,1.213
804.84,1.211
804.86,1.21
804.87,1.209
804.89,1.207
804.91,1.206
804.92,1.205
804.94,1.204
804.96,1.203
804.97,1.202
804.99,1.201
805.01,1.199
805.02,1.198
805.04,1.197
805.06,1.195
805.07,1.193
805.09,1.191
805.1,1.19
805.12,1.187
805.14,1.184
805.15,1.183
805.17,1.179
805.19,1.175
805.2,1.173
805.22,1.169
805.24,1.164
805.25,1.162
805.27,1.156
805.29,1.151
805.3,1.148
805.32,1.142
805.34,1.136
805.35,1.133
805.37,1.126
805.39,1.12
805.4,1.116
805.42,1.109
805.44,1.102
805.45,1.099
805.47,1.092
805.48,1.089
805.5,1.082
805.52,1.076
805.53,1.073
805.55,1.067
805.57,1.061
805.58,1.059
805.6,1.054
805.62,1.05
805.63,1.048
805.65,1.045
805.67,1.043
805.68,1.042
805.7,1.041
805.72,1.042
805.73,1.043
805.75,1.045
805.77,1.049
805.78,1.051
805.8,1.057
805.82,1.065
805.83,1.07
805.85,1.08
805.86,1.086
805.88,1.099
805.9,1.115
805.91,1.123
805.93,1.142
805.95,1.163
805.96,1.175
805.98,1.2
806.0,1.227
806.01,1.242
806.03,1.274
806.05,1.308
806.06,1.326
806.08,1.365
806.1,1.407
806.11,1.429
806.13,1.475
806.15,1.525
806.16,1.551
806.18,1.605
806.2,1.663
806.21,1.693
806.23,1.756
806.24,1.788
806.26,1.856
806.28,1.927
806.29,1.964
806.31,2.04
806.33,2.119
806.34,2.16
806.36,2.245
806.38,2.332
806.39,2.377
806.41,2.47
806.43,2.565
806.44,2.614
806.46,2.714
806.48,2.817
806.49,2.87
806.51,2.977
806.53,3.086
806.54,3.142
806.56,3.255
806.57,3.312
806.59,3.429
806.61,3.547
806.62,3.607
806.64,3.728
806.66,3.85
806.67,3.912
806.69,4.036
806.71,4.16
806.72,4.223
806.74,4.349
806.76,4.475
806.77,4.538
806.79,4.664
806.81,4.789
806.82,4.852
806.84,4.976
806.86,5.1
806.87,5.161
806.89,5.282
806.91,5.402
806.92,5.46
806.94,5.577
806.95,5.634
806.97,5.746
806.99,5.855
807.0,5.909
807.02,6.013
807.04,6.113
807.05,6.162
807.07,6.257
807.09,6.347
807.1,6.39
807.12,6.474
807.14,6.552
807.15,6.589
807.17,6.66
807.19,6.725
807.2,6.755
807.22,6.812
807.24,6.862
807.25,6.885
807.27,6.927
807.29,6.962
807.3,6.977
807.32,7.003
807.33,7.013
807.35,7.029
807.37,7.038
807.38,7.04
807.4,7.04
807.42,7.033
807.43,7.027
807.45,7.01
807.47,6.986
807.48,6.972
807.5,6.939
807.52,6.899
807.53,6.877
807.55,6.828
807.57,6.774
807.58,6.744
807.6,6.681
807.62,6.612
807.63,6.576
807.65,6.499
807.66,6.458
807.68,6.374
807.7,6.285
807.71,6.239
807.73,6.144
807.75,6.044
807.76,5.993
807.78,5.888
807.8,5.78
807.81,5.724
807.83,5.612
807.85,5.496
807.86,5.438
807.88,5.319
807.9,5.199
807.91,5.138
807.93,5.015
807.95,4.891
807.96,4.829
807.98,4.704
808.0,4.579
808.01,4.516
808.03,4.391
808.04,4.329
808.06,4.204
808.08,4.08
808.09,4.019
808.11,3.897
808.13,3.776
808.14,3.716
808.16,3.598
808.18,3.481
808.19,3.424
808.21,3.311
808.23,3.2
808.24,3.145
808.26,3.039
808.28,2.935
808.29,2.884
808.31,2.784
808.33,2.688
808.34,2.641
808.36,2.549
808.38,2.461
808.39,2.418
808.41,2.336
808.42,2.296
808.44,2.218
808.46,2.144
808.47,2.109
808.49,2.04
808.51,1.976
808.52,1.945
808.54,1.886
808.56,1.83
808.57,1.804
808.59,1.754
808.61,1.708
808.62,1.686
808.64,1.645
808.66,1.607
808.67,1.59
808.69,1.557
808.71,1.528
808.72,1.515
808.74,1.491
808.76,1.469
808.77,1.46
808.79,1.443
808.8,1.435
808.82,1.423
808.84,1.412
808.85,1.408
808.87,1.402
808.89,1.398
808.9,1.397
808.92,1.396
808.94,1.397
808.95,1.399
808.97,1.403
808.99,1.408
809.0,1.412
809.02,1.42
809.04,1.429
809.05,1.434
809.07,1.445
809.09,1.457
809.1,1.463
809.12,1.477
809.13,1.484
809.15,1.498
809.17,1.512
809.18,1.52
809.2,1.535
809.22,1.55
809.23,1.558
809.25,1.573
809.27,1.589
809.28,1.596
809.3,1.611
809.32,1.625
809.33,1.632
809.35,1.646
809.37,1.659
809.38,1.665
809.4,1.677
809.42,1.688
809.43,1.693
809.45,1.702
809.47,1.71
809.48,1.714
809.5,1.721
809.51,1.724
809.53,1.729
809.55,1.732
809.56,1.734
809.58,1.735
809.6,1.736
809.61,1.735
809.63,1.734
809.65,1.731
809.66,1.728
809.68,1.723
809.7,1.717
809.71,1.713
809.73,1.704
809.75,1.694
809.76,1.688
809.78,1.676
809.8,1.663
809.81,1.655
809.83,1.64
809.85,1.623
809.86,1.614
809.88,1.596
809.89,1.586
809.91,1.566
809.93,1.544
809.94,1.533
809.96,1.51
809.98,1.487
809.99,1.474
810.01,1.449
810.03,1.423
810.04,1.41
810.06,1.383
810.08,1.355
810.09,1.341
810.11,1.313
810.13,1.283
810.14,1.269
810.16,1.239
810.18,1.209
810.19,1.194
810.21,1.163
810.23,1.133
810.24,1.117
810.26,1.087
810.27,1.071
810.29,1.04
810.31,1.01
810.32,0.9942
810.34,0.9636
810.36,0.9331
810.37,0.918
810.39,0.8878
810.41,0.8579
810.42,0.8431
810.44,0.8138
810.46,0.7848
810.47,0.7705
810.49,0.7421
810.51,0.7142
810.52,0.7005
810.54,0.6734
810.56,0.6468
810.57,0.6337
810.59,0.6079
810.6,0.5953
810.62,0.5704
810.64,0.5462
810.65,0.5343
810.67,0.5111
810.69,0.4884
810.7,0.4774
810.72,0.4557
810.74,0.4347
810.75,0.4245
810.77,0.4045
810.79,0.3853
810.8,0.3759
810.82,0.3576
810.84,0.34
810.85,0.3315
810.87,0.3149
810.89,0.2989
810.9,0.2912
810.92,0.2763
810.94,0.262
810.95,0.255
810.97,0.2417
810.98,0.2353
811.0,0.2228
811.02,0.211
811.03,0.2053
811.05,0.1944
811.07,0.184
811.08,0.1791
811.1,0.1696
811.12,0.1606
811.13,0.1563
811.15,0.1482
811.17,0.1405
811.18,0.1369
811.2,0.13
811.22,0.1235
811.23,0.1205
811.25,0.1148
811.27,0.1095
811.28,0.107
811.3,0.1024
811.32,0.09821
811.33,0.09626
811.35,0.09268
811.36,0.09103
811.38,0.08803
811.4,0.08541
811.41,0.08424
811.43,0.08217
811.45,0.08046
811.46,0.07973
811.48,0.07854
811.5,0.07768
811.51,0.07737
811.53,0.077
811.55,0.07695
811.56,0.07704
811.58,0.07745
811.6,0.07815
811.61,0.07862
811.63,0.07977
811.65,0.0812
811.66,0.08202
811.68,0.08387
811.7,0.086
811.71,0.08716
811.73,0.08968
811.74,0.09104
811.76,0.09394
811.78,0.0971
811.79,0.09877
811.81,0.1023
811.83,0.1061
811.84,0.108
811.86,0.1121
811.88,0.1165
811.89,0.1187
811.91,0.1234
811.93,0.1282
811.94,0.1307
811.96,0.1359
811.98,0.1412
811.99,0.144
812.01,0.1496
812.03,0.1554
812.04,0.1583
812.06,0.1643
812.07,0.1674
812.09,0.1736
812.11,0.1799
812.12,0.1831
812.14,0.1896
812.16,0.1962
812.17,0.1995
812.19,0.2062
812.21,0.213
812.22,0.2163
812.24,0.2232
812.26,0.23
812.27,0.2334
812.29,0.2402
812.31,0.247
812.32,0.2504
812.34,0.2571
812.36,0.2638
812.37,0.2671
812.39,0.2736
812.41,0.2801
812.42,0.2832
812.44,0.2895
812.45,0.2925
812.47,0.2985
812.49,0.3043
812.5,0.3072
812.52,0.3127
812.54,0.318
812.55,0.3205
812.57,0.3254
812.59,0.3301
812.6,0.3323
812.62,0.3365
812.64,0.3405
812.65,0.3423
812.67,0.3458
812.69,0.3489
812.7,0.3504
812.72,0.353
812.74,0.3553
812.75,0.3563
812.77,0.358
812.79,0.3593
812.8,0.3599
812.82,0.3606
812.83,0.3609
812.85,0.3611
812.87,0.3609
812.88,0.3607
812.9,0.3599
812.92,0.3588
812.93,0.3581
812.95,0.3564
812.97,0.3543
812.98,0.3531
813.0,0.3505
813.02,0.3475
813.03,0.3459
813.05,0.3424
813.07,0.3386
813.08,0.3366
813.1,0.3323
813.12,0.3277
813.13,0.3253
813.15,0.3203
813.17,0.315
813.18,0.3123
813.2,0.3066
813.21,0.3037
813.23,0.2977
813.25,0.2916
813.26,0.2884
813.28,0.282
813.3,0.2754
813.31,0.272
813.33,0.2652
813.35,0.2583
813.36,0.2548
813.38,0.2478
813.4,0.2407
813.41,0.2371
813.43,0.2299
813.45,0.2227
813.46,0.2191
813.48,0.2119
813.5,0.2047
813.51,0.2011
813.53,0.194
813.54,0.1904
813.56,0.1834
813.58,0.1764
813.59,0.1729
813.61,0.166
813.63,0.1593
813.64,0.1559
813.66,0.1493
813.68,0.1428
813.69,0.1396
813.71,0.1334
813.73,0.1272
813.74,0.1242
813.76,0.1183
813.78,0.1126
813.79,0.1098
813.81,0.1043
813.83,0.09895
813.84,0.09635
813.86,0.09128
813.88,0.08639
813.89,0.084
813.91,0.07937
813.92,0.07712
813.94,0.07276
813.96,0.06857
813.97,0.06654
813.99,0.06261
814.01,0.05886
814.02,0.05705
814.04,0.05355
814.06,0.05021
814.07,0.04861
814.09,0.04552
814.11,0.04259
814.12,0.04118
814.14,0.03849
814.16,0.03594
814.17,0.03472
814.19,0.03238
814.21,0.03019
814.22,0.02914
814.24,0.02715
814.26,0.02528
814.27,0.02439
814.29,0.02271
814.3,0.02191
814.32,0.0204
814.34,0.019
814.35,0.01834
814.37,0.01709
814.39,0.01595
814.4,0.01541
814.42,0.0144
814.44,0.01349
814.45,0.01306
814.47,0.01228
814.49,0.01157
814.5,0.01124
814.52,0.01065
814.54,0.01012
814.55,0.009888
814.57,0.009467
814.59,0.00911
814.6,0.008955
814.62,0.008689
814.64,0.008482
814.65,0.008399
814.67,0.008274
814.68,0.008231
814.7,0.008183
814.72,0.008184
814.73,0.008203
814.75,0.008275
814.77,0.008392
814.78,0.008466
814.8,0.008648
814.82,0.00887
814.83,0.008996
814.85,0.009278
814.87,0.009597
814.88,0.009771
814.9,0.01014
814.92,0.01055
814.93,0.01077
814.95,0.01123
814.97,0.01172
814.98,0.01198
815.0,0.01251
815.01,0.01279
815.03,0.01338
815.05,0.01398
815.06,0.0143
815.08,0.01495
815.1,0.01562
815.11,0.01597
815.13,0.01667
815.15,0.0174
815.16,0.01778
815.18,0.01854
815.2,0.01931
815.21,0.01971
815.23,0.02051
815.25,0.02133
815.26,0.02174
815.28,0.02258
815.3,0.02342
815.31,0.02385
815.33,0.02471
815.35,0.02557
815.36,0.02601
815.38,0.02688
815.39,0.02731
815.41,0.02818
815.43,0.02905
815.44,0.02948
815.46,0.03034
815.48,0.03119
815.49,0.03162
815.51,0.03245
815.53,0.03328
815.54,0.03369
815.56,0.03449
815.58,0.03528
815.59,0.03566
815.61,0.03642
815.63,0.03715
815.64,0.03751
815.66,0.03821
815.68,0.03888
815.69,0.0392
815.71,0.03983
815.73,0.04043
815.74,0.04072
815.76,0.04127
815.77,0.04153
815.79,0.04204
815.81,0.04251
815.82,0.04273
815.84,0.04315
815.86,0.04354
815.87,0.04372
815.89,0.04406
815.91,0.04437
815.92,0.04451
815.94,0.04478
815.96,0.04502
815.97,0.04513
815.99,0.04533
816.01,0.04552
816.02,0.0456
816.04,0.04576
816.06,0.04592
816.07,0.04599
816.09,0.04614
816.11,0.04629
816.12,0.04637
816.14,0.04655
816.15,0.04664
816.17,0.04685
816.19,0.0471
816.2,0.04725
816.22,0.04757
816.24,0.04796
816.25,0.04819
816.27,0.0487
816.29,0.04932
816.3,0.04967
816.32,0.05046
816.34,0.0514
816.35,0.05193
816.37,0.05312
816.39,0.05451
816.4,0.05528
816.42,0.05701
816.44,0.05899
816.45,0.06009
816.47,0.06252
816.48,0.06386
816.5,0.06681
816.52,0.07015
816.53,0.07197
816.55,0.07597
816.57,0.08045
816.58,0.08289
816.6,0.08819
816.62,0.0941
816.63,0.0973
816.65,0.1042
816.67,0.1119
816.68,0.116
816.7,0.1249
816.72,0.1347
816.73,0.14
816.75,0.1513
816.77,0.1637
816.78,0.1703
816.8,0.1845
816.82,0.1999
816.83,0.2082
816.85,0.2257
816.86,0.2351
816.88,0.255
816.9,0.2765
816.91,0.288
816.93,0.3122
816.95,0.3384
816.96,0.3523
816.98,0.3816
817.0,0.4131
817.01,0.4297
817.03,0.4648
817.05,0.5025
817.06,0.5223
817.08,0.5639
817.1,0.6085
817.11,0.6318
817.13,0.6809
817.15,0.7331
817.16,0.7604
817.18,0.8176
817.2,0.8784
817.21,0.9101
817.23,0.9763
817.24,1.011
817.26,1.083
817.28,1.159
817.29,1.198
817.31,1.281
817.33,1.367
817.34,1.412
817.36,1.505
817.38,1.603
817.39,1.654
817.41,1.758
817.43,1.868
817.44,1.924
817.46,2.041
817.48,2.163
817.49,2.225
817.51,2.354
817.53,2.488
817.54,2.557
817.56,2.698
817.58,2.844
817.59,2.919
817.61,3.073
817.62,3.152
817.64,3.312
817.66,3.478
817.67,3.562
817.69,3.735
817.71,3.912
817.72,4.002
817.74,4.185
817.76,4.373
817.77,4.468
817.79,4.662
817.81,4.859
817.82,4.959
817.84,5.161
817.86,5.366
817.87,5.47
817.89,5.68
817.91,5.892
817.92,5.999
817.94,6.214
817.95,6.323
817.97,6.541
817.99,6.761
818.0,6.871
818.02,7.093
818.04,7.315
818.05,7.427
818.07,7.65
818.09,7.873
818.1,7.984
818.12,8.207
818.14,8.429
818.15,8.54
818.17,8.761
818.19,8.981
818.2,9.091
818.22,9.309
818.24,9.525
818.25,9.633
818.27,9.846
818.29,10.06
818.3,10.16
818.32,10.37
818.33,10.48
818.35,10.68
818.37,10.88
818.38,10.98
818.4,11.18
818.42,11.38
818.43,11.48
818.45,11.67
818.47,11.86
818.48,11.96
818.5,12.15
818.52,12.33
818.53,12.42
818.55,12.61
818.57,12.79
818.58,12.88
818.6,13.06
818.62,13.24
818.63,13.33
818.65,13.51
818.67,13.69
818.68,13.77
818.7,13.95
818.71,14.04
818.73,14.22
818.75,14.4
818.76,14.49
818.78,14.67
818.8,14.85
818.81,14.94
818.83,15.12
818.85,15.3
818.86,15.4
818.88,15.58
818.9,15.77
818.91,15.87
818.93,16.06
818.95,16.25
818.96,16.35
818.98,16.55
819.0,16.75
819.01,16.85
819.03,17.05
819.04,17.15
819.06,17.36
819.08,17.56
819.09,17.67
819.11,17.88
819.13,18.09
819.14,18.19
819.16,18.4
819.18,18.62
819.19,18.72
819.21,18.93
819.23,19.14
819.24,19.25
819.26,19.46
819.28,19.66
819.29,19.77
819.31,19.97
819.33,20.17
819.34,20.27
819.36,20.46
819.38,20.65
819.39,20.74
819.41,20.92
819.42,21.01
819.44,21.18
819.46,21.34
819.47,21.42
819.49,21.57
819.51,21.71
819.52,21.78
819.54,21.91
819.56,22.03
819.57,22.08
819.59,22.18
819.61,22.27
819.62,22.31
819.64,22.38
819.66,22.44
819.67,22.47
819.69,22.51
819.71,22.53
819.72,22.54
819.74,22.54
819.76,22.53
819.77,22.52
819.79,22.49
819.8,22.47
819.82,22.41
819.84,22.35
819.85,22.31
819.87,22.22
819.89,22.11
819.9,22.05
819.92,21.93
819.94,21.79
819.95,21.71
819.97,21.55
819.99,21.37
820.0,21.28
820.02,21.09
820.04,20.88
820.05,20.77
820.07,20.55
820.09,20.31
820.1,20.19
820.12,19.93
820.14,19.67
820.15,19.53
820.17,19.26
820.18,19.11
820.2,18.82
820.22,18.53
820.23,18.37
820.25,18.07
820.27,17.75
820.28,17.59
820.3,17.27
820.32,16.94
820.33,16.77
820.35,16.44
820.37,16.1
820.38,15.93
820.4,15.59
820.42,15.25
820.43,15.08
820.45,14.74
820.47,14.39
820.48,14.22
820.5,13.88
820.51,13.71
820.53,13.37
820.55,13.03
820.56,12.86
820.58,12.53
820.6,12.2
820.61,12.04
820.63,11.71
820.65,11.39
820.66,11.23
820.68,10.92
820.7,10.61
820.71,10.46
820.73,10.17
820.75,9.873
820.76,9.73
820.78,9.447
820.8,9.172
820.81,9.037
820.83,8.772
820.85,8.515
820.86,8.389
820.88,8.143
820.89,8.022
820.91,7.788
820.93,7.561
820.94,7.45
820.96,7.235
820.98,7.027
820.99,6.927
821.01,6.731
821.03,6.544
821.04,6.453
821.06,6.277
821.08,6.109
821.09,6.028
821.11,5.871
821.13,5.722
821.14,5.65
821.16,5.512
821.18,5.382
821.19,5.319
821.21,5.199
821.23,5.086
821.24,5.031
821.26,4.928
821.27,4.879
821.29,4.785
821.31,4.697
821.32,4.656
821.34,4.577
821.36,4.503
821.37,4.468
821.39,4.403
821.41,4.342
821.42,4.314
821.44,4.26
821.46,4.211
821.47,4.188
821.49,4.145
821.51,4.106
821.52,4.088
821.54,4.054
821.56,4.023
821.57,4.009
821.59,3.983
821.61,3.959
821.62,3.948
821.64,3.927
821.65,3.918
821.67,3.901
821.69,3.885
821.7,3.878
821.72,3.864
821.74,3.852
821.75,3.846
821.77,3.835
821.79,3.825
821.8,3.82
821.82,3.811
821.84,3.801
821.85,3.797
821.87,3.788
821.89,3.778
821.9,3.774
821.92,3.764
821.94,3.754
821.95,3.749
821.97,3.738
821.98,3.732
822.0,3.72
822.02,3.707
822.03,3.7
822.05,3.685
822.07,3.67
822.08,3.662
822.1,3.644
822.12,3.626
822.13,3.616
822.15,3.596
822.17,3.575
822.18,3.564
822.2,3.541
822.22,3.516
822.23,3.504
822.25,3.477
822.27,3.45
822.28,3.436
822.3,3.407
822.32,3.377
822.33,3.361
822.35,3.329
822.36,3.313
822.38,3.28
822.4,3.246
822.41,3.229
822.43,3.194
822.45,3.158
822.46,3.14
822.48,3.104
822.5,3.067
822.51,3.048
822.53,3.011
822.55,2.973
822.56,2.954
822.58,2.916
822.6,2.879
822.61,2.86
822.63,2.822
822.65,2.785
822.66,2.767
822.68,2.73
822.7,2.694
822.71,2.677
822.73,2.641
822.74,2.624
822.76,2.59
822.78,2.557
822.79,2.541
822.81,2.509
822.83,2.479
822.84,2.464
822.86,2.435
822.88,2.407
822.89,2.393
822.91,2.368
822.93,2.343
822.94,2.331
822.96,2.309
822.98,2.288
822.99,2.278
823.01,2.259
823.03,2.241
823.04,2.233
823.06,2.218
823.08,2.204
823.09,2.198
823.11,2.186
823.12,2.181
823.14,2.172
823.16,2.164
823.17,2.161
823.19,2.156
823.21,2.152
823.22,2.151
823.24,2.149
823.26,2.149
823.27,2.15
823.29,2.152
823.31,2.156
823.32,2.159
823.34,2.165
823.36,2.173
823.37,2.177
823.39,2.187
823.41,2.199
823.42,2.206
823.44,2.22
823.45,2.227
823.47,2.244
823.49,2.262
823.5,2.272
823.52,2.293
823.54,2.316
823.55,2.328
823.57,2.354
823.59,2.382
823.6,2.397
823.62,2.428
823.64,2.462
823.65,2.479
823.67,2.516
823.69,2.556
823.7,2.577
823.72,2.62
823.74,2.667
823.75,2.691
823.77,2.742
823.79,2.797
823.8,2.825
823.82,2.884
823.83,2.915
823.85,2.98
823.87,3.049
823.88,3.085
823.9,3.159
823.92,3.238
823.93,3.279
823.95,3.364
823.97,3.454
823.98,3.5
824.0,3.597
824.02,3.698
824.03,3.751
824.05,3.859
824.07,3.973
824.08,4.032
824.1,4.153
824.12,4.28
824.13,4.345
824.15,4.479
824.17,4.619
824.18,4.69
824.2,4.837
824.21,4.913
824.23,5.067
824.25,5.227
824.26,5.309
824.28,5.476
824.3,5.647
824.31,5.734
824.33,5.913
824.35,6.095
824.36,6.187
824.38,6.376
824.4,6.567
824.41,6.664
824.43,6.86
824.45,7.06
824.46,7.16
824.48,7.362
824.5,7.567
824.51,7.669
824.53,7.876
824.55,8.083
824.56,8.186
824.58,8.394
824.59,8.497
824.61,8.703
824.63,8.908
824.64,9.01
824.66,9.213
824.68,9.413
824.69,9.512
824.71,9.707
824.73,9.898
824.74,9.992
824.76,10.18
824.78,10.36
824.79,10.44
824.81,10.61
824.83,10.78
824.84,10.86
824.86,11.01
824.88,11.16
824.89,11.23
824.91,11.36
824.92,11.42
824.94,11.54
824.96,11.65
824.97,11.71
824.99,11.8
825.01,11.89
825.02,11.93
825.04,12.0
825.06,12.06
825.07,12.08
825.09,12.12
825.11,12.15
825.12,12.16
825.14,12.18
825.16,12.18
825.17,12.18
825.19,12.16
825.21,12.13
825.22,12.12
825.24,12.07
825.26,12.02
825.27,11.98
825.29,11.91
825.3,11.87
825.32,11.78
825.34,11.68
825.35,11.63
825.37,11.51
825.39,11.39
825.4,11.32
825.42,11.18
825.44,11.03
825.45,10.96
825.47,10.8
825.49,10.63
825.5,10.54
825.52,10.36
825.54,10.18
825.55,10.08
825.57,9.886
825.59,9.686
825.6,9.584
825.62,9.376
825.64,9.164
825.65,9.057
825.67,8.84
825.68,8.73
825.7,8.508
825.72,8.285
825.73,8.172
825.75,7.946
825.77,7.719
825.78,7.605
825.8,7.378
825.82,7.15
825.83,7.037
825.85,6.811
825.87,6.585
825.88,6.473
825.9,6.251
825.92,6.03
825.93,5.921
825.95,5.704
825.97,5.49
825.98,5.384
826.0,5.175
826.02,4.97
826.03,4.869
826.05,4.669
826.06,4.571
826.08,4.378
826.1,4.189
826.11,4.097
826.13,3.915
826.15,3.738
826.16,3.651
826.18,3.481
826.2,3.316
826.21,3.236
826.23,3.079
826.25,2.927
826.26,2.853
826.28,2.708
826.3,2.569
826.31,2.501
826.33,2.369
826.35,2.243
826.36,2.181
826.38,2.062
826.39,2.004
826.41,1.892
826.43,1.785
826.44,1.733
826.46,1.633
826.48,1.537
826.49,1.491
826.51,1.402
826.53,1.317
826.54,1.276
826.56,1.198
826.58,1.123
826.59,1.087
826.61,1.018
826.63,0.9528
826.64,0.9214
826.66,0.8613
826.68,0.8045
826.69,0.7773
826.71,0.7252
826.73,0.6762
826.74,0.6528
826.76,0.608
826.77,0.5866
826.79,0.5459
826.81,0.5076
826.82,0.4894
826.84,0.4547
826.86,0.4222
826.87,0.4068
826.89,0.3774
826.91,0.35
826.92,0.3371
826.94,0.3124
826.96,0.2895
826.97,0.2787
826.99,0.2582
827.01,0.2392
827.02,0.2302
827.04,0.2133
827.06,0.1977
827.07,0.1904
827.09,0.1766
827.11,0.1639
827.12,0.158
827.14,0.1469
827.15,0.1417
827.17,0.132
827.19,0.1232
827.2,0.1191
827.22,0.1116
827.24,0.1048
827.25,0.1017
827.27,0.09604
827.29,0.09103
827.3,0.08877
827.32,0.08471
827.34,0.08125
827.35,0.07973
827.37,0.07711
827.39,0.07502
827.4,0.07416
827.42,0.07283
827.44,0.07198
827.45,0.07173
827.47,0.07157
827.48,0.07166
827.5,0.07217
827.52,0.0731
827.53,0.07373
827.55,0.07529
827.57,0.07726
827.58,0.07839
827.6,0.08096
827.62,0.08392
827.63,0.08555
827.65,0.0891
827.67,0.09304
827.68,0.09515
827.7,0.09967
827.72,0.1046
827.73,0.1072
827.75,0.1127
827.77,0.1185
827.78,0.1216
827.8,0.128
827.82,0.1349
827.83,0.1384
827.85,0.1459
827.86,0.1497
827.88,0.1577
827.9,0.1661
827.91,0.1704
827.93,0.1794
827.95,0.1887
827.96,0.1935
827.98,0.2034
828.0,0.2137
828.01,0.219
828.03,0.2298
828.05,0.241
828.06,0.2467
828.08,0.2584
828.1,0.2705
828.11,0.2766
828.13,0.2891
828.15,0.302
828.16,0.3085
828.18,0.3218
828.2,0.3353
828.21,0.3421
828.23,0.356
828.24,0.3631
828.26,0.3773
828.28,0.3917
828.29,0.399
828.31,0.4137
828.33,0.4285
828.34,0.4359
828.36,0.4508
828.38,0.4658
828.39,0.4734
828.41,0.4884
828.43,0.5034
828.44,0.511
828.46,0.5259
828.48,0.5408
828.49,0.5482
828.51,0.5629
828.53,0.5774
828.54,0.5846
828.56,0.5988
828.58,0.6127
828.59,0.6196
828.61,0.6331
828.62,0.6397
828.64,0.6527
828.66,0.6653
828.67,0.6714
828.69,0.6833
828.71,0.6948
828.72,0.7004
828.74,0.7111
828.76,0.7213
828.77,0.7262
828.79,0.7355
828.81,0.7443
828.82,0.7484
828.84,0.7562
828.86,0.7633
828.87,0.7666
828.89,0.7727
828.91,0.7782
828.92,0.7806
828.94,0.785
828.95,0.7869
828.97,0.7901
828.99,0.7927
829.0,0.7937
829.02,0.7951
829.04,0.7958
829.05,0.7958
829.07,0.7954
829.09,0.7943
829.1,0.7934
829.12,0.7912
829.14,0.7883
829.15,0.7866
829.17,0.7826
829.19,0.778
829.2,0.7755
829.22,0.7699
829.24,0.7637
829.25,0.7604
829.27,0.7533
829.29,0.7457
829.3,0.7417
829.32,0.7333
829.33,0.729
829.35,0.7199
829.37,0.7104
829.38,0.7054
829.4,0.6953
829.42,0.6849
829.43,0.6795
829.45,0.6686
829.47,0.6574
829.48,0.6517
829.5,0.6402
829.52,0.6285
829.53,0.6226
829.55,0.6107
829.57,0.5987
829.58,0.5927
829.6,0.5806
829.62,0.5685
829.63,0.5625
829.65,0.5504
829.67,0.5385
829.68,0.5325
829.7,0.5207
829.71,0.5148
829.73,0.5032
829.75,0.4918
829.76,0.4862
829.78,0.4751
829.8,0.4642
829.81,0.4589
829.83,0.4484
829.85,0.4382
829.86,0.4332
829.88,0.4235
829.9,0.4141
829.91,0.4095
829.93,0.4006
829.95,0.392
829.96,0.3879
829.98,0.3799
830.0,0.3723
830.01,0.3686
830.03,0.3616
830.05,0.3549
830.06,0.3518
830.08,0.3457
830.09,0.3428
830.11,0.3373
830.13,0.3322
830.14,0.3298
830.16,0.3252
830.18,0.3211
830.19,0.3191
830.21,0.3155
830.23,0.3123
830.24,0.3108
830.26,0.308
830.28,0.3056
830.29,0.3046
830.31,0.3026
830.33,0.301
830.34,0.3003
830.36,0.2992
830.38,0.2983
830.39,0.2979
830.41,0.2974
830.42,0.2973
830.44,0.2971
830.46,0.2972
830.47,0.2973
830.49,0.2977
830.51,0.2982
830.52,0.2985
830.54,0.2993
830.56,0.3003
830.57,0.3008
830.59,0.3019
830.61,0.3031
830.62,0.3038
830.64,0.3051
830.66,0.3065
830.67,0.3073
830.69,0.3088
830.71,0.3103
830.72,0.3111
830.74,0.3126
830.76,0.3142
830.77,0.3149
830.79,0.3165
830.8,0.3172
830.82,0.3187
830.84,0.3201
830.85,0.3208
830.87,0.3222
830.89,0.3234
830.9,0.324
830.92,0.3252
830.94,0.3262
830.95,0.3267
830.97,0.3276
830.99,0.3284
831.0,0.3288
831.02,0.3294
831.04,0.33
831.05,0.3302
831.07,0.3305
831.09,0.3307
831.1,0.3308
831.12,0.3308
831.14,0.3308
831.15,0.3307
831.17,0.3304
831.18,0.3302
831.2,0.3298
831.22,0.3293
831.23,0.3289
831.25,0.3282
831.27,0.3274
831.28,0.327
831.3,0.3261
831.32,0.3251
831.33,0.3245
831.35,0.3234
831.37,0.3222
831.38,0.3216
831.4,0.3204
831.42,0.3191
831.43,0.3185
831.45,0.3172
831.47,0.3159
831.48,0.3152
831.5,0.3139
831.52,0.3126
831.53,0.312
831.55,0.3108
831.56,0.3102
831.58,0.3091
831.6,0.3081
831.61,0.3076
831.63,0.3067
831.65,0.3058
831.66,0.3055
831.68,0.3049
831.7,0.3044
831.71,0.3042
831.73,0.3039
831.75,0.3038
831.76,0.3039
831.78,0.304
831.8,0.3044
831.81,0.3047
831.83,0.3053
831.85,0.3062
831.86,0.3067
831.88,0.308
831.89,0.3087
831.91,0.3102
831.93,0.312
831.94,0.313
831.96,0.3151
831.98,0.3175
831.99,0.3188
832.01,0.3216
832.03,0.3246
832.04,0.3262
832.06,0.3296
832.08,0.3332
832.09,0.3351
832.11,0.3391
832.13,0.3433
832.14,0.3454
832.16,0.35
832.18,0.3547
832.19,0.3571
832.21,0.3621
832.23,0.3673
832.24,0.37
832.26,0.3754
832.27,0.3782
832.29,0.3838
832.31,0.3896
832.32,0.3925
832.34,0.3984
832.36,0.4044
832.37,0.4074
832.39,0.4135
832.41,0.4197
832.42,0.4227
832.44,0.4289
832.46,0.435
832.47,0.438
832.49,0.4441
832.51,0.4501
832.52,0.4531
832.54,0.459
832.56,0.4647
832.57,0.4675
832.59,0.4731
832.61,0.4785
832.62,0.4811
832.64,0.4862
832.65,0.4887
832.67,0.4934
832.69,0.498
832.7,0.5002
832.72,0.5043
832.74,0.5082
832.75,0.51
832.77,0.5135
832.79,0.5166
832.8,0.5181
832.82,0.5208
832.84,0.5231
832.85,0.5242
832.87,0.526
832.89,0.5275
832.9,0.5281
832.92,0.5291
832.94,0.5297
832.95,0.5299
832.97,0.53
832.99,0.5298
833.0,0.5295
833.02,0.5288
833.03,0.5283
833.05,0.527
833.07,0.5255
833.08,0.5246
833.1,0.5225
833.12,0.5202
833.13,0.519
833.15,0.5162
833.17,0.5132
833.18,0.5117
833.2,0.5083
833.22,0.5048
833.23,0.5029
833.25,0.4991
833.27,0.4951
833.28,0.493
833.3,0.4888
833.32,0.4845
833.33,0.4823
833.35,0.4778
833.36,0.4756
833.38,0.471
833.4,0.4665
833.41,0.4642
833.43,0.4597
833.45,0.4552
833.46,0.453
833.48,0.4487
833.5,0.4444
833.51,0.4423
833.53,0.4382
833.55,0.4343
833.56,0.4324
833.58,0.4288
833.6,0.4253
833.61,0.4237
833.63,0.4206
833.65,0.4178
833.66,0.4165
833.68,0.4141
833.7,0.412
833.71,0.411
833.73,0.4094
833.74,0.4087
833.76,0.4076
833.78,0.4069
833.79,0.4066
833.81,0.4064
833.83,0.4066
833.84,0.4068
833.86,0.4076
833.88,0.4087
833.89,0.4094
833.91,0.4112
833.93,0.4133
833.94,0.4145
833.96,0.4173
833.98,0.4204
833.99,0.4221
834.01,0.4258
834.03,0.4299
834.04,0.4321
834.06,0.4368
834.08,0.4418
834.09,0.4445
834.11,0.45
834.12,0.4529
834.14,0.4589
834.16,0.4653
834.17,0.4686
834.19,0.4754
834.21,0.4825
834.22,0.4861
834.24,0.4935
834.26,0.5012
834.27,0.5051
834.29,0.5131
834.31,0.5213
834.32,0.5254
834.34,0.5338
834.36,0.5423
834.37,0.5466
834.39,0.5553
834.41,0.5641
834.42,0.5685
834.44,0.5773
834.46,0.5861
834.47,0.5905
834.49,0.5994
834.5,0.6038
834.52,0.6125
834.54,0.6212
834.55,0.6255
834.57,0.6341
834.59,0.6426
834.6,0.6468
834.62,0.655
834.64,0.6631
834.65,0.6671
834.67,0.6749
834.69,0.6826
834.7,0.6863
834.72,0.6936
834.74,0.7007
834.75,0.7042
834.77,0.7109
834.79,0.7174
834.8,0.7206
834.82,0.7267
834.83,0.7296
834.85,0.7353
834.87,0.7408
834.88,0.7434
834.9,0.7484
834.92,0.7531
834.93,0.7553
834.95,0.7596
834.97,0.7636
834.98,0.7655
835.0,0.7691
835.02,0.7724
835.03,0.774
835.05,0.7769
835.07,0.7795
835.08,0.7807
835.1,0.783
835.12,0.7849
835.13,0.7858
835.15,0.7874
835.17,0.7888
835.18,0.7894
835.2,0.7904
835.21,0.7909
835.23,0.7916
835.25,0.7921
835.26,0.7922
835.28,0.7924
835.3,0.7924
835.31,0.7924
835.33,0.7921
835.35,0.7916
835.36,0.7913
835.38,0.7906
835.4,0.7898
835.41,0.7893
835.43,0.7882
835.45,0.7869
835.46,0.7863
835.48,0.7848
835.5,0.7832
835.51,0.7824
835.53,0.7806
835.55,0.7786
835.56,0.7776
835.58,0.7755
835.59,0.7743
835.61,0.772
835.63,0.7695
835.64,0.7683
835.66,0.7656
835.68,0.7628
835.69,0.7613
835.71,0.7583
835.73,0.7552
835.74,0.7535
835.76,0.7502
835.78,0.7466
835.79,0.7448
835.81,0.7411
835.83,0.7372
835.84,0.7352
835.86,0.731
835.88,0.7267
835.89,0.7245
835.91,0.7199
835.93,0.7152
835.94,0.7128
835.96,0.7078
835.97,0.7052
835.99,0.6999
836.01,0.6945
836.02,0.6917
836.04,0.686
836.06,0.68
836.07,0.677
836.09,0.6708
836.11,0.6644
836.12,0.6611
836.14,0.6545
836.16,0.6476
836.17,0.6441
836.19,0.637
836.21,0.6296
836.22,0.6259
836.24,0.6183
836.26,0.6105
836.27,0.6066
836.29,0.5986
836.3,0.5945
836.32,0.5862
836.34,0.5778
836.35,0.5736
836.37,0.5649
836.39,0.5562
836.4,0.5517
836.42,0.5428
836.44,0.5337
836.45,0.5291
836.47,0.5199
836.49,0.5106
836.5,0.5059
836.52,0.4964
836.54,0.4869
836.55,0.4821
836.57,0.4725
836.59,0.4629
836.6,0.4581
836.62,0.4484
836.64,0.4387
836.65,0.4339
836.67,0.4242
836.68,0.4193
836.7,0.4097
836.72,0.4001
836.73,0.3953
836.75,0.3858
836.77,0.3763
836.78,0.3716
836.8,0.3622
836.82,0.353
836.83,0.3484
836.85,0.3393
836.87,0.3303
836.88,0.3259
836.9,0.3171
836.92,0.3085
836.93,0.3043
836.95,0.2959
836.97,0.2878
836.98,0.2837
837.0,0.2758
837.02,0.2682
837.03,0.2644
837.05,0.257
837.06,0.2534
837.08,0.2464
837.1,0.2396
837.11,0.2363
837.13,0.2298
837.15,0.2237
837.16,0.2207
837.18,0.2149
837.2,0.2094
837.21,0.2067
837.23,0.2016
837.25,0.1968
837.26,0.1945
837.28,0.1902
837.3,0.1861
837.31,0.1842
837.33,0.1806
837.35,0.1773
837.36,0.1757
837.38,0.1729
837.39,0.1716
837.41,0.1692
837.43,0.1671
837.44,0.1662
837.46,0.1646
837.48,0.1634
837.49,0.1629
837.51,0.1621
837.53,0.1617
837.54,0.1616
837.56,0.1616
837.58,0.162
837.59,0.1623
837.61,0.1631
837.63,0.1643
837.64,0.165
837.66,0.1666
837.68,0.1686
837.69,0.1697
837.71,0.1722
837.73,0.1749
837.74,0.1764
837.76,0.1797
837.77,0.1814
837.79,0.1851
837.81,0.1891
837.82,0.1912
837.84,0.1956
837.86,0.2003
837.87,0.2028
837.89,0.2079
837.91,0.2134
837.92,0.2162
837.94,0.222
837.96,0.2281
837.97,0.2312
837.99,0.2376
838.01,0.2443
838.02,0.2478
838.04,0.2548
838.06,0.262
838.07,0.2657
838.09,0.2732
838.11,0.2809
838.12,0.2848
838.14,0.2928
838.15,0.2968
838.17,0.305
838.19,0.3133
838.2,0.3175
838.22,0.326
838.24,0.3346
838.25,0.3389
838.27,0.3475
838.29,0.3563
838.3,0.3606
838.32,0.3694
838.34,0.3781
838.35,0.3825
838.37,0.3912
838.39,0.3999
838.4,0.4042
838.42,0.4128
838.44,0.4213
838.45,0.4255
838.47,0.4337
838.49,0.4419
838.5,0.4459
838.52,0.4538
838.53,0.4576
838.55,0.4652
838.57,0.4726
838.58,0.4761
838.6,0.4831
838.62,0.4898
838.63,0.493
838.65,0.4992
838.67,0.5051
838.68,0.508
838.7,0.5133
838.72,0.5184
838.73,0.5207
838.75,0.5252
838.77,0.5292
838.78,0.531
838.8,0.5344
838.82,0.5374
838.83,0.5387
838.85,0.541
838.86,0.542
838.88,0.5436
838.9,0.5447
838.91,0.5451
838.93,0.5455
838.95,0.5455
838.96,0.5452
838.98,0.5445
839.0,0.5432
839.01,0.5424
839.03,0.5404
839.05,0.538
839.06,0.5366
839.08,0.5335
839.1,0.5299
839.11,0.5279
839.13,0.5237
839.15,0.519
839.16,0.5165
839.18,0.5112
839.2,0.5055
839.21,0.5025
839.23,0.4962
839.24,0.4929
839.26,0.4861
839.28,0.479
839.29,0.4753
839.31,0.4677
839.33,0.4599
839.34,0.4558
839.36,0.4475
839.38,0.439
839.39,0.4347
839.41,0.4259
839.43,0.4169
839.44,0.4123
839.46,0.4031
839.48,0.3937
839.49,0.389
839.51,0.3795
839.53,0.3699
839.54,0.3651
839.56,0.3555
839.58,0.3458
839.59,0.3409
839.61,0.3312
839.62,0.3264
839.64,0.3168
839.66,0.3072
839.67,0.3024
839.69,0.2929
839.71,0.2835
839.72,0.2789
839.74,0.2696
839.76,0.2605
839.77,0.256
839.79,0.2472
839.81,0.2384
839.82,0.2341
839.84,0.2257
839.86,0.2174
839.87,0.2133
839.89,0.2053
839.91,0.1976
839.92,0.1937
839.94,0.1863
839.96,0.179
839.97,0.1755
839.99,0.1686
840.0,0.1652
840.02,0.1587
840.04,0.1523
840.05,0.1492
840.07,0.1433
840.09,0.1375
840.1,0.1347
840.12,0.1293
840.14,0.1242
840.15,0.1217
840.17,0.1168
840.19,0.1123
840.2,0.11
840.22,0.1058
840.24,0.1018
840.25,0.09983
840.27,0.09612
840.29,0.09263
840.3,0.09096
840.32,0.08778
840.33,0.08626
840.35,0.08338
840.37,0.08069
840.38,0.07942
840.4,0.07702
840.42,0.0748
840.43,0.07376
840.45,0.0718
840.47,0.07002
840.48,0.0692
840.5,0.06766
840.52,0.06629
840.53,0.06567
840.55,0.06453
840.57,0.06354
840.58,0.06309
840.6,0.06232
840.62,0.06168
840.63,0.06141
840.65,0.06098
840.67,0.06067
840.68,0.06056
840.7,0.06044
840.71,0.06042
840.73,0.06048
840.75,0.06065
840.76,0.06077
840.78,0.06111
840.8,0.06155
840.81,0.06181
840.83,0.06241
840.85,0.0631
840.86,0.06349
840.88,0.06433
840.9,0.06526
840.91,0.06577
840.93,0.06684
840.95,0.068
840.96,0.06861
840.98,0.0699
841.0,0.07127
841.01,0.07199
841.03,0.07349
841.05,0.07507
841.06,0.07588
841.08,0.07758
841.09,0.07846
841.11,0.08027
841.13,0.08215
841.14,0.08312
841.16,0.08512
841.18,0.08719
841.19,0.08825
841.21,0.09043
841.23,0.09269
841.24,0.09384
841.26,0.09619
841.28,0.09862
841.29,0.09986
841.31,0.1024
841.33,0.105
841.34,0.1063
841.36,0.109
841.38,0.1118
841.39,0.1132
841.41,0.1161
841.43,0.119
841.44,0.1205
841.46,0.1235
841.47,0.1251
841.49,0.1282
841.51,0.1314
841.52,0.133
841.54,0.1363
841.56,0.1396
841.57,0.1413
841.59,0.1447
841.61,0.1482
841.62,0.15
841.64,0.1536
841.66,0.1572
841.67,0.159
841.69,0.1627
841.71,0.1665
841.72,0.1684
841.74,0.1722
841.76,0.1761
841.77,0.178
841.79,0.182
841.8,0.1839
841.82,0.1879
841.84,0.1919
841.85,0.194
841.87,0.198
841.89,0.2021
841.9,0.2041
841.92,0.2083
841.94,0.2124
841.95,0.2144
841.97,0.2186
841.99,0.2227
842.0,0.2248
842.02,0.229
842.04,0.2331
842.05,0.2352
842.07,0.2393
842.09,0.2434
842.1,0.2455
842.12,0.2496
842.14,0.2536
842.15,0.2557
842.17,0.2597
842.18,0.2617
842.2,0.2657
842.22,0.2696
842.23,0.2715
842.25,0.2754
842.27,0.2792
842.28,0.2811
842.3,0.2849
842.32,0.2886
842.33,0.2904
842.35,0.294
842.37,0.2976
842.38,0.2993
842.4,0.3028
842.42,0.3062
842.43,0.3078
842.45,0.3111
842.47,0.3144
842.48,0.316
842.5,0.3191
842.52,0.3222
842.53,0.3237
842.55,0.3267
842.56,0.3282
842.58,0.3311
842.6,0.3339
842.61,0.3353
842.63,0.3381
842.65,0.3408
842.66,0.3421
842.68,0.3447
842.7,0.3473
842.71,0.3485
842.73,0.351
842.75,0.3535
842.76,0.3547
842.78,0.3571
842.8,0.3594
842.81,0.3606
842.83,0.3629
842.85,0.3651
842.86,0.3662
842.88,0.3684
842.9,0.3706
842.91,0.3717
842.93,0.3738
842.94,0.3749
842.96,0.3769
842.98,0.379
842.99,0.38
843.01,0.382
843.03,0.384
843.04,0.385
843.06,0.3869
843.08,0.3888
843.09,0.3897
843.11,0.3916
843.13,0.3934
843.14,0.3942
843.16,0.396
843.18,0.3976
843.19,0.3984
843.21,0.4
843.23,0.4016
843.24,0.4023
843.26,0.4037
843.27,0.4044
843.29,0.4057
843.31,0.4069
843.32,0.4074
843.34,0.4085
843.36,0.4094
843.37,0.4099
843.39,0.4107
843.41,0.4113
843.42,0.4116
843.44,0.412
843.46,0.4123
843.47,0.4124
843.49,0.4125
843.51,0.4124
843.52,0.4123
843.54,0.412
843.56,0.4114
843.57,0.4111
843.59,0.4103
843.61,0.4093
843.62,0.4087
843.64,0.4074
843.65,0.4067
843.67,0.4051
843.69,0.4033
843.7,0.4023
843.72,0.4002
843.74,0.3978
843.75,0.3965
843.77,0.3939
843.79,0.391
843.8,0.3894
843.82,0.3862
843.84,0.3828
843.85,0.381
843.87,0.3773
843.89,0.3733
843.9,0.3713
843.92,0.367
843.94,0.3626
843.95,0.3603
843.97,0.3556
843.99,0.3507
844.0,0.3482
844.02,0.3431
844.03,0.3405
844.05,0.3351
844.07,0.3296
844.08,0.3268
844.1,0.3212
844.12,0.3154
844.13,0.3124
844.15,0.3065
844.17,0.3005
844.18,0.2975
844.2,0.2914
844.22,0.2852
844.23,0.2821
844.25,0.2759
844.27,0.2697
844.28,0.2666
844.3,0.2603
844.32,0.2541
844.33,0.251
844.35,0.2448
844.37,0.2386
844.38,0.2356
844.4,0.2295
844.41,0.2265
844.43,0.2205
844.45,0.2146
844.46,0.2116
844.48,0.2059
844.5,0.2002
844.51,0.1974
844.53,0.1919
844.55,0.1865
844.56,0.1838
844.58,0.1786
844.6,0.1736
844.61,0.1711
844.63,0.1662
844.65,0.1615
844.66,0.1592
844.68,0.1547
844.7,0.1503
844.71,0.1482
844.73,0.1441
844.74,0.1421
844.76,0.1382
844.78,0.1344
844.79,0.1326
844.81,0.1291
844.83,0.1257
844.84,0.1241
844.86,0.121
844.88,0.118
844.89,0.1165
844.91,0.1137
844.93,0.1111
844.94,0.1098
844.96,0.1074
844.98,0.1051
844.99,0.104
845.01,0.1019
845.03,0.09986
845.04,0.09891
845.06,0.09708
845.08,0.09537
845.09,0.09456
845.11,0.09301
845.12,0.09227
845.14,0.09088
845.16,0.08958
845.17,0.08897
845.19,0.08781
845.21,0.08674
845.22,0.08624
845.24,0.0853
845.26,0.08445
845.27,0.08406
845.29,0.08333
845.31,0.08268
845.32,0.08239
845.34,0.08186
845.36,0.08141
845.37,0.08122
845.39,0.08089
845.41,0.08064
845.42,0.08055
845.44,0.08042
845.46,0.08038
845.47,0.08039
845.49,0.08047
845.5,0.08055
845.52,0.08077
845.54,0.08109
845.55,0.08128
845.57,0.08175
845.59,0.08232
845.6,0.08264
845.62,0.08337
845.64,0.08422
845.65,0.08469
845.67,0.08572
845.69,0.08688
845.7,0.08751
845.72,0.08887
845.74,0.09037
845.75,0.09117
845.77,0.09289
845.79,0.09477
845.8,0.09577
845.82,0.09789
845.84,0.1002
845.85,0.1014
845.87,0.1039
845.88,0.1053
845.9,0.1081
845.92,0.1111
845.93,0.1127
845.95,0.116
845.97,0.1195
845.98,0.1213
846.0,0.1251
846.02,0.129
846.03,0.1311
846.05,0.1354
846.07,0.1399
846.08,0.1422
846.1,0.147
846.12,0.152
846.13,0.1546
846.15,0.1599
846.17,0.1654
846.18,0.1682
846.2,0.1739
846.21,0.1769
846.23,0.1829
846.25,0.1891
846.26,0.1923
846.28,0.1988
846.3,0.2054
846.31,0.2087
846.33,0.2155
846.35,0.2225
846.36,0.226
846.38,0.2331
846.4,0.2403
846.41,0.2439
846.43,0.2512
846.45,0.2585
846.46,0.2622
846.48,0.2697
846.5,0.2771
846.51,0.2808
846.53,0.2882
846.55,0.2957
846.56,0.2993
846.58,0.3067
846.59,0.3103
846.61,0.3175
846.63,0.3246
846.64,0.3282
846.66,0.3351
846.68,0.3419
846.69,0.3452
846.71,0.3517
846.73,0.3581
846.74,0.3612
846.76,0.3672
846.78,0.373
846.79,0.3757
846.81,0.3811
846.83,0.3863
846.84,0.3887
846.86,0.3934
846.88,0.3977
846.89,0.3998
846.91,0.4037
846.93,0.4072
846.94,0.4089
846.96,0.4119
846.97,0.4132
846.99,0.4157
847.01,0.4178
847.02,0.4187
847.04,0.4203
847.06,0.4214
847.07,0.4219
847.09,0.4225
847.11,0.4228
847.12,0.4228
847.14,0.4225
847.16,0.4219
847.17,0.4214
847.19,0.4203
847.21,0.4189
847.22,0.418
847.24,0.4162
847.26,0.4141
847.27,0.4129
847.29,0.4104
847.3,0.4091
847.32,0.4064
847.34,0.4035
847.35,0.402
847.37,0.399
847.39,0.3959
847.4,0.3944
847.42,0.3913
847.44,0.3883
847.45,0.3869
847.47,0.3842
847.49,0.3817
847.5,0.3805
847.52,0.3785
847.54,0.377
847.55,0.3764
847.57,0.3756
847.59,0.3755
847.6,0.3757
847.62,0.3768
847.64,0.3788
847.65,0.3802
847.67,0.3839
847.68,0.3862
847.7,0.3918
847.72,0.3989
847.73,0.4031
847.75,0.4129
847.77,0.4246
847.78,0.4312
847.8,0.4462
847.82,0.4638
847.83,0.4736
847.85,0.4954
847.87,0.5203
847.88,0.5341
847.9,0.5643
847.92,0.5985
847.93,0.6172
847.95,0.658
847.97,0.7036
847.98,0.7284
848.0,0.7821
848.02,0.8418
848.03,0.874
848.05,0.9435
848.06,0.9809
848.08,1.061
848.1,1.15
848.11,1.197
848.13,1.299
848.15,1.411
848.16,1.47
848.18,1.598
848.2,1.736
848.21,1.81
848.23,1.968
848.25,2.138
848.26,2.229
848.28,2.422
848.3,2.631
848.31,2.741
848.33,2.975
848.35,3.228
848.36,3.361
848.38,3.643
848.4,3.946
848.41,4.106
848.43,4.443
848.44,4.62
848.46,4.994
848.48,5.393
848.49,5.603
848.51,6.043
848.53,6.512
848.54,6.758
848.56,7.274
848.58,7.821
848.59,8.108
848.61,8.706
848.63,9.341
848.64,9.671
848.66,10.36
848.68,11.09
848.69,11.47
848.71,12.26
848.73,13.09
848.74,13.52
848.76,14.42
848.77,14.88
848.79,15.85
848.81,16.86
848.82,17.38
848.84,18.46
848.86,19.59
848.87,20.17
848.89,21.37
848.91,22.62
848.92,23.26
848.94,24.59
848.96,25.96
848.97,26.67
848.99,28.12
849.01,29.62
849.02,30.38
849.04,31.96
849.06,33.58
849.07,34.4
849.09,36.1
849.11,37.83
849.12,38.72
849.14,40.52
849.15,41.44
849.17,43.3
849.19,45.21
849.2,46.17
849.22,48.13
849.24,50.12
849.25,51.13
849.27,53.16
849.29,55.23
849.3,56.27
849.32,58.36
849.34,60.48
849.35,61.54
849.37,63.67
849.39,65.81
849.4,66.89
849.42,69.03
849.44,71.18
849.45,72.25
849.47,74.38
849.49,76.5
849.5,77.56
849.52,79.65
849.53,80.69
849.55,82.74
849.57,84.76
849.58,85.76
849.6,87.72
849.62,89.64
849.63,90.58
849.65,92.43
849.67,94.21
849.68,95.09
849.7,96.78
849.72,98.41
849.73,99.19
849.75,100.7
849.77,102.1
849.78,102.8
849.8,104.1
849.82,105.4
849.83,106.0
849.85,107.0
849.87,108.0
849.88,108.5
849.9,109.3
849.91,109.7
849.93,110.4
849.95,111.0
849.96,111.2
849.98,111.6
850.0,111.9
850.01,112.1
850.03,112.2
850.05,112.2
850.06,112.2
850.08,112.1
850.1,111.8
850.11,111.6
850.13,111.2
850.15,110.7
850.16,110.4
850.18,109.7
850.2,108.9
850.21,108.5
850.23,107.6
850.24,107.1
850.26,106.0
850.28,104.8
850.29,104.2
850.31,102.9
850.33,101.5
850.34,100.8
850.36,99.25
850.38,97.67
850.39,96.85
850.41,95.17
850.43,93.42
850.44,92.52
850.46,90.69
850.48,88.8
850.49,87.84
850.51,85.89
850.53,83.89
850.54,82.88
850.56,80.84
850.58,78.77
850.59,77.73
850.61,75.63
850.62,74.57
850.64,72.45
850.66,70.32
850.67,69.25
850.69,67.12
850.71,64.99
850.72,63.92
850.74,61.8
850.76,59.69
850.77,58.64
850.79,56.56
850.81,54.5
850.82,53.47
850.84,51.45
850.86,49.45
850.87,48.47
850.89,46.52
850.91,44.61
850.92,43.66
850.94,41.81
850.96,39.99
850.97,39.1
850.99,37.35
851.0,36.49
851.02,34.81
851.04,33.17
851.05,32.37
851.07,30.8
851.09,29.28
851.1,28.54
851.12,27.1
851.14,25.7
851.15,25.02
851.17,23.7
851.19,22.42
851.2,21.8
851.22,20.6
851.24,19.45
851.25,18.89
851.27,17.81
851.29,16.78
851.3,16.28
851.32,15.31
851.34,14.39
851.35,13.95
851.37,13.09
851.38,12.68
851.4,11.89
851.42,11.13
851.43,10.77
851.45,10.08
851.47,9.42
851.48,9.105
851.5,8.501
851.52,7.932
851.53,7.66
851.55,7.14
851.57,6.651
851.58,6.418
851.6,5.974
851.62,5.558
851.63,5.36
851.65,4.985
851.67,4.635
851.68,4.469
851.7,4.156
851.71,4.008
851.73,3.728
851.75,3.471
851.76,3.35
851.78,3.123
851.8,2.916
851.81,2.819
851.83,2.641
851.85,2.48
851.86,2.406
851.88,2.272
851.9,2.154
851.91,2.102
851.93,2.009
851.95,1.933
851.96,1.901
851.98,1.85
852.0,1.815
852.01,1.804
852.03,1.794
852.05,1.801
852.06,1.812
852.08,1.846
852.09,1.87
852.11,1.933
852.13,2.015
852.14,2.064
852.16,2.179
852.18,2.317
852.19,2.394
852.21,2.569
852.23,2.77
852.24,2.882
852.26,3.127
852.28,3.404
852.29,3.556
852.31,3.886
852.33,4.254
852.34,4.453
852.36,4.884
852.38,5.362
852.39,5.619
852.41,6.172
852.43,6.782
852.44,7.109
852.46,7.809
852.47,8.185
852.49,8.988
852.51,9.866
852.52,10.33
852.54,11.33
852.56,12.42
852.57,13.0
852.59,14.24
852.61,15.58
852.62,16.29
852.64,17.8
852.66,19.43
852.67,20.3
852.69,22.14
852.71,24.12
852.72,25.16
852.74,27.38
852.76,29.76
852.77,31.01
852.79,33.66
852.81,36.5
852.82,38.0
852.84,41.15
852.85,42.8
852.87,46.29
852.89,50.0
852.9,51.95
852.92,56.04
852.94,60.39
852.95,62.67
852.97,67.44
852.99,72.49
853.0,75.14
853.02,80.66
853.04,86.5
853.05,89.54
853.07,95.88
853.09,102.6
853.1,106.0
853.12,113.3
853.14,120.9
853.15,124.8
853.17,133.0
853.18,137.2
853.2,146.0
853.22,155.2
853.23,160.0
853.25,169.8
853.27,180.0
853.28,185.3
853.3,196.2
853.32,207.5
853.33,213.3
853.35,225.3
853.37,237.7
853.38,244.0
853.4,257.1
853.42,270.6
853.43,277.5
853.45,291.6
853.47,306.1
853.48,313.6
853.5,328.7
853.52,344.2
853.53,352.1
853.55,368.2
853.56,376.4
853.58,393.0
853.6,410.0
853.61,418.6
853.63,435.9
853.65,453.6
853.66,462.5
853.68,480.6
853.7,498.8
853.71,508.0
853.73,526.5
853.75,545.1
853.76,554.4
853.78,573.2
853.8,592.0
853.81,601.4
853.83,620.2
853.85,638.9
853.86,648.3
853.88,666.9
853.9,685.3
853.91,694.5
853.93,712.7
853.94,721.7
853.96,739.4
853.98,756.9
853.99,765.5
854.01,782.4
854.03,798.9
854.04,807.0
854.06,822.7
854.08,838.0
854.09,845.4
854.11,859.8
854.13,873.6
854.14,880.2
854.16,893.0
854.18,905.0
854.19,910.8
854.21,921.7
854.23,931.8
854.24,936.6
854.26,945.5
854.28,953.5
854.29,957.1
854.31,963.8
854.32,966.8
854.34,972.1
854.36,976.5
854.37,978.3
854.39,981.2
854.41,983.2
854.42,983.8
854.44,984.3
854.46,983.8
854.47,983.2
854.49,981.2
854.51,978.3
854.52,976.5
854.54,972.1
854.56,966.8
854.57,963.8
854.59,957.1
854.61,949.6
854.62,945.5
854.64,936.6
854.65,931.8
854.67,921.7
854.69,910.8
854.7,905.0
854.72,893.0
854.74,880.2
854.75,873.6
854.77,859.8
854.79,845.4
854.8,838.0
854.82,822.7
854.84,807.0
854.85,798.9
854.87,782.4
854.89,765.5
854.9,756.9
854.92,739.4
854.94,721.7
854.95,712.7
854.97,694.5
854.99,676.1
855.0,666.9
855.02,648.3
855.03,638.9
855.05,620.2
855.07,601.4
855.08,592.0
855.1,573.2
855.12,554.4
855.13,545.0
855.15,526.4
855.17,507.9
855.18,498.8
855.2,480.5
855.22,462.5
855.23,453.6
855.25,435.9
855.27,418.5
855.28,409.9
855.3,393.0
855.32,376.4
855.33,368.2
855.35,352.1
855.37,336.4
855.38,328.7
855.4,313.5
855.41,306.1
855.43,291.6
855.45,277.4
855.46,270.5
855.48,257.0
855.5,244.0
855.51,237.6
855.53,225.2
855.55,213.2
855.56,207.4
855.58,196.1
855.6,185.2
855.61,179.9
855.63,169.7
855.65,159.9
855.66,155.1
855.68,145.9
855.7,137.2
855.71,132.9
855.73,124.7
855.75,116.9
855.76,113.2
855.78,105.9
855.79,102.5
855.81,95.77
855.83,89.43
855.84,86.39
855.86,80.55
855.88,75.03
855.89,72.38
855.91,67.32
855.93,62.55
855.94,60.27
855.96,55.92
855.98,51.83
855.99,49.88
856.01,46.16
856.03,42.68
856.04,41.02
856.06,37.87
856.08,34.92
856.09,33.53
856.11,30.87
856.12,29.62
856.14,27.23
856.16,25.02
856.17,23.97
856.19,21.98
856.21,20.14
856.22,19.28
856.24,17.64
856.26,16.12
856.27,15.41
856.29,14.06
856.31,12.82
856.32,12.24
856.34,11.14
856.36,10.13
856.37,9.662
856.39,8.775
856.41,7.961
856.42,7.58
856.44,6.867
856.46,6.215
856.47,5.911
856.49,5.341
856.5,5.076
856.52,4.58
856.54,4.129
856.55,3.919
856.57,3.527
856.59,3.172
856.6,3.007
856.62,2.7
856.64,2.422
856.65,2.293
856.67,2.054
856.69,1.838
856.7,1.738
856.72,1.553
856.74,1.386
856.75,1.309
856.77,1.167
856.79,1.039
856.8,0.9801
856.82,0.8715
856.84,0.7741
856.85,0.7294
856.87,0.647
856.88,0.6091
856.9,0.5395
856.92,0.4775
856.93,0.449
856.95,0.3968
856.97,0.3503
856.98,0.329
857.0,0.2901
857.02,0.2556
857.03,0.2398
857.05,0.211
857.07,0.1855
857.08,0.1738
857.1,0.1526
857.12,0.1339
857.13,0.1254
857.15,0.1099
857.17,0.09632
857.18,0.09014
857.2,0.07892
857.21,0.07383
857.23,0.06461
857.25,0.05655
857.26,0.0529
857.28,0.04631
857.3,0.04056
857.31,0.03796
857.33,0.0333
857.35,0.02924
857.36,0.02742
857.38,0.02416
857.4,0.02134
857.41,0.02008
857.43,0.01784
857.45,0.01592
857.46,0.01507
857.48,0.01357
857.5,0.0123
857.51,0.01175
857.53,0.01078
857.55,0.009988
857.56,0.00965
857.58,0.009077
857.59,0.008839
857.61,0.00845
857.63,0.008166
857.64,0.00806
857.66,0.007913
857.68,0.007845
857.69,0.007838
857.71,0.007874
857.73,0.007971
857.74,0.008041
857.76,0.00822
857.78,0.008448
857.79,0.008579
857.81,0.008872
857.83,0.009206
857.84,0.009388
857.86,0.009777
857.88,0.0102
857.89,0.01043
857.91,0.0109
857.93,0.0114
857.94,0.01167
857.96,0.01221
857.97,0.0125
857.99,0.01309
858.01,0.01371
858.02,0.01402
858.04,0.01468
858.06,0.01536
858.07,0.01571
858.09,0.01643
858.11,0.01717
858.12,0.01755
858.14,0.01833
858.16,0.01913
858.17,0.01954
858.19,0.02037
858.21,0.02122
858.22,0.02166
858.24,0.02254
858.26,0.02345
858.27,0.02391
858.29,0.02484
858.31,0.0258
858.32,0.02628
858.34,0.02726
858.35,0.02776
858.37,0.02876
858.39,0.02979
858.4,0.0303
858.42,0.03135
858.44,0.03241
858.45,0.03294
858.47,0.03402
858.49,0.03512
858.5,0.03567
858.52,0.03678
858.54,0.0379
858.55,0.03847
858.57,0.03961
858.59,0.04075
858.6,0.04133
858.62,0.04249
858.64,0.04366
858.65,0.04425
858.67,0.04544
858.68,0.04603
858.7,0.04722
858.72,0.04842
858.73,0.04903
858.75,0.05023
858.77,0.05145
858.78,0.05206
858.8,0.05328
858.82,0.05451
858.83,0.05513
858.85,0.05636
858.87,0.0576
858.88,0.05822
858.9,0.05947
858.92,0.06072
858.93,0.06135
858.95,0.06261
858.97,0.06387
858.98,0.0645
859.0,0.06576
859.02,0.06703
859.03,0.06767
859.05,0.06894
859.06,0.06958
859.08,0.07086
859.1,0.07215
859.11,0.07279
859.13,0.07407
859.15,0.07536
859.16,0.07601
859.18,0.0773
859.2,0.07859
859.21,0.07923
859.23,0.08052
859.25,0.08181
859.26,0.08246
859.28,0.08374
859.3,0.08503
859.31,0.08567
859.33,0.08694
859.35,0.08821
859.36,0.08884
859.38,0.0901
859.4,0.09135
859.41,0.09197
859.43,0.0932
859.44,0.09381
859.46,0.09502
859.48,0.09621
859.49,0.0968
859.51,0.09796
859.53,0.0991
859.54,0.09966
859.56,0.1008
859.58,0.1018
859.59,0.1024
859.61,0.1034
859.63,0.1044
859.64,0.1049
859.66,0.1058
859.68,0.1067
859.69,0.1071
859.71,0.1079
859.73,0.1087
859.74,0.1091
859.76,0.1098
859.78,0.1104
859.79,0.1107
859.81,0.1113
859.82,0.1115
859.84,0.112
859.86,0.1124
859.87,0.1126
859.89,0.1129
859.91,0.1131
859.92,0.1132
859.94,0.1133
859.96,0.1133
859.97,0.1133
859.99,0.1132
860.01,0.1131
860.02,0.113
860.04,0.1127
860.06,0.1124
860.07,0.1122
860.09,0.1117
860.11,0.1112
860.12,0.1109
860.14,0.1102
860.15,0.1098
860.17,0.109
860.19,0.1082
860.2,0.1077
860.22,0.1067
860.24,0.1057
860.25,0.1051
860.27,0.1039
860.29,0.1027
860.3,0.1021
860.32,0.1007
860.34,0.09931
860.35,0.09858
860.37,0.09708
860.39,0.09552
860.4,0.09472
860.42,0.09308
860.44,0.0914
860.45,0.09053
860.47,0.08877
860.49,0.08697
860.5,0.08606
860.52,0.0842
860.53,0.08326
860.55,0.08136
860.57,0.07943
860.58,0.07846
860.6,0.07649
860.62,0.07451
860.63,0.07352
860.65,0.07152
860.67,0.06951
860.68,0.0685
860.7,0.06649
860.72,0.06448
860.73,0.06348
860.75,0.06148
860.77,0.05948
860.78,0.05849
860.8,0.05652
860.82,0.05457
860.83,0.0536
860.85,0.05168
860.87,0.04979
860.88,0.04885
860.9,0.047
860.91,0.04608
860.93,0.04428
860.95,0.04251
860.96,0.04164
860.98,0.03992
861.0,0.03825
861.01,0.03743
861.03,0.03582
861.05,0.03425
861.06,0.03348
861.08,0.03198
861.1,0.03052
861.11,0.02981
861.13,0.02843
861.15,0.02709
861.16,0.02644
861.18,0.02518
861.2,0.02396
861.21,0.02337
861.23,0.02223
861.25,0.02114
861.26,0.02061
861.28,0.01959
861.29,0.0191
861.31,0.01815
861.33,0.01725
861.34,0.01682
861.36,0.01599
861.38,0.01521
861.39,0.01484
861.41,0.01413
861.43,0.01346
861.44,0.01315
861.46,0.01255
861.48,0.01199
861.49,0.01173
861.51,0.01123
861.53,0.01078
861.54,0.01057
861.56,0.01018
861.58,0.009834
861.59,0.009673
861.61,0.009382
861.62,0.009251
861.64,0.009017
861.66,0.008821
861.67,0.008736
861.69,0.008596
861.71,0.008492
861.72,0.008454
861.74,0.008406
861.76,0.008394
861.77,0.008403
861.79,0.008447
861.81,0.008529
861.82,0.008584
861.84,0.008724
861.86,0.008903
861.87,0.009008
861.89,0.009249
861.91,0.009533
861.92,0.009692
861.94,0.01004
861.96,0.01044
861.97,0.01066
861.99,0.01114
862.0,0.0114
862.02,0.01196
862.04,0.01259
862.05,0.01292
862.07,0.01365
862.09,0.01444
862.1,0.01487
862.12,0.01579
862.14,0.01679
862.15,0.01733
862.17,0.01847
862.19,0.01973
862.2,0.0204
862.22,0.02183
862.24,0.02339
862.25,0.02423
862.27,0.02601
862.29,0.02795
862.3,0.02898
862.32,0.03118
862.34,0.03359
862.35,0.03486
862.37,0.03759
862.38,0.03904
862.4,0.04213
862.42,0.04549
862.43,0.04728
862.45,0.05108
862.47,0.05522
862.48,0.05741
862.5,0.06208
862.52,0.06715
862.53,0.06984
862.55,0.07555
862.57,0.08174
862.58,0.08503
862.6,0.092
862.62,0.09953
862.63,0.1035
862.65,0.112
862.67,0.1211
862.68,0.126
862.7,0.1362
862.72,0.1473
862.73,0.1531
862.75,0.1655
862.76,0.172
862.78,0.1858
862.8,0.2006
862.81,0.2084
862.83,0.2249
862.85,0.2427
862.86,0.252
862.88,0.2717
862.9,0.2928
862.91,0.3039
862.93,0.3272
862.95,0.3522
862.96,0.3654
862.98,0.393
863.0,0.4225
863.01,0.438
863.03,0.4705
863.05,0.5051
863.06,0.5233
863.08,0.5614
863.09,0.5814
863.11,0.6232
863.13,0.6676
863.14,0.6909
863.16,0.7396
863.18,0.7913
863.19,0.8183
863.21,0.8747
863.23,0.9345
863.24,0.9657
863.26,1.031
863.28,1.1
863.29,1.136
863.31,1.211
863.33,1.29
863.34,1.331
863.36,1.417
863.38,1.507
863.39,1.554
863.41,1.652
863.43,1.755
863.44,1.809
863.46,1.92
863.47,1.978
863.49,2.098
863.51,2.223
863.52,2.289
863.54,2.424
863.56,2.566
863.57,2.639
863.59,2.791
863.61,2.951
863.62,3.033
863.64,3.204
863.66,3.382
863.67,3.474
863.69,3.664
863.71,3.863
863.72,3.966
863.74,4.177
863.76,4.398
863.77,4.512
863.79,4.746
863.81,4.991
863.82,5.117
863.84,5.376
863.85,5.51
863.87,5.785
863.89,6.07
863.9,6.217
863.92,6.52
863.94,6.834
863.95,6.995
863.97,7.327
863.99,7.671
864.0,7.848
864.02,8.211
864.04,8.588
864.05,8.781
864.07,9.179
864.09,9.59
864.1,9.802
864.12,10.24
864.14,10.68
864.15,10.92
864.17,11.39
864.19,11.88
864.2,12.13
864.22,12.65
864.23,12.92
864.25,13.46
864.27,14.03
864.28,14.32
864.3,14.92
864.32,15.54
864.33,15.85
864.35,16.51
864.37,17.19
864.38,17.54
864.4,18.26
864.42,19.01
864.43,19.4
864.45,20.2
864.47,21.03
864.48,21.45
864.5,22.34
864.52,23.26
864.53,23.74
864.55,24.72
864.56,25.23
864.58,26.28
864.6,27.38
864.61,27.95
864.63,29.13
864.65,30.37
864.66,31.01
864.68,32.34
864.7,33.73
864.71,34.45
864.73,35.95
864.75,37.52
864.76,38.34
864.78,40.04
864.8,41.82
864.81,42.74
864.83,44.67
864.85,46.69
864.86,47.74
864.88,49.92
864.9,52.21
864.91,53.4
864.93,55.87
864.94,57.15
864.96,59.81
864.98,62.61
864.99,64.06
865.01,67.07
865.03,70.23
865.04,71.87
865.06,75.26
865.08,78.82
865.09,80.67
865.11,84.48
865.13,88.47
865.14,90.53
865.16,94.8
865.18,99.26
865.19,101.6
865.21,106.3
865.23,111.3
865.24,113.8
865.26,119.1
865.28,124.5
865.29,127.4
865.31,133.1
865.32,136.1
865.34,142.2
865.36,148.5
865.37,151.8
865.39,158.4
865.41,165.3
865.42,168.8
865.44,176.0
865.46,183.4
865.47,187.2
865.49,194.9
865.51,202.8
865.52,206.8
865.54,215.0
865.56,223.3
865.57,227.6
865.59,236.2
865.61,245.0
865.62,249.5
865.64,258.5
865.66,267.6
865.67,272.3
865.69,281.6
865.7,286.3
865.72,295.8
865.74,305.3
865.75,310.1
865.77,319.8
865.79,329.5
865.8,334.3
865.82,344.0
865.84,353.7
865.85,358.5
865.87,368.2
865.89,377.8
865.9,382.5
865.92,392.0
865.94,401.3
865.95,405.9
865.97,415.1
865.99,424.0
866.0,428.5
866.02,437.1
866.03,441.4
866.05,449.7
866.07,457.8
866.08,461.7
866.1,469.4
866.12,476.8
866.13,480.3
866.15,487.2
866.17,493.7
866.18,496.8
866.2,502.8
866.22,508.3
866.23,510.9
866.25,515.9
866.27,520.3
866.28,522.4
866.3,526.2
866.32,529.5
866.33,531.0
866.35,533.6
866.37,535.8
866.38,536.6
866.4,538.0
866.41,538.5
866.43,539.1
866.45,539.2
866.46,539.1
866.48,538.4
866.5,537.3
866.51,536.5
866.53,534.6
866.55,532.1
866.56,530.7
866.58,527.6
866.6,523.9
866.61,521.9
866.63,517.6
866.65,512.8
866.66,510.2
866.68,504.8
866.7,498.9
866.71,495.8
866.73,489.3
866.75,482.5
866.76,478.9
866.78,471.5
866.79,467.7
866.81,459.8
866.83,451.6
866.84,447.4
866.86,438.9
866.88,430.0
866.89,425.5
866.91,416.3
866.93,407.0
866.94,402.2
866.96,392.6
866.98,382.9
866.99,378.0
867.01,368.0
867.03,358.0
867.04,353.0
867.06,342.9
867.08,332.8
867.09,327.7
867.11,317.6
867.13,307.5
867.14,302.4
867.16,292.4
867.17,287.4
867.19,277.4
867.21,267.6
867.22,262.7
867.24,253.0
867.26,243.4
867.27,238.6
867.29,229.3
867.31,220.1
867.32,215.5
867.34,206.5
867.36,197.8
867.37,193.4
867.39,185.0
867.41,176.7
867.42,172.6
867.44,164.6
867.46,156.9
867.47,153.1
867.49,145.7
867.5,142.1
867.52,135.0
867.54,128.1
867.55,124.8
867.57,118.3
867.59,112.0
867.6,109.0
867.62,103.1
867.64,97.36
867.65,94.6
867.67,89.25
867.69,84.12
867.7,81.63
867.72,76.83
867.74,72.24
867.75,70.03
867.77,65.76
867.79,61.69
867.8,59.73
867.82,55.95
867.84,52.37
867.85,50.64
867.87,47.33
867.88,45.75
867.9,42.7
867.92,39.82
867.93,38.44
867.95,35.8
867.97,33.31
867.98,32.12
868.0,29.85
868.02,27.72
868.03,26.7
868.05,24.76
868.07,22.94
868.08,22.08
868.1,20.44
868.12,18.9
868.13,18.17
868.15,16.79
868.17,15.5
868.18,14.89
868.2,13.74
868.22,12.66
868.23,12.16
868.25,11.2
868.26,10.75
868.28,9.896
868.3,9.109
868.31,8.738
868.33,8.04
868.35,7.397
868.36,7.095
868.38,6.528
868.4,6.008
868.41,5.764
868.43,5.307
868.45,4.888
868.46,4.693
868.48,4.327
868.5,3.994
868.51,3.839
868.53,3.549
868.55,3.286
868.56,3.164
868.58,2.936
868.59,2.831
868.61,2.635
868.63,2.458
868.64,2.376
868.66,2.224
868.68,2.088
868.69,2.025
868.71,1.909
868.73,1.805
868.74,1.757
868.76,1.669
868.78,1.59
868.79,1.554
868.81,1.488
868.83,1.429
868.84,1.402
868.86,1.352
868.88,1.308
868.89,1.288
868.91,1.252
868.93,1.219
868.94,1.205
868.96,1.178
868.97,1.165
868.99,1.143
869.01,1.122
869.02,1.113
869.04,1.096
869.06,1.081
869.07,1.074
869.09,1.061
869.11,1.049
869.12,1.043
869.14,1.032
869.16,1.022
869.17,1.018
869.19,1.008
869.21,0.9995
869.22,0.9952
869.24,0.9867
869.26,0.9783
869.27,0.9741
869.29,0.9658
869.31,0.9574
869.32,0.9532
869.34,0.9447
869.35,0.9404
869.37,0.9316
869.39,0.9227
869.4,0.9181
869.42,0.9088
869.44,0.8994
869.45,0.8945
869.47,0.8847
869.49,0.8746
869.5,0.8695
869.52,0.8591
869.54,0.8484
869.55,0.843
869.57,0.8321
869.59,0.821
869.6,0.8153
869.62,0.804
869.64,0.7924
869.65,0.7866
869.67,0.7749
869.69,0.7631
869.7,0.7571
869.72,0.7452
869.73,0.7392
869.75,0.7272
869.77,0.7151
869.78,0.7091
869.8,0.697
869.82,0.685
869.83,0.679
869.85,0.6671
869.87,0.6552
869.88,0.6493
869.9,0.6375
869.92,0.6259
869.93,0.6201
869.95,0.6086
869.97,0.5973
869.98,0.5917
870.0,0.5807
870.02,0.5698
870.03,0.5644
870.05,0.5538
870.06,0.5485
870.08,0.5382
870.1,0.5282
870.11,0.5232
870.13,0.5134
870.15,0.5039
870.16,0.4993
870.18,0.4901
870.2,0.4813
870.21,0.4769
870.23,0.4684
870.25,0.4602
870.26,0.4562
870.28,0.4483
870.3,0.4408
870.31,0.4371
870.33,0.43
870.35,0.4232
870.36,0.4198
870.38,0.4134
870.4,0.4073
870.41,0.4043
870.43,0.3987
870.44,0.3959
870.46,0.3907
870.48,0.3857
870.49,0.3834
870.51,0.3789
870.53,0.3746
870.54,0.3726
870.56,0.3689
870.58,0.3654
870.59,0.3638
870.61,0.3608
870.63,0.3581
870.64,0.3568
870.66,0.3545
870.68,0.3525
870.69,0.3517
870.71,0.3501
870.73,0.3489
870.74,0.3483
870.76,0.3475
870.78,0.347
870.79,0.3468
870.81,0.3467
870.82,0.3468
870.84,0.347
870.86,0.3476
870.87,0.348
870.89,0.349
870.91,0.3502
870.92,0.3509
870.94,0.3525
870.96,0.3543
870.97,0.3553
870.99,0.3575
871.01,0.3599
871.02,0.3612
871.04,0.364
871.06,0.3669
871.07,0.3684
871.09,0.3717
871.11,0.3751
871.12,0.3768
871.14,0.3805
871.16,0.3843
871.17,0.3863
871.19,0.3903
871.2,0.3924
871.22,0.3966
871.24,0.4009
871.25,0.4031
871.27,0.4075
871.29,0.4121
871.3,0.4144
871.32,0.419
871.34,0.4237
871.35,0.426
871.37,0.4307
871.39,0.4354
871.4,0.4378
871.42,0.4425
871.44,0.4472
871.45,0.4495
871.47,0.4542
871.49,0.4588
871.5,0.461
871.52,0.4655
871.53,0.4677
871.55,0.472
871.57,0.4763
871.58,0.4783
871.6,0.4824
871.62,0.4863
871.63,0.4882
871.65,0.4919
871.67,0.4955
871.68,0.4972
871.7,0.5005
871.72,0.5036
871.73,0.5051
871.75,0.5079
871.77,0.5106
871.78,0.5118
871.8,0.5142
871.82,0.5163
871.83,0.5173
871.85,0.5191
871.87,0.5207
871.88,0.5215
871.9,0.5228
871.91,0.5233
871.93,0.5243
871.95,0.5251
871.96,0.5254
871.98,0.5258
872.0,0.5261
872.01,0.5261
872.03,0.5261
872.05,0.5259
872.06,0.5257
872.08,0.5253
872.1,0.5246
872.11,0.5243
872.13,0.5234
872.15,0.5224
872.16,0.5219
872.18,0.5207
872.2,0.5195
872.21,0.5188
872.23,0.5175
872.25,0.5161
872.26,0.5153
872.28,0.5139
872.29,0.5131
872.31,0.5116
872.33,0.5102
872.34,0.5094
872.36,0.508
872.38,0.5067
872.39,0.5061
872.41,0.5049
872.43,0.5038
872.44,0.5033
872.46,0.5025
872.48,0.5018
872.49,0.5015
872.51,0.5011
872.53,0.501
872.54,0.501
872.56,0.5012
872.58,0.5017
872.59,0.502
872.61,0.503
872.63,0.5042
872.64,0.505
872.66,0.5067
872.67,0.5077
872.69,0.51
872.71,0.5127
872.72,0.5142
872.74,0.5175
872.76,0.5212
872.77,0.5232
872.79,0.5275
872.81,0.5323
872.82,0.5348
872.84,0.5402
872.86,0.5461
872.87,0.5492
872.89,0.5557
872.91,0.5626
872.92,0.5662
872.94,0.5738
872.96,0.5818
872.97,0.586
872.99,0.5946
873.0,0.5991
873.02,0.6083
873.04,0.6178
873.05,0.6228
873.07,0.6329
873.09,0.6433
873.1,0.6487
873.12,0.6595
873.14,0.6707
873.15,0.6764
873.17,0.6879
873.19,0.6996
873.2,0.7055
873.22,0.7175
873.24,0.7295
873.25,0.7356
873.27,0.7478
873.29,0.7601
873.3,0.7662
873.32,0.7784
873.34,0.7906
873.35,0.7966
873.37,0.8086
873.38,0.8146
873.4,0.8264
873.42,0.8379
873.43,0.8436
873.45,0.8548
873.47,0.8657
873.48,0.871
873.5,0.8813
873.52,0.8913
873.53,0.8961
873.55,0.9054
873.57,0.9142
873.58,0.9184
873.6,0.9264
873.62,0.9339
873.63,0.9374
873.65,0.944
873.67,0.9499
873.68,0.9526
873.7,0.9576
873.72,0.9618
873.73,0.9637
873.75,0.9668
873.76,0.9681
873.78,0.9702
873.8,0.9715
873.81,0.9719
873.83,0.972
873.85,0.9714
873.86,0.9708
873.88,0.969
873.9,0.9665
873.91,0.9649
873.93,0.9612
873.95,0.9567
873.96,0.9541
873.98,0.9485
874.0,0.9421
874.01,0.9386
874.03,0.9311
874.05,0.923
874.06,0.9186
874.08,0.9094
874.1,0.8995
874.11,0.8944
874.13,0.8836
874.14,0.878
874.16,0.8663
874.18,0.854
874.19,0.8477
874.21,0.8347
874.23,0.8212
874.24,0.8143
874.26,0.8002
874.28,0.7857
874.29,0.7783
874.31,0.7632
874.33,0.7478
874.34,0.74
874.36,0.7243
874.38,0.7083
874.39,0.7002
874.41,0.6839
874.43,0.6675
874.44,0.6593
874.46,0.6427
874.47,0.6344
874.49,0.6178
874.51,0.6011
874.52,0.5928
874.54,0.5762
874.56,0.5597
874.57,0.5515
874.59,0.5351
874.61,0.5189
874.62,0.5109
874.64,0.4949
874.66,0.4791
874.67,0.4713
874.69,0.456
874.71,0.4408
874.72,0.4334
874.74,0.4187
874.76,0.4043
874.77,0.3973
874.79,0.3835
874.81,0.37
874.82,0.3635
874.84,0.3506
874.85,0.3444
874.87,0.3322
874.89,0.3205
874.9,0.3148
874.92,0.3038
874.94,0.2933
874.95,0.2883
874.97,0.2786
874.99,0.2695
875.0,0.2652
875.02,0.257
875.04,0.2495
875.05,0.246
875.07,0.2395
875.09,0.2336
875.1,0.231
875.12,0.2263
875.14,0.2225
875.15,0.2209
875.17,0.2183
875.19,0.2167
875.2,0.2162
875.22,0.2161
875.23,0.2164
875.25,0.2179
875.27,0.2206
875.28,0.2224
875.3,0.2269
875.32,0.2329
875.33,0.2364
875.35,0.2445
875.37,0.2543
875.38,0.2599
875.4,0.2723
875.42,0.2867
875.43,0.2946
875.45,0.3121
875.47,0.3318
875.48,0.3426
875.5,0.3661
875.52,0.3922
875.53,0.4064
875.55,0.4369
875.57,0.4707
875.58,0.4888
875.6,0.5278
875.61,0.5487
875.63,0.5934
875.65,0.6422
875.66,0.6683
875.68,0.7239
875.7,0.7843
875.71,0.8165
875.73,0.8848
875.75,0.9588
875.76,0.9981
875.78,1.081
875.8,1.171
875.81,1.218
875.83,1.319
875.85,1.427
875.86,1.484
875.88,1.604
875.9,1.732
875.91,1.8
875.93,1.942
875.94,2.017
875.96,2.175
875.98,2.342
875.99,2.43
876.01,2.615
876.03,2.811
876.04,2.914
876.06,3.128
876.08,3.356
876.09,3.475
876.11,3.723
876.13,3.986
876.14,4.122
876.16,4.407
876.18,4.707
876.19,4.864
876.21,5.188
876.23,5.529
876.24,5.706
876.26,6.073
876.28,6.458
876.29,6.657
876.31,7.069
876.32,7.282
876.34,7.722
876.36,8.181
876.37,8.418
876.39,8.907
876.41,9.415
876.42,9.676
876.44,10.21
876.46,10.77
876.47,11.06
876.49,11.65
876.51,12.25
876.52,12.56
876.54,13.2
876.56,13.86
876.57,14.19
876.59,14.88
876.61,15.58
876.62,15.94
876.64,16.67
876.66,17.42
876.67,17.8
876.69,18.57
876.7,18.97
876.72,19.76
876.74,20.57
876.75,20.98
876.77,21.81
876.79,22.65
876.8,23.08
876.82,23.93
876.84,24.8
876.85,25.23
876.87,26.11
876.89,26.99
876.9,27.43
876.92,28.32
876.94,29.2
876.95,29.65
876.97,30.53
876.99,31.41
877.0,31.85
877.02,32.73
877.03,33.16
877.05,34.03
877.07,34.88
877.08,35.3
877.1,36.14
877.12,36.96
877.13,37.36
877.15,38.16
877.17,38.93
877.18,39.31
877.2,40.05
877.22,40.77
877.23,41.12
877.25,41.8
877.27,42.45
877.28,42.76
877.3,43.36
877.32,43.94
877.33,44.21
877.35,44.73
877.37,45.21
877.38,45.44
877.4,45.87
877.41,46.07
877.43,46.43
877.45,46.76
877.46,46.91
877.48,47.17
877.5,47.39
877.51,47.49
877.53,47.64
877.55,47.75
877.56,47.79
877.58,47.84
877.6,47.84
877.61,47.82
877.63,47.75
877.65,47.64
877.66,47.57
877.68,47.39
877.7,47.17
877.71,47.05
877.73,46.76
877.75,46.43
877.76,46.26
877.78,45.87
877.79,45.66
877.81,45.21
877.83,44.73
877.84,44.48
877.86,43.94
877.88,43.37
877.89,43.07
877.91,42.45
877.93,41.8
877.94,41.47
877.96,40.78
877.98,40.06
877.99,39.69
878.01,38.94
878.03,38.16
878.04,37.77
878.06,36.97
878.08,36.15
878.09,35.73
878.11,34.89
878.13,34.04
878.14,33.61
878.16,32.74
878.17,32.31
878.19,31.43
878.21,30.55
878.22,30.11
878.24,29.22
878.26,28.34
878.27,27.9
878.29,27.01
878.31,26.14
878.32,25.7
878.34,24.83
878.36,23.97
878.37,23.54
878.39,22.69
878.41,21.85
878.42,21.44
878.44,20.62
878.46,19.81
878.47,19.41
878.49,18.63
878.5,18.24
878.52,17.48
878.54,16.74
878.55,16.37
878.57,15.65
878.59,14.95
878.6,14.61
878.62,13.94
878.64,13.29
878.65,12.97
878.67,12.35
878.69,11.75
878.7,11.45
878.72,10.88
878.74,10.33
878.75,10.06
878.77,9.543
878.79,9.043
878.8,8.8
878.82,8.33
878.84,7.88
878.85,7.662
878.87,7.241
878.88,7.037
878.9,6.645
878.92,6.271
878.93,6.091
878.95,5.745
878.97,5.417
878.98,5.259
879.0,4.957
879.02,4.672
879.03,4.535
879.05,4.274
879.07,4.029
879.08,3.912
879.1,3.69
879.12,3.482
879.13,3.384
879.15,3.198
879.17,3.025
879.18,2.944
879.2,2.79
879.22,2.65
879.23,2.584
879.25,2.462
879.26,2.405
879.28,2.3
879.3,2.206
879.31,2.163
879.33,2.084
879.35,2.016
879.36,1.986
879.38,1.933
879.4,1.889
879.41,1.87
879.43,1.84
879.45,1.818
879.46,1.811
879.48,1.802
879.5,1.801
879.51,1.804
879.53,1.815
879.55,1.834
879.56,1.846
879.58,1.876
879.6,1.913
879.61,1.934
879.63,1.982
879.64,2.009
879.66,2.067
879.68,2.131
879.69,2.166
879.71,2.24
879.73,2.321
879.74,2.364
879.76,2.454
879.78,2.549
879.79,2.6
879.81,2.704
879.83,2.815
879.84,2.872
879.86,2.991
879.88,3.115
879.89,3.178
879.91,3.31
879.93,3.447
879.94,3.517
879.96,3.661
879.97,3.734
879.99,3.885
880.01,4.039
880.02,4.118
880.04,4.279
880.06,4.443
880.07,4.527
880.09,4.696
880.11,4.868
880.12,4.955
880.14,5.132
880.16,5.311
880.17,5.401
880.19,5.582
880.21,5.766
880.22,5.858
880.24,6.043
880.26,6.228
880.27,6.321
880.29,6.507
880.31,6.693
880.32,6.786
880.34,6.971
880.35,7.062
880.37,7.245
880.39,7.426
880.4,7.516
880.42,7.693
880.44,7.868
880.45,7.954
880.47,8.124
880.49,8.29
880.5,8.371
880.52,8.531
880.54,8.685
880.55,8.761
880.57,8.907
880.59,9.048
880.6,9.116
880.62,9.248
880.64,9.373
880.65,9.433
880.67,9.547
880.69,9.653
880.7,9.704
880.72,9.799
880.73,9.843
880.75,9.926
880.77,10.0
880.78,10.03
880.8,10.1
880.82,10.15
880.83,10.17
880.85,10.21
880.87,10.24
880.88,10.25
880.9,10.26
880.92,10.27
880.93,10.27
880.95,10.26
880.97,10.24
880.98,10.23
881.0,10.2
881.02,10.16
881.03,10.13
881.05,10.08
881.07,10.02
881.08,9.982
881.1,9.906
881.11,9.865
881.13,9.776
881.15,9.68
881.16,9.629
881.18,9.521
881.2,9.406
881.21,9.345
881.23,9.22
881.25,9.088
881.26,9.02
881.28,8.879
881.3,8.733
881.31,8.658
881.33,8.505
881.35,8.346
881.36,8.266
881.38,8.101
881.4,7.934
881.41,7.849
881.43,7.676
881.44,7.589
881.46,7.414
881.48,7.236
881.49,7.147
881.51,6.967
881.53,6.786
881.54,6.696
881.56,6.515
881.58,6.334
881.59,6.244
881.61,6.063
881.63,5.884
881.64,5.795
881.66,5.618
881.68,5.442
881.69,5.355
881.71,5.183
881.73,5.014
881.74,4.93
881.76,4.764
881.78,4.602
881.79,4.522
881.81,4.364
881.82,4.287
881.84,4.135
881.86,3.987
881.87,3.914
881.89,3.772
881.91,3.634
881.92,3.567
881.94,3.435
881.96,3.308
881.97,3.246
881.99,3.126
882.01,3.01
882.02,2.954
882.04,2.845
882.06,2.74
882.07,2.69
882.09,2.592
882.11,2.498
882.12,2.453
882.14,2.367
882.16,2.284
882.17,2.245
882.19,2.169
882.2,2.132
882.22,2.063
882.24,1.997
882.25,1.966
882.27,1.906
882.29,1.849
882.3,1.823
882.32,1.772
882.34,1.725
882.35,1.702
882.37,1.66
882.39,1.621
882.4,1.602
882.42,1.567
882.44,1.535
882.45,1.52
882.47,1.492
882.49,1.466
882.5,1.454
882.52,1.432
882.54,1.412
882.55,1.403
882.57,1.385
882.58,1.378
882.6,1.363
882.62,1.35
882.63,1.344
882.65,1.334
882.67,1.324
882.68,1.32
882.7,1.312
882.72,1.306
882.73,1.303
882.75,1.298
882.77,1.294
882.78,1.292
882.8,1.289
882.82,1.286
882.83,1.285
882.85,1.284
882.87,1.283
882.88,1.282
882.9,1.282
882.91,1.281
882.93,1.281
882.95,1.282
882.96,1.282
882.98,1.282
883.0,1.283
883.01,1.283
883.03,1.284
883.05,1.285
883.06,1.286
883.08,1.287
883.1,1.288
883.11,1.289
883.13,1.29
883.15,1.291
883.16,1.292
883.18,1.293
883.2,1.295
883.21,1.296
883.23,1.297
883.25,1.299
883.26,1.299
883.28,1.301
883.29,1.302
883.31,1.304
883.33,1.305
883.34,1.306
883.36,1.308
883.38,1.31
883.39,1.311
883.41,1.313
883.43,1.316
883.44,1.317
883.46,1.319
883.48,1.322
883.49,1.323
883.51,1.326
883.53,1.329
883.54,1.331
883.56,1.334
883.58,1.338
883.59,1.339
883.61,1.343
883.63,1.347
883.64,1.349
883.66,1.353
883.67,1.355
883.69,1.359
883.71,1.363
883.72,1.366
883.74,1.37
883.76,1.374
883.77,1.377
883.79,1.381
883.81,1.386
883.82,1.388
883.84,1.393
883.86,1.397
883.87,1.399
883.89,1.404
883.91,1.408
883.92,1.41
883.94,1.414
883.96,1.417
883.97,1.419
883.99,1.423
884.01,1.426
884.02,1.427
884.04,1.43
884.05,1.431
884.07,1.433
884.09,1.434
884.1,1.435
884.12,1.435
884.14,1.436
884.15,1.436
884.17,1.435
884.19,1.434
884.2,1.433
884.22,1.431
884.24,1.428
884.25,1.426
884.27,1.422
884.29,1.418
884.3,1.415
884.32,1.409
884.34,1.403
884.35,1.399
884.37,1.392
884.38,1.387
884.4,1.379
884.42,1.369
884.43,1.364
884.45,1.353
884.47,1.341
884.48,1.335
884.5,1.322
884.52,1.309
884.53,1.302
884.55,1.287
884.57,1.271
884.58,1.263
884.6,1.247
884.62,1.229
884.63,1.22
884.65,1.202
884.67,1.183
884.68,1.173
884.7,1.154
884.72,1.133
884.73,1.123
884.75,1.102
884.76,1.091
884.78,1.069
884.8,1.047
884.81,1.036
884.83,1.013
884.85,0.9898
884.86,0.9782
884.88,0.9548
884.9,0.9311
884.91,0.9192
884.93,0.8953
884.95,0.8713
884.96,0.8592
884.98,0.8351
885.0,0.811
885.01,0.799
885.03,0.7749
885.05,0.751
885.06,0.7391
885.08,0.7153
885.1,0.6917
885.11,0.68
885.13,0.6567
885.14,0.6452
885.16,0.6223
885.18,0.5998
885.19,0.5886
885.21,0.5666
885.23,0.5449
885.24,0.5342
885.26,0.5131
885.28,0.4924
885.29,0.4822
885.31,0.4622
885.33,0.4426
885.34,0.433
885.36,0.4142
885.38,0.3959
885.39,0.3869
885.41,0.3693
885.43,0.3523
885.44,0.3439
885.46,0.3277
885.48,0.3119
885.49,0.3042
885.51,0.2893
885.52,0.282
885.54,0.2679
885.56,0.2543
885.57,0.2477
885.59,0.2348
885.61,0.2225
885.62,0.2166
885.64,0.205
885.66,0.194
885.67,0.1887
885.69,0.1784
885.71,0.1686
885.72,0.1638
885.74,0.1547
885.76,0.1461
885.77,0.1419
885.79,0.1339
885.81,0.1264
885.82,0.1227
885.84,0.1158
885.85,0.1125
885.87,0.1061
885.89,0.1001
885.9,0.09728
885.92,0.09185
885.94,0.08675
885.95,0.08433
885.97,0.07973
885.99,0.07545
886.0,0.07342
886.02,0.06957
886.04,0.06601
886.05,0.06433
886.07,0.06117
886.09,0.05826
886.1,0.05689
886.12,0.05433
886.14,0.052
886.15,0.05091
886.17,0.04889
886.19,0.04706
886.2,0.04621
886.22,0.04466
886.23,0.04395
886.25,0.04264
886.27,0.04149
886.28,0.04098
886.3,0.04005
886.32,0.03925
886.33,0.0389
886.35,0.03829
886.37,0.03779
886.38,0.03758
886.4,0.03724
886.42,0.03699
886.43,0.0369
886.45,0.03679
886.47,0.03676
886.48,0.03677
886.5,0.03684
886.52,0.03698
886.53,0.03707
886.55,0.03729
886.57,0.03756
886.58,0.03772
886.6,0.03806
886.61,0.03825
886.63,0.03864
886.65,0.03908
886.66,0.0393
886.68,0.03977
886.7,0.04026
886.71,0.04052
886.73,0.04103
886.75,0.04156
886.76,0.04183
886.78,0.04237
886.8,0.04292
886.81,0.04319
886.83,0.04374
886.85,0.04428
886.86,0.04455
886.88,0.04508
886.9,0.0456
886.91,0.04586
886.93,0.04636
886.94,0.0466
886.96,0.04708
886.98,0.04753
886.99,0.04775
887.01,0.04817
887.03,0.04857
887.04,0.04876
887.06,0.04911
887.08,0.04944
887.09,0.0496
887.11,0.04988
887.13,0.05013
887.14,0.05025
887.16,0.05045
887.18,0.05062
887.19,0.0507
887.21,0.05082
887.23,0.05091
887.24,0.05094
887.26,0.05097
887.28,0.05097
887.29,0.05096
887.31,0.05092
887.32,0.05088
887.34,0.05079
887.36,0.05066
887.37,0.05059
887.39,0.05042
887.41,0.05022
887.42,0.05011
887.44,0.04988
887.46,0.04963
887.47,0.0495
887.49,0.04922
887.51,0.04892
887.52,0.04877
887.54,0.04846
887.56,0.04815
887.57,0.04799
887.59,0.04768
887.61,0.04738
887.62,0.04723
887.64,0.04694
887.66,0.04668
887.67,0.04656
887.69,0.04634
887.7,0.04624
887.72,0.04608
887.74,0.04597
887.75,0.04593
887.77,0.04591
887.79,0.04596
887.8,0.04602
887.82,0.0462
887.84,0.04648
887.85,0.04666
887.87,0.0471
887.89,0.04768
887.9,0.04803
887.92,0.04883
887.94,0.0498
887.95,0.05035
887.97,0.05161
887.99,0.05307
888.0,0.05389
888.02,0.05571
888.04,0.05779
888.05,0.05893
888.07,0.06145
888.08,0.06282
888.1,0.06583
888.12,0.06919
888.13,0.07102
888.15,0.07498
888.17,0.07937
888.18,0.08174
888.2,0.08684
888.22,0.09247
888.23,0.09548
888.25,0.1019
888.27,0.109
888.28,0.1128
888.3,0.1209
888.32,0.1297
888.33,0.1343
888.35,0.1443
888.37,0.1551
888.38,0.1608
888.4,0.173
888.41,0.1794
888.43,0.193
888.45,0.2077
888.46,0.2154
888.48,0.2317
888.5,0.2493
888.51,0.2585
888.53,0.278
888.55,0.2988
888.56,0.3098
888.58,0.3327
888.6,0.3573
888.61,0.3701
888.63,0.397
888.65,0.4257
888.66,0.4407
888.68,0.472
888.7,0.5052
888.71,0.5225
888.73,0.5587
888.75,0.5969
888.76,0.6168
888.78,0.6583
888.79,0.6798
888.81,0.7247
888.83,0.7719
888.84,0.7963
888.86,0.8471
888.88,0.9005
888.89,0.9281
888.91,0.9852
888.93,1.045
888.94,1.076
888.96,1.14
888.98,1.207
888.99,1.241
889.01,1.312
889.03,1.385
889.04,1.423
889.06,1.501
889.08,1.582
889.09,1.624
889.11,1.709
889.13,1.798
889.14,1.843
889.16,1.936
889.17,1.983
889.19,2.08
889.21,2.18
889.22,2.231
889.24,2.335
889.26,2.441
889.27,2.496
889.29,2.606
889.31,2.72
889.32,2.777
889.34,2.894
889.36,3.013
889.37,3.073
889.39,3.196
889.41,3.32
889.42,3.383
889.44,3.51
889.46,3.638
889.47,3.703
889.49,3.834
889.51,3.966
889.52,4.032
889.54,4.165
889.55,4.232
889.57,4.366
889.59,4.5
889.6,4.568
889.62,4.702
889.64,4.837
889.65,4.904
889.67,5.037
889.69,5.17
889.7,5.236
889.72,5.367
889.74,5.496
889.75,5.561
889.77,5.688
889.79,5.812
889.8,5.874
889.82,5.995
889.84,6.114
889.85,6.172
889.87,6.286
889.88,6.341
889.9,6.45
889.92,6.555
889.93,6.606
889.95,6.705
889.97,6.8
889.98,6.845
890.0,6.933
890.02,7.016
890.03,7.056
890.05,7.131
890.07,7.202
890.08,7.235
890.1,7.297
890.12,7.353
890.13,7.379
890.15,7.427
890.17,7.469
890.18,7.488
890.2,7.52
890.22,7.547
890.23,7.558
890.25,7.575
890.26,7.582
890.28,7.59
890.3,7.592
890.31,7.59
890.33,7.583
890.35,7.569
890.36,7.56
890.38,7.537
890.4,7.508
890.41,7.492
890.43,7.454
890.45,7.411
890.46,7.387
890.48,7.336
890.5,7.278
890.51,7.248
890.53,7.183
890.55,7.113
890.56,7.077
890.58,7.0
890.6,6.918
890.61,6.876
890.63,6.788
890.64,6.743
890.66,6.649
890.68,6.552
890.69,6.502
890.71,6.4
890.73,6.295
890.74,6.242
890.76,6.133
890.78,6.021
890.79,5.965
890.81,5.85
890.83,5.734
890.84,5.675
890.86,5.557
890.88,5.437
890.89,5.377
890.91,5.256
890.93,5.135
890.94,5.074
890.96,4.952
890.98,4.831
890.99,4.77
891.01,4.649
891.02,4.588
891.04,4.468
891.06,4.349
891.07,4.289
891.09,4.171
891.11,4.055
891.12,3.997
891.14,3.883
891.16,3.77
891.17,3.715
891.19,3.605
891.21,3.497
891.22,3.444
891.24,3.339
891.26,3.237
891.27,3.187
891.29,3.088
891.31,2.992
891.32,2.945
891.34,2.853
891.35,2.808
891.37,2.719
891.39,2.634
891.4,2.592
891.42,2.511
891.44,2.432
891.45,2.394
891.47,2.319
891.49,2.248
891.5,2.213
891.52,2.146
891.54,2.081
891.55,2.05
891.57,1.989
891.59,1.931
891.6,1.904
891.62,1.85
891.64,1.799
891.65,1.774
891.67,1.727
891.69,1.682
891.7,1.66
891.72,1.619
891.73,1.599
891.75,1.562
891.77,1.526
891.78,1.509
891.8,1.477
891.82,1.447
891.83,1.433
891.85,1.406
891.87,1.381
891.88,1.369
891.9,1.346
891.92,1.325
891.93,1.316
891.95,1.297
891.97,1.28
891.98,1.272
892.0,1.257
892.02,1.244
892.03,1.238
892.05,1.226
892.07,1.215
892.08,1.211
892.1,1.202
892.11,1.197
892.13,1.19
892.15,1.183
892.16,1.18
892.18,1.174
892.2,1.169
892.21,1.166
892.23,1.162
892.25,1.158
892.26,1.156
892.28,1.153
892.3,1.15
892.31,1.149
892.33,1.146
892.35,1.143
892.36,1.142
892.38,1.14
892.4,1.137
892.41,1.136
892.43,1.134
892.45,1.131
892.46,1.13
892.48,1.127
892.49,1.126
892.51,1.123
892.53,1.12
892.54,1.118
892.56,1.114
892.58,1.11
892.59,1.108
892.61,1.104
892.63,1.099
892.64,1.096
892.66,1.091
892.68,1.085
892.69,1.082
892.71,1.075
892.73,1.068
892.74,1.064
892.76,1.057
892.78,1.048
892.79,1.044
892.81,1.035
892.82,1.031
892.84,1.021
892.86,1.011
892.87,1.006
892.89,0.9952
892.91,0.9841
892.92,0.9784
892.94,0.9667
892.96,0.9545
892.97,0.9483
892.99,0.9356
893.01,0.9226
893.02,0.9159
893.04,0.9023
893.06,0.8885
893.07,0.8815
893.09,0.8672
893.11,0.8527
893.12,0.8453
893.14,0.8305
893.16,0.8154
893.17,0.8078
893.19,0.7925
893.2,0.7848
893.22,0.7693
893.24,0.7538
893.25,0.7459
893.27,0.7303
893.29,0.7146
893.3,0.7067
893.32,0.691
893.34,0.6753
893.35,0.6674
893.37,0.6518
893.39,0.6362
893.4,0.6285
893.42,0.6131
893.44,0.5978
893.45,0.5902
893.47,0.5751
893.49,0.5602
893.5,0.5529
893.52,0.5382
893.54,0.5238
893.55,0.5167
893.57,0.5026
893.58,0.4956
893.6,0.4819
893.62,0.4684
893.63,0.4617
893.65,0.4486
893.67,0.4358
893.68,0.4295
893.7,0.417
893.72,0.4049
893.73,0.3989
893.75,0.3872
893.77,0.3758
893.78,0.3702
893.8,0.3592
893.82,0.3485
893.83,0.3433
893.85,0.3331
893.87,0.3231
893.88,0.3182
893.9,0.3087
893.92,0.2995
893.93,0.295
893.95,0.2862
893.96,0.2819
893.98,0.2735
894.0,0.2653
894.01,0.2614
894.03,0.2537
894.05,0.2462
894.06,0.2425
894.08,0.2354
894.1,0.2286
894.11,0.2252
894.13,0.2187
894.15,0.2124
894.16,0.2094
894.18,0.2034
894.2,0.1977
894.21,0.1949
894.23,0.1894
894.25,0.1842
894.26,0.1816
894.28,0.1767
894.29,0.1743
894.31,0.1695
894.33,0.165
894.34,0.1628
894.36,0.1585
894.38,0.1544
894.39,0.1524
894.41,0.1484
894.43,0.1447
894.44,0.1428
894.46,0.1393
894.48,0.1358
894.49,0.1341
894.51,0.1309
894.53,0.1278
894.54,0.1262
894.56,0.1233
894.58,0.1204
894.59,0.1191
894.61,0.1164
894.63,0.1138
894.64,0.1126
894.66,0.1101
894.67,0.109
894.69,0.1067
894.71,0.1045
894.72,0.1034
894.74,0.1014
894.76,0.09944
894.77,0.09849
894.79,0.09667
894.81,0.09494
894.82,0.09411
894.84,0.0925
894.86,0.09098
894.87,0.09026
894.89,0.08886
894.91,0.08755
894.92,0.08692
894.94,0.08573
894.96,0.08461
894.97,0.08409
894.99,0.08309
895.01,0.08217
895.02,0.08174
895.04,0.08093
895.05,0.08056
895.07,0.07987
895.09,0.07924
895.1,0.07896
895.12,0.07845
895.14,0.078
895.15,0.07781
895.17,0.07746
895.19,0.07719
895.2,0.07707
895.22,0.07689
895.24,0.07678
895.25,0.07674
895.27,0.07671
895.29,0.07674
895.3,0.07678
895.32,0.07689
895.34,0.07705
895.35,0.07715
895.37,0.07738
895.39,0.07766
895.4,0.07781
895.42,0.07816
895.43,0.07834
895.45,0.07874
895.47,0.07917
895.48,0.07939
895.5,0.07987
895.52,0.08037
895.53,0.08063
895.55,0.08116
895.57,0.08171
895.58,0.08199
895.6,0.08256
895.62,0.08314
895.63,0.08343
895.65,0.08402
895.67,0.0846
895.68,0.0849
895.7,0.08548
895.72,0.08605
895.73,0.08633
895.75,0.08688
895.76,0.08715
895.78,0.08768
895.8,0.08818
895.81,0.08843
895.83,0.08889
895.85,0.08933
895.86,0.08954
895.88,0.08993
895.9,0.09028
895.91,0.09044
895.93,0.09074
895.95,0.09099
895.96,0.0911
895.98,0.09129
896.0,0.09143
896.01,0.09148
896.03,0.09155
896.05,0.09156
896.06,0.09155
896.08,0.09149
896.1,0.09137
896.11,0.09129
896.13,0.09109
896.14,0.09097
896.16,0.09069
896.18,0.09035
896.19,0.09016
896.21,0.08973
896.23,0.08925
896.24,0.08899
896.26,0.08843
896.28,0.08781
896.29,0.08748
896.31,0.08677
896.33,0.08602
896.34,0.08562
896.36,0.08479
896.38,0.08391
896.39,0.08345
896.41,0.0825
896.43,0.0815
896.44,0.08098
896.46,0.07991
896.48,0.07881
896.49,0.07824
896.51,0.07707
896.52,0.07647
896.54,0.07525
896.56,0.074
896.57,0.07336
896.59,0.07206
896.61,0.07073
896.62,0.07006
896.64,0.06869
896.66,0.06731
896.67,0.06661
896.69,0.06519
896.71,0.06376
896.72,0.06304
896.74,0.06159
896.76,0.06013
896.77,0.0594
896.79,0.05793
896.81,0.05645
896.82,0.05571
896.84,0.05424
896.86,0.05276
896.87,0.05203
896.89,0.05056
896.9,0.04982
896.92,0.04836
896.94,0.04691
896.95,0.04619
896.97,0.04476
896.99,0.04334
897.0,0.04263
897.02,0.04124
897.04,0.03986
897.05,0.03917
897.07,0.03782
897.09,0.03649
897.1,0.03583
897.12,0.03453
897.14,0.03326
897.15,0.03263
897.17,0.03139
897.19,0.03018
897.2,0.02958
897.22,0.02841
897.23,0.02783
897.25,0.0267
897.27,0.02559
897.28,0.02505
897.3,0.02399
897.32,0.02295
897.33,0.02245
897.35,0.02146
897.37,0.0205
897.38,0.02003
897.4,0.01911
897.42,0.01822
897.43,0.01779
897.45,0.01694
897.47,0.01612
897.48,0.01573
897.5,0.01495
897.52,0.0142
897.53,0.01384
897.55,0.01314
897.57,0.01246
897.58,0.01213
897.6,0.01149
897.61,0.01118
897.63,0.01058
897.65,0.01
897.66,0.009725
897.68,0.009186
897.7,0.008671
897.71,0.008422
897.73,0.007941
897.75,0.007482
897.76,0.007261
897.78,0.006833
897.8,0.006427
897.81,0.006231
897.83,0.005854
897.85,0.005495
897.86,0.005323
897.88,0.004991
897.9,0.004677
897.91,0.004526
897.93,0.004237
897.95,0.003963
897.96,0.003832
897.98,0.00358
897.99,0.003459
898.01,0.003229
898.03,0.003011
898.04,0.002907
898.06,0.002708
898.08,0.002521
898.09,0.002432
898.11,0.002261
898.13,0.002101
898.14,0.002025
898.16,0.001879
898.18,0.001743
898.19,0.001678
898.21,0.001554
898.23,0.001439
898.24,0.001384
898.26,0.00128
898.28,0.001183
898.29,0.001137
898.31,0.001049
898.32,0.001008
898.34,0.000929
898.36,0.0008559
898.37,0.0008213
898.39,0.0007559
898.41,0.0006951
898.42,0.0006664
898.44,0.0006122
898.46,0.0005619
898.47,0.0005382
898.49,0.0004935
898.51,0.0004522
898.52,0.0004327
898.54,0.000396
898.56,0.0003622
898.57,0.0003463
898.59,0.0003164
898.61,0.0002888
898.62,0.0002759
898.64,0.0002516
898.66,0.0002293
898.67,0.0002188
898.69,0.0001992
898.7,0.00019
898.72,0.0001728
898.74,0.000157
898.75,0.0001496
898.77,0.0001358
898.79,0.0001232
898.8,0.0001173
898.82,0.0001063
898.84,9.625e-05
898.85,9.157e-05
898.87,8.283e-05
898.89,7.488e-05
898.9,7.117e-05
898.92,6.427e-05
898.94,5.8e-05
898.95,5.509e-05
898.97,4.966e-05
898.99,4.474e-05
899.0,4.246e-05
899.02,3.822e-05
899.04,3.438e-05
899.05,3.259e-05
899.07,2.929e-05
899.08,2.776e-05
899.1,2.492e-05
899.12,2.236e-05
899.13,2.117e-05
899.15,1.898e-05
899.17,1.7e-05
899.18,1.609e-05
899.2,1.44e-05
899.22,1.288e-05
899.23,1.218e-05
899.25,1.088e-05
899.27,9.718e-06
899.28,9.182e-06
899.3,8.193e-06
899.32,7.307e-06
899.33,6.899e-06
899.35,6.148e-06
899.37,5.475e-06
899.38,5.166e-06
899.4,4.597e-06
899.42,4.089e-06
899.43,3.855e-06
899.45,3.426e-06
899.46,3.229e-06
899.48,2.867e-06
899.5,2.545e-06
899.51,2.397e-06
899.53,2.126e-06
899.55,1.884e-06
899.56,1.774e-06
899.58,1.571e-06
899.6,1.391e-06
899.61,1.309e-06
899.63,1.158e-06
899.65,1.024e-06
899.66,9.624e-07
899.68,8.504e-07
899.7,7.511e-07
899.71,7.058e-07
899.73,6.229e-07
899.75,5.496e-07
899.76,5.161e-07
899.78,4.55e-07
899.79,4.271e-07
899.81,3.763e-07
899.83,3.314e-07
899.84,3.109e-07
899.86,2.736e-07
899.88,2.407e-07
899.89,2.257e-07
899.91,1.984e-07
899.93,1.744e-07
899.94,1.634e-07
899.96,1.435e-07
899.98,1.259e-07
899.99,1.18e-07
900.01,1.035e-07
900.03,9.072e-08
900.04,8.493e-08
900.06,7.441e-08
900.08,6.516e-08
900.09,6.097e-08
900.11,5.336e-08
900.13,4.668e-08
900.14,4.365e-08
900.16,3.815e-08
900.17,3.566e-08
900.19,3.115e-08
900.21,2.72e-08
900.22,2.541e-08
900.24,2.217e-08
900.26,1.933e-08
900.27,1.805e-08
900.29,1.573e-08
900.31,1.37e-08
900.32,1.278e-08
900.34,1.112e-08
900.36,9.675e-09
900.37,9.021e-09
900.39,7.841e-09
900.41,6.811e-09
900.42,6.346e-09
900.44,5.508e-09
900.46,4.778e-09
900.47,4.449e-09
900.49,3.856e-09
900.51,3.34e-09
900.52,3.108e-09
900.54,2.69e-09
900.55,2.502e-09
900.57,2.163e-09
900.59,1.87e-09
900.6,1.738e-09
900.62,1.5e-09
900.64,1.294e-09
900.65,1.202e-09
900.67,1.036e-09
900.69,8.926e-10
900.7,8.283e-10
900.72,7.129e-10
900.74,6.131e-10
900.75,5.684e-10
900.77,4.884e-10
900.79,4.194e-10
900.8,3.885e-10
900.82,3.332e-10
900.84,2.856e-10
900.85,2.644e-10
900.87,2.264e-10
900.89,1.937e-10
900.9,1.791e-10
900.92,1.531e-10
900.93,1.415e-10
900.95,1.208e-10
900.97,1.031e-10
900.98,9.518e-11
901.0,8.112e-11
901.02,6.908e-11
901.03,6.373e-11
901.05,5.421e-11
901.07,4.608e-11
901.08,4.247e-11
901.1,3.606e-11
901.12,3.059e-11
901.13,2.817e-11
901.15,2.387e-11
901.17,2.021e-11
901.18,1.859e-11
901.2,1.572e-11
901.22,1.329e-11
901.23,1.221e-11
901.25,1.031e-11
901.26,9.467e-12
901.28,7.981e-12
901.3,6.723e-12
901.31,6.168e-12
901.33,5.189e-12
901.35,4.363e-12
901.36,3.999e-12
901.38,3.357e-12
901.4,2.817e-12
901.41,2.579e-12
901.43,2.161e-12
901.45,1.809e-12
901.46,1.655e-12
901.48,1.384e-12
901.5,1.156e-12
901.51,1.056e-12
901.53,8.814e-13
901.55,7.348e-13
901.56,6.707e-13
901.58,5.585e-13
901.6,4.646e-13
901.61,4.237e-13
901.63,3.52e-13
901.64,3.208e-13
901.66,2.662e-13
901.68,2.207e-13
901.69,2.009e-13
901.71,1.663e-13
901.73,1.376e-13
901.74,1.251e-13
901.76,1.034e-13
901.78,8.536e-14
901.79,7.754e-14
