Wavelength (nm),Sum(calc),Al I (1.2e-1),Al II (2.2e-1),Al III (1.7e-5),Ti I (5.1e-2),Ti II (2.8e-1),Ti III (6.0e-4),Fe I (1.0e-1),Fe II (2.3e-1),Fe III (5.1e-5)
198.79,2.865e-20,,,,,,,,,2.865e-20
198.84,3.046e-13,,,,,,,,3.046e-13,5.542e-19
198.89,5.742e-12,,,,,,,,5.742e-12,9.461e-18
198.94,9.551e-11,,,,,,,,9.551e-11,1.432e-16
198.99,1.402e-9,,,,,,,,1.402e-9,1.906e-15
199.03,1.099e-8,,,,,,,,1.099e-8,1.383e-14
199.08,1.289e-7,,,,,,,,1.289e-7,1.472e-13
199.13,1.333e-6,,,,,,,,1.333e-6,1.384e-12
199.18,1.217e-5,,,,,,,,1.217e-5,1.150e-11
199.23,9.810e-5,,,,,,,,9.810e-5,8.448e-11
199.28,6.977e-4,,,,,,,,6.977e-4,5.489e-10
199.33,4.379e-3,,,,,,,,4.379e-3,3.157e-9
199.38,2.426e-2,,,,,,,,2.426e-2,1.609e-8
199.43,1.186e-1,,,,,,,,1.186e-1,7.280e-8
199.47,3.857e-1,,,,,,,,3.857e-1,2.237e-7
199.52,1.506e+0,,,,,,5.459e-19,,1.506e+0,8.200e-7
199.57,5.188e+0,,,,,,1.176e-17,,5.188e+0,2.683e-6
199.62,1.577e+1,,,,,,2.027e-16,,1.577e+1,7.864e-6
199.67,4.233e+1,,,,,,3.085e-15,,4.233e+1,2.071e-5
199.72,1.003e+2,,,,,,4.148e-14,,1.003e+2,4.919e-5
199.77,2.095e+2,,,,,,4.929e-13,,2.095e+2,1.058e-4
199.82,3.865e+2,,,,,,5.174e-12,,3.865e+2,2.069e-4
199.86,5.766e+2,,,,,,3.104e-11,,5.766e+2,3.313e-4
199.91,8.493e+2,,,,,,2.608e-10,,8.493e+2,5.517e-4
199.96,1.104e+3,,,,,,1.936e-9,,1.104e+3,8.474e-4
200.01,1.267e+3,,,,,,1.269e-8,,1.267e+3,1.211e-3
200.06,1.283e+3,,,,,,7.355e-8,,1.283e+3,1.629e-3
200.11,1.146e+3,,,,,,3.766e-7,,1.146e+3,2.093e-3
200.16,9.042e+2,,,,,,1.704e-6,,9.041e+2,2.597e-3
200.21,6.296e+2,,,,,,6.810e-6,,6.296e+2,3.130e-3
200.25,4.312e+2,,,,,,1.887e-5,,4.312e+2,3.554e-3
200.30,2.415e+2,,,,,,6.038e-5,,2.415e+2,4.027e-3
200.35,1.232e+2,,,,,,1.707e-4,,1.232e+2,4.367e-3
200.40,6.395e+1,,2.589e-15,,,,4.265e-4,,6.394e+1,4.526e-3
200.45,4.545e+1,,5.091e-14,,,,9.417e-4,,4.545e+1,4.505e-3
200.50,5.223e+1,,8.407e-13,,,,1.838e-3,,5.223e+1,4.363e-3
200.55,7.312e+1,,1.228e-11,,,,3.174e-3,,7.312e+1,4.192e-3
200.60,9.973e+1,,1.587e-10,,,,4.852e-3,,9.972e+1,4.079e-3
200.65,1.261e+2,,1.815e-9,,,,6.587e-3,,1.261e+2,4.070e-3
200.69,1.461e+2,,1.167e-8,,,,7.750e-3,,1.461e+2,4.119e-3
200.74,1.751e+2,,1.070e-7,,,,8.659e-3,,1.750e+2,4.171e-3
200.79,2.220e+2,,8.677e-7,,,,8.916e-3,,2.219e+2,4.093e-3
200.84,3.040e+2,,6.226e-6,,,,8.794e-3,,3.040e+2,3.793e-3
200.89,4.297e+2,,3.952e-5,,,,8.738e-3,,4.297e+2,3.277e-3
200.94,5.865e+2,,2.219e-4,,,,9.048e-3,,5.864e+2,2.656e-3
200.99,7.377e+2,,1.103e-3,,,,9.647e-3,,7.377e+2,2.080e-3
201.04,8.352e+2,,4.847e-3,,,,1.011e-2,,8.352e+2,1.665e-3
201.08,8.494e+2,,1.451e-2,,,,1.004e-2,,8.494e+2,1.470e-3
201.13,7.812e+2,,5.116e-2,,,,9.169e-3,,7.811e+2,1.359e-3
201.18,6.432e+2,,1.596e-1,,,,7.519e-3,,6.431e+2,1.318e-3
201.23,4.858e+2,,4.406e-1,,,,5.488e-3,,4.853e+2,1.272e-3
201.28,3.598e+2,,1.076e+0,,,,3.551e-3,,3.587e+2,1.185e-3
201.33,2.976e+2,,2.326e+0,,,,2.033e-3,,2.953e+2,1.063e-3
201.38,3.043e+2,,4.447e+0,,,,1.030e-3,,2.998e+2,9.349e-4
201.43,3.610e+2,,7.525e+0,,,,4.608e-4,,3.535e+2,8.267e-4
201.47,4.214e+2,,1.050e+1,,,,2.216e-4,,4.109e+2,7.623e-4
201.52,4.900e+2,,1.425e+1,,,,7.938e-5,,4.757e+2,7.066e-4
201.57,5.363e+2,,1.712e+1,,,,2.513e-5,,5.191e+2,6.695e-4
201.62,5.662e+2,,1.820e+1,,,,7.032e-6,,5.480e+2,6.410e-4
201.67,6.030e+2,,1.713e+1,,,,1.739e-6,,5.859e+2,6.130e-4
201.72,6.701e+2,,1.427e+1,,,,3.799e-7,,6.559e+2,5.788e-4
201.77,7.721e+2,,1.054e+1,,,,7.334e-8,,7.616e+2,5.324e-4
201.82,8.885e+2,,6.943e+0,,,,1.251e-8,,8.816e+2,4.705e-4
201.87,9.846e+2,,4.179e+0,,,,1.887e-9,,9.804e+2,3.951e-4
201.91,1.026e+3,,2.754e+0,,,,3.799e-10,,1.023e+3,3.305e-4
201.96,1.021e+3,,1.906e+0,,,,4.585e-11,,1.019e+3,2.549e-4
202.01,9.560e+2,,1.874e+0,,,,4.889e-12,,9.541e+2,1.978e-4
202.06,8.429e+2,,2.357e+0,,,,4.608e-13,,8.406e+2,1.704e-4
202.11,6.981e+2,,3.033e+0,,,,3.837e-14,,6.950e+2,1.783e-4
202.16,5.388e+2,,3.597e+0,,,,2.824e-15,,5.352e+2,2.202e-4
202.21,3.835e+2,,3.811e+0,,,,1.836e-16,,3.797e+2,2.908e-4
202.26,2.490e+2,,3.583e+0,,,,1.055e-17,,2.454e+2,3.846e-4
202.30,1.640e+2,,3.124e+0,,,,1.049e-17,,1.609e+2,4.756e-4
202.35,8.848e+1,,2.358e+0,,,,1.042e-17,,8.613e+1,6.114e-4
202.40,4.275e+1,,1.575e+0,,,,1.034e-17,,4.117e+1,7.720e-4
202.45,1.845e+1,,9.308e-1,,,,1.026e-17,,1.752e+1,9.441e-4
202.50,7.107e+0,,4.868e-1,,,,1.019e-17,,6.619e+0,1.094e-3
202.55,2.450e+0,,2.253e-1,,,,1.011e-17,,2.224e+0,1.177e-3
202.60,7.840e-1,,9.228e-2,,,,1.003e-17,,6.906e-1,1.157e-3
202.65,3.506e-1,,3.345e-2,,,,9.958e-18,,3.161e-1,1.032e-3
202.70,6.137e-1,,1.073e-2,,,,9.882e-18,,6.021e-1,8.370e-4
202.74,1.554e+0,,3.954e-3,,,,9.821e-18,,1.550e+0,6.675e-4
202.79,4.861e+0,,1.018e-3,,,,9.745e-18,,4.859e+0,4.814e-4
202.84,1.359e+1,,2.317e-4,,,,9.669e-18,,1.359e+1,3.495e-4
202.89,3.369e+1,,4.670e-5,,,,9.593e-18,,3.369e+1,2.718e-4
202.94,7.400e+1,,8.326e-6,,,,9.516e-18,,7.400e+1,2.303e-4
202.99,1.440e+2,,1.314e-6,,,,9.440e-18,,1.440e+2,2.047e-4
203.04,2.483e+2,,1.834e-7,,,,9.364e-18,,2.483e+2,1.843e-4
203.09,3.795e+2,,2.266e-8,,,,9.288e-18,,3.795e+2,1.727e-4
203.13,4.885e+2,,3.896e-9,,,,9.227e-18,,4.885e+2,1.803e-4
203.18,6.015e+2,,3.863e-10,,,,9.151e-18,,6.015e+2,2.301e-4
203.23,6.587e+2,,3.389e-11,,,,9.074e-18,,6.587e+2,3.462e-4
203.28,6.454e+2,,2.631e-12,,,,8.998e-18,,6.454e+2,5.435e-4
203.33,5.743e+2,,1.807e-13,,,,8.922e-18,,5.743e+2,8.196e-4
203.38,4.802e+2,,1.099e-14,,,,8.846e-18,,4.802e+2,1.151e-3
203.43,4.022e+2,,1.098e-14,,,,8.770e-18,,4.022e+2,1.497e-3
203.48,3.644e+2,,1.097e-14,,,,8.693e-18,,3.644e+2,1.817e-3
203.52,3.634e+2,,1.096e-14,,,,8.632e-18,,3.634e+2,2.034e-3
203.57,3.825e+2,,1.095e-14,,,,8.556e-18,,3.825e+2,2.246e-3
203.62,4.000e+2,,1.095e-14,,,,8.480e-18,,4.000e+2,2.393e-3
203.67,3.999e+2,,1.094e-14,,,,8.404e-18,,3.999e+2,2.482e-3
203.72,3.874e+2,,1.093e-14,,,,8.328e-18,,3.874e+2,2.524e-3
203.77,3.896e+2,,1.092e-14,,,,8.251e-18,,3.896e+2,2.527e-3
203.82,4.422e+2,,1.091e-14,,,,8.175e-18,,4.422e+2,2.505e-3
203.87,5.690e+2,,1.090e-14,,,,8.099e-18,,5.690e+2,2.460e-3
203.92,7.636e+2,,1.090e-14,,,,8.023e-18,,7.636e+2,2.385e-3
203.96,9.393e+2,,1.089e-14,,,,7.962e-18,,9.393e+2,2.291e-3
204.01,1.127e+3,,1.088e-14,,,,7.886e-18,,1.127e+3,2.115e-3
204.06,1.216e+3,,1.087e-14,,,,7.809e-18,,1.216e+3,1.876e-3
204.11,1.170e+3,,1.086e-14,,,,7.733e-18,,1.170e+3,1.607e-3
204.16,9.996e+2,,1.086e-14,,,,7.657e-18,,9.996e+2,1.376e-3
204.21,7.582e+2,,1.085e-14,,,,7.581e-18,,7.581e+2,1.261e-3
204.26,5.101e+2,,1.084e-14,,,,7.505e-18,,5.101e+2,1.311e-3
204.31,3.044e+2,,1.083e-14,,,,7.428e-18,,3.044e+2,1.523e-3
204.35,1.847e+2,,1.082e-14,,,,7.368e-18,,1.847e+2,1.765e-3
204.40,8.880e+1,,1.081e-14,,,,7.291e-18,,8.880e+1,2.067e-3
204.45,3.789e+1,,1.081e-14,,,,7.215e-18,,3.789e+1,2.260e-3
204.50,1.446e+1,,1.080e-14,,,,7.139e-18,,1.446e+1,2.266e-3
204.55,5.368e+0,,1.079e-14,,,,7.063e-18,,5.366e+0,2.074e-3
204.60,3.400e+0,,1.078e-14,,,,6.987e-18,,3.398e+0,1.740e-3
204.65,6.472e+0,,1.077e-14,,,,6.910e-18,,6.470e+0,1.362e-3
204.70,1.683e+1,,1.076e-14,,,,6.834e-18,,1.682e+1,1.037e-3
204.74,3.450e+1,,1.076e-14,,,,6.773e-18,,3.450e+1,8.547e-4
204.79,7.645e+1,,1.075e-14,,,,6.697e-18,,7.645e+1,7.374e-4
204.84,1.505e+2,,1.074e-14,,,,6.621e-18,,1.505e+2,7.130e-4
204.89,2.632e+2,,1.073e-14,,,,6.545e-18,,2.632e+2,7.247e-4
204.94,4.086e+2,,1.072e-14,,,,6.468e-18,,4.086e+2,7.162e-4
204.99,5.634e+2,,1.072e-14,,,,6.392e-18,,5.634e+2,6.552e-4
205.04,6.904e+2,,1.071e-14,,,,6.316e-18,,6.904e+2,5.427e-4
205.09,7.527e+2,,1.070e-14,,,,6.240e-18,,7.527e+2,4.061e-4
205.14,7.328e+2,,1.069e-14,,,,6.164e-18,,7.328e+2,2.823e-4
205.18,6.652e+2,,1.068e-14,,,,6.103e-18,,6.652e+2,2.156e-4
205.23,5.465e+2,,1.067e-14,,,,6.026e-18,,5.465e+2,1.971e-4
205.28,4.323e+2,,1.067e-14,,,,5.950e-18,,4.323e+2,2.781e-4
205.33,3.579e+2,,1.066e-14,,,,5.874e-18,,3.579e+2,4.944e-4
205.38,3.350e+2,,1.065e-14,,,,5.798e-18,,3.350e+2,8.840e-4
205.43,3.503e+2,,1.064e-14,,,,5.722e-18,,3.503e+2,1.470e-3
205.48,3.752e+2,,1.063e-14,,,,5.645e-18,,3.752e+2,2.233e-3
205.53,3.816e+2,,1.062e-14,,,,5.569e-18,,3.816e+2,3.107e-3
205.57,3.625e+2,,1.062e-14,,,,5.508e-18,,3.625e+2,3.822e-3
205.62,3.086e+2,,1.061e-14,,,,5.432e-18,,3.086e+2,4.684e-3
205.67,2.345e+2,,1.060e-14,,,,5.356e-18,,2.345e+2,5.564e-3
205.72,1.585e+2,,1.059e-14,,,,5.280e-18,,1.585e+2,6.745e-3
205.77,9.534e+1,,1.058e-14,,,,5.203e-18,,9.534e+1,8.865e-3
205.82,5.122e+1,,1.058e-14,,,,5.127e-18,,5.120e+1,1.301e-2
205.87,2.534e+1,,1.057e-14,,,,5.051e-18,,2.532e+1,2.062e-2
205.92,1.386e+1,,1.056e-14,,,,4.975e-18,,1.382e+1,3.305e-2
205.97,1.378e+1,,1.055e-14,,,,4.899e-18,,1.373e+1,5.063e-2
206.01,2.194e+1,,1.054e-14,,,,4.838e-18,,2.188e+1,6.731e-2
206.06,4.519e+1,,1.053e-14,,,,4.762e-18,,4.510e+1,8.811e-2
206.11,8.764e+1,,1.053e-14,5.348e-24,,,4.685e-18,,8.753e+1,1.037e-1
206.16,1.527e+2,,1.052e-14,9.297e-23,,,4.609e-18,,1.526e+2,1.093e-1
206.21,2.379e+2,,1.773e-13,1.439e-21,,,4.533e-18,,2.378e+2,1.027e-1
206.26,3.317e+2,,2.660e-12,1.982e-20,,,4.457e-18,,3.317e+2,8.609e-2
206.31,4.163e+2,,3.553e-11,2.432e-19,,,4.381e-18,,4.162e+2,6.440e-2
206.36,4.740e+2,,4.225e-10,2.656e-18,,,4.304e-18,,4.739e+2,4.348e-2
206.40,4.950e+2,,2.817e-9,1.654e-17,,,4.243e-18,,4.949e+2,3.037e-2
206.45,4.934e+2,,2.717e-8,1.466e-16,,,4.167e-18,,4.934e+2,2.088e-2
206.50,4.752e+2,,2.334e-7,1.156e-15,,,4.091e-18,,4.752e+2,2.042e-2
206.55,4.579e+2,,1.784e-6,8.121e-15,,,4.015e-18,,4.579e+2,2.995e-2
206.60,4.532e+2,,1.214e-5,5.079e-14,,,3.939e-18,,4.532e+2,4.987e-2
206.65,4.615e+2,,7.360e-5,2.828e-13,,,3.862e-18,,4.614e+2,7.897e-2
206.70,4.731e+2,,3.970e-4,1.402e-12,,,3.786e-18,,4.730e+2,1.129e-1
206.75,4.739e+2,,1.907e-3,6.187e-12,,,3.710e-18,,4.737e+2,1.442e-1
206.79,4.591e+2,,6.154e-3,1.866e-11,,,3.649e-18,,4.590e+2,1.613e-1
206.84,4.185e+2,,2.398e-2,6.683e-11,,,3.573e-18,,4.184e+2,1.672e-1
206.89,3.585e+2,,8.317e-2,2.131e-10,,,3.497e-18,,3.583e+2,1.543e-1
206.94,2.901e+2,,2.568e-1,6.048e-10,,,3.420e-18,,2.897e+2,1.269e-1
206.99,2.243e+2,,7.061e-1,1.529e-9,,,3.344e-18,,2.235e+2,9.301e-2
207.04,1.679e+2,,1.728e+0,3.440e-9,,,3.268e-18,,1.662e+2,6.090e-2
207.09,1.232e+2,,3.765e+0,6.891e-9,,,3.192e-18,,1.194e+2,3.571e-2
207.14,8.967e+1,,7.303e+0,1.229e-8,,,3.116e-18,,8.235e+1,1.883e-2
207.19,6.628e+1,,1.261e+1,1.952e-8,,,3.039e-18,,5.366e+1,8.994e-3
207.23,5.411e+1,,1.796e+1,2.599e-8,,,2.979e-18,,3.615e+1,4.677e-3
207.28,4.556e+1,,2.516e+1,3.349e-8,,,2.902e-18,,2.040e+1,1.962e-3
207.33,4.183e+1,,3.137e+1,3.842e-8,,,2.826e-18,,1.045e+1,8.926e-4
207.38,3.967e+1,,3.483e+1,3.925e-8,,,2.750e-18,,4.840e+0,7.589e-4
207.43,3.652e+1,,3.443e+1,3.569e-8,,,2.674e-18,,2.089e+0,1.556e-3
207.48,3.140e+1,,3.030e+1,2.890e-8,,,2.598e-18,,1.102e+0,4.045e-3
207.53,2.520e+1,,2.374e+1,2.083e-8,,,2.521e-18,,1.450e+0,9.944e-3
207.58,2.019e+1,,1.655e+1,1.337e-8,,,2.445e-18,,3.609e+0,2.201e-2
207.62,1.917e+1,,1.141e+1,8.626e-9,,,2.384e-18,,7.716e+0,3.831e-2
207.67,2.483e+1,,6.457e+0,4.492e-9,,,2.308e-18,,1.830e+1,6.906e-2
207.72,4.214e+1,,3.252e+0,2.083e-9,,,2.232e-18,,3.878e+1,1.109e-1
207.77,7.482e+1,,1.458e+0,8.598e-10,,,2.156e-18,,7.320e+1,1.588e-1
207.82,1.239e+2,,5.822e-1,3.160e-10,,,2.079e-18,,1.231e+2,2.024e-1
207.87,1.849e+2,,2.069e-1,1.034e-10,,,2.003e-18,,1.845e+2,2.299e-1
207.92,2.466e+2,,6.546e-2,3.013e-11,,,1.927e-18,,2.463e+2,2.326e-1
207.97,2.931e+2,,1.844e-2,7.817e-12,,,1.851e-18,,2.929e+2,2.097e-1
208.02,3.105e+2,,4.624e-3,1.806e-12,,,1.775e-18,,3.103e+2,1.684e-1
208.06,2.992e+2,,1.406e-3,5.189e-13,,,1.714e-18,,2.990e+2,1.301e-1
208.11,2.575e+2,,2.861e-4,1.280e-13,,,1.637e-18,,2.574e+2,8.530e-2
208.16,1.976e+2,,5.181e-5,2.073e-13,,,1.561e-18,,1.975e+2,5.044e-2
208.21,1.356e+2,,8.353e-6,1.032e-12,,,1.485e-18,,1.356e+2,2.770e-2
208.26,8.463e+1,,1.199e-6,4.948e-12,,,1.409e-18,,8.461e+1,1.531e-2
208.31,5.194e+1,,1.532e-7,2.120e-11,,,1.333e-18,,5.193e+1,9.913e-3
208.36,4.059e+1,,1.752e-8,8.098e-11,,,1.256e-18,,4.058e+1,8.264e-3
208.41,5.297e+1,,2.731e-9,2.759e-10,,,1.180e-18,,5.296e+1,8.053e-3
208.45,8.254e+1,,6.294e-9,6.773e-10,,,1.119e-18,,8.253e+1,8.019e-3
208.50,1.477e+2,,5.387e-8,1.878e-9,,,1.941e-17,,1.477e+2,7.690e-3
208.55,2.445e+2,,4.294e-7,4.643e-9,,,3.005e-16,,2.445e+2,7.027e-3
208.60,3.638e+2,,3.060e-6,1.024e-8,,,4.151e-15,,3.638e+2,6.270e-3
208.65,4.836e+2,,1.949e-5,2.014e-8,,,5.119e-14,,4.836e+2,5.698e-3
208.70,5.737e+2,,1.109e-4,3.538e-8,,,5.634e-13,,5.737e+2,5.509e-3
208.75,6.071e+2,,5.647e-4,5.556e-8,,,5.534e-12,,6.071e+2,5.806e-3
208.80,5.730e+2,,2.571e-3,7.820e-8,,,4.852e-11,,5.730e+2,6.617e-3
208.84,5.039e+2,,7.976e-3,9.541e-8,,,2.539e-10,,5.039e+2,7.597e-3
208.89,3.876e+2,,2.972e-2,1.126e-7,,,1.815e-9,,3.876e+2,9.070e-3
208.94,2.671e+2,,9.909e-2,1.236e-7,,,1.157e-8,,2.670e+2,1.048e-2
208.99,1.669e+2,,2.958e-1,1.311e-7,,,6.588e-8,,1.666e+2,1.136e-2
209.04,9.899e+1,,7.907e-1,1.405e-7,,,3.347e-7,,9.819e+1,1.135e-2
209.09,6.349e+1,,1.893e+0,1.568e-7,,,1.518e-6,,6.159e+1,1.034e-2
209.14,5.414e+1,,4.061e+0,1.802e-7,,,6.145e-6,,5.007e+1,8.553e-3
209.19,6.259e+1,,7.807e+0,2.043e-7,,,2.220e-5,,5.477e+1,6.437e-3
209.24,8.056e+1,,1.345e+1,2.190e-7,,,7.161e-5,,6.710e+1,4.450e-3
209.28,9.656e+1,,1.922e+1,2.181e-7,,,1.684e-4,,7.733e+1,3.181e-3
209.33,1.128e+2,,2.723e+1,1.986e-7,,,4.427e-4,,8.554e+1,2.157e-3
209.38,1.199e+2,,3.459e+1,1.625e-7,,,1.039e-3,,8.533e+1,1.852e-3
209.43,1.157e+2,,3.943e+1,1.191e-7,,,2.179e-3,,7.630e+1,2.365e-3
209.48,1.013e+2,,4.031e+1,7.794e-8,,,4.083e-3,,6.102e+1,3.825e-3
209.53,8.063e+1,,3.699e+1,4.555e-8,,,6.844e-3,,4.363e+1,6.309e-3
209.58,5.835e+1,,3.045e+1,2.375e-8,,,1.028e-2,,2.788e+1,9.684e-3
209.63,3.848e+1,,2.249e+1,1.105e-8,,,1.387e-2,,1.597e+1,1.346e-2
209.67,2.588e+1,,1.632e+1,5.520e-9,,,1.639e-2,,9.522e+0,1.622e-2
209.72,1.472e+1,,9.914e+0,2.092e-9,,,1.853e-2,,4.765e+0,1.854e-2
209.77,8.121e+0,,5.401e+0,7.070e-10,,,1.929e-2,,2.681e+0,1.898e-2
209.82,4.999e+0,,2.639e+0,2.132e-10,,,1.878e-2,,2.325e+0,1.737e-2
209.87,4.243e+0,,1.156e+0,5.735e-11,,,1.744e-2,,3.055e+0,1.422e-2
209.92,4.961e+0,,4.537e-1,1.376e-11,,,1.570e-2,,4.481e+0,1.041e-2
209.97,6.484e+0,,1.596e-1,2.946e-12,,,1.377e-2,,6.303e+0,6.808e-3
210.02,8.290e+0,,5.030e-2,5.627e-13,,,1.173e-2,,8.224e+0,3.982e-3
210.06,9.659e+0,,1.845e-2,1.379e-13,,,1.003e-2,,9.628e+0,2.393e-3
210.11,1.103e+1,,4.767e-3,2.144e-14,,,8.000e-3,,1.101e+1,1.147e-3
210.16,1.188e+1,,1.103e-3,2.974e-15,,,6.340e-3,,1.187e+1,4.984e-4
210.21,1.228e+1,,2.283e-4,3.681e-16,,,5.338e-3,,1.227e+1,2.091e-4
210.26,1.245e+1,,4.230e-5,4.064e-17,,,5.126e-3,,1.244e+1,1.152e-4
210.31,1.288e+1,,7.011e-6,4.003e-18,,,5.603e-3,,1.287e+1,1.346e-4
210.36,1.444e+1,,1.039e-6,3.517e-19,,,6.466e-3,,1.443e+1,2.505e-4
210.41,1.860e+1,,1.378e-7,2.757e-20,,,7.304e-3,,1.859e+1,4.899e-4
210.46,2.756e+1,,1.634e-8,1.928e-21,,,7.736e-3,,2.755e+1,8.982e-4
210.50,4.001e+1,,2.736e-9,2.114e-22,,,7.623e-3,,4.000e+1,1.369e-3
210.55,6.431e+1,5.967e-13,2.651e-10,2.104e-22,,,6.878e-3,,6.430e+1,2.122e-3
210.60,9.955e+1,9.782e-12,2.295e-11,2.094e-22,,,5.621e-3,,9.954e+1,2.968e-3
210.65,1.450e+2,1.434e-10,1.776e-12,2.084e-22,,,4.146e-3,,1.450e+2,3.733e-3
210.70,1.974e+2,1.882e-9,1.209e-13,2.074e-22,,,2.754e-3,,1.974e+2,4.214e-3
210.75,2.522e+2,2.208e-8,6.049e-15,2.063e-22,,,1.643e-3,,2.522e+2,4.263e-3
210.80,3.046e+2,2.318e-7,6.198e-15,2.053e-22,,,8.801e-4,,3.046e+2,3.865e-3
210.85,3.505e+2,2.176e-6,6.346e-15,2.043e-22,,,4.225e-4,,3.505e+2,3.141e-3
210.89,3.799e+2,1.205e-5,6.465e-15,2.035e-22,,,2.170e-4,,3.799e+2,2.459e-3
210.94,4.039e+2,9.260e-5,6.614e-15,2.025e-22,,,8.540e-5,,4.039e+2,1.643e-3
210.99,4.090e+2,6.365e-4,6.763e-15,2.015e-22,,,3.007e-5,,4.090e+2,9.899e-4
211.04,3.910e+2,3.913e-3,6.912e-15,2.005e-22,,,9.474e-6,,3.910e+2,5.442e-4
211.09,3.494e+2,2.153e-2,7.061e-15,1.995e-22,,,2.669e-6,,3.493e+2,2.851e-4
211.14,2.888e+2,1.059e-1,7.209e-15,1.984e-22,,,6.722e-7,,2.887e+2,1.620e-4
211.19,2.195e+2,4.662e-1,7.358e-15,1.974e-22,,,1.514e-7,,2.191e+2,1.237e-4
211.24,1.541e+2,1.836e+0,7.507e-15,1.964e-22,,,3.047e-8,,1.523e+2,1.322e-4
211.29,1.048e+2,6.466e+0,7.656e-15,1.954e-22,,,5.481e-9,,9.837e+1,1.639e-4
211.33,8.492e+1,1.634e+1,7.775e-15,1.946e-22,,,1.282e-9,,6.858e+1,1.983e-4
211.38,9.679e+1,4.709e+1,7.923e-15,1.936e-22,,,1.884e-10,,4.970e+1,2.505e-4
211.43,1.719e+2,1.214e+2,8.072e-15,1.926e-22,,,2.474e-11,,5.047e+1,3.163e-4
211.48,3.483e+2,2.801e+2,8.221e-15,1.916e-22,,,2.904e-12,,6.827e+1,3.996e-4
211.53,6.763e+2,5.778e+2,8.370e-15,1.905e-22,,,3.046e-13,,9.843e+1,4.986e-4
211.58,1.200e+3,1.066e+3,8.519e-15,1.895e-22,,,2.855e-14,,1.337e+2,6.023e-4
211.63,1.925e+3,1.761e+3,8.667e-15,1.885e-22,,,2.391e-15,,1.645e+2,6.926e-4
211.68,2.783e+3,2.601e+3,8.816e-15,1.875e-22,,,1.790e-16,,1.817e+2,7.512e-4
211.72,3.462e+3,3.281e+3,8.935e-15,1.867e-22,,,2.075e-17,,1.817e+2,7.672e-4
211.77,4.133e+3,3.969e+3,9.084e-15,1.857e-22,,,2.063e-17,,1.643e+2,7.465e-4
211.82,4.438e+3,4.305e+3,9.233e-15,1.847e-22,,,2.051e-17,,1.329e+2,6.848e-4
211.87,4.302e+3,4.206e+3,9.381e-15,1.837e-22,,,2.039e-17,,9.618e+1,5.917e-4
211.92,3.816e+3,3.753e+3,9.530e-15,1.826e-22,,,2.027e-17,1.586e-13,6.225e+1,4.796e-4
211.97,3.216e+3,3.180e+3,9.679e-15,1.816e-22,,,2.015e-17,2.508e-12,3.605e+1,3.635e-4
212.02,2.811e+3,2.792e+3,9.828e-15,1.806e-22,,,2.003e-17,3.554e-11,1.870e+1,2.585e-4
212.07,2.874e+3,2.865e+3,9.976e-15,1.796e-22,,,1.991e-17,4.511e-10,8.769e+0,1.772e-4
212.11,3.364e+3,3.360e+3,1.010e-14,1.788e-22,,,1.982e-17,3.182e-9,4.585e+0,1.339e-4
212.16,4.497e+3,4.494e+3,1.024e-14,1.778e-22,,,1.970e-17,3.313e-8,2.287e+0,1.068e-4
212.21,5.977e+3,5.975e+3,1.039e-14,1.768e-22,,,1.958e-17,3.090e-7,1.942e+0,1.036e-4
212.26,7.398e+3,7.395e+3,1.054e-14,1.758e-22,,,1.946e-17,2.582e-6,2.821e+0,1.137e-4
212.31,8.306e+3,8.301e+3,1.069e-14,1.747e-22,,,1.934e-17,1.933e-5,4.644e+0,1.254e-4
212.36,8.385e+3,8.378e+3,1.084e-14,1.737e-22,,,1.922e-17,1.296e-4,7.312e+0,1.295e-4
212.41,7.593e+3,7.582e+3,1.099e-14,1.727e-22,,,1.910e-17,7.787e-4,1.079e+1,1.216e-4
212.46,6.171e+3,6.156e+3,1.114e-14,1.717e-22,,,1.898e-17,4.190e-3,1.515e+1,1.028e-4
212.51,4.529e+3,4.509e+3,1.129e-14,1.707e-22,,,1.886e-17,2.020e-2,2.070e+1,7.795e-5
212.55,3.334e+3,3.308e+3,1.140e-14,1.699e-22,,,1.877e-17,6.569e-2,2.636e+1,5.792e-5
212.60,2.239e+3,2.203e+3,1.155e-14,1.689e-22,,,1.865e-17,2.598e-1,3.545e+1,3.668e-5
212.65,1.730e+3,1.682e+3,1.170e-14,1.678e-22,,,1.853e-17,9.205e-1,4.701e+1,2.193e-5
212.70,1.843e+3,1.780e+3,1.185e-14,1.668e-22,,,1.841e-17,2.922e+0,6.079e+1,1.388e-5
212.75,2.524e+3,2.440e+3,1.200e-14,1.658e-22,,,1.829e-17,8.308e+0,7.611e+1,1.129e-5
212.80,3.630e+3,3.516e+3,1.215e-14,1.648e-22,,,1.817e-17,2.116e+1,9.229e+1,1.236e-5
212.85,4.920e+3,4.763e+3,1.230e-14,1.638e-22,,,1.805e-17,4.829e+1,1.088e+2,1.526e-5
212.90,6.078e+3,5.855e+3,1.245e-14,1.628e-22,,,1.793e-17,9.871e+1,1.246e+2,1.833e-5
212.94,6.701e+3,6.404e+3,1.257e-14,1.620e-22,,,1.784e-17,1.616e+2,1.355e+2,2.008e-5
212.99,6.941e+3,6.526e+3,1.271e-14,1.610e-22,,,1.772e-17,2.710e+2,1.441e+2,2.100e-5
213.04,6.606e+3,6.055e+3,1.286e-14,1.599e-22,,,1.760e-17,4.071e+2,1.438e+2,2.113e-5
213.09,5.947e+3,5.266e+3,1.301e-14,1.589e-22,,,1.748e-17,5.478e+2,1.329e+2,2.255e-5
213.14,5.375e+3,4.601e+3,1.316e-14,1.579e-22,,,1.736e-17,6.605e+2,1.126e+2,2.877e-5
213.19,5.314e+3,4.513e+3,1.331e-14,1.569e-22,,,1.724e-17,7.133e+2,8.748e+1,4.423e-5
213.24,6.047e+3,5.294e+3,1.346e-14,1.559e-22,,,1.712e-17,6.902e+2,6.323e+1,7.313e-5
213.29,7.594e+3,6.950e+3,1.361e-14,1.549e-22,,,1.700e-17,5.982e+2,4.515e+1,1.177e-4
213.34,9.648e+3,9.147e+3,1.376e-14,1.539e-22,,,1.688e-17,4.645e+2,3.663e+1,1.769e-4
213.38,1.128e+4,1.089e+4,1.387e-14,1.531e-22,,,1.679e-17,3.505e+2,3.761e+1,2.314e-4
213.43,1.273e+4,1.246e+4,1.402e-14,1.520e-22,,,1.667e-17,2.233e+2,4.805e+1,3.033e-4
213.48,1.306e+4,1.286e+4,1.417e-14,1.510e-22,,,1.655e-17,1.274e+2,6.632e+1,3.735e-4
213.53,1.208e+4,1.192e+4,1.432e-14,1.500e-22,,,1.643e-17,6.513e+1,8.783e+1,4.388e-4
213.58,1.005e+4,9.914e+3,1.447e-14,1.490e-22,,,1.631e-17,2.983e+1,1.066e+2,4.964e-4
213.63,7.517e+3,7.388e+3,1.462e-14,1.480e-22,,,1.619e-17,1.224e+1,1.167e+2,5.416e-4
213.68,5.054e+3,4.934e+3,1.477e-14,1.470e-22,,,1.607e-17,4.497e+0,1.149e+2,5.650e-4
213.73,3.056e+3,2.953e+3,1.492e-14,1.460e-22,,,1.595e-17,1.481e+0,1.015e+2,5.556e-4
213.77,1.896e+3,1.810e+3,1.503e-14,1.452e-22,,,1.586e-17,5.624e-1,8.501e+1,5.201e-4
213.82,9.512e+2,8.893e+2,1.518e-14,1.441e-22,,,1.574e-17,1.519e-1,6.174e+1,4.445e-4
213.87,4.320e+2,3.918e+2,1.533e-14,1.431e-22,,,1.562e-17,3.675e-2,4.020e+1,3.484e-4
213.92,1.792e+2,1.557e+2,1.548e-14,1.421e-22,,,1.550e-17,7.966e-3,2.347e+1,2.540e-4
213.97,7.164e+1,5.936e+1,1.563e-14,1.411e-22,,,1.538e-17,1.547e-3,1.228e+1,1.838e-4
214.02,3.927e+1,3.351e+1,1.578e-14,1.401e-22,,,1.526e-17,2.691e-4,5.763e+0,1.562e-4
214.07,5.693e+1,5.451e+1,1.593e-14,1.391e-22,,,1.514e-17,4.193e-5,2.427e+0,1.842e-4
214.12,1.384e+2,1.374e+2,1.608e-14,1.381e-22,,,1.502e-17,5.853e-6,9.318e-1,2.757e-4
214.16,2.834e+2,2.829e+2,1.620e-14,1.373e-22,,,1.493e-17,1.119e-6,4.414e-1,3.949e-4
214.21,6.385e+2,6.382e+2,1.634e-14,1.362e-22,,,1.481e-17,1.282e-7,3.135e-1,5.923e-4
214.26,1.293e+3,1.293e+3,1.649e-14,1.352e-22,,,1.469e-17,1.315e-8,6.513e-1,8.193e-4
214.31,2.351e+3,2.349e+3,1.664e-14,1.342e-22,,,1.457e-17,1.209e-9,1.778e+0,1.038e-3
214.36,3.835e+3,3.830e+3,1.679e-14,1.332e-22,,,1.445e-17,9.951e-11,4.550e+0,1.208e-3
214.41,5.614e+3,5.603e+3,1.694e-14,1.322e-22,,,1.433e-17,7.339e-12,1.050e+1,1.298e-3
214.46,7.377e+3,7.355e+3,1.709e-14,1.312e-22,,,1.421e-17,4.849e-13,2.177e+1,1.299e-3
214.51,8.711e+3,8.670e+3,1.724e-14,1.302e-22,,,1.409e-17,7.285e-13,4.064e+1,1.219e-3
214.56,9.266e+3,9.198e+3,1.739e-14,1.292e-22,,,1.397e-17,9.721e-13,6.841e+1,1.080e-3
214.60,9.070e+3,8.973e+3,1.750e-14,1.283e-22,,,1.388e-17,1.167e-12,9.660e+1,9.421e-4
214.65,8.196e+3,8.059e+3,1.765e-14,1.273e-22,,,1.376e-17,1.411e-12,1.368e+2,7.553e-4
214.70,7.084e+3,6.905e+3,1.780e-14,1.263e-22,,,1.364e-17,1.654e-12,1.785e+2,5.709e-4
214.75,6.368e+3,6.150e+3,1.795e-14,1.253e-22,,,1.352e-17,1.898e-12,2.182e+2,4.071e-4
214.80,6.617e+3,6.362e+3,1.810e-14,1.243e-22,,,1.340e-17,2.141e-12,2.555e+2,2.798e-4
214.85,8.129e+3,7.836e+3,1.825e-14,1.233e-22,,,1.328e-17,2.385e-12,2.927e+2,2.005e-4
214.90,1.078e+4,1.045e+4,1.840e-14,1.223e-22,,,1.316e-17,2.628e-12,3.316e+2,1.744e-4
214.95,1.398e+4,1.361e+4,1.855e-14,1.213e-22,,,1.304e-17,2.872e-12,3.688e+2,1.995e-4
214.99,1.634e+4,1.595e+4,1.866e-14,1.204e-22,,,1.295e-17,3.067e-12,3.912e+2,2.497e-4
215.04,1.824e+4,1.784e+4,1.881e-14,1.194e-22,,,1.283e-17,3.310e-12,3.999e+2,3.348e-4
215.09,1.837e+4,1.799e+4,1.896e-14,1.184e-22,,,1.271e-17,3.554e-12,3.791e+2,4.212e-4
215.14,1.664e+4,1.631e+4,1.911e-14,1.174e-22,,,1.259e-17,3.797e-12,3.288e+2,4.821e-4
215.19,1.354e+4,1.328e+4,1.926e-14,1.164e-22,,,1.247e-17,4.041e-12,2.587e+2,4.972e-4
215.24,9.889e+3,9.705e+3,1.941e-14,1.154e-22,,,1.235e-17,4.285e-12,1.838e+2,4.608e-4
215.29,6.484e+3,6.366e+3,1.956e-14,1.144e-22,,,1.223e-17,4.528e-12,1.175e+2,3.836e-4
215.34,3.816e+3,3.749e+3,1.971e-14,1.134e-22,,,1.211e-17,4.772e-12,6.759e+1,2.869e-4
215.38,2.310e+3,2.270e+3,1.983e-14,1.125e-22,,,1.201e-17,4.967e-12,4.019e+1,2.108e-4
215.43,1.119e+3,1.100e+3,1.997e-14,1.115e-22,,,1.190e-17,7.507e-11,1.906e+1,1.314e-4
215.48,4.868e+2,4.786e+2,2.012e-14,1.105e-22,,,1.178e-17,1.020e-9,8.146e+0,7.675e-5
215.53,1.901e+2,1.869e+2,2.027e-14,1.095e-22,,,1.166e-17,1.246e-8,3.253e+0,4.678e-5
215.58,6.712e+1,6.550e+1,2.042e-14,1.085e-22,,,1.154e-17,1.368e-7,1.621e+0,3.728e-5
215.63,2.275e+1,2.060e+1,2.057e-14,1.075e-22,,,1.142e-17,1.351e-6,2.143e+0,4.276e-5
215.68,1.124e+1,5.816e+0,2.072e-14,1.065e-22,,,1.130e-17,1.199e-5,5.428e+0,5.770e-5
215.73,1.569e+1,1.474e+0,2.087e-14,1.055e-22,,,1.118e-17,9.565e-5,1.422e+1,7.642e-5
215.78,3.451e+1,3.352e-1,2.102e-14,1.044e-22,,,1.106e-17,6.860e-4,3.417e+1,9.302e-5
215.82,6.429e+1,9.483e-2,2.113e-14,1.036e-22,,,1.096e-17,3.073e-3,6.419e+1,1.012e-4
215.87,1.291e+2,1.776e-2,2.128e-14,1.026e-22,,,1.085e-17,1.820e-2,1.290e+2,1.022e-4
215.92,2.347e+2,3.026e-3,2.143e-14,1.016e-22,,,1.073e-17,9.686e-2,2.346e+2,9.282e-5
215.97,3.861e+2,7.622e-4,2.158e-14,1.006e-22,,,1.061e-17,4.635e-1,3.856e+2,7.569e-5
216.02,5.748e+2,2.110e-3,2.173e-14,9.958e-23,,,1.049e-17,1.994e+0,5.728e+2,5.545e-5
216.07,7.764e+2,1.210e-2,2.188e-14,9.857e-23,,,1.037e-17,7.710e+0,7.687e+2,3.649e-5
216.12,9.584e+2,6.417e-2,2.203e-14,9.755e-23,,,1.025e-17,2.681e+1,9.315e+2,2.156e-5
216.17,1.103e+3,3.062e-1,2.218e-14,9.654e-23,,,1.013e-17,8.377e+1,1.019e+3,1.145e-5
216.21,1.211e+3,9.900e-1,2.229e-14,9.573e-23,,,1.003e-17,1.931e+2,1.017e+3,6.386e-6
216.26,1.428e+3,3.901e+0,2.244e-14,9.472e-23,,,9.915e-18,4.982e+2,9.262e+2,2.795e-6
216.31,1.933e+3,1.382e+1,2.259e-14,9.370e-23,,,9.795e-18,1.155e+3,7.639e+2,1.099e-6
216.36,3.029e+3,4.402e+1,2.274e-14,9.269e-23,,,9.676e-18,2.409e+3,5.753e+2,3.879e-7
216.41,5.047e+3,1.261e+2,2.289e-14,9.168e-23,,,9.557e-18,4.516e+3,4.047e+2,1.230e-7
216.46,8.216e+3,3.248e+2,2.304e-14,9.066e-23,,,9.438e-18,7.610e+3,2.808e+2,3.505e-8
216.51,1.249e+4,7.521e+2,2.319e-14,8.965e-23,,,9.318e-18,1.153e+4,2.122e+2,8.976e-9
216.56,1.746e+4,1.566e+3,2.334e-14,8.864e-23,,,9.199e-18,1.570e+4,1.905e+2,2.108e-9
216.61,2.235e+4,2.932e+3,2.348e-14,8.763e-23,,,9.080e-18,1.922e+4,1.982e+2,7.227e-10
216.65,2.563e+4,4.486e+3,2.360e-14,8.682e-23,,,8.984e-18,2.093e+4,2.125e+2,1.341e-9
216.70,2.832e+4,6.936e+3,2.375e-14,8.580e-23,,,8.865e-18,2.116e+4,2.266e+2,6.624e-9
216.75,2.909e+4,9.646e+3,2.390e-14,8.479e-23,,,8.746e-18,1.922e+4,2.269e+2,3.192e-8
216.80,2.798e+4,1.206e+4,2.405e-14,8.378e-23,,,8.626e-18,1.570e+4,2.097e+2,1.388e-7
216.85,2.529e+4,1.359e+4,2.420e-14,8.276e-23,,,8.507e-18,1.153e+4,1.778e+2,5.427e-7
216.90,2.155e+4,1.381e+4,2.435e-14,8.175e-23,,,8.388e-18,7.610e+3,1.383e+2,1.910e-6
216.95,1.737e+4,1.276e+4,2.450e-14,8.074e-23,,,8.268e-18,4.516e+3,9.899e+1,6.046e-6
217.00,1.343e+4,1.095e+4,2.465e-14,7.972e-23,,,8.149e-18,2.409e+3,6.647e+1,1.722e-5
217.04,1.092e+4,9.527e+3,2.476e-14,7.891e-23,,,8.054e-18,1.350e+3,4.817e+1,3.687e-5
217.09,9.177e+3,8.546e+3,2.491e-14,7.790e-23,,,7.934e-18,5.945e+2,3.717e+1,8.681e-5
217.14,9.415e+3,9.138e+3,2.506e-14,7.689e-23,,,7.815e-18,2.354e+2,4.190e+1,1.839e-4
217.19,1.178e+4,1.162e+4,2.521e-14,7.588e-23,,,7.696e-18,8.377e+1,6.663e+1,3.505e-4
217.24,1.588e+4,1.573e+4,2.536e-14,7.486e-23,,,7.576e-18,2.681e+1,1.174e+2,6.009e-4
217.29,2.078e+4,2.058e+4,2.551e-14,7.385e-23,,,7.457e-18,7.710e+0,1.994e+2,9.270e-4
217.34,2.515e+4,2.484e+4,2.566e-14,7.284e-23,,,7.338e-18,1.994e+0,3.125e+2,1.287e-3
217.39,2.765e+4,2.721e+4,2.581e-14,7.182e-23,,,7.218e-18,4.635e-1,4.462e+2,1.606e-3
217.43,2.773e+4,2.717e+4,2.592e-14,7.101e-23,,,7.123e-18,1.336e-1,5.534e+2,1.778e-3
217.48,2.535e+4,2.469e+4,2.607e-14,7.000e-23,,,7.004e-18,2.564e-2,6.633e+2,1.835e-3
217.53,2.091e+4,2.019e+4,2.622e-14,6.899e-23,,,6.884e-18,4.423e-3,7.207e+2,1.704e-3
217.58,1.557e+4,1.486e+4,2.637e-14,6.797e-23,,,6.765e-18,6.860e-4,7.099e+2,1.424e-3
217.63,1.047e+4,9.834e+3,2.652e-14,6.696e-23,,,6.646e-18,9.565e-5,6.342e+2,1.070e-3
217.68,6.370e+3,5.856e+3,2.667e-14,6.595e-23,,,6.526e-18,1.199e-5,5.140e+2,7.238e-4
217.73,3.516e+3,3.137e+3,2.682e-14,6.494e-23,,,6.407e-18,1.351e-6,3.783e+2,4.404e-4
217.78,1.765e+3,1.512e+3,2.697e-14,6.392e-23,,,6.288e-18,1.368e-7,2.530e+2,2.411e-4
217.83,8.095e+2,6.556e+2,2.711e-14,6.291e-23,,,6.168e-18,1.246e-8,1.539e+2,1.187e-4
217.87,4.081e+2,3.113e+2,2.723e-14,6.210e-23,,,6.073e-18,1.699e-9,9.682e+1,6.242e-5
217.92,1.620e+2,1.116e+2,2.738e-14,6.109e-23,,,5.954e-18,1.567e-10,5.041e+1,2.541e-5
217.97,6.137e+1,3.598e+1,2.753e-14,6.007e-23,,,5.834e-18,3.896e-10,2.539e+1,9.307e-6
218.02,2.534e+1,1.043e+1,3.825e-13,5.906e-23,,,5.715e-18,4.489e-9,1.490e+1,3.067e-6
218.07,1.673e+1,2.723e+0,4.788e-12,5.805e-23,,,5.596e-18,4.766e-8,1.400e+1,9.092e-7
218.12,2.048e+1,6.392e-1,5.404e-11,5.704e-23,,,5.477e-18,4.560e-7,1.984e+1,2.425e-7
218.17,3.081e+1,1.350e-1,5.495e-10,5.602e-23,,,5.357e-18,3.932e-6,3.067e+1,5.818e-8
218.22,4.471e+1,2.565e-2,5.037e-9,5.501e-23,,,5.238e-18,3.055e-5,4.469e+1,1.256e-8
218.26,5.644e+1,6.294e-3,2.750e-8,5.420e-23,,,5.142e-18,1.462e-4,5.644e+1,3.415e-9
218.31,6.905e+1,9.884e-4,2.090e-7,5.319e-23,,,5.023e-18,9.418e-4,6.905e+1,6.094e-10
218.36,7.647e+1,1.396e-4,1.432e-6,5.217e-23,,,4.904e-18,5.468e-3,7.647e+1,9.784e-11
218.41,7.704e+1,1.775e-5,8.844e-6,5.116e-23,,,4.785e-18,2.861e-2,7.702e+1,1.413e-11
218.46,7.136e+1,2.029e-6,4.923e-5,5.015e-23,,,4.665e-18,1.349e-1,7.122e+1,1.837e-12
218.51,6.213e+1,2.087e-7,2.470e-4,4.913e-23,,,4.546e-18,5.732e-1,6.156e+1,2.148e-13
218.56,5.337e+1,1.932e-8,1.117e-3,4.812e-23,,,4.427e-18,2.195e+0,5.118e+1,2.259e-14
218.61,5.003e+1,1.608e-9,4.557e-3,4.711e-23,,,4.307e-18,7.572e+0,4.246e+1,2.138e-15
218.65,5.622e+1,2.039e-10,1.303e-2,4.630e-23,,,3.638e-17,1.892e+1,3.728e+1,3.005e-16
218.70,8.695e+1,1.403e-11,4.412e-2,4.529e-23,,,4.773e-16,5.414e+1,3.276e+1,2.351e-17
218.75,1.694e+2,1.286e-11,1.349e-1,4.427e-23,,,5.648e-15,1.396e+2,2.972e+1,1.655e-18
218.80,3.527e+2,1.168e-11,3.721e-1,4.326e-23,,,6.026e-14,3.243e+2,2.801e+1,1.561e-18
218.85,7.086e+2,1.050e-11,9.276e-1,4.225e-23,,,5.798e-13,6.790e+2,2.867e+1,1.468e-18
218.90,1.317e+3,9.328e-12,2.091e+0,4.123e-23,,,5.030e-12,1.281e+3,3.366e+1,1.374e-18
218.95,2.228e+3,8.152e-12,4.268e+0,4.022e-23,,,3.936e-11,2.179e+3,4.495e+1,1.281e-18
219.00,3.411e+3,6.975e-12,7.903e+0,3.921e-23,,,2.777e-10,3.340e+3,6.309e+1,1.187e-18
219.05,4.715e+3,5.798e-12,1.331e+1,3.819e-23,,,1.767e-9,4.616e+3,8.614e+1,1.094e-18
219.09,5.676e+3,4.857e-12,1.889e+1,3.738e-23,,,7.209e-9,5.552e+3,1.051e+2,1.019e-18
219.14,6.536e+3,3.680e-12,2.705e+1,3.637e-23,,,3.808e-8,6.385e+3,1.242e+2,9.256e-19
219.19,6.825e+3,5.387e-11,3.565e+1,3.536e-23,,,1.814e-7,6.656e+3,1.331e+2,8.322e-19
219.24,6.514e+3,7.115e-10,4.349e+1,3.435e-23,,,7.793e-7,6.342e+3,1.289e+2,7.387e-19
219.29,5.783e+3,8.478e-9,4.948e+1,3.333e-23,,,3.019e-6,5.621e+3,1.126e+2,6.452e-19
219.34,4.941e+3,9.116e-8,5.284e+1,3.232e-23,,,1.055e-5,4.799e+3,8.886e+1,5.518e-19
219.39,4.287e+3,8.843e-7,5.328e+1,3.131e-23,,,3.323e-5,4.170e+3,6.371e+1,4.583e-19
219.44,3.979e+3,7.740e-6,5.089e+1,3.029e-23,,,9.439e-5,3.886e+3,4.250e+1,3.649e-19
219.48,3.965e+3,4.076e-5,4.720e+1,2.948e-23,,,2.020e-4,3.888e+3,3.072e+1,2.901e-19
219.53,4.095e+3,2.965e-4,4.085e+1,2.847e-23,,,4.765e-4,4.030e+3,2.391e+1,1.966e-19
219.58,4.185e+3,1.946e-3,3.329e+1,2.746e-23,,,1.013e-3,4.126e+3,2.641e+1,1.032e-19
219.63,4.082e+3,1.152e-2,2.541e+1,2.644e-23,,,1.944e-3,4.018e+3,3.821e+1,1.436e-18
219.68,3.771e+3,6.156e-2,1.804e+1,3.753e-22,,,3.362e-3,3.694e+3,5.884e+1,1.805e-17
219.73,3.376e+3,2.967e-1,1.186e+1,4.807e-21,,,5.244e-3,3.277e+3,8.703e+1,2.048e-16
219.78,3.091e+3,1.290e+0,7.174e+0,5.559e-20,,,7.376e-3,2.962e+3,1.206e+2,2.097e-15
219.83,3.079e+3,5.064e+0,3.980e+0,5.802e-19,,,9.355e-3,2.913e+3,1.567e+2,1.938e-14
219.88,3.389e+3,1.793e+1,2.017e+0,5.466e-18,,,1.070e-2,3.176e+3,1.925e+2,1.617e-13
219.92,3.818e+3,4.578e+1,1.095e+0,3.055e-17,,,1.106e-2,3.552e+3,2.193e+2,8.197e-13
219.97,4.442e+3,1.347e+2,4.683e-1,2.393e-16,,,1.050e-2,4.058e+3,2.481e+2,5.686e-12
220.02,5.018e+3,3.576e+2,1.818e-1,1.693e-15,,,8.995e-3,4.391e+3,2.692e+2,3.560e-11
220.07,5.514e+3,8.565e+2,6.397e-2,1.081e-14,,,6.946e-3,4.379e+3,2.790e+2,2.012e-10
220.12,6.100e+3,1.851e+3,2.037e-2,6.226e-14,,,4.837e-3,3.974e+3,2.747e+2,1.026e-9
220.17,7.133e+3,3.609e+3,5.867e-3,3.239e-13,,,3.038e-3,3.267e+3,2.566e+2,4.725e-9
220.22,9.007e+3,6.349e+3,1.527e-3,1.521e-12,,,1.720e-3,2.427e+3,2.299e+2,1.963e-8
220.27,1.191e+4,1.008e+4,3.589e-4,6.444e-12,,,8.786e-4,1.629e+3,2.049e+2,7.364e-8
220.31,1.484e+4,1.355e+4,1.047e-4,1.901e-11,,,4.765e-4,1.100e+3,1.949e+2,1.970e-7
220.36,1.869e+4,1.787e+4,2.046e-5,6.699e-11,,,2.020e-4,6.143e+2,2.049e+2,6.143e-7
220.41,2.185e+4,2.129e+4,3.609e-6,2.131e-10,,,7.724e-5,3.097e+2,2.457e+2,1.729e-6
220.46,2.338e+4,2.292e+4,5.742e-7,6.120e-10,,,2.663e-5,1.409e+2,3.157e+2,4.395e-6
220.51,2.285e+4,2.238e+4,8.239e-8,1.586e-9,,,8.281e-6,5.790e+1,4.053e+2,1.008e-5
220.56,2.055e+4,2.003e+4,1.066e-8,3.712e-9,,,2.322e-6,2.148e+1,5.007e+2,2.086e-5
220.61,1.749e+4,1.690e+4,1.244e-9,7.842e-9,,,5.871e-7,7.191e+0,5.894e+2,3.898e-5
220.66,1.507e+4,1.440e+4,1.309e-10,1.495e-8,,,1.339e-7,2.174e+0,6.632e+2,6.575e-5
220.70,1.448e+4,1.377e+4,2.006e-11,2.329e-8,,,3.808e-8,7.755e-1,7.088e+2,9.277e-5
220.75,1.620e+4,1.545e+4,1.749e-12,3.698e-8,,,7.209e-9,1.950e-1,7.459e+2,1.301e-4
220.80,2.083e+4,2.007e+4,1.377e-13,5.309e-8,,,1.231e-9,4.426e-2,7.552e+2,1.647e-4
220.85,2.768e+4,2.695e+4,1.346e-13,6.907e-8,,,1.894e-10,9.071e-3,7.305e+2,1.881e-4
220.90,3.516e+4,3.449e+4,1.314e-13,8.184e-8,,,2.630e-11,1.678e-3,6.705e+2,1.940e-4
220.95,4.123e+4,4.065e+4,1.282e-13,8.923e-8,,,3.292e-12,2.803e-4,5.860e+2,1.806e-4
221.00,4.402e+4,4.352e+4,1.250e-13,9.142e-8,,,3.717e-13,4.225e-5,5.012e+2,1.517e-4
221.05,4.261e+4,4.216e+4,1.218e-13,9.130e-8,,,3.784e-14,5.750e-6,4.494e+2,1.150e-4
221.10,3.736e+4,3.689e+4,1.186e-13,9.329e-8,,,3.474e-15,7.065e-7,4.626e+2,7.874e-5
221.14,3.134e+4,3.081e+4,1.160e-13,9.892e-8,,,4.773e-16,1.226e-7,5.335e+2,5.400e-5
221.19,2.313e+4,2.243e+4,1.128e-13,1.117e-7,,,3.638e-17,1.253e-8,6.969e+2,3.073e-5
221.24,1.566e+4,1.474e+4,1.096e-13,1.283e-7,,,2.501e-18,1.156e-9,9.192e+2,1.579e-5
221.29,9.899e+3,8.746e+3,1.064e-13,1.426e-7,,,2.423e-18,9.622e-11,1.153e+3,7.321e-6
221.34,6.024e+3,4.684e+3,1.032e-13,1.485e-7,,,2.345e-18,7.231e-12,1.340e+3,3.064e-6
221.39,3.699e+3,2.265e+3,1.000e-13,1.420e-7,,,2.267e-18,3.616e-13,1.434e+3,1.157e-6
221.44,2.403e+3,9.883e+2,9.682e-14,1.236e-7,,,2.189e-18,3.630e-13,1.415e+3,3.946e-7
221.49,1.687e+3,3.893e+2,9.362e-14,9.745e-8,,,2.111e-18,3.644e-13,1.297e+3,1.214e-7
221.53,1.333e+3,1.717e+2,9.106e-14,7.496e-8,,,2.048e-18,3.656e-13,1.162e+3,4.394e-8
221.58,1.044e+3,5.624e+1,8.787e-14,4.930e-8,,,1.970e-18,3.670e-13,9.877e+2,1.124e-8
221.63,8.765e+2,1.664e+1,8.467e-14,2.929e-8,,,1.892e-18,3.684e-13,8.598e+2,2.597e-9
221.68,8.253e+2,4.442e+0,8.147e-14,1.571e-8,,,1.814e-18,3.698e-13,8.208e+2,5.414e-10
221.73,8.959e+2,1.070e+0,7.827e-14,7.613e-9,,,1.736e-18,3.713e-13,8.948e+2,1.019e-10
221.78,1.085e+3,2.329e-1,7.508e-14,3.331e-9,,,1.658e-18,3.727e-13,1.085e+3,1.730e-11
221.83,1.373e+3,4.574e-2,7.188e-14,1.316e-9,,,1.580e-18,3.741e-13,1.373e+3,2.653e-12
221.88,1.716e+3,8.109e-3,6.868e-14,4.695e-10,,,1.502e-18,3.755e-13,1.716e+3,3.715e-13
221.93,2.051e+3,1.298e-3,6.548e-14,1.512e-10,,,1.424e-18,3.769e-13,2.051e+3,8.045e-14
221.97,2.265e+3,2.783e-4,6.293e-14,5.677e-11,,,1.362e-18,3.781e-13,2.265e+3,1.757e-13
222.02,2.412e+3,3.704e-5,5.973e-14,1.522e-11,,,1.284e-18,3.795e-13,2.412e+3,1.101e-12
222.07,2.397e+3,4.451e-6,5.653e-14,3.684e-12,,,1.206e-18,3.809e-13,2.397e+3,6.528e-12
222.12,2.229e+3,4.828e-7,5.333e-14,8.053e-13,,,1.128e-18,3.823e-13,2.229e+3,3.503e-11
222.17,1.957e+3,4.727e-8,5.014e-14,1.589e-13,,,1.050e-18,3.838e-13,1.957e+3,1.700e-10
222.22,1.644e+3,4.177e-9,4.694e-14,2.833e-14,,,9.717e-19,3.852e-13,1.644e+3,7.461e-10
222.27,1.343e+3,3.333e-10,4.374e-14,4.559e-15,,,8.937e-19,3.866e-13,1.343e+3,2.961e-9
222.32,1.081e+3,2.400e-11,4.054e-14,6.625e-16,,,8.157e-19,3.880e-13,1.081e+3,1.063e-8
222.36,9.032e+2,2.356e-11,3.799e-14,1.316e-16,,,7.532e-19,3.892e-13,9.032e+2,2.747e-8
222.41,7.179e+2,2.302e-11,3.479e-14,1.591e-17,,,6.752e-19,3.906e-13,7.179e+2,8.225e-8
222.46,5.696e+2,2.247e-11,3.159e-14,1.738e-18,,,9.907e-18,3.920e-13,5.696e+2,2.227e-7
222.51,4.603e+2,2.192e-11,2.839e-14,1.713e-19,,,1.315e-16,3.934e-13,4.603e+2,5.452e-7
222.56,3.947e+2,2.137e-11,2.520e-14,1.526e-20,,,1.581e-15,3.948e-13,3.947e+2,1.207e-6
222.61,3.737e+2,2.082e-11,2.200e-14,1.227e-21,,,1.719e-14,3.963e-13,3.737e+2,2.417e-6
222.66,3.897e+2,2.027e-11,1.880e-14,8.905e-23,,,1.691e-13,3.977e-13,3.897e+2,4.376e-6
222.71,4.266e+2,1.973e-11,1.560e-14,8.850e-23,,,1.506e-12,3.991e-13,4.266e+2,7.164e-6
222.75,4.581e+2,1.929e-11,1.305e-14,8.805e-23,,,8.062e-12,4.002e-13,4.581e+2,9.886e-6
222.80,4.852e+2,1.874e-11,9.849e-15,8.749e-23,,,5.998e-11,4.017e-13,4.852e+2,1.350e-5
222.85,4.892e+2,1.819e-11,6.651e-15,8.694e-23,,,4.039e-10,4.031e-13,4.892e+2,1.668e-5
222.90,4.701e+2,1.764e-11,3.454e-15,8.638e-23,,,2.461e-9,4.045e-13,4.701e+2,1.863e-5
222.95,4.384e+2,1.709e-11,2.563e-16,8.582e-23,,,1.357e-8,4.059e-13,4.384e+2,1.882e-5
223.00,4.107e+2,1.655e-11,3.568e-15,8.527e-23,,,6.774e-8,4.073e-13,4.107e+2,1.719e-5
223.05,4.053e+2,1.600e-11,4.498e-14,8.471e-23,,,3.059e-7,4.088e-13,4.053e+2,1.420e-5
223.10,4.363e+2,1.545e-11,5.134e-13,8.415e-23,,,1.250e-6,4.102e-13,4.363e+2,1.061e-5
223.15,5.101e+2,1.490e-11,5.305e-12,8.360e-23,,,4.625e-6,4.116e-13,5.101e+2,7.169e-6
223.19,5.967e+2,1.446e-11,3.199e-11,8.315e-23,,,1.226e-5,4.127e-13,5.967e+2,4.881e-6
223.24,7.250e+2,1.391e-11,2.764e-10,8.259e-23,,,3.788e-5,4.142e-13,7.250e+2,2.784e-6
223.29,8.493e+2,1.337e-11,2.163e-9,8.204e-23,,,1.059e-4,4.156e-13,8.493e+2,1.522e-6
223.34,9.369e+2,1.282e-11,1.532e-8,8.148e-23,,,2.681e-4,4.170e-13,9.369e+2,9.829e-7
223.39,9.618e+2,1.227e-11,9.824e-8,8.092e-23,,,6.141e-4,4.184e-13,9.618e+2,1.108e-6
223.44,9.172e+2,1.172e-11,5.705e-7,8.037e-23,,,1.273e-3,4.198e-13,9.172e+2,1.988e-6
223.49,8.196e+2,1.117e-11,2.999e-6,7.981e-23,,,2.388e-3,4.213e-13,8.196e+2,3.872e-6
223.54,7.027e+2,1.063e-11,1.428e-5,7.925e-23,,,4.053e-3,4.227e-13,7.027e+2,7.085e-6
223.58,6.199e+2,1.019e-11,4.630e-5,7.881e-23,,,5.760e-3,4.238e-13,6.199e+2,1.076e-5
223.63,5.514e+2,9.638e-12,1.843e-4,7.825e-23,,,8.169e-3,4.252e-13,5.514e+2,1.668e-5
223.68,5.279e+2,9.090e-12,6.642e-4,7.769e-23,,,1.049e-2,4.267e-13,5.279e+2,2.362e-5
223.73,5.379e+2,8.542e-12,2.167e-3,7.714e-23,,,1.218e-2,4.281e-13,5.379e+2,3.076e-5
223.78,5.594e+2,7.994e-12,6.402e-3,7.658e-23,,,1.280e-2,4.295e-13,5.594e+2,3.738e-5
223.83,5.711e+2,7.445e-12,1.712e-2,7.602e-23,,,1.218e-2,4.309e-13,5.711e+2,4.330e-5
223.88,5.609e+2,6.897e-12,4.147e-2,7.547e-23,,,1.049e-2,4.323e-13,5.609e+2,4.915e-5
223.93,5.287e+2,6.349e-12,9.093e-2,7.491e-23,,,8.169e-3,4.338e-13,5.286e+2,5.605e-5
223.97,4.929e+2,5.910e-12,1.586e-1,7.446e-23,,,6.227e-3,4.349e-13,4.927e+2,6.286e-5
224.02,4.455e+2,5.362e-12,2.908e-1,7.391e-23,,,4.053e-3,4.363e-13,4.452e+2,7.262e-5
224.07,4.047e+2,4.814e-12,4.828e-1,7.335e-23,,,2.388e-3,4.377e-13,4.042e+2,8.192e-5
224.12,3.775e+2,4.265e-12,7.257e-1,7.279e-23,,,1.273e-3,4.392e-13,3.767e+2,8.782e-5
224.17,3.685e+2,3.717e-12,9.875e-1,7.224e-23,,,6.141e-4,4.406e-13,3.675e+2,8.765e-5
224.22,3.828e+2,3.169e-12,1.217e+0,7.168e-23,,,2.681e-4,4.420e-13,3.816e+2,8.041e-5
224.27,4.269e+2,2.620e-12,1.357e+0,7.112e-23,,,1.059e-4,4.434e-13,4.255e+2,6.732e-5
224.32,5.062e+2,2.072e-12,1.371e+0,7.056e-23,,,3.788e-5,4.448e-13,5.049e+2,5.124e-5
224.37,6.217e+2,1.524e-12,1.253e+0,7.001e-23,,,1.226e-5,4.463e-13,6.204e+2,3.538e-5
224.41,7.357e+2,1.085e-12,1.086e+0,6.956e-23,,,4.625e-6,4.474e-13,7.346e+2,2.451e-5
224.46,8.942e+2,5.370e-13,8.307e-1,6.901e-23,,,1.250e-6,4.488e-13,8.934e+2,1.417e-5
224.51,1.056e+3,7.081e-12,5.751e-1,6.845e-23,,,3.059e-7,4.502e-13,1.055e+3,7.417e-6
224.56,1.206e+3,8.465e-11,3.605e-1,6.789e-23,,,6.774e-8,4.517e-13,1.206e+3,3.516e-6
224.61,1.339e+3,9.174e-10,2.046e-1,6.733e-23,,,1.357e-8,4.531e-13,1.339e+3,1.509e-6
224.66,1.450e+3,9.013e-9,1.051e-1,6.678e-23,,,2.461e-9,5.954e-12,1.450e+3,5.862e-7
224.71,1.540e+3,8.028e-8,4.891e-2,6.622e-23,,,4.039e-10,7.094e-11,1.540e+3,2.062e-7
224.76,1.605e+3,6.483e-7,2.060e-2,6.566e-23,,,5.998e-11,7.664e-10,1.605e+3,6.566e-8
224.80,1.637e+3,3.213e-6,9.603e-3,6.522e-23,,,1.214e-11,4.793e-9,1.637e+3,2.447e-8
224.85,1.654e+3,2.174e-5,3.383e-3,6.466e-23,,,1.506e-12,4.342e-8,1.654e+3,6.513e-9
224.90,1.653e+3,1.334e-4,1.079e-3,6.410e-23,,,1.691e-13,3.565e-7,1.653e+3,1.570e-9
224.95,1.649e+3,7.423e-4,3.115e-4,6.355e-23,,,1.719e-14,2.655e-6,1.649e+3,3.424e-10
225.00,1.657e+3,3.744e-3,8.143e-5,6.299e-23,,,1.581e-15,1.792e-5,1.657e+3,6.763e-11
225.05,1.678e+3,1.712e-2,1.927e-5,6.243e-23,2.781e-13,,1.315e-16,1.097e-4,1.678e+3,1.209e-11
225.10,1.695e+3,7.096e-2,4.130e-6,6.188e-23,3.689e-12,,9.907e-18,6.090e-4,1.695e+3,1.964e-12
225.15,1.682e+3,2.667e-1,8.014e-7,6.132e-23,4.438e-11,,1.271e-17,3.065e-3,1.682e+3,3.181e-13
225.20,1.618e+3,9.085e-1,1.408e-7,6.076e-23,4.843e-10,,1.551e-17,1.398e-2,1.617e+3,1.728e-13
225.24,1.532e+3,2.257e+0,3.260e-8,6.032e-23,3.054e-9,,1.775e-17,4.390e-2,1.529e+3,4.109e-13
225.29,1.406e+3,6.446e+0,4.789e-9,5.976e-23,2.796e-8,,2.055e-17,1.679e-1,1.399e+3,1.458e-12
225.34,1.304e+3,1.669e+1,6.370e-10,5.920e-23,2.322e-7,,2.335e-17,5.825e-1,1.287e+3,4.770e-12
225.39,1.272e+3,3.917e+1,7.670e-11,5.865e-23,1.749e-6,,2.615e-17,1.832e+0,1.231e+3,1.415e-11
225.44,1.331e+3,8.334e+1,8.363e-12,5.809e-23,1.195e-5,,2.895e-17,5.225e+0,1.243e+3,3.810e-11
225.49,1.475e+3,1.608e+2,8.255e-13,5.753e-23,7.406e-5,,3.175e-17,1.351e+1,1.300e+3,9.303e-11
225.54,1.672e+3,2.813e+2,7.378e-14,5.698e-23,4.163e-4,,3.455e-17,3.167e+1,1.359e+3,2.062e-10
225.59,1.888e+3,4.463e+2,5.971e-15,5.642e-23,2.123e-3,,3.735e-17,6.732e+1,1.374e+3,4.151e-10
225.63,2.053e+3,6.022e+2,7.437e-16,5.597e-23,7.284e-3,,3.959e-17,1.147e+2,1.336e+3,6.784e-10
225.68,2.231e+3,8.045e+2,7.774e-16,5.542e-23,3.116e-2,,4.239e-17,2.044e+2,1.222e+3,1.153e-9
225.73,2.369e+3,9.838e+2,8.111e-16,5.486e-23,1.209e-1,,4.519e-17,3.303e+2,1.054e+3,1.792e-9
225.78,2.467e+3,1.121e+3,8.448e-16,5.430e-23,4.255e-1,,4.799e-17,4.839e+2,8.612e+2,2.562e-9
225.83,2.561e+3,1.245e+3,8.785e-16,5.375e-23,1.358e+0,,5.079e-17,6.429e+2,6.717e+2,3.401e-9
225.88,2.758e+3,1.473e+3,9.122e-16,5.319e-23,3.934e+0,,5.359e-17,7.744e+2,5.069e+2,4.252e-9
225.93,3.282e+3,2.048e+3,9.459e-16,5.263e-23,1.033e+1,,5.639e-17,8.457e+2,3.785e+2,5.102e-9
225.98,4.503e+3,3.349e+3,9.796e-16,5.208e-23,2.462e+1,,5.919e-17,8.375e+2,2.920e+2,5.998e-9
226.02,6.306e+3,5.231e+3,1.007e-15,5.163e-23,4.596e+1,,6.143e-17,7.744e+2,2.546e+2,6.801e-9
226.07,9.994e+3,9.011e+3,1.040e-15,5.107e-23,9.187e+1,,6.423e-17,6.429e+2,2.482e+2,7.967e-9
226.12,1.551e+4,1.457e+4,1.074e-15,5.052e-23,1.666e+2,,6.703e-17,4.839e+2,2.853e+2,9.308e-9
226.17,2.260e+4,2.164e+4,1.108e-15,4.996e-23,2.739e+2,,6.983e-17,3.303e+2,3.603e+2,1.074e-8
226.22,3.035e+4,2.928e+4,1.141e-15,4.940e-23,4.086e+2,,7.263e-17,2.044e+2,4.613e+2,1.212e-8
226.27,3.723e+4,3.599e+4,1.175e-15,4.885e-23,5.529e+2,,7.543e-17,1.147e+2,5.696e+2,1.327e-8
226.32,4.159e+4,4.019e+4,1.209e-15,4.829e-23,6.786e+2,,7.823e-17,5.835e+1,6.624e+2,1.398e-8
226.37,4.232e+4,4.082e+4,1.242e-15,4.773e-23,7.555e+2,,8.103e-17,2.692e+1,7.180e+2,1.408e-8
226.42,3.940e+4,3.791e+4,1.276e-15,4.717e-23,7.629e+2,,8.383e-17,1.126e+1,7.223e+2,1.345e-8
226.46,3.520e+4,3.379e+4,1.303e-15,4.673e-23,7.167e+2,,8.607e-17,5.225e+0,6.865e+2,1.241e-8
226.51,2.932e+4,2.811e+4,1.337e-15,4.617e-23,6.072e+2,,8.887e-17,1.832e+0,6.002e+2,1.053e-8
226.56,2.493e+4,2.397e+4,1.371e-15,4.561e-23,4.666e+2,,9.167e-17,5.825e-1,4.845e+2,8.288e-9
226.61,2.405e+4,2.336e+4,1.404e-15,4.506e-23,3.252e+2,,9.447e-17,1.679e-1,3.611e+2,6.007e-9
226.66,2.785e+4,2.739e+4,1.438e-15,4.450e-23,2.056e+2,,9.727e-17,4.395e-2,2.490e+2,4.000e-9
226.71,3.622e+4,3.594e+4,1.472e-15,4.394e-23,1.179e+2,,1.001e-16,1.069e-2,1.601e+2,2.460e-9
226.76,4.765e+4,4.749e+4,1.505e-15,4.339e-23,6.135e+1,,1.029e-16,3.739e-3,9.805e+1,1.448e-9
226.81,5.941e+4,5.932e+4,1.539e-15,4.283e-23,2.895e+1,,1.057e-16,7.686e-3,5.986e+1,9.422e-10
226.85,6.689e+4,6.683e+4,1.566e-15,4.238e-23,1.480e+1,,1.079e-16,2.392e-2,4.240e+1,8.770e-10
226.90,7.148e+4,7.144e+4,1.600e-15,4.183e-23,5.890e+0,,1.107e-16,9.653e-2,3.138e+1,1.215e-9
226.95,6.948e+4,6.945e+4,1.633e-15,4.127e-23,2.244e+0,,1.135e-16,3.552e-1,2.714e+1,2.049e-9
227.00,6.134e+4,6.132e+4,1.667e-15,4.071e-23,1.225e+0,,1.163e-16,1.187e+0,2.575e+1,3.409e-9
227.05,4.917e+4,4.914e+4,1.701e-15,4.016e-23,2.077e+0,,1.191e-16,3.602e+0,2.500e+1,5.245e-9
227.10,3.577e+4,3.573e+4,1.735e-15,3.960e-23,5.962e+0,,1.219e-16,9.923e+0,2.407e+1,7.353e-9
227.15,2.365e+4,2.359e+4,1.768e-15,3.904e-23,1.692e+1,,1.247e-16,2.482e+1,2.306e+1,9.365e-9
227.20,1.425e+4,1.413e+4,1.802e-15,3.849e-23,4.395e+1,,1.275e-16,5.639e+1,2.249e+1,1.083e-8
227.24,8.954e+3,8.742e+3,1.829e-15,3.804e-23,8.803e+1,,1.298e-16,1.014e+2,2.263e+1,1.134e-8
227.29,4.806e+3,4.397e+3,1.863e-15,3.748e-23,1.924e+2,,1.326e-16,1.936e+2,2.359e+1,1.102e-8
227.34,2.749e+3,2.007e+3,1.896e-15,3.693e-23,3.819e+2,,1.354e-16,3.356e+2,2.515e+1,9.715e-9
227.39,2.075e+3,8.312e+2,1.930e-15,3.637e-23,6.890e+2,,1.382e-16,5.282e+2,2.703e+1,7.776e-9
227.44,2.227e+3,3.124e+2,1.964e-15,3.581e-23,1.130e+3,,1.410e-16,7.550e+2,2.973e+1,5.649e-9
227.49,2.810e+3,1.066e+2,1.997e-15,3.526e-23,1.688e+3,,1.438e-16,9.797e+2,3.559e+1,3.726e-9
227.54,3.539e+3,3.299e+1,2.031e-15,3.470e-23,2.302e+3,,1.466e-16,1.154e+3,4.999e+1,2.230e-9
227.59,4.203e+3,9.267e+0,2.065e-15,3.414e-23,2.876e+3,,1.494e-16,1.235e+3,8.238e+1,1.212e-9
227.64,4.666e+3,2.362e+0,2.099e-15,3.359e-23,3.318e+3,,1.522e-16,1.200e+3,1.462e+2,5.977e-10
227.68,4.866e+3,7.381e-1,2.125e-15,3.314e-23,3.541e+3,,1.544e-16,1.094e+3,2.302e+2,3.167e-10
227.73,4.946e+3,1.580e-1,2.159e-15,3.258e-23,3.667e+3,,1.572e-16,8.931e+2,3.861e+2,1.312e-10
227.78,4.947e+3,3.070e-2,2.193e-15,3.203e-23,3.685e+3,,1.600e-16,6.625e+2,5.988e+2,4.936e-11
227.83,4.971e+3,5.411e-3,2.227e-15,3.147e-23,3.674e+3,,1.628e-16,4.471e+2,8.502e+2,1.685e-11
227.88,5.050e+3,8.657e-4,2.260e-15,3.091e-23,3.673e+3,,1.656e-16,2.765e+2,1.101e+3,5.223e-12
227.93,5.117e+3,1.257e-4,2.294e-15,3.036e-23,3.658e+3,,1.684e-16,1.618e+2,1.298e+3,1.469e-12
227.98,5.050e+3,1.656e-5,2.328e-15,2.980e-23,3.555e+3,,1.712e-16,1.017e+2,1.393e+3,3.752e-13
228.03,4.749e+3,1.980e-6,2.361e-15,2.924e-23,3.293e+3,,1.740e-16,9.023e+1,1.366e+3,8.697e-14
228.07,4.331e+3,3.376e-7,2.388e-15,2.880e-23,2.955e+3,,1.762e-16,1.137e+2,1.263e+3,2.519e-14
228.12,3.655e+3,3.390e-8,2.422e-15,2.824e-23,2.405e+3,,1.790e-16,1.832e+2,1.066e+3,4.922e-15
228.17,2.940e+3,3.089e-9,2.456e-15,2.768e-23,1.797e+3,,1.818e-16,2.968e+2,8.459e+2,1.033e-15
228.22,2.325e+3,2.554e-10,2.489e-15,2.713e-23,1.227e+3,,1.846e-16,4.487e+2,6.490e+2,1.524e-15
228.27,1.888e+3,2.537e-10,2.523e-15,2.657e-23,7.632e+2,,1.874e-16,6.231e+2,5.016e+2,1.051e-14
228.32,1.632e+3,2.521e-10,2.557e-15,2.601e-23,4.319e+2,,1.902e-16,7.952e+2,4.048e+2,7.232e-14
228.37,1.504e+3,2.504e-10,2.591e-15,2.545e-23,2.222e+2,,1.930e-16,9.387e+2,3.434e+2,4.532e-13
228.42,1.439e+3,2.488e-10,2.624e-15,2.490e-23,1.039e+2,,1.958e-16,1.037e+3,2.978e+2,2.583e-12
228.47,1.388e+3,2.471e-10,2.658e-15,2.434e-23,4.412e+1,,1.986e-16,1.090e+3,2.540e+2,1.338e-11
228.51,1.346e+3,2.458e-10,2.685e-15,2.390e-23,2.075e+1,,2.009e-16,1.108e+3,2.171e+2,4.661e-11
228.56,1.293e+3,2.441e-10,2.719e-15,2.334e-23,7.414e+0,,2.037e-16,1.115e+3,1.706e+2,2.036e-10
228.61,1.244e+3,2.425e-10,2.752e-15,3.028e-22,2.406e+0,,2.065e-16,1.112e+3,1.291e+2,8.086e-10
228.66,1.191e+3,2.408e-10,2.786e-15,3.573e-21,7.091e-1,,2.093e-16,1.093e+3,9.738e+1,2.922e-9
228.71,1.118e+3,2.391e-10,2.820e-15,3.836e-20,1.899e-1,,2.121e-16,1.041e+3,7.680e+1,9.607e-9
228.76,1.009e+3,2.375e-10,2.853e-15,3.747e-19,4.617e-2,,2.149e-16,9.436e+2,6.540e+1,2.875e-8
228.81,8.594e+2,2.358e-10,2.887e-15,3.330e-18,1.020e-2,,2.177e-16,8.000e+2,5.933e+1,7.839e-8
228.86,6.823e+2,2.342e-10,2.921e-15,2.692e-17,2.046e-3,,2.205e-16,6.274e+2,5.486e+1,1.950e-7
228.90,5.367e+2,2.328e-10,2.948e-15,1.339e-16,5.284e-4,,2.227e-16,4.859e+2,5.088e+1,3.787e-7
228.95,3.708e+2,2.312e-10,2.981e-15,9.128e-16,9.144e-5,,2.255e-16,3.257e+2,4.508e+1,8.032e-7
229.00,2.388e+2,2.295e-10,3.015e-15,5.663e-15,2.950e-5,,2.283e-16,1.991e+2,3.964e+1,1.569e-6
229.05,1.481e+2,2.279e-10,3.049e-15,3.196e-14,1.001e-4,,2.311e-16,1.110e+2,3.712e+1,2.843e-6
229.10,9.724e+1,2.262e-10,3.083e-15,1.641e-13,5.540e-4,,2.339e-16,5.662e+1,4.063e+1,4.833e-6
229.15,8.060e+1,2.245e-10,3.116e-15,7.666e-13,2.842e-3,,2.367e-16,2.748e+1,5.311e+1,7.809e-6
229.20,9.271e+1,2.229e-10,3.150e-15,3.258e-12,1.327e-2,,2.395e-16,1.609e+1,7.661e+1,1.216e-5
229.25,1.311e+2,2.212e-10,3.184e-15,1.260e-11,5.635e-2,,2.423e-16,1.978e+1,1.113e+2,1.841e-5
229.29,1.824e+2,2.199e-10,3.211e-15,3.472e-11,1.674e-1,,2.446e-16,3.685e+1,1.454e+2,2.519e-5
229.34,2.812e+2,2.182e-10,3.244e-15,1.132e-10,6.000e-1,,2.474e-16,8.900e+1,1.916e+2,3.624e-5
229.39,4.403e+2,2.166e-10,3.278e-15,3.359e-10,1.956e+0,,2.502e-16,2.032e+2,2.351e+2,4.995e-5
229.44,6.991e+2,2.149e-10,3.312e-15,9.067e-10,5.803e+0,,2.530e-16,4.248e+2,2.685e+2,6.503e-5
229.49,1.112e+3,2.133e-10,3.345e-15,2.227e-9,1.567e+1,,2.558e-16,8.094e+2,2.875e+2,7.902e-5
229.54,1.735e+3,2.116e-10,3.379e-15,4.975e-9,3.849e+1,,2.586e-16,1.405e+3,2.917e+2,8.880e-5
229.59,2.592e+3,2.099e-10,3.413e-15,1.011e-8,8.610e+1,,2.614e-16,2.220e+3,2.852e+2,9.168e-5
229.64,3.646e+3,2.083e-10,3.447e-15,1.870e-8,1.754e+2,,2.642e-16,3.197e+3,2.733e+2,8.664e-5
229.69,4.778e+3,2.066e-10,3.480e-15,3.145e-8,3.257e+2,,2.670e-16,4.192e+3,2.602e+2,7.474e-5
229.73,5.618e+3,2.053e-10,3.507e-15,4.454e-8,5.003e+2,,2.692e-16,4.868e+3,2.494e+2,6.213e-5
229.78,6.418e+3,2.036e-10,3.541e-15,6.320e-8,7.891e+2,,2.720e-16,5.395e+3,2.341e+2,4.534e-5
229.83,6.799e+3,2.020e-10,3.575e-15,8.159e-8,1.141e+3,,2.748e-16,5.444e+3,2.141e+2,3.011e-5
229.88,6.711e+3,2.003e-10,3.608e-15,9.582e-8,1.520e+3,,2.776e-16,5.003e+3,1.879e+2,1.820e-5
229.93,6.222e+3,1.987e-10,3.642e-15,1.024e-7,1.878e+3,,2.804e-16,4.187e+3,1.568e+2,1.001e-5
229.98,5.493e+3,1.970e-10,3.676e-15,9.951e-8,2.178e+3,,2.832e-16,3.190e+3,1.246e+2,5.007e-6
230.03,4.712e+3,1.953e-10,3.709e-15,8.800e-8,2.402e+3,,2.860e-16,2.213e+3,9.692e+1,2.278e-6
230.08,4.036e+3,1.937e-10,3.743e-15,7.080e-8,2.559e+3,,2.888e-16,1.398e+3,7.882e+1,9.427e-7
230.12,3.629e+3,1.923e-10,3.770e-15,5.557e-8,2.650e+3,,2.910e-16,9.050e+2,7.410e+1,4.347e-7
230.17,3.302e+3,1.907e-10,3.804e-15,3.771e-8,2.737e+3,,2.938e-16,4.829e+2,8.273e+1,1.517e-7
230.22,3.142e+3,1.890e-10,3.838e-15,2.328e-8,2.799e+3,,2.966e-16,2.345e+2,1.084e+2,4.813e-8
230.27,3.091e+3,1.874e-10,3.871e-15,1.308e-8,2.837e+3,,2.994e-16,1.037e+2,1.497e+2,1.389e-8
230.32,3.100e+3,1.857e-10,3.905e-15,6.682e-9,2.857e+3,,3.022e-16,4.175e+1,2.020e+2,3.646e-9
230.37,3.142e+3,1.840e-10,3.939e-15,3.106e-9,2.869e+3,,3.050e-16,1.530e+1,2.581e+2,8.706e-10
230.42,3.196e+3,1.824e-10,3.972e-15,1.314e-9,2.882e+3,,3.078e-16,5.103e+0,3.094e+2,1.890e-10
230.47,3.232e+3,1.807e-10,4.006e-15,5.054e-10,2.882e+3,,3.106e-16,1.551e+0,3.491e+2,3.733e-11
230.52,3.205e+3,1.791e-10,4.040e-15,1.769e-10,2.831e+3,,3.134e-16,4.379e-1,3.738e+2,6.705e-12
230.56,3.104e+3,1.777e-10,4.067e-15,7.137e-11,2.720e+3,,3.157e-16,1.742e-1,3.836e+2,1.586e-12
230.61,2.856e+3,1.761e-10,4.100e-15,2.107e-11,2.469e+3,,3.185e-16,1.545e-1,3.865e+2,2.401e-13
230.66,2.481e+3,1.744e-10,4.134e-15,5.660e-12,2.097e+3,,3.213e-16,4.347e-1,3.832e+2,3.309e-14
230.71,2.028e+3,1.728e-10,4.168e-15,1.383e-12,1.649e+3,,3.241e-16,1.377e+0,3.770e+2,4.387e-15
230.76,1.566e+3,1.711e-10,4.201e-15,3.075e-13,1.193e+3,,3.269e-16,4.028e+0,3.694e+2,2.691e-15
230.81,1.162e+3,1.694e-10,4.235e-15,6.220e-14,7.897e+2,,3.297e-16,1.075e+1,3.618e+2,1.835e-14
230.86,8.593e+2,1.678e-10,4.269e-15,1.144e-14,4.775e+2,,3.325e-16,2.611e+1,3.556e+2,1.376e-13
230.91,6.744e+2,1.661e-10,4.303e-15,1.916e-15,2.634e+2,,3.353e-16,5.778e+1,3.533e+2,9.426e-13
230.95,6.102e+2,1.648e-10,4.330e-15,4.284e-16,1.530e+2,,3.375e-16,1.020e+2,3.552e+2,4.109e-12
231.00,6.245e+2,1.631e-10,4.363e-15,6.048e-17,7.136e+1,,3.403e-16,1.907e+2,3.624e+2,2.381e-11
231.05,7.273e+2,1.615e-10,4.397e-15,7.770e-18,3.031e+1,,3.431e-16,3.249e+2,3.721e+2,1.257e-10
231.10,8.954e+2,1.598e-10,5.303e-14,9.081e-19,1.172e+1,,3.459e-16,5.041e+2,3.796e+2,6.049e-10
231.15,1.096e+3,1.582e-10,5.838e-13,9.655e-20,4.125e+0,,3.487e-16,7.124e+2,3.796e+2,2.652e-9
231.20,1.287e+3,1.565e-10,5.852e-12,9.339e-21,1.322e+0,,3.515e-16,9.168e+2,3.688e+2,1.059e-8
231.25,1.422e+3,1.548e-10,5.349e-11,8.218e-22,3.855e-1,,3.543e-16,1.075e+3,3.468e+2,3.857e-8
231.30,1.463e+3,1.532e-10,4.457e-10,6.580e-23,1.023e-1,,3.571e-16,1.147e+3,3.158e+2,1.279e-7
231.34,1.418e+3,1.519e-10,2.274e-9,6.567e-23,3.310e-2,,3.594e-16,1.130e+3,2.874e+2,3.123e-7
231.39,1.272e+3,1.502e-10,1.605e-8,6.550e-23,7.420e-3,,3.622e-16,1.021e+3,2.513e+2,8.764e-7
231.44,1.059e+3,1.485e-10,1.033e-7,6.534e-23,1.514e-3,,3.650e-16,8.405e+2,2.184e+2,2.241e-6
231.49,8.259e+2,1.469e-10,6.058e-7,6.517e-23,2.811e-4,,3.678e-16,6.341e+2,1.919e+2,5.222e-6
231.54,6.185e+2,1.452e-10,3.242e-6,6.501e-23,4.752e-5,,3.706e-16,4.455e+2,1.729e+2,1.109e-5
231.59,4.699e+2,1.436e-10,1.582e-5,6.484e-23,7.312e-6,,3.734e-16,3.087e+2,1.612e+2,2.145e-5
231.64,4.002e+2,1.419e-10,7.042e-5,6.468e-23,1.024e-6,,3.762e-16,2.452e+2,1.550e+2,3.782e-5
231.69,4.203e+2,1.402e-10,2.860e-4,6.451e-23,1.306e-7,,3.790e-16,2.680e+2,1.523e+2,6.075e-5
231.74,5.369e+2,1.386e-10,1.060e-3,6.435e-23,1.515e-8,,3.818e-16,3.850e+2,1.520e+2,8.894e-5
231.78,7.008e+2,1.372e-10,2.831e-3,6.422e-23,2.528e-9,,3.191e-15,5.471e+2,1.537e+2,1.128e-4
231.83,9.853e+2,1.356e-10,8.905e-3,6.405e-23,2.476e-10,,3.681e-14,8.252e+2,1.601e+2,1.397e-4
231.88,1.330e+3,1.339e-10,2.559e-2,6.389e-23,2.208e-11,,3.875e-13,1.156e+3,1.742e+2,1.577e-4
231.93,1.681e+3,1.323e-10,6.722e-2,6.372e-23,1.792e-12,,3.723e-12,1.483e+3,1.982e+2,1.621e-4
231.98,1.968e+3,1.306e-10,1.615e-1,6.356e-23,1.775e-12,,3.264e-11,1.736e+3,2.321e+2,1.519e-4
232.03,2.125e+3,1.290e-10,3.551e-1,6.339e-23,1.758e-12,,2.612e-10,1.852e+3,2.726e+2,1.297e-4
232.08,2.116e+3,1.273e-10,7.159e-1,6.323e-23,1.741e-12,,1.908e-9,1.801e+3,3.139e+2,1.010e-4
232.13,1.948e+3,1.256e-10,1.325e+0,6.306e-23,1.724e-12,,1.272e-8,1.596e+3,3.506e+2,7.163e-5
232.17,1.735e+3,1.243e-10,2.039e+0,6.293e-23,1.710e-12,,5.432e-8,1.355e+3,3.772e+2,5.100e-5
232.22,1.438e+3,1.226e-10,3.248e+0,6.277e-23,1.693e-12,,3.072e-7,1.016e+3,4.179e+2,3.092e-5
232.27,1.197e+3,1.210e-10,4.776e+0,6.260e-23,1.676e-12,,1.586e-6,6.945e+2,4.974e+2,1.766e-5
232.32,1.112e+3,1.193e-10,6.498e+0,6.244e-23,1.659e-12,,7.477e-6,4.325e+2,6.725e+2,1.038e-5
232.37,1.279e+3,1.177e-10,8.205e+0,6.227e-23,1.642e-12,,3.217e-5,2.455e+2,1.025e+3,7.741e-6
232.42,1.785e+3,1.160e-10,9.642e+0,6.211e-23,1.624e-12,,1.264e-4,1.269e+2,1.648e+3,8.510e-6
232.47,2.686e+3,1.143e-10,1.057e+1,6.194e-23,1.607e-12,,4.533e-4,5.983e+1,2.615e+3,1.178e-5
232.52,3.974e+3,1.127e-10,1.084e+1,6.178e-23,1.590e-12,,1.484e-3,2.570e+1,3.937e+3,1.691e-5
232.56,5.212e+3,1.114e-10,1.055e+1,6.165e-23,1.576e-12,,3.591e-3,1.223e+1,5.189e+3,2.202e-5
232.61,6.841e+3,1.097e-10,9.611e+0,6.148e-23,1.559e-12,,9.982e-3,4.443e+0,6.827e+3,2.936e-5
232.66,8.297e+3,1.080e-10,8.197e+0,6.132e-23,1.542e-12,,2.534e-2,1.471e+0,8.288e+3,3.768e-5
232.71,9.324e+3,1.064e-10,6.535e+0,6.115e-23,1.525e-12,,5.877e-2,4.441e-1,9.317e+3,4.716e-5
232.76,9.814e+3,1.047e-10,4.862e+0,6.099e-23,1.508e-12,,1.245e-1,1.221e-1,9.809e+3,5.800e-5
232.81,9.902e+3,1.031e-10,3.366e+0,6.082e-23,1.491e-12,,2.409e-1,3.061e-2,9.899e+3,6.999e-5
232.86,9.974e+3,1.014e-10,2.164e+0,6.066e-23,1.474e-12,,4.261e-1,6.992e-3,9.971e+3,8.191e-5
232.91,1.056e+4,9.974e-11,1.288e+0,6.049e-23,1.457e-12,,6.895e-1,1.456e-3,1.056e+4,9.158e-5
232.96,1.216e+4,9.808e-11,7.082e-1,6.033e-23,1.439e-12,,1.021e+0,2.761e-4,1.215e+4,9.637e-5
233.00,1.435e+4,9.676e-11,4.140e-1,6.020e-23,1.426e-12,,1.314e+0,6.831e-5,1.435e+4,9.535e-5
233.05,1.817e+4,9.510e-11,1.965e-1,6.003e-23,1.409e-12,,1.670e+0,1.096e-5,1.817e+4,8.765e-5
233.10,2.273e+4,9.344e-11,8.572e-2,5.987e-23,1.391e-12,,1.958e+0,1.604e-6,2.273e+4,7.409e-5
233.15,2.720e+4,9.178e-11,3.433e-2,5.970e-23,1.374e-12,,2.131e+0,2.138e-7,2.720e+4,5.740e-5
233.20,3.057e+4,9.012e-11,1.261e-2,5.954e-23,1.357e-12,,2.172e+0,2.596e-8,3.056e+4,4.070e-5
233.25,3.196e+4,8.846e-11,4.242e-3,5.937e-23,1.340e-12,,2.096e+0,2.874e-9,3.196e+4,2.645e-5
233.30,3.097e+4,8.680e-11,1.307e-3,5.921e-23,1.323e-12,,1.942e+0,2.900e-10,3.097e+4,1.596e-5
233.35,2.782e+4,8.514e-11,3.683e-4,5.905e-23,1.306e-12,,1.747e+0,2.666e-11,2.782e+4,9.569e-6
233.39,2.425e+4,8.381e-11,1.254e-4,5.891e-23,1.292e-12,,1.582e+0,3.695e-12,2.425e+4,7.364e-6
233.44,1.943e+4,8.215e-11,3.006e-5,5.875e-23,1.275e-12,,1.380e+0,2.874e-13,1.943e+4,8.442e-6
233.49,1.523e+4,8.049e-11,6.585e-6,5.858e-23,1.258e-12,,1.199e+0,2.878e-13,1.523e+4,1.477e-5
233.54,1.247e+4,7.883e-11,1.318e-6,5.842e-23,1.241e-12,,1.066e+0,2.882e-13,1.246e+4,2.835e-5
233.59,1.142e+4,7.717e-11,2.408e-7,5.825e-23,1.224e-12,,1.013e+0,2.887e-13,1.142e+4,5.178e-5
233.64,1.187e+4,7.551e-11,4.016e-8,5.809e-23,1.207e-12,,1.072e+0,2.891e-13,1.187e+4,8.701e-5
233.69,1.317e+4,7.386e-11,6.113e-9,5.793e-23,1.189e-12,,1.254e+0,2.895e-13,1.317e+4,1.337e-4
233.74,1.453e+4,7.220e-11,8.492e-10,5.776e-23,1.172e-12,,1.532e+0,2.899e-13,1.453e+4,1.874e-4
233.79,1.528e+4,7.054e-11,1.076e-10,5.760e-23,1.155e-12,,1.840e+0,2.904e-13,1.528e+4,2.399e-4
233.83,1.523e+4,6.921e-11,1.930e-11,5.746e-23,1.141e-12,,2.049e+0,2.907e-13,1.522e+4,2.736e-4
233.88,1.446e+4,6.755e-11,2.074e-12,5.730e-23,1.124e-12,,2.193e+0,2.911e-13,1.446e+4,2.971e-4
233.93,1.349e+4,6.589e-11,2.033e-13,5.714e-23,1.107e-12,,2.161e+0,2.916e-13,1.349e+4,2.944e-4
233.98,1.330e+4,6.423e-11,1.802e-14,5.697e-23,1.090e-12,,1.949e+0,2.920e-13,1.330e+4,2.662e-4
234.03,1.497e+4,6.257e-11,1.472e-15,5.681e-23,1.073e-12,,1.609e+0,2.924e-13,1.497e+4,2.197e-4
234.08,1.940e+4,6.091e-11,1.474e-15,5.664e-23,1.056e-12,,1.216e+0,2.929e-13,1.940e+4,1.655e-4
234.13,2.693e+4,5.925e-11,1.476e-15,5.648e-23,1.039e-12,,8.479e-1,2.933e-13,2.693e+4,1.138e-4
234.18,3.706e+4,5.759e-11,1.478e-15,5.631e-23,1.022e-12,,5.640e-1,2.937e-13,3.706e+4,7.139e-5
234.22,4.611e+4,5.626e-11,1.480e-15,5.618e-23,1.008e-12,,4.213e-1,2.941e-13,4.611e+4,4.604e-5
234.27,5.681e+4,5.460e-11,1.482e-15,5.602e-23,9.907e-13,,3.659e-1,2.945e-13,5.681e+4,2.451e-5
234.32,6.470e+4,5.295e-11,1.484e-15,5.585e-23,9.736e-13,,4.628e-1,2.949e-13,6.470e+4,1.190e-5
234.37,6.805e+4,5.129e-11,1.486e-15,5.569e-23,9.564e-13,,7.291e-1,2.953e-13,6.804e+4,5.278e-6
234.42,6.638e+4,4.963e-11,1.488e-15,5.552e-23,9.393e-13,,1.174e+0,2.958e-13,6.638e+4,2.135e-6
234.47,6.073e+4,4.797e-11,1.491e-15,5.536e-23,9.222e-13,,1.781e+0,2.962e-13,6.073e+4,7.886e-7
234.52,5.324e+4,4.631e-11,1.493e-15,5.519e-23,9.051e-13,,2.486e+0,2.966e-13,5.324e+4,2.658e-7
234.57,4.632e+4,4.465e-11,1.495e-15,5.503e-23,8.879e-13,,3.174e+0,2.971e-13,4.632e+4,8.175e-8
234.61,4.243e+4,4.332e-11,1.497e-15,5.490e-23,8.742e-13,,3.617e+0,2.974e-13,4.243e+4,2.980e-8
234.66,4.017e+4,4.166e-11,1.499e-15,5.473e-23,8.571e-13,,3.925e+0,2.978e-13,4.017e+4,7.777e-9
234.71,4.023e+4,4.000e-11,1.501e-15,5.457e-23,8.400e-13,,3.890e+0,2.982e-13,4.022e+4,1.852e-9
234.76,4.111e+4,3.834e-11,1.503e-15,5.440e-23,8.229e-13,,3.520e+0,2.987e-13,4.110e+4,4.025e-10
234.81,4.112e+4,3.668e-11,1.505e-15,5.424e-23,8.057e-13,,2.909e+0,2.991e-13,4.112e+4,7.984e-11
234.86,3.909e+4,3.502e-11,1.507e-15,5.407e-23,7.886e-13,,2.195e+0,2.995e-13,3.909e+4,1.445e-11
234.91,3.478e+4,3.336e-11,1.509e-15,5.391e-23,7.715e-13,,1.513e+0,3.000e-13,3.478e+4,2.388e-12
234.96,2.882e+4,3.170e-11,1.512e-15,5.374e-23,7.543e-13,,9.523e-1,3.004e-13,2.882e+4,3.601e-13
235.01,2.231e+4,3.004e-11,1.514e-15,5.358e-23,7.372e-13,,5.473e-1,3.008e-13,2.231e+4,4.956e-14
235.05,1.745e+4,2.872e-11,1.516e-15,5.345e-23,7.235e-13,,3.292e-1,3.012e-13,1.745e+4,9.495e-15
235.10,1.244e+4,2.706e-11,1.518e-15,5.328e-23,7.064e-13,,1.607e-1,3.016e-13,1.244e+4,1.108e-15
235.15,8.892e+3,2.540e-11,1.520e-15,5.312e-23,6.893e-13,,7.162e-2,3.020e-13,8.892e+3,1.181e-16
235.20,6.746e+3,2.374e-11,1.522e-15,5.295e-23,6.721e-13,,2.915e-2,3.024e-13,6.746e+3,1.148e-17
235.25,5.731e+3,2.208e-11,1.524e-15,5.279e-23,6.550e-13,,1.084e-2,3.029e-13,5.731e+3,1.019e-18
235.30,5.509e+3,2.042e-11,1.526e-15,5.262e-23,6.379e-13,,3.679e-3,3.033e-13,5.509e+3,8.256e-20
235.35,5.751e+3,2.419e-10,1.528e-15,5.246e-23,6.207e-13,,1.141e-3,3.037e-13,5.751e+3,7.835e-20
235.40,6.181e+3,2.620e-9,1.531e-15,5.229e-23,6.036e-13,,3.229e-4,3.042e-13,6.181e+3,7.414e-20
235.44,6.525e+3,1.653e-8,1.532e-15,5.216e-23,5.899e-13,,1.102e-4,3.045e-13,6.525e+3,7.077e-20
235.49,6.895e+3,1.525e-7,1.534e-15,5.200e-23,5.728e-13,,2.650e-5,3.049e-13,6.895e+3,6.655e-20
235.54,7.283e+3,1.287e-6,1.537e-15,5.183e-23,5.557e-13,,5.818e-6,3.054e-13,7.283e+3,6.234e-20
235.59,7.954e+3,9.933e-6,1.539e-15,5.167e-23,5.385e-13,,1.166e-6,3.058e-13,7.954e+3,5.813e-20
235.64,9.289e+3,7.012e-5,1.541e-15,5.150e-23,5.214e-13,,2.136e-7,3.062e-13,9.289e+3,5.392e-20
235.69,1.166e+4,4.527e-4,1.543e-15,5.134e-23,5.043e-13,,3.571e-8,3.066e-13,1.166e+4,4.971e-20
235.74,1.523e+4,2.673e-3,1.545e-15,5.117e-23,4.871e-13,,5.453e-9,3.071e-13,1.523e+4,4.550e-20
235.79,1.983e+4,1.444e-2,1.547e-15,5.101e-23,4.700e-13,,7.604e-10,3.075e-13,1.983e+4,4.129e-20
235.83,2.387e+4,5.220e-2,1.549e-15,5.088e-23,4.563e-13,,1.473e-10,3.078e-13,2.387e+4,3.792e-20
235.88,2.866e+4,2.401e-1,1.551e-15,5.071e-23,4.392e-13,,1.744e-11,3.083e-13,2.866e+4,3.371e-20
235.93,3.227e+4,1.010e+0,1.553e-15,5.055e-23,4.221e-13,,1.886e-12,3.087e-13,3.227e+4,2.949e-20
235.98,3.396e+4,3.887e+0,1.556e-15,5.038e-23,4.049e-13,,1.863e-13,3.091e-13,3.395e+4,2.528e-20
236.03,3.346e+4,1.368e+1,1.558e-15,5.022e-23,3.878e-13,,1.680e-14,3.096e-13,3.344e+4,2.107e-20
236.08,3.111e+4,4.403e+1,1.560e-15,5.005e-23,3.707e-13,,6.012e-16,3.100e-13,3.106e+4,1.686e-20
236.13,2.775e+4,1.296e+2,1.562e-15,4.989e-23,3.536e-13,,7.130e-15,3.104e-13,2.762e+4,1.265e-20
236.18,2.448e+4,3.490e+2,1.564e-15,4.972e-23,3.364e-13,,7.739e-14,3.108e-13,2.413e+4,8.438e-21
236.23,2.233e+4,8.596e+2,1.566e-15,4.956e-23,3.193e-13,,7.687e-13,3.113e-13,2.147e+4,4.226e-21
236.27,2.193e+4,1.658e+3,1.568e-15,4.943e-23,3.056e-13,,4.526e-12,3.116e-13,2.027e+4,3.157e-20
236.32,2.341e+4,3.477e+3,1.570e-15,4.926e-23,2.885e-13,,3.833e-11,3.120e-13,1.993e+4,3.601e-19
236.37,2.713e+4,6.670e+3,1.572e-15,4.910e-23,2.713e-13,,2.970e-10,3.125e-13,2.046e+4,3.760e-18
236.42,3.287e+4,1.170e+4,1.575e-15,4.893e-23,2.542e-13,,2.107e-9,3.129e-13,2.117e+4,3.593e-17
236.47,4.015e+4,1.878e+4,1.577e-15,4.877e-23,2.371e-13,,1.367e-8,3.133e-13,2.137e+4,3.142e-16
236.52,4.825e+4,2.757e+4,1.579e-15,4.860e-23,2.200e-13,,8.122e-8,3.137e-13,2.068e+4,2.516e-15
236.57,5.614e+4,3.701e+4,1.581e-15,4.844e-23,2.028e-13,,4.415e-7,3.142e-13,1.913e+4,1.843e-14
236.62,6.251e+4,4.546e+4,1.583e-15,4.828e-23,1.857e-13,,2.197e-6,3.146e-13,1.705e+4,1.236e-13
236.66,6.563e+4,5.028e+4,1.585e-15,4.814e-23,1.720e-13,,7.438e-6,3.149e-13,1.535e+4,5.316e-13
236.71,6.621e+4,5.269e+4,1.587e-15,4.798e-23,1.549e-13,,3.155e-5,3.154e-13,1.352e+4,3.040e-12
236.76,6.294e+4,5.073e+4,1.589e-15,4.781e-23,1.377e-13,,1.225e-4,3.158e-13,1.221e+4,1.591e-11
236.81,5.661e+4,4.523e+4,1.591e-15,4.765e-23,1.206e-13,,4.350e-4,3.162e-13,1.139e+4,7.623e-11
236.86,4.900e+4,3.814e+4,1.594e-15,4.748e-23,1.035e-13,,1.414e-3,3.167e-13,1.086e+4,3.343e-10
236.91,4.247e+4,3.203e+4,1.596e-15,4.732e-23,8.636e-14,,4.208e-3,3.171e-13,1.044e+4,1.342e-9
236.96,3.946e+4,2.941e+4,1.598e-15,4.716e-23,6.923e-14,,1.146e-2,3.175e-13,1.004e+4,4.929e-9
237.01,4.192e+4,3.213e+4,1.600e-15,4.699e-23,5.211e-14,,2.855e-2,3.179e-13,9.781e+3,1.657e-8
237.06,5.082e+4,4.093e+4,1.602e-15,4.683e-23,6.276e-13,,6.510e-2,3.184e-13,9.887e+3,5.100e-8
237.10,6.234e+4,5.192e+4,1.604e-15,4.669e-23,4.313e-12,,1.181e-1,3.187e-13,1.042e+4,1.176e-7
237.15,8.056e+4,6.878e+4,1.606e-15,4.653e-23,4.434e-11,,2.296e-1,3.191e-13,1.178e+4,3.087e-7
237.20,9.979e+4,8.591e+4,1.608e-15,4.636e-23,4.175e-10,,4.086e-1,3.196e-13,1.388e+4,7.414e-7
237.25,1.157e+5,9.930e+4,1.610e-15,4.620e-23,3.600e-9,,6.653e-1,3.200e-13,1.643e+4,1.630e-6
237.30,1.244e+5,1.055e+5,1.612e-15,4.604e-23,2.843e-8,,9.914e-1,3.204e-13,1.890e+4,3.280e-6
237.35,1.235e+5,1.028e+5,1.615e-15,4.587e-23,2.056e-7,,1.352e+0,3.209e-13,2.071e+4,6.041e-6
237.40,1.132e+5,9.176e+4,1.617e-15,4.571e-23,1.362e-6,,1.687e+0,3.213e-13,2.140e+4,1.018e-5
237.45,9.592e+4,7.511e+4,1.619e-15,4.554e-23,8.262e-6,,1.927e+0,3.217e-13,2.080e+4,1.571e-5
237.49,7.970e+4,6.019e+4,1.621e-15,4.541e-23,3.280e-5,,2.011e+0,3.221e-13,1.952e+4,2.086e-5
237.54,5.968e+4,4.242e+4,1.623e-15,4.524e-23,1.699e-4,,1.958e+0,3.225e-13,1.726e+4,2.745e-5
237.59,4.271e+4,2.785e+4,1.625e-15,4.508e-23,8.055e-4,,1.745e+0,3.229e-13,1.486e+4,3.305e-5
237.64,3.043e+4,1.744e+4,1.627e-15,4.492e-23,3.498e-3,,1.423e+0,3.233e-13,1.299e+4,3.643e-5
237.69,2.330e+4,1.094e+4,1.629e-15,4.475e-23,1.391e-2,,1.062e+0,3.238e-13,1.236e+4,3.676e-5
237.74,2.114e+4,7.365e+3,1.631e-15,4.459e-23,5.068e-2,,7.257e-1,3.242e-13,1.377e+4,3.394e-5
237.79,2.372e+4,5.599e+3,1.634e-15,4.442e-23,1.690e-1,,4.536e-1,3.246e-13,1.812e+4,2.869e-5
237.84,3.118e+4,4.700e+3,1.636e-15,4.426e-23,5.165e-1,,2.595e-1,3.250e-13,2.648e+4,2.219e-5
237.88,4.092e+4,4.188e+3,1.637e-15,4.413e-23,1.185e+0,,1.557e-1,3.254e-13,3.673e+4,1.696e-5
237.93,5.809e+4,3.549e+3,1.640e-15,4.396e-23,3.089e+0,,7.596e-2,3.258e-13,5.454e+4,1.119e-5
237.98,8.037e+4,2.837e+3,1.642e-15,4.380e-23,7.377e+0,,3.391e-2,3.262e-13,7.752e+4,6.754e-6
238.03,1.059e+5,2.102e+3,1.644e-15,4.363e-23,1.614e+1,,1.385e-2,3.267e-13,1.037e+5,3.733e-6
238.08,1.310e+5,1.432e+3,1.646e-15,4.347e-23,3.232e+1,,5.178e-3,3.271e-13,1.295e+5,1.888e-6
238.13,1.510e+5,8.955e+2,1.648e-15,4.330e-23,5.929e+1,,1.771e-3,3.275e-13,1.500e+5,8.748e-7
238.18,1.614e+5,5.129e+2,1.650e-15,4.314e-23,9.962e+1,,5.546e-4,3.280e-13,1.607e+5,3.734e-7
238.23,1.595e+5,2.690e+2,1.653e-15,4.297e-23,1.533e+2,,1.589e-4,3.284e-13,1.590e+5,1.548e-7
238.28,1.456e+5,1.291e+2,1.655e-15,4.281e-23,2.160e+2,,4.167e-5,3.288e-13,1.452e+5,8.868e-8
238.32,1.279e+5,6.738e+1,1.656e-15,4.268e-23,2.667e+2,,1.340e-5,3.292e-13,1.275e+5,1.146e-7
238.37,1.015e+5,2.759e+1,1.659e-15,4.251e-23,3.208e+2,,2.996e-6,3.296e-13,1.012e+5,2.766e-7
238.42,7.515e+4,1.034e+1,1.661e-15,4.235e-23,3.534e+2,,6.129e-7,3.300e-13,7.479e+4,7.162e-7
238.47,5.271e+4,3.550e+0,1.663e-15,4.218e-23,3.565e+2,,1.148e-7,3.304e-13,5.235e+4,1.730e-6
238.52,3.641e+4,1.115e+0,1.665e-15,4.202e-23,3.294e+2,,1.967e-8,3.309e-13,3.608e+4,3.838e-6
238.57,2.672e+4,3.207e-1,1.667e-15,4.185e-23,2.787e+2,,3.084e-9,3.313e-13,2.644e+4,7.801e-6
238.62,2.288e+4,8.442e-2,1.669e-15,4.169e-23,2.160e+2,,4.426e-10,3.317e-13,2.266e+4,1.453e-5
238.67,2.340e+4,2.034e-2,1.672e-15,4.152e-23,1.533e+2,,5.813e-11,3.322e-13,2.325e+4,2.478e-5
238.71,2.573e+4,6.114e-3,1.673e-15,4.139e-23,1.093e+2,,1.075e-11,3.325e-13,2.562e+4,3.568e-5
238.76,2.940e+4,1.257e-3,1.675e-15,4.123e-23,6.624e+1,,1.204e-12,3.329e-13,2.934e+4,5.199e-5
238.81,3.232e+4,2.364e-4,1.678e-15,4.106e-23,3.675e+1,,1.234e-13,3.334e-13,3.229e+4,6.941e-5
238.86,3.323e+4,4.072e-5,1.680e-15,4.090e-23,1.867e+1,,1.157e-14,3.338e-13,3.321e+4,8.489e-5
238.91,3.161e+4,6.419e-6,1.682e-15,4.073e-23,8.688e+0,,9.929e-16,3.342e-13,3.160e+4,9.513e-5
238.96,2.777e+4,9.264e-7,1.684e-15,4.057e-23,3.702e+0,,9.627e-16,3.346e-13,2.776e+4,9.766e-5
239.01,2.268e+4,1.224e-7,1.686e-15,4.040e-23,1.445e+0,,9.324e-16,3.351e-13,2.268e+4,9.186e-5
239.06,1.767e+4,1.480e-8,1.688e-15,4.024e-23,5.165e-1,,9.022e-16,3.355e-13,1.767e+4,7.915e-5
239.11,1.412e+4,1.639e-9,1.690e-15,4.007e-23,1.690e-1,,8.719e-16,3.359e-13,1.412e+4,6.248e-5
239.15,1.317e+4,2.643e-10,1.692e-15,3.994e-23,6.494e-2,,8.477e-16,3.363e-13,1.317e+4,4.856e-5
239.20,1.526e+4,2.496e-11,1.694e-15,3.978e-23,1.814e-2,,8.174e-16,3.367e-13,1.526e+4,3.274e-5
239.25,2.171e+4,2.157e-12,1.697e-15,3.961e-23,4.643e-3,,7.872e-16,3.371e-13,2.171e+4,2.023e-5
239.30,3.287e+4,2.164e-12,1.699e-15,3.945e-23,1.088e-3,,7.569e-16,3.375e-13,3.287e+4,1.145e-5
239.35,4.820e+4,2.171e-12,1.701e-15,3.928e-23,2.335e-4,,7.267e-16,3.380e-13,4.820e+4,5.936e-6
239.40,6.602e+4,2.178e-12,1.703e-15,3.912e-23,4.590e-5,,6.964e-16,3.384e-13,6.602e+4,2.820e-6
239.45,8.350e+4,2.185e-12,1.705e-15,3.895e-23,8.262e-6,,6.662e-16,3.388e-13,8.350e+4,1.227e-6
239.50,9.730e+4,2.193e-12,1.707e-15,3.879e-23,1.362e-6,,6.359e-16,3.393e-13,9.730e+4,4.895e-7
239.54,1.038e+5,2.198e-12,1.709e-15,3.866e-23,3.023e-7,,6.117e-16,3.396e-13,1.038e+5,2.206e-7
239.59,1.050e+5,2.205e-12,1.711e-15,3.849e-23,4.253e-8,,5.815e-16,3.400e-13,1.050e+5,7.644e-8
239.64,9.911e+4,2.212e-12,1.713e-15,3.833e-23,5.482e-9,,5.512e-16,3.405e-13,9.911e+4,2.862e-8
239.69,8.841e+4,2.219e-12,1.715e-15,3.816e-23,6.470e-10,,5.210e-16,3.409e-13,8.841e+4,2.408e-8
239.74,7.595e+4,2.227e-12,1.718e-15,3.800e-23,6.993e-11,,4.907e-16,3.413e-13,7.595e+4,5.485e-8
239.79,6.431e+4,2.234e-12,1.720e-15,3.783e-23,6.922e-12,,4.605e-16,3.417e-13,6.431e+4,1.492e-7
239.84,5.478e+4,2.241e-12,1.722e-15,3.767e-23,6.276e-13,,4.302e-16,3.422e-13,5.478e+4,3.821e-7
239.89,4.730e+4,2.248e-12,1.724e-15,3.750e-23,5.716e-13,,3.999e-16,3.426e-13,4.730e+4,9.001e-7
239.93,4.228e+4,2.253e-12,1.726e-15,3.737e-23,5.268e-13,,3.757e-16,3.429e-13,4.228e+4,1.679e-6
239.98,3.653e+4,2.261e-12,1.728e-15,3.721e-23,4.708e-13,,4.485e-15,3.434e-13,3.653e+4,3.384e-6
240.03,3.117e+4,2.268e-12,1.730e-15,3.704e-23,4.149e-13,,4.914e-14,3.438e-13,3.117e+4,6.257e-6
240.08,2.667e+4,2.275e-12,1.732e-15,3.688e-23,3.589e-13,,4.941e-13,3.442e-13,2.667e+4,1.061e-5
240.13,2.405e+4,2.282e-12,1.734e-15,3.671e-23,3.029e-13,,4.560e-12,3.447e-13,2.405e+4,1.651e-5
240.18,2.443e+4,2.289e-12,1.737e-15,3.655e-23,2.469e-13,,3.862e-11,3.451e-13,2.443e+4,2.356e-5
240.23,2.854e+4,2.296e-12,1.739e-15,3.639e-23,1.909e-13,,3.002e-10,3.455e-13,2.854e+4,3.085e-5
240.28,3.639e+4,2.303e-12,1.741e-15,3.622e-23,1.350e-13,,2.142e-9,3.459e-13,3.639e+4,3.708e-5
240.33,4.703e+4,2.310e-12,1.743e-15,3.606e-23,7.897e-14,,1.402e-8,3.464e-13,4.703e+4,4.093e-5
240.37,5.635e+4,2.316e-12,1.745e-15,3.592e-23,3.419e-14,,5.928e-8,3.467e-13,5.635e+4,4.168e-5
240.42,6.716e+4,2.323e-12,1.747e-15,3.576e-23,4.045e-13,,3.326e-7,3.471e-13,6.716e+4,3.955e-5
240.47,7.497e+4,2.330e-12,1.749e-15,3.559e-23,4.394e-12,,1.712e-6,3.476e-13,7.497e+4,3.460e-5
240.52,7.828e+4,2.337e-12,1.751e-15,3.543e-23,4.381e-11,,8.092e-6,3.480e-13,7.828e+4,2.797e-5
240.57,7.665e+4,2.344e-12,1.753e-15,3.527e-23,4.011e-10,,3.510e-5,3.484e-13,7.665e+4,2.100e-5
240.62,7.088e+4,2.351e-12,1.756e-15,3.510e-23,3.371e-9,,1.397e-4,3.488e-13,7.088e+4,1.472e-5
240.67,6.268e+4,2.358e-12,1.758e-15,3.494e-23,2.601e-8,,5.104e-4,3.493e-13,6.268e+4,9.729e-6
240.72,5.417e+4,2.365e-12,1.760e-15,3.477e-23,1.842e-7,,1.711e-3,3.497e-13,5.417e+4,6.120e-6
240.76,4.852e+4,2.371e-12,1.762e-15,3.464e-23,8.295e-7,,4.235e-3,3.500e-13,4.852e+4,4.106e-6
240.81,4.413e+4,2.378e-12,1.764e-15,3.447e-23,5.038e-6,,1.217e-2,3.505e-13,4.413e+4,2.424e-6
240.86,4.329e+4,2.385e-12,1.766e-15,3.431e-23,2.809e-5,,3.208e-2,3.509e-13,4.329e+4,1.391e-6
240.91,4.563e+4,2.392e-12,1.768e-15,3.415e-23,1.438e-4,,7.764e-2,3.513e-13,4.563e+4,7.740e-7
240.96,4.984e+4,2.399e-12,1.770e-15,3.398e-23,6.757e-4,,1.724e-1,3.518e-13,4.984e+4,4.144e-7
241.01,5.411e+4,2.407e-12,1.772e-15,3.382e-23,2.915e-3,,3.515e-1,3.522e-13,5.411e+4,2.112e-7
241.06,5.675e+4,2.414e-12,1.775e-15,3.365e-23,1.155e-2,,6.576e-1,3.526e-13,5.675e+4,1.014e-7
241.11,5.666e+4,2.421e-12,1.777e-15,3.349e-23,4.199e-2,,1.129e+0,3.530e-13,5.666e+4,4.551e-8
241.15,5.446e+4,2.426e-12,1.778e-15,3.335e-23,1.109e-1,,1.636e+0,3.534e-13,5.446e+4,2.273e-8
241.20,4.950e+4,2.434e-12,1.781e-15,3.319e-23,3.459e-1,,2.406e+0,3.538e-13,4.950e+4,8.895e-9
241.25,4.296e+4,2.441e-12,1.783e-15,3.303e-23,9.904e-1,,3.249e+0,3.542e-13,4.296e+4,3.210e-9
241.30,3.583e+4,2.448e-12,1.785e-15,3.286e-23,2.604e+0,,4.027e+0,3.547e-13,3.583e+4,1.066e-9
241.35,2.887e+4,2.455e-12,1.787e-15,3.270e-23,6.289e+0,,4.580e+0,3.551e-13,2.886e+4,3.256e-10
241.40,2.256e+4,2.462e-12,1.789e-15,3.253e-23,1.395e+1,,4.780e+0,3.555e-13,2.254e+4,9.132e-11
241.45,1.712e+4,2.469e-12,1.791e-15,3.237e-23,2.845e+1,,4.580e+0,3.560e-13,1.709e+4,2.351e-11
241.50,1.269e+4,2.476e-12,1.793e-15,3.220e-23,5.336e+1,,4.027e+0,3.564e-13,1.263e+4,5.555e-12
241.55,9.296e+3,2.483e-12,1.796e-15,3.204e-23,9.214e+1,,3.249e+0,3.568e-13,9.201e+3,1.204e-12
241.59,7.308e+3,2.489e-12,1.797e-15,3.191e-23,1.346e+2,,2.573e+0,3.572e-13,7.170e+3,3.332e-13
241.64,5.619e+3,2.496e-12,1.800e-15,3.174e-23,2.014e+2,,1.779e+0,3.576e-13,5.416e+3,6.186e-14
241.69,4.620e+3,2.503e-12,1.802e-15,3.158e-23,2.799e+2,,1.129e+0,3.580e-13,4.339e+3,1.054e-14
241.74,4.062e+3,2.510e-12,1.804e-15,3.141e-23,3.633e+2,,6.576e-1,3.584e-13,3.698e+3,1.646e-15
241.79,3.719e+3,2.517e-12,1.806e-15,3.125e-23,4.444e+2,,3.515e-1,3.589e-13,3.275e+3,2.359e-16
241.84,3.441e+3,2.524e-12,1.808e-15,3.108e-23,5.182e+2,,1.724e-1,3.593e-13,2.923e+3,3.100e-17
241.89,3.177e+3,2.531e-12,1.810e-15,3.092e-23,5.836e+2,,7.764e-2,3.597e-13,2.593e+3,3.739e-18
241.94,2.965e+3,2.538e-12,1.812e-15,3.075e-23,6.431e+2,,3.208e-2,3.601e-13,2.322e+3,4.135e-19
241.98,2.898e+3,2.544e-12,1.814e-15,3.062e-23,6.887e+2,,1.487e-2,3.605e-13,2.209e+3,6.676e-20
242.03,3.038e+3,2.551e-12,1.816e-15,3.046e-23,7.453e+2,,5.266e-3,3.609e-13,2.293e+3,6.322e-21
242.08,3.522e+3,2.558e-12,1.818e-15,3.029e-23,8.023e+2,,1.711e-3,3.613e-13,2.719e+3,5.491e-22
242.13,4.398e+3,2.565e-12,1.821e-15,3.013e-23,8.601e+2,,5.104e-4,3.618e-13,3.538e+3,6.140e-22
242.18,5.637e+3,2.572e-12,1.823e-15,2.996e-23,9.195e+2,,1.397e-4,3.622e-13,4.718e+3,6.789e-22
242.23,7.112e+3,2.579e-12,1.825e-15,2.980e-23,9.808e+2,,3.510e-5,3.626e-13,6.131e+3,7.437e-22
242.28,8.600e+3,2.587e-12,1.827e-15,2.963e-23,1.040e+3,,8.092e-6,3.631e-13,7.560e+3,8.086e-22
242.33,9.828e+3,2.594e-12,1.829e-15,2.947e-23,1.087e+3,,1.712e-6,3.635e-13,8.741e+3,8.735e-22
242.38,1.055e+4,2.601e-12,1.831e-15,2.930e-23,1.106e+3,,3.326e-7,3.639e-13,9.443e+3,9.384e-22
242.42,1.066e+4,2.606e-12,1.833e-15,2.917e-23,1.092e+3,,8.427e-8,2.460e-12,9.571e+3,9.903e-22
242.47,1.024e+4,2.614e-12,1.835e-15,2.901e-23,1.032e+3,,1.402e-8,2.486e-11,9.209e+3,1.055e-21
242.52,9.368e+3,2.621e-12,1.837e-15,2.884e-23,9.318e+2,,2.142e-9,2.344e-10,8.437e+3,1.120e-21
242.57,8.348e+3,2.628e-12,1.840e-15,2.868e-23,8.104e+2,8.484e-13,3.002e-10,2.010e-9,7.538e+3,1.185e-21
242.62,7.508e+3,2.635e-12,1.842e-15,2.851e-23,6.911e+2,9.289e-12,3.862e-11,1.587e-8,6.817e+3,1.250e-21
242.67,7.092e+3,2.642e-12,1.844e-15,2.835e-23,5.917e+2,9.351e-11,4.560e-12,1.153e-7,6.500e+3,1.315e-21
242.72,7.197e+3,2.649e-12,1.846e-15,2.818e-23,5.181e+2,8.655e-10,4.941e-13,7.722e-7,6.678e+3,1.380e-21
242.77,7.755e+3,2.656e-12,1.848e-15,2.802e-23,4.642e+2,7.365e-9,4.914e-14,4.763e-6,7.291e+3,1.444e-21
242.81,8.409e+3,2.662e-12,1.850e-15,2.789e-23,4.272e+2,3.845e-8,7.290e-15,1.926e-5,7.982e+3,1.496e-21
242.86,9.296e+3,2.669e-12,1.852e-15,2.772e-23,3.784e+2,2.813e-7,7.249e-15,1.028e-4,8.917e+3,1.561e-21
242.91,1.007e+4,2.676e-12,1.854e-15,2.756e-23,3.214e+2,1.892e-6,7.209e-15,5.061e-4,9.752e+3,1.626e-21
242.96,1.062e+4,2.683e-12,1.856e-15,2.739e-23,2.571e+2,1.171e-5,7.168e-15,2.304e-3,1.037e+4,1.691e-21
243.01,1.093e+4,2.690e-12,1.859e-15,2.723e-23,1.914e+2,6.657e-5,7.128e-15,9.711e-3,1.074e+4,1.756e-21
243.06,1.107e+4,2.697e-12,1.861e-15,2.706e-23,1.319e+2,3.481e-4,7.087e-15,3.792e-2,1.094e+4,1.821e-21
243.11,1.114e+4,2.704e-12,1.863e-15,2.690e-23,8.382e+1,1.674e-3,7.046e-15,1.375e-1,1.105e+4,1.886e-21
243.16,1.122e+4,2.711e-12,1.865e-15,2.673e-23,4.903e+1,7.399e-3,7.006e-15,4.631e-1,1.117e+4,1.951e-21
243.20,1.132e+4,2.717e-12,1.867e-15,2.660e-23,3.006e+1,2.287e-2,6.973e-15,1.162e+0,1.129e+4,2.003e-21
243.25,1.145e+4,2.724e-12,1.869e-15,2.644e-23,1.512e+1,8.692e-2,6.933e-15,3.444e+0,1.143e+4,2.067e-21
243.30,1.152e+4,2.731e-12,1.871e-15,2.627e-23,6.994e+0,3.038e-1,6.892e-15,9.525e+0,1.150e+4,2.386e-20
243.35,1.143e+4,2.738e-12,1.873e-15,2.611e-23,3.005e+0,9.760e-1,6.851e-15,2.459e+1,1.140e+4,2.533e-19
243.40,1.112e+4,2.745e-12,1.875e-15,2.594e-23,1.290e+0,2.883e+0,6.811e-15,5.931e+1,1.106e+4,2.474e-18
243.45,1.059e+4,2.752e-12,1.878e-15,2.578e-23,8.286e-1,7.831e+0,6.770e-15,1.336e+2,1.045e+4,2.222e-17
243.50,9.914e+3,2.760e-12,1.880e-15,2.561e-23,1.319e+0,1.956e+1,6.730e-15,2.808e+2,9.612e+3,1.837e-16
243.55,9.259e+3,2.767e-12,1.882e-15,2.545e-23,3.144e+0,4.491e+1,6.689e-15,5.506e+2,8.661e+3,1.396e-15
243.60,8.859e+3,2.774e-12,1.884e-15,2.529e-23,7.500e+0,9.483e+1,6.648e-15,1.006e+3,7.751e+3,9.766e-15
243.64,8.888e+3,2.779e-12,1.886e-15,2.515e-23,1.427e+1,1.623e+2,6.616e-15,1.546e+3,7.165e+3,4.359e-14
243.69,9.520e+3,2.786e-12,1.888e-15,2.499e-23,2.960e+1,2.946e+2,6.575e-15,2.481e+3,6.715e+3,2.623e-13
243.74,1.086e+4,2.794e-12,1.890e-15,2.482e-23,5.649e+1,4.917e+2,6.535e-15,3.700e+3,6.616e+3,1.452e-12
243.79,1.279e+4,2.801e-12,1.892e-15,2.466e-23,9.911e+1,7.546e+2,6.494e-15,5.131e+3,6.804e+3,7.396e-12
243.84,1.497e+4,2.808e-12,1.894e-15,2.449e-23,1.599e+2,1.065e+3,6.454e-15,6.629e+3,7.117e+3,3.465e-11
243.89,1.697e+4,2.815e-12,1.896e-15,2.433e-23,2.372e+2,1.381e+3,6.413e-15,7.999e+3,7.351e+3,1.493e-10
243.94,1.837e+4,2.822e-12,1.899e-15,2.417e-23,3.236e+2,1.648e+3,6.372e-15,9.065e+3,7.337e+3,5.920e-10
243.99,1.895e+4,2.829e-12,1.901e-15,2.400e-23,4.059e+2,1.807e+3,6.332e-15,9.723e+3,7.015e+3,2.159e-9
244.03,1.882e+4,2.835e-12,1.903e-15,2.387e-23,4.580e+2,1.832e+3,6.299e-15,9.949e+3,6.583e+3,5.724e-9
244.08,1.813e+4,2.842e-12,1.905e-15,2.370e-23,4.939e+2,1.727e+3,6.259e-15,9.919e+3,5.988e+3,1.796e-8
244.13,1.720e+4,2.849e-12,1.907e-15,2.354e-23,4.898e+2,1.497e+3,6.218e-15,9.634e+3,5.575e+3,5.186e-8
244.18,1.640e+4,2.856e-12,1.909e-15,2.338e-23,4.466e+2,1.194e+3,6.177e-15,9.163e+3,5.598e+3,1.377e-7
244.23,1.600e+4,2.863e-12,1.911e-15,2.321e-23,3.745e+2,8.748e+2,6.137e-15,8.525e+3,6.222e+3,3.364e-7
244.28,1.604e+4,2.870e-12,1.913e-15,2.305e-23,2.887e+2,5.897e+2,6.096e-15,7.699e+3,7.464e+3,7.560e-7
244.33,1.642e+4,2.877e-12,1.915e-15,2.288e-23,2.046e+2,3.658e+2,6.056e-15,6.679e+3,9.169e+3,1.563e-6
244.38,1.690e+4,2.884e-12,1.918e-15,2.272e-23,1.334e+2,2.098e+2,6.015e-15,5.508e+3,1.105e+4,2.972e-6
244.43,1.720e+4,2.891e-12,1.920e-15,2.255e-23,7.995e+1,1.140e+2,5.974e-15,4.280e+3,1.273e+4,5.200e-6
244.47,1.717e+4,2.897e-12,1.921e-15,2.242e-23,4.997e+1,7.204e+1,5.942e-15,3.337e+3,1.372e+4,7.660e-6
244.52,1.667e+4,2.904e-12,1.924e-15,2.226e-23,2.575e+1,5.447e+1,5.901e-15,2.298e+3,1.430e+4,1.153e-5
244.57,1.564e+4,2.911e-12,1.926e-15,2.209e-23,1.220e+1,7.279e+1,5.861e-15,1.474e+3,1.408e+4,1.597e-5
244.62,1.417e+4,2.918e-12,1.928e-15,2.193e-23,5.317e+0,1.331e+2,5.820e-15,8.790e+2,1.315e+4,2.034e-5
244.67,1.243e+4,2.925e-12,1.930e-15,2.176e-23,2.130e+0,2.502e+2,5.780e-15,4.880e+2,1.169e+4,2.384e-5
244.72,1.066e+4,2.932e-12,1.932e-15,2.160e-23,7.848e-1,4.422e+2,5.739e-15,2.531e+2,9.964e+3,2.570e-5
244.77,9.048e+3,2.940e-12,1.934e-15,2.143e-23,2.659e-1,7.221e+2,5.698e-15,1.253e+2,8.200e+3,2.548e-5
244.82,7.733e+3,2.947e-12,1.937e-15,2.127e-23,8.281e-2,1.086e+3,5.658e-15,6.568e+1,6.582e+3,2.325e-5
244.86,6.933e+3,2.952e-12,1.938e-15,2.114e-23,3.066e-2,1.417e+3,5.625e-15,5.021e+1,5.466e+3,2.034e-5
244.91,6.224e+3,2.959e-12,1.940e-15,2.097e-23,8.211e-3,1.834e+3,5.585e-15,6.136e+1,4.328e+3,1.597e-5
244.96,5.758e+3,2.966e-12,1.943e-15,2.081e-23,2.022e-3,2.185e+3,5.544e-15,1.055e+2,3.467e+3,1.153e-5
245.01,5.427e+3,2.974e-12,1.945e-15,2.064e-23,4.579e-4,2.395e+3,5.503e-15,1.885e+2,2.844e+3,7.660e-6
245.06,5.146e+3,2.981e-12,1.947e-15,2.048e-23,9.533e-5,2.415e+3,5.463e-15,3.180e+2,2.414e+3,4.681e-6
245.11,4.881e+3,2.988e-12,1.949e-15,2.031e-23,1.825e-5,2.240e+3,5.422e-15,4.969e+2,2.144e+3,2.631e-6
245.16,4.646e+3,2.995e-12,1.951e-15,2.015e-23,3.213e-6,1.912e+3,5.382e-15,7.180e+2,2.015e+3,1.361e-6
245.21,4.479e+3,3.002e-12,1.953e-15,1.998e-23,5.201e-7,1.502e+3,5.341e-15,9.619e+2,2.015e+3,6.473e-7
245.25,4.416e+3,3.008e-12,1.955e-15,1.985e-23,1.141e-7,1.166e+3,5.309e-15,1.156e+3,2.094e+3,3.364e-7
245.30,4.433e+3,3.015e-12,1.957e-15,1.969e-23,1.588e-8,7.885e+2,5.268e-15,1.379e+3,2.266e+3,1.377e-7
245.35,4.542e+3,3.022e-12,1.959e-15,1.952e-23,2.032e-9,4.906e+2,5.227e-15,1.575e+3,2.476e+3,5.186e-8
245.40,4.735e+3,3.029e-12,1.962e-15,1.936e-23,2.391e-10,2.808e+2,5.187e-15,1.769e+3,2.686e+3,1.796e-8
245.45,5.031e+3,3.036e-12,1.964e-15,1.919e-23,2.587e-11,1.479e+2,5.146e-15,2.006e+3,2.877e+3,5.724e-9
245.50,5.484e+3,3.043e-12,1.966e-15,1.903e-23,2.574e-12,7.167e+1,5.106e-15,2.341e+3,3.072e+3,1.678e-9
245.55,6.161e+3,3.050e-12,1.968e-15,1.886e-23,2.355e-13,3.195e+1,5.065e-15,2.799e+3,3.331e+3,4.525e-10
245.60,7.102e+3,3.057e-12,1.970e-15,1.870e-23,2.334e-13,1.311e+1,5.024e-15,3.353e+3,3.737e+3,1.122e-10
245.65,8.284e+3,3.064e-12,1.972e-15,1.853e-23,2.313e-13,4.948e+0,4.984e-15,3.919e+3,4.361e+3,2.561e-11
245.69,9.341e+3,3.070e-12,1.974e-15,1.840e-23,2.296e-13,2.138e+0,4.951e-15,4.303e+3,5.036e+3,7.396e-12
245.74,1.069e+4,3.077e-12,1.976e-15,1.824e-23,2.275e-13,6.946e-1,4.911e-15,4.612e+3,6.076e+3,1.452e-12
245.79,1.196e+4,3.084e-12,1.978e-15,1.807e-23,2.255e-13,2.077e-1,4.870e-15,4.703e+3,7.256e+3,2.623e-13
245.84,1.311e+4,3.091e-12,1.981e-15,1.791e-23,2.234e-13,5.713e-2,4.829e-15,4.643e+3,8.466e+3,4.359e-14
245.89,1.421e+4,3.098e-12,1.983e-15,1.774e-23,2.213e-13,1.446e-2,4.789e-15,4.607e+3,9.604e+3,6.663e-15
245.94,1.542e+4,3.105e-12,1.985e-15,1.758e-23,2.192e-13,3.367e-3,4.748e-15,4.820e+3,1.060e+4,9.370e-16
245.99,1.690e+4,3.112e-12,1.987e-15,1.741e-23,2.171e-13,7.215e-4,4.708e-15,5.480e+3,1.142e+4,1.212e-16
246.04,1.872e+4,3.120e-12,1.989e-15,1.725e-23,2.150e-13,1.423e-4,4.667e-15,6.669e+3,1.205e+4,1.442e-17
246.08,2.034e+4,3.125e-12,1.356e-14,1.712e-23,2.134e-13,3.655e-5,4.635e-15,7.950e+3,1.239e+4,2.474e-18
246.13,2.237e+4,3.132e-12,1.388e-13,1.695e-23,2.113e-13,6.203e-6,4.594e-15,9.756e+3,1.262e+4,2.533e-19
246.18,2.407e+4,3.139e-12,1.309e-12,1.679e-23,2.092e-13,9.687e-7,4.553e-15,1.146e+4,1.261e+4,2.386e-20
246.23,2.509e+4,3.146e-12,1.138e-11,1.662e-23,2.071e-13,1.392e-7,4.513e-15,1.269e+4,1.240e+4,2.380e-20
246.28,2.526e+4,3.154e-12,9.119e-11,1.646e-23,2.050e-13,1.840e-8,4.472e-15,1.320e+4,1.206e+4,2.373e-20
246.33,2.459e+4,3.161e-12,6.734e-10,1.629e-23,2.029e-13,2.238e-9,4.432e-15,1.290e+4,1.169e+4,2.367e-20
246.38,2.326e+4,3.168e-12,4.583e-9,1.613e-23,2.008e-13,2.505e-10,4.391e-15,1.189e+4,1.137e+4,2.361e-20
246.43,2.153e+4,3.175e-12,2.875e-8,1.596e-23,1.988e-13,2.579e-11,4.350e-15,1.041e+4,1.111e+4,2.355e-20
246.47,2.001e+4,3.180e-12,1.178e-7,1.583e-23,1.971e-13,3.942e-12,4.318e-15,9.075e+3,1.094e+4,2.350e-20
246.52,1.811e+4,3.188e-12,6.378e-7,1.567e-23,1.950e-13,3.494e-13,4.277e-15,7.417e+3,1.069e+4,2.343e-20
246.57,1.627e+4,3.195e-12,3.183e-6,1.550e-23,1.929e-13,3.501e-13,4.237e-15,5.943e+3,1.033e+4,2.337e-20
246.62,1.457e+4,3.202e-12,1.464e-5,1.534e-23,1.908e-13,3.509e-13,4.196e-15,4.762e+3,9.805e+3,2.331e-20
246.67,1.304e+4,3.209e-12,6.208e-5,1.517e-23,1.887e-13,3.516e-13,4.155e-15,3.921e+3,9.123e+3,2.325e-20
246.72,1.178e+4,3.216e-12,2.426e-4,1.501e-23,1.866e-13,3.524e-13,4.115e-15,3.423e+3,8.361e+3,2.319e-20
246.77,1.088e+4,3.223e-12,8.735e-4,1.484e-23,1.846e-13,3.531e-13,4.074e-15,3.247e+3,7.636e+3,2.312e-20
246.82,1.044e+4,3.230e-12,2.899e-3,1.468e-23,1.825e-13,3.539e-13,4.034e-15,3.379e+3,7.064e+3,2.306e-20
246.87,1.055e+4,3.237e-12,8.867e-3,1.452e-23,1.804e-13,3.546e-13,3.993e-15,3.838e+3,6.714e+3,2.300e-20
246.91,1.109e+4,3.243e-12,2.045e-2,1.438e-23,1.787e-13,3.552e-13,3.961e-15,4.497e+3,6.594e+3,2.295e-20
246.96,1.239e+4,3.250e-12,5.401e-2,1.422e-23,1.766e-13,3.560e-13,3.920e-15,5.791e+3,6.594e+3,2.289e-20
247.01,1.440e+4,3.257e-12,1.315e-1,1.405e-23,1.745e-13,3.567e-13,3.879e-15,7.728e+3,6.670e+3,2.282e-20
247.06,1.707e+4,3.264e-12,2.949e-1,1.389e-23,1.725e-13,3.575e-13,3.839e-15,1.034e+4,6.726e+3,2.276e-20
247.11,2.019e+4,3.271e-12,6.097e-1,1.372e-23,1.704e-13,3.582e-13,3.798e-15,1.349e+4,6.700e+3,2.270e-20
247.16,2.336e+4,3.278e-12,1.162e+0,1.356e-23,1.683e-13,3.590e-13,3.758e-15,1.679e+4,6.576e+3,2.264e-20
247.21,2.605e+4,3.285e-12,2.040e+0,1.340e-23,1.662e-13,3.597e-13,3.717e-15,1.968e+4,6.370e+3,2.257e-20
247.26,2.770e+4,3.292e-12,3.302e+0,1.323e-23,1.641e-13,3.605e-13,3.676e-15,2.159e+4,6.110e+3,2.251e-20
247.30,2.801e+4,3.298e-12,4.576e+0,1.310e-23,1.624e-13,3.611e-13,3.644e-15,2.213e+4,5.880e+3,2.246e-20
247.35,2.704e+4,3.305e-12,6.394e+0,1.293e-23,1.604e-13,3.618e-13,3.603e-15,2.146e+4,5.573e+3,2.240e-20
247.40,2.475e+4,3.312e-12,8.235e+0,1.277e-23,1.583e-13,3.626e-13,3.563e-15,1.950e+4,5.245e+3,2.234e-20
247.45,2.160e+4,3.319e-12,9.775e+0,1.260e-23,1.562e-13,3.633e-13,3.522e-15,1.669e+4,4.899e+3,2.227e-20
247.50,1.820e+4,3.326e-12,1.069e+1,1.244e-23,1.541e-13,3.641e-13,3.482e-15,1.364e+4,4.549e+3,2.221e-20
247.55,1.515e+4,3.334e-12,1.078e+1,1.228e-23,1.520e-13,3.648e-13,3.441e-15,1.091e+4,4.227e+3,2.215e-20
247.60,1.295e+4,3.341e-12,1.002e+1,1.211e-23,1.499e-13,3.656e-13,3.400e-15,8.954e+3,3.984e+3,2.209e-20
247.65,1.195e+4,3.348e-12,8.578e+0,1.195e-23,1.478e-13,3.663e-13,3.360e-15,8.068e+3,3.872e+3,2.202e-20
247.70,1.234e+4,3.355e-12,6.770e+0,1.178e-23,1.458e-13,3.671e-13,3.319e-15,8.399e+3,3.938e+3,2.196e-20
247.74,1.370e+4,3.360e-12,5.283e+0,1.165e-23,1.441e-13,3.677e-13,3.287e-15,9.554e+3,4.137e+3,2.191e-20
247.79,1.662e+4,3.368e-12,3.600e+0,1.149e-23,1.420e-13,3.684e-13,3.246e-15,1.205e+4,4.566e+3,2.185e-20
247.84,2.082e+4,3.375e-12,2.261e+0,1.132e-23,1.399e-13,3.692e-13,3.205e-15,1.565e+4,5.173e+3,2.179e-20
247.89,2.625e+4,3.382e-12,1.309e+0,1.116e-23,1.378e-13,3.699e-13,3.165e-15,2.034e+4,5.909e+3,2.173e-20
247.94,3.311e+4,3.389e-12,6.981e-1,1.099e-23,1.357e-13,3.707e-13,3.124e-15,2.640e+4,6.715e+3,2.166e-20
247.99,4.191e+4,3.396e-12,3.432e-1,1.083e-23,1.337e-13,3.714e-13,3.084e-15,3.438e+4,7.530e+3,2.160e-20
248.04,5.328e+4,3.403e-12,1.555e-1,1.066e-23,1.316e-13,3.721e-13,3.043e-15,4.500e+4,8.288e+3,2.154e-20
248.09,6.762e+4,3.410e-12,6.495e-2,1.050e-23,1.295e-13,3.729e-13,3.002e-15,5.870e+4,8.922e+3,2.148e-20
248.13,8.098e+4,3.416e-12,3.046e-2,1.037e-23,1.278e-13,3.735e-13,2.970e-15,7.168e+4,9.295e+3,2.143e-20
248.18,9.873e+4,3.423e-12,1.098e-2,1.020e-23,1.257e-13,3.742e-13,2.929e-15,8.919e+4,9.545e+3,2.136e-20
248.23,1.152e+5,3.430e-12,3.649e-3,1.004e-23,1.236e-13,3.750e-13,2.889e-15,1.057e+5,9.516e+3,2.130e-20
248.28,1.274e+5,3.437e-12,1.118e-3,9.871e-24,1.216e-13,3.757e-13,2.848e-15,1.181e+5,9.208e+3,2.124e-20
248.33,1.326e+5,3.444e-12,3.155e-4,9.706e-24,1.195e-13,3.765e-13,2.808e-15,1.239e+5,8.665e+3,2.118e-20
248.38,1.299e+5,3.451e-12,8.206e-5,9.542e-24,1.174e-13,3.772e-13,2.767e-15,1.220e+5,7.977e+3,2.111e-20
248.43,1.208e+5,3.458e-12,1.968e-5,9.377e-24,1.153e-13,3.780e-13,2.726e-15,1.136e+5,7.254e+3,2.105e-20
248.48,1.084e+5,3.465e-12,4.348e-6,9.212e-24,1.132e-13,3.787e-13,2.686e-15,1.018e+5,6.597e+3,2.099e-20
248.52,9.885e+4,3.471e-12,1.225e-6,9.081e-24,1.115e-13,3.793e-13,2.653e-15,9.267e+4,6.173e+3,2.094e-20
248.57,9.029e+4,3.478e-12,2.337e-7,8.916e-24,1.094e-13,3.801e-13,2.613e-15,8.448e+4,5.813e+3,2.088e-20
248.62,8.756e+4,3.485e-12,4.110e-8,8.751e-24,1.074e-13,3.808e-13,2.572e-15,8.188e+4,5.681e+3,2.081e-20
248.67,9.096e+4,3.492e-12,6.660e-9,8.587e-24,1.053e-13,3.816e-13,2.531e-15,8.513e+4,5.822e+3,2.075e-20
248.72,9.906e+4,3.499e-12,9.947e-10,8.422e-24,1.032e-13,3.823e-13,2.491e-15,9.277e+4,6.292e+3,2.069e-20
248.77,1.095e+5,3.506e-12,1.369e-10,8.257e-24,1.011e-13,3.831e-13,2.450e-15,1.024e+5,7.139e+3,2.063e-20
248.82,1.200e+5,3.514e-12,1.737e-11,8.093e-24,9.902e-14,3.838e-13,2.410e-15,1.116e+5,8.390e+3,2.056e-20
248.87,1.285e+5,3.521e-12,2.031e-12,7.928e-24,9.693e-14,3.846e-13,2.369e-15,1.185e+5,1.003e+4,2.050e-20
248.92,1.339e+5,3.528e-12,2.188e-13,7.763e-24,9.484e-14,3.853e-13,2.328e-15,1.219e+5,1.203e+4,2.044e-20
248.96,1.357e+5,3.533e-12,3.472e-14,7.631e-24,9.317e-14,3.859e-13,2.296e-15,1.219e+5,1.386e+4,2.039e-20
249.01,1.345e+5,3.540e-12,3.391e-14,7.467e-24,9.109e-14,3.867e-13,2.255e-15,1.180e+5,1.643e+4,2.033e-20
249.06,1.294e+5,3.548e-12,3.311e-14,7.302e-24,8.900e-14,3.874e-13,2.215e-15,1.100e+5,1.931e+4,2.026e-20
249.11,1.206e+5,3.555e-12,3.230e-14,7.137e-24,8.692e-14,3.882e-13,2.174e-15,9.821e+4,2.243e+4,2.020e-20
249.16,1.089e+5,3.562e-12,3.150e-14,6.973e-24,8.483e-14,3.889e-13,2.134e-15,8.337e+4,2.556e+4,2.014e-20
249.21,9.521e+4,3.569e-12,3.069e-14,6.808e-24,8.274e-14,3.897e-13,2.093e-15,6.694e+4,2.827e+4,2.008e-20
249.26,8.060e+4,3.576e-12,2.989e-14,6.643e-24,8.066e-14,3.904e-13,2.052e-15,5.059e+4,3.001e+4,2.002e-20
249.31,6.617e+4,3.583e-12,2.908e-14,6.479e-24,7.857e-14,3.912e-13,2.012e-15,3.590e+4,3.027e+4,1.995e-20
249.35,5.534e+4,3.589e-12,2.844e-14,6.347e-24,7.690e-14,3.918e-13,1.979e-15,2.610e+4,2.924e+4,1.990e-20
249.40,4.319e+4,3.596e-12,2.763e-14,6.182e-24,7.481e-14,3.925e-13,1.939e-15,1.667e+4,2.652e+4,1.984e-20
249.45,3.294e+4,3.603e-12,2.683e-14,6.018e-24,7.273e-14,3.932e-13,1.898e-15,1.027e+4,2.267e+4,1.978e-20
249.50,2.479e+4,3.610e-12,2.602e-14,5.853e-24,7.064e-14,3.940e-13,1.857e-15,6.351e+3,1.844e+4,1.972e-20
249.55,1.883e+4,3.617e-12,2.522e-14,5.688e-24,6.855e-14,3.947e-13,1.817e-15,4.213e+3,1.462e+4,1.965e-20
249.60,1.497e+4,3.624e-12,2.441e-14,5.524e-24,6.647e-14,3.955e-13,1.776e-15,3.191e+3,1.178e+4,1.959e-20
249.65,1.295e+4,3.631e-12,2.361e-14,5.359e-24,6.438e-14,3.962e-13,1.736e-15,2.800e+3,1.015e+4,1.953e-20
249.70,1.242e+4,3.638e-12,2.280e-14,5.194e-24,6.229e-14,3.970e-13,1.695e-15,2.767e+3,9.655e+3,1.947e-20
249.74,1.276e+4,3.644e-12,2.216e-14,5.062e-24,6.063e-14,3.976e-13,1.663e-15,2.935e+3,9.829e+3,1.942e-20
249.79,1.378e+4,3.651e-12,2.136e-14,4.898e-24,5.854e-14,3.983e-13,1.622e-15,3.405e+3,1.038e+4,1.935e-20
249.84,1.511e+4,3.658e-12,2.055e-14,4.733e-24,5.645e-14,3.991e-13,1.581e-15,4.213e+3,1.089e+4,1.929e-20
249.89,1.643e+4,3.665e-12,1.975e-14,4.568e-24,5.437e-14,3.998e-13,1.541e-15,5.368e+3,1.107e+4,1.923e-20
249.94,1.757e+4,3.672e-12,1.894e-14,4.404e-24,5.228e-14,4.006e-13,1.500e-15,6.771e+3,1.080e+4,1.917e-20
249.99,1.838e+4,3.679e-12,1.814e-14,4.239e-24,5.019e-14,4.013e-13,1.460e-15,8.203e+3,1.017e+4,1.910e-20
250.04,1.878e+4,3.686e-12,1.733e-14,4.074e-24,4.811e-14,4.021e-13,1.419e-15,9.368e+3,9.411e+3,1.904e-20
250.09,1.872e+4,3.694e-12,1.653e-14,3.910e-24,4.602e-14,4.028e-13,1.378e-15,9.986e+3,8.738e+3,1.898e-20
250.14,1.820e+4,3.701e-12,1.572e-14,3.745e-24,4.393e-14,4.036e-13,1.462e-14,9.891e+3,8.308e+3,1.892e-20
250.18,1.746e+4,3.706e-12,1.508e-14,3.613e-24,4.226e-14,4.042e-13,9.136e-14,9.302e+3,8.162e+3,1.887e-20
250.23,1.622e+4,3.713e-12,1.427e-14,3.449e-24,4.018e-14,4.049e-13,8.407e-13,8.064e+3,8.156e+3,1.880e-20
250.28,1.473e+4,3.720e-12,1.347e-14,3.284e-24,3.809e-14,4.217e-12,7.148e-12,6.523e+3,8.205e+3,1.874e-20
250.33,1.313e+4,3.728e-12,1.266e-14,3.119e-24,3.600e-14,4.059e-11,5.616e-11,4.973e+3,8.152e+3,1.868e-20
250.38,1.154e+4,3.735e-12,1.186e-14,2.954e-24,3.392e-14,3.610e-10,4.078e-10,3.649e+3,7.891e+3,1.862e-20
250.43,1.007e+4,3.742e-12,1.105e-14,2.790e-24,3.578e-13,2.967e-9,2.736e-9,2.680e+3,7.394e+3,1.855e-20
250.48,8.800e+3,3.749e-12,1.025e-14,2.625e-24,3.488e-12,2.254e-8,1.696e-8,2.095e+3,6.705e+3,1.849e-20
250.53,7.768e+3,3.756e-12,9.443e-15,2.460e-24,3.157e-11,1.582e-7,9.716e-8,1.860e+3,5.908e+3,1.843e-20
250.57,7.140e+3,3.762e-12,8.799e-15,2.329e-24,1.733e-10,7.107e-7,3.709e-7,1.887e+3,5.253e+3,1.838e-20
250.62,6.632e+3,3.769e-12,7.995e-15,2.164e-24,1.357e-9,4.328e-6,1.843e-6,2.156e+3,4.476e+3,1.832e-20
250.67,6.484e+3,3.776e-12,7.190e-15,1.999e-24,9.824e-9,2.436e-5,8.464e-6,2.682e+3,3.802e+3,1.826e-20
250.72,6.780e+3,3.783e-12,6.385e-15,1.835e-24,6.576e-8,1.267e-4,3.592e-5,3.497e+3,3.283e+3,1.819e-20
250.77,7.623e+3,3.790e-12,5.580e-15,1.670e-24,4.071e-7,6.091e-4,1.408e-4,4.646e+3,2.976e+3,1.813e-20
250.82,9.099e+3,3.797e-12,4.775e-15,1.505e-24,2.330e-6,2.706e-3,5.103e-4,6.155e+3,2.944e+3,1.807e-20
250.87,1.121e+4,3.804e-12,3.970e-15,1.341e-24,1.234e-5,1.111e-2,1.709e-3,7.968e+3,3.242e+3,1.801e-20
250.92,1.381e+4,3.811e-12,3.165e-15,1.176e-24,6.048e-5,4.214e-2,5.286e-3,9.916e+3,3.896e+3,1.794e-20
250.97,1.658e+4,3.818e-12,2.360e-15,1.228e-23,2.743e-4,1.477e-1,1.511e-2,1.171e+4,4.871e+3,1.788e-20
251.01,1.860e+4,3.824e-12,1.717e-15,7.689e-23,8.699e-4,3.807e-1,3.308e-2,1.280e+4,5.808e+3,1.783e-20
251.06,2.048e+4,3.831e-12,9.116e-16,6.985e-22,3.436e-3,1.158e+0,8.205e-2,1.346e+4,7.025e+3,1.777e-20
251.11,2.127e+4,3.838e-12,1.068e-16,5.869e-21,1.257e-2,3.255e+0,1.880e-1,1.318e+4,8.089e+3,1.771e-20
251.16,2.080e+4,3.845e-12,1.146e-15,4.559e-20,4.267e-2,8.456e+0,3.982e-1,1.199e+4,8.798e+3,1.764e-20
251.21,1.917e+4,3.852e-12,1.137e-14,3.276e-19,1.343e-1,2.030e+1,7.792e-1,1.013e+4,9.025e+3,1.758e-20
251.26,1.677e+4,3.859e-12,1.044e-13,2.177e-18,3.928e-1,4.504e+1,1.409e+0,7.972e+3,8.755e+3,1.752e-20
251.31,1.410e+4,3.866e-12,8.859e-13,1.338e-17,1.068e+0,9.234e+1,2.354e+0,5.920e+3,8.082e+3,1.746e-20
251.36,1.166e+4,3.874e-12,6.952e-12,7.607e-17,2.700e+0,1.750e+2,3.635e+0,4.310e+3,7.168e+3,1.739e-20
251.40,1.016e+4,3.879e-12,3.415e-11,2.888e-16,5.391e+0,2.756e+2,4.861e+0,3.493e+3,6.379e+3,1.734e-20
251.45,9.074e+3,3.886e-12,2.327e-10,1.427e-15,1.202e+1,4.531e+2,6.511e+0,3.160e+3,5.442e+3,1.728e-20
251.50,8.985e+3,3.893e-12,1.466e-9,6.522e-15,2.501e+1,6.883e+2,8.059e+0,3.614e+3,4.650e+3,1.722e-20
251.55,9.871e+3,3.901e-12,8.545e-9,2.758e-14,4.865e+1,9.663e+2,9.217e+0,4.795e+3,4.052e+3,1.716e-20
251.60,1.156e+4,3.908e-12,4.604e-8,1.079e-13,8.859e+1,1.254e+3,9.741e+0,6.550e+3,3.661e+3,1.709e-20
251.65,1.376e+4,3.915e-12,2.293e-7,3.906e-13,1.511e+2,1.503e+3,9.513e+0,8.625e+3,3.469e+3,1.703e-20
251.70,1.607e+4,3.922e-12,1.056e-6,1.309e-12,2.415e+2,1.666e+3,8.585e+0,1.070e+4,3.452e+3,1.697e-20
251.75,1.813e+4,3.929e-12,4.500e-6,4.058e-12,3.616e+2,1.707e+3,7.159e+0,1.248e+4,3.575e+3,1.691e-20
251.79,1.944e+4,3.935e-12,1.356e-5,9.492e-12,4.767e+2,1.645e+3,5.848e+0,1.356e+4,3.748e+3,1.686e-20
251.84,2.068e+4,3.942e-12,5.016e-5,2.561e-11,6.346e+2,1.468e+3,4.231e+0,1.455e+4,4.025e+3,1.680e-20
251.89,2.178e+4,3.949e-12,1.716e-4,6.399e-11,7.905e+2,1.223e+3,2.828e+0,1.543e+4,4.340e+3,1.673e-20
251.94,2.335e+4,3.956e-12,5.426e-4,1.480e-10,9.205e+2,9.728e+2,1.747e+0,1.678e+4,4.674e+3,1.667e-20
251.99,2.603e+4,3.963e-12,1.587e-3,3.171e-10,1.001e+3,7.889e+2,9.970e-1,1.922e+4,5.016e+3,1.661e-20
252.04,3.031e+4,3.970e-12,4.291e-3,6.293e-10,1.014e+3,7.468e+2,5.258e-1,2.318e+4,5.374e+3,1.655e-20
252.09,3.626e+4,3.977e-12,1.073e-2,1.157e-9,9.573e+2,9.304e+2,2.563e-1,2.860e+4,5.770e+3,1.648e-20
252.14,4.342e+4,3.984e-12,2.481e-2,1.971e-9,8.408e+2,1.437e+3,1.154e-1,3.489e+4,6.254e+3,1.642e-20
252.19,5.092e+4,3.991e-12,5.304e-2,3.112e-9,6.867e+2,2.368e+3,4.803e-2,4.096e+4,6.909e+3,1.636e-20
252.23,5.650e+4,3.997e-12,9.207e-2,4.247e-9,5.546e+2,3.479e+3,2.250e-2,4.484e+4,7.628e+3,1.631e-20
252.28,6.227e+4,4.004e-12,1.709e-1,5.851e-9,3.995e+2,5.348e+3,8.123e-3,4.766e+4,8.863e+3,1.625e-20
252.33,6.633e+4,4.011e-12,2.935e-1,7.474e-9,2.732e+2,7.679e+3,2.710e-3,4.785e+4,1.053e+4,1.618e-20
252.38,6.880e+4,4.018e-12,4.659e-1,8.855e-9,1.862e+2,1.026e+4,8.353e-4,4.578e+4,1.258e+4,1.612e-20
252.43,7.017e+4,4.025e-12,6.839e-1,9.732e-9,1.425e+2,1.272e+4,2.379e-4,4.247e+4,1.483e+4,1.606e-20
252.48,7.103e+4,4.032e-12,9.282e-1,9.924e-9,1.430e+2,1.466e+4,6.263e-5,3.922e+4,1.700e+4,1.600e-20
252.53,7.179e+4,4.039e-12,1.165e+0,9.389e-9,1.878e+2,1.569e+4,1.523e-5,3.715e+4,1.876e+4,1.593e-20
252.58,7.257e+4,4.046e-12,1.352e+0,8.244e-9,2.782e+2,1.563e+4,3.424e-6,3.681e+4,1.984e+4,1.587e-20
252.62,7.310e+4,4.052e-12,1.439e+0,7.041e-9,3.843e+2,1.484e+4,9.798e-7,3.771e+4,2.017e+4,1.582e-20
252.67,7.340e+4,4.059e-12,1.451e+0,5.405e-9,5.584e+2,1.317e+4,1.910e-7,3.969e+4,1.998e+4,1.576e-20
252.72,7.299e+4,4.066e-12,1.352e+0,3.852e-9,7.726e+2,1.118e+4,3.442e-8,4.169e+4,1.934e+4,1.570e-20
252.77,7.161e+4,4.073e-12,1.165e+0,2.548e-9,1.012e+3,9.383e+3,5.730e-9,4.271e+4,1.850e+4,1.563e-20
252.82,6.914e+4,4.081e-12,9.282e-1,1.564e-9,1.251e+3,8.169e+3,8.815e-10,4.206e+4,1.766e+4,1.557e-20
252.87,6.555e+4,4.088e-12,6.839e-1,8.915e-10,1.456e+3,7.747e+3,1.253e-10,3.951e+4,1.684e+4,1.551e-20
252.92,6.094e+4,4.095e-12,4.659e-1,4.715e-10,1.591e+3,8.093e+3,1.646e-11,3.526e+4,1.599e+4,1.545e-20
252.97,5.552e+4,4.102e-12,2.935e-1,2.314e-10,1.629e+3,8.989e+3,1.998e-12,2.986e+4,1.504e+4,1.538e-20
253.02,4.967e+4,4.109e-12,1.709e-1,1.054e-10,1.559e+3,1.010e+4,2.241e-13,2.399e+4,1.402e+4,1.532e-20
253.06,4.501e+4,4.115e-12,1.049e-1,5.323e-11,1.432e+3,1.092e+4,3.678e-14,1.941e+4,1.326e+4,1.527e-20
253.11,3.969e+4,4.122e-12,5.304e-2,2.118e-11,1.207e+3,1.163e+4,3.593e-14,1.429e+4,1.257e+4,1.521e-20
253.16,3.544e+4,4.129e-12,2.481e-2,7.815e-12,9.462e+2,1.190e+4,3.509e-14,1.021e+4,1.239e+4,1.515e-20
253.21,3.268e+4,4.136e-12,1.073e-2,2.674e-12,6.889e+2,1.177e+4,3.424e-14,7.368e+3,1.286e+4,1.509e-20
253.26,3.160e+4,4.143e-12,4.291e-3,8.484e-13,4.653e+2,1.142e+4,3.339e-14,5.788e+3,1.393e+4,1.502e-20
253.31,3.212e+4,4.150e-12,1.587e-3,2.495e-13,2.914e+2,1.104e+4,3.255e-14,5.381e+3,1.541e+4,1.496e-20
253.36,3.396e+4,4.157e-12,5.426e-4,6.800e-14,1.691e+2,1.076e+4,3.170e-14,5.981e+3,1.705e+4,1.490e-20
253.41,3.670e+4,4.164e-12,1.716e-4,1.717e-14,9.102e+1,1.058e+4,3.085e-14,7.371e+3,1.866e+4,1.484e-20
253.45,3.921e+4,4.170e-12,6.455e-5,5.406e-15,5.275e+1,1.043e+4,3.018e-14,8.879e+3,1.985e+4,1.479e-20
253.50,4.239e+4,4.177e-12,1.772e-5,1.190e-15,2.585e+1,1.010e+4,2.933e-14,1.100e+4,2.125e+4,1.472e-20
253.55,4.524e+4,4.184e-12,4.500e-6,2.425e-16,1.450e+1,9.486e+3,2.848e-14,1.308e+4,2.265e+4,1.466e-20
253.60,4.746e+4,4.191e-12,1.056e-6,4.577e-17,1.439e+1,8.517e+3,2.764e-14,1.479e+4,2.414e+4,1.460e-20
253.65,4.886e+4,4.198e-12,2.293e-7,7.998e-18,2.591e+1,7.246e+3,2.679e-14,1.589e+4,2.570e+4,1.454e-20
253.70,4.936e+4,4.205e-12,4.604e-8,1.294e-18,5.456e+1,5.805e+3,2.594e-14,1.630e+4,2.720e+4,1.447e-20
253.75,4.901e+4,4.212e-12,8.545e-9,1.938e-19,1.111e+2,4.363e+3,2.510e-14,1.612e+4,2.841e+4,1.441e-20
253.80,4.798e+4,4.219e-12,1.466e-9,2.685e-20,2.109e+2,3.069e+3,2.425e-14,1.568e+4,2.902e+4,1.435e-20
253.84,4.686e+4,4.225e-12,3.384e-10,5.226e-21,3.335e+2,2.205e+3,2.357e-14,1.542e+4,2.890e+4,1.430e-20
253.89,4.537e+4,4.232e-12,5.044e-11,6.299e-22,5.514e+2,1.370e+3,2.272e-14,1.556e+4,2.789e+4,1.424e-20
253.94,4.406e+4,4.239e-12,6.952e-12,7.026e-23,8.439e+2,7.938e+2,2.188e-14,1.646e+4,2.596e+4,1.417e-20
253.99,4.312e+4,4.246e-12,8.859e-13,6.973e-24,1.195e+3,4.281e+2,2.103e-14,1.815e+4,2.335e+4,1.411e-20
254.04,4.259e+4,4.253e-12,1.044e-13,6.687e-25,1.567e+3,2.148e+2,2.018e-14,2.040e+4,2.041e+4,1.405e-20
254.09,4.232e+4,4.261e-12,1.137e-14,1.036e-24,1.902e+3,1.002e+2,1.934e-14,2.280e+4,1.752e+4,1.399e-20
254.14,4.206e+4,4.268e-12,1.146e-15,1.403e-24,2.136e+3,4.339e+1,1.849e-14,2.490e+4,1.498e+4,1.392e-20
254.19,4.154e+4,4.275e-12,1.301e-15,1.770e-24,2.220e+3,1.745e+1,1.764e-14,2.635e+4,1.296e+4,1.386e-20
254.24,4.057e+4,4.282e-12,1.456e-15,2.138e-24,2.136e+3,6.511e+0,1.680e-14,2.698e+4,1.145e+4,1.380e-20
254.28,3.945e+4,4.287e-12,1.580e-15,2.431e-24,1.959e+3,2.803e+0,1.612e-14,2.690e+4,1.058e+4,1.375e-20
254.33,3.766e+4,4.295e-12,1.735e-15,2.799e-24,1.639e+3,9.130e-1,1.527e-14,2.622e+4,9.801e+3,1.369e-20
254.38,3.559e+4,4.302e-12,1.890e-15,3.166e-24,1.270e+3,2.756e-1,1.443e-14,2.506e+4,9.261e+3,1.363e-20
254.43,3.341e+4,4.309e-12,2.045e-15,3.533e-24,9.104e+2,7.710e-2,1.358e-14,2.360e+4,8.894e+3,1.356e-20
254.48,3.124e+4,4.316e-12,2.200e-15,3.900e-24,6.041e+2,2.001e-2,1.273e-14,2.194e+4,8.688e+3,1.350e-20
254.53,2.917e+4,4.323e-12,2.355e-15,4.267e-24,3.710e+2,4.975e-3,1.189e-14,2.012e+4,8.680e+3,1.344e-20
254.58,2.727e+4,4.330e-12,2.511e-15,4.635e-24,2.109e+2,1.970e-3,1.104e-14,1.812e+4,8.936e+3,1.338e-20
254.63,2.564e+4,4.337e-12,2.666e-15,5.002e-24,1.109e+2,4.368e-3,1.019e-14,1.601e+4,9.520e+3,1.331e-20
254.67,2.459e+4,4.343e-12,2.790e-15,5.296e-24,6.277e+1,1.334e-2,9.515e-15,1.428e+4,1.024e+4,1.326e-20
254.72,2.368e+4,4.350e-12,2.945e-15,5.663e-24,2.873e+1,5.308e-2,8.668e-15,1.221e+4,1.144e+4,1.320e-20
254.77,2.321e+4,4.357e-12,3.100e-15,6.030e-24,1.217e+1,1.964e-1,7.822e-15,1.036e+4,1.283e+4,1.314e-20
254.82,2.304e+4,4.364e-12,3.255e-15,6.397e-24,4.771e+0,6.735e-1,6.975e-15,8.823e+3,1.421e+4,1.308e-20
254.87,2.290e+4,4.371e-12,3.410e-15,6.764e-24,1.731e+0,2.139e+0,6.128e-15,7.606e+3,1.529e+4,1.301e-20
254.92,2.243e+4,4.378e-12,3.565e-15,7.132e-24,5.815e-1,6.293e+0,5.281e-15,6.629e+3,1.580e+4,1.295e-20
254.97,2.134e+4,4.385e-12,3.720e-15,7.499e-24,1.807e-1,1.715e+1,4.435e-15,5.773e+3,1.555e+4,1.289e-20
255.02,1.947e+4,4.392e-12,3.875e-15,7.866e-24,5.200e-2,4.330e+1,3.588e-15,4.933e+3,1.450e+4,1.283e-20
255.06,1.748e+4,4.398e-12,3.999e-15,8.160e-24,1.815e-2,8.596e+1,2.911e-15,4.239e+3,1.316e+4,1.278e-20
255.11,1.460e+4,4.405e-12,4.154e-15,8.527e-24,4.543e-3,1.891e+2,2.064e-15,3.354e+3,1.106e+4,1.271e-20
255.16,1.166e+4,4.412e-12,4.309e-15,8.894e-24,1.052e-3,3.853e+2,1.217e-15,2.500e+3,8.777e+3,1.265e-20
255.21,9.070e+3,4.419e-12,4.464e-15,9.262e-24,2.256e-4,7.272e+2,3.704e-16,1.743e+3,6.600e+3,1.259e-20
255.26,7.153e+3,4.426e-12,4.619e-15,9.629e-24,4.477e-5,1.271e+3,3.744e-15,1.132e+3,4.750e+3,1.253e-20
255.31,6.082e+3,4.403e-11,4.774e-15,9.996e-24,8.223e-6,2.059e+3,3.508e-14,6.836e+2,3.340e+3,1.246e-20
255.36,5.850e+3,4.060e-10,4.930e-15,1.036e-23,1.398e-6,3.089e+3,3.046e-13,3.829e+2,2.378e+3,1.240e-20
255.41,6.290e+3,3.471e-9,5.085e-15,1.073e-23,2.199e-7,4.293e+3,2.453e-12,1.988e+2,1.798e+3,1.234e-20
255.46,7.118e+3,2.750e-8,5.240e-15,1.110e-23,3.202e-8,5.527e+3,1.830e-11,9.566e+1,1.496e+3,1.228e-20
255.50,7.836e+3,1.364e-7,5.364e-15,1.139e-23,6.483e-9,6.401e+3,8.652e-11,5.042e+1,1.385e+3,1.223e-20
255.55,8.543e+3,9.430e-7,5.519e-15,1.176e-23,8.212e-10,7.180e+3,5.633e-10,2.114e+1,1.341e+3,1.216e-20
255.60,8.836e+3,6.043e-6,5.674e-15,1.213e-23,9.628e-11,7.460e+3,3.399e-9,8.205e+0,1.368e+3,1.210e-20
255.65,8.649e+3,3.590e-5,5.829e-15,1.249e-23,1.045e-11,7.180e+3,1.902e-8,2.949e+0,1.466e+3,1.204e-20
255.70,8.085e+3,1.977e-4,5.984e-15,1.286e-23,1.049e-12,6.401e+3,9.860e-8,9.818e-1,1.682e+3,1.198e-20
255.75,7.394e+3,1.009e-3,6.139e-15,1.323e-23,1.020e-12,5.287e+3,4.739e-7,3.026e-1,2.107e+3,1.192e-20
255.80,6.911e+3,4.775e-3,6.294e-15,1.359e-23,9.913e-13,4.044e+3,2.112e-6,8.638e-2,2.866e+3,1.185e-20
255.85,6.987e+3,2.094e-2,6.449e-15,1.396e-23,9.623e-13,2.866e+3,8.722e-6,2.283e-2,4.121e+3,1.179e-20
255.89,7.660e+3,6.472e-2,6.573e-15,1.426e-23,9.392e-13,2.059e+3,2.568e-5,7.450e-3,5.601e+3,1.174e-20
255.94,9.448e+3,2.477e-1,6.728e-15,1.462e-23,9.102e-13,1.271e+3,9.254e-5,1.714e-3,8.176e+3,1.168e-20
255.99,1.236e+4,8.786e-1,6.883e-15,1.499e-23,8.812e-13,7.272e+2,3.091e-4,3.653e-4,1.163e+4,1.162e-20
256.04,1.627e+4,2.889e+0,7.038e-15,1.536e-23,8.523e-13,3.853e+2,9.569e-4,7.208e-5,1.589e+4,1.155e-20
256.09,2.084e+4,8.806e+0,7.193e-15,1.572e-23,8.233e-13,1.891e+2,2.746e-3,1.317e-5,2.064e+4,1.149e-20
256.14,2.547e+4,2.488e+1,7.349e-15,1.609e-23,7.943e-13,8.596e+1,7.305e-3,2.228e-6,2.536e+4,1.143e-20
256.19,2.944e+4,6.518e+1,7.504e-15,1.646e-23,7.654e-13,3.621e+1,1.801e-2,3.491e-7,2.934e+4,1.137e-20
256.24,3.208e+4,1.583e+2,7.659e-15,1.683e-23,7.364e-13,1.417e+1,4.118e-2,5.069e-8,3.190e+4,1.130e-20
256.29,3.295e+4,3.562e+2,7.814e-15,1.719e-23,7.075e-13,5.281e+0,8.725e-2,7.235e-9,3.259e+4,1.124e-20
256.33,3.235e+4,6.454e+2,7.938e-15,1.749e-23,6.843e-13,2.601e+0,1.506e-1,3.523e-9,3.171e+4,1.119e-20
256.38,3.033e+4,1.267e+3,8.093e-15,1.785e-23,6.553e-13,2.100e+0,2.784e-1,1.632e-8,2.906e+4,1.113e-20
256.43,2.758e+4,2.307e+3,8.248e-15,1.822e-23,6.264e-13,4.278e+0,4.771e-1,1.087e-7,2.526e+4,1.107e-20
256.48,2.493e+4,3.893e+3,8.403e-15,1.859e-23,5.974e-13,1.088e+1,7.577e-1,6.776e-7,2.103e+4,1.100e-20
256.53,2.312e+4,6.089e+3,8.558e-15,1.896e-23,5.684e-13,2.665e+1,1.116e+0,3.918e-6,1.700e+4,1.094e-20
256.58,2.248e+4,8.829e+3,8.713e-15,1.932e-23,5.395e-13,6.076e+1,1.522e+0,2.101e-5,1.359e+4,1.088e-20
256.63,2.292e+4,1.187e+4,8.868e-15,1.969e-23,5.105e-13,1.285e+2,1.926e+0,1.045e-4,1.093e+4,1.082e-20
256.68,2.398e+4,1.479e+4,9.023e-15,2.006e-23,4.815e-13,2.519e+2,2.259e+0,4.819e-4,8.938e+3,1.075e-20
256.72,2.482e+4,1.670e+4,9.147e-15,2.035e-23,4.584e-13,4.087e+2,2.429e+0,1.551e-3,7.713e+3,1.070e-20
256.77,2.535e+4,1.816e+4,9.302e-15,2.072e-23,4.294e-13,6.993e+2,2.485e+0,6.246e-3,6.488e+3,1.064e-20
256.82,2.492e+4,1.832e+4,9.457e-15,2.109e-23,4.004e-13,1.109e+3,2.357e+0,2.333e-2,5.486e+3,1.058e-20
256.87,2.348e+4,1.719e+4,9.612e-15,2.145e-23,3.715e-13,1.632e+3,2.072e+0,8.084e-2,4.654e+3,1.052e-20
256.92,2.128e+4,1.507e+4,9.767e-15,2.182e-23,3.425e-13,2.225e+3,1.688e+0,2.598e-1,3.985e+3,1.046e-20
256.97,1.885e+4,1.254e+4,9.923e-15,2.219e-23,3.136e-13,2.813e+3,1.276e+0,7.741e-1,3.489e+3,1.039e-20
257.02,1.678e+4,1.031e+4,1.008e-14,2.255e-23,2.846e-13,3.297e+3,8.951e-1,2.140e+0,3.173e+3,1.033e-20
257.07,1.570e+4,9.075e+3,1.023e-14,2.292e-23,2.556e-13,3.583e+3,5.856e-1,5.485e+0,3.035e+3,1.027e-20
257.11,1.594e+4,9.252e+3,1.036e-14,2.322e-23,2.325e-13,3.627e+3,4.004e-1,1.103e+1,3.046e+3,1.022e-20
257.16,1.802e+4,1.135e+4,1.051e-14,2.358e-23,2.035e-13,3.440e+3,2.464e-1,2.470e+1,3.205e+3,1.016e-20
257.21,2.240e+4,1.581e+4,1.067e-14,2.395e-23,1.745e-13,3.025e+3,1.690e-1,5.127e+1,3.508e+3,1.009e-20
257.26,2.908e+4,2.259e+4,1.082e-14,2.432e-23,1.456e-13,2.466e+3,1.564e-1,9.873e+1,3.927e+3,1.003e-20
257.31,3.759e+4,3.114e+4,1.098e-14,2.468e-23,1.166e-13,1.864e+3,1.992e-1,1.763e+2,4.413e+3,9.968e-21
257.36,4.689e+4,4.039e+4,1.113e-14,2.505e-23,8.764e-14,1.306e+3,2.901e-1,2.920e+2,4.906e+3,9.906e-21
257.41,5.549e+4,4.884e+4,1.129e-14,2.542e-23,5.868e-14,8.488e+2,4.207e-1,4.486e+2,5.353e+3,9.843e-21
257.46,6.175e+4,5.487e+4,1.144e-14,2.579e-23,2.971e-14,5.113e+2,5.774e-1,6.391e+2,5.726e+3,9.781e-21
257.51,6.437e+4,5.721e+4,1.160e-14,2.615e-23,2.972e-13,2.856e+2,7.390e-1,8.444e+2,6.026e+3,9.719e-21
257.55,6.344e+4,5.604e+4,1.172e-14,2.645e-23,1.777e-12,1.697e+2,8.536e-1,9.996e+2,6.226e+3,9.669e-21
257.60,5.872e+4,5.105e+4,1.188e-14,2.681e-23,1.554e-11,8.273e+1,9.555e-1,1.153e+3,6.438e+3,9.606e-21
257.65,5.100e+4,4.313e+4,1.203e-14,2.718e-23,1.262e-10,3.739e+1,9.921e-1,1.235e+3,6.598e+3,9.544e-21
257.70,4.171e+4,3.380e+4,1.219e-14,2.755e-23,9.508e-10,1.567e+1,9.554e-1,1.226e+3,6.663e+3,9.482e-21
257.75,3.229e+4,2.457e+4,1.234e-14,2.792e-23,6.650e-9,6.086e+0,8.534e-1,1.130e+3,6.584e+3,9.419e-21
257.80,2.388e+4,1.657e+4,1.250e-14,2.828e-23,4.317e-8,2.192e+0,7.069e-1,9.701e+2,6.336e+3,9.357e-21
257.85,1.710e+4,1.036e+4,1.265e-14,2.865e-23,2.601e-7,7.320e-1,5.431e-1,7.811e+2,5.957e+3,9.294e-21
257.90,1.217e+4,6.012e+3,1.281e-14,2.902e-23,1.455e-6,2.266e-1,3.870e-1,6.044e+2,5.554e+3,9.232e-21
257.94,9.502e+3,3.684e+3,1.293e-14,2.931e-23,5.465e-6,8.401e-2,2.795e-1,4.984e+2,5.319e+3,9.182e-21
257.99,7.583e+3,1.867e+3,1.309e-14,2.968e-23,2.673e-5,2.270e-2,1.739e-1,4.398e+2,5.276e+3,9.120e-21
258.04,7.017e+3,8.777e+2,1.324e-14,3.005e-23,1.213e-4,5.687e-3,1.003e-1,4.921e+2,5.647e+3,9.057e-21
258.09,7.596e+3,3.827e+2,1.340e-14,3.041e-23,5.112e-4,1.321e-3,5.370e-2,6.817e+2,6.531e+3,8.995e-21
258.14,9.178e+3,1.548e+2,1.355e-14,3.078e-23,1.999e-3,2.844e-4,2.665e-2,1.026e+3,7.997e+3,8.932e-21
258.19,1.170e+4,5.809e+1,1.371e-14,3.115e-23,7.257e-3,5.679e-5,1.227e-2,1.525e+3,1.011e+4,8.870e-21
258.24,1.514e+4,2.022e+1,1.386e-14,3.151e-23,2.445e-2,1.051e-5,5.238e-3,2.148e+3,1.297e+4,8.808e-21
258.29,1.950e+4,6.528e+0,1.402e-14,3.188e-23,7.648e-2,1.804e-6,2.074e-3,2.825e+3,1.667e+4,8.745e-21
258.33,2.358e+4,2.504e+0,1.414e-14,3.218e-23,1.805e-1,4.172e-7,9.362e-4,3.338e+3,2.024e+4,8.695e-21
258.38,2.919e+4,7.062e-1,1.430e-14,3.254e-23,4.937e-1,6.249e-8,3.237e-4,3.846e+3,2.534e+4,8.633e-21
258.43,3.484e+4,1.848e-1,1.445e-14,3.291e-23,1.254e+0,8.678e-9,1.038e-4,4.114e+3,3.072e+4,8.570e-21
258.48,3.972e+4,4.485e-2,1.461e-14,3.328e-23,2.955e+0,1.117e-9,3.087e-5,4.083e+3,3.564e+4,8.508e-21
258.53,4.296e+4,1.010e-2,1.476e-14,3.364e-23,6.468e+0,1.334e-10,8.514e-6,3.760e+3,3.920e+4,8.446e-21
258.58,4.383e+4,2.110e-3,1.492e-14,3.401e-23,1.315e+1,1.476e-11,2.178e-6,3.213e+3,4.061e+4,8.383e-21
258.63,4.205e+4,4.090e-4,1.507e-14,3.438e-23,2.483e+1,1.515e-12,5.167e-7,2.548e+3,3.948e+4,8.321e-21
258.68,3.789e+4,7.353e-5,1.523e-14,3.475e-23,4.358e+1,1.494e-12,1.137e-7,1.874e+3,3.597e+4,8.258e-21
258.73,3.212e+4,1.227e-5,1.538e-14,3.511e-23,7.117e+1,1.474e-12,2.320e-8,1.280e+3,3.077e+4,8.196e-21
258.77,2.706e+4,2.773e-6,1.550e-14,3.541e-23,1.001e+2,1.457e-12,6.163e-9,8.934e+2,2.606e+4,8.146e-21
258.82,2.103e+4,4.042e-7,1.566e-14,3.577e-23,1.442e+2,1.437e-12,1.098e-9,5.330e+2,2.035e+4,8.084e-21
258.87,1.608e+4,5.465e-8,1.581e-14,3.614e-23,1.944e+2,1.416e-12,1.815e-10,2.951e+2,1.559e+4,8.021e-21
258.92,1.265e+4,6.855e-9,1.597e-14,3.651e-23,2.466e+2,1.395e-12,2.782e-11,1.516e+2,1.225e+4,7.959e-21
258.97,1.077e+4,7.978e-10,1.613e-14,3.688e-23,2.965e+2,1.375e-12,3.955e-12,7.224e+1,1.040e+4,7.897e-21
259.02,1.016e+4,8.614e-11,1.628e-14,3.724e-23,3.411e+2,1.354e-12,5.214e-13,3.195e+1,9.790e+3,7.834e-21
259.07,1.038e+4,2.690e-12,1.644e-14,3.761e-23,3.802e+2,1.334e-12,6.375e-14,1.312e+1,9.990e+3,7.772e-21
259.12,1.095e+4,2.674e-12,1.659e-14,3.798e-23,4.157e+2,1.313e-12,7.229e-15,5.030e+0,1.052e+4,7.709e-21
259.16,1.136e+4,2.661e-12,1.671e-14,3.827e-23,4.437e+2,1.297e-12,1.200e-15,2.284e+0,1.091e+4,7.659e-21
259.21,1.161e+4,2.645e-12,1.687e-14,3.864e-23,4.799e+2,1.276e-12,1.201e-15,1.041e+0,1.113e+4,7.597e-21
259.26,1.151e+4,2.629e-12,1.702e-14,3.901e-23,5.184e+2,1.256e-12,1.202e-15,1.142e+0,1.099e+4,7.535e-21
259.31,1.124e+4,2.612e-12,1.718e-14,3.937e-23,5.583e+2,1.235e-12,1.203e-15,2.555e+0,1.068e+4,7.472e-21
259.36,1.125e+4,2.596e-12,1.733e-14,3.974e-23,5.989e+2,1.215e-12,1.204e-15,6.296e+0,1.064e+4,7.129e-20
259.41,1.229e+4,2.580e-12,1.749e-14,4.011e-23,6.416e+2,1.194e-12,1.205e-15,1.471e+1,1.163e+4,6.320e-19
259.46,1.538e+4,2.564e-12,1.764e-14,4.047e-23,6.913e+2,1.174e-12,1.206e-15,3.198e+1,1.466e+4,5.206e-18
259.51,2.176e+4,2.548e-12,1.780e-14,4.084e-23,7.567e+2,1.153e-12,1.207e-15,6.458e+1,2.094e+4,3.985e-17
259.56,3.262e+4,2.532e-12,1.795e-14,4.121e-23,8.502e+2,1.132e-12,1.208e-15,1.211e+2,3.164e+4,2.834e-16
259.60,4.512e+4,2.519e-12,1.808e-14,4.150e-23,9.553e+2,1.116e-12,1.209e-15,1.899e+2,4.397e+4,1.291e-15
259.65,6.561e+4,2.503e-12,1.823e-14,4.187e-23,1.137e+3,1.095e-12,1.210e-15,3.118e+2,6.416e+4,8.044e-15
259.70,9.053e+4,2.486e-12,1.839e-14,4.224e-23,1.386e+3,1.075e-12,1.211e-15,4.754e+2,8.867e+4,4.657e-14
259.75,1.174e+5,2.470e-12,1.854e-14,4.260e-23,1.701e+3,1.054e-12,1.212e-15,6.731e+2,1.151e+5,2.505e-13
259.80,1.427e+5,2.454e-12,1.870e-14,4.297e-23,2.063e+3,1.034e-12,1.213e-15,8.851e+2,1.397e+5,1.252e-12
259.85,1.619e+5,2.438e-12,1.885e-14,4.334e-23,2.431e+3,1.013e-12,1.214e-15,1.081e+3,1.584e+5,5.814e-12
259.90,1.716e+5,2.422e-12,1.901e-14,4.371e-23,2.745e+3,9.927e-13,1.215e-15,1.226e+3,1.676e+5,2.509e-11
259.95,1.697e+5,2.406e-12,1.916e-14,4.407e-23,2.945e+3,9.722e-13,1.216e-15,1.292e+3,1.654e+5,1.006e-10
259.99,1.600e+5,2.393e-12,1.929e-14,4.437e-23,2.998e+3,9.557e-13,1.217e-15,1.278e+3,1.557e+5,2.898e-10
260.04,1.396e+5,2.377e-12,1.944e-14,4.473e-23,2.927e+3,9.352e-13,1.218e-15,1.182e+3,1.355e+5,1.018e-9
260.09,1.137e+5,2.360e-12,1.960e-14,4.510e-23,2.747e+3,9.146e-13,1.219e-15,1.022e+3,1.099e+5,3.322e-9
260.14,8.664e+4,2.344e-12,1.975e-14,4.547e-23,2.538e+3,8.941e-13,1.220e-15,8.365e+2,8.326e+4,1.007e-8
260.19,6.222e+4,2.328e-12,1.991e-14,4.584e-23,2.396e+3,8.735e-13,1.221e-15,6.682e+2,5.916e+4,2.839e-8
260.24,4.290e+4,2.312e-12,2.006e-14,4.620e-23,2.398e+3,8.530e-13,1.222e-15,5.586e+2,3.994e+4,7.433e-8
260.29,2.969e+4,2.296e-12,2.022e-14,4.657e-23,2.575e+3,8.324e-13,1.223e-15,5.410e+2,2.657e+4,1.808e-7
260.34,2.245e+4,2.280e-12,2.037e-14,4.694e-23,2.898e+3,8.119e-13,1.224e-15,6.378e+2,1.891e+4,4.087e-7
260.38,2.037e+4,2.267e-12,2.050e-14,4.723e-23,3.206e+3,7.954e-13,1.225e-15,8.039e+2,1.636e+4,7.444e-7
260.43,2.142e+4,2.251e-12,2.065e-14,4.760e-23,3.558e+3,7.749e-13,1.226e-15,1.116e+3,1.675e+4,1.474e-6
260.48,2.529e+4,2.234e-12,2.081e-14,4.797e-23,3.772e+3,7.543e-13,1.227e-15,1.518e+3,2.000e+4,2.713e-6
260.53,3.064e+4,2.218e-12,2.096e-14,4.833e-23,3.773e+3,7.338e-13,1.228e-15,1.960e+3,2.491e+4,4.638e-6
260.58,3.619e+4,2.202e-12,2.112e-14,4.870e-23,3.552e+3,7.132e-13,1.229e-15,2.375e+3,3.026e+4,7.368e-6
260.63,4.078e+4,2.186e-12,2.127e-14,4.907e-23,3.169e+3,6.927e-13,1.230e-15,2.692e+3,3.492e+4,1.088e-5
260.68,4.363e+4,2.170e-12,2.143e-14,4.943e-23,2.734e+3,6.721e-13,1.231e-15,2.856e+3,3.804e+4,1.492e-5
260.73,4.451e+4,2.154e-12,2.158e-14,4.980e-23,2.383e+3,6.516e-13,1.232e-15,2.841e+3,3.929e+4,1.901e-5
260.78,4.385e+4,2.138e-12,2.174e-14,5.017e-23,2.241e+3,6.310e-13,1.233e-15,2.657e+3,3.896e+4,2.251e-5
260.82,4.290e+4,2.125e-12,2.186e-14,5.046e-23,2.336e+3,6.146e-13,1.234e-15,2.414e+3,3.815e+4,2.444e-5
260.87,4.225e+4,2.108e-12,2.202e-14,5.083e-23,2.738e+3,5.941e-13,1.235e-15,2.038e+3,3.747e+4,2.535e-5
260.92,4.331e+4,2.092e-12,2.217e-14,5.120e-23,3.417e+3,5.735e-13,1.236e-15,1.635e+3,3.825e+4,2.444e-5
260.97,4.674e+4,2.076e-12,2.233e-14,5.156e-23,4.261e+3,5.530e-13,1.237e-15,1.252e+3,4.122e+4,2.190e-5
261.02,5.238e+4,2.060e-12,2.248e-14,5.193e-23,5.104e+3,5.324e-13,1.238e-15,9.175e+2,4.636e+4,1.824e-5
261.07,5.927e+4,2.044e-12,2.264e-14,5.230e-23,5.764e+3,5.119e-13,1.239e-15,6.445e+2,5.286e+4,1.416e-5
261.12,6.587e+4,2.028e-12,2.279e-14,5.267e-23,6.084e+3,4.913e-13,1.240e-15,4.345e+2,5.935e+4,1.030e-5
261.17,7.058e+4,2.012e-12,2.295e-14,5.303e-23,5.982e+3,4.708e-13,1.241e-15,2.817e+2,6.431e+4,7.176e-6
261.21,7.215e+4,1.999e-12,2.307e-14,5.333e-23,5.603e+3,4.543e-13,1.242e-15,1.953e+2,6.635e+4,5.417e-6
261.26,7.092e+4,1.982e-12,2.323e-14,5.369e-23,4.836e+3,4.338e-13,1.243e-15,1.254e+2,6.596e+4,4.295e-6
261.31,6.632e+4,1.966e-12,2.338e-14,5.406e-23,3.881e+3,4.132e-13,1.244e-15,9.208e+1,6.235e+4,4.460e-6
261.36,5.922e+4,1.950e-12,2.354e-14,5.443e-23,2.897e+3,3.927e-13,1.245e-15,9.215e+1,5.623e+4,5.983e-6
261.41,5.085e+4,1.934e-12,2.369e-14,5.480e-23,2.014e+3,3.721e-13,1.246e-15,1.255e+2,4.871e+4,8.892e-6
261.46,4.251e+4,1.918e-12,2.385e-14,5.516e-23,1.312e+3,3.516e-13,1.247e-15,1.941e+2,4.101e+4,1.310e-5
261.51,3.523e+4,1.902e-12,2.400e-14,5.553e-23,8.160e+2,3.310e-13,1.248e-15,2.989e+2,3.412e+4,1.831e-5
261.56,2.962e+4,1.886e-12,2.416e-14,5.590e-23,5.128e+2,3.105e-13,1.249e-15,4.367e+2,2.867e+4,2.394e-5
261.61,2.579e+4,1.869e-12,2.315e-13,5.627e-23,3.711e+2,2.899e-13,1.250e-15,5.968e+2,2.482e+4,2.913e-5
261.65,2.383e+4,1.857e-12,1.340e-12,5.656e-23,3.505e+2,2.735e-13,1.251e-15,7.281e+2,2.275e+4,3.235e-5
261.70,2.230e+4,1.840e-12,1.128e-11,5.693e-23,4.138e+2,2.529e-13,1.252e-15,8.758e+2,2.101e+4,3.455e-5
261.75,2.126e+4,1.824e-12,8.827e-11,5.729e-23,5.494e+2,2.324e-13,1.253e-15,9.825e+2,1.973e+4,3.430e-5
261.80,2.022e+4,1.808e-12,6.429e-10,5.766e-23,7.282e+2,2.118e-13,1.254e-15,1.032e+3,1.846e+4,3.165e-5
261.85,1.895e+4,1.792e-12,4.356e-9,5.803e-23,9.176e+2,1.913e-13,1.255e-15,1.022e+3,1.701e+4,2.715e-5
261.90,1.744e+4,1.776e-12,2.746e-8,5.839e-23,1.082e+3,1.707e-13,1.256e-15,9.696e+2,1.539e+4,2.165e-5
261.95,1.588e+4,1.760e-12,1.610e-7,5.876e-23,1.189e+3,1.502e-13,1.257e-15,9.079e+2,1.378e+4,1.605e-5
262.00,1.447e+4,1.743e-12,8.786e-7,5.913e-23,1.215e+3,1.429e-12,1.258e-15,8.758e+2,1.238e+4,1.106e-5
262.04,1.359e+4,1.731e-12,3.241e-6,5.942e-23,1.173e+3,8.232e-12,1.259e-15,8.947e+2,1.153e+4,7.792e-6
262.09,1.290e+4,1.714e-12,1.553e-5,5.979e-23,1.051e+3,6.884e-11,1.260e-15,9.908e+2,1.086e+4,4.709e-6
262.14,1.271e+4,1.698e-12,6.923e-5,6.016e-23,8.764e+2,5.356e-10,1.261e-15,1.165e+3,1.067e+4,2.645e-6
262.19,1.308e+4,1.682e-12,2.871e-4,6.052e-23,6.792e+2,3.878e-9,1.262e-15,1.389e+3,1.101e+4,1.381e-6
262.24,1.408e+4,1.666e-12,1.108e-3,6.089e-23,4.894e+2,2.613e-8,1.263e-15,1.617e+3,1.197e+4,6.706e-7
262.29,1.576e+4,1.650e-12,3.976e-3,6.126e-23,3.278e+2,1.638e-7,1.264e-15,1.792e+3,1.364e+4,3.026e-7
262.34,1.814e+4,1.634e-12,1.328e-2,6.163e-23,2.043e+2,9.557e-7,1.265e-15,1.868e+3,1.607e+4,1.270e-7
262.39,2.112e+4,1.617e-12,4.124e-2,6.199e-23,1.185e+2,5.188e-6,1.266e-15,1.820e+3,1.918e+4,4.951e-8
262.43,2.377e+4,1.605e-12,9.697e-2,6.229e-23,7.314e+1,1.907e-5,1.267e-15,1.694e+3,2.201e+4,2.211e-8
262.48,2.715e+4,1.588e-12,2.645e-1,6.265e-23,3.867e+1,9.093e-5,1.268e-15,1.453e+3,2.565e+4,7.562e-9
262.53,3.028e+4,1.572e-12,6.714e-1,6.302e-23,2.220e+1,4.035e-4,1.269e-15,1.160e+3,2.909e+4,2.404e-9
262.58,3.294e+4,1.556e-12,1.585e+0,6.339e-23,1.928e+1,1.666e-3,1.270e-15,8.623e+2,3.206e+4,7.104e-10
262.63,3.515e+4,1.540e-12,3.483e+0,6.376e-23,2.938e+1,6.404e-3,1.271e-15,5.980e+2,3.452e+4,1.951e-10
262.68,3.716e+4,1.524e-12,7.118e+0,6.412e-23,5.644e+1,2.290e-2,1.272e-15,3.900e+2,3.670e+4,4.983e-11
262.73,3.938e+4,1.508e-12,1.353e+1,6.449e-23,1.089e+2,7.620e-2,1.273e-15,2.457e+2,3.901e+4,1.183e-11
262.78,4.228e+4,1.492e-12,2.394e+1,6.486e-23,1.988e+2,2.360e-1,1.274e-15,1.617e+2,4.190e+4,2.611e-12
262.83,4.621e+4,1.475e-12,3.940e+1,6.523e-23,3.399e+2,6.800e-1,1.275e-15,1.297e+2,4.570e+4,5.355e-13
262.87,5.011e+4,1.462e-12,5.572e+1,6.552e-23,4.969e+2,1.506e+0,1.276e-15,1.355e+2,4.942e+4,1.431e-13
262.92,5.564e+4,1.446e-12,8.053e+1,6.589e-23,7.512e+2,3.813e+0,1.277e-15,1.759e+2,5.463e+4,2.574e-14
262.97,6.117e+4,1.430e-12,1.083e+2,6.625e-23,1.061e+3,8.985e+0,1.278e-15,2.467e+2,5.974e+4,4.304e-15
263.02,6.561e+4,1.414e-12,1.354e+2,6.662e-23,1.399e+3,1.971e+1,1.279e-15,3.406e+2,6.371e+4,6.691e-16
263.07,6.778e+4,1.398e-12,1.576e+2,6.699e-23,1.724e+3,4.026e+1,1.280e-15,4.494e+2,6.541e+4,9.668e-17
263.12,6.682e+4,1.382e-12,1.707e+2,6.735e-23,1.984e+3,7.659e+1,1.281e-15,5.645e+2,6.403e+4,1.299e-17
263.17,6.244e+4,1.366e-12,1.719e+2,6.772e-23,2.134e+3,1.358e+2,1.282e-15,6.795e+2,5.932e+4,1.622e-18
263.22,5.508e+4,1.349e-12,1.612e+2,6.809e-23,2.144e+3,2.244e+2,1.283e-15,7.926e+2,5.176e+4,1.883e-19
263.26,4.775e+4,1.336e-12,1.454e+2,6.838e-23,2.050e+3,3.193e+2,1.284e-15,8.840e+2,4.435e+4,3.190e-20
263.31,3.790e+4,1.320e-12,1.199e+2,6.875e-23,1.822e+3,4.670e+2,1.285e-15,1.004e+3,3.449e+4,3.157e-20
263.36,2.848e+4,1.304e-12,9.240e+1,6.912e-23,1.514e+3,6.404e+2,1.286e-15,1.135e+3,2.510e+4,3.124e-20
263.41,2.045e+4,1.288e-12,6.684e+1,6.948e-23,1.178e+3,8.264e+2,1.287e-15,1.271e+3,1.711e+4,3.091e-20
263.46,1.426e+4,1.272e-12,4.604e+1,6.985e-23,8.613e+2,1.009e+3,1.288e-15,1.396e+3,1.095e+4,3.059e-20
263.51,9.934e+3,1.256e-12,3.111e+1,7.022e-23,6.026e+2,1.175e+3,1.289e-15,1.484e+3,6.641e+3,3.026e-20
263.56,7.171e+3,1.240e-12,2.184e+1,7.059e-23,4.262e+2,1.316e+3,1.290e-15,1.509e+3,3.897e+3,2.993e-20
263.61,5.567e+3,1.223e-12,1.712e+1,7.095e-23,3.484e+2,1.434e+3,1.291e-15,1.455e+3,2.313e+3,2.960e-20
263.65,4.863e+3,1.210e-12,1.562e+1,7.125e-23,3.668e+2,1.515e+3,1.292e-15,1.353e+3,1.612e+3,2.934e-20
263.70,4.463e+3,1.135e-11,1.538e+1,7.161e-23,5.062e+2,1.606e+3,1.293e-15,1.167e+3,1.168e+3,2.901e-20
263.75,4.429e+3,9.920e-11,1.578e+1,7.198e-23,7.954e+2,1.691e+3,1.294e-15,9.422e+2,9.845e+2,2.868e-20
263.80,4.667e+3,8.073e-10,1.596e+1,7.235e-23,1.254e+3,1.771e+3,1.295e-15,7.130e+2,9.127e+2,2.836e-20
263.85,5.134e+3,6.118e-9,1.541e+1,7.272e-23,1.890e+3,1.847e+3,1.296e-15,5.100e+2,8.712e+2,2.803e-20
263.90,5.797e+3,4.319e-8,1.403e+1,7.308e-23,2.682e+3,1.923e+3,1.297e-15,3.544e+2,8.238e+2,2.770e-20
263.95,6.616e+3,2.840e-7,1.197e+1,7.345e-23,3.582e+3,2.004e+3,1.298e-15,2.577e+2,7.605e+2,2.737e-20
264.00,7.529e+3,1.739e-6,9.551e+0,7.382e-23,4.517e+3,2.096e+3,1.299e-15,2.235e+2,6.837e+2,2.704e-20
264.05,8.469e+3,9.919e-6,7.120e+0,7.419e-23,5.412e+3,2.199e+3,1.300e-15,2.504e+2,6.003e+2,2.672e-20
264.09,9.206e+3,3.795e-5,5.360e+0,7.448e-23,6.068e+3,2.286e+3,1.301e-15,3.130e+2,5.332e+2,2.645e-20
264.14,1.009e+4,1.905e-4,3.533e+0,7.485e-23,6.807e+3,2.389e+3,1.302e-15,4.359e+2,4.531e+2,2.612e-20
264.19,1.095e+4,8.903e-4,2.175e+0,7.521e-23,7.493e+3,2.483e+3,1.303e-15,5.951e+2,3.796e+2,2.580e-20
264.24,1.185e+4,3.876e-3,1.250e+0,7.558e-23,8.192e+3,2.571e+3,1.304e-15,7.694e+2,3.143e+2,2.547e-20
264.29,1.283e+4,1.572e-2,6.709e-1,7.595e-23,8.966e+3,2.673e+3,1.305e-15,9.310e+2,2.577e+2,2.514e-20
264.34,1.391e+4,5.938e-2,3.361e-1,7.632e-23,9.838e+3,2.812e+3,1.306e-15,1.051e+3,2.102e+2,2.481e-20
264.39,1.505e+4,2.089e-1,1.572e-1,7.668e-23,1.077e+4,2.998e+3,1.307e-15,1.104e+3,1.718e+2,2.448e-20
264.44,1.612e+4,6.844e-1,6.859e-2,7.705e-23,1.168e+4,3.215e+3,1.308e-15,1.081e+3,1.426e+2,2.416e-20
264.48,1.682e+4,1.681e+0,3.362e-2,7.734e-23,1.230e+4,3.379e+3,1.309e-15,1.009e+3,1.256e+2,2.389e-20
264.53,1.731e+4,4.845e+0,1.295e-2,7.771e-23,1.281e+4,3.515e+3,1.310e-15,8.683e+2,1.123e+2,2.357e-20
264.58,1.723e+4,1.301e+1,4.657e-3,7.808e-23,1.290e+4,3.516e+3,1.311e-15,6.956e+2,1.083e+2,2.324e-20
264.63,1.649e+4,3.254e+1,1.562e-3,7.844e-23,1.248e+4,3.342e+3,1.312e-15,5.188e+2,1.143e+2,2.291e-20
264.68,1.510e+4,7.582e+1,4.886e-4,7.881e-23,1.153e+4,2.993e+3,1.313e-15,3.603e+2,1.315e+2,2.258e-20
264.73,1.320e+4,1.645e+2,1.426e-4,7.918e-23,1.013e+4,2.515e+3,1.314e-15,2.329e+2,1.604e+2,2.225e-20
264.78,1.107e+4,3.325e+2,3.879e-5,7.955e-23,8.420e+3,1.975e+3,1.315e-15,1.402e+2,2.000e+2,2.193e-20
264.83,8.998e+3,6.258e+2,9.840e-6,7.991e-23,6.599e+3,1.448e+3,1.316e-15,7.863e+1,2.470e+2,2.160e-20
264.88,7.286e+3,1.097e+3,2.327e-6,8.028e-23,4.862e+3,9.899e+2,1.317e-15,4.126e+1,2.958e+2,2.127e-20
264.92,6.318e+3,1.633e+3,6.983e-7,8.057e-23,3.636e+3,6.940e+2,1.318e-15,2.380e+1,3.311e+2,2.101e-20
264.97,5.697e+3,2.520e+3,1.456e-7,8.094e-23,2.383e+3,4.176e+2,1.319e-15,1.236e+1,3.645e+2,2.068e-20
265.02,5.705e+3,3.620e+3,2.828e-8,8.131e-23,1.461e+3,2.341e+2,1.320e-15,8.725e+0,3.808e+2,2.035e-20
265.07,6.193e+3,4.845e+3,5.120e-9,8.168e-23,8.366e+2,1.222e+2,1.321e-15,1.115e+1,3.775e+2,2.002e-20
265.12,6.923e+3,6.039e+3,8.640e-10,8.204e-23,4.479e+2,5.939e+1,1.322e-15,2.008e+1,3.559e+2,1.970e-20
265.17,7.623e+3,7.012e+3,1.358e-10,8.241e-23,2.254e+2,2.687e+1,1.323e-15,3.776e+1,3.210e+2,1.937e-20
265.22,8.050e+3,7.582e+3,1.990e-11,8.278e-23,1.093e+2,1.132e+1,1.324e-15,6.765e+1,2.796e+2,1.904e-20
265.27,8.052e+3,7.639e+3,2.716e-12,8.315e-23,5.638e+1,4.443e+0,1.325e-15,1.134e+2,2.385e+2,1.871e-20
265.31,7.719e+3,7.304e+3,5.247e-13,8.344e-23,4.071e+1,1.996e+0,1.326e-15,1.630e+2,2.094e+2,1.845e-20
265.36,6.951e+3,6.488e+3,6.182e-14,8.381e-23,4.100e+1,6.887e-1,1.327e-15,2.406e+2,1.806e+2,1.812e-20
265.41,5.941e+3,5.393e+3,5.581e-15,8.417e-23,5.556e+1,2.212e-1,1.328e-15,3.310e+2,1.615e+2,1.779e-20
265.46,4.891e+3,4.235e+3,5.926e-15,8.454e-23,7.988e+1,6.617e-2,1.329e-15,4.242e+2,1.520e+2,1.747e-20
265.51,3.996e+3,3.227e+3,6.270e-15,8.491e-23,1.107e+2,1.843e-2,1.330e-15,5.065e+2,1.513e+2,1.714e-20
265.56,3.416e+3,2.550e+3,6.615e-15,8.528e-23,1.444e+2,4.777e-3,1.331e-15,5.633e+2,1.584e+2,1.681e-20
265.61,3.272e+3,2.340e+3,6.959e-15,8.564e-23,1.769e+2,1.153e-3,1.332e-15,5.836e+2,1.715e+2,1.648e-20
265.66,3.650e+3,2.695e+3,7.304e-15,8.601e-23,2.041e+2,2.592e-4,1.333e-15,5.633e+2,1.882e+2,1.615e-20
265.70,4.365e+3,3.422e+3,7.579e-15,8.630e-23,2.206e+2,7.459e-5,1.334e-15,5.203e+2,2.021e+2,1.589e-20
265.75,5.781e+3,4.886e+3,7.924e-15,8.667e-23,2.352e+2,1.474e-5,1.335e-15,4.420e+2,2.174e+2,1.556e-20
265.80,7.715e+3,6.890e+3,8.268e-15,8.704e-23,2.471e+2,2.713e-6,1.336e-15,3.499e+2,2.285e+2,1.524e-20
265.85,9.998e+3,9.240e+3,8.613e-15,8.740e-23,2.631e+2,4.648e-7,1.337e-15,2.580e+2,2.366e+2,1.491e-20
265.90,1.234e+4,1.163e+4,8.957e-15,8.777e-23,2.905e+2,7.415e-8,1.338e-15,1.774e+2,2.483e+2,1.458e-20
265.95,1.439e+4,1.366e+4,9.302e-15,8.814e-23,3.343e+2,1.101e-8,1.339e-15,1.140e+2,2.778e+2,1.425e-20
266.00,1.578e+4,1.497e+4,9.646e-15,8.851e-23,3.937e+2,1.523e-9,1.340e-15,6.930e+1,3.476e+2,1.392e-20
266.05,1.628e+4,1.529e+4,9.991e-15,8.887e-23,4.614e+2,1.961e-10,1.341e-15,4.187e+1,4.881e+2,1.360e-20
266.10,1.584e+4,1.455e+4,1.034e-14,8.924e-23,5.246e+2,2.351e-11,1.342e-15,2.965e+1,7.344e+2,1.327e-20
266.14,1.492e+4,1.329e+4,1.061e-14,8.953e-23,5.621e+2,4.092e-12,1.343e-15,3.021e+1,1.030e+3,1.300e-20
266.19,1.331e+4,1.114e+4,1.096e-14,8.990e-23,5.819e+2,4.313e-13,1.344e-15,4.511e+1,1.542e+3,1.268e-20
266.24,1.156e+4,8.701e+3,1.130e-14,9.027e-23,5.658e+2,4.280e-13,1.345e-15,7.991e+1,2.215e+3,1.235e-20
266.29,1.001e+4,6.332e+3,1.164e-14,9.064e-23,5.152e+2,4.247e-13,1.346e-15,1.415e+2,3.021e+3,1.202e-20
266.34,8.867e+3,4.293e+3,1.199e-14,9.100e-23,4.396e+2,4.213e-13,1.347e-15,2.375e+2,3.897e+3,1.169e-20
266.39,8.191e+3,2.712e+3,1.233e-14,9.137e-23,3.536e+2,4.180e-13,1.348e-15,3.735e+2,4.752e+3,1.136e-20
266.44,7.901e+3,1.597e+3,1.268e-14,9.174e-23,2.730e+2,4.147e-13,1.349e-15,5.491e+2,5.482e+3,1.104e-20
266.49,7.832e+3,8.759e+2,1.302e-14,9.211e-23,2.120e+2,4.113e-13,1.350e-15,7.547e+2,5.990e+3,1.071e-20
266.53,7.816e+3,5.149e+2,1.330e-14,9.240e-23,1.846e+2,4.087e-13,1.351e-15,9.279e+2,6.189e+3,1.045e-20
266.58,7.716e+3,2.487e+2,1.364e-14,9.277e-23,1.828e+2,4.053e-13,1.352e-15,1.133e+3,6.152e+3,1.012e-20
266.63,7.441e+3,1.120e+2,1.399e-14,9.313e-23,2.201e+2,4.020e-13,1.353e-15,1.299e+3,5.810e+3,9.790e-21
266.68,6.959e+3,4.695e+1,1.433e-14,9.350e-23,2.951e+2,3.987e-13,1.354e-15,1.401e+3,5.216e+3,9.462e-21
266.73,6.299e+3,1.835e+1,1.468e-14,9.387e-23,4.012e+2,3.953e-13,1.355e-15,1.428e+3,4.451e+3,9.134e-21
266.78,5.523e+3,6.682e+0,1.502e-14,9.424e-23,5.253e+2,3.920e-13,1.356e-15,1.381e+3,3.611e+3,8.806e-21
266.83,4.709e+3,2.267e+0,1.536e-14,9.460e-23,6.489e+2,3.887e-13,1.357e-15,1.272e+3,2.786e+3,8.478e-21
266.88,3.921e+3,7.168e-1,1.571e-14,9.497e-23,7.503e+2,3.854e-13,1.358e-15,1.122e+3,2.048e+3,8.150e-21
266.92,3.339e+3,2.712e-1,1.598e-14,9.526e-23,8.020e+2,3.827e-13,1.359e-15,9.861e+2,1.551e+3,7.888e-21
266.97,2.692e+3,7.549e-2,1.633e-14,9.563e-23,8.188e+2,3.794e-13,1.360e-15,8.120e+2,1.061e+3,7.560e-21
267.02,2.135e+3,1.958e-2,1.667e-14,9.600e-23,7.795e+2,3.760e-13,1.361e-15,6.452e+2,7.105e+2,7.232e-21
267.07,1.663e+3,4.734e-3,1.702e-14,9.636e-23,6.918e+2,3.727e-13,1.362e-15,4.939e+2,4.773e+2,6.904e-21
267.12,1.267e+3,1.066e-3,1.736e-14,9.673e-23,5.725e+2,3.694e-13,1.363e-15,3.634e+2,3.313e+2,6.576e-21
267.17,9.408e+2,2.238e-4,1.771e-14,9.710e-23,4.417e+2,3.660e-13,1.364e-15,2.563e+2,2.428e+2,6.248e-21
267.22,6.798e+2,4.376e-5,1.805e-14,9.747e-23,3.179e+2,3.627e-13,1.365e-15,1.737e+2,1.883e+2,5.920e-21
267.27,4.810e+2,7.974e-6,1.840e-14,9.783e-23,2.138e+2,3.594e-13,1.366e-15,1.157e+2,1.515e+2,5.592e-21
267.32,3.412e+2,1.354e-6,1.874e-14,9.820e-23,1.355e+2,3.560e-13,1.367e-15,8.222e+1,1.235e+2,5.264e-21
267.36,2.707e+2,3.115e-7,1.902e-14,9.849e-23,9.196e+1,3.534e-13,1.368e-15,7.405e+1,1.047e+2,5.001e-21
267.41,2.348e+2,4.657e-8,1.936e-14,9.886e-23,5.972e+1,3.500e-13,1.369e-15,9.043e+1,8.470e+1,4.673e-21
267.46,2.627e+2,6.488e-9,1.971e-14,9.923e-23,5.030e+1,3.467e-13,1.370e-15,1.435e+2,6.889e+1,4.345e-21
267.51,3.655e+2,8.423e-10,2.005e-14,9.960e-23,6.376e+1,3.434e-13,1.371e-15,2.442e+2,5.756e+1,4.017e-21
267.56,5.585e+2,1.019e-10,2.039e-14,9.996e-23,1.032e+2,3.400e-13,1.372e-15,4.046e+2,5.067e+1,3.689e-21
267.61,8.547e+2,1.148e-11,2.074e-14,1.003e-22,1.744e+2,3.367e-13,1.373e-15,6.325e+2,4.779e+1,3.361e-21
267.66,1.257e+3,1.149e-11,2.108e-14,1.007e-22,2.832e+2,3.334e-13,1.374e-15,9.250e+2,4.845e+1,3.033e-21
267.71,1.747e+3,1.150e-11,2.143e-14,1.011e-22,4.320e+2,3.300e-13,1.375e-15,1.263e+3,5.251e+1,2.705e-21
267.75,2.176e+3,1.150e-11,2.170e-14,1.014e-22,5.768e+2,3.274e-13,1.376e-15,1.541e+3,5.849e+1,2.443e-21
267.80,2.705e+3,1.151e-11,2.205e-14,1.017e-22,7.780e+2,3.240e-13,1.377e-15,1.856e+3,7.036e+1,2.115e-21
267.85,3.154e+3,1.151e-11,2.239e-14,1.021e-22,9.789e+2,3.207e-13,1.378e-15,2.086e+3,8.899e+1,1.787e-21
267.90,3.453e+3,1.152e-11,2.274e-14,1.025e-22,1.149e+3,3.174e-13,1.379e-15,2.186e+3,1.175e+2,1.459e-21
267.95,3.556e+3,1.152e-11,2.308e-14,1.028e-22,1.258e+3,3.141e-13,1.380e-15,2.137e+3,1.609e+2,1.301e-20
268.00,3.459e+3,1.153e-11,2.343e-14,1.032e-22,1.284e+3,3.107e-13,1.381e-15,1.949e+3,2.263e+2,1.083e-19
268.05,3.204e+3,1.153e-11,2.377e-14,1.036e-22,1.223e+3,3.074e-13,1.382e-15,1.657e+3,3.235e+2,8.419e-19
268.10,2.865e+3,1.154e-11,2.411e-14,1.039e-22,1.087e+3,3.041e-13,1.383e-15,1.315e+3,4.641e+2,6.109e-18
268.15,2.531e+3,1.155e-11,2.446e-14,1.043e-22,9.004e+2,3.007e-13,1.384e-15,9.730e+2,6.581e+2,4.139e-17
268.19,2.319e+3,1.155e-11,2.473e-14,1.046e-22,7.368e+2,2.981e-13,1.385e-15,7.277e+2,8.547e+2,1.820e-16
268.24,2.162e+3,1.156e-11,2.508e-14,1.050e-22,5.386e+2,2.947e-13,1.386e-15,4.766e+2,1.146e+3,1.090e-15
268.29,2.130e+3,1.156e-11,2.542e-14,1.053e-22,3.673e+2,2.914e-13,1.387e-15,2.942e+2,1.468e+3,6.092e-15
268.34,2.194e+3,1.157e-11,2.577e-14,1.057e-22,2.336e+2,2.881e-13,1.388e-15,1.765e+2,1.784e+3,3.179e-14
268.39,2.296e+3,1.157e-11,2.611e-14,1.061e-22,1.386e+2,2.847e-13,1.389e-15,1.137e+2,2.044e+3,1.549e-13
268.44,2.376e+3,1.158e-11,2.646e-14,1.064e-22,7.669e+1,2.814e-13,1.390e-15,9.675e+1,2.203e+3,7.048e-13
268.49,2.388e+3,1.159e-11,2.680e-14,1.068e-22,3.958e+1,2.781e-13,1.391e-15,1.208e+2,2.228e+3,2.994e-12
268.54,2.316e+3,1.159e-11,2.715e-14,1.072e-22,1.906e+1,2.747e-13,1.392e-15,1.853e+2,2.112e+3,1.187e-11
268.58,2.209e+3,1.160e-11,2.742e-14,1.075e-22,1.010e+1,2.721e-13,1.393e-15,2.674e+2,1.931e+3,3.403e-11
268.63,2.044e+3,1.160e-11,2.777e-14,1.078e-22,4.289e+0,2.687e-13,1.394e-15,4.086e+2,1.631e+3,1.193e-10
268.68,1.889e+3,1.161e-11,2.811e-14,1.082e-22,1.699e+0,2.654e-13,1.395e-15,5.877e+2,1.299e+3,3.905e-10
268.73,1.782e+3,1.161e-11,2.846e-14,1.086e-22,6.279e-1,2.621e-13,1.396e-15,7.906e+2,9.904e+2,1.194e-9
268.78,1.743e+3,1.162e-11,2.880e-14,1.089e-22,2.164e-1,2.587e-13,1.397e-15,9.930e+2,7.497e+2,3.407e-9
268.83,1.773e+3,1.163e-11,2.914e-14,1.093e-22,6.958e-2,2.554e-13,1.398e-15,1.164e+3,6.089e+2,9.084e-9
268.88,1.860e+3,1.163e-11,2.949e-14,1.097e-22,2.086e-2,2.521e-13,1.399e-15,1.274e+3,5.859e+2,2.262e-8
268.93,1.986e+3,1.164e-11,2.983e-14,1.100e-22,5.836e-3,2.487e-13,1.400e-15,1.300e+3,6.862e+2,5.263e-8
268.97,2.109e+3,1.164e-11,3.011e-14,1.103e-22,2.003e-3,2.461e-13,1.401e-15,1.258e+3,8.507e+2,9.848e-8
269.02,2.279e+3,1.165e-11,3.045e-14,1.107e-22,4.943e-4,2.427e-13,1.402e-15,1.134e+3,1.145e+3,2.028e-7
269.07,2.457e+3,1.165e-11,3.080e-14,1.111e-22,1.138e-4,2.394e-13,1.403e-15,9.539e+2,1.503e+3,3.902e-7
269.12,2.621e+3,1.166e-11,3.114e-14,1.114e-22,2.442e-5,2.361e-13,1.404e-15,7.489e+2,1.873e+3,7.021e-7
269.17,2.742e+3,1.167e-11,3.149e-14,1.118e-22,4.891e-6,2.328e-13,1.405e-15,5.487e+2,2.193e+3,1.182e-6
269.22,2.780e+3,1.167e-11,3.183e-14,1.122e-22,9.135e-7,2.294e-13,1.406e-15,3.751e+2,2.405e+3,1.862e-6
269.27,2.709e+3,1.168e-11,3.218e-14,1.125e-22,1.592e-7,2.261e-13,1.407e-15,2.393e+2,2.470e+3,2.748e-6
269.32,2.519e+3,1.168e-11,3.252e-14,1.129e-22,2.586e-8,2.228e-13,1.408e-15,1.425e+2,2.377e+3,3.802e-6
269.37,2.228e+3,1.169e-11,3.286e-14,1.133e-22,3.920e-9,2.194e-13,1.409e-15,7.919e+1,2.149e+3,4.938e-6
269.41,1.949e+3,1.169e-11,3.314e-14,1.136e-22,8.242e-10,2.168e-13,1.410e-15,4.711e+1,1.902e+3,5.822e-6
269.46,1.585e+3,1.170e-11,3.348e-14,1.139e-22,1.102e-10,2.134e-13,1.411e-15,2.320e+1,1.562e+3,6.778e-6
269.51,1.248e+3,1.171e-11,3.383e-14,1.143e-22,1.375e-11,2.101e-13,1.412e-15,1.086e+1,1.237e+3,7.451e-6
269.56,9.704e+2,1.171e-11,3.417e-14,1.147e-22,1.599e-12,2.068e-13,1.413e-15,5.213e+0,9.652e+2,7.761e-6
269.61,7.654e+2,1.172e-11,3.452e-14,1.150e-22,1.605e-12,2.034e-13,1.414e-15,3.396e+0,7.620e+2,7.691e-6
269.66,6.277e+2,1.172e-11,3.486e-14,1.154e-22,1.610e-12,2.001e-13,1.415e-15,4.085e+0,6.236e+2,7.294e-6
269.71,5.411e+2,1.173e-11,3.521e-14,1.158e-22,1.616e-12,1.968e-13,1.416e-15,7.062e+0,5.340e+2,6.666e-6
269.76,4.877e+2,1.173e-11,3.555e-14,1.161e-22,1.621e-12,1.934e-13,1.417e-15,1.284e+1,4.748e+2,5.921e-6
269.80,4.601e+2,1.174e-11,3.583e-14,1.164e-22,1.626e-12,1.908e-13,1.418e-15,2.011e+1,4.400e+2,5.311e-6
269.85,4.411e+2,1.174e-11,3.617e-14,1.168e-22,1.631e-12,1.874e-13,1.419e-15,3.335e+1,4.078e+2,4.595e-6
269.90,4.446e+2,1.175e-11,3.652e-14,1.171e-22,1.637e-12,1.841e-13,1.420e-15,5.200e+1,3.926e+2,3.972e-6
269.95,4.842e+2,1.176e-11,3.686e-14,1.175e-22,1.642e-12,1.808e-13,1.421e-15,7.649e+1,4.077e+2,3.451e-6
270.00,5.782e+2,1.176e-11,3.721e-14,1.179e-22,1.647e-12,1.774e-13,1.422e-15,1.069e+2,4.713e+2,3.022e-6
270.05,7.453e+2,1.177e-11,3.755e-14,1.183e-22,1.653e-12,1.741e-13,1.423e-15,1.436e+2,6.017e+2,2.664e-6
270.10,9.992e+2,1.177e-11,3.789e-14,1.186e-22,1.658e-12,1.708e-13,1.424e-15,1.886e+2,8.105e+2,2.357e-6
270.15,1.344e+3,1.178e-11,3.824e-14,1.190e-22,1.664e-12,1.501e-12,1.425e-15,2.472e+2,1.096e+3,2.090e-6
270.20,1.769e+3,1.179e-11,3.858e-14,1.194e-22,1.669e-12,1.233e-11,1.426e-15,3.293e+2,1.439e+3,1.864e-6
270.24,2.151e+3,1.179e-11,3.886e-14,1.196e-22,1.674e-12,6.333e-11,1.427e-15,4.215e+2,1.729e+3,1.715e-6
270.29,2.652e+3,1.180e-11,3.920e-14,1.200e-22,1.679e-12,4.606e-10,1.428e-15,5.835e+2,2.068e+3,1.572e-6
270.34,3.143e+3,1.180e-11,3.955e-14,1.204e-22,1.685e-12,3.130e-9,1.429e-15,8.108e+2,2.332e+3,1.476e-6
270.39,3.586e+3,1.181e-11,3.989e-14,1.207e-22,1.690e-12,1.988e-8,1.430e-15,1.109e+3,2.477e+3,1.414e-6
270.44,3.956e+3,1.181e-11,4.024e-14,1.211e-22,1.695e-12,1.180e-7,1.431e-15,1.471e+3,2.485e+3,1.370e-6
270.49,4.238e+3,1.182e-11,4.058e-14,1.215e-22,1.701e-12,6.545e-7,1.432e-15,1.871e+3,2.367e+3,1.322e-6
270.54,4.429e+3,1.183e-11,4.093e-14,1.218e-22,1.706e-12,3.393e-6,1.433e-15,2.269e+3,2.160e+3,1.257e-6
270.59,4.536e+3,1.183e-11,4.127e-14,1.222e-22,1.712e-12,1.644e-5,1.434e-15,2.619e+3,1.916e+3,1.173e-6
270.63,4.565e+3,1.184e-11,4.155e-14,1.225e-22,1.716e-12,5.531e-5,1.434e-15,2.835e+3,1.730e+3,1.096e-6
270.68,4.541e+3,1.184e-11,4.189e-14,1.229e-22,1.722e-12,2.372e-4,1.435e-15,2.998e+3,1.543e+3,9.975e-7
270.73,4.462e+3,1.185e-11,4.223e-14,1.232e-22,1.727e-12,9.506e-4,1.437e-15,3.031e+3,1.431e+3,9.104e-7
270.78,4.349e+3,1.185e-11,4.258e-14,1.236e-22,1.733e-12,3.560e-3,1.438e-15,2.940e+3,1.409e+3,8.428e-7
270.83,4.230e+3,1.186e-11,4.292e-14,1.240e-22,1.738e-12,1.246e-2,1.439e-15,2.747e+3,1.482e+3,7.942e-7
270.88,4.145e+3,1.186e-11,4.327e-14,1.243e-22,1.743e-12,4.076e-2,1.440e-15,2.487e+3,1.658e+3,7.563e-7
270.93,4.142e+3,1.187e-11,4.361e-14,1.247e-22,1.749e-12,1.246e-1,1.441e-15,2.195e+3,1.947e+3,7.165e-7
270.98,4.272e+3,1.188e-11,4.396e-14,1.251e-22,1.754e-12,3.559e-1,1.442e-15,1.903e+3,2.369e+3,6.637e-7
271.02,4.501e+3,1.188e-11,4.423e-14,1.254e-22,1.759e-12,7.848e-1,1.442e-15,1.683e+3,2.817e+3,6.080e-7
271.07,4.971e+3,1.189e-11,4.458e-14,1.257e-22,1.764e-12,1.985e+0,1.443e-15,1.436e+3,3.533e+3,5.224e-7
271.12,5.658e+3,1.189e-11,4.492e-14,1.261e-22,1.770e-12,4.690e+0,1.444e-15,1.224e+3,4.429e+3,4.253e-7
271.17,6.546e+3,1.190e-11,4.527e-14,1.265e-22,1.775e-12,1.036e+1,1.445e-15,1.048e+3,5.488e+3,3.265e-7
271.22,7.592e+3,1.190e-11,4.561e-14,1.268e-22,1.781e-12,2.138e+1,1.447e-15,9.131e+2,6.657e+3,2.356e-7
271.27,8.723e+3,1.191e-11,4.596e-14,1.272e-22,1.786e-12,4.123e+1,1.448e-15,8.431e+2,7.839e+3,1.596e-7
271.32,9.861e+3,1.192e-11,4.630e-14,1.276e-22,1.791e-12,7.431e+1,1.449e-15,8.901e+2,8.897e+3,1.014e-7
271.37,1.095e+4,1.192e-11,4.664e-14,1.279e-22,1.797e-12,1.252e+2,1.450e-15,1.148e+3,9.678e+3,6.034e-8
271.42,1.201e+4,1.193e-11,4.699e-14,1.283e-22,1.802e-12,1.970e+2,1.451e-15,1.764e+3,1.005e+4,3.365e-8
271.46,1.291e+4,1.193e-11,4.726e-14,1.286e-22,1.807e-12,2.698e+2,1.451e-15,2.643e+3,9.996e+3,2.011e-8
271.51,1.428e+4,1.194e-11,4.761e-14,1.290e-22,1.812e-12,3.759e+2,1.452e-15,4.417e+3,9.486e+3,9.967e-9
271.56,1.619e+4,1.194e-11,4.795e-14,1.293e-22,1.818e-12,4.895e+2,1.453e-15,7.144e+3,8.555e+3,4.625e-9
271.61,1.891e+4,1.195e-11,4.830e-14,1.297e-22,1.823e-12,5.958e+2,1.454e-15,1.097e+4,7.340e+3,2.009e-9
271.66,2.257e+4,1.196e-11,4.864e-14,1.301e-22,1.829e-12,6.776e+2,1.456e-15,1.588e+4,6.009e+3,8.171e-10
271.71,2.708e+4,1.196e-11,4.899e-14,1.304e-22,1.834e-12,7.202e+2,1.457e-15,2.164e+4,4.717e+3,3.111e-10
271.76,3.204e+4,1.197e-11,4.933e-14,1.308e-22,1.551e-11,7.153e+2,1.458e-15,2.774e+4,3.578e+3,1.109e-10
271.81,3.683e+4,1.197e-11,4.968e-14,1.312e-22,1.227e-10,6.640e+2,1.459e-15,3.351e+4,2.653e+3,3.699e-11
271.85,4.005e+4,1.198e-11,4.995e-14,1.315e-22,6.115e-10,5.958e+2,1.459e-15,3.737e+4,2.076e+3,1.466e-11
271.90,4.275e+4,1.198e-11,5.030e-14,1.318e-22,4.288e-9,4.895e+2,1.460e-15,4.072e+4,1.543e+3,4.340e-12
271.95,4.359e+4,1.199e-11,5.064e-14,1.322e-22,2.812e-8,3.759e+2,1.461e-15,4.203e+4,1.185e+3,1.203e-12
272.00,4.245e+4,1.200e-11,5.098e-14,1.326e-22,1.725e-7,2.698e+2,1.462e-15,4.122e+4,9.662e+2,3.119e-13
272.05,3.957e+4,1.200e-11,5.133e-14,1.329e-22,9.896e-7,1.809e+2,1.463e-15,3.853e+4,8.577e+2,7.566e-14
272.10,3.544e+4,1.201e-11,5.167e-14,1.333e-22,5.310e-6,1.134e+2,1.464e-15,3.449e+4,8.423e+2,1.718e-14
272.15,3.067e+4,1.201e-11,5.202e-14,1.337e-22,2.665e-5,6.641e+1,1.466e-15,2.969e+4,9.164e+2,3.647e-15
272.20,2.586e+4,1.202e-11,5.236e-14,1.340e-22,1.251e-4,3.635e+1,1.467e-15,2.474e+4,1.089e+3,7.245e-16
272.24,2.230e+4,1.202e-11,5.264e-14,1.343e-22,4.106e-4,2.138e+1,1.467e-15,2.097e+4,1.312e+3,1.895e-16
272.29,1.847e+4,1.203e-11,5.298e-14,1.347e-22,1.709e-3,1.036e+1,1.468e-15,1.674e+4,1.720e+3,3.338e-17
272.34,1.548e+4,1.204e-11,5.333e-14,1.351e-22,6.650e-3,4.690e+0,1.469e-15,1.317e+4,2.307e+3,5.497e-18
272.39,1.336e+4,1.204e-11,5.367e-14,1.354e-22,2.421e-2,1.985e+0,1.470e-15,1.026e+4,3.104e+3,8.468e-19
272.44,1.207e+4,1.205e-11,5.402e-14,1.358e-22,8.244e-2,7.848e-1,1.471e-15,7.933e+3,4.131e+3,1.220e-19
272.49,1.147e+4,1.205e-11,5.436e-14,1.362e-22,2.626e-1,2.900e-1,1.472e-15,6.097e+3,5.370e+3,1.642e-20
272.54,1.142e+4,1.206e-11,5.471e-14,1.365e-22,7.824e-1,1.002e-1,1.473e-15,4.661e+3,6.755e+3,2.068e-21
272.59,1.172e+4,1.206e-11,5.505e-14,1.369e-22,2.181e+0,3.233e-2,1.475e-15,3.554e+3,8.163e+3,2.231e-22
272.64,1.216e+4,1.207e-11,5.539e-14,1.373e-22,5.688e+0,9.751e-3,1.476e-15,2.724e+3,9.426e+3,2.221e-22
272.68,1.245e+4,1.207e-11,5.567e-14,1.376e-22,1.167e+1,3.560e-3,1.476e-15,2.230e+3,1.021e+4,2.214e-22
272.73,1.261e+4,1.208e-11,5.601e-14,1.379e-22,2.702e+1,9.506e-4,1.477e-15,1.790e+3,1.079e+4,2.204e-22
272.78,1.242e+4,1.209e-11,5.636e-14,1.383e-22,5.851e+1,2.372e-4,1.478e-15,1.515e+3,1.085e+4,2.194e-22
272.83,1.190e+4,1.209e-11,5.670e-14,1.387e-22,1.186e+2,5.531e-5,1.479e-15,1.381e+3,1.040e+4,2.185e-22
272.88,1.115e+4,1.210e-11,5.705e-14,1.390e-22,2.253e+2,1.205e-5,1.480e-15,1.385e+3,9.538e+3,2.175e-22
272.93,1.037e+4,1.210e-11,5.739e-14,1.394e-22,4.006e+2,2.455e-6,1.481e-15,1.547e+3,8.424e+3,2.166e-22
272.98,9.790e+3,1.211e-11,5.774e-14,1.398e-22,6.678e+2,4.672e-7,1.482e-15,1.911e+3,7.212e+3,2.156e-22
273.03,9.598e+3,1.212e-11,5.808e-14,1.401e-22,1.044e+3,8.309e-8,1.483e-15,2.528e+3,6.026e+3,2.147e-22
273.07,9.811e+3,1.212e-11,5.836e-14,1.404e-22,1.425e+3,1.989e-8,1.484e-15,3.234e+3,5.151e+3,2.139e-22
273.12,1.056e+4,1.213e-11,5.870e-14,1.408e-22,1.988e+3,3.228e-9,1.485e-15,4.389e+3,4.186e+3,2.130e-22
273.17,1.180e+4,1.213e-11,5.905e-14,1.412e-22,2.607e+3,1.178e-9,1.486e-15,5.810e+3,3.387e+3,2.120e-22
273.22,1.340e+4,1.214e-11,5.939e-14,1.415e-22,3.217e+3,5.000e-9,1.487e-15,7.398e+3,2.781e+3,2.111e-22
273.27,1.517e+4,1.214e-11,5.974e-14,1.419e-22,3.743e+3,3.180e-8,1.488e-15,9.011e+3,2.412e+3,2.101e-22
273.32,1.695e+4,1.215e-11,6.008e-14,1.423e-22,4.112e+3,1.916e-7,1.489e-15,1.049e+4,2.352e+3,2.092e-22
273.37,1.866e+4,1.216e-11,6.042e-14,1.426e-22,4.272e+3,1.081e-6,1.490e-15,1.169e+4,2.697e+3,2.082e-22
273.42,2.032e+4,1.216e-11,6.077e-14,1.430e-22,4.206e+3,5.705e-6,1.491e-15,1.254e+4,3.572e+3,2.073e-22
273.47,2.205e+4,1.217e-11,6.111e-14,1.434e-22,3.930e+3,2.818e-5,1.492e-15,1.299e+4,5.124e+3,2.063e-22
273.51,2.364e+4,1.217e-11,6.139e-14,1.437e-22,3.590e+3,9.644e-5,1.493e-15,1.309e+4,6.961e+3,2.055e-22
273.56,2.609e+4,1.218e-11,6.173e-14,1.440e-22,3.065e+3,4.228e-4,1.494e-15,1.290e+4,1.013e+4,2.046e-22
273.61,2.928e+4,1.218e-11,6.208e-14,1.444e-22,2.492e+3,1.735e-3,1.495e-15,1.241e+4,1.437e+4,2.036e-22
273.66,3.328e+4,1.219e-11,6.242e-14,1.448e-22,1.929e+3,6.663e-3,1.496e-15,1.167e+4,1.968e+4,2.027e-22
273.71,3.800e+4,1.219e-11,6.277e-14,1.451e-22,1.421e+3,2.395e-2,1.497e-15,1.072e+4,2.586e+4,2.017e-22
273.76,4.310e+4,1.220e-11,6.311e-14,1.455e-22,9.947e+2,8.054e-2,1.498e-15,9.642e+3,3.246e+4,2.008e-22
273.81,4.802e+4,1.221e-11,6.346e-14,1.459e-22,6.608e+2,2.535e-1,1.499e-15,8.551e+3,3.881e+4,1.998e-22
273.86,5.214e+4,1.221e-11,6.380e-14,1.462e-22,4.158e+2,7.468e-1,1.500e-15,7.597e+3,4.413e+4,1.989e-22
273.90,5.446e+4,1.222e-11,6.408e-14,1.465e-22,2.758e+2,1.690e+0,1.501e-15,7.043e+3,4.714e+4,1.981e-22
273.95,5.585e+4,1.222e-11,6.442e-14,1.469e-22,1.567e+2,4.419e+0,1.502e-15,6.722e+3,4.897e+4,1.972e-22
274.00,5.556e+4,1.223e-11,6.476e-14,1.473e-22,8.395e+1,1.081e+1,1.503e-15,6.877e+3,4.859e+4,1.962e-22
274.05,5.393e+4,1.223e-11,6.511e-14,1.476e-22,4.233e+1,2.476e+1,1.504e-15,7.476e+3,4.639e+4,1.953e-22
274.10,5.155e+4,1.224e-11,6.545e-14,1.480e-22,2.007e+1,5.306e+1,1.505e-15,8.382e+3,4.310e+4,1.943e-22
274.15,4.910e+4,1.225e-11,6.580e-14,1.484e-22,8.933e+0,1.064e+2,1.506e-15,9.381e+3,3.960e+4,1.934e-22
274.20,4.714e+4,1.225e-11,6.614e-14,1.487e-22,3.732e+0,1.998e+2,1.507e-15,1.023e+4,3.671e+4,1.924e-22
274.25,4.608e+4,1.226e-11,6.649e-14,1.491e-22,1.462e+0,3.510e+2,1.508e-15,1.071e+4,3.502e+4,1.915e-22
274.29,4.607e+4,1.226e-11,6.676e-14,1.494e-22,6.590e-1,5.252e+2,1.509e-15,1.073e+4,3.481e+4,1.907e-22
274.34,4.724e+4,1.227e-11,6.711e-14,1.498e-22,2.296e-1,8.193e+2,1.510e-15,1.029e+4,3.612e+4,1.897e-22
274.39,4.987e+4,1.227e-11,6.745e-14,1.501e-22,7.491e-2,1.196e+3,1.511e-15,9.387e+3,3.928e+4,1.888e-22
274.44,5.402e+4,1.228e-11,6.780e-14,1.505e-22,2.288e-2,1.636e+3,1.512e-15,8.155e+3,4.423e+4,1.878e-22
274.49,5.963e+4,1.229e-11,6.814e-14,1.509e-22,6.542e-3,2.098e+3,1.513e-15,6.784e+3,5.075e+4,1.869e-22
274.54,6.639e+4,1.229e-11,6.849e-14,1.512e-22,1.751e-3,2.525e+3,1.514e-15,5.464e+3,5.841e+4,1.859e-22
274.59,7.377e+4,1.230e-11,6.883e-14,1.516e-22,4.383e-4,2.862e+3,1.515e-15,4.359e+3,6.655e+4,1.850e-22
274.64,8.104e+4,1.230e-11,6.917e-14,1.520e-22,1.027e-4,3.071e+3,1.516e-15,3.586e+3,7.439e+4,1.840e-22
274.69,8.747e+4,1.231e-11,6.952e-14,1.266e-21,2.251e-5,3.153e+3,1.517e-15,3.207e+3,8.111e+4,1.831e-22
274.73,9.153e+4,1.231e-11,6.979e-14,6.582e-21,6.371e-6,3.156e+3,1.518e-15,3.187e+3,8.519e+4,1.823e-22
274.78,9.478e+4,1.232e-11,7.014e-14,4.873e-20,1.238e-6,3.144e+3,1.519e-15,3.469e+3,8.816e+4,1.814e-22
274.83,9.558e+4,1.233e-11,7.048e-14,3.379e-19,2.252e-7,3.205e+3,1.520e-15,3.988e+3,8.839e+4,1.804e-22
274.88,9.370e+4,1.233e-11,7.083e-14,2.195e-18,3.832e-8,3.420e+3,1.521e-15,4.597e+3,8.569e+4,1.795e-22
274.93,8.913e+4,1.234e-11,7.117e-14,1.335e-17,6.097e-9,3.830e+3,1.522e-15,5.133e+3,8.017e+4,1.785e-22
274.98,8.220e+4,1.234e-11,7.152e-14,7.607e-17,9.076e-10,4.412e+3,1.523e-15,5.453e+3,7.234e+4,1.776e-22
275.03,7.362e+4,1.235e-11,7.186e-14,4.060e-16,1.263e-10,5.080e+3,1.524e-15,5.467e+3,6.307e+4,1.766e-22
275.08,6.442e+4,1.235e-11,7.221e-14,2.029e-15,1.645e-11,5.701e+3,1.525e-15,5.160e+3,5.356e+4,1.757e-22
275.12,5.744e+4,1.236e-11,7.248e-14,7.013e-15,3.070e-12,6.069e+3,1.526e-15,4.720e+3,4.665e+4,1.749e-22
275.17,5.017e+4,1.237e-11,7.283e-14,3.116e-14,3.546e-13,6.270e+3,1.527e-15,4.021e+3,3.988e+4,1.739e-22
275.22,4.542e+4,1.237e-11,7.317e-14,1.297e-13,3.584e-13,6.129e+3,1.528e-15,3.283e+3,3.601e+4,1.730e-22
275.27,4.371e+4,1.238e-11,7.351e-14,5.054e-13,3.623e-13,5.661e+3,1.529e-15,2.634e+3,3.541e+4,1.720e-22
275.32,4.498e+4,1.238e-11,7.386e-14,1.845e-12,3.661e-13,4.945e+3,1.530e-15,2.171e+3,3.787e+4,1.711e-22
275.37,4.862e+4,1.239e-11,7.420e-14,6.309e-12,3.699e-13,4.109e+3,1.531e-15,1.936e+3,4.257e+4,1.701e-22
275.42,5.349e+4,1.239e-11,7.455e-14,2.020e-11,3.738e-13,3.284e+3,1.532e-15,1.923e+3,4.828e+4,1.692e-22
275.47,5.818e+4,1.240e-11,7.489e-14,6.061e-11,3.776e-13,2.580e+3,1.533e-15,2.081e+3,5.352e+4,1.682e-22
275.52,6.130e+4,1.241e-11,7.524e-14,1.703e-10,3.815e-13,2.065e+3,1.534e-15,2.332e+3,5.690e+4,1.673e-22
275.56,6.192e+4,1.241e-11,7.551e-14,3.712e-10,3.845e-13,1.803e+3,1.535e-15,2.542e+3,5.758e+4,1.665e-22
275.61,5.990e+4,1.242e-11,7.586e-14,9.270e-10,3.884e-13,1.644e+3,1.536e-15,2.749e+3,5.550e+4,1.656e-22
275.66,5.486e+4,1.242e-11,7.620e-14,2.168e-9,3.922e-13,1.628e+3,1.537e-15,2.847e+3,5.039e+4,1.646e-22
275.71,4.752e+4,1.243e-11,7.655e-14,4.750e-9,3.961e-13,1.695e+3,1.538e-15,2.816e+3,4.301e+4,1.637e-22
275.76,3.897e+4,1.243e-11,7.689e-14,9.747e-9,3.999e-13,1.789e+3,1.539e-15,2.678e+3,3.450e+4,1.627e-22
275.81,3.039e+4,1.244e-11,7.724e-14,1.873e-8,4.037e-13,1.868e+3,1.540e-15,2.486e+3,2.603e+4,1.618e-22
275.86,2.274e+4,1.245e-11,7.758e-14,3.372e-8,4.076e-13,1.910e+3,1.541e-15,2.303e+3,1.852e+4,1.608e-22
275.91,1.662e+4,1.245e-11,7.792e-14,5.686e-8,4.114e-13,1.912e+3,1.542e-15,2.190e+3,1.252e+4,1.599e-22
275.95,1.296e+4,1.246e-11,7.820e-14,8.238e-8,4.145e-13,1.893e+3,1.543e-15,2.172e+3,8.892e+3,1.591e-22
276.00,9.822e+3,1.246e-11,7.854e-14,1.235e-7,4.183e-13,1.857e+3,1.544e-15,2.241e+3,5.724e+3,1.581e-22
276.05,7.979e+3,1.247e-11,7.889e-14,1.733e-7,4.222e-13,1.826e+3,1.545e-15,2.380e+3,3.773e+3,1.572e-22
276.10,7.023e+3,1.247e-11,7.923e-14,2.279e-7,4.260e-13,1.815e+3,1.546e-15,2.532e+3,2.676e+3,1.562e-22
276.15,6.576e+3,1.248e-11,7.958e-14,2.806e-7,4.298e-13,1.835e+3,1.547e-15,2.633e+3,2.109e+3,1.553e-22
276.20,6.357e+3,1.249e-11,7.992e-14,3.236e-7,4.337e-13,1.888e+3,1.548e-15,2.635e+3,1.834e+3,1.543e-22
276.25,6.207e+3,1.249e-11,8.027e-14,3.496e-7,4.375e-13,1.971e+3,1.549e-15,2.519e+3,1.717e+3,1.534e-22
276.30,6.082e+3,1.250e-11,8.061e-14,3.538e-7,4.413e-13,2.069e+3,1.550e-15,2.304e+3,1.709e+3,1.524e-22
276.34,6.023e+3,1.250e-11,8.089e-14,3.407e-7,4.444e-13,2.141e+3,1.551e-15,2.091e+3,1.791e+3,1.517e-22
276.39,6.063e+3,1.251e-11,8.123e-14,3.064e-7,4.483e-13,2.198e+3,1.552e-15,1.828e+3,2.038e+3,1.507e-22
276.44,6.298e+3,1.251e-11,8.158e-14,2.581e-7,4.521e-13,2.190e+3,1.553e-15,1.621e+3,2.486e+3,1.498e-22
276.49,6.765e+3,1.252e-11,8.192e-14,2.037e-7,4.559e-13,2.097e+3,1.554e-15,1.515e+3,3.152e+3,1.488e-22
276.54,7.442e+3,1.252e-11,8.226e-14,1.505e-7,4.598e-13,1.914e+3,1.555e-15,1.523e+3,4.005e+3,1.479e-22
276.59,8.242e+3,1.253e-11,8.261e-14,1.042e-7,4.636e-13,1.657e+3,1.556e-15,1.629e+3,4.957e+3,1.469e-22
276.64,9.022e+3,1.254e-11,8.295e-14,6.755e-8,4.674e-13,1.354e+3,1.557e-15,1.792e+3,5.876e+3,1.460e-22
276.69,9.615e+3,1.254e-11,8.330e-14,4.102e-8,4.713e-13,1.042e+3,1.558e-15,1.961e+3,6.611e+3,1.450e-22
276.74,9.871e+3,1.255e-11,8.364e-14,2.333e-8,4.751e-13,7.543e+2,1.559e-15,2.085e+3,7.032e+3,1.440e-22
276.78,9.768e+3,1.255e-11,8.392e-14,1.417e-8,4.782e-13,5.568e+2,1.560e-15,2.124e+3,7.087e+3,1.433e-22
276.83,9.237e+3,1.256e-11,8.426e-14,7.164e-9,4.820e-13,3.598e+2,1.561e-15,2.083e+3,6.795e+3,1.423e-22
276.88,8.312e+3,1.256e-11,8.461e-14,3.392e-9,4.859e-13,2.181e+2,1.562e-15,1.942e+3,6.152e+3,1.414e-22
276.93,7.111e+3,1.257e-11,8.495e-14,1.505e-9,4.897e-13,1.240e+2,1.563e-15,1.720e+3,5.267e+3,1.404e-22
276.98,5.784e+3,1.258e-11,8.530e-14,6.250e-10,4.936e-13,6.607e+1,1.564e-15,1.447e+3,4.272e+3,1.395e-22
277.03,4.480e+3,1.258e-11,8.564e-14,2.432e-10,4.974e-13,3.300e+1,1.565e-15,1.156e+3,3.291e+3,1.385e-22
277.08,3.313e+3,1.259e-11,8.599e-14,8.863e-11,5.012e-13,1.545e+1,1.566e-15,8.785e+2,2.419e+3,1.376e-22
277.13,2.352e+3,1.259e-11,8.633e-14,3.025e-11,5.051e-13,6.781e+0,1.567e-15,6.354e+2,1.710e+3,1.366e-22
277.17,1.750e+3,1.260e-11,8.661e-14,1.221e-11,5.081e-13,3.348e+0,1.568e-15,4.746e+2,1.272e+3,1.359e-22
277.22,1.200e+3,1.260e-11,8.695e-14,3.706e-12,5.120e-13,1.307e+0,1.569e-15,3.202e+2,8.784e+2,1.349e-22
277.27,8.490e+2,1.261e-11,8.729e-14,1.053e-12,5.158e-13,4.782e-1,1.570e-15,2.175e+2,6.310e+2,1.340e-22
277.32,6.617e+2,1.262e-11,8.764e-14,2.803e-13,5.197e-13,1.639e-1,1.571e-15,1.642e+2,4.973e+2,1.330e-22
277.37,6.047e+2,1.262e-11,8.798e-14,6.988e-14,5.235e-13,5.265e-2,1.572e-15,1.582e+2,4.464e+2,1.321e-22
277.42,6.536e+2,1.263e-11,8.833e-14,1.632e-14,5.273e-13,1.584e-2,1.573e-15,1.988e+2,4.548e+2,1.311e-22
277.47,7.956e+2,1.263e-11,8.867e-14,3.569e-15,5.312e-13,4.467e-3,1.574e-15,2.865e+2,5.091e+2,1.301e-22
277.52,1.026e+3,1.264e-11,8.902e-14,7.310e-16,5.350e-13,1.180e-3,1.575e-15,4.203e+2,6.061e+2,1.292e-22
277.56,1.274e+3,1.264e-11,8.929e-14,1.962e-16,5.381e-13,3.882e-4,1.576e-15,5.571e+2,7.171e+2,1.284e-22
277.61,1.657e+3,1.265e-11,8.964e-14,3.572e-17,5.419e-13,9.121e-5,1.577e-15,7.551e+2,9.021e+2,1.275e-22
277.66,2.105e+3,1.266e-11,8.998e-14,6.092e-18,5.458e-13,2.008e-5,1.578e-15,9.643e+2,1.140e+3,1.265e-22
277.71,2.581e+3,1.266e-11,9.033e-14,9.731e-19,5.496e-13,4.140e-6,1.579e-15,1.158e+3,1.423e+3,1.256e-22
277.76,3.037e+3,1.267e-11,9.067e-14,1.456e-19,5.534e-13,7.999e-7,1.580e-15,1.308e+3,1.728e+3,1.246e-22
277.81,3.416e+3,1.267e-11,9.101e-14,2.040e-20,5.573e-13,1.448e-7,1.581e-15,1.391e+3,2.025e+3,1.237e-22
277.86,3.672e+3,1.268e-11,9.136e-14,2.678e-21,5.611e-13,2.455e-8,1.582e-15,1.395e+3,2.276e+3,1.227e-22
277.91,3.781e+3,1.268e-11,9.170e-14,3.292e-22,5.649e-13,3.899e-9,1.583e-15,1.321e+3,2.459e+3,1.218e-22
277.96,3.754e+3,1.269e-11,9.205e-14,3.282e-22,5.688e-13,5.802e-10,1.584e-15,1.185e+3,2.569e+3,1.208e-22
278.00,3.664e+3,1.270e-11,9.232e-14,3.274e-22,5.719e-13,1.206e-10,1.585e-15,1.047e+3,2.617e+3,1.201e-22
278.05,3.520e+3,1.270e-11,9.267e-14,3.264e-22,5.757e-13,1.567e-11,1.586e-15,8.612e+2,2.659e+3,1.191e-22
278.10,3.406e+3,1.271e-11,9.301e-14,3.254e-22,5.795e-13,1.945e-12,1.587e-15,6.835e+2,2.722e+3,1.182e-22
278.15,3.376e+3,1.271e-11,9.336e-14,3.244e-22,5.834e-13,1.889e-12,1.588e-15,5.373e+2,2.839e+3,1.172e-22
278.20,3.459e+3,1.272e-11,9.370e-14,3.234e-22,5.872e-13,1.833e-12,1.589e-15,4.443e+2,3.014e+3,1.162e-22
278.25,3.652e+3,1.272e-11,9.405e-14,3.224e-22,5.911e-13,1.777e-12,1.590e-15,4.294e+2,3.222e+3,1.153e-22
278.30,3.935e+3,1.273e-11,9.439e-14,3.214e-22,5.949e-13,1.720e-12,1.591e-15,5.264e+2,3.409e+3,1.143e-22
278.35,4.292e+3,1.274e-11,9.474e-14,3.204e-22,5.987e-13,1.664e-12,1.592e-15,7.807e+2,3.511e+3,1.134e-22
278.39,4.633e+3,1.274e-11,9.501e-14,3.196e-22,6.018e-13,1.619e-12,1.593e-15,1.134e+3,3.499e+3,1.126e-22
278.44,5.154e+3,1.275e-11,9.536e-14,3.186e-22,6.056e-13,1.563e-12,1.594e-15,1.811e+3,3.342e+3,1.117e-22
278.49,5.822e+3,1.275e-11,9.570e-14,3.176e-22,6.095e-13,1.507e-12,1.595e-15,2.785e+3,3.037e+3,1.107e-22
278.54,6.673e+3,1.276e-11,9.604e-14,3.166e-22,6.133e-13,1.451e-12,1.596e-15,4.056e+3,2.617e+3,1.098e-22
278.59,7.698e+3,1.276e-11,9.639e-14,3.156e-22,6.172e-13,1.395e-12,1.597e-15,5.560e+3,2.138e+3,1.088e-22
278.64,8.817e+3,1.277e-11,9.673e-14,3.146e-22,6.210e-13,1.339e-12,1.598e-15,7.161e+3,1.656e+3,1.079e-22
278.69,9.875e+3,1.278e-11,9.708e-14,3.136e-22,6.248e-13,1.283e-12,1.599e-15,8.657e+3,1.218e+3,1.069e-22
278.74,1.068e+4,1.278e-11,9.742e-14,3.126e-22,6.287e-13,1.226e-12,1.600e-15,9.823e+3,8.533e+2,1.060e-22
278.79,1.104e+4,1.279e-11,9.777e-14,3.116e-22,6.325e-13,1.170e-12,1.601e-15,1.046e+4,5.725e+2,1.050e-22
278.83,1.093e+4,1.279e-11,9.804e-14,3.108e-22,6.356e-13,6.395e-12,1.602e-15,1.052e+4,4.068e+2,1.043e-22
278.88,1.027e+4,1.280e-11,9.839e-14,3.098e-22,6.394e-13,5.045e-11,1.603e-15,1.000e+4,2.643e+2,1.033e-22
278.93,9.121e+3,1.280e-11,9.873e-14,3.088e-22,6.433e-13,3.736e-10,1.604e-15,8.940e+3,1.814e+2,1.023e-22
278.98,7.653e+3,1.281e-11,9.908e-14,3.078e-22,6.471e-13,2.596e-9,1.605e-15,7.507e+3,1.455e+2,1.014e-22
279.03,6.075e+3,1.282e-11,9.942e-14,3.068e-22,6.509e-13,1.692e-8,1.606e-15,5.928e+3,1.467e+2,1.004e-22
279.08,4.581e+3,1.282e-11,9.976e-14,3.058e-22,6.548e-13,1.036e-7,1.607e-15,4.404e+3,1.773e+2,9.949e-23
279.13,3.310e+3,1.283e-11,1.001e-13,3.048e-22,6.586e-13,5.946e-7,1.608e-15,3.080e+3,2.307e+2,9.854e-23
279.18,2.329e+3,1.283e-11,1.005e-13,3.038e-22,6.625e-13,3.204e-6,1.609e-15,2.029e+3,2.997e+2,9.759e-23
279.22,1.753e+3,1.284e-11,1.007e-13,3.030e-22,6.655e-13,1.178e-5,1.610e-15,1.393e+3,3.601e+2,9.683e-23
279.27,1.259e+3,1.284e-11,1.011e-13,3.020e-22,6.694e-13,5.659e-5,1.611e-15,8.262e+2,4.332e+2,9.588e-23
279.32,9.569e+2,1.285e-11,1.014e-13,3.010e-22,6.732e-13,2.552e-4,1.612e-15,4.629e+2,4.940e+2,9.492e-23
279.37,7.791e+2,1.285e-11,1.018e-13,3.000e-22,6.770e-13,1.080e-3,1.613e-15,2.452e+2,5.339e+2,9.397e-23
279.42,6.716e+2,1.286e-11,1.021e-13,2.990e-22,6.809e-13,4.290e-3,1.614e-15,1.229e+2,5.487e+2,9.302e-23
279.47,5.981e+2,1.287e-11,1.025e-13,2.980e-22,6.847e-13,1.599e-2,1.615e-15,5.841e+1,5.396e+2,9.207e-23
279.52,5.397e+2,1.287e-11,1.028e-13,2.970e-22,6.886e-13,5.592e-2,1.616e-15,2.635e+1,5.133e+2,9.112e-23
279.57,4.909e+2,1.288e-11,1.031e-13,2.960e-22,6.924e-13,1.835e-1,1.617e-15,1.140e+1,4.793e+2,9.016e-23
279.61,4.598e+2,1.288e-11,1.034e-13,2.952e-22,6.955e-13,4.537e-1,1.618e-15,5.852e+0,4.535e+2,8.940e-23
279.66,4.339e+2,1.289e-11,1.038e-13,2.942e-22,6.993e-13,1.328e+0,1.619e-15,3.127e+0,4.294e+2,8.845e-23
279.71,4.247e+2,1.289e-11,1.041e-13,2.931e-22,7.031e-13,3.649e+0,1.620e-15,3.287e+0,4.178e+2,8.750e-23
279.76,4.331e+2,1.290e-11,1.044e-13,2.921e-22,7.070e-13,9.407e+0,1.621e-15,6.190e+0,4.175e+2,8.655e-23
279.81,4.592e+2,1.291e-11,1.048e-13,2.911e-22,7.108e-13,2.276e+1,1.622e-15,1.327e+1,4.232e+2,8.559e-23
279.86,5.066e+2,1.291e-11,1.051e-13,2.901e-22,7.147e-13,5.166e+1,1.623e-15,2.772e+1,4.272e+2,8.464e-23
279.91,5.872e+2,1.292e-11,1.055e-13,2.891e-22,7.185e-13,1.101e+2,1.624e-15,5.484e+1,4.223e+2,8.369e-23
279.96,7.261e+2,1.292e-11,8.828e-13,2.881e-22,7.223e-13,2.201e+2,1.625e-15,1.024e+2,4.036e+2,8.274e-23
280.01,9.632e+2,1.293e-11,6.938e-12,2.871e-22,7.262e-13,4.129e+2,1.626e-15,1.803e+2,3.700e+2,8.179e-23
280.05,1.259e+3,1.293e-11,3.449e-11,2.863e-22,7.292e-13,6.525e+2,1.627e-15,2.721e+2,3.341e+2,8.102e-23
280.10,1.807e+3,1.294e-11,2.420e-10,2.853e-22,7.331e-13,1.092e+3,1.628e-15,4.322e+2,2.824e+2,8.007e-23
280.15,2.593e+3,1.295e-11,1.594e-9,2.843e-22,7.369e-13,1.715e+3,1.629e-15,6.491e+2,2.290e+2,7.912e-23
280.20,3.630e+3,1.295e-11,9.857e-9,2.833e-22,7.408e-13,2.528e+3,1.630e-15,9.228e+2,1.795e+2,7.817e-23
280.25,4.881e+3,1.296e-11,5.723e-8,2.823e-22,7.446e-13,3.499e+3,1.631e-15,1.244e+3,1.379e+2,7.722e-23
280.30,6.247e+3,1.296e-11,3.120e-7,2.813e-22,7.484e-13,4.548e+3,1.632e-15,1.593e+3,1.056e+2,7.626e-23
280.35,7.582e+3,1.297e-11,1.597e-6,2.803e-22,7.523e-13,5.556e+3,1.633e-15,1.943e+3,8.218e+1,7.531e-23
280.40,8.721e+3,1.297e-11,7.674e-6,2.793e-22,7.561e-13,6.390e+3,1.634e-15,2.264e+3,6.600e+1,7.436e-23
280.44,9.393e+3,1.298e-11,2.575e-5,2.785e-22,7.592e-13,6.856e+3,1.635e-15,2.480e+3,5.695e+1,7.360e-23
280.49,9.868e+3,1.299e-11,1.105e-4,2.775e-22,7.630e-13,7.140e+3,1.636e-15,2.679e+3,4.920e+1,7.265e-23
280.54,9.945e+3,1.299e-11,4.450e-4,2.765e-22,7.669e-13,7.117e+3,1.637e-15,2.784e+3,4.452e+1,7.169e-23
280.59,9.732e+3,1.300e-11,1.683e-3,2.755e-22,7.707e-13,6.902e+3,1.638e-15,2.788e+3,4.267e+1,7.074e-23
280.64,9.409e+3,1.300e-11,5.975e-3,2.745e-22,7.745e-13,6.672e+3,1.639e-15,2.693e+3,4.384e+1,6.979e-23
280.69,9.184e+3,1.301e-11,1.992e-2,2.735e-22,7.784e-13,6.623e+3,1.640e-15,2.513e+3,4.825e+1,6.884e-23
280.74,9.229e+3,1.301e-11,6.236e-2,2.725e-22,7.822e-13,6.902e+3,1.641e-15,2.272e+3,5.570e+1,6.789e-23
280.79,9.630e+3,1.302e-11,1.833e-1,2.715e-22,7.861e-13,7.557e+3,1.642e-15,2.007e+3,6.535e+1,6.693e-23
280.83,1.019e+4,1.303e-11,4.149e-1,2.707e-22,7.891e-13,8.305e+3,1.643e-15,1.811e+3,7.363e+1,6.617e-23
280.88,1.108e+4,1.303e-11,1.089e+0,2.697e-22,7.930e-13,9.368e+3,1.644e-15,1.632e+3,8.301e+1,6.522e-23
280.93,1.201e+4,1.304e-11,2.682e+0,2.687e-22,7.968e-13,1.034e+4,1.645e-15,1.577e+3,8.944e+1,6.427e-23
280.98,1.276e+4,1.304e-11,6.202e+0,2.677e-22,8.006e-13,1.097e+4,1.646e-15,1.692e+3,9.135e+1,6.332e-23
281.03,1.316e+4,1.305e-11,1.347e+1,2.667e-22,8.045e-13,1.106e+4,1.647e-15,2.000e+3,8.807e+1,6.236e-23
281.08,1.313e+4,1.305e-11,2.746e+1,2.657e-22,8.083e-13,1.054e+4,1.648e-15,2.488e+3,8.003e+1,6.141e-23
281.13,1.270e+4,1.306e-11,5.257e+1,2.647e-22,8.122e-13,9.474e+3,1.649e-15,3.105e+3,6.860e+1,6.046e-23
281.18,1.195e+4,1.307e-11,9.448e+1,2.637e-22,8.160e-13,8.042e+3,1.650e-15,3.761e+3,5.573e+1,5.951e-23
281.23,1.103e+4,1.307e-11,1.594e+2,2.627e-22,8.198e-13,6.481e+3,1.651e-15,4.347e+3,4.342e+1,5.856e-23
281.27,1.026e+4,1.308e-11,2.316e+2,2.619e-22,8.229e-13,5.306e+3,1.652e-15,4.689e+3,3.513e+1,5.780e-23
281.32,9.368e+3,1.308e-11,3.489e+2,2.609e-22,8.267e-13,4.106e+3,1.653e-15,4.885e+3,2.768e+1,5.684e-23
281.37,8.642e+3,1.309e-11,4.935e+2,2.599e-22,8.306e-13,3.338e+3,1.654e-15,4.787e+3,2.395e+1,5.589e-23
281.42,8.164e+3,1.309e-11,6.553e+2,2.589e-22,8.344e-13,3.078e+3,1.655e-15,4.407e+3,2.385e+1,5.494e-23
281.47,7.982e+3,1.310e-11,8.171e+2,2.579e-22,8.383e-13,3.329e+3,1.656e-15,3.810e+3,2.678e+1,5.399e-23
281.52,8.110e+3,1.311e-11,9.566e+2,2.569e-22,8.421e-13,4.029e+3,1.657e-15,3.093e+3,3.171e+1,5.303e-23
281.57,8.506e+3,1.311e-11,1.052e+3,2.559e-22,8.459e-13,5.060e+3,1.658e-15,2.358e+3,3.738e+1,5.208e-23
281.62,9.071e+3,1.312e-11,1.085e+3,2.548e-22,8.498e-13,6.255e+3,1.659e-15,1.688e+3,4.247e+1,5.113e-23
281.66,9.545e+3,1.312e-11,1.064e+3,2.540e-22,8.528e-13,7.199e+3,1.660e-15,1.237e+3,4.533e+1,5.037e-23
281.71,1.002e+4,1.313e-11,9.798e+2,2.530e-22,8.567e-13,8.200e+3,1.661e-15,7.979e+2,4.671e+1,4.942e-23
281.76,1.024e+4,1.313e-11,8.476e+2,2.520e-22,8.605e-13,8.852e+3,1.662e-15,4.948e+2,4.536e+1,4.847e-23
281.81,1.010e+4,1.314e-11,6.884e+2,2.510e-22,8.644e-13,9.056e+3,1.663e-15,3.115e+2,4.152e+1,4.751e-23
281.86,9.587e+3,1.315e-11,5.249e+2,2.500e-22,8.682e-13,8.799e+3,1.664e-15,2.266e+2,3.589e+1,4.656e-23
281.91,8.775e+3,1.315e-11,3.758e+2,2.490e-22,8.720e-13,8.148e+3,1.665e-15,2.224e+2,2.944e+1,4.561e-23
281.96,7.785e+3,1.316e-11,2.526e+2,2.480e-22,8.759e-13,7.222e+3,1.666e-15,2.873e+2,2.309e+1,4.466e-23
282.01,6.756e+3,1.316e-11,1.594e+2,2.470e-22,8.797e-13,6.163e+3,1.667e-15,4.156e+2,1.757e+1,4.371e-23
282.06,5.807e+3,1.317e-11,9.448e+1,2.460e-22,8.836e-13,5.096e+3,1.668e-15,6.034e+2,1.323e+1,4.275e-23
282.10,5.164e+3,1.317e-11,5.941e+1,2.452e-22,8.866e-13,4.301e+3,1.669e-15,7.925e+2,1.068e+1,4.199e-23
282.15,4.543e+3,1.318e-11,3.143e+1,2.442e-22,8.905e-13,3.435e+3,1.670e-15,1.068e+3,8.536e+0,4.104e-23
282.20,4.145e+3,1.318e-11,1.561e+1,2.432e-22,8.943e-13,2.752e+3,1.671e-15,1.370e+3,7.429e+0,4.009e-23
282.25,3.978e+3,1.319e-11,7.279e+0,2.422e-22,8.981e-13,2.289e+3,1.672e-15,1.675e+3,7.341e+0,3.914e-23
282.30,4.057e+3,1.320e-11,3.187e+0,2.412e-22,9.020e-13,2.090e+3,1.673e-15,1.955e+3,8.542e+0,3.818e-23
282.35,4.413e+3,1.320e-11,1.310e+0,2.402e-22,9.058e-13,2.216e+3,1.674e-15,2.184e+3,1.170e+1,3.723e-23
282.40,5.088e+3,1.321e-11,5.057e-1,2.392e-22,9.097e-13,2.734e+3,1.675e-15,2.336e+3,1.796e+1,3.628e-23
282.45,6.127e+3,1.321e-11,1.833e-1,2.382e-22,9.135e-13,3.701e+3,1.676e-15,2.396e+3,2.896e+1,3.533e-23
282.49,7.232e+3,1.322e-11,7.776e-2,2.374e-22,9.166e-13,4.815e+3,1.677e-15,2.374e+3,4.257e+1,3.457e-23
282.54,8.931e+3,1.322e-11,2.516e-2,2.364e-22,9.204e-13,6.604e+3,1.678e-15,2.260e+3,6.769e+1,3.361e-23
282.59,1.089e+4,1.323e-11,7.641e-3,2.354e-22,9.242e-13,8.723e+3,1.679e-15,2.063e+3,1.045e+2,3.266e-23
282.64,1.294e+4,1.324e-11,2.179e-3,2.344e-22,9.281e-13,1.097e+4,1.680e-15,1.810e+3,1.563e+2,3.171e-23
282.69,1.484e+4,1.324e-11,5.835e-4,2.334e-22,9.319e-13,1.308e+4,1.681e-15,1.535e+3,2.269e+2,3.076e-23
282.74,1.636e+4,1.325e-11,1.467e-4,2.324e-22,9.358e-13,1.476e+4,1.682e-15,1.280e+3,3.202e+2,2.981e-23
282.79,1.732e+4,1.325e-11,3.463e-5,2.314e-22,9.396e-13,1.580e+4,1.683e-15,1.083e+3,4.401e+2,2.885e-23
282.84,1.765e+4,1.326e-11,7.674e-6,2.304e-22,9.434e-13,1.608e+4,1.684e-15,9.820e+2,5.888e+2,2.790e-23
282.88,1.748e+4,1.326e-11,2.197e-6,2.296e-22,9.465e-13,1.577e+4,1.685e-15,9.861e+2,7.275e+2,2.714e-23
282.93,1.689e+4,1.327e-11,4.347e-7,2.286e-22,9.503e-13,1.487e+4,1.686e-15,1.106e+3,9.202e+2,2.619e-23
282.98,1.607e+4,1.328e-11,8.075e-8,2.276e-22,9.542e-13,1.361e+4,1.687e-15,1.343e+3,1.122e+3,2.524e-23
283.03,1.523e+4,1.328e-11,1.408e-8,2.266e-22,9.580e-13,1.225e+4,1.688e-15,1.668e+3,1.315e+3,2.428e-23
283.08,1.450e+4,1.329e-11,2.306e-9,2.256e-22,9.619e-13,1.100e+4,1.689e-15,2.031e+3,1.476e+3,2.333e-23
283.13,1.391e+4,1.329e-11,3.546e-10,2.246e-22,9.657e-13,9.951e+3,1.690e-15,2.369e+3,1.589e+3,2.238e-23
283.18,1.338e+4,1.330e-11,5.119e-11,2.236e-22,9.695e-13,9.117e+3,1.691e-15,2.620e+3,1.644e+3,2.143e-23
283.23,1.281e+4,1.330e-11,6.938e-12,2.226e-22,9.734e-13,8.433e+3,1.692e-15,2.736e+3,1.642e+3,2.048e-23
283.28,1.211e+4,1.331e-11,8.828e-13,2.216e-22,9.772e-13,7.813e+3,1.693e-15,2.694e+3,1.597e+3,1.952e-23
283.32,1.142e+4,1.332e-11,8.804e-13,2.208e-22,9.803e-13,7.320e+3,1.694e-15,2.554e+3,1.545e+3,1.876e-23
283.37,1.043e+4,1.332e-11,8.774e-13,2.198e-22,9.841e-13,6.682e+3,1.695e-15,2.277e+3,1.475e+3,1.781e-23
283.42,9.380e+3,1.333e-11,8.743e-13,2.188e-22,9.880e-13,6.029e+3,1.696e-15,1.937e+3,1.414e+3,1.686e-23
283.47,8.362e+3,1.333e-11,8.713e-13,2.178e-22,9.918e-13,5.396e+3,1.697e-15,1.596e+3,1.369e+3,1.591e-23
283.52,7.471e+3,1.334e-11,8.682e-13,2.167e-22,9.956e-13,4.825e+3,1.698e-15,1.304e+3,1.342e+3,1.495e-23
283.57,6.774e+3,1.334e-11,8.652e-13,2.157e-22,9.995e-13,4.354e+3,1.699e-15,1.089e+3,1.331e+3,1.400e-23
283.62,6.306e+3,1.335e-11,8.621e-13,2.147e-22,1.003e-12,4.012e+3,1.700e-15,9.579e+2,1.336e+3,1.305e-23
283.67,6.081e+3,1.336e-11,8.591e-13,2.137e-22,1.007e-12,3.819e+3,1.701e-15,8.971e+2,1.365e+3,1.210e-23
283.71,6.079e+3,1.336e-11,8.567e-13,2.129e-22,1.010e-12,3.788e+3,1.702e-15,8.814e+2,1.410e+3,1.134e-23
283.76,6.301e+3,1.337e-11,8.536e-13,2.119e-22,1.014e-12,3.920e+3,1.703e-15,8.797e+2,1.501e+3,1.038e-23
283.81,6.770e+3,1.337e-11,8.506e-13,2.109e-22,1.018e-12,4.264e+3,1.704e-15,8.778e+2,1.628e+3,9.432e-24
283.86,7.470e+3,1.338e-11,8.475e-13,2.099e-22,1.022e-12,4.826e+3,1.705e-15,8.665e+2,1.778e+3,8.480e-24
283.91,8.365e+3,1.338e-11,8.445e-13,2.089e-22,1.026e-12,5.589e+3,1.706e-15,8.527e+2,1.924e+3,7.528e-24
283.96,9.385e+3,1.339e-11,8.414e-13,2.079e-22,1.029e-12,6.496e+3,1.707e-15,8.567e+2,2.033e+3,6.576e-24
284.01,1.043e+4,1.340e-11,8.384e-13,2.069e-22,1.033e-12,7.448e+3,1.708e-15,9.065e+2,2.074e+3,5.624e-24
284.06,1.137e+4,1.340e-11,8.353e-13,2.059e-22,1.037e-12,8.316e+3,1.709e-15,1.029e+3,2.029e+3,4.672e-24
284.11,1.210e+4,1.341e-11,8.323e-13,2.049e-22,1.041e-12,8.962e+3,1.710e-15,1.238e+3,1.895e+3,3.720e-24
284.15,1.245e+4,1.341e-11,8.299e-13,2.041e-22,1.044e-12,9.243e+3,1.711e-15,1.467e+3,1.737e+3,2.958e-24
284.20,1.255e+4,1.342e-11,8.268e-13,2.031e-22,1.048e-12,9.245e+3,1.712e-15,1.808e+3,1.500e+3,2.006e-24
284.25,1.229e+4,1.342e-11,8.238e-13,2.021e-22,1.052e-12,8.864e+3,1.713e-15,2.168e+3,1.256e+3,1.940e-23
284.30,1.170e+4,1.343e-11,8.207e-13,2.011e-22,1.056e-12,8.172e+3,1.714e-15,2.487e+3,1.039e+3,1.471e-22
284.35,1.086e+4,1.344e-11,8.177e-13,2.001e-22,1.059e-12,7.286e+3,1.715e-15,2.706e+3,8.720e+2,1.050e-21
284.40,9.885e+3,1.344e-11,8.146e-13,1.991e-22,1.063e-12,6.337e+3,1.716e-15,2.780e+3,7.682e+2,7.046e-21
284.45,8.852e+3,1.345e-11,8.116e-13,1.981e-22,1.067e-12,5.434e+3,1.717e-15,2.692e+3,7.257e+2,4.450e-20
284.50,7.832e+3,1.345e-11,8.085e-13,1.971e-22,1.071e-12,4.642e+3,1.718e-15,2.456e+3,7.338e+2,2.644e-19
284.54,7.057e+3,1.346e-11,8.061e-13,1.963e-22,1.074e-12,4.104e+3,1.719e-15,2.187e+3,7.659e+2,1.053e-18
284.59,6.168e+3,1.346e-11,8.030e-13,1.953e-22,1.078e-12,3.544e+3,1.720e-15,1.801e+3,8.231e+2,5.606e-18
284.64,5.392e+3,1.347e-11,8.000e-13,1.943e-22,1.082e-12,3.093e+3,1.721e-15,1.416e+3,8.829e+2,2.808e-17
284.69,4.759e+3,1.348e-11,7.970e-13,1.933e-22,1.085e-12,2.742e+3,1.722e-15,1.087e+3,9.298e+2,1.324e-16
284.74,4.302e+3,1.348e-11,7.939e-13,1.923e-22,1.089e-12,2.495e+3,1.723e-15,8.552e+2,9.518e+2,5.870e-16
284.79,4.052e+3,1.349e-11,7.909e-13,1.913e-22,1.093e-12,2.369e+3,1.724e-15,7.424e+2,9.412e+2,2.449e-15
284.84,4.024e+3,1.349e-11,7.878e-13,1.903e-22,1.097e-12,2.373e+3,1.725e-15,7.542e+2,8.961e+2,9.614e-15
284.89,4.205e+3,1.350e-11,7.848e-13,1.893e-22,1.101e-12,2.503e+3,1.726e-15,8.809e+2,8.204e+2,3.551e-14
284.93,4.471e+3,1.350e-11,7.823e-13,1.885e-22,1.104e-12,2.677e+3,1.727e-15,1.049e+3,7.439e+2,9.665e-14
284.98,4.889e+3,1.351e-11,7.793e-13,1.875e-22,1.108e-12,2.937e+3,1.728e-15,1.314e+3,6.384e+2,3.199e-13
285.03,5.312e+3,1.351e-11,7.762e-13,1.865e-22,1.112e-12,3.182e+3,1.729e-15,1.596e+3,5.339e+2,9.961e-13
285.08,5.642e+3,1.352e-11,7.732e-13,1.855e-22,1.115e-12,3.354e+3,1.730e-15,1.846e+3,4.422e+2,2.918e-12
285.13,5.810e+3,1.353e-11,7.702e-13,1.845e-22,1.119e-12,3.419e+3,1.731e-15,2.019e+3,3.726e+2,8.044e-12
285.18,5.791e+3,1.353e-11,7.671e-13,1.835e-22,1.123e-12,3.380e+3,1.732e-15,2.079e+3,3.315e+2,2.086e-11
285.23,5.615e+3,1.354e-11,7.641e-13,1.825e-22,1.127e-12,3.276e+3,1.733e-15,2.015e+3,3.240e+2,5.091e-11
285.28,5.358e+3,1.354e-11,7.610e-13,1.815e-22,1.131e-12,3.166e+3,1.734e-15,1.837e+3,3.538e+2,1.169e-10
285.33,5.111e+3,1.355e-11,7.580e-13,1.805e-22,1.135e-12,3.112e+3,1.735e-15,1.576e+3,4.240e+2,2.525e-10
285.37,4.976e+3,1.355e-11,7.555e-13,1.797e-22,1.138e-12,3.133e+3,1.736e-15,1.333e+3,5.105e+2,4.474e-10
285.42,4.920e+3,1.356e-11,7.525e-13,1.787e-22,1.142e-12,3.241e+3,1.737e-15,1.023e+3,6.555e+2,8.660e-10
285.47,4.984e+3,1.357e-11,7.494e-13,1.776e-22,1.145e-12,3.409e+3,1.738e-15,7.387e+2,8.362e+2,1.577e-9
285.52,5.116e+3,1.357e-11,7.464e-13,1.766e-22,1.149e-12,3.573e+3,1.739e-15,5.015e+2,1.041e+3,2.702e-9
285.57,5.238e+3,1.358e-11,7.433e-13,1.756e-22,1.153e-12,3.664e+3,1.740e-15,3.201e+2,1.253e+3,4.357e-9
285.62,5.274e+3,1.358e-11,7.403e-13,1.746e-22,1.157e-12,3.632e+3,1.741e-15,1.922e+2,1.450e+3,6.608e-9
285.67,5.177e+3,1.359e-11,7.373e-13,1.736e-22,1.161e-12,3.461e+3,1.742e-15,1.085e+2,1.607e+3,9.431e-9
285.72,4.942e+3,1.360e-11,7.342e-13,1.726e-22,1.165e-12,3.182e+3,1.743e-15,5.760e+1,1.703e+3,1.266e-8
285.76,4.682e+3,1.360e-11,7.318e-13,1.718e-22,1.168e-12,2.924e+3,1.743e-15,3.320e+1,1.725e+3,1.534e-8
285.81,4.326e+3,1.361e-11,7.287e-13,1.708e-22,1.171e-12,2.632e+3,1.745e-15,1.578e+1,1.678e+3,1.846e-8
285.86,4.016e+3,1.361e-11,7.257e-13,1.698e-22,1.175e-12,2.455e+3,1.746e-15,7.052e+0,1.554e+3,2.090e-8
285.91,3.828e+3,1.362e-11,7.226e-13,1.688e-22,1.179e-12,2.456e+3,1.747e-15,2.964e+0,1.369e+3,2.226e-8
285.96,3.808e+3,1.362e-11,7.196e-13,1.678e-22,1.183e-12,2.662e+3,1.748e-15,1.171e+0,1.145e+3,2.231e-8
286.01,3.960e+3,1.363e-11,7.165e-13,1.668e-22,1.187e-12,3.049e+3,1.749e-15,4.353e-1,9.105e+2,2.103e-8
286.06,4.237e+3,1.363e-11,7.135e-13,1.658e-22,1.191e-12,3.549e+3,1.750e-15,1.521e-1,6.881e+2,1.866e-8
286.11,4.553e+3,1.364e-11,7.105e-13,1.648e-22,1.194e-12,4.057e+3,1.751e-15,5.000e-2,4.959e+2,1.557e-8
286.15,4.765e+3,1.365e-11,7.080e-13,1.640e-22,1.198e-12,4.395e+3,1.751e-15,1.964e-2,3.704e+2,1.290e-8
286.20,4.897e+3,1.365e-11,7.050e-13,1.630e-22,1.201e-12,4.647e+3,1.752e-15,5.778e-3,2.507e+2,9.646e-9
286.25,4.818e+3,1.366e-11,7.019e-13,1.620e-22,1.205e-12,4.650e+3,1.754e-15,1.599e-3,1.685e+2,6.788e-9
286.30,4.507e+3,1.366e-11,6.989e-13,1.610e-22,1.209e-12,4.390e+3,1.755e-15,4.159e-4,1.164e+2,4.494e-9
286.35,3.991e+3,1.367e-11,6.958e-13,1.600e-22,1.213e-12,3.905e+3,1.756e-15,1.018e-4,8.594e+1,2.800e-9
286.40,3.339e+3,1.367e-11,6.928e-13,1.590e-22,1.217e-12,3.270e+3,1.757e-15,2.341e-5,6.927e+1,1.641e-9
286.45,2.637e+3,1.368e-11,6.897e-13,1.580e-22,1.221e-12,2.577e+3,1.758e-15,5.065e-6,6.065e+1,9.048e-10
286.50,1.967e+3,1.369e-11,6.867e-13,1.570e-22,1.224e-12,1.910e+3,1.759e-15,1.030e-6,5.655e+1,4.694e-10
286.55,1.388e+3,1.369e-11,6.837e-13,1.560e-22,1.228e-12,1.333e+3,1.760e-15,1.971e-7,5.546e+1,2.291e-10
286.59,1.013e+3,1.370e-11,6.812e-13,1.552e-22,1.231e-12,9.562e+2,1.760e-15,5.023e-8,5.677e+1,1.236e-10
286.64,6.597e+2,1.370e-11,6.782e-13,1.542e-22,1.235e-12,5.976e+2,1.761e-15,8.603e-9,6.201e+1,5.404e-11
286.69,4.244e+2,1.371e-11,6.751e-13,1.532e-22,1.239e-12,3.515e+2,1.762e-15,1.386e-9,7.295e+1,2.224e-11
286.74,2.866e+2,1.371e-11,6.721e-13,1.522e-22,1.243e-12,1.945e+2,1.764e-15,2.099e-10,9.208e+1,8.611e-12
286.79,2.240e+2,1.372e-11,6.690e-13,1.512e-22,1.247e-12,1.014e+2,1.765e-15,2.989e-11,1.227e+2,3.137e-12
286.84,2.189e+2,1.373e-11,6.660e-13,1.502e-22,1.251e-12,5.003e+1,1.766e-15,4.004e-12,1.689e+2,1.075e-12
286.89,2.598e+2,1.373e-11,6.629e-13,1.492e-22,1.254e-12,2.421e+1,1.767e-15,5.043e-13,2.356e+2,3.467e-13
286.94,3.410e+2,1.374e-11,6.599e-13,1.482e-22,1.258e-12,1.365e+1,1.768e-15,3.341e-13,3.274e+2,1.052e-13
286.98,4.340e+2,1.374e-11,6.575e-13,1.474e-22,1.261e-12,1.284e+1,1.768e-15,1.981e-13,4.211e+2,3.877e-14
287.03,5.851e+2,1.375e-11,6.544e-13,1.464e-22,1.265e-12,2.129e+1,1.769e-15,2.793e-14,5.638e+2,1.054e-14
287.08,7.755e+2,1.375e-11,6.514e-13,1.454e-22,1.269e-12,4.507e+1,1.770e-15,2.210e-13,7.304e+2,2.696e-15
287.13,1.007e+3,1.376e-11,6.483e-13,1.444e-22,1.273e-12,9.581e+1,1.771e-15,1.647e-12,9.107e+2,6.487e-16
287.18,1.283e+3,1.377e-11,6.453e-13,1.434e-22,1.277e-12,1.938e+2,1.772e-15,1.156e-11,1.089e+3,1.469e-16
287.23,1.617e+3,1.377e-11,6.422e-13,1.424e-22,1.280e-12,3.697e+2,1.774e-15,7.642e-11,1.247e+3,3.129e-17
287.28,2.031e+3,1.378e-11,6.392e-13,1.414e-22,1.284e-12,6.641e+2,1.775e-15,4.758e-10,1.367e+3,6.270e-18
287.33,2.558e+3,1.378e-11,6.361e-13,1.404e-22,1.288e-12,1.123e+3,1.776e-15,2.790e-9,1.435e+3,1.182e-18
287.38,3.233e+3,1.379e-11,6.331e-13,1.393e-22,1.292e-12,1.788e+3,1.777e-15,1.540e-8,1.445e+3,2.097e-19
287.42,3.896e+3,1.379e-11,6.307e-13,1.385e-22,1.295e-12,2.483e+3,1.777e-15,5.789e-8,1.413e+3,5.032e-20
287.47,4.876e+3,1.380e-11,6.276e-13,1.375e-22,1.299e-12,3.546e+3,1.778e-15,2.870e-7,1.329e+3,7.999e-21
287.52,5.977e+3,1.381e-11,6.246e-13,1.365e-22,1.303e-12,4.768e+3,1.779e-15,1.340e-6,1.209e+3,1.196e-21
287.57,7.102e+3,1.381e-11,6.215e-13,1.355e-22,1.307e-12,6.035e+3,1.780e-15,5.891e-6,1.067e+3,1.683e-22
287.62,8.110e+3,1.382e-11,6.185e-13,1.345e-22,1.310e-12,7.193e+3,1.781e-15,2.439e-5,9.166e+2,2.228e-23
287.67,8.846e+3,1.382e-11,6.154e-13,1.335e-22,1.314e-12,8.076e+3,1.783e-15,9.514e-5,7.702e+2,1.432e-24
287.72,9.184e+3,1.383e-11,6.124e-13,1.325e-22,1.318e-12,8.547e+3,1.784e-15,3.495e-4,6.373e+2,2.318e-24
287.77,9.064e+3,1.383e-11,6.093e-13,1.315e-22,1.322e-12,8.539e+3,1.785e-15,1.209e-3,5.253e+2,3.204e-24
287.81,8.658e+3,1.384e-11,6.069e-13,1.307e-22,1.325e-12,8.204e+3,1.785e-15,3.125e-3,4.543e+2,3.912e-24
287.86,7.863e+3,1.384e-11,6.038e-13,1.297e-22,1.329e-12,7.472e+3,1.786e-15,9.704e-3,3.914e+2,4.798e-24
287.91,6.926e+3,1.385e-11,6.008e-13,1.287e-22,1.333e-12,6.567e+3,1.787e-15,2.838e-2,3.588e+2,5.684e-24
287.96,6.069e+3,1.386e-11,5.978e-13,1.277e-22,1.337e-12,5.713e+3,1.788e-15,7.818e-2,3.563e+2,6.570e-24
288.01,5.505e+3,1.386e-11,5.947e-13,1.267e-22,1.340e-12,5.123e+3,1.789e-15,2.028e-1,3.819e+2,7.456e-24
288.06,5.391e+3,1.387e-11,5.917e-13,1.257e-22,1.344e-12,4.958e+3,1.790e-15,4.956e-1,4.318e+2,8.341e-24
288.11,5.797e+3,1.387e-11,5.886e-13,1.247e-22,1.348e-12,5.296e+3,1.791e-15,1.140e+0,5.003e+2,9.227e-24
288.16,6.691e+3,1.388e-11,5.856e-13,1.237e-22,1.352e-12,6.110e+3,1.793e-15,2.472e+0,5.792e+2,1.011e-23
288.20,7.668e+3,1.388e-11,5.831e-13,1.229e-22,1.355e-12,7.021e+3,1.793e-15,4.395e+0,6.429e+2,1.082e-23
288.25,9.037e+3,1.389e-11,5.801e-13,1.219e-22,1.359e-12,8.315e+3,1.794e-15,8.551e+0,7.133e+2,1.171e-23
288.30,1.033e+4,1.390e-11,5.770e-13,1.209e-22,1.363e-12,9.550e+3,1.795e-15,1.567e+1,7.624e+2,1.259e-23
288.35,1.129e+4,1.390e-11,5.740e-13,1.199e-22,1.366e-12,1.048e+4,1.796e-15,2.705e+1,7.802e+2,1.348e-23
288.40,1.172e+4,1.391e-11,5.710e-13,1.189e-22,1.370e-12,1.091e+4,1.797e-15,4.398e+1,7.614e+2,1.437e-23
288.45,1.154e+4,1.391e-11,5.679e-13,1.179e-22,1.374e-12,1.077e+4,1.798e-15,6.737e+1,7.065e+2,1.525e-23
288.50,1.079e+4,1.392e-11,5.649e-13,1.169e-22,1.378e-12,1.007e+4,1.799e-15,9.726e+1,6.219e+2,1.614e-23
288.55,9.607e+3,1.393e-11,5.618e-13,1.159e-22,1.382e-12,8.956e+3,1.800e-15,1.324e+2,5.186e+2,1.702e-23
288.60,8.216e+3,1.393e-11,5.588e-13,1.149e-22,1.386e-12,7.636e+3,1.802e-15,1.700e+2,4.094e+2,1.791e-23
288.64,7.098e+3,1.394e-11,5.563e-13,1.141e-22,1.389e-12,6.573e+3,1.802e-15,1.995e+2,3.257e+2,1.862e-23
288.69,5.851e+3,1.394e-11,5.533e-13,1.131e-22,1.393e-12,5.386e+3,1.803e-15,2.320e+2,2.329e+2,1.950e-23
288.74,4.876e+3,1.395e-11,5.502e-13,1.121e-22,1.396e-12,4.461e+3,1.804e-15,2.567e+2,1.579e+2,2.039e-23
288.79,4.210e+3,1.395e-11,5.472e-13,1.111e-22,1.400e-12,3.835e+3,1.805e-15,2.726e+2,1.021e+2,2.127e-23
288.84,3.824e+3,1.396e-11,5.442e-13,1.101e-22,1.404e-12,3.478e+3,1.806e-15,2.814e+2,6.401e+1,2.216e-23
288.89,3.646e+3,1.396e-11,5.411e-13,1.091e-22,1.408e-12,3.317e+3,1.807e-15,2.883e+2,4.093e+1,2.305e-23
288.94,3.592e+3,1.397e-11,5.381e-13,1.081e-22,1.412e-12,3.261e+3,1.808e-15,3.008e+2,3.010e+1,2.393e-23
288.99,3.582e+3,1.398e-11,5.350e-13,1.071e-22,1.416e-12,3.225e+3,1.809e-15,3.274e+2,2.963e+1,2.482e-23
289.03,3.566e+3,1.398e-11,5.326e-13,1.063e-22,1.419e-12,3.166e+3,1.810e-15,3.638e+2,3.624e+1,2.553e-23
289.08,3.506e+3,1.399e-11,5.295e-13,1.053e-22,1.422e-12,3.021e+3,1.811e-15,4.320e+2,5.357e+1,2.641e-23
289.13,3.390e+3,1.399e-11,5.265e-13,1.043e-22,1.426e-12,2.782e+3,1.812e-15,5.257e+2,8.187e+1,2.730e-23
289.18,3.220e+3,1.400e-11,5.234e-13,1.033e-22,1.430e-12,2.458e+3,1.813e-15,6.400e+2,1.220e+2,2.818e-23
289.23,3.013e+3,1.400e-11,5.204e-13,1.023e-22,1.434e-12,2.075e+3,1.814e-15,7.644e+2,1.737e+2,2.907e-23
289.28,2.789e+3,1.401e-11,5.173e-13,1.012e-22,1.438e-12,1.669e+3,1.815e-15,8.846e+2,2.351e+2,2.996e-23
289.33,2.563e+3,1.402e-11,5.143e-13,1.002e-22,1.442e-12,1.277e+3,1.816e-15,9.843e+2,3.020e+2,3.084e-23
289.38,2.344e+3,1.402e-11,5.113e-13,9.924e-23,1.446e-12,9.263e+2,1.817e-15,1.049e+3,3.683e+2,3.173e-23
289.42,2.176e+3,1.403e-11,5.088e-13,9.844e-23,1.449e-12,6.894e+2,1.818e-15,1.070e+3,4.163e+2,3.244e-23
289.47,1.973e+3,1.403e-11,5.058e-13,9.744e-23,1.452e-12,4.536e+2,1.819e-15,1.055e+3,4.641e+2,3.332e-23
289.52,1.777e+3,1.404e-11,5.027e-13,9.644e-23,1.097e-11,2.822e+2,1.820e-15,1.001e+3,4.935e+2,3.421e-23
289.57,1.590e+3,1.404e-11,4.997e-13,9.543e-23,7.818e-11,1.659e+2,1.821e-15,9.224e+2,5.017e+2,3.509e-23
289.62,1.418e+3,1.405e-11,4.966e-13,9.443e-23,5.250e-10,9.210e+1,1.822e-15,8.378e+2,4.885e+2,3.598e-23
289.67,1.271e+3,1.406e-11,4.936e-13,9.343e-23,3.324e-9,4.825e+1,1.823e-15,7.664e+2,4.565e+2,3.687e-23
289.72,1.156e+3,1.406e-11,4.905e-13,9.243e-23,1.984e-8,2.384e+1,1.824e-15,7.224e+2,4.099e+2,3.775e-23
289.77,1.078e+3,1.407e-11,4.875e-13,9.142e-23,1.116e-7,1.111e+1,1.825e-15,7.128e+2,3.542e+2,3.864e-23
289.82,1.036e+3,1.407e-11,4.845e-13,9.042e-23,5.921e-7,4.881e+0,1.826e-15,7.363e+2,2.946e+2,3.952e-23
289.86,1.023e+3,1.408e-11,4.820e-13,8.962e-23,2.156e-6,2.423e+0,1.827e-15,7.735e+2,2.472e+2,4.023e-23
289.91,1.025e+3,1.408e-11,4.790e-13,8.862e-23,1.029e-5,9.568e-1,1.828e-15,8.328e+2,1.917e+2,4.112e-23
289.96,1.036e+3,1.409e-11,4.759e-13,8.761e-23,4.626e-5,3.563e-1,1.829e-15,8.932e+2,1.428e+2,4.200e-23
290.01,1.044e+3,1.410e-11,4.729e-13,8.661e-23,1.961e-4,1.259e-1,1.830e-15,9.418e+2,1.022e+2,4.289e-23
290.06,1.038e+3,1.410e-11,4.698e-13,8.561e-23,7.840e-4,4.500e-2,1.831e-15,9.679e+2,7.020e+1,4.377e-23
290.11,1.011e+3,1.411e-11,4.668e-13,8.461e-23,2.954e-3,2.486e-2,1.832e-15,9.649e+2,4.643e+1,4.466e-23
290.16,9.602e+2,1.411e-11,4.637e-13,8.360e-23,1.050e-2,4.002e-2,1.833e-15,9.303e+2,2.982e+1,4.555e-23
290.21,8.858e+2,1.412e-11,4.607e-13,8.260e-23,3.515e-2,1.041e-1,1.834e-15,8.667e+2,1.899e+1,4.643e-23
290.25,8.136e+2,1.412e-11,4.583e-13,8.180e-23,8.860e-2,2.281e-1,1.835e-15,7.998e+2,1.354e+1,4.714e-23
290.30,7.158e+2,1.413e-11,4.552e-13,8.080e-23,2.668e-1,5.823e-1,1.836e-15,7.054e+2,9.632e+0,4.803e-23
290.35,6.218e+2,1.414e-11,4.522e-13,7.979e-23,7.577e-1,1.403e+0,1.837e-15,6.117e+2,7.945e+0,4.891e-23
290.40,5.454e+2,1.414e-11,4.491e-13,7.879e-23,2.028e+0,3.186e+0,1.838e-15,5.326e+2,7.594e+0,4.980e-23
290.45,4.990e+2,1.415e-11,4.461e-13,7.779e-23,5.118e+0,6.822e+0,1.839e-15,4.792e+2,7.915e+0,5.068e-23
290.50,4.921e+2,1.415e-11,4.430e-13,7.679e-23,1.218e+1,1.377e+1,1.840e-15,4.578e+2,8.439e+0,5.157e-23
290.55,5.305e+2,1.416e-11,4.400e-13,7.578e-23,2.731e+1,2.620e+1,1.841e-15,4.681e+2,8.871e+0,5.246e-23
290.60,6.174e+2,1.416e-11,4.369e-13,7.478e-23,5.775e+1,4.699e+1,1.842e-15,5.036e+2,9.082e+0,5.334e-23
290.65,7.561e+2,1.417e-11,4.339e-13,7.378e-23,1.151e+2,7.946e+1,1.843e-15,5.524e+2,9.091e+0,5.423e-23
290.69,9.082e+2,1.417e-11,4.315e-13,7.298e-23,1.916e+2,1.159e+2,1.844e-15,5.916e+2,9.038e+0,5.494e-23
290.74,1.158e+3,1.418e-11,4.284e-13,7.197e-23,3.435e+2,1.763e+2,1.845e-15,6.291e+2,9.054e+0,5.582e-23
290.79,1.486e+3,1.419e-11,4.254e-13,7.097e-23,5.805e+2,2.527e+2,1.846e-15,6.438e+2,9.335e+0,5.671e-23
290.84,1.906e+3,1.419e-11,4.223e-13,6.997e-23,9.248e+2,3.414e+2,1.847e-15,6.295e+2,1.000e+1,5.759e-23
290.89,2.421e+3,1.420e-11,4.193e-13,6.896e-23,1.389e+3,4.349e+2,1.848e-15,5.862e+2,1.106e+1,5.848e-23
290.94,3.021e+3,1.420e-11,4.162e-13,6.796e-23,1.967e+3,5.222e+2,1.849e-15,5.192e+2,1.239e+1,5.937e-23
290.99,3.668e+3,1.421e-11,4.132e-13,6.696e-23,2.626e+3,5.911e+2,1.850e-15,4.373e+2,1.375e+1,6.025e-23
291.04,4.301e+3,1.422e-11,4.101e-13,6.596e-23,3.305e+3,6.307e+2,1.851e-15,3.508e+2,1.486e+1,6.114e-23
291.08,4.744e+3,1.422e-11,4.077e-13,6.515e-23,3.807e+3,6.367e+2,1.852e-15,2.852e+2,1.539e+1,6.185e-23
291.13,5.150e+3,1.423e-11,4.047e-13,6.415e-23,4.309e+3,6.109e+2,1.853e-15,2.150e+2,1.545e+1,6.273e-23
291.18,5.330e+3,1.423e-11,4.016e-13,6.315e-23,4.598e+3,5.526e+2,1.854e-15,1.647e+2,1.478e+1,6.362e-23
291.23,5.250e+3,1.424e-11,3.986e-13,6.215e-23,4.625e+3,4.712e+2,1.855e-15,1.407e+2,1.347e+1,6.450e-23
291.28,4.926e+3,1.424e-11,3.955e-13,6.114e-23,4.386e+3,3.788e+2,1.856e-15,1.498e+2,1.172e+1,6.539e-23
291.33,4.418e+3,1.425e-11,3.925e-13,6.014e-23,3.921e+3,2.870e+2,1.857e-15,1.999e+2,9.818e+0,6.627e-23
291.38,3.818e+3,1.426e-11,3.894e-13,5.914e-23,3.305e+3,2.050e+2,1.858e-15,3.001e+2,8.059e+0,6.716e-23
291.43,3.230e+3,1.426e-11,3.864e-13,5.814e-23,2.626e+3,1.381e+2,1.859e-15,4.590e+2,6.713e+0,6.805e-23
291.47,2.828e+3,1.427e-11,3.839e-13,5.733e-23,2.094e+3,9.643e+1,1.860e-15,6.318e+2,6.066e+0,6.875e-23
291.52,2.464e+3,1.427e-11,3.809e-13,5.633e-23,1.496e+3,5.839e+1,1.861e-15,9.033e+2,5.884e+0,6.964e-23
291.57,2.272e+3,1.428e-11,3.778e-13,5.533e-23,1.008e+3,3.333e+1,1.862e-15,1.225e+3,6.410e+0,7.053e-23
291.62,2.237e+3,1.428e-11,3.748e-13,5.433e-23,6.401e+2,1.794e+1,1.863e-15,1.571e+3,7.558e+0,7.141e-23
291.67,2.309e+3,1.429e-11,3.718e-13,5.332e-23,3.833e+2,9.112e+0,1.864e-15,1.908e+3,9.157e+0,7.230e-23
291.72,2.427e+3,1.429e-11,3.687e-13,5.232e-23,2.163e+2,4.391e+0,1.865e-15,2.196e+3,1.097e+1,7.318e-23
291.77,2.532e+3,1.430e-11,3.657e-13,5.132e-23,1.151e+2,2.079e+0,1.866e-15,2.402e+3,1.277e+1,7.407e-23
291.82,2.584e+3,1.431e-11,3.626e-13,5.032e-23,5.775e+1,1.158e+0,1.867e-15,2.510e+3,1.436e+1,7.496e-23
291.87,2.571e+3,1.431e-11,3.596e-13,4.931e-23,2.731e+1,1.174e+0,1.868e-15,2.527e+3,1.577e+1,7.584e-23
291.91,2.525e+3,1.432e-11,3.571e-13,4.851e-23,1.438e+1,1.878e+0,1.869e-15,2.492e+3,1.699e+1,7.655e-23
291.96,2.457e+3,1.432e-11,3.541e-13,4.751e-23,6.116e+0,4.075e+0,1.870e-15,2.427e+3,1.940e+1,7.744e-23
292.01,2.421e+3,1.433e-11,3.510e-13,4.651e-23,2.452e+0,8.860e+0,1.871e-15,2.385e+3,2.438e+1,7.832e-23
292.06,2.462e+3,1.433e-11,3.480e-13,4.550e-23,9.270e-1,1.835e+1,1.872e-15,2.407e+3,3.488e+1,7.921e-23
292.11,2.606e+3,1.434e-11,3.450e-13,4.450e-23,3.303e-1,3.591e+1,1.873e-15,2.514e+3,5.540e+1,8.009e-23
292.16,2.857e+3,1.435e-11,3.419e-13,4.350e-23,1.110e-1,6.632e+1,1.874e-15,2.698e+3,9.224e+1,8.098e-23
292.21,3.194e+3,1.435e-11,3.389e-13,4.250e-23,3.539e-2,1.156e+2,1.875e-15,2.925e+3,1.532e+2,8.187e-23
292.26,3.580e+3,1.436e-11,3.358e-13,4.149e-23,1.137e-2,1.902e+2,1.876e-15,3.144e+3,2.464e+2,8.275e-23
292.30,3.897e+3,1.436e-11,3.334e-13,4.069e-23,6.183e-3,2.717e+2,1.877e-15,3.277e+3,3.486e+2,8.346e-23
292.35,4.272e+3,1.437e-11,3.303e-13,3.969e-23,8.787e-3,4.035e+2,1.878e-15,3.356e+3,5.129e+2,8.435e-23
292.40,4.604e+3,1.437e-11,3.273e-13,3.869e-23,2.435e-2,5.666e+2,1.879e-15,3.324e+3,7.140e+2,8.523e-23
292.45,4.886e+3,1.438e-11,3.242e-13,3.768e-23,7.065e-2,7.541e+2,1.880e-15,3.193e+3,9.386e+2,8.612e-23
292.50,5.123e+3,1.439e-11,3.212e-13,3.668e-23,1.951e-1,9.539e+2,1.881e-15,3.005e+3,1.165e+3,8.700e-23
292.55,5.329e+3,1.439e-11,3.182e-13,3.568e-23,5.090e-1,1.152e+3,1.882e-15,2.813e+3,1.363e+3,8.789e-23
292.60,5.516e+3,1.440e-11,3.151e-13,3.468e-23,1.253e+0,1.339e+3,1.883e-15,2.670e+3,1.506e+3,8.877e-23
292.65,5.695e+3,1.440e-11,3.121e-13,3.367e-23,2.909e+0,1.512e+3,1.884e-15,2.612e+3,1.569e+3,8.966e-23
292.70,5.873e+3,1.441e-11,3.090e-13,3.267e-23,6.376e+0,1.679e+3,1.885e-15,2.645e+3,1.542e+3,9.055e-23
292.74,6.014e+3,1.441e-11,3.066e-13,3.187e-23,1.146e+1,1.822e+3,1.886e-15,2.722e+3,1.458e+3,9.125e-23
292.79,6.185e+3,1.442e-11,3.035e-13,3.087e-23,2.262e+1,2.030e+3,1.887e-15,2.842e+3,1.291e+3,9.214e-23
292.84,6.339e+3,1.443e-11,3.005e-13,2.986e-23,4.215e+1,2.283e+3,1.888e-15,2.935e+3,1.078e+3,9.303e-23
292.89,6.457e+3,1.443e-11,2.974e-13,2.886e-23,7.414e+1,2.584e+3,1.889e-15,2.949e+3,8.489e+2,9.391e-23
292.94,6.516e+3,1.444e-11,2.944e-13,2.786e-23,1.231e+2,2.913e+3,1.890e-15,2.850e+3,6.309e+2,9.480e-23
292.99,6.496e+3,1.444e-11,2.913e-13,2.686e-23,1.932e+2,3.228e+3,1.891e-15,2.632e+3,4.424e+2,9.568e-23
293.04,6.383e+3,1.445e-11,2.883e-13,2.585e-23,2.863e+2,3.484e+3,1.892e-15,2.320e+3,2.927e+2,9.657e-23
293.09,6.186e+3,1.445e-11,2.853e-13,2.485e-23,4.014e+2,3.639e+3,1.893e-15,1.963e+3,1.829e+2,9.746e-23
293.13,5.989e+3,1.446e-11,2.828e-13,2.405e-23,5.058e+2,3.679e+3,1.894e-15,1.684e+3,1.205e+2,9.816e-23
293.18,5.742e+3,1.447e-11,2.798e-13,2.305e-23,6.438e+2,3.634e+3,1.895e-15,1.396e+3,6.814e+1,9.905e-23
293.23,5.566e+3,1.447e-11,2.767e-13,2.204e-23,7.793e+2,3.523e+3,1.896e-15,1.227e+3,3.673e+1,9.994e-23
293.28,5.545e+3,1.448e-11,2.737e-13,2.104e-23,9.003e+2,3.408e+3,1.897e-15,1.218e+3,1.925e+1,1.008e-22
293.33,5.756e+3,1.448e-11,2.706e-13,2.004e-23,9.981e+2,3.356e+3,1.898e-15,1.391e+3,1.032e+1,1.017e-22
293.38,6.242e+3,1.449e-11,2.676e-13,1.903e-23,1.069e+3,3.419e+3,1.899e-15,1.748e+3,6.276e+0,1.026e-22
293.43,7.001e+3,1.449e-11,2.645e-13,1.803e-23,1.118e+3,3.617e+3,1.900e-15,2.262e+3,4.864e+0,1.035e-22
293.48,7.976e+3,1.450e-11,2.615e-13,1.703e-23,1.151e+3,3.939e+3,1.901e-15,2.881e+3,4.799e+0,1.044e-22
293.52,8.840e+3,1.450e-11,2.591e-13,1.623e-23,1.174e+3,4.262e+3,1.902e-15,3.399e+3,5.262e+0,1.051e-22
293.57,9.912e+3,1.451e-11,2.560e-13,1.522e-23,1.210e+3,4.700e+3,1.903e-15,3.996e+3,6.239e+0,1.060e-22
293.62,1.085e+4,1.452e-11,2.530e-13,1.422e-23,1.265e+3,5.125e+3,1.904e-15,4.450e+3,7.615e+0,1.068e-22
293.67,1.154e+4,1.452e-11,2.499e-13,1.322e-23,1.356e+3,5.488e+3,1.905e-15,4.684e+3,9.555e+0,1.077e-22
293.72,1.193e+4,1.453e-11,2.469e-13,1.222e-23,1.504e+3,5.761e+3,1.906e-15,4.655e+3,1.249e+1,1.086e-22
293.77,1.205e+4,1.453e-11,2.438e-13,1.121e-23,1.737e+3,5.933e+3,1.907e-15,4.367e+3,1.727e+1,1.095e-22
293.82,1.200e+4,1.454e-11,2.408e-13,1.021e-23,2.087e+3,6.018e+3,1.908e-15,3.866e+3,2.540e+1,1.104e-22
293.87,1.189e+4,1.455e-11,2.377e-13,9.209e-24,2.579e+3,6.046e+3,1.909e-15,3.230e+3,3.930e+1,1.113e-22
293.92,1.189e+4,1.455e-11,2.347e-13,8.207e-24,3.219e+3,6.056e+3,1.910e-15,2.548e+3,6.264e+1,1.122e-22
293.96,1.202e+4,1.456e-11,2.323e-13,7.405e-24,3.822e+3,6.081e+3,1.911e-15,2.022e+3,9.137e+1,1.129e-22
294.01,1.238e+4,1.456e-11,2.292e-13,6.402e-24,4.637e+3,6.159e+3,1.912e-15,1.439e+3,1.446e+2,1.138e-22
294.06,1.294e+4,1.457e-11,2.262e-13,5.399e-24,5.433e+3,6.309e+3,1.913e-15,9.724e+2,2.226e+2,1.146e-22
294.11,1.359e+4,1.457e-11,2.231e-13,4.397e-24,6.095e+3,6.533e+3,1.914e-15,6.324e+2,3.298e+2,1.155e-22
294.16,1.422e+4,1.458e-11,2.201e-13,3.394e-24,6.520e+3,6.818e+3,1.915e-15,4.145e+2,4.676e+2,1.164e-22
294.21,1.472e+4,1.459e-11,2.170e-13,2.391e-24,6.641e+3,7.136e+3,1.916e-15,3.080e+2,6.333e+2,1.173e-22
294.26,1.503e+4,1.459e-11,2.140e-13,1.389e-24,6.456e+3,7.454e+3,1.917e-15,3.055e+2,8.191e+2,1.182e-22
294.31,1.518e+4,1.460e-11,2.109e-13,3.863e-25,6.030e+3,7.732e+3,1.918e-15,4.080e+2,1.014e+3,1.191e-22
294.35,1.524e+4,1.460e-11,2.085e-13,1.960e-24,5.601e+3,7.895e+3,1.919e-15,5.720e+2,1.167e+3,1.198e-22
294.40,1.531e+4,1.461e-11,2.055e-13,1.418e-23,5.084e+3,7.984e+3,1.920e-15,8.917e+2,1.347e+3,1.207e-22
294.45,1.549e+4,1.461e-11,2.024e-13,9.688e-23,4.735e+3,7.900e+3,1.921e-15,1.349e+3,1.507e+3,1.216e-22
294.50,1.587e+4,1.462e-11,1.994e-13,6.253e-22,4.674e+3,7.605e+3,1.922e-15,1.944e+3,1.643e+3,1.224e-22
294.55,1.644e+4,1.462e-11,1.963e-13,3.812e-21,4.955e+3,7.083e+3,1.923e-15,2.651e+3,1.755e+3,1.233e-22
294.60,1.716e+4,1.463e-11,1.933e-13,2.195e-20,5.553e+3,6.351e+3,1.924e-15,3.418e+3,1.843e+3,1.242e-22
294.65,1.789e+4,1.464e-11,1.902e-13,1.194e-19,6.362e+3,5.462e+3,1.925e-15,4.164e+3,1.904e+3,1.251e-22
294.70,1.844e+4,1.464e-11,1.872e-13,6.136e-19,7.218e+3,4.495e+3,1.926e-15,4.795e+3,1.933e+3,1.260e-22
294.74,1.863e+4,1.465e-11,1.847e-13,2.181e-18,7.812e+3,3.727e+3,1.927e-15,5.159e+3,1.927e+3,1.267e-22
294.79,1.841e+4,1.465e-11,1.817e-13,1.011e-17,8.297e+3,2.847e+3,1.928e-15,5.385e+3,1.879e+3,1.276e-22
294.84,1.763e+4,1.466e-11,1.787e-13,4.429e-17,8.388e+3,2.121e+3,1.929e-15,5.341e+3,1.784e+3,1.285e-22
294.89,1.636e+4,1.466e-11,1.756e-13,1.832e-16,8.046e+3,1.594e+3,1.930e-15,5.062e+3,1.653e+3,1.293e-22
294.94,1.474e+4,1.467e-11,1.726e-13,7.160e-16,7.324e+3,1.290e+3,1.931e-15,4.631e+3,1.500e+3,1.302e-22
294.99,1.307e+4,1.468e-11,1.695e-13,2.643e-15,6.348e+3,1.210e+3,1.932e-15,4.159e+3,1.352e+3,1.311e-22
295.04,1.163e+4,1.468e-11,1.665e-13,9.214e-15,5.293e+3,1.351e+3,1.933e-15,3.759e+3,1.232e+3,1.320e-22
295.09,1.072e+4,1.469e-11,1.634e-13,3.034e-14,4.345e+3,1.697e+3,1.934e-15,3.518e+3,1.158e+3,1.329e-22
295.14,1.051e+4,1.469e-11,1.604e-13,9.438e-14,3.673e+3,2.227e+3,1.935e-15,3.477e+3,1.137e+3,1.338e-22
295.18,1.092e+4,1.470e-11,1.579e-13,2.246e-13,3.423e+3,2.762e+3,1.936e-15,3.582e+3,1.155e+3,1.345e-22
295.23,1.211e+4,1.470e-11,1.549e-13,6.304e-13,3.537e+3,3.527e+3,1.937e-15,3.844e+3,1.207e+3,1.354e-22
295.28,1.393e+4,1.471e-11,1.518e-13,1.672e-12,4.150e+3,4.336e+3,1.938e-15,4.174e+3,1.266e+3,1.363e-22
295.33,1.613e+4,1.472e-11,1.488e-13,4.187e-12,5.226e+3,5.110e+3,1.939e-15,4.485e+3,1.305e+3,1.371e-22
295.38,1.843e+4,1.472e-11,1.458e-13,9.904e-12,6.657e+3,5.770e+3,1.940e-15,4.704e+3,1.301e+3,1.380e-22
295.43,2.056e+4,1.473e-11,1.427e-13,2.213e-11,8.269e+3,6.257e+3,1.941e-15,4.790e+3,1.242e+3,1.389e-22
295.48,2.225e+4,1.473e-11,1.397e-13,4.672e-11,9.836e+3,6.546e+3,1.942e-15,4.739e+3,1.128e+3,1.398e-22
295.53,2.333e+4,1.474e-11,1.366e-13,9.314e-11,1.112e+4,6.655e+3,1.943e-15,4.580e+3,9.719e+2,1.407e-22
295.57,2.367e+4,1.474e-11,1.342e-13,1.553e-10,1.179e+4,6.646e+3,1.944e-15,4.406e+3,8.294e+2,1.414e-22
295.62,2.346e+4,1.475e-11,1.311e-13,2.793e-10,1.207e+4,6.568e+3,1.945e-15,4.168e+3,6.470e+2,1.423e-22
295.67,2.257e+4,1.476e-11,1.281e-13,4.747e-10,1.169e+4,6.468e+3,1.946e-15,3.944e+3,4.770e+2,1.432e-22
295.72,2.114e+4,1.476e-11,1.250e-13,7.621e-10,1.069e+4,6.369e+3,1.947e-15,3.752e+3,3.322e+2,1.441e-22
295.77,1.931e+4,1.477e-11,1.220e-13,1.156e-9,9.240e+3,6.261e+3,1.948e-15,3.592e+3,2.186e+2,1.449e-22
295.82,1.723e+4,1.477e-11,1.190e-13,1.655e-9,7.548e+3,6.097e+3,1.949e-15,3.452e+3,1.358e+2,1.458e-22
295.87,1.504e+4,1.478e-11,1.159e-13,2.239e-9,5.828e+3,5.825e+3,1.950e-15,3.311e+3,7.968e+1,1.467e-22
295.92,1.285e+4,1.478e-11,1.129e-13,2.862e-9,4.253e+3,5.404e+3,1.951e-15,3.150e+3,4.416e+1,1.476e-22
295.97,1.075e+4,1.479e-11,1.098e-13,3.454e-9,2.934e+3,4.829e+3,1.952e-15,2.961e+3,2.311e+1,1.485e-22
296.01,9.179e+3,1.480e-11,1.074e-13,3.854e-9,2.095e+3,4.276e+3,1.953e-15,2.795e+3,1.322e+1,1.492e-22
296.06,7.422e+3,1.480e-11,1.043e-13,4.198e-9,1.310e+3,3.517e+3,1.954e-15,2.589e+3,6.257e+0,1.501e-22
296.11,5.961e+3,1.481e-11,1.013e-13,4.319e-9,7.819e+2,2.749e+3,1.955e-15,2.427e+3,2.839e+0,1.510e-22
296.16,4.868e+3,1.481e-11,9.824e-14,4.198e-9,4.552e+2,2.037e+3,1.956e-15,2.374e+3,1.319e+0,1.518e-22
296.21,4.212e+3,1.482e-11,9.519e-14,3.854e-9,2.761e+2,1.429e+3,1.957e-15,2.506e+3,8.151e-1,1.527e-22
296.26,4.050e+3,1.482e-11,9.215e-14,3.342e-9,2.009e+2,9.484e+2,1.958e-15,2.900e+3,9.599e-1,1.536e-22
296.31,4.413e+3,1.483e-11,8.910e-14,2.737e-9,1.989e+2,5.951e+2,1.959e-15,3.617e+3,1.740e+0,1.545e-22
296.36,5.291e+3,1.484e-11,8.606e-14,2.118e-9,2.506e+2,3.530e+2,1.960e-15,4.684e+3,3.432e+0,1.554e-22
296.40,6.325e+3,1.484e-11,8.362e-14,1.655e-9,3.224e+2,2.231e+2,1.961e-15,5.774e+3,5.810e+0,1.561e-22
296.45,7.930e+3,1.485e-11,8.057e-14,1.156e-9,4.419e+2,1.195e+2,1.962e-15,7.358e+3,1.076e+1,1.570e-22
296.50,9.715e+3,1.485e-11,7.753e-14,7.621e-10,5.848e+2,6.044e+1,1.963e-15,9.051e+3,1.893e+1,1.579e-22
296.55,1.146e+4,1.486e-11,7.448e-14,4.747e-10,7.381e+2,2.889e+1,1.964e-15,1.066e+4,3.157e+1,1.588e-22
296.60,1.293e+4,1.486e-11,7.144e-14,2.793e-10,8.864e+2,1.304e+1,1.965e-15,1.199e+4,4.991e+1,1.596e-22
296.65,1.394e+4,1.487e-11,6.839e-14,1.553e-10,1.014e+3,5.561e+0,1.966e-15,1.285e+4,7.471e+1,1.605e-22
296.70,1.436e+4,1.488e-11,6.535e-14,8.151e-11,1.108e+3,2.240e+0,1.967e-15,1.314e+4,1.059e+2,1.614e-22
296.75,1.418e+4,1.488e-11,6.230e-14,4.042e-11,1.160e+3,8.527e-1,1.395e-14,1.288e+4,1.420e+2,1.623e-22
296.79,1.368e+4,1.489e-11,5.986e-14,2.213e-11,1.169e+3,3.785e-1,6.419e-14,1.234e+4,1.726e+2,1.630e-22
296.84,1.276e+4,1.489e-11,5.682e-14,9.904e-12,1.146e+3,1.328e-1,4.114e-13,1.141e+4,2.094e+2,1.639e-22
296.89,1.172e+4,1.490e-11,5.377e-14,4.187e-12,1.088e+3,5.210e-2,2.493e-12,1.039e+4,2.403e+2,1.648e-22
296.94,1.079e+4,1.490e-11,5.073e-14,1.672e-12,1.007e+3,4.374e-2,1.428e-11,9.519e+3,2.607e+2,1.657e-22
296.99,1.013e+4,1.491e-11,4.768e-14,6.304e-13,9.088e+2,9.322e-2,7.734e-11,8.950e+3,2.675e+2,1.666e-22
297.04,9.825e+3,1.492e-11,4.463e-14,2.246e-13,8.009e+2,2.463e-1,3.960e-10,8.764e+3,2.594e+2,1.674e-22
297.09,9.869e+3,1.492e-11,4.159e-14,7.556e-14,6.879e+2,6.360e-1,1.917e-9,8.942e+3,2.378e+2,1.683e-22
297.14,1.016e+4,1.493e-11,3.854e-14,2.402e-14,5.740e+2,1.557e+0,8.775e-9,9.374e+3,2.060e+2,1.692e-22
297.19,1.052e+4,1.493e-11,3.550e-14,7.210e-15,4.632e+2,3.605e+0,3.797e-8,9.887e+3,1.687e+2,1.701e-22
297.23,1.075e+4,1.494e-11,3.306e-14,2.643e-15,3.798e+2,6.775e+0,1.177e-7,1.023e+4,1.381e+2,1.708e-22
297.28,1.081e+4,1.494e-11,3.001e-14,7.160e-16,2.855e+2,1.417e+1,4.604e-7,1.041e+4,1.021e+2,1.717e-22
297.33,1.053e+4,1.495e-11,2.697e-14,1.832e-16,2.052e+2,2.802e+1,1.702e-6,1.022e+4,7.142e+1,1.726e-22
297.38,9.852e+3,1.495e-11,2.392e-14,4.429e-17,1.405e+2,5.237e+1,5.951e-6,9.612e+3,4.723e+1,1.735e-22
297.43,8.839e+3,1.496e-11,2.088e-14,1.011e-17,9.161e+1,9.251e+1,1.967e-5,8.625e+3,2.962e+1,1.743e-22
297.48,7.606e+3,1.497e-11,1.783e-14,2.181e-18,5.686e+1,1.545e+2,6.146e-5,7.377e+3,1.779e+1,1.752e-22
297.53,6.305e+3,1.497e-11,1.478e-14,4.443e-19,3.391e+1,2.438e+2,1.816e-4,6.016e+3,1.065e+1,1.761e-22
297.58,5.089e+3,1.498e-11,1.174e-14,8.549e-20,2.023e+1,3.637e+2,5.071e-4,4.697e+3,7.269e+0,1.770e-22
297.62,4.260e+3,1.498e-11,9.302e-15,2.195e-20,1.458e+1,4.810e+2,1.108e-3,3.758e+3,6.937e+0,1.777e-22
297.67,3.474e+3,1.499e-11,6.256e-15,3.812e-21,1.320e+1,6.483e+2,2.796e-3,2.803e+3,9.740e+0,1.786e-22
297.72,2.997e+3,1.499e-11,3.210e-15,6.253e-22,1.827e+1,8.261e+2,6.674e-3,2.135e+3,1.743e+1,1.795e-22
297.77,2.832e+3,1.500e-11,1.642e-16,9.688e-23,3.135e+1,9.949e+2,1.506e-2,1.772e+3,3.301e+1,1.804e-22
297.82,2.957e+3,1.501e-11,1.161e-15,1.418e-23,5.553e+1,1.133e+3,3.213e-2,1.708e+3,6.191e+1,1.813e-22
297.87,3.352e+3,1.501e-11,7.763e-15,1.414e-23,9.509e+1,1.219e+3,6.479e-2,1.926e+3,1.130e+2,1.821e-22
297.92,4.000e+3,1.502e-11,4.910e-14,1.410e-23,1.548e+2,1.239e+3,1.236e-1,2.407e+3,1.995e+2,1.830e-22
297.97,4.895e+3,1.502e-11,2.937e-13,1.407e-23,2.384e+2,1.191e+3,2.227e-1,3.125e+3,3.398e+2,1.839e-22
298.01,5.785e+3,1.503e-11,1.180e-12,1.404e-23,3.237e+2,1.109e+3,3.428e-1,3.846e+3,5.060e+2,1.846e-22
298.06,7.102e+3,1.503e-11,6.386e-12,1.400e-23,4.508e+2,9.629e+2,5.585e-1,4.885e+3,8.023e+2,1.855e-22
298.11,8.608e+3,1.504e-11,3.268e-11,1.396e-23,5.937e+2,7.907e+2,8.605e-1,6.005e+3,1.218e+3,1.864e-22
298.16,1.022e+4,1.505e-11,1.582e-10,1.393e-23,7.391e+2,6.138e+2,1.253e+0,7.104e+3,1.765e+3,1.873e-22
298.21,1.182e+4,1.505e-11,7.242e-10,1.389e-23,8.699e+2,4.507e+2,1.726e+0,8.061e+3,2.438e+3,1.882e-22
298.26,1.324e+4,1.506e-11,3.136e-9,1.385e-23,9.679e+2,3.137e+2,2.247e+0,8.755e+3,3.205e+3,1.890e-22
298.31,1.432e+4,1.506e-11,1.284e-8,1.382e-23,1.018e+3,2.082e+2,2.765e+0,9.084e+3,4.004e+3,1.899e-22
298.36,1.489e+4,1.507e-11,4.975e-8,1.378e-23,1.012e+3,1.344e+2,3.218e+0,8.990e+3,4.749e+3,1.908e-22
298.41,1.486e+4,1.507e-11,1.823e-7,1.374e-23,9.517e+2,8.957e+1,3.540e+0,8.477e+3,5.343e+3,1.917e-22
298.45,1.440e+4,1.508e-11,4.950e-7,1.371e-23,8.699e+2,7.205e+1,3.669e+0,7.806e+3,5.650e+3,1.924e-22
298.50,1.332e+4,1.509e-11,1.641e-6,1.368e-23,7.391e+2,7.067e+1,3.649e+0,6.736e+3,5.774e+3,1.933e-22
298.55,1.182e+4,1.509e-11,5.146e-6,1.364e-23,5.937e+2,9.072e+1,3.430e+0,5.539e+3,5.592e+3,1.942e-22
298.60,1.007e+4,1.510e-11,1.527e-5,1.360e-23,4.508e+2,1.320e+2,3.049e+0,4.355e+3,5.130e+3,1.951e-22
298.65,8.281e+3,1.510e-11,4.286e-5,1.357e-23,3.236e+2,1.945e+2,2.562e+0,3.302e+3,4.458e+3,1.960e-22
298.70,6.626e+3,1.511e-11,1.138e-4,1.353e-23,2.196e+2,2.771e+2,2.035e+0,2.457e+3,3.670e+3,1.968e-22
298.75,5.237e+3,1.511e-11,2.861e-4,1.349e-23,1.409e+2,3.759e+2,1.529e+0,1.857e+3,2.862e+3,1.977e-22
298.80,4.182e+3,1.512e-11,6.804e-4,1.346e-23,8.547e+1,4.831e+2,1.086e+0,1.499e+3,2.114e+3,1.986e-22
298.84,3.591e+3,1.513e-11,1.308e-3,1.343e-23,5.502e+1,5.674e+2,7.928e-1,1.372e+3,1.596e+3,1.993e-22
298.89,3.149e+3,1.513e-11,2.821e-3,1.339e-23,3.016e+1,6.598e+2,5.088e-1,1.389e+3,1.069e+3,2.002e-22
298.94,2.998e+3,1.514e-11,5.760e-3,1.335e-23,1.563e+1,7.256e+2,3.088e-1,1.577e+3,6.791e+2,3.029e-21
298.99,3.096e+3,1.514e-11,1.115e-2,1.332e-23,7.661e+0,7.546e+2,1.771e-1,1.925e+3,4.088e+2,2.110e-20
299.04,3.412e+3,1.515e-11,2.047e-2,1.328e-23,3.554e+0,7.420e+2,9.608e-2,2.433e+3,2.334e+2,1.391e-19
299.09,3.927e+3,1.515e-11,3.565e-2,1.324e-23,1.575e+0,6.900e+2,4.927e-2,3.109e+3,1.264e+2,8.676e-19
299.14,4.625e+3,1.516e-11,5.902e-2,1.321e-23,7.062e-1,6.067e+2,2.389e-2,3.952e+3,6.496e+1,5.122e-18
299.19,5.473e+3,1.517e-11,9.295e-2,1.317e-23,4.281e-1,5.044e+2,1.095e-2,4.936e+3,3.172e+1,2.862e-17
299.24,6.412e+3,1.517e-11,1.395e-1,1.313e-23,5.593e-1,3.966e+2,4.744e-3,6.000e+3,1.474e+1,1.513e-16
299.28,7.164e+3,1.518e-11,1.867e-1,1.310e-23,1.015e+0,3.143e+2,2.334e-3,6.841e+3,7.729e+0,5.512e-16
299.33,8.009e+3,1.518e-11,2.581e-1,1.307e-23,2.344e+0,2.234e+2,9.141e-4,7.780e+3,3.389e+0,2.639e-15
299.38,8.637e+3,1.519e-11,3.420e-1,1.303e-23,5.275e+0,1.502e+2,3.385e-4,8.480e+3,1.656e+0,1.196e-14
299.43,8.960e+3,1.519e-11,4.353e-1,1.299e-23,1.128e+1,9.550e+1,1.185e-4,8.851e+3,1.368e+0,5.129e-14
299.48,8.951e+3,1.520e-11,5.334e-1,1.296e-23,2.283e+1,5.741e+1,3.923e-5,8.868e+3,2.276e+0,2.082e-13
299.53,8.661e+3,1.521e-11,6.304e-1,1.292e-23,4.371e+1,3.263e+1,1.228e-5,8.579e+3,4.886e+0,7.996e-13
299.58,8.214e+3,1.521e-11,7.193e-1,1.288e-23,7.918e+1,1.754e+1,3.632e-6,8.106e+3,1.055e+1,2.907e-12
299.63,7.781e+3,1.522e-11,7.927e-1,1.285e-23,1.357e+2,8.916e+0,1.016e-6,7.614e+3,2.178e+1,1.000e-11
299.67,7.565e+3,1.522e-11,8.352e-1,1.282e-23,2.006e+2,4.984e+0,3.520e-7,7.322e+3,3.742e+1,2.583e-11
299.72,7.580e+3,1.523e-11,8.628e-1,1.278e-23,3.110e+2,2.291e+0,8.900e-8,7.196e+3,7.001e+1,8.048e-11
299.77,7.983e+3,1.523e-11,8.580e-1,1.274e-23,4.562e+2,9.955e-1,2.127e-8,7.401e+3,1.240e+2,2.373e-10
299.82,8.764e+3,1.524e-11,8.195e-1,1.271e-23,6.331e+2,4.091e-1,4.808e-9,7.923e+3,2.076e+2,6.623e-10
299.87,9.822e+3,1.525e-11,7.501e-1,1.267e-23,8.310e+2,1.590e-1,1.027e-9,8.661e+3,3.290e+2,1.749e-9
299.92,1.098e+4,1.525e-11,6.564e-1,1.263e-23,1.032e+3,5.843e-2,2.075e-10,9.454e+3,4.931e+2,4.373e-9
299.97,1.202e+4,1.526e-11,5.482e-1,1.259e-23,1.212e+3,2.030e-2,3.962e-11,1.011e+4,6.994e+2,1.035e-8
300.02,1.275e+4,1.526e-11,4.360e-1,1.256e-23,1.347e+3,6.672e-3,7.152e-12,1.047e+4,9.383e+2,2.317e-8
300.06,1.300e+4,1.527e-11,3.502e-1,1.253e-23,1.408e+3,2.631e-3,1.746e-12,1.045e+4,1.141e+3,4.243e-8
300.11,1.282e+4,1.527e-11,2.543e-1,1.249e-23,1.416e+3,7.817e-4,2.850e-13,1.002e+4,1.385e+3,8.605e-8
300.16,1.211e+4,1.528e-11,1.752e-1,1.245e-23,1.347e+3,2.196e-4,4.397e-14,9.167e+3,1.591e+3,1.652e-7
300.21,1.095e+4,1.528e-11,1.145e-1,1.242e-23,1.212e+3,5.846e-5,6.414e-15,8.006e+3,1.729e+3,3.001e-7
300.26,9.501e+3,1.529e-11,7.094e-2,1.238e-23,1.032e+3,1.523e-5,8.845e-16,6.692e+3,1.778e+3,5.162e-7
300.31,7.958e+3,1.530e-11,4.163e-2,1.234e-23,8.310e+2,6.242e-6,8.748e-16,5.398e+3,1.729e+3,8.407e-7
300.36,6.502e+3,1.530e-11,2.313e-2,1.231e-23,6.331e+2,1.342e-5,8.650e-16,4.278e+3,1.591e+3,1.297e-6
300.41,5.287e+3,1.531e-11,1.217e-2,1.227e-23,4.562e+2,5.493e-5,8.553e-16,3.446e+3,1.385e+3,1.898e-6
300.46,4.420e+3,1.531e-11,6.061e-3,1.223e-23,3.110e+2,2.247e-4,8.455e-16,2.968e+3,1.141e+3,2.636e-6
300.50,4.008e+3,1.532e-11,3.334e-3,1.220e-23,2.199e+2,6.680e-4,8.377e-16,2.850e+3,9.383e+2,3.309e-6
300.55,3.844e+3,1.532e-11,1.503e-3,1.217e-23,1.357e+2,2.482e-3,8.280e-16,3.009e+3,6.994e+2,4.225e-6
300.60,4.020e+3,1.533e-11,6.414e-4,1.213e-23,7.918e+1,8.732e-3,8.183e-16,3.447e+3,4.931e+2,5.200e-6
300.65,4.444e+3,1.534e-11,2.589e-4,1.209e-23,4.371e+1,2.907e-2,8.085e-16,4.072e+3,3.290e+2,6.253e-6
300.70,5.002e+3,1.534e-11,9.884e-5,1.206e-23,2.283e+1,9.163e-2,7.988e-16,4.772e+3,2.076e+2,7.496e-6
300.75,5.568e+3,1.535e-11,3.570e-5,1.202e-23,1.128e+1,2.734e-1,7.890e-16,5.432e+3,1.240e+2,9.177e-6
300.80,6.026e+3,1.535e-11,1.220e-5,1.198e-23,5.271e+0,7.719e-1,7.793e-16,5.950e+3,7.001e+1,1.170e-5
300.85,6.289e+3,1.536e-11,3.943e-6,1.195e-23,2.330e+0,2.063e+0,7.696e-16,6.247e+3,3.741e+1,1.562e-5
300.89,6.324e+3,1.536e-11,1.535e-6,1.192e-23,1.165e+0,4.355e+0,7.618e-16,6.297e+3,2.177e+1,2.017e-5
300.94,6.143e+3,1.537e-11,4.489e-7,1.188e-23,4.662e-1,1.054e+1,7.520e-16,6.121e+3,1.053e+1,2.804e-5
300.99,5.737e+3,1.538e-11,1.243e-7,1.184e-23,1.764e-1,2.416e+1,7.423e-16,5.708e+3,4.818e+0,3.861e-5
301.04,5.170e+3,1.538e-11,3.289e-8,1.181e-23,6.317e-2,5.242e+1,7.325e-16,5.115e+3,2.085e+0,5.168e-5
301.09,4.522e+3,1.539e-11,9.764e-9,1.177e-23,2.139e-2,1.076e+2,7.228e-16,4.413e+3,8.539e-1,6.649e-5
301.14,3.885e+3,1.539e-11,8.969e-9,1.173e-23,6.855e-3,2.092e+2,7.131e-16,3.675e+3,3.308e-1,8.163e-5
301.19,3.351e+3,1.540e-11,2.806e-8,1.170e-23,2.077e-3,3.849e+2,7.033e-16,2.966e+3,1.212e-1,9.528e-5
301.24,3.009e+3,1.540e-11,1.022e-7,1.166e-23,5.956e-4,6.704e+2,6.936e-16,2.339e+3,4.203e-2,1.055e-4
301.29,2.941e+3,1.541e-11,3.574e-7,1.162e-23,1.616e-4,1.105e+3,6.838e-16,1.835e+3,1.379e-2,1.107e-4
301.33,3.132e+3,1.542e-11,9.357e-7,1.159e-23,5.465e-5,1.584e+3,6.760e-16,1.547e+3,5.430e-3,1.106e-4
301.38,3.732e+3,1.542e-11,2.967e-6,1.156e-23,1.341e-5,2.366e+3,6.663e-16,1.366e+3,1.612e-3,1.052e-4
301.43,4.781e+3,1.543e-11,8.910e-6,1.152e-23,3.114e-6,3.345e+3,6.566e-16,1.436e+3,4.527e-4,9.476e-5
301.48,6.317e+3,1.543e-11,2.534e-5,1.148e-23,6.840e-7,4.476e+3,6.468e-16,1.842e+3,1.203e-4,8.076e-5
301.53,8.369e+3,1.544e-11,6.824e-5,1.145e-23,1.421e-7,5.670e+3,6.371e-16,2.699e+3,3.023e-5,6.515e-5
301.58,1.096e+4,1.544e-11,1.741e-4,1.141e-23,2.793e-8,6.802e+3,6.273e-16,4.161e+3,7.189e-6,4.974e-5
301.63,1.413e+4,1.545e-11,4.205e-4,1.137e-23,5.194e-9,7.728e+3,6.176e-16,6.399e+3,1.617e-6,3.594e-5
301.68,1.789e+4,1.546e-11,9.627e-4,1.134e-23,9.135e-10,8.319e+3,6.078e-16,9.569e+3,3.442e-7,2.458e-5
301.72,2.133e+4,1.546e-11,1.796e-3,1.131e-23,2.186e-10,8.494e+3,6.001e-16,1.284e+4,9.592e-8,1.743e-5
301.77,2.613e+4,1.547e-11,3.733e-3,1.127e-23,3.479e-11,8.323e+3,5.903e-16,1.781e+4,1.847e-8,1.080e-5
301.82,3.134e+4,1.547e-11,7.356e-3,1.123e-23,5.237e-12,7.764e+3,5.806e-16,2.357e+4,3.366e-9,6.327e-6
301.87,3.664e+4,1.548e-11,1.375e-2,1.120e-23,7.460e-13,6.927e+3,5.708e-16,2.971e+4,5.803e-10,3.510e-6
301.92,4.159e+4,1.548e-11,2.440e-2,1.116e-23,7.460e-13,5.961e+3,5.611e-16,3.563e+4,9.469e-11,1.843e-6
301.97,4.563e+4,1.549e-11,4.112e-2,1.112e-23,7.460e-13,5.012e+3,5.514e-16,4.062e+4,1.490e-11,9.156e-7
302.02,4.822e+4,1.550e-11,6.592e-2,1.109e-23,7.459e-13,4.197e+3,5.416e-16,4.402e+4,3.988e-12,4.306e-7
302.07,4.896e+4,1.550e-11,1.006e-1,1.105e-23,7.459e-13,3.582e+3,5.319e-16,4.537e+4,1.117e-11,1.916e-7
302.11,4.811e+4,1.551e-11,1.363e-1,1.102e-23,7.459e-13,3.242e+3,5.241e-16,4.487e+4,4.513e-11,9.638e-8
302.16,4.538e+4,1.551e-11,1.913e-1,1.098e-23,7.459e-13,2.979e+3,5.143e-16,4.241e+4,2.463e-10,3.885e-8
302.21,4.119e+4,1.552e-11,2.569e-1,1.095e-23,7.459e-13,2.839e+3,5.046e-16,3.835e+4,1.273e-9,1.482e-8
302.26,3.611e+4,1.552e-11,3.310e-1,1.091e-23,7.458e-13,2.755e+3,4.949e-16,3.336e+4,6.232e-9,5.350e-9
302.31,3.082e+4,1.553e-11,4.102e-1,1.087e-23,7.458e-13,2.670e+3,4.851e-16,2.815e+4,2.890e-8,1.828e-9
302.36,2.585e+4,1.554e-11,4.900e-1,1.083e-23,7.458e-13,2.554e+3,4.754e-16,2.330e+4,1.270e-7,5.911e-10
302.41,2.159e+4,1.554e-11,5.653e-1,1.080e-23,7.458e-13,2.408e+3,4.656e-16,1.918e+4,5.282e-7,1.809e-10
302.46,1.820e+4,1.555e-11,6.307e-1,1.076e-23,7.457e-13,2.261e+3,4.559e-16,1.593e+4,2.082e-6,5.239e-11
302.51,1.564e+4,1.555e-11,6.809e-1,1.072e-23,7.457e-13,2.166e+3,4.461e-16,1.348e+4,7.773e-6,1.436e-11
302.55,1.412e+4,1.556e-11,7.067e-1,1.069e-23,7.457e-13,2.166e+3,4.384e-16,1.196e+4,2.145e-5,4.902e-12
302.60,1.273e+4,1.556e-11,7.177e-1,1.066e-23,7.457e-13,2.302e+3,4.286e-16,1.043e+4,7.262e-5,1.217e-12
302.65,1.177e+4,1.557e-11,7.030e-1,1.062e-23,7.457e-13,2.619e+3,4.189e-16,9.149e+3,2.330e-4,2.859e-13
302.70,1.111e+4,1.558e-11,6.625e-1,1.058e-23,7.456e-13,3.113e+3,4.091e-16,7.994e+3,7.078e-4,6.357e-14
302.75,1.067e+4,1.558e-11,5.994e-1,1.055e-23,7.456e-13,3.744e+3,3.994e-16,6.922e+3,2.037e-3,1.338e-14
302.80,1.037e+4,1.559e-11,5.193e-1,1.051e-23,7.456e-13,4.433e+3,3.897e-16,5.935e+3,5.554e-3,2.665e-15
302.85,1.013e+4,1.559e-11,4.299e-1,1.047e-23,7.456e-13,5.076e+3,3.799e-16,5.058e+3,1.434e-2,5.023e-16
302.90,9.873e+3,1.560e-11,3.394e-1,1.044e-23,7.456e-13,5.566e+3,3.702e-16,4.306e+3,3.508e-2,8.960e-17
302.94,9.580e+3,1.560e-11,2.712e-1,1.041e-23,7.455e-13,5.786e+3,3.624e-16,3.794e+3,6.901e-2,2.169e-17
302.99,9.048e+3,1.561e-11,1.959e-1,1.037e-23,7.455e-13,5.798e+3,3.526e-16,3.250e+3,1.531e-1,3.504e-18
303.04,8.299e+3,1.561e-11,1.344e-1,1.033e-23,7.455e-13,5.512e+3,3.429e-16,2.787e+3,3.218e-1,5.358e-19
303.09,7.351e+3,1.562e-11,8.761e-2,1.030e-23,7.455e-13,4.965e+3,3.332e-16,2.385e+3,6.405e-1,7.753e-20
303.14,6.275e+3,1.563e-11,5.416e-2,1.026e-23,7.454e-13,4.238e+3,3.234e-16,2.036e+3,1.208e+0,1.062e-20
303.19,5.179e+3,1.563e-11,3.176e-2,1.022e-23,7.454e-13,3.426e+3,3.137e-16,1.751e+3,2.157e+0,1.061e-20
303.24,4.184e+3,1.564e-11,1.765e-2,1.019e-23,7.454e-13,2.623e+3,3.039e-16,1.557e+3,3.650e+0,1.061e-20
303.29,3.398e+3,1.564e-11,9.297e-3,1.015e-23,7.454e-13,1.902e+3,2.942e-16,1.489e+3,5.849e+0,1.060e-20
303.33,2.972e+3,1.565e-11,5.355e-3,1.012e-23,7.454e-13,1.414e+3,2.864e-16,1.550e+3,8.204e+0,1.060e-20
303.38,2.728e+3,1.565e-11,2.559e-3,1.008e-23,7.453e-13,9.298e+2,2.767e-16,1.787e+3,1.193e+1,1.059e-20
303.43,2.801e+3,1.566e-11,1.159e-3,1.005e-23,7.453e-13,5.789e+2,2.669e-16,2.205e+3,1.642e+1,1.058e-20
303.48,3.144e+3,1.567e-11,4.968e-4,1.001e-23,7.453e-13,3.413e+2,2.572e-16,2.781e+3,2.142e+1,1.058e-20
303.53,3.676e+3,1.567e-11,2.018e-4,9.973e-24,7.453e-13,1.905e+2,2.474e-16,3.459e+3,2.646e+1,1.057e-20
303.58,4.288e+3,1.568e-11,7.759e-5,9.936e-24,7.453e-13,1.008e+2,2.377e-16,4.156e+3,3.096e+1,1.057e-20
303.63,4.859e+3,1.568e-11,2.826e-5,9.899e-24,7.452e-13,5.047e+1,2.279e-16,4.774e+3,3.432e+1,1.056e-20
303.68,5.276e+3,1.569e-11,9.747e-6,9.863e-24,7.452e-13,2.400e+1,2.182e-16,5.216e+3,3.604e+1,1.055e-20
303.73,5.456e+3,1.570e-11,3.183e-6,9.826e-24,7.452e-13,1.099e+1,2.085e-16,5.409e+3,3.584e+1,1.055e-20
303.77,5.400e+3,1.570e-11,1.250e-6,9.796e-24,7.452e-13,5.998e+0,2.007e-16,5.360e+3,3.432e+1,1.054e-20
303.82,5.082e+3,1.571e-11,3.702e-7,9.760e-24,7.452e-13,3.646e+0,1.909e-16,5.048e+3,3.096e+1,1.054e-20
303.87,4.536e+3,1.571e-11,1.038e-7,9.723e-24,7.451e-13,4.337e+0,1.812e-16,4.505e+3,2.646e+1,1.053e-20
303.92,3.840e+3,1.572e-11,2.755e-8,9.686e-24,7.451e-13,8.347e+0,1.715e-16,3.811e+3,2.142e+1,1.053e-20
303.97,3.092e+3,1.572e-11,6.925e-9,9.649e-24,7.451e-13,1.768e+1,1.617e-16,3.057e+3,1.642e+1,1.052e-20
304.02,2.381e+3,1.573e-11,1.648e-9,9.612e-24,7.451e-13,3.646e+1,1.520e-16,2.333e+3,1.194e+1,1.051e-20
304.07,1.786e+3,1.573e-11,3.715e-10,9.575e-24,7.450e-13,7.157e+1,1.422e-16,1.707e+3,8.228e+0,1.051e-20
304.12,1.362e+3,1.574e-11,7.928e-11,9.539e-24,7.450e-13,1.333e+2,1.325e-16,1.223e+3,5.404e+0,1.050e-20
304.16,1.172e+3,1.575e-11,2.215e-11,9.509e-24,7.450e-13,2.110e+2,1.247e-16,9.576e+2,3.761e+0,1.050e-20
304.21,1.147e+3,1.575e-11,4.285e-12,9.472e-24,7.450e-13,3.573e+2,1.150e-16,7.875e+2,2.396e+0,1.049e-20
304.26,1.382e+3,1.576e-11,7.849e-13,9.436e-24,7.450e-13,5.737e+2,1.052e-16,8.061e+2,1.696e+0,1.049e-20
304.31,1.899e+3,1.576e-11,1.361e-13,9.399e-24,7.449e-13,8.739e+2,9.547e-17,1.023e+3,1.587e+0,1.048e-20
304.36,2.713e+3,1.577e-11,2.236e-14,9.362e-24,7.449e-13,1.263e+3,8.573e-17,1.448e+3,2.060e+0,1.047e-20
304.41,3.821e+3,1.577e-11,3.477e-15,9.325e-24,7.449e-13,1.734e+3,7.599e-17,2.084e+3,3.179e+0,1.047e-20
304.46,5.183e+3,1.578e-11,5.119e-16,9.288e-24,7.449e-13,2.260e+3,6.625e-17,2.918e+3,5.058e+0,1.046e-20
304.51,6.713e+3,1.579e-11,4.960e-16,9.251e-24,7.449e-13,2.799e+3,5.651e-17,3.906e+3,7.826e+0,1.046e-20
304.56,8.277e+3,1.579e-11,4.802e-16,9.215e-24,7.448e-13,3.296e+3,4.677e-17,4.970e+3,1.156e+1,1.045e-20
304.60,9.440e+3,1.580e-11,4.675e-16,9.185e-24,7.448e-13,3.624e+3,3.897e-17,5.801e+3,1.521e+1,1.045e-20
304.65,1.063e+4,1.580e-11,4.516e-16,9.148e-24,7.448e-13,3.904e+3,2.923e-17,6.709e+3,2.045e+1,1.044e-20
304.70,1.139e+4,1.581e-11,4.357e-16,9.111e-24,7.448e-13,4.008e+3,1.949e-17,7.354e+3,2.605e+1,1.043e-20
304.75,1.160e+4,1.581e-11,4.198e-16,9.075e-24,7.447e-13,3.925e+3,9.751e-18,7.640e+3,3.147e+1,1.043e-20
304.80,1.123e+4,1.582e-11,4.040e-16,9.038e-24,7.447e-13,3.671e+3,9.539e-21,7.526e+3,3.604e+1,1.042e-20
304.85,1.035e+4,1.583e-11,3.881e-16,9.001e-24,7.447e-13,3.284e+3,6.643e-20,7.031e+3,3.915e+1,1.042e-20
304.90,9.090e+3,1.583e-11,3.722e-16,8.964e-24,7.447e-13,2.814e+3,4.387e-19,6.235e+3,4.040e+1,1.041e-20
304.95,7.613e+3,1.584e-11,3.563e-16,8.927e-24,7.447e-13,2.317e+3,2.747e-18,5.256e+3,3.968e+1,1.040e-20
304.99,6.402e+3,1.584e-11,3.436e-16,8.898e-24,7.446e-13,1.934e+3,1.147e-17,4.430e+3,3.785e+1,1.040e-20
305.04,4.988e+3,1.585e-11,3.278e-16,8.861e-24,7.446e-13,1.511e+3,6.526e-17,3.443e+3,3.444e+1,1.039e-20
305.09,3.806e+3,1.585e-11,3.119e-16,8.824e-24,7.446e-13,1.182e+3,3.521e-16,2.594e+3,3.051e+1,1.039e-20
305.14,2.944e+3,1.586e-11,2.960e-16,8.787e-24,7.446e-13,9.767e+2,1.801e-15,1.941e+3,2.683e+1,1.038e-20
305.19,2.457e+3,1.587e-11,2.801e-16,8.751e-24,7.446e-13,9.233e+2,8.738e-15,1.510e+3,2.411e+1,1.038e-20
305.24,2.381e+3,1.587e-11,2.642e-16,8.714e-24,7.445e-13,1.051e+3,4.020e-14,1.307e+3,2.274e+1,1.037e-20
305.29,2.744e+3,1.588e-11,2.484e-16,8.677e-24,7.445e-13,1.390e+3,1.753e-13,1.332e+3,2.284e+1,1.036e-20
305.34,3.578e+3,1.588e-11,2.325e-16,8.640e-24,7.445e-13,1.971e+3,7.251e-13,1.583e+3,2.417e+1,1.036e-20
305.38,4.599e+3,1.589e-11,2.198e-16,8.611e-24,7.445e-13,2.624e+3,2.173e-12,1.949e+3,2.579e+1,1.035e-20
305.43,6.322e+3,1.589e-11,2.039e-16,8.574e-24,7.445e-13,3.677e+3,8.166e-12,2.617e+3,2.802e+1,1.035e-20
305.48,8.505e+3,1.590e-11,1.880e-16,8.537e-24,7.444e-13,4.966e+3,2.910e-11,3.509e+3,2.997e+1,1.034e-20
305.53,1.105e+4,1.591e-11,1.722e-16,8.500e-24,7.444e-13,6.420e+3,9.834e-11,4.598e+3,3.128e+1,1.034e-20
305.58,1.378e+4,1.591e-11,1.563e-16,8.463e-24,7.444e-13,7.924e+3,3.151e-10,5.824e+3,3.198e+1,1.033e-20
305.63,1.645e+4,1.592e-11,1.404e-16,8.427e-24,7.444e-13,9.326e+3,9.573e-10,7.093e+3,3.253e+1,1.032e-20
305.68,1.878e+4,1.592e-11,9.577e-16,8.390e-24,7.443e-13,1.046e+4,2.758e-9,8.286e+3,3.389e+1,1.032e-20
305.73,2.049e+4,1.593e-11,6.195e-15,8.353e-24,7.443e-13,1.118e+4,7.534e-9,9.270e+3,3.735e+1,1.031e-20
305.78,2.136e+4,1.593e-11,3.801e-14,8.316e-24,7.443e-13,1.139e+4,1.952e-8,9.927e+3,4.439e+1,1.031e-20
305.82,2.137e+4,1.594e-11,1.562e-13,8.287e-24,7.443e-13,1.116e+4,4.022e-8,1.016e+4,5.352e+1,1.030e-20
305.87,2.055e+4,1.594e-11,8.713e-13,8.250e-24,7.443e-13,1.044e+4,9.467e-8,1.004e+4,7.007e+1,1.030e-20
305.92,1.893e+4,1.595e-11,4.610e-12,8.213e-24,7.442e-13,9.353e+3,2.113e-7,9.486e+3,9.242e+1,1.029e-20
305.97,1.678e+4,1.596e-11,2.314e-11,8.176e-24,7.442e-13,8.088e+3,4.472e-7,8.570e+3,1.196e+2,1.028e-20
306.02,1.444e+4,1.596e-11,1.101e-10,8.139e-24,7.442e-13,6.882e+3,8.975e-7,7.404e+3,1.494e+2,1.028e-20
306.07,1.229e+4,1.597e-11,4.972e-10,8.103e-24,7.442e-13,5.984e+3,1.708e-6,6.124e+3,1.784e+2,1.027e-20
306.12,1.070e+4,1.597e-11,2.129e-9,8.066e-24,7.442e-13,5.634e+3,3.081e-6,4.868e+3,2.030e+2,1.027e-20
306.17,1.001e+4,1.598e-11,8.647e-9,8.029e-24,7.441e-13,6.042e+3,5.272e-6,3.752e+3,2.195e+2,1.026e-20
306.21,1.027e+4,1.598e-11,2.554e-8,7.999e-24,7.441e-13,7.027e+3,7.797e-6,3.021e+3,2.250e+2,1.026e-20
306.26,1.173e+4,1.599e-11,9.433e-8,7.963e-24,7.441e-13,9.159e+3,1.212e-5,2.352e+3,2.213e+2,1.025e-20
306.31,1.446e+4,1.600e-11,3.304e-7,7.926e-24,7.441e-13,1.228e+4,1.787e-5,1.976e+3,2.065e+2,1.024e-20
306.36,1.832e+4,1.600e-11,1.098e-6,7.889e-24,7.440e-13,1.625e+4,2.498e-5,1.884e+3,1.827e+2,1.024e-20
306.41,2.295e+4,1.104e-10,3.458e-6,7.852e-24,7.440e-13,2.076e+4,3.312e-5,2.042e+3,1.533e+2,1.023e-20
306.46,2.787e+4,7.230e-10,1.034e-5,7.815e-24,7.440e-13,2.535e+4,4.162e-5,2.394e+3,1.220e+2,1.023e-20
306.51,3.246e+4,4.491e-9,2.930e-5,7.778e-24,7.440e-13,2.950e+4,4.961e-5,2.868e+3,9.237e+1,1.022e-20
306.56,3.613e+4,2.646e-8,7.877e-5,7.742e-24,7.440e-13,3.268e+4,5.606e-5,3.376e+3,6.669e+1,1.022e-20
306.61,3.841e+4,1.479e-7,2.009e-4,7.705e-24,7.439e-13,3.453e+4,6.007e-5,3.831e+3,4.636e+1,1.021e-20
306.65,3.909e+4,5.645e-7,4.089e-4,7.675e-24,7.439e-13,3.496e+4,6.110e-5,4.101e+3,3.421e+1,1.020e-20
306.70,3.862e+4,2.870e-6,9.481e-4,7.639e-24,7.439e-13,3.433e+4,5.950e-5,4.270e+3,2.387e+1,1.020e-20
306.75,3.708e+4,1.385e-5,2.085e-3,7.602e-24,7.439e-13,3.284e+4,5.494e-5,4.224e+3,1.816e+1,1.019e-20
306.80,3.516e+4,6.339e-5,4.349e-3,7.565e-24,7.439e-13,3.117e+4,4.810e-5,3.968e+3,1.612e+1,1.019e-20
306.85,3.369e+4,2.753e-4,8.604e-3,7.528e-24,7.438e-13,3.013e+4,3.993e-5,3.539e+3,1.673e+1,1.018e-20
306.90,3.347e+4,1.134e-3,1.615e-2,7.491e-24,7.438e-13,3.045e+4,3.144e-5,3.003e+3,1.909e+1,1.017e-20
306.95,3.510e+4,4.433e-3,2.873e-2,7.454e-24,7.438e-13,3.265e+4,2.346e-5,2.432e+3,2.244e+1,1.017e-20
307.00,3.888e+4,1.644e-2,4.851e-2,7.418e-24,7.438e-13,3.695e+4,1.661e-5,1.897e+3,2.628e+1,1.016e-20
307.04,4.342e+4,4.516e-2,7.099e-2,7.388e-24,7.438e-13,4.185e+4,1.212e-5,1.535e+3,2.954e+1,1.016e-20
307.09,5.069e+4,1.523e-1,1.090e-1,7.351e-24,7.437e-13,4.946e+4,7.797e-6,1.195e+3,3.405e+1,1.015e-20
307.14,5.918e+4,4.875e-1,1.586e-1,7.315e-24,7.437e-13,5.814e+4,4.755e-6,1.002e+3,3.971e+1,1.015e-20
307.19,6.818e+4,1.480e+0,2.190e-1,7.278e-24,7.437e-13,6.717e+4,2.750e-6,9.582e+2,4.783e+1,1.014e-20
307.24,7.693e+4,4.263e+0,2.868e-1,7.241e-24,7.437e-13,7.581e+4,1.508e-6,1.054e+3,6.021e+1,1.013e-20
307.29,8.483e+4,1.165e+1,3.563e-1,7.204e-24,7.436e-13,8.347e+4,7.841e-7,1.264e+3,7.893e+1,1.013e-20
307.34,9.143e+4,3.020e+1,4.197e-1,7.167e-24,7.436e-13,8.974e+4,3.866e-7,1.555e+3,1.059e+2,1.012e-20
307.39,9.657e+4,7.429e+1,4.690e-1,7.130e-24,7.436e-13,9.447e+4,1.807e-7,1.881e+3,1.421e+2,1.012e-20
307.43,9.966e+4,1.470e+2,4.935e-1,7.101e-24,7.436e-13,9.720e+4,9.467e-8,2.135e+3,1.777e+2,1.011e-20
307.48,1.025e+5,3.288e+2,5.014e-1,7.064e-24,7.436e-13,9.952e+4,4.022e-8,2.401e+3,2.290e+2,1.011e-20
307.53,1.045e+5,6.979e+2,4.831e-1,7.027e-24,7.435e-13,1.010e+5,1.620e-8,2.572e+3,2.843e+2,1.010e-20
307.58,1.063e+5,1.405e+3,4.416e-1,6.990e-24,7.435e-13,1.019e+5,6.189e-9,2.620e+3,3.385e+2,1.009e-20
307.63,1.082e+5,2.685e+3,3.828e-1,6.954e-24,7.435e-13,1.026e+5,2.241e-9,2.540e+3,3.856e+2,1.009e-20
307.68,1.105e+5,4.867e+3,3.148e-1,6.917e-24,7.435e-13,1.028e+5,7.698e-10,2.345e+3,4.196e+2,1.008e-20
307.73,1.133e+5,8.370e+3,2.455e-1,6.880e-24,7.435e-13,1.024e+5,2.507e-10,2.069e+3,4.362e+2,1.008e-20
307.78,1.166e+5,1.366e+4,1.816e-1,6.843e-24,7.434e-13,1.007e+5,7.741e-11,1.756e+3,4.329e+2,1.007e-20
307.83,1.202e+5,2.114e+4,1.274e-1,6.806e-24,7.434e-13,9.717e+4,2.267e-11,1.448e+3,4.104e+2,1.007e-20
307.87,1.232e+5,2.886e+4,9.241e-2,6.777e-24,7.434e-13,9.272e+4,8.166e-12,1.233e+3,3.804e+2,1.006e-20
307.92,1.270e+5,4.064e+4,5.900e-2,6.740e-24,7.434e-13,8.503e+4,2.173e-12,1.026e+3,3.321e+2,1.005e-20
307.97,1.307e+5,5.428e+4,3.585e-2,6.703e-24,7.434e-13,7.529e+4,5.482e-13,9.010e+2,2.770e+2,1.005e-20
308.02,1.340e+5,6.879e+4,2.093e-2,6.666e-24,7.433e-13,6.416e+4,1.311e-13,8.626e+2,2.208e+2,1.004e-20
308.07,1.364e+5,8.270e+4,1.223e-2,6.630e-24,7.433e-13,5.260e+4,2.975e-14,9.030e+2,1.682e+2,1.004e-20
308.12,1.371e+5,9.433e+4,8.166e-3,6.593e-24,7.433e-13,4.164e+4,6.399e-15,1.005e+3,1.224e+2,1.003e-20
308.17,1.355e+5,1.021e+5,7.874e-3,6.556e-24,7.433e-13,3.223e+4,1.305e-15,1.145e+3,8.515e+1,1.003e-20
308.22,1.313e+5,1.048e+5,1.136e-2,6.519e-24,7.432e-13,2.515e+4,2.524e-16,1.295e+3,5.657e+1,1.002e-20
308.26,1.261e+5,1.031e+5,1.745e-2,6.490e-24,7.432e-13,2.155e+4,6.526e-17,1.403e+3,3.945e+1,1.001e-20
308.31,1.178e+5,9.625e+4,3.060e-2,6.453e-24,7.432e-13,2.000e+4,1.147e-17,1.498e+3,2.412e+1,1.001e-20
308.36,1.089e+5,8.530e+4,5.213e-2,6.416e-24,7.432e-13,2.201e+4,1.911e-18,1.532e+3,1.407e+1,1.000e-20
308.41,1.010e+5,7.176e+4,8.473e-2,6.379e-24,7.432e-13,2.776e+4,3.020e-19,1.496e+3,7.827e+0,9.997e-21
308.46,9.597e+4,5.738e+4,1.309e-1,6.342e-24,7.431e-13,3.720e+4,4.525e-20,1.392e+3,4.152e+0,9.991e-21
308.51,9.496e+4,4.375e+4,1.918e-1,6.306e-24,7.431e-13,4.998e+4,4.511e-20,1.234e+3,2.099e+0,9.985e-21
308.56,9.846e+4,3.213e+4,2.669e-1,6.269e-24,7.431e-13,6.529e+4,4.497e-20,1.046e+3,1.011e+0,9.979e-21
308.61,1.060e+5,2.337e+4,3.524e-1,6.232e-24,7.431e-13,8.179e+4,4.483e-20,8.542e+2,4.636e-1,9.973e-21
308.65,1.142e+5,1.879e+4,4.238e-1,6.202e-24,7.431e-13,9.467e+4,4.471e-20,7.139e+2,2.398e-1,9.969e-21
308.70,1.257e+5,1.640e+4,5.091e-1,6.166e-24,7.430e-13,1.087e+5,4.457e-20,5.718e+2,1.006e-1,9.963e-21
308.75,1.373e+5,1.806e+4,5.804e-1,6.129e-24,7.430e-13,1.187e+5,4.443e-20,4.790e+2,4.012e-2,9.957e-21
308.80,1.479e+5,2.421e+4,6.278e-1,6.092e-24,7.430e-13,1.233e+5,4.429e-20,4.407e+2,1.522e-2,9.951e-21
308.85,1.575e+5,3.536e+4,6.445e-1,6.055e-24,7.430e-13,1.217e+5,4.415e-20,4.547e+2,5.487e-3,9.945e-21
308.90,1.666e+5,5.186e+4,6.278e-1,6.018e-24,7.429e-13,1.142e+5,4.401e-20,5.122e+2,1.880e-3,9.939e-21
308.95,1.762e+5,7.368e+4,5.804e-1,5.982e-24,7.429e-13,1.019e+5,4.387e-20,5.990e+2,6.119e-4,9.933e-21
309.00,1.873e+5,1.000e+5,5.091e-1,5.945e-24,7.429e-13,8.652e+4,4.372e-20,6.974e+2,1.892e-4,9.927e-21
309.05,1.999e+5,1.292e+5,4.238e-1,5.908e-24,7.429e-13,6.992e+4,4.358e-20,7.887e+2,5.556e-5,9.921e-21
309.09,2.106e+5,1.528e+5,3.524e-1,5.878e-24,7.429e-13,5.693e+4,4.347e-20,8.451e+2,2.008e-5,9.917e-21
309.14,2.230e+5,1.799e+5,2.669e-1,5.842e-24,7.428e-13,4.221e+4,4.333e-20,8.840e+2,5.372e-6,9.911e-21
309.19,2.317e+5,2.009e+5,1.918e-1,5.805e-24,7.428e-13,2.995e+4,4.319e-20,8.822e+2,1.364e-6,9.905e-21
309.24,2.343e+5,2.130e+5,1.308e-1,5.768e-24,7.428e-13,2.049e+4,4.305e-20,8.414e+2,3.288e-7,9.899e-21
309.29,2.289e+5,2.143e+5,8.468e-2,5.731e-24,7.428e-13,1.376e+4,4.290e-20,7.723e+2,7.522e-8,9.893e-21
309.34,2.148e+5,2.047e+5,5.201e-2,5.694e-24,7.428e-13,9.408e+3,4.276e-20,6.929e+2,1.633e-8,9.887e-21
309.39,1.931e+5,1.855e+5,3.031e-2,5.658e-24,7.427e-13,6.947e+3,4.262e-20,6.265e+2,3.365e-9,9.881e-21
309.44,1.661e+5,1.596e+5,1.676e-2,5.621e-24,7.427e-13,5.884e+3,4.248e-20,5.997e+2,6.581e-10,9.876e-21
309.48,1.426e+5,1.363e+5,1.005e-2,5.591e-24,7.427e-13,5.730e+3,4.237e-20,6.253e+2,1.717e-10,9.871e-21
309.53,1.135e+5,1.067e+5,5.058e-3,5.554e-24,7.427e-13,6.070e+3,4.223e-20,7.385e+2,3.055e-11,9.865e-21
309.58,8.694e+4,7.928e+4,2.416e-3,5.518e-24,7.427e-13,6.689e+3,4.208e-20,9.638e+2,5.119e-12,9.859e-21
309.63,6.456e+4,5.592e+4,1.095e-3,5.481e-24,7.426e-13,7.322e+3,4.194e-20,1.318e+3,8.208e-13,9.853e-21
309.68,4.702e+4,3.743e+4,4.707e-4,5.444e-24,7.426e-13,7.783e+3,4.180e-20,1.805e+3,1.248e-13,9.847e-21
309.73,3.416e+4,2.378e+4,1.921e-4,5.407e-24,7.426e-13,7.970e+3,4.166e-20,2.413e+3,1.231e-13,9.841e-21
309.78,2.532e+4,1.434e+4,7.438e-5,5.370e-24,7.426e-13,7.879e+3,4.152e-20,3.107e+3,1.214e-13,9.835e-21
309.83,1.963e+4,8.203e+3,2.733e-5,5.333e-24,7.425e-13,7.597e+3,4.138e-20,3.829e+3,1.197e-13,9.830e-21
309.88,1.625e+4,4.455e+3,9.530e-6,5.297e-24,7.425e-13,7.293e+3,4.124e-20,4.504e+3,1.180e-13,9.824e-21
309.92,1.477e+4,2.633e+3,3.951e-6,5.267e-24,7.425e-13,7.180e+3,4.112e-20,4.954e+3,1.166e-13,9.819e-21
309.97,1.404e+4,1.301e+3,1.254e-6,5.230e-24,7.425e-13,7.399e+3,4.098e-20,5.342e+3,1.149e-13,9.813e-21
310.02,1.431e+4,6.106e+2,3.774e-7,5.194e-24,7.425e-13,8.220e+3,4.084e-20,5.482e+3,1.132e-13,9.807e-21
310.07,1.543e+4,2.719e+2,1.078e-7,5.157e-24,7.424e-13,9.801e+3,4.070e-20,5.354e+3,1.115e-13,9.801e-21
310.12,1.730e+4,1.149e+2,2.924e-8,5.120e-24,7.424e-13,1.221e+4,4.056e-20,4.975e+3,1.097e-13,9.795e-21
310.17,1.984e+4,4.608e+1,7.522e-9,5.083e-24,7.424e-13,1.540e+4,4.042e-20,4.397e+3,1.080e-13,9.789e-21
310.22,2.290e+4,1.754e+1,1.836e-9,5.046e-24,7.424e-13,1.919e+4,4.027e-20,3.696e+3,1.063e-13,9.784e-21
310.27,2.625e+4,6.336e+0,4.255e-10,5.009e-24,7.424e-13,2.329e+4,4.013e-20,2.954e+3,1.046e-13,9.778e-21
310.31,2.894e+4,2.702e+0,1.272e-10,4.980e-24,7.423e-13,2.656e+4,4.002e-20,2.381e+3,1.032e-13,9.773e-21
310.36,3.201e+4,8.886e-1,2.681e-11,4.943e-24,7.423e-13,3.027e+4,3.988e-20,1.738e+3,1.015e-13,9.767e-21
310.41,3.443e+4,2.773e-1,5.363e-12,4.906e-24,7.423e-13,3.322e+4,3.974e-20,1.206e+3,9.978e-14,9.761e-21
310.46,3.587e+4,8.214e-2,1.018e-12,4.870e-24,7.423e-13,3.507e+4,3.959e-20,7.950e+2,9.807e-14,9.755e-21
310.51,3.613e+4,2.309e-2,1.834e-13,4.833e-24,7.422e-13,3.563e+4,3.945e-20,4.984e+2,9.635e-14,9.749e-21
310.56,3.514e+4,6.161e-3,3.135e-14,4.796e-24,7.422e-13,3.484e+4,3.931e-20,2.969e+2,9.464e-14,9.743e-21
310.61,3.299e+4,1.560e-3,5.085e-15,4.759e-24,7.422e-13,3.282e+4,3.917e-20,1.682e+2,9.292e-14,9.738e-21
310.66,2.990e+4,3.749e-4,7.827e-16,4.722e-24,7.422e-13,2.981e+4,3.903e-20,9.050e+1,9.120e-14,9.732e-21
310.70,2.698e+4,1.154e-4,7.810e-16,4.693e-24,7.422e-13,2.693e+4,3.892e-20,5.315e+1,8.983e-14,9.727e-21
310.75,2.308e+4,2.524e-5,7.788e-16,4.656e-24,7.421e-13,2.306e+4,3.877e-20,2.610e+1,8.811e-14,9.721e-21
310.80,1.924e+4,5.240e-6,7.766e-16,4.619e-24,7.421e-13,1.922e+4,3.863e-20,1.218e+1,8.640e-14,9.715e-21
310.85,1.573e+4,1.033e-6,7.744e-16,4.582e-24,7.421e-13,1.573e+4,3.849e-20,5.404e+0,8.468e-14,9.709e-21
310.90,1.276e+4,1.931e-7,7.722e-16,4.545e-24,7.421e-13,1.276e+4,3.835e-20,2.280e+0,8.297e-14,9.703e-21
310.95,1.038e+4,3.427e-8,7.700e-16,4.509e-24,7.421e-13,1.038e+4,3.821e-20,9.220e-1,8.125e-14,9.698e-21
311.00,8.568e+3,5.772e-9,7.677e-16,4.472e-24,7.420e-13,8.568e+3,3.807e-20,3.746e-1,7.953e-14,9.692e-21
311.05,7.218e+3,9.227e-10,7.655e-16,4.435e-24,7.420e-13,7.218e+3,3.793e-20,1.969e-1,7.782e-14,9.686e-21
311.10,6.204e+3,1.400e-10,7.633e-16,4.398e-24,7.420e-13,6.204e+3,3.778e-20,2.187e-1,7.610e-14,9.680e-21
311.14,5.558e+3,2.983e-11,7.616e-16,4.369e-24,7.420e-13,5.558e+3,3.767e-20,3.650e-1,7.473e-14,9.675e-21
311.19,4.889e+3,2.982e-11,7.594e-16,4.332e-24,7.420e-13,4.888e+3,3.753e-20,7.837e-1,7.301e-14,9.669e-21
311.24,4.343e+3,2.981e-11,7.572e-16,4.295e-24,7.419e-13,4.341e+3,3.739e-20,1.658e+0,7.130e-14,9.663e-21
311.29,3.929e+3,2.980e-11,7.549e-16,4.258e-24,7.419e-13,3.925e+3,3.725e-20,3.349e+0,6.958e-14,9.657e-21
311.34,3.690e+3,2.979e-11,7.527e-16,4.221e-24,7.419e-13,3.684e+3,3.711e-20,6.430e+0,6.786e-14,9.652e-21
311.39,3.686e+3,2.978e-11,7.505e-16,4.185e-24,7.419e-13,3.674e+3,3.696e-20,1.173e+1,6.615e-14,9.646e-21
311.44,3.967e+3,2.977e-11,7.483e-16,4.148e-24,7.418e-13,3.947e+3,3.682e-20,2.033e+1,6.443e-14,9.640e-21
311.49,4.561e+3,2.975e-11,7.461e-16,4.111e-24,7.418e-13,4.527e+3,3.668e-20,3.346e+1,6.271e-14,9.634e-21
311.53,5.254e+3,2.975e-11,7.444e-16,4.082e-24,7.418e-13,5.206e+3,3.657e-20,4.804e+1,6.134e-14,9.629e-21
311.58,6.353e+3,2.974e-11,7.422e-16,4.045e-24,7.418e-13,6.281e+3,3.643e-20,7.211e+1,5.963e-14,9.623e-21
311.63,7.623e+3,2.973e-11,7.399e-16,4.008e-24,7.418e-13,7.520e+3,3.629e-20,1.028e+2,5.791e-14,9.617e-21
311.68,8.942e+3,2.971e-11,7.377e-16,3.971e-24,7.417e-13,8.803e+3,3.614e-20,1.393e+2,5.619e-14,9.611e-21
311.73,1.017e+4,2.970e-11,7.355e-16,3.934e-24,7.417e-13,9.989e+3,3.600e-20,1.793e+2,5.448e-14,9.606e-21
311.78,1.116e+4,2.969e-11,7.333e-16,3.897e-24,7.417e-13,1.094e+4,3.586e-20,2.193e+2,5.276e-14,9.600e-21
311.83,1.180e+4,2.968e-11,7.311e-16,3.861e-24,7.417e-13,1.154e+4,3.572e-20,2.552e+2,5.104e-14,9.594e-21
311.88,1.200e+4,2.967e-11,7.289e-16,3.824e-24,7.417e-13,1.171e+4,3.558e-20,2.828e+2,4.933e-14,9.588e-21
311.92,1.182e+4,2.966e-11,7.272e-16,3.794e-24,7.416e-13,1.153e+4,3.546e-20,2.967e+2,4.796e-14,9.583e-21
311.97,1.121e+4,2.965e-11,7.249e-16,3.757e-24,7.416e-13,1.090e+4,3.532e-20,3.027e+2,4.624e-14,9.577e-21
312.02,1.021e+4,2.964e-11,7.227e-16,3.721e-24,7.416e-13,9.912e+3,3.518e-20,2.971e+2,4.452e-14,9.571e-21
312.07,8.939e+3,2.963e-11,7.205e-16,3.684e-24,7.416e-13,8.656e+3,3.504e-20,2.833e+2,4.281e-14,9.565e-21
312.12,7.529e+3,2.962e-11,7.183e-16,3.647e-24,7.416e-13,7.263e+3,3.490e-20,2.666e+2,4.109e-14,9.560e-21
312.17,6.115e+3,2.961e-11,7.161e-16,3.610e-24,7.415e-13,5.862e+3,3.476e-20,2.530e+2,3.937e-14,9.554e-21
312.22,4.819e+3,2.960e-11,7.139e-16,3.573e-24,7.415e-13,4.571e+3,3.462e-20,2.477e+2,3.766e-14,9.548e-21
312.27,3.734e+3,2.959e-11,7.117e-16,3.537e-24,7.415e-13,3.480e+3,3.447e-20,2.542e+2,3.594e-14,9.542e-21
312.32,2.923e+3,2.958e-11,7.095e-16,3.500e-24,7.415e-13,2.650e+3,3.433e-20,2.728e+2,3.423e-14,9.536e-21
312.36,2.489e+3,2.957e-11,7.077e-16,3.470e-24,7.414e-13,2.195e+3,3.422e-20,2.947e+2,3.285e-14,9.531e-21
312.41,2.218e+3,2.956e-11,7.055e-16,3.433e-24,7.414e-13,1.891e+3,3.408e-20,3.265e+2,3.114e-14,9.525e-21
312.46,2.228e+3,2.955e-11,7.033e-16,3.397e-24,7.414e-13,1.871e+3,3.394e-20,3.572e+2,2.942e-14,9.520e-21
312.51,2.487e+3,2.954e-11,7.011e-16,3.360e-24,7.414e-13,2.107e+3,3.380e-20,3.801e+2,2.770e-14,9.514e-21
312.56,2.950e+3,2.953e-11,6.989e-16,3.323e-24,7.414e-13,2.560e+3,3.365e-20,3.899e+2,2.599e-14,9.508e-21
312.61,3.566e+3,2.952e-11,6.967e-16,3.286e-24,7.413e-13,3.182e+3,3.351e-20,3.843e+2,2.427e-14,9.502e-21
312.66,4.284e+3,2.951e-11,6.945e-16,3.249e-24,7.413e-13,3.919e+3,3.337e-20,3.644e+2,2.256e-14,9.496e-21
312.71,5.046e+3,2.950e-11,6.923e-16,3.212e-24,7.413e-13,4.711e+3,3.323e-20,3.344e+2,2.084e-14,9.490e-21
312.75,5.650e+3,2.949e-11,6.905e-16,3.183e-24,7.413e-13,5.343e+3,3.312e-20,3.076e+2,1.947e-14,9.485e-21
312.80,6.354e+3,2.948e-11,6.883e-16,3.146e-24,7.413e-13,6.077e+3,3.298e-20,2.769e+2,1.775e-14,9.479e-21
312.85,6.951e+3,2.947e-11,6.861e-16,3.109e-24,7.412e-13,6.695e+3,3.283e-20,2.559e+2,1.603e-14,9.474e-21
312.90,7.394e+3,2.946e-11,6.839e-16,3.073e-24,7.412e-13,7.145e+3,3.269e-20,2.498e+2,1.432e-14,9.468e-21
312.95,7.645e+3,2.945e-11,6.817e-16,3.036e-24,7.412e-13,7.384e+3,3.255e-20,2.609e+2,1.260e-14,9.462e-21
313.00,7.674e+3,2.944e-11,6.795e-16,2.999e-24,7.412e-13,7.387e+3,3.241e-20,2.878e+2,1.089e-14,9.456e-21
313.05,7.468e+3,2.943e-11,6.773e-16,2.962e-24,7.411e-13,7.142e+3,3.227e-20,3.258e+2,9.169e-15,9.450e-21
313.10,7.033e+3,2.942e-11,6.751e-16,2.925e-24,7.411e-13,6.665e+3,3.213e-20,3.678e+2,7.453e-15,9.444e-21
313.15,6.397e+3,2.941e-11,6.729e-16,2.888e-24,7.411e-13,5.992e+3,3.199e-20,4.056e+2,5.737e-15,9.438e-21
313.19,5.777e+3,2.940e-11,6.711e-16,2.859e-24,7.411e-13,5.349e+3,3.187e-20,4.274e+2,4.364e-15,9.433e-21
313.24,4.913e+3,2.939e-11,6.689e-16,2.822e-24,7.411e-13,4.474e+3,3.173e-20,4.390e+2,2.648e-15,9.428e-21
313.29,4.016e+3,2.938e-11,6.667e-16,2.785e-24,7.410e-13,3.586e+3,3.159e-20,4.305e+2,9.316e-16,9.422e-21
313.34,3.152e+3,2.937e-11,6.645e-16,2.749e-24,7.410e-13,2.750e+3,3.145e-20,4.020e+2,6.089e-15,9.416e-21
313.39,2.372e+3,2.936e-11,6.623e-16,2.712e-24,7.410e-13,2.015e+3,3.131e-20,3.572e+2,3.785e-14,9.410e-21
313.44,1.712e+3,2.934e-11,6.601e-16,2.675e-24,7.410e-13,1.410e+3,3.116e-20,3.018e+2,2.237e-13,9.404e-21
313.49,1.184e+3,2.933e-11,6.579e-16,2.638e-24,7.410e-13,9.412e+2,3.102e-20,2.425e+2,1.257e-12,9.398e-21
313.54,7.858e+2,2.932e-11,6.557e-16,2.601e-24,7.409e-13,6.003e+2,3.088e-20,1.855e+2,6.904e-12,9.392e-21
313.58,5.518e+2,2.932e-11,6.539e-16,2.572e-24,7.409e-13,4.070e+2,3.077e-20,1.447e+2,2.559e-11,9.387e-21
313.63,3.487e+2,2.931e-11,6.517e-16,2.535e-24,7.409e-13,2.461e+2,3.063e-20,1.025e+2,1.260e-10,9.382e-21
313.68,2.273e+2,2.929e-11,6.495e-16,2.498e-24,7.409e-13,1.557e+2,3.049e-20,7.157e+1,5.913e-10,9.376e-21
313.73,1.730e+2,2.928e-11,6.473e-16,2.461e-24,7.409e-13,1.205e+2,3.034e-20,5.249e+1,2.646e-9,9.370e-21
313.78,1.786e+2,2.927e-11,6.451e-16,2.424e-24,7.408e-13,1.328e+2,3.020e-20,4.574e+1,1.130e-8,9.364e-21
313.83,2.453e+2,2.926e-11,6.429e-16,2.388e-24,7.408e-13,1.931e+2,3.006e-20,5.221e+1,4.606e-8,9.358e-21
313.88,3.822e+2,2.925e-11,6.407e-16,2.351e-24,7.408e-13,3.084e+2,2.992e-20,7.371e+1,1.795e-7,9.352e-21
313.93,6.038e+2,2.924e-11,6.385e-16,2.314e-24,7.408e-13,4.908e+2,2.978e-20,1.129e+2,6.692e-7,9.346e-21
313.97,8.526e+2,2.923e-11,6.367e-16,2.285e-24,7.407e-13,6.935e+2,2.967e-20,1.591e+2,1.859e-6,9.341e-21
314.02,1.263e+3,2.922e-11,6.345e-16,2.248e-24,7.407e-13,1.026e+3,2.952e-20,2.374e+2,6.422e-6,9.336e-21
314.07,1.785e+3,2.921e-11,6.323e-16,2.211e-24,7.407e-13,1.446e+3,2.938e-20,3.390e+2,2.130e-5,9.330e-21
314.12,2.405e+3,2.920e-11,6.301e-16,2.174e-24,7.407e-13,1.944e+3,2.924e-20,4.611e+2,6.790e-5,9.324e-21
314.17,3.092e+3,2.919e-11,6.279e-16,2.137e-24,7.407e-13,2.495e+3,2.910e-20,5.967e+2,2.084e-4,9.318e-21
314.22,3.796e+3,2.918e-11,6.257e-16,2.100e-24,7.406e-13,3.062e+3,2.896e-20,7.341e+2,6.163e-4,9.312e-21
314.27,4.462e+3,2.917e-11,6.235e-16,2.064e-24,7.406e-13,3.604e+3,2.882e-20,8.587e+2,1.757e-3,9.306e-21
314.32,5.038e+3,2.916e-11,6.213e-16,2.027e-24,7.406e-13,4.083e+3,2.868e-20,9.549e+2,4.834e-3,9.300e-21
314.37,5.488e+3,2.915e-11,6.190e-16,1.990e-24,7.406e-13,4.478e+3,2.853e-20,1.010e+3,1.283e-2,9.294e-21
314.41,5.748e+3,2.914e-11,6.173e-16,1.961e-24,7.406e-13,4.731e+3,2.842e-20,1.018e+3,2.728e-2,9.290e-21
314.46,5.960e+3,2.913e-11,6.151e-16,1.924e-24,7.405e-13,4.978e+3,2.828e-20,9.825e+2,6.775e-2,9.284e-21
314.51,6.076e+3,2.912e-11,6.129e-16,1.887e-24,7.405e-13,5.174e+3,2.814e-20,9.018e+2,1.620e-1,9.278e-21
314.56,6.136e+3,2.911e-11,6.107e-16,1.850e-24,7.405e-13,5.349e+3,2.800e-20,7.872e+2,3.725e-1,9.272e-21
314.61,6.177e+3,2.910e-11,6.085e-16,1.813e-24,7.405e-13,5.522e+3,2.786e-20,6.539e+2,8.225e-1,9.266e-21
314.66,6.220e+3,2.909e-11,6.063e-16,1.776e-24,7.404e-13,5.701e+3,2.771e-20,5.178e+2,1.742e+0,9.260e-21
314.71,6.277e+3,2.908e-11,6.040e-16,1.740e-24,7.404e-13,5.881e+3,2.757e-20,3.923e+2,3.533e+0,9.254e-21
314.76,6.348e+3,2.907e-11,6.018e-16,1.703e-24,7.404e-13,6.054e+3,2.743e-20,2.873e+2,6.855e+0,9.248e-21
314.80,6.420e+3,2.906e-11,6.001e-16,1.673e-24,7.404e-13,6.187e+3,2.732e-20,2.217e+2,1.128e+1,9.244e-21
314.85,6.544e+3,2.905e-11,5.979e-16,1.636e-24,7.404e-13,6.360e+3,2.718e-20,1.646e+2,2.016e+1,9.238e-21
314.90,6.739e+3,2.904e-11,5.957e-16,1.600e-24,7.403e-13,6.570e+3,2.703e-20,1.346e+2,3.439e+1,9.232e-21
314.95,7.048e+3,2.903e-11,5.935e-16,1.563e-24,7.403e-13,6.862e+3,2.689e-20,1.300e+2,5.594e+1,9.226e-21
315.00,7.512e+3,2.902e-11,5.913e-16,1.526e-24,7.403e-13,7.277e+3,2.675e-20,1.487e+2,8.674e+1,9.220e-21
315.05,8.155e+3,2.901e-11,5.890e-16,1.489e-24,7.403e-13,7.838e+3,2.661e-20,1.891e+2,1.281e+2,9.214e-21
315.10,8.966e+3,2.900e-11,5.868e-16,1.452e-24,7.403e-13,8.536e+3,2.647e-20,2.502e+2,1.802e+2,9.208e-21
315.15,9.902e+3,2.899e-11,5.846e-16,1.416e-24,7.402e-13,9.329e+3,2.633e-20,3.321e+2,2.414e+2,9.202e-21
315.20,1.089e+4,2.898e-11,5.824e-16,1.379e-24,7.402e-13,1.014e+4,2.619e-20,4.357e+2,3.078e+2,9.196e-21
315.24,1.164e+4,2.897e-11,5.807e-16,1.349e-24,7.402e-13,1.075e+4,2.607e-20,5.352e+2,3.607e+2,9.192e-21
315.29,1.247e+4,2.896e-11,5.785e-16,1.312e-24,7.402e-13,1.137e+4,2.593e-20,6.811e+2,4.206e+2,9.186e-21
315.34,1.309e+4,2.895e-11,5.762e-16,1.276e-24,7.402e-13,1.178e+4,2.579e-20,8.508e+2,4.666e+2,9.180e-21
315.39,1.345e+4,2.894e-11,5.740e-16,1.239e-24,7.401e-13,1.192e+4,2.565e-20,1.041e+3,4.924e+2,9.174e-21
315.44,1.353e+4,2.892e-11,5.718e-16,1.202e-24,7.401e-13,1.179e+4,2.551e-20,1.246e+3,4.944e+2,9.168e-21
315.49,1.336e+4,2.891e-11,5.696e-16,1.165e-24,7.401e-13,1.144e+4,2.537e-20,1.454e+3,4.721e+2,9.162e-21
315.54,1.306e+4,2.890e-11,5.674e-16,1.128e-24,7.401e-13,1.098e+4,2.522e-20,1.650e+3,4.288e+2,9.156e-21
315.59,1.279e+4,2.889e-11,5.652e-16,1.092e-24,7.400e-13,1.060e+4,2.508e-20,1.818e+3,3.705e+2,9.151e-21
315.63,1.274e+4,2.889e-11,5.635e-16,1.062e-24,7.400e-13,1.050e+4,2.497e-20,1.922e+3,3.179e+2,9.146e-21
315.68,1.313e+4,2.887e-11,5.612e-16,1.025e-24,7.400e-13,1.087e+4,2.483e-20,2.008e+3,2.509e+2,9.140e-21
315.73,1.429e+4,2.886e-11,5.590e-16,9.884e-25,7.400e-13,1.206e+4,2.469e-20,2.039e+3,1.884e+2,9.134e-21
315.78,1.649e+4,2.885e-11,5.568e-16,9.516e-25,7.400e-13,1.433e+4,2.455e-20,2.019e+3,1.345e+2,9.128e-21
315.83,1.992e+4,2.884e-11,5.546e-16,9.148e-25,7.399e-13,1.787e+4,2.440e-20,1.958e+3,9.135e+1,9.122e-21
315.88,2.461e+4,2.883e-11,5.524e-16,8.779e-25,7.399e-13,2.269e+4,2.426e-20,1.868e+3,5.904e+1,9.116e-21
315.93,3.039e+4,2.882e-11,5.502e-16,8.411e-25,7.399e-13,2.859e+4,2.412e-20,1.760e+3,3.640e+1,9.110e-21
315.98,3.684e+4,2.881e-11,5.480e-16,8.043e-25,7.399e-13,3.518e+4,2.398e-20,1.642e+3,2.158e+1,9.105e-21
316.02,4.207e+4,2.880e-11,5.462e-16,7.748e-25,7.399e-13,4.051e+4,2.387e-20,1.544e+3,1.407e+1,9.100e-21
316.07,4.808e+4,2.879e-11,5.440e-16,7.380e-25,7.398e-13,4.666e+4,2.373e-20,1.417e+3,8.772e+0,9.094e-21
316.12,5.281e+4,2.878e-11,5.418e-16,7.012e-25,7.398e-13,5.152e+4,2.358e-20,1.285e+3,6.979e+0,9.088e-21
316.17,5.564e+4,2.877e-11,5.396e-16,4.433e-24,7.398e-13,5.449e+4,2.344e-20,1.148e+3,8.176e+0,9.082e-21
316.22,5.623e+4,2.876e-11,5.374e-16,2.668e-23,7.398e-13,5.521e+4,2.330e-20,1.010e+3,1.245e+1,9.076e-21
316.27,5.460e+4,2.875e-11,5.352e-16,1.528e-22,7.397e-13,5.371e+4,2.316e-20,8.759e+2,2.041e+1,9.070e-21
316.32,5.116e+4,2.874e-11,5.330e-16,8.330e-22,7.397e-13,5.038e+4,2.302e-20,7.516e+2,3.300e+1,9.064e-21
316.37,4.661e+4,2.873e-11,5.308e-16,4.322e-21,7.397e-13,4.592e+4,2.288e-20,6.435e+2,5.126e+1,9.059e-21
316.42,4.183e+4,2.872e-11,5.286e-16,2.134e-20,7.397e-13,4.120e+4,2.274e-20,5.559e+2,7.591e+1,9.053e-21
316.46,3.841e+4,2.871e-11,5.268e-16,7.389e-20,7.397e-13,3.781e+4,2.262e-20,5.011e+2,1.003e+2,9.048e-21
316.51,3.523e+4,2.870e-11,5.246e-16,3.338e-19,7.396e-13,3.465e+4,2.248e-20,4.501e+2,1.360e+2,9.042e-21
316.56,3.364e+4,2.869e-11,5.224e-16,1.435e-18,7.396e-13,3.305e+4,2.234e-20,4.145e+2,1.753e+2,9.036e-21
316.61,3.365e+4,2.868e-11,5.202e-16,5.873e-18,7.396e-13,3.305e+4,2.220e-20,3.891e+2,2.150e+2,9.030e-21
316.66,3.495e+4,2.867e-11,5.180e-16,2.287e-17,7.396e-13,3.433e+4,2.206e-20,3.693e+2,2.509e+2,9.024e-21
316.71,3.692e+4,2.866e-11,5.158e-16,8.479e-17,7.396e-13,3.629e+4,2.191e-20,3.525e+2,2.786e+2,9.018e-21
316.76,3.881e+4,2.865e-11,5.136e-16,2.991e-16,4.876e-12,3.818e+4,2.177e-20,3.383e+2,2.943e+2,9.013e-21
316.81,3.991e+4,2.864e-11,5.114e-16,1.005e-15,3.060e-11,3.929e+4,2.163e-20,3.279e+2,2.958e+2,9.007e-21
316.85,3.986e+4,2.863e-11,5.096e-16,2.555e-15,1.284e-10,3.925e+4,2.152e-20,3.239e+2,2.866e+2,9.002e-21
316.90,3.840e+4,2.862e-11,5.074e-16,7.849e-15,7.375e-10,3.782e+4,2.138e-20,3.260e+2,2.634e+2,8.996e-21
316.95,3.542e+4,2.861e-11,5.052e-16,2.295e-14,4.033e-9,3.486e+4,2.124e-20,3.373e+2,2.306e+2,8.990e-21
317.00,3.121e+4,2.860e-11,5.030e-16,6.387e-14,2.099e-8,3.066e+4,2.109e-20,3.580e+2,1.925e+2,8.984e-21
317.05,2.625e+4,2.859e-11,5.008e-16,1.692e-13,1.040e-7,2.571e+4,2.095e-20,3.876e+2,1.537e+2,8.978e-21
317.10,2.107e+4,2.858e-11,4.986e-16,4.266e-13,4.907e-7,2.052e+4,2.081e-20,4.254e+2,1.186e+2,8.973e-21
317.15,1.616e+4,2.857e-11,4.964e-16,1.024e-12,2.203e-6,1.560e+4,2.067e-20,4.713e+2,9.020e+1,8.967e-21
317.20,1.188e+4,2.856e-11,4.942e-16,2.338e-12,9.419e-6,1.128e+4,2.053e-20,5.259e+2,7.083e+1,8.961e-21
317.24,9.037e+3,2.855e-11,4.924e-16,4.371e-12,2.906e-5,8.398e+3,2.042e-20,5.766e+2,6.271e+1,8.956e-21
317.29,6.266e+3,2.854e-11,4.902e-16,9.138e-12,1.137e-4,5.554e+3,2.027e-20,6.498e+2,6.235e+1,8.950e-21
317.34,4.303e+3,2.853e-11,4.880e-16,1.819e-11,4.234e-4,3.496e+3,2.013e-20,7.344e+2,7.304e+1,8.944e-21
317.39,3.019e+3,2.852e-11,4.858e-16,3.448e-11,1.501e-3,2.094e+3,1.999e-20,8.300e+2,9.449e+1,8.938e-21
317.44,2.258e+3,2.850e-11,4.836e-16,6.225e-11,5.066e-3,1.197e+3,1.985e-20,9.356e+2,1.257e+2,8.932e-21
317.49,1.870e+3,2.849e-11,4.814e-16,1.071e-10,1.627e-2,6.555e+2,1.971e-20,1.050e+3,1.650e+2,8.927e-21
317.54,1.734e+3,2.848e-11,4.792e-16,1.756e-10,4.977e-2,3.516e+2,1.957e-20,1.173e+3,2.093e+2,8.921e-21
317.59,1.759e+3,2.847e-11,4.770e-16,2.746e-10,1.449e-1,1.977e+2,1.943e-20,1.306e+3,2.547e+2,8.915e-21
317.64,1.885e+3,2.846e-11,4.748e-16,4.101e-10,4.016e-1,1.367e+2,1.928e-20,1.452e+3,2.964e+2,8.909e-21
317.68,2.035e+3,2.845e-11,4.730e-16,5.470e-10,8.760e-1,1.318e+2,1.917e-20,1.578e+3,3.241e+2,8.904e-21
317.73,2.265e+3,2.844e-11,4.708e-16,7.541e-10,2.222e+0,1.653e+2,1.903e-20,1.750e+3,3.480e+2,8.898e-21
317.78,2.529e+3,2.843e-11,4.686e-16,9.972e-10,5.365e+0,2.349e+2,1.889e-20,1.932e+3,3.573e+2,8.892e-21
317.83,2.815e+3,2.842e-11,4.664e-16,1.269e-9,1.233e+1,3.368e+2,1.875e-20,2.115e+3,3.512e+2,8.886e-21
317.88,3.109e+3,2.841e-11,4.642e-16,1.558e-9,2.698e+1,4.677e+2,1.861e-20,2.284e+3,3.306e+2,8.881e-21
317.93,3.398e+3,2.840e-11,4.620e-16,1.856e-9,5.619e+1,6.218e+2,1.846e-20,2.422e+3,2.983e+2,8.875e-21
317.98,3.668e+3,2.839e-11,4.598e-16,2.153e-9,1.114e+2,7.888e+2,1.832e-20,2.510e+3,2.582e+2,8.869e-21
318.03,3.913e+3,2.838e-11,4.576e-16,2.443e-9,2.103e+2,9.544e+2,1.818e-20,2.533e+3,2.145e+2,8.863e-21
318.07,4.093e+3,2.837e-11,4.558e-16,2.668e-9,3.374e+2,1.074e+3,1.807e-20,2.501e+3,1.796e+2,8.858e-21
318.12,4.313e+3,2.836e-11,4.536e-16,2.934e-9,5.829e+2,1.195e+3,1.793e-20,2.396e+3,1.387e+2,8.852e-21
318.17,4.560e+3,2.835e-11,4.514e-16,3.175e-9,9.587e+2,1.271e+3,1.778e-20,2.228e+3,1.030e+2,8.846e-21
318.22,4.882e+3,2.834e-11,4.492e-16,3.373e-9,1.501e+3,1.298e+3,1.764e-20,2.010e+3,7.351e+1,8.840e-21
318.27,5.335e+3,2.833e-11,4.470e-16,3.506e-9,2.238e+3,1.284e+3,1.750e-20,1.762e+3,5.041e+1,8.835e-21
318.32,5.971e+3,2.832e-11,4.448e-16,3.551e-9,3.177e+3,1.257e+3,1.736e-20,1.504e+3,3.321e+1,8.829e-21
318.37,6.835e+3,2.831e-11,4.426e-16,3.488e-9,4.297e+3,1.262e+3,1.722e-20,1.255e+3,2.102e+1,8.823e-21
318.42,7.953e+3,2.830e-11,4.404e-16,3.308e-9,5.537e+3,1.372e+3,1.708e-20,1.032e+3,1.277e+1,8.817e-21
318.47,9.344e+3,2.829e-11,4.381e-16,3.019e-9,6.803e+3,1.686e+3,1.694e-20,8.467e+2,7.437e+0,8.811e-21
318.51,1.067e+4,2.828e-11,4.364e-16,2.724e-9,7.758e+3,2.172e+3,1.682e-20,7.317e+2,4.683e+0,8.806e-21
318.56,1.262e+4,2.827e-11,4.342e-16,2.303e-9,8.782e+3,3.201e+3,1.668e-20,6.326e+2,2.527e+0,8.800e-21
318.61,1.498e+4,2.826e-11,4.320e-16,1.862e-9,9.533e+3,4.858e+3,1.654e-20,5.830e+2,1.305e+0,8.795e-21
318.66,1.786e+4,2.825e-11,4.298e-16,1.438e-9,9.972e+3,7.304e+3,1.640e-20,5.798e+2,6.447e-1,8.789e-21
318.71,2.139e+4,2.824e-11,4.276e-16,1.059e-9,1.013e+4,1.065e+4,1.626e-20,6.173e+2,3.045e-1,8.783e-21
318.76,2.569e+4,2.823e-11,4.253e-16,7.433e-10,1.009e+4,1.491e+4,1.612e-20,6.889e+2,1.374e-1,8.777e-21
318.81,3.076e+4,2.822e-11,4.231e-16,4.973e-10,1.000e+4,1.997e+4,1.597e-20,7.892e+2,5.918e-2,8.771e-21
318.86,3.643e+4,2.821e-11,4.209e-16,3.169e-10,1.001e+4,2.550e+4,1.583e-20,9.142e+2,2.433e-2,8.765e-21
318.90,4.116e+4,2.820e-11,4.192e-16,2.134e-10,1.016e+4,2.996e+4,1.572e-20,1.031e+3,1.155e-2,8.760e-21
318.95,4.686e+4,2.819e-11,4.170e-16,1.245e-10,1.057e+4,3.510e+4,1.558e-20,1.198e+3,4.360e-3,8.754e-21
319.00,5.174e+4,2.818e-11,4.148e-16,6.920e-11,1.119e+4,3.917e+4,1.544e-20,1.389e+3,1.569e-3,8.749e-21
319.05,5.514e+4,2.817e-11,4.126e-16,3.661e-11,1.191e+4,4.163e+4,1.530e-20,1.602e+3,5.384e-4,8.743e-21
319.10,5.654e+4,2.816e-11,4.103e-16,1.844e-11,1.256e+4,4.214e+4,1.515e-20,1.836e+3,1.760e-4,8.737e-21
319.15,5.568e+4,2.815e-11,4.081e-16,8.839e-12,1.296e+4,4.063e+4,1.501e-20,2.082e+3,5.479e-5,8.731e-21
319.20,5.261e+4,2.814e-11,4.059e-16,4.034e-12,1.297e+4,3.731e+4,1.487e-20,2.334e+3,1.625e-5,8.725e-21
319.25,4.771e+4,2.812e-11,4.037e-16,1.753e-12,1.250e+4,3.262e+4,1.473e-20,2.586e+3,4.590e-6,8.719e-21
319.29,4.288e+4,2.812e-11,4.020e-16,8.682e-13,1.181e+4,2.829e+4,1.462e-20,2.783e+3,1.612e-6,8.714e-21
319.34,3.631e+4,2.811e-11,3.998e-16,3.451e-13,1.063e+4,2.266e+4,1.448e-20,3.024e+3,4.168e-7,8.708e-21
319.39,2.982e+4,2.810e-11,3.976e-16,1.306e-13,9.276e+3,1.729e+4,1.433e-20,3.257e+3,1.026e-7,8.703e-21
319.44,2.403e+4,2.808e-11,3.953e-16,4.705e-14,7.960e+3,1.259e+4,1.419e-20,3.481e+3,2.406e-8,8.697e-21
319.49,1.936e+4,2.807e-11,3.931e-16,1.613e-14,6.904e+3,8.770e+3,1.405e-20,3.690e+3,5.370e-9,8.691e-21
319.54,1.608e+4,2.806e-11,3.909e-16,5.265e-15,6.296e+3,5.914e+3,1.391e-20,3.870e+3,1.141e-9,8.685e-21
319.59,1.425e+4,2.805e-11,3.887e-16,1.636e-15,6.265e+3,3.983e+3,1.377e-20,4.002e+3,2.307e-10,8.679e-21
319.64,1.381e+4,2.804e-11,3.865e-16,4.837e-16,6.860e+3,2.890e+3,1.363e-20,4.062e+3,4.442e-11,8.673e-21
319.69,1.463e+4,2.803e-11,3.843e-16,1.362e-16,8.045e+3,2.549e+3,1.349e-20,4.032e+3,8.119e-12,8.667e-21
319.73,1.605e+4,2.802e-11,3.825e-16,4.766e-17,9.338e+3,2.781e+3,1.337e-20,3.935e+3,2.017e-12,8.662e-21
319.78,1.863e+4,2.801e-11,3.803e-16,1.228e-17,1.122e+4,3.687e+3,1.323e-20,3.724e+3,3.382e-13,8.657e-21
319.83,2.187e+4,2.800e-11,3.781e-16,3.010e-18,1.316e+4,5.285e+3,1.309e-20,3.424e+3,5.399e-14,8.651e-21
319.88,2.552e+4,2.799e-11,3.759e-16,7.025e-19,1.488e+4,7.576e+3,1.295e-20,3.059e+3,9.615e-14,8.645e-21
319.93,2.931e+4,2.798e-11,3.737e-16,1.561e-19,1.613e+4,1.052e+4,1.281e-20,2.659e+3,1.383e-13,8.639e-21
319.98,3.296e+4,2.797e-11,3.715e-16,3.300e-20,1.671e+4,1.399e+4,1.266e-20,2.257e+3,1.805e-13,8.633e-21
320.03,3.618e+4,2.796e-11,3.693e-16,6.642e-21,1.655e+4,1.775e+4,1.252e-20,1.883e+3,2.226e-13,8.627e-21
320.08,3.867e+4,2.795e-11,3.671e-16,1.273e-21,1.565e+4,2.146e+4,1.238e-20,1.562e+3,2.648e-13,8.621e-21
320.12,3.997e+4,2.794e-11,3.653e-16,3.275e-22,1.450e+4,2.412e+4,1.227e-20,1.354e+3,2.985e-13,8.617e-21
320.17,4.057e+4,2.793e-11,3.631e-16,5.741e-23,1.268e+4,2.672e+4,1.213e-20,1.164e+3,3.407e-13,8.611e-21
320.22,3.992e+4,2.792e-11,3.609e-16,9.580e-24,1.067e+4,2.819e+4,1.199e-20,1.054e+3,3.829e-13,8.605e-21
320.27,3.803e+4,2.791e-11,3.587e-16,1.522e-24,8.683e+3,2.833e+4,1.184e-20,1.017e+3,4.250e-13,8.599e-21
320.32,3.504e+4,2.790e-11,3.565e-16,1.572e-24,6.890e+3,2.711e+4,1.170e-20,1.041e+3,4.672e-13,8.593e-21
320.37,3.122e+4,2.789e-11,3.543e-16,1.622e-24,5.399e+3,2.471e+4,1.156e-20,1.106e+3,5.093e-13,8.587e-21
320.42,2.690e+4,2.788e-11,3.521e-16,1.672e-24,4.250e+3,2.145e+4,1.142e-20,1.191e+3,5.515e-13,8.581e-21
320.47,2.244e+4,2.787e-11,3.499e-16,1.721e-24,3.424e+3,1.774e+4,1.128e-20,1.278e+3,5.937e-13,8.575e-21
320.51,1.901e+4,2.786e-11,3.481e-16,1.761e-24,2.961e+3,1.471e+4,1.117e-20,1.340e+3,6.274e-13,8.571e-21
320.56,1.512e+4,2.785e-11,3.459e-16,1.811e-24,2.570e+3,1.114e+4,1.102e-20,1.406e+3,6.696e-13,8.565e-21
320.61,1.183e+4,2.784e-11,3.437e-16,1.861e-24,2.323e+3,8.039e+3,1.088e-20,1.467e+3,7.117e-13,8.559e-21
320.66,9.222e+3,2.783e-11,3.415e-16,1.911e-24,2.155e+3,5.527e+3,1.074e-20,1.540e+3,7.539e-13,8.553e-21
320.71,7.295e+3,2.782e-11,3.393e-16,1.961e-24,2.019e+3,3.624e+3,1.060e-20,1.652e+3,7.960e-13,8.547e-21
320.76,5.989e+3,2.781e-11,3.371e-16,2.011e-24,1.883e+3,2.274e+3,1.046e-20,1.831e+3,8.382e-13,8.541e-21
320.81,5.217e+3,2.780e-11,3.349e-16,2.061e-24,1.733e+3,1.383e+3,1.032e-20,2.101e+3,8.804e-13,8.535e-21
320.86,4.893e+3,2.779e-11,3.327e-16,2.111e-24,1.565e+3,8.475e+2,1.018e-20,2.481e+3,9.225e-13,8.529e-21
320.91,4.943e+3,2.778e-11,3.305e-16,2.161e-24,1.389e+3,5.814e+2,1.003e-20,2.972e+3,5.633e-12,8.523e-21
320.95,5.217e+3,2.777e-11,3.287e-16,2.201e-24,1.253e+3,5.233e+2,9.921e-21,3.441e+3,2.314e-11,8.519e-21
321.00,5.828e+3,2.776e-11,3.265e-16,2.251e-24,1.101e+3,6.231e+2,6.227e-20,4.104e+3,1.296e-10,8.513e-21
321.05,6.732e+3,2.775e-11,3.243e-16,2.301e-24,9.841e+2,9.227e+2,3.725e-19,4.825e+3,6.919e-10,8.507e-21
321.10,7.944e+3,2.774e-11,3.221e-16,2.351e-24,9.141e+2,1.464e+3,2.124e-18,5.566e+3,3.521e-9,8.501e-21
321.15,9.500e+3,2.773e-11,3.199e-16,2.401e-24,8.963e+2,2.319e+3,1.155e-17,6.285e+3,1.707e-8,8.495e-21
321.20,1.145e+4,2.772e-11,3.177e-16,2.451e-24,9.301e+2,3.583e+3,5.982e-17,6.934e+3,7.893e-8,8.489e-21
321.25,1.384e+4,2.770e-11,3.155e-16,2.501e-24,1.010e+3,5.364e+3,2.954e-16,7.468e+3,3.478e-7,8.483e-21
321.30,1.674e+4,2.769e-11,3.133e-16,2.550e-24,1.128e+3,7.760e+3,1.390e-15,7.848e+3,1.460e-6,8.477e-21
321.34,1.943e+4,2.769e-11,3.115e-16,2.590e-24,1.245e+3,1.017e+4,4.638e-15,8.021e+3,4.447e-6,8.473e-21
321.39,2.327e+4,2.768e-11,3.093e-16,2.640e-24,1.416e+3,1.379e+4,2.003e-14,8.062e+3,1.713e-5,8.467e-21
321.44,2.756e+4,2.766e-11,3.071e-16,2.690e-24,1.614e+3,1.803e+4,8.242e-14,7.914e+3,6.289e-5,8.461e-21
321.49,3.215e+4,2.765e-11,3.049e-16,2.740e-24,1.843e+3,2.270e+4,3.233e-13,7.607e+3,2.201e-4,8.455e-21
321.54,3.680e+4,2.764e-11,3.027e-16,2.790e-24,2.107e+3,2.750e+4,1.209e-12,7.190e+3,7.340e-4,8.449e-21
321.59,4.119e+4,2.763e-11,3.005e-16,2.840e-24,2.412e+3,3.205e+4,4.309e-12,6.728e+3,2.334e-3,8.443e-21
321.64,4.501e+4,2.762e-11,2.983e-16,2.890e-24,2.758e+3,3.596e+4,1.464e-11,6.290e+3,7.071e-3,8.437e-21
321.69,4.795e+4,2.761e-11,2.961e-16,2.940e-24,3.139e+3,3.888e+4,4.740e-11,5.938e+3,2.042e-2,8.431e-21
321.74,4.986e+4,2.760e-11,2.939e-16,2.990e-24,3.546e+3,4.060e+4,1.463e-10,5.716e+3,5.622e-2,8.426e-21
321.78,5.063e+4,2.759e-11,2.921e-16,3.030e-24,3.881e+3,4.110e+4,3.482e-10,5.649e+3,1.221e-1,8.421e-21
321.83,5.081e+4,2.758e-11,2.899e-16,3.080e-24,4.299e+3,4.081e+4,9.857e-10,5.701e+3,3.083e-1,8.415e-21
321.88,5.045e+4,2.757e-11,2.877e-16,3.130e-24,4.706e+3,3.986e+4,2.660e-9,5.887e+3,7.420e-1,8.409e-21
321.93,5.000e+4,2.756e-11,2.855e-16,3.180e-24,5.096e+3,3.873e+4,6.842e-9,6.171e+3,1.702e+0,8.403e-21
321.98,4.989e+4,2.755e-11,2.833e-16,3.230e-24,5.466e+3,3.791e+4,1.678e-8,6.510e+3,3.722e+0,8.397e-21
322.03,5.048e+4,2.754e-11,2.811e-16,3.280e-24,5.818e+3,3.779e+4,3.921e-8,6.865e+3,7.756e+0,8.391e-21
322.08,5.188e+4,2.753e-11,2.789e-16,3.330e-24,6.152e+3,3.851e+4,8.733e-8,7.204e+3,1.541e+1,8.385e-21
322.13,5.399e+4,2.752e-11,2.767e-16,3.379e-24,6.469e+3,3.998e+4,1.854e-7,7.512e+3,2.917e+1,8.380e-21
322.17,5.599e+4,2.751e-11,2.749e-16,3.419e-24,6.710e+3,4.150e+4,3.272e-7,7.738e+3,4.695e+1,8.375e-21
322.22,5.851e+4,2.750e-11,2.727e-16,3.469e-24,6.990e+3,4.343e+4,6.372e-7,8.005e+3,8.153e+1,8.369e-21
322.27,6.065e+4,2.749e-11,2.705e-16,3.519e-24,7.238e+3,4.500e+4,1.183e-6,8.275e+3,1.350e+2,8.363e-21
322.32,6.206e+4,2.748e-11,2.683e-16,3.569e-24,7.440e+3,4.585e+4,2.093e-6,8.562e+3,2.129e+2,8.357e-21
322.37,6.262e+4,2.747e-11,2.661e-16,3.619e-24,7.580e+3,4.585e+4,3.531e-6,8.870e+3,3.201e+2,8.351e-21
322.42,6.242e+4,2.746e-11,2.639e-16,3.669e-24,7.635e+3,4.515e+4,5.676e-6,9.178e+3,4.588e+2,8.345e-21
322.47,6.178e+4,2.745e-11,2.617e-16,3.719e-24,7.583e+3,4.412e+4,8.698e-6,9.446e+3,6.268e+2,8.339e-21
322.52,6.113e+4,2.744e-11,2.594e-16,3.769e-24,7.402e+3,4.329e+4,1.270e-5,9.618e+3,8.162e+2,8.334e-21
322.56,6.091e+4,2.743e-11,2.577e-16,3.809e-24,7.153e+3,4.313e+4,1.662e-5,9.651e+3,9.738e+2,8.329e-21
322.61,6.132e+4,2.742e-11,2.555e-16,3.859e-24,6.710e+3,4.393e+4,2.227e-5,9.523e+3,1.163e+3,8.323e-21
322.66,6.267e+4,2.741e-11,2.533e-16,3.909e-24,6.130e+3,4.602e+4,2.844e-5,9.193e+3,1.324e+3,8.317e-21
322.71,6.496e+4,2.740e-11,2.511e-16,3.959e-24,5.440e+3,4.941e+4,3.462e-5,8.672e+3,1.437e+3,8.311e-21
322.76,6.803e+4,2.739e-11,2.489e-16,4.009e-24,4.680e+3,5.386e+4,4.016e-5,8.004e+3,1.486e+3,8.305e-21
322.81,7.169e+4,2.738e-11,2.466e-16,4.059e-24,3.901e+3,5.907e+4,4.442e-5,7.249e+3,1.464e+3,8.299e-21
322.86,7.586e+4,2.737e-11,2.444e-16,4.109e-24,3.154e+3,6.485e+4,4.683e-5,6.477e+3,1.376e+3,8.293e-21
322.91,8.074e+4,2.736e-11,2.422e-16,4.158e-24,2.481e+3,7.128e+4,4.705e-5,5.750e+3,1.232e+3,8.288e-21
322.96,8.689e+4,2.735e-11,2.400e-16,4.208e-24,1.912e+3,7.881e+4,4.506e-5,5.112e+3,1.052e+3,8.282e-21
323.00,9.330e+4,2.734e-11,2.383e-16,4.248e-24,1.542e+3,8.618e+4,4.206e-5,4.683e+3,8.950e+2,8.277e-21
323.05,1.041e+5,2.733e-11,2.361e-16,4.298e-24,1.183e+3,9.793e+4,3.695e-5,4.251e+3,7.007e+2,8.271e-21
323.10,1.188e+5,2.732e-11,2.339e-16,4.348e-24,9.287e+2,1.134e+5,3.094e-5,3.922e+3,5.228e+2,8.265e-21
323.15,1.382e+5,2.731e-11,2.316e-16,4.398e-24,7.589e+2,1.334e+5,2.470e-5,3.671e+3,3.719e+2,8.259e-21
323.20,1.622e+5,2.730e-11,2.294e-16,4.448e-24,6.505e+2,1.578e+5,1.879e-5,3.468e+3,2.521e+2,8.253e-21
323.25,1.900e+5,2.728e-11,2.272e-16,4.498e-24,5.819e+2,1.859e+5,1.363e-5,3.280e+3,1.629e+2,8.248e-21
323.30,2.200e+5,2.727e-11,2.250e-16,4.548e-24,5.364e+2,2.163e+5,9.419e-6,3.083e+3,1.003e+2,8.242e-21
323.35,2.499e+5,2.726e-11,2.228e-16,4.598e-24,5.031e+2,2.465e+5,6.206e-6,2.862e+3,5.889e+1,8.236e-21
323.39,2.720e+5,2.726e-11,2.211e-16,4.638e-24,4.818e+2,2.689e+5,4.294e-6,2.664e+3,3.715e+1,8.231e-21
323.44,2.955e+5,2.724e-11,2.189e-16,4.688e-24,4.612e+2,2.926e+5,2.595e-6,2.399e+3,2.000e+1,8.225e-21
323.49,3.125e+5,2.723e-11,2.166e-16,4.738e-24,4.486e+2,3.100e+5,1.495e-6,2.127e+3,1.026e+1,8.219e-21
323.54,3.220e+5,2.722e-11,2.144e-16,4.788e-24,4.460e+2,3.197e+5,8.209e-7,1.870e+3,5.021e+0,8.213e-21
323.59,3.237e+5,2.721e-11,2.122e-16,4.838e-24,4.536e+2,3.216e+5,4.296e-7,1.650e+3,2.341e+0,8.207e-21
323.64,3.183e+5,2.720e-11,2.100e-16,4.888e-24,4.696e+2,3.163e+5,2.143e-7,1.483e+3,1.040e+0,8.202e-21
323.69,3.071e+5,2.719e-11,2.078e-16,4.938e-24,4.895e+2,3.052e+5,1.019e-7,1.377e+3,4.406e-1,8.196e-21
323.74,2.916e+5,2.718e-11,2.056e-16,4.987e-24,5.077e+2,2.898e+5,4.619e-8,1.328e+3,1.779e-1,8.190e-21
323.79,2.735e+5,2.717e-11,2.034e-16,5.037e-24,5.189e+2,2.717e+5,1.996e-8,1.325e+3,6.845e-2,8.184e-21
323.83,2.580e+5,2.716e-11,2.016e-16,5.077e-24,5.205e+2,2.562e+5,9.852e-9,1.345e+3,3.080e-2,8.179e-21
323.88,2.383e+5,2.715e-11,1.994e-16,5.127e-24,5.124e+2,2.364e+5,3.904e-9,1.382e+3,1.087e-2,8.173e-21
323.93,2.189e+5,2.714e-11,1.972e-16,5.177e-24,4.951e+2,2.169e+5,1.475e-9,1.420e+3,3.657e-3,8.167e-21
323.98,2.000e+5,2.713e-11,1.950e-16,5.227e-24,4.730e+2,1.981e+5,5.310e-10,1.450e+3,1.173e-3,8.161e-21
324.03,1.818e+5,2.712e-11,1.928e-16,5.277e-24,4.510e+2,1.799e+5,1.822e-10,1.473e+3,3.584e-4,8.156e-21
324.08,1.642e+5,2.711e-11,1.906e-16,5.327e-24,4.338e+2,1.623e+5,5.961e-11,1.495e+3,1.044e-4,8.150e-21
324.13,1.471e+5,2.710e-11,1.884e-16,5.377e-24,4.237e+2,1.451e+5,1.859e-11,1.524e+3,2.898e-5,8.144e-21
324.18,1.303e+5,2.709e-11,1.862e-16,5.427e-24,4.201e+2,1.283e+5,5.524e-12,1.564e+3,7.670e-6,8.138e-21
324.22,1.171e+5,2.708e-11,1.844e-16,5.467e-24,4.200e+2,1.151e+5,2.022e-12,1.605e+3,2.559e-6,8.133e-21
324.27,1.012e+5,2.707e-11,1.822e-16,5.517e-24,4.193e+2,9.915e+4,5.511e-13,1.663e+3,6.269e-7,8.127e-21
324.32,8.627e+4,2.706e-11,1.800e-16,5.567e-24,4.134e+2,8.414e+4,1.432e-13,1.717e+3,1.703e-7,8.121e-21
324.37,7.280e+4,2.705e-11,1.778e-16,5.617e-24,3.981e+2,7.065e+4,3.547e-14,1.754e+3,1.456e-7,8.115e-21
324.42,6.143e+4,2.704e-11,1.756e-16,5.667e-24,3.715e+2,5.930e+4,8.375e-15,1.760e+3,4.713e-7,8.110e-21
324.47,5.272e+4,2.703e-11,1.734e-16,5.717e-24,3.339e+2,5.066e+4,1.885e-15,1.730e+3,1.810e-6,8.104e-21
324.52,4.703e+4,2.702e-11,1.712e-16,5.767e-24,2.880e+2,4.508e+4,4.042e-16,1.663e+3,6.718e-6,8.098e-21
324.57,4.441e+4,2.701e-11,1.690e-16,5.816e-24,2.379e+2,4.261e+4,8.265e-17,1.564e+3,2.381e-5,8.092e-21
324.61,4.438e+4,2.700e-11,1.672e-16,5.856e-24,1.976e+2,4.271e+4,2.242e-17,1.470e+3,6.334e-5,8.087e-21
324.66,4.647e+4,2.699e-11,1.650e-16,5.906e-24,1.503e+2,4.498e+4,4.205e-18,1.343e+3,2.063e-4,8.081e-21
324.71,5.028e+4,2.698e-11,1.628e-16,5.956e-24,1.092e+2,4.895e+4,7.517e-19,1.214e+3,6.412e-4,8.075e-21
324.76,5.501e+4,2.697e-11,1.606e-16,6.006e-24,7.564e+1,5.384e+4,1.281e-19,1.092e+3,1.901e-3,8.070e-21
324.81,5.997e+4,2.696e-11,1.584e-16,6.056e-24,5.000e+1,5.893e+4,2.080e-20,9.823e+2,5.380e-3,8.064e-21
324.86,6.463e+4,2.695e-11,1.562e-16,6.106e-24,3.152e+1,6.371e+4,2.714e-20,8.883e+2,1.452e-2,8.058e-21
324.91,6.873e+4,2.694e-11,1.540e-16,6.156e-24,1.895e+1,6.790e+4,3.347e-20,8.144e+2,3.742e-2,8.052e-21
324.96,7.224e+4,2.693e-11,1.518e-16,6.206e-24,1.087e+1,7.146e+4,3.981e-20,7.658e+2,9.198e-2,8.046e-21
325.01,7.523e+4,2.691e-11,1.496e-16,6.256e-24,5.942e+0,7.448e+4,4.614e-20,7.482e+2,2.157e-1,8.040e-21
325.05,7.733e+4,2.691e-11,1.478e-16,6.296e-24,3.543e+0,7.657e+4,5.121e-20,7.597e+2,4.125e-1,8.035e-21
325.10,7.956e+4,2.690e-11,1.456e-16,6.346e-24,1.778e+0,7.875e+4,5.754e-20,8.076e+2,8.892e-1,8.029e-21
325.15,8.120e+4,2.689e-11,1.434e-16,6.396e-24,8.513e-1,8.031e+4,6.388e-20,8.904e+2,1.829e+0,8.024e-21
325.20,8.191e+4,2.688e-11,1.412e-16,6.446e-24,3.886e-1,8.091e+4,7.021e-20,9.992e+2,3.589e+0,8.018e-21
325.25,8.128e+4,2.686e-11,1.390e-16,6.496e-24,1.692e-1,8.015e+4,7.655e-20,1.119e+3,6.722e+0,8.012e-21
325.30,7.895e+4,2.685e-11,1.368e-16,6.546e-24,7.022e-2,7.770e+4,8.288e-20,1.232e+3,1.201e+1,8.006e-21
325.35,7.472e+4,2.684e-11,1.346e-16,6.596e-24,2.779e-2,7.339e+4,8.921e-20,1.317e+3,2.048e+1,8.000e-21
325.40,6.870e+4,2.683e-11,1.324e-16,6.645e-24,1.049e-2,6.731e+4,9.555e-20,1.359e+3,3.332e+1,7.994e-21
325.44,6.284e+4,2.682e-11,1.306e-16,6.685e-24,4.650e-3,6.143e+4,1.006e-19,1.354e+3,4.755e+1,7.989e-21
325.49,5.470e+4,2.681e-11,1.284e-16,6.735e-24,1.611e-3,5.334e+4,1.069e-19,1.296e+3,7.110e+1,7.983e-21
325.54,4.640e+4,2.680e-11,1.262e-16,6.785e-24,5.324e-4,4.512e+4,1.133e-19,1.187e+3,1.014e+2,7.978e-21
325.59,3.876e+4,2.679e-11,1.240e-16,6.835e-24,1.678e-4,3.758e+4,1.196e-19,1.040e+3,1.381e+2,7.972e-21
325.64,3.255e+4,2.678e-11,7.739e-16,6.885e-24,5.040e-5,3.150e+4,1.260e-19,8.702e+2,1.794e+2,7.966e-21
325.69,2.839e+4,2.677e-11,4.610e-15,6.935e-24,1.444e-5,2.747e+4,1.323e-19,6.957e+2,2.224e+2,7.960e-21
325.74,2.670e+4,2.676e-11,2.621e-14,6.985e-24,3.946e-6,2.591e+4,1.386e-19,5.318e+2,2.630e+2,7.954e-21
325.79,2.764e+4,2.675e-11,1.423e-13,7.035e-24,1.028e-6,2.695e+4,1.450e-19,3.895e+2,2.969e+2,7.948e-21
325.83,3.020e+4,2.674e-11,5.323e-13,7.075e-24,3.387e-7,2.958e+4,1.500e-19,2.957e+2,3.162e+2,7.943e-21
325.88,3.532e+4,2.673e-11,2.657e-12,7.125e-24,8.101e-8,3.478e+4,1.564e-19,2.057e+2,3.280e+2,7.937e-21
325.93,4.194e+4,2.672e-11,1.265e-11,7.175e-24,1.848e-8,4.147e+4,9.376e-19,1.456e+2,3.246e+2,7.932e-21
325.98,4.919e+4,2.671e-11,5.753e-11,7.225e-24,4.018e-9,4.877e+4,5.366e-18,1.137e+2,3.066e+2,7.926e-21
326.03,5.603e+4,2.670e-11,2.497e-10,7.275e-24,8.334e-10,5.564e+4,2.932e-17,1.081e+2,2.763e+2,7.920e-21
326.08,6.146e+4,2.669e-11,1.034e-9,7.325e-24,1.648e-10,6.109e+4,1.529e-16,1.273e+2,2.376e+2,7.914e-21
326.13,6.464e+4,2.668e-11,4.088e-9,7.375e-24,3.108e-11,6.428e+4,7.612e-16,1.706e+2,1.949e+2,7.908e-21
326.18,6.507e+4,2.667e-11,1.543e-8,7.425e-24,5.590e-12,6.468e+4,3.617e-15,2.371e+2,1.526e+2,7.902e-21
326.23,6.264e+4,2.666e-11,5.556e-8,7.474e-24,9.585e-13,6.220e+4,1.641e-14,3.252e+2,1.140e+2,7.896e-21
326.27,5.884e+4,2.665e-11,1.498e-7,7.514e-24,2.260e-13,5.834e+4,5.319e-14,4.086e+2,8.731e+1,7.892e-21
326.32,5.226e+4,2.664e-11,4.960e-7,7.564e-24,2.334e-13,5.168e+4,2.219e-13,5.239e+2,5.995e+1,7.886e-21
326.37,4.444e+4,2.663e-11,1.568e-6,7.614e-24,2.408e-13,4.376e+4,8.834e-13,6.433e+2,3.928e+1,7.880e-21
326.42,3.622e+4,2.662e-11,4.730e-6,7.664e-24,2.483e-13,3.544e+4,3.358e-12,7.565e+2,2.456e+1,7.874e-21
326.47,2.838e+4,2.661e-11,1.362e-5,7.714e-24,2.557e-13,2.751e+4,1.218e-11,8.532e+2,1.465e+1,7.868e-21
326.52,2.150e+4,2.660e-11,3.744e-5,7.764e-24,2.631e-13,2.056e+4,4.219e-11,9.256e+2,8.340e+0,7.862e-21
326.57,1.594e+4,2.659e-11,9.823e-5,7.814e-24,2.705e-13,1.497e+4,1.395e-10,9.702e+2,4.530e+0,7.856e-21
326.62,1.187e+4,2.658e-11,2.460e-4,7.864e-24,2.779e-13,1.088e+4,4.401e-10,9.895e+2,2.348e+0,7.850e-21
326.66,9.685e+3,2.657e-11,4.957e-4,7.904e-24,2.838e-13,8.692e+3,1.067e-9,9.917e+2,1.342e+0,7.846e-21
326.71,8.227e+3,2.656e-11,1.142e-3,7.954e-24,2.912e-13,7.239e+3,3.097e-9,9.872e+2,6.392e-1,7.840e-21
326.76,8.059e+3,2.655e-11,2.509e-3,8.004e-24,2.987e-13,7.073e+3,8.578e-9,9.858e+2,2.905e-1,7.834e-21
326.81,9.020e+3,2.654e-11,5.263e-3,8.054e-24,3.061e-13,8.023e+3,2.268e-8,9.971e+2,1.260e-1,7.828e-21
326.86,1.092e+4,2.653e-11,1.054e-2,8.104e-24,3.135e-13,9.891e+3,5.725e-8,1.025e+3,5.215e-2,7.822e-21
326.91,1.351e+4,2.652e-11,2.014e-2,8.154e-24,3.209e-13,1.245e+4,1.379e-7,1.067e+3,2.059e-2,7.816e-21
326.96,1.653e+4,2.651e-11,3.673e-2,8.204e-24,3.283e-13,1.541e+4,3.172e-7,1.114e+3,7.760e-3,7.810e-21
327.01,1.962e+4,2.649e-11,6.396e-2,8.253e-24,3.357e-13,1.846e+4,6.962e-7,1.153e+3,2.790e-3,7.804e-21
327.06,2.242e+4,2.648e-11,1.063e-1,8.303e-24,3.431e-13,2.125e+4,1.459e-6,1.169e+3,9.572e-4,7.798e-21
327.10,2.423e+4,2.648e-11,1.543e-1,8.343e-24,3.491e-13,2.307e+4,2.550e-6,1.158e+3,3.933e-4,7.794e-21
327.15,2.572e+4,2.647e-11,2.358e-1,8.393e-24,3.565e-13,2.461e+4,4.913e-6,1.109e+3,1.240e-4,7.788e-21
327.20,2.624e+4,2.645e-11,3.439e-1,8.443e-24,3.639e-13,2.522e+4,9.037e-6,1.022e+3,3.731e-5,7.782e-21
327.25,2.582e+4,2.644e-11,4.787e-1,8.493e-24,3.713e-13,2.492e+4,1.587e-5,9.043e+2,1.071e-5,7.776e-21
327.30,2.464e+4,2.643e-11,6.361e-1,8.543e-24,3.787e-13,2.388e+4,2.659e-5,7.681e+2,2.934e-6,7.770e-21
327.35,2.305e+4,2.642e-11,8.067e-1,8.593e-24,3.861e-13,2.243e+4,4.255e-5,6.278e+2,7.669e-7,7.764e-21
327.40,2.145e+4,2.641e-11,9.766e-1,8.643e-24,3.935e-13,2.096e+4,6.497e-5,4.977e+2,1.913e-7,7.758e-21
327.45,2.025e+4,2.640e-11,1.128e+0,8.693e-24,4.010e-13,1.986e+4,9.471e-5,3.898e+2,4.552e-8,7.752e-21
327.49,1.978e+4,2.639e-11,1.225e+0,8.733e-24,4.069e-13,1.945e+4,1.238e-4,3.255e+2,1.396e-8,7.748e-21
327.54,1.997e+4,2.638e-11,1.301e+0,8.783e-24,4.143e-13,1.969e+4,1.660e-4,2.772e+2,3.052e-9,7.742e-21
327.59,2.103e+4,2.637e-11,1.320e+0,8.833e-24,4.217e-13,2.077e+4,2.124e-4,2.669e+2,6.370e-10,7.736e-21
327.64,2.284e+4,2.636e-11,1.277e+0,8.883e-24,4.291e-13,2.254e+4,2.594e-4,2.945e+2,1.268e-10,7.730e-21
327.69,2.509e+4,2.635e-11,1.180e+0,8.933e-24,4.365e-13,2.474e+4,3.025e-4,3.575e+2,2.410e-11,7.724e-21
327.74,2.745e+4,2.634e-11,1.040e+0,8.983e-24,4.440e-13,2.700e+4,3.366e-4,4.507e+2,4.370e-12,7.718e-21
327.79,2.952e+4,2.633e-11,8.757e-1,9.033e-24,4.514e-13,2.896e+4,3.576e-4,5.667e+2,7.559e-13,7.712e-21
327.84,3.102e+4,2.632e-11,7.035e-1,9.082e-24,4.588e-13,3.032e+4,3.627e-4,6.956e+2,1.248e-13,7.706e-21
327.88,3.165e+4,2.631e-11,5.709e-1,9.122e-24,4.647e-13,3.085e+4,3.546e-4,8.005e+2,1.246e-13,7.702e-21
327.93,3.168e+4,2.630e-11,4.217e-1,9.172e-24,4.721e-13,3.076e+4,3.307e-4,9.246e+2,1.245e-13,7.696e-21
327.98,3.091e+4,2.629e-11,2.974e-1,9.222e-24,4.795e-13,2.988e+4,2.944e-4,1.032e+3,1.243e-13,7.690e-21
328.03,2.948e+4,2.628e-11,2.001e-1,9.272e-24,4.870e-13,2.836e+4,2.502e-4,1.117e+3,1.241e-13,7.684e-21
328.08,2.761e+4,2.627e-11,1.285e-1,9.322e-24,4.944e-13,2.643e+4,2.029e-4,1.179e+3,1.240e-13,7.678e-21
328.13,2.554e+4,2.626e-11,7.880e-2,9.372e-24,5.018e-13,2.432e+4,1.571e-4,1.225e+3,1.238e-13,7.672e-21
328.18,2.354e+4,2.625e-11,4.611e-2,9.422e-24,5.092e-13,2.227e+4,1.161e-4,1.267e+3,1.236e-13,7.666e-21
328.23,2.183e+4,2.624e-11,2.576e-2,9.472e-24,5.166e-13,2.051e+4,8.191e-5,1.319e+3,1.234e-13,7.660e-21
328.28,2.063e+4,2.623e-11,1.373e-2,9.522e-24,5.240e-13,1.924e+4,5.516e-5,1.399e+3,1.233e-13,7.655e-21
328.32,2.018e+4,2.622e-11,8.027e-3,9.562e-24,5.299e-13,1.869e+4,3.887e-5,1.491e+3,1.231e-13,7.650e-21
328.37,2.038e+4,2.621e-11,3.935e-3,9.612e-24,5.374e-13,1.874e+4,2.407e-5,1.645e+3,1.230e-13,7.644e-21
328.42,2.150e+4,2.620e-11,1.841e-3,9.662e-24,5.448e-13,1.966e+4,1.423e-5,1.839e+3,1.228e-13,7.638e-21
328.47,2.353e+4,2.619e-11,8.223e-4,9.712e-24,5.522e-13,2.147e+4,8.030e-6,2.059e+3,1.226e-13,7.632e-21
328.52,2.630e+4,2.618e-11,3.505e-4,9.762e-24,5.596e-13,2.402e+4,4.325e-6,2.282e+3,1.225e-13,7.626e-21
328.57,2.952e+4,2.617e-11,1.426e-4,9.812e-24,5.670e-13,2.704e+4,2.224e-6,2.479e+3,1.223e-13,7.620e-21
328.62,3.275e+4,2.616e-11,5.538e-5,9.862e-24,5.744e-13,3.013e+4,1.091e-6,2.622e+3,1.221e-13,7.614e-21
328.67,3.550e+4,2.615e-11,2.053e-5,9.911e-24,5.818e-13,3.280e+4,5.112e-7,2.693e+3,1.220e-13,7.609e-21
328.71,3.703e+4,2.614e-11,8.973e-6,9.951e-24,5.878e-13,3.434e+4,2.695e-7,2.691e+3,1.218e-13,7.604e-21
328.76,3.780e+4,2.613e-11,3.058e-6,1.000e-23,3.513e-12,3.518e+4,1.161e-7,2.622e+3,1.216e-13,7.598e-21
328.81,3.713e+4,2.612e-11,9.949e-7,1.005e-23,2.005e-11,3.464e+4,4.775e-8,2.496e+3,1.215e-13,7.592e-21
328.86,3.503e+4,2.611e-11,3.089e-7,1.010e-23,1.094e-10,3.269e+4,1.874e-8,2.341e+3,1.213e-13,7.586e-21
328.91,3.173e+4,2.610e-11,9.155e-8,1.015e-23,5.698e-10,2.954e+4,7.023e-9,2.186e+3,1.211e-13,7.580e-21
328.96,2.759e+4,2.609e-11,2.590e-8,1.020e-23,2.836e-9,2.554e+4,2.512e-9,2.053e+3,1.210e-13,7.574e-21
329.01,2.306e+4,2.607e-11,6.993e-9,1.025e-23,1.349e-8,2.110e+4,8.575e-10,1.955e+3,1.208e-13,7.569e-21
329.06,1.856e+4,2.606e-11,1.802e-9,1.030e-23,6.126e-8,1.667e+4,2.795e-10,1.890e+3,1.206e-13,7.563e-21
329.10,1.522e+4,2.606e-11,5.890e-10,1.034e-23,1.989e-7,1.336e+4,1.102e-10,1.853e+3,1.205e-13,7.558e-21
329.15,1.154e+4,2.605e-11,1.396e-10,1.039e-23,8.322e-7,9.730e+3,3.303e-11,1.812e+3,1.203e-13,7.552e-21
329.20,8.525e+3,2.603e-11,3.157e-11,1.044e-23,3.326e-6,6.771e+3,9.449e-12,1.754e+3,1.202e-13,7.546e-21
329.25,6.168e+3,2.602e-11,6.816e-12,1.049e-23,1.270e-5,4.503e+3,2.580e-12,1.666e+3,1.200e-13,7.540e-21
329.30,4.399e+3,2.601e-11,1.404e-12,1.054e-23,4.632e-5,2.862e+3,6.726e-13,1.538e+3,1.198e-13,7.534e-21
329.35,3.110e+3,2.600e-11,2.762e-13,1.059e-23,1.614e-4,1.738e+3,1.674e-13,1.372e+3,1.196e-13,7.528e-21
329.40,2.186e+3,2.599e-11,5.185e-14,1.064e-23,5.372e-4,1.009e+3,3.975e-14,1.178e+3,1.195e-13,7.523e-21
329.45,1.530e+3,2.598e-11,9.291e-15,1.069e-23,1.709e-3,5.598e+2,9.011e-15,9.702e+2,1.193e-13,7.517e-21
329.50,1.063e+3,2.597e-11,1.589e-15,1.074e-23,5.191e-3,2.969e+2,1.950e-15,7.660e+2,1.191e-13,7.511e-21
329.54,7.875e+2,2.596e-11,1.573e-15,1.078e-23,1.222e-2,1.730e+2,5.542e-16,6.144e+2,1.190e-13,7.506e-21
329.59,5.330e+2,2.595e-11,1.554e-15,1.083e-23,3.419e-2,8.461e+1,1.103e-16,4.483e+2,1.188e-13,7.500e-21
329.64,3.528e+2,2.594e-11,1.534e-15,1.088e-23,9.142e-2,3.955e+1,2.095e-17,3.132e+2,1.187e-13,7.494e-21
329.69,2.279e+2,2.593e-11,1.514e-15,1.093e-23,2.335e-1,1.769e+1,3.800e-18,2.100e+2,1.185e-13,7.488e-21
329.74,1.447e+2,2.592e-11,1.495e-15,1.098e-23,5.699e-1,7.584e+0,6.577e-19,1.366e+2,1.183e-13,7.482e-21
329.79,9.367e+1,2.591e-11,1.475e-15,1.103e-23,1.329e+0,3.174e+0,1.087e-19,8.916e+1,1.181e-13,7.477e-21
329.84,6.875e+1,2.590e-11,1.456e-15,1.108e-23,2.961e+0,1.440e+0,9.331e-20,6.435e+1,1.180e-13,7.471e-21
329.89,6.796e+1,2.589e-11,1.436e-15,1.113e-23,6.305e+0,1.044e+0,7.795e-20,6.061e+1,1.178e-13,7.465e-21
329.93,8.632e+1,2.588e-11,1.420e-15,1.117e-23,1.117e+1,1.405e+0,6.566e-20,7.375e+1,1.177e-13,7.460e-21
329.98,1.394e+2,2.587e-11,1.401e-15,1.122e-23,2.192e+1,2.878e+0,5.030e-20,1.146e+2,1.175e-13,7.454e-21
330.03,2.385e+2,2.586e-11,1.381e-15,1.127e-23,4.113e+1,6.270e+0,3.494e-20,1.911e+2,1.173e-13,7.448e-21
330.08,4.034e+2,2.585e-11,1.362e-15,1.132e-23,7.376e+1,1.328e+1,1.958e-20,3.164e+2,1.172e-13,7.442e-21
330.13,6.594e+2,2.584e-11,1.342e-15,1.137e-23,1.265e+2,2.694e+1,1.184e-19,5.060e+2,1.170e-13,7.436e-21
330.18,1.036e+3,2.583e-11,1.322e-15,1.142e-23,2.075e+2,5.224e+1,6.846e-19,7.760e+2,1.168e-13,7.431e-21
330.23,1.561e+3,2.582e-11,1.303e-15,1.147e-23,3.257e+2,9.677e+1,3.782e-18,1.138e+3,1.167e-13,7.425e-21
330.28,2.258e+3,2.581e-11,1.283e-15,1.152e-23,4.895e+2,1.713e+2,1.997e-17,1.597e+3,1.165e-13,7.419e-21
330.33,3.136e+3,2.580e-11,1.264e-15,1.157e-23,7.046e+2,2.896e+2,1.007e-16,2.142e+3,1.163e-13,7.413e-21
330.37,3.964e+3,2.579e-11,1.248e-15,1.161e-23,9.147e+2,4.265e+2,3.560e-16,2.622e+3,1.162e-13,7.408e-21
330.42,5.129e+3,2.578e-11,1.228e-15,1.166e-23,1.221e+3,6.643e+2,1.655e-15,3.244e+3,1.160e-13,7.402e-21
330.47,6.389e+3,2.577e-11,1.209e-15,1.171e-23,1.565e+3,9.885e+2,7.356e-15,3.835e+3,1.158e-13,7.396e-21
330.52,7.671e+3,2.576e-11,1.189e-15,1.176e-23,1.929e+3,1.405e+3,3.124e-14,4.336e+3,1.157e-13,7.390e-21
330.57,8.887e+3,2.575e-11,1.170e-15,1.181e-23,2.290e+3,1.909e+3,1.268e-13,4.688e+3,1.155e-13,7.385e-21
330.62,9.948e+3,2.574e-11,1.150e-15,1.186e-23,2.624e+3,2.478e+3,4.919e-13,4.846e+3,1.153e-13,7.379e-21
330.67,1.077e+4,2.573e-11,1.130e-15,1.191e-23,2.909e+3,3.074e+3,1.823e-12,4.791e+3,1.152e-13,7.373e-21
330.72,1.130e+4,2.572e-11,1.111e-15,1.196e-23,3.128e+3,3.645e+3,6.459e-12,4.531e+3,1.150e-13,7.367e-21
330.76,1.149e+4,2.571e-11,1.095e-15,1.200e-23,3.250e+3,4.047e+3,1.720e-11,4.198e+3,1.149e-13,7.362e-21
330.81,1.144e+4,2.570e-11,1.076e-15,1.205e-23,3.336e+3,4.434e+3,5.615e-11,3.671e+3,1.147e-13,7.356e-21
330.86,1.109e+4,2.569e-11,1.056e-15,1.210e-23,3.353e+3,4.659e+3,1.752e-10,3.080e+3,1.145e-13,7.350e-21
330.91,1.051e+4,2.568e-11,1.036e-15,1.215e-23,3.314e+3,4.708e+3,5.225e-10,2.488e+3,1.143e-13,7.345e-21
330.96,9.780e+3,2.567e-11,1.017e-15,1.220e-23,3.232e+3,4.600e+3,1.489e-9,1.948e+3,1.142e-13,7.339e-21
331.01,9.005e+3,2.565e-11,9.973e-16,1.225e-23,3.124e+3,4.383e+3,4.055e-9,1.499e+3,1.140e-13,7.333e-21
331.06,8.290e+3,2.564e-11,9.777e-16,1.230e-23,3.000e+3,4.128e+3,1.056e-8,1.161e+3,1.138e-13,7.327e-21
331.11,7.729e+3,2.563e-11,9.581e-16,1.235e-23,2.871e+3,3.920e+3,2.626e-8,9.386e+2,1.137e-13,7.321e-21
331.15,7.442e+3,2.563e-11,9.424e-16,1.239e-23,2.767e+3,3.839e+3,5.268e-8,8.365e+2,1.135e-13,7.316e-21
331.20,7.324e+3,2.561e-11,9.228e-16,1.244e-23,2.639e+3,3.896e+3,1.208e-7,7.883e+2,1.134e-13,7.310e-21
331.25,7.484e+3,2.560e-11,9.032e-16,1.249e-23,2.513e+3,4.166e+3,2.646e-7,8.051e+2,1.132e-13,7.304e-21
331.30,7.901e+3,2.559e-11,8.837e-16,1.254e-23,2.386e+3,4.654e+3,5.540e-7,8.601e+2,1.130e-13,7.299e-21
331.35,8.523e+3,2.558e-11,8.641e-16,1.259e-23,2.258e+3,5.338e+3,1.109e-6,9.269e+2,1.128e-13,7.293e-21
331.40,9.283e+3,2.557e-11,8.445e-16,1.264e-23,2.126e+3,6.174e+3,2.120e-6,9.827e+2,1.127e-13,7.287e-21
331.45,1.011e+4,2.556e-11,8.249e-16,1.269e-23,1.991e+3,7.110e+3,3.874e-6,1.010e+3,1.125e-13,7.281e-21
331.50,1.096e+4,2.555e-11,8.053e-16,1.274e-23,1.856e+3,8.100e+3,6.767e-6,1.000e+3,1.123e-13,7.275e-21
331.55,1.179e+4,2.554e-11,7.857e-16,1.279e-23,1.721e+3,9.123e+3,1.129e-5,9.506e+2,1.122e-13,7.269e-21
331.59,1.248e+4,2.553e-11,7.700e-16,1.283e-23,1.615e+3,9.978e+3,1.647e-5,8.857e+2,1.120e-13,7.264e-21
331.64,1.341e+4,2.552e-11,7.504e-16,1.288e-23,1.487e+3,1.114e+4,2.534e-5,7.821e+2,1.119e-13,7.258e-21
331.69,1.456e+4,2.551e-11,7.308e-16,1.293e-23,1.363e+3,1.253e+4,3.725e-5,6.660e+2,1.117e-13,7.253e-21
331.74,1.611e+4,2.550e-11,7.112e-16,1.298e-23,1.244e+3,1.431e+4,5.233e-5,5.520e+2,1.115e-13,7.247e-21
331.79,1.827e+4,2.549e-11,6.917e-16,1.303e-23,1.126e+3,1.669e+4,7.027e-5,4.530e+2,1.114e-13,7.241e-21
331.84,2.125e+4,2.548e-11,6.721e-16,1.308e-23,1.010e+3,1.986e+4,9.017e-5,3.789e+2,1.112e-13,7.235e-21
331.89,2.521e+4,2.547e-11,6.525e-16,1.313e-23,8.942e+2,2.398e+4,1.106e-4,3.357e+2,1.110e-13,7.229e-21
331.94,3.019e+4,2.546e-11,6.329e-16,1.318e-23,7.813e+2,2.908e+4,1.296e-4,3.252e+2,1.108e-13,7.223e-21
331.98,3.483e+4,2.545e-11,6.172e-16,1.322e-23,6.955e+2,3.380e+4,1.424e-4,3.391e+2,1.107e-13,7.218e-21
332.03,4.119e+4,2.544e-11,5.976e-16,1.327e-23,5.985e+2,4.021e+4,1.538e-4,3.802e+2,1.105e-13,7.212e-21
332.08,4.772e+4,2.543e-11,5.780e-16,1.332e-23,5.184e+2,4.676e+4,1.588e-4,4.407e+2,1.104e-13,7.207e-21
332.13,5.378e+4,2.542e-11,5.584e-16,1.337e-23,4.603e+2,5.280e+4,1.566e-4,5.113e+2,1.102e-13,7.201e-21
332.18,5.870e+4,2.541e-11,5.388e-16,1.342e-23,4.271e+2,5.769e+4,1.477e-4,5.821e+2,1.100e-13,7.195e-21
332.23,6.189e+4,2.540e-11,5.193e-16,1.347e-23,4.187e+2,6.083e+4,1.330e-4,6.435e+2,1.099e-13,7.189e-21
332.28,6.299e+4,2.539e-11,4.997e-16,1.352e-23,4.314e+2,6.187e+4,1.146e-4,6.882e+2,1.097e-13,7.183e-21
332.33,6.193e+4,2.538e-11,4.801e-16,1.357e-23,4.583e+2,6.076e+4,9.426e-5,7.116e+2,1.095e-13,7.177e-21
332.38,5.898e+4,2.537e-11,4.605e-16,1.362e-23,4.908e+2,5.778e+4,7.413e-5,7.133e+2,1.093e-13,7.171e-21
332.42,5.564e+4,2.536e-11,4.448e-16,1.366e-23,5.143e+2,5.443e+4,5.920e-5,7.011e+2,1.092e-13,7.167e-21
332.47,5.087e+4,2.535e-11,4.252e-16,1.371e-23,5.336e+2,4.966e+4,4.291e-5,6.741e+2,1.090e-13,7.161e-21
332.52,4.618e+4,2.534e-11,4.056e-16,1.376e-23,5.358e+2,4.500e+4,2.972e-5,6.413e+2,1.089e-13,7.155e-21
332.57,4.229e+4,2.533e-11,3.860e-16,1.381e-23,5.177e+2,4.116e+4,1.967e-5,6.103e+2,1.087e-13,7.149e-21
332.62,3.973e+4,2.532e-11,3.664e-16,1.386e-23,4.800e+2,3.867e+4,1.245e-5,5.866e+2,1.085e-13,7.143e-21
332.67,3.874e+4,2.531e-11,3.469e-16,1.391e-23,4.263e+2,3.774e+4,7.524e-6,5.729e+2,1.084e-13,7.137e-21
332.72,3.925e+4,2.530e-11,3.273e-16,1.396e-23,3.622e+2,3.832e+4,4.347e-6,5.678e+2,1.082e-13,7.131e-21
332.77,4.097e+4,2.529e-11,3.077e-16,1.401e-23,2.944e+2,4.011e+4,2.401e-6,5.671e+2,1.080e-13,7.125e-21
332.81,4.289e+4,2.528e-11,2.920e-16,1.405e-23,2.414e+2,4.209e+4,1.445e-6,5.654e+2,1.079e-13,7.121e-21
332.86,4.551e+4,2.527e-11,2.724e-16,1.410e-23,1.810e+2,4.478e+4,7.372e-7,5.569e+2,1.077e-13,7.115e-21
332.91,4.790e+4,2.526e-11,2.528e-16,8.132e-23,1.297e+2,4.724e+4,3.632e-7,5.364e+2,1.075e-13,7.109e-21
332.96,4.966e+4,2.525e-11,2.332e-16,4.487e-22,8.880e+1,4.907e+4,1.812e-7,5.015e+2,1.074e-13,7.103e-21
333.01,5.054e+4,2.523e-11,2.136e-16,2.368e-21,5.815e+1,5.003e+4,1.117e-7,4.527e+2,1.072e-13,7.097e-21
333.06,5.052e+4,2.522e-11,1.940e-16,1.195e-20,3.646e+1,5.009e+4,1.228e-7,3.930e+2,1.070e-13,7.091e-21
333.11,4.971e+4,2.521e-11,1.745e-16,5.768e-20,2.200e+1,4.936e+4,2.242e-7,3.275e+2,1.069e-13,7.085e-21
333.16,4.833e+4,2.520e-11,1.549e-16,2.663e-19,1.308e+1,4.806e+4,4.725e-7,2.615e+2,1.067e-13,7.079e-21
333.20,4.700e+4,2.519e-11,6.300e-16,8.766e-19,9.021e+0,4.678e+4,8.561e-7,2.116e+2,1.066e-13,7.075e-21
333.25,4.525e+4,2.518e-11,3.496e-15,3.735e-18,7.206e+0,4.509e+4,1.742e-6,1.562e+2,1.064e-13,7.069e-21
333.30,4.355e+4,2.517e-11,1.856e-14,1.522e-17,9.195e+0,4.343e+4,3.396e-6,1.102e+2,1.062e-13,7.063e-21
333.35,4.199e+4,2.516e-11,9.423e-14,5.930e-17,1.650e+1,4.190e+4,6.330e-6,7.438e+1,1.061e-13,7.057e-21
333.40,4.057e+4,2.515e-11,4.576e-13,2.210e-16,3.265e+1,4.049e+4,1.128e-5,4.800e+1,1.059e-13,7.051e-21
333.45,3.929e+4,2.514e-11,2.126e-12,7.879e-16,6.407e+1,3.919e+4,1.924e-5,2.961e+1,1.057e-13,7.045e-21
333.50,3.819e+4,2.513e-11,9.443e-12,2.686e-15,1.212e+2,3.805e+4,3.135e-5,1.746e+1,1.055e-13,7.039e-21
333.55,3.743e+4,2.512e-11,4.012e-11,8.759e-15,2.198e+2,3.720e+4,4.887e-5,9.844e+0,1.054e-13,7.033e-21
333.60,3.731e+4,2.511e-11,1.631e-10,2.732e-14,3.811e+2,3.693e+4,7.284e-5,5.305e+0,1.052e-13,7.027e-21
333.64,3.796e+4,2.510e-11,4.849e-10,6.572e-14,5.733e+2,3.738e+4,9.706e-5,3.132e+0,1.051e-13,7.023e-21
333.69,4.013e+4,2.509e-11,1.819e-9,1.892e-13,9.174e+2,3.921e+4,1.335e-4,1.556e+0,1.049e-13,7.017e-21
333.74,4.428e+4,2.508e-11,6.526e-9,5.209e-13,1.404e+3,4.287e+4,1.756e-4,7.391e-1,1.047e-13,7.011e-21
333.79,5.075e+4,2.507e-11,2.240e-8,1.372e-12,2.054e+3,4.870e+4,2.211e-4,3.356e-1,1.046e-13,7.005e-21
333.84,5.965e+4,2.506e-11,7.351e-8,3.456e-12,2.873e+3,5.677e+4,2.665e-4,1.456e-1,1.044e-13,6.999e-21
333.89,7.066e+4,2.505e-11,2.308e-7,8.327e-12,3.844e+3,6.682e+4,3.077e-4,6.041e-2,1.042e-13,6.993e-21
333.94,8.307e+4,2.504e-11,6.929e-7,1.920e-11,4.917e+3,7.815e+4,3.409e-4,2.396e-2,1.040e-13,6.987e-21
333.99,9.578e+4,2.503e-11,1.990e-6,4.233e-11,6.014e+3,8.977e+4,3.633e-4,9.081e-3,1.039e-13,6.981e-21
334.03,1.053e+5,2.502e-11,4.482e-6,7.721e-11,6.842e+3,9.843e+4,3.725e-4,4.047e-3,1.037e-13,6.977e-21
334.08,1.152e+5,2.501e-11,1.188e-5,1.573e-10,7.721e+3,1.075e+5,3.741e-4,1.419e-3,1.036e-13,6.971e-21
334.13,1.219e+5,2.500e-11,3.012e-5,3.065e-10,8.332e+3,1.135e+5,3.674e-4,4.890e-4,1.034e-13,6.965e-21
334.18,1.248e+5,2.499e-11,7.305e-5,5.717e-10,8.597e+3,1.162e+5,3.569e-4,2.070e-4,1.032e-13,6.959e-21
334.23,1.240e+5,2.498e-11,1.694e-4,1.021e-9,8.482e+3,1.155e+5,3.478e-4,2.266e-4,1.031e-13,6.953e-21
334.28,1.204e+5,2.497e-11,3.759e-4,1.745e-9,8.003e+3,1.124e+5,3.448e-4,5.689e-4,1.029e-13,6.947e-21
334.33,1.158e+5,2.496e-11,7.976e-4,2.856e-9,7.220e+3,1.086e+5,3.506e-4,1.638e-3,1.027e-13,6.941e-21
334.38,1.125e+5,2.495e-11,1.619e-3,4.477e-9,6.228e+3,1.063e+5,3.655e-4,4.602e-3,1.026e-13,6.935e-21
334.42,1.124e+5,2.494e-11,2.762e-3,6.221e-9,5.359e+3,1.070e+5,3.824e-4,1.020e-2,1.024e-13,6.931e-21
334.47,1.176e+5,2.493e-11,5.173e-3,9.033e-9,4.266e+3,1.133e+5,4.062e-4,2.650e-2,1.022e-13,6.925e-21
334.52,1.304e+5,2.492e-11,9.268e-3,1.258e-8,3.250e+3,1.271e+5,4.275e-4,6.586e-2,1.021e-13,6.919e-21
334.57,1.517e+5,2.491e-11,1.588e-2,1.680e-8,2.372e+3,1.494e+5,4.406e-4,1.566e-1,1.019e-13,6.913e-21
334.62,1.814e+5,2.490e-11,2.603e-2,2.155e-8,1.665e+3,1.797e+5,4.410e-4,3.561e-1,1.017e-13,6.907e-21
334.67,2.174e+5,2.489e-11,4.081e-2,2.655e-8,1.139e+3,2.162e+5,4.266e-4,7.748e-1,1.016e-13,6.901e-21
334.72,2.566e+5,2.488e-11,6.119e-2,3.145e-8,7.852e+2,2.558e+5,3.980e-4,1.612e+0,1.014e-13,6.895e-21
334.77,2.946e+5,2.487e-11,8.776e-2,3.585e-8,5.922e+2,2.940e+5,3.583e-4,3.209e+0,1.012e-13,6.889e-21
334.82,3.268e+5,2.485e-11,1.204e-1,3.935e-8,5.514e+2,3.262e+5,3.129e-4,6.111e+0,1.011e-13,6.884e-21
334.86,3.454e+5,2.485e-11,1.501e-1,4.130e-8,6.288e+2,3.447e+5,2.769e-4,9.908e+0,1.009e-13,6.879e-21
334.91,3.568e+5,2.484e-11,1.901e-1,4.248e-8,8.735e+2,3.559e+5,2.375e-4,1.742e+1,1.008e-13,6.873e-21
334.96,3.536e+5,2.483e-11,2.302e-1,4.218e-8,1.303e+3,3.523e+5,2.101e-4,2.928e+1,1.006e-13,6.867e-21
335.01,3.359e+5,2.481e-11,2.666e-1,4.048e-8,1.944e+3,3.339e+5,1.992e-4,4.710e+1,1.004e-13,6.861e-21
335.06,3.060e+5,2.480e-11,2.953e-1,3.756e-8,2.817e+3,3.031e+5,2.077e-4,7.246e+1,1.002e-13,6.855e-21
335.11,2.675e+5,2.479e-11,3.129e-1,3.372e-8,3.924e+3,2.634e+5,2.360e-4,1.066e+2,1.001e-13,6.849e-21
335.16,2.246e+5,2.478e-11,3.171e-1,2.928e-8,5.237e+3,2.192e+5,2.823e-4,1.501e+2,9.990e-14,6.844e-21
335.21,1.815e+5,2.477e-11,3.074e-1,2.459e-8,6.692e+3,1.746e+5,3.425e-4,2.022e+2,9.973e-14,6.838e-21
335.25,1.492e+5,2.476e-11,2.904e-1,2.088e-8,7.888e+3,1.411e+5,3.964e-4,2.484e+2,9.959e-14,6.833e-21
335.30,1.138e+5,2.475e-11,2.598e-1,1.650e-8,9.314e+3,1.042e+5,4.646e-4,3.088e+2,9.943e-14,6.827e-21
335.35,8.496e+4,2.474e-11,2.223e-1,1.259e-8,1.053e+4,7.406e+4,5.259e-4,3.672e+2,9.926e-14,6.821e-21
335.40,6.305e+4,2.473e-11,1.819e-1,9.275e-9,1.139e+4,5.124e+4,5.723e-4,4.177e+2,9.909e-14,6.815e-21
335.45,4.773e+4,2.472e-11,1.424e-1,6.586e-9,1.181e+4,3.547e+4,5.978e-4,4.545e+2,9.892e-14,6.809e-21
335.50,3.834e+4,2.471e-11,1.066e-1,4.504e-9,1.173e+4,2.613e+4,5.989e-4,4.730e+2,9.875e-14,6.803e-21
335.55,3.422e+4,2.470e-11,7.638e-2,2.964e-9,1.117e+4,2.257e+4,5.755e-4,4.709e+2,9.858e-14,6.798e-21
335.60,3.494e+4,2.469e-11,5.232e-2,1.876e-9,1.022e+4,2.428e+4,5.309e-4,4.485e+2,9.841e-14,6.792e-21
335.65,4.034e+4,2.468e-11,3.428e-2,1.140e-9,8.976e+3,3.095e+4,4.704e-4,4.085e+2,9.824e-14,6.786e-21
335.69,4.799e+4,2.467e-11,2.367e-2,7.437e-10,7.873e+3,3.975e+4,4.153e-4,3.672e+2,9.810e-14,6.781e-21
335.74,6.167e+4,2.466e-11,1.431e-2,4.200e-10,6.466e+3,5.489e+4,3.435e-4,3.088e+2,9.793e-14,6.775e-21
335.79,7.957e+4,2.465e-11,8.277e-3,2.274e-10,5.132e+3,7.419e+4,2.742e-4,2.484e+2,9.776e-14,6.769e-21
335.84,1.009e+5,2.464e-11,4.579e-3,1.181e-10,3.948e+3,9.674e+4,2.116e-4,1.912e+2,9.759e-14,6.763e-21
335.89,1.241e+5,2.463e-11,2.423e-3,5.873e-11,2.952e+3,1.210e+5,1.584e-4,1.407e+2,9.742e-14,6.757e-21
335.94,1.473e+5,2.462e-11,1.226e-3,2.798e-11,2.154e+3,1.451e+5,1.152e-4,9.916e+1,9.725e-14,6.752e-21
335.99,1.680e+5,2.461e-11,5.935e-4,1.277e-11,1.538e+3,1.664e+5,8.165e-5,6.696e+1,9.708e-14,6.746e-21
336.04,1.837e+5,2.460e-11,2.748e-4,5.578e-12,1.078e+3,1.826e+5,5.652e-5,4.355e+1,9.691e-14,6.740e-21
336.08,1.914e+5,2.459e-11,1.437e-4,2.787e-12,8.020e+2,1.906e+5,4.145e-5,3.037e+1,9.677e-14,6.735e-21
336.13,1.938e+5,2.458e-11,6.141e-5,1.125e-12,5.476e+2,1.932e+5,2.760e-5,1.974e+1,9.660e-14,6.729e-21
336.18,1.878e+5,2.457e-11,2.510e-5,4.348e-13,3.721e+2,1.875e+5,1.801e-5,1.469e+1,9.644e-14,6.723e-21
336.23,1.744e+5,2.456e-11,9.812e-6,1.608e-13,2.583e+2,1.741e+5,1.155e-5,1.484e+1,9.627e-14,6.717e-21
336.28,1.550e+5,2.455e-11,3.669e-6,5.688e-14,1.965e+2,1.548e+5,7.346e-6,2.069e+1,9.610e-14,6.711e-21
336.33,1.320e+5,2.454e-11,1.312e-6,1.925e-14,1.849e+2,1.318e+5,4.790e-6,3.388e+1,9.593e-14,6.706e-21
336.38,1.079e+5,2.453e-11,4.487e-7,6.234e-15,2.308e+2,1.076e+5,3.477e-6,5.727e+1,9.576e-14,6.700e-21
336.43,8.479e+4,2.452e-11,1.468e-7,1.931e-15,3.522e+2,8.434e+4,3.192e-6,9.494e+1,9.559e-14,6.694e-21
336.47,6.823e+4,2.451e-11,5.816e-8,7.323e-16,5.234e+2,6.756e+4,3.658e-6,1.387e+2,9.545e-14,6.689e-21
336.52,5.087e+4,2.450e-11,1.756e-8,2.094e-16,8.645e+2,4.979e+4,5.165e-6,2.152e+2,9.528e-14,6.683e-21
336.57,3.779e+4,2.449e-11,5.073e-9,5.729e-17,1.395e+3,3.608e+4,7.851e-6,3.205e+2,9.511e-14,6.677e-21
336.62,2.917e+4,2.448e-11,1.401e-9,1.499e-17,2.172e+3,2.654e+4,1.194e-5,4.583e+2,9.494e-14,6.671e-21
336.67,2.491e+4,2.447e-11,3.702e-10,3.752e-18,3.249e+3,2.103e+4,1.767e-5,6.292e+2,9.477e-14,6.666e-21
336.72,2.486e+4,2.446e-11,9.357e-11,8.982e-19,4.666e+3,1.936e+4,2.517e-5,8.292e+2,9.460e-14,6.660e-21
336.77,2.885e+4,2.444e-11,2.262e-11,2.057e-19,6.428e+3,2.137e+4,3.444e-5,1.049e+3,9.443e-14,6.654e-21
336.82,3.675e+4,2.443e-11,5.228e-12,4.505e-20,8.493e+3,2.698e+4,4.519e-5,1.274e+3,9.426e-14,6.648e-21
336.87,4.838e+4,2.442e-11,1.156e-12,9.436e-21,1.076e+4,3.613e+4,5.687e-5,1.486e+3,9.409e-14,6.642e-21
336.91,6.014e+4,2.442e-11,3.348e-13,2.616e-21,1.262e+4,4.589e+4,6.631e-5,1.632e+3,9.395e-14,6.637e-21
336.96,7.739e+4,2.441e-11,6.833e-14,5.058e-22,1.484e+4,6.079e+4,7.736e-5,1.769e+3,9.378e-14,6.631e-21
337.01,9.652e+4,2.439e-11,1.334e-14,9.355e-23,1.673e+4,7.795e+4,8.653e-5,1.840e+3,9.361e-14,6.625e-21
337.06,1.161e+5,2.438e-11,2.491e-15,1.655e-23,1.810e+4,9.615e+4,9.281e-5,1.837e+3,9.344e-14,6.620e-21
337.11,1.344e+5,2.437e-11,4.448e-16,1.649e-23,1.881e+4,1.138e+5,9.544e-5,1.761e+3,9.328e-14,6.614e-21
337.16,1.495e+5,2.436e-11,7.597e-17,1.644e-23,1.878e+4,1.291e+5,9.409e-5,1.620e+3,9.311e-14,6.608e-21
337.21,1.597e+5,2.435e-11,7.582e-17,1.638e-23,1.806e+4,1.402e+5,8.894e-5,1.430e+3,9.294e-14,6.602e-21
337.26,1.638e+5,2.434e-11,7.567e-17,1.632e-23,1.678e+4,1.458e+5,8.060e-5,1.213e+3,9.277e-14,6.596e-21
337.30,1.624e+5,2.433e-11,7.555e-17,1.628e-23,1.549e+4,1.459e+5,7.226e-5,1.033e+3,9.263e-14,6.591e-21
337.35,1.550e+5,2.432e-11,7.540e-17,1.622e-23,1.374e+4,1.404e+5,6.069e-5,8.165e+2,9.246e-14,6.585e-21
337.40,1.422e+5,2.431e-11,7.525e-17,1.616e-23,1.205e+4,1.295e+5,4.886e-5,6.243e+2,9.229e-14,6.579e-21
337.45,1.257e+5,2.430e-11,7.510e-17,1.611e-23,1.061e+4,1.146e+5,3.771e-5,4.662e+2,9.212e-14,6.574e-21
337.50,1.073e+5,2.429e-11,7.495e-17,1.605e-23,9.517e+3,9.741e+4,2.789e-5,3.471e+2,9.195e-14,6.568e-21
337.55,8.896e+4,2.428e-11,7.480e-17,1.599e-23,8.803e+3,7.989e+4,1.977e-5,2.673e+2,9.178e-14,6.562e-21
337.60,7.232e+4,2.427e-11,7.466e-17,1.594e-23,8.417e+3,6.368e+4,1.343e-5,2.241e+2,9.161e-14,6.556e-21
337.65,5.849e+4,2.426e-11,7.451e-17,1.588e-23,8.250e+3,5.003e+4,8.746e-6,2.121e+2,9.144e-14,6.550e-21
337.70,4.810e+4,2.425e-11,7.436e-17,1.582e-23,8.171e+3,3.970e+4,5.457e-6,2.250e+2,9.127e-14,6.544e-21
337.74,4.241e+4,2.424e-11,7.424e-17,1.578e-23,8.087e+3,3.407e+4,3.628e-6,2.484e+2,9.113e-14,6.539e-21
337.79,3.848e+4,2.423e-11,7.409e-17,1.572e-23,7.873e+3,3.032e+4,2.096e-6,2.876e+2,9.096e-14,6.533e-21
337.84,3.784e+4,2.422e-11,7.394e-17,1.566e-23,7.487e+3,3.002e+4,1.160e-6,3.307e+2,9.079e-14,6.528e-21
337.89,4.018e+4,2.421e-11,7.379e-17,1.561e-23,6.925e+3,3.288e+4,6.150e-7,3.702e+2,9.062e-14,6.522e-21
337.94,4.517e+4,2.420e-11,7.364e-17,1.555e-23,6.230e+3,3.854e+4,3.124e-7,3.999e+2,9.045e-14,6.516e-21
337.99,5.252e+4,2.419e-11,7.349e-17,1.549e-23,5.477e+3,4.663e+4,1.520e-7,4.148e+2,9.028e-14,6.510e-21
338.04,6.189e+4,2.418e-11,7.334e-17,1.544e-23,4.760e+3,5.672e+4,7.083e-8,4.125e+2,9.012e-14,6.504e-21
338.09,7.283e+4,2.417e-11,7.319e-17,1.538e-23,4.171e+3,6.827e+4,3.162e-8,3.929e+2,8.995e-14,6.498e-21
338.13,8.229e+4,2.416e-11,7.307e-17,1.533e-23,3.845e+3,7.808e+4,1.608e-8,3.663e+2,8.981e-14,6.493e-21
338.18,9.429e+4,2.415e-11,7.292e-17,1.528e-23,3.663e+3,9.030e+4,6.639e-9,3.226e+2,8.964e-14,6.487e-21
338.23,1.056e+5,2.414e-11,7.278e-17,1.522e-23,3.753e+3,1.015e+5,2.627e-9,2.720e+2,8.947e-14,6.482e-21
338.28,1.150e+5,2.413e-11,7.263e-17,1.516e-23,4.100e+3,1.107e+5,1.000e-9,2.196e+2,8.930e-14,6.476e-21
338.33,1.218e+5,2.412e-11,7.248e-17,1.511e-23,4.654e+3,1.169e+5,3.795e-10,1.699e+2,8.913e-14,6.470e-21
338.38,1.250e+5,2.411e-11,7.233e-17,1.505e-23,5.333e+3,1.196e+5,1.830e-10,1.262e+2,8.896e-14,6.464e-21
338.43,1.246e+5,2.410e-11,7.218e-17,1.499e-23,6.034e+3,1.185e+5,2.103e-10,9.055e+1,8.879e-14,6.458e-21
338.48,1.206e+5,2.409e-11,7.203e-17,1.494e-23,6.650e+3,1.139e+5,4.844e-10,6.384e+1,8.862e-14,6.452e-21
338.52,1.152e+5,2.408e-11,7.191e-17,1.489e-23,7.012e+3,1.081e+5,1.044e-9,4.905e+1,8.848e-14,6.447e-21
338.57,1.063e+5,2.407e-11,7.176e-17,1.483e-23,7.238e+3,9.904e+4,2.685e-9,3.874e+1,8.831e-14,6.442e-21
338.62,9.599e+4,2.406e-11,7.161e-17,1.478e-23,7.173e+3,8.878e+4,6.640e-9,3.766e+1,8.814e-14,6.436e-21
338.67,8.504e+4,2.405e-11,7.146e-17,1.472e-23,6.815e+3,7.818e+4,1.573e-8,4.646e+1,8.797e-14,6.430e-21
338.72,7.417e+4,2.404e-11,7.131e-17,1.466e-23,6.203e+3,6.790e+4,3.569e-8,6.648e+1,8.780e-14,6.424e-21
338.77,6.384e+4,2.402e-11,7.116e-17,1.461e-23,5.408e+3,5.833e+4,7.753e-8,9.960e+1,8.763e-14,6.418e-21
338.82,5.434e+4,2.401e-11,7.101e-17,1.455e-23,4.515e+3,4.968e+4,1.613e-7,1.478e+2,8.746e-14,6.412e-21
338.87,4.584e+4,2.400e-11,7.087e-17,1.449e-23,3.608e+3,4.202e+4,3.213e-7,2.126e+2,8.729e-14,6.406e-21
338.92,3.843e+4,2.399e-11,7.072e-17,1.444e-23,2.761e+3,3.537e+4,6.128e-7,2.939e+2,8.712e-14,6.400e-21
338.96,3.333e+4,2.398e-11,7.060e-17,1.439e-23,2.160e+3,3.081e+4,9.958e-7,3.696e+2,8.699e-14,6.396e-21
339.01,2.808e+4,2.397e-11,7.045e-17,1.433e-23,1.528e+3,2.608e+4,1.757e-6,4.735e+2,8.682e-14,6.390e-21
339.06,2.411e+4,2.396e-11,7.030e-17,1.428e-23,1.035e+3,2.249e+4,2.969e-6,5.813e+2,8.665e-14,6.384e-21
339.11,2.144e+4,2.395e-11,7.015e-17,1.422e-23,6.713e+2,2.008e+4,4.803e-6,6.837e+2,8.648e-14,6.378e-21
339.16,1.999e+4,2.394e-11,7.000e-17,1.416e-23,4.167e+2,1.880e+4,7.441e-6,7.711e+2,8.631e-14,6.372e-21
339.21,1.958e+4,2.393e-11,6.985e-17,1.411e-23,2.477e+2,1.850e+4,1.104e-5,8.345e+2,8.614e-14,6.366e-21
339.26,1.994e+4,2.392e-11,6.970e-17,1.405e-23,1.409e+2,1.893e+4,1.568e-5,8.682e+2,8.597e-14,6.360e-21
339.31,2.071e+4,2.391e-11,6.955e-17,1.399e-23,7.675e+1,1.977e+4,2.133e-5,8.710e+2,8.580e-14,6.354e-21
339.35,2.137e+4,2.390e-11,6.943e-17,1.395e-23,4.575e+1,2.047e+4,2.645e-5,8.533e+2,8.566e-14,6.350e-21
339.40,2.196e+4,2.389e-11,6.928e-17,1.389e-23,2.304e+1,2.112e+4,3.328e-5,8.135e+2,8.549e-14,6.344e-21
339.45,2.202e+4,2.388e-11,6.913e-17,1.383e-23,1.111e+1,2.125e+4,4.010e-5,7.649e+2,8.532e-14,6.338e-21
339.50,2.142e+4,2.387e-11,6.898e-17,1.378e-23,5.126e+0,2.069e+4,4.628e-5,7.211e+2,8.515e-14,6.332e-21
339.55,2.012e+4,2.386e-11,6.884e-17,1.372e-23,2.265e+0,1.942e+4,5.116e-5,6.943e+2,8.498e-14,6.326e-21
339.60,1.822e+4,2.385e-11,6.869e-17,1.366e-23,9.582e-1,1.753e+4,5.417e-5,6.942e+2,8.481e-14,6.320e-21
339.65,1.592e+4,2.384e-11,6.854e-17,1.361e-23,3.880e-1,1.520e+4,5.498e-5,7.253e+2,8.464e-14,6.314e-21
339.70,1.346e+4,2.383e-11,6.839e-17,1.355e-23,1.504e-1,1.267e+4,5.353e-5,7.873e+2,8.447e-14,6.308e-21
339.74,1.153e+4,2.382e-11,6.827e-17,1.350e-23,6.831e-2,1.067e+4,5.091e-5,8.555e+2,8.434e-14,6.304e-21
339.79,9.315e+3,2.381e-11,6.812e-17,1.345e-23,2.448e-2,8.358e+3,4.626e-5,9.572e+2,8.417e-14,6.298e-21
339.84,7.457e+3,2.380e-11,6.797e-17,1.339e-23,8.402e-3,6.390e+3,4.075e-5,1.068e+3,8.400e-14,6.292e-21
339.89,6.018e+3,2.379e-11,6.782e-17,1.333e-23,2.760e-3,4.840e+3,3.518e-5,1.178e+3,8.383e-14,6.286e-21
339.94,4.998e+3,2.378e-11,6.767e-17,1.328e-23,8.680e-4,3.717e+3,3.035e-5,1.281e+3,8.366e-14,6.280e-21
339.99,4.351e+3,2.377e-11,6.752e-17,1.322e-23,2.613e-4,2.977e+3,2.689e-5,1.374e+3,8.349e-14,6.274e-21
340.04,4.001e+3,2.376e-11,6.737e-17,1.316e-23,7.532e-5,2.542e+3,2.524e-5,1.459e+3,8.332e-14,6.268e-21
340.09,3.864e+3,2.375e-11,6.722e-17,1.311e-23,2.078e-5,2.321e+3,2.557e-5,1.542e+3,8.315e-14,6.262e-21
340.14,3.861e+3,2.374e-11,6.707e-17,1.305e-23,5.490e-6,2.226e+3,2.776e-5,1.634e+3,8.298e-14,6.256e-21
340.18,3.912e+3,2.373e-11,6.696e-17,1.300e-23,1.834e-6,2.188e+3,3.062e-5,1.724e+3,8.284e-14,6.252e-21
340.23,4.006e+3,2.372e-11,6.681e-17,1.295e-23,4.480e-7,2.139e+3,3.511e-5,1.866e+3,8.267e-14,6.246e-21
340.28,4.110e+3,2.371e-11,6.666e-17,1.289e-23,1.047e-7,2.054e+3,3.994e-5,2.056e+3,8.250e-14,6.240e-21
340.33,4.218e+3,2.370e-11,6.651e-17,1.283e-23,2.344e-8,1.914e+3,4.436e-5,2.304e+3,8.233e-14,6.234e-21
340.38,4.334e+3,2.369e-11,6.636e-17,1.278e-23,5.024e-9,1.720e+3,4.767e-5,2.614e+3,8.216e-14,6.228e-21
340.43,4.466e+3,2.368e-11,6.621e-17,1.272e-23,1.031e-9,1.486e+3,4.930e-5,2.980e+3,8.199e-14,6.222e-21
340.48,4.618e+3,2.367e-11,6.606e-17,1.266e-23,2.024e-10,1.231e+3,4.897e-5,3.386e+3,8.182e-14,6.216e-21
340.53,4.784e+3,2.366e-11,6.591e-17,1.261e-23,3.805e-11,9.785e+2,4.664e-5,3.805e+3,8.165e-14,6.210e-21
340.57,4.914e+3,2.365e-11,6.579e-17,1.256e-23,9.685e-12,7.895e+2,4.351e-5,4.125e+3,8.152e-14,6.206e-21
340.62,5.051e+3,2.364e-11,6.564e-17,1.250e-23,1.602e-12,5.808e+2,3.838e-5,4.470e+3,8.135e-14,6.200e-21
340.67,5.130e+3,2.363e-11,6.549e-17,1.245e-23,1.607e-12,4.093e+2,3.243e-5,4.721e+3,8.118e-14,6.194e-21
340.72,5.123e+3,2.362e-11,6.534e-17,1.239e-23,1.612e-12,2.763e+2,2.626e-5,4.846e+3,8.101e-14,6.188e-21
340.77,5.012e+3,2.360e-11,6.519e-17,1.233e-23,1.617e-12,1.786e+2,2.037e-5,4.833e+3,8.084e-14,6.182e-21
340.82,4.797e+3,2.359e-11,6.504e-17,1.228e-23,1.621e-12,1.106e+2,1.515e-5,4.687e+3,8.067e-14,6.176e-21
340.87,4.494e+3,2.358e-11,3.703e-16,1.222e-23,1.626e-12,6.556e+1,1.085e-5,4.429e+3,8.050e-14,6.170e-21
340.92,4.133e+3,2.357e-11,2.021e-15,1.216e-23,1.631e-12,3.723e+1,7.528e-6,4.096e+3,8.033e-14,6.164e-21
340.97,3.749e+3,2.356e-11,1.057e-14,1.211e-23,1.636e-12,2.025e+1,5.194e-6,3.728e+3,8.016e-14,6.159e-21
341.01,3.448e+3,2.355e-11,3.850e-14,1.206e-23,1.640e-12,1.206e+1,3.998e-6,3.436e+3,8.002e-14,6.154e-21
341.06,3.105e+3,2.354e-11,1.865e-13,1.200e-23,1.645e-12,6.069e+0,3.304e-6,3.099e+3,7.985e-14,6.148e-21
341.11,2.812e+3,2.353e-11,8.657e-13,1.195e-23,1.650e-12,2.925e+0,3.498e-6,2.809e+3,7.968e-14,6.142e-21
341.16,2.575e+3,2.352e-11,3.851e-12,1.189e-23,1.654e-12,1.350e+0,4.648e-6,2.574e+3,7.951e-14,6.136e-21
341.21,2.387e+3,2.351e-11,1.642e-11,1.183e-23,1.659e-12,5.968e-1,6.902e-6,2.387e+3,7.934e-14,6.130e-21
341.26,2.237e+3,2.350e-11,6.710e-11,1.178e-23,1.664e-12,2.527e-1,1.046e-5,2.237e+3,7.917e-14,6.124e-21
341.31,2.112e+3,2.349e-11,2.628e-10,1.172e-23,1.669e-12,1.024e-1,1.554e-5,2.112e+3,7.900e-14,6.119e-21
341.36,2.004e+3,2.348e-11,9.862e-10,1.166e-23,1.674e-12,3.978e-2,2.227e-5,2.004e+3,7.883e-14,6.113e-21
341.40,1.926e+3,2.347e-11,2.755e-9,1.162e-23,1.678e-12,1.810e-2,2.887e-5,1.926e+3,7.870e-14,6.108e-21
341.45,1.840e+3,2.346e-11,9.579e-9,1.156e-23,1.682e-12,6.501e-3,3.844e-5,1.840e+3,7.853e-14,6.102e-21
341.50,1.770e+3,2.345e-11,3.192e-8,1.150e-23,1.687e-12,2.237e-3,4.905e-5,1.770e+3,7.836e-14,6.096e-21
341.55,1.720e+3,2.344e-11,1.019e-7,1.145e-23,1.692e-12,7.373e-4,5.998e-5,1.720e+3,7.819e-14,6.090e-21
341.60,1.690e+3,2.343e-11,3.119e-7,1.139e-23,1.697e-12,2.327e-4,7.027e-5,1.690e+3,7.802e-14,6.084e-21
341.65,1.676e+3,2.342e-11,9.146e-7,1.133e-23,1.702e-12,7.034e-5,7.888e-5,1.676e+3,7.785e-14,6.078e-21
341.70,1.672e+3,2.341e-11,2.570e-6,1.128e-23,1.707e-12,2.036e-5,8.483e-5,1.672e+3,7.768e-14,6.073e-21
341.75,1.667e+3,2.340e-11,6.924e-6,1.122e-23,1.712e-12,5.646e-6,8.741e-5,1.667e+3,7.751e-14,6.067e-21
341.79,1.657e+3,2.339e-11,1.484e-5,1.117e-23,1.715e-12,1.961e-6,8.682e-5,1.657e+3,7.737e-14,6.062e-21
341.84,1.634e+3,2.338e-11,3.702e-5,1.112e-23,1.720e-12,5.032e-7,8.282e-5,1.634e+3,7.720e-14,6.056e-21
341.89,1.602e+3,2.337e-11,8.851e-5,1.106e-23,1.725e-12,1.236e-7,7.570e-5,1.602e+3,7.703e-14,6.050e-21
341.94,1.567e+3,2.336e-11,2.028e-4,1.100e-23,1.730e-12,2.909e-8,6.630e-5,1.567e+3,7.686e-14,6.044e-21
341.99,1.544e+3,2.335e-11,4.455e-4,1.095e-23,1.735e-12,6.555e-9,5.562e-5,1.544e+3,7.669e-14,6.038e-21
342.04,1.552e+3,2.334e-11,9.377e-4,1.089e-23,1.740e-12,1.415e-9,4.471e-5,1.552e+3,7.652e-14,6.032e-21
342.09,1.607e+3,2.333e-11,1.891e-3,1.083e-23,1.744e-12,2.924e-10,3.444e-5,1.607e+3,7.635e-14,6.027e-21
342.14,1.725e+3,2.332e-11,3.656e-3,1.078e-23,1.749e-12,5.789e-11,2.541e-5,1.725e+3,7.618e-14,6.021e-21
342.19,1.917e+3,2.331e-11,6.774e-3,1.072e-23,1.754e-12,1.098e-11,1.797e-5,1.917e+3,7.601e-14,6.015e-21
342.23,2.125e+3,2.330e-11,1.076e-2,1.067e-23,1.758e-12,2.813e-12,1.320e-5,2.125e+3,7.588e-14,6.010e-21
342.28,2.452e+3,2.329e-11,1.847e-2,1.062e-23,1.763e-12,1.905e-13,8.641e-6,2.452e+3,7.571e-14,6.004e-21
342.33,2.842e+3,2.328e-11,3.037e-2,1.056e-23,1.768e-12,1.060e-12,5.419e-6,2.842e+3,7.554e-14,5.998e-21
342.38,3.277e+3,2.327e-11,4.787e-2,1.050e-23,1.772e-12,1.170e-11,3.256e-6,3.277e+3,7.537e-14,5.992e-21
342.43,3.730e+3,2.326e-11,7.231e-2,1.045e-23,1.777e-12,6.225e-11,1.874e-6,3.729e+3,7.520e-14,5.986e-21
342.48,4.167e+3,2.325e-11,1.047e-1,1.039e-23,1.782e-12,3.179e-10,1.034e-6,4.167e+3,7.503e-14,5.981e-21
342.53,4.550e+3,2.324e-11,1.452e-1,1.033e-23,1.787e-12,1.559e-9,5.463e-7,4.550e+3,7.486e-14,5.975e-21
342.58,4.842e+3,2.322e-11,1.931e-1,1.028e-23,1.792e-12,7.339e-9,2.766e-7,4.841e+3,7.469e-14,5.969e-21
342.62,4.985e+3,2.322e-11,2.353e-1,1.023e-23,1.796e-12,2.461e-8,1.556e-7,4.985e+3,7.455e-14,5.964e-21
342.67,5.031e+3,2.321e-11,2.898e-1,1.017e-23,1.801e-12,1.076e-7,7.293e-8,5.031e+3,7.438e-14,5.958e-21
342.72,4.917e+3,2.320e-11,3.420e-1,1.012e-23,1.805e-12,4.520e-7,3.275e-8,4.916e+3,7.421e-14,5.952e-21
342.77,4.646e+3,2.318e-11,3.869e-1,1.006e-23,1.810e-12,1.822e-6,1.409e-8,4.645e+3,7.404e-14,5.946e-21
342.82,4.239e+3,2.317e-11,4.195e-1,1.000e-23,1.815e-12,7.050e-6,5.810e-9,4.239e+3,7.387e-14,5.941e-21
342.87,3.731e+3,2.316e-11,4.359e-1,9.947e-24,1.820e-12,2.618e-5,2.295e-9,3.731e+3,7.370e-14,5.935e-21
342.92,3.166e+3,2.315e-11,4.340e-1,9.890e-24,1.825e-12,9.336e-5,8.684e-10,3.165e+3,7.353e-14,5.929e-21
342.97,2.587e+3,2.314e-11,4.142e-1,9.833e-24,1.830e-12,3.195e-4,3.148e-10,2.586e+3,7.336e-14,5.923e-21
343.01,2.142e+3,2.313e-11,3.869e-1,9.787e-24,1.833e-12,8.300e-4,1.356e-10,2.141e+3,7.323e-14,5.918e-21
343.06,1.634e+3,2.312e-11,3.420e-1,9.731e-24,1.838e-12,2.638e-3,4.551e-11,1.634e+3,7.306e-14,5.912e-21
343.11,1.202e+3,2.311e-11,2.898e-1,9.674e-24,1.843e-12,8.048e-3,1.464e-11,1.202e+3,7.289e-14,5.906e-21
343.16,8.542e+2,2.310e-11,2.353e-1,9.617e-24,1.848e-12,2.356e-2,4.510e-12,8.539e+2,7.272e-14,5.900e-21
343.21,5.930e+2,2.309e-11,1.831e-1,9.560e-24,1.853e-12,6.620e-2,1.332e-12,5.927e+2,7.255e-14,5.895e-21
343.26,4.143e+2,2.308e-11,1.365e-1,9.503e-24,1.858e-12,1.785e-1,3.766e-13,4.140e+2,7.238e-14,5.889e-21
343.31,3.134e+2,2.307e-11,9.755e-2,9.446e-24,1.863e-12,4.618e-1,1.021e-13,3.129e+2,7.221e-14,5.883e-21
343.36,2.890e+2,2.306e-11,6.681e-2,9.390e-24,1.867e-12,1.146e+0,2.650e-14,2.878e+2,7.204e-14,5.877e-21
343.41,3.464e+2,2.305e-11,4.385e-2,9.333e-24,1.872e-12,2.731e+0,6.593e-15,3.437e+2,7.187e-14,5.871e-21
343.45,4.606e+2,2.304e-11,3.037e-2,9.287e-24,1.876e-12,5.308e+0,2.100e-15,4.553e+2,7.173e-14,5.866e-21
343.50,7.077e+2,2.303e-11,1.847e-2,9.231e-24,1.881e-12,1.174e+1,4.838e-16,6.960e+2,7.156e-14,5.860e-21
343.55,1.099e+3,2.302e-11,1.076e-2,9.174e-24,1.886e-12,2.490e+1,1.068e-16,1.075e+3,7.139e-14,5.854e-21
343.60,1.671e+3,2.301e-11,6.009e-3,9.117e-24,1.891e-12,5.067e+1,2.257e-17,1.620e+3,7.122e-14,5.849e-21
343.65,2.456e+3,2.300e-11,3.216e-3,9.060e-24,1.895e-12,9.893e+1,4.572e-18,2.357e+3,7.105e-14,5.843e-21
343.70,3.483e+3,2.299e-11,1.649e-3,9.003e-24,1.900e-12,1.853e+2,8.872e-19,3.297e+3,7.088e-14,5.837e-21
343.75,4.761e+3,2.298e-11,8.107e-4,8.946e-24,1.905e-12,3.329e+2,1.650e-19,4.428e+3,7.071e-14,5.831e-21
343.80,6.282e+3,2.297e-11,3.819e-4,8.890e-24,1.910e-12,5.738e+2,2.939e-20,5.708e+3,7.054e-14,5.825e-21
343.84,7.653e+3,2.296e-11,2.028e-4,8.844e-24,1.914e-12,8.607e+2,2.939e-20,6.792e+3,7.041e-14,5.820e-21
343.89,9.515e+3,2.295e-11,8.851e-5,8.787e-24,1.919e-12,1.376e+3,2.940e-20,8.139e+3,7.024e-14,5.814e-21
343.94,1.148e+4,2.294e-11,3.702e-5,8.731e-24,1.924e-12,2.111e+3,2.941e-20,9.372e+3,7.007e-14,5.808e-21
343.99,1.348e+4,2.293e-11,1.484e-5,8.674e-24,1.928e-12,3.105e+3,2.941e-20,1.038e+4,6.990e-14,5.803e-21
344.04,1.544e+4,2.292e-11,5.698e-6,8.617e-24,1.933e-12,4.381e+3,2.942e-20,1.105e+4,6.973e-14,5.797e-21
344.09,1.728e+4,2.291e-11,2.098e-6,8.560e-24,1.938e-12,5.929e+3,2.943e-20,1.135e+4,6.956e-14,5.791e-21
344.14,1.893e+4,2.290e-11,7.400e-7,8.503e-24,1.943e-12,7.695e+3,2.943e-20,1.124e+4,6.939e-14,5.785e-21
344.19,2.034e+4,2.289e-11,2.502e-7,8.446e-24,1.948e-12,9.577e+3,2.944e-20,1.076e+4,6.922e-14,5.779e-21
344.24,2.142e+4,2.288e-11,8.107e-8,8.390e-24,1.953e-12,1.143e+4,2.945e-20,9.983e+3,6.905e-14,5.773e-21
344.28,2.199e+4,2.287e-11,3.192e-8,8.344e-24,1.956e-12,1.278e+4,2.945e-20,9.207e+3,6.891e-14,5.768e-21
344.33,2.228e+4,2.286e-11,9.579e-9,8.287e-24,1.961e-12,1.415e+4,2.946e-20,8.128e+3,6.874e-14,5.763e-21
344.38,2.204e+4,2.285e-11,2.755e-9,8.230e-24,1.966e-12,1.502e+4,2.947e-20,7.012e+3,6.857e-14,5.757e-21
344.43,2.123e+4,2.284e-11,7.596e-10,8.174e-24,1.971e-12,1.530e+4,2.947e-20,5.932e+3,6.840e-14,5.751e-21
344.48,1.988e+4,2.283e-11,2.007e-10,8.117e-24,1.976e-12,1.495e+4,2.948e-20,4.938e+3,6.823e-14,5.745e-21
344.53,1.807e+4,2.282e-11,5.081e-11,8.060e-24,1.981e-12,1.401e+4,2.949e-20,4.058e+3,6.806e-14,5.739e-21
344.58,1.591e+4,2.280e-11,1.233e-11,8.003e-24,1.985e-12,1.261e+4,2.949e-20,3.303e+3,6.789e-14,5.733e-21
344.63,1.358e+4,2.279e-11,2.867e-12,7.946e-24,1.990e-12,1.091e+4,2.950e-20,2.673e+3,6.772e-14,5.727e-21
344.67,1.171e+4,2.279e-11,8.657e-13,7.901e-24,1.994e-12,9.458e+3,2.950e-20,2.254e+3,6.759e-14,5.722e-21
344.72,9.514e+3,2.278e-11,1.865e-13,7.844e-24,1.999e-12,7.683e+3,2.951e-20,1.832e+3,6.742e-14,5.717e-21
344.77,7.596e+3,2.276e-11,3.850e-14,7.787e-24,2.004e-12,6.086e+3,2.952e-20,1.510e+3,6.725e-14,5.711e-21
344.82,6.051e+3,2.275e-11,7.616e-15,7.730e-24,2.009e-12,4.774e+3,2.952e-20,1.277e+3,6.708e-14,5.705e-21
344.87,4.918e+3,2.274e-11,1.444e-15,7.674e-24,2.014e-12,3.801e+3,2.953e-20,1.117e+3,6.691e-14,5.699e-21
344.92,4.192e+3,2.273e-11,2.624e-16,7.617e-24,2.018e-12,3.177e+3,2.954e-20,1.015e+3,6.674e-14,5.693e-21
344.97,3.830e+3,2.272e-11,3.462e-16,7.560e-24,2.023e-12,2.879e+3,2.954e-20,9.515e+2,6.657e-14,5.687e-21
345.02,3.770e+3,2.271e-11,4.300e-16,7.503e-24,2.028e-12,2.860e+3,2.955e-20,9.102e+2,6.640e-14,5.681e-21
345.06,3.892e+3,2.270e-11,4.970e-16,7.458e-24,2.032e-12,3.010e+3,2.956e-20,8.825e+2,6.626e-14,5.676e-21
345.11,4.203e+3,2.269e-11,5.808e-16,7.401e-24,2.037e-12,3.359e+3,2.956e-20,8.445e+2,6.609e-14,5.671e-21
345.16,4.638e+3,2.268e-11,6.645e-16,7.344e-24,2.042e-12,3.843e+3,2.957e-20,7.953e+2,6.592e-14,5.665e-21
345.21,5.158e+3,2.267e-11,7.483e-16,7.287e-24,2.046e-12,4.426e+3,2.958e-20,7.316e+2,6.575e-14,5.659e-21
345.26,5.733e+3,2.266e-11,8.321e-16,7.230e-24,2.051e-12,5.079e+3,2.958e-20,6.542e+2,6.558e-14,5.653e-21
345.31,6.345e+3,2.265e-11,9.159e-16,7.174e-24,2.056e-12,5.777e+3,2.959e-20,5.675e+2,6.541e-14,5.647e-21
345.36,6.974e+3,2.264e-11,9.996e-16,7.117e-24,2.061e-12,6.496e+3,2.960e-20,4.774e+2,6.524e-14,5.641e-21
345.41,7.596e+3,2.263e-11,1.083e-15,7.060e-24,2.066e-12,7.206e+3,2.960e-20,3.905e+2,6.507e-14,5.635e-21
345.46,8.180e+3,2.262e-11,1.167e-15,7.003e-24,2.071e-12,7.867e+3,2.961e-20,3.126e+2,6.490e-14,5.629e-21
345.50,8.594e+3,2.261e-11,1.234e-15,6.958e-24,2.075e-12,8.334e+3,2.962e-20,2.597e+2,6.477e-14,5.625e-21
345.55,9.013e+3,2.260e-11,1.318e-15,6.901e-24,2.079e-12,8.805e+3,2.962e-20,2.079e+2,6.460e-14,5.619e-21
345.60,9.297e+3,2.259e-11,1.402e-15,6.844e-24,2.084e-12,9.124e+3,2.963e-20,1.728e+2,6.443e-14,5.613e-21
345.65,9.437e+3,2.258e-11,1.486e-15,6.787e-24,2.089e-12,9.284e+3,2.964e-20,1.537e+2,6.426e-14,5.607e-21
345.70,9.449e+3,2.257e-11,1.569e-15,6.730e-24,2.094e-12,9.300e+3,2.964e-20,1.488e+2,6.409e-14,5.601e-21
345.75,9.370e+3,2.256e-11,1.653e-15,6.674e-24,2.099e-12,9.214e+3,2.965e-20,1.555e+2,6.392e-14,5.595e-21
345.80,9.254e+3,2.255e-11,1.737e-15,6.617e-24,2.104e-12,9.082e+3,2.966e-20,1.711e+2,6.375e-14,5.589e-21
345.85,9.153e+3,2.254e-11,1.821e-15,6.560e-24,2.108e-12,8.960e+3,2.966e-20,1.934e+2,6.358e-14,5.583e-21
345.89,9.111e+3,2.253e-11,1.888e-15,6.514e-24,2.112e-12,8.896e+3,2.967e-20,2.152e+2,6.344e-14,5.579e-21
345.94,9.118e+3,2.252e-11,1.971e-15,6.458e-24,2.117e-12,8.870e+3,2.967e-20,2.480e+2,6.327e-14,5.573e-21
345.99,9.179e+3,2.251e-11,2.055e-15,6.401e-24,2.122e-12,8.889e+3,2.968e-20,2.893e+2,6.310e-14,5.567e-21
346.04,9.255e+3,2.250e-11,2.139e-15,6.344e-24,2.127e-12,8.911e+3,2.969e-20,3.436e+2,6.293e-14,5.561e-21
346.09,9.294e+3,2.249e-11,2.223e-15,6.287e-24,2.132e-12,8.877e+3,2.969e-20,4.172e+2,6.276e-14,5.555e-21
346.14,9.245e+3,2.248e-11,2.307e-15,6.230e-24,2.136e-12,8.729e+3,2.970e-20,5.168e+2,6.259e-14,5.549e-21
346.19,9.073e+3,2.247e-11,2.390e-15,6.174e-24,2.141e-12,8.425e+3,2.971e-20,6.478e+2,6.242e-14,5.543e-21
346.24,8.764e+3,2.246e-11,2.474e-15,6.117e-24,2.146e-12,7.952e+3,2.971e-20,8.126e+2,6.225e-14,5.537e-21
346.29,8.332e+3,2.245e-11,2.558e-15,6.060e-24,2.151e-12,7.324e+3,2.972e-20,1.008e+3,6.208e-14,5.531e-21
346.33,7.917e+3,2.244e-11,2.625e-15,6.014e-24,2.155e-12,6.736e+3,2.973e-20,1.181e+3,6.195e-14,5.527e-21
346.38,7.343e+3,2.243e-11,2.709e-15,5.958e-24,2.160e-12,5.937e+3,2.973e-20,1.406e+3,6.178e-14,5.521e-21
346.43,6.740e+3,2.242e-11,2.792e-15,5.901e-24,2.165e-12,5.118e+3,2.974e-20,1.622e+3,6.161e-14,5.515e-21
346.48,6.133e+3,2.241e-11,2.876e-15,5.844e-24,2.169e-12,4.326e+3,2.975e-20,1.807e+3,6.144e-14,5.509e-21
346.53,5.536e+3,2.240e-11,2.960e-15,5.787e-24,2.174e-12,3.595e+3,2.975e-20,1.941e+3,6.127e-14,5.503e-21
346.58,4.953e+3,2.238e-11,3.044e-15,5.730e-24,2.179e-12,2.944e+3,2.976e-20,2.009e+3,6.110e-14,5.497e-21
346.63,4.381e+3,2.237e-11,3.128e-15,5.673e-24,2.184e-12,2.378e+3,2.977e-20,2.003e+3,6.093e-14,5.491e-21
346.68,3.820e+3,2.236e-11,3.211e-15,5.617e-24,2.189e-12,1.895e+3,2.977e-20,1.925e+3,6.076e-14,5.485e-21
346.72,3.381e+3,2.236e-11,3.278e-15,5.571e-24,2.193e-12,1.563e+3,2.978e-20,1.818e+3,6.062e-14,5.481e-21
346.77,2.855e+3,2.234e-11,3.362e-15,5.514e-24,2.197e-12,1.212e+3,2.979e-20,1.643e+3,6.045e-14,5.475e-21
346.82,2.368e+3,2.233e-11,3.446e-15,5.458e-24,2.202e-12,9.241e+2,2.979e-20,1.444e+3,6.028e-14,5.469e-21
346.87,1.942e+3,2.232e-11,3.530e-15,5.401e-24,2.207e-12,6.953e+2,2.980e-20,1.247e+3,6.011e-14,5.463e-21
346.92,1.599e+3,2.231e-11,3.613e-15,5.344e-24,2.212e-12,5.237e+2,2.981e-20,1.075e+3,5.994e-14,5.457e-21
346.97,1.362e+3,2.230e-11,3.697e-15,5.287e-24,2.217e-12,4.099e+2,2.981e-20,9.522e+2,5.977e-14,5.451e-21
347.02,1.254e+3,2.229e-11,3.781e-15,5.230e-24,2.222e-12,3.573e+2,2.982e-20,8.968e+2,5.960e-14,5.445e-21
347.07,1.297e+3,2.228e-11,3.865e-15,5.173e-24,2.226e-12,3.734e+2,2.983e-20,9.234e+2,5.943e-14,5.439e-21
347.11,1.454e+3,2.227e-11,3.932e-15,5.128e-24,2.230e-12,4.432e+2,2.983e-20,1.010e+3,5.930e-14,5.435e-21
347.16,1.819e+3,2.226e-11,4.016e-15,5.071e-24,2.235e-12,6.147e+2,2.984e-20,1.204e+3,5.913e-14,5.429e-21
347.21,2.385e+3,2.225e-11,4.099e-15,5.014e-24,2.240e-12,8.959e+2,2.984e-20,1.489e+3,5.896e-14,5.423e-21
347.26,3.155e+3,2.224e-11,4.183e-15,4.958e-24,2.245e-12,1.304e+3,2.985e-20,1.851e+3,5.879e-14,5.417e-21
347.31,4.117e+3,2.223e-11,4.267e-15,4.901e-24,2.250e-12,1.850e+3,2.986e-20,2.267e+3,5.862e-14,5.411e-21
347.36,5.238e+3,2.222e-11,4.351e-15,4.844e-24,2.255e-12,2.534e+3,2.986e-20,2.703e+3,5.845e-14,5.405e-21
347.41,6.459e+3,2.221e-11,4.434e-15,4.787e-24,2.259e-12,3.339e+3,2.987e-20,3.120e+3,5.828e-14,5.399e-21
347.46,7.698e+3,2.220e-11,4.518e-15,4.730e-24,2.264e-12,4.225e+3,2.988e-20,3.473e+3,5.811e-14,5.394e-21
347.51,8.856e+3,2.219e-11,4.602e-15,4.673e-24,2.269e-12,5.132e+3,2.988e-20,3.723e+3,5.794e-14,5.388e-21
347.55,9.651e+3,2.218e-11,4.669e-15,4.628e-24,2.273e-12,5.822e+3,2.989e-20,3.829e+3,5.780e-14,5.383e-21
347.60,1.040e+4,2.217e-11,4.753e-15,4.571e-24,2.278e-12,6.568e+3,2.990e-20,3.830e+3,5.763e-14,5.377e-21
347.65,1.080e+4,2.216e-11,4.837e-15,4.514e-24,2.283e-12,7.114e+3,2.990e-20,3.685e+3,5.746e-14,5.371e-21
347.70,1.081e+4,2.215e-11,4.920e-15,4.457e-24,2.287e-12,7.400e+3,2.991e-20,3.409e+3,5.729e-14,5.365e-21
347.75,1.043e+4,2.214e-11,5.004e-15,4.401e-24,2.292e-12,7.397e+3,2.992e-20,3.034e+3,5.712e-14,5.359e-21
347.80,9.710e+3,2.213e-11,5.088e-15,4.344e-24,2.297e-12,7.113e+3,2.992e-20,2.597e+3,5.695e-14,5.353e-21
347.85,8.729e+3,2.212e-11,5.172e-15,4.287e-24,2.302e-12,6.591e+3,2.993e-20,2.138e+3,5.678e-14,5.348e-21
347.90,7.595e+3,2.211e-11,5.255e-15,4.230e-24,2.307e-12,5.901e+3,2.994e-20,1.694e+3,5.661e-14,5.342e-21
347.94,6.653e+3,2.210e-11,5.322e-15,4.185e-24,2.311e-12,5.286e+3,2.994e-20,1.367e+3,5.648e-14,5.337e-21
347.99,5.518e+3,2.209e-11,5.406e-15,4.128e-24,2.316e-12,4.508e+3,2.995e-20,1.010e+3,5.631e-14,5.331e-21
348.04,4.505e+3,2.208e-11,5.490e-15,4.071e-24,2.320e-12,3.787e+3,2.996e-20,7.179e+2,5.614e-14,5.325e-21
348.09,3.664e+3,2.207e-11,5.574e-15,4.014e-24,2.325e-12,3.172e+3,2.996e-20,4.918e+2,5.597e-14,5.319e-21
348.14,3.013e+3,2.206e-11,5.658e-15,3.957e-24,2.330e-12,2.687e+3,2.997e-20,3.258e+2,5.580e-14,5.313e-21
348.19,2.541e+3,2.205e-11,5.741e-15,3.901e-24,2.335e-12,2.330e+3,2.998e-20,2.110e+2,5.563e-14,5.307e-21
348.24,2.219e+3,2.204e-11,5.825e-15,3.844e-24,2.340e-12,2.081e+3,2.998e-20,1.380e+2,5.546e-14,5.302e-21
348.29,2.009e+3,2.203e-11,5.909e-15,3.787e-24,2.345e-12,1.910e+3,2.999e-20,9.889e+1,5.529e-14,5.296e-21
348.33,1.898e+3,2.202e-11,5.976e-15,3.742e-24,2.348e-12,1.809e+3,2.999e-20,8.835e+1,5.515e-14,5.291e-21
348.38,1.808e+3,2.201e-11,6.060e-15,3.685e-24,2.353e-12,1.709e+3,3.000e-20,9.928e+1,5.498e-14,5.285e-21
348.43,1.762e+3,2.200e-11,6.143e-15,3.628e-24,2.358e-12,1.624e+3,3.001e-20,1.380e+2,5.481e-14,5.279e-21
348.48,1.764e+3,2.199e-11,6.227e-15,3.571e-24,2.363e-12,1.556e+3,3.001e-20,2.084e+2,5.464e-14,5.273e-21
348.53,1.835e+3,2.198e-11,6.311e-15,3.514e-24,2.368e-12,1.518e+3,3.002e-20,3.166e+2,5.447e-14,5.267e-21
348.58,2.003e+3,2.196e-11,6.395e-15,3.457e-24,2.373e-12,1.534e+3,3.003e-20,4.690e+2,5.430e-14,5.261e-21
348.63,2.301e+3,2.195e-11,6.479e-15,3.401e-24,2.377e-12,1.631e+3,3.003e-20,6.708e+2,5.413e-14,5.256e-21
348.68,2.755e+3,2.194e-11,6.562e-15,3.344e-24,2.382e-12,1.832e+3,3.004e-20,9.230e+2,5.396e-14,5.250e-21
348.73,3.374e+3,2.193e-11,6.646e-15,3.287e-24,2.387e-12,2.153e+3,3.005e-20,1.221e+3,5.379e-14,5.244e-21
348.77,3.981e+3,2.192e-11,6.713e-15,3.241e-24,2.391e-12,2.498e+3,3.005e-20,1.483e+3,5.366e-14,5.239e-21
348.82,4.851e+3,2.191e-11,6.797e-15,3.185e-24,2.396e-12,3.025e+3,3.006e-20,1.826e+3,5.349e-14,5.233e-21
348.87,5.787e+3,2.190e-11,6.881e-15,3.128e-24,2.401e-12,3.627e+3,3.007e-20,2.160e+3,5.332e-14,5.227e-21
348.92,6.709e+3,2.189e-11,6.964e-15,3.071e-24,2.406e-12,4.253e+3,3.007e-20,2.457e+3,5.315e-14,5.221e-21
348.97,7.528e+3,2.188e-11,7.048e-15,3.014e-24,2.410e-12,4.840e+3,3.008e-20,2.688e+3,5.298e-14,5.216e-21
349.02,8.155e+3,2.187e-11,7.132e-15,2.957e-24,2.415e-12,5.324e+3,3.009e-20,2.831e+3,5.281e-14,5.210e-21
349.07,8.522e+3,2.186e-11,7.216e-15,2.901e-24,2.420e-12,5.648e+3,3.009e-20,2.874e+3,5.264e-14,5.204e-21
349.12,8.589e+3,2.185e-11,7.300e-15,2.844e-24,2.425e-12,5.769e+3,3.010e-20,2.819e+3,5.247e-14,5.198e-21
349.16,8.424e+3,2.184e-11,7.367e-15,2.798e-24,2.429e-12,5.709e+3,3.011e-20,2.715e+3,5.233e-14,5.193e-21
349.21,7.972e+3,2.183e-11,7.450e-15,2.741e-24,2.434e-12,5.443e+3,3.011e-20,2.529e+3,5.216e-14,5.187e-21
349.26,7.303e+3,2.182e-11,7.534e-15,2.685e-24,2.438e-12,4.992e+3,3.012e-20,2.311e+3,5.199e-14,5.181e-21
349.31,6.497e+3,2.181e-11,7.618e-15,2.628e-24,2.443e-12,4.406e+3,3.013e-20,2.091e+3,5.182e-14,5.175e-21
349.36,5.641e+3,2.180e-11,7.702e-15,2.571e-24,2.448e-12,3.743e+3,3.013e-20,1.898e+3,5.165e-14,5.170e-21
349.41,4.810e+3,2.179e-11,7.785e-15,2.514e-24,2.453e-12,3.060e+3,3.014e-20,1.749e+3,5.148e-14,5.164e-21
349.46,4.064e+3,2.178e-11,7.869e-15,2.457e-24,2.458e-12,2.411e+3,3.015e-20,1.653e+3,5.131e-14,5.158e-21
349.51,3.438e+3,2.177e-11,7.953e-15,2.401e-24,2.463e-12,1.833e+3,3.015e-20,1.605e+3,5.114e-14,5.152e-21
349.56,2.945e+3,2.176e-11,8.037e-15,2.344e-24,2.468e-12,1.353e+3,3.016e-20,1.593e+3,5.097e-14,5.146e-21
349.60,2.644e+3,2.175e-11,8.104e-15,2.298e-24,2.471e-12,1.048e+3,3.016e-20,1.596e+3,5.084e-14,5.141e-21
349.65,2.375e+3,2.174e-11,8.188e-15,2.241e-24,2.476e-12,7.743e+2,3.017e-20,1.601e+3,5.067e-14,5.135e-21
349.70,2.213e+3,2.173e-11,8.271e-15,2.185e-24,2.481e-12,6.251e+2,3.018e-20,1.588e+3,5.050e-14,5.129e-21
349.75,2.158e+3,2.172e-11,8.355e-15,2.128e-24,2.486e-12,6.134e+2,3.018e-20,1.545e+3,5.033e-14,5.124e-21
349.80,2.228e+3,2.171e-11,8.439e-15,2.071e-24,2.491e-12,7.639e+2,3.019e-20,1.464e+3,5.016e-14,5.118e-21
349.85,2.463e+3,2.170e-11,8.523e-15,2.014e-24,2.496e-12,1.118e+3,3.020e-20,1.345e+3,4.999e-14,5.112e-21
349.90,2.931e+3,2.169e-11,8.606e-15,1.957e-24,2.500e-12,1.736e+3,3.020e-20,1.196e+3,4.982e-14,5.106e-21
349.95,3.716e+3,2.168e-11,8.690e-15,1.900e-24,2.505e-12,2.690e+3,3.021e-20,1.026e+3,4.965e-14,5.100e-21
349.99,4.635e+3,2.167e-11,8.757e-15,1.855e-24,2.509e-12,3.750e+3,3.022e-20,8.842e+2,4.951e-14,5.095e-21
350.04,6.215e+3,2.166e-11,8.841e-15,1.798e-24,2.514e-12,5.505e+3,3.022e-20,7.103e+2,4.934e-14,5.089e-21
350.09,8.325e+3,2.165e-11,8.925e-15,1.741e-24,2.519e-12,7.775e+3,3.023e-20,5.500e+2,4.917e-14,5.083e-21
350.14,1.097e+4,2.164e-11,9.009e-15,1.685e-24,2.524e-12,1.055e+4,3.024e-20,4.111e+2,4.900e-14,5.078e-21
350.19,1.406e+4,2.163e-11,9.092e-15,1.628e-24,2.528e-12,1.376e+4,3.024e-20,2.979e+2,4.883e-14,5.072e-21
350.24,1.746e+4,2.162e-11,9.176e-15,1.571e-24,2.533e-12,1.725e+4,3.025e-20,2.112e+2,4.866e-14,5.066e-21
350.29,2.093e+4,2.161e-11,9.260e-15,1.514e-24,2.538e-12,2.078e+4,3.026e-20,1.499e+2,4.849e-14,5.060e-21
350.34,2.418e+4,2.159e-11,9.344e-15,1.457e-24,2.543e-12,2.407e+4,3.026e-20,1.112e+2,4.832e-14,5.054e-21
350.38,2.644e+4,2.159e-11,9.411e-15,1.412e-24,2.547e-12,2.635e+4,3.027e-20,9.415e+1,4.819e-14,5.049e-21
350.43,2.863e+4,2.158e-11,9.494e-15,7.581e-24,2.552e-12,2.854e+4,3.028e-20,8.732e+1,4.802e-14,5.043e-21
350.48,2.997e+4,2.157e-11,9.578e-15,3.910e-23,2.557e-12,2.987e+4,3.028e-20,9.355e+1,4.785e-14,5.038e-21
350.53,3.042e+4,2.155e-11,9.662e-15,1.937e-22,2.561e-12,3.031e+4,3.029e-20,1.099e+2,4.768e-14,5.032e-21
350.58,3.010e+4,2.154e-11,9.746e-15,9.220e-22,2.566e-12,2.997e+4,3.030e-20,1.338e+2,4.751e-14,5.026e-21
350.63,2.923e+4,2.153e-11,9.830e-15,4.215e-21,2.571e-12,2.907e+4,3.030e-20,1.630e+2,4.734e-14,5.020e-21
350.68,2.812e+4,2.152e-11,9.913e-15,1.851e-20,2.576e-12,2.792e+4,3.031e-20,1.955e+2,4.717e-14,5.014e-21
350.73,2.705e+4,2.151e-11,9.997e-15,7.808e-20,2.581e-12,2.682e+4,3.032e-20,2.303e+2,4.700e-14,5.008e-21
350.78,2.626e+4,2.150e-11,1.008e-14,3.164e-19,2.586e-12,2.599e+4,3.032e-20,2.671e+2,4.683e-14,5.002e-21
350.82,2.592e+4,2.149e-11,1.015e-14,9.413e-19,2.589e-12,2.562e+4,3.033e-20,2.984e+2,4.669e-14,4.997e-21
350.87,2.584e+4,2.148e-11,1.023e-14,3.548e-18,2.594e-12,2.550e+4,3.033e-20,3.415e+2,4.652e-14,4.992e-21
350.92,2.604e+4,2.147e-11,1.032e-14,1.284e-17,2.599e-12,2.564e+4,3.034e-20,3.914e+2,4.635e-14,4.986e-21
350.97,2.628e+4,2.146e-11,1.040e-14,4.466e-17,2.604e-12,2.583e+4,3.035e-20,4.507e+2,4.618e-14,4.980e-21
351.02,2.633e+4,2.145e-11,1.048e-14,1.492e-16,2.609e-12,2.581e+4,3.035e-20,5.215e+2,4.601e-14,4.974e-21
351.07,2.594e+4,2.144e-11,1.057e-14,4.787e-16,2.614e-12,2.534e+4,3.036e-20,6.037e+2,4.584e-14,4.968e-21
351.12,2.496e+4,2.143e-11,1.065e-14,1.475e-15,2.619e-12,2.427e+4,3.037e-20,6.947e+2,4.567e-14,4.962e-21
351.17,2.335e+4,2.142e-11,1.073e-14,4.368e-15,2.623e-12,2.256e+4,3.037e-20,7.888e+2,4.550e-14,4.956e-21
351.21,2.164e+4,2.141e-11,1.080e-14,1.011e-14,2.627e-12,2.078e+4,3.038e-20,8.609e+2,4.537e-14,4.951e-21
351.26,1.911e+4,2.140e-11,1.089e-14,2.785e-14,2.632e-12,1.817e+4,3.039e-20,9.391e+2,4.520e-14,4.946e-21
351.31,1.633e+4,2.139e-11,1.097e-14,7.366e-14,2.637e-12,1.533e+4,3.039e-20,9.956e+2,4.503e-14,4.940e-21
351.36,1.352e+4,2.138e-11,1.105e-14,1.872e-13,2.642e-12,1.250e+4,3.040e-20,1.023e+3,4.486e-14,4.934e-21
351.41,1.091e+4,2.137e-11,1.114e-14,4.568e-13,2.647e-12,9.888e+3,3.041e-20,1.020e+3,4.469e-14,4.928e-21
351.46,8.644e+3,2.136e-11,1.122e-14,1.071e-12,2.651e-12,7.657e+3,3.041e-20,9.863e+2,4.452e-14,4.922e-21
351.51,6.844e+3,2.135e-11,1.130e-14,2.412e-12,2.656e-12,5.913e+3,3.042e-20,9.309e+2,4.435e-14,4.916e-21
351.56,5.560e+3,2.134e-11,1.139e-14,5.218e-12,2.661e-12,4.695e+3,3.043e-20,8.652e+2,4.418e-14,4.910e-21
351.60,4.909e+3,2.133e-11,1.145e-14,9.397e-12,2.665e-12,4.094e+3,3.043e-20,8.149e+2,4.404e-14,4.905e-21
351.65,4.535e+3,2.132e-11,1.154e-14,1.891e-11,2.670e-12,3.768e+3,3.044e-20,7.670e+2,4.387e-14,4.900e-21
351.70,4.590e+3,2.131e-11,1.162e-14,3.655e-11,2.675e-12,3.842e+3,3.045e-20,7.481e+2,4.370e-14,4.894e-21
351.75,4.986e+3,2.130e-11,1.171e-14,6.786e-11,2.679e-12,4.218e+3,3.045e-20,7.674e+2,4.353e-14,4.888e-21
351.80,5.615e+3,2.129e-11,1.179e-14,1.210e-10,2.684e-12,4.786e+3,3.046e-20,8.294e+2,4.336e-14,4.882e-21
351.85,6.364e+3,2.128e-11,1.187e-14,2.073e-10,2.689e-12,5.431e+3,3.047e-20,9.328e+2,4.319e-14,4.876e-21
351.90,7.113e+3,2.127e-11,1.196e-14,3.412e-10,2.694e-12,6.041e+3,3.047e-20,1.072e+3,4.302e-14,4.870e-21
351.95,7.756e+3,2.126e-11,1.204e-14,5.393e-10,2.699e-12,6.518e+3,3.048e-20,1.238e+3,4.285e-14,4.864e-21
352.00,8.208e+3,2.125e-11,1.212e-14,8.188e-10,2.704e-12,6.787e+3,3.049e-20,1.421e+3,4.268e-14,4.858e-21
352.04,8.396e+3,2.124e-11,1.219e-14,1.111e-9,2.708e-12,6.820e+3,3.049e-20,1.576e+3,4.255e-14,4.854e-21
352.09,8.401e+3,2.123e-11,1.228e-14,1.569e-9,2.712e-12,6.623e+3,3.050e-20,1.778e+3,4.238e-14,4.848e-21
352.14,8.175e+3,2.122e-11,1.236e-14,2.129e-9,2.717e-12,6.181e+3,3.050e-20,1.994e+3,4.221e-14,4.842e-21
352.19,7.772e+3,2.121e-11,1.244e-14,2.774e-9,2.722e-12,5.542e+3,3.051e-20,2.230e+3,4.204e-14,4.836e-21
352.24,7.273e+3,2.120e-11,1.253e-14,3.472e-9,2.727e-12,4.773e+3,3.052e-20,2.500e+3,4.187e-14,4.830e-21
352.29,6.762e+3,2.119e-11,1.261e-14,4.175e-9,2.732e-12,3.948e+3,3.052e-20,2.813e+3,4.170e-14,4.824e-21
352.34,6.312e+3,2.117e-11,1.269e-14,4.822e-9,2.737e-12,3.137e+3,3.053e-20,3.175e+3,4.153e-14,4.818e-21
352.39,5.973e+3,2.116e-11,1.278e-14,5.350e-9,2.741e-12,2.394e+3,3.054e-20,3.579e+3,4.136e-14,4.812e-21
352.43,5.795e+3,2.116e-11,1.285e-14,5.648e-9,2.745e-12,1.874e+3,3.054e-20,3.921e+3,4.122e-14,4.808e-21
352.48,5.678e+3,2.115e-11,1.293e-14,5.828e-9,2.750e-12,1.331e+3,3.055e-20,4.348e+3,4.105e-14,4.802e-21
352.53,5.649e+3,2.113e-11,1.301e-14,5.778e-9,2.755e-12,9.090e+2,3.056e-20,4.740e+3,4.088e-14,4.796e-21
352.58,5.661e+3,2.112e-11,1.310e-14,5.501e-9,2.760e-12,5.997e+2,3.056e-20,5.061e+3,4.071e-14,4.790e-21
352.63,5.665e+3,2.111e-11,1.318e-14,5.032e-9,2.765e-12,3.869e+2,3.057e-20,5.279e+3,4.054e-14,4.784e-21
352.68,5.627e+3,2.110e-11,1.326e-14,4.421e-9,2.770e-12,2.535e+2,3.058e-20,5.373e+3,4.037e-14,4.778e-21
352.73,5.529e+3,2.109e-11,1.335e-14,3.731e-9,2.774e-12,1.859e+2,3.058e-20,5.343e+3,4.020e-14,4.772e-21
352.78,5.379e+3,2.108e-11,1.343e-14,3.025e-9,2.779e-12,1.763e+2,3.059e-20,5.203e+3,4.003e-14,4.766e-21
352.83,5.206e+3,2.107e-11,1.352e-14,2.355e-9,2.784e-12,2.253e+2,3.060e-20,4.980e+3,3.986e-14,4.760e-21
352.87,5.082e+3,2.106e-11,1.358e-14,1.873e-9,2.788e-12,3.128e+2,3.060e-20,4.769e+3,3.973e-14,4.756e-21
352.92,4.994e+3,2.105e-11,1.367e-14,1.357e-9,2.793e-12,4.971e+2,3.061e-20,4.496e+3,3.956e-14,4.750e-21
352.97,5.034e+3,2.104e-11,1.375e-14,9.440e-10,2.798e-12,7.872e+2,3.062e-20,4.247e+3,3.939e-14,4.744e-21
353.02,5.259e+3,2.103e-11,1.383e-14,6.309e-10,2.802e-12,1.212e+3,3.062e-20,4.048e+3,3.922e-14,4.738e-21
353.07,5.711e+3,2.102e-11,1.392e-14,4.050e-10,2.807e-12,1.798e+3,3.063e-20,3.914e+3,3.905e-14,4.732e-21
353.12,6.413e+3,2.101e-11,1.400e-14,2.498e-10,2.812e-12,2.565e+3,3.064e-20,3.848e+3,3.888e-14,4.726e-21
353.17,7.362e+3,2.100e-11,1.409e-14,1.480e-10,2.817e-12,3.518e+3,3.064e-20,3.844e+3,3.871e-14,4.720e-21
353.22,8.524e+3,2.099e-11,1.417e-14,8.418e-11,2.822e-12,4.636e+3,3.065e-20,3.887e+3,3.854e-14,4.715e-21
353.26,9.564e+3,2.098e-11,1.424e-14,5.209e-11,2.826e-12,5.618e+3,3.065e-20,3.946e+3,3.840e-14,4.710e-21
353.31,1.093e+4,2.097e-11,1.432e-14,2.757e-11,2.831e-12,6.889e+3,3.066e-20,4.038e+3,3.823e-14,4.704e-21
353.36,1.225e+4,2.096e-11,1.440e-14,1.402e-11,2.835e-12,8.117e+3,3.067e-20,4.137e+3,3.806e-14,4.698e-21
353.41,1.343e+4,2.095e-11,1.449e-14,6.844e-12,2.840e-12,9.188e+3,3.067e-20,4.237e+3,3.789e-14,4.692e-21
353.46,1.433e+4,2.094e-11,1.457e-14,3.211e-12,2.845e-12,9.994e+3,3.068e-20,4.335e+3,3.772e-14,4.686e-21
353.51,1.487e+4,2.093e-11,1.465e-14,1.447e-12,2.850e-12,1.044e+4,3.069e-20,4.432e+3,3.755e-14,4.680e-21
353.56,1.502e+4,2.092e-11,1.474e-14,6.262e-13,2.855e-12,1.049e+4,3.069e-20,4.535e+3,3.738e-14,4.674e-21
353.61,1.477e+4,2.091e-11,1.482e-14,2.603e-13,2.860e-12,1.011e+4,3.070e-20,4.654e+3,3.721e-14,4.669e-21
353.65,1.432e+4,2.090e-11,1.489e-14,1.253e-13,2.863e-12,9.548e+3,3.071e-20,4.770e+3,3.707e-14,4.664e-21
353.70,1.352e+4,2.089e-11,1.497e-14,4.847e-14,2.868e-12,8.571e+3,3.071e-20,4.953e+3,3.691e-14,4.658e-21
353.75,1.258e+4,2.088e-11,1.506e-14,1.800e-14,2.873e-12,7.391e+3,3.072e-20,5.190e+3,3.674e-14,4.652e-21
353.80,1.161e+4,2.087e-11,1.514e-14,6.425e-15,2.878e-12,6.125e+3,3.073e-20,5.490e+3,3.657e-14,4.646e-21
353.85,1.073e+4,2.086e-11,1.522e-14,2.202e-15,2.883e-12,4.876e+3,3.073e-20,5.850e+3,3.640e-14,4.640e-21
353.90,9.983e+3,2.085e-11,1.531e-14,7.251e-16,2.888e-12,3.729e+3,3.074e-20,6.253e+3,3.623e-14,4.634e-21
353.95,9.411e+3,2.084e-11,1.539e-14,2.293e-16,2.892e-12,2.741e+3,3.075e-20,6.670e+3,3.606e-14,4.628e-21
354.00,8.990e+3,2.083e-11,1.548e-14,6.967e-17,2.897e-12,1.935e+3,3.075e-20,7.055e+3,3.589e-14,4.623e-21
354.05,8.670e+3,2.082e-11,1.556e-14,2.033e-17,2.902e-12,1.313e+3,3.076e-20,7.357e+3,3.572e-14,4.617e-21
354.09,8.440e+3,2.081e-11,1.563e-14,7.373e-18,2.906e-12,9.352e+2,3.077e-20,7.505e+3,3.558e-14,4.612e-21
354.14,8.131e+3,2.080e-11,1.571e-14,2.001e-18,2.911e-12,5.903e+2,3.077e-20,7.541e+3,3.541e-14,4.606e-21
354.19,7.746e+3,2.079e-11,1.579e-14,5.218e-19,2.916e-12,3.580e+2,3.078e-20,7.388e+3,3.524e-14,4.600e-21
354.24,7.256e+3,2.078e-11,1.588e-14,1.307e-19,2.921e-12,2.086e+2,3.079e-20,7.047e+3,3.507e-14,4.594e-21
354.29,6.656e+3,2.077e-11,1.596e-14,3.144e-20,2.925e-12,1.168e+2,3.079e-20,6.539e+3,3.490e-14,4.588e-21
354.34,5.967e+3,2.075e-11,1.605e-14,7.266e-21,2.930e-12,6.284e+1,3.080e-20,5.904e+3,3.473e-14,4.582e-21
354.39,5.225e+3,2.074e-11,1.613e-14,1.613e-21,2.935e-12,3.248e+1,3.081e-20,5.192e+3,3.456e-14,4.577e-21
354.44,4.472e+3,2.073e-11,1.621e-14,3.439e-22,2.940e-12,1.613e+1,3.081e-20,4.456e+3,3.439e-14,4.571e-21
354.48,3.891e+3,2.073e-11,1.628e-14,9.705e-23,2.944e-12,8.949e+0,3.082e-20,3.882e+3,3.425e-14,4.566e-21
354.53,3.218e+3,2.071e-11,1.636e-14,1.925e-23,2.949e-12,4.135e+0,3.082e-20,3.214e+3,3.408e-14,4.560e-21
354.58,2.627e+3,2.070e-11,1.645e-14,3.667e-24,2.953e-12,1.836e+0,3.083e-20,2.625e+3,3.391e-14,4.554e-21
354.63,2.131e+3,2.069e-11,1.653e-14,4.399e-22,2.958e-12,7.830e-1,3.084e-20,2.130e+3,3.375e-14,4.548e-21
354.68,1.737e+3,2.068e-11,1.662e-14,8.762e-22,2.963e-12,3.209e-1,3.084e-20,1.737e+3,3.358e-14,4.542e-21
354.73,1.449e+3,2.067e-11,1.670e-14,1.312e-21,2.968e-12,1.263e-1,3.085e-20,1.449e+3,3.341e-14,4.537e-21
354.78,1.273e+3,2.066e-11,1.678e-14,1.749e-21,2.973e-12,4.780e-2,3.086e-20,1.273e+3,3.324e-14,4.531e-21
354.83,1.215e+3,2.065e-11,1.687e-14,2.185e-21,2.978e-12,1.737e-2,3.086e-20,1.215e+3,3.307e-14,4.525e-21
354.88,1.290e+3,2.064e-11,1.695e-14,2.621e-21,2.982e-12,6.067e-3,3.087e-20,1.290e+3,3.290e-14,4.519e-21
354.92,1.455e+3,2.063e-11,1.702e-14,2.970e-21,2.986e-12,2.541e-3,3.088e-20,1.455e+3,3.276e-14,4.514e-21
354.97,1.810e+3,2.062e-11,1.710e-14,3.407e-21,2.991e-12,8.255e-4,3.088e-20,1.810e+3,3.259e-14,4.508e-21
355.02,2.341e+3,2.061e-11,1.718e-14,3.843e-21,2.996e-12,2.577e-4,3.089e-20,2.341e+3,3.242e-14,4.502e-21
355.07,3.054e+3,2.060e-11,1.727e-14,4.279e-21,3.001e-12,7.731e-5,3.090e-20,3.054e+3,3.225e-14,4.496e-21
355.12,3.942e+3,2.059e-11,1.735e-14,4.715e-21,3.006e-12,2.228e-5,3.090e-20,3.942e+3,3.208e-14,4.491e-21
355.17,4.978e+3,2.058e-11,1.744e-14,5.152e-21,3.011e-12,6.170e-6,3.091e-20,4.978e+3,3.191e-14,4.485e-21
355.22,6.117e+3,2.057e-11,1.752e-14,5.588e-21,3.015e-12,1.641e-6,3.092e-20,6.117e+3,3.174e-14,4.479e-21
355.27,7.294e+3,2.056e-11,1.760e-14,6.024e-21,3.020e-12,4.196e-7,3.092e-20,7.294e+3,3.157e-14,4.473e-21
355.31,8.212e+3,2.055e-11,1.767e-14,6.373e-21,3.024e-12,1.369e-7,3.093e-20,8.212e+3,3.143e-14,4.468e-21
355.36,9.263e+3,2.054e-11,1.775e-14,6.809e-21,3.029e-12,3.256e-8,3.094e-20,9.263e+3,3.126e-14,4.462e-21
355.41,1.014e+4,2.053e-11,1.784e-14,7.246e-21,3.034e-12,7.441e-9,3.094e-20,1.014e+4,3.109e-14,4.456e-21
355.46,1.077e+4,2.052e-11,1.792e-14,7.682e-21,3.039e-12,1.634e-9,3.095e-20,1.077e+4,3.092e-14,4.450e-21
355.51,1.113e+4,2.051e-11,1.801e-14,8.118e-21,3.043e-12,3.446e-10,3.096e-20,1.113e+4,3.075e-14,4.445e-21
355.56,1.119e+4,2.050e-11,1.809e-14,8.554e-21,3.048e-12,6.985e-11,3.096e-20,1.119e+4,3.059e-14,4.439e-21
355.61,1.099e+4,2.049e-11,1.817e-14,8.991e-21,3.053e-12,1.360e-11,3.097e-20,1.099e+4,3.042e-14,4.433e-21
355.66,1.054e+4,2.048e-11,1.826e-14,9.427e-21,3.058e-12,1.328e-11,3.098e-20,1.054e+4,3.025e-14,4.427e-21
355.70,1.005e+4,2.047e-11,1.832e-14,9.776e-21,3.062e-12,1.302e-11,3.098e-20,1.005e+4,3.011e-14,4.422e-21
355.75,9.304e+3,2.046e-11,1.841e-14,1.021e-20,3.067e-12,1.270e-11,3.099e-20,9.304e+3,2.994e-14,4.416e-21
355.80,8.479e+3,2.045e-11,1.849e-14,1.065e-20,3.072e-12,1.237e-11,3.099e-20,8.479e+3,2.977e-14,4.410e-21
355.85,7.632e+3,2.044e-11,1.858e-14,1.108e-20,3.076e-12,1.205e-11,3.100e-20,7.632e+3,2.960e-14,4.404e-21
355.90,6.824e+3,2.043e-11,1.866e-14,1.152e-20,3.081e-12,1.173e-11,3.101e-20,6.824e+3,2.943e-14,4.399e-21
355.95,6.113e+3,2.042e-11,1.874e-14,1.196e-20,3.086e-12,1.140e-11,3.101e-20,6.113e+3,2.926e-14,4.393e-21
356.00,5.556e+3,2.041e-11,1.883e-14,1.239e-20,3.091e-12,1.108e-11,3.102e-20,5.556e+3,2.909e-14,4.387e-21
356.05,5.206e+3,2.040e-11,1.891e-14,1.283e-20,3.096e-12,1.075e-11,3.103e-20,5.206e+3,2.892e-14,4.381e-21
356.10,5.105e+3,2.039e-11,1.899e-14,1.327e-20,3.101e-12,1.043e-11,3.103e-20,5.105e+3,2.875e-14,4.375e-21
356.14,5.225e+3,2.038e-11,1.906e-14,1.362e-20,3.104e-12,1.017e-11,3.104e-20,5.225e+3,2.861e-14,4.370e-21
356.19,5.633e+3,2.037e-11,1.915e-14,1.405e-20,3.109e-12,9.849e-12,3.105e-20,5.633e+3,2.844e-14,4.364e-21
356.24,6.316e+3,2.036e-11,1.923e-14,1.449e-20,3.114e-12,9.525e-12,3.105e-20,6.316e+3,2.827e-14,4.358e-21
356.29,7.238e+3,2.035e-11,1.931e-14,1.492e-20,3.119e-12,9.202e-12,3.106e-20,7.238e+3,2.810e-14,4.353e-21
356.34,8.343e+3,2.033e-11,1.940e-14,1.536e-20,3.124e-12,8.878e-12,3.107e-20,8.343e+3,2.793e-14,4.347e-21
356.39,9.565e+3,2.032e-11,1.948e-14,1.580e-20,3.129e-12,8.554e-12,3.107e-20,9.565e+3,2.776e-14,4.341e-21
356.44,1.084e+4,2.031e-11,1.956e-14,1.623e-20,3.133e-12,8.231e-12,3.108e-20,1.084e+4,2.760e-14,4.335e-21
356.49,1.213e+4,2.030e-11,1.965e-14,1.667e-20,3.138e-12,7.907e-12,3.109e-20,1.213e+4,2.743e-14,4.329e-21
356.53,1.314e+4,2.029e-11,7.723e-14,1.702e-20,3.142e-12,7.648e-12,3.109e-20,1.314e+4,2.729e-14,4.324e-21
356.58,1.441e+4,2.028e-11,4.657e-13,1.745e-20,3.147e-12,7.325e-12,3.110e-20,1.441e+4,2.712e-14,4.318e-21
356.63,1.567e+4,2.027e-11,2.318e-12,1.789e-20,3.152e-12,7.001e-12,3.111e-20,1.567e+4,2.695e-14,4.313e-21
356.68,1.696e+4,2.026e-11,1.110e-11,1.833e-20,3.157e-12,6.677e-12,3.111e-20,1.696e+4,2.678e-14,4.307e-21
356.73,1.828e+4,2.025e-11,5.112e-11,1.876e-20,3.162e-12,6.354e-12,3.112e-20,1.828e+4,2.661e-14,4.301e-21
356.78,1.959e+4,2.024e-11,2.266e-10,1.920e-20,3.166e-12,6.030e-12,3.113e-20,1.959e+4,2.644e-14,4.295e-21
356.83,2.082e+4,2.023e-11,9.663e-10,1.964e-20,3.171e-12,5.707e-12,3.113e-20,2.082e+4,2.627e-14,4.289e-21
356.88,2.185e+4,2.022e-11,3.965e-9,2.007e-20,3.176e-12,5.383e-12,3.114e-20,2.185e+4,2.610e-14,4.283e-21
356.92,2.243e+4,2.021e-11,1.193e-8,2.042e-20,3.180e-12,5.124e-12,3.114e-20,2.243e+4,2.596e-14,4.278e-21
356.97,2.277e+4,2.020e-11,4.568e-8,2.086e-20,3.185e-12,4.800e-12,3.115e-20,2.277e+4,2.579e-14,4.272e-21
357.02,2.257e+4,2.019e-11,1.683e-7,2.129e-20,3.190e-12,4.477e-12,3.116e-20,2.257e+4,2.562e-14,4.267e-21
357.07,2.179e+4,2.018e-11,5.964e-7,2.173e-20,3.194e-12,4.153e-12,3.116e-20,2.179e+4,2.545e-14,4.261e-21
357.12,2.046e+4,2.017e-11,2.034e-6,2.217e-20,3.199e-12,3.830e-12,3.117e-20,2.046e+4,2.528e-14,4.255e-21
357.17,1.869e+4,2.016e-11,6.675e-6,2.260e-20,3.204e-12,3.506e-12,3.118e-20,1.869e+4,2.511e-14,4.249e-21
357.22,1.661e+4,2.015e-11,2.108e-5,2.304e-20,3.209e-12,3.182e-12,3.118e-20,1.661e+4,2.494e-14,4.243e-21
357.27,1.440e+4,2.014e-11,6.404e-5,2.347e-20,3.214e-12,2.859e-12,3.119e-20,1.440e+4,2.477e-14,4.237e-21
357.32,1.225e+4,2.013e-11,1.872e-4,2.391e-20,3.219e-12,2.535e-12,3.120e-20,1.225e+4,2.460e-14,4.231e-21
357.36,1.069e+4,2.012e-11,4.297e-4,2.426e-20,3.223e-12,2.276e-12,3.120e-20,1.069e+4,2.447e-14,4.226e-21
357.41,9.043e+3,2.011e-11,1.172e-3,2.470e-20,3.227e-12,1.953e-12,3.121e-20,9.043e+3,2.430e-14,4.221e-21
357.46,7.859e+3,2.010e-11,3.078e-3,2.513e-20,3.232e-12,1.629e-12,3.122e-20,7.859e+3,2.413e-14,4.215e-21
357.51,7.238e+3,2.009e-11,7.775e-3,2.557e-20,3.237e-12,8.360e-12,3.122e-20,7.238e+3,2.396e-14,4.209e-21
357.56,7.266e+3,2.008e-11,1.890e-2,2.600e-20,3.242e-12,4.128e-11,3.123e-20,7.266e+3,2.379e-14,4.203e-21
357.61,8.018e+3,2.007e-11,4.422e-2,2.644e-20,3.247e-12,1.961e-10,3.124e-20,8.018e+3,2.362e-14,4.197e-21
357.66,9.551e+3,2.006e-11,9.956e-2,2.688e-20,3.252e-12,8.961e-10,3.124e-20,9.551e+3,2.345e-14,4.191e-21
357.71,1.189e+4,2.005e-11,2.157e-1,2.731e-20,3.256e-12,3.940e-9,3.125e-20,1.189e+4,2.328e-14,4.185e-21
357.75,1.431e+4,2.004e-11,3.895e-1,2.766e-20,3.260e-12,1.253e-8,3.126e-20,1.431e+4,2.314e-14,4.180e-21
357.80,1.796e+4,2.003e-11,7.876e-1,2.810e-20,3.265e-12,5.139e-8,3.126e-20,1.796e+4,2.297e-14,4.175e-21
357.85,2.211e+4,2.002e-11,1.533e+0,2.854e-20,3.270e-12,2.027e-7,3.127e-20,2.211e+4,2.280e-14,4.169e-21
357.90,2.651e+4,2.001e-11,2.870e+0,2.897e-20,3.275e-12,7.696e-7,3.128e-20,2.650e+4,2.263e-14,4.163e-21
357.95,3.080e+4,2.000e-11,5.173e+0,2.941e-20,3.280e-12,2.811e-6,3.128e-20,3.079e+4,2.246e-14,4.157e-21
358.00,3.461e+4,1.999e-11,8.972e+0,2.984e-20,3.284e-12,9.876e-6,3.129e-20,3.461e+4,2.229e-14,4.151e-21
358.05,3.761e+4,1.998e-11,1.498e+1,1.613e-19,3.289e-12,3.338e-5,3.130e-20,3.760e+4,2.212e-14,4.145e-21
358.10,3.951e+4,1.997e-11,2.406e+1,8.053e-19,3.294e-12,1.086e-4,3.130e-20,3.949e+4,2.195e-14,4.139e-21
358.15,4.018e+4,1.995e-11,3.720e+1,3.870e-18,3.299e-12,3.397e-4,3.131e-20,4.015e+4,2.178e-14,4.133e-21
358.19,3.982e+4,1.995e-11,5.129e+1,1.321e-17,3.303e-12,8.227e-4,3.131e-20,3.977e+4,2.165e-14,4.129e-21
358.24,3.837e+4,1.994e-11,7.402e+1,5.925e-17,3.308e-12,2.401e-3,3.132e-20,3.829e+4,2.148e-14,4.123e-21
358.29,3.600e+4,1.993e-11,1.028e+2,2.556e-16,3.313e-12,6.741e-3,3.133e-20,3.590e+4,2.131e-14,4.117e-21
358.34,3.303e+4,1.991e-11,1.374e+2,1.061e-15,3.317e-12,1.821e-2,3.133e-20,3.289e+4,2.114e-14,4.111e-21
358.39,2.975e+4,1.990e-11,1.768e+2,4.238e-15,3.322e-12,4.732e-2,3.134e-20,2.958e+4,2.097e-14,4.105e-21
358.44,2.643e+4,1.989e-11,2.190e+2,1.629e-14,3.327e-12,1.183e-1,3.135e-20,2.621e+4,2.080e-14,4.099e-21
358.49,2.325e+4,1.988e-11,2.610e+2,6.023e-14,3.332e-12,2.846e-1,3.135e-20,2.299e+4,2.063e-14,4.093e-21
358.54,2.034e+4,1.987e-11,2.994e+2,2.143e-13,3.337e-12,6.585e-1,3.136e-20,2.004e+4,2.046e-14,4.087e-21
358.58,1.822e+4,1.986e-11,3.251e+2,5.754e-13,3.341e-12,1.253e+0,3.137e-20,1.789e+4,2.032e-14,4.083e-21
358.63,1.583e+4,1.985e-11,3.481e+2,1.910e-12,3.345e-12,2.705e+0,3.137e-20,1.548e+4,2.015e-14,4.077e-21
358.68,1.369e+4,1.984e-11,3.588e+2,6.102e-12,3.350e-12,5.617e+0,3.138e-20,1.333e+4,1.998e-14,4.071e-21
358.73,1.177e+4,1.983e-11,3.559e+2,1.876e-11,3.355e-12,1.122e+1,3.139e-20,1.140e+4,1.981e-14,4.065e-21
358.78,1.003e+4,1.982e-11,3.399e+2,5.548e-11,3.360e-12,2.157e+1,3.139e-20,9.666e+3,1.964e-14,4.059e-21
358.83,8.453e+3,1.981e-11,3.123e+2,1.579e-10,3.365e-12,3.989e+1,3.140e-20,8.100e+3,1.947e-14,4.053e-21
358.88,7.047e+3,1.980e-11,2.763e+2,4.323e-10,3.370e-12,7.097e+1,3.141e-20,6.700e+3,1.930e-14,4.047e-21
358.93,5.823e+3,1.979e-11,2.352e+2,1.139e-9,3.375e-12,1.215e+2,3.141e-20,5.467e+3,1.913e-14,4.041e-21
358.97,4.989e+3,1.978e-11,2.012e+2,2.405e-9,3.378e-12,1.816e+2,3.142e-20,4.607e+3,1.900e-14,4.037e-21
359.02,4.142e+3,1.977e-11,1.599e+2,5.912e-9,3.383e-12,2.899e+2,3.143e-20,3.693e+3,1.883e-14,4.031e-21
359.07,3.525e+3,1.976e-11,1.223e+2,1.399e-8,3.388e-12,4.454e+2,3.143e-20,2.957e+3,1.866e-14,4.025e-21
359.12,3.140e+3,1.975e-11,9.003e+1,3.183e-8,3.393e-12,6.581e+2,3.144e-20,2.392e+3,1.849e-14,4.019e-21
359.17,2.979e+3,1.974e-11,6.379e+1,6.972e-8,3.398e-12,9.357e+2,3.145e-20,1.979e+3,1.832e-14,4.013e-21
359.22,3.020e+3,1.973e-11,4.351e+1,1.469e-7,3.403e-12,1.280e+3,3.145e-20,1.697e+3,1.815e-14,4.007e-21
359.27,3.229e+3,1.972e-11,2.856e+1,2.979e-7,3.407e-12,1.684e+3,3.146e-20,1.516e+3,1.798e-14,4.001e-21
359.32,3.558e+3,1.971e-11,1.804e+1,5.813e-7,3.412e-12,2.132e+3,3.147e-20,1.408e+3,1.781e-14,3.995e-21
359.37,3.954e+3,1.970e-11,1.097e+1,1.091e-6,3.417e-12,2.597e+3,3.147e-20,1.346e+3,1.764e-14,3.990e-21
359.41,4.277e+3,1.969e-11,7.170e+0,1.757e-6,3.421e-12,2.957e+3,3.148e-20,1.312e+3,1.750e-14,3.985e-21
359.46,4.640e+3,1.968e-11,4.070e+0,3.078e-6,3.426e-12,3.359e+3,3.148e-20,1.277e+3,1.733e-14,3.979e-21
359.51,4.912e+3,1.967e-11,2.223e+0,5.188e-6,3.431e-12,3.672e+3,3.149e-20,1.238e+3,1.716e-14,3.973e-21
359.56,5.054e+3,1.966e-11,1.169e+0,8.414e-6,3.435e-12,3.861e+3,3.150e-20,1.192e+3,1.699e-14,3.967e-21
359.61,5.049e+3,1.965e-11,5.915e-1,1.313e-5,3.440e-12,3.906e+3,3.150e-20,1.142e+3,1.682e-14,3.961e-21
359.66,4.901e+3,1.964e-11,2.881e-1,1.972e-5,3.445e-12,3.802e+3,3.151e-20,1.099e+3,1.665e-14,3.955e-21
359.71,4.633e+3,1.963e-11,1.350e-1,2.849e-5,3.450e-12,3.560e+3,3.152e-20,1.073e+3,1.648e-14,3.949e-21
359.76,4.286e+3,1.962e-11,6.092e-2,3.961e-5,3.455e-12,3.207e+3,3.152e-20,1.079e+3,1.631e-14,3.944e-21
359.80,3.984e+3,1.961e-11,3.135e-2,5.015e-5,3.459e-12,2.869e+3,3.153e-20,1.115e+3,1.618e-14,3.939e-21
359.85,3.622e+3,1.960e-11,1.320e-2,6.506e-5,3.464e-12,2.411e+3,3.154e-20,1.211e+3,1.601e-14,3.933e-21
359.90,3.324e+3,1.959e-11,5.348e-3,8.122e-5,3.468e-12,1.949e+3,3.154e-20,1.374e+3,1.584e-14,3.927e-21
359.95,3.131e+3,1.958e-11,2.086e-3,9.755e-5,3.473e-12,1.516e+3,3.155e-20,1.615e+3,1.567e-14,3.921e-21
360.00,3.077e+3,1.957e-11,7.828e-4,1.127e-4,3.478e-12,1.134e+3,3.156e-20,1.943e+3,1.550e-14,3.915e-21
360.05,3.184e+3,1.956e-11,2.827e-4,1.254e-4,3.483e-12,8.166e+2,3.156e-20,2.367e+3,1.533e-14,3.909e-21
360.10,3.465e+3,1.954e-11,9.827e-5,1.342e-4,3.488e-12,5.656e+2,3.157e-20,2.899e+3,1.516e-14,3.903e-21
360.15,3.924e+3,1.953e-11,3.287e-5,1.382e-4,3.493e-12,3.769e+2,3.158e-20,3.547e+3,1.499e-14,3.898e-21
360.19,4.421e+3,1.953e-11,1.331e-5,1.376e-4,3.496e-12,2.649e+2,3.158e-20,4.156e+3,1.485e-14,3.893e-21
360.24,5.201e+3,1.952e-11,4.156e-6,1.322e-4,3.501e-12,1.646e+2,3.159e-20,5.037e+3,1.468e-14,3.887e-21
360.29,6.153e+3,1.951e-11,1.249e-6,1.222e-4,3.506e-12,9.844e+1,3.160e-20,6.055e+3,1.451e-14,3.881e-21
360.34,7.266e+3,1.949e-11,3.609e-7,1.088e-4,3.511e-12,5.663e+1,3.160e-20,7.210e+3,1.434e-14,3.875e-21
360.39,8.523e+3,1.948e-11,1.004e-7,9.330e-5,3.516e-12,3.134e+1,3.161e-20,8.492e+3,1.417e-14,3.869e-21
360.44,9.898e+3,1.947e-11,2.688e-8,7.714e-5,3.521e-12,1.669e+1,3.162e-20,9.881e+3,1.400e-14,3.863e-21
360.49,1.135e+4,1.946e-11,6.924e-9,6.166e-5,3.526e-12,8.549e+0,3.162e-20,1.134e+4,1.383e-14,3.857e-21
360.54,1.283e+4,1.945e-11,1.716e-9,4.794e-5,3.530e-12,4.213e+0,3.163e-20,1.283e+4,1.366e-14,3.852e-21
360.59,1.427e+4,1.944e-11,4.094e-10,3.671e-5,3.535e-12,1.998e+0,3.164e-20,1.427e+4,1.349e-14,3.846e-21
360.63,1.534e+4,1.943e-11,1.265e-10,2.981e-5,3.539e-12,1.069e+0,3.164e-20,1.534e+4,1.336e-14,3.841e-21
360.68,1.651e+4,1.942e-11,2.816e-11,2.395e-5,3.544e-12,4.730e-1,3.165e-20,1.651e+4,1.319e-14,3.835e-21
360.73,1.741e+4,1.941e-11,6.030e-12,2.110e-5,3.549e-12,2.013e-1,3.165e-20,1.741e+4,1.302e-14,3.829e-21
360.78,1.796e+4,1.940e-11,1.243e-12,2.109e-5,3.554e-12,8.238e-2,3.166e-20,1.796e+4,1.285e-14,3.823e-21
360.83,1.810e+4,1.939e-11,2.268e-13,2.364e-5,3.558e-12,3.245e-2,3.167e-20,1.810e+4,1.268e-14,3.817e-21
360.88,1.781e+4,1.938e-11,2.884e-14,2.835e-5,3.563e-12,1.230e-2,3.167e-20,1.781e+4,1.251e-14,3.812e-21
360.93,1.709e+4,1.937e-11,2.806e-14,3.473e-5,3.568e-12,4.511e-3,3.168e-20,1.709e+4,1.234e-14,3.806e-21
360.98,1.598e+4,1.936e-11,2.729e-14,4.216e-5,3.573e-12,1.667e-3,3.169e-20,1.598e+4,1.217e-14,3.800e-21
361.02,1.486e+4,1.935e-11,2.667e-14,4.838e-5,3.577e-12,8.956e-4,3.169e-20,1.486e+4,1.203e-14,3.795e-21
361.07,1.327e+4,1.934e-11,2.590e-14,5.586e-5,3.582e-12,9.156e-4,3.170e-20,1.327e+4,1.186e-14,3.789e-21
361.12,1.156e+4,1.933e-11,2.512e-14,6.227e-5,3.586e-12,2.075e-3,3.171e-20,1.156e+4,1.169e-14,3.783e-21
361.17,9.889e+3,1.932e-11,2.435e-14,6.690e-5,3.591e-12,5.564e-3,3.171e-20,9.889e+3,1.152e-14,3.777e-21
361.22,8.370e+3,1.931e-11,2.357e-14,6.922e-5,3.596e-12,1.475e-2,3.172e-20,8.370e+3,1.135e-14,3.771e-21
361.27,7.120e+3,1.930e-11,2.280e-14,6.894e-5,3.601e-12,3.773e-2,3.173e-20,7.120e+3,1.118e-14,3.766e-21
361.32,6.234e+3,1.929e-11,2.202e-14,6.609e-5,3.606e-12,9.298e-2,3.173e-20,6.234e+3,1.101e-14,3.760e-21
361.37,5.779e+3,1.928e-11,2.125e-14,6.098e-5,3.611e-12,2.206e-1,3.174e-20,5.779e+3,1.084e-14,3.754e-21
361.42,5.792e+3,1.927e-11,2.048e-14,5.415e-5,1.844e-11,5.037e-1,3.175e-20,5.792e+3,1.067e-14,3.748e-21
361.46,6.143e+3,1.926e-11,1.986e-14,4.790e-5,6.613e-11,9.488e-1,3.175e-20,6.142e+3,1.054e-14,3.743e-21
361.51,6.981e+3,1.925e-11,1.908e-14,3.970e-5,3.155e-10,2.023e+0,3.176e-20,6.978e+3,1.037e-14,3.737e-21
361.56,8.202e+3,1.924e-11,1.831e-14,3.167e-5,1.449e-9,4.153e+0,3.177e-20,8.198e+3,1.020e-14,3.731e-21
361.61,9.709e+3,1.923e-11,1.753e-14,2.431e-5,6.409e-9,8.207e+0,3.177e-20,9.701e+3,1.003e-14,3.725e-21
361.66,1.137e+4,1.922e-11,1.676e-14,1.796e-5,2.729e-8,1.561e+1,3.178e-20,1.135e+4,9.858e-15,3.720e-21
361.71,1.304e+4,1.921e-11,1.599e-14,1.277e-5,1.119e-7,2.859e+1,3.179e-20,1.301e+4,9.688e-15,3.714e-21
361.76,1.455e+4,1.920e-11,1.521e-14,8.739e-6,4.419e-7,5.041e+1,3.179e-20,1.450e+4,9.519e-15,3.708e-21
361.81,1.578e+4,1.919e-11,1.444e-14,5.755e-6,1.680e-6,8.555e+1,3.180e-20,1.570e+4,9.349e-15,3.702e-21
361.85,1.648e+4,1.918e-11,1.382e-14,4.009e-6,4.758e-6,1.271e+2,3.180e-20,1.636e+4,9.213e-15,3.697e-21
361.90,1.695e+4,1.917e-11,1.304e-14,2.464e-6,1.690e-5,2.014e+2,3.181e-20,1.675e+4,9.043e-15,3.691e-21
361.95,1.696e+4,1.916e-11,1.227e-14,1.458e-6,5.778e-5,3.073e+2,3.182e-20,1.665e+4,8.873e-15,3.685e-21
362.00,1.653e+4,1.915e-11,1.150e-14,8.300e-7,1.902e-4,4.513e+2,3.182e-20,1.608e+4,8.703e-15,3.679e-21
362.05,1.574e+4,1.914e-11,1.072e-14,4.548e-7,6.032e-4,6.380e+2,3.183e-20,1.510e+4,8.533e-15,3.674e-21
362.10,1.469e+4,1.912e-11,9.948e-15,2.398e-7,1.841e-3,8.684e+2,3.184e-20,1.382e+4,8.363e-15,3.668e-21
362.15,1.348e+4,1.911e-11,9.174e-15,1.217e-7,5.412e-3,1.138e+3,3.184e-20,1.234e+4,8.193e-15,3.662e-21
362.20,1.221e+4,1.910e-11,8.400e-15,5.945e-8,1.532e-2,1.435e+3,3.185e-20,1.077e+4,8.024e-15,3.656e-21
362.24,1.120e+4,1.910e-11,7.781e-15,3.260e-8,3.426e-2,1.681e+3,3.186e-20,9.520e+3,7.888e-15,3.651e-21
362.29,1.001e+4,1.908e-11,7.007e-15,1.486e-8,9.059e-2,1.980e+3,3.186e-20,8.027e+3,7.718e-15,3.645e-21
362.34,8.914e+3,1.907e-11,6.233e-15,6.521e-9,2.306e-1,2.245e+3,3.187e-20,6.669e+3,7.548e-15,3.639e-21
362.39,7.945e+3,1.906e-11,5.458e-15,2.754e-9,5.653e-1,2.450e+3,3.188e-20,5.494e+3,7.378e-15,3.634e-21
362.44,7.114e+3,1.905e-11,4.684e-15,1.119e-9,1.334e+0,2.575e+3,3.188e-20,4.538e+3,7.208e-15,3.628e-21
362.49,6.436e+3,1.904e-11,3.910e-15,4.377e-10,3.032e+0,2.604e+3,3.189e-20,3.829e+3,7.038e-15,3.622e-21
362.54,5.935e+3,1.903e-11,3.136e-15,1.647e-10,6.635e+0,2.536e+3,3.190e-20,3.393e+3,6.868e-15,3.616e-21
362.59,5.645e+3,1.902e-11,2.362e-15,5.968e-11,1.398e+1,2.377e+3,3.190e-20,3.255e+3,6.698e-15,3.610e-21
362.64,5.608e+3,1.901e-11,1.588e-15,2.081e-11,2.836e+1,2.145e+3,3.191e-20,3.435e+3,6.528e-15,3.604e-21
362.68,5.789e+3,1.900e-11,9.685e-16,8.712e-12,4.861e+1,1.922e+3,3.192e-20,3.819e+3,6.393e-15,3.599e-21
362.73,6.309e+3,1.899e-11,1.944e-16,2.835e-12,9.213e+1,1.620e+3,3.192e-20,4.597e+3,6.223e-15,3.593e-21
362.78,7.171e+3,1.898e-11,9.879e-16,8.879e-13,1.681e+2,1.314e+3,3.193e-20,5.689e+3,6.053e-15,3.588e-21
362.83,8.365e+3,1.897e-11,4.836e-15,2.676e-13,2.954e+2,1.026e+3,3.194e-20,7.044e+3,5.883e-15,3.582e-21
362.88,9.852e+3,1.896e-11,2.280e-14,7.762e-14,4.998e+2,7.712e+2,3.194e-20,8.581e+3,5.713e-15,3.576e-21
362.93,1.156e+4,1.895e-11,1.044e-13,2.167e-14,8.143e+2,5.581e+2,3.195e-20,1.018e+4,5.543e-15,3.570e-21
362.98,1.338e+4,1.894e-11,4.570e-13,5.822e-15,1.277e+3,3.889e+2,3.196e-20,1.172e+4,5.373e-15,3.564e-21
363.03,1.522e+4,1.893e-11,1.928e-12,1.505e-15,1.929e+3,2.612e+2,3.196e-20,1.303e+4,5.203e-15,3.558e-21
363.07,1.663e+4,1.892e-11,5.936e-12,4.963e-16,2.611e+3,1.852e+2,3.197e-20,1.383e+4,5.067e-15,3.553e-21
363.12,1.823e+4,1.891e-11,2.341e-11,1.198e-16,3.685e+3,1.174e+2,3.197e-20,1.443e+4,4.898e-15,3.547e-21
363.17,1.961e+4,1.890e-11,8.898e-11,2.782e-17,5.007e+3,7.376e+1,3.198e-20,1.453e+4,4.728e-15,3.542e-21
363.22,2.072e+4,1.889e-11,3.257e-10,6.219e-18,6.552e+3,4.887e+1,3.199e-20,1.412e+4,4.558e-15,3.536e-21
363.27,2.155e+4,1.888e-11,1.149e-9,1.338e-18,8.256e+3,3.912e+1,3.199e-20,1.325e+4,4.388e-15,3.530e-21
363.32,2.210e+4,1.887e-11,3.905e-9,2.770e-19,1.002e+4,4.323e+1,3.200e-20,1.203e+4,4.218e-15,3.524e-21
363.37,2.237e+4,1.886e-11,1.279e-8,5.519e-20,1.172e+4,6.250e+1,3.201e-20,1.059e+4,4.048e-15,3.518e-21
363.42,2.238e+4,1.885e-11,4.036e-8,5.461e-20,1.321e+4,1.010e+2,3.201e-20,9.065e+3,3.878e-15,3.512e-21
363.47,2.212e+4,1.884e-11,1.228e-7,5.402e-20,1.437e+4,1.656e+2,3.202e-20,7.591e+3,3.708e-15,3.506e-21
363.51,2.174e+4,1.883e-11,2.911e-7,5.354e-20,1.498e+4,2.422e+2,3.203e-20,6.518e+3,3.572e-15,3.501e-21
363.56,2.108e+4,1.882e-11,8.287e-7,5.295e-20,1.533e+4,3.785e+2,3.203e-20,5.368e+3,3.402e-15,3.496e-21
363.61,2.025e+4,1.881e-11,2.274e-6,5.237e-20,1.522e+4,5.705e+2,3.204e-20,4.462e+3,3.233e-15,3.490e-21
363.66,1.937e+4,1.880e-11,6.016e-6,5.178e-20,1.474e+4,8.285e+2,3.205e-20,3.801e+3,3.063e-15,3.484e-21
363.71,1.856e+4,1.879e-11,1.535e-5,5.119e-20,1.405e+4,1.159e+3,3.205e-20,3.358e+3,2.893e-15,3.478e-21
363.76,1.796e+4,1.878e-11,3.775e-5,5.060e-20,1.331e+4,1.561e+3,3.206e-20,3.091e+3,2.723e-15,3.472e-21
363.81,1.770e+4,1.877e-11,8.959e-5,5.001e-20,1.272e+4,2.025e+3,3.207e-20,2.948e+3,2.553e-15,3.466e-21
363.86,1.786e+4,1.876e-11,2.051e-4,4.942e-20,1.245e+4,2.530e+3,3.207e-20,2.880e+3,2.383e-15,3.460e-21
363.90,1.833e+4,1.875e-11,3.877e-4,4.895e-20,1.254e+4,2.941e+3,3.208e-20,2.851e+3,2.247e-15,3.455e-21
363.95,1.930e+4,1.874e-11,8.325e-4,4.836e-20,1.305e+4,3.433e+3,3.209e-20,2.821e+3,2.077e-15,3.450e-21
364.00,2.061e+4,1.873e-11,1.725e-3,4.777e-20,1.397e+4,3.859e+3,3.209e-20,2.781e+3,1.907e-15,3.444e-21
364.05,2.209e+4,1.872e-11,3.453e-3,4.718e-20,1.518e+4,4.177e+3,3.210e-20,2.729e+3,1.738e-15,3.438e-21
364.10,2.354e+4,1.870e-11,6.673e-3,4.659e-20,1.650e+4,4.354e+3,3.211e-20,2.680e+3,1.568e-15,3.432e-21
364.15,2.475e+4,1.869e-11,1.246e-2,4.600e-20,1.771e+4,4.370e+3,3.211e-20,2.663e+3,1.398e-15,3.426e-21
364.20,2.555e+4,1.868e-11,2.248e-2,4.541e-20,1.861e+4,4.224e+3,3.212e-20,2.716e+3,1.228e-15,3.420e-21
364.25,2.582e+4,1.867e-11,3.922e-2,4.482e-20,1.901e+4,3.932e+3,3.213e-20,2.883e+3,1.058e-15,3.414e-21
364.29,2.565e+4,1.866e-11,5.974e-2,4.435e-20,1.891e+4,3.614e+3,3.213e-20,3.128e+3,9.220e-16,3.410e-21
364.34,2.497e+4,1.865e-11,9.811e-2,4.376e-20,1.823e+4,3.143e+3,3.214e-20,3.603e+3,7.522e-16,3.404e-21
364.39,2.389e+4,1.864e-11,1.559e-1,4.317e-20,1.697e+4,2.633e+3,3.214e-20,4.285e+3,5.823e-16,3.398e-21
364.44,2.257e+4,1.863e-11,2.398e-1,4.258e-20,1.527e+4,2.123e+3,3.215e-20,5.173e+3,4.124e-16,3.392e-21
364.49,2.117e+4,1.862e-11,3.571e-1,4.199e-20,1.328e+4,1.649e+3,3.216e-20,6.241e+3,2.425e-16,3.386e-21
364.54,1.986e+4,1.861e-11,5.150e-1,4.140e-20,1.119e+4,1.234e+3,3.216e-20,7.436e+3,1.231e-15,3.380e-21
364.59,1.876e+4,1.860e-11,7.199e-1,4.081e-20,9.188e+3,8.887e+2,3.217e-20,8.681e+3,6.024e-15,3.374e-21
364.64,1.793e+4,1.859e-11,9.755e-1,4.022e-20,7.431e+3,6.164e+2,3.218e-20,9.882e+3,2.840e-14,3.368e-21
364.69,1.741e+4,1.858e-11,1.282e+0,3.964e-20,6.050e+3,4.118e+2,3.218e-20,1.094e+4,1.290e-13,3.362e-21
364.73,1.720e+4,1.857e-11,1.562e+0,3.916e-20,5.279e+3,2.902e+2,3.219e-20,1.163e+4,4.214e-13,3.358e-21
364.78,1.719e+4,1.856e-11,1.948e+0,3.857e-20,4.787e+3,1.812e+2,3.220e-20,1.222e+4,1.790e-12,3.352e-21
364.83,1.745e+4,1.855e-11,2.364e+0,3.799e-20,4.854e+3,1.091e+2,3.220e-20,1.248e+4,7.326e-12,3.346e-21
364.88,1.795e+4,1.854e-11,2.793e+0,3.740e-20,5.495e+3,6.358e+1,3.221e-20,1.239e+4,2.889e-11,3.340e-21
364.93,1.870e+4,1.853e-11,3.220e+0,3.681e-20,6.693e+3,3.640e+1,3.222e-20,1.197e+4,1.098e-10,3.334e-21
364.98,1.970e+4,1.852e-11,3.630e+0,3.622e-20,8.403e+3,2.160e+1,3.222e-20,1.127e+4,4.018e-10,3.328e-21
365.03,2.090e+4,1.851e-11,4.011e+0,3.563e-20,1.053e+4,1.546e+1,3.223e-20,1.034e+4,1.417e-9,3.322e-21
365.08,2.224e+4,1.850e-11,4.356e+0,3.504e-20,1.295e+4,1.630e+1,3.224e-20,9.271e+3,4.816e-9,3.316e-21
365.12,2.335e+4,1.849e-11,4.602e+0,3.457e-20,1.497e+4,2.215e+1,3.224e-20,8.357e+3,1.248e-8,3.312e-21
365.17,2.466e+4,1.848e-11,4.871e+0,3.398e-20,1.742e+4,3.775e+1,3.225e-20,7.197e+3,3.966e-8,3.306e-21
365.22,2.572e+4,1.847e-11,5.094e+0,3.339e-20,1.958e+4,6.659e+1,3.226e-20,6.072e+3,1.215e-7,3.300e-21
365.27,2.638e+4,1.846e-11,5.266e+0,3.280e-20,2.123e+4,1.155e+2,3.226e-20,5.024e+3,3.584e-7,3.294e-21
365.32,2.649e+4,1.845e-11,5.377e+0,3.221e-20,2.221e+4,1.941e+2,3.227e-20,4.083e+3,1.019e-6,3.288e-21
365.37,2.600e+4,1.844e-11,5.416e+0,3.162e-20,2.241e+4,3.154e+2,3.228e-20,3.264e+3,2.791e-6,3.282e-21
365.42,2.490e+4,1.843e-11,5.366e+0,3.103e-20,2.182e+4,4.947e+2,3.228e-20,2.575e+3,7.365e-6,3.276e-21
365.47,2.328e+4,1.842e-11,5.216e+0,3.044e-20,2.051e+4,7.493e+2,3.229e-20,2.012e+3,1.873e-5,3.270e-21
365.51,2.172e+4,1.841e-11,5.019e+0,2.997e-20,1.905e+4,1.019e+3,3.229e-20,1.647e+3,3.847e-5,3.266e-21
365.56,1.959e+4,1.840e-11,4.678e+0,2.938e-20,1.685e+4,1.451e+3,3.230e-20,1.288e+3,9.149e-5,3.260e-21
365.61,1.746e+4,1.839e-11,4.243e+0,2.879e-20,1.444e+4,1.998e+3,3.231e-20,1.020e+3,2.096e-4,3.254e-21
365.66,1.551e+4,1.838e-11,3.738e+0,2.820e-20,1.202e+4,2.660e+3,3.231e-20,8.274e+2,4.629e-4,3.248e-21
365.71,1.387e+4,1.837e-11,3.192e+0,2.761e-20,9.747e+3,3.429e+3,3.232e-20,6.933e+2,9.846e-4,3.242e-21
365.76,1.262e+4,1.836e-11,2.638e+0,2.702e-20,7.733e+3,4.279e+3,3.233e-20,6.021e+2,2.018e-3,3.236e-21
365.81,1.175e+4,1.835e-11,2.108e+0,2.643e-20,6.034e+3,5.174e+3,3.233e-20,5.399e+2,3.985e-3,3.230e-21
365.86,1.122e+4,1.834e-11,1.627e+0,2.584e-20,4.660e+3,6.064e+3,3.234e-20,4.954e+2,7.582e-3,3.224e-21
365.91,1.094e+4,1.832e-11,1.212e+0,2.525e-20,3.587e+3,6.894e+3,3.235e-20,4.597e+2,1.390e-2,3.219e-21
365.95,1.082e+4,1.832e-11,9.336e-1,2.478e-20,2.914e+3,7.474e+3,3.235e-20,4.333e+2,2.198e-2,3.214e-21
366.00,1.071e+4,1.831e-11,6.519e-1,2.419e-20,2.261e+3,8.050e+3,3.236e-20,4.001e+2,3.768e-2,3.208e-21
366.05,1.055e+4,1.830e-11,4.389e-1,2.360e-20,1.770e+3,8.418e+3,3.237e-20,3.653e+2,6.225e-2,3.202e-21
366.10,1.028e+4,1.828e-11,2.848e-1,2.302e-20,1.398e+3,8.548e+3,3.237e-20,3.297e+2,9.907e-2,3.196e-21
366.15,9.835e+3,1.827e-11,1.781e-1,2.243e-20,1.110e+3,8.429e+3,3.238e-20,2.958e+2,1.519e-1,3.190e-21
366.20,9.223e+3,1.826e-11,1.073e-1,2.184e-20,8.841e+2,8.072e+3,3.239e-20,2.673e+2,2.245e-1,3.184e-21
366.25,8.459e+3,1.825e-11,6.233e-2,2.125e-20,7.063e+2,7.504e+3,3.239e-20,2.483e+2,3.196e-1,3.178e-21
366.30,7.584e+3,1.824e-11,3.488e-2,2.066e-20,5.688e+2,6.771e+3,3.240e-20,2.431e+2,4.384e-1,3.173e-21
366.34,6.840e+3,1.823e-11,2.133e-2,2.019e-20,4.854e+2,6.103e+3,3.241e-20,2.514e+2,5.496e-1,3.168e-21
366.39,5.907e+3,1.822e-11,1.116e-2,1.960e-20,4.131e+2,5.213e+3,3.241e-20,2.801e+2,7.051e-1,3.162e-21
366.44,5.024e+3,1.821e-11,5.625e-3,1.901e-20,3.759e+2,4.316e+3,3.242e-20,3.308e+2,8.716e-1,3.156e-21
366.49,4.241e+3,1.820e-11,2.731e-3,1.842e-20,3.735e+2,3.463e+3,3.243e-20,4.041e+2,1.038e+0,3.150e-21
366.54,3.595e+3,1.819e-11,1.277e-3,1.783e-20,4.049e+2,2.690e+3,3.243e-20,4.987e+2,1.191e+0,3.144e-21
366.59,3.103e+3,1.818e-11,5.755e-4,1.724e-20,4.680e+2,2.022e+3,3.244e-20,6.112e+2,1.317e+0,3.138e-21
366.64,2.767e+3,1.817e-11,2.498e-4,1.665e-20,5.594e+2,1.470e+3,3.245e-20,7.362e+2,1.403e+0,3.132e-21
366.69,2.575e+3,1.816e-11,1.044e-4,1.606e-20,6.741e+2,1.034e+3,3.245e-20,8.660e+2,1.440e+0,3.127e-21
366.74,2.501e+3,1.815e-11,4.205e-5,1.547e-20,8.058e+2,7.021e+2,3.246e-20,9.915e+2,1.424e+0,3.121e-21
366.78,2.504e+3,1.814e-11,1.977e-5,1.500e-20,9.181e+2,5.026e+2,3.246e-20,1.082e+3,1.374e+0,3.116e-21
366.83,2.557e+3,1.813e-11,7.444e-6,1.441e-20,1.060e+3,3.207e+2,3.247e-20,1.175e+3,1.271e+0,3.110e-21
366.88,2.631e+3,1.812e-11,2.699e-6,1.382e-20,1.194e+3,1.976e+2,3.248e-20,1.238e+3,1.132e+0,3.104e-21
366.93,2.695e+3,1.811e-11,9.430e-7,1.323e-20,1.311e+3,1.175e+2,3.248e-20,1.266e+3,9.723e-1,3.098e-21
366.98,2.727e+3,1.810e-11,3.173e-7,1.264e-20,1.403e+3,6.737e+1,3.249e-20,1.256e+3,8.043e-1,3.092e-21
367.03,2.713e+3,1.809e-11,1.029e-7,1.205e-20,1.461e+3,3.727e+1,3.250e-20,1.214e+3,6.411e-1,3.087e-21
367.08,2.646e+3,1.808e-11,3.211e-8,1.146e-20,1.480e+3,1.989e+1,3.250e-20,1.146e+3,4.924e-1,3.081e-21
367.13,2.534e+3,1.807e-11,9.659e-9,1.087e-20,1.458e+3,1.023e+1,3.251e-20,1.065e+3,3.643e-1,3.075e-21
367.17,2.418e+3,1.806e-11,3.596e-9,1.040e-20,1.411e+3,5.857e+0,3.252e-20,1.001e+3,2.787e-1,3.070e-21
367.22,2.257e+3,1.805e-11,1.011e-9,9.813e-21,1.320e+3,2.821e+0,3.252e-20,9.346e+2,1.929e-1,3.064e-21
367.27,2.097e+3,1.804e-11,2.738e-10,9.224e-21,1.197e+3,1.310e+0,3.253e-20,8.981e+2,1.286e-1,3.058e-21
367.32,1.958e+3,1.803e-11,7.144e-11,8.635e-21,1.053e+3,5.864e-1,3.254e-20,9.038e+2,8.263e-2,3.052e-21
367.37,1.859e+3,1.802e-11,1.795e-11,8.045e-21,8.977e+2,2.529e-1,3.254e-20,9.605e+2,5.115e-2,3.046e-21
367.42,1.812e+3,1.801e-11,4.346e-12,7.456e-21,7.408e+2,1.052e-1,3.255e-20,1.071e+3,3.051e-2,3.041e-21
367.47,1.826e+3,1.800e-11,1.013e-12,6.867e-21,5.915e+2,4.213e-2,3.256e-20,1.234e+3,1.753e-2,3.035e-21
367.52,1.898e+3,1.799e-11,2.276e-13,6.277e-21,4.567e+2,1.626e-2,3.256e-20,1.442e+3,9.706e-3,3.029e-21
367.56,1.994e+3,1.798e-11,6.709e-14,5.806e-21,3.623e+2,7.394e-3,3.257e-20,1.631e+3,5.888e-3,3.024e-21
367.61,2.150e+3,1.797e-11,1.409e-14,5.216e-21,2.630e+2,2.670e-3,3.258e-20,1.887e+3,3.049e-3,3.018e-21
367.66,2.332e+3,1.796e-11,2.850e-15,4.627e-21,1.843e+2,9.290e-4,3.258e-20,2.148e+3,1.521e-3,3.012e-21
367.71,2.526e+3,1.795e-11,2.614e-15,4.038e-21,1.247e+2,3.114e-4,3.259e-20,2.402e+3,7.313e-4,3.006e-21
367.76,2.718e+3,1.794e-11,2.378e-15,3.448e-21,8.144e+1,1.006e-4,3.260e-20,2.637e+3,3.387e-4,3.000e-21
367.81,2.899e+3,1.793e-11,2.142e-15,2.859e-21,5.133e+1,3.131e-5,3.260e-20,2.848e+3,1.511e-4,2.995e-21
367.86,3.065e+3,1.792e-11,1.906e-15,2.270e-21,3.123e+1,9.387e-6,3.261e-20,3.033e+3,6.498e-5,2.989e-21
367.91,3.214e+3,1.790e-11,1.670e-15,1.680e-21,1.840e+1,2.712e-6,3.262e-20,3.196e+3,2.692e-5,2.983e-21
367.96,3.352e+3,1.789e-11,1.434e-15,1.091e-21,1.060e+1,7.548e-7,3.262e-20,3.342e+3,1.075e-5,2.977e-21
368.00,3.459e+3,1.789e-11,1.245e-15,6.194e-22,6.865e+0,2.641e-7,3.263e-20,3.452e+3,5.018e-6,2.972e-21
368.05,3.591e+3,1.788e-11,1.009e-15,3.050e-21,4.374e+0,6.875e-8,3.263e-20,3.587e+3,1.873e-6,2.966e-21
368.10,3.729e+3,1.786e-11,7.729e-16,1.448e-20,3.683e+0,1.724e-8,3.264e-20,3.726e+3,6.738e-7,2.960e-21
368.15,3.879e+3,1.785e-11,3.830e-15,6.630e-20,4.551e+0,4.162e-9,3.265e-20,3.874e+3,2.335e-7,2.954e-21
368.20,4.043e+3,1.784e-11,1.830e-14,2.927e-19,7.143e+0,9.689e-10,3.265e-20,4.036e+3,7.797e-8,2.949e-21
368.25,4.225e+3,1.783e-11,8.433e-14,1.246e-18,1.201e+1,2.173e-10,3.266e-20,4.213e+3,2.508e-8,2.943e-21
368.30,4.426e+3,1.782e-11,3.746e-13,5.111e-18,2.007e+1,4.695e-11,3.267e-20,4.406e+3,7.775e-9,2.937e-21
368.35,4.646e+3,1.781e-11,1.605e-12,2.022e-17,3.262e+1,9.772e-12,3.267e-20,4.614e+3,2.322e-9,2.931e-21
368.39,4.835e+3,1.780e-11,5.005e-12,5.919e-17,4.692e+1,3.427e-12,3.268e-20,4.788e+3,8.598e-10,2.926e-21
368.44,5.081e+3,1.779e-11,2.008e-11,2.193e-16,7.155e+1,3.569e-12,3.269e-20,5.010e+3,2.402e-10,2.920e-21
368.49,5.333e+3,1.778e-11,7.764e-11,7.834e-16,1.052e+2,1.713e-11,3.269e-20,5.228e+3,6.464e-11,2.914e-21
368.54,5.579e+3,1.777e-11,2.895e-10,2.698e-15,1.491e+2,7.933e-11,3.270e-20,5.430e+3,1.676e-11,2.909e-21
368.59,5.805e+3,1.776e-11,1.041e-9,8.961e-15,2.038e+2,3.541e-10,3.271e-20,5.601e+3,4.188e-12,2.903e-21
368.64,5.994e+3,1.775e-11,3.609e-9,2.869e-14,2.684e+2,1.524e-9,3.271e-20,5.726e+3,1.008e-12,2.897e-21
368.69,6.132e+3,1.774e-11,1.207e-8,8.858e-14,3.407e+2,6.327e-9,3.272e-20,5.791e+3,2.338e-13,2.891e-21
368.74,6.204e+3,1.773e-11,3.889e-8,2.637e-13,4.170e+2,2.532e-8,3.273e-20,5.787e+3,5.225e-14,2.885e-21
368.79,6.203e+3,1.772e-11,1.209e-7,7.568e-13,4.919e+2,9.772e-8,3.273e-20,5.711e+3,1.125e-14,2.879e-21
368.83,6.148e+3,1.771e-11,2.916e-7,1.713e-12,5.468e+2,2.804e-7,3.274e-20,5.601e+3,3.206e-15,2.874e-21
368.88,6.017e+3,1.770e-11,8.487e-7,4.605e-12,6.038e+2,1.014e-6,3.275e-20,5.413e+3,6.457e-16,2.868e-21
368.93,5.826e+3,1.769e-11,2.382e-6,1.193e-11,6.427e+2,3.533e-6,3.275e-20,5.184e+3,6.455e-16,2.863e-21
368.98,5.595e+3,1.768e-11,6.444e-6,2.981e-11,6.594e+2,1.187e-5,3.276e-20,4.936e+3,6.454e-16,2.857e-21
369.03,5.344e+3,1.767e-11,1.681e-5,7.182e-11,6.522e+2,3.847e-5,3.277e-20,4.691e+3,6.453e-16,2.851e-21
369.08,5.093e+3,1.766e-11,4.228e-5,1.668e-10,6.218e+2,1.202e-4,3.277e-20,4.471e+3,6.452e-16,2.845e-21
369.13,4.860e+3,1.765e-11,1.026e-4,3.736e-10,5.714e+2,3.622e-4,3.278e-20,4.289e+3,6.450e-16,2.839e-21
369.18,4.656e+3,1.764e-11,2.398e-4,8.067e-10,5.062e+2,1.052e-3,3.279e-20,4.149e+3,6.449e-16,2.833e-21
369.22,4.515e+3,1.763e-11,4.609e-4,1.455e-9,4.475e+2,2.406e-3,3.279e-20,4.067e+3,6.448e-16,2.828e-21
369.27,4.363e+3,1.762e-11,1.009e-3,2.941e-9,3.710e+2,6.547e-3,3.280e-20,3.992e+3,6.447e-16,2.822e-21
369.32,4.229e+3,1.761e-11,2.131e-3,5.734e-9,2.966e+2,1.718e-2,3.280e-20,3.932e+3,6.446e-16,2.817e-21
369.37,4.098e+3,1.760e-11,4.339e-3,1.078e-8,2.285e+2,4.346e-2,3.281e-20,3.870e+3,6.444e-16,2.811e-21
369.42,3.958e+3,1.759e-11,8.518e-3,1.953e-8,1.697e+2,1.060e-1,3.282e-20,3.788e+3,6.443e-16,2.805e-21
369.47,3.799e+3,1.758e-11,1.612e-2,3.414e-8,1.215e+2,2.494e-1,3.282e-20,3.677e+3,6.442e-16,2.799e-21
369.52,3.618e+3,1.757e-11,2.943e-2,5.751e-8,8.385e+1,5.657e-1,3.283e-20,3.534e+3,6.441e-16,2.793e-21
369.57,3.421e+3,1.756e-11,5.178e-2,9.343e-8,5.578e+1,1.237e+0,3.284e-20,3.364e+3,6.439e-16,2.787e-21
369.61,3.260e+3,1.755e-11,7.927e-2,1.342e-7,3.921e+1,2.254e+0,3.284e-20,3.218e+3,6.438e-16,2.782e-21
369.66,3.067e+3,1.754e-11,1.306e-1,2.041e-7,2.441e+1,4.618e+0,3.285e-20,3.038e+3,6.437e-16,2.776e-21
369.71,2.902e+3,1.753e-11,2.075e-1,2.994e-7,1.465e+1,9.121e+0,3.286e-20,2.878e+3,6.436e-16,2.771e-21
369.76,2.782e+3,1.752e-11,3.180e-1,4.234e-7,8.478e+0,1.737e+1,3.286e-20,2.755e+3,6.434e-16,2.765e-21
369.81,2.719e+3,1.751e-11,4.697e-1,5.773e-7,4.728e+0,3.191e+1,3.287e-20,2.682e+3,6.433e-16,2.759e-21
369.86,2.722e+3,1.750e-11,6.689e-1,7.590e-7,2.542e+0,5.650e+1,3.288e-20,2.663e+3,6.432e-16,2.753e-21
369.91,2.794e+3,1.748e-11,9.186e-1,9.621e-7,1.317e+0,9.648e+1,3.288e-20,2.696e+3,6.431e-16,2.747e-21
369.96,2.934e+3,1.747e-11,1.216e+0,1.176e-6,6.581e-1,1.589e+2,3.289e-20,2.773e+3,6.429e-16,2.741e-21
370.01,3.137e+3,1.746e-11,1.553e+0,1.386e-6,3.169e-1,2.522e+2,3.290e-20,2.883e+3,6.428e-16,2.735e-21
370.05,3.344e+3,1.746e-11,1.839e+0,1.539e-6,1.720e-1,3.556e+2,3.290e-20,2.986e+3,6.427e-16,2.731e-21
370.10,3.657e+3,1.744e-11,2.199e+0,1.699e-6,7.753e-2,5.289e+2,3.291e-20,3.126e+3,6.426e-16,2.725e-21
370.15,4.032e+3,1.743e-11,2.535e+0,1.807e-6,3.369e-2,7.583e+2,3.292e-20,3.272e+3,6.425e-16,2.719e-21
370.20,4.471e+3,1.742e-11,2.818e+0,1.854e-6,1.413e-2,1.048e+3,3.292e-20,3.420e+3,6.423e-16,2.713e-21
370.25,4.975e+3,1.741e-11,3.020e+0,1.835e-6,5.773e-3,1.398e+3,3.293e-20,3.574e+3,6.422e-16,2.707e-21
370.30,5.538e+3,1.740e-11,3.120e+0,1.751e-6,2.443e-3,1.797e+3,3.294e-20,3.738e+3,6.421e-16,2.701e-21
370.35,6.148e+3,1.739e-11,3.109e+0,1.613e-6,1.462e-3,2.227e+3,3.294e-20,3.918e+3,6.419e-16,2.695e-21
370.40,6.783e+3,1.738e-11,2.987e+0,1.435e-6,1.994e-3,2.662e+3,3.295e-20,4.118e+3,6.418e-16,2.689e-21
370.44,7.289e+3,1.737e-11,2.818e+0,1.277e-6,3.765e-3,2.991e+3,3.295e-20,4.295e+3,6.417e-16,2.685e-21
370.49,7.884e+3,1.736e-11,2.535e+0,1.075e-6,9.190e-3,3.348e+3,3.296e-20,4.533e+3,6.416e-16,2.679e-21
370.54,8.401e+3,1.735e-11,2.199e+0,8.886e-7,2.221e-2,3.614e+3,3.297e-20,4.784e+3,6.415e-16,2.673e-21
370.59,8.798e+3,1.734e-11,1.839e+0,7.334e-7,5.194e-2,3.762e+3,3.297e-20,5.034e+3,6.413e-16,2.667e-21
370.64,9.043e+3,1.733e-11,1.483e+0,6.246e-7,1.172e-1,3.776e+3,3.298e-20,5.265e+3,6.412e-16,2.661e-21
370.69,9.111e+3,1.732e-11,1.153e+0,5.741e-7,2.552e-1,3.654e+3,3.299e-20,5.456e+3,6.411e-16,2.655e-21
370.74,8.993e+3,1.731e-11,8.647e-1,5.910e-7,5.359e-1,3.410e+3,3.299e-20,5.581e+3,6.410e-16,2.649e-21
370.79,8.691e+3,1.730e-11,6.251e-1,6.822e-7,1.085e+0,3.068e+3,3.300e-20,5.621e+3,6.408e-16,2.643e-21
370.83,8.330e+3,1.729e-11,4.697e-1,8.110e-7,1.859e+0,2.747e+3,3.301e-20,5.580e+3,6.407e-16,2.639e-21
370.88,7.748e+3,1.728e-11,3.180e-1,1.042e-6,3.528e+0,2.315e+3,3.301e-20,5.430e+3,6.406e-16,2.633e-21
370.93,7.057e+3,1.727e-11,2.075e-1,1.346e-6,6.456e+0,1.881e+3,3.302e-20,5.169e+3,6.405e-16,2.627e-21
370.98,6.296e+3,1.726e-11,1.306e-1,1.711e-6,1.140e+1,1.474e+3,3.303e-20,4.810e+3,6.403e-16,2.621e-21
371.03,5.510e+3,1.725e-11,7.927e-2,2.118e-6,1.940e+1,1.114e+3,3.303e-20,4.376e+3,6.402e-16,2.615e-21
371.08,4.743e+3,1.724e-11,4.638e-2,2.539e-6,3.186e+1,8.120e+2,3.304e-20,3.899e+3,6.401e-16,2.609e-21
371.13,4.040e+3,1.723e-11,2.617e-2,2.942e-6,5.048e+1,5.714e+2,3.305e-20,3.419e+3,6.400e-16,2.603e-21
371.18,3.442e+3,1.722e-11,1.423e-2,3.289e-6,7.715e+1,3.889e+2,3.305e-20,2.976e+3,6.398e-16,2.597e-21
371.23,2.985e+3,1.721e-11,7.465e-3,3.548e-6,1.138e+2,2.578e+2,3.306e-20,2.613e+3,6.397e-16,2.591e-21
371.27,2.742e+3,1.720e-11,4.339e-3,3.674e-6,1.513e+2,1.841e+2,3.307e-20,2.406e+3,6.396e-16,2.587e-21
371.32,2.616e+3,1.719e-11,2.131e-3,3.713e-6,2.094e+2,1.244e+2,3.307e-20,2.282e+3,6.395e-16,2.581e-21
371.37,2.711e+3,1.718e-11,1.009e-3,3.620e-6,2.798e+2,9.456e+1,3.308e-20,2.337e+3,6.394e-16,2.575e-21
371.42,3.048e+3,1.717e-11,4.609e-4,3.404e-6,3.615e+2,9.058e+1,3.309e-20,2.596e+3,6.392e-16,2.569e-21
371.47,3.643e+3,1.716e-11,2.029e-4,3.086e-6,4.519e+2,1.114e+2,3.309e-20,3.080e+3,6.391e-16,2.563e-21
371.52,4.508e+3,1.715e-11,8.615e-5,2.699e-6,5.478e+2,1.586e+2,3.310e-20,3.802e+3,6.390e-16,2.557e-21
371.57,5.642e+3,1.714e-11,3.526e-5,2.276e-6,6.456e+2,2.363e+2,3.311e-20,4.760e+3,6.388e-16,2.551e-21
371.62,7.031e+3,1.713e-11,1.392e-5,1.851e-6,7.428e+2,3.500e+2,3.311e-20,5.939e+3,6.387e-16,2.545e-21
371.66,8.304e+3,1.712e-11,6.444e-6,1.528e-6,8.199e+2,4.705e+2,3.312e-20,7.014e+3,6.386e-16,2.541e-21
371.71,1.005e+4,1.711e-11,2.383e-6,1.164e-6,9.184e+2,6.616e+2,3.312e-20,8.472e+3,6.385e-16,2.535e-21
371.76,1.190e+4,1.710e-11,8.543e-7,8.555e-7,1.026e+3,8.986e+2,3.313e-20,9.979e+3,6.384e-16,2.529e-21
371.81,1.377e+4,1.709e-11,3.093e-7,6.061e-7,1.156e+3,1.178e+3,3.314e-20,1.143e+4,6.382e-16,2.523e-21
371.86,1.553e+4,1.707e-11,1.504e-7,4.142e-7,1.325e+3,1.489e+3,3.314e-20,1.272e+4,6.381e-16,2.517e-21
371.91,1.711e+4,1.706e-11,1.892e-7,2.729e-7,1.552e+3,1.816e+3,3.315e-20,1.374e+4,6.380e-16,2.511e-21
371.96,1.839e+4,1.705e-11,4.592e-7,1.735e-7,1.858e+3,2.136e+3,3.316e-20,1.440e+4,6.379e-16,2.505e-21
372.01,1.933e+4,1.704e-11,1.235e-6,1.063e-7,2.259e+3,2.424e+3,3.316e-20,1.465e+4,6.377e-16,2.499e-21
372.06,1.989e+4,1.703e-11,3.257e-6,6.284e-8,2.762e+3,2.653e+3,3.317e-20,1.447e+4,6.376e-16,2.494e-21
372.10,2.007e+4,1.702e-11,6.905e-6,4.019e-8,3.237e+3,2.778e+3,3.318e-20,1.406e+4,6.375e-16,2.489e-21
372.15,2.001e+4,1.701e-11,1.711e-5,2.226e-8,3.908e+3,2.850e+3,3.318e-20,1.325e+4,6.374e-16,2.483e-21
372.20,1.968e+4,1.700e-11,4.090e-5,1.188e-8,4.640e+3,2.819e+3,3.319e-20,1.222e+4,6.372e-16,2.477e-21
372.25,1.915e+4,1.699e-11,9.434e-5,6.120e-9,5.392e+3,2.690e+3,3.320e-20,1.107e+4,6.371e-16,2.471e-21
372.30,1.852e+4,1.698e-11,2.100e-4,3.039e-9,6.119e+3,2.475e+3,3.320e-20,9.928e+3,6.370e-16,2.465e-21
372.35,1.785e+4,1.697e-11,4.508e-4,1.456e-9,6.776e+3,2.197e+3,3.321e-20,8.879e+3,6.369e-16,2.459e-21
372.40,1.720e+4,1.696e-11,9.340e-4,6.723e-10,7.325e+3,1.881e+3,3.322e-20,7.994e+3,6.367e-16,2.453e-21
372.45,1.660e+4,1.695e-11,1.867e-3,2.995e-10,7.740e+3,1.554e+3,3.322e-20,7.309e+3,6.366e-16,2.448e-21
372.49,1.618e+4,1.694e-11,3.167e-3,1.528e-10,7.973e+3,1.299e+3,3.323e-20,6.909e+3,6.365e-16,2.443e-21
372.54,1.573e+4,1.693e-11,5.937e-3,6.375e-11,8.148e+3,1.005e+3,3.324e-20,6.579e+3,6.364e-16,2.437e-21
372.59,1.537e+4,1.692e-11,1.074e-2,2.565e-11,8.218e+3,7.505e+2,3.324e-20,6.407e+3,6.363e-16,2.431e-21
372.64,1.511e+4,1.691e-11,1.876e-2,9.956e-12,8.213e+3,5.403e+2,3.325e-20,6.355e+3,6.361e-16,2.425e-21
372.69,1.494e+4,1.690e-11,3.162e-2,3.726e-12,8.166e+3,3.752e+2,3.326e-20,6.395e+3,6.360e-16,2.419e-21
372.74,1.487e+4,1.689e-11,5.145e-2,1.345e-12,8.096e+3,2.514e+2,3.326e-20,6.519e+3,6.359e-16,2.413e-21
372.79,1.492e+4,1.688e-11,8.085e-2,4.681e-13,8.010e+3,1.624e+2,3.327e-20,6.748e+3,6.357e-16,2.407e-21
372.84,1.513e+4,1.687e-11,1.227e-1,1.571e-13,7.896e+3,1.013e+2,3.328e-20,7.134e+3,6.356e-16,2.402e-21
372.88,1.545e+4,1.686e-11,1.672e-1,6.393e-14,7.769e+3,6.766e+1,3.328e-20,7.610e+3,6.355e-16,2.397e-21
372.93,1.608e+4,1.685e-11,2.387e-1,2.010e-14,7.542e+3,3.973e+1,3.329e-20,8.498e+3,6.354e-16,2.391e-21
372.98,1.705e+4,1.684e-11,3.298e-1,6.097e-15,7.214e+3,2.288e+1,3.329e-20,9.810e+3,6.353e-16,2.385e-21
373.03,1.842e+4,1.683e-11,4.410e-1,1.783e-15,6.768e+3,1.358e+1,3.330e-20,1.164e+4,6.351e-16,2.379e-21
373.08,2.026e+4,1.682e-11,5.717e-1,5.030e-16,6.206e+3,9.645e+0,3.331e-20,1.405e+4,6.350e-16,2.373e-21
373.13,2.259e+4,1.681e-11,7.192e-1,1.368e-16,5.544e+3,1.025e+1,3.331e-20,1.703e+4,6.349e-16,2.367e-21
373.18,2.536e+4,1.680e-11,8.797e-1,3.589e-17,4.816e+3,1.601e+1,3.332e-20,2.052e+4,6.348e-16,2.362e-21
373.23,2.847e+4,1.679e-11,1.048e+0,9.079e-18,4.066e+3,2.932e+1,3.333e-20,2.437e+4,6.346e-16,2.356e-21
373.28,3.175e+4,1.678e-11,1.219e+0,2.215e-18,3.342e+3,5.490e+1,3.333e-20,2.835e+4,6.345e-16,2.350e-21
373.32,3.434e+4,1.677e-11,1.354e+0,6.981e-19,2.812e+3,8.938e+1,3.334e-20,3.144e+4,6.344e-16,2.345e-21
373.37,3.732e+4,1.676e-11,1.516e+0,1.595e-19,2.246e+3,1.597e+2,3.335e-20,3.492e+4,6.343e-16,2.339e-21
373.42,3.979e+4,1.675e-11,1.669e+0,3.516e-20,1.815e+3,2.758e+2,3.335e-20,3.770e+4,6.342e-16,2.333e-21
373.47,4.154e+4,1.674e-11,1.809e+0,7.475e-21,1.542e+3,4.596e+2,3.336e-20,3.954e+4,6.340e-16,2.327e-21
373.52,4.245e+4,1.673e-11,1.932e+0,1.532e-21,1.446e+3,7.390e+2,3.337e-20,4.026e+4,6.339e-16,2.321e-21
373.57,4.249e+4,1.672e-11,2.033e+0,1.529e-21,1.534e+3,1.147e+3,3.337e-20,3.981e+4,6.338e-16,2.316e-21
373.62,4.177e+4,1.671e-11,2.108e+0,1.525e-21,1.812e+3,1.717e+3,3.338e-20,3.824e+4,6.336e-16,2.310e-21
373.67,4.047e+4,1.669e-11,2.151e+0,1.522e-21,2.275e+3,2.480e+3,3.339e-20,3.572e+4,6.335e-16,2.304e-21
373.71,3.918e+4,1.669e-11,2.156e+0,1.519e-21,2.771e+3,3.244e+3,3.339e-20,3.316e+4,6.334e-16,2.299e-21
373.76,3.746e+4,1.668e-11,2.124e+0,1.516e-21,3.525e+3,4.395e+3,3.340e-20,2.953e+4,6.333e-16,2.293e-21
373.81,3.584e+4,1.667e-11,2.045e+0,1.512e-21,4.392e+3,5.746e+3,3.341e-20,2.570e+4,6.332e-16,2.287e-21
373.86,3.451e+4,1.665e-11,1.921e+0,1.509e-21,5.317e+3,7.249e+3,3.341e-20,2.194e+4,6.330e-16,2.281e-21
373.91,3.355e+4,1.664e-11,1.756e+0,1.505e-21,6.229e+3,8.824e+3,3.342e-20,1.849e+4,6.329e-16,2.275e-21
373.96,3.294e+4,1.663e-11,1.559e+0,1.502e-21,7.051e+3,1.037e+4,3.343e-20,1.552e+4,6.328e-16,2.270e-21
374.01,3.262e+4,1.662e-11,1.343e+0,1.498e-21,7.706e+3,1.175e+4,3.343e-20,1.315e+4,6.327e-16,2.264e-21
374.06,3.242e+4,1.661e-11,1.121e+0,1.495e-21,8.128e+3,1.286e+4,3.344e-20,1.143e+4,6.325e-16,2.258e-21
374.10,3.227e+4,1.660e-11,9.470e-1,1.492e-21,8.268e+3,1.348e+4,3.344e-20,1.052e+4,6.324e-16,2.253e-21
374.15,3.196e+4,1.659e-11,7.448e-1,1.489e-21,8.181e+3,1.385e+4,3.345e-20,9.928e+3,6.323e-16,2.247e-21
374.20,3.146e+4,1.658e-11,5.662e-1,1.485e-21,7.811e+3,1.376e+4,3.346e-20,9.890e+3,6.322e-16,2.241e-21
374.25,3.073e+4,1.657e-11,4.159e-1,1.482e-21,7.198e+3,1.320e+4,3.346e-20,1.032e+4,6.320e-16,2.235e-21
374.30,2.982e+4,1.656e-11,2.951e-1,1.478e-21,6.404e+3,1.227e+4,3.347e-20,1.115e+4,6.319e-16,2.229e-21
374.35,2.884e+4,1.655e-11,2.022e-1,1.475e-21,5.506e+3,1.105e+4,3.348e-20,1.228e+4,6.318e-16,2.224e-21
374.40,2.793e+4,1.654e-11,1.337e-1,1.471e-21,4.583e+3,9.677e+3,3.348e-20,1.367e+4,6.317e-16,2.218e-21
374.45,2.723e+4,1.653e-11,8.539e-2,1.468e-21,3.709e+3,8.269e+3,3.349e-20,1.525e+4,6.315e-16,2.212e-21
374.50,2.685e+4,1.652e-11,5.262e-2,1.464e-21,2.946e+3,6.931e+3,3.350e-20,1.698e+4,6.314e-16,2.206e-21
374.54,2.685e+4,1.651e-11,3.482e-2,1.462e-21,2.448e+3,5.965e+3,3.350e-20,1.844e+4,6.313e-16,2.201e-21
374.59,2.723e+4,1.650e-11,2.013e-2,1.458e-21,1.998e+3,4.922e+3,3.351e-20,2.031e+4,6.312e-16,2.195e-21
374.64,2.801e+4,1.649e-11,1.123e-2,1.455e-21,1.765e+3,4.077e+3,3.352e-20,2.217e+4,6.311e-16,2.189e-21
374.69,2.910e+4,1.648e-11,6.044e-3,1.451e-21,1.768e+3,3.417e+3,3.352e-20,2.392e+4,6.309e-16,2.184e-21
374.74,3.038e+4,1.647e-11,3.139e-3,1.448e-21,2.022e+3,2.912e+3,3.353e-20,2.545e+4,6.308e-16,2.178e-21
374.79,3.168e+4,1.646e-11,1.573e-3,1.444e-21,2.540e+3,2.524e+3,3.354e-20,2.662e+4,6.307e-16,2.172e-21
374.84,3.285e+4,1.645e-11,7.608e-4,1.441e-21,3.324e+3,2.219e+3,3.354e-20,2.730e+4,6.305e-16,2.166e-21
374.89,3.374e+4,1.644e-11,3.550e-4,1.437e-21,4.364e+3,1.972e+3,3.355e-20,2.740e+4,6.304e-16,2.160e-21
374.93,3.418e+4,1.643e-11,1.880e-4,1.435e-21,5.361e+3,1.811e+3,3.356e-20,2.701e+4,6.303e-16,2.155e-21
374.98,3.437e+4,1.642e-11,8.226e-5,1.431e-21,6.769e+3,1.660e+3,3.356e-20,2.594e+4,6.302e-16,2.149e-21
375.03,3.415e+4,1.641e-11,3.472e-5,1.428e-21,8.284e+3,1.592e+3,3.357e-20,2.427e+4,6.301e-16,2.143e-21
375.08,3.359e+4,1.640e-11,1.414e-5,1.424e-21,9.804e+3,1.659e+3,3.358e-20,2.213e+4,6.299e-16,2.138e-21
375.13,3.283e+4,1.639e-11,5.558e-6,1.421e-21,1.121e+4,1.936e+3,3.358e-20,1.969e+4,6.298e-16,2.132e-21
375.18,3.207e+4,1.638e-11,2.107e-6,1.417e-21,1.237e+4,2.534e+3,3.359e-20,1.716e+4,6.297e-16,2.126e-21
375.23,3.154e+4,1.637e-11,7.710e-7,1.414e-21,1.318e+4,3.598e+3,3.360e-20,1.476e+4,6.296e-16,2.120e-21
375.28,3.153e+4,1.636e-11,2.721e-7,1.410e-21,1.356e+4,5.309e+3,3.360e-20,1.266e+4,6.294e-16,2.114e-21
375.33,3.236e+4,1.635e-11,9.269e-8,1.407e-21,1.347e+4,7.885e+3,3.361e-20,1.101e+4,6.293e-16,2.108e-21
375.37,3.387e+4,1.634e-11,3.816e-8,1.404e-21,1.305e+4,1.073e+4,3.361e-20,1.008e+4,6.292e-16,2.103e-21
375.42,3.707e+4,1.633e-11,1.219e-8,1.401e-21,1.216e+4,1.548e+4,3.362e-20,9.433e+3,6.291e-16,2.097e-21
375.47,4.203e+4,1.632e-11,3.755e-9,1.397e-21,1.094e+4,2.175e+4,3.363e-20,9.334e+3,6.289e-16,2.092e-21
375.52,4.892e+4,1.631e-11,1.116e-9,1.394e-21,9.500e+3,2.971e+4,3.363e-20,9.709e+3,6.288e-16,2.086e-21
375.57,5.782e+4,1.630e-11,3.201e-10,1.390e-21,7.963e+3,3.942e+4,3.364e-20,1.044e+4,6.287e-16,2.080e-21
375.62,6.858e+4,1.629e-11,8.860e-11,1.387e-21,6.443e+3,5.076e+4,3.365e-20,1.138e+4,6.286e-16,2.074e-21
375.67,8.084e+4,1.627e-11,2.366e-11,1.384e-21,5.032e+3,6.343e+4,3.365e-20,1.237e+4,6.284e-16,2.068e-21
375.72,9.403e+4,1.626e-11,6.095e-12,1.380e-21,3.794e+3,7.696e+4,3.366e-20,1.328e+4,6.283e-16,2.062e-21
375.76,1.047e+5,1.626e-11,2.007e-12,1.377e-21,2.951e+3,8.792e+4,3.367e-20,1.386e+4,6.282e-16,2.057e-21
375.81,1.176e+5,1.625e-11,4.849e-13,1.374e-21,2.088e+3,1.011e+5,3.367e-20,1.436e+4,6.281e-16,2.051e-21
375.86,1.289e+5,1.623e-11,1.130e-13,1.370e-21,1.427e+3,1.129e+5,3.368e-20,1.456e+4,6.280e-16,2.046e-21
375.91,1.379e+5,1.622e-11,2.541e-14,1.367e-21,9.409e+2,1.225e+5,3.369e-20,1.450e+4,6.278e-16,2.040e-21
375.96,1.438e+5,1.621e-11,5.514e-15,1.363e-21,5.990e+2,1.289e+5,3.369e-20,1.425e+4,6.277e-16,2.034e-21
376.01,1.461e+5,1.620e-11,1.154e-15,1.360e-21,3.682e+2,1.318e+5,3.370e-20,1.390e+4,6.276e-16,2.028e-21
376.06,1.447e+5,1.619e-11,1.149e-15,1.357e-21,2.186e+2,1.309e+5,3.371e-20,1.356e+4,6.274e-16,2.022e-21
376.11,1.397e+5,1.618e-11,1.144e-15,1.353e-21,1.256e+2,1.262e+5,3.371e-20,1.332e+4,6.273e-16,2.016e-21
376.15,1.333e+5,1.617e-11,1.140e-15,1.350e-21,7.891e+1,1.200e+5,3.372e-20,1.325e+4,6.272e-16,2.011e-21
376.20,1.230e+5,1.616e-11,1.134e-15,1.347e-21,4.360e+1,1.097e+5,3.373e-20,1.333e+4,6.271e-16,2.006e-21
376.25,1.109e+5,1.615e-11,1.129e-15,1.343e-21,2.490e+1,9.725e+4,3.373e-20,1.359e+4,6.270e-16,2.000e-21
376.30,9.767e+4,1.614e-11,1.124e-15,1.340e-21,1.673e+1,8.369e+4,3.374e-20,1.397e+4,6.268e-16,1.994e-21
376.35,8.425e+4,1.613e-11,1.119e-15,1.336e-21,1.579e+1,6.985e+4,3.375e-20,1.439e+4,6.267e-16,1.988e-21
376.40,7.130e+4,1.612e-11,1.114e-15,1.333e-21,2.083e+1,5.653e+4,3.375e-20,1.475e+4,6.266e-16,1.982e-21
376.45,5.936e+4,1.611e-11,1.108e-15,1.330e-21,3.211e+1,4.435e+4,3.376e-20,1.498e+4,6.265e-16,1.976e-21
376.50,4.876e+4,1.610e-11,1.103e-15,1.326e-21,5.101e+1,3.372e+4,3.377e-20,1.499e+4,6.263e-16,1.970e-21
376.55,3.965e+4,1.609e-11,1.098e-15,1.323e-21,7.971e+1,2.483e+4,3.377e-20,1.473e+4,6.262e-16,1.964e-21
376.59,3.344e+4,1.608e-11,1.094e-15,1.320e-21,1.115e+2,1.900e+4,3.378e-20,1.433e+4,6.261e-16,1.960e-21
376.64,2.694e+4,1.607e-11,1.088e-15,1.316e-21,1.646e+2,1.321e+4,3.378e-20,1.357e+4,6.260e-16,1.954e-21
376.69,2.168e+4,1.606e-11,1.083e-15,1.313e-21,2.347e+2,8.884e+3,3.379e-20,1.256e+4,6.258e-16,1.948e-21
376.74,1.746e+4,1.605e-11,1.078e-15,1.310e-21,3.232e+2,5.784e+3,3.380e-20,1.135e+4,6.257e-16,1.942e-21
376.79,1.409e+4,1.604e-11,1.073e-15,1.306e-21,4.297e+2,3.643e+3,3.380e-20,1.001e+4,6.256e-16,1.936e-21
376.84,1.138e+4,1.603e-11,1.067e-15,1.303e-21,5.514e+2,2.219e+3,3.381e-20,8.612e+3,6.255e-16,1.930e-21
376.89,9.207e+3,1.602e-11,1.062e-15,1.299e-21,6.833e+2,1.307e+3,3.382e-20,7.216e+3,6.253e-16,1.924e-21
376.94,7.449e+3,1.601e-11,1.057e-15,1.296e-21,8.175e+2,7.446e+2,3.382e-20,5.887e+3,6.252e-16,1.918e-21
376.98,6.287e+3,1.600e-11,1.053e-15,1.293e-21,9.199e+2,4.632e+2,3.383e-20,4.904e+3,6.251e-16,1.914e-21
377.03,5.087e+3,1.599e-11,1.048e-15,1.289e-21,1.033e+3,2.482e+2,3.384e-20,3.806e+3,6.250e-16,1.908e-21
377.08,4.119e+3,1.598e-11,1.042e-15,1.286e-21,1.120e+3,1.285e+2,3.384e-20,2.871e+3,6.249e-16,1.902e-21
377.13,3.340e+3,1.597e-11,1.037e-15,1.283e-21,1.172e+3,6.429e+1,3.385e-20,2.104e+3,6.247e-16,1.896e-21
377.18,2.714e+3,1.596e-11,1.032e-15,1.279e-21,1.185e+3,3.108e+1,3.386e-20,1.498e+3,6.246e-16,1.890e-21
377.23,2.209e+3,1.595e-11,1.027e-15,1.276e-21,1.156e+3,1.451e+1,3.386e-20,1.038e+3,6.245e-16,1.884e-21
377.28,1.798e+3,1.594e-11,1.021e-15,1.272e-21,1.089e+3,6.547e+0,3.387e-20,7.026e+2,6.244e-16,1.878e-21
377.33,1.462e+3,1.593e-11,1.016e-15,1.269e-21,9.905e+2,2.853e+0,3.388e-20,4.684e+2,6.242e-16,1.872e-21
377.38,1.184e+3,1.592e-11,1.011e-15,1.265e-21,8.698e+2,1.201e+0,3.388e-20,3.132e+2,6.241e-16,1.866e-21
377.42,9.974e+2,1.591e-11,1.007e-15,1.262e-21,7.644e+2,5.859e-1,3.389e-20,2.324e+2,6.240e-16,1.862e-21
377.47,8.018e+2,1.590e-11,1.001e-15,1.259e-21,6.304e+2,2.316e-1,3.390e-20,1.712e+2,6.239e-16,1.856e-21
377.52,6.439e+2,1.589e-11,9.962e-16,1.256e-21,5.025e+2,8.843e-2,3.390e-20,1.413e+2,6.237e-16,1.850e-21
377.57,5.198e+2,1.588e-11,9.910e-16,1.252e-21,3.877e+2,3.260e-2,3.391e-20,1.320e+2,6.236e-16,1.844e-21
377.62,4.261e+2,1.587e-11,9.858e-16,1.249e-21,2.911e+2,1.161e-2,3.392e-20,1.350e+2,6.235e-16,1.838e-21
377.67,3.596e+2,1.585e-11,9.805e-16,1.245e-21,2.152e+2,3.990e-3,3.392e-20,1.444e+2,6.234e-16,1.832e-21
377.72,3.174e+2,1.584e-11,9.753e-16,1.242e-21,1.616e+2,1.324e-3,3.393e-20,1.558e+2,6.232e-16,1.826e-21
377.77,2.974e+2,1.583e-11,9.701e-16,1.238e-21,1.312e+2,4.245e-4,3.394e-20,1.662e+2,6.231e-16,1.820e-21
377.81,2.973e+2,1.583e-11,9.659e-16,1.235e-21,1.246e+2,1.666e-4,3.394e-20,1.727e+2,6.230e-16,1.816e-21
377.86,3.191e+2,1.581e-11,9.606e-16,1.232e-21,1.411e+2,5.013e-5,3.395e-20,1.780e+2,6.229e-16,1.810e-21
377.91,3.706e+2,1.580e-11,9.554e-16,1.229e-21,1.899e+2,1.457e-5,3.395e-20,1.807e+2,6.228e-16,1.804e-21
377.96,4.612e+2,1.579e-11,9.502e-16,1.225e-21,2.784e+2,4.088e-6,3.396e-20,1.827e+2,6.226e-16,1.798e-21
378.01,6.040e+2,1.578e-11,9.449e-16,1.222e-21,4.168e+2,1.107e-6,3.397e-20,1.872e+2,6.225e-16,1.792e-21
378.06,8.151e+2,1.577e-11,9.397e-16,1.218e-21,6.168e+2,2.897e-7,3.397e-20,1.983e+2,6.224e-16,1.786e-21
378.11,1.112e+3,1.576e-11,9.345e-16,1.215e-21,8.904e+2,7.316e-8,3.398e-20,2.212e+2,6.222e-16,1.780e-21
378.16,1.510e+3,1.575e-11,9.292e-16,1.211e-21,1.248e+3,1.784e-8,3.399e-20,2.614e+2,6.221e-16,1.774e-21
378.20,1.909e+3,1.574e-11,9.250e-16,1.209e-21,1.599e+3,5.616e-9,3.399e-20,3.097e+2,6.220e-16,1.770e-21
378.25,2.515e+3,1.573e-11,9.198e-16,1.205e-21,2.121e+3,1.286e-9,3.400e-20,3.945e+2,6.219e-16,1.764e-21
378.30,3.236e+3,1.572e-11,9.146e-16,1.202e-21,2.726e+3,2.844e-10,3.401e-20,5.095e+2,6.218e-16,1.758e-21
378.35,4.056e+3,1.571e-11,9.093e-16,1.198e-21,3.400e+3,6.072e-11,3.401e-20,6.559e+2,6.216e-16,1.752e-21
378.40,4.949e+3,1.570e-11,9.041e-16,1.195e-21,4.117e+3,2.264e-12,3.402e-20,8.318e+2,6.215e-16,1.746e-21
378.45,5.873e+3,1.569e-11,8.989e-16,1.191e-21,4.842e+3,2.280e-12,3.403e-20,1.031e+3,6.214e-16,1.740e-21
378.50,6.781e+3,1.568e-11,8.936e-16,1.188e-21,5.536e+3,2.295e-12,3.403e-20,1.245e+3,6.213e-16,1.734e-21
378.55,7.616e+3,1.567e-11,8.884e-16,1.184e-21,6.157e+3,2.310e-12,3.404e-20,1.459e+3,6.211e-16,1.728e-21
378.60,8.325e+3,1.566e-11,8.832e-16,1.181e-21,6.665e+3,2.326e-12,3.405e-20,1.659e+3,6.210e-16,1.723e-21
378.64,8.768e+3,1.565e-11,8.790e-16,1.178e-21,6.969e+3,2.338e-12,3.405e-20,1.799e+3,6.209e-16,1.718e-21
378.69,9.134e+3,1.564e-11,8.737e-16,1.175e-21,7.197e+3,2.353e-12,3.406e-20,1.936e+3,6.208e-16,1.712e-21
378.74,9.270e+3,1.563e-11,8.685e-16,1.171e-21,7.246e+3,2.368e-12,3.407e-20,2.024e+3,6.206e-16,1.706e-21
378.79,9.170e+3,1.562e-11,8.633e-16,1.168e-21,7.112e+3,2.384e-12,3.407e-20,2.058e+3,6.205e-16,1.700e-21
378.84,8.848e+3,1.561e-11,8.580e-16,1.164e-21,6.806e+3,2.399e-12,3.408e-20,2.042e+3,6.204e-16,1.694e-21
378.89,8.337e+3,1.560e-11,8.528e-16,1.161e-21,6.348e+3,2.414e-12,3.409e-20,1.989e+3,6.203e-16,1.688e-21
378.94,7.687e+3,1.559e-11,8.475e-16,1.157e-21,5.771e+3,2.430e-12,3.409e-20,1.916e+3,6.201e-16,1.683e-21
378.99,6.957e+3,1.558e-11,8.423e-16,1.154e-21,5.110e+3,2.445e-12,3.410e-20,1.846e+3,6.200e-16,1.677e-21
379.03,6.357e+3,1.557e-11,8.381e-16,1.151e-21,4.548e+3,2.457e-12,3.410e-20,1.809e+3,6.199e-16,1.672e-21
379.08,5.640e+3,1.556e-11,8.329e-16,1.148e-21,3.835e+3,2.472e-12,3.411e-20,1.805e+3,6.198e-16,1.666e-21
379.13,5.011e+3,1.555e-11,8.277e-16,1.144e-21,3.145e+3,2.488e-12,3.412e-20,1.866e+3,6.197e-16,1.660e-21
379.18,4.510e+3,1.554e-11,8.224e-16,1.141e-21,2.505e+3,2.503e-12,3.412e-20,2.004e+3,6.195e-16,1.654e-21
379.23,4.162e+3,1.553e-11,8.172e-16,1.137e-21,1.938e+3,2.518e-12,3.413e-20,2.224e+3,6.194e-16,1.648e-21
379.28,3.976e+3,1.552e-11,8.119e-16,1.134e-21,1.455e+3,2.534e-12,3.414e-20,2.522e+3,6.193e-16,1.642e-21
379.33,3.945e+3,1.551e-11,8.067e-16,1.130e-21,1.059e+3,2.549e-12,3.414e-20,2.886e+3,6.191e-16,1.637e-21
379.38,4.047e+3,1.550e-11,8.015e-16,1.127e-21,7.468e+2,2.564e-12,3.415e-20,3.300e+3,6.190e-16,1.631e-21
379.42,4.204e+3,1.549e-11,7.973e-16,1.124e-21,5.520e+2,2.577e-12,3.416e-20,3.652e+3,6.189e-16,1.626e-21
379.47,4.466e+3,1.548e-11,7.920e-16,1.121e-21,3.676e+2,2.592e-12,3.416e-20,4.098e+3,6.188e-16,1.620e-21
379.52,4.766e+3,1.547e-11,7.868e-16,1.117e-21,2.369e+2,2.607e-12,3.417e-20,4.529e+3,6.187e-16,1.614e-21
379.57,5.067e+3,1.546e-11,7.816e-16,1.114e-21,1.477e+2,2.623e-12,3.418e-20,4.919e+3,6.185e-16,1.608e-21
379.62,5.337e+3,1.545e-11,7.763e-16,1.110e-21,8.909e+1,2.638e-12,3.418e-20,5.248e+3,6.184e-16,1.602e-21
379.67,5.548e+3,1.543e-11,7.711e-16,1.107e-21,5.196e+1,2.653e-12,3.419e-20,5.496e+3,6.183e-16,1.596e-21
379.72,5.678e+3,1.542e-11,7.659e-16,1.103e-21,2.930e+1,2.668e-12,3.420e-20,5.649e+3,6.182e-16,1.591e-21
379.77,5.714e+3,1.541e-11,7.606e-16,1.100e-21,1.597e+1,2.684e-12,3.420e-20,5.698e+3,6.180e-16,1.585e-21
379.82,5.651e+3,1.540e-11,7.554e-16,1.096e-21,8.414e+0,2.699e-12,3.421e-20,5.642e+3,6.179e-16,1.579e-21
379.86,5.531e+3,1.539e-11,7.512e-16,1.094e-21,4.916e+0,2.711e-12,3.421e-20,5.526e+3,6.178e-16,1.574e-21
379.91,5.306e+3,1.538e-11,7.460e-16,1.090e-21,2.435e+0,2.727e-12,3.422e-20,5.304e+3,6.177e-16,1.568e-21
379.96,5.020e+3,1.537e-11,7.407e-16,1.087e-21,1.165e+0,2.742e-12,3.423e-20,5.019e+3,6.175e-16,1.562e-21
380.01,4.703e+3,1.536e-11,7.355e-16,1.083e-21,5.388e-1,2.757e-12,3.424e-20,4.702e+3,6.174e-16,1.556e-21
380.06,4.388e+3,1.535e-11,7.303e-16,1.080e-21,2.406e-1,2.773e-12,3.424e-20,4.387e+3,6.173e-16,1.550e-21
380.11,4.110e+3,1.534e-11,7.250e-16,1.076e-21,1.038e-1,2.788e-12,3.425e-20,4.110e+3,6.172e-16,1.545e-21
380.16,3.898e+3,1.533e-11,7.198e-16,1.073e-21,4.327e-2,2.803e-12,3.426e-20,3.898e+3,6.170e-16,1.539e-21
380.21,3.771e+3,1.532e-11,7.146e-16,1.069e-21,1.742e-2,2.818e-12,3.426e-20,3.771e+3,6.169e-16,1.533e-21
380.25,3.737e+3,1.531e-11,7.104e-16,1.067e-21,8.205e-3,2.831e-12,3.427e-20,3.736e+3,6.168e-16,1.528e-21
380.30,3.771e+3,1.530e-11,7.051e-16,1.063e-21,3.103e-3,2.846e-12,3.427e-20,3.771e+3,6.167e-16,1.522e-21
380.35,3.872e+3,1.529e-11,6.999e-16,1.060e-21,1.134e-3,2.861e-12,3.428e-20,3.872e+3,6.166e-16,1.516e-21
380.40,4.012e+3,1.528e-11,6.947e-16,1.056e-21,3.999e-4,2.877e-12,3.429e-20,4.012e+3,6.164e-16,1.510e-21
380.45,4.152e+3,1.527e-11,6.894e-16,1.053e-21,1.363e-4,2.892e-12,3.429e-20,4.152e+3,6.163e-16,1.504e-21
380.50,4.258e+3,1.526e-11,6.842e-16,1.049e-21,4.485e-5,2.907e-12,3.430e-20,4.258e+3,6.162e-16,1.499e-21
380.55,4.298e+3,1.525e-11,6.790e-16,1.046e-21,1.426e-5,2.923e-12,3.431e-20,4.298e+3,6.160e-16,1.493e-21
380.60,4.255e+3,1.524e-11,6.737e-16,1.043e-21,4.377e-6,2.938e-12,3.431e-20,4.255e+3,6.159e-16,1.487e-21
380.65,4.124e+3,1.523e-11,6.685e-16,1.039e-21,1.298e-6,2.953e-12,3.432e-20,4.124e+3,6.158e-16,1.481e-21
380.69,3.965e+3,1.522e-11,6.643e-16,1.036e-21,4.785e-7,2.965e-12,3.433e-20,3.965e+3,6.157e-16,1.476e-21
380.74,3.718e+3,1.521e-11,6.591e-16,1.033e-21,1.333e-7,2.981e-12,3.433e-20,3.718e+3,6.156e-16,1.470e-21
380.79,3.457e+3,1.520e-11,6.538e-16,1.029e-21,3.584e-8,2.996e-12,3.434e-20,3.457e+3,6.154e-16,1.464e-21
380.84,3.227e+3,1.519e-11,6.486e-16,1.026e-21,9.310e-9,3.011e-12,3.435e-20,3.227e+3,6.153e-16,1.459e-21
380.89,3.083e+3,1.518e-11,6.433e-16,1.022e-21,2.335e-9,3.027e-12,3.435e-20,3.083e+3,6.152e-16,1.453e-21
380.94,3.076e+3,1.517e-11,6.381e-16,1.019e-21,5.657e-10,3.042e-12,3.436e-20,3.076e+3,6.151e-16,1.447e-21
380.99,3.255e+3,1.516e-11,6.329e-16,1.016e-21,1.324e-10,3.057e-12,3.437e-20,3.255e+3,6.149e-16,1.441e-21
381.04,3.661e+3,1.515e-11,6.276e-16,1.012e-21,2.991e-11,3.073e-12,3.437e-20,3.661e+3,6.148e-16,1.435e-21
381.08,4.169e+3,1.514e-11,6.235e-16,1.009e-21,8.877e-12,3.085e-12,3.438e-20,4.169e+3,6.147e-16,1.430e-21
381.13,5.045e+3,1.513e-11,6.182e-16,1.006e-21,1.884e-12,3.100e-12,3.439e-20,5.045e+3,6.146e-16,1.424e-21
381.18,6.186e+3,1.512e-11,6.130e-16,1.002e-21,1.842e-12,3.115e-12,3.439e-20,6.186e+3,6.145e-16,1.418e-21
381.23,7.570e+3,1.511e-11,6.077e-16,9.989e-22,1.799e-12,3.131e-12,3.440e-20,7.570e+3,6.143e-16,1.413e-21
381.28,9.153e+3,1.510e-11,6.025e-16,9.955e-22,1.757e-12,3.146e-12,3.441e-20,9.153e+3,6.142e-16,1.407e-21
381.33,1.088e+4,1.509e-11,5.973e-16,9.920e-22,1.715e-12,3.161e-12,3.441e-20,1.088e+4,6.141e-16,1.401e-21
381.38,1.267e+4,1.508e-11,5.920e-16,9.886e-22,1.673e-12,3.177e-12,3.442e-20,1.267e+4,6.139e-16,1.395e-21
381.43,1.447e+4,1.506e-11,5.868e-16,9.851e-22,1.630e-12,3.192e-12,3.443e-20,1.447e+4,6.138e-16,1.389e-21
381.47,1.586e+4,1.506e-11,5.826e-16,9.823e-22,1.596e-12,3.204e-12,3.443e-20,1.586e+4,6.137e-16,1.384e-21
381.52,1.750e+4,1.505e-11,5.774e-16,9.789e-22,1.554e-12,3.220e-12,3.444e-20,1.750e+4,6.136e-16,1.378e-21
381.57,1.902e+4,1.504e-11,5.721e-16,9.754e-22,1.512e-12,3.235e-12,3.444e-20,1.902e+4,6.135e-16,1.372e-21
381.62,2.041e+4,1.503e-11,5.669e-16,9.720e-22,1.469e-12,3.250e-12,3.445e-20,2.041e+4,6.133e-16,1.367e-21
381.67,2.168e+4,1.501e-11,5.617e-16,9.685e-22,1.427e-12,3.265e-12,3.446e-20,2.168e+4,6.132e-16,1.361e-21
381.72,2.285e+4,1.500e-11,5.564e-16,9.651e-22,1.385e-12,3.281e-12,3.446e-20,2.285e+4,6.131e-16,1.355e-21
381.77,2.392e+4,1.499e-11,5.512e-16,9.616e-22,1.343e-12,3.296e-12,3.447e-20,2.392e+4,6.130e-16,1.349e-21
381.82,2.490e+4,1.498e-11,5.460e-16,9.581e-22,1.300e-12,3.311e-12,3.448e-20,2.490e+4,6.128e-16,1.343e-21
381.87,2.574e+4,1.497e-11,5.407e-16,9.547e-22,1.258e-12,3.327e-12,3.448e-20,2.574e+4,6.127e-16,1.337e-21
381.91,2.630e+4,1.496e-11,5.365e-16,9.519e-22,1.224e-12,3.339e-12,3.449e-20,2.630e+4,6.126e-16,1.332e-21
381.96,2.679e+4,1.495e-11,5.313e-16,9.485e-22,1.182e-12,3.354e-12,3.450e-20,2.679e+4,6.125e-16,1.326e-21
382.01,2.701e+4,1.494e-11,5.261e-16,9.450e-22,1.139e-12,3.370e-12,3.450e-20,2.701e+4,6.123e-16,1.321e-21
382.06,2.696e+4,1.493e-11,5.208e-16,9.415e-22,1.097e-12,3.385e-12,3.451e-20,2.696e+4,6.122e-16,1.315e-21
382.11,2.665e+4,1.492e-11,5.156e-16,9.381e-22,1.055e-12,3.400e-12,3.452e-20,2.665e+4,6.121e-16,1.309e-21
382.16,2.615e+4,1.491e-11,5.104e-16,9.346e-22,1.013e-12,3.415e-12,3.452e-20,2.615e+4,6.120e-16,1.303e-21
382.21,2.555e+4,1.490e-11,5.051e-16,9.312e-22,9.703e-13,3.431e-12,3.453e-20,2.555e+4,6.118e-16,1.297e-21
382.26,2.496e+4,1.489e-11,4.999e-16,9.277e-22,9.280e-13,3.446e-12,3.454e-20,2.496e+4,6.117e-16,1.291e-21
382.30,2.455e+4,1.488e-11,4.957e-16,9.249e-22,8.941e-13,3.458e-12,3.454e-20,2.455e+4,6.116e-16,1.286e-21
382.35,2.419e+4,1.487e-11,4.905e-16,9.215e-22,8.518e-13,3.474e-12,3.455e-20,2.419e+4,6.115e-16,1.281e-21
382.40,2.399e+4,1.486e-11,4.852e-16,9.180e-22,8.095e-13,3.489e-12,3.456e-20,2.399e+4,6.114e-16,1.275e-21
382.45,2.393e+4,1.485e-11,4.800e-16,9.146e-22,7.672e-13,3.504e-12,3.456e-20,2.393e+4,6.112e-16,1.269e-21
382.50,2.392e+4,1.484e-11,4.748e-16,9.111e-22,7.249e-13,3.520e-12,3.457e-20,2.392e+4,6.111e-16,1.263e-21
382.55,2.385e+4,1.483e-11,4.695e-16,9.077e-22,6.826e-13,3.535e-12,3.458e-20,2.385e+4,6.110e-16,1.257e-21
382.60,2.360e+4,1.482e-11,4.643e-16,9.042e-22,6.403e-13,3.550e-12,3.458e-20,2.360e+4,6.108e-16,1.251e-21
382.65,2.308e+4,1.481e-11,4.590e-16,9.007e-22,5.980e-13,3.565e-12,3.459e-20,2.308e+4,6.107e-16,1.245e-21
382.69,2.241e+4,1.480e-11,4.549e-16,8.980e-22,5.641e-13,3.578e-12,3.459e-20,2.241e+4,6.106e-16,1.240e-21
382.74,2.127e+4,1.479e-11,4.496e-16,8.945e-22,5.218e-13,3.593e-12,3.460e-20,2.127e+4,6.105e-16,1.235e-21
382.79,1.980e+4,1.478e-11,4.444e-16,8.911e-22,4.795e-13,3.608e-12,3.461e-20,1.980e+4,6.104e-16,1.229e-21
382.84,1.809e+4,1.477e-11,4.392e-16,8.876e-22,4.372e-13,3.624e-12,3.461e-20,1.809e+4,6.102e-16,1.223e-21
382.89,1.625e+4,1.476e-11,4.339e-16,8.841e-22,3.949e-13,3.639e-12,3.462e-20,1.625e+4,6.101e-16,1.217e-21
382.94,1.442e+4,1.475e-11,4.287e-16,8.807e-22,3.526e-13,3.654e-12,3.463e-20,1.442e+4,6.100e-16,1.211e-21
382.99,1.272e+4,1.474e-11,4.234e-16,8.772e-22,3.103e-13,3.670e-12,3.463e-20,1.272e+4,6.099e-16,1.205e-21
383.04,1.124e+4,1.473e-11,4.182e-16,8.738e-22,2.680e-13,3.685e-12,3.464e-20,1.124e+4,6.097e-16,1.199e-21
383.09,1.006e+4,1.472e-11,4.130e-16,8.703e-22,1.265e-12,3.700e-12,3.465e-20,1.006e+4,6.096e-16,1.193e-21
383.13,9.353e+3,1.471e-11,4.088e-16,8.675e-22,4.274e-12,3.712e-12,3.465e-20,9.353e+3,6.095e-16,1.189e-21
383.18,8.743e+3,1.470e-11,4.035e-16,8.641e-22,1.899e-11,3.728e-12,3.466e-20,8.743e+3,6.094e-16,1.183e-21
383.23,8.401e+3,1.469e-11,3.983e-16,8.606e-22,8.160e-11,3.743e-12,3.467e-20,8.401e+3,6.092e-16,1.177e-21
383.28,8.261e+3,1.468e-11,3.931e-16,8.572e-22,3.390e-10,3.758e-12,3.467e-20,8.261e+3,6.091e-16,1.171e-21
383.33,8.248e+3,1.467e-11,3.878e-16,8.537e-22,1.362e-9,3.774e-12,3.468e-20,8.248e+3,6.090e-16,1.165e-21
383.38,8.295e+3,1.466e-11,3.826e-16,8.502e-22,5.288e-9,3.789e-12,3.469e-20,8.295e+3,6.089e-16,1.159e-21
383.43,8.353e+3,1.464e-11,3.774e-16,8.468e-22,1.986e-8,3.804e-12,3.469e-20,8.353e+3,6.087e-16,1.153e-21
383.48,8.400e+3,1.463e-11,3.721e-16,8.433e-22,7.210e-8,3.820e-12,3.470e-20,8.400e+3,6.086e-16,1.147e-21
383.52,8.431e+3,1.463e-11,3.679e-16,8.406e-22,1.974e-7,3.832e-12,3.470e-20,8.431e+3,6.085e-16,1.143e-21
383.57,8.484e+3,1.462e-11,3.627e-16,8.371e-22,6.747e-7,3.847e-12,3.471e-20,8.484e+3,6.084e-16,1.137e-21
383.62,8.590e+3,1.461e-11,3.575e-16,8.336e-22,2.229e-6,3.862e-12,3.472e-20,8.590e+3,6.083e-16,1.131e-21
383.67,8.788e+3,1.459e-11,3.522e-16,8.302e-22,7.122e-6,3.878e-12,3.473e-20,8.788e+3,6.081e-16,1.125e-21
383.72,9.107e+3,1.458e-11,3.470e-16,8.267e-22,2.200e-5,3.893e-12,3.473e-20,9.107e+3,6.080e-16,1.119e-21
383.77,9.555e+3,1.457e-11,3.418e-16,8.233e-22,6.571e-5,3.908e-12,3.474e-20,9.555e+3,6.079e-16,1.113e-21
383.82,1.011e+4,1.456e-11,3.365e-16,8.198e-22,1.898e-4,3.924e-12,3.475e-20,1.011e+4,6.077e-16,1.107e-21
383.87,1.072e+4,1.455e-11,3.313e-16,8.164e-22,5.299e-4,3.939e-12,3.475e-20,1.072e+4,6.076e-16,1.101e-21
383.92,1.131e+4,1.454e-11,3.261e-16,8.129e-22,1.431e-3,3.954e-12,3.476e-20,1.131e+4,6.075e-16,1.095e-21
383.96,1.172e+4,1.453e-11,3.219e-16,8.101e-22,3.091e-3,3.967e-12,3.476e-20,1.172e+4,6.074e-16,1.091e-21
384.01,1.207e+4,1.452e-11,3.166e-16,8.067e-22,7.854e-3,3.982e-12,3.477e-20,1.207e+4,6.073e-16,1.085e-21
384.06,1.220e+4,1.451e-11,3.114e-16,8.032e-22,1.930e-2,3.997e-12,3.478e-20,1.220e+4,6.071e-16,1.079e-21
384.11,1.206e+4,1.450e-11,3.062e-16,7.998e-22,4.584e-2,4.012e-12,3.478e-20,1.206e+4,6.070e-16,1.073e-21
384.16,1.165e+4,1.449e-11,3.009e-16,7.963e-22,1.053e-1,4.028e-12,3.479e-20,1.165e+4,6.069e-16,1.067e-21
384.21,1.099e+4,1.448e-11,2.957e-16,7.928e-22,2.339e-1,4.043e-12,3.480e-20,1.099e+4,6.068e-16,1.061e-21
384.26,1.014e+4,1.447e-11,2.905e-16,7.894e-22,5.023e-1,4.058e-12,3.480e-20,1.014e+4,6.066e-16,1.055e-21
384.31,9.163e+3,1.446e-11,2.852e-16,7.859e-22,1.043e+0,4.074e-12,3.481e-20,9.162e+3,6.065e-16,1.049e-21
384.35,8.348e+3,1.445e-11,9.716e-16,7.832e-22,1.827e+0,4.086e-12,3.482e-20,8.347e+3,6.064e-16,1.045e-21
384.40,7.349e+3,1.444e-11,4.363e-15,7.797e-22,3.571e+0,4.101e-12,3.482e-20,7.345e+3,6.063e-16,1.039e-21
384.45,6.425e+3,1.443e-11,1.895e-14,7.762e-22,6.751e+0,4.117e-12,3.483e-20,6.418e+3,6.061e-16,1.033e-21
384.50,5.621e+3,1.442e-11,7.957e-14,7.728e-22,1.234e+1,4.132e-12,3.484e-20,5.609e+3,6.060e-16,1.027e-21
384.55,4.959e+3,1.441e-11,3.232e-13,7.693e-22,2.181e+1,4.147e-12,3.484e-20,4.937e+3,6.059e-16,1.021e-21
384.60,4.443e+3,1.440e-11,1.269e-12,7.659e-22,3.729e+1,4.163e-12,3.485e-20,4.405e+3,6.058e-16,1.015e-21
384.65,4.062e+3,1.439e-11,4.823e-12,7.624e-22,6.166e+1,4.178e-12,3.486e-20,4.000e+3,6.056e-16,1.009e-21
384.70,3.798e+3,1.438e-11,1.772e-11,7.589e-22,9.862e+1,4.193e-12,3.486e-20,3.699e+3,6.055e-16,1.003e-21
384.74,3.654e+3,1.437e-11,4.898e-11,7.562e-22,1.402e+2,4.205e-12,3.487e-20,3.514e+3,6.054e-16,9.988e-22
384.79,3.541e+3,1.436e-11,1.694e-10,7.527e-22,2.113e+2,4.221e-12,3.487e-20,3.330e+3,6.053e-16,9.929e-22
384.84,3.483e+3,1.435e-11,5.668e-10,7.493e-22,3.082e+2,4.236e-12,3.488e-20,3.175e+3,6.052e-16,9.870e-22
384.89,3.464e+3,1.434e-11,1.834e-9,7.458e-22,4.353e+2,4.251e-12,3.489e-20,3.029e+3,6.050e-16,9.811e-22
384.94,3.476e+3,1.433e-11,5.738e-9,7.423e-22,5.953e+2,4.267e-12,3.490e-20,2.881e+3,6.049e-16,9.752e-22
384.99,3.513e+3,1.432e-11,1.736e-8,7.389e-22,7.891e+2,4.282e-12,3.490e-20,2.724e+3,6.048e-16,9.693e-22
385.04,3.577e+3,1.431e-11,5.081e-8,7.354e-22,1.014e+3,4.297e-12,3.491e-20,2.562e+3,6.047e-16,9.634e-22
385.09,3.669e+3,1.430e-11,1.438e-7,7.320e-22,1.265e+3,4.313e-12,3.492e-20,2.404e+3,6.045e-16,9.575e-22
385.14,3.798e+3,1.429e-11,3.936e-7,7.285e-22,1.534e+3,4.328e-12,3.492e-20,2.263e+3,6.044e-16,9.516e-22
385.18,3.932e+3,1.428e-11,8.598e-7,7.257e-22,1.755e+3,4.340e-12,3.493e-20,2.176e+3,6.043e-16,9.469e-22
385.23,4.144e+3,1.427e-11,2.216e-6,7.223e-22,2.029e+3,4.355e-12,3.493e-20,2.115e+3,6.042e-16,9.410e-22
385.28,4.417e+3,1.426e-11,5.523e-6,7.188e-22,2.291e+3,4.371e-12,3.494e-20,2.125e+3,6.040e-16,9.351e-22
385.33,4.757e+3,1.425e-11,1.331e-5,7.154e-22,2.532e+3,4.386e-12,3.495e-20,2.224e+3,6.039e-16,9.292e-22
385.38,5.172e+3,1.424e-11,3.103e-5,7.119e-22,2.746e+3,4.401e-12,3.495e-20,2.426e+3,6.038e-16,9.233e-22
385.43,5.667e+3,1.422e-11,6.995e-5,7.085e-22,2.929e+3,4.417e-12,3.496e-20,2.738e+3,6.037e-16,9.174e-22
385.48,6.241e+3,1.421e-11,1.525e-4,7.050e-22,3.080e+3,4.432e-12,3.497e-20,3.162e+3,6.035e-16,9.115e-22
385.53,6.889e+3,1.420e-11,3.215e-4,7.015e-22,3.197e+3,4.447e-12,3.497e-20,3.692e+3,6.034e-16,9.056e-22
385.57,7.450e+3,1.420e-11,5.701e-4,6.988e-22,3.266e+3,4.459e-12,3.498e-20,4.183e+3,6.033e-16,9.009e-22
385.62,8.182e+3,1.418e-11,1.132e-3,6.953e-22,3.320e+3,4.475e-12,3.499e-20,4.861e+3,6.032e-16,8.950e-22
385.67,8.915e+3,1.417e-11,2.173e-3,6.919e-22,3.334e+3,4.490e-12,3.499e-20,5.581e+3,6.031e-16,8.891e-22
385.72,9.604e+3,1.416e-11,4.035e-3,6.884e-22,3.302e+3,4.505e-12,3.500e-20,6.302e+3,6.029e-16,8.832e-22
385.77,1.020e+4,1.415e-11,7.245e-3,6.849e-22,3.222e+3,4.521e-12,3.501e-20,6.977e+3,6.028e-16,8.773e-22
385.82,1.065e+4,1.414e-11,1.258e-2,6.815e-22,3.093e+3,4.536e-12,3.501e-20,7.557e+3,6.027e-16,8.715e-22
385.87,1.092e+4,1.413e-11,2.113e-2,6.780e-22,2.919e+3,4.551e-12,3.502e-20,7.996e+3,6.025e-16,8.656e-22
385.92,1.097e+4,1.412e-11,3.432e-2,6.746e-22,2.712e+3,4.567e-12,3.503e-20,8.254e+3,6.024e-16,8.597e-22
385.97,1.080e+4,1.411e-11,5.391e-2,6.711e-22,2.488e+3,4.582e-12,3.503e-20,8.308e+3,6.023e-16,8.538e-22
386.01,1.051e+4,1.410e-11,7.553e-2,6.683e-22,2.312e+3,4.594e-12,3.504e-20,8.200e+3,6.022e-16,8.491e-22
386.06,1.001e+4,1.409e-11,1.117e-1,6.649e-22,2.119e+3,4.610e-12,3.504e-20,7.889e+3,6.021e-16,8.432e-22
386.11,9.388e+3,1.408e-11,1.598e-1,6.614e-22,1.978e+3,4.625e-12,3.505e-20,7.410e+3,6.019e-16,8.373e-22
386.16,8.725e+3,1.407e-11,2.210e-1,6.580e-22,1.916e+3,4.640e-12,3.506e-20,6.809e+3,6.018e-16,8.314e-22
386.21,8.089e+3,1.406e-11,2.957e-1,6.545e-22,1.949e+3,4.655e-12,3.507e-20,6.140e+3,6.017e-16,8.255e-22
386.26,7.545e+3,1.405e-11,3.826e-1,6.510e-22,2.088e+3,4.671e-12,3.507e-20,5.456e+3,6.016e-16,8.196e-22
386.31,7.140e+3,1.404e-11,4.787e-1,6.476e-22,2.334e+3,4.686e-12,3.508e-20,4.805e+3,6.014e-16,8.137e-22
386.36,6.897e+3,1.403e-11,5.793e-1,6.441e-22,2.676e+3,4.701e-12,3.509e-20,4.220e+3,6.013e-16,8.078e-22
386.40,6.818e+3,1.402e-11,6.587e-1,6.414e-22,3.004e+3,4.714e-12,3.509e-20,3.814e+3,6.012e-16,8.031e-22
386.45,6.846e+3,1.401e-11,7.504e-1,6.379e-22,3.458e+3,4.729e-12,3.510e-20,3.387e+3,6.011e-16,7.972e-22
386.50,6.975e+3,1.400e-11,8.269e-1,6.344e-22,3.928e+3,4.744e-12,3.510e-20,3.046e+3,6.009e-16,7.913e-22
386.55,7.154e+3,1.399e-11,8.811e-1,6.310e-22,4.376e+3,4.760e-12,3.511e-20,2.777e+3,6.008e-16,7.854e-22
386.60,7.332e+3,1.398e-11,9.081e-1,6.275e-22,4.764e+3,4.775e-12,3.512e-20,2.566e+3,6.007e-16,7.795e-22
386.65,7.461e+3,1.397e-11,9.050e-1,6.241e-22,5.061e+3,4.790e-12,3.512e-20,2.399e+3,6.006e-16,7.736e-22
386.70,7.509e+3,1.396e-11,8.723e-1,6.206e-22,5.243e+3,4.805e-12,3.513e-20,2.265e+3,6.004e-16,7.677e-22
386.75,7.463e+3,1.395e-11,8.132e-1,6.172e-22,5.301e+3,4.821e-12,3.514e-20,2.160e+3,6.003e-16,7.618e-22
386.79,7.358e+3,1.394e-11,7.504e-1,6.144e-22,5.259e+3,4.833e-12,3.514e-20,2.098e+3,6.002e-16,7.571e-22
386.84,7.156e+3,1.393e-11,6.587e-1,6.109e-22,5.107e+3,4.848e-12,3.515e-20,2.048e+3,6.001e-16,7.512e-22
386.89,6.898e+3,1.392e-11,5.591e-1,6.075e-22,4.865e+3,4.864e-12,3.516e-20,2.033e+3,6.000e-16,7.453e-22
386.94,6.614e+3,1.391e-11,4.589e-1,6.040e-22,4.560e+3,4.879e-12,3.516e-20,2.054e+3,5.998e-16,7.394e-22
386.99,6.332e+3,1.390e-11,3.644e-1,6.006e-22,4.222e+3,4.894e-12,3.517e-20,2.110e+3,5.997e-16,7.335e-22
387.04,6.072e+3,1.389e-11,2.797e-1,5.971e-22,3.877e+3,4.910e-12,3.518e-20,2.194e+3,5.996e-16,7.276e-22
387.09,5.845e+3,1.388e-11,2.077e-1,5.936e-22,3.546e+3,4.925e-12,3.518e-20,2.299e+3,5.994e-16,7.217e-22
387.14,5.654e+3,1.387e-11,1.492e-1,5.902e-22,3.240e+3,4.940e-12,3.519e-20,2.414e+3,5.993e-16,7.158e-22
387.19,5.493e+3,1.386e-11,1.036e-1,5.867e-22,2.964e+3,4.955e-12,3.520e-20,2.529e+3,5.992e-16,7.100e-22
387.23,5.380e+3,1.385e-11,7.553e-2,5.840e-22,2.764e+3,4.968e-12,3.520e-20,2.616e+3,5.991e-16,7.052e-22
387.28,5.254e+3,1.384e-11,4.939e-2,5.805e-22,2.536e+3,4.983e-12,3.521e-20,2.718e+3,5.990e-16,6.993e-22
387.33,5.143e+3,1.383e-11,3.123e-2,5.770e-22,2.329e+3,4.998e-12,3.521e-20,2.814e+3,5.988e-16,6.934e-22
387.38,5.050e+3,1.382e-11,1.910e-2,5.736e-22,2.142e+3,5.014e-12,3.522e-20,2.909e+3,5.987e-16,6.876e-22
387.43,4.989e+3,1.380e-11,1.130e-2,5.701e-22,1.978e+3,5.029e-12,3.523e-20,3.011e+3,5.986e-16,6.817e-22
387.48,4.979e+3,1.379e-11,6.462e-3,5.667e-22,1.852e+3,5.044e-12,3.524e-20,3.127e+3,5.985e-16,6.758e-22
387.53,5.043e+3,1.378e-11,3.575e-3,5.632e-22,1.785e+3,5.060e-12,3.524e-20,3.258e+3,5.983e-16,6.699e-22
387.58,5.208e+3,1.377e-11,1.912e-3,5.597e-22,1.806e+3,5.075e-12,3.525e-20,3.402e+3,5.982e-16,6.640e-22
387.62,5.427e+3,1.376e-11,1.132e-3,5.570e-22,1.909e+3,5.087e-12,3.525e-20,3.519e+3,5.981e-16,6.593e-22
387.67,5.829e+3,1.375e-11,5.701e-4,5.535e-22,2.175e+3,5.102e-12,3.526e-20,3.654e+3,5.980e-16,6.534e-22
387.72,6.387e+3,1.374e-11,2.777e-4,5.501e-22,2.627e+3,5.118e-12,3.527e-20,3.760e+3,5.978e-16,6.475e-22
387.77,7.107e+3,1.373e-11,1.308e-4,5.466e-22,3.289e+3,2.328e-11,3.527e-20,3.818e+3,5.977e-16,6.416e-22
387.82,7.989e+3,1.372e-11,5.961e-5,5.431e-22,4.174e+3,1.025e-10,3.528e-20,3.815e+3,5.976e-16,6.357e-22
387.87,9.020e+3,1.371e-11,2.627e-5,5.397e-22,5.275e+3,4.367e-10,3.529e-20,3.744e+3,5.975e-16,6.298e-22
387.92,1.017e+4,1.370e-11,1.119e-5,5.362e-22,6.559e+3,1.800e-9,3.529e-20,3.611e+3,5.973e-16,6.239e-22
387.97,1.140e+4,1.369e-11,4.613e-6,5.328e-22,7.966e+3,7.181e-9,3.530e-20,3.432e+3,5.972e-16,6.180e-22
388.01,1.240e+4,1.368e-11,2.216e-6,5.300e-22,9.125e+3,2.121e-8,3.531e-20,3.270e+3,5.971e-16,6.133e-22
388.06,1.360e+4,1.367e-11,8.598e-7,5.265e-22,1.053e+4,7.977e-8,3.531e-20,3.074e+3,5.970e-16,6.074e-22
388.11,1.470e+4,1.366e-11,3.227e-7,5.231e-22,1.178e+4,2.902e-7,3.532e-20,2.913e+3,5.969e-16,6.015e-22
388.16,1.560e+4,1.365e-11,1.171e-7,5.196e-22,1.278e+4,1.022e-6,3.533e-20,2.819e+3,5.967e-16,5.956e-22
388.21,1.624e+4,1.364e-11,4.110e-8,5.162e-22,1.342e+4,3.481e-6,3.533e-20,2.817e+3,5.966e-16,5.897e-22
388.26,1.658e+4,1.363e-11,1.395e-8,5.127e-22,1.366e+4,1.148e-5,3.534e-20,2.923e+3,5.965e-16,5.838e-22
388.31,1.660e+4,1.362e-11,4.580e-9,5.093e-22,1.346e+4,3.662e-5,3.535e-20,3.139e+3,5.963e-16,5.779e-22
388.36,1.631e+4,1.361e-11,1.454e-9,5.058e-22,1.285e+4,1.130e-4,3.535e-20,3.456e+3,5.962e-16,5.720e-22
388.41,1.574e+4,1.360e-11,4.464e-10,5.023e-22,1.189e+4,3.377e-4,3.536e-20,3.851e+3,5.961e-16,5.661e-22
388.45,1.513e+4,1.359e-11,1.694e-10,4.996e-22,1.093e+4,7.915e-4,3.536e-20,4.202e+3,5.960e-16,5.614e-22
388.50,1.422e+4,1.358e-11,4.898e-11,4.961e-22,9.572e+3,2.229e-3,3.537e-20,4.651e+3,5.959e-16,5.555e-22
388.55,1.322e+4,1.357e-11,1.369e-11,4.927e-22,8.142e+3,6.072e-3,3.538e-20,5.073e+3,5.957e-16,5.496e-22
388.60,1.216e+4,1.356e-11,3.703e-12,4.892e-22,6.736e+3,1.601e-2,3.538e-20,5.427e+3,5.956e-16,5.437e-22
388.65,1.111e+4,1.355e-11,9.682e-13,4.857e-22,5.432e+3,4.085e-2,3.539e-20,5.678e+3,5.955e-16,5.378e-22
388.70,1.009e+4,1.354e-11,2.448e-13,4.823e-22,4.283e+3,1.008e-1,3.540e-20,5.802e+3,5.954e-16,5.319e-22
388.75,9.108e+3,1.353e-11,5.988e-14,4.788e-22,3.321e+3,2.409e-1,3.541e-20,5.787e+3,5.952e-16,5.261e-22
388.80,8.185e+3,1.352e-11,1.416e-14,4.754e-22,2.551e+3,5.570e-1,3.541e-20,5.634e+3,5.951e-16,5.202e-22
388.84,7.493e+3,1.351e-11,4.363e-15,4.726e-22,2.070e+3,1.063e+0,3.542e-20,5.422e+3,5.950e-16,5.154e-22
388.89,6.691e+3,1.350e-11,9.716e-16,4.691e-22,1.623e+3,2.317e+0,3.542e-20,5.065e+3,5.949e-16,5.095e-22
388.94,5.970e+3,1.349e-11,2.092e-16,4.657e-22,1.329e+3,4.886e+0,3.543e-20,4.636e+3,5.948e-16,5.037e-22
388.99,5.345e+3,1.348e-11,2.084e-16,4.622e-22,1.166e+3,9.970e+0,3.544e-20,4.169e+3,5.946e-16,4.978e-22
389.04,4.832e+3,1.347e-11,2.075e-16,4.588e-22,1.114e+3,1.969e+1,3.544e-20,3.699e+3,5.945e-16,4.919e-22
389.09,4.447e+3,1.346e-11,2.067e-16,4.553e-22,1.156e+3,3.761e+1,3.545e-20,3.253e+3,5.944e-16,4.860e-22
389.14,4.200e+3,1.345e-11,2.059e-16,4.518e-22,1.274e+3,6.954e+1,3.546e-20,2.857e+3,5.942e-16,4.801e-22
389.19,4.099e+3,1.344e-11,2.050e-16,4.484e-22,1.452e+3,1.244e+2,3.546e-20,2.522e+3,5.941e-16,4.742e-22
389.24,4.145e+3,1.342e-11,2.042e-16,4.449e-22,1.672e+3,2.154e+2,1.626e-19,2.258e+3,5.940e-16,4.683e-22
389.28,4.285e+3,1.342e-11,2.035e-16,4.422e-22,1.862e+3,3.263e+2,5.373e-19,2.096e+3,5.939e-16,4.636e-22
389.33,4.586e+3,1.341e-11,2.026e-16,4.387e-22,2.101e+3,5.324e+2,2.324e-18,1.952e+3,5.938e-16,4.577e-22
389.38,5.025e+3,1.340e-11,2.018e-16,4.352e-22,2.319e+3,8.407e+2,9.727e-18,1.865e+3,5.936e-16,4.518e-22
389.43,5.604e+3,1.338e-11,2.009e-16,4.318e-22,2.494e+3,1.285e+3,3.941e-17,1.825e+3,5.935e-16,4.459e-22
389.48,6.331e+3,1.337e-11,2.001e-16,4.283e-22,2.608e+3,1.899e+3,1.546e-16,1.824e+3,5.934e-16,4.400e-22
389.53,7.220e+3,1.336e-11,1.993e-16,4.249e-22,2.649e+3,2.718e+3,5.867e-16,1.853e+3,5.933e-16,4.341e-22
389.58,8.284e+3,1.335e-11,1.984e-16,4.214e-22,2.614e+3,3.763e+3,2.155e-15,1.907e+3,5.931e-16,4.282e-22
389.63,9.529e+3,1.334e-11,1.976e-16,4.180e-22,2.507e+3,5.041e+3,7.665e-15,1.981e+3,5.930e-16,4.223e-22
389.67,1.065e+4,1.333e-11,1.969e-16,4.152e-22,2.376e+3,6.221e+3,2.066e-14,2.054e+3,5.929e-16,4.176e-22
389.72,1.219e+4,1.332e-11,1.960e-16,4.117e-22,2.169e+3,7.856e+3,6.928e-14,2.163e+3,5.928e-16,4.117e-22
389.77,1.382e+4,1.331e-11,1.952e-16,4.083e-22,1.932e+3,9.600e+3,2.249e-13,2.289e+3,5.926e-16,4.058e-22
389.82,1.547e+4,1.330e-11,1.943e-16,4.048e-22,1.683e+3,1.135e+4,7.064e-13,2.433e+3,5.925e-16,3.999e-22
389.87,1.702e+4,1.329e-11,1.935e-16,4.014e-22,1.439e+3,1.299e+4,2.148e-12,2.594e+3,5.924e-16,3.940e-22
389.92,1.836e+4,1.328e-11,1.926e-16,3.979e-22,1.211e+3,1.438e+4,6.323e-12,2.767e+3,5.923e-16,3.881e-22
389.97,1.936e+4,1.327e-11,1.918e-16,3.944e-22,1.009e+3,1.541e+4,1.801e-11,2.945e+3,5.921e-16,3.822e-22
390.02,1.993e+4,1.326e-11,1.910e-16,3.910e-22,8.348e+2,1.598e+4,4.967e-11,3.120e+3,5.920e-16,3.763e-22
390.06,2.003e+4,1.325e-11,1.903e-16,3.882e-22,7.160e+2,1.606e+4,1.092e-10,3.249e+3,5.919e-16,3.716e-22
390.11,1.967e+4,1.324e-11,1.894e-16,3.848e-22,5.910e+2,1.570e+4,2.840e-10,3.385e+3,5.918e-16,3.657e-22
390.16,1.881e+4,1.323e-11,1.886e-16,3.813e-22,4.885e+2,1.484e+4,7.147e-10,3.479e+3,5.917e-16,3.598e-22
390.21,1.751e+4,1.322e-11,1.877e-16,3.778e-22,4.046e+2,1.358e+4,1.741e-9,3.518e+3,5.915e-16,3.539e-22
390.26,1.586e+4,1.321e-11,1.869e-16,3.744e-22,3.360e+2,1.203e+4,4.105e-9,3.491e+3,5.914e-16,3.480e-22
390.31,1.399e+4,1.320e-11,1.860e-16,3.709e-22,2.805e+2,1.031e+4,9.368e-9,3.393e+3,5.913e-16,3.421e-22
390.36,1.202e+4,1.319e-11,1.852e-16,3.675e-22,2.373e+2,8.562e+3,2.069e-8,3.225e+3,5.911e-16,3.363e-22
390.41,1.009e+4,1.318e-11,1.843e-16,3.640e-22,2.066e+2,6.888e+3,4.424e-8,2.994e+3,5.910e-16,3.304e-22
390.46,8.282e+3,1.317e-11,1.835e-16,3.605e-22,1.898e+2,5.380e+3,9.156e-8,2.712e+3,5.909e-16,3.245e-22
390.50,6.984e+3,1.316e-11,1.828e-16,3.578e-22,1.877e+2,4.335e+3,1.600e-7,2.461e+3,5.908e-16,3.198e-22
390.55,5.592e+3,1.315e-11,1.820e-16,3.543e-22,2.010e+2,3.260e+3,3.123e-7,2.131e+3,5.907e-16,3.139e-22
390.60,4.486e+3,1.314e-11,1.811e-16,3.509e-22,2.340e+2,2.454e+3,5.899e-7,1.798e+3,5.905e-16,3.080e-22
390.65,3.683e+3,1.313e-11,1.803e-16,3.474e-22,2.885e+2,1.914e+3,1.078e-6,1.480e+3,5.904e-16,3.021e-22
390.70,3.185e+3,1.312e-11,1.794e-16,3.439e-22,3.653e+2,1.631e+3,1.908e-6,1.189e+3,5.903e-16,2.962e-22
390.75,2.987e+3,1.311e-11,1.786e-16,3.405e-22,4.638e+2,1.590e+3,3.269e-6,9.329e+2,5.902e-16,2.903e-22
390.80,3.077e+3,1.310e-11,1.777e-16,3.370e-22,5.818e+2,1.779e+3,5.419e-6,7.158e+2,5.900e-16,2.844e-22
390.85,3.439e+3,1.309e-11,1.769e-16,3.336e-22,7.153e+2,2.185e+3,8.695e-6,5.385e+2,5.899e-16,2.785e-22
390.89,3.909e+3,1.308e-11,1.762e-16,3.308e-22,8.292e+2,2.656e+3,1.240e-5,4.241e+2,5.898e-16,2.738e-22
390.94,4.696e+3,1.307e-11,1.754e-16,3.273e-22,9.744e+2,3.409e+3,1.876e-5,3.123e+2,5.897e-16,2.679e-22
390.99,5.665e+3,1.306e-11,1.745e-16,3.239e-22,1.115e+3,4.319e+3,2.748e-5,2.314e+2,5.895e-16,2.620e-22
391.04,6.759e+3,1.305e-11,1.737e-16,3.204e-22,1.241e+3,5.340e+3,3.895e-5,1.772e+2,5.894e-16,2.561e-22
391.09,7.907e+3,1.304e-11,1.728e-16,3.170e-22,1.346e+3,6.415e+3,5.345e-5,1.461e+2,5.893e-16,2.502e-22
391.14,9.027e+3,1.303e-11,1.720e-16,3.135e-22,1.422e+3,7.470e+3,7.099e-5,1.352e+2,5.892e-16,2.443e-22
391.19,1.003e+4,1.302e-11,1.711e-16,3.101e-22,1.464e+3,8.425e+3,9.125e-5,1.424e+2,5.890e-16,2.384e-22
391.24,1.084e+4,1.300e-11,1.703e-16,3.066e-22,1.471e+3,9.199e+3,1.135e-4,1.664e+2,5.889e-16,2.325e-22
391.28,1.129e+4,1.300e-11,1.696e-16,3.038e-22,1.451e+3,9.641e+3,1.321e-4,1.970e+2,5.888e-16,2.278e-22
391.33,1.157e+4,1.299e-11,1.688e-16,3.004e-22,1.396e+3,9.928e+3,1.550e-4,2.490e+2,5.887e-16,2.219e-22
391.38,1.153e+4,1.298e-11,1.679e-16,2.969e-22,1.314e+3,9.896e+3,1.760e-4,3.155e+2,5.886e-16,2.160e-22
391.43,1.115e+4,1.296e-11,1.671e-16,2.935e-22,1.210e+3,9.546e+3,1.935e-4,3.952e+2,5.884e-16,2.101e-22
391.48,1.049e+4,1.295e-11,1.662e-16,2.900e-22,1.093e+3,8.914e+3,2.059e-4,4.867e+2,5.883e-16,2.042e-22
391.53,9.615e+3,1.294e-11,1.654e-16,2.865e-22,9.718e+2,8.056e+3,2.120e-4,5.877e+2,5.882e-16,1.983e-22
391.58,8.596e+3,1.293e-11,1.645e-16,2.831e-22,8.537e+2,7.047e+3,2.114e-4,6.958e+2,5.880e-16,1.924e-22
391.63,7.521e+3,1.292e-11,1.637e-16,2.796e-22,7.474e+2,5.966e+3,2.041e-4,8.079e+2,5.879e-16,1.865e-22
391.68,6.469e+3,1.291e-11,1.628e-16,2.762e-22,6.597e+2,4.889e+3,1.908e-4,9.206e+2,5.878e-16,1.806e-22
391.72,5.688e+3,1.290e-11,1.622e-16,2.734e-22,6.070e+2,4.072e+3,1.768e-4,1.009e+3,5.877e-16,1.759e-22
391.77,4.828e+3,1.289e-11,1.613e-16,2.699e-22,5.670e+2,3.146e+3,1.562e-4,1.115e+3,5.876e-16,1.700e-22
391.82,4.123e+3,1.288e-11,1.605e-16,2.665e-22,5.586e+2,2.353e+3,1.340e-4,1.212e+3,5.874e-16,1.641e-22
391.87,3.584e+3,1.287e-11,1.596e-16,2.630e-22,5.835e+2,1.703e+3,1.119e-4,1.298e+3,5.873e-16,1.582e-22
391.92,3.205e+3,1.286e-11,1.588e-16,2.596e-22,6.417e+2,1.193e+3,9.132e-5,1.371e+3,5.872e-16,1.524e-22
391.97,2.968e+3,1.285e-11,1.579e-16,2.561e-22,7.315e+2,8.090e+2,7.339e-5,1.428e+3,5.871e-16,1.465e-22
392.02,2.849e+3,1.284e-11,1.571e-16,2.526e-22,8.493e+2,5.309e+2,5.877e-5,1.469e+3,5.869e-16,1.406e-22
392.07,2.820e+3,5.836e-11,1.562e-16,2.492e-22,9.897e+2,3.373e+2,4.773e-5,1.493e+3,5.868e-16,1.347e-22
392.11,2.843e+3,1.914e-10,1.556e-16,2.464e-22,1.113e+3,2.291e+2,4.140e-5,1.501e+3,5.867e-16,1.300e-22
392.16,2.910e+3,8.212e-10,1.547e-16,2.430e-22,1.275e+3,1.372e+2,3.629e-5,1.497e+3,5.866e-16,1.241e-22
392.21,2.997e+3,3.411e-9,1.539e-16,2.395e-22,1.436e+3,7.956e+1,3.376e-5,1.482e+3,5.864e-16,1.182e-22
392.26,3.090e+3,1.372e-8,1.530e-16,2.360e-22,1.586e+3,4.464e+1,3.314e-5,1.459e+3,5.863e-16,1.123e-22
392.31,3.175e+3,5.343e-8,1.522e-16,2.326e-22,1.715e+3,2.424e+1,3.371e-5,1.435e+3,5.862e-16,1.064e-22
392.36,3.245e+3,2.015e-7,1.513e-16,2.291e-22,1.817e+3,1.274e+1,3.479e-5,1.415e+3,5.861e-16,1.005e-22
392.41,3.299e+3,7.361e-7,1.505e-16,2.257e-22,1.886e+3,6.483e+0,3.580e-5,1.406e+3,5.859e-16,9.459e-23
392.46,3.337e+3,2.603e-6,1.496e-16,2.222e-22,1.921e+3,3.192e+0,3.629e-5,1.413e+3,5.858e-16,8.870e-23
392.51,3.366e+3,8.917e-6,1.488e-16,2.188e-22,1.925e+3,1.521e+0,3.596e-5,1.439e+3,5.857e-16,8.280e-23
392.55,3.385e+3,2.333e-5,1.481e-16,2.160e-22,1.909e+3,8.214e-1,3.503e-5,1.475e+3,5.856e-16,7.809e-23
392.60,3.408e+3,7.541e-5,1.473e-16,2.125e-22,1.872e+3,3.691e-1,3.301e-5,1.536e+3,5.855e-16,7.219e-23
392.65,3.434e+3,2.360e-4,1.464e-16,2.091e-22,1.823e+3,1.606e-1,3.017e-5,1.610e+3,5.853e-16,6.630e-23
392.70,3.461e+3,7.155e-4,1.456e-16,2.056e-22,1.770e+3,6.759e-2,2.673e-5,1.691e+3,5.852e-16,6.040e-23
392.75,3.484e+3,2.100e-3,1.447e-16,2.022e-22,1.716e+3,2.754e-2,2.293e-5,1.768e+3,5.851e-16,5.451e-23
392.80,3.496e+3,5.970e-3,1.439e-16,1.987e-22,1.664e+3,1.086e-2,1.905e-5,1.832e+3,5.850e-16,4.862e-23
392.85,3.485e+3,1.643e-2,1.430e-16,1.952e-22,1.612e+3,4.146e-3,1.532e-5,1.873e+3,5.848e-16,4.272e-23
392.90,3.439e+3,4.380e-2,1.422e-16,1.918e-22,1.555e+3,1.532e-3,1.193e-5,1.883e+3,5.847e-16,3.683e-23
392.94,3.371e+3,9.376e-2,1.415e-16,1.890e-22,1.504e+3,6.746e-4,9.546e-6,1.866e+3,5.846e-16,3.211e-23
392.99,3.241e+3,2.359e-1,1.407e-16,1.856e-22,1.429e+3,2.350e-4,7.012e-6,1.812e+3,5.845e-16,2.622e-23
393.04,3.061e+3,5.746e-1,1.398e-16,1.821e-22,1.336e+3,7.923e-5,4.987e-6,1.724e+3,5.843e-16,2.032e-23
393.09,2.835e+3,1.355e+0,1.390e-16,1.786e-22,1.227e+3,2.586e-5,3.434e-6,1.607e+3,5.842e-16,1.098e-22
393.14,2.572e+3,3.096e+0,1.381e-16,1.752e-22,1.101e+3,8.167e-6,2.288e-6,1.468e+3,5.841e-16,4.832e-22
393.19,2.288e+3,6.850e+0,1.373e-16,1.717e-22,9.645e+2,2.497e-6,1.476e-6,1.317e+3,5.840e-16,2.059e-21
393.24,2.000e+3,1.467e+1,1.364e-16,1.683e-22,8.223e+2,7.388e-7,9.222e-7,1.163e+3,5.838e-16,8.498e-21
393.29,1.726e+3,3.044e+1,1.356e-16,1.648e-22,6.814e+2,2.116e-7,5.576e-7,1.014e+3,5.837e-16,3.397e-20
393.33,1.530e+3,5.332e+1,1.349e-16,1.620e-22,5.740e+2,7.601e-8,3.642e-7,9.031e+2,5.836e-16,1.006e-19
393.38,1.333e+3,1.044e+2,1.340e-16,1.586e-22,4.508e+2,2.053e-8,2.077e-7,7.780e+2,5.835e-16,3.796e-19
393.43,1.211e+3,1.979e+2,1.332e-16,1.551e-22,3.433e+2,5.365e-9,1.147e-7,6.697e+2,5.834e-16,1.387e-18
393.48,1.195e+3,3.633e+2,1.324e-16,1.517e-22,2.534e+2,1.357e-9,6.131e-8,5.780e+2,5.832e-16,4.911e-18
393.53,1.328e+3,6.459e+2,1.315e-16,1.482e-22,1.813e+2,3.323e-10,3.172e-8,5.008e+2,5.831e-16,1.684e-17
393.58,1.673e+3,1.112e+3,1.307e-16,1.447e-22,1.258e+2,7.875e-11,1.589e-8,4.355e+2,5.830e-16,5.591e-17
393.63,2.317e+3,1.854e+3,1.298e-16,1.413e-22,8.473e+1,1.806e-11,7.705e-9,3.790e+2,5.828e-16,1.798e-16
393.68,3.377e+3,2.992e+3,1.290e-16,1.378e-22,5.582e+1,4.010e-12,3.617e-9,3.288e+2,5.827e-16,5.602e-16
393.73,4.998e+3,4.678e+3,1.281e-16,1.344e-22,3.669e+1,3.983e-12,1.644e-9,2.829e+2,5.826e-16,1.690e-15
393.77,6.811e+3,6.535e+3,1.274e-16,1.316e-22,2.715e+1,3.961e-12,8.543e-10,2.486e+2,5.825e-16,3.996e-15
393.82,9.872e+3,9.642e+3,1.266e-16,1.281e-22,2.141e+1,3.933e-12,3.662e-10,2.085e+2,5.824e-16,1.138e-14
393.87,1.397e+4,1.378e+4,1.257e-16,1.247e-22,2.226e+1,3.905e-12,1.519e-10,1.720e+2,5.822e-16,3.140e-14
393.92,1.923e+4,1.906e+4,1.249e-16,1.212e-22,3.052e+1,3.877e-12,6.103e-11,1.398e+2,5.821e-16,8.389e-14
393.97,2.570e+4,2.553e+4,1.241e-16,1.178e-22,4.847e+1,3.850e-12,2.373e-11,1.129e+2,5.820e-16,2.171e-13
394.02,3.330e+4,3.313e+4,1.232e-16,1.143e-22,8.011e+1,3.822e-12,8.934e-12,9.236e+1,5.819e-16,5.441e-13
394.07,4.183e+4,4.162e+4,1.224e-16,1.109e-22,1.314e+2,3.794e-12,3.256e-12,7.942e+1,5.817e-16,1.321e-12
394.12,5.092e+4,5.064e+4,1.215e-16,1.074e-22,2.105e+2,3.766e-12,1.149e-12,7.532e+1,5.816e-16,3.106e-12
394.16,5.826e+4,5.788e+4,1.208e-16,1.046e-22,3.005e+2,3.744e-12,4.876e-13,7.933e+1,5.815e-16,6.014e-12
394.21,6.701e+4,6.646e+4,1.200e-16,1.012e-22,4.563e+2,3.717e-12,1.622e-13,9.481e+1,5.814e-16,1.335e-11
394.26,7.470e+4,7.390e+4,1.191e-16,9.771e-23,6.717e+2,3.689e-12,5.226e-14,1.235e+2,5.812e-16,2.870e-11
394.31,8.070e+4,7.957e+4,1.183e-16,9.425e-23,9.585e+2,3.661e-12,1.630e-14,1.674e+2,5.811e-16,5.976e-11
394.36,8.452e+4,8.297e+4,1.174e-16,9.080e-23,1.325e+3,3.633e-12,4.920e-15,2.280e+2,5.810e-16,1.205e-10
394.41,8.585e+4,8.377e+4,1.166e-16,8.734e-23,1.776e+3,3.606e-12,1.438e-15,3.065e+2,5.809e-16,2.354e-10
394.46,8.462e+4,8.191e+4,1.158e-16,8.388e-23,2.308e+3,3.578e-12,4.068e-16,4.034e+2,5.807e-16,4.453e-10
394.51,8.097e+4,7.755e+4,1.149e-16,8.042e-23,2.905e+3,3.550e-12,1.114e-16,5.174e+2,5.806e-16,8.159e-10
394.56,7.530e+4,7.110e+4,1.141e-16,7.696e-23,3.545e+3,3.522e-12,2.954e-17,6.463e+2,5.805e-16,1.448e-9
394.60,6.964e+4,6.482e+4,1.134e-16,7.420e-23,4.065e+3,3.500e-12,9.978e-18,7.571e+2,5.804e-16,2.239e-9
394.65,6.168e+4,5.609e+4,1.125e-16,7.074e-23,4.690e+3,3.473e-12,2.495e-18,9.007e+2,5.803e-16,3.751e-9
394.70,5.329e+4,4.700e+4,1.117e-16,6.728e-23,5.248e+3,3.445e-12,6.041e-19,1.044e+3,5.801e-16,6.087e-9
394.75,4.501e+4,3.814e+4,1.108e-16,6.382e-23,5.697e+3,3.417e-12,1.416e-19,1.179e+3,5.800e-16,9.566e-9
394.80,3.727e+4,2.997e+4,1.100e-16,6.036e-23,6.004e+3,3.389e-12,3.212e-20,1.299e+3,5.799e-16,1.456e-8
394.85,3.036e+4,2.281e+4,1.091e-16,5.691e-23,6.152e+3,3.362e-12,3.204e-20,1.398e+3,5.797e-16,2.147e-8
394.90,2.442e+4,1.681e+4,1.083e-16,5.345e-23,6.141e+3,3.334e-12,3.197e-20,1.472e+3,5.796e-16,3.065e-8
394.95,1.952e+4,1.201e+4,1.075e-16,4.999e-23,5.992e+3,3.306e-12,3.189e-20,1.522e+3,5.795e-16,4.239e-8
394.99,1.632e+4,8.974e+3,1.068e-16,4.722e-23,5.802e+3,3.284e-12,3.182e-20,1.544e+3,5.794e-16,5.369e-8
395.04,1.316e+4,6.087e+3,1.059e-16,4.376e-23,5.523e+3,3.256e-12,3.175e-20,1.554e+3,5.793e-16,7.010e-8
395.09,1.087e+4,4.056e+3,1.051e-16,4.031e-23,5.259e+3,3.229e-12,3.167e-20,1.552e+3,5.791e-16,8.864e-8
395.14,9.353e+3,2.728e+3,1.042e-16,3.685e-23,5.080e+3,3.201e-12,3.159e-20,1.545e+3,5.790e-16,1.086e-7
395.19,8.575e+3,1.981e+3,1.034e-16,3.339e-23,5.051e+3,3.173e-12,3.151e-20,1.544e+3,5.789e-16,1.288e-7
395.24,8.519e+3,1.740e+3,1.025e-16,2.993e-23,5.222e+3,3.145e-12,3.143e-20,1.556e+3,5.788e-16,1.479e-7
395.29,9.210e+3,1.994e+3,1.017e-16,2.647e-23,5.628e+3,3.118e-12,3.135e-20,1.588e+3,5.786e-16,1.646e-7
395.34,1.072e+4,2.804e+3,1.009e-16,2.301e-23,6.275e+3,3.090e-12,3.128e-20,1.641e+3,5.785e-16,1.774e-7
395.38,1.259e+4,3.942e+3,1.002e-16,2.025e-23,6.955e+3,3.068e-12,3.121e-20,1.696e+3,5.784e-16,1.841e-7
395.43,1.590e+4,6.148e+3,9.933e-17,1.679e-23,7.971e+3,3.040e-12,3.113e-20,1.778e+3,5.783e-16,1.873e-7
395.48,2.045e+4,9.477e+3,9.848e-17,1.333e-23,9.109e+3,3.012e-12,3.106e-20,1.863e+3,5.781e-16,1.846e-7
395.53,2.647e+4,1.425e+4,9.763e-17,9.872e-24,1.029e+4,2.985e-12,3.098e-20,1.939e+3,5.780e-16,1.762e-7
395.58,3.419e+4,2.079e+4,9.679e-17,6.414e-24,1.141e+4,2.957e-12,3.090e-20,1.992e+3,5.779e-16,1.628e-7
395.63,4.380e+4,2.941e+4,9.594e-17,2.955e-24,1.237e+4,2.929e-12,3.082e-20,2.012e+3,5.778e-16,1.458e-7
395.68,5.541e+4,4.032e+4,9.509e-17,1.310e-23,1.310e+4,2.901e-12,3.074e-20,1.991e+3,5.776e-16,1.264e-7
395.73,6.898e+4,5.353e+4,9.425e-17,5.624e-23,1.352e+4,2.874e-12,3.066e-20,1.925e+3,5.775e-16,1.062e-7
395.78,8.428e+4,6.886e+4,9.340e-17,2.340e-22,1.360e+4,2.846e-12,3.059e-20,1.816e+3,5.774e-16,8.642e-8
395.82,9.742e+4,8.230e+4,9.272e-17,7.156e-22,1.342e+4,2.824e-12,3.052e-20,1.704e+3,5.773e-16,7.164e-8
395.87,1.144e+5,9.996e+4,9.187e-17,2.813e-21,1.289e+4,2.796e-12,3.044e-20,1.540e+3,5.772e-16,5.511e-8
395.92,1.310e+5,1.176e+5,9.103e-17,1.071e-20,1.207e+4,2.768e-12,3.037e-20,1.363e+3,5.770e-16,4.118e-8
395.97,1.462e+5,1.340e+5,9.018e-17,3.954e-20,1.105e+4,2.741e-12,3.029e-20,1.186e+3,5.769e-16,2.999e-8
396.02,1.588e+5,1.479e+5,8.933e-17,1.414e-19,9.903e+3,2.713e-12,3.021e-20,1.023e+3,5.768e-16,2.151e-8
396.07,1.677e+5,1.582e+5,8.849e-17,4.898e-19,8.705e+3,2.685e-12,3.013e-20,8.822e+2,5.767e-16,1.553e-8
396.12,1.721e+5,1.638e+5,8.764e-17,1.644e-18,7.532e+3,2.657e-12,3.005e-20,7.735e+2,5.765e-16,1.181e-8
396.17,1.715e+5,1.643e+5,8.679e-17,5.349e-18,6.438e+3,2.630e-12,2.997e-20,7.019e+2,5.764e-16,1.013e-8
396.21,1.673e+5,1.610e+5,8.612e-17,1.343e-17,5.645e+3,2.608e-12,2.991e-20,6.741e+2,5.763e-16,1.014e-8
396.26,1.580e+5,1.525e+5,8.527e-17,4.129e-17,4.770e+3,2.580e-12,2.983e-20,6.784e+2,5.762e-16,1.178e-8
396.31,1.447e+5,1.399e+5,8.442e-17,1.229e-16,4.025e+3,2.552e-12,2.975e-20,7.281e+2,5.760e-16,1.522e-8
396.36,1.286e+5,1.244e+5,8.358e-17,3.547e-16,3.399e+3,2.524e-12,2.968e-20,8.251e+2,5.759e-16,2.050e-8
396.41,1.109e+5,1.071e+5,8.273e-17,9.918e-16,2.874e+3,2.497e-12,2.960e-20,9.702e+2,5.758e-16,2.764e-8
396.46,9.289e+4,8.930e+4,8.188e-17,2.687e-15,2.430e+3,2.469e-12,2.952e-20,1.163e+3,5.757e-16,3.662e-8
396.51,7.558e+4,7.213e+4,8.104e-17,7.051e-15,2.047e+3,2.441e-12,2.944e-20,1.401e+3,5.755e-16,4.730e-8
396.56,5.983e+4,5.644e+4,8.019e-17,1.793e-14,1.713e+3,2.414e-12,2.936e-20,1.676e+3,5.754e-16,5.935e-8
396.60,4.872e+4,4.533e+4,7.951e-17,3.699e-14,1.474e+3,2.391e-12,2.930e-20,1.916e+3,5.753e-16,6.962e-8
396.65,3.692e+4,3.349e+4,7.866e-17,8.888e-14,1.205e+3,2.364e-12,2.922e-20,2.227e+3,5.752e-16,8.269e-8
396.70,2.747e+4,2.397e+4,7.782e-17,2.069e-13,9.673e+2,2.336e-12,2.914e-20,2.532e+3,5.751e-16,9.523e-8
396.75,2.019e+4,1.662e+4,7.697e-17,4.668e-13,7.602e+2,2.308e-12,2.906e-20,2.808e+3,5.749e-16,1.063e-7
396.80,1.478e+4,1.116e+4,7.612e-17,1.020e-12,5.835e+2,2.280e-12,2.899e-20,3.034e+3,5.748e-16,1.151e-7
396.85,1.088e+4,7.258e+3,7.528e-17,2.161e-12,4.366e+2,2.253e-12,2.891e-20,3.187e+3,5.747e-16,1.208e-7
396.90,8.145e+3,4.573e+3,7.443e-17,4.434e-12,3.182e+2,2.225e-12,2.883e-20,3.254e+3,5.745e-16,1.230e-7
396.95,6.244e+3,2.791e+3,7.358e-17,8.816e-12,2.257e+2,2.197e-12,2.875e-20,3.227e+3,5.744e-16,1.214e-7
397.00,4.914e+3,1.650e+3,7.274e-17,1.699e-11,1.561e+2,2.170e-12,2.867e-20,3.108e+3,5.743e-16,1.163e-7
397.04,4.125e+3,1.059e+3,7.206e-17,2.806e-11,1.145e+2,2.147e-12,2.861e-20,2.952e+3,5.742e-16,1.101e-7
397.09,3.364e+3,5.910e+2,7.121e-17,5.107e-11,7.723e+1,2.120e-12,2.853e-20,2.696e+3,5.741e-16,1.002e-7
397.14,2.765e+3,3.195e+2,7.037e-17,9.007e-11,5.382e+1,2.092e-12,2.845e-20,2.392e+3,5.739e-16,8.886e-8
397.19,2.273e+3,1.674e+2,6.952e-17,1.539e-10,4.236e+1,2.064e-12,2.837e-20,2.063e+3,5.738e-16,7.712e-8
397.24,1.860e+3,8.490e+1,4.176e-16,2.549e-10,4.233e+1,2.036e-12,2.830e-20,1.733e+3,5.737e-16,6.594e-8
397.29,1.517e+3,4.172e+1,1.791e-15,4.089e-10,5.490e+1,2.009e-12,2.822e-20,1.420e+3,5.736e-16,5.618e-8
397.34,1.243e+3,1.986e+1,7.446e-15,6.356e-10,8.337e+1,1.981e-12,2.814e-20,1.139e+3,5.734e-16,4.850e-8
397.39,1.043e+3,9.157e+0,3.000e-14,9.574e-10,1.334e+2,1.953e-12,2.806e-20,9.000e+2,5.733e-16,4.333e-8
397.43,9.392e+2,4.817e+0,8.945e-14,1.299e-9,1.944e+2,1.931e-12,2.800e-20,7.400e+2,5.732e-16,4.112e-8
397.48,8.864e+2,2.097e+0,3.407e-13,1.848e-9,3.059e+2,1.903e-12,2.792e-20,5.784e+2,5.731e-16,4.076e-8
397.53,9.245e+2,8.845e-1,1.258e-12,2.549e-9,4.683e+2,1.876e-12,2.784e-20,4.554e+2,5.729e-16,4.284e-8
397.58,1.060e+3,3.613e-1,4.503e-12,3.405e-9,6.958e+2,1.848e-12,2.776e-20,3.641e+2,5.728e-16,4.695e-8
397.63,1.300e+3,1.430e-1,1.562e-11,4.408e-9,1.002e+3,1.820e-12,2.768e-20,2.974e+2,5.727e-16,5.252e-8
397.68,1.648e+3,5.480e-2,5.253e-11,5.530e-9,1.399e+3,1.793e-12,2.761e-20,2.482e+2,5.726e-16,5.887e-8
397.73,2.104e+3,2.034e-2,1.712e-10,6.721e-9,1.893e+3,1.765e-12,2.753e-20,2.106e+2,5.724e-16,6.528e-8
397.78,2.663e+3,7.316e-3,5.409e-10,7.915e-9,2.483e+3,1.737e-12,2.745e-20,1.802e+2,5.723e-16,7.103e-8
397.83,3.309e+3,2.548e-3,1.657e-9,9.031e-9,3.155e+3,1.709e-12,2.737e-20,1.541e+2,5.722e-16,7.546e-8
397.87,3.872e+3,1.071e-3,3.966e-9,9.811e-9,3.737e+3,1.687e-12,2.731e-20,1.350e+2,5.721e-16,7.771e-8
397.92,4.603e+3,3.524e-4,1.148e-8,1.058e-8,4.490e+3,1.659e-12,2.723e-20,1.128e+2,5.720e-16,7.861e-8
397.97,5.323e+3,1.123e-4,3.222e-8,1.105e-8,5.230e+3,1.632e-12,2.715e-20,9.239e+1,5.718e-16,7.726e-8
398.02,5.982e+3,3.465e-5,8.766e-8,1.118e-8,5.909e+3,1.604e-12,2.707e-20,7.381e+1,5.717e-16,7.374e-8
398.07,6.533e+3,1.036e-5,2.312e-7,1.097e-8,6.476e+3,1.576e-12,2.699e-20,5.740e+1,5.716e-16,6.833e-8
398.12,6.935e+3,3.000e-6,5.908e-7,1.042e-8,6.891e+3,1.549e-12,2.692e-20,4.338e+1,5.714e-16,6.145e-8
398.17,7.161e+3,8.413e-7,1.464e-6,9.595e-9,7.129e+3,1.521e-12,2.684e-20,3.182e+1,5.713e-16,5.364e-8
398.22,7.205e+3,2.286e-7,3.515e-6,8.560e-9,7.183e+3,1.493e-12,2.676e-20,2.264e+1,5.712e-16,4.544e-8
398.26,7.121e+3,7.877e-8,6.928e-6,7.637e-9,7.104e+3,1.471e-12,2.670e-20,1.687e+1,5.711e-16,3.894e-8
398.31,6.897e+3,2.021e-8,1.573e-5,6.437e-9,6.886e+3,1.443e-12,2.662e-20,1.135e+1,5.710e-16,3.125e-8
398.36,6.592e+3,5.022e-9,3.463e-5,5.257e-9,6.584e+3,1.415e-12,2.654e-20,7.409e+0,5.708e-16,2.433e-8
398.41,6.270e+3,1.209e-9,7.387e-5,4.160e-9,6.266e+3,1.388e-12,2.646e-20,4.694e+0,5.707e-16,1.838e-8
398.46,6.001e+3,2.819e-10,1.528e-4,3.190e-9,5.998e+3,1.360e-12,2.638e-20,2.902e+0,5.706e-16,1.348e-8
398.51,5.846e+3,6.366e-11,3.063e-4,2.370e-9,5.844e+3,1.332e-12,2.630e-20,1.780e+0,5.705e-16,9.586e-9
398.56,5.848e+3,,5.951e-4,1.706e-9,5.847e+3,1.305e-12,2.623e-20,1.146e+0,5.703e-16,6.616e-9
398.61,6.030e+3,,1.121e-3,1.190e-9,6.029e+3,1.277e-12,2.615e-20,8.903e-1,5.702e-16,4.430e-9
398.65,6.301e+3,,1.819e-3,8.719e-10,6.300e+3,1.255e-12,2.608e-20,9.330e-1,5.701e-16,3.144e-9
398.70,6.769e+3,,3.240e-3,5.745e-10,6.768e+3,1.227e-12,2.601e-20,1.336e+0,5.700e-16,1.994e-9
398.75,7.333e+3,,5.593e-3,3.669e-10,7.331e+3,1.199e-12,2.593e-20,2.266e+0,5.698e-16,1.226e-9
398.80,7.921e+3,,9.359e-3,2.270e-10,7.917e+3,1.172e-12,2.585e-20,4.003e+0,5.697e-16,7.322e-10
398.85,8.457e+3,,1.518e-2,1.361e-10,8.450e+3,1.144e-12,2.577e-20,6.998e+0,5.696e-16,4.248e-10
398.90,8.869e+3,,2.387e-2,7.903e-11,8.857e+3,1.116e-12,2.569e-20,1.193e+1,5.695e-16,2.404e-10
398.95,9.101e+3,,3.639e-2,4.448e-11,9.081e+3,1.088e-12,2.561e-20,1.974e+1,5.693e-16,1.348e-10
399.00,9.120e+3,,5.377e-2,2.426e-11,9.088e+3,1.061e-12,2.553e-20,3.169e+1,5.692e-16,7.855e-11
399.05,8.926e+3,,7.701e-2,1.282e-11,8.877e+3,1.033e-12,2.546e-20,4.930e+1,5.691e-16,5.378e-11
399.09,8.637e+3,,1.004e-1,7.521e-12,8.568e+3,1.011e-12,2.539e-20,6.866e+1,5.690e-16,5.000e-11
399.14,8.156e+3,,1.359e-1,3.754e-12,8.055e+3,9.830e-13,2.532e-20,1.010e+2,5.689e-16,6.199e-11
399.19,7.614e+3,,1.785e-1,1.816e-12,7.470e+3,9.553e-13,2.524e-20,1.440e+2,5.687e-16,9.310e-11
399.24,7.098e+3,,2.271e-1,8.511e-13,6.899e+3,9.275e-13,2.516e-20,1.990e+2,5.686e-16,1.476e-10
399.29,6.699e+3,,2.802e-1,3.865e-13,6.432e+3,8.998e-13,2.508e-20,2.667e+2,5.685e-16,2.330e-10
399.34,6.494e+3,,3.350e-1,1.701e-13,6.147e+3,8.721e-13,2.500e-20,3.464e+2,5.683e-16,3.597e-10
399.39,6.539e+3,,3.884e-1,7.251e-14,6.103e+3,8.444e-13,2.492e-20,4.362e+2,5.682e-16,5.402e-10
399.44,6.863e+3,,4.364e-1,2.996e-14,6.330e+3,8.167e-13,2.484e-20,5.326e+2,5.681e-16,7.882e-10
399.48,7.320e+3,,4.685e-1,1.444e-14,6.708e+3,7.945e-13,2.478e-20,6.112e+2,5.680e-16,1.044e-9
399.53,8.104e+3,,4.978e-1,5.635e-15,7.398e+3,7.668e-13,2.470e-20,7.064e+2,5.679e-16,1.446e-9
399.58,9.064e+3,,5.127e-1,2.131e-15,8.271e+3,7.390e-13,2.463e-20,7.924e+2,5.677e-16,1.946e-9
399.63,1.010e+4,,5.119e-1,7.809e-16,9.241e+3,7.113e-13,2.455e-20,8.636e+2,5.676e-16,2.546e-9
399.68,1.112e+4,,4.955e-1,2.772e-16,1.020e+4,6.836e-13,2.447e-20,9.156e+2,5.675e-16,3.239e-9
399.73,1.200e+4,,4.649e-1,9.538e-17,1.105e+4,6.559e-13,2.439e-20,9.464e+2,5.674e-16,4.010e-9
399.78,1.265e+4,,4.229e-1,3.179e-17,1.169e+4,6.281e-13,2.431e-20,9.569e+2,5.672e-16,4.831e-9
399.83,1.299e+4,,3.728e-1,1.027e-17,1.203e+4,6.004e-13,2.423e-20,9.513e+2,5.671e-16,5.670e-9
399.88,1.298e+4,,3.187e-1,3.214e-18,1.204e+4,5.727e-13,2.415e-20,9.365e+2,5.670e-16,6.485e-9
399.92,1.272e+4,,2.748e-1,1.240e-18,1.179e+4,5.505e-13,2.409e-20,9.241e+2,5.669e-16,7.092e-9
399.97,1.211e+4,,2.221e-1,3.667e-19,1.119e+4,5.228e-13,2.401e-20,9.164e+2,5.667e-16,7.760e-9
400.02,1.124e+4,,1.740e-1,1.051e-19,1.031e+4,4.951e-13,2.394e-20,9.263e+2,5.666e-16,8.293e-9
400.07,1.019e+4,,1.322e-1,2.916e-20,9.230e+3,4.673e-13,2.386e-20,9.616e+2,5.665e-16,8.665e-9
400.12,9.066e+3,,9.731e-2,7.844e-21,8.039e+3,4.396e-13,2.378e-20,1.027e+3,5.664e-16,8.864e-9
400.17,7.952e+3,,6.945e-2,2.044e-21,6.830e+3,4.119e-13,2.370e-20,1.122e+3,5.662e-16,8.889e-9
400.22,6.926e+3,,4.805e-2,5.163e-22,5.684e+3,3.842e-13,2.362e-20,1.242e+3,5.661e-16,8.755e-9
400.27,6.045e+3,,3.223e-2,1.263e-22,4.667e+3,3.564e-13,2.354e-20,1.379e+3,5.660e-16,8.489e-9
400.31,5.466e+3,,2.290e-2,4.004e-23,3.974e+3,3.343e-13,2.348e-20,1.492e+3,5.659e-16,8.205e-9
400.36,4.904e+3,,1.452e-2,9.255e-24,3.280e+3,3.065e-13,2.340e-20,1.624e+3,5.658e-16,7.796e-9
400.41,4.514e+3,,8.927e-3,9.176e-24,2.780e+3,2.788e-13,2.332e-20,1.734e+3,5.656e-16,7.366e-9
400.46,4.267e+3,,5.321e-3,9.096e-24,2.460e+3,1.220e-12,2.325e-20,1.807e+3,5.655e-16,6.954e-9
400.51,4.130e+3,,3.074e-3,9.016e-24,2.295e+3,5.175e-12,2.317e-20,1.835e+3,5.654e-16,6.593e-9
400.56,4.066e+3,,1.722e-3,8.937e-24,2.255e+3,2.129e-11,2.309e-20,1.811e+3,5.653e-16,6.300e-9
400.61,4.039e+3,,9.348e-4,8.857e-24,2.303e+3,8.490e-11,2.301e-20,1.737e+3,5.651e-16,6.080e-9
400.66,4.022e+3,,4.920e-4,8.777e-24,2.405e+3,3.284e-10,2.293e-20,1.618e+3,5.650e-16,5.925e-9
400.70,4.002e+3,,2.879e-4,8.713e-24,2.505e+3,9.477e-10,2.287e-20,1.497e+3,5.649e-16,5.833e-9
400.75,3.957e+3,,1.433e-4,8.634e-24,2.631e+3,3.468e-9,2.279e-20,1.326e+3,5.648e-16,5.732e-9
400.80,3.885e+3,,6.914e-5,8.554e-24,2.741e+3,1.230e-8,2.271e-20,1.144e+3,5.646e-16,5.619e-9
400.85,3.787e+3,,3.234e-5,8.474e-24,2.821e+3,4.233e-8,2.263e-20,9.661e+2,5.645e-16,5.460e-9
400.90,3.670e+3,,1.467e-5,8.394e-24,2.866e+3,1.412e-7,2.256e-20,8.032e+2,5.644e-16,5.234e-9
400.95,3.539e+3,,6.459e-6,8.315e-24,2.875e+3,4.567e-7,2.248e-20,6.641e+2,5.643e-16,4.926e-9
401.00,3.405e+3,,2.787e-6,8.235e-24,2.851e+3,1.433e-6,2.240e-20,5.540e+2,5.641e-16,4.537e-9
401.05,3.275e+3,,1.246e-6,8.155e-24,2.800e+3,4.357e-6,2.232e-20,4.747e+2,5.640e-16,4.078e-9
401.10,3.153e+3,,7.474e-7,8.075e-24,2.728e+3,1.285e-5,2.224e-20,4.246e+2,5.639e-16,3.570e-9
401.14,3.062e+3,,8.315e-7,8.012e-24,2.659e+3,2.985e-5,2.218e-20,4.031e+2,5.638e-16,3.147e-9
401.19,2.954e+3,,1.606e-6,7.932e-24,2.559e+3,8.329e-5,2.210e-20,3.948e+2,5.637e-16,2.619e-9
401.24,2.848e+3,,3.682e-6,7.852e-24,2.447e+3,2.253e-4,2.202e-20,4.012e+2,5.635e-16,2.117e-9
401.29,2.737e+3,,8.487e-6,7.772e-24,2.322e+3,5.911e-4,2.194e-20,4.158e+2,5.634e-16,1.661e-9
401.34,2.616e+3,,1.908e-5,7.693e-24,2.183e+3,1.503e-3,2.187e-20,4.324e+2,5.633e-16,1.265e-9
401.39,2.479e+3,,4.163e-5,7.613e-24,2.033e+3,3.708e-3,2.179e-20,4.461e+2,5.631e-16,9.337e-10
401.44,2.327e+3,,8.808e-5,7.533e-24,1.873e+3,8.869e-3,2.171e-20,4.535e+2,5.630e-16,6.686e-10
401.49,2.163e+3,,1.807e-4,7.454e-24,1.710e+3,2.057e-2,2.163e-20,4.529e+2,5.629e-16,4.642e-10
401.53,2.030e+3,,3.141e-4,7.390e-24,1.583e+3,3.943e-2,2.157e-20,4.468e+2,5.628e-16,3.391e-10
401.58,1.870e+3,,6.095e-4,7.310e-24,1.437e+3,8.650e-2,2.149e-20,4.334e+2,5.627e-16,2.227e-10
401.63,1.732e+3,,1.147e-3,7.230e-24,1.315e+3,1.840e-1,2.141e-20,4.164e+2,5.625e-16,1.418e-10
401.68,1.630e+3,,2.093e-3,7.151e-24,1.230e+3,3.796e-1,2.133e-20,3.993e+2,5.624e-16,8.753e-11
401.73,1.577e+3,,3.703e-3,7.071e-24,1.191e+3,7.593e-1,2.125e-20,3.858e+2,5.623e-16,5.238e-11
401.78,1.583e+3,,6.353e-3,6.991e-24,1.203e+3,1.473e+0,2.117e-20,3.792e+2,5.622e-16,3.038e-11
401.83,1.652e+3,,1.057e-2,6.911e-24,1.268e+3,2.770e+0,2.110e-20,3.818e+2,5.620e-16,1.709e-11
401.88,1.783e+3,,1.705e-2,6.832e-24,1.383e+3,5.051e+0,2.102e-20,3.945e+2,5.619e-16,9.316e-12
401.92,1.926e+3,,2.444e-2,6.768e-24,1.507e+3,7.989e+0,2.096e-20,4.116e+2,5.618e-16,5.611e-12
401.97,2.145e+3,,3.729e-2,6.688e-24,1.691e+3,1.378e+1,2.088e-20,4.404e+2,5.617e-16,2.906e-12
402.02,2.392e+3,,5.517e-2,6.608e-24,1.894e+3,2.306e+1,2.080e-20,4.747e+2,5.615e-16,1.487e-12
402.07,2.651e+3,,7.915e-2,6.529e-24,2.102e+3,3.740e+1,2.072e-20,5.108e+2,5.614e-16,8.079e-13
402.12,2.902e+3,,1.101e-1,6.449e-24,2.298e+3,5.883e+1,2.064e-20,5.451e+2,5.613e-16,5.923e-13
402.17,3.132e+3,,1.485e-1,6.369e-24,2.468e+3,8.973e+1,2.056e-20,5.739e+2,5.612e-16,7.714e-13
402.22,3.327e+3,,1.942e-1,6.289e-24,2.600e+3,1.327e+2,2.048e-20,5.943e+2,5.610e-16,1.487e-12
402.27,3.482e+3,,2.462e-1,6.210e-24,2.687e+3,1.903e+2,2.041e-20,6.045e+2,5.609e-16,3.175e-12
402.32,3.596e+3,,3.028e-1,6.130e-24,2.727e+3,2.646e+2,2.033e-20,6.039e+2,5.608e-16,6.770e-12
402.36,3.659e+3,,3.493e-1,6.066e-24,2.726e+3,3.369e+2,2.027e-20,5.960e+2,5.607e-16,1.219e-11
402.41,3.712e+3,,4.063e-1,5.986e-24,2.690e+3,4.432e+2,2.019e-20,5.782e+2,5.606e-16,2.477e-11
402.46,3.745e+3,,4.583e-1,5.907e-24,2.625e+3,5.654e+2,2.011e-20,5.541e+2,5.604e-16,4.882e-11
402.51,3.772e+3,,5.012e-1,5.827e-24,2.546e+3,6.993e+2,2.003e-20,5.266e+2,5.603e-16,9.332e-11
402.56,3.804e+3,,5.314e-1,5.747e-24,2.466e+3,8.387e+2,1.995e-20,4.991e+2,5.602e-16,1.730e-10
402.61,3.849e+3,,5.464e-1,5.668e-24,2.399e+3,9.754e+2,1.987e-20,4.743e+2,5.600e-16,3.109e-10
402.66,3.910e+3,,5.447e-1,5.588e-24,2.355e+3,1.100e+3,1.979e-20,4.548e+2,5.599e-16,5.420e-10
402.71,3.986e+3,,5.265e-1,5.508e-24,2.341e+3,1.203e+3,1.972e-20,4.416e+2,5.598e-16,9.163e-10
402.75,4.052e+3,,5.012e-1,5.444e-24,2.352e+3,1.264e+3,1.965e-20,4.358e+2,5.597e-16,1.364e-9
402.80,4.128e+3,,4.583e-1,5.365e-24,2.387e+3,1.307e+3,1.958e-20,4.338e+2,5.596e-16,2.182e-9
402.85,4.184e+3,,4.063e-1,5.285e-24,2.437e+3,1.311e+3,1.950e-20,4.357e+2,5.594e-16,3.385e-9
402.90,4.202e+3,,3.493e-1,5.205e-24,2.487e+3,1.275e+3,1.942e-20,4.391e+2,5.593e-16,5.092e-9
402.95,4.165e+3,,2.912e-1,5.125e-24,2.521e+3,1.203e+3,1.934e-20,4.408e+2,5.592e-16,7.429e-9
403.00,4.062e+3,,2.354e-1,5.046e-24,2.524e+3,1.100e+3,1.926e-20,4.382e+2,5.591e-16,1.051e-8
403.05,3.887e+3,,1.845e-1,4.966e-24,2.483e+3,9.754e+2,1.918e-20,4.289e+2,5.589e-16,1.442e-8
403.10,3.642e+3,,1.402e-1,4.886e-24,2.392e+3,8.387e+2,1.910e-20,4.116e+2,5.588e-16,1.919e-8
403.15,3.335e+3,,1.033e-1,4.806e-24,2.250e+3,6.993e+2,1.903e-20,3.860e+2,5.587e-16,2.475e-8
403.19,3.055e+3,,7.915e-2,4.743e-24,2.103e+3,5.914e+2,1.896e-20,3.602e+2,5.586e-16,2.969e-8
403.24,2.677e+3,,5.517e-2,4.663e-24,1.888e+3,4.665e+2,1.889e-20,3.226e+2,5.584e-16,3.625e-8
403.29,2.287e+3,,3.729e-2,4.583e-24,1.649e+3,3.568e+2,1.881e-20,2.812e+2,5.583e-16,4.291e-8
403.34,1.905e+3,,2.444e-2,4.503e-24,1.402e+3,2.646e+2,1.873e-20,2.387e+2,5.582e-16,4.927e-8
403.39,1.549e+3,,1.553e-2,4.424e-24,1.161e+3,1.903e+2,1.865e-20,1.979e+2,5.581e-16,5.486e-8
403.44,1.234e+3,,9.569e-3,4.344e-24,9.397e+2,1.327e+2,1.857e-20,1.615e+2,5.579e-16,5.924e-8
403.49,9.686e+2,,5.717e-3,4.264e-24,7.467e+2,8.973e+1,1.849e-20,1.322e+2,5.578e-16,6.203e-8
403.54,7.592e+2,,3.312e-3,4.185e-24,5.873e+2,5.883e+1,1.841e-20,1.130e+2,5.577e-16,6.299e-8
403.58,6.338e+2,,2.093e-3,4.121e-24,4.854e+2,4.105e+1,1.835e-20,1.074e+2,5.576e-16,6.238e-8
403.63,5.311e+2,,1.147e-3,4.041e-24,3.888e+2,2.546e+1,1.827e-20,1.168e+2,5.575e-16,5.993e-8
403.68,4.897e+2,,6.095e-4,3.961e-24,3.233e+2,1.531e+1,1.820e-20,1.511e+2,5.573e-16,5.585e-8
403.73,5.131e+2,,3.141e-4,3.882e-24,2.837e+2,8.932e+0,1.812e-20,2.205e+2,5.572e-16,5.047e-8
403.78,6.083e+2,,1.569e-4,3.802e-24,2.639e+2,5.051e+0,1.804e-20,3.393e+2,5.571e-16,4.422e-8
403.83,7.872e+2,,7.600e-5,3.722e-24,2.578e+2,2.770e+0,1.796e-20,5.266e+2,5.570e-16,3.758e-8
403.88,1.067e+3,,3.570e-5,3.642e-24,2.595e+2,1.474e+0,1.788e-20,8.061e+2,5.568e-16,3.097e-8
403.93,1.470e+3,,1.626e-5,3.563e-24,2.639e+2,7.618e-1,1.780e-20,1.205e+3,5.567e-16,2.475e-8
403.97,1.898e+3,,8.476e-6,3.499e-24,2.666e+2,4.421e-1,1.774e-20,1.631e+3,5.566e-16,2.024e-8
404.02,2.585e+3,,3.652e-6,3.419e-24,2.666e+2,2.248e-1,1.766e-20,2.319e+3,5.565e-16,1.531e-8
404.07,3.462e+3,,1.526e-6,3.339e-24,2.610e+2,1.269e-1,1.758e-20,3.201e+3,5.563e-16,1.123e-8
404.12,4.537e+3,,6.180e-7,3.260e-24,2.491e+2,1.032e-1,1.751e-20,4.288e+3,5.562e-16,7.998e-9
404.17,5.805e+3,,2.427e-7,3.180e-24,2.313e+2,1.413e-1,1.743e-20,5.574e+3,5.561e-16,5.538e-9
404.22,7.240e+3,,9.244e-8,3.100e-24,2.087e+2,2.571e-1,1.735e-20,7.031e+3,5.560e-16,3.746e-9
404.27,8.787e+3,,3.413e-8,3.020e-24,1.828e+2,4.990e-1,1.727e-20,8.604e+3,5.558e-16,2.510e-9
404.32,1.037e+4,,1.222e-8,2.941e-24,1.554e+2,9.601e-1,1.719e-20,1.022e+4,5.557e-16,1.729e-9
404.37,1.190e+4,,4.243e-9,2.861e-24,1.283e+2,1.800e+0,1.711e-20,1.177e+4,5.556e-16,1.323e-9
404.41,1.300e+4,,1.780e-9,2.797e-24,1.079e+2,2.914e+0,1.705e-20,1.289e+4,5.555e-16,1.240e-9
404.46,1.415e+4,,5.847e-10,2.717e-24,8.490e+1,5.179e+0,1.697e-20,1.406e+4,5.554e-16,1.431e-9
404.51,1.496e+4,,1.862e-10,2.638e-24,6.559e+1,8.927e+0,1.689e-20,1.488e+4,5.552e-16,1.983e-9
404.56,1.534e+4,,5.750e-11,2.558e-24,5.056e+1,1.493e+1,1.681e-20,1.527e+4,5.551e-16,2.969e-9
404.61,1.527e+4,,1.722e-11,2.478e-24,4.022e+1,2.422e+1,1.674e-20,1.521e+4,5.550e-16,4.504e-9
404.66,1.476e+4,,4.998e-12,2.399e-24,3.493e+1,3.811e+1,1.666e-20,1.469e+4,5.548e-16,6.732e-9
404.71,1.386e+4,,1.407e-12,2.319e-24,3.516e+1,5.817e+1,1.658e-20,1.376e+4,5.547e-16,9.814e-9
404.76,1.264e+4,,3.840e-13,2.239e-24,4.159e+1,8.613e+1,1.650e-20,1.251e+4,5.546e-16,1.390e-8
404.80,1.150e+4,,1.329e-13,2.175e-24,5.186e+1,1.153e+2,1.644e-20,1.134e+4,5.545e-16,1.798e-8
404.85,9.988e+3,,3.432e-14,2.096e-24,7.211e+1,1.617e+2,1.636e-20,9.754e+3,5.544e-16,2.414e-8
404.90,8.462e+3,,8.592e-15,2.016e-24,1.020e+2,2.199e+2,1.628e-20,8.141e+3,5.542e-16,3.143e-8
404.95,7.023e+3,,2.086e-15,1.936e-24,1.428e+2,2.900e+2,1.620e-20,6.590e+3,5.541e-16,3.971e-8
405.00,5.741e+3,,4.910e-16,1.856e-24,1.959e+2,3.710e+2,1.612e-20,5.174e+3,5.540e-16,4.866e-8
405.05,4.663e+3,,4.895e-16,1.777e-24,2.619e+2,4.605e+2,1.605e-20,3.941e+3,5.539e-16,5.784e-8
405.10,3.807e+3,,4.881e-16,1.697e-24,3.406e+2,5.544e+2,1.597e-20,2.912e+3,5.537e-16,6.670e-8
405.15,3.166e+3,,4.866e-16,1.617e-24,4.309e+2,6.475e+2,1.589e-20,2.087e+3,5.536e-16,7.461e-8
405.19,2.792e+3,,4.855e-16,1.553e-24,5.098e+2,7.172e+2,1.583e-20,1.565e+3,5.535e-16,7.984e-8
405.24,2.472e+3,,4.840e-16,1.474e-24,6.141e+2,7.929e+2,1.575e-20,1.064e+3,5.534e-16,8.455e-8
405.29,2.277e+3,,4.826e-16,1.394e-24,7.211e+2,8.504e+2,1.567e-20,7.058e+2,5.532e-16,8.686e-8
405.34,2.172e+3,,4.812e-16,1.314e-24,8.265e+2,8.847e+2,1.559e-20,4.607e+2,5.531e-16,8.656e-8
405.39,2.124e+3,,4.797e-16,1.234e-24,9.267e+2,8.928e+2,1.551e-20,3.040e+2,5.530e-16,8.369e-8
405.44,2.109e+3,,4.783e-16,1.155e-24,1.019e+3,8.740e+2,1.543e-20,2.160e+2,5.529e-16,7.850e-8
405.49,2.115e+3,,4.769e-16,1.075e-24,1.102e+3,8.299e+2,1.536e-20,1.834e+2,5.527e-16,7.144e-8
405.54,2.141e+3,,4.754e-16,9.953e-25,1.177e+3,7.645e+2,1.528e-20,1.997e+2,5.526e-16,6.309e-8
405.59,2.193e+3,,4.740e-16,9.155e-25,1.245e+3,6.831e+2,1.520e-20,2.650e+2,5.525e-16,5.408e-8
405.63,2.264e+3,,4.728e-16,8.517e-25,1.297e+3,6.107e+2,1.514e-20,3.563e+2,5.524e-16,4.680e-8
405.68,2.406e+3,,4.714e-16,7.720e-25,1.361e+3,5.166e+2,1.506e-20,5.279e+2,5.523e-16,3.807e-8
405.73,2.628e+3,,4.699e-16,6.923e-25,1.429e+3,4.239e+2,1.498e-20,7.758e+2,5.521e-16,3.013e-8
405.78,2.953e+3,,4.685e-16,6.126e-25,1.500e+3,3.374e+2,1.490e-20,1.115e+3,5.520e-16,2.323e-8
405.83,3.397e+3,,4.671e-16,2.656e-24,1.577e+3,2.605e+2,1.482e-20,1.559e+3,5.519e-16,1.750e-8
405.88,3.970e+3,,4.656e-16,1.118e-23,1.659e+3,1.951e+2,1.474e-20,2.116e+3,5.517e-16,1.294e-8
405.93,4.671e+3,,4.642e-16,4.565e-23,1.742e+3,1.418e+2,1.467e-20,2.788e+3,5.516e-16,9.469e-9
405.98,5.488e+3,,4.628e-16,1.809e-22,1.823e+3,9.991e+1,1.459e-20,3.565e+3,5.515e-16,6.922e-9
406.02,6.206e+3,,4.616e-16,5.327e-22,1.884e+3,7.388e+1,1.453e-20,4.248e+3,5.514e-16,5.431e-9
406.07,7.150e+3,,4.602e-16,2.000e-21,1.954e+3,4.930e+1,1.445e-20,5.147e+3,5.513e-16,4.102e-9
406.12,8.096e+3,,4.587e-16,7.288e-21,2.012e+3,3.190e+1,1.437e-20,6.053e+3,5.511e-16,3.214e-9
406.17,8.986e+3,,4.573e-16,2.577e-20,2.055e+3,2.003e+1,1.429e-20,6.911e+3,5.510e-16,2.627e-9
406.22,9.756e+3,,4.558e-16,8.844e-20,2.081e+3,1.220e+1,1.421e-20,7.663e+3,5.509e-16,2.235e-9
406.27,1.035e+4,,4.544e-16,2.945e-19,2.087e+3,7.206e+0,1.413e-20,8.255e+3,5.508e-16,1.959e-9
406.32,1.072e+4,,4.530e-16,9.518e-19,2.070e+3,4.129e+0,1.405e-20,8.647e+3,5.506e-16,1.750e-9
406.37,1.085e+4,,4.515e-16,2.985e-18,2.028e+3,2.295e+0,1.398e-20,8.817e+3,5.505e-16,1.577e-9
406.42,1.073e+4,,4.501e-16,9.085e-18,1.959e+3,1.238e+0,1.390e-20,8.765e+3,5.504e-16,1.424e-9
406.46,1.047e+4,,4.489e-16,2.166e-17,1.884e+3,7.388e-1,1.384e-20,8.581e+3,5.503e-16,1.312e-9
406.51,9.976e+3,,4.475e-16,6.246e-17,1.766e+3,3.771e-1,1.376e-20,8.209e+3,5.501e-16,1.184e-9
406.56,9.360e+3,,4.461e-16,1.748e-16,1.624e+3,1.867e-1,1.368e-20,7.736e+3,5.500e-16,1.070e-9
406.61,8.693e+3,,4.446e-16,4.746e-16,1.462e+3,8.970e-2,1.360e-20,7.231e+3,5.499e-16,9.717e-10
406.66,8.047e+3,,4.432e-16,1.251e-15,1.287e+3,4.180e-2,1.352e-20,6.759e+3,5.498e-16,8.879e-10
406.71,7.487e+3,,4.417e-16,3.199e-15,1.107e+3,1.889e-2,1.344e-20,6.380e+3,5.496e-16,8.176e-10
406.76,7.062e+3,,4.403e-16,7.939e-15,9.279e+2,8.283e-3,1.336e-20,6.134e+3,5.495e-16,7.585e-10
406.81,6.798e+3,,4.389e-16,1.912e-14,7.582e+2,3.523e-3,1.329e-20,6.040e+3,5.494e-16,7.077e-10
406.85,6.704e+3,,4.377e-16,3.780e-14,6.328e+2,1.739e-3,1.322e-20,6.071e+3,5.493e-16,6.718e-10
406.90,6.715e+3,,4.363e-16,8.626e-14,4.925e+2,7.002e-4,1.315e-20,6.223e+3,5.492e-16,6.325e-10
406.95,6.833e+3,,4.348e-16,1.910e-13,3.729e+2,2.735e-4,1.307e-20,6.460e+3,5.490e-16,6.016e-10
407.00,7.004e+3,,4.334e-16,4.105e-13,2.745e+2,1.036e-4,1.299e-20,6.729e+3,5.489e-16,5.864e-10
407.05,7.168e+3,,4.320e-16,8.562e-13,1.964e+2,3.808e-5,1.291e-20,6.972e+3,5.488e-16,6.008e-10
407.10,7.271e+3,,4.305e-16,1.733e-12,1.365e+2,1.357e-5,1.283e-20,7.134e+3,5.486e-16,6.689e-10
407.15,7.265e+3,,4.291e-16,3.403e-12,9.221e+1,4.694e-6,1.275e-20,7.172e+3,5.485e-16,8.290e-10
407.20,7.121e+3,,4.277e-16,6.487e-12,6.049e+1,1.575e-6,1.267e-20,7.060e+3,5.484e-16,1.138e-9
407.24,6.898e+3,,4.265e-16,1.064e-11,4.227e+1,6.430e-7,1.261e-20,6.856e+3,5.483e-16,1.547e-9
407.29,6.490e+3,,4.251e-16,1.921e-11,2.631e+1,2.042e-7,1.253e-20,6.464e+3,5.482e-16,2.352e-9
407.34,5.960e+3,,4.236e-16,3.366e-11,1.590e+1,6.290e-8,1.245e-20,5.944e+3,5.480e-16,3.614e-9
407.39,5.340e+3,,4.222e-16,5.726e-11,9.327e+0,1.880e-8,1.238e-20,5.330e+3,5.479e-16,5.507e-9
407.44,4.669e+3,,4.207e-16,9.451e-11,5.313e+0,5.448e-9,1.230e-20,4.664e+3,5.478e-16,8.234e-9
407.49,3.988e+3,,4.193e-16,1.514e-10,2.938e+0,1.532e-9,1.222e-20,3.985e+3,5.477e-16,1.201e-8
407.54,3.332e+3,,4.179e-16,2.354e-10,1.578e+0,4.179e-10,1.214e-20,3.330e+3,5.475e-16,1.705e-8
407.59,2.728e+3,,4.164e-16,3.553e-10,8.224e-1,1.106e-10,1.206e-20,2.727e+3,5.474e-16,2.352e-8
407.64,2.194e+3,,4.150e-16,5.205e-10,4.161e-1,2.837e-11,1.198e-20,2.194e+3,5.473e-16,3.152e-8
407.68,1.824e+3,,4.138e-16,6.914e-10,2.362e-1,9.352e-12,1.192e-20,1.824e+3,5.472e-16,3.899e-8
407.73,1.433e+3,,4.124e-16,9.603e-10,1.133e-1,2.272e-12,1.184e-20,1.432e+3,5.470e-16,4.952e-8
407.78,1.118e+3,,4.110e-16,1.295e-9,5.274e-2,5.356e-13,1.176e-20,1.118e+3,5.469e-16,6.105e-8
407.83,8.714e+2,,4.095e-16,1.697e-9,2.383e-2,5.454e-13,1.169e-20,8.714e+2,5.468e-16,7.307e-8
407.88,6.848e+2,,4.081e-16,2.160e-9,1.046e-2,5.552e-13,1.161e-20,6.848e+2,5.467e-16,8.487e-8
407.93,5.486e+2,,4.066e-16,2.673e-9,4.452e-3,5.650e-13,1.153e-20,5.486e+2,5.465e-16,9.570e-8
407.98,4.541e+2,,4.052e-16,3.219e-9,1.840e-3,5.748e-13,1.145e-20,4.541e+2,5.464e-16,1.047e-7
408.03,3.940e+2,,4.038e-16,3.777e-9,7.380e-4,5.847e-13,1.137e-20,3.940e+2,5.463e-16,1.113e-7
408.07,3.662e+2,,4.026e-16,4.216e-9,3.478e-4,5.925e-13,1.131e-20,3.662e+2,5.462e-16,1.143e-7
408.12,3.519e+2,,4.012e-16,4.738e-9,1.322e-4,6.023e-13,1.123e-20,3.519e+2,5.461e-16,1.151e-7
408.17,3.553e+2,,3.997e-16,5.217e-9,4.877e-5,6.121e-13,1.115e-20,3.553e+2,5.459e-16,1.125e-7
408.22,3.709e+2,,3.983e-16,5.646e-9,1.746e-5,6.220e-13,1.107e-20,3.709e+2,5.458e-16,1.068e-7
408.27,3.937e+2,,3.969e-16,6.031e-9,6.069e-6,6.318e-13,1.100e-20,3.937e+2,5.457e-16,9.845e-8
408.32,4.186e+2,,3.954e-16,6.385e-9,2.047e-6,6.416e-13,1.092e-20,4.186e+2,5.456e-16,8.810e-8
408.37,4.408e+2,,3.940e-16,6.732e-9,6.700e-7,6.514e-13,1.084e-20,4.408e+2,5.454e-16,7.659e-8
408.42,4.564e+2,,3.925e-16,7.098e-9,2.128e-7,6.612e-13,1.076e-20,4.564e+2,5.453e-16,6.470e-8
408.47,4.624e+2,,3.911e-16,7.501e-9,6.561e-8,6.711e-13,1.068e-20,4.624e+2,5.452e-16,5.315e-8
408.51,4.591e+2,,3.900e-16,7.859e-9,2.505e-8,6.789e-13,1.062e-20,4.591e+2,5.451e-16,4.456e-8
408.56,4.442e+2,,3.885e-16,8.346e-9,7.316e-9,6.887e-13,1.054e-20,4.442e+2,5.449e-16,3.496e-8
408.61,4.182e+2,,3.871e-16,8.857e-9,2.074e-9,6.986e-13,1.046e-20,4.182e+2,5.448e-16,2.687e-8
408.66,3.828e+2,,3.856e-16,9.354e-9,5.704e-10,7.084e-13,1.038e-20,3.828e+2,5.447e-16,2.038e-8
408.71,3.404e+2,,3.842e-16,9.786e-9,1.523e-10,7.182e-13,1.031e-20,3.404e+2,5.446e-16,1.543e-8
408.76,2.941e+2,,3.828e-16,1.010e-8,3.944e-11,7.280e-13,1.023e-20,2.941e+2,5.444e-16,1.189e-8
408.81,2.468e+2,,3.813e-16,1.023e-8,9.982e-12,7.378e-13,1.015e-20,2.468e+2,5.443e-16,9.561e-9
408.86,2.012e+2,,3.799e-16,1.016e-8,2.535e-12,7.477e-13,1.007e-20,2.012e+2,5.442e-16,8.232e-9
408.90,1.672e+2,,3.787e-16,9.932e-9,1.596e-12,7.555e-13,1.001e-20,1.672e+2,5.441e-16,7.745e-9
408.95,1.293e+2,,3.773e-16,9.440e-9,3.528e-12,7.653e-13,9.930e-21,1.293e+2,5.440e-16,7.693e-9
409.00,9.705e+1,,3.759e-16,8.739e-9,1.370e-11,7.751e-13,9.852e-21,9.705e+1,5.438e-16,8.101e-9
409.05,7.075e+1,,3.744e-16,7.871e-9,5.166e-11,7.850e-13,9.773e-21,7.075e+1,5.437e-16,8.825e-9
409.10,5.008e+1,,3.730e-16,6.893e-9,1.891e-10,7.948e-13,9.695e-21,5.008e+1,5.436e-16,9.745e-9
409.15,3.442e+1,,3.715e-16,5.866e-9,6.722e-10,8.046e-13,9.616e-21,3.442e+1,5.434e-16,1.076e-8
409.20,2.297e+1,,3.701e-16,4.849e-9,2.320e-9,8.144e-13,9.538e-21,2.297e+1,5.433e-16,1.180e-8
409.25,1.489e+1,,3.687e-16,3.893e-9,7.771e-9,8.242e-13,9.459e-21,1.489e+1,5.432e-16,1.279e-8
409.29,1.030e+1,,3.675e-16,3.197e-9,2.001e-8,8.321e-13,9.397e-21,1.030e+1,5.431e-16,1.351e-8
409.34,6.332e+0,,3.661e-16,2.433e-9,6.357e-8,8.419e-13,9.318e-21,6.332e+0,5.430e-16,1.428e-8
409.39,3.779e+0,,3.646e-16,1.798e-9,1.961e-7,8.517e-13,9.240e-21,3.779e+0,5.428e-16,1.488e-8
409.44,2.190e+0,,3.632e-16,1.290e-9,5.871e-7,8.616e-13,9.161e-21,2.190e+0,5.427e-16,1.527e-8
409.49,1.232e+0,,3.618e-16,8.978e-10,1.707e-6,8.714e-13,3.871e-20,1.232e+0,5.426e-16,1.544e-8
409.54,6.732e-1,,3.603e-16,6.066e-10,4.817e-6,8.812e-13,1.588e-19,6.732e-1,5.425e-16,1.539e-8
409.59,3.571e-1,,3.589e-16,3.978e-10,1.320e-5,8.910e-13,6.325e-19,3.571e-1,5.423e-16,1.512e-8
409.64,1.840e-1,,3.574e-16,2.532e-10,3.511e-5,9.008e-13,2.446e-18,1.839e-1,5.422e-16,1.464e-8
409.69,9.210e-2,,3.560e-16,1.565e-10,9.070e-5,9.107e-13,9.185e-18,9.201e-2,5.421e-16,1.398e-8
409.73,5.199e-2,,3.549e-16,1.042e-10,1.897e-4,9.185e-13,2.592e-17,5.180e-2,5.420e-16,1.334e-8
409.78,2.521e-2,,3.534e-16,6.098e-11,4.645e-4,9.283e-13,9.229e-17,2.475e-2,5.418e-16,1.245e-8
409.83,1.295e-2,,3.520e-16,3.465e-11,1.105e-3,9.381e-13,3.191e-16,1.184e-2,5.417e-16,1.148e-8
409.88,8.897e-3,,3.505e-16,1.911e-11,2.550e-3,9.480e-13,1.071e-15,6.347e-3,5.416e-16,1.047e-8
409.93,1.087e-2,,3.491e-16,1.023e-11,5.714e-3,9.578e-13,3.493e-15,5.157e-3,5.415e-16,9.481e-9
409.98,1.993e-2,,3.477e-16,5.311e-12,1.243e-2,9.676e-13,1.105e-14,7.494e-3,5.413e-16,8.529e-9
410.03,4.077e-2,,3.462e-16,2.677e-12,2.627e-2,9.774e-13,3.397e-14,1.451e-2,5.412e-16,7.646e-9
410.08,8.352e-2,,3.448e-16,1.310e-12,5.387e-2,9.872e-13,1.014e-13,2.965e-2,5.411e-16,6.849e-9
410.12,1.458e-1,,3.436e-16,7.237e-13,9.369e-2,9.951e-13,2.380e-13,5.211e-2,5.410e-16,6.279e-9
410.17,2.853e-1,,3.422e-16,3.355e-13,1.822e-1,1.005e-12,6.735e-13,1.031e-1,5.409e-16,5.651e-9
410.22,5.421e-1,,3.408e-16,1.510e-13,3.440e-1,1.015e-12,1.851e-12,1.981e-1,5.407e-16,5.113e-9
410.27,1.000e+0,,3.393e-16,6.593e-14,6.306e-1,1.025e-12,4.937e-12,3.698e-1,5.406e-16,4.655e-9
410.32,1.792e+0,,3.379e-16,2.794e-14,1.122e+0,1.034e-12,1.279e-11,6.702e-1,5.405e-16,4.263e-9
410.37,3.119e+0,,3.364e-16,1.149e-14,1.939e+0,1.044e-12,3.217e-11,1.180e+0,5.403e-16,3.921e-9
410.42,5.270e+0,,3.350e-16,4.588e-15,3.253e+0,1.054e-12,7.856e-11,2.017e+0,5.402e-16,3.617e-9
410.47,8.647e+0,,3.336e-16,1.778e-15,5.298e+0,1.064e-12,1.863e-10,3.349e+0,5.401e-16,3.338e-9
410.51,1.258e+1,,3.324e-16,8.149e-16,7.661e+0,1.072e-12,3.639e-10,4.922e+0,5.400e-16,3.125e-9
410.56,1.959e+1,,3.310e-16,2.992e-16,1.183e+1,1.082e-12,8.183e-10,7.761e+0,5.399e-16,2.869e-9
410.61,2.963e+1,,3.295e-16,1.066e-16,1.774e+1,1.091e-12,1.787e-9,1.190e+1,5.397e-16,2.618e-9
410.66,4.355e+1,,3.281e-16,3.687e-17,2.582e+1,1.101e-12,3.788e-9,1.773e+1,5.396e-16,2.372e-9
410.71,6.220e+1,,3.267e-16,1.237e-17,3.649e+1,1.111e-12,7.797e-9,2.571e+1,5.395e-16,2.133e-9
410.76,8.638e+1,,3.252e-16,4.031e-18,5.006e+1,1.121e-12,1.558e-8,3.631e+1,5.394e-16,1.903e-9
410.81,1.167e+2,,3.238e-16,1.274e-18,6.669e+1,1.131e-12,3.024e-8,5.000e+1,5.392e-16,1.688e-9
410.86,1.534e+2,,3.223e-16,3.910e-19,8.625e+1,1.140e-12,5.699e-8,6.720e+1,5.391e-16,1.494e-9
410.91,1.966e+2,,3.209e-16,1.164e-19,1.083e+2,1.150e-12,1.043e-7,8.832e+1,5.390e-16,1.333e-9
410.95,2.355e+2,,3.198e-16,4.324e-20,1.272e+2,1.158e-12,1.655e-7,1.083e+2,5.389e-16,1.237e-9
411.00,2.890e+2,,3.183e-16,1.220e-20,1.514e+2,1.168e-12,2.872e-7,1.376e+2,5.387e-16,1.178e-9
411.05,3.472e+2,,3.169e-16,3.342e-21,1.750e+2,1.178e-12,4.838e-7,1.721e+2,5.386e-16,1.220e-9
411.10,4.093e+2,,3.154e-16,8.882e-22,1.964e+2,1.188e-12,7.914e-7,2.129e+2,5.385e-16,1.415e-9
411.15,4.749e+2,,3.140e-16,2.291e-22,2.140e+2,1.197e-12,1.257e-6,2.610e+2,5.384e-16,1.843e-9
411.20,5.444e+2,,3.126e-16,5.737e-23,2.263e+2,1.207e-12,1.938e-6,3.180e+2,5.382e-16,2.624e-9
411.25,6.185e+2,,3.111e-16,1.394e-23,2.325e+2,1.217e-12,2.903e-6,3.861e+2,5.381e-16,3.923e-9
411.30,6.988e+2,,3.097e-16,3.287e-24,2.318e+2,1.227e-12,4.220e-6,4.670e+2,5.380e-16,5.973e-9
411.34,7.687e+2,,3.085e-16,2.309e-23,2.263e+2,1.235e-12,5.574e-6,5.424e+2,5.379e-16,8.356e-9
411.39,8.646e+2,,3.071e-16,4.784e-23,2.140e+2,1.245e-12,7.685e-6,6.506e+2,5.378e-16,1.258e-8
411.44,9.705e+2,,3.057e-16,7.259e-23,1.964e+2,1.254e-12,1.029e-5,7.741e+2,5.376e-16,1.860e-8
411.49,1.086e+3,,3.042e-16,9.734e-23,1.750e+2,1.264e-12,1.337e-5,9.109e+2,5.375e-16,2.695e-8
411.54,1.208e+3,,3.028e-16,1.221e-22,1.514e+2,1.274e-12,1.688e-5,1.057e+3,5.374e-16,3.817e-8
411.59,1.332e+3,,3.013e-16,1.468e-22,1.272e+2,1.284e-12,2.068e-5,1.205e+3,5.373e-16,5.279e-8
411.64,1.450e+3,,2.999e-16,1.716e-22,1.037e+2,1.294e-12,2.461e-5,1.346e+3,5.371e-16,7.126e-8
411.69,1.553e+3,,2.985e-16,1.963e-22,8.212e+1,1.303e-12,2.844e-5,1.471e+3,5.370e-16,9.386e-8
411.74,1.633e+3,,2.970e-16,2.211e-22,6.312e+1,1.313e-12,3.190e-5,1.570e+3,5.369e-16,1.206e-7
411.78,1.675e+3,,2.959e-16,2.409e-22,5.006e+1,1.321e-12,3.424e-5,1.625e+3,5.368e-16,1.447e-7
411.83,1.693e+3,,2.944e-16,2.656e-22,3.649e+1,1.331e-12,3.642e-5,1.656e+3,5.366e-16,1.775e-7
411.88,1.670e+3,,2.930e-16,2.904e-22,2.582e+1,1.341e-12,3.762e-5,1.644e+3,5.365e-16,2.124e-7
411.93,1.607e+3,,2.916e-16,3.151e-22,1.774e+1,1.351e-12,3.773e-5,1.589e+3,5.364e-16,2.475e-7
411.98,1.508e+3,,2.901e-16,3.399e-22,1.183e+1,1.360e-12,3.675e-5,1.496e+3,5.363e-16,2.811e-7
412.03,1.379e+3,,2.887e-16,3.646e-22,7.661e+0,1.370e-12,3.475e-5,1.372e+3,5.361e-16,3.109e-7
412.08,1.231e+3,,2.872e-16,3.894e-22,4.817e+0,1.380e-12,3.190e-5,1.227e+3,5.360e-16,3.349e-7
412.13,1.075e+3,,2.858e-16,4.141e-22,2.940e+0,1.390e-12,2.844e-5,1.072e+3,5.359e-16,3.514e-7
412.17,9.494e+2,,2.846e-16,4.339e-22,1.939e+0,1.398e-12,2.539e-5,9.475e+2,5.358e-16,3.581e-7
412.22,8.012e+2,,2.832e-16,4.587e-22,1.122e+0,1.407e-12,2.147e-5,8.001e+2,5.357e-16,3.580e-7
412.27,6.688e+2,,2.818e-16,4.834e-22,6.306e-1,1.417e-12,1.762e-5,6.682e+2,5.355e-16,3.483e-7
412.32,5.571e+2,,2.803e-16,5.082e-22,3.440e-1,1.427e-12,1.404e-5,5.568e+2,5.354e-16,3.299e-7
412.37,4.690e+2,,2.789e-16,5.330e-22,1.822e-1,1.437e-12,1.087e-5,4.688e+2,5.353e-16,3.041e-7
412.42,4.053e+2,,2.775e-16,5.577e-22,9.369e-2,1.447e-12,8.166e-6,4.053e+2,5.351e-16,2.727e-7
412.47,3.661e+2,,2.760e-16,5.825e-22,4.677e-2,1.457e-12,5.958e-6,3.661e+2,5.350e-16,2.381e-7
412.52,3.508e+2,,2.746e-16,6.072e-22,2.267e-2,1.466e-12,4.220e-6,3.507e+2,5.349e-16,2.022e-7
412.56,3.554e+2,,2.734e-16,1.901e-21,1.243e-2,1.474e-12,3.136e-6,3.554e+2,5.348e-16,1.740e-7
412.61,3.822e+2,,2.720e-16,7.713e-21,5.714e-3,1.484e-12,2.107e-6,3.822e+2,5.347e-16,1.407e-7
412.66,4.327e+2,,2.705e-16,3.040e-20,2.550e-3,1.494e-12,1.374e-6,4.327e+2,5.345e-16,1.108e-7
412.71,5.075e+2,,2.691e-16,1.164e-19,1.105e-3,1.504e-12,8.704e-7,5.075e+2,5.344e-16,8.503e-8
412.76,6.067e+2,,2.677e-16,4.330e-19,4.645e-4,1.514e-12,5.356e-7,6.067e+2,5.343e-16,6.372e-8
412.81,7.295e+2,,2.662e-16,1.564e-18,1.897e-4,1.523e-12,3.205e-7,7.295e+2,5.342e-16,4.687e-8
412.86,8.737e+2,,2.648e-16,5.491e-18,7.520e-5,1.533e-12,1.871e-7,8.737e+2,5.340e-16,3.427e-8
412.91,1.035e+3,,2.634e-16,1.872e-17,2.894e-5,1.543e-12,1.077e-7,1.035e+3,5.339e-16,2.557e-8
412.96,1.207e+3,,2.619e-16,6.202e-17,1.081e-5,1.553e-12,6.308e-8,1.207e+3,5.338e-16,2.045e-8
413.00,1.347e+3,,2.608e-16,1.584e-16,4.817e-6,1.561e-12,4.395e-8,1.347e+3,5.337e-16,1.878e-8
413.05,1.516e+3,,2.593e-16,4.979e-16,1.707e-6,1.570e-12,3.411e-8,1.516e+3,5.335e-16,1.970e-8
413.10,1.670e+3,,2.579e-16,1.521e-15,5.871e-7,1.580e-12,3.593e-8,1.670e+3,5.334e-16,2.404e-8
413.15,1.800e+3,,2.565e-16,4.512e-15,1.961e-7,1.590e-12,4.775e-8,1.800e+3,5.333e-16,3.213e-8
413.20,1.899e+3,,2.550e-16,1.300e-14,6.357e-8,1.600e-12,6.986e-8,1.899e+3,5.332e-16,4.440e-8
413.25,1.959e+3,,2.536e-16,3.641e-14,2.001e-8,1.610e-12,1.038e-7,1.959e+3,5.330e-16,6.139e-8
413.30,1.981e+3,,2.521e-16,9.905e-14,6.117e-9,1.620e-12,1.521e-7,1.981e+3,5.329e-16,8.357e-8
413.35,1.964e+3,,2.507e-16,2.617e-13,1.815e-9,1.629e-12,2.173e-7,1.964e+3,5.328e-16,1.113e-7
413.39,1.925e+3,,2.495e-16,5.577e-13,6.722e-10,1.637e-12,2.834e-7,1.925e+3,5.327e-16,1.374e-7
413.44,1.850e+3,,2.481e-16,1.399e-12,1.891e-10,1.647e-12,3.849e-7,1.850e+3,5.326e-16,1.747e-7
413.49,1.755e+3,,2.467e-16,3.408e-12,5.166e-11,1.657e-12,5.079e-7,1.755e+3,5.324e-16,2.163e-7
413.54,1.648e+3,,2.452e-16,8.066e-12,1.370e-11,1.667e-12,6.508e-7,1.648e+3,5.323e-16,2.608e-7
413.59,1.539e+3,,2.438e-16,1.855e-11,3.528e-12,1.677e-12,8.100e-7,1.539e+3,5.322e-16,3.062e-7
413.64,1.441e+3,,2.424e-16,4.143e-11,8.818e-13,1.686e-12,9.792e-7,1.441e+3,5.320e-16,3.501e-7
413.69,1.363e+3,,2.409e-16,8.989e-11,2.140e-13,1.696e-12,1.150e-6,1.363e+3,5.319e-16,3.899e-7
413.74,1.317e+3,,2.395e-16,1.895e-10,5.043e-14,1.706e-12,1.311e-6,1.317e+3,5.318e-16,4.230e-7
413.78,1.308e+3,,2.383e-16,3.370e-10,5.270e-14,1.714e-12,1.426e-6,1.308e+3,5.317e-16,4.430e-7
413.83,1.340e+3,,2.369e-16,6.742e-10,5.555e-14,1.724e-12,1.543e-6,1.340e+3,5.316e-16,4.586e-7
413.88,1.424e+3,,2.354e-16,1.310e-9,5.840e-14,1.733e-12,1.621e-6,1.424e+3,5.314e-16,4.625e-7
413.93,1.562e+3,,2.340e-16,2.474e-9,6.124e-14,7.144e-12,1.655e-6,1.562e+3,5.313e-16,4.546e-7
413.98,1.753e+3,,2.326e-16,4.539e-9,6.409e-14,2.860e-11,1.640e-6,1.753e+3,5.312e-16,4.356e-7
414.03,1.987e+3,,2.311e-16,8.088e-9,6.694e-14,1.113e-10,1.579e-6,1.987e+3,5.311e-16,4.068e-7
414.08,2.253e+3,,2.297e-16,1.400e-8,6.979e-14,4.206e-10,1.477e-6,2.253e+3,5.309e-16,3.705e-7
414.13,2.531e+3,,2.283e-16,2.354e-8,7.263e-14,1.544e-9,1.341e-6,2.531e+3,5.308e-16,3.291e-7
414.18,2.800e+3,,2.268e-16,3.846e-8,7.548e-14,5.510e-9,1.183e-6,2.800e+3,5.307e-16,2.852e-7
414.22,2.992e+3,,2.257e-16,5.578e-8,7.776e-14,1.493e-8,1.048e-6,2.992e+3,5.306e-16,2.499e-7
414.27,3.186e+3,,2.242e-16,8.649e-8,8.061e-14,5.057e-8,8.770e-7,3.186e+3,5.304e-16,2.074e-7
414.32,3.310e+3,,2.228e-16,1.303e-7,8.345e-14,1.664e-7,7.129e-7,3.310e+3,5.303e-16,1.682e-7
414.37,3.350e+3,,2.213e-16,1.906e-7,8.630e-14,5.321e-7,5.628e-7,3.350e+3,5.302e-16,1.334e-7
414.42,3.301e+3,,2.199e-16,2.710e-7,8.915e-14,1.653e-6,4.315e-7,3.301e+3,5.301e-16,1.036e-7
414.47,3.164e+3,,2.185e-16,3.743e-7,9.200e-14,4.989e-6,3.214e-7,3.164e+3,5.299e-16,7.904e-8
414.52,2.952e+3,,2.170e-16,5.021e-7,9.484e-14,1.463e-5,2.325e-7,2.952e+3,5.298e-16,5.933e-8
414.57,2.681e+3,,2.156e-16,6.543e-7,9.769e-14,4.168e-5,1.633e-7,2.681e+3,5.297e-16,4.397e-8
414.61,2.437e+3,,2.144e-16,7.921e-7,9.997e-14,9.433e-5,1.206e-7,2.437e+3,5.296e-16,3.440e-8
414.66,2.116e+3,,2.130e-16,9.798e-7,1.028e-13,2.551e-4,8.037e-8,2.116e+3,5.295e-16,2.523e-8
414.71,1.801e+3,,2.116e-16,1.178e-6,1.057e-13,6.705e-4,5.203e-8,1.801e+3,5.293e-16,1.855e-8
414.76,1.513e+3,,2.101e-16,1.375e-6,1.085e-13,1.712e-3,3.272e-8,1.513e+3,5.292e-16,1.378e-8
414.81,1.267e+3,,2.087e-16,1.559e-6,1.114e-13,4.247e-3,1.998e-8,1.267e+3,5.291e-16,1.043e-8
414.86,1.076e+3,,2.072e-16,1.718e-6,1.142e-13,1.023e-2,1.185e-8,1.075e+3,5.289e-16,8.128e-9
414.91,9.462e+2,,2.058e-16,1.838e-6,1.171e-13,2.397e-2,6.827e-9,9.462e+2,5.288e-16,6.593e-9
414.96,8.807e+2,,2.044e-16,1.911e-6,1.199e-13,5.452e-2,3.820e-9,8.807e+2,5.287e-16,5.631e-9
415.01,8.768e+2,,2.029e-16,1.931e-6,1.227e-13,1.205e-1,2.076e-9,8.766e+2,5.286e-16,5.108e-9
415.05,9.141e+2,,2.018e-16,1.906e-6,1.250e-13,2.226e-1,1.248e-9,9.139e+2,5.285e-16,4.943e-9
415.10,1.004e+3,,2.003e-16,1.827e-6,1.279e-13,4.672e-1,6.434e-10,1.004e+3,5.283e-16,4.996e-9
415.15,1.133e+3,,1.989e-16,1.702e-6,1.307e-13,9.526e-1,3.222e-10,1.132e+3,5.282e-16,5.284e-9
415.20,1.289e+3,,1.975e-16,1.540e-6,1.336e-13,1.887e+0,1.567e-10,1.287e+3,5.281e-16,5.754e-9
415.25,1.459e+3,,1.960e-16,1.354e-6,1.364e-13,3.632e+0,7.403e-11,1.456e+3,5.280e-16,6.359e-9
415.30,1.631e+3,,1.946e-16,1.156e-6,1.393e-13,6.791e+0,3.397e-11,1.624e+3,5.278e-16,7.055e-9
415.35,1.794e+3,,1.932e-16,9.587e-7,1.421e-13,1.234e+1,1.514e-11,1.781e+3,5.277e-16,7.812e-9
415.40,1.937e+3,,1.917e-16,7.725e-7,1.450e-13,2.177e+1,6.551e-12,1.916e+3,5.276e-16,8.626e-9
415.44,2.034e+3,,1.906e-16,6.366e-7,1.472e-13,3.360e+1,3.283e-12,2.001e+3,5.275e-16,9.344e-9
415.49,2.130e+3,,1.891e-16,4.869e-7,1.501e-13,5.631e+1,1.348e-12,2.074e+3,5.273e-16,1.041e-8
415.54,2.198e+3,,1.877e-16,3.618e-7,1.529e-13,9.167e+1,5.377e-13,2.106e+3,5.272e-16,1.183e-8
415.59,2.241e+3,,1.862e-16,2.612e-7,1.558e-13,1.450e+2,2.083e-13,2.096e+3,5.271e-16,1.389e-8
415.64,2.269e+3,,1.848e-16,1.832e-7,1.586e-13,2.229e+2,7.836e-14,2.046e+3,5.270e-16,1.704e-8
415.69,2.291e+3,,1.834e-16,1.248e-7,1.615e-13,3.328e+2,2.863e-14,1.959e+3,5.268e-16,2.185e-8
415.74,2.323e+3,,1.819e-16,8.258e-8,1.643e-13,4.828e+2,1.016e-14,1.840e+3,5.267e-16,2.908e-8
415.79,2.377e+3,,1.805e-16,5.309e-8,1.672e-13,6.805e+2,3.503e-15,1.696e+3,5.266e-16,3.960e-8
415.83,2.445e+3,,1.793e-16,3.652e-8,1.694e-13,8.771e+2,1.463e-15,1.568e+3,5.265e-16,5.107e-8
415.88,2.571e+3,,1.779e-16,2.228e-8,1.723e-13,1.174e+3,4.785e-16,1.397e+3,5.264e-16,7.006e-8
415.93,2.747e+3,,1.765e-16,1.321e-8,1.751e-13,1.526e+3,1.520e-16,1.221e+3,5.262e-16,9.508e-8
415.98,2.975e+3,,1.750e-16,7.608e-9,1.780e-13,1.928e+3,4.690e-17,1.047e+3,5.261e-16,1.268e-7
416.03,3.246e+3,,1.736e-16,4.257e-9,1.808e-13,2.367e+3,1.405e-17,8.793e+2,5.260e-16,1.657e-7
416.08,3.546e+3,,1.721e-16,2.314e-9,1.837e-13,2.823e+3,4.090e-18,7.235e+2,5.259e-16,2.113e-7
416.13,3.855e+3,,1.707e-16,1.222e-9,7.672e-13,3.272e+3,1.156e-18,5.828e+2,5.257e-16,2.629e-7
416.18,4.145e+3,,1.693e-16,6.266e-10,3.114e-12,3.686e+3,3.174e-19,4.592e+2,5.256e-16,3.186e-7
416.23,4.390e+3,,1.678e-16,3.122e-10,1.228e-11,4.037e+3,8.462e-20,3.538e+2,5.255e-16,3.762e-7
416.27,4.537e+3,,1.667e-16,1.751e-10,3.608e-11,4.254e+3,2.878e-20,2.824e+2,5.254e-16,4.215e-7
416.32,4.640e+3,,1.652e-16,8.284e-11,1.352e-10,4.432e+3,7.281e-21,2.086e+2,5.252e-16,4.745e-7
416.37,4.645e+3,,1.638e-16,3.806e-11,4.924e-10,4.494e+3,1.789e-21,1.505e+2,5.251e-16,5.202e-7
416.42,4.548e+3,,1.624e-16,1.699e-11,1.743e-9,4.442e+3,1.884e-21,1.059e+2,5.250e-16,5.555e-7
416.47,4.361e+3,,1.609e-16,7.368e-12,5.996e-9,4.288e+3,1.980e-21,7.289e+1,5.249e-16,5.780e-7
416.52,4.103e+3,,1.595e-16,3.104e-12,2.005e-8,4.054e+3,2.075e-21,4.914e+1,5.247e-16,5.861e-7
416.57,3.803e+3,,1.580e-16,1.270e-12,6.513e-8,3.770e+3,2.171e-21,3.272e+1,5.246e-16,5.794e-7
416.62,3.492e+3,,1.566e-16,5.049e-13,2.057e-7,3.470e+3,9.087e-21,2.199e+1,5.245e-16,5.585e-7
416.66,3.257e+3,,1.555e-16,2.364e-13,5.056e-7,3.240e+3,2.799e-20,1.662e+1,5.244e-16,5.328e-7
416.71,3.005e+3,,1.540e-16,8.922e-14,1.517e-6,2.992e+3,1.113e-19,1.312e+1,5.243e-16,4.913e-7
416.76,2.820e+3,,1.526e-16,3.271e-14,4.421e-6,2.807e+3,4.303e-19,1.264e+1,5.241e-16,4.423e-7
416.81,2.713e+3,,1.511e-16,1.165e-14,1.253e-5,2.698e+3,1.617e-18,1.490e+1,5.240e-16,3.890e-7
416.86,2.686e+3,,1.497e-16,4.030e-15,3.450e-5,2.666e+3,5.903e-18,1.992e+1,5.239e-16,3.345e-7
416.91,2.730e+3,,1.483e-16,1.354e-15,9.232e-5,2.702e+3,2.095e-17,2.790e+1,5.237e-16,2.814e-7
416.96,2.827e+3,,1.468e-16,4.422e-16,2.401e-4,2.788e+3,7.227e-17,3.922e+1,5.236e-16,2.319e-7
417.01,2.953e+3,,1.454e-16,1.402e-16,6.069e-4,2.899e+3,2.423e-16,5.425e+1,5.235e-16,1.874e-7
417.06,3.081e+3,,1.439e-16,4.321e-17,1.491e-3,3.008e+3,7.896e-16,7.331e+1,5.234e-16,1.490e-7
417.10,3.168e+3,,1.428e-16,1.650e-17,2.998e-3,3.076e+3,1.990e-15,9.157e+1,5.233e-16,1.228e-7
417.15,3.237e+3,,1.414e-16,4.827e-18,6.996e-3,3.119e+3,6.162e-15,1.181e+2,5.231e-16,9.557e-8
417.20,3.248e+3,,1.399e-16,1.371e-18,1.587e-2,3.099e+3,1.854e-14,1.483e+2,5.230e-16,7.399e-8
417.25,3.191e+3,,1.385e-16,3.785e-19,3.497e-2,3.009e+3,5.423e-14,1.816e+2,5.229e-16,5.738e-8
417.30,3.066e+3,,1.370e-16,1.015e-19,7.492e-2,2.849e+3,1.541e-13,2.170e+2,5.228e-16,4.489e-8
417.35,2.881e+3,,1.356e-16,2.644e-20,1.560e-1,2.627e+3,4.258e-13,2.534e+2,5.226e-16,3.568e-8
417.40,2.647e+3,,1.342e-16,6.690e-21,3.156e-1,2.357e+3,1.143e-12,2.899e+2,5.225e-16,2.895e-8
417.45,2.383e+3,,1.327e-16,1.645e-21,6.206e-1,2.056e+3,2.984e-12,3.258e+2,5.224e-16,2.400e-8
417.49,2.162e+3,,1.316e-16,5.242e-22,1.044e+0,1.807e+3,6.298e-12,3.539e+2,5.223e-16,2.096e-8
417.54,1.889e+3,,1.301e-16,5.226e-22,1.951e+0,1.498e+3,1.562e-11,3.887e+2,5.221e-16,1.794e-8
417.59,1.635e+3,,1.287e-16,5.209e-22,3.542e+0,1.207e+3,3.763e-11,4.240e+2,5.220e-16,1.548e-8
417.64,1.413e+3,,1.273e-16,5.192e-22,6.249e+0,9.455e+2,8.815e-11,4.614e+2,5.219e-16,1.339e-8
417.69,1.233e+3,,1.258e-16,5.176e-22,1.072e+1,7.195e+2,2.007e-10,5.028e+2,5.218e-16,1.156e-8
417.74,1.100e+3,,1.244e-16,5.159e-22,1.786e+1,5.321e+2,4.440e-10,5.501e+2,5.216e-16,9.912e-9
417.79,1.016e+3,,1.229e-16,5.142e-22,2.892e+1,3.824e+2,9.548e-10,6.046e+2,5.215e-16,8.451e-9
417.84,9.797e+2,,1.215e-16,5.125e-22,4.553e+1,2.670e+2,1.996e-9,6.672e+2,5.214e-16,7.179e-9
417.88,9.832e+2,,1.204e-16,5.112e-22,6.412e+1,1.962e+2,3.527e-9,7.228e+2,5.213e-16,6.309e-9
417.93,1.024e+3,,1.189e-16,5.095e-22,9.587e+1,1.301e+2,7.003e-9,7.984e+2,5.212e-16,5.416e-9
417.98,1.102e+3,,1.175e-16,5.079e-22,1.393e+2,8.385e+1,1.352e-8,8.789e+2,5.210e-16,4.740e-9
418.03,1.212e+3,,1.160e-16,5.062e-22,1.968e+2,5.250e+1,2.536e-8,9.622e+2,5.209e-16,4.276e-9
418.08,1.348e+3,,1.146e-16,5.045e-22,2.701e+2,3.194e+1,4.623e-8,1.046e+3,5.208e-16,4.005e-9
418.13,1.509e+3,,1.132e-16,5.029e-22,3.603e+2,1.888e+1,8.192e-8,1.130e+3,5.206e-16,3.897e-9
418.18,1.691e+3,,1.117e-16,5.012e-22,4.671e+2,1.084e+1,1.411e-7,1.213e+3,5.205e-16,3.918e-9
418.23,1.890e+3,,1.103e-16,4.995e-22,5.886e+2,6.052e+0,2.362e-7,1.295e+3,5.204e-16,4.026e-9
418.28,2.103e+3,,1.088e-16,4.979e-22,7.208e+2,3.282e+0,3.843e-7,1.379e+3,5.203e-16,4.182e-9
418.32,2.281e+3,,1.077e-16,4.965e-22,8.303e+2,1.971e+0,5.558e-7,1.449e+3,5.202e-16,4.316e-9
418.37,2.506e+3,,1.063e-16,4.949e-22,9.659e+2,1.015e+0,8.591e-7,1.539e+3,5.200e-16,4.468e-9
418.42,2.727e+3,,1.048e-16,4.932e-22,1.092e+3,5.078e-1,1.291e-6,1.635e+3,5.199e-16,4.581e-9
418.47,2.934e+3,,1.034e-16,4.915e-22,1.200e+3,2.469e-1,1.885e-6,1.734e+3,5.198e-16,4.639e-9
418.52,3.114e+3,,1.019e-16,4.899e-22,1.281e+3,1.167e-1,2.675e-6,1.833e+3,5.197e-16,4.635e-9
418.57,3.257e+3,,1.005e-16,4.882e-22,1.330e+3,5.356e-2,3.690e-6,1.927e+3,5.195e-16,4.571e-9
418.62,3.352e+3,,9.906e-17,4.865e-22,1.341e+3,2.389e-2,4.947e-6,2.011e+3,5.194e-16,4.454e-9
418.67,3.392e+3,,9.762e-17,4.849e-22,1.315e+3,1.036e-2,6.446e-6,2.077e+3,5.193e-16,4.297e-9
418.71,3.382e+3,,9.647e-17,4.835e-22,1.267e+3,5.197e-3,7.805e-6,2.115e+3,5.192e-16,4.151e-9
418.76,3.318e+3,,9.503e-17,4.819e-22,1.180e+3,2.139e-3,9.662e-6,2.137e+3,5.190e-16,3.954e-9
418.81,3.201e+3,,9.360e-17,4.802e-22,1.068e+3,8.555e-4,1.163e-5,2.133e+3,5.189e-16,3.754e-9
418.86,3.041e+3,,9.216e-17,4.785e-22,9.393e+2,3.325e-4,1.360e-5,2.102e+3,5.188e-16,3.562e-9
418.91,2.852e+3,,9.072e-17,4.769e-22,8.029e+2,1.255e-4,1.545e-5,2.049e+3,5.187e-16,3.386e-9
418.96,2.647e+3,,8.928e-17,4.752e-22,6.669e+2,4.607e-5,1.707e-5,1.980e+3,5.185e-16,3.235e-9
419.01,2.443e+3,,8.784e-17,4.735e-22,5.385e+2,1.642e-5,1.833e-5,1.905e+3,5.184e-16,3.112e-9
419.06,2.254e+3,,8.640e-17,4.719e-22,4.225e+2,5.690e-6,1.913e-5,1.832e+3,5.183e-16,3.022e-9
419.10,2.123e+3,,8.525e-17,4.705e-22,3.409e+2,2.387e-6,1.940e-5,1.782e+3,5.182e-16,2.974e-9
419.15,1.994e+3,,8.381e-17,4.689e-22,2.541e+2,7.852e-7,1.923e-5,1.740e+3,5.181e-16,2.942e-9
419.20,1.913e+3,,8.237e-17,4.672e-22,1.841e+2,2.510e-7,1.853e-5,1.729e+3,5.179e-16,2.937e-9
419.25,1.888e+3,,8.093e-17,4.655e-22,1.296e+2,7.796e-8,1.736e-5,1.758e+3,5.178e-16,2.950e-9
419.30,1.923e+3,,7.950e-17,4.639e-22,8.866e+1,2.353e-8,1.580e-5,1.835e+3,5.177e-16,2.971e-9
419.35,2.022e+3,,7.806e-17,4.622e-22,5.896e+1,6.901e-9,1.398e-5,1.963e+3,5.176e-16,2.986e-9
419.40,2.185e+3,,7.662e-17,4.605e-22,3.810e+1,1.966e-9,1.202e-5,2.147e+3,5.174e-16,2.982e-9
419.45,2.407e+3,,7.518e-17,4.589e-22,2.393e+1,5.445e-10,1.005e-5,2.383e+3,5.173e-16,2.949e-9
419.50,2.682e+3,,7.374e-17,4.572e-22,1.461e+1,1.465e-10,8.164e-6,2.668e+3,5.172e-16,2.878e-9
419.54,2.933e+3,,7.259e-17,4.558e-22,9.642e+0,5.020e-11,6.773e-6,2.923e+3,5.171e-16,2.792e-9
419.59,3.272e+3,,7.115e-17,4.542e-22,5.591e+0,1.283e-11,5.228e-6,3.267e+3,5.169e-16,2.649e-9
419.64,3.624e+3,,6.971e-17,4.525e-22,3.151e+0,3.184e-12,3.921e-6,3.621e+3,5.168e-16,2.474e-9
419.69,3.968e+3,,6.827e-17,4.508e-22,1.726e+0,3.164e-12,2.859e-6,3.967e+3,5.167e-16,2.278e-9
419.74,4.283e+3,,6.684e-17,4.492e-22,9.185e-1,3.145e-12,2.026e-6,4.282e+3,5.166e-16,2.078e-9
419.79,4.548e+3,,6.540e-17,4.475e-22,4.752e-1,3.125e-12,1.395e-6,4.547e+3,5.164e-16,1.890e-9
419.84,4.745e+3,,6.396e-17,4.458e-22,2.389e-1,3.106e-12,9.341e-7,4.744e+3,5.163e-16,1.731e-9
419.89,4.859e+3,,6.252e-17,4.442e-22,1.167e-1,3.086e-12,6.079e-7,4.859e+3,5.162e-16,1.615e-9
419.93,4.886e+3,,6.137e-17,4.428e-22,6.448e-2,3.070e-12,4.224e-7,4.886e+3,5.161e-16,1.561e-9
419.98,4.836e+3,,5.993e-17,4.412e-22,2.993e-2,3.051e-12,2.616e-7,4.836e+3,5.160e-16,1.548e-9
420.03,4.694e+3,,5.849e-17,4.395e-22,1.350e-2,3.031e-12,1.582e-7,4.694e+3,5.158e-16,1.597e-9
420.08,4.469e+3,,5.705e-17,4.378e-22,5.919e-3,3.011e-12,9.452e-8,4.469e+3,5.157e-16,1.703e-9
420.13,4.174e+3,,5.561e-17,4.362e-22,2.522e-3,2.992e-12,5.811e-8,4.174e+3,5.156e-16,1.860e-9
420.18,3.823e+3,,2.285e-16,4.345e-22,1.044e-3,2.972e-12,4.109e-8,3.823e+3,5.154e-16,2.056e-9
420.23,3.435e+3,,1.004e-15,4.328e-22,4.203e-4,2.953e-12,3.987e-8,3.435e+3,5.153e-16,2.277e-9
420.28,3.027e+3,,3.978e-15,4.312e-22,1.644e-4,2.933e-12,5.513e-8,3.027e+3,5.152e-16,2.511e-9
420.33,2.616e+3,,1.510e-14,4.295e-22,6.248e-5,2.913e-12,9.252e-8,2.616e+3,5.151e-16,2.747e-9
420.37,2.294e+3,,4.304e-14,4.282e-22,2.823e-5,2.898e-12,1.462e-7,2.294e+3,5.150e-16,2.932e-9
420.42,1.912e+3,,1.554e-13,4.265e-22,1.019e-5,2.878e-12,2.598e-7,1.912e+3,5.148e-16,3.153e-9
420.47,1.562e+3,,5.458e-13,4.248e-22,3.578e-6,2.859e-12,4.547e-7,1.562e+3,5.147e-16,3.365e-9
420.52,1.249e+3,,1.865e-12,4.232e-22,1.220e-6,2.839e-12,7.785e-7,1.249e+3,5.146e-16,3.571e-9
420.57,9.772e+2,,6.195e-12,4.215e-22,4.045e-7,2.819e-12,1.302e-6,9.772e+2,5.145e-16,3.777e-9
420.62,7.481e+2,,2.002e-11,4.198e-22,1.303e-7,2.800e-12,2.125e-6,7.481e+2,5.143e-16,3.991e-9
420.67,5.601e+2,,6.293e-11,4.182e-22,4.079e-8,2.780e-12,3.387e-6,5.601e+2,5.142e-16,4.216e-9
420.72,4.101e+2,,1.924e-10,4.165e-22,1.241e-8,2.760e-12,5.266e-6,4.101e+2,5.141e-16,4.452e-9
420.76,3.147e+2,,4.610e-10,4.152e-22,4.694e-9,2.745e-12,7.363e-6,3.147e+2,5.140e-16,4.646e-9
420.81,2.223e+2,,1.341e-9,4.135e-22,1.357e-9,2.725e-12,1.095e-5,2.223e+2,5.138e-16,4.885e-9
420.86,1.553e+2,,3.793e-9,4.118e-22,3.811e-10,2.706e-12,1.588e-5,1.553e+2,5.137e-16,5.103e-9
420.91,1.092e+2,,1.044e-8,4.102e-22,1.041e-10,2.686e-12,2.246e-5,1.092e+2,5.136e-16,5.280e-9
420.96,8.027e+1,,2.794e-8,4.085e-22,2.761e-11,2.666e-12,3.096e-5,8.027e+1,5.135e-16,5.394e-9
421.01,6.569e+1,,7.273e-8,4.068e-22,7.119e-12,2.647e-12,4.160e-5,6.569e+1,5.133e-16,5.427e-9
421.06,6.356e+1,,1.842e-7,4.052e-22,1.784e-12,2.627e-12,5.448e-5,6.356e+1,5.132e-16,5.366e-9
421.11,7.296e+1,,4.537e-7,4.035e-22,1.758e-12,2.608e-12,6.950e-5,7.296e+1,5.131e-16,5.212e-9
421.15,8.873e+1,,9.149e-7,4.022e-22,1.737e-12,2.592e-12,8.287e-5,8.873e+1,5.130e-16,5.027e-9
421.20,1.192e+2,,2.144e-6,4.005e-22,1.711e-12,2.572e-12,1.008e-4,1.192e+2,5.129e-16,4.744e-9
421.25,1.627e+2,,4.889e-6,3.988e-22,1.685e-12,2.553e-12,1.195e-4,1.627e+2,5.127e-16,4.439e-9
421.30,2.202e+2,,1.084e-5,3.971e-22,1.659e-12,2.533e-12,1.379e-4,2.202e+2,5.126e-16,4.168e-9
421.35,2.927e+2,,2.340e-5,3.955e-22,1.633e-12,2.513e-12,1.549e-4,2.927e+2,5.125e-16,4.005e-9
421.40,3.805e+2,,4.910e-5,3.938e-22,1.607e-12,2.494e-12,1.693e-4,3.805e+2,5.123e-16,4.037e-9
421.45,4.831e+2,,1.003e-4,3.921e-22,1.581e-12,2.474e-12,1.802e-4,4.831e+2,5.122e-16,4.365e-9
421.50,5.988e+2,,1.991e-4,3.905e-22,1.554e-12,2.455e-12,1.866e-4,5.988e+2,5.121e-16,5.106e-9
421.55,7.244e+2,,3.848e-4,3.888e-22,1.528e-12,2.435e-12,1.880e-4,7.244e+2,5.120e-16,6.383e-9
421.59,8.291e+2,,6.390e-4,3.875e-22,1.508e-12,2.419e-12,1.855e-4,8.290e+2,5.119e-16,7.872e-9
421.64,9.608e+2,,1.175e-3,3.858e-22,1.481e-12,2.400e-12,1.779e-4,9.608e+2,5.117e-16,1.042e-8
421.69,1.088e+3,,2.102e-3,3.841e-22,1.455e-12,2.380e-12,1.660e-4,1.088e+3,5.116e-16,1.380e-8
421.74,1.205e+3,,3.659e-3,3.825e-22,1.429e-12,2.360e-12,1.507e-4,1.205e+3,5.115e-16,1.808e-8
421.79,1.307e+3,,6.197e-3,3.808e-22,1.403e-12,2.341e-12,1.330e-4,1.307e+3,5.114e-16,2.324e-8
421.84,1.390e+3,,1.021e-2,3.791e-22,1.377e-12,2.321e-12,1.142e-4,1.390e+3,5.112e-16,2.917e-8
421.89,1.454e+3,,1.637e-2,3.775e-22,1.351e-12,2.302e-12,9.543e-5,1.454e+3,5.111e-16,3.570e-8
421.94,1.501e+3,,2.552e-2,3.758e-22,1.325e-12,2.282e-12,7.752e-5,1.501e+3,5.110e-16,4.254e-8
421.98,1.529e+3,,3.571e-2,3.745e-22,1.304e-12,2.266e-12,6.435e-5,1.529e+3,5.109e-16,4.799e-8
422.03,1.557e+3,,5.301e-2,3.728e-22,1.278e-12,2.247e-12,4.972e-5,1.557e+3,5.107e-16,5.443e-8
422.08,1.587e+3,,7.657e-2,3.711e-22,1.252e-12,2.227e-12,3.735e-5,1.587e+3,5.106e-16,6.003e-8
422.13,1.626e+3,,1.076e-1,3.695e-22,1.226e-12,2.207e-12,2.729e-5,1.626e+3,5.105e-16,6.438e-8
422.18,1.683e+3,,1.471e-1,3.678e-22,1.200e-12,2.188e-12,1.939e-5,1.683e+3,5.104e-16,6.714e-8
422.23,1.764e+3,,1.958e-1,3.661e-22,1.173e-12,2.168e-12,1.340e-5,1.764e+3,5.102e-16,6.809e-8
422.28,1.874e+3,,2.535e-1,3.645e-22,1.147e-12,2.149e-12,9.002e-6,1.874e+3,5.101e-16,6.714e-8
422.33,2.012e+3,,3.193e-1,3.628e-22,1.121e-12,2.129e-12,5.881e-6,2.011e+3,5.100e-16,6.437e-8
422.37,2.138e+3,,3.766e-1,3.615e-22,1.100e-12,2.113e-12,4.100e-6,2.138e+3,5.099e-16,6.100e-8
422.42,2.310e+3,,4.516e-1,3.598e-22,1.074e-12,2.094e-12,2.546e-6,2.309e+3,5.098e-16,5.560e-8
422.47,2.486e+3,,5.271e-1,3.581e-22,1.048e-12,2.074e-12,1.538e-6,2.485e+3,5.096e-16,4.929e-8
422.52,2.652e+3,,5.985e-1,3.565e-22,1.022e-12,2.054e-12,9.031e-7,2.652e+3,5.095e-16,4.248e-8
422.57,2.795e+3,,6.614e-1,3.548e-22,9.960e-13,2.035e-12,5.157e-7,2.794e+3,5.094e-16,3.560e-8
422.62,2.900e+3,,7.112e-1,3.531e-22,9.699e-13,2.015e-12,2.863e-7,2.900e+3,5.092e-16,2.902e-8
422.67,2.959e+3,,7.442e-1,3.515e-22,9.438e-13,1.996e-12,1.545e-7,2.958e+3,5.091e-16,2.300e-8
422.72,2.966e+3,,7.577e-1,3.498e-22,9.177e-13,1.976e-12,8.111e-8,2.965e+3,5.090e-16,1.774e-8
422.77,2.921e+3,,7.508e-1,3.481e-22,8.916e-13,1.956e-12,4.139e-8,2.920e+3,5.089e-16,1.333e-8
422.81,2.851e+3,,7.308e-1,3.468e-22,8.708e-13,1.941e-12,2.368e-8,2.851e+3,5.088e-16,1.042e-8
422.86,2.731e+3,,6.895e-1,3.451e-22,8.447e-13,1.921e-12,1.149e-8,2.731e+3,5.086e-16,7.533e-9
422.91,2.588e+3,,6.330e-1,3.434e-22,8.186e-13,1.902e-12,5.419e-9,2.587e+3,5.085e-16,5.408e-9
422.96,2.437e+3,,5.655e-1,3.418e-22,7.925e-13,1.882e-12,2.485e-9,2.437e+3,5.084e-16,3.961e-9
423.01,2.296e+3,,4.917e-1,3.401e-22,7.664e-13,1.862e-12,1.108e-9,2.295e+3,5.083e-16,3.114e-9
423.06,2.177e+3,,4.160e-1,3.384e-22,7.403e-13,1.843e-12,4.813e-10,2.177e+3,5.081e-16,2.807e-9
423.11,2.093e+3,,3.425e-1,3.368e-22,7.142e-13,1.823e-12,2.048e-10,2.093e+3,5.080e-16,3.010e-9
423.16,2.049e+3,,2.744e-1,3.351e-22,6.881e-13,1.803e-12,8.877e-11,2.049e+3,5.079e-16,3.719e-9
423.20,2.043e+3,,2.254e-1,3.338e-22,6.672e-13,1.788e-12,5.162e-11,2.043e+3,5.078e-16,4.666e-9
423.25,2.069e+3,,1.719e-1,3.321e-22,6.411e-13,1.768e-12,4.355e-11,2.068e+3,5.076e-16,6.359e-9
423.30,2.124e+3,,1.276e-1,3.304e-22,6.150e-13,1.749e-12,7.080e-11,2.124e+3,5.075e-16,8.660e-9
423.35,2.198e+3,,9.221e-2,3.288e-22,5.889e-13,1.729e-12,1.486e-10,2.198e+3,5.074e-16,1.160e-8
423.40,2.278e+3,,6.483e-2,3.271e-22,5.628e-13,1.709e-12,3.225e-10,2.278e+3,5.073e-16,1.519e-8
423.45,2.351e+3,,4.435e-2,3.254e-22,5.367e-13,1.690e-12,6.888e-10,2.351e+3,5.071e-16,1.938e-8
423.50,2.405e+3,,2.953e-2,3.238e-22,5.106e-13,1.670e-12,1.436e-9,2.405e+3,5.070e-16,2.409e-8
423.55,2.431e+3,,1.913e-2,3.221e-22,4.846e-13,1.651e-12,2.916e-9,2.431e+3,5.069e-16,2.914e-8
423.60,2.423e+3,,1.206e-2,3.204e-22,4.585e-13,1.631e-12,5.773e-9,2.423e+3,5.068e-16,3.431e-8
423.64,2.388e+3,,8.174e-3,3.191e-22,4.376e-13,1.615e-12,9.787e-9,2.388e+3,5.067e-16,3.835e-8
423.69,2.312e+3,,4.906e-3,3.174e-22,4.115e-13,1.596e-12,1.850e-8,2.312e+3,5.065e-16,4.301e-8
423.74,2.199e+3,,2.865e-3,3.158e-22,3.854e-13,1.576e-12,3.409e-8,2.199e+3,5.064e-16,4.699e-8
423.79,2.057e+3,,1.628e-3,3.141e-22,3.593e-13,1.556e-12,6.124e-8,2.057e+3,5.063e-16,4.999e-8
423.84,1.891e+3,,9.006e-4,3.124e-22,3.332e-13,1.537e-12,1.073e-7,1.891e+3,5.062e-16,5.184e-8
423.89,1.710e+3,,4.846e-4,3.108e-22,3.071e-13,1.517e-12,1.833e-7,1.710e+3,5.060e-16,5.242e-8
423.94,1.522e+3,,2.537e-4,3.091e-22,2.810e-13,1.498e-12,3.056e-7,1.522e+3,5.059e-16,5.174e-8
423.99,1.338e+3,,1.293e-4,3.074e-22,2.549e-13,1.478e-12,4.969e-7,1.338e+3,5.058e-16,4.991e-8
424.03,1.197e+3,,7.390e-5,3.061e-22,2.340e-13,1.462e-12,7.202e-7,1.197e+3,5.057e-16,4.777e-8
424.08,1.038e+3,,3.584e-5,3.044e-22,2.079e-13,1.443e-12,1.121e-6,1.038e+3,5.055e-16,4.447e-8
424.13,9.042e+2,,1.691e-5,3.028e-22,8.280e-13,1.423e-12,1.702e-6,9.042e+2,5.054e-16,4.080e-8
424.18,8.008e+2,,7.765e-6,3.011e-22,3.208e-12,1.403e-12,2.523e-6,8.008e+2,5.053e-16,3.708e-8
424.23,7.334e+2,,3.469e-6,2.994e-22,1.209e-11,1.384e-12,3.650e-6,7.334e+2,5.052e-16,3.364e-8
424.28,7.061e+2,,1.508e-6,2.978e-22,4.434e-11,1.364e-12,5.156e-6,7.061e+2,5.050e-16,3.073e-8
424.33,7.216e+2,,6.377e-7,2.961e-22,1.582e-10,1.345e-12,7.110e-6,7.216e+2,5.049e-16,2.855e-8
424.38,7.812e+2,,2.624e-7,2.944e-22,5.491e-10,1.325e-12,9.573e-6,7.812e+2,5.048e-16,2.723e-8
424.42,8.608e+2,,1.264e-7,2.931e-22,1.457e-9,1.309e-12,1.194e-5,8.608e+2,5.047e-16,2.681e-8
424.47,9.987e+2,,4.951e-8,2.914e-22,4.813e-9,1.290e-12,1.539e-5,9.987e+2,5.046e-16,2.706e-8
424.52,1.176e+3,,1.886e-8,2.898e-22,1.547e-8,1.270e-12,1.938e-5,1.176e+3,5.044e-16,2.807e-8
424.57,1.388e+3,,6.992e-9,2.881e-22,4.838e-8,1.250e-12,2.382e-5,1.388e+3,5.043e-16,2.967e-8
424.62,1.626e+3,,2.522e-9,2.864e-22,1.472e-7,1.231e-12,2.859e-5,1.626e+3,5.042e-16,3.165e-8
424.67,1.881e+3,,8.846e-10,2.847e-22,4.356e-7,1.211e-12,3.348e-5,1.881e+3,5.040e-16,3.377e-8
424.72,2.141e+3,,3.019e-10,2.831e-22,1.254e-6,1.192e-12,3.828e-5,2.141e+3,5.039e-16,3.581e-8
424.77,2.391e+3,,1.003e-10,2.814e-22,3.514e-6,1.172e-12,4.271e-5,2.391e+3,5.038e-16,3.751e-8
424.82,2.618e+3,,3.239e-11,2.797e-22,9.579e-6,1.152e-12,4.651e-5,2.618e+3,5.037e-16,3.869e-8
424.86,2.772e+3,,1.286e-11,2.784e-22,2.095e-5,1.137e-12,4.893e-5,2.772e+3,5.036e-16,3.916e-8
424.91,2.921e+3,,3.952e-12,2.767e-22,5.434e-5,1.117e-12,5.099e-5,2.921e+3,5.034e-16,3.908e-8
424.96,3.010e+3,,1.182e-12,2.751e-22,1.371e-4,1.098e-12,5.186e-5,3.010e+3,5.033e-16,3.824e-8
425.01,3.034e+3,,3.438e-13,2.734e-22,3.368e-4,1.078e-12,5.148e-5,3.034e+3,5.032e-16,3.667e-8
425.06,2.989e+3,,9.728e-14,2.717e-22,8.045e-4,1.058e-12,4.988e-5,2.989e+3,5.031e-16,3.447e-8
425.11,2.882e+3,,2.678e-14,2.701e-22,1.870e-3,1.039e-12,4.719e-5,2.882e+3,5.029e-16,3.179e-8
425.16,2.720e+3,,7.170e-15,2.684e-22,4.228e-3,1.019e-12,4.363e-5,2.720e+3,5.028e-16,2.880e-8
425.21,2.519e+3,,1.769e-15,2.667e-22,9.302e-3,9.995e-13,3.943e-5,2.519e+3,5.027e-16,2.567e-8
425.25,2.343e+3,,5.927e-16,2.654e-22,1.714e-2,9.838e-13,3.581e-5,2.343e+3,5.026e-16,2.318e-8
425.30,2.120e+3,,1.085e-16,2.637e-22,3.588e-2,9.642e-13,3.119e-5,2.120e+3,5.024e-16,2.020e-8
425.35,1.914e+3,,1.079e-16,2.621e-22,7.309e-2,9.446e-13,2.670e-5,1.914e+3,5.023e-16,1.748e-8
425.40,1.747e+3,,1.073e-16,2.604e-22,1.449e-1,9.250e-13,2.255e-5,1.747e+3,5.022e-16,1.510e-8
425.45,1.636e+3,,1.068e-16,2.587e-22,2.793e-1,9.053e-13,1.888e-5,1.636e+3,5.021e-16,1.312e-8
425.50,1.595e+3,,1.062e-16,2.571e-22,5.240e-1,8.857e-13,1.577e-5,1.594e+3,5.019e-16,1.154e-8
425.55,1.632e+3,,1.056e-16,2.554e-22,9.563e-1,8.661e-13,1.325e-5,1.631e+3,5.018e-16,1.037e-8
425.60,1.750e+3,,1.050e-16,2.537e-22,1.698e+0,8.465e-13,1.129e-5,1.748e+3,5.017e-16,9.589e-9
425.65,1.943e+3,,1.044e-16,2.521e-22,2.933e+0,8.269e-13,9.820e-6,1.940e+3,5.016e-16,9.154e-9
425.69,2.144e+3,,1.040e-16,2.507e-22,4.454e+0,8.112e-13,8.940e-6,2.140e+3,5.015e-16,9.026e-9
425.74,2.440e+3,,1.034e-16,2.491e-22,7.322e+0,7.916e-13,8.123e-6,2.432e+3,5.013e-16,9.097e-9
425.79,2.763e+3,,1.028e-16,2.474e-22,1.171e+1,7.720e-13,7.528e-6,2.751e+3,5.012e-16,9.369e-9
425.84,3.087e+3,,1.022e-16,2.457e-22,1.823e+1,7.524e-13,7.063e-6,3.069e+3,5.011e-16,9.778e-9
425.89,3.386e+3,,1.017e-16,2.441e-22,2.760e+1,7.328e-13,6.655e-6,3.359e+3,5.009e-16,1.026e-8
425.94,3.635e+3,,1.011e-16,2.424e-22,4.066e+1,7.132e-13,6.248e-6,3.594e+3,5.008e-16,1.073e-8
425.99,3.811e+3,,1.005e-16,2.407e-22,5.827e+1,6.936e-13,5.812e-6,3.753e+3,5.007e-16,1.115e-8
426.04,3.902e+3,,9.992e-17,2.391e-22,8.124e+1,6.739e-13,5.336e-6,3.820e+3,5.006e-16,1.144e-8
426.08,3.907e+3,,9.946e-17,2.377e-22,1.039e+2,6.583e-13,4.932e-6,3.804e+3,5.005e-16,1.156e-8
426.13,3.834e+3,,9.888e-17,2.361e-22,1.379e+2,6.387e-13,4.414e-6,3.696e+3,5.003e-16,1.153e-8
426.18,3.679e+3,,9.830e-17,2.344e-22,1.780e+2,6.190e-13,3.910e-6,3.501e+3,5.002e-16,1.130e-8
426.23,3.463e+3,,9.772e-17,2.327e-22,2.236e+2,5.994e-13,3.456e-6,3.240e+3,5.001e-16,1.088e-8
426.28,3.209e+3,,9.714e-17,2.310e-22,2.733e+2,5.798e-13,3.088e-6,2.936e+3,5.000e-16,1.028e-8
426.33,2.943e+3,,9.656e-17,2.294e-22,3.250e+2,5.602e-13,2.838e-6,2.618e+3,4.998e-16,9.549e-9
426.38,2.695e+3,,9.598e-17,2.277e-22,3.759e+2,5.406e-13,2.734e-6,2.319e+3,4.997e-16,8.745e-9
426.43,2.490e+3,,9.540e-17,2.260e-22,4.230e+2,5.210e-13,2.793e-6,2.067e+3,4.996e-16,7.927e-9
426.47,2.373e+3,,9.494e-17,2.247e-22,4.558e+2,1.592e-12,2.965e-6,1.917e+3,4.995e-16,7.306e-9
426.52,2.304e+3,,9.436e-17,2.230e-22,4.882e+2,6.277e-12,3.332e-6,1.816e+3,4.993e-16,6.626e-9
426.57,2.334e+3,,9.378e-17,2.214e-22,5.088e+2,2.408e-11,3.854e-6,1.825e+3,4.992e-16,6.109e-9
426.62,2.473e+3,,9.320e-17,2.197e-22,5.158e+2,8.993e-11,4.504e-6,1.957e+3,4.991e-16,5.815e-9
426.67,2.724e+3,,9.262e-17,2.180e-22,5.088e+2,3.268e-10,5.243e-6,2.215e+3,4.990e-16,5.796e-9
426.72,3.083e+3,,9.204e-17,2.164e-22,4.882e+2,1.156e-9,6.020e-6,2.594e+3,4.988e-16,6.095e-9
426.77,3.537e+3,,9.146e-17,2.147e-22,4.558e+2,3.978e-9,6.780e-6,3.081e+3,4.987e-16,6.747e-9
426.82,4.067e+3,,9.088e-17,2.130e-22,4.141e+2,1.333e-8,7.462e-6,3.653e+3,4.986e-16,7.774e-9
426.87,4.642e+3,,9.030e-17,2.114e-22,3.659e+2,4.344e-8,8.011e-6,4.276e+3,4.985e-16,9.174e-9
426.91,5.110e+3,,8.983e-17,2.100e-22,3.250e+2,1.096e-7,8.321e-6,4.785e+3,4.984e-16,1.055e-8
426.96,5.673e+3,,8.925e-17,2.084e-22,2.734e+2,3.403e-7,8.520e-6,5.399e+3,4.982e-16,1.254e-8
427.01,6.169e+3,,8.867e-17,2.067e-22,2.239e+2,1.028e-6,8.492e-6,5.946e+3,4.981e-16,1.475e-8
427.06,6.560e+3,,8.809e-17,2.050e-22,1.785e+2,3.023e-6,8.237e-6,6.381e+3,4.980e-16,1.707e-8
427.11,6.809e+3,,8.751e-17,2.034e-22,1.387e+2,8.650e-6,7.774e-6,6.670e+3,4.979e-16,1.937e-8
427.16,6.894e+3,,8.693e-17,2.017e-22,1.052e+2,2.409e-5,7.140e-6,6.789e+3,4.977e-16,2.148e-8
427.21,6.804e+3,,8.636e-17,2.000e-22,7.840e+1,6.528e-5,6.381e-6,6.726e+3,4.976e-16,2.324e-8
427.26,6.544e+3,,8.578e-17,1.984e-22,5.801e+1,1.722e-4,5.549e-6,6.486e+3,4.975e-16,2.452e-8
427.30,6.225e+3,,8.531e-17,1.970e-22,4.605e+1,3.668e-4,4.867e-6,6.179e+3,4.974e-16,2.512e-8
427.35,5.713e+3,,8.473e-17,1.954e-22,3.616e+1,9.213e-4,4.031e-6,5.676e+3,4.972e-16,2.528e-8
427.40,5.109e+3,,8.415e-17,1.937e-22,3.148e+1,2.252e-3,3.254e-6,5.078e+3,4.971e-16,2.477e-8
427.45,4.456e+3,,8.357e-17,1.920e-22,3.177e+1,5.357e-3,2.563e-6,4.424e+3,4.970e-16,2.363e-8
427.50,3.795e+3,,8.299e-17,1.904e-22,3.700e+1,1.240e-2,1.979e-6,3.758e+3,4.969e-16,2.195e-8
427.55,3.163e+3,,8.241e-17,1.887e-22,4.746e+1,2.795e-2,1.513e-6,3.116e+3,4.967e-16,1.987e-8
427.60,2.591e+3,,8.183e-17,1.870e-22,6.371e+1,6.128e-2,1.169e-6,2.528e+3,4.966e-16,1.753e-8
427.65,2.101e+3,,8.125e-17,1.854e-22,8.663e+1,1.308e-1,9.496e-7,2.015e+3,4.965e-16,1.511e-8
427.69,1.777e+3,,8.079e-17,1.840e-22,1.105e+2,2.352e-1,8.656e-7,1.666e+3,4.964e-16,1.323e-8
427.74,1.461e+3,,8.021e-17,1.824e-22,1.487e+2,4.780e-1,8.803e-7,1.312e+3,4.963e-16,1.106e-8
427.79,1.243e+3,,7.963e-17,1.807e-22,1.976e+2,9.456e-1,1.039e-6,1.045e+3,4.961e-16,9.218e-9
427.84,1.118e+3,,7.905e-17,1.790e-22,2.594e+2,1.820e+0,1.359e-6,8.566e+2,4.960e-16,7.815e-9
427.89,1.076e+3,,7.847e-17,1.774e-22,3.366e+2,3.411e+0,1.866e-6,7.361e+2,4.959e-16,6.932e-9
427.94,1.108e+3,,7.789e-17,1.757e-22,4.321e+2,6.221e+0,2.585e-6,6.693e+2,4.957e-16,6.630e-9
427.99,1.202e+3,,7.731e-17,1.740e-22,5.494e+2,1.104e+1,3.545e-6,6.418e+2,4.956e-16,6.951e-9
428.04,1.351e+3,,7.673e-17,1.723e-22,6.921e+2,1.908e+1,4.769e-6,6.400e+2,4.955e-16,7.922e-9
428.09,1.548e+3,,7.615e-17,1.707e-22,8.641e+2,3.208e+1,6.268e-6,6.516e+2,4.954e-16,9.545e-9
428.13,1.737e+3,,7.569e-17,1.693e-22,1.025e+3,4.770e+1,7.660e-6,6.636e+2,4.953e-16,1.130e-8
428.18,2.011e+3,,7.511e-17,1.677e-22,1.260e+3,7.642e+1,9.622e-6,6.748e+2,4.951e-16,1.402e-8
428.23,2.328e+3,,7.453e-17,1.660e-22,1.533e+3,1.192e+2,1.178e-5,6.764e+2,4.950e-16,1.724e-8
428.28,2.692e+3,,7.395e-17,1.643e-22,1.846e+3,1.810e+2,1.406e-5,6.648e+2,4.949e-16,2.083e-8
428.33,3.105e+3,,7.337e-17,1.627e-22,2.199e+3,2.676e+2,1.636e-5,6.388e+2,4.948e-16,2.461e-8
428.38,3.574e+3,,7.279e-17,1.610e-22,2.589e+3,3.854e+2,1.856e-5,5.990e+2,4.946e-16,2.836e-8
428.43,4.100e+3,,7.221e-17,1.593e-22,3.011e+3,5.405e+2,2.055e-5,5.482e+2,4.945e-16,3.184e-8
428.48,4.684e+3,,7.163e-17,1.577e-22,3.456e+3,7.383e+2,2.220e-5,4.898e+2,4.944e-16,3.482e-8
428.52,5.190e+3,,7.116e-17,1.563e-22,3.820e+3,9.300e+2,2.321e-5,4.404e+2,4.943e-16,3.670e-8
428.57,5.866e+3,,7.058e-17,1.547e-22,4.274e+3,1.213e+3,2.402e-5,3.792e+2,4.941e-16,3.824e-8
428.62,6.575e+3,,7.001e-17,1.530e-22,4.711e+3,1.541e+3,2.430e-5,3.223e+2,4.940e-16,3.881e-8
428.67,7.297e+3,,6.943e-17,1.513e-22,5.114e+3,1.910e+3,2.403e-5,2.734e+2,4.939e-16,3.837e-8
428.72,8.010e+3,,6.885e-17,1.497e-22,5.465e+3,2.309e+3,2.325e-5,2.356e+2,4.938e-16,3.698e-8
428.77,8.685e+3,,6.827e-17,1.480e-22,5.748e+3,2.726e+3,2.203e-5,2.109e+2,4.936e-16,3.479e-8
428.82,9.293e+3,,6.769e-17,1.463e-22,5.950e+3,3.143e+3,2.047e-5,2.008e+2,4.935e-16,3.202e-8
428.87,9.809e+3,,6.711e-17,1.447e-22,6.062e+3,3.542e+3,1.867e-5,2.059e+2,4.934e-16,2.895e-8
428.92,1.021e+4,,6.653e-17,1.430e-22,6.081e+3,3.906e+3,1.676e-5,2.263e+2,4.933e-16,2.587e-8
428.96,1.045e+4,,6.606e-17,1.417e-22,6.031e+3,4.161e+3,1.523e-5,2.531e+2,4.932e-16,2.362e-8
429.01,1.062e+4,,6.548e-17,1.400e-22,5.894e+3,4.427e+3,1.341e-5,2.987e+2,4.930e-16,2.129e-8
429.06,1.067e+4,,6.490e-17,1.383e-22,5.685e+3,4.627e+3,1.177e-5,3.564e+2,4.929e-16,1.974e-8
429.11,1.061e+4,,6.432e-17,1.367e-22,5.421e+3,4.763e+3,1.039e-5,4.240e+2,4.928e-16,1.914e-8
429.16,1.046e+4,,6.374e-17,1.350e-22,5.120e+3,4.841e+3,9.312e-6,4.993e+2,4.926e-16,1.963e-8
429.21,1.025e+4,,6.316e-17,1.333e-22,4.799e+3,4.876e+3,8.567e-6,5.798e+2,4.925e-16,2.122e-8
429.26,1.002e+4,,6.258e-17,1.317e-22,4.475e+3,4.886e+3,8.149e-6,6.633e+2,4.924e-16,2.387e-8
429.31,9.804e+3,,6.200e-17,1.300e-22,4.158e+3,4.898e+3,8.030e-6,7.479e+2,4.923e-16,2.746e-8
429.35,9.658e+3,,6.154e-17,1.287e-22,3.917e+3,4.926e+3,8.119e-6,8.155e+2,4.922e-16,3.086e-8
429.40,9.536e+3,,6.096e-17,1.270e-22,3.630e+3,5.007e+3,8.403e-6,8.988e+2,4.920e-16,3.553e-8
429.45,9.505e+3,,6.038e-17,1.253e-22,3.361e+3,5.163e+3,8.806e-6,9.805e+2,4.919e-16,4.037e-8
429.50,9.583e+3,,5.980e-17,1.237e-22,3.106e+3,5.417e+3,9.243e-6,1.060e+3,4.918e-16,4.504e-8
429.55,9.776e+3,,5.922e-17,1.220e-22,2.858e+3,5.781e+3,9.632e-6,1.137e+3,4.917e-16,4.920e-8
429.60,1.008e+4,,5.864e-17,1.203e-22,2.613e+3,6.259e+3,9.900e-6,1.210e+3,4.915e-16,5.256e-8
429.65,1.049e+4,,5.806e-17,1.186e-22,2.366e+3,6.843e+3,9.989e-6,1.278e+3,4.914e-16,5.493e-8
429.70,1.096e+4,,5.748e-17,1.170e-22,2.117e+3,7.508e+3,9.864e-6,1.339e+3,4.913e-16,5.622e-8
429.74,1.137e+4,,5.702e-17,1.156e-22,1.915e+3,8.074e+3,9.603e-6,1.381e+3,4.912e-16,5.651e-8
429.79,1.187e+4,,5.644e-17,1.140e-22,1.665e+3,8.786e+3,9.081e-6,1.422e+3,4.910e-16,5.607e-8
429.84,1.232e+4,,5.586e-17,1.123e-22,1.419e+3,9.452e+3,8.372e-6,1.452e+3,4.909e-16,5.503e-8
429.89,1.267e+4,,5.528e-17,1.106e-22,1.185e+3,1.002e+4,7.519e-6,1.469e+3,4.908e-16,5.373e-8
429.94,1.288e+4,,5.470e-17,1.090e-22,9.678e+2,1.043e+4,6.577e-6,1.478e+3,4.907e-16,5.257e-8
429.99,1.291e+4,,5.412e-17,1.073e-22,7.720e+2,1.065e+4,5.602e-6,1.485e+3,4.905e-16,5.194e-8
430.04,1.275e+4,,5.354e-17,1.056e-22,6.011e+2,1.065e+4,4.645e-6,1.501e+3,4.904e-16,5.215e-8
430.09,1.243e+4,,5.296e-17,1.040e-22,4.565e+2,1.043e+4,3.749e-6,1.538e+3,4.903e-16,5.340e-8
430.14,1.195e+4,,5.238e-17,1.023e-22,3.380e+2,1.000e+4,2.945e-6,1.613e+3,4.902e-16,5.577e-8
430.18,1.150e+4,,5.192e-17,1.010e-22,2.609e+2,9.530e+3,2.382e-6,1.711e+3,4.901e-16,5.842e-8
430.23,1.089e+4,,5.134e-17,9.930e-23,1.843e+2,8.817e+3,1.782e-6,1.894e+3,4.899e-16,6.251e-8
430.28,1.030e+4,,5.076e-17,9.764e-23,1.268e+2,8.018e+3,1.298e-6,2.153e+3,4.898e-16,6.722e-8
430.33,9.768e+3,,5.018e-17,9.597e-23,8.502e+1,7.188e+3,9.203e-7,2.495e+3,4.897e-16,7.221e-8
430.38,9.351e+3,,4.960e-17,9.430e-23,5.548e+1,6.379e+3,6.350e-7,2.917e+3,4.895e-16,7.717e-8
430.43,9.077e+3,,4.902e-17,9.263e-23,3.525e+1,5.633e+3,4.265e-7,3.408e+3,4.894e-16,8.183e-8
430.48,8.952e+3,,4.844e-17,9.097e-23,2.180e+1,4.983e+3,2.788e-7,3.947e+3,4.893e-16,8.601e-8
430.53,8.961e+3,,4.786e-17,8.930e-23,1.313e+1,4.444e+3,1.774e-7,4.504e+3,4.892e-16,8.961e-8
430.57,9.044e+3,,4.739e-17,8.796e-23,8.580e+0,4.097e+3,1.213e-7,4.938e+3,4.891e-16,9.209e-8
430.62,9.203e+3,,4.681e-17,8.630e-23,4.921e+0,3.765e+3,7.375e-8,5.433e+3,4.889e-16,9.473e-8
430.67,9.377e+3,,4.623e-17,8.463e-23,2.748e+0,3.535e+3,4.403e-8,5.839e+3,4.888e-16,9.696e-8
430.72,9.515e+3,,4.565e-17,8.296e-23,1.493e+0,3.390e+3,2.632e-8,6.123e+3,4.887e-16,9.884e-8
430.77,9.574e+3,,4.507e-17,8.129e-23,7.898e-1,3.314e+3,1.673e-8,6.259e+3,4.886e-16,1.004e-7
430.82,9.525e+3,,4.449e-17,7.963e-23,4.066e-1,3.292e+3,1.287e-8,6.233e+3,4.884e-16,1.015e-7
430.87,9.355e+3,,4.391e-17,7.796e-23,2.037e-1,3.310e+3,1.367e-8,6.045e+3,4.883e-16,1.020e-7
430.92,9.069e+3,,4.333e-17,7.629e-23,9.935e-2,3.360e+3,1.918e-8,5.709e+3,4.882e-16,1.018e-7
430.97,8.684e+3,,4.276e-17,7.462e-23,4.716e-2,3.434e+3,3.054e-8,5.250e+3,4.881e-16,1.005e-7
431.01,8.322e+3,,4.229e-17,7.329e-23,2.548e-2,3.507e+3,4.531e-8,4.815e+3,4.880e-16,9.856e-8
431.06,7.829e+3,,4.171e-17,7.162e-23,1.152e-2,3.610e+3,7.371e-8,4.219e+3,4.878e-16,9.488e-8
431.11,7.319e+3,,4.113e-17,6.995e-23,5.068e-3,3.720e+3,1.175e-7,3.599e+3,4.877e-16,8.977e-8
431.16,6.816e+3,,4.055e-17,6.829e-23,2.170e-3,3.828e+3,1.827e-7,2.988e+3,4.876e-16,8.329e-8
431.21,6.337e+3,,3.997e-17,6.662e-23,9.045e-4,3.921e+3,2.767e-7,2.415e+3,4.874e-16,7.567e-8
431.26,5.889e+3,,3.939e-17,6.495e-23,3.669e-4,3.988e+3,4.081e-7,1.901e+3,4.873e-16,6.722e-8
431.31,5.473e+3,,3.881e-17,6.328e-23,1.448e-4,4.016e+3,5.859e-7,1.457e+3,4.872e-16,5.833e-8
431.36,5.080e+3,,3.823e-17,6.162e-23,5.566e-5,3.993e+3,8.191e-7,1.087e+3,4.871e-16,4.939e-8
431.40,4.777e+3,,3.777e-17,6.028e-23,2.539e-5,3.932e+3,1.050e-6,8.454e+2,4.870e-16,4.247e-8
431.45,4.404e+3,,3.719e-17,5.861e-23,9.293e-6,3.799e+3,1.399e-6,6.052e+2,4.868e-16,3.437e-8
431.50,4.032e+3,,3.661e-17,5.695e-23,3.310e-6,3.605e+3,1.814e-6,4.270e+2,4.867e-16,2.711e-8
431.55,3.656e+3,,3.603e-17,5.528e-23,1.147e-6,3.353e+3,2.291e-6,3.025e+2,4.866e-16,2.083e-8
431.60,3.280e+3,,3.545e-17,5.361e-23,3.871e-7,3.056e+3,2.816e-6,2.241e+2,4.865e-16,1.559e-8
431.65,2.911e+3,,3.487e-17,5.194e-23,1.271e-7,2.725e+3,3.370e-6,1.860e+2,4.863e-16,1.136e-8
431.70,2.562e+3,,3.429e-17,5.027e-23,4.063e-8,2.376e+3,3.926e-6,1.854e+2,4.862e-16,8.066e-9
431.75,2.248e+3,,3.371e-17,4.861e-23,1.264e-8,2.025e+3,4.453e-6,2.225e+2,4.861e-16,5.575e-9
431.79,2.034e+3,,3.325e-17,4.727e-23,4.869e-9,1.753e+3,4.830e-6,2.816e+2,4.860e-16,4.069e-9
431.84,1.830e+3,,3.267e-17,4.561e-23,1.442e-9,1.432e+3,5.221e-6,3.973e+2,4.858e-16,2.680e-9
431.89,1.710e+3,,3.209e-17,4.394e-23,4.159e-10,1.143e+3,5.493e-6,5.673e+2,4.857e-16,1.719e-9
431.94,1.691e+3,,3.151e-17,4.227e-23,1.167e-10,8.900e+2,5.628e-6,8.013e+2,4.856e-16,1.073e-9
431.99,1.785e+3,,3.093e-17,4.060e-23,3.187e-11,6.764e+2,5.612e-6,1.109e+3,4.855e-16,6.520e-10
432.04,1.999e+3,,3.035e-17,3.893e-23,8.472e-12,5.016e+2,5.449e-6,1.497e+3,4.853e-16,3.857e-10
432.09,2.334e+3,,2.977e-17,3.727e-23,2.192e-12,3.628e+2,5.151e-6,1.971e+3,4.852e-16,2.222e-10
432.14,2.782e+3,,1.682e-16,3.560e-23,5.519e-13,2.560e+2,4.741e-6,2.526e+3,4.851e-16,1.246e-10
432.19,3.329e+3,,7.123e-16,3.393e-23,5.511e-13,1.761e+2,4.247e-6,3.153e+3,4.850e-16,6.798e-11
432.23,3.822e+3,,2.053e-15,3.260e-23,5.504e-13,1.282e+2,3.816e-6,3.693e+3,4.849e-16,4.107e-11
432.28,4.478e+3,,7.527e-15,3.093e-23,5.496e-13,8.431e+1,3.258e-6,4.394e+3,4.847e-16,2.136e-11
432.33,5.143e+3,,2.689e-14,2.926e-23,5.488e-13,5.405e+1,2.708e-6,5.089e+3,4.846e-16,1.081e-11
432.38,5.773e+3,,9.356e-14,2.759e-23,5.480e-13,3.379e+1,2.191e-6,5.740e+3,4.845e-16,5.326e-12
432.43,6.323e+3,,3.171e-13,2.593e-23,5.471e-13,2.065e+1,1.726e-6,6.302e+3,4.843e-16,2.555e-12
432.48,6.750e+3,,1.047e-12,2.426e-23,5.463e-13,1.240e+1,1.324e-6,6.738e+3,4.842e-16,1.193e-12
432.53,7.021e+3,,3.368e-12,2.259e-23,5.455e-13,7.477e+0,9.886e-7,7.013e+3,4.841e-16,5.422e-13
432.58,7.112e+3,,1.055e-11,2.092e-23,5.447e-13,4.803e+0,7.187e-7,7.108e+3,4.840e-16,2.399e-13
432.62,7.051e+3,,2.583e-11,1.959e-23,5.440e-13,3.847e+0,5.462e-7,7.047e+3,4.839e-16,1.225e-13
432.67,6.810e+3,,7.720e-11,1.792e-23,5.432e-13,3.872e+0,3.784e-7,6.807e+3,4.837e-16,5.165e-14
432.72,6.406e+3,,2.248e-10,1.625e-23,5.424e-13,5.256e+0,2.552e-7,6.401e+3,4.836e-16,2.120e-14
432.77,5.869e+3,,6.376e-10,1.459e-23,5.416e-13,8.305e+0,1.675e-7,5.861e+3,4.835e-16,8.466e-15
432.82,5.238e+3,,1.762e-9,1.292e-23,5.407e-13,1.367e+1,1.071e-7,5.224e+3,4.834e-16,3.292e-15
432.87,4.557e+3,,4.743e-9,1.125e-23,5.399e-13,2.238e+1,6.665e-8,4.535e+3,4.832e-16,1.246e-15
432.92,3.868e+3,,1.244e-8,9.584e-24,5.391e-13,3.592e+1,4.038e-8,3.832e+3,4.831e-16,4.591e-16
432.97,3.209e+3,,3.177e-8,7.917e-24,5.383e-13,5.623e+1,2.382e-8,3.153e+3,4.830e-16,1.647e-16
433.01,2.725e+3,,6.603e-8,6.582e-24,5.376e-13,7.900e+1,1.531e-8,2.646e+3,4.829e-16,7.111e-17
433.06,2.193e+3,,1.609e-7,4.915e-24,5.368e-13,1.180e+2,8.607e-9,2.075e+3,4.827e-16,2.430e-17
433.11,1.756e+3,,3.821e-7,3.247e-24,5.360e-13,1.716e+2,4.710e-9,1.584e+3,4.826e-16,8.083e-18
433.16,1.421e+3,,8.838e-7,1.579e-24,5.352e-13,2.430e+2,2.509e-9,1.178e+3,4.825e-16,2.617e-18
433.21,1.187e+3,,1.991e-6,6.130e-24,5.343e-13,3.352e+2,1.301e-9,8.522e+2,4.824e-16,8.251e-19
433.26,1.051e+3,,4.371e-6,2.317e-23,5.335e-13,4.502e+2,6.571e-10,6.005e+2,4.822e-16,2.532e-19
433.31,1.001e+3,,9.348e-6,8.532e-23,5.327e-13,5.888e+2,3.230e-10,4.120e+2,4.821e-16,7.562e-20
433.36,1.025e+3,,1.948e-5,3.060e-22,5.319e-13,7.498e+2,1.546e-10,2.752e+2,4.820e-16,2.199e-20
433.41,1.109e+3,,3.953e-5,1.069e-21,5.311e-13,9.299e+2,7.214e-11,1.790e+2,4.819e-16,6.223e-21
433.45,1.208e+3,,6.834e-5,2.852e-21,5.304e-13,1.084e+3,3.858e-11,1.245e+2,4.818e-16,2.224e-21
433.50,1.358e+3,,1.323e-4,9.502e-21,5.296e-13,1.281e+3,1.761e-11,7.714e+1,4.816e-16,5.996e-22
433.55,1.521e+3,,2.496e-4,3.083e-20,5.288e-13,1.475e+3,8.782e-12,4.656e+1,4.815e-16,1.574e-22
433.60,1.681e+3,,4.588e-4,9.744e-20,5.279e-13,1.653e+3,6.504e-12,2.736e+1,4.814e-16,1.502e-22
433.65,1.821e+3,,8.215e-4,2.999e-19,5.271e-13,1.805e+3,9.218e-12,1.565e+1,4.812e-16,1.431e-22
433.70,1.927e+3,,1.433e-3,8.993e-19,5.263e-13,1.919e+3,1.857e-11,8.717e+0,4.811e-16,1.359e-22
433.75,1.991e+3,,2.435e-3,2.626e-18,5.255e-13,1.986e+3,4.018e-11,4.727e+0,4.810e-16,1.287e-22
433.80,2.004e+3,,4.032e-3,7.470e-18,5.246e-13,2.002e+3,8.627e-11,2.496e+0,4.809e-16,1.216e-22
433.84,1.978e+3,,5.922e-3,1.692e-17,5.240e-13,1.977e+3,1.564e-10,1.469e+0,4.808e-16,1.159e-22
433.89,1.900e+3,,9.355e-3,4.589e-17,5.232e-13,1.899e+3,3.214e-10,7.393e-1,4.806e-16,1.087e-22
433.94,1.778e+3,,1.440e-2,1.213e-16,5.223e-13,1.777e+3,6.435e-10,3.622e-1,4.805e-16,1.015e-22
433.99,1.620e+3,,2.159e-2,3.121e-16,5.215e-13,1.619e+3,1.255e-9,1.728e-1,4.804e-16,9.437e-23
434.04,1.437e+3,,3.153e-2,7.823e-16,5.207e-13,1.437e+3,2.383e-9,8.025e-2,4.803e-16,8.720e-23
434.09,1.242e+3,,4.487e-2,1.910e-15,5.199e-13,1.242e+3,4.408e-9,3.629e-2,4.801e-16,8.004e-23
434.14,1.045e+3,,6.221e-2,4.542e-15,5.191e-13,1.045e+3,7.942e-9,1.598e-2,4.800e-16,7.288e-23
434.19,8.560e+2,,8.403e-2,1.052e-14,5.182e-13,8.559e+2,1.393e-8,6.850e-3,4.799e-16,6.571e-23
434.24,6.830e+2,,1.106e-1,2.374e-14,5.174e-13,6.829e+2,2.381e-8,2.859e-3,4.798e-16,5.855e-23
434.28,5.593e+2,,1.352e-1,4.466e-14,5.168e-13,5.592e+2,3.587e-8,1.394e-3,4.796e-16,5.282e-23
434.33,4.255e+2,,1.697e-1,9.609e-14,5.159e-13,4.253e+2,5.845e-8,5.545e-4,4.795e-16,4.566e-23
434.38,3.152e+2,,2.076e-1,2.014e-13,5.151e-13,3.150e+2,9.277e-8,2.148e-4,4.794e-16,3.849e-23
434.43,2.274e+2,,2.475e-1,4.111e-13,5.143e-13,2.272e+2,1.434e-7,8.098e-5,4.793e-16,3.133e-23
434.48,1.598e+2,,2.873e-1,8.173e-13,5.135e-13,1.595e+2,2.159e-7,2.973e-5,4.791e-16,2.417e-23
434.53,1.094e+2,,3.250e-1,1.583e-12,5.127e-13,1.091e+2,3.166e-7,1.063e-5,4.790e-16,1.700e-23
434.58,7.302e+1,,3.582e-1,2.986e-12,5.118e-13,7.266e+1,4.521e-7,3.699e-6,4.789e-16,9.840e-24
434.63,4.751e+1,,3.846e-1,5.486e-12,5.110e-13,4.712e+1,6.288e-7,1.253e-6,4.788e-16,8.138e-23
434.67,3.309e+1,,3.996e-1,8.756e-12,5.104e-13,3.269e+1,8.033e-7,5.173e-7,4.787e-16,2.395e-22
434.72,2.062e+1,,4.094e-1,1.534e-11,5.095e-13,2.021e+1,1.065e-6,1.671e-7,4.785e-16,9.020e-22
434.77,1.257e+1,,4.086e-1,2.619e-11,5.087e-13,1.217e+1,1.376e-6,5.253e-8,4.784e-16,3.310e-21
434.82,7.529e+0,,3.973e-1,4.353e-11,5.079e-13,7.132e+0,1.732e-6,1.608e-8,4.783e-16,1.183e-20
434.87,4.448e+0,,3.764e-1,7.048e-11,5.071e-13,4.071e+0,2.122e-6,4.793e-9,4.782e-16,4.121e-20
434.92,2.611e+0,,3.474e-1,1.112e-10,5.063e-13,2.263e+0,2.533e-6,1.391e-9,4.780e-16,1.399e-19
434.97,1.537e+0,,3.124e-1,1.708e-10,5.054e-13,1.225e+0,2.944e-6,3.930e-10,4.779e-16,4.624e-19
435.02,9.195e-1,,2.737e-1,2.555e-10,5.046e-13,6.458e-1,3.333e-6,1.081e-10,4.778e-16,1.490e-18
435.06,6.213e-1,,2.416e-1,3.461e-10,5.040e-13,3.797e-1,3.611e-6,3.777e-11,4.777e-16,3.728e-18
435.11,3.931e-1,,2.020e-1,4.941e-10,5.031e-13,1.911e-1,3.898e-6,9.903e-12,4.775e-16,1.146e-17
435.16,2.588e-1,,1.645e-1,6.869e-10,5.023e-13,9.434e-2,4.099e-6,2.528e-12,4.774e-16,3.433e-17
435.21,1.773e-1,,1.305e-1,9.305e-10,5.015e-13,4.681e-2,4.197e-6,2.450e-12,4.773e-16,1.002e-16
435.26,1.267e-1,,1.008e-1,1.228e-9,5.007e-13,2.588e-2,4.186e-6,2.372e-12,4.772e-16,2.849e-16
435.31,9.670e-2,,7.594e-2,1.579e-9,4.998e-13,2.075e-2,4.066e-6,2.294e-12,4.770e-16,7.893e-16
435.36,8.407e-2,,5.571e-2,1.979e-9,4.990e-13,2.835e-2,3.847e-6,2.216e-12,4.769e-16,2.131e-15
435.41,9.170e-2,,3.981e-2,2.418e-9,4.982e-13,5.189e-2,3.545e-6,2.138e-12,4.768e-16,5.604e-15
435.46,1.294e-1,,2.772e-2,2.881e-9,4.974e-13,1.017e-1,3.181e-6,2.060e-12,4.767e-16,1.436e-14
435.50,1.941e-1,,2.036e-2,3.257e-9,4.967e-13,1.737e-1,2.862e-6,1.997e-12,4.766e-16,2.993e-14
435.55,3.466e-1,,1.353e-2,3.715e-9,4.959e-13,3.331e-1,2.450e-6,1.919e-12,4.764e-16,7.318e-14
435.60,6.318e-1,,8.754e-3,4.142e-9,4.951e-13,6.230e-1,2.042e-6,1.841e-12,4.763e-16,1.744e-13
435.65,1.141e+0,,5.519e-3,4.520e-9,4.943e-13,1.135e+0,1.657e-6,1.763e-12,4.762e-16,4.049e-13
435.70,2.019e+0,,3.390e-3,4.838e-9,4.934e-13,2.016e+0,1.310e-6,1.685e-12,4.760e-16,9.158e-13
435.75,3.488e+0,,2.028e-3,5.092e-9,4.926e-13,3.486e+0,1.009e-6,6.606e-12,4.759e-16,2.019e-12
435.80,5.874e+0,,1.182e-3,5.289e-9,4.918e-13,5.873e+0,7.568e-7,2.523e-11,4.758e-16,4.335e-12
435.85,9.639e+0,,6.714e-4,5.442e-9,4.910e-13,9.638e+0,5.528e-7,9.389e-11,4.757e-16,9.071e-12
435.89,1.406e+1,,4.190e-4,5.549e-9,4.903e-13,1.406e+1,4.219e-7,2.636e-10,4.756e-16,1.607e-11
435.94,2.201e+1,,2.270e-4,5.685e-9,4.895e-13,2.201e+1,2.938e-7,9.362e-10,4.754e-16,3.209e-11
435.99,3.356e+1,,1.198e-4,5.848e-9,4.887e-13,3.356e+1,1.993e-7,3.239e-9,4.753e-16,6.244e-11
436.04,4.985e+1,,6.159e-5,6.059e-9,4.879e-13,4.985e+1,1.317e-7,1.092e-8,4.752e-16,1.184e-10
436.09,7.214e+1,,3.085e-5,6.330e-9,4.870e-13,7.214e+1,8.476e-8,3.586e-8,4.751e-16,2.186e-10
436.14,1.017e+2,,1.505e-5,6.660e-9,4.862e-13,1.017e+2,5.312e-8,1.147e-7,4.749e-16,3.935e-10
436.19,1.397e+2,,7.154e-6,7.035e-9,4.854e-13,1.397e+2,3.243e-8,3.577e-7,4.748e-16,6.900e-10
436.24,1.868e+2,,3.313e-6,7.429e-9,4.846e-13,1.868e+2,1.928e-8,1.087e-6,4.747e-16,1.179e-9
436.28,2.314e+2,,1.756e-6,7.730e-9,4.839e-13,2.314e+2,1.248e-8,2.594e-6,4.746e-16,1.776e-9
436.33,2.952e+2,,7.755e-7,8.056e-9,4.831e-13,2.952e+2,7.086e-9,7.519e-6,4.744e-16,2.896e-9
436.38,3.670e+2,,3.337e-7,8.284e-9,4.823e-13,3.670e+2,3.931e-9,2.124e-5,4.743e-16,4.602e-9
436.43,4.444e+2,,1.399e-7,8.377e-9,4.815e-13,4.444e+2,2.155e-9,5.843e-5,4.742e-16,7.124e-9
436.48,5.241e+2,,5.711e-8,8.308e-9,4.806e-13,5.241e+2,1.215e-9,1.567e-4,4.741e-16,1.074e-8
436.53,6.022e+2,,2.272e-8,8.065e-9,4.798e-13,6.022e+2,7.975e-10,4.092e-4,4.739e-16,1.579e-8
436.58,6.741e+2,,8.802e-9,7.653e-9,4.790e-13,6.741e+2,7.528e-10,1.041e-3,4.738e-16,2.261e-8
436.63,7.350e+2,,3.322e-9,7.091e-9,4.782e-13,7.350e+2,1.061e-9,2.583e-3,4.737e-16,3.155e-8
436.68,7.807e+2,,1.221e-9,6.411e-9,4.773e-13,7.807e+2,1.827e-9,6.239e-3,4.736e-16,4.290e-8
436.72,8.039e+2,,5.383e-10,5.808e-9,4.767e-13,8.039e+2,2.932e-9,1.240e-2,4.735e-16,5.383e-8
436.77,8.146e+2,,1.888e-10,5.018e-9,4.759e-13,8.145e+2,5.280e-9,2.859e-2,4.733e-16,6.984e-8
436.82,8.040e+2,,6.450e-11,4.225e-9,1.825e-12,8.039e+2,9.327e-9,6.422e-2,4.732e-16,8.830e-8
436.87,7.731e+2,,2.146e-11,3.467e-9,6.819e-12,7.729e+2,1.608e-8,1.405e-1,4.731e-16,1.088e-7
436.92,7.242e+2,,6.958e-12,2.772e-9,2.483e-11,7.239e+2,2.701e-8,2.997e-1,4.729e-16,1.305e-7
436.97,6.611e+2,,2.197e-12,2.159e-9,8.809e-11,6.604e+2,4.421e-8,6.226e-1,4.728e-16,1.527e-7
437.02,5.882e+2,,6.758e-13,1.639e-9,3.046e-10,5.870e+2,7.050e-8,1.260e+0,4.727e-16,1.740e-7
437.07,5.107e+2,,2.025e-13,1.212e-9,1.026e-9,5.082e+2,1.095e-7,2.486e+0,4.726e-16,1.931e-7
437.11,4.486e+2,,7.575e-14,9.338e-10,2.661e-9,4.444e+2,1.529e-7,4.200e+0,4.725e-16,2.061e-7
437.16,3.749e+2,,2.165e-14,6.585e-10,8.558e-9,3.670e+2,2.267e-7,7.904e+0,4.723e-16,2.184e-7
437.21,3.097e+2,,6.026e-15,4.524e-10,2.681e-8,2.952e+2,3.275e-7,1.449e+1,4.722e-16,2.255e-7
437.26,2.573e+2,,1.634e-15,3.028e-10,8.187e-8,2.314e+2,4.608e-7,2.589e+1,4.721e-16,2.268e-7
437.31,2.217e+2,,4.144e-16,1.974e-10,2.436e-7,1.767e+2,6.318e-7,4.507e+1,4.720e-16,2.224e-7
437.36,2.079e+2,,8.961e-17,1.253e-10,7.061e-7,1.314e+2,8.439e-7,7.643e+1,4.718e-16,2.124e-7
437.41,2.216e+2,,8.953e-17,7.754e-11,1.995e-6,9.530e+1,1.098e-6,1.263e+2,4.717e-16,1.976e-7
437.46,2.708e+2,,8.946e-17,4.672e-11,5.491e-6,6.743e+1,1.392e-6,2.033e+2,4.716e-16,1.792e-7
437.51,3.656e+2,,8.939e-17,2.742e-11,1.473e-5,4.669e+1,1.720e-6,3.189e+2,4.714e-16,1.583e-7
437.55,4.831e+2,,8.933e-17,1.757e-11,3.184e-5,3.441e+1,1.998e-6,4.487e+2,4.713e-16,1.407e-7
437.60,6.952e+2,,8.926e-17,9.837e-12,8.151e-5,2.352e+1,2.355e-6,6.716e+2,4.712e-16,1.187e-7
437.65,9.962e+2,,8.919e-17,5.365e-12,2.033e-4,1.668e+1,2.704e-6,9.795e+2,4.711e-16,9.750e-8
437.70,1.405e+3,,8.911e-17,2.850e-12,4.943e-4,1.317e+1,3.025e-6,1.392e+3,4.710e-16,7.805e-8
437.75,1.939e+3,,8.904e-17,1.475e-12,1.171e-3,1.257e+1,3.297e-6,1.927e+3,4.708e-16,6.088e-8
437.80,2.614e+3,,8.897e-17,7.435e-13,2.703e-3,1.477e+1,3.501e-6,2.599e+3,4.707e-16,4.627e-8
437.85,3.436e+3,,8.890e-17,3.650e-13,6.080e-3,1.995e+1,3.621e-6,3.416e+3,4.706e-16,3.427e-8
437.90,4.403e+3,,8.883e-17,1.746e-13,1.333e-2,2.858e+1,3.650e-6,4.375e+3,4.705e-16,2.472e-8
437.94,5.271e+3,,8.877e-17,9.497e-14,2.450e-2,3.845e+1,3.604e-6,5.233e+3,4.704e-16,1.869e-8
437.99,6.450e+3,,8.869e-17,4.333e-14,5.126e-2,5.519e+1,3.466e-6,6.395e+3,4.702e-16,1.287e-8
438.04,7.692e+3,,8.862e-17,1.926e-14,1.045e-1,7.771e+1,3.247e-6,7.614e+3,4.701e-16,8.636e-9
438.09,8.941e+3,,8.855e-17,8.336e-15,2.076e-1,1.069e+2,2.964e-6,8.834e+3,4.700e-16,5.646e-9
438.14,1.013e+4,,8.848e-17,3.515e-15,4.017e-1,1.434e+2,2.636e-6,9.987e+3,4.698e-16,3.597e-9
438.19,1.119e+4,,8.841e-17,1.444e-15,7.577e-1,1.877e+2,2.284e-6,1.100e+4,4.697e-16,2.232e-9
438.24,1.205e+4,,8.833e-17,5.777e-16,1.393e+0,2.395e+2,1.928e-6,1.181e+4,4.696e-16,1.350e-9
438.29,1.265e+4,,8.826e-17,2.252e-16,2.494e+0,2.982e+2,1.585e-6,1.235e+4,4.695e-16,7.956e-10
438.33,1.292e+4,,8.820e-17,1.040e-16,3.901e+0,3.491e+2,1.330e-6,1.257e+4,4.694e-16,5.115e-10
438.38,1.297e+4,,8.813e-17,3.865e-17,6.669e+0,4.164e+2,1.044e-6,1.255e+4,4.692e-16,2.876e-10
438.43,1.271e+4,,8.806e-17,1.400e-17,1.111e+1,4.857e+2,7.981e-7,1.222e+4,4.691e-16,1.576e-10
438.48,1.216e+4,,8.799e-17,4.938e-18,1.803e+1,5.552e+2,5.944e-7,1.159e+4,4.690e-16,8.414e-11
438.53,1.137e+4,,8.791e-17,1.697e-18,2.851e+1,6.235e+2,4.313e-7,1.072e+4,4.689e-16,4.377e-11
438.58,1.040e+4,,8.784e-17,5.679e-19,4.394e+1,6.905e+2,3.049e-7,9.664e+3,4.687e-16,2.219e-11
438.63,9.323e+3,,8.777e-17,1.852e-19,6.598e+1,7.579e+2,2.100e-7,8.499e+3,4.686e-16,1.096e-11
438.68,8.217e+3,,8.770e-17,5.881e-20,9.655e+1,8.298e+2,1.409e-7,7.290e+3,4.685e-16,5.273e-12
438.73,7.153e+3,,8.762e-17,1.819e-20,1.377e+2,9.126e+2,9.213e-8,6.102e+3,4.684e-16,2.472e-12
438.77,6.374e+3,,8.757e-17,6.984e-21,1.795e+2,9.926e+2,6.435e-8,5.202e+3,4.683e-16,1.324e-12
438.82,5.534e+3,,8.749e-17,2.061e-21,2.443e+2,1.119e+3,4.014e-8,4.171e+3,4.681e-16,5.924e-13
438.87,4.877e+3,,8.742e-17,5.924e-22,3.239e+2,1.285e+3,2.439e-8,3.268e+3,4.680e-16,2.583e-13
438.92,4.425e+3,,8.735e-17,1.659e-22,4.186e+2,1.502e+3,1.444e-8,2.504e+3,4.679e-16,1.097e-13
438.97,4.185e+3,,8.728e-17,4.524e-23,5.271e+2,1.780e+3,8.332e-9,1.878e+3,4.677e-16,4.541e-14
439.02,4.150e+3,,8.720e-17,1.202e-23,6.468e+2,2.123e+3,4.684e-9,1.381e+3,4.676e-16,1.831e-14
439.07,4.299e+3,,8.713e-17,3.111e-24,7.734e+2,2.530e+3,2.568e-9,9.956e+2,4.675e-16,7.196e-15
439.12,4.601e+3,,8.706e-17,1.212e-23,9.010e+2,2.994e+3,1.378e-9,7.057e+2,4.674e-16,2.755e-15
439.16,4.925e+3,,8.700e-17,1.933e-23,9.994e+2,3.396e+3,8.304e-10,5.299e+2,4.673e-16,1.254e-15
439.21,5.394e+3,,8.693e-17,2.834e-23,1.111e+3,3.917e+3,4.522e-10,3.660e+2,4.671e-16,4.583e-16
439.26,5.888e+3,,8.686e-17,3.735e-23,1.204e+3,4.433e+3,2.845e-10,2.507e+2,4.670e-16,1.632e-16
439.31,6.354e+3,,8.678e-17,4.636e-23,1.272e+3,4.911e+3,2.574e-10,1.717e+2,4.669e-16,5.659e-17
439.36,6.746e+3,,8.671e-17,5.536e-23,1.308e+3,5.317e+3,3.537e-10,1.200e+2,4.668e-16,1.913e-17
439.41,7.023e+3,,8.664e-17,6.437e-23,1.312e+3,5.622e+3,6.016e-10,8.908e+1,4.666e-16,6.298e-18
439.46,7.156e+3,,8.657e-17,7.338e-23,1.281e+3,5.800e+3,1.078e-9,7.510e+1,4.665e-16,2.021e-18
439.51,7.132e+3,,8.649e-17,8.239e-23,1.220e+3,5.835e+3,1.921e-9,7.649e+1,4.664e-16,6.317e-19
439.56,6.950e+3,,8.642e-17,9.140e-23,1.132e+3,5.724e+3,3.354e-9,9.377e+1,4.662e-16,1.924e-19
439.60,6.701e+3,,8.636e-17,9.861e-23,1.046e+3,5.534e+3,5.146e-9,1.206e+2,4.661e-16,7.295e-20
439.65,6.285e+3,,8.629e-17,1.076e-22,9.261e+2,5.185e+3,8.590e-9,1.740e+2,4.660e-16,2.120e-20
439.70,5.788e+3,,8.622e-17,1.166e-22,7.990e+2,4.734e+3,1.398e-8,2.546e+2,4.659e-16,6.005e-21
439.75,5.254e+3,,8.615e-17,1.256e-22,6.717e+2,4.213e+3,2.216e-8,3.692e+2,4.658e-16,1.657e-21
439.80,4.729e+3,,8.608e-17,1.346e-22,5.503e+2,3.654e+3,3.424e-8,5.256e+2,4.656e-16,4.454e-22
439.85,4.258e+3,,8.600e-17,1.437e-22,4.393e+2,3.088e+3,5.157e-8,7.314e+2,4.655e-16,1.088e-22
439.90,3.878e+3,,8.593e-17,1.527e-22,3.417e+2,2.543e+3,7.570e-8,9.930e+2,4.654e-16,1.840e-23
439.95,3.615e+3,,8.586e-17,1.617e-22,2.590e+2,2.041e+3,1.083e-7,1.315e+3,4.653e-16,1.838e-23
439.99,3.500e+3,,8.580e-17,1.689e-22,2.037e+2,1.681e+3,1.415e-7,1.615e+3,4.652e-16,1.838e-23
440.04,3.478e+3,,8.573e-17,1.779e-22,1.473e+2,1.288e+3,1.933e-7,2.042e+3,4.650e-16,1.836e-23
440.09,3.584e+3,,8.566e-17,1.869e-22,1.039e+2,9.637e+2,2.573e-7,2.516e+3,4.649e-16,1.835e-23
440.14,3.797e+3,,8.558e-17,1.959e-22,7.135e+1,7.044e+2,3.337e-7,3.021e+3,4.648e-16,1.834e-23
440.19,4.088e+3,,8.551e-17,2.049e-22,4.777e+1,5.048e+2,4.218e-7,3.536e+3,4.646e-16,1.833e-23
440.24,4.421e+3,,8.544e-17,2.139e-22,3.117e+1,3.575e+2,5.196e-7,4.033e+3,4.645e-16,1.832e-23
440.29,4.757e+3,,8.537e-17,2.229e-22,1.984e+1,2.543e+2,6.239e-7,4.482e+3,4.644e-16,1.831e-23
440.34,5.056e+3,,8.529e-17,2.319e-22,1.235e+1,1.874e+2,7.300e-7,4.856e+3,4.643e-16,1.830e-23
440.38,5.246e+3,,8.524e-17,2.392e-22,8.356e+0,1.554e+2,8.126e-7,5.082e+3,4.642e-16,1.829e-23
440.43,5.400e+3,,8.516e-17,2.482e-22,5.150e+0,1.376e+2,9.078e-7,5.257e+3,4.640e-16,1.828e-23
440.48,5.445e+3,,8.509e-17,2.572e-22,3.370e+0,1.405e+2,9.883e-7,5.301e+3,4.639e-16,1.827e-23
440.53,5.374e+3,,8.502e-17,2.662e-22,2.648e+0,1.606e+2,1.049e-6,5.211e+3,4.638e-16,1.826e-23
440.58,5.194e+3,,8.495e-17,2.752e-22,2.831e+0,1.956e+2,1.084e-6,4.996e+3,4.637e-16,1.825e-23
440.63,4.921e+3,,8.487e-17,2.842e-22,3.969e+0,2.434e+2,1.093e-6,4.673e+3,4.635e-16,1.823e-23
440.68,4.577e+3,,8.480e-17,2.932e-22,6.330e+0,3.020e+2,1.073e-6,4.269e+3,4.634e-16,1.822e-23
440.73,4.192e+3,,8.473e-17,3.022e-22,1.042e+1,3.689e+2,1.027e-6,3.813e+3,4.633e-16,1.821e-23
440.78,3.796e+3,,8.466e-17,3.112e-22,1.704e+1,4.411e+2,9.582e-7,3.338e+3,4.631e-16,1.820e-23
440.82,3.490e+3,,8.460e-17,3.184e-22,2.490e+1,5.004e+2,8.897e-7,2.965e+3,4.630e-16,1.819e-23
440.87,3.142e+3,,8.453e-17,3.274e-22,3.915e+1,5.730e+2,7.923e-7,2.530e+3,4.629e-16,1.818e-23
440.92,2.850e+3,,8.445e-17,3.365e-22,6.004e+1,6.397e+2,6.877e-7,2.150e+3,4.628e-16,1.817e-23
440.97,2.627e+3,,8.438e-17,3.455e-22,8.977e+1,6.962e+2,5.817e-7,1.841e+3,4.627e-16,1.816e-23
441.02,2.480e+3,,8.431e-17,3.545e-22,1.308e+2,7.385e+2,4.795e-7,1.610e+3,4.625e-16,1.815e-23
441.07,2.408e+3,,8.424e-17,3.635e-22,1.858e+2,7.636e+2,3.852e-7,1.459e+3,4.624e-16,1.814e-23
441.12,2.407e+3,,8.416e-17,3.725e-22,2.573e+2,7.695e+2,3.016e-7,1.380e+3,4.623e-16,1.813e-23
441.17,2.467e+3,,8.409e-17,3.815e-22,3.473e+2,7.558e+2,2.302e-7,1.364e+3,4.622e-16,1.811e-23
441.21,2.552e+3,,8.403e-17,3.887e-22,4.334e+2,7.313e+2,1.820e-7,1.387e+3,4.621e-16,1.811e-23
441.26,2.692e+3,,8.396e-17,3.977e-22,5.585e+2,6.858e+2,1.326e-7,1.447e+3,4.619e-16,1.809e-23
441.31,2.854e+3,,8.389e-17,4.067e-22,7.016e+2,6.268e+2,9.413e-8,1.526e+3,4.618e-16,1.808e-23
441.36,3.023e+3,,8.382e-17,4.157e-22,8.590e+2,5.584e+2,6.513e-8,1.606e+3,4.617e-16,1.807e-23
441.41,3.182e+3,,8.374e-17,4.247e-22,1.025e+3,4.848e+2,4.392e-8,1.672e+3,4.615e-16,1.806e-23
441.46,3.317e+3,,8.367e-17,4.338e-22,1.192e+3,4.102e+2,2.886e-8,1.714e+3,4.614e-16,1.805e-23
441.51,3.412e+3,,8.360e-17,4.428e-22,1.352e+3,3.383e+2,1.849e-8,1.722e+3,4.613e-16,1.804e-23
441.56,3.458e+3,,8.353e-17,4.518e-22,1.494e+3,2.719e+2,1.154e-8,1.692e+3,4.612e-16,1.803e-23
441.60,3.453e+3,,8.347e-17,4.590e-22,1.589e+3,2.241e+2,7.770e-9,1.640e+3,4.611e-16,1.802e-23
441.65,3.392e+3,,8.340e-17,4.680e-22,1.677e+3,1.720e+2,4.632e-9,1.543e+3,4.609e-16,1.801e-23
441.70,3.270e+3,,8.333e-17,4.770e-22,1.725e+3,1.287e+2,2.694e-9,1.416e+3,4.608e-16,1.800e-23
441.75,3.090e+3,,8.325e-17,4.860e-22,1.729e+3,9.380e+1,1.533e-9,1.268e+3,4.607e-16,1.799e-23
441.80,2.862e+3,,8.318e-17,4.950e-22,1.690e+3,6.665e+1,8.656e-10,1.106e+3,4.606e-16,1.797e-23
441.85,2.596e+3,,8.311e-17,5.040e-22,1.609e+3,4.615e+1,5.093e-10,9.408e+2,4.604e-16,1.796e-23
441.90,2.305e+3,,8.304e-17,5.130e-22,1.494e+3,3.115e+1,3.619e-10,7.801e+2,4.603e-16,1.795e-23
441.95,2.003e+3,,8.296e-17,5.220e-22,1.352e+3,2.049e+1,3.851e-10,6.305e+2,4.602e-16,1.794e-23
442.00,1.702e+3,,8.289e-17,5.311e-22,1.192e+3,1.314e+1,6.030e-10,4.967e+2,4.601e-16,1.793e-23
442.04,1.471e+3,,8.283e-17,5.383e-22,1.059e+3,9.036e+0,9.819e-10,4.029e+2,4.599e-16,1.792e-23
442.09,1.200e+3,,8.276e-17,5.473e-22,8.917e+2,5.531e+0,1.876e-9,3.031e+2,4.598e-16,1.791e-23
442.14,9.577e+2,,8.269e-17,5.563e-22,7.320e+2,3.300e+0,3.566e-9,2.223e+2,4.597e-16,1.790e-23
442.19,7.467e+2,,8.262e-17,5.653e-22,5.858e+2,1.919e+0,6.639e-9,1.590e+2,4.596e-16,1.789e-23
442.24,5.690e+2,,8.254e-17,5.743e-22,4.568e+2,1.087e+0,1.206e-8,1.110e+2,4.594e-16,1.788e-23
442.29,4.237e+2,,8.247e-17,5.833e-22,3.473e+2,6.006e-1,2.138e-8,7.583e+1,4.593e-16,1.787e-23
442.34,3.086e+2,,8.240e-17,5.923e-22,2.573e+2,3.233e-1,3.693e-8,5.094e+1,4.592e-16,1.785e-23
442.39,2.201e+2,,8.233e-17,6.013e-22,1.858e+2,1.696e-1,6.221e-8,3.409e+1,4.591e-16,1.784e-23
442.43,1.658e+2,,8.227e-17,6.085e-22,1.406e+2,9.942e-2,9.269e-8,2.512e+1,4.590e-16,1.783e-23
442.48,1.153e+2,,8.220e-17,6.175e-22,9.699e+1,4.985e-2,1.491e-7,1.826e+1,4.588e-16,1.782e-23
442.53,8.041e+1,,8.212e-17,6.266e-22,6.520e+1,2.446e-2,2.339e-7,1.519e+1,4.587e-16,1.781e-23
442.58,5.785e+1,,8.205e-17,6.356e-22,4.272e+1,1.195e-2,3.577e-7,1.512e+1,4.586e-16,1.780e-23
442.63,4.489e+1,,8.198e-17,6.446e-22,2.728e+1,6.311e-3,5.333e-7,1.760e+1,4.585e-16,1.779e-23
442.68,3.937e+1,,8.191e-17,6.536e-22,1.699e+1,4.689e-3,7.751e-7,2.237e+1,4.583e-16,1.778e-23
442.73,3.966e+1,,8.183e-17,6.626e-22,1.032e+1,6.356e-3,1.098e-6,2.934e+1,4.582e-16,1.777e-23
442.78,4.459e+1,,8.176e-17,6.716e-22,6.122e+0,1.250e-2,1.517e-6,3.845e+1,4.581e-16,1.776e-23
442.83,5.323e+1,,8.169e-17,6.806e-22,3.569e+0,2.693e-2,2.043e-6,4.963e+1,4.579e-16,1.775e-23
442.87,6.232e+1,,8.163e-17,6.878e-22,2.315e+0,4.978e-2,2.546e-6,5.995e+1,4.578e-16,1.774e-23
442.92,7.583e+1,,8.156e-17,6.968e-22,1.401e+0,1.054e-1,3.275e-6,7.433e+1,4.577e-16,1.773e-23
442.97,9.111e+1,,8.149e-17,7.058e-22,9.828e-1,2.180e-1,4.108e-6,8.991e+1,4.576e-16,1.772e-23
443.02,1.074e+2,,8.141e-17,7.148e-22,9.251e-1,4.396e-1,5.024e-6,1.061e+2,4.575e-16,1.770e-23
443.07,1.240e+2,,8.134e-17,7.239e-22,1.184e+0,8.642e-1,5.991e-6,1.220e+2,4.573e-16,1.769e-23
443.12,1.402e+2,,8.127e-17,7.329e-22,1.793e+0,1.657e+0,6.965e-6,1.368e+2,4.572e-16,1.768e-23
443.17,1.554e+2,,8.120e-17,7.419e-22,2.854e+0,3.096e+0,7.898e-6,1.495e+2,4.571e-16,1.767e-23
443.22,1.695e+2,,8.113e-17,7.509e-22,4.539e+0,5.642e+0,8.734e-6,1.593e+2,4.570e-16,1.766e-23
443.26,1.800e+2,,8.107e-17,7.581e-22,6.496e+0,8.954e+0,9.298e-6,1.646e+2,4.569e-16,1.765e-23
443.31,1.931e+2,,8.099e-17,7.671e-22,9.963e+0,1.559e+1,9.833e-6,1.675e+2,4.567e-16,1.764e-23
443.36,2.076e+2,,8.092e-17,7.761e-22,1.491e+1,2.646e+1,1.015e-5,1.663e+2,4.566e-16,1.763e-23
443.41,2.264e+2,,8.085e-17,7.851e-22,2.178e+1,4.380e+1,1.023e-5,1.609e+2,4.565e-16,1.762e-23
443.46,2.534e+2,,8.078e-17,7.941e-22,3.102e+1,7.068e+1,1.007e-5,1.517e+2,4.563e-16,1.761e-23
443.51,2.938e+2,,8.071e-17,8.031e-22,4.312e+1,1.112e+2,9.688e-6,1.395e+2,4.562e-16,1.760e-23
443.56,3.542e+2,,8.063e-17,8.121e-22,5.851e+1,1.706e+2,9.125e-6,1.250e+2,4.561e-16,1.758e-23
443.61,4.420e+2,,8.056e-17,8.212e-22,7.753e+1,2.552e+2,8.424e-6,1.093e+2,4.560e-16,1.757e-23
443.65,5.376e+2,,8.050e-17,8.284e-22,9.551e+1,3.458e+2,7.799e-6,9.632e+1,4.559e-16,1.756e-23
443.70,6.961e+2,,8.043e-17,8.374e-22,1.216e+2,4.941e+2,6.982e-6,8.040e+1,4.557e-16,1.755e-23
443.75,9.055e+2,,8.036e-17,8.464e-22,1.516e+2,6.885e+2,6.169e-6,6.543e+1,4.556e-16,1.754e-23
443.80,1.173e+3,,8.029e-17,8.554e-22,1.856e+2,9.353e+2,5.402e-6,5.191e+1,4.555e-16,1.753e-23
443.85,1.503e+3,,8.021e-17,8.644e-22,2.239e+2,1.239e+3,4.707e-6,4.014e+1,4.554e-16,1.752e-23
443.90,1.897e+3,,8.014e-17,8.734e-22,2.671e+2,1.600e+3,4.101e-6,3.027e+1,4.552e-16,1.751e-23
443.95,2.353e+3,,8.007e-17,8.824e-22,3.170e+2,2.014e+3,3.591e-6,2.225e+1,4.551e-16,1.750e-23
444.00,2.865e+3,,8.000e-17,8.914e-22,3.763e+2,2.473e+3,3.173e-6,1.594e+1,4.550e-16,1.749e-23
444.05,3.421e+3,,7.992e-17,9.004e-22,4.499e+2,2.960e+3,2.838e-6,1.114e+1,4.548e-16,1.748e-23
444.09,3.888e+3,,7.987e-17,9.076e-22,5.237e+2,3.356e+3,2.621e-6,8.207e+0,4.547e-16,1.747e-23
444.14,4.486e+3,,7.979e-17,9.167e-22,6.423e+2,3.838e+3,2.404e-6,5.476e+0,4.546e-16,1.746e-23
444.19,5.084e+3,,7.972e-17,9.257e-22,8.012e+2,4.279e+3,2.236e-6,3.563e+0,4.545e-16,1.744e-23
444.24,5.669e+3,,7.965e-17,9.347e-22,1.014e+3,4.652e+3,2.106e-6,2.259e+0,4.544e-16,1.743e-23
444.29,6.229e+3,,7.958e-17,9.437e-22,1.297e+3,4.931e+3,2.004e-6,1.397e+0,4.542e-16,1.742e-23
444.34,6.762e+3,,7.950e-17,9.527e-22,1.665e+3,5.096e+3,1.924e-6,8.420e-1,4.541e-16,1.741e-23
444.39,7.270e+3,,7.943e-17,9.617e-22,2.134e+3,5.135e+3,1.860e-6,4.947e-1,4.540e-16,1.740e-23
444.44,7.761e+3,,7.936e-17,9.707e-22,2.716e+3,5.045e+3,1.805e-6,2.834e-1,4.539e-16,1.739e-23
444.48,8.151e+3,,7.930e-17,9.779e-22,3.267e+3,4.884e+3,1.764e-6,1.782e-1,4.538e-16,1.738e-23
444.53,8.649e+3,,7.923e-17,9.869e-22,4.064e+3,4.584e+3,1.712e-6,9.751e-2,4.536e-16,1.737e-23
444.58,9.171e+3,,7.916e-17,9.959e-22,4.975e+3,4.196e+3,1.654e-6,5.201e-2,4.535e-16,1.736e-23
444.63,9.728e+3,,7.908e-17,1.005e-21,5.984e+3,3.744e+3,1.586e-6,2.705e-2,4.534e-16,1.735e-23
444.68,1.032e+4,,7.901e-17,1.014e-21,7.068e+3,3.257e+3,1.504e-6,1.372e-2,4.532e-16,1.734e-23
444.73,1.096e+4,,7.894e-17,1.023e-21,8.194e+3,2.763e+3,1.407e-6,6.782e-3,4.531e-16,1.732e-23
444.78,1.161e+4,,7.887e-17,1.032e-21,9.327e+3,2.285e+3,1.295e-6,3.276e-3,4.530e-16,1.731e-23
444.83,1.227e+4,,7.879e-17,1.041e-21,1.043e+4,1.843e+3,1.170e-6,1.561e-3,4.529e-16,1.730e-23
444.87,1.278e+4,,7.874e-17,1.048e-21,1.125e+4,1.523e+3,1.064e-6,8.777e-4,4.528e-16,1.729e-23
444.92,1.337e+4,,7.866e-17,1.057e-21,1.220e+4,1.173e+3,9.278e-7,5.019e-4,4.526e-16,1.728e-23
444.97,1.389e+4,,7.859e-17,1.066e-21,1.301e+4,8.814e+2,7.911e-7,4.750e-4,4.525e-16,1.727e-23
445.02,1.432e+4,,7.852e-17,1.075e-21,1.368e+4,6.456e+2,6.594e-7,7.914e-4,4.524e-16,1.726e-23
445.07,1.464e+4,,7.845e-17,1.084e-21,1.418e+4,4.610e+2,5.370e-7,1.653e-3,4.523e-16,1.725e-23
445.12,1.485e+4,,7.838e-17,1.093e-21,1.453e+4,3.210e+2,4.270e-7,3.574e-3,4.521e-16,1.724e-23
445.17,1.493e+4,,7.830e-17,1.102e-21,1.471e+4,2.179e+2,3.314e-7,7.622e-3,4.520e-16,1.723e-23
445.22,1.489e+4,,7.823e-17,1.111e-21,1.475e+4,1.442e+2,2.511e-7,1.589e-2,4.519e-16,1.722e-23
445.27,1.475e+4,,7.816e-17,1.120e-21,1.465e+4,9.308e+1,1.857e-7,3.233e-2,4.517e-16,1.720e-23
445.31,1.456e+4,,7.810e-17,1.127e-21,1.449e+4,6.440e+1,1.434e-7,5.606e-2,4.516e-16,1.720e-23
445.36,1.424e+4,,7.803e-17,1.136e-21,1.420e+4,3.977e+1,1.019e-7,1.091e-1,4.515e-16,1.718e-23
445.41,1.383e+4,,7.796e-17,1.145e-21,1.380e+4,2.404e+1,7.117e-8,2.070e-1,4.514e-16,1.717e-23
445.46,1.333e+4,,7.788e-17,1.155e-21,1.332e+4,1.436e+1,4.960e-8,3.831e-1,4.513e-16,1.716e-23
445.51,1.276e+4,,7.781e-17,1.164e-21,1.275e+4,8.747e+0,3.563e-8,6.918e-1,4.511e-16,1.715e-23
445.56,1.212e+4,,7.774e-17,1.173e-21,1.211e+4,5.914e+0,2.814e-8,1.219e+0,4.510e-16,1.714e-23
445.61,1.140e+4,,7.767e-17,1.182e-21,1.139e+4,5.174e+0,2.651e-8,2.094e+0,4.509e-16,1.713e-23
445.66,1.063e+4,,7.759e-17,1.191e-21,1.062e+4,6.346e+0,3.074e-8,3.512e+0,4.508e-16,1.712e-23
445.70,9.966e+3,,7.754e-17,1.198e-21,9.952e+3,8.850e+0,3.876e-8,5.217e+0,4.507e-16,1.711e-23
445.75,9.108e+3,,7.746e-17,1.207e-21,9.085e+3,1.460e+1,5.564e-8,8.368e+0,4.505e-16,1.710e-23
445.80,8.229e+3,,7.739e-17,1.216e-21,8.192e+3,2.455e+1,8.186e-8,1.310e+1,4.504e-16,1.709e-23
445.85,7.354e+3,,7.732e-17,1.225e-21,7.293e+3,4.079e+1,1.198e-7,2.001e+1,4.503e-16,1.708e-23
445.90,6.507e+3,,7.725e-17,1.234e-21,6.411e+3,6.636e+1,1.724e-7,2.983e+1,4.501e-16,1.707e-23
445.95,5.718e+3,,7.717e-17,1.243e-21,5.569e+3,1.054e+2,2.427e-7,4.341e+1,4.500e-16,1.705e-23
446.00,5.014e+3,,7.710e-17,1.252e-21,4.788e+3,1.634e+2,3.334e-7,6.166e+1,4.499e-16,1.704e-23
446.05,4.421e+3,,7.703e-17,1.261e-21,4.088e+3,2.469e+2,4.470e-7,8.551e+1,4.498e-16,1.703e-23
446.10,3.961e+3,,7.696e-17,1.270e-21,3.481e+3,3.640e+2,5.844e-7,1.158e+2,4.496e-16,1.702e-23
446.14,3.701e+3,,7.690e-17,1.277e-21,3.068e+3,4.877e+2,7.113e-7,1.451e+2,4.495e-16,1.701e-23
446.19,3.519e+3,,7.683e-17,1.286e-21,2.643e+3,6.873e+2,8.891e-7,1.883e+2,4.494e-16,1.700e-23
446.24,3.500e+3,,7.675e-17,1.295e-21,2.316e+3,9.447e+2,1.084e-6,2.387e+2,4.493e-16,1.699e-23
446.29,3.638e+3,,7.668e-17,1.304e-21,2.077e+3,1.266e+3,1.288e-6,2.957e+2,4.492e-16,1.698e-23
446.34,3.923e+3,,7.661e-17,1.313e-21,1.910e+3,1.655e+3,1.494e-6,3.580e+2,4.490e-16,1.697e-23
446.39,4.334e+3,,7.654e-17,1.322e-21,1.800e+3,2.110e+3,1.689e-6,4.237e+2,4.489e-16,1.696e-23
446.44,4.842e+3,,7.646e-17,1.331e-21,1.727e+3,2.624e+3,1.862e-6,4.903e+2,4.488e-16,1.695e-23
446.49,5.412e+3,,7.639e-17,1.340e-21,1.675e+3,3.182e+3,2.003e-6,5.549e+2,4.487e-16,1.693e-23
446.53,5.887e+3,,7.633e-17,1.347e-21,1.637e+3,3.647e+3,2.085e-6,6.030e+2,4.486e-16,1.693e-23
446.58,6.468e+3,,7.626e-17,1.356e-21,1.585e+3,4.227e+3,2.143e-6,6.562e+2,4.484e-16,1.691e-23
446.63,6.997e+3,,7.619e-17,1.365e-21,1.519e+3,4.779e+3,2.149e-6,6.988e+2,4.483e-16,1.690e-23
446.68,7.432e+3,,7.612e-17,1.374e-21,1.434e+3,5.269e+3,2.101e-6,7.285e+2,4.482e-16,1.689e-23
446.73,7.739e+3,,7.605e-17,1.383e-21,1.329e+3,5.666e+3,2.003e-6,7.438e+2,4.480e-16,1.688e-23
446.78,7.893e+3,,7.597e-17,1.392e-21,1.207e+3,5.942e+3,1.862e-6,7.438e+2,4.479e-16,1.687e-23
446.83,7.879e+3,,7.590e-17,1.401e-21,1.073e+3,6.078e+3,1.689e-6,7.287e+2,4.478e-16,1.686e-23
446.88,7.694e+3,,7.583e-17,1.410e-21,9.317e+2,6.062e+3,1.494e-6,6.995e+2,4.477e-16,1.685e-23
446.92,7.428e+3,,7.577e-17,1.418e-21,8.186e+2,5.942e+3,1.330e-6,6.671e+2,4.476e-16,1.684e-23
446.97,6.966e+3,,7.570e-17,1.427e-21,6.822e+2,5.666e+3,1.124e-6,6.175e+2,4.474e-16,1.683e-23
447.02,6.386e+3,,7.563e-17,1.436e-21,5.564e+2,5.269e+3,9.268e-7,5.601e+2,4.473e-16,1.682e-23
447.07,5.722e+3,,7.555e-17,1.445e-21,4.454e+2,4.779e+3,7.452e-7,4.980e+2,4.472e-16,1.681e-23
447.12,5.013e+3,,7.548e-17,1.454e-21,3.523e+2,4.227e+3,5.844e-7,4.339e+2,4.471e-16,1.679e-23
447.17,4.296e+3,,7.541e-17,1.463e-21,2.791e+2,3.647e+3,4.469e-7,3.705e+2,4.469e-16,1.678e-23
447.22,3.605e+3,,7.534e-17,1.472e-21,2.269e+2,3.068e+3,3.333e-7,3.099e+2,4.468e-16,1.677e-23
447.27,2.968e+3,,7.526e-17,1.481e-21,1.966e+2,2.517e+3,2.424e-7,2.540e+2,4.467e-16,1.676e-23
447.32,2.407e+3,,7.519e-17,1.490e-21,1.890e+2,2.014e+3,1.720e-7,2.039e+2,4.465e-16,1.675e-23
447.36,2.024e+3,,7.513e-17,1.497e-21,1.999e+2,1.655e+3,1.283e-7,1.684e+2,4.464e-16,1.674e-23
447.41,1.633e+3,,7.506e-17,1.506e-21,2.361e+2,1.266e+3,8.700e-8,1.302e+2,4.463e-16,1.673e-23
447.46,1.342e+3,,7.499e-17,1.515e-21,2.987e+2,9.448e+2,5.753e-8,9.845e+1,4.462e-16,1.672e-23
447.51,1.150e+3,,7.492e-17,1.524e-21,3.896e+2,6.875e+2,3.710e-8,7.286e+1,4.461e-16,1.671e-23
447.56,1.051e+3,,7.484e-17,1.533e-21,5.102e+2,4.881e+2,2.333e-8,5.275e+1,4.459e-16,1.670e-23
447.61,1.037e+3,,7.477e-17,1.542e-21,6.610e+2,3.382e+2,1.431e-8,3.735e+1,4.458e-16,1.669e-23
447.66,1.096e+3,,7.470e-17,1.551e-21,8.409e+2,2.290e+2,8.560e-9,2.585e+1,4.457e-16,1.667e-23
447.71,1.216e+3,,7.463e-17,1.560e-21,1.047e+3,1.521e+2,4.994e-9,1.749e+1,4.456e-16,1.666e-23
447.75,1.347e+3,,7.457e-17,1.567e-21,1.226e+3,1.087e+2,3.187e-9,1.259e+1,4.455e-16,1.665e-23
447.80,1.542e+3,,7.450e-17,1.576e-21,1.462e+3,7.185e+1,1.777e-9,8.173e+0,4.453e-16,1.664e-23
447.85,1.757e+3,,7.442e-17,1.585e-21,1.702e+3,4.980e+1,9.664e-10,5.183e+0,4.452e-16,1.663e-23
447.90,1.974e+3,,7.435e-17,1.594e-21,1.932e+3,3.898e+1,5.128e-10,3.211e+0,4.451e-16,1.662e-23
447.95,2.178e+3,,7.428e-17,1.603e-21,2.139e+3,3.714e+1,2.658e-10,1.942e+0,4.449e-16,1.661e-23
448.00,2.355e+3,,7.421e-17,1.612e-21,2.311e+3,4.313e+1,1.353e-10,1.147e+0,4.448e-16,1.660e-23
448.05,2.492e+3,,7.413e-17,1.621e-21,2.435e+3,5.674e+1,6.942e-11,6.616e-1,4.447e-16,1.659e-23
448.10,2.581e+3,,7.406e-17,1.630e-21,2.502e+3,7.843e+1,3.951e-11,3.724e-1,4.446e-16,1.658e-23
448.15,2.618e+3,,7.399e-17,1.639e-21,2.509e+3,1.091e+2,3.168e-11,2.046e-1,4.444e-16,1.657e-23
448.19,2.610e+3,,7.393e-17,1.646e-21,2.469e+3,1.409e+2,3.828e-11,1.245e-1,4.443e-16,1.656e-23
448.24,2.557e+3,,7.386e-17,1.655e-21,2.367e+3,1.906e+2,6.531e-11,6.550e-2,4.442e-16,1.655e-23
448.29,2.465e+3,,7.379e-17,1.664e-21,2.213e+3,2.520e+2,1.241e-10,3.361e-2,4.441e-16,1.653e-23
448.34,2.344e+3,,7.371e-17,1.673e-21,2.018e+3,3.252e+2,2.378e-10,1.683e-2,4.440e-16,1.652e-23
448.39,2.206e+3,,7.364e-17,1.682e-21,1.796e+3,4.096e+2,4.481e-10,8.223e-3,4.438e-16,1.651e-23
448.44,2.062e+3,,7.357e-17,1.691e-21,1.559e+3,5.032e+2,8.249e-10,3.920e-3,4.437e-16,1.650e-23
448.49,1.924e+3,,7.350e-17,1.700e-21,1.321e+3,6.032e+2,1.482e-9,1.823e-3,4.436e-16,1.649e-23
448.54,1.798e+3,,7.343e-17,1.709e-21,1.093e+3,7.053e+2,2.598e-9,8.269e-4,4.434e-16,1.648e-23
448.58,1.709e+3,,7.337e-17,4.938e-21,9.243e+2,7.851e+2,3.999e-9,4.316e-4,4.433e-16,1.647e-23
448.63,1.614e+3,,7.330e-17,1.819e-20,7.359e+2,8.779e+2,6.706e-9,1.873e-4,4.432e-16,1.646e-23
448.68,1.534e+3,,7.322e-17,6.537e-20,5.766e+2,9.577e+2,1.097e-8,7.926e-5,4.431e-16,1.645e-23
448.73,1.468e+3,,7.315e-17,2.292e-19,4.488e+2,1.019e+3,1.750e-8,3.272e-5,4.430e-16,1.644e-23
448.78,1.411e+3,,7.308e-17,7.844e-19,3.528e+2,1.058e+3,2.725e-8,1.318e-5,4.428e-16,1.643e-23
448.83,1.360e+3,,7.301e-17,2.619e-18,2.878e+2,1.072e+3,4.139e-8,5.175e-6,4.427e-16,1.642e-23
448.88,1.312e+3,,7.293e-17,8.531e-18,2.526e+2,1.059e+3,6.133e-8,1.983e-6,4.426e-16,1.640e-23
448.93,1.268e+3,,7.286e-17,2.712e-17,2.453e+2,1.022e+3,8.865e-8,7.409e-7,4.425e-16,1.639e-23
448.97,1.236e+3,,7.280e-17,6.721e-17,2.587e+2,9.772e+2,1.169e-7,3.311e-7,4.424e-16,1.638e-23
449.02,1.203e+3,,7.273e-17,2.044e-16,2.978e+2,9.051e+2,1.617e-7,1.183e-7,4.422e-16,1.637e-23
449.07,1.182e+3,,7.266e-17,6.066e-16,3.603e+2,8.216e+2,2.181e-7,4.122e-8,4.421e-16,1.636e-23
449.12,1.178e+3,,7.259e-17,1.756e-15,4.442e+2,7.339e+2,2.870e-7,1.401e-8,4.420e-16,1.635e-23
449.17,1.196e+3,,7.251e-17,4.962e-15,5.465e+2,6.497e+2,3.684e-7,4.644e-9,4.418e-16,1.634e-23
449.22,1.241e+3,,7.244e-17,1.368e-14,6.637e+2,5.771e+2,4.614e-7,1.501e-9,4.417e-16,1.633e-23
449.27,1.315e+3,,7.237e-17,3.680e-14,7.908e+2,5.239e+2,5.637e-7,4.734e-10,4.416e-16,1.632e-23
449.32,1.420e+3,,7.230e-17,9.659e-14,9.218e+2,4.978e+2,6.719e-7,1.456e-10,4.415e-16,1.631e-23
449.37,1.556e+3,,7.222e-17,2.474e-13,1.050e+3,5.061e+2,7.813e-7,4.361e-11,4.413e-16,1.630e-23
449.41,1.687e+3,,7.217e-17,5.157e-13,1.145e+3,5.422e+2,8.659e-7,1.635e-11,4.412e-16,1.629e-23
449.46,1.877e+3,,7.209e-17,1.264e-12,1.248e+3,6.293e+2,9.631e-7,4.689e-12,4.411e-16,1.628e-23
449.51,2.095e+3,,7.202e-17,3.021e-12,1.327e+3,7.679e+2,1.045e-6,1.311e-12,4.410e-16,1.626e-23
449.56,2.338e+3,,7.195e-17,7.048e-12,1.377e+3,9.613e+2,1.106e-6,3.577e-13,4.409e-16,1.625e-23
449.61,2.605e+3,,7.188e-17,1.604e-11,1.394e+3,1.211e+3,1.142e-6,3.415e-13,4.407e-16,1.624e-23
449.66,2.891e+3,,7.180e-17,3.563e-11,1.377e+3,1.514e+3,1.151e-6,3.252e-13,4.406e-16,1.623e-23
449.71,3.192e+3,,7.173e-17,7.723e-11,1.327e+3,1.865e+3,1.131e-6,3.090e-13,4.405e-16,1.622e-23
449.76,3.501e+3,,7.166e-17,1.633e-10,1.247e+3,2.254e+3,1.084e-6,2.928e-13,4.404e-16,1.621e-23
449.80,3.747e+3,,7.160e-17,2.921e-10,1.166e+3,2.581e+3,1.030e-6,2.798e-13,4.402e-16,1.620e-23
449.85,4.043e+3,,7.153e-17,5.910e-10,1.049e+3,2.995e+3,9.447e-7,2.636e-13,4.401e-16,1.619e-23
449.90,4.313e+3,,7.146e-17,1.167e-9,9.198e+2,3.393e+3,8.452e-7,2.474e-13,4.400e-16,1.618e-23
449.95,4.539e+3,,7.138e-17,2.247e-9,7.873e+2,3.752e+3,7.377e-7,2.311e-13,4.399e-16,1.617e-23
450.00,4.707e+3,,7.131e-17,4.224e-9,6.576e+2,4.049e+3,6.282e-7,2.149e-13,4.397e-16,1.616e-23
450.05,4.800e+3,,7.124e-17,7.747e-9,5.362e+2,4.264e+3,5.218e-7,1.987e-13,4.396e-16,1.614e-23
450.10,4.808e+3,,7.117e-17,1.386e-8,4.272e+2,4.381e+3,4.229e-7,1.825e-13,4.395e-16,1.613e-23
450.15,4.725e+3,,7.110e-17,2.421e-8,3.331e+2,4.392e+3,3.344e-7,1.662e-13,4.394e-16,1.612e-23
450.19,4.593e+3,,7.104e-17,3.715e-8,2.696e+2,4.323e+3,2.722e-7,4.747e-13,4.393e-16,1.611e-23
450.24,4.350e+3,,7.096e-17,6.205e-8,2.051e+2,4.145e+3,2.058e-7,1.724e-12,4.391e-16,1.610e-23
450.29,4.035e+3,,7.089e-17,1.012e-7,1.570e+2,3.878e+3,1.518e-7,6.111e-12,4.390e-16,1.609e-23
450.34,3.664e+3,,7.082e-17,1.609e-7,1.246e+2,3.540e+3,1.093e-7,2.114e-11,4.389e-16,1.608e-23
450.39,3.259e+3,,7.075e-17,2.497e-7,1.073e+2,3.152e+3,7.674e-8,7.135e-11,4.388e-16,1.607e-23
450.44,2.843e+3,,7.068e-17,3.781e-7,1.050e+2,2.738e+3,5.257e-8,2.351e-10,4.386e-16,1.606e-23
450.49,2.439e+3,,7.060e-17,5.587e-7,1.177e+2,2.321e+3,3.515e-8,7.557e-10,4.385e-16,1.605e-23
450.54,2.066e+3,,7.053e-17,8.055e-7,1.463e+2,1.919e+3,2.294e-8,2.371e-9,4.384e-16,1.604e-23
450.59,1.741e+3,,7.046e-17,1.133e-6,1.920e+2,1.549e+3,1.466e-8,7.260e-9,4.382e-16,1.602e-23
450.63,1.523e+3,,7.040e-17,1.463e-6,2.419e+2,1.281e+3,1.013e-8,1.746e-8,4.381e-16,1.602e-23
450.68,1.311e+3,,7.033e-17,1.969e-6,3.224e+2,9.888e+2,6.385e-9,5.117e-8,4.380e-16,1.600e-23
450.73,1.169e+3,,7.026e-17,2.586e-6,4.241e+2,7.445e+2,4.222e-9,1.464e-7,4.379e-16,1.599e-23
450.78,1.095e+3,,7.018e-17,3.314e-6,5.478e+2,5.469e+2,3.255e-9,4.085e-7,4.378e-16,1.598e-23
450.83,1.085e+3,,7.011e-17,4.143e-6,6.933e+2,3.919e+2,3.323e-9,1.113e-6,4.376e-16,1.597e-23
450.88,1.133e+3,,7.004e-17,5.055e-6,8.590e+2,2.740e+2,4.483e-9,2.958e-6,4.375e-16,1.596e-23
450.93,1.229e+3,,6.997e-17,6.018e-6,1.042e+3,1.869e+2,7.032e-9,7.672e-6,4.374e-16,1.595e-23
450.98,1.364e+3,,6.989e-17,6.990e-6,1.239e+3,1.244e+2,1.155e-8,1.942e-5,4.373e-16,1.594e-23
451.02,1.492e+3,,6.984e-17,7.742e-6,1.404e+3,8.824e+1,1.719e-8,4.013e-5,4.372e-16,1.593e-23
451.07,1.669e+3,,6.976e-17,8.604e-6,1.613e+3,5.617e+1,2.785e-8,9.723e-5,4.370e-16,1.592e-23
451.12,1.858e+3,,6.969e-17,9.330e-6,1.823e+3,3.489e+1,4.416e-8,2.299e-4,4.369e-16,1.591e-23
451.17,2.049e+3,,6.962e-17,9.872e-6,2.028e+3,2.114e+1,6.841e-8,5.306e-4,4.368e-16,1.590e-23
451.22,2.239e+3,,6.955e-17,1.019e-5,2.227e+3,1.250e+1,1.034e-7,1.195e-3,4.366e-16,1.588e-23
451.27,2.423e+3,,6.947e-17,1.027e-5,2.416e+3,7.209e+0,1.526e-7,2.626e-3,4.365e-16,1.587e-23
451.32,2.601e+3,,6.940e-17,1.009e-5,2.597e+3,4.056e+0,2.197e-7,5.633e-3,4.364e-16,1.586e-23
451.37,2.771e+3,,6.933e-17,9.680e-6,2.769e+3,2.227e+0,3.088e-7,1.179e-2,4.363e-16,1.585e-23
451.42,2.936e+3,,6.926e-17,9.059e-6,2.935e+3,1.193e+0,4.234e-7,2.409e-2,4.361e-16,1.584e-23
451.46,3.064e+3,,6.920e-17,8.441e-6,3.064e+3,7.112e-1,5.355e-7,4.191e-2,4.360e-16,1.583e-23
451.51,3.220e+3,,6.913e-17,7.559e-6,3.220e+3,3.644e-1,7.026e-7,8.195e-2,4.359e-16,1.582e-23
451.56,3.371e+3,,6.905e-17,6.605e-6,3.370e+3,1.824e-1,8.996e-7,1.564e-1,4.358e-16,1.581e-23
451.61,3.513e+3,,6.898e-17,5.634e-6,3.513e+3,8.947e-2,1.124e-6,2.912e-1,4.357e-16,1.580e-23
451.66,3.646e+3,,6.891e-17,4.691e-6,3.645e+3,4.381e-2,1.370e-6,5.291e-1,4.355e-16,1.579e-23
451.71,3.765e+3,,6.884e-17,3.817e-6,3.764e+3,2.320e-2,1.630e-6,9.384e-1,4.354e-16,1.578e-23
451.76,3.866e+3,,6.876e-17,3.039e-6,3.864e+3,1.694e-2,1.893e-6,1.624e+0,4.353e-16,1.577e-23
451.81,3.947e+3,,6.869e-17,2.377e-6,3.944e+3,2.160e-2,2.144e-6,2.743e+0,4.351e-16,1.575e-23
451.85,3.996e+3,,6.863e-17,1.938e-6,3.991e+3,3.457e-2,2.328e-6,4.100e+0,4.350e-16,1.575e-23
451.90,4.037e+3,,6.856e-17,1.506e-6,4.030e+3,6.922e-2,2.525e-6,6.627e+0,4.349e-16,1.573e-23
451.95,4.058e+3,,6.849e-17,1.205e-6,4.047e+3,1.405e-1,2.671e-6,1.046e+1,4.348e-16,1.572e-23
452.00,4.061e+3,,6.842e-17,1.036e-6,4.045e+3,2.804e-1,2.759e-6,1.610e+1,4.347e-16,1.571e-23
452.05,4.051e+3,,6.835e-17,1.001e-6,4.027e+3,5.471e-1,2.782e-6,2.419e+1,4.345e-16,1.570e-23
452.10,4.033e+3,,6.827e-17,1.108e-6,3.996e+3,1.042e+0,2.739e-6,3.547e+1,4.344e-16,1.569e-23
452.15,4.011e+3,,6.820e-17,1.367e-6,3.958e+3,1.938e+0,2.636e-6,5.075e+1,4.343e-16,1.568e-23
452.20,3.992e+3,,6.813e-17,1.795e-6,3.917e+3,3.517e+0,2.482e-6,7.088e+1,4.342e-16,1.567e-23
452.24,3.983e+3,,6.807e-17,2.271e-6,3.886e+3,5.566e+0,2.333e-6,9.098e+1,4.341e-16,1.566e-23
452.29,3.986e+3,,6.800e-17,3.050e-6,3.855e+3,9.668e+0,2.128e-6,1.216e+2,4.339e-16,1.565e-23
452.34,4.015e+3,,6.793e-17,4.047e-6,3.840e+3,1.639e+1,1.922e-6,1.586e+2,4.338e-16,1.564e-23
452.39,4.079e+3,,6.785e-17,5.272e-6,3.850e+3,2.712e+1,1.740e-6,2.019e+2,4.337e-16,1.563e-23
452.44,4.195e+3,,6.778e-17,6.718e-6,3.900e+3,4.378e+1,1.604e-6,2.508e+2,4.335e-16,1.561e-23
452.49,4.381e+3,,6.771e-17,8.365e-6,4.007e+3,6.900e+1,1.541e-6,3.041e+2,4.334e-16,1.560e-23
452.54,4.659e+3,,6.764e-17,1.017e-5,4.193e+3,1.061e+2,1.575e-6,3.598e+2,4.333e-16,1.559e-23
452.59,5.059e+3,,6.756e-17,1.207e-5,4.484e+3,1.593e+2,1.732e-6,4.155e+2,4.332e-16,1.558e-23
452.64,5.611e+3,,6.749e-17,1.398e-5,4.909e+3,2.334e+2,2.034e-6,4.682e+2,4.330e-16,1.557e-23
452.68,6.184e+3,,6.743e-17,1.545e-5,5.367e+3,3.113e+2,2.395e-6,5.062e+2,4.329e-16,1.556e-23
452.73,7.094e+3,,6.736e-17,1.714e-5,6.112e+3,4.365e+2,3.009e-6,5.460e+2,4.328e-16,1.555e-23
452.78,8.245e+3,,6.729e-17,1.854e-5,7.073e+3,5.974e+2,3.814e-6,5.746e+2,4.327e-16,1.554e-23
452.83,9.656e+3,,6.722e-17,1.958e-5,8.268e+3,7.979e+2,4.809e-6,5.903e+2,4.326e-16,1.553e-23
452.88,1.134e+4,,6.714e-17,2.018e-5,9.703e+3,1.040e+3,5.983e-6,5.917e+2,4.324e-16,1.552e-23
452.93,1.327e+4,,6.707e-17,2.030e-5,1.136e+4,1.323e+3,7.307e-6,5.789e+2,4.323e-16,1.551e-23
452.98,1.541e+4,,6.700e-17,1.993e-5,1.322e+4,1.643e+3,8.737e-6,5.527e+2,4.322e-16,1.549e-23
453.03,1.771e+4,,6.693e-17,1.909e-5,1.520e+4,1.991e+3,1.021e-5,5.149e+2,4.320e-16,1.548e-23
453.07,1.960e+4,,6.687e-17,1.813e-5,1.684e+4,2.282e+3,1.138e-5,4.782e+2,4.319e-16,1.547e-23
453.12,2.192e+4,,6.680e-17,1.662e-5,1.885e+4,2.647e+3,1.275e-5,4.264e+2,4.318e-16,1.546e-23
453.17,2.409e+4,,6.672e-17,1.488e-5,2.073e+4,2.996e+3,1.395e-5,3.711e+2,4.317e-16,1.545e-23
453.22,2.598e+4,,6.665e-17,1.299e-5,2.235e+4,3.311e+3,1.489e-5,3.151e+2,4.316e-16,1.544e-23
453.27,2.746e+4,,6.658e-17,1.107e-5,2.363e+4,3.570e+3,1.552e-5,2.612e+2,4.314e-16,1.543e-23
453.32,2.842e+4,,6.651e-17,9.211e-6,2.446e+4,3.757e+3,1.578e-5,2.113e+2,4.313e-16,1.542e-23
453.37,2.880e+4,,6.643e-17,7.478e-6,2.478e+4,3.859e+3,1.567e-5,1.668e+2,4.312e-16,1.541e-23
453.42,2.856e+4,,6.636e-17,5.924e-6,2.456e+4,3.868e+3,1.518e-5,1.285e+2,4.311e-16,1.540e-23
453.47,2.769e+4,,6.629e-17,4.581e-6,2.381e+4,3.785e+3,1.435e-5,9.660e+1,4.309e-16,1.539e-23
453.51,2.660e+4,,6.623e-17,3.664e-6,2.287e+4,3.655e+3,1.349e-5,7.555e+1,4.308e-16,1.538e-23
453.56,2.478e+4,,6.616e-17,2.712e-6,2.131e+4,3.423e+3,1.221e-5,5.436e+1,4.307e-16,1.537e-23
453.61,2.259e+4,,6.609e-17,1.958e-6,1.942e+4,3.129e+3,1.078e-5,3.817e+1,4.306e-16,1.535e-23
453.66,2.013e+4,,6.601e-17,1.380e-6,1.731e+4,2.793e+3,9.296e-6,2.616e+1,4.304e-16,1.534e-23
453.71,1.756e+4,,6.594e-17,9.496e-7,1.511e+4,2.435e+3,7.821e-6,1.750e+1,4.303e-16,1.533e-23
453.76,1.500e+4,,6.587e-17,6.375e-7,1.291e+4,2.075e+3,6.422e-6,1.142e+1,4.302e-16,1.532e-23
453.81,1.256e+4,,6.580e-17,4.177e-7,1.082e+4,1.732e+3,5.146e-6,7.274e+0,4.301e-16,1.531e-23
453.86,1.034e+4,,6.573e-17,2.671e-7,8.917e+3,1.421e+3,4.025e-6,4.522e+0,4.299e-16,1.530e-23
453.90,8.764e+3,,6.567e-17,1.835e-7,7.557e+3,1.204e+3,3.249e-6,3.037e+0,4.298e-16,1.529e-23
453.95,7.076e+3,,6.560e-17,1.123e-7,6.093e+3,9.812e+2,2.433e-6,1.807e+0,4.297e-16,1.528e-23
454.00,5.723e+3,,6.552e-17,6.707e-8,4.903e+3,8.198e+2,1.777e-6,1.049e+0,4.296e-16,1.527e-23
454.05,4.708e+3,,6.545e-17,3.910e-8,3.980e+3,7.275e+2,1.267e-6,5.945e-1,4.295e-16,1.526e-23
454.10,4.019e+3,,6.538e-17,2.224e-8,3.307e+3,7.119e+2,8.819e-7,3.287e-1,4.293e-16,1.525e-23
454.15,3.636e+3,,6.531e-17,1.235e-8,2.854e+3,7.818e+2,5.990e-7,1.774e-1,4.292e-16,1.523e-23
454.20,3.537e+3,,6.523e-17,6.690e-9,2.589e+3,9.477e+2,3.971e-7,9.343e-2,4.291e-16,1.522e-23
454.25,3.698e+3,,6.516e-17,3.537e-9,2.476e+3,1.221e+3,2.569e-7,4.802e-2,4.290e-16,1.521e-23
454.29,4.000e+3,,6.510e-17,2.088e-9,2.474e+3,1.526e+3,1.782e-7,2.771e-2,4.289e-16,1.520e-23
454.34,4.579e+3,,6.503e-17,1.057e-9,2.554e+3,2.025e+3,1.103e-7,1.363e-2,4.287e-16,1.519e-23
454.39,5.363e+3,,6.496e-17,5.219e-10,2.702e+3,2.662e+3,6.667e-8,6.543e-3,4.286e-16,1.518e-23
454.44,6.335e+3,,6.489e-17,2.516e-10,2.894e+3,3.441e+3,3.932e-8,3.065e-3,4.285e-16,1.517e-23
454.49,7.470e+3,,6.481e-17,1.183e-10,3.114e+3,4.356e+3,2.263e-8,1.401e-3,4.283e-16,1.516e-23
454.54,8.739e+3,,6.474e-17,5.433e-11,3.346e+3,5.393e+3,1.272e-8,6.253e-4,4.282e-16,1.515e-23
454.59,1.010e+4,,6.467e-17,2.434e-11,3.580e+3,6.523e+3,6.972e-9,2.723e-4,4.281e-16,1.514e-23
454.64,1.151e+4,,6.460e-17,1.064e-11,3.809e+3,7.704e+3,3.731e-9,1.157e-4,4.280e-16,1.513e-23
454.69,1.291e+4,,6.452e-17,4.542e-12,4.026e+3,8.882e+3,1.948e-9,4.799e-5,4.278e-16,1.512e-23
454.73,1.397e+4,,6.447e-17,2.258e-12,4.188e+3,9.783e+3,1.139e-9,2.332e-5,4.277e-16,1.511e-23
454.78,1.517e+4,,6.439e-17,9.224e-13,4.374e+3,1.080e+4,5.691e-10,9.257e-6,4.276e-16,1.510e-23
454.83,1.618e+4,,6.432e-17,3.677e-13,4.539e+3,1.164e+4,2.776e-10,3.586e-6,4.275e-16,1.508e-23
454.88,1.693e+4,,6.425e-17,1.430e-13,4.681e+3,1.225e+4,1.322e-10,1.356e-6,4.274e-16,1.507e-23
454.93,1.737e+4,,6.418e-17,5.430e-14,4.798e+3,1.258e+4,6.143e-11,5.001e-7,4.272e-16,1.506e-23
454.98,1.749e+4,,6.410e-17,2.012e-14,4.888e+3,1.261e+4,2.786e-11,1.801e-7,4.271e-16,1.505e-23
455.03,1.728e+4,,6.403e-17,7.275e-15,4.949e+3,1.234e+4,1.233e-11,6.326e-8,4.270e-16,1.504e-23
455.08,1.676e+4,,6.396e-17,2.567e-15,4.980e+3,1.178e+4,5.326e-12,2.169e-8,4.268e-16,1.503e-23
455.12,1.614e+4,,6.390e-17,1.096e-15,4.980e+3,1.116e+4,2.674e-12,9.054e-9,4.267e-16,1.502e-23
455.17,1.516e+4,,6.383e-17,3.703e-16,4.950e+3,1.021e+4,1.106e-12,2.971e-9,4.266e-16,1.501e-23
455.22,1.400e+4,,6.376e-17,1.221e-16,4.884e+3,9.115e+3,4.462e-13,9.517e-10,4.265e-16,1.500e-23
455.27,1.273e+4,,6.368e-17,3.926e-17,4.779e+3,7.946e+3,1.757e-13,2.975e-10,4.264e-16,1.499e-23
455.32,1.140e+4,,6.361e-17,1.233e-17,4.636e+3,6.765e+3,6.763e-14,9.074e-11,4.262e-16,1.498e-23
455.37,1.008e+4,,6.354e-17,3.777e-18,4.454e+3,5.626e+3,2.563e-14,2.701e-11,4.261e-16,1.496e-23
455.42,8.809e+3,,6.347e-17,1.129e-18,4.234e+3,4.575e+3,1.014e-14,7.848e-12,4.260e-16,1.495e-23
455.47,7.624e+3,,6.340e-17,3.295e-19,3.981e+3,3.643e+3,5.790e-15,2.225e-12,4.259e-16,1.494e-23
455.51,6.754e+3,,6.334e-17,1.209e-19,3.758e+3,2.996e+3,7.084e-15,7.976e-13,4.258e-16,1.493e-23
455.56,5.778e+3,,6.326e-17,3.376e-20,3.458e+3,2.319e+3,1.603e-14,2.164e-13,4.256e-16,1.492e-23
455.61,4.932e+3,,6.319e-17,9.203e-21,3.144e+3,1.788e+3,4.186e-14,2.164e-13,4.255e-16,1.491e-23
455.66,4.219e+3,,6.312e-17,9.164e-21,2.824e+3,1.395e+3,1.093e-13,2.164e-13,4.254e-16,1.490e-23
455.71,3.636e+3,,6.305e-17,9.124e-21,2.508e+3,1.128e+3,2.796e-13,2.164e-13,4.252e-16,1.489e-23
455.76,3.180e+3,,6.298e-17,9.085e-21,2.205e+3,9.749e+2,6.985e-13,2.164e-13,4.251e-16,1.488e-23
455.81,2.843e+3,,6.290e-17,9.045e-21,1.924e+3,9.193e+2,1.705e-12,2.163e-13,4.250e-16,1.487e-23
455.86,2.619e+3,,2.320e-16,9.006e-21,1.672e+3,9.468e+2,4.062e-12,2.163e-13,4.249e-16,1.486e-23
455.91,2.496e+3,,8.358e-16,8.966e-21,1.453e+3,1.043e+3,9.453e-12,2.163e-13,4.247e-16,1.484e-23
455.95,2.464e+3,,2.290e-15,8.935e-21,1.303e+3,1.160e+3,1.827e-11,2.163e-13,4.246e-16,1.484e-23
456.00,2.494e+3,,7.905e-15,8.896e-21,1.149e+3,1.345e+3,4.073e-11,2.163e-13,4.245e-16,1.482e-23
456.05,2.587e+3,,2.669e-14,8.856e-21,1.027e+3,1.560e+3,8.872e-11,2.163e-13,4.244e-16,1.481e-23
456.10,2.725e+3,,8.784e-14,8.817e-21,9.352e+2,1.790e+3,1.887e-10,2.163e-13,4.243e-16,1.480e-23
456.15,2.890e+3,,2.823e-13,8.777e-21,8.670e+2,2.023e+3,3.921e-10,2.162e-13,4.241e-16,1.479e-23
456.20,3.062e+3,,8.863e-13,8.738e-21,8.162e+2,2.246e+3,7.956e-10,2.162e-13,4.240e-16,1.478e-23
456.25,3.226e+3,,2.717e-12,8.698e-21,7.764e+2,2.449e+3,1.577e-9,2.162e-13,4.239e-16,1.477e-23
456.30,3.368e+3,,8.132e-12,8.659e-21,7.416e+2,2.626e+3,3.052e-9,2.162e-13,4.237e-16,1.476e-23
456.34,3.462e+3,,1.922e-11,8.628e-21,7.139e+2,2.748e+3,5.091e-9,2.162e-13,4.236e-16,1.475e-23
456.39,3.554e+3,,5.512e-11,8.588e-21,6.765e+2,2.877e+3,9.447e-9,2.162e-13,4.235e-16,1.474e-23
456.44,3.623e+3,,1.544e-10,8.549e-21,6.338e+2,2.989e+3,1.713e-8,2.162e-13,4.234e-16,1.473e-23
456.49,3.682e+3,,4.223e-10,8.509e-21,5.850e+2,3.097e+3,3.033e-8,2.161e-13,4.233e-16,1.472e-23
456.54,3.749e+3,,1.128e-9,8.470e-21,5.304e+2,3.219e+3,5.247e-8,2.161e-13,4.231e-16,1.470e-23
456.59,3.846e+3,,2.942e-9,8.430e-21,4.716e+2,3.374e+3,8.868e-8,2.161e-13,4.230e-16,1.469e-23
456.64,3.992e+3,,7.495e-9,8.391e-21,4.106e+2,3.581e+3,1.464e-7,2.161e-13,4.229e-16,1.468e-23
456.69,4.205e+3,,1.865e-8,8.352e-21,3.497e+2,3.856e+3,2.363e-7,2.161e-13,4.228e-16,1.467e-23
456.74,4.498e+3,,4.531e-8,8.312e-21,2.912e+2,4.207e+3,3.725e-7,2.161e-13,4.226e-16,1.466e-23
456.78,4.791e+3,,9.061e-8,8.281e-21,2.474e+2,4.543e+3,5.274e-7,2.160e-13,4.225e-16,1.465e-23
456.83,5.224e+3,,2.110e-7,8.241e-21,1.976e+2,5.026e+3,7.977e-7,2.160e-13,4.224e-16,1.464e-23
456.88,5.714e+3,,4.797e-7,8.202e-21,1.541e+2,5.560e+3,1.179e-6,2.160e-13,4.223e-16,1.463e-23
456.93,6.234e+3,,1.065e-6,8.162e-21,1.174e+2,6.117e+3,1.704e-6,2.160e-13,4.221e-16,1.462e-23
456.98,6.747e+3,,2.311e-6,8.123e-21,8.736e+1,6.660e+3,2.406e-6,2.160e-13,4.220e-16,1.461e-23
457.03,7.214e+3,,4.895e-6,8.084e-21,6.346e+1,7.150e+3,3.321e-6,2.160e-13,4.219e-16,1.460e-23
457.08,7.593e+3,,1.013e-5,8.044e-21,4.501e+1,7.548e+3,4.481e-6,2.160e-13,4.218e-16,1.458e-23
457.13,7.847e+3,,2.047e-5,8.005e-21,3.117e+1,7.816e+3,5.912e-6,2.159e-13,4.216e-16,1.457e-23
457.17,7.943e+3,,3.534e-5,7.973e-21,2.283e+1,7.920e+3,7.260e-6,2.159e-13,4.215e-16,1.456e-23
457.22,7.913e+3,,6.846e-5,7.934e-21,1.514e+1,7.898e+3,9.199e-6,2.159e-13,4.214e-16,1.455e-23
457.27,7.712e+3,,1.296e-4,7.894e-21,9.804e+0,7.702e+3,1.140e-5,2.159e-13,4.213e-16,1.454e-23
457.32,7.349e+3,,2.395e-4,7.855e-21,6.198e+0,7.343e+3,1.381e-5,2.159e-13,4.212e-16,1.453e-23
457.37,6.843e+3,,4.326e-4,7.816e-21,3.825e+0,6.839e+3,1.637e-5,2.159e-13,4.210e-16,1.452e-23
457.42,6.226e+3,,7.633e-4,7.776e-21,2.305e+0,6.223e+3,1.897e-5,2.158e-13,4.209e-16,1.451e-23
457.47,5.532e+3,,1.316e-3,7.737e-21,1.356e+0,5.531e+3,2.151e-5,2.158e-13,4.208e-16,1.450e-23
457.52,4.801e+3,,2.216e-3,7.697e-21,7.785e-1,4.801e+3,2.387e-5,2.158e-13,4.207e-16,1.449e-23
457.56,4.214e+3,,3.308e-3,7.666e-21,4.910e-1,4.214e+3,2.553e-5,2.158e-13,4.205e-16,1.448e-23
457.61,3.504e+3,,5.346e-3,7.626e-21,2.700e-1,3.504e+3,2.722e-5,2.158e-13,4.204e-16,1.447e-23
457.66,2.845e+3,,8.442e-3,7.587e-21,1.450e-1,2.845e+3,2.841e-5,2.158e-13,4.203e-16,1.446e-23
457.71,2.256e+3,,1.303e-2,7.548e-21,7.601e-2,2.256e+3,2.901e-5,2.158e-13,4.202e-16,1.445e-23
457.76,1.746e+3,,1.967e-2,7.508e-21,3.890e-2,1.746e+3,2.899e-5,2.157e-13,4.200e-16,1.443e-23
457.81,1.320e+3,,2.901e-2,7.469e-21,1.944e-2,1.320e+3,2.835e-5,2.157e-13,4.199e-16,1.442e-23
457.86,9.741e+2,,4.185e-2,7.429e-21,9.480e-3,9.741e+2,2.713e-5,2.157e-13,4.198e-16,1.441e-23
457.91,7.020e+2,,5.904e-2,7.390e-21,4.515e-3,7.019e+2,2.541e-5,2.157e-13,4.197e-16,1.440e-23
457.96,4.939e+2,,8.146e-2,7.350e-21,2.099e-3,4.938e+2,2.329e-5,2.157e-13,4.195e-16,1.439e-23
458.00,3.665e+2,,1.037e-1,7.319e-21,1.118e-3,3.664e+2,2.138e-5,2.157e-13,4.194e-16,1.438e-23
458.05,2.470e+2,,1.376e-1,7.280e-21,4.977e-4,2.469e+2,1.885e-5,2.157e-13,4.193e-16,1.437e-23
458.10,1.626e+2,,1.787e-1,7.240e-21,2.163e-4,1.624e+2,1.627e-5,2.156e-13,4.192e-16,1.436e-23
458.15,1.046e+2,,2.271e-1,7.201e-21,9.181e-5,1.044e+2,1.373e-5,2.156e-13,4.191e-16,1.435e-23
458.20,6.574e+1,,2.826e-1,7.161e-21,3.804e-5,6.545e+1,1.135e-5,2.156e-13,4.189e-16,1.434e-23
458.25,4.043e+1,,3.445e-1,7.122e-21,1.538e-5,4.008e+1,9.171e-6,2.156e-13,4.188e-16,1.433e-23
458.30,2.438e+1,,4.113e-1,7.082e-21,6.075e-6,2.397e+1,7.254e-6,2.156e-13,4.187e-16,1.431e-23
458.35,1.447e+1,,4.813e-1,7.043e-21,2.342e-6,1.399e+1,5.614e-6,2.156e-13,4.185e-16,1.430e-23
458.39,9.479e+0,,5.379e-1,7.012e-21,1.074e-6,8.941e+0,4.501e-6,2.156e-13,4.184e-16,1.429e-23
458.44,5.607e+0,,6.073e-1,6.972e-21,3.964e-7,5.000e+0,3.348e-6,2.155e-13,4.183e-16,1.428e-23
458.49,3.402e+0,,6.725e-1,6.933e-21,1.429e-7,2.730e+0,2.436e-6,2.155e-13,4.182e-16,1.427e-23
458.54,2.186e+0,,7.305e-1,6.893e-21,5.028e-8,1.455e+0,1.734e-6,2.155e-13,4.181e-16,1.426e-23
458.59,1.536e+0,,7.787e-1,6.854e-21,1.727e-8,7.574e-1,1.207e-6,2.155e-13,4.179e-16,1.425e-23
458.64,1.200e+0,,8.147e-1,6.814e-21,5.794e-9,3.849e-1,8.215e-7,2.155e-13,4.178e-16,1.424e-23
458.69,1.028e+0,,8.368e-1,6.775e-21,1.897e-9,1.910e-1,5.468e-7,2.155e-13,4.177e-16,1.423e-23
458.74,9.364e-1,,8.439e-1,6.736e-21,6.065e-10,9.251e-2,3.559e-7,2.154e-13,4.176e-16,1.422e-23
458.78,8.895e-1,,8.386e-1,6.704e-21,2.394e-10,5.092e-2,2.483e-7,2.154e-13,4.175e-16,1.421e-23
458.83,8.422e-1,,8.186e-1,6.665e-21,7.328e-11,2.363e-2,1.552e-7,2.154e-13,4.173e-16,1.420e-23
458.88,7.954e-1,,7.847e-1,6.625e-21,2.190e-11,1.070e-2,9.478e-8,2.154e-13,4.172e-16,1.419e-23
458.93,7.435e-1,,7.388e-1,6.586e-21,6.391e-12,4.735e-3,5.659e-8,2.154e-13,4.171e-16,1.417e-23
458.98,6.851e-1,,6.831e-1,6.546e-21,3.817e-12,2.045e-3,3.303e-8,2.154e-13,4.169e-16,1.416e-23
459.03,6.210e-1,,6.202e-1,6.507e-21,7.674e-12,8.623e-4,1.884e-8,2.154e-13,4.168e-16,1.415e-23
459.08,5.532e-1,,5.528e-1,6.468e-21,2.527e-11,3.550e-4,1.050e-8,2.153e-13,4.167e-16,1.414e-23
459.13,4.839e-1,,4.837e-1,6.428e-21,8.611e-11,1.427e-4,5.720e-9,2.153e-13,4.166e-16,1.413e-23
459.18,4.155e-1,,4.154e-1,6.389e-21,2.881e-10,5.601e-5,3.044e-9,2.153e-13,4.164e-16,1.412e-23
459.22,3.628e-1,,3.628e-1,6.357e-21,7.446e-10,2.605e-5,1.808e-9,2.153e-13,4.163e-16,1.411e-23
459.27,3.011e-1,,3.011e-1,6.318e-21,2.389e-9,9.794e-6,9.229e-10,2.153e-13,4.162e-16,1.410e-23
459.32,2.450e-1,,2.450e-1,6.278e-21,7.485e-9,3.595e-6,4.603e-10,2.153e-13,4.161e-16,1.409e-23
459.37,1.955e-1,,1.955e-1,6.239e-21,2.291e-8,1.288e-6,2.243e-10,2.152e-13,4.160e-16,1.408e-23
459.42,1.530e-1,,1.530e-1,6.200e-21,6.850e-8,4.508e-7,1.068e-10,2.152e-13,4.158e-16,1.407e-23
459.47,1.173e-1,,1.173e-1,6.160e-21,2.001e-7,1.540e-7,4.965e-11,2.152e-13,4.157e-16,1.405e-23
459.52,8.810e-2,,8.810e-2,6.121e-21,5.708e-7,5.137e-8,2.255e-11,2.152e-13,4.156e-16,1.404e-23
459.57,6.483e-2,,6.482e-2,6.081e-21,1.591e-6,1.673e-8,1.001e-11,2.152e-13,4.154e-16,1.403e-23
459.61,4.996e-2,,4.996e-2,6.050e-21,3.551e-6,6.703e-9,5.136e-12,2.152e-13,4.153e-16,1.402e-23
459.66,3.541e-2,,3.540e-2,6.010e-21,9.486e-6,2.091e-9,2.184e-12,2.152e-13,4.152e-16,1.401e-23
459.71,2.458e-2,,2.455e-2,5.971e-21,2.476e-5,6.369e-10,9.075e-13,2.151e-13,4.151e-16,1.400e-23
459.76,1.673e-2,,1.667e-2,5.932e-21,6.311e-5,1.894e-10,3.682e-13,2.151e-13,4.150e-16,1.399e-23
459.81,1.123e-2,,1.108e-2,5.892e-21,1.571e-4,5.499e-11,1.459e-13,2.151e-13,4.148e-16,1.398e-23
459.86,7.583e-3,,7.201e-3,5.853e-21,3.822e-4,1.559e-11,5.647e-14,2.151e-13,4.147e-16,1.397e-23
459.91,5.488e-3,,4.579e-3,5.813e-21,9.082e-4,4.315e-12,2.135e-14,2.151e-13,4.146e-16,1.396e-23
459.96,4.957e-3,,2.849e-3,5.774e-21,2.108e-3,4.306e-12,7.880e-15,2.151e-13,4.145e-16,1.395e-23
460.01,6.512e-3,,1.733e-3,5.735e-21,4.779e-3,4.298e-12,2.841e-15,2.151e-13,4.143e-16,1.393e-23
460.05,1.019e-2,,1.146e-3,5.703e-21,9.044e-3,4.291e-12,1.235e-15,2.150e-13,4.142e-16,1.393e-23
460.10,2.033e-2,,6.699e-4,5.664e-21,1.966e-2,4.282e-12,4.265e-16,2.150e-13,4.141e-16,1.391e-23
460.15,4.211e-2,,3.828e-4,5.624e-21,4.173e-2,4.273e-12,1.439e-16,2.150e-13,4.140e-16,1.390e-23
460.20,8.676e-2,,2.139e-4,5.585e-21,8.654e-2,4.265e-12,4.741e-17,2.150e-13,4.138e-16,1.389e-23
460.25,1.754e-1,,1.168e-4,5.545e-21,1.753e-1,4.256e-12,1.525e-17,2.150e-13,4.137e-16,1.388e-23
460.30,3.470e-1,,6.236e-5,5.506e-21,3.469e-1,4.248e-12,4.792e-18,2.150e-13,4.136e-16,1.387e-23
460.35,6.706e-1,,3.254e-5,5.467e-21,6.706e-1,4.239e-12,1.470e-18,2.149e-13,4.135e-16,1.386e-23
460.40,1.266e+0,,1.660e-5,5.427e-21,1.266e+0,4.230e-12,4.404e-19,2.149e-13,4.133e-16,1.385e-23
460.44,2.070e+0,,9.526e-6,5.396e-21,2.070e+0,4.223e-12,1.638e-19,2.149e-13,4.132e-16,1.384e-23
460.49,3.747e+0,,4.662e-6,5.356e-21,3.747e+0,4.215e-12,4.705e-20,2.149e-13,4.131e-16,1.383e-23
460.54,6.626e+0,,2.229e-6,5.317e-21,6.626e+0,4.206e-12,1.319e-20,2.149e-13,4.130e-16,1.382e-23
460.59,1.144e+1,,1.042e-6,5.277e-21,1.144e+1,4.198e-12,3.613e-21,2.149e-13,4.129e-16,1.381e-23
460.64,1.931e+1,,4.756e-7,5.238e-21,1.931e+1,4.189e-12,3.585e-21,2.149e-13,4.127e-16,1.380e-23
460.69,3.182e+1,,2.122e-7,5.199e-21,3.182e+1,4.180e-12,3.556e-21,2.148e-13,4.126e-16,1.378e-23
460.74,5.123e+1,,9.250e-8,5.159e-21,5.123e+1,4.172e-12,3.528e-21,2.148e-13,4.125e-16,1.377e-23
460.79,8.057e+1,,3.939e-8,5.120e-21,8.057e+1,4.163e-12,3.499e-21,2.148e-13,4.123e-16,1.376e-23
460.83,1.138e+2,,1.957e-8,5.088e-21,1.138e+2,4.156e-12,3.476e-21,2.148e-13,4.122e-16,1.375e-23
460.88,1.716e+2,,7.991e-9,5.049e-21,1.716e+2,4.148e-12,3.447e-21,2.148e-13,4.121e-16,1.374e-23
460.93,2.528e+2,,3.188e-9,5.009e-21,2.528e+2,4.139e-12,3.419e-21,2.148e-13,4.120e-16,1.373e-23
460.98,3.638e+2,,1.243e-9,4.970e-21,3.638e+2,4.130e-12,3.390e-21,2.148e-13,4.119e-16,1.372e-23
461.03,5.114e+2,,4.731e-10,4.930e-21,5.114e+2,4.122e-12,3.361e-21,2.147e-13,4.117e-16,1.371e-23
461.08,7.025e+2,,1.759e-10,4.891e-21,7.025e+2,4.113e-12,3.333e-21,2.147e-13,4.116e-16,1.370e-23
461.13,9.427e+2,,6.392e-11,4.852e-21,9.427e+2,4.105e-12,3.304e-21,2.147e-13,4.115e-16,1.369e-23
461.18,1.236e+3,,2.268e-11,4.812e-21,1.236e+3,4.096e-12,3.276e-21,2.147e-13,4.114e-16,1.368e-23
461.23,1.584e+3,,7.864e-12,4.773e-21,1.584e+3,4.087e-12,3.247e-21,2.147e-13,4.112e-16,1.366e-23
461.27,1.900e+3,,3.314e-12,4.741e-21,1.900e+3,4.081e-12,3.224e-21,2.147e-13,4.111e-16,1.366e-23
461.32,2.337e+3,,1.105e-12,4.702e-21,2.337e+3,4.072e-12,3.195e-21,2.146e-13,4.110e-16,1.364e-23
461.37,2.809e+3,,3.715e-13,4.662e-21,2.809e+3,4.063e-12,3.167e-21,2.146e-13,4.109e-16,1.363e-23
461.42,3.303e+3,,1.603e-13,4.623e-21,3.303e+3,4.055e-12,3.138e-21,2.146e-13,4.107e-16,1.362e-23
461.47,3.799e+3,,1.866e-13,4.584e-21,3.799e+3,4.046e-12,3.109e-21,2.146e-13,4.106e-16,1.361e-23
461.52,4.276e+3,,4.874e-13,4.544e-21,4.276e+3,4.037e-12,3.081e-21,2.146e-13,4.105e-16,1.360e-23
461.57,4.714e+3,,1.469e-12,4.505e-21,4.714e+3,4.029e-12,3.052e-21,2.146e-13,4.104e-16,1.359e-23
461.62,5.091e+3,,4.406e-12,4.465e-21,5.091e+3,4.020e-12,3.024e-21,2.146e-13,4.102e-16,1.358e-23
461.66,5.338e+3,,1.045e-11,4.434e-21,5.338e+3,4.013e-12,3.001e-21,2.145e-13,4.101e-16,1.357e-23
461.71,5.571e+3,,3.012e-11,4.394e-21,5.571e+3,4.005e-12,2.972e-21,2.145e-13,4.100e-16,1.356e-23
461.76,5.714e+3,,8.487e-11,4.355e-21,5.714e+3,3.996e-12,2.943e-21,2.145e-13,4.099e-16,1.355e-23
461.81,5.767e+3,,2.337e-10,4.316e-21,5.767e+3,3.987e-12,2.915e-21,2.145e-13,4.098e-16,1.354e-23
461.86,5.739e+3,,6.288e-10,4.276e-21,5.739e+3,3.979e-12,2.886e-21,2.145e-13,4.096e-16,1.352e-23
461.91,5.640e+3,,1.653e-9,4.237e-21,5.640e+3,3.970e-12,2.857e-21,2.145e-13,4.095e-16,1.351e-23
461.96,5.484e+3,,4.249e-9,4.197e-21,5.484e+3,3.962e-12,2.829e-21,2.145e-13,4.094e-16,1.350e-23
462.01,5.287e+3,,1.067e-8,4.158e-21,5.287e+3,3.953e-12,2.800e-21,2.144e-13,4.093e-16,1.349e-23
462.06,5.061e+3,,2.620e-8,4.119e-21,5.061e+3,3.944e-12,2.772e-21,2.144e-13,4.091e-16,1.348e-23
462.10,4.867e+3,,5.285e-8,4.087e-21,4.867e+3,3.938e-12,2.749e-21,2.144e-13,4.090e-16,1.347e-23
462.15,4.613e+3,,1.245e-7,4.048e-21,4.613e+3,3.929e-12,2.720e-21,2.144e-13,4.089e-16,1.346e-23
462.20,4.351e+3,,2.865e-7,4.008e-21,4.351e+3,3.920e-12,9.819e-21,2.144e-13,4.088e-16,1.345e-23
462.25,4.081e+3,,6.444e-7,3.969e-21,4.081e+3,3.912e-12,3.464e-20,2.144e-13,4.086e-16,1.344e-23
462.30,3.802e+3,,1.417e-6,3.929e-21,3.802e+3,3.903e-12,1.194e-19,2.143e-13,4.085e-16,1.343e-23
462.35,3.514e+3,,3.044e-6,3.890e-21,3.514e+3,3.894e-12,4.021e-19,2.143e-13,4.084e-16,1.342e-23
462.40,3.215e+3,,6.391e-6,3.851e-21,3.215e+3,3.886e-12,1.323e-18,2.143e-13,4.083e-16,1.340e-23
462.45,2.907e+3,,1.312e-5,3.811e-21,2.907e+3,3.877e-12,4.255e-18,2.143e-13,4.081e-16,1.339e-23
462.49,2.656e+3,,2.293e-5,3.780e-21,2.656e+3,3.870e-12,1.066e-17,2.143e-13,4.080e-16,1.338e-23
462.54,2.339e+3,,4.515e-5,3.740e-21,2.339e+3,3.862e-12,3.289e-17,2.143e-13,4.079e-16,1.337e-23
462.59,2.027e+3,,8.689e-5,3.701e-21,2.027e+3,3.853e-12,9.913e-17,2.143e-13,4.078e-16,1.336e-23
462.64,1.725e+3,,1.634e-4,3.661e-21,1.725e+3,3.844e-12,2.920e-16,2.142e-13,4.077e-16,1.335e-23
462.69,1.440e+3,,3.005e-4,3.622e-21,1.440e+3,3.836e-12,8.405e-16,2.142e-13,4.075e-16,1.334e-23
462.74,1.179e+3,,5.398e-4,3.583e-21,1.179e+3,3.827e-12,2.364e-15,2.142e-13,4.074e-16,1.333e-23
462.79,9.455e+2,,9.479e-4,3.543e-21,9.455e+2,3.819e-12,6.497e-15,2.142e-13,4.073e-16,1.332e-23
462.84,7.433e+2,,1.627e-3,3.504e-21,7.433e+2,3.810e-12,1.745e-14,2.142e-13,4.071e-16,1.331e-23
462.88,6.048e+2,,2.465e-3,3.472e-21,6.047e+2,3.803e-12,3.783e-14,2.142e-13,4.070e-16,1.330e-23
462.93,4.603e+2,,4.060e-3,3.433e-21,4.603e+2,3.795e-12,9.745e-14,2.142e-13,4.069e-16,1.329e-23
462.98,3.463e+2,,6.535e-3,3.393e-21,3.463e+2,3.786e-12,2.453e-13,2.141e-13,4.068e-16,1.328e-23
463.03,2.607e+2,,1.028e-2,3.354e-21,2.607e+2,3.777e-12,6.036e-13,2.141e-13,4.067e-16,1.326e-23
463.08,2.008e+2,,1.581e-2,3.315e-21,2.008e+2,3.769e-12,1.451e-12,2.141e-13,4.065e-16,1.325e-23
463.13,1.642e+2,,2.375e-2,3.275e-21,1.642e+2,3.760e-12,3.410e-12,2.141e-13,4.064e-16,1.324e-23
463.18,1.488e+2,,3.489e-2,3.236e-21,1.488e+2,3.751e-12,7.829e-12,2.141e-13,4.063e-16,1.323e-23
463.23,1.532e+2,,5.009e-2,3.196e-21,1.531e+2,3.743e-12,1.757e-11,2.141e-13,4.062e-16,1.322e-23
463.28,1.765e+2,,7.028e-2,3.157e-21,1.764e+2,3.734e-12,3.853e-11,2.140e-13,4.060e-16,1.321e-23
463.32,2.086e+2,,9.064e-2,3.125e-21,2.085e+2,3.727e-12,7.102e-11,2.140e-13,4.059e-16,1.320e-23
463.37,2.655e+2,,1.220e-1,3.086e-21,2.654e+2,3.719e-12,1.495e-10,2.140e-13,4.058e-16,1.319e-23
463.42,3.411e+2,,1.606e-1,3.047e-21,3.410e+2,3.710e-12,3.074e-10,2.140e-13,4.057e-16,1.318e-23
463.47,4.352e+2,,2.066e-1,3.007e-21,4.350e+2,3.702e-12,6.180e-10,2.140e-13,4.055e-16,1.317e-23
463.52,5.468e+2,,2.597e-1,2.968e-21,5.465e+2,3.693e-12,1.214e-9,2.140e-13,4.054e-16,1.316e-23
463.57,6.739e+2,,3.192e-1,2.928e-21,6.735e+2,3.684e-12,2.333e-9,2.140e-13,4.053e-16,1.315e-23
463.62,8.134e+2,,3.833e-1,2.889e-21,8.130e+2,3.676e-12,4.381e-9,2.139e-13,4.052e-16,1.313e-23
463.67,9.610e+2,,4.500e-1,2.849e-21,9.605e+2,3.667e-12,8.042e-9,2.139e-13,4.050e-16,1.312e-23
463.71,1.081e+3,,5.032e-1,2.818e-21,1.081e+3,3.660e-12,1.287e-8,2.139e-13,4.049e-16,1.311e-23
463.76,1.229e+3,,5.668e-1,2.779e-21,1.228e+3,3.652e-12,2.269e-8,2.139e-13,4.048e-16,1.310e-23
463.81,1.367e+3,,6.241e-1,2.739e-21,1.367e+3,3.643e-12,3.912e-8,2.139e-13,4.047e-16,1.309e-23
463.86,1.490e+3,,6.717e-1,2.700e-21,1.490e+3,3.634e-12,6.598e-8,2.139e-13,4.046e-16,1.308e-23
463.91,1.592e+3,,7.065e-1,2.660e-21,1.592e+3,3.626e-12,1.089e-7,2.139e-13,4.044e-16,1.307e-23
463.96,1.669e+3,,7.263e-1,2.621e-21,1.668e+3,3.617e-12,1.757e-7,2.138e-13,4.043e-16,1.306e-23
464.01,1.717e+3,,7.299e-1,2.581e-21,1.716e+3,3.608e-12,2.775e-7,2.138e-13,4.042e-16,1.305e-23
464.06,1.737e+3,,7.168e-1,2.542e-21,1.736e+3,3.600e-12,4.291e-7,2.138e-13,4.040e-16,1.304e-23
464.10,1.733e+3,,6.950e-1,2.510e-21,1.732e+3,3.593e-12,5.988e-7,2.138e-13,4.039e-16,1.303e-23
464.15,1.706e+3,,6.551e-1,2.471e-21,1.705e+3,3.584e-12,8.913e-7,2.138e-13,4.038e-16,1.302e-23
464.20,1.659e+3,,6.035e-1,2.432e-21,1.658e+3,3.576e-12,1.299e-6,2.138e-13,4.037e-16,1.301e-23
464.25,1.596e+3,,5.434e-1,2.392e-21,1.595e+3,3.567e-12,1.856e-6,2.137e-13,4.036e-16,1.299e-23
464.30,1.523e+3,,4.782e-1,2.353e-21,1.523e+3,3.559e-12,2.599e-6,2.137e-13,4.034e-16,1.298e-23
464.35,1.446e+3,,4.113e-1,2.313e-21,1.446e+3,3.550e-12,3.567e-6,2.137e-13,4.033e-16,1.297e-23
464.40,1.368e+3,,3.458e-1,2.274e-21,1.368e+3,3.541e-12,4.803e-6,2.137e-13,4.032e-16,1.296e-23
464.45,1.294e+3,,2.842e-1,2.235e-21,1.294e+3,3.533e-12,6.344e-6,2.137e-13,4.031e-16,1.295e-23
464.50,1.225e+3,,2.282e-1,2.195e-21,1.225e+3,3.524e-12,8.226e-6,2.137e-13,4.029e-16,1.294e-23
464.54,1.175e+3,,1.884e-1,2.164e-21,1.175e+3,3.517e-12,9.993e-6,2.137e-13,4.028e-16,1.293e-23
464.59,1.119e+3,,1.453e-1,2.124e-21,1.119e+3,3.509e-12,1.254e-5,2.136e-13,4.027e-16,1.292e-23
464.64,1.071e+3,,1.096e-1,2.085e-21,1.071e+3,3.500e-12,1.546e-5,2.136e-13,4.026e-16,1.291e-23
464.69,1.030e+3,,8.102e-2,2.045e-21,1.030e+3,3.491e-12,1.873e-5,2.136e-13,4.024e-16,1.290e-23
464.74,9.950e+2,,5.898e-2,2.006e-21,9.949e+2,3.483e-12,2.231e-5,2.136e-13,4.023e-16,1.289e-23
464.79,9.656e+2,,4.287e-2,1.967e-21,9.655e+2,3.474e-12,2.612e-5,2.136e-13,4.022e-16,1.287e-23
464.84,9.410e+2,,3.222e-2,1.927e-21,9.409e+2,3.466e-12,3.007e-5,2.136e-13,4.021e-16,1.286e-23
464.89,9.207e+2,,2.697e-2,1.888e-21,9.207e+2,3.457e-12,3.403e-5,2.135e-13,4.019e-16,1.285e-23
464.93,9.076e+2,,2.706e-2,1.856e-21,9.075e+2,3.450e-12,3.712e-5,2.135e-13,4.018e-16,1.284e-23
464.98,8.950e+2,,3.392e-2,1.817e-21,8.950e+2,3.441e-12,4.074e-5,2.135e-13,4.017e-16,1.283e-23
465.03,8.872e+2,,5.125e-2,1.777e-21,8.871e+2,3.433e-12,4.394e-5,2.135e-13,4.016e-16,1.282e-23
465.08,8.846e+2,,8.453e-2,1.738e-21,8.845e+2,3.424e-12,4.657e-5,2.135e-13,4.015e-16,1.281e-23
465.13,8.880e+2,,1.426e-1,1.699e-21,8.878e+2,3.416e-12,4.848e-5,2.135e-13,4.013e-16,1.280e-23
465.18,8.975e+2,,2.393e-1,1.659e-21,8.973e+2,3.407e-12,4.955e-5,2.135e-13,4.012e-16,1.279e-23
465.23,9.131e+2,,3.946e-1,1.620e-21,9.127e+2,3.398e-12,4.972e-5,2.134e-13,4.011e-16,1.278e-23
465.28,9.341e+2,,6.374e-1,1.580e-21,9.335e+2,3.390e-12,4.896e-5,2.134e-13,4.010e-16,1.277e-23
465.33,9.588e+2,,1.007e+0,1.541e-21,9.578e+2,3.381e-12,4.728e-5,2.134e-13,4.008e-16,1.275e-23
465.37,9.798e+2,,1.428e+0,1.509e-21,9.784e+2,3.374e-12,4.534e-5,2.134e-13,4.007e-16,1.275e-23
465.42,1.005e+3,,2.165e+0,1.470e-21,1.003e+3,3.366e-12,4.225e-5,2.134e-13,4.006e-16,1.273e-23
465.47,1.026e+3,,3.208e+0,1.431e-21,1.023e+3,3.357e-12,3.859e-5,2.134e-13,4.005e-16,1.272e-23
465.52,1.040e+3,,4.645e+0,1.391e-21,1.035e+3,3.348e-12,3.452e-5,2.134e-13,4.003e-16,1.271e-23
465.57,1.042e+3,,6.573e+0,1.352e-21,1.036e+3,3.340e-12,3.024e-5,2.133e-13,4.002e-16,1.270e-23
465.62,1.032e+3,,9.090e+0,1.312e-21,1.023e+3,3.331e-12,2.594e-5,2.133e-13,4.001e-16,1.269e-23
465.67,1.008e+3,,1.229e+1,1.273e-21,9.958e+2,3.323e-12,2.178e-5,2.133e-13,4.000e-16,1.268e-23
465.72,9.698e+2,,1.623e+1,1.233e-21,9.535e+2,3.314e-12,1.790e-5,2.133e-13,3.998e-16,1.267e-23
465.76,9.299e+2,,1.994e+1,1.202e-21,9.100e+2,3.307e-12,1.506e-5,2.133e-13,3.997e-16,1.266e-23
465.81,8.707e+2,,2.527e+1,1.163e-21,8.454e+2,3.298e-12,1.189e-5,2.133e-13,3.996e-16,1.265e-23
465.86,8.044e+2,,3.129e+1,1.123e-21,7.731e+2,3.290e-12,9.189e-6,2.133e-13,3.995e-16,1.264e-23
465.91,7.352e+2,,3.787e+1,1.084e-21,6.974e+2,3.281e-12,6.945e-6,2.132e-13,3.994e-16,1.263e-23
465.96,6.678e+2,,4.480e+1,1.044e-21,6.230e+2,3.273e-12,5.132e-6,2.132e-13,3.992e-16,1.261e-23
466.01,6.065e+2,,5.178e+1,1.005e-21,5.547e+2,3.264e-12,3.709e-6,2.132e-13,3.991e-16,1.260e-23
466.06,5.554e+2,,5.849e+1,9.655e-22,4.969e+2,3.255e-12,2.622e-6,2.132e-13,3.990e-16,1.259e-23
466.11,5.177e+2,,6.457e+1,9.261e-22,4.531e+2,3.247e-12,1.814e-6,2.132e-13,3.988e-16,1.258e-23
466.15,4.988e+2,,6.874e+1,8.945e-22,4.300e+2,3.240e-12,1.331e-6,2.132e-13,3.987e-16,1.257e-23
466.20,4.902e+2,,7.280e+1,8.551e-22,4.174e+2,3.231e-12,8.905e-7,2.131e-13,3.986e-16,1.256e-23
466.25,4.985e+2,,7.536e+1,8.157e-22,4.231e+2,3.223e-12,5.901e-7,2.131e-13,3.985e-16,1.255e-23
466.30,5.227e+2,,7.623e+1,7.763e-22,4.465e+2,3.214e-12,3.950e-7,2.131e-13,3.984e-16,1.254e-23
466.35,5.609e+2,,7.536e+1,7.369e-22,4.855e+2,3.205e-12,2.782e-7,2.131e-13,3.982e-16,1.253e-23
466.40,6.098e+2,,7.280e+1,6.975e-22,5.370e+2,3.197e-12,2.207e-7,2.131e-13,3.981e-16,1.252e-23
466.45,6.658e+2,,6.874e+1,6.580e-22,5.971e+2,3.188e-12,2.101e-7,2.131e-13,3.980e-16,1.251e-23
466.50,7.243e+2,,6.342e+1,6.186e-22,6.609e+2,3.180e-12,2.398e-7,2.131e-13,3.979e-16,1.250e-23
466.55,7.808e+2,,5.719e+1,5.792e-22,7.236e+2,3.171e-12,3.073e-7,2.130e-13,3.977e-16,1.248e-23
466.59,8.214e+2,,5.178e+1,5.477e-22,7.696e+2,3.164e-12,3.891e-7,2.130e-13,3.976e-16,1.248e-23
466.64,8.630e+2,,4.480e+1,5.083e-22,8.182e+2,3.155e-12,5.284e-7,2.130e-13,3.975e-16,1.246e-23
466.69,8.911e+2,,3.787e+1,4.689e-22,8.532e+2,3.147e-12,7.125e-7,2.130e-13,3.974e-16,1.245e-23
466.74,9.034e+2,,3.129e+1,4.294e-22,8.721e+2,3.138e-12,9.447e-7,2.130e-13,3.972e-16,1.244e-23
466.79,8.988e+2,,2.527e+1,3.900e-22,8.735e+2,3.130e-12,1.227e-6,2.130e-13,3.971e-16,1.243e-23
466.84,8.775e+2,,1.994e+1,3.506e-22,8.576e+2,3.121e-12,1.560e-6,2.129e-13,3.970e-16,1.242e-23
466.89,8.411e+2,,1.538e+1,3.112e-22,8.257e+2,3.112e-12,1.938e-6,2.129e-13,3.969e-16,1.241e-23
466.94,7.922e+2,,1.159e+1,2.718e-22,7.806e+2,3.104e-12,2.355e-6,2.129e-13,3.967e-16,1.240e-23
466.98,7.464e+2,,9.090e+0,2.403e-22,7.373e+2,3.097e-12,2.706e-6,2.129e-13,3.966e-16,1.239e-23
467.03,6.841e+2,,6.573e+0,2.008e-22,6.775e+2,3.088e-12,3.155e-6,2.129e-13,3.965e-16,1.238e-23
467.08,6.199e+2,,4.645e+0,1.614e-22,6.152e+2,3.080e-12,3.594e-6,2.129e-13,3.964e-16,1.237e-23
467.13,5.576e+2,,3.208e+0,1.220e-22,5.543e+2,3.071e-12,4.003e-6,2.129e-13,3.963e-16,1.236e-23
467.18,5.003e+2,,2.165e+0,8.260e-23,4.981e+2,3.062e-12,4.357e-6,2.128e-13,3.961e-16,1.234e-23
467.23,4.507e+2,,1.428e+0,4.319e-23,4.493e+2,3.054e-12,4.634e-6,2.128e-13,3.960e-16,1.233e-23
467.28,4.107e+2,,9.203e-1,3.777e-24,4.098e+2,3.045e-12,4.818e-6,2.128e-13,3.959e-16,1.232e-23
467.33,3.815e+2,,5.797e-1,2.247e-23,3.809e+2,3.037e-12,4.896e-6,2.128e-13,3.957e-16,1.231e-23
467.37,3.663e+2,,3.939e-1,6.130e-23,3.659e+2,3.030e-12,4.878e-6,2.128e-13,3.956e-16,1.230e-23
467.42,3.579e+2,,2.381e-1,2.105e-22,3.576e+2,3.021e-12,4.757e-6,2.128e-13,3.955e-16,1.229e-23
467.47,3.615e+2,,1.406e-1,7.070e-22,3.613e+2,3.012e-12,4.534e-6,2.128e-13,3.954e-16,1.228e-23
467.52,3.772e+2,,8.116e-2,2.321e-21,3.771e+2,3.004e-12,4.223e-6,2.127e-13,3.953e-16,1.227e-23
467.57,4.050e+2,,4.578e-2,7.450e-21,4.049e+2,2.995e-12,3.845e-6,2.127e-13,3.951e-16,1.226e-23
467.62,4.448e+2,,2.524e-2,2.338e-20,4.448e+2,2.987e-12,3.421e-6,2.127e-13,3.950e-16,1.225e-23
467.67,4.965e+2,,1.360e-2,7.172e-20,4.965e+2,2.978e-12,2.975e-6,2.127e-13,3.949e-16,1.224e-23
467.72,5.591e+2,,7.157e-3,2.151e-19,5.590e+2,2.969e-12,2.529e-6,2.127e-13,3.948e-16,1.222e-23
467.77,6.312e+2,,3.683e-3,6.309e-19,6.311e+2,2.961e-12,2.101e-6,2.127e-13,3.946e-16,1.221e-23
467.81,6.942e+2,,2.128e-3,1.468e-18,6.942e+2,2.954e-12,1.782e-6,2.127e-13,3.945e-16,1.220e-23
467.86,7.770e+2,,1.051e-3,4.133e-18,7.770e+2,2.945e-12,1.420e-6,2.126e-13,3.944e-16,1.219e-23
467.91,8.608e+2,,5.069e-4,1.138e-17,8.608e+2,2.937e-12,1.107e-6,2.126e-13,3.943e-16,1.218e-23
467.96,9.409e+2,,2.390e-4,3.062e-17,9.409e+2,2.928e-12,8.427e-7,2.126e-13,3.941e-16,1.217e-23
468.01,1.012e+3,,1.101e-4,8.058e-17,1.012e+3,2.919e-12,6.272e-7,2.126e-13,3.940e-16,1.216e-23
468.06,1.070e+3,,4.958e-5,2.073e-16,1.070e+3,2.911e-12,4.563e-7,2.126e-13,3.939e-16,1.215e-23
468.11,1.110e+3,,2.181e-5,5.214e-16,1.110e+3,2.902e-12,3.244e-7,2.126e-13,3.938e-16,1.214e-23
468.16,1.129e+3,,9.381e-6,1.282e-15,1.129e+3,2.894e-12,2.254e-7,2.125e-13,3.936e-16,1.213e-23
468.20,1.128e+3,,4.697e-6,2.591e-15,1.128e+3,2.887e-12,1.657e-7,2.125e-13,3.935e-16,1.212e-23
468.25,1.105e+3,,1.938e-6,6.118e-15,1.105e+3,2.878e-12,1.105e-7,2.125e-13,3.934e-16,1.211e-23
468.30,1.059e+3,,7.814e-7,1.412e-14,1.059e+3,2.869e-12,7.202e-8,2.125e-13,3.933e-16,1.210e-23
468.35,9.934e+2,,3.079e-7,3.187e-14,9.934e+2,2.861e-12,4.588e-8,2.125e-13,3.932e-16,1.208e-23
468.40,9.113e+2,,1.186e-7,7.032e-14,9.113e+2,2.852e-12,2.856e-8,2.125e-13,3.930e-16,1.207e-23
468.45,8.176e+2,,4.462e-8,1.517e-13,8.176e+2,2.844e-12,1.738e-8,2.125e-13,3.929e-16,1.206e-23
468.50,7.172e+2,,1.641e-8,3.199e-13,7.172e+2,2.835e-12,1.034e-8,2.124e-13,3.928e-16,1.205e-23
468.55,6.151e+2,,5.899e-9,6.597e-13,6.151e+2,2.826e-12,6.008e-9,2.124e-13,3.926e-16,1.204e-23
468.60,5.157e+2,,2.072e-9,1.330e-12,5.157e+2,2.818e-12,3.413e-9,2.124e-13,3.925e-16,1.203e-23
468.64,4.407e+2,,8.824e-10,2.293e-12,4.407e+2,2.811e-12,2.136e-9,2.124e-13,3.924e-16,1.202e-23
468.69,3.547e+2,,2.974e-10,4.438e-12,3.547e+2,2.802e-12,1.164e-9,2.124e-13,3.923e-16,1.201e-23
468.74,2.791e+2,,9.794e-11,8.399e-12,2.791e+2,2.794e-12,6.204e-10,2.124e-13,3.922e-16,1.200e-23
468.79,2.147e+2,,3.152e-11,1.554e-11,2.147e+2,2.785e-12,3.231e-10,2.123e-13,3.920e-16,1.199e-23
468.84,1.614e+2,,9.915e-12,2.811e-11,1.614e+2,2.776e-12,1.644e-10,2.123e-13,3.919e-16,1.198e-23
468.89,1.186e+2,,3.048e-12,4.971e-11,1.186e+2,2.768e-12,8.180e-11,2.123e-13,3.918e-16,1.196e-23
468.94,8.520e+1,,9.156e-13,8.595e-11,8.520e+1,2.759e-12,3.977e-11,2.123e-13,3.917e-16,1.195e-23
468.99,5.983e+1,,2.688e-13,1.453e-10,5.983e+1,2.751e-12,1.890e-11,2.123e-13,3.915e-16,1.194e-23
469.03,4.435e+1,,9.917e-14,2.176e-10,4.435e+1,2.744e-12,1.025e-11,2.123e-13,3.914e-16,1.193e-23
469.08,2.989e+1,,2.793e-14,3.531e-10,2.989e+1,2.735e-12,4.675e-12,2.123e-13,3.913e-16,1.192e-23
469.13,1.969e+1,,2.790e-14,5.604e-10,1.969e+1,2.726e-12,2.084e-12,2.122e-13,3.912e-16,1.191e-23
469.18,1.268e+1,,2.787e-14,8.694e-10,1.268e+1,2.718e-12,9.076e-13,2.122e-13,3.911e-16,1.190e-23
469.23,7.979e+0,,2.784e-14,1.319e-9,7.979e+0,2.709e-12,3.864e-13,2.122e-13,3.909e-16,1.189e-23
469.28,4.908e+0,,2.780e-14,1.956e-9,4.908e+0,2.701e-12,1.608e-13,2.122e-13,3.908e-16,1.188e-23
469.33,2.951e+0,,2.777e-14,2.835e-9,2.951e+0,2.692e-12,6.539e-14,2.122e-13,3.907e-16,1.187e-23
469.38,1.735e+0,,2.774e-14,4.019e-9,1.735e+0,2.683e-12,2.599e-14,2.122e-13,3.905e-16,1.186e-23
469.42,1.115e+0,,2.771e-14,5.227e-9,1.115e+0,2.677e-12,1.222e-14,2.122e-13,3.904e-16,1.185e-23
469.47,6.292e-1,,2.768e-14,7.115e-9,6.292e-1,2.668e-12,4.662e-15,2.121e-13,3.903e-16,1.184e-23
469.52,3.469e-1,,2.764e-14,9.467e-9,3.469e-1,2.659e-12,1.738e-15,2.121e-13,3.902e-16,1.183e-23
469.57,1.870e-1,,2.761e-14,1.232e-8,1.870e-1,2.651e-12,6.333e-16,2.121e-13,3.901e-16,1.181e-23
469.62,9.849e-2,,2.758e-14,1.566e-8,9.849e-2,2.642e-12,2.255e-16,2.121e-13,3.899e-16,1.180e-23
469.67,5.071e-2,,2.755e-14,1.948e-8,5.071e-2,2.633e-12,7.850e-17,2.121e-13,3.898e-16,1.179e-23
469.72,2.552e-2,,2.751e-14,2.368e-8,2.552e-2,2.625e-12,2.670e-17,2.121e-13,3.897e-16,1.178e-23
469.77,1.256e-2,,2.748e-14,2.815e-8,1.256e-2,2.616e-12,8.879e-18,2.120e-13,3.896e-16,1.177e-23
469.82,6.038e-3,,2.745e-14,3.271e-8,6.038e-3,2.608e-12,2.885e-18,2.120e-13,3.894e-16,1.176e-23
469.86,3.306e-3,,2.742e-14,3.629e-8,3.306e-3,2.601e-12,1.155e-18,2.120e-13,3.893e-16,1.175e-23
469.91,1.526e-3,,2.739e-14,4.050e-8,1.526e-3,2.592e-12,3.601e-19,2.120e-13,3.892e-16,1.174e-23
469.96,6.884e-4,,2.735e-14,4.418e-8,6.883e-4,2.583e-12,1.098e-19,2.120e-13,3.891e-16,1.173e-23
470.01,3.036e-4,,2.732e-14,4.712e-8,3.035e-4,2.575e-12,3.269e-20,2.120e-13,3.889e-16,1.172e-23
470.06,1.309e-4,,2.729e-14,4.913e-8,1.309e-4,2.566e-12,9.519e-21,2.120e-13,3.888e-16,1.171e-23
470.11,5.535e-5,,2.726e-14,5.008e-8,5.530e-5,2.558e-12,2.709e-21,2.119e-13,3.887e-16,1.169e-23
470.16,2.324e-5,,2.722e-14,4.992e-8,2.319e-5,2.549e-12,2.681e-21,2.119e-13,3.886e-16,1.168e-23
470.21,1.046e-5,,2.719e-14,4.864e-8,1.041e-5,2.540e-12,2.654e-21,2.119e-13,3.884e-16,1.167e-23
470.25,7.029e-6,,2.716e-14,4.688e-8,6.982e-6,2.534e-12,2.632e-21,2.119e-13,3.883e-16,1.166e-23
470.30,8.159e-6,,2.713e-14,4.386e-8,8.115e-6,2.525e-12,2.605e-21,2.119e-13,3.882e-16,1.165e-23
470.35,1.601e-5,,2.710e-14,4.012e-8,1.597e-5,2.516e-12,2.577e-21,2.119e-13,3.881e-16,1.164e-23
470.40,3.597e-5,,2.706e-14,3.588e-8,3.594e-5,2.508e-12,2.550e-21,2.119e-13,3.880e-16,1.163e-23
470.45,8.140e-5,,2.703e-14,3.137e-8,8.137e-5,2.499e-12,2.523e-21,2.118e-13,3.878e-16,1.162e-23
470.50,1.810e-4,,2.700e-14,2.682e-8,1.810e-4,2.490e-12,2.495e-21,2.118e-13,3.877e-16,1.161e-23
470.55,3.940e-4,,2.697e-14,2.241e-8,3.940e-4,2.482e-12,2.468e-21,2.118e-13,3.876e-16,1.160e-23
470.60,8.386e-4,,2.693e-14,1.831e-8,8.386e-4,2.473e-12,2.440e-21,2.118e-13,3.874e-16,1.159e-23
470.65,1.746e-3,,2.690e-14,1.463e-8,1.746e-3,2.465e-12,2.413e-21,2.118e-13,3.873e-16,1.157e-23
470.69,3.088e-3,,2.687e-14,1.203e-8,3.088e-3,2.458e-12,2.391e-21,2.118e-13,3.872e-16,1.157e-23
470.74,6.173e-3,,2.684e-14,9.225e-9,6.173e-3,2.449e-12,2.364e-21,2.117e-13,3.871e-16,1.155e-23
470.79,1.207e-2,,2.681e-14,6.918e-9,1.207e-2,2.441e-12,2.337e-21,2.117e-13,3.870e-16,1.154e-23
470.84,2.307e-2,,2.677e-14,5.072e-9,2.307e-2,2.432e-12,2.309e-21,2.117e-13,3.868e-16,1.153e-23
470.89,4.311e-2,,2.674e-14,3.636e-9,4.311e-2,2.423e-12,2.282e-21,2.117e-13,3.867e-16,1.152e-23
470.94,7.880e-2,,2.671e-14,2.548e-9,7.880e-2,2.415e-12,2.254e-21,2.117e-13,3.866e-16,1.151e-23
470.99,1.408e-1,,2.668e-14,1.746e-9,1.408e-1,2.406e-12,2.227e-21,2.117e-13,3.865e-16,1.150e-23
471.04,2.461e-1,,2.664e-14,1.169e-9,2.461e-1,2.397e-12,2.200e-21,2.117e-13,3.863e-16,1.149e-23
471.08,3.785e-1,,2.662e-14,8.350e-10,3.785e-1,2.391e-12,2.178e-21,2.116e-13,3.862e-16,1.148e-23
471.13,6.353e-1,,2.658e-14,5.370e-10,6.353e-1,2.382e-12,2.150e-21,2.116e-13,3.861e-16,1.147e-23
471.18,1.043e+0,,2.655e-14,3.377e-10,1.043e+0,2.373e-12,2.123e-21,2.116e-13,3.860e-16,1.146e-23
471.23,1.673e+0,,2.652e-14,2.076e-10,1.673e+0,2.365e-12,2.096e-21,2.116e-13,3.858e-16,1.145e-23
471.28,2.626e+0,,2.648e-14,1.248e-10,2.626e+0,2.356e-12,2.068e-21,2.116e-13,3.857e-16,1.143e-23
471.33,4.029e+0,,2.645e-14,7.333e-11,4.029e+0,2.347e-12,2.041e-21,2.116e-13,3.856e-16,1.142e-23
471.38,6.046e+0,,2.642e-14,4.213e-11,6.046e+0,2.339e-12,2.014e-21,2.116e-13,3.855e-16,1.141e-23
471.43,8.870e+0,,2.639e-14,2.366e-11,8.870e+0,2.330e-12,1.986e-21,2.115e-13,3.853e-16,1.140e-23
471.47,1.186e+1,,2.636e-14,1.467e-11,1.186e+1,2.323e-12,1.964e-21,2.115e-13,3.852e-16,1.139e-23
471.52,1.671e+1,,2.633e-14,7.914e-12,1.671e+1,2.315e-12,1.937e-21,2.115e-13,3.851e-16,1.138e-23
471.57,2.303e+1,,2.629e-14,4.173e-12,2.303e+1,2.306e-12,1.910e-21,2.115e-13,3.850e-16,1.137e-23
471.62,3.103e+1,,2.626e-14,2.151e-12,3.103e+1,2.298e-12,1.882e-21,2.115e-13,3.849e-16,1.136e-23
471.67,4.088e+1,,2.623e-14,1.084e-12,4.088e+1,2.289e-12,1.855e-21,2.115e-13,3.847e-16,1.135e-23
471.72,5.267e+1,,2.619e-14,5.342e-13,5.267e+1,2.280e-12,1.828e-21,2.114e-13,3.846e-16,1.134e-23
471.77,6.635e+1,,2.616e-14,2.573e-13,6.635e+1,2.272e-12,1.800e-21,2.114e-13,3.845e-16,1.133e-23
471.82,8.173e+1,,2.613e-14,1.212e-13,8.173e+1,2.263e-12,1.773e-21,2.114e-13,3.843e-16,1.131e-23
471.87,9.845e+1,,2.610e-14,5.581e-14,9.845e+1,2.254e-12,1.746e-21,2.114e-13,3.842e-16,1.130e-23
471.91,1.124e+2,,2.607e-14,2.952e-14,1.124e+2,2.248e-12,1.724e-21,2.114e-13,3.841e-16,1.130e-23
471.96,1.301e+2,,2.604e-14,1.305e-14,1.301e+2,2.239e-12,1.696e-21,2.114e-13,3.840e-16,1.128e-23
472.01,1.471e+2,,2.600e-14,5.642e-15,1.471e+2,2.230e-12,1.669e-21,2.114e-13,3.839e-16,1.127e-23
472.06,1.627e+2,,2.597e-14,2.384e-15,1.627e+2,2.222e-12,1.642e-21,2.113e-13,3.837e-16,1.126e-23
472.11,1.760e+2,,2.594e-14,9.851e-16,1.760e+2,2.213e-12,1.614e-21,2.113e-13,3.836e-16,1.125e-23
472.16,1.862e+2,,2.590e-14,3.979e-16,1.862e+2,2.205e-12,1.587e-21,2.113e-13,3.835e-16,1.124e-23
472.21,1.925e+2,,2.587e-14,1.571e-16,1.925e+2,2.196e-12,1.560e-21,2.113e-13,3.834e-16,1.123e-23
472.26,1.947e+2,,2.584e-14,6.067e-17,1.947e+2,2.187e-12,1.532e-21,2.113e-13,3.832e-16,1.122e-23
472.30,1.933e+2,,2.581e-14,2.788e-17,1.933e+2,2.180e-12,1.510e-21,2.113e-13,3.831e-16,1.121e-23
472.35,1.878e+2,,2.578e-14,1.033e-17,1.878e+2,2.172e-12,1.483e-21,2.113e-13,3.830e-16,1.120e-23
472.40,1.783e+2,,2.575e-14,3.745e-18,1.783e+2,2.163e-12,1.456e-21,2.112e-13,3.829e-16,1.119e-23
472.45,1.656e+2,,2.571e-14,1.327e-18,1.656e+2,2.155e-12,1.428e-21,2.112e-13,3.827e-16,1.118e-23
472.50,1.504e+2,,2.568e-14,4.598e-19,1.504e+2,2.146e-12,1.401e-21,2.112e-13,3.826e-16,1.116e-23
472.55,1.336e+2,,2.565e-14,1.557e-19,1.336e+2,2.137e-12,1.374e-21,2.112e-13,3.825e-16,1.115e-23
472.60,1.160e+2,,2.561e-14,5.156e-20,1.160e+2,2.129e-12,1.346e-21,2.112e-13,3.824e-16,1.114e-23
472.65,9.847e+1,,2.558e-14,1.669e-20,9.847e+1,2.120e-12,1.319e-21,2.112e-13,3.822e-16,1.113e-23
472.69,8.502e+1,,2.556e-14,6.662e-21,8.502e+1,2.113e-12,1.297e-21,2.111e-13,3.821e-16,1.112e-23
472.74,6.937e+1,,2.552e-14,2.071e-21,6.937e+1,2.105e-12,1.270e-21,2.111e-13,3.820e-16,1.111e-23
472.79,5.539e+1,,2.549e-14,6.293e-22,5.539e+1,2.096e-12,1.242e-21,2.111e-13,3.819e-16,1.110e-23
472.84,4.333e+1,,2.546e-14,1.870e-22,4.333e+1,2.087e-12,1.215e-21,2.111e-13,3.818e-16,1.109e-23
472.89,3.330e+1,,2.542e-14,5.430e-23,3.330e+1,2.079e-12,1.188e-21,2.111e-13,3.816e-16,1.108e-23
472.94,2.531e+1,,2.539e-14,1.164e-23,2.531e+1,2.070e-12,1.160e-21,2.111e-13,3.815e-16,1.107e-23
472.99,1.932e+1,,2.536e-14,1.163e-23,1.932e+1,2.062e-12,1.133e-21,2.111e-13,3.814e-16,1.106e-23
473.04,1.529e+1,,2.532e-14,1.162e-23,1.529e+1,2.053e-12,1.105e-21,2.110e-13,3.813e-16,1.104e-23
473.09,1.326e+1,,2.529e-14,1.161e-23,1.326e+1,2.044e-12,1.078e-21,2.110e-13,3.811e-16,1.103e-23
473.13,1.317e+1,,2.527e-14,1.160e-23,1.317e+1,2.037e-12,1.056e-21,2.110e-13,3.810e-16,1.102e-23
473.18,1.528e+1,,2.523e-14,1.159e-23,1.528e+1,2.029e-12,1.029e-21,2.110e-13,3.809e-16,1.101e-23
473.23,2.040e+1,,2.520e-14,1.158e-23,2.040e+1,2.020e-12,1.001e-21,2.110e-13,3.808e-16,1.100e-23
473.28,2.941e+1,,2.517e-14,1.157e-23,2.941e+1,2.012e-12,9.741e-22,2.110e-13,3.806e-16,1.099e-23
473.33,4.355e+1,,2.513e-14,1.155e-23,4.355e+1,2.003e-12,9.468e-22,2.110e-13,3.805e-16,1.098e-23
473.38,6.449e+1,,2.510e-14,1.154e-23,6.449e+1,1.994e-12,9.194e-22,2.109e-13,3.804e-16,1.097e-23
473.43,9.427e+1,,2.507e-14,1.153e-23,9.427e+1,1.986e-12,8.921e-22,2.109e-13,3.803e-16,1.096e-23
473.48,1.353e+2,,2.503e-14,1.152e-23,1.353e+2,1.977e-12,8.647e-22,2.109e-13,3.801e-16,1.095e-23
473.52,1.780e+2,,2.501e-14,1.151e-23,1.780e+2,1.970e-12,2.370e-21,2.109e-13,3.800e-16,1.094e-23
473.57,2.460e+2,,2.498e-14,1.150e-23,2.460e+2,1.962e-12,8.195e-21,2.109e-13,3.799e-16,1.093e-23
473.62,3.326e+2,,2.494e-14,1.149e-23,3.326e+2,1.953e-12,2.772e-20,2.109e-13,3.798e-16,1.092e-23
473.67,4.399e+2,,2.491e-14,1.148e-23,4.399e+2,1.944e-12,9.169e-20,2.108e-13,3.797e-16,1.090e-23
473.72,5.690e+2,,2.488e-14,1.146e-23,5.690e+2,1.936e-12,2.968e-19,2.108e-13,3.795e-16,1.089e-23
473.77,7.200e+2,,2.484e-14,1.145e-23,7.200e+2,1.927e-12,9.395e-19,2.108e-13,3.794e-16,1.088e-23
473.82,8.910e+2,,2.481e-14,1.144e-23,8.910e+2,1.919e-12,2.909e-18,2.108e-13,3.793e-16,1.087e-23
473.87,1.079e+3,,2.478e-14,1.143e-23,1.079e+3,1.910e-12,8.813e-18,2.108e-13,3.791e-16,1.086e-23
473.92,1.277e+3,,2.475e-14,1.142e-23,1.277e+3,1.901e-12,2.612e-17,2.108e-13,3.790e-16,1.085e-23
473.96,1.438e+3,,2.472e-14,1.141e-23,1.438e+3,1.894e-12,6.130e-17,2.108e-13,3.789e-16,1.084e-23
474.01,1.636e+3,,2.469e-14,1.140e-23,1.636e+3,1.886e-12,1.746e-16,2.107e-13,3.788e-16,1.083e-23
474.06,1.820e+3,,2.465e-14,1.139e-23,1.820e+3,1.877e-12,4.864e-16,2.107e-13,3.787e-16,1.082e-23
474.11,1.981e+3,,2.462e-14,1.138e-23,1.981e+3,1.869e-12,1.326e-15,2.107e-13,3.785e-16,1.081e-23
474.16,2.108e+3,,2.459e-14,1.136e-23,2.108e+3,1.860e-12,3.534e-15,2.107e-13,3.784e-16,1.080e-23
474.21,2.194e+3,,2.455e-14,1.135e-23,2.194e+3,1.851e-12,9.215e-15,2.107e-13,3.783e-16,1.078e-23
474.26,2.234e+3,,2.452e-14,1.134e-23,2.234e+3,1.843e-12,2.351e-14,2.107e-13,3.782e-16,1.077e-23
474.31,2.225e+3,,2.449e-14,1.133e-23,2.225e+3,1.834e-12,5.866e-14,2.107e-13,3.780e-16,1.076e-23
474.35,2.182e+3,,2.446e-14,1.132e-23,2.182e+3,1.827e-12,1.200e-13,2.106e-13,3.779e-16,1.075e-23
474.40,2.088e+3,,2.443e-14,1.131e-23,2.088e+3,1.819e-12,2.878e-13,2.106e-13,3.778e-16,1.074e-23
474.45,1.955e+3,,2.440e-14,1.130e-23,1.955e+3,1.810e-12,6.751e-13,2.106e-13,3.777e-16,1.073e-23
474.50,1.790e+3,,2.436e-14,1.129e-23,1.790e+3,1.801e-12,1.549e-12,2.106e-13,3.775e-16,1.072e-23
474.55,1.604e+3,,2.433e-14,1.127e-23,1.604e+3,1.793e-12,3.478e-12,2.106e-13,3.774e-16,1.071e-23
474.60,1.408e+3,,2.430e-14,1.126e-23,1.408e+3,1.784e-12,7.638e-12,2.106e-13,3.773e-16,1.070e-23
474.65,1.211e+3,,2.426e-14,1.125e-23,1.211e+3,1.776e-12,1.641e-11,2.105e-13,3.772e-16,1.069e-23
474.70,1.024e+3,,2.423e-14,1.124e-23,1.024e+3,1.767e-12,3.448e-11,2.105e-13,3.770e-16,1.068e-23
474.74,8.870e+2,,2.420e-14,1.123e-23,8.870e+2,1.760e-12,6.147e-11,2.105e-13,3.769e-16,1.067e-23
474.79,7.370e+2,,2.417e-14,1.122e-23,7.370e+2,1.751e-12,1.241e-10,2.105e-13,3.768e-16,1.066e-23
474.84,6.167e+2,,2.414e-14,1.121e-23,6.167e+2,1.743e-12,2.452e-10,2.105e-13,3.767e-16,1.065e-23
474.89,5.312e+2,,2.411e-14,1.120e-23,5.312e+2,1.734e-12,4.739e-10,2.105e-13,3.766e-16,1.063e-23
474.94,4.854e+2,,2.407e-14,1.118e-23,4.854e+2,1.726e-12,8.960e-10,2.105e-13,3.764e-16,1.062e-23
474.99,4.836e+2,,2.404e-14,1.117e-23,4.836e+2,1.717e-12,1.657e-9,2.104e-13,3.763e-16,1.061e-23
475.04,5.309e+2,,2.401e-14,1.116e-23,5.309e+2,1.708e-12,2.997e-9,2.104e-13,3.762e-16,1.060e-23
475.09,6.326e+2,,2.397e-14,1.115e-23,6.326e+2,1.700e-12,5.303e-9,2.104e-13,3.760e-16,1.059e-23
475.14,7.943e+2,,2.394e-14,1.114e-23,7.943e+2,1.691e-12,9.180e-9,2.104e-13,3.759e-16,1.058e-23
475.18,9.705e+2,,2.391e-14,1.113e-23,9.705e+2,1.684e-12,1.401e-8,2.104e-13,3.758e-16,1.057e-23
475.23,1.254e+3,,2.388e-14,1.112e-23,1.254e+3,1.676e-12,2.331e-8,2.104e-13,3.757e-16,1.056e-23
475.28,1.609e+3,,2.385e-14,1.111e-23,1.609e+3,1.667e-12,3.794e-8,2.104e-13,3.756e-16,1.055e-23
475.33,2.038e+3,,2.382e-14,1.109e-23,2.038e+3,1.658e-12,6.040e-8,2.103e-13,3.754e-16,1.054e-23
475.38,2.537e+3,,2.378e-14,1.108e-23,2.537e+3,1.650e-12,9.405e-8,2.103e-13,3.753e-16,1.053e-23
475.43,3.097e+3,,2.375e-14,1.107e-23,3.097e+3,1.641e-12,1.433e-7,2.103e-13,3.752e-16,1.051e-23
475.48,3.705e+3,,2.372e-14,1.106e-23,3.705e+3,1.633e-12,2.135e-7,2.103e-13,3.751e-16,1.050e-23
475.53,4.340e+3,,2.368e-14,1.105e-23,4.340e+3,1.624e-12,3.112e-7,2.103e-13,3.749e-16,1.049e-23
475.57,4.851e+3,,2.366e-14,1.104e-23,4.851e+3,1.617e-12,4.140e-7,2.103e-13,3.748e-16,1.048e-23
475.62,5.470e+3,,2.362e-14,1.103e-23,5.470e+3,1.608e-12,5.800e-7,2.102e-13,3.747e-16,1.047e-23
475.67,6.038e+3,,2.359e-14,1.102e-23,6.038e+3,1.600e-12,7.948e-7,2.102e-13,3.746e-16,1.046e-23
475.72,6.524e+3,,2.356e-14,1.100e-23,6.524e+3,1.591e-12,1.065e-6,2.102e-13,3.744e-16,1.045e-23
475.77,6.900e+3,,2.353e-14,1.099e-23,6.900e+3,1.583e-12,1.397e-6,2.102e-13,3.743e-16,1.044e-23
475.82,7.143e+3,,2.349e-14,1.098e-23,7.143e+3,1.574e-12,1.792e-6,2.102e-13,3.742e-16,1.043e-23
475.87,7.239e+3,,2.346e-14,1.097e-23,7.239e+3,1.565e-12,2.249e-6,2.102e-13,3.741e-16,1.042e-23
475.92,7.181e+3,,2.343e-14,1.096e-23,7.181e+3,1.557e-12,2.760e-6,2.102e-13,3.739e-16,1.041e-23
475.96,7.025e+3,,2.340e-14,1.095e-23,7.025e+3,1.550e-12,3.201e-6,2.101e-13,3.738e-16,1.040e-23
476.01,6.706e+3,,2.337e-14,1.094e-23,6.706e+3,1.541e-12,3.776e-6,2.101e-13,3.737e-16,1.039e-23
476.06,6.265e+3,,2.333e-14,1.093e-23,6.265e+3,1.533e-12,4.357e-6,2.101e-13,3.736e-16,1.037e-23
476.11,5.729e+3,,2.330e-14,1.091e-23,5.729e+3,1.524e-12,4.919e-6,2.101e-13,3.735e-16,1.036e-23
476.16,5.128e+3,,2.327e-14,1.090e-23,5.128e+3,1.515e-12,5.431e-6,2.101e-13,3.733e-16,1.035e-23
476.21,4.493e+3,,2.324e-14,1.089e-23,4.493e+3,1.507e-12,5.867e-6,2.101e-13,3.732e-16,1.034e-23
476.26,3.853e+3,,2.320e-14,1.088e-23,3.853e+3,1.498e-12,6.199e-6,2.101e-13,3.731e-16,1.033e-23
476.31,3.234e+3,,2.317e-14,1.087e-23,3.234e+3,1.490e-12,6.407e-6,2.100e-13,3.729e-16,1.032e-23
476.36,2.657e+3,,2.314e-14,1.086e-23,2.657e+3,1.481e-12,6.478e-6,2.100e-13,3.728e-16,1.031e-23
476.40,2.236e+3,,2.311e-14,1.085e-23,2.236e+3,1.474e-12,6.433e-6,2.100e-13,3.727e-16,1.030e-23
476.45,1.768e+3,,2.308e-14,1.084e-23,1.768e+3,1.465e-12,6.251e-6,2.100e-13,3.726e-16,1.029e-23
476.50,1.368e+3,,2.304e-14,1.082e-23,1.368e+3,1.457e-12,5.942e-6,2.100e-13,3.725e-16,1.028e-23
476.55,1.036e+3,,2.301e-14,1.081e-23,1.036e+3,1.448e-12,5.525e-6,2.100e-13,3.723e-16,1.027e-23
476.60,7.684e+2,,2.298e-14,1.080e-23,7.684e+2,1.440e-12,5.026e-6,2.099e-13,3.722e-16,1.025e-23
476.65,5.583e+2,,2.295e-14,1.079e-23,5.583e+2,1.431e-12,4.472e-6,2.099e-13,3.721e-16,1.024e-23
476.70,3.980e+2,,2.291e-14,1.078e-23,3.980e+2,1.422e-12,3.892e-6,2.099e-13,3.720e-16,1.023e-23
476.75,2.792e+2,,2.288e-14,1.077e-23,2.792e+2,1.414e-12,3.314e-6,2.099e-13,3.718e-16,1.022e-23
476.79,2.088e+2,,2.285e-14,1.076e-23,2.088e+2,1.407e-12,2.868e-6,2.099e-13,3.717e-16,1.021e-23
476.84,1.456e+2,,2.282e-14,1.075e-23,1.456e+2,1.398e-12,2.347e-6,2.099e-13,3.716e-16,1.020e-23
476.89,1.045e+2,,2.279e-14,1.073e-23,1.045e+2,1.390e-12,1.879e-6,2.099e-13,3.715e-16,1.019e-23
476.94,8.065e+1,,2.276e-14,1.072e-23,8.065e+1,1.381e-12,1.471e-6,2.098e-13,3.714e-16,1.018e-23
476.99,7.067e+1,,2.272e-14,1.071e-23,7.067e+1,1.372e-12,1.127e-6,2.098e-13,3.712e-16,1.017e-23
477.04,7.211e+1,,2.269e-14,1.070e-23,7.211e+1,1.364e-12,8.443e-7,2.098e-13,3.711e-16,1.016e-23
477.09,8.349e+1,,2.266e-14,1.069e-23,8.349e+1,1.355e-12,6.188e-7,2.098e-13,3.710e-16,1.015e-23
477.14,1.040e+2,,2.262e-14,1.068e-23,1.040e+2,1.347e-12,4.437e-7,2.098e-13,3.708e-16,1.013e-23
477.19,1.334e+2,,2.259e-14,1.067e-23,1.334e+2,1.338e-12,3.112e-7,2.098e-13,3.707e-16,1.012e-23
477.23,1.631e+2,,2.256e-14,1.066e-23,1.631e+2,1.331e-12,2.306e-7,2.098e-13,3.706e-16,1.011e-23
477.28,2.077e+2,,2.253e-14,1.065e-23,2.077e+2,1.323e-12,1.554e-7,2.097e-13,3.705e-16,1.010e-23
477.33,2.603e+2,,2.250e-14,1.063e-23,2.603e+2,1.314e-12,1.025e-7,2.097e-13,3.704e-16,1.009e-23
477.38,3.200e+2,,2.247e-14,1.062e-23,3.200e+2,1.305e-12,6.611e-8,2.097e-13,3.702e-16,1.008e-23
477.43,3.851e+2,,2.243e-14,1.061e-23,3.851e+2,1.297e-12,4.171e-8,2.097e-13,3.701e-16,1.007e-23
477.48,4.537e+2,,2.240e-14,1.060e-23,4.537e+2,1.288e-12,2.574e-8,2.097e-13,3.700e-16,1.006e-23
477.53,5.231e+2,,2.237e-14,1.059e-23,5.231e+2,1.279e-12,1.554e-8,2.097e-13,3.699e-16,1.005e-23
477.58,5.900e+2,,2.233e-14,1.058e-23,5.900e+2,1.271e-12,9.180e-9,2.096e-13,3.697e-16,1.004e-23
477.62,6.395e+2,,2.231e-14,1.057e-23,6.395e+2,1.264e-12,5.929e-9,2.096e-13,3.696e-16,1.003e-23
477.67,6.934e+2,,2.227e-14,1.056e-23,6.934e+2,1.255e-12,3.365e-9,2.096e-13,3.695e-16,1.002e-23
477.72,7.357e+2,,2.224e-14,1.054e-23,7.357e+2,1.247e-12,1.869e-9,2.096e-13,3.694e-16,1.001e-23
477.77,7.636e+2,,2.221e-14,1.053e-23,7.636e+2,1.238e-12,1.015e-9,2.096e-13,3.692e-16,9.995e-24
477.82,7.754e+2,,2.218e-14,1.052e-23,7.754e+2,1.229e-12,5.393e-10,2.096e-13,3.691e-16,9.984e-24
477.87,7.703e+2,,2.214e-14,1.051e-23,7.703e+2,1.221e-12,2.803e-10,2.096e-13,3.690e-16,9.973e-24
477.92,7.487e+2,,2.211e-14,1.050e-23,7.487e+2,1.212e-12,1.425e-10,2.095e-13,3.689e-16,9.962e-24
477.97,7.119e+2,,2.208e-14,1.049e-23,7.119e+2,1.204e-12,7.089e-11,2.095e-13,3.687e-16,9.951e-24
478.01,6.731e+2,,2.205e-14,1.048e-23,6.731e+2,1.197e-12,3.993e-11,2.095e-13,3.686e-16,9.942e-24
478.06,6.153e+2,,2.202e-14,1.047e-23,6.153e+2,1.188e-12,1.915e-11,2.095e-13,3.685e-16,9.931e-24
478.11,5.503e+2,,2.198e-14,1.045e-23,5.503e+2,1.180e-12,9.102e-12,2.095e-13,3.684e-16,9.920e-24
478.16,4.814e+2,,2.195e-14,1.044e-23,4.814e+2,1.171e-12,4.502e-12,2.095e-13,3.683e-16,9.909e-24
478.21,4.121e+2,,2.192e-14,1.043e-23,4.121e+2,1.162e-12,2.769e-12,2.094e-13,3.681e-16,9.897e-24
478.26,3.451e+2,,2.189e-14,1.042e-23,3.451e+2,1.154e-12,2.857e-12,2.094e-13,3.680e-16,9.886e-24
478.31,2.828e+2,,2.185e-14,1.041e-23,2.828e+2,1.145e-12,4.731e-12,2.094e-13,3.679e-16,9.875e-24
478.36,2.267e+2,,2.182e-14,1.040e-23,2.267e+2,1.136e-12,9.303e-12,2.094e-13,3.677e-16,9.864e-24
478.41,1.777e+2,,2.179e-14,1.038e-23,1.777e+2,1.128e-12,1.876e-11,2.094e-13,3.676e-16,9.853e-24
478.45,1.440e+2,,2.176e-14,1.038e-23,1.440e+2,1.121e-12,3.262e-11,2.094e-13,3.675e-16,9.844e-24
478.50,1.086e+2,,2.173e-14,1.036e-23,1.086e+2,1.112e-12,6.402e-11,2.094e-13,3.674e-16,9.833e-24
478.55,8.010e+1,,2.169e-14,1.035e-23,8.010e+1,1.104e-12,1.230e-10,2.093e-13,3.673e-16,9.822e-24
478.60,5.780e+1,,2.166e-14,1.034e-23,5.780e+1,1.095e-12,2.313e-10,2.093e-13,3.671e-16,9.811e-24
478.65,4.080e+1,,2.163e-14,1.033e-23,4.080e+1,1.086e-12,4.255e-10,2.093e-13,3.670e-16,9.800e-24
478.70,2.818e+1,,2.160e-14,1.032e-23,2.818e+1,1.078e-12,7.662e-10,2.093e-13,3.669e-16,9.789e-24
478.75,1.904e+1,,2.156e-14,1.031e-23,1.904e+1,1.069e-12,1.350e-9,2.093e-13,3.668e-16,9.778e-24
478.80,1.259e+1,,2.153e-14,1.029e-23,1.259e+1,1.061e-12,2.327e-9,2.093e-13,3.666e-16,9.767e-24
478.84,8.904e+0,,2.150e-14,1.029e-23,8.904e+0,1.054e-12,3.542e-9,2.093e-13,3.665e-16,9.758e-24
478.89,5.667e+0,,2.147e-14,1.027e-23,5.667e+0,1.045e-12,5.873e-9,2.092e-13,3.664e-16,9.747e-24
478.94,3.540e+0,,2.144e-14,1.026e-23,3.540e+0,1.037e-12,9.527e-9,2.092e-13,3.663e-16,9.736e-24
478.99,2.187e+0,,2.140e-14,1.025e-23,2.187e+0,1.028e-12,1.513e-8,2.092e-13,3.661e-16,9.724e-24
479.04,1.366e+0,,2.137e-14,1.024e-23,1.366e+0,1.019e-12,2.350e-8,2.092e-13,3.660e-16,9.713e-24
479.09,9.170e-1,,2.134e-14,1.023e-23,9.170e-1,1.011e-12,3.572e-8,2.092e-13,3.659e-16,9.702e-24
479.14,7.484e-1,,2.131e-14,1.022e-23,7.484e-1,1.002e-12,5.313e-8,2.092e-13,3.658e-16,9.691e-24
479.19,8.270e-1,,2.127e-14,1.021e-23,8.270e-1,9.935e-13,7.733e-8,2.091e-13,3.656e-16,9.680e-24
479.24,1.179e+0,,2.124e-14,1.019e-23,1.179e+0,9.849e-13,1.101e-7,2.091e-13,3.655e-16,9.669e-24
479.28,1.714e+0,,2.121e-14,1.018e-23,1.714e+0,9.780e-13,1.439e-7,2.091e-13,3.654e-16,9.660e-24
479.33,2.835e+0,,2.118e-14,1.017e-23,2.835e+0,9.694e-13,1.971e-7,2.091e-13,3.653e-16,9.649e-24
479.38,4.688e+0,,2.115e-14,1.016e-23,4.688e+0,9.607e-13,2.642e-7,2.091e-13,3.652e-16,9.638e-24
479.43,7.641e+0,,2.111e-14,1.015e-23,7.641e+0,9.521e-13,3.465e-7,2.091e-13,3.650e-16,9.627e-24
479.48,1.221e+1,,2.108e-14,1.014e-23,1.221e+1,9.435e-13,4.447e-7,2.091e-13,3.649e-16,9.616e-24
479.53,1.911e+1,,2.105e-14,1.013e-23,1.911e+1,9.349e-13,5.585e-7,2.090e-13,3.648e-16,9.605e-24
479.58,2.928e+1,,2.102e-14,1.012e-23,2.928e+1,9.263e-13,6.864e-7,2.090e-13,3.646e-16,9.594e-24
479.63,4.389e+1,,2.098e-14,1.010e-23,4.389e+1,9.177e-13,8.254e-7,2.090e-13,3.645e-16,9.582e-24
479.67,5.974e+1,,2.096e-14,1.009e-23,5.974e+1,9.108e-13,9.418e-7,2.090e-13,3.644e-16,9.574e-24
479.72,8.614e+1,,2.092e-14,1.008e-23,8.614e+1,9.022e-13,1.089e-6,2.090e-13,3.643e-16,9.562e-24
479.77,1.215e+2,,2.089e-14,1.007e-23,1.215e+2,8.936e-13,1.233e-6,2.090e-13,3.642e-16,9.551e-24
479.82,1.678e+2,,2.086e-14,1.006e-23,1.678e+2,8.849e-13,1.365e-6,2.090e-13,3.640e-16,9.540e-24
479.87,2.267e+2,,2.082e-14,1.005e-23,2.267e+2,8.763e-13,1.479e-6,2.089e-13,3.639e-16,9.529e-24
479.92,2.998e+2,,2.079e-14,1.004e-23,2.998e+2,8.677e-13,1.568e-6,2.089e-13,3.638e-16,9.518e-24
479.97,3.879e+2,,2.076e-14,1.003e-23,3.879e+2,8.591e-13,1.627e-6,2.089e-13,3.637e-16,9.507e-24
480.02,4.912e+2,,2.073e-14,1.001e-23,4.912e+2,8.505e-13,1.652e-6,2.089e-13,3.635e-16,9.496e-24
480.06,5.841e+2,,2.070e-14,1.000e-23,5.841e+2,8.436e-13,1.646e-6,2.089e-13,3.634e-16,9.487e-24
480.11,7.113e+2,,2.067e-14,9.993e-24,7.113e+2,8.350e-13,1.608e-6,2.089e-13,3.633e-16,9.476e-24
480.16,8.476e+2,,2.063e-14,9.982e-24,8.476e+2,8.264e-13,1.536e-6,2.088e-13,3.632e-16,9.465e-24
480.21,9.885e+2,,2.060e-14,9.970e-24,9.885e+2,8.178e-13,1.436e-6,2.088e-13,3.630e-16,9.454e-24
480.26,1.128e+3,,2.057e-14,9.959e-24,1.128e+3,8.091e-13,1.314e-6,2.088e-13,3.629e-16,9.443e-24
480.31,1.260e+3,,2.053e-14,9.947e-24,1.260e+3,8.005e-13,1.176e-6,2.088e-13,3.628e-16,9.432e-24
480.36,1.377e+3,,2.050e-14,9.936e-24,1.377e+3,7.919e-13,1.030e-6,2.088e-13,3.627e-16,9.421e-24
480.41,1.472e+3,,2.047e-14,9.924e-24,1.472e+3,7.833e-13,8.832e-7,2.088e-13,3.625e-16,9.409e-24
480.46,1.541e+3,,2.044e-14,9.913e-24,1.541e+3,7.747e-13,7.409e-7,2.088e-13,3.624e-16,9.398e-24
480.50,1.573e+3,,2.041e-14,9.904e-24,1.573e+3,7.678e-13,6.337e-7,2.087e-13,3.623e-16,9.389e-24
480.55,1.583e+3,,2.038e-14,9.892e-24,1.583e+3,7.592e-13,5.112e-7,2.087e-13,3.622e-16,9.378e-24
480.60,1.560e+3,,2.034e-14,9.880e-24,1.560e+3,7.506e-13,4.036e-7,2.087e-13,3.621e-16,9.367e-24
480.65,1.503e+3,,2.031e-14,9.869e-24,1.503e+3,7.420e-13,3.117e-7,2.087e-13,3.619e-16,9.356e-24
480.70,1.418e+3,,2.028e-14,9.857e-24,1.418e+3,7.334e-13,2.357e-7,2.087e-13,3.618e-16,9.345e-24
480.75,1.309e+3,,2.024e-14,9.846e-24,1.309e+3,7.247e-13,1.744e-7,2.087e-13,3.617e-16,9.334e-24
480.80,1.183e+3,,2.021e-14,9.834e-24,1.183e+3,7.161e-13,1.264e-7,2.087e-13,3.616e-16,9.323e-24
480.85,1.047e+3,,2.018e-14,9.823e-24,1.047e+3,7.075e-13,8.980e-8,2.086e-13,3.614e-16,9.312e-24
480.89,9.352e+2,,2.015e-14,9.814e-24,9.352e+2,7.006e-13,6.748e-8,2.086e-13,3.613e-16,9.303e-24
480.94,7.975e+2,,2.012e-14,9.802e-24,7.975e+2,6.920e-13,4.675e-8,2.086e-13,3.612e-16,9.292e-24
480.99,6.673e+2,,2.009e-14,9.791e-24,6.673e+2,6.834e-13,3.248e-8,2.086e-13,3.611e-16,9.281e-24
481.04,5.494e+2,,2.005e-14,9.779e-24,5.494e+2,6.748e-13,2.338e-8,2.086e-13,3.609e-16,9.270e-24
481.09,4.470e+2,,2.002e-14,9.768e-24,4.470e+2,6.662e-13,1.846e-8,2.086e-13,3.608e-16,9.259e-24
481.14,3.623e+2,,1.999e-14,9.756e-24,3.623e+2,6.576e-13,1.714e-8,2.085e-13,3.607e-16,9.247e-24
481.19,2.966e+2,,1.995e-14,9.745e-24,2.966e+2,6.489e-13,1.915e-8,2.085e-13,3.606e-16,9.236e-24
481.24,2.502e+2,,1.992e-14,9.733e-24,2.502e+2,6.403e-13,2.459e-8,2.085e-13,3.604e-16,9.225e-24
481.28,2.269e+2,,1.990e-14,9.724e-24,2.269e+2,6.334e-13,3.167e-8,2.085e-13,3.603e-16,9.216e-24
481.33,2.146e+2,,1.986e-14,9.712e-24,2.146e+2,6.248e-13,4.449e-8,2.085e-13,3.602e-16,9.205e-24
481.38,2.202e+2,,1.983e-14,9.701e-24,2.202e+2,6.162e-13,6.251e-8,2.085e-13,3.601e-16,9.194e-24
481.43,2.427e+2,,1.980e-14,9.689e-24,2.427e+2,6.076e-13,8.673e-8,2.085e-13,3.600e-16,9.183e-24
481.48,2.807e+2,,1.976e-14,9.678e-24,2.807e+2,5.990e-13,1.182e-7,2.084e-13,3.598e-16,9.172e-24
481.53,3.327e+2,,1.973e-14,9.666e-24,3.327e+2,5.904e-13,1.579e-7,2.084e-13,3.597e-16,9.161e-24
481.58,3.965e+2,,1.970e-14,9.655e-24,3.965e+2,5.818e-13,2.065e-7,2.084e-13,3.596e-16,9.150e-24
481.63,4.698e+2,,1.966e-14,9.643e-24,4.698e+2,5.731e-13,2.644e-7,2.084e-13,3.594e-16,9.139e-24
481.68,5.492e+2,,1.963e-14,9.632e-24,5.492e+2,5.645e-13,3.313e-7,2.084e-13,3.593e-16,9.128e-24
481.72,6.148e+2,,1.961e-14,9.623e-24,6.148e+2,5.576e-13,3.908e-7,2.084e-13,3.592e-16,9.119e-24
481.77,6.960e+2,,1.957e-14,9.611e-24,6.960e+2,5.490e-13,4.712e-7,2.084e-13,3.591e-16,9.108e-24
481.82,7.722e+2,,1.954e-14,9.600e-24,7.722e+2,5.404e-13,5.561e-7,2.083e-13,3.590e-16,9.097e-24
481.87,8.391e+2,,1.951e-14,9.588e-24,8.391e+2,5.318e-13,6.422e-7,2.083e-13,3.588e-16,9.086e-24
481.92,8.927e+2,,1.947e-14,9.576e-24,8.927e+2,5.232e-13,7.260e-7,2.083e-13,3.587e-16,9.074e-24
481.97,9.298e+2,,1.944e-14,9.565e-24,9.298e+2,5.146e-13,8.032e-7,2.083e-13,3.586e-16,9.063e-24
482.02,9.479e+2,,1.941e-14,9.553e-24,9.479e+2,5.060e-13,8.697e-7,2.083e-13,3.585e-16,9.052e-24
482.07,9.458e+2,,1.937e-14,9.542e-24,9.458e+2,4.973e-13,9.217e-7,2.083e-13,3.583e-16,9.041e-24
482.11,9.296e+2,,1.935e-14,9.533e-24,9.296e+2,4.905e-13,9.507e-7,2.082e-13,3.582e-16,9.032e-24
482.16,8.924e+2,,1.932e-14,9.521e-24,8.924e+2,4.818e-13,9.693e-7,2.082e-13,3.581e-16,9.021e-24
482.21,8.384e+2,,1.928e-14,9.510e-24,8.384e+2,4.732e-13,9.672e-7,2.082e-13,3.580e-16,9.010e-24
482.26,7.709e+2,,1.925e-14,9.498e-24,7.709e+2,4.646e-13,9.446e-7,2.082e-13,3.578e-16,8.999e-24
482.31,6.937e+2,,1.922e-14,9.487e-24,6.937e+2,4.560e-13,9.029e-7,2.082e-13,3.577e-16,8.988e-24
482.36,6.110e+2,,1.918e-14,9.475e-24,6.110e+2,4.474e-13,8.447e-7,2.082e-13,3.576e-16,8.977e-24
482.41,5.267e+2,,1.915e-14,9.464e-24,5.267e+2,4.388e-13,7.734e-7,2.082e-13,3.575e-16,8.966e-24
482.46,4.444e+2,,1.912e-14,9.452e-24,4.444e+2,4.302e-13,6.930e-7,2.081e-13,3.573e-16,8.955e-24
482.51,3.670e+2,,1.908e-14,9.441e-24,3.670e+2,4.215e-13,6.078e-7,2.081e-13,3.572e-16,8.944e-24
482.55,3.100e+2,,1.906e-14,9.431e-24,3.100e+2,4.147e-13,5.389e-7,2.081e-13,3.571e-16,8.935e-24
482.60,2.463e+2,,1.903e-14,9.420e-24,2.463e+2,4.060e-13,4.547e-7,2.081e-13,3.570e-16,8.924e-24
482.65,1.916e+2,,1.899e-14,9.408e-24,1.916e+2,3.974e-13,3.755e-7,2.081e-13,3.569e-16,8.912e-24
482.70,1.460e+2,,1.896e-14,9.397e-24,1.460e+2,3.888e-13,3.035e-7,2.081e-13,3.567e-16,8.901e-24
482.75,1.092e+2,,1.893e-14,9.385e-24,1.092e+2,3.802e-13,2.401e-7,2.081e-13,3.566e-16,8.890e-24
482.80,8.026e+1,,1.889e-14,9.374e-24,8.026e+1,3.716e-13,1.859e-7,2.080e-13,3.565e-16,8.879e-24
482.85,5.847e+1,,1.886e-14,9.362e-24,5.847e+1,3.630e-13,1.408e-7,2.080e-13,3.563e-16,8.868e-24
482.90,4.286e+1,,1.883e-14,9.351e-24,4.286e+1,3.544e-13,1.044e-7,2.080e-13,3.562e-16,8.857e-24
482.94,3.429e+1,,1.880e-14,9.342e-24,3.429e+1,3.475e-13,8.096e-8,2.080e-13,3.561e-16,8.848e-24
482.99,2.796e+1,,1.877e-14,9.330e-24,2.796e+1,3.389e-13,5.776e-8,2.080e-13,3.560e-16,8.837e-24
483.04,2.618e+1,,1.874e-14,9.319e-24,2.618e+1,3.302e-13,4.033e-8,2.080e-13,3.559e-16,8.826e-24
483.09,2.892e+1,,1.870e-14,9.307e-24,2.892e+1,3.216e-13,2.756e-8,2.079e-13,3.557e-16,8.815e-24
483.14,3.652e+1,,1.867e-14,9.296e-24,3.652e+1,3.130e-13,1.844e-8,2.079e-13,3.556e-16,8.804e-24
483.19,4.968e+1,,1.864e-14,9.284e-24,4.968e+1,3.044e-13,1.207e-8,2.079e-13,3.555e-16,8.793e-24
483.24,6.945e+1,,1.860e-14,9.273e-24,6.945e+1,2.958e-13,7.733e-9,2.079e-13,3.554e-16,8.782e-24
483.29,9.714e+1,,1.857e-14,9.261e-24,9.714e+1,2.872e-13,4.849e-9,2.079e-13,3.552e-16,8.771e-24
483.33,1.260e+2,,1.854e-14,9.252e-24,1.260e+2,2.803e-13,3.287e-9,2.079e-13,3.551e-16,8.762e-24
483.38,1.719e+2,,1.851e-14,9.240e-24,1.719e+2,2.717e-13,1.983e-9,2.079e-13,3.550e-16,8.751e-24
483.43,2.299e+2,,1.848e-14,9.229e-24,2.299e+2,2.631e-13,1.171e-9,2.078e-13,3.549e-16,8.739e-24
483.48,3.013e+2,,1.845e-14,9.217e-24,3.013e+2,2.544e-13,6.766e-10,2.078e-13,3.547e-16,8.728e-24
483.53,3.866e+2,,1.841e-14,9.206e-24,3.866e+2,2.458e-13,3.827e-10,2.078e-13,3.546e-16,8.717e-24
483.58,4.857e+2,,1.838e-14,9.194e-24,4.857e+2,2.372e-13,2.118e-10,2.078e-13,3.545e-16,8.706e-24
483.63,5.974e+2,,1.835e-14,9.183e-24,5.974e+2,2.286e-13,1.148e-10,2.078e-13,3.544e-16,8.695e-24
483.68,7.192e+2,,1.831e-14,9.171e-24,7.192e+2,2.200e-13,6.086e-11,2.078e-13,3.542e-16,8.684e-24
483.73,8.476e+2,,1.828e-14,9.160e-24,8.476e+2,2.114e-13,3.158e-11,2.078e-13,3.541e-16,8.673e-24
483.77,9.519e+2,,1.825e-14,9.150e-24,9.519e+2,2.045e-13,1.840e-11,2.077e-13,3.540e-16,8.664e-24
483.82,1.080e+3,,1.822e-14,9.139e-24,1.080e+3,1.959e-13,9.186e-12,2.077e-13,3.539e-16,8.653e-24
483.87,1.199e+3,,1.819e-14,9.127e-24,1.199e+3,1.873e-13,4.489e-12,2.077e-13,3.538e-16,8.642e-24
483.92,1.303e+3,,1.816e-14,9.116e-24,1.303e+3,1.787e-13,2.147e-12,2.077e-13,3.536e-16,8.631e-24
483.97,1.386e+3,,1.812e-14,9.104e-24,1.386e+3,1.700e-13,1.005e-12,2.077e-13,3.535e-16,8.620e-24
484.02,1.443e+3,,1.809e-14,9.093e-24,1.443e+3,1.614e-13,4.603e-13,2.077e-13,3.534e-16,8.609e-24
484.07,1.471e+3,,1.806e-14,9.081e-24,1.471e+3,1.528e-13,2.064e-13,2.076e-13,3.532e-16,8.597e-24
484.12,1.468e+3,,1.802e-14,9.070e-24,1.468e+3,1.442e-13,9.056e-14,2.076e-13,3.531e-16,8.586e-24
484.16,1.444e+3,,1.800e-14,9.061e-24,1.444e+3,1.373e-13,4.614e-14,2.076e-13,3.530e-16,8.578e-24
484.21,1.387e+3,,1.796e-14,9.049e-24,1.387e+3,1.287e-13,1.948e-14,2.076e-13,3.529e-16,8.566e-24
484.26,1.304e+3,,1.793e-14,9.038e-24,1.304e+3,1.201e-13,8.048e-15,7.032e-13,3.528e-16,8.555e-24
484.31,1.202e+3,,1.790e-14,9.026e-24,1.202e+3,1.115e-13,3.254e-15,2.543e-12,3.526e-16,8.544e-24
484.36,1.085e+3,,1.787e-14,9.015e-24,1.085e+3,1.029e-13,1.288e-15,8.281e-12,3.525e-16,8.533e-24
484.41,9.603e+2,,1.783e-14,9.003e-24,9.603e+2,9.424e-14,4.989e-16,2.641e-11,3.524e-16,8.522e-24
484.46,8.353e+2,,1.780e-14,8.992e-24,8.353e+2,8.563e-14,1.892e-16,8.246e-11,3.523e-16,8.511e-24
484.51,7.161e+2,,1.777e-14,8.980e-24,7.161e+2,2.921e-13,7.020e-17,2.522e-10,3.521e-16,8.500e-24
484.56,6.085e+2,,1.773e-14,8.969e-24,6.085e+2,9.756e-13,2.553e-17,7.550e-10,3.520e-16,8.489e-24
484.60,5.344e+2,,1.771e-14,8.959e-24,5.344e+2,2.522e-12,1.128e-17,1.788e-9,3.519e-16,8.480e-24
484.65,4.602e+2,,1.767e-14,8.948e-24,4.602e+2,8.110e-12,4.288e-18,5.157e-9,3.518e-16,8.469e-24
484.70,4.101e+2,,1.764e-14,8.936e-24,4.101e+2,2.554e-11,2.557e-18,1.456e-8,3.517e-16,8.458e-24
484.75,3.876e+2,,1.761e-14,8.925e-24,3.876e+2,7.874e-11,4.219e-18,4.026e-8,3.515e-16,8.447e-24
484.80,3.956e+2,,1.758e-14,8.913e-24,3.956e+2,2.377e-10,1.154e-17,1.090e-7,3.514e-16,8.436e-24
484.85,4.366e+2,,1.754e-14,8.902e-24,4.366e+2,7.028e-10,3.372e-17,2.890e-7,3.513e-16,8.424e-24
484.90,5.130e+2,,1.751e-14,8.890e-24,5.130e+2,2.035e-9,9.749e-17,7.505e-7,3.511e-16,8.413e-24
484.95,6.265e+2,,1.748e-14,8.879e-24,6.265e+2,5.767e-9,2.763e-16,1.908e-6,3.510e-16,8.402e-24
484.99,7.445e+2,,1.745e-14,8.870e-24,7.445e+2,1.307e-8,6.263e-16,3.966e-6,3.509e-16,8.393e-24
485.04,9.259e+2,,1.742e-14,8.858e-24,9.259e+2,3.567e-8,1.709e-15,9.710e-6,3.508e-16,8.382e-24
485.09,1.143e+3,,1.738e-14,8.847e-24,1.143e+3,9.533e-8,4.567e-15,2.328e-5,3.507e-16,8.371e-24
485.14,1.392e+3,,1.735e-14,8.835e-24,1.392e+3,2.494e-7,1.195e-14,5.467e-5,3.505e-16,8.360e-24
485.19,1.666e+3,,1.732e-14,8.823e-24,1.666e+3,6.390e-7,3.062e-14,1.257e-4,3.504e-16,8.349e-24
485.24,1.957e+3,,1.729e-14,8.812e-24,1.957e+3,1.603e-6,7.682e-14,2.831e-4,3.503e-16,8.338e-24
485.29,2.253e+3,,1.725e-14,8.800e-24,2.253e+3,3.938e-6,1.887e-13,6.243e-4,3.502e-16,8.327e-24
485.34,2.541e+3,,1.722e-14,8.789e-24,2.541e+3,9.472e-6,4.539e-13,1.348e-3,3.500e-16,8.316e-24
485.38,2.756e+3,,1.719e-14,8.780e-24,2.756e+3,1.883e-5,9.022e-13,2.459e-3,3.499e-16,8.307e-24
485.43,2.993e+3,,1.716e-14,8.768e-24,2.993e+3,4.360e-5,2.089e-12,5.113e-3,3.498e-16,8.296e-24
485.48,3.182e+3,,1.713e-14,8.757e-24,3.182e+3,9.888e-5,4.738e-12,1.041e-2,3.497e-16,8.285e-24
485.53,3.313e+3,,1.709e-14,8.745e-24,3.313e+3,2.196e-4,1.052e-11,2.077e-2,3.495e-16,8.274e-24
485.58,3.377e+3,,1.706e-14,8.734e-24,3.377e+3,4.773e-4,2.287e-11,4.057e-2,3.494e-16,8.263e-24
485.63,3.370e+3,,1.703e-14,8.722e-24,3.370e+3,1.016e-3,4.869e-11,7.760e-2,3.493e-16,8.251e-24
485.68,3.293e+3,,1.700e-14,8.711e-24,3.293e+3,2.118e-3,1.015e-10,1.454e-1,3.492e-16,8.240e-24
485.73,3.151e+3,,1.696e-14,8.699e-24,3.150e+3,4.324e-3,2.072e-10,2.667e-1,3.490e-16,8.229e-24
485.78,2.952e+3,,1.693e-14,8.688e-24,2.951e+3,8.642e-3,4.141e-10,4.791e-1,3.489e-16,8.218e-24
485.82,2.760e+3,,1.690e-14,8.678e-24,2.759e+3,1.481e-2,7.097e-10,7.541e-1,3.488e-16,8.209e-24
485.87,2.491e+3,,1.687e-14,8.667e-24,2.490e+3,2.850e-2,1.366e-9,1.305e+0,3.487e-16,8.198e-24
485.92,2.204e+3,,1.684e-14,8.655e-24,2.201e+3,5.371e-2,2.573e-9,2.211e+0,3.486e-16,8.187e-24
485.97,1.912e+3,,1.680e-14,8.644e-24,1.908e+3,9.909e-2,4.748e-9,3.669e+0,3.484e-16,8.176e-24
486.02,1.628e+3,,1.677e-14,8.632e-24,1.622e+3,1.790e-1,8.577e-9,5.963e+0,3.483e-16,8.165e-24
486.07,1.365e+3,,1.674e-14,8.621e-24,1.355e+3,3.167e-1,1.517e-8,9.490e+0,3.482e-16,8.154e-24
486.12,1.130e+3,,1.671e-14,8.609e-24,1.115e+3,5.485e-1,2.628e-8,1.479e+1,3.480e-16,8.143e-24
486.17,9.295e+2,,1.667e-14,8.598e-24,9.060e+2,9.302e-1,4.457e-8,2.258e+1,3.479e-16,8.132e-24
486.21,7.964e+2,,1.665e-14,8.589e-24,7.638e+2,1.398e+0,6.699e-8,3.120e+1,3.478e-16,8.123e-24
486.26,6.653e+2,,1.661e-14,8.577e-24,6.171e+2,2.283e+0,1.094e-7,4.588e+1,3.477e-16,8.112e-24
486.31,5.733e+2,,1.658e-14,8.566e-24,5.036e+2,3.651e+0,1.749e-7,6.606e+1,3.476e-16,8.101e-24
486.36,5.191e+2,,1.655e-14,8.554e-24,4.202e+2,5.716e+0,2.739e-7,9.316e+1,3.474e-16,8.089e-24
486.41,5.005e+2,,1.651e-14,8.543e-24,3.631e+2,8.763e+0,4.199e-7,1.287e+2,3.473e-16,8.078e-24
486.46,5.147e+2,,1.648e-14,8.531e-24,3.275e+2,1.315e+1,6.303e-7,1.740e+2,3.472e-16,8.067e-24
486.51,5.587e+2,,1.645e-14,8.520e-24,3.088e+2,1.933e+1,9.264e-7,2.305e+2,3.471e-16,8.056e-24
486.56,6.294e+2,,1.642e-14,8.508e-24,3.024e+2,2.783e+1,1.333e-6,2.991e+2,3.469e-16,8.045e-24
486.60,7.030e+2,,1.639e-14,8.499e-24,3.034e+2,3.668e+1,1.757e-6,3.629e+2,3.468e-16,8.036e-24
486.65,8.134e+2,,1.636e-14,8.487e-24,3.091e+2,5.082e+1,2.435e-6,4.535e+2,3.467e-16,8.025e-24
486.70,9.409e+2,,1.632e-14,8.476e-24,3.169e+2,6.896e+1,3.304e-6,5.550e+2,3.466e-16,8.014e-24
486.75,1.081e+3,,1.629e-14,8.464e-24,3.244e+2,9.162e+1,4.390e-6,6.652e+2,3.464e-16,8.003e-24
486.80,1.230e+3,,1.626e-14,8.453e-24,3.299e+2,1.192e+2,5.712e-6,7.810e+2,3.463e-16,7.992e-24
486.85,1.382e+3,,1.622e-14,8.441e-24,3.324e+2,1.518e+2,7.276e-6,8.979e+2,3.462e-16,7.981e-24
486.90,1.532e+3,,1.619e-14,8.430e-24,3.315e+2,1.894e+2,9.075e-6,1.011e+3,3.461e-16,7.970e-24
486.95,1.674e+3,,1.616e-14,8.418e-24,3.274e+2,2.313e+2,1.108e-5,1.115e+3,3.459e-16,7.959e-24
487.00,1.802e+3,,1.613e-14,8.407e-24,3.204e+2,2.766e+2,1.326e-5,1.205e+3,3.458e-16,7.947e-24
487.04,1.890e+3,,1.610e-14,8.397e-24,3.133e+2,3.144e+2,1.506e-5,1.262e+3,3.457e-16,7.939e-24
487.09,1.978e+3,,1.607e-14,8.386e-24,3.033e+2,3.620e+2,1.735e-5,1.313e+3,3.456e-16,7.928e-24
487.14,2.039e+3,,1.603e-14,8.374e-24,2.927e+2,4.081e+2,1.956e-5,1.338e+3,3.455e-16,7.916e-24
487.19,2.069e+3,,1.600e-14,8.363e-24,2.824e+2,4.506e+2,2.159e-5,1.336e+3,3.453e-16,7.905e-24
487.24,2.066e+3,,1.597e-14,8.351e-24,2.731e+2,4.871e+2,2.334e-5,1.306e+3,3.452e-16,7.894e-24
487.29,2.031e+3,,1.594e-14,8.340e-24,2.653e+2,5.156e+2,2.470e-5,1.250e+3,3.451e-16,7.883e-24
487.34,1.966e+3,,1.590e-14,8.328e-24,2.597e+2,5.343e+2,2.560e-5,1.172e+3,3.449e-16,7.872e-24
487.39,1.876e+3,,1.587e-14,8.317e-24,2.570e+2,5.423e+2,2.598e-5,1.076e+3,3.448e-16,7.861e-24
487.43,1.789e+3,,1.584e-14,8.308e-24,2.576e+2,5.404e+2,2.590e-5,9.906e+2,3.447e-16,7.852e-24
487.48,1.667e+3,,1.581e-14,8.296e-24,2.629e+2,5.281e+2,2.530e-5,8.764e+2,3.446e-16,7.841e-24
487.53,1.540e+3,,1.578e-14,2.772e-23,2.751e+2,5.052e+2,2.421e-5,7.594e+2,3.445e-16,7.830e-24
487.58,1.415e+3,,1.574e-14,9.070e-23,2.970e+2,4.733e+2,2.268e-5,6.445e+2,3.443e-16,7.819e-24
487.63,1.302e+3,,1.571e-14,2.907e-22,3.318e+2,4.342e+2,2.081e-5,5.358e+2,3.442e-16,7.808e-24
487.68,1.210e+3,,1.568e-14,9.125e-22,3.838e+2,3.900e+2,1.869e-5,4.364e+2,3.441e-16,7.797e-24
487.73,1.149e+3,,1.565e-14,2.805e-21,4.575e+2,3.430e+2,1.644e-5,3.483e+2,3.440e-16,7.786e-24
487.78,1.126e+3,,1.561e-14,8.448e-21,5.581e+2,2.954e+2,1.415e-5,2.727e+2,3.438e-16,7.774e-24
487.83,1.149e+3,,1.558e-14,2.492e-20,6.902e+2,2.491e+2,1.194e-5,2.098e+2,3.437e-16,7.763e-24
487.87,1.204e+3,,1.555e-14,5.831e-20,8.213e+2,2.141e+2,1.026e-5,1.684e+2,3.436e-16,7.754e-24
487.92,1.320e+3,,1.552e-14,1.657e-19,1.019e+3,1.738e+2,8.328e-6,1.271e+2,1.152e-15,7.743e-24
487.97,1.492e+3,,1.549e-14,4.610e-19,1.257e+3,1.382e+2,6.621e-6,9.670e+1,3.785e-15,7.732e-24
488.02,1.715e+3,,1.545e-14,1.257e-18,1.531e+3,1.076e+2,5.154e-6,7.629e+1,1.218e-14,7.721e-24
488.07,1.987e+3,,1.542e-14,3.354e-18,1.839e+3,8.199e+1,3.929e-6,6.524e+1,3.837e-14,7.710e-24
488.12,2.297e+3,,1.539e-14,8.770e-18,2.173e+3,6.119e+1,2.932e-6,6.329e+1,1.184e-13,7.699e-24
488.17,2.636e+3,,1.536e-14,2.246e-17,2.520e+3,4.472e+1,2.143e-6,7.063e+1,3.581e-13,7.688e-24
488.22,2.989e+3,,1.532e-14,5.633e-17,2.869e+3,3.200e+1,1.533e-6,8.801e+1,1.060e-12,7.677e-24
488.26,3.271e+3,,1.530e-14,1.158e-16,3.137e+3,2.412e+1,1.156e-6,1.099e+2,2.489e-12,7.668e-24
488.31,3.612e+3,,1.526e-14,2.798e-16,3.446e+3,1.662e+1,7.962e-7,1.488e+2,7.100e-12,7.657e-24
488.36,3.923e+3,,1.523e-14,6.621e-16,3.709e+3,1.121e+1,5.371e-7,2.023e+2,1.984e-11,7.646e-24
488.41,4.192e+3,,1.520e-14,1.535e-15,3.912e+3,7.405e+0,3.548e-7,2.724e+2,5.428e-11,7.635e-24
488.46,4.409e+3,,1.516e-14,3.484e-15,4.043e+3,4.789e+0,2.295e-7,3.611e+2,1.455e-10,7.624e-24
488.51,4.566e+3,,1.513e-14,7.746e-15,4.093e+3,3.033e+0,1.454e-7,4.701e+2,3.819e-10,7.613e-24
488.56,4.661e+3,,1.510e-14,1.687e-14,4.059e+3,1.881e+0,9.014e-8,6.000e+2,9.820e-10,7.601e-24
488.61,4.696e+3,,1.507e-14,3.598e-14,3.944e+3,1.142e+0,5.474e-8,7.506e+2,2.473e-9,7.590e-24
488.65,4.683e+3,,1.504e-14,6.498e-14,3.798e+3,7.549e-1,3.617e-8,8.846e+2,5.101e-9,7.581e-24
488.70,4.624e+3,,1.501e-14,1.335e-13,3.557e+3,4.414e-1,2.115e-8,1.066e+3,1.238e-8,7.570e-24
488.75,4.524e+3,,1.497e-14,2.687e-13,3.264e+3,2.527e-1,1.211e-8,1.259e+3,2.941e-8,7.559e-24
488.80,4.392e+3,,1.494e-14,5.295e-13,2.936e+3,1.417e-1,6.787e-9,1.456e+3,6.844e-8,7.548e-24
488.85,4.237e+3,,1.491e-14,1.022e-12,2.587e+3,7.775e-2,3.726e-9,1.650e+3,1.560e-7,7.537e-24
488.90,4.066e+3,,1.487e-14,1.933e-12,2.235e+3,4.179e-2,2.002e-9,1.831e+3,3.484e-7,7.526e-24
488.95,3.883e+3,,1.484e-14,3.580e-12,1.892e+3,2.199e-2,1.054e-9,1.990e+3,7.619e-7,7.515e-24
489.00,3.690e+3,,1.481e-14,6.493e-12,1.571e+3,1.134e-2,5.430e-10,2.119e+3,1.632e-6,7.504e-24
489.05,3.489e+3,,1.478e-14,1.154e-11,1.279e+3,5.734e-3,2.740e-10,2.210e+3,3.424e-6,7.493e-24
489.09,3.322e+3,,1.475e-14,1.800e-11,1.070e+3,3.290e-3,1.561e-10,2.252e+3,6.103e-6,7.484e-24
489.14,3.104e+3,,1.472e-14,3.080e-11,8.411e+2,1.655e-3,7.585e-11,2.263e+3,1.234e-5,7.473e-24
489.19,2.876e+3,,1.468e-14,5.163e-11,6.488e+2,9.149e-4,3.609e-11,2.227e+3,2.442e-5,7.462e-24
489.24,2.638e+3,,1.465e-14,8.476e-11,4.911e+2,7.073e-4,1.683e-11,2.147e+3,4.736e-5,7.451e-24
489.29,2.392e+3,,1.462e-14,1.363e-10,3.649e+2,9.293e-4,7.711e-12,2.027e+3,8.996e-5,7.439e-24
489.34,2.141e+3,,1.458e-14,2.147e-10,2.663e+2,1.697e-3,3.534e-12,1.875e+3,1.674e-4,7.428e-24
489.39,1.889e+3,,1.455e-14,3.311e-10,1.908e+2,3.397e-3,1.757e-12,1.698e+3,3.050e-4,7.417e-24
489.44,1.641e+3,,1.452e-14,5.003e-10,1.344e+2,6.838e-3,1.240e-12,1.507e+3,5.445e-4,7.406e-24
489.48,1.450e+3,,1.449e-14,6.856e-10,1.003e+2,1.184e-2,1.471e-12,1.349e+3,8.528e-4,7.397e-24
489.53,1.222e+3,,1.446e-14,9.978e-10,6.846e+1,2.312e-2,2.685e-12,1.153e+3,1.467e-3,7.386e-24
489.58,1.012e+3,,1.443e-14,1.422e-9,4.597e+1,4.424e-2,5.603e-12,9.658e+2,2.471e-3,7.375e-24
489.63,8.226e+2,,1.439e-14,1.986e-9,3.038e+1,8.291e-2,1.184e-11,7.921e+2,4.079e-3,7.364e-24
489.68,6.562e+2,,1.436e-14,2.715e-9,1.976e+1,1.522e-1,2.465e-11,6.363e+2,6.595e-3,7.353e-24
489.73,5.136e+2,,1.433e-14,3.637e-9,1.267e+1,2.736e-1,5.033e-11,5.007e+2,1.045e-2,7.342e-24
489.78,3.944e+2,,1.429e-14,4.771e-9,8.041e+0,4.819e-1,1.007e-10,3.859e+2,1.621e-2,7.331e-24
489.83,2.972e+2,,1.426e-14,6.129e-9,5.097e+0,8.312e-1,1.974e-10,2.913e+2,2.466e-2,7.320e-24
489.87,2.341e+2,,1.423e-14,7.379e-9,3.597e+0,1.267e+0,3.331e-10,2.292e+2,3.398e-2,7.311e-24
489.92,1.713e+2,,1.420e-14,9.133e-9,2.497e+0,2.105e+0,6.289e-10,1.667e+2,4.983e-2,7.300e-24
489.97,1.243e+2,,1.417e-14,1.107e-8,2.069e+0,3.426e+0,1.163e-9,1.187e+2,7.162e-2,7.289e-24
490.02,9.062e+1,,1.414e-14,1.314e-8,2.238e+0,5.462e+0,2.107e-9,8.282e+1,1.009e-1,7.278e-24
490.07,6.832e+1,,1.410e-14,1.529e-8,3.058e+0,8.529e+0,3.739e-9,5.659e+1,1.394e-1,7.266e-24
490.12,5.583e+1,,1.407e-14,1.741e-8,4.714e+0,1.305e+1,6.499e-9,3.788e+1,1.888e-1,7.255e-24
490.17,5.218e+1,,1.404e-14,1.942e-8,7.552e+0,1.954e+1,1.106e-8,2.484e+1,2.510e-1,7.244e-24
490.22,5.707e+1,,1.400e-14,2.122e-8,1.211e+1,2.868e+1,1.845e-8,1.595e+1,3.273e-1,7.233e-24
490.27,7.085e+1,,1.397e-14,2.271e-8,1.916e+1,4.122e+1,3.014e-8,1.005e+1,4.192e-1,7.222e-24
490.31,8.894e+1,,1.395e-14,2.362e-8,2.730e+1,5.429e+1,4.397e-8,6.851e+0,5.043e-1,7.213e-24
490.36,1.217e+2,,1.391e-14,2.435e-8,4.176e+1,7.517e+1,6.919e-8,4.196e+0,6.254e-1,7.202e-24
490.41,1.679e+2,,1.388e-14,2.459e-8,6.259e+1,1.019e+2,1.066e-7,2.576e+0,7.628e-1,7.191e-24
490.46,2.299e+2,,1.385e-14,2.431e-8,9.190e+1,1.354e+2,1.610e-7,1.657e+0,9.154e-1,7.180e-24
490.51,3.107e+2,,1.381e-14,2.355e-8,1.322e+2,1.762e+2,2.381e-7,1.236e+0,1.082e+0,7.169e-24
490.56,4.133e+2,,1.378e-14,2.234e-8,1.863e+2,2.246e+2,3.450e-7,1.215e+0,1.260e+0,7.158e-24
490.61,5.405e+2,,1.375e-14,2.076e-8,2.571e+2,2.804e+2,4.895e-7,1.587e+0,1.449e+0,7.147e-24
490.66,6.946e+2,,1.371e-14,1.889e-8,3.477e+2,3.428e+2,6.803e-7,2.439e+0,1.644e+0,7.136e-24
490.70,8.382e+2,,1.369e-14,1.726e-8,4.361e+2,3.967e+2,8.721e-7,3.592e+0,1.805e+0,7.127e-24
490.75,1.043e+3,,1.366e-14,1.513e-8,5.683e+2,4.672e+2,1.168e-6,5.879e+0,2.007e+0,7.116e-24
490.80,1.276e+3,,1.362e-14,1.299e-8,7.253e+2,5.391e+2,1.532e-6,9.533e+0,2.210e+0,7.105e-24
490.85,1.534e+3,,1.359e-14,1.093e-8,9.069e+2,6.092e+2,1.968e-6,1.521e+1,2.411e+0,7.093e-24
490.90,1.812e+3,,1.356e-14,9.002e-9,1.111e+3,6.744e+2,2.476e-6,2.380e+1,2.605e+0,7.082e-24
490.95,2.104e+3,,1.352e-14,7.263e-9,1.333e+3,7.311e+2,3.052e-6,3.655e+1,2.790e+0,7.071e-24
491.00,2.401e+3,,1.349e-14,5.739e-9,1.567e+3,7.764e+2,3.685e-6,5.502e+1,2.959e+0,7.060e-24
491.05,2.697e+3,,1.346e-14,4.442e-9,1.805e+3,8.076e+2,4.357e-6,8.122e+1,3.109e+0,7.049e-24
491.10,2.979e+3,,1.342e-14,3.367e-9,2.036e+3,8.228e+2,5.047e-6,1.176e+2,3.232e+0,7.038e-24
491.14,3.191e+3,,1.340e-14,2.658e-9,2.209e+3,8.228e+2,5.593e-6,1.558e+2,3.307e+0,7.029e-24
491.19,3.431e+3,,1.337e-14,1.941e-9,2.402e+3,8.076e+2,6.242e-6,2.176e+2,3.367e+0,7.018e-24
491.24,3.636e+3,,1.333e-14,1.388e-9,2.558e+3,7.764e+2,6.823e-6,2.981e+2,3.385e+0,7.007e-24
491.29,3.805e+3,,1.330e-14,9.723e-10,2.670e+3,7.311e+2,7.305e-6,4.003e+2,3.356e+0,6.996e-24
491.34,3.934e+3,,1.327e-14,6.671e-10,2.730e+3,6.744e+2,7.662e-6,5.271e+2,3.278e+0,6.985e-24
491.39,4.027e+3,,1.323e-14,4.483e-10,2.734e+3,6.092e+2,7.871e-6,6.805e+2,3.152e+0,6.974e-24
491.44,4.087e+3,,1.320e-14,2.950e-10,2.683e+3,5.391e+2,7.920e-6,8.613e+2,2.982e+0,6.963e-24
491.49,4.119e+3,,1.317e-14,1.902e-10,2.580e+3,4.672e+2,7.806e-6,1.069e+3,2.773e+0,6.951e-24
491.53,4.130e+3,,1.314e-14,1.319e-10,2.464e+3,4.105e+2,7.602e-6,1.253e+3,2.584e+0,6.943e-24
491.58,4.131e+3,,1.311e-14,8.190e-11,2.285e+3,3.428e+2,7.218e-6,1.500e+3,2.327e+0,6.931e-24
491.63,4.121e+3,,1.308e-14,4.981e-11,2.077e+3,2.804e+2,6.714e-6,1.762e+3,2.057e+0,6.920e-24
491.68,4.106e+3,,1.304e-14,2.967e-11,1.850e+3,2.246e+2,6.116e-6,2.029e+3,1.784e+0,6.909e-24
491.73,4.086e+3,,1.301e-14,1.731e-11,1.618e+3,1.762e+2,5.458e-6,2.290e+3,1.518e+0,6.898e-24
491.78,4.060e+3,,1.298e-14,9.895e-12,1.389e+3,1.354e+2,4.771e-6,2.535e+3,1.267e+0,6.887e-24
491.83,4.027e+3,,1.294e-14,5.538e-12,1.174e+3,1.019e+2,4.085e-6,2.750e+3,1.036e+0,6.876e-24
491.88,3.980e+3,,1.291e-14,3.036e-12,9.795e+2,7.517e+1,3.426e-6,2.925e+3,8.309e-1,6.865e-24
491.92,3.931e+3,,1.288e-14,1.849e-12,8.429e+2,5.803e+1,2.932e-6,3.029e+3,6.864e-1,6.856e-24
491.97,3.850e+3,,1.285e-14,9.766e-13,6.992e+2,4.122e+1,2.369e-6,3.109e+3,5.308e-1,6.845e-24
492.02,3.745e+3,,1.282e-14,5.052e-13,5.878e+2,2.868e+1,1.875e-6,3.128e+3,4.023e-1,6.834e-24
492.07,3.615e+3,,1.279e-14,2.559e-13,5.099e+2,1.954e+1,1.453e-6,3.085e+3,2.987e-1,6.823e-24
492.12,3.461e+3,,1.275e-14,1.270e-13,4.655e+2,1.305e+1,1.103e-6,2.983e+3,2.173e-1,6.812e-24
492.17,3.289e+3,,1.272e-14,6.172e-14,4.535e+2,8.529e+0,8.206e-7,2.827e+3,1.549e-1,6.801e-24
492.22,3.103e+3,,1.269e-14,2.938e-14,4.721e+2,5.462e+0,5.978e-7,2.626e+3,1.082e-1,6.790e-24
492.27,2.913e+3,,1.265e-14,1.370e-14,5.189e+2,3.426e+0,4.266e-7,2.391e+3,7.401e-2,6.778e-24
492.32,2.727e+3,,1.262e-14,6.254e-15,5.906e+2,2.105e+0,2.982e-7,2.134e+3,4.960e-2,6.767e-24
492.36,2.585e+3,,1.259e-14,3.291e-15,6.634e+2,1.404e+0,2.206e-7,1.920e+3,3.548e-2,6.758e-24
492.41,2.424e+3,,1.256e-14,1.448e-15,7.698e+2,8.312e-1,1.485e-7,1.653e+3,2.291e-2,6.747e-24
492.46,2.284e+3,,1.253e-14,6.237e-16,8.882e+2,4.819e-1,9.797e-8,1.395e+3,1.449e-2,6.736e-24
492.51,2.166e+3,,1.250e-14,2.632e-16,1.013e+3,2.736e-1,6.329e-8,1.154e+3,8.979e-3,6.725e-24
492.56,2.072e+3,,1.246e-14,1.088e-16,1.136e+3,1.522e-1,4.005e-8,9.349e+2,5.449e-3,6.714e-24
492.61,1.996e+3,,1.243e-14,4.403e-17,1.253e+3,8.291e-2,2.483e-8,7.426e+2,3.240e-3,6.703e-24
492.66,1.933e+3,,1.240e-14,1.746e-17,1.355e+3,4.424e-2,1.508e-8,5.781e+2,1.887e-3,6.692e-24
492.71,1.878e+3,,1.236e-14,6.780e-18,1.437e+3,2.312e-2,8.965e-9,4.410e+2,1.076e-3,6.681e-24
492.75,1.834e+3,,1.234e-14,3.134e-18,1.484e+3,1.356e-2,5.828e-9,3.500e+2,6.767e-4,6.672e-24
492.80,1.775e+3,,1.230e-14,1.172e-18,1.518e+3,6.825e-3,3.340e-9,2.575e+2,3.720e-4,6.661e-24
492.85,1.706e+3,,1.227e-14,4.295e-19,1.521e+3,3.366e-3,1.874e-9,1.856e+2,2.005e-4,6.650e-24
492.90,1.624e+3,,1.224e-14,1.541e-19,1.493e+3,1.626e-3,1.030e-9,1.311e+2,1.063e-4,6.639e-24
492.95,1.526e+3,,1.221e-14,5.418e-20,1.435e+3,7.693e-4,5.548e-10,9.076e+1,5.617e-5,6.628e-24
493.00,1.414e+3,,1.217e-14,1.865e-20,1.352e+3,3.565e-4,2.926e-10,6.156e+1,3.114e-5,6.616e-24
493.05,1.289e+3,,1.214e-14,6.289e-21,1.248e+3,1.618e-4,1.512e-10,4.092e+1,2.113e-5,6.605e-24
493.10,1.156e+3,,1.211e-14,2.077e-21,1.129e+3,7.196e-5,7.650e-11,2.665e+1,2.195e-5,6.594e-24
493.15,1.018e+3,,1.207e-14,6.718e-22,1.001e+3,3.134e-5,3.792e-11,1.701e+1,3.399e-5,6.583e-24
493.19,9.075e+2,,1.205e-14,2.683e-22,8.958e+2,1.588e-5,2.131e-11,1.170e+1,5.490e-5,6.574e-24
493.24,7.734e+2,,1.201e-14,8.359e-23,7.662e+2,6.661e-6,1.017e-11,7.198e+0,1.040e-4,6.563e-24
493.29,6.474e+2,,1.198e-14,2.551e-23,6.430e+2,2.737e-6,4.759e-12,4.339e+0,1.968e-4,6.552e-24
493.34,5.327e+2,,1.195e-14,7.625e-24,5.301e+2,1.102e-6,2.180e-12,2.563e+0,3.665e-4,6.541e-24
493.39,4.316e+2,,1.192e-14,1.985e-23,4.301e+2,4.344e-7,9.786e-13,1.483e+0,6.699e-4,6.530e-24
493.44,3.454e+2,,1.188e-14,3.207e-23,3.446e+2,1.677e-7,4.302e-13,8.407e-1,1.200e-3,6.519e-24
493.49,2.745e+2,,1.185e-14,4.429e-23,2.740e+2,6.345e-8,1.852e-13,4.670e-1,2.109e-3,6.508e-24
493.54,2.182e+2,,1.182e-14,5.651e-23,2.180e+2,2.351e-8,7.811e-14,2.542e-1,3.631e-3,6.497e-24
493.58,1.831e+2,,1.179e-14,6.629e-23,1.830e+2,1.046e-8,3.857e-14,1.540e-1,5.530e-3,6.488e-24
493.63,1.504e+2,,1.176e-14,7.851e-23,1.503e+2,3.735e-9,1.567e-14,8.079e-2,9.191e-3,6.477e-24
493.68,1.283e+2,,1.172e-14,9.073e-23,1.283e+2,1.306e-9,6.238e-15,4.160e-2,1.498e-2,6.466e-24
493.73,1.152e+2,,1.169e-14,1.030e-22,1.151e+2,4.471e-10,2.432e-15,2.114e-2,2.393e-2,6.455e-24
493.78,1.090e+2,,1.166e-14,1.152e-22,1.089e+2,1.499e-10,9.286e-16,1.086e-2,3.749e-2,6.443e-24
493.83,1.080e+2,,1.163e-14,1.274e-22,1.079e+2,4.926e-11,3.473e-16,6.202e-3,5.760e-2,6.432e-24
493.88,1.105e+2,,1.159e-14,1.396e-22,1.104e+2,1.585e-11,1.273e-16,5.001e-3,8.681e-2,6.421e-24
493.93,1.151e+2,,1.156e-14,1.518e-22,1.150e+2,4.995e-12,4.567e-17,6.698e-3,1.283e-1,6.410e-24
493.97,1.194e+2,,1.153e-14,1.616e-22,1.192e+2,1.954e-12,1.982e-17,1.066e-2,1.730e-1,6.401e-24
494.02,1.245e+2,,1.150e-14,1.738e-22,1.243e+2,5.933e-13,6.852e-18,2.086e-2,2.471e-1,6.390e-24
494.07,1.287e+2,,1.147e-14,1.861e-22,1.283e+2,,2.320e-18,4.138e-2,3.462e-1,6.379e-24
494.12,1.311e+2,,1.143e-14,1.983e-22,1.306e+2,,7.774e-19,8.106e-2,4.760e-1,6.368e-24
494.17,1.315e+2,,1.140e-14,2.105e-22,1.307e+2,,2.759e-19,1.558e-1,6.424e-1,6.357e-24
494.22,1.296e+2,,1.137e-14,2.227e-22,1.285e+2,,1.640e-19,2.937e-1,8.510e-1,6.346e-24
494.27,1.255e+2,,1.134e-14,2.350e-22,1.238e+2,,2.950e-19,5.424e-1,1.107e+0,6.335e-24
494.32,1.195e+2,,1.130e-14,2.472e-22,1.171e+2,,8.549e-19,9.816e-1,1.414e+0,6.324e-24
494.37,1.120e+2,,1.127e-14,2.594e-22,1.085e+2,,2.605e-18,1.741e+0,1.773e+0,6.313e-24
494.41,1.054e+2,,1.124e-14,2.692e-22,1.006e+2,,6.303e-18,2.713e+0,2.098e+0,6.304e-24
494.46,9.701e+1,,1.121e-14,2.814e-22,8.982e+1,,1.868e-17,4.638e+0,2.549e+0,6.293e-24
494.51,8.943e+1,,1.118e-14,2.936e-22,7.862e+1,,5.426e-17,7.769e+0,3.042e+0,6.281e-24
494.56,8.375e+1,,1.114e-14,3.058e-22,6.742e+1,,1.544e-16,1.275e+1,3.569e+0,6.270e-24
494.61,8.128e+1,,1.111e-14,3.181e-22,5.665e+1,,4.308e-16,2.052e+1,4.116e+0,6.259e-24
494.66,8.364e+1,,1.108e-14,3.303e-22,4.664e+1,,1.177e-15,3.234e+1,4.666e+0,6.248e-24
494.71,9.276e+1,,1.105e-14,3.425e-22,3.761e+1,,3.154e-15,4.994e+1,5.202e+0,6.237e-24
494.76,1.110e+2,,1.101e-14,3.547e-22,2.972e+1,,8.279e-15,7.559e+1,5.703e+0,6.226e-24
494.80,1.341e+2,,1.099e-14,3.645e-22,2.426e+1,,1.766e-14,1.038e+2,6.065e+0,6.217e-24
494.85,1.763e+2,,1.095e-14,3.767e-22,1.848e+1,,4.470e-14,1.514e+2,6.454e+0,6.206e-24
494.90,2.370e+2,,1.092e-14,3.889e-22,1.380e+1,,1.109e-13,2.165e+2,6.756e+0,6.195e-24
494.95,3.203e+2,,1.089e-14,4.012e-22,1.010e+1,,2.695e-13,3.033e+2,6.958e+0,6.184e-24
495.00,4.306e+2,,1.085e-14,4.134e-22,7.256e+0,,6.420e-13,4.163e+2,7.049e+0,6.173e-24
495.05,5.722e+2,,1.082e-14,4.256e-22,5.134e+0,,1.499e-12,5.600e+2,7.025e+0,6.162e-24
495.10,7.487e+2,,1.079e-14,4.378e-22,3.604e+0,,3.428e-12,7.382e+2,6.886e+0,6.151e-24
495.15,9.627e+2,,1.076e-14,4.501e-22,2.556e+0,,7.686e-12,9.535e+2,6.640e+0,6.140e-24
495.19,1.161e+3,,1.073e-14,4.598e-22,2.006e+0,,1.445e-11,1.153e+3,6.373e+0,6.131e-24
495.24,1.443e+3,,1.070e-14,4.721e-22,1.630e+0,,3.123e-11,1.436e+3,5.964e+0,6.120e-24
495.29,1.759e+3,,1.066e-14,4.843e-22,1.572e+0,,6.616e-11,1.752e+3,5.487e+0,6.108e-24
495.34,2.102e+3,,1.063e-14,4.965e-22,1.839e+0,,1.373e-10,2.095e+3,4.963e+0,6.097e-24
495.39,2.461e+3,,1.060e-14,5.087e-22,2.473e+0,,2.794e-10,2.454e+3,4.413e+0,6.086e-24
495.44,2.825e+3,,1.056e-14,5.209e-22,3.562e+0,,5.570e-10,2.817e+3,3.856e+0,6.075e-24
495.49,3.178e+3,,1.053e-14,5.332e-22,5.237e+0,,1.088e-9,3.169e+3,3.311e+0,6.064e-24
495.54,3.504e+3,,1.050e-14,5.454e-22,7.678e+0,,2.083e-9,3.494e+3,2.793e+0,6.053e-24
495.59,3.787e+3,,1.047e-14,5.576e-22,1.112e+1,,3.909e-9,3.773e+3,2.313e+0,6.042e-24
495.63,3.972e+3,,1.044e-14,5.674e-22,1.477e+1,,6.373e-9,3.955e+3,1.964e+0,6.033e-24
495.68,4.141e+3,,1.041e-14,5.796e-22,2.074e+1,,1.153e-8,4.118e+3,1.575e+0,6.022e-24
495.73,4.232e+3,,1.037e-14,5.918e-22,2.859e+1,,2.044e-8,4.202e+3,1.239e+0,6.011e-24
495.78,4.241e+3,,1.034e-14,6.040e-22,3.869e+1,,3.551e-8,4.202e+3,9.575e-1,6.000e-24
495.83,4.169e+3,,1.031e-14,6.163e-22,5.142e+1,,6.045e-8,4.117e+3,7.259e-1,5.989e-24
495.88,4.020e+3,,1.027e-14,6.285e-22,6.712e+1,,1.009e-7,3.952e+3,5.400e-1,5.978e-24
495.93,3.804e+3,,1.024e-14,6.407e-22,8.609e+1,,1.649e-7,3.718e+3,3.941e-1,5.966e-24
495.98,3.536e+3,,1.021e-14,6.529e-22,1.085e+2,,2.642e-7,3.427e+3,2.822e-1,5.955e-24
496.02,3.293e+3,,1.018e-14,6.627e-22,1.290e+2,,3.797e-7,3.164e+3,2.130e-1,5.947e-24
496.07,2.970e+3,,1.015e-14,6.749e-22,1.579e+2,,5.866e-7,2.812e+3,1.473e-1,5.935e-24
496.12,2.639e+3,,1.012e-14,6.872e-22,1.901e+2,,8.881e-7,2.449e+3,9.995e-2,5.924e-24
496.17,2.315e+3,,1.008e-14,6.994e-22,2.253e+2,,1.318e-6,2.089e+3,6.656e-2,5.913e-24
496.22,2.010e+3,,1.005e-14,7.116e-22,2.631e+2,,1.916e-6,1.747e+3,4.360e-2,5.902e-24
496.27,1.734e+3,,1.002e-14,7.238e-22,3.029e+2,,2.730e-6,1.431e+3,2.822e-2,5.891e-24
496.32,1.493e+3,,9.985e-15,7.360e-22,3.441e+2,,3.812e-6,1.149e+3,1.832e-2,5.880e-24
496.37,1.290e+3,,9.952e-15,7.483e-22,3.857e+2,,5.216e-6,9.038e+2,1.235e-2,5.869e-24
496.42,1.124e+3,,9.919e-15,7.605e-22,4.271e+2,,6.994e-6,6.967e+2,9.291e-3,5.858e-24
496.46,1.017e+3,,9.893e-15,7.703e-22,4.596e+2,,8.717e-6,5.575e+2,8.536e-3,5.849e-24
496.51,9.130e+2,,9.860e-15,7.825e-22,4.987e+2,,1.127e-5,4.143e+2,9.508e-3,5.838e-24
496.56,8.374e+2,,9.827e-15,7.947e-22,5.357e+2,,1.428e-5,3.017e+2,1.269e-2,5.827e-24
496.61,7.853e+2,,9.794e-15,8.069e-22,5.700e+2,,1.773e-5,2.153e+2,1.850e-2,5.816e-24
496.66,7.520e+2,,9.761e-15,8.192e-22,6.015e+2,,2.158e-5,1.505e+2,2.768e-2,5.805e-24
496.71,7.331e+2,,9.728e-15,8.314e-22,6.300e+2,,2.573e-5,1.031e+2,4.128e-2,5.793e-24
496.76,7.250e+2,,9.695e-15,8.436e-22,6.557e+2,,3.007e-5,6.923e+1,6.074e-2,5.782e-24
496.81,7.249e+2,,9.662e-15,8.558e-22,6.792e+2,,3.443e-5,4.554e+1,8.779e-2,5.771e-24
496.85,7.294e+2,,9.636e-15,8.656e-22,6.972e+2,,3.782e-5,3.210e+1,1.162e-1,5.762e-24
496.90,7.402e+2,,9.603e-15,8.778e-22,7.197e+2,,4.176e-5,2.036e+1,1.622e-1,5.751e-24
496.95,7.573e+2,,9.570e-15,8.900e-22,7.444e+2,,4.519e-5,1.266e+1,2.219e-1,5.740e-24
497.00,7.825e+2,,9.537e-15,9.023e-22,7.745e+2,,4.792e-5,7.718e+0,2.974e-1,5.729e-24
497.05,8.192e+2,,9.504e-15,9.145e-22,8.142e+2,,4.980e-5,4.623e+0,3.909e-1,5.718e-24
497.10,8.726e+2,,9.471e-15,9.267e-22,8.694e+2,,5.072e-5,2.736e+0,5.036e-1,5.707e-24
497.15,9.500e+2,,9.438e-15,9.389e-22,9.477e+2,,5.061e-5,1.625e+0,6.360e-1,5.696e-24
497.20,1.061e+3,,9.405e-15,9.511e-22,1.059e+3,,4.950e-5,1.011e+0,7.876e-1,5.685e-24
497.24,1.181e+3,,9.379e-15,9.609e-22,1.179e+3,,4.792e-5,7.607e-1,9.214e-1,5.676e-24
497.29,1.382e+3,,9.346e-15,9.731e-22,1.381e+3,,4.519e-5,6.632e-1,1.102e+0,5.665e-24
497.34,1.655e+3,,9.313e-15,9.854e-22,1.653e+3,,4.176e-5,7.618e-1,1.292e+0,5.654e-24
497.39,2.016e+3,,9.280e-15,9.976e-22,2.014e+3,,3.782e-5,1.051e+0,1.488e+0,5.643e-24
497.44,2.482e+3,,9.247e-15,1.010e-21,2.478e+3,,3.357e-5,1.562e+0,1.682e+0,5.632e-24
497.49,3.067e+3,,9.214e-15,1.022e-21,3.063e+3,,2.919e-5,2.355e+0,1.868e+0,5.620e-24
497.54,3.785e+3,,9.181e-15,1.034e-21,3.780e+3,,2.488e-5,3.523e+0,2.041e+0,5.609e-24
497.59,4.643e+3,,9.148e-15,1.046e-21,4.635e+3,,2.078e-5,5.184e+0,2.194e+0,5.598e-24
497.64,5.639e+3,,9.115e-15,1.059e-21,5.629e+3,,1.701e-5,7.487e+0,2.326e+0,5.587e-24
497.68,6.529e+3,,9.089e-15,1.068e-21,6.517e+3,,1.428e-5,9.905e+0,2.415e+0,5.578e-24
497.73,7.742e+3,,9.056e-15,1.081e-21,7.725e+3,,1.127e-5,1.380e+1,2.507e+0,5.567e-24
497.78,9.037e+3,,9.023e-15,1.093e-21,9.016e+3,,8.717e-6,1.885e+1,2.580e+0,5.556e-24
497.83,1.037e+4,,8.990e-15,1.105e-21,1.035e+4,,6.606e-6,2.524e+1,2.641e+0,5.545e-24
497.88,1.170e+4,,8.957e-15,1.117e-21,1.167e+4,,4.907e-6,3.312e+1,2.695e+0,5.534e-24
497.93,1.297e+4,,8.924e-15,1.130e-21,1.292e+4,,3.571e-6,4.258e+1,2.750e+0,5.523e-24
497.98,1.411e+4,,8.891e-15,1.142e-21,1.406e+4,,2.547e-6,5.367e+1,2.813e+0,5.512e-24
498.03,1.508e+4,,8.858e-15,1.154e-21,1.501e+4,,1.781e-6,6.629e+1,2.889e+0,5.501e-24
498.07,1.570e+4,,8.832e-15,1.164e-21,1.562e+4,,1.318e-6,7.737e+1,2.962e+0,5.492e-24
498.12,1.625e+4,,8.799e-15,1.176e-21,1.616e+4,,8.881e-7,9.217e+1,3.071e+0,5.481e-24
498.17,1.654e+4,,8.766e-15,1.188e-21,1.643e+4,,5.866e-7,1.076e+2,3.197e+0,5.470e-24
498.22,1.656e+4,,8.733e-15,1.200e-21,1.644e+4,,3.797e-7,1.231e+2,3.339e+0,5.458e-24
498.27,1.634e+4,,8.700e-15,1.213e-21,1.620e+4,,2.408e-7,1.381e+2,3.493e+0,5.447e-24
498.32,1.592e+4,,8.667e-15,1.225e-21,1.577e+4,,1.497e-7,1.518e+2,3.652e+0,5.436e-24
498.37,1.536e+4,,8.634e-15,1.237e-21,1.519e+4,,9.119e-8,1.635e+2,3.813e+0,5.425e-24
498.42,1.471e+4,,8.601e-15,1.249e-21,1.453e+4,,5.444e-8,1.727e+2,3.970e+0,5.414e-24
498.46,1.417e+4,,8.575e-15,1.259e-21,1.399e+4,,3.551e-8,1.777e+2,4.089e+0,5.405e-24
498.51,1.354e+4,,8.542e-15,1.271e-21,1.336e+4,,2.044e-8,1.810e+2,4.230e+0,5.394e-24
498.56,1.301e+4,,8.509e-15,1.284e-21,1.282e+4,,1.153e-8,1.806e+2,4.359e+0,5.383e-24
498.61,1.261e+4,,8.476e-15,1.296e-21,1.243e+4,,6.373e-9,1.767e+2,4.475e+0,5.372e-24
498.66,1.238e+4,,8.443e-15,1.308e-21,1.221e+4,,3.452e-9,1.694e+2,4.577e+0,5.361e-24
498.71,1.233e+4,,8.410e-15,1.320e-21,1.216e+4,,1.833e-9,1.592e+2,4.664e+0,5.350e-24
498.76,1.243e+4,,8.377e-15,1.332e-21,1.227e+4,,9.533e-10,1.467e+2,4.732e+0,5.339e-24
498.81,1.265e+4,,8.344e-15,1.345e-21,1.252e+4,,4.860e-10,1.326e+2,4.779e+0,5.328e-24
498.86,1.296e+4,,8.311e-15,1.357e-21,1.284e+4,,2.428e-10,1.175e+2,4.801e+0,5.317e-24
498.90,1.324e+4,,8.285e-15,1.367e-21,1.313e+4,,1.373e-10,1.054e+2,4.797e+0,5.308e-24
498.95,1.357e+4,,8.252e-15,1.379e-21,1.347e+4,,6.616e-11,9.058e+1,4.763e+0,5.297e-24
499.00,1.384e+4,,8.219e-15,1.391e-21,1.376e+4,,3.123e-11,7.687e+1,4.695e+0,5.285e-24
499.05,1.401e+4,,8.186e-15,1.403e-21,1.394e+4,,1.445e-11,6.480e+1,4.594e+0,5.274e-24
499.10,1.405e+4,,8.153e-15,1.416e-21,1.399e+4,,6.550e-12,5.488e+1,4.466e+0,5.263e-24
499.15,1.395e+4,,8.120e-15,1.428e-21,1.390e+4,,2.910e-12,4.756e+1,4.322e+0,5.252e-24
499.20,1.372e+4,,8.087e-15,1.440e-21,1.367e+4,,1.267e-12,4.324e+1,4.180e+0,5.241e-24
499.25,1.337e+4,,8.054e-15,1.452e-21,1.333e+4,,5.406e-13,4.236e+1,4.062e+0,5.230e-24
499.29,1.304e+4,,8.028e-15,1.462e-21,1.299e+4,,2.695e-13,4.443e+1,4.005e+0,5.221e-24
499.34,1.259e+4,,7.995e-15,1.474e-21,1.254e+4,,1.109e-13,5.092e+1,4.009e+0,5.210e-24
499.39,1.214e+4,,7.962e-15,1.486e-21,1.207e+4,,4.470e-14,6.226e+1,4.129e+0,5.199e-24
499.44,1.174e+4,,7.929e-15,1.499e-21,1.166e+4,,1.766e-14,7.905e+1,4.406e+0,5.188e-24
499.49,1.142e+4,,7.896e-15,1.511e-21,1.131e+4,,6.837e-15,1.019e+2,4.876e+0,5.177e-24
499.54,1.121e+4,,7.863e-15,1.523e-21,1.108e+4,,2.594e-15,1.314e+2,5.573e+0,5.166e-24
499.59,1.113e+4,,7.830e-15,1.535e-21,1.095e+4,,9.645e-16,1.680e+2,6.525e+0,5.155e-24
499.64,1.116e+4,,7.797e-15,1.548e-21,1.094e+4,,3.514e-16,2.119e+2,7.748e+0,5.143e-24
499.69,1.130e+4,,7.764e-15,1.560e-21,1.102e+4,,1.255e-16,2.631e+2,9.246e+0,5.132e-24
499.73,1.146e+4,,7.738e-15,1.570e-21,1.114e+4,,5.426e-17,3.091e+2,1.063e+1,5.124e-24
499.78,1.171e+4,,7.705e-15,1.582e-21,1.132e+4,,1.868e-17,3.721e+2,1.258e+1,5.112e-24
499.83,1.196e+4,,7.672e-15,1.594e-21,1.151e+4,,6.303e-18,4.403e+2,1.472e+1,5.101e-24
499.88,1.219e+4,,7.639e-15,1.606e-21,1.166e+4,,2.084e-18,5.121e+2,1.698e+1,5.090e-24
499.93,1.236e+4,,7.606e-15,1.618e-21,1.176e+4,,6.753e-19,5.854e+2,1.929e+1,5.079e-24
499.98,1.245e+4,,7.573e-15,1.631e-21,1.177e+4,,2.144e-19,6.581e+2,2.155e+1,5.068e-24
500.03,1.244e+4,,7.540e-15,1.643e-21,1.169e+4,,6.672e-20,7.278e+2,2.365e+1,5.057e-24
500.08,1.234e+4,,7.507e-15,1.655e-21,1.153e+4,,2.035e-20,7.921e+2,2.551e+1,5.046e-24
500.12,1.220e+4,,7.481e-15,1.665e-21,1.134e+4,,2.021e-20,8.382e+2,2.675e+1,5.037e-24
500.17,1.196e+4,,7.448e-15,1.677e-21,1.105e+4,,2.004e-20,8.875e+2,2.794e+1,5.026e-24
500.22,1.168e+4,,7.415e-15,1.689e-21,1.072e+4,,1.986e-20,9.260e+2,2.866e+1,5.015e-24
500.27,1.137e+4,,7.382e-15,1.702e-21,1.039e+4,,1.969e-20,9.525e+2,2.888e+1,5.004e-24
500.32,1.106e+4,,7.349e-15,1.714e-21,1.007e+4,,1.952e-20,9.665e+2,2.859e+1,4.993e-24
500.37,1.078e+4,,7.316e-15,1.726e-21,9.788e+3,,1.935e-20,9.678e+2,2.781e+1,4.982e-24
500.42,1.054e+4,,7.283e-15,1.738e-21,9.558e+3,,1.918e-20,9.567e+2,2.658e+1,4.970e-24
500.47,1.035e+4,,7.250e-15,1.750e-21,9.387e+3,,1.900e-20,9.341e+2,2.499e+1,4.959e-24
500.51,1.023e+4,,7.224e-15,1.760e-21,9.293e+3,,1.887e-20,9.085e+2,2.349e+1,4.950e-24
500.56,1.012e+4,,7.191e-15,1.772e-21,9.225e+3,,1.869e-20,8.685e+2,2.143e+1,4.939e-24
500.61,1.005e+4,,7.158e-15,1.785e-21,9.205e+3,,1.852e-20,8.212e+2,1.924e+1,4.928e-24
500.66,1.001e+4,,7.125e-15,1.797e-21,9.226e+3,,1.835e-20,7.687e+2,1.701e+1,4.917e-24
500.71,1.001e+4,,7.092e-15,1.809e-21,9.279e+3,,1.818e-20,7.130e+2,1.483e+1,4.906e-24
500.76,1.003e+4,,7.059e-15,1.821e-21,9.360e+3,,1.801e-20,6.564e+2,1.275e+1,4.895e-24
500.81,1.008e+4,,7.026e-15,1.834e-21,9.467e+3,,1.784e-20,6.010e+2,1.083e+1,4.884e-24
500.86,1.016e+4,,6.993e-15,1.846e-21,9.602e+3,,1.766e-20,5.487e+2,9.105e+0,4.873e-24
500.91,1.028e+4,,6.960e-15,1.858e-21,9.767e+3,,1.749e-20,5.013e+2,7.603e+0,4.862e-24
500.95,1.040e+4,,6.934e-15,1.868e-21,9.923e+3,,1.735e-20,4.678e+2,6.566e+0,4.853e-24
501.00,1.059e+4,,6.901e-15,1.880e-21,1.015e+4,,1.718e-20,4.323e+2,5.474e+0,4.842e-24
501.05,1.082e+4,,6.868e-15,1.892e-21,1.041e+4,,1.701e-20,4.043e+2,4.600e+0,4.831e-24
501.10,1.108e+4,,6.835e-15,1.904e-21,1.069e+4,,1.684e-20,3.838e+2,3.928e+0,4.820e-24
501.15,1.135e+4,,6.802e-15,1.917e-21,1.098e+4,,1.667e-20,3.704e+2,3.435e+0,4.808e-24
501.20,1.163e+4,,6.769e-15,1.929e-21,1.127e+4,,1.649e-20,3.629e+2,3.100e+0,4.797e-24
501.25,1.188e+4,,6.736e-15,1.941e-21,1.152e+4,,1.632e-20,3.601e+2,2.897e+0,4.786e-24
501.30,1.209e+4,,6.703e-15,1.953e-21,1.172e+4,,1.615e-20,3.604e+2,2.804e+0,4.775e-24
501.34,1.220e+4,,6.677e-15,1.963e-21,1.183e+4,,1.601e-20,3.619e+2,2.795e+0,4.766e-24
501.39,1.225e+4,,6.644e-15,1.975e-21,1.188e+4,,1.584e-20,3.640e+2,2.847e+0,4.755e-24
501.44,1.220e+4,,6.611e-15,1.988e-21,1.183e+4,,1.567e-20,3.652e+2,2.956e+0,4.744e-24
501.49,1.204e+4,,6.578e-15,2.000e-21,1.168e+4,,1.550e-20,3.643e+2,3.109e+0,4.733e-24
501.54,1.178e+4,,6.545e-15,2.012e-21,1.141e+4,,1.532e-20,3.608e+2,3.295e+0,4.722e-24
501.59,1.141e+4,,6.512e-15,2.024e-21,1.105e+4,,1.515e-20,3.545e+2,3.508e+0,4.711e-24
501.64,1.097e+4,,6.479e-15,2.036e-21,1.062e+4,,1.498e-20,3.454e+2,3.743e+0,4.700e-24
501.69,1.048e+4,,6.446e-15,2.049e-21,1.015e+4,,1.481e-20,3.342e+2,3.998e+0,4.689e-24
501.74,9.971e+3,,6.413e-15,2.061e-21,9.645e+3,,1.464e-20,3.213e+2,4.270e+0,4.678e-24
501.78,9.562e+3,,6.387e-15,2.071e-21,9.247e+3,,1.450e-20,3.104e+2,4.499e+0,4.669e-24
501.83,9.075e+3,,6.354e-15,2.083e-21,8.774e+3,,1.433e-20,2.966e+2,4.794e+0,4.658e-24
501.88,8.635e+3,,6.321e-15,2.095e-21,8.347e+3,,1.416e-20,2.830e+2,5.093e+0,4.647e-24
501.93,8.256e+3,,6.288e-15,2.107e-21,7.980e+3,,1.398e-20,2.702e+2,5.390e+0,4.635e-24
501.98,7.946e+3,,6.255e-15,2.120e-21,7.682e+3,,1.381e-20,2.582e+2,5.673e+0,4.624e-24
502.03,7.707e+3,,6.222e-15,2.132e-21,7.454e+3,,1.364e-20,2.472e+2,5.933e+0,4.613e-24
502.08,7.531e+3,,6.189e-15,2.144e-21,7.289e+3,,1.347e-20,2.367e+2,6.158e+0,4.602e-24
502.13,7.408e+3,,6.156e-15,2.156e-21,7.176e+3,,1.330e-20,2.265e+2,6.340e+0,4.591e-24
502.17,7.337e+3,,6.130e-15,2.166e-21,7.113e+3,,1.316e-20,2.182e+2,6.451e+0,4.582e-24
502.22,7.266e+3,,6.097e-15,2.178e-21,7.052e+3,,1.299e-20,2.073e+2,6.547e+0,4.571e-24
502.27,7.197e+3,,6.064e-15,2.190e-21,6.995e+3,,1.281e-20,1.956e+2,6.598e+0,4.560e-24
502.32,7.112e+3,,6.031e-15,2.203e-21,6.923e+3,,1.264e-20,1.829e+2,6.616e+0,4.549e-24
502.37,6.994e+3,,5.998e-15,2.215e-21,6.818e+3,,1.247e-20,1.691e+2,6.617e+0,4.538e-24
502.42,6.830e+3,,5.965e-15,2.227e-21,6.669e+3,,1.230e-20,1.543e+2,6.623e+0,4.527e-24
502.47,6.612e+3,,5.932e-15,2.239e-21,6.466e+3,,1.213e-20,1.387e+2,6.656e+0,4.516e-24
502.52,6.336e+3,,5.899e-15,2.252e-21,6.207e+3,,1.195e-20,1.228e+2,6.743e+0,4.505e-24
502.56,6.076e+3,,5.873e-15,2.261e-21,5.959e+3,,1.182e-20,1.101e+2,6.867e+0,4.496e-24
502.61,5.706e+3,,5.840e-15,2.274e-21,5.604e+3,,1.165e-20,9.449e+1,7.105e+0,4.485e-24
502.66,5.298e+3,,5.807e-15,2.286e-21,5.211e+3,,1.147e-20,7.968e+1,7.450e+0,4.474e-24
502.71,4.866e+3,,5.774e-15,2.298e-21,4.792e+3,,1.130e-20,6.598e+1,7.909e+0,4.462e-24
502.76,4.429e+3,,5.741e-15,2.310e-21,4.367e+3,,1.113e-20,5.361e+1,8.481e+0,4.451e-24
502.81,4.007e+3,,5.708e-15,2.322e-21,3.955e+3,,1.096e-20,4.275e+1,9.159e+0,4.440e-24
502.86,3.619e+3,,5.675e-15,2.335e-21,3.575e+3,,1.079e-20,3.344e+1,9.925e+0,4.429e-24
502.91,3.284e+3,,5.642e-15,2.347e-21,3.248e+3,,1.061e-20,2.565e+1,1.076e+1,4.418e-24
502.96,3.021e+3,,5.609e-15,2.359e-21,2.990e+3,,1.044e-20,1.930e+1,1.163e+1,4.407e-24
503.00,2.871e+3,,5.583e-15,2.369e-21,2.843e+3,,1.030e-20,1.516e+1,1.234e+1,4.398e-24
503.05,2.768e+3,,5.550e-15,2.381e-21,2.744e+3,,1.013e-20,1.101e+1,1.321e+1,4.387e-24
503.10,2.767e+3,,5.517e-15,2.393e-21,2.745e+3,,9.960e-21,7.839e+0,1.404e+1,4.376e-24
503.15,2.869e+3,,5.484e-15,2.406e-21,2.849e+3,,9.788e-21,5.474e+0,1.480e+1,4.365e-24
503.20,3.072e+3,,5.451e-15,2.418e-21,3.053e+3,,9.616e-21,3.748e+0,1.545e+1,4.354e-24
503.25,3.367e+3,,5.418e-15,2.430e-21,3.349e+3,,9.444e-21,2.516e+0,1.598e+1,4.343e-24
503.30,3.742e+3,,5.385e-15,2.442e-21,3.724e+3,,9.272e-21,1.655e+0,1.635e+1,4.332e-24
503.35,4.179e+3,,5.352e-15,2.454e-21,4.161e+3,,9.100e-21,1.068e+0,1.656e+1,4.320e-24
503.39,4.558e+3,,5.326e-15,2.464e-21,4.541e+3,,8.963e-21,7.416e-1,1.660e+1,4.312e-24
503.44,5.050e+3,,5.293e-15,2.476e-21,5.033e+3,,8.791e-21,4.617e-1,1.648e+1,4.300e-24
503.49,5.536e+3,,5.260e-15,2.489e-21,5.520e+3,,8.619e-21,2.818e-1,1.616e+1,4.289e-24
503.54,5.991e+3,,5.227e-15,2.501e-21,5.975e+3,,8.447e-21,1.687e-1,1.566e+1,4.278e-24
503.59,6.389e+3,,5.194e-15,2.513e-21,6.374e+3,,8.275e-21,9.895e-2,1.499e+1,4.267e-24
503.64,6.707e+3,,5.161e-15,2.525e-21,6.692e+3,,8.103e-21,5.691e-2,1.417e+1,4.256e-24
503.69,6.926e+3,,5.128e-15,2.538e-21,6.913e+3,,7.931e-21,3.209e-2,1.322e+1,4.245e-24
503.74,7.034e+3,,5.095e-15,2.550e-21,7.022e+3,,7.759e-21,1.774e-2,1.217e+1,4.234e-24
503.78,7.036e+3,,5.069e-15,2.560e-21,7.024e+3,,7.621e-21,1.089e-2,1.130e+1,4.225e-24
503.83,6.930e+3,,5.036e-15,2.572e-21,6.920e+3,,7.450e-21,5.807e-3,1.020e+1,4.214e-24
503.88,6.710e+3,,5.003e-15,2.584e-21,6.701e+3,,7.278e-21,3.037e-3,9.111e+0,4.203e-24
503.93,6.387e+3,,4.970e-15,2.596e-21,6.379e+3,,7.106e-21,1.557e-3,8.083e+0,4.192e-24
503.98,5.976e+3,,4.937e-15,2.608e-21,5.969e+3,,6.934e-21,7.826e-4,7.143e+0,4.181e-24
504.03,5.497e+3,,4.904e-15,2.621e-21,5.490e+3,,6.762e-21,3.856e-4,6.316e+0,4.170e-24
504.08,4.970e+3,,4.871e-15,2.633e-21,4.964e+3,,6.590e-21,1.863e-4,5.618e+0,4.159e-24
504.13,4.417e+3,,4.838e-15,2.645e-21,4.412e+3,,6.418e-21,8.824e-5,5.056e+0,4.147e-24
504.18,3.859e+3,,4.806e-15,2.657e-21,3.855e+3,,6.246e-21,4.097e-5,4.626e+0,4.136e-24
504.22,3.422e+3,,4.779e-15,2.667e-21,3.417e+3,,6.108e-21,2.187e-5,4.371e+0,4.127e-24
504.27,2.899e+3,,4.746e-15,2.679e-21,2.895e+3,,5.936e-21,9.797e-6,4.150e+0,4.116e-24
504.32,2.415e+3,,4.713e-15,2.692e-21,2.410e+3,,5.764e-21,4.303e-6,4.017e+0,4.105e-24
504.37,1.977e+3,,4.680e-15,2.704e-21,1.973e+3,,5.592e-21,1.853e-6,3.950e+0,4.094e-24
504.42,1.591e+3,,4.647e-15,2.716e-21,1.587e+3,,5.421e-21,7.824e-7,3.923e+0,4.083e-24
504.47,1.259e+3,,4.614e-15,2.728e-21,1.255e+3,,5.249e-21,3.238e-7,3.914e+0,4.072e-24
504.52,9.795e+2,,4.582e-15,2.740e-21,9.756e+2,,5.077e-21,1.314e-7,3.901e+0,4.061e-24
504.57,7.492e+2,,4.549e-15,2.753e-21,7.453e+2,,4.905e-21,5.227e-8,3.868e+0,4.050e-24
504.61,5.972e+2,,4.522e-15,2.762e-21,5.934e+2,,4.767e-21,2.465e-8,3.817e+0,4.041e-24
504.66,4.431e+2,,4.489e-15,2.775e-21,4.393e+2,,4.595e-21,9.476e-9,3.718e+0,4.030e-24
504.71,3.233e+2,,4.456e-15,2.787e-21,3.197e+2,,4.423e-21,3.602e-9,3.575e+0,4.019e-24
504.76,2.320e+2,,4.423e-15,2.799e-21,2.286e+2,,4.251e-21,1.433e-9,3.389e+0,1.304e-23
504.81,1.639e+2,,4.390e-15,2.811e-21,1.608e+2,,4.079e-21,8.133e-10,3.166e+0,4.151e-23
504.86,1.141e+2,,4.357e-15,2.824e-21,1.112e+2,,3.907e-21,1.109e-9,2.911e+0,1.399e-22
504.91,7.851e+1,,4.325e-15,2.836e-21,7.588e+1,,3.735e-21,2.625e-9,2.636e+0,4.300e-22
504.96,5.367e+1,,4.292e-15,2.848e-21,5.132e+1,,3.564e-21,6.889e-9,2.351e+0,1.296e-21
505.01,3.693e+1,,4.259e-15,2.860e-21,3.486e+1,,3.392e-21,1.803e-8,2.067e+0,3.831e-21
505.05,2.799e+1,,4.232e-15,2.870e-21,2.615e+1,,3.254e-21,3.847e-8,1.847e+0,8.993e-21
505.10,2.116e+1,,4.199e-15,2.882e-21,1.957e+1,,3.082e-21,9.750e-8,1.591e+0,2.568e-20
505.15,1.825e+1,,4.166e-15,2.894e-21,1.688e+1,,2.910e-21,2.424e-7,1.363e+0,7.195e-20
505.20,1.873e+1,,4.133e-15,2.907e-21,1.756e+1,,2.738e-21,5.909e-7,1.170e+0,1.977e-19
505.25,2.250e+1,,4.100e-15,2.919e-21,2.148e+1,,2.566e-21,1.413e-6,1.020e+0,5.331e-19
505.30,2.983e+1,,4.068e-15,2.931e-21,2.892e+1,,2.394e-21,3.313e-6,9.179e-1,1.410e-18
505.35,4.133e+1,,4.035e-15,2.943e-21,4.046e+1,,2.222e-21,7.620e-6,8.670e-1,3.657e-18
505.40,5.791e+1,,4.002e-15,2.956e-21,5.704e+1,,7.108e-21,1.719e-5,8.711e-1,9.309e-18
505.44,7.562e+1,,3.975e-15,2.965e-21,7.470e+1,,1.777e-20,3.250e-5,9.157e-1,1.938e-17
505.49,1.045e+2,,3.942e-15,2.978e-21,1.035e+2,,5.489e-20,7.079e-5,1.024e+0,4.766e-17
505.54,1.423e+2,,3.909e-15,2.990e-21,1.411e+2,,1.663e-19,1.512e-4,1.192e+0,1.150e-16
505.59,1.908e+2,,3.876e-15,3.002e-21,1.894e+2,,4.943e-19,3.169e-4,1.417e+0,2.720e-16
505.64,2.515e+2,,3.843e-15,3.014e-21,2.498e+2,,1.441e-18,6.512e-4,1.697e+0,6.316e-16
505.69,3.261e+2,,3.811e-15,3.026e-21,3.240e+2,,4.119e-18,1.313e-3,2.027e+0,1.438e-15
505.74,4.155e+2,,3.778e-15,3.039e-21,4.131e+2,,1.155e-17,2.595e-3,2.397e+0,3.214e-15
505.79,5.205e+2,,3.745e-15,3.051e-21,5.177e+2,,3.177e-17,5.030e-3,2.799e+0,7.045e-15
505.83,6.157e+2,,3.718e-15,3.061e-21,6.125e+2,,7.039e-17,8.424e-3,3.133e+0,1.302e-14
505.88,7.478e+2,,3.685e-15,3.073e-21,7.442e+2,,1.870e-16,1.577e-2,3.555e+0,2.757e-14
505.93,8.928e+2,,3.652e-15,3.085e-21,8.888e+2,,4.872e-16,2.896e-2,3.969e+0,5.729e-14
505.98,1.048e+3,,3.619e-15,3.097e-21,1.043e+3,,1.245e-15,5.215e-2,4.358e+0,1.168e-13
506.03,1.209e+3,,3.587e-15,3.110e-21,1.204e+3,,3.121e-15,9.212e-2,4.708e+0,2.336e-13
506.08,1.370e+3,,3.554e-15,3.122e-21,1.365e+3,,7.674e-15,1.596e-1,5.010e+0,4.584e-13
506.13,1.527e+3,,3.521e-15,3.134e-21,1.522e+3,,1.850e-14,2.711e-1,5.256e+0,8.826e-13
506.18,1.673e+3,,3.488e-15,3.146e-21,1.667e+3,,4.377e-14,4.518e-1,5.443e+0,1.667e-12
506.23,1.801e+3,,3.455e-15,3.158e-21,1.795e+3,,1.015e-13,7.383e-1,5.575e+0,3.090e-12
506.27,1.887e+3,,3.428e-15,3.168e-21,1.880e+3,,1.963e-13,1.079e+0,5.645e+0,4.993e-12
506.32,1.970e+3,,3.395e-15,3.180e-21,1.963e+3,,4.399e-13,1.702e+0,5.699e+0,8.943e-12
506.37,2.022e+3,,3.362e-15,3.193e-21,2.014e+3,,9.667e-13,2.635e+0,5.728e+0,1.572e-11
506.42,2.041e+3,,3.330e-15,3.205e-21,2.031e+3,,2.084e-12,3.999e+0,5.747e+0,2.710e-11
506.47,2.026e+3,,3.297e-15,3.217e-21,2.015e+3,,4.406e-12,5.955e+0,5.772e+0,4.584e-11
506.52,1.980e+3,,3.264e-15,3.229e-21,1.965e+3,,9.136e-12,8.695e+0,5.816e+0,7.610e-11
506.57,1.905e+3,,3.231e-15,3.242e-21,1.886e+3,,1.858e-11,1.245e+1,5.889e+0,1.239e-10
506.62,1.806e+3,,3.198e-15,3.254e-21,1.782e+3,,3.707e-11,1.749e+1,5.997e+0,1.981e-10
506.66,1.714e+3,,3.171e-15,3.264e-21,1.685e+3,,6.353e-11,2.264e+1,6.108e+0,2.844e-10
506.71,1.588e+3,,3.138e-15,3.276e-21,1.551e+3,,1.224e-10,3.070e+1,6.275e+0,4.392e-10
506.76,1.455e+3,,3.105e-15,3.288e-21,1.408e+3,,2.313e-10,4.084e+1,6.466e+0,6.657e-10
506.81,1.323e+3,,3.073e-15,3.300e-21,1.263e+3,,4.288e-10,5.329e+1,6.671e+0,9.901e-10
506.86,1.196e+3,,3.040e-15,3.312e-21,1.121e+3,,7.796e-10,6.819e+1,6.875e+0,1.445e-9
506.91,1.079e+3,,3.007e-15,3.325e-21,9.860e+2,,1.390e-9,8.558e+1,7.065e+0,2.069e-9
506.96,9.736e+2,,2.974e-15,3.337e-21,8.610e+2,,2.432e-9,1.053e+2,7.227e+0,2.908e-9
507.01,8.824e+2,,2.941e-15,3.349e-21,7.479e+2,,4.172e-9,1.272e+2,7.350e+0,4.009e-9
507.05,8.197e+2,,2.914e-15,3.359e-21,6.665e+2,,6.336e-9,1.458e+2,7.415e+0,5.114e-9
507.10,7.534e+2,,2.881e-15,3.371e-21,5.759e+2,,1.050e-8,1.700e+2,7.449e+0,6.816e-9
507.15,6.989e+2,,2.848e-15,3.383e-21,4.971e+2,,1.706e-8,1.943e+2,7.429e+0,8.915e-9
507.20,6.542e+2,,2.816e-15,3.395e-21,4.289e+2,,2.719e-8,2.179e+2,7.354e+0,1.144e-8
507.25,6.167e+2,,2.783e-15,3.408e-21,3.698e+2,,4.251e-8,2.397e+2,7.229e+0,1.441e-8
507.30,5.841e+2,,2.750e-15,3.420e-21,3.185e+2,,6.519e-8,2.585e+2,7.056e+0,1.781e-8
507.35,5.540e+2,,2.717e-15,3.432e-21,2.737e+2,,9.806e-8,2.735e+2,6.844e+0,2.160e-8
507.40,5.247e+2,,2.684e-15,3.444e-21,2.343e+2,,1.447e-7,2.838e+2,6.599e+0,2.571e-8
507.45,4.946e+2,,2.651e-15,3.457e-21,1.995e+2,,2.093e-7,2.888e+2,6.326e+0,3.003e-8
507.49,4.695e+2,,2.624e-15,3.466e-21,1.747e+2,,2.774e-7,2.888e+2,6.094e+0,3.354e-8
507.54,4.367e+2,,2.592e-15,3.479e-21,1.471e+2,,3.877e-7,2.838e+2,5.791e+0,3.787e-8
507.59,4.022e+2,,2.559e-15,3.491e-21,1.232e+2,,5.315e-7,2.735e+2,5.480e+0,4.195e-8
507.64,3.667e+2,,2.526e-15,3.503e-21,1.030e+2,,7.145e-7,2.586e+2,5.166e+0,4.561e-8
507.69,3.311e+2,,2.493e-15,3.515e-21,8.649e+1,,9.423e-7,2.398e+2,4.855e+0,4.866e-8
507.74,2.965e+2,,2.460e-15,3.527e-21,7.389e+1,,1.219e-6,2.181e+2,4.553e+0,5.095e-8
507.79,2.642e+2,,2.427e-15,3.540e-21,6.534e+1,,1.546e-6,1.946e+2,4.264e+0,5.235e-8
507.84,2.354e+2,,2.394e-15,3.552e-21,6.100e+1,,1.924e-6,1.704e+2,3.993e+0,5.278e-8
507.88,2.157e+2,,2.367e-15,3.562e-21,6.069e+1,,2.260e-6,1.512e+2,3.792e+0,5.241e-8
507.93,1.962e+2,,2.335e-15,3.574e-21,6.441e+1,,2.716e-6,1.282e+2,3.561e+0,5.108e-8
507.98,1.832e+2,,2.302e-15,3.586e-21,7.284e+1,,3.201e-6,1.070e+2,3.356e+0,4.885e-8
508.03,1.773e+2,,2.269e-15,3.598e-21,8.609e+1,,3.701e-6,8.804e+1,3.177e+0,4.585e-8
508.08,1.791e+2,,2.236e-15,3.611e-21,1.042e+2,,4.197e-6,7.184e+1,3.025e+0,4.223e-8
508.13,1.885e+2,,2.203e-15,3.623e-21,1.270e+2,,4.669e-6,5.860e+1,2.899e+0,3.817e-8
508.18,2.055e+2,,2.170e-15,3.635e-21,1.543e+2,,5.093e-6,4.844e+1,2.799e+0,3.385e-8
508.23,2.296e+2,,2.137e-15,3.647e-21,1.855e+2,,5.450e-6,4.135e+1,2.724e+0,2.946e-8
508.28,2.597e+2,,2.104e-15,3.659e-21,2.198e+2,,5.720e-6,3.727e+1,2.676e+0,2.516e-8
508.32,2.876e+2,,2.078e-15,3.669e-21,2.488e+2,,5.864e-6,3.611e+1,2.656e+0,2.187e-8
508.37,3.257e+2,,2.045e-15,3.681e-21,2.859e+2,,5.943e-6,3.717e+1,2.657e+0,1.805e-8
508.42,3.661e+2,,2.012e-15,3.694e-21,3.225e+2,,5.909e-6,4.090e+1,2.687e+0,1.462e-8
508.47,4.070e+2,,1.979e-15,3.706e-21,3.571e+2,,5.762e-6,4.709e+1,2.749e+0,1.162e-8
508.52,4.463e+2,,1.946e-15,3.718e-21,3.879e+2,,5.512e-6,5.556e+1,2.844e+0,9.065e-9
508.57,4.824e+2,,1.913e-15,3.730e-21,4.134e+2,,5.171e-6,6.602e+1,2.974e+0,6.937e-9
508.62,5.134e+2,,1.880e-15,3.743e-21,4.321e+2,,4.758e-6,7.813e+1,3.138e+0,5.209e-9
508.67,5.379e+2,,1.847e-15,3.755e-21,4.431e+2,,4.294e-6,9.147e+1,3.336e+0,3.838e-9
508.71,5.520e+2,,1.821e-15,3.765e-21,4.458e+2,,3.901e-6,1.027e+2,3.519e+0,2.966e-9
508.76,5.622e+2,,1.788e-15,3.777e-21,4.415e+2,,3.401e-6,1.169e+2,3.776e+0,2.112e-9
508.81,5.638e+2,,1.755e-15,3.789e-21,4.289e+2,,2.907e-6,1.308e+2,4.063e+0,1.476e-9
508.86,5.567e+2,,1.722e-15,3.801e-21,4.087e+2,,2.438e-6,1.436e+2,4.379e+0,1.012e-9
508.91,5.414e+2,,1.689e-15,3.813e-21,3.820e+2,,2.005e-6,1.548e+2,4.723e+0,6.808e-10
508.96,5.189e+2,,1.656e-15,3.826e-21,3.502e+2,,1.618e-6,1.636e+2,5.095e+0,4.497e-10
509.01,4.901e+2,,1.623e-15,3.838e-21,3.149e+2,,1.280e-6,1.697e+2,5.498e+0,2.919e-10
509.06,4.563e+2,,1.590e-15,3.850e-21,2.777e+2,,9.936e-7,1.727e+2,5.935e+0,1.866e-10
509.10,4.266e+2,,1.564e-15,3.860e-21,2.477e+2,,8.000e-7,1.727e+2,6.313e+0,1.297e-10
509.15,3.875e+2,,1.531e-15,3.872e-21,2.110e+2,,5.997e-7,1.697e+2,6.826e+0,8.281e-11
509.20,3.472e+2,,1.498e-15,3.884e-21,1.763e+2,,4.409e-7,1.636e+2,7.392e+0,5.524e-11
509.25,3.072e+2,,1.465e-15,3.897e-21,1.445e+2,,3.179e-7,1.547e+2,8.019e+0,4.147e-11
509.30,2.683e+2,,1.432e-15,3.909e-21,1.161e+2,,2.249e-7,1.435e+2,8.714e+0,3.834e-11
509.35,2.316e+2,,1.399e-15,3.921e-21,9.157e+1,,1.560e-7,1.305e+2,9.484e+0,4.451e-11
509.40,1.976e+2,,1.366e-15,3.933e-21,7.082e+1,,1.062e-7,1.165e+2,1.033e+1,6.023e-11
509.45,1.669e+2,,1.333e-15,3.945e-21,5.372e+1,,7.085e-8,1.020e+2,1.126e+1,8.708e-11
509.50,1.398e+2,,1.300e-15,3.958e-21,3.997e+1,,4.638e-8,8.754e+1,1.225e+1,1.280e-10
509.54,1.206e+2,,1.274e-15,3.967e-21,3.112e+1,,3.259e-8,7.642e+1,1.309e+1,1.735e-10
509.59,9.992e+1,,1.241e-15,3.980e-21,2.237e+1,,2.060e-8,6.338e+1,1.418e+1,2.507e-10
509.64,8.261e+1,,1.208e-15,3.992e-21,1.577e+1,,1.278e-8,5.156e+1,1.528e+1,3.562e-10
509.69,6.841e+1,,1.175e-15,4.004e-21,1.091e+1,,7.772e-9,4.114e+1,1.636e+1,4.972e-10
509.74,5.701e+1,,1.142e-15,4.016e-21,7.416e+0,,4.636e-9,3.220e+1,1.739e+1,6.813e-10
509.79,4.800e+1,,1.109e-15,4.029e-21,4.962e+0,,2.713e-9,2.472e+1,1.832e+1,9.166e-10
509.84,4.100e+1,,1.076e-15,4.041e-21,3.289e+0,,1.557e-9,1.862e+1,1.910e+1,1.211e-9
509.89,3.564e+1,,1.043e-15,4.053e-21,2.196e+0,,8.765e-10,1.375e+1,1.969e+1,1.570e-9
509.93,3.229e+1,,1.017e-15,4.063e-21,1.638e+0,,5.459e-10,1.064e+1,2.001e+1,1.908e-9
509.98,2.902e+1,,9.837e-16,4.075e-21,1.251e+0,,2.968e-10,7.594e+0,2.017e+1,2.396e-9
510.03,2.654e+1,,9.507e-16,4.087e-21,1.157e+0,,1.583e-10,5.314e+0,2.007e+1,2.956e-9
510.08,2.468e+1,,9.178e-16,4.099e-21,1.339e+0,,8.278e-11,3.648e+0,1.970e+1,3.586e-9
510.13,2.334e+1,,8.849e-16,4.112e-21,1.826e+0,,4.247e-11,2.456e+0,1.905e+1,4.279e-9
510.18,2.248e+1,,8.519e-16,4.124e-21,2.688e+0,,2.137e-11,1.622e+0,1.817e+1,5.024e-9
510.23,2.217e+1,,8.190e-16,4.136e-21,4.046e+0,,1.055e-11,1.051e+0,1.707e+1,5.808e-9
510.28,2.254e+1,,7.860e-16,4.148e-21,6.069e+0,,5.105e-12,6.679e-1,1.581e+1,6.617e-9
510.33,2.383e+1,,7.531e-16,4.161e-21,8.986e+0,,2.424e-12,4.163e-1,1.442e+1,7.436e-9
510.37,2.570e+1,,7.267e-16,4.170e-21,1.215e+1,,1.317e-12,2.813e-1,1.327e+1,8.088e-9
510.42,2.941e+1,,6.938e-16,4.183e-21,1.743e+1,,6.041e-13,1.694e-1,1.181e+1,8.888e-9
510.47,3.501e+1,,6.608e-16,4.195e-21,2.454e+1,,2.717e-13,1.000e-1,1.036e+1,9.663e-9
510.52,4.294e+1,,6.279e-16,4.207e-21,3.390e+1,,1.199e-13,5.793e-2,8.981e+0,1.040e-8
510.57,5.367e+1,,5.949e-16,4.219e-21,4.595e+1,,5.187e-14,3.292e-2,7.690e+0,1.111e-8
510.62,6.763e+1,,5.620e-16,4.231e-21,6.110e+1,,2.202e-14,1.835e-2,6.512e+0,1.177e-8
510.67,8.517e+1,,5.290e-16,4.244e-21,7.970e+1,,9.165e-15,1.003e-2,5.462e+0,1.239e-8
510.72,1.065e+2,,4.961e-16,4.256e-21,1.020e+2,,3.742e-15,5.378e-3,4.544e+0,1.297e-8
510.76,1.265e+2,,4.697e-16,4.266e-21,1.225e+2,,1.802e-15,3.222e-3,3.905e+0,1.340e-8
510.81,1.548e+2,,4.368e-16,4.278e-21,1.515e+2,,7.108e-16,1.669e-3,3.221e+0,1.389e-8
510.86,1.865e+2,,4.038e-16,4.290e-21,1.838e+2,,2.749e-16,8.478e-4,2.658e+0,1.433e-8
510.91,2.210e+2,,3.709e-16,4.302e-21,2.187e+2,,1.043e-16,4.225e-4,2.205e+0,1.470e-8
510.96,2.572e+2,,3.379e-16,4.315e-21,2.554e+2,,3.881e-17,2.065e-4,1.852e+0,1.499e-8
511.01,2.941e+2,,3.050e-16,4.327e-21,2.925e+2,,1.416e-17,9.902e-5,1.589e+0,1.520e-8
511.06,3.301e+2,,2.720e-16,4.339e-21,3.287e+2,,5.070e-18,4.657e-5,1.405e+0,1.531e-8
511.11,3.637e+2,,2.391e-16,4.351e-21,3.624e+2,,1.780e-18,2.148e-5,1.292e+0,1.531e-8
511.15,3.877e+2,,2.127e-16,4.361e-21,3.865e+2,,7.600e-19,1.141e-5,1.246e+0,1.523e-8
511.20,4.129e+2,,1.798e-16,4.373e-21,4.116e+2,,2.577e-19,5.089e-6,1.236e+0,1.503e-8
511.25,4.314e+2,,1.468e-16,4.385e-21,4.301e+2,,8.572e-20,2.234e-6,1.270e+0,1.472e-8
511.30,4.423e+2,,1.139e-16,4.398e-21,4.410e+2,,2.797e-20,9.828e-7,1.340e+0,1.432e-8
511.35,4.449e+2,,8.094e-17,4.410e-21,4.435e+2,,8.948e-21,4.763e-7,1.435e+0,1.382e-8
511.40,4.391e+2,,3.643e-16,4.422e-21,4.376e+2,,2.808e-21,3.516e-7,1.545e+0,1.325e-8
511.45,4.253e+2,,1.145e-15,4.434e-21,4.236e+2,,6.109e-21,5.169e-7,1.660e+0,1.262e-8
511.50,4.041e+2,,3.753e-15,4.447e-21,4.023e+2,,9.409e-21,1.094e-6,1.770e+0,1.195e-8
511.55,3.767e+2,,1.138e-14,4.459e-21,3.748e+2,,1.271e-20,2.494e-6,1.865e+0,1.125e-8
511.59,3.513e+2,,2.729e-14,4.469e-21,3.493e+2,,1.535e-20,4.823e-6,1.926e+0,1.068e-8
511.64,3.164e+2,,8.004e-14,4.481e-21,3.145e+2,,1.865e-20,1.085e-5,1.976e+0,9.967e-9
511.69,2.797e+2,,2.304e-13,4.493e-21,2.777e+2,,5.930e-20,2.397e-5,1.994e+0,9.277e-9
511.74,2.426e+2,,6.509e-13,4.505e-21,2.406e+2,,1.850e-19,5.201e-5,1.977e+0,8.622e-9
511.79,2.064e+2,,1.805e-12,4.517e-21,2.045e+2,,5.666e-19,1.108e-4,1.925e+0,8.019e-9
511.84,1.724e+2,,4.913e-12,4.530e-21,1.705e+2,,1.703e-18,2.317e-4,1.840e+0,7.484e-9
511.89,1.412e+2,,1.312e-11,4.542e-21,1.395e+2,,5.020e-18,4.758e-4,1.726e+0,7.035e-9
511.94,1.136e+2,,3.440e-11,4.554e-21,1.120e+2,,1.453e-17,9.594e-4,1.589e+0,6.683e-9
511.98,9.409e+1,,7.339e-11,4.564e-21,9.263e+1,,3.353e-17,1.659e-3,1.468e+0,6.480e-9
512.03,7.313e+1,,1.861e-10,4.576e-21,7.183e+1,,9.377e-17,3.237e-3,1.306e+0,6.330e-9
512.08,5.579e+1,,4.629e-10,4.588e-21,5.464e+1,,2.574e-16,6.203e-3,1.140e+0,6.293e-9
512.13,4.177e+1,,1.131e-9,4.601e-21,4.078e+1,,6.932e-16,1.167e-2,9.767e-1,6.365e-9
512.18,3.070e+1,,2.710e-9,4.613e-21,2.986e+1,,1.832e-15,2.157e-2,8.209e-1,6.532e-9
512.23,2.217e+1,,6.376e-9,4.625e-21,2.145e+1,,4.751e-15,3.914e-2,6.769e-1,6.773e-9
512.28,1.573e+1,,1.472e-8,4.637e-21,1.512e+1,,1.209e-14,6.976e-2,5.476e-1,7.062e-9
512.33,1.101e+1,,3.337e-8,4.649e-21,1.045e+1,,3.020e-14,1.221e-1,4.346e-1,7.369e-9
512.37,8.218e+0,,6.336e-8,4.659e-21,7.673e+0,,6.196e-14,1.887e-1,3.563e-1,7.606e-9
512.42,5.719e+0,,1.389e-7,4.671e-21,5.125e+0,,1.496e-13,3.200e-1,2.732e-1,7.866e-9
512.47,4.097e+0,,2.988e-7,4.684e-21,3.359e+0,,3.543e-13,5.329e-1,2.056e-1,8.060e-9
512.52,3.183e+0,,6.309e-7,4.696e-21,2.160e+0,,8.237e-13,8.719e-1,1.518e-1,8.166e-9
512.57,2.874e+0,,1.308e-6,4.708e-21,1.362e+0,,1.879e-12,1.401e+0,1.099e-1,8.173e-9
512.62,3.135e+0,,2.660e-6,4.720e-21,8.434e-1,,4.206e-12,2.213e+0,7.810e-2,8.077e-9
512.67,4.001e+0,,5.312e-6,4.733e-21,5.128e-1,,9.239e-12,3.434e+0,5.447e-2,7.885e-9
512.72,5.580e+0,,1.041e-5,4.745e-21,3.070e-1,,1.992e-11,5.236e+0,3.732e-2,7.615e-9
512.77,8.052e+0,,2.003e-5,4.757e-21,1.826e-1,,4.213e-11,7.844e+0,2.516e-2,7.291e-9
512.81,1.084e+1,,3.336e-5,4.767e-21,1.220e-1,,7.568e-11,1.070e+1,1.821e-2,7.014e-9
512.86,1.563e+1,,6.208e-5,4.779e-21,7.923e-2,,1.547e-10,1.554e+1,1.217e-2,6.674e-9
512.91,2.224e+1,,1.134e-4,4.791e-21,6.338e-2,,3.105e-10,2.216e+1,8.408e-3,6.373e-9
512.96,3.115e+1,,2.033e-4,4.803e-21,7.036e-2,,6.113e-10,3.107e+1,6.419e-3,6.144e-9
513.01,4.292e+1,,3.577e-4,4.816e-21,1.025e-1,,1.181e-9,4.281e+1,5.960e-3,6.012e-9
513.06,5.814e+1,,6.179e-4,4.828e-21,1.689e-1,,2.239e-9,5.796e+1,7.030e-3,5.996e-9
513.11,7.742e+1,,1.048e-3,4.840e-21,2.875e-1,,4.167e-9,7.712e+1,9.899e-3,6.105e-9
513.16,1.014e+2,,1.744e-3,4.852e-21,4.880e-1,,7.607e-9,1.009e+2,1.515e-2,6.336e-9
513.20,1.242e+2,,2.586e-3,4.862e-21,7.379e-1,,1.215e-8,1.235e+2,2.171e-2,6.600e-9
513.25,1.577e+2,,4.163e-3,4.874e-21,1.218e+0,,2.144e-8,1.565e+2,3.401e-2,7.012e-9
513.30,1.969e+2,,6.579e-3,4.887e-21,1.976e+0,,3.713e-8,1.949e+2,5.269e-2,7.485e-9
513.35,2.418e+2,,1.021e-2,4.899e-21,3.144e+0,,6.309e-8,2.386e+2,8.036e-2,7.983e-9
513.40,2.921e+2,,1.554e-2,4.911e-21,4.911e+0,,1.052e-7,2.871e+2,1.205e-1,8.467e-9
513.45,3.471e+2,,2.323e-2,4.923e-21,7.529e+0,,1.722e-7,3.394e+2,1.773e-1,8.895e-9
513.50,4.060e+2,,3.408e-2,4.935e-21,1.133e+1,,2.765e-7,3.943e+2,2.565e-1,9.231e-9
513.55,4.674e+2,,4.908e-2,4.948e-21,1.673e+1,,4.357e-7,4.502e+2,3.643e-1,9.444e-9
513.60,5.300e+2,,6.940e-2,4.960e-21,2.426e+1,,6.738e-7,5.051e+2,5.082e-1,9.512e-9
513.64,5.798e+2,,9.035e-2,4.970e-21,3.221e+1,,9.421e-7,5.469e+2,6.549e-1,9.455e-9
513.69,6.406e+2,,1.236e-1,4.982e-21,4.515e+1,,1.408e-6,5.945e+2,8.849e-1,9.242e-9
513.74,6.984e+2,,1.659e-1,4.994e-21,6.212e+1,,2.066e-6,6.350e+2,1.175e+0,8.881e-9
513.79,7.519e+2,,2.186e-1,5.006e-21,8.390e+1,,2.973e-6,6.663e+2,1.533e+0,8.391e-9
513.84,8.004e+2,,2.828e-1,5.019e-21,1.112e+2,,4.200e-6,6.869e+2,1.967e+0,7.800e-9
513.89,8.433e+2,,3.592e-1,5.031e-21,1.447e+2,,5.821e-6,6.958e+2,2.480e+0,7.143e-9
513.94,8.807e+2,,4.478e-1,5.043e-21,1.849e+2,,7.918e-6,6.923e+2,3.076e+0,6.458e-9
513.99,9.129e+2,,5.480e-1,5.055e-21,2.319e+2,,1.057e-5,6.766e+2,3.754e+0,5.784e-9
514.03,9.352e+2,,6.357e-1,5.065e-21,2.744e+2,,1.313e-5,6.558e+2,4.351e+0,5.279e-9
514.08,9.595e+2,,7.525e-1,5.077e-21,3.329e+2,,1.695e-5,6.207e+2,5.159e+0,4.720e-9
514.13,9.805e+2,,8.745e-1,5.089e-21,3.967e+2,,2.145e-5,5.770e+2,6.025e+0,4.270e-9
514.18,9.988e+2,,9.977e-1,5.102e-21,4.641e+2,,2.665e-5,5.267e+2,6.933e+0,3.953e-9
514.23,1.015e+3,,1.117e+0,5.114e-21,5.333e+2,,3.250e-5,4.723e+2,7.864e+0,3.789e-9
514.28,1.028e+3,,1.229e+0,5.126e-21,6.018e+2,,3.888e-5,4.158e+2,8.798e+0,3.789e-9
514.33,1.038e+3,,1.326e+0,5.138e-21,6.671e+2,,4.564e-5,3.596e+2,9.714e+0,3.955e-9
514.38,1.044e+3,,1.405e+0,5.151e-21,7.266e+2,,5.258e-5,3.053e+2,1.059e+1,4.284e-9
514.42,1.045e+3,,1.452e+0,5.160e-21,7.682e+2,,5.809e-5,2.643e+2,1.125e+1,4.655e-9
514.47,1.041e+3,,1.489e+0,5.173e-21,8.108e+2,,6.468e-5,2.172e+2,1.201e+1,5.239e-9
514.52,1.031e+3,,1.498e+0,5.185e-21,8.413e+2,,7.068e-5,1.752e+2,1.267e+1,5.931e-9
514.57,1.012e+3,,1.481e+0,5.197e-21,8.586e+2,,7.580e-5,1.388e+2,1.323e+1,6.697e-9
514.62,9.850e+2,,1.436e+0,5.209e-21,8.620e+2,,7.976e-5,1.079e+2,1.368e+1,7.499e-9
514.67,9.496e+2,,1.369e+0,5.221e-21,8.519e+2,,8.236e-5,8.239e+1,1.399e+1,8.295e-9
514.72,9.063e+2,,1.281e+0,5.234e-21,8.291e+2,,8.345e-5,6.175e+1,1.417e+1,9.040e-9
514.77,8.561e+2,,1.178e+0,5.246e-21,7.953e+2,,8.298e-5,4.543e+1,1.421e+1,9.693e-9
514.82,8.004e+2,,1.066e+0,5.258e-21,7.524e+2,,8.097e-5,3.281e+1,1.411e+1,1.021e-8
514.86,7.529e+2,,9.726e-1,5.268e-21,7.130e+2,,7.833e-5,2.496e+1,1.392e+1,1.051e-8
514.91,6.914e+2,,8.562e-1,5.280e-21,6.596e+2,,7.388e-5,1.744e+1,1.356e+1,1.072e-8
514.96,6.292e+2,,7.446e-1,5.292e-21,6.034e+2,,6.838e-5,1.196e+1,1.307e+1,1.074e-8
515.01,5.677e+2,,6.422e-1,5.305e-21,5.465e+2,,6.210e-5,8.053e+0,1.247e+1,1.055e-8
515.06,5.084e+2,,5.522e-1,5.317e-21,4.907e+2,,5.535e-5,5.328e+0,1.176e+1,1.018e-8
515.11,4.521e+2,,4.769e-1,5.329e-21,4.372e+2,,4.841e-5,3.470e+0,1.096e+1,9.638e-9
515.16,3.997e+2,,4.179e-1,5.341e-21,3.869e+2,,4.155e-5,2.237e+0,1.011e+1,8.954e-9
515.21,3.514e+2,,3.754e-1,5.353e-21,3.404e+2,,3.499e-5,1.449e+0,9.227e+0,8.163e-9
515.25,3.159e+2,,3.532e-1,5.363e-21,3.060e+2,,3.009e-5,1.052e+0,8.514e+0,7.479e-9
515.30,2.753e+2,,3.390e-1,5.375e-21,2.665e+2,,2.449e-5,7.756e-1,7.635e+0,6.591e-9
515.35,2.387e+2,,3.385e-1,5.388e-21,2.309e+2,,1.957e-5,6.992e-1,6.792e+0,5.700e-9
515.40,2.060e+2,,3.494e-1,5.400e-21,1.989e+2,,1.534e-5,8.076e-1,6.002e+0,4.838e-9
515.45,1.769e+2,,3.692e-1,5.412e-21,1.702e+2,,1.180e-5,1.119e+0,5.278e+0,4.029e-9
515.50,1.512e+2,,3.950e-1,5.424e-21,1.445e+2,,8.907e-6,1.689e+0,4.630e+0,3.293e-9
515.55,1.288e+2,,4.240e-1,5.437e-21,1.217e+2,,6.598e-6,2.608e+0,4.059e+0,2.641e-9
515.60,1.095e+2,,4.531e-1,5.449e-21,1.015e+2,,4.797e-6,4.015e+0,3.566e+0,2.079e-9
515.65,9.341e+1,,4.798e-1,5.461e-21,8.369e+1,,3.422e-6,6.100e+0,3.145e+0,1.605e-9
515.69,8.291e+1,,4.978e-1,5.471e-21,7.113e+1,,2.576e-6,8.422e+0,2.855e+0,1.288e-9
515.74,7.286e+1,,5.143e-1,5.483e-21,5.740e+1,,1.776e-6,1.240e+1,2.546e+0,9.616e-10
515.79,6.645e+1,,5.228e-1,5.495e-21,4.571e+1,,1.202e-6,1.794e+1,2.288e+0,7.045e-10
515.84,6.397e+1,,5.225e-1,5.507e-21,3.592e+1,,7.980e-7,2.545e+1,2.074e+0,5.065e-10
515.89,6.575e+1,,5.129e-1,5.520e-21,2.788e+1,,5.199e-7,3.546e+1,1.900e+0,3.573e-10
515.94,7.217e+1,,4.944e-1,5.532e-21,2.144e+1,,3.324e-7,4.847e+1,1.759e+0,2.474e-10
515.99,8.362e+1,,4.679e-1,5.544e-21,1.646e+1,,2.086e-7,6.504e+1,1.651e+0,1.681e-10
516.04,1.005e+2,,4.347e-1,5.556e-21,1.282e+1,,1.284e-7,8.564e+1,1.573e+0,1.121e-10
516.08,1.181e+2,,4.043e-1,5.566e-21,1.081e+1,,8.595e-8,1.053e+2,1.532e+0,7.992e-11
516.13,1.454e+2,,3.632e-1,5.578e-21,9.410e+0,,5.115e-8,1.341e+2,1.506e+0,5.151e-11
516.18,1.787e+2,,3.202e-1,5.591e-21,9.274e+0,,2.987e-8,1.675e+2,1.507e+0,3.257e-11
516.23,2.178e+2,,2.770e-1,5.603e-21,1.053e+1,,1.712e-8,2.055e+2,1.533e+0,2.021e-11
516.28,2.626e+2,,2.352e-1,5.615e-21,1.340e+1,,9.627e-9,2.473e+2,1.580e+0,1.231e-11
516.33,3.123e+2,,1.960e-1,5.627e-21,1.825e+1,,5.313e-9,2.922e+2,1.644e+0,7.357e-12
516.38,3.662e+2,,1.603e-1,5.639e-21,2.557e+1,,2.877e-9,3.388e+2,1.717e+0,4.315e-12
516.43,4.234e+2,,1.287e-1,5.652e-21,3.596e+1,,1.529e-9,3.855e+2,1.794e+0,2.483e-12
516.47,4.707e+2,,1.065e-1,5.661e-21,4.699e+1,,9.096e-10,4.217e+2,1.852e+0,1.575e-12
516.52,5.309e+2,,8.262e-2,5.674e-21,6.485e+1,,4.673e-10,4.640e+2,1.915e+0,8.759e-13
516.57,5.911e+2,,6.291e-2,5.686e-21,8.808e+1,,2.355e-10,5.010e+2,1.961e+0,4.782e-13
516.62,6.506e+2,,4.702e-2,5.698e-21,1.175e+2,,1.165e-10,5.310e+2,1.985e+0,2.562e-13
516.67,7.083e+2,,3.448e-2,5.710e-21,1.541e+2,,5.655e-11,5.523e+2,1.984e+0,1.347e-13
516.72,7.639e+2,,2.482e-2,5.723e-21,1.982e+2,,2.694e-11,5.638e+2,1.957e+0,6.948e-14
516.77,8.170e+2,,1.753e-2,5.735e-21,2.503e+2,,1.259e-11,5.648e+2,1.906e+0,3.517e-14
516.82,8.675e+2,,1.215e-2,5.747e-21,3.103e+2,,5.775e-12,5.554e+2,1.834e+0,1.747e-14
516.87,9.152e+2,,8.267e-3,5.759e-21,3.775e+2,,2.599e-12,5.360e+2,1.747e+0,8.519e-15
516.91,9.514e+2,,5.993e-3,5.769e-21,4.357e+2,,1.354e-12,5.140e+2,1.671e+0,4.730e-15
516.96,9.938e+2,,3.941e-3,5.781e-21,5.126e+2,,5.891e-13,4.795e+2,1.576e+0,2.229e-15
517.01,1.033e+3,,2.544e-3,5.793e-21,5.919e+2,,2.515e-13,4.392e+2,1.488e+0,1.031e-15
517.06,1.067e+3,,1.611e-3,5.806e-21,6.709e+2,,1.054e-13,3.947e+2,1.415e+0,4.678e-16
517.11,1.096e+3,,1.002e-3,5.818e-21,7.462e+2,,4.332e-14,3.482e+2,1.365e+0,2.083e-16
517.16,1.118e+3,,6.110e-4,5.830e-21,8.147e+2,,1.748e-14,3.014e+2,1.342e+0,9.104e-17
517.21,1.131e+3,,3.658e-4,5.842e-21,8.731e+2,,6.919e-15,2.561e+2,1.352e+0,3.904e-17
517.26,1.133e+3,,2.149e-4,5.855e-21,9.183e+2,,2.688e-15,2.136e+2,1.397e+0,1.643e-17
517.30,1.127e+3,,1.386e-4,5.864e-21,9.435e+2,,1.245e-15,1.822e+2,1.457e+0,8.110e-18
517.35,1.108e+3,,7.870e-5,5.877e-21,9.597e+2,,4.674e-16,1.469e+2,1.563e+0,3.299e-18
517.40,1.076e+3,,4.387e-5,5.889e-21,9.582e+2,,1.722e-16,1.163e+2,1.697e+0,1.317e-18
517.45,1.031e+3,,2.400e-5,5.901e-21,9.392e+2,,6.229e-17,9.030e+1,1.855e+0,5.159e-19
517.50,9.747e+2,,1.288e-5,5.913e-21,9.038e+2,,2.210e-17,6.885e+1,2.030e+0,1.983e-19
517.55,9.078e+2,,6.788e-6,5.925e-21,8.541e+2,,7.696e-18,5.153e+1,2.214e+0,7.481e-20
517.60,8.331e+2,,3.510e-6,5.938e-21,7.928e+2,,2.630e-18,3.789e+1,2.398e+0,2.770e-20
517.65,7.532e+2,,1.781e-6,5.950e-21,7.232e+2,,8.819e-19,2.740e+1,2.575e+0,1.006e-20
517.69,6.875e+2,,1.021e-6,5.960e-21,6.639e+2,,3.630e-19,2.093e+1,2.705e+0,4.415e-21
517.74,6.059e+2,,5.010e-7,5.972e-21,5.882e+2,,1.176e-19,1.484e+1,2.849e+0,1.550e-21
517.79,5.274e+2,,2.412e-7,5.984e-21,5.138e+2,,3.742e-20,1.059e+1,2.965e+0,5.342e-22
517.84,4.547e+2,,1.139e-7,5.996e-21,4.438e+2,,3.694e-20,7.843e+0,3.050e+0,1.807e-22
517.89,3.900e+2,,5.283e-8,6.009e-21,3.805e+2,,3.647e-20,6.362e+0,3.101e+0,5.995e-23
517.94,3.348e+2,,2.404e-8,6.021e-21,3.257e+2,,3.599e-20,6.028e+0,3.118e+0,1.999e-23
517.99,2.906e+2,,1.074e-8,6.033e-21,2.806e+2,,3.552e-20,6.833e+0,3.101e+0,7.699e-24
518.04,2.579e+2,,4.705e-9,6.045e-21,2.459e+2,,3.504e-20,8.897e+0,3.055e+0,4.451e-24
518.09,2.371e+2,,2.024e-9,6.057e-21,2.217e+2,,3.457e-20,1.247e+1,2.984e+0,1.331e-23
518.13,2.292e+2,,1.017e-9,6.067e-21,2.096e+2,,3.419e-20,1.667e+1,2.913e+0,3.157e-23
518.18,2.301e+2,,4.227e-10,6.079e-21,2.033e+2,,3.372e-20,2.402e+1,2.812e+0,9.137e-23
518.23,2.431e+2,,1.725e-10,6.092e-21,2.060e+2,,3.324e-20,3.433e+1,2.701e+0,2.596e-22
518.28,2.680e+2,,6.906e-11,6.104e-21,2.171e+2,,3.277e-20,4.836e+1,2.588e+0,7.242e-22
518.33,3.052e+2,,2.714e-11,6.116e-21,2.357e+2,,3.229e-20,6.698e+1,2.476e+0,1.983e-21
518.38,3.550e+2,,1.047e-11,6.128e-21,2.615e+2,,3.182e-20,9.116e+1,2.370e+0,5.332e-21
518.43,4.181e+2,,3.962e-12,6.141e-21,2.940e+2,,3.134e-20,1.218e+2,2.271e+0,1.407e-20
518.48,4.954e+2,,1.472e-12,6.153e-21,3.333e+2,,3.087e-20,1.599e+2,2.180e+0,3.647e-20
518.52,5.679e+2,,6.575e-13,6.163e-21,3.696e+2,,3.049e-20,1.962e+2,2.115e+0,7.708e-20
518.57,6.728e+2,,2.361e-13,6.175e-21,4.217e+2,,3.001e-20,2.491e+2,2.040e+0,1.932e-19
518.62,7.940e+2,,8.321e-14,6.187e-21,4.815e+2,,2.954e-20,3.106e+2,1.973e+0,4.755e-19
518.67,9.316e+2,,2.878e-14,6.199e-21,5.495e+2,,2.906e-20,3.802e+2,1.914e+0,1.149e-18
518.72,1.085e+3,,9.767e-15,6.211e-21,6.260e+2,,2.859e-20,4.571e+2,1.863e+0,2.725e-18
518.77,1.252e+3,,3.254e-15,6.224e-21,7.111e+2,,2.811e-20,5.394e+2,1.821e+0,6.347e-18
518.82,1.431e+3,,1.064e-15,6.236e-21,8.041e+2,,2.764e-20,6.250e+2,1.789e+0,1.451e-17
518.87,1.617e+3,,3.412e-16,6.248e-21,9.038e+2,,2.716e-20,7.110e+2,1.772e+0,3.257e-17
518.92,1.804e+3,,3.450e-16,6.260e-21,1.008e+3,,2.669e-20,7.942e+2,1.772e+0,7.177e-17
518.96,1.951e+3,,3.480e-16,6.270e-21,1.093e+3,,2.631e-20,8.564e+2,1.788e+0,1.333e-16
519.01,2.125e+3,,3.518e-16,6.282e-21,1.198e+3,,2.583e-20,9.255e+2,1.831e+0,2.841e-16
519.06,2.282e+3,,3.556e-16,6.294e-21,1.298e+3,,2.536e-20,9.821e+2,1.904e+0,5.945e-16
519.11,2.413e+3,,3.594e-16,6.307e-21,1.388e+3,,2.488e-20,1.023e+3,2.010e+0,1.222e-15
519.16,2.514e+3,,3.632e-16,6.319e-21,1.465e+3,,2.441e-20,1.047e+3,2.153e+0,2.464e-15
519.21,2.577e+3,,3.670e-16,6.331e-21,1.524e+3,,2.394e-20,1.051e+3,2.334e+0,4.880e-15
519.26,2.601e+3,,3.708e-16,6.343e-21,1.562e+3,,2.346e-20,1.037e+3,2.553e+0,9.487e-15
519.31,2.584e+3,,3.746e-16,6.356e-21,1.578e+3,,2.299e-20,1.004e+3,2.809e+0,1.811e-14
519.35,2.541e+3,,3.777e-16,6.365e-21,1.573e+3,,2.261e-20,9.651e+2,3.038e+0,2.997e-14
519.40,2.454e+3,,3.815e-16,6.378e-21,1.546e+3,,2.213e-20,9.040e+2,3.353e+0,5.535e-14
519.45,2.333e+3,,3.853e-16,6.390e-21,1.498e+3,,2.166e-20,8.314e+2,3.695e+0,1.003e-13
519.50,2.186e+3,,3.891e-16,6.402e-21,1.431e+3,,2.118e-20,7.508e+2,4.055e+0,1.786e-13
519.55,2.019e+3,,3.929e-16,6.414e-21,1.349e+3,,2.071e-20,6.656e+2,4.427e+0,3.120e-13
519.60,1.841e+3,,3.967e-16,6.426e-21,1.257e+3,,2.023e-20,5.794e+2,4.801e+0,5.352e-13
519.65,1.660e+3,,4.005e-16,6.439e-21,1.159e+3,,1.976e-20,4.952e+2,5.168e+0,9.013e-13
519.70,1.481e+3,,4.042e-16,6.451e-21,1.060e+3,,1.928e-20,4.155e+2,5.516e+0,1.490e-12
519.74,1.345e+3,,4.073e-16,6.461e-21,9.830e+2,,1.890e-20,3.564e+2,5.774e+0,2.199e-12
519.79,1.187e+3,,4.111e-16,6.473e-21,8.917e+2,,1.843e-20,2.893e+2,6.061e+0,3.517e-12
519.84,1.046e+3,,4.149e-16,6.485e-21,8.088e+2,,1.795e-20,2.306e+2,6.298e+0,5.524e-12
519.89,9.232e+2,,4.187e-16,6.497e-21,7.362e+2,,1.748e-20,1.805e+2,6.477e+0,8.516e-12
519.94,8.204e+2,,4.225e-16,6.510e-21,6.752e+2,,1.700e-20,1.387e+2,6.589e+0,1.289e-11
519.99,7.375e+2,,4.263e-16,6.522e-21,6.262e+2,,1.653e-20,1.046e+2,6.629e+0,1.916e-11
520.04,6.736e+2,,4.301e-16,6.534e-21,5.896e+2,,1.605e-20,7.748e+1,6.593e+0,2.796e-11
520.09,6.280e+2,,4.339e-16,6.546e-21,5.652e+2,,1.558e-20,5.634e+1,6.482e+0,4.006e-11
520.14,5.997e+2,,4.377e-16,6.558e-21,5.532e+2,,1.510e-20,4.023e+1,6.298e+0,5.635e-11
520.18,5.889e+2,,4.407e-16,6.568e-21,5.525e+2,,1.472e-20,3.032e+1,6.103e+0,7.308e-11
520.23,5.898e+2,,4.445e-16,6.580e-21,5.631e+2,,1.425e-20,2.094e+1,5.805e+0,9.951e-11
520.28,6.065e+2,,4.483e-16,6.593e-21,5.869e+2,,1.377e-20,1.420e+1,5.458e+0,1.331e-10
520.33,6.388e+2,,4.521e-16,6.605e-21,6.243e+2,,1.330e-20,9.456e+0,5.075e+0,1.748e-10
520.38,6.866e+2,,4.559e-16,6.617e-21,6.757e+2,,1.283e-20,6.182e+0,4.669e+0,2.256e-10
520.43,7.496e+2,,4.597e-16,6.629e-21,7.414e+2,,1.235e-20,3.967e+0,4.256e+0,2.860e-10
520.48,8.270e+2,,4.635e-16,6.642e-21,8.206e+2,,1.188e-20,2.500e+0,3.853e+0,3.566e-10
520.53,9.175e+2,,4.673e-16,6.654e-21,9.124e+2,,1.140e-20,1.546e+0,3.476e+0,4.371e-10
520.57,9.977e+2,,4.703e-16,6.664e-21,9.935e+2,,1.102e-20,1.039e+0,3.205e+0,5.085e-10
520.62,1.105e+3,,4.741e-16,6.676e-21,1.102e+3,,1.055e-20,6.221e-1,2.921e+0,6.058e-10
520.67,1.218e+3,,4.779e-16,6.688e-21,1.214e+3,,1.007e-20,3.657e-1,2.713e+0,7.113e-10
520.72,1.330e+3,,4.817e-16,6.700e-21,1.327e+3,,9.597e-21,2.113e-1,2.601e+0,8.240e-10
520.77,1.436e+3,,4.855e-16,6.712e-21,1.434e+3,,9.122e-21,1.204e-1,2.604e+0,9.433e-10
520.82,1.532e+3,,4.893e-16,6.725e-21,1.529e+3,,8.647e-21,6.834e-2,2.739e+0,1.069e-9
520.87,1.612e+3,,4.931e-16,6.737e-21,1.609e+3,,8.172e-21,4.008e-2,3.025e+0,1.202e-9
520.92,1.672e+3,,4.969e-16,6.749e-21,1.668e+3,,7.697e-21,2.685e-2,3.478e+0,1.345e-9
520.96,1.702e+3,,5.000e-16,6.759e-21,1.698e+3,,7.318e-21,2.407e-2,3.969e+0,1.468e-9
521.01,1.717e+3,,5.038e-16,6.771e-21,1.712e+3,,6.843e-21,2.933e-2,4.751e+0,1.638e-9
521.06,1.704e+3,,5.076e-16,6.783e-21,1.699e+3,,6.368e-21,4.595e-2,5.722e+0,1.833e-9
521.11,1.666e+3,,5.114e-16,6.796e-21,1.659e+3,,5.893e-21,7.903e-2,6.877e+0,2.059e-9
521.16,1.603e+3,,5.152e-16,6.808e-21,1.595e+3,,5.418e-21,1.383e-1,8.200e+0,2.325e-9
521.21,1.521e+3,,5.189e-16,6.820e-21,1.511e+3,,4.944e-21,2.400e-1,9.668e+0,2.640e-9
521.26,1.424e+3,,5.227e-16,6.832e-21,1.412e+3,,4.469e-21,4.103e-1,1.124e+1,3.013e-9
521.31,1.320e+3,,5.265e-16,6.844e-21,1.306e+3,,3.994e-21,6.892e-1,1.288e+1,3.447e-9
521.36,1.215e+3,,5.303e-16,6.857e-21,1.199e+3,,3.519e-21,1.137e+0,1.451e+1,3.946e-9
521.40,1.136e+3,,5.334e-16,6.866e-21,1.118e+3,,3.139e-21,1.675e+0,1.579e+1,4.392e-9
521.45,1.049e+3,,5.372e-16,6.879e-21,1.029e+3,,2.665e-21,2.675e+0,1.727e+1,5.003e-9
521.50,9.835e+2,,5.410e-16,6.891e-21,9.607e+2,,2.190e-21,4.195e+0,1.859e+1,5.666e-9
521.55,9.460e+2,,5.448e-16,6.903e-21,9.199e+2,,1.715e-21,6.459e+0,1.968e+1,6.371e-9
521.60,9.430e+2,,5.486e-16,6.915e-21,9.127e+2,,1.240e-21,9.768e+0,2.049e+1,7.103e-9
521.65,9.800e+2,,5.524e-16,6.928e-21,9.445e+2,,3.858e-21,1.451e+1,2.101e+1,7.849e-9
521.70,1.062e+3,,5.562e-16,6.940e-21,1.019e+3,,1.179e-20,2.116e+1,2.121e+1,8.598e-9
521.75,1.191e+3,,5.600e-16,6.952e-21,1.140e+3,,3.536e-20,3.032e+1,2.110e+1,9.341e-9
521.79,1.330e+3,,5.630e-16,6.962e-21,1.269e+3,,8.404e-20,3.991e+1,2.082e+1,9.929e-9
521.84,1.548e+3,,5.668e-16,6.974e-21,1.472e+3,,2.440e-19,5.537e+1,2.025e+1,1.066e-8
521.89,1.813e+3,,5.706e-16,6.986e-21,1.718e+3,,6.957e-19,7.548e+1,1.951e+1,1.140e-8
521.94,2.121e+3,,5.744e-16,6.998e-21,2.001e+3,,1.948e-18,1.011e+2,1.866e+1,1.218e-8
521.99,2.465e+3,,5.782e-16,7.011e-21,2.315e+3,,5.355e-18,1.331e+2,1.777e+1,1.301e-8
522.04,2.837e+3,,5.820e-16,7.023e-21,2.647e+3,,1.446e-17,1.721e+2,1.694e+1,1.393e-8
522.09,3.223e+3,,5.858e-16,7.035e-21,2.988e+3,,3.834e-17,2.190e+2,1.621e+1,1.499e-8
522.14,3.612e+3,,5.896e-16,7.047e-21,3.322e+3,,9.981e-17,2.739e+2,1.566e+1,1.622e-8
522.19,3.988e+3,,5.934e-16,7.060e-21,3.635e+3,,2.552e-16,3.371e+2,1.532e+1,1.766e-8
522.23,4.269e+3,,5.964e-16,7.069e-21,3.861e+3,,5.338e-16,3.934e+2,1.521e+1,1.900e-8
522.28,4.585e+3,,6.002e-16,7.082e-21,4.099e+3,,1.321e-15,4.706e+2,1.529e+1,2.092e-8
522.33,4.848e+3,,6.040e-16,7.094e-21,4.278e+3,,3.210e-15,5.546e+2,1.560e+1,2.315e-8
522.38,5.048e+3,,6.078e-16,7.106e-21,4.388e+3,,7.660e-15,6.443e+2,1.608e+1,2.574e-8
522.43,5.177e+3,,6.116e-16,7.118e-21,4.422e+3,,1.795e-14,7.382e+2,1.670e+1,2.873e-8
522.48,5.231e+3,,6.154e-16,7.130e-21,4.379e+3,,4.131e-14,8.351e+2,1.740e+1,3.217e-8
522.53,5.211e+3,,6.192e-16,7.143e-21,4.260e+3,,9.335e-14,9.334e+2,1.809e+1,3.614e-8
522.58,5.122e+3,,6.230e-16,7.155e-21,4.071e+3,,2.072e-13,1.032e+3,1.873e+1,4.077e-8
522.62,5.005e+3,,6.261e-16,7.165e-21,3.876e+3,,3.869e-13,1.110e+3,1.914e+1,4.503e-8
522.67,4.813e+3,,6.299e-16,7.177e-21,3.588e+3,,8.310e-13,1.205e+3,1.950e+1,5.120e-8
522.72,4.580e+3,,6.337e-16,7.189e-21,3.262e+3,,1.753e-12,1.298e+3,1.964e+1,5.852e-8
522.77,4.320e+3,,6.374e-16,7.201e-21,2.913e+3,,3.630e-12,1.387e+3,1.953e+1,6.723e-8
522.82,4.046e+3,,6.412e-16,7.214e-21,2.556e+3,,7.383e-12,1.471e+3,1.917e+1,7.757e-8
522.87,3.770e+3,,6.450e-16,7.226e-21,2.202e+3,,1.475e-11,1.550e+3,1.856e+1,8.981e-8
522.92,3.503e+3,,6.488e-16,7.238e-21,1.864e+3,,2.893e-11,1.621e+3,1.772e+1,1.042e-7
522.97,3.250e+3,,6.526e-16,7.250e-21,1.549e+3,,5.571e-11,1.684e+3,1.671e+1,1.208e-7
523.01,3.062e+3,,6.557e-16,7.260e-21,1.319e+3,,9.290e-11,1.727e+3,1.579e+1,1.358e-7
523.06,2.846e+3,,6.595e-16,7.272e-21,1.062e+3,,1.732e-10,1.770e+3,1.456e+1,1.566e-7
523.11,2.650e+3,,6.633e-16,7.284e-21,8.393e+2,,3.170e-10,1.798e+3,1.329e+1,1.797e-7
523.16,2.472e+3,,6.671e-16,7.297e-21,6.516e+2,,5.699e-10,1.809e+3,1.202e+1,2.049e-7
523.21,2.308e+3,,6.709e-16,7.309e-21,4.969e+2,,1.006e-9,1.801e+3,1.079e+1,2.317e-7
523.26,2.154e+3,,6.747e-16,7.321e-21,3.722e+2,,1.744e-9,1.773e+3,9.650e+0,2.598e-7
523.31,2.006e+3,,6.785e-16,7.333e-21,2.738e+2,,2.969e-9,1.723e+3,8.614e+0,2.889e-7
523.36,1.859e+3,,6.823e-16,7.346e-21,1.980e+2,,4.964e-9,1.654e+3,7.698e+0,3.186e-7
523.41,1.712e+3,,6.861e-16,7.358e-21,1.408e+2,,8.149e-9,1.565e+3,6.906e+0,3.487e-7
523.45,1.594e+3,,6.891e-16,7.368e-21,1.060e+2,,1.196e-8,1.481e+3,6.361e+0,3.731e-7
523.50,1.444e+3,,6.929e-16,7.380e-21,7.351e+1,,1.900e-8,1.365e+3,5.781e+0,4.041e-7
523.55,1.294e+3,,6.967e-16,7.392e-21,5.071e+1,,2.965e-8,1.238e+3,5.302e+0,4.361e-7
523.60,1.145e+3,,7.005e-16,7.404e-21,3.530e+1,,4.542e-8,1.105e+3,4.907e+0,4.698e-7
523.65,1.000e+3,,7.043e-16,7.416e-21,2.553e+1,,6.835e-8,9.700e+2,4.581e+0,5.058e-7
523.70,8.618e+2,,7.081e-16,7.429e-21,2.008e+1,,1.010e-7,8.374e+2,4.306e+0,5.450e-7
523.75,7.328e+2,,7.119e-16,7.441e-21,1.802e+1,,1.465e-7,7.107e+2,4.072e+0,5.880e-7
523.80,6.155e+2,,7.157e-16,7.453e-21,1.878e+1,,2.088e-7,5.929e+2,3.869e+0,6.353e-7
523.84,5.314e+2,,7.187e-16,7.463e-21,2.120e+1,,2.735e-7,5.064e+2,3.726e+0,6.763e-7
523.89,4.393e+2,,7.225e-16,7.475e-21,2.636e+1,,3.772e-7,4.093e+2,3.571e+0,7.311e-7
523.94,3.624e+2,,7.263e-16,7.487e-21,3.389e+1,,5.109e-7,3.250e+2,3.446e+0,7.887e-7
523.99,3.008e+2,,7.301e-16,7.500e-21,4.388e+1,,6.794e-7,2.536e+2,3.358e+0,8.475e-7
524.04,2.540e+2,,7.339e-16,7.512e-21,5.645e+1,,8.872e-7,1.943e+2,3.318e+0,9.053e-7
524.09,2.212e+2,,7.377e-16,7.524e-21,7.169e+1,,1.138e-6,1.462e+2,3.338e+0,9.592e-7
524.14,2.011e+2,,7.415e-16,7.536e-21,8.963e+1,,1.433e-6,1.081e+2,3.430e+0,1.006e-6
524.19,1.923e+2,,7.453e-16,7.548e-21,1.102e+2,,1.772e-6,7.845e+1,3.606e+0,1.044e-6
524.24,1.930e+2,,7.491e-16,7.561e-21,1.332e+2,,2.152e-6,5.593e+1,3.876e+0,1.069e-6
524.28,1.994e+2,,7.522e-16,7.570e-21,1.531e+2,,2.481e-6,4.211e+1,4.162e+0,1.078e-6
524.33,2.130e+2,,7.559e-16,7.583e-21,1.794e+2,,2.917e-6,2.905e+1,4.611e+0,1.076e-6
524.38,2.314e+2,,7.597e-16,7.595e-21,2.066e+2,,3.367e-6,1.968e+1,5.155e+0,1.057e-6
524.43,2.529e+2,,7.635e-16,7.607e-21,2.340e+2,,3.816e-6,1.310e+1,5.788e+0,1.022e-6
524.48,2.758e+2,,7.673e-16,7.619e-21,2.607e+2,,4.247e-6,8.557e+0,6.493e+0,9.716e-7
524.53,2.987e+2,,7.711e-16,7.632e-21,2.860e+2,,4.643e-6,5.489e+0,7.252e+0,9.082e-7
524.58,3.204e+2,,7.749e-16,7.644e-21,3.089e+2,,4.983e-6,3.458e+0,8.042e+0,8.344e-7
524.63,3.398e+2,,7.787e-16,7.656e-21,3.288e+2,,5.253e-6,2.139e+0,8.838e+0,7.533e-7
524.67,3.533e+2,,7.818e-16,7.666e-21,3.424e+2,,5.408e-6,1.438e+0,9.461e+0,6.854e-7
524.72,3.674e+2,,7.856e-16,7.678e-21,3.563e+2,,5.517e-6,8.614e-1,1.020e+1,5.993e-7
524.77,3.782e+2,,7.894e-16,7.690e-21,3.668e+2,,5.527e-6,5.075e-1,1.088e+1,5.148e-7
524.82,3.862e+2,,7.932e-16,7.702e-21,3.744e+2,,5.437e-6,2.953e-1,1.147e+1,4.344e-7
524.87,3.919e+2,,7.970e-16,7.715e-21,3.798e+2,,5.253e-6,1.720e-1,1.198e+1,3.600e-7
524.92,3.963e+2,,8.008e-16,7.727e-21,3.838e+2,,4.983e-6,1.044e-1,1.239e+1,2.930e-7
524.97,4.004e+2,,8.046e-16,7.739e-21,3.876e+2,,4.643e-6,7.327e-2,1.271e+1,2.342e-7
525.02,4.053e+2,,8.084e-16,7.751e-21,3.923e+2,,4.247e-6,6.895e-2,1.295e+1,1.838e-7
525.06,4.106e+2,,8.114e-16,7.761e-21,3.975e+2,,3.904e-6,8.330e-2,1.311e+1,1.495e-7
525.11,4.199e+2,,8.152e-16,7.773e-21,4.065e+2,,3.457e-6,1.272e-1,1.328e+1,1.136e-7
525.16,4.328e+2,,8.190e-16,7.786e-21,4.191e+2,,3.006e-6,2.109e-1,1.346e+1,8.473e-8
525.21,4.499e+2,,8.228e-16,7.798e-21,4.358e+2,,2.567e-6,3.552e-1,1.369e+1,6.208e-8
525.26,4.715e+2,,8.266e-16,7.810e-21,4.569e+2,,2.152e-6,5.939e-1,1.401e+1,4.466e-8
525.31,4.978e+2,,8.304e-16,7.822e-21,4.823e+2,,1.772e-6,9.785e-1,1.446e+1,3.155e-8
525.36,5.284e+2,,8.342e-16,7.834e-21,5.117e+2,,1.433e-6,1.586e+0,1.508e+1,2.189e-8
525.41,5.627e+2,,8.380e-16,7.847e-21,5.443e+2,,1.138e-6,2.526e+0,1.590e+1,1.491e-8
525.46,6.003e+2,,8.418e-16,7.859e-21,5.794e+2,,8.872e-7,3.955e+0,1.692e+1,9.978e-9
525.50,6.321e+2,,8.448e-16,7.869e-21,6.086e+2,,7.177e-7,5.592e+0,1.790e+1,7.140e-9
525.55,6.733e+2,,8.486e-16,7.881e-21,6.455e+2,,5.416e-7,8.487e+0,1.929e+1,4.623e-9
525.60,7.154e+2,,8.524e-16,7.893e-21,6.818e+2,,4.014e-7,1.266e+1,2.086e+1,2.940e-9
525.65,7.575e+2,,8.562e-16,7.905e-21,7.164e+2,,2.921e-7,1.857e+1,2.254e+1,1.837e-9
525.70,7.991e+2,,8.600e-16,7.918e-21,7.480e+2,,2.088e-7,2.678e+1,2.428e+1,1.128e-9
525.75,8.396e+2,,8.638e-16,7.930e-21,7.756e+2,,1.466e-7,3.797e+1,2.600e+1,6.834e-10
525.80,8.788e+2,,8.676e-16,7.942e-21,7.982e+2,,1.011e-7,5.295e+1,2.761e+1,4.111e-10
525.85,9.165e+2,,8.714e-16,7.954e-21,8.149e+2,,6.853e-8,7.260e+1,2.903e+1,2.510e-10
525.89,9.458e+2,,8.744e-16,7.964e-21,8.235e+2,,4.969e-8,9.235e+1,2.997e+1,1.771e-10
525.94,9.816e+2,,8.782e-16,7.976e-21,8.278e+2,,3.298e-8,1.229e+2,3.085e+1,1.318e-10
525.99,1.017e+3,,8.820e-16,7.988e-21,8.246e+2,,2.205e-8,1.610e+2,3.135e+1,1.266e-10
526.04,1.053e+3,,8.858e-16,8.001e-21,8.137e+2,,1.553e-8,2.074e+2,3.141e+1,1.572e-10
526.09,1.089e+3,,8.896e-16,8.013e-21,7.952e+2,,1.262e-8,2.631e+2,3.104e+1,2.273e-10
526.14,1.128e+3,,8.934e-16,8.025e-21,7.693e+2,,1.318e-8,3.283e+2,3.025e+1,3.481e-10
526.19,1.169e+3,,8.972e-16,8.037e-21,7.365e+2,,1.780e-8,4.033e+2,2.905e+1,5.398e-10
526.24,1.213e+3,,9.010e-16,8.050e-21,6.976e+2,,2.803e-8,4.878e+2,2.750e+1,8.326e-10
526.28,1.251e+3,,9.041e-16,8.059e-21,6.628e+2,,4.216e-8,5.617e+2,2.606e+1,1.168e-9
526.33,1.300e+3,,9.079e-16,8.072e-21,6.153e+2,,7.109e-8,6.607e+2,2.406e+1,1.763e-9
526.38,1.352e+3,,9.117e-16,8.084e-21,5.648e+2,,1.191e-7,7.655e+2,2.192e+1,2.626e-9
526.43,1.406e+3,,9.155e-16,8.096e-21,5.122e+2,,1.969e-7,8.736e+2,1.971e+1,3.856e-9
526.48,1.459e+3,,9.193e-16,8.108e-21,4.590e+2,,3.201e-7,9.820e+2,1.751e+1,5.583e-9
526.53,1.509e+3,,9.231e-16,8.120e-21,4.062e+2,,5.114e-7,1.088e+3,1.538e+1,7.974e-9
526.58,1.555e+3,,9.269e-16,8.133e-21,3.550e+2,,8.026e-7,1.187e+3,1.337e+1,1.123e-8
526.63,1.594e+3,,9.307e-16,8.145e-21,3.062e+2,,1.237e-6,1.276e+3,1.151e+1,1.559e-8
526.68,1.622e+3,,9.345e-16,8.157e-21,2.607e+2,,1.873e-6,1.352e+3,9.839e+0,2.135e-8
526.72,1.637e+3,,9.375e-16,8.167e-21,2.270e+2,,2.577e-6,1.401e+3,8.636e+0,2.717e-8
526.77,1.641e+3,,9.413e-16,8.179e-21,1.885e+2,,3.777e-6,1.446e+3,7.305e+0,3.626e-8
526.82,1.630e+3,,9.451e-16,8.191e-21,1.545e+2,,5.438e-6,1.470e+3,6.160e+0,4.770e-8
526.87,1.602e+3,,9.489e-16,8.204e-21,1.248e+2,,7.691e-6,1.472e+3,5.186e+0,6.186e-8
526.92,1.557e+3,,9.527e-16,8.216e-21,9.947e+1,,1.068e-5,1.454e+3,4.367e+0,7.906e-8
526.97,1.496e+3,,9.565e-16,8.228e-21,7.826e+1,,1.458e-5,1.414e+3,3.682e+0,9.959e-8
527.02,1.419e+3,,9.603e-16,8.240e-21,6.089e+1,,1.953e-5,1.355e+3,3.111e+0,1.236e-7
527.07,1.329e+3,,9.641e-16,8.252e-21,4.701e+1,,2.571e-5,1.279e+3,2.634e+0,1.513e-7
527.11,1.249e+3,,9.671e-16,8.262e-21,3.819e+1,,3.162e-5,1.209e+3,2.309e+0,1.759e-7
527.16,1.142e+3,,9.709e-16,8.274e-21,2.973e+1,,4.030e-5,1.111e+3,1.960e+0,2.097e-7
527.21,1.031e+3,,9.747e-16,8.287e-21,2.381e+1,,5.045e-5,1.006e+3,1.663e+0,2.465e-7
527.26,9.192e+2,,9.785e-16,8.299e-21,2.017e+1,,6.203e-5,8.976e+2,1.408e+0,2.857e-7
527.31,8.096e+2,,9.823e-16,8.311e-21,1.861e+1,,7.491e-5,7.898e+2,1.188e+0,3.267e-7
527.36,7.057e+2,,9.861e-16,8.323e-21,1.897e+1,,8.885e-5,6.857e+2,9.962e-1,3.686e-7
527.41,6.104e+2,,9.899e-16,8.336e-21,2.118e+1,,1.035e-4,5.884e+2,8.289e-1,4.106e-7
527.46,5.259e+2,,9.937e-16,8.348e-21,2.520e+1,,1.185e-4,5.000e+2,6.833e-1,4.520e-7
527.51,4.541e+2,,9.975e-16,8.360e-21,3.101e+1,,1.331e-4,4.225e+2,5.572e-1,4.918e-7
527.55,4.066e+2,,1.001e-15,8.370e-21,3.696e+1,,1.443e-4,3.691e+2,4.693e-1,5.221e-7
527.60,3.601e+2,,1.004e-15,8.382e-21,4.600e+1,,1.571e-4,3.137e+2,3.745e-1,5.577e-7
527.65,3.281e+2,,1.008e-15,8.394e-21,5.677e+1,,1.679e-4,2.710e+2,2.953e-1,5.901e-7
527.70,3.102e+2,,1.012e-15,8.406e-21,6.916e+1,,1.763e-4,2.408e+2,2.303e-1,6.193e-7
527.75,3.054e+2,,1.016e-15,8.419e-21,8.297e+1,,1.818e-4,2.223e+2,1.784e-1,6.448e-7
527.80,3.125e+2,,1.020e-15,8.431e-21,9.789e+1,,1.841e-4,2.145e+2,1.385e-1,6.667e-7
527.85,3.297e+2,,1.023e-15,8.443e-21,1.135e+2,,1.832e-4,2.161e+2,1.098e-1,6.848e-7
527.90,3.551e+2,,1.027e-15,8.455e-21,1.293e+2,,1.790e-4,2.256e+2,9.177e-2,6.989e-7
527.94,3.796e+2,,1.030e-15,8.465e-21,1.417e+2,,1.734e-4,2.378e+2,8.490e-2,7.070e-7
527.99,4.137e+2,,1.034e-15,8.477e-21,1.564e+2,,1.641e-4,2.572e+2,8.621e-2,7.131e-7
528.04,4.492e+2,,1.038e-15,8.490e-21,1.695e+2,,1.525e-4,2.796e+2,9.957e-2,7.142e-7
528.09,4.836e+2,,1.042e-15,8.502e-21,1.805e+2,,1.392e-4,3.030e+2,1.269e-1,7.099e-7
528.14,5.146e+2,,1.045e-15,8.514e-21,1.888e+2,,1.248e-4,3.256e+2,1.711e-1,6.998e-7
528.19,5.400e+2,,1.049e-15,8.526e-21,1.939e+2,,1.099e-4,3.458e+2,2.359e-1,6.834e-7
528.24,5.581e+2,,1.053e-15,8.538e-21,1.957e+2,,9.504e-5,3.621e+2,3.258e-1,6.608e-7
528.29,5.676e+2,,1.057e-15,8.551e-21,1.939e+2,,8.073e-5,3.733e+2,4.464e-1,6.319e-7
528.33,5.686e+2,,1.060e-15,8.560e-21,1.901e+2,,6.995e-5,3.780e+2,5.689e-1,6.045e-7
528.38,5.612e+2,,1.064e-15,8.573e-21,1.824e+2,,5.754e-5,3.781e+2,7.595e-1,5.655e-7
528.43,5.446e+2,,1.067e-15,8.585e-21,1.719e+2,,4.648e-5,3.717e+2,9.972e-1,5.221e-7
528.48,5.195e+2,,1.071e-15,8.597e-21,1.592e+2,,3.689e-5,3.590e+2,1.287e+0,4.754e-7
528.53,4.871e+2,,1.075e-15,8.609e-21,1.447e+2,,2.875e-5,3.408e+2,1.631e+0,4.268e-7
528.58,4.490e+2,,1.079e-15,8.622e-21,1.293e+2,,2.201e-5,3.177e+2,2.032e+0,3.775e-7
528.63,4.069e+2,,1.083e-15,8.634e-21,1.134e+2,,1.655e-5,2.910e+2,2.486e+0,3.289e-7
528.68,3.625e+2,,1.086e-15,8.646e-21,9.776e+1,,1.222e-5,2.618e+2,2.988e+0,2.823e-7
528.73,3.176e+2,,1.090e-15,8.658e-21,8.276e+1,,8.866e-6,2.313e+2,3.527e+0,2.387e-7
528.77,2.823e+2,,1.093e-15,8.668e-21,7.150e+1,,6.770e-6,2.069e+2,3.977e+0,2.067e-7
528.82,2.402e+2,,1.097e-15,8.680e-21,5.860e+1,,4.755e-6,1.770e+2,4.547e+0,1.706e-7
528.87,2.011e+2,,1.101e-15,8.692e-21,4.718e+1,,3.280e-6,1.488e+2,5.107e+0,1.394e-7
528.92,1.658e+2,,1.105e-15,8.705e-21,3.731e+1,,2.223e-6,1.228e+2,5.634e+0,1.134e-7
528.97,1.347e+2,,1.108e-15,8.717e-21,2.898e+1,,1.479e-6,9.961e+1,6.105e+0,9.256e-8
529.02,1.080e+2,,1.112e-15,8.729e-21,2.211e+1,,9.671e-7,7.934e+1,6.499e+0,7.689e-8
529.07,8.544e+1,,1.116e-15,8.741e-21,1.657e+1,,6.210e-7,6.208e+1,6.796e+0,6.630e-8
529.12,6.689e+1,,1.120e-15,8.754e-21,1.220e+1,,3.916e-7,4.771e+1,6.981e+0,6.065e-8
529.16,5.462e+1,,1.123e-15,8.763e-21,9.422e+0,,2.674e-7,3.815e+1,7.041e+0,5.961e-8
529.21,4.211e+1,,1.127e-15,8.776e-21,6.715e+0,,1.633e-7,2.839e+1,7.004e+0,6.259e-8
529.26,3.230e+1,,1.130e-15,8.788e-21,4.701e+0,,9.791e-8,2.075e+1,6.845e+0,7.028e-8
529.31,2.470e+1,,1.134e-15,8.800e-21,3.233e+0,,5.768e-8,1.490e+1,6.571e+0,8.265e-8
529.36,1.889e+1,,1.138e-15,8.812e-21,2.183e+0,,3.337e-8,1.051e+1,6.198e+0,9.970e-8
529.41,1.447e+1,,1.142e-15,8.824e-21,1.449e+0,,1.897e-8,7.278e+0,5.745e+0,1.214e-7
529.46,1.113e+1,,1.146e-15,8.837e-21,9.439e-1,,1.059e-8,4.952e+0,5.233e+0,1.475e-7
529.51,8.601e+0,,1.149e-15,8.849e-21,6.042e-1,,5.805e-9,3.310e+0,4.687e+0,1.779e-7
529.55,7.026e+0,,1.152e-15,8.859e-21,4.174e-1,,3.543e-9,2.367e+0,4.242e+0,2.051e-7
529.60,5.482e+0,,1.156e-15,8.871e-21,2.587e-1,,1.881e-9,1.532e+0,3.692e+0,2.420e-7
529.65,4.300e+0,,1.160e-15,8.883e-21,1.575e-1,,9.808e-10,9.735e-1,3.169e+0,2.817e-7
529.70,3.391e+0,,1.164e-15,8.895e-21,9.415e-2,,5.023e-10,6.078e-1,2.689e+0,3.230e-7
529.75,2.692e+0,,1.168e-15,8.908e-21,5.530e-2,,2.527e-10,3.728e-1,2.264e+0,3.649e-7
529.80,2.160e+0,,1.171e-15,8.920e-21,3.190e-2,,1.248e-10,2.245e-1,1.904e+0,4.060e-7
529.85,1.763e+0,,1.175e-15,8.932e-21,1.808e-2,,6.059e-11,1.329e-1,1.612e+0,4.449e-7
529.90,1.478e+0,,1.179e-15,8.944e-21,1.006e-2,,2.888e-11,7.722e-2,1.391e+0,4.802e-7
529.95,1.288e+0,,1.183e-15,8.956e-21,5.500e-3,,1.352e-11,4.408e-2,1.238e+0,5.105e-7
529.99,1.194e+0,,1.186e-15,8.966e-21,3.349e-3,,7.274e-12,2.779e-2,1.163e+0,5.303e-7
530.04,1.140e+0,,1.190e-15,8.978e-21,1.773e-3,,3.297e-12,1.536e-2,1.123e+0,5.486e-7
530.09,1.145e+0,,1.193e-15,8.991e-21,9.219e-4,,1.468e-12,8.345e-3,1.136e+0,5.591e-7
530.14,1.199e+0,,1.197e-15,9.003e-21,4.708e-4,,6.420e-13,4.459e-3,1.194e+0,5.612e-7
530.19,1.291e+0,,1.201e-15,9.015e-21,2.362e-4,,2.758e-13,2.354e-3,1.288e+0,5.549e-7
530.24,1.411e+0,,1.205e-15,9.027e-21,1.164e-4,,1.164e-13,1.252e-3,1.409e+0,5.405e-7
530.29,1.548e+0,,1.209e-15,9.040e-21,5.632e-5,,4.822e-14,7.203e-4,1.547e+0,5.188e-7
530.34,1.693e+0,,1.212e-15,9.052e-21,2.677e-5,,1.963e-14,5.412e-4,1.693e+0,4.906e-7
530.38,1.809e+0,,1.216e-15,9.062e-21,1.458e-5,,9.439e-15,5.997e-4,1.809e+0,4.642e-7
530.43,1.946e+0,,1.219e-15,9.074e-21,6.711e-6,,3.720e-15,9.572e-4,1.945e+0,4.276e-7
530.48,2.069e+0,,1.223e-15,9.086e-21,3.034e-6,,1.440e-15,1.790e-3,2.067e+0,3.884e-7
530.53,2.173e+0,,1.227e-15,9.098e-21,1.347e-6,,5.475e-16,3.461e-3,2.169e+0,3.479e-7
530.58,2.255e+0,,1.231e-15,9.110e-21,5.877e-7,,2.045e-16,6.658e-3,2.248e+0,3.075e-7
530.63,2.317e+0,,1.235e-15,9.123e-21,2.518e-7,,7.499e-17,1.262e-2,2.305e+0,2.684e-7
530.68,2.364e+0,,1.238e-15,9.135e-21,1.060e-7,,2.702e-17,2.353e-2,2.341e+0,2.315e-7
530.73,2.405e+0,,1.242e-15,9.147e-21,4.381e-8,,9.561e-18,4.310e-2,2.362e+0,1.976e-7
530.78,2.454e+0,,1.246e-15,9.159e-21,1.779e-8,,3.323e-18,7.757e-2,2.376e+0,1.671e-7
530.82,2.511e+0,,1.249e-15,9.169e-21,8.538e-9,,1.409e-18,1.226e-1,2.388e+0,1.453e-7
530.87,2.628e+0,,1.253e-15,9.181e-21,3.357e-9,,4.740e-19,2.138e-1,2.415e+0,1.213e-7
530.92,2.829e+0,,1.257e-15,9.194e-21,1.296e-9,,1.567e-19,3.663e-1,2.462e+0,1.009e-7
530.97,3.159e+0,,1.260e-15,9.206e-21,4.917e-10,,2.552e-21,6.168e-1,2.542e+0,8.381e-8
531.02,3.683e+0,,1.264e-15,9.218e-21,1.832e-10,,2.547e-21,1.020e+0,2.663e+0,6.961e-8
531.07,4.489e+0,,1.268e-15,9.230e-21,6.704e-11,,2.543e-21,1.659e+0,2.830e+0,5.794e-8
531.12,5.696e+0,,1.272e-15,9.242e-21,2.410e-11,,2.539e-21,2.650e+0,3.046e+0,4.840e-8
531.17,7.470e+0,,1.276e-15,9.255e-21,8.508e-12,,2.535e-21,4.160e+0,3.310e+0,4.061e-8
531.21,9.444e+0,,1.279e-15,9.264e-21,3.652e-12,,2.531e-21,5.892e+0,3.552e+0,3.540e-8
531.26,1.285e+1,,1.282e-15,9.277e-21,1.248e-12,,2.527e-21,8.963e+0,3.884e+0,2.992e-8
531.31,1.763e+1,,1.286e-15,9.289e-21,4.192e-13,,2.523e-21,1.340e+1,4.236e+0,2.537e-8
531.36,2.428e+1,,1.290e-15,9.301e-21,1.383e-13,,2.519e-21,1.968e+1,4.593e+0,2.156e-8
531.41,3.335e+1,,1.294e-15,9.313e-21,1.408e-13,,2.514e-21,2.842e+1,4.935e+0,1.837e-8
531.46,4.557e+1,,1.298e-15,9.325e-21,1.433e-13,,2.510e-21,4.033e+1,5.245e+0,1.569e-8
531.51,6.174e+1,,1.301e-15,9.338e-21,1.458e-13,,2.506e-21,5.624e+1,5.503e+0,1.347e-8
531.56,8.279e+1,,1.305e-15,9.350e-21,1.484e-13,,2.501e-21,7.709e+1,5.694e+0,1.166e-8
531.60,1.038e+2,,1.308e-15,9.360e-21,1.504e-13,,2.498e-21,9.800e+1,5.789e+0,1.049e-8
531.65,1.361e+2,,1.312e-15,9.372e-21,1.529e-13,,2.494e-21,1.302e+2,5.829e+0,9.347e-9
531.70,1.759e+2,,1.316e-15,9.384e-21,1.554e-13,,2.490e-21,1.702e+2,5.777e+0,8.545e-9
531.75,2.242e+2,,1.320e-15,9.396e-21,1.580e-13,,2.485e-21,2.186e+2,5.633e+0,8.051e-9
531.80,2.815e+2,,1.323e-15,9.409e-21,1.605e-13,,2.481e-21,2.761e+2,5.404e+0,7.833e-9
531.85,3.479e+2,,1.327e-15,9.421e-21,1.630e-13,,2.477e-21,3.428e+2,5.099e+0,7.850e-9
531.90,4.234e+2,,1.331e-15,9.433e-21,1.655e-13,,2.473e-21,4.187e+2,4.732e+0,8.056e-9
531.95,5.072e+2,,1.335e-15,9.445e-21,5.034e-13,,2.468e-21,5.029e+2,4.319e+0,8.403e-9
532.00,5.980e+2,,1.339e-15,9.457e-21,1.505e-12,,2.464e-21,5.942e+2,3.877e+0,8.839e-9
532.04,6.745e+2,,1.342e-15,9.467e-21,3.568e-12,,2.461e-21,6.710e+2,3.513e+0,9.218e-9
532.09,7.729e+2,,1.345e-15,9.479e-21,1.033e-11,,2.456e-21,7.699e+2,3.060e+0,9.691e-9
532.14,8.719e+2,,1.349e-15,9.492e-21,2.941e-11,,2.452e-21,8.692e+2,2.622e+0,1.012e-8
532.19,9.682e+2,,1.353e-15,9.504e-21,8.225e-11,,2.448e-21,9.659e+2,2.209e+0,1.048e-8
532.24,1.059e+3,,1.357e-15,9.516e-21,2.261e-10,,2.444e-21,1.057e+3,1.830e+0,1.074e-8
532.29,1.140e+3,,1.361e-15,9.528e-21,6.106e-10,,2.439e-21,1.138e+3,1.491e+0,1.088e-8
532.34,1.209e+3,,1.364e-15,9.541e-21,1.621e-9,,2.435e-21,1.207e+3,1.195e+0,1.091e-8
532.39,1.262e+3,,1.368e-15,9.553e-21,4.227e-9,,2.431e-21,1.262e+3,9.428e-1,1.083e-8
532.43,1.294e+3,,1.371e-15,9.563e-21,8.987e-9,,2.427e-21,1.293e+3,7.709e-1,1.069e-8
532.48,1.316e+3,,1.375e-15,9.575e-21,2.271e-8,,2.423e-21,1.315e+3,5.915e-1,1.046e-8
532.53,1.320e+3,,1.379e-15,9.587e-21,5.642e-8,,2.419e-21,1.319e+3,4.479e-1,1.016e-8
532.58,1.305e+3,,1.383e-15,9.599e-21,1.377e-7,,2.415e-21,1.305e+3,3.361e-1,9.844e-9
532.63,1.272e+3,,1.386e-15,9.611e-21,3.303e-7,,2.410e-21,1.272e+3,2.522e-1,9.516e-9
532.68,1.224e+3,,1.390e-15,9.624e-21,7.784e-7,,2.406e-21,1.223e+3,1.925e-1,9.199e-9
532.73,1.161e+3,,1.394e-15,9.636e-21,1.803e-6,,2.402e-21,1.161e+3,1.540e-1,8.905e-9
532.78,1.087e+3,,1.398e-15,9.648e-21,4.104e-6,,2.398e-21,1.087e+3,1.349e-1,8.639e-9
532.83,1.004e+3,,1.402e-15,9.660e-21,9.178e-6,,2.393e-21,1.004e+3,1.341e-1,8.398e-9
532.87,9.333e+2,,1.405e-15,9.670e-21,1.726e-5,,2.390e-21,9.332e+2,1.469e-1,8.219e-9
532.92,8.420e+2,,1.408e-15,9.682e-21,3.741e-5,,2.386e-21,8.418e+2,1.808e-1,8.003e-9
532.97,7.497e+2,,1.412e-15,9.695e-21,7.967e-5,,2.382e-21,7.495e+2,2.370e-1,7.780e-9
533.02,6.589e+2,,1.416e-15,9.707e-21,1.668e-4,,2.377e-21,6.586e+2,3.189e-1,7.537e-9
533.07,5.715e+2,,1.420e-15,9.719e-21,3.430e-4,,2.373e-21,5.711e+2,4.310e-1,7.261e-9
533.12,4.893e+2,,1.424e-15,9.731e-21,6.933e-4,,2.369e-21,4.887e+2,5.786e-1,6.941e-9
533.17,4.134e+2,,1.427e-15,9.743e-21,1.377e-3,,2.364e-21,4.126e+2,7.668e-1,6.572e-9
533.22,3.447e+2,,1.431e-15,9.756e-21,2.688e-3,,2.360e-21,3.437e+2,1.001e+0,6.153e-9
533.26,2.952e+2,,1.434e-15,9.765e-21,4.532e-3,,2.357e-21,2.940e+2,1.224e+0,5.785e-9
533.31,2.404e+2,,1.438e-15,9.778e-21,8.572e-3,,2.353e-21,2.388e+2,1.550e+0,5.291e-9
533.36,1.933e+2,,1.442e-15,9.790e-21,1.593e-2,,2.348e-21,1.913e+2,1.930e+0,4.771e-9
533.41,1.535e+2,,1.446e-15,9.802e-21,2.910e-2,,2.344e-21,1.511e+2,2.361e+0,4.237e-9
533.46,1.204e+2,,1.449e-15,9.814e-21,5.224e-2,,2.340e-21,1.176e+2,2.838e+0,3.704e-9
533.51,9.357e+1,,1.453e-15,9.827e-21,9.214e-2,,2.336e-21,9.013e+1,3.353e+0,3.186e-9
533.56,7.212e+1,,1.457e-15,9.839e-21,1.597e-1,,2.331e-21,6.807e+1,3.891e+0,2.696e-9
533.61,5.534e+1,,1.461e-15,9.851e-21,2.720e-1,,2.327e-21,5.063e+1,4.438e+0,2.243e-9
533.65,4.479e+1,,1.464e-15,9.861e-21,4.114e-1,,2.324e-21,3.951e+1,4.869e+0,1.913e-9
533.70,3.464e+1,,1.468e-15,9.873e-21,6.790e-1,,2.319e-21,2.858e+1,5.381e+0,1.544e-9
533.75,2.729e+1,,1.472e-15,9.885e-21,1.101e+0,,2.315e-21,2.035e+1,5.843e+0,1.224e-9
533.80,2.224e+1,,1.475e-15,9.897e-21,1.756e+0,,2.311e-21,1.425e+1,6.235e+0,9.545e-10
533.85,1.911e+1,,1.479e-15,9.910e-21,2.750e+0,,2.307e-21,9.825e+0,6.537e+0,7.313e-10
533.90,1.763e+1,,1.483e-15,9.922e-21,4.233e+0,,2.302e-21,6.663e+0,6.735e+0,5.506e-10
533.95,1.767e+1,,1.487e-15,9.934e-21,6.403e+0,,2.298e-21,4.445e+0,6.818e+0,4.074e-10
534.00,1.922e+1,,1.490e-15,9.946e-21,9.517e+0,,2.294e-21,2.916e+0,6.783e+0,2.962e-10
534.05,2.241e+1,,1.494e-15,9.959e-21,1.390e+1,,2.290e-21,1.882e+0,6.630e+0,2.116e-10
534.09,2.633e+1,,1.497e-15,9.968e-21,1.859e+1,,2.286e-21,1.309e+0,6.428e+0,1.597e-10
534.14,3.322e+1,,1.501e-15,9.981e-21,2.631e+1,,2.282e-21,8.196e-1,6.088e+0,1.105e-10
534.19,4.277e+1,,1.505e-15,9.993e-21,3.660e+1,,2.278e-21,5.044e-1,5.666e+0,7.517e-11
534.24,5.552e+1,,1.509e-15,1.001e-20,5.003e+1,,2.273e-21,3.052e-1,5.181e+0,5.024e-11
534.29,7.204e+1,,1.513e-15,1.002e-20,6.721e+1,,2.269e-21,1.815e-1,4.655e+0,3.299e-11
534.34,9.293e+1,,1.516e-15,1.003e-20,8.871e+1,,2.265e-21,1.062e-1,4.110e+0,2.129e-11
534.39,1.187e+2,,1.520e-15,1.004e-20,1.151e+2,,2.261e-21,6.112e-2,3.566e+0,1.351e-11
534.44,1.498e+2,,1.524e-15,1.005e-20,1.467e+2,,2.256e-21,3.474e-2,3.040e+0,8.433e-12
534.48,1.786e+2,,1.527e-15,1.006e-20,1.759e+2,,2.253e-21,2.206e-2,2.642e+0,5.730e-12
534.53,2.195e+2,,1.531e-15,1.008e-20,2.173e+2,,2.249e-21,1.284e-2,2.182e+0,3.518e-12
534.58,2.655e+2,,1.535e-15,1.009e-20,2.638e+2,,2.244e-21,8.411e-3,1.771e+0,2.198e-12
534.63,3.160e+2,,1.538e-15,1.010e-20,3.146e+2,,2.240e-21,7.352e-3,1.413e+0,1.487e-12
534.68,3.699e+2,,1.542e-15,1.011e-20,3.688e+2,,2.236e-21,9.340e-3,1.107e+0,1.224e-12
534.73,4.257e+2,,1.546e-15,1.012e-20,4.248e+2,,2.232e-21,1.509e-2,8.531e-1,1.350e-12
534.78,4.816e+2,,1.550e-15,1.014e-20,4.809e+2,,2.227e-21,2.652e-2,6.460e-1,1.901e-12
534.83,5.355e+2,,1.554e-15,1.015e-20,5.350e+2,,2.223e-21,4.732e-2,4.812e-1,3.013e-12
534.87,5.757e+2,,1.557e-15,1.016e-20,5.753e+2,,2.220e-21,7.480e-2,3.760e-1,4.477e-12
534.92,6.205e+2,,1.560e-15,1.017e-20,6.201e+2,,2.216e-21,1.309e-1,2.731e-1,7.366e-12
534.97,6.574e+2,,1.564e-15,1.018e-20,6.569e+2,,2.211e-21,2.256e-1,1.968e-1,1.200e-11
535.02,6.844e+2,,1.568e-15,1.020e-20,6.838e+2,,2.207e-21,3.823e-1,1.424e-1,1.925e-11
535.07,7.003e+2,,1.572e-15,1.021e-20,6.995e+2,,2.203e-21,6.372e-1,1.057e-1,3.038e-11
535.12,7.044e+2,,1.576e-15,1.022e-20,7.032e+2,,2.199e-21,1.045e+0,8.377e-2,4.713e-11
535.17,6.964e+2,,1.579e-15,1.023e-20,6.947e+2,,2.194e-21,1.685e+0,7.431e-2,7.188e-11
535.22,6.771e+2,,1.583e-15,1.024e-20,6.744e+2,,2.190e-21,2.674e+0,7.606e-2,1.078e-10
535.27,6.476e+2,,1.587e-15,1.026e-20,6.433e+2,,2.186e-21,4.174e+0,8.861e-2,1.588e-10
535.31,6.178e+2,,1.590e-15,1.027e-20,6.118e+2,,2.182e-21,5.892e+0,1.066e-1,2.139e-10
535.36,5.746e+2,,1.594e-15,1.028e-20,5.655e+2,,2.178e-21,8.934e+0,1.400e-1,3.057e-10
535.41,5.273e+2,,1.598e-15,1.029e-20,5.137e+2,,2.174e-21,1.333e+1,1.868e-1,4.294e-10
535.46,4.784e+2,,1.601e-15,1.030e-20,4.586e+2,,2.170e-21,1.958e+1,2.490e-1,5.930e-10
535.51,4.310e+2,,1.605e-15,1.032e-20,4.023e+2,,2.165e-21,2.832e+1,3.287e-1,8.051e-10
535.56,3.876e+2,,1.609e-15,1.033e-20,3.468e+2,,2.161e-21,4.032e+1,4.282e-1,1.075e-9
535.61,3.509e+2,,1.613e-15,1.034e-20,2.938e+2,,2.157e-21,5.651e+1,5.493e-1,1.411e-9
535.66,3.233e+2,,1.617e-15,1.035e-20,2.446e+2,,2.153e-21,7.802e+1,6.935e-1,1.821e-9
535.70,3.093e+2,,1.620e-15,1.036e-20,2.086e+2,,2.149e-21,9.989e+1,8.260e-1,2.207e-9
535.75,3.035e+2,,1.623e-15,1.037e-20,1.683e+2,,2.145e-21,1.342e+2,1.013e+0,2.764e-9
535.80,3.123e+2,,1.627e-15,1.039e-20,1.334e+2,,2.141e-21,1.777e+2,1.222e+0,3.406e-9
535.85,3.373e+2,,1.631e-15,1.040e-20,1.039e+2,,2.136e-21,2.319e+2,1.451e+0,4.129e-9
535.90,3.796e+2,,1.635e-15,1.041e-20,7.955e+1,,2.132e-21,2.983e+2,1.696e+0,4.925e-9
535.95,4.401e+2,,1.639e-15,1.042e-20,5.985e+1,,2.128e-21,3.783e+2,1.950e+0,5.782e-9
536.00,5.195e+2,,1.642e-15,1.044e-20,4.424e+1,,2.124e-21,4.731e+2,2.207e+0,6.680e-9
536.05,6.182e+2,,1.646e-15,1.045e-20,3.214e+1,,2.119e-21,5.836e+2,2.460e+0,7.600e-9
536.10,7.358e+2,,1.650e-15,1.046e-20,2.295e+1,,2.115e-21,7.101e+2,2.699e+0,8.514e-9
536.14,8.431e+2,,1.653e-15,1.047e-20,1.730e+1,,2.112e-21,8.229e+2,2.876e+0,9.224e-9
536.19,9.928e+2,,1.657e-15,1.048e-20,1.197e+1,,2.107e-21,9.778e+2,3.070e+0,1.006e-8
536.24,1.158e+3,,1.661e-15,1.049e-20,8.139e+0,,2.103e-21,1.147e+3,3.228e+0,1.082e-8
536.29,1.337e+3,,1.664e-15,1.051e-20,5.437e+0,,2.099e-21,1.328e+3,3.344e+0,1.147e-8
536.34,1.525e+3,,1.668e-15,1.052e-20,3.570e+0,,2.095e-21,1.518e+3,3.413e+0,1.200e-8
536.39,1.720e+3,,1.672e-15,1.053e-20,2.303e+0,,2.090e-21,1.714e+3,3.434e+0,1.240e-8
536.44,1.916e+3,,1.676e-15,1.054e-20,1.460e+0,,2.086e-21,1.911e+3,3.404e+0,1.265e-8
536.49,2.109e+3,,1.680e-15,1.056e-20,9.095e-1,,2.082e-21,2.104e+3,3.327e+0,1.277e-8
536.53,2.257e+3,,1.683e-15,1.056e-20,6.151e-1,,2.079e-21,2.253e+3,3.233e+0,1.276e-8
536.58,2.430e+3,,1.686e-15,1.058e-20,3.713e-1,,2.074e-21,2.427e+3,3.080e+0,1.264e-8
536.63,2.585e+3,,1.690e-15,1.059e-20,2.203e-1,,2.070e-21,2.582e+3,2.893e+0,1.241e-8
536.68,2.716e+3,,1.694e-15,1.060e-20,1.284e-1,,2.066e-21,2.713e+3,2.679e+0,1.210e-8
536.73,2.818e+3,,1.698e-15,1.061e-20,7.358e-2,,2.062e-21,2.816e+3,2.447e+0,1.174e-8
536.78,2.889e+3,,1.702e-15,1.063e-20,4.143e-2,,2.057e-21,2.886e+3,2.203e+0,1.134e-8
536.83,2.923e+3,,1.705e-15,1.064e-20,2.292e-2,,2.053e-21,2.921e+3,1.957e+0,1.094e-8
536.88,2.921e+3,,1.709e-15,1.065e-20,1.246e-2,,2.049e-21,2.920e+3,1.714e+0,1.057e-8
536.92,2.893e+3,,1.712e-15,1.066e-20,7.557e-3,,2.045e-21,2.891e+3,1.526e+0,1.030e-8
536.97,2.825e+3,,1.716e-15,1.067e-20,3.981e-3,,2.041e-21,2.823e+3,1.303e+0,1.001e-8
537.02,2.723e+3,,1.720e-15,1.068e-20,2.061e-3,,2.037e-21,2.722e+3,1.097e+0,9.802e-9
537.07,2.591e+3,,1.724e-15,1.070e-20,1.049e-3,,2.033e-21,2.590e+3,9.105e-1,9.668e-9
537.12,2.433e+3,,1.727e-15,1.071e-20,5.243e-4,,2.028e-21,2.433e+3,7.453e-1,9.610e-9
537.17,2.257e+3,,1.731e-15,1.072e-20,2.576e-4,,2.024e-21,2.256e+3,6.017e-1,9.622e-9
537.22,2.068e+3,,1.735e-15,1.073e-20,1.244e-4,,2.020e-21,2.068e+3,4.796e-1,9.689e-9
537.27,1.874e+3,,1.739e-15,1.075e-20,5.900e-5,,2.016e-21,1.873e+3,3.779e-1,9.790e-9
537.32,1.681e+3,,1.743e-15,1.076e-20,2.751e-5,,2.011e-21,1.680e+3,2.955e-1,9.901e-9
537.36,1.532e+3,,1.746e-15,1.077e-20,1.475e-5,,2.008e-21,1.532e+3,2.425e-1,9.978e-9
537.41,1.359e+3,,1.750e-15,1.078e-20,6.665e-6,,2.004e-21,1.359e+3,1.914e-1,1.004e-8
537.46,1.206e+3,,1.753e-15,1.079e-20,2.959e-6,,1.999e-21,1.206e+3,1.561e-1,1.004e-8
537.51,1.077e+3,,1.757e-15,1.080e-20,1.291e-6,,1.995e-21,1.076e+3,1.358e-1,9.947e-9
537.56,9.756e+2,,1.761e-15,1.082e-20,5.536e-7,,1.991e-21,9.754e+2,1.306e-1,9.758e-9
537.61,9.054e+2,,1.765e-15,1.083e-20,2.332e-7,,1.987e-21,9.053e+2,1.411e-1,9.460e-9
537.66,8.675e+2,,1.769e-15,1.084e-20,9.658e-8,,1.982e-21,8.674e+2,1.688e-1,9.052e-9
537.71,8.621e+2,,1.772e-15,1.085e-20,3.933e-8,,1.978e-21,8.619e+2,2.162e-1,8.542e-9
537.75,8.804e+2,,1.775e-15,1.086e-20,1.900e-8,,1.975e-21,8.802e+2,2.703e-1,8.069e-9
537.80,9.297e+2,,1.779e-15,1.088e-20,7.716e-9,,1.970e-21,9.294e+2,3.614e-1,7.412e-9
537.85,1.005e+3,,1.783e-15,1.089e-20,3.580e-9,,1.966e-21,1.005e+3,4.827e-1,6.703e-9
537.90,1.102e+3,,1.787e-15,1.090e-20,2.872e-9,,1.962e-21,1.101e+3,6.388e-1,5.965e-9
537.95,1.215e+3,,1.791e-15,1.091e-20,4.869e-9,,1.958e-21,1.214e+3,8.342e-1,5.222e-9
538.00,1.337e+3,,1.794e-15,1.092e-20,1.117e-8,,1.953e-21,1.336e+3,1.073e+0,4.497e-9
538.05,1.462e+3,,1.798e-15,1.094e-20,2.683e-8,,1.949e-21,1.461e+3,1.358e+0,3.808e-9
538.10,1.583e+3,,1.802e-15,1.095e-20,6.399e-8,,1.945e-21,1.581e+3,1.689e+0,3.170e-9
538.14,1.671e+3,,1.805e-15,1.096e-20,1.268e-7,,1.942e-21,1.669e+3,1.988e+0,2.705e-9
538.19,1.765e+3,,1.809e-15,1.097e-20,2.937e-7,,1.937e-21,1.762e+3,2.400e+0,2.184e-9
538.24,1.836e+3,,1.813e-15,1.098e-20,6.688e-7,,1.933e-21,1.834e+3,2.847e+0,1.734e-9
538.29,1.881e+3,,1.816e-15,1.099e-20,1.497e-6,,1.929e-21,1.877e+3,3.322e+0,1.353e-9
538.34,1.895e+3,,1.820e-15,1.101e-20,3.294e-6,,1.925e-21,1.891e+3,3.810e+0,1.038e-9
538.39,1.877e+3,,1.824e-15,1.102e-20,7.126e-6,,1.920e-21,1.873e+3,4.298e+0,7.827e-10
538.44,1.829e+3,,1.828e-15,1.103e-20,1.515e-5,,1.916e-21,1.824e+3,4.767e+0,5.801e-10
538.49,1.752e+3,,1.832e-15,1.104e-20,3.168e-5,,1.912e-21,1.747e+3,5.201e+0,4.226e-10
538.54,1.650e+3,,1.835e-15,1.106e-20,6.509e-5,,1.908e-21,1.644e+3,5.583e+0,3.026e-10
538.58,1.554e+3,,1.838e-15,1.107e-20,1.144e-4,,1.904e-21,1.548e+3,5.840e+0,2.288e-10
538.63,1.419e+3,,1.842e-15,1.108e-20,2.279e-4,,1.900e-21,1.413e+3,6.094e+0,1.589e-10
538.68,1.275e+3,,1.846e-15,1.109e-20,4.465e-4,,1.896e-21,1.269e+3,6.263e+0,1.085e-10
538.73,1.127e+3,,1.850e-15,1.110e-20,8.597e-4,,1.891e-21,1.121e+3,6.345e+0,7.298e-11
538.78,9.800e+2,,1.854e-15,1.111e-20,1.627e-3,,1.887e-21,9.736e+2,6.342e+0,4.846e-11
538.83,8.391e+2,,1.857e-15,1.113e-20,3.028e-3,,1.883e-21,8.328e+2,6.263e+0,3.199e-11
538.88,7.081e+2,,1.861e-15,1.114e-20,5.539e-3,,1.879e-21,7.020e+2,6.121e+0,2.131e-11
538.93,5.899e+2,,1.865e-15,1.115e-20,9.961e-3,,1.874e-21,5.840e+2,5.930e+0,1.482e-11
538.97,5.059e+2,,1.868e-15,1.116e-20,1.573e-2,,1.871e-21,5.001e+2,5.755e+0,1.186e-11
539.02,4.148e+2,,1.872e-15,1.117e-20,2.743e-2,,1.867e-21,4.092e+2,5.525e+0,1.035e-11
539.07,3.394e+2,,1.876e-15,1.119e-20,4.703e-2,,1.862e-21,3.341e+2,5.299e+0,1.086e-11
539.12,2.794e+2,,1.879e-15,1.120e-20,7.924e-2,,1.858e-21,2.742e+2,5.095e+0,1.321e-11
539.17,2.338e+2,,1.883e-15,1.121e-20,1.313e-1,,1.854e-21,2.287e+2,4.924e+0,1.743e-11
539.22,2.015e+2,,1.887e-15,1.122e-20,2.137e-1,,1.850e-21,1.964e+2,4.798e+0,2.374e-11
539.27,1.810e+2,,1.891e-15,1.123e-20,3.421e-1,,1.845e-21,1.760e+2,4.722e+0,3.244e-11
539.32,1.713e+2,,1.895e-15,1.125e-20,5.384e-1,,1.841e-21,1.661e+2,4.697e+0,4.398e-11
539.37,1.710e+2,,1.898e-15,1.126e-20,8.328e-1,,1.837e-21,1.655e+2,4.722e+0,5.881e-11
539.41,1.771e+2,,1.901e-15,1.127e-20,1.166e+0,,1.833e-21,1.711e+2,4.775e+0,7.337e-11
539.46,1.919e+2,,1.905e-15,1.128e-20,1.749e+0,,1.829e-21,1.853e+2,4.877e+0,9.532e-11
539.51,2.145e+2,,1.909e-15,1.129e-20,2.579e+0,,1.825e-21,2.069e+2,5.012e+0,1.218e-10
539.56,2.448e+2,,1.913e-15,1.131e-20,3.739e+0,,1.821e-21,2.359e+2,5.173e+0,1.529e-10
539.61,2.832e+2,,1.917e-15,1.132e-20,5.327e+0,,1.816e-21,2.725e+2,5.351e+0,1.888e-10
539.66,3.301e+2,,1.920e-15,1.133e-20,7.462e+0,,1.812e-21,3.171e+2,5.541e+0,2.291e-10
539.71,3.862e+2,,1.924e-15,1.134e-20,1.028e+1,,1.808e-21,3.702e+2,5.735e+0,2.733e-10
539.76,4.520e+2,,1.928e-15,1.135e-20,1.391e+1,,1.804e-21,4.322e+2,5.927e+0,3.205e-10
539.80,5.121e+2,,1.931e-15,1.136e-20,1.751e+1,,1.800e-21,4.885e+2,6.075e+0,3.596e-10
539.85,5.965e+2,,1.935e-15,1.138e-20,2.298e+1,,1.796e-21,5.673e+2,6.247e+0,4.090e-10
539.90,6.912e+2,,1.939e-15,1.139e-20,2.965e+1,,1.792e-21,6.551e+2,6.398e+0,4.571e-10
539.95,7.954e+2,,1.942e-15,1.140e-20,3.761e+1,,1.788e-21,7.512e+2,6.520e+0,5.023e-10
540.00,9.078e+2,,1.946e-15,1.141e-20,4.689e+1,,1.783e-21,8.543e+2,6.605e+0,5.426e-10
540.05,1.026e+3,,1.950e-15,1.143e-20,5.748e+1,,1.779e-21,9.624e+2,6.646e+0,5.761e-10
540.10,1.149e+3,,1.954e-15,1.144e-20,6.927e+1,,1.775e-21,1.073e+3,6.635e+0,6.013e-10
540.15,1.272e+3,,1.958e-15,1.145e-20,8.205e+1,,1.770e-21,1.183e+3,6.568e+0,6.170e-10
540.19,1.369e+3,,1.961e-15,1.146e-20,9.280e+1,,1.767e-21,1.270e+3,6.471e+0,6.221e-10
540.24,1.485e+3,,1.964e-15,1.147e-20,1.066e+2,,1.763e-21,1.372e+3,6.297e+0,6.189e-10
540.29,1.593e+3,,1.968e-15,1.148e-20,1.204e+2,,1.759e-21,1.466e+3,6.065e+0,6.052e-10
540.34,1.690e+3,,1.972e-15,1.150e-20,1.336e+2,,1.754e-21,1.550e+3,5.781e+0,5.819e-10
540.39,1.773e+3,,1.976e-15,1.151e-20,1.458e+2,,1.750e-21,1.622e+3,5.456e+0,5.499e-10
540.44,1.843e+3,,1.980e-15,1.152e-20,1.564e+2,,1.746e-21,1.682e+3,5.099e+0,5.108e-10
540.49,1.899e+3,,1.983e-15,1.153e-20,1.649e+2,,1.742e-21,1.729e+3,4.724e+0,4.665e-10
540.54,1.941e+3,,1.987e-15,1.154e-20,1.709e+2,,1.737e-21,1.766e+3,4.345e+0,4.187e-10
540.59,1.972e+3,,1.991e-15,1.156e-20,1.742e+2,,1.733e-21,1.794e+3,3.975e+0,3.695e-10
540.63,1.991e+3,,1.994e-15,1.157e-20,1.747e+2,,1.730e-21,1.813e+3,3.693e+0,3.302e-10
540.68,2.009e+3,,1.998e-15,1.158e-20,1.726e+2,,1.725e-21,1.833e+3,3.367e+0,2.826e-10
540.73,2.025e+3,,2.002e-15,1.159e-20,1.677e+2,,1.721e-21,1.854e+3,3.075e+0,2.377e-10
540.78,2.041e+3,,2.006e-15,1.160e-20,1.602e+2,,1.717e-21,1.878e+3,2.823e+0,1.965e-10
540.83,2.060e+3,,2.009e-15,1.162e-20,1.504e+2,,1.713e-21,1.907e+3,2.609e+0,1.597e-10
540.88,2.085e+3,,2.013e-15,1.163e-20,1.389e+2,,1.708e-21,1.944e+3,2.432e+0,1.276e-10
540.93,2.116e+3,,2.017e-15,1.164e-20,1.262e+2,,1.704e-21,1.988e+3,2.287e+0,1.002e-10
540.98,2.154e+3,,2.021e-15,1.165e-20,1.128e+2,,1.700e-21,2.039e+3,2.167e+0,7.737e-11
541.02,2.189e+3,,2.024e-15,1.166e-20,1.020e+2,,1.696e-21,2.085e+3,2.084e+0,6.213e-11
541.07,2.236e+3,,2.028e-15,1.167e-20,8.882e+1,,1.692e-21,2.145e+3,1.990e+0,4.651e-11
541.12,2.284e+3,,2.031e-15,1.169e-20,7.640e+1,,1.688e-21,2.206e+3,1.901e+0,3.423e-11
541.17,2.330e+3,,2.035e-15,1.170e-20,6.514e+1,,1.684e-21,2.263e+3,1.811e+0,2.476e-11
541.22,2.370e+3,,2.039e-15,1.171e-20,5.537e+1,,1.679e-21,2.313e+3,1.715e+0,1.761e-11
541.27,2.400e+3,,2.043e-15,1.172e-20,4.733e+1,,1.675e-21,2.351e+3,1.612e+0,1.231e-11
541.32,2.416e+3,,2.047e-15,1.174e-20,4.117e+1,,1.671e-21,2.374e+3,1.499e+0,8.456e-12
541.37,2.414e+3,,2.050e-15,1.175e-20,3.702e+1,,1.667e-21,2.376e+3,1.377e+0,5.712e-12
541.42,2.392e+3,,2.054e-15,1.176e-20,3.492e+1,,1.662e-21,2.356e+3,1.250e+0,3.792e-12
541.46,2.359e+3,,2.057e-15,1.177e-20,3.472e+1,,1.659e-21,2.323e+3,1.144e+0,2.699e-12
541.51,2.297e+3,,2.061e-15,1.178e-20,3.631e+1,,1.655e-21,2.259e+3,1.012e+0,1.738e-12
541.56,2.212e+3,,2.065e-15,1.179e-20,3.988e+1,,1.651e-21,2.171e+3,8.824e-1,1.100e-12
541.61,2.107e+3,,2.069e-15,1.181e-20,4.532e+1,,1.646e-21,2.061e+3,7.587e-1,6.843e-13
541.66,1.983e+3,,2.072e-15,1.182e-20,5.248e+1,,1.642e-21,1.930e+3,6.442e-1,4.185e-13
541.71,1.845e+3,,2.076e-15,1.183e-20,6.117e+1,,1.638e-21,1.783e+3,5.416e-1,2.516e-13
541.76,1.697e+3,,2.080e-15,1.184e-20,7.112e+1,,1.633e-21,1.625e+3,4.535e-1,1.487e-13
541.81,1.542e+3,,2.084e-15,1.186e-20,8.201e+1,,1.629e-21,1.460e+3,3.816e-1,8.637e-14
541.85,1.417e+3,,2.087e-15,1.187e-20,9.114e+1,,1.626e-21,1.326e+3,3.369e-1,5.525e-14
541.90,1.263e+3,,2.091e-15,1.188e-20,1.027e+2,,1.622e-21,1.160e+3,2.984e-1,3.112e-14
541.95,1.115e+3,,2.094e-15,1.189e-20,1.140e+2,,1.617e-21,1.000e+3,2.806e-1,1.723e-14
542.00,9.755e+2,,2.098e-15,1.190e-20,1.246e+2,,1.613e-21,8.506e+2,2.851e-1,9.379e-15
542.05,8.476e+2,,2.102e-15,1.191e-20,1.340e+2,,1.609e-21,7.134e+2,3.140e-1,5.018e-15
542.10,7.328e+2,,2.106e-15,1.193e-20,1.416e+2,,1.605e-21,5.908e+2,3.695e-1,2.639e-15
542.15,6.318e+2,,2.110e-15,1.194e-20,1.473e+2,,1.600e-21,4.840e+2,4.542e-1,1.365e-15
542.20,5.447e+2,,2.113e-15,1.195e-20,1.506e+2,,1.596e-21,3.936e+2,5.706e-1,6.936e-16
542.24,4.849e+2,,2.116e-15,1.196e-20,1.515e+2,,1.593e-21,3.327e+2,6.883e-1,3.987e-16
542.29,4.217e+2,,2.120e-15,1.197e-20,1.503e+2,,1.588e-21,2.705e+2,8.678e-1,1.965e-16
542.34,3.703e+2,,2.124e-15,1.198e-20,1.467e+2,,1.584e-21,2.225e+2,1.085e+0,9.517e-17
542.39,3.295e+2,,2.128e-15,1.200e-20,1.409e+2,,1.580e-21,1.873e+2,1.338e+0,4.532e-17
542.44,2.981e+2,,2.132e-15,1.201e-20,1.333e+2,,1.576e-21,1.632e+2,1.628e+0,2.122e-17
542.49,2.746e+2,,2.135e-15,1.202e-20,1.241e+2,,1.571e-21,1.485e+2,1.949e+0,9.763e-18
542.54,2.579e+2,,2.139e-15,1.203e-20,1.140e+2,,1.567e-21,1.417e+2,2.296e+0,4.416e-18
542.59,2.470e+2,,2.143e-15,1.205e-20,1.034e+2,,1.563e-21,1.409e+2,2.659e+0,1.964e-18
542.64,2.407e+2,,2.147e-15,1.206e-20,9.291e+1,,1.559e-21,1.448e+2,3.030e+0,8.584e-19
542.68,2.384e+2,,2.150e-15,1.207e-20,8.488e+1,,1.555e-21,1.502e+2,3.322e+0,4.373e-19
542.73,2.384e+2,,2.154e-15,1.208e-20,7.571e+1,,1.551e-21,1.590e+2,3.672e+0,1.854e-19
542.78,2.407e+2,,2.157e-15,1.209e-20,6.783e+1,,1.547e-21,1.689e+2,3.990e+0,7.723e-20
542.83,2.448e+2,,2.161e-15,1.210e-20,6.154e+1,,1.542e-21,1.790e+2,4.262e+0,3.163e-20
542.88,2.499e+2,,2.165e-15,1.212e-20,5.705e+1,,1.538e-21,1.884e+2,4.477e+0,1.273e-20
542.93,2.556e+2,,2.169e-15,1.213e-20,5.445e+1,,1.534e-21,1.965e+2,4.624e+0,5.040e-21
542.98,2.614e+2,,2.173e-15,1.214e-20,5.375e+1,,1.530e-21,2.029e+2,4.696e+0,1.961e-21
543.03,2.668e+2,,2.176e-15,1.215e-20,5.488e+1,,1.525e-21,2.072e+2,4.689e+0,7.498e-22
543.07,2.706e+2,,2.179e-15,1.216e-20,5.697e+1,,1.522e-21,2.090e+2,4.626e+0,3.433e-22
543.12,2.746e+2,,2.183e-15,1.218e-20,6.088e+1,,1.518e-21,2.092e+2,4.481e+0,1.273e-22
543.17,2.773e+2,,2.187e-15,1.219e-20,6.594e+1,,1.513e-21,2.071e+2,4.269e+0,4.640e-23
543.22,2.785e+2,,2.191e-15,1.220e-20,7.179e+1,,1.509e-21,2.027e+2,4.000e+0,1.663e-23
543.27,2.781e+2,,2.195e-15,1.221e-20,7.805e+1,,1.505e-21,1.964e+2,3.688e+0,5.856e-24
543.32,2.760e+2,,2.198e-15,1.222e-20,8.432e+1,,1.501e-21,1.883e+2,3.346e+0,2.028e-24
543.37,2.719e+2,,2.202e-15,1.224e-20,9.018e+1,,1.496e-21,1.787e+2,2.990e+0,6.902e-25
543.42,2.659e+2,,2.206e-15,1.225e-20,9.526e+1,,1.492e-21,1.680e+2,2.636e+0,2.309e-25
543.46,2.597e+2,,2.209e-15,1.226e-20,9.855e+1,,1.489e-21,1.588e+2,2.362e+0,2.338e-25
543.51,2.503e+2,,2.213e-15,1.227e-20,1.015e+2,,1.485e-21,1.468e+2,2.041e+0,2.375e-25
543.56,2.392e+2,,2.217e-15,1.228e-20,1.029e+2,,1.480e-21,1.346e+2,1.755e+0,2.411e-25
543.61,2.266e+2,,2.220e-15,1.230e-20,1.027e+2,,1.476e-21,1.224e+2,1.510e+0,2.447e-25
543.66,2.129e+2,,2.224e-15,1.231e-20,1.009e+2,,1.472e-21,1.107e+2,1.312e+0,2.483e-25
543.71,1.986e+2,,2.228e-15,1.232e-20,9.766e+1,,1.468e-21,9.973e+1,1.165e+0,2.520e-25
543.76,1.840e+2,,2.232e-15,1.233e-20,9.309e+1,,1.463e-21,8.979e+1,1.070e+0,2.556e-25
543.81,1.697e+2,,2.236e-15,1.234e-20,8.750e+1,,1.459e-21,8.116e+1,1.026e+0,2.592e-25
543.86,1.564e+2,,2.239e-15,1.236e-20,8.121e+1,,1.455e-21,7.411e+1,1.033e+0,2.629e-25
543.90,1.467e+2,,2.243e-15,1.237e-20,7.591e+1,,1.451e-21,6.975e+1,1.072e+0,2.658e-25
543.95,1.365e+2,,2.246e-15,1.238e-20,6.926e+1,,1.447e-21,6.604e+1,1.160e+0,2.694e-25
544.00,1.286e+2,,2.250e-15,1.239e-20,6.292e+1,,1.443e-21,6.437e+1,1.286e+0,2.730e-25
544.05,1.235e+2,,2.254e-15,1.240e-20,5.723e+1,,1.439e-21,6.478e+1,1.446e+0,2.766e-25
544.10,1.214e+2,,2.258e-15,1.242e-20,5.248e+1,,1.434e-21,6.725e+1,1.632e+0,2.803e-25
544.15,1.224e+2,,2.262e-15,1.243e-20,4.890e+1,,1.430e-21,7.167e+1,1.838e+0,2.839e-25
544.20,1.265e+2,,2.265e-15,1.244e-20,4.666e+1,,1.426e-21,7.783e+1,2.055e+0,2.875e-25
544.25,1.335e+2,,2.269e-15,1.245e-20,4.583e+1,,1.422e-21,8.544e+1,2.276e+0,2.911e-25
544.29,1.410e+2,,2.272e-15,1.246e-20,4.620e+1,,1.418e-21,9.234e+1,2.450e+0,2.940e-25
544.34,1.522e+2,,2.276e-15,1.247e-20,4.789e+1,,1.414e-21,1.016e+2,2.657e+0,2.977e-25
544.39,1.649e+2,,2.280e-15,1.249e-20,5.083e+1,,1.410e-21,1.112e+2,2.847e+0,3.013e-25
544.44,1.785e+2,,2.284e-15,1.250e-20,5.483e+1,,1.405e-21,1.207e+2,3.013e+0,3.049e-25
544.49,1.922e+2,,2.287e-15,1.251e-20,5.963e+1,,1.401e-21,1.295e+2,3.150e+0,3.086e-25
544.54,2.054e+2,,2.291e-15,1.252e-20,6.494e+1,,1.397e-21,1.372e+2,3.255e+0,3.122e-25
544.59,2.173e+2,,2.295e-15,1.253e-20,7.042e+1,,1.393e-21,1.435e+2,3.324e+0,3.158e-25
544.64,2.273e+2,,2.299e-15,1.255e-20,7.573e+1,,1.388e-21,1.482e+2,3.358e+0,3.194e-25
544.69,2.350e+2,,2.303e-15,1.256e-20,8.055e+1,,1.384e-21,1.511e+2,3.357e+0,3.231e-25
544.73,2.393e+2,,2.306e-15,1.257e-20,8.383e+1,,1.381e-21,1.521e+2,3.332e+0,3.260e-25
544.78,2.421e+2,,2.309e-15,1.258e-20,8.700e+1,,1.376e-21,1.518e+2,3.274e+0,3.296e-25
544.83,2.421e+2,,2.313e-15,1.259e-20,8.894e+1,,1.372e-21,1.500e+2,3.189e+0,3.332e-25
544.88,2.396e+2,,2.317e-15,1.261e-20,8.951e+1,,1.368e-21,1.470e+2,3.082e+0,3.369e-25
544.93,2.348e+2,,2.321e-15,1.262e-20,8.864e+1,,1.364e-21,1.432e+2,2.958e+0,3.405e-25
544.98,2.281e+2,,2.325e-15,1.263e-20,8.635e+1,,1.359e-21,1.390e+2,2.822e+0,3.441e-25
545.03,2.202e+2,,2.328e-15,1.264e-20,8.275e+1,,1.355e-21,1.348e+2,2.680e+0,3.477e-25
545.08,2.116e+2,,2.332e-15,1.265e-20,7.798e+1,,1.351e-21,1.311e+2,2.536e+0,3.514e-25
545.12,2.045e+2,,2.335e-15,1.266e-20,7.348e+1,,1.348e-21,1.286e+2,2.424e+0,3.543e-25
545.17,1.961e+2,,2.339e-15,1.268e-20,6.720e+1,,1.343e-21,1.266e+2,2.290e+0,3.579e-25
545.22,1.884e+2,,2.343e-15,1.269e-20,6.043e+1,,1.339e-21,1.258e+2,2.167e+0,3.615e-25
545.27,1.819e+2,,2.347e-15,1.270e-20,5.343e+1,,1.335e-21,1.264e+2,2.057e+0,3.651e-25
545.32,1.771e+2,,2.350e-15,1.271e-20,4.646e+1,,1.331e-21,1.287e+2,1.964e+0,3.688e-25
545.37,1.742e+2,,2.354e-15,1.273e-20,3.972e+1,,1.326e-21,1.326e+2,1.887e+0,3.724e-25
545.42,1.734e+2,,2.358e-15,1.274e-20,3.340e+1,,1.322e-21,1.382e+2,1.829e+0,3.760e-25
545.47,1.751e+2,,2.362e-15,1.275e-20,2.761e+1,,1.318e-21,1.457e+2,1.787e+0,3.797e-25
545.51,1.783e+2,,2.365e-15,1.276e-20,2.342e+1,,1.314e-21,1.531e+2,1.766e+0,3.826e-25
545.56,1.848e+2,,2.369e-15,1.277e-20,1.879e+1,,1.310e-21,1.643e+2,1.754e+0,3.862e-25
545.61,1.942e+2,,2.372e-15,1.278e-20,1.482e+1,,1.306e-21,1.776e+2,1.756e+0,3.898e-25
545.66,2.065e+2,,2.376e-15,1.280e-20,1.149e+1,,1.302e-21,1.932e+2,1.773e+0,3.934e-25
545.71,2.218e+2,,2.380e-15,1.281e-20,8.769e+0,,1.297e-21,2.112e+2,1.802e+0,3.971e-25
545.76,2.401e+2,,2.384e-15,1.282e-20,6.583e+0,,1.293e-21,2.316e+2,1.846e+0,4.007e-25
545.81,2.610e+2,,2.388e-15,1.283e-20,4.869e+0,,1.289e-21,2.543e+2,1.904e+0,4.043e-25
545.86,2.844e+2,,2.391e-15,1.285e-20,3.555e+0,,1.285e-21,2.788e+2,1.977e+0,4.080e-25
545.91,3.094e+2,,2.395e-15,1.286e-20,2.577e+0,,1.280e-21,3.048e+2,2.069e+0,4.116e-25
545.95,3.302e+2,,2.398e-15,1.287e-20,1.997e+0,,1.277e-21,3.261e+2,2.155e+0,4.145e-25
546.00,3.564e+2,,2.402e-15,1.288e-20,1.484e+0,,1.273e-21,3.526e+2,2.282e+0,4.181e-25
546.05,3.817e+2,,2.406e-15,1.289e-20,1.173e+0,,1.268e-21,3.781e+2,2.429e+0,4.217e-25
546.10,4.050e+2,,2.410e-15,1.290e-20,1.041e+0,,1.264e-21,4.014e+2,2.596e+0,4.254e-25
546.15,4.252e+2,,2.413e-15,1.292e-20,1.080e+0,,1.260e-21,4.214e+2,2.779e+0,4.290e-25
546.20,4.412e+2,,2.417e-15,1.293e-20,1.297e+0,,1.256e-21,4.369e+2,2.975e+0,4.326e-25
546.25,4.519e+2,,2.421e-15,1.294e-20,1.718e+0,,1.251e-21,4.470e+2,3.176e+0,4.362e-25
546.30,4.569e+2,,2.425e-15,1.295e-20,2.382e+0,,1.247e-21,4.511e+2,3.374e+0,4.399e-25
546.34,4.563e+2,,2.428e-15,1.296e-20,3.129e+0,,1.244e-21,4.497e+2,3.525e+0,4.428e-25
546.39,4.501e+2,,2.432e-15,1.297e-20,4.394e+0,,1.239e-21,4.420e+2,3.695e+0,4.464e-25
546.44,4.380e+2,,2.435e-15,1.299e-20,6.112e+0,,1.235e-21,4.280e+2,3.836e+0,4.500e-25
546.49,4.206e+2,,2.439e-15,1.300e-20,8.386e+0,,1.231e-21,4.083e+2,3.939e+0,4.537e-25
546.54,3.990e+2,,2.443e-15,1.301e-20,1.133e+1,,1.227e-21,3.837e+2,3.997e+0,4.573e-25
546.59,3.743e+2,,2.447e-15,1.302e-20,1.507e+1,,1.222e-21,3.553e+2,4.007e+0,4.609e-25
546.64,3.481e+2,,2.451e-15,1.304e-20,1.971e+1,,1.218e-21,3.244e+2,3.967e+0,4.645e-25
546.69,3.217e+2,,2.454e-15,1.305e-20,2.535e+1,,1.214e-21,2.924e+2,3.879e+0,4.682e-25
546.74,2.965e+2,,2.458e-15,1.306e-20,3.207e+1,,1.210e-21,2.607e+2,3.747e+0,4.718e-25
546.78,2.782e+2,,2.461e-15,1.307e-20,3.825e+1,,1.206e-21,2.363e+2,3.616e+0,4.747e-25
546.83,2.584e+2,,2.465e-15,1.308e-20,4.697e+1,,1.202e-21,2.080e+2,3.429e+0,4.783e-25
546.88,2.430e+2,,2.469e-15,1.309e-20,5.671e+1,,1.198e-21,1.831e+2,3.224e+0,4.819e-25
546.93,2.324e+2,,2.473e-15,1.311e-20,6.734e+1,,1.194e-21,1.621e+2,3.016e+0,4.856e-25
546.98,2.269e+2,,2.476e-15,1.312e-20,7.865e+1,,1.189e-21,1.455e+2,2.813e+0,4.892e-25
547.03,2.265e+2,,2.480e-15,1.313e-20,9.033e+1,,1.185e-21,1.335e+2,2.629e+0,4.928e-25
547.08,2.306e+2,,2.484e-15,1.314e-20,1.020e+2,,1.181e-21,1.261e+2,2.470e+0,4.965e-25
547.13,2.388e+2,,2.488e-15,1.316e-20,1.133e+2,,1.176e-21,1.231e+2,2.345e+0,5.001e-25
547.17,2.475e+2,,2.491e-15,1.317e-20,1.218e+2,,1.173e-21,1.234e+2,2.272e+0,5.030e-25
547.22,2.604e+2,,2.495e-15,1.318e-20,1.313e+2,,1.169e-21,1.269e+2,2.218e+0,5.066e-25
547.27,2.744e+2,,2.498e-15,1.319e-20,1.392e+2,,1.165e-21,1.330e+2,2.204e+0,5.102e-25
547.32,2.884e+2,,2.502e-15,1.320e-20,1.452e+2,,1.160e-21,1.410e+2,2.232e+0,5.139e-25
547.37,3.012e+2,,2.506e-15,1.321e-20,1.489e+2,,1.156e-21,1.501e+2,2.299e+0,5.175e-25
547.42,3.119e+2,,2.510e-15,1.323e-20,1.501e+2,,1.152e-21,1.594e+2,2.402e+0,5.211e-25
547.47,3.195e+2,,2.514e-15,1.324e-20,1.489e+2,,1.148e-21,1.681e+2,2.539e+0,5.248e-25
547.52,3.235e+2,,2.517e-15,1.325e-20,1.453e+2,,1.143e-21,1.754e+2,2.708e+0,5.284e-25
547.56,3.237e+2,,2.521e-15,1.326e-20,1.408e+2,,1.140e-21,1.800e+2,2.864e+0,5.313e-25
547.61,3.201e+2,,2.524e-15,1.327e-20,1.335e+2,,1.136e-21,1.835e+2,3.083e+0,5.349e-25
547.66,3.122e+2,,2.528e-15,1.329e-20,1.245e+2,,1.131e-21,1.844e+2,3.327e+0,5.385e-25
547.71,3.005e+2,,2.532e-15,1.330e-20,1.144e+2,,1.127e-21,1.825e+2,3.594e+0,5.422e-25
547.76,2.853e+2,,2.536e-15,1.331e-20,1.037e+2,,1.123e-21,1.777e+2,3.880e+0,5.458e-25
547.81,2.673e+2,,2.540e-15,1.332e-20,9.281e+1,,1.119e-21,1.703e+2,4.183e+0,5.494e-25
547.86,2.473e+2,,2.543e-15,1.333e-20,8.231e+1,,1.114e-21,1.605e+2,4.498e+0,5.530e-25
547.91,2.264e+2,,2.547e-15,1.335e-20,7.266e+1,,1.110e-21,1.489e+2,4.820e+0,5.567e-25
547.96,2.052e+2,,2.551e-15,1.336e-20,6.431e+1,,1.106e-21,1.358e+2,5.144e+0,5.603e-25
548.00,1.889e+2,,2.554e-15,1.337e-20,5.883e+1,,1.102e-21,1.247e+2,5.399e+0,5.632e-25
548.05,1.698e+2,,2.558e-15,1.338e-20,5.376e+1,,1.098e-21,1.104e+2,5.709e+0,5.668e-25
548.10,1.531e+2,,2.562e-15,1.339e-20,5.096e+1,,1.094e-21,9.610e+1,6.002e+0,5.705e-25
548.15,1.393e+2,,2.565e-15,1.341e-20,5.069e+1,,1.090e-21,8.230e+1,6.272e+0,5.741e-25
548.20,1.290e+2,,2.569e-15,1.342e-20,5.313e+1,,1.085e-21,6.931e+1,6.517e+0,5.777e-25
548.25,1.226e+2,,2.573e-15,1.343e-20,5.843e+1,,1.081e-21,5.741e+1,6.733e+0,5.813e-25
548.30,1.204e+2,,2.577e-15,1.344e-20,6.667e+1,,1.077e-21,4.676e+1,6.921e+0,5.850e-25
548.35,1.224e+2,,2.581e-15,1.345e-20,7.784e+1,,1.073e-21,3.746e+1,7.083e+0,5.886e-25
548.39,1.270e+2,,2.584e-15,1.346e-20,8.882e+1,,1.069e-21,3.100e+1,7.195e+0,5.915e-25
548.44,1.364e+2,,2.587e-15,1.348e-20,1.050e+2,,1.065e-21,2.410e+1,7.319e+0,5.951e-25
548.49,1.493e+2,,2.591e-15,1.349e-20,1.235e+2,,1.061e-21,1.843e+1,7.431e+0,5.988e-25
548.54,1.653e+2,,2.595e-15,1.350e-20,1.439e+2,,1.057e-21,1.386e+1,7.537e+0,6.024e-25
548.59,1.836e+2,,2.599e-15,1.351e-20,1.657e+2,,1.052e-21,1.025e+1,7.643e+0,6.060e-25
548.64,2.034e+2,,2.603e-15,1.352e-20,1.882e+2,,1.048e-21,7.453e+0,7.755e+0,6.096e-25
548.69,2.238e+2,,2.606e-15,1.354e-20,2.106e+2,,1.044e-21,5.331e+0,7.878e+0,6.133e-25
548.74,2.437e+2,,2.610e-15,1.355e-20,2.320e+2,,1.039e-21,3.750e+0,8.012e+0,6.169e-25
548.78,2.587e+2,,2.613e-15,1.356e-20,2.478e+2,,1.036e-21,2.797e+0,8.127e+0,6.198e-25
548.83,2.753e+2,,2.617e-15,1.357e-20,2.652e+2,,1.032e-21,1.909e+0,8.278e+0,6.234e-25
548.88,2.890e+2,,2.621e-15,1.358e-20,2.792e+2,,1.028e-21,1.282e+0,8.433e+0,6.270e-25
548.93,2.988e+2,,2.625e-15,1.360e-20,2.894e+2,,1.023e-21,8.463e-1,8.583e+0,6.307e-25
548.98,3.044e+2,,2.628e-15,1.361e-20,2.951e+2,,1.019e-21,5.496e-1,8.718e+0,6.343e-25
549.03,3.055e+2,,2.632e-15,1.362e-20,2.963e+2,,1.015e-21,3.510e-1,8.828e+0,6.379e-25
549.08,3.021e+2,,2.636e-15,1.363e-20,2.930e+2,,1.011e-21,2.204e-1,8.902e+0,6.416e-25
549.13,2.947e+2,,2.640e-15,1.364e-20,2.856e+2,,1.006e-21,1.362e-1,8.927e+0,6.452e-25
549.18,2.837e+2,,2.644e-15,1.366e-20,2.747e+2,,1.002e-21,8.271e-2,8.897e+0,6.488e-25
549.22,2.730e+2,,2.647e-15,1.367e-20,2.641e+2,,9.986e-22,5.485e-2,8.827e+0,6.517e-25
549.27,2.581e+2,,2.650e-15,1.368e-20,2.494e+2,,9.944e-22,3.233e-2,8.680e+0,6.553e-25
549.32,2.427e+2,,2.654e-15,1.369e-20,2.342e+2,,9.901e-22,1.875e-2,8.469e+0,6.590e-25
549.37,2.282e+2,,2.658e-15,1.370e-20,2.199e+2,,9.859e-22,1.069e-2,8.198e+0,6.626e-25
549.42,2.158e+2,,2.662e-15,1.372e-20,2.079e+2,,9.816e-22,5.994e-3,7.878e+0,6.662e-25
549.47,2.071e+2,,2.666e-15,1.373e-20,1.996e+2,,9.774e-22,3.305e-3,7.526e+0,6.699e-25
549.52,2.035e+2,,2.669e-15,1.374e-20,1.963e+2,,9.731e-22,1.793e-3,7.160e+0,6.735e-25
549.57,2.060e+2,,2.673e-15,1.375e-20,1.992e+2,,9.689e-22,9.562e-4,6.804e+0,6.771e-25
549.61,2.133e+2,,2.676e-15,1.376e-20,2.068e+2,,9.655e-22,5.715e-4,6.543e+0,6.800e-25
549.66,2.296e+2,,2.680e-15,1.377e-20,2.233e+2,,9.612e-22,2.958e-4,6.271e+0,6.836e-25
549.71,2.543e+2,,2.684e-15,1.379e-20,2.482e+2,,9.569e-22,1.506e-4,6.082e+0,6.873e-25
549.76,2.878e+2,,2.688e-15,1.380e-20,2.818e+2,,9.527e-22,7.539e-5,6.003e+0,6.909e-25
549.81,3.297e+2,,2.691e-15,1.381e-20,3.236e+2,,9.484e-22,3.712e-5,6.054e+0,6.945e-25
549.86,3.794e+2,,2.695e-15,1.382e-20,3.732e+2,,9.442e-22,1.798e-5,6.254e+0,6.981e-25
549.91,4.359e+2,,2.699e-15,1.384e-20,4.292e+2,,9.399e-22,8.561e-6,6.614e+0,7.018e-25
549.96,4.974e+2,,2.703e-15,1.385e-20,4.903e+2,,9.357e-22,4.010e-6,7.139e+0,7.054e-25
550.01,5.620e+2,,2.707e-15,1.386e-20,5.542e+2,,2.763e-21,1.847e-6,7.826e+0,7.090e-25
550.05,6.144e+2,,2.710e-15,1.387e-20,6.059e+2,,6.494e-21,9.815e-7,8.486e+0,7.119e-25
550.10,6.784e+2,,2.713e-15,1.388e-20,6.689e+2,,1.862e-20,4.387e-7,9.431e+0,7.156e-25
550.15,7.383e+2,,2.717e-15,1.389e-20,7.278e+2,,5.253e-20,1.929e-7,1.049e+1,7.192e-25
550.20,7.914e+2,,2.721e-15,1.391e-20,7.798e+2,,1.458e-19,8.339e-8,1.162e+1,7.228e-25
550.25,8.352e+2,,2.725e-15,1.392e-20,8.224e+2,,3.981e-19,3.546e-8,1.279e+1,7.264e-25
550.30,8.675e+2,,2.729e-15,1.393e-20,8.535e+2,,1.069e-18,1.483e-8,1.395e+1,7.301e-25
550.35,8.867e+2,,2.732e-15,1.394e-20,8.716e+2,,2.826e-18,6.097e-9,1.506e+1,7.337e-25
550.40,8.917e+2,,2.736e-15,1.396e-20,8.756e+2,,7.346e-18,2.466e-9,1.607e+1,7.373e-25
550.44,8.854e+2,,2.739e-15,1.396e-20,8.686e+2,,1.559e-17,1.181e-9,1.678e+1,7.402e-25
550.49,8.647e+2,,2.743e-15,1.398e-20,8.472e+2,,3.936e-17,4.636e-10,1.750e+1,7.438e-25
550.54,8.309e+2,,2.747e-15,1.399e-20,8.129e+2,,9.776e-17,1.790e-10,1.801e+1,7.475e-25
550.59,7.855e+2,,2.751e-15,1.400e-20,7.672e+2,,2.389e-16,6.793e-11,1.829e+1,7.511e-25
550.64,7.306e+2,,2.754e-15,1.401e-20,7.123e+2,,5.742e-16,2.536e-11,1.833e+1,7.547e-25
550.69,6.686e+2,,2.758e-15,1.403e-20,6.505e+2,,1.358e-15,9.313e-12,1.811e+1,7.584e-25
550.74,6.019e+2,,2.762e-15,1.404e-20,5.843e+2,,3.159e-15,3.363e-12,1.766e+1,7.620e-25
550.79,5.332e+2,,2.766e-15,1.405e-20,5.162e+2,,7.230e-15,1.194e-12,1.699e+1,7.656e-25
550.83,4.784e+2,,2.769e-15,1.406e-20,4.620e+2,,1.386e-14,5.155e-13,1.631e+1,7.685e-25
550.88,4.116e+2,,2.773e-15,1.407e-20,3.963e+2,,3.080e-14,1.777e-13,1.532e+1,7.721e-25
550.93,3.485e+2,,2.777e-15,1.408e-20,3.343e+2,,6.735e-14,6.022e-14,1.420e+1,7.758e-25
550.98,2.904e+2,,2.780e-15,1.410e-20,2.774e+2,,1.449e-13,6.059e-14,1.300e+1,7.794e-25
551.03,2.382e+2,,2.784e-15,1.411e-20,2.265e+2,,3.066e-13,6.096e-14,1.175e+1,7.830e-25
551.08,1.923e+2,,2.788e-15,1.412e-20,1.818e+2,,6.383e-13,6.134e-14,1.049e+1,7.867e-25
551.13,1.529e+2,,2.792e-15,1.413e-20,1.436e+2,,1.307e-12,6.171e-14,9.252e+0,7.903e-25
551.18,1.196e+2,,2.796e-15,1.415e-20,1.116e+2,,2.635e-12,6.208e-14,8.064e+0,7.939e-25
551.23,9.219e+1,,2.799e-15,1.416e-20,8.524e+1,,5.223e-12,6.246e-14,6.948e+0,7.975e-25
551.27,7.404e+1,,2.802e-15,1.417e-20,6.792e+1,,8.924e-12,6.276e-14,6.117e+0,8.004e-25
551.32,5.555e+1,,2.806e-15,1.418e-20,5.038e+1,,1.718e-11,6.313e-14,5.164e+0,8.041e-25
551.37,4.107e+1,,2.810e-15,1.419e-20,3.676e+1,,3.253e-11,6.350e-14,4.312e+0,8.077e-25
551.42,2.994e+1,,2.814e-15,1.420e-20,2.638e+1,,6.062e-11,6.388e-14,3.562e+0,8.113e-25
551.47,2.153e+1,,2.818e-15,1.422e-20,1.862e+1,,1.111e-10,6.425e-14,2.911e+0,8.149e-25
551.52,1.528e+1,,2.821e-15,1.423e-20,1.293e+1,,2.004e-10,6.462e-14,2.353e+0,8.186e-25
551.57,1.071e+1,,2.825e-15,1.424e-20,8.831e+0,,3.554e-10,6.500e-14,1.882e+0,8.222e-25
551.62,7.422e+0,,2.829e-15,1.425e-20,5.933e+0,,6.204e-10,6.537e-14,1.489e+0,8.258e-25
551.66,5.490e+0,,2.832e-15,1.426e-20,4.265e+0,,9.573e-10,6.567e-14,1.225e+0,8.287e-25
551.71,3.731e+0,,2.836e-15,1.428e-20,2.781e+0,,1.622e-9,6.604e-14,9.502e-1,8.324e-25
551.76,2.513e+0,,2.840e-15,1.429e-20,1.784e+0,,2.705e-9,6.642e-14,7.293e-1,8.360e-25
551.81,1.680e+0,,2.843e-15,1.430e-20,1.126e+0,,4.437e-9,6.679e-14,5.540e-1,8.396e-25
551.86,1.115e+0,,2.847e-15,1.431e-20,6.986e-1,,7.160e-9,6.716e-14,4.168e-1,8.432e-25
551.91,7.380e-1,,2.851e-15,1.432e-20,4.265e-1,,1.137e-8,6.754e-14,3.115e-1,8.469e-25
551.96,4.883e-1,,2.855e-15,1.434e-20,2.561e-1,,1.775e-8,6.791e-14,2.322e-1,8.505e-25
552.01,3.257e-1,,2.859e-15,1.435e-20,1.513e-1,,2.728e-8,6.828e-14,1.745e-1,8.541e-25
552.05,2.393e-1,,2.862e-15,1.436e-20,9.810e-2,,3.801e-8,6.858e-14,1.412e-1,8.570e-25
552.10,1.694e-1,,2.865e-15,1.437e-20,5.625e-2,,5.672e-8,6.896e-14,1.131e-1,8.607e-25
552.15,1.299e-1,,2.869e-15,1.438e-20,3.172e-2,,8.325e-8,6.933e-14,9.813e-2,8.643e-25
552.20,1.122e-1,,2.873e-15,1.440e-20,1.760e-2,,1.202e-7,6.970e-14,9.456e-2,8.679e-25
552.25,1.111e-1,,2.877e-15,1.441e-20,9.602e-3,,1.708e-7,7.008e-14,1.015e-1,8.715e-25
552.30,1.237e-1,,2.881e-15,1.442e-20,5.154e-3,,2.387e-7,7.045e-14,1.186e-1,8.752e-25
552.35,1.485e-1,,2.884e-15,1.443e-20,2.721e-3,,3.283e-7,7.082e-14,1.458e-1,8.788e-25
552.40,1.849e-1,,2.888e-15,1.444e-20,1.413e-3,,4.441e-7,7.120e-14,1.835e-1,8.824e-25
552.45,2.327e-1,,2.892e-15,1.446e-20,7.217e-4,,5.910e-7,7.157e-14,2.320e-1,8.860e-25
552.49,2.793e-1,,2.895e-15,1.447e-20,4.167e-4,,7.341e-7,7.187e-14,2.789e-1,8.889e-25
552.54,3.480e-1,,2.899e-15,1.448e-20,2.066e-4,,9.487e-7,7.224e-14,3.478e-1,8.926e-25
552.59,4.282e-1,,2.903e-15,1.449e-20,1.008e-4,,1.206e-6,7.261e-14,4.281e-1,8.962e-25
552.64,5.192e-1,,2.906e-15,1.450e-20,4.835e-5,,1.509e-6,7.299e-14,5.192e-1,8.998e-25
552.69,6.199e-1,,2.910e-15,1.451e-20,2.281e-5,,1.856e-6,7.336e-14,6.199e-1,9.035e-25
552.74,7.285e-1,,2.914e-15,1.453e-20,1.059e-5,,2.247e-6,7.374e-14,7.285e-1,9.071e-25
552.79,8.425e-1,,2.918e-15,1.454e-20,4.835e-6,,2.676e-6,7.411e-14,8.425e-1,9.107e-25
552.84,9.586e-1,,2.922e-15,1.455e-20,2.171e-6,,3.136e-6,7.448e-14,9.586e-1,9.143e-25
552.88,1.051e+0,,2.925e-15,1.456e-20,1.131e-6,,3.518e-6,7.478e-14,1.051e+0,9.172e-25
552.93,1.161e+0,,2.928e-15,1.457e-20,4.930e-7,,4.002e-6,7.515e-14,1.161e+0,9.209e-25
552.98,1.262e+0,,2.932e-15,1.459e-20,2.114e-7,,4.480e-6,7.553e-14,1.262e+0,9.245e-25
553.03,1.351e+0,,2.936e-15,1.460e-20,8.918e-8,,4.933e-6,7.590e-14,1.351e+0,9.281e-25
553.08,1.423e+0,,2.940e-15,1.461e-20,3.700e-8,,5.344e-6,7.627e-14,1.423e+0,9.318e-25
553.13,1.475e+0,,2.944e-15,1.462e-20,1.510e-8,,5.695e-6,7.665e-14,1.475e+0,9.354e-25
553.18,1.505e+0,,2.947e-15,1.463e-20,6.061e-9,,5.971e-6,7.702e-14,1.505e+0,9.390e-25
553.23,1.513e+0,,2.951e-15,1.465e-20,2.393e-9,,6.160e-6,7.740e-14,1.513e+0,9.426e-25
553.28,1.499e+0,,2.955e-15,1.466e-20,9.294e-10,,6.251e-6,7.777e-14,1.499e+0,9.463e-25
553.32,1.473e+0,,2.958e-15,1.467e-20,4.310e-10,,6.251e-6,7.807e-14,1.473e+0,9.492e-25
553.37,1.426e+0,,2.962e-15,1.468e-20,1.625e-10,,6.160e-6,7.844e-14,1.426e+0,9.528e-25
553.42,1.365e+0,,2.966e-15,1.469e-20,6.026e-11,,5.971e-6,7.881e-14,1.365e+0,9.564e-25
553.47,1.297e+0,,2.969e-15,1.471e-20,2.198e-11,,5.695e-6,7.919e-14,1.297e+0,9.600e-25
553.52,1.226e+0,,2.973e-15,1.472e-20,7.886e-12,,5.344e-6,7.956e-14,1.226e+0,9.637e-25
553.57,1.160e+0,,2.977e-15,1.473e-20,2.783e-12,,4.933e-6,7.993e-14,1.160e+0,9.673e-25
553.62,1.105e+0,,2.981e-15,1.474e-20,9.662e-13,,4.480e-6,8.031e-14,1.105e+0,9.709e-25
553.67,1.066e+0,,2.985e-15,1.475e-20,3.299e-13,,4.002e-6,2.338e-13,1.066e+0,9.746e-25
553.71,1.051e+0,,2.988e-15,1.476e-20,3.288e-13,,3.614e-6,5.434e-13,1.051e+0,9.775e-25
553.76,1.055e+0,,2.991e-15,1.478e-20,3.274e-13,,3.136e-6,1.537e-12,1.055e+0,9.811e-25
553.81,1.089e+0,,2.995e-15,1.479e-20,3.260e-13,,2.676e-6,4.277e-12,1.089e+0,9.847e-25
553.86,1.155e+0,,2.999e-15,1.480e-20,3.246e-13,,2.247e-6,1.171e-11,1.155e+0,9.883e-25
553.91,1.253e+0,,3.003e-15,1.481e-20,3.232e-13,,1.856e-6,3.156e-11,1.253e+0,9.920e-25
553.96,1.383e+0,,3.007e-15,1.483e-20,3.218e-13,,1.509e-6,8.390e-11,1.382e+0,9.956e-25
554.01,1.541e+0,,3.010e-15,1.484e-20,3.204e-13,,1.206e-6,2.190e-10,1.541e+0,9.992e-25
554.06,1.724e+0,,3.014e-15,1.485e-20,3.190e-13,,9.487e-7,5.623e-10,1.724e+0,1.003e-24
554.10,1.885e+0,,3.017e-15,1.486e-20,3.179e-13,,7.738e-7,1.182e-9,1.885e+0,1.006e-24
554.15,2.098e+0,,3.021e-15,1.487e-20,3.165e-13,,5.910e-7,2.949e-9,2.098e+0,1.009e-24
554.20,2.317e+0,,3.025e-15,1.488e-20,3.151e-13,,4.441e-7,7.241e-9,2.317e+0,1.013e-24
554.25,2.535e+0,,3.029e-15,1.490e-20,3.137e-13,,3.283e-7,1.750e-8,2.535e+0,1.017e-24
554.30,2.742e+0,,3.033e-15,1.491e-20,3.123e-13,,2.387e-7,4.159e-8,2.742e+0,1.020e-24
554.35,2.931e+0,,3.036e-15,1.492e-20,3.109e-13,,1.708e-7,9.732e-8,2.931e+0,1.024e-24
554.40,3.095e+0,,3.040e-15,1.493e-20,3.095e-13,,1.202e-7,2.241e-7,3.095e+0,1.028e-24
554.45,3.227e+0,,3.044e-15,1.495e-20,3.081e-13,,8.325e-8,5.076e-7,3.227e+0,1.031e-24
554.50,3.322e+0,,3.048e-15,1.496e-20,3.067e-13,,5.672e-8,1.132e-6,3.322e+0,1.035e-24
554.54,3.369e+0,,3.051e-15,1.497e-20,3.056e-13,,4.123e-8,2.125e-6,3.369e+0,1.038e-24
554.59,3.390e+0,,3.055e-15,1.498e-20,3.042e-13,,2.728e-8,4.603e-6,3.390e+0,1.041e-24
554.64,3.369e+0,,3.058e-15,1.499e-20,3.028e-13,,1.775e-8,9.812e-6,3.369e+0,1.045e-24
554.69,3.308e+0,,3.062e-15,1.500e-20,3.014e-13,,1.137e-8,2.058e-5,3.308e+0,1.049e-24
554.74,3.208e+0,,3.066e-15,1.502e-20,3.000e-13,,7.160e-9,4.250e-5,3.208e+0,1.052e-24
554.79,3.074e+0,,3.070e-15,1.503e-20,2.986e-13,,4.437e-9,8.634e-5,3.074e+0,1.056e-24
554.84,2.912e+0,,3.074e-15,1.504e-20,2.972e-13,,2.705e-9,1.727e-4,2.911e+0,1.059e-24
554.89,2.726e+0,,3.077e-15,1.505e-20,2.958e-13,,1.622e-9,3.398e-4,2.725e+0,1.063e-24
554.93,2.564e+0,,3.080e-15,1.506e-20,2.947e-13,,1.065e-9,5.773e-4,2.563e+0,1.066e-24
554.98,2.351e+0,,3.084e-15,1.507e-20,2.933e-13,,6.204e-10,1.104e-3,2.350e+0,1.070e-24
555.03,2.131e+0,,3.088e-15,1.509e-20,2.919e-13,,3.554e-10,2.078e-3,2.129e+0,1.073e-24
555.08,1.911e+0,,3.092e-15,1.510e-20,2.905e-13,,2.004e-10,3.849e-3,1.907e+0,1.077e-24
555.13,1.695e+0,,3.096e-15,1.511e-20,2.891e-13,,1.111e-10,7.018e-3,1.688e+0,1.080e-24
555.18,1.490e+0,,3.099e-15,1.512e-20,2.877e-13,,6.062e-11,1.259e-2,1.477e+0,1.084e-24
555.23,1.299e+0,,3.103e-15,1.514e-20,2.863e-13,,3.253e-11,2.225e-2,1.277e+0,1.088e-24
555.28,1.129e+0,,3.107e-15,1.515e-20,2.849e-13,,1.718e-11,3.868e-2,1.091e+0,1.091e-24
555.33,9.862e-1,,3.111e-15,1.516e-20,2.835e-13,,8.924e-12,6.621e-2,9.200e-1,1.095e-24
555.37,8.963e-1,,3.114e-15,1.517e-20,2.824e-13,,5.223e-12,1.006e-1,7.957e-1,1.098e-24
555.42,8.235e-1,,3.118e-15,1.518e-20,2.810e-13,,2.635e-12,1.674e-1,6.561e-1,1.102e-24
555.47,8.083e-1,,3.121e-15,1.519e-20,2.796e-13,,1.307e-12,2.743e-1,5.340e-1,1.105e-24
555.52,8.712e-1,,3.125e-15,1.521e-20,2.782e-13,,6.383e-13,4.424e-1,4.289e-1,1.109e-24
555.57,1.042e+0,,3.129e-15,1.522e-20,2.768e-13,,3.066e-13,7.024e-1,3.399e-1,1.112e-24
555.62,1.364e+0,,3.133e-15,1.523e-20,2.754e-13,,1.449e-13,1.098e+0,2.656e-1,1.116e-24
555.67,1.896e+0,,3.137e-15,1.524e-20,2.740e-13,,6.735e-14,1.691e+0,2.048e-1,1.120e-24
555.72,2.719e+0,,3.140e-15,1.526e-20,2.726e-13,,3.080e-14,2.563e+0,1.556e-1,1.123e-24
555.76,3.660e+0,,3.143e-15,1.527e-20,2.715e-13,,1.628e-14,3.537e+0,1.236e-1,1.126e-24
555.81,5.308e+0,,3.147e-15,1.528e-20,2.701e-13,,7.230e-15,5.217e+0,9.155e-2,1.130e-24
555.86,7.646e+0,,3.151e-15,1.529e-20,2.687e-13,,3.159e-15,7.579e+0,6.681e-2,1.133e-24
555.91,1.089e+1,,3.155e-15,1.530e-20,2.673e-13,,1.358e-15,1.085e+1,4.803e-2,1.137e-24
555.96,1.532e+1,,3.159e-15,1.531e-20,2.659e-13,,5.742e-16,1.529e+1,3.403e-2,1.141e-24
556.01,2.126e+1,,9.201e-15,1.533e-20,2.645e-13,,2.389e-16,2.124e+1,2.377e-2,1.144e-24
556.06,2.908e+1,,2.638e-14,1.534e-20,2.631e-13,,9.776e-17,2.906e+1,1.638e-2,1.148e-24
556.11,3.920e+1,,7.442e-14,1.535e-20,2.617e-13,,3.936e-17,3.919e+1,1.118e-2,1.152e-24
556.15,4.927e+1,,1.687e-13,1.536e-20,2.606e-13,,1.879e-17,4.926e+1,8.211e-3,1.154e-24
556.20,6.471e+1,,4.625e-13,1.537e-20,2.592e-13,,7.346e-18,6.470e+1,5.646e-3,1.158e-24
556.25,8.378e+1,,1.248e-12,1.539e-20,2.578e-13,,2.826e-18,8.378e+1,4.062e-3,1.162e-24
556.30,1.069e+2,,3.313e-12,1.540e-20,2.564e-13,,1.069e-18,1.069e+2,3.249e-3,1.165e-24
556.35,1.346e+2,,8.656e-12,1.541e-20,2.550e-13,,3.981e-19,1.346e+2,3.094e-3,1.169e-24
556.40,1.669e+2,,2.226e-11,1.542e-20,2.536e-13,,1.458e-19,1.669e+2,3.574e-3,1.173e-24
556.45,2.042e+2,,5.634e-11,1.543e-20,2.522e-13,,5.253e-20,2.042e+2,4.752e-3,1.176e-24
556.50,2.464e+2,,1.403e-10,1.545e-20,2.508e-13,,1.862e-20,2.464e+2,6.779e-3,1.180e-24
556.55,2.932e+2,,3.440e-10,1.546e-20,2.494e-13,,6.494e-21,2.932e+2,9.901e-3,1.183e-24
556.59,3.337e+2,,6.967e-10,1.547e-20,2.483e-13,,2.763e-21,3.337e+2,1.342e-2,1.186e-24
556.64,3.874e+2,,1.659e-9,1.548e-20,2.469e-13,,9.357e-22,3.874e+2,1.947e-2,1.190e-24
556.69,4.437e+2,,3.889e-9,1.549e-20,2.455e-13,,,4.437e+2,2.790e-2,1.194e-24
556.74,5.013e+2,,8.972e-9,1.550e-20,2.441e-13,,,5.013e+2,3.938e-2,1.197e-24
556.79,5.588e+2,,2.037e-8,1.552e-20,2.427e-13,,,5.588e+2,5.473e-2,1.201e-24
556.84,6.146e+2,,4.551e-8,1.553e-20,2.413e-13,,,6.145e+2,7.487e-2,1.205e-24
556.89,6.669e+2,,1.001e-7,1.554e-20,2.399e-13,,,6.668e+2,1.008e-1,1.208e-24
556.94,7.140e+2,,2.165e-7,1.555e-20,2.385e-13,,,7.139e+2,1.335e-1,1.212e-24
556.98,7.468e+2,,3.969e-7,1.556e-20,2.374e-13,,,7.466e+2,1.653e-1,1.215e-24
557.03,7.804e+2,,8.346e-7,1.558e-20,2.360e-13,,,7.802e+2,2.128e-1,1.218e-24
557.08,8.046e+2,,1.727e-6,1.559e-20,2.346e-13,,,8.043e+2,2.695e-1,1.222e-24
557.13,8.185e+2,,3.517e-6,1.560e-20,2.332e-13,,,8.181e+2,3.360e-1,1.226e-24
557.18,8.214e+2,,7.049e-6,1.561e-20,2.318e-13,,,8.210e+2,4.122e-1,1.229e-24
557.23,8.132e+2,,1.390e-5,1.562e-20,2.304e-13,,,8.127e+2,4.976e-1,1.233e-24
557.28,7.944e+2,,2.699e-5,1.564e-20,2.290e-13,,,7.938e+2,5.914e-1,1.236e-24
557.33,7.656e+2,,5.155e-5,1.565e-20,2.276e-13,,,7.649e+2,6.917e-1,1.240e-24
557.37,7.363e+2,,8.553e-5,1.566e-20,2.265e-13,,,7.355e+2,7.752e-1,1.243e-24
557.42,6.931e+2,,1.588e-4,1.567e-20,2.251e-13,,,6.922e+2,8.815e-1,1.247e-24
557.47,6.442e+2,,2.900e-4,1.568e-20,2.237e-13,,,6.433e+2,9.869e-1,1.250e-24
557.52,5.919e+2,,5.214e-4,1.570e-20,2.223e-13,,,5.908e+2,1.088e+0,1.254e-24
557.57,5.381e+2,,9.225e-4,1.571e-20,2.209e-13,,,5.369e+2,1.182e+0,1.257e-24
557.62,4.850e+2,,1.606e-3,1.572e-20,2.195e-13,,,4.838e+2,1.266e+0,1.261e-24
557.67,4.349e+2,,2.752e-3,1.573e-20,2.181e-13,,,4.336e+2,1.336e+0,1.265e-24
557.72,3.896e+2,,4.642e-3,1.574e-20,2.167e-13,,,3.882e+2,1.393e+0,1.268e-24
557.77,3.508e+2,,7.704e-3,1.576e-20,2.153e-13,,,3.494e+2,1.434e+0,1.272e-24
557.81,3.255e+2,,1.142e-2,1.577e-20,2.142e-13,,,3.241e+2,1.456e+0,1.275e-24
557.86,3.020e+2,,1.842e-2,1.578e-20,2.128e-13,,,3.006e+2,1.472e+0,1.279e-24
557.91,2.884e+2,,2.923e-2,1.579e-20,2.114e-13,,,2.869e+2,1.478e+0,1.282e-24
557.96,2.852e+2,,4.566e-2,1.580e-20,2.100e-13,,,2.837e+2,1.477e+0,1.286e-24
558.01,2.925e+2,,7.018e-2,1.582e-20,2.086e-13,,,2.910e+2,1.474e+0,1.289e-24
558.06,3.101e+2,,1.062e-1,1.583e-20,2.072e-13,,,3.085e+2,1.474e+0,1.293e-24
558.11,3.373e+2,,1.581e-1,1.584e-20,2.058e-13,,,3.357e+2,1.482e+0,1.297e-24
558.16,3.731e+2,,2.316e-1,1.585e-20,2.044e-13,,,3.714e+2,1.503e+0,1.300e-24
558.20,4.070e+2,,3.108e-1,1.586e-20,2.033e-13,,,4.052e+2,1.531e+0,1.303e-24
558.25,4.544e+2,,4.424e-1,1.587e-20,2.019e-13,,,4.524e+2,1.582e+0,1.307e-24
558.30,5.056e+2,,6.198e-1,1.589e-20,2.005e-13,,,5.033e+2,1.653e+0,1.310e-24
558.35,5.582e+2,,8.546e-1,1.590e-20,1.991e-13,,,5.556e+2,1.742e+0,1.314e-24
558.40,6.098e+2,,1.160e+0,1.591e-20,1.977e-13,,,6.068e+2,1.847e+0,1.318e-24
558.45,6.579e+2,,1.549e+0,1.592e-20,1.963e-13,,,6.544e+2,1.965e+0,1.321e-24
558.50,7.002e+2,,2.036e+0,1.594e-20,1.949e-13,,,6.961e+2,2.089e+0,1.325e-24
558.55,7.346e+2,,2.633e+0,1.595e-20,1.935e-13,,,7.297e+2,2.213e+0,1.329e-24
558.60,7.592e+2,,3.351e+0,1.596e-20,1.921e-13,,,7.535e+2,2.328e+0,1.332e-24
558.64,7.710e+2,,4.019e+0,1.597e-20,1.910e-13,,,7.645e+2,2.410e+0,1.335e-24
558.69,7.751e+2,,4.970e+0,1.598e-20,1.896e-13,,,7.677e+2,2.494e+0,1.339e-24
558.74,7.674e+2,,6.050e+0,1.599e-20,1.882e-13,,,7.588e+2,2.549e+0,1.342e-24
558.79,7.480e+2,,7.248e+0,1.601e-20,1.868e-13,,,7.382e+2,2.573e+0,1.346e-24
558.84,7.179e+2,,8.545e+0,1.602e-20,1.854e-13,,,7.068e+2,2.562e+0,1.350e-24
558.89,6.785e+2,,9.914e+0,1.603e-20,1.840e-13,,,6.660e+2,2.514e+0,1.353e-24
558.94,6.314e+2,,1.132e+1,1.604e-20,1.826e-13,,,6.177e+2,2.431e+0,1.357e-24
558.99,5.788e+2,,1.272e+1,1.605e-20,1.812e-13,,,5.638e+2,2.316e+0,1.361e-24
559.03,5.340e+2,,1.381e+1,1.606e-20,1.800e-13,,,5.180e+2,2.203e+0,1.363e-24
559.08,4.765e+2,,1.507e+1,1.608e-20,1.786e-13,,,4.594e+2,2.041e+0,1.367e-24
559.13,4.189e+2,,1.620e+1,1.609e-20,1.772e-13,,,4.009e+2,1.861e+0,1.371e-24
559.18,3.631e+2,,1.713e+1,1.610e-20,1.759e-13,,,3.443e+2,1.671e+0,1.374e-24
559.23,3.103e+2,,1.783e+1,1.611e-20,1.745e-13,,,2.910e+2,1.476e+0,1.378e-24
559.28,2.616e+2,,1.826e+1,1.613e-20,1.731e-13,,,2.420e+2,1.284e+0,1.382e-24
559.33,2.176e+2,,1.841e+1,1.614e-20,1.717e-13,,,1.981e+2,1.099e+0,1.385e-24
559.38,1.788e+2,,1.826e+1,1.615e-20,1.703e-13,,,1.596e+2,9.257e-1,1.389e-24
559.42,1.514e+2,,1.794e+1,1.616e-20,1.691e-13,,,1.327e+2,7.978e-1,1.392e-24
559.47,1.218e+2,,1.729e+1,1.617e-20,1.677e-13,,,1.038e+2,6.530e-1,1.395e-24
559.52,9.691e+1,,1.640e+1,1.618e-20,1.663e-13,,,7.998e+1,5.261e-1,1.399e-24
559.57,7.635e+1,,1.531e+1,1.620e-20,1.649e-13,,,6.063e+1,4.170e-1,1.403e-24
559.62,5.962e+1,,1.407e+1,1.621e-20,1.635e-13,,,4.523e+1,3.254e-1,1.406e-24
559.67,4.618e+1,,1.272e+1,1.622e-20,1.621e-13,,,3.321e+1,2.498e-1,1.410e-24
559.72,3.551e+1,,1.132e+1,1.623e-20,1.608e-13,,,2.400e+1,1.888e-1,1.413e-24
559.77,2.715e+1,,9.914e+0,1.625e-20,1.594e-13,,,1.709e+1,1.404e-1,1.417e-24
559.82,2.066e+1,,8.545e+0,1.626e-20,1.580e-13,,,1.201e+1,1.027e-1,1.421e-24
559.86,1.657e+1,,7.500e+0,1.627e-20,1.568e-13,,,8.988e+0,7.911e-2,1.424e-24
559.91,1.258e+1,,6.281e+0,1.628e-20,1.554e-13,,,6.242e+0,5.625e-2,1.427e-24
559.96,9.613e+0,,5.177e+0,1.629e-20,1.540e-13,,,4.397e+0,3.936e-2,1.431e-24
560.01,7.487e+0,,4.199e+0,1.630e-20,1.526e-13,,,3.261e+0,2.710e-2,1.435e-24
560.06,6.076e+0,,3.352e+0,1.632e-20,1.512e-13,,,2.706e+0,1.837e-2,1.438e-24
560.11,5.319e+0,,2.634e+0,1.633e-20,1.498e-13,,,2.673e+0,1.225e-2,1.442e-24
560.16,5.211e+0,,2.037e+0,1.634e-20,1.484e-13,,,3.166e+0,8.040e-3,1.445e-24
560.21,5.814e+0,,1.551e+0,1.635e-20,1.470e-13,,,4.258e+0,5.193e-3,1.449e-24
560.25,6.894e+0,,1.233e+0,1.636e-20,1.459e-13,,,5.658e+0,3.619e-3,1.452e-24
560.30,9.162e+0,,9.132e-1,1.638e-20,1.445e-13,,,8.246e+0,2.271e-3,1.456e-24
560.35,1.272e+1,,6.668e-1,1.639e-20,1.431e-13,,,1.205e+1,1.402e-3,1.459e-24
560.40,1.794e+1,,4.806e-1,1.640e-20,1.417e-13,,,1.745e+1,8.524e-4,1.463e-24
560.45,2.531e+1,,3.429e-1,1.641e-20,1.403e-13,,,2.496e+1,5.098e-4,1.466e-24
560.50,3.543e+1,,2.433e-1,1.642e-20,1.389e-13,,,3.519e+1,3.001e-4,1.470e-24
560.55,4.901e+1,,1.732e-1,1.644e-20,1.375e-13,,,4.884e+1,1.738e-4,1.474e-24
560.60,6.687e+1,,1.254e-1,1.645e-20,1.361e-13,,,6.674e+1,9.910e-5,1.477e-24
560.64,8.481e+1,,9.941e-2,1.646e-20,1.350e-13,,,8.471e+1,6.249e-5,1.480e-24
560.69,1.126e+2,,7.831e-2,1.647e-20,1.336e-13,,,1.125e+2,3.461e-5,1.484e-24
560.74,1.471e+2,,6.663e-2,1.648e-20,1.322e-13,,,1.471e+2,1.887e-5,1.487e-24
560.79,1.893e+2,,6.166e-2,1.649e-20,1.308e-13,,,1.892e+2,1.012e-5,1.491e-24
560.84,2.397e+2,,6.137e-2,1.651e-20,1.294e-13,,,2.397e+2,5.342e-6,1.495e-24
560.89,2.988e+2,,6.425e-2,1.652e-20,1.280e-13,,,2.988e+2,2.775e-6,1.498e-24
560.94,3.666e+2,,6.915e-2,1.653e-20,1.266e-13,,,3.666e+2,1.419e-6,1.502e-24
560.99,4.428e+2,,7.519e-2,1.654e-20,1.252e-13,,,4.427e+2,7.140e-7,1.506e-24
561.04,5.263e+2,,8.166e-2,1.656e-20,1.238e-13,,,5.262e+2,3.535e-7,1.509e-24
561.08,5.975e+2,,8.676e-2,1.657e-20,1.227e-13,,,5.974e+2,1.992e-7,1.512e-24
561.13,6.902e+2,,9.266e-2,1.658e-20,1.213e-13,,,6.901e+2,9.581e-8,1.516e-24
561.18,7.848e+2,,9.766e-2,1.659e-20,1.199e-13,,,7.847e+2,4.536e-8,1.519e-24
561.23,8.782e+2,,1.015e-1,1.660e-20,1.185e-13,,,8.781e+2,2.114e-8,1.523e-24
561.28,9.674e+2,,1.038e-1,1.661e-20,1.171e-13,,,9.673e+2,9.691e-9,1.527e-24
561.33,1.049e+3,,1.046e-1,1.663e-20,1.157e-13,,,1.049e+3,4.373e-9,1.530e-24
561.38,1.119e+3,,1.037e-1,1.664e-20,1.143e-13,,,1.119e+3,1.942e-9,1.534e-24
561.43,1.176e+3,,1.013e-1,1.665e-20,1.129e-13,,,1.176e+3,8.488e-10,1.538e-24
561.47,1.209e+3,,9.824e-2,1.666e-20,1.118e-13,,,1.209e+3,4.330e-10,1.540e-24
561.52,1.234e+3,,9.323e-2,1.667e-20,3.210e-13,,,1.234e+3,1.847e-10,1.544e-24
561.57,1.240e+3,,8.708e-2,1.669e-20,9.073e-13,,,1.240e+3,7.941e-11,1.548e-24
561.62,1.226e+3,,8.005e-2,1.670e-20,2.524e-12,,,1.226e+3,3.825e-11,1.551e-24
561.67,1.194e+3,,7.243e-2,1.671e-20,6.915e-12,,,1.194e+3,2.936e-11,1.555e-24
561.72,1.144e+3,,6.451e-2,1.672e-20,1.865e-11,,,1.144e+3,4.558e-11,1.559e-24
561.77,1.079e+3,,5.655e-2,1.673e-20,4.950e-11,,,1.078e+3,9.932e-11,1.562e-24
561.82,1.001e+3,,4.879e-2,1.675e-20,1.294e-10,,,1.001e+3,2.311e-10,1.566e-24
561.87,9.146e+2,,4.143e-2,1.676e-20,3.328e-10,,,9.146e+2,5.369e-10,1.569e-24
561.91,8.412e+2,,3.594e-2,1.677e-20,7.008e-10,,,8.412e+2,1.044e-9,1.572e-24
561.96,7.470e+2,,2.966e-2,1.678e-20,1.753e-9,,,7.469e+2,2.364e-9,1.576e-24
562.01,6.529e+2,,2.410e-2,1.679e-20,4.316e-9,,,6.529e+2,5.270e-9,1.580e-24
562.06,5.618e+2,,1.927e-2,1.681e-20,1.046e-8,,,5.618e+2,1.157e-8,1.583e-24
562.11,4.759e+2,,1.516e-2,1.682e-20,2.496e-8,,,4.759e+2,2.499e-8,1.587e-24
562.16,3.969e+2,,1.174e-2,1.683e-20,5.864e-8,,,3.969e+2,5.316e-8,1.590e-24
562.21,3.261e+2,,8.952e-3,1.684e-20,1.356e-7,,,3.261e+2,1.113e-7,1.594e-24
562.26,2.641e+2,,6.717e-3,1.685e-20,3.088e-7,,,2.640e+2,2.295e-7,1.598e-24
562.30,2.208e+2,,5.277e-3,1.686e-20,5.896e-7,,,2.208e+2,4.048e-7,1.601e-24
562.35,1.747e+2,,3.848e-3,1.688e-20,1.305e-6,,,1.747e+2,8.113e-7,1.604e-24
562.40,1.369e+2,,2.762e-3,1.689e-20,2.844e-6,,,1.369e+2,1.601e-6,1.608e-24
562.45,1.068e+2,,1.951e-3,1.690e-20,6.100e-6,,,1.068e+2,3.109e-6,1.612e-24
562.50,8.351e+1,,1.357e-3,1.691e-20,1.288e-5,,,8.351e+1,5.946e-6,1.615e-24
562.55,6.625e+1,,9.285e-4,1.692e-20,2.678e-5,,,6.624e+1,1.119e-5,1.619e-24
562.60,5.415e+1,,6.254e-4,1.694e-20,5.480e-5,,,5.415e+1,2.075e-5,1.622e-24
562.65,4.645e+1,,4.147e-4,1.695e-20,1.104e-4,,,4.645e+1,3.785e-5,1.626e-24
562.69,4.295e+1,,2.951e-4,1.696e-20,1.912e-4,,,4.295e+1,6.056e-5,1.629e-24
562.74,4.137e+1,,1.901e-4,1.697e-20,3.745e-4,,,4.137e+1,1.074e-4,1.633e-24
562.79,4.235e+1,,1.206e-4,1.698e-20,7.221e-4,,,4.235e+1,1.876e-4,4.679e-24
562.84,4.536e+1,,7.526e-5,1.700e-20,1.371e-3,,,4.536e+1,3.226e-4,1.320e-23
562.89,4.996e+1,,4.624e-5,1.701e-20,2.562e-3,,,4.996e+1,5.461e-4,3.668e-23
562.94,5.571e+1,,2.796e-5,1.702e-20,4.713e-3,,,5.570e+1,9.102e-4,1.003e-22
562.99,6.220e+1,,1.664e-5,1.703e-20,8.535e-3,,,6.219e+1,1.493e-3,2.702e-22
563.04,6.907e+1,,9.748e-6,1.704e-20,1.522e-2,,,6.905e+1,2.413e-3,7.163e-22
563.09,7.595e+1,,5.621e-6,1.706e-20,2.671e-2,,,7.592e+1,3.838e-3,1.870e-21
563.13,8.122e+1,,3.577e-6,1.707e-20,4.142e-2,,,8.117e+1,5.501e-3,3.983e-21
563.18,8.725e+1,,2.004e-6,1.708e-20,7.068e-2,,,8.717e+1,8.508e-3,1.011e-20
563.23,9.240e+1,,1.105e-6,1.709e-20,1.187e-1,,,9.227e+1,1.296e-2,2.526e-20
563.28,9.641e+1,,6.001e-7,1.710e-20,1.964e-1,,,9.619e+1,1.943e-2,6.213e-20
563.33,9.910e+1,,3.206e-7,1.712e-20,3.197e-1,,,9.876e+1,2.869e-2,1.505e-19
563.38,1.004e+2,,1.686e-7,1.713e-20,5.123e-1,,,9.982e+1,4.170e-2,3.587e-19
563.43,1.002e+2,,8.728e-8,1.714e-20,8.084e-1,,,9.934e+1,5.970e-2,8.421e-19
563.48,9.866e+1,,4.446e-8,1.715e-20,1.256e+0,,,9.732e+1,8.417e-2,1.946e-18
563.52,9.653e+1,,2.563e-8,1.716e-20,1.766e+0,,,9.465e+1,1.096e-1,3.762e-18
563.57,9.296e+1,,1.269e-8,1.717e-20,2.666e+0,,,9.014e+1,1.502e-1,8.453e-18
563.62,8.867e+1,,6.184e-9,1.719e-20,3.964e+0,,,8.450e+1,2.029e-1,1.870e-17
563.67,8.405e+1,,2.966e-9,1.720e-20,5.801e+0,,,7.798e+1,2.699e-1,4.073e-17
563.72,7.954e+1,,1.400e-9,1.721e-20,8.358e+0,,,7.083e+1,3.535e-1,8.734e-17
563.77,7.565e+1,,6.506e-10,1.722e-20,1.185e+1,,,6.334e+1,4.562e-1,1.844e-16
563.82,7.288e+1,,2.976e-10,1.724e-20,1.655e+1,,,5.575e+1,5.798e-1,3.832e-16
563.87,7.178e+1,,1.339e-10,1.725e-20,2.275e+1,,,4.830e+1,7.259e-1,7.842e-16
563.92,7.288e+1,,5.934e-11,1.726e-20,3.078e+1,,,4.120e+1,8.954e-1,1.580e-15
563.96,7.568e+1,,3.059e-11,1.727e-20,3.877e+1,,,3.587e+1,1.048e+0,2.736e-15
564.01,8.200e+1,,1.317e-11,1.728e-20,5.100e+1,,,2.974e+1,1.258e+0,5.359e-15
564.06,9.181e+1,,5.582e-12,1.729e-20,6.605e+1,,,2.427e+1,1.489e+0,1.034e-14
564.11,1.054e+2,,2.329e-12,1.731e-20,8.422e+1,,,1.950e+1,1.736e+0,1.962e-14
564.16,1.231e+2,,9.560e-13,1.732e-20,1.057e+2,,,1.542e+1,1.995e+0,3.668e-14
564.21,1.449e+2,,3.863e-13,1.733e-20,1.306e+2,,,1.200e+1,2.260e+0,6.751e-14
564.26,1.706e+2,,1.537e-13,1.734e-20,1.589e+2,,,9.196e+0,2.523e+0,1.223e-13
564.31,2.000e+2,,6.015e-14,1.736e-20,1.902e+2,,,6.937e+0,2.777e+0,2.182e-13
564.35,2.257e+2,,2.808e-14,1.736e-20,2.173e+2,,,5.473e+0,2.969e+0,3.428e-13
564.40,2.602e+2,,1.068e-14,1.738e-20,2.530e+2,,,4.013e+0,3.186e+0,5.946e-13
564.45,2.962e+2,,4.001e-15,1.739e-20,2.899e+2,,,2.897e+0,3.372e+0,1.015e-12
564.50,3.327e+2,,1.475e-15,1.740e-20,3.272e+2,,,2.058e+0,3.520e+0,1.707e-12
564.55,3.685e+2,,5.350e-16,1.741e-20,3.634e+2,,,1.439e+0,3.625e+0,2.825e-12
564.60,4.022e+2,,1.910e-16,1.743e-20,3.975e+2,,,9.908e-1,3.682e+0,4.603e-12
564.65,4.324e+2,,6.713e-17,1.744e-20,4.281e+2,,,6.715e-1,3.691e+0,7.385e-12
564.70,4.580e+2,,2.322e-17,1.745e-20,4.539e+2,,,4.479e-1,3.651e+0,1.166e-11
564.74,4.743e+2,,2.372e-17,1.746e-20,4.704e+2,,,3.204e-1,3.585e+0,1.663e-11
564.79,4.890e+2,,2.434e-17,1.747e-20,4.853e+2,,,2.077e-1,3.463e+0,2.553e-11
564.84,4.966e+2,,2.496e-17,1.748e-20,4.932e+2,,,1.326e-1,3.303e+0,3.860e-11
564.89,4.971e+2,,2.558e-17,1.750e-20,4.939e+2,,,8.331e-2,3.109e+0,5.746e-11
564.94,4.906e+2,,2.620e-17,1.751e-20,4.877e+2,,,5.153e-2,2.890e+0,8.421e-11
564.99,4.779e+2,,2.682e-17,1.752e-20,4.752e+2,,,3.137e-2,2.652e+0,1.215e-10
565.04,4.599e+2,,2.744e-17,1.753e-20,4.575e+2,,,1.880e-2,2.403e+0,1.726e-10
565.09,4.381e+2,,2.806e-17,1.755e-20,4.359e+2,,,1.109e-2,2.150e+0,2.414e-10
565.14,4.141e+2,,2.869e-17,1.756e-20,4.122e+2,,,6.442e-3,1.899e+0,3.323e-10
565.18,3.946e+2,,2.918e-17,1.757e-20,3.929e+2,,,4.124e-3,1.704e+0,4.244e-10
565.23,3.716e+2,,2.980e-17,1.758e-20,3.701e+2,,,2.328e-3,1.471e+0,5.682e-10
565.28,3.518e+2,,3.043e-17,1.759e-20,3.506e+2,,,1.294e-3,1.254e+0,7.489e-10
565.33,3.374e+2,,3.105e-17,1.760e-20,3.363e+2,,,7.075e-4,1.056e+0,9.718e-10
565.38,3.300e+2,,3.167e-17,1.762e-20,3.291e+2,,,3.810e-4,8.774e-1,1.241e-9
565.43,3.311e+2,,3.229e-17,1.763e-20,3.304e+2,,,2.019e-4,7.197e-1,1.561e-9
565.48,3.421e+2,,3.291e-17,1.764e-20,3.415e+2,,,1.054e-4,5.828e-1,1.934e-9
565.53,3.636e+2,,3.353e-17,1.765e-20,3.631e+2,,,5.411e-5,4.657e-1,2.357e-9
565.57,3.886e+2,,3.403e-17,1.766e-20,3.882e+2,,,3.139e-5,3.855e-1,2.731e-9
565.62,4.295e+2,,3.465e-17,1.768e-20,4.292e+2,,,1.567e-5,3.008e-1,3.238e-9
565.67,4.805e+2,,3.527e-17,1.769e-20,4.802e+2,,,7.702e-6,2.315e-1,3.779e-9
565.72,5.402e+2,,3.589e-17,1.770e-20,5.400e+2,,,3.726e-6,1.758e-1,4.342e-9
565.77,6.070e+2,,3.651e-17,1.771e-20,6.069e+2,,,1.775e-6,1.317e-1,4.913e-9
565.82,6.785e+2,,3.713e-17,1.772e-20,6.784e+2,,,8.337e-7,9.726e-2,5.473e-9
565.87,7.521e+2,,3.775e-17,1.774e-20,7.520e+2,,,3.886e-7,7.085e-2,6.002e-9
565.92,8.246e+2,,3.838e-17,1.775e-20,8.246e+2,,,1.856e-7,5.088e-2,6.483e-9
565.96,8.799e+2,,3.887e-17,1.776e-20,8.799e+2,,,1.138e-7,3.865e-2,6.818e-9
566.01,9.428e+2,,3.949e-17,1.777e-20,9.428e+2,,,9.100e-8,2.705e-2,7.163e-9
566.06,9.963e+2,,4.011e-17,1.778e-20,9.962e+2,,,1.310e-7,1.867e-2,7.412e-9
566.11,1.038e+3,,4.074e-17,1.780e-20,1.038e+3,,,2.583e-7,1.269e-2,7.556e-9
566.16,1.065e+3,,4.136e-17,1.781e-20,1.065e+3,,,5.489e-7,8.508e-3,7.590e-9
566.21,1.077e+3,,4.198e-17,1.782e-20,1.077e+3,,,1.171e-6,5.618e-3,7.515e-9
566.26,1.073e+3,,4.260e-17,1.783e-20,1.073e+3,,,2.469e-6,3.656e-3,7.339e-9
566.31,1.053e+3,,4.322e-17,5.045e-20,1.053e+3,,,5.129e-6,2.344e-3,7.073e-9
566.36,1.019e+3,,4.384e-17,1.406e-19,1.019e+3,,,1.049e-5,1.480e-3,6.735e-9
566.40,9.823e+2,,4.434e-17,3.155e-19,9.823e+2,,,1.840e-5,1.014e-3,6.425e-9
566.45,9.275e+2,,4.496e-17,8.550e-19,9.275e+2,,,3.662e-5,6.233e-4,6.009e-9
566.50,8.650e+2,,4.558e-17,2.281e-18,8.650e+2,,,7.174e-5,3.774e-4,5.580e-9
566.55,7.981e+2,,4.620e-17,5.995e-18,7.981e+2,,,1.384e-4,2.251e-4,5.161e-9
566.60,7.302e+2,,4.682e-17,1.551e-17,7.302e+2,,,2.629e-4,1.322e-4,4.771e-9
566.65,6.646e+2,,4.744e-17,3.952e-17,6.646e+2,,,4.918e-4,7.648e-5,4.427e-9
566.70,6.042e+2,,4.807e-17,9.915e-17,6.042e+2,,,9.059e-4,4.357e-5,4.142e-9
566.75,5.517e+2,,4.869e-17,2.450e-16,5.517e+2,,,1.643e-3,2.444e-5,3.922e-9
566.79,5.169e+2,,4.918e-17,4.995e-16,5.169e+2,,,2.616e-3,1.522e-5,3.795e-9
566.84,4.838e+2,,4.980e-17,1.200e-15,4.837e+2,,,4.614e-3,8.308e-6,3.695e-9
566.89,4.630e+2,,5.043e-17,2.840e-15,4.630e+2,,,8.013e-3,4.464e-6,3.656e-9
566.94,4.550e+2,,5.105e-17,6.617e-15,4.550e+2,,,1.370e-2,2.362e-6,3.668e-9
566.99,4.596e+2,,5.167e-17,1.518e-14,4.595e+2,,,2.307e-2,1.231e-6,3.717e-9
567.04,4.759e+2,,5.229e-17,3.430e-14,4.758e+2,,,3.826e-2,6.313e-7,3.790e-9
567.09,5.026e+2,,5.291e-17,7.631e-14,5.025e+2,,,6.246e-2,3.189e-7,3.870e-9
567.14,5.379e+2,,5.353e-17,1.672e-13,5.378e+2,,,1.004e-1,1.586e-7,3.943e-9
567.19,5.797e+2,,5.415e-17,3.607e-13,5.795e+2,,,1.589e-1,7.765e-8,3.995e-9
567.23,6.161e+2,,5.465e-17,6.598e-13,6.159e+2,,,2.269e-1,4.337e-8,4.014e-9
567.28,6.633e+2,,5.527e-17,1.384e-12,6.629e+2,,,3.493e-1,2.065e-8,4.001e-9
567.33,7.100e+2,,5.589e-17,2.860e-12,7.095e+2,,,5.295e-1,9.680e-9,3.943e-9
567.38,7.539e+2,,5.651e-17,5.820e-12,7.531e+2,,,7.903e-1,4.468e-9,3.838e-9
567.43,7.926e+2,,5.713e-17,1.166e-11,7.915e+2,,,1.161e+0,2.030e-9,3.685e-9
567.48,8.245e+2,,5.776e-17,2.300e-11,8.228e+2,,,1.681e+0,9.081e-10,3.489e-9
567.53,8.480e+2,,5.838e-17,4.469e-11,8.456e+2,,,2.395e+0,3.999e-10,3.256e-9
567.58,8.622e+2,,5.900e-17,8.549e-11,8.588e+2,,,3.360e+0,1.734e-10,2.994e-9
567.62,8.666e+2,,5.949e-17,1.421e-10,8.622e+2,,,4.357e+0,8.788e-11,2.770e-9
567.67,8.633e+2,,6.012e-17,2.643e-10,8.574e+2,,,5.945e+0,3.705e-11,2.479e-9
567.72,8.508e+2,,6.074e-17,4.843e-10,8.428e+2,,,7.987e+0,1.538e-11,2.186e-9
567.77,8.300e+2,,6.136e-17,8.738e-10,8.194e+2,,,1.057e+1,6.283e-12,1.899e-9
567.82,8.021e+2,,6.198e-17,1.552e-9,7.884e+2,,,1.376e+1,2.527e-12,1.626e-9
567.87,7.688e+2,,6.260e-17,2.716e-9,7.511e+2,,,1.766e+1,1.001e-12,1.374e-9
567.92,7.317e+2,,6.322e-17,4.678e-9,7.094e+2,,,2.230e+1,3.894e-13,1.146e-9
567.97,6.926e+2,,6.384e-17,7.936e-9,6.649e+2,,,2.773e+1,1.495e-13,9.475e-10
568.01,6.612e+2,,6.434e-17,1.198e-8,6.286e+2,,,3.265e+1,6.873e-14,8.103e-10
568.06,6.232e+2,,6.496e-17,1.976e-8,5.837e+2,,,3.949e+1,2.565e-14,6.671e-10
568.11,5.880e+2,,6.558e-17,3.211e-8,5.410e+2,,,4.703e+1,9.425e-15,5.558e-10
568.16,5.570e+2,,6.620e-17,5.137e-8,5.019e+2,,,5.515e+1,3.409e-15,4.765e-10
568.21,5.313e+2,,6.682e-17,8.094e-8,4.677e+2,,,6.368e+1,1.214e-15,4.288e-10
568.26,5.116e+2,,6.745e-17,1.256e-7,4.392e+2,,,7.240e+1,4.255e-16,4.127e-10
568.31,4.984e+2,,6.807e-17,1.918e-7,4.173e+2,,,8.105e+1,4.224e-16,4.282e-10
568.36,4.915e+2,,6.869e-17,2.885e-7,4.022e+2,,,8.934e+1,4.193e-16,4.756e-10
568.41,4.908e+2,,6.931e-17,4.274e-7,3.938e+2,,,9.697e+1,4.161e-16,5.554e-10
568.45,4.942e+2,,6.981e-17,5.788e-7,3.918e+2,,,1.024e+2,4.136e-16,6.431e-10
568.50,5.027e+2,,7.043e-17,8.339e-7,3.946e+2,,,1.081e+2,4.105e-16,7.830e-10
568.55,5.146e+2,,7.105e-17,1.183e-6,4.023e+2,,,1.123e+2,4.074e-16,9.568e-10
568.60,5.287e+2,,7.167e-17,1.653e-6,4.137e+2,,,1.150e+2,4.043e-16,1.164e-9
568.65,5.434e+2,,7.229e-17,2.274e-6,4.276e+2,,,1.159e+2,4.011e-16,1.404e-9
568.70,5.572e+2,,7.291e-17,3.080e-6,4.422e+2,,,1.150e+2,3.980e-16,1.673e-9
568.75,5.686e+2,,7.353e-17,4.108e-6,4.562e+2,,,1.123e+2,3.949e-16,1.968e-9
568.80,5.762e+2,,7.415e-17,5.397e-6,4.681e+2,,,1.081e+2,3.918e-16,2.284e-9
568.84,5.787e+2,,7.465e-17,6.638e-6,4.751e+2,,,1.036e+2,3.893e-16,2.547e-9
568.89,5.769e+2,,7.527e-17,8.481e-6,4.799e+2,,,9.697e+1,3.861e-16,2.880e-9
568.94,5.690e+2,,7.589e-17,1.067e-5,4.796e+2,,,8.934e+1,3.830e-16,3.211e-9
568.99,5.548e+2,,7.651e-17,1.322e-5,4.737e+2,,,8.105e+1,3.799e-16,3.529e-9
569.04,5.345e+2,,7.714e-17,1.612e-5,4.621e+2,,,7.240e+1,3.767e-16,3.823e-9
569.09,5.087e+2,,7.776e-17,1.937e-5,4.451e+2,,,6.368e+1,3.736e-16,4.083e-9
569.14,4.784e+2,,7.838e-17,2.291e-5,4.232e+2,,,5.515e+1,3.705e-16,4.301e-9
569.19,4.445e+2,,7.900e-17,2.669e-5,3.975e+2,,,4.703e+1,3.674e-16,4.469e-9
569.23,4.159e+2,,7.950e-17,2.982e-5,3.749e+2,,,4.094e+1,3.649e-16,4.562e-9
569.28,3.791e+2,,8.012e-17,3.378e-5,3.452e+2,,,3.396e+1,1.031e-15,4.627e-9
569.33,3.428e+2,,8.074e-17,3.769e-5,3.150e+2,,,2.773e+1,2.867e-15,4.632e-9
569.38,3.081e+2,,8.136e-17,4.140e-5,2.858e+2,,,2.230e+1,7.854e-15,4.579e-9
569.43,2.764e+2,,8.198e-17,4.478e-5,2.587e+2,,,1.766e+1,2.119e-14,4.472e-9
569.48,2.486e+2,,8.260e-17,4.770e-5,2.348e+2,,,1.376e+1,5.631e-14,4.317e-9
569.53,2.255e+2,,8.322e-17,5.004e-5,2.150e+2,,,1.057e+1,1.474e-13,4.123e-9
569.58,2.078e+2,,8.384e-17,5.168e-5,1.998e+2,,,7.987e+0,3.799e-13,3.898e-9
569.63,1.958e+2,,8.446e-17,5.257e-5,1.898e+2,,,5.945e+0,9.643e-13,3.652e-9
569.67,1.902e+2,,8.496e-17,5.270e-5,1.856e+2,,,4.642e+0,2.010e-12,3.445e-9
569.72,1.883e+2,,8.558e-17,5.213e-5,1.849e+2,,,3.360e+0,4.963e-12,3.183e-9
569.77,1.915e+2,,8.620e-17,5.078e-5,1.891e+2,,,2.395e+0,1.207e-11,2.923e-9
569.82,1.994e+2,,8.682e-17,4.871e-5,1.977e+2,,,1.681e+0,2.892e-11,2.671e-9
569.87,2.113e+2,,8.745e-17,4.602e-5,2.101e+2,,,1.161e+0,6.824e-11,2.433e-9
569.92,2.263e+2,,8.807e-17,4.280e-5,2.255e+2,,,7.903e-1,1.586e-10,2.213e-9
569.97,2.436e+2,,8.869e-17,3.920e-5,2.431e+2,,,5.295e-1,3.629e-10,2.014e-9
570.02,2.623e+2,,8.931e-17,3.536e-5,2.620e+2,,,3.493e-1,8.179e-10,1.837e-9
570.06,2.778e+2,,8.981e-17,3.220e-5,2.775e+2,,,2.477e-1,1.550e-9,1.712e-9
570.11,2.970e+2,,9.043e-17,2.824e-5,2.968e+2,,,1.589e-1,3.399e-9,1.579e-9
570.16,3.155e+2,,9.105e-17,2.440e-5,3.154e+2,,,1.004e-1,7.340e-9,1.472e-9
570.21,3.328e+2,,9.167e-17,2.075e-5,3.327e+2,,,6.246e-2,1.561e-8,1.393e-9
570.26,3.484e+2,,9.229e-17,1.738e-5,3.484e+2,,,3.826e-2,3.271e-8,1.346e-9
570.31,3.622e+2,,9.291e-17,1.434e-5,3.622e+2,,,2.307e-2,6.748e-8,1.333e-9
570.36,3.742e+2,,9.353e-17,1.165e-5,3.741e+2,,,1.370e-2,1.371e-7,1.358e-9
570.41,3.842e+2,,9.415e-17,9.315e-6,3.842e+2,,,8.013e-3,2.744e-7,1.426e-9
570.46,3.927e+2,,9.478e-17,7.336e-6,3.927e+2,,,4.614e-3,5.408e-7,1.542e-9
570.50,3.985e+2,,9.527e-17,5.994e-6,3.985e+2,,,2.934e-3,9.204e-7,1.672e-9
570.55,4.048e+2,,9.589e-17,4.594e-6,4.048e+2,,,1.643e-3,1.765e-6,1.886e-9
570.60,4.104e+2,,9.651e-17,3.468e-6,4.104e+2,,,9.059e-4,3.333e-6,2.157e-9
570.65,4.154e+2,,9.714e-17,2.581e-6,4.154e+2,,,4.918e-4,6.199e-6,2.488e-9
570.70,4.203e+2,,9.776e-17,1.895e-6,4.203e+2,,,2.629e-4,1.136e-5,2.876e-9
570.75,4.251e+2,,9.838e-17,1.377e-6,4.251e+2,,,1.384e-4,2.049e-5,3.318e-9
570.80,4.300e+2,,9.900e-17,9.965e-7,4.300e+2,,,7.174e-5,3.640e-5,3.805e-9
570.85,4.350e+2,,9.962e-17,7.264e-7,4.350e+2,,,3.662e-5,6.370e-5,4.328e-9
570.89,4.389e+2,,1.001e-16,5.759e-7,4.389e+2,,,2.114e-5,9.858e-5,4.762e-9
570.94,4.438e+2,,1.007e-16,4.562e-7,4.438e+2,,,1.049e-5,1.678e-4,5.312e-9
570.99,4.484e+2,,1.014e-16,4.019e-7,4.484e+2,,,5.129e-6,2.814e-4,5.854e-9
571.04,4.526e+2,,1.020e-16,4.066e-7,4.526e+2,,,2.468e-6,4.647e-4,6.371e-9
571.09,4.562e+2,,1.026e-16,4.688e-7,4.562e+2,,,1.170e-6,7.559e-4,6.846e-9
571.14,4.590e+2,,1.032e-16,5.913e-7,4.590e+2,,,5.458e-7,1.211e-3,7.264e-9
571.19,4.608e+2,,1.038e-16,7.809e-7,4.608e+2,,,2.507e-7,1.910e-3,7.613e-9
571.24,4.616e+2,,1.045e-16,1.048e-6,4.616e+2,,,1.134e-7,2.968e-3,7.885e-9
571.28,4.613e+2,,1.050e-16,1.327e-6,4.613e+2,,,5.947e-8,4.176e-3,8.047e-9
571.33,4.598e+2,,1.056e-16,1.770e-6,4.598e+2,,,2.617e-8,6.312e-3,8.180e-9
571.38,4.570e+2,,1.062e-16,2.333e-6,4.570e+2,,,1.134e-8,9.397e-3,8.245e-9
571.43,4.528e+2,,1.068e-16,3.034e-6,4.528e+2,,,4.835e-9,1.378e-2,8.254e-9
571.48,4.472e+2,,1.074e-16,3.889e-6,4.472e+2,,,2.031e-9,1.990e-2,8.223e-9
571.53,4.401e+2,,1.081e-16,4.911e-6,4.401e+2,,,8.400e-10,2.830e-2,8.172e-9
571.58,4.315e+2,,1.087e-16,6.108e-6,4.314e+2,,,3.421e-10,3.964e-2,8.120e-9
571.63,4.213e+2,,1.093e-16,7.483e-6,4.213e+2,,,1.372e-10,5.468e-2,8.087e-9
571.68,4.096e+2,,1.099e-16,9.029e-6,4.096e+2,,,5.416e-11,7.429e-2,8.088e-9
571.72,3.992e+2,,1.104e-16,1.038e-5,3.991e+2,,,2.547e-11,9.389e-2,8.121e-9
571.77,3.847e+2,,1.110e-16,1.218e-5,3.845e+2,,,9.779e-12,1.241e-1,8.210e-9
571.82,3.686e+2,,1.117e-16,1.408e-5,3.685e+2,,,3.697e-12,1.616e-1,8.350e-9
571.87,3.512e+2,,1.123e-16,1.603e-5,3.510e+2,,,1.377e-12,2.071e-1,8.538e-9
571.92,3.324e+2,,1.129e-16,1.798e-5,3.321e+2,,,5.046e-13,2.616e-1,8.762e-9
571.97,3.124e+2,,1.135e-16,1.986e-5,3.121e+2,,,1.822e-13,3.253e-1,9.007e-9
572.02,2.914e+2,,1.142e-16,2.160e-5,2.910e+2,,,6.474e-14,3.984e-1,9.253e-9
572.07,2.697e+2,,1.148e-16,2.313e-5,2.692e+2,,,6.332e-14,4.806e-1,9.480e-9
572.11,2.520e+2,,1.153e-16,2.417e-5,2.514e+2,,,6.217e-14,5.523e-1,9.635e-9
572.16,2.296e+2,,1.159e-16,2.519e-5,2.290e+2,,,6.075e-14,6.482e-1,9.782e-9
572.21,2.074e+2,,1.165e-16,2.585e-5,2.066e+2,,,5.932e-14,7.492e-1,9.864e-9
572.26,1.855e+2,,1.171e-16,2.613e-5,1.846e+2,,,5.789e-14,8.529e-1,9.877e-9
572.31,1.643e+2,,1.178e-16,2.601e-5,1.633e+2,,,5.647e-14,9.562e-1,9.821e-9
572.36,1.440e+2,,1.184e-16,2.550e-5,1.430e+2,,,5.504e-14,1.056e+0,9.704e-9
572.41,1.250e+2,,1.190e-16,2.462e-5,1.239e+2,,,5.361e-14,1.148e+0,9.541e-9
572.46,1.074e+2,,1.196e-16,2.341e-5,1.062e+2,,,5.218e-14,1.230e+0,9.356e-9
572.51,9.145e+1,,1.202e-16,2.192e-5,9.015e+1,,,5.076e-14,1.297e+0,9.175e-9
572.55,7.992e+1,,1.207e-16,2.057e-5,7.859e+1,,,4.961e-14,1.339e+0,9.053e-9
572.60,6.717e+1,,1.214e-16,1.874e-5,6.579e+1,,,4.819e-14,1.374e+0,8.955e-9
572.65,5.631e+1,,1.220e-16,1.682e-5,5.492e+1,,,4.676e-14,1.389e+0,8.943e-9
572.70,4.742e+1,,1.226e-16,1.486e-5,4.604e+1,,,4.533e-14,1.383e+0,9.042e-9
572.75,4.054e+1,,1.232e-16,1.293e-5,3.918e+1,,,4.391e-14,1.355e+0,9.269e-9
572.80,3.572e+1,,1.238e-16,1.108e-5,3.441e+1,,,4.248e-14,1.309e+0,9.635e-9
572.85,3.305e+1,,1.245e-16,9.357e-6,3.180e+1,,,4.105e-14,1.244e+0,1.014e-8
572.90,3.262e+1,,1.251e-16,7.779e-6,3.146e+1,,,1.151e-13,1.165e+0,1.077e-8
572.94,3.399e+1,,1.256e-16,6.637e-6,3.290e+1,,,2.599e-13,1.094e+0,1.136e-8
572.99,3.800e+1,,1.262e-16,5.368e-6,3.700e+1,,,7.094e-13,9.967e-1,1.217e-8
573.04,4.474e+1,,1.268e-16,4.276e-6,4.384e+1,,,1.907e-12,8.945e-1,1.303e-8
573.09,5.444e+1,,1.274e-16,3.354e-6,5.365e+1,,,5.052e-12,7.905e-1,1.391e-8
573.14,6.735e+1,,1.281e-16,2.591e-6,6.666e+1,,,1.318e-11,6.881e-1,1.476e-8
573.19,8.368e+1,,1.287e-16,1.972e-6,8.309e+1,,,3.387e-11,5.899e-1,1.553e-8
573.24,1.036e+2,,1.293e-16,1.477e-6,1.031e+2,,,8.576e-11,4.981e-1,1.620e-8
573.29,1.272e+2,,1.299e-16,1.090e-6,1.268e+2,,,2.139e-10,4.142e-1,1.673e-8
573.33,1.486e+2,,1.304e-16,8.457e-7,1.483e+2,,,4.395e-10,3.534e-1,1.703e-8
573.38,1.786e+2,,1.311e-16,6.072e-7,1.783e+2,,,1.067e-9,2.859e-1,1.726e-8
573.43,2.117e+2,,1.317e-16,4.294e-7,2.114e+2,,,2.550e-9,2.278e-1,1.732e-8
573.48,2.473e+2,,1.323e-16,2.990e-7,2.471e+2,,,6.007e-9,1.788e-1,1.721e-8
573.53,2.847e+2,,1.329e-16,2.051e-7,2.846e+2,,,1.394e-8,1.382e-1,1.697e-8
573.58,3.229e+2,,1.335e-16,1.385e-7,3.228e+2,,,3.185e-8,1.052e-1,1.663e-8
573.63,3.609e+2,,1.342e-16,9.215e-8,3.608e+2,,,7.169e-8,7.884e-2,1.621e-8
573.68,3.973e+2,,1.348e-16,6.037e-8,3.972e+2,,,1.590e-7,5.820e-2,1.578e-8
573.73,4.308e+2,,1.354e-16,3.895e-8,4.308e+2,,,3.473e-7,4.232e-2,1.538e-8
573.77,4.547e+2,,1.359e-16,2.713e-8,4.546e+2,,,6.418e-7,3.244e-2,1.510e-8
573.82,4.798e+2,,1.365e-16,1.703e-8,4.798e+2,,,1.365e-6,2.295e-2,1.484e-8
573.87,4.988e+2,,1.371e-16,1.053e-8,4.988e+2,,,2.858e-6,1.599e-2,1.470e-8
573.92,5.107e+2,,1.378e-16,6.411e-9,5.107e+2,,,5.895e-6,1.097e-2,1.471e-8
573.97,5.151e+2,,1.384e-16,3.844e-9,5.151e+2,,,1.198e-5,7.415e-3,1.487e-8
574.02,5.117e+2,,1.390e-16,2.270e-9,5.117e+2,,,2.398e-5,4.935e-3,1.516e-8
574.07,5.007e+2,,1.396e-16,1.320e-9,5.007e+2,,,4.729e-5,3.235e-3,1.558e-8
574.12,4.826e+2,,1.402e-16,7.562e-10,4.826e+2,,,9.185e-5,2.089e-3,1.609e-8
574.16,4.635e+2,,1.407e-16,4.789e-10,4.635e+2,,,1.545e-4,1.456e-3,1.654e-8
574.21,4.347e+2,,1.414e-16,2.669e-10,4.347e+2,,,2.921e-4,9.143e-4,1.712e-8
574.26,4.016e+2,,1.420e-16,1.465e-10,4.016e+2,,,5.440e-4,5.656e-4,1.769e-8
574.31,3.655e+2,,1.426e-16,7.916e-11,3.655e+2,,,9.980e-4,3.446e-4,1.821e-8
574.36,3.276e+2,,1.432e-16,4.214e-11,3.276e+2,,,1.803e-3,2.068e-4,1.865e-8
574.41,2.893e+2,,1.438e-16,2.209e-11,2.893e+2,,,3.210e-3,1.222e-4,1.898e-8
574.46,2.516e+2,,1.445e-16,1.141e-11,2.516e+2,,,5.628e-3,7.111e-5,1.918e-8
574.51,2.155e+2,,1.451e-16,5.799e-12,2.155e+2,,,9.721e-3,4.076e-5,1.926e-8
574.55,1.883e+2,,1.456e-16,3.339e-12,1.883e+2,,,1.489e-2,2.583e-5,1.923e-8
574.60,1.570e+2,,1.462e-16,1.652e-12,1.570e+2,,,2.503e-2,1.441e-5,1.911e-8
574.65,1.290e+2,,1.468e-16,8.047e-13,1.289e+2,,,4.144e-2,7.912e-6,1.891e-8
574.70,1.043e+2,,1.474e-16,3.861e-13,1.043e+2,,,6.760e-2,4.280e-6,1.866e-8
574.75,8.317e+1,,1.481e-16,1.825e-13,8.306e+1,,,1.086e-1,2.280e-6,1.841e-8
574.80,6.535e+1,,1.487e-16,8.491e-14,6.518e+1,,,1.719e-1,1.196e-6,1.819e-8
574.85,5.064e+1,,1.493e-16,3.892e-14,5.038e+1,,,2.680e-1,6.182e-7,1.805e-8
574.90,3.876e+1,,1.499e-16,1.757e-14,3.835e+1,,,4.117e-1,3.146e-7,1.802e-8
574.95,2.938e+1,,1.506e-16,7.809e-15,2.876e+1,,,6.228e-1,1.577e-7,1.813e-8
574.99,2.346e+1,,1.511e-16,4.038e-15,2.260e+1,,,8.580e-1,8.977e-8,1.833e-8
575.04,1.775e+1,,1.517e-16,1.746e-15,1.649e+1,,,1.263e+0,4.379e-8,1.873e-8
575.09,1.369e+1,,1.523e-16,7.439e-16,1.185e+1,,,1.832e+0,2.106e-8,1.930e-8
575.14,1.101e+1,,1.529e-16,3.121e-16,8.393e+0,,,2.618e+0,1.003e-8,2.002e-8
575.19,9.538e+0,,1.535e-16,1.289e-16,5.854e+0,,,3.684e+0,4.822e-9,2.087e-8
575.24,9.130e+0,,1.542e-16,5.246e-17,4.022e+0,,,5.108e+0,2.563e-9,2.181e-8
575.29,9.698e+0,,1.548e-16,2.102e-17,2.722e+0,,,6.976e+0,1.955e-9,2.279e-8
575.34,1.120e+1,,1.554e-16,8.295e-18,1.817e+0,,,9.384e+0,2.657e-9,2.376e-8
575.38,1.307e+1,,1.559e-16,3.900e-18,1.302e+0,,,1.177e+1,4.428e-9,2.448e-8
575.43,1.626e+1,,1.565e-16,1.497e-18,8.510e-1,,,1.541e+1,9.272e-9,2.528e-8
575.48,2.043e+1,,1.571e-16,5.661e-19,5.555e-1,,,1.987e+1,1.976e-8,2.590e-8
575.53,2.562e+1,,1.578e-16,2.108e-19,3.703e-1,,,2.525e+1,4.178e-8,2.629e-8
575.58,3.186e+1,,1.584e-16,7.732e-20,2.656e-1,,,3.160e+1,8.711e-8,2.640e-8
575.63,3.917e+1,,1.590e-16,2.793e-20,2.241e-1,,,3.895e+1,1.790e-7,2.622e-8
575.68,4.754e+1,,1.596e-16,9.935e-21,2.392e-1,,,4.730e+1,3.624e-7,2.573e-8
575.73,5.689e+1,,1.602e-16,,3.154e-1,,,5.658e+1,7.230e-7,2.493e-8
575.78,6.714e+1,,1.609e-16,,4.686e-1,,,6.667e+1,1.421e-6,2.384e-8
575.82,7.587e+1,,1.614e-16,,6.660e-1,,,7.520e+1,2.413e-6,2.278e-8
575.87,8.729e+1,,1.620e-16,,1.044e+0,,,8.624e+1,4.617e-6,2.126e-8
575.92,9.906e+1,,1.626e-16,,1.630e+0,,,9.743e+1,8.704e-6,1.957e-8
575.97,1.109e+2,,1.632e-16,,2.517e+0,,,1.084e+2,1.616e-5,1.775e-8
576.02,1.227e+2,,1.638e-16,,3.833e+0,,,1.188e+2,2.958e-5,1.588e-8
576.07,1.341e+2,,1.645e-16,,5.753e+0,,,1.283e+2,5.333e-5,1.401e-8
576.12,1.450e+2,,1.651e-16,,8.509e+0,,,1.365e+2,9.473e-5,1.218e-8
576.17,1.554e+2,,1.657e-16,,1.240e+1,,,1.430e+2,1.658e-4,1.045e-8
576.21,1.634e+2,,1.662e-16,,1.657e+1,,,1.469e+2,2.567e-4,9.154e-9
576.26,1.733e+2,,1.668e-16,,2.351e+1,,,1.498e+2,4.375e-4,7.671e-9
576.31,1.833e+2,,1.674e-16,,3.284e+1,,,1.504e+2,7.346e-4,6.358e-9
576.36,1.941e+2,,1.681e-16,,4.520e+1,,,1.489e+2,1.216e-3,5.223e-9
576.41,2.064e+2,,1.687e-16,,6.129e+1,,,1.451e+2,1.982e-3,4.269e-9
576.46,2.212e+2,,1.693e-16,,8.186e+1,,,1.393e+2,3.185e-3,3.490e-9
576.51,2.395e+2,,1.699e-16,,1.077e+2,,,1.318e+2,5.043e-3,2.878e-9
576.56,2.624e+2,,1.706e-16,,1.396e+2,,,1.228e+2,7.870e-3,2.420e-9
576.60,2.848e+2,,1.711e-16,,1.700e+2,,,1.148e+2,1.112e-2,2.155e-9
576.65,3.186e+2,,1.717e-16,,2.145e+2,,,1.041e+2,1.690e-2,1.934e-9
576.70,3.596e+2,,1.723e-16,,2.666e+2,,,9.296e+1,2.532e-2,1.822e-9
576.75,4.083e+2,,1.729e-16,,3.264e+2,,,8.179e+1,3.739e-2,1.802e-9
576.80,4.647e+2,,1.735e-16,,3.938e+2,,,7.089e+1,5.443e-2,1.857e-9
576.85,5.285e+2,,1.742e-16,,4.679e+2,,,6.053e+1,7.811e-2,1.971e-9
576.90,5.988e+2,,1.748e-16,,5.478e+2,,,5.090e+1,1.105e-1,2.129e-9
576.95,6.742e+2,,1.754e-16,,6.318e+2,,,4.217e+1,1.541e-1,2.316e-9
577.00,7.526e+2,,1.760e-16,,7.180e+2,,,3.442e+1,2.119e-1,2.517e-9
577.04,8.160e+2,,1.765e-16,,7.868e+2,,,2.894e+1,2.707e-1,2.680e-9
577.09,8.938e+2,,1.771e-16,,8.704e+2,,,2.298e+1,3.630e-1,2.874e-9
577.14,9.673e+2,,1.778e-16,,9.489e+2,,,1.798e+1,4.801e-1,3.048e-9
577.19,1.034e+3,,1.784e-16,,1.019e+3,,,1.386e+1,6.264e-1,3.192e-9
577.24,1.091e+3,,1.790e-16,,1.079e+3,,,1.052e+1,8.060e-1,3.297e-9
577.29,1.136e+3,,1.796e-16,,1.127e+3,,,7.868e+0,1.023e+0,3.358e-9
577.34,1.167e+3,,1.802e-16,,1.160e+3,,,5.796e+0,1.282e+0,3.371e-9
577.39,1.183e+3,,1.809e-16,,1.178e+3,,,4.206e+0,1.584e+0,3.334e-9
577.43,1.186e+3,,1.814e-16,,1.181e+3,,,3.219e+0,1.860e+0,3.271e-9
577.48,1.177e+3,,1.820e-16,,1.172e+3,,,2.274e+0,2.245e+0,3.151e-9
577.53,1.155e+3,,1.826e-16,,1.151e+3,,,1.582e+0,2.676e+0,2.990e-9
577.58,1.123e+3,,1.832e-16,,1.119e+3,,,1.084e+0,3.149e+0,2.797e-9
577.63,1.084e+3,,1.838e-16,,1.079e+3,,,7.318e-1,3.659e+0,2.578e-9
577.68,1.041e+3,,1.845e-16,,1.036e+3,,,4.867e-1,4.199e+0,2.342e-9
577.73,9.976e+2,,1.851e-16,,9.925e+2,,,3.188e-1,4.760e+0,2.098e-9
577.78,9.586e+2,,1.857e-16,,9.530e+2,,,2.057e-1,5.330e+0,1.855e-9
577.83,9.271e+2,,1.863e-16,,9.210e+2,,,1.308e-1,5.897e+0,1.619e-9
577.87,9.095e+2,,1.868e-16,,9.031e+2,,,9.001e-2,6.338e+0,1.441e-9
577.92,8.992e+2,,1.875e-16,,8.922e+2,,,5.568e-2,6.862e+0,1.234e-9
577.97,9.034e+2,,1.881e-16,,8.961e+2,,,3.393e-2,7.342e+0,1.050e-9
578.02,9.232e+2,,1.887e-16,,9.154e+2,,,2.037e-2,7.764e+0,8.917e-10
578.07,9.583e+2,,1.893e-16,,9.502e+2,,,1.204e-2,8.114e+0,7.599e-10
578.12,1.007e+3,,1.899e-16,,9.990e+2,,,7.016e-3,8.381e+0,6.550e-10
578.17,1.068e+3,,1.906e-16,,1.060e+3,,,4.025e-3,8.556e+0,5.765e-10
578.22,1.138e+3,,1.912e-16,,1.129e+3,,,2.275e-3,8.633e+0,5.227e-10
578.26,1.197e+3,,1.917e-16,,1.189e+3,,,1.426e-3,8.622e+0,4.962e-10
578.31,1.273e+3,,1.923e-16,,1.264e+3,,,7.843e-4,8.516e+0,4.814e-10
578.36,1.345e+3,,1.929e-16,,1.337e+3,,,4.250e-4,8.313e+0,4.844e-10
578.41,1.410e+3,,1.935e-16,,1.402e+3,,,2.269e-4,8.018e+0,5.023e-10
578.46,1.463e+3,,1.942e-16,,1.456e+3,,,1.193e-4,7.641e+0,5.317e-10
578.51,1.501e+3,,1.948e-16,,1.494e+3,,,6.178e-5,7.193e+0,5.697e-10
578.56,1.521e+3,,1.954e-16,,1.514e+3,,,3.152e-5,6.689e+0,6.133e-10
578.61,1.521e+3,,1.960e-16,,1.515e+3,,,1.584e-5,6.144e+0,6.598e-10
578.65,1.506e+3,,1.965e-16,,1.501e+3,,,9.038e-6,5.688e+0,6.976e-10
578.70,1.470e+3,,1.971e-16,,1.464e+3,,,4.421e-6,5.107e+0,7.440e-10
578.75,1.413e+3,,1.978e-16,,1.409e+3,,,2.130e-6,4.527e+0,7.884e-10
578.80,1.340e+3,,1.984e-16,,1.336e+3,,,1.011e-6,3.961e+0,8.305e-10
578.85,1.252e+3,,1.990e-16,,1.249e+3,,,4.727e-7,3.421e+0,8.705e-10
578.90,1.153e+3,,1.996e-16,,1.150e+3,,,2.177e-7,2.916e+0,9.099e-10
578.95,1.047e+3,,2.002e-16,,1.045e+3,,,9.876e-8,2.453e+0,9.510e-10
579.00,9.378e+2,,2.009e-16,,9.357e+2,,,4.414e-8,2.036e+0,9.970e-10
579.05,8.285e+2,,2.015e-16,,8.268e+2,,,1.943e-8,1.667e+0,1.052e-9
579.09,7.436e+2,,2.020e-16,,7.422e+2,,,9.970e-9,1.407e+0,1.105e-9
579.14,6.431e+2,,2.026e-16,,6.420e+2,,,4.272e-9,1.124e+0,1.187e-9
579.19,5.515e+2,,2.032e-16,,5.506e+2,,,1.803e-9,8.853e-1,1.291e-9
579.24,4.708e+2,,2.038e-16,,4.701e+2,,,7.495e-10,6.878e-1,1.421e-9
579.29,4.028e+2,,2.045e-16,,4.023e+2,,,3.070e-10,5.270e-1,1.581e-9
579.34,3.489e+2,,2.051e-16,,3.485e+2,,,1.238e-10,3.981e-1,1.772e-9
579.39,3.098e+2,,2.057e-16,,3.095e+2,,,4.921e-11,2.966e-1,1.995e-9
579.44,2.865e+2,,2.063e-16,,2.863e+2,,,1.926e-11,2.178e-1,2.249e-9
579.48,2.795e+2,,2.068e-16,,2.793e+2,,,8.998e-12,1.684e-1,2.472e-9
579.53,2.855e+2,,2.075e-16,,2.854e+2,,,3.428e-12,1.205e-1,2.770e-9
579.58,3.084e+2,,2.081e-16,,3.083e+2,,,1.286e-12,8.503e-2,3.083e-9
579.63,3.482e+2,,2.087e-16,,3.481e+2,,,4.756e-13,5.913e-2,3.401e-9
579.68,4.048e+2,,2.093e-16,,4.048e+2,,,1.732e-13,4.053e-2,3.713e-9
579.73,4.780e+2,,2.099e-16,,4.780e+2,,,6.212e-14,2.738e-2,4.008e-9
579.78,5.670e+2,,2.106e-16,,5.670e+2,,,,1.823e-2,4.273e-9
579.83,6.707e+2,,2.112e-16,,6.707e+2,,,,1.197e-2,4.498e-9
579.87,7.631e+2,,2.117e-16,,7.631e+2,,,,8.454e-3,4.643e-9
579.92,8.885e+2,,2.123e-16,,8.884e+2,,,,5.404e-3,4.772e-9
579.97,1.022e+3,,2.129e-16,,1.022e+3,,,,3.404e-3,4.840e-9
580.02,1.160e+3,,2.135e-16,,1.160e+3,,,,2.114e-3,4.845e-9
580.07,1.299e+3,,2.142e-16,,1.299e+3,,,,1.293e-3,4.789e-9
580.12,1.434e+3,,2.148e-16,,1.434e+3,,,,7.796e-4,4.678e-9
580.17,1.560e+3,,2.154e-16,,1.560e+3,,,,4.632e-4,4.521e-9
580.22,1.672e+3,,2.160e-16,,1.672e+3,,,,2.711e-4,4.332e-9
580.27,1.766e+3,,2.166e-16,,1.766e+3,,,,1.564e-4,4.124e-9
580.31,1.825e+3,,2.171e-16,,1.825e+3,,,,9.967e-5,3.957e-9
580.36,1.878e+3,,2.178e-16,,1.878e+3,,,,5.600e-5,3.761e-9
580.41,1.903e+3,,2.184e-16,,1.903e+3,,,,3.100e-5,3.599e-9
580.46,1.900e+3,,2.190e-16,,1.900e+3,,,,1.691e-5,3.488e-9
580.51,1.869e+3,,2.196e-16,,1.869e+3,,,,9.088e-6,3.446e-9
580.56,1.812e+3,,2.202e-16,,1.812e+3,,,,4.813e-6,3.489e-9
580.61,1.730e+3,,2.209e-16,,1.730e+3,,,,2.512e-6,3.631e-9
580.66,1.628e+3,,2.215e-16,,1.628e+3,,,,1.292e-6,3.881e-9
580.70,1.534e+3,,2.220e-16,,1.534e+3,,,,7.506e-7,4.165e-9
580.75,1.406e+3,,2.226e-16,,1.406e+3,,,,3.758e-7,4.627e-9
580.80,1.269e+3,,2.232e-16,,1.269e+3,,,,1.854e-7,5.209e-9
580.85,1.128e+3,,2.238e-16,,1.128e+3,,,,9.013e-8,5.908e-9
580.90,9.888e+2,,2.245e-16,,9.888e+2,,,,4.317e-8,6.717e-9
580.95,8.537e+2,,2.251e-16,,8.537e+2,,,,2.037e-8,7.624e-9
581.00,7.262e+2,,2.257e-16,,7.262e+2,,,,9.474e-9,8.616e-9
581.05,6.086e+2,,2.263e-16,,6.086e+2,,,,4.341e-9,9.676e-9
581.10,5.026e+2,,2.270e-16,,5.026e+2,,,,1.960e-9,1.078e-8
581.14,4.266e+2,,2.275e-16,,4.266e+2,,,,1.026e-9,1.169e-8
581.19,3.430e+2,,2.281e-16,,3.430e+2,,,,4.511e-10,1.283e-8
581.24,2.717e+2,,2.287e-16,,2.717e+2,,,,1.954e-10,1.396e-8
581.29,2.121e+2,,2.293e-16,,2.121e+2,,,,8.337e-11,1.505e-8
581.34,1.631e+2,,2.299e-16,,1.631e+2,,,,3.505e-11,1.607e-8
581.39,1.235e+2,,2.306e-16,,1.235e+2,,,,1.452e-11,1.702e-8
581.44,9.223e+1,,2.312e-16,,9.223e+1,,,,5.928e-12,1.786e-8
581.49,6.783e+1,,2.318e-16,,6.783e+1,,,,2.384e-12,1.858e-8
581.53,5.249e+1,,2.323e-16,,5.249e+1,,,,1.138e-12,1.906e-8
581.58,3.759e+1,,2.329e-16,,3.759e+1,,,,4.456e-13,1.953e-8
581.63,2.652e+1,,2.335e-16,,2.652e+1,,,,1.719e-13,1.985e-8
581.68,1.844e+1,,2.342e-16,,1.844e+1,,,,6.536e-14,2.004e-8
581.73,1.263e+1,,2.348e-16,,1.263e+1,,,,2.448e-14,2.011e-8
581.78,8.521e+0,,2.354e-16,,8.521e+0,,,,9.035e-15,2.010e-8
581.83,5.665e+0,,2.360e-16,,5.665e+0,,,,3.285e-15,2.006e-8
581.88,3.711e+0,,2.366e-16,,3.711e+0,,,,8.938e-16,2.008e-8
581.92,2.618e+0,,5.333e-16,,2.618e+0,,,,7.264e-16,2.022e-8
581.97,1.670e+0,,1.453e-15,,1.670e+0,,,,9.251e-16,2.068e-8
582.02,1.049e+0,,3.902e-15,,1.049e+0,,,,2.513e-15,2.165e-8
582.07,6.497e-1,,1.033e-14,,6.497e-1,,,,6.728e-15,2.341e-8
582.12,3.963e-1,,2.694e-14,,3.963e-1,,,,1.775e-14,2.631e-8
582.17,2.382e-1,,6.924e-14,,2.382e-1,,,,4.616e-14,3.077e-8
582.22,1.411e-1,,1.754e-13,,1.411e-1,,,,1.183e-13,3.734e-8
582.27,8.231e-2,,4.379e-13,,8.231e-2,,,,2.987e-13,4.664e-8
582.32,4.732e-2,,1.077e-12,,4.732e-2,,,,7.435e-13,5.943e-8
582.36,3.007e-2,,2.191e-12,,3.007e-2,,,,1.526e-12,7.272e-8
582.41,1.683e-2,,5.250e-12,,1.683e-2,,,,3.699e-12,9.394e-8
582.46,9.281e-3,,1.240e-11,,9.281e-3,,,,8.839e-12,1.212e-7
582.51,5.043e-3,,2.886e-11,,5.043e-3,,,,2.081e-11,1.554e-7
582.56,2.700e-3,,6.620e-11,,2.700e-3,,,,4.830e-11,1.974e-7
582.61,1.424e-3,,1.497e-10,,1.424e-3,,,,1.105e-10,2.482e-7
582.66,7.404e-4,,3.334e-10,,7.400e-4,,,,2.489e-10,3.083e-7
582.71,3.793e-4,,7.321e-10,,3.789e-4,,,,5.529e-10,3.779e-7
582.75,2.199e-4,,1.359e-9,,2.195e-4,,,,1.036e-9,4.404e-7
582.80,1.099e-4,,2.907e-9,,1.094e-4,,,,2.242e-9,5.266e-7
582.85,5.438e-5,,6.127e-9,,5.374e-5,,,,4.780e-9,6.208e-7
582.90,2.675e-5,,1.273e-8,,2.601e-5,,,,1.004e-8,7.215e-7
582.95,1.328e-5,,2.606e-8,,1.240e-5,,,,2.080e-8,8.265e-7
583.00,6.855e-6,,5.257e-8,,5.827e-6,,,,4.245e-8,9.332e-7
583.05,3.925e-6,,1.045e-7,,2.697e-6,,,,8.539e-8,1.038e-6
583.10,2.743e-6,,2.048e-7,,1.230e-6,,,,1.693e-7,1.139e-6
583.14,2.499e-6,,3.471e-7,,6.494e-7,,,,2.896e-7,1.213e-6
583.19,2.806e-6,,6.625e-7,,2.884e-7,,,,5.591e-7,1.296e-6
583.24,3.800e-6,,1.246e-6,,1.262e-7,,,,1.064e-6,1.364e-6
583.29,5.774e-6,,2.310e-6,,5.439e-8,,,,1.995e-6,1.414e-6
583.34,9.377e-6,,4.220e-6,,2.310e-8,,,,3.688e-6,1.446e-6
583.39,1.578e-5,,7.599e-6,,9.685e-9,,,,6.717e-6,1.456e-6
583.44,2.699e-5,,1.348e-5,,4.036e-9,,,,1.206e-5,1.446e-6
583.49,4.632e-5,,2.358e-5,,1.747e-9,,,,2.133e-5,1.414e-6
583.54,7.918e-5,,4.063e-5,,9.670e-10,,,,3.719e-5,1.364e-6
583.58,1.209e-4,,6.214e-5,,9.627e-10,,,,5.741e-5,1.310e-6
583.63,2.030e-4,,1.043e-4,,1.706e-9,,,,9.749e-5,1.230e-6
583.68,3.369e-4,,1.726e-4,,3.832e-9,,,,1.632e-4,1.139e-6
583.73,5.515e-4,,2.814e-4,,8.926e-9,,,,2.691e-4,1.038e-6
583.78,8.905e-4,,4.521e-4,,2.067e-8,,,,4.375e-4,9.334e-7
583.83,1.418e-3,,7.159e-4,,4.722e-8,,,,7.008e-4,8.270e-7
583.88,2.225e-3,,1.117e-3,,1.064e-7,,,,1.106e-3,7.221e-7
583.93,3.441e-3,,1.718e-3,,2.362e-7,,,,1.721e-3,6.217e-7
583.97,4.827e-3,,2.399e-3,,4.424e-7,,,,2.426e-3,5.459e-7
584.02,7.273e-3,,3.595e-3,,9.569e-7,,,,3.677e-3,4.582e-7
584.07,1.080e-2,,5.308e-3,,2.040e-6,,,,5.492e-3,3.795e-7
584.12,1.581e-2,,7.723e-3,,4.286e-6,,,,8.084e-3,3.102e-7
584.17,2.281e-2,,1.107e-2,,8.874e-6,,,,1.173e-2,2.506e-7
584.22,3.244e-2,,1.565e-2,,1.811e-5,,,,1.677e-2,2.003e-7
584.27,4.546e-2,,2.180e-2,,3.643e-5,,,,2.362e-2,1.588e-7
584.32,6.280e-2,,2.993e-2,,7.221e-5,,,,3.280e-2,1.252e-7
584.37,8.552e-2,,4.049e-2,,1.411e-4,,,,4.489e-2,9.861e-8
584.41,1.084e-1,,5.103e-2,,2.386e-4,,,,5.709e-2,8.181e-8
584.46,1.438e-1,,6.725e-2,,4.541e-4,,,,7.610e-2,6.555e-8
584.51,1.882e-1,,8.736e-2,,8.518e-4,,,,9.997e-2,5.371e-8
584.56,2.428e-1,,1.118e-1,,1.575e-3,,,,1.294e-1,4.547e-8
584.61,3.091e-1,,1.411e-1,,2.870e-3,,,,1.651e-1,4.009e-8
584.66,3.883e-1,,1.755e-1,,5.154e-3,,,,2.076e-1,3.695e-8
584.71,4.817e-1,,2.152e-1,,9.122e-3,,,,2.573e-1,3.552e-8
584.76,5.903e-1,,2.601e-1,,1.591e-2,,,,3.142e-1,3.538e-8
584.80,6.891e-1,,2.996e-1,,2.458e-2,,,,3.649e-1,3.595e-8
584.85,8.288e-1,,3.530e-1,,4.177e-2,,,,4.340e-1,3.727e-8
584.90,9.888e-1,,4.100e-1,,6.996e-2,,,,5.088e-1,3.907e-8
584.95,1.173e+0,,4.696e-1,,1.155e-1,,,,5.879e-1,4.116e-8
585.00,1.388e+0,,5.305e-1,,1.879e-1,,,,6.694e-1,4.339e-8
585.05,1.644e+0,,5.912e-1,,3.013e-1,,,,7.512e-1,4.564e-8
585.10,1.957e+0,,6.501e-1,,4.761e-1,,,,8.308e-1,4.779e-8
585.15,2.353e+0,,7.056e-1,,7.415e-1,,,,9.054e-1,4.977e-8
585.19,2.752e+0,,7.465e-1,,1.046e+0,,,,9.599e-1,5.117e-8
585.24,3.398e+0,,7.922e-1,,1.587e+0,,,,1.019e+0,5.265e-8
585.29,4.271e+0,,8.308e-1,,2.374e+0,,,,1.066e+0,5.376e-8
585.34,5.460e+0,,8.617e-1,,3.498e+0,,,,1.099e+0,5.447e-8
585.39,7.084e+0,,8.845e-1,,5.082e+0,,,,1.117e+0,5.475e-8
585.44,9.294e+0,,8.994e-1,,7.276e+0,,,,1.119e+0,5.458e-8
585.49,1.228e+1,,9.069e-1,,1.027e+1,,,,1.104e+0,5.398e-8
585.54,1.626e+1,,9.079e-1,,1.428e+1,,,,1.074e+0,5.297e-8
585.59,2.150e+1,,9.037e-1,,1.957e+1,,,,1.029e+0,5.158e-8
585.63,2.680e+1,,8.973e-1,,2.492e+1,,,,9.848e-1,5.024e-8
585.68,3.508e+1,,8.869e-1,,3.328e+1,,,,9.196e-1,4.832e-8
585.73,4.551e+1,,8.749e-1,,4.379e+1,,,,8.462e-1,4.620e-8
585.78,5.843e+1,,8.626e-1,,5.680e+1,,,,7.674e-1,4.394e-8
585.83,7.414e+1,,8.507e-1,,7.260e+1,,,,6.858e-1,4.161e-8
585.88,9.291e+1,,8.400e-1,,9.147e+1,,,,6.041e-1,3.928e-8
585.93,1.149e+2,,8.307e-1,,1.136e+2,,,,5.244e-1,3.698e-8
585.98,1.403e+2,,8.229e-1,,1.390e+2,,,,4.486e-1,3.475e-8
586.02,1.629e+2,,8.175e-1,,1.617e+2,,,,3.918e-1,3.304e-8
586.07,1.939e+2,,8.116e-1,,1.927e+2,,,,3.265e-1,3.101e-8
586.12,2.275e+2,,8.060e-1,,2.265e+2,,,,2.681e-1,2.909e-8
586.17,2.633e+2,,8.001e-1,,2.623e+2,,,,2.170e-1,2.728e-8
586.22,3.003e+2,,7.934e-1,,2.993e+2,,,,1.731e-1,2.556e-8
586.27,3.376e+2,,7.852e-1,,3.367e+2,,,,1.360e-1,2.393e-8
586.32,3.742e+2,,7.751e-1,,3.733e+2,,,,1.054e-1,2.238e-8
586.37,4.087e+2,,7.628e-1,,4.079e+2,,,,8.047e-2,2.090e-8
586.42,4.401e+2,,7.480e-1,,4.393e+2,,,,6.055e-2,1.948e-8
586.46,4.620e+2,,7.342e-1,,4.612e+2,,,,4.773e-2,1.840e-8
586.51,4.846e+2,,7.147e-1,,4.839e+2,,,,3.500e-2,1.712e-8
586.56,5.010e+2,,6.924e-1,,5.003e+2,,,,2.531e-2,1.594e-8
586.61,5.105e+2,,6.676e-1,,5.099e+2,,,,1.807e-2,1.488e-8
586.66,5.127e+2,,6.403e-1,,5.121e+2,,,,1.277e-2,1.399e-8
586.71,5.075e+2,,6.106e-1,,5.069e+2,,,,8.991e-3,1.328e-8
586.76,4.951e+2,,5.787e-1,,4.945e+2,,,,6.394e-3,1.281e-8
586.81,4.761e+2,,5.448e-1,,4.755e+2,,,,4.733e-3,1.259e-8
586.85,4.565e+2,,5.164e-1,,4.560e+2,,,,3.964e-3,1.261e-8
586.90,4.276e+2,,4.797e-1,,4.272e+2,,,,3.626e-3,1.292e-8
586.95,3.948e+2,,4.418e-1,,3.944e+2,,,,3.966e-3,1.355e-8
587.00,3.592e+2,,4.034e-1,,3.588e+2,,,,5.049e-3,1.449e-8
587.05,3.222e+2,,3.649e-1,,3.218e+2,,,,7.034e-3,1.573e-8
587.10,2.847e+2,,3.267e-1,,2.844e+2,,,,1.018e-2,1.724e-8
587.15,2.480e+2,,2.894e-1,,2.477e+2,,,,1.489e-2,1.898e-8
587.20,2.130e+2,,2.536e-1,,2.127e+2,,,,2.167e-2,2.090e-8
587.24,1.865e+2,,2.263e-1,,1.863e+2,,,,2.905e-2,2.251e-8
587.29,1.560e+2,,1.941e-1,,1.558e+2,,,,4.144e-2,2.455e-8
587.34,1.287e+2,,1.645e-1,,1.284e+2,,,,5.831e-2,2.656e-8
587.39,1.046e+2,,1.377e-1,,1.043e+2,,,,8.090e-2,2.845e-8
587.44,8.377e+1,,1.138e-1,,8.354e+1,,,,1.106e-1,3.014e-8
587.49,6.617e+1,,9.281e-2,,6.593e+1,,,,1.492e-1,3.157e-8
587.54,5.155e+1,,7.470e-2,,5.127e+1,,,,1.983e-1,3.269e-8
587.59,3.962e+1,,5.931e-2,,3.930e+1,,,,2.597e-1,3.349e-8
587.64,3.007e+1,,4.646e-2,,2.969e+1,,,,3.353e-1,3.398e-8
587.68,2.392e+1,,3.783e-2,,2.348e+1,,,,4.071e-1,3.418e-8
587.73,1.782e+1,,2.891e-2,,1.728e+1,,,,5.122e-1,3.428e-8
587.78,1.319e+1,,2.178e-2,,1.254e+1,,,,6.351e-1,3.434e-8
587.83,9.754e+0,,1.618e-2,,8.962e+0,,,,7.762e-1,3.457e-8
587.88,7.262e+0,,1.185e-2,,6.315e+0,,,,9.351e-1,3.522e-8
587.93,5.506e+0,,8.558e-3,,4.387e+0,,,,1.110e+0,3.663e-8
587.98,4.311e+0,,6.093e-3,,3.005e+0,,,,1.300e+0,3.921e-8
588.03,3.536e+0,,4.276e-3,,2.032e+0,,,,1.499e+0,4.343e-8
588.07,3.141e+0,,3.188e-3,,1.474e+0,,,,1.663e+0,4.836e-8
588.12,2.853e+0,,2.181e-3,,9.812e-1,,,,1.870e+0,5.699e-8
588.17,2.730e+0,,1.470e-3,,6.564e-1,,,,2.072e+0,6.899e-8
588.22,2.717e+0,,9.770e-4,,4.535e-1,,,,2.262e+0,8.507e-8
588.27,2.777e+0,,6.400e-4,,3.412e-1,,,,2.435e+0,1.060e-7
588.32,2.885e+0,,4.132e-4,,3.011e-1,,,,2.584e+0,1.325e-7
588.37,3.028e+0,,2.630e-4,,3.252e-1,,,,2.702e+0,1.651e-7
588.42,3.201e+0,,1.649e-4,,4.153e-1,,,,2.785e+0,2.046e-7
588.46,3.367e+0,,1.124e-4,,5.423e-1,,,,2.824e+0,2.412e-7
588.51,3.623e+0,,6.868e-5,,7.865e-1,,,,2.837e+0,2.935e-7
588.56,3.963e+0,,4.137e-5,,1.154e+0,,,,2.809e+0,3.530e-7
588.61,4.428e+0,,2.456e-5,,1.687e+0,,,,2.741e+0,4.191e-7
588.66,5.078e+0,,1.437e-5,,2.441e+0,,,,2.637e+0,4.909e-7
588.71,5.989e+0,,8.287e-6,,3.488e+0,,,,2.501e+0,5.672e-7
588.76,7.254e+0,,4.710e-6,,4.914e+0,,,,2.339e+0,6.463e-7
588.81,8.985e+0,,2.638e-6,,6.828e+0,,,,2.157e+0,7.260e-7
588.86,1.132e+1,,1.457e-6,,9.352e+0,,,,1.963e+0,8.042e-7
588.90,1.371e+1,,8.964e-7,,1.191e+1,,,,1.804e+0,8.639e-7
588.95,1.750e+1,,4.821e-7,,1.589e+1,,,,1.605e+0,9.326e-7
589.00,2.232e+1,,2.556e-7,,2.091e+1,,,,1.413e+0,9.927e-7
589.05,2.835e+1,,1.336e-7,,2.712e+1,,,,1.235e+0,1.042e-6
589.10,3.574e+1,,6.878e-8,,3.467e+1,,,,1.074e+0,1.077e-6
589.15,4.463e+1,,3.491e-8,,4.369e+1,,,,9.361e-1,1.099e-6
589.20,5.510e+1,,1.746e-8,,5.428e+1,,,,8.245e-1,1.105e-6
589.25,6.721e+1,,8.609e-9,,6.647e+1,,,,7.422e-1,1.095e-6
589.29,7.805e+1,,4.838e-9,,7.736e+1,,,,6.988e-1,1.077e-6
589.34,9.298e+1,,2.324e-9,,9.231e+1,,,,6.743e-1,1.041e-6
589.39,1.093e+2,,1.100e-9,,1.086e+2,,,,6.840e-1,9.922e-7
589.44,1.266e+2,,5.133e-10,,1.259e+2,,,,7.286e-1,9.327e-7
589.49,1.447e+2,,2.360e-10,,1.439e+2,,,,8.086e-1,8.649e-7
589.54,1.630e+2,,1.070e-10,,1.621e+2,,,,9.234e-1,7.911e-7
589.59,1.811e+2,,4.778e-11,,1.800e+2,,,,1.072e+0,7.139e-7
589.64,1.984e+2,,2.103e-11,,1.971e+2,,,,1.253e+0,6.358e-7
589.69,2.142e+2,,9.126e-12,,2.127e+2,,,,1.463e+0,5.589e-7
589.73,2.254e+2,,4.630e-12,,2.237e+2,,,,1.650e+0,4.995e-7
589.78,2.372e+2,,1.957e-12,,2.353e+2,,,,1.901e+0,4.292e-7
589.83,2.460e+2,,8.154e-13,,2.439e+2,,,,2.167e+0,3.643e-7
589.88,2.516e+2,,3.348e-13,,2.492e+2,,,,2.440e+0,3.057e-7
589.93,2.537e+2,,1.355e-13,,2.510e+2,,,,2.713e+0,2.535e-7
589.98,2.522e+2,,5.403e-14,,2.492e+2,,,,2.974e+0,2.081e-7
590.03,2.471e+2,,2.124e-14,,2.439e+2,,,,3.216e+0,1.690e-7
590.08,2.387e+2,,8.229e-15,,2.353e+2,,,,3.430e+0,1.360e-7
590.12,2.298e+2,,3.814e-15,,2.263e+2,,,,3.574e+0,1.136e-7
590.17,2.164e+2,,1.439e-15,,2.127e+2,,,,3.714e+0,9.003e-8
590.22,2.010e+2,,5.354e-16,,1.972e+2,,,,3.805e+0,7.082e-8
590.27,1.840e+2,,1.963e-16,,1.801e+2,,,,3.844e+0,5.535e-8
590.32,1.661e+2,,7.093e-17,,1.623e+2,,,,3.827e+0,4.301e-8
590.37,1.479e+2,,7.009e-17,,1.441e+2,,,,3.756e+0,3.327e-8
590.42,1.299e+2,,6.926e-17,,1.263e+2,,,,3.634e+0,2.566e-8
590.47,1.126e+2,,6.842e-17,,1.091e+2,,,,3.466e+0,1.977e-8
590.51,9.951e+1,,6.774e-17,,9.621e+1,,,,3.303e+0,1.608e-8
590.56,8.439e+1,,6.691e-17,,8.132e+1,,,,3.070e+0,1.253e-8
590.61,7.085e+1,,6.607e-17,,6.804e+1,,,,2.812e+0,9.946e-9
590.66,5.906e+1,,6.523e-17,,5.652e+1,,,,2.540e+0,8.193e-9
590.71,4.909e+1,,6.439e-17,,4.683e+1,,,,2.261e+0,7.166e-9
590.76,4.100e+1,,6.355e-17,,3.902e+1,,,,1.984e+0,6.814e-9
590.81,3.477e+1,,6.271e-17,,3.305e+1,,,,1.717e+0,7.126e-9
590.86,3.037e+1,,6.187e-17,,2.890e+1,,,,1.464e+0,8.127e-9
590.91,2.775e+1,,6.103e-17,,2.652e+1,,,,1.231e+0,9.880e-9
590.95,2.691e+1,,6.036e-17,,2.585e+1,,,,1.060e+0,1.188e-8
591.00,2.737e+1,,5.952e-17,,2.651e+1,,,,8.683e-1,1.523e-8
591.05,2.950e+1,,5.868e-17,,2.880e+1,,,,7.012e-1,1.964e-8
591.10,3.324e+1,,5.784e-17,,3.268e+1,,,,5.581e-1,2.526e-8
591.15,3.856e+1,,5.700e-17,,3.812e+1,,,,4.379e-1,3.221e-8
591.20,4.542e+1,,5.616e-17,,4.508e+1,,,,3.387e-1,4.065e-8
591.25,5.378e+1,,5.532e-17,,5.352e+1,,,,2.583e-1,5.067e-8
591.30,6.355e+1,,5.448e-17,,6.336e+1,,,,1.941e-1,6.234e-8
591.34,7.232e+1,,5.381e-17,,7.217e+1,,,,1.529e-1,7.287e-8
591.39,8.435e+1,,5.297e-17,,8.424e+1,,,,1.120e-1,8.752e-8
591.44,9.740e+1,,5.213e-17,,9.732e+1,,,,8.084e-2,1.037e-7
591.49,1.112e+2,,5.129e-17,,1.112e+2,,,,5.754e-2,1.212e-7
591.54,1.256e+2,,5.046e-17,,1.256e+2,,,,4.037e-2,1.399e-7
591.59,1.402e+2,,4.962e-17,,1.401e+2,,,,2.792e-2,1.593e-7
591.64,1.546e+2,,4.878e-17,,1.546e+2,,,,1.903e-2,1.791e-7
591.69,1.685e+2,,4.794e-17,,1.685e+2,,,,1.279e-2,1.990e-7
591.73,1.790e+2,,4.727e-17,,1.789e+2,,,,9.209e-3,2.147e-7
591.78,1.909e+2,,4.643e-17,,1.909e+2,,,,6.031e-3,2.338e-7
591.83,2.013e+2,,4.559e-17,,2.013e+2,,,,3.893e-3,2.521e-7
591.88,2.098e+2,,4.475e-17,,2.098e+2,,,,2.477e-3,2.694e-7
591.93,2.161e+2,,4.391e-17,,2.161e+2,,,,1.554e-3,2.857e-7
591.98,2.201e+2,,4.307e-17,,2.201e+2,,,,9.609e-4,3.012e-7
592.03,2.215e+2,,4.223e-17,,2.215e+2,,,,5.857e-4,3.162e-7
592.08,2.203e+2,,4.139e-17,,2.203e+2,,,,3.519e-4,3.313e-7
592.13,2.166e+2,,4.055e-17,,2.166e+2,,,,2.084e-4,3.470e-7
592.17,2.119e+2,,3.988e-17,,2.119e+2,,,,1.357e-4,3.605e-7
592.22,2.040e+2,,3.904e-17,,2.040e+2,,,,7.831e-5,3.792e-7
592.27,1.942e+2,,3.820e-17,,1.942e+2,,,,4.455e-5,4.004e-7
592.32,1.826e+2,,3.736e-17,,1.826e+2,,,,2.499e-5,4.248e-7
592.37,1.697e+2,,3.652e-17,,1.697e+2,,,,1.381e-5,4.526e-7
592.42,1.558e+2,,3.568e-17,,1.558e+2,,,,7.529e-6,4.840e-7
592.47,1.414e+2,,3.484e-17,,1.414e+2,,,,4.045e-6,5.187e-7
592.52,1.268e+2,,3.401e-17,,1.268e+2,,,,2.142e-6,5.561e-7
592.56,1.152e+2,,3.333e-17,,1.152e+2,,,,1.275e-6,5.874e-7
592.61,1.010e+2,,3.249e-17,,1.010e+2,,,,6.579e-7,6.272e-7
592.66,8.756e+1,,3.166e-17,,8.756e+1,,,,3.348e-7,6.664e-7
592.71,7.500e+1,,3.082e-17,,7.500e+1,,,,1.681e-7,7.033e-7
592.76,6.350e+1,,2.998e-17,,6.350e+1,,,,8.350e-8,7.362e-7
592.81,5.318e+1,,2.914e-17,,5.318e+1,,,,4.162e-8,7.635e-7
592.86,4.412e+1,,2.830e-17,,4.412e+1,,,,2.201e-8,7.836e-7
592.91,3.635e+1,,2.746e-17,,3.635e+1,,,,1.473e-8,7.952e-7
592.96,2.985e+1,,2.662e-17,,2.985e+1,,,,1.593e-8,7.975e-7
593.00,2.556e+1,,2.595e-17,,2.556e+1,,,,2.318e-8,7.924e-7
593.05,2.128e+1,,2.511e-17,,2.128e+1,,,,4.383e-8,7.770e-7
593.10,1.816e+1,,2.427e-17,,1.816e+1,,,,8.692e-8,7.523e-7
593.15,1.617e+1,,2.343e-17,,1.617e+1,,,,1.725e-7,7.188e-7
593.20,1.523e+1,,2.259e-17,,1.523e+1,,,,3.385e-7,6.779e-7
593.25,1.533e+1,,2.175e-17,,1.533e+1,,,,6.555e-7,6.309e-7
593.30,1.641e+1,,2.091e-17,,1.641e+1,,,,1.252e-6,5.796e-7
593.35,1.846e+1,,2.007e-17,,1.846e+1,,,,2.358e-6,5.256e-7
593.39,2.078e+1,,1.940e-17,,2.078e+1,,,,3.873e-6,4.817e-7
593.44,2.449e+1,,1.856e-17,,2.449e+1,,,,7.111e-6,4.272e-7
593.49,2.909e+1,,1.772e-17,,2.909e+1,,,,1.288e-5,3.744e-7
593.54,3.452e+1,,1.688e-17,,3.452e+1,,,,2.298e-5,3.245e-7
593.59,4.071e+1,,1.604e-17,,4.071e+1,,,,4.046e-5,2.784e-7
593.64,4.756e+1,,4.384e-17,,4.756e+1,,,,7.022e-5,2.368e-7
593.69,5.495e+1,,1.181e-16,,5.495e+1,,,,1.202e-4,1.999e-7
593.74,6.274e+1,,3.139e-16,,6.274e+1,,,,2.028e-4,1.679e-7
593.78,6.914e+1,,6.790e-16,,6.914e+1,,,,3.052e-4,1.456e-7
593.83,7.722e+1,,1.759e-15,,7.722e+1,,,,5.022e-4,1.218e-7
593.88,8.520e+1,,4.494e-15,,8.520e+1,,,,8.148e-4,1.022e-7
593.93,9.293e+1,,1.132e-14,,9.293e+1,,,,1.304e-3,8.617e-8
593.98,1.003e+2,,2.812e-14,,1.003e+2,,,,2.057e-3,7.337e-8
594.03,1.072e+2,,6.887e-14,,1.072e+2,,,,3.201e-3,6.332e-8
594.08,1.136e+2,,1.664e-13,,1.136e+2,,,,4.911e-3,5.563e-8
594.13,1.197e+2,,3.962e-13,,1.197e+2,,,,7.432e-3,4.998e-8
594.18,1.257e+2,,9.305e-13,,1.257e+2,,,,1.109e-2,4.615e-8
594.22,1.305e+2,,1.824e-12,,1.305e+2,,,,1.513e-2,4.428e-8
594.27,1.370e+2,,4.176e-12,,1.370e+2,,,,2.202e-2,4.340e-8
594.32,1.444e+2,,9.431e-12,,1.444e+2,,,,3.162e-2,4.416e-8
594.37,1.534e+2,,2.100e-11,,1.534e+2,,,,4.479e-2,4.664e-8
594.42,1.646e+2,,4.611e-11,,1.645e+2,,,,6.258e-2,5.099e-8
594.47,1.786e+2,,9.983e-11,,1.785e+2,,,,8.626e-2,5.739e-8
594.52,1.961e+2,,2.131e-10,,1.960e+2,,,,1.173e-1,6.603e-8
594.57,2.176e+2,,4.487e-10,,2.174e+2,,,,1.575e-1,7.709e-8
594.61,2.379e+2,,8.058e-10,,2.377e+2,,,,1.974e-1,8.776e-8
594.66,2.674e+2,,1.654e-9,,2.672e+2,,,,2.587e-1,1.035e-7
594.71,3.015e+2,,3.348e-9,,3.012e+2,,,,3.348e-1,1.218e-7
594.76,3.400e+2,,6.683e-9,,3.396e+2,,,,4.279e-1,1.425e-7
594.81,3.822e+2,,1.315e-8,,3.817e+2,,,,5.401e-1,1.655e-7
594.86,4.274e+2,,2.553e-8,,4.267e+2,,,,6.734e-1,1.904e-7
594.91,4.743e+2,,4.886e-8,,4.735e+2,,,,8.298e-1,2.165e-7
594.96,5.216e+2,,9.221e-8,,5.206e+2,,,,1.011e+0,2.433e-7
595.01,5.678e+2,,1.716e-7,,5.666e+2,,,,1.218e+0,2.700e-7
595.05,6.029e+2,,2.792e-7,,6.015e+2,,,,1.403e+0,2.908e-7
595.10,6.429e+2,,5.066e-7,,6.412e+2,,,,1.658e+0,3.151e-7
595.15,6.771e+2,,9.065e-7,,6.752e+2,,,,1.941e+0,3.369e-7
595.20,7.044e+2,,1.599e-6,,7.021e+2,,,,2.250e+0,3.554e-7
595.25,7.234e+2,,2.783e-6,,7.208e+2,,,,2.586e+0,3.697e-7
595.30,7.336e+2,,4.774e-6,,7.307e+2,,,,2.947e+0,3.794e-7
595.35,7.347e+2,,8.076e-6,,7.314e+2,,,,3.333e+0,3.840e-7
595.40,7.268e+2,,1.347e-5,,7.231e+2,,,,3.740e+0,3.833e-7
595.44,7.146e+2,,2.008e-5,,7.105e+2,,,,4.081e+0,3.790e-7
595.49,6.926e+2,,3.267e-5,,6.881e+2,,,,4.524e+0,3.690e-7
595.54,6.646e+2,,5.239e-5,,6.596e+2,,,,4.981e+0,3.544e-7
595.59,6.324e+2,,8.287e-5,,6.269e+2,,,,5.450e+0,3.357e-7
595.64,5.977e+2,,1.292e-4,,5.918e+2,,,,5.926e+0,3.137e-7
595.69,5.627e+2,,1.988e-4,,5.563e+2,,,,6.402e+0,2.891e-7
595.74,5.293e+2,,3.014e-4,,5.224e+2,,,,6.871e+0,2.628e-7
595.79,4.993e+2,,4.507e-4,,4.920e+2,,,,7.326e+0,2.357e-7
595.83,4.788e+2,,6.156e-4,,4.711e+2,,,,7.672e+0,2.139e-7
595.88,4.587e+2,,8.976e-4,,4.506e+2,,,,8.075e+0,1.872e-7
595.93,4.455e+2,,1.291e-3,,4.371e+2,,,,8.434e+0,1.616e-7
595.98,4.397e+2,,1.830e-3,,4.310e+2,,,,8.739e+0,1.377e-7
596.03,4.413e+2,,2.558e-3,,4.324e+2,,,,8.979e+0,1.158e-7
596.08,4.499e+2,,3.526e-3,,4.408e+2,,,,9.144e+0,9.606e-8
596.13,4.646e+2,,4.794e-3,,4.554e+2,,,,9.228e+0,7.868e-8
596.18,4.843e+2,,6.426e-3,,4.750e+2,,,,9.225e+0,6.363e-8
596.23,5.073e+2,,8.494e-3,,4.982e+2,,,,9.132e+0,5.084e-8
596.27,5.270e+2,,1.051e-2,,5.180e+2,,,,8.993e+0,4.213e-8
596.32,5.518e+2,,1.355e-2,,5.431e+2,,,,8.742e+0,3.301e-8
596.37,5.752e+2,,1.722e-2,,5.668e+2,,,,8.410e+0,2.565e-8
596.42,5.954e+2,,2.158e-2,,5.873e+2,,,,8.006e+0,1.986e-8
596.47,6.110e+2,,2.666e-2,,6.034e+2,,,,7.542e+0,1.544e-8
596.52,6.208e+2,,3.249e-2,,6.137e+2,,,,7.028e+0,1.223e-8
596.57,6.241e+2,,3.904e-2,,6.175e+2,,,,6.480e+0,1.008e-8
596.62,6.204e+2,,4.626e-2,,6.145e+2,,,,5.910e+0,8.902e-9
596.66,6.126e+2,,5.245e-2,,6.071e+2,,,,5.448e+0,8.618e-9
596.71,5.970e+2,,6.060e-2,,5.920e+2,,,,4.874e+0,9.078e-9
596.76,5.757e+2,,6.904e-2,,5.713e+2,,,,4.313e+0,1.047e-8
596.81,5.498e+2,,7.756e-2,,5.459e+2,,,,3.776e+0,1.288e-8
596.86,5.207e+2,,8.592e-2,,5.174e+2,,,,3.270e+0,1.642e-8
596.91,4.901e+2,,9.385e-2,,4.872e+2,,,,2.801e+0,2.124e-8
596.96,4.595e+2,,1.011e-1,,4.570e+2,,,,2.374e+0,2.753e-8
597.01,4.305e+2,,1.074e-1,,4.284e+2,,,,1.990e+0,3.548e-8
597.05,4.095e+2,,1.115e-1,,4.077e+2,,,,1.715e+0,4.318e-8
597.10,3.870e+2,,1.155e-1,,3.855e+2,,,,1.410e+0,5.464e-8
597.15,3.698e+2,,1.180e-1,,3.685e+2,,,,1.146e+0,6.828e-8
597.20,3.584e+2,,1.188e-1,,3.574e+2,,,,9.218e-1,8.421e-8
597.25,3.534e+2,,1.180e-1,,3.525e+2,,,,7.332e-1,1.025e-7
597.30,3.545e+2,,1.155e-1,,3.538e+2,,,,5.767e-1,1.230e-7
597.35,3.615e+2,,1.115e-1,,3.609e+2,,,,4.485e-1,1.457e-7
597.40,3.736e+2,,1.062e-1,,3.732e+2,,,,3.448e-1,1.702e-7
597.45,3.898e+2,,9.971e-2,,3.895e+2,,,,2.621e-1,1.962e-7
597.49,4.049e+2,,9.385e-2,,4.046e+2,,,,2.087e-1,2.176e-7
597.54,4.252e+2,,8.592e-2,,4.249e+2,,,,1.553e-1,2.446e-7
597.59,4.457e+2,,7.756e-2,,4.455e+2,,,,1.142e-1,2.713e-7
597.64,4.649e+2,,6.904e-2,,4.647e+2,,,,8.302e-2,2.969e-7
597.69,4.814e+2,,6.060e-2,,4.813e+2,,,,5.960e-2,3.204e-7
597.74,4.940e+2,,5.245e-2,,4.939e+2,,,,4.227e-2,3.412e-7
597.79,5.017e+2,,4.477e-2,,5.016e+2,,,,2.961e-2,3.585e-7
597.84,5.036e+2,,3.768e-2,,5.035e+2,,,,2.049e-2,3.716e-7
597.88,5.007e+2,,3.249e-2,,5.007e+2,,,,1.512e-2,3.789e-7
597.93,4.915e+2,,2.666e-2,,4.915e+2,,,,1.022e-2,3.836e-7
597.98,4.762e+2,,2.158e-2,,4.762e+2,,,,6.825e-3,3.833e-7
598.03,4.553e+2,,1.722e-2,,4.553e+2,,,,4.498e-3,3.782e-7
598.08,4.295e+2,,1.355e-2,,4.294e+2,,,,2.926e-3,3.685e-7
598.13,3.996e+2,,1.051e-2,,3.996e+2,,,,1.879e-3,3.546e-7
598.18,3.667e+2,,8.042e-3,,3.667e+2,,,,1.191e-3,3.371e-7
598.23,3.319e+2,,6.067e-3,,3.319e+2,,,,7.444e-4,3.169e-7
598.28,2.963e+2,,4.513e-3,,2.963e+2,,,,4.593e-4,2.946e-7
598.32,2.678e+2,,3.526e-3,,2.678e+2,,,,3.092e-4,2.758e-7
598.37,2.332e+2,,2.558e-3,,2.332e+2,,,,1.862e-4,2.518e-7
598.42,2.002e+2,,1.830e-3,,2.002e+2,,,,1.106e-4,2.278e-7
598.47,1.695e+2,,1.291e-3,,1.695e+2,,,,6.486e-5,2.047e-7
598.52,1.415e+2,,8.976e-4,,1.415e+2,,,,3.751e-5,1.828e-7
598.57,1.165e+2,,6.156e-4,,1.165e+2,,,,2.140e-5,1.627e-7
598.62,9.456e+1,,4.163e-4,,9.456e+1,,,,1.204e-5,1.447e-7
598.67,7.570e+1,,2.776e-4,,7.570e+1,,,,6.682e-6,1.291e-7
598.71,6.273e+1,,1.988e-4,,6.273e+1,,,,4.131e-6,1.185e-7
598.76,4.897e+1,,1.292e-4,,4.897e+1,,,,2.237e-6,1.076e-7
598.81,3.770e+1,,8.287e-5,,3.770e+1,,,,1.194e-6,9.953e-8
598.86,2.862e+1,,5.239e-5,,2.862e+1,,,,6.291e-7,9.442e-8
598.91,2.142e+1,,3.267e-5,,2.142e+1,,,,3.268e-7,9.237e-8
598.96,1.581e+1,,2.008e-5,,1.581e+1,,,,1.674e-7,9.353e-8
599.01,1.151e+1,,1.217e-5,,1.151e+1,,,,8.457e-8,9.807e-8
599.06,8.263e+0,,7.278e-6,,8.263e+0,,,,4.214e-8,1.062e-7
599.10,6.274e+0,,4.774e-6,,6.274e+0,,,,2.389e-8,1.153e-7
599.15,4.392e+0,,2.783e-6,,4.392e+0,,,,1.161e-8,1.302e-7
599.20,3.032e+0,,1.599e-6,,3.032e+0,,,,5.563e-9,1.491e-7
599.25,2.063e+0,,9.065e-7,,2.063e+0,,,,2.629e-9,1.720e-7
599.30,1.385e+0,,5.066e-7,,1.385e+0,,,,1.225e-9,1.987e-7
599.35,9.167e-1,,2.792e-7,,9.167e-1,,,,5.628e-10,2.292e-7
599.40,5.983e-1,,1.517e-7,,5.983e-1,,,,2.550e-10,2.628e-7
599.45,3.851e-1,,8.130e-8,,3.851e-1,,,,1.140e-10,2.991e-7
599.50,2.444e-1,,4.296e-8,,2.444e-1,,,,5.021e-11,3.372e-7
599.54,1.682e-1,,2.553e-8,,1.682e-1,,,,2.581e-11,3.683e-7
599.59,1.041e-1,,1.315e-8,,1.041e-1,,,,1.109e-11,4.071e-7
599.64,6.353e-2,,6.683e-9,,6.353e-2,,,,4.698e-12,4.446e-7
599.69,3.823e-2,,3.348e-9,,3.823e-2,,,,1.963e-12,4.794e-7
599.74,2.269e-2,,1.654e-9,,2.269e-2,,,,8.085e-13,5.103e-7
599.79,1.328e-2,,8.058e-10,,1.328e-2,,,,3.278e-13,5.362e-7
599.84,7.663e-3,,3.871e-10,,7.662e-3,,,,1.313e-13,5.558e-7
599.89,4.361e-3,,1.833e-10,,4.361e-3,,,,5.188e-14,5.685e-7
599.93,2.750e-3,,9.983e-11,,2.750e-3,,,,2.443e-14,5.732e-7
599.98,1.526e-3,,4.611e-11,,1.526e-3,,,,9.412e-15,5.720e-7
600.03,8.356e-4,,2.100e-11,,8.350e-4,,,,3.575e-15,5.631e-7
600.08,4.511e-4,,9.431e-12,,4.506e-4,,,,1.339e-15,5.467e-7
600.13,2.403e-4,,4.176e-12,,2.398e-4,,,,4.945e-16,5.235e-7
600.18,1.263e-4,,1.824e-12,,1.258e-4,,,,,4.944e-7
600.23,6.556e-5,,7.853e-13,,6.510e-5,,,,,4.605e-7
600.28,3.364e-5,,3.334e-13,,3.322e-5,,,,,4.231e-7
600.32,1.959e-5,,1.664e-13,,1.920e-5,,,,,3.914e-7
600.37,9.901e-6,,6.887e-14,,9.551e-6,,,,,3.507e-7
600.42,4.996e-6,,2.812e-14,,4.686e-6,,,,,3.099e-7
600.47,2.537e-6,,1.132e-14,,2.267e-6,,,,,2.701e-7
600.52,1.314e-6,,4.494e-15,,1.082e-6,,,,,2.321e-7
600.57,7.057e-7,,1.759e-15,,5.089e-7,,,,,1.967e-7
600.62,4.006e-7,,6.790e-16,,2.361e-7,,,,,1.645e-7
600.67,2.436e-7,,2.584e-16,,1.080e-7,,,,,1.356e-7
600.72,1.590e-7,,9.700e-17,,4.874e-8,,,,,1.102e-7
600.76,1.180e-7,,,,2.552e-8,,,,,9.248e-8
600.81,8.456e-8,,,,1.123e-8,,,,,7.333e-8
600.86,6.222e-8,,,,4.871e-9,,,,,5.735e-8
600.91,4.631e-8,,,,2.084e-9,,,,,4.423e-8
600.96,3.452e-8,,,,8.790e-10,,,,,3.364e-8
601.01,2.560e-8,,,,3.657e-10,,,,,2.523e-8
601.06,1.882e-8,,,,1.500e-10,,,,,1.867e-8
601.11,1.368e-8,,,,6.068e-11,,,,,1.362e-8
601.15,1.051e-8,,,,2.912e-11,,,,,1.048e-8
601.20,7.466e-9,,,,1.149e-11,,,,,7.454e-9
601.25,5.235e-9,,,,4.468e-12,,,,,5.231e-9
601.30,3.622e-9,,,,1.714e-12,,,,,3.620e-9
601.35,2.471e-9,,,,6.482e-13,,,,,2.471e-9
601.40,1.663e-9,,,,2.418e-13,,,,,1.663e-9
601.45,1.104e-9,,,,,,,,,1.104e-9
601.50,7.226e-10,,,,,,,,,7.226e-10
601.55,4.665e-10,,,,,,,,,4.665e-10
601.59,3.255e-10,,,,,,,,,3.255e-10
601.64,2.049e-10,,,,,,,,,2.049e-10
601.69,1.273e-10,,,,,,,,,1.273e-10
601.74,7.793e-11,,,,,,,,,7.793e-11
601.79,4.707e-11,,,,,,,,,4.707e-11
601.84,2.804e-11,,,,,,,,,2.804e-11
601.89,1.647e-11,,,,,,,,,1.647e-11
601.94,9.540e-12,,,,,,,,,9.540e-12
601.98,6.103e-12,,,,,,,,,6.103e-12
602.03,3.448e-12,,,,,,,,,3.448e-12
602.08,1.921e-12,,,,,,,,,1.921e-12
602.13,1.056e-12,,,,,,,,,1.056e-12
602.18,5.722e-13,,,,,,,,,5.722e-13
602.23,3.058e-13,,,,,,,,,3.058e-13
602.28,1.612e-13,,,,,,,,,1.612e-13
602.33,8.380e-14,,,,,,,,,8.380e-14
602.37,4.916e-14,,,,,,,,,4.916e-14
602.42,2.492e-14,,,,,,,,,2.492e-14
602.47,1.246e-14,,,,,,,,,1.246e-14
602.52,6.144e-15,,,,,,,,,6.144e-15
602.57,2.988e-15,,,,,,,,,2.988e-15
602.62,1.433e-15,,,,,,,,,1.433e-15
602.67,6.777e-16,,,,,,,,,6.777e-16
602.72,3.161e-16,,,,,,,,,3.161e-16
602.77,1.454e-16,,,,,,,,,1.454e-16
602.81,7.736e-17,,,,,,,,,7.736e-17
602.86,3.471e-17,,,,,,,,,3.471e-17
602.91,1.536e-17,,,,,,,,,1.536e-17
602.96,6.701e-18,,,,,,,,,6.701e-18
603.01,2.884e-18,,,,,,,,,2.884e-18
603.06,1.224e-18,,,,,,,,,1.224e-18
603.11,5.122e-19,,,,,,,,,5.122e-19
603.16,2.114e-19,,,,,,,,,2.114e-19
603.20,1.031e-19,,,,,,,,,1.031e-19
603.25,4.152e-20,,,,,,,,,4.152e-20
603.30,1.648e-20,,,,,,,,,1.648e-20
603.35,6.454e-21,,,,,,,,,6.454e-21
603.40,2.492e-21,,,,,,,,,2.492e-21
603.45,9.491e-22,,,,,,,,,9.491e-22
603.50,3.565e-22,,,,,,,,,3.565e-22
603.55,1.320e-22,,,,,,,,,1.320e-22