wavelength,intensity
198.37,3.711e-37
198.38,6.521e-31
198.4,3.566e-30
198.41,8.361000000000001e-30
198.43,4.4339999999999996e-29
198.45,2.439e-28
198.46,5.527e-28
198.48,2.795e-27
198.5,1.385e-26
198.51,3.059e-26
198.53,1.47e-25
198.55,6.920000000000001e-25
198.56,1.49e-24
198.58,6.805e-24
198.6,3.045e-23
198.61,6.393e-23
198.63,2.775e-22
198.65,1.18e-21
198.66,2.4160000000000002e-21
198.68,9.972e-21
198.7,4.0330000000000005e-20
198.71,8.050000000000001e-20
198.73,3.159e-19
198.75,1.215e-18
198.76,2.365e-18
198.78,8.824e-18
198.79,1.692e-17
198.81,6.127e-17
198.83,2.175e-16
198.84,4.068e-16
198.86,1.401e-15
198.88,4.733e-15
198.89,8.635e-15
198.91,2.831e-14
198.93,9.099e-14
198.94,1.619e-13
198.96,5.052e-13
198.98,1.546e-12
198.99,2.684e-12
199.01,7.972e-12
199.03,2.322e-11
199.04,3.934e-11
199.06,1.113e-10
199.08,3.086e-10
199.09,5.101e-10
199.11,1.374e-09
199.12,2.238e-09
199.14,5.855e-09
199.16,1.502e-08
199.17,2.388e-08
199.19,5.949e-08
199.21,1.454e-07
199.22,2.256e-07
199.24,5.353e-07
199.26,1.246e-06
199.27,1.887e-06
199.29,4.266e-06
199.31,9.457e-06
199.32,1.398e-05
199.34,3.01e-05
199.36,6.356e-05
199.37,9.169e-05
199.39,0.000188
199.41,0.0003782
199.42,0.0005324
199.44,0.00104
199.46,0.001991
199.47,0.002736
199.49,0.005087
199.5,0.006886
199.52,0.01243
199.54,0.02201
199.55,0.02907
199.57,0.04996
199.59,0.08418
199.6,0.1085
199.62,0.1774
199.64,0.2845
199.65,0.3575
199.67,0.5564
199.69,0.8487
199.7,1.04
199.72,1.54
199.74,2.235
199.75,2.672
199.77,3.762
199.79,5.191
199.8,6.052
199.82,8.103
199.84,10.63
199.85,12.09
199.87,15.38
199.88,17.22
199.9,21.27
199.92,25.73
199.93,28.09
199.95,32.97
199.97,37.91
199.98,40.34
200.0,45.0
200.02,49.18
200.03,51.02
200.05,54.08
200.07,56.17
200.08,56.81
200.1,57.23
200.12,56.49
200.13,55.7
200.15,53.33
200.17,50.05
200.18,48.13
200.2,43.84
200.22,39.16
200.23,36.74
200.25,31.9
200.26,29.52
200.28,24.95
200.3,20.76
200.31,18.83
200.33,15.35
200.35,12.4
200.36,11.12
200.38,8.956
200.4,7.272
200.41,6.597
200.43,5.547
200.45,4.86
200.46,4.639
200.48,4.419
200.5,4.474
200.51,4.599
200.53,5.037
200.55,5.721
200.56,6.155
200.58,7.203
200.59,7.815
200.61,9.209
200.63,10.81
200.64,11.68
200.66,13.52
200.68,15.46
200.69,16.44
200.71,18.41
200.73,20.31
200.74,21.21
200.76,22.9
200.78,24.38
200.79,25.04
200.81,26.19
200.83,27.15
200.84,27.56
200.86,28.3
200.88,28.99
200.89,29.34
200.91,30.1
200.93,31.0
200.94,31.52
200.96,32.71
200.97,33.38
200.99,34.87
201.01,36.49
201.02,37.33
201.04,38.98
201.06,40.51
201.07,41.18
201.09,42.29
201.11,42.97
201.12,43.13
201.14,43.06
201.16,42.45
201.17,41.96
201.19,40.62
201.21,38.9
201.22,37.92
201.24,35.84
201.26,33.67
201.27,32.6
201.29,30.57
201.31,28.76
201.32,27.97
201.34,26.65
201.35,26.14
201.37,25.44
201.39,25.16
201.4,25.17
201.42,25.5
201.44,26.19
201.45,26.66
201.47,27.8
201.49,29.16
201.5,29.89
201.52,31.44
201.54,33.02
201.55,33.8
201.57,35.32
201.59,36.73
201.6,37.39
201.62,38.6
201.64,39.67
201.65,40.17
201.67,41.09
201.69,41.97
201.7,42.41
201.72,43.33
201.73,43.81
201.75,44.87
201.77,46.06
201.78,46.7
201.8,48.09
201.82,49.57
201.83,50.32
201.85,51.83
201.87,53.27
201.88,53.93
201.9,55.09
201.92,55.97
201.93,56.29
201.95,56.64
201.97,56.6
201.98,56.43
202.0,55.77
202.02,54.72
202.03,54.06
202.05,52.48
202.06,51.57
202.08,49.56
202.1,47.34
202.11,46.17
202.13,43.78
202.15,41.42
202.16,40.29
202.18,38.26
202.2,36.71
202.21,36.2
202.23,35.92
202.25,36.93
202.26,38.07
202.28,41.87
202.3,48.18
202.31,52.44
202.33,63.51
202.35,78.4
202.36,87.41
202.38,108.8
202.4,134.7
202.41,149.4
202.43,182.1
202.44,199.9
202.46,238.1
202.48,278.7
202.49,299.5
202.51,341.2
202.53,381.3
202.54,400.3
202.56,434.7
202.58,463.0
202.59,474.3
202.61,490.7
202.63,497.7
202.64,497.6
202.66,490.2
202.68,473.5
202.69,462.0
202.71,433.4
202.73,398.8
202.74,379.7
202.76,339.5
202.78,297.8
202.79,276.9
202.81,236.2
202.82,216.7
202.84,180.0
202.86,147.0
202.87,132.1
202.89,105.5
202.91,83.25
202.92,73.68
202.94,57.46
202.96,44.77
202.97,39.61
202.99,31.35
203.01,25.45
203.02,23.26
203.04,20.14
203.06,18.43
203.07,18.02
203.09,17.93
203.11,18.64
203.12,19.25
203.14,20.85
203.16,22.84
203.17,23.93
203.19,26.22
203.2,27.38
203.22,29.62
203.24,31.66
203.25,32.56
203.27,34.04
203.29,35.04
203.3,35.33
203.32,35.5
203.34,35.1
203.35,34.71
203.37,33.58
203.39,32.07
203.4,31.22
203.42,29.38
203.44,27.5
203.45,26.59
203.47,24.89
203.49,23.44
203.5,22.83
203.52,21.9
203.53,21.57
203.55,21.19
203.57,21.16
203.58,21.26
203.6,21.64
203.62,22.19
203.63,22.5
203.65,23.14
203.67,23.72
203.68,23.97
203.7,24.36
203.72,24.57
203.73,24.62
203.75,24.6
203.77,24.48
203.78,24.41
203.8,24.3
203.82,24.35
203.83,24.47
203.85,24.97
203.87,25.93
203.88,26.61
203.9,28.42
203.91,29.55
203.93,32.28
203.95,35.58
203.96,37.43
203.98,41.4
204.0,45.62
204.01,47.75
204.03,51.92
204.05,55.74
204.06,57.46
204.08,60.34
204.1,62.34
204.11,62.96
204.13,63.39
204.15,62.72
204.16,61.97
204.18,59.72
204.2,56.58
204.21,54.73
204.23,50.6
204.25,46.07
204.26,43.74
204.28,39.04
204.29,36.73
204.31,32.28
204.33,28.16
204.34,26.25
204.36,22.77
204.38,19.75
204.39,18.4
204.41,16.02
204.43,14.02
204.44,13.13
204.46,11.57
204.48,10.23
204.49,9.624
204.51,8.523
204.53,7.541
204.54,7.087
204.56,6.249
204.58,5.5
204.59,5.16
204.61,4.549
204.62,4.282
204.64,3.826
204.66,3.482
204.67,3.354
204.69,3.185
204.71,3.137
204.72,3.158
204.74,3.29
204.76,3.544
204.77,3.718
204.79,4.162
204.81,4.745
204.82,5.094
204.84,5.915
204.86,6.924
204.87,7.507
204.89,8.846
204.91,10.44
204.92,11.33
204.94,13.33
204.96,15.6
204.97,16.83
204.99,19.46
205.0,20.85
205.02,23.71
205.04,26.62
205.05,28.06
205.07,30.82
205.09,33.32
205.1,34.43
205.12,36.31
205.14,37.64
205.15,38.09
205.17,38.49
205.19,38.25
205.2,37.9
205.22,36.79
205.24,35.23
205.25,34.32
205.27,32.38
205.29,30.45
205.3,29.56
205.32,28.11
205.34,27.34
205.35,27.33
205.37,28.32
205.38,29.43
205.4,33.3
205.42,39.97
205.43,44.64
205.45,57.42
205.47,75.98
205.48,87.98
205.5,118.7
205.52,160.4
205.53,186.3
205.55,249.8
205.57,331.6
205.58,380.3
205.6,495.2
205.62,635.2
205.63,715.2
205.65,895.3
205.67,1102.0
205.68,1214.0
205.7,1454.0
205.72,1711.0
205.73,1842.0
205.75,2107.0
205.76,2237.0
205.78,2487.0
205.8,2712.0
205.81,2812.0
205.83,2979.0
205.85,3096.0
205.86,3133.0
205.88,3163.0
205.9,3132.0
205.91,3095.0
205.93,2977.0
205.95,2810.0
205.96,2711.0
205.98,2486.0
206.0,2239.0
206.01,2110.0
206.03,1849.0
206.05,1592.0
206.06,1469.0
206.08,1235.0
206.09,1126.0
206.11,928.0
206.13,756.9
206.14,681.7
206.16,551.3
206.18,446.1
206.19,402.0
206.21,328.9
206.23,272.9
206.24,250.3
206.26,213.6
206.28,185.9
206.29,174.7
206.31,155.8
206.33,140.6
206.34,133.9
206.36,121.7
206.38,110.7
206.39,105.4
206.41,95.39
206.43,85.9
206.44,81.37
206.46,72.75
206.47,68.69
206.49,61.11
206.51,54.33
206.52,51.25
206.54,45.71
206.56,41.01
206.57,38.96
206.59,35.42
206.61,32.57
206.62,31.38
206.64,29.4
206.66,27.89
206.67,27.28
206.69,26.3
206.71,25.57
206.72,25.28
206.74,24.79
206.76,24.39
206.77,24.2
206.79,23.83
206.81,23.42
206.82,23.2
206.84,22.71
206.85,22.44
206.87,21.84
206.89,21.2
206.9,20.87
206.92,20.21
206.94,19.61
206.95,19.34
206.97,18.94
206.99,18.76
207.0,18.78
207.02,19.07
207.04,19.77
207.05,20.29
207.07,21.7
207.09,23.62
207.1,24.77
207.12,27.45
207.14,30.6
207.15,32.32
207.17,36.0
207.19,39.89
207.2,41.86
207.22,45.75
207.23,47.62
207.25,51.11
207.27,54.11
207.28,55.37
207.3,57.33
207.32,58.44
207.33,58.66
207.35,58.4
207.37,57.22
207.38,56.31
207.4,53.9
207.42,50.81
207.43,49.05
207.45,45.24
207.47,41.17
207.48,39.08
207.5,34.92
207.52,30.88
207.53,28.94
207.55,25.29
207.56,23.59
207.58,20.48
207.6,17.77
207.61,16.57
207.63,14.46
207.65,12.73
207.66,12.0
207.68,10.81
207.7,9.929
207.71,9.606
207.73,9.184
207.75,9.064
207.76,9.121
207.78,9.492
207.8,10.24
207.81,10.79
207.83,12.27
207.85,14.37
207.86,15.71
207.88,19.06
207.9,23.49
207.91,26.19
207.93,32.72
207.94,36.61
207.96,45.84
207.98,57.21
207.99,63.78
208.01,78.78
208.03,96.4
208.04,106.2
208.06,127.8
208.08,151.7
208.09,164.5
208.11,191.5
208.13,219.8
208.14,234.2
208.16,263.1
208.18,291.6
208.19,305.4
208.21,331.7
208.23,355.7
208.24,366.7
208.26,386.5
208.28,403.2
208.29,410.3
208.31,422.2
208.32,426.9
208.34,434.3
208.36,438.9
208.37,440.3
208.39,441.1
208.41,439.5
208.42,437.8
208.44,432.4
208.46,424.3
208.47,419.1
208.49,406.7
208.51,391.2
208.52,382.2
208.54,362.2
208.56,339.5
208.57,327.3
208.59,301.5
208.61,274.3
208.62,260.5
208.64,232.9
208.66,205.8
208.67,192.7
208.69,167.7
208.7,156.0
208.72,134.2
208.74,114.9
208.75,106.1
208.77,90.48
208.79,77.15
208.8,71.29
208.82,60.99
208.84,52.33
208.85,48.54
208.87,41.82
208.89,36.06
208.9,33.48
208.92,28.81
208.94,24.67
208.95,22.78
208.97,19.3
208.99,16.2
209.0,14.79
209.02,12.22
209.03,11.07
209.05,9.008
209.07,7.271
209.08,6.52
209.1,5.24
209.12,4.239
209.13,3.835
209.15,3.204
209.17,2.786
209.18,2.649
209.2,2.502
209.22,2.504
209.23,2.555
209.25,2.743
209.27,3.031
209.28,3.206
209.3,3.611
209.32,4.074
209.33,4.322
209.35,4.841
209.37,5.376
209.38,5.645
209.4,6.172
209.41,6.428
209.43,6.913
209.45,7.354
209.46,7.554
209.48,7.91
209.5,8.205
209.51,8.33
209.53,8.536
209.55,8.691
209.56,8.753
209.58,8.851
209.6,8.925
209.61,8.956
209.63,9.014
209.65,9.071
209.66,9.099
209.68,9.156
209.7,9.207
209.71,9.228
209.73,9.253
209.75,9.244
209.76,9.222
209.78,9.134
209.79,9.065
209.81,8.871
209.83,8.599
209.84,8.432
209.86,8.042
209.88,7.582
209.89,7.33
209.91,6.791
209.93,6.219
209.94,5.928
209.96,5.345
209.98,4.779
209.99,4.508
210.01,3.998
210.03,3.542
210.04,3.338
210.06,2.982
210.08,2.7
210.09,2.588
210.11,2.422
210.13,2.331
210.14,2.314
210.16,2.332
210.17,2.366
210.19,2.479
210.21,2.644
210.22,2.743
210.24,2.967
210.26,3.213
210.27,3.34
210.29,3.593
210.31,3.834
210.32,3.945
210.34,4.143
210.36,4.297
210.37,4.357
210.39,4.436
210.41,4.463
210.42,4.458
210.44,4.413
210.46,4.33
210.47,4.279
210.49,4.164
210.5,4.106
210.52,3.995
210.54,3.91
210.55,3.881
210.57,3.864
210.59,3.91
210.6,3.96
210.62,4.122
210.64,4.368
210.65,4.525
210.67,4.902
210.69,5.363
210.7,5.623
210.72,6.196
210.74,6.832
210.75,7.171
210.77,7.881
210.79,8.627
210.8,9.011
210.82,9.794
210.84,10.59
210.85,10.99
210.87,11.8
210.88,12.21
210.9,13.02
210.92,13.83
210.93,14.23
210.95,15.03
210.97,15.8
210.98,16.18
211.0,16.9
211.02,17.57
211.03,17.89
211.05,18.46
211.07,18.96
211.08,19.17
211.1,19.52
211.12,19.77
211.13,19.87
211.15,20.01
211.17,20.1
211.18,20.15
211.2,20.29
211.22,20.59
211.23,20.83
211.25,21.63
211.26,22.24
211.28,24.04
211.3,26.91
211.31,28.87
211.33,34.17
211.35,41.79
211.36,46.67
211.38,59.05
211.4,75.6
211.41,85.71
211.43,110.1
211.45,140.8
211.46,158.8
211.48,200.3
211.5,249.6
211.51,277.3
211.53,338.5
211.55,407.2
211.56,444.0
211.58,522.2
211.6,604.7
211.61,647.1
211.63,732.6
211.64,775.2
211.66,858.4
211.68,936.9
211.69,973.6
211.71,1040.0
211.73,1097.0
211.74,1121.0
211.76,1158.0
211.78,1182.0
211.79,1189.0
211.81,1191.0
211.83,1180.0
211.84,1170.0
211.86,1140.0
211.88,1102.0
211.89,1080.0
211.91,1034.0
211.93,988.5
211.94,968.1
211.96,936.8
211.97,928.2
211.99,931.8
212.01,974.7
212.02,1016.0
212.04,1149.0
212.06,1369.0
212.07,1519.0
212.09,1918.0
212.11,2474.0
212.12,2822.0
212.14,3677.0
212.16,4775.0
212.17,5425.0
212.19,6945.0
212.21,8773.0
212.22,9808.0
212.24,12110.0
212.26,14720.0
212.27,16130.0
212.29,19120.0
212.31,22280.0
212.32,23900.0
212.34,27140.0
212.35,28730.0
212.37,31780.0
212.39,34540.0
212.4,35770.0
212.42,37860.0
212.44,39370.0
212.45,39880.0
212.47,40380.0
212.49,40170.0
212.5,39800.0
212.52,38540.0
212.54,36670.0
212.55,35530.0
212.57,32910.0
212.59,29950.0
212.6,28380.0
212.62,25150.0
212.64,21900.0
212.65,20310.0
212.67,17230.0
212.69,14380.0
212.7,13060.0
212.72,10640.0
212.73,9554.0
212.75,7624.0
212.77,6015.0
212.78,5325.0
212.8,4159.0
212.82,3248.0
212.83,2878.0
212.85,2284.0
212.87,1854.0
212.88,1690.0
212.9,1445.0
212.92,1285.0
212.93,1229.0
212.95,1153.0
212.97,1110.0
212.98,1096.0
213.0,1075.0
213.02,1057.0
213.03,1048.0
213.05,1024.0
213.06,1009.0
213.08,973.5
213.1,930.4
213.11,906.4
213.13,855.6
213.15,803.6
213.16,778.4
213.18,732.0
213.2,694.5
213.21,680.3
213.23,663.3
213.25,663.9
213.26,671.6
213.28,702.9
213.3,755.8
213.31,790.4
213.33,875.0
213.35,978.1
213.36,1036.0
213.38,1160.0
213.4,1292.0
213.41,1360.0
213.43,1493.0
213.44,1557.0
213.46,1676.0
213.48,1778.0
213.49,1821.0
213.51,1888.0
213.53,1928.0
213.54,1938.0
213.56,1935.0
213.58,1905.0
213.59,1881.0
213.61,1818.0
213.63,1740.0
213.64,1697.0
213.66,1607.0
213.68,1518.0
213.69,1475.0
213.71,1397.0
213.73,1332.0
213.74,1305.0
213.76,1263.0
213.78,1236.0
213.79,1227.0
213.81,1219.0
213.82,1218.0
213.84,1219.0
213.86,1222.0
213.87,1223.0
213.89,1219.0
213.91,1206.0
213.92,1195.0
213.94,1163.0
213.96,1117.0
213.97,1089.0
213.99,1024.0
214.01,947.0
214.02,905.3
214.04,817.0
214.06,725.2
214.07,678.9
214.09,587.8
214.11,500.8
214.12,459.8
214.14,383.7
214.16,317.2
214.17,287.9
214.19,237.8
214.2,217.2
214.22,185.1
214.24,165.3
214.25,160.2
214.27,159.4
214.29,171.6
214.3,182.6
214.32,214.6
214.34,260.0
214.35,287.7
214.37,352.9
214.39,430.8
214.4,474.2
214.42,568.8
214.44,672.0
214.45,726.0
214.47,836.7
214.49,947.7
214.5,1002.0
214.52,1105.0
214.53,1153.0
214.55,1239.0
214.57,1307.0
214.58,1334.0
214.6,1371.0
214.62,1386.0
214.63,1384.0
214.65,1363.0
214.67,1322.0
214.68,1295.0
214.7,1229.0
214.72,1153.0
214.73,1113.0
214.75,1033.0
214.77,957.9
214.78,924.5
214.8,869.5
214.82,835.1
214.83,827.1
214.85,832.1
214.87,867.4
214.88,897.1
214.9,980.6
214.91,1034.0
214.93,1164.0
214.95,1320.0
214.96,1407.0
214.98,1593.0
215.0,1789.0
215.01,1888.0
215.03,2083.0
215.05,2265.0
215.06,2348.0
215.08,2494.0
215.1,2604.0
215.11,2644.0
215.13,2691.0
215.15,2691.0
215.16,2674.0
215.18,2605.0
215.2,2494.0
215.21,2424.0
215.23,2260.0
215.25,2072.0
215.26,1970.0
215.28,1759.0
215.29,1652.0
215.31,1437.0
215.33,1230.0
215.34,1130.0
215.36,943.0
215.38,774.0
215.39,697.0
215.41,558.6
215.43,440.8
215.44,389.4
215.46,300.5
215.48,228.7
215.49,198.6
215.51,148.2
215.53,109.4
215.54,93.57
215.56,68.02
215.58,49.05
215.59,41.55
215.61,29.72
215.63,21.22
215.64,17.93
215.66,12.85
215.67,10.91
215.69,7.943
215.71,5.9
215.72,5.142
215.74,4.027
215.76,3.333
215.77,3.113
215.79,2.889
215.81,2.925
215.82,3.037
215.84,3.455
215.86,4.153
215.87,4.618
215.89,5.809
215.91,7.393
215.92,8.349
215.94,10.63
215.96,13.43
215.97,15.05
215.99,18.71
216.0,20.77
216.02,25.31
216.04,30.41
216.05,33.14
216.07,38.92
216.09,45.01
216.1,48.12
216.12,54.39
216.14,60.58
216.15,63.59
216.17,69.36
216.19,74.72
216.2,77.23
216.22,81.98
216.24,86.49
216.25,88.76
216.27,93.6
216.29,99.4
216.3,102.9
216.32,111.9
216.34,124.5
216.35,132.7
216.37,153.7
216.38,167.0
216.4,200.7
216.42,245.4
216.43,272.6
216.45,337.9
216.47,419.5
216.48,466.9
216.5,575.7
216.52,703.9
216.53,775.3
216.55,932.5
216.57,1108.0
216.58,1201.0
216.6,1399.0
216.62,1607.0
216.63,1714.0
216.65,1931.0
216.67,2146.0
216.68,2251.0
216.7,2455.0
216.72,2646.0
216.73,2734.0
216.75,2895.0
216.76,2967.0
216.78,3092.0
216.8,3188.0
216.81,3225.0
216.83,3276.0
216.85,3296.0
216.86,3294.0
216.88,3266.0
216.9,3207.0
216.91,3166.0
216.93,3063.0
216.95,2934.0
216.96,2860.0
216.98,2698.0
217.0,2520.0
217.01,2427.0
217.03,2236.0
217.05,2045.0
217.06,1951.0
217.08,1774.0
217.1,1615.0
217.11,1545.0
217.13,1428.0
217.14,1383.0
217.16,1324.0
217.18,1309.0
217.19,1320.0
217.21,1378.0
217.23,1487.0
217.24,1560.0
217.26,1741.0
217.28,1964.0
217.29,2090.0
217.31,2363.0
217.33,2656.0
217.34,2806.0
217.36,3106.0
217.38,3391.0
217.39,3525.0
217.41,3763.0
217.43,3955.0
217.44,4029.0
217.46,4130.0
217.47,4156.0
217.49,4153.0
217.51,4081.0
217.52,4020.0
217.54,3850.0
217.56,3625.0
217.57,3496.0
217.59,3208.0
217.61,2896.0
217.62,2733.0
217.64,2405.0
217.66,2082.0
217.67,1925.0
217.69,1626.0
217.71,1352.0
217.72,1226.0
217.74,996.2
217.76,798.0
217.77,710.6
217.79,558.0
217.81,433.2
217.82,380.3
217.84,291.2
217.85,254.2
217.87,193.2
217.89,146.7
217.9,127.9
217.92,97.84
217.94,75.63
217.95,66.87
217.97,52.99
217.99,42.88
218.0,38.9
218.02,32.58
218.04,27.92
218.05,26.05
218.07,23.03
218.09,20.74
218.1,19.81
218.12,18.32
218.14,17.24
218.15,16.84
218.17,16.32
218.19,16.17
218.2,16.25
218.22,16.74
218.23,17.17
218.25,18.47
218.27,20.44
218.28,21.71
218.3,24.91
218.32,29.11
218.33,31.63
218.35,37.57
218.37,44.82
218.38,48.94
218.4,58.22
218.42,68.81
218.43,74.57
218.45,86.88
218.47,100.0
218.48,106.8
218.5,120.5
218.52,134.0
218.53,140.5
218.55,152.7
218.57,163.4
218.58,168.0
218.6,175.5
218.61,178.3
218.63,181.9
218.65,182.7
218.66,182.0
218.68,178.5
218.7,172.6
218.71,168.7
218.73,159.8
218.75,149.5
218.76,144.1
218.78,133.1
218.8,122.6
218.81,117.7
218.83,109.2
218.85,103.0
218.86,101.0
218.88,99.62
218.9,102.2
218.91,105.3
218.93,115.0
218.94,121.9
218.96,139.8
218.98,163.5
218.99,177.6
219.01,210.0
219.03,247.8
219.04,268.5
219.06,313.2
219.08,360.9
219.09,385.6
219.11,435.3
219.13,484.1
219.14,507.6
219.16,551.4
219.18,589.4
219.19,605.6
219.21,631.9
219.23,648.8
219.24,653.5
219.26,655.4
219.28,647.5
219.29,640.2
219.31,619.3
219.32,606.2
219.34,576.0
219.36,542.1
219.37,524.4
219.39,489.1
219.41,455.5
219.42,440.0
219.44,412.2
219.46,389.9
219.47,380.9
219.49,367.8
219.51,360.6
219.52,359.1
219.54,359.7
219.56,364.0
219.57,367.1
219.59,374.4
219.61,381.8
219.62,385.1
219.64,390.3
219.66,392.8
219.67,392.8
219.69,390.2
219.7,387.7
219.72,380.3
219.74,370.3
219.75,364.6
219.77,352.5
219.79,340.6
219.8,335.1
219.82,325.6
219.84,319.2
219.85,317.5
219.87,317.3
219.89,321.9
219.9,326.0
219.92,337.8
219.94,353.8
219.95,363.2
219.97,384.3
219.99,407.4
220.0,419.4
220.02,443.6
220.04,467.5
220.05,479.1
220.07,501.6
220.08,512.5
220.1,534.0
220.12,556.2
220.13,568.1
220.15,595.2
220.17,629.0
220.18,649.5
220.2,700.1
220.22,766.9
220.23,807.6
220.25,905.8
220.27,1029.0
220.28,1101.0
220.3,1265.0
220.32,1458.0
220.33,1564.0
220.35,1795.0
220.37,2047.0
220.38,2178.0
220.4,2449.0
220.41,2585.0
220.43,2857.0
220.45,3119.0
220.46,3245.0
220.48,3479.0
220.5,3687.0
220.51,3781.0
220.53,3947.0
220.55,4086.0
220.56,4147.0
220.58,4256.0
220.6,4357.0
220.61,4407.0
220.63,4516.0
220.65,4646.0
220.66,4723.0
220.68,4908.0
220.7,5145.0
220.71,5285.0
220.73,5615.0
220.75,6015.0
220.76,6243.0
220.78,6755.0
220.79,7040.0
220.81,7667.0
220.83,8370.0
220.84,8749.0
220.86,9562.0
220.88,10440.0
220.89,10910.0
220.91,11880.0
220.93,12890.0
220.94,13420.0
220.96,14470.0
220.98,15530.0
220.99,16050.0
221.01,17060.0
221.03,17990.0
221.04,18410.0
221.06,19170.0
221.08,19760.0
221.09,19980.0
221.11,20270.0
221.13,20340.0
221.14,20280.0
221.16,19980.0
221.17,19750.0
221.19,19100.0
221.21,18240.0
221.22,17740.0
221.24,16620.0
221.26,15380.0
221.27,14730.0
221.29,13410.0
221.31,12090.0
221.32,11450.0
221.34,10240.0
221.36,9156.0
221.37,8676.0
221.39,7863.0
221.41,7272.0
221.42,7068.0
221.44,6856.0
221.46,6913.0
221.47,7045.0
221.49,7512.0
221.51,8242.0
221.52,8699.0
221.54,9781.0
221.55,10400.0
221.57,11750.0
221.59,13220.0
221.6,13980.0
221.62,15520.0
221.64,17020.0
221.65,17740.0
221.67,19060.0
221.69,20180.0
221.7,20660.0
221.72,21380.0
221.74,21800.0
221.75,21890.0
221.77,21810.0
221.79,21410.0
221.8,21090.0
221.82,20230.0
221.84,19120.0
221.85,18490.0
221.87,17090.0
221.88,16340.0
221.9,14780.0
221.92,13180.0
221.93,12380.0
221.95,10820.0
221.97,9317.0
221.98,8605.0
222.0,7267.0
222.02,6060.0
222.03,5507.0
222.05,4508.0
222.07,3648.0
222.08,3268.0
222.1,2603.0
222.12,2053.0
222.13,1818.0
222.15,1419.0
222.17,1103.0
222.18,972.4
222.2,757.3
222.22,594.9
222.23,530.4
222.25,429.2
222.26,390.5
222.28,332.8
222.3,296.2
222.31,284.4
222.33,270.8
222.35,267.7
222.36,269.1
222.38,276.1
222.4,286.6
222.41,292.6
222.43,304.8
222.45,316.1
222.46,320.9
222.48,328.4
222.5,332.3
222.51,332.6
222.53,330.1
222.55,323.1
222.56,318.0
222.58,304.8
222.6,288.1
222.61,278.6
222.63,258.0
222.64,247.1
222.66,224.6
222.68,201.7
222.69,190.4
222.71,168.5
222.73,148.0
222.74,138.3
222.76,120.5
222.78,104.8
222.79,97.68
222.81,85.04
222.83,74.32
222.84,69.62
222.86,61.4
222.88,54.55
222.89,51.56
222.91,46.29
222.93,41.8
222.94,39.8
222.96,36.17
222.97,34.52
222.99,31.5
223.01,28.8
223.02,27.56
223.04,25.3
223.06,23.36
223.07,22.51
223.09,21.07
223.11,20.02
223.12,19.65
223.14,19.23
223.16,19.26
223.17,19.45
223.19,20.18
223.21,21.36
223.22,22.11
223.24,23.92
223.26,26.09
223.27,27.29
223.29,29.86
223.31,32.57
223.32,33.94
223.34,36.65
223.35,37.96
223.37,40.39
223.39,42.49
223.4,43.38
223.42,44.78
223.44,45.61
223.45,45.8
223.47,45.71
223.49,45.0
223.5,44.42
223.52,42.86
223.54,40.83
223.55,39.68
223.57,37.15
223.59,34.45
223.6,33.07
223.62,30.33
223.64,27.71
223.65,26.46
223.67,24.17
223.69,22.18
223.7,21.31
223.72,19.82
223.73,19.2
223.75,18.2
223.77,17.48
223.78,17.22
223.8,16.85
223.82,16.64
223.83,16.59
223.85,16.52
223.87,16.49
223.88,16.48
223.9,16.43
223.92,16.34
223.93,16.27
223.95,16.1
223.97,15.88
223.98,15.76
224.0,15.48
224.02,15.19
224.03,15.05
224.05,14.77
224.07,14.53
224.08,14.43
224.1,14.26
224.11,14.2
224.13,14.12
224.15,14.11
224.16,14.13
224.18,14.2
224.2,14.32
224.21,14.4
224.23,14.6
224.25,14.84
224.26,14.98
224.28,15.29
224.3,15.67
224.31,15.89
224.33,16.39
224.35,17.01
224.36,17.36
224.38,18.19
224.4,19.18
224.41,19.74
224.43,21.03
224.44,21.75
224.46,23.35
224.48,25.18
224.49,26.17
224.51,28.34
224.53,30.74
224.54,32.03
224.56,34.77
224.58,37.75
224.59,39.34
224.61,42.71
224.63,46.36
224.64,48.3
224.66,52.45
224.68,56.98
224.69,59.4
224.71,64.58
224.73,70.26
224.74,73.29
224.76,79.76
224.78,86.77
224.79,90.48
224.81,98.28
224.82,102.4
224.84,110.9
224.86,119.7
224.87,124.2
224.89,133.4
224.91,142.6
224.92,147.1
224.94,156.1
224.96,164.9
224.97,169.0
224.99,177.1
225.01,184.5
225.02,187.9
225.04,194.3
225.06,199.9
225.07,202.4
225.09,206.8
225.11,210.4
225.12,211.9
225.14,214.2
225.16,215.8
225.17,216.3
225.19,216.6
225.2,216.5
225.22,215.5
225.24,213.8
225.25,212.6
225.27,209.6
225.29,205.7
225.3,203.5
225.32,198.4
225.34,192.6
225.35,189.4
225.37,182.7
225.39,175.5
225.4,171.9
225.42,164.5
225.44,157.2
225.45,153.7
225.47,147.1
225.49,141.3
225.5,138.8
225.52,134.7
225.54,132.0
225.55,131.3
225.57,131.3
225.58,131.9
225.6,134.8
225.62,139.6
225.63,142.8
225.65,150.7
225.67,160.6
225.68,166.2
225.7,178.8
225.72,192.8
225.73,200.4
225.75,216.3
225.77,233.1
225.78,241.7
225.8,259.3
225.82,277.2
225.83,286.3
225.85,304.6
225.87,323.3
225.88,332.9
225.9,353.2
225.91,364.0
225.93,388.1
225.95,416.7
225.96,433.3
225.98,473.1
226.0,524.2
226.01,555.3
226.03,630.9
226.05,728.6
226.06,787.3
226.08,927.7
226.1,1103.0
226.11,1205.0
226.13,1442.0
226.15,1722.0
226.16,1880.0
226.18,2230.0
226.2,2623.0
226.21,2834.0
226.23,3282.0
226.25,3754.0
226.26,3995.0
226.28,4480.0
226.29,4718.0
226.31,5177.0
226.33,5598.0
226.34,5788.0
226.36,6117.0
226.38,6368.0
226.39,6459.0
226.41,6570.0
226.43,6583.0
226.44,6552.0
226.46,6419.0
226.48,6200.0
226.49,6063.0
226.51,5743.0
226.53,5380.0
226.54,5190.0
226.56,4806.0
226.58,4438.0
226.59,4268.0
226.61,3971.0
226.63,3748.0
226.64,3671.0
226.66,3594.0
226.67,3598.0
226.69,3696.0
226.71,3920.0
226.72,4080.0
226.74,4491.0
226.76,5018.0
226.77,5321.0
226.79,5993.0
226.81,6734.0
226.82,7122.0
226.84,7913.0
226.86,8697.0
226.87,9075.0
226.89,9781.0
226.91,10390.0
226.92,10660.0
226.94,11070.0
226.96,11330.0
226.97,11400.0
226.99,11390.0
227.01,11210.0
227.02,11050.0
227.04,10620.0
227.05,10350.0
227.07,9710.0
227.09,8966.0
227.1,8565.0
227.12,7723.0
227.14,6854.0
227.15,6419.0
227.17,5564.0
227.19,4748.0
227.2,4360.0
227.22,3634.0
227.24,2984.0
227.25,2689.0
227.27,2159.0
227.29,1709.0
227.3,1513.0
227.32,1175.0
227.34,902.4
227.35,788.3
227.37,599.2
227.38,522.1
227.4,397.5
227.42,306.4
227.43,271.2
227.45,217.8
227.47,182.7
227.48,170.6
227.5,154.9
227.52,148.0
227.53,147.0
227.55,148.6
227.57,153.5
227.58,156.8
227.6,164.2
227.62,172.2
227.63,176.2
227.65,183.9
227.67,190.8
227.68,193.9
227.7,199.5
227.72,204.2
227.73,206.2
227.75,209.7
227.76,211.3
227.78,214.1
227.8,216.7
227.81,218.0
227.83,220.7
227.85,223.4
227.86,224.9
227.88,227.9
227.9,230.8
227.91,232.3
227.93,234.8
227.95,236.8
227.96,237.5
227.98,238.0
228.0,237.2
228.01,236.2
228.03,233.1
228.05,228.2
228.06,225.2
228.08,217.8
228.1,209.1
228.11,204.3
228.13,194.0
228.14,188.6
228.16,177.7
228.18,166.9
228.19,161.7
228.21,152.1
228.23,143.6
228.24,139.9
228.26,133.7
228.28,129.2
228.29,127.6
228.31,125.6
228.33,125.1
228.34,125.3
228.36,126.5
228.38,128.4
228.39,129.5
228.41,131.8
228.43,133.9
228.44,134.8
228.46,136.2
228.48,136.9
228.49,136.9
228.51,136.5
228.52,135.9
228.54,134.4
228.56,132.4
228.57,131.3
228.59,128.8
228.61,126.2
228.62,125.0
228.64,122.6
228.66,120.4
228.67,119.4
228.69,117.4
228.71,115.6
228.72,114.7
228.74,112.7
228.76,110.5
228.77,109.3
228.79,106.4
228.81,102.9
228.82,100.9
228.84,96.44
228.85,93.95
228.87,88.51
228.89,82.57
228.9,79.46
228.92,73.06
228.94,66.59
228.95,63.41
228.97,57.26
228.99,51.58
229.0,48.98
229.02,44.35
229.04,40.61
229.05,39.1
229.07,36.85
229.09,35.67
229.1,35.48
229.12,35.9
229.14,37.34
229.15,38.41
229.17,41.23
229.19,44.85
229.2,46.93
229.22,51.52
229.23,54.01
229.25,59.29
229.27,64.86
229.28,67.72
229.3,73.51
229.32,79.3
229.33,82.18
229.35,87.86
229.37,93.43
229.38,96.17
229.4,101.6
229.42,107.2
229.43,110.0
229.45,116.0
229.47,122.7
229.48,126.4
229.5,134.9
229.52,145.0
229.53,150.9
229.55,164.6
229.57,181.4
229.58,191.0
229.6,213.0
229.61,225.5
229.63,253.4
229.65,285.3
229.66,302.7
229.68,340.1
229.7,380.5
229.71,401.6
229.73,444.8
229.75,488.6
229.76,510.4
229.78,552.9
229.8,593.2
229.81,612.3
229.83,648.0
229.85,680.2
229.86,695.2
229.88,723.5
229.9,751.2
229.91,765.6
229.93,797.7
229.95,837.6
229.96,862.0
229.98,923.5
229.99,962.2
230.01,1059.0
230.03,1189.0
230.04,1268.0
230.06,1458.0
230.08,1696.0
230.09,1835.0
230.11,2153.0
230.13,2525.0
230.14,2731.0
230.16,3181.0
230.18,3675.0
230.19,3936.0
230.21,4476.0
230.23,5027.0
230.24,5302.0
230.26,5836.0
230.28,6335.0
230.29,6564.0
230.31,6970.0
230.32,7142.0
230.34,7416.0
230.36,7584.0
230.37,7626.0
230.39,7622.0
230.41,7502.0
230.42,7399.0
230.44,7116.0
230.46,6740.0
230.47,6521.0
230.49,6034.0
230.51,5499.0
230.52,5219.0
230.54,4647.0
230.56,4075.0
230.57,3794.0
230.59,3253.0
230.61,2747.0
230.62,2510.0
230.64,2073.0
230.66,1689.0
230.67,1516.0
230.69,1210.0
230.7,1076.0
230.72,844.5
230.74,656.5
230.75,577.4
230.77,445.4
230.79,343.9
230.8,302.9
230.82,237.2
230.84,189.5
230.85,171.1
230.87,142.9
230.89,123.8
230.9,116.8
230.92,106.7
230.94,100.3
230.95,98.07
230.97,95.07
230.99,93.34
231.0,92.8
231.02,92.19
231.04,92.08
231.05,92.21
231.07,92.82
231.08,93.33
231.1,94.82
231.12,97.03
231.13,98.42
231.15,101.8
231.17,106.0
231.18,108.3
231.2,113.5
231.22,119.2
231.23,122.1
231.25,128.0
231.27,133.7
231.28,136.4
231.3,141.0
231.32,144.7
231.33,146.0
231.35,147.5
231.37,147.5
231.38,146.8
231.4,144.1
231.42,139.7
231.43,137.0
231.45,130.3
231.46,126.5
231.48,118.1
231.5,109.0
231.51,104.2
231.53,94.53
231.55,84.91
231.56,80.23
231.58,71.28
231.6,63.11
231.61,59.39
231.63,52.77
231.65,47.39
231.66,45.2
231.68,41.87
231.7,40.01
231.71,39.65
231.73,40.09
231.75,42.11
231.76,43.73
231.78,48.19
231.79,51.03
231.81,57.94
231.83,66.48
231.84,71.33
231.86,82.17
231.88,94.39
231.89,101.0
231.91,114.9
231.93,129.5
231.94,137.0
231.96,152.1
231.98,166.9
231.99,174.0
232.01,187.4
232.03,199.2
232.04,204.4
232.06,213.0
232.08,219.0
232.09,220.9
232.11,222.5
232.13,221.1
232.14,219.2
232.16,213.4
232.17,209.4
232.19,199.8
232.21,188.1
232.22,181.7
232.24,168.0
232.26,153.7
232.27,146.5
232.29,132.5
232.31,119.5
232.32,113.5
232.34,103.1
232.36,95.19
232.37,92.35
232.39,89.27
232.41,90.12
232.42,92.18
232.44,99.92
232.46,112.9
232.47,121.5
232.49,143.2
232.51,171.1
232.52,187.4
232.54,224.9
232.55,246.1
232.57,292.9
232.59,345.3
232.6,373.3
232.62,432.3
232.64,494.2
232.65,525.7
232.67,588.7
232.69,650.1
232.7,679.6
232.72,735.1
232.74,784.4
232.75,806.2
232.77,843.5
232.79,871.9
232.8,882.7
232.82,897.7
232.84,904.9
232.85,906.0
232.87,904.8
232.88,903.1
232.9,899.5
232.92,898.4
232.93,900.0
232.95,909.5
232.97,930.7
232.98,946.7
233.0,991.4
233.02,1055.0
233.03,1095.0
233.05,1189.0
233.07,1306.0
233.08,1372.0
233.1,1518.0
233.12,1682.0
233.13,1769.0
233.15,1950.0
233.17,2138.0
233.18,2232.0
233.2,2416.0
233.22,2590.0
233.23,2671.0
233.25,2817.0
233.26,2880.0
233.28,2984.0
233.3,3054.0
233.31,3074.0
233.33,3086.0
233.35,3059.0
233.36,3030.0
233.38,2946.0
233.4,2827.0
233.41,2756.0
233.43,2596.0
233.45,2416.0
233.46,2322.0
233.48,2127.0
233.5,1933.0
233.51,1838.0
233.53,1657.0
233.55,1494.0
233.56,1420.0
233.58,1290.0
233.6,1188.0
233.61,1147.0
233.63,1088.0
233.64,1069.0
233.66,1050.0
233.68,1056.0
233.69,1067.0
233.71,1103.0
233.73,1152.0
233.74,1181.0
233.76,1241.0
233.78,1301.0
233.79,1330.0
233.81,1382.0
233.83,1423.0
233.84,1438.0
233.86,1457.0
233.88,1461.0
233.89,1456.0
233.91,1437.0
233.93,1404.0
233.94,1384.0
233.96,1340.0
233.98,1294.0
233.99,1273.0
234.01,1237.0
234.02,1225.0
234.04,1215.0
234.06,1232.0
234.07,1252.0
234.09,1322.0
234.11,1434.0
234.12,1508.0
234.14,1693.0
234.16,1929.0
234.17,2067.0
234.19,2380.0
234.21,2740.0
234.22,2936.0
234.24,3354.0
234.26,3798.0
234.27,4026.0
234.29,4486.0
234.31,4938.0
234.32,5155.0
234.34,5564.0
234.35,5752.0
234.37,6084.0
234.39,6349.0
234.4,6452.0
234.42,6598.0
234.44,6659.0
234.45,6657.0
234.47,6591.0
234.49,6448.0
234.5,6351.0
234.52,6112.0
234.54,5829.0
234.55,5676.0
234.57,5356.0
234.59,5033.0
234.6,4876.0
234.62,4579.0
234.64,4316.0
234.65,4200.0
234.67,4005.0
234.69,3860.0
234.7,3807.0
234.72,3738.0
234.73,3721.0
234.75,3715.0
234.77,3741.0
234.78,3762.0
234.8,3812.0
234.82,3864.0
234.83,3887.0
234.85,3918.0
234.87,3923.0
234.88,3914.0
234.9,3867.0
234.92,3779.0
234.93,3720.0
234.95,3572.0
234.97,3388.0
234.98,3283.0
235.0,3053.0
235.02,2803.0
235.03,2672.0
235.05,2406.0
235.07,2139.0
235.08,2007.0
235.1,1753.0
235.11,1631.0
235.13,1402.0
235.15,1194.0
235.16,1099.0
235.18,926.7
235.2,779.8
235.21,715.4
235.23,604.5
235.25,515.7
235.26,479.1
235.28,419.7
235.3,377.2
235.31,361.5
235.33,339.7
235.35,329.0
235.36,327.1
235.38,329.0
235.4,336.8
235.41,342.4
235.43,356.0
235.45,371.7
235.46,379.8
235.48,396.3
235.49,404.5
235.51,420.1
235.53,434.9
235.54,442.0
235.56,455.8
235.58,470.1
235.59,477.7
235.61,495.1
235.63,516.9
235.64,530.1
235.66,562.6
235.68,605.4
235.69,631.3
235.71,694.0
235.73,772.5
235.74,818.3
235.76,923.7
235.78,1048.0
235.79,1117.0
235.81,1269.0
235.82,1351.0
235.84,1527.0
235.86,1714.0
235.87,1811.0
235.89,2008.0
235.91,2205.0
235.92,2301.0
235.94,2486.0
235.96,2656.0
235.97,2733.0
235.99,2868.0
236.01,2976.0
236.02,3017.0
236.04,3075.0
236.06,3098.0
236.07,3096.0
236.09,3067.0
236.11,3006.0
236.12,2964.0
236.14,2864.0
236.16,2743.0
236.17,2678.0
236.19,2541.0
236.2,2472.0
236.22,2336.0
236.24,2210.0
236.25,2153.0
236.27,2055.0
236.29,1985.0
236.3,1962.0
236.32,1944.0
236.34,1968.0
236.35,1997.0
236.37,2090.0
236.39,2234.0
236.4,2325.0
236.42,2549.0
236.44,2828.0
236.45,2989.0
236.47,3351.0
236.49,3767.0
236.5,3994.0
236.52,4485.0
236.54,5019.0
236.55,5299.0
236.57,5883.0
236.58,6183.0
236.6,6791.0
236.62,7397.0
236.63,7694.0
236.65,8267.0
236.67,8793.0
236.68,9034.0
236.7,9458.0
236.72,9794.0
236.73,9924.0
236.75,10100.0
236.77,10160.0
236.78,10150.0
236.8,10030.0
236.82,9802.0
236.83,9648.0
236.85,9270.0
236.87,8815.0
236.88,8566.0
236.9,8039.0
236.92,7497.0
236.93,7230.0
236.95,6720.0
236.96,6484.0
236.98,6070.0
237.0,5753.0
237.01,5639.0
237.03,5513.0
237.05,5539.0
237.06,5614.0
237.08,5893.0
237.1,6351.0
237.11,6647.0
237.13,7370.0
237.15,8259.0
237.16,8760.0
237.18,9861.0
237.2,11070.0
237.21,11700.0
237.23,13000.0
237.25,14300.0
237.26,14940.0
237.28,16160.0
237.29,16720.0
237.31,17750.0
237.33,18600.0
237.34,18940.0
237.36,19440.0
237.38,19690.0
237.39,19710.0
237.41,19550.0
237.43,19120.0
237.44,18820.0
237.46,18030.0
237.48,17050.0
237.49,16490.0
237.51,15280.0
237.53,13960.0
237.54,13290.0
237.56,11920.0
237.58,10560.0
237.59,9896.0
237.61,8622.0
237.63,7439.0
237.64,6888.0
237.66,5877.0
237.67,5419.0
237.69,4601.0
237.71,3915.0
237.72,3620.0
237.74,3125.0
237.76,2749.0
237.77,2603.0
237.79,2390.0
237.81,2276.0
237.82,2254.0
237.84,2274.0
237.86,2379.0
237.87,2462.0
237.89,2689.0
237.91,2998.0
237.92,3183.0
237.94,3619.0
237.96,4142.0
237.97,4437.0
237.99,5097.0
238.01,5848.0
238.02,6256.0
238.04,7136.0
238.05,7605.0
238.07,8592.0
238.09,9631.0
238.1,10160.0
238.12,11230.0
238.14,12290.0
238.15,12800.0
238.17,13770.0
238.19,14650.0
238.2,15040.0
238.22,15700.0
238.24,16180.0
238.25,16350.0
238.27,16540.0
238.29,16510.0
238.3,16410.0
238.32,16060.0
238.34,15510.0
238.35,15170.0
238.37,14370.0
238.39,13430.0
238.4,12920.0
238.42,11840.0
238.43,11280.0
238.45,10150.0
238.47,9025.0
238.48,8474.0
238.5,7410.0
238.52,6419.0
238.53,5956.0
238.55,5104.0
238.57,4360.0
238.58,4029.0
238.6,3452.0
238.62,2988.0
238.63,2796.0
238.65,2490.0
238.67,2282.0
238.68,2211.0
238.7,2130.0
238.72,2120.0
238.73,2139.0
238.75,2214.0
238.76,2269.0
238.78,2401.0
238.8,2557.0
238.81,2639.0
238.83,2805.0
238.85,2963.0
238.86,3037.0
238.88,3165.0
238.9,3263.0
238.91,3298.0
238.93,3339.0
238.95,3338.0
238.96,3321.0
238.98,3255.0
239.0,3149.0
239.01,3083.0
239.03,2926.0
239.05,2743.0
239.06,2644.0
239.08,2439.0
239.1,2228.0
239.11,2124.0
239.13,1924.0
239.14,1830.0
239.16,1660.0
239.18,1521.0
239.19,1465.0
239.21,1386.0
239.23,1357.0
239.24,1363.0
239.26,1420.0
239.28,1543.0
239.29,1631.0
239.31,1862.0
239.33,2169.0
239.34,2352.0
239.36,2777.0
239.38,3279.0
239.39,3557.0
239.41,4164.0
239.43,4830.0
239.44,5181.0
239.46,5909.0
239.48,6656.0
239.49,7029.0
239.51,7763.0
239.52,8118.0
239.54,8787.0
239.56,9383.0
239.57,9647.0
239.59,10100.0
239.61,10430.0
239.62,10540.0
239.64,10680.0
239.66,10680.0
239.67,10640.0
239.69,10450.0
239.71,10160.0
239.72,9978.0
239.74,9557.0
239.76,9078.0
239.77,8823.0
239.79,8296.0
239.81,7764.0
239.82,7501.0
239.84,6993.0
239.86,6515.0
239.87,6291.0
239.89,5872.0
239.9,5678.0
239.92,5321.0
239.94,5000.0
239.95,4852.0
239.97,4575.0
239.99,4320.0
240.0,4198.0
240.02,3962.0
240.04,3733.0
240.05,3621.0
240.07,3400.0
240.09,3185.0
240.1,3080.0
240.12,2881.0
240.14,2699.0
240.15,2616.0
240.17,2475.0
240.19,2370.0
240.2,2334.0
240.22,2299.0
240.23,2302.0
240.25,2352.0
240.27,2465.0
240.28,2546.0
240.3,2756.0
240.32,3031.0
240.33,3191.0
240.35,3553.0
240.37,3963.0
240.38,4183.0
240.4,4647.0
240.42,5128.0
240.43,5371.0
240.45,5851.0
240.47,6311.0
240.48,6529.0
240.5,6928.0
240.52,7271.0
240.53,7417.0
240.55,7653.0
240.57,7807.0
240.58,7853.0
240.6,7881.0
240.61,7863.0
240.63,7766.0
240.65,7594.0
240.66,7482.0
240.68,7215.0
240.7,6899.0
240.71,6727.0
240.73,6365.0
240.75,5990.0
240.76,5802.0
240.78,5436.0
240.8,5094.0
240.81,4935.0
240.83,4650.0
240.85,4415.0
240.86,4318.0
240.88,4171.0
240.9,4088.0
240.91,4069.0
240.93,4079.0
240.95,4147.0
240.96,4200.0
240.98,4341.0
240.99,4426.0
241.01,4616.0
241.03,4824.0
241.04,4931.0
241.06,5140.0
241.08,5335.0
241.09,5423.0
241.11,5572.0
241.13,5681.0
241.14,5717.0
241.16,5752.0
241.18,5733.0
241.19,5704.0
241.21,5607.0
241.23,5461.0
241.24,5372.0
241.26,5164.0
241.28,4923.0
241.29,4792.0
241.31,4515.0
241.33,4224.0
241.34,4075.0
241.36,3773.0
241.37,3623.0
241.39,3323.0
241.41,3031.0
241.42,2888.0
241.44,2611.0
241.46,2346.0
241.47,2219.0
241.49,1976.0
241.51,1749.0
241.52,1642.0
241.54,1439.0
241.56,1254.0
241.57,1167.0
241.59,1008.0
241.61,865.2
241.62,800.2
241.64,682.5
241.66,580.6
241.67,535.3
241.69,455.4
241.7,420.4
241.72,359.7
241.74,310.0
241.75,288.9
241.77,253.0
241.79,224.4
241.8,212.4
241.82,192.3
241.84,176.1
241.85,169.3
241.87,157.3
241.89,147.2
241.9,142.6
241.92,134.2
241.94,126.6
241.95,123.1
241.97,116.4
241.99,110.5
242.0,107.9
242.02,103.4
242.04,100.3
242.05,99.34
242.07,98.8
242.08,99.31
242.1,102.1
242.12,107.5
242.13,111.3
242.15,121.0
242.17,133.9
242.18,141.6
242.2,159.3
242.22,180.1
242.23,191.6
242.25,216.6
242.27,243.9
242.28,258.2
242.3,287.9
242.32,318.2
242.33,333.3
242.35,363.1
242.37,391.4
242.38,404.6
242.4,428.9
242.42,449.5
242.43,458.2
242.45,472.0
242.46,477.0
242.48,483.1
242.5,483.8
242.51,482.3
242.53,475.4
242.55,464.1
242.56,456.9
242.58,440.3
242.6,421.4
242.61,411.4
242.63,390.9
242.65,370.8
242.66,361.2
242.68,343.5
242.7,328.5
242.71,322.3
242.73,312.6
242.75,306.9
242.76,305.7
242.78,306.4
242.79,308.3
242.81,315.1
242.83,325.4
242.84,331.8
242.86,346.6
242.88,363.5
242.89,372.6
242.91,391.8
242.93,411.7
242.94,421.8
242.96,442.3
242.98,463.0
242.99,473.5
243.01,495.2
243.03,518.7
243.04,531.4
243.06,560.1
243.08,594.9
243.09,615.4
243.11,664.8
243.13,728.5
243.14,767.0
243.16,860.6
243.17,917.0
243.19,1052.0
243.21,1222.0
243.22,1322.0
243.24,1555.0
243.26,1836.0
243.27,1996.0
243.29,2356.0
243.31,2772.0
243.32,3000.0
243.34,3497.0
243.36,4044.0
243.37,4333.0
243.39,4937.0
243.41,5565.0
243.42,5883.0
243.44,6517.0
243.46,7131.0
243.47,7426.0
243.49,7975.0
243.51,8455.0
243.52,8664.0
243.54,9009.0
243.55,9142.0
243.57,9321.0
243.59,9379.0
243.6,9363.0
243.62,9239.0
243.64,9000.0
243.65,8841.0
243.67,8451.0
243.69,7980.0
243.7,7720.0
243.72,7163.0
243.74,6574.0
243.75,6274.0
243.77,5675.0
243.79,5091.0
243.8,4809.0
243.82,4273.0
243.84,3782.0
243.85,3555.0
243.87,3141.0
243.89,2781.0
243.9,2621.0
243.92,2339.0
243.93,2215.0
243.95,2001.0
243.97,1825.0
243.98,1749.0
244.0,1619.0
244.02,1512.0
244.03,1465.0
244.05,1385.0
244.07,1316.0
244.08,1286.0
244.1,1231.0
244.12,1183.0
244.13,1162.0
244.15,1123.0
244.17,1091.0
244.18,1077.0
244.2,1053.0
244.22,1036.0
244.23,1030.0
244.25,1021.0
244.26,1020.0
244.28,1020.0
244.3,1025.0
244.31,1029.0
244.33,1040.0
244.35,1053.0
244.36,1060.0
244.38,1074.0
244.4,1087.0
244.41,1093.0
244.43,1103.0
244.45,1109.0
244.46,1110.0
244.48,1110.0
244.5,1104.0
244.51,1099.0
244.53,1085.0
244.55,1065.0
244.56,1053.0
244.58,1025.0
244.6,992.6
244.61,974.5
244.63,935.3
244.64,914.4
244.66,870.4
244.68,824.0
244.69,800.1
244.71,751.6
244.73,702.5
244.74,678.0
244.76,629.3
244.78,581.7
244.79,558.4
244.81,513.2
244.83,470.1
244.84,449.4
244.86,410.0
244.88,373.3
244.89,356.0
244.91,323.6
244.93,294.1
244.94,280.5
244.96,255.5
244.98,233.3
244.99,223.3
245.01,205.3
245.02,197.3
245.04,183.3
245.06,171.8
245.07,167.0
245.09,159.1
245.11,153.4
245.12,151.4
245.14,148.9
245.16,148.3
245.17,148.7
245.19,150.9
245.21,154.7
245.22,157.1
245.24,163.0
245.26,170.0
245.27,173.9
245.29,182.3
245.31,191.2
245.32,195.8
245.34,205.2
245.36,214.5
245.37,219.2
245.39,228.4
245.4,232.9
245.42,241.8
245.44,250.6
245.45,255.0
245.47,264.1
245.49,273.8
245.5,279.0
245.52,290.4
245.54,303.5
245.55,310.8
245.57,327.2
245.59,346.3
245.6,356.9
245.62,380.4
245.64,406.9
245.65,421.1
245.67,451.6
245.69,484.3
245.7,501.2
245.72,535.9
245.73,553.5
245.75,588.5
245.77,622.7
245.78,639.3
245.8,670.9
245.82,700.2
245.83,713.8
245.85,739.0
245.87,761.7
245.88,772.2
245.9,791.9
245.92,810.8
245.93,820.3
245.95,840.3
245.97,862.8
245.98,875.5
246.0,904.7
246.02,940.1
246.03,960.5
246.05,1007.0
246.07,1063.0
246.08,1094.0
246.1,1162.0
246.11,1199.0
246.13,1279.0
246.15,1365.0
246.16,1409.0
246.18,1500.0
246.2,1590.0
246.21,1635.0
246.23,1720.0
246.25,1799.0
246.26,1835.0
246.28,1898.0
246.3,1949.0
246.31,1969.0
246.33,1997.0
246.35,2009.0
246.36,2009.0
246.38,1998.0
246.4,1972.0
246.41,1954.0
246.43,1909.0
246.45,1852.0
246.46,1820.0
246.48,1751.0
246.49,1715.0
246.51,1638.0
246.53,1558.0
246.54,1518.0
246.56,1437.0
246.58,1357.0
246.59,1318.0
246.61,1241.0
246.63,1168.0
246.64,1133.0
246.66,1065.0
246.68,1002.0
246.69,972.1
246.71,915.9
246.73,864.7
246.74,841.1
246.76,797.8
246.78,760.1
246.79,743.4
246.81,714.3
246.83,691.5
246.84,682.4
246.86,669.3
246.87,665.4
246.89,662.9
246.91,668.2
246.92,673.9
246.94,691.9
246.96,719.3
246.97,736.8
246.99,779.8
247.01,834.3
247.02,866.1
247.04,939.1
247.06,1025.0
247.07,1073.0
247.09,1179.0
247.11,1298.0
247.12,1361.0
247.14,1496.0
247.16,1640.0
247.17,1714.0
247.19,1864.0
247.2,1940.0
247.22,2090.0
247.24,2233.0
247.25,2301.0
247.27,2427.0
247.29,2536.0
247.3,2582.0
247.32,2657.0
247.34,2707.0
247.35,2721.0
247.37,2729.0
247.39,2707.0
247.4,2686.0
247.42,2624.0
247.44,2537.0
247.45,2485.0
247.47,2368.0
247.49,2236.0
247.5,2165.0
247.52,2019.0
247.54,1869.0
247.55,1795.0
247.57,1649.0
247.58,1578.0
247.6,1445.0
247.62,1325.0
247.63,1271.0
247.65,1175.0
247.67,1100.0
247.68,1070.0
247.7,1026.0
247.72,1006.0
247.73,1004.0
247.75,1019.0
247.77,1058.0
247.78,1086.0
247.8,1160.0
247.82,1257.0
247.83,1313.0
247.85,1442.0
247.87,1590.0
247.88,1672.0
247.9,1849.0
247.92,2046.0
247.93,2151.0
247.95,2377.0
247.96,2497.0
247.98,2757.0
248.0,3042.0
248.01,3196.0
248.03,3531.0
248.05,3904.0
248.06,4108.0
248.08,4551.0
248.1,5049.0
248.11,5319.0
248.13,5905.0
248.15,6549.0
248.16,6893.0
248.18,7621.0
248.2,8394.0
248.21,8794.0
248.23,9610.0
248.25,10430.0
248.26,10840.0
248.28,11630.0
248.3,12360.0
248.31,12700.0
248.33,13310.0
248.34,13570.0
248.36,14000.0
248.38,14290.0
248.39,14380.0
248.41,14450.0
248.43,14360.0
248.44,14260.0
248.46,13970.0
248.48,13550.0
248.49,13310.0
248.51,12760.0
248.53,12160.0
248.54,11860.0
248.56,11240.0
248.58,10650.0
248.59,10370.0
248.61,9879.0
248.63,9475.0
248.64,9313.0
248.66,9075.0
248.67,9001.0
248.69,8945.0
248.71,9009.0
248.72,9085.0
248.74,9313.0
248.76,9634.0
248.77,9824.0
248.79,10250.0
248.81,10720.0
248.82,10970.0
248.84,11470.0
248.86,11970.0
248.87,12210.0
248.89,12670.0
248.91,13100.0
248.92,13290.0
248.94,13640.0
248.96,13920.0
248.97,14030.0
248.99,14220.0
249.01,14320.0
249.02,14350.0
249.04,14350.0
249.05,14320.0
249.07,14210.0
249.09,14020.0
249.1,13900.0
249.12,13600.0
249.14,13240.0
249.15,13030.0
249.17,12560.0
249.19,12030.0
249.2,11740.0
249.22,11130.0
249.24,10490.0
249.25,10150.0
249.27,9465.0
249.29,8763.0
249.3,8410.0
249.32,7707.0
249.34,7016.0
249.35,6678.0
249.37,6021.0
249.39,5397.0
249.4,5098.0
249.42,4532.0
249.43,4265.0
249.45,3763.0
249.47,3307.0
249.48,3095.0
249.5,2707.0
249.52,2361.0
249.53,2205.0
249.55,1921.0
249.57,1676.0
249.58,1568.0
249.6,1375.0
249.62,1215.0
249.63,1145.0
249.65,1027.0
249.67,934.2
249.68,896.2
249.7,836.0
249.72,794.7
249.73,780.4
249.75,763.5
249.77,760.5
249.78,763.6
249.8,778.1
249.81,789.2
249.83,817.9
249.85,854.6
249.86,875.5
249.88,921.9
249.9,973.7
249.91,1001.0
249.93,1059.0
249.95,1120.0
249.96,1151.0
249.98,1214.0
250.0,1278.0
250.01,1309.0
250.03,1371.0
250.05,1430.0
250.06,1458.0
250.08,1511.0
250.1,1560.0
250.11,1582.0
250.13,1623.0
250.14,1642.0
250.16,1678.0
250.18,1713.0
250.19,1731.0
250.21,1772.0
250.23,1825.0
250.24,1859.0
250.26,1947.0
250.28,2072.0
250.29,2152.0
250.31,2360.0
250.33,2644.0
250.34,2821.0
250.36,3256.0
250.38,3817.0
250.39,4152.0
250.41,4942.0
250.43,5907.0
250.44,6460.0
250.46,7715.0
250.48,9174.0
250.49,9980.0
250.51,11740.0
250.52,12690.0
250.54,14720.0
250.56,16900.0
250.57,18030.0
250.59,20340.0
250.61,22670.0
250.62,23830.0
250.64,26070.0
250.66,28180.0
250.67,29150.0
250.69,30910.0
250.71,32350.0
250.72,32940.0
250.74,33820.0
250.76,34290.0
250.77,34350.0
250.79,34160.0
250.81,33540.0
250.82,33080.0
250.84,31880.0
250.86,30340.0
250.87,29470.0
250.89,27550.0
250.9,26520.0
250.92,24380.0
250.94,22190.0
250.95,21090.0
250.97,18940.0
250.99,16890.0
251.0,15930.0
251.02,14150.0
251.04,12590.0
251.05,11910.0
251.07,10760.0
251.09,9909.0
251.1,9603.0
251.12,9240.0
251.14,9225.0
251.15,9355.0
251.17,9898.0
251.19,10840.0
251.2,11470.0
251.22,13050.0
251.24,15100.0
251.25,16310.0
251.27,19100.0
251.28,20690.0
251.3,24280.0
251.32,28430.0
251.33,30720.0
251.35,35710.0
251.37,41260.0
251.38,44230.0
251.4,50540.0
251.42,57290.0
251.43,60800.0
251.45,68050.0
251.47,75500.0
251.48,79250.0
251.5,86710.0
251.52,94000.0
251.53,97520.0
251.55,104200.0
251.57,110300.0
251.58,113000.0
251.6,117800.0
251.61,119900.0
251.63,123100.0
251.65,125200.0
251.66,125800.0
251.68,126100.0
251.7,125100.0
251.71,124100.0
251.73,121400.0
251.75,117600.0
251.76,115400.0
251.78,110400.0
251.8,104600.0
251.81,101600.0
251.83,95270.0
251.85,88720.0
251.86,85420.0
251.88,78860.0
251.9,72460.0
251.91,69350.0
251.93,63370.0
251.95,57770.0
251.96,55120.0
251.98,50150.0
251.99,47830.0
252.01,43530.0
252.03,39680.0
252.04,37920.0
252.06,34720.0
252.08,31930.0
252.09,30700.0
252.11,28530.0
252.13,26760.0
252.14,26020.0
252.16,24840.0
252.18,24050.0
252.19,23800.0
252.21,23570.0
252.23,23690.0
252.24,23870.0
252.26,24480.0
252.28,25350.0
252.29,25870.0
252.31,27050.0
252.33,28370.0
252.34,29050.0
252.36,30440.0
252.37,31130.0
252.39,32440.0
252.41,33630.0
252.42,34160.0
252.44,35060.0
252.46,35730.0
252.47,35980.0
252.49,36280.0
252.51,36340.0
252.52,36290.0
252.54,36040.0
252.56,35650.0
252.57,35420.0
252.59,34920.0
252.61,34440.0
252.62,34220.0
252.64,33860.0
252.66,33660.0
252.67,33630.0
252.69,33740.0
252.7,33880.0
252.72,34320.0
252.74,34970.0
252.75,35370.0
252.77,36270.0
252.79,37270.0
252.8,37790.0
252.82,38810.0
252.84,39740.0
252.85,40150.0
252.87,40820.0
252.89,41210.0
252.9,41290.0
252.92,41180.0
252.94,40690.0
252.95,40300.0
252.97,39230.0
252.99,37790.0
253.0,36930.0
253.02,35000.0
253.04,32800.0
253.05,31620.0
253.07,29140.0
253.08,27860.0
253.1,25260.0
253.12,22660.0
253.13,21380.0
253.15,18900.0
253.17,16540.0
253.18,15430.0
253.2,13340.0
253.22,11460.0
253.23,10610.0
253.25,9050.0
253.27,7710.0
253.28,7117.0
253.3,6078.0
253.32,5219.0
253.33,4852.0
253.35,4228.0
253.37,3736.0
253.38,3533.0
253.4,3201.0
253.42,2954.0
253.43,2857.0
253.45,2707.0
253.46,2652.0
253.48,2572.0
253.5,2526.0
253.51,2514.0
253.53,2506.0
253.55,2515.0
253.56,2524.0
253.58,2551.0
253.6,2585.0
253.61,2603.0
253.63,2642.0
253.65,2682.0
253.66,2701.0
253.68,2738.0
253.7,2772.0
253.71,2788.0
253.73,2815.0
253.75,2836.0
253.76,2845.0
253.78,2858.0
253.8,2866.0
253.81,2868.0
253.83,2869.0
253.84,2869.0
253.86,2865.0
253.88,2860.0
253.89,2857.0
253.91,2851.0
253.93,2846.0
253.94,2844.0
253.96,2842.0
253.98,2843.0
253.99,2844.0
254.01,2848.0
254.03,2856.0
254.04,2860.0
254.06,2870.0
254.08,2880.0
254.09,2886.0
254.11,2895.0
254.13,2903.0
254.14,2906.0
254.16,2908.0
254.17,2908.0
254.19,2903.0
254.21,2893.0
254.22,2885.0
254.24,2866.0
254.26,2841.0
254.27,2827.0
254.29,2795.0
254.31,2759.0
254.32,2740.0
254.34,2701.0
254.36,2661.0
254.37,2641.0
254.39,2602.0
254.41,2564.0
254.42,2546.0
254.44,2512.0
254.46,2481.0
254.47,2466.0
254.49,2438.0
254.51,2412.0
254.52,2400.0
254.54,2375.0
254.55,2362.0
254.57,2336.0
254.59,2307.0
254.6,2292.0
254.62,2259.0
254.64,2222.0
254.65,2202.0
254.67,2160.0
254.69,2113.0
254.7,2089.0
254.72,2039.0
254.74,1988.0
254.75,1963.0
254.77,1912.0
254.79,1864.0
254.8,1841.0
254.82,1797.0
254.84,1758.0
254.85,1740.0
254.87,1707.0
254.89,1677.0
254.9,1664.0
254.92,1639.0
254.93,1626.0
254.95,1602.0
254.97,1577.0
254.98,1563.0
255.0,1532.0
255.02,1497.0
255.03,1476.0
255.05,1431.0
255.07,1378.0
255.08,1349.0
255.1,1285.0
255.12,1214.0
255.13,1176.0
255.15,1097.0
255.17,1014.0
255.18,971.4
255.2,885.6
255.22,800.0
255.23,757.9
255.25,675.7
255.27,597.7
255.28,560.6
255.3,490.8
255.31,458.4
255.33,398.7
255.35,346.3
255.36,322.8
255.38,281.3
255.4,247.0
255.41,232.3
255.43,207.8
255.45,189.0
255.46,181.6
255.48,170.3
255.5,163.1
255.51,160.7
255.53,158.1
255.55,157.8
255.56,158.3
255.58,160.2
255.6,163.0
255.61,164.6
255.63,167.9
255.64,169.6
255.66,172.8
255.68,175.9
255.69,177.4
255.71,180.3
255.73,183.3
255.74,184.9
255.76,188.6
255.78,193.3
255.79,196.2
255.81,203.7
255.83,214.0
255.84,220.4
255.86,236.5
255.88,257.8
255.89,270.7
255.91,301.9
255.93,341.3
255.94,364.4
255.96,418.3
255.98,483.5
255.99,520.7
256.01,604.6
256.02,651.7
256.04,756.1
256.06,874.5
256.07,938.8
256.09,1077.0
256.11,1228.0
256.12,1307.0
256.14,1473.0
256.16,1645.0
256.17,1732.0
256.19,1907.0
256.21,2079.0
256.22,2162.0
256.24,2322.0
256.26,2468.0
256.27,2534.0
256.29,2652.0
256.31,2747.0
256.32,2785.0
256.34,2841.0
256.36,2872.0
256.37,2877.0
256.39,2870.0
256.4,2858.0
256.42,2819.0
256.44,2765.0
256.45,2733.0
256.47,2666.0
256.49,2597.0
256.5,2564.0
256.52,2505.0
256.54,2461.0
256.55,2446.0
256.57,2434.0
256.59,2448.0
256.6,2465.0
256.62,2522.0
256.64,2607.0
256.65,2661.0
256.67,2785.0
256.69,2931.0
256.7,3010.0
256.72,3177.0
256.74,3348.0
256.75,3433.0
256.77,3596.0
256.78,3672.0
256.8,3809.0
256.82,3919.0
256.83,3962.0
256.85,4020.0
256.87,4040.0
256.88,4034.0
256.9,3991.0
256.92,3907.0
256.93,3850.0
256.95,3709.0
256.97,3537.0
256.98,3442.0
257.0,3236.0
257.02,3017.0
257.03,2905.0
257.05,2684.0
257.07,2472.0
257.08,2373.0
257.1,2194.0
257.11,2117.0
257.13,1990.0
257.15,1909.0
257.16,1888.0
257.18,1890.0
257.2,1956.0
257.21,2015.0
257.23,2188.0
257.25,2437.0
257.26,2591.0
257.28,2961.0
257.3,3411.0
257.31,3665.0
257.33,4230.0
257.35,4866.0
257.36,5207.0
257.38,5929.0
257.4,6691.0
257.41,7083.0
257.43,7874.0
257.45,8661.0
257.46,9045.0
257.48,9782.0
257.49,10130.0
257.51,10770.0
257.53,11310.0
257.54,11540.0
257.56,11920.0
257.58,12160.0
257.59,12230.0
257.61,12260.0
257.63,12150.0
257.64,12040.0
257.66,11730.0
257.68,11290.0
257.69,11030.0
257.71,10440.0
257.73,9775.0
257.74,9418.0
257.76,8670.0
257.78,7896.0
257.79,7506.0
257.81,6729.0
257.83,5971.0
257.84,5604.0
257.86,4900.0
257.87,4567.0
257.89,3940.0
257.91,3372.0
257.92,3111.0
257.94,2635.0
257.96,2221.0
257.97,2037.0
257.99,1712.0
258.01,1441.0
258.02,1325.0
258.04,1129.0
258.06,976.1
258.07,914.8
258.09,819.4
258.11,757.3
258.12,737.6
258.14,718.8
258.16,725.4
258.17,737.5
258.19,778.2
258.21,839.9
258.22,878.3
258.24,969.8
258.25,1023.0
258.27,1143.0
258.29,1284.0
258.3,1361.0
258.32,1530.0
258.34,1719.0
258.35,1821.0
258.37,2038.0
258.39,2273.0
258.4,2396.0
258.42,2653.0
258.44,2920.0
258.45,3056.0
258.47,3329.0
258.49,3601.0
258.5,3734.0
258.52,3988.0
258.54,4223.0
258.55,4331.0
258.57,4522.0
258.58,4603.0
258.6,4735.0
258.62,4821.0
258.63,4845.0
258.65,4856.0
258.67,4814.0
258.68,4774.0
258.7,4655.0
258.72,4491.0
258.73,4392.0
258.75,4167.0
258.77,3911.0
258.78,3774.0
258.8,3487.0
258.82,3189.0
258.83,3038.0
258.85,2740.0
258.87,2452.0
258.88,2313.0
258.9,2050.0
258.92,1811.0
258.93,1702.0
258.95,1504.0
258.96,1417.0
258.98,1265.0
259.0,1143.0
259.01,1094.0
259.03,1017.0
259.05,967.3
259.06,951.9
259.08,938.4
259.1,945.8
259.11,956.3
259.13,989.2
259.15,1035.0
259.16,1062.0
259.18,1123.0
259.2,1189.0
259.21,1224.0
259.23,1295.0
259.25,1365.0
259.26,1400.0
259.28,1466.0
259.3,1529.0
259.31,1558.0
259.33,1611.0
259.34,1635.0
259.36,1679.0
259.38,1718.0
259.39,1736.0
259.41,1771.0
259.43,1807.0
259.44,1826.0
259.46,1872.0
259.48,1933.0
259.49,1971.0
259.51,2069.0
259.53,2201.0
259.54,2284.0
259.56,2488.0
259.58,2754.0
259.59,2913.0
259.61,3290.0
259.63,3753.0
259.64,4020.0
259.66,4626.0
259.68,5333.0
259.69,5725.0
259.71,6584.0
259.72,7050.0
259.74,8049.0
259.76,9129.0
259.77,9693.0
259.79,10860.0
259.81,12050.0
259.82,12650.0
259.84,13840.0
259.86,14980.0
259.87,15530.0
259.89,16550.0
259.91,17440.0
259.92,17830.0
259.94,18480.0
259.96,18940.0
259.97,19100.0
259.99,19250.0
260.01,19180.0
260.02,19070.0
260.04,18680.0
260.05,18410.0
260.07,17730.0
260.09,16880.0
260.1,16400.0
260.12,15340.0
260.14,14200.0
260.15,13600.0
260.17,12370.0
260.19,11130.0
260.2,10510.0
260.22,9304.0
260.24,8154.0
260.25,7606.0
260.27,6577.0
260.29,5646.0
260.3,5221.0
260.32,4456.0
260.34,3804.0
260.35,3522.0
260.37,3042.0
260.39,2671.0
260.4,2525.0
260.42,2308.0
260.43,2234.0
260.45,2151.0
260.47,2147.0
260.48,2172.0
260.5,2269.0
260.52,2422.0
260.53,2515.0
260.55,2732.0
260.57,2978.0
260.58,3109.0
260.6,3382.0
260.62,3660.0
260.63,3797.0
260.65,4064.0
260.67,4313.0
260.68,4428.0
260.7,4634.0
260.72,4803.0
260.73,4873.0
260.75,4981.0
260.77,5046.0
260.78,5062.0
260.8,5063.0
260.81,5050.0
260.83,4997.0
260.85,4918.0
260.86,4870.0
260.88,4767.0
260.9,4659.0
260.91,4608.0
260.93,4516.0
260.95,4447.0
260.96,4425.0
260.98,4407.0
261.0,4433.0
261.01,4463.0
261.03,4561.0
261.05,4707.0
261.06,4798.0
261.08,5013.0
261.1,5266.0
261.11,5404.0
261.13,5699.0
261.15,6007.0
261.16,6163.0
261.18,6469.0
261.19,6617.0
261.21,6894.0
261.23,7137.0
261.24,7243.0
261.26,7417.0
261.28,7535.0
261.29,7572.0
261.31,7598.0
261.33,7560.0
261.34,7518.0
261.36,7388.0
261.38,7202.0
261.39,7089.0
261.41,6829.0
261.43,6531.0
261.44,6370.0
261.46,6031.0
261.48,5676.0
261.49,5496.0
261.51,5135.0
261.52,4957.0
261.54,4609.0
261.56,4279.0
261.57,4122.0
261.59,3829.0
261.61,3564.0
261.62,3443.0
261.64,3225.0
261.66,3038.0
261.67,2957.0
261.69,2814.0
261.71,2697.0
261.72,2648.0
261.74,2563.0
261.76,2493.0
261.77,2463.0
261.79,2409.0
261.81,2359.0
261.82,2335.0
261.84,2286.0
261.86,2235.0
261.87,2207.0
261.89,2148.0
261.9,2116.0
261.92,2048.0
261.94,1975.0
261.95,1937.0
261.97,1859.0
261.99,1780.0
262.0,1740.0
262.02,1663.0
262.04,1589.0
262.05,1554.0
262.07,1489.0
262.09,1430.0
262.1,1404.0
262.12,1358.0
262.14,1321.0
262.15,1305.0
262.17,1282.0
262.19,1267.0
262.2,1263.0
262.22,1261.0
262.24,1269.0
262.25,1276.0
262.27,1298.0
262.28,1312.0
262.3,1348.0
262.32,1395.0
262.33,1423.0
262.35,1487.0
262.37,1563.0
262.38,1606.0
262.4,1700.0
262.42,1806.0
262.43,1863.0
262.45,1985.0
262.47,2117.0
262.48,2186.0
262.5,2328.0
262.52,2474.0
262.53,2548.0
262.55,2697.0
262.57,2844.0
262.58,2916.0
262.6,3058.0
262.62,3195.0
262.63,3262.0
262.65,3391.0
262.66,3453.0
262.68,3576.0
262.7,3698.0
262.71,3760.0
262.73,3887.0
262.75,4022.0
262.76,4094.0
262.78,4252.0
262.8,4431.0
262.81,4530.0
262.83,4753.0
262.85,5010.0
262.86,5153.0
262.88,5469.0
262.9,5828.0
262.91,6024.0
262.93,6447.0
262.95,6910.0
262.96,7155.0
262.98,7666.0
262.99,7930.0
263.01,8469.0
263.03,9012.0
263.04,9280.0
263.06,9800.0
263.08,10280.0
263.09,10510.0
263.11,10910.0
263.13,11230.0
263.14,11360.0
263.16,11540.0
263.18,11620.0
263.19,11610.0
263.21,11510.0
263.23,11300.0
263.24,11160.0
263.26,10780.0
263.28,10310.0
263.29,10040.0
263.31,9440.0
263.33,8782.0
263.34,8435.0
263.36,7719.0
263.37,7354.0
263.39,6620.0
263.41,5895.0
263.42,5540.0
263.44,4855.0
263.46,4211.0
263.47,3907.0
263.49,3339.0
263.51,2828.0
263.52,2594.0
263.54,2170.0
263.56,1803.0
263.57,1640.0
263.59,1352.0
263.61,1111.0
263.62,1007.0
263.64,827.9
263.66,682.8
263.67,621.4
263.69,517.8
263.71,435.8
263.72,401.6
263.74,344.6
263.75,320.9
263.77,281.5
263.79,250.6
263.8,237.7
263.82,216.1
263.84,198.9
263.85,191.7
263.87,179.5
263.89,169.8
263.9,165.7
263.92,159.0
263.94,153.9
263.95,152.0
263.97,149.0
263.99,147.4
264.0,147.0
264.02,147.1
264.04,148.2
264.05,149.1
264.07,151.5
264.08,153.0
264.1,156.4
264.12,160.4
264.13,162.6
264.15,167.3
264.17,172.3
264.18,174.8
264.2,180.1
264.22,185.4
264.23,188.1
264.25,193.4
264.27,198.6
264.28,201.2
264.3,206.2
264.32,210.9
264.33,213.2
264.35,217.4
264.37,221.2
264.38,222.9
264.4,225.9
264.42,228.2
264.43,229.1
264.45,230.3
264.46,230.5
264.48,230.4
264.5,229.3
264.51,228.4
264.53,225.8
264.55,222.3
264.56,220.2
264.58,215.4
264.6,209.7
264.61,206.6
264.63,199.8
264.65,192.6
264.66,188.8
264.68,181.2
264.7,173.5
264.71,169.7
264.73,162.5
264.75,156.1
264.76,153.2
264.78,148.6
264.8,145.8
264.81,145.2
264.83,146.2
264.84,147.9
264.86,154.2
264.88,165.0
264.89,172.4
264.91,191.5
264.93,217.2
264.94,232.9
264.96,270.2
264.98,316.2
264.99,342.6
265.01,402.7
265.03,472.7
265.04,511.4
265.06,596.1
265.08,690.1
265.09,740.4
265.11,846.5
265.13,959.0
265.14,1017.0
265.16,1135.0
265.18,1254.0
265.19,1313.0
265.21,1427.0
265.22,1482.0
265.24,1586.0
265.26,1679.0
265.27,1721.0
265.29,1792.0
265.31,1847.0
265.32,1867.0
265.34,1893.0
265.36,1899.0
265.37,1895.0
265.39,1871.0
265.41,1829.0
265.42,1801.0
265.44,1733.0
265.46,1652.0
265.47,1607.0
265.49,1510.0
265.51,1406.0
265.52,1353.0
265.54,1246.0
265.55,1193.0
265.57,1089.0
265.59,990.6
265.6,944.7
265.62,860.6
265.64,788.9
265.65,758.3
265.67,709.0
265.69,676.8
265.7,667.6
265.72,663.8
265.74,680.3
265.75,696.4
265.77,744.8
265.79,814.8
265.8,857.8
265.82,959.7
265.84,1082.0
265.85,1150.0
265.87,1299.0
265.89,1463.0
265.9,1550.0
265.92,1730.0
265.93,1822.0
265.95,2009.0
265.97,2194.0
265.98,2284.0
266.0,2457.0
266.02,2614.0
266.03,2686.0
266.05,2812.0
266.07,2911.0
266.08,2950.0
266.1,3004.0
266.12,3024.0
266.13,3022.0
266.15,2992.0
266.17,2930.0
266.18,2888.0
266.2,2782.0
266.22,2652.0
266.23,2579.0
266.25,2421.0
266.27,2251.0
266.28,2162.0
266.3,1983.0
266.31,1893.0
266.33,1716.0
266.35,1545.0
266.36,1463.0
266.38,1308.0
266.4,1166.0
266.41,1101.0
266.43,982.5
266.45,879.4
266.46,833.8
266.48,753.7
266.5,687.6
266.51,659.5
266.53,612.0
266.55,574.7
266.56,559.3
266.58,534.2
266.6,514.9
266.61,506.9
266.63,493.5
266.65,482.3
266.66,477.2
266.68,467.1
266.69,462.0
266.71,451.2
266.73,439.2
266.74,432.6
266.76,418.2
266.78,402.1
266.79,393.3
266.81,374.7
266.83,354.7
266.84,344.2
266.86,322.6
266.88,300.5
266.89,289.3
266.91,267.0
266.93,245.1
266.94,234.4
266.96,213.6
266.98,193.9
266.99,184.5
267.01,166.9
267.02,158.6
267.04,143.2
267.06,129.4
267.07,123.1
267.09,111.6
267.11,101.6
267.12,97.15
267.14,89.16
267.16,82.35
267.17,79.34
267.19,74.02
267.21,69.51
267.22,67.53
267.24,63.98
267.26,60.93
267.27,59.54
267.29,57.0
267.31,54.68
267.32,53.59
267.34,51.5
267.36,49.5
267.37,48.53
267.39,46.65
267.4,45.74
267.42,44.01
267.44,42.42
267.45,41.7
267.47,40.46
267.49,39.55
267.5,39.25
267.52,39.05
267.54,39.45
267.55,39.93
267.57,41.49
267.59,43.99
267.6,45.63
267.62,49.75
267.64,55.08
267.65,58.22
267.67,65.51
267.69,74.14
267.7,78.96
267.72,89.56
267.74,101.4
267.75,107.7
267.77,121.1
267.78,128.0
267.8,142.4
267.82,157.1
267.83,164.5
267.85,179.0
267.87,193.0
267.88,199.6
267.9,211.9
267.92,222.6
267.93,227.3
267.95,235.2
267.97,240.8
267.98,242.7
268.0,244.6
268.02,244.1
268.03,242.9
268.05,238.7
268.07,232.4
268.08,228.5
268.1,219.4
268.12,208.9
268.13,203.2
268.15,191.4
268.16,185.3
268.18,173.1
268.2,161.0
268.21,155.2
268.23,144.2
268.25,134.2
268.26,129.7
268.28,121.6
268.3,115.0
268.31,112.2
268.33,107.9
268.35,104.9
268.36,103.9
268.38,102.9
268.4,103.0
268.41,103.3
268.43,104.5
268.45,106.3
268.46,107.3
268.48,109.4
268.49,110.4
268.51,112.4
268.53,114.2
268.54,114.9
268.56,116.2
268.58,117.0
268.59,117.3
268.61,117.7
268.63,117.8
268.64,117.8
268.66,117.8
268.68,118.0
268.69,118.1
268.71,118.8
268.73,119.9
268.74,120.7
268.76,122.9
268.78,125.7
268.79,127.4
268.81,131.4
268.83,136.0
268.84,138.5
268.86,144.0
268.87,146.9
268.89,152.8
268.91,158.9
268.92,161.9
268.94,167.8
268.96,173.4
268.97,176.1
268.99,181.0
269.01,185.4
269.02,187.3
269.04,190.8
269.06,193.6
269.07,194.8
269.09,196.7
269.11,198.1
269.12,198.6
269.14,199.3
269.16,199.6
269.17,199.5
269.19,199.2
269.21,198.5
269.22,198.0
269.24,196.7
269.25,195.8
269.27,193.6
269.29,190.8
269.3,189.2
269.32,185.4
269.34,180.8
269.35,178.2
269.37,172.5
269.39,166.0
269.4,162.5
269.42,155.1
269.44,147.2
269.45,143.1
269.47,134.7
269.49,126.3
269.5,122.1
269.52,113.9
269.54,106.1
269.55,102.4
269.57,95.54
269.59,89.43
269.6,86.7
269.62,81.94
269.63,79.92
269.65,76.63
269.67,74.32
269.68,73.53
269.7,72.63
269.72,72.59
269.73,72.87
269.75,73.94
269.77,75.62
269.78,76.65
269.8,79.0
269.82,81.66
269.83,83.07
269.85,85.96
269.87,88.89
269.88,90.35
269.9,93.17
269.92,95.86
269.93,97.15
269.95,99.57
269.96,100.7
269.98,102.9
270.0,104.9
270.01,105.9
270.03,107.8
270.05,109.7
270.06,110.7
270.08,112.8
270.1,115.1
270.11,116.4
270.13,119.3
270.15,122.7
270.16,124.6
270.18,128.8
270.2,133.7
270.21,136.3
270.23,142.2
270.25,148.9
270.26,152.5
270.28,160.2
270.3,168.6
270.31,173.0
270.33,182.4
270.34,187.3
270.36,197.5
270.38,208.2
270.39,213.6
270.41,224.8
270.43,236.2
270.44,242.0
270.46,253.6
270.48,265.1
270.49,270.9
270.51,282.2
270.53,293.2
270.54,298.5
270.56,308.8
270.58,318.5
270.59,323.1
270.61,331.6
270.63,339.2
270.64,342.7
270.66,348.8
270.68,353.7
270.69,355.7
270.71,358.9
270.72,360.0
270.74,361.3
270.76,361.5
270.77,361.2
270.79,359.8
270.81,357.4
270.82,356.0
270.84,352.6
270.86,348.8
270.87,346.8
270.89,342.8
270.91,338.9
270.92,337.1
270.94,334.0
270.96,331.7
270.97,331.0
270.99,330.5
271.01,331.6
271.02,332.8
271.04,336.6
271.06,342.7
271.07,346.6
271.09,356.4
271.1,362.3
271.12,376.3
271.14,393.2
271.15,402.9
271.17,424.6
271.19,449.5
271.2,463.2
271.22,492.9
271.24,525.7
271.25,543.1
271.27,580.0
271.29,619.3
271.3,639.7
271.32,681.7
271.34,724.9
271.35,746.8
271.37,791.0
271.39,835.3
271.4,857.3
271.42,901.1
271.43,922.9
271.45,966.2
271.47,1010.0
271.48,1032.0
271.5,1077.0
271.52,1124.0
271.53,1149.0
271.55,1204.0
271.57,1266.0
271.58,1300.0
271.6,1378.0
271.62,1468.0
271.63,1519.0
271.65,1634.0
271.67,1768.0
271.68,1843.0
271.7,2007.0
271.72,2193.0
271.73,2293.0
271.75,2509.0
271.77,2743.0
271.78,2866.0
271.8,3120.0
271.81,3251.0
271.83,3517.0
271.85,3783.0
271.86,3914.0
271.88,4170.0
271.9,4411.0
271.91,4524.0
271.93,4731.0
271.95,4908.0
271.96,4985.0
271.98,5110.0
272.0,5196.0
272.01,5224.0
272.03,5249.0
272.05,5233.0
272.06,5209.0
272.08,5133.0
272.1,5021.0
272.11,4952.0
272.13,4793.0
272.15,4607.0
272.16,4506.0
272.18,4291.0
272.19,4178.0
272.21,3945.0
272.23,3706.0
272.24,3586.0
272.26,3348.0
272.28,3114.0
272.29,3000.0
272.31,2781.0
272.33,2573.0
272.34,2474.0
272.36,2288.0
272.38,2118.0
272.39,2039.0
272.41,1893.0
272.43,1763.0
272.44,1705.0
272.46,1599.0
272.48,1508.0
272.49,1468.0
272.51,1398.0
272.52,1367.0
272.54,1316.0
272.56,1276.0
272.57,1260.0
272.59,1234.0
272.61,1217.0
272.62,1211.0
272.64,1204.0
272.66,1202.0
272.67,1202.0
272.69,1205.0
272.71,1209.0
272.72,1211.0
272.74,1216.0
272.76,1218.0
272.77,1219.0
272.79,1217.0
272.81,1211.0
272.82,1206.0
272.84,1193.0
272.86,1175.0
272.87,1164.0
272.89,1139.0
272.9,1125.0
272.92,1094.0
272.94,1061.0
272.95,1043.0
272.97,1008.0
272.99,972.1
273.0,954.8
273.02,921.8
273.04,891.9
273.05,878.5
273.07,855.5
273.09,838.2
273.1,831.9
273.12,824.4
273.14,824.1
273.15,826.7
273.17,837.5
273.19,855.6
273.2,867.4
273.22,896.1
273.24,931.2
273.25,951.0
273.27,994.7
273.28,1018.0
273.3,1069.0
273.32,1123.0
273.33,1151.0
273.35,1209.0
273.37,1268.0
273.38,1299.0
273.4,1360.0
273.42,1423.0
273.43,1455.0
273.45,1518.0
273.47,1583.0
273.48,1617.0
273.5,1685.0
273.52,1756.0
273.53,1793.0
273.55,1871.0
273.57,1954.0
273.58,1998.0
273.6,2092.0
273.62,2196.0
273.63,2251.0
273.65,2369.0
273.66,2433.0
273.68,2568.0
273.7,2715.0
273.71,2793.0
273.73,2958.0
273.75,3135.0
273.76,3226.0
273.78,3417.0
273.8,3615.0
273.81,3716.0
273.83,3920.0
273.85,4124.0
273.86,4225.0
273.88,4423.0
273.9,4613.0
273.91,4703.0
273.93,4872.0
273.95,5022.0
273.96,5090.0
273.98,5208.0
273.99,5258.0
274.01,5339.0
274.03,5394.0
274.04,5412.0
274.06,5428.0
274.08,5420.0
274.09,5408.0
274.11,5368.0
274.13,5312.0
274.14,5278.0
274.16,5203.0
274.18,5119.0
274.19,5076.0
274.21,4988.0
274.23,4902.0
274.24,4860.0
274.26,4781.0
274.28,4710.0
274.29,4678.0
274.31,4623.0
274.33,4581.0
274.34,4565.0
274.36,4543.0
274.37,4539.0
274.39,4541.0
274.41,4561.0
274.42,4578.0
274.44,4626.0
274.46,4694.0
274.47,4737.0
274.49,4838.0
274.51,4961.0
274.52,5032.0
274.54,5189.0
274.56,5369.0
274.57,5467.0
274.59,5678.0
274.61,5907.0
274.62,6027.0
274.64,6278.0
274.66,6539.0
274.67,6672.0
274.69,6940.0
274.71,7209.0
274.72,7342.0
274.74,7602.0
274.75,7729.0
274.77,7971.0
274.79,8196.0
274.8,8300.0
274.82,8491.0
274.84,8655.0
274.85,8725.0
274.87,8841.0
274.89,8920.0
274.9,8945.0
274.92,8965.0
274.94,8942.0
274.95,8913.0
274.97,8822.0
274.99,8685.0
275.0,8599.0
275.02,8393.0
275.04,8144.0
275.05,8005.0
275.07,7698.0
275.09,7359.0
275.1,7179.0
275.12,6804.0
275.13,6610.0
275.15,6217.0
275.17,5822.0
275.18,5627.0
275.2,5248.0
275.22,4890.0
275.23,4722.0
275.25,4413.0
275.27,4144.0
275.28,4027.0
275.3,3832.0
275.32,3689.0
275.33,3639.0
275.35,3580.0
275.37,3577.0
275.38,3595.0
275.4,3670.0
275.42,3792.0
275.43,3868.0
275.45,4048.0
275.46,4148.0
275.48,4366.0
275.5,4598.0
275.51,4715.0
275.53,4948.0
275.55,5169.0
275.56,5271.0
275.58,5455.0
275.6,5603.0
275.61,5662.0
275.63,5744.0
275.65,5775.0
275.66,5770.0
275.68,5720.0
275.7,5616.0
275.71,5544.0
275.73,5364.0
275.75,5138.0
275.76,5010.0
275.78,4728.0
275.8,4418.0
275.81,4255.0
275.83,3918.0
275.84,3747.0
275.86,3402.0
275.88,3062.0
275.89,2895.0
275.91,2574.0
275.93,2271.0
275.94,2128.0
275.96,1862.0
275.98,1622.0
275.99,1513.0
276.01,1315.0
276.03,1146.0
276.04,1071.0
276.06,940.2
276.08,833.2
276.09,787.7
276.11,711.2
276.13,651.6
276.14,627.2
276.16,587.5
276.18,557.7
276.19,545.8
276.21,526.4
276.22,518.5
276.24,504.9
276.26,493.2
276.27,487.7
276.29,476.8
276.31,465.6
276.32,459.7
276.34,447.4
276.36,434.4
276.37,427.8
276.39,414.4
276.41,401.3
276.42,395.1
276.44,383.7
276.46,374.3
276.47,370.6
276.49,365.3
276.51,363.5
276.52,364.0
276.54,368.1
276.56,376.3
276.57,382.0
276.59,396.4
276.6,405.1
276.62,425.2
276.64,448.4
276.65,461.0
276.67,487.6
276.69,515.4
276.7,529.6
276.72,557.6
276.74,584.5
276.75,597.3
276.77,620.9
276.79,641.3
276.8,650.1
276.82,664.5
276.84,674.2
276.85,677.2
276.87,679.5
276.89,676.7
276.9,673.5
276.92,663.6
276.93,657.0
276.95,640.8
276.97,621.1
276.98,610.1
277.0,586.2
277.02,560.4
277.03,547.0
277.05,519.7
277.07,492.0
277.08,478.2
277.1,451.0
277.12,424.8
277.13,412.1
277.15,387.8
277.17,365.1
277.18,354.3
277.2,334.1
277.22,315.7
277.23,307.2
277.25,291.4
277.27,277.4
277.28,271.0
277.3,259.6
277.31,254.5
277.33,245.7
277.35,238.8
277.36,236.0
277.38,232.1
277.4,230.3
277.41,230.3
277.43,232.1
277.45,236.7
277.46,240.1
277.48,249.3
277.5,261.8
277.51,269.4
277.53,287.3
277.55,309.0
277.56,321.3
277.58,349.1
277.6,380.9
277.61,398.4
277.63,436.4
277.65,478.5
277.66,501.0
277.68,548.9
277.69,574.2
277.71,627.4
277.73,683.6
277.74,712.7
277.76,772.7
277.78,834.5
277.79,865.9
277.81,929.2
277.83,992.5
277.84,1024.0
277.86,1085.0
277.88,1145.0
277.89,1173.0
277.91,1227.0
277.93,1277.0
277.94,1299.0
277.96,1340.0
277.98,1374.0
277.99,1388.0
278.01,1411.0
278.03,1425.0
278.04,1429.0
278.06,1431.0
278.07,1428.0
278.09,1418.0
278.11,1400.0
278.12,1388.0
278.14,1360.0
278.16,1325.0
278.17,1306.0
278.19,1264.0
278.21,1219.0
278.22,1196.0
278.24,1147.0
278.26,1097.0
278.27,1072.0
278.29,1021.0
278.31,971.9
278.32,947.6
278.34,900.5
278.36,855.7
278.37,834.3
278.39,793.9
278.4,775.0
278.42,740.1
278.44,709.4
278.45,695.7
278.47,672.3
278.49,654.2
278.5,647.4
278.52,638.4
278.54,635.9
278.55,637.2
278.57,645.0
278.59,659.9
278.6,670.0
278.62,695.3
278.64,727.3
278.65,745.5
278.67,786.1
278.69,831.2
278.7,855.2
278.72,904.9
278.74,956.0
278.75,981.5
278.77,1032.0
278.78,1056.0
278.8,1101.0
278.82,1142.0
278.83,1160.0
278.85,1192.0
278.87,1216.0
278.88,1225.0
278.9,1239.0
278.92,1246.0
278.93,1247.0
278.95,1247.0
278.97,1244.0
278.98,1244.0
279.0,1245.0
279.02,1254.0
279.03,1264.0
279.05,1296.0
279.07,1352.0
279.08,1392.0
279.1,1500.0
279.12,1656.0
279.13,1755.0
279.15,2002.0
279.16,2154.0
279.18,2521.0
279.2,2984.0
279.21,3256.0
279.23,3888.0
279.25,4647.0
279.26,5078.0
279.28,6046.0
279.3,7164.0
279.31,7779.0
279.33,9121.0
279.35,10610.0
279.36,11410.0
279.38,13090.0
279.4,14890.0
279.41,15820.0
279.43,17720.0
279.45,19660.0
279.46,20630.0
279.48,22540.0
279.5,24370.0
279.51,25250.0
279.53,26890.0
279.54,27640.0
279.56,28980.0
279.58,30070.0
279.59,30510.0
279.61,31180.0
279.63,31530.0
279.64,31590.0
279.66,31450.0
279.68,31010.0
279.69,30670.0
279.71,29780.0
279.73,28640.0
279.74,27980.0
279.76,26520.0
279.78,24900.0
279.79,24050.0
279.81,22290.0
279.83,20510.0
279.84,19620.0
279.86,17870.0
279.87,17020.0
279.89,15410.0
279.91,13930.0
279.92,13250.0
279.94,12020.0
279.96,10980.0
279.97,10540.0
279.99,9809.0
280.01,9291.0
280.02,9111.0
280.04,8902.0
280.06,8886.0
280.07,8947.0
280.09,9192.0
280.11,9586.0
280.12,9830.0
280.14,10400.0
280.16,11050.0
280.17,11400.0
280.19,12110.0
280.21,12840.0
280.22,13190.0
280.24,13860.0
280.25,14180.0
280.27,14740.0
280.29,15200.0
280.3,15380.0
280.32,15650.0
280.34,15770.0
280.35,15780.0
280.37,15670.0
280.39,15410.0
280.4,15220.0
280.42,14740.0
280.44,14140.0
280.45,13790.0
280.47,13030.0
280.49,12180.0
280.5,11740.0
280.52,10810.0
280.54,9863.0
280.55,9385.0
280.57,8434.0
280.59,7508.0
280.6,7058.0
280.62,6195.0
280.63,5783.0
280.65,5007.0
280.67,4298.0
280.68,3969.0
280.7,3366.0
280.72,2833.0
280.73,2592.0
280.75,2161.0
280.77,1792.0
280.78,1629.0
280.8,1343.0
280.82,1106.0
280.83,1004.0
280.85,827.9
280.87,686.0
280.88,626.1
280.9,525.6
280.92,447.2
280.93,415.1
280.95,363.1
280.97,325.0
280.98,310.4
281.0,288.9
281.01,281.5
281.03,272.7
281.05,270.7
281.06,271.9
281.08,278.5
281.1,289.7
281.11,296.9
281.13,314.0
281.15,334.2
281.16,345.3
281.18,369.2
281.2,394.6
281.21,407.7
281.23,434.3
281.25,460.8
281.26,473.7
281.28,498.6
281.3,521.5
281.31,532.0
281.33,550.6
281.34,558.7
281.36,571.8
281.38,580.6
281.39,583.4
281.41,585.4
281.43,582.7
281.44,579.6
281.46,570.0
281.48,556.2
281.49,547.8
281.51,528.4
281.53,506.0
281.54,493.8
281.56,468.0
281.58,440.7
281.59,426.7
281.61,398.4
281.63,370.0
281.64,356.0
281.66,328.5
281.68,302.1
281.69,289.5
281.71,265.2
281.72,253.7
281.74,231.9
281.76,211.8
281.77,202.5
281.79,185.0
281.81,169.2
281.82,161.9
281.84,148.4
281.86,136.4
281.87,130.8
281.89,120.8
281.91,112.0
281.92,108.1
281.94,101.2
281.96,95.36
281.97,92.9
281.99,88.88
282.01,86.06
282.02,85.11
282.04,84.14
282.06,84.44
282.07,85.07
282.09,87.32
282.1,88.93
282.12,93.13
282.14,98.61
282.15,101.8
282.17,109.1
282.19,117.5
282.2,122.2
282.22,132.1
282.24,142.8
282.25,148.4
282.27,160.0
282.29,172.0
282.3,178.1
282.32,190.4
282.34,202.5
282.35,208.5
282.37,220.1
282.39,231.2
282.4,236.5
282.42,246.4
282.44,255.4
282.45,259.5
282.47,266.8
282.48,270.1
282.5,275.7
282.52,280.0
282.53,281.7
282.55,284.1
282.57,285.2
282.58,285.4
282.6,284.7
282.62,282.9
282.63,281.7
282.65,278.4
282.67,274.3
282.68,272.0
282.7,266.9
282.72,261.3
282.73,258.4
282.75,252.5
282.77,246.6
282.78,243.7
282.8,238.1
282.81,235.5
282.83,230.9
282.85,227.0
282.86,225.5
282.88,223.4
282.9,222.6
282.91,222.8
282.93,224.5
282.95,228.0
282.96,230.4
282.98,236.9
283.0,245.3
283.01,250.3
283.03,261.8
283.05,275.1
283.06,282.5
283.08,298.3
283.1,315.5
283.11,324.5
283.13,343.0
283.15,361.9
283.16,371.3
283.18,389.7
283.19,398.6
283.21,415.5
283.23,430.7
283.24,437.6
283.26,449.5
283.28,458.8
283.29,462.4
283.31,467.2
283.33,468.9
283.34,468.6
283.36,465.6
283.38,459.6
283.39,455.7
283.41,445.8
283.43,433.7
283.44,427.0
283.46,412.4
283.48,396.7
283.49,388.5
283.51,371.9
283.53,355.2
283.54,347.0
283.56,330.9
283.57,323.1
283.59,308.2
283.61,294.3
283.62,287.8
283.64,275.8
283.66,265.2
283.67,260.3
283.69,251.7
283.71,244.3
283.72,241.1
283.74,235.6
283.76,231.2
283.77,229.4
283.79,226.7
283.81,224.9
283.82,224.3
283.84,223.8
283.86,224.2
283.87,224.7
283.89,226.2
283.9,227.3
283.92,229.9
283.94,233.4
283.95,235.3
283.97,239.9
283.99,245.2
284.0,248.2
284.02,254.7
284.04,262.2
284.05,266.2
284.07,275.0
284.09,284.8
284.1,290.1
284.12,301.3
284.14,313.6
284.15,320.0
284.17,333.7
284.19,348.3
284.2,355.8
284.22,371.4
284.24,387.5
284.25,395.7
284.27,412.1
284.28,420.3
284.3,436.4
284.32,451.8
284.33,459.2
284.35,473.1
284.37,485.4
284.38,490.9
284.4,500.4
284.42,507.6
284.43,510.3
284.45,513.7
284.47,514.7
284.48,514.2
284.5,511.5
284.52,506.7
284.53,503.6
284.55,496.6
284.57,489.0
284.58,485.3
284.6,478.7
284.62,474.5
284.63,473.8
284.65,476.4
284.66,480.2
284.68,494.6
284.7,520.1
284.71,538.1
284.73,587.0
284.75,656.2
284.76,699.9
284.78,808.7
284.8,950.4
284.81,1035.0
284.83,1237.0
284.85,1487.0
284.86,1632.0
284.88,1966.0
284.9,2362.0
284.91,2586.0
284.93,3086.0
284.95,3660.0
284.96,3975.0
284.98,4661.0
285.0,5420.0
285.01,5826.0
285.03,6686.0
285.04,7138.0
285.06,8078.0
285.08,9054.0
285.09,9552.0
285.11,10550.0
285.13,11540.0
285.14,12030.0
285.16,12960.0
285.18,13830.0
285.19,14240.0
285.21,14970.0
285.23,15570.0
285.24,15830.0
285.26,16220.0
285.28,16460.0
285.29,16520.0
285.31,16510.0
285.33,16340.0
285.34,16190.0
285.36,15780.0
285.37,15520.0
285.39,14900.0
285.41,14160.0
285.42,13750.0
285.44,12870.0
285.46,11930.0
285.47,11440.0
285.49,10440.0
285.51,9441.0
285.52,8943.0
285.54,7964.0
285.56,7024.0
285.57,6572.0
285.59,5713.0
285.61,4919.0
285.62,4549.0
285.64,3863.0
285.66,3251.0
285.67,2973.0
285.69,2471.0
285.71,2038.0
285.72,1846.0
285.74,1506.0
285.75,1358.0
285.77,1099.0
285.79,886.1
285.8,794.9
285.82,639.3
285.84,514.6
285.85,462.2
285.87,374.3
285.89,305.5
285.9,277.0
285.92,229.9
285.94,193.6
285.95,178.7
285.97,154.3
285.99,135.7
286.0,128.1
286.02,115.7
286.04,106.4
286.05,102.7
286.07,96.65
286.09,92.29
286.1,90.62
286.12,88.14
286.13,87.28
286.15,86.19
286.17,85.83
286.18,85.87
286.2,86.34
286.22,87.2
286.23,87.74
286.25,88.97
286.27,90.32
286.28,91.0
286.3,92.33
286.32,93.52
286.33,94.05
286.35,94.91
286.37,95.48
286.38,95.65
286.4,95.74
286.42,95.51
286.43,95.27
286.45,94.59
286.47,93.67
286.48,93.13
286.5,91.97
286.51,91.37
286.53,90.15
286.55,88.99
286.56,88.47
286.58,87.57
286.6,86.94
286.61,86.75
286.63,86.63
286.65,86.91
286.66,87.21
286.68,88.13
286.7,89.48
286.71,90.3
286.73,92.24
286.75,94.52
286.76,95.77
286.78,98.46
286.8,101.3
286.81,102.8
286.83,105.8
286.84,107.3
286.86,110.3
286.88,113.1
286.89,114.5
286.91,117.1
286.93,119.5
286.94,120.7
286.96,122.7
286.98,124.5
286.99,125.4
287.01,126.9
287.03,128.3
287.04,129.0
287.06,130.3
287.08,131.7
287.09,132.4
287.11,133.8
287.13,135.5
287.14,136.4
287.16,138.4
287.18,140.7
287.19,141.9
287.21,144.6
287.22,146.1
287.24,149.2
287.26,152.5
287.27,154.3
287.29,158.0
287.31,161.8
287.32,163.9
287.34,168.1
287.36,172.6
287.37,175.1
287.39,180.5
287.41,186.8
287.42,190.5
287.44,199.3
287.46,210.8
287.47,218.0
287.49,236.1
287.51,260.8
287.52,276.5
287.54,316.3
287.56,370.9
287.57,405.1
287.59,491.1
287.6,544.6
287.62,677.5
287.64,852.7
287.65,959.6
287.67,1220.0
287.69,1553.0
287.7,1753.0
287.72,2228.0
287.74,2820.0
287.75,3167.0
287.77,3974.0
287.79,4953.0
287.8,5513.0
287.82,6789.0
287.84,8289.0
287.85,9129.0
287.87,11000.0
287.89,13130.0
287.9,14290.0
287.92,16820.0
287.94,19600.0
287.95,21080.0
287.97,24220.0
287.98,25860.0
288.0,29280.0
288.02,32820.0
288.03,34620.0
288.05,38230.0
288.07,41810.0
288.08,43560.0
288.1,46940.0
288.12,50070.0
288.13,51530.0
288.15,54160.0
288.17,56360.0
288.18,57280.0
288.2,58720.0
288.22,59610.0
288.23,59830.0
288.25,59830.0
288.27,59240.0
288.28,58730.0
288.3,57290.0
288.31,56370.0
288.33,54170.0
288.35,51550.0
288.36,50100.0
288.38,46960.0
288.4,43590.0
288.41,41840.0
288.43,38260.0
288.45,34640.0
288.46,32840.0
288.48,29300.0
288.5,25880.0
288.51,24230.0
288.53,21090.0
288.55,18180.0
288.56,16820.0
288.58,14290.0
288.6,12020.0
288.61,10980.0
288.63,9112.0
288.65,7489.0
288.66,6766.0
288.68,5488.0
288.69,4928.0
288.71,3950.0
288.73,3146.0
288.74,2802.0
288.76,2216.0
288.78,1751.0
288.79,1558.0
288.81,1240.0
288.83,998.8
288.84,902.8
288.86,752.4
288.88,648.4
288.89,610.9
288.91,559.7
288.93,534.7
288.94,530.1
288.96,533.9
288.98,551.2
288.99,563.9
289.01,595.0
289.03,631.8
289.04,651.6
289.06,692.4
289.07,713.0
289.09,753.4
289.11,791.4
289.12,809.2
289.14,841.2
289.16,867.7
289.17,878.6
289.19,895.4
289.21,904.9
289.22,906.9
289.24,905.1
289.26,895.9
289.27,888.6
289.29,868.7
289.31,842.6
289.32,827.3
289.34,793.1
289.36,754.6
289.37,734.1
289.39,691.1
289.41,646.3
289.42,623.6
289.44,577.8
289.45,555.1
289.47,510.2
289.49,466.8
289.5,445.8
289.52,405.5
289.54,367.7
289.55,349.8
289.57,316.1
289.59,285.2
289.6,270.9
289.62,244.4
289.64,220.6
289.65,209.7
289.67,189.7
289.69,172.2
289.7,164.3
289.72,150.0
289.74,137.7
289.75,132.2
289.77,122.6
289.78,118.4
289.8,111.0
289.82,105.0
289.83,102.5
289.85,98.32
289.87,95.19
289.88,93.98
289.9,92.2
289.92,91.16
289.93,90.88
289.95,90.75
289.97,91.09
289.98,91.39
290.0,92.21
290.02,93.23
290.03,93.77
290.05,94.9
290.07,95.98
290.08,96.47
290.1,97.34
290.12,97.96
290.13,98.17
290.15,98.33
290.16,98.28
290.18,97.88
290.2,97.06
290.21,96.49
290.23,95.03
290.25,93.13
290.26,92.02
290.28,89.51
290.3,86.62
290.31,85.06
290.33,81.71
290.35,78.14
290.36,76.28
290.38,72.49
290.4,68.64
290.41,66.73
290.43,62.97
290.45,59.36
290.46,57.63
290.48,54.39
290.5,51.47
290.51,50.16
290.53,47.83
290.54,46.83
290.56,45.17
290.58,43.98
290.59,43.57
290.61,43.1
290.63,43.1
290.64,43.26
290.66,43.91
290.68,44.96
290.69,45.62
290.71,47.19
290.73,49.06
290.74,50.1
290.76,52.35
290.78,54.81
290.79,56.11
290.81,58.84
290.83,61.74
290.84,63.25
290.86,66.4
290.88,69.71
290.89,71.44
290.91,75.05
290.92,76.93
290.94,80.87
290.96,85.05
290.97,87.24
290.99,91.81
291.01,96.64
291.02,99.15
291.04,104.3
291.06,109.7
291.07,112.4
291.09,117.9
291.11,123.4
291.12,126.2
291.14,131.5
291.16,136.5
291.17,138.9
291.19,143.2
291.21,147.0
291.22,148.6
291.24,151.4
291.25,152.4
291.27,153.9
291.29,154.5
291.3,154.4
291.32,153.7
291.34,152.1
291.35,151.1
291.37,148.5
291.39,145.3
291.4,143.5
291.42,139.7
291.44,135.8
291.45,133.9
291.47,130.0
291.49,126.5
291.5,124.9
291.52,122.1
291.54,119.9
291.55,119.2
291.57,118.2
291.59,118.2
291.6,118.5
291.62,119.8
291.63,120.8
291.65,123.4
291.67,126.8
291.68,128.7
291.7,133.1
291.72,137.9
291.73,140.4
291.75,145.6
291.77,150.8
291.78,153.4
291.8,158.4
291.82,163.0
291.83,165.1
291.85,169.0
291.87,172.2
291.88,173.6
291.9,175.7
291.92,177.2
291.93,177.7
291.95,178.2
291.97,178.3
291.98,178.1
292.0,177.6
292.01,177.2
292.03,176.5
292.05,175.9
292.06,175.7
292.08,175.5
292.1,175.9
292.11,176.3
292.13,177.7
292.15,179.9
292.16,181.4
292.18,184.9
292.2,189.4
292.21,191.9
292.23,197.7
292.25,204.2
292.26,207.7
292.28,215.2
292.3,223.1
292.31,227.2
292.33,235.6
292.34,239.8
292.36,248.3
292.38,256.8
292.39,260.9
292.41,269.0
292.43,276.8
292.44,280.6
292.46,287.9
292.48,294.8
292.49,298.2
292.51,304.7
292.53,310.9
292.54,313.9
292.56,319.9
292.58,325.8
292.59,328.7
292.61,334.5
292.63,340.4
292.64,343.3
292.66,349.3
292.68,355.3
292.69,358.3
292.71,364.3
292.72,367.2
292.74,373.0
292.76,378.6
292.77,381.2
292.79,386.2
292.81,390.5
292.82,392.4
292.84,395.5
292.86,397.7
292.87,398.4
292.89,398.9
292.91,398.2
292.92,397.3
292.94,394.5
292.96,390.4
292.97,387.8
292.99,381.8
293.01,374.5
293.02,370.5
293.04,361.7
293.06,352.2
293.07,347.2
293.09,337.0
293.1,331.9
293.12,321.6
293.14,311.6
293.15,306.8
293.17,297.8
293.19,289.8
293.2,286.3
293.22,280.2
293.24,275.8
293.25,274.3
293.27,272.7
293.29,273.3
293.3,274.5
293.32,278.6
293.34,285.3
293.35,289.7
293.37,300.6
293.39,314.4
293.4,322.5
293.42,340.9
293.44,362.5
293.45,374.4
293.47,400.6
293.48,414.8
293.5,445.4
293.52,478.6
293.53,496.1
293.55,532.6
293.57,570.6
293.58,590.1
293.6,629.4
293.62,668.7
293.63,688.1
293.65,725.9
293.67,761.7
293.68,778.6
293.7,809.9
293.72,837.3
293.73,849.3
293.75,869.8
293.77,885.0
293.78,890.5
293.8,897.4
293.81,898.6
293.83,897.0
293.85,889.8
293.86,884.2
293.88,869.4
293.9,850.1
293.91,838.9
293.93,813.9
293.95,786.0
293.96,771.1
293.98,739.9
294.0,707.5
294.01,691.0
294.03,657.8
294.05,624.8
294.06,608.5
294.08,576.5
294.1,545.8
294.11,530.9
294.13,502.5
294.15,475.8
294.16,463.2
294.18,439.5
294.19,428.4
294.21,407.7
294.23,389.2
294.24,380.7
294.26,365.5
294.28,352.5
294.29,346.8
294.31,337.4
294.33,330.4
294.34,327.9
294.36,324.9
294.38,324.9
294.39,326.0
294.41,330.8
294.43,339.2
294.44,344.7
294.46,358.9
294.48,377.4
294.49,388.2
294.51,413.5
294.53,443.4
294.54,460.2
294.56,497.3
294.57,517.7
294.59,561.8
294.61,610.3
294.62,636.1
294.64,690.2
294.66,747.3
294.67,776.7
294.69,836.5
294.71,896.9
294.72,926.9
294.74,985.9
294.76,1042.0
294.77,1069.0
294.79,1120.0
294.81,1164.0
294.82,1184.0
294.84,1218.0
294.86,1244.0
294.87,1254.0
294.89,1267.0
294.91,1270.0
294.92,1268.0
294.94,1258.0
294.95,1250.0
294.97,1227.0
294.99,1197.0
295.0,1180.0
295.02,1141.0
295.04,1098.0
295.05,1075.0
295.07,1028.0
295.09,981.3
295.1,957.9
295.12,912.7
295.14,870.3
295.15,850.6
295.17,814.7
295.19,784.1
295.2,770.9
295.22,749.2
295.24,733.7
295.25,728.2
295.27,721.7
295.28,720.5
295.3,722.0
295.32,727.9
295.33,732.3
295.35,743.3
295.37,756.4
295.38,763.4
295.4,778.0
295.42,792.2
295.43,799.0
295.45,811.3
295.47,821.4
295.48,825.5
295.5,831.4
295.52,834.1
295.53,834.2
295.55,831.9
295.57,826.3
295.58,822.3
295.6,812.1
295.62,799.1
295.63,791.7
295.65,775.3
295.66,766.4
295.68,747.3
295.7,726.9
295.71,716.4
295.73,694.6
295.75,672.2
295.76,660.9
295.78,638.1
295.8,615.1
295.81,603.6
295.83,580.6
295.85,557.7
295.86,546.3
295.88,523.6
295.9,501.2
295.91,490.0
295.93,468.0
295.95,446.2
295.96,435.4
295.98,414.2
296.0,393.6
296.01,383.4
296.03,363.7
296.04,354.2
296.06,335.8
296.08,318.5
296.09,310.3
296.11,295.2
296.13,281.8
296.14,275.9
296.16,265.9
296.18,258.6
296.19,256.1
296.21,253.8
296.23,255.3
296.24,257.7
296.26,266.1
296.28,279.8
296.29,288.7
296.31,311.3
296.33,340.5
296.34,357.7
296.36,397.5
296.38,444.9
296.39,471.5
296.41,530.5
296.42,562.9
296.44,633.5
296.46,711.3
296.47,752.9
296.49,840.7
296.51,934.1
296.52,982.5
296.54,1082.0
296.56,1184.0
296.57,1236.0
296.59,1339.0
296.61,1440.0
296.62,1490.0
296.64,1585.0
296.66,1675.0
296.67,1717.0
296.69,1795.0
296.71,1863.0
296.72,1894.0
296.74,1946.0
296.75,1968.0
296.77,2002.0
296.79,2025.0
296.8,2033.0
296.82,2039.0
296.84,2036.0
296.85,2030.0
296.87,2014.0
296.89,1990.0
296.9,1976.0
296.92,1946.0
296.94,1913.0
296.95,1896.0
296.97,1862.0
296.99,1829.0
297.0,1813.0
297.02,1785.0
297.04,1761.0
297.05,1750.0
297.07,1733.0
297.09,1722.0
297.1,1718.0
297.12,1715.0
297.13,1715.0
297.15,1719.0
297.17,1728.0
297.18,1733.0
297.2,1745.0
297.22,1759.0
297.23,1766.0
297.25,1779.0
297.27,1791.0
297.28,1796.0
297.3,1802.0
297.32,1804.0
297.33,1802.0
297.35,1794.0
297.37,1778.0
297.38,1767.0
297.4,1739.0
297.42,1702.0
297.43,1680.0
297.45,1630.0
297.47,1571.0
297.48,1539.0
297.5,1469.0
297.51,1432.0
297.53,1353.0
297.55,1270.0
297.56,1227.0
297.58,1140.0
297.6,1051.0
297.61,1007.0
297.63,919.2
297.65,833.8
297.66,792.3
297.68,712.4
297.7,637.3
297.71,601.8
297.73,535.5
297.75,475.8
297.76,448.5
297.78,399.3
297.8,357.4
297.81,339.3
297.83,308.6
297.85,285.4
297.86,276.6
297.88,264.5
297.89,261.2
297.91,260.0
297.93,265.9
297.94,271.6
297.96,288.1
297.98,311.7
297.99,326.1
298.01,360.1
298.03,401.1
298.04,424.1
298.06,475.3
298.08,533.2
298.09,564.7
298.11,632.3
298.13,706.0
298.14,745.0
298.16,827.1
298.18,913.9
298.19,958.9
298.21,1051.0
298.22,1099.0
298.24,1195.0
298.26,1292.0
298.27,1340.0
298.29,1436.0
298.31,1529.0
298.32,1575.0
298.34,1662.0
298.36,1744.0
298.37,1782.0
298.39,1852.0
298.41,1914.0
298.42,1942.0
298.44,1990.0
298.46,2028.0
298.47,2043.0
298.49,2065.0
298.51,2077.0
298.52,2080.0
298.54,2078.0
298.56,2068.0
298.57,2060.0
298.59,2038.0
298.6,2024.0
298.62,1993.0
298.64,1956.0
298.65,1937.0
298.67,1894.0
298.69,1848.0
298.7,1824.0
298.72,1774.0
298.74,1722.0
298.75,1695.0
298.77,1640.0
298.79,1583.0
298.8,1554.0
298.82,1495.0
298.84,1435.0
298.85,1404.0
298.87,1342.0
298.89,1278.0
298.9,1246.0
298.92,1181.0
298.94,1117.0
298.95,1085.0
298.97,1022.0
298.98,990.7
299.0,930.5
299.02,873.4
299.03,846.3
299.05,795.7
299.07,750.5
299.08,730.2
299.1,694.8
299.12,667.0
299.13,656.1
299.15,640.6
299.17,633.8
299.18,633.8
299.2,640.4
299.22,655.8
299.23,666.7
299.25,694.5
299.27,729.7
299.28,749.8
299.3,794.3
299.32,843.5
299.33,869.4
299.35,922.9
299.36,950.1
299.38,1004.0
299.4,1057.0
299.41,1083.0
299.43,1130.0
299.45,1173.0
299.46,1192.0
299.48,1224.0
299.5,1248.0
299.51,1257.0
299.53,1269.0
299.55,1272.0
299.56,1270.0
299.58,1261.0
299.6,1244.0
299.61,1233.0
299.63,1207.0
299.65,1177.0
299.66,1161.0
299.68,1127.0
299.69,1110.0
299.71,1077.0
299.73,1046.0
299.74,1031.0
299.76,1007.0
299.78,988.2
299.79,981.5
299.81,973.9
299.83,974.3
299.84,977.7
299.86,990.8
299.88,1012.0
299.89,1026.0
299.91,1059.0
299.93,1098.0
299.94,1119.0
299.96,1166.0
299.98,1215.0
299.99,1240.0
300.01,1291.0
300.03,1340.0
300.04,1363.0
300.06,1408.0
300.07,1428.0
300.09,1463.0
300.11,1491.0
300.12,1502.0
300.14,1517.0
300.16,1522.0
300.17,1521.0
300.19,1511.0
300.21,1492.0
300.22,1478.0
300.24,1444.0
300.26,1402.0
300.27,1378.0
300.29,1325.0
300.31,1266.0
300.32,1235.0
300.34,1171.0
300.36,1104.0
300.37,1070.0
300.39,1004.0
300.41,938.4
300.42,906.8
300.44,846.5
300.45,818.1
300.47,765.2
300.49,718.5
300.5,697.6
300.52,661.3
300.54,632.5
300.55,620.9
300.57,603.7
300.59,594.1
300.6,592.2
300.62,593.6
300.64,601.8
300.65,608.2
300.67,625.1
300.69,646.8
300.7,659.2
300.72,686.3
300.74,715.6
300.75,730.7
300.77,761.2
300.79,791.1
300.8,805.4
300.82,832.4
300.83,844.7
300.85,866.6
300.87,884.0
300.88,890.9
300.9,900.5
300.92,904.3
300.93,904.0
300.95,898.8
300.97,887.6
300.98,879.7
301.0,859.8
301.02,834.6
301.03,820.2
301.05,788.1
301.07,752.1
301.08,733.0
301.1,692.7
301.12,650.5
301.13,628.9
301.15,585.2
301.16,563.3
301.18,519.7
301.2,477.0
301.21,456.2
301.23,415.9
301.25,377.9
301.26,359.8
301.28,325.8
301.3,294.9
301.31,280.7
301.33,254.9
301.35,232.8
301.36,223.2
301.38,206.9
301.4,194.6
301.41,190.1
301.43,184.4
301.45,183.2
301.46,184.5
301.48,190.9
301.5,202.8
301.51,211.0
301.53,232.3
301.54,245.6
301.56,278.0
301.58,318.9
301.59,342.9
301.61,398.7
301.63,466.2
301.64,504.7
301.66,592.3
301.68,695.5
301.69,753.4
301.71,882.8
301.73,1032.0
301.74,1114.0
301.76,1295.0
301.78,1498.0
301.79,1608.0
301.81,1846.0
301.83,2107.0
301.84,2246.0
301.86,2539.0
301.88,2851.0
301.89,3014.0
301.91,3349.0
301.92,3521.0
301.94,3869.0
301.96,4220.0
301.97,4394.0
301.99,4736.0
302.01,5065.0
302.02,5222.0
302.04,5518.0
302.06,5782.0
302.07,5901.0
302.09,6108.0
302.11,6271.0
302.12,6334.0
302.14,6423.0
302.16,6459.0
302.17,6458.0
302.19,6416.0
302.21,6323.0
302.22,6258.0
302.24,6095.0
302.25,5998.0
302.27,5775.0
302.29,5520.0
302.3,5383.0
302.32,5092.0
302.34,4786.0
302.35,4630.0
302.37,4315.0
302.39,4000.0
302.4,3846.0
302.42,3544.0
302.44,3256.0
302.45,3118.0
302.47,2856.0
302.49,2615.0
302.5,2503.0
302.52,2294.0
302.54,2107.0
302.55,2021.0
302.57,1863.0
302.59,1724.0
302.6,1661.0
302.62,1546.0
302.63,1493.0
302.65,1397.0
302.67,1310.0
302.68,1270.0
302.7,1196.0
302.72,1127.0
302.73,1095.0
302.75,1032.0
302.77,973.5
302.78,945.1
302.8,890.2
302.82,837.7
302.83,812.3
302.85,763.1
302.87,716.4
302.88,694.0
302.9,651.1
302.92,611.0
302.93,592.0
302.95,556.2
302.97,523.3
302.98,507.9
303.0,479.3
303.01,465.9
303.03,441.2
303.05,418.7
303.06,408.2
303.08,388.7
303.1,370.8
303.11,362.3
303.13,346.2
303.15,331.1
303.16,323.9
303.18,309.9
303.2,296.6
303.21,290.2
303.23,277.9
303.25,266.3
303.26,260.9
303.28,250.9
303.3,242.2
303.31,238.4
303.33,232.3
303.35,228.4
303.36,227.3
303.38,227.3
303.39,228.4
303.41,233.1
303.43,241.3
303.44,246.8
303.46,260.7
303.48,278.6
303.49,289.0
303.51,312.8
303.53,340.4
303.54,355.6
303.56,388.5
303.58,424.2
303.59,443.1
303.61,482.1
303.63,522.6
303.64,543.0
303.66,583.9
303.68,624.1
303.69,643.5
303.71,680.8
303.72,698.4
303.74,730.9
303.76,759.2
303.77,771.6
303.79,792.6
303.81,808.1
303.82,813.7
303.84,820.5
303.86,821.5
303.87,819.9
303.89,812.6
303.91,800.1
303.92,792.2
303.94,773.2
303.96,750.6
303.97,738.2
303.99,711.7
304.01,683.5
304.02,669.0
304.04,639.6
304.06,610.3
304.07,595.8
304.09,567.7
304.1,554.1
304.12,528.0
304.14,503.8
304.15,492.4
304.17,471.3
304.19,452.3
304.2,443.6
304.22,428.0
304.24,414.7
304.25,408.9
304.27,399.0
304.29,391.5
304.3,388.6
304.32,384.9
304.34,383.8
304.35,384.3
304.37,387.7
304.39,394.4
304.4,399.0
304.42,411.2
304.44,427.3
304.45,437.0
304.47,459.6
304.48,472.6
304.5,502.0
304.52,536.0
304.53,554.6
304.55,595.1
304.57,639.5
304.58,663.1
304.6,712.3
304.62,763.8
304.63,790.1
304.65,843.2
304.67,895.9
304.68,921.8
304.7,971.8
304.72,1018.0
304.73,1040.0
304.75,1079.0
304.77,1112.0
304.78,1125.0
304.8,1146.0
304.82,1159.0
304.83,1162.0
304.85,1161.0
304.86,1156.0
304.88,1141.0
304.9,1117.0
304.91,1102.0
304.93,1065.0
304.95,1022.0
304.96,997.2
304.98,944.4
305.0,887.0
305.01,857.1
305.03,795.3
305.05,732.2
305.06,700.6
305.08,637.7
305.1,576.5
305.11,546.7
305.13,489.5
305.15,436.0
305.16,410.9
305.18,364.1
305.19,342.5
305.21,303.3
305.23,269.4
305.24,254.4
305.26,228.7
305.28,208.5
305.29,200.5
305.31,188.4
305.33,181.8
305.34,180.4
305.36,181.6
305.38,188.1
305.39,193.2
305.41,207.4
305.43,226.7
305.44,238.3
305.46,265.3
305.48,297.6
305.49,315.6
305.51,355.5
305.53,400.6
305.54,424.9
305.56,477.3
305.57,505.2
305.59,564.3
305.61,627.4
305.62,660.3
305.64,728.5
305.66,799.1
305.67,835.1
305.69,907.8
305.71,980.7
305.72,1017.0
305.74,1088.0
305.76,1156.0
305.77,1189.0
305.79,1252.0
305.81,1308.0
305.82,1334.0
305.84,1380.0
305.86,1418.0
305.87,1433.0
305.89,1457.0
305.91,1471.0
305.92,1474.0
305.94,1472.0
305.95,1467.0
305.97,1450.0
305.99,1423.0
306.0,1406.0
306.02,1365.0
306.04,1316.0
306.05,1289.0
306.07,1229.0
306.09,1165.0
306.1,1131.0
306.12,1061.0
306.14,989.4
306.15,953.3
306.17,881.4
306.19,811.0
306.2,776.9
306.22,711.1
306.24,649.9
306.25,621.2
306.27,568.3
306.29,521.9
306.3,501.4
306.32,465.8
306.33,450.9
306.35,426.8
306.37,410.7
306.38,405.5
306.4,401.1
306.42,404.1
306.43,408.4
306.45,421.9
306.47,441.8
306.48,453.9
306.5,482.0
306.52,514.4
306.53,532.0
306.55,569.3
306.57,608.6
306.58,628.6
306.6,668.8
306.62,708.3
306.63,727.4
306.65,763.8
306.66,780.9
306.68,812.1
306.7,838.8
306.71,850.3
306.73,869.0
306.75,882.0
306.76,886.2
306.78,890.1
306.8,888.1
306.81,884.9
306.83,874.4
306.85,859.1
306.86,849.8
306.88,828.6
306.9,804.5
306.91,791.7
306.93,765.3
306.95,738.6
306.96,725.5
306.98,700.5
307.0,677.8
307.01,667.6
307.03,650.1
307.04,642.8
307.06,632.0
307.08,626.2
307.09,625.4
307.11,627.9
307.13,636.1
307.14,642.3
307.16,658.8
307.18,680.6
307.19,693.3
307.21,722.3
307.23,755.4
307.24,773.4
307.26,811.8
307.28,852.8
307.29,874.2
307.31,918.1
307.33,963.2
307.34,986.0
307.36,1032.0
307.38,1077.0
307.39,1100.0
307.41,1144.0
307.42,1166.0
307.44,1209.0
307.46,1250.0
307.47,1270.0
307.49,1310.0
307.51,1348.0
307.52,1368.0
307.54,1406.0
307.56,1446.0
307.57,1467.0
307.59,1511.0
307.61,1560.0
307.62,1588.0
307.64,1650.0
307.66,1724.0
307.67,1768.0
307.69,1868.0
307.71,1991.0
307.72,2063.0
307.74,2232.0
307.76,2437.0
307.77,2556.0
307.79,2830.0
307.8,2987.0
307.82,3346.0
307.84,3770.0
307.85,4008.0
307.87,4543.0
307.89,5158.0
307.9,5498.0
307.92,6244.0
307.94,7079.0
307.95,7530.0
307.97,8498.0
307.99,9551.0
308.0,10110.0
308.02,11270.0
308.04,12500.0
308.05,13130.0
308.07,14420.0
308.09,15720.0
308.1,16380.0
308.12,17670.0
308.13,18300.0
308.15,19510.0
308.17,20650.0
308.18,21170.0
308.2,22140.0
308.22,22960.0
308.23,23310.0
308.25,23880.0
308.27,24260.0
308.28,24380.0
308.3,24460.0
308.32,24330.0
308.33,24190.0
308.35,23770.0
308.37,23160.0
308.38,22790.0
308.4,21930.0
308.42,20930.0
308.43,20380.0
308.45,19210.0
308.47,17970.0
308.48,17320.0
308.5,16010.0
308.51,15350.0
308.53,14040.0
308.55,12750.0
308.56,12120.0
308.58,10910.0
308.6,9776.0
308.61,9241.0
308.63,8243.0
308.65,7350.0
308.66,6946.0
308.68,6223.0
308.7,5620.0
308.71,5364.0
308.73,4946.0
308.75,4653.0
308.76,4555.0
308.78,4456.0
308.8,4490.0
308.81,4558.0
308.83,4799.0
308.85,5186.0
308.86,5435.0
308.88,6053.0
308.89,6422.0
308.91,7289.0
308.93,8333.0
308.94,8924.0
308.96,10250.0
308.98,11760.0
308.99,12590.0
309.01,14400.0
309.03,16400.0
309.04,17460.0
309.06,19720.0
309.08,22140.0
309.09,23400.0
309.11,26000.0
309.13,28680.0
309.14,30030.0
309.16,32750.0
309.18,35440.0
309.19,36760.0
309.21,39300.0
309.23,41680.0
309.24,42790.0
309.26,44810.0
309.27,45720.0
309.29,47290.0
309.31,48510.0
309.32,48970.0
309.34,49600.0
309.36,49800.0
309.37,49750.0
309.39,49320.0
309.41,48480.0
309.42,47920.0
309.44,46510.0
309.46,44750.0
309.47,43760.0
309.49,41570.0
309.51,39160.0
309.52,37890.0
309.54,35240.0
309.56,32500.0
309.57,31110.0
309.59,28340.0
309.6,26960.0
309.62,24250.0
309.64,21640.0
309.65,20380.0
309.67,17970.0
309.69,15720.0
309.7,14660.0
309.72,12690.0
309.74,10900.0
309.75,10080.0
309.77,8580.0
309.79,7264.0
309.8,6672.0
309.82,5613.0
309.84,4709.0
309.85,4311.0
309.87,3614.0
309.89,3036.0
309.9,2787.0
309.92,2359.0
309.94,2013.0
309.95,1868.0
309.97,1622.0
309.98,1519.0
310.0,1347.0
310.02,1214.0
310.03,1158.0
310.05,1067.0
310.07,995.1
310.08,965.1
310.1,914.3
310.12,872.5
310.13,854.1
310.15,820.7
310.17,790.5
310.18,776.1
310.2,748.2
310.22,721.0
310.23,707.4
310.25,680.4
310.27,653.4
310.28,640.0
310.3,613.4
310.32,587.2
310.33,574.4
310.35,549.4
310.36,537.3
310.38,514.0
310.4,492.0
310.41,481.6
310.43,461.8
310.45,443.6
310.46,435.1
310.48,419.0
310.5,404.3
310.51,397.4
310.53,384.3
310.55,372.0
310.56,366.1
310.58,354.7
310.6,343.6
310.61,338.1
310.63,327.1
310.65,315.9
310.66,310.3
310.68,298.8
310.7,286.9
310.71,280.9
310.73,268.6
310.74,262.3
310.76,249.7
310.78,236.9
310.79,230.5
310.81,217.7
310.83,205.2
310.84,199.1
310.86,187.1
310.88,175.8
310.89,170.4
310.91,160.2
310.93,150.9
310.94,146.6
310.96,138.8
310.98,132.0
310.99,128.9
311.01,123.7
311.03,119.4
311.04,117.6
311.06,114.7
311.07,113.6
311.09,111.8
311.11,110.6
311.12,110.2
311.14,109.7
311.16,109.5
311.17,109.5
311.19,109.5
311.21,109.5
311.22,109.4
311.24,109.2
311.26,108.8
311.27,108.5
311.29,107.7
311.31,106.7
311.32,106.1
311.34,104.7
311.36,103.1
311.37,102.2
311.39,100.5
311.41,98.73
311.42,97.88
311.44,96.3
311.45,95.58
311.47,94.37
311.49,93.51
311.5,93.24
311.52,93.05
311.54,93.38
311.55,93.75
311.57,94.93
311.59,96.71
311.6,97.81
311.62,100.5
311.64,103.7
311.65,105.4
311.67,109.4
311.69,113.7
311.7,116.0
311.72,120.8
311.74,125.7
311.75,128.2
311.77,133.3
311.79,138.3
311.8,140.7
311.82,145.4
311.83,147.6
311.85,151.8
311.87,155.5
311.88,157.2
311.9,160.1
311.92,162.3
311.93,163.2
311.95,164.3
311.97,164.7
311.98,164.7
312.0,163.9
312.02,162.4
312.03,161.3
312.05,158.7
312.07,155.3
312.08,153.4
312.1,149.1
312.12,144.3
312.13,141.7
312.15,136.2
312.16,133.4
312.18,127.5
312.2,121.5
312.21,118.5
312.23,112.5
312.25,106.6
312.26,103.8
312.28,98.36
312.3,93.3
312.31,90.94
312.33,86.59
312.35,82.79
312.36,81.11
312.38,78.2
312.4,75.9
312.41,74.98
312.43,73.59
312.45,72.79
312.46,72.6
312.48,72.62
312.5,73.13
312.51,73.56
312.53,74.72
312.54,75.45
312.56,77.18
312.58,79.25
312.59,80.4
312.61,82.94
312.63,85.8
312.64,87.36
312.66,90.75
312.68,94.56
312.69,96.64
312.71,101.2
312.73,106.4
312.74,109.2
312.76,115.6
312.78,122.8
312.79,126.7
312.81,135.4
312.83,145.3
312.84,150.7
312.86,162.3
312.88,175.2
312.89,182.1
312.91,196.8
312.92,204.6
312.94,220.9
312.96,238.0
312.97,246.9
312.99,264.9
313.01,283.2
313.02,292.4
313.04,310.5
313.06,328.0
313.07,336.4
313.09,352.3
313.11,366.7
313.12,373.2
313.14,384.6
313.16,393.8
313.17,397.4
313.19,402.6
313.21,404.9
313.22,405.0
313.24,403.0
313.26,398.1
313.27,394.6
313.29,385.5
313.3,380.0
313.32,367.2
313.34,352.3
313.35,344.2
313.37,326.6
313.39,307.8
313.4,298.0
313.42,277.9
313.44,257.4
313.45,247.1
313.47,226.6
313.49,206.4
313.5,196.6
313.52,177.4
313.54,159.2
313.55,150.5
313.57,133.9
313.59,118.5
313.6,111.2
313.62,97.75
313.63,91.47
313.65,79.86
313.67,69.47
313.68,64.72
313.7,56.06
313.72,48.47
313.73,45.05
313.75,38.93
313.77,33.68
313.78,31.37
313.8,27.32
313.82,23.98
313.83,22.57
313.85,20.21
313.87,18.44
313.88,17.78
313.9,16.85
313.92,16.47
313.93,16.48
313.95,16.88
313.97,17.82
313.98,18.48
314.0,20.22
314.01,21.29
314.03,23.84
314.05,26.96
314.06,28.72
314.08,32.68
314.1,37.19
314.11,39.66
314.13,44.99
314.15,50.82
314.16,53.92
314.18,60.44
314.2,67.34
314.21,70.91
314.23,78.23
314.25,85.73
314.26,89.51
314.28,97.07
314.3,104.5
314.31,108.2
314.33,115.3
314.35,121.9
314.36,125.1
314.38,131.0
314.39,133.7
314.41,138.5
314.43,142.6
314.44,144.4
314.46,147.3
314.48,149.3
314.49,149.9
314.51,150.7
314.53,150.6
314.54,150.3
314.56,149.1
314.58,147.3
314.59,146.2
314.61,143.6
314.63,140.6
314.64,139.0
314.66,135.6
314.68,132.1
314.69,130.2
314.71,126.6
314.73,123.0
314.74,121.2
314.76,117.8
314.77,116.1
314.79,112.9
314.81,110.0
314.82,108.6
314.84,106.0
314.86,103.7
314.87,102.7
314.89,100.8
314.91,99.34
314.92,98.73
314.94,97.82
314.96,97.34
314.97,97.27
314.99,97.5
315.01,98.27
315.02,98.86
315.04,100.5
315.06,102.8
315.07,104.2
315.09,107.5
315.1,109.4
315.12,113.8
315.14,118.9
315.15,121.7
315.17,127.9
315.19,134.7
315.2,138.4
315.22,146.2
315.24,154.5
315.25,158.8
315.27,167.8
315.29,177.1
315.3,181.8
315.32,191.5
315.34,201.3
315.35,206.2
315.37,216.0
315.39,225.7
315.4,230.5
315.42,239.9
315.44,249.1
315.45,253.6
315.47,262.4
315.48,266.6
315.5,274.8
315.52,282.7
315.53,286.5
315.55,293.9
315.57,300.9
315.58,304.3
315.6,310.9
315.62,317.3
315.63,320.5
315.65,326.8
315.67,333.0
315.68,336.2
315.7,342.7
315.72,349.5
315.73,353.1
315.75,360.5
315.77,368.7
315.78,373.0
315.8,382.4
315.82,392.8
315.83,398.4
315.85,410.6
315.86,417.2
315.88,431.4
315.9,447.0
315.91,455.3
315.93,473.2
315.95,492.4
315.96,502.5
315.98,523.7
316.0,546.0
316.01,557.5
316.03,580.9
316.05,604.7
316.06,616.7
316.08,640.3
316.1,663.2
316.11,674.3
316.13,695.3
316.15,714.5
316.16,723.1
316.18,738.5
316.2,750.8
316.21,755.7
316.23,762.8
316.24,764.9
316.26,766.1
316.28,763.3
316.29,760.3
316.31,751.4
316.33,738.7
316.34,731.0
316.36,713.1
316.38,692.3
316.39,680.9
316.41,656.7
316.43,630.9
316.44,617.7
316.46,590.9
316.48,564.3
316.49,551.3
316.51,526.2
316.53,502.8
316.54,492.0
316.56,472.2
316.57,463.4
316.59,448.1
316.61,436.0
316.62,431.3
316.64,424.4
316.66,420.8
316.67,420.2
316.69,421.2
316.71,425.0
316.72,427.7
316.74,434.7
316.76,443.1
316.77,447.7
316.79,457.3
316.81,466.9
316.82,471.6
316.84,480.2
316.86,487.4
316.87,490.3
316.89,494.6
316.91,496.4
316.92,496.3
316.94,494.0
316.95,491.8
316.97,485.1
316.99,475.4
317.0,469.5
317.02,455.6
317.04,439.3
317.05,430.3
317.07,410.7
317.09,389.6
317.1,378.5
317.12,355.7
317.14,332.2
317.15,320.4
317.17,296.9
317.19,273.8
317.2,262.5
317.22,240.7
317.24,220.2
317.25,210.4
317.27,192.2
317.29,175.7
317.3,168.1
317.32,154.5
317.33,148.4
317.35,137.8
317.37,129.2
317.38,125.7
317.4,120.2
317.42,116.7
317.43,115.7
317.45,115.2
317.47,116.6
317.48,118.0
317.5,122.3
317.52,128.6
317.53,132.4
317.55,141.4
317.57,152.4
317.58,158.5
317.6,172.3
317.62,188.1
317.63,196.6
317.65,215.2
317.67,235.6
317.68,246.5
317.7,269.6
317.71,281.8
317.73,307.3
317.75,334.2
317.76,348.1
317.78,376.7
317.8,405.9
317.81,420.7
317.83,450.3
317.85,479.7
317.86,494.1
317.88,522.3
317.9,548.9
317.91,561.6
317.93,585.3
317.95,606.3
317.96,615.8
317.98,632.2
318.0,645.1
318.01,650.1
318.03,657.3
318.04,659.4
318.06,660.5
318.08,657.6
318.09,654.7
318.11,646.0
318.13,633.6
318.14,626.1
318.16,608.9
318.18,589.0
318.19,578.1
318.21,554.9
318.23,530.0
318.24,517.2
318.26,490.9
318.28,464.3
318.29,451.0
318.31,424.7
318.33,399.0
318.34,386.6
318.36,362.7
318.38,340.3
318.39,329.7
318.41,309.9
318.42,300.7
318.44,283.9
318.46,269.2
318.47,262.6
318.49,251.0
318.51,241.5
318.52,237.5
318.54,231.0
318.56,226.4
318.57,224.9
318.59,223.0
318.61,222.9
318.62,223.5
318.64,225.8
318.66,229.7
318.67,232.2
318.69,238.3
318.71,245.9
318.72,250.2
318.74,260.0
318.76,271.3
318.77,277.6
318.79,291.3
318.8,298.8
318.82,315.1
318.84,333.2
318.85,343.0
318.87,364.0
318.89,387.1
318.9,399.5
318.92,425.9
318.94,454.7
318.95,470.0
318.97,502.4
318.99,537.5
319.0,556.1
319.02,595.4
319.04,637.8
319.05,660.2
319.07,707.6
319.09,758.9
319.1,786.1
319.12,843.8
319.14,906.3
319.15,939.6
319.17,1011.0
319.18,1048.0
319.2,1129.0
319.22,1217.0
319.23,1263.0
319.25,1363.0
319.27,1471.0
319.28,1528.0
319.3,1649.0
319.32,1778.0
319.33,1846.0
319.35,1987.0
319.37,2135.0
319.38,2212.0
319.4,2369.0
319.42,2530.0
319.43,2612.0
319.45,2775.0
319.47,2938.0
319.48,3018.0
319.5,3174.0
319.51,3250.0
319.53,3396.0
319.55,3532.0
319.56,3595.0
319.58,3712.0
319.6,3816.0
319.61,3862.0
319.63,3943.0
319.65,4009.0
319.66,4036.0
319.68,4081.0
319.7,4113.0
319.71,4125.0
319.73,4141.0
319.75,4150.0
319.76,4153.0
319.78,4156.0
319.8,4158.0
319.81,4160.0
319.83,4167.0
319.85,4181.0
319.86,4190.0
319.88,4217.0
319.89,4234.0
319.91,4277.0
319.93,4331.0
319.94,4363.0
319.96,4436.0
319.98,4520.0
319.99,4566.0
320.01,4664.0
320.03,4770.0
320.04,4826.0
320.06,4939.0
320.08,5055.0
320.09,5113.0
320.11,5227.0
320.13,5338.0
320.14,5390.0
320.16,5489.0
320.18,5578.0
320.19,5618.0
320.21,5688.0
320.23,5741.0
320.24,5762.0
320.26,5789.0
320.27,5795.0
320.29,5792.0
320.31,5767.0
320.32,5746.0
320.34,5688.0
320.36,5606.0
320.37,5556.0
320.39,5440.0
320.41,5301.0
320.42,5223.0
320.44,5052.0
320.46,4861.0
320.47,4759.0
320.49,4543.0
320.51,4312.0
320.52,4192.0
320.54,3945.0
320.56,3691.0
320.57,3562.0
320.59,3302.0
320.61,3043.0
320.62,2915.0
320.64,2662.0
320.65,2538.0
320.67,2297.0
320.69,2067.0
320.7,1956.0
320.72,1746.0
320.74,1551.0
320.75,1459.0
320.77,1288.0
320.79,1134.0
320.8,1064.0
320.82,934.8
320.84,822.6
320.85,772.6
320.87,684.4
320.89,611.2
320.9,580.0
320.92,527.8
320.94,488.5
320.95,473.4
320.97,451.8
320.98,445.1
321.0,439.4
321.02,443.5
321.03,449.2
321.05,467.4
321.07,494.7
321.08,511.8
321.1,553.0
321.12,603.8
321.13,633.1
321.15,699.7
321.17,778.0
321.18,821.9
321.2,920.1
321.22,1033.0
321.23,1096.0
321.25,1235.0
321.27,1393.0
321.28,1479.0
321.3,1669.0
321.32,1883.0
321.33,1998.0
321.35,2249.0
321.36,2384.0
321.38,2673.0
321.4,2988.0
321.41,3155.0
321.43,3508.0
321.45,3883.0
321.46,4078.0
321.48,4482.0
321.5,4900.0
321.51,5112.0
321.53,5542.0
321.55,5971.0
321.56,6184.0
321.58,6601.0
321.6,7001.0
321.61,7192.0
321.63,7551.0
321.65,7875.0
321.66,8021.0
321.68,8277.0
321.7,8482.0
321.71,8564.0
321.73,8683.0
321.74,8719.0
321.76,8746.0
321.78,8710.0
321.79,8668.0
321.81,8541.0
321.83,8355.0
321.84,8242.0
321.86,7979.0
321.88,7672.0
321.89,7503.0
321.91,7142.0
321.93,6754.0
321.94,6552.0
321.96,6139.0
321.98,5719.0
321.99,5509.0
322.01,5092.0
322.03,4686.0
322.04,4488.0
322.06,4106.0
322.07,3923.0
322.09,3576.0
322.11,3255.0
322.12,3105.0
322.14,2827.0
322.16,2578.0
322.17,2465.0
322.19,2259.0
322.21,2080.0
322.22,2000.0
322.24,1860.0
322.26,1742.0
322.27,1690.0
322.29,1602.0
322.31,1531.0
322.32,1502.0
322.34,1452.0
322.36,1415.0
322.37,1400.0
322.39,1376.0
322.41,1361.0
322.42,1356.0
322.44,1349.0
322.45,1348.0
322.47,1349.0
322.49,1353.0
322.5,1357.0
322.52,1366.0
322.54,1378.0
322.55,1385.0
322.57,1401.0
322.59,1420.0
322.6,1431.0
322.62,1453.0
322.64,1479.0
322.65,1493.0
322.67,1524.0
322.69,1558.0
322.7,1576.0
322.72,1615.0
322.74,1658.0
322.75,1680.0
322.77,1728.0
322.79,1780.0
322.8,1807.0
322.82,1864.0
322.83,1894.0
322.85,1955.0
322.87,2018.0
322.88,2051.0
322.9,2117.0
322.92,2184.0
322.93,2218.0
322.95,2286.0
322.97,2352.0
322.98,2386.0
323.0,2450.0
323.02,2513.0
323.03,2544.0
323.05,2603.0
323.07,2659.0
323.08,2686.0
323.1,2738.0
323.12,2787.0
323.13,2811.0
323.15,2857.0
323.17,2902.0
323.18,2924.0
323.2,2968.0
323.21,2990.0
323.23,3035.0
323.25,3081.0
323.26,3105.0
323.28,3155.0
323.3,3208.0
323.31,3235.0
323.33,3292.0
323.35,3352.0
323.36,3383.0
323.38,3446.0
323.4,3512.0
323.41,3545.0
323.43,3610.0
323.45,3676.0
323.46,3708.0
323.48,3769.0
323.5,3828.0
323.51,3856.0
323.53,3907.0
323.54,3931.0
323.56,3974.0
323.58,4011.0
323.59,4028.0
323.61,4057.0
323.63,4082.0
323.64,4094.0
323.66,4115.0
323.68,4136.0
323.69,4147.0
323.71,4173.0
323.73,4206.0
323.74,4227.0
323.76,4278.0
323.78,4347.0
323.79,4388.0
323.81,4490.0
323.83,4620.0
323.84,4696.0
323.86,4875.0
323.88,5091.0
323.89,5214.0
323.91,5492.0
323.92,5648.0
323.94,5992.0
323.96,6381.0
323.97,6592.0
323.99,7046.0
324.01,7540.0
324.02,7800.0
324.04,8346.0
324.06,8917.0
324.07,9210.0
324.09,9806.0
324.11,10400.0
324.12,10700.0
324.14,11280.0
324.16,11840.0
324.17,12110.0
324.19,12610.0
324.21,13050.0
324.22,13240.0
324.24,13580.0
324.26,13840.0
324.27,13930.0
324.29,14060.0
324.3,14080.0
324.32,14060.0
324.34,13940.0
324.35,13840.0
324.37,13580.0
324.39,13220.0
324.4,13020.0
324.42,12540.0
324.44,12000.0
324.45,11700.0
324.47,11070.0
324.49,10410.0
324.5,10060.0
324.52,9356.0
324.54,8641.0
324.55,8284.0
324.57,7577.0
324.59,6887.0
324.6,6552.0
324.62,5904.0
324.64,5293.0
324.65,5003.0
324.67,4456.0
324.68,4200.0
324.7,3723.0
324.72,3294.0
324.73,3097.0
324.75,2738.0
324.77,2425.0
324.78,2284.0
324.8,2032.0
324.82,1817.0
324.83,1723.0
324.85,1557.0
324.87,1420.0
324.88,1361.0
324.9,1259.0
324.92,1177.0
324.93,1142.0
324.95,1083.0
324.97,1037.0
324.98,1019.0
325.0,987.8
325.01,975.5
325.03,956.0
325.05,942.4
325.06,937.5
325.08,930.9
325.1,928.0
325.11,927.7
325.13,929.2
325.15,932.8
325.16,935.3
325.18,941.3
325.2,948.3
325.21,952.0
325.23,959.6
325.25,967.0
325.26,970.4
325.28,976.4
325.3,980.9
325.31,982.4
325.33,983.6
325.35,982.2
325.36,980.3
325.38,974.1
325.39,969.6
325.41,958.1
325.43,942.7
325.44,933.7
325.46,912.7
325.48,888.2
325.49,874.6
325.51,845.1
325.53,812.8
325.54,795.7
325.56,759.9
325.58,722.6
325.59,703.5
325.61,664.8
325.63,626.0
325.64,606.7
325.66,568.8
325.68,532.3
325.69,514.8
325.71,481.3
325.73,450.6
325.74,436.3
325.76,410.3
325.77,398.7
325.79,378.2
325.81,361.8
325.82,355.2
325.84,345.1
325.86,339.4
325.87,338.2
325.89,339.0
325.91,344.0
325.92,348.2
325.94,359.4
325.96,374.6
325.97,383.5
325.99,404.0
326.01,427.7
326.02,440.7
326.04,468.5
326.06,498.7
326.07,514.6
326.09,547.6
326.11,581.9
326.12,599.4
326.14,635.1
326.15,653.1
326.17,689.2
326.19,725.1
326.2,742.9
326.22,778.0
326.24,812.1
326.25,828.7
326.27,860.8
326.29,891.1
326.3,905.6
326.32,932.8
326.34,957.7
326.35,969.2
326.37,989.9
326.39,1008.0
326.4,1015.0
326.42,1028.0
326.44,1037.0
326.45,1040.0
326.47,1043.0
326.48,1043.0
326.5,1039.0
326.52,1032.0
326.53,1026.0
326.55,1012.0
326.57,992.9
326.58,981.9
326.6,956.8
326.62,927.9
326.63,912.1
326.65,878.1
326.67,841.2
326.68,821.9
326.7,781.9
326.72,740.6
326.73,719.6
326.75,677.5
326.77,635.7
326.78,615.1
326.8,574.9
326.82,536.7
326.83,518.4
326.85,483.9
326.86,467.8
326.88,438.0
326.9,411.8
326.91,400.0
326.93,379.4
326.95,362.6
326.96,355.6
326.98,344.3
327.0,336.5
327.01,333.8
327.03,330.8
327.05,330.4
327.06,331.1
327.08,334.0
327.1,338.5
327.11,341.3
327.13,347.4
327.15,354.0
327.16,357.3
327.18,363.8
327.2,369.9
327.21,372.6
327.23,377.2
327.24,379.1
327.26,381.9
327.28,383.2
327.29,383.3
327.31,382.3
327.33,379.7
327.34,377.9
327.36,373.2
327.38,367.2
327.39,363.8
327.41,356.3
327.43,348.0
327.44,343.7
327.46,334.9
327.48,326.0
327.49,321.6
327.51,313.1
327.53,305.1
327.54,301.4
327.56,294.7
327.58,289.1
327.59,286.8
327.61,283.0
327.62,281.7
327.64,280.0
327.66,279.7
327.67,280.1
327.69,281.8
327.71,284.8
327.72,286.7
327.74,291.4
327.76,296.9
327.77,300.0
327.79,306.5
327.81,313.4
327.82,317.0
327.84,324.1
327.86,331.0
327.87,334.4
327.89,340.7
327.91,346.4
327.92,348.9
327.94,353.4
327.95,355.3
327.97,358.2
327.99,360.1
328.0,360.7
328.02,360.9
328.04,360.1
328.05,359.3
328.07,357.0
328.09,353.9
328.1,352.0
328.12,348.0
328.14,343.5
328.15,341.2
328.17,336.7
328.19,332.5
328.2,330.6
328.22,327.5
328.24,325.7
328.25,325.5
328.27,326.6
328.29,330.4
328.3,333.5
328.32,342.6
328.33,348.7
328.35,365.0
328.37,387.2
328.38,400.8
328.4,434.1
328.42,476.2
328.43,501.0
328.45,559.1
328.47,629.6
328.48,670.0
328.5,761.9
328.52,870.1
328.53,930.8
328.55,1066.0
328.57,1221.0
328.58,1306.0
328.6,1492.0
328.62,1700.0
328.63,1812.0
328.65,2053.0
328.67,2315.0
328.68,2454.0
328.7,2746.0
328.71,2898.0
328.73,3215.0
328.75,3545.0
328.76,3714.0
328.78,4057.0
328.8,4402.0
328.81,4575.0
328.83,4915.0
328.85,5244.0
328.86,5403.0
328.88,5706.0
328.9,5984.0
328.91,6112.0
328.93,6342.0
328.95,6533.0
328.96,6614.0
328.98,6741.0
329.0,6821.0
329.01,6843.0
329.03,6850.0
329.05,6807.0
329.06,6767.0
329.08,6652.0
329.09,6577.0
329.11,6394.0
329.13,6172.0
329.14,6047.0
329.16,5773.0
329.18,5472.0
329.19,5313.0
329.21,4981.0
329.23,4636.0
329.24,4460.0
329.26,4107.0
329.28,3754.0
329.29,3580.0
329.31,3238.0
329.33,2908.0
329.34,2748.0
329.36,2442.0
329.38,2155.0
329.39,2019.0
329.41,1764.0
329.42,1644.0
329.44,1422.0
329.46,1222.0
329.47,1130.0
329.49,961.5
329.51,813.4
329.52,746.5
329.54,626.3
329.56,522.7
329.57,476.6
329.59,395.1
329.61,326.4
329.62,296.3
329.64,243.9
329.66,200.6
329.67,182.0
329.69,150.0
329.71,124.1
329.72,113.2
329.74,94.67
329.76,80.04
329.77,73.96
329.79,63.87
329.8,59.73
329.82,52.96
329.84,47.86
329.85,45.83
329.87,42.62
329.89,40.36
329.9,39.53
329.92,38.34
329.94,37.71
329.95,37.57
329.97,37.6
329.99,38.02
330.0,38.37
330.02,39.34
330.04,40.69
330.05,41.51
330.07,43.48
330.09,45.91
330.1,47.32
330.12,50.56
330.14,54.43
330.15,56.63
330.17,61.58
330.18,64.36
330.2,70.57
330.22,77.73
330.23,81.69
330.25,90.41
330.27,100.3
330.28,105.6
330.3,117.3
330.32,130.1
330.33,137.1
330.35,151.8
330.37,167.8
330.38,176.3
330.4,194.0
330.42,212.8
330.43,222.5
330.45,242.6
330.47,263.2
330.48,273.8
330.5,295.0
330.52,316.2
330.53,326.7
330.55,347.5
330.56,357.6
330.58,377.2
330.6,395.6
330.61,404.3
330.63,420.5
330.65,434.9
330.66,441.4
330.68,452.8
330.7,462.1
330.71,465.9
330.73,471.9
330.75,475.6
330.76,476.7
330.78,477.4
330.8,476.4
330.81,475.3
330.83,472.0
330.85,467.7
330.86,465.2
330.88,460.0
330.89,457.3
330.91,451.9
330.93,446.9
330.94,444.7
330.96,441.0
330.98,438.4
330.99,437.6
331.01,437.2
331.03,438.5
331.04,439.7
331.06,443.5
331.08,449.0
331.09,452.3
331.11,460.0
331.13,468.9
331.14,473.8
331.16,484.1
331.18,494.8
331.19,500.2
331.21,511.0
331.23,521.3
331.24,526.1
331.26,534.9
331.27,538.9
331.29,545.5
331.31,550.3
331.32,551.9
331.34,553.5
331.36,552.8
331.37,551.5
331.39,547.2
331.41,540.5
331.42,536.3
331.44,526.2
331.46,514.0
331.47,507.2
331.49,492.3
331.51,475.9
331.52,467.3
331.54,449.3
331.56,430.6
331.57,421.1
331.59,401.9
331.61,382.8
331.62,373.3
331.64,354.8
331.65,345.8
331.67,328.5
331.69,312.3
331.7,304.7
331.72,290.4
331.74,277.8
331.75,272.1
331.77,262.0
331.79,253.9
331.8,250.6
331.82,245.5
331.84,242.7
331.85,242.1
331.87,242.8
331.89,246.0
331.9,248.5
331.92,255.5
331.94,265.1
331.95,270.9
331.97,284.6
331.99,301.0
332.0,310.2
332.02,330.5
332.03,341.6
332.05,365.6
332.07,391.9
332.08,405.7
332.1,434.8
332.12,465.3
332.13,481.0
332.15,513.0
332.17,545.2
332.18,561.3
332.2,593.1
332.22,623.8
332.23,638.5
332.25,666.6
332.27,692.2
332.28,703.9
332.3,724.9
332.32,742.3
332.33,749.6
332.35,761.0
332.36,765.1
332.38,770.1
332.4,770.7
332.41,769.5
332.43,763.9
332.45,754.5
332.46,748.4
332.48,733.9
332.5,716.7
332.51,707.2
332.53,686.9
332.55,665.3
332.56,654.3
332.58,632.1
332.6,610.2
332.61,599.6
332.63,579.3
332.65,560.8
332.66,552.4
332.68,537.3
332.7,524.9
332.71,519.7
332.73,511.6
332.74,508.7
332.76,505.1
332.78,504.3
332.79,505.0
332.81,508.1
332.83,513.6
332.84,517.1
332.86,525.2
332.88,534.6
332.89,539.7
332.91,550.2
332.93,560.9
332.94,566.2
332.96,576.4
332.98,585.7
332.99,590.0
333.01,597.4
333.03,603.4
333.04,605.7
333.06,609.0
333.08,610.4
333.09,610.5
333.11,609.2
333.12,607.9
333.14,604.1
333.16,598.8
333.17,595.7
333.19,588.6
333.21,580.6
333.22,576.3
333.24,567.5
333.26,558.4
333.27,553.9
333.29,545.0
333.31,536.4
333.32,532.3
333.34,524.5
333.36,517.5
333.37,514.2
333.39,508.4
333.41,503.3
333.42,501.1
333.44,497.2
333.45,495.5
333.47,492.6
333.49,490.2
333.5,489.2
333.52,487.5
333.54,486.1
333.55,485.5
333.57,484.5
333.59,483.7
333.6,483.4
333.62,483.1
333.64,483.3
333.65,483.5
333.67,484.6
333.69,486.7
333.7,488.2
333.72,492.4
333.74,498.3
333.75,502.0
333.77,511.4
333.79,523.6
333.8,530.8
333.82,547.8
333.83,557.7
333.85,580.4
333.87,607.0
333.88,621.9
333.9,654.8
333.92,691.9
333.93,711.9
333.95,754.9
333.97,801.3
333.98,825.7
334.0,876.5
334.02,929.3
334.03,956.2
334.05,1011.0
334.07,1065.0
334.08,1092.0
334.1,1144.0
334.12,1194.0
334.13,1217.0
334.15,1261.0
334.17,1300.0
334.18,1317.0
334.2,1348.0
334.21,1360.0
334.23,1380.0
334.25,1394.0
334.26,1397.0
334.28,1400.0
334.3,1396.0
334.31,1391.0
334.33,1378.0
334.35,1361.0
334.36,1350.0
334.38,1328.0
334.4,1303.0
334.41,1291.0
334.43,1268.0
334.45,1247.0
334.46,1238.0
334.48,1226.0
334.5,1220.0
334.51,1221.0
334.53,1230.0
334.55,1252.0
334.56,1267.0
334.58,1309.0
334.59,1336.0
334.61,1401.0
334.63,1483.0
334.64,1530.0
334.66,1636.0
334.68,1759.0
334.69,1826.0
334.71,1972.0
334.73,2132.0
334.74,2216.0
334.76,2392.0
334.78,2575.0
334.79,2669.0
334.81,2859.0
334.83,3049.0
334.84,3143.0
334.86,3326.0
334.88,3499.0
334.89,3582.0
334.91,3735.0
334.92,3804.0
334.94,3929.0
334.96,4031.0
334.97,4073.0
334.99,4136.0
335.01,4173.0
335.02,4180.0
335.04,4173.0
335.06,4137.0
335.07,4108.0
335.09,4031.0
335.11,3927.0
335.12,3866.0
335.14,3728.0
335.16,3569.0
335.17,3484.0
335.19,3302.0
335.21,3109.0
335.22,3009.0
335.24,2805.0
335.26,2599.0
335.27,2495.0
335.29,2290.0
335.3,2189.0
335.32,1991.0
335.34,1802.0
335.35,1711.0
335.37,1537.0
335.39,1375.0
335.4,1298.0
335.42,1155.0
335.44,1026.0
335.45,966.2
335.47,856.7
335.49,760.4
335.5,717.0
335.52,639.5
335.54,573.8
335.55,545.2
335.57,496.1
335.59,457.4
335.6,441.7
335.62,417.6
335.64,402.7
335.65,398.6
335.67,397.2
335.68,399.7
335.7,411.4
335.72,431.8
335.73,445.4
335.75,479.2
335.77,522.0
335.78,546.9
335.8,603.5
335.82,669.4
335.83,705.8
335.85,785.3
335.87,873.6
335.88,920.9
335.9,1021.0
335.92,1129.0
335.93,1185.0
335.95,1302.0
335.97,1422.0
335.98,1483.0
336.0,1607.0
336.02,1731.0
336.03,1792.0
336.05,1911.0
336.06,1969.0
336.08,2079.0
336.1,2181.0
336.11,2228.0
336.13,2313.0
336.15,2384.0
336.16,2415.0
336.18,2463.0
336.2,2496.0
336.21,2505.0
336.23,2511.0
336.25,2499.0
336.26,2487.0
336.28,2449.0
336.3,2395.0
336.31,2362.0
336.33,2286.0
336.35,2196.0
336.36,2147.0
336.38,2042.0
336.39,1986.0
336.41,1869.0
336.43,1747.0
336.44,1685.0
336.46,1560.0
336.48,1435.0
336.49,1373.0
336.51,1251.0
336.53,1134.0
336.54,1078.0
336.56,970.4
336.58,870.5
336.59,823.7
336.61,737.0
336.63,659.9
336.64,625.1
336.66,563.4
336.68,512.4
336.69,491.0
336.71,456.6
336.73,433.4
336.74,426.1
336.76,420.1
336.77,421.5
336.79,433.3
336.81,457.2
336.82,473.8
336.84,516.3
336.86,571.6
336.87,604.1
336.89,679.1
336.91,767.4
336.92,816.7
336.94,925.3
336.96,1047.0
336.97,1113.0
336.99,1255.0
337.01,1409.0
337.02,1490.0
337.04,1661.0
337.06,1841.0
337.07,1935.0
337.09,2126.0
337.11,2322.0
337.12,2421.0
337.14,2620.0
337.15,2719.0
337.17,2913.0
337.19,3102.0
337.2,3192.0
337.22,3365.0
337.24,3523.0
337.25,3596.0
337.27,3727.0
337.29,3836.0
337.3,3882.0
337.32,3956.0
337.34,4003.0
337.35,4016.0
337.37,4023.0
337.39,4001.0
337.4,3980.0
337.42,3919.0
337.44,3832.0
337.45,3779.0
337.47,3657.0
337.49,3516.0
337.5,3438.0
337.52,3272.0
337.53,3184.0
337.55,3000.0
337.57,2809.0
337.58,2711.0
337.6,2515.0
337.62,2319.0
337.63,2223.0
337.65,2033.0
337.67,1850.0
337.68,1762.0
337.7,1594.0
337.72,1437.0
337.73,1363.0
337.75,1225.0
337.77,1101.0
337.78,1045.0
337.8,941.8
337.82,852.7
337.83,813.3
337.85,744.4
337.86,714.8
337.88,664.9
337.9,626.8
337.91,611.9
337.93,590.1
337.95,578.1
337.96,575.6
337.98,577.1
338.0,586.7
338.01,594.3
338.03,614.8
338.05,641.8
338.06,657.5
338.08,693.3
338.1,734.1
338.11,756.3
338.13,803.9
338.15,855.2
338.16,882.1
338.18,937.9
338.2,995.9
338.21,1025.0
338.23,1085.0
338.24,1115.0
338.26,1175.0
338.28,1234.0
338.29,1263.0
338.31,1319.0
338.33,1371.0
338.34,1395.0
338.36,1441.0
338.38,1481.0
338.39,1499.0
338.41,1529.0
338.43,1553.0
338.44,1562.0
338.46,1574.0
338.48,1578.0
338.49,1577.0
338.51,1570.0
338.53,1555.0
338.54,1545.0
338.56,1520.0
338.58,1489.0
338.59,1471.0
338.61,1432.0
338.62,1410.0
338.64,1365.0
338.66,1317.0
338.67,1292.0
338.69,1241.0
338.71,1189.0
338.72,1163.0
338.74,1111.0
338.76,1061.0
338.77,1036.0
338.79,988.5
338.81,943.1
338.82,921.4
338.84,880.3
338.86,842.4
338.87,824.7
338.89,791.9
338.91,762.7
338.92,749.4
338.94,725.5
338.96,705.2
338.97,696.4
338.99,681.3
339.0,675.0
339.02,664.8
339.04,657.7
339.05,655.2
339.07,652.3
339.09,652.0
339.1,652.7
339.12,655.6
339.14,660.3
339.15,663.2
339.17,670.0
339.19,677.8
339.2,682.0
339.22,690.6
339.24,699.3
339.25,703.6
339.27,711.9
339.29,719.7
339.3,723.3
339.32,729.8
339.33,732.7
339.35,737.8
339.37,741.8
339.38,743.4
339.4,746.0
339.42,747.9
339.43,748.6
339.45,749.8
339.47,751.0
339.48,751.8
339.5,753.7
339.52,756.6
339.53,758.6
339.55,763.8
339.57,771.2
339.58,775.7
339.6,786.8
339.62,800.8
339.63,809.0
339.65,827.7
339.67,849.6
339.68,861.7
339.7,888.3
339.71,902.6
339.73,933.1
339.75,965.8
339.76,982.8
339.78,1018.0
339.8,1053.0
339.81,1070.0
339.83,1105.0
339.85,1138.0
339.86,1153.0
339.88,1182.0
339.9,1207.0
339.91,1218.0
339.93,1236.0
339.95,1248.0
339.96,1252.0
339.98,1255.0
340.0,1251.0
340.01,1246.0
340.03,1233.0
340.05,1212.0
340.06,1200.0
340.08,1170.0
340.09,1153.0
340.11,1116.0
340.13,1073.0
340.14,1051.0
340.16,1003.0
340.18,952.9
340.19,927.1
340.21,874.9
340.23,822.4
340.24,796.2
340.26,744.8
340.28,695.1
340.29,671.1
340.31,625.2
340.33,582.4
340.34,562.4
340.36,525.2
340.38,492.0
340.39,477.1
340.41,450.3
340.43,427.9
340.44,418.4
340.46,402.3
340.47,395.9
340.49,385.9
340.51,379.6
340.52,377.7
340.54,376.3
340.56,377.8
340.57,379.5
340.59,384.5
340.61,391.3
340.62,395.2
340.64,403.8
340.66,413.1
340.67,417.9
340.69,427.4
340.71,436.6
340.72,440.9
340.74,448.8
340.76,455.5
340.77,458.3
340.79,462.6
340.8,464.2
340.82,465.8
340.84,465.6
340.85,464.7
340.87,461.5
340.89,456.3
340.9,453.1
340.92,445.3
340.94,435.9
340.95,430.7
340.97,419.4
340.99,407.1
341.0,400.7
341.02,387.4
341.04,373.8
341.05,366.9
341.07,353.2
341.09,339.8
341.1,333.3
341.12,320.5
341.14,308.5
341.15,302.8
341.17,291.9
341.18,286.8
341.2,277.3
341.22,268.6
341.23,264.6
341.25,257.2
341.27,250.5
341.28,247.4
341.3,241.8
341.32,236.7
341.33,234.3
341.35,229.9
341.37,225.7
341.38,223.8
341.4,220.0
341.42,216.4
341.43,214.6
341.45,211.2
341.47,207.8
341.48,206.1
341.5,202.8
341.52,199.7
341.53,198.1
341.55,195.1
341.56,193.7
341.58,190.9
341.6,188.4
341.61,187.2
341.63,184.9
341.65,182.9
341.66,182.0
341.68,180.4
341.7,179.0
341.71,178.3
341.73,177.2
341.75,176.2
341.76,175.7
341.78,174.8
341.8,174.0
341.81,173.5
341.83,172.6
341.85,171.6
341.86,171.0
341.88,169.8
341.89,169.2
341.91,167.8
341.93,166.4
341.94,165.6
341.96,164.1
341.98,162.7
341.99,162.0
342.01,160.8
342.03,159.9
342.04,159.6
342.06,159.4
342.08,159.9
342.09,160.5
342.11,162.2
342.13,165.0
342.14,166.9
342.16,171.5
342.18,177.4
342.19,181.0
342.21,189.2
342.23,198.9
342.24,204.5
342.26,216.7
342.27,223.5
342.29,238.2
342.31,254.6
342.32,263.3
342.34,282.0
342.36,301.9
342.37,312.4
342.39,334.1
342.41,356.8
342.42,368.3
342.44,391.9
342.46,415.8
342.47,427.7
342.49,451.5
342.51,474.8
342.52,486.2
342.54,508.3
342.56,529.1
342.57,538.9
342.59,557.2
342.61,573.6
342.62,580.9
342.64,593.8
342.65,599.3
342.67,608.1
342.69,614.1
342.7,616.0
342.72,617.4
342.74,615.8
342.75,613.8
342.77,607.4
342.79,598.0
342.8,592.2
342.82,578.5
342.84,562.2
342.85,553.1
342.87,533.2
342.89,511.3
342.9,499.6
342.92,475.3
342.94,449.6
342.95,436.4
342.97,409.6
342.99,382.3
343.0,368.6
343.02,341.3
343.03,327.8
343.05,301.1
343.07,275.2
343.08,262.5
343.1,238.1
343.12,214.9
343.13,203.7
343.15,182.6
343.17,162.9
343.18,153.6
343.2,136.2
343.22,120.4
343.23,113.0
343.25,99.5
343.27,87.48
343.28,82.03
343.3,72.19
343.32,63.76
343.33,60.06
343.35,53.66
343.36,50.95
343.38,46.54
343.4,43.46
343.41,42.43
343.43,41.41
343.45,41.87
343.46,42.68
343.48,45.56
343.5,50.25
343.51,53.34
343.53,61.16
343.55,71.37
343.56,77.47
343.58,91.84
343.6,109.4
343.61,119.5
343.63,142.6
343.65,169.8
343.66,185.0
343.68,219.1
343.7,258.3
343.71,279.9
343.73,327.2
343.74,353.0
343.76,409.0
343.78,470.9
343.79,504.1
343.81,574.8
343.83,651.3
343.84,691.5
343.86,775.7
343.88,864.5
343.89,910.4
343.91,1005.0
343.93,1101.0
343.94,1150.0
343.96,1248.0
343.98,1346.0
343.99,1395.0
344.01,1489.0
344.03,1580.0
344.04,1624.0
344.06,1707.0
344.08,1783.0
344.09,1818.0
344.11,1881.0
344.12,1909.0
344.14,1958.0
344.16,1996.0
344.17,2011.0
344.19,2032.0
344.21,2042.0
344.22,2042.0
344.24,2035.0
344.26,2018.0
344.27,2005.0
344.29,1973.0
344.31,1931.0
344.32,1907.0
344.34,1855.0
344.36,1795.0
344.37,1764.0
344.39,1697.0
344.41,1627.0
344.42,1591.0
344.44,1518.0
344.46,1444.0
344.47,1407.0
344.49,1334.0
344.5,1297.0
344.52,1226.0
344.54,1156.0
344.55,1123.0
344.57,1058.0
344.59,996.2
344.6,966.7
344.62,910.4
344.64,857.9
344.65,833.2
344.67,786.5
344.69,743.7
344.7,723.7
344.72,686.5
344.74,652.8
344.75,637.3
344.77,608.6
344.79,582.9
344.8,571.1
344.82,549.5
344.83,539.6
344.85,521.5
344.87,505.4
344.88,497.9
344.9,484.2
344.92,471.9
344.93,466.1
344.95,455.3
344.97,445.1
344.98,440.3
345.0,430.9
345.02,421.9
345.03,417.5
345.05,408.7
345.07,399.9
345.08,395.6
345.1,386.8
345.12,378.0
345.13,373.6
345.15,364.7
345.17,355.7
345.18,351.3
345.2,342.3
345.21,337.8
345.23,328.9
345.25,320.1
345.26,315.7
345.28,307.0
345.3,298.5
345.31,294.3
345.33,286.0
345.35,277.9
345.36,273.9
345.38,266.1
345.4,258.4
345.41,254.6
345.43,247.2
345.45,240.0
345.46,236.5
345.48,229.6
345.5,222.9
345.51,219.6
345.53,213.3
345.55,207.1
345.56,204.2
345.58,198.5
345.59,195.8
345.61,190.7
345.63,186.0
345.64,183.9
345.66,180.0
345.68,176.6
345.69,175.2
345.71,172.9
345.73,171.4
345.74,170.9
345.76,170.7
345.78,171.4
345.79,172.2
345.81,174.6
345.83,178.1
345.84,180.3
345.86,185.6
345.88,192.2
345.89,196.0
345.91,204.6
345.93,214.5
345.94,220.0
345.96,231.9
345.97,238.3
345.99,252.1
346.01,267.1
346.02,275.0
346.04,291.5
346.06,309.0
346.07,318.0
346.09,336.6
346.11,355.8
346.12,365.6
346.14,385.3
346.16,405.2
346.17,415.2
346.19,435.1
346.21,454.7
346.22,464.4
346.24,483.4
346.26,501.8
346.27,510.8
346.29,528.1
346.3,536.5
346.32,552.5
346.34,567.5
346.35,574.6
346.37,588.0
346.39,600.3
346.4,606.0
346.42,616.4
346.44,625.5
346.45,629.6
346.47,636.7
346.49,642.4
346.5,644.8
346.52,648.3
346.54,650.2
346.55,650.6
346.57,650.2
346.59,648.1
346.6,646.5
346.62,641.9
346.64,635.7
346.65,631.9
346.67,623.2
346.68,618.2
346.7,607.2
346.72,594.6
346.73,587.9
346.75,573.4
346.77,557.9
346.78,549.8
346.8,533.1
346.82,516.0
346.83,507.3
346.85,490.0
346.87,473.1
346.88,464.8
346.9,449.1
346.92,434.6
346.93,428.0
346.95,416.2
346.97,406.8
346.98,403.0
347.0,397.8
347.02,395.9
347.03,396.3
347.05,400.0
347.06,403.5
347.08,413.7
347.1,428.4
347.11,437.6
347.13,459.7
347.15,486.7
347.16,502.1
347.18,536.5
347.2,575.9
347.21,597.3
347.23,643.4
347.25,693.7
347.26,720.2
347.28,775.7
347.3,833.9
347.31,863.8
347.33,924.6
347.35,986.3
347.36,1017.0
347.38,1078.0
347.4,1138.0
347.41,1167.0
347.43,1222.0
347.44,1248.0
347.46,1298.0
347.48,1342.0
347.49,1361.0
347.51,1396.0
347.53,1424.0
347.54,1435.0
347.56,1451.0
347.58,1459.0
347.59,1460.0
347.61,1456.0
347.63,1443.0
347.64,1434.0
347.66,1410.0
347.68,1379.0
347.69,1360.0
347.71,1319.0
347.73,1272.0
347.74,1246.0
347.76,1192.0
347.77,1163.0
347.79,1103.0
347.81,1040.0
347.82,1008.0
347.84,943.6
347.86,878.2
347.87,845.5
347.89,780.7
347.91,717.2
347.92,686.0
347.94,625.4
347.96,567.3
347.97,539.4
347.99,485.8
348.01,435.6
348.02,411.8
348.04,366.9
348.06,325.8
348.07,306.5
348.09,270.9
348.11,238.8
348.12,224.1
348.14,197.2
348.15,185.0
348.17,162.9
348.19,143.7
348.2,135.2
348.22,120.0
348.24,107.3
348.25,101.7
348.27,92.14
348.29,84.37
348.3,81.11
348.32,75.69
348.34,71.61
348.35,70.02
348.37,67.63
348.39,66.2
348.4,65.8
348.42,65.59
348.44,66.08
348.45,66.56
348.47,68.01
348.49,70.05
348.5,71.29
348.52,74.23
348.53,75.93
348.55,79.83
348.57,84.44
348.58,87.03
348.6,92.83
348.62,99.53
348.63,103.3
348.65,111.5
348.67,120.9
348.68,126.0
348.7,137.3
348.72,149.9
348.73,156.7
348.75,171.5
348.77,187.7
348.78,196.4
348.8,214.9
348.82,234.8
348.83,245.3
348.85,267.3
348.87,290.5
348.88,302.5
348.9,327.3
348.91,340.1
348.93,366.1
348.95,392.8
348.96,406.3
348.98,433.6
349.0,461.2
349.01,475.1
349.03,502.8
349.05,530.7
349.06,544.7
349.08,572.8
349.1,601.3
349.11,615.7
349.13,645.2
349.15,675.6
349.16,691.4
349.18,724.3
349.2,759.5
349.21,778.1
349.23,817.8
349.24,838.9
349.26,884.4
349.28,934.5
349.29,961.5
349.31,1019.0
349.33,1083.0
349.34,1117.0
349.36,1190.0
349.38,1269.0
349.39,1311.0
349.41,1399.0
349.43,1493.0
349.44,1541.0
349.46,1641.0
349.48,1745.0
349.49,1798.0
349.51,1904.0
349.53,2011.0
349.54,2064.0
349.56,2169.0
349.58,2269.0
349.59,2318.0
349.61,2411.0
349.62,2454.0
349.64,2535.0
349.66,2606.0
349.67,2638.0
349.69,2692.0
349.71,2735.0
349.72,2751.0
349.74,2774.0
349.76,2783.0
349.77,2783.0
349.79,2772.0
349.81,2748.0
349.82,2731.0
349.84,2688.0
349.86,2633.0
349.87,2601.0
349.89,2531.0
349.91,2451.0
349.92,2408.0
349.94,2317.0
349.96,2220.0
349.97,2169.0
349.99,2065.0
350.0,2012.0
350.02,1905.0
350.04,1796.0
350.05,1741.0
350.07,1633.0
350.09,1526.0
350.1,1474.0
350.12,1371.0
350.14,1272.0
350.15,1224.0
350.17,1131.0
350.19,1043.0
350.2,1001.0
350.22,921.9
350.24,848.2
350.25,813.6
350.27,748.9
350.29,690.1
350.3,662.9
350.32,612.8
350.34,568.4
350.35,548.2
350.37,511.6
350.38,495.2
350.4,465.7
350.42,440.5
350.43,429.3
350.45,409.6
350.47,393.0
350.48,385.8
350.5,373.0
350.52,362.3
350.53,357.6
350.55,349.2
350.57,341.8
350.58,338.5
350.6,332.2
350.62,326.4
350.63,323.6
350.65,318.2
350.67,312.8
350.68,310.2
350.7,304.9
350.71,302.3
350.73,297.1
350.75,292.1
350.76,289.6
350.78,284.9
350.8,280.6
350.81,278.5
350.83,274.9
350.85,271.8
350.86,270.5
350.88,268.5
350.9,267.2
350.91,266.8
350.93,266.6
350.95,267.2
350.96,267.8
350.98,269.4
351.0,271.6
351.01,272.9
351.03,275.8
351.05,279.1
351.06,280.9
351.08,284.4
351.09,286.2
351.11,289.8
351.13,293.1
351.14,294.7
351.16,297.5
351.18,299.9
351.19,300.9
351.21,302.4
351.23,303.2
351.24,303.3
351.26,303.0
351.28,301.8
351.29,301.0
351.31,298.6
351.33,295.4
351.34,293.5
351.36,289.1
351.38,284.0
351.39,281.2
351.41,275.1
351.43,268.3
351.44,264.8
351.46,257.3
351.47,253.4
351.49,245.3
351.51,237.0
351.52,232.8
351.54,224.3
351.56,215.8
351.57,211.6
351.59,203.4
351.61,195.5
351.62,191.7
351.64,184.4
351.66,177.8
351.67,174.8
351.69,169.3
351.71,164.7
351.72,162.7
351.74,159.6
351.76,157.7
351.77,157.1
351.79,156.9
351.8,157.3
351.82,159.0
351.84,161.9
351.85,163.9
351.87,168.7
351.89,174.7
351.9,178.2
351.92,185.9
351.94,194.6
351.95,199.3
351.97,209.3
351.99,220.0
352.0,225.6
352.02,237.1
352.04,248.9
352.05,254.9
352.07,267.0
352.09,279.0
352.1,285.0
352.12,296.8
352.14,308.4
352.15,314.0
352.17,325.0
352.18,330.4
352.2,340.7
352.22,350.6
352.23,355.5
352.25,364.8
352.27,373.9
352.28,378.3
352.3,387.0
352.32,395.6
352.33,399.9
352.35,408.5
352.37,417.2
352.38,421.6
352.4,430.6
352.42,439.9
352.43,444.7
352.45,454.4
352.47,464.3
352.48,469.3
352.5,479.5
352.52,489.7
352.53,494.7
352.55,504.7
352.56,509.5
352.58,518.9
352.6,527.5
352.61,531.5
352.63,538.8
352.65,544.9
352.66,547.4
352.68,551.4
352.7,553.8
352.71,554.3
352.73,554.1
352.75,552.1
352.76,550.4
352.78,545.7
352.8,539.2
352.81,535.3
352.83,526.4
352.85,516.0
352.86,510.3
352.88,498.2
352.9,485.1
352.91,478.3
352.93,464.3
352.94,457.2
352.96,442.9
352.98,428.7
352.99,421.8
353.01,408.3
353.03,395.5
353.04,389.4
353.06,378.1
353.08,367.9
353.09,363.3
353.11,355.1
353.13,348.3
353.14,345.5
353.16,340.9
353.18,337.8
353.19,336.8
353.21,335.8
353.23,336.2
353.24,336.9
353.26,339.2
353.27,340.8
353.29,344.7
353.31,349.5
353.32,352.2
353.34,358.1
353.36,364.7
353.37,368.1
353.39,375.3
353.41,382.7
353.42,386.5
353.44,394.1
353.46,401.6
353.47,405.3
353.49,412.6
353.51,419.6
353.52,423.0
353.54,429.5
353.56,435.5
353.57,438.4
353.59,443.7
353.61,448.6
353.62,450.8
353.64,454.9
353.65,456.9
353.67,460.4
353.69,463.5
353.7,465.0
353.72,467.8
353.74,470.5
353.75,471.8
353.77,474.5
353.79,477.4
353.8,478.9
353.82,482.3
353.84,486.1
353.85,488.2
353.87,493.0
353.89,498.5
353.9,501.5
353.92,508.1
353.94,515.6
353.95,519.6
353.97,528.2
353.99,537.5
354.0,542.4
354.02,552.5
354.03,557.8
354.05,568.4
354.07,579.2
354.08,584.6
354.1,595.2
354.12,605.6
354.13,610.6
354.15,620.2
354.17,629.4
354.18,633.7
354.2,642.0
354.22,649.9
354.23,653.8
354.25,661.6
354.27,669.7
354.28,674.1
354.3,683.8
354.32,695.3
354.33,702.1
354.35,718.1
354.37,738.3
354.38,750.4
354.4,779.0
354.41,795.9
354.43,835.8
354.45,884.7
354.46,913.0
354.48,977.9
354.5,1055.0
354.51,1099.0
354.53,1196.0
354.55,1309.0
354.56,1370.0
354.58,1506.0
354.6,1657.0
354.61,1739.0
354.63,1913.0
354.65,2103.0
354.66,2202.0
354.68,2412.0
354.7,2632.0
354.71,2746.0
354.73,2980.0
354.74,3098.0
354.76,3338.0
354.78,3578.0
354.79,3697.0
354.81,3931.0
354.83,4157.0
354.84,4265.0
354.86,4471.0
354.88,4659.0
354.89,4745.0
354.91,4901.0
354.93,5031.0
354.94,5085.0
354.96,5173.0
354.98,5231.0
354.99,5248.0
355.01,5259.0
355.03,5238.0
355.04,5216.0
355.06,5151.0
355.08,5057.0
355.09,5000.0
355.11,4868.0
355.12,4794.0
355.14,4631.0
355.16,4450.0
355.17,4355.0
355.19,4156.0
355.21,3948.0
355.22,3843.0
355.24,3630.0
355.26,3418.0
355.27,3313.0
355.29,3107.0
355.31,2907.0
355.32,2811.0
355.34,2627.0
355.36,2453.0
355.37,2371.0
355.39,2217.0
355.41,2076.0
355.42,2010.0
355.44,1889.0
355.46,1780.0
355.47,1730.0
355.49,1639.0
355.5,1597.0
355.52,1522.0
355.54,1456.0
355.55,1426.0
355.57,1372.0
355.59,1324.0
355.6,1302.0
355.62,1262.0
355.64,1225.0
355.65,1208.0
355.67,1177.0
355.69,1147.0
355.7,1132.0
355.72,1104.0
355.74,1077.0
355.75,1064.0
355.77,1037.0
355.79,1010.0
355.8,996.1
355.82,968.6
355.84,940.8
355.85,926.8
355.87,898.4
355.88,884.1
355.9,855.4
355.92,826.7
355.93,812.3
355.95,783.9
355.97,755.9
355.98,742.3
356.0,715.7
356.02,690.5
356.03,678.6
356.05,656.2
356.07,636.2
356.08,627.2
356.1,611.6
356.12,599.6
356.13,595.0
356.15,589.1
356.17,587.7
356.18,588.8
356.2,594.9
356.21,600.0
356.23,614.3
356.25,634.2
356.26,646.4
356.28,674.9
356.3,709.2
356.31,728.5
356.33,771.1
356.35,818.9
356.36,844.6
356.38,899.5
356.4,958.5
356.41,989.4
356.43,1054.0
356.45,1121.0
356.46,1155.0
356.48,1225.0
356.5,1297.0
356.51,1333.0
356.53,1406.0
356.55,1479.0
356.56,1515.0
356.58,1588.0
356.59,1625.0
356.61,1697.0
356.63,1769.0
356.64,1805.0
356.66,1876.0
356.68,1948.0
356.69,1983.0
356.71,2055.0
356.73,2127.0
356.74,2163.0
356.76,2235.0
356.78,2308.0
356.79,2345.0
356.81,2419.0
356.83,2493.0
356.84,2529.0
356.86,2602.0
356.88,2674.0
356.89,2709.0
356.91,2777.0
356.93,2841.0
356.94,2871.0
356.96,2927.0
356.97,2953.0
356.99,2998.0
357.01,3035.0
357.02,3050.0
357.04,3071.0
357.06,3081.0
357.07,3082.0
357.09,3074.0
357.11,3053.0
357.12,3037.0
357.14,2996.0
357.16,2942.0
357.17,2911.0
357.19,2838.0
357.21,2754.0
357.22,2709.0
357.24,2610.0
357.26,2503.0
357.27,2447.0
357.29,2330.0
357.31,2209.0
357.32,2148.0
357.34,2023.0
357.35,1961.0
357.37,1837.0
357.39,1715.0
357.4,1656.0
357.42,1540.0
357.44,1430.0
357.45,1378.0
357.47,1280.0
357.49,1190.0
357.5,1148.0
357.52,1074.0
357.54,1010.0
357.55,982.4
357.57,936.8
357.59,904.2
357.6,893.0
357.62,881.3
357.64,884.3
357.65,891.6
357.67,918.0
357.68,937.4
357.7,988.7
357.72,1057.0
357.73,1099.0
357.75,1194.0
357.77,1309.0
357.78,1373.0
357.8,1516.0
357.82,1679.0
357.83,1767.0
357.85,1958.0
357.87,2167.0
357.88,2278.0
357.9,2513.0
357.92,2764.0
357.93,2895.0
357.95,3167.0
357.97,3450.0
357.98,3596.0
358.0,3893.0
358.02,4195.0
358.03,4348.0
358.05,4654.0
358.06,4807.0
358.08,5110.0
358.1,5407.0
358.11,5553.0
358.13,5837.0
358.15,6109.0
358.16,6240.0
358.18,6489.0
358.2,6720.0
358.21,6828.0
358.23,7029.0
358.25,7208.0
358.26,7289.0
358.28,7433.0
358.3,7553.0
358.31,7603.0
358.33,7685.0
358.35,7743.0
358.36,7762.0
358.38,7781.0
358.4,7776.0
358.41,7764.0
358.43,7721.0
358.44,7691.0
358.46,7613.0
358.48,7513.0
358.49,7454.0
358.51,7320.0
358.53,7165.0
358.54,7080.0
358.56,6895.0
358.58,6693.0
358.59,6585.0
358.61,6358.0
358.63,6117.0
358.64,5992.0
358.66,5732.0
358.68,5463.0
358.69,5326.0
358.71,5046.0
358.73,4763.0
358.74,4620.0
358.76,4334.0
358.78,4050.0
358.79,3909.0
358.81,3630.0
358.82,3493.0
358.84,3225.0
358.86,2966.0
358.87,2840.0
358.89,2597.0
358.91,2367.0
358.92,2256.0
358.94,2046.0
358.96,1850.0
358.97,1757.0
358.99,1582.0
359.01,1422.0
359.02,1348.0
359.04,1210.0
359.06,1085.0
359.07,1028.0
359.09,922.9
359.11,830.3
359.12,788.4
359.14,712.9
359.15,679.1
359.17,618.9
359.19,567.9
359.2,545.6
359.22,507.2
359.24,476.3
359.25,463.6
359.27,443.3
359.29,429.5
359.3,425.0
359.32,420.9
359.34,423.4
359.35,427.1
359.37,440.1
359.39,461.0
359.4,474.7
359.42,509.3
359.44,554.9
359.45,582.4
359.47,647.8
359.49,729.3
359.5,776.8
359.52,887.5
359.53,951.3
359.55,1098.0
359.57,1274.0
359.58,1374.0
359.6,1600.0
359.62,1866.0
359.63,2014.0
359.65,2346.0
359.67,2728.0
359.68,2939.0
359.7,3403.0
359.72,3926.0
359.73,4211.0
359.75,4828.0
359.77,5510.0
359.78,5876.0
359.8,6656.0
359.82,7500.0
359.83,7945.0
359.85,8880.0
359.87,9868.0
359.88,10380.0
359.9,11440.0
359.91,11980.0
359.93,13080.0
359.95,14200.0
359.96,14760.0
359.98,15890.0
360.0,16990.0
360.01,17530.0
360.03,18580.0
360.05,19570.0
360.06,20040.0
360.08,20920.0
360.1,21710.0
360.11,22070.0
360.13,22690.0
360.15,23190.0
360.16,23390.0
360.18,23690.0
360.2,23850.0
360.21,23880.0
360.23,23830.0
360.25,23630.0
360.26,23480.0
360.28,23090.0
360.29,22840.0
360.31,22260.0
360.33,21570.0
360.34,21190.0
360.36,20360.0
360.38,19460.0
360.39,18990.0
360.41,18000.0
360.43,16980.0
360.44,16470.0
360.46,15430.0
360.48,14400.0
360.49,13890.0
360.51,12890.0
360.53,11930.0
360.54,11470.0
360.56,10590.0
360.58,9775.0
360.59,9395.0
360.61,8691.0
360.62,8369.0
360.64,7786.0
360.66,7289.0
360.67,7073.0
360.69,6705.0
360.71,6424.0
360.72,6315.0
360.74,6159.0
360.76,6084.0
360.77,6076.0
360.79,6113.0
360.81,6220.0
360.82,6298.0
360.84,6497.0
360.86,6751.0
360.87,6895.0
360.89,7215.0
360.91,7570.0
360.92,7758.0
360.94,8150.0
360.96,8556.0
360.97,8761.0
360.99,9171.0
361.0,9374.0
361.02,9769.0
361.04,10140.0
361.05,10320.0
361.07,10650.0
361.09,10940.0
361.1,11060.0
361.12,11280.0
361.14,11440.0
361.15,11500.0
361.17,11580.0
361.19,11590.0
361.2,11570.0
361.22,11490.0
361.24,11340.0
361.25,11250.0
361.27,11010.0
361.29,10730.0
361.3,10560.0
361.32,10210.0
361.34,9806.0
361.35,9593.0
361.37,9146.0
361.38,8913.0
361.4,8435.0
361.42,7946.0
361.43,7700.0
361.45,7208.0
361.47,6723.0
361.48,6485.0
361.5,6022.0
361.52,5581.0
361.53,5370.0
361.55,4969.0
361.57,4600.0
361.58,4428.0
361.6,4111.0
361.62,3830.0
361.63,3703.0
361.65,3476.0
361.67,3285.0
361.68,3203.0
361.7,3063.0
361.71,3006.0
361.73,2912.0
361.75,2847.0
361.76,2823.0
361.78,2793.0
361.8,2784.0
361.81,2785.0
361.83,2799.0
361.85,2825.0
361.86,2841.0
361.88,2878.0
361.9,2920.0
361.91,2941.0
361.93,2984.0
361.95,3024.0
361.96,3042.0
361.98,3075.0
362.0,3101.0
362.01,3110.0
362.03,3123.0
362.05,3125.0
362.06,3122.0
362.08,3108.0
362.09,3097.0
362.11,3066.0
362.13,3024.0
362.14,2999.0
362.16,2941.0
362.18,2873.0
362.19,2836.0
362.21,2755.0
362.23,2667.0
362.24,2620.0
362.26,2523.0
362.28,2421.0
362.29,2370.0
362.31,2265.0
362.33,2160.0
362.34,2107.0
362.36,2005.0
362.38,1905.0
362.39,1858.0
362.41,1767.0
362.43,1683.0
362.44,1644.0
362.46,1574.0
362.47,1542.0
362.49,1488.0
362.51,1446.0
362.52,1430.0
362.54,1409.0
362.56,1401.0
362.57,1403.0
362.59,1419.0
362.61,1450.0
362.62,1472.0
362.64,1528.0
362.66,1601.0
362.67,1643.0
362.69,1741.0
362.71,1856.0
362.72,1920.0
362.74,2060.0
362.76,2217.0
362.77,2302.0
362.79,2485.0
362.81,2685.0
362.82,2791.0
362.84,3017.0
362.85,3136.0
362.87,3387.0
362.89,3656.0
362.9,3796.0
362.92,4090.0
362.94,4401.0
362.95,4563.0
362.97,4898.0
362.99,5250.0
363.0,5431.0
363.02,5804.0
363.04,6190.0
363.05,6387.0
363.07,6788.0
363.09,7197.0
363.1,7403.0
363.12,7816.0
363.14,8228.0
363.15,8432.0
363.17,8834.0
363.18,9030.0
363.2,9411.0
363.22,9772.0
363.23,9943.0
363.25,10260.0
363.27,10550.0
363.28,10680.0
363.3,10900.0
363.32,11080.0
363.33,11160.0
363.35,11260.0
363.37,11310.0
363.38,11320.0
363.4,11290.0
363.42,11200.0
363.43,11130.0
363.45,10960.0
363.47,10730.0
363.48,10590.0
363.5,10290.0
363.52,9944.0
363.53,9754.0
363.55,9349.0
363.56,9134.0
363.58,8683.0
363.6,8210.0
363.61,7967.0
363.63,7473.0
363.65,6972.0
363.66,6721.0
363.68,6221.0
363.7,5729.0
363.71,5488.0
363.73,5017.0
363.75,4565.0
363.76,4347.0
363.78,3929.0
363.8,3538.0
363.81,3352.0
363.83,3002.0
363.85,2681.0
363.86,2531.0
363.88,2253.0
363.9,2004.0
363.91,1889.0
363.93,1680.0
363.94,1585.0
363.96,1414.0
363.98,1265.0
363.99,1199.0
364.01,1081.0
364.03,981.5
364.04,938.0
364.06,862.5
364.08,800.7
364.09,774.4
364.11,730.3
364.13,696.0
364.14,682.2
364.16,660.4
364.18,645.6
364.19,640.5
364.21,634.5
364.23,633.3
364.24,634.4
364.26,639.6
364.28,648.5
364.29,654.3
364.31,668.2
364.32,676.4
364.34,695.0
364.36,716.6
364.37,728.6
364.39,754.6
364.41,783.6
364.42,799.2
364.44,832.6
364.46,868.9
364.47,888.1
364.49,928.6
364.51,971.7
364.52,994.3
364.54,1041.0
364.56,1090.0
364.57,1115.0
364.59,1166.0
364.61,1219.0
364.62,1245.0
364.64,1298.0
364.65,1324.0
364.67,1376.0
364.69,1427.0
364.7,1452.0
364.72,1499.0
364.74,1544.0
364.75,1565.0
364.77,1604.0
364.79,1638.0
364.8,1653.0
364.82,1679.0
364.84,1699.0
364.85,1707.0
364.87,1718.0
364.89,1722.0
364.9,1722.0
364.92,1717.0
364.94,1705.0
364.95,1696.0
364.97,1675.0
364.99,1648.0
365.0,1633.0
365.02,1598.0
365.03,1579.0
365.05,1537.0
365.07,1492.0
365.08,1468.0
365.1,1419.0
365.12,1368.0
365.13,1341.0
365.15,1288.0
365.17,1234.0
365.18,1207.0
365.2,1152.0
365.22,1099.0
365.23,1072.0
365.25,1020.0
365.27,969.6
365.28,944.8
365.3,896.4
365.32,849.7
365.33,827.1
365.35,783.2
365.37,741.1
365.38,720.7
365.4,681.3
365.41,662.3
365.43,625.6
365.45,590.5
365.46,573.5
365.48,540.9
365.5,509.8
365.51,494.8
365.53,465.9
365.55,438.5
365.56,425.4
365.58,400.2
365.6,376.6
365.61,365.4
365.63,344.2
365.65,324.6
365.66,315.5
365.68,298.7
365.7,283.9
365.71,277.3
365.73,265.7
365.75,256.4
365.76,252.8
365.78,247.5
365.79,245.9
365.81,245.1
365.83,247.5
365.84,250.1
365.86,258.2
365.88,270.4
365.89,278.2
365.91,297.4
365.93,321.9
365.94,336.2
365.96,369.4
365.98,409.2
365.99,431.6
366.01,482.1
366.03,540.3
366.04,572.5
366.06,643.3
366.08,723.1
366.09,766.4
366.11,860.1
366.12,910.6
366.14,1019.0
366.16,1136.0
366.17,1198.0
366.19,1330.0
366.21,1469.0
366.22,1542.0
366.24,1693.0
366.26,1850.0
366.27,1930.0
366.29,2093.0
366.31,2259.0
366.32,2342.0
366.34,2507.0
366.36,2669.0
366.37,2748.0
366.39,2902.0
366.41,3047.0
366.42,3116.0
366.44,3244.0
366.46,3358.0
366.47,3410.0
366.49,3499.0
366.5,3537.0
366.52,3598.0
366.54,3639.0
366.55,3652.0
366.57,3662.0
366.59,3650.0
366.6,3636.0
366.62,3593.0
366.64,3529.0
366.65,3491.0
366.67,3400.0
366.69,3292.0
366.7,3232.0
366.72,3103.0
366.74,2963.0
366.75,2889.0
366.77,2735.0
366.79,2575.0
366.8,2494.0
366.82,2329.0
366.84,2165.0
366.85,2083.0
366.87,1921.0
366.88,1841.0
366.9,1686.0
366.92,1537.0
366.93,1465.0
366.95,1327.0
366.97,1198.0
366.98,1136.0
367.0,1020.0
367.02,912.4
367.03,862.2
367.05,768.6
367.07,683.8
367.08,644.6
367.1,572.4
367.12,507.9
367.13,478.4
367.15,424.7
367.17,377.4
367.18,355.9
367.2,317.2
367.22,283.5
367.23,268.5
367.25,241.5
367.26,229.5
367.28,208.1
367.3,190.1
367.31,182.3
367.33,168.6
367.35,157.4
367.36,152.8
367.38,145.0
367.4,139.3
367.41,137.2
367.43,134.2
367.45,133.0
367.46,132.9
367.48,134.0
367.5,136.4
367.51,138.2
367.53,142.6
367.55,148.2
367.56,151.5
367.58,158.7
367.59,162.7
367.61,171.4
367.63,180.8
367.64,185.9
367.66,196.4
367.68,207.4
367.69,213.1
367.71,224.7
367.73,236.7
367.74,242.7
367.76,254.8
367.78,266.9
367.79,272.9
367.81,284.7
367.83,296.4
367.84,302.0
367.86,313.1
367.88,323.8
367.89,328.9
367.91,338.7
367.93,348.0
367.94,352.5
367.96,360.9
367.97,364.8
367.99,372.3
368.01,379.1
368.02,382.4
368.04,388.3
368.06,393.8
368.07,396.3
368.09,401.1
368.11,405.4
368.12,407.4
368.14,411.2
368.16,414.8
368.17,416.5
368.19,419.9
368.21,423.2
368.22,424.8
368.24,428.2
368.26,431.7
368.27,433.5
368.29,437.4
368.31,441.7
368.32,444.0
368.34,448.9
368.35,451.5
368.37,457.2
368.39,463.5
368.4,466.9
368.42,474.1
368.44,482.1
368.45,486.4
368.47,495.4
368.49,505.2
368.5,510.3
368.52,521.2
368.54,532.8
368.55,538.9
368.57,551.6
368.59,565.0
368.6,572.0
368.62,586.5
368.64,601.7
368.65,609.7
368.67,626.2
368.69,643.7
368.7,652.9
368.72,672.2
368.73,682.4
368.75,704.0
368.77,727.5
368.78,740.2
368.8,767.4
368.82,797.6
368.83,814.1
368.85,850.1
368.87,890.6
368.88,912.8
368.9,961.6
368.92,1017.0
368.93,1047.0
368.95,1114.0
368.97,1188.0
368.98,1229.0
369.0,1318.0
369.02,1416.0
369.03,1469.0
369.05,1583.0
369.06,1645.0
369.08,1775.0
369.1,1916.0
369.11,1990.0
369.13,2146.0
369.15,2312.0
369.16,2398.0
369.18,2575.0
369.2,2758.0
369.21,2852.0
369.23,3041.0
369.25,3231.0
369.26,3326.0
369.28,3514.0
369.3,3697.0
369.31,3786.0
369.33,3956.0
369.35,4115.0
369.36,4189.0
369.38,4326.0
369.4,4445.0
369.41,4497.0
369.43,4586.0
369.44,4621.0
369.46,4675.0
369.48,4705.0
369.49,4710.0
369.51,4702.0
369.53,4669.0
369.54,4643.0
369.56,4573.0
369.58,4479.0
369.59,4424.0
369.61,4299.0
369.63,4155.0
369.64,4077.0
369.66,3909.0
369.68,3729.0
369.69,3635.0
369.71,3441.0
369.73,3241.0
369.74,3140.0
369.76,2937.0
369.78,2735.0
369.79,2636.0
369.81,2439.0
369.82,2343.0
369.84,2157.0
369.86,1980.0
369.87,1895.0
369.89,1733.0
369.91,1583.0
369.92,1512.0
369.94,1380.0
369.96,1260.0
369.97,1204.0
369.99,1103.0
370.01,1013.0
370.02,971.9
370.04,898.7
370.06,836.0
370.07,808.4
370.09,760.1
370.11,720.7
370.12,704.1
370.14,676.9
370.16,657.1
370.17,649.9
370.19,640.8
370.2,638.9
370.22,640.3
370.24,648.8
370.25,656.0
370.27,676.3
370.29,705.4
370.3,723.6
370.32,768.1
370.34,824.9
370.35,858.5
370.37,937.4
370.39,1034.0
370.4,1090.0
370.42,1219.0
370.44,1373.0
370.45,1461.0
370.47,1661.0
370.49,1896.0
370.5,2029.0
370.52,2326.0
370.53,2491.0
370.55,2860.0
370.57,3283.0
370.58,3517.0
370.6,4029.0
370.62,4606.0
370.63,4919.0
370.65,5599.0
370.67,6351.0
370.68,6755.0
370.7,7616.0
370.72,8550.0
370.73,9044.0
370.75,10080.0
370.77,11190.0
370.78,11760.0
370.8,12950.0
370.82,14180.0
370.83,14810.0
370.85,16090.0
370.87,17380.0
370.88,18030.0
370.9,19310.0
370.91,19950.0
370.93,21190.0
370.95,22380.0
370.96,22960.0
370.98,24040.0
371.0,25030.0
371.01,25480.0
371.03,26300.0
371.05,26980.0
371.06,27270.0
371.08,27740.0
371.1,28040.0
371.11,28140.0
371.13,28200.0
371.15,28090.0
371.16,27980.0
371.18,27630.0
371.2,27120.0
371.21,26810.0
371.23,26090.0
371.25,25240.0
371.26,24770.0
371.28,23750.0
371.29,23200.0
371.31,22060.0
371.33,20840.0
371.34,20220.0
371.36,18940.0
371.38,17640.0
371.39,16990.0
371.41,15700.0
371.43,14420.0
371.44,13790.0
371.46,12570.0
371.48,11400.0
371.49,10840.0
371.51,9763.0
371.53,8757.0
371.54,8281.0
371.56,7389.0
371.58,6576.0
371.59,6199.0
371.61,5505.0
371.63,4890.0
371.64,4611.0
371.66,4109.0
371.67,3885.0
371.69,3488.0
371.71,3156.0
371.72,3012.0
371.74,2767.0
371.76,2574.0
371.77,2495.0
371.79,2369.0
371.81,2281.0
371.82,2250.0
371.84,2210.0
371.86,2196.0
371.87,2196.0
371.89,2211.0
371.91,2241.0
371.92,2259.0
371.94,2302.0
371.96,2351.0
371.97,2375.0
371.99,2425.0
372.0,2449.0
372.02,2494.0
372.04,2533.0
372.05,2550.0
372.07,2577.0
372.09,2595.0
372.1,2600.0
372.12,2601.0
372.14,2592.0
372.15,2583.0
372.17,2557.0
372.19,2520.0
372.2,2497.0
372.22,2445.0
372.24,2383.0
372.25,2349.0
372.27,2276.0
372.29,2197.0
372.3,2155.0
372.32,2069.0
372.34,1980.0
372.35,1935.0
372.37,1843.0
372.38,1798.0
372.4,1708.0
372.42,1619.0
372.43,1576.0
372.45,1493.0
372.47,1414.0
372.48,1376.0
372.5,1304.0
372.52,1238.0
372.53,1207.0
372.55,1150.0
372.57,1098.0
372.58,1075.0
372.6,1033.0
372.62,996.0
372.63,979.8
372.65,951.3
372.67,927.8
372.68,917.8
372.7,901.1
372.72,888.4
372.73,883.5
372.75,876.2
372.76,873.8
372.78,871.3
372.8,871.7
372.81,873.0
372.83,877.7
372.85,885.3
372.86,890.2
372.88,902.6
372.9,918.6
372.91,928.0
372.93,950.4
372.95,977.7
372.96,993.5
372.98,1030.0
373.0,1073.0
373.01,1098.0
373.03,1153.0
373.05,1219.0
373.06,1255.0
373.08,1336.0
373.09,1380.0
373.11,1479.0
373.13,1590.0
373.14,1651.0
373.16,1782.0
373.18,1926.0
373.19,2003.0
373.21,2168.0
373.23,2346.0
373.24,2439.0
373.26,2635.0
373.28,2841.0
373.29,2948.0
373.31,3167.0
373.33,3392.0
373.34,3507.0
373.36,3737.0
373.38,3969.0
373.39,4083.0
373.41,4310.0
373.43,4530.0
373.44,4636.0
373.46,4841.0
373.47,4938.0
373.49,5122.0
373.51,5287.0
373.52,5362.0
373.54,5497.0
373.56,5608.0
373.57,5655.0
373.59,5729.0
373.61,5777.0
373.62,5790.0
373.64,5798.0
373.66,5778.0
373.67,5758.0
373.69,5699.0
373.71,5614.0
373.72,5563.0
373.74,5445.0
373.76,5305.0
373.77,5228.0
373.79,5062.0
373.81,4880.0
373.82,4785.0
373.84,4586.0
373.85,4484.0
373.87,4274.0
373.89,4060.0
373.9,3953.0
373.92,3738.0
373.94,3525.0
373.95,3420.0
373.97,3215.0
373.99,3017.0
374.0,2922.0
374.02,2739.0
374.04,2568.0
374.05,2487.0
374.07,2335.0
374.09,2197.0
374.1,2134.0
374.12,2019.0
374.14,1920.0
374.15,1876.0
374.17,1800.0
374.19,1740.0
374.2,1716.0
374.22,1679.0
374.23,1666.0
374.25,1653.0
374.27,1654.0
374.28,1660.0
374.3,1682.0
374.32,1718.0
374.33,1741.0
374.35,1796.0
374.37,1864.0
374.38,1902.0
374.4,1987.0
374.42,2083.0
374.43,2134.0
374.45,2245.0
374.47,2365.0
374.48,2428.0
374.5,2559.0
374.52,2699.0
374.53,2771.0
374.55,2919.0
374.56,2995.0
374.58,3150.0
374.6,3309.0
374.61,3389.0
374.63,3551.0
374.65,3714.0
374.66,3794.0
374.68,3955.0
374.7,4112.0
374.71,4189.0
374.73,4339.0
374.75,4482.0
374.76,4551.0
374.78,4680.0
374.8,4799.0
374.81,4854.0
374.83,4953.0
374.85,5038.0
374.86,5075.0
374.88,5136.0
374.9,5179.0
374.91,5193.0
374.93,5208.0
374.94,5208.0
374.96,5194.0
374.98,5160.0
374.99,5135.0
375.01,5072.0
375.03,4989.0
375.04,4941.0
375.06,4831.0
375.08,4705.0
375.09,4636.0
375.11,4488.0
375.13,4327.0
375.14,4242.0
375.16,4067.0
375.18,3883.0
375.19,3790.0
375.21,3600.0
375.23,3409.0
375.24,3313.0
375.26,3124.0
375.28,2939.0
375.29,2849.0
375.31,2674.0
375.32,2590.0
375.34,2431.0
375.36,2283.0
375.37,2214.0
375.39,2088.0
375.41,1978.0
375.42,1929.0
375.44,1844.0
375.46,1778.0
375.47,1751.0
375.49,1712.0
375.51,1693.0
375.52,1690.0
375.54,1698.0
375.56,1725.0
375.57,1746.0
375.59,1799.0
375.61,1869.0
375.62,1910.0
375.64,2003.0
375.66,2109.0
375.67,2167.0
375.69,2290.0
375.7,2355.0
375.72,2492.0
375.74,2635.0
375.75,2708.0
375.77,2856.0
375.79,3006.0
375.8,3080.0
375.82,3228.0
375.84,3371.0
375.85,3441.0
375.87,3574.0
375.89,3699.0
375.9,3758.0
375.92,3867.0
375.94,3964.0
375.95,4007.0
375.97,4084.0
375.99,4146.0
376.0,4172.0
376.02,4212.0
376.03,4227.0
376.05,4245.0
376.07,4249.0
376.08,4246.0
376.1,4230.0
376.12,4201.0
376.13,4183.0
376.15,4137.0
376.17,4082.0
376.18,4052.0
376.2,3985.0
376.22,3911.0
376.23,3872.0
376.25,3791.0
376.27,3706.0
376.28,3663.0
376.3,3575.0
376.32,3486.0
376.33,3441.0
376.35,3352.0
376.37,3264.0
376.38,3220.0
376.4,3133.0
376.41,3091.0
376.43,3007.0
376.45,2926.0
376.46,2886.0
376.48,2807.0
376.5,2731.0
376.51,2694.0
376.53,2621.0
376.55,2551.0
376.56,2517.0
376.58,2450.0
376.6,2385.0
376.61,2353.0
376.63,2292.0
376.65,2234.0
376.66,2206.0
376.68,2153.0
376.7,2104.0
376.71,2082.0
376.73,2041.0
376.75,2007.0
376.76,1993.0
376.78,1972.0
376.79,1965.0
376.81,1960.0
376.83,1970.0
376.84,1981.0
376.86,2015.0
376.88,2070.0
376.89,2106.0
376.91,2197.0
376.93,2315.0
376.94,2386.0
376.96,2552.0
376.98,2754.0
376.99,2869.0
377.01,3131.0
377.03,3436.0
377.04,3605.0
377.06,3979.0
377.08,4401.0
377.09,4631.0
377.11,5127.0
377.13,5673.0
377.14,5964.0
377.16,6581.0
377.17,6906.0
377.19,7589.0
377.21,8310.0
377.22,8683.0
377.24,9452.0
377.26,10240.0
377.27,10640.0
377.29,11460.0
377.31,12270.0
377.32,12670.0
377.34,13460.0
377.36,14230.0
377.37,14610.0
377.39,15320.0
377.41,15980.0
377.42,16290.0
377.44,16850.0
377.46,17340.0
377.47,17550.0
377.49,17910.0
377.5,18060.0
377.52,18270.0
377.54,18390.0
377.55,18420.0
377.57,18380.0
377.59,18250.0
377.6,18150.0
377.62,17870.0
377.64,17500.0
377.65,17280.0
377.67,16780.0
377.69,16210.0
377.7,15900.0
377.72,15230.0
377.74,14520.0
377.75,14140.0
377.77,13370.0
377.79,12570.0
377.8,12170.0
377.82,11350.0
377.84,10530.0
377.85,10120.0
377.87,9320.0
377.88,8925.0
377.9,8153.0
377.92,7410.0
377.93,7051.0
377.95,6360.0
377.97,5709.0
377.98,5398.0
378.0,4811.0
378.02,4267.0
378.03,4012.0
378.05,3536.0
378.07,3104.0
378.08,2904.0
378.1,2538.0
378.12,2212.0
378.13,2064.0
378.15,1798.0
378.17,1569.0
378.18,1467.0
378.2,1290.0
378.22,1145.0
378.23,1085.0
378.25,985.8
378.26,947.3
378.28,891.2
378.3,862.5
378.31,858.2
378.33,869.4
378.35,906.7
378.36,935.1
378.38,1012.0
378.4,1114.0
378.41,1176.0
378.43,1319.0
378.45,1489.0
378.46,1584.0
378.48,1796.0
378.5,2036.0
378.51,2167.0
378.53,2449.0
378.55,2759.0
378.56,2925.0
378.58,3275.0
378.6,3651.0
378.61,3847.0
378.63,4257.0
378.64,4470.0
378.66,4908.0
378.68,5361.0
378.69,5592.0
378.71,6059.0
378.73,6529.0
378.74,6765.0
378.76,7231.0
378.78,7688.0
378.79,7911.0
378.81,8342.0
378.83,8750.0
378.84,8943.0
378.86,9304.0
378.88,9628.0
378.89,9774.0
378.91,10030.0
378.93,10250.0
378.94,10330.0
378.96,10470.0
378.97,10520.0
378.99,10570.0
379.01,10580.0
379.02,10560.0
379.04,10480.0
379.06,10360.0
379.07,10280.0
379.09,10090.0
379.11,9852.0
379.12,9722.0
379.14,9437.0
379.16,9125.0
379.17,8961.0
379.19,8618.0
379.21,8262.0
379.22,8081.0
379.24,7716.0
379.26,7351.0
379.27,7170.0
379.29,6815.0
379.31,6472.0
379.32,6305.0
379.34,5986.0
379.35,5833.0
379.37,5543.0
379.39,5274.0
379.4,5148.0
379.42,4914.0
379.44,4701.0
379.45,4604.0
379.47,4424.0
379.49,4265.0
379.5,4192.0
379.52,4060.0
379.54,3944.0
379.55,3891.0
379.57,3794.0
379.59,3707.0
379.6,3667.0
379.62,3591.0
379.64,3519.0
379.65,3484.0
379.67,3416.0
379.69,3348.0
379.7,3314.0
379.72,3243.0
379.73,3207.0
379.75,3131.0
379.77,3052.0
379.78,3011.0
379.8,2924.0
379.82,2833.0
379.83,2786.0
379.85,2689.0
379.87,2587.0
379.88,2535.0
379.9,2428.0
379.92,2319.0
379.93,2263.0
379.95,2151.0
379.97,2039.0
379.98,1983.0
380.0,1871.0
380.02,1760.0
380.03,1706.0
380.05,1598.0
380.07,1494.0
380.08,1443.0
380.1,1344.0
380.11,1297.0
380.13,1205.0
380.15,1118.0
380.16,1077.0
380.18,997.7
380.2,924.5
380.21,890.0
380.23,825.3
380.25,766.4
380.26,739.1
380.28,688.8
380.3,643.9
380.31,623.6
380.33,586.7
380.35,554.8
380.36,540.7
380.38,515.8
380.4,495.1
380.41,486.2
380.43,471.2
380.44,464.9
380.46,454.7
380.48,447.2
380.49,444.3
380.51,440.1
380.53,437.5
380.54,436.8
380.56,436.1
380.58,436.2
380.59,436.5
380.61,437.2
380.63,437.9
380.64,438.1
380.66,438.4
380.68,438.2
380.69,437.9
380.71,436.6
380.73,434.6
380.74,433.3
380.76,430.1
380.78,426.1
380.79,423.9
380.81,419.0
380.82,416.4
380.84,410.9
380.86,405.3
380.87,402.5
380.89,397.2
380.91,392.4
380.92,390.3
380.94,387.0
380.96,385.1
380.97,384.8
380.99,385.7
381.01,388.9
381.02,391.5
381.04,399.0
381.06,409.8
381.07,416.6
381.09,433.1
381.11,453.8
381.12,465.9
381.14,493.7
381.16,526.5
381.17,545.0
381.19,585.9
381.2,608.6
381.22,658.2
381.24,713.8
381.25,743.9
381.27,808.6
381.29,879.5
381.3,917.3
381.32,997.4
381.34,1084.0
381.35,1129.0
381.37,1224.0
381.39,1324.0
381.4,1376.0
381.42,1484.0
381.44,1596.0
381.45,1654.0
381.47,1773.0
381.49,1895.0
381.5,1957.0
381.52,2083.0
381.53,2147.0
381.55,2276.0
381.57,2406.0
381.58,2472.0
381.6,2603.0
381.62,2735.0
381.63,2800.0
381.65,2930.0
381.67,3059.0
381.68,3123.0
381.7,3249.0
381.72,3373.0
381.73,3434.0
381.75,3553.0
381.77,3668.0
381.78,3724.0
381.8,3833.0
381.82,3938.0
381.83,3988.0
381.85,4083.0
381.87,4173.0
381.88,4215.0
381.9,4294.0
381.91,4330.0
381.93,4397.0
381.95,4456.0
381.96,4481.0
381.98,4526.0
382.0,4560.0
382.01,4573.0
382.03,4592.0
382.05,4601.0
382.06,4601.0
382.08,4593.0
382.1,4575.0
382.11,4562.0
382.13,4529.0
382.15,4487.0
382.16,4463.0
382.18,4408.0
382.2,4347.0
382.21,4314.0
382.23,4245.0
382.25,4172.0
382.26,4135.0
382.28,4060.0
382.29,4022.0
382.31,3947.0
382.33,3874.0
382.34,3839.0
382.36,3772.0
382.38,3710.0
382.39,3682.0
382.41,3629.0
382.43,3584.0
382.44,3565.0
382.46,3531.0
382.48,3506.0
382.49,3496.0
382.51,3482.0
382.53,3476.0
382.54,3476.0
382.56,3480.0
382.58,3490.0
382.59,3497.0
382.61,3515.0
382.63,3536.0
382.64,3549.0
382.66,3575.0
382.67,3589.0
382.69,3620.0
382.71,3652.0
382.72,3668.0
382.74,3703.0
382.76,3739.0
382.77,3758.0
382.79,3797.0
382.81,3839.0
382.82,3861.0
382.84,3908.0
382.86,3960.0
382.87,3988.0
382.89,4048.0
382.91,4116.0
382.92,4153.0
382.94,4233.0
382.96,4322.0
382.97,4371.0
382.99,4475.0
383.0,4532.0
383.02,4652.0
383.04,4783.0
383.05,4852.0
383.07,4997.0
383.09,5151.0
383.1,5231.0
383.12,5395.0
383.14,5564.0
383.15,5650.0
383.17,5822.0
383.19,5992.0
383.2,6076.0
383.22,6240.0
383.24,6395.0
383.25,6469.0
383.27,6607.0
383.29,6730.0
383.3,6784.0
383.32,6880.0
383.34,6955.0
383.35,6984.0
383.37,7024.0
383.38,7036.0
383.4,7040.0
383.42,7019.0
383.43,7000.0
383.45,6942.0
383.47,6862.0
383.48,6813.0
383.5,6700.0
383.52,6568.0
383.53,6496.0
383.55,6340.0
383.57,6171.0
383.58,6082.0
383.6,5899.0
383.62,5711.0
383.63,5615.0
383.65,5424.0
383.67,5234.0
383.68,5140.0
383.7,4956.0
383.72,4779.0
383.73,4693.0
383.75,4529.0
383.76,4450.0
383.78,4302.0
383.8,4164.0
383.81,4099.0
383.83,3978.0
383.85,3868.0
383.86,3817.0
383.88,3722.0
383.9,3636.0
383.91,3596.0
383.93,3521.0
383.95,3451.0
383.96,3418.0
383.98,3355.0
384.0,3294.0
384.01,3264.0
384.03,3204.0
384.05,3144.0
384.06,3113.0
384.08,3049.0
384.1,2982.0
384.11,2948.0
384.13,2876.0
384.14,2838.0
384.16,2759.0
384.18,2677.0
384.19,2634.0
384.21,2545.0
384.23,2452.0
384.24,2405.0
384.26,2308.0
384.28,2208.0
384.29,2158.0
384.31,2057.0
384.33,1956.0
384.34,1905.0
384.36,1805.0
384.38,1707.0
384.39,1659.0
384.41,1565.0
384.43,1475.0
384.44,1432.0
384.46,1350.0
384.47,1311.0
384.49,1236.0
384.51,1168.0
384.52,1137.0
384.54,1079.0
384.56,1027.0
384.57,1004.0
384.59,962.8
384.61,928.3
384.62,913.4
384.64,888.5
384.66,869.5
384.67,862.1
384.69,851.3
384.71,845.4
384.72,844.0
384.74,844.2
384.76,847.8
384.77,850.6
384.79,858.0
384.81,867.0
384.82,872.0
384.84,882.4
384.85,887.8
384.87,898.2
384.89,907.9
384.9,912.3
384.92,920.1
384.94,925.9
384.95,928.0
384.97,930.4
384.99,930.2
385.0,929.1
385.02,924.6
385.04,917.3
385.05,912.6
385.07,901.0
385.09,886.7
385.1,878.6
385.12,860.7
385.14,840.6
385.15,830.0
385.17,807.4
385.19,783.8
385.2,771.6
385.22,747.0
385.23,734.6
385.25,710.0
385.27,685.9
385.28,674.3
385.3,652.0
385.32,631.3
385.33,621.7
385.35,604.3
385.37,589.5
385.38,583.1
385.4,572.7
385.42,565.6
385.43,563.4
385.45,561.6
385.47,563.5
385.48,565.9
385.5,573.6
385.52,585.2
385.53,592.4
385.55,609.8
385.57,631.1
385.58,643.1
385.6,670.0
385.61,684.7
385.63,716.7
385.65,752.0
385.66,770.7
385.68,810.3
385.7,852.5
385.71,874.4
385.73,919.8
385.75,966.7
385.76,990.7
385.78,1039.0
385.8,1088.0
385.81,1113.0
385.83,1162.0
385.85,1210.0
385.86,1234.0
385.88,1279.0
385.9,1323.0
385.91,1344.0
385.93,1383.0
385.94,1401.0
385.96,1435.0
385.98,1464.0
385.99,1477.0
386.01,1499.0
386.03,1516.0
386.04,1522.0
386.06,1530.0
386.08,1533.0
386.09,1532.0
386.11,1525.0
386.13,1513.0
386.14,1505.0
386.16,1484.0
386.18,1459.0
386.19,1444.0
386.21,1411.0
386.23,1375.0
386.24,1355.0
386.26,1313.0
386.28,1268.0
386.29,1245.0
386.31,1197.0
386.32,1173.0
386.34,1124.0
386.36,1074.0
386.37,1049.0
386.39,1000.0
386.41,952.4
386.42,928.8
386.44,882.9
386.46,839.0
386.47,817.8
386.49,777.3
386.51,739.4
386.52,721.5
386.54,687.7
386.56,656.8
386.57,642.5
386.59,616.1
386.61,592.7
386.62,582.1
386.64,563.2
386.66,547.3
386.67,540.5
386.69,529.1
386.7,524.5
386.72,517.4
386.74,513.3
386.75,512.4
386.77,512.6
386.79,515.6
386.8,518.2
386.82,525.6
386.84,535.6
386.85,541.7
386.87,555.8
386.89,572.5
386.9,581.8
386.92,602.2
386.94,624.7
386.95,636.8
386.97,662.2
386.99,689.3
387.0,703.4
387.02,732.3
387.04,761.9
387.05,776.9
387.07,807.0
387.08,822.0
387.1,851.5
387.12,880.0
387.13,893.8
387.15,920.2
387.17,944.7
387.18,956.1
387.2,976.9
387.22,994.9
387.23,1003.0
387.25,1016.0
387.27,1027.0
387.28,1030.0
387.3,1036.0
387.32,1038.0
387.33,1038.0
387.35,1035.0
387.37,1030.0
387.38,1027.0
387.4,1018.0
387.41,1013.0
387.43,1002.0
387.45,990.2
387.46,983.9
387.48,971.0
387.5,958.3
387.51,952.1
387.53,940.3
387.55,929.6
387.56,924.8
387.58,916.5
387.6,910.1
387.61,907.6
387.63,904.2
387.65,903.0
387.66,903.1
387.68,904.9
387.7,908.5
387.71,910.9
387.73,916.7
387.75,923.7
387.76,927.5
387.78,935.4
387.79,939.5
387.81,947.4
387.83,954.8
387.84,958.2
387.86,964.1
387.88,968.5
387.89,970.0
387.91,971.6
387.93,971.1
387.94,970.0
387.96,966.0
387.98,959.6
387.99,955.6
388.01,945.9
388.03,934.1
388.04,927.6
388.06,913.3
388.08,897.8
388.09,889.6
388.11,873.0
388.13,856.3
388.14,848.0
388.16,832.1
388.17,824.5
388.19,810.6
388.21,798.6
388.22,793.4
388.24,785.3
388.26,780.3
388.27,779.1
388.29,779.6
388.31,784.0
388.32,787.8
388.34,798.7
388.36,814.1
388.37,823.4
388.39,845.6
388.41,872.3
388.42,887.3
388.44,920.5
388.46,957.8
388.47,977.9
388.49,1021.0
388.51,1067.0
388.52,1091.0
388.54,1142.0
388.55,1168.0
388.57,1223.0
388.59,1279.0
388.6,1307.0
388.62,1365.0
388.64,1424.0
388.65,1454.0
388.67,1513.0
388.69,1573.0
388.7,1602.0
388.72,1661.0
388.74,1719.0
388.75,1748.0
388.77,1805.0
388.79,1860.0
388.8,1887.0
388.82,1940.0
388.84,1992.0
388.85,2016.0
388.87,2065.0
388.88,2088.0
388.9,2133.0
388.92,2175.0
388.93,2196.0
388.95,2234.0
388.97,2268.0
388.98,2284.0
389.0,2314.0
389.02,2339.0
389.03,2350.0
389.05,2368.0
389.07,2382.0
389.08,2387.0
389.1,2392.0
389.12,2392.0
389.13,2390.0
389.15,2381.0
389.17,2367.0
389.18,2357.0
389.2,2334.0
389.22,2304.0
389.23,2287.0
389.25,2250.0
389.26,2229.0
389.28,2184.0
389.3,2134.0
389.31,2108.0
389.33,2052.0
389.35,1994.0
389.36,1964.0
389.38,1902.0
389.4,1839.0
389.41,1807.0
389.43,1743.0
389.45,1679.0
389.46,1648.0
389.48,1585.0
389.5,1525.0
389.51,1495.0
389.53,1438.0
389.55,1383.0
389.56,1357.0
389.58,1306.0
389.6,1259.0
389.61,1237.0
389.63,1194.0
389.64,1174.0
389.66,1137.0
389.68,1103.0
389.69,1087.0
389.71,1058.0
389.73,1031.0
389.74,1019.0
389.76,997.5
389.78,978.5
389.79,970.1
389.81,955.3
389.83,943.3
389.84,938.3
389.86,930.6
389.88,925.7
389.89,924.5
389.91,924.3
389.93,927.4
389.94,930.3
389.96,938.9
389.98,951.6
389.99,959.5
390.01,978.8
390.02,990.2
390.04,1017.0
390.06,1049.0
390.07,1067.0
390.09,1108.0
390.11,1156.0
390.12,1182.0
390.14,1240.0
390.16,1304.0
390.17,1339.0
390.19,1415.0
390.21,1498.0
390.22,1542.0
390.24,1635.0
390.26,1736.0
390.27,1789.0
390.29,1898.0
390.31,2014.0
390.32,2074.0
390.34,2196.0
390.35,2258.0
390.37,2385.0
390.39,2513.0
390.4,2577.0
390.42,2705.0
390.44,2830.0
390.45,2891.0
390.47,3010.0
390.49,3123.0
390.5,3176.0
390.52,3276.0
390.54,3365.0
390.55,3405.0
390.57,3476.0
390.59,3533.0
390.6,3556.0
390.62,3591.0
390.64,3609.0
390.65,3612.0
390.67,3605.0
390.69,3581.0
390.7,3563.0
390.72,3514.0
390.73,3484.0
390.75,3412.0
390.77,3325.0
390.78,3276.0
390.8,3170.0
390.82,3052.0
390.83,2989.0
390.85,2857.0
390.87,2718.0
390.88,2646.0
390.9,2500.0
390.92,2350.0
390.93,2275.0
390.95,2125.0
390.97,1976.0
390.98,1902.0
391.0,1758.0
391.02,1619.0
391.03,1551.0
391.05,1421.0
391.07,1297.0
391.08,1239.0
391.1,1127.0
391.11,1075.0
391.13,976.4
391.15,886.7
391.16,845.1
391.18,768.6
391.2,700.7
391.21,669.9
391.23,614.4
391.25,566.7
391.26,545.6
391.28,508.7
391.3,478.4
391.31,465.6
391.33,444.1
391.35,427.9
391.36,421.6
391.38,412.1
391.4,406.5
391.41,404.9
391.43,404.1
391.44,404.7
391.46,407.6
391.48,412.5
391.49,415.5
391.51,422.5
391.53,430.6
391.54,434.9
391.56,443.9
391.58,453.3
391.59,458.1
391.61,467.6
391.63,477.0
391.64,481.6
391.66,490.6
391.68,499.3
391.69,503.5
391.71,511.5
391.73,519.1
391.74,522.8
391.76,529.7
391.78,536.3
391.79,539.5
391.81,545.7
391.82,548.6
391.84,554.5
391.86,560.2
391.87,563.0
391.89,568.5
391.91,574.1
391.92,576.9
391.94,582.5
391.96,588.1
391.97,591.0
391.99,596.7
392.01,602.4
392.02,605.2
392.04,610.8
392.06,616.3
392.07,618.9
392.09,624.0
392.11,628.7
392.12,630.8
392.14,634.8
392.16,638.1
392.17,639.5
392.19,641.8
392.2,642.6
392.22,643.7
392.24,643.9
392.25,643.7
392.27,642.7
392.29,640.9
392.3,639.7
392.32,636.9
392.34,633.6
392.35,631.8
392.37,628.1
392.39,624.3
392.4,622.4
392.42,619.0
392.44,616.2
392.45,615.2
392.47,613.9
392.49,614.0
392.5,614.7
392.52,617.6
392.54,622.7
392.55,626.2
392.57,635.3
392.58,641.0
392.6,654.9
392.62,672.4
392.63,682.6
392.65,706.2
392.67,734.1
392.68,749.8
392.7,784.9
392.72,825.2
392.73,847.4
392.75,896.0
392.77,950.5
392.78,980.2
392.8,1044.0
392.82,1115.0
392.83,1153.0
392.85,1235.0
392.87,1324.0
392.88,1371.0
392.9,1472.0
392.91,1526.0
392.93,1639.0
392.95,1761.0
392.96,1826.0
392.98,1961.0
393.0,2105.0
393.01,2181.0
393.03,2338.0
393.05,2504.0
393.06,2590.0
393.08,2767.0
393.1,2951.0
393.11,3046.0
393.13,3239.0
393.15,3436.0
393.16,3535.0
393.18,3736.0
393.2,3937.0
393.21,4036.0
393.23,4234.0
393.25,4426.0
393.26,4520.0
393.28,4700.0
393.29,4787.0
393.31,4950.0
393.33,5100.0
393.34,5168.0
393.36,5292.0
393.38,5397.0
393.39,5441.0
393.41,5514.0
393.43,5563.0
393.44,5579.0
393.46,5592.0
393.48,5581.0
393.49,5566.0
393.51,5519.0
393.53,5448.0
393.54,5404.0
393.56,5302.0
393.58,5180.0
393.59,5113.0
393.61,4969.0
393.63,4812.0
393.64,4731.0
393.66,4564.0
393.67,4479.0
393.69,4310.0
393.71,4146.0
393.72,4067.0
393.74,3918.0
393.76,3785.0
393.77,3726.0
393.79,3627.0
393.81,3556.0
393.82,3533.0
393.84,3515.0
393.86,3538.0
393.87,3566.0
393.89,3659.0
393.91,3804.0
393.92,3898.0
393.94,4129.0
393.96,4422.0
393.97,4592.0
393.99,4982.0
394.01,5439.0
394.02,5693.0
394.04,6254.0
394.05,6559.0
394.07,7222.0
394.09,7950.0
394.1,8338.0
394.12,9160.0
394.14,10040.0
394.15,10500.0
394.17,11450.0
394.19,12440.0
394.2,12950.0
394.22,13980.0
394.24,15030.0
394.25,15560.0
394.27,16610.0
394.29,17640.0
394.3,18150.0
394.32,19140.0
394.34,20090.0
394.35,20540.0
394.37,21400.0
394.38,21790.0
394.4,22530.0
394.42,23180.0
394.43,23460.0
394.45,23950.0
394.47,24340.0
394.48,24490.0
394.5,24700.0
394.52,24790.0
394.53,24790.0
394.55,24710.0
394.57,24520.0
394.58,24390.0
394.6,24040.0
394.62,23600.0
394.63,23340.0
394.65,22780.0
394.67,22140.0
394.68,21800.0
394.7,21070.0
394.72,20310.0
394.73,19910.0
394.75,19110.0
394.76,18700.0
394.78,17880.0
394.8,17060.0
394.81,16660.0
394.83,15860.0
394.85,15090.0
394.86,14710.0
394.88,13980.0
394.9,13280.0
394.91,12950.0
394.93,12310.0
394.95,11710.0
394.96,11420.0
394.98,10870.0
395.0,10370.0
395.01,10120.0
395.03,9665.0
395.05,9235.0
395.06,9031.0
395.08,8639.0
395.1,8268.0
395.11,8090.0
395.13,7745.0
395.14,7578.0
395.16,7252.0
395.18,6936.0
395.19,6781.0
395.21,6476.0
395.23,6179.0
395.24,6032.0
395.26,5744.0
395.28,5462.0
395.29,5325.0
395.31,5056.0
395.33,4798.0
395.34,4673.0
395.36,4436.0
395.38,4216.0
395.39,4113.0
395.41,3926.0
395.43,3766.0
395.44,3697.0
395.46,3586.0
395.48,3514.0
395.49,3493.0
395.51,3489.0
395.52,3506.0
395.54,3582.0
395.56,3719.0
395.57,3812.0
395.59,4053.0
395.61,4371.0
395.62,4560.0
395.64,5005.0
395.66,5543.0
395.67,5849.0
395.69,6536.0
395.71,7330.0
395.72,7769.0
395.74,8731.0
395.76,9809.0
395.77,10390.0
395.79,11650.0
395.81,13020.0
395.82,13750.0
395.84,15290.0
395.85,16100.0
395.87,17810.0
395.89,19600.0
395.9,20530.0
395.92,22450.0
395.94,24440.0
395.95,25450.0
395.97,27490.0
395.99,29550.0
396.0,30590.0
396.02,32630.0
396.04,34640.0
396.05,35620.0
396.07,37530.0
396.09,39330.0
396.1,40180.0
396.12,41790.0
396.14,43230.0
396.15,43890.0
396.17,45050.0
396.19,46010.0
396.2,46400.0
396.22,47020.0
396.23,47240.0
396.25,47490.0
396.27,47500.0
396.28,47420.0
396.3,47060.0
396.32,46470.0
396.33,46090.0
396.35,45170.0
396.37,44030.0
396.38,43400.0
396.4,41990.0
396.42,40430.0
396.43,39600.0
396.45,37850.0
396.47,36000.0
396.48,35050.0
396.5,33100.0
396.52,31120.0
396.53,30130.0
396.55,28140.0
396.57,26180.0
396.58,25210.0
396.6,23310.0
396.61,22390.0
396.63,20600.0
396.65,18890.0
396.66,18070.0
396.68,16510.0
396.7,15050.0
396.71,14370.0
396.73,13070.0
396.75,11880.0
396.76,11330.0
396.78,10300.0
396.8,9374.0
396.81,8947.0
396.83,8162.0
396.85,7463.0
396.86,7144.0
396.88,6561.0
396.9,6047.0
396.91,5812.0
396.93,5385.0
396.95,5007.0
396.96,4834.0
396.98,4517.0
396.99,4371.0
397.01,4101.0
397.03,3856.0
397.04,3742.0
397.06,3526.0
397.08,3325.0
397.09,3229.0
397.11,3044.0
397.13,2868.0
397.14,2783.0
397.16,2617.0
397.18,2456.0
397.19,2377.0
397.21,2223.0
397.23,2074.0
397.24,2001.0
397.26,1859.0
397.28,1721.0
397.29,1655.0
397.31,1525.0
397.32,1463.0
397.34,1342.0
397.36,1228.0
397.37,1173.0
397.39,1069.0
397.41,972.4
397.42,926.7
397.44,840.8
397.46,762.3
397.47,725.9
397.49,658.7
397.51,599.0
397.52,572.0
397.54,523.4
397.56,482.2
397.57,464.3
397.59,434.1
397.61,411.1
397.62,402.4
397.64,390.3
397.66,385.5
397.67,385.9
397.69,392.3
397.7,398.3
397.72,416.2
397.74,442.0
397.75,457.9
397.77,496.0
397.79,542.6
397.8,569.1
397.82,628.9
397.84,697.7
397.85,735.6
397.87,818.3
397.89,910.3
397.9,959.8
397.92,1066.0
397.94,1180.0
397.95,1241.0
397.97,1369.0
397.99,1504.0
398.0,1575.0
398.02,1721.0
398.04,1872.0
398.05,1950.0
398.07,2107.0
398.08,2187.0
398.1,2348.0
398.12,2510.0
398.13,2590.0
398.15,2749.0
398.17,2903.0
398.18,2979.0
398.2,3124.0
398.22,3261.0
398.23,3326.0
398.25,3449.0
398.27,3559.0
398.28,3609.0
398.3,3699.0
398.32,3775.0
398.33,3807.0
398.35,3861.0
398.37,3898.0
398.38,3911.0
398.4,3926.0
398.42,3926.0
398.43,3921.0
398.45,3900.0
398.46,3885.0
398.48,3846.0
398.5,3797.0
398.51,3769.0
398.53,3706.0
398.55,3636.0
398.56,3600.0
398.58,3523.0
398.6,3443.0
398.61,3402.0
398.63,3320.0
398.65,3238.0
398.66,3197.0
398.68,3117.0
398.7,3039.0
398.71,3001.0
398.73,2927.0
398.75,2857.0
398.76,2823.0
398.78,2757.0
398.79,2725.0
398.81,2663.0
398.83,2604.0
398.84,2575.0
398.86,2518.0
398.88,2462.0
398.89,2434.0
398.91,2378.0
398.93,2322.0
398.94,2294.0
398.96,2236.0
398.98,2177.0
398.99,2146.0
399.01,2085.0
399.03,2021.0
399.04,1988.0
399.06,1922.0
399.08,1855.0
399.09,1820.0
399.11,1751.0
399.13,1682.0
399.14,1648.0
399.16,1579.0
399.17,1545.0
399.19,1479.0
399.21,1414.0
399.22,1383.0
399.24,1323.0
399.26,1267.0
399.27,1240.0
399.29,1190.0
399.31,1145.0
399.32,1124.0
399.34,1087.0
399.36,1054.0
399.37,1040.0
399.39,1016.0
399.41,996.4
399.42,988.5
399.44,976.3
399.46,968.3
399.47,965.7
399.49,963.3
399.51,963.8
399.52,965.0
399.54,968.8
399.55,971.3
399.57,977.1
399.59,983.5
399.6,986.6
399.62,992.5
399.64,997.5
399.65,999.5
399.67,1002.0
399.69,1003.0
399.7,1002.0
399.72,998.5
399.74,992.2
399.75,988.0
399.77,977.2
399.79,963.3
399.8,955.2
399.82,936.7
399.84,915.3
399.85,903.6
399.87,878.2
399.89,850.5
399.9,835.8
399.92,805.2
399.93,789.3
399.95,756.5
399.97,722.8
399.98,705.7
400.0,671.3
400.02,636.9
400.03,619.8
400.05,586.1
400.07,553.3
400.08,537.3
400.1,506.4
400.12,477.2
400.13,463.3
400.15,436.9
400.17,412.7
400.18,401.5
400.2,380.8
400.22,362.7
400.23,354.5
400.25,340.2
400.26,334.0
400.28,323.5
400.3,315.5
400.31,312.4
400.33,308.1
400.35,306.1
400.36,305.9
400.38,307.0
400.4,310.1
400.41,312.3
400.43,317.9
400.45,325.0
400.46,329.0
400.48,337.7
400.5,347.4
400.51,352.5
400.53,363.1
400.55,374.0
400.56,379.4
400.58,390.4
400.6,401.0
400.61,406.2
400.63,416.2
400.64,420.9
400.66,429.7
400.68,437.5
400.69,441.1
400.71,447.2
400.73,452.0
400.74,453.9
400.76,456.7
400.78,458.0
400.79,458.0
400.81,457.1
400.83,454.6
400.84,452.7
400.86,448.0
400.88,441.8
400.89,438.2
400.91,430.0
400.93,420.6
400.94,415.4
400.96,404.3
400.98,392.3
400.99,386.0
401.01,372.7
401.02,365.9
401.04,351.8
401.06,337.3
401.07,330.0
401.09,315.2
401.11,300.4
401.12,293.0
401.14,278.4
401.16,264.0
401.17,256.9
401.19,243.2
401.21,230.0
401.22,223.6
401.24,211.3
401.26,199.6
401.27,194.1
401.29,183.6
401.31,173.8
401.32,169.2
401.34,160.6
401.36,152.8
401.37,149.1
401.39,142.4
401.4,139.3
401.42,133.5
401.44,128.4
401.45,126.0
401.47,121.7
401.49,117.9
401.5,116.2
401.52,113.0
401.54,110.2
401.55,108.9
401.57,106.4
401.59,104.3
401.6,103.3
401.62,101.4
401.64,99.59
401.65,98.75
401.67,97.14
401.69,95.61
401.7,94.87
401.72,93.44
401.73,92.74
401.75,91.39
401.77,90.1
401.78,89.48
401.8,88.27
401.82,87.15
401.83,86.61
401.85,85.61
401.87,84.72
401.88,84.31
401.9,83.59
401.92,83.01
401.93,82.77
401.95,82.42
401.97,82.23
401.98,82.19
402.0,82.26
402.02,82.5
402.03,82.69
402.05,83.21
402.07,83.9
402.08,84.32
402.1,85.27
402.11,85.82
402.13,87.02
402.15,88.38
402.16,89.11
402.18,90.68
402.2,92.37
402.21,93.26
402.23,95.12
402.25,97.07
402.26,98.09
402.28,100.2
402.3,102.4
402.31,103.5
402.33,105.8
402.35,108.2
402.36,109.4
402.38,111.9
402.4,114.6
402.41,116.0
402.43,118.9
402.45,122.1
402.46,123.7
402.48,127.3
402.49,129.2
402.51,133.3
402.53,137.8
402.54,140.3
402.56,145.7
402.58,151.8
402.59,155.2
402.61,162.5
402.63,170.8
402.64,175.3
402.66,185.2
402.68,196.4
402.69,202.5
402.71,215.7
402.73,230.5
402.74,238.4
402.76,255.6
402.78,274.4
402.79,284.5
402.81,305.9
402.82,317.2
402.84,341.2
402.86,366.9
402.87,380.3
402.89,408.3
402.91,437.7
402.92,452.9
402.94,484.0
402.96,516.0
402.97,532.3
402.99,565.1
403.01,598.1
403.02,614.6
403.04,647.1
403.06,679.0
403.07,694.5
403.09,724.6
403.11,753.0
403.12,766.4
403.14,791.6
403.16,814.2
403.17,824.4
403.19,842.5
403.2,850.4
403.22,863.5
403.24,873.0
403.25,876.4
403.27,880.3
403.29,880.3
403.3,878.9
403.32,873.2
403.34,863.8
403.35,857.7
403.37,843.0
403.39,825.1
403.4,815.0
403.42,792.8
403.44,768.1
403.45,754.9
403.47,727.2
403.49,697.9
403.5,682.9
403.52,652.1
403.54,620.7
403.55,605.0
403.57,573.6
403.58,558.1
403.6,527.4
403.62,497.8
403.63,483.4
403.65,455.6
403.67,429.6
403.68,417.2
403.7,393.9
403.72,372.8
403.73,363.1
403.75,345.4
403.77,330.0
403.78,323.3
403.8,311.7
403.82,302.6
403.83,299.0
403.85,293.7
403.87,291.0
403.88,290.5
403.9,291.6
403.92,295.2
403.93,297.9
403.95,305.4
403.96,310.1
403.98,321.4
404.0,335.4
404.01,343.4
404.03,361.5
404.05,382.5
404.06,394.1
404.08,419.7
404.1,448.3
404.11,463.9
404.13,497.6
404.15,534.7
404.16,554.7
404.18,597.3
404.2,643.6
404.21,668.2
404.23,720.3
404.25,776.0
404.26,805.3
404.28,866.6
404.29,898.5
404.31,964.8
404.33,1034.0
404.34,1070.0
404.36,1143.0
404.38,1218.0
404.39,1256.0
404.41,1332.0
404.43,1409.0
404.44,1447.0
404.46,1523.0
404.48,1596.0
404.49,1632.0
404.51,1701.0
404.53,1766.0
404.54,1797.0
404.56,1854.0
404.58,1905.0
404.59,1928.0
404.61,1967.0
404.63,1999.0
404.64,2012.0
404.66,2031.0
404.67,2037.0
404.69,2042.0
404.71,2038.0
404.72,2032.0
404.74,2013.0
404.76,1986.0
404.77,1969.0
404.79,1928.0
404.81,1880.0
404.82,1853.0
404.84,1794.0
404.86,1730.0
404.87,1695.0
404.89,1623.0
404.91,1547.0
404.92,1508.0
404.94,1429.0
404.96,1348.0
404.97,1308.0
404.99,1227.0
405.01,1147.0
405.02,1108.0
405.04,1031.0
405.05,993.7
405.07,921.3
405.09,852.6
405.1,819.7
405.12,757.2
405.14,699.2
405.15,671.9
405.17,620.9
405.19,574.6
405.2,553.3
405.22,514.0
405.24,479.2
405.25,463.5
405.27,435.0
405.29,410.4
405.3,399.4
405.32,380.0
405.34,363.7
405.35,356.5
405.37,344.0
405.39,333.7
405.4,329.2
405.42,321.5
405.43,318.1
405.45,312.3
405.47,307.4
405.48,305.3
405.5,301.4
405.52,297.9
405.53,296.3
405.55,293.2
405.57,290.3
405.58,288.8
405.6,286.0
405.62,283.4
405.63,282.1
405.65,279.6
405.67,277.5
405.68,276.5
405.7,275.0
405.72,274.0
405.73,273.9
405.75,274.1
405.76,274.7
405.78,276.6
405.8,279.9
405.81,282.1
405.83,287.7
405.85,295.3
405.86,299.8
405.88,310.4
405.9,323.4
405.91,330.8
405.93,347.5
405.95,366.8
405.96,377.5
405.98,401.0
406.0,427.2
406.01,441.3
406.03,471.7
406.05,504.7
406.06,522.2
406.08,559.0
406.1,598.0
406.11,618.3
406.13,660.2
406.14,681.8
406.16,725.9
406.18,771.0
406.19,793.7
406.21,839.4
406.23,884.9
406.24,907.5
406.26,951.8
406.28,994.7
406.29,1015.0
406.31,1055.0
406.33,1092.0
406.34,1110.0
406.36,1142.0
406.38,1170.0
406.39,1183.0
406.41,1205.0
406.43,1223.0
406.44,1230.0
406.46,1241.0
406.48,1247.0
406.49,1248.0
406.51,1247.0
406.52,1245.0
406.54,1237.0
406.56,1225.0
406.57,1218.0
406.59,1200.0
406.61,1180.0
406.62,1169.0
406.64,1145.0
406.66,1119.0
406.67,1105.0
406.69,1078.0
406.71,1050.0
406.72,1036.0
406.74,1008.0
406.76,982.0
406.77,969.4
406.79,945.5
406.81,923.8
406.82,913.9
406.84,896.2
406.86,881.5
406.87,875.4
406.89,865.7
406.9,862.1
406.92,857.6
406.94,856.6
406.95,857.4
406.97,861.6
406.99,869.0
407.0,873.9
407.02,886.0
407.04,900.8
407.05,909.2
407.07,927.9
407.09,948.6
407.1,959.7
407.12,983.3
407.14,1008.0
407.15,1021.0
407.17,1048.0
407.19,1076.0
407.2,1091.0
407.22,1120.0
407.23,1135.0
407.25,1166.0
407.27,1197.0
407.28,1213.0
407.3,1246.0
407.32,1280.0
407.33,1297.0
407.35,1333.0
407.37,1369.0
407.38,1388.0
407.4,1427.0
407.42,1468.0
407.43,1489.0
407.45,1533.0
407.47,1578.0
407.48,1601.0
407.5,1648.0
407.52,1697.0
407.53,1721.0
407.55,1772.0
407.57,1822.0
407.58,1848.0
407.6,1898.0
407.61,1923.0
407.63,1972.0
407.65,2019.0
407.66,2042.0
407.68,2084.0
407.7,2123.0
407.71,2141.0
407.73,2173.0
407.75,2200.0
407.76,2211.0
407.78,2228.0
407.8,2237.0
407.81,2240.0
407.83,2238.0
407.85,2229.0
407.86,2222.0
407.88,2201.0
407.9,2172.0
407.91,2155.0
407.93,2116.0
407.95,2069.0
407.96,2044.0
407.98,1989.0
407.99,1959.0
408.01,1896.0
408.03,1830.0
408.04,1796.0
408.06,1726.0
408.08,1654.0
408.09,1618.0
408.11,1547.0
408.13,1476.0
408.14,1441.0
408.16,1374.0
408.18,1310.0
408.19,1279.0
408.21,1222.0
408.23,1169.0
408.24,1144.0
408.26,1100.0
408.28,1061.0
408.29,1044.0
408.31,1014.0
408.33,990.5
408.34,981.1
408.36,966.7
408.37,961.8
408.39,956.0
408.41,955.6
408.42,957.2
408.44,963.8
408.46,974.5
408.47,981.2
408.49,996.9
408.51,1015.0
408.52,1025.0
408.54,1046.0
408.56,1067.0
408.57,1078.0
408.59,1099.0
408.61,1120.0
408.62,1130.0
408.64,1148.0
408.66,1164.0
408.67,1170.0
408.69,1182.0
408.7,1186.0
408.72,1192.0
408.74,1194.0
408.75,1193.0
408.77,1189.0
408.79,1180.0
408.8,1174.0
408.82,1158.0
408.84,1138.0
408.85,1126.0
408.87,1100.0
408.89,1070.0
408.9,1053.0
408.92,1018.0
408.94,979.9
408.95,959.7
408.97,917.8
408.99,873.9
409.0,851.4
409.02,805.5
409.04,758.9
409.05,735.5
409.07,688.6
409.08,665.3
409.1,619.1
409.12,573.8
409.13,551.6
409.15,508.4
409.17,466.8
409.18,446.8
409.2,408.2
409.22,371.8
409.23,354.4
409.25,321.6
409.27,291.2
409.28,276.9
409.3,250.2
409.32,226.1
409.33,214.9
409.35,194.4
409.37,176.3
409.38,168.1
409.4,153.4
409.42,141.0
409.43,135.6
409.45,126.3
409.46,122.5
409.48,116.3
409.5,112.1
409.51,110.8
409.53,109.6
409.55,110.5
409.56,111.7
409.58,115.6
409.6,121.8
409.61,125.7
409.63,135.2
409.65,147.3
409.66,154.3
409.68,170.3
409.7,189.3
409.71,199.9
409.73,223.6
409.75,250.6
409.76,265.5
409.78,298.1
409.8,334.5
409.81,354.2
409.83,396.7
409.84,419.6
409.86,468.4
409.88,521.6
409.89,549.8
409.91,609.3
409.93,673.0
409.94,706.3
409.96,775.8
409.98,848.8
409.99,886.5
410.01,964.0
410.03,1044.0
410.04,1085.0
410.06,1167.0
410.08,1250.0
410.09,1291.0
410.11,1374.0
410.13,1456.0
410.14,1496.0
410.16,1573.0
410.17,1611.0
410.19,1684.0
410.21,1751.0
410.22,1783.0
410.24,1842.0
410.26,1894.0
410.27,1917.0
410.29,1957.0
410.31,1990.0
410.32,2003.0
410.34,2022.0
410.36,2032.0
410.37,2033.0
410.39,2030.0
410.41,2017.0
410.42,2007.0
410.44,1982.0
410.46,1948.0
410.47,1928.0
410.49,1882.0
410.51,1830.0
410.52,1802.0
410.54,1741.0
410.55,1709.0
410.57,1642.0
410.59,1570.0
410.6,1534.0
410.62,1459.0
410.64,1383.0
410.65,1345.0
410.67,1268.0
410.69,1192.0
410.7,1155.0
410.72,1081.0
410.74,1009.0
410.75,973.7
410.77,905.6
410.79,840.5
410.8,809.2
410.82,749.1
410.84,692.5
410.85,665.6
410.87,614.4
410.89,566.9
410.9,544.4
410.92,502.2
410.93,482.3
410.95,445.0
410.97,410.8
410.98,394.8
411.0,365.0
411.02,337.7
411.03,325.0
411.05,301.3
411.07,279.7
411.08,269.7
411.1,250.9
411.12,233.8
411.13,225.8
411.15,210.8
411.17,197.2
411.18,190.8
411.2,178.9
411.22,168.1
411.23,163.0
411.25,153.5
411.26,149.1
411.28,140.9
411.3,133.6
411.31,130.2
411.33,124.0
411.35,118.5
411.36,116.0
411.38,111.7
411.4,108.1
411.41,106.5
411.43,104.0
411.45,102.3
411.46,101.7
411.48,101.1
411.5,101.3
411.51,101.7
411.53,103.1
411.55,105.3
411.56,106.8
411.58,110.4
411.6,114.8
411.61,117.4
411.63,123.4
411.64,126.7
411.66,134.2
411.68,142.8
411.69,147.5
411.71,157.9
411.73,169.5
411.74,175.8
411.76,189.4
411.78,204.6
411.79,212.7
411.81,230.2
411.83,249.4
411.84,259.7
411.86,281.7
411.88,305.6
411.89,318.3
411.91,345.4
411.93,374.6
411.94,390.1
411.96,422.7
411.98,457.7
411.99,476.1
412.01,514.7
412.02,534.9
412.04,577.1
412.06,621.6
412.07,644.7
412.09,692.7
412.11,742.7
412.12,768.5
412.14,821.5
412.16,876.2
412.17,904.1
412.19,961.0
412.21,1019.0
412.22,1048.0
412.24,1108.0
412.26,1168.0
412.27,1198.0
412.29,1258.0
412.31,1318.0
412.32,1348.0
412.34,1407.0
412.36,1466.0
412.37,1495.0
412.39,1553.0
412.4,1581.0
412.42,1637.0
412.44,1691.0
412.45,1717.0
412.47,1769.0
412.49,1820.0
412.5,1845.0
412.52,1893.0
412.54,1939.0
412.55,1962.0
412.57,2005.0
412.59,2047.0
412.6,2068.0
412.62,2106.0
412.64,2143.0
412.65,2161.0
412.67,2194.0
412.69,2225.0
412.7,2239.0
412.72,2265.0
412.73,2277.0
412.75,2299.0
412.77,2316.0
412.78,2323.0
412.8,2335.0
412.82,2341.0
412.83,2343.0
412.85,2342.0
412.87,2337.0
412.88,2332.0
412.9,2317.0
412.92,2297.0
412.93,2285.0
412.95,2256.0
412.97,2222.0
412.98,2202.0
413.0,2159.0
413.02,2111.0
413.03,2085.0
413.05,2029.0
413.07,1969.0
413.08,1937.0
413.1,1870.0
413.11,1836.0
413.13,1765.0
413.15,1691.0
413.16,1654.0
413.18,1578.0
413.2,1501.0
413.21,1462.0
413.23,1385.0
413.25,1308.0
413.26,1270.0
413.28,1195.0
413.3,1122.0
413.31,1086.0
413.33,1016.0
413.35,948.7
413.36,916.1
413.38,853.2
413.4,793.6
413.41,765.1
413.43,710.6
413.45,659.7
413.46,635.6
413.48,590.2
413.49,568.9
413.51,529.0
413.53,492.8
413.54,476.0
413.56,445.3
413.58,418.1
413.59,405.9
413.61,384.2
413.63,366.0
413.64,358.3
413.66,345.6
413.68,336.4
413.69,333.2
413.71,329.6
413.73,329.7
413.74,331.2
413.76,337.1
413.78,346.9
413.79,353.3
413.81,369.2
413.83,389.2
413.84,400.8
413.86,427.2
413.87,442.0
413.89,474.8
413.91,511.9
413.92,532.1
413.94,575.5
413.96,623.0
413.97,648.3
413.99,701.6
414.01,758.4
414.02,788.1
414.04,849.6
414.06,913.6
414.07,946.5
414.09,1014.0
414.11,1082.0
414.12,1116.0
414.14,1185.0
414.16,1253.0
414.17,1287.0
414.19,1353.0
414.2,1386.0
414.22,1448.0
414.24,1507.0
414.25,1535.0
414.27,1587.0
414.29,1634.0
414.3,1655.0
414.32,1693.0
414.34,1723.0
414.35,1736.0
414.37,1756.0
414.39,1768.0
414.4,1772.0
414.42,1772.0
414.44,1765.0
414.45,1758.0
414.47,1739.0
414.49,1713.0
414.5,1697.0
414.52,1661.0
414.54,1618.0
414.55,1595.0
414.57,1545.0
414.58,1518.0
414.6,1461.0
414.62,1401.0
414.63,1370.0
414.65,1307.0
414.67,1242.0
414.68,1210.0
414.7,1145.0
414.72,1080.0
414.73,1049.0
414.75,987.0
414.77,927.5
414.78,898.7
414.8,843.7
414.82,792.1
414.83,767.7
414.85,722.0
414.87,680.5
414.88,661.3
414.9,626.3
414.92,595.6
414.93,581.8
414.95,557.5
414.96,546.9
414.98,528.6
415.0,514.1
415.01,508.1
415.03,498.6
415.05,492.1
415.06,489.9
415.08,487.2
415.1,486.5
415.11,486.9
415.13,488.6
415.15,491.5
415.16,493.3
415.18,497.3
415.2,501.5
415.21,503.6
415.23,507.7
415.25,511.3
415.26,512.9
415.28,515.5
415.3,517.2
415.31,517.6
415.33,517.6
415.34,517.1
415.36,515.2
415.38,512.0
415.39,509.9
415.41,504.8
415.43,498.3
415.44,494.6
415.46,486.3
415.48,476.9
415.49,471.8
415.51,460.9
415.53,449.2
415.54,443.0
415.56,430.3
415.58,417.0
415.59,410.2
415.61,396.4
415.63,382.4
415.64,375.3
415.66,361.3
415.67,354.3
415.69,340.4
415.71,326.8
415.72,320.1
415.74,307.0
415.76,294.4
415.77,288.3
415.79,276.6
415.81,265.4
415.82,260.1
415.84,249.9
415.86,240.5
415.87,236.0
415.89,227.7
415.91,220.1
415.92,216.6
415.94,210.2
415.96,204.6
415.97,202.1
415.99,197.6
416.01,194.0
416.02,192.4
416.04,189.9
416.05,188.9
416.07,187.4
416.09,186.7
416.1,186.6
416.12,186.9
416.14,187.8
416.15,188.5
416.17,190.4
416.19,192.8
416.2,194.2
416.22,197.5
416.24,201.2
416.25,203.3
416.27,207.7
416.29,212.6
416.3,215.2
416.32,220.6
416.34,226.3
416.35,229.3
416.37,235.5
416.39,241.9
416.4,245.2
416.42,251.9
416.43,255.4
416.45,262.3
416.47,269.4
416.48,273.0
416.5,280.2
416.52,287.4
416.53,291.0
416.55,298.2
416.57,305.3
416.58,308.9
416.6,315.8
416.62,322.6
416.63,325.9
416.65,332.3
416.67,338.5
416.68,341.4
416.7,347.2
416.72,352.6
416.73,355.2
416.75,360.2
416.77,364.8
416.78,367.1
416.8,371.4
416.81,373.4
416.83,377.5
416.85,381.6
416.86,383.7
416.88,388.0
416.9,392.7
416.91,395.3
416.93,401.1
416.95,407.8
416.96,411.7
416.98,420.6
417.0,431.4
417.01,437.7
417.03,452.2
417.05,469.7
417.06,479.8
417.08,502.9
417.1,530.4
417.11,546.0
417.13,581.3
417.14,601.1
417.16,645.7
417.18,697.2
417.19,725.7
417.21,789.0
417.23,860.8
417.24,900.2
417.26,986.2
417.28,1082.0
417.29,1134.0
417.31,1246.0
417.33,1370.0
417.34,1435.0
417.36,1576.0
417.38,1728.0
417.39,1808.0
417.41,1977.0
417.43,2156.0
417.44,2250.0
417.46,2445.0
417.48,2648.0
417.49,2753.0
417.51,2968.0
417.52,3078.0
417.54,3300.0
417.56,3526.0
417.57,3640.0
417.59,3867.0
417.61,4092.0
417.62,4203.0
417.64,4420.0
417.66,4630.0
417.67,4731.0
417.69,4924.0
417.71,5104.0
417.72,5187.0
417.74,5342.0
417.76,5477.0
417.77,5536.0
417.79,5639.0
417.81,5718.0
417.82,5749.0
417.84,5791.0
417.86,5807.0
417.87,5806.0
417.89,5783.0
417.9,5762.0
417.92,5701.0
417.94,5615.0
417.95,5564.0
417.97,5443.0
417.99,5301.0
418.0,5223.0
418.02,5053.0
418.04,4867.0
418.05,4768.0
418.07,4562.0
418.09,4346.0
418.1,4235.0
418.12,4007.0
418.14,3776.0
418.15,3660.0
418.17,3427.0
418.19,3195.0
418.2,3081.0
418.22,2856.0
418.24,2637.0
418.25,2530.0
418.27,2323.0
418.28,2223.0
418.3,2031.0
418.32,1850.0
418.33,1764.0
418.35,1600.0
418.37,1449.0
418.38,1377.0
418.4,1244.0
418.42,1122.0
418.43,1066.0
418.45,961.8
418.47,868.6
418.48,825.9
418.5,748.2
418.52,679.8
418.53,649.0
418.55,593.6
418.57,545.8
418.58,524.6
418.6,487.0
418.61,470.4
418.63,441.3
418.65,417.1
418.66,406.6
418.68,388.4
418.7,373.5
418.71,367.2
418.73,356.3
418.75,347.4
418.76,343.7
418.78,337.2
418.8,331.8
418.81,329.4
418.83,325.1
418.85,321.3
418.86,319.5
418.88,316.1
418.9,312.8
418.91,311.1
418.93,307.8
418.95,304.3
418.96,302.6
418.98,299.1
418.99,297.3
419.01,293.8
419.03,290.3
419.04,288.6
419.06,285.3
419.08,282.4
419.09,281.0
419.11,278.7
419.13,276.9
419.14,276.3
419.16,275.6
419.18,275.8
419.19,276.3
419.21,278.1
419.23,281.0
419.24,283.0
419.26,287.9
419.28,294.2
419.29,297.9
419.31,306.4
419.33,316.5
419.34,322.1
419.36,334.6
419.37,341.5
419.39,356.4
419.41,372.8
419.42,381.6
419.44,400.3
419.46,420.3
419.47,430.8
419.49,452.8
419.51,475.8
419.52,487.7
419.54,512.0
419.56,537.1
419.57,549.8
419.59,575.4
419.61,601.3
419.62,614.2
419.64,639.8
419.66,665.1
419.67,677.6
419.69,701.9
419.71,725.3
419.72,736.7
419.74,758.4
419.75,768.7
419.77,788.3
419.79,806.3
419.8,814.7
419.82,830.1
419.84,843.6
419.85,849.6
419.87,860.2
419.89,868.9
419.9,872.4
419.92,878.1
419.94,881.7
419.95,882.8
419.97,883.7
419.99,882.7
420.0,881.6
420.02,878.2
420.04,873.2
420.05,870.1
420.07,863.1
420.08,859.1
420.1,850.2
420.12,840.4
420.13,835.1
420.15,823.9
420.17,812.1
420.18,805.9
420.2,793.1
420.22,779.9
420.23,773.2
420.25,759.4
420.27,745.3
420.28,738.2
420.3,723.8
420.32,709.2
420.33,701.8
420.35,687.0
420.37,671.9
420.38,664.3
420.4,649.0
420.42,633.5
420.43,625.7
420.45,609.9
420.46,601.8
420.48,585.7
420.5,569.2
420.51,560.9
420.53,544.0
420.55,526.9
420.56,518.2
420.58,500.7
420.6,483.0
420.61,474.0
420.63,456.0
420.65,437.8
420.66,428.7
420.68,410.4
420.7,392.1
420.71,383.0
420.73,364.8
420.75,346.8
420.76,337.9
420.78,320.3
420.8,303.1
420.81,294.6
420.83,278.0
420.84,269.9
420.86,254.0
420.88,238.8
420.89,231.4
420.91,217.2
420.93,203.7
420.94,197.2
420.96,184.7
420.98,173.0
420.99,167.4
421.01,156.8
421.03,146.9
421.04,142.3
421.06,133.5
421.08,125.4
421.09,121.6
421.11,114.5
421.13,108.1
421.14,105.0
421.16,99.45
421.17,96.86
421.19,92.06
421.21,87.75
421.22,85.78
421.24,82.16
421.26,78.97
421.27,77.52
421.29,74.92
421.31,72.69
421.32,71.71
421.34,70.01
421.36,68.66
421.37,68.1
421.39,67.24
421.41,66.7
421.42,66.55
421.44,66.48
421.46,66.74
421.47,66.98
421.49,67.71
421.51,68.74
421.52,69.38
421.54,70.87
421.55,71.73
421.57,73.67
421.59,75.91
421.6,77.13
421.62,79.77
421.64,82.67
421.65,84.21
421.67,87.46
421.69,90.93
421.7,92.74
421.72,96.48
421.74,100.4
421.75,102.4
421.77,106.5
421.79,110.7
421.8,112.8
421.82,117.1
421.84,121.5
421.85,123.7
421.87,128.1
421.89,132.5
421.9,134.7
421.92,139.2
421.93,141.4
421.95,145.9
421.97,150.5
421.98,152.8
422.0,157.5
422.02,162.3
422.03,164.8
422.05,169.9
422.07,175.3
422.08,178.1
422.1,184.0
422.12,190.3
422.13,193.7
422.15,200.8
422.17,208.5
422.18,212.6
422.2,221.5
422.22,231.1
422.23,236.2
422.25,247.2
422.27,259.1
422.28,265.5
422.3,278.9
422.31,286.0
422.33,301.1
422.35,317.1
422.36,325.5
422.38,343.1
422.4,361.6
422.41,371.2
422.43,390.9
422.45,411.3
422.46,421.8
422.48,442.9
422.5,464.4
422.51,475.2
422.53,496.7
422.55,518.0
422.56,528.5
422.58,549.1
422.6,568.9
422.61,578.4
422.63,596.5
422.64,605.1
422.66,621.2
422.68,635.5
422.69,642.1
422.71,653.6
422.73,663.1
422.74,667.0
422.76,673.2
422.78,677.1
422.79,678.2
422.81,678.7
422.83,676.9
422.84,675.2
422.86,670.3
422.88,663.5
422.89,659.4
422.91,650.0
422.93,639.2
422.94,633.4
422.96,621.1
422.98,608.1
422.99,601.5
423.01,588.2
423.02,581.5
423.04,568.7
423.06,556.5
423.07,550.9
423.09,540.5
423.11,531.7
423.12,527.9
423.14,522.0
423.16,518.4
423.17,517.6
423.19,517.8
423.21,520.8
423.22,523.4
423.24,530.8
423.26,541.3
423.27,547.6
423.29,562.5
423.31,580.4
423.32,590.4
423.34,612.5
423.36,637.1
423.37,650.3
423.39,678.3
423.4,693.1
423.42,723.9
423.44,756.1
423.45,772.6
423.47,806.3
423.49,840.5
423.5,857.7
423.52,891.8
423.54,925.4
423.55,941.9
423.57,974.0
423.59,1004.0
423.6,1019.0
423.62,1046.0
423.64,1071.0
423.65,1083.0
423.67,1104.0
423.69,1121.0
423.7,1129.0
423.72,1141.0
423.74,1150.0
423.75,1153.0
423.77,1156.0
423.78,1156.0
423.8,1153.0
423.82,1146.0
423.83,1142.0
423.85,1130.0
423.87,1114.0
423.88,1105.0
423.9,1084.0
423.92,1060.0
423.93,1047.0
423.95,1019.0
423.97,988.3
423.98,972.2
424.0,938.6
424.02,903.3
424.03,885.1
424.05,847.9
424.07,809.8
424.08,790.5
424.1,751.6
424.11,732.1
424.13,693.2
424.15,654.6
424.16,635.4
424.18,597.8
424.2,561.0
424.21,543.0
424.23,508.0
424.25,474.4
424.26,458.2
424.28,427.0
424.3,397.5
424.31,383.5
424.33,356.8
424.35,332.1
424.36,320.5
424.38,298.8
424.4,279.1
424.41,270.0
424.43,253.4
424.45,238.7
424.46,232.2
424.48,220.5
424.49,215.4
424.51,206.5
424.53,199.5
424.54,196.7
424.56,192.3
424.58,189.5
424.59,188.7
424.61,188.3
424.63,189.3
424.64,190.3
424.66,193.3
424.68,197.4
424.69,199.9
424.71,205.7
424.73,212.4
424.74,216.1
424.76,224.0
424.78,232.6
424.79,237.1
424.81,246.5
424.83,256.2
424.84,261.2
424.86,271.2
424.87,276.3
424.89,286.3
424.91,296.3
424.92,301.1
424.94,310.6
424.96,319.6
424.97,323.9
424.99,332.0
425.01,339.4
425.02,342.8
425.04,348.8
425.06,353.9
425.07,356.0
425.09,359.5
425.11,361.8
425.12,362.5
425.14,363.1
425.16,362.4
425.17,361.6
425.19,359.2
425.21,355.6
425.22,353.3
425.24,348.1
425.25,345.1
425.27,338.3
425.29,330.7
425.3,326.7
425.32,318.0
425.34,308.7
425.35,304.0
425.37,294.1
425.39,284.1
425.4,279.1
425.42,269.1
425.44,259.2
425.45,254.4
425.47,245.1
425.49,236.4
425.5,232.3
425.52,224.6
425.54,217.9
425.55,214.9
425.57,209.7
425.58,207.6
425.6,204.2
425.62,202.0
425.63,201.5
425.65,201.4
425.67,202.7
425.68,203.8
425.7,207.2
425.72,212.0
425.73,214.9
425.75,221.6
425.77,229.6
425.78,234.0
425.8,243.7
425.82,254.4
425.83,260.1
425.85,272.0
425.87,284.5
425.88,290.9
425.9,304.0
425.92,317.3
425.93,323.9
425.95,337.1
425.96,343.6
425.98,356.2
426.0,368.2
426.01,373.9
426.03,384.6
426.05,394.3
426.06,398.7
426.08,406.5
426.1,412.8
426.11,415.4
426.13,419.5
426.15,421.8
426.16,422.4
426.18,422.3
426.2,420.4
426.21,418.9
426.23,414.5
426.25,408.6
426.26,405.1
426.28,397.0
426.3,387.7
426.31,382.6
426.33,371.5
426.34,365.7
426.36,353.4
426.38,340.6
426.39,334.0
426.41,320.7
426.43,307.4
426.44,300.8
426.46,287.8
426.48,275.3
426.49,269.4
426.51,258.1
426.53,247.8
426.54,243.2
426.56,234.9
426.58,228.2
426.59,225.4
426.61,221.3
426.63,219.1
426.64,218.7
426.66,219.7
426.68,222.8
426.69,225.3
426.71,231.9
426.72,236.1
426.74,246.4
426.76,259.2
426.77,266.4
426.79,282.8
426.81,301.6
426.82,311.8
426.84,334.1
426.86,358.4
426.87,371.4
426.89,398.7
426.91,427.7
426.92,442.8
426.94,474.0
426.96,506.4
426.97,522.9
426.99,556.3
427.01,590.1
427.02,607.1
427.04,640.7
427.05,657.4
427.07,690.1
427.09,721.7
427.1,737.0
427.12,766.3
427.14,793.6
427.15,806.3
427.17,830.0
427.19,850.8
427.2,860.1
427.22,876.3
427.24,889.1
427.25,894.1
427.27,901.5
427.29,905.2
427.3,905.7
427.32,903.7
427.34,898.1
427.35,894.0
427.37,883.0
427.39,868.6
427.4,860.2
427.42,841.1
427.43,830.5
427.45,807.3
427.47,781.7
427.48,768.1
427.5,739.6
427.52,709.4
427.53,693.9
427.55,662.1
427.57,629.6
427.58,613.2
427.6,580.3
427.62,547.5
427.63,531.2
427.65,499.1
427.67,467.7
427.68,452.4
427.7,422.6
427.72,394.1
427.73,380.4
427.75,354.1
427.77,329.4
427.78,317.7
427.8,295.5
427.81,285.1
427.83,265.5
427.85,247.7
427.86,239.4
427.88,224.2
427.9,210.6
427.91,204.4
427.93,193.1
427.95,183.3
427.96,179.0
427.98,171.2
428.0,164.7
428.01,161.8
428.03,156.9
428.05,153.0
428.06,151.3
428.08,148.6
428.1,146.5
428.11,145.7
428.13,144.5
428.15,143.7
428.16,143.5
428.18,143.2
428.19,143.1
428.21,143.1
428.23,143.2
428.24,143.3
428.26,143.4
428.28,143.5
428.29,143.5
428.31,143.5
428.33,143.4
428.34,143.3
428.36,143.0
428.38,142.5
428.39,142.2
428.41,141.4
428.43,140.6
428.44,140.1
428.46,139.1
428.48,137.9
428.49,137.3
428.51,136.1
428.52,135.5
428.54,134.2
428.56,133.0
428.57,132.4
428.59,131.3
428.61,130.3
428.62,129.8
428.64,129.0
428.66,128.4
428.67,128.1
428.69,127.8
428.71,127.6
428.72,127.7
428.74,127.9
428.76,128.4
428.77,128.7
428.79,129.5
428.81,130.6
428.82,131.2
428.84,132.6
428.86,134.2
428.87,135.1
428.89,137.0
428.9,138.1
428.92,140.2
428.94,142.5
428.95,143.7
428.97,146.1
428.99,148.7
429.0,150.0
429.02,152.6
429.04,155.3
429.05,156.7
429.07,159.4
429.09,162.1
429.1,163.4
429.12,166.1
429.14,168.8
429.15,170.1
429.17,172.7
429.19,175.3
429.2,176.6
429.22,179.1
429.24,181.7
429.25,182.9
429.27,185.4
429.28,186.6
429.3,189.1
429.32,191.6
429.33,192.8
429.35,195.3
429.37,197.9
429.38,199.2
429.4,201.8
429.42,204.5
429.43,205.9
429.45,208.7
429.47,211.7
429.48,213.2
429.5,216.4
429.52,219.7
429.53,221.5
429.55,225.1
429.57,229.0
429.58,231.0
429.6,235.2
429.62,239.6
429.63,241.9
429.65,246.7
429.66,249.2
429.68,254.4
429.7,259.8
429.71,262.6
429.73,268.4
429.75,274.3
429.76,277.4
429.78,283.5
429.8,289.8
429.81,293.0
429.83,299.3
429.85,305.7
429.86,308.8
429.88,315.1
429.9,321.2
429.91,324.2
429.93,330.1
429.95,335.7
429.96,338.4
429.98,343.7
429.99,346.2
430.01,351.1
430.03,355.7
430.04,357.9
430.06,362.2
430.08,366.4
430.09,368.5
430.11,372.7
430.13,377.0
430.14,379.3
430.16,384.3
430.18,389.8
430.19,392.9
430.21,399.8
430.23,408.0
430.24,412.7
430.26,423.3
430.28,435.9
430.29,443.1
430.31,459.4
430.33,478.6
430.34,489.4
430.36,513.7
430.37,527.2
430.39,557.1
430.41,591.4
430.42,610.2
430.44,651.3
430.46,697.4
430.47,722.3
430.49,776.1
430.51,835.2
430.52,866.7
430.54,933.7
430.56,1006.0
430.57,1044.0
430.59,1124.0
430.61,1208.0
430.62,1252.0
430.64,1342.0
430.66,1437.0
430.67,1485.0
430.69,1583.0
430.71,1683.0
430.72,1733.0
430.74,1834.0
430.75,1885.0
430.77,1985.0
430.79,2084.0
430.8,2132.0
430.82,2226.0
430.84,2315.0
430.85,2358.0
430.87,2439.0
430.89,2513.0
430.9,2548.0
430.92,2610.0
430.94,2663.0
430.95,2687.0
430.97,2726.0
430.99,2754.0
431.0,2764.0
431.02,2777.0
431.04,2778.0
431.05,2775.0
431.07,2759.0
431.08,2747.0
431.1,2716.0
431.12,2674.0
431.13,2649.0
431.15,2593.0
431.17,2527.0
431.18,2491.0
431.2,2414.0
431.22,2330.0
431.23,2285.0
431.25,2193.0
431.27,2096.0
431.28,2046.0
431.3,1944.0
431.32,1840.0
431.33,1788.0
431.35,1683.0
431.37,1579.0
431.38,1527.0
431.4,1424.0
431.42,1324.0
431.43,1275.0
431.45,1179.0
431.46,1133.0
431.48,1043.0
431.5,957.2
431.51,916.1
431.53,837.3
431.55,763.5
431.56,728.4
431.58,662.0
431.6,600.6
431.61,571.7
431.63,517.7
431.65,468.4
431.66,445.5
431.68,403.1
431.7,365.1
431.71,347.6
431.73,315.7
431.75,287.6
431.76,274.9
431.78,252.2
431.8,232.7
431.81,224.2
431.83,209.4
431.84,203.0
431.86,192.4
431.88,184.4
431.89,181.3
431.91,177.0
431.93,175.1
431.94,174.9
431.96,176.4
431.98,180.0
431.99,182.6
432.01,189.4
432.03,198.3
432.04,203.5
432.06,215.5
432.08,229.6
432.09,237.3
432.11,254.5
432.13,273.6
432.14,283.9
432.16,306.0
432.18,330.1
432.19,342.8
432.21,369.6
432.22,383.6
432.24,413.0
432.26,444.0
432.27,460.0
432.29,493.0
432.31,527.1
432.32,544.5
432.34,580.0
432.36,616.0
432.37,634.2
432.39,670.5
432.41,706.7
432.42,724.7
432.44,760.1
432.46,794.5
432.47,811.2
432.49,843.6
432.51,874.1
432.52,888.6
432.54,915.9
432.55,928.6
432.57,951.9
432.59,972.3
432.6,981.3
432.62,997.0
432.64,1009.0
432.65,1014.0
432.67,1021.0
432.69,1025.0
432.7,1025.0
432.72,1024.0
432.74,1019.0
432.75,1015.0
432.77,1006.0
432.79,994.1
432.8,987.2
432.82,971.7
432.84,954.4
432.85,945.1
432.87,925.8
432.89,905.6
432.9,895.3
432.92,874.7
432.93,864.5
432.95,844.4
432.97,825.3
432.98,816.1
433.0,799.0
433.02,783.5
433.03,776.6
433.05,764.3
433.07,754.4
433.08,750.3
433.1,744.1
433.12,740.6
433.13,739.7
433.15,740.0
433.17,742.6
433.18,744.8
433.2,750.8
433.22,758.8
433.23,763.3
433.25,773.6
433.27,785.0
433.28,790.9
433.3,803.3
433.31,809.6
433.33,822.0
433.35,834.0
433.36,839.8
433.38,850.4
433.4,859.6
433.41,863.6
433.43,870.1
433.45,874.4
433.46,875.7
433.48,876.3
433.5,874.2
433.51,872.1
433.53,865.7
433.55,856.4
433.56,850.7
433.58,837.0
433.6,820.6
433.61,811.3
433.63,790.9
433.65,768.1
433.66,755.8
433.68,729.8
433.69,716.1
433.71,687.4
433.73,657.4
433.74,641.9
433.76,610.3
433.78,578.0
433.79,561.7
433.81,528.9
433.83,496.2
433.84,479.9
433.86,447.7
433.88,416.1
433.89,400.6
433.91,370.3
433.93,341.1
433.94,327.0
433.96,299.6
433.98,273.7
433.99,261.2
434.01,237.4
434.02,226.1
434.04,204.6
434.06,184.6
434.07,175.2
434.09,157.4
434.11,141.1
434.12,133.5
434.14,119.3
434.16,106.4
434.17,100.4
434.19,89.35
434.21,79.44
434.22,74.89
434.24,66.54
434.26,59.13
434.27,55.76
434.29,49.62
434.31,44.24
434.32,41.81
434.34,37.43
434.36,33.63
434.37,31.94
434.39,28.92
434.4,27.58
434.42,25.21
434.44,23.22
434.45,22.35
434.47,20.85
434.49,19.64
434.5,19.13
434.52,18.28
434.54,17.66
434.55,17.42
434.57,17.08
434.59,16.92
434.6,16.9
434.62,16.97
434.64,17.19
434.65,17.35
434.67,17.77
434.69,18.33
434.7,18.66
434.72,19.42
434.74,20.3
434.75,20.79
434.77,21.87
434.78,22.46
434.8,23.74
434.82,25.15
434.83,25.9
434.85,27.51
434.87,29.25
434.88,30.18
434.9,32.13
434.92,34.22
434.93,35.31
434.95,37.61
434.97,40.05
434.98,41.32
435.0,43.98
435.02,46.78
435.03,48.24
435.05,51.28
435.07,54.48
435.08,56.15
435.1,59.62
435.12,63.29
435.13,65.2
435.15,69.2
435.16,71.3
435.18,75.69
435.2,80.38
435.21,82.84
435.23,88.05
435.25,93.65
435.26,96.61
435.28,102.9
435.3,109.7
435.31,113.3
435.33,121.0
435.35,129.3
435.36,133.8
435.38,143.2
435.4,153.4
435.41,158.9
435.43,170.4
435.45,182.8
435.46,189.3
435.48,203.1
435.49,210.4
435.51,225.6
435.53,241.8
435.54,250.2
435.56,267.7
435.58,286.1
435.59,295.6
435.61,315.0
435.63,335.0
435.64,345.2
435.66,365.9
435.68,386.9
435.69,397.4
435.71,418.4
435.73,439.2
435.74,449.4
435.76,469.5
435.78,488.9
435.79,498.2
435.81,516.0
435.83,532.6
435.84,540.3
435.86,554.6
435.87,561.0
435.89,572.6
435.91,582.1
435.92,586.0
435.94,592.3
435.96,596.2
435.97,597.3
435.99,597.7
436.01,595.7
436.02,593.8
436.04,588.3
436.06,580.4
436.07,575.7
436.09,564.6
436.11,551.5
436.12,544.3
436.14,528.5
436.16,511.2
436.17,502.0
436.19,482.7
436.21,462.5
436.22,452.1
436.24,430.8
436.25,419.9
436.27,398.1
436.29,376.2
436.3,365.2
436.32,343.6
436.34,322.5
436.35,312.2
436.37,292.1
436.39,272.9
436.4,263.8
436.42,246.3
436.44,230.2
436.45,222.7
436.47,208.8
436.49,196.6
436.5,191.1
436.52,181.7
436.54,174.3
436.55,171.4
436.57,167.3
436.59,165.8
436.6,166.1
436.62,168.7
436.63,171.2
436.65,178.8
436.67,190.1
436.68,197.2
436.7,214.9
436.72,237.5
436.73,250.9
436.75,282.1
436.77,319.9
436.78,341.5
436.8,390.8
436.82,448.9
436.83,481.5
436.85,554.7
436.87,639.4
436.88,686.4
436.9,790.5
436.92,909.0
436.93,974.1
436.95,1117.0
436.96,1195.0
436.98,1364.0
437.0,1553.0
437.01,1654.0
437.03,1874.0
437.05,2115.0
437.06,2244.0
437.08,2519.0
437.1,2817.0
437.11,2975.0
437.13,3307.0
437.15,3662.0
437.16,3848.0
437.18,4235.0
437.2,4642.0
437.21,4852.0
437.23,5285.0
437.25,5733.0
437.26,5962.0
437.28,6426.0
437.3,6898.0
437.31,7135.0
437.33,7610.0
437.34,7847.0
437.36,8316.0
437.38,8776.0
437.39,9001.0
437.41,9438.0
437.43,9854.0
437.44,10050.0
437.46,10430.0
437.48,10770.0
437.49,10930.0
437.51,11220.0
437.53,11470.0
437.54,11570.0
437.56,11750.0
437.58,11880.0
437.59,11930.0
437.61,11990.0
437.63,11990.0
437.64,11970.0
437.66,11900.0
437.68,11790.0
437.69,11710.0
437.71,11520.0
437.72,11410.0
437.74,11160.0
437.76,10860.0
437.77,10710.0
437.79,10360.0
437.81,9995.0
437.82,9801.0
437.84,9398.0
437.86,8979.0
437.87,8765.0
437.89,8331.0
437.91,7893.0
437.92,7673.0
437.94,7237.0
437.96,6806.0
437.97,6595.0
437.99,6181.0
438.01,5783.0
438.02,5590.0
438.04,5219.0
438.06,4868.0
438.07,4702.0
438.09,4385.0
438.1,4236.0
438.12,3955.0
438.14,3699.0
438.15,3580.0
438.17,3360.0
438.19,3162.0
438.2,3072.0
438.22,2907.0
438.24,2762.0
438.25,2696.0
438.27,2578.0
438.29,2476.0
438.3,2430.0
438.32,2348.0
438.34,2277.0
438.35,2245.0
438.37,2187.0
438.39,2136.0
438.4,2113.0
438.42,2068.0
438.43,2047.0
438.45,2007.0
438.47,1967.0
438.48,1947.0
438.5,1907.0
438.52,1865.0
438.53,1843.0
438.55,1798.0
438.57,1750.0
438.58,1725.0
438.6,1673.0
438.62,1617.0
438.63,1589.0
438.65,1529.0
438.67,1467.0
438.68,1435.0
438.7,1369.0
438.72,1302.0
438.73,1268.0
438.75,1200.0
438.77,1131.0
438.78,1097.0
438.8,1028.0
438.81,994.4
438.83,927.4
438.85,862.0
438.86,830.1
438.88,767.9
438.9,708.2
438.91,679.5
438.93,624.2
438.95,572.3
438.96,547.6
438.98,501.0
439.0,458.0
439.01,438.0
439.03,400.8
439.05,367.5
439.06,352.3
439.08,324.9
439.1,301.4
439.11,291.1
439.13,273.4
439.15,259.6
439.16,254.1
439.18,245.8
439.19,243.1
439.21,240.4
439.23,241.3
439.24,243.0
439.26,249.2
439.28,258.7
439.29,264.8
439.31,279.4
439.33,297.2
439.34,307.3
439.36,329.9
439.38,355.5
439.39,369.4
439.41,399.4
439.43,432.1
439.44,449.4
439.46,486.0
439.48,524.8
439.49,545.1
439.51,587.0
439.53,630.7
439.54,653.1
439.56,698.8
439.57,722.1
439.59,769.1
439.61,816.6
439.62,840.4
439.64,887.8
439.66,934.6
439.67,957.7
439.69,1003.0
439.71,1047.0
439.72,1068.0
439.74,1108.0
439.76,1146.0
439.77,1164.0
439.79,1197.0
439.81,1227.0
439.82,1241.0
439.84,1265.0
439.86,1286.0
439.87,1294.0
439.89,1309.0
439.9,1314.0
439.92,1322.0
439.94,1326.0
439.95,1327.0
439.97,1325.0
439.99,1319.0
440.0,1315.0
440.02,1304.0
440.04,1291.0
440.05,1283.0
440.07,1266.0
440.09,1246.0
440.1,1236.0
440.12,1215.0
440.14,1192.0
440.15,1181.0
440.17,1157.0
440.19,1134.0
440.2,1122.0
440.22,1100.0
440.24,1078.0
440.25,1067.0
440.27,1046.0
440.28,1037.0
440.3,1018.0
440.32,1000.0
440.33,991.9
440.35,976.2
440.37,961.8
440.38,954.9
440.4,942.0
440.42,930.0
440.43,924.2
440.45,913.0
440.47,902.2
440.48,896.8
440.5,886.0
440.52,874.8
440.53,869.1
440.55,857.1
440.57,844.3
440.58,837.5
440.6,823.1
440.62,807.5
440.63,799.2
440.65,781.6
440.66,772.3
440.68,752.6
440.7,731.5
440.71,720.5
440.73,697.4
440.75,673.2
440.76,660.6
440.78,634.8
440.8,608.2
440.81,594.7
440.83,567.2
440.85,539.5
440.86,525.5
440.88,497.7
440.9,470.2
440.91,456.6
440.93,429.8
440.95,403.8
440.96,391.2
440.98,366.7
441.0,343.5
441.01,332.4
441.03,311.4
441.04,301.4
441.06,282.8
441.08,265.8
441.09,258.0
441.11,243.7
441.13,231.2
441.14,225.6
441.16,215.8
441.18,207.8
441.19,204.5
441.21,199.1
441.23,195.3
441.24,194.0
441.26,192.5
441.28,192.4
441.29,192.9
441.31,194.6
441.33,197.5
441.34,199.3
441.36,203.6
441.37,206.0
441.39,211.4
441.41,217.4
441.42,220.5
441.44,227.1
441.46,234.0
441.47,237.5
441.49,244.6
441.51,251.7
441.52,255.3
441.54,262.3
441.56,269.3
441.57,272.7
441.59,279.4
441.61,285.9
441.62,289.1
441.64,295.4
441.66,301.5
441.67,304.5
441.69,310.6
441.71,316.7
441.72,319.8
441.74,326.0
441.75,329.3
441.77,336.0
441.79,343.1
441.8,346.8
441.82,354.7
441.84,363.3
441.85,367.9
441.87,377.6
441.89,388.2
441.9,393.9
441.92,405.9
441.94,418.9
441.95,425.8
441.97,440.3
441.99,455.8
442.0,463.9
442.02,480.7
442.04,498.2
442.05,507.3
442.07,525.7
442.09,544.6
442.1,554.2
442.12,573.3
442.13,582.9
442.15,601.9
442.17,620.4
442.18,629.5
442.2,647.0
442.22,663.6
442.23,671.5
442.25,686.2
442.27,699.4
442.28,705.4
442.3,716.0
442.32,724.8
442.33,728.4
442.35,734.2
442.37,737.8
442.38,738.8
442.4,739.3
442.42,737.6
442.43,736.0
442.45,731.4
442.46,728.3
442.48,720.9
442.5,711.9
442.51,706.9
442.53,695.8
442.55,683.6
442.56,677.1
442.58,663.7
442.6,649.7
442.61,642.6
442.63,628.3
442.65,614.1
442.66,607.1
442.68,593.4
442.7,580.3
442.71,574.0
442.73,562.1
442.75,551.0
442.76,545.9
442.78,536.5
442.8,528.1
442.81,524.3
442.83,517.6
442.84,514.7
442.86,509.5
442.88,505.4
442.89,503.6
442.91,500.6
442.93,498.3
442.94,497.4
442.96,495.8
442.98,494.5
442.99,493.8
443.01,492.6
443.03,491.2
443.04,490.4
443.06,488.6
443.08,486.2
443.09,484.7
443.11,481.4
443.13,477.2
443.14,474.8
443.16,469.3
443.18,462.9
443.19,459.3
443.21,451.4
443.22,447.1
443.24,437.8
443.26,427.7
443.27,422.2
443.29,410.8
443.31,398.7
443.32,392.3
443.34,379.2
443.36,365.7
443.37,358.7
443.39,344.6
443.41,330.3
443.42,323.1
443.44,308.6
443.46,294.2
443.47,287.1
443.49,273.0
443.51,259.1
443.52,252.3
443.54,239.1
443.56,226.3
443.57,220.1
443.59,208.1
443.6,202.3
443.62,191.2
443.64,180.7
443.65,175.8
443.67,166.3
443.69,157.5
443.7,153.4
443.72,145.6
443.74,138.5
443.75,135.2
443.77,129.2
443.79,123.8
443.8,121.3
443.82,116.8
443.84,113.0
443.85,111.3
443.87,108.4
443.89,106.0
443.9,105.1
443.92,103.6
443.93,103.0
443.95,102.3
443.97,102.1
443.98,102.2
444.0,102.7
444.02,103.7
444.03,104.3
444.05,105.9
444.07,107.9
444.08,109.1
444.1,111.6
444.12,114.4
444.13,115.9
444.15,119.1
444.17,122.5
444.18,124.2
444.2,127.8
444.22,131.6
444.23,133.4
444.25,137.2
444.27,141.0
444.28,142.8
444.3,146.5
444.31,148.2
444.33,151.7
444.35,155.0
444.36,156.5
444.38,159.4
444.4,162.1
444.41,163.3
444.43,165.6
444.45,167.5
444.46,168.4
444.48,169.9
444.5,171.0
444.51,171.5
444.53,172.2
444.55,172.7
444.56,172.8
444.58,172.9
444.6,172.8
444.61,172.6
444.63,172.2
444.65,171.7
444.66,171.4
444.68,170.7
444.69,170.4
444.71,169.6
444.73,168.9
444.74,168.6
444.76,167.9
444.78,167.3
444.79,167.1
444.81,166.7
444.83,166.4
444.84,166.4
444.86,166.3
444.88,166.5
444.89,166.6
444.91,167.0
444.93,167.6
444.94,168.0
444.96,168.8
444.98,169.9
444.99,170.4
445.01,171.7
445.03,173.0
445.04,173.8
445.06,175.3
445.07,176.1
445.09,177.8
445.11,179.6
445.12,180.5
445.14,182.3
445.16,184.2
445.17,185.1
445.19,187.0
445.21,188.8
445.22,189.7
445.24,191.5
445.26,193.3
445.27,194.2
445.29,195.8
445.31,197.4
445.32,198.1
445.34,199.6
445.36,200.9
445.37,201.5
445.39,202.6
445.4,203.1
445.42,204.1
445.44,204.8
445.45,205.2
445.47,205.7
445.49,206.0
445.5,206.1
445.52,206.2
445.54,206.1
445.55,205.9
445.57,205.5
445.59,204.8
445.6,204.4
445.62,203.4
445.64,202.2
445.65,201.5
445.67,200.0
445.69,198.2
445.7,197.2
445.72,195.1
445.74,192.8
445.75,191.6
445.77,189.0
445.78,187.6
445.8,184.7
445.82,181.7
445.83,180.1
445.85,176.8
445.87,173.4
445.88,171.6
445.9,168.1
445.92,164.4
445.93,162.5
445.95,158.8
445.97,155.0
445.98,153.2
446.0,149.4
446.02,145.7
446.03,143.8
446.05,140.2
446.07,136.7
446.08,135.0
446.1,131.6
446.12,128.5
446.13,127.0
446.15,124.1
446.16,122.7
446.18,120.2
446.2,117.9
446.21,116.8
446.23,114.9
446.25,113.4
446.26,112.7
446.28,111.6
446.3,110.8
446.31,110.5
446.33,110.2
446.35,110.2
446.36,110.4
446.38,111.0
446.4,111.9
446.41,112.4
446.43,113.8
446.45,115.5
446.46,116.4
446.48,118.6
446.5,120.9
446.51,122.2
446.53,124.9
446.54,126.3
446.56,129.3
446.58,132.4
446.59,134.0
446.61,137.2
446.63,140.5
446.64,142.1
446.66,145.3
446.68,148.5
446.69,150.0
446.71,153.0
446.73,155.7
446.74,157.0
446.76,159.4
446.78,161.6
446.79,162.5
446.81,164.2
446.83,165.5
446.84,166.0
446.86,166.8
446.87,167.0
446.89,167.2
446.91,167.0
446.92,166.7
446.94,165.9
446.96,164.6
446.97,163.9
446.99,162.2
447.01,160.1
447.02,158.9
447.04,156.4
447.06,153.7
447.07,152.3
447.09,149.3
447.11,146.2
447.12,144.6
447.14,141.5
447.16,138.3
447.17,136.8
447.19,133.8
447.21,130.9
447.22,129.5
447.24,127.0
447.25,125.9
447.27,123.8
447.29,122.0
447.3,121.3
447.32,120.1
447.34,119.3
447.35,119.1
447.37,119.0
447.39,119.3
447.4,119.6
447.42,120.6
447.44,122.0
447.45,122.9
447.47,124.9
447.49,127.2
447.5,128.5
447.52,131.4
447.54,134.5
447.55,136.1
447.57,139.5
447.59,143.1
447.6,144.9
447.62,148.5
447.63,150.3
447.65,153.9
447.67,157.4
447.68,159.1
447.7,162.4
447.72,165.5
447.73,166.9
447.75,169.6
447.77,171.9
447.78,173.0
447.8,174.8
447.82,176.3
447.83,176.8
447.85,177.7
447.87,178.2
447.88,178.3
447.9,178.2
447.92,177.7
447.93,177.4
447.95,176.5
447.97,175.2
447.98,174.5
448.0,172.9
448.01,172.1
448.03,170.2
448.05,168.2
448.06,167.2
448.08,165.2
448.1,163.1
448.11,162.1
448.13,160.2
448.15,158.4
448.16,157.5
448.18,156.0
448.2,154.7
448.21,154.2
448.23,153.4
448.25,152.8
448.26,152.7
448.28,152.8
448.3,153.2
448.31,153.6
448.33,154.6
448.34,155.3
448.36,157.0
448.38,159.1
448.39,160.3
448.41,163.0
448.43,166.0
448.44,167.7
448.46,171.3
448.48,175.2
448.49,177.3
448.51,181.5
448.53,186.0
448.54,188.3
448.56,193.0
448.58,197.7
448.59,200.1
448.61,204.8
448.63,209.4
448.64,211.6
448.66,216.0
448.68,220.0
448.69,221.9
448.71,225.5
448.72,227.2
448.74,230.1
448.76,232.6
448.77,233.6
448.79,235.2
448.81,236.3
448.82,236.6
448.84,236.8
448.86,236.4
448.87,235.9
448.89,234.5
448.91,232.5
448.92,231.3
448.94,228.4
448.96,224.9
448.97,223.0
448.99,218.7
449.01,214.1
449.02,211.6
449.04,206.3
449.06,200.7
449.07,197.8
449.09,191.9
449.1,188.8
449.12,182.7
449.14,176.4
449.15,173.3
449.17,167.0
449.19,160.8
449.2,157.7
449.22,151.7
449.24,145.8
449.25,143.0
449.27,137.5
449.29,132.2
449.3,129.6
449.32,124.8
449.34,120.2
449.35,118.0
449.37,113.9
449.39,110.1
449.4,108.4
449.42,105.0
449.44,102.0
449.45,100.6
449.47,97.94
449.48,96.73
449.5,94.5
449.52,92.52
449.53,91.61
449.55,89.97
449.57,88.53
449.58,87.89
449.6,86.74
449.62,85.78
449.63,85.35
449.65,84.64
449.67,84.07
449.68,83.85
449.7,83.52
449.72,83.33
449.73,83.29
449.75,83.32
449.77,83.5
449.78,83.65
449.8,84.05
449.81,84.31
449.83,84.94
449.85,85.73
449.86,86.19
449.88,87.22
449.9,88.43
449.91,89.09
449.93,90.55
449.95,92.19
449.96,93.07
449.98,94.98
450.0,97.06
450.01,98.17
450.03,100.5
450.05,103.1
450.06,104.4
450.08,107.2
450.1,110.2
450.11,111.7
450.13,115.0
450.15,118.4
450.16,120.1
450.18,123.7
450.19,125.6
450.21,129.5
450.23,133.4
450.24,135.5
450.26,139.6
450.28,143.8
450.29,146.0
450.31,150.3
450.33,154.7
450.34,156.9
450.36,161.4
450.38,165.7
450.39,167.9
450.41,172.2
450.43,176.4
450.44,178.4
450.46,182.4
450.48,186.2
450.49,187.9
450.51,191.3
450.53,194.4
450.54,195.8
450.56,198.4
450.57,199.5
450.59,201.5
450.61,203.0
450.62,203.6
450.64,204.4
450.66,204.7
450.67,204.7
450.69,204.3
450.71,203.3
450.72,202.6
450.74,200.9
450.76,198.7
450.77,197.5
450.79,194.6
450.81,191.3
450.82,189.5
450.84,185.6
450.86,181.5
450.87,179.3
450.89,174.8
450.9,172.4
450.92,167.6
450.94,162.8
450.95,160.3
450.97,155.4
450.99,150.6
451.0,148.2
451.02,143.5
451.04,139.0
451.05,136.8
451.07,132.7
451.09,128.8
451.1,127.0
451.12,123.5
451.14,120.4
451.15,119.0
451.17,116.3
451.19,114.0
451.2,113.0
451.22,111.2
451.24,109.7
451.25,109.1
451.27,107.9
451.28,107.5
451.3,106.7
451.32,106.2
451.33,105.9
451.35,105.6
451.37,105.3
451.38,105.2
451.4,105.1
451.42,104.9
451.43,104.9
451.45,104.7
451.47,104.5
451.48,104.3
451.5,103.9
451.52,103.5
451.53,103.2
451.55,102.5
451.57,101.7
451.58,101.2
451.6,100.2
451.62,98.99
451.63,98.35
451.65,96.97
451.66,96.23
451.68,94.66
451.7,93.0
451.71,92.13
451.73,90.35
451.75,88.51
451.76,87.58
451.78,85.71
451.8,83.85
451.81,82.93
451.83,81.12
451.85,79.4
451.86,78.57
451.88,77.01
451.9,75.6
451.91,74.95
451.93,73.82
451.95,72.91
451.96,72.54
451.98,72.02
452.0,71.81
452.01,71.82
452.03,72.11
452.04,72.4
452.06,73.28
452.08,74.59
452.09,75.42
452.11,77.44
452.13,79.96
452.14,81.43
452.16,84.78
452.18,88.72
452.19,90.91
452.21,95.78
452.23,101.3
452.24,104.3
452.26,110.8
452.28,118.0
452.29,121.9
452.31,130.2
452.33,139.1
452.34,143.9
452.36,153.9
452.37,159.1
452.39,170.1
452.41,181.7
452.42,187.8
452.44,200.3
452.46,213.3
452.47,220.0
452.49,233.7
452.51,247.7
452.52,254.9
452.54,269.3
452.56,283.9
452.57,291.2
452.59,305.8
452.61,320.4
452.62,327.6
452.64,341.8
452.66,355.7
452.67,362.5
452.69,375.7
452.71,388.3
452.72,394.3
452.74,405.9
452.75,411.4
452.77,421.8
452.79,431.3
452.8,435.7
452.82,443.8
452.84,451.0
452.85,454.2
452.87,459.9
452.89,464.5
452.9,466.5
452.92,469.8
452.94,472.1
452.95,472.9
452.97,474.0
452.99,474.2
453.0,474.1
453.02,473.3
453.04,471.9
453.05,470.9
453.07,468.8
453.09,466.1
453.1,464.7
453.12,461.6
453.13,459.9
453.15,456.4
453.17,452.8
453.18,450.9
453.2,447.0
453.22,443.1
453.23,441.1
453.25,437.1
453.27,432.9
453.28,430.8
453.3,426.6
453.32,422.3
453.33,420.0
453.35,415.4
453.37,410.7
453.38,408.2
453.4,403.0
453.42,397.6
453.43,394.7
453.45,388.7
453.47,382.3
453.48,378.9
453.5,371.8
453.51,368.1
453.53,360.3
453.55,351.9
453.56,347.6
453.58,338.5
453.6,328.8
453.61,323.9
453.63,313.6
453.65,302.8
453.66,297.3
453.68,286.1
453.7,274.5
453.71,268.6
453.73,256.8
453.75,244.8
453.76,238.7
453.78,226.7
453.8,214.7
453.81,208.8
453.83,197.0
453.84,191.3
453.86,179.9
453.88,169.0
453.89,163.7
453.91,153.4
453.93,143.6
453.94,138.9
453.96,130.0
453.98,121.7
453.99,117.8
454.01,110.5
454.03,103.9
454.04,100.8
454.06,95.26
454.08,90.41
454.09,88.25
454.11,84.45
454.13,81.34
454.14,80.04
454.16,77.93
454.18,76.45
454.19,75.95
454.21,75.38
454.22,75.31
454.24,75.58
454.26,76.36
454.27,76.94
454.29,78.43
454.31,80.35
454.32,81.46
454.34,83.96
454.36,86.8
454.37,88.34
454.39,91.64
454.41,95.21
454.42,97.09
454.44,101.0
454.46,105.1
454.47,107.3
454.49,111.7
454.51,116.2
454.52,118.5
454.54,123.2
454.56,128.1
454.57,130.5
454.59,135.5
454.6,138.0
454.62,143.1
454.64,148.2
454.65,150.7
454.67,155.9
454.69,161.0
454.7,163.6
454.72,168.7
454.74,173.7
454.75,176.2
454.77,181.1
454.79,185.8
454.8,188.2
454.82,192.7
454.84,197.0
454.85,199.1
454.87,203.0
454.89,206.7
454.9,208.4
454.92,211.5
454.94,214.3
454.95,215.6
454.97,217.8
454.98,218.7
455.0,220.2
455.02,221.3
455.03,221.6
455.05,222.0
455.07,221.8
455.08,221.6
455.1,220.7
455.12,219.4
455.13,218.5
455.15,216.5
455.17,214.1
455.18,212.8
455.2,209.8
455.22,206.5
455.23,204.8
455.25,201.1
455.27,197.3
455.28,195.3
455.3,191.2
455.31,189.2
455.33,185.0
455.35,180.9
455.36,178.9
455.38,174.9
455.4,171.1
455.41,169.3
455.43,165.7
455.45,162.5
455.46,161.0
455.48,158.1
455.5,155.7
455.51,154.5
455.53,152.6
455.55,151.0
455.56,150.3
455.58,149.3
455.6,148.5
455.61,148.3
455.63,148.1
455.65,148.2
455.66,148.3
455.68,148.8
455.69,149.1
455.71,149.8
455.73,150.8
455.74,151.3
455.76,152.4
455.78,153.5
455.79,154.1
455.81,155.2
455.83,156.2
455.84,156.7
455.86,157.6
455.88,158.3
455.89,158.6
455.91,159.1
455.93,159.3
455.94,159.3
455.96,159.1
455.98,158.6
455.99,158.2
456.01,157.3
456.03,156.1
456.04,155.4
456.06,153.8
456.07,152.9
456.09,150.8
456.11,148.5
456.12,147.3
456.14,144.6
456.16,141.8
456.17,140.3
456.19,137.2
456.21,134.0
456.22,132.4
456.24,129.0
456.26,125.6
456.27,123.9
456.29,120.5
456.31,117.0
456.32,115.3
456.34,112.0
456.36,108.7
456.37,107.1
456.39,104.0
456.41,101.0
456.42,99.51
456.44,96.72
456.45,95.39
456.47,92.85
456.49,90.5
456.5,89.39
456.52,87.33
456.54,85.48
456.55,84.64
456.57,83.12
456.59,81.82
456.6,81.26
456.62,80.31
456.64,79.6
456.65,79.34
456.67,79.01
456.69,78.93
456.7,78.98
456.72,79.28
456.74,79.84
456.75,80.22
456.77,81.18
456.78,81.75
456.8,83.1
456.82,84.71
456.83,85.6
456.85,87.59
456.87,89.83
456.88,91.03
456.9,93.62
456.92,96.44
456.93,97.92
456.95,101.0
456.97,104.3
456.98,106.1
457.0,109.6
457.02,113.3
457.03,115.2
457.05,119.0
457.07,122.9
457.08,124.9
457.1,128.8
457.12,132.8
457.13,134.7
457.15,138.6
457.16,140.5
457.18,144.3
457.2,147.9
457.21,149.7
457.23,153.0
457.25,156.2
457.26,157.7
457.28,160.5
457.3,163.1
457.31,164.3
457.33,166.4
457.35,168.2
457.36,169.0
457.38,170.4
457.4,171.4
457.41,171.8
457.43,172.3
457.45,172.5
457.46,172.5
457.48,172.2
457.5,171.6
457.51,171.2
457.53,170.1
457.54,169.5
457.56,168.1
457.58,166.4
457.59,165.5
457.61,163.6
457.63,161.5
457.64,160.3
457.66,158.0
457.68,155.6
457.69,154.4
457.71,151.9
457.73,149.5
457.74,148.2
457.76,145.7
457.78,143.3
457.79,142.1
457.81,139.8
457.83,137.5
457.84,136.4
457.86,134.3
457.88,132.3
457.89,131.4
457.91,129.5
457.92,128.7
457.94,127.0
457.96,125.4
457.97,124.7
457.99,123.2
458.01,121.9
458.02,121.2
458.04,119.9
458.06,118.6
458.07,118.0
458.09,116.7
458.11,115.5
458.12,114.8
458.14,113.5
458.16,112.1
458.17,111.3
458.19,109.8
458.21,108.2
458.22,107.3
458.24,105.5
458.25,104.6
458.27,102.6
458.29,100.5
458.3,99.39
458.32,97.09
458.34,94.67
458.35,93.42
458.37,90.83
458.39,88.14
458.4,86.76
458.42,83.93
458.44,81.03
458.45,79.55
458.47,76.57
458.49,73.55
458.5,72.03
458.52,68.98
458.54,65.93
458.55,64.41
458.57,61.39
458.59,58.41
458.6,56.94
458.62,54.04
458.63,52.61
458.65,49.82
458.67,47.12
458.68,45.8
458.7,43.23
458.72,40.77
458.73,39.58
458.75,37.28
458.77,35.1
458.78,34.05
458.8,32.04
458.82,30.16
458.83,29.26
458.85,27.55
458.87,25.96
458.88,25.21
458.9,23.79
458.92,22.49
458.93,21.88
458.95,20.75
458.97,19.73
458.98,19.25
459.0,18.39
459.01,18.0
459.03,17.29
459.05,16.68
459.06,16.41
459.08,15.95
459.1,15.58
459.11,15.43
459.13,15.21
459.15,15.07
459.16,15.04
459.18,15.05
459.2,15.14
459.21,15.22
459.23,15.44
459.25,15.75
459.26,15.93
459.28,16.36
459.3,16.87
459.31,17.15
459.33,17.77
459.35,18.46
459.36,18.83
459.38,19.61
459.39,20.02
459.41,20.88
459.43,21.79
459.44,22.25
459.46,23.21
459.48,24.2
459.49,24.7
459.51,25.71
459.53,26.72
459.54,27.23
459.56,28.24
459.58,29.23
459.59,29.72
459.61,30.68
459.63,31.61
459.64,32.06
459.66,32.93
459.68,33.75
459.69,34.15
459.71,34.9
459.72,35.26
459.74,35.95
459.76,36.59
459.77,36.89
459.79,37.47
459.81,38.02
459.82,38.29
459.84,38.8
459.86,39.31
459.87,39.56
459.89,40.07
459.91,40.59
459.92,40.87
459.94,41.45
459.96,42.08
459.97,42.41
459.99,43.14
460.01,43.96
460.02,44.4
460.04,45.36
460.06,46.44
460.07,47.02
460.09,48.27
460.1,48.95
460.12,50.4
460.14,51.98
460.15,52.83
460.17,54.61
460.19,56.52
460.2,57.53
460.22,59.62
460.24,61.82
460.25,62.96
460.27,65.29
460.29,67.7
460.3,68.93
460.32,71.41
460.34,73.91
460.35,75.17
460.37,77.66
460.39,80.12
460.4,81.33
460.42,83.69
460.44,85.96
460.45,87.05
460.47,89.14
460.48,90.13
460.5,91.98
460.52,93.66
460.53,94.43
460.55,95.82
460.57,97.0
460.58,97.5
460.6,98.36
460.62,98.99
460.63,99.23
460.65,99.53
460.67,99.63
460.68,99.61
460.7,99.42
460.72,99.05
460.73,98.81
460.75,98.23
460.77,97.53
460.78,97.14
460.8,96.32
460.81,95.89
460.83,95.01
460.85,94.13
460.86,93.7
460.88,92.88
460.9,92.14
460.91,91.81
460.93,91.25
460.95,90.84
460.96,90.7
460.98,90.55
461.0,90.61
461.01,90.72
461.03,91.11
461.05,91.74
461.06,92.14
461.08,93.11
461.1,94.32
461.11,95.01
461.13,96.55
461.15,98.3
461.16,99.24
461.18,101.3
461.19,102.3
461.21,104.5
461.23,106.9
461.24,108.1
461.26,110.5
461.28,113.0
461.29,114.2
461.31,116.6
461.33,119.0
461.34,120.1
461.36,122.3
461.38,124.4
461.39,125.3
461.41,127.1
461.43,128.7
461.44,129.4
461.46,130.6
461.48,131.5
461.49,131.8
461.51,132.3
461.53,132.5
461.54,132.5
461.56,132.3
461.57,132.1
461.59,131.4
461.61,130.4
461.62,129.8
461.64,128.5
461.66,126.8
461.67,125.9
461.69,123.9
461.71,121.8
461.72,120.6
461.74,118.1
461.76,115.5
461.77,114.1
461.79,111.3
461.81,108.4
461.82,106.9
461.84,103.8
461.86,100.8
461.87,99.2
461.89,96.08
461.91,92.96
461.92,91.4
461.94,88.3
461.95,86.76
461.97,83.72
461.99,80.74
462.0,79.28
462.02,76.4
462.04,73.6
462.05,72.23
462.07,69.57
462.09,67.0
462.1,65.75
462.12,63.32
462.14,60.99
462.15,59.87
462.17,57.69
462.19,55.61
462.2,54.61
462.22,52.67
462.24,50.81
462.25,49.92
462.27,48.19
462.28,47.35
462.3,45.73
462.32,44.18
462.33,43.42
462.35,41.95
462.37,40.53
462.38,39.84
462.4,38.48
462.42,37.16
462.43,36.51
462.45,35.22
462.47,33.96
462.48,33.34
462.5,32.1
462.52,30.88
462.53,30.27
462.55,29.06
462.57,27.86
462.58,27.26
462.6,26.07
462.62,24.89
462.63,24.31
462.65,23.14
462.66,22.56
462.68,21.41
462.7,20.28
462.71,19.72
462.73,18.61
462.75,17.53
462.76,16.99
462.78,15.95
462.8,14.93
462.81,14.43
462.83,13.47
462.85,12.54
462.86,12.09
462.88,11.21
462.9,10.39
462.91,9.988
462.93,9.226
462.95,8.51
462.96,8.17
462.98,7.527
463.0,6.932
463.01,6.654
463.03,6.134
463.04,5.893
463.06,5.449
463.08,5.056
463.09,4.879
463.11,4.562
463.13,4.297
463.14,4.183
463.16,3.995
463.18,3.859
463.19,3.81
463.21,3.753
463.23,3.749
463.24,3.768
463.26,3.846
463.28,3.981
463.29,4.071
463.31,4.295
463.33,4.581
463.34,4.748
463.36,5.134
463.38,5.589
463.39,5.845
463.41,6.415
463.42,6.73
463.44,7.427
463.46,8.215
463.47,8.645
463.49,9.586
463.51,10.64
463.52,11.21
463.54,12.45
463.56,13.82
463.57,14.57
463.59,16.17
463.61,17.95
463.62,18.91
463.64,20.97
463.66,23.25
463.67,24.47
463.69,27.1
463.71,29.98
463.72,31.53
463.74,34.84
463.75,36.61
463.77,40.4
463.79,44.52
463.8,46.72
463.82,51.4
463.84,56.48
463.85,59.17
463.87,64.87
463.89,71.0
463.9,74.23
463.92,81.04
463.94,88.3
463.95,92.1
463.97,100.1
463.99,108.5
464.0,112.8
464.02,121.9
464.04,131.4
464.05,136.3
464.07,146.3
464.09,156.7
464.1,162.0
464.12,172.7
464.13,178.2
464.15,189.3
464.17,200.4
464.18,206.0
464.2,217.1
464.22,228.2
464.23,233.7
464.25,244.4
464.27,254.8
464.28,259.9
464.3,269.7
464.32,278.9
464.33,283.3
464.35,291.5
464.37,299.0
464.38,302.4
464.4,308.6
464.42,313.9
464.43,316.1
464.45,319.9
464.47,322.6
464.48,323.5
464.5,324.6
464.51,324.7
464.53,324.1
464.55,322.4
464.56,321.1
464.58,317.8
464.6,313.5
464.61,310.9
464.63,305.2
464.65,298.5
464.66,294.9
464.68,287.0
464.7,278.5
464.71,274.0
464.73,264.7
464.75,254.9
464.76,249.8
464.78,239.5
464.8,228.9
464.81,223.6
464.83,212.9
464.85,202.2
464.86,196.9
464.88,186.4
464.89,181.3
464.91,171.1
464.93,161.2
464.94,156.5
464.96,147.2
464.98,138.3
464.99,134.1
465.01,126.0
465.03,118.4
465.04,114.8
465.06,108.1
465.08,101.9
465.09,98.99
465.11,93.65
465.13,88.88
465.14,86.7
465.16,82.77
465.18,79.38
465.19,77.88
465.21,75.28
465.22,74.17
465.24,72.31
465.26,70.92
465.27,70.39
465.29,69.67
465.31,69.35
465.32,69.34
465.34,69.61
465.36,70.22
465.37,70.66
465.39,71.77
465.41,73.17
465.42,73.98
465.44,75.78
465.46,77.83
465.47,78.94
465.49,81.31
465.51,83.87
465.52,85.21
465.54,88.01
465.56,90.95
465.57,92.46
465.59,95.55
465.6,97.13
465.62,100.3
465.64,103.6
465.65,105.2
465.67,108.5
465.69,111.8
465.7,113.4
465.72,116.7
465.74,119.9
465.75,121.4
465.77,124.5
465.79,127.4
465.8,128.8
465.82,131.6
465.84,134.2
465.85,135.4
465.87,137.8
465.89,140.0
465.9,141.0
465.92,142.8
465.94,144.5
465.95,145.2
465.97,146.5
465.98,147.1
466.0,148.0
466.02,148.8
466.03,149.0
466.05,149.4
466.07,149.5
466.08,149.5
466.1,149.3
466.12,148.8
466.13,148.5
466.15,147.7
466.17,146.7
466.18,146.2
466.2,144.9
466.22,143.4
466.23,142.6
466.25,140.8
466.27,138.9
466.28,137.9
466.3,135.7
466.32,133.4
466.33,132.2
466.35,129.7
466.36,128.5
466.38,125.8
466.4,123.1
466.41,121.7
466.43,118.9
466.45,116.1
466.46,114.7
466.48,111.8
466.5,108.9
466.51,107.4
466.53,104.5
466.55,101.7
466.56,100.3
466.58,97.55
466.6,94.87
466.61,93.57
466.63,91.05
466.65,88.66
466.66,87.52
466.68,85.35
466.69,84.32
466.71,82.42
466.73,80.72
466.74,79.95
466.76,78.59
466.78,77.48
466.79,77.03
466.81,76.33
466.83,75.95
466.84,75.88
466.86,75.99
466.88,76.45
466.89,76.83
466.91,77.87
466.93,79.32
466.94,80.21
466.96,82.31
466.98,84.86
466.99,86.31
467.01,89.57
467.03,93.32
467.04,95.37
467.06,99.86
467.07,102.3
467.09,107.5
467.11,113.2
467.12,116.3
467.14,122.7
467.16,129.6
467.17,133.2
467.19,140.7
467.21,148.6
467.22,152.7
467.24,161.1
467.26,169.7
467.27,174.2
467.29,183.1
467.31,192.2
467.32,196.7
467.34,205.9
467.36,214.9
467.37,219.4
467.39,228.3
467.41,236.9
467.42,241.1
467.44,249.3
467.45,253.2
467.47,260.7
467.49,267.8
467.5,271.1
467.52,277.3
467.54,282.9
467.55,285.5
467.57,290.2
467.59,294.2
467.6,296.0
467.62,299.1
467.64,301.6
467.65,302.6
467.67,304.1
467.69,305.2
467.7,305.5
467.72,305.8
467.74,305.7
467.75,305.6
467.77,305.0
467.79,304.2
467.8,303.8
467.82,302.8
467.83,302.3
467.85,301.2
467.87,300.3
467.88,299.8
467.9,299.0
467.92,298.5
467.93,298.3
467.95,298.0
467.97,298.1
467.98,298.2
468.0,298.7
468.02,299.5
468.03,300.0
468.05,301.2
468.07,302.6
468.08,303.3
468.1,305.0
468.12,306.7
468.13,307.6
468.15,309.4
468.16,310.3
468.18,311.9
468.2,313.4
468.21,314.0
468.23,315.0
468.25,315.7
468.26,315.8
468.28,315.8
468.3,315.3
468.31,314.8
468.33,313.3
468.35,311.3
468.36,310.0
468.38,306.9
468.4,303.1
468.41,301.0
468.43,296.2
468.45,290.8
468.46,287.9
468.48,281.5
468.5,274.6
468.51,271.0
468.53,263.4
468.54,259.4
468.56,251.2
468.58,242.7
468.59,238.4
468.61,229.6
468.63,220.7
468.64,216.2
468.66,207.3
468.68,198.4
468.69,194.0
468.71,185.4
468.73,176.9
468.74,172.8
468.76,164.8
468.78,157.2
468.79,153.5
468.81,146.4
468.83,139.8
468.84,136.6
468.86,130.6
468.88,125.0
468.89,122.3
468.91,117.3
468.92,115.0
468.94,110.6
468.96,106.6
468.97,104.7
468.99,101.2
469.01,97.98
469.02,96.47
469.04,93.63
469.06,91.01
469.07,89.76
469.09,87.39
469.11,85.14
469.12,84.06
469.14,81.94
469.16,79.89
469.17,78.88
469.19,76.86
469.21,74.85
469.22,73.84
469.24,71.81
469.26,69.74
469.27,68.7
469.29,66.58
469.3,65.51
469.32,63.33
469.34,61.12
469.35,60.0
469.37,57.74
469.39,55.47
469.4,54.33
469.42,52.05
469.44,49.78
469.45,48.66
469.47,46.43
469.49,44.25
469.5,43.18
469.52,41.09
469.54,39.08
469.55,38.11
469.57,36.25
469.59,34.49
469.6,33.66
469.62,32.08
469.63,31.34
469.65,29.97
469.67,28.74
469.68,28.17
469.7,27.16
469.72,26.3
469.73,25.92
469.75,25.28
469.77,24.79
469.78,24.6
469.8,24.32
469.82,24.19
469.83,24.17
469.85,24.24
469.87,24.43
469.88,24.57
469.9,24.93
469.92,25.39
469.93,25.66
469.95,26.26
469.97,26.93
469.98,27.3
470.0,28.08
470.01,28.48
470.03,29.33
470.05,30.22
470.06,30.67
470.08,31.59
470.1,32.52
470.11,32.98
470.13,33.9
470.15,34.8
470.16,35.24
470.18,36.09
470.2,36.91
470.21,37.3
470.23,38.04
470.25,38.72
470.26,39.03
470.28,39.61
470.3,40.12
470.31,40.34
470.33,40.73
470.35,41.04
470.36,41.17
470.38,41.35
470.39,41.42
470.41,41.48
470.43,41.47
470.44,41.43
470.46,41.3
470.48,41.1
470.49,40.98
470.51,40.68
470.53,40.32
470.54,40.12
470.56,39.69
470.58,39.21
470.59,38.96
470.61,38.44
470.63,37.88
470.64,37.6
470.66,37.02
470.68,36.43
470.69,36.13
470.71,35.54
470.72,35.24
470.74,34.66
470.76,34.08
470.77,33.8
470.79,33.24
470.81,32.7
470.82,32.44
470.84,31.93
470.86,31.45
470.87,31.22
470.89,30.76
470.91,30.34
470.92,30.13
470.94,29.74
470.96,29.37
470.97,29.2
470.99,28.87
471.01,28.56
471.02,28.41
471.04,28.13
471.06,27.88
471.07,27.76
471.09,27.54
471.1,27.44
471.12,27.26
471.14,27.11
471.15,27.04
471.17,26.93
471.19,26.86
471.2,26.83
471.22,26.8
471.24,26.8
471.25,26.82
471.27,26.88
471.29,26.98
471.3,27.04
471.32,27.2
471.34,27.39
471.35,27.5
471.37,27.75
471.39,28.04
471.4,28.19
471.42,28.53
471.44,28.89
471.45,29.07
471.47,29.46
471.48,29.66
471.5,30.07
471.52,30.49
471.53,30.69
471.55,31.1
471.57,31.49
471.58,31.67
471.6,32.03
471.62,32.35
471.63,32.5
471.65,32.76
471.67,32.96
471.68,33.05
471.7,33.17
471.72,33.22
471.73,33.23
471.75,33.18
471.77,33.07
471.78,32.98
471.8,32.76
471.82,32.46
471.83,32.29
471.85,31.89
471.86,31.67
471.88,31.19
471.9,30.65
471.91,30.36
471.93,29.76
471.95,29.12
471.96,28.79
471.98,28.13
472.0,27.46
472.01,27.12
472.03,26.46
472.05,25.83
472.06,25.52
472.08,24.95
472.1,24.42
472.11,24.18
472.13,23.76
472.15,23.42
472.16,23.29
472.18,23.09
472.19,23.03
472.21,23.0
472.23,23.09
472.24,23.19
472.26,23.47
472.28,23.89
472.29,24.16
472.31,24.79
472.33,25.58
472.34,26.02
472.36,27.02
472.38,28.17
472.39,28.8
472.41,30.17
472.43,31.67
472.44,32.47
472.46,34.17
472.48,36.0
472.49,36.95
472.51,38.94
472.53,41.02
472.54,42.1
472.56,44.3
472.57,45.43
472.59,47.73
472.61,50.06
472.62,51.24
472.64,53.61
472.66,55.98
472.67,57.16
472.69,59.5
472.71,61.8
472.72,62.93
472.74,65.14
472.76,67.27
472.77,68.29
472.79,70.27
472.81,72.12
472.82,73.0
472.84,74.65
472.86,76.16
472.87,76.86
472.89,78.13
472.91,79.24
472.92,79.73
472.94,80.58
472.95,80.94
472.97,81.54
472.99,81.96
473.0,82.11
473.02,82.29
473.04,82.31
473.05,82.27
473.07,82.07
473.09,81.74
473.1,81.53
473.12,81.03
473.14,80.43
473.15,80.09
473.17,79.37
473.19,78.6
473.2,78.19
473.22,77.36
473.24,76.51
473.25,76.09
473.27,75.26
473.29,74.46
473.3,74.07
473.32,73.35
473.33,73.02
473.35,72.42
473.37,71.93
473.38,71.72
473.4,71.4
473.42,71.22
473.43,71.18
473.45,71.23
473.47,71.45
473.48,71.62
473.5,72.1
473.52,72.77
473.53,73.18
473.55,74.13
473.57,75.29
473.58,75.94
473.6,77.39
473.62,79.03
473.63,79.92
473.65,81.84
473.66,82.87
473.68,85.05
473.7,87.39
473.71,88.61
473.73,91.16
473.75,93.82
473.76,95.19
473.78,98.0
473.8,100.9
473.81,102.3
473.83,105.3
473.85,108.2
473.86,109.7
473.88,112.5
473.9,115.4
473.91,116.8
473.93,119.4
473.95,122.0
473.96,123.2
473.98,125.6
474.0,127.7
474.01,128.7
474.03,130.5
474.04,131.3
474.06,132.8
474.08,134.0
474.09,134.5
474.11,135.4
474.13,136.0
474.14,136.1
474.16,136.3
474.18,136.3
474.19,136.1
474.21,135.7
474.23,135.1
474.24,134.7
474.26,133.8
474.28,132.8
474.29,132.2
474.31,131.0
474.33,129.7
474.34,129.1
474.36,127.7
474.38,126.4
474.39,125.8
474.41,124.6
474.42,124.0
474.44,122.9
474.46,122.0
474.47,121.6
474.49,121.0
474.51,120.6
474.52,120.5
474.54,120.4
474.56,120.7
474.57,120.9
474.59,121.5
474.61,122.4
474.62,123.0
474.64,124.3
474.66,125.9
474.67,126.7
474.69,128.7
474.71,130.9
474.72,132.1
474.74,134.6
474.76,137.2
474.77,138.6
474.79,141.4
474.8,142.9
474.82,145.9
474.84,148.9
474.85,150.4
474.87,153.4
474.89,156.3
474.9,157.7
474.92,160.5
474.94,163.2
474.95,164.5
474.97,166.9
474.99,169.2
475.0,170.2
475.02,172.1
475.04,173.8
475.05,174.6
475.07,175.9
475.09,176.9
475.1,177.3
475.12,177.9
475.13,178.1
475.15,178.3
475.17,178.3
475.18,178.1
475.2,177.7
475.22,177.0
475.23,176.6
475.25,175.6
475.27,174.3
475.28,173.6
475.3,172.1
475.32,170.5
475.33,169.6
475.35,167.7
475.37,165.7
475.38,164.7
475.4,162.6
475.42,160.4
475.43,159.4
475.45,157.2
475.47,155.0
475.48,153.9
475.5,151.8
475.51,150.8
475.53,148.8
475.55,146.8
475.56,145.9
475.58,144.2
475.6,142.5
475.61,141.8
475.63,140.4
475.65,139.2
475.66,138.6
475.68,137.7
475.7,136.9
475.71,136.6
475.73,136.1
475.75,135.8
475.76,135.8
475.78,135.7
475.8,135.9
475.81,136.0
475.83,136.4
475.85,136.9
475.86,137.2
475.88,137.9
475.89,138.3
475.91,139.1
475.93,140.0
475.94,140.4
475.96,141.3
475.98,142.2
475.99,142.6
476.01,143.4
476.03,144.2
476.04,144.5
476.06,145.1
476.08,145.6
476.09,145.8
476.11,146.0
476.13,146.0
476.14,146.0
476.16,145.7
476.18,145.2
476.19,144.9
476.21,144.0
476.23,143.0
476.24,142.3
476.26,140.9
476.27,140.1
476.29,138.3
476.31,136.4
476.32,135.3
476.34,133.0
476.36,130.5
476.37,129.1
476.39,126.4
476.41,123.4
476.42,121.9
476.44,118.8
476.46,115.5
476.47,113.9
476.49,110.5
476.51,107.0
476.52,105.3
476.54,101.8
476.56,98.26
476.57,96.5
476.59,92.97
476.6,91.21
476.62,87.71
476.64,84.25
476.65,82.53
476.67,79.15
476.69,75.82
476.7,74.18
476.72,70.96
476.74,67.82
476.75,66.28
476.77,63.26
476.79,60.32
476.8,58.89
476.82,56.09
476.84,53.38
476.85,52.06
476.87,49.49
476.89,47.0
476.9,45.8
476.92,43.45
476.94,41.19
476.95,40.1
476.97,37.97
476.98,36.94
477.0,34.95
477.02,33.04
477.03,32.12
477.05,30.34
477.07,28.65
477.08,27.84
477.1,26.28
477.12,24.8
477.13,24.1
477.15,22.75
477.17,21.5
477.18,20.9
477.2,19.78
477.22,18.76
477.23,18.28
477.25,17.4
477.27,16.61
477.28,16.26
477.3,15.62
477.32,15.09
477.33,14.86
477.35,14.49
477.36,14.35
477.38,14.15
477.4,14.06
477.41,14.06
477.43,14.16
477.45,14.38
477.46,14.54
477.48,14.97
477.5,15.52
477.51,15.86
477.53,16.63
477.55,17.55
477.56,18.07
477.58,19.23
477.6,20.55
477.61,21.27
477.63,22.83
477.65,24.57
477.66,25.5
477.68,27.51
477.7,29.69
477.71,30.85
477.73,33.31
477.74,34.61
477.76,37.36
477.78,40.3
477.79,41.84
477.81,45.07
477.83,48.5
477.84,50.29
477.86,54.01
477.88,57.94
477.89,59.97
477.91,64.2
477.93,68.63
477.94,70.92
477.96,75.66
477.98,80.61
477.99,83.16
478.01,88.41
478.03,93.88
478.04,96.69
478.06,102.5
478.07,105.5
478.09,111.6
478.11,117.9
478.12,121.2
478.14,127.8
478.16,134.7
478.17,138.2
478.19,145.5
478.21,152.9
478.22,156.7
478.24,164.5
478.26,172.4
478.27,176.5
478.29,184.7
478.31,193.2
478.32,197.4
478.34,206.1
478.36,214.8
478.37,219.2
478.39,228.1
478.41,237.0
478.42,241.4
478.44,250.2
478.45,254.6
478.47,263.3
478.49,271.8
478.5,276.0
478.52,284.1
478.54,292.0
478.55,295.7
478.57,303.0
478.59,309.7
478.6,312.9
478.62,318.8
478.64,324.1
478.65,326.5
478.67,330.7
478.69,334.2
478.7,335.6
478.72,337.8
478.74,339.2
478.75,339.5
478.77,339.6
478.79,338.7
478.8,337.9
478.82,335.6
478.83,334.2
478.85,330.6
478.87,326.1
478.88,323.6
478.9,317.9
478.92,311.4
478.93,307.9
478.95,300.4
478.97,292.3
478.98,288.0
479.0,279.1
479.02,269.7
479.03,264.9
479.05,255.0
479.07,244.9
479.08,239.8
479.1,229.4
479.12,219.0
479.13,213.8
479.15,203.5
479.17,193.3
479.18,188.2
479.2,178.3
479.21,173.5
479.23,164.0
479.25,154.9
479.26,150.5
479.28,141.9
479.3,133.9
479.31,130.0
479.33,122.6
479.35,115.7
479.36,112.5
479.38,106.4
479.4,100.8
479.41,98.19
479.43,93.39
479.45,89.11
479.46,87.16
479.48,83.65
479.5,80.63
479.51,79.3
479.53,76.99
479.54,76.01
479.56,74.39
479.58,73.18
479.59,72.74
479.61,72.14
479.63,71.91
479.64,71.92
479.66,72.21
479.68,72.81
479.69,73.22
479.71,74.24
479.73,75.52
479.74,76.24
479.76,77.86
479.78,79.66
479.79,80.63
479.81,82.68
479.83,84.87
479.84,86.01
479.86,88.37
479.88,90.81
479.89,92.06
479.91,94.6
479.92,95.89
479.94,98.49
479.96,101.1
479.97,102.4
479.99,105.0
480.01,107.7
480.02,109.0
480.04,111.5
480.06,114.1
480.07,115.3
480.09,117.8
480.11,120.3
480.12,121.5
480.14,123.8
480.16,126.1
480.17,127.2
480.19,129.4
480.21,131.5
480.22,132.5
480.24,134.5
480.26,136.4
480.27,137.3
480.29,139.0
480.3,139.9
480.32,141.5
480.34,142.9
480.35,143.6
480.37,144.9
480.39,146.0
480.4,146.6
480.42,147.5
480.44,148.2
480.45,148.5
480.47,149.0
480.49,149.2
480.5,149.3
480.52,149.3
480.54,149.1
480.55,148.9
480.57,148.3
480.59,147.5
480.6,147.0
480.62,145.9
480.63,145.2
480.65,143.8
480.67,142.1
480.68,141.1
480.7,139.1
480.72,136.9
480.73,135.7
480.75,133.2
480.77,130.5
480.78,129.0
480.8,126.1
480.82,123.0
480.83,121.4
480.85,118.1
480.87,114.7
480.88,112.9
480.9,109.4
480.92,105.8
480.93,104.0
480.95,100.3
480.97,96.64
480.98,94.8
481.0,91.12
481.01,89.29
481.03,85.66
481.05,82.08
481.06,80.32
481.08,76.85
481.1,73.47
481.11,71.82
481.13,68.61
481.15,65.54
481.16,64.06
481.18,61.22
481.2,58.55
481.21,57.29
481.23,54.92
481.25,52.76
481.26,51.76
481.28,49.96
481.3,48.41
481.31,47.74
481.33,46.61
481.35,45.79
481.36,45.49
481.38,45.16
481.39,45.12
481.41,45.31
481.43,45.88
481.44,46.32
481.46,47.49
481.48,49.1
481.49,50.07
481.51,52.36
481.53,55.14
481.54,56.71
481.56,60.25
481.58,64.33
481.59,66.57
481.61,71.49
481.63,77.0
481.64,79.98
481.66,86.41
481.68,93.47
481.69,97.25
481.71,105.3
481.73,114.0
481.74,118.6
481.76,128.4
481.77,133.5
481.79,144.3
481.81,155.8
481.82,161.8
481.84,174.3
481.86,187.5
481.87,194.3
481.89,208.5
481.91,223.2
481.92,230.8
481.94,246.4
481.96,262.5
481.97,270.7
481.99,287.5
482.01,304.6
482.02,313.2
482.04,330.7
482.06,348.3
482.07,357.1
482.09,374.7
482.1,383.4
482.12,400.8
482.14,417.8
482.15,426.2
482.17,442.6
482.19,458.4
482.2,466.0
482.22,480.6
482.24,494.4
482.25,500.8
482.27,513.0
482.29,523.9
482.3,528.8
482.32,537.7
482.34,545.2
482.35,548.3
482.37,553.4
482.39,556.9
482.4,558.0
482.42,559.0
482.44,558.2
482.45,557.2
482.47,553.9
482.48,551.6
482.5,545.7
482.52,538.2
482.53,533.9
482.55,524.1
482.57,512.8
482.58,506.6
482.6,493.4
482.62,478.9
482.63,471.2
482.65,455.2
482.67,438.2
482.68,429.5
482.7,411.5
482.72,393.0
482.73,383.5
482.75,364.5
482.77,345.2
482.78,335.5
482.8,316.3
482.82,297.1
482.83,287.6
482.85,268.9
482.86,259.7
482.88,241.6
482.9,224.1
482.91,215.6
482.93,199.0
482.95,183.2
482.96,175.6
482.98,161.0
483.0,147.2
483.01,140.6
483.03,128.2
483.05,116.7
483.06,111.3
483.08,101.1
483.1,91.95
483.11,87.7
483.13,79.9
483.15,73.03
483.16,69.93
483.18,64.44
483.2,59.84
483.21,57.88
483.23,54.63
483.24,53.33
483.26,51.4
483.28,50.34
483.29,50.14
483.31,50.39
483.33,51.5
483.34,52.38
483.36,54.8
483.38,58.1
483.39,60.08
483.41,64.69
483.43,70.2
483.44,73.29
483.46,80.14
483.48,87.9
483.49,92.12
483.51,101.2
483.53,111.2
483.54,116.6
483.56,127.9
483.57,134.0
483.59,146.6
483.61,160.1
483.62,167.2
483.64,181.9
483.66,197.3
483.67,205.3
483.69,221.7
483.71,238.7
483.72,247.5
483.74,265.2
483.76,283.4
483.77,292.5
483.79,311.1
483.81,329.7
483.82,339.0
483.84,357.7
483.86,376.1
483.87,385.2
483.89,403.2
483.91,420.7
483.92,429.3
483.94,445.9
483.95,453.9
483.97,469.4
483.99,483.9
484.0,490.8
484.02,503.9
484.04,515.8
484.05,521.3
484.07,531.5
484.09,540.5
484.1,544.5
484.12,551.6
484.14,557.4
484.15,559.8
484.17,563.8
484.19,566.5
484.2,567.4
484.22,568.3
484.24,568.2
484.25,567.7
484.27,566.1
484.29,563.5
484.3,561.9
484.32,558.1
484.33,555.9
484.35,551.0
484.37,545.6
484.38,542.7
484.4,536.6
484.42,530.2
484.43,526.9
484.45,520.1
484.47,513.1
484.48,509.7
484.5,502.7
484.52,495.9
484.53,492.5
484.55,485.9
484.57,479.6
484.58,476.6
484.6,470.9
484.62,465.8
484.63,463.4
484.65,459.1
484.67,455.6
484.68,454.2
484.7,452.0
484.71,451.3
484.73,450.8
484.75,451.4
484.76,452.3
484.78,455.0
484.8,459.4
484.81,462.2
484.83,469.2
484.85,478.2
484.86,483.5
484.88,495.7
484.9,510.4
484.91,518.6
484.93,537.2
484.95,558.4
484.96,570.1
484.98,595.7
485.0,624.3
485.01,639.8
485.03,673.0
485.04,690.8
485.06,728.8
485.08,769.9
485.09,791.6
485.11,837.3
485.13,885.8
485.14,911.2
485.16,963.8
485.18,1019.0
485.19,1047.0
485.21,1105.0
485.23,1165.0
485.24,1195.0
485.26,1257.0
485.28,1319.0
485.29,1351.0
485.31,1413.0
485.33,1475.0
485.34,1506.0
485.36,1566.0
485.38,1625.0
485.39,1653.0
485.41,1708.0
485.42,1734.0
485.44,1784.0
485.46,1831.0
485.47,1852.0
485.49,1892.0
485.51,1928.0
485.52,1943.0
485.54,1971.0
485.56,1993.0
485.57,2001.0
485.59,2015.0
485.61,2022.0
485.62,2023.0
485.64,2022.0
485.66,2014.0
485.67,2008.0
485.69,1992.0
485.71,1970.0
485.72,1957.0
485.74,1928.0
485.76,1893.0
485.77,1874.0
485.79,1833.0
485.8,1811.0
485.82,1764.0
485.84,1713.0
485.85,1687.0
485.87,1633.0
485.89,1576.0
485.9,1547.0
485.92,1488.0
485.94,1428.0
485.95,1397.0
485.97,1336.0
485.99,1275.0
486.0,1245.0
486.02,1184.0
486.04,1124.0
486.05,1095.0
486.07,1037.0
486.09,979.6
486.1,951.8
486.12,897.3
486.14,844.6
486.15,818.9
486.17,769.1
486.18,745.0
486.2,698.2
486.22,653.5
486.23,632.0
486.25,590.4
486.27,551.0
486.28,532.1
486.3,495.7
486.32,461.4
486.33,445.0
486.35,413.6
486.37,384.0
486.38,370.0
486.4,343.2
486.42,318.1
486.43,306.2
486.45,283.6
486.47,262.6
486.48,252.6
486.5,233.9
486.51,225.1
486.53,208.4
486.55,193.2
486.56,186.1
486.58,172.8
486.6,160.7
486.61,155.1
486.63,144.8
486.65,135.7
486.66,131.5
486.68,124.0
486.7,117.5
486.71,114.6
486.73,109.5
486.75,105.4
486.76,103.7
486.78,100.8
486.8,98.8
486.81,98.07
486.83,97.15
486.85,96.9
486.86,97.02
486.88,97.7
486.89,98.24
486.91,99.71
486.93,101.6
486.94,102.8
486.96,105.3
486.98,108.1
486.99,109.6
487.01,112.8
487.03,116.2
487.04,117.9
487.06,121.5
487.08,125.0
487.09,126.8
487.11,130.4
487.13,133.8
487.14,135.5
487.16,138.8
487.18,142.0
487.19,143.5
487.21,146.5
487.23,149.2
487.24,150.5
487.26,153.0
487.27,154.2
487.29,156.5
487.31,158.7
487.32,159.8
487.34,162.0
487.36,164.3
487.37,165.5
487.39,168.1
487.41,171.0
487.42,172.6
487.44,176.3
487.46,180.6
487.47,183.1
487.49,188.9
487.51,195.8
487.52,199.8
487.54,209.0
487.56,219.9
487.57,226.1
487.59,240.3
487.61,256.9
487.62,266.3
487.64,287.3
487.65,299.0
487.67,325.1
487.69,355.0
487.7,371.5
487.72,407.9
487.74,449.0
487.75,471.4
487.77,520.2
487.79,574.5
487.8,603.9
487.82,667.2
487.84,736.7
487.85,774.0
487.87,853.4
487.89,939.6
487.9,985.3
487.92,1082.0
487.94,1185.0
487.95,1240.0
487.97,1353.0
487.98,1413.0
488.0,1536.0
488.02,1666.0
488.03,1733.0
488.05,1871.0
488.07,2014.0
488.08,2087.0
488.1,2236.0
488.12,2389.0
488.13,2466.0
488.15,2621.0
488.17,2777.0
488.18,2855.0
488.2,3010.0
488.22,3163.0
488.23,3238.0
488.25,3386.0
488.27,3528.0
488.28,3597.0
488.3,3730.0
488.32,3854.0
488.33,3913.0
488.35,4023.0
488.36,4074.0
488.38,4167.0
488.4,4248.0
488.41,4284.0
488.43,4346.0
488.45,4393.0
488.46,4411.0
488.48,4437.0
488.5,4448.0
488.51,4447.0
488.53,4436.0
488.55,4410.0
488.56,4391.0
488.58,4343.0
488.6,4282.0
488.61,4246.0
488.63,4166.0
488.65,4073.0
488.66,4023.0
488.68,3915.0
488.7,3798.0
488.71,3736.0
488.73,3607.0
488.74,3540.0
488.76,3402.0
488.78,3260.0
488.79,3187.0
488.81,3041.0
488.83,2893.0
488.84,2819.0
488.86,2671.0
488.88,2524.0
488.89,2452.0
488.91,2309.0
488.93,2169.0
488.94,2101.0
488.96,1969.0
488.98,1841.0
488.99,1780.0
489.01,1661.0
489.03,1549.0
489.04,1495.0
489.06,1393.0
489.08,1298.0
489.09,1253.0
489.11,1169.0
489.12,1130.0
489.14,1056.0
489.16,989.2
489.17,958.6
489.19,902.6
489.21,853.4
489.22,831.4
489.24,792.4
489.26,760.0
489.27,746.2
489.29,723.5
489.31,707.2
489.32,701.4
489.34,694.4
489.36,693.7
489.37,695.7
489.39,704.2
489.41,718.8
489.42,728.5
489.44,752.4
489.45,766.7
489.47,800.0
489.49,839.5
489.5,861.6
489.52,910.5
489.54,965.7
489.55,995.6
489.57,1060.0
489.59,1131.0
489.6,1168.0
489.62,1248.0
489.64,1333.0
489.65,1378.0
489.67,1471.0
489.69,1570.0
489.7,1621.0
489.72,1726.0
489.74,1834.0
489.75,1890.0
489.77,2003.0
489.79,2118.0
489.8,2176.0
489.82,2293.0
489.83,2352.0
489.85,2468.0
489.87,2583.0
489.88,2640.0
489.9,2751.0
489.92,2859.0
489.93,2911.0
489.95,3011.0
489.97,3105.0
489.98,3149.0
490.0,3232.0
490.02,3306.0
490.03,3340.0
490.05,3400.0
490.07,3451.0
490.08,3472.0
490.1,3505.0
490.12,3528.0
490.13,3535.0
490.15,3540.0
490.17,3533.0
490.18,3526.0
490.2,3501.0
490.21,3485.0
490.23,3444.0
490.25,3392.0
490.26,3362.0
490.28,3294.0
490.3,3218.0
490.31,3176.0
490.33,3087.0
490.35,2990.0
490.36,2939.0
490.38,2832.0
490.4,2721.0
490.41,2663.0
490.43,2546.0
490.45,2426.0
490.46,2365.0
490.48,2242.0
490.5,2119.0
490.51,2057.0
490.53,1935.0
490.54,1874.0
490.56,1755.0
490.58,1637.0
490.59,1580.0
490.61,1467.0
490.63,1359.0
490.64,1306.0
490.66,1204.0
490.68,1107.0
490.69,1060.0
490.71,970.4
490.73,885.8
490.74,845.5
490.76,768.7
490.78,697.2
490.79,663.4
490.81,599.5
490.83,540.6
490.84,513.0
490.86,461.2
490.88,414.0
490.89,392.0
490.91,351.1
490.92,332.2
490.94,297.1
490.96,265.6
490.97,251.2
490.99,224.6
491.01,201.0
491.02,190.3
491.04,170.8
491.06,153.7
491.07,145.9
491.09,132.1
491.11,120.2
491.12,114.9
491.14,105.6
491.16,97.9
491.17,94.59
491.19,88.98
491.21,84.65
491.22,82.94
491.24,80.37
491.26,78.9
491.27,78.55
491.29,78.62
491.3,79.03
491.32,80.57
491.34,83.06
491.35,84.67
491.37,88.6
491.39,93.5
491.4,96.32
491.42,102.7
491.44,110.1
491.45,114.2
491.47,123.2
491.49,133.3
491.5,138.7
491.52,150.5
491.54,163.5
491.55,170.5
491.57,185.3
491.59,201.4
491.6,210.0
491.62,228.0
491.64,247.3
491.65,257.5
491.67,278.8
491.68,289.9
491.7,313.0
491.72,337.4
491.73,350.0
491.75,376.0
491.77,403.1
491.78,417.0
491.8,445.4
491.82,474.5
491.83,489.4
491.85,519.4
491.87,549.7
491.88,565.0
491.9,595.6
491.92,626.1
491.93,641.2
491.95,671.1
491.97,700.3
491.98,714.7
492.0,742.5
492.01,756.0
492.03,782.0
492.05,806.4
492.06,818.0
492.08,839.7
492.1,859.3
492.11,868.3
492.13,884.6
492.15,898.4
492.16,904.3
492.18,914.1
492.2,921.2
492.21,923.7
492.23,926.5
492.25,926.4
492.26,925.3
492.28,920.9
492.3,913.7
492.31,909.1
492.33,897.8
492.35,883.9
492.36,876.0
492.38,858.4
492.39,848.8
492.41,827.9
492.43,805.1
492.44,793.0
492.46,767.6
492.48,740.7
492.49,726.8
492.51,698.2
492.53,668.7
492.54,653.7
492.56,623.3
492.58,592.5
492.59,577.1
492.61,546.2
492.63,515.5
492.64,500.3
492.66,470.2
492.68,440.6
492.69,426.1
492.71,397.7
492.73,370.3
492.74,356.9
492.76,330.9
492.77,318.4
492.79,294.1
492.81,271.1
492.82,260.0
492.84,238.8
492.86,218.9
492.87,209.4
492.89,191.3
492.91,174.4
492.92,166.5
492.94,151.4
492.96,137.5
492.97,131.0
492.99,118.7
493.01,107.5
493.02,102.2
493.04,92.38
493.06,83.45
493.07,79.3
493.09,71.59
493.11,64.62
493.12,61.4
493.14,55.44
493.15,52.69
493.17,47.63
493.19,43.09
493.2,41.01
493.22,37.2
493.24,33.81
493.25,32.26
493.27,29.44
493.29,26.95
493.3,25.82
493.32,23.78
493.34,22.01
493.35,21.22
493.37,19.8
493.39,18.59
493.4,18.06
493.42,17.14
493.44,16.39
493.45,16.07
493.47,15.54
493.48,15.33
493.5,15.01
493.52,14.81
493.53,14.75
493.55,14.71
493.57,14.77
493.58,14.84
493.6,15.03
493.62,15.3
493.63,15.46
493.65,15.83
493.67,16.26
493.68,16.49
493.7,16.99
493.72,17.53
493.73,17.81
493.75,18.39
493.77,18.99
493.78,19.3
493.8,19.92
493.82,20.55
493.83,20.86
493.85,21.48
493.86,21.78
493.88,22.38
493.9,22.97
493.91,23.25
493.93,23.8
493.95,24.32
493.96,24.58
493.98,25.06
494.0,25.51
494.01,25.73
494.03,26.14
494.05,26.52
494.06,26.7
494.08,27.05
494.1,27.38
494.11,27.53
494.13,27.84
494.15,28.14
494.16,28.28
494.18,28.58
494.2,28.88
494.21,29.04
494.23,29.37
494.24,29.54
494.26,29.9
494.28,30.29
494.29,30.5
494.31,30.96
494.33,31.46
494.34,31.73
494.36,32.31
494.38,32.95
494.39,33.29
494.41,34.02
494.43,34.81
494.44,35.23
494.46,36.11
494.48,37.06
494.49,37.56
494.51,38.6
494.53,39.7
494.54,40.26
494.56,41.44
494.58,42.65
494.59,43.28
494.61,44.55
494.62,45.2
494.64,46.51
494.66,47.85
494.67,48.52
494.69,49.88
494.71,51.24
494.72,51.92
494.74,53.28
494.76,54.63
494.77,55.31
494.79,56.66
494.81,58.0
494.82,58.67
494.84,60.01
494.86,61.35
494.87,62.03
494.89,63.41
494.91,64.81
494.92,65.53
494.94,67.02
494.95,67.79
494.97,69.4
494.99,71.13
495.0,72.05
495.02,74.0
495.04,76.14
495.05,77.29
495.07,79.78
495.09,82.54
495.1,84.04
495.12,87.29
495.14,90.92
495.15,92.89
495.17,97.16
495.19,101.9
495.2,104.5
495.22,110.0
495.24,116.1
495.25,119.3
495.27,126.3
495.29,133.9
495.3,137.9
495.32,146.5
495.33,151.1
495.35,160.6
495.37,170.8
495.38,176.2
495.4,187.3
495.42,199.1
495.43,205.1
495.45,217.7
495.47,230.7
495.48,237.4
495.5,251.1
495.52,265.0
495.53,272.1
495.55,286.3
495.57,300.6
495.58,307.8
495.6,322.0
495.62,336.0
495.63,342.9
495.65,356.3
495.67,369.3
495.68,375.6
495.7,387.6
495.71,393.3
495.73,404.1
495.75,413.9
495.76,418.5
495.78,426.7
495.8,433.7
495.81,436.8
495.83,441.9
495.85,445.7
495.86,447.0
495.88,448.7
495.9,449.0
495.91,448.6
495.93,446.7
495.95,443.4
495.96,441.2
495.98,435.9
496.0,429.2
496.01,425.4
496.03,416.9
496.05,407.4
496.06,402.2
496.08,391.1
496.09,385.3
496.11,372.9
496.13,359.9
496.14,353.2
496.16,339.4
496.18,325.1
496.19,317.9
496.21,303.3
496.23,288.6
496.24,281.2
496.26,266.6
496.28,252.1
496.29,244.9
496.31,230.9
496.33,217.2
496.34,210.5
496.36,197.5
496.38,185.0
496.39,179.0
496.41,167.5
496.42,162.0
496.44,151.5
496.46,141.6
496.47,137.0
496.49,128.2
496.51,120.1
496.52,116.4
496.54,109.4
496.56,103.1
496.57,100.2
496.59,94.88
496.61,90.22
496.62,88.12
496.64,84.37
496.66,81.17
496.67,79.77
496.69,77.35
496.71,75.39
496.72,74.58
496.74,73.25
496.76,72.29
496.77,71.94
496.79,71.47
496.8,71.34
496.82,71.26
496.84,71.41
496.85,71.55
496.87,71.96
496.89,72.5
496.9,72.81
496.92,73.49
496.94,74.23
496.95,74.61
496.97,75.39
496.99,76.15
497.0,76.52
497.02,77.24
497.04,77.89
497.05,78.19
497.07,78.73
497.09,79.18
497.1,79.36
497.12,79.65
497.14,79.83
497.15,79.88
497.17,79.89
497.18,79.85
497.2,79.7
497.22,79.44
497.23,79.28
497.25,78.9
497.27,78.44
497.28,78.2
497.3,77.68
497.32,77.14
497.33,76.87
497.35,76.36
497.37,75.89
497.38,75.69
497.4,75.36
497.42,75.17
497.43,75.13
497.45,75.21
497.47,75.52
497.48,75.77
497.5,76.49
497.52,77.55
497.53,78.21
497.55,79.84
497.56,80.81
497.58,83.1
497.6,85.87
497.61,87.44
497.63,91.01
497.65,95.14
497.66,97.43
497.68,102.5
497.7,108.1
497.71,111.2
497.73,117.8
497.75,125.1
497.76,129.0
497.78,137.3
497.8,146.2
497.81,150.9
497.83,160.8
497.85,171.2
497.86,176.7
497.88,187.9
497.89,193.8
497.91,205.7
497.93,218.1
497.94,224.5
497.96,237.3
497.98,250.5
497.99,257.1
498.01,270.4
498.03,283.7
498.04,290.3
498.06,303.5
498.08,316.4
498.09,322.8
498.11,335.3
498.13,347.3
498.14,353.1
498.16,364.2
498.18,374.7
498.19,379.7
498.21,389.0
498.23,397.5
498.24,401.4
498.26,408.4
498.27,411.6
498.29,417.2
498.31,421.7
498.32,423.6
498.34,426.5
498.36,428.4
498.37,428.9
498.39,429.2
498.41,428.5
498.42,427.8
498.44,425.6
498.46,422.6
498.47,420.7
498.49,416.4
498.51,411.3
498.52,408.6
498.54,402.6
498.56,396.0
498.57,392.6
498.59,385.4
498.61,378.0
498.62,374.1
498.64,366.3
498.65,362.4
498.67,354.5
498.69,346.6
498.7,342.7
498.72,334.9
498.74,327.4
498.75,323.7
498.77,316.5
498.79,309.6
498.8,306.3
498.82,300.0
498.84,294.0
498.85,291.1
498.87,285.7
498.89,280.7
498.9,278.3
498.92,273.9
498.94,269.8
498.95,267.8
498.97,264.2
498.99,260.9
499.0,259.4
499.02,256.5
499.03,255.1
499.05,252.5
499.07,250.0
499.08,248.9
499.1,246.6
499.12,244.4
499.13,243.3
499.15,241.1
499.17,239.0
499.18,237.9
499.2,235.8
499.22,233.6
499.23,232.5
499.25,230.2
499.27,227.9
499.28,226.7
499.3,224.4
499.32,222.0
499.33,220.8
499.35,218.5
499.36,217.4
499.38,215.1
499.4,213.0
499.41,211.9
499.43,210.0
499.45,208.3
499.46,207.5
499.48,206.1
499.5,205.1
499.51,204.7
499.53,204.1
499.55,203.9
499.56,204.0
499.58,204.5
499.6,205.4
499.61,206.0
499.63,207.6
499.65,209.7
499.66,211.0
499.68,213.8
499.7,217.1
499.71,218.9
499.73,222.8
499.74,225.0
499.76,229.5
499.78,234.5
499.79,237.1
499.81,242.4
499.83,248.0
499.84,250.9
499.86,256.8
499.88,262.8
499.89,265.8
499.91,271.7
499.93,277.7
499.94,280.6
499.96,286.3
499.98,291.8
499.99,294.5
500.01,299.5
500.03,304.2
500.04,306.5
500.06,310.6
500.08,314.2
500.09,315.9
500.11,318.8
500.12,320.1
500.14,322.2
500.16,323.9
500.17,324.5
500.19,325.3
500.21,325.7
500.22,325.6
500.24,325.2
500.26,324.3
500.27,323.7
500.29,322.1
500.31,320.1
500.32,319.0
500.34,316.5
500.36,313.6
500.37,312.1
500.39,308.9
500.41,305.4
500.42,303.6
500.44,299.9
500.45,298.0
500.47,294.1
500.49,290.1
500.5,288.0
500.52,283.9
500.54,279.8
500.55,277.7
500.57,273.5
500.59,269.4
500.6,267.3
500.62,263.1
500.64,259.0
500.65,256.9
500.67,252.8
500.69,248.7
500.7,246.7
500.72,242.6
500.74,238.6
500.75,236.6
500.77,232.6
500.79,228.6
500.8,226.7
500.82,222.8
500.83,220.8
500.85,216.9
500.87,213.1
500.88,211.2
500.9,207.5
500.92,203.9
500.93,202.1
500.95,198.6
500.97,195.2
500.98,193.5
501.0,190.3
501.02,187.2
501.03,185.8
501.05,183.0
501.07,180.4
501.08,179.2
501.1,176.9
501.12,174.8
501.13,173.9
501.15,172.1
501.17,170.7
501.18,170.0
501.2,168.9
501.21,168.4
501.23,167.6
501.25,167.1
501.26,166.9
501.28,166.6
501.3,166.5
501.31,166.6
501.33,166.7
501.35,167.0
501.36,167.2
501.38,167.7
501.4,168.2
501.41,168.4
501.43,169.0
501.45,169.5
501.46,169.7
501.48,170.2
501.5,170.6
501.51,170.8
501.53,171.0
501.55,171.1
501.56,171.1
501.58,171.0
501.59,170.9
501.61,170.6
501.63,170.0
501.64,169.7
501.66,168.9
501.68,167.9
501.69,167.3
501.71,166.1
501.73,164.7
501.74,163.9
501.76,162.2
501.78,160.4
501.79,159.5
501.81,157.5
501.83,155.4
501.84,154.4
501.86,152.2
501.88,149.9
501.89,148.8
501.91,146.5
501.92,145.3
501.94,143.0
501.96,140.7
501.97,139.6
501.99,137.4
502.01,135.2
502.02,134.1
502.04,132.0
502.06,130.0
502.07,129.0
502.09,127.1
502.11,125.2
502.12,124.3
502.14,122.6
502.16,121.0
502.17,120.2
502.19,118.7
502.21,117.2
502.22,116.5
502.24,115.1
502.26,113.7
502.27,113.1
502.29,111.8
502.3,111.1
502.32,109.9
502.34,108.6
502.35,108.0
502.37,106.7
502.39,105.4
502.4,104.8
502.42,103.4
502.44,102.1
502.45,101.4
502.47,99.91
502.49,98.4
502.5,97.62
502.52,96.02
502.54,94.35
502.55,93.48
502.57,91.71
502.59,89.85
502.6,88.9
502.62,86.94
502.64,84.92
502.65,83.88
502.67,81.76
502.68,80.67
502.7,78.47
502.72,76.21
502.73,75.06
502.75,72.75
502.77,70.4
502.78,69.21
502.8,66.84
502.82,64.45
502.83,63.26
502.85,60.89
502.87,58.53
502.88,57.37
502.9,55.06
502.92,52.8
502.93,51.7
502.95,49.53
502.97,47.44
502.98,46.42
503.0,44.47
503.02,42.61
503.03,41.72
503.05,40.04
503.06,39.24
503.08,37.75
503.1,36.39
503.11,35.77
503.13,34.64
503.15,33.66
503.16,33.24
503.18,32.51
503.2,31.95
503.21,31.74
503.23,31.45
503.25,31.33
503.26,31.34
503.28,31.49
503.3,31.82
503.31,32.05
503.33,32.65
503.35,33.41
503.36,33.85
503.38,34.87
503.39,35.43
503.41,36.68
503.43,38.07
503.44,38.81
503.46,40.4
503.48,42.1
503.49,43.0
503.51,44.86
503.53,46.8
503.54,47.8
503.56,49.85
503.58,51.94
503.59,53.0
503.61,55.13
503.63,57.28
503.64,58.34
503.66,60.46
503.68,62.54
503.69,63.57
503.71,65.57
503.73,67.49
503.74,68.42
503.76,70.2
503.77,71.04
503.79,72.65
503.81,74.12
503.82,74.8
503.84,76.06
503.86,77.15
503.87,77.64
503.89,78.48
503.91,79.14
503.92,79.41
503.94,79.81
503.96,80.02
503.97,80.06
503.99,80.0
504.01,79.76
504.02,79.58
504.04,79.08
504.06,78.41
504.07,78.02
504.09,77.12
504.11,76.08
504.12,75.51
504.14,74.27
504.15,73.61
504.17,72.2
504.19,70.7
504.2,69.92
504.22,68.3
504.24,66.62
504.25,65.76
504.27,64.02
504.29,62.25
504.3,61.36
504.32,59.59
504.34,57.83
504.35,56.96
504.37,55.24
504.39,53.57
504.4,52.75
504.42,51.17
504.44,49.66
504.45,48.94
504.47,47.55
504.49,46.26
504.5,45.65
504.52,44.52
504.53,43.99
504.55,43.01
504.57,42.15
504.58,41.76
504.6,41.07
504.62,40.49
504.63,40.24
504.65,39.83
504.67,39.52
504.68,39.41
504.7,39.25
504.72,39.19
504.73,39.19
504.75,39.26
504.77,39.4
504.78,39.49
504.8,39.73
504.82,40.02
504.83,40.18
504.85,40.53
504.86,40.71
504.88,41.1
504.9,41.49
504.91,41.69
504.93,42.09
504.95,42.47
504.96,42.65
504.98,43.0
505.0,43.32
505.01,43.46
505.03,43.71
505.05,43.91
505.06,43.99
505.08,44.1
505.1,44.16
505.11,44.16
505.13,44.11
505.15,44.0
505.16,43.92
505.18,43.7
505.2,43.42
505.21,43.25
505.23,42.88
505.24,42.66
505.26,42.19
505.28,41.67
505.29,41.39
505.31,40.78
505.33,40.14
505.34,39.8
505.36,39.1
505.38,38.36
505.39,37.98
505.41,37.21
505.43,36.43
505.44,36.03
505.46,35.22
505.48,34.41
505.49,34.01
505.51,33.2
505.53,32.39
505.54,32.0
505.56,31.21
505.58,30.44
505.59,30.06
505.61,29.31
505.62,28.95
505.64,28.23
505.66,27.55
505.67,27.21
505.69,26.57
505.71,25.95
505.72,25.65
505.74,25.08
505.76,24.54
505.77,24.28
505.79,23.79
505.81,23.33
505.82,23.12
505.84,22.72
505.86,22.36
505.87,22.2
505.89,21.9
505.91,21.64
505.92,21.53
505.94,21.34
505.96,21.2
505.97,21.14
505.99,21.07
506.0,21.06
506.02,21.07
506.04,21.13
506.05,21.18
506.07,21.32
506.09,21.52
506.1,21.64
506.12,21.93
506.14,22.27
506.15,22.46
506.17,22.88
506.19,23.36
506.2,23.63
506.22,24.19
506.24,24.8
506.25,25.13
506.27,25.82
506.29,26.56
506.3,26.94
506.32,27.74
506.33,28.16
506.35,29.02
506.37,29.91
506.38,30.37
506.4,31.3
506.42,32.26
506.43,32.75
506.45,33.73
506.47,34.74
506.48,35.24
506.5,36.26
506.52,37.27
506.53,37.78
506.55,38.8
506.57,39.81
506.58,40.31
506.6,41.3
506.62,42.28
506.63,42.77
506.65,43.72
506.67,44.65
506.68,45.1
506.7,45.99
506.71,46.43
506.73,47.27
506.75,48.09
506.76,48.48
506.78,49.24
506.8,49.96
506.81,50.3
506.83,50.96
506.85,51.57
506.86,51.86
506.88,52.41
506.9,52.91
506.91,53.14
506.93,53.56
506.95,53.93
506.96,54.1
506.98,54.39
507.0,54.63
507.01,54.73
507.03,54.89
507.05,54.99
507.06,55.02
507.08,55.04
507.09,55.02
507.11,54.96
507.13,54.84
507.14,54.76
507.16,54.55
507.18,54.3
507.19,54.15
507.21,53.81
507.23,53.43
507.24,53.22
507.26,52.76
507.28,52.26
507.29,51.99
507.31,51.43
507.33,50.82
507.34,50.51
507.36,49.85
507.38,49.17
507.39,48.82
507.41,48.1
507.43,47.37
507.44,47.0
507.46,46.26
507.47,45.89
507.49,45.15
507.51,44.44
507.52,44.09
507.54,43.43
507.56,42.83
507.57,42.55
507.59,42.06
507.61,41.68
507.62,41.54
507.64,41.37
507.66,41.38
507.67,41.47
507.69,41.82
507.71,42.46
507.72,42.9
507.74,44.06
507.76,45.64
507.77,46.61
507.79,48.96
507.8,50.35
507.82,53.64
507.84,57.67
507.85,59.99
507.87,65.32
507.89,71.67
507.9,75.25
507.92,83.34
507.94,92.76
507.95,98.01
507.97,109.7
507.99,123.1
508.0,130.5
508.02,146.7
508.04,165.1
508.05,175.2
508.07,197.1
508.09,221.5
508.1,234.7
508.12,263.3
508.14,294.9
508.15,311.8
508.17,348.1
508.18,367.5
508.2,408.9
508.22,453.8
508.23,477.5
508.25,527.8
508.27,581.7
508.28,610.0
508.3,669.5
508.32,732.5
508.33,765.4
508.35,833.7
508.37,905.3
508.38,942.4
508.4,1019.0
508.42,1098.0
508.43,1138.0
508.45,1221.0
508.47,1305.0
508.48,1348.0
508.5,1434.0
508.52,1522.0
508.53,1565.0
508.55,1653.0
508.56,1696.0
508.58,1782.0
508.6,1867.0
508.61,1908.0
508.63,1989.0
508.65,2067.0
508.66,2104.0
508.68,2176.0
508.7,2244.0
508.71,2275.0
508.73,2334.0
508.75,2387.0
508.76,2411.0
508.78,2454.0
508.8,2490.0
508.81,2505.0
508.83,2529.0
508.85,2546.0
508.86,2551.0
508.88,2556.0
508.9,2552.0
508.91,2547.0
508.93,2531.0
508.94,2520.0
508.96,2492.0
508.98,2457.0
508.99,2437.0
509.01,2391.0
509.03,2339.0
509.04,2310.0
509.06,2249.0
509.08,2182.0
509.09,2147.0
509.11,2073.0
509.13,1995.0
509.14,1956.0
509.16,1873.0
509.18,1789.0
509.19,1746.0
509.21,1660.0
509.23,1573.0
509.24,1529.0
509.26,1442.0
509.27,1398.0
509.29,1312.0
509.31,1228.0
509.32,1186.0
509.34,1105.0
509.36,1025.0
509.37,986.7
509.39,911.6
509.41,839.5
509.42,804.7
509.44,737.7
509.46,674.2
509.47,643.7
509.49,585.6
509.51,531.1
509.52,505.1
509.54,456.0
509.56,410.5
509.57,389.0
509.59,348.6
509.61,311.5
509.62,294.1
509.64,261.7
509.65,246.6
509.67,218.5
509.69,193.1
509.7,181.4
509.72,159.7
509.74,140.3
509.75,131.4
509.77,115.1
509.79,100.7
509.8,94.07
509.82,82.09
509.84,71.57
509.85,66.81
509.87,58.22
509.89,50.76
509.9,47.41
509.92,41.42
509.94,36.27
509.95,33.98
509.97,29.92
509.99,26.49
510.0,24.98
510.02,22.33
510.03,21.18
510.05,19.19
510.07,17.56
510.08,16.87
510.1,15.7
510.12,14.79
510.13,14.42
510.15,13.84
510.17,13.43
510.18,13.29
510.2,13.12
510.22,13.08
510.23,13.11
510.25,13.24
510.27,13.46
510.28,13.6
510.3,13.95
510.32,14.36
510.33,14.6
510.35,15.11
510.36,15.38
510.38,15.97
510.4,16.6
510.41,16.94
510.43,17.63
510.45,18.36
510.46,18.74
510.48,19.51
510.5,20.32
510.51,20.73
510.53,21.57
510.55,22.43
510.56,22.87
510.58,23.76
510.6,24.66
510.61,25.12
510.63,26.05
510.65,27.0
510.66,27.48
510.68,28.45
510.7,29.45
510.71,29.95
510.73,30.99
510.74,31.51
510.76,32.59
510.78,33.7
510.79,34.27
510.81,35.45
510.83,36.68
510.84,37.31
510.86,38.64
510.88,40.03
510.89,40.76
510.91,42.28
510.93,43.9
510.94,44.75
510.96,46.53
510.98,48.44
510.99,49.44
511.01,51.55
511.03,53.82
511.04,55.01
511.06,57.51
511.08,60.19
511.09,61.6
511.11,64.56
511.12,66.12
511.14,69.38
511.16,72.85
511.17,74.68
511.19,78.49
511.21,82.53
511.22,84.64
511.24,89.05
511.26,93.71
511.27,96.13
511.29,101.2
511.31,106.5
511.32,109.3
511.34,115.0
511.36,121.1
511.37,124.2
511.39,130.7
511.41,137.5
511.42,141.1
511.44,148.4
511.46,156.1
511.47,160.1
511.49,168.4
511.5,172.7
511.52,181.6
511.54,190.9
511.55,195.8
511.57,205.8
511.59,216.4
511.6,221.8
511.62,233.2
511.64,245.1
511.65,251.2
511.67,264.0
511.69,277.4
511.7,284.4
511.72,298.7
511.74,313.8
511.75,321.6
511.77,337.6
511.79,354.4
511.8,363.0
511.82,380.8
511.83,390.0
511.85,408.8
511.87,428.2
511.88,438.2
511.9,458.5
511.92,479.4
511.93,490.1
511.95,511.7
511.97,533.8
511.98,544.9
512.0,567.4
512.02,590.1
512.03,601.4
512.05,624.2
512.07,646.8
512.08,658.0
512.1,680.2
512.12,702.0
512.13,712.7
512.15,733.5
512.17,753.5
512.18,763.1
512.2,781.6
512.21,790.5
512.23,807.1
512.25,822.3
512.26,829.4
512.28,842.2
512.3,853.3
512.31,858.2
512.33,866.4
512.35,872.7
512.36,875.0
512.38,878.0
512.4,878.9
512.41,878.5
512.43,876.0
512.45,871.2
512.46,868.0
512.48,859.9
512.5,849.6
512.51,843.7
512.53,830.2
512.55,814.7
512.56,806.3
512.58,788.0
512.59,778.2
512.61,757.4
512.63,735.1
512.64,723.4
512.66,699.1
512.68,673.8
512.69,660.8
512.71,634.1
512.73,606.8
512.74,592.9
512.76,565.0
512.78,536.8
512.79,522.7
512.81,494.5
512.83,466.5
512.84,452.6
512.86,425.2
512.88,398.3
512.89,385.1
512.91,359.2
512.93,334.2
512.94,322.0
512.96,298.4
512.97,286.9
512.99,264.8
513.01,243.8
513.02,233.7
513.04,214.4
513.06,196.3
513.07,187.6
513.09,171.2
513.11,156.0
513.12,148.8
513.14,135.3
513.16,122.9
513.17,117.1
513.19,106.4
513.21,96.64
513.22,92.14
513.24,83.88
513.26,76.54
513.27,73.21
513.29,67.19
513.3,64.49
513.32,59.67
513.34,55.6
513.35,53.83
513.37,50.8
513.39,48.41
513.4,47.44
513.42,45.92
513.44,44.94
513.45,44.64
513.47,44.39
513.49,44.58
513.5,44.83
513.52,45.61
513.54,46.75
513.55,47.44
513.57,49.06
513.59,50.94
513.6,51.98
513.62,54.22
513.64,56.67
513.65,57.95
513.67,60.64
513.68,62.04
513.7,64.9
513.72,67.86
513.73,69.36
513.75,72.39
513.77,75.43
513.78,76.95
513.8,79.97
513.82,82.93
513.83,84.39
513.85,87.23
513.87,89.97
513.88,91.29
513.9,93.82
513.92,96.18
513.93,97.3
513.95,99.39
513.97,101.3
513.98,102.1
514.0,103.7
514.02,105.0
514.03,105.6
514.05,106.6
514.06,107.0
514.08,107.6
514.1,107.9
514.11,108.0
514.13,108.0
514.15,107.8
514.16,107.6
514.18,107.0
514.2,106.2
514.21,105.8
514.23,104.7
514.25,103.4
514.26,102.8
514.28,101.3
514.3,99.64
514.31,98.78
514.33,96.97
514.35,95.06
514.36,94.07
514.38,92.04
514.4,89.95
514.41,88.88
514.43,86.72
514.44,85.62
514.46,83.42
514.48,81.2
514.49,80.09
514.51,77.87
514.53,75.66
514.54,74.57
514.56,72.38
514.58,70.23
514.59,69.16
514.61,67.05
514.63,64.97
514.64,63.94
514.66,61.92
514.68,59.93
514.69,58.96
514.71,57.04
514.73,55.15
514.74,54.23
514.76,52.41
514.77,51.52
514.79,49.76
514.81,48.05
514.82,47.21
514.84,45.57
514.86,43.97
514.87,43.18
514.89,41.66
514.91,40.18
514.92,39.46
514.94,38.05
514.96,36.7
514.97,36.05
514.99,34.78
515.01,33.58
515.02,33.0
515.04,31.88
515.06,30.83
515.07,30.33
515.09,29.39
515.11,28.51
515.12,28.09
515.14,27.32
515.15,26.96
515.17,26.29
515.19,25.7
515.2,25.43
515.22,24.94
515.24,24.53
515.25,24.35
515.27,24.04
515.29,23.81
515.3,23.71
515.32,23.57
515.34,23.5
515.35,23.48
515.37,23.49
515.39,23.56
515.4,23.61
515.42,23.76
515.44,23.95
515.45,24.06
515.47,24.31
515.49,24.59
515.5,24.74
515.52,25.07
515.53,25.25
515.55,25.61
515.57,26.0
515.58,26.2
515.6,26.61
515.62,27.03
515.63,27.24
515.65,27.67
515.67,28.11
515.68,28.33
515.7,28.78
515.72,29.23
515.73,29.46
515.75,29.92
515.77,30.39
515.78,30.63
515.8,31.12
515.82,31.63
515.83,31.89
515.85,32.44
515.87,33.02
515.88,33.33
515.9,33.98
515.91,34.33
515.93,35.07
515.95,35.89
515.96,36.33
515.98,37.29
516.0,38.35
516.01,38.93
516.03,40.19
516.05,41.6
516.06,42.36
516.08,44.02
516.1,45.87
516.11,46.87
516.13,49.04
516.15,51.44
516.16,52.73
516.18,55.52
516.2,58.57
516.21,60.21
516.23,63.71
516.24,65.57
516.26,69.54
516.28,73.84
516.29,76.11
516.31,80.92
516.33,86.07
516.34,88.78
516.36,94.46
516.38,100.5
516.39,103.7
516.41,110.2
516.43,117.1
516.44,120.7
516.46,128.1
516.48,135.9
516.49,139.9
516.51,148.0
516.53,156.5
516.54,160.8
516.56,169.7
516.58,178.7
516.59,183.3
516.61,192.7
516.62,197.4
516.64,206.9
516.66,216.5
516.67,221.4
516.69,231.1
516.71,240.9
516.72,245.7
516.74,255.4
516.76,265.1
516.77,269.8
516.79,279.3
516.81,288.6
516.82,293.2
516.84,302.2
516.86,311.0
516.87,315.3
516.89,323.7
516.91,331.7
516.92,335.6
516.94,343.2
516.96,350.4
516.97,353.8
516.99,360.4
517.0,363.6
517.02,369.5
517.04,375.0
517.05,377.5
517.07,382.3
517.09,386.5
517.1,388.5
517.12,391.9
517.14,394.8
517.15,396.1
517.17,398.2
517.19,399.7
517.2,400.3
517.22,401.0
517.24,401.1
517.25,400.9
517.27,400.1
517.29,398.8
517.3,397.9
517.32,395.8
517.34,393.1
517.35,391.5
517.37,388.1
517.38,386.2
517.4,382.0
517.42,377.4
517.43,374.9
517.45,369.8
517.47,364.3
517.48,361.4
517.5,355.5
517.52,349.4
517.53,346.3
517.55,340.1
517.57,333.8
517.58,330.7
517.6,324.6
517.62,318.6
517.63,315.7
517.65,310.1
517.67,304.9
517.68,302.5
517.7,298.0
517.71,296.0
517.73,292.4
517.75,289.4
517.76,288.3
517.78,286.5
517.8,285.6
517.81,285.5
517.83,286.0
517.85,287.5
517.86,288.6
517.88,291.7
517.9,295.8
517.91,298.3
517.93,304.1
517.95,310.9
517.96,314.8
517.98,323.2
518.0,332.7
518.01,337.8
518.03,348.8
518.05,360.6
518.06,366.8
518.08,379.9
518.09,386.6
518.11,400.6
518.13,415.1
518.14,422.5
518.16,437.6
518.18,452.8
518.19,460.5
518.21,475.8
518.23,491.0
518.24,498.4
518.26,513.1
518.28,527.2
518.29,534.1
518.31,547.2
518.33,559.5
518.34,565.2
518.36,576.0
518.38,585.6
518.39,589.9
518.41,597.6
518.43,603.8
518.44,606.4
518.46,610.5
518.47,612.0
518.49,613.8
518.51,614.0
518.52,613.5
518.54,611.4
518.56,607.8
518.57,605.4
518.59,599.6
518.61,592.3
518.62,588.2
518.64,579.0
518.66,568.6
518.67,563.0
518.69,551.1
518.71,538.2
518.72,531.4
518.74,517.5
518.76,502.9
518.77,495.4
518.79,480.2
518.81,464.7
518.82,456.9
518.84,441.3
518.85,433.5
518.87,418.0
518.89,402.7
518.9,395.1
518.92,380.4
518.94,366.1
518.95,359.2
518.97,345.7
518.99,333.0
519.0,326.9
519.02,315.2
519.04,304.3
519.05,299.2
519.07,289.6
519.09,280.9
519.1,276.9
519.12,269.6
519.14,263.2
519.15,260.4
519.17,255.4
519.18,253.3
519.2,249.9
519.22,247.4
519.23,246.5
519.25,245.6
519.27,245.7
519.28,246.1
519.3,247.8
519.32,250.7
519.33,252.5
519.35,257.0
519.37,262.8
519.38,266.1
519.4,273.7
519.42,282.7
519.43,287.7
519.45,298.8
519.47,311.3
519.48,318.2
519.5,333.0
519.52,349.5
519.53,358.4
519.55,377.5
519.56,387.7
519.58,409.4
519.6,433.0
519.61,445.5
519.63,471.9
519.65,500.2
519.66,515.1
519.68,546.4
519.7,579.6
519.71,596.9
519.73,632.9
519.75,670.8
519.76,690.5
519.78,731.1
519.8,773.4
519.81,795.2
519.83,840.0
519.85,886.2
519.86,909.8
519.88,958.1
519.9,1007.0
519.91,1033.0
519.93,1084.0
519.94,1109.0
519.96,1161.0
519.98,1214.0
519.99,1241.0
520.01,1294.0
520.03,1347.0
520.04,1374.0
520.06,1428.0
520.08,1481.0
520.09,1508.0
520.11,1560.0
520.13,1613.0
520.14,1638.0
520.16,1690.0
520.18,1740.0
520.19,1764.0
520.21,1813.0
520.23,1860.0
520.24,1883.0
520.26,1929.0
520.27,1951.0
520.29,1993.0
520.31,2034.0
520.32,2054.0
520.34,2092.0
520.36,2128.0
520.37,2145.0
520.39,2177.0
520.41,2207.0
520.42,2221.0
520.44,2246.0
520.46,2269.0
520.47,2279.0
520.49,2297.0
520.51,2311.0
520.52,2317.0
520.54,2327.0
520.56,2332.0
520.57,2333.0
520.59,2333.0
520.61,2329.0
520.62,2325.0
520.64,2315.0
520.65,2308.0
520.67,2291.0
520.69,2270.0
520.7,2258.0
520.72,2231.0
520.74,2200.0
520.75,2182.0
520.77,2145.0
520.79,2104.0
520.8,2082.0
520.82,2035.0
520.84,1986.0
520.85,1959.0
520.87,1905.0
520.89,1848.0
520.9,1818.0
520.92,1757.0
520.94,1695.0
520.95,1663.0
520.97,1598.0
520.99,1532.0
521.0,1498.0
521.02,1431.0
521.03,1398.0
521.05,1330.0
521.07,1263.0
521.08,1230.0
521.1,1164.0
521.12,1099.0
521.13,1066.0
521.15,1003.0
521.17,941.7
521.18,911.6
521.2,852.9
521.22,796.2
521.23,768.7
521.25,715.4
521.27,664.5
521.28,639.9
521.3,592.7
521.32,548.1
521.33,526.7
521.35,485.8
521.37,447.5
521.38,429.3
521.4,394.7
521.41,378.3
521.43,347.3
521.45,318.6
521.46,305.1
521.48,279.7
521.5,256.4
521.51,245.4
521.53,225.0
521.55,206.4
521.56,197.7
521.58,181.5
521.6,166.9
521.61,160.1
521.63,147.5
521.65,136.2
521.66,130.9
521.68,121.3
521.7,112.6
521.71,108.7
521.73,101.4
521.74,98.04
521.76,91.92
521.78,86.49
521.79,84.02
521.81,79.52
521.83,75.57
521.84,73.78
521.86,70.57
521.88,67.81
521.89,66.58
521.91,64.42
521.93,62.63
521.94,61.86
521.96,60.58
521.98,59.62
521.99,59.26
522.01,58.75
522.03,58.54
522.04,58.54
522.06,58.75
522.08,59.23
522.09,59.58
522.11,60.46
522.12,61.01
522.14,62.29
522.16,63.84
522.17,64.71
522.19,66.64
522.21,68.83
522.22,70.01
522.24,72.57
522.26,75.36
522.27,76.84
522.29,79.98
522.31,83.33
522.32,85.08
522.34,88.73
522.36,92.58
522.37,94.56
522.39,98.65
522.41,102.9
522.42,105.1
522.44,109.5
522.46,114.0
522.47,116.3
522.49,121.0
522.5,123.3
522.52,128.0
522.54,132.7
522.55,135.1
522.57,139.8
522.59,144.5
522.6,146.8
522.62,151.5
522.64,156.0
522.65,158.2
522.67,162.7
522.69,166.9
522.7,169.1
522.72,173.2
522.74,177.1
522.75,179.1
522.77,182.9
522.79,186.5
522.8,188.3
522.82,191.7
522.84,194.9
522.85,196.5
522.87,199.6
522.88,201.0
522.9,203.9
522.92,206.6
522.93,207.9
522.95,210.4
522.97,212.8
522.98,214.0
523.0,216.2
523.02,218.3
523.03,219.3
523.05,221.2
523.07,223.1
523.08,223.9
523.1,225.5
523.12,227.1
523.13,227.8
523.15,229.1
523.17,230.2
523.18,230.7
523.2,231.6
523.21,232.0
523.23,232.6
523.25,233.0
523.26,233.1
523.28,233.1
523.3,232.9
523.31,232.7
523.33,232.1
523.35,231.1
523.36,230.6
523.38,229.2
523.4,227.4
523.41,226.4
523.43,224.2
523.45,221.6
523.46,220.2
523.48,217.0
523.5,213.5
523.51,211.7
523.53,207.7
523.55,203.4
523.56,201.1
523.58,196.3
523.59,193.8
523.61,188.6
523.63,183.1
523.64,180.3
523.66,174.5
523.68,168.5
523.69,165.4
523.71,159.2
523.73,152.9
523.74,149.7
523.76,143.2
523.78,136.8
523.79,133.6
523.81,127.1
523.83,120.7
523.84,117.6
523.86,111.3
523.88,105.2
523.89,102.2
523.91,96.3
523.93,90.58
523.94,87.79
523.96,82.38
523.97,79.75
523.99,74.67
524.01,69.83
524.02,67.5
524.04,63.03
524.06,58.81
524.07,56.8
524.09,52.96
524.11,49.37
524.12,47.67
524.14,44.45
524.16,41.47
524.17,40.07
524.19,37.43
524.21,35.01
524.22,33.88
524.24,31.76
524.26,29.83
524.27,28.94
524.29,27.27
524.31,25.76
524.32,25.06
524.34,23.76
524.35,23.16
524.37,22.06
524.39,21.06
524.4,20.6
524.42,19.75
524.44,18.98
524.45,18.63
524.47,17.98
524.49,17.39
524.5,17.11
524.52,16.61
524.54,16.16
524.55,15.94
524.57,15.55
524.59,15.2
524.6,15.04
524.62,14.74
524.64,14.46
524.65,14.34
524.67,14.11
524.68,14.01
524.7,13.83
524.72,13.67
524.73,13.6
524.75,13.48
524.77,13.4
524.78,13.36
524.8,13.32
524.82,13.3
524.83,13.31
524.85,13.34
524.87,13.4
524.88,13.45
524.9,13.56
524.92,13.7
524.93,13.79
524.95,13.98
524.97,14.21
524.98,14.33
525.0,14.61
525.02,14.92
525.03,15.08
525.05,15.44
525.06,15.63
525.08,16.02
525.1,16.45
525.11,16.67
525.13,17.13
525.15,17.61
525.16,17.86
525.18,18.37
525.2,18.89
525.21,19.16
525.23,19.7
525.25,20.25
525.26,20.53
525.28,21.08
525.3,21.64
525.31,21.92
525.33,22.47
525.35,23.02
525.36,23.29
525.38,23.83
525.4,24.36
525.41,24.62
525.43,25.14
525.44,25.39
525.46,25.89
525.48,26.37
525.49,26.61
525.51,27.07
525.53,27.53
525.54,27.75
525.56,28.2
525.58,28.63
525.59,28.85
525.61,29.28
525.63,29.72
525.64,29.94
525.66,30.38
525.68,30.83
525.69,31.06
525.71,31.54
525.73,32.04
525.74,32.3
525.76,32.84
525.78,33.42
525.79,33.72
525.81,34.36
525.82,34.7
525.84,35.42
525.86,36.2
525.87,36.61
525.89,37.49
525.91,38.44
525.92,38.95
525.94,40.03
525.96,41.2
525.97,41.82
525.99,43.14
526.01,44.57
526.02,45.33
526.04,46.94
526.06,48.67
526.07,49.59
526.09,51.53
526.11,53.61
526.12,54.7
526.14,57.01
526.15,58.23
526.17,60.78
526.19,63.51
526.2,64.93
526.22,67.92
526.24,71.09
526.25,72.75
526.27,76.21
526.29,79.85
526.3,81.75
526.32,85.7
526.34,89.84
526.35,91.98
526.37,96.42
526.39,101.1
526.4,103.4
526.42,108.4
526.44,113.5
526.45,116.1
526.47,121.5
526.49,127.0
526.5,129.8
526.52,135.6
526.53,138.5
526.55,144.4
526.57,150.5
526.58,153.6
526.6,159.7
526.62,165.9
526.63,169.1
526.65,175.3
526.67,181.6
526.68,184.7
526.7,190.8
526.72,196.9
526.73,199.9
526.75,205.8
526.77,211.5
526.78,214.3
526.8,219.7
526.82,224.8
526.83,227.3
526.85,232.0
526.87,236.3
526.88,238.4
526.9,242.2
526.91,243.9
526.93,247.1
526.95,249.8
526.96,251.0
526.98,253.0
527.0,254.5
527.01,255.0
527.03,255.7
527.05,255.9
527.06,255.8
527.08,255.1
527.1,253.9
527.11,253.1
527.13,251.1
527.15,248.5
527.16,247.0
527.18,243.7
527.2,239.9
527.21,237.8
527.23,233.3
527.25,228.4
527.26,225.8
527.28,220.2
527.29,217.3
527.31,211.3
527.33,205.0
527.34,201.8
527.36,195.1
527.38,188.2
527.39,184.7
527.41,177.7
527.43,170.5
527.44,166.9
527.46,159.7
527.48,152.6
527.49,149.0
527.51,141.9
527.53,134.9
527.54,131.5
527.56,124.8
527.58,118.2
527.59,115.0
527.61,108.8
527.62,105.8
527.64,100.0
527.66,94.51
527.67,91.87
527.69,86.82
527.71,82.09
527.72,79.85
527.74,75.63
527.76,71.75
527.77,69.94
527.79,66.58
527.81,63.57
527.82,62.2
527.84,59.7
527.86,57.54
527.87,56.58
527.89,54.91
527.91,53.54
527.92,52.97
527.94,52.05
527.96,51.4
527.97,51.18
527.99,50.92
528.0,50.88
528.02,50.96
528.04,51.26
528.05,51.48
528.07,52.05
528.09,52.79
528.1,53.21
528.12,54.16
528.14,55.22
528.15,55.79
528.17,56.99
528.19,58.27
528.2,58.93
528.22,60.29
528.24,61.68
528.25,62.38
528.27,63.8
528.29,65.21
528.3,65.92
528.32,67.32
528.34,68.7
528.35,69.38
528.37,70.71
528.38,71.37
528.4,72.65
528.42,73.88
528.43,74.49
528.45,75.66
528.47,76.79
528.48,77.34
528.5,78.4
528.52,79.43
528.53,79.93
528.55,80.91
528.57,81.86
528.58,82.33
528.6,83.24
528.62,84.14
528.63,84.58
528.65,85.45
528.67,86.32
528.68,86.75
528.7,87.61
528.72,88.46
528.73,88.88
528.75,89.72
528.76,90.14
528.78,90.97
528.8,91.79
528.81,92.2
528.83,92.99
528.85,93.76
528.86,94.13
528.88,94.85
528.9,95.52
528.91,95.83
528.93,96.42
528.95,96.93
528.96,97.16
528.98,97.55
529.0,97.84
529.01,97.94
529.03,98.07
529.05,98.07
529.06,98.02
529.08,97.82
529.09,97.67
529.11,97.25
529.13,96.69
529.14,96.35
529.16,95.55
529.18,94.6
529.19,94.06
529.21,92.88
529.23,91.55
529.24,90.83
529.26,89.28
529.28,87.61
529.29,86.73
529.31,84.88
529.33,82.93
529.34,81.93
529.36,79.86
529.38,77.74
529.39,76.66
529.41,74.49
529.43,72.3
529.44,71.21
529.46,69.05
529.47,67.99
529.49,65.9
529.51,63.88
529.52,62.91
529.54,61.04
529.56,59.3
529.57,58.49
529.59,56.97
529.61,55.62
529.62,55.02
529.64,53.96
529.66,53.11
529.67,52.77
529.69,52.25
529.71,51.97
529.72,51.92
529.74,52.01
529.76,52.35
529.77,52.61
529.79,53.33
529.81,54.29
529.82,54.87
529.84,56.2
529.85,56.96
529.87,58.64
529.89,60.54
529.9,61.57
529.92,63.78
529.94,66.17
529.95,67.43
529.97,70.07
529.99,72.83
530.0,74.26
530.02,77.19
530.04,80.19
530.05,81.71
530.07,84.77
530.09,87.84
530.1,89.37
530.12,92.41
530.14,95.38
530.15,96.83
530.17,99.66
530.18,101.0
530.2,103.7
530.22,106.1
530.23,107.3
530.25,109.4
530.27,111.4
530.28,112.2
530.3,113.8
530.32,115.1
530.33,115.6
530.35,116.5
530.37,117.0
530.38,117.2
530.4,117.3
530.42,117.1
530.43,116.9
530.45,116.2
530.47,115.2
530.48,114.6
530.5,113.1
530.52,111.4
530.53,110.5
530.55,108.3
530.56,107.2
530.58,104.7
530.6,102.0
530.61,100.5
530.63,97.54
530.65,94.37
530.66,92.73
530.68,89.35
530.7,85.86
530.71,84.08
530.73,80.47
530.75,76.8
530.76,74.95
530.78,71.25
530.8,67.55
530.81,65.7
530.83,62.04
530.85,58.43
530.86,56.65
530.88,53.14
530.9,49.72
530.91,48.05
530.93,44.78
530.94,43.19
530.96,40.11
530.98,37.16
530.99,35.74
531.01,32.99
531.03,30.4
531.04,29.15
531.06,26.78
531.08,24.56
531.09,23.51
531.11,21.51
531.13,19.67
531.14,18.81
531.16,17.19
531.18,15.72
531.19,15.04
531.21,13.79
531.23,12.67
531.24,12.17
531.26,11.26
531.28,10.49
531.29,10.15
531.31,9.568
531.32,9.325
531.34,8.935
531.36,8.668
531.37,8.581
531.39,8.498
531.41,8.536
531.42,8.601
531.44,8.821
531.46,9.164
531.47,9.381
531.49,9.908
531.51,10.56
531.52,10.93
531.54,11.78
531.56,12.75
531.57,13.29
531.59,14.47
531.61,15.78
531.62,16.49
531.64,18.02
531.65,18.84
531.67,20.59
531.69,22.5
531.7,23.5
531.72,25.64
531.74,27.93
531.75,29.14
531.77,31.67
531.79,34.36
531.8,35.77
531.82,38.71
531.84,41.81
531.85,43.42
531.87,46.76
531.89,50.26
531.9,52.07
531.92,55.8
531.94,59.67
531.95,61.66
531.97,65.75
531.99,69.96
532.0,72.11
532.02,76.5
532.03,78.74
532.05,83.29
532.07,87.93
532.08,90.28
532.1,95.03
532.12,99.84
532.13,102.3
532.15,107.1
532.17,112.0
532.18,114.5
532.2,119.3
532.22,124.2
532.23,126.6
532.25,131.4
532.27,136.2
532.28,138.5
532.3,143.1
532.32,147.6
532.33,149.8
532.35,154.1
532.37,158.3
532.38,160.3
532.4,164.2
532.41,166.0
532.43,169.6
532.45,173.0
532.46,174.6
532.48,177.7
532.5,180.4
532.51,181.7
532.53,184.1
532.55,186.2
532.56,187.2
532.58,188.8
532.6,190.2
532.61,190.8
532.63,191.7
532.65,192.3
532.66,192.5
532.68,192.6
532.7,192.4
532.71,192.2
532.73,191.5
532.75,190.5
532.76,189.9
532.78,188.5
532.79,187.6
532.81,185.7
532.83,183.5
532.84,182.3
532.86,179.7
532.88,176.8
532.89,175.2
532.91,171.9
532.93,168.4
532.94,166.6
532.96,162.7
532.98,158.7
532.99,156.6
533.01,152.3
533.03,147.8
533.04,145.5
533.06,140.9
533.08,136.1
533.09,133.7
533.11,128.9
533.12,126.4
533.14,121.5
533.16,116.6
533.17,114.1
533.19,109.2
533.21,104.3
533.22,101.9
533.24,97.13
533.26,92.44
533.27,90.13
533.29,85.61
533.31,81.22
533.32,79.08
533.34,74.91
533.36,70.92
533.37,68.99
533.39,65.27
533.41,61.75
533.42,60.07
533.44,56.86
533.46,53.86
533.47,52.45
533.49,49.78
533.5,48.54
533.52,46.21
533.54,44.1
533.55,43.13
533.57,41.35
533.59,39.79
533.6,39.09
533.62,37.84
533.64,36.79
533.65,36.33
533.67,35.56
533.69,34.97
533.7,34.73
533.72,34.38
533.74,34.18
533.75,34.12
533.77,34.11
533.79,34.21
533.8,34.3
533.82,34.55
533.84,34.87
533.85,35.06
533.87,35.47
533.88,35.69
533.9,36.16
533.92,36.66
533.93,36.91
533.95,37.41
533.97,37.9
533.98,38.14
534.0,38.6
534.02,39.01
534.03,39.21
534.05,39.55
534.07,39.83
534.08,39.95
534.1,40.13
534.12,40.23
534.13,40.25
534.15,40.24
534.17,40.13
534.18,40.05
534.2,39.81
534.22,39.49
534.23,39.3
534.25,38.84
534.26,38.59
534.28,38.01
534.3,37.36
534.31,37.0
534.33,36.24
534.35,35.41
534.36,34.97
534.38,34.05
534.4,33.09
534.41,32.59
534.43,31.56
534.45,30.5
534.46,29.96
534.48,28.87
534.5,27.76
534.51,27.2
534.53,26.09
534.55,24.99
534.56,24.44
534.58,23.35
534.59,22.81
534.61,21.76
534.63,20.73
534.64,20.23
534.66,19.26
534.68,18.32
534.69,17.87
534.71,17.0
534.73,16.17
534.74,15.78
534.76,15.03
534.78,14.33
534.79,13.99
534.81,13.37
534.83,12.79
534.84,12.52
534.86,12.02
534.88,11.56
534.89,11.35
534.91,10.96
534.93,10.61
534.94,10.45
534.96,10.16
534.97,10.03
534.99,9.798
535.01,9.595
535.02,9.505
535.04,9.345
535.06,9.211
535.07,9.152
535.09,9.051
535.11,8.97
535.12,8.936
535.14,8.88
535.16,8.838
535.17,8.822
535.19,8.798
535.21,8.786
535.22,8.783
535.24,8.784
535.26,8.794
535.27,8.801
535.29,8.823
535.31,8.852
535.32,8.869
535.34,8.91
535.35,8.934
535.37,8.988
535.39,9.052
535.4,9.087
535.42,9.167
535.44,9.26
535.45,9.311
535.47,9.425
535.49,9.555
535.5,9.627
535.52,9.785
535.54,9.965
535.55,10.06
535.57,10.28
535.59,10.52
535.6,10.65
535.62,10.94
535.64,11.26
535.65,11.44
535.67,11.82
535.69,12.24
535.7,12.47
535.72,12.96
535.73,13.22
535.75,13.79
535.77,14.42
535.78,14.76
535.8,15.48
535.82,16.28
535.83,16.7
535.85,17.62
535.87,18.61
535.88,19.15
535.9,20.28
535.92,21.52
535.93,22.18
535.95,23.58
535.97,25.11
535.98,25.92
536.0,27.63
536.02,29.49
536.03,30.47
536.05,32.54
536.06,33.64
536.08,35.95
536.1,38.43
536.11,39.74
536.13,42.48
536.15,45.4
536.16,46.93
536.18,50.14
536.2,53.54
536.21,55.31
536.23,59.01
536.25,62.91
536.26,64.93
536.28,69.13
536.3,73.52
536.31,75.79
536.33,80.48
536.35,85.36
536.36,87.87
536.38,93.01
536.4,98.34
536.41,101.1
536.43,106.6
536.44,109.4
536.46,115.2
536.48,121.1
536.49,124.1
536.51,130.1
536.53,136.2
536.54,139.3
536.56,145.5
536.58,151.8
536.59,154.9
536.61,161.1
536.63,167.3
536.64,170.4
536.66,176.4
536.68,182.4
536.69,185.4
536.71,191.2
536.73,196.8
536.74,199.6
536.76,204.9
536.78,210.0
536.79,212.5
536.81,217.2
536.82,219.4
536.84,223.6
536.86,227.6
536.87,229.4
536.89,232.8
536.91,235.8
536.92,237.1
536.94,239.5
536.96,241.4
536.97,242.3
536.99,243.5
537.01,244.4
537.02,244.6
537.04,244.8
537.06,244.5
537.07,244.1
537.09,243.1
537.11,241.7
537.12,240.8
537.14,238.7
537.16,236.1
537.17,234.7
537.19,231.5
537.2,229.8
537.22,226.1
537.24,222.1
537.25,220.0
537.27,215.5
537.29,210.7
537.3,208.3
537.32,203.2
537.34,198.0
537.35,195.3
537.37,189.9
537.39,184.4
537.4,181.6
537.42,176.1
537.44,170.6
537.45,167.9
537.47,162.5
537.49,157.3
537.5,154.8
537.52,149.8
537.53,147.4
537.55,142.9
537.57,138.6
537.58,136.5
537.6,132.7
537.62,129.3
537.63,127.7
537.65,124.8
537.67,122.4
537.68,121.3
537.7,119.5
537.72,118.2
537.73,117.7
537.75,117.0
537.77,116.8
537.78,116.9
537.8,117.5
537.82,118.4
537.83,119.1
537.85,120.7
537.87,122.8
537.88,124.0
537.9,126.6
537.91,128.1
537.93,131.2
537.95,134.7
537.96,136.6
537.98,140.5
538.0,144.6
538.01,146.8
538.03,151.2
538.05,155.7
538.06,158.0
538.08,162.6
538.1,167.3
538.11,169.6
538.13,174.2
538.15,178.7
538.16,180.9
538.18,185.1
538.2,189.2
538.21,191.1
538.23,194.8
538.25,198.2
538.26,199.8
538.28,202.6
538.29,203.9
538.31,206.2
538.33,208.1
538.34,208.8
538.36,210.0
538.38,210.8
538.39,211.0
538.41,211.0
538.43,210.5
538.44,210.1
538.46,208.9
538.48,207.3
538.49,206.3
538.51,204.0
538.53,201.2
538.54,199.7
538.56,196.3
538.58,192.6
538.59,190.6
538.61,186.3
538.63,181.8
538.64,179.4
538.66,174.4
538.67,171.9
538.69,166.6
538.71,161.2
538.72,158.5
538.74,152.9
538.76,147.3
538.77,144.4
538.79,138.8
538.81,133.1
538.82,130.3
538.84,124.8
538.86,119.3
538.87,116.6
538.89,111.4
538.91,106.3
538.92,103.9
538.94,99.06
538.96,94.48
538.97,92.28
538.99,88.04
539.0,86.02
539.02,82.15
539.04,78.54
539.05,76.83
539.07,73.6
539.09,70.63
539.1,69.24
539.12,66.65
539.14,64.31
539.15,63.23
539.17,61.24
539.19,59.49
539.2,58.69
539.22,57.26
539.24,56.02
539.25,55.48
539.27,54.52
539.29,53.73
539.3,53.4
539.32,52.83
539.34,52.41
539.35,52.24
539.37,52.0
539.38,51.91
539.4,51.82
539.42,51.81
539.43,51.83
539.45,51.94
539.47,52.11
539.48,52.21
539.5,52.46
539.52,52.75
539.53,52.91
539.55,53.26
539.57,53.64
539.58,53.84
539.6,54.27
539.62,54.72
539.63,54.96
539.65,55.46
539.67,55.99
539.68,56.27
539.7,56.85
539.72,57.47
539.73,57.8
539.75,58.49
539.76,58.85
539.78,59.62
539.8,60.45
539.81,60.89
539.83,61.83
539.85,62.84
539.86,63.38
539.88,64.53
539.9,65.78
539.91,66.44
539.93,67.84
539.95,69.35
539.96,70.15
539.98,71.84
540.0,73.65
540.01,74.61
540.03,76.61
540.05,78.74
540.06,79.85
540.08,82.16
540.1,84.6
540.11,85.86
540.13,88.47
540.14,89.81
540.16,92.58
540.18,95.44
540.19,96.9
540.21,99.88
540.23,102.9
540.24,104.5
540.26,107.6
540.28,110.7
540.29,112.3
540.31,115.4
540.33,118.6
540.34,120.1
540.36,123.2
540.38,126.2
540.39,127.7
540.41,130.6
540.43,133.4
540.44,134.7
540.46,137.4
540.47,138.6
540.49,141.0
540.51,143.3
540.52,144.3
540.54,146.3
540.56,148.1
540.57,149.0
540.59,150.5
540.61,151.9
540.62,152.6
540.64,153.7
540.66,154.6
540.67,155.1
540.69,155.8
540.71,156.3
540.72,156.6
540.74,157.0
540.76,157.2
540.77,157.3
540.79,157.5
540.81,157.5
540.82,157.5
540.84,157.5
540.85,157.5
540.87,157.5
540.89,157.5
540.9,157.4
540.92,157.4
540.94,157.5
540.95,157.5
540.97,157.7
540.99,157.9
541.0,158.0
541.02,158.4
541.04,158.8
541.05,159.1
541.07,159.6
541.09,160.3
541.1,160.7
541.12,161.6
541.14,162.5
541.15,163.0
541.17,164.1
541.19,165.3
541.2,165.9
541.22,167.1
541.23,167.8
541.25,169.1
541.27,170.4
541.28,171.0
541.3,172.4
541.32,173.7
541.33,174.3
541.35,175.5
541.37,176.6
541.38,177.1
541.4,178.1
541.42,178.9
541.43,179.3
541.45,179.9
541.47,180.3
541.48,180.4
541.5,180.6
541.52,180.5
541.53,180.3
541.55,179.9
541.56,179.5
541.58,178.7
541.6,177.6
541.61,177.0
541.63,175.5
541.65,173.8
541.66,172.8
541.68,170.7
541.7,168.3
541.71,167.0
541.73,164.3
541.75,161.4
541.76,159.8
541.78,156.6
541.8,153.2
541.81,151.4
541.83,147.8
541.85,144.1
541.86,142.2
541.88,138.3
541.9,134.3
541.91,132.3
541.93,128.3
541.94,126.4
541.96,122.4
541.98,118.4
541.99,116.5
542.01,112.6
542.03,108.9
542.04,107.0
542.06,103.5
542.08,100.0
542.09,98.36
542.11,95.15
542.13,92.11
542.14,90.66
542.16,87.9
542.18,85.33
542.19,84.12
542.21,81.85
542.23,79.77
542.24,78.81
542.26,77.03
542.28,75.44
542.29,74.71
542.31,73.4
542.32,72.8
542.34,71.75
542.36,70.85
542.37,70.46
542.39,69.78
542.41,69.23
542.42,69.0
542.44,68.63
542.46,68.35
542.47,68.25
542.49,68.09
542.51,68.01
542.52,67.99
542.54,67.98
542.56,68.01
542.57,68.04
542.59,68.11
542.61,68.19
542.62,68.23
542.64,68.31
542.66,68.39
542.67,68.42
542.69,68.47
542.7,68.48
542.72,68.5
542.74,68.48
542.75,68.46
542.77,68.4
542.79,68.3
542.8,68.23
542.82,68.07
542.84,67.87
542.85,67.75
542.87,67.49
542.89,67.19
542.9,67.03
542.92,66.67
542.94,66.27
542.95,66.05
542.97,65.59
542.99,65.1
543.0,64.84
543.02,64.28
543.03,64.0
543.05,63.39
543.07,62.76
543.08,62.43
543.1,61.74
543.12,61.02
543.13,60.65
543.15,59.88
543.17,59.09
543.18,58.68
543.2,57.84
543.22,56.98
543.23,56.53
543.25,55.63
543.27,54.69
543.28,54.22
543.3,53.25
543.32,52.25
543.33,51.74
543.35,50.72
543.37,49.67
543.38,49.13
543.4,48.05
543.41,47.51
543.43,46.4
543.45,45.28
543.46,44.71
543.48,43.57
543.5,42.41
543.51,41.83
543.53,40.66
543.55,39.48
543.56,38.89
543.58,37.71
543.6,36.52
543.61,35.93
543.63,34.74
543.65,33.56
543.66,32.97
543.68,31.8
543.7,30.63
543.71,30.06
543.73,28.91
543.75,27.79
543.76,27.23
543.78,26.14
543.79,25.6
543.81,24.54
543.83,23.51
543.84,23.0
543.86,22.02
543.88,21.07
543.89,20.61
543.91,19.72
543.93,18.88
543.94,18.47
543.96,17.7
543.98,16.98
543.99,16.63
544.01,15.99
544.03,15.4
544.04,15.13
544.06,14.64
544.08,14.2
544.09,14.0
544.11,13.66
544.13,13.39
544.14,13.27
544.16,13.1
544.17,13.03
544.19,12.96
544.21,12.95
544.22,12.97
544.24,13.05
544.26,13.21
544.27,13.31
544.29,13.55
544.31,13.86
544.32,14.03
544.34,14.42
544.36,14.87
544.37,15.11
544.39,15.62
544.41,16.18
544.42,16.47
544.44,17.09
544.46,17.74
544.47,18.07
544.49,18.76
544.5,19.11
544.52,19.82
544.54,20.54
544.55,20.91
544.57,21.64
544.59,22.38
544.6,22.74
544.62,23.47
544.64,24.18
544.65,24.53
544.67,25.21
544.69,25.88
544.7,26.2
544.72,26.83
544.74,27.44
544.75,27.73
544.77,28.29
544.79,28.82
544.8,29.07
544.82,29.56
544.84,30.02
544.85,30.24
544.87,30.66
544.88,30.86
544.9,31.25
544.92,31.62
544.93,31.8
544.95,32.16
544.97,32.5
544.98,32.67
545.0,33.01
545.02,33.36
545.03,33.53
545.05,33.89
545.07,34.27
545.08,34.46
545.1,34.87
545.12,35.3
545.13,35.52
545.15,36.0
545.17,36.5
545.18,36.77
545.2,37.33
545.22,37.92
545.23,38.23
545.25,38.88
545.26,39.22
545.28,39.92
545.3,40.66
545.31,41.04
545.33,41.82
545.35,42.63
545.36,43.05
545.38,43.89
545.4,44.76
545.41,45.2
545.43,46.09
545.45,46.99
545.46,47.44
545.48,48.36
545.5,49.28
545.51,49.75
545.53,50.68
545.55,51.63
545.56,52.1
545.58,53.06
545.6,54.04
545.61,54.54
545.63,55.56
545.64,56.08
545.66,57.17
545.68,58.31
545.69,58.91
545.71,60.16
545.73,61.52
545.74,62.24
545.76,63.79
545.78,65.5
545.79,66.42
545.81,68.42
545.83,70.64
545.84,71.84
545.86,74.46
545.88,77.4
545.89,78.99
545.91,82.45
545.93,86.3
545.94,88.39
545.96,92.91
545.97,95.35
545.99,100.6
546.01,106.4
546.02,109.5
546.04,116.2
546.06,123.4
546.07,127.3
546.09,135.6
546.11,144.5
546.12,149.2
546.14,159.1
546.16,169.7
546.17,175.3
546.19,187.0
546.21,199.4
546.22,205.8
546.24,219.2
546.26,233.3
546.27,240.5
546.29,255.5
546.31,271.0
546.32,278.9
546.34,295.2
546.35,303.4
546.37,320.3
546.39,337.4
546.4,346.1
546.42,363.6
546.44,381.2
546.45,390.0
546.47,407.6
546.49,425.1
546.5,433.8
546.52,450.9
546.54,467.7
546.55,475.9
546.57,492.0
546.59,507.4
546.6,514.8
546.62,529.2
546.64,542.7
546.65,549.1
546.67,561.2
546.69,572.3
546.7,577.4
546.72,586.9
546.73,591.1
546.75,598.8
546.77,605.2
546.78,607.9
546.8,612.5
546.82,615.7
546.83,616.9
546.85,618.2
546.87,618.4
546.88,617.9
546.9,616.2
546.92,613.4
546.93,611.5
546.95,607.0
546.97,601.4
546.98,598.3
547.0,591.3
547.02,583.5
547.03,579.3
547.05,570.3
547.07,560.7
547.08,555.7
547.1,545.3
547.11,540.0
547.13,528.9
547.15,517.6
547.16,511.8
547.18,500.2
547.2,488.4
547.21,482.5
547.23,470.7
547.25,458.9
547.26,453.1
547.28,441.5
547.3,430.1
547.31,424.4
547.33,413.4
547.35,402.6
547.36,397.3
547.38,387.1
547.4,377.1
547.41,372.3
547.43,362.9
547.44,358.4
547.46,349.6
547.48,341.3
547.49,337.2
547.51,329.5
547.53,322.1
547.54,318.6
547.56,311.9
547.58,305.6
547.59,302.6
547.61,296.8
547.63,291.5
547.64,289.0
547.66,284.2
547.68,279.8
547.69,277.7
547.71,273.8
547.73,270.2
547.74,268.6
547.76,265.4
547.78,262.6
547.79,261.3
547.81,258.9
547.82,257.8
547.84,255.7
547.86,253.8
547.87,252.9
547.89,251.3
547.91,249.9
547.92,249.2
547.94,247.9
547.96,246.7
547.97,246.1
547.99,244.9
548.01,243.7
548.02,243.1
548.04,241.9
548.06,240.6
548.07,239.9
548.09,238.4
548.11,236.8
548.12,235.9
548.14,234.0
548.16,231.9
548.17,230.8
548.19,228.4
548.2,227.1
548.22,224.3
548.24,221.2
548.25,219.6
548.27,216.1
548.29,212.3
548.3,210.3
548.32,206.2
548.34,201.7
548.35,199.4
548.37,194.6
548.39,189.6
548.4,187.0
548.42,181.7
548.44,176.2
548.45,173.4
548.47,167.6
548.49,161.8
548.5,158.9
548.52,152.9
548.54,147.0
548.55,144.0
548.57,138.1
548.58,135.2
548.6,129.4
548.62,123.7
548.63,120.9
548.65,115.4
548.67,110.2
548.68,107.6
548.7,102.7
548.72,98.14
548.73,95.95
548.75,91.82
548.77,88.05
548.78,86.31
548.8,83.12
548.82,80.36
548.83,79.14
548.85,77.05
548.87,75.44
548.88,74.81
548.9,73.96
548.91,73.72
548.93,73.66
548.95,74.15
548.96,74.61
548.98,75.96
549.0,77.89
549.01,79.08
549.03,81.93
549.05,85.39
549.06,87.35
549.08,91.76
549.1,96.8
549.11,99.56
549.13,105.6
549.15,112.2
549.16,115.8
549.18,123.4
549.2,131.7
549.21,136.1
549.23,145.3
549.25,155.1
549.26,160.2
549.28,170.9
549.29,176.5
549.31,188.1
549.33,200.2
549.34,206.4
549.36,219.2
549.38,232.5
549.39,239.3
549.41,253.1
549.43,267.3
549.44,274.4
549.46,289.0
549.48,303.7
549.49,311.1
549.51,326.0
549.53,340.8
549.54,348.3
549.56,363.0
549.58,377.6
549.59,384.8
549.61,399.1
549.63,412.9
549.64,419.7
549.66,432.9
549.67,439.3
549.69,451.7
549.71,463.5
549.72,469.2
549.74,479.9
549.76,489.9
549.77,494.6
549.79,503.4
549.81,511.3
549.82,514.9
549.84,521.5
549.86,527.1
549.87,529.6
549.89,533.9
549.91,537.2
549.92,538.5
549.94,540.5
549.96,541.5
549.97,541.8
549.99,541.5
550.0,541.1
550.02,539.7
550.04,537.6
550.05,536.3
550.07,533.1
550.09,529.4
550.1,527.3
550.12,522.8
550.14,517.9
550.15,515.3
550.17,509.8
550.19,504.1
550.2,501.2
550.22,495.2
550.24,489.1
550.25,486.0
550.27,480.0
550.29,473.9
550.3,471.0
550.32,465.2
550.34,459.6
550.35,456.9
550.37,451.8
550.38,449.4
550.4,444.7
550.42,440.5
550.43,438.6
550.45,435.1
550.47,432.0
550.48,430.7
550.5,428.4
550.52,426.6
550.53,425.9
550.55,424.9
550.57,424.5
550.58,424.5
550.6,424.9
550.62,425.8
550.63,426.4
550.65,428.0
550.67,430.1
550.68,431.4
550.7,434.1
550.72,437.2
550.73,438.9
550.75,442.5
550.76,444.4
550.78,448.3
550.8,452.4
550.81,454.5
550.83,458.8
550.85,463.1
550.86,465.3
550.88,469.5
550.9,473.5
550.91,475.5
550.93,479.2
550.95,482.6
550.96,484.2
550.98,487.0
551.0,489.4
551.01,490.3
551.03,491.9
551.05,492.8
551.06,493.0
551.08,492.9
551.1,492.1
551.11,491.5
551.13,489.5
551.14,488.3
551.16,485.2
551.18,481.3
551.19,479.0
551.21,473.9
551.23,468.0
551.24,464.8
551.26,457.8
551.28,450.0
551.29,445.8
551.31,437.0
551.33,427.6
551.34,422.6
551.36,412.3
551.38,401.5
551.39,395.9
551.41,384.4
551.43,372.6
551.44,366.5
551.46,354.3
551.47,348.1
551.49,335.6
551.51,322.9
551.52,316.6
551.54,304.0
551.56,291.5
551.57,285.2
551.59,272.9
551.61,260.8
551.62,254.8
551.64,243.1
551.66,231.8
551.67,226.3
551.69,215.6
551.71,205.3
551.72,200.3
551.74,190.8
551.76,181.8
551.77,177.5
551.79,169.3
551.81,161.7
551.82,158.1
551.84,151.5
551.85,148.4
551.87,142.6
551.89,137.5
551.9,135.2
551.92,131.0
551.94,127.5
551.95,126.0
551.97,123.4
551.99,121.5
552.0,120.8
552.02,119.8
552.04,119.5
552.05,119.5
552.07,120.1
552.09,121.3
552.1,122.2
552.12,124.3
552.14,127.0
552.15,128.6
552.17,132.2
552.19,136.3
552.2,138.6
552.22,143.6
552.23,146.3
552.25,152.1
552.27,158.4
552.28,161.8
552.3,168.9
552.32,176.4
552.33,180.3
552.35,188.5
552.37,197.1
552.38,201.5
552.4,210.6
552.42,220.0
552.43,224.8
552.45,234.6
552.47,244.6
552.48,249.7
552.5,259.9
552.52,270.2
552.53,275.3
552.55,285.6
552.57,295.8
552.58,300.8
552.6,310.7
552.61,315.6
552.63,325.1
552.65,334.3
552.66,338.8
552.68,347.3
552.7,355.3
552.71,359.1
552.73,366.3
552.75,372.7
552.76,375.7
552.78,381.1
552.8,385.6
552.81,387.6
552.83,390.9
552.85,393.3
552.86,394.1
552.88,395.2
552.9,395.2
552.91,394.9
552.93,393.5
552.94,392.5
552.96,389.7
552.98,386.0
552.99,383.8
553.01,378.7
553.03,372.8
553.04,369.5
553.06,362.3
553.08,354.4
553.09,350.2
553.11,341.3
553.13,331.8
553.14,326.8
553.16,316.5
553.18,305.7
553.19,300.2
553.21,288.9
553.23,277.4
553.24,271.5
553.26,259.7
553.28,247.8
553.29,241.9
553.31,230.0
553.32,224.1
553.34,212.4
553.36,200.8
553.37,195.1
553.39,183.9
553.41,173.0
553.42,167.7
553.44,157.4
553.46,147.5
553.47,142.7
553.49,133.4
553.51,124.7
553.52,120.5
553.54,112.5
553.56,105.1
553.57,101.6
553.59,95.05
553.61,89.06
553.62,86.29
553.64,81.18
553.66,76.67
553.67,74.64
553.69,71.02
553.7,69.43
553.72,66.7
553.74,64.56
553.75,63.71
553.77,62.45
553.79,61.77
553.8,61.65
553.82,61.82
553.84,62.55
553.85,63.13
553.87,64.69
553.89,66.8
553.9,68.05
553.92,70.95
553.94,74.36
553.95,76.26
553.97,80.42
553.99,85.07
554.0,87.57
554.02,92.91
554.04,98.69
554.05,101.7
554.07,108.2
554.08,111.5
554.1,118.5
554.12,125.8
554.13,129.6
554.15,137.4
554.17,145.5
554.18,149.6
554.2,158.0
554.22,166.6
554.23,171.0
554.25,179.7
554.27,188.6
554.28,193.0
554.3,201.9
554.32,210.7
554.33,215.0
554.35,223.7
554.37,232.1
554.38,236.2
554.4,244.3
554.41,248.2
554.43,255.7
554.45,262.9
554.46,266.3
554.48,272.8
554.5,278.8
554.51,281.5
554.53,286.6
554.55,291.1
554.56,293.2
554.58,296.7
554.6,299.5
554.61,300.7
554.63,302.5
554.65,303.5
554.66,303.8
554.68,303.7
554.7,303.0
554.71,302.3
554.73,300.5
554.75,297.9
554.76,296.4
554.78,292.8
554.79,290.8
554.81,286.3
554.83,281.3
554.84,278.5
554.86,272.7
554.88,266.3
554.89,263.0
554.91,256.1
554.93,248.8
554.94,245.0
554.96,237.3
554.98,229.4
554.99,225.3
555.01,217.2
555.03,209.0
555.04,204.9
555.06,196.6
555.08,188.4
555.09,184.3
555.11,176.3
555.13,168.4
555.14,164.5
555.16,157.0
555.17,153.2
555.19,146.0
555.21,139.1
555.22,135.7
555.24,129.3
555.26,123.1
555.27,120.2
555.29,114.6
555.31,109.3
555.32,106.8
555.34,102.1
555.36,97.75
555.37,95.7
555.39,91.85
555.41,88.35
555.42,86.72
555.44,83.69
555.46,80.97
555.47,79.71
555.49,77.41
555.51,75.36
555.52,74.43
555.54,72.72
555.55,71.95
555.57,70.55
555.59,69.32
555.6,68.76
555.62,67.74
555.64,66.85
555.65,66.44
555.67,65.68
555.69,65.0
555.7,64.68
555.72,64.07
555.74,63.49
555.75,63.21
555.77,62.65
555.79,62.09
555.8,61.81
555.82,61.23
555.84,60.64
555.85,60.33
555.87,59.69
555.88,59.36
555.9,58.67
555.92,57.96
555.93,57.59
555.95,56.83
555.97,56.05
555.98,55.65
556.0,54.84
556.02,54.02
556.03,53.61
556.05,52.79
556.07,51.98
556.08,51.58
556.1,50.81
556.12,50.08
556.13,49.72
556.15,49.06
556.17,48.46
556.18,48.19
556.2,47.7
556.22,47.31
556.23,47.14
556.25,46.9
556.26,46.81
556.28,46.73
556.3,46.78
556.31,46.85
556.33,47.09
556.35,47.47
556.36,47.71
556.38,48.3
556.4,49.04
556.41,49.46
556.43,50.43
556.45,51.54
556.46,52.15
556.48,53.48
556.5,54.95
556.51,55.74
556.53,57.43
556.55,59.25
556.56,60.2
556.58,62.21
556.6,64.33
556.61,65.44
556.63,67.72
556.64,68.9
556.66,71.33
556.68,73.84
556.69,75.13
556.71,77.74
556.73,80.42
556.74,81.78
556.76,84.52
556.78,87.3
556.79,88.7
556.81,91.51
556.83,94.33
556.84,95.74
556.86,98.56
556.88,101.4
556.89,102.8
556.91,105.5
556.93,108.3
556.94,109.7
556.96,112.3
556.98,115.0
556.99,116.3
557.01,118.9
557.02,120.2
557.04,122.7
557.06,125.1
557.07,126.3
557.09,128.7
557.11,131.0
557.12,132.1
557.14,134.3
557.16,136.5
557.17,137.5
557.19,139.6
557.21,141.6
557.22,142.6
557.24,144.5
557.26,146.4
557.27,147.3
557.29,149.2
557.31,150.9
557.32,151.8
557.34,153.5
557.35,154.3
557.37,155.9
557.39,157.5
557.4,158.2
557.42,159.7
557.44,161.1
557.45,161.8
557.47,163.1
557.49,164.4
557.5,165.0
557.52,166.1
557.54,167.2
557.55,167.6
557.57,168.6
557.59,169.4
557.6,169.7
557.62,170.4
557.64,170.9
557.65,171.1
557.67,171.4
557.69,171.6
557.7,171.6
557.72,171.6
557.73,171.5
557.75,171.2
557.77,170.8
557.78,170.5
557.8,169.8
557.82,169.0
557.83,168.5
557.85,167.4
557.87,166.1
557.88,165.4
557.9,163.9
557.92,162.3
557.93,161.4
557.95,159.5
557.97,157.5
557.98,156.5
558.0,154.3
558.02,152.1
558.03,151.0
558.05,148.6
558.07,146.2
558.08,145.0
558.1,142.5
558.11,141.3
558.13,138.8
558.15,136.4
558.16,135.2
558.18,132.8
558.2,130.4
558.21,129.3
558.23,127.1
558.25,125.0
558.26,124.0
558.28,122.1
558.3,120.3
558.31,119.4
558.33,117.9
558.35,116.5
558.36,115.8
558.38,114.6
558.4,113.6
558.41,113.2
558.43,112.4
558.45,111.8
558.46,111.5
558.48,111.2
558.49,111.0
558.51,110.9
558.53,110.8
558.54,110.9
558.56,111.0
558.58,111.2
558.59,111.4
558.61,111.7
558.63,112.1
558.64,112.3
558.66,112.8
558.68,113.2
558.69,113.5
558.71,113.9
558.73,114.4
558.74,114.6
558.76,114.9
558.78,115.2
558.79,115.3
558.81,115.5
558.82,115.5
558.84,115.6
558.86,115.5
558.87,115.4
558.89,115.1
558.91,114.7
558.92,114.5
558.94,113.9
558.96,113.2
558.97,112.8
558.99,111.8
559.01,110.8
559.02,110.2
559.04,109.0
559.06,107.6
559.07,106.9
559.09,105.4
559.11,103.7
559.12,102.9
559.14,101.1
559.16,99.3
559.17,98.36
559.19,96.42
559.2,95.44
559.22,93.43
559.24,91.38
559.25,90.35
559.27,88.26
559.29,86.16
559.3,85.11
559.32,83.01
559.34,80.91
559.35,79.86
559.37,77.79
559.39,75.74
559.4,74.72
559.42,72.72
559.44,70.75
559.45,69.78
559.47,67.88
559.49,66.03
559.5,65.12
559.52,63.34
559.54,61.62
559.55,60.78
559.57,59.15
559.58,58.35
559.6,56.81
559.62,55.33
559.63,54.61
559.65,53.22
559.67,51.9
559.68,51.27
559.7,50.05
559.72,48.9
559.73,48.35
559.75,47.3
559.77,46.32
559.78,45.86
559.8,44.99
559.82,44.19
559.83,43.82
559.85,43.14
559.87,42.52
559.88,42.25
559.9,41.75
559.91,41.53
559.93,41.14
559.95,40.84
559.96,40.71
559.98,40.52
560.0,40.4
560.01,40.37
560.03,40.37
560.05,40.44
560.06,40.5
560.08,40.68
560.1,40.92
560.11,41.07
560.13,41.42
560.15,41.83
560.16,42.05
560.18,42.54
560.2,43.09
560.21,43.38
560.23,43.99
560.25,44.65
560.26,44.99
560.28,45.69
560.29,46.05
560.31,46.8
560.33,47.55
560.34,47.94
560.36,48.71
560.38,49.48
560.39,49.86
560.41,50.63
560.43,51.38
560.44,51.75
560.46,52.46
560.48,53.16
560.49,53.49
560.51,54.13
560.53,54.74
560.54,55.02
560.56,55.57
560.58,56.07
560.59,56.3
560.61,56.73
560.63,57.11
560.64,57.29
560.66,57.6
560.67,57.75
560.69,58.0
560.71,58.22
560.72,58.32
560.74,58.5
560.76,58.65
560.77,58.72
560.79,58.85
560.81,58.98
560.82,59.05
560.84,59.2
560.86,59.36
560.87,59.46
560.89,59.68
560.91,59.95
560.92,60.11
560.94,60.47
560.96,60.92
560.97,61.17
560.99,61.75
561.01,62.44
561.02,62.82
561.04,63.69
561.05,64.16
561.07,65.22
561.09,66.41
561.1,67.06
561.12,68.47
561.14,70.02
561.15,70.85
561.17,72.63
561.19,74.56
561.2,75.57
561.22,77.71
561.24,79.99
561.25,81.17
561.27,83.63
561.29,86.2
561.3,87.52
561.32,90.23
561.34,93.01
561.35,94.43
561.37,97.29
561.38,98.74
561.4,101.6
561.42,104.5
561.43,106.0
561.45,108.8
561.47,111.6
561.48,113.0
561.5,115.7
561.52,118.2
561.53,119.5
561.55,121.8
561.57,124.0
561.58,125.1
561.6,127.0
561.62,128.7
561.63,129.5
561.65,130.9
561.67,132.1
561.68,132.6
561.7,133.3
561.72,133.9
561.73,134.1
561.75,134.2
561.76,134.2
561.78,134.0
561.8,133.6
561.81,133.2
561.83,132.4
561.85,131.4
561.86,130.8
561.88,129.5
561.9,128.0
561.91,127.1
561.93,125.4
561.95,123.5
561.96,122.5
561.98,120.4
562.0,118.3
562.01,117.2
562.03,115.0
562.05,112.7
562.06,111.6
562.08,109.4
562.1,107.2
562.11,106.1
562.13,104.0
562.14,103.0
562.16,101.0
562.18,99.18
562.19,98.32
562.21,96.72
562.23,95.28
562.24,94.64
562.26,93.5
562.28,92.58
562.29,92.2
562.31,91.63
562.33,91.31
562.34,91.24
562.36,91.32
562.38,91.66
562.39,91.94
562.41,92.72
562.43,93.78
562.44,94.43
562.46,95.94
562.48,97.74
562.49,98.76
562.51,101.0
562.52,102.2
562.54,104.9
562.56,107.9
562.57,109.5
562.59,112.9
562.61,116.5
562.62,118.5
562.64,122.5
562.66,126.7
562.67,128.9
562.69,133.5
562.71,138.2
562.72,140.6
562.74,145.5
562.76,150.6
562.77,153.1
562.79,158.3
562.81,163.5
562.82,166.0
562.84,171.2
562.85,173.8
562.87,178.9
562.89,183.9
562.9,186.3
562.92,191.1
562.94,195.7
562.95,197.9
562.97,202.1
562.99,206.1
563.0,208.0
563.02,211.4
563.04,214.6
563.05,216.0
563.07,218.5
563.09,220.7
563.1,221.6
563.12,223.0
563.14,224.0
563.15,224.3
563.17,224.6
563.19,224.4
563.2,224.1
563.22,223.2
563.23,222.6
563.25,220.9
563.27,218.8
563.28,217.6
563.3,214.8
563.32,211.5
563.33,209.8
563.35,205.9
563.37,201.7
563.38,199.5
563.4,194.7
563.42,189.7
563.43,187.1
563.45,181.7
563.47,176.1
563.48,173.2
563.5,167.3
563.52,161.3
563.53,158.3
563.55,152.1
563.57,145.9
563.58,142.8
563.6,136.7
563.61,133.6
563.63,127.5
563.65,121.4
563.66,118.4
563.68,112.6
563.7,106.8
563.71,104.0
563.73,98.53
563.75,93.23
563.76,90.65
563.78,85.66
563.8,80.88
563.81,78.58
563.83,74.15
563.85,69.95
563.86,67.94
563.88,64.11
563.9,60.52
563.91,58.82
563.93,55.59
563.95,52.6
563.96,51.19
563.98,48.55
563.99,47.32
564.01,45.01
564.03,42.93
564.04,41.96
564.06,40.18
564.08,38.6
564.09,37.88
564.11,36.58
564.13,35.45
564.14,34.95
564.16,34.06
564.18,33.33
564.19,33.02
564.21,32.49
564.23,32.09
564.24,31.94
564.26,31.72
564.28,31.61
564.29,31.59
564.31,31.62
564.32,31.67
564.34,31.82
564.36,32.05
564.37,32.19
564.39,32.51
564.41,32.89
564.42,33.1
564.44,33.55
564.46,34.03
564.47,34.28
564.49,34.8
564.51,35.35
564.52,35.62
564.54,36.18
564.56,36.74
564.57,37.02
564.59,37.57
564.61,38.11
564.62,38.37
564.64,38.88
564.66,39.36
564.67,39.59
564.69,40.02
564.7,40.23
564.72,40.6
564.74,40.92
564.75,41.07
564.77,41.32
564.79,41.53
564.8,41.61
564.82,41.72
564.84,41.78
564.85,41.79
564.87,41.77
564.89,41.68
564.9,41.61
564.92,41.44
564.94,41.21
564.95,41.08
564.97,40.77
564.99,40.41
565.0,40.21
565.02,39.78
565.04,39.31
565.05,39.06
565.07,38.53
565.08,38.26
565.1,37.69
565.12,37.1
565.13,36.8
565.15,36.19
565.17,35.56
565.18,35.25
565.2,34.63
565.22,34.02
565.23,33.72
565.25,33.12
565.27,32.55
565.28,32.27
565.3,31.74
565.32,31.25
565.33,31.02
565.35,30.58
565.37,30.19
565.38,30.01
565.4,29.69
565.42,29.42
565.43,29.31
565.45,29.13
565.46,29.06
565.48,28.96
565.5,28.92
565.51,28.92
565.53,28.97
565.55,29.07
565.56,29.14
565.58,29.33
565.6,29.57
565.61,29.7
565.63,30.01
565.65,30.37
565.66,30.56
565.68,30.97
565.7,31.42
565.71,31.65
565.73,32.14
565.75,32.66
565.76,32.92
565.78,33.45
565.79,33.72
565.81,34.27
565.83,34.82
565.84,35.09
565.86,35.63
565.88,36.15
565.89,36.4
565.91,36.9
565.93,37.37
565.94,37.59
565.96,38.01
565.98,38.39
565.99,38.57
566.01,38.89
566.03,39.16
566.04,39.27
566.06,39.47
566.08,39.61
566.09,39.66
566.11,39.71
566.13,39.7
566.14,39.68
566.16,39.58
566.17,39.51
566.19,39.32
566.21,39.07
566.22,38.92
566.24,38.57
566.26,38.17
566.27,37.95
566.29,37.46
566.31,36.91
566.32,36.62
566.34,36.0
566.36,35.33
566.37,34.98
566.39,34.25
566.41,33.48
566.42,33.08
566.44,32.26
566.46,31.42
566.47,30.98
566.49,30.11
566.51,29.22
566.52,28.77
566.54,27.86
566.55,27.41
566.57,26.51
566.59,25.61
566.6,25.17
566.62,24.3
566.64,23.45
566.65,23.04
566.67,22.23
566.69,21.46
566.7,21.09
566.72,20.39
566.74,19.74
566.75,19.43
566.77,18.86
566.79,18.36
566.8,18.13
566.82,17.73
566.84,17.4
566.85,17.26
566.87,17.05
566.89,16.93
566.9,16.9
566.92,16.9
566.93,16.94
566.95,17.08
566.97,17.31
566.98,17.46
567.0,17.83
567.02,18.3
567.03,18.57
567.05,19.18
567.07,19.88
567.08,20.26
567.1,21.1
567.12,22.02
567.13,22.52
567.15,23.56
567.17,24.68
567.18,25.27
567.2,26.5
567.22,27.79
567.23,28.46
567.25,29.83
567.26,30.53
567.28,31.97
567.3,33.44
567.31,34.18
567.33,35.69
567.35,37.21
567.36,37.97
567.38,39.48
567.4,40.99
567.41,41.74
567.43,43.21
567.45,44.65
567.46,45.35
567.48,46.73
567.5,48.05
567.51,48.68
567.53,49.91
567.55,51.06
567.56,51.6
567.58,52.63
567.6,53.58
567.61,54.02
567.63,54.83
567.64,55.2
567.66,55.86
567.68,56.44
567.69,56.69
567.71,57.12
567.73,57.45
567.74,57.59
567.76,57.79
567.78,57.9
567.79,57.93
567.81,57.93
567.83,57.85
567.84,57.79
567.86,57.62
567.88,57.39
567.89,57.26
567.91,56.97
567.93,56.65
567.94,56.47
567.96,56.12
567.98,55.74
567.99,55.56
568.01,55.18
568.02,55.0
568.04,54.64
568.06,54.3
568.07,54.14
568.09,53.84
568.11,53.58
568.12,53.47
568.14,53.27
568.16,53.12
568.17,53.06
568.19,52.99
568.21,52.97
568.22,52.98
568.24,53.04
568.26,53.16
568.27,53.24
568.29,53.43
568.31,53.68
568.32,53.82
568.34,54.14
568.36,54.5
568.37,54.69
568.39,55.11
568.4,55.33
568.42,55.79
568.44,56.27
568.45,56.51
568.47,57.01
568.49,57.52
568.5,57.78
568.52,58.28
568.54,58.79
568.55,59.03
568.57,59.51
568.59,59.96
568.6,60.18
568.62,60.59
568.64,60.97
568.65,61.15
568.67,61.47
568.69,61.74
568.7,61.86
568.72,62.07
568.73,62.15
568.75,62.28
568.77,62.35
568.78,62.36
568.8,62.35
568.82,62.29
568.83,62.23
568.85,62.08
568.87,61.88
568.88,61.75
568.9,61.46
568.92,61.12
568.93,60.93
568.95,60.51
568.97,60.04
568.98,59.79
569.0,59.26
569.02,58.67
569.03,58.37
569.05,57.73
569.07,57.04
569.08,56.69
569.1,55.96
569.11,55.58
569.13,54.8
569.15,53.99
569.16,53.58
569.18,52.74
569.2,51.87
569.21,51.43
569.23,50.53
569.25,49.62
569.26,49.16
569.28,48.23
569.3,47.28
569.31,46.81
569.33,45.85
569.35,44.89
569.36,44.41
569.38,43.44
569.4,42.47
569.41,41.99
569.43,41.03
569.45,40.07
569.46,39.59
569.48,38.64
569.49,38.17
569.51,37.24
569.53,36.33
569.54,35.88
569.56,34.99
569.58,34.12
569.59,33.7
569.61,32.88
569.63,32.08
569.64,31.7
569.66,30.96
569.68,30.26
569.69,29.93
569.71,29.3
569.73,28.72
569.74,28.45
569.76,27.96
569.78,27.54
569.79,27.35
569.81,27.03
569.83,26.79
569.84,26.7
569.86,26.59
569.87,26.56
569.89,26.59
569.91,26.71
569.92,26.81
569.94,27.1
569.96,27.5
569.97,27.74
569.99,28.32
570.01,29.03
570.02,29.43
570.04,30.33
570.06,31.37
570.07,31.94
570.09,33.18
570.11,34.57
570.12,35.32
570.14,36.93
570.16,38.68
570.17,39.61
570.19,41.58
570.2,42.62
570.22,44.8
570.24,47.12
570.25,48.33
570.27,50.84
570.29,53.49
570.3,54.85
570.32,57.67
570.34,60.58
570.35,62.08
570.37,65.14
570.39,68.27
570.4,69.86
570.42,73.08
570.44,76.34
570.45,77.99
570.47,81.28
570.49,84.58
570.5,86.23
570.52,89.5
570.54,92.73
570.55,94.32
570.57,97.46
570.58,98.99
570.6,102.0
570.62,104.9
570.63,106.3
570.65,108.9
570.67,111.4
570.68,112.6
570.7,114.9
570.72,116.9
570.73,117.9
570.75,119.6
570.77,121.1
570.78,121.8
570.8,122.9
570.82,123.8
570.83,124.1
570.85,124.6
570.87,124.9
570.88,124.9
570.9,124.8
570.92,124.3
570.93,124.0
570.95,123.2
570.96,122.8
570.98,121.6
571.0,120.2
571.01,119.4
571.03,117.7
571.05,115.7
571.06,114.7
571.08,112.5
571.1,110.1
571.11,108.8
571.13,106.2
571.15,103.4
571.16,102.0
571.18,99.06
571.2,96.04
571.21,94.51
571.23,91.39
571.25,88.23
571.26,86.64
571.28,83.44
571.29,81.84
571.31,78.64
571.33,75.46
571.34,73.87
571.36,70.73
571.38,67.64
571.39,66.12
571.41,63.12
571.43,60.19
571.44,58.76
571.46,55.95
571.48,53.24
571.49,51.92
571.51,49.35
571.53,46.88
571.54,45.69
571.56,43.38
571.58,41.18
571.59,40.12
571.61,38.09
571.63,36.16
571.64,35.23
571.66,33.47
571.67,32.62
571.69,31.01
571.71,29.5
571.72,28.79
571.74,27.43
571.76,26.17
571.77,25.57
571.79,24.45
571.81,23.42
571.82,22.94
571.84,22.04
571.86,21.22
571.87,20.85
571.89,20.16
571.91,19.55
571.92,19.28
571.94,18.8
571.96,18.39
571.97,18.22
571.99,17.94
572.01,17.75
572.02,17.68
572.04,17.61
572.05,17.61
572.07,17.68
572.09,17.84
572.1,17.95
572.12,18.26
572.14,18.67
572.15,18.91
572.17,19.48
572.19,20.16
572.2,20.55
572.22,21.4
572.24,22.38
572.25,22.92
572.27,24.09
572.29,25.4
572.3,26.1
572.32,27.62
572.34,29.27
572.35,30.15
572.37,32.01
572.39,34.02
572.4,35.07
572.42,37.3
572.43,38.46
572.45,40.89
572.47,43.46
572.48,44.79
572.5,47.55
572.52,50.43
572.53,51.92
572.55,54.97
572.57,58.12
572.58,59.73
572.6,63.0
572.62,66.35
572.63,68.04
572.65,71.46
572.67,74.91
572.68,76.65
572.7,80.11
572.72,83.56
572.73,85.28
572.75,88.67
572.76,90.35
572.78,93.65
572.8,96.85
572.81,98.41
572.83,101.4
572.85,104.3
572.86,105.7
572.88,108.4
572.9,110.8
572.91,112.0
572.93,114.1
572.95,116.1
572.96,117.0
572.98,118.5
573.0,119.8
573.01,120.4
573.03,121.3
573.05,122.0
573.06,122.2
573.08,122.4
573.1,122.4
573.11,122.3
573.13,121.8
573.14,121.5
573.16,120.7
573.18,119.6
573.19,118.9
573.21,117.5
573.23,115.8
573.24,114.8
573.26,112.8
573.28,110.6
573.29,109.4
573.31,107.0
573.33,104.3
573.34,103.0
573.36,100.2
573.38,97.26
573.39,95.77
573.41,92.73
573.43,89.65
573.44,88.09
573.46,84.95
573.48,81.81
573.49,80.24
573.51,77.11
573.52,75.56
573.54,72.49
573.56,69.48
573.57,67.99
573.59,65.08
573.61,62.26
573.62,60.89
573.64,58.21
573.66,55.65
573.67,54.41
573.69,52.02
573.71,49.75
573.72,48.66
573.74,46.59
573.76,44.65
573.77,43.73
573.79,41.98
573.81,40.36
573.82,39.6
573.84,38.18
573.86,36.88
573.87,36.27
573.89,35.15
573.9,34.63
573.92,33.68
573.94,32.83
573.95,32.44
573.97,31.73
573.99,31.11
574.0,30.83
574.02,30.33
574.04,29.9
574.05,29.71
574.07,29.37
574.09,29.08
574.1,28.96
574.12,28.74
574.14,28.55
574.15,28.47
574.17,28.32
574.19,28.2
574.2,28.14
574.22,28.03
574.23,27.98
574.25,27.88
574.27,27.79
574.28,27.73
574.3,27.63
574.32,27.51
574.33,27.45
574.35,27.31
574.37,27.16
574.38,27.08
574.4,26.9
574.42,26.7
574.43,26.59
574.45,26.36
574.47,26.11
574.48,25.98
574.5,25.7
574.52,25.41
574.53,25.25
574.55,24.93
574.57,24.59
574.58,24.42
574.6,24.06
574.61,23.88
574.63,23.51
574.65,23.14
574.66,22.95
574.68,22.58
574.7,22.2
574.71,22.01
574.73,21.65
574.75,21.29
574.76,21.11
574.78,20.78
574.8,20.45
574.81,20.3
574.83,20.01
574.85,19.74
574.86,19.61
574.88,19.38
574.9,19.17
574.91,19.08
574.93,18.93
574.95,18.8
574.96,18.75
574.98,18.67
574.99,18.65
575.01,18.62
575.03,18.63
575.04,18.64
575.06,18.7
575.08,18.79
575.09,18.84
575.11,18.98
575.13,19.14
575.14,19.23
575.16,19.44
575.18,19.66
575.19,19.78
575.21,20.04
575.23,20.31
575.24,20.46
575.26,20.75
575.28,21.05
575.29,21.21
575.31,21.52
575.33,21.84
575.34,22.0
575.36,22.31
575.37,22.47
575.39,22.78
575.41,23.08
575.42,23.23
575.44,23.52
575.46,23.81
575.47,23.94
575.49,24.21
575.51,24.46
575.52,24.59
575.54,24.83
575.56,25.06
575.57,25.17
575.59,25.39
575.61,25.6
575.62,25.71
575.64,25.92
575.66,26.14
575.67,26.25
575.69,26.47
575.7,26.59
575.72,26.83
575.74,27.1
575.75,27.24
575.77,27.54
575.79,27.87
575.8,28.05
575.82,28.45
575.84,28.88
575.85,29.12
575.87,29.63
575.89,30.2
575.9,30.51
575.92,31.18
575.94,31.92
575.95,32.31
575.97,33.16
575.99,34.09
576.0,34.59
576.02,35.65
576.04,36.8
576.05,37.41
576.07,38.69
576.08,39.37
576.1,40.8
576.12,42.32
576.13,43.11
576.15,44.78
576.17,46.54
576.18,47.45
576.2,49.35
576.22,51.34
576.23,52.37
576.25,54.49
576.27,56.69
576.28,57.82
576.3,60.13
576.32,62.52
576.33,63.73
576.35,66.21
576.37,68.75
576.38,70.03
576.4,72.63
576.42,75.27
576.43,76.6
576.45,79.27
576.46,80.62
576.48,83.31
576.5,86.0
576.51,87.35
576.53,90.02
576.55,92.67
576.56,93.99
576.58,96.58
576.6,99.13
576.61,100.4
576.63,102.8
576.65,105.2
576.66,106.4
576.68,108.6
576.7,110.7
576.71,111.8
576.73,113.7
576.75,115.6
576.76,116.4
576.78,118.1
576.8,119.5
576.81,120.2
576.83,121.5
576.84,122.0
576.86,123.0
576.88,123.8
576.89,124.2
576.91,124.7
576.93,125.1
576.94,125.2
576.96,125.2
576.98,125.1
576.99,125.0
577.01,124.6
577.03,124.0
577.04,123.6
577.06,122.7
577.08,121.6
577.09,121.0
577.11,119.6
577.13,118.1
577.14,117.3
577.16,115.5
577.17,114.6
577.19,112.6
577.21,110.4
577.22,109.3
577.24,107.0
577.26,104.5
577.27,103.2
577.29,100.6
577.31,97.88
577.32,96.49
577.34,93.66
577.36,90.77
577.37,89.31
577.39,86.35
577.41,83.35
577.42,81.84
577.44,78.82
577.46,75.79
577.47,74.27
577.49,71.25
577.51,68.26
577.52,66.77
577.54,63.82
577.55,62.36
577.57,59.48
577.59,56.65
577.6,55.26
577.62,52.53
577.64,49.88
577.65,48.58
577.67,46.05
577.69,43.6
577.7,42.41
577.72,40.1
577.74,37.89
577.75,36.82
577.77,34.75
577.79,32.79
577.8,31.85
577.82,30.05
577.84,28.35
577.85,27.55
577.87,26.01
577.89,24.58
577.9,23.91
577.92,22.65
577.93,22.05
577.95,20.95
577.97,19.95
577.98,19.49
578.0,18.64
578.02,17.9
578.03,17.57
578.05,16.98
578.07,16.5
578.08,16.29
578.1,15.95
578.12,15.7
578.13,15.62
578.15,15.51
578.17,15.5
578.18,15.53
578.2,15.65
578.22,15.86
578.23,16.0
578.25,16.33
578.27,16.76
578.28,17.0
578.3,17.54
578.31,17.85
578.33,18.51
578.35,19.25
578.36,19.65
578.38,20.5
578.4,21.42
578.41,21.9
578.43,22.93
578.45,24.02
578.46,24.59
578.48,25.77
578.5,27.01
578.51,27.65
578.53,28.97
578.55,30.33
578.56,31.04
578.58,32.47
578.6,33.95
578.61,34.7
578.63,36.22
578.64,36.99
578.66,38.56
578.68,40.14
578.69,40.94
578.71,42.54
578.73,44.15
578.74,44.95
578.76,46.56
578.78,48.15
578.79,48.95
578.81,50.52
578.83,52.06
578.84,52.83
578.86,54.33
578.88,55.79
578.89,56.5
578.91,57.89
578.93,59.23
578.94,59.88
578.96,61.13
578.98,62.32
578.99,62.89
579.01,63.97
579.02,64.48
579.04,65.45
579.06,66.34
579.07,66.76
579.09,67.54
579.11,68.23
579.12,68.54
579.14,69.11
579.16,69.6
579.17,69.82
579.19,70.19
579.21,70.48
579.22,70.59
579.24,70.77
579.26,70.88
579.27,70.91
579.29,70.92
579.31,70.87
579.32,70.83
579.34,70.69
579.36,70.51
579.37,70.4
579.39,70.15
579.4,70.02
579.42,69.71
579.44,69.38
579.45,69.21
579.47,68.84
579.49,68.45
579.5,68.25
579.52,67.84
579.54,67.43
579.55,67.22
579.57,66.79
579.59,66.37
579.6,66.16
579.62,65.74
579.64,65.32
579.65,65.12
579.67,64.71
579.69,64.32
579.7,64.12
579.72,63.74
579.73,63.55
579.75,63.18
579.77,62.82
579.78,62.64
579.8,62.3
579.82,61.96
579.83,61.8
579.85,61.48
579.87,61.16
579.88,61.01
579.9,60.71
579.92,60.41
579.93,60.27
579.95,59.99
579.97,59.72
579.98,59.58
580.0,59.32
580.02,59.07
580.03,58.95
580.05,58.71
580.07,58.48
580.08,58.37
580.1,58.16
580.11,58.06
580.13,57.86
580.15,57.67
580.16,57.58
580.18,57.41
580.2,57.26
580.21,57.18
580.23,57.04
580.25,56.9
580.26,56.84
580.28,56.72
580.3,56.61
580.31,56.55
580.33,56.44
580.35,56.34
580.36,56.28
580.38,56.17
580.4,56.06
580.41,56.0
580.43,55.86
580.45,55.72
580.46,55.64
580.48,55.46
580.49,55.37
580.51,55.15
580.53,54.91
580.54,54.78
580.56,54.48
580.58,54.15
580.59,53.97
580.61,53.57
580.63,53.12
580.64,52.88
580.66,52.36
580.68,51.78
580.69,51.48
580.71,50.82
580.73,50.11
580.74,49.73
580.76,48.94
580.78,48.09
580.79,47.65
580.81,46.72
580.83,45.75
580.84,45.24
580.86,44.2
580.87,43.66
580.89,42.56
580.91,41.41
580.92,40.83
580.94,39.65
580.96,38.44
580.97,37.82
580.99,36.59
581.01,35.34
581.02,34.71
581.04,33.46
581.06,32.21
581.07,31.59
581.09,30.35
581.11,29.14
581.12,28.54
581.14,27.35
581.16,26.2
581.17,25.63
581.19,24.53
581.2,24.0
581.22,22.95
581.24,21.96
581.25,21.48
581.27,20.56
581.29,19.69
581.3,19.27
581.32,18.48
581.34,17.75
581.35,17.41
581.37,16.76
581.39,16.18
581.4,15.91
581.42,15.41
581.44,14.97
581.45,14.78
581.47,14.43
581.49,14.14
581.5,14.01
581.52,13.8
581.54,13.65
581.55,13.59
581.57,13.51
581.58,13.49
581.6,13.49
581.62,13.54
581.63,13.58
581.65,13.69
581.67,13.85
581.68,13.94
581.7,14.16
581.72,14.41
581.73,14.55
581.75,14.85
581.77,15.18
581.78,15.36
581.8,15.74
581.82,16.14
581.83,16.35
581.85,16.78
581.87,17.23
581.88,17.47
581.9,17.94
581.92,18.43
581.93,18.68
581.95,19.19
581.96,19.44
581.98,19.95
582.0,20.47
582.01,20.72
582.03,21.23
582.05,21.74
582.06,21.99
582.08,22.49
582.1,22.97
582.11,23.21
582.13,23.67
582.15,24.12
582.16,24.34
582.18,24.75
582.2,25.15
582.21,25.33
582.23,25.69
582.25,26.02
582.26,26.17
582.28,26.46
582.3,26.71
582.31,26.83
582.33,27.04
582.34,27.13
582.36,27.29
582.38,27.41
582.39,27.46
582.41,27.54
582.43,27.59
582.44,27.6
582.46,27.6
582.48,27.56
582.49,27.54
582.51,27.46
582.53,27.36
582.54,27.3
582.56,27.16
582.58,27.0
582.59,26.91
582.61,26.72
582.63,26.51
582.64,26.4
582.66,26.17
582.67,26.05
582.69,25.81
582.71,25.55
582.72,25.42
582.74,25.15
582.76,24.88
582.77,24.74
582.79,24.47
582.81,24.19
582.82,24.06
582.84,23.78
582.86,23.51
582.87,23.37
582.89,23.11
582.91,22.84
582.92,22.71
582.94,22.45
582.96,22.19
582.97,22.07
582.99,21.82
583.01,21.57
583.02,21.44
583.04,21.2
583.05,21.07
583.07,20.83
583.09,20.58
583.1,20.46
583.12,20.21
583.14,19.96
583.15,19.83
583.17,19.57
583.19,19.3
583.2,19.17
583.22,18.89
583.24,18.61
583.25,18.46
583.27,18.16
583.29,17.85
583.3,17.7
583.32,17.37
583.34,17.03
583.35,16.86
583.37,16.51
583.39,16.14
583.4,15.96
583.42,15.58
583.43,15.38
583.45,14.98
583.47,14.58
583.48,14.37
583.5,13.95
583.52,13.53
583.53,13.31
583.55,12.88
583.57,12.44
583.58,12.22
583.6,11.77
583.62,11.33
583.63,11.11
583.65,10.66
583.67,10.22
583.68,10.0
583.7,9.569
583.72,9.14
583.73,8.929
583.75,8.512
583.77,8.104
583.78,7.904
583.8,7.512
583.81,7.321
583.83,6.947
583.85,6.587
583.86,6.412
583.88,6.073
583.9,5.749
583.91,5.593
583.93,5.292
583.95,5.007
583.96,4.871
583.98,4.611
584.0,4.367
584.01,4.251
584.03,4.032
584.05,3.828
584.06,3.733
584.08,3.553
584.1,3.389
584.11,3.312
584.13,3.17
584.14,3.104
584.16,2.982
584.18,2.874
584.19,2.824
584.21,2.735
584.23,2.656
584.24,2.621
584.26,2.559
584.28,2.507
584.29,2.484
584.31,2.445
584.33,2.414
584.34,2.402
584.36,2.382
584.38,2.369
584.39,2.365
584.41,2.361
584.43,2.362
584.44,2.365
584.46,2.374
584.48,2.387
584.49,2.395
584.51,2.415
584.52,2.426
584.54,2.452
584.56,2.481
584.57,2.497
584.59,2.532
584.61,2.57
584.62,2.591
584.64,2.636
584.66,2.685
584.67,2.711
584.69,2.767
584.71,2.828
584.72,2.861
584.74,2.931
584.76,3.006
584.77,3.047
584.79,3.133
584.81,3.226
584.82,3.276
584.84,3.382
584.86,3.497
584.87,3.557
584.89,3.687
584.9,3.755
584.92,3.9
584.94,4.056
584.95,4.139
584.97,4.312
584.99,4.498
585.0,4.596
585.02,4.802
585.04,5.02
585.05,5.135
585.07,5.374
585.09,5.627
585.1,5.758
585.12,6.032
585.14,6.319
585.15,6.468
585.17,6.776
585.19,7.097
585.2,7.262
585.22,7.603
585.24,7.955
585.25,8.136
585.27,8.506
585.28,8.695
585.3,9.08
585.32,9.474
585.33,9.675
585.35,10.08
585.37,10.49
585.38,10.7
585.4,11.13
585.42,11.55
585.43,11.77
585.45,12.19
585.47,12.63
585.48,12.84
585.5,13.27
585.52,13.7
585.53,13.91
585.55,14.33
585.57,14.75
585.58,14.96
585.6,15.37
585.61,15.57
585.63,15.97
585.65,16.36
585.66,16.55
585.68,16.93
585.7,17.29
585.71,17.47
585.73,17.82
585.75,18.16
585.76,18.33
585.78,18.65
585.8,18.97
585.81,19.12
585.83,19.42
585.85,19.71
585.86,19.85
585.88,20.12
585.9,20.39
585.91,20.52
585.93,20.77
585.95,21.02
585.96,21.14
585.98,21.37
585.99,21.49
586.01,21.72
586.03,21.94
586.04,22.05
586.06,22.26
586.08,22.47
586.09,22.57
586.11,22.77
586.13,22.97
586.14,23.07
586.16,23.26
586.18,23.44
586.19,23.53
586.21,23.7
586.23,23.87
586.24,23.95
586.26,24.1
586.28,24.25
586.29,24.31
586.31,24.44
586.33,24.55
586.34,24.6
586.36,24.69
586.37,24.73
586.39,24.8
586.41,24.84
586.42,24.86
586.44,24.87
586.46,24.86
586.47,24.85
586.49,24.8
586.51,24.73
586.52,24.68
586.54,24.57
586.56,24.43
586.57,24.35
586.59,24.16
586.61,23.95
586.62,23.83
586.64,23.58
586.66,23.29
586.67,23.14
586.69,22.82
586.71,22.47
586.72,22.28
586.74,21.9
586.75,21.69
586.77,21.27
586.79,20.83
586.8,20.6
586.82,20.14
586.84,19.66
586.85,19.41
586.87,18.91
586.89,18.41
586.9,18.15
586.92,17.64
586.94,17.12
586.95,16.87
586.97,16.35
586.99,15.85
587.0,15.6
587.02,15.1
587.04,14.62
587.05,14.38
587.07,13.93
587.08,13.7
587.1,13.27
587.12,12.86
587.13,12.67
587.15,12.29
587.17,11.95
587.18,11.79
587.2,11.48
587.22,11.21
587.23,11.09
587.25,10.86
587.27,10.67
587.28,10.59
587.3,10.46
587.32,10.36
587.33,10.32
587.35,10.28
587.37,10.27
587.38,10.28
587.4,10.33
587.42,10.42
587.43,10.48
587.45,10.62
587.46,10.71
587.48,10.92
587.5,11.16
587.51,11.3
587.53,11.6
587.55,11.94
587.56,12.12
587.58,12.52
587.6,12.95
587.61,13.18
587.63,13.67
587.65,14.2
587.66,14.48
587.68,15.07
587.7,15.71
587.71,16.04
587.73,16.73
587.75,17.47
587.76,17.86
587.78,18.67
587.8,19.53
587.81,19.98
587.83,20.92
587.84,21.42
587.86,22.46
587.88,23.56
587.89,24.15
587.91,25.38
587.93,26.7
587.94,27.39
587.96,28.86
587.98,30.45
587.99,31.29
588.01,33.08
588.03,35.01
588.04,36.04
588.06,38.23
588.08,40.61
588.09,41.88
588.11,44.59
588.13,47.54
588.14,49.11
588.16,52.47
588.18,56.12
588.19,58.07
588.21,62.22
588.22,64.43
588.24,69.14
588.26,74.25
588.27,76.96
588.29,82.72
588.31,88.95
588.32,92.25
588.34,99.23
588.36,106.7
588.37,110.7
588.39,119.0
588.41,127.9
588.42,132.6
588.44,142.4
588.46,152.8
588.47,158.3
588.49,169.6
588.51,181.6
588.52,187.8
588.54,200.7
588.55,207.4
588.57,221.2
588.59,235.6
588.6,243.0
588.62,258.3
588.64,274.0
588.65,282.1
588.67,298.5
588.69,315.4
588.7,323.9
588.72,341.3
588.74,359.0
588.75,367.9
588.77,385.9
588.79,403.9
588.8,413.0
588.82,431.1
588.84,449.2
588.85,458.1
588.87,476.0
588.89,493.5
588.9,502.2
588.92,519.2
588.93,527.5
588.95,543.8
588.97,559.5
588.98,567.1
589.0,581.9
589.02,595.9
589.03,602.6
589.05,615.4
589.07,627.3
589.08,632.9
589.1,643.3
589.12,652.8
589.13,657.2
589.15,665.1
589.17,672.0
589.18,675.1
589.2,680.3
589.22,684.5
589.23,686.2
589.25,688.8
589.27,690.3
589.28,690.6
589.3,690.6
589.31,690.2
589.33,688.6
589.35,686.0
589.36,684.4
589.38,680.4
589.4,675.6
589.41,672.8
589.43,666.7
589.45,659.9
589.46,656.2
589.48,648.2
589.5,639.6
589.51,635.1
589.53,625.6
589.55,615.5
589.56,610.3
589.58,599.4
589.6,588.2
589.61,582.4
589.63,570.5
589.64,564.4
589.66,552.1
589.68,539.4
589.69,533.0
589.71,519.9
589.73,506.6
589.74,499.9
589.76,486.4
589.78,472.7
589.79,465.9
589.81,452.0
589.83,438.1
589.84,431.2
589.86,417.2
589.88,403.2
589.89,396.3
589.91,382.3
589.93,368.5
589.94,361.5
589.96,347.8
589.98,334.1
589.99,327.3
590.01,313.9
590.02,307.2
590.04,294.0
590.06,281.1
590.07,274.6
590.09,262.0
590.11,249.6
590.12,243.5
590.14,231.5
590.16,219.8
590.17,214.1
590.19,202.8
590.21,192.0
590.22,186.6
590.24,176.3
590.26,166.2
590.27,161.4
590.29,151.9
590.31,142.8
590.32,138.4
590.34,129.9
590.36,121.8
590.37,117.8
590.39,110.3
590.4,106.6
590.42,99.62
590.44,92.99
590.45,89.81
590.47,83.71
590.49,77.96
590.5,75.22
590.52,69.97
590.54,65.05
590.55,62.7
590.57,58.24
590.59,54.07
590.6,52.09
590.62,48.33
590.64,44.83
590.65,43.17
590.67,40.03
590.69,37.11
590.7,35.73
590.72,33.12
590.74,30.7
590.75,29.55
590.77,27.4
590.78,26.38
590.8,24.46
590.82,22.68
590.83,21.84
590.85,20.26
590.87,18.79
590.88,18.1
590.9,16.8
590.92,15.59
590.93,15.02
590.95,13.95
590.97,12.96
590.98,12.49
591.0,11.6
591.02,10.78
591.03,10.39
591.05,9.663
591.07,8.988
591.08,8.67
591.1,8.07
591.11,7.787
591.13,7.255
591.15,6.764
591.16,6.533
591.18,6.101
591.2,5.704
591.21,5.518
591.23,5.171
591.25,4.856
591.26,4.709
591.28,4.437
591.3,4.193
591.31,4.08
591.33,3.874
591.35,3.691
591.36,3.609
591.38,3.46
591.4,3.332
591.41,3.275
591.43,3.176
591.45,3.096
591.46,3.062
591.48,3.006
591.49,2.984
591.51,2.951
591.53,2.932
591.54,2.927
591.56,2.926
591.58,2.936
591.59,2.945
591.61,2.971
591.63,3.005
591.64,3.025
591.66,3.07
591.68,3.121
591.69,3.149
591.71,3.208
591.73,3.271
591.74,3.304
591.76,3.371
591.78,3.441
591.79,3.477
591.81,3.549
591.83,3.621
591.84,3.658
591.86,3.73
591.87,3.766
591.89,3.837
591.91,3.907
591.92,3.941
591.94,4.009
591.96,4.075
591.97,4.107
591.99,4.17
592.01,4.232
592.02,4.262
592.04,4.321
592.06,4.379
592.07,4.408
592.09,4.465
592.11,4.521
592.12,4.549
592.14,4.606
592.16,4.665
592.17,4.694
592.19,4.756
592.21,4.82
592.22,4.854
592.24,4.924
592.25,4.961
592.27,5.039
592.29,5.124
592.3,5.169
592.32,5.266
592.34,5.371
592.35,5.427
592.37,5.547
592.39,5.678
592.4,5.748
592.42,5.898
592.44,6.06
592.45,6.147
592.47,6.33
592.49,6.528
592.5,6.633
592.52,6.855
592.54,7.092
592.55,7.217
592.57,7.478
592.58,7.615
592.6,7.901
592.62,8.203
592.63,8.36
592.65,8.686
592.67,9.027
592.68,9.202
592.7,9.565
592.72,9.94
592.73,10.13
592.75,10.53
592.77,10.93
592.78,11.14
592.8,11.55
592.82,11.98
592.83,12.19
592.85,12.62
592.87,13.06
592.88,13.27
592.9,13.71
592.92,14.14
592.93,14.36
592.95,14.78
592.96,14.99
592.98,15.4
593.0,15.81
593.01,16.01
593.03,16.39
593.05,16.76
593.06,16.94
593.08,17.28
593.1,17.6
593.11,17.76
593.13,18.05
593.15,18.31
593.16,18.44
593.18,18.67
593.2,18.87
593.21,18.96
593.23,19.12
593.25,19.26
593.26,19.31
593.28,19.4
593.3,19.46
593.31,19.48
593.33,19.49
593.34,19.49
593.36,19.46
593.38,19.4
593.39,19.36
593.41,19.26
593.43,19.14
593.44,19.06
593.46,18.9
593.48,18.71
593.49,18.61
593.51,18.38
593.53,18.14
593.54,18.01
593.56,17.74
593.58,17.45
593.59,17.3
593.61,16.99
593.63,16.67
593.64,16.51
593.66,16.17
593.68,15.83
593.69,15.66
593.71,15.31
593.72,15.13
593.74,14.78
593.76,14.43
593.77,14.26
593.79,13.92
593.81,13.59
593.82,13.42
593.84,13.1
593.86,12.8
593.87,12.65
593.89,12.37
593.91,12.1
593.92,11.98
593.94,11.75
593.96,11.54
593.97,11.45
593.99,11.28
594.01,11.15
594.02,11.09
594.04,11.0
594.05,10.97
594.07,10.94
594.09,10.95
594.1,10.96
594.12,11.03
594.14,11.15
594.15,11.22
594.17,11.4
594.19,11.63
594.2,11.76
594.22,12.07
594.24,12.43
594.25,12.63
594.27,13.07
594.29,13.56
594.3,13.83
594.32,14.4
594.34,15.03
594.35,15.37
594.37,16.09
594.39,16.86
594.4,17.26
594.42,18.11
594.43,18.56
594.45,19.48
594.47,20.46
594.48,20.96
594.5,22.01
594.52,23.1
594.53,23.65
594.55,24.8
594.57,25.97
594.58,26.57
594.6,27.78
594.62,29.02
594.63,29.64
594.65,30.89
594.67,32.16
594.68,32.79
594.7,34.04
594.72,35.29
594.73,35.91
594.75,37.14
594.77,38.33
594.78,38.92
594.8,40.07
594.81,40.62
594.83,41.7
594.85,42.73
594.86,43.23
594.88,44.16
594.9,45.04
594.91,45.45
594.93,46.21
594.95,46.9
594.96,47.21
594.98,47.77
595.0,48.24
595.01,48.44
595.03,48.77
595.05,49.01
595.06,49.1
595.08,49.19
595.1,49.2
595.11,49.16
595.13,49.02
595.15,48.78
595.16,48.63
595.18,48.26
595.19,48.04
595.21,47.53
595.23,46.95
595.24,46.62
595.26,45.92
595.28,45.14
595.29,44.73
595.31,43.85
595.33,42.92
595.34,42.43
595.36,41.41
595.38,40.35
595.39,39.8
595.41,38.68
595.43,37.53
595.44,36.95
595.46,35.76
595.48,34.56
595.49,33.95
595.51,32.74
595.52,32.13
595.54,30.91
595.56,29.69
595.57,29.08
595.59,27.88
595.61,26.7
595.62,26.11
595.64,24.96
595.66,23.83
595.67,23.28
595.69,22.19
595.71,21.13
595.72,20.62
595.74,19.61
595.76,18.65
595.77,18.18
595.79,17.27
595.81,16.4
595.82,15.98
595.84,15.18
595.86,14.41
595.87,14.05
595.89,13.34
595.9,13.01
595.92,12.37
595.94,11.77
595.95,11.48
595.97,10.94
595.99,10.44
596.0,10.21
596.02,9.766
596.04,9.36
596.05,9.17
596.07,8.816
596.09,8.495
596.1,8.346
596.12,8.073
596.14,7.829
596.15,7.717
596.17,7.515
596.19,7.338
596.2,7.258
596.22,7.117
596.24,6.997
596.25,6.944
596.27,6.854
596.28,6.815
596.3,6.75
596.32,6.7
596.33,6.68
596.35,6.649
596.37,6.629
596.38,6.623
596.4,6.617
596.42,6.618
596.43,6.621
596.45,6.63
596.47,6.642
596.48,6.65
596.5,6.665
596.52,6.681
596.53,6.689
596.55,6.703
596.57,6.715
596.58,6.72
596.6,6.727
596.62,6.73
596.63,6.729
596.65,6.723
596.66,6.718
596.68,6.703
596.7,6.681
596.71,6.667
596.73,6.634
596.75,6.594
596.76,6.572
596.78,6.521
596.8,6.463
596.81,6.432
596.83,6.364
596.85,6.29
596.86,6.251
596.88,6.169
596.9,6.082
596.91,6.038
596.93,5.946
596.95,5.851
596.96,5.803
596.98,5.707
596.99,5.659
597.01,5.564
597.03,5.47
597.04,5.424
597.06,5.335
597.08,5.252
597.09,5.212
597.11,5.138
597.13,5.071
597.14,5.042
597.16,4.99
597.18,4.949
597.19,4.933
597.21,4.91
597.23,4.902
597.24,4.903
597.26,4.917
597.28,4.948
597.29,4.969
597.31,5.026
597.33,5.101
597.34,5.145
597.36,5.249
597.37,5.308
597.39,5.441
597.41,5.594
597.42,5.679
597.44,5.863
597.46,6.069
597.47,6.179
597.49,6.415
597.51,6.672
597.52,6.807
597.54,7.094
597.56,7.4
597.57,7.56
597.59,7.893
597.61,8.244
597.62,8.426
597.64,8.801
597.66,9.191
597.67,9.391
597.69,9.801
597.71,10.22
597.72,10.44
597.74,10.87
597.75,11.09
597.77,11.54
597.79,11.99
597.8,12.21
597.82,12.67
597.84,13.12
597.85,13.35
597.87,13.8
597.89,14.24
597.9,14.46
597.92,14.89
597.94,15.31
597.95,15.52
597.97,15.92
597.99,16.3
598.0,16.49
598.02,16.85
598.04,17.18
598.05,17.34
598.07,17.64
598.09,17.91
598.1,18.04
598.12,18.27
598.13,18.37
598.15,18.56
598.17,18.72
598.18,18.78
598.2,18.89
598.22,18.96
598.23,18.98
598.25,19.0
598.27,18.99
598.28,18.96
598.3,18.9
598.32,18.79
598.33,18.73
598.35,18.58
598.37,18.39
598.38,18.28
598.4,18.05
598.42,17.78
598.43,17.64
598.45,17.33
598.46,17.17
598.48,16.82
598.5,16.45
598.51,16.25
598.53,15.85
598.55,15.42
598.56,15.2
598.58,14.75
598.6,14.29
598.61,14.05
598.63,13.57
598.65,13.09
598.66,12.84
598.68,12.35
598.7,11.85
598.71,11.6
598.73,11.1
598.75,10.6
598.76,10.36
598.78,9.869
598.8,9.387
598.81,9.15
598.83,8.682
598.84,8.451
598.86,8.0
598.88,7.561
598.89,7.347
598.91,6.928
598.93,6.525
598.94,6.329
598.96,5.95
598.98,5.586
598.99,5.411
599.01,5.072
599.03,4.751
599.04,4.597
599.06,4.301
599.08,4.021
599.09,3.888
599.11,3.633
599.13,3.395
599.14,3.281
599.16,3.066
599.18,2.865
599.19,2.77
599.21,2.59
599.22,2.505
599.24,2.345
599.26,2.196
599.27,2.127
599.29,1.995
599.31,1.875
599.32,1.818
599.34,1.712
599.36,1.614
599.37,1.568
599.39,1.483
599.41,1.405
599.42,1.368
599.44,1.3
599.46,1.238
599.47,1.21
599.49,1.156
599.51,1.108
599.52,1.086
599.54,1.045
599.55,1.027
599.57,0.9931
599.59,0.9643
599.6,0.9517
599.62,0.9302
599.64,0.9135
599.65,0.9072
599.67,0.8984
599.69,0.8954
599.7,0.8961
599.72,0.9025
599.74,0.9157
599.75,0.9251
599.77,0.95
599.79,0.9836
599.8,1.004
599.82,1.052
599.84,1.112
599.85,1.146
599.87,1.224
599.89,1.316
599.9,1.367
599.92,1.483
599.93,1.547
599.95,1.69
599.97,1.852
599.98,1.941
600.0,2.136
600.02,2.355
600.03,2.475
600.05,2.734
600.07,3.022
600.08,3.177
600.1,3.512
600.12,3.881
600.13,4.078
600.15,4.502
600.17,4.963
600.18,5.209
600.2,5.732
600.22,6.299
600.23,6.599
600.25,7.233
600.27,7.914
600.28,8.272
600.3,9.026
600.31,9.421
600.33,10.25
600.35,11.13
600.36,11.59
600.38,12.54
600.4,13.54
600.41,14.07
600.43,15.14
600.45,16.27
600.46,16.85
600.48,18.04
600.5,19.28
600.51,19.91
600.53,21.21
600.55,22.54
600.56,23.21
600.58,24.58
600.6,25.98
600.61,26.69
600.63,28.11
600.65,29.54
600.66,30.26
600.68,31.7
600.69,32.42
600.71,33.84
600.73,35.25
600.74,35.95
600.76,37.33
600.78,38.67
600.79,39.33
600.81,40.61
600.83,41.83
600.84,42.43
600.86,43.57
600.88,44.64
600.89,45.15
600.91,46.11
600.93,46.99
600.94,47.39
600.96,48.13
600.98,48.78
600.99,49.07
601.01,49.57
601.02,49.78
601.04,50.13
601.06,50.36
601.07,50.44
601.09,50.52
601.11,50.49
601.12,50.44
601.14,50.25
601.16,49.95
601.17,49.77
601.19,49.32
601.21,48.78
601.22,48.47
601.24,47.79
601.26,47.02
601.27,46.61
601.29,45.72
601.31,44.77
601.32,44.26
601.34,43.21
601.36,42.11
601.37,41.54
601.39,40.36
601.4,39.76
601.42,38.53
601.44,37.28
601.45,36.64
601.47,35.36
601.49,34.07
601.5,33.43
601.52,32.14
601.54,30.85
601.55,30.22
601.57,28.96
601.59,27.72
601.6,27.11
601.62,25.91
601.64,24.75
601.65,24.18
601.67,23.08
601.69,22.01
601.7,21.5
601.72,20.5
601.74,19.55
601.75,19.1
601.77,18.23
601.78,17.81
601.8,17.02
601.82,16.28
601.83,15.92
601.85,15.26
601.87,14.65
601.88,14.36
601.9,13.82
601.92,13.33
601.93,13.1
601.95,12.68
601.97,12.3
601.98,12.13
602.0,11.82
602.02,11.54
602.03,11.41
602.05,11.18
602.07,10.99
602.08,10.9
602.1,10.75
602.12,10.62
602.13,10.57
602.15,10.47
602.16,10.43
602.18,10.36
602.2,10.3
602.21,10.28
602.23,10.24
602.25,10.2
602.26,10.19
602.28,10.17
602.3,10.15
602.31,10.14
602.33,10.12
602.35,10.1
602.36,10.08
602.38,10.06
602.4,10.03
602.41,10.01
602.43,9.973
602.45,9.926
602.46,9.9
602.48,9.842
602.49,9.81
602.51,9.738
602.53,9.657
602.54,9.613
602.56,9.519
602.58,9.414
602.59,9.359
602.61,9.24
602.63,9.112
602.64,9.045
602.66,8.904
602.68,8.755
602.69,8.678
602.71,8.517
602.73,8.349
602.74,8.262
602.76,8.084
602.78,7.901
602.79,7.807
602.81,7.616
602.83,7.421
602.84,7.323
602.86,7.123
602.87,7.022
602.89,6.819
602.91,6.614
602.92,6.512
602.94,6.306
602.96,6.101
602.97,5.999
602.99,5.796
603.01,5.594
603.02,5.494
603.04,5.297
603.06,5.103
603.07,5.008
603.09,4.82
603.11,4.637
603.12,4.548
603.14,4.373
603.16,4.205
603.17,4.123
603.19,3.964
603.21,3.813
603.22,3.74
603.24,3.6
603.25,3.533
603.27,3.404
603.29,3.284
603.3,3.228
603.32,3.12
603.34,3.022
603.35,2.976
603.37,2.891
603.39,2.814
603.4,2.779
603.42,2.715
603.44,2.66
603.45,2.636
603.47,2.593
603.49,2.558
603.5,2.543
603.52,2.52
603.54,2.504
603.55,2.498
603.57,2.492
603.59,2.492
603.6,2.493
603.62,2.501
603.63,2.507
603.65,2.522
603.67,2.54
603.68,2.551
603.7,2.574
603.72,2.6
603.73,2.613
603.75,2.641
603.77,2.67
603.78,2.685
603.8,2.714
603.82,2.742
603.83,2.755
603.85,2.781
603.87,2.805
603.88,2.816
603.9,2.836
603.92,2.853
603.93,2.86
603.95,2.87
603.96,2.874
603.98,2.879
604.0,2.878
604.01,2.876
604.03,2.869
604.05,2.856
604.06,2.847
604.08,2.827
604.1,2.801
604.11,2.786
604.13,2.752
604.15,2.713
604.16,2.692
604.18,2.646
604.2,2.595
604.21,2.568
604.23,2.511
604.25,2.449
604.26,2.417
604.28,2.351
604.3,2.281
604.31,2.245
604.33,2.172
604.34,2.134
604.36,2.057
604.38,1.979
604.39,1.939
604.41,1.859
604.43,1.778
604.44,1.738
604.46,1.657
604.48,1.576
604.49,1.536
604.51,1.456
604.53,1.377
604.54,1.339
604.56,1.262
604.58,1.188
604.59,1.151
604.61,1.079
604.63,1.01
604.64,0.976
604.66,0.9103
604.68,0.8471
604.69,0.8165
604.71,0.7574
604.72,0.7289
604.74,0.6741
604.76,0.622
604.77,0.597
604.79,0.5493
604.81,0.5043
604.82,0.4828
604.84,0.442
604.86,0.4039
604.87,0.3858
604.89,0.3516
604.91,0.3199
604.92,0.3049
604.94,0.2768
604.96,0.2509
604.97,0.2388
604.99,0.2161
605.01,0.1955
605.02,0.1859
605.04,0.1681
605.06,0.152
605.07,0.1446
605.09,0.1311
605.1,0.1249
605.12,0.1136
605.14,0.1037
605.15,0.09926
605.17,0.09141
605.19,0.08483
605.2,0.08201
605.22,0.07727
605.24,0.07372
605.25,0.07239
605.27,0.0706
605.29,0.07
605.3,0.07015
605.32,0.07137
605.34,0.07384
605.35,0.07556
605.37,0.08003
605.39,0.08593
605.4,0.08945
605.42,0.09768
605.43,0.1024
605.45,0.1133
605.47,0.126
605.48,0.1332
605.5,0.1492
605.52,0.1675
605.53,0.1776
605.55,0.1999
605.57,0.2252
605.58,0.239
605.6,0.2692
605.62,0.303
605.63,0.3214
605.65,0.3612
605.67,0.4054
605.68,0.4293
605.7,0.4808
605.72,0.5376
605.73,0.5681
605.75,0.6335
605.77,0.7051
605.78,0.7434
605.8,0.825
605.81,0.8684
605.83,0.9609
605.85,1.061
605.86,1.114
605.88,1.226
605.9,1.347
605.91,1.411
605.93,1.545
605.95,1.688
605.96,1.763
605.98,1.92
606.0,2.087
606.01,2.174
606.03,2.356
606.05,2.547
606.06,2.646
606.08,2.851
606.1,3.066
606.11,3.177
606.13,3.405
606.15,3.642
606.16,3.763
606.18,4.012
606.19,4.139
606.21,4.399
606.23,4.665
606.24,4.8
606.26,5.074
606.28,5.352
606.29,5.492
606.31,5.774
606.33,6.059
606.34,6.201
606.36,6.486
606.38,6.769
606.39,6.91
606.41,7.189
606.43,7.463
606.44,7.598
606.46,7.864
606.48,8.121
606.49,8.247
606.51,8.49
606.53,8.723
606.54,8.835
606.56,9.048
606.57,9.15
606.59,9.342
606.61,9.519
606.62,9.601
606.64,9.753
606.66,9.886
606.67,9.946
606.69,10.05
606.71,10.14
606.72,10.17
606.74,10.23
606.76,10.26
606.77,10.27
606.79,10.28
606.81,10.26
606.82,10.25
606.84,10.2
606.86,10.14
606.87,10.1
606.89,10.0
606.9,9.947
606.92,9.826
606.94,9.687
606.95,9.612
606.97,9.449
606.99,9.272
607.0,9.179
607.02,8.982
607.04,8.774
607.05,8.666
607.07,8.442
607.09,8.21
607.1,8.091
607.12,7.849
607.14,7.602
607.15,7.477
607.17,7.224
607.19,6.97
607.2,6.842
607.22,6.587
607.24,6.334
607.25,6.208
607.27,5.958
607.28,5.834
607.3,5.591
607.32,5.353
607.33,5.236
607.35,5.008
607.37,4.787
607.38,4.679
607.4,4.471
607.42,4.272
607.43,4.175
607.45,3.99
607.47,3.816
607.48,3.732
607.5,3.573
607.52,3.425
607.53,3.355
607.55,3.223
607.57,3.102
607.58,3.046
607.6,2.941
607.62,2.848
607.63,2.805
607.65,2.728
607.66,2.694
607.68,2.633
607.7,2.582
607.71,2.561
607.73,2.526
607.75,2.5
607.76,2.492
607.78,2.481
607.8,2.481
607.81,2.484
607.83,2.497
607.85,2.521
607.86,2.536
607.88,2.573
607.9,2.62
607.91,2.646
607.93,2.707
607.95,2.778
607.96,2.817
607.98,2.902
608.0,2.998
608.01,3.049
608.03,3.161
608.04,3.22
608.06,3.348
608.08,3.487
608.09,3.561
608.11,3.718
608.13,3.887
608.14,3.976
608.16,4.164
608.18,4.366
608.19,4.472
608.21,4.693
608.23,4.929
608.24,5.053
608.26,5.31
608.28,5.582
608.29,5.723
608.31,6.016
608.33,6.324
608.34,6.483
608.36,6.812
608.37,6.982
608.39,7.331
608.41,7.693
608.42,7.879
608.44,8.259
608.46,8.651
608.47,8.85
608.49,9.256
608.51,9.67
608.52,9.88
608.54,10.3
608.56,10.73
608.57,10.95
608.59,11.38
608.61,11.81
608.62,12.03
608.64,12.46
608.66,12.89
608.67,13.1
608.69,13.51
608.71,13.92
608.72,14.12
608.74,14.51
608.75,14.7
608.77,15.07
608.79,15.42
608.8,15.59
608.82,15.91
608.84,16.21
608.85,16.35
608.87,16.61
608.89,16.85
608.9,16.96
608.92,17.16
608.94,17.34
608.95,17.41
608.97,17.55
608.99,17.65
609.0,17.69
609.02,17.75
609.04,17.78
609.05,17.79
609.07,17.78
609.09,17.75
609.1,17.72
609.12,17.65
609.13,17.6
609.15,17.5
609.17,17.37
609.18,17.3
609.2,17.15
609.22,16.98
609.23,16.89
609.25,16.71
609.27,16.51
609.28,16.41
609.3,16.22
609.32,16.02
609.33,15.92
609.35,15.72
609.37,15.53
609.38,15.44
609.4,15.28
609.42,15.12
609.43,15.05
609.45,14.93
609.46,14.88
609.48,14.8
609.5,14.74
609.51,14.73
609.53,14.73
609.55,14.77
609.56,14.8
609.58,14.9
609.6,15.05
609.61,15.14
609.63,15.36
609.65,15.63
609.66,15.79
609.68,16.15
609.7,16.56
609.71,16.79
609.73,17.29
609.75,17.85
609.76,18.16
609.78,18.81
609.8,19.53
609.81,19.91
609.83,20.72
609.84,21.14
609.86,22.04
609.88,23.0
609.89,23.5
609.91,24.54
609.93,25.63
609.94,26.2
609.96,27.36
609.98,28.57
609.99,29.19
610.01,30.46
610.03,31.76
610.04,32.42
610.06,33.76
610.08,35.12
610.09,35.8
610.11,37.17
610.13,38.55
610.14,39.24
610.16,40.6
610.18,41.96
610.19,42.62
610.21,43.94
610.22,44.59
610.24,45.85
610.26,47.07
610.27,47.66
610.29,48.8
610.31,49.88
610.32,50.39
610.34,51.37
610.36,52.26
610.37,52.68
610.39,53.45
610.41,54.13
610.42,54.43
610.44,54.97
610.46,55.41
610.47,55.59
610.49,55.87
610.51,56.04
610.52,56.09
610.54,56.11
610.56,56.02
610.57,55.94
610.59,55.69
610.6,55.52
610.62,55.12
610.64,54.62
610.65,54.33
610.67,53.69
610.69,52.95
610.7,52.55
610.72,51.69
610.74,50.75
610.75,50.25
610.77,49.2
610.79,48.1
610.8,47.52
610.82,46.33
610.84,45.09
610.85,44.45
610.87,43.15
610.89,41.82
610.9,41.15
610.92,39.79
610.93,39.1
610.95,37.72
610.97,36.33
610.98,35.63
611.0,34.24
611.02,32.87
611.03,32.18
611.05,30.82
611.07,29.48
611.08,28.82
611.1,27.52
611.12,26.25
611.13,25.62
611.15,24.4
611.17,23.21
611.18,22.63
611.2,21.5
611.22,20.41
611.23,19.88
611.25,18.86
611.27,17.87
611.28,17.4
611.3,16.48
611.31,16.04
611.33,15.19
611.35,14.39
611.36,14.0
611.38,13.27
611.4,12.57
611.41,12.24
611.43,11.62
611.45,11.03
611.46,10.76
611.48,10.23
611.5,9.751
611.51,9.525
611.53,9.103
611.55,8.719
611.56,8.542
611.58,8.214
611.6,7.922
611.61,7.789
611.63,7.55
611.65,7.344
611.66,7.253
611.68,7.096
611.69,7.029
611.71,6.918
611.73,6.837
611.74,6.807
611.76,6.767
611.78,6.755
611.79,6.759
611.81,6.784
611.83,6.834
611.84,6.868
611.86,6.951
611.88,7.055
611.89,7.114
611.91,7.247
611.93,7.397
611.94,7.478
611.96,7.651
611.98,7.838
611.99,7.936
612.01,8.141
612.03,8.355
612.04,8.465
612.06,8.69
612.07,8.805
612.09,9.039
612.11,9.275
612.12,9.394
612.14,9.632
612.16,9.869
612.17,9.986
612.19,10.22
612.21,10.45
612.22,10.56
612.24,10.78
612.26,10.99
612.27,11.09
612.29,11.28
612.31,11.46
612.32,11.55
612.34,11.72
612.36,11.87
612.37,11.94
612.39,12.07
612.4,12.13
612.42,12.23
612.44,12.33
612.45,12.37
612.47,12.43
612.49,12.49
612.5,12.51
612.52,12.54
612.54,12.55
612.55,12.56
612.57,12.55
612.59,12.53
612.6,12.52
612.62,12.48
612.64,12.44
612.65,12.41
612.67,12.35
612.69,12.28
612.7,12.25
612.72,12.17
612.74,12.1
612.75,12.06
612.77,11.98
612.78,11.94
612.8,11.86
612.82,11.79
612.83,11.75
612.85,11.69
612.87,11.63
612.88,11.61
612.9,11.57
612.92,11.54
612.93,11.54
612.95,11.53
612.97,11.55
612.98,11.56
613.0,11.6
613.02,11.67
613.03,11.71
613.05,11.81
613.07,11.93
613.08,12.0
613.1,12.17
613.12,12.35
613.13,12.46
613.15,12.69
613.16,12.81
613.18,13.09
613.2,13.39
613.21,13.55
613.23,13.89
613.25,14.26
613.26,14.45
613.28,14.86
613.3,15.29
613.31,15.52
613.33,15.98
613.35,16.47
613.36,16.72
613.38,17.24
613.4,17.77
613.41,18.03
613.43,18.58
613.45,19.14
613.46,19.42
613.48,19.98
613.5,20.55
613.51,20.83
613.53,21.39
613.54,21.66
613.56,22.21
613.58,22.74
613.59,23.0
613.61,23.51
613.63,24.0
613.64,24.23
613.66,24.68
613.68,25.1
613.69,25.3
613.71,25.67
613.73,26.0
613.74,26.16
613.76,26.43
613.78,26.66
613.79,26.76
613.81,26.93
613.83,27.05
613.84,27.09
613.86,27.13
613.87,27.14
613.89,27.11
613.91,27.04
613.92,26.98
613.94,26.84
613.96,26.64
613.97,26.52
613.99,26.26
614.01,25.95
614.02,25.77
614.04,25.4
614.06,24.98
614.07,24.76
614.09,24.28
614.11,23.78
614.12,23.51
614.14,22.95
614.16,22.37
614.17,22.07
614.19,21.45
614.21,20.81
614.22,20.48
614.24,19.82
614.25,19.48
614.27,18.79
614.29,18.1
614.3,17.75
614.32,17.05
614.34,16.35
614.35,16.0
614.37,15.31
614.39,14.62
614.4,14.27
614.42,13.59
614.44,12.92
614.45,12.59
614.47,11.95
614.49,11.31
614.5,11.0
614.52,10.39
614.54,9.804
614.55,9.516
614.57,8.957
614.59,8.419
614.6,8.158
614.62,7.653
614.63,7.408
614.65,6.937
614.67,6.489
614.68,6.273
614.7,5.86
614.72,5.47
614.73,5.283
614.75,4.928
614.77,4.595
614.78,4.437
614.8,4.138
614.82,3.861
614.83,3.73
614.85,3.485
614.87,3.261
614.88,3.157
614.9,2.964
614.92,2.79
614.93,2.711
614.95,2.566
614.97,2.439
614.98,2.383
615.0,2.283
615.01,2.24
615.03,2.166
615.05,2.11
615.06,2.087
615.08,2.055
615.1,2.039
615.11,2.036
615.13,2.043
615.15,2.066
615.16,2.083
615.18,2.128
615.2,2.188
615.21,2.224
615.23,2.306
615.25,2.404
615.26,2.458
615.28,2.578
615.3,2.712
615.31,2.785
615.33,2.943
615.34,3.027
615.36,3.208
615.38,3.404
615.39,3.508
615.41,3.728
615.43,3.965
615.44,4.089
615.46,4.35
615.48,4.628
615.49,4.773
615.51,5.076
615.53,5.396
615.54,5.563
615.56,5.909
615.58,6.273
615.59,6.462
615.61,6.852
615.63,7.26
615.64,7.47
615.66,7.904
615.68,8.354
615.69,8.586
615.71,9.062
615.72,9.306
615.74,9.805
615.76,10.32
615.77,10.58
615.79,11.12
615.81,11.67
615.82,11.95
615.84,12.52
615.86,13.09
615.87,13.39
615.89,13.98
615.91,14.57
615.92,14.88
615.94,15.48
615.96,16.09
615.97,16.39
615.99,17.0
616.01,17.61
616.02,17.91
616.04,18.51
616.06,19.11
616.07,19.4
616.09,19.98
616.1,20.27
616.12,20.83
616.14,21.38
616.15,21.64
616.17,22.16
616.19,22.66
616.2,22.9
616.22,23.37
616.24,23.81
616.25,24.02
616.27,24.42
616.29,24.79
616.3,24.97
616.32,25.3
616.34,25.59
616.35,25.72
616.37,25.97
616.39,26.18
616.4,26.27
616.42,26.43
616.44,26.56
616.45,26.6
616.47,26.67
616.48,26.7
616.5,26.72
616.52,26.7
616.53,26.68
616.55,26.61
616.57,26.51
616.58,26.45
616.6,26.3
616.62,26.12
616.63,26.02
616.65,25.8
616.67,25.55
616.68,25.42
616.7,25.13
616.72,24.82
616.73,24.65
616.75,24.3
616.77,23.93
616.78,23.74
616.8,23.35
616.81,23.14
616.83,22.72
616.85,22.28
616.86,22.06
616.88,21.6
616.9,21.14
616.91,20.9
616.93,20.41
616.95,19.92
616.96,19.67
616.98,19.17
617.0,18.66
617.01,18.41
617.03,17.89
617.05,17.37
617.06,17.11
617.08,16.59
617.1,16.07
617.11,15.81
617.13,15.29
617.15,14.77
617.16,14.51
617.18,14.0
617.19,13.74
617.21,13.23
617.23,12.73
617.24,12.48
617.26,11.98
617.28,11.49
617.29,11.25
617.31,10.77
617.33,10.29
617.34,10.06
617.36,9.601
617.38,9.15
617.39,8.929
617.41,8.493
617.43,8.068
617.44,7.859
617.46,7.451
617.48,7.053
617.49,6.859
617.51,6.481
617.53,6.114
617.54,5.936
617.56,5.589
617.57,5.421
617.59,5.094
617.61,4.781
617.62,4.63
617.64,4.338
617.66,4.06
617.67,3.927
617.69,3.671
617.71,3.43
617.72,3.314
617.74,3.096
617.76,2.892
617.77,2.796
617.79,2.615
617.81,2.45
617.82,2.373
617.84,2.232
617.86,2.108
617.87,2.052
617.89,1.952
617.91,1.871
617.92,1.836
617.94,1.782
617.95,1.762
617.97,1.736
617.99,1.731
618.0,1.737
618.02,1.764
618.04,1.815
618.05,1.849
618.07,1.937
618.09,2.052
618.1,2.121
618.12,2.279
618.14,2.47
618.15,2.578
618.17,2.82
618.19,3.099
618.2,3.254
618.22,3.594
618.24,3.979
618.25,4.189
618.27,4.645
618.28,4.893
618.3,5.429
618.32,6.021
618.33,6.34
618.35,7.024
618.37,7.773
618.38,8.173
618.4,9.026
618.42,9.953
618.43,10.45
618.45,11.49
618.47,12.61
618.48,13.21
618.5,14.46
618.52,15.8
618.53,16.5
618.55,17.98
618.57,19.54
618.58,20.36
618.6,22.07
618.62,23.86
618.63,24.8
618.65,26.73
618.66,27.74
618.68,29.81
618.7,31.97
618.71,33.08
618.73,35.36
618.75,37.71
618.76,38.92
618.78,41.38
618.8,43.9
618.81,45.19
618.83,47.79
618.85,50.43
618.86,51.76
618.88,54.45
618.9,57.15
618.91,58.5
618.93,61.21
618.95,63.9
618.96,65.24
618.98,67.89
619.0,70.49
619.01,71.77
619.03,74.29
619.04,75.51
619.06,77.9
619.08,80.2
619.09,81.3
619.11,83.43
619.13,85.42
619.14,86.36
619.16,88.14
619.18,89.76
619.19,90.51
619.21,91.88
619.23,93.06
619.24,93.58
619.26,94.48
619.28,95.19
619.29,95.46
619.31,95.86
619.33,96.06
619.34,96.07
619.36,95.96
619.38,95.63
619.39,95.39
619.41,94.76
619.42,94.37
619.44,93.45
619.46,92.33
619.47,91.7
619.49,90.31
619.51,88.75
619.52,87.91
619.54,86.11
619.56,84.17
619.57,83.14
619.59,81.0
619.61,78.75
619.62,77.58
619.64,75.18
619.66,72.69
619.67,71.42
619.69,68.84
619.71,66.2
619.72,64.87
619.74,62.18
619.75,60.83
619.77,58.13
619.79,55.42
619.8,54.07
619.82,51.39
619.84,48.73
619.85,47.42
619.87,44.82
619.89,42.28
619.9,41.02
619.92,38.57
619.94,36.18
619.95,35.02
619.97,32.75
619.99,30.55
620.0,29.49
620.02,27.43
620.04,25.46
620.05,24.5
620.07,22.67
620.09,20.93
620.1,20.09
620.12,18.48
620.13,17.72
620.15,16.25
620.17,14.87
620.18,14.22
620.2,12.97
620.22,11.81
620.23,11.26
620.25,10.22
620.27,9.251
620.28,8.797
620.3,7.941
620.32,7.155
620.33,6.786
620.35,6.095
620.37,5.464
620.38,5.17
620.4,4.621
620.42,4.123
620.43,3.892
620.45,3.464
620.47,3.078
620.48,2.9
620.5,2.572
620.51,2.421
620.53,2.144
620.55,1.898
620.56,1.786
620.58,1.581
620.6,1.4
620.61,1.318
620.63,1.171
620.65,1.043
620.66,0.9858
620.68,0.8839
620.7,0.7976
620.71,0.7598
620.73,0.6942
620.75,0.6408
620.76,0.6184
620.78,0.5816
620.8,0.5547
620.81,0.5448
620.83,0.5314
620.84,0.5278
620.86,0.5266
620.88,0.5328
620.89,0.5387
620.91,0.5555
620.93,0.579
620.94,0.5932
620.96,0.6263
620.98,0.6658
620.99,0.6879
621.01,0.7367
621.03,0.7919
621.04,0.8218
621.06,0.8866
621.08,0.9579
621.09,0.9961
621.11,1.078
621.13,1.166
621.14,1.213
621.16,1.313
621.18,1.421
621.19,1.478
621.21,1.598
621.22,1.661
621.24,1.795
621.26,1.937
621.27,2.013
621.29,2.17
621.31,2.339
621.32,2.427
621.34,2.612
621.36,2.809
621.37,2.912
621.39,3.128
621.41,3.356
621.42,3.476
621.44,3.725
621.46,3.988
621.47,4.125
621.49,4.411
621.51,4.712
621.52,4.868
621.54,5.193
621.56,5.533
621.57,5.709
621.59,6.075
621.6,6.263
621.62,6.653
621.64,7.06
621.65,7.269
621.67,7.7
621.69,8.148
621.7,8.377
621.72,8.848
621.74,9.333
621.75,9.582
621.77,10.09
621.79,10.61
621.8,10.87
621.82,11.41
621.84,11.96
621.85,12.24
621.87,12.8
621.89,13.37
621.9,13.65
621.92,14.23
621.94,14.81
621.95,15.1
621.97,15.68
621.98,15.97
622.0,16.54
622.02,17.11
622.03,17.4
622.05,17.96
622.07,18.51
622.08,18.78
622.1,19.31
622.12,19.82
622.13,20.07
622.15,20.56
622.17,21.03
622.18,21.26
622.2,21.7
622.22,22.11
622.23,22.31
622.25,22.69
622.27,23.04
622.28,23.2
622.3,23.52
622.31,23.66
622.33,23.93
622.35,24.17
622.36,24.28
622.38,24.48
622.4,24.66
622.41,24.73
622.43,24.87
622.45,24.98
622.46,25.02
622.48,25.1
622.5,25.15
622.51,25.17
622.53,25.19
622.55,25.2
622.56,25.19
622.58,25.17
622.6,25.14
622.61,25.12
622.63,25.08
622.65,25.03
622.66,25.0
622.68,24.93
622.69,24.9
622.71,24.83
622.73,24.76
622.74,24.73
622.76,24.66
622.78,24.59
622.79,24.56
622.81,24.5
622.83,24.44
622.84,24.41
622.86,24.36
622.88,24.31
622.89,24.29
622.91,24.25
622.93,24.21
622.94,24.19
622.96,24.16
622.98,24.12
622.99,24.11
623.01,24.07
623.03,24.04
623.04,24.02
623.06,23.98
623.07,23.96
623.09,23.91
623.11,23.85
623.12,23.82
623.14,23.74
623.16,23.66
623.17,23.61
623.19,23.51
623.21,23.38
623.22,23.32
623.24,23.17
623.26,23.0
623.27,22.91
623.29,22.72
623.31,22.5
623.32,22.39
623.34,22.14
623.36,21.87
623.37,21.73
623.39,21.43
623.41,21.11
623.42,20.94
623.44,20.59
623.45,20.41
623.47,20.03
623.49,19.64
623.5,19.44
623.52,19.02
623.54,18.59
623.55,18.38
623.57,17.93
623.59,17.48
623.6,17.26
623.62,16.8
623.64,16.34
623.65,16.11
623.67,15.65
623.69,15.2
623.7,14.97
623.72,14.53
623.74,14.1
623.75,13.89
623.77,13.48
623.78,13.28
623.8,12.89
623.82,12.53
623.83,12.35
623.85,12.02
623.87,11.72
623.88,11.58
623.9,11.31
623.92,11.08
623.93,10.98
623.95,10.8
623.97,10.66
623.98,10.6
624.0,10.51
624.02,10.46
624.03,10.46
624.05,10.47
624.07,10.53
624.08,10.58
624.1,10.71
624.12,10.89
624.13,10.99
624.15,11.24
624.16,11.38
624.18,11.71
624.2,12.08
624.21,12.28
624.23,12.73
624.25,13.24
624.26,13.51
624.28,14.09
624.3,14.72
624.31,15.05
624.33,15.76
624.35,16.52
624.36,16.92
624.38,17.76
624.4,18.64
624.41,19.1
624.43,20.06
624.45,21.06
624.46,21.58
624.48,22.64
624.5,23.75
624.51,24.32
624.53,25.48
624.54,26.08
624.56,27.29
624.58,28.53
624.59,29.16
624.61,30.44
624.63,31.74
624.64,32.39
624.66,33.72
624.68,35.05
624.69,35.71
624.71,37.05
624.73,38.38
624.74,39.05
624.76,40.37
624.78,41.68
624.79,42.33
624.81,43.6
624.83,44.85
624.84,45.47
624.86,46.67
624.88,47.84
624.89,48.4
624.91,49.5
624.92,50.04
624.94,51.06
624.96,52.04
624.97,52.5
624.99,53.39
625.01,54.22
625.02,54.61
625.04,55.34
625.06,56.01
625.07,56.32
625.09,56.89
625.11,57.39
625.12,57.62
625.14,58.03
625.16,58.38
625.17,58.53
625.19,58.78
625.21,58.98
625.22,59.06
625.24,59.18
625.25,59.22
625.27,59.27
625.29,59.28
625.3,59.27
625.32,59.23
625.34,59.17
625.35,59.12
625.37,59.02
625.39,58.91
625.4,58.85
625.42,58.74
625.44,58.62
625.45,58.56
625.47,58.46
625.49,58.38
625.5,58.34
625.52,58.29
625.54,58.27
625.55,58.28
625.57,58.31
625.59,58.39
625.6,58.44
625.62,58.59
625.63,58.68
625.65,58.9
625.67,59.16
625.68,59.32
625.7,59.66
625.72,60.06
625.73,60.28
625.75,60.76
625.77,61.28
625.78,61.56
625.8,62.16
625.82,62.8
625.83,63.13
625.85,63.82
625.87,64.55
625.88,64.92
625.9,65.68
625.92,66.46
625.93,66.85
625.95,67.64
625.97,68.43
625.98,68.83
626.0,69.61
626.01,69.99
626.03,70.74
626.05,71.46
626.06,71.81
626.08,72.48
626.1,73.1
626.11,73.39
626.13,73.93
626.15,74.41
626.16,74.62
626.18,74.99
626.2,75.28
626.21,75.4
626.23,75.56
626.25,75.64
626.26,75.65
626.28,75.58
626.3,75.42
626.31,75.31
626.33,75.0
626.35,74.58
626.36,74.34
626.38,73.78
626.39,73.46
626.41,72.74
626.43,71.93
626.44,71.48
626.46,70.53
626.48,69.47
626.49,68.91
626.51,67.73
626.53,66.46
626.54,65.8
626.56,64.41
626.58,62.96
626.59,62.21
626.61,60.66
626.63,59.05
626.64,58.23
626.66,56.55
626.68,54.83
626.69,53.95
626.71,52.19
626.72,51.29
626.74,49.49
626.76,47.67
626.77,46.76
626.79,44.93
626.81,43.1
626.82,42.19
626.84,40.38
626.86,38.57
626.87,37.68
626.89,35.91
626.91,34.17
626.92,33.31
626.94,31.61
626.96,29.96
626.97,29.14
626.99,27.54
627.01,25.99
627.02,25.23
627.04,23.75
627.06,22.32
627.07,21.63
627.09,20.28
627.1,19.62
627.12,18.35
627.14,17.13
627.15,16.54
627.17,15.41
627.19,14.33
627.2,13.81
627.22,12.81
627.24,11.86
627.25,11.4
627.27,10.54
627.29,9.716
627.3,9.325
627.32,8.579
627.34,7.88
627.35,7.548
627.37,6.916
627.39,6.327
627.4,6.047
627.42,5.518
627.44,5.028
627.45,4.796
627.47,4.359
627.48,4.153
627.5,3.765
627.52,3.408
627.53,3.241
627.55,2.926
627.57,2.638
627.58,2.503
627.6,2.251
627.62,2.022
627.63,1.915
627.65,1.716
627.67,1.535
627.68,1.451
627.7,1.295
627.72,1.155
627.73,1.09
627.75,0.9696
627.77,0.8619
627.78,0.8123
627.8,0.7212
627.82,0.6399
627.83,0.6028
627.85,0.5348
627.86,0.5038
627.88,0.4473
627.9,0.3978
627.91,0.3754
627.93,0.3349
627.95,0.3
627.96,0.2844
627.98,0.2566
628.0,0.2332
628.01,0.223
628.03,0.2054
628.05,0.1913
628.06,0.1854
628.08,0.176
628.1,0.1694
628.11,0.1671
628.13,0.1644
628.15,0.1641
628.16,0.1648
628.18,0.1679
628.19,0.1703
628.21,0.1765
628.23,0.1848
628.24,0.1896
628.26,0.2008
628.28,0.2139
628.29,0.2212
628.31,0.2371
628.33,0.2549
628.34,0.2645
628.36,0.2851
628.38,0.3077
628.39,0.3197
628.41,0.3452
628.43,0.3727
628.44,0.3873
628.46,0.4178
628.48,0.4505
628.49,0.4677
628.51,0.5036
628.53,0.5417
628.54,0.5616
628.56,0.6031
628.57,0.6248
628.59,0.6698
628.61,0.7172
628.62,0.7418
628.64,0.7929
628.66,0.8464
628.67,0.8741
628.69,0.9315
628.71,0.9913
628.72,1.022
628.74,1.086
628.76,1.152
628.77,1.186
628.79,1.256
628.81,1.329
628.82,1.366
628.84,1.443
628.86,1.522
628.87,1.563
628.89,1.646
628.91,1.731
628.92,1.775
628.94,1.864
628.95,1.91
628.97,2.003
628.99,2.098
629.0,2.147
629.02,2.246
629.04,2.348
629.05,2.4
629.07,2.505
629.09,2.613
629.1,2.668
629.12,2.779
629.14,2.893
629.15,2.951
629.17,3.07
629.19,3.191
629.2,3.252
629.22,3.378
629.24,3.506
629.25,3.572
629.27,3.705
629.28,3.773
629.3,3.912
629.32,4.055
629.33,4.128
629.35,4.277
629.37,4.431
629.38,4.509
629.4,4.67
629.42,4.837
629.43,4.922
629.45,5.097
629.47,5.277
629.48,5.37
629.5,5.56
629.52,5.757
629.53,5.858
629.55,6.065
629.57,6.28
629.58,6.39
629.6,6.615
629.62,6.848
629.63,6.967
629.65,7.211
629.66,7.336
629.68,7.591
629.7,7.853
629.71,7.987
629.73,8.259
629.75,8.537
629.76,8.678
629.78,8.965
629.8,9.256
629.81,9.403
629.83,9.699
629.85,9.998
629.86,10.15
629.88,10.45
629.9,10.75
629.91,10.9
629.93,11.2
629.95,11.49
629.96,11.64
629.98,11.92
630.0,12.2
630.01,12.34
630.03,12.61
630.04,12.74
630.06,12.99
630.08,13.22
630.09,13.34
630.11,13.55
630.13,13.75
630.14,13.84
630.16,14.01
630.18,14.16
630.19,14.23
630.21,14.34
630.23,14.44
630.24,14.48
630.26,14.54
630.28,14.57
630.29,14.58
630.31,14.58
630.33,14.55
630.34,14.53
630.36,14.47
630.38,14.38
630.39,14.32
630.41,14.19
630.42,14.12
630.44,13.96
630.46,13.78
630.47,13.68
630.49,13.46
630.51,13.22
630.52,13.1
630.54,12.84
630.56,12.56
630.57,12.41
630.59,12.11
630.61,11.8
630.62,11.64
630.64,11.31
630.66,10.98
630.67,10.81
630.69,10.47
630.71,10.13
630.72,9.958
630.74,9.615
630.75,9.444
630.77,9.104
630.79,8.77
630.8,8.605
630.82,8.28
630.84,7.965
630.85,7.81
630.87,7.51
630.89,7.223
630.9,7.084
630.92,6.816
630.94,6.564
630.95,6.444
630.97,6.216
630.99,6.004
631.0,5.905
631.02,5.72
631.04,5.554
631.05,5.478
631.07,5.339
631.09,5.22
631.1,5.167
631.12,5.075
631.13,5.037
631.15,4.973
631.17,4.928
631.18,4.912
631.2,4.893
631.22,4.891
631.23,4.897
631.25,4.92
631.27,4.958
631.28,4.983
631.3,5.044
631.32,5.117
631.33,5.159
631.35,5.251
631.37,5.354
631.38,5.41
631.4,5.528
631.42,5.654
631.43,5.72
631.45,5.857
631.47,6.0
631.48,6.073
631.5,6.223
631.51,6.299
631.53,6.452
631.55,6.607
631.56,6.684
631.58,6.839
631.6,6.992
631.61,7.068
631.63,7.217
631.65,7.362
631.66,7.433
631.68,7.571
631.7,7.703
631.71,7.767
631.73,7.889
631.75,8.002
631.76,8.056
631.78,8.157
631.8,8.249
631.81,8.292
631.83,8.369
631.85,8.437
631.86,8.467
631.88,8.519
631.89,8.541
631.91,8.577
631.93,8.603
631.94,8.612
631.96,8.623
631.98,8.624
631.99,8.62
632.01,8.606
632.03,8.583
632.04,8.568
632.06,8.532
632.08,8.487
632.09,8.462
632.11,8.407
632.13,8.344
632.14,8.311
632.16,8.239
632.18,8.163
632.19,8.123
632.21,8.04
632.22,7.997
632.24,7.908
632.26,7.817
632.27,7.77
632.29,7.676
632.31,7.58
632.32,7.531
632.34,7.434
632.36,7.337
632.37,7.289
632.39,7.192
632.41,7.096
632.42,7.048
632.44,6.953
632.46,6.86
632.47,6.814
632.49,6.724
632.51,6.635
632.52,6.592
632.54,6.506
632.56,6.423
632.57,6.383
632.59,6.303
632.6,6.264
632.62,6.188
632.64,6.115
632.65,6.079
632.67,6.01
632.69,5.943
632.7,5.911
632.72,5.849
632.74,5.79
632.75,5.762
632.77,5.708
632.79,5.657
632.8,5.633
632.82,5.589
632.84,5.549
632.85,5.53
632.87,5.497
632.89,5.469
632.9,5.457
632.92,5.438
632.94,5.425
632.95,5.421
632.97,5.418
632.98,5.42
633.0,5.429
633.02,5.446
633.03,5.457
633.05,5.488
633.07,5.527
633.08,5.551
633.1,5.606
633.12,5.671
633.13,5.708
633.15,5.789
633.17,5.882
633.18,5.932
633.2,6.042
633.22,6.164
633.23,6.229
633.25,6.368
633.27,6.518
633.28,6.598
633.3,6.765
633.32,6.943
633.33,7.036
633.35,7.229
633.36,7.329
633.38,7.537
633.4,7.753
633.41,7.865
633.43,8.093
633.45,8.327
633.46,8.447
633.48,8.69
633.5,8.938
633.51,9.063
633.53,9.316
633.55,9.57
633.56,9.698
633.58,9.954
633.6,10.21
633.61,10.34
633.63,10.59
633.65,10.84
633.66,10.97
633.68,11.21
633.69,11.34
633.71,11.58
633.73,11.81
633.74,11.93
633.76,12.16
633.78,12.38
633.79,12.49
633.81,12.71
633.83,12.92
633.84,13.03
633.86,13.24
633.88,13.44
633.89,13.54
633.91,13.74
633.93,13.94
633.94,14.04
633.96,14.24
633.98,14.44
633.99,14.55
634.01,14.76
634.03,14.97
634.04,15.08
634.06,15.3
634.07,15.42
634.09,15.66
634.11,15.91
634.12,16.04
634.14,16.31
634.16,16.59
634.17,16.74
634.19,17.05
634.21,17.37
634.22,17.54
634.24,17.9
634.26,18.26
634.27,18.46
634.29,18.85
634.31,19.27
634.32,19.48
634.34,19.92
634.36,20.38
634.37,20.61
634.39,21.09
634.41,21.58
634.42,21.83
634.44,22.33
634.45,22.59
634.47,23.1
634.49,23.62
634.5,23.88
634.52,24.4
634.54,24.91
634.55,25.17
634.57,25.67
634.59,26.16
634.6,26.4
634.62,26.86
634.64,27.31
634.65,27.52
634.67,27.93
634.69,28.31
634.7,28.48
634.72,28.81
634.74,29.1
634.75,29.23
634.77,29.46
634.79,29.64
634.8,29.72
634.82,29.84
634.83,29.88
634.85,29.92
634.87,29.91
634.88,29.89
634.9,29.8
634.92,29.67
634.93,29.58
634.95,29.37
634.97,29.1
634.98,28.95
635.0,28.61
635.02,28.23
635.03,28.01
635.05,27.56
635.07,27.06
635.08,26.8
635.1,26.24
635.12,25.65
635.13,25.34
635.15,24.7
635.16,24.37
635.18,23.69
635.2,22.98
635.21,22.63
635.23,21.9
635.25,21.15
635.26,20.78
635.28,20.02
635.3,19.26
635.31,18.88
635.33,18.12
635.35,17.37
635.36,16.99
635.38,16.25
635.4,15.52
635.41,15.16
635.43,14.46
635.45,13.77
635.46,13.44
635.48,12.78
635.5,12.15
635.51,11.85
635.53,11.26
635.54,10.98
635.56,10.43
635.58,9.916
635.59,9.67
635.61,9.2
635.63,8.762
635.64,8.555
635.66,8.164
635.68,7.805
635.69,7.638
635.71,7.326
635.73,7.044
635.74,6.915
635.76,6.679
635.78,6.471
635.79,6.378
635.81,6.211
635.83,6.071
635.84,6.011
635.86,5.907
635.88,5.827
635.89,5.795
635.91,5.747
635.92,5.731
635.94,5.712
635.96,5.71
635.97,5.716
635.99,5.738
636.01,5.775
636.02,5.798
636.04,5.854
636.06,5.92
636.07,5.958
636.09,6.039
636.11,6.129
636.12,6.177
636.14,6.278
636.16,6.385
636.17,6.44
636.19,6.556
636.21,6.675
636.22,6.737
636.24,6.863
636.26,6.992
636.27,7.059
636.29,7.193
636.3,7.262
636.32,7.402
636.34,7.545
636.35,7.617
636.37,7.766
636.39,7.918
636.4,7.996
636.42,8.154
636.44,8.318
636.45,8.401
636.47,8.572
636.49,8.749
636.5,8.84
636.52,9.026
636.54,9.22
636.55,9.319
636.57,9.524
636.59,9.737
636.6,9.846
636.62,10.07
636.63,10.19
636.65,10.42
636.67,10.67
636.68,10.8
636.7,11.06
636.72,11.33
636.73,11.46
636.75,11.74
636.77,12.03
636.78,12.17
636.8,12.47
636.82,12.77
636.83,12.93
636.85,13.23
636.87,13.54
636.88,13.7
636.9,14.01
636.92,14.32
636.93,14.48
636.95,14.78
636.97,15.09
636.98,15.24
637.0,15.53
637.01,15.67
637.03,15.94
637.05,16.21
637.06,16.34
637.08,16.58
637.1,16.8
637.11,16.91
637.13,17.11
637.15,17.28
637.16,17.36
637.18,17.5
637.2,17.62
637.21,17.67
637.23,17.75
637.25,17.8
637.26,17.82
637.28,17.83
637.3,17.81
637.31,17.79
637.33,17.73
637.35,17.64
637.36,17.58
637.38,17.45
637.39,17.37
637.41,17.2
637.43,16.99
637.44,16.88
637.46,16.64
637.48,16.38
637.49,16.24
637.51,15.94
637.53,15.62
637.54,15.46
637.56,15.11
637.58,14.75
637.59,14.56
637.61,14.18
637.63,13.79
637.64,13.59
637.66,13.19
637.68,12.78
637.69,12.57
637.71,12.16
637.73,11.75
637.74,11.54
637.76,11.13
637.77,10.93
637.79,10.53
637.81,10.13
637.82,9.94
637.84,9.562
637.86,9.196
637.87,9.018
637.89,8.674
637.91,8.346
637.92,8.188
637.94,7.888
637.96,7.607
637.97,7.475
637.99,7.227
638.01,7.002
638.02,6.899
638.04,6.711
638.06,6.55
638.07,6.48
638.09,6.36
638.1,6.311
638.12,6.235
638.14,6.189
638.15,6.179
638.17,6.181
638.19,6.217
638.2,6.248
638.22,6.336
638.24,6.46
638.25,6.537
638.27,6.717
638.29,6.937
638.3,7.062
638.32,7.343
638.34,7.666
638.35,7.843
638.37,8.232
638.39,8.665
638.4,8.899
638.42,9.402
638.44,9.953
638.45,10.25
638.47,10.87
638.48,11.2
638.5,11.9
638.52,12.66
638.53,13.05
638.55,13.88
638.57,14.77
638.58,15.23
638.6,16.19
638.62,17.21
638.63,17.74
638.65,18.83
638.67,19.98
638.68,20.57
638.7,21.8
638.72,23.07
638.73,23.73
638.75,25.07
638.77,26.46
638.78,27.17
638.8,28.63
638.82,30.12
638.83,30.88
638.85,32.43
638.86,33.21
638.88,34.81
638.9,36.43
638.91,37.25
638.93,38.9
638.95,40.57
638.96,41.41
638.98,43.09
639.0,44.78
639.01,45.63
639.03,47.32
639.05,49.0
639.06,49.84
639.08,51.5
639.1,53.15
639.11,53.96
639.13,55.57
639.15,57.15
639.16,57.93
639.18,59.45
639.19,60.2
639.21,61.67
639.23,63.08
639.24,63.77
639.26,65.11
639.28,66.4
639.29,67.02
639.31,68.22
639.33,69.35
639.34,69.89
639.36,70.93
639.38,71.9
639.39,72.36
639.41,73.23
639.43,74.03
639.44,74.4
639.46,75.1
639.48,75.72
639.49,76.01
639.51,76.53
639.53,76.98
639.54,77.18
639.56,77.53
639.57,77.68
639.59,77.93
639.61,78.12
639.62,78.19
639.64,78.28
639.66,78.32
639.67,78.31
639.69,78.26
639.71,78.16
639.72,78.09
639.74,77.9
639.76,77.67
639.77,77.53
639.79,77.23
639.81,76.88
639.82,76.69
639.84,76.27
639.86,75.81
639.87,75.57
639.89,75.06
639.91,74.5
639.92,74.21
639.94,73.61
639.95,73.29
639.97,72.63
639.99,71.94
640.0,71.59
640.02,70.85
640.04,70.08
640.05,69.69
640.07,68.88
640.09,68.05
640.1,67.62
640.12,66.75
640.14,65.85
640.15,65.4
640.17,64.47
640.19,63.53
640.2,63.05
640.22,62.08
640.24,61.1
640.25,60.6
640.27,59.61
640.29,58.6
640.3,58.1
640.32,57.08
640.33,56.58
640.35,55.57
640.37,54.56
640.38,54.06
640.4,53.07
640.42,52.09
640.43,51.6
640.45,50.65
640.47,49.71
640.48,49.25
640.5,48.36
640.52,47.49
640.53,47.06
640.55,46.24
640.57,45.45
640.58,45.07
640.6,44.34
640.62,43.65
640.63,43.33
640.65,42.7
640.66,42.41
640.68,41.85
640.7,41.33
640.71,41.09
640.73,40.65
640.75,40.25
640.76,40.07
640.78,39.73
640.8,39.44
640.81,39.31
640.83,39.08
640.85,38.89
640.86,38.8
640.88,38.66
640.9,38.55
640.91,38.51
640.93,38.44
640.95,38.39
640.96,38.37
640.98,38.35
641.0,38.34
641.01,38.34
641.03,38.34
641.04,38.35
641.06,38.35
641.08,38.35
641.09,38.35
641.11,38.34
641.13,38.32
641.14,38.31
641.16,38.26
641.18,38.19
641.19,38.15
641.21,38.05
641.23,37.92
641.24,37.85
641.26,37.67
641.28,37.47
641.29,37.36
641.31,37.1
641.33,36.82
641.34,36.66
641.36,36.32
641.38,35.96
641.39,35.76
641.41,35.34
641.42,35.12
641.44,34.66
641.46,34.16
641.47,33.91
641.49,33.37
641.51,32.82
641.52,32.53
641.54,31.94
641.56,31.33
641.57,31.02
641.59,30.39
641.61,29.75
641.62,29.42
641.64,28.77
641.66,28.11
641.67,27.77
641.69,27.11
641.71,26.44
641.72,26.11
641.74,25.45
641.76,24.8
641.77,24.47
641.79,23.83
641.8,23.52
641.82,22.89
641.84,22.28
641.85,21.98
641.87,21.38
641.89,20.81
641.9,20.52
641.92,19.97
641.94,19.43
641.95,19.17
641.97,18.66
641.99,18.17
642.0,17.93
642.02,17.46
642.04,17.01
642.05,16.79
642.07,16.37
642.09,15.96
642.1,15.77
642.12,15.39
642.13,15.2
642.15,14.85
642.17,14.51
642.18,14.35
642.2,14.05
642.22,13.76
642.23,13.62
642.25,13.36
642.27,13.12
642.28,13.01
642.3,12.8
642.32,12.62
642.33,12.54
642.35,12.4
642.37,12.28
642.38,12.24
642.4,12.17
642.42,12.13
642.43,12.13
642.45,12.15
642.47,12.22
642.48,12.27
642.5,12.4
642.51,12.49
642.53,12.7
642.55,12.96
642.56,13.12
642.58,13.48
642.6,13.9
642.61,14.14
642.63,14.67
642.65,15.28
642.66,15.61
642.68,16.35
642.7,17.17
642.71,17.61
642.73,18.57
642.75,19.63
642.76,20.2
642.78,21.41
642.8,22.73
642.81,23.44
642.83,24.92
642.85,26.53
642.86,27.37
642.88,29.15
642.89,30.09
642.91,32.04
642.93,34.12
642.94,35.21
642.96,37.47
642.98,39.85
642.99,41.08
643.01,43.64
643.03,46.3
643.04,47.68
643.06,50.51
643.08,53.45
643.09,54.95
643.11,58.03
643.13,61.2
643.14,62.81
643.16,66.09
643.18,69.44
643.19,71.14
643.21,74.57
643.23,78.04
643.24,79.78
643.26,83.29
643.27,85.05
643.29,88.57
643.31,92.08
643.32,93.82
643.34,97.29
643.36,100.7
643.37,102.4
643.39,105.7
643.41,109.0
643.42,110.6
643.44,113.7
643.46,116.7
643.47,118.1
643.49,120.9
643.51,123.5
643.52,124.8
643.54,127.1
643.56,129.3
643.57,130.4
643.59,132.3
643.6,133.2
643.62,134.8
643.64,136.1
643.65,136.8
643.67,137.8
643.69,138.6
643.7,138.9
643.72,139.4
643.74,139.6
643.75,139.6
643.77,139.5
643.79,139.1
643.8,138.9
643.82,138.1
643.84,137.2
643.85,136.6
643.87,135.4
643.89,133.9
643.9,133.1
643.92,131.3
643.94,129.4
643.95,128.3
643.97,126.1
643.98,124.9
644.0,122.5
644.02,119.9
644.03,118.5
644.05,115.8
644.07,112.9
644.08,111.4
644.1,108.4
644.12,105.3
644.13,103.7
644.15,100.5
644.17,97.3
644.18,95.68
644.2,92.42
644.22,89.15
644.23,87.51
644.25,84.25
644.27,81.0
644.28,79.38
644.3,76.18
644.32,73.02
644.33,71.46
644.35,68.38
644.36,66.86
644.38,63.87
644.4,60.95
644.41,59.52
644.43,56.72
644.45,54.01
644.46,52.69
644.48,50.11
644.5,47.62
644.51,46.42
644.53,44.08
644.55,41.84
644.56,40.75
644.58,38.66
644.6,36.67
644.61,35.72
644.63,33.88
644.65,32.14
644.66,31.31
644.68,29.72
644.7,28.23
644.71,27.52
644.73,26.17
644.74,25.53
644.76,24.32
644.78,23.2
644.79,22.68
644.81,21.68
644.83,20.78
644.84,20.35
644.86,19.57
644.88,18.86
644.89,18.53
644.91,17.93
644.93,17.4
644.94,17.16
644.96,16.73
644.98,16.36
644.99,16.2
645.01,15.92
645.03,15.7
645.04,15.61
645.06,15.47
645.07,15.42
645.09,15.35
645.11,15.33
645.12,15.34
645.14,15.38
645.16,15.47
645.17,15.53
645.19,15.67
645.21,15.85
645.22,15.95
645.24,16.18
645.26,16.44
645.27,16.58
645.29,16.88
645.31,17.21
645.32,17.38
645.34,17.74
645.36,18.12
645.37,18.32
645.39,18.73
645.41,19.15
645.42,19.37
645.44,19.82
645.45,20.05
645.47,20.52
645.49,21.0
645.5,21.24
645.52,21.74
645.54,22.24
645.55,22.5
645.57,23.01
645.59,23.53
645.6,23.8
645.62,24.32
645.64,24.86
645.65,25.12
645.67,25.66
645.69,26.2
645.7,26.47
645.72,27.01
645.74,27.55
645.75,27.82
645.77,28.36
645.79,28.9
645.8,29.17
645.82,29.7
645.83,29.97
645.85,30.5
645.87,31.03
645.88,31.29
645.9,31.8
645.92,32.32
645.93,32.57
645.95,33.07
645.97,33.56
645.98,33.8
646.0,34.27
646.02,34.73
646.03,34.95
646.05,35.39
646.07,35.8
646.08,36.01
646.1,36.39
646.12,36.76
646.13,36.93
646.15,37.26
646.17,37.57
646.18,37.71
646.2,37.97
646.21,38.09
646.23,38.3
646.25,38.48
646.26,38.56
646.28,38.68
646.3,38.77
646.31,38.8
646.33,38.82
646.35,38.81
646.36,38.79
646.38,38.71
646.4,38.59
646.41,38.51
646.43,38.33
646.45,38.1
646.46,37.96
646.48,37.67
646.5,37.33
646.51,37.15
646.53,36.74
646.54,36.53
646.56,36.06
646.58,35.56
646.59,35.3
646.61,34.74
646.63,34.15
646.64,33.84
646.66,33.21
646.68,32.54
646.69,32.2
646.71,31.49
646.73,30.76
646.74,30.39
646.76,29.64
646.78,28.86
646.79,28.47
646.81,27.68
646.83,26.88
646.84,26.48
646.86,25.67
646.88,24.86
646.89,24.46
646.91,23.65
646.92,23.25
646.94,22.44
646.96,21.65
646.97,21.25
646.99,20.47
647.01,19.7
647.02,19.32
647.04,18.57
647.06,17.83
647.07,17.47
647.09,16.76
647.11,16.07
647.12,15.73
647.14,15.06
647.16,14.41
647.17,14.1
647.19,13.48
647.21,12.88
647.22,12.59
647.24,12.02
647.26,11.47
647.27,11.21
647.29,10.69
647.3,10.44
647.32,9.948
647.34,9.477
647.35,9.249
647.37,8.806
647.39,8.38
647.4,8.174
647.42,7.774
647.44,7.391
647.45,7.206
647.47,6.846
647.49,6.502
647.5,6.336
647.52,6.014
647.54,5.707
647.55,5.558
647.57,5.27
647.59,4.996
647.6,4.864
647.62,4.608
647.64,4.365
647.65,4.248
647.67,4.022
647.68,3.914
647.7,3.705
647.72,3.507
647.73,3.413
647.75,3.231
647.77,3.06
647.78,2.978
647.8,2.822
647.82,2.676
647.83,2.607
647.85,2.475
647.87,2.354
647.88,2.296
647.9,2.189
647.92,2.09
647.93,2.045
647.95,1.96
647.97,1.884
647.98,1.85
648.0,1.787
648.01,1.759
648.03,1.71
648.05,1.669
648.06,1.652
648.08,1.624
648.1,1.604
648.11,1.598
648.13,1.591
648.15,1.592
648.16,1.596
648.18,1.61
648.2,1.632
648.21,1.646
648.23,1.681
648.25,1.725
648.26,1.75
648.28,1.806
648.3,1.872
648.31,1.908
648.33,1.988
648.35,2.077
648.36,2.125
648.38,2.229
648.39,2.285
648.41,2.405
648.43,2.536
648.44,2.606
648.46,2.755
648.48,2.917
648.49,3.002
648.51,3.184
648.53,3.38
648.54,3.483
648.56,3.702
648.58,3.937
648.59,4.061
648.61,4.322
648.63,4.602
648.64,4.749
648.66,5.057
648.68,5.387
648.69,5.559
648.71,5.921
648.73,6.306
648.74,6.507
648.76,6.928
648.77,7.148
648.79,7.606
648.81,8.089
648.82,8.341
648.84,8.864
648.86,9.414
648.87,9.7
648.89,10.29
648.91,10.91
648.92,11.23
648.94,11.89
648.96,12.57
648.97,12.92
648.99,13.65
649.01,14.39
649.02,14.78
649.04,15.56
649.06,16.36
649.07,16.77
649.09,17.6
649.11,18.45
649.12,18.88
649.14,19.75
649.15,20.19
649.17,21.07
649.19,21.96
649.2,22.41
649.22,23.3
649.24,24.2
649.25,24.64
649.27,25.52
649.29,26.4
649.3,26.83
649.32,27.68
649.34,28.51
649.35,28.91
649.37,29.7
649.39,30.47
649.4,30.83
649.42,31.55
649.44,32.22
649.45,32.54
649.47,33.15
649.48,33.43
649.5,33.97
649.52,34.45
649.53,34.68
649.55,35.08
649.57,35.42
649.58,35.57
649.6,35.83
649.62,36.02
649.63,36.09
649.65,36.19
649.67,36.23
649.68,36.22
649.7,36.16
649.72,36.03
649.73,35.95
649.75,35.73
649.77,35.45
649.78,35.28
649.8,34.91
649.82,34.49
649.83,34.25
649.85,33.74
649.86,33.47
649.88,32.89
649.9,32.25
649.91,31.92
649.93,31.23
649.95,30.5
649.96,30.12
649.98,29.33
650.0,28.52
650.01,28.1
650.03,27.26
650.05,26.39
650.06,25.95
650.08,25.05
650.1,24.15
650.11,23.7
650.13,22.79
650.15,21.87
650.16,21.42
650.18,20.51
650.2,19.6
650.21,19.16
650.23,18.27
650.24,17.83
650.26,16.96
650.28,16.11
650.29,15.69
650.31,14.86
650.33,14.06
650.34,13.67
650.36,12.9
650.38,12.16
650.39,11.8
650.41,11.1
650.43,10.42
650.44,10.09
650.46,9.457
650.48,8.851
650.49,8.559
650.51,7.995
650.53,7.46
650.54,7.203
650.56,6.71
650.57,6.474
650.59,6.022
650.61,5.597
650.62,5.394
650.64,5.008
650.66,4.648
650.67,4.477
650.69,4.152
650.71,3.851
650.72,3.709
650.74,3.441
650.76,3.193
650.77,3.077
650.79,2.86
650.81,2.661
650.82,2.568
650.84,2.396
650.86,2.24
650.87,2.168
650.89,2.035
650.91,1.917
650.92,1.863
650.94,1.764
650.95,1.72
650.97,1.64
650.99,1.572
651.0,1.542
651.02,1.489
651.04,1.447
651.05,1.429
651.07,1.401
651.09,1.381
651.1,1.374
651.12,1.366
651.14,1.366
651.15,1.368
651.17,1.379
651.19,1.396
651.2,1.406
651.22,1.432
651.24,1.464
651.25,1.483
651.27,1.523
651.29,1.568
651.3,1.592
651.32,1.645
651.33,1.673
651.35,1.732
651.37,1.795
651.38,1.828
651.4,1.897
651.42,1.969
651.43,2.006
651.45,2.083
651.47,2.163
651.48,2.203
651.5,2.287
651.52,2.371
651.53,2.415
651.55,2.502
651.57,2.59
651.58,2.634
651.6,2.724
651.62,2.813
651.63,2.857
651.65,2.946
651.67,3.033
651.68,3.076
651.7,3.162
651.71,3.204
651.73,3.286
651.75,3.365
651.76,3.403
651.78,3.478
651.8,3.548
651.81,3.582
651.83,3.647
651.85,3.706
651.86,3.734
651.88,3.786
651.9,3.832
651.91,3.852
651.93,3.89
651.95,3.92
651.96,3.933
651.98,3.954
652.0,3.969
652.01,3.973
652.03,3.977
652.04,3.977
652.06,3.97
652.08,3.957
652.09,3.948
652.11,3.924
652.13,3.894
652.14,3.876
652.16,3.836
652.18,3.79
652.19,3.765
652.21,3.71
652.23,3.65
652.24,3.618
652.26,3.551
652.28,3.48
652.29,3.443
652.31,3.366
652.33,3.286
652.34,3.245
652.36,3.161
652.38,3.076
652.39,3.034
652.41,2.948
652.42,2.905
652.44,2.819
652.46,2.735
652.47,2.693
652.49,2.612
652.51,2.533
652.52,2.495
652.54,2.422
652.56,2.355
652.57,2.323
652.59,2.264
652.61,2.212
652.62,2.189
652.64,2.148
652.66,2.117
652.67,2.105
652.69,2.09
652.71,2.085
652.72,2.088
652.74,2.102
652.76,2.13
652.77,2.15
652.79,2.201
652.8,2.233
652.82,2.309
652.84,2.403
652.85,2.457
652.87,2.58
652.89,2.725
652.9,2.806
652.92,2.984
652.94,3.187
652.95,3.297
652.97,3.538
652.99,3.806
653.0,3.951
653.02,4.263
653.04,4.604
653.05,4.787
653.07,5.176
653.09,5.599
653.1,5.823
653.12,6.298
653.14,6.809
653.15,7.078
653.17,7.644
653.18,7.941
653.2,8.564
653.22,9.226
653.23,9.572
653.25,10.29
653.27,11.05
653.28,11.45
653.3,12.27
653.32,13.13
653.33,13.57
653.35,14.49
653.37,15.44
653.38,15.93
653.4,16.93
653.42,17.97
653.43,18.51
653.45,19.59
653.47,20.71
653.48,21.28
653.5,22.43
653.51,23.02
653.53,24.2
653.55,25.41
653.56,26.01
653.58,27.23
653.6,28.46
653.61,29.08
653.63,30.32
653.65,31.55
653.66,32.16
653.68,33.38
653.7,34.59
653.71,35.19
653.73,36.37
653.75,37.52
653.76,38.09
653.78,39.19
653.8,40.27
653.81,40.79
653.83,41.79
653.85,42.76
653.86,43.22
653.88,44.1
653.89,44.52
653.91,45.32
653.93,46.06
653.94,46.4
653.96,47.04
653.98,47.61
653.99,47.87
654.01,48.33
654.03,48.72
654.04,48.89
654.06,49.17
654.08,49.37
654.09,49.44
654.11,49.53
654.13,49.55
654.14,49.53
654.16,49.44
654.18,49.27
654.19,49.16
654.21,48.89
654.23,48.55
654.24,48.36
654.26,47.92
654.27,47.68
654.29,47.16
654.31,46.57
654.32,46.26
654.34,45.6
654.36,44.9
654.37,44.53
654.39,43.76
654.41,42.95
654.42,42.53
654.44,41.68
654.46,40.79
654.47,40.34
654.49,39.42
654.51,38.48
654.52,38.0
654.54,37.05
654.56,36.08
654.57,35.59
654.59,34.62
654.61,33.64
654.62,33.15
654.64,32.18
654.65,31.7
654.67,30.74
654.69,29.8
654.7,29.33
654.72,28.4
654.74,27.5
654.75,27.05
654.77,26.18
654.79,25.32
654.8,24.9
654.82,24.09
654.84,23.3
654.85,22.91
654.87,22.17
654.89,21.45
654.9,21.1
654.92,20.43
654.94,19.8
654.95,19.49
654.97,18.9
654.98,18.62
655.0,18.08
655.02,17.57
655.03,17.33
655.05,16.88
655.07,16.46
655.08,16.26
655.1,15.89
655.12,15.55
655.13,15.39
655.15,15.1
655.17,14.84
655.18,14.72
655.2,14.5
655.22,14.32
655.23,14.23
655.25,14.09
655.27,13.97
655.28,13.92
655.3,13.83
655.32,13.77
655.33,13.75
655.35,13.72
655.36,13.71
655.38,13.7
655.4,13.72
655.41,13.73
655.43,13.76
655.45,13.81
655.46,13.83
655.48,13.89
655.5,13.96
655.51,13.99
655.53,14.07
655.55,14.15
655.56,14.19
655.58,14.27
655.6,14.35
655.61,14.39
655.63,14.46
655.65,14.53
655.66,14.57
655.68,14.63
655.7,14.69
655.71,14.71
655.73,14.75
655.74,14.77
655.76,14.8
655.78,14.82
655.79,14.82
655.81,14.82
655.83,14.81
655.84,14.8
655.86,14.77
655.88,14.72
655.89,14.7
655.91,14.63
655.93,14.56
655.94,14.51
655.96,14.42
655.98,14.31
655.99,14.26
656.01,14.13
656.03,14.0
656.04,13.93
656.06,13.78
656.08,13.62
656.09,13.53
656.11,13.36
656.12,13.28
656.14,13.09
656.16,12.91
656.17,12.81
656.19,12.62
656.21,12.42
656.22,12.32
656.24,12.12
656.26,11.92
656.27,11.82
656.29,11.62
656.31,11.42
656.32,11.32
656.34,11.12
656.36,10.93
656.37,10.84
656.39,10.65
656.41,10.47
656.42,10.38
656.44,10.21
656.45,10.12
656.47,9.961
656.49,9.806
656.5,9.731
656.52,9.587
656.54,9.45
656.55,9.385
656.57,9.262
656.59,9.146
656.6,9.092
656.62,8.989
656.64,8.894
656.65,8.849
656.67,8.767
656.69,8.691
656.7,8.657
656.72,8.593
656.74,8.535
656.75,8.509
656.77,8.462
656.79,8.42
656.8,8.402
656.82,8.368
656.83,8.353
656.85,8.326
656.87,8.303
656.88,8.293
656.9,8.275
656.92,8.26
656.93,8.253
656.95,8.241
656.97,8.231
656.98,8.226
657.0,8.217
657.02,8.209
657.03,8.205
657.05,8.198
657.07,8.191
657.08,8.187
657.1,8.179
657.12,8.172
657.13,8.168
657.15,8.159
657.17,8.151
657.18,8.146
657.2,8.137
657.21,8.132
657.23,8.123
657.25,8.114
657.26,8.109
657.28,8.101
657.3,8.092
657.31,8.089
657.33,8.082
657.35,8.076
657.36,8.073
657.38,8.07
657.4,8.068
657.41,8.067
657.43,8.068
657.45,8.071
657.46,8.073
657.48,8.079
657.5,8.087
657.51,8.092
657.53,8.103
657.55,8.116
657.56,8.124
657.58,8.14
657.59,8.149
657.61,8.167
657.63,8.187
657.64,8.197
657.66,8.217
657.68,8.238
657.69,8.249
657.71,8.269
657.73,8.289
657.74,8.298
657.76,8.315
657.78,8.329
657.79,8.336
657.81,8.346
657.83,8.352
657.84,8.353
657.86,8.353
657.88,8.347
657.89,8.342
657.91,8.328
657.92,8.318
657.94,8.294
657.96,8.263
657.97,8.244
657.99,8.202
658.01,8.152
658.02,8.125
658.04,8.063
658.06,7.993
658.07,7.956
658.09,7.874
658.11,7.785
658.12,7.738
658.14,7.637
658.16,7.53
658.17,7.474
658.19,7.357
658.21,7.235
658.22,7.172
658.24,7.042
658.26,6.907
658.27,6.839
658.29,6.7
658.3,6.63
658.32,6.488
658.34,6.346
658.35,6.275
658.37,6.133
658.39,5.993
658.4,5.924
658.42,5.789
658.44,5.657
658.45,5.593
658.47,5.47
658.49,5.353
658.5,5.298
658.52,5.192
658.54,5.096
658.55,5.052
658.57,4.97
658.59,4.9
658.6,4.869
658.62,4.816
658.64,4.776
658.65,4.761
658.67,4.741
658.68,4.736
658.7,4.736
658.72,4.751
658.73,4.764
658.75,4.8
658.77,4.851
658.78,4.882
658.8,4.955
658.82,5.043
658.83,5.092
658.85,5.2
658.87,5.322
658.88,5.388
658.9,5.53
658.92,5.684
658.93,5.765
658.95,5.936
658.97,6.118
658.98,6.212
659.0,6.408
659.01,6.509
659.03,6.716
659.05,6.93
659.06,7.04
659.08,7.262
659.1,7.487
659.11,7.601
659.13,7.831
659.15,8.061
659.16,8.176
659.18,8.405
659.2,8.632
659.21,8.744
659.23,8.965
659.25,9.181
659.26,9.287
659.28,9.493
659.3,9.691
659.31,9.786
659.33,9.97
659.35,10.14
659.36,10.23
659.38,10.38
659.39,10.46
659.41,10.59
659.43,10.72
659.44,10.77
659.46,10.88
659.48,10.96
659.49,11.0
659.51,11.07
659.53,11.12
659.54,11.14
659.56,11.16
659.58,11.17
659.59,11.17
659.61,11.16
659.63,11.13
659.64,11.12
659.66,11.07
659.68,11.0
659.69,10.97
659.71,10.89
659.73,10.79
659.74,10.74
659.76,10.63
659.77,10.57
659.79,10.44
659.81,10.3
659.82,10.23
659.84,10.09
659.86,9.931
659.87,9.852
659.89,9.69
659.91,9.525
659.92,9.441
659.94,9.273
659.96,9.104
659.97,9.02
659.99,8.853
660.01,8.69
660.02,8.61
660.04,8.454
660.06,8.305
660.07,8.234
660.09,8.1
660.11,7.977
660.12,7.921
660.14,7.819
660.15,7.775
660.17,7.699
660.19,7.643
660.2,7.623
660.22,7.602
660.24,7.606
660.25,7.619
660.27,7.668
660.29,7.749
660.3,7.803
660.32,7.939
660.34,8.116
660.35,8.22
660.37,8.463
660.39,8.755
660.4,8.92
660.42,9.292
660.44,9.721
660.45,9.958
660.47,10.48
660.48,10.77
660.5,11.39
660.52,12.08
660.53,12.46
660.55,13.27
660.57,14.17
660.58,14.64
660.6,15.66
660.62,16.78
660.63,17.37
660.65,18.62
660.67,19.97
660.68,20.68
660.7,22.18
660.72,23.78
660.73,24.62
660.75,26.38
660.77,28.24
660.78,29.21
660.8,31.23
660.82,33.36
660.83,34.46
660.85,36.73
660.86,37.91
660.88,40.34
660.9,42.86
660.91,44.15
660.93,46.8
660.95,49.54
660.96,50.94
660.98,53.78
661.0,56.69
661.01,58.17
661.03,61.17
661.05,64.2
661.06,65.74
661.08,68.82
661.1,71.92
661.11,73.47
661.13,76.58
661.15,79.67
661.16,81.21
661.18,84.26
661.2,87.26
661.21,88.74
661.23,91.65
661.24,93.08
661.26,95.87
661.28,98.56
661.29,99.86
661.31,102.4
661.33,104.8
661.34,105.9
661.36,108.1
661.38,110.1
661.39,111.0
661.41,112.7
661.43,114.3
661.44,115.0
661.46,116.3
661.48,117.3
661.49,117.8
661.51,118.5
661.53,119.0
661.54,119.2
661.56,119.4
661.58,119.3
661.59,119.2
661.61,118.9
661.62,118.6
661.64,117.9
661.66,117.0
661.67,116.5
661.69,115.2
661.71,113.8
661.72,113.0
661.74,111.3
661.76,109.4
661.77,108.4
661.79,106.3
661.81,104.0
661.82,102.8
661.84,100.3
661.86,97.71
661.87,96.36
661.89,93.6
661.91,90.74
661.92,89.29
661.94,86.33
661.95,84.82
661.97,81.79
661.99,78.71
662.0,77.17
662.02,74.06
662.04,70.96
662.05,69.41
662.07,66.31
662.09,63.25
662.1,61.72
662.12,58.71
662.14,55.74
662.15,54.28
662.17,51.4
662.19,48.59
662.2,47.21
662.22,44.52
662.24,41.9
662.25,40.62
662.27,38.14
662.29,35.75
662.3,34.58
662.32,32.33
662.33,31.25
662.35,29.14
662.37,27.14
662.38,26.18
662.4,24.32
662.42,22.56
662.43,21.72
662.45,20.11
662.47,18.6
662.48,17.88
662.5,16.5
662.52,15.21
662.53,14.6
662.55,13.45
662.57,12.37
662.58,11.86
662.6,10.91
662.62,10.02
662.63,9.609
662.65,8.832
662.67,8.119
662.68,7.787
662.7,7.166
662.71,6.878
662.73,6.342
662.75,5.858
662.76,5.634
662.78,5.222
662.8,4.855
662.81,4.686
662.83,4.379
662.85,4.109
662.86,3.987
662.88,3.767
662.9,3.577
662.91,3.492
662.93,3.344
662.95,3.219
662.96,3.166
662.98,3.074
663.0,3.002
663.01,2.972
663.03,2.926
663.05,2.894
663.06,2.883
663.08,2.871
663.09,2.869
663.11,2.873
663.13,2.886
663.14,2.895
663.16,2.919
663.18,2.949
663.19,2.966
663.21,3.002
663.23,3.042
663.24,3.063
663.26,3.107
663.28,3.151
663.29,3.173
663.31,3.217
663.33,3.261
663.34,3.282
663.36,3.323
663.38,3.361
663.39,3.379
663.41,3.412
663.42,3.428
663.44,3.456
663.46,3.479
663.47,3.489
663.49,3.505
663.51,3.516
663.52,3.519
663.54,3.522
663.56,3.519
663.57,3.516
663.59,3.504
663.61,3.487
663.62,3.476
663.64,3.451
663.66,3.419
663.67,3.401
663.69,3.362
663.71,3.317
663.72,3.292
663.74,3.24
663.76,3.183
663.77,3.153
663.79,3.089
663.8,3.056
663.82,2.987
663.84,2.914
663.85,2.877
663.87,2.8
663.89,2.721
663.9,2.681
663.92,2.599
663.94,2.516
663.95,2.474
663.97,2.39
663.99,2.306
664.0,2.264
664.02,2.18
664.04,2.097
664.05,2.056
664.07,1.975
664.09,1.896
664.1,1.857
664.12,1.781
664.14,1.708
664.15,1.672
664.17,1.603
664.18,1.57
664.2,1.507
664.22,1.447
664.23,1.419
664.25,1.365
664.27,1.315
664.28,1.292
664.3,1.25
664.32,1.212
664.33,1.194
664.35,1.163
664.37,1.137
664.38,1.126
664.4,1.107
664.42,1.093
664.43,1.088
664.45,1.082
664.47,1.08
664.48,1.082
664.5,1.087
664.52,1.098
664.53,1.104
664.55,1.122
664.56,1.132
664.58,1.155
664.6,1.183
664.61,1.198
664.63,1.232
664.65,1.269
664.66,1.289
664.68,1.331
664.7,1.377
664.71,1.4
664.73,1.45
664.75,1.501
664.76,1.528
664.78,1.583
664.8,1.639
664.81,1.668
664.83,1.727
664.85,1.786
664.86,1.816
664.88,1.876
664.89,1.906
664.91,1.967
664.93,2.027
664.94,2.057
664.96,2.116
664.98,2.175
664.99,2.204
665.01,2.26
665.03,2.315
665.04,2.342
665.06,2.395
665.08,2.445
665.09,2.47
665.11,2.517
665.13,2.562
665.14,2.584
665.16,2.625
665.18,2.664
665.19,2.683
665.21,2.718
665.23,2.751
665.24,2.767
665.26,2.796
665.27,2.81
665.29,2.835
665.31,2.859
665.32,2.871
665.34,2.892
665.36,2.911
665.37,2.92
665.39,2.938
665.41,2.954
665.42,2.962
665.44,2.978
665.46,2.993
665.47,3.0
665.49,3.015
665.51,3.031
665.52,3.039
665.54,3.055
665.56,3.072
665.57,3.081
665.59,3.101
665.61,3.122
665.62,3.133
665.64,3.157
665.65,3.169
665.67,3.196
665.69,3.225
665.7,3.241
665.72,3.274
665.74,3.309
665.75,3.327
665.77,3.366
665.79,3.407
665.8,3.429
665.82,3.474
665.84,3.52
665.85,3.545
665.87,3.594
665.89,3.646
665.9,3.672
665.92,3.725
665.94,3.779
665.95,3.806
665.97,3.861
665.99,3.916
666.0,3.943
666.02,3.998
666.03,4.025
666.05,4.077
666.07,4.129
666.08,4.154
666.1,4.202
666.12,4.247
666.13,4.269
666.15,4.31
666.17,4.348
666.18,4.365
666.2,4.397
666.22,4.424
666.23,4.436
666.25,4.457
666.27,4.472
666.28,4.478
666.3,4.486
666.32,4.488
666.33,4.487
666.35,4.481
666.36,4.475
666.38,4.461
666.4,4.441
666.41,4.429
666.43,4.4
666.45,4.367
666.46,4.348
666.48,4.307
666.5,4.26
666.51,4.236
666.53,4.183
666.55,4.126
666.56,4.097
666.58,4.035
666.6,3.97
666.61,3.936
666.63,3.867
666.65,3.797
666.66,3.761
666.68,3.689
666.7,3.616
666.71,3.58
666.73,3.507
666.74,3.471
666.76,3.4
666.78,3.331
666.79,3.297
666.81,3.232
666.83,3.169
666.84,3.14
666.86,3.083
666.88,3.031
666.89,3.007
666.91,2.964
666.93,2.926
666.94,2.909
666.96,2.881
666.98,2.86
666.99,2.853
667.01,2.844
667.03,2.843
667.04,2.845
667.06,2.857
667.08,2.878
667.09,2.892
667.11,2.928
667.12,2.949
667.14,2.998
667.16,3.058
667.17,3.091
667.19,3.166
667.21,3.25
667.22,3.296
667.24,3.396
667.26,3.505
667.27,3.563
667.29,3.686
667.31,3.819
667.32,3.888
667.34,4.034
667.36,4.187
667.37,4.267
667.39,4.432
667.41,4.603
667.42,4.692
667.44,4.872
667.46,5.058
667.47,5.152
667.49,5.344
667.5,5.442
667.52,5.638
667.54,5.835
667.55,5.935
667.57,6.133
667.59,6.331
667.6,6.43
667.62,6.625
667.64,6.816
667.65,6.911
667.67,7.096
667.69,7.275
667.7,7.362
667.72,7.531
667.74,7.692
667.75,7.769
667.77,7.915
667.79,8.052
667.8,8.116
667.82,8.235
667.83,8.29
667.85,8.391
667.87,8.478
667.88,8.517
667.9,8.584
667.92,8.637
667.93,8.658
667.95,8.689
667.97,8.705
667.98,8.708
668.0,8.702
668.02,8.682
668.03,8.667
668.05,8.626
668.07,8.571
668.08,8.539
668.1,8.465
668.12,8.378
668.13,8.331
668.15,8.228
668.17,8.116
668.18,8.056
668.2,7.931
668.21,7.865
668.23,7.73
668.25,7.59
668.26,7.518
668.28,7.373
668.3,7.227
668.31,7.154
668.33,7.008
668.35,6.866
668.36,6.797
668.38,6.663
668.4,6.536
668.41,6.477
668.43,6.366
668.45,6.267
668.46,6.224
668.48,6.148
668.5,6.091
668.51,6.07
668.53,6.045
668.55,6.044
668.56,6.052
668.58,6.091
668.59,6.122
668.61,6.207
668.63,6.325
668.64,6.398
668.66,6.571
668.68,6.785
668.69,6.907
668.71,7.186
668.73,7.51
668.74,7.691
668.76,8.09
668.78,8.541
668.79,8.788
668.81,9.323
668.83,9.917
668.84,10.24
668.86,10.92
668.88,11.68
668.89,12.08
668.91,12.93
668.92,13.38
668.94,14.34
668.96,15.37
668.97,15.91
668.99,17.05
669.01,18.27
669.02,18.9
669.04,20.24
669.06,21.65
669.07,22.38
669.09,23.9
669.11,25.51
669.12,26.34
669.14,28.06
669.16,29.85
669.17,30.77
669.19,32.68
669.21,34.65
669.22,35.67
669.24,37.75
669.26,39.89
669.27,40.98
669.29,43.21
669.3,44.35
669.32,46.66
669.34,49.03
669.35,50.22
669.37,52.65
669.39,55.11
669.4,56.36
669.42,58.86
669.44,61.39
669.45,62.66
669.47,65.21
669.49,67.77
669.5,69.05
669.52,71.61
669.54,74.15
669.55,75.42
669.57,77.95
669.59,80.45
669.6,81.69
669.62,84.15
669.64,86.57
669.65,87.76
669.67,90.12
669.68,91.28
669.7,93.56
669.72,95.8
669.73,96.89
669.75,99.04
669.77,101.1
669.78,102.2
669.8,104.2
669.82,106.1
669.83,107.1
669.85,108.9
669.87,110.7
669.88,111.6
669.9,113.3
669.92,115.0
669.93,115.8
669.95,117.4
669.97,119.0
669.98,119.8
670.0,121.3
670.02,122.8
670.03,123.6
670.05,125.1
670.06,125.8
670.08,127.3
670.1,128.8
670.11,129.5
670.13,131.0
670.15,132.6
670.16,133.4
670.18,135.0
670.2,136.6
670.21,137.4
670.23,139.1
670.25,140.9
670.26,141.8
670.28,143.7
670.3,145.6
670.31,146.6
670.33,148.6
670.35,150.7
670.36,151.8
670.38,153.9
670.39,155.1
670.41,157.3
670.43,159.7
670.44,160.8
670.46,163.2
670.48,165.7
670.49,166.9
670.51,169.4
670.53,171.9
670.54,173.1
670.56,175.6
670.58,178.1
670.59,179.3
670.61,181.7
670.63,184.1
670.64,185.3
670.66,187.5
670.68,189.7
670.69,190.7
670.71,192.7
670.73,194.5
670.74,195.4
670.76,197.0
670.77,197.8
670.79,199.1
670.81,200.3
670.82,200.8
670.84,201.6
670.86,202.2
670.87,202.4
670.89,202.6
670.91,202.6
670.92,202.5
670.94,202.1
670.96,201.4
670.97,201.0
670.99,199.9
671.01,198.6
671.02,197.8
671.04,196.0
671.06,194.0
671.07,192.8
671.09,190.4
671.11,187.7
671.12,186.3
671.14,183.3
671.15,181.7
671.17,178.3
671.19,174.7
671.2,172.9
671.22,169.0
671.24,165.0
671.25,162.9
671.27,158.7
671.29,154.3
671.3,152.1
671.32,147.6
671.34,143.0
671.35,140.7
671.37,136.1
671.39,131.4
671.4,129.0
671.42,124.3
671.44,119.6
671.45,117.3
671.47,112.7
671.49,108.1
671.5,105.8
671.52,101.4
671.53,99.2
671.55,94.89
671.57,90.69
671.58,88.63
671.6,84.62
671.62,80.75
671.63,78.87
671.65,75.21
671.67,71.71
671.68,70.02
671.7,66.76
671.72,63.66
671.73,62.17
671.75,59.32
671.77,56.64
671.78,55.36
671.8,52.92
671.82,50.65
671.83,49.58
671.85,47.54
671.86,46.58
671.88,44.77
671.9,43.11
671.91,42.33
671.93,40.88
671.95,39.55
671.96,38.93
671.98,37.79
672.0,36.75
672.01,36.27
672.03,35.39
672.05,34.6
672.06,34.23
672.08,33.56
672.1,32.96
672.11,32.68
672.13,32.17
672.15,31.71
672.16,31.5
672.18,31.1
672.2,30.74
672.21,30.57
672.23,30.24
672.24,30.09
672.26,29.78
672.28,29.49
672.29,29.34
672.31,29.05
672.33,28.75
672.34,28.6
672.36,28.29
672.38,27.97
672.39,27.81
672.41,27.46
672.43,27.09
672.44,26.9
672.46,26.51
672.48,26.09
672.49,25.87
672.51,25.42
672.53,24.94
672.54,24.69
672.56,24.18
672.58,23.64
672.59,23.37
672.61,22.8
672.62,22.51
672.64,21.91
672.66,21.3
672.67,20.98
672.69,20.35
672.71,19.7
672.72,19.37
672.74,18.7
672.76,18.03
672.77,17.7
672.79,17.02
672.81,16.34
672.82,16.0
672.84,15.32
672.86,14.64
672.87,14.3
672.89,13.64
672.91,12.98
672.92,12.65
672.94,12.01
672.96,11.38
672.97,11.07
672.99,10.46
673.0,10.16
673.02,9.578
673.04,9.011
673.05,8.735
673.07,8.197
673.09,7.678
673.1,7.426
673.12,6.938
673.14,6.471
673.15,6.245
673.17,5.81
673.19,5.396
673.2,5.196
673.22,4.814
673.24,4.452
673.25,4.279
673.27,3.949
673.29,3.638
673.3,3.491
673.32,3.209
673.33,3.076
673.35,2.823
673.37,2.587
673.38,2.476
673.4,2.267
673.42,2.073
673.43,1.983
673.45,1.812
673.47,1.657
673.48,1.584
673.5,1.449
673.52,1.326
673.53,1.269
673.55,1.164
673.57,1.07
673.58,1.027
673.6,0.9483
673.62,0.8789
673.63,0.8475
673.65,0.791
673.67,0.7423
673.68,0.7208
673.7,0.683
673.71,0.6665
673.73,0.6383
673.75,0.616
673.76,0.6068
673.78,0.5924
673.8,0.5827
673.81,0.5796
673.83,0.5763
673.85,0.5769
673.86,0.5785
673.88,0.5842
673.9,0.5929
673.91,0.5983
673.93,0.611
673.95,0.626
673.96,0.6343
673.98,0.6523
674.0,0.672
674.01,0.6824
674.03,0.7042
674.05,0.7272
674.06,0.739
674.08,0.7634
674.09,0.7758
674.11,0.801
674.13,0.8267
674.14,0.8396
674.16,0.8656
674.18,0.8915
674.19,0.9045
674.21,0.9302
674.23,0.9557
674.24,0.9682
674.26,0.993
674.28,1.017
674.29,1.029
674.31,1.052
674.33,1.074
674.34,1.085
674.36,1.106
674.38,1.126
674.39,1.136
674.41,1.154
674.43,1.171
674.44,1.18
674.46,1.195
674.47,1.203
674.49,1.217
674.51,1.23
674.52,1.236
674.54,1.248
674.56,1.258
674.57,1.263
674.59,1.273
674.61,1.281
674.62,1.285
674.64,1.292
674.66,1.298
674.67,1.301
674.69,1.307
674.71,1.312
674.72,1.314
674.74,1.319
674.76,1.323
674.77,1.325
674.79,1.328
674.8,1.33
674.82,1.334
674.84,1.337
674.85,1.339
674.87,1.342
674.89,1.346
674.9,1.347
674.92,1.351
674.94,1.354
674.95,1.356
674.97,1.36
674.99,1.364
675.0,1.366
675.02,1.37
675.04,1.374
675.05,1.377
675.07,1.381
675.09,1.385
675.1,1.387
675.12,1.391
675.14,1.395
675.15,1.396
675.17,1.4
675.18,1.401
675.2,1.404
675.22,1.406
675.23,1.407
675.25,1.408
675.27,1.408
675.28,1.408
675.3,1.407
675.32,1.405
675.33,1.404
675.35,1.4
675.37,1.395
675.38,1.393
675.4,1.386
675.42,1.378
675.43,1.373
675.45,1.363
675.47,1.352
675.48,1.345
675.5,1.332
675.52,1.316
675.53,1.308
675.55,1.291
675.56,1.281
675.58,1.262
675.6,1.241
675.61,1.23
675.63,1.206
675.65,1.182
675.66,1.169
675.68,1.143
675.7,1.116
675.71,1.102
675.73,1.073
675.75,1.043
675.76,1.028
675.78,0.9971
675.8,0.9656
675.81,0.9496
675.83,0.9173
675.85,0.8847
675.86,0.8683
675.88,0.8353
675.9,0.8022
675.91,0.7857
675.93,0.7527
675.94,0.7362
675.96,0.7035
675.98,0.6711
675.99,0.655
676.01,0.6232
676.03,0.592
676.04,0.5766
676.06,0.5462
676.08,0.5166
676.09,0.5021
676.11,0.4736
676.13,0.446
676.14,0.4326
676.16,0.4063
676.18,0.381
676.19,0.3687
676.21,0.3449
676.23,0.3221
676.24,0.311
676.26,0.2897
676.27,0.2794
676.29,0.2597
676.31,0.2409
676.32,0.2319
676.34,0.2146
676.36,0.1984
676.37,0.1906
676.39,0.1758
676.41,0.1619
676.42,0.1552
676.44,0.1427
676.46,0.131
676.47,0.1255
676.49,0.115
676.51,0.1053
676.52,0.1007
676.54,0.09213
676.56,0.08422
676.57,0.08051
676.59,0.07356
676.61,0.06721
676.62,0.06425
676.64,0.05872
676.65,0.05615
676.67,0.05138
676.69,0.04706
676.7,0.04507
676.72,0.04137
676.74,0.03806
676.75,0.03654
676.77,0.03374
676.79,0.03125
676.8,0.03011
676.82,0.02803
676.84,0.0262
676.85,0.02537
676.87,0.02387
676.89,0.02255
676.9,0.02196
676.92,0.0209
676.94,0.01998
676.95,0.01957
676.97,0.01885
676.99,0.01823
677.0,0.01796
677.02,0.01747
677.03,0.01726
677.05,0.01689
677.07,0.01659
677.08,0.01645
677.1,0.01622
677.12,0.01603
677.13,0.01595
677.15,0.0158
677.17,0.01568
677.18,0.01563
677.2,0.01553
677.22,0.01545
677.23,0.01541
677.25,0.01533
677.27,0.01526
677.28,0.01522
677.3,0.01515
677.32,0.01507
677.33,0.01503
677.35,0.01494
677.37,0.01484
677.38,0.01479
677.4,0.01467
677.41,0.01461
677.43,0.01448
677.45,0.01434
677.46,0.01426
677.48,0.0141
677.5,0.01393
677.51,0.01384
677.53,0.01365
677.55,0.01345
677.56,0.01335
677.58,0.01313
677.6,0.01291
677.61,0.01279
677.63,0.01255
677.65,0.0123
677.66,0.01217
677.68,0.01192
677.7,0.01165
677.71,0.01152
677.73,0.01125
677.74,0.01111
677.76,0.01083
677.78,0.01055
677.79,0.01041
677.81,0.01013
677.83,0.009853
677.84,0.009712
677.86,0.009433
677.88,0.009156
677.89,0.009018
677.91,0.008745
677.93,0.008476
677.94,0.008344
677.96,0.008082
677.98,0.007826
677.99,0.0077
678.01,0.007453
678.03,0.007213
678.04,0.007096
678.06,0.006867
678.08,0.006647
678.09,0.00654
678.11,0.006333
678.12,0.006232
678.14,0.006039
678.16,0.005855
678.17,0.005767
678.19,0.005598
678.21,0.005439
678.22,0.005364
678.24,0.005221
678.26,0.005089
678.27,0.005027
678.29,0.004911
678.31,0.004807
678.32,0.004758
678.34,0.004671
678.36,0.004594
678.37,0.00456
678.39,0.004501
678.41,0.004453
678.42,0.004434
678.44,0.004403
678.46,0.004383
678.47,0.004378
678.49,0.004376
678.5,0.004379
678.52,0.004393
678.54,0.004419
678.55,0.004436
678.57,0.004477
678.59,0.00453
678.6,0.00456
678.62,0.004628
678.64,0.004707
678.65,0.004749
678.67,0.004842
678.69,0.004945
678.7,0.004999
678.72,0.005115
678.74,0.005238
678.75,0.005303
678.77,0.005439
678.79,0.005582
678.8,0.005656
678.82,0.005808
678.84,0.005967
678.85,0.006048
678.87,0.006215
678.88,0.006299
678.9,0.006472
678.92,0.006648
678.93,0.006737
678.95,0.006917
678.97,0.007099
678.98,0.00719
679.0,0.007374
679.02,0.007557
679.03,0.007649
679.05,0.007833
679.07,0.008015
679.08,0.008106
679.1,0.008286
679.12,0.008465
679.13,0.008554
679.15,0.00873
679.17,0.008905
679.18,0.008992
679.2,0.009164
679.21,0.00925
679.23,0.009422
679.25,0.009595
679.26,0.009682
679.28,0.009858
679.3,0.01004
679.31,0.01013
679.33,0.01032
679.35,0.01052
679.36,0.01063
679.38,0.01085
679.4,0.0111
679.41,0.01123
679.43,0.01151
679.45,0.01183
679.46,0.012
679.48,0.01238
679.5,0.01281
679.51,0.01305
679.53,0.01357
679.55,0.01418
679.56,0.01451
679.58,0.01525
679.59,0.01566
679.61,0.01658
679.63,0.01763
679.64,0.01821
679.66,0.0195
679.68,0.02097
679.69,0.02179
679.71,0.02359
679.73,0.02564
679.74,0.02677
679.76,0.02926
679.78,0.03207
679.79,0.03362
679.81,0.037
679.83,0.04082
679.84,0.04291
679.86,0.04746
679.88,0.05257
679.89,0.05535
679.91,0.06139
679.93,0.06814
679.94,0.07179
679.96,0.07972
679.97,0.08401
679.99,0.09328
680.01,0.1035
680.02,0.1091
680.04,0.121
680.06,0.1341
680.07,0.1412
680.09,0.1564
680.11,0.173
680.12,0.1819
680.14,0.201
680.16,0.2218
680.17,0.2329
680.19,0.2566
680.21,0.2824
680.22,0.2961
680.24,0.3253
680.26,0.3569
680.27,0.3737
680.29,0.4092
680.3,0.428
680.32,0.4678
680.34,0.5107
680.35,0.5333
680.37,0.581
680.39,0.6321
680.4,0.659
680.42,0.7156
680.44,0.776
680.45,0.8077
680.47,0.8741
680.49,0.9448
680.5,0.9818
680.52,1.059
680.54,1.141
680.55,1.184
680.57,1.272
680.59,1.366
680.6,1.415
680.62,1.517
680.64,1.623
680.65,1.678
680.67,1.793
680.68,1.852
680.7,1.975
680.72,2.102
680.73,2.168
680.75,2.304
680.77,2.446
680.78,2.518
680.8,2.668
680.82,2.823
680.83,2.902
680.85,3.064
680.87,3.232
680.88,3.318
680.9,3.492
680.92,3.672
680.93,3.763
680.95,3.949
680.97,4.139
680.98,4.235
681.0,4.43
681.02,4.628
681.03,4.729
681.05,4.931
681.06,5.033
681.08,5.239
681.1,5.446
681.11,5.551
681.13,5.759
681.15,5.969
681.16,6.073
681.18,6.282
681.2,6.49
681.21,6.594
681.23,6.799
681.25,7.003
681.26,7.103
681.28,7.302
681.3,7.497
681.31,7.593
681.33,7.781
681.35,7.965
681.36,8.054
681.38,8.229
681.4,8.397
681.41,8.478
681.43,8.636
681.44,8.712
681.46,8.858
681.48,8.995
681.49,9.061
681.51,9.186
681.53,9.301
681.54,9.356
681.56,9.457
681.58,9.549
681.59,9.592
681.61,9.669
681.63,9.737
681.64,9.767
681.66,9.82
681.68,9.863
681.69,9.881
681.71,9.91
681.73,9.93
681.74,9.936
681.76,9.943
681.77,9.943
681.79,9.937
681.81,9.924
681.82,9.914
681.84,9.89
681.86,9.859
681.87,9.842
681.89,9.802
681.91,9.758
681.92,9.735
681.94,9.684
681.96,9.631
681.97,9.604
681.99,9.547
682.01,9.489
682.02,9.46
682.04,9.401
682.06,9.343
682.07,9.315
682.09,9.259
682.11,9.206
682.12,9.181
682.14,9.133
682.15,9.111
682.17,9.069
682.19,9.034
682.2,9.018
682.22,8.992
682.24,8.973
682.25,8.967
682.27,8.96
682.29,8.961
682.3,8.965
682.32,8.981
682.34,9.007
682.35,9.024
682.37,9.065
682.39,9.118
682.4,9.149
682.42,9.22
682.44,9.302
682.45,9.348
682.47,9.449
682.49,9.564
682.5,9.625
682.52,9.759
682.53,9.831
682.55,9.984
682.57,10.15
682.58,10.24
682.6,10.43
682.62,10.63
682.63,10.73
682.65,10.95
682.67,11.18
682.68,11.3
682.7,11.55
682.72,11.81
682.73,11.95
682.75,12.22
682.77,12.51
682.78,12.66
682.8,12.96
682.82,13.27
682.83,13.43
682.85,13.75
682.87,14.08
682.88,14.24
682.9,14.58
682.91,14.74
682.93,15.08
682.95,15.42
682.96,15.59
682.98,15.93
683.0,16.27
683.01,16.44
683.03,16.77
683.05,17.1
683.06,17.26
683.08,17.58
683.1,17.89
683.11,18.04
683.13,18.33
683.15,18.61
683.16,18.75
683.18,19.01
683.2,19.26
683.21,19.38
683.23,19.6
683.24,19.71
683.26,19.91
683.28,20.09
683.29,20.17
683.31,20.32
683.33,20.45
683.34,20.51
683.36,20.62
683.38,20.7
683.39,20.73
683.41,20.79
683.43,20.82
683.44,20.83
683.46,20.84
683.48,20.83
683.49,20.81
683.51,20.78
683.53,20.73
683.54,20.7
683.56,20.63
683.58,20.54
683.59,20.5
683.61,20.4
683.62,20.35
683.64,20.24
683.66,20.12
683.67,20.06
683.69,19.95
683.71,19.83
683.72,19.77
683.74,19.65
683.76,19.53
683.77,19.48
683.79,19.37
683.81,19.27
683.82,19.23
683.84,19.14
683.86,19.07
683.87,19.04
683.89,18.99
683.91,18.95
683.92,18.94
683.94,18.92
683.96,18.93
683.97,18.93
683.99,18.96
684.0,18.98
684.02,19.04
684.04,19.11
684.05,19.15
684.07,19.25
684.09,19.36
684.1,19.42
684.12,19.56
684.14,19.71
684.15,19.79
684.17,19.96
684.19,20.14
684.2,20.24
684.22,20.43
684.24,20.63
684.25,20.74
684.27,20.95
684.29,21.16
684.3,21.27
684.32,21.48
684.34,21.69
684.35,21.79
684.37,21.99
684.38,22.09
684.4,22.28
684.42,22.45
684.43,22.54
684.45,22.69
684.47,22.84
684.48,22.9
684.5,23.02
684.52,23.11
684.53,23.15
684.55,23.22
684.57,23.26
684.58,23.27
684.6,23.27
684.62,23.25
684.63,23.23
684.65,23.17
684.67,23.08
684.68,23.03
684.7,22.91
684.71,22.83
684.73,22.67
684.75,22.48
684.76,22.37
684.78,22.15
684.8,21.9
684.81,21.76
684.83,21.48
684.85,21.17
684.86,21.01
684.88,20.68
684.9,20.33
684.91,20.15
684.93,19.78
684.95,19.39
684.96,19.2
684.98,18.8
685.0,18.39
685.01,18.18
685.03,17.76
685.05,17.34
685.06,17.13
685.08,16.71
685.09,16.49
685.11,16.07
685.13,15.66
685.14,15.45
685.16,15.04
685.18,14.64
685.19,14.44
685.21,14.05
685.23,13.67
685.24,13.48
685.26,13.12
685.28,12.77
685.29,12.6
685.31,12.27
685.33,11.96
685.34,11.8
685.36,11.51
685.38,11.23
685.39,11.1
685.41,10.84
685.43,10.6
685.44,10.48
685.46,10.26
685.47,10.16
685.49,9.961
685.51,9.775
685.52,9.687
685.54,9.519
685.56,9.364
685.57,9.29
685.59,9.151
685.61,9.021
685.62,8.96
685.64,8.843
685.66,8.734
685.67,8.682
685.69,8.582
685.71,8.488
685.72,8.443
685.74,8.356
685.76,8.271
685.77,8.23
685.79,8.149
685.81,8.07
685.82,8.03
685.84,7.951
685.85,7.912
685.87,7.832
685.89,7.751
685.9,7.709
685.92,7.625
685.94,7.539
685.95,7.494
685.97,7.403
685.99,7.308
686.0,7.26
686.02,7.16
686.04,7.056
686.05,7.002
686.07,6.892
686.09,6.778
686.1,6.72
686.12,6.6
686.14,6.476
686.15,6.412
686.17,6.283
686.18,6.217
686.2,6.082
686.22,5.943
686.23,5.873
686.25,5.731
686.27,5.585
686.28,5.512
686.3,5.363
686.32,5.213
686.33,5.137
686.35,4.985
686.37,4.831
686.38,4.754
686.4,4.6
686.42,4.445
686.43,4.368
686.45,4.214
686.47,4.061
686.48,3.984
686.5,3.833
686.52,3.682
686.53,3.608
686.55,3.46
686.56,3.387
686.58,3.243
686.6,3.101
686.61,3.032
686.63,2.894
686.65,2.759
686.66,2.693
686.68,2.564
686.7,2.438
686.71,2.376
686.73,2.255
686.75,2.138
686.76,2.081
686.78,1.97
686.8,1.862
686.81,1.81
686.83,1.709
686.85,1.612
686.86,1.564
686.88,1.473
686.9,1.386
686.91,1.343
686.93,1.262
686.94,1.223
686.96,1.147
686.98,1.075
686.99,1.04
687.01,0.9739
687.03,0.911
687.04,0.8809
687.06,0.8233
687.08,0.7689
687.09,0.743
687.11,0.6935
687.13,0.647
687.14,0.6249
687.16,0.5829
687.18,0.5436
687.19,0.525
687.21,0.4897
687.23,0.4569
687.24,0.4414
687.26,0.4121
687.28,0.385
687.29,0.3723
687.31,0.3484
687.32,0.3372
687.34,0.3163
687.36,0.2971
687.37,0.2882
687.39,0.2717
687.41,0.2568
687.42,0.2499
687.44,0.2373
687.46,0.2261
687.47,0.2211
687.49,0.2119
687.51,0.2041
687.52,0.2007
687.54,0.1947
687.56,0.1899
687.57,0.188
687.59,0.1849
687.61,0.1829
687.62,0.1824
687.64,0.182
687.65,0.1822
687.67,0.1834
687.69,0.1855
687.7,0.187
687.72,0.1907
687.74,0.1953
687.75,0.198
687.77,0.2041
687.79,0.2111
687.8,0.215
687.82,0.2234
687.84,0.2328
687.85,0.2378
687.87,0.2486
687.89,0.2602
687.9,0.2664
687.92,0.2793
687.94,0.2932
687.95,0.3004
687.97,0.3155
687.99,0.3314
688.0,0.3397
688.02,0.3567
688.03,0.3656
688.05,0.3837
688.07,0.4026
688.08,0.4122
688.1,0.432
688.12,0.4524
688.13,0.4627
688.15,0.4838
688.17,0.5053
688.18,0.5162
688.2,0.5383
688.22,0.5605
688.23,0.5717
688.25,0.5942
688.27,0.6168
688.28,0.6281
688.3,0.6505
688.32,0.6729
688.33,0.684
688.35,0.7059
688.37,0.7275
688.38,0.7381
688.4,0.7589
688.41,0.7691
688.43,0.789
688.45,0.8081
688.46,0.8174
688.48,0.8353
688.5,0.8523
688.51,0.8604
688.53,0.8758
688.55,0.8901
688.56,0.8968
688.58,0.9093
688.6,0.9205
688.61,0.9256
688.63,0.9349
688.65,0.9428
688.66,0.9462
688.68,0.9521
688.7,0.9565
688.71,0.9582
688.73,0.9606
688.74,0.9613
688.76,0.9616
688.78,0.9607
688.79,0.9598
688.81,0.9571
688.83,0.9533
688.84,0.951
688.86,0.9457
688.88,0.9396
688.89,0.9363
688.91,0.9292
688.93,0.9217
688.94,0.9179
688.96,0.9102
688.98,0.9026
688.99,0.8989
689.01,0.892
689.03,0.8859
689.04,0.8832
689.06,0.8789
689.08,0.8763
689.09,0.8758
689.11,0.8765
689.12,0.8779
689.14,0.8829
689.16,0.8915
689.17,0.8973
689.19,0.9123
689.21,0.9323
689.22,0.9444
689.24,0.9732
689.26,1.009
689.27,1.03
689.29,1.077
689.31,1.134
689.32,1.166
689.34,1.238
689.36,1.321
689.37,1.368
689.39,1.471
689.41,1.588
689.42,1.653
689.44,1.795
689.46,1.956
689.47,2.043
689.49,2.233
689.5,2.336
689.52,2.56
689.54,2.808
689.55,2.942
689.57,3.231
689.59,3.549
689.6,3.719
689.62,4.084
689.64,4.484
689.65,4.697
689.67,5.151
689.69,5.644
689.7,5.906
689.72,6.462
689.74,7.063
689.75,7.38
689.77,8.05
689.79,8.77
689.8,9.149
689.82,9.945
689.84,10.8
689.85,11.24
689.87,12.17
689.88,12.66
689.9,13.68
689.92,14.76
689.93,15.32
689.95,16.48
689.97,17.71
689.98,18.34
690.0,19.66
690.02,21.03
690.03,21.74
690.05,23.21
690.07,24.73
690.08,25.51
690.1,27.11
690.12,28.76
690.13,29.6
690.15,31.33
690.17,33.1
690.18,34.0
690.2,35.83
690.21,36.76
690.23,38.64
690.25,40.55
690.26,41.51
690.28,43.45
690.3,45.4
690.31,46.38
690.33,48.34
690.35,50.29
690.36,51.27
690.38,53.21
690.4,55.13
690.41,56.08
690.43,57.96
690.45,59.8
690.46,60.7
690.48,62.47
690.5,64.18
690.51,65.01
690.53,66.63
690.55,68.17
690.56,68.9
690.58,70.32
690.59,70.99
690.61,72.27
690.63,73.44
690.64,73.99
690.66,75.01
690.68,75.91
690.69,76.32
690.71,77.04
690.73,77.65
690.74,77.91
690.76,78.32
690.78,78.61
690.79,78.71
690.81,78.81
690.83,78.78
690.84,78.71
690.86,78.49
690.88,78.13
690.89,77.91
690.91,77.37
690.93,76.72
690.94,76.34
690.96,75.51
690.97,75.05
690.99,74.06
691.01,72.96
691.02,72.37
691.04,71.13
691.06,69.8
691.07,69.1
691.09,67.65
691.11,66.12
691.12,65.33
691.14,63.71
691.16,62.03
691.17,61.18
691.19,59.43
691.21,57.65
691.22,56.74
691.24,54.92
691.26,53.07
691.27,52.14
691.29,50.28
691.31,48.41
691.32,47.48
691.34,45.62
691.35,44.69
691.37,42.85
691.39,41.03
691.4,40.13
691.42,38.34
691.44,36.59
691.45,35.73
691.47,34.03
691.49,32.38
691.5,31.57
691.52,29.98
691.54,28.44
691.55,27.69
691.57,26.22
691.59,24.81
691.6,24.12
691.62,22.79
691.64,21.52
691.65,20.9
691.67,19.71
691.68,19.14
691.7,18.03
691.72,16.98
691.73,16.48
691.75,15.51
691.77,14.6
691.78,14.16
691.8,13.33
691.82,12.55
691.83,12.18
691.85,11.48
691.87,10.82
691.88,10.52
691.9,9.93
691.92,9.39
691.93,9.136
691.95,8.659
691.97,8.223
691.98,8.019
692.0,7.64
692.02,7.296
692.03,7.137
692.05,6.843
692.06,6.708
692.08,6.46
692.1,6.241
692.11,6.141
692.13,5.961
692.15,5.805
692.16,5.735
692.18,5.612
692.2,5.508
692.21,5.464
692.23,5.387
692.25,5.326
692.26,5.302
692.28,5.262
692.3,5.235
692.31,5.226
692.33,5.215
692.35,5.214
692.36,5.216
692.38,5.226
692.4,5.242
692.41,5.252
692.43,5.276
692.44,5.29
692.46,5.319
692.48,5.351
692.49,5.367
692.51,5.402
692.53,5.437
692.54,5.454
692.56,5.489
692.58,5.524
692.59,5.54
692.61,5.573
692.63,5.604
692.64,5.619
692.66,5.647
692.68,5.674
692.69,5.686
692.71,5.709
692.73,5.73
692.74,5.74
692.76,5.758
692.78,5.774
692.79,5.781
692.81,5.796
692.82,5.802
692.84,5.815
692.86,5.828
692.87,5.834
692.89,5.847
692.91,5.86
692.92,5.868
692.94,5.884
692.96,5.902
692.97,5.912
692.99,5.935
693.01,5.962
693.02,5.977
693.04,6.01
693.06,6.05
693.07,6.071
693.09,6.12
693.11,6.175
693.12,6.205
693.14,6.272
693.15,6.308
693.17,6.387
693.19,6.475
693.2,6.523
693.22,6.624
693.24,6.736
693.25,6.795
693.27,6.921
693.29,7.057
693.3,7.129
693.32,7.28
693.34,7.441
693.35,7.525
693.37,7.7
693.39,7.884
693.4,7.979
693.42,8.177
693.44,8.382
693.45,8.487
693.47,8.703
693.49,8.925
693.5,9.039
693.52,9.269
693.53,9.385
693.55,9.621
693.57,9.859
693.58,9.979
693.6,10.22
693.62,10.46
693.63,10.58
693.65,10.82
693.67,11.05
693.68,11.17
693.7,11.39
693.72,11.62
693.73,11.72
693.75,11.93
693.77,12.13
693.78,12.23
693.8,12.41
693.82,12.58
693.83,12.66
693.85,12.81
693.87,12.95
693.88,13.01
693.9,13.12
693.91,13.17
693.93,13.26
693.95,13.33
693.96,13.35
693.98,13.39
694.0,13.41
694.01,13.41
694.03,13.41
694.05,13.38
694.06,13.35
694.08,13.29
694.1,13.21
694.11,13.17
694.13,13.06
694.15,12.93
694.16,12.86
694.18,12.7
694.2,12.53
694.21,12.43
694.23,12.23
694.25,12.02
694.26,11.91
694.28,11.67
694.29,11.54
694.31,11.29
694.33,11.01
694.34,10.88
694.36,10.59
694.38,10.29
694.39,10.14
694.41,9.837
694.43,9.524
694.44,9.365
694.46,9.044
694.48,8.721
694.49,8.558
694.51,8.231
694.53,7.904
694.54,7.74
694.56,7.414
694.58,7.09
694.59,6.929
694.61,6.61
694.62,6.452
694.64,6.14
694.66,5.833
694.67,5.682
694.69,5.384
694.71,5.094
694.72,4.952
694.74,4.674
694.76,4.404
694.77,4.273
694.79,4.016
694.81,3.769
694.82,3.649
694.84,3.416
694.86,3.194
694.87,3.086
694.89,2.878
694.91,2.68
694.92,2.585
694.94,2.401
694.96,2.228
694.97,2.145
694.99,1.986
695.0,1.91
695.02,1.765
695.04,1.629
695.05,1.565
695.07,1.442
695.09,1.328
695.1,1.274
695.12,1.172
695.14,1.077
695.15,1.033
695.17,0.9495
695.19,0.8731
695.2,0.8373
695.22,0.7707
695.24,0.7103
695.25,0.6823
695.27,0.6305
695.29,0.5842
695.3,0.5631
695.32,0.5244
695.34,0.4906
695.35,0.4753
695.37,0.4482
695.38,0.4362
695.4,0.4152
695.42,0.3981
695.43,0.3909
695.45,0.3791
695.47,0.3708
695.48,0.3678
695.5,0.3642
695.52,0.3635
695.53,0.3642
695.55,0.3678
695.57,0.3739
695.58,0.3779
695.6,0.3878
695.62,0.4
695.63,0.4069
695.65,0.4225
695.67,0.4401
695.68,0.4496
695.7,0.4702
695.72,0.4926
695.73,0.5045
695.75,0.5296
695.76,0.5427
695.78,0.5702
695.8,0.5993
695.81,0.6143
695.83,0.6455
695.85,0.6779
695.86,0.6946
695.88,0.7289
695.9,0.7643
695.91,0.7823
695.93,0.8191
695.95,0.8568
695.96,0.8759
695.98,0.9147
696.0,0.9541
696.01,0.974
696.03,1.014
696.05,1.055
696.06,1.075
696.08,1.116
696.09,1.137
696.11,1.178
696.13,1.219
696.14,1.24
696.16,1.281
696.18,1.323
696.19,1.343
696.21,1.384
696.23,1.426
696.24,1.446
696.26,1.487
696.28,1.529
696.29,1.549
696.31,1.591
696.33,1.632
696.34,1.653
696.36,1.696
696.38,1.739
696.39,1.76
696.41,1.805
696.43,1.851
696.44,1.874
696.46,1.923
696.47,1.947
696.49,1.999
696.51,2.053
696.52,2.082
696.54,2.141
696.56,2.204
696.57,2.238
696.59,2.308
696.61,2.383
696.62,2.423
696.64,2.508
696.66,2.599
696.67,2.647
696.69,2.751
696.71,2.862
696.72,2.921
696.74,3.047
696.76,3.184
696.77,3.256
696.79,3.409
696.81,3.575
696.82,3.662
696.84,3.847
696.85,3.945
696.87,4.151
696.89,4.371
696.9,4.487
696.92,4.731
696.94,4.991
696.95,5.127
696.97,5.412
696.99,5.714
697.0,5.871
697.02,6.199
697.04,6.544
697.05,6.723
697.07,7.093
697.09,7.481
697.1,7.682
697.12,8.095
697.14,8.524
697.15,8.744
697.17,9.196
697.19,9.663
697.2,9.901
697.22,10.39
697.23,10.64
697.25,11.14
697.27,11.65
697.28,11.91
697.3,12.44
697.32,12.97
697.33,13.24
697.35,13.78
697.37,14.32
697.38,14.59
697.4,15.13
697.42,15.67
697.43,15.93
697.45,16.46
697.47,16.98
697.48,17.23
697.5,17.74
697.52,18.22
697.53,18.46
697.55,18.93
697.56,19.15
697.58,19.58
697.6,19.99
697.61,20.19
697.63,20.56
697.65,20.91
697.66,21.07
697.68,21.37
697.7,21.64
697.71,21.77
697.73,21.99
697.75,22.17
697.76,22.25
697.78,22.38
697.8,22.48
697.81,22.51
697.83,22.55
697.85,22.55
697.86,22.54
697.88,22.48
697.9,22.39
697.91,22.32
697.93,22.18
697.94,22.09
697.96,21.88
697.98,21.65
697.99,21.52
698.01,21.23
698.03,20.91
698.04,20.74
698.06,20.37
698.08,19.98
698.09,19.78
698.11,19.35
698.13,18.9
698.14,18.67
698.16,18.18
698.18,17.69
698.19,17.43
698.21,16.91
698.23,16.38
698.24,16.1
698.26,15.56
698.28,15.0
698.29,14.72
698.31,14.16
698.32,13.88
698.34,13.32
698.36,12.76
698.37,12.48
698.39,11.92
698.41,11.37
698.42,11.1
698.44,10.56
698.46,10.03
698.47,9.774
698.49,9.261
698.51,8.76
698.52,8.515
698.54,8.035
698.56,7.57
698.57,7.343
698.59,6.901
698.61,6.476
698.62,6.269
698.64,5.869
698.65,5.675
698.67,5.301
698.69,4.944
698.7,4.772
698.72,4.442
698.74,4.13
698.75,3.98
698.77,3.694
698.79,3.425
698.8,3.297
698.82,3.053
698.84,2.827
698.85,2.72
698.87,2.519
698.89,2.333
698.9,2.246
698.92,2.085
698.94,1.938
698.95,1.871
698.97,1.748
698.99,1.639
699.0,1.59
699.02,1.504
699.03,1.466
699.05,1.402
699.07,1.352
699.08,1.333
699.1,1.305
699.12,1.292
699.13,1.292
699.15,1.302
699.17,1.327
699.18,1.346
699.2,1.396
699.22,1.462
699.23,1.502
699.25,1.595
699.27,1.707
699.28,1.771
699.3,1.912
699.32,2.075
699.33,2.164
699.35,2.36
699.37,2.58
699.38,2.7
699.4,2.958
699.41,3.098
699.43,3.398
699.45,3.728
699.46,3.904
699.48,4.281
699.5,4.692
699.51,4.911
699.53,5.375
699.55,5.877
699.56,6.143
699.58,6.706
699.6,7.311
699.61,7.629
699.63,8.301
699.65,9.018
699.66,9.395
699.68,10.18
699.7,11.02
699.71,11.46
699.73,12.38
699.75,13.35
699.76,13.86
699.78,14.91
699.79,15.45
699.81,16.59
699.83,17.78
699.84,18.39
699.86,19.67
699.88,20.99
699.89,21.68
699.91,23.08
699.93,24.55
699.94,25.3
699.96,26.83
699.98,28.42
699.99,29.23
700.01,30.89
700.03,32.58
700.04,33.45
700.06,35.2
700.08,36.99
700.09,37.89
700.11,39.73
700.12,40.65
700.14,42.52
700.16,44.4
700.17,45.34
700.19,47.23
700.21,49.13
700.22,50.08
700.24,51.96
700.26,53.84
700.27,54.77
700.29,56.61
700.31,58.43
700.32,59.32
700.34,61.08
700.36,62.79
700.37,63.63
700.39,65.26
700.41,66.83
700.42,67.59
700.44,69.06
700.46,70.45
700.47,71.11
700.49,72.37
700.5,72.97
700.52,74.09
700.54,75.12
700.55,75.6
700.57,76.47
700.59,77.23
700.6,77.58
700.62,78.17
700.64,78.66
700.65,78.85
700.67,79.16
700.69,79.35
700.7,79.4
700.72,79.42
700.74,79.31
700.75,79.22
700.77,78.94
700.79,78.54
700.8,78.3
700.82,77.74
700.84,77.07
700.85,76.7
700.87,75.88
700.88,75.43
700.9,74.46
700.92,73.41
700.93,72.84
700.95,71.66
700.97,70.4
700.98,69.74
701.0,68.38
701.02,66.95
701.03,66.22
701.05,64.71
701.07,63.16
701.08,62.37
701.1,60.76
701.12,59.13
701.13,58.3
701.15,56.63
701.17,54.95
701.18,54.1
701.2,52.41
701.22,50.72
701.23,49.88
701.25,48.2
701.26,47.37
701.28,45.72
701.3,44.09
701.31,43.28
701.33,41.69
701.35,40.14
701.36,39.37
701.38,37.87
701.4,36.41
701.41,35.7
701.43,34.3
701.45,32.96
701.46,32.3
701.48,31.03
701.5,29.81
701.51,29.21
701.53,28.07
701.55,26.98
701.56,26.45
701.58,25.44
701.59,24.95
701.61,24.02
701.63,23.14
701.64,22.72
701.66,21.92
701.68,21.17
701.69,20.81
701.71,20.13
701.73,19.5
701.74,19.2
701.76,18.64
701.78,18.12
701.79,17.87
701.81,17.41
701.83,16.99
701.84,16.79
701.86,16.43
701.88,16.1
701.89,15.94
701.91,15.66
701.93,15.4
701.94,15.28
701.96,15.07
701.97,14.97
701.99,14.79
702.01,14.63
702.02,14.55
702.04,14.42
702.06,14.31
702.07,14.26
702.09,14.16
702.11,14.08
702.12,14.05
702.14,13.98
702.16,13.92
702.17,13.9
702.19,13.85
702.21,13.81
702.22,13.79
702.24,13.75
702.26,13.72
702.27,13.7
702.29,13.67
702.31,13.63
702.32,13.61
702.34,13.58
702.35,13.56
702.37,13.51
702.39,13.47
702.4,13.44
702.42,13.39
702.44,13.33
702.45,13.29
702.47,13.22
702.49,13.15
702.5,13.11
702.52,13.02
702.54,12.93
702.55,12.88
702.57,12.78
702.59,12.67
702.6,12.62
702.62,12.5
702.64,12.38
702.65,12.31
702.67,12.18
702.69,12.05
702.7,11.98
702.72,11.84
702.73,11.76
702.75,11.62
702.77,11.47
702.78,11.39
702.8,11.24
702.82,11.09
702.83,11.02
702.85,10.87
702.87,10.72
702.88,10.65
702.9,10.51
702.92,10.37
702.93,10.3
702.95,10.17
702.97,10.04
702.98,9.984
703.0,9.868
703.02,9.759
703.03,9.708
703.05,9.612
703.06,9.567
703.08,9.484
703.1,9.41
703.11,9.377
703.13,9.318
703.15,9.269
703.16,9.249
703.18,9.216
703.2,9.193
703.21,9.185
703.23,9.178
703.25,9.181
703.26,9.186
703.28,9.204
703.3,9.232
703.31,9.249
703.33,9.291
703.35,9.34
703.36,9.369
703.38,9.43
703.4,9.5
703.41,9.537
703.43,9.616
703.44,9.657
703.46,9.745
703.48,9.837
703.49,9.885
703.51,9.983
703.53,10.08
703.54,10.14
703.56,10.24
703.58,10.35
703.59,10.4
703.61,10.51
703.63,10.61
703.64,10.67
703.66,10.77
703.68,10.88
703.69,10.93
703.71,11.03
703.73,11.13
703.74,11.17
703.76,11.27
703.78,11.36
703.79,11.4
703.81,11.49
703.82,11.53
703.84,11.6
703.86,11.68
703.87,11.71
703.89,11.78
703.91,11.84
703.92,11.87
703.94,11.93
703.96,11.98
703.97,12.0
703.99,12.05
704.01,12.09
704.02,12.11
704.04,12.14
704.06,12.17
704.07,12.18
704.09,12.21
704.11,12.23
704.12,12.24
704.14,12.25
704.16,12.26
704.17,12.27
704.19,12.28
704.2,12.28
704.22,12.28
704.24,12.28
704.25,12.28
704.27,12.27
704.29,12.27
704.3,12.26
704.32,12.25
704.34,12.23
704.35,12.23
704.37,12.21
704.39,12.18
704.4,12.17
704.42,12.15
704.44,12.12
704.45,12.1
704.47,12.07
704.49,12.03
704.5,12.01
704.52,11.97
704.53,11.95
704.55,11.9
704.57,11.86
704.58,11.83
704.6,11.78
704.62,11.72
704.63,11.69
704.65,11.63
704.67,11.57
704.68,11.53
704.7,11.47
704.72,11.4
704.73,11.36
704.75,11.29
704.77,11.21
704.78,11.17
704.8,11.09
704.82,11.01
704.83,10.97
704.85,10.89
704.87,10.8
704.88,10.76
704.9,10.68
704.91,10.63
704.93,10.55
704.95,10.46
704.96,10.42
704.98,10.33
705.0,10.25
705.01,10.21
705.03,10.12
705.05,10.04
705.06,10.0
705.08,9.924
705.1,9.846
705.11,9.808
705.13,9.734
705.15,9.662
705.16,9.627
705.18,9.558
705.2,9.492
705.21,9.46
705.23,9.397
705.25,9.337
705.26,9.308
705.28,9.251
705.29,9.223
705.31,9.169
705.33,9.117
705.34,9.091
705.36,9.042
705.38,8.994
705.39,8.97
705.41,8.923
705.43,8.877
705.44,8.854
705.46,8.809
705.48,8.764
705.49,8.741
705.51,8.695
705.53,8.648
705.54,8.625
705.56,8.576
705.58,8.527
705.59,8.501
705.61,8.449
705.63,8.395
705.64,8.367
705.66,8.31
705.67,8.28
705.69,8.219
705.71,8.155
705.72,8.123
705.74,8.055
705.76,7.985
705.77,7.949
705.79,7.875
705.81,7.798
705.82,7.759
705.84,7.678
705.86,7.596
705.87,7.554
705.89,7.469
705.91,7.382
705.92,7.338
705.94,7.249
705.96,7.159
705.97,7.114
705.99,7.023
706.0,6.978
706.02,6.887
706.04,6.797
706.05,6.752
706.07,6.664
706.09,6.576
706.1,6.533
706.12,6.449
706.14,6.367
706.15,6.327
706.17,6.249
706.19,6.174
706.2,6.138
706.22,6.068
706.24,6.003
706.25,5.972
706.27,5.912
706.29,5.858
706.3,5.832
706.32,5.784
706.34,5.741
706.35,5.721
706.37,5.685
706.38,5.669
706.4,5.64
706.42,5.616
706.43,5.606
706.45,5.589
706.47,5.577
706.48,5.572
706.5,5.566
706.52,5.564
706.53,5.565
706.55,5.568
706.57,5.575
706.58,5.58
706.6,5.592
706.62,5.606
706.63,5.614
706.65,5.631
706.67,5.651
706.68,5.661
706.7,5.682
706.72,5.705
706.73,5.716
706.75,5.74
706.76,5.752
706.78,5.776
706.8,5.8
706.81,5.812
706.83,5.836
706.85,5.86
706.86,5.872
706.88,5.896
706.9,5.92
706.91,5.932
706.93,5.956
706.95,5.981
706.96,5.994
706.98,6.021
707.0,6.05
707.01,6.066
707.03,6.099
707.05,6.137
707.06,6.157
707.08,6.202
707.1,6.254
707.11,6.283
707.13,6.347
707.14,6.383
707.16,6.463
707.18,6.556
707.19,6.608
707.21,6.723
707.23,6.857
707.24,6.931
707.26,7.095
707.28,7.282
707.29,7.385
707.31,7.613
707.33,7.871
707.34,8.012
707.36,8.32
707.38,8.666
707.39,8.854
707.41,9.261
707.43,9.715
707.44,9.959
707.46,10.49
707.47,10.77
707.49,11.38
707.51,12.05
707.52,12.4
707.54,13.16
707.56,13.99
707.57,14.43
707.59,15.37
707.61,16.37
707.62,16.91
707.64,18.03
707.66,19.24
707.67,19.87
707.69,21.21
707.71,22.62
707.72,23.37
707.74,24.92
707.76,26.56
707.77,27.41
707.79,29.19
707.81,31.05
707.82,32.02
707.84,34.02
707.85,35.06
707.87,37.19
707.89,39.41
707.9,40.55
707.92,42.89
707.94,45.31
707.95,46.55
707.97,49.08
707.99,51.68
708.0,53.0
708.02,55.68
708.04,58.42
708.05,59.81
708.07,62.61
708.09,65.45
708.1,66.88
708.12,69.75
708.14,72.63
708.15,74.08
708.17,76.96
708.19,79.83
708.2,81.26
708.22,84.09
708.23,85.5
708.25,88.27
708.27,90.98
708.28,92.32
708.3,94.93
708.32,97.46
708.33,98.69
708.35,101.1
708.37,103.4
708.38,104.4
708.4,106.5
708.42,108.5
708.43,109.4
708.45,111.2
708.47,112.8
708.48,113.5
708.5,114.9
708.52,116.0
708.53,116.5
708.55,117.5
708.56,117.8
708.58,118.5
708.6,118.9
708.61,119.0
708.63,119.2
708.65,119.2
708.66,119.1
708.68,118.7
708.7,118.2
708.71,117.9
708.73,117.1
708.75,116.1
708.76,115.5
708.78,114.3
708.8,112.9
708.81,112.1
708.83,110.4
708.85,108.6
708.86,107.7
708.88,105.7
708.9,103.5
708.91,102.4
708.93,100.1
708.94,98.87
708.96,96.4
708.98,93.84
708.99,92.53
709.01,89.86
709.03,87.12
709.04,85.74
709.06,82.93
709.08,80.09
709.09,78.66
709.11,75.78
709.13,72.9
709.14,71.45
709.16,68.57
709.18,65.7
709.19,64.27
709.21,61.44
709.23,58.64
709.24,57.25
709.26,54.52
709.28,51.83
709.29,50.51
709.31,47.91
709.32,46.63
709.34,44.13
709.36,41.7
709.37,40.51
709.39,38.19
709.41,35.95
709.42,34.86
709.44,32.74
709.46,30.7
709.47,29.72
709.49,27.81
709.51,25.98
709.52,25.1
709.54,23.4
709.56,21.79
709.57,21.01
709.59,19.52
709.61,18.11
709.62,17.43
709.64,16.14
709.66,14.92
709.67,14.34
709.69,13.23
709.7,12.71
709.72,11.7
709.74,10.77
709.75,10.32
709.77,9.479
709.79,8.696
709.8,8.326
709.82,7.627
709.84,6.981
709.85,6.677
709.87,6.105
709.89,5.579
709.9,5.332
709.92,4.87
709.94,4.447
709.95,4.25
709.97,3.881
709.99,3.547
710.0,3.391
710.02,3.103
710.03,2.969
710.05,2.722
710.07,2.5
710.08,2.398
710.1,2.21
710.12,2.044
710.13,1.968
710.15,1.829
710.17,1.708
710.18,1.653
710.2,1.554
710.22,1.47
710.23,1.432
710.25,1.366
710.27,1.31
710.28,1.286
710.3,1.245
710.32,1.213
710.33,1.2
710.35,1.179
710.37,1.165
710.38,1.16
710.4,1.154
710.41,1.153
710.43,1.155
710.45,1.16
710.46,1.164
710.48,1.175
710.5,1.189
710.51,1.197
710.53,1.214
710.55,1.232
710.56,1.242
710.58,1.263
710.6,1.284
710.61,1.295
710.63,1.317
710.65,1.339
710.66,1.35
710.68,1.372
710.7,1.393
710.71,1.403
710.73,1.423
710.75,1.441
710.76,1.45
710.78,1.466
710.79,1.474
710.81,1.488
710.83,1.5
710.84,1.505
710.86,1.514
710.88,1.521
710.89,1.524
710.91,1.528
710.93,1.529
710.94,1.529
710.96,1.527
710.98,1.523
710.99,1.52
711.01,1.513
711.03,1.503
711.04,1.497
711.06,1.484
711.08,1.468
711.09,1.46
711.11,1.441
711.13,1.421
711.14,1.41
711.16,1.387
711.17,1.375
711.19,1.349
711.21,1.321
711.22,1.307
711.24,1.278
711.26,1.247
711.27,1.231
711.29,1.199
711.31,1.166
711.32,1.149
711.34,1.115
711.36,1.08
711.37,1.063
711.39,1.027
711.41,0.992
711.42,0.9743
711.44,0.9389
711.46,0.9037
711.47,0.8862
711.49,0.8515
711.5,0.8343
711.52,0.8004
711.54,0.7671
711.55,0.7508
711.57,0.7187
711.59,0.6876
711.6,0.6724
711.62,0.6429
711.64,0.6146
711.65,0.6009
711.67,0.5744
711.69,0.5494
711.7,0.5375
711.72,0.5147
711.74,0.4935
711.75,0.4835
711.77,0.4647
711.79,0.4477
711.8,0.4399
711.82,0.4257
711.84,0.4133
711.85,0.4078
711.87,0.3984
711.88,0.3945
711.9,0.3881
711.92,0.3839
711.93,0.3826
711.95,0.3817
711.97,0.3831
711.98,0.3847
712.0,0.3896
712.02,0.397
712.03,0.4016
712.05,0.4128
712.07,0.4267
712.08,0.4346
712.1,0.4525
712.12,0.4732
712.13,0.4847
712.15,0.5098
712.17,0.538
712.18,0.5532
712.2,0.586
712.22,0.6221
712.23,0.6414
712.25,0.6824
712.26,0.7042
712.28,0.7504
712.3,0.8001
712.31,0.8263
712.33,0.8815
712.35,0.9402
712.36,0.971
712.38,1.035
712.4,1.103
712.41,1.139
712.43,1.213
712.45,1.29
712.46,1.33
712.48,1.413
712.5,1.5
712.51,1.545
712.53,1.637
712.55,1.732
712.56,1.781
712.58,1.882
712.6,1.985
712.61,2.038
712.63,2.146
712.64,2.201
712.66,2.313
712.68,2.427
712.69,2.485
712.71,2.603
712.73,2.721
712.74,2.781
712.76,2.902
712.78,3.023
712.79,3.084
712.81,3.206
712.83,3.328
712.84,3.389
712.86,3.51
712.88,3.63
712.89,3.689
712.91,3.806
712.93,3.921
712.94,3.978
712.96,4.089
712.97,4.143
712.99,4.249
713.01,4.35
713.02,4.4
713.04,4.495
713.06,4.585
713.07,4.628
713.09,4.71
713.11,4.787
713.12,4.823
713.14,4.89
713.16,4.95
713.17,4.978
713.19,5.028
713.21,5.071
713.22,5.089
713.24,5.121
713.26,5.146
713.27,5.155
713.29,5.168
713.31,5.173
713.32,5.173
713.34,5.167
713.35,5.161
713.37,5.144
713.39,5.119
713.4,5.104
713.42,5.068
713.44,5.026
713.45,5.002
713.47,4.949
713.49,4.891
713.5,4.859
713.52,4.791
713.54,4.718
713.55,4.68
713.57,4.599
713.59,4.513
713.6,4.469
713.62,4.377
713.64,4.282
713.65,4.233
713.67,4.133
713.69,4.03
713.7,3.978
713.72,3.872
713.73,3.819
713.75,3.71
713.77,3.601
713.78,3.546
713.8,3.435
713.82,3.325
713.83,3.269
713.85,3.159
713.87,3.049
713.88,2.994
713.9,2.886
713.92,2.778
713.93,2.725
713.95,2.62
713.97,2.517
713.98,2.466
714.0,2.365
714.02,2.267
714.03,2.219
714.05,2.124
714.07,2.032
714.08,1.987
714.1,1.898
714.11,1.855
714.13,1.77
714.15,1.689
714.16,1.649
714.18,1.571
714.2,1.496
714.21,1.46
714.23,1.389
714.25,1.321
714.26,1.288
714.28,1.223
714.3,1.162
714.31,1.132
714.33,1.074
714.35,1.019
714.36,0.9919
714.38,0.9401
714.4,0.8906
714.41,0.8667
714.43,0.8206
714.44,0.7984
714.46,0.7555
714.48,0.7147
714.49,0.695
714.51,0.6572
714.53,0.6213
714.54,0.6041
714.56,0.5711
714.58,0.5398
714.59,0.5249
714.61,0.4963
714.63,0.4695
714.64,0.4567
714.66,0.4324
714.68,0.4097
714.69,0.399
714.71,0.3788
714.73,0.3603
714.74,0.3516
714.76,0.3354
714.78,0.3209
714.79,0.3143
714.81,0.3023
714.82,0.2969
714.84,0.2873
714.86,0.2795
714.87,0.2762
714.89,0.271
714.91,0.2676
714.92,0.2666
714.94,0.2659
714.96,0.2672
714.97,0.2686
714.99,0.2729
715.01,0.2793
715.02,0.2834
715.04,0.293
715.06,0.305
715.07,0.3119
715.09,0.3275
715.11,0.3456
715.12,0.3556
715.14,0.3776
715.16,0.4025
715.17,0.4159
715.19,0.4451
715.2,0.4608
715.22,0.4944
715.24,0.5313
715.25,0.5509
715.27,0.5927
715.29,0.6379
715.3,0.6618
715.32,0.7122
715.34,0.7663
715.35,0.7947
715.37,0.8543
715.39,0.9177
715.4,0.9508
715.42,1.02
715.44,1.093
715.45,1.131
715.47,1.209
715.49,1.292
715.5,1.335
715.52,1.423
715.54,1.515
715.55,1.563
715.57,1.66
715.58,1.71
715.6,1.813
715.62,1.919
715.63,1.973
715.65,2.083
715.67,2.197
715.68,2.254
715.7,2.371
715.72,2.491
715.73,2.551
715.75,2.673
715.77,2.796
715.78,2.858
715.8,2.983
715.82,3.108
715.83,3.171
715.85,3.296
715.87,3.42
715.88,3.482
715.9,3.605
715.91,3.666
715.93,3.787
715.95,3.904
715.96,3.962
715.98,4.076
716.0,4.186
716.01,4.24
716.03,4.344
716.05,4.443
716.06,4.491
716.08,4.582
716.1,4.668
716.11,4.709
716.13,4.786
716.15,4.856
716.16,4.888
716.18,4.948
716.2,5.0
716.21,5.023
716.23,5.064
716.25,5.097
716.26,5.11
716.28,5.131
716.29,5.138
716.31,5.147
716.33,5.147
716.34,5.144
716.36,5.131
716.38,5.111
716.39,5.097
716.41,5.065
716.43,5.024
716.44,5.001
716.46,4.949
716.48,4.889
716.49,4.857
716.51,4.787
716.53,4.71
716.54,4.67
716.56,4.584
716.58,4.493
716.59,4.445
716.61,4.346
716.63,4.242
716.64,4.189
716.66,4.079
716.67,4.023
716.69,3.908
716.71,3.79
716.72,3.73
716.74,3.61
716.76,3.487
716.77,3.425
716.79,3.301
716.81,3.177
716.82,3.114
716.84,2.99
716.86,2.866
716.87,2.804
716.89,2.682
716.91,2.561
716.92,2.501
716.94,2.383
716.96,2.267
716.97,2.211
716.99,2.099
717.01,1.99
717.02,1.937
717.04,1.834
717.05,1.783
717.07,1.685
717.09,1.591
717.1,1.546
717.12,1.458
717.14,1.374
717.15,1.334
717.17,1.257
717.19,1.185
717.2,1.151
717.22,1.086
717.24,1.026
717.25,0.9978
717.27,0.9454
717.29,0.8983
717.3,0.8767
717.32,0.8376
717.34,0.804
717.35,0.7893
717.37,0.7643
717.38,0.7539
717.4,0.7378
717.42,0.7277
717.43,0.725
717.45,0.7246
717.47,0.7307
717.48,0.7364
717.5,0.7529
717.52,0.7768
717.53,0.7916
717.55,0.827
717.57,0.8705
717.58,0.8954
717.6,0.9518
717.62,1.017
717.63,1.053
717.65,1.133
717.67,1.223
717.68,1.272
717.7,1.378
717.72,1.496
717.73,1.559
717.75,1.695
717.76,1.768
717.78,1.923
717.8,2.091
717.81,2.181
717.83,2.371
717.85,2.576
717.86,2.685
717.88,2.913
717.9,3.159
717.91,3.287
717.93,3.558
717.95,3.846
717.96,3.996
717.98,4.311
718.0,4.645
718.01,4.818
718.03,5.18
718.05,5.56
718.06,5.758
718.08,6.167
718.1,6.595
718.11,6.816
718.13,7.273
718.14,7.508
718.16,7.993
718.18,8.495
718.19,8.753
718.21,9.281
718.23,9.826
718.24,10.1
718.26,10.67
718.28,11.25
718.29,11.55
718.31,12.15
718.33,12.76
718.34,13.07
718.36,13.7
718.38,14.33
718.39,14.65
718.41,15.29
718.43,15.93
718.44,16.25
718.46,16.89
718.47,17.21
718.49,17.85
718.51,18.48
718.52,18.8
718.54,19.42
718.56,20.03
718.57,20.32
718.59,20.91
718.61,21.48
718.62,21.76
718.64,22.3
718.66,22.81
718.67,23.06
718.69,23.54
718.71,23.99
718.72,24.2
718.74,24.61
718.76,24.98
718.77,25.15
718.79,25.47
718.81,25.75
718.82,25.88
718.84,26.11
718.85,26.2
718.87,26.37
718.89,26.49
718.9,26.54
718.92,26.6
718.94,26.62
718.95,26.62
718.97,26.57
718.99,26.49
719.0,26.43
719.02,26.29
719.04,26.1
719.05,26.0
719.07,25.75
719.09,25.47
719.1,25.32
719.12,24.98
719.14,24.61
719.15,24.42
719.17,24.0
719.19,23.56
719.2,23.32
719.22,22.84
719.23,22.59
719.25,22.07
719.27,21.52
719.28,21.25
719.3,20.68
719.32,20.09
719.33,19.8
719.35,19.19
719.37,18.58
719.38,18.27
719.4,17.65
719.42,17.03
719.43,16.71
719.45,16.09
719.47,15.46
719.48,15.15
719.5,14.53
719.52,13.92
719.53,13.61
719.55,13.01
719.57,12.42
719.58,12.13
719.6,11.56
719.61,11.28
719.63,10.73
719.65,10.19
719.66,9.933
719.68,9.424
719.7,8.932
719.71,8.694
719.73,8.23
719.75,7.787
719.76,7.573
719.78,7.16
719.8,6.768
719.81,6.58
719.83,6.22
719.85,5.88
719.86,5.719
719.88,5.412
719.9,5.126
719.91,4.991
719.93,4.737
719.94,4.618
719.96,4.396
719.98,4.194
719.99,4.101
720.01,3.93
720.03,3.778
720.04,3.71
720.06,3.588
720.08,3.484
720.09,3.44
720.11,3.364
720.13,3.306
720.14,3.284
720.16,3.251
720.18,3.236
720.19,3.234
720.21,3.242
720.23,3.266
720.24,3.283
720.26,3.328
720.28,3.388
720.29,3.422
720.31,3.501
720.32,3.545
720.34,3.642
720.36,3.751
720.37,3.809
720.39,3.934
720.41,4.068
720.42,4.139
720.44,4.287
720.46,4.442
720.47,4.523
720.49,4.69
720.51,4.863
720.52,4.952
720.54,5.133
720.56,5.318
720.57,5.413
720.59,5.603
720.61,5.797
720.62,5.894
720.64,6.089
720.66,6.285
720.67,6.383
720.69,6.579
720.7,6.676
720.72,6.868
720.74,7.058
720.75,7.152
720.77,7.336
720.79,7.516
720.8,7.604
720.82,7.776
720.84,7.941
720.85,8.021
720.87,8.176
720.89,8.323
720.9,8.393
720.92,8.526
720.94,8.651
720.95,8.709
720.97,8.819
720.99,8.918
721.0,8.964
721.02,9.046
721.04,9.118
721.05,9.15
721.07,9.205
721.08,9.228
721.1,9.265
721.12,9.291
721.13,9.299
721.15,9.308
721.17,9.305
721.18,9.299
721.2,9.279
721.22,9.247
721.23,9.228
721.25,9.181
721.27,9.123
721.28,9.091
721.3,9.018
721.32,8.937
721.33,8.893
721.35,8.798
721.37,8.695
721.38,8.641
721.4,8.527
721.41,8.468
721.43,8.344
721.45,8.214
721.46,8.147
721.48,8.009
721.5,7.867
721.51,7.794
721.53,7.646
721.55,7.494
721.56,7.418
721.58,7.262
721.6,7.105
721.61,7.026
721.63,6.867
721.65,6.707
721.66,6.626
721.68,6.466
721.7,6.306
721.71,6.226
721.73,6.067
721.75,5.908
721.76,5.83
721.78,5.674
721.79,5.596
721.81,5.443
721.83,5.291
721.84,5.216
721.86,5.068
721.88,4.922
721.89,4.85
721.91,4.708
721.93,4.569
721.94,4.5
721.96,4.365
721.98,4.232
721.99,4.167
722.01,4.038
722.03,3.912
722.04,3.851
722.06,3.729
722.08,3.61
722.09,3.552
722.11,3.437
722.13,3.324
722.14,3.269
722.16,3.161
722.17,3.107
722.19,3.003
722.21,2.9
722.22,2.85
722.24,2.751
722.26,2.655
722.27,2.607
722.29,2.514
722.31,2.423
722.32,2.379
722.34,2.291
722.36,2.206
722.37,2.164
722.39,2.081
722.41,2.001
722.42,1.962
722.44,1.884
722.46,1.809
722.47,1.772
722.49,1.7
722.51,1.63
722.52,1.596
722.54,1.529
722.55,1.496
722.57,1.432
722.59,1.37
722.6,1.34
722.62,1.281
722.64,1.224
722.65,1.196
722.67,1.143
722.69,1.091
722.7,1.066
722.72,1.017
722.74,0.9702
722.75,0.9476
722.77,0.9039
722.79,0.8623
722.8,0.8422
722.82,0.8037
722.84,0.7671
722.85,0.7496
722.87,0.716
722.88,0.7
722.9,0.6694
722.92,0.6409
722.93,0.6273
722.95,0.6017
722.97,0.5781
722.98,0.567
723.0,0.5463
723.02,0.5275
723.03,0.5189
723.05,0.503
723.07,0.4891
723.08,0.4828
723.1,0.4718
723.12,0.4626
723.13,0.4588
723.15,0.4525
723.17,0.4481
723.18,0.4467
723.2,0.4452
723.22,0.4457
723.23,0.4466
723.25,0.45
723.26,0.4525
723.28,0.4588
723.3,0.4671
723.31,0.4721
723.33,0.4834
723.35,0.4969
723.36,0.5043
723.38,0.5209
723.4,0.5395
723.41,0.5496
723.43,0.5715
723.45,0.5956
723.46,0.6084
723.48,0.6359
723.5,0.6655
723.51,0.6812
723.53,0.7143
723.55,0.7498
723.56,0.7684
723.58,0.8075
723.6,0.8489
723.61,0.8705
723.63,0.9156
723.64,0.9391
723.66,0.9879
723.68,1.039
723.69,1.066
723.71,1.121
723.73,1.178
723.74,1.208
723.76,1.269
723.78,1.333
723.79,1.366
723.81,1.433
723.83,1.503
723.84,1.539
723.86,1.612
723.88,1.688
723.89,1.727
723.91,1.806
723.93,1.887
723.94,1.928
723.96,2.013
723.98,2.099
723.99,2.143
724.01,2.232
724.02,2.277
724.04,2.369
724.06,2.462
724.07,2.509
724.09,2.604
724.11,2.701
724.12,2.75
724.14,2.848
724.16,2.947
724.17,2.997
724.19,3.097
724.21,3.197
724.22,3.248
724.24,3.349
724.26,3.45
724.27,3.5
724.29,3.601
724.31,3.702
724.32,3.752
724.34,3.852
724.35,3.901
724.37,4.0
724.39,4.097
724.4,4.146
724.42,4.241
724.44,4.336
724.45,4.382
724.47,4.474
724.49,4.565
724.5,4.609
724.52,4.697
724.54,4.782
724.55,4.824
724.57,4.906
724.59,4.986
724.6,5.025
724.62,5.101
724.64,5.175
724.65,5.21
724.67,5.28
724.69,5.347
724.7,5.38
724.72,5.443
724.73,5.474
724.75,5.533
724.77,5.589
724.78,5.617
724.8,5.669
724.82,5.719
724.83,5.743
724.85,5.789
724.87,5.833
724.88,5.854
724.9,5.895
724.92,5.933
724.93,5.952
724.95,5.987
724.97,6.021
724.98,6.038
725.0,6.07
725.02,6.101
725.03,6.117
725.05,6.147
725.07,6.177
725.08,6.192
725.1,6.223
725.11,6.239
725.13,6.271
725.15,6.305
725.16,6.323
725.18,6.36
725.2,6.4
725.21,6.422
725.23,6.468
725.25,6.519
725.26,6.546
725.28,6.606
725.3,6.672
725.31,6.707
725.33,6.785
725.35,6.871
725.36,6.918
725.38,7.02
725.4,7.133
725.41,7.194
725.43,7.326
725.45,7.472
725.46,7.55
725.48,7.719
725.49,7.81
725.51,8.004
725.53,8.217
725.54,8.331
725.56,8.573
725.58,8.837
725.59,8.977
725.61,9.275
725.63,9.596
725.64,9.766
725.66,10.12
725.68,10.51
725.69,10.71
725.71,11.14
725.73,11.59
725.74,11.82
725.76,12.32
725.78,12.84
725.79,13.12
725.81,13.68
725.82,13.98
725.84,14.59
725.86,15.23
725.87,15.56
725.89,16.24
725.91,16.95
725.92,17.31
725.94,18.06
725.96,18.84
725.97,19.23
725.99,20.04
726.01,20.87
726.02,21.3
726.04,22.16
726.06,23.04
726.07,23.48
726.09,24.38
726.11,25.29
726.12,25.75
726.14,26.67
726.16,27.6
726.17,28.06
726.19,28.99
726.2,29.45
726.22,30.38
726.24,31.29
726.25,31.75
726.27,32.65
726.29,33.53
726.3,33.97
726.32,34.83
726.34,35.66
726.35,36.07
726.37,36.87
726.39,37.63
726.4,38.0
726.42,38.72
726.44,39.4
726.45,39.72
726.47,40.34
726.49,40.92
726.5,41.19
726.52,41.7
726.54,42.16
726.55,42.37
726.57,42.76
726.58,42.93
726.6,43.24
726.62,43.5
726.63,43.61
726.65,43.79
726.67,43.92
726.68,43.96
726.7,44.01
726.72,44.0
726.73,43.98
726.75,43.9
726.77,43.77
726.78,43.68
726.8,43.48
726.82,43.22
726.83,43.08
726.85,42.75
726.87,42.39
726.88,42.19
726.9,41.76
726.92,41.3
726.93,41.05
726.95,40.53
726.96,40.26
726.98,39.69
727.0,39.1
727.01,38.79
727.03,38.15
727.05,37.49
727.06,37.15
727.08,36.46
727.1,35.75
727.11,35.39
727.13,34.66
727.15,33.91
727.16,33.54
727.18,32.78
727.2,32.01
727.21,31.62
727.23,30.84
727.25,30.06
727.26,29.67
727.28,28.89
727.29,28.5
727.31,27.72
727.33,26.94
727.34,26.55
727.36,25.78
727.38,25.01
727.39,24.63
727.41,23.88
727.43,23.13
727.44,22.75
727.46,22.02
727.48,21.29
727.49,20.93
727.51,20.22
727.53,19.52
727.54,19.17
727.56,18.49
727.58,17.82
727.59,17.49
727.61,16.84
727.63,16.2
727.64,15.89
727.66,15.27
727.67,14.97
727.69,14.37
727.71,13.79
727.72,13.5
727.74,12.94
727.76,12.4
727.77,12.13
727.79,11.61
727.81,11.1
727.82,10.86
727.84,10.37
727.86,9.907
727.87,9.681
727.89,9.239
727.91,8.815
727.92,8.608
727.94,8.209
727.96,7.826
727.97,7.641
727.99,7.284
728.01,6.944
728.02,6.781
728.04,6.467
728.05,6.317
728.07,6.029
728.09,5.758
728.1,5.629
728.12,5.385
728.14,5.158
728.15,5.05
728.17,4.849
728.19,4.664
728.2,4.578
728.22,4.419
728.24,4.276
728.25,4.211
728.27,4.092
728.29,3.99
728.3,3.945
728.32,3.866
728.34,3.802
728.35,3.776
728.37,3.734
728.38,3.719
728.4,3.698
728.42,3.691
728.43,3.693
728.45,3.705
728.47,3.73
728.48,3.746
728.5,3.789
728.52,3.842
728.53,3.872
728.55,3.94
728.57,4.017
728.58,4.059
728.6,4.149
728.62,4.247
728.63,4.299
728.65,4.406
728.67,4.52
728.68,4.578
728.7,4.699
728.72,4.824
728.73,4.888
728.75,5.017
728.76,5.082
728.78,5.214
728.8,5.347
728.81,5.413
728.83,5.546
728.85,5.677
728.86,5.742
728.88,5.871
728.9,5.996
728.91,6.058
728.93,6.178
728.95,6.294
728.96,6.35
728.98,6.457
729.0,6.559
729.01,6.607
729.03,6.698
729.05,6.783
729.06,6.822
729.08,6.894
729.1,6.957
729.11,6.986
729.13,7.037
729.14,7.058
729.16,7.095
729.18,7.122
729.19,7.132
729.21,7.144
729.23,7.147
729.24,7.145
729.26,7.132
729.28,7.11
729.29,7.096
729.31,7.059
729.33,7.013
729.34,6.987
729.36,6.927
729.38,6.858
729.39,6.82
729.41,6.739
729.43,6.649
729.44,6.601
729.46,6.5
729.48,6.391
729.49,6.335
729.51,6.216
729.52,6.155
729.54,6.028
729.56,5.895
729.57,5.827
729.59,5.688
729.61,5.545
729.62,5.472
729.64,5.324
729.66,5.173
729.67,5.097
729.69,4.943
729.71,4.788
729.72,4.71
729.74,4.553
729.76,4.396
729.77,4.318
729.79,4.162
729.81,4.006
729.82,3.929
729.84,3.775
729.85,3.699
729.87,3.549
729.89,3.4
729.9,3.327
729.92,3.182
729.94,3.041
729.95,2.971
729.97,2.834
729.99,2.701
730.0,2.635
730.02,2.508
730.04,2.384
730.05,2.323
730.07,2.205
730.09,2.091
730.1,2.035
730.12,1.927
730.14,1.823
730.15,1.773
730.17,1.675
730.19,1.582
730.2,1.536
730.22,1.449
730.23,1.406
730.25,1.325
730.27,1.247
730.28,1.21
730.3,1.137
730.32,1.069
730.33,1.036
730.35,0.9725
730.37,0.9125
730.38,0.8838
730.4,0.8286
730.42,0.7766
730.43,0.7517
730.45,0.704
730.47,0.6591
730.48,0.6376
730.5,0.5967
730.52,0.5582
730.53,0.5399
730.55,0.505
730.57,0.4723
730.58,0.4567
730.6,0.4271
730.61,0.4131
730.63,0.3865
730.65,0.3617
730.66,0.35
730.68,0.3278
730.7,0.3072
730.71,0.2976
730.73,0.2794
730.75,0.2626
730.76,0.2548
730.78,0.2402
730.8,0.2269
730.81,0.2208
730.83,0.2095
730.85,0.1994
730.86,0.1948
730.88,0.1866
730.9,0.1795
730.91,0.1764
730.93,0.171
730.95,0.1669
730.96,0.1652
730.98,0.1627
730.99,0.1619
731.01,0.1612
731.03,0.1616
731.04,0.1622
731.06,0.1643
731.08,0.1677
731.09,0.1698
731.11,0.175
731.13,0.1814
731.14,0.1851
731.16,0.1934
731.18,0.2031
731.19,0.2085
731.21,0.2202
731.23,0.2335
731.24,0.2406
731.26,0.2561
731.28,0.2731
731.29,0.2822
731.31,0.3017
731.32,0.3121
731.34,0.3341
731.36,0.3579
731.37,0.3706
731.39,0.3972
731.41,0.4258
731.42,0.4408
731.44,0.4725
731.46,0.5062
731.47,0.5239
731.49,0.561
731.51,0.6004
731.52,0.621
731.54,0.6639
731.56,0.7094
731.57,0.733
731.59,0.7823
731.61,0.8343
731.62,0.8613
731.64,0.9174
731.66,0.9763
731.67,1.007
731.69,1.07
731.7,1.103
731.72,1.171
731.74,1.242
731.75,1.279
731.77,1.355
731.79,1.434
731.8,1.475
731.82,1.559
731.84,1.647
731.85,1.692
731.87,1.785
731.89,1.882
731.9,1.932
731.92,2.034
731.94,2.14
731.95,2.194
731.97,2.306
731.99,2.421
732.0,2.481
732.02,2.602
732.04,2.727
732.05,2.791
732.07,2.921
732.08,2.988
732.1,3.125
732.12,3.265
732.13,3.337
732.15,3.483
732.17,3.633
732.18,3.709
732.2,3.864
732.22,4.023
732.23,4.103
732.25,4.267
732.27,4.435
732.28,4.519
732.3,4.691
732.32,4.866
732.33,4.955
732.35,5.134
732.37,5.316
732.38,5.408
732.4,5.594
732.42,5.782
732.43,5.877
732.45,6.068
732.46,6.164
732.48,6.357
732.5,6.553
732.51,6.651
732.53,6.848
732.55,7.046
732.56,7.145
732.58,7.345
732.6,7.545
732.61,7.645
732.63,7.845
732.65,8.046
732.66,8.146
732.68,8.347
732.7,8.547
732.71,8.648
732.73,8.847
732.75,9.046
732.76,9.146
732.78,9.344
732.79,9.443
732.81,9.639
732.83,9.835
732.84,9.933
732.86,10.13
732.88,10.32
732.89,10.42
732.91,10.61
732.93,10.8
732.94,10.89
732.96,11.08
732.98,11.27
732.99,11.36
733.01,11.54
733.03,11.73
733.04,11.82
733.06,12.0
733.08,12.17
733.09,12.26
733.11,12.44
733.13,12.61
733.14,12.7
733.16,12.87
733.17,12.95
733.19,13.12
733.21,13.29
733.22,13.37
733.24,13.53
733.26,13.69
733.27,13.76
733.29,13.91
733.31,14.06
733.32,14.14
733.34,14.28
733.36,14.42
733.37,14.48
733.39,14.61
733.41,14.74
733.42,14.8
733.44,14.91
733.46,15.02
733.47,15.08
733.49,15.18
733.51,15.27
733.52,15.31
733.54,15.39
733.55,15.43
733.57,15.5
733.59,15.56
733.6,15.58
733.62,15.63
733.64,15.67
733.65,15.68
733.67,15.71
733.69,15.72
733.7,15.72
733.72,15.72
733.74,15.71
733.75,15.7
733.77,15.68
733.79,15.65
733.8,15.63
733.82,15.58
733.84,15.52
733.85,15.49
733.87,15.42
733.89,15.34
733.9,15.3
733.92,15.21
733.93,15.16
733.95,15.06
733.97,14.95
733.98,14.9
734.0,14.78
734.02,14.66
734.03,14.6
734.05,14.47
734.07,14.34
734.08,14.27
734.1,14.13
734.12,13.99
734.13,13.92
734.15,13.77
734.17,13.63
734.18,13.55
734.2,13.4
734.22,13.26
734.23,13.18
734.25,13.03
734.26,12.96
734.28,12.81
734.3,12.67
734.31,12.6
734.33,12.45
734.35,12.31
734.36,12.24
734.38,12.1
734.4,11.96
734.41,11.9
734.43,11.76
734.45,11.64
734.46,11.57
734.48,11.45
734.5,11.33
734.51,11.27
734.53,11.15
734.55,11.04
734.56,10.99
734.58,10.88
734.6,10.79
734.61,10.74
734.63,10.65
734.64,10.61
734.66,10.53
734.68,10.46
734.69,10.42
734.71,10.37
734.73,10.32
734.74,10.3
734.76,10.27
734.78,10.25
734.79,10.25
734.81,10.25
734.83,10.27
734.84,10.29
734.86,10.34
734.88,10.42
734.89,10.46
734.91,10.58
734.93,10.72
734.94,10.8
734.96,10.99
734.98,11.21
734.99,11.33
735.01,11.62
735.02,11.77
735.04,12.12
735.06,12.52
735.07,12.74
735.09,13.22
735.11,13.76
735.12,14.05
735.14,14.69
735.16,15.39
735.17,15.77
735.19,16.58
735.21,17.48
735.22,17.96
735.24,18.98
735.26,20.09
735.27,20.68
735.29,21.94
735.31,23.3
735.32,24.02
735.34,25.54
735.36,27.17
735.37,28.02
735.39,29.82
735.4,30.77
735.42,32.75
735.44,34.85
735.45,35.95
735.47,38.24
735.49,40.65
735.5,41.91
735.52,44.52
735.54,47.25
735.55,48.67
735.57,51.6
735.59,54.65
735.6,56.22
735.62,59.46
735.64,62.81
735.65,64.53
735.67,68.05
735.69,71.69
735.7,73.54
735.72,77.32
735.73,79.25
735.75,83.16
735.77,87.16
735.78,89.18
735.8,93.27
735.82,97.42
735.83,99.52
735.85,103.7
735.87,108.0
735.88,110.1
735.9,114.3
735.92,118.6
735.93,120.7
735.95,124.9
735.97,129.1
735.98,131.2
736.0,135.3
736.02,139.3
736.03,141.2
736.05,145.1
736.07,148.9
736.08,150.7
736.1,154.2
736.11,156.0
736.13,159.3
736.15,162.4
736.16,163.9
736.18,166.8
736.2,169.5
736.21,170.7
736.23,173.0
736.25,175.2
736.26,176.1
736.28,177.9
736.3,179.3
736.31,180.0
736.33,181.1
736.35,181.9
736.36,182.2
736.38,182.6
736.4,182.8
736.41,182.8
736.43,182.5
736.45,181.9
736.46,181.6
736.48,180.6
736.49,180.0
736.51,178.7
736.53,177.1
736.54,176.2
736.56,174.2
736.58,172.0
736.59,170.8
736.61,168.2
736.63,165.5
736.64,164.0
736.66,161.0
736.68,157.7
736.69,156.0
736.71,152.5
736.73,148.9
736.74,147.0
736.76,143.2
736.78,139.3
736.79,137.3
736.81,133.2
736.83,129.0
736.84,126.9
736.86,122.7
736.87,120.6
736.89,116.3
736.91,112.0
736.92,109.9
736.94,105.6
736.96,101.3
736.97,99.18
736.99,94.96
737.01,90.78
737.02,88.72
737.04,84.63
737.06,80.61
737.07,78.64
737.09,74.75
737.11,70.95
737.12,69.09
737.14,65.44
737.16,61.9
737.17,60.17
737.19,56.8
737.2,55.16
737.22,51.97
737.24,48.9
737.25,47.41
737.27,44.53
737.29,41.78
737.3,40.45
737.32,37.88
737.34,35.44
737.35,34.27
737.37,32.01
737.39,29.88
737.4,28.86
737.42,26.91
737.44,25.07
737.45,24.2
737.47,22.53
737.49,20.97
737.5,20.23
737.52,18.83
737.54,17.52
737.55,16.9
737.57,15.74
737.58,15.19
737.6,14.16
737.62,13.2
737.63,12.76
737.65,11.92
737.67,11.15
737.68,10.79
737.7,10.13
737.72,9.521
737.73,9.239
737.75,8.716
737.77,8.245
737.78,8.027
737.8,7.624
737.82,7.264
737.83,7.098
737.85,6.794
737.87,6.523
737.88,6.4
737.9,6.174
737.92,5.974
737.93,5.883
737.95,5.718
737.96,5.643
737.98,5.507
738.0,5.388
738.01,5.334
738.03,5.235
738.05,5.149
738.06,5.109
738.08,5.037
738.1,4.973
738.11,4.943
738.13,4.888
738.15,4.838
738.16,4.814
738.18,4.768
738.2,4.725
738.21,4.704
738.23,4.662
738.25,4.621
738.26,4.601
738.28,4.559
738.29,4.538
738.31,4.495
738.33,4.451
738.34,4.428
738.36,4.381
738.38,4.332
738.39,4.307
738.41,4.255
738.43,4.201
738.44,4.173
738.46,4.116
738.48,4.056
738.49,4.025
738.51,3.963
738.53,3.898
738.54,3.865
738.56,3.797
738.58,3.728
738.59,3.693
738.61,3.622
738.63,3.549
738.64,3.512
738.66,3.438
738.67,3.401
738.69,3.325
738.71,3.249
738.72,3.211
738.74,3.134
738.76,3.057
738.77,3.019
738.79,2.942
738.81,2.865
738.82,2.827
738.84,2.751
738.86,2.675
738.87,2.637
738.89,2.562
738.91,2.488
738.92,2.451
738.94,2.379
738.96,2.307
738.97,2.271
738.99,2.201
739.01,2.131
739.02,2.097
739.04,2.03
739.05,1.996
739.07,1.931
739.09,1.866
739.1,1.834
739.12,1.772
739.14,1.711
739.15,1.681
739.17,1.622
739.19,1.564
739.2,1.536
739.22,1.48
739.24,1.426
739.25,1.399
739.27,1.347
739.29,1.297
739.3,1.272
739.32,1.223
739.34,1.176
739.35,1.153
739.37,1.108
739.39,1.065
739.4,1.043
739.42,1.002
739.43,0.9819
739.45,0.9427
739.47,0.9048
739.48,0.8864
739.5,0.8506
739.52,0.8162
739.53,0.7995
739.55,0.7671
739.57,0.7361
739.58,0.7211
739.6,0.6921
739.62,0.6643
739.63,0.651
739.65,0.6251
739.67,0.6006
739.68,0.5887
739.7,0.5659
739.72,0.5443
739.73,0.534
739.75,0.5141
739.76,0.5045
739.78,0.4862
739.8,0.469
739.81,0.4607
739.83,0.4449
739.85,0.43
739.86,0.4229
739.88,0.4093
739.9,0.3966
739.91,0.3905
739.93,0.3789
739.95,0.368
739.96,0.3628
739.98,0.3529
740.0,0.3436
740.01,0.3391
740.03,0.3306
740.05,0.3225
740.06,0.3186
740.08,0.3112
740.1,0.3042
740.11,0.3008
740.13,0.2942
740.14,0.291
740.16,0.2849
740.18,0.2789
740.19,0.276
740.21,0.2703
740.23,0.2648
740.24,0.2621
740.26,0.2567
740.28,0.2514
740.29,0.2488
740.31,0.2436
740.33,0.2384
740.34,0.2359
740.36,0.2307
740.38,0.2255
740.39,0.223
740.41,0.2178
740.43,0.2126
740.44,0.21
740.46,0.2047
740.48,0.1994
740.49,0.1967
740.51,0.1914
740.52,0.1887
740.54,0.1833
740.56,0.1779
740.57,0.1752
740.59,0.1698
740.61,0.1643
740.62,0.1616
740.64,0.1561
740.66,0.1507
740.67,0.1479
740.69,0.1425
740.71,0.1371
740.72,0.1345
740.74,0.1291
740.76,0.1239
740.77,0.1213
740.79,0.1161
740.81,0.111
740.82,0.1085
740.84,0.1036
740.86,0.09877
740.87,0.0964
740.89,0.09173
740.9,0.08945
740.92,0.08497
740.94,0.08063
740.95,0.07851
740.97,0.07438
740.99,0.07039
741.0,0.06845
741.02,0.06469
741.04,0.06108
741.05,0.05934
741.07,0.05597
741.09,0.05276
741.1,0.05121
741.12,0.04825
741.14,0.04544
741.15,0.0441
741.17,0.04153
741.19,0.03913
741.2,0.03798
741.22,0.03581
741.23,0.03479
741.25,0.03285
741.27,0.03106
741.28,0.03022
741.3,0.02866
741.32,0.02723
741.33,0.02657
741.35,0.02536
741.37,0.02428
741.38,0.02379
741.4,0.0229
741.42,0.02214
741.43,0.0218
741.45,0.02121
741.47,0.02074
741.48,0.02055
741.5,0.02024
741.52,0.02003
741.53,0.01996
741.55,0.0199
741.57,0.01993
741.58,0.01997
741.6,0.02013
741.61,0.02024
741.63,0.02051
741.65,0.02086
741.66,0.02106
741.68,0.02151
741.7,0.02203
741.71,0.02231
741.73,0.02291
741.75,0.02356
741.76,0.0239
741.78,0.02463
741.8,0.02539
741.81,0.02578
741.83,0.0266
741.85,0.02744
741.86,0.02788
741.88,0.02876
741.9,0.02966
741.91,0.03012
741.93,0.03104
741.95,0.03197
741.96,0.03244
741.98,0.03338
741.99,0.03385
742.01,0.03478
742.03,0.03571
742.04,0.03616
742.06,0.03707
742.08,0.03796
742.09,0.0384
742.11,0.03926
742.13,0.0401
742.14,0.0405
742.16,0.0413
742.18,0.04206
742.19,0.04243
742.21,0.04314
742.23,0.04381
742.24,0.04414
742.26,0.04476
742.28,0.04534
742.29,0.04562
742.31,0.04615
742.33,0.04665
742.34,0.04688
742.36,0.04732
742.37,0.04753
742.39,0.04793
742.41,0.04831
742.42,0.04849
742.44,0.04883
742.46,0.04917
742.47,0.04933
742.49,0.04966
742.51,0.05
742.52,0.05017
742.54,0.05053
742.56,0.05092
742.57,0.05113
742.59,0.0516
742.61,0.05212
742.62,0.05241
742.64,0.05305
742.66,0.05379
742.67,0.05421
742.69,0.05514
742.7,0.05565
742.72,0.05681
742.74,0.05814
742.75,0.05888
742.77,0.06052
742.79,0.06239
742.8,0.06343
742.82,0.0657
742.84,0.06828
742.85,0.0697
742.87,0.07278
742.89,0.07625
742.9,0.07813
742.92,0.08221
742.94,0.08675
742.95,0.0892
742.97,0.09449
742.99,0.1003
743.0,0.1034
743.02,0.1102
743.04,0.1175
743.05,0.1214
743.07,0.1297
743.08,0.1342
743.1,0.1436
743.12,0.1538
743.13,0.1592
743.15,0.1707
743.17,0.183
743.18,0.1894
743.2,0.2031
743.22,0.2176
743.23,0.2252
743.25,0.2412
743.27,0.2582
743.28,0.2671
743.3,0.2856
743.32,0.3052
743.33,0.3154
743.35,0.3365
743.37,0.3587
743.38,0.3702
743.4,0.394
743.42,0.4188
743.43,0.4316
743.45,0.458
743.46,0.4716
743.48,0.4995
743.5,0.5284
743.51,0.5431
743.53,0.5734
743.55,0.6045
743.56,0.6204
743.58,0.6527
743.6,0.6858
743.61,0.7026
743.63,0.7366
743.65,0.7712
743.66,0.7887
743.68,0.824
743.7,0.8596
743.71,0.8775
743.73,0.9134
743.75,0.9494
743.76,0.9674
743.78,1.003
743.8,1.039
743.81,1.057
743.83,1.092
743.84,1.11
743.86,1.144
743.88,1.178
743.89,1.194
743.91,1.227
743.93,1.259
743.94,1.274
743.96,1.304
743.98,1.332
743.99,1.346
744.01,1.373
744.03,1.398
744.04,1.409
744.06,1.432
744.08,1.452
744.09,1.462
744.11,1.479
744.13,1.495
744.14,1.502
744.16,1.515
744.17,1.52
744.19,1.529
744.21,1.536
744.22,1.539
744.24,1.543
744.26,1.544
744.27,1.544
744.29,1.542
744.31,1.537
744.32,1.534
744.34,1.526
744.36,1.516
744.37,1.511
744.39,1.497
744.41,1.482
744.42,1.474
744.44,1.455
744.46,1.435
744.47,1.424
744.49,1.402
744.51,1.377
744.52,1.364
744.54,1.338
744.55,1.324
744.57,1.295
744.59,1.265
744.6,1.25
744.62,1.218
744.64,1.186
744.65,1.169
744.67,1.136
744.69,1.102
744.7,1.085
744.72,1.05
744.74,1.015
744.75,0.9977
744.77,0.9628
744.79,0.9279
744.8,0.9106
744.82,0.8761
744.84,0.842
744.85,0.8251
744.87,0.7917
744.89,0.7591
744.9,0.743
744.92,0.7115
744.93,0.6961
744.95,0.666
744.97,0.6369
744.98,0.6228
745.0,0.5954
745.02,0.5692
745.03,0.5567
745.05,0.5325
745.07,0.5098
745.08,0.4989
745.1,0.4784
745.12,0.4595
745.13,0.4506
745.15,0.4341
745.17,0.4192
745.18,0.4124
745.2,0.4002
745.22,0.3897
745.23,0.3852
745.25,0.3774
745.27,0.3716
745.28,0.3694
745.3,0.3664
745.31,0.3657
745.33,0.3656
745.35,0.3675
745.36,0.3693
745.38,0.3742
745.4,0.3812
745.41,0.3855
745.43,0.3956
745.45,0.4077
745.46,0.4146
745.48,0.4298
745.5,0.4472
745.51,0.4567
745.53,0.4772
745.55,0.4998
745.56,0.5119
745.58,0.5376
745.6,0.5654
745.61,0.58
745.63,0.6108
745.64,0.627
745.66,0.6608
745.68,0.6965
745.69,0.7151
745.71,0.7537
745.73,0.7941
745.74,0.8149
745.76,0.8579
745.78,0.9026
745.79,0.9255
745.81,0.9724
745.83,1.021
745.84,1.045
745.86,1.096
745.88,1.147
745.89,1.173
745.91,1.226
745.93,1.28
745.94,1.307
745.96,1.362
745.98,1.417
745.99,1.444
746.01,1.5
746.02,1.527
746.04,1.583
746.06,1.638
746.07,1.666
746.09,1.72
746.11,1.774
746.12,1.8
746.14,1.853
746.16,1.904
746.17,1.929
746.19,1.979
746.21,2.026
746.22,2.049
746.24,2.094
746.26,2.137
746.27,2.158
746.29,2.197
746.31,2.234
746.32,2.252
746.34,2.285
746.36,2.316
746.37,2.33
746.39,2.356
746.4,2.368
746.42,2.389
746.44,2.408
746.45,2.416
746.47,2.429
746.49,2.44
746.5,2.444
746.52,2.449
746.54,2.451
746.55,2.451
746.57,2.448
746.59,2.442
746.6,2.438
746.62,2.427
746.64,2.413
746.65,2.405
746.67,2.387
746.69,2.365
746.7,2.353
746.72,2.328
746.74,2.3
746.75,2.285
746.77,2.253
746.78,2.236
746.8,2.201
746.82,2.164
746.83,2.145
746.85,2.105
746.87,2.063
746.88,2.042
746.9,1.998
746.92,1.953
746.93,1.93
746.95,1.883
746.97,1.836
746.98,1.812
747.0,1.763
747.02,1.715
747.03,1.69
747.05,1.641
747.07,1.591
747.08,1.567
747.1,1.517
747.11,1.493
747.13,1.444
747.15,1.395
747.16,1.371
747.18,1.323
747.2,1.276
747.21,1.253
747.23,1.206
747.25,1.161
747.26,1.139
747.28,1.095
747.3,1.052
747.31,1.031
747.33,0.9891
747.35,0.9486
747.36,0.9287
747.38,0.8899
747.4,0.8521
747.41,0.8336
747.43,0.7976
747.45,0.7626
747.46,0.7455
747.48,0.7123
747.49,0.6961
747.51,0.6645
747.53,0.634
747.54,0.6191
747.56,0.5903
747.58,0.5625
747.59,0.549
747.61,0.5227
747.63,0.4975
747.64,0.4852
747.66,0.4614
747.68,0.4386
747.69,0.4276
747.71,0.4061
747.73,0.3855
747.74,0.3756
747.76,0.3563
747.78,0.3378
747.79,0.3288
747.81,0.3115
747.83,0.295
747.84,0.287
747.86,0.2715
747.87,0.264
747.89,0.2496
747.91,0.2358
747.92,0.2292
747.94,0.2164
747.96,0.2041
747.97,0.1982
747.99,0.1869
748.01,0.1761
748.02,0.1709
748.04,0.1609
748.06,0.1515
748.07,0.1469
748.09,0.1382
748.11,0.13
748.12,0.126
748.14,0.1185
748.16,0.1114
748.17,0.108
748.19,0.1016
748.2,0.09849
748.22,0.09266
748.24,0.08725
748.25,0.08469
748.27,0.07986
748.29,0.07542
748.3,0.07335
748.32,0.06948
748.34,0.06599
748.35,0.06438
748.37,0.06144
748.39,0.05888
748.4,0.05773
748.42,0.05572
748.44,0.05408
748.45,0.0534
748.47,0.05233
748.49,0.05163
748.5,0.05143
748.52,0.05132
748.54,0.05162
748.55,0.05192
748.57,0.05283
748.58,0.05345
748.6,0.05502
748.62,0.05704
748.63,0.05823
748.65,0.06096
748.67,0.06419
748.68,0.06599
748.7,0.07001
748.72,0.07458
748.73,0.07707
748.75,0.08251
748.77,0.08857
748.78,0.09184
748.8,0.09887
748.82,0.1066
748.83,0.1107
748.85,0.1195
748.87,0.1291
748.88,0.1342
748.9,0.1449
748.92,0.1566
748.93,0.1627
748.95,0.1757
748.96,0.1825
748.98,0.1968
749.0,0.2122
749.01,0.2202
749.03,0.2371
749.05,0.255
749.06,0.2644
749.08,0.284
749.1,0.3047
749.11,0.3155
749.13,0.338
749.15,0.3617
749.16,0.374
749.18,0.3996
749.2,0.4264
749.21,0.4403
749.23,0.4691
749.25,0.4992
749.26,0.5148
749.28,0.547
749.3,0.5806
749.31,0.5979
749.33,0.6336
749.34,0.652
749.36,0.6899
749.38,0.7292
749.39,0.7495
749.41,0.7912
749.43,0.8344
749.44,0.8567
749.46,0.9024
749.48,0.9497
749.49,0.9741
749.51,1.024
749.53,1.076
749.54,1.103
749.56,1.158
749.58,1.215
749.59,1.244
749.61,1.304
749.63,1.367
749.64,1.399
749.66,1.466
749.67,1.501
749.69,1.572
749.71,1.647
749.72,1.685
749.74,1.765
749.76,1.849
749.77,1.892
749.79,1.983
749.81,2.078
749.82,2.128
749.84,2.231
749.86,2.341
749.87,2.398
749.89,2.518
749.91,2.645
749.92,2.711
749.94,2.85
749.96,2.998
749.97,3.076
749.99,3.238
750.01,3.412
750.02,3.503
750.04,3.694
750.05,3.794
750.07,4.004
750.09,4.228
750.1,4.346
750.12,4.592
750.14,4.855
750.15,4.993
750.17,5.281
750.19,5.588
750.2,5.748
750.22,6.084
750.24,6.439
750.25,6.625
750.27,7.013
750.29,7.423
750.3,7.636
750.32,8.08
750.34,8.548
750.35,8.791
750.37,9.296
750.39,9.825
750.4,10.1
750.42,10.67
750.43,10.96
750.45,11.56
750.47,12.19
750.48,12.52
750.5,13.18
750.52,13.88
750.53,14.23
750.55,14.96
750.57,15.71
750.58,16.09
750.6,16.87
750.62,17.67
750.63,18.08
750.65,18.91
750.67,19.75
750.68,20.18
750.7,21.05
750.72,21.92
750.73,22.37
750.75,23.26
750.77,24.15
750.78,24.6
750.8,25.5
750.81,25.95
750.83,26.85
750.85,27.74
750.86,28.18
750.88,29.06
750.9,29.93
750.91,30.36
750.93,31.2
750.95,32.03
750.96,32.43
750.98,33.21
751.0,33.97
751.01,34.34
751.03,35.05
751.05,35.73
751.06,36.05
751.08,36.67
751.1,37.25
751.11,37.52
751.13,38.03
751.14,38.26
751.16,38.7
751.18,39.09
751.19,39.26
751.21,39.56
751.23,39.82
751.24,39.92
751.26,40.09
751.28,40.19
751.29,40.23
751.31,40.25
751.33,40.21
751.34,40.17
751.36,40.05
751.38,39.87
751.39,39.76
751.41,39.49
751.43,39.17
751.44,38.99
751.46,38.59
751.48,38.14
751.49,37.89
751.51,37.37
751.52,37.09
751.54,36.49
751.56,35.85
751.57,35.52
751.59,34.82
751.61,34.09
751.62,33.71
751.64,32.93
751.66,32.12
751.67,31.7
751.69,30.85
751.71,29.98
751.72,29.54
751.74,28.65
751.76,27.74
751.77,27.28
751.79,26.35
751.81,25.43
751.82,24.96
751.84,24.03
751.86,23.09
751.87,22.63
751.89,21.7
751.9,21.24
751.92,20.33
751.94,19.43
751.95,18.98
751.97,18.1
751.99,17.23
752.0,16.81
752.02,15.97
752.04,15.15
752.05,14.75
752.07,13.96
752.09,13.19
752.1,12.82
752.12,12.09
752.14,11.39
752.15,11.04
752.17,10.38
752.19,9.739
752.2,9.429
752.22,8.828
752.24,8.254
752.25,7.977
752.27,7.442
752.28,7.184
752.3,6.688
752.32,6.217
752.33,5.991
752.35,5.557
752.37,5.147
752.38,4.951
752.4,4.576
752.42,4.223
752.43,4.055
752.45,3.735
752.47,3.435
752.48,3.292
752.5,3.021
752.52,2.769
752.53,2.649
752.55,2.423
752.57,2.213
752.58,2.114
752.6,1.926
752.61,1.838
752.63,1.672
752.65,1.519
752.66,1.447
752.68,1.311
752.7,1.187
752.71,1.129
752.73,1.02
752.75,0.9208
752.76,0.8744
752.78,0.7877
752.8,0.7087
752.81,0.672
752.83,0.6036
752.85,0.5415
752.86,0.5127
752.88,0.4593
752.9,0.411
752.91,0.3887
752.93,0.3473
752.95,0.3101
752.96,0.2929
752.98,0.2612
752.99,0.2466
753.01,0.2197
753.03,0.1956
753.04,0.1845
753.06,0.1641
753.08,0.146
753.09,0.1377
753.11,0.1224
753.13,0.1088
753.14,0.1026
753.16,0.09126
753.18,0.08119
753.19,0.07659
753.21,0.06819
753.23,0.06077
753.24,0.05738
753.26,0.05121
753.28,0.04576
753.29,0.04328
753.31,0.03877
753.33,0.03479
753.34,0.03298
753.36,0.0297
753.37,0.0282
753.39,0.02549
753.41,0.0231
753.42,0.02201
753.44,0.02004
753.46,0.0183
753.47,0.01751
753.49,0.01608
753.51,0.01482
753.52,0.01425
753.54,0.01322
753.56,0.0123
753.57,0.01189
753.59,0.01114
753.61,0.01048
753.62,0.01018
753.64,0.009633
753.66,0.009158
753.67,0.008943
753.69,0.008555
753.71,0.008217
753.72,0.008065
753.74,0.007793
753.75,0.007672
753.77,0.007456
753.79,0.007273
753.8,0.007193
753.82,0.007054
753.84,0.006941
753.85,0.006894
753.87,0.006816
753.89,0.00676
753.9,0.006739
753.92,0.006712
753.94,0.006702
753.95,0.006703
753.97,0.006718
753.99,0.006748
754.0,0.006768
754.02,0.006819
754.04,0.006882
754.05,0.006919
754.07,0.007
754.08,0.007045
754.1,0.007144
754.12,0.007252
754.13,0.00731
754.15,0.007433
754.17,0.007565
754.18,0.007634
754.2,0.007779
754.22,0.007931
754.23,0.008009
754.25,0.008171
754.27,0.008339
754.28,0.008425
754.3,0.008602
754.32,0.008783
754.33,0.008875
754.35,0.009062
754.37,0.009252
754.38,0.009348
754.4,0.009542
754.42,0.009738
754.43,0.009836
754.45,0.01003
754.46,0.01013
754.48,0.01033
754.5,0.01052
754.51,0.01062
754.53,0.01081
754.55,0.01101
754.56,0.0111
754.58,0.01128
754.6,0.01147
754.61,0.01155
754.63,0.01173
754.65,0.01189
754.66,0.01197
754.68,0.01213
754.7,0.01228
754.71,0.01235
754.73,0.01248
754.75,0.01261
754.76,0.01267
754.78,0.01278
754.8,0.01288
754.81,0.01292
754.83,0.01301
754.84,0.01304
754.86,0.01311
754.88,0.01316
754.89,0.01318
754.91,0.01321
754.93,0.01323
754.94,0.01323
754.96,0.01323
754.98,0.01321
754.99,0.0132
755.01,0.01316
755.03,0.01311
755.04,0.01307
755.06,0.013
755.08,0.01291
755.09,0.01287
755.11,0.01276
755.13,0.01264
755.14,0.01257
755.16,0.01243
755.18,0.01228
755.19,0.0122
755.21,0.01203
755.22,0.01194
755.24,0.01176
755.26,0.01157
755.27,0.01146
755.29,0.01126
755.31,0.01104
755.32,0.01093
755.34,0.01071
755.36,0.01048
755.37,0.01036
755.39,0.01012
755.41,0.00988
755.42,0.009759
755.44,0.009515
755.46,0.00927
755.47,0.009148
755.49,0.008903
755.51,0.00866
755.52,0.00854
755.54,0.008301
755.55,0.008183
755.57,0.00795
755.59,0.007723
755.6,0.007612
755.62,0.007394
755.64,0.007184
755.65,0.007082
755.67,0.006885
755.69,0.006697
755.7,0.006606
755.72,0.006434
755.74,0.006273
755.75,0.006197
755.77,0.006053
755.79,0.005923
755.8,0.005862
755.82,0.005751
755.84,0.005654
755.85,0.005611
755.87,0.005535
755.89,0.005473
755.9,0.005448
755.92,0.005408
755.93,0.005393
755.95,0.005376
755.97,0.005373
755.98,0.005377
756.0,0.005397
756.02,0.005431
756.03,0.005453
756.05,0.005508
756.07,0.005578
756.08,0.005618
756.1,0.005707
756.12,0.00581
756.13,0.005866
756.15,0.005987
756.17,0.006121
756.18,0.006191
756.2,0.006341
756.22,0.006501
756.23,0.006584
756.25,0.006758
756.27,0.00694
756.28,0.007034
756.3,0.007227
756.31,0.007326
756.33,0.007528
756.35,0.007735
756.36,0.00784
756.38,0.008053
756.4,0.008268
756.41,0.008377
756.43,0.008594
756.45,0.008812
756.46,0.008921
756.48,0.009137
756.5,0.009351
756.51,0.009457
756.53,0.009667
756.55,0.009872
756.56,0.009972
756.58,0.01017
756.6,0.01036
756.61,0.01045
756.63,0.01063
756.65,0.0108
756.66,0.01088
756.68,0.01103
756.69,0.01111
756.71,0.01125
756.73,0.01137
756.74,0.01143
756.76,0.01154
756.78,0.01164
756.79,0.01168
756.81,0.01176
756.83,0.01182
756.84,0.01185
756.86,0.01189
756.88,0.01192
756.89,0.01193
756.91,0.01193
756.93,0.01193
756.94,0.01192
756.96,0.01189
756.98,0.01184
756.99,0.01182
757.01,0.01175
757.02,0.01171
757.04,0.01163
757.06,0.01153
757.07,0.01148
757.09,0.01136
757.11,0.01123
757.12,0.01116
757.14,0.01102
757.16,0.01086
757.17,0.01078
757.19,0.01061
757.21,0.01043
757.22,0.01034
757.24,0.01015
757.26,0.009947
757.27,0.009846
757.29,0.009638
757.31,0.009426
757.32,0.009318
757.34,0.009099
757.36,0.008878
757.37,0.008766
757.39,0.008542
757.4,0.008429
757.42,0.008203
757.44,0.007978
757.45,0.007866
757.47,0.007642
757.49,0.007421
757.5,0.007312
757.52,0.007096
757.54,0.006884
757.55,0.006779
757.57,0.006575
757.59,0.006377
757.6,0.00628
757.62,0.006092
757.64,0.005912
757.65,0.005825
757.67,0.005658
757.69,0.005499
757.7,0.005424
757.72,0.00528
757.74,0.005147
757.75,0.005085
757.77,0.004968
757.78,0.004914
757.8,0.004815
757.82,0.004729
757.83,0.00469
757.85,0.004622
757.87,0.004567
757.88,0.004545
757.9,0.00451
757.92,0.004488
757.93,0.004483
757.95,0.004481
757.97,0.004494
757.98,0.004506
758.0,0.004539
758.02,0.004586
758.03,0.004615
758.05,0.004683
758.07,0.004764
758.08,0.00481
758.1,0.004912
758.12,0.005026
758.13,0.005089
758.15,0.005223
758.16,0.005295
758.18,0.005448
758.2,0.005613
758.21,0.0057
758.23,0.005883
758.25,0.006077
758.26,0.006178
758.28,0.006389
758.3,0.00661
758.31,0.006724
758.33,0.006961
758.35,0.007207
758.36,0.007334
758.38,0.007594
758.4,0.007864
758.41,0.008003
758.43,0.008287
758.45,0.008582
758.46,0.008733
758.48,0.009042
758.49,0.009201
758.51,0.009528
758.53,0.009868
758.54,0.01004
758.56,0.0104
758.58,0.01078
758.59,0.01098
758.61,0.01138
758.63,0.01181
758.64,0.01204
758.66,0.01251
758.68,0.01301
758.69,0.01328
758.71,0.01385
758.73,0.01446
758.74,0.01479
758.76,0.01549
758.78,0.01626
758.79,0.01667
758.81,0.01757
758.83,0.01856
758.84,0.0191
758.86,0.02027
758.87,0.02091
758.89,0.02229
758.91,0.02384
758.92,0.02469
758.94,0.02653
758.96,0.02861
758.97,0.02974
758.99,0.03221
759.01,0.03498
759.02,0.0365
759.04,0.03981
759.06,0.04352
759.07,0.04554
759.09,0.04994
759.11,0.05488
759.12,0.05756
759.14,0.06339
759.16,0.0699
759.17,0.07344
759.19,0.0811
759.21,0.08962
759.22,0.09423
759.24,0.1042
759.25,0.1096
759.27,0.1212
759.29,0.1341
759.3,0.141
759.32,0.1559
759.34,0.1723
759.35,0.1811
759.37,0.2
759.39,0.2208
759.4,0.2319
759.42,0.2557
759.44,0.2816
759.45,0.2954
759.47,0.325
759.49,0.3571
759.5,0.3742
759.52,0.4105
759.54,0.4499
759.55,0.4708
759.57,0.5151
759.58,0.5385
759.6,0.5881
759.62,0.6414
759.63,0.6696
759.65,0.729
759.67,0.7926
759.68,0.8261
759.7,0.8966
759.72,0.9717
759.73,1.011
759.75,1.094
759.77,1.182
759.78,1.228
759.8,1.324
759.82,1.425
759.83,1.478
759.85,1.589
759.87,1.705
759.88,1.765
759.9,1.891
759.92,2.023
759.93,2.091
759.95,2.233
759.96,2.306
759.98,2.457
760.0,2.615
760.01,2.696
760.03,2.864
760.05,3.038
760.06,3.127
760.08,3.311
760.1,3.501
760.11,3.598
760.13,3.798
760.15,4.003
760.16,4.108
760.18,4.322
760.2,4.543
760.21,4.655
760.23,4.883
760.25,5.116
760.26,5.235
760.28,5.475
760.3,5.72
760.31,5.844
760.33,6.095
760.34,6.222
760.36,6.479
760.38,6.739
760.39,6.87
760.41,7.134
760.43,7.4
760.44,7.534
760.46,7.804
760.48,8.075
760.49,8.211
760.51,8.484
760.53,8.758
760.54,8.895
760.56,9.169
760.58,9.443
760.59,9.58
760.61,9.854
760.63,10.13
760.64,10.26
760.66,10.53
760.68,10.8
760.69,10.94
760.71,11.21
760.72,11.34
760.74,11.61
760.76,11.87
760.77,12.0
760.79,12.26
760.81,12.52
760.82,12.64
760.84,12.9
760.86,13.15
760.87,13.27
760.89,13.52
760.91,13.76
760.92,13.88
760.94,14.12
760.96,14.36
760.97,14.47
760.99,14.7
761.01,14.93
761.02,15.04
761.04,15.26
761.05,15.37
761.07,15.58
761.09,15.79
761.1,15.89
761.12,16.09
761.14,16.29
761.15,16.38
761.17,16.57
761.19,16.75
761.2,16.84
761.22,17.01
761.24,17.17
761.25,17.25
761.27,17.4
761.29,17.54
761.3,17.61
761.32,17.73
761.34,17.85
761.35,17.91
761.37,18.01
761.39,18.1
761.4,18.14
761.42,18.21
761.43,18.25
761.45,18.3
761.47,18.34
761.48,18.35
761.5,18.37
761.52,18.38
761.53,18.37
761.55,18.35
761.57,18.32
761.58,18.3
761.6,18.24
761.62,18.17
761.63,18.12
761.65,18.02
761.67,17.91
761.68,17.84
761.7,17.7
761.72,17.54
761.73,17.46
761.75,17.28
761.77,17.08
761.78,16.97
761.8,16.75
761.81,16.64
761.83,16.39
761.85,16.13
761.86,16.0
761.88,15.72
761.9,15.43
761.91,15.27
761.93,14.96
761.95,14.64
761.96,14.48
761.98,14.14
762.0,13.79
762.01,13.62
762.03,13.26
762.05,12.9
762.06,12.71
762.08,12.34
762.1,11.96
762.11,11.77
762.13,11.39
762.15,11.01
762.16,10.82
762.18,10.43
762.19,10.24
762.21,9.858
762.23,9.477
762.24,9.288
762.26,8.911
762.28,8.539
762.29,8.354
762.31,7.989
762.33,7.629
762.34,7.452
762.36,7.102
762.38,6.76
762.39,6.591
762.41,6.261
762.43,5.939
762.44,5.781
762.46,5.473
762.48,5.174
762.49,5.028
762.51,4.744
762.52,4.605
762.54,4.336
762.56,4.077
762.57,3.951
762.59,3.707
762.61,3.474
762.62,3.361
762.64,3.143
762.66,2.935
762.67,2.835
762.69,2.642
762.71,2.459
762.72,2.371
762.74,2.202
762.76,2.042
762.77,1.966
762.79,1.82
762.81,1.682
762.82,1.617
762.84,1.491
762.86,1.374
762.87,1.318
762.89,1.212
762.9,1.162
762.92,1.066
762.94,0.977
762.95,0.9349
762.97,0.8551
762.99,0.7812
763.0,0.7463
763.02,0.6805
763.04,0.6198
763.05,0.5912
763.07,0.5374
763.09,0.488
763.1,0.4648
763.12,0.4213
763.14,0.3815
763.15,0.3628
763.17,0.328
763.19,0.2962
763.2,0.2814
763.22,0.2538
763.24,0.2287
763.25,0.217
763.27,0.1953
763.28,0.1852
763.3,0.1665
763.32,0.1496
763.33,0.1418
763.35,0.1274
763.37,0.1144
763.38,0.1084
763.4,0.0973
763.42,0.08739
763.43,0.08283
763.45,0.07445
763.47,0.06698
763.48,0.06355
763.5,0.05729
763.52,0.05173
763.53,0.0492
763.55,0.04458
763.57,0.04053
763.58,0.03869
763.6,0.03537
763.62,0.03249
763.63,0.03121
763.65,0.02891
763.66,0.0279
763.68,0.02613
763.7,0.02466
763.71,0.02404
763.73,0.02302
763.75,0.02225
763.76,0.02197
763.78,0.02159
763.8,0.02147
763.81,0.02149
763.83,0.02174
763.85,0.02223
763.86,0.02257
763.88,0.02345
763.9,0.02461
763.91,0.02529
763.93,0.0269
763.95,0.02882
763.96,0.02991
763.98,0.03238
763.99,0.03376
764.01,0.03685
764.03,0.0404
764.04,0.04237
764.06,0.04672
764.08,0.05168
764.09,0.05441
764.11,0.06042
764.13,0.06723
764.14,0.07096
764.16,0.07917
764.18,0.08844
764.19,0.09352
764.21,0.1047
764.23,0.1172
764.24,0.1241
764.26,0.1392
764.28,0.1562
764.29,0.1655
764.31,0.1859
764.33,0.2089
764.34,0.2215
764.36,0.249
764.37,0.2641
764.39,0.2971
764.41,0.3344
764.42,0.3548
764.44,0.3994
764.46,0.4498
764.47,0.4774
764.49,0.5378
764.51,0.6059
764.52,0.6432
764.54,0.7248
764.56,0.8168
764.57,0.8671
764.59,0.9773
764.61,1.101
764.62,1.169
764.64,1.318
764.66,1.485
764.67,1.576
764.69,1.776
764.71,2.0
764.72,2.123
764.74,2.39
764.75,2.536
764.77,2.854
764.79,3.211
764.8,3.406
764.82,3.829
764.84,4.303
764.85,4.56
764.87,5.121
764.89,5.747
764.9,6.086
764.92,6.823
764.94,7.645
764.95,8.089
764.97,9.053
764.99,10.12
765.0,10.7
765.02,11.95
765.04,13.34
765.05,14.09
765.07,15.7
765.09,17.48
765.1,18.43
765.12,20.49
765.13,21.6
765.15,23.97
765.17,26.58
765.18,27.98
765.2,30.98
765.22,34.26
765.23,36.01
765.25,39.76
765.27,43.84
765.28,46.02
765.3,50.66
765.32,55.7
765.33,58.38
765.35,64.07
765.37,70.23
765.38,73.5
765.4,80.42
765.42,87.88
765.43,91.82
765.45,100.1
765.46,104.5
765.48,113.8
765.5,123.7
765.51,128.9
765.53,139.9
765.55,151.6
765.56,157.8
765.58,170.6
765.6,184.3
765.61,191.4
765.63,206.4
765.65,222.1
765.66,230.4
765.68,247.5
765.7,265.5
765.71,274.9
765.73,294.3
765.75,314.7
765.76,325.3
765.78,347.1
765.8,369.8
765.81,381.6
765.83,405.8
765.84,418.2
765.86,443.8
765.88,470.4
765.89,484.0
765.91,511.8
765.93,540.5
765.94,555.2
765.96,585.1
765.98,615.8
765.99,631.5
766.01,663.2
766.03,695.6
766.04,712.0
766.06,745.2
766.08,778.8
766.09,795.8
766.11,830.0
766.13,864.4
766.14,881.7
766.16,916.4
766.18,951.2
766.19,968.5
766.21,1003.0
766.22,1020.0
766.24,1055.0
766.26,1088.0
766.27,1105.0
766.29,1138.0
766.31,1171.0
766.32,1187.0
766.34,1218.0
766.36,1248.0
766.37,1263.0
766.39,1292.0
766.41,1319.0
766.42,1332.0
766.44,1358.0
766.46,1382.0
766.47,1393.0
766.49,1415.0
766.51,1435.0
766.52,1444.0
766.54,1462.0
766.56,1477.0
766.57,1484.0
766.59,1497.0
766.6,1502.0
766.62,1512.0
766.64,1519.0
766.65,1522.0
766.67,1526.0
766.69,1529.0
766.7,1529.0
766.72,1528.0
766.74,1525.0
766.75,1522.0
766.77,1516.0
766.79,1507.0
766.8,1502.0
766.82,1491.0
766.84,1477.0
766.85,1470.0
766.87,1453.0
766.89,1435.0
766.9,1425.0
766.92,1405.0
766.93,1394.0
766.95,1370.0
766.97,1346.0
766.98,1333.0
767.0,1306.0
767.02,1278.0
767.03,1264.0
767.05,1234.0
767.07,1203.0
767.08,1188.0
767.1,1156.0
767.12,1124.0
767.13,1107.0
767.15,1074.0
767.17,1040.0
767.18,1023.0
767.2,988.8
767.22,954.5
767.23,937.4
767.25,903.1
767.27,868.9
767.28,851.8
767.3,818.0
767.31,801.2
767.33,767.8
767.35,734.9
767.36,718.7
767.38,686.6
767.4,655.2
767.41,639.7
767.43,609.3
767.45,579.7
767.46,565.2
767.48,536.8
767.5,509.2
767.51,495.8
767.53,469.6
767.55,444.4
767.56,432.1
767.58,408.3
767.6,385.4
767.61,374.3
767.63,352.9
767.65,332.5
767.66,322.7
767.68,303.7
767.69,294.5
767.71,277.0
767.73,260.3
767.74,252.3
767.76,237.1
767.78,222.6
767.79,215.8
767.81,202.6
767.83,190.3
767.84,184.4
767.86,173.2
767.88,162.7
767.89,157.8
767.91,148.4
767.93,139.6
767.94,135.5
767.96,127.6
767.98,120.4
767.99,117.0
768.01,110.5
768.02,107.5
768.04,101.7
768.06,96.44
768.07,93.96
768.09,89.3
768.11,85.01
768.12,83.0
768.14,79.24
768.16,75.78
768.17,74.17
768.19,71.15
768.21,68.38
768.22,67.09
768.24,64.68
768.26,62.49
768.27,61.47
768.29,59.56
768.31,57.84
768.32,57.04
768.34,55.56
768.36,54.24
768.37,53.63
768.39,52.52
768.4,52.01
768.42,51.1
768.44,50.32
768.45,49.98
768.47,49.39
768.49,48.93
768.5,48.75
768.52,48.48
768.54,48.35
768.55,48.33
768.57,48.41
768.59,48.63
768.6,48.79
768.62,49.25
768.64,49.87
768.65,50.24
768.67,51.13
768.69,52.21
768.7,52.83
768.72,54.22
768.74,55.84
768.75,56.73
768.77,58.71
768.78,59.79
768.8,62.16
768.82,64.81
768.83,66.25
768.85,69.34
768.87,72.76
768.88,74.59
768.9,78.52
768.92,82.8
768.93,85.08
768.95,89.93
768.97,95.17
768.98,97.94
769.0,103.8
769.02,110.1
769.03,113.4
769.05,120.4
769.07,127.8
769.08,131.7
769.1,139.8
769.12,148.4
769.13,152.9
769.15,162.2
769.16,167.1
769.18,177.1
769.2,187.7
769.21,193.2
769.23,204.5
769.25,216.3
769.26,222.4
769.28,234.9
769.3,247.9
769.31,254.6
769.33,268.2
769.35,282.3
769.36,289.5
769.38,304.3
769.4,319.3
769.41,327.0
769.43,342.6
769.45,358.5
769.46,366.6
769.48,382.9
769.49,391.2
769.51,407.8
769.53,424.6
769.54,433.0
769.56,449.9
769.58,466.9
769.59,475.4
769.61,492.4
769.63,509.3
769.64,517.7
769.66,534.3
769.68,550.8
769.69,558.9
769.71,575.0
769.73,590.7
769.74,598.4
769.76,613.5
769.78,628.1
769.79,635.2
769.81,649.0
769.83,662.1
769.84,668.5
769.86,680.6
769.87,686.4
769.89,697.5
769.91,707.7
769.92,712.5
769.94,721.4
769.96,729.5
769.97,733.1
769.99,739.8
770.01,745.4
770.02,747.9
770.04,752.0
770.06,755.1
770.07,756.3
770.09,757.9
770.11,758.4
770.12,758.2
770.14,757.1
770.16,755.0
770.17,753.5
770.19,749.9
770.21,745.1
770.22,742.4
770.24,736.2
770.25,732.8
770.27,725.1
770.29,716.6
770.3,712.0
770.32,702.1
770.34,691.4
770.35,685.8
770.37,673.9
770.39,661.3
770.4,654.8
770.42,641.3
770.44,627.1
770.45,619.8
770.47,604.9
770.49,589.5
770.5,581.7
770.52,565.7
770.54,549.4
770.55,541.1
770.57,524.4
770.59,507.6
770.6,499.1
770.62,482.0
770.63,473.5
770.65,456.3
770.67,439.2
770.68,430.7
770.7,413.7
770.72,396.8
770.73,388.4
770.75,371.8
770.77,355.4
770.78,347.3
770.8,331.3
770.82,315.6
770.83,307.9
770.85,292.7
770.87,277.9
770.88,270.6
770.9,256.4
770.92,242.6
770.93,235.9
770.95,222.7
770.96,216.3
770.98,203.8
771.0,191.8
771.01,186.0
771.03,174.7
771.05,163.9
771.06,158.6
771.08,148.5
771.1,138.8
771.11,134.2
771.13,125.2
771.15,116.7
771.16,112.6
771.18,104.7
771.2,97.28
771.21,93.71
771.23,86.89
771.25,80.47
771.26,77.4
771.28,71.55
771.3,66.06
771.31,63.45
771.33,58.47
771.34,56.11
771.36,51.62
771.38,47.44
771.39,45.46
771.41,41.71
771.43,38.22
771.44,36.58
771.46,33.47
771.48,30.6
771.49,29.24
771.51,26.69
771.53,24.34
771.54,23.23
771.56,21.16
771.58,19.25
771.59,18.35
771.61,16.68
771.63,15.15
771.64,14.43
771.66,13.09
771.68,11.86
771.69,11.29
771.71,10.23
771.72,9.729
771.74,8.804
771.76,7.962
771.77,7.571
771.79,6.844
771.81,6.184
771.82,5.877
771.84,5.308
771.86,4.794
771.87,4.555
771.89,4.112
771.91,3.712
771.92,3.527
771.94,3.184
771.96,2.875
771.97,2.732
771.99,2.467
772.01,2.229
772.02,2.118
772.04,1.914
772.06,1.731
772.07,1.646
772.09,1.489
772.1,1.417
772.12,1.283
772.14,1.162
772.15,1.107
772.17,1.004
772.19,0.9123
772.2,0.8699
772.22,0.7916
772.24,0.7214
772.25,0.689
772.27,0.6296
772.29,0.5765
772.3,0.5522
772.32,0.5076
772.34,0.4681
772.35,0.4502
772.37,0.4176
772.39,0.3892
772.4,0.3764
772.42,0.3538
772.43,0.3438
772.45,0.3264
772.47,0.3124
772.48,0.3066
772.5,0.2973
772.52,0.2912
772.53,0.2893
772.55,0.2878
772.57,0.2894
772.58,0.2914
772.6,0.2978
772.62,0.3075
772.63,0.3136
772.65,0.3285
772.67,0.3471
772.68,0.3579
772.7,0.3825
772.72,0.4114
772.73,0.4275
772.75,0.4635
772.77,0.5046
772.78,0.5272
772.8,0.5767
772.81,0.6038
772.83,0.6628
772.85,0.7289
772.86,0.7647
772.88,0.8422
772.9,0.9283
772.91,0.9747
772.93,1.075
772.95,1.185
772.96,1.244
772.98,1.371
773.0,1.51
773.01,1.585
773.03,1.744
773.05,1.919
773.06,2.011
773.08,2.209
773.1,2.424
773.11,2.539
773.13,2.782
773.15,3.045
773.16,3.185
773.18,3.48
773.19,3.636
773.21,3.967
773.23,4.322
773.24,4.51
773.26,4.905
773.28,5.328
773.29,5.551
773.31,6.019
773.33,6.518
773.34,6.78
773.36,7.328
773.38,7.91
773.39,8.214
773.41,8.849
773.43,9.521
773.44,9.871
773.46,10.6
773.48,11.37
773.49,11.77
773.51,12.59
773.53,13.46
773.54,13.91
773.56,14.83
773.57,15.31
773.59,16.3
773.61,17.33
773.62,17.86
773.64,18.95
773.66,20.07
773.67,20.65
773.69,21.83
773.71,23.05
773.72,23.68
773.74,24.95
773.76,26.25
773.77,26.92
773.79,28.27
773.81,29.64
773.82,30.34
773.84,31.75
773.86,33.18
773.87,33.91
773.89,35.36
773.9,36.1
773.92,37.57
773.94,39.05
773.95,39.79
773.97,41.27
773.99,42.75
774.0,43.48
774.02,44.95
774.04,46.4
774.05,47.11
774.07,48.53
774.09,49.93
774.1,50.61
774.12,51.96
774.14,53.26
774.15,53.9
774.17,55.14
774.19,56.33
774.2,56.91
774.22,58.02
774.24,59.07
774.25,59.57
774.27,60.53
774.28,60.98
774.3,61.83
774.32,62.6
774.33,62.96
774.35,63.61
774.37,64.18
774.38,64.44
774.4,64.89
774.42,65.25
774.43,65.39
774.45,65.62
774.47,65.75
774.48,65.79
774.5,65.79
774.52,65.7
774.53,65.62
774.55,65.39
774.57,65.08
774.58,64.89
774.6,64.44
774.62,63.91
774.63,63.61
774.65,62.95
774.66,62.6
774.68,61.82
774.7,60.97
774.71,60.52
774.73,59.57
774.75,58.55
774.76,58.02
774.78,56.91
774.8,55.74
774.81,55.14
774.83,53.89
774.85,52.61
774.86,51.95
774.88,50.6
774.9,49.22
774.91,48.52
774.93,47.1
774.95,45.66
774.96,44.93
774.98,43.47
775.0,41.99
775.01,41.25
775.03,39.77
775.04,39.03
775.06,37.55
775.08,36.08
775.09,35.34
775.11,33.88
775.13,32.44
775.14,31.73
775.16,30.31
775.18,28.92
775.19,28.24
775.21,26.89
775.23,25.57
775.24,24.92
775.26,23.64
775.28,22.41
775.29,21.8
775.31,20.61
775.33,19.47
775.34,18.91
775.36,17.82
775.37,17.29
775.39,16.26
775.41,15.27
775.42,14.79
775.44,13.86
775.46,12.97
775.47,12.55
775.49,11.72
775.51,10.93
775.52,10.55
775.54,9.82
775.56,9.129
775.57,8.797
775.59,8.161
775.61,7.56
775.62,7.273
775.64,6.724
775.66,6.208
775.67,5.962
775.69,5.494
775.71,5.055
775.72,4.847
775.74,4.451
775.75,4.263
775.77,3.908
775.79,3.577
775.8,3.42
775.82,3.124
775.84,2.85
775.85,2.721
775.87,2.478
775.89,2.253
775.9,2.148
775.92,1.95
775.94,1.768
775.95,1.682
775.97,1.522
775.99,1.376
776.0,1.308
776.02,1.18
776.04,1.064
776.05,1.01
776.07,0.9087
776.09,0.8171
776.1,0.7746
776.12,0.6956
776.13,0.6589
776.15,0.5911
776.17,0.5298
776.18,0.5015
776.2,0.4492
776.22,0.4023
776.23,0.3806
776.25,0.3408
776.27,0.3051
776.28,0.2887
776.3,0.2587
776.32,0.2319
776.33,0.2196
776.35,0.1972
776.37,0.1773
776.38,0.1682
776.4,0.1516
776.42,0.137
776.43,0.1304
776.45,0.1183
776.47,0.1078
776.48,0.103
776.5,0.09429
776.51,0.09038
776.53,0.08331
776.55,0.07717
776.56,0.07441
776.58,0.06945
776.6,0.06517
776.61,0.06326
776.63,0.05983
776.65,0.0569
776.66,0.05559
776.68,0.05327
776.7,0.05129
776.71,0.05042
776.73,0.04887
776.75,0.04756
776.76,0.04698
776.78,0.04596
776.8,0.04511
776.81,0.04473
776.83,0.04406
776.84,0.04377
776.86,0.04325
776.88,0.0428
776.89,0.0426
776.91,0.04225
776.93,0.04193
776.94,0.04178
776.96,0.04151
776.98,0.04126
776.99,0.04114
777.01,0.0409
777.03,0.04068
777.04,0.04056
777.06,0.04033
777.08,0.0401
777.09,0.03998
777.11,0.03975
777.13,0.0395
777.14,0.03937
777.16,0.03912
777.18,0.03885
777.19,0.03872
777.21,0.03844
777.22,0.0383
777.24,0.03802
777.26,0.03773
777.27,0.03759
777.29,0.0373
777.31,0.03702
777.32,0.03688
777.34,0.0366
777.36,0.03632
777.37,0.03619
777.39,0.03593
777.41,0.03568
777.42,0.03556
777.44,0.03533
777.46,0.03512
777.47,0.03502
777.49,0.03484
777.51,0.03468
777.52,0.0346
777.54,0.03448
777.56,0.03437
777.57,0.03433
777.59,0.03427
777.6,0.03425
777.62,0.03422
777.64,0.03423
777.65,0.03424
777.67,0.03429
777.69,0.03437
777.7,0.03442
777.72,0.03454
777.74,0.03468
777.75,0.03477
777.77,0.03495
777.79,0.03517
777.8,0.03528
777.82,0.03553
777.84,0.03581
777.85,0.03595
777.87,0.03626
777.89,0.03658
777.9,0.03675
777.92,0.03709
777.93,0.03727
777.95,0.03764
777.97,0.03802
777.98,0.03821
778.0,0.0386
778.02,0.03899
778.03,0.03919
778.05,0.03958
778.07,0.03998
778.08,0.04018
778.1,0.04057
778.12,0.04095
778.13,0.04114
778.15,0.04151
778.17,0.04186
778.18,0.04204
778.2,0.04237
778.22,0.04269
778.23,0.04284
778.25,0.04313
778.27,0.0434
778.28,0.04352
778.3,0.04376
778.31,0.04386
778.33,0.04406
778.35,0.04423
778.36,0.04431
778.38,0.04444
778.4,0.04454
778.41,0.04458
778.43,0.04463
778.45,0.04466
778.46,0.04467
778.48,0.04465
778.5,0.0446
778.51,0.04457
778.53,0.04448
778.55,0.04436
778.56,0.04429
778.58,0.04413
778.6,0.04394
778.61,0.04383
778.63,0.0436
778.65,0.04334
778.66,0.0432
778.68,0.04291
778.69,0.04275
778.71,0.04242
778.73,0.04206
778.74,0.04187
778.76,0.04148
778.78,0.04107
778.79,0.04086
778.81,0.04042
778.83,0.03996
778.84,0.03972
778.86,0.03924
778.88,0.03874
778.89,0.03848
778.91,0.03795
778.93,0.03742
778.94,0.03714
778.96,0.03658
778.98,0.03601
778.99,0.03572
779.01,0.03514
779.03,0.03454
779.04,0.03424
779.06,0.03363
779.07,0.03332
779.09,0.0327
779.11,0.03207
779.12,0.03175
779.14,0.03111
779.16,0.03047
779.17,0.03014
779.19,0.02949
779.21,0.02884
779.22,0.02851
779.24,0.02785
779.26,0.02719
779.27,0.02686
779.29,0.0262
779.31,0.02554
779.32,0.02521
779.34,0.02455
779.36,0.02389
779.37,0.02356
779.39,0.0229
779.4,0.02258
779.42,0.02193
779.44,0.02128
779.45,0.02096
779.47,0.02033
779.49,0.0197
779.5,0.01939
779.52,0.01877
779.54,0.01816
779.55,0.01786
779.57,0.01727
779.59,0.01668
779.6,0.0164
779.62,0.01583
779.64,0.01528
779.65,0.01501
779.67,0.01448
779.69,0.01396
779.7,0.01371
779.72,0.01322
779.74,0.01275
779.75,0.01252
779.77,0.01208
779.78,0.01186
779.8,0.01145
779.82,0.01105
779.83,0.01086
779.85,0.0105
779.87,0.01016
779.88,0.009998
779.9,0.009693
779.92,0.009413
779.93,0.009281
779.95,0.009038
779.97,0.00882
779.98,0.00872
780.0,0.008541
780.02,0.008388
780.03,0.008322
780.05,0.008209
780.07,0.008124
780.08,0.008092
780.1,0.008048
780.12,0.008032
780.13,0.008034
780.15,0.008059
780.16,0.008083
780.18,0.00815
780.2,0.008244
780.21,0.008302
780.23,0.008437
780.25,0.0086
780.26,0.008691
780.28,0.008894
780.3,0.009122
780.31,0.009246
780.33,0.009512
780.35,0.009803
780.36,0.009957
780.38,0.01028
780.4,0.01063
780.41,0.01081
780.43,0.01119
780.45,0.01159
780.46,0.0118
780.48,0.01223
780.5,0.01267
780.51,0.0129
780.53,0.01337
780.54,0.01361
780.56,0.0141
780.58,0.0146
780.59,0.01485
780.61,0.01537
780.63,0.01589
780.64,0.01615
780.66,0.01669
780.68,0.01722
780.69,0.01749
780.71,0.01803
780.73,0.01856
780.74,0.01883
780.76,0.01937
780.78,0.0199
780.79,0.02016
780.81,0.02068
780.83,0.0212
780.84,0.02145
780.86,0.02195
780.87,0.0222
780.89,0.02269
780.91,0.02317
780.92,0.0234
780.94,0.02386
780.96,0.02432
780.97,0.02454
780.99,0.02498
781.01,0.02542
781.02,0.02564
781.04,0.02607
781.06,0.0265
781.07,0.02672
781.09,0.02716
781.11,0.02762
781.12,0.02786
781.14,0.02835
781.16,0.02888
781.17,0.02917
781.19,0.02978
781.21,0.03045
781.22,0.03082
781.24,0.03163
781.25,0.03208
781.27,0.03308
781.29,0.03424
781.3,0.03488
781.32,0.03633
781.34,0.03802
781.35,0.03898
781.37,0.04112
781.39,0.04363
781.4,0.04504
781.42,0.04822
781.44,0.05194
781.45,0.05403
781.47,0.05873
781.49,0.0642
781.5,0.06726
781.52,0.07413
781.54,0.08211
781.55,0.08656
781.57,0.0965
781.59,0.108
781.6,0.1144
781.62,0.1286
781.63,0.1365
781.65,0.154
781.67,0.1742
781.68,0.1853
781.7,0.21
781.72,0.2382
781.73,0.2537
781.75,0.2881
781.77,0.3271
781.78,0.3486
781.8,0.3959
781.82,0.4495
781.83,0.4789
781.85,0.5434
781.87,0.6161
781.88,0.6559
781.9,0.743
781.92,0.8409
781.93,0.8943
781.95,1.011
781.97,1.141
781.98,1.212
782.0,1.366
782.01,1.45
782.03,1.632
782.05,1.834
782.06,1.944
782.08,2.181
782.1,2.444
782.11,2.586
782.13,2.893
782.15,3.231
782.16,3.414
782.18,3.807
782.2,4.239
782.21,4.471
782.23,4.969
782.25,5.515
782.26,5.808
782.28,6.434
782.3,7.118
782.31,7.483
782.33,8.262
782.34,8.678
782.36,9.562
782.38,10.52
782.39,11.03
782.41,12.12
782.43,13.29
782.44,13.91
782.46,15.23
782.48,16.65
782.49,17.4
782.51,18.98
782.53,20.68
782.54,21.57
782.56,23.46
782.58,25.47
782.59,26.53
782.61,28.75
782.63,31.12
782.64,32.36
782.66,34.95
782.68,37.7
782.69,39.13
782.71,42.12
782.72,43.68
782.74,46.93
782.76,50.35
782.77,52.12
782.79,55.81
782.81,59.67
782.82,61.67
782.84,65.81
782.86,70.14
782.87,72.37
782.89,76.97
782.91,81.75
782.92,84.21
782.94,89.26
782.96,94.48
782.97,97.16
782.99,102.6
783.01,108.3
783.02,111.2
783.04,117.1
783.06,123.1
783.07,126.2
783.09,132.4
783.1,135.5
783.12,141.9
783.14,148.5
783.15,151.7
783.17,158.4
783.19,165.1
783.2,168.5
783.22,175.2
783.24,182.1
783.25,185.5
783.27,192.3
783.29,199.1
783.3,202.5
783.32,209.2
783.34,215.9
783.35,219.2
783.37,225.8
783.39,232.2
783.4,235.3
783.42,241.5
783.44,247.6
783.45,250.5
783.47,256.3
783.48,259.1
783.5,264.5
783.52,269.7
783.53,272.1
783.55,276.9
783.57,281.4
783.58,283.5
783.6,287.5
783.62,291.1
783.63,292.8
783.65,295.9
783.67,298.7
783.68,299.9
783.7,302.1
783.72,303.9
783.73,304.6
783.75,305.8
783.77,306.6
783.78,306.8
783.8,307.0
783.81,306.9
783.83,306.5
783.85,305.6
783.86,305.0
783.88,303.6
783.9,301.7
783.91,300.6
783.93,298.2
783.95,295.4
783.96,293.8
783.98,290.4
784.0,286.7
784.01,284.7
784.03,280.5
784.05,276.0
784.06,273.6
784.08,268.7
784.1,263.5
784.11,260.8
784.13,255.2
784.15,249.4
784.16,246.5
784.18,240.4
784.19,237.3
784.21,231.0
784.23,224.5
784.24,221.3
784.26,214.7
784.28,208.0
784.29,204.6
784.31,197.9
784.33,191.1
784.34,187.6
784.36,180.8
784.38,174.0
784.39,170.6
784.41,163.9
784.43,157.2
784.44,153.9
784.46,147.3
784.48,140.8
784.49,137.6
784.51,131.3
784.53,125.1
784.54,122.1
784.56,116.1
784.57,113.1
784.59,107.4
784.61,101.8
784.62,99.03
784.64,93.67
784.66,88.49
784.67,85.96
784.69,81.05
784.71,76.31
784.72,74.01
784.74,69.55
784.76,65.27
784.77,63.2
784.79,59.2
784.81,55.38
784.82,53.54
784.84,49.98
784.86,46.61
784.87,44.99
784.89,41.87
784.91,38.92
784.92,37.5
784.94,34.79
784.95,33.5
784.97,31.02
784.99,28.69
785.0,27.58
785.02,25.46
785.04,23.48
785.05,22.53
785.07,20.74
785.09,19.07
785.1,18.28
785.12,16.78
785.14,15.38
785.15,14.72
785.17,13.47
785.19,12.32
785.2,11.78
785.22,10.75
785.24,9.806
785.25,9.362
785.27,8.527
785.28,8.135
785.3,7.399
785.32,6.725
785.33,6.409
785.35,5.818
785.37,5.278
785.38,5.026
785.4,4.555
785.42,4.126
785.43,3.926
785.45,3.554
785.47,3.215
785.48,3.058
785.5,2.766
785.52,2.501
785.53,2.378
785.55,2.15
785.57,1.944
785.58,1.849
785.6,1.672
785.62,1.513
785.63,1.439
785.65,1.303
785.66,1.24
785.68,1.123
785.7,1.018
785.71,0.97
785.73,0.8806
785.75,0.8004
785.76,0.7633
785.78,0.695
785.8,0.6336
785.81,0.6054
785.83,0.5532
785.85,0.5065
785.86,0.485
785.88,0.4453
785.9,0.4099
785.91,0.3937
785.93,0.3638
785.95,0.3374
785.96,0.3253
785.98,0.3033
786.0,0.284
786.01,0.2754
786.03,0.26
786.04,0.2531
786.06,0.2412
786.08,0.2316
786.09,0.2277
786.11,0.2215
786.13,0.2175
786.14,0.2164
786.16,0.216
786.18,0.218
786.19,0.22
786.21,0.226
786.23,0.2348
786.24,0.2404
786.26,0.2541
786.28,0.2713
786.29,0.2813
786.31,0.3045
786.33,0.3321
786.34,0.3478
786.36,0.3831
786.38,0.4242
786.39,0.4471
786.41,0.498
786.42,0.5262
786.44,0.5887
786.46,0.6599
786.47,0.6991
786.49,0.7852
786.51,0.8825
786.52,0.9358
786.54,1.052
786.56,1.183
786.57,1.255
786.59,1.41
786.61,1.584
786.62,1.678
786.64,1.883
786.66,2.111
786.67,2.234
786.69,2.501
786.71,2.797
786.72,2.956
786.74,3.301
786.75,3.486
786.77,3.885
786.79,4.324
786.8,4.56
786.82,5.067
786.84,5.623
786.85,5.92
786.87,6.557
786.89,7.253
786.9,7.625
786.92,8.418
786.94,9.282
786.95,9.741
786.97,10.72
786.99,11.78
787.0,12.34
787.02,13.54
787.04,14.83
787.05,15.51
787.07,16.96
787.09,18.52
787.1,19.34
787.12,21.07
787.13,21.98
787.15,23.91
787.17,25.96
787.18,27.04
787.2,29.31
787.22,31.73
787.23,32.99
787.25,35.64
787.27,38.45
787.28,39.91
787.3,42.97
787.32,46.21
787.33,47.89
787.35,51.39
787.37,55.08
787.38,56.99
787.4,60.95
787.42,65.1
787.43,67.25
787.45,71.69
787.47,76.32
787.48,78.71
787.5,83.62
787.51,86.15
787.53,91.35
787.55,96.73
787.56,99.49
787.58,105.1
787.6,111.0
787.61,113.9
787.63,120.0
787.65,126.2
787.66,129.4
787.68,135.9
787.7,142.4
787.71,145.8
787.73,152.5
787.75,159.4
787.76,162.8
787.78,169.8
787.8,176.9
787.81,180.4
787.83,187.5
787.85,194.6
787.86,198.2
787.88,205.3
787.89,208.9
787.91,215.9
787.93,222.9
787.94,226.4
787.96,233.3
787.98,240.1
787.99,243.4
788.01,250.0
788.03,256.4
788.04,259.5
788.06,265.6
788.08,271.5
788.09,274.4
788.11,279.9
788.13,285.2
788.14,287.7
788.16,292.6
788.18,297.1
788.19,299.2
788.21,303.2
788.22,305.1
788.24,308.6
788.26,311.7
788.27,313.1
788.29,315.6
788.31,317.7
788.32,318.6
788.34,320.0
788.36,321.1
788.37,321.5
788.39,321.9
788.41,321.9
788.42,321.7
788.44,321.1
788.46,320.0
788.47,319.3
788.49,317.6
788.51,315.5
788.52,314.3
788.54,311.6
788.56,308.5
788.57,306.8
788.59,303.1
788.6,301.2
788.62,297.0
788.64,292.5
788.65,290.1
788.67,285.1
788.69,279.8
788.7,277.1
788.72,271.4
788.74,265.5
788.75,262.5
788.77,256.3
788.79,249.9
788.8,246.6
788.82,239.9
788.84,233.2
788.85,229.7
788.87,222.8
788.89,215.8
788.9,212.3
788.92,205.2
788.94,198.1
788.95,194.5
788.97,187.4
788.98,183.9
789.0,176.8
789.02,169.8
789.03,166.3
789.05,159.3
789.07,152.5
789.08,149.1
789.1,142.4
789.12,135.9
789.13,132.7
789.15,126.3
789.17,120.1
789.18,117.0
789.2,111.1
789.22,105.3
789.23,102.4
789.25,96.87
789.27,91.51
789.28,88.9
789.3,83.81
789.31,81.34
789.33,76.54
789.35,71.93
789.36,69.7
789.38,65.38
789.4,61.25
789.41,59.26
789.43,55.41
789.45,51.75
789.46,49.98
789.48,46.59
789.5,43.38
789.51,41.84
789.53,38.88
789.55,36.09
789.56,34.76
789.58,32.21
789.6,29.81
789.61,28.67
789.63,26.49
789.65,24.45
789.66,23.48
789.68,21.63
789.69,20.76
789.71,19.1
789.73,17.55
789.74,16.82
789.76,15.44
789.78,14.16
789.79,13.55
789.81,12.41
789.83,11.36
789.84,10.86
789.86,9.93
789.88,9.072
789.89,8.669
789.91,7.913
789.93,7.22
789.94,6.895
789.96,6.288
789.98,5.734
789.99,5.475
790.01,4.992
790.03,4.553
790.04,4.349
790.06,3.968
790.07,3.792
790.09,3.464
790.11,3.168
790.12,3.031
790.14,2.778
790.16,2.551
790.17,2.447
790.19,2.255
790.21,2.084
790.22,2.006
790.24,1.864
790.26,1.74
790.27,1.684
790.29,1.584
790.31,1.498
790.32,1.461
790.34,1.396
790.36,1.344
790.37,1.323
790.39,1.289
790.41,1.267
790.42,1.26
790.44,1.255
790.45,1.256
790.47,1.267
790.49,1.289
790.5,1.304
790.52,1.342
790.54,1.391
790.55,1.42
790.57,1.486
790.59,1.564
790.6,1.607
790.62,1.703
790.64,1.811
790.65,1.87
790.67,1.998
790.69,2.14
790.7,2.216
790.72,2.38
790.74,2.559
790.75,2.655
790.77,2.858
790.78,2.966
790.8,3.195
790.82,3.442
790.83,3.572
790.85,3.847
790.87,4.142
790.88,4.297
790.9,4.623
790.92,4.971
790.93,5.153
790.95,5.534
790.97,5.938
790.98,6.149
791.0,6.589
791.02,7.053
791.03,7.295
791.05,7.796
791.07,8.324
791.08,8.597
791.1,9.164
791.12,9.756
791.13,10.06
791.15,10.69
791.16,11.02
791.18,11.69
791.2,12.39
791.21,12.75
791.23,13.48
791.25,14.25
791.26,14.64
791.28,15.44
791.3,16.26
791.31,16.68
791.33,17.53
791.35,18.41
791.36,18.86
791.38,19.77
791.4,20.7
791.41,21.17
791.43,22.12
791.45,23.09
791.46,23.58
791.48,24.56
791.5,25.56
791.51,26.06
791.53,27.08
791.54,27.58
791.56,28.6
791.58,29.63
791.59,30.14
791.61,31.16
791.63,32.18
791.64,32.69
791.66,33.7
791.68,34.71
791.69,35.21
791.71,36.2
791.73,37.18
791.74,37.66
791.76,38.61
791.78,39.55
791.79,40.01
791.81,40.92
791.83,41.8
791.84,42.24
791.86,43.09
791.88,43.91
791.89,44.31
791.91,45.09
791.92,45.47
791.94,46.21
791.96,46.92
791.97,47.27
791.99,47.93
792.01,48.56
792.02,48.87
792.04,49.45
792.06,50.01
792.07,50.28
792.09,50.79
792.11,51.27
792.12,51.5
792.14,51.93
792.16,52.35
792.17,52.54
792.19,52.91
792.21,53.26
792.22,53.43
792.24,53.75
792.25,53.9
792.27,54.18
792.29,54.45
792.3,54.58
792.32,54.83
792.34,55.07
792.35,55.19
792.37,55.41
792.39,55.63
792.4,55.74
792.42,55.95
792.44,56.16
792.45,56.27
792.47,56.48
792.49,56.7
792.5,56.81
792.52,57.04
792.54,57.27
792.55,57.4
792.57,57.65
792.59,57.91
792.6,58.05
792.62,58.33
792.63,58.48
792.65,58.79
792.67,59.11
792.68,59.28
792.7,59.63
792.72,59.99
792.73,60.18
792.75,60.57
792.77,60.98
792.78,61.19
792.8,61.62
792.82,62.06
792.83,62.29
792.85,62.75
792.87,63.23
792.88,63.47
792.9,63.97
792.92,64.47
792.93,64.72
792.95,65.23
792.97,65.75
792.98,66.01
793.0,66.52
793.01,66.78
793.03,67.3
793.05,67.81
793.06,68.06
793.08,68.56
793.1,69.05
793.11,69.29
793.13,69.77
793.15,70.23
793.16,70.45
793.18,70.89
793.2,71.31
793.21,71.51
793.23,71.9
793.25,72.27
793.26,72.45
793.28,72.78
793.3,73.09
793.31,73.24
793.33,73.51
793.35,73.77
793.36,73.88
793.38,74.1
793.39,74.2
793.41,74.38
793.43,74.54
793.44,74.61
793.46,74.74
793.48,74.84
793.49,74.89
793.51,74.97
793.53,75.04
793.54,75.07
793.56,75.12
793.58,75.15
793.59,75.17
793.61,75.2
793.63,75.22
793.64,75.23
793.66,75.26
793.68,75.28
793.69,75.29
793.71,75.33
793.72,75.35
793.74,75.39
793.76,75.45
793.77,75.49
793.79,75.57
793.81,75.67
793.82,75.72
793.84,75.85
793.86,76.0
793.87,76.08
793.89,76.27
793.91,76.47
793.92,76.59
793.94,76.83
793.96,77.1
793.97,77.25
793.99,77.56
794.01,77.89
794.02,78.06
794.04,78.43
794.06,78.81
794.07,79.01
794.09,79.43
794.1,79.64
794.12,80.08
794.14,80.53
794.15,80.75
794.17,81.21
794.19,81.68
794.2,81.91
794.22,82.37
794.24,82.83
794.25,83.05
794.27,83.49
794.29,83.92
794.3,84.12
794.32,84.51
794.34,84.88
794.35,85.05
794.37,85.37
794.39,85.64
794.4,85.77
794.42,85.98
794.44,86.15
794.45,86.21
794.47,86.3
794.48,86.32
794.5,86.32
794.52,86.25
794.53,86.2
794.55,86.03
794.57,85.8
794.58,85.66
794.6,85.32
794.62,84.91
794.63,84.67
794.65,84.15
794.67,83.55
794.68,83.22
794.7,82.5
794.72,81.71
794.73,81.29
794.75,80.38
794.77,79.41
794.78,78.89
794.8,77.8
794.82,76.65
794.83,76.05
794.85,74.8
794.86,74.15
794.88,72.8
794.9,71.4
794.91,70.68
794.93,69.2
794.95,67.66
794.96,66.88
794.98,65.29
795.0,63.65
795.01,62.83
795.03,61.14
795.05,59.44
795.06,58.57
795.08,56.83
795.1,55.07
795.11,54.19
795.13,52.42
795.15,50.64
795.16,49.76
795.18,47.98
795.19,47.09
795.21,45.33
795.23,43.58
795.24,42.7
795.26,40.98
795.28,39.27
795.29,38.42
795.31,36.75
795.33,35.11
795.34,34.3
795.36,32.71
795.38,31.15
795.39,30.38
795.41,28.88
795.43,27.42
795.44,26.7
795.46,25.3
795.48,23.95
795.49,23.29
795.51,22.0
795.53,20.75
795.54,20.15
795.56,18.98
795.57,18.41
795.59,17.31
795.61,16.25
795.62,15.74
795.64,14.76
795.66,13.82
795.67,13.37
795.69,12.5
795.71,11.67
795.72,11.27
795.74,10.51
795.76,9.797
795.77,9.453
795.79,8.797
795.81,8.181
795.82,7.887
795.84,7.328
795.86,6.806
795.87,6.558
795.89,6.089
795.91,5.653
795.92,5.447
795.94,5.059
795.95,4.876
795.97,4.533
795.99,4.218
796.0,4.071
796.02,3.796
796.04,3.547
796.05,3.431
796.07,3.218
796.09,3.026
796.1,2.939
796.12,2.779
796.14,2.639
796.15,2.576
796.17,2.463
796.19,2.368
796.2,2.326
796.22,2.255
796.24,2.198
796.25,2.175
796.27,2.14
796.29,2.117
796.3,2.11
796.32,2.106
796.33,2.108
796.35,2.12
796.37,2.142
796.38,2.157
796.4,2.193
796.42,2.238
796.43,2.263
796.45,2.32
796.47,2.384
796.48,2.419
796.5,2.493
796.52,2.573
796.53,2.615
796.55,2.703
796.57,2.795
796.58,2.843
796.6,2.942
796.62,3.044
796.63,3.097
796.65,3.204
796.66,3.258
796.68,3.368
796.7,3.48
796.71,3.537
796.73,3.65
796.75,3.764
796.76,3.821
796.78,3.936
796.8,4.049
796.81,4.106
796.83,4.218
796.85,4.328
796.86,4.383
796.88,4.49
796.9,4.594
796.91,4.646
796.93,4.745
796.95,4.842
796.96,4.888
796.98,4.978
797.0,5.064
797.01,5.105
797.03,5.183
797.04,5.22
797.06,5.291
797.08,5.355
797.09,5.385
797.11,5.441
797.13,5.49
797.14,5.513
797.16,5.552
797.18,5.585
797.19,5.599
797.21,5.622
797.23,5.638
797.24,5.644
797.26,5.65
797.28,5.648
797.29,5.645
797.31,5.634
797.33,5.615
797.34,5.604
797.36,5.576
797.38,5.541
797.39,5.521
797.41,5.477
797.42,5.453
797.44,5.399
797.46,5.341
797.47,5.309
797.49,5.242
797.51,5.17
797.52,5.132
797.54,5.053
797.56,4.97
797.57,4.927
797.59,4.838
797.61,4.745
797.62,4.698
797.64,4.6
797.66,4.5
797.67,4.449
797.69,4.346
797.71,4.241
797.72,4.188
797.74,4.081
797.75,4.027
797.77,3.918
797.79,3.809
797.8,3.754
797.82,3.645
797.84,3.535
797.85,3.481
797.87,3.372
797.89,3.265
797.9,3.211
797.92,3.105
797.94,3.001
797.95,2.949
797.97,2.847
797.99,2.746
798.0,2.697
798.02,2.599
798.04,2.504
798.05,2.457
798.07,2.365
798.09,2.276
798.1,2.232
798.12,2.146
798.13,2.104
798.15,2.022
798.17,1.943
798.18,1.904
798.2,1.828
798.22,1.755
798.23,1.719
798.25,1.65
798.27,1.583
798.28,1.551
798.3,1.488
798.32,1.427
798.33,1.398
798.35,1.34
798.37,1.285
798.38,1.259
798.4,1.207
798.42,1.157
798.43,1.133
798.45,1.086
798.47,1.041
798.48,1.02
798.5,0.9774
798.51,0.9569
798.53,0.9172
798.55,0.8791
798.56,0.8606
798.58,0.8247
798.6,0.7902
798.61,0.7734
798.63,0.7409
798.65,0.7096
798.66,0.6944
798.68,0.6649
798.7,0.6365
798.71,0.6227
798.73,0.5959
798.75,0.57
798.76,0.5575
798.78,0.533
798.8,0.5095
798.81,0.498
798.83,0.4758
798.85,0.4543
798.86,0.4439
798.88,0.4236
798.89,0.4137
798.91,0.3946
798.93,0.3761
798.94,0.3672
798.96,0.3498
798.98,0.3331
798.99,0.325
799.01,0.3093
799.03,0.2943
799.04,0.2871
799.06,0.273
799.08,0.2597
799.09,0.2532
799.11,0.2409
799.13,0.2291
799.14,0.2235
799.16,0.2128
799.18,0.2027
799.19,0.1979
799.21,0.1889
799.22,0.1846
799.24,0.1766
799.26,0.1692
799.27,0.1658
799.29,0.1596
799.31,0.154
799.32,0.1515
799.34,0.1471
799.36,0.1435
799.37,0.1419
799.39,0.1395
799.41,0.1379
799.42,0.1374
799.44,0.1371
799.46,0.1377
799.47,0.1383
799.49,0.1403
799.51,0.1432
799.52,0.1451
799.54,0.1496
799.56,0.1552
799.57,0.1584
799.59,0.1656
799.6,0.1697
799.62,0.1788
799.64,0.1891
799.65,0.1948
799.67,0.2071
799.69,0.2208
799.7,0.2282
799.72,0.2441
799.74,0.2616
799.75,0.2709
799.77,0.2907
799.79,0.3123
799.8,0.3237
799.82,0.3479
799.84,0.3739
799.85,0.3876
799.87,0.4164
799.89,0.4473
799.9,0.4634
799.92,0.4973
799.94,0.5333
799.95,0.5521
799.97,0.5914
799.98,0.6118
800.0,0.6544
800.02,0.6992
800.03,0.7225
800.05,0.7708
800.07,0.8214
800.08,0.8476
800.1,0.9017
800.12,0.9582
800.13,0.9873
800.15,1.047
800.17,1.109
800.18,1.141
800.2,1.207
800.22,1.275
800.23,1.31
800.25,1.38
800.27,1.453
800.28,1.491
800.3,1.566
800.32,1.644
800.33,1.683
800.35,1.764
800.36,1.804
800.38,1.886
800.4,1.97
800.41,2.012
800.43,2.096
800.45,2.182
800.46,2.225
800.48,2.312
800.5,2.398
800.51,2.442
800.53,2.528
800.55,2.615
800.56,2.658
800.58,2.743
800.6,2.828
800.61,2.87
800.63,2.952
800.65,3.034
800.66,3.074
800.68,3.152
800.69,3.191
800.71,3.266
800.73,3.339
800.74,3.374
800.76,3.442
800.78,3.508
800.79,3.539
800.81,3.599
800.83,3.656
800.84,3.683
800.86,3.733
800.88,3.78
800.89,3.801
800.91,3.841
800.93,3.877
800.94,3.893
800.96,3.921
800.98,3.945
800.99,3.954
801.01,3.971
801.03,3.982
801.04,3.986
801.06,3.989
801.07,3.989
801.09,3.985
801.11,3.976
801.12,3.97
801.14,3.954
801.16,3.933
801.17,3.92
801.19,3.892
801.21,3.859
801.22,3.841
801.24,3.802
801.26,3.758
801.27,3.735
801.29,3.686
801.31,3.633
801.32,3.605
801.34,3.547
801.36,3.485
801.37,3.454
801.39,3.388
801.41,3.32
801.42,3.286
801.44,3.214
801.45,3.178
801.47,3.104
801.49,3.029
801.5,2.991
801.52,2.914
801.54,2.837
801.55,2.798
801.57,2.72
801.59,2.642
801.6,2.603
801.62,2.525
801.64,2.448
801.65,2.41
801.67,2.334
801.69,2.259
801.7,2.222
801.72,2.15
801.74,2.079
801.75,2.044
801.77,1.976
801.79,1.91
801.8,1.878
801.82,1.815
801.83,1.785
801.85,1.726
801.87,1.67
801.88,1.643
801.9,1.591
801.92,1.542
801.93,1.518
801.95,1.474
801.97,1.432
801.98,1.413
802.0,1.376
802.02,1.343
802.03,1.327
802.05,1.298
802.07,1.273
802.08,1.262
802.1,1.241
802.12,1.224
802.13,1.217
802.15,1.205
802.16,1.2
802.18,1.193
802.2,1.19
802.21,1.189
802.23,1.19
802.25,1.195
802.26,1.198
802.28,1.208
802.3,1.221
802.31,1.229
802.33,1.247
802.35,1.268
802.36,1.28
802.38,1.306
802.4,1.336
802.41,1.352
802.43,1.387
802.45,1.425
802.46,1.446
802.48,1.489
802.5,1.537
802.51,1.561
802.53,1.614
802.54,1.642
802.56,1.7
802.58,1.762
802.59,1.794
802.61,1.862
802.63,1.934
802.64,1.971
802.66,2.049
802.68,2.131
802.69,2.173
802.71,2.261
802.73,2.353
802.74,2.401
802.76,2.499
802.78,2.602
802.79,2.655
802.81,2.765
802.83,2.878
802.84,2.937
802.86,3.057
802.88,3.181
802.89,3.245
802.91,3.375
802.92,3.442
802.94,3.579
802.96,3.72
802.97,3.791
802.99,3.938
803.01,4.088
803.02,4.164
803.04,4.319
803.06,4.477
803.07,4.557
803.09,4.72
803.11,4.884
803.12,4.967
803.14,5.135
803.16,5.305
803.17,5.39
803.19,5.562
803.21,5.734
803.22,5.82
803.24,5.992
803.26,6.164
803.27,6.25
803.29,6.421
803.3,6.506
803.32,6.674
803.34,6.841
803.35,6.923
803.37,7.085
803.39,7.244
803.4,7.322
803.42,7.475
803.44,7.623
803.45,7.696
803.47,7.836
803.49,7.971
803.5,8.036
803.52,8.162
803.54,8.28
803.55,8.337
803.57,8.445
803.59,8.545
803.6,8.592
803.62,8.68
803.63,8.72
803.65,8.796
803.67,8.862
803.68,8.892
803.7,8.945
803.72,8.989
803.73,9.007
803.75,9.038
803.77,9.058
803.78,9.065
803.8,9.073
803.82,9.071
803.83,9.067
803.85,9.052
803.87,9.028
803.88,9.013
803.9,8.977
803.92,8.934
803.93,8.909
803.95,8.854
803.97,8.793
803.98,8.76
804.0,8.688
804.01,8.651
804.03,8.571
804.05,8.487
804.06,8.443
804.08,8.352
804.1,8.258
804.11,8.209
804.13,8.111
804.15,8.01
804.16,7.959
804.18,7.856
804.2,7.753
804.21,7.701
804.23,7.598
804.25,7.496
804.26,7.445
804.28,7.345
804.3,7.246
804.31,7.198
804.33,7.104
804.35,7.013
804.36,6.969
804.38,6.884
804.39,6.843
804.41,6.765
804.43,6.691
804.44,6.656
804.46,6.589
804.48,6.528
804.49,6.5
804.51,6.447
804.53,6.4
804.54,6.379
804.56,6.34
804.58,6.308
804.59,6.293
804.61,6.269
804.63,6.25
804.64,6.243
804.66,6.232
804.68,6.226
804.69,6.225
804.71,6.227
804.73,6.233
804.74,6.238
804.76,6.25
804.77,6.257
804.79,6.274
804.81,6.295
804.82,6.306
804.84,6.33
804.86,6.357
804.87,6.37
804.89,6.399
804.91,6.429
804.92,6.444
804.94,6.474
804.96,6.504
804.97,6.519
804.99,6.549
805.01,6.577
805.02,6.591
805.04,6.617
805.06,6.642
805.07,6.653
805.09,6.674
805.1,6.684
805.12,6.7
805.14,6.714
805.15,6.72
805.17,6.729
805.19,6.735
805.2,6.737
805.22,6.738
805.24,6.735
805.25,6.732
805.27,6.724
805.29,6.713
805.3,6.706
805.32,6.69
805.34,6.671
805.35,6.66
805.37,6.637
805.39,6.611
805.4,6.598
805.42,6.57
805.44,6.54
805.45,6.525
805.47,6.494
805.48,6.478
805.5,6.447
805.52,6.417
805.53,6.402
805.55,6.374
805.57,6.348
805.58,6.336
805.6,6.314
805.62,6.296
805.63,6.289
805.65,6.278
805.67,6.273
805.68,6.273
805.7,6.278
805.72,6.29
805.73,6.299
805.75,6.325
805.77,6.36
805.78,6.381
805.8,6.432
805.82,6.494
805.83,6.53
805.85,6.611
805.86,6.657
805.88,6.759
805.9,6.875
805.91,6.94
805.93,7.08
805.95,7.236
805.96,7.321
805.98,7.503
806.0,7.704
806.01,7.812
806.03,8.041
806.05,8.29
806.06,8.422
806.08,8.702
806.1,9.002
806.11,9.16
806.13,9.493
806.15,9.848
806.16,10.03
806.18,10.42
806.2,10.83
806.21,11.05
806.23,11.49
806.24,11.72
806.26,12.2
806.28,12.71
806.29,12.97
806.31,13.51
806.33,14.07
806.34,14.36
806.36,14.95
806.38,15.57
806.39,15.89
806.41,16.54
806.43,17.21
806.44,17.55
806.46,18.25
806.48,18.97
806.49,19.34
806.51,20.09
806.53,20.86
806.54,21.25
806.56,22.05
806.57,22.45
806.59,23.26
806.61,24.09
806.62,24.51
806.64,25.36
806.66,26.22
806.67,26.65
806.69,27.52
806.71,28.4
806.72,28.85
806.74,29.73
806.76,30.62
806.77,31.07
806.79,31.96
806.81,32.85
806.82,33.29
806.84,34.18
806.86,35.06
806.87,35.49
806.89,36.36
806.91,37.22
806.92,37.64
806.94,38.48
806.95,38.89
806.97,39.7
806.99,40.5
807.0,40.88
807.02,41.65
807.04,42.39
807.05,42.75
807.07,43.45
807.09,44.12
807.1,44.45
807.12,45.08
807.14,45.67
807.15,45.96
807.17,46.5
807.19,47.01
807.2,47.25
807.22,47.7
807.24,48.12
807.25,48.31
807.27,48.66
807.29,48.96
807.3,49.1
807.32,49.34
807.33,49.45
807.35,49.62
807.37,49.75
807.38,49.8
807.4,49.86
807.42,49.87
807.43,49.86
807.45,49.81
807.47,49.7
807.48,49.64
807.5,49.47
807.52,49.25
807.53,49.12
807.55,48.84
807.57,48.51
807.58,48.33
807.6,47.94
807.62,47.51
807.63,47.28
807.65,46.79
807.66,46.53
807.68,45.98
807.7,45.39
807.71,45.09
807.73,44.46
807.75,43.79
807.76,43.45
807.78,42.74
807.8,42.0
807.81,41.63
807.83,40.86
807.85,40.06
807.86,39.66
807.88,38.84
807.9,38.01
807.91,37.58
807.93,36.73
807.95,35.86
807.96,35.42
807.98,34.55
808.0,33.66
808.01,33.22
808.03,32.33
808.04,31.89
808.06,31.0
808.08,30.12
808.09,29.68
808.11,28.81
808.13,27.94
808.14,27.51
808.16,26.66
808.18,25.82
808.19,25.4
808.21,24.58
808.23,23.78
808.24,23.38
808.26,22.6
808.28,21.84
808.29,21.47
808.31,20.74
808.33,20.03
808.34,19.68
808.36,19.01
808.38,18.36
808.39,18.04
808.41,17.42
808.42,17.12
808.44,16.54
808.46,15.99
808.47,15.72
808.49,15.2
808.51,14.71
808.52,14.47
808.54,14.01
808.56,13.58
808.57,13.38
808.59,12.99
808.61,12.62
808.62,12.44
808.64,12.11
808.66,11.8
808.67,11.66
808.69,11.38
808.71,11.13
808.72,11.01
808.74,10.79
808.76,10.59
808.77,10.5
808.79,10.33
808.8,10.25
808.82,10.11
808.84,9.981
808.85,9.925
808.87,9.824
808.89,9.738
808.9,9.701
808.92,9.637
808.94,9.586
808.95,9.565
808.97,9.531
808.99,9.509
809.0,9.502
809.02,9.494
809.04,9.494
809.05,9.497
809.07,9.509
809.09,9.527
809.1,9.538
809.12,9.564
809.13,9.578
809.15,9.61
809.17,9.645
809.18,9.663
809.2,9.7
809.22,9.738
809.23,9.757
809.25,9.795
809.27,9.832
809.28,9.85
809.3,9.884
809.32,9.915
809.33,9.93
809.35,9.956
809.37,9.978
809.38,9.987
809.4,10.0
809.42,10.01
809.43,10.01
809.45,10.02
809.47,10.01
809.48,10.0
809.5,9.989
809.51,9.978
809.53,9.952
809.55,9.918
809.56,9.898
809.58,9.853
809.6,9.799
809.61,9.77
809.63,9.705
809.65,9.632
809.66,9.593
809.68,9.508
809.7,9.416
809.71,9.367
809.73,9.263
809.75,9.152
809.76,9.094
809.78,8.973
809.8,8.844
809.81,8.778
809.83,8.64
809.85,8.495
809.86,8.421
809.88,8.269
809.89,8.19
809.91,8.03
809.93,7.865
809.94,7.781
809.96,7.61
809.98,7.435
809.99,7.347
810.01,7.167
810.03,6.985
810.04,6.893
810.06,6.708
810.08,6.521
810.09,6.427
810.11,6.239
810.13,6.05
810.14,5.956
810.16,5.766
810.18,5.578
810.19,5.484
810.21,5.296
810.23,5.11
810.24,5.018
810.26,4.834
810.27,4.743
810.29,4.563
810.31,4.385
810.32,4.297
810.34,4.124
810.36,3.953
810.37,3.869
810.39,3.704
810.41,3.542
810.42,3.462
810.44,3.306
810.46,3.154
810.47,3.079
810.49,2.933
810.51,2.791
810.52,2.722
810.54,2.587
810.56,2.456
810.57,2.392
810.59,2.268
810.6,2.207
810.62,2.09
810.64,1.977
810.65,1.922
810.67,1.815
810.69,1.713
810.7,1.664
810.72,1.568
810.74,1.477
810.75,1.433
810.77,1.348
810.79,1.267
810.8,1.228
810.82,1.153
810.84,1.082
810.85,1.047
810.87,0.982
810.89,0.9202
810.9,0.8906
810.92,0.8341
810.94,0.7811
810.95,0.7558
810.97,0.7078
810.98,0.6849
811.0,0.6416
811.02,0.6014
811.03,0.5824
811.05,0.5467
811.07,0.5138
811.08,0.4985
811.1,0.4698
811.12,0.4438
811.13,0.4319
811.15,0.4099
811.17,0.3905
811.18,0.3817
811.2,0.3661
811.22,0.3529
811.23,0.3473
811.25,0.3378
811.27,0.3308
811.28,0.3282
811.3,0.3247
811.32,0.3237
811.33,0.3241
811.35,0.3268
811.36,0.329
811.38,0.3353
811.4,0.344
811.41,0.3494
811.43,0.3619
811.45,0.377
811.46,0.3856
811.48,0.4046
811.5,0.4264
811.51,0.4383
811.53,0.4642
811.55,0.493
811.56,0.5084
811.58,0.5416
811.6,0.5778
811.61,0.597
811.63,0.6379
811.65,0.6819
811.66,0.7052
811.68,0.7541
811.7,0.8065
811.71,0.834
811.73,0.8915
811.74,0.9216
811.76,0.9845
811.78,1.051
811.79,1.086
811.81,1.158
811.83,1.233
811.84,1.273
811.86,1.354
811.88,1.439
811.89,1.483
811.91,1.574
811.93,1.668
811.94,1.717
811.96,1.817
811.98,1.92
811.99,1.973
812.01,2.082
812.03,2.195
812.04,2.252
812.06,2.369
812.07,2.429
812.09,2.55
812.11,2.675
812.12,2.738
812.14,2.867
812.16,2.997
812.17,3.064
812.19,3.197
812.21,3.333
812.22,3.401
812.24,3.539
812.26,3.677
812.27,3.747
812.29,3.886
812.31,4.026
812.32,4.096
812.34,4.235
812.36,4.373
812.37,4.442
812.39,4.579
812.41,4.713
812.42,4.78
812.44,4.912
812.45,4.977
812.47,5.104
812.49,5.228
812.5,5.289
812.52,5.407
812.54,5.521
812.55,5.577
812.57,5.684
812.59,5.786
812.6,5.834
812.62,5.928
812.64,6.015
812.65,6.056
812.67,6.134
812.69,6.205
812.7,6.238
812.72,6.298
812.74,6.351
812.75,6.374
812.77,6.416
812.79,6.449
812.8,6.463
812.82,6.485
812.83,6.493
812.85,6.502
812.87,6.503
812.88,6.501
812.9,6.49
812.92,6.471
812.93,6.459
812.95,6.428
812.97,6.389
812.98,6.366
813.0,6.316
813.02,6.258
813.03,6.226
813.05,6.158
813.07,6.082
813.08,6.042
813.1,5.957
813.12,5.865
813.13,5.817
813.15,5.717
813.17,5.612
813.18,5.557
813.2,5.445
813.21,5.387
813.23,5.267
813.25,5.144
813.26,5.082
813.28,4.954
813.3,4.823
813.31,4.756
813.33,4.622
813.35,4.486
813.36,4.417
813.38,4.279
813.4,4.14
813.41,4.07
813.43,3.931
813.45,3.791
813.46,3.721
813.48,3.582
813.5,3.444
813.51,3.376
813.53,3.24
813.54,3.172
813.56,3.038
813.58,2.907
813.59,2.841
813.61,2.713
813.63,2.587
813.64,2.526
813.66,2.404
813.68,2.285
813.69,2.227
813.71,2.113
813.73,2.003
813.74,1.949
813.76,1.843
813.78,1.742
813.79,1.692
813.81,1.595
813.83,1.502
813.84,1.457
813.86,1.37
813.88,1.286
813.89,1.246
813.91,1.167
813.92,1.129
813.94,1.056
813.96,0.9866
813.97,0.9531
813.99,0.8887
814.01,0.8275
814.02,0.7982
814.04,0.7419
814.06,0.6887
814.07,0.6632
814.09,0.6145
814.11,0.5687
814.12,0.5468
814.14,0.505
814.16,0.4659
814.17,0.4473
814.19,0.4119
814.21,0.3788
814.22,0.3631
814.24,0.3333
814.26,0.3056
814.27,0.2924
814.29,0.2676
814.3,0.2559
814.32,0.2338
814.34,0.2133
814.35,0.2036
814.37,0.1855
814.39,0.1687
814.4,0.1608
814.42,0.1461
814.44,0.1325
814.45,0.1261
814.47,0.1142
814.49,0.1033
814.5,0.09826
814.52,0.08876
814.54,0.08011
814.55,0.07608
814.57,0.06859
814.59,0.06179
814.6,0.05863
814.62,0.05277
814.64,0.04748
814.65,0.04504
814.67,0.04052
814.68,0.03843
814.7,0.03459
814.72,0.03115
814.73,0.02957
814.75,0.02667
814.77,0.02409
814.78,0.02291
814.8,0.02077
814.82,0.01888
814.83,0.01802
814.85,0.01647
814.87,0.01513
814.88,0.01453
814.9,0.01345
814.92,0.01253
814.93,0.01213
814.95,0.01142
814.97,0.01084
814.98,0.01059
815.0,0.01018
815.01,0.01
815.03,0.009731
815.05,0.00954
815.06,0.009474
815.08,0.009395
815.1,0.009381
815.11,0.009397
815.13,0.00947
815.15,0.009593
815.16,0.009672
815.18,0.009862
815.2,0.01009
815.21,0.01022
815.23,0.0105
815.25,0.01081
815.26,0.01098
815.28,0.01132
815.3,0.01169
815.31,0.01189
815.33,0.01229
815.35,0.0127
815.36,0.01291
815.38,0.01334
815.39,0.01356
815.41,0.01401
815.43,0.01446
815.44,0.01469
815.46,0.01515
815.48,0.01561
815.49,0.01584
815.51,0.0163
815.53,0.01676
815.54,0.01699
815.56,0.01744
815.58,0.01789
815.59,0.01811
815.61,0.01854
815.63,0.01896
815.64,0.01917
815.66,0.01958
815.68,0.01997
815.69,0.02016
815.71,0.02054
815.73,0.0209
815.74,0.02107
815.76,0.02141
815.77,0.02158
815.79,0.02189
815.81,0.02219
815.82,0.02234
815.84,0.02262
815.86,0.02289
815.87,0.02302
815.89,0.02327
815.91,0.02352
815.92,0.02364
815.94,0.02388
815.96,0.02412
815.97,0.02424
815.99,0.02449
816.01,0.02475
816.02,0.02489
816.04,0.02518
816.06,0.02549
816.07,0.02567
816.09,0.02605
816.11,0.02648
816.12,0.02672
816.14,0.02726
816.15,0.02756
816.17,0.02824
816.19,0.02903
816.2,0.02947
816.22,0.03046
816.24,0.03163
816.25,0.03228
816.27,0.03374
816.29,0.03544
816.3,0.03639
816.32,0.03852
816.34,0.04097
816.35,0.04234
816.37,0.04538
816.39,0.04887
816.4,0.0508
816.42,0.05509
816.44,0.05998
816.45,0.06267
816.47,0.06861
816.48,0.07188
816.5,0.07907
816.52,0.08721
816.53,0.09167
816.55,0.1014
816.57,0.1124
816.58,0.1184
816.6,0.1315
816.62,0.1462
816.63,0.1542
816.65,0.1716
816.67,0.191
816.68,0.2016
816.7,0.2244
816.72,0.2498
816.73,0.2635
816.75,0.2932
816.77,0.326
816.78,0.3437
816.8,0.3819
816.82,0.424
816.83,0.4467
816.85,0.4953
816.86,0.5214
816.88,0.5774
816.9,0.6389
816.91,0.6717
816.93,0.7421
816.95,0.8189
816.96,0.86
816.98,0.9475
817.0,1.043
817.01,1.094
817.03,1.201
817.05,1.319
817.06,1.381
817.08,1.513
817.1,1.655
817.11,1.731
817.13,1.891
817.15,2.063
817.16,2.153
817.18,2.345
817.2,2.551
817.21,2.66
817.23,2.888
817.24,3.008
817.26,3.26
817.28,3.529
817.29,3.67
817.31,3.966
817.33,4.28
817.34,4.444
817.36,4.788
817.38,5.151
817.39,5.341
817.41,5.736
817.43,6.154
817.44,6.371
817.46,6.821
817.48,7.295
817.49,7.541
817.51,8.051
817.53,8.584
817.54,8.86
817.56,9.43
817.58,10.02
817.59,10.33
817.61,10.96
817.62,11.29
817.64,11.96
817.66,12.65
817.67,13.01
817.69,13.74
817.71,14.49
817.72,14.88
817.74,15.67
817.76,16.48
817.77,16.89
817.79,17.74
817.81,18.6
817.82,19.04
817.84,19.93
817.86,20.85
817.87,21.31
817.89,22.25
817.91,23.2
817.92,23.68
817.94,24.65
817.95,25.14
817.97,26.13
817.99,27.13
818.0,27.64
818.02,28.65
818.04,29.66
818.05,30.17
818.07,31.2
818.09,32.22
818.1,32.73
818.12,33.75
818.14,34.77
818.15,35.28
818.17,36.3
818.19,37.3
818.2,37.8
818.22,38.8
818.24,39.79
818.25,40.27
818.27,41.24
818.29,42.2
818.3,42.67
818.32,43.61
818.33,44.08
818.35,44.99
818.37,45.89
818.38,46.34
818.4,47.22
818.42,48.08
818.43,48.5
818.45,49.34
818.47,50.17
818.48,50.58
818.5,51.38
818.52,52.17
818.53,52.56
818.55,53.33
818.57,54.09
818.58,54.47
818.6,55.22
818.62,55.95
818.63,56.32
818.65,57.05
818.67,57.77
818.68,58.13
818.7,58.85
818.71,59.21
818.73,59.93
818.75,60.65
818.76,61.01
818.78,61.74
818.8,62.47
818.81,62.84
818.83,63.58
818.85,64.33
818.86,64.71
818.88,65.48
818.9,66.26
818.91,66.65
818.93,67.45
818.95,68.26
818.96,68.67
818.98,69.49
819.0,70.34
819.01,70.76
819.03,71.62
819.04,72.05
819.06,72.93
819.08,73.81
819.09,74.26
819.11,75.16
819.13,76.06
819.14,76.51
819.16,77.42
819.18,78.33
819.19,78.78
819.21,79.68
819.23,80.58
819.24,81.03
819.26,81.9
819.28,82.77
819.29,83.19
819.31,84.03
819.33,84.84
819.34,85.23
819.36,86.0
819.38,86.73
819.39,87.08
819.41,87.76
819.42,88.08
819.44,88.68
819.46,89.24
819.47,89.5
819.49,89.97
819.51,90.39
819.52,90.57
819.54,90.89
819.56,91.14
819.57,91.24
819.59,91.39
819.61,91.46
819.62,91.46
819.64,91.42
819.66,91.29
819.67,91.2
819.69,90.95
819.71,90.63
819.72,90.43
819.74,89.97
819.76,89.43
819.77,89.13
819.79,88.47
819.8,88.11
819.82,87.32
819.84,86.45
819.85,85.98
819.87,84.99
819.89,83.93
819.9,83.37
819.92,82.19
819.94,80.95
819.95,80.3
819.97,78.96
819.99,77.55
820.0,76.83
820.02,75.34
820.04,73.79
820.05,73.0
820.07,71.39
820.09,69.74
820.1,68.89
820.12,67.19
820.14,65.45
820.15,64.57
820.17,62.8
820.18,61.9
820.2,60.1
820.22,58.29
820.23,57.38
820.25,55.56
820.27,53.75
820.28,52.84
820.3,51.03
820.32,49.23
820.33,48.33
820.35,46.56
820.37,44.8
820.38,43.93
820.4,42.22
820.42,40.53
820.43,39.7
820.45,38.06
820.47,36.47
820.48,35.68
820.5,34.14
820.51,33.39
820.53,31.92
820.55,30.49
820.56,29.8
820.58,28.45
820.6,27.15
820.61,26.52
820.63,25.3
820.65,24.14
820.66,23.58
820.68,22.49
820.7,21.47
820.71,20.98
820.73,20.04
820.75,19.15
820.76,18.73
820.78,17.94
820.8,17.2
820.81,16.85
820.83,16.2
820.85,15.61
820.86,15.33
820.88,14.82
820.89,14.59
820.91,14.16
820.93,13.79
820.94,13.63
820.96,13.34
820.98,13.1
820.99,13.0
821.01,12.85
821.03,12.74
821.04,12.71
821.06,12.68
821.08,12.7
821.09,12.73
821.11,12.82
821.13,12.96
821.14,13.05
821.16,13.26
821.18,13.51
821.19,13.65
821.21,13.97
821.23,14.33
821.24,14.53
821.26,14.95
821.27,15.18
821.29,15.66
821.31,16.17
821.32,16.45
821.34,17.02
821.36,17.62
821.37,17.94
821.39,18.59
821.41,19.27
821.42,19.63
821.44,20.35
821.46,21.11
821.47,21.49
821.49,22.28
821.51,23.1
821.52,23.51
821.54,24.35
821.56,25.21
821.57,25.64
821.59,26.52
821.61,27.42
821.62,27.87
821.64,28.77
821.65,29.23
821.67,30.14
821.69,31.05
821.7,31.51
821.72,32.42
821.74,33.33
821.75,33.78
821.77,34.68
821.79,35.57
821.8,36.01
821.82,36.87
821.84,37.72
821.85,38.13
821.87,38.95
821.89,39.74
821.9,40.12
821.92,40.87
821.94,41.59
821.95,41.94
821.97,42.6
821.98,42.92
822.0,43.53
822.02,44.1
822.03,44.37
822.05,44.88
822.07,45.34
822.08,45.55
822.1,45.94
822.12,46.28
822.13,46.43
822.15,46.7
822.17,46.91
822.18,46.99
822.2,47.12
822.22,47.2
822.23,47.22
822.25,47.22
822.27,47.16
822.28,47.11
822.3,46.96
822.32,46.77
822.33,46.65
822.35,46.37
822.36,46.21
822.38,45.86
822.4,45.45
822.41,45.23
822.43,44.75
822.45,44.23
822.46,43.95
822.48,43.35
822.5,42.72
822.51,42.38
822.53,41.69
822.55,40.96
822.56,40.58
822.58,39.79
822.6,38.98
822.61,38.56
822.63,37.7
822.65,36.82
822.66,36.37
822.68,35.45
822.7,34.52
822.71,34.05
822.73,33.09
822.74,32.61
822.76,31.64
822.78,30.66
822.79,30.17
822.81,29.18
822.83,28.2
822.84,27.7
822.86,26.72
822.88,25.74
822.89,25.25
822.91,24.28
822.93,23.32
822.94,22.85
822.96,21.91
822.98,20.98
822.99,20.52
823.01,19.62
823.03,18.73
823.04,18.3
823.06,17.44
823.08,16.61
823.09,16.2
823.11,15.4
823.12,15.0
823.14,14.24
823.16,13.49
823.17,13.13
823.19,12.43
823.21,11.74
823.22,11.41
823.24,10.77
823.26,10.15
823.27,9.852
823.29,9.272
823.31,8.717
823.32,8.449
823.34,7.932
823.36,7.439
823.37,7.201
823.39,6.744
823.41,6.311
823.42,6.103
823.44,5.703
823.45,5.512
823.47,5.145
823.49,4.8
823.5,4.635
823.52,4.321
823.54,4.025
823.55,3.885
823.57,3.618
823.59,3.369
823.6,3.25
823.62,3.027
823.64,2.819
823.65,2.721
823.67,2.536
823.69,2.366
823.7,2.286
823.72,2.136
823.74,1.999
823.75,1.936
823.77,1.817
823.79,1.71
823.8,1.661
823.82,1.57
823.83,1.529
823.85,1.453
823.87,1.387
823.88,1.357
823.9,1.305
823.92,1.261
823.93,1.242
823.95,1.209
823.97,1.185
823.98,1.176
824.0,1.162
824.02,1.155
824.03,1.154
824.05,1.157
824.07,1.167
824.08,1.174
824.1,1.192
824.12,1.216
824.13,1.23
824.15,1.263
824.17,1.301
824.18,1.322
824.2,1.367
824.21,1.392
824.23,1.445
824.25,1.503
824.26,1.533
824.28,1.598
824.3,1.667
824.31,1.703
824.33,1.779
824.35,1.859
824.36,1.9
824.38,1.986
824.4,2.075
824.41,2.121
824.43,2.216
824.45,2.315
824.46,2.365
824.48,2.468
824.5,2.574
824.51,2.628
824.53,2.738
824.55,2.85
824.56,2.907
824.58,3.023
824.59,3.082
824.61,3.2
824.63,3.32
824.64,3.38
824.66,3.501
824.68,3.623
824.69,3.685
824.71,3.807
824.73,3.93
824.74,3.991
824.76,4.113
824.78,4.234
824.79,4.294
824.81,4.414
824.83,4.531
824.84,4.589
824.86,4.703
824.88,4.815
824.89,4.87
824.91,4.977
824.92,5.03
824.94,5.132
824.96,5.23
824.97,5.278
824.99,5.369
825.01,5.456
825.02,5.498
825.04,5.578
825.06,5.652
825.07,5.687
825.09,5.752
825.11,5.812
825.12,5.84
825.14,5.89
825.16,5.934
825.17,5.953
825.19,5.987
825.21,6.014
825.22,6.025
825.24,6.042
825.26,6.052
825.27,6.054
825.29,6.053
825.3,6.05
825.32,6.039
825.34,6.02
825.35,6.008
825.37,5.98
825.39,5.944
825.4,5.924
825.42,5.878
825.44,5.826
825.45,5.798
825.47,5.736
825.49,5.669
825.5,5.633
825.52,5.557
825.54,5.476
825.55,5.434
825.57,5.345
825.59,5.251
825.6,5.203
825.62,5.103
825.64,4.999
825.65,4.946
825.67,4.837
825.68,4.781
825.7,4.668
825.72,4.551
825.73,4.492
825.75,4.373
825.77,4.252
825.78,4.19
825.8,4.067
825.82,3.943
825.83,3.88
825.85,3.755
825.87,3.63
825.88,3.567
825.9,3.442
825.92,3.318
825.93,3.256
825.95,3.133
825.97,3.011
825.98,2.95
826.0,2.83
826.02,2.712
826.03,2.654
826.05,2.538
826.06,2.482
826.08,2.37
826.1,2.26
826.11,2.207
826.13,2.101
826.15,1.998
826.16,1.948
826.18,1.85
826.2,1.754
826.21,1.708
826.23,1.617
826.25,1.529
826.26,1.486
826.28,1.403
826.3,1.323
826.31,1.284
826.33,1.209
826.35,1.136
826.36,1.102
826.38,1.034
826.39,1.001
826.41,0.9384
826.43,0.8784
826.44,0.8495
826.46,0.7938
826.48,0.741
826.49,0.7156
826.51,0.6669
826.53,0.6208
826.54,0.5987
826.56,0.5564
826.58,0.5166
826.59,0.4975
826.61,0.4611
826.63,0.427
826.64,0.4107
826.66,0.3796
826.68,0.3506
826.69,0.3368
826.71,0.3105
826.73,0.2861
826.74,0.2745
826.76,0.2525
826.77,0.242
826.79,0.2223
826.81,0.204
826.82,0.1954
826.84,0.1791
826.86,0.164
826.87,0.1569
826.89,0.1436
826.91,0.1312
826.92,0.1255
826.94,0.1146
826.96,0.1046
826.97,0.09997
826.99,0.09123
827.01,0.08325
827.02,0.07952
827.04,0.07256
827.06,0.06623
827.07,0.06329
827.09,0.05782
827.11,0.05288
827.12,0.05059
827.14,0.04636
827.15,0.04441
827.17,0.04082
827.19,0.03761
827.2,0.03615
827.22,0.03348
827.24,0.03114
827.25,0.03008
827.27,0.02818
827.29,0.02655
827.3,0.02583
827.32,0.02459
827.34,0.02357
827.35,0.02315
827.37,0.02246
827.39,0.02198
827.4,0.02181
827.42,0.02161
827.44,0.0216
827.45,0.02166
827.47,0.02192
827.48,0.02211
827.5,0.02262
827.52,0.02329
827.53,0.02369
827.55,0.02461
827.57,0.02569
827.58,0.0263
827.6,0.02762
827.62,0.02911
827.63,0.02992
827.65,0.03166
827.67,0.03357
827.68,0.03458
827.7,0.03675
827.72,0.03909
827.73,0.04032
827.75,0.04293
827.77,0.04572
827.78,0.04718
827.8,0.05026
827.82,0.05352
827.83,0.05523
827.85,0.05878
827.86,0.06064
827.88,0.0645
827.9,0.06856
827.91,0.07067
827.93,0.07505
827.95,0.07963
827.96,0.082
827.98,0.08691
828.0,0.09202
828.01,0.09466
828.03,0.1001
828.05,0.1057
828.06,0.1086
828.08,0.1146
828.1,0.1208
828.11,0.1239
828.13,0.1304
828.15,0.1371
828.16,0.1405
828.18,0.1474
828.2,0.1546
828.21,0.1582
828.23,0.1656
828.24,0.1693
828.26,0.1769
828.28,0.1847
828.29,0.1886
828.31,0.1966
828.33,0.2046
828.34,0.2087
828.36,0.2169
828.38,0.2252
828.39,0.2293
828.41,0.2377
828.43,0.246
828.44,0.2502
828.46,0.2586
828.48,0.267
828.49,0.2711
828.51,0.2794
828.53,0.2877
828.54,0.2918
828.56,0.2998
828.58,0.3078
828.59,0.3117
828.61,0.3195
828.62,0.3233
828.64,0.3308
828.66,0.3381
828.67,0.3416
828.69,0.3486
828.71,0.3552
828.72,0.3585
828.74,0.3647
828.76,0.3707
828.77,0.3736
828.79,0.379
828.81,0.3842
828.82,0.3866
828.84,0.3912
828.86,0.3954
828.87,0.3974
828.89,0.4011
828.91,0.4043
828.92,0.4058
828.94,0.4084
828.95,0.4096
828.97,0.4116
828.99,0.4132
829.0,0.4139
829.02,0.4149
829.04,0.4155
829.05,0.4156
829.07,0.4156
829.09,0.4152
829.1,0.4148
829.12,0.4138
829.14,0.4124
829.15,0.4116
829.17,0.4097
829.19,0.4075
829.2,0.4062
829.22,0.4035
829.24,0.4006
829.25,0.399
829.27,0.3956
829.29,0.392
829.3,0.3901
829.32,0.3862
829.33,0.3842
829.35,0.3801
829.37,0.3758
829.38,0.3737
829.4,0.3693
829.42,0.3648
829.43,0.3626
829.45,0.3582
829.47,0.3537
829.48,0.3515
829.5,0.3472
829.52,0.343
829.53,0.3409
829.55,0.3369
829.57,0.333
829.58,0.3312
829.6,0.3277
829.62,0.3244
829.63,0.3229
829.65,0.32
829.67,0.3175
829.68,0.3164
829.7,0.3144
829.71,0.3136
829.73,0.3122
829.75,0.3113
829.76,0.311
829.78,0.3107
829.8,0.3109
829.81,0.3112
829.83,0.3121
829.85,0.3136
829.86,0.3146
829.88,0.3169
829.9,0.3197
829.91,0.3214
829.93,0.3251
829.95,0.3294
829.96,0.3318
829.98,0.337
830.0,0.3428
830.01,0.346
830.03,0.3527
830.05,0.36
830.06,0.3639
830.08,0.3722
830.09,0.3765
830.11,0.3856
830.13,0.3954
830.14,0.4005
830.16,0.4111
830.18,0.4223
830.19,0.4281
830.21,0.4401
830.23,0.4526
830.24,0.4591
830.26,0.4724
830.28,0.4863
830.29,0.4934
830.31,0.5079
830.33,0.5229
830.34,0.5305
830.36,0.5461
830.38,0.5621
830.39,0.5702
830.41,0.5868
830.42,0.5951
830.44,0.6121
830.46,0.6294
830.47,0.6381
830.49,0.6558
830.51,0.6736
830.52,0.6826
830.54,0.7008
830.56,0.719
830.57,0.7282
830.59,0.7466
830.61,0.7651
830.62,0.7743
830.64,0.7929
830.66,0.8114
830.67,0.8206
830.69,0.8391
830.71,0.8575
830.72,0.8667
830.74,0.885
830.76,0.9032
830.77,0.9122
830.79,0.9302
830.8,0.9391
830.82,0.9568
830.84,0.9744
830.85,0.9831
830.87,1.0
830.89,1.018
830.9,1.026
830.92,1.043
830.94,1.059
830.95,1.068
830.97,1.084
830.99,1.1
831.0,1.108
831.02,1.124
831.04,1.14
831.05,1.148
831.07,1.164
831.09,1.18
831.1,1.188
831.12,1.204
831.14,1.22
831.15,1.228
831.17,1.244
831.18,1.253
831.2,1.269
831.22,1.287
831.23,1.295
831.25,1.313
831.27,1.332
831.28,1.341
831.3,1.361
831.32,1.381
831.33,1.392
831.35,1.413
831.37,1.436
831.38,1.448
831.4,1.473
831.42,1.5
831.43,1.514
831.45,1.543
831.47,1.573
831.48,1.589
831.5,1.623
831.52,1.659
831.53,1.678
831.55,1.718
831.56,1.739
831.58,1.783
831.6,1.829
831.61,1.854
831.63,1.905
831.65,1.96
831.66,1.989
831.68,2.049
831.7,2.113
831.71,2.146
831.73,2.216
831.75,2.29
831.76,2.329
831.78,2.41
831.8,2.495
831.81,2.539
831.83,2.631
831.85,2.728
831.86,2.779
831.88,2.883
831.89,2.937
831.91,3.05
831.93,3.167
831.94,3.227
831.96,3.353
831.98,3.483
831.99,3.55
832.01,3.688
832.03,3.831
832.04,3.905
832.06,4.056
832.08,4.211
832.09,4.291
832.11,4.454
832.13,4.621
832.14,4.707
832.16,4.88
832.18,5.058
832.19,5.148
832.21,5.331
832.23,5.518
832.24,5.612
832.26,5.803
832.27,5.899
832.29,6.093
832.31,6.288
832.32,6.387
832.34,6.584
832.36,6.782
832.37,6.881
832.39,7.079
832.41,7.277
832.42,7.375
832.44,7.57
832.46,7.764
832.47,7.859
832.49,8.049
832.51,8.234
832.52,8.326
832.54,8.506
832.56,8.68
832.57,8.766
832.59,8.932
832.61,9.092
832.62,9.17
832.64,9.32
832.65,9.392
832.67,9.53
832.69,9.66
832.7,9.722
832.72,9.838
832.74,9.946
832.75,9.995
832.77,10.09
832.79,10.17
832.8,10.21
832.82,10.27
832.84,10.33
832.85,10.35
832.87,10.39
832.89,10.41
832.9,10.42
832.92,10.43
832.94,10.43
832.95,10.42
832.97,10.4
832.99,10.37
833.0,10.35
833.02,10.3
833.03,10.27
833.05,10.2
833.07,10.13
833.08,10.08
833.1,9.989
833.12,9.885
833.13,9.829
833.15,9.711
833.17,9.583
833.18,9.515
833.2,9.374
833.22,9.225
833.23,9.147
833.25,8.987
833.27,8.819
833.28,8.733
833.3,8.557
833.32,8.375
833.33,8.282
833.35,8.093
833.36,7.997
833.38,7.802
833.4,7.604
833.41,7.504
833.43,7.302
833.45,7.099
833.46,6.997
833.48,6.793
833.5,6.588
833.51,6.486
833.53,6.282
833.55,6.079
833.56,5.978
833.58,5.778
833.6,5.58
833.61,5.482
833.63,5.289
833.65,5.099
833.66,5.005
833.68,4.821
833.7,4.641
833.71,4.553
833.73,4.38
833.74,4.295
833.76,4.13
833.78,3.97
833.79,3.892
833.81,3.741
833.83,3.596
833.84,3.525
833.86,3.389
833.88,3.259
833.89,3.196
833.91,3.075
833.93,2.96
833.94,2.905
833.96,2.8
833.98,2.701
833.99,2.653
834.01,2.564
834.03,2.48
834.04,2.44
834.06,2.365
834.08,2.296
834.09,2.263
834.11,2.202
834.12,2.174
834.14,2.121
834.16,2.073
834.17,2.051
834.19,2.011
834.21,1.975
834.22,1.959
834.24,1.929
834.26,1.904
834.27,1.892
834.29,1.873
834.31,1.856
834.32,1.849
834.34,1.838
834.36,1.829
834.37,1.825
834.39,1.82
834.41,1.818
834.42,1.817
834.44,1.817
834.46,1.819
834.47,1.82
834.49,1.824
834.5,1.827
834.52,1.832
834.54,1.838
834.55,1.842
834.57,1.849
834.59,1.856
834.6,1.86
834.62,1.867
834.64,1.875
834.65,1.878
834.67,1.885
834.69,1.891
834.7,1.894
834.72,1.899
834.74,1.904
834.75,1.905
834.77,1.908
834.79,1.91
834.8,1.911
834.82,1.911
834.83,1.91
834.85,1.908
834.87,1.905
834.88,1.903
834.9,1.898
834.92,1.891
834.93,1.887
834.95,1.879
834.97,1.868
834.98,1.863
835.0,1.851
835.02,1.837
835.03,1.83
835.05,1.814
835.07,1.797
835.08,1.788
835.1,1.769
835.12,1.749
835.13,1.739
835.15,1.718
835.17,1.695
835.18,1.684
835.2,1.66
835.21,1.648
835.23,1.623
835.25,1.598
835.26,1.585
835.28,1.558
835.3,1.532
835.31,1.518
835.33,1.491
835.35,1.464
835.36,1.451
835.38,1.423
835.4,1.396
835.41,1.383
835.43,1.356
835.45,1.329
835.46,1.316
835.48,1.29
835.5,1.264
835.51,1.252
835.53,1.227
835.55,1.203
835.56,1.191
835.58,1.168
835.59,1.157
835.61,1.135
835.63,1.114
835.64,1.104
835.66,1.084
835.68,1.065
835.69,1.056
835.71,1.039
835.73,1.023
835.74,1.016
835.76,1.001
835.78,0.9877
835.79,0.9814
835.81,0.9696
835.83,0.9589
835.84,0.9539
835.86,0.9447
835.88,0.9366
835.89,0.9329
835.91,0.9263
835.93,0.9207
835.94,0.9182
835.96,0.914
835.97,0.9122
835.99,0.9094
836.01,0.9073
836.02,0.9066
836.04,0.9058
836.06,0.9057
836.07,0.9059
836.09,0.9068
836.11,0.9083
836.12,0.9093
836.14,0.9116
836.16,0.9145
836.17,0.916
836.19,0.9195
836.21,0.9233
836.22,0.9253
836.24,0.9295
836.26,0.9339
836.27,0.9361
836.29,0.9408
836.3,0.9431
836.32,0.9479
836.34,0.9527
836.35,0.9551
836.37,0.9598
836.39,0.9644
836.4,0.9667
836.42,0.9711
836.44,0.9754
836.45,0.9775
836.47,0.9815
836.49,0.9852
836.5,0.987
836.52,0.9904
836.54,0.9935
836.55,0.995
836.57,0.9977
836.59,1.0
836.6,1.001
836.62,1.003
836.64,1.005
836.65,1.006
836.67,1.008
836.68,1.008
836.7,1.01
836.72,1.011
836.73,1.011
836.75,1.012
836.77,1.014
836.78,1.014
836.8,1.015
836.82,1.017
836.83,1.017
836.85,1.019
836.87,1.021
836.88,1.022
836.9,1.025
836.92,1.028
836.93,1.03
836.95,1.034
836.97,1.039
836.98,1.042
837.0,1.048
837.02,1.055
837.03,1.059
837.05,1.068
837.06,1.073
837.08,1.083
837.1,1.096
837.11,1.102
837.13,1.117
837.15,1.133
837.16,1.142
837.18,1.161
837.2,1.182
837.21,1.194
837.23,1.218
837.25,1.245
837.26,1.259
837.28,1.289
837.3,1.322
837.31,1.339
837.33,1.377
837.35,1.416
837.36,1.438
837.38,1.482
837.39,1.505
837.41,1.555
837.43,1.608
837.44,1.635
837.46,1.693
837.48,1.755
837.49,1.787
837.51,1.854
837.53,1.925
837.54,1.963
837.56,2.04
837.58,2.121
837.59,2.163
837.61,2.251
837.63,2.344
837.64,2.391
837.66,2.49
837.68,2.594
837.69,2.647
837.71,2.758
837.73,2.873
837.74,2.933
837.76,3.055
837.77,3.119
837.79,3.248
837.81,3.383
837.82,3.453
837.84,3.595
837.86,3.742
837.87,3.818
837.89,3.972
837.91,4.132
837.92,4.214
837.94,4.381
837.96,4.553
837.97,4.64
837.99,4.819
838.01,5.003
838.02,5.096
838.04,5.286
838.06,5.48
838.07,5.579
838.09,5.779
838.11,5.984
838.12,6.087
838.14,6.297
838.15,6.403
838.17,6.617
838.19,6.834
838.2,6.943
838.22,7.164
838.24,7.387
838.25,7.499
838.27,7.724
838.29,7.95
838.3,8.064
838.32,8.291
838.34,8.518
838.35,8.631
838.37,8.858
838.39,9.083
838.4,9.195
838.42,9.418
838.44,9.638
838.45,9.747
838.47,9.963
838.49,10.17
838.5,10.28
838.52,10.48
838.53,10.59
838.55,10.78
838.57,10.97
838.58,11.07
838.6,11.25
838.62,11.42
838.63,11.51
838.65,11.67
838.67,11.83
838.68,11.9
838.7,12.04
838.72,12.17
838.73,12.23
838.75,12.35
838.77,12.45
838.78,12.5
838.8,12.59
838.82,12.66
838.83,12.69
838.85,12.75
838.86,12.77
838.88,12.81
838.9,12.84
838.91,12.85
838.93,12.85
838.95,12.85
838.96,12.84
838.98,12.81
839.0,12.77
839.01,12.75
839.03,12.69
839.05,12.62
839.06,12.58
839.08,12.48
839.1,12.38
839.11,12.33
839.13,12.2
839.15,12.07
839.16,12.0
839.18,11.85
839.2,11.69
839.21,11.61
839.23,11.43
839.24,11.34
839.26,11.15
839.28,10.95
839.29,10.85
839.31,10.64
839.33,10.42
839.34,10.31
839.36,10.08
839.38,9.85
839.39,9.732
839.41,9.491
839.43,9.247
839.44,9.123
839.46,8.873
839.48,8.62
839.49,8.493
839.51,8.238
839.53,7.982
839.54,7.853
839.56,7.596
839.58,7.34
839.59,7.212
839.61,6.956
839.62,6.83
839.64,6.577
839.66,6.327
839.67,6.204
839.69,5.958
839.71,5.716
839.72,5.597
839.74,5.361
839.76,5.13
839.77,5.017
839.79,4.793
839.81,4.575
839.82,4.468
839.84,4.258
839.86,4.054
839.87,3.954
839.89,3.759
839.91,3.571
839.92,3.48
839.94,3.301
839.96,3.129
839.97,3.046
839.99,2.884
840.0,2.806
840.02,2.655
840.04,2.51
840.05,2.44
840.07,2.306
840.09,2.178
840.1,2.117
840.12,1.999
840.14,1.888
840.15,1.835
840.17,1.733
840.19,1.638
840.2,1.593
840.22,1.507
840.24,1.427
840.25,1.39
840.27,1.319
840.29,1.253
840.3,1.223
840.32,1.165
840.33,1.139
840.35,1.089
840.37,1.045
840.38,1.024
840.4,0.9868
840.42,0.9541
840.43,0.9394
840.45,0.9132
840.47,0.8911
840.48,0.8816
840.5,0.8655
840.52,0.8531
840.53,0.8483
840.55,0.8412
840.57,0.8374
840.58,0.8367
840.6,0.8376
840.62,0.8414
840.63,0.8443
840.65,0.8522
840.67,0.8626
840.68,0.8687
840.7,0.8826
840.71,0.8904
840.73,0.9074
840.75,0.9264
840.76,0.9366
840.78,0.9581
840.8,0.9813
840.81,0.9934
840.83,1.019
840.85,1.045
840.86,1.059
840.88,1.087
840.9,1.115
840.91,1.13
840.93,1.16
840.95,1.19
840.96,1.206
840.98,1.237
841.0,1.268
841.01,1.283
841.03,1.315
841.05,1.346
841.06,1.362
841.08,1.393
841.09,1.408
841.11,1.439
841.13,1.469
841.14,1.484
841.16,1.513
841.18,1.541
841.19,1.555
841.21,1.583
841.23,1.609
841.24,1.622
841.26,1.647
841.28,1.671
841.29,1.683
841.31,1.706
841.33,1.727
841.34,1.738
841.36,1.758
841.38,1.776
841.39,1.785
841.41,1.803
841.43,1.819
841.44,1.826
841.46,1.841
841.47,1.848
841.49,1.861
841.51,1.873
841.52,1.878
841.54,1.889
841.56,1.899
841.57,1.904
841.59,1.913
841.61,1.921
841.62,1.925
841.64,1.932
841.66,1.94
841.67,1.943
841.69,1.95
841.71,1.957
841.72,1.96
841.74,1.967
841.76,1.974
841.77,1.978
841.79,1.986
841.8,1.99
841.82,1.999
841.84,2.008
841.85,2.013
841.87,2.024
841.89,2.036
841.9,2.043
841.92,2.057
841.94,2.072
841.95,2.081
841.97,2.099
841.99,2.118
842.0,2.129
842.02,2.151
842.04,2.176
842.05,2.189
842.07,2.217
842.09,2.248
842.1,2.264
842.12,2.298
842.14,2.335
842.15,2.355
842.17,2.396
842.18,2.417
842.2,2.462
842.22,2.511
842.23,2.536
842.25,2.589
842.27,2.645
842.28,2.674
842.3,2.735
842.32,2.799
842.33,2.832
842.35,2.901
842.37,2.974
842.38,3.011
842.4,3.089
842.42,3.17
842.43,3.211
842.45,3.297
842.47,3.387
842.48,3.433
842.5,3.527
842.52,3.625
842.53,3.676
842.55,3.779
842.56,3.832
842.58,3.94
842.6,4.051
842.61,4.108
842.63,4.225
842.65,4.344
842.66,4.405
842.68,4.53
842.7,4.657
842.71,4.722
842.73,4.854
842.75,4.989
842.76,5.058
842.78,5.197
842.8,5.339
842.81,5.411
842.83,5.556
842.85,5.704
842.86,5.779
842.88,5.93
842.9,6.084
842.91,6.161
842.93,6.317
842.94,6.396
842.96,6.554
842.98,6.713
842.99,6.793
843.01,6.954
843.03,7.116
843.04,7.197
843.06,7.359
843.08,7.521
843.09,7.601
843.11,7.763
843.13,7.924
843.14,8.003
843.16,8.162
843.18,8.32
843.19,8.398
843.21,8.552
843.23,8.704
843.24,8.779
843.26,8.926
843.27,8.998
843.29,9.14
843.31,9.278
843.32,9.346
843.34,9.477
843.36,9.603
843.37,9.664
843.39,9.782
843.41,9.894
843.42,9.948
843.44,10.05
843.46,10.15
843.47,10.19
843.49,10.27
843.51,10.35
843.52,10.39
843.54,10.45
843.56,10.51
843.57,10.53
843.59,10.57
843.61,10.61
843.62,10.62
843.64,10.64
843.65,10.65
843.67,10.65
843.69,10.65
843.7,10.64
843.72,10.62
843.74,10.59
843.75,10.57
843.77,10.53
843.79,10.47
843.8,10.44
843.82,10.37
843.84,10.29
843.85,10.25
843.87,10.15
843.89,10.05
843.9,9.996
843.92,9.88
843.94,9.755
843.95,9.69
843.97,9.552
843.99,9.407
844.0,9.332
844.02,9.176
844.03,9.096
844.05,8.929
844.07,8.757
844.08,8.669
844.1,8.488
844.12,8.302
844.13,8.207
844.15,8.015
844.17,7.818
844.18,7.718
844.2,7.517
844.22,7.313
844.23,7.21
844.25,7.003
844.27,6.794
844.28,6.689
844.3,6.479
844.32,6.269
844.33,6.164
844.35,5.954
844.37,5.745
844.38,5.641
844.4,5.434
844.41,5.331
844.43,5.127
844.45,4.925
844.46,4.825
844.48,4.628
844.5,4.433
844.51,4.338
844.53,4.149
844.55,3.963
844.56,3.872
844.58,3.693
844.6,3.519
844.61,3.433
844.63,3.266
844.65,3.103
844.66,3.023
844.68,2.868
844.7,2.718
844.71,2.645
844.73,2.502
844.74,2.433
844.76,2.298
844.78,2.168
844.79,2.105
844.81,1.983
844.83,1.867
844.84,1.81
844.86,1.701
844.88,1.597
844.89,1.547
844.91,1.45
844.93,1.358
844.94,1.314
844.96,1.229
844.98,1.148
844.99,1.11
845.01,1.036
845.03,0.9665
845.04,0.9332
845.06,0.8696
845.08,0.81
845.09,0.7816
845.11,0.7275
845.12,0.7018
845.14,0.653
845.16,0.6075
845.17,0.586
845.19,0.5453
845.21,0.5076
845.22,0.4898
845.24,0.4564
845.26,0.4257
845.27,0.4114
845.29,0.3845
845.31,0.3601
845.32,0.3488
845.34,0.3278
845.36,0.3091
845.37,0.3005
845.39,0.2848
845.41,0.2711
845.42,0.2649
845.44,0.254
845.46,0.2449
845.47,0.241
845.49,0.2345
845.5,0.2319
845.52,0.2278
845.54,0.2254
845.55,0.2247
845.57,0.2246
845.59,0.226
845.6,0.2272
845.62,0.2308
845.64,0.2359
845.65,0.239
845.67,0.2462
845.69,0.2549
845.7,0.2598
845.72,0.2707
845.74,0.283
845.75,0.2897
845.77,0.3042
845.79,0.3201
845.8,0.3287
845.82,0.3469
845.84,0.3665
845.85,0.377
845.87,0.3989
845.88,0.4105
845.9,0.4348
845.92,0.4606
845.93,0.4741
845.95,0.5023
845.97,0.5321
845.98,0.5476
846.0,0.5798
846.02,0.6136
846.03,0.6311
846.05,0.6673
846.07,0.705
846.08,0.7245
846.1,0.7647
846.12,0.8064
846.13,0.8279
846.15,0.8719
846.17,0.9174
846.18,0.9407
846.2,0.9884
846.21,1.013
846.23,1.063
846.25,1.114
846.26,1.14
846.28,1.193
846.3,1.247
846.31,1.274
846.33,1.33
846.35,1.386
846.36,1.415
846.38,1.473
846.4,1.531
846.41,1.561
846.43,1.62
846.45,1.68
846.46,1.71
846.48,1.769
846.5,1.829
846.51,1.859
846.53,1.919
846.55,1.979
846.56,2.008
846.58,2.067
846.59,2.096
846.61,2.154
846.63,2.21
846.64,2.238
846.66,2.293
846.68,2.347
846.69,2.373
846.71,2.425
846.73,2.474
846.74,2.498
846.76,2.545
846.78,2.59
846.79,2.611
846.81,2.652
846.83,2.691
846.84,2.71
846.86,2.744
846.88,2.777
846.89,2.792
846.91,2.819
846.93,2.844
846.94,2.855
846.96,2.875
846.97,2.884
846.99,2.9
847.01,2.912
847.02,2.917
847.04,2.924
847.06,2.927
847.07,2.928
847.09,2.927
847.11,2.922
847.12,2.918
847.14,2.908
847.16,2.895
847.17,2.888
847.19,2.87
847.21,2.849
847.22,2.837
847.24,2.811
847.26,2.783
847.27,2.767
847.29,2.734
847.3,2.717
847.32,2.68
847.34,2.64
847.35,2.62
847.37,2.577
847.39,2.531
847.4,2.508
847.42,2.46
847.44,2.41
847.45,2.384
847.47,2.332
847.49,2.278
847.5,2.25
847.52,2.195
847.54,2.138
847.55,2.109
847.57,2.051
847.59,1.993
847.6,1.963
847.62,1.904
847.64,1.845
847.65,1.815
847.67,1.756
847.68,1.726
847.7,1.667
847.72,1.609
847.73,1.58
847.75,1.522
847.77,1.465
847.78,1.437
847.8,1.381
847.82,1.327
847.83,1.3
847.85,1.247
847.87,1.196
847.88,1.171
847.9,1.122
847.92,1.074
847.93,1.051
847.95,1.007
847.97,0.9636
847.98,0.9428
848.0,0.9028
848.02,0.8649
848.03,0.8468
848.05,0.8122
848.06,0.7957
848.08,0.7645
848.1,0.7358
848.11,0.7224
848.13,0.6974
848.15,0.675
848.16,0.6648
848.18,0.6466
848.2,0.6311
848.21,0.6245
848.23,0.6135
848.25,0.6055
848.26,0.6028
848.28,0.5996
848.3,0.5998
848.31,0.6012
848.33,0.6066
848.35,0.6157
848.36,0.6216
848.38,0.6364
848.4,0.6552
848.41,0.6662
848.43,0.6913
848.44,0.7054
848.46,0.7372
848.48,0.7736
848.49,0.7936
848.51,0.8374
848.53,0.8863
848.54,0.9127
848.56,0.9698
848.58,1.032
848.59,1.066
848.61,1.138
848.63,1.216
848.64,1.257
848.66,1.345
848.68,1.439
848.69,1.489
848.71,1.595
848.73,1.708
848.74,1.767
848.76,1.892
848.77,1.957
848.79,2.095
848.81,2.24
848.82,2.316
848.84,2.475
848.86,2.643
848.87,2.731
848.89,2.913
848.91,3.104
848.92,3.204
848.94,3.41
848.96,3.627
848.97,3.739
848.99,3.971
849.01,4.214
849.02,4.339
849.04,4.597
849.06,4.866
849.07,5.005
849.09,5.29
849.11,5.585
849.12,5.737
849.14,6.048
849.15,6.207
849.17,6.534
849.19,6.871
849.2,7.043
849.22,7.394
849.24,7.755
849.25,7.939
849.27,8.314
849.29,8.697
849.3,8.891
849.32,9.287
849.34,9.69
849.35,9.894
849.37,10.31
849.39,10.73
849.4,10.94
849.42,11.36
849.44,11.8
849.45,12.01
849.47,12.45
849.49,12.89
849.5,13.11
849.52,13.55
849.53,13.77
849.55,14.21
849.57,14.65
849.58,14.87
849.6,15.31
849.62,15.75
849.63,15.96
849.65,16.39
849.67,16.81
849.68,17.02
849.7,17.44
849.72,17.84
849.73,18.04
849.75,18.43
849.77,18.81
849.78,19.0
849.8,19.36
849.82,19.71
849.83,19.88
849.85,20.21
849.87,20.53
849.88,20.68
849.9,20.98
849.91,21.12
849.93,21.38
849.95,21.64
849.96,21.75
849.98,21.98
850.0,22.18
850.01,22.28
850.03,22.45
850.05,22.61
850.06,22.68
850.08,22.81
850.1,22.91
850.11,22.96
850.13,23.03
850.15,23.09
850.16,23.11
850.18,23.13
850.2,23.14
850.21,23.13
850.23,23.1
850.24,23.08
850.26,23.02
850.28,22.95
850.29,22.9
850.31,22.8
850.33,22.67
850.34,22.6
850.36,22.45
850.38,22.28
850.39,22.19
850.41,22.0
850.43,21.79
850.44,21.68
850.46,21.45
850.48,21.2
850.49,21.08
850.51,20.81
850.53,20.53
850.54,20.39
850.56,20.1
850.58,19.79
850.59,19.64
850.61,19.32
850.62,19.16
850.64,18.83
850.66,18.49
850.67,18.32
850.69,17.97
850.71,17.62
850.72,17.45
850.74,17.09
850.76,16.73
850.77,16.55
850.79,16.19
850.81,15.82
850.82,15.64
850.84,15.28
850.86,14.91
850.87,14.73
850.89,14.37
850.91,14.01
850.92,13.83
850.94,13.47
850.96,13.12
850.97,12.94
850.99,12.59
851.0,12.42
851.02,12.08
851.04,11.74
851.05,11.58
851.07,11.25
851.09,10.92
851.1,10.76
851.12,10.45
851.14,10.14
851.15,9.991
851.17,9.693
851.19,9.402
851.2,9.259
851.22,8.978
851.24,8.704
851.25,8.57
851.27,8.307
851.29,8.051
851.3,7.926
851.32,7.681
851.34,7.443
851.35,7.327
851.37,7.099
851.38,6.989
851.4,6.772
851.42,6.562
851.43,6.46
851.45,6.261
851.47,6.068
851.48,5.975
851.5,5.792
851.52,5.616
851.53,5.531
851.55,5.364
851.57,5.204
851.58,5.126
851.6,4.975
851.62,4.829
851.63,4.759
851.65,4.622
851.67,4.491
851.68,4.427
851.7,4.304
851.71,4.244
851.73,4.128
851.75,4.018
851.76,3.964
851.78,3.861
851.8,3.762
851.81,3.715
851.83,3.623
851.85,3.536
851.86,3.494
851.88,3.413
851.9,3.337
851.91,3.301
851.93,3.23
851.95,3.164
851.96,3.133
851.98,3.073
852.0,3.017
852.01,2.991
852.03,2.941
852.05,2.895
852.06,2.873
852.08,2.833
852.09,2.814
852.11,2.78
852.13,2.75
852.14,2.736
852.16,2.712
852.18,2.692
852.19,2.684
852.21,2.67
852.23,2.661
852.24,2.658
852.26,2.655
852.28,2.657
852.29,2.66
852.31,2.67
852.33,2.685
852.34,2.694
852.36,2.718
852.38,2.747
852.39,2.764
852.41,2.802
852.43,2.848
852.44,2.873
852.46,2.93
852.47,2.961
852.49,3.029
852.51,3.107
852.52,3.149
852.54,3.241
852.56,3.343
852.57,3.398
852.59,3.517
852.61,3.648
852.62,3.719
852.64,3.871
852.66,4.037
852.67,4.127
852.69,4.317
852.71,4.526
852.72,4.637
852.74,4.874
852.76,5.132
852.77,5.27
852.79,5.562
852.81,5.879
852.82,6.047
852.84,6.405
852.85,6.594
852.87,6.995
852.89,7.429
852.9,7.658
852.92,8.142
852.94,8.664
852.95,8.939
852.97,9.519
852.99,10.14
853.0,10.47
853.02,11.16
853.04,11.9
853.05,12.28
853.07,13.1
853.09,13.96
853.1,14.42
853.12,15.37
853.14,16.38
853.15,16.91
853.17,18.01
853.18,18.59
853.2,19.79
853.22,21.06
853.23,21.72
853.25,23.1
853.27,24.55
853.28,25.3
853.3,26.86
853.32,28.5
853.33,29.35
853.35,31.11
853.37,32.94
853.38,33.89
853.4,35.84
853.42,37.88
853.43,38.93
853.45,41.09
853.47,43.33
853.48,44.48
853.5,46.84
853.52,49.27
853.53,50.52
853.55,53.08
853.56,54.38
853.58,57.04
853.6,59.78
853.61,61.17
853.63,64.01
853.65,66.9
853.66,68.37
853.68,71.36
853.7,74.4
853.71,75.93
853.73,79.04
853.75,82.18
853.76,83.77
853.78,86.96
853.8,90.18
853.81,91.8
853.83,95.04
853.85,98.29
853.86,99.91
853.88,103.2
853.9,106.4
853.91,108.0
853.93,111.2
853.94,112.8
853.96,116.0
853.98,119.1
853.99,120.6
854.01,123.6
854.03,126.6
854.04,128.0
854.06,130.9
854.08,133.7
854.09,135.0
854.11,137.6
854.13,140.1
854.14,141.3
854.16,143.7
854.18,145.9
854.19,147.0
854.21,149.0
854.23,150.8
854.24,151.7
854.26,153.3
854.28,154.8
854.29,155.5
854.31,156.8
854.32,157.3
854.34,158.3
854.36,159.1
854.37,159.5
854.39,160.0
854.41,160.4
854.42,160.5
854.44,160.6
854.46,160.5
854.47,160.4
854.49,160.0
854.51,159.5
854.52,159.2
854.54,158.4
854.56,157.4
854.57,156.8
854.59,155.6
854.61,154.2
854.62,153.4
854.64,151.8
854.65,150.9
854.67,149.1
854.69,147.0
854.7,146.0
854.72,143.8
854.74,141.4
854.75,140.2
854.77,137.7
854.79,135.1
854.8,133.7
854.82,131.0
854.84,128.1
854.85,126.6
854.87,123.7
854.89,120.6
854.9,119.1
854.92,116.0
854.94,112.8
854.95,111.2
854.97,108.0
854.99,104.7
855.0,103.1
855.02,99.8
855.03,98.16
855.05,94.88
855.07,91.61
855.08,89.98
855.1,86.72
855.12,83.49
855.13,81.89
855.15,78.71
855.17,75.56
855.18,74.0
855.2,70.93
855.22,67.9
855.23,66.4
855.25,63.46
855.27,60.58
855.28,59.16
855.3,56.38
855.32,53.67
855.33,52.34
855.35,49.74
855.37,47.21
855.38,45.98
855.4,43.57
855.41,42.39
855.43,40.1
855.45,37.89
855.46,36.82
855.48,34.73
855.5,32.72
855.51,31.75
855.53,29.87
855.55,28.06
855.56,27.19
855.58,25.5
855.6,23.89
855.61,23.12
855.63,21.62
855.65,20.2
855.66,19.52
855.68,18.2
855.7,16.96
855.71,16.36
855.73,15.21
855.75,14.13
855.76,13.62
855.78,12.63
855.79,12.16
855.81,11.25
855.83,10.41
855.84,10.0
855.86,9.235
855.88,8.516
855.89,8.174
855.91,7.525
855.93,6.92
855.94,6.633
855.96,6.089
855.98,5.583
855.99,5.344
856.01,4.892
856.03,4.473
856.04,4.275
856.06,3.902
856.08,3.558
856.09,3.396
856.11,3.091
856.12,2.948
856.14,2.679
856.16,2.432
856.17,2.316
856.19,2.098
856.21,1.899
856.22,1.806
856.24,1.632
856.26,1.473
856.27,1.399
856.29,1.261
856.31,1.135
856.32,1.076
856.34,0.9673
856.36,0.8684
856.37,0.8224
856.39,0.7371
856.41,0.6599
856.42,0.6241
856.44,0.5579
856.46,0.4981
856.47,0.4705
856.49,0.4195
856.5,0.3959
856.52,0.3524
856.54,0.3134
856.55,0.2954
856.57,0.2624
856.59,0.2328
856.6,0.2192
856.62,0.1942
856.64,0.1719
856.65,0.1617
856.67,0.143
856.69,0.1264
856.7,0.1188
856.72,0.1049
856.74,0.09259
856.75,0.08697
856.77,0.07674
856.79,0.0677
856.8,0.06359
856.82,0.05611
856.84,0.04954
856.85,0.04657
856.87,0.04117
856.88,0.03873
856.9,0.03432
856.92,0.03048
856.93,0.02875
856.95,0.02565
856.97,0.02297
856.98,0.02177
857.0,0.01964
857.02,0.01783
857.03,0.01703
857.05,0.01564
857.07,0.01449
857.08,0.01399
857.1,0.01316
857.12,0.01252
857.13,0.01226
857.15,0.01188
857.17,0.01164
857.18,0.01158
857.2,0.01156
857.21,0.0116
857.23,0.01178
857.25,0.01208
857.26,0.01228
857.28,0.01276
857.3,0.01336
857.31,0.01371
857.33,0.01449
857.35,0.0154
857.36,0.0159
857.38,0.01699
857.4,0.01822
857.41,0.01888
857.43,0.02031
857.45,0.02188
857.46,0.02272
857.48,0.02451
857.5,0.02647
857.51,0.02751
857.53,0.02972
857.55,0.0321
857.56,0.03337
857.58,0.03604
857.59,0.03745
857.61,0.04043
857.63,0.04363
857.64,0.04531
857.66,0.04884
857.68,0.05262
857.69,0.0546
857.71,0.05876
857.73,0.06318
857.74,0.06549
857.76,0.07033
857.78,0.07546
857.79,0.07814
857.81,0.08373
857.83,0.08963
857.84,0.0927
857.86,0.09909
857.88,0.1058
857.89,0.1093
857.91,0.1166
857.93,0.1242
857.94,0.1281
857.96,0.1363
857.97,0.1405
857.99,0.1492
858.01,0.1583
858.02,0.163
858.04,0.1727
858.06,0.1828
858.07,0.188
858.09,0.1987
858.11,0.2097
858.12,0.2154
858.14,0.2271
858.16,0.2391
858.17,0.2453
858.19,0.258
858.21,0.271
858.22,0.2777
858.24,0.2913
858.26,0.3052
858.27,0.3123
858.29,0.3269
858.31,0.3417
858.32,0.3493
858.34,0.3647
858.35,0.3725
858.37,0.3883
858.39,0.4045
858.4,0.4127
858.42,0.4293
858.44,0.4462
858.45,0.4547
858.47,0.472
858.49,0.4895
858.5,0.4983
858.52,0.5162
858.54,0.5342
858.55,0.5433
858.57,0.5617
858.59,0.5802
858.6,0.5895
858.62,0.6082
858.64,0.6271
858.65,0.6366
858.67,0.6556
858.68,0.6652
858.7,0.6844
858.72,0.7038
858.73,0.7135
858.75,0.7329
858.77,0.7524
858.78,0.7622
858.8,0.7819
858.82,0.8016
858.83,0.8114
858.85,0.8312
858.87,0.8511
858.88,0.861
858.9,0.881
858.92,0.901
858.93,0.911
858.95,0.9311
858.97,0.9513
858.98,0.9614
859.0,0.9817
859.02,1.002
859.03,1.012
859.05,1.033
859.06,1.043
859.08,1.064
859.1,1.085
859.11,1.095
859.13,1.116
859.15,1.137
859.16,1.148
859.18,1.169
859.2,1.19
859.21,1.201
859.23,1.222
859.25,1.244
859.26,1.255
859.28,1.277
859.3,1.299
859.31,1.31
859.33,1.332
859.35,1.354
859.36,1.366
859.38,1.388
859.4,1.41
859.41,1.421
859.43,1.444
859.44,1.455
859.46,1.477
859.48,1.5
859.49,1.511
859.51,1.533
859.53,1.555
859.54,1.566
859.56,1.587
859.58,1.609
859.59,1.619
859.61,1.64
859.63,1.661
859.64,1.671
859.66,1.69
859.68,1.709
859.69,1.719
859.71,1.737
859.73,1.754
859.74,1.763
859.76,1.779
859.78,1.795
859.79,1.802
859.81,1.816
859.82,1.822
859.84,1.835
859.86,1.846
859.87,1.852
859.89,1.861
859.91,1.869
859.92,1.873
859.94,1.879
859.96,1.884
859.97,1.886
859.99,1.889
860.01,1.89
860.02,1.89
860.04,1.889
860.06,1.887
860.07,1.885
860.09,1.88
860.11,1.874
860.12,1.87
860.14,1.861
860.15,1.856
860.17,1.845
860.19,1.832
860.2,1.825
860.22,1.809
860.24,1.793
860.25,1.784
860.27,1.765
860.29,1.744
860.3,1.733
860.32,1.711
860.34,1.687
860.35,1.674
860.37,1.648
860.39,1.621
860.4,1.607
860.42,1.578
860.44,1.548
860.45,1.533
860.47,1.501
860.49,1.469
860.5,1.453
860.52,1.42
860.53,1.403
860.55,1.368
860.57,1.333
860.58,1.316
860.6,1.28
860.62,1.244
860.63,1.226
860.65,1.19
860.67,1.154
860.68,1.135
860.7,1.099
860.72,1.062
860.73,1.044
860.75,1.008
860.77,0.9722
860.78,0.9543
860.8,0.9188
860.82,0.8837
860.83,0.8663
860.85,0.832
860.87,0.7981
860.88,0.7814
860.9,0.7485
860.91,0.7322
860.93,0.7003
860.95,0.6691
860.96,0.6538
860.98,0.6238
861.0,0.5945
861.01,0.5802
861.03,0.5523
861.05,0.5252
861.06,0.512
861.08,0.4862
861.1,0.4614
861.11,0.4494
861.13,0.4259
861.15,0.4035
861.16,0.3926
861.18,0.3715
861.2,0.3514
861.21,0.3417
861.23,0.3229
861.25,0.3052
861.26,0.2966
861.28,0.2802
861.29,0.2723
861.31,0.2573
861.33,0.2431
861.34,0.2363
861.36,0.2235
861.38,0.2114
861.39,0.2057
861.41,0.1949
861.43,0.1849
861.44,0.1802
861.46,0.1713
861.48,0.1632
861.49,0.1594
861.51,0.1524
861.53,0.146
861.54,0.1431
861.56,0.1377
861.58,0.133
861.59,0.1308
861.61,0.127
861.62,0.1253
861.64,0.1223
861.66,0.1198
861.67,0.1188
861.69,0.1171
861.71,0.1158
861.72,0.1154
861.74,0.1148
861.76,0.1147
861.77,0.1148
861.79,0.1153
861.81,0.1161
861.82,0.1167
861.84,0.1181
861.86,0.1198
861.87,0.1207
861.89,0.1229
861.91,0.1253
861.92,0.1266
861.94,0.1294
861.96,0.1324
861.97,0.134
861.99,0.1373
862.0,0.139
862.02,0.1426
862.04,0.1464
862.05,0.1483
862.07,0.1523
862.09,0.1564
862.1,0.1585
862.12,0.1627
862.14,0.1671
862.15,0.1693
862.17,0.1737
862.19,0.1782
862.2,0.1805
862.22,0.1851
862.24,0.1897
862.25,0.1921
862.27,0.1968
862.29,0.2015
862.3,0.2038
862.32,0.2086
862.34,0.2134
862.35,0.2158
862.37,0.2206
862.38,0.223
862.4,0.2279
862.42,0.2329
862.43,0.2354
862.45,0.2405
862.47,0.2456
862.48,0.2482
862.5,0.2536
862.52,0.2591
862.53,0.2619
862.55,0.2678
862.57,0.2739
862.58,0.277
862.6,0.2836
862.62,0.2906
862.63,0.2942
862.65,0.3019
862.67,0.3101
862.68,0.3145
862.7,0.3238
862.72,0.3338
862.73,0.3392
862.75,0.3507
862.76,0.3568
862.78,0.37
862.8,0.3845
862.81,0.3923
862.83,0.4091
862.85,0.4276
862.86,0.4376
862.88,0.4591
862.9,0.4828
862.91,0.4957
862.93,0.5233
862.95,0.5539
862.96,0.5704
862.98,0.606
863.0,0.6452
863.01,0.6664
863.03,0.712
863.05,0.7622
863.06,0.7893
863.08,0.8474
863.09,0.8786
863.11,0.9457
863.13,1.019
863.14,1.059
863.16,1.144
863.18,1.237
863.19,1.286
863.21,1.393
863.23,1.509
863.24,1.571
863.26,1.704
863.28,1.848
863.29,1.925
863.31,2.09
863.33,2.268
863.34,2.363
863.36,2.565
863.38,2.784
863.39,2.9
863.41,3.146
863.43,3.412
863.44,3.553
863.46,3.852
863.47,4.01
863.49,4.344
863.51,4.703
863.52,4.892
863.54,5.292
863.56,5.721
863.57,5.946
863.59,6.422
863.61,6.93
863.62,7.197
863.64,7.757
863.66,8.355
863.67,8.668
863.69,9.324
863.71,10.02
863.72,10.39
863.74,11.15
863.76,11.96
863.77,12.38
863.79,13.26
863.81,14.19
863.82,14.67
863.84,15.67
863.85,16.2
863.87,17.28
863.89,18.42
863.9,19.01
863.92,20.24
863.94,21.52
863.95,22.18
863.97,23.55
863.99,24.99
864.0,25.72
864.02,27.25
864.04,28.83
864.05,29.64
864.07,31.32
864.09,33.05
864.1,33.94
864.12,35.77
864.14,37.65
864.15,38.62
864.17,40.59
864.19,42.62
864.2,43.65
864.22,45.76
864.23,46.84
864.25,49.02
864.27,51.26
864.28,52.39
864.3,54.7
864.32,57.04
864.33,58.23
864.35,60.63
864.37,63.07
864.38,64.3
864.4,66.77
864.42,69.27
864.43,70.53
864.45,73.06
864.47,75.59
864.48,76.86
864.5,79.41
864.52,81.95
864.53,83.22
864.55,85.75
864.56,87.01
864.58,89.52
864.6,92.0
864.61,93.23
864.63,95.67
864.65,98.07
864.66,99.26
864.68,101.6
864.7,103.9
864.71,105.0
864.73,107.2
864.75,109.3
864.76,110.4
864.78,112.4
864.8,114.4
864.81,115.3
864.83,117.1
864.85,118.9
864.86,119.7
864.88,121.3
864.9,122.8
864.91,123.6
864.93,124.9
864.94,125.6
864.96,126.8
864.98,127.9
864.99,128.4
865.01,129.4
865.03,130.2
865.04,130.6
865.06,131.3
865.08,131.9
865.09,132.1
865.11,132.5
865.13,132.9
865.14,133.0
865.16,133.2
865.18,133.3
865.19,133.3
865.21,133.2
865.23,133.1
865.24,133.0
865.26,132.7
865.28,132.4
865.29,132.2
865.31,131.7
865.32,131.5
865.34,131.0
865.36,130.4
865.37,130.1
865.39,129.4
865.41,128.7
865.42,128.4
865.44,127.6
865.46,126.8
865.47,126.4
865.49,125.6
865.51,124.8
865.52,124.4
865.54,123.6
865.56,122.8
865.57,122.4
865.59,121.6
865.61,120.8
865.62,120.4
865.64,119.6
865.66,118.9
865.67,118.5
865.69,117.8
865.7,117.5
865.72,116.8
865.74,116.2
865.75,115.9
865.77,115.3
865.79,114.8
865.8,114.5
865.82,114.1
865.84,113.6
865.85,113.4
865.87,113.1
865.89,112.7
865.9,112.6
865.92,112.3
865.94,112.1
865.95,111.9
865.97,111.7
865.99,111.6
866.0,111.5
866.02,111.4
866.03,111.3
866.05,111.2
866.07,111.1
866.08,111.0
866.1,110.9
866.12,110.9
866.13,110.8
866.15,110.7
866.17,110.6
866.18,110.6
866.2,110.4
866.22,110.3
866.23,110.2
866.25,110.0
866.27,109.8
866.28,109.7
866.3,109.4
866.32,109.1
866.33,109.0
866.35,108.6
866.37,108.2
866.38,107.9
866.4,107.4
866.41,107.1
866.43,106.6
866.45,105.9
866.46,105.6
866.48,104.8
866.5,104.0
866.51,103.6
866.53,102.7
866.55,101.7
866.56,101.2
866.58,100.1
866.6,98.96
866.61,98.37
866.63,97.13
866.65,95.83
866.66,95.16
866.68,93.77
866.7,92.32
866.71,91.58
866.73,90.05
866.75,88.46
866.76,87.65
866.78,85.99
866.79,85.15
866.81,83.42
866.83,81.66
866.84,80.76
866.86,78.95
866.88,77.1
866.89,76.17
866.91,74.28
866.93,72.38
866.94,71.42
866.96,69.49
866.98,67.55
866.99,66.57
867.01,64.62
867.03,62.67
867.04,61.7
867.06,59.75
867.08,57.82
867.09,56.85
867.11,54.94
867.13,53.04
867.14,52.1
867.16,50.23
867.17,49.3
867.19,47.48
867.21,45.68
867.22,44.79
867.24,43.04
867.26,41.32
867.27,40.48
867.29,38.82
867.31,37.21
867.32,36.41
867.34,34.86
867.36,33.35
867.37,32.62
867.39,31.18
867.41,29.79
867.42,29.11
867.44,27.79
867.46,26.52
867.47,25.9
867.49,24.71
867.5,24.13
867.52,23.01
867.54,21.94
867.55,21.42
867.57,20.43
867.59,19.48
867.6,19.02
867.62,18.15
867.64,17.32
867.65,16.93
867.67,16.18
867.69,15.47
867.7,15.13
867.72,14.49
867.74,13.9
867.75,13.62
867.77,13.09
867.79,12.6
867.8,12.37
867.82,11.95
867.84,11.56
867.85,11.38
867.87,11.06
867.88,10.91
867.9,10.63
867.92,10.4
867.93,10.29
867.95,10.11
867.97,9.955
867.98,9.891
868.0,9.787
868.02,9.713
868.03,9.688
868.05,9.658
868.07,9.656
868.08,9.665
868.1,9.704
868.12,9.767
868.13,9.809
868.15,9.909
868.17,10.03
868.18,10.1
868.2,10.26
868.22,10.43
868.23,10.53
868.25,10.73
868.26,10.84
868.28,11.08
868.3,11.32
868.31,11.45
868.33,11.72
868.35,12.01
868.36,12.16
868.38,12.46
868.4,12.77
868.41,12.93
868.43,13.26
868.45,13.6
868.46,13.77
868.48,14.12
868.5,14.47
868.51,14.65
868.53,15.01
868.55,15.37
868.56,15.55
868.58,15.92
868.59,16.1
868.61,16.46
868.63,16.82
868.64,17.0
868.66,17.36
868.68,17.71
868.69,17.88
868.71,18.22
868.73,18.56
868.74,18.72
868.76,19.04
868.78,19.35
868.79,19.5
868.81,19.79
868.83,20.07
868.84,20.21
868.86,20.47
868.88,20.71
868.89,20.83
868.91,21.05
868.93,21.25
868.94,21.35
868.96,21.53
868.97,21.61
868.99,21.76
869.01,21.89
869.02,21.95
869.04,22.05
869.06,22.14
869.07,22.17
869.09,22.22
869.11,22.26
869.12,22.27
869.14,22.27
869.16,22.26
869.17,22.24
869.19,22.2
869.21,22.13
869.22,22.09
869.24,22.0
869.26,21.89
869.27,21.82
869.29,21.69
869.31,21.53
869.32,21.45
869.34,21.27
869.35,21.17
869.37,20.97
869.39,20.75
869.4,20.63
869.42,20.39
869.44,20.14
869.45,20.01
869.47,19.74
869.49,19.47
869.5,19.32
869.52,19.03
869.54,18.73
869.55,18.57
869.57,18.26
869.59,17.94
869.6,17.78
869.62,17.45
869.64,17.12
869.65,16.95
869.67,16.61
869.69,16.27
869.7,16.1
869.72,15.76
869.73,15.59
869.75,15.25
869.77,14.91
869.78,14.74
869.8,14.4
869.82,14.06
869.83,13.89
869.85,13.56
869.87,13.23
869.88,13.06
869.9,12.74
869.92,12.41
869.93,12.26
869.95,11.94
869.97,11.63
869.98,11.48
870.0,11.17
870.02,10.88
870.03,10.73
870.05,10.44
870.06,10.3
870.08,10.02
870.1,9.746
870.11,9.611
870.13,9.345
870.15,9.086
870.16,8.958
870.18,8.707
870.2,8.463
870.21,8.342
870.23,8.106
870.25,7.876
870.26,7.763
870.28,7.541
870.3,7.325
870.31,7.219
870.33,7.011
870.35,6.808
870.36,6.708
870.38,6.513
870.4,6.323
870.41,6.23
870.43,6.048
870.44,5.959
870.46,5.783
870.48,5.613
870.49,5.53
870.51,5.366
870.53,5.207
870.54,5.129
870.56,4.977
870.58,4.829
870.59,4.757
870.61,4.615
870.63,4.478
870.64,4.411
870.66,4.279
870.68,4.152
870.69,4.09
870.71,3.97
870.73,3.853
870.74,3.796
870.76,3.685
870.78,3.578
870.79,3.526
870.81,3.424
870.82,3.375
870.84,3.28
870.86,3.188
870.87,3.144
870.89,3.058
870.91,2.976
870.92,2.937
870.94,2.86
870.96,2.788
870.97,2.753
870.99,2.686
871.01,2.622
871.02,2.592
871.04,2.533
871.06,2.479
871.07,2.453
871.09,2.403
871.11,2.357
871.12,2.335
871.14,2.294
871.16,2.256
871.17,2.238
871.19,2.204
871.2,2.189
871.22,2.16
871.24,2.134
871.25,2.122
871.27,2.1
871.29,2.081
871.3,2.072
871.32,2.056
871.34,2.043
871.35,2.038
871.37,2.028
871.39,2.02
871.4,2.017
871.42,2.012
871.44,2.009
871.45,2.008
871.47,2.007
871.49,2.008
871.5,2.009
871.52,2.012
871.53,2.014
871.55,2.018
871.57,2.024
871.58,2.027
871.6,2.033
871.62,2.041
871.63,2.045
871.65,2.053
871.67,2.061
871.68,2.066
871.7,2.074
871.72,2.083
871.73,2.088
871.75,2.097
871.77,2.105
871.78,2.11
871.8,2.118
871.82,2.126
871.83,2.129
871.85,2.136
871.87,2.143
871.88,2.146
871.9,2.151
871.91,2.154
871.93,2.158
871.95,2.161
871.96,2.163
871.98,2.165
872.0,2.166
872.01,2.166
872.03,2.166
872.05,2.164
872.06,2.163
872.08,2.161
872.1,2.157
872.11,2.154
872.13,2.149
872.15,2.143
872.16,2.139
872.18,2.131
872.2,2.122
872.21,2.118
872.23,2.108
872.25,2.097
872.26,2.091
872.28,2.08
872.29,2.073
872.31,2.061
872.33,2.047
872.34,2.041
872.36,2.027
872.38,2.013
872.39,2.005
872.41,1.991
872.43,1.976
872.44,1.969
872.46,1.955
872.48,1.941
872.49,1.934
872.51,1.92
872.53,1.907
872.54,1.9
872.56,1.888
872.58,1.876
872.59,1.87
872.61,1.86
872.63,1.851
872.64,1.846
872.66,1.839
872.67,1.835
872.69,1.83
872.71,1.825
872.72,1.823
872.74,1.821
872.76,1.821
872.77,1.821
872.79,1.823
872.81,1.827
872.82,1.829
872.84,1.835
872.86,1.844
872.87,1.848
872.89,1.86
872.91,1.873
872.92,1.88
872.94,1.896
872.96,1.914
872.97,1.923
872.99,1.944
873.0,1.955
873.02,1.979
873.04,2.004
873.05,2.018
873.07,2.046
873.09,2.076
873.1,2.091
873.12,2.123
873.14,2.157
873.15,2.174
873.17,2.21
873.19,2.247
873.2,2.266
873.22,2.304
873.24,2.343
873.25,2.363
873.27,2.404
873.29,2.445
873.3,2.465
873.32,2.507
873.34,2.548
873.35,2.569
873.37,2.611
873.38,2.631
873.4,2.672
873.42,2.713
873.43,2.733
873.45,2.772
873.47,2.81
873.48,2.829
873.5,2.866
873.52,2.901
873.53,2.918
873.55,2.951
873.57,2.982
873.58,2.997
873.6,3.025
873.62,3.051
873.63,3.063
873.65,3.086
873.67,3.106
873.68,3.115
873.7,3.131
873.72,3.145
873.73,3.151
873.75,3.16
873.76,3.164
873.78,3.169
873.8,3.171
873.81,3.171
873.83,3.168
873.85,3.163
873.86,3.159
873.88,3.149
873.9,3.135
873.91,3.128
873.93,3.11
873.95,3.089
873.96,3.078
873.98,3.052
874.0,3.024
874.01,3.009
874.03,2.977
874.05,2.942
874.06,2.923
874.08,2.885
874.1,2.843
874.11,2.822
874.13,2.777
874.14,2.754
874.16,2.706
874.18,2.656
874.19,2.631
874.21,2.578
874.23,2.524
874.24,2.496
874.26,2.44
874.28,2.382
874.29,2.353
874.31,2.294
874.33,2.234
874.34,2.204
874.36,2.143
874.38,2.081
874.39,2.05
874.41,1.988
874.43,1.926
874.44,1.895
874.46,1.833
874.47,1.802
874.49,1.74
874.51,1.679
874.52,1.648
874.54,1.588
874.56,1.528
874.57,1.498
874.59,1.44
874.61,1.382
874.62,1.354
874.64,1.298
874.66,1.243
874.67,1.216
874.69,1.163
874.71,1.112
874.72,1.086
874.74,1.037
874.76,0.9899
874.77,0.9668
874.79,0.922
874.81,0.8789
874.82,0.8581
874.84,0.8179
874.85,0.7986
874.87,0.7614
874.89,0.7264
874.9,0.7097
874.92,0.6781
874.94,0.6488
874.95,0.635
874.97,0.6094
874.99,0.5865
875.0,0.576
875.02,0.5573
875.04,0.5415
875.05,0.5348
875.07,0.5238
875.09,0.5163
875.1,0.5139
875.12,0.512
875.14,0.5142
875.15,0.517
875.17,0.5259
875.19,0.5397
875.2,0.5485
875.22,0.5704
875.23,0.5836
875.25,0.6147
875.27,0.6525
875.28,0.6742
875.3,0.7234
875.32,0.781
875.33,0.8131
875.35,0.8848
875.37,0.967
875.38,1.012
875.4,1.112
875.42,1.225
875.43,1.286
875.45,1.421
875.47,1.572
875.48,1.654
875.5,1.833
875.52,2.032
875.53,2.139
875.55,2.372
875.57,2.63
875.58,2.769
875.6,3.069
875.61,3.23
875.63,3.577
875.65,3.959
875.66,4.165
875.68,4.605
875.7,5.088
875.71,5.346
875.73,5.9
875.75,6.505
875.76,6.828
875.78,7.518
875.8,8.27
875.81,8.67
875.83,9.523
875.85,10.45
875.86,10.94
875.88,11.99
875.9,13.12
875.91,13.72
875.93,15.0
875.94,15.67
875.96,17.1
875.98,18.64
875.99,19.46
876.01,21.18
876.03,23.02
876.04,24.0
876.06,26.05
876.08,28.25
876.09,29.4
876.11,31.84
876.13,34.43
876.14,35.79
876.16,38.65
876.18,41.69
876.19,43.28
876.21,46.61
876.23,50.14
876.24,51.99
876.26,55.84
876.28,59.91
876.29,62.04
876.31,66.46
876.32,68.76
876.34,73.54
876.36,78.57
876.37,81.18
876.39,86.6
876.41,92.27
876.42,95.21
876.44,101.3
876.46,107.7
876.47,110.9
876.49,117.7
876.51,124.8
876.52,128.4
876.54,135.9
876.56,143.6
876.57,147.6
876.59,155.8
876.61,164.2
876.62,168.6
876.64,177.4
876.66,186.6
876.67,191.2
876.69,200.8
876.7,205.6
876.72,215.5
876.74,225.6
876.75,230.8
876.77,241.3
876.79,251.9
876.8,257.3
876.82,268.3
876.84,279.4
876.85,285.0
876.87,296.3
876.89,307.8
876.9,313.6
876.92,325.2
876.94,336.8
876.95,342.7
876.97,354.4
876.99,366.2
877.0,372.0
877.02,383.7
877.03,389.6
877.05,401.2
877.07,412.7
877.08,418.4
877.1,429.7
877.12,440.9
877.13,446.4
877.15,457.3
877.17,467.9
877.18,473.1
877.2,483.4
877.22,493.3
877.23,498.1
877.25,507.5
877.27,516.5
877.28,520.9
877.3,529.3
877.32,537.3
877.33,541.1
877.35,548.4
877.37,555.2
877.38,558.4
877.4,564.4
877.41,567.2
877.43,572.3
877.45,577.0
877.46,579.0
877.48,582.8
877.5,585.9
877.51,587.2
877.53,589.4
877.55,591.0
877.56,591.6
877.58,592.2
877.6,592.2
877.61,592.0
877.63,591.0
877.65,589.4
877.66,588.4
877.68,585.9
877.7,582.8
877.71,581.0
877.73,577.0
877.75,572.4
877.76,569.9
877.78,564.4
877.79,561.5
877.81,555.2
877.83,548.5
877.84,544.9
877.86,537.4
877.88,529.4
877.89,525.3
877.91,516.6
877.93,507.6
877.94,503.0
877.96,493.4
877.98,483.5
877.99,478.4
878.01,468.1
878.03,457.5
878.04,452.1
878.06,441.1
878.08,430.0
878.09,424.3
878.11,412.9
878.13,401.4
878.14,395.7
878.16,384.0
878.17,378.2
878.19,366.5
878.21,354.8
878.22,348.9
878.24,337.2
878.26,325.6
878.27,319.8
878.29,308.3
878.31,296.8
878.32,291.2
878.34,280.0
878.36,268.9
878.37,263.4
878.39,252.6
878.41,242.0
878.42,236.7
878.44,226.4
878.46,216.3
878.47,211.4
878.49,201.6
878.5,196.9
878.52,187.5
878.54,178.4
878.55,174.0
878.57,165.3
878.59,156.9
878.6,152.8
878.62,144.8
878.64,137.1
878.65,133.4
878.67,126.1
878.69,119.1
878.7,115.7
878.72,109.2
878.74,102.9
878.75,99.82
878.77,93.93
878.79,88.32
878.8,85.61
878.82,80.39
878.84,75.43
878.85,73.04
878.87,68.44
878.88,66.24
878.9,62.0
878.92,58.0
878.93,56.08
878.95,52.4
878.97,48.94
878.98,47.28
879.0,44.12
879.02,41.15
879.03,39.74
879.05,37.04
879.07,34.52
879.08,33.33
879.1,31.05
879.12,28.93
879.13,27.93
879.15,26.02
879.17,24.26
879.18,23.43
879.2,21.85
879.22,20.4
879.23,19.72
879.25,18.43
879.26,17.83
879.28,16.7
879.3,15.67
879.31,15.19
879.33,14.3
879.35,13.48
879.36,13.11
879.38,12.41
879.4,11.79
879.41,11.5
879.43,10.98
879.45,10.52
879.46,10.32
879.48,9.946
879.5,9.631
879.51,9.493
879.53,9.255
879.55,9.066
879.56,8.988
879.58,8.867
879.6,8.788
879.61,8.764
879.63,8.745
879.64,8.751
879.66,8.789
879.68,8.864
879.69,8.914
879.71,9.04
879.73,9.199
879.74,9.291
879.76,9.497
879.78,9.734
879.79,9.864
879.81,10.14
879.83,10.45
879.84,10.62
879.86,10.97
879.88,11.34
879.89,11.54
879.91,11.96
879.93,12.4
879.94,12.62
879.96,13.1
879.97,13.34
879.99,13.85
880.01,14.38
880.02,14.65
880.04,15.22
880.06,15.8
880.07,16.09
880.09,16.7
880.11,17.32
880.12,17.64
880.14,18.29
880.16,18.95
880.17,19.29
880.19,19.97
880.21,20.66
880.22,21.01
880.24,21.72
880.26,22.43
880.27,22.79
880.29,23.51
880.31,24.23
880.32,24.6
880.34,25.32
880.35,25.69
880.37,26.41
880.39,27.13
880.4,27.49
880.42,28.21
880.44,28.91
880.45,29.26
880.47,29.95
880.49,30.62
880.5,30.96
880.52,31.61
880.54,32.25
880.55,32.56
880.57,33.16
880.59,33.75
880.6,34.03
880.62,34.58
880.64,35.1
880.65,35.35
880.67,35.83
880.69,36.28
880.7,36.49
880.72,36.89
880.73,37.08
880.75,37.43
880.77,37.75
880.78,37.89
880.8,38.15
880.82,38.38
880.83,38.48
880.85,38.64
880.87,38.77
880.88,38.82
880.9,38.89
880.92,38.92
880.93,38.92
880.95,38.9
880.97,38.83
880.98,38.78
881.0,38.66
881.02,38.49
881.03,38.4
881.05,38.18
881.07,37.93
881.08,37.79
881.1,37.48
881.11,37.32
881.13,36.96
881.15,36.58
881.16,36.37
881.18,35.94
881.2,35.48
881.21,35.25
881.23,34.75
881.25,34.23
881.26,33.97
881.28,33.42
881.3,32.85
881.31,32.56
881.33,31.97
881.35,31.36
881.36,31.06
881.38,30.44
881.4,29.81
881.41,29.49
881.43,28.86
881.44,28.54
881.46,27.89
881.48,27.25
881.49,26.93
881.51,26.3
881.53,25.66
881.54,25.35
881.56,24.73
881.58,24.11
881.59,23.81
881.61,23.21
881.63,22.63
881.64,22.34
881.66,21.78
881.68,21.23
881.69,20.97
881.71,20.45
881.73,19.95
881.74,19.71
881.76,19.24
881.78,18.79
881.79,18.58
881.81,18.16
881.82,17.97
881.84,17.59
881.86,17.23
881.87,17.07
881.89,16.75
881.91,16.46
881.92,16.32
881.94,16.06
881.96,15.83
881.97,15.72
881.99,15.53
882.01,15.35
882.02,15.28
882.04,15.14
882.06,15.02
882.07,14.97
882.09,14.89
882.11,14.83
882.12,14.81
882.14,14.78
882.16,14.76
882.17,14.76
882.19,14.78
882.2,14.79
882.22,14.83
882.24,14.89
882.25,14.92
882.27,14.99
882.29,15.08
882.3,15.13
882.32,15.23
882.34,15.34
882.35,15.4
882.37,15.53
882.39,15.66
882.4,15.73
882.42,15.87
882.44,16.02
882.45,16.09
882.47,16.24
882.49,16.39
882.5,16.47
882.52,16.62
882.54,16.77
882.55,16.84
882.57,16.99
882.58,17.06
882.6,17.2
882.62,17.34
882.63,17.4
882.65,17.53
882.67,17.65
882.68,17.71
882.7,17.82
882.72,17.93
882.73,17.98
882.75,18.07
882.77,18.15
882.78,18.19
882.8,18.26
882.82,18.32
882.83,18.34
882.85,18.39
882.87,18.43
882.88,18.44
882.9,18.46
882.91,18.47
882.93,18.48
882.95,18.47
882.96,18.47
882.98,18.45
883.0,18.43
883.01,18.41
883.03,18.38
883.05,18.33
883.06,18.31
883.08,18.25
883.1,18.19
883.11,18.16
883.13,18.09
883.15,18.01
883.16,17.97
883.18,17.89
883.2,17.8
883.21,17.76
883.23,17.67
883.25,17.58
883.26,17.53
883.28,17.43
883.29,17.39
883.31,17.29
883.33,17.2
883.34,17.15
883.36,17.06
883.38,16.97
883.39,16.93
883.41,16.84
883.43,16.76
883.44,16.72
883.46,16.64
883.48,16.57
883.49,16.54
883.51,16.47
883.53,16.41
883.54,16.38
883.56,16.33
883.58,16.29
883.59,16.27
883.61,16.24
883.63,16.21
883.64,16.2
883.66,16.18
883.67,16.17
883.69,16.16
883.71,16.16
883.72,16.16
883.74,16.16
883.76,16.17
883.77,16.18
883.79,16.2
883.81,16.22
883.82,16.24
883.84,16.27
883.86,16.3
883.87,16.32
883.89,16.35
883.91,16.39
883.92,16.41
883.94,16.46
883.96,16.5
883.97,16.52
883.99,16.56
884.01,16.6
884.02,16.62
884.04,16.66
884.05,16.68
884.07,16.71
884.09,16.75
884.1,16.76
884.12,16.78
884.14,16.8
884.15,16.81
884.17,16.82
884.19,16.82
884.2,16.82
884.22,16.81
884.24,16.79
884.25,16.77
884.27,16.74
884.29,16.7
884.3,16.68
884.32,16.62
884.34,16.55
884.35,16.52
884.37,16.43
884.38,16.39
884.4,16.29
884.42,16.18
884.43,16.12
884.45,15.99
884.47,15.85
884.48,15.78
884.5,15.62
884.52,15.45
884.53,15.37
884.55,15.18
884.57,14.99
884.58,14.89
884.6,14.68
884.62,14.46
884.63,14.34
884.65,14.11
884.67,13.86
884.68,13.74
884.7,13.48
884.72,13.22
884.73,13.09
884.75,12.81
884.76,12.67
884.78,12.39
884.8,12.1
884.81,11.96
884.83,11.66
884.85,11.36
884.86,11.21
884.88,10.91
884.9,10.6
884.91,10.45
884.93,10.14
884.95,9.831
884.96,9.676
884.98,9.367
885.0,9.058
885.01,8.904
885.03,8.598
885.05,8.294
885.06,8.143
885.08,7.842
885.1,7.546
885.11,7.399
885.13,7.108
885.14,6.964
885.16,6.679
885.18,6.4
885.19,6.263
885.21,5.992
885.23,5.726
885.24,5.596
885.26,5.34
885.28,5.09
885.29,4.968
885.31,4.728
885.33,4.496
885.34,4.382
885.36,4.16
885.38,3.945
885.39,3.84
885.41,3.636
885.43,3.44
885.44,3.344
885.46,3.158
885.48,2.98
885.49,2.893
885.51,2.726
885.52,2.645
885.54,2.488
885.56,2.338
885.57,2.265
885.59,2.126
885.61,1.993
885.62,1.928
885.64,1.805
885.66,1.688
885.67,1.632
885.69,1.524
885.71,1.422
885.72,1.373
885.74,1.28
885.76,1.192
885.77,1.15
885.79,1.07
885.81,0.9942
885.82,0.9583
885.84,0.89
885.85,0.8575
885.87,0.7958
885.89,0.7383
885.9,0.711
885.92,0.6593
885.94,0.6114
885.95,0.5888
885.97,0.5461
885.99,0.5066
886.0,0.4881
886.02,0.4532
886.04,0.4213
886.05,0.4063
886.07,0.3783
886.09,0.3528
886.1,0.341
886.12,0.3189
886.14,0.2991
886.15,0.2899
886.17,0.273
886.19,0.258
886.2,0.2511
886.22,0.2386
886.23,0.233
886.25,0.2228
886.27,0.2141
886.28,0.2102
886.3,0.2034
886.32,0.1979
886.33,0.1955
886.35,0.1916
886.37,0.1887
886.38,0.1876
886.4,0.1862
886.42,0.1855
886.43,0.1855
886.45,0.186
886.47,0.1872
886.48,0.1881
886.5,0.1903
886.52,0.193
886.53,0.1946
886.55,0.1982
886.57,0.2022
886.58,0.2043
886.6,0.2089
886.61,0.2114
886.63,0.2165
886.65,0.222
886.66,0.2248
886.68,0.2306
886.7,0.2367
886.71,0.2398
886.73,0.2461
886.75,0.2526
886.76,0.2559
886.78,0.2625
886.8,0.2692
886.81,0.2726
886.83,0.2793
886.85,0.286
886.86,0.2894
886.88,0.2961
886.9,0.3027
886.91,0.306
886.93,0.3124
886.94,0.3156
886.96,0.3219
886.98,0.328
886.99,0.331
887.01,0.3368
887.03,0.3424
887.04,0.3451
887.06,0.3503
887.08,0.3553
887.09,0.3577
887.11,0.3623
887.13,0.3665
887.14,0.3685
887.16,0.3723
887.18,0.3758
887.19,0.3774
887.21,0.3803
887.23,0.3828
887.24,0.384
887.26,0.386
887.28,0.3876
887.29,0.3883
887.31,0.3893
887.32,0.3897
887.34,0.3902
887.36,0.3903
887.37,0.3902
887.39,0.3897
887.41,0.3888
887.42,0.3882
887.44,0.3868
887.46,0.385
887.47,0.384
887.49,0.3817
887.51,0.3791
887.52,0.3776
887.54,0.3746
887.56,0.3712
887.57,0.3694
887.59,0.3656
887.61,0.3616
887.62,0.3596
887.64,0.3553
887.66,0.3508
887.67,0.3485
887.69,0.3439
887.7,0.3415
887.72,0.3368
887.74,0.332
887.75,0.3296
887.77,0.3248
887.79,0.3201
887.8,0.3178
887.82,0.3133
887.84,0.309
887.85,0.307
887.87,0.3031
887.89,0.2995
887.9,0.2978
887.92,0.2949
887.94,0.2924
887.95,0.2914
887.97,0.2899
887.99,0.289
888.0,0.2888
888.02,0.2892
888.04,0.2904
888.05,0.2914
888.07,0.2942
888.08,0.296
888.1,0.3006
888.12,0.3065
888.13,0.31
888.15,0.3182
888.17,0.328
888.18,0.3336
888.2,0.3463
888.22,0.361
888.23,0.3692
888.25,0.3873
888.27,0.4079
888.28,0.4193
888.3,0.444
888.32,0.4718
888.33,0.4869
888.35,0.5196
888.37,0.5559
888.38,0.5755
888.4,0.6177
888.41,0.6404
888.43,0.6891
888.45,0.7425
888.46,0.771
888.48,0.8321
888.5,0.8986
888.51,0.934
888.53,1.009
888.55,1.091
888.56,1.135
888.58,1.227
888.6,1.326
888.61,1.379
888.63,1.49
888.65,1.609
888.66,1.672
888.68,1.805
888.7,1.948
888.71,2.022
888.73,2.18
888.75,2.348
888.76,2.436
888.78,2.621
888.79,2.717
888.81,2.92
888.83,3.135
888.84,3.247
888.86,3.482
888.88,3.73
888.89,3.859
888.91,4.129
888.93,4.413
888.94,4.561
888.96,4.868
888.98,5.19
888.99,5.357
889.01,5.704
889.03,6.067
889.04,6.255
889.06,6.644
889.08,7.05
889.09,7.259
889.11,7.691
889.13,8.141
889.14,8.372
889.16,8.848
889.17,9.093
889.19,9.596
889.21,10.12
889.22,10.38
889.24,10.93
889.26,11.49
889.27,11.78
889.29,12.37
889.31,12.98
889.32,13.29
889.34,13.92
889.36,14.56
889.37,14.89
889.39,15.56
889.41,16.24
889.42,16.58
889.44,17.28
889.46,17.99
889.47,18.35
889.49,19.08
889.51,19.82
889.52,20.19
889.54,20.93
889.55,21.31
889.57,22.06
889.59,22.82
889.6,23.21
889.62,23.97
889.64,24.73
889.65,25.11
889.67,25.88
889.69,26.63
889.7,27.01
889.72,27.76
889.74,28.51
889.75,28.88
889.77,29.61
889.79,30.33
889.8,30.68
889.82,31.38
889.84,32.06
889.85,32.4
889.87,33.06
889.88,33.38
889.9,34.01
889.92,34.61
889.93,34.91
889.95,35.48
889.97,36.02
889.98,36.29
890.0,36.79
890.02,37.27
890.03,37.5
890.05,37.93
890.07,38.33
890.08,38.52
890.1,38.87
890.12,39.18
890.13,39.33
890.15,39.6
890.17,39.83
890.18,39.93
890.2,40.11
890.22,40.25
890.23,40.3
890.25,40.39
890.26,40.42
890.28,40.45
890.3,40.44
890.31,40.43
890.33,40.37
890.35,40.27
890.36,40.21
890.38,40.07
890.4,39.88
890.41,39.78
890.43,39.55
890.45,39.29
890.46,39.14
890.48,38.83
890.5,38.5
890.51,38.32
890.53,37.93
890.55,37.53
890.56,37.32
890.58,36.87
890.6,36.4
890.61,36.16
890.63,35.67
890.64,35.41
890.66,34.88
890.68,34.34
890.69,34.06
890.71,33.5
890.73,32.92
890.74,32.63
890.76,32.03
890.78,31.43
890.79,31.12
890.81,30.51
890.83,29.89
890.84,29.58
890.86,28.96
890.88,28.33
890.89,28.02
890.91,27.39
890.93,26.77
890.94,26.46
890.96,25.84
890.98,25.23
890.99,24.93
891.01,24.33
891.02,24.03
891.04,23.44
891.06,22.86
891.07,22.57
891.09,22.01
891.11,21.45
891.12,21.18
891.14,20.64
891.16,20.12
891.17,19.87
891.19,19.37
891.21,18.88
891.22,18.64
891.24,18.18
891.26,17.73
891.27,17.51
891.29,17.08
891.31,16.67
891.32,16.47
891.34,16.09
891.35,15.9
891.37,15.54
891.39,15.2
891.4,15.03
891.42,14.71
891.44,14.41
891.45,14.26
891.47,13.98
891.49,13.71
891.5,13.59
891.52,13.34
891.54,13.12
891.55,13.01
891.57,12.8
891.59,12.61
891.6,12.52
891.62,12.35
891.64,12.2
891.65,12.12
891.67,11.99
891.69,11.86
891.7,11.8
891.72,11.7
891.73,11.65
891.75,11.56
891.77,11.48
891.78,11.44
891.8,11.38
891.82,11.32
891.83,11.3
891.85,11.26
891.87,11.22
891.88,11.21
891.9,11.19
891.92,11.17
891.93,11.17
891.95,11.17
891.97,11.17
891.98,11.17
892.0,11.18
892.02,11.19
892.03,11.2
892.05,11.22
892.07,11.25
892.08,11.26
892.1,11.29
892.11,11.3
892.13,11.33
892.15,11.37
892.16,11.38
892.18,11.41
892.2,11.45
892.21,11.46
892.23,11.5
892.25,11.53
892.26,11.54
892.28,11.57
892.3,11.6
892.31,11.61
892.33,11.64
892.35,11.66
892.36,11.67
892.38,11.68
892.4,11.69
892.41,11.69
892.43,11.7
892.45,11.69
892.46,11.69
892.48,11.68
892.49,11.67
892.51,11.66
892.53,11.63
892.54,11.62
892.56,11.58
892.58,11.54
892.59,11.52
892.61,11.47
892.63,11.41
892.64,11.38
892.66,11.31
892.68,11.23
892.69,11.19
892.71,11.1
892.73,11.01
892.74,10.96
892.76,10.86
892.78,10.75
892.79,10.69
892.81,10.57
892.82,10.5
892.84,10.37
892.86,10.23
892.87,10.16
892.89,10.02
892.91,9.866
892.92,9.788
892.94,9.628
892.96,9.463
892.97,9.379
892.99,9.207
893.01,9.031
893.02,8.942
893.04,8.76
893.06,8.575
893.07,8.481
893.09,8.292
893.11,8.1
893.12,8.003
893.14,7.808
893.16,7.611
893.17,7.512
893.19,7.314
893.2,7.214
893.22,7.015
893.24,6.815
893.25,6.716
893.27,6.516
893.29,6.318
893.3,6.219
893.32,6.022
893.34,5.827
893.35,5.73
893.37,5.537
893.39,5.346
893.4,5.252
893.42,5.065
893.44,4.881
893.45,4.79
893.47,4.61
893.49,4.434
893.5,4.347
893.52,4.176
893.54,4.009
893.55,3.927
893.57,3.765
893.58,3.686
893.6,3.531
893.62,3.38
893.63,3.306
893.65,3.161
893.67,3.021
893.68,2.952
893.7,2.818
893.72,2.689
893.73,2.626
893.75,2.503
893.77,2.385
893.78,2.328
893.8,2.216
893.82,2.109
893.83,2.057
893.85,1.956
893.87,1.86
893.88,1.813
893.9,1.723
893.92,1.637
893.93,1.595
893.95,1.515
893.96,1.477
893.98,1.402
894.0,1.332
894.01,1.298
894.03,1.233
894.05,1.171
894.06,1.141
894.08,1.084
894.1,1.031
894.11,1.005
894.13,0.9564
894.15,0.9104
894.16,0.8885
894.18,0.8467
894.2,0.8076
894.21,0.789
894.23,0.7537
894.25,0.7208
894.26,0.7052
894.28,0.6758
894.29,0.6619
894.31,0.6357
894.33,0.6115
894.34,0.6001
894.36,0.5789
894.38,0.5594
894.39,0.5504
894.41,0.5335
894.43,0.5183
894.44,0.5113
894.46,0.4985
894.48,0.4871
894.49,0.482
894.51,0.4727
894.53,0.4649
894.54,0.4614
894.56,0.4555
894.58,0.4508
894.59,0.4489
894.61,0.446
894.63,0.4442
894.64,0.4438
894.66,0.4437
894.67,0.4441
894.69,0.4456
894.71,0.4482
894.72,0.4499
894.74,0.4541
894.76,0.4593
894.77,0.4623
894.79,0.4689
894.81,0.4766
894.82,0.4808
894.84,0.4899
894.86,0.5001
894.87,0.5055
894.89,0.517
894.91,0.5295
894.92,0.5361
894.94,0.5501
894.96,0.565
894.97,0.5727
894.99,0.589
895.01,0.6062
895.02,0.6152
895.04,0.6337
895.05,0.6434
895.07,0.6633
895.09,0.6841
895.1,0.6948
895.12,0.7169
895.14,0.7398
895.15,0.7516
895.17,0.7758
895.19,0.8007
895.2,0.8135
895.22,0.8395
895.24,0.8663
895.25,0.8799
895.27,0.9077
895.29,0.9361
895.3,0.9505
895.32,0.9797
895.34,1.009
895.35,1.024
895.37,1.055
895.39,1.086
895.4,1.101
895.42,1.132
895.43,1.148
895.45,1.18
895.47,1.211
895.48,1.227
895.5,1.259
895.52,1.291
895.53,1.307
895.55,1.338
895.57,1.369
895.58,1.385
895.6,1.416
895.62,1.446
895.63,1.462
895.65,1.491
895.67,1.521
895.68,1.535
895.7,1.563
895.72,1.591
895.73,1.604
895.75,1.63
895.76,1.643
895.78,1.668
895.8,1.691
895.81,1.703
895.83,1.725
895.85,1.746
895.86,1.756
895.88,1.775
895.9,1.792
895.91,1.8
895.93,1.816
895.95,1.83
895.96,1.836
895.98,1.848
896.0,1.859
896.01,1.863
896.03,1.871
896.05,1.877
896.06,1.88
896.08,1.884
896.1,1.886
896.11,1.887
896.13,1.887
896.14,1.886
896.16,1.883
896.18,1.879
896.19,1.876
896.21,1.87
896.23,1.861
896.24,1.857
896.26,1.846
896.28,1.834
896.29,1.827
896.31,1.813
896.33,1.797
896.34,1.789
896.36,1.771
896.38,1.752
896.39,1.742
896.41,1.721
896.43,1.699
896.44,1.687
896.46,1.663
896.48,1.638
896.49,1.625
896.51,1.599
896.52,1.586
896.54,1.558
896.56,1.529
896.57,1.515
896.59,1.485
896.61,1.455
896.62,1.44
896.64,1.409
896.66,1.377
896.67,1.361
896.69,1.329
896.71,1.297
896.72,1.281
896.74,1.248
896.76,1.215
896.77,1.199
896.79,1.166
896.81,1.133
896.82,1.116
896.84,1.083
896.86,1.05
896.87,1.034
896.89,1.001
896.9,0.9852
896.92,0.9531
896.94,0.9212
896.95,0.9054
896.97,0.8741
896.99,0.8432
897.0,0.8279
897.02,0.7977
897.04,0.768
897.05,0.7533
897.07,0.7243
897.09,0.6959
897.1,0.682
897.12,0.6544
897.14,0.6275
897.15,0.6143
897.17,0.5883
897.19,0.563
897.2,0.5506
897.22,0.5263
897.23,0.5144
897.25,0.4911
897.27,0.4684
897.28,0.4574
897.3,0.4358
897.32,0.4148
897.33,0.4046
897.35,0.3848
897.37,0.3655
897.38,0.3562
897.4,0.338
897.42,0.3205
897.43,0.312
897.45,0.2954
897.47,0.2796
897.48,0.2719
897.5,0.2569
897.52,0.2426
897.53,0.2357
897.55,0.2223
897.57,0.2095
897.58,0.2033
897.6,0.1914
897.61,0.1856
897.63,0.1745
897.65,0.1639
897.66,0.1588
897.68,0.149
897.7,0.1396
897.71,0.1351
897.73,0.1265
897.75,0.1183
897.76,0.1144
897.78,0.1069
897.8,0.09975
897.81,0.09634
897.83,0.08981
897.85,0.08364
897.86,0.0807
897.88,0.07507
897.9,0.06977
897.91,0.06724
897.93,0.06241
897.95,0.05788
897.96,0.05572
897.98,0.05161
897.99,0.04965
898.01,0.04592
898.03,0.04244
898.04,0.04079
898.06,0.03764
898.08,0.03471
898.09,0.03332
898.11,0.03069
898.13,0.02823
898.14,0.02707
898.16,0.02488
898.18,0.02284
898.19,0.02187
898.21,0.02005
898.23,0.01837
898.24,0.01757
898.26,0.01607
898.28,0.01469
898.29,0.01404
898.31,0.01281
898.32,0.01223
898.34,0.01115
898.36,0.01015
898.37,0.009685
898.39,0.008806
898.41,0.008
898.42,0.007622
898.44,0.006915
898.46,0.006267
898.47,0.005964
898.49,0.005398
898.51,0.004881
898.52,0.00464
898.54,0.00419
898.56,0.00378
898.57,0.003589
898.59,0.003233
898.61,0.002909
898.62,0.002759
898.64,0.00248
898.66,0.002226
898.67,0.002109
898.69,0.001891
898.7,0.00179
898.72,0.001602
898.74,0.001433
898.75,0.001355
898.77,0.00121
898.79,0.00108
898.8,0.00102
898.82,0.0009087
898.84,0.0008089
898.85,0.0007629
898.87,0.0006782
898.89,0.0006022
898.9,0.0005673
898.92,0.0005031
898.94,0.0004457
898.95,0.0004194
898.97,0.000371
898.99,0.0003279
899.0,0.0003081
899.02,0.0002719
899.04,0.0002397
899.05,0.000225
899.07,0.0001981
899.08,0.0001858
899.1,0.0001633
899.12,0.0001435
899.13,0.0001344
899.15,0.0001179
899.17,0.0001033
899.18,9.662e-05
899.2,8.453e-05
899.22,7.388e-05
899.23,6.905e-05
899.25,6.026e-05
899.27,5.254e-05
899.28,4.905e-05
899.3,4.27e-05
899.32,3.714e-05
899.33,3.463e-05
899.35,3.008e-05
899.37,2.61e-05
899.38,2.43e-05
899.4,2.106e-05
899.42,1.823e-05
899.43,1.695e-05
899.45,1.466e-05
899.46,1.362e-05
899.48,1.176e-05
899.5,1.014e-05
899.51,9.412e-06
899.53,8.105e-06
899.55,6.973e-06
899.56,6.465e-06
899.58,5.554e-06
899.6,4.767e-06
899.61,4.415e-06
899.63,3.784e-06
899.65,3.24e-06
899.66,2.997e-06
899.68,2.563e-06
899.7,2.19e-06
899.71,2.023e-06
899.73,1.726e-06
899.75,1.471e-06
899.76,1.358e-06
899.78,1.156e-06
899.79,1.066e-06
899.81,9.06e-07
899.83,7.694e-07
899.84,7.088e-07
899.86,6.011e-07
899.88,5.094e-07
899.89,4.687e-07
899.91,3.967e-07
899.93,3.354e-07
899.94,3.083e-07
899.96,2.603e-07
899.98,2.196e-07
899.99,2.017e-07
900.01,1.699e-07
900.03,1.431e-07
900.04,1.312e-07
900.06,1.103e-07
900.08,9.27e-08
900.09,8.494e-08
900.11,7.127e-08
900.13,5.976e-08
900.14,5.47e-08
900.16,4.581e-08
900.17,4.191e-08
900.19,3.505e-08
900.21,2.93e-08
900.22,2.677e-08
900.24,2.235e-08
900.26,1.865e-08
900.27,1.703e-08
900.29,1.419e-08
900.31,1.181e-08
900.32,1.078e-08
900.34,8.963e-09
900.36,7.45e-09
900.37,6.79e-09
900.39,5.638e-09
900.41,4.678e-09
900.42,4.26e-09
900.44,3.532e-09
900.46,2.925e-09
900.47,2.662e-09
900.49,2.203e-09
900.51,1.822e-09
900.52,1.657e-09
900.54,1.369e-09
900.55,1.244e-09
900.57,1.027e-09
900.59,8.473e-10
900.6,7.695e-10
900.62,6.343e-10
900.64,5.226e-10
900.65,4.743e-10
900.67,3.904e-10
900.69,3.212e-10
900.7,2.913e-10
900.72,2.395e-10
900.74,1.968e-10
900.75,1.784e-10
900.77,1.464e-10
900.79,1.202e-10
900.8,1.088e-10
900.82,8.926e-11
900.84,7.316e-11
900.85,6.622e-11
900.87,5.424e-11
900.89,4.44e-11
900.9,4.017e-11
900.92,3.286e-11
900.93,2.972e-11
900.95,2.43e-11
900.97,1.985e-11
900.98,1.794e-11
901.0,1.465e-11
901.02,1.196e-11
901.03,1.08e-11
901.05,8.812e-12
901.07,7.185e-12
901.08,6.486e-12
901.1,5.285e-12
901.12,4.304e-12
901.13,3.883e-12
901.15,3.16e-12
901.17,2.57e-12
901.18,2.318e-12
901.2,1.884e-12
901.22,1.531e-12
901.23,1.379e-12
901.25,1.12e-12
901.26,1.009e-12
901.28,8.183e-13
901.3,6.635e-13
901.31,5.973e-13
901.33,4.839e-13
901.35,3.918e-13
901.36,3.525e-13
901.38,2.852e-13
901.4,2.306e-13
901.41,2.074e-13
901.43,1.675e-13
901.45,1.353e-13
901.46,1.215e-13
901.48,9.805e-14
901.5,7.905e-14
901.51,7.097e-14
901.53,5.717e-14
901.55,4.602e-14
901.56,4.128e-14
901.58,3.32e-14
901.6,2.668e-14
901.61,2.392e-14
901.63,1.92e-14
901.64,1.72e-14
901.66,1.38e-14
901.68,1.106e-14
901.69,9.898e-15
901.71,7.925e-15
901.73,6.341e-15
901.74,5.67e-15
901.76,4.531e-15
901.78,3.618e-15
901.79,3.233e-15
