Wavelength (nm),Sum(calc),Fe I (6.1e-2),Fe II (3.4e-1),Fe III (4.5e-5),Ni I (1.5e-1),Ni II (4.5e-1),Ni III (1.5e-5)
199.41,2.010e-20,,,2.010e-20,,,
199.43,7.547e-14,,7.547e-14,2.046e-19,,,
199.46,2.677e-12,,2.677e-12,5.714e-18,,,
199.48,2.615e-11,,2.615e-11,4.760e-17,,,
199.51,6.871e-10,,6.871e-10,9.850e-16,,,
199.53,5.496e-9,,5.496e-9,6.718e-15,,,
199.55,4.058e-8,,4.058e-8,4.230e-14,,,
199.58,7.007e-7,,7.007e-7,5.752e-13,,,
199.60,4.236e-6,,4.236e-6,2.965e-12,,,
199.63,5.420e-5,,5.420e-5,2.987e-11,,,
199.65,2.683e-4,,2.683e-4,1.261e-10,,,
199.68,2.543e-3,,2.543e-3,9.412e-10,,,
199.70,1.031e-2,,1.031e-2,3.253e-9,,,
199.73,7.240e-2,,7.240e-2,1.800e-8,,,
199.75,2.403e-1,,2.403e-1,5.100e-8,,,
199.78,1.250e+0,,1.250e+0,2.096e-7,,,
199.80,3.398e+0,,3.398e+0,4.875e-7,,,
199.83,1.310e+1,,1.310e+1,1.496e-6,,,
199.85,2.914e+1,,2.914e+1,2.876e-6,,,
199.88,8.325e+1,,8.325e+1,6.709e-6,,,
199.90,1.517e+2,,1.517e+2,1.087e-5,,,
199.93,3.210e+2,,3.210e+2,2.024e-5,,,
199.95,4.788e+2,,4.788e+2,2.902e-5,,,
199.98,7.507e+2,,7.507e+2,4.723e-5,,,
200.00,9.169e+2,,9.169e+2,6.372e-5,,,
200.03,1.065e+3,,1.065e+3,9.607e-5,,,
200.05,1.065e+3,,1.065e+3,1.218e-4,,,
200.07,9.833e+2,,9.833e+2,1.483e-4,,,
200.10,7.507e+2,,7.507e+2,1.815e-4,3.351e-13,,
200.12,5.674e+2,,5.674e+2,1.940e-4,3.491e-12,,
200.15,3.210e+2,,3.210e+2,1.953e-4,1.012e-10,,
200.17,1.986e+2,,1.986e+2,1.887e-4,8.640e-10,,
200.20,8.325e+1,,8.325e+1,1.844e-4,1.859e-8,,
200.22,4.219e+1,,4.219e+1,1.975e-4,1.302e-7,,
200.25,1.310e+1,,1.310e+1,2.556e-4,2.078e-6,,
200.27,5.435e+0,,5.435e+0,3.197e-4,1.193e-5,,
200.30,1.251e+0,,1.250e+0,4.328e-4,1.415e-4,,
200.32,4.260e-1,,4.248e-1,4.989e-4,6.659e-4,,
200.35,7.932e-2,,7.291e-2,5.515e-4,5.860e-3,,
200.37,4.526e-2,,2.210e-2,5.482e-4,2.262e-2,,
200.40,1.636e-1,,1.531e-2,5.011e-4,1.478e-1,,
200.42,5.090e-1,,4.098e-2,4.608e-4,4.675e-1,,
200.45,2.464e+0,,1.960e-1,4.165e-4,2.267e+0,,
200.47,6.391e+0,,5.083e-1,4.035e-4,5.883e+0,,
200.50,2.301e+1,,1.830e+0,3.986e-4,2.118e+1,,
200.52,4.894e+1,,3.892e+0,3.939e-4,4.505e+1,,
200.55,1.308e+2,,1.040e+1,3.717e-4,1.204e+2,,
200.57,2.281e+2,,1.814e+1,3.462e-4,2.100e+2,,
200.59,3.674e+2,,2.922e+1,3.160e-4,3.382e+2,,
200.62,6.471e+2,,5.146e+1,2.729e-4,5.956e+2,,
200.64,8.545e+2,,6.795e+1,2.539e-4,7.866e+2,,
200.67,1.117e+3,,8.885e+1,2.543e-4,1.028e+3,,
200.69,1.210e+3,,9.620e+1,2.803e-4,1.113e+3,,
200.72,1.174e+3,,9.338e+1,3.600e-4,1.081e+3,,
200.74,1.042e+3,,8.290e+1,4.319e-4,9.594e+2,,
200.77,7.511e+2,,5.982e+1,5.377e-4,6.913e+2,,
200.79,5.469e+2,,4.376e+1,5.854e-4,5.031e+2,,
200.82,2.938e+2,,2.469e+1,5.953e-4,2.691e+2,,
200.84,1.782e+2,,1.760e+1,5.567e-4,1.606e+2,,
200.87,8.265e+1,,1.888e+1,4.466e-4,6.377e+1,,
200.89,6.225e+1,,3.106e+1,3.558e-4,3.120e+1,,
200.92,8.552e+1,,7.632e+1,2.244e-4,9.197e+0,,
200.94,1.354e+2,,1.318e+2,1.528e-4,3.689e+0,,
200.97,2.610e+2,,2.602e+2,7.863e-5,8.073e-1,,
200.99,3.717e+2,,3.715e+2,5.053e-5,2.655e-1,,
201.02,5.464e+2,,5.464e+2,3.387e-5,4.391e-2,,
201.04,6.401e+2,,6.401e+2,3.537e-5,1.529e-2,,
201.06,6.928e+2,,6.928e+2,4.387e-5,1.865e-2,,
201.09,6.726e+2,,6.725e+2,6.473e-5,1.216e-1,,
201.11,5.977e+2,,5.972e+2,8.083e-5,4.284e-1,,
201.14,4.333e+2,,4.309e+2,1.030e-4,2.453e+0,,
201.16,3.211e+2,,3.139e+2,1.140e-4,7.113e+0,,
201.19,1.986e+2,,1.683e+2,1.228e-4,3.030e+1,,
201.21,1.728e+2,,1.006e+2,1.234e-4,7.215e+1,,
201.24,2.688e+2,,4.013e+1,1.170e-4,2.287e+2,,
201.26,4.669e+2,,1.977e+1,1.083e-4,4.471e+2,,
201.29,1.061e+3,,6.374e+0,8.988e-5,1.054e+3,,
201.31,1.696e+3,,3.817e+0,7.555e-5,1.692e+3,,
201.34,2.974e+3,,6.083e+0,5.520e-5,2.968e+3,,
201.36,3.924e+3,,1.241e+1,4.507e-5,3.912e+3,,
201.39,5.139e+3,,3.444e+1,3.806e-5,5.105e+3,,
201.41,5.586e+3,,6.214e+1,3.897e-5,5.524e+3,,
201.44,5.493e+3,,1.300e+2,4.596e-5,5.363e+3,,
201.46,4.957e+3,,1.928e+2,5.165e-5,4.764e+3,,
201.49,3.742e+3,,3.003e+2,5.704e-5,3.441e+3,,
201.51,2.876e+3,,3.657e+2,5.691e-5,2.510e+3,,
201.54,1.773e+3,,4.239e+2,5.138e-5,1.349e+3,,
201.56,1.232e+3,,4.239e+2,4.580e-5,8.078e+2,,
201.58,8.390e+2,,3.919e+2,4.050e-5,4.471e+2,,
201.61,4.597e+2,,3.009e+2,3.568e-5,1.588e+2,,
201.63,3.017e+2,,2.295e+2,3.509e-5,7.215e+1,,
201.66,1.553e+2,,1.362e+2,3.691e-5,1.906e+1,,
201.68,1.023e+2,,9.516e+1,3.854e-5,7.113e+0,,
201.71,7.773e+1,,7.633e+1,3.961e-5,1.398e+0,,
201.73,9.660e+1,,9.617e+1,3.901e-5,4.283e-1,,
201.76,1.796e+2,,1.795e+2,3.684e-5,6.263e-2,,
201.78,2.703e+2,,2.703e+2,3.526e-5,1.575e-2,,
201.81,4.428e+2,,4.428e+2,3.342e-5,1.714e-3,,
201.83,5.605e+2,,5.605e+2,3.231e-5,3.539e-4,,
201.86,6.915e+2,,6.915e+2,2.971e-5,2.864e-5,,
201.88,7.243e+2,,7.243e+2,2.681e-5,4.857e-6,,
201.91,6.824e+2,,6.824e+2,2.071e-5,2.924e-7,,
201.93,6.117e+2,,6.117e+2,1.607e-5,4.071e-8,,
201.96,4.973e+2,,4.973e+2,9.621e-6,1.832e-9,,
201.98,4.462e+2,,4.462e+2,6.251e-6,2.875e-10,,
202.01,4.300e+2,,4.300e+2,2.951e-6,1.925e-9,,
202.03,4.503e+2,,4.503e+2,1.816e-6,1.458e-8,,
202.06,4.864e+2,,4.864e+2,1.331e-6,2.639e-7,,
202.08,4.890e+2,,4.890e+2,1.632e-6,1.650e-6,,
202.10,4.628e+2,,4.628e+2,2.336e-6,9.547e-6,,
202.13,3.733e+2,,3.733e+2,4.074e-6,1.147e-4,,
202.15,2.944e+2,,2.944e+2,5.685e-6,5.461e-4,,
202.18,1.784e+2,,1.784e+2,8.920e-6,4.899e-3,,
202.20,1.159e+2,,1.159e+2,1.179e-5,1.919e-2,,
202.23,5.254e+1,,5.241e+1,1.739e-5,1.285e-1,,
202.25,2.841e+1,,2.800e+1,2.189e-5,4.141e-1,,
202.28,1.151e+1,,9.439e+0,2.872e-5,2.070e+0,,
202.30,9.638e+0,,4.145e+0,3.229e-5,5.493e+0,,
202.33,2.156e+1,,1.042e+0,3.443e-5,2.052e+1,,
202.35,4.523e+1,,3.761e-1,3.342e-5,4.486e+1,,
202.38,1.256e+2,,7.044e-2,2.976e-5,1.255e+2,,
202.40,2.267e+2,,2.091e-2,2.789e-5,2.267e+2,,
202.43,4.789e+2,,2.919e-3,3.020e-5,4.789e+2,,
202.45,7.209e+2,,7.122e-4,3.724e-5,7.209e+2,,
202.48,1.176e+3,,7.411e-5,5.734e-5,1.176e+3,,
202.50,1.511e+3,,1.487e-5,7.577e-5,1.511e+3,,
202.53,2.010e+3,,1.153e-6,1.050e-4,2.010e+3,,
202.55,2.317e+3,,1.901e-7,1.206e-4,2.317e+3,,
202.58,2.726e+3,,1.099e-8,1.307e-4,2.726e+3,,
202.60,2.948e+3,,1.490e-9,1.264e-4,2.948e+3,,
202.62,3.100e+3,,1.868e-10,1.139e-4,3.100e+3,,
202.65,3.116e+3,,8.527e-12,8.523e-5,3.116e+3,,
202.67,2.943e+3,,1.296e-11,6.423e-5,2.943e+3,,
202.70,2.416e+3,,3.259e-10,3.672e-5,2.416e+3,,
202.72,1.950e+3,,2.539e-9,2.316e-5,1.950e+3,,
202.75,1.237e+3,,4.774e-8,1.039e-5,1.237e+3,,
202.77,8.330e+2,,3.065e-7,6.022e-6,8.330e+2,,
202.80,3.991e+2,,4.310e-6,3.777e-6,3.991e+2,,
202.82,2.221e+2,,2.280e-5,4.281e-6,2.221e+2,,
202.85,7.974e+1,,2.398e-4,7.079e-6,7.974e+1,,
202.87,3.656e+1,,1.045e-3,9.848e-6,3.656e+1,,
202.90,9.821e+0,,8.219e-3,1.435e-5,9.813e+0,,
202.92,3.734e+0,,2.951e-2,1.685e-5,3.705e+0,,
202.95,9.162e-1,,1.736e-1,1.872e-5,7.426e-1,,
202.97,7.443e-1,,5.136e-1,1.841e-5,2.308e-1,,
203.00,2.294e+0,,2.260e+0,1.597e-5,3.454e-2,,
203.02,5.516e+0,,5.507e+0,1.359e-5,8.834e-3,,
203.05,1.812e+1,,1.812e+1,9.915e-6,9.874e-4,,
203.07,3.639e+1,,3.639e+1,7.787e-6,2.078e-4,,
203.09,6.764e+1,,6.764e+1,6.020e-6,4.047e-5,,
203.12,1.482e+2,,1.482e+2,3.972e-6,3.005e-6,,
203.14,2.269e+2,,2.269e+2,2.924e-6,4.815e-7,,
203.17,3.718e+2,,3.718e+2,1.754e-6,2.669e-8,,
203.19,4.691e+2,,4.691e+2,1.263e-6,3.520e-9,,
203.22,5.749e+2,,5.749e+2,1.131e-6,1.457e-10,,
203.24,5.976e+2,,5.976e+2,1.680e-6,1.581e-11,,
203.27,5.477e+2,,5.477e+2,4.287e-6,4.887e-13,,
203.29,4.691e+2,,4.691e+2,8.022e-6,4.812e-13,,
203.32,3.216e+2,,3.216e+2,1.844e-5,4.700e-13,,
203.34,2.270e+2,,2.270e+2,2.960e-5,4.625e-13,,
203.37,1.166e+2,,1.166e+2,5.328e-5,4.512e-13,,
203.39,6.840e+1,,6.840e+1,7.288e-5,4.437e-13,,
203.42,2.889e+1,,2.889e+1,1.044e-4,4.325e-13,,
203.44,1.908e+1,,1.908e+1,1.242e-4,4.250e-13,,
203.47,2.298e+1,,2.298e+1,1.479e-4,4.137e-13,,
203.49,3.741e+1,,3.741e+1,1.587e-4,4.062e-13,,
203.52,7.894e+1,,7.894e+1,1.683e-4,3.950e-13,,
203.54,1.203e+2,,1.203e+2,1.715e-4,3.875e-13,,
203.57,1.966e+2,,1.966e+2,1.743e-4,3.762e-13,,
203.59,2.478e+2,,2.478e+2,1.765e-4,3.687e-13,,
203.61,2.892e+2,,2.892e+2,1.800e-4,3.612e-13,,
203.64,3.154e+2,,3.154e+2,1.890e-4,3.500e-13,,
203.66,3.035e+2,,3.035e+2,1.970e-4,3.424e-13,,
203.69,2.478e+2,,2.478e+2,2.088e-4,3.312e-13,,
203.71,1.966e+2,,1.966e+2,2.136e-4,3.237e-13,,
203.74,1.202e+2,,1.202e+2,2.128e-4,3.124e-13,,
203.76,7.875e+1,,7.875e+1,2.069e-4,3.049e-13,,
203.79,3.661e+1,,3.661e+1,1.933e-4,2.937e-13,,
203.81,2.112e+1,,2.112e+1,1.839e-4,2.862e-13,,
203.84,1.365e+1,,1.365e+1,1.733e-4,2.749e-13,,
203.86,1.925e+1,,1.925e+1,1.694e-4,2.674e-13,,
203.89,5.086e+1,,5.086e+1,1.684e-4,2.562e-13,,
203.91,9.655e+1,,9.655e+1,1.700e-4,2.487e-13,,
203.94,2.221e+2,,2.221e+2,1.751e-4,2.374e-13,,
203.96,3.521e+2,,3.521e+2,1.796e-4,2.299e-13,,
203.99,6.087e+2,,6.087e+2,1.867e-4,2.187e-13,,
204.01,7.966e+2,,7.966e+2,1.896e-4,2.112e-13,,
204.04,1.032e+3,,1.032e+3,1.864e-4,1.999e-13,,
204.06,1.115e+3,,1.115e+3,1.764e-4,1.924e-13,,
204.09,1.083e+3,,1.083e+3,1.486e-4,1.812e-13,,
204.11,9.653e+2,,9.653e+2,1.237e-4,1.737e-13,,
204.13,7.966e+2,,7.966e+2,9.682e-5,1.782e-12,,
204.16,5.170e+2,,5.170e+2,5.963e-5,5.078e-11,,
204.18,3.521e+2,,3.521e+2,4.024e-5,4.306e-10,,
204.21,1.713e+2,,1.713e+2,2.185e-5,9.213e-9,,
204.23,9.627e+1,,9.627e+1,1.692e-5,6.455e-8,,
204.26,3.512e+1,,3.512e+1,2.041e-5,1.037e-6,,
204.28,1.628e+1,,1.628e+1,3.042e-5,6.004e-6,,
204.31,4.453e+0,,4.453e+0,5.850e-5,7.247e-5,,
204.33,1.704e+0,,1.704e+0,8.654e-5,3.466e-4,,
204.36,3.526e-1,,3.493e-1,1.412e-4,3.142e-3,,
204.38,1.229e-1,,1.103e-1,1.829e-4,1.242e-2,,
204.41,1.017e-1,,1.695e-2,2.444e-4,8.453e-2,,
204.43,2.807e-1,,4.417e-3,2.783e-4,2.760e-1,,
204.46,1.412e+0,,5.088e-4,3.086e-4,1.411e+0,,
204.48,3.808e+0,,1.094e-4,3.115e-4,3.807e+0,,
204.51,1.462e+1,,9.450e-6,2.895e-4,1.462e+1,,
204.53,3.259e+1,,1.677e-6,2.603e-4,3.259e+1,,
204.56,9.401e+1,,1.092e-7,2.040e-4,9.401e+1,,
204.58,1.731e+2,,2.062e-8,1.641e-4,1.731e+2,,
204.61,3.751e+2,,8.499e-8,1.094e-4,3.751e+2,,
204.63,5.708e+2,,5.228e-7,7.935e-5,5.708e+2,,
204.65,8.047e+2,,3.007e-6,5.546e-5,8.047e+2,,
204.68,1.168e+3,,3.597e-5,3.059e-5,1.168e+3,,
204.70,1.360e+3,,1.711e-4,2.022e-5,1.360e+3,,
204.73,1.482e+3,,1.538e-3,1.177e-5,1.482e+3,,
204.75,1.427e+3,,6.049e-3,1.002e-5,1.427e+3,,
204.78,1.168e+3,,4.090e-2,1.303e-5,1.168e+3,,
204.80,9.287e+2,,1.330e-1,1.935e-5,9.286e+2,,
204.83,5.714e+2,,6.760e-1,3.631e-5,5.708e+2,,
204.85,3.769e+2,,1.817e+0,5.229e-5,3.751e+2,,
204.88,1.801e+2,,6.945e+0,7.962e-5,1.732e+2,,
204.90,1.096e+2,,1.544e+1,9.617e-5,9.417e+1,,
204.93,7.782e+1,,4.435e+1,1.108e-4,3.347e+1,,
204.95,9.857e+1,,8.151e+1,1.108e-4,1.706e+1,,
204.98,1.898e+2,,1.761e+2,9.607e-5,1.368e+1,,
205.00,2.917e+2,,2.675e+2,7.940e-5,2.418e+1,,
205.03,5.040e+2,,4.345e+2,5.173e-5,6.945e+1,,
205.05,6.780e+2,,5.459e+2,3.534e-5,1.320e+2,,
205.08,9.681e+2,,6.666e+2,1.730e-5,3.016e+2,,
205.10,1.168e+3,,6.924e+2,9.770e-6,4.757e+2,,
205.12,1.362e+3,,6.666e+2,5.113e-6,6.956e+2,,
205.15,1.613e+3,,5.459e+2,1.679e-6,1.067e+3,,
205.17,1.724e+3,,4.345e+2,7.297e-7,1.290e+3,,
205.20,1.755e+3,,2.676e+2,1.970e-7,1.487e+3,,
205.22,1.664e+3,,1.761e+2,1.089e-7,1.487e+3,,
205.25,1.372e+3,,8.171e+1,1.657e-7,1.290e+3,,
205.27,1.112e+3,,4.490e+1,3.229e-7,1.067e+3,,
205.30,7.166e+2,,1.764e+1,8.429e-7,6.990e+2,,
205.32,4.961e+2,,1.202e+1,1.493e-6,4.841e+2,,
205.35,2.788e+2,,1.719e+1,3.248e-6,2.616e+2,,
205.37,2.201e+2,,2.995e+1,5.298e-6,1.901e+2,,
205.40,2.640e+2,,6.686e+1,1.109e-5,1.971e+2,,
205.42,3.802e+2,,1.052e+2,1.846e-5,2.750e+2,,
205.45,6.715e+2,,1.803e+2,3.997e-5,4.911e+2,,
205.47,9.192e+2,,2.351e+2,6.550e-5,6.841e+2,,
205.50,1.290e+3,,3.036e+2,1.276e-4,9.866e+2,,
205.52,1.475e+3,,3.275e+2,1.865e-4,1.148e+3,,
205.55,1.568e+3,,3.183e+2,2.943e-4,1.249e+3,,
205.57,1.487e+3,,2.841e+2,3.693e-4,1.203e+3,,
205.60,1.194e+3,,2.079e+2,4.638e-4,9.861e+2,,
205.62,9.392e+2,,1.535e+2,5.031e-4,7.857e+2,,
205.64,6.855e+2,,1.051e+2,5.187e-4,5.804e+2,,
205.67,3.714e+2,,5.167e+1,5.015e-4,3.197e+2,,
205.69,2.250e+2,,2.927e+1,4.715e-4,1.957e+2,,
205.72,9.369e+1,,1.083e+1,4.203e-4,8.285e+1,,
205.74,5.100e+1,,5.078e+0,3.943e-4,4.592e+1,,
205.77,3.292e+1,,1.414e+0,3.830e-4,3.151e+1,,
205.79,4.722e+1,,5.486e-1,3.965e-4,4.668e+1,,
205.82,1.190e+2,,1.150e-1,4.409e-4,1.189e+2,,
205.84,2.156e+2,,3.691e-2,4.777e-4,2.155e+2,,
205.87,4.617e+2,,5.824e-3,5.320e-4,4.617e+2,,
205.89,6.989e+2,,1.547e-3,5.717e-4,6.989e+2,,
205.92,1.130e+3,,1.859e-4,6.857e-4,1.130e+3,,
205.94,1.417e+3,,5.180e-5,8.738e-4,1.417e+3,,
205.97,1.728e+3,,1.220e-4,1.596e-3,1.728e+3,,
205.99,1.794e+3,,5.131e-4,2.642e-3,1.794e+3,,
206.02,1.648e+3,,4.008e-3,5.676e-3,1.648e+3,,
206.04,1.417e+3,,1.438e-2,9.003e-3,1.417e+3,,
206.07,9.814e+2,,8.485e-2,1.602e-2,9.813e+2,,
206.09,6.992e+2,,2.522e-1,2.157e-2,6.989e+2,,
206.12,3.658e+2,,1.123e+0,2.939e-2,3.647e+2,,
206.14,2.179e+2,,2.767e+0,3.291e-2,2.151e+2,,
206.16,1.240e+2,,6.323e+0,3.420e-2,1.177e+2,,
206.19,6.033e+1,,1.897e+1,3.147e-2,4.132e+1,,
206.21,5.468e+1,,3.594e+1,2.711e-2,1.872e+1,,
206.24,8.634e+1,,8.136e+1,1.882e-2,4.955e+0,,
206.26,1.296e+2,,1.277e+2,1.343e-2,1.859e+0,,
206.29,2.185e+2,,2.182e+2,7.035e-3,3.708e-1,,
206.31,2.839e+2,,2.838e+2,4.161e-3,1.152e-1,,
206.34,3.660e+2,,3.659e+2,1.644e-3,1.732e-2,,
206.36,3.949e+2,,3.949e+2,8.063e-4,4.457e-3,,
206.39,3.857e+2,,3.857e+2,2.411e-4,5.051e-4,,
206.41,3.477e+2,,3.477e+2,9.882e-5,1.076e-4,,
206.44,2.653e+2,,2.653e+2,2.408e-5,9.192e-6,,
206.46,2.109e+2,,2.109e+2,1.035e-5,1.622e-6,,
206.49,1.533e+2,,1.533e+2,6.248e-6,1.044e-7,,
206.51,1.365e+2,,1.365e+2,8.664e-6,1.526e-8,,
206.54,1.388e+2,,1.388e+2,2.635e-5,7.402e-10,,
206.56,1.501e+2,,1.501e+2,6.562e-5,8.960e-11,,
206.59,1.662e+2,,1.662e+2,2.562e-4,3.276e-12,,
206.61,1.711e+2,,1.711e+2,5.960e-4,3.236e-12,,
206.63,1.715e+2,,1.715e+2,1.297e-3,3.197e-12,,
206.66,1.729e+2,,1.729e+2,3.638e-3,3.138e-12,,
206.68,1.818e+2,,1.818e+2,6.604e-3,3.099e-12,,
206.71,2.138e+2,,2.138e+2,1.405e-2,3.040e-12,,
206.73,2.445e+2,,2.445e+2,2.119e-2,3.000e-12,,
206.76,2.877e+2,,2.877e+2,3.411e-2,2.941e-12,,
206.78,3.024e+2,,3.024e+2,4.268e-2,2.902e-12,,
206.81,2.898e+2,,2.898e+2,5.192e-2,2.843e-12,,
206.83,2.588e+2,,2.588e+2,5.389e-2,2.803e-12,,
206.86,1.927e+2,,1.926e+2,4.954e-2,2.744e-12,,
206.88,1.472e+2,,1.471e+2,4.266e-2,2.705e-12,,
206.91,9.345e+1,,9.342e+1,2.964e-2,2.646e-12,,
206.93,7.173e+1,,7.171e+1,2.119e-2,2.607e-12,,
206.96,5.875e+1,,5.874e+1,1.117e-2,2.548e-12,,
206.98,5.871e+1,,5.870e+1,6.676e-3,2.508e-12,,
207.01,6.226e+1,,6.225e+1,2.752e-3,2.449e-12,,
207.03,6.264e+1,,6.264e+1,1.451e-3,2.410e-12,,
207.06,5.667e+1,,5.667e+1,5.687e-4,2.351e-12,,
207.08,4.864e+1,,4.864e+1,3.346e-4,2.312e-12,,
207.11,3.374e+1,,3.374e+1,1.817e-4,2.252e-12,,
207.13,2.411e+1,,2.411e+1,1.289e-4,2.213e-12,,
207.15,1.599e+1,,1.599e+1,9.045e-5,2.174e-12,,
207.18,7.506e+0,,7.506e+0,4.873e-5,2.115e-12,,
207.20,4.131e+0,,4.131e+0,2.983e-5,2.075e-12,,
207.23,1.466e+0,,1.466e+0,1.263e-5,2.016e-12,,
207.25,6.695e-1,,6.694e-1,6.686e-6,1.977e-12,,
207.28,1.796e-1,,1.796e-1,2.778e-6,1.918e-12,,
207.30,6.804e-2,,6.804e-2,2.080e-6,1.879e-12,,
207.33,1.380e-2,,1.379e-2,2.393e-6,1.820e-12,,
207.35,4.340e-3,,4.337e-3,3.015e-6,1.780e-12,,
207.38,6.686e-4,,6.646e-4,4.015e-6,1.721e-12,,
207.40,1.778e-4,,1.733e-4,4.490e-6,1.682e-12,,
207.43,2.474e-5,,2.008e-5,4.664e-6,1.623e-12,,
207.45,8.757e-6,,4.345e-6,4.412e-6,1.584e-12,,
207.48,4.081e-6,,3.810e-7,3.700e-6,1.525e-12,,
207.50,3.294e-6,,7.237e-8,3.222e-6,1.485e-12,,
207.53,3.027e-6,,7.123e-8,2.956e-6,1.426e-12,,
207.55,3.958e-6,,3.942e-7,3.564e-6,1.387e-12,,
207.58,1.360e-5,,4.908e-6,8.696e-6,1.328e-12,,
207.60,4.550e-5,,2.406e-5,2.143e-5,1.288e-12,,
207.63,3.201e-4,,2.274e-4,9.263e-5,1.229e-12,,
207.65,1.164e-3,,9.269e-4,2.373e-4,1.190e-12,,
207.67,4.080e-3,,3.508e-3,5.723e-4,1.151e-12,,
207.70,2.437e-2,,2.249e-2,1.882e-3,1.092e-12,,
207.72,7.455e-2,,7.075e-2,3.799e-3,1.052e-12,,
207.75,3.532e-1,,3.437e-1,9.494e-3,9.933e-13,,
207.77,9.148e-1,,8.989e-1,1.594e-2,9.539e-13,,
207.80,3.339e+0,,3.309e+0,3.019e-2,8.949e-13,,
207.82,7.235e+0,,7.193e+0,4.212e-2,8.555e-13,,
207.85,2.013e+1,,2.007e+1,6.043e-2,7.965e-13,,
207.87,3.633e+1,,3.626e+1,7.008e-2,7.572e-13,,
207.90,7.674e+1,,7.667e+1,7.617e-2,6.981e-13,,
207.92,1.152e+2,,1.151e+2,7.340e-2,6.588e-13,,
207.95,1.845e+2,,1.845e+2,6.044e-2,2.072e-11,,
207.97,2.304e+2,,2.303e+2,4.840e-2,1.884e-10,,
208.00,2.797e+2,,2.796e+2,3.019e-2,4.497e-9,,
208.02,2.902e+2,,2.902e+2,2.009e-2,3.401e-8,,
208.05,2.670e+2,,2.670e+2,9.497e-3,6.161e-7,,
208.07,2.303e+2,,2.303e+2,5.253e-3,3.877e-6,,
208.10,1.606e+2,,1.606e+2,1.882e-3,5.330e-5,,
208.12,1.151e+2,,1.151e+2,8.662e-4,2.790e-4,,
208.15,6.085e+1,,6.085e+1,2.376e-4,2.911e-3,,
208.17,3.627e+1,,3.626e+1,9.481e-5,1.268e-2,,
208.19,2.012e+1,,2.007e+1,4.123e-5,5.131e-2,,
208.22,7.557e+0,,7.193e+0,3.004e-5,3.638e-1,,
208.24,4.534e+0,,3.309e+0,4.673e-5,1.225e+0,,
208.27,7.491e+0,,8.989e-1,1.081e-4,6.592e+0,,
208.29,1.881e+1,,3.439e-1,1.828e-4,1.846e+1,,
208.32,7.548e+1,,7.178e-2,3.625e-4,7.540e+1,,
208.34,1.758e+2,,2.521e-2,5.297e-4,1.757e+2,,
208.37,5.446e+2,,1.401e-2,8.266e-4,5.446e+2,,
208.39,1.056e+3,,2.532e-2,1.021e-3,1.056e+3,5.992e-13,
208.42,2.484e+3,,8.235e-2,1.227e-3,2.484e+3,1.664e-11,
208.44,4.007e+3,,1.839e-1,1.270e-3,4.007e+3,1.392e-10,
208.47,7.152e+3,,6.267e-1,1.168e-3,7.151e+3,2.937e-9,
208.49,9.600e+3,,1.429e+0,1.012e-3,9.598e+3,2.046e-8,
208.52,1.301e+4,,4.772e+0,7.194e-4,1.300e+4,3.279e-7,
208.54,1.453e+4,,1.018e+1,5.348e-4,1.452e+4,1.902e-6,
208.57,1.495e+4,,2.869e+1,3.327e-4,1.492e+4,2.317e-5,
208.59,1.392e+4,,5.291e+1,2.615e-4,1.387e+4,1.119e-4,
208.62,1.093e+4,,1.165e+2,2.424e-4,1.082e+4,1.036e-3,
208.64,8.542e+3,,1.805e+2,2.720e-4,8.362e+3,4.165e-3,
208.66,6.265e+3,,2.601e+2,3.187e-4,6.005e+3,1.557e-2,
208.69,3.576e+3,,3.927e+2,3.896e-4,3.184e+3,9.806e-2,
208.71,2.374e+3,,4.717e+2,4.210e-4,1.902e+3,3.052e-1,
208.74,1.308e+3,,5.412e+2,4.300e-4,7.654e+2,1.461e+0,
208.76,9.254e+2,,5.411e+2,4.119e-4,3.805e+2,3.786e+0,
208.79,6.014e+2,,4.715e+2,3.642e-4,1.162e+2,1.377e+1,
208.81,4.702e+2,,3.924e+2,3.331e-4,4.805e+1,2.971e+1,
208.84,3.529e+2,,2.596e+2,3.182e-4,1.113e+1,8.209e+1,
208.86,3.312e+2,,1.798e+2,3.500e-4,3.831e+0,1.475e+2,
208.89,4.007e+2,,9.035e+1,4.951e-4,6.738e-1,3.097e+2,
208.91,5.156e+2,,5.209e+1,6.693e-4,1.929e-1,4.633e+2,
208.94,7.589e+2,,1.987e+1,1.034e-3,2.574e-2,7.390e+2,
208.96,9.302e+2,,9.539e+0,1.311e-3,6.132e-3,9.207e+2,
208.99,1.119e+3,,2.779e+0,1.672e-3,6.210e-4,1.116e+3,
209.01,1.159e+3,,1.141e+0,1.812e-3,1.231e-4,1.158e+3,
209.04,1.066e+3,,3.477e-1,1.805e-3,9.460e-6,1.066e+3,
209.06,9.214e+2,,2.747e-1,1.658e-3,1.560e-6,9.211e+2,
209.09,6.469e+2,,4.628e-1,1.300e-3,9.098e-8,6.465e+2,
209.11,4.699e+2,,7.631e-1,1.029e-3,1.248e-8,4.691e+2,
209.14,2.691e+2,,1.635e+0,6.606e-4,5.525e-10,2.675e+2,
209.16,1.958e+2,,2.717e+0,4.674e-4,6.306e-11,1.931e+2,
209.18,1.778e+2,,4.494e+0,3.211e-4,6.253e-11,1.733e+2,
209.21,2.640e+2,,9.248e+0,1.776e-4,6.174e-11,2.547e+2,
209.23,4.032e+2,,1.435e+1,1.203e-4,6.122e-11,3.889e+2,
209.26,7.332e+2,,2.528e+1,7.120e-5,6.043e-11,7.079e+2,
209.28,1.014e+3,,3.429e+1,5.356e-5,5.991e-11,9.795e+2,
209.31,1.444e+3,,4.794e+1,3.814e-5,5.912e-11,1.396e+3,
209.33,1.671e+3,,5.504e+1,3.110e-5,5.859e-11,1.616e+3,
209.36,1.813e+3,,5.934e+1,2.213e-5,5.781e-11,1.754e+3,
209.38,1.748e+3,,5.706e+1,1.690e-5,5.728e-11,1.691e+3,
209.41,1.443e+3,,4.699e+1,1.094e-5,5.649e-11,1.396e+3,
209.43,1.159e+3,,3.771e+1,8.942e-6,5.597e-11,1.121e+3,
209.46,7.278e+2,,2.366e+1,1.050e-5,5.518e-11,7.041e+2,
209.48,4.871e+2,,1.583e+1,1.613e-5,5.466e-11,4.713e+2,
209.51,2.326e+2,,7.555e+0,3.716e-5,5.387e-11,2.250e+2,
209.53,1.297e+2,,4.212e+0,6.639e-5,5.334e-11,1.255e+2,
209.56,4.709e+1,,1.530e+0,1.554e-4,5.256e-11,4.556e+1,
209.58,2.188e+1,,7.106e-1,2.663e-4,5.203e-11,2.117e+1,
209.61,6.042e+0,,1.962e-1,5.593e-4,5.124e-11,5.846e+0,
209.63,2.340e+0,,7.597e-2,8.667e-4,5.072e-11,2.263e+0,
209.66,4.927e-1,,1.596e-2,1.508e-3,4.993e-11,4.752e-1,
209.68,1.604e-1,,5.165e-3,2.022e-3,4.940e-11,1.533e-1,
209.70,5.009e-2,,1.605e-3,2.541e-3,4.888e-11,4.594e-2,
209.73,1.028e-2,,5.492e-4,3.155e-3,4.809e-11,6.577e-3,
209.75,5.954e-3,,9.662e-4,3.345e-3,4.757e-11,1.643e-3,
209.78,7.076e-3,,3.695e-3,3.202e-3,4.678e-11,1.788e-4,
209.80,1.148e-2,,8.592e-3,2.848e-3,4.625e-11,3.721e-5,
209.83,2.896e-2,,2.687e-2,2.093e-3,4.547e-11,3.081e-6,
209.85,5.445e-2,,5.289e-2,1.560e-3,4.494e-11,5.342e-7,
209.88,1.306e-1,,1.297e-1,8.791e-4,4.415e-11,3.363e-8,
209.90,2.194e-1,,2.188e-1,5.495e-4,4.363e-11,4.859e-9,
209.93,4.322e-1,,4.320e-1,2.386e-4,4.284e-11,2.326e-10,
209.95,6.378e-1,,6.376e-1,1.259e-4,4.232e-11,2.800e-11,
209.98,1.047e+0,,1.047e+0,4.305e-5,4.153e-11,1.020e-12,
210.00,1.379e+0,,1.379e+0,1.973e-5,4.100e-11,1.020e-12,
210.03,1.921e+0,,1.921e+0,5.769e-6,4.022e-11,1.019e-12,
210.05,2.269e+0,,2.269e+0,2.523e-6,3.969e-11,1.019e-12,
210.08,2.673e+0,,2.673e+0,7.613e-7,3.890e-11,1.019e-12,
210.10,2.819e+0,,2.819e+0,3.555e-7,3.838e-11,1.019e-12,
210.13,2.832e+0,,2.832e+0,1.156e-7,3.759e-11,1.019e-12,
210.15,2.739e+0,,2.739e+0,5.357e-8,3.706e-11,1.019e-12,
210.18,2.556e+0,,2.556e+0,1.635e-8,3.628e-11,1.019e-12,
210.20,2.461e+0,,2.461e+0,8.929e-9,3.575e-11,1.019e-12,
210.22,2.405e+0,,2.405e+0,9.837e-9,3.523e-11,1.019e-12,
210.25,2.362e+0,,2.362e+0,3.165e-8,3.444e-11,1.019e-12,
210.27,2.324e+0,,2.324e+0,7.425e-8,3.391e-11,1.019e-12,
210.30,2.220e+0,,2.220e+0,2.375e-7,3.313e-11,1.019e-12,
210.32,2.139e+0,,2.139e+0,4.717e-7,3.260e-11,1.019e-12,
210.35,2.069e+0,,2.069e+0,1.154e-6,3.181e-11,1.019e-12,
210.37,2.083e+0,,2.083e+0,1.918e-6,3.129e-11,1.019e-12,
210.40,2.167e+0,,2.167e+0,3.610e-6,3.050e-11,1.019e-12,
210.42,2.211e+0,,2.211e+0,5.078e-6,2.998e-11,1.019e-12,
210.45,2.161e+0,,2.161e+0,7.712e-6,2.919e-11,1.019e-12,
210.47,2.034e+0,,2.034e+0,9.921e-6,2.866e-11,1.019e-12,
210.50,1.815e+0,,1.815e+0,1.549e-5,2.788e-11,1.019e-12,
210.52,1.837e+0,,1.837e+0,2.315e-5,2.735e-11,1.019e-12,
210.55,2.753e+0,,2.753e+0,4.870e-5,2.656e-11,1.019e-12,
210.57,4.575e+0,,4.574e+0,8.223e-5,2.604e-11,1.019e-12,
210.60,1.069e+1,,1.069e+1,1.705e-4,2.525e-11,1.019e-12,
210.62,1.808e+1,,1.808e+1,2.591e-4,2.473e-11,1.019e-12,
210.65,3.544e+1,,3.544e+1,4.294e-4,2.394e-11,1.019e-12,
210.67,5.105e+1,,5.105e+1,5.513e-4,2.341e-11,1.019e-12,
210.69,6.875e+1,,6.875e+1,6.596e-4,2.289e-11,1.019e-12,
210.72,9.521e+1,,9.521e+1,7.550e-4,2.210e-11,1.019e-12,
210.74,1.099e+2,,1.099e+2,7.558e-4,2.157e-11,1.019e-12,
210.77,1.249e+2,,1.249e+2,6.627e-4,2.079e-11,1.019e-12,
210.79,1.305e+2,,1.305e+2,5.560e-4,2.026e-11,1.019e-12,
210.82,1.364e+2,,1.364e+2,3.758e-4,1.947e-11,1.019e-12,
210.84,1.409e+2,,1.409e+2,2.665e-4,1.895e-11,1.019e-12,
210.87,1.496e+2,,1.496e+2,1.420e-4,1.816e-11,1.019e-12,
210.89,1.561e+2,,1.561e+2,8.728e-5,1.764e-11,1.019e-12,
210.92,1.657e+2,,1.657e+2,3.899e-5,1.685e-11,1.019e-12,
210.94,1.729e+2,,1.729e+2,2.203e-5,1.632e-11,1.019e-12,
210.97,1.886e+2,,1.886e+2,9.126e-6,1.554e-11,1.019e-12,
210.99,2.037e+2,,2.037e+2,5.012e-6,1.501e-11,1.019e-12,
211.02,2.294e+2,,2.294e+2,1.978e-6,1.422e-11,1.019e-12,
211.04,2.426e+2,,2.426e+2,1.027e-6,1.370e-11,1.019e-12,
211.07,2.448e+2,,2.448e+2,3.631e-7,1.291e-11,1.019e-12,
211.09,2.303e+2,,2.303e+2,1.904e-7,1.239e-11,1.019e-12,
211.12,1.868e+2,,1.868e+2,1.518e-7,1.160e-11,1.019e-12,
211.14,1.495e+2,,1.495e+2,2.515e-7,1.107e-11,1.019e-12,
211.17,9.396e+1,,9.396e+1,6.674e-7,1.029e-11,1.019e-12,
211.19,6.313e+1,,6.313e+1,1.224e-6,9.760e-12,1.019e-12,
211.21,3.950e+1,,3.950e+1,2.109e-6,9.235e-12,1.019e-12,
211.24,1.711e+1,,1.711e+1,4.226e-6,8.448e-12,1.019e-12,
211.26,8.953e+0,,8.953e+0,6.193e-6,7.922e-12,1.019e-12,
211.29,2.964e+0,,2.964e+0,9.741e-6,7.135e-12,1.019e-12,
211.31,1.297e+0,,1.297e+0,1.216e-5,6.610e-12,1.019e-12,
211.34,3.294e-1,,3.294e-1,1.507e-5,5.822e-12,1.019e-12,
211.36,1.248e-1,,1.248e-1,1.607e-5,5.297e-12,1.019e-12,
211.39,5.055e-2,,5.053e-2,1.579e-5,4.509e-12,1.019e-12,
211.41,8.691e-2,,8.689e-2,1.457e-5,3.984e-12,1.019e-12,
211.44,3.491e-1,,3.491e-1,1.221e-5,3.197e-12,1.019e-12,
211.46,8.499e-1,,8.499e-1,1.123e-5,2.672e-12,1.019e-12,
211.49,2.835e+0,,2.835e+0,1.270e-5,1.884e-12,1.019e-12,
211.51,5.789e+0,,5.789e+0,1.688e-5,1.359e-12,1.019e-12,
211.54,1.478e+1,,1.478e+1,2.957e-5,3.610e-11,1.019e-12,
211.56,2.525e+1,,2.525e+1,4.239e-5,2.941e-10,1.019e-12,
211.59,4.931e+1,,4.931e+1,6.589e-5,5.986e-9,1.019e-12,
211.61,7.046e+1,,7.046e+1,8.153e-5,4.082e-8,1.019e-12,
211.64,1.053e+2,,1.053e+2,9.885e-5,6.364e-7,1.019e-12,
211.66,1.259e+2,,1.259e+2,1.034e-4,3.633e-6,1.019e-12,
211.69,1.439e+2,,1.439e+2,9.901e-5,4.338e-5,1.019e-12,
211.71,1.439e+2,,1.439e+2,9.072e-5,2.073e-4,1.019e-12,
211.73,1.340e+2,,1.340e+2,8.129e-5,9.229e-4,1.019e-12,
211.76,1.053e+2,,1.053e+2,7.078e-5,7.586e-3,1.019e-12,
211.78,8.203e+1,,8.201e+1,6.835e-5,2.827e-2,1.019e-12,
211.81,4.948e+1,,4.931e+1,7.067e-5,1.780e-1,1.019e-12,
211.83,3.268e+1,,3.212e+1,7.350e-5,5.552e-1,1.019e-12,
211.86,1.746e+1,,1.478e+1,7.416e-5,2.677e+0,1.019e-12,
211.88,1.505e+1,,8.054e+0,7.016e-5,6.992e+0,1.019e-12,
211.91,2.866e+1,,2.835e+0,5.745e-5,2.582e+1,2.675e-11,
211.93,5.775e+1,,1.292e+0,4.623e-5,5.646e+1,2.164e-10,
211.96,1.601e+2,,3.480e-1,2.928e-5,1.597e+2,4.357e-9,
211.98,2.925e+2,,1.327e-1,1.977e-5,2.923e+2,2.951e-8,
212.01,6.334e+2,,2.735e-2,9.603e-6,6.334e+2,4.557e-7,
212.03,9.705e+2,,8.724e-3,5.429e-6,9.705e+2,2.586e-6,
212.06,1.611e+3,,1.375e-3,2.024e-6,1.611e+3,3.060e-5,
212.08,2.066e+3,,3.672e-4,9.716e-7,2.066e+3,1.455e-4,
212.11,2.626e+3,,4.623e-5,3.409e-7,2.626e+3,1.320e-3,
212.13,2.820e+3,,1.801e-5,2.695e-7,2.820e+3,5.256e-3,
212.16,2.746e+3,,6.055e-5,5.320e-7,2.746e+3,3.657e-2,
212.18,2.468e+3,,2.062e-4,1.006e-6,2.468e+3,1.220e-1,
212.20,2.068e+3,,6.634e-4,1.827e-6,2.067e+3,3.789e-1,
212.23,1.392e+3,,3.355e-3,3.947e-6,1.391e+3,1.817e+0,
212.25,9.888e+2,,9.046e-3,6.041e-6,9.840e+2,4.730e+0,
212.28,5.583e+2,,3.507e-2,1.002e-5,5.408e+2,1.739e+1,
212.30,4.138e+2,,7.922e-2,1.284e-5,3.758e+2,3.792e+1,
212.33,4.227e+2,,2.355e-1,1.631e-5,3.156e+2,1.069e+2,
212.35,5.816e+2,,4.455e-1,1.751e-5,3.860e+2,1.952e+2,
212.38,1.047e+3,,1.015e+0,1.705e-5,6.243e+2,4.218e+2,
212.40,1.489e+3,,1.609e+0,1.533e-5,8.425e+2,6.453e+2,
212.43,2.254e+3,,2.812e+0,1.144e-5,1.182e+3,1.069e+3,
212.45,2.734e+3,,3.734e+0,8.613e-6,1.361e+3,1.370e+3,
212.48,3.218e+3,,5.005e+0,4.926e-6,1.473e+3,1.740e+3,
212.50,3.295e+3,,5.575e+0,3.106e-6,1.422e+3,1.868e+3,
212.53,3.005e+3,,5.777e+0,1.361e-6,1.180e+3,1.819e+3,
212.55,2.596e+3,3.082e-14,5.486e+0,7.188e-7,9.542e+2,1.637e+3,
212.58,1.840e+3,8.810e-13,4.767e+0,2.414e-7,6.073e+2,1.227e+3,
212.60,1.352e+3,7.542e-12,4.483e+0,1.068e-7,4.113e+2,9.364e+2,
212.63,7.939e+2,1.655e-10,5.211e+0,2.757e-8,2.007e+2,5.880e+2,
212.65,5.870e+2,1.188e-9,6.989e+0,1.045e-8,1.138e+2,4.662e+2,
212.68,5.773e+2,2.003e-8,1.225e+1,3.394e-9,4.257e+1,5.225e+2,
212.70,8.015e+2,1.206e-7,1.752e+1,4.347e-9,2.022e+1,7.638e+2,
212.72,1.237e+3,6.768e-7,2.380e+1,9.499e-9,8.952e+0,1.204e+3,
212.75,2.309e+3,7.884e-6,3.344e+1,3.234e-8,2.308e+0,2.273e+3,
212.77,3.264e+3,3.710e-5,3.854e+1,6.779e-8,8.555e-1,3.224e+3,
212.80,4.833e+3,3.319e-4,4.200e+1,1.804e-7,1.691e-1,4.791e+3,
212.82,5.756e+3,1.310e-3,4.109e+1,3.173e-7,5.251e-2,5.715e+3,
212.85,6.560e+3,8.998e-3,3.629e+1,6.481e-7,7.955e-3,6.524e+3,
212.87,6.557e+3,2.978e-2,3.272e+1,9.554e-7,2.069e-3,6.524e+3,
212.90,5.746e+3,1.571e-1,3.093e+1,1.498e-6,2.403e-4,5.715e+3,
212.92,4.824e+3,4.361e-1,3.415e+1,1.851e-6,5.236e-5,4.790e+3,
212.95,3.268e+3,1.767e+0,4.702e+1,2.228e-6,4.662e-6,3.219e+3,
212.97,2.326e+3,4.112e+0,5.999e+1,2.308e-6,8.507e-7,2.262e+3,
213.00,1.260e+3,1.280e+1,8.124e+1,2.132e-6,5.806e-8,1.166e+3,
213.02,8.045e+2,2.498e+1,9.273e+1,1.851e-6,8.875e-9,6.868e+2,
213.05,4.314e+2,5.969e+1,9.993e+1,1.312e-6,4.644e-10,2.718e+2,
213.07,3.282e+2,9.771e+1,9.639e+1,9.554e-7,5.946e-11,1.341e+2,
213.10,3.002e+2,1.793e+2,8.012e+1,5.199e-7,2.385e-12,4.073e+1,
213.12,3.279e+2,2.462e+2,6.491e+1,3.175e-7,2.359e-12,1.685e+1,
213.15,3.924e+2,3.469e+2,4.158e+1,1.340e-7,2.321e-12,3.925e+0,
213.17,4.292e+2,3.994e+2,2.840e+1,7.246e-8,2.295e-12,1.361e+0,
213.20,4.468e+2,4.323e+2,1.427e+1,4.501e-8,2.257e-12,2.433e-1,
213.22,4.259e+2,4.174e+2,8.448e+0,7.153e-8,2.231e-12,7.068e-2,
213.24,3.804e+2,3.755e+2,4.848e+0,1.587e-7,2.205e-12,1.914e-2,
213.27,2.830e+2,2.809e+2,2.126e+0,5.351e-7,2.167e-12,2.362e-3,
213.29,2.133e+2,2.120e+2,1.300e+0,1.117e-6,2.141e-12,5.359e-4,
213.32,1.225e+2,1.218e+2,7.065e-1,2.958e-6,2.102e-12,5.077e-5,
213.34,7.756e+1,7.704e+1,5.108e-1,5.187e-6,2.077e-12,9.868e-6,
213.37,3.439e+1,3.399e+1,4.021e-1,1.056e-5,2.038e-12,3.778e-6,
213.39,1.853e+1,1.804e+1,4.942e-1,1.554e-5,2.012e-12,1.661e-5,
213.42,7.254e+0,6.110e+0,1.143e+0,2.432e-5,1.974e-12,1.796e-4,
213.44,4.956e+0,2.719e+0,2.235e+0,3.004e-5,1.948e-12,8.083e-4,
213.47,6.529e+0,7.075e-1,5.814e+0,3.623e-5,1.910e-12,6.770e-3,
213.49,1.056e+1,2.641e-1,1.027e+1,3.775e-5,1.884e-12,2.558e-2,
213.52,2.167e+1,5.276e-2,2.145e+1,3.583e-5,1.845e-12,1.648e-1,
213.54,3.283e+1,1.651e-2,3.229e+1,3.272e-5,1.820e-12,5.228e-1,
213.57,5.516e+1,2.534e-3,5.257e+1,2.847e-5,1.781e-12,2.591e+0,
213.59,7.373e+1,6.651e-4,6.683e+1,2.808e-5,1.756e-12,6.900e+0,
213.62,1.105e+2,7.838e-5,8.420e+1,3.398e-5,1.717e-12,2.630e+1,
213.64,1.489e+2,1.725e-5,9.009e+1,4.267e-5,1.691e-12,5.881e+1,
213.67,2.600e+2,1.562e-6,8.753e+1,6.075e-5,1.653e-12,1.724e+2,
213.69,4.024e+2,2.883e-7,7.870e+1,7.339e-5,1.627e-12,3.237e+2,
213.72,7.889e+2,2.003e-8,5.887e+1,8.722e-5,1.589e-12,7.301e+2,
213.74,1.195e+3,3.101e-9,4.445e+1,9.011e-5,1.563e-12,1.150e+3,
213.76,1.722e+3,4.475e-10,3.130e+1,8.693e-5,1.537e-12,1.690e+3,
213.79,2.657e+3,2.149e-11,1.621e+1,7.229e-5,1.499e-12,2.641e+3,
213.81,3.267e+3,2.600e-12,9.583e+0,5.858e-5,1.473e-12,3.257e+3,
213.84,3.918e+3,2.579e-12,3.818e+0,3.748e-5,1.434e-12,3.914e+3,
213.86,4.055e+3,2.564e-12,1.894e+0,2.550e-5,1.409e-12,4.053e+3,
213.89,3.747e+3,2.542e-12,5.801e-1,1.254e-5,1.370e-12,3.747e+3,
213.91,3.258e+3,2.528e-12,2.415e-1,7.163e-6,1.345e-12,3.257e+3,
213.94,2.316e+3,2.506e-12,5.688e-2,2.710e-6,1.306e-12,2.316e+3,
213.96,1.690e+3,2.492e-12,1.987e-2,1.299e-6,1.280e-12,1.690e+3,
213.99,9.245e+2,2.470e-12,3.599e-3,3.793e-7,1.242e-12,9.245e+2,
214.01,5.665e+2,2.456e-12,1.055e-3,1.567e-7,1.216e-12,5.665e+2,
214.04,2.383e+2,2.434e-12,1.469e-4,5.957e-8,1.178e-12,2.383e+2,
214.06,1.226e+2,2.419e-12,3.615e-5,8.427e-8,1.152e-12,1.226e+2,
214.09,3.967e+1,2.398e-12,3.870e-6,3.096e-7,1.113e-12,3.967e+1,
214.11,1.713e+1,2.383e-12,7.992e-7,7.387e-7,1.088e-12,1.713e+1,
214.14,4.265e+0,2.361e-12,6.577e-8,2.414e-6,1.049e-12,4.265e+0,
214.16,1.546e+0,2.347e-12,1.140e-8,4.888e-6,9.329e-12,1.546e+0,
214.19,2.961e-1,2.325e-12,7.509e-10,1.243e-5,2.172e-10,2.961e-1,
214.21,9.015e-2,2.311e-12,3.190e-10,2.132e-5,1.624e-9,9.013e-2,
214.23,2.562e-2,2.296e-12,1.457e-9,3.429e-5,1.133e-8,2.558e-2,
214.26,3.455e-3,2.274e-12,2.215e-8,6.217e-5,1.832e-7,3.392e-3,
214.28,8.952e-4,2.260e-12,1.255e-7,8.565e-5,1.074e-6,8.083e-4,
214.31,2.215e-4,2.238e-12,1.486e-6,1.242e-4,1.340e-5,8.245e-5,
214.33,2.379e-4,2.224e-12,7.078e-6,1.483e-4,6.606e-5,1.649e-5,
214.36,8.763e-4,2.202e-12,6.460e-5,1.754e-4,6.350e-4,1.294e-6,
214.38,3.076e-3,2.187e-12,2.587e-4,1.842e-4,2.633e-3,2.173e-7,
214.41,2.151e-2,2.166e-12,1.821e-3,1.818e-4,1.951e-2,1.312e-8,
214.43,7.431e-2,2.151e-12,6.130e-3,1.710e-4,6.801e-2,1.850e-9,
214.46,4.220e-1,2.129e-12,3.326e-2,1.471e-4,3.886e-1,8.587e-11,
214.48,1.233e+0,2.115e-12,9.415e-2,1.306e-4,1.139e+0,1.016e-11,
214.51,5.411e+0,2.093e-12,3.937e-1,1.120e-4,5.017e+0,9.866e-12,
214.53,1.330e+1,2.079e-12,9.372e-1,1.055e-4,1.236e+1,9.667e-12,
214.56,4.501e+1,2.057e-12,3.022e+0,1.033e-4,4.198e+1,9.369e-12,
214.58,9.303e+1,2.042e-12,6.047e+0,1.034e-4,8.698e+1,9.170e-12,
214.61,2.428e+2,2.021e-12,1.503e+1,9.985e-5,2.277e+2,8.872e-12,
214.63,4.220e+2,2.006e-12,2.529e+1,9.252e-5,3.967e+2,8.673e-12,
214.66,8.492e+2,1.984e-12,4.846e+1,7.423e-5,8.007e+2,8.375e-12,
214.68,1.241e+3,1.970e-12,6.856e+1,5.924e-5,1.173e+3,8.176e-12,
214.71,1.926e+3,1.948e-12,1.013e+2,3.729e-5,1.825e+3,7.878e-12,
214.73,2.368e+3,1.934e-12,1.205e+2,2.517e-5,2.247e+3,7.679e-12,
214.75,2.715e+3,1.919e-12,1.338e+2,1.586e-5,2.581e+3,7.481e-12,
214.78,2.929e+3,1.897e-12,1.376e+2,6.968e-6,2.791e+3,7.183e-12,
214.80,2.825e+3,1.883e-12,1.289e+2,3.695e-6,2.696e+3,6.984e-12,
214.83,2.352e+3,1.861e-12,1.046e+2,1.254e-6,2.247e+3,6.686e-12,
214.85,1.912e+3,1.847e-12,8.664e+1,5.640e-7,1.825e+3,6.487e-12,
214.88,1.241e+3,1.825e-12,6.825e+1,1.734e-7,1.173e+3,6.189e-12,
214.90,8.683e+2,1.811e-12,6.760e+1,1.290e-7,8.007e+2,5.990e-12,
214.93,4.873e+2,1.789e-12,9.065e+1,3.039e-7,3.967e+2,5.692e-12,
214.95,3.506e+2,1.774e-12,1.229e+2,6.746e-7,2.277e+2,5.493e-12,
214.98,2.775e+2,1.753e-12,1.905e+2,2.046e-6,8.698e+1,5.195e-12,
215.00,2.823e+2,1.738e-12,2.403e+2,3.944e-6,4.198e+1,4.996e-12,
215.03,3.145e+2,1.716e-12,3.021e+2,9.276e-6,1.236e+1,4.698e-12,
215.05,3.285e+2,1.702e-12,3.235e+2,1.505e-5,5.017e+0,4.499e-12,
215.08,3.162e+2,1.680e-12,3.151e+2,2.731e-5,1.139e+0,4.201e-12,
215.10,2.844e+2,1.666e-12,2.840e+2,3.727e-5,3.886e-1,4.003e-12,
215.13,2.135e+2,1.644e-12,2.135e+2,5.221e-5,6.801e-2,3.705e-12,
215.15,1.619e+2,1.629e-12,1.619e+2,5.995e-5,1.951e-2,3.506e-12,
215.18,9.387e+1,1.608e-12,9.387e+1,6.479e-5,2.633e-3,3.208e-12,
215.20,5.987e+1,1.593e-12,5.987e+1,6.259e-5,6.350e-4,3.009e-12,
215.23,2.679e+1,1.571e-12,2.679e+1,5.221e-5,6.607e-5,2.711e-12,
215.25,1.437e+1,1.557e-12,1.437e+1,4.243e-5,1.348e-5,2.358e-11,
215.27,7.195e+0,1.542e-12,7.195e+0,3.218e-5,3.045e-6,1.914e-10,
215.30,2.239e+0,1.521e-12,2.239e+0,1.868e-5,6.782e-6,3.895e-9,
215.32,9.428e-1,1.506e-12,9.427e-1,1.192e-5,3.345e-5,2.664e-8,
215.35,2.266e-1,1.484e-12,2.263e-1,5.336e-6,3.357e-4,4.189e-7,
215.37,8.160e-2,1.470e-12,8.016e-2,2.865e-6,1.437e-3,2.413e-6,
215.40,2.611e-2,1.448e-12,1.484e-2,9.900e-7,1.123e-2,2.933e-5,
215.42,4.527e-2,1.434e-12,4.423e-3,4.472e-7,4.071e-2,1.423e-4,
215.45,2.502e-1,1.412e-12,6.319e-4,1.193e-7,2.482e-1,1.337e-3,
215.47,7.688e-1,1.397e-12,1.584e-4,4.536e-8,7.632e-1,5.464e-3,
215.50,3.684e+0,1.376e-12,1.745e-5,9.650e-9,3.644e+0,3.968e-2,
215.52,9.669e+0,1.361e-12,3.680e-6,4.027e-9,9.533e+0,1.366e-1,
215.55,3.656e+1,1.339e-12,3.130e-7,5.769e-9,3.579e+1,7.668e-1,
215.57,8.213e+1,1.325e-12,5.624e-8,1.446e-8,7.990e+1,2.223e+0,
215.60,2.466e+2,1.303e-12,1.537e-8,5.616e-8,2.370e+2,9.647e+0,
215.62,4.762e+2,1.289e-12,6.793e-8,1.280e-7,4.527e+2,2.355e+1,
215.65,1.144e+3,1.267e-12,8.163e-7,3.875e-7,1.065e+3,7.901e+1,
215.67,1.906e+3,1.252e-12,3.954e-6,7.441e-7,1.743e+3,1.625e+2,
215.70,3.677e+3,1.231e-12,3.711e-5,1.741e-6,3.256e+3,4.213e+2,
215.72,5.303e+3,1.216e-12,1.517e-4,2.816e-6,4.573e+3,7.297e+2,
215.75,8.244e+3,1.195e-12,1.106e-3,5.092e-6,6.781e+3,1.463e+3,
215.77,1.029e+4,1.180e-12,3.823e-3,6.936e-6,8.160e+3,2.134e+3,
215.79,1.213e+4,1.166e-12,1.237e-2,8.821e-6,9.225e+3,2.907e+3,
215.82,1.392e+4,1.144e-12,6.365e-2,1.112e-5,9.852e+3,4.064e+3,
215.84,1.418e+4,1.129e-12,1.750e-1,1.191e-5,9.508e+3,4.667e+3,
215.87,1.305e+4,1.108e-12,7.090e-1,1.161e-5,7.993e+3,5.061e+3,
215.89,1.149e+4,1.093e-12,1.668e+0,1.047e-5,6.566e+3,4.926e+3,
215.92,8.580e+3,1.071e-12,5.388e+0,7.889e-6,4.325e+3,4.250e+3,
215.94,6.693e+3,1.057e-12,1.096e+1,5.994e-6,3.016e+3,3.667e+3,
215.97,4.556e+3,1.035e-12,2.871e+1,3.490e-6,1.551e+3,2.977e+3,
215.99,3.791e+3,1.021e-12,5.110e+1,2.233e-6,9.157e+2,2.824e+3,
216.02,3.666e+3,9.988e-13,1.103e+2,1.005e-6,3.664e+2,3.189e+3,
216.04,4.125e+3,9.152e-12,1.731e+2,5.416e-7,1.830e+2,3.768e+3,
216.07,5.204e+3,2.234e-10,3.098e+2,1.884e-7,5.686e+1,4.837e+3,
216.09,5.892e+3,1.726e-9,4.283e+2,8.551e-8,2.397e+1,5.440e+3,
216.12,6.450e+3,3.263e-8,6.298e+2,2.299e-8,5.777e+0,5.814e+3,
216.14,6.367e+3,2.127e-7,7.597e+2,8.789e-9,2.055e+0,5.605e+3,
216.17,5.580e+3,3.113e-6,9.024e+2,1.826e-9,3.835e-1,4.677e+3,
216.19,4.747e+3,1.711e-5,9.388e+2,5.881e-10,1.150e-1,3.808e+3,
216.22,3.351e+3,1.940e-4,8.863e+2,9.445e-11,1.661e-2,2.465e+3,
216.24,2.493e+3,8.991e-4,7.877e+2,2.561e-11,4.199e-3,1.705e+3,
216.26,1.789e+3,3.893e-3,6.561e+2,6.485e-12,9.912e-4,1.133e+3,
216.29,1.153e+3,3.086e-2,4.411e+2,7.262e-13,9.996e-5,7.118e+2,
216.31,1.120e+3,1.127e-1,3.117e+2,1.549e-13,1.988e-5,8.080e+2,
216.34,2.070e+3,6.917e-1,1.636e+2,1.340e-14,1.550e-6,1.906e+3,
216.36,3.856e+3,2.130e+0,9.800e+1,2.407e-15,2.597e-7,3.755e+3,
216.39,9.633e+3,1.013e+1,4.036e+1,1.611e-16,1.566e-8,9.583e+3,
216.41,1.657e+4,2.630e+1,2.084e+1,2.436e-17,2.210e-9,1.653e+4,
216.44,3.307e+4,9.683e+1,7.679e+0,1.260e-18,1.029e-10,3.297e+4,
216.46,4.820e+4,2.120e+2,4.984e+0,1.605e-19,1.223e-11,4.798e+4,
216.49,7.474e+4,6.047e+2,6.196e+0,6.415e-21,1.131e-11,7.413e+4,
216.51,9.210e+4,1.117e+3,9.951e+0,8.021e-21,1.070e-11,9.097e+4,
216.54,1.113e+5,2.466e+3,2.047e+1,1.043e-20,9.777e-12,1.088e+5,
216.56,1.165e+5,3.841e+3,3.108e+1,1.203e-20,9.164e-12,1.126e+5,
216.59,1.109e+5,6.570e+3,5.197e+1,1.444e-20,8.244e-12,1.043e+5,
216.61,9.970e+4,8.629e+3,6.807e+1,1.605e-20,7.631e-12,9.100e+4,
216.64,7.686e+4,1.143e+4,9.238e+1,1.846e-20,6.711e-12,6.534e+4,
216.66,6.101e+4,1.266e+4,1.068e+2,2.006e-20,6.098e-12,4.824e+4,
216.69,4.060e+4,1.299e+4,1.236e+2,2.247e-20,5.178e-12,2.749e+4,
216.71,3.053e+4,1.213e+4,1.309e+2,2.407e-20,4.565e-12,1.827e+4,
216.74,2.136e+4,9.640e+3,1.357e+2,2.648e-20,3.645e-12,1.158e+4,
216.76,1.916e+4,7.594e+3,1.344e+2,2.809e-20,3.032e-12,1.144e+4,
216.78,1.996e+4,5.588e+3,1.289e+2,2.969e-20,2.419e-12,1.424e+4,
216.81,2.611e+4,3.104e+3,1.125e+2,3.210e-20,1.499e-12,2.289e+4,
216.83,3.260e+4,1.926e+3,9.704e+1,2.895e-19,1.263e-11,3.057e+4,
216.86,4.323e+4,8.288e+2,7.038e+1,6.904e-18,2.724e-10,4.233e+4,
216.88,4.895e+4,4.337e+2,5.288e+1,5.256e-17,1.939e-9,4.846e+4,
216.91,5.247e+4,1.445e+2,3.075e+1,9.727e-16,3.243e-8,5.230e+4,
216.93,5.063e+4,6.378e+1,1.984e+1,6.253e-15,1.949e-7,5.055e+4,
216.96,4.231e+4,1.646e+1,9.185e+0,8.979e-14,2.530e-6,4.228e+4,
216.98,3.449e+4,6.126e+0,5.149e+0,4.874e-13,1.284e-5,3.448e+4,
217.01,2.235e+4,1.224e+0,2.101e+0,5.430e-12,1.293e-4,2.235e+4,
217.03,1.538e+4,3.842e-1,1.283e+0,2.489e-11,5.538e-4,1.537e+4,
217.06,7.723e+3,5.947e-2,9.617e-1,2.151e-10,4.326e-3,7.722e+3,
217.08,4.483e+3,1.574e-2,1.033e+0,8.325e-10,1.565e-2,4.481e+3,
217.11,1.747e+3,1.887e-3,1.254e+0,5.583e-9,9.486e-2,1.745e+3,
217.13,8.592e+2,4.212e-4,1.373e+0,1.825e-8,2.898e-1,8.575e+2,
217.16,2.793e+2,3.910e-5,1.418e+0,9.494e-8,1.363e+0,2.765e+2,
217.18,1.641e+2,7.361e-6,1.366e+0,2.620e-7,3.515e+0,1.592e+2,
217.21,2.561e+2,5.292e-7,1.311e+0,1.058e-6,1.282e+1,2.419e+2,
217.23,5.505e+2,8.402e-8,1.498e+0,2.464e-6,2.792e+1,5.211e+2,
217.26,1.726e+3,4.678e-9,2.876e+0,7.719e-6,7.905e+1,1.644e+3,
217.28,3.439e+3,6.263e-10,5.396e+0,1.519e-5,1.453e+2,3.289e+3,
217.30,6.427e+3,7.834e-11,1.040e+1,2.792e-5,2.498e+2,6.167e+3,
217.33,1.454e+4,7.643e-11,2.626e+1,6.131e-5,4.956e+2,1.401e+4,
217.35,2.310e+4,7.516e-11,4.586e+1,9.518e-5,7.191e+2,2.233e+4,
217.38,4.101e+4,7.325e-11,9.589e+1,1.622e-4,1.107e+3,3.980e+4,
217.40,5.549e+4,7.197e-11,1.467e+2,2.126e-4,1.356e+3,5.399e+4,
217.43,7.750e+4,7.006e-11,2.512e+2,2.810e-4,1.620e+3,7.563e+4,
217.45,8.944e+4,6.879e-11,3.362e+2,3.110e-4,1.676e+3,8.742e+4,
217.48,9.848e+4,6.688e-11,4.698e+2,3.190e-4,1.553e+3,9.645e+4,
217.50,9.705e+4,6.561e-11,5.480e+2,2.982e-4,1.356e+3,9.514e+4,
217.53,8.439e+4,6.370e-11,6.211e+2,2.373e-4,9.751e+2,8.280e+4,
217.55,7.109e+4,6.243e-11,6.290e+2,1.872e-4,7.191e+2,6.974e+4,
217.58,4.888e+4,6.052e-11,5.769e+2,1.156e-4,4.011e+2,4.791e+4,
217.60,3.522e+4,5.925e-11,5.081e+2,7.704e-5,2.498e+2,3.447e+4,
217.63,1.917e+4,5.734e-11,3.802e+2,3.691e-5,1.081e+2,1.868e+4,
217.65,1.183e+4,5.607e-11,2.944e+2,2.077e-5,5.683e+1,1.147e+4,
217.68,5.105e+3,5.416e-11,1.839e+2,7.719e-6,1.908e+1,4.902e+3,
217.70,2.704e+3,5.289e-11,1.275e+2,3.667e-6,8.472e+0,2.568e+3,
217.73,9.337e+2,5.098e-11,6.835e+1,1.058e-6,2.207e+0,8.631e+2,
217.75,4.289e+2,4.970e-11,4.302e+1,4.243e-7,8.272e-1,3.850e+2,
217.77,1.873e+2,4.843e-11,2.605e+1,1.590e-7,2.898e-1,1.610e+2,
217.80,4.995e+1,4.652e-11,1.134e+1,3.216e-8,5.292e-2,3.855e+1,
217.82,1.987e+1,4.525e-11,6.154e+0,1.018e-8,1.565e-2,1.370e+1,
217.85,4.805e+0,4.334e-11,2.235e+0,1.597e-9,2.218e-3,2.568e+0,
217.87,1.838e+0,4.207e-11,1.063e+0,4.268e-10,5.538e-4,7.745e-1,
217.90,4.253e-1,4.016e-11,3.119e-1,5.194e-11,6.088e-5,1.134e-1,
217.92,1.566e-1,3.889e-11,1.276e-1,1.172e-11,1.284e-5,2.900e-2,
217.95,3.298e-2,3.698e-11,2.965e-2,1.107e-12,1.095e-6,3.325e-3,
217.97,1.117e-2,3.571e-11,1.038e-2,2.110e-13,1.949e-7,7.922e-4,
218.00,3.086e-3,3.380e-11,2.204e-3,1.546e-14,1.290e-8,8.820e-4,
218.02,5.386e-3,3.252e-11,1.676e-3,2.487e-15,1.939e-9,3.710e-3,
218.05,3.777e-2,3.062e-11,6.420e-3,1.414e-16,9.954e-11,3.135e-2,
218.07,1.384e-1,2.934e-11,1.854e-2,1.921e-17,1.263e-11,1.198e-1,
218.10,8.715e-1,2.743e-11,8.153e-2,8.474e-19,1.154e-11,7.900e-1,
218.12,2.755e+0,2.616e-11,2.014e-1,8.395e-19,1.081e-11,2.554e+0,
218.15,1.378e+1,2.425e-11,6.894e-1,8.277e-19,9.709e-12,1.309e+1,
218.17,3.723e+1,2.298e-11,1.440e+0,8.198e-19,8.977e-12,3.579e+1,
218.20,1.465e+2,2.107e-11,3.833e+0,8.080e-19,7.880e-12,1.427e+2,
218.22,3.367e+2,1.980e-11,6.771e+0,8.001e-19,7.148e-12,3.299e+2,
218.25,1.037e+3,1.789e-11,1.402e+1,7.883e-19,6.051e-12,1.023e+3,
218.27,2.021e+3,1.662e-11,2.094e+1,7.804e-19,5.319e-12,2.000e+3,
218.29,3.686e+3,1.535e-11,2.925e+1,7.726e-19,4.588e-12,3.657e+3,
218.32,8.015e+3,1.344e-11,4.259e+1,7.607e-19,3.491e-12,7.973e+3,
218.34,1.238e+4,1.216e-11,5.031e+1,7.529e-19,2.759e-12,1.233e+4,
218.37,2.096e+4,1.025e-11,5.696e+1,7.410e-19,1.662e-12,2.090e+4,
218.39,2.739e+4,8.982e-12,5.690e+1,7.332e-19,1.405e-11,2.733e+4,
218.42,3.609e+4,7.073e-12,5.010e+1,7.213e-19,3.047e-10,3.604e+4,
218.44,3.990e+4,5.801e-12,4.233e+1,7.135e-19,2.180e-9,3.986e+4,
218.47,4.090e+4,3.892e-12,2.903e+1,7.016e-19,3.683e-8,4.087e+4,
218.49,3.824e+4,2.620e-12,2.082e+1,6.938e-19,2.230e-7,3.822e+4,
218.52,3.049e+4,7.107e-13,1.140e+1,6.819e-19,2.933e-6,3.048e+4,
218.54,2.411e+4,6.192e-12,7.389e+0,6.741e-19,1.504e-5,2.410e+4,
218.57,1.495e+4,1.406e-10,4.517e+0,6.622e-19,1.540e-4,1.495e+4,
218.59,1.000e+4,1.037e-9,4.315e+0,6.544e-19,6.681e-4,9.997e+3,
218.62,4.828e+3,1.833e-8,5.897e+0,6.425e-19,5.327e-3,4.822e+3,
218.64,2.735e+3,1.145e-7,7.801e+0,6.347e-19,1.956e-2,2.727e+3,
218.67,1.034e+3,1.577e-6,1.113e+1,6.228e-19,1.215e-1,1.023e+3,
218.69,5.027e+2,8.336e-6,1.311e+1,6.150e-19,3.776e-1,4.892e+2,
218.72,1.594e+2,8.943e-5,1.485e+1,6.031e-19,1.826e+0,1.427e+2,
218.74,7.737e+1,4.003e-4,1.485e+1,5.953e-19,4.803e+0,5.772e+1,
218.77,4.428e+1,3.345e-3,1.310e+1,5.834e-19,1.808e+1,1.309e+1,
218.79,5.584e+1,1.268e-2,1.108e+1,5.756e-19,4.027e+1,4.478e+0,
218.81,9.411e+1,4.494e-2,8.767e+0,5.677e-19,8.387e+1,1.432e+0,
218.84,2.284e+2,2.648e-1,5.445e+0,5.559e-19,2.225e+2,2.285e-1,
218.86,3.967e+2,7.946e-1,3.649e+0,5.480e-19,3.922e+2,6.181e-2,
218.89,8.157e+2,3.647e+0,1.789e+0,5.362e-19,8.102e+2,7.669e-3,
218.91,1.219e+3,9.265e+0,1.073e+0,5.283e-19,1.209e+3,1.754e-3,
218.94,1.978e+3,3.312e+1,6.749e-1,5.165e-19,1.945e+3,1.692e-4,
218.96,2.528e+3,7.125e+1,8.694e-1,5.086e-19,2.456e+3,3.274e-5,
218.99,3.277e+3,1.984e+2,2.175e+0,4.968e-19,3.076e+3,2.457e-6,
219.01,3.654e+3,3.613e+2,4.152e+0,4.889e-19,3.288e+3,4.019e-7,
219.04,4.001e+3,7.838e+2,9.905e+0,4.771e-19,3.207e+3,2.345e-8,
219.06,4.127e+3,1.208e+3,1.632e+1,4.692e-19,2.902e+3,3.244e-9,
219.09,4.276e+3,2.042e+3,3.046e+1,4.574e-19,2.204e+3,1.472e-10,
219.11,4.395e+3,2.665e+3,4.250e+1,4.495e-19,1.688e+3,1.400e-10,
219.14,4.568e+3,3.508e+3,6.181e+1,4.377e-19,9.980e+2,1.292e-10,
219.16,4.597e+3,3.877e+3,7.301e+1,4.298e-19,6.469e+2,1.221e-10,
219.19,4.355e+3,3.975e+3,8.272e+1,4.180e-19,2.979e+2,1.113e-10,
219.21,3.965e+3,3.719e+3,8.272e+1,4.101e-19,1.634e+2,1.041e-10,
219.24,3.102e+3,2.970e+3,7.301e+1,3.983e-19,5.860e+1,9.329e-11,
219.26,2.442e+3,2.353e+3,6.181e+1,3.904e-19,2.721e+1,8.610e-11,
219.29,1.514e+3,1.464e+3,4.250e+1,3.786e-19,7.598e+0,7.532e-11,
219.31,1.017e+3,9.836e+2,3.046e+1,3.707e-19,2.987e+0,6.813e-11,
219.33,6.428e+2,6.212e+2,2.043e+1,3.628e-19,1.102e+0,6.094e-11,
219.36,3.001e+2,2.899e+2,9.900e+0,3.510e-19,2.458e-1,5.016e-11,
219.38,1.919e+2,1.861e+2,5.621e+0,3.431e-19,1.687e-1,4.297e-11,
219.41,1.702e+2,1.675e+2,2.122e+0,3.313e-19,5.744e-1,3.219e-11,
219.43,2.400e+2,2.374e+2,1.020e+0,3.234e-19,1.632e+0,2.500e-11,
219.46,4.790e+2,4.716e+2,3.001e-1,3.116e-19,7.059e+0,1.421e-11,
219.48,7.365e+2,7.191e+2,1.223e-1,3.037e-19,1.727e+1,7.024e-12,
219.51,1.268e+3,1.209e+3,2.942e-2,2.919e-19,5.836e+1,1.713e-10,
219.53,1.698e+3,1.577e+3,1.424e-2,2.840e-19,1.210e+2,1.327e-9,
219.56,2.392e+3,2.073e+3,2.481e-2,2.722e-19,3.189e+2,2.527e-8,
219.58,2.850e+3,2.290e+3,6.284e-2,2.643e-19,5.602e+2,1.659e-7,
219.61,3.499e+3,2.347e+3,2.442e-1,2.525e-19,1.152e+3,2.466e-6,
219.63,3.911e+3,2.197e+3,5.586e-1,2.446e-19,1.714e+3,1.373e-5,
219.66,4.506e+3,1.756e+3,1.707e+0,2.328e-19,2.749e+3,1.593e-4,
219.68,4.862e+3,1.392e+3,3.311e+0,2.249e-19,3.466e+3,7.519e-4,
219.71,5.211e+3,8.678e+2,7.901e+0,2.131e-19,4.335e+3,6.811e-3,
219.73,5.229e+3,5.833e+2,1.300e+1,2.052e-19,4.633e+3,2.726e-2,
219.76,4.829e+3,2.862e+2,2.425e+1,1.934e-19,4.519e+3,1.928e-1,
219.78,4.294e+3,1.686e+2,3.392e+1,1.855e-19,4.091e+3,6.539e-1,
219.80,3.616e+3,1.031e+2,4.453e+1,1.776e-19,3.467e+3,2.077e+0,
219.83,2.542e+3,8.326e+1,5.978e+1,1.658e-19,2.388e+3,1.038e+1,
219.85,1.930e+3,1.191e+2,6.781e+1,1.579e-19,1.715e+3,2.796e+1,
219.88,1.373e+3,2.621e+2,7.502e+1,1.461e-19,9.263e+2,1.091e+2,
219.90,1.333e+3,4.339e+2,7.690e+1,1.382e-19,5.733e+2,2.492e+2,
219.93,1.945e+3,8.296e+2,7.783e+1,1.264e-19,2.787e+2,7.593e+2,
219.95,2.941e+3,1.181e+3,7.906e+1,1.185e-19,2.119e+2,1.470e+3,
219.98,5.637e+3,1.778e+3,8.410e+1,1.067e-19,2.782e+2,3.496e+3,
220.00,8.418e+3,2.156e+3,8.995e+1,9.882e-20,4.356e+2,5.736e+3,
220.03,1.417e+4,2.554e+3,1.016e+2,8.700e-20,8.620e+2,1.065e+4,
220.05,1.885e+4,2.639e+3,1.105e+2,7.912e-20,1.276e+3,1.482e+4,
220.08,2.611e+4,2.459e+3,1.233e+2,6.730e-20,2.040e+3,2.149e+4,
220.10,3.021e+4,2.166e+3,1.301e+2,5.942e-20,2.570e+3,2.534e+4,
220.13,3.362e+4,1.589e+3,1.343e+2,4.760e-20,3.212e+3,2.868e+4,
220.15,3.344e+4,1.194e+3,1.312e+2,3.972e-20,3.431e+3,2.868e+4,
220.18,2.950e+4,6.898e+2,1.166e+2,2.789e-20,3.347e+3,2.534e+4,
220.20,2.506e+4,4.420e+2,1.011e+2,2.001e-20,3.032e+3,2.149e+4,
220.23,1.740e+4,2.012e+2,7.348e+1,8.195e-21,2.309e+3,1.482e+4,
220.25,1.259e+4,1.100e+2,5.512e+1,6.906e-20,1.773e+3,1.065e+4,
220.28,6.862e+3,3.942e+1,3.191e+1,1.494e-18,1.054e+3,5.737e+3,
220.30,4.222e+3,1.837e+1,2.055e+1,1.069e-17,6.863e+2,3.497e+3,
220.32,2.436e+3,8.033e+0,1.256e+1,7.161e-17,4.183e+2,1.997e+3,
220.35,9.553e+2,2.060e+0,6.095e+0,1.098e-15,1.758e+2,7.713e+2,
220.37,4.970e+2,7.677e-1,4.901e+0,6.243e-15,9.087e+1,4.005e+2,
220.40,2.824e+2,1.549e-1,7.817e+0,7.485e-14,2.982e+1,2.446e+2,
220.42,3.900e+2,4.915e-2,1.383e+1,3.613e-13,1.307e+1,3.630e+2,
220.45,1.059e+3,7.792e-3,3.200e+1,3.387e-12,3.348e+0,1.024e+3,
220.47,2.078e+3,2.106e-3,5.228e+1,1.387e-11,1.244e+0,2.024e+3,
220.50,5.126e+3,2.621e-4,9.679e+1,1.017e-10,2.487e-1,5.029e+3,
220.52,8.642e+3,6.027e-5,1.345e+2,3.537e-10,7.834e-2,8.507e+3,
220.55,1.674e+4,5.886e-6,1.948e+2,2.028e-9,1.223e-2,1.655e+4,
220.57,2.398e+4,1.151e-6,2.300e+2,5.983e-9,3.267e-3,2.375e+4,
220.60,3.637e+4,8.810e-8,2.616e+2,2.682e-8,3.982e-4,3.611e+4,
220.62,4.424e+4,1.464e-8,2.641e+2,6.719e-8,9.016e-5,4.398e+4,
220.65,5.250e+4,8.779e-10,2.425e+2,2.355e-7,8.581e-6,5.226e+4,
220.67,5.423e+4,1.240e-10,2.186e+2,5.007e-7,1.647e-6,5.401e+4,
220.70,5.035e+4,5.818e-12,1.874e+2,1.373e-6,1.224e-7,5.016e+4,
220.72,4.416e+4,6.527e-13,1.798e+2,2.477e-6,1.992e-8,4.398e+4,
220.75,3.214e+4,6.503e-13,1.975e+2,5.309e-6,1.155e-9,3.194e+4,
220.77,2.403e+4,6.487e-13,2.275e+2,8.131e-6,1.594e-10,2.380e+4,
220.80,1.392e+4,6.463e-13,2.869e+2,1.363e-5,7.218e-12,1.364e+4,
220.82,9.172e+3,6.447e-13,3.246e+2,1.772e-5,7.173e-12,8.848e+3,
220.84,6.058e+3,6.431e-13,3.517e+2,2.157e-5,7.128e-12,5.707e+3,
220.87,4.063e+3,6.407e-13,3.604e+2,2.562e-5,7.061e-12,3.703e+3,
220.89,4.197e+3,6.391e-13,3.423e+2,2.648e-5,7.016e-12,3.855e+3,
220.92,6.118e+3,6.367e-13,2.858e+2,2.459e-5,6.949e-12,5.832e+3,
220.94,8.277e+3,6.351e-13,2.363e+2,2.157e-5,6.904e-12,8.041e+3,
220.97,1.220e+4,6.328e-13,1.600e+2,1.567e-5,6.836e-12,1.204e+4,
220.99,1.474e+4,6.312e-13,1.150e+2,1.166e-5,6.791e-12,1.462e+4,
221.02,1.741e+4,6.288e-13,6.296e+1,6.624e-6,6.724e-12,1.735e+4,
221.04,1.797e+4,6.272e-13,3.927e+1,4.186e-6,6.679e-12,1.793e+4,
221.07,1.667e+4,6.248e-13,1.777e+1,1.859e-6,6.612e-12,1.665e+4,
221.09,1.462e+4,6.232e-13,1.068e+1,9.970e-7,6.567e-12,1.461e+4,
221.12,1.062e+4,6.208e-13,8.581e+0,3.462e-7,6.499e-12,1.062e+4,
221.14,7.919e+3,6.192e-13,1.326e+1,1.576e-7,6.454e-12,7.905e+3,
221.17,4.528e+3,6.168e-13,3.446e+1,4.280e-8,6.387e-12,4.494e+3,
221.19,2.905e+3,6.152e-13,6.394e+1,1.654e-8,6.342e-12,2.841e+3,
221.22,1.408e+3,6.128e-13,1.449e+2,3.512e-9,6.275e-12,1.263e+3,
221.24,9.093e+2,6.112e-13,2.310e+2,1.152e-9,6.230e-12,6.783e+2,
221.27,6.499e+2,6.088e-13,4.124e+2,1.912e-10,6.162e-12,2.375e+2,
221.29,6.735e+2,6.072e-13,5.604e+2,5.323e-11,6.117e-12,1.132e+2,
221.32,8.485e+2,6.048e-13,7.885e+2,6.912e-12,6.050e-12,5.996e+1,
221.34,1.014e+3,6.032e-13,9.160e+2,1.633e-12,6.005e-12,9.844e+1,
221.36,1.237e+3,6.017e-13,1.001e+3,3.613e-13,5.960e-12,2.356e+2,
221.39,1.913e+3,5.993e-13,1.025e+3,3.324e-14,5.893e-12,8.878e+2,
221.41,2.976e+3,5.977e-13,9.732e+2,6.243e-15,5.848e-12,2.003e+3,
221.44,6.833e+3,5.953e-13,8.231e+2,4.492e-16,5.780e-12,6.010e+3,
221.46,1.223e+4,5.937e-13,7.019e+2,7.161e-17,5.736e-12,1.153e+4,
221.49,2.763e+4,5.913e-13,5.288e+2,4.029e-18,5.668e-12,2.711e+4,
221.51,4.461e+4,5.897e-13,4.321e+2,5.451e-19,5.623e-12,4.418e+4,
221.54,8.168e+4,5.873e-13,3.189e+2,2.399e-20,5.556e-12,8.136e+4,
221.56,1.129e+5,5.857e-13,2.604e+2,2.333e-20,5.511e-12,1.127e+5,
221.59,1.627e+5,5.833e-13,1.895e+2,2.235e-20,5.444e-12,1.626e+5,
221.61,1.914e+5,5.817e-13,1.508e+2,2.170e-20,5.399e-12,1.913e+5,
221.64,2.163e+5,5.793e-13,1.067e+2,2.072e-20,5.331e-12,2.161e+5,
221.66,2.162e+5,5.777e-13,8.888e+1,2.007e-20,5.286e-12,2.161e+5,
221.69,1.914e+5,5.753e-13,8.354e+1,1.909e-20,5.219e-12,1.913e+5,
221.71,1.626e+5,5.737e-13,9.530e+1,1.844e-20,5.174e-12,1.626e+5,
221.74,1.128e+5,5.713e-13,1.338e+2,1.746e-20,5.107e-12,1.127e+5,
221.76,8.155e+4,5.697e-13,1.699e+2,1.681e-20,5.062e-12,8.138e+4,
221.79,4.449e+4,5.674e-13,2.323e+2,1.583e-20,4.994e-12,4.425e+4,
221.81,2.755e+4,5.658e-13,2.774e+2,1.518e-20,4.949e-12,2.727e+4,
221.83,1.624e+4,5.642e-13,3.274e+2,1.452e-20,4.904e-12,1.591e+4,
221.86,7.295e+3,5.618e-13,4.263e+2,1.354e-20,4.837e-12,6.869e+3,
221.88,4.949e+3,5.602e-13,5.223e+2,1.289e-20,4.792e-12,4.426e+3,
221.91,4.639e+3,5.578e-13,7.324e+2,1.191e-20,4.725e-12,3.907e+3,
221.93,5.745e+3,5.562e-13,9.186e+2,1.126e-20,4.680e-12,4.826e+3,
221.96,8.413e+3,5.538e-13,1.241e+3,1.028e-20,4.612e-12,7.172e+3,
221.98,1.039e+4,5.522e-13,1.451e+3,9.628e-21,4.567e-12,8.935e+3,
222.01,1.285e+4,5.498e-13,1.693e+3,8.650e-21,4.500e-12,1.116e+4,
222.03,1.380e+4,5.482e-13,1.771e+3,7.997e-21,4.455e-12,1.202e+4,
222.06,1.398e+4,5.458e-13,1.734e+3,7.018e-21,4.388e-12,1.225e+4,
222.08,1.356e+4,5.442e-13,1.614e+3,6.366e-21,4.343e-12,1.195e+4,
222.11,1.319e+4,5.418e-13,1.336e+3,5.387e-21,4.275e-12,1.186e+4,
222.13,1.399e+4,5.402e-13,1.120e+3,4.734e-21,4.230e-12,1.287e+4,
222.16,1.807e+4,5.378e-13,8.081e+2,3.755e-21,4.163e-12,1.726e+4,
222.18,2.308e+4,5.363e-13,6.348e+2,3.103e-21,4.118e-12,2.244e+4,
222.21,3.345e+4,5.339e-13,4.536e+2,2.124e-21,4.051e-12,3.300e+4,
222.23,4.116e+4,5.323e-13,3.896e+2,1.471e-21,4.006e-12,4.077e+4,
222.26,5.124e+4,5.299e-13,3.679e+2,4.924e-22,3.938e-12,5.087e+4,
222.28,5.556e+4,5.283e-13,3.881e+2,4.122e-21,3.893e-12,5.517e+4,
222.31,5.755e+4,5.259e-13,4.358e+2,8.851e-20,3.826e-12,5.711e+4,
222.33,5.656e+4,5.243e-13,4.589e+2,6.308e-19,3.781e-12,5.610e+4,
222.35,5.497e+4,5.227e-13,4.628e+2,4.216e-18,3.736e-12,5.451e+4,
222.38,5.419e+4,5.203e-13,4.238e+2,6.455e-17,3.669e-12,5.376e+4,
222.40,5.588e+4,5.187e-13,3.715e+2,3.672e-16,3.624e-12,5.551e+4,
222.43,6.157e+4,5.163e-13,2.720e+2,4.417e-15,3.556e-12,6.130e+4,
222.45,6.618e+4,5.147e-13,2.048e+2,2.139e-14,3.511e-12,6.598e+4,
222.48,7.137e+4,5.123e-13,1.199e+2,2.021e-13,3.444e-12,7.125e+4,
222.50,7.241e+4,5.107e-13,7.901e+1,8.332e-13,3.399e-12,7.233e+4,
222.53,6.990e+4,5.083e-13,4.219e+1,6.182e-12,3.332e-12,6.986e+4,
222.55,6.616e+4,5.067e-13,3.203e+1,2.170e-11,3.287e-12,6.613e+4,
222.58,5.903e+4,5.044e-13,3.422e+1,1.265e-10,3.219e-12,5.900e+4,
222.60,5.389e+4,5.028e-13,4.528e+1,3.779e-10,3.174e-12,5.384e+4,
222.63,4.577e+4,5.004e-13,7.310e+1,1.730e-9,3.107e-12,4.570e+4,
222.65,3.995e+4,4.988e-13,9.675e+1,4.401e-9,3.062e-12,3.985e+4,
222.68,3.060e+4,4.964e-13,1.346e+2,1.583e-8,2.995e-12,3.046e+4,
222.70,2.428e+4,4.948e-13,1.583e+2,3.427e-8,2.950e-12,2.412e+4,
222.73,1.561e+4,4.924e-13,1.876e+2,9.680e-8,2.882e-12,1.543e+4,
222.75,1.087e+4,4.908e-13,2.027e+2,1.785e-7,2.838e-12,1.067e+4,
222.78,5.705e+3,4.884e-13,2.202e+2,3.959e-7,2.770e-12,5.485e+3,
222.80,3.487e+3,4.868e-13,2.290e+2,6.214e-7,2.725e-12,3.258e+3,
222.83,1.562e+3,4.844e-13,2.364e+2,1.083e-6,2.658e-12,1.325e+3,
222.85,9.066e+2,4.828e-13,2.348e+2,1.447e-6,2.613e-12,6.718e+2,
222.87,5.451e+2,4.812e-13,2.257e+2,1.812e-6,2.568e-12,3.194e+2,
222.90,2.897e+2,4.788e-13,1.968e+2,2.252e-6,2.501e-12,9.286e+1,
222.92,2.070e+2,4.772e-13,1.694e+2,2.402e-6,2.456e-12,3.760e+1,
222.95,1.324e+2,4.748e-13,1.238e+2,2.345e-6,2.388e-12,8.583e+0,
222.97,9.920e+1,4.732e-13,9.624e+1,2.129e-6,2.343e-12,2.958e+0,
223.00,6.732e+1,4.709e-13,6.679e+1,1.632e-6,2.276e-12,5.302e-1,
223.02,5.758e+1,4.693e-13,5.742e+1,1.262e-6,2.231e-12,1.555e-1,
223.05,5.834e+1,4.669e-13,5.831e+1,7.599e-7,2.164e-12,2.188e-2,
223.07,6.646e+1,4.653e-13,6.645e+1,5.000e-7,2.119e-12,5.460e-3,
223.10,8.364e+1,4.629e-13,8.364e+1,2.365e-7,2.051e-12,6.030e-4,
223.12,9.463e+1,4.613e-13,9.463e+1,1.325e-7,2.006e-12,1.281e-4,
223.15,1.066e+2,4.589e-13,1.066e+2,4.923e-8,1.939e-12,1.110e-5,
223.17,1.123e+2,4.573e-13,1.123e+2,2.348e-8,1.894e-12,2.006e-6,
223.20,1.261e+2,4.549e-13,1.261e+2,6.852e-9,1.827e-12,1.366e-7,
223.22,1.473e+2,4.533e-13,1.473e+2,2.782e-9,1.782e-12,2.100e-8,
223.25,2.136e+2,4.509e-13,2.136e+2,6.377e-10,1.714e-12,1.122e-9,
223.27,2.873e+2,4.493e-13,2.873e+2,2.204e-10,1.669e-12,1.468e-10,
223.30,4.395e+2,4.469e-13,4.395e+2,3.969e-11,1.602e-12,1.442e-10,
223.32,5.561e+2,4.453e-13,5.561e+2,1.168e-11,1.557e-12,1.425e-10,
223.34,6.671e+2,4.437e-13,6.671e+2,3.263e-12,1.512e-12,1.408e-10,
223.37,7.844e+2,4.413e-13,7.844e+2,7.995e-13,1.445e-12,1.382e-10,
223.39,8.086e+2,4.398e-13,8.086e+2,1.670e-12,1.400e-12,1.364e-10,
223.42,7.520e+2,4.374e-13,7.520e+2,1.150e-11,1.332e-12,1.338e-10,
223.44,6.618e+2,4.358e-13,6.618e+2,3.993e-11,1.287e-12,1.321e-10,
223.47,4.853e+2,4.334e-13,4.853e+2,2.295e-10,1.220e-12,1.295e-10,
223.49,3.649e+2,4.318e-13,3.649e+2,6.798e-10,1.175e-12,1.278e-10,
223.52,2.127e+2,4.294e-13,2.127e+2,3.075e-9,1.108e-12,1.252e-10,
223.54,1.392e+2,4.278e-13,1.392e+2,7.764e-9,1.063e-12,1.235e-10,
223.57,7.136e+1,4.254e-13,7.136e+1,2.764e-8,9.953e-13,1.209e-10,
223.59,5.004e+1,4.238e-13,5.004e+1,5.948e-8,9.504e-13,1.191e-10,
223.62,4.503e+1,4.214e-13,4.503e+1,1.666e-7,8.830e-13,1.165e-10,
223.64,5.558e+1,4.198e-13,5.558e+1,3.057e-7,8.381e-13,1.148e-10,
223.67,8.712e+1,4.174e-13,8.712e+1,6.740e-7,7.707e-13,1.122e-10,
223.69,1.157e+2,4.158e-13,1.157e+2,1.054e-6,7.257e-13,1.105e-10,
223.72,1.639e+2,4.134e-13,1.639e+2,1.829e-6,6.584e-13,1.079e-10,
223.74,1.951e+2,4.118e-13,1.951e+2,2.438e-6,6.134e-13,1.062e-10,
223.77,2.337e+2,4.094e-13,2.337e+2,3.328e-6,5.460e-13,1.036e-10,
223.79,2.513e+2,4.079e-13,2.513e+2,3.782e-6,4.585e-12,1.018e-10,
223.82,2.636e+2,4.055e-13,2.636e+2,4.065e-6,9.904e-11,9.926e-11,
223.84,2.625e+2,4.039e-13,2.625e+2,3.939e-6,7.095e-10,9.753e-11,
223.86,2.545e+2,4.023e-13,2.545e+2,3.585e-6,4.770e-9,9.580e-11,
223.89,2.305e+2,3.999e-13,2.305e+2,2.783e-6,7.382e-8,9.320e-11,
223.91,2.076e+2,3.983e-13,2.076e+2,2.209e-6,4.234e-7,9.147e-11,
223.94,1.669e+2,3.959e-13,1.669e+2,1.535e-6,5.164e-6,8.888e-11,
223.96,1.393e+2,3.943e-13,1.393e+2,1.335e-6,2.527e-5,8.715e-11,
223.99,1.049e+2,3.919e-13,1.049e+2,1.578e-6,2.428e-4,8.456e-11,
224.01,9.029e+1,3.903e-13,9.029e+1,2.181e-6,1.014e-3,8.283e-11,
224.04,8.377e+1,3.879e-13,8.376e+1,3.809e-6,7.679e-3,8.024e-11,
224.06,8.856e+1,3.863e-13,8.853e+1,5.326e-6,2.735e-2,7.851e-11,
224.09,1.034e+2,3.839e-13,1.032e+2,7.944e-6,1.633e-1,7.591e-11,
224.11,1.137e+2,3.823e-13,1.132e+2,9.607e-6,4.962e-1,7.418e-11,
224.14,1.234e+2,3.799e-13,1.210e+2,1.135e-5,2.334e+0,7.159e-11,
224.16,1.251e+2,3.783e-13,1.190e+2,1.172e-5,6.051e+0,6.986e-11,
224.19,1.283e+2,3.760e-13,1.059e+2,1.091e-5,2.243e+1,6.727e-11,
224.21,1.425e+2,3.744e-13,9.284e+1,9.602e-6,4.961e+1,6.554e-11,
224.24,2.181e+2,3.720e-13,7.321e+1,7.040e-6,1.449e+2,6.295e-11,
224.26,3.369e+2,3.704e-13,6.340e+1,5.285e-6,2.735e+2,6.122e-11,
224.29,6.869e+2,3.680e-13,5.737e+1,3.052e-6,6.295e+2,5.862e-11,
224.31,1.074e+3,3.664e-13,6.014e+1,1.954e-6,1.014e+3,5.689e-11,
224.34,1.914e+3,3.640e-13,7.501e+1,8.884e-7,1.839e+3,5.430e-11,
224.36,2.618e+3,3.624e-13,9.235e+1,4.851e-7,2.526e+3,5.257e-11,
224.38,3.373e+3,3.608e-13,1.162e+2,2.486e-7,3.257e+3,5.084e-11,
224.41,4.398e+3,3.584e-13,1.659e+2,8.090e-8,4.232e+3,4.825e-11,
224.43,4.865e+3,3.568e-13,2.091e+2,3.535e-8,4.656e+3,4.652e-11,
224.46,5.054e+3,3.544e-13,2.867e+2,9.061e-9,4.768e+3,4.393e-11,
224.48,4.817e+3,3.528e-13,3.425e+2,3.377e-9,4.474e+3,4.220e-11,
224.51,4.030e+3,3.504e-13,4.192e+2,6.816e-10,3.611e+3,3.960e-11,
224.53,3.348e+3,3.488e-13,4.571e+2,2.166e-10,2.891e+3,3.788e-11,
224.56,2.324e+3,3.464e-13,4.855e+2,3.444e-11,1.839e+3,3.528e-11,
224.58,1.743e+3,3.448e-13,4.868e+2,9.333e-12,1.256e+3,3.355e-11,
224.61,1.105e+3,3.425e-13,4.755e+2,1.169e-12,6.295e+2,3.096e-11,
224.63,8.368e+2,3.409e-13,4.699e+2,2.701e-13,3.669e+2,2.923e-11,
224.66,6.231e+2,3.385e-13,4.782e+2,2.663e-14,1.449e+2,2.664e-11,
224.68,5.689e+2,3.369e-13,4.968e+2,5.250e-15,7.205e+1,2.491e-11,
224.71,5.593e+2,3.345e-13,5.369e+2,4.077e-16,2.243e+1,2.231e-11,
224.73,5.734e+2,3.329e-13,5.639e+2,6.853e-17,9.514e+0,1.784e-10,
224.76,5.964e+2,3.305e-13,5.941e+2,4.191e-18,2.334e+0,3.584e-9,
224.78,6.066e+2,3.289e-13,6.058e+2,6.008e-19,8.446e-1,2.448e-8,
224.81,6.153e+2,3.265e-13,6.151e+2,2.894e-20,1.633e-1,3.882e-7,
224.83,6.197e+2,3.249e-13,6.197e+2,3.538e-21,5.041e-2,2.265e-6,
224.86,6.242e+2,3.225e-13,6.242e+2,3.285e-21,7.690e-3,2.837e-5,
224.88,6.204e+2,3.209e-13,6.204e+2,3.117e-21,2.073e-3,1.414e-4,
224.90,6.049e+2,3.193e-13,6.049e+2,2.948e-21,7.193e-4,6.618e-4,
224.93,5.511e+2,3.169e-13,5.511e+2,2.696e-21,1.849e-3,5.955e-3,
224.95,4.961e+2,3.153e-13,4.961e+2,2.527e-21,6.750e-3,2.381e-2,
224.98,4.033e+2,3.129e-13,4.031e+2,2.274e-21,4.358e-2,1.691e-1,
225.00,3.523e+2,3.114e-13,3.516e+2,2.106e-21,1.398e-1,5.778e-1,
225.03,3.257e+2,3.090e-13,3.217e+2,1.853e-21,7.140e-1,3.241e+0,
225.05,3.578e+2,3.074e-13,3.464e+2,1.685e-21,1.957e+0,9.457e+0,
225.08,5.031e+2,3.050e-13,4.533e+2,1.432e-21,7.894e+0,4.189e+1,
225.10,6.822e+2,3.034e-13,5.593e+2,1.264e-21,1.849e+1,1.044e+2,
225.13,1.153e+3,3.010e-13,7.289e+2,1.011e-21,5.892e+1,3.652e+2,
225.15,1.715e+3,2.994e-13,8.188e+2,8.424e-22,1.180e+2,7.777e+2,
225.18,3.320e+3,2.970e-13,8.745e+2,5.897e-22,2.975e+2,2.148e+3,
225.20,5.264e+3,2.954e-13,8.469e+2,4.212e-22,5.099e+2,3.907e+3,
225.23,1.026e+4,2.930e-13,7.193e+2,1.685e-22,1.020e+3,8.520e+3,
225.25,1.534e+4,2.914e-13,5.983e+2,5.132e-26,1.501e+3,1.324e+4,
225.28,2.560e+4,2.890e-13,4.086e+2,1.116e-24,2.398e+3,2.280e+4,
225.30,3.362e+4,2.287e-12,2.992e+2,8.044e-24,3.053e+3,3.027e+4,
225.33,4.530e+4,4.525e-11,1.822e+2,1.383e-22,3.963e+3,4.115e+4,
225.35,5.125e+4,3.061e-10,1.384e+2,8.522e-22,4.432e+3,4.668e+4,
225.37,5.457e+4,1.945e-9,1.204e+2,4.931e-21,4.741e+3,4.971e+4,
225.40,5.357e+4,2.769e-8,1.375e+2,6.102e-20,4.878e+3,4.855e+4,
225.42,4.912e+4,1.504e-7,1.773e+2,3.018e-19,4.769e+3,4.417e+4,
225.45,3.872e+4,1.693e-6,2.803e+2,2.952e-18,4.371e+3,3.406e+4,
225.47,3.084e+4,7.865e-6,3.759e+2,1.249e-17,3.984e+3,2.648e+4,
225.50,1.994e+4,6.999e-5,5.452e+2,9.654e-17,3.274e+3,1.612e+4,
225.52,1.411e+4,2.779e-4,6.583e+2,3.490e-16,2.749e+3,1.071e+4,
225.55,7.896e+3,1.955e-3,7.905e+2,2.133e-15,1.958e+3,5.147e+3,
225.57,5.234e+3,6.637e-3,8.340e+2,6.594e-15,1.480e+3,2.920e+3,
225.60,2.840e+3,3.691e-2,8.172e+2,3.186e-14,9.146e+2,1.108e+3,
225.62,1.963e+3,1.071e-1,7.575e+2,8.420e-14,6.687e+2,5.371e+2,
225.65,1.308e+3,4.710e-1,6.257e+2,3.216e-13,5.205e+2,1.610e+2,
225.67,1.169e+3,1.169e+0,5.314e+2,7.265e-13,5.696e+2,6.666e+1,
225.70,1.277e+3,4.062e+0,4.088e+2,2.194e-12,8.481e+2,1.578e+1,
225.72,1.506e+3,8.617e+0,3.467e+2,4.237e-12,1.145e+3,5.580e+0,
225.75,1.980e+3,2.368e+1,2.804e+2,1.011e-11,1.675e+3,1.043e+0,
225.77,2.307e+3,4.295e+1,2.476e+2,1.670e-11,2.016e+3,3.151e-1,
225.80,2.672e+3,9.328e+1,2.050e+2,3.150e-11,2.374e+3,4.650e-2,
225.82,2.771e+3,1.447e+2,1.777e+2,4.447e-11,2.449e+3,1.200e-2,
225.85,2.669e+3,2.484e+2,1.389e+2,6.633e-11,2.282e+3,1.398e-3,
225.87,2.458e+3,3.293e+2,1.163e+2,8.007e-11,2.012e+3,3.086e-4,
225.89,2.175e+3,4.101e+2,9.764e+1,9.081e-11,1.667e+3,6.511e-5,
225.92,1.701e+3,5.067e+2,7.735e+1,9.765e-11,1.117e+3,2.166e-5,
225.94,1.399e+3,5.395e+2,6.781e+1,9.504e-11,7.913e+2,8.358e-5,
225.97,1.002e+3,5.269e+2,5.630e+1,8.228e-11,4.191e+2,8.383e-4,
225.99,7.823e+2,4.797e+2,4.898e+1,7.090e-11,2.537e+2,3.633e-3,
226.02,5.143e+2,3.704e+2,3.766e+1,5.646e-11,1.062e+2,2.916e-2,
226.04,3.737e+2,2.882e+2,3.038e+1,5.254e-11,5.496e+1,1.081e-1,
226.07,2.165e+2,1.760e+2,2.171e+1,6.024e-11,1.818e+1,6.868e-1,
226.09,1.461e+2,1.171e+2,1.876e+1,7.551e-11,8.042e+0,2.179e+0,
226.12,9.072e+1,5.649e+1,2.117e+1,1.114e-10,2.103e+0,1.095e+1,
226.14,9.181e+1,3.214e+1,2.915e+1,1.400e-10,7.950e-1,2.973e+1,
226.17,1.848e+2,1.226e+1,5.415e+1,1.800e-10,1.643e-1,1.182e+2,
226.19,3.618e+2,5.963e+0,8.125e+1,1.989e-10,5.310e-2,2.746e+2,
226.22,1.004e+3,1.798e+0,1.381e+2,2.093e-10,8.672e-3,8.643e+2,
226.24,1.902e+3,7.477e-1,1.847e+2,2.051e-10,2.396e-3,1.717e+3,
226.27,4.537e+3,1.783e-1,2.598e+2,1.908e-10,3.092e-4,4.277e+3,
226.29,7.577e+3,6.338e-2,3.076e+2,1.837e-10,7.301e-5,7.270e+3,
226.32,1.470e+4,1.194e-2,3.682e+2,1.882e-10,7.448e-6,1.433e+4,
226.34,2.124e+4,3.630e-3,3.993e+2,2.038e-10,1.503e-6,2.084e+4,
226.37,3.294e+4,5.409e-4,4.334e+2,2.408e-10,1.212e-7,3.251e+4,
226.39,4.089e+4,1.406e-4,4.487e+2,2.666e-10,2.091e-8,4.044e+4,
226.41,4.773e+4,3.431e-5,4.573e+2,2.857e-10,3.389e-9,4.727e+4,
226.44,5.359e+4,3.678e-6,4.522e+2,2.904e-10,1.965e-10,5.314e+4,
226.46,5.357e+4,7.676e-7,4.324e+2,2.744e-10,2.722e-11,5.314e+4,
226.49,4.764e+4,6.505e-8,3.752e+2,2.262e-10,2.673e-11,4.727e+4,
226.51,4.076e+4,1.161e-8,3.219e+2,1.847e-10,2.640e-11,4.044e+4,
226.54,2.870e+4,7.777e-10,2.316e+2,1.219e-10,2.590e-11,2.847e+4,
226.56,2.101e+4,1.186e-10,1.734e+2,8.569e-11,2.557e-11,2.084e+4,
226.59,1.171e+4,6.283e-12,1.008e+2,4.512e-11,2.508e-11,1.161e+4,
226.61,7.335e+3,8.194e-13,6.541e+1,2.728e-11,2.475e-11,7.270e+3,
226.64,3.237e+3,7.460e-13,3.099e+1,1.146e-11,2.425e-11,3.206e+3,
226.66,1.738e+3,6.971e-13,1.789e+1,5.958e-12,2.392e-11,1.721e+3,
226.69,6.244e+2,6.238e-13,7.750e+0,1.994e-12,2.343e-11,6.167e+2,
226.71,3.271e+2,5.749e-13,4.755e+0,8.911e-13,2.310e-11,3.224e+2,
226.74,2.676e+2,5.016e-13,3.000e+0,2.376e-13,2.260e-11,2.646e+2,
226.76,4.690e+2,4.527e-13,2.702e+0,9.120e-14,2.227e-11,4.663e+2,
226.79,1.375e+3,3.793e-13,2.735e+0,1.938e-14,2.178e-11,1.373e+3,
226.81,2.710e+3,3.304e-13,2.860e+0,6.477e-15,2.145e-11,2.707e+3,
226.84,6.710e+3,2.571e-13,3.068e+0,1.783e-15,2.095e-11,6.707e+3,
226.86,1.137e+4,2.082e-13,3.238e+0,2.743e-15,2.062e-11,1.137e+4,
226.89,2.234e+4,1.349e-13,3.681e+0,1.397e-14,2.013e-11,2.233e+4,
226.91,3.242e+4,8.598e-14,4.209e+0,4.120e-14,1.980e-11,3.241e+4,
226.93,4.422e+4,7.023e-13,4.980e+0,1.145e-13,1.947e-11,4.421e+4,
226.96,6.270e+4,1.460e-11,6.546e+0,4.725e-13,1.897e-11,6.269e+4,
226.98,7.323e+4,1.022e-10,7.711e+0,1.125e-12,1.864e-11,7.322e+4,
227.01,8.227e+4,1.686e-9,9.199e+0,3.679e-12,1.815e-11,8.226e+4,
227.03,8.227e+4,1.011e-8,9.747e+0,7.503e-12,1.782e-11,8.226e+4,
227.06,7.323e+4,1.323e-7,9.606e+0,1.945e-11,1.732e-11,7.322e+4,
227.08,6.270e+4,6.799e-7,8.867e+0,3.398e-11,1.699e-11,6.269e+4,
227.11,4.422e+4,7.055e-6,7.069e+0,6.982e-11,1.650e-11,4.421e+4,
227.13,3.242e+4,3.107e-5,5.672e+0,1.045e-10,1.617e-11,3.241e+4,
227.16,1.811e+4,2.558e-4,3.720e+0,1.701e-10,1.567e-11,1.811e+4,
227.18,1.137e+4,9.653e-4,2.705e+0,2.180e-10,1.534e-11,1.137e+4,
227.21,5.034e+3,6.303e-3,1.795e+0,2.815e-10,1.485e-11,5.032e+3,
227.23,2.706e+3,2.038e-2,1.645e+0,3.089e-10,1.452e-11,2.705e+3,
227.26,9.508e+2,1.056e-1,2.131e+0,3.162e-10,1.402e-11,9.486e+2,
227.28,4.397e+2,2.925e-1,2.919e+0,2.972e-10,1.369e-11,4.365e+2,
227.31,1.272e+2,1.202e+0,4.689e+0,2.411e-10,1.320e-11,1.213e+2,
227.33,5.676e+1,2.854e+0,6.110e+0,1.941e-10,1.287e-11,4.780e+1,
227.36,2.801e+1,9.301e+0,8.182e+0,1.248e-10,1.237e-11,1.052e+1,
227.38,3.171e+1,1.893e+1,9.233e+0,8.606e-11,1.204e-11,3.550e+0,
227.40,4.714e+1,3.620e+1,9.816e+0,5.578e-11,1.171e-11,1.127e+0,
227.43,9.514e+1,8.530e+1,9.652e+0,2.591e-11,1.122e-11,1.872e-1,
227.45,1.488e+2,1.398e+2,8.913e+0,1.438e-11,1.089e-11,8.089e-2,
227.48,2.688e+2,2.613e+2,7.248e+0,5.295e-12,1.039e-11,2.262e-1,
227.50,3.739e+2,3.671e+2,6.063e+0,2.517e-12,1.006e-11,7.334e-1,
227.53,5.528e+2,5.442e+2,4.586e+0,7.347e-13,9.568e-12,3.955e+0,
227.55,6.702e+2,6.550e+2,3.918e+0,2.992e-13,9.238e-12,1.128e+1,
227.58,8.221e+2,7.704e+2,3.370e+0,6.922e-14,8.744e-12,4.835e+1,
227.60,9.159e+2,7.945e+2,3.209e+0,2.414e-14,8.414e-12,1.182e+2,
227.63,1.146e+3,7.412e+2,3.111e+0,4.427e-15,7.919e-12,4.021e+2,
227.65,1.501e+3,6.550e+2,3.137e+0,1.322e-15,7.589e-12,8.424e+2,
227.68,2.764e+3,4.847e+2,3.714e+0,1.922e-16,7.094e-12,2.276e+3,
227.70,4.459e+3,3.671e+2,5.205e+0,4.918e-17,6.764e-12,4.086e+3,
227.73,8.988e+3,2.155e+2,1.231e+1,5.666e-18,6.269e-12,8.760e+3,
227.75,1.365e+4,1.398e+2,2.424e+1,1.242e-18,5.939e-12,1.349e+4,
227.78,2.308e+4,6.510e+1,6.555e+1,1.134e-19,5.444e-12,2.295e+4,
227.80,3.043e+4,3.620e+1,1.203e+2,2.128e-20,5.114e-12,3.028e+4,
227.83,4.117e+4,1.337e+1,2.687e+2,1.541e-21,4.619e-12,4.089e+4,
227.85,4.668e+4,6.371e+0,4.259e+2,2.477e-22,4.289e-12,4.625e+4,
227.88,5.033e+4,1.866e+0,7.581e+2,1.421e-23,3.794e-12,4.957e+4,
227.90,4.910e+4,7.621e-1,1.031e+3,1.957e-24,3.464e-12,4.807e+4,
227.92,4.514e+4,2.925e-1,1.319e+3,2.533e-25,3.135e-12,4.382e+4,
227.95,3.569e+4,6.202e-2,1.700e+3,7.137e-24,2.640e-12,3.399e+4,
227.97,2.843e+4,2.058e-2,1.865e+3,1.173e-23,2.310e-12,2.656e+4,
228.00,1.826e+4,4.845e-3,1.909e+3,1.861e-23,1.815e-12,1.635e+4,
228.02,1.275e+4,5.809e-3,1.796e+3,2.320e-23,1.485e-12,1.095e+4,
228.05,6.811e+3,2.731e-2,1.460e+3,3.008e-23,9.899e-13,5.351e+3,
228.07,4.251e+3,7.956e-2,1.178e+3,3.467e-23,7.681e-12,3.073e+3,
228.10,1.953e+3,3.547e-1,7.611e+2,4.156e-23,1.481e-10,1.191e+3,
228.12,1.115e+3,8.900e-1,5.275e+2,4.615e-23,9.860e-10,5.865e+2,
228.15,4.569e+2,3.154e+0,2.732e+2,5.303e-23,1.511e-8,1.805e+2,
228.17,2.491e+2,6.789e+0,1.661e+2,5.762e-23,8.636e-8,7.617e+1,
228.20,1.164e+2,1.911e+1,7.869e+1,6.450e-23,1.052e-6,1.860e+1,
228.22,9.753e+1,3.530e+1,5.550e+1,6.909e-23,5.161e-6,6.730e+0,
228.25,1.351e+2,7.895e+1,5.486e+1,7.598e-23,4.999e-5,1.307e+0,
228.27,1.957e+2,1.251e+2,7.019e+1,8.057e-23,2.104e-4,4.147e-1,
228.30,3.309e+2,2.223e+2,1.085e+2,8.745e-23,1.621e-3,1.337e-1,
228.32,4.419e+2,3.020e+2,1.396e+2,9.204e-23,5.854e-3,2.596e-1,
228.35,6.124e+2,4.265e+2,1.845e+2,9.892e-23,3.584e-2,1.360e+0,
228.37,7.081e+2,4.972e+2,2.068e+2,1.035e-22,1.111e-1,3.962e+0,
228.40,7.958e+2,5.580e+2,2.197e+2,1.104e-22,5.409e-1,1.760e+1,
228.42,8.161e+2,5.583e+2,2.123e+2,1.150e-22,1.439e+0,4.406e+1,
228.44,8.265e+2,5.260e+2,1.932e+2,1.196e-22,3.602e+0,1.037e+2,
228.47,9.282e+2,4.312e+2,1.500e+2,1.265e-22,1.272e+1,3.343e+2,
228.49,1.174e+3,3.540e+2,1.176e+2,1.310e-22,2.732e+1,6.755e+2,
228.52,2.129e+3,2.487e+2,7.312e+1,1.379e-22,7.669e+1,1.730e+3,
228.54,3.393e+3,2.011e+2,4.959e+1,1.425e-22,1.414e+2,3.001e+3,
228.57,6.632e+3,1.798e+2,2.513e+1,1.494e-22,3.156e+2,6.111e+3,
228.59,9.811e+3,2.016e+2,1.522e+1,1.540e-22,4.993e+2,9.095e+3,
228.62,1.590e+4,2.814e+2,7.296e+0,1.609e-22,8.865e+2,1.472e+4,
228.64,2.037e+4,3.551e+2,5.099e+0,1.274e-21,1.205e+3,1.881e+4,
228.67,2.639e+4,4.685e+2,4.481e+0,2.532e-20,1.708e+3,2.421e+4,
228.69,2.907e+4,5.273e+2,5.165e+0,1.722e-19,2.007e+3,2.653e+4,
228.72,3.005e+4,5.637e+2,7.212e+0,2.725e-18,2.336e+3,2.715e+4,
228.74,2.858e+4,5.465e+2,9.058e+0,1.591e-17,2.488e+3,2.554e+4,
228.77,2.406e+4,4.654e+2,1.223e+1,2.004e-16,2.808e+3,2.077e+4,
228.79,2.049e+4,3.873e+2,1.435e+1,1.005e-15,3.322e+3,1.677e+4,
228.82,1.630e+4,2.623e+2,1.695e+1,1.008e-14,5.172e+3,1.084e+4,
228.84,1.527e+4,1.873e+2,1.791e+1,4.342e-14,7.554e+3,7.513e+3,
228.87,1.743e+4,1.008e+2,1.778e+1,3.464e-13,1.345e+4,3.862e+3,
228.89,2.136e+4,6.182e+1,1.660e+1,1.282e-12,1.899e+4,2.296e+3,
228.91,2.686e+4,3.565e+1,1.469e+1,4.464e-12,2.552e+4,1.284e+3,
228.94,3.629e+4,1.392e+1,1.104e+1,2.587e-11,3.579e+4,4.788e+2,
228.96,4.188e+4,6.889e+0,8.521e+0,7.737e-11,4.164e+4,2.298e+2,
228.99,4.673e+4,2.138e+0,5.228e+0,3.570e-10,4.665e+4,6.813e+1,
229.01,4.668e+4,9.082e-1,3.565e+0,9.169e-10,4.665e+4,2.806e+1,
229.04,4.163e+4,2.241e-1,1.951e+0,3.367e-9,4.162e+4,6.613e+0,
229.06,3.576e+4,8.169e-2,1.399e+0,7.428e-9,3.576e+4,2.337e+0,
229.09,2.547e+4,1.603e-2,1.175e+0,2.171e-8,2.547e+4,4.379e-1,
229.11,1.893e+4,5.014e-3,1.321e+0,4.113e-8,1.893e+4,1.328e-1,
229.14,1.114e+4,7.821e-4,1.844e+0,9.570e-8,1.114e+4,1.985e-2,
229.16,7.644e+3,2.099e-4,2.360e+0,1.557e-7,7.641e+3,5.440e-3,
229.19,4.799e+3,2.604e-5,3.482e+0,2.884e-7,4.796e+3,3.260e-3,
229.21,4.150e+3,6.018e-6,4.696e+0,4.032e-7,4.145e+3,1.088e-2,
229.24,4.301e+3,8.451e-7,8.150e+0,5.952e-7,4.293e+3,7.840e-2,
229.26,4.740e+3,1.396e-6,1.252e+1,7.162e-7,4.727e+3,2.737e-1,
229.29,5.331e+3,1.296e-5,2.458e+1,8.499e-7,5.305e+3,1.596e+0,
229.31,5.463e+3,5.631e-5,3.785e+1,8.946e-7,5.420e+3,4.802e+0,
229.34,5.130e+3,4.571e-4,6.735e+1,9.131e-7,5.040e+3,2.242e+1,
229.36,4.610e+3,1.716e-3,9.303e+1,9.364e-7,4.458e+3,5.820e+1,
229.39,3.667e+3,1.118e-2,1.363e+2,1.125e-6,3.313e+3,2.181e+2,
229.41,3.172e+3,3.625e-2,1.637e+2,1.461e-6,2.519e+3,4.895e+2,
229.43,3.025e+3,1.109e-1,1.857e+2,2.062e-6,1.802e+3,1.037e+3,
229.46,4.047e+3,5.326e-1,2.020e+2,3.588e-6,9.733e+2,2.872e+3,
229.48,6.077e+3,1.410e+0,1.997e+2,5.036e-6,5.981e+2,5.278e+3,
229.51,1.229e+4,5.457e+0,1.790e+2,7.654e-6,2.571e+2,1.185e+4,
229.53,1.927e+4,1.252e+1,1.577e+2,9.437e-6,1.357e+2,1.896e+4,
229.56,3.492e+4,3.906e+1,1.233e+2,1.156e-5,4.643e+1,3.471e+4,
229.58,4.884e+4,7.767e+1,1.025e+2,1.228e-5,2.105e+1,4.864e+4,
229.61,7.356e+4,1.957e+2,7.864e+1,1.200e-5,5.733e+0,7.328e+4,
229.63,9.094e+4,3.375e+2,6.856e+1,1.096e-5,2.235e+0,9.053e+4,
229.66,1.145e+5,6.870e+2,6.294e+1,8.531e-6,5.109e-1,1.137e+5,
229.68,1.263e+5,1.027e+3,6.587e+1,6.692e-6,2.556e-1,1.252e+5,
229.71,1.356e+5,1.689e+3,8.026e+1,4.149e-6,5.652e-1,1.338e+5,
229.73,1.357e+5,2.190e+3,9.542e+1,2.796e-6,1.603e+0,1.335e+5,
229.76,1.279e+5,2.903e+3,1.218e+2,1.380e-6,7.286e+0,1.248e+5,
229.78,1.184e+5,3.261e+3,1.375e+2,7.994e-7,1.859e+1,1.150e+5,
229.81,1.003e+5,3.485e+3,1.510e+2,3.143e-7,6.769e+1,9.659e+4,
229.83,8.681e+4,3.388e+3,1.503e+2,1.564e-7,1.485e+2,8.312e+4,
229.86,6.627e+4,2.913e+3,1.342e+2,4.897e-8,4.310e+2,6.279e+4,
229.88,5.335e+4,2.449e+3,1.158e+2,2.093e-8,8.132e+2,4.997e+4,
229.91,3.668e+4,1.691e+3,8.363e+1,5.220e-9,1.881e+3,3.302e+4,
229.93,2.808e+4,1.228e+3,6.301e+1,1.917e-9,3.051e+3,2.374e+4,
229.95,2.183e+4,8.407e+2,4.529e+1,6.626e-10,4.659e+3,1.629e+4,
229.98,1.675e+4,4.262e+2,2.581e+1,1.201e-10,7.849e+3,8.453e+3,
230.00,1.575e+4,2.517e+2,1.736e+1,3.568e-11,1.031e+4,5.178e+3,
230.03,1.651e+4,1.022e+2,9.853e+0,5.152e-12,1.385e+4,2.543e+3,
230.05,1.772e+4,5.200e+1,7.158e+0,1.315e-12,1.565e+4,2.013e+3,
230.08,1.982e+4,1.688e+1,5.030e+0,1.512e-13,1.683e+4,2.972e+3,
230.10,2.150e+4,7.401e+0,4.306e+0,3.314e-14,1.644e+4,5.057e+3,
230.13,2.567e+4,1.920e+0,3.718e+0,3.035e-15,1.433e+4,1.133e+4,
230.15,3.063e+4,7.246e-1,3.526e+0,5.717e-16,1.233e+4,1.830e+4,
230.18,4.293e+4,1.501e-1,3.566e+0,4.170e-17,9.241e+3,3.368e+4,
230.20,5.445e+4,4.875e-2,4.004e+0,6.747e-18,7.513e+3,4.693e+4,
230.23,7.465e+4,8.060e-3,6.059e+0,3.920e-19,5.699e+3,6.895e+4,
230.25,8.760e+4,2.252e-3,9.182e+0,5.450e-20,4.960e+3,8.263e+4,
230.28,1.011e+5,2.970e-4,1.863e+1,5.294e-20,4.260e+3,9.681e+4,
230.30,1.037e+5,7.137e-5,2.968e+1,5.190e-20,3.878e+3,9.977e+4,
230.33,9.651e+4,7.507e-6,5.590e+1,5.035e-20,3.227e+3,9.322e+4,
230.35,8.542e+4,1.551e-6,8.046e+1,4.931e-20,2.715e+3,8.263e+4,
230.38,6.360e+4,1.301e-7,1.260e+2,4.776e-20,1.904e+3,6.157e+4,
230.40,4.849e+4,2.311e-8,1.587e+2,4.672e-20,1.402e+3,4.693e+4,
230.43,2.889e+4,1.545e-9,2.022e+2,4.516e-20,7.960e+2,2.789e+4,
230.45,1.901e+4,2.360e-10,2.215e+2,4.413e-20,5.102e+2,1.828e+4,
230.47,1.183e+4,3.373e-11,2.294e+2,4.309e-20,3.155e+2,1.128e+4,
230.50,5.272e+3,1.643e-12,2.187e+2,4.153e-20,1.682e+2,4.885e+3,
230.52,2.942e+3,1.412e-12,1.991e+2,4.050e-20,1.507e+2,2.593e+3,
230.55,1.295e+3,1.066e-12,1.605e+2,3.894e-20,2.391e+2,8.952e+2,
230.57,9.273e+2,8.346e-13,1.351e+2,3.791e-20,3.836e+2,4.086e+2,
230.60,9.740e+2,4.881e-13,1.063e+2,3.635e-20,7.552e+2,1.125e+2,
230.62,1.253e+3,2.571e-13,9.557e+1,3.531e-20,1.113e+3,4.416e+1,
230.65,1.887e+3,5.309e-12,9.140e+1,3.376e-20,1.786e+3,9.698e+0,
230.67,2.369e+3,3.709e-11,9.411e+1,3.272e-20,2.271e+3,3.274e+0,
230.70,3.012e+3,6.120e-10,1.010e+2,3.117e-20,2.910e+3,5.734e-1,
230.72,3.290e+3,3.681e-9,1.048e+2,3.013e-20,3.185e+3,1.664e-1,
230.75,3.365e+3,4.854e-8,1.069e+2,2.857e-20,3.258e+3,2.325e-2,
230.77,3.173e+3,2.514e-7,1.058e+2,2.754e-20,3.068e+3,5.804e-3,
230.80,2.606e+3,2.650e-6,1.015e+2,2.598e-20,2.504e+3,6.465e-4,
230.82,2.127e+3,1.182e-5,9.776e+1,2.495e-20,2.030e+3,1.388e-4,
230.85,1.416e+3,9.951e-5,9.149e+1,2.339e-20,1.325e+3,1.233e-5,
230.87,1.015e+3,3.822e-4,8.684e+1,2.235e-20,9.286e+2,2.277e-6,
230.90,5.897e+2,2.572e-3,7.917e+1,2.080e-20,5.105e+2,1.613e-7,
230.92,4.426e+2,8.505e-3,7.423e+1,1.976e-20,3.684e+2,2.578e-8,
230.94,4.312e+2,2.650e-2,7.059e+1,1.872e-20,3.605e+2,5.046e-9,
230.97,8.128e+2,1.302e-1,7.064e+1,1.717e-20,7.421e+2,2.200e-8,
230.99,1.544e+3,3.494e-1,7.627e+1,1.613e-20,1.468e+3,1.386e-7,
231.02,4.053e+3,1.372e+0,9.440e+1,1.458e-20,3.957e+3,1.985e-6,
231.04,7.303e+3,3.171e+0,1.118e+2,1.354e-20,7.188e+3,1.087e-5,
231.07,1.592e+4,9.952e+0,1.406e+2,1.198e-20,1.577e+4,1.245e-4,
231.09,2.490e+4,1.980e+1,1.572e+2,1.095e-20,2.472e+4,5.873e-4,
231.12,4.364e+4,4.966e+1,1.714e+2,9.393e-21,4.341e+4,5.379e-3,
231.14,5.897e+4,8.506e+1,1.720e+2,8.356e-21,5.872e+4,2.186e-2,
231.17,8.317e+4,1.705e+2,1.608e+2,6.800e-21,8.284e+4,1.601e-1,
231.19,9.752e+4,2.515e+2,1.484e+2,5.764e-21,9.712e+4,5.602e-1,
231.22,1.121e+5,4.028e+2,1.294e+2,4.208e-21,1.116e+5,3.280e+0,
231.24,1.158e+5,5.116e+2,1.194e+2,3.277e-20,1.152e+5,9.890e+0,
231.27,1.130e+5,6.548e+2,1.101e+2,6.370e-19,1.122e+5,4.630e+1,
231.29,1.074e+5,7.163e+2,1.067e+2,4.275e-18,1.065e+5,1.203e+2,
231.32,9.763e+4,7.325e+2,1.023e+2,6.647e-17,9.635e+4,4.502e+2,
231.34,9.191e+4,6.900e+2,9.781e+1,3.844e-16,9.011e+4,1.007e+3,
231.37,8.569e+4,5.639e+2,8.700e+1,4.783e-15,8.203e+4,3.014e+3,
231.39,8.299e+4,4.574e+2,7.733e+1,2.384e-14,7.664e+4,5.810e+3,
231.42,8.104e+4,2.987e+2,6.119e+1,2.373e-13,6.678e+4,1.390e+4,
231.44,8.187e+4,2.086e+2,5.089e+1,1.019e-12,5.853e+4,2.309e+4,
231.46,8.555e+4,1.373e+2,4.202e+1,4.125e-12,4.926e+4,3.611e+4,
231.49,9.848e+4,6.548e+1,3.251e+1,3.004e-11,3.521e+4,6.317e+4,
231.51,1.123e+5,3.710e+1,2.883e+1,1.048e-10,2.714e+4,8.513e+4,
231.54,1.382e+5,1.414e+1,2.667e+1,6.106e-10,1.904e+4,1.191e+5,
231.56,1.553e+5,6.900e+0,2.690e+1,1.835e-9,1.701e+4,1.382e+5,
231.59,1.739e+5,2.102e+0,2.881e+1,8.556e-9,1.929e+4,1.546e+5,
231.61,1.786e+5,8.843e-1,3.074e+1,2.216e-8,2.393e+4,1.546e+5,
231.64,1.722e+5,2.232e-1,3.410e+1,8.266e-8,3.396e+4,1.382e+5,
231.66,1.603e+5,1.041e-1,3.637e+1,1.846e-7,4.123e+4,1.191e+5,
231.69,1.354e+5,1.492e-1,3.918e+1,5.506e-7,5.020e+4,8.513e+4,
231.71,1.167e+5,3.728e-1,4.027e+1,1.059e-6,5.349e+4,6.317e+4,
231.74,8.964e+4,1.500e+0,4.021e+1,2.529e-6,5.349e+4,3.611e+4,
231.76,7.407e+4,3.549e+0,3.896e+1,4.193e-6,5.094e+4,2.309e+4,
231.79,5.744e+4,1.156e+1,3.560e+1,8.008e-6,4.684e+4,1.055e+4,
231.81,5.283e+4,2.360e+1,3.278e+1,1.144e-5,4.697e+4,5.810e+3,
231.84,5.935e+4,6.153e+1,2.855e+1,1.748e-5,5.714e+4,2.123e+3,
231.86,7.437e+4,1.082e+2,2.625e+1,2.153e-5,7.323e+4,1.007e+3,
231.89,1.134e+5,2.258e+2,2.429e+1,2.632e-5,1.129e+5,2.943e+2,
231.91,1.484e+5,3.423e+2,2.428e+1,2.793e-5,1.479e+5,1.203e+2,
231.94,2.059e+5,5.715e+2,2.674e+1,2.732e-5,2.053e+5,2.809e+1,
231.96,2.411e+5,7.468e+2,3.051e+1,2.499e-5,2.403e+5,9.890e+0,
231.98,2.682e+5,9.194e+2,3.665e+1,2.153e-5,2.672e+5,3.280e+0,
232.01,2.871e+5,1.124e+3,5.215e+1,1.541e-5,2.859e+5,5.602e-1,
232.03,2.842e+5,1.192e+3,6.796e+1,1.144e-5,2.829e+5,1.601e-1,
232.06,2.609e+5,1.166e+3,1.008e+2,6.552e-6,2.597e+5,2.186e-2,
232.08,2.376e+5,1.067e+3,1.278e+2,4.193e-6,2.364e+5,5.380e-3,
232.11,1.982e+5,8.348e+2,1.704e+2,1.921e-6,1.972e+5,5.902e-4,
232.13,1.719e+5,6.582e+2,1.951e+2,1.059e-6,1.711e+5,1.383e-4,
232.16,1.343e+5,4.122e+2,2.180e+2,3.882e-7,1.337e+5,1.403e-4,
232.18,1.107e+5,2.801e+2,2.202e+2,1.846e-7,1.102e+5,5.371e-4,
232.21,7.816e+4,1.404e+2,2.035e+2,5.410e-8,7.781e+4,4.024e-3,
232.23,5.904e+4,8.221e+1,1.818e+2,2.217e-8,5.878e+4,1.435e-2,
232.26,3.569e+4,3.296e+1,1.415e+2,5.203e-9,3.551e+4,8.643e-2,
232.28,2.416e+4,1.664e+1,1.143e+2,1.850e-9,2.403e+4,2.658e-1,
232.31,1.284e+4,5.340e+0,7.896e+1,4.255e-10,1.276e+4,1.283e+0,
232.33,8.824e+3,2.324e+0,6.095e+1,3.467e-10,8.758e+3,3.403e+0,
232.36,7.170e+3,5.967e-1,4.330e+1,1.132e-9,7.113e+3,1.316e+1,
232.38,8.655e+3,2.238e-1,3.792e+1,2.878e-9,8.586e+3,3.011e+1,
232.41,1.475e+4,4.598e-2,4.039e+1,1.063e-8,1.462e+4,9.328e+1,
232.43,2.161e+4,1.486e-2,5.127e+1,2.359e-8,2.138e+4,1.841e+2,
232.46,3.627e+4,2.444e-3,9.214e+1,6.989e-8,3.572e+4,4.569e+2,
232.48,4.857e+4,6.810e-4,1.502e+2,1.339e-7,4.765e+4,7.779e+2,
232.50,6.200e+4,1.788e-4,2.547e+2,2.418e-7,6.050e+4,1.248e+3,
232.53,8.133e+4,2.152e-5,5.718e+2,5.252e-7,7.848e+4,2.272e+3,
232.55,9.134e+4,4.870e-6,9.612e+2,8.181e-7,8.723e+4,3.145e+3,
232.58,9.859e+4,4.690e-7,1.963e+3,1.424e-6,9.204e+4,4.584e+3,
232.60,9.731e+4,9.148e-8,2.989e+3,1.913e-6,8.885e+4,5.474e+3,
232.63,8.713e+4,7.049e-9,5.099e+3,2.669e-6,7.563e+4,6.393e+3,
232.65,7.656e+4,1.185e-9,6.802e+3,3.096e-6,6.318e+4,6.584e+3,
232.68,5.882e+4,7.309e-11,9.428e+3,3.468e-6,4.324e+4,6.161e+3,
232.70,4.761e+4,1.059e-11,1.091e+4,3.487e-6,3.123e+4,5.474e+3,
232.73,3.358e+4,5.227e-13,1.218e+4,3.201e-6,1.730e+4,4.103e+3,
232.75,2.640e+4,5.217e-13,1.220e+4,2.895e-6,1.106e+4,3.145e+3,
232.78,1.867e+4,5.203e-13,1.095e+4,2.528e-6,5.828e+3,1.888e+3,
232.80,1.537e+4,5.193e-13,9.484e+3,2.533e-6,4.639e+3,1.248e+3,
232.83,1.316e+4,5.179e-13,6.867e+3,3.222e-6,5.695e+3,6.006e+2,
232.85,1.363e+4,5.169e-13,5.173e+3,4.265e-6,8.116e+3,3.425e+2,
232.88,1.736e+4,5.155e-13,3.113e+3,6.741e-6,1.411e+4,1.320e+2,
232.90,2.164e+4,5.146e-13,2.180e+3,8.861e-6,1.940e+4,6.494e+1,
232.93,2.970e+4,5.131e-13,1.491e+3,1.221e-5,2.819e+4,2.005e+1,
232.95,3.514e+4,5.122e-13,1.498e+3,1.411e-5,3.363e+4,8.508e+0,
232.97,3.971e+4,5.112e-13,1.871e+3,1.540e-5,3.784e+4,3.403e+0,
233.00,4.356e+4,5.098e-13,3.122e+3,1.574e-5,4.043e+4,7.743e-1,
233.02,4.367e+4,5.089e-13,4.414e+3,1.484e-5,3.926e+4,2.803e-1,
233.05,4.063e+4,5.074e-13,6.995e+3,1.216e-5,3.363e+4,1.423e-1,
233.07,3.728e+4,5.065e-13,9.097e+3,9.892e-6,2.818e+4,3.187e-1,
233.10,3.213e+4,5.050e-13,1.277e+4,6.500e-6,1.935e+4,1.589e+0,
233.12,2.960e+4,5.041e-13,1.560e+4,4.563e-6,1.399e+4,4.434e+0,
233.15,2.828e+4,5.027e-13,2.056e+4,2.404e-6,7.705e+3,1.855e+1,
233.17,2.923e+4,5.017e-13,2.438e+4,1.456e-6,4.808e+3,4.474e+1,
233.20,3.287e+4,5.003e-13,3.060e+4,6.150e-7,2.122e+3,1.502e+2,
233.22,3.602e+4,4.993e-13,3.457e+4,3.216e-7,1.143e+3,3.129e+2,
233.25,4.018e+4,4.979e-13,3.894e+4,1.089e-7,4.044e+2,8.427e+2,
233.27,4.171e+4,4.970e-13,4.001e+4,4.912e-8,1.879e+2,1.516e+3,
233.30,4.137e+4,4.955e-13,3.804e+4,1.333e-8,5.331e+1,3.276e+3,
233.32,3.958e+4,4.946e-13,3.447e+4,5.191e-9,2.138e+1,5.088e+3,
233.35,3.565e+4,4.932e-13,2.682e+4,1.129e-9,4.862e+0,8.822e+3,
233.37,3.298e+4,4.922e-13,2.115e+4,3.795e-10,1.683e+0,1.183e+4,
233.40,2.978e+4,4.908e-13,1.331e+4,6.679e-11,3.068e-1,1.646e+4,
233.42,2.817e+4,4.898e-13,9.107e+3,2.172e-11,9.163e-2,1.907e+4,
233.45,2.592e+4,4.884e-13,4.635e+3,2.213e-11,1.339e-2,2.128e+4,
233.47,2.405e+4,4.874e-13,2.761e+3,7.109e-11,3.452e-3,2.128e+4,
233.49,2.164e+4,4.865e-13,1.571e+3,2.407e-10,8.388e-4,2.007e+4,
233.52,1.713e+4,4.851e-13,6.697e+2,1.360e-9,8.996e-5,1.646e+4,
233.54,1.386e+4,4.841e-13,4.565e+2,4.015e-9,1.887e-5,1.341e+4,
233.57,9.372e+3,4.827e-13,5.495e+2,1.824e-8,1.622e-6,8.822e+3,
233.59,7.095e+3,4.817e-13,8.918e+2,4.649e-8,2.936e-7,6.203e+3,
233.62,5.253e+3,4.803e-13,1.977e+3,1.696e-7,2.024e-8,3.276e+3,
233.64,5.203e+3,4.794e-13,3.215e+3,3.736e-7,3.160e-9,1.989e+3,
233.67,6.873e+3,4.779e-13,6.031e+3,1.094e-6,1.746e-10,8.427e+2,
233.69,8.988e+3,4.770e-13,8.546e+3,2.082e-6,2.354e-11,4.417e+2,
233.72,1.309e+4,4.755e-13,1.294e+4,4.899e-6,2.018e-11,1.502e+2,
233.74,1.594e+4,4.746e-13,1.587e+4,8.054e-6,1.794e-11,6.798e+1,
233.77,1.935e+4,4.732e-13,1.933e+4,1.522e-5,1.458e-11,1.855e+1,
233.79,2.051e+4,4.722e-13,2.050e+4,2.161e-5,1.234e-11,7.249e+0,
233.82,2.010e+4,4.708e-13,2.009e+4,3.279e-5,8.986e-12,1.587e+0,
233.84,1.845e+4,4.698e-13,1.845e+4,4.023e-5,6.747e-12,5.355e-1,
233.87,1.459e+4,4.684e-13,1.459e+4,4.902e-5,1.399e-10,9.406e-2,
233.89,1.164e+4,4.675e-13,1.164e+4,5.197e-5,9.819e-10,2.741e-2,
233.92,7.516e+3,4.660e-13,7.516e+3,5.084e-5,1.637e-8,3.863e-3,
233.94,5.288e+3,4.651e-13,5.288e+3,4.657e-5,9.934e-8,9.721e-4,
233.97,2.912e+3,4.637e-13,2.912e+3,3.659e-5,1.332e-6,1.099e-4,
233.99,1.911e+3,4.627e-13,1.911e+3,2.895e-5,6.988e-6,2.388e-5,
234.01,1.271e+3,4.617e-13,1.271e+3,2.161e-5,3.460e-5,4.894e-6,
234.04,7.833e+2,4.603e-13,7.833e+2,1.249e-5,3.417e-4,4.066e-7,
234.06,6.880e+2,4.594e-13,6.880e+2,8.054e-6,1.463e-3,7.193e-8,
234.09,8.989e+2,4.579e-13,8.989e+2,3.738e-6,1.162e-2,4.795e-9,
234.11,1.404e+3,4.570e-13,1.404e+3,2.082e-6,4.300e-2,7.326e-10,
234.14,3.204e+3,4.556e-13,3.203e+3,7.761e-7,2.746e-1,3.919e-11,
234.16,5.559e+3,4.546e-13,5.558e+3,3.736e-7,8.789e-1,3.821e-11,
234.19,1.183e+4,4.532e-13,1.183e+4,1.118e-7,4.512e+0,3.676e-11,
234.21,1.841e+4,4.522e-13,1.839e+4,4.649e-8,1.249e+1,3.579e-11,
234.24,3.229e+4,4.508e-13,3.224e+4,1.117e-8,5.156e+1,3.433e-11,
234.26,4.389e+4,4.499e-13,4.377e+4,4.015e-9,1.234e+2,3.336e-11,
234.29,6.289e+4,4.484e-13,6.248e+4,7.748e-10,4.097e+2,3.190e-11,
234.31,7.488e+4,4.475e-13,7.403e+4,2.405e-10,8.480e+2,3.093e-11,
234.34,8.871e+4,4.460e-13,8.644e+4,3.727e-11,2.265e+3,2.947e-11,
234.36,9.388e+4,4.451e-13,8.982e+4,9.997e-12,4.055e+3,2.850e-11,
234.39,9.528e+4,4.437e-13,8.657e+4,1.244e-12,8.716e+3,2.704e-11,
234.41,9.297e+4,4.427e-13,7.947e+4,2.883e-13,1.351e+4,2.607e-11,
234.44,8.745e+4,4.413e-13,6.405e+4,2.881e-14,2.340e+4,2.461e-11,
234.46,8.391e+4,4.403e-13,5.248e+4,5.767e-15,3.143e+4,2.364e-11,
234.49,8.005e+4,4.389e-13,3.604e+4,4.629e-16,4.401e+4,2.218e-11,
234.51,7.815e+4,4.380e-13,2.677e+4,8.006e-17,5.138e+4,2.121e-11,
234.53,7.609e+4,4.370e-13,1.927e+4,1.306e-17,5.682e+4,2.024e-11,
234.56,7.126e+4,4.356e-13,1.136e+4,7.710e-19,5.990e+4,1.878e-11,
234.58,6.646e+4,4.346e-13,8.125e+3,1.087e-19,5.833e+4,1.781e-11,
234.61,5.756e+4,4.332e-13,5.968e+3,1.073e-19,5.160e+4,1.636e-11,
234.63,5.161e+4,4.323e-13,6.242e+3,1.064e-19,4.537e+4,1.538e-11,
234.66,4.496e+4,4.308e-13,9.343e+3,1.051e-19,3.561e+4,1.393e-11,
234.68,4.310e+4,4.299e-13,1.332e+4,1.042e-19,2.978e+4,1.296e-11,
234.71,4.489e+4,4.284e-13,2.208e+4,1.028e-19,2.281e+4,1.150e-11,
234.73,4.871e+4,4.275e-13,2.933e+4,1.019e-19,1.938e+4,1.053e-11,
234.76,5.633e+4,4.261e-13,4.066e+4,1.006e-19,1.567e+4,9.070e-12,
234.78,6.104e+4,4.251e-13,4.717e+4,9.966e-20,1.387e+4,8.098e-12,
234.81,6.476e+4,4.237e-13,5.300e+4,9.831e-20,1.177e+4,6.641e-12,
234.83,6.392e+4,4.227e-13,5.334e+4,9.741e-20,1.058e+4,5.669e-12,
234.86,5.731e+4,4.213e-13,4.840e+4,9.606e-20,8.912e+3,4.212e-12,
234.88,5.004e+4,4.204e-13,4.225e+4,9.516e-20,7.794e+3,3.241e-12,
234.91,3.708e+4,4.189e-13,3.100e+4,9.381e-20,6.074e+3,1.784e-12,
234.93,2.848e+4,4.180e-13,2.355e+4,9.291e-20,4.931e+3,8.121e-13,
234.96,1.750e+4,4.165e-13,1.416e+4,9.157e-20,3.338e+3,1.638e-11,
234.98,1.201e+4,4.156e-13,9.578e+3,9.067e-20,2.428e+3,1.129e-10,
235.00,8.027e+3,4.146e-13,6.346e+3,8.977e-20,1.681e+3,7.346e-10,
235.03,4.460e+3,4.132e-13,3.582e+3,8.842e-20,8.771e+2,1.095e-8,
235.05,3.251e+3,4.123e-13,2.720e+3,8.752e-20,5.312e+2,6.168e-8,
235.08,2.457e+3,4.108e-13,2.232e+3,8.617e-20,2.256e+2,7.405e-7,
235.10,2.269e+3,4.099e-13,2.151e+3,8.527e-20,1.187e+2,3.612e-6,
235.13,2.121e+3,4.085e-13,2.080e+3,8.392e-20,4.076e+1,3.494e-5,
235.15,1.998e+3,4.075e-13,1.979e+3,8.302e-20,1.860e+1,1.476e-4,
235.18,1.725e+3,4.061e-13,1.720e+3,8.167e-20,5.146e+0,1.150e-3,
235.20,1.503e+3,4.051e-13,1.501e+3,8.077e-20,2.033e+0,4.205e-3,
235.23,1.188e+3,4.037e-13,1.188e+3,7.942e-20,4.529e-1,2.640e-2,
235.25,1.039e+3,4.028e-13,1.039e+3,7.852e-20,1.548e-1,8.359e-2,
235.28,9.863e+2,4.013e-13,9.858e+2,7.718e-20,2.776e-2,4.227e-1,
235.30,1.105e+3,4.004e-13,1.104e+3,7.628e-20,8.210e-3,1.159e+0,
235.33,1.567e+3,3.989e-13,1.562e+3,7.493e-20,1.184e-3,4.722e+0,
235.35,2.077e+3,3.980e-13,2.066e+3,7.403e-20,3.030e-4,1.121e+1,
235.38,3.115e+3,3.966e-13,3.078e+3,7.268e-20,3.517e-5,3.679e+1,
235.40,3.930e+3,3.956e-13,3.855e+3,7.178e-20,7.784e-6,7.562e+1,
235.43,5.176e+3,3.942e-13,4.976e+3,7.043e-20,7.269e-7,2.000e+2,
235.45,5.913e+3,3.932e-13,5.557e+3,6.953e-20,1.391e-7,3.559e+2,
235.48,6.728e+3,3.918e-13,5.970e+3,6.818e-20,1.045e-8,7.582e+2,
235.50,7.047e+3,3.909e-13,5.879e+3,6.728e-20,1.731e-9,1.168e+3,
235.52,7.203e+3,3.899e-13,5.504e+3,6.638e-20,2.705e-10,1.699e+3,
235.55,7.224e+3,3.885e-13,4.550e+3,6.503e-20,1.499e-11,2.675e+3,
235.57,7.154e+3,3.875e-13,3.786e+3,6.413e-20,1.495e-11,3.368e+3,
235.60,6.954e+3,3.861e-13,2.682e+3,6.279e-20,1.489e-11,4.272e+3,
235.62,6.736e+3,3.851e-13,2.078e+3,6.189e-20,1.485e-11,4.658e+3,
235.65,6.231e+3,3.837e-13,1.471e+3,6.054e-20,1.479e-11,4.759e+3,
235.67,5.789e+3,3.828e-13,1.296e+3,5.964e-20,1.475e-11,4.493e+3,
235.70,5.135e+3,3.813e-13,1.436e+3,5.829e-20,1.469e-11,3.699e+3,
235.72,4.892e+3,3.804e-13,1.868e+3,5.739e-20,1.465e-11,3.023e+3,
235.75,5.233e+3,3.790e-13,3.228e+3,5.604e-20,1.459e-11,2.005e+3,
235.77,6.176e+3,3.780e-13,4.757e+3,5.514e-20,1.455e-11,1.419e+3,
235.80,8.961e+3,3.766e-13,8.203e+3,5.379e-20,1.449e-11,7.582e+2,
235.82,1.178e+4,3.756e-13,1.131e+4,5.289e-20,1.446e-11,4.645e+2,
235.85,1.725e+4,3.742e-13,1.705e+4,5.154e-20,1.440e-11,2.000e+2,
235.87,2.144e+4,3.733e-13,2.134e+4,5.064e-20,1.436e-11,1.061e+2,
235.90,2.788e+4,3.718e-13,2.784e+4,4.929e-20,1.430e-11,3.679e+1,
235.92,3.180e+4,3.709e-13,3.178e+4,4.840e-20,1.426e-11,1.690e+1,
235.95,3.629e+4,3.694e-13,3.629e+4,4.705e-20,1.420e-11,4.722e+0,
235.97,3.794e+4,3.685e-13,3.794e+4,4.615e-20,1.416e-11,1.878e+0,
236.00,3.793e+4,3.671e-13,3.793e+4,4.480e-20,1.410e-11,4.227e-1,
236.02,3.621e+4,3.661e-13,3.621e+4,4.390e-20,1.406e-11,1.456e-1,
236.04,3.330e+4,3.652e-13,3.330e+4,4.300e-20,1.402e-11,4.731e-2,
236.07,2.742e+4,3.637e-13,2.742e+4,4.165e-20,1.396e-11,7.870e-3,
236.09,2.313e+4,3.628e-13,2.313e+4,4.075e-20,1.392e-11,2.215e-3,
236.12,1.713e+4,3.614e-13,1.713e+4,3.940e-20,1.386e-11,2.968e-4,
236.14,1.382e+4,3.604e-13,1.382e+4,3.850e-20,1.382e-11,7.235e-5,
236.17,1.008e+4,3.590e-13,1.008e+4,3.715e-20,1.377e-11,8.141e-6,
236.19,8.321e+3,3.580e-13,8.321e+3,3.625e-20,1.373e-11,3.293e-6,
236.22,6.485e+3,3.566e-13,6.485e+3,3.490e-20,1.367e-11,1.641e-5,
236.24,5.668e+3,3.556e-13,5.668e+3,3.401e-20,1.363e-11,6.980e-5,
236.27,5.044e+3,3.542e-13,5.044e+3,3.266e-20,1.357e-11,5.568e-4,
236.29,5.148e+3,3.533e-13,5.148e+3,3.176e-20,1.353e-11,2.070e-3,
236.32,6.386e+3,3.518e-13,6.386e+3,3.041e-20,1.347e-11,1.334e-2,
236.34,8.076e+3,3.509e-13,8.076e+3,2.951e-20,1.343e-11,4.299e-2,
236.37,1.191e+4,3.495e-13,1.191e+4,2.816e-20,1.337e-11,2.235e-1,
236.39,1.510e+4,3.485e-13,1.510e+4,2.726e-20,1.333e-11,6.247e-1,
236.42,2.004e+4,3.471e-13,2.004e+4,2.591e-20,1.327e-11,2.623e+0,
236.44,2.281e+4,3.461e-13,2.281e+4,2.501e-20,1.323e-11,6.354e+0,
236.47,2.515e+4,3.447e-13,2.513e+4,2.366e-20,1.317e-11,2.153e+1,
236.49,2.515e+4,3.438e-13,2.511e+4,2.276e-20,1.314e-11,4.523e+1,
236.51,2.390e+4,3.428e-13,2.381e+4,2.186e-20,1.310e-11,8.975e+1,
236.54,2.024e+4,3.414e-13,2.002e+4,2.051e-20,1.304e-11,2.254e+2,
236.56,1.722e+4,3.404e-13,1.683e+4,1.962e-20,1.300e-11,3.877e+2,
236.59,1.289e+4,3.390e-13,1.211e+4,1.827e-20,1.294e-11,7.858e+2,
236.61,1.061e+4,3.380e-13,9.435e+3,1.737e-20,1.290e-11,1.172e+3,
236.64,8.407e+3,3.366e-13,6.489e+3,1.602e-20,1.284e-11,1.918e+3,
236.66,7.725e+3,3.357e-13,5.246e+3,1.512e-20,1.280e-11,2.479e+3,
236.69,7.599e+3,3.342e-13,4.324e+3,1.377e-20,1.274e-11,3.275e+3,
236.71,7.918e+3,3.333e-13,4.246e+3,1.287e-20,1.270e-11,3.671e+3,
236.74,8.727e+3,3.319e-13,4.812e+3,1.152e-20,1.264e-11,3.915e+3,
236.76,9.367e+3,3.309e-13,5.562e+3,1.062e-20,1.260e-11,3.805e+3,
236.79,1.029e+4,3.295e-13,7.012e+3,9.273e-21,1.254e-11,3.275e+3,
236.81,1.075e+4,3.285e-13,7.995e+3,8.373e-21,1.251e-11,2.760e+3,
236.84,1.102e+4,3.271e-13,9.105e+3,7.024e-21,1.245e-11,1.918e+3,
236.86,1.083e+4,3.261e-13,9.424e+3,6.125e-21,1.241e-11,1.401e+3,
236.89,9.957e+3,3.247e-13,9.171e+3,4.776e-21,1.235e-11,7.858e+2,
236.91,9.090e+3,3.238e-13,8.592e+3,3.876e-21,1.231e-11,4.977e+2,
236.94,7.629e+3,3.223e-13,7.403e+3,2.527e-21,1.225e-11,2.254e+2,
236.96,6.704e+3,3.214e-13,6.580e+3,1.628e-21,1.221e-11,1.237e+2,
236.99,5.550e+3,3.200e-13,5.505e+3,3.119e-20,1.215e-11,4.523e+1,
237.01,4.945e+3,3.190e-13,4.924e+3,2.081e-19,1.211e-11,2.153e+1,
237.03,4.432e+3,3.181e-13,4.422e+3,1.312e-18,1.207e-11,9.682e+0,
237.06,3.737e+3,3.166e-13,3.734e+3,1.867e-17,1.201e-11,2.624e+0,
237.08,3.288e+3,3.157e-13,3.287e+3,1.021e-16,1.197e-11,1.027e+0,
237.11,2.679e+3,3.143e-13,2.679e+3,1.175e-15,1.191e-11,2.554e-1,
237.13,2.403e+3,3.133e-13,2.403e+3,5.581e-15,1.187e-11,1.804e-1,
237.16,2.423e+3,3.119e-13,2.422e+3,5.193e-14,1.182e-11,5.759e-1,
237.18,2.897e+3,3.109e-13,2.895e+3,2.140e-13,1.178e-11,1.610e+0,
237.21,4.598e+3,3.095e-13,4.591e+3,1.611e-12,1.172e-11,6.969e+0,
237.23,6.522e+3,3.085e-13,6.505e+3,5.761e-12,1.168e-11,1.727e+1,
237.26,1.061e+4,3.071e-13,1.055e+4,3.505e-11,1.162e-11,6.055e+1,
237.28,1.397e+4,3.062e-13,1.384e+4,1.088e-10,1.158e-11,1.302e+2,
237.31,1.933e+4,3.047e-13,1.896e+4,5.355e-10,1.152e-11,3.691e+2,
237.33,2.263e+4,3.038e-13,2.194e+4,1.443e-9,1.148e-11,6.888e+2,
237.36,2.642e+4,3.024e-13,2.484e+4,5.741e-9,1.142e-11,1.579e+3,
237.38,2.797e+4,3.014e-13,2.541e+4,1.343e-8,1.138e-11,2.556e+3,
237.41,2.897e+4,3.000e-13,2.423e+4,4.319e-8,1.132e-11,4.737e+3,
237.43,2.907e+4,2.990e-13,2.242e+4,8.769e-8,1.128e-11,6.657e+3,
237.46,2.890e+4,2.976e-13,1.893e+4,2.281e-7,1.122e-11,9.971e+3,
237.48,2.869e+4,2.967e-13,1.653e+4,4.019e-7,1.119e-11,1.216e+4,
237.51,2.797e+4,2.952e-13,1.325e+4,8.454e-7,1.113e-11,1.473e+4,
237.53,2.693e+4,2.943e-13,1.134e+4,1.293e-6,1.109e-11,1.558e+4,
237.55,2.523e+4,2.933e-13,9.646e+3,1.869e-6,1.105e-11,1.558e+4,
237.58,2.142e+4,2.919e-13,7.406e+3,2.919e-6,1.099e-11,1.401e+4,
237.60,1.825e+4,2.909e-13,6.089e+3,3.661e-6,1.095e-11,1.216e+4,
237.63,1.322e+4,2.895e-13,4.382e+3,4.625e-6,1.089e-11,8.839e+3,
237.65,1.010e+4,2.886e-13,3.445e+3,5.036e-6,1.085e-11,6.657e+3,
237.68,6.291e+3,2.871e-13,2.380e+3,5.144e-6,1.079e-11,3.912e+3,
237.70,4.470e+3,2.862e-13,1.914e+3,4.860e-6,1.075e-11,2.556e+3,
237.73,2.839e+3,2.848e-13,1.625e+3,4.015e-6,1.069e-11,1.214e+3,
237.75,2.428e+3,2.838e-13,1.740e+3,3.292e-6,1.065e-11,6.888e+2,
237.78,2.704e+3,2.824e-13,2.440e+3,2.199e-6,1.059e-11,2.645e+2,
237.80,3.409e+3,2.814e-13,3.279e+3,1.565e-6,1.056e-11,1.302e+2,
237.83,5.094e+3,2.800e-13,5.053e+3,8.454e-7,1.050e-11,4.042e+1,
237.85,6.514e+3,2.790e-13,6.497e+3,5.223e-7,1.046e-11,1.727e+1,
237.88,8.861e+3,2.776e-13,8.856e+3,2.281e-7,1.040e-11,4.333e+0,
237.90,1.049e+4,2.767e-13,1.048e+4,1.223e-7,1.036e-11,1.606e+0,
237.93,1.316e+4,2.752e-13,1.315e+4,4.319e-8,1.030e-11,3.259e-1,
237.95,1.546e+4,2.743e-13,1.546e+4,2.010e-8,1.026e-11,1.048e-1,
237.98,2.103e+4,2.729e-13,2.103e+4,5.741e-9,1.020e-11,1.720e-2,
238.00,2.731e+4,2.719e-13,2.731e+4,2.319e-9,1.016e-11,4.801e-3,
238.03,4.298e+4,2.705e-13,4.298e+4,5.355e-10,1.010e-11,6.366e-4,
238.05,5.891e+4,2.695e-13,5.891e+4,1.878e-10,1.006e-11,1.542e-4,
238.07,7.976e+4,2.686e-13,7.976e+4,6.221e-11,1.002e-11,3.530e-5,
238.10,1.192e+5,2.672e-13,1.192e+5,1.067e-11,9.964e-12,3.476e-6,
238.12,1.484e+5,2.662e-13,1.484e+5,3.068e-12,9.925e-12,6.907e-7,
238.15,1.894e+5,2.648e-13,1.894e+5,4.254e-13,9.866e-12,5.882e-8,
238.17,2.097e+5,2.638e-13,2.097e+5,1.062e-13,9.827e-12,3.145e-8,
238.20,2.221e+5,2.624e-13,2.221e+5,1.191e-14,9.768e-12,2.695e-7,
238.22,2.164e+5,2.614e-13,2.164e+5,2.579e-15,9.728e-12,1.332e-6,
238.25,1.891e+5,2.600e-13,1.891e+5,2.339e-16,9.669e-12,1.320e-5,
238.27,1.624e+5,2.591e-13,1.624e+5,4.408e-17,9.630e-12,5.681e-5,
238.30,1.183e+5,2.576e-13,1.183e+5,5.005e-18,9.571e-12,4.564e-4,
238.32,9.080e+4,2.567e-13,9.080e+4,1.123e-17,9.531e-12,1.707e-3,
238.35,5.716e+4,2.553e-13,5.716e+4,1.420e-16,9.472e-12,1.111e-2,
238.37,4.071e+4,2.543e-13,4.071e+4,7.415e-16,9.433e-12,3.611e-2,
238.40,2.408e+4,2.529e-13,2.408e+4,7.971e-15,9.374e-12,1.904e-1,
238.42,1.712e+4,2.519e-13,1.712e+4,3.620e-14,9.334e-12,5.379e-1,
238.45,1.063e+4,2.505e-13,1.063e+4,3.153e-13,9.275e-12,2.298e+0,
238.47,7.926e+3,2.495e-13,7.921e+3,1.245e-12,9.236e-12,5.641e+0,
238.50,5.192e+3,2.481e-13,5.173e+3,8.789e-12,9.177e-12,1.953e+1,
238.52,3.913e+3,2.472e-13,3.872e+3,3.016e-11,9.137e-12,4.166e+1,
238.54,2.952e+3,2.462e-13,2.868e+3,9.784e-11,9.098e-12,8.403e+1,
238.57,2.069e+3,2.448e-13,1.852e+3,5.147e-10,9.039e-12,2.167e+2,
238.59,1.889e+3,2.438e-13,1.509e+3,1.452e-9,8.999e-12,3.798e+2,
238.62,2.396e+3,2.424e-13,1.602e+3,6.189e-9,8.940e-12,7.934e+2,
238.64,3.408e+3,2.415e-13,2.200e+3,1.517e-8,8.901e-12,1.209e+3,
238.67,6.316e+3,2.400e-13,4.271e+3,5.243e-8,8.842e-12,2.046e+3,
238.69,9.423e+3,2.391e-13,6.714e+3,1.117e-7,8.802e-12,2.708e+3,
238.72,1.611e+4,2.377e-13,1.240e+4,3.129e-7,8.743e-12,3.714e+3,
238.74,2.188e+4,2.367e-13,1.760e+4,5.796e-7,8.704e-12,4.273e+3,
238.77,3.176e+4,2.353e-13,2.701e+4,1.316e-6,8.645e-12,4.747e+3,
238.79,3.834e+4,2.343e-13,3.360e+4,2.118e-6,8.605e-12,4.747e+3,
238.82,4.634e+4,2.329e-13,4.206e+4,3.896e-6,8.546e-12,4.273e+3,
238.84,4.932e+4,2.319e-13,4.561e+4,5.454e-6,8.507e-12,3.714e+3,
238.87,4.912e+4,2.305e-13,4.641e+4,8.131e-6,8.448e-12,2.708e+3,
238.89,4.584e+4,2.296e-13,4.380e+4,9.893e-6,8.409e-12,2.046e+3,
238.92,3.739e+4,2.281e-13,3.618e+4,1.195e-5,8.349e-12,1.209e+3,
238.94,3.051e+4,2.272e-13,2.971e+4,1.264e-5,8.310e-12,7.934e+2,
238.97,2.031e+4,2.258e-13,1.993e+4,1.238e-5,8.251e-12,3.798e+2,
238.99,1.448e+4,2.248e-13,1.426e+4,1.138e-5,8.212e-12,2.167e+2,
239.02,7.889e+3,2.234e-13,7.805e+3,9.032e-6,8.152e-12,8.420e+1,
239.04,4.934e+3,2.224e-13,4.892e+3,7.218e-6,8.113e-12,4.219e+1,
239.06,2.943e+3,2.215e-13,2.922e+3,5.454e-6,8.074e-12,2.113e+1,
239.09,1.261e+3,2.200e-13,1.248e+3,3.225e-6,8.015e-12,1.332e+1,
239.11,7.068e+2,2.191e-13,6.842e+2,2.118e-6,7.975e-12,2.268e+1,
239.14,3.596e+2,2.177e-13,2.796e+2,1.015e-6,7.916e-12,7.998e+1,
239.16,3.477e+2,2.167e-13,1.641e+2,5.796e-7,7.877e-12,1.837e+2,
239.19,6.759e+2,2.153e-13,9.576e+1,2.251e-7,7.818e-12,5.801e+2,
239.21,1.258e+3,2.143e-13,9.299e+1,1.117e-7,7.778e-12,1.165e+3,
239.24,3.159e+3,2.129e-13,1.705e+2,3.517e-8,7.719e-12,2.989e+3,
239.26,5.558e+3,2.120e-13,3.355e+2,1.517e-8,7.680e-12,5.223e+3,
239.29,1.187e+4,2.105e-13,1.003e+3,3.871e-9,7.621e-12,1.086e+4,
239.31,1.854e+4,2.096e-13,2.024e+3,1.452e-9,7.581e-12,1.651e+4,
239.34,3.318e+4,2.082e-13,5.316e+3,3.001e-10,7.522e-12,2.786e+4,
239.36,4.631e+4,2.072e-13,9.479e+3,9.784e-11,7.483e-12,3.683e+4,
239.39,7.079e+4,2.058e-13,2.038e+4,1.640e-11,7.424e-12,5.041e+4,
239.41,8.965e+4,2.048e-13,3.169e+4,4.646e-12,7.384e-12,5.796e+4,
239.44,1.198e+5,2.034e-13,5.540e+4,6.309e-13,7.325e-12,6.436e+4,
239.46,1.394e+5,2.024e-13,7.503e+4,1.554e-13,7.286e-12,6.436e+4,
239.49,1.645e+5,2.010e-13,1.066e+5,1.711e-14,7.227e-12,5.796e+4,
239.51,1.760e+5,2.001e-13,1.256e+5,3.663e-15,7.187e-12,5.041e+4,
239.54,1.817e+5,1.986e-13,1.449e+5,3.267e-16,7.128e-12,3.683e+4,
239.56,1.765e+5,1.977e-13,1.487e+5,6.081e-17,7.089e-12,2.786e+4,
239.58,1.642e+5,1.967e-13,1.443e+5,1.070e-17,7.050e-12,1.993e+4,
239.61,1.353e+5,1.953e-13,1.244e+5,7.113e-19,6.990e-12,1.086e+4,
239.63,1.120e+5,1.944e-13,1.052e+5,1.094e-19,6.951e-12,6.761e+3,
239.66,7.700e+4,1.929e-13,7.402e+4,1.660e-20,6.892e-12,2.989e+3,
239.68,5.662e+4,1.920e-13,5.500e+4,7.257e-20,6.853e-12,1.618e+3,
239.71,3.356e+4,1.906e-13,3.298e+4,1.150e-18,6.794e-12,5.801e+2,
239.73,2.377e+4,1.896e-13,2.349e+4,6.766e-18,6.754e-12,2.731e+2,
239.76,1.691e+4,1.882e-13,1.683e+4,8.708e-17,6.695e-12,7.944e+1,
239.78,1.676e+4,1.872e-13,1.673e+4,4.462e-16,6.656e-12,3.253e+1,
239.81,2.143e+4,1.858e-13,2.142e+4,4.666e-15,6.597e-12,7.675e+0,
239.83,2.666e+4,1.848e-13,2.665e+4,2.082e-14,6.557e-12,2.733e+0,
239.86,3.544e+4,1.834e-13,3.544e+4,1.769e-13,6.498e-12,5.231e-1,
239.88,4.056e+4,1.825e-13,4.056e+4,6.871e-13,6.459e-12,1.620e-1,
239.91,4.505e+4,1.810e-13,4.505e+4,4.742e-12,6.400e-12,2.516e-2,
239.93,4.519e+4,1.801e-13,4.519e+4,1.604e-11,6.360e-12,6.778e-3,
239.96,4.106e+4,1.787e-13,4.106e+4,8.994e-11,6.301e-12,8.536e-4,
239.98,3.604e+4,1.777e-13,3.604e+4,2.649e-10,6.262e-12,2.000e-4,
240.01,2.688e+4,1.763e-13,2.688e+4,1.207e-9,6.203e-12,2.043e-5,
240.03,2.076e+4,1.753e-13,2.076e+4,3.094e-9,6.163e-12,4.164e-6,
240.06,1.289e+4,1.739e-13,1.289e+4,1.145e-8,6.104e-12,3.451e-7,
240.08,8.891e+3,1.729e-13,8.891e+3,2.557e-8,6.065e-12,6.117e-8,
240.10,5.922e+3,1.720e-13,5.922e+3,5.400e-8,6.025e-12,1.026e-8,
240.13,3.103e+3,1.706e-13,3.103e+3,1.494e-7,5.966e-12,6.340e-10,
240.15,2.044e+3,1.696e-13,2.044e+3,2.748e-7,5.927e-12,9.244e-11,
240.18,1.281e+3,1.682e-13,1.281e+3,6.179e-7,5.868e-12,4.636e-12,
240.20,1.187e+3,1.672e-13,1.187e+3,9.894e-7,5.828e-12,6.014e-12,
240.23,1.680e+3,1.658e-13,1.680e+3,1.807e-6,5.769e-12,8.082e-12,
240.25,2.609e+3,1.649e-13,2.609e+3,2.520e-6,5.730e-12,9.461e-12,
240.28,5.531e+3,1.634e-13,5.531e+3,3.739e-6,5.671e-12,1.153e-11,
240.30,9.027e+3,1.625e-13,9.027e+3,4.539e-6,5.631e-12,1.291e-11,
240.33,1.758e+4,1.611e-13,1.758e+4,5.472e-6,5.572e-12,1.498e-11,
240.35,2.590e+4,1.601e-13,2.590e+4,5.783e-6,5.533e-12,1.635e-11,
240.38,4.219e+4,1.587e-13,4.219e+4,5.666e-6,5.474e-12,1.842e-11,
240.40,5.476e+4,1.577e-13,5.476e+4,5.215e-6,5.435e-12,1.980e-11,
240.43,7.350e+4,1.563e-13,7.350e+4,4.155e-6,5.375e-12,2.187e-11,
240.45,8.388e+4,1.553e-13,8.388e+4,3.336e-6,5.336e-12,2.325e-11,
240.48,9.314e+4,1.539e-13,9.314e+4,2.175e-6,5.277e-12,2.531e-11,
240.50,9.420e+4,1.530e-13,9.420e+4,1.538e-6,5.238e-12,2.669e-11,
240.53,8.870e+4,1.515e-13,8.870e+4,8.537e-7,5.178e-12,2.876e-11,
240.55,8.179e+4,1.506e-13,8.179e+4,5.657e-7,5.139e-12,3.014e-11,
240.57,7.382e+4,1.496e-13,7.382e+4,3.840e-7,5.100e-12,3.152e-11,
240.60,6.238e+4,1.482e-13,6.238e+4,2.450e-7,5.041e-12,3.359e-11,
240.62,5.598e+4,1.473e-13,5.598e+4,2.029e-7,5.001e-12,3.497e-11,
240.65,4.819e+4,1.458e-13,4.819e+4,1.693e-7,4.942e-12,3.703e-11,
240.67,4.358e+4,1.449e-13,4.358e+4,1.514e-7,4.903e-12,3.841e-11,
240.70,3.644e+4,1.434e-13,3.644e+4,1.213e-7,4.844e-12,4.048e-11,
240.72,3.125e+4,1.425e-13,3.125e+4,9.913e-8,4.804e-12,4.186e-11,
240.75,2.313e+4,1.411e-13,2.313e+4,6.653e-8,4.745e-12,4.393e-11,
240.77,1.800e+4,1.401e-13,1.800e+4,4.769e-8,4.706e-12,4.531e-11,
240.80,1.170e+4,1.387e-13,1.170e+4,2.613e-8,4.647e-12,4.737e-11,
240.82,8.879e+3,1.377e-13,8.879e+3,1.633e-8,4.607e-12,4.875e-11,
240.85,7.257e+3,1.363e-13,7.257e+3,7.279e-9,4.548e-12,5.082e-11,
240.87,8.146e+3,1.354e-13,8.146e+3,3.963e-9,4.509e-12,5.220e-11,
240.90,1.276e+4,1.339e-13,1.276e+4,1.436e-9,4.450e-12,5.427e-11,
240.92,1.813e+4,1.330e-13,1.813e+4,6.809e-10,4.410e-12,3.696e-10,
240.95,2.939e+4,1.316e-13,2.939e+4,2.005e-10,4.351e-12,5.928e-9,
240.97,3.846e+4,1.306e-13,3.846e+4,8.282e-11,4.312e-12,3.521e-8,
241.00,5.254e+4,1.292e-13,5.254e+4,1.982e-11,4.253e-12,4.598e-7,
241.02,6.080e+4,1.282e-13,6.080e+4,7.131e-12,4.213e-12,2.381e-6,
241.05,6.896e+4,1.268e-13,6.896e+4,1.387e-12,4.154e-12,2.532e-5,
241.07,7.058e+4,1.258e-13,7.058e+4,4.347e-13,4.115e-12,1.143e-4,
241.09,6.887e+4,1.249e-13,6.887e+4,1.289e-13,4.076e-12,4.886e-4,
241.12,6.100e+4,1.235e-13,6.100e+4,1.876e-14,4.016e-12,3.896e-3,
241.14,5.347e+4,1.225e-13,5.347e+4,4.845e-15,3.977e-12,1.452e-2,
241.17,4.147e+4,1.211e-13,4.147e+4,5.733e-16,3.918e-12,9.426e-2,
241.19,3.445e+4,1.201e-13,3.445e+4,1.289e-16,3.879e-12,3.063e-1,
241.22,2.698e+4,1.187e-13,2.698e+4,1.240e-17,3.819e-12,1.619e+0,
241.24,2.426e+4,1.178e-13,2.426e+4,2.429e-18,2.588e-11,4.588e+0,
241.27,2.289e+4,1.163e-13,2.287e+4,1.899e-19,4.122e-10,1.975e+1,
241.29,2.296e+4,1.154e-13,2.291e+4,3.240e-20,2.436e-9,4.878e+1,
241.32,2.310e+4,1.139e-13,2.292e+4,2.059e-21,3.160e-8,1.709e+2,
241.34,2.259e+4,1.130e-13,2.222e+4,3.060e-22,1.629e-7,3.682e+2,
241.37,2.070e+4,1.116e-13,1.965e+4,1.580e-23,1.722e-6,1.051e+3,
241.39,1.904e+4,1.106e-13,1.706e+4,3.911e-23,7.744e-6,1.973e+3,
241.42,1.716e+4,1.092e-13,1.257e+4,7.408e-23,6.666e-5,4.584e+3,
241.44,1.715e+4,1.082e-13,9.640e+3,9.739e-23,2.615e-4,7.507e+3,
241.47,2.013e+4,1.068e-13,5.930e+3,1.324e-22,1.834e-3,1.420e+4,
241.49,2.436e+4,1.059e-13,4.081e+3,1.557e-22,6.274e-3,2.027e+4,
241.52,3.345e+4,1.044e-13,2.230e+3,1.906e-22,3.584e-2,3.122e+4,
241.54,4.037e+4,1.035e-13,1.500e+3,2.140e-22,1.070e-1,3.887e+4,
241.57,4.966e+4,1.021e-13,9.261e+2,2.489e-22,4.978e-1,4.874e+4,
241.59,5.369e+4,1.011e-13,7.721e+2,2.722e-22,1.296e+0,5.291e+4,
241.61,5.512e+4,1.002e-13,7.355e+2,2.955e-22,3.194e+0,5.438e+4,
241.64,5.197e+4,9.872e-14,8.313e+2,3.305e-22,1.116e+1,5.113e+4,
241.66,4.682e+4,9.777e-14,9.699e+2,3.538e-22,2.398e+1,4.582e+4,
241.69,3.640e+4,9.634e-14,1.257e+3,3.888e-22,6.824e+1,3.508e+4,
241.71,2.901e+4,9.539e-14,1.477e+3,4.121e-22,1.280e+2,2.741e+4,
241.74,1.917e+4,9.397e-14,1.789e+3,4.471e-22,2.966e+2,1.708e+4,
241.76,1.407e+4,9.301e-14,1.942e+3,4.704e-22,4.851e+2,1.164e+4,
241.79,8.850e+3,9.159e-14,2.028e+3,5.054e-22,9.159e+2,5.906e+3,
241.81,6.786e+3,9.064e-14,1.970e+3,5.287e-22,1.307e+3,3.509e+3,
241.84,5.185e+3,8.921e-14,1.726e+3,5.636e-22,2.010e+3,1.450e+3,
241.86,4.741e+3,8.826e-14,1.489e+3,5.869e-22,2.501e+3,7.509e+2,
241.89,4.483e+3,8.683e-14,1.096e+3,6.219e-22,3.134e+3,2.526e+2,
241.91,4.365e+3,8.588e-14,8.495e+2,6.452e-22,3.402e+3,1.141e+2,
241.94,4.050e+3,8.445e-14,5.462e+2,6.802e-22,3.472e+3,3.125e+1,
241.96,3.698e+3,8.350e-14,3.978e+2,7.035e-22,3.287e+3,1.231e+1,
241.99,2.986e+3,8.207e-14,2.493e+2,7.385e-22,2.734e+3,2.744e+0,
242.01,2.448e+3,8.112e-14,1.896e+2,7.618e-22,2.257e+3,9.424e-1,
242.04,1.673e+3,7.969e-14,1.432e+2,7.968e-22,1.529e+3,1.711e-1,
242.06,1.238e+3,7.874e-14,1.368e+2,8.201e-22,1.101e+3,5.123e-2,
242.08,9.025e+2,7.779e-14,1.512e+2,8.434e-22,7.512e+2,1.452e-2,
242.11,6.057e+2,7.636e-14,2.238e+2,8.783e-22,3.819e+2,1.977e-3,
242.13,5.451e+2,7.541e-14,3.179e+2,9.017e-22,2.272e+2,4.886e-4,
242.16,6.476e+2,7.398e-14,5.536e+2,9.366e-22,9.408e+1,5.416e-5,
242.18,8.395e+2,7.303e-14,7.907e+2,9.599e-22,4.882e+1,1.167e-5,
242.21,1.315e+3,7.160e-14,1.299e+3,9.949e-22,1.647e+1,1.054e-6,
242.23,1.766e+3,7.065e-14,1.758e+3,1.018e-21,7.454e+0,1.979e-7,
242.26,2.660e+3,6.922e-14,2.658e+3,1.053e-21,2.049e+0,1.455e-8,
242.28,3.402e+3,6.827e-14,3.401e+3,1.076e-21,8.087e-1,2.383e-9,
242.31,4.684e+3,6.685e-14,4.684e+3,1.111e-21,1.811e-1,1.426e-10,
242.33,5.581e+3,6.589e-14,5.581e+3,1.135e-21,6.235e-2,2.037e-11,
242.36,6.794e+3,6.447e-14,6.794e+3,1.170e-21,1.137e-2,1.837e-11,
242.38,7.376e+3,6.352e-14,7.376e+3,1.193e-21,3.415e-3,1.703e-11,
242.41,7.703e+3,6.209e-14,7.703e+3,1.228e-21,5.074e-4,1.503e-11,
242.43,7.503e+3,6.114e-14,7.503e+3,1.251e-21,1.329e-4,1.369e-11,
242.46,6.629e+3,5.971e-14,6.629e+3,1.286e-21,1.609e-5,1.169e-11,
242.48,5.774e+3,5.876e-14,5.774e+3,1.310e-21,3.677e-6,1.036e-11,
242.51,4.338e+3,5.733e-14,4.338e+3,1.345e-21,3.625e-7,8.354e-12,
242.53,3.419e+3,5.638e-14,3.419e+3,1.368e-21,7.225e-8,7.019e-12,
242.56,2.260e+3,5.495e-14,2.260e+3,1.403e-21,5.803e-9,5.016e-12,
242.58,1.675e+3,5.400e-14,1.675e+3,1.426e-21,1.009e-9,3.681e-12,
242.60,1.244e+3,5.305e-14,1.244e+3,1.449e-21,1.661e-10,2.346e-12,
242.63,8.567e+2,5.162e-14,8.567e+2,1.484e-21,1.001e-11,3.430e-13,
242.65,7.512e+2,5.067e-14,7.512e+2,1.508e-21,1.001e-11,2.399e-12,
242.68,7.983e+2,4.924e-14,7.983e+2,1.543e-21,9.998e-12,4.012e-11,
242.70,9.600e+2,4.829e-14,9.600e+2,1.566e-21,9.992e-12,2.452e-10,
242.73,1.387e+3,4.686e-14,1.387e+3,1.601e-21,9.984e-12,3.347e-9,
242.75,1.779e+3,4.591e-14,1.779e+3,1.624e-21,9.979e-12,1.787e-8,
242.78,2.480e+3,4.448e-14,2.480e+3,1.659e-21,9.971e-12,1.992e-7,
242.80,2.986e+3,4.353e-14,2.986e+3,1.683e-21,9.965e-12,9.292e-7,
242.83,3.738e+3,4.210e-14,3.738e+3,1.718e-21,9.957e-12,8.459e-6,
242.85,4.209e+3,4.115e-14,4.209e+3,1.741e-21,9.952e-12,3.447e-5,
242.88,4.853e+3,3.973e-14,4.853e+3,1.776e-21,9.944e-12,2.562e-4,
242.90,5.235e+3,3.877e-14,5.235e+3,1.799e-21,9.938e-12,9.123e-4,
242.93,5.717e+3,3.735e-14,5.717e+3,1.834e-21,9.930e-12,5.538e-3,
242.95,5.945e+3,3.640e-14,5.945e+3,1.857e-21,9.925e-12,1.722e-2,
242.98,6.067e+3,3.497e-14,6.066e+3,1.892e-21,9.917e-12,8.537e-2,
243.00,5.961e+3,3.402e-14,5.961e+3,1.916e-21,9.912e-12,2.320e-1,
243.03,5.517e+3,3.259e-14,5.516e+3,1.951e-21,9.903e-12,9.390e-1,
243.05,5.082e+3,3.164e-14,5.080e+3,1.974e-21,9.898e-12,2.229e+0,
243.08,4.398e+3,3.021e-14,4.390e+3,2.009e-21,9.890e-12,7.368e+0,
243.10,4.042e+3,2.155e-13,4.026e+3,2.032e-21,9.885e-12,1.528e+1,
243.12,3.849e+3,1.457e-12,3.819e+3,2.056e-21,9.879e-12,3.002e+1,
243.15,3.945e+3,2.314e-11,3.870e+3,2.091e-21,9.871e-12,7.472e+1,
243.17,4.252e+3,1.367e-10,4.124e+3,2.114e-21,9.866e-12,1.283e+2,
243.20,4.952e+3,1.775e-9,4.691e+3,2.149e-21,9.858e-12,2.607e+2,
243.22,5.468e+3,9.167e-9,5.077e+3,2.172e-21,9.852e-12,3.910e+2,
243.25,6.137e+3,9.726e-8,5.489e+3,2.207e-21,9.844e-12,6.488e+2,
243.27,6.441e+3,4.391e-7,5.591e+3,2.230e-21,9.839e-12,8.501e+2,
243.30,6.647e+3,3.807e-6,5.495e+3,2.265e-21,9.831e-12,1.152e+3,
243.32,6.645e+3,1.502e-5,5.326e+3,2.289e-21,9.825e-12,1.319e+3,
243.35,6.527e+3,1.064e-4,5.068e+3,2.324e-21,9.817e-12,1.459e+3,
243.37,6.428e+3,3.671e-4,4.969e+3,2.347e-21,9.812e-12,1.459e+3,
243.40,6.302e+3,2.126e-3,4.983e+3,2.382e-21,9.804e-12,1.319e+3,
243.42,6.224e+3,6.412e-3,5.069e+3,2.405e-21,9.798e-12,1.154e+3,
243.45,6.045e+3,3.036e-2,5.185e+3,2.440e-21,9.790e-12,8.595e+2,
243.47,5.834e+3,8.007e-2,5.162e+3,2.464e-21,9.785e-12,6.717e+2,
243.50,5.340e+3,3.102e-1,4.870e+3,2.499e-21,9.777e-12,4.693e+2,
243.52,4.921e+3,7.159e-1,4.493e+3,2.522e-21,9.771e-12,4.272e+2,
243.55,4.328e+3,2.274e+0,3.731e+3,2.557e-21,9.763e-12,5.946e+2,
243.57,4.116e+3,4.603e+0,3.171e+3,2.580e-21,9.758e-12,9.408e+2,
243.60,4.412e+3,1.205e+1,2.388e+3,2.615e-21,9.750e-12,2.012e+3,
243.62,5.215e+3,2.152e+1,1.960e+3,2.638e-21,9.744e-12,3.233e+3,
243.64,6.621e+3,3.667e+1,1.627e+3,2.662e-21,9.739e-12,4.957e+3,
243.67,9.916e+3,7.520e+1,1.300e+3,2.697e-21,9.731e-12,8.540e+3,
243.69,1.278e+4,1.157e+2,1.182e+3,2.720e-21,9.725e-12,1.148e+4,
243.72,1.753e+4,2.083e+2,1.141e+3,2.755e-21,9.717e-12,1.618e+4,
243.74,2.053e+4,2.991e+2,1.212e+3,2.778e-21,9.712e-12,1.902e+4,
243.77,2.392e+4,4.987e+2,1.510e+3,2.813e-21,9.704e-12,2.191e+4,
243.79,2.506e+4,6.892e+2,1.862e+3,2.837e-21,9.698e-12,2.250e+4,
243.82,2.490e+4,1.088e+3,2.631e+3,2.872e-21,9.690e-12,2.118e+4,
243.84,2.373e+4,1.439e+3,3.270e+3,2.895e-21,9.685e-12,1.902e+4,
243.87,2.098e+4,2.075e+3,4.280e+3,2.930e-21,9.677e-12,1.463e+4,
243.89,1.889e+4,2.534e+3,4.870e+3,2.953e-21,9.672e-12,1.148e+4,
243.92,1.581e+4,3.165e+3,5.430e+3,2.988e-21,9.663e-12,7.216e+3,
243.94,1.393e+4,3.469e+3,5.508e+3,3.011e-21,9.658e-12,4.950e+3,
243.97,1.134e+4,3.636e+3,5.157e+3,3.046e-21,9.650e-12,2.542e+3,
243.99,9.720e+3,3.529e+3,4.667e+3,3.070e-21,9.645e-12,1.524e+3,
244.02,7.439e+3,3.086e+3,3.714e+3,3.105e-21,9.636e-12,6.398e+2,
244.04,6.050e+3,2.676e+3,3.039e+3,2.069e-20,9.631e-12,3.353e+2,
244.07,4.284e+3,2.058e+3,2.111e+3,3.219e-19,9.623e-12,1.150e+2,
244.09,3.386e+3,1.736e+3,1.597e+3,1.877e-18,9.618e-12,5.268e+1,
244.11,2.743e+3,1.541e+3,1.180e+3,1.037e-17,9.612e-12,2.287e+1,
244.14,2.255e+3,1.522e+3,7.272e+2,1.219e-16,9.604e-12,5.911e+0,
244.16,2.206e+3,1.675e+3,5.287e+2,5.896e-16,9.599e-12,2.243e+0,
244.19,2.430e+3,2.062e+3,3.683e+2,5.672e-15,9.591e-12,4.738e-1,
244.21,2.698e+3,2.344e+3,3.539e+2,2.400e-14,9.585e-12,1.571e-1,
244.24,3.168e+3,2.668e+3,5.003e+2,1.890e-13,9.577e-12,2.712e-2,
244.26,3.499e+3,2.755e+3,7.437e+2,6.996e-13,9.572e-12,7.862e-3,
244.29,4.053e+3,2.651e+3,1.402e+3,4.509e-12,9.564e-12,1.109e-3,
244.31,4.514e+3,2.439e+3,2.075e+3,1.461e-11,9.558e-12,2.810e-4,
244.34,5.438e+3,1.984e+3,3.454e+3,7.703e-11,9.550e-12,3.239e-5,
244.36,6.224e+3,1.645e+3,4.579e+3,2.183e-10,9.545e-12,7.173e-6,
244.39,7.576e+3,1.163e+3,6.413e+3,9.425e-10,9.537e-12,6.757e-7,
244.41,8.481e+3,8.881e+2,7.593e+3,2.337e-9,9.531e-12,1.308e-7,
244.44,9.613e+3,5.647e+2,9.048e+3,8.258e-9,9.523e-12,1.007e-8,
244.46,1.010e+4,4.054e+2,9.699e+3,1.792e-8,9.518e-12,1.703e-9,
244.49,1.035e+4,2.357e+2,1.012e+4,5.182e-8,9.510e-12,1.071e-10,
244.51,1.020e+4,1.588e+2,1.004e+4,9.838e-8,9.504e-12,1.584e-11,
244.54,9.596e+3,8.286e+1,9.513e+3,2.328e-7,9.496e-12,1.578e-11,
244.56,9.013e+3,5.133e+1,8.962e+3,3.868e-7,9.491e-12,1.574e-11,
244.59,7.987e+3,2.318e+1,7.964e+3,7.492e-7,9.483e-12,1.567e-11,
244.61,7.261e+3,1.291e+1,7.248e+3,1.089e-6,9.477e-12,1.563e-11,
244.63,6.536e+3,6.856e+0,6.529e+3,1.500e-6,9.472e-12,1.559e-11,
244.66,5.509e+3,2.421e+0,5.506e+3,2.196e-6,9.464e-12,1.552e-11,
244.68,4.887e+3,1.135e+0,4.886e+3,2.647e-6,9.458e-12,1.548e-11,
244.71,4.066e+3,3.310e-1,4.066e+3,3.170e-6,9.450e-12,1.542e-11,
244.73,3.586e+3,1.363e-1,3.586e+3,3.344e-6,9.445e-12,1.537e-11,
244.76,2.942e+3,3.264e-2,2.942e+3,3.278e-6,9.437e-12,1.531e-11,
244.78,2.547e+3,1.178e-2,2.547e+3,3.025e-6,9.432e-12,1.527e-11,
244.81,2.003e+3,2.313e-3,2.003e+3,2.427e-6,9.423e-12,1.520e-11,
244.83,1.680e+3,7.404e-4,1.680e+3,1.960e-6,9.418e-12,1.516e-11,
244.86,1.286e+3,1.965e-4,1.286e+3,1.287e-6,9.410e-12,1.509e-11,
244.88,1.100e+3,3.172e-4,1.100e+3,9.093e-7,9.405e-12,1.505e-11,
244.91,9.476e+2,1.759e-3,9.476e+2,4.886e-7,9.396e-12,1.499e-11,
244.93,9.210e+2,5.518e-3,9.210e+2,3.021e-7,9.391e-12,1.494e-11,
244.96,9.527e+2,2.785e-2,9.527e+2,1.329e-7,9.383e-12,1.488e-11,
244.98,9.904e+2,7.669e-2,9.903e+2,7.188e-8,9.378e-12,1.484e-11,
245.01,1.022e+3,3.172e-1,1.022e+3,2.587e-8,9.369e-12,1.477e-11,
245.03,1.007e+3,7.650e-1,1.007e+3,1.225e-8,9.364e-12,1.473e-11,
245.06,9.252e+2,2.593e+0,9.226e+2,3.608e-9,9.356e-12,1.467e-11,
245.08,8.386e+2,5.477e+0,8.331e+2,1.494e-9,9.351e-12,1.462e-11,
245.11,6.897e+2,1.522e+1,6.744e+2,3.603e-10,9.343e-12,1.456e-11,
245.13,5.974e+2,2.814e+1,5.693e+2,1.306e-10,9.337e-12,1.452e-11,
245.15,5.259e+2,4.935e+1,4.766e+2,4.485e-11,9.332e-12,1.447e-11,
245.18,4.813e+2,1.038e+2,3.776e+2,8.169e-12,9.324e-12,1.441e-11,
245.20,5.057e+2,1.593e+2,3.464e+2,2.455e-12,9.318e-12,1.437e-11,
245.23,6.356e+2,2.746e+2,3.610e+2,3.660e-13,9.310e-12,1.430e-11,
245.25,7.840e+2,3.693e+2,4.147e+2,9.627e-14,9.305e-12,1.426e-11,
245.28,1.082e+3,5.214e+2,5.610e+2,1.175e-14,9.297e-12,1.420e-11,
245.30,1.312e+3,6.142e+2,6.977e+2,2.703e-15,9.291e-12,1.415e-11,
245.33,1.654e+3,7.108e+2,9.436e+2,2.699e-16,9.283e-12,1.409e-11,
245.35,1.851e+3,7.333e+2,1.118e+3,5.434e-17,9.278e-12,1.405e-11,
245.38,2.055e+3,6.956e+2,1.359e+3,4.442e-18,9.270e-12,1.398e-11,
245.40,2.112e+3,6.288e+2,1.483e+3,7.825e-19,9.264e-12,1.394e-11,
245.43,2.071e+3,4.903e+2,1.581e+3,5.234e-20,9.256e-12,1.387e-11,
245.45,1.969e+3,3.909e+2,1.579e+3,8.068e-21,9.251e-12,1.383e-11,
245.48,1.739e+3,2.607e+2,1.478e+3,8.052e-21,9.243e-12,1.377e-11,
245.50,1.562e+3,2.003e+2,1.362e+3,8.042e-21,9.237e-12,1.372e-11,
245.53,1.321e+3,1.678e+2,1.153e+3,8.026e-21,9.229e-12,1.366e-11,
245.55,1.209e+3,1.951e+2,1.014e+3,8.015e-21,9.224e-12,1.362e-11,
245.58,1.169e+3,3.292e+2,8.397e+2,8.000e-21,9.216e-12,1.355e-11,
245.60,1.250e+3,4.924e+2,7.579e+2,7.989e-21,9.210e-12,1.351e-11,
245.63,1.559e+3,8.586e+2,7.007e+2,7.974e-21,9.202e-12,1.345e-11,
245.65,1.891e+3,1.176e+3,7.153e+2,7.963e-21,9.197e-12,1.340e-11,
245.67,2.315e+3,1.531e+3,7.843e+2,7.953e-21,9.192e-12,1.336e-11,
245.70,3.088e+3,2.062e+3,1.026e+3,7.937e-21,9.183e-12,1.330e-11,
245.72,3.661e+3,2.353e+3,1.308e+3,7.926e-21,9.178e-12,1.325e-11,
245.75,4.547e+3,2.599e+3,1.948e+3,7.911e-21,9.170e-12,1.319e-11,
245.77,5.115e+3,2.599e+3,2.516e+3,7.900e-21,9.165e-12,1.315e-11,
245.80,5.860e+3,2.353e+3,3.506e+3,7.885e-21,9.156e-12,1.308e-11,
245.82,6.236e+3,2.061e+3,4.174e+3,7.874e-21,9.151e-12,1.304e-11,
245.85,6.531e+3,1.530e+3,5.001e+3,7.858e-21,9.143e-12,1.298e-11,
245.87,6.511e+3,1.174e+3,5.336e+3,7.848e-21,9.138e-12,1.293e-11,
245.90,6.150e+3,7.166e+2,5.433e+3,7.832e-21,9.129e-12,1.287e-11,
245.92,5.737e+3,4.855e+2,5.251e+3,7.822e-21,9.124e-12,1.283e-11,
245.95,5.030e+3,2.579e+2,4.772e+3,7.806e-21,9.116e-12,1.276e-11,
245.97,4.631e+3,1.802e+2,4.451e+3,7.796e-21,9.111e-12,1.272e-11,
246.00,4.357e+3,1.692e+2,4.188e+3,7.780e-21,9.103e-12,1.265e-11,
246.02,4.486e+3,2.398e+2,4.246e+3,7.769e-21,9.097e-12,1.261e-11,
246.05,5.215e+3,5.041e+2,4.711e+3,7.754e-21,9.089e-12,1.255e-11,
246.07,6.046e+3,8.246e+2,5.221e+3,7.743e-21,9.084e-12,1.250e-11,
246.10,7.696e+3,1.595e+3,6.101e+3,7.727e-21,9.076e-12,1.244e-11,
246.12,8.959e+3,2.329e+3,6.630e+3,7.717e-21,9.070e-12,1.240e-11,
246.14,1.025e+4,3.233e+3,7.013e+3,7.706e-21,9.065e-12,1.235e-11,
246.17,1.200e+4,4.807e+3,7.189e+3,7.691e-21,9.057e-12,1.229e-11,
246.19,1.290e+4,5.874e+3,7.021e+3,7.680e-21,9.051e-12,1.225e-11,
246.22,1.364e+4,7.216e+3,6.425e+3,7.665e-21,9.043e-12,1.218e-11,
246.24,1.367e+4,7.772e+3,5.899e+3,7.654e-21,9.038e-12,1.214e-11,
246.27,1.303e+4,7.918e+3,5.117e+3,7.638e-21,9.030e-12,1.208e-11,
246.29,1.225e+4,7.552e+3,4.696e+3,7.628e-21,9.024e-12,1.203e-11,
246.32,1.078e+4,6.474e+3,4.303e+3,7.612e-21,9.016e-12,1.197e-11,
246.34,9.774e+3,5.572e+3,4.203e+3,7.602e-21,9.011e-12,1.193e-11,
246.37,8.492e+3,4.246e+3,4.246e+3,7.586e-21,9.003e-12,1.186e-11,
246.39,7.878e+3,3.516e+3,4.362e+3,7.576e-21,8.997e-12,1.182e-11,
246.42,7.359e+3,2.760e+3,4.599e+3,7.560e-21,8.989e-12,1.176e-11,
246.44,7.241e+3,2.470e+3,4.771e+3,7.549e-21,8.984e-12,1.171e-11,
246.47,7.267e+3,2.248e+3,5.019e+3,7.534e-21,8.976e-12,1.165e-11,
246.49,7.326e+3,2.159e+3,5.167e+3,7.523e-21,8.970e-12,1.161e-11,
246.52,7.352e+3,1.997e+3,5.355e+3,7.508e-21,8.962e-12,1.154e-11,
246.54,7.287e+3,1.832e+3,5.455e+3,7.497e-21,8.957e-12,1.150e-11,
246.57,7.054e+3,1.494e+3,5.560e+3,7.481e-21,8.949e-12,1.143e-11,
246.59,6.821e+3,1.233e+3,5.588e+3,7.471e-21,8.943e-12,1.139e-11,
246.62,6.377e+3,8.491e+2,5.528e+3,7.455e-21,8.935e-12,1.133e-11,
246.64,6.020e+3,6.312e+2,5.389e+3,7.445e-21,8.930e-12,1.128e-11,
246.66,5.612e+3,4.620e+2,5.150e+3,7.434e-21,8.925e-12,1.124e-11,
246.69,4.911e+3,3.155e+2,4.595e+3,7.419e-21,8.916e-12,1.118e-11,
246.71,4.406e+3,2.918e+2,4.114e+3,7.408e-21,8.911e-12,1.113e-11,
246.74,3.672e+3,3.616e+2,3.311e+3,7.392e-21,8.903e-12,1.107e-11,
246.76,3.257e+3,4.704e+2,2.787e+3,7.382e-21,8.898e-12,1.103e-11,
246.79,2.833e+3,7.030e+2,2.130e+3,7.366e-21,8.889e-12,1.096e-11,
246.81,2.707e+3,8.819e+2,1.825e+3,7.356e-21,8.884e-12,1.092e-11,
246.84,2.739e+3,1.134e+3,1.605e+3,7.340e-21,8.876e-12,1.086e-11,
246.86,2.873e+3,1.259e+3,1.614e+3,7.330e-21,8.871e-12,1.081e-11,
246.89,3.168e+3,1.336e+3,1.833e+3,7.314e-21,8.863e-12,1.075e-11,
246.91,3.389e+3,1.302e+3,2.087e+3,7.303e-21,8.857e-12,1.071e-11,
246.94,3.713e+3,1.140e+3,2.573e+3,7.288e-21,8.849e-12,1.064e-11,
246.96,3.913e+3,9.846e+2,2.928e+3,7.277e-21,8.844e-12,1.060e-11,
246.99,4.179e+3,7.461e+2,3.433e+3,7.261e-21,8.836e-12,1.054e-11,
247.01,4.330e+3,6.281e+2,3.701e+3,7.251e-21,8.830e-12,1.049e-11,
247.04,4.525e+3,5.950e+2,3.930e+3,7.235e-21,8.822e-12,1.043e-11,
247.06,4.662e+3,7.243e+2,3.938e+3,7.225e-21,8.817e-12,1.039e-11,
247.09,4.998e+3,1.258e+3,3.741e+3,7.209e-21,8.809e-12,1.032e-11,
247.11,5.416e+3,1.912e+3,3.504e+3,7.199e-21,8.803e-12,1.028e-11,
247.14,6.539e+3,3.444e+3,3.096e+3,7.183e-21,8.795e-12,1.021e-11,
247.16,7.698e+3,4.847e+3,2.851e+3,7.172e-21,8.790e-12,1.017e-11,
247.18,9.176e+3,6.508e+3,2.668e+3,7.162e-21,8.784e-12,1.013e-11,
247.21,1.177e+4,9.235e+3,2.537e+3,7.146e-21,8.776e-12,1.006e-11,
247.23,1.349e+4,1.096e+4,2.533e+3,7.136e-21,8.771e-12,1.002e-11,
247.26,1.550e+4,1.290e+4,2.595e+3,7.120e-21,8.763e-12,9.957e-12,
247.28,1.616e+4,1.353e+4,2.638e+3,7.110e-21,8.757e-12,9.914e-12,
247.31,1.592e+4,1.326e+4,2.653e+3,7.094e-21,8.749e-12,9.850e-12,
247.33,1.498e+4,1.236e+4,2.618e+3,7.083e-21,8.744e-12,9.807e-12,
247.36,1.279e+4,1.028e+4,2.515e+3,7.068e-21,8.736e-12,9.743e-12,
247.38,1.113e+4,8.701e+3,2.433e+3,7.057e-21,8.730e-12,9.700e-12,
247.41,8.805e+3,6.482e+3,2.323e+3,7.042e-21,8.722e-12,9.636e-12,
247.43,7.522e+3,5.258e+3,2.264e+3,7.031e-21,8.717e-12,9.593e-12,
247.46,6.058e+3,3.872e+3,2.186e+3,7.015e-21,8.709e-12,9.529e-12,
247.48,5.326e+3,3.205e+3,2.121e+3,7.005e-21,8.703e-12,9.486e-12,
247.51,4.440e+3,2.460e+3,1.980e+3,6.989e-21,8.695e-12,9.422e-12,
247.53,3.919e+3,2.069e+3,1.850e+3,6.979e-21,8.690e-12,9.379e-12,
247.56,3.196e+3,1.579e+3,1.617e+3,6.963e-21,8.682e-12,9.315e-12,
247.58,2.762e+3,1.308e+3,1.454e+3,6.953e-21,8.676e-12,9.272e-12,
247.61,2.224e+3,9.849e+2,1.239e+3,6.937e-21,8.668e-12,9.208e-12,
247.63,1.957e+3,8.242e+2,1.132e+3,6.926e-21,8.663e-12,9.165e-12,
247.65,1.767e+3,7.023e+2,1.065e+3,6.916e-21,8.658e-12,9.122e-12,
247.68,1.625e+3,5.804e+2,1.044e+3,6.900e-21,8.649e-12,9.058e-12,
247.70,1.623e+3,5.386e+2,1.085e+3,6.890e-21,8.644e-12,9.015e-12,
247.73,1.781e+3,5.610e+2,1.220e+3,6.874e-21,8.636e-12,8.951e-12,
247.75,2.022e+3,6.699e+2,1.352e+3,6.864e-21,8.631e-12,8.908e-12,
247.78,2.671e+3,1.077e+3,1.594e+3,6.848e-21,8.623e-12,8.844e-12,
247.80,3.356e+3,1.584e+3,1.772e+3,6.837e-21,8.617e-12,8.801e-12,
247.83,4.858e+3,2.809e+3,2.049e+3,6.822e-21,8.609e-12,8.737e-12,
247.85,6.200e+3,3.963e+3,2.237e+3,6.811e-21,8.604e-12,8.694e-12,
247.88,8.651e+3,6.112e+3,2.538e+3,6.795e-21,8.596e-12,8.630e-12,
247.90,1.044e+4,7.677e+3,2.763e+3,6.785e-21,8.590e-12,8.587e-12,
247.93,1.297e+4,9.828e+3,3.144e+3,6.769e-21,8.582e-12,8.523e-12,
247.95,1.428e+4,1.087e+4,3.414e+3,6.759e-21,8.577e-12,8.480e-12,
247.98,1.528e+4,1.149e+4,3.792e+3,6.743e-21,8.569e-12,8.416e-12,
248.00,1.519e+4,1.120e+4,3.989e+3,6.733e-21,8.563e-12,8.373e-12,
248.03,1.406e+4,9.893e+3,4.166e+3,6.717e-21,8.555e-12,8.309e-12,
248.05,1.294e+4,8.720e+3,4.216e+3,6.706e-21,8.550e-12,8.266e-12,
248.08,1.147e+4,7.208e+3,4.266e+3,6.691e-21,8.542e-12,8.202e-12,
248.10,1.120e+4,6.857e+3,4.343e+3,6.680e-21,8.536e-12,8.159e-12,
248.13,1.283e+4,8.230e+3,4.597e+3,6.665e-21,8.528e-12,8.095e-12,
248.15,1.580e+4,1.094e+4,4.861e+3,6.654e-21,8.523e-12,8.052e-12,
248.17,2.061e+4,1.544e+4,5.167e+3,6.644e-21,8.517e-12,8.009e-12,
248.20,3.144e+4,2.586e+4,5.583e+3,6.628e-21,8.509e-12,7.945e-12,
248.22,4.080e+4,3.505e+4,5.748e+3,6.617e-21,8.504e-12,7.902e-12,
248.25,5.658e+4,5.085e+4,5.724e+3,6.602e-21,8.496e-12,7.838e-12,
248.27,6.685e+4,6.133e+4,5.518e+3,6.591e-21,8.490e-12,7.795e-12,
248.30,7.902e+4,7.404e+4,4.984e+3,6.576e-21,8.482e-12,7.731e-12,
248.32,8.346e+4,7.891e+4,4.544e+3,6.565e-21,8.477e-12,7.688e-12,
248.35,8.311e+4,7.924e+4,3.872e+3,6.549e-21,8.469e-12,7.624e-12,
248.37,7.828e+4,7.482e+4,3.460e+3,6.539e-21,8.463e-12,7.581e-12,
248.40,6.580e+4,6.287e+4,2.929e+3,6.523e-21,8.455e-12,7.517e-12,
248.42,5.550e+4,5.287e+4,2.632e+3,6.513e-21,8.450e-12,7.474e-12,
248.45,3.981e+4,3.754e+4,2.271e+3,6.497e-21,8.442e-12,7.410e-12,
248.47,3.045e+4,2.836e+4,2.096e+3,6.487e-21,8.436e-12,7.367e-12,
248.50,1.932e+4,1.736e+4,1.961e+3,6.471e-21,8.428e-12,7.303e-12,
248.52,1.407e+4,1.210e+4,1.973e+3,6.460e-21,8.423e-12,7.260e-12,
248.55,9.266e+3,7.131e+3,2.135e+3,6.445e-21,8.415e-12,7.196e-12,
248.57,7.855e+3,5.548e+3,2.308e+3,6.434e-21,8.409e-12,7.153e-12,
248.60,8.040e+3,5.472e+3,2.568e+3,6.418e-21,8.401e-12,7.088e-12,
248.62,9.582e+3,6.904e+3,2.679e+3,6.408e-21,8.396e-12,7.046e-12,
248.65,1.402e+4,1.135e+4,2.666e+3,6.392e-21,8.388e-12,6.981e-12,
248.67,1.841e+4,1.588e+4,2.524e+3,6.382e-21,8.383e-12,6.939e-12,
248.69,2.386e+4,2.156e+4,2.295e+3,6.371e-21,8.377e-12,6.896e-12,
248.72,3.345e+4,3.158e+4,1.876e+3,6.356e-21,8.369e-12,6.832e-12,
248.74,4.010e+4,3.847e+4,1.622e+3,6.345e-21,8.364e-12,6.789e-12,
248.77,4.880e+4,4.739e+4,1.416e+3,6.329e-21,8.356e-12,6.725e-12,
248.79,5.284e+4,5.138e+4,1.462e+3,6.319e-21,8.350e-12,6.682e-12,
248.82,5.528e+4,5.340e+4,1.884e+3,6.303e-21,8.342e-12,6.618e-12,
248.84,5.458e+4,5.216e+4,2.413e+3,6.293e-21,8.337e-12,6.575e-12,
248.87,5.125e+4,4.772e+4,3.534e+3,6.277e-21,8.329e-12,6.510e-12,
248.89,4.865e+4,4.422e+4,4.429e+3,6.267e-21,8.323e-12,6.468e-12,
248.92,4.611e+4,4.029e+4,5.815e+3,6.251e-21,8.315e-12,6.403e-12,
248.94,4.605e+4,3.940e+4,6.648e+3,6.240e-21,8.310e-12,6.361e-12,
248.97,4.864e+4,4.105e+4,7.584e+3,6.225e-21,8.302e-12,6.296e-12,
248.99,5.164e+4,4.371e+4,7.938e+3,6.214e-21,8.296e-12,6.254e-12,
249.02,5.651e+4,4.845e+4,8.060e+3,6.199e-21,8.288e-12,6.189e-12,
249.04,5.895e+4,5.103e+4,7.923e+3,6.188e-21,8.283e-12,6.147e-12,
249.07,5.995e+4,5.239e+4,7.559e+3,6.172e-21,8.275e-12,6.082e-12,
249.09,5.841e+4,5.107e+4,7.345e+3,6.162e-21,8.269e-12,6.040e-12,
249.12,5.307e+4,4.572e+4,7.353e+3,6.146e-21,8.261e-12,5.975e-12,
249.14,4.814e+4,4.036e+4,7.771e+3,6.136e-21,8.256e-12,5.932e-12,
249.17,4.029e+4,3.095e+4,9.340e+3,6.120e-21,8.248e-12,5.868e-12,
249.19,3.571e+4,2.457e+4,1.114e+4,6.110e-21,8.242e-12,5.825e-12,
249.21,3.222e+4,1.868e+4,1.354e+4,6.099e-21,8.237e-12,5.783e-12,
249.24,2.934e+4,1.141e+4,1.793e+4,6.083e-21,8.229e-12,5.718e-12,
249.26,2.875e+4,7.774e+3,2.097e+4,6.073e-21,8.223e-12,5.676e-12,
249.29,2.876e+4,4.022e+3,2.474e+4,6.057e-21,8.215e-12,5.611e-12,
249.31,2.861e+4,2.451e+3,2.616e+4,6.047e-21,8.210e-12,5.569e-12,
249.34,2.711e+4,1.074e+3,2.604e+4,6.031e-21,8.202e-12,5.504e-12,
249.36,2.501e+4,5.893e+2,2.442e+4,6.021e-21,8.196e-12,5.462e-12,
249.39,2.043e+4,2.314e+2,2.019e+4,6.005e-21,8.188e-12,5.397e-12,
249.41,1.685e+4,1.346e+2,1.671e+4,5.994e-21,8.183e-12,5.354e-12,
249.44,1.156e+4,1.028e+2,1.146e+4,5.979e-21,8.175e-12,5.290e-12,
249.46,8.507e+3,1.310e+2,8.376e+3,5.968e-21,8.169e-12,5.247e-12,
249.49,5.030e+3,2.326e+2,4.798e+3,5.952e-21,8.161e-12,5.183e-12,
249.51,3.483e+3,3.376e+2,3.145e+3,5.942e-21,8.156e-12,5.140e-12,
249.54,2.146e+3,5.443e+2,1.601e+3,5.926e-21,8.148e-12,5.076e-12,
249.56,1.749e+3,7.032e+2,1.046e+3,5.916e-21,8.143e-12,5.033e-12,
249.59,1.623e+3,9.385e+2,6.845e+2,5.900e-21,8.134e-12,4.969e-12,
249.61,1.728e+3,1.067e+3,6.609e+2,5.890e-21,8.129e-12,4.926e-12,
249.64,2.040e+3,1.175e+3,8.656e+2,5.874e-21,8.121e-12,4.862e-12,
249.66,2.325e+3,1.175e+3,1.150e+3,5.863e-21,8.116e-12,4.819e-12,
249.68,2.675e+3,1.116e+3,1.559e+3,5.853e-21,8.110e-12,4.777e-12,
249.71,3.366e+3,9.388e+2,2.427e+3,5.837e-21,8.102e-12,4.712e-12,
249.73,3.970e+3,7.848e+2,3.185e+3,5.827e-21,8.097e-12,4.669e-12,
249.76,5.110e+3,5.467e+2,4.563e+3,5.811e-21,8.089e-12,4.605e-12,
249.78,5.998e+3,4.062e+2,5.592e+3,5.801e-21,8.083e-12,4.562e-12,
249.81,7.388e+3,2.506e+2,7.137e+3,5.785e-21,8.075e-12,4.498e-12,
249.83,8.227e+3,1.937e+2,8.034e+3,5.774e-21,8.070e-12,4.455e-12,
249.86,9.122e+3,1.967e+2,8.925e+3,5.759e-21,8.062e-12,4.391e-12,
249.88,9.372e+3,2.741e+2,9.098e+3,5.748e-21,8.056e-12,4.348e-12,
249.91,9.195e+3,5.503e+2,8.644e+3,5.733e-21,8.048e-12,4.284e-12,
249.93,8.792e+3,8.773e+2,7.914e+3,5.722e-21,8.043e-12,4.241e-12,
249.96,8.044e+3,1.640e+3,6.404e+3,5.706e-21,8.035e-12,4.177e-12,
249.98,7.640e+3,2.344e+3,5.296e+3,5.696e-21,8.029e-12,4.134e-12,
250.01,7.408e+3,3.642e+3,3.766e+3,5.680e-21,8.021e-12,4.070e-12,
250.03,7.534e+3,4.585e+3,2.949e+3,5.670e-21,8.016e-12,4.027e-12,
250.06,8.001e+3,5.883e+3,2.118e+3,5.654e-21,8.008e-12,3.963e-12,
250.08,8.340e+3,6.517e+3,1.823e+3,5.644e-21,8.002e-12,3.920e-12,
250.11,8.620e+3,6.903e+3,1.717e+3,5.628e-21,7.994e-12,3.856e-12,
250.13,8.559e+3,6.729e+3,1.830e+3,5.617e-21,7.989e-12,3.813e-12,
250.16,8.092e+3,5.883e+3,2.209e+3,5.602e-21,7.981e-12,3.749e-12,
250.18,7.613e+3,5.046e+3,2.567e+3,5.591e-21,7.975e-12,3.706e-12,
250.20,7.096e+3,4.113e+3,2.983e+3,5.581e-21,7.970e-12,3.663e-12,
250.23,6.413e+3,2.751e+3,3.662e+3,5.565e-21,7.962e-12,3.599e-12,
250.25,6.087e+3,1.975e+3,4.112e+3,5.555e-21,7.956e-12,3.556e-12,
250.28,5.804e+3,1.097e+3,4.706e+3,5.539e-21,7.948e-12,3.492e-12,
250.30,5.704e+3,7.029e+2,5.001e+3,5.528e-21,7.943e-12,3.449e-12,
250.33,5.563e+3,3.462e+2,5.217e+3,5.513e-21,7.935e-12,3.385e-12,
250.35,5.403e+3,2.243e+2,5.178e+3,5.502e-21,7.929e-12,2.271e-11,
250.38,4.987e+3,1.506e+2,4.836e+3,5.486e-21,7.921e-12,3.588e-10,
250.40,4.592e+3,1.455e+2,4.446e+3,5.476e-21,7.916e-12,2.120e-9,
250.43,3.891e+3,1.694e+2,3.721e+3,5.460e-21,7.908e-12,2.769e-8,
250.45,3.417e+3,1.931e+2,3.224e+3,5.450e-21,7.903e-12,1.441e-7,
250.48,2.814e+3,2.260e+2,2.588e+3,5.434e-21,7.894e-12,1.556e-6,
250.50,2.530e+3,2.420e+2,2.288e+3,5.424e-21,7.889e-12,7.134e-6,
250.53,2.303e+3,2.567e+2,2.046e+3,5.408e-21,7.881e-12,6.368e-5,
250.55,2.260e+3,2.638e+2,1.996e+3,5.397e-21,7.876e-12,2.571e-4,
250.58,2.280e+3,2.806e+2,2.000e+3,5.382e-21,7.867e-12,1.897e-3,
250.60,2.299e+3,3.030e+2,1.997e+3,5.371e-21,7.862e-12,6.749e-3,
250.63,2.275e+3,3.638e+2,1.911e+3,5.356e-21,7.854e-12,4.117e-2,
250.65,2.210e+3,4.258e+2,1.784e+3,5.345e-21,7.849e-12,1.290e-1,
250.68,2.055e+3,5.482e+2,1.506e+3,5.329e-21,7.840e-12,6.504e-1,
250.70,1.935e+3,6.422e+2,1.291e+3,5.319e-21,7.835e-12,1.795e+0,
250.72,1.819e+3,7.361e+2,1.079e+3,5.308e-21,7.830e-12,4.709e+0,
250.75,1.677e+3,8.548e+2,8.042e+2,5.293e-21,7.822e-12,1.819e+1,
250.77,1.616e+3,9.066e+2,6.669e+2,5.282e-21,7.816e-12,4.203e+1,
250.80,1.609e+3,9.398e+2,5.350e+2,5.267e-21,7.808e-12,1.342e+2,
250.82,1.711e+3,9.472e+2,4.903e+2,5.256e-21,7.803e-12,2.731e+2,
250.85,2.190e+3,9.996e+2,4.694e+2,5.240e-21,7.795e-12,7.211e+2,
250.87,2.888e+3,1.120e+3,4.754e+2,5.230e-21,7.789e-12,1.293e+3,
250.90,4.877e+3,1.551e+3,5.052e+2,5.214e-21,7.781e-12,2.821e+3,
250.92,7.069e+3,2.071e+3,5.437e+2,5.204e-21,7.776e-12,4.454e+3,
250.95,1.196e+4,3.260e+3,6.627e+2,5.188e-21,7.768e-12,8.036e+3,
250.97,1.630e+4,4.303e+3,8.187e+2,5.178e-21,7.762e-12,1.118e+4,
251.00,2.399e+4,6.074e+3,1.250e+3,5.162e-21,7.754e-12,1.667e+4,
251.02,2.936e+4,7.223e+3,1.717e+3,5.151e-21,7.749e-12,2.042e+4,
251.05,3.647e+4,8.549e+3,2.738e+3,5.136e-21,7.741e-12,2.518e+4,
251.07,3.977e+4,8.988e+3,3.617e+3,5.125e-21,7.735e-12,2.717e+4,
251.10,4.161e+4,8.815e+3,5.104e+3,5.109e-21,7.727e-12,2.769e+4,
251.12,4.057e+4,8.168e+3,6.076e+3,5.099e-21,7.722e-12,2.632e+4,
251.15,3.602e+4,6.624e+3,7.223e+3,5.083e-21,7.714e-12,2.218e+4,
251.17,3.161e+4,5.407e+3,7.632e+3,5.073e-21,7.708e-12,1.857e+4,
251.20,2.414e+4,3.625e+3,7.578e+3,5.057e-21,7.700e-12,1.293e+4,
251.22,1.926e+4,2.606e+3,7.114e+3,5.047e-21,7.695e-12,9.538e+3,
251.24,1.486e+4,1.781e+3,6.389e+3,5.036e-21,7.689e-12,6.686e+3,
251.27,9.541e+3,9.149e+2,5.058e+3,5.020e-21,7.681e-12,3.567e+3,
251.29,6.931e+3,5.507e+2,4.178e+3,5.010e-21,7.676e-12,2.203e+3,
251.32,4.300e+3,2.339e+2,3.094e+3,4.994e-21,7.668e-12,9.716e+2,
251.34,3.249e+3,1.240e+2,2.596e+3,4.984e-21,7.663e-12,5.284e+2,
251.37,2.419e+3,4.358e+1,2.182e+3,4.968e-21,7.654e-12,1.927e+2,
251.39,2.187e+3,2.050e+1,2.074e+3,4.958e-21,7.649e-12,9.230e+1,
251.42,2.068e+3,6.667e+0,2.033e+3,4.942e-21,7.641e-12,2.782e+1,
251.44,2.030e+3,4.374e+0,2.014e+3,4.931e-21,7.636e-12,1.174e+1,
251.47,1.926e+3,7.754e+0,1.915e+3,4.916e-21,7.627e-12,2.926e+0,
251.49,1.806e+3,1.631e+1,1.789e+3,4.905e-21,7.622e-12,1.087e+0,
251.52,1.582e+3,4.944e+1,1.533e+3,4.890e-21,7.614e-12,2.240e-1,
251.54,1.450e+3,9.815e+1,1.352e+3,4.879e-21,7.609e-12,7.333e-2,
251.57,1.380e+3,2.508e+2,1.129e+3,4.863e-21,7.600e-12,1.249e-2,
251.59,1.480e+3,4.408e+2,1.039e+3,4.853e-21,7.595e-12,3.601e-3,
251.62,1.943e+3,9.370e+2,1.006e+3,4.837e-21,7.587e-12,5.070e-4,
251.64,2.498e+3,1.457e+3,1.041e+3,4.827e-21,7.582e-12,1.288e-4,
251.67,3.717e+3,2.574e+3,1.144e+3,4.811e-21,7.574e-12,1.499e-5,
251.69,4.759e+3,3.537e+3,1.222e+3,4.801e-21,7.568e-12,3.353e-6,
251.71,5.922e+3,4.626e+3,1.296e+3,4.790e-21,7.563e-12,7.130e-7,
251.74,7.703e+3,6.306e+3,1.397e+3,4.774e-21,7.555e-12,6.357e-8,
251.76,8.756e+3,7.289e+3,1.467e+3,4.764e-21,7.549e-12,1.191e-8,
251.79,9.859e+3,8.259e+3,1.599e+3,4.748e-21,7.541e-12,8.777e-10,
251.81,1.016e+4,8.444e+3,1.712e+3,4.738e-21,7.536e-12,1.448e-10,
251.84,9.871e+3,7.969e+3,1.902e+3,4.722e-21,7.528e-12,1.427e-10,
251.86,9.242e+3,7.223e+3,2.019e+3,4.712e-21,7.522e-12,1.412e-10,
251.89,7.848e+3,5.714e+3,2.134e+3,4.696e-21,7.514e-12,1.391e-10,
251.91,6.776e+3,4.625e+3,2.151e+3,4.685e-21,7.509e-12,1.376e-10,
251.94,5.223e+3,3.128e+3,2.095e+3,4.670e-21,7.501e-12,1.355e-10,
251.96,4.350e+3,2.322e+3,2.028e+3,4.659e-21,7.495e-12,1.341e-10,
251.99,3.435e+3,1.490e+3,1.945e+3,4.643e-21,7.487e-12,1.319e-10,
252.01,3.150e+3,1.213e+3,1.938e+3,4.633e-21,7.482e-12,1.305e-10,
252.04,3.305e+3,1.277e+3,2.028e+3,4.617e-21,7.474e-12,1.283e-10,
252.06,3.868e+3,1.716e+3,2.151e+3,4.607e-21,7.468e-12,1.269e-10,
252.09,5.571e+3,3.186e+3,2.385e+3,4.591e-21,7.460e-12,1.247e-10,
252.11,7.394e+3,4.855e+3,2.539e+3,4.581e-21,7.455e-12,1.233e-10,
252.14,1.130e+4,8.584e+3,2.711e+3,4.565e-21,7.447e-12,1.211e-10,
252.16,1.465e+4,1.188e+4,2.768e+3,4.554e-21,7.441e-12,1.197e-10,
252.19,2.043e+4,1.767e+4,2.759e+3,4.539e-21,7.433e-12,1.176e-10,
252.21,2.436e+4,2.166e+4,2.697e+3,4.528e-21,7.428e-12,1.161e-10,
252.23,2.789e+4,2.529e+4,2.601e+3,4.518e-21,7.423e-12,1.147e-10,
252.26,3.158e+4,2.916e+4,2.421e+3,4.502e-21,7.414e-12,1.125e-10,
252.28,3.254e+4,3.023e+4,2.302e+3,4.492e-21,7.409e-12,1.111e-10,
252.31,3.152e+4,2.933e+4,2.191e+3,4.476e-21,7.401e-12,1.090e-10,
252.33,2.947e+4,2.725e+4,2.224e+3,4.465e-21,7.396e-12,1.075e-10,
252.36,2.527e+4,2.271e+4,2.569e+3,4.450e-21,7.387e-12,1.054e-10,
252.38,2.236e+4,1.928e+4,3.086e+3,4.439e-21,7.382e-12,1.039e-10,
252.41,1.875e+4,1.434e+4,4.411e+3,4.424e-21,7.374e-12,1.018e-10,
252.43,1.716e+4,1.148e+4,5.680e+3,4.413e-21,7.369e-12,1.003e-10,
252.46,1.611e+4,8.055e+3,8.056e+3,4.397e-21,7.360e-12,9.820e-11,
252.48,1.617e+4,6.361e+3,9.809e+3,4.387e-21,7.355e-12,9.676e-11,
252.51,1.702e+4,4.684e+3,1.233e+4,4.371e-21,7.347e-12,9.461e-11,
252.53,1.788e+4,4.159e+3,1.372e+4,4.361e-21,7.342e-12,9.318e-11,
252.56,1.938e+4,4.354e+3,1.502e+4,4.345e-21,7.334e-12,9.103e-11,
252.58,2.047e+4,5.202e+3,1.527e+4,4.335e-21,7.328e-12,8.959e-11,
252.61,2.229e+4,7.578e+3,1.471e+4,4.319e-21,7.320e-12,8.744e-11,
252.63,2.361e+4,9.807e+3,1.381e+4,4.308e-21,7.315e-12,8.601e-11,
252.66,2.564e+4,1.372e+4,1.192e+4,4.293e-21,7.307e-12,8.385e-11,
252.68,2.685e+4,1.635e+4,1.050e+4,4.282e-21,7.301e-12,8.242e-11,
252.71,2.802e+4,1.961e+4,8.415e+3,4.266e-21,7.293e-12,8.027e-11,
252.73,2.821e+4,2.099e+4,7.215e+3,4.256e-21,7.288e-12,7.883e-11,
252.75,2.788e+4,2.161e+4,6.270e+3,4.246e-21,7.282e-12,7.740e-11,
252.78,2.665e+4,2.117e+4,5.477e+3,4.230e-21,7.274e-12,7.525e-11,
252.80,2.564e+4,2.022e+4,5.424e+3,4.219e-21,7.269e-12,7.381e-11,
252.83,2.440e+4,1.834e+4,6.060e+3,4.204e-21,7.261e-12,7.166e-11,
252.85,2.395e+4,1.706e+4,6.889e+3,4.193e-21,7.255e-12,7.023e-11,
252.88,2.380e+4,1.534e+4,8.467e+3,4.177e-21,7.247e-12,6.808e-11,
252.90,2.380e+4,1.428e+4,9.517e+3,4.167e-21,7.242e-12,6.664e-11,
252.93,2.332e+4,1.265e+4,1.067e+4,4.151e-21,7.234e-12,6.449e-11,
252.95,2.238e+4,1.143e+4,1.096e+4,4.141e-21,7.228e-12,6.306e-11,
252.98,1.983e+4,9.331e+3,1.050e+4,4.125e-21,7.220e-12,6.091e-11,
253.00,1.747e+4,7.821e+3,9.651e+3,4.115e-21,7.215e-12,5.947e-11,
253.03,1.339e+4,5.589e+3,7.800e+3,4.099e-21,7.207e-12,5.732e-11,
253.05,1.064e+4,4.249e+3,6.396e+3,4.088e-21,7.201e-12,5.589e-11,
253.08,6.996e+3,2.606e+3,4.391e+3,4.073e-21,7.193e-12,5.374e-11,
253.10,5.068e+3,1.789e+3,3.279e+3,4.062e-21,7.188e-12,5.230e-11,
253.13,3.067e+3,9.524e+2,2.115e+3,4.047e-21,7.180e-12,5.015e-11,
253.15,2.325e+3,6.094e+2,1.716e+3,4.036e-21,7.174e-12,4.872e-11,
253.18,2.032e+3,3.242e+2,1.708e+3,4.020e-21,7.166e-12,4.656e-11,
253.20,2.334e+3,2.374e+2,2.097e+3,4.010e-21,7.161e-12,4.513e-11,
253.22,2.997e+3,2.016e+2,2.795e+3,3.999e-21,7.156e-12,4.370e-11,
253.25,4.575e+3,2.022e+2,4.372e+3,3.984e-21,7.147e-12,4.154e-11,
253.27,5.927e+3,2.218e+2,5.706e+3,3.973e-21,7.142e-12,4.011e-11,
253.30,8.179e+3,2.692e+2,7.910e+3,3.958e-21,7.134e-12,3.796e-11,
253.32,9.659e+3,3.174e+2,9.341e+3,3.947e-21,7.129e-12,3.652e-11,
253.35,1.155e+4,4.409e+2,1.111e+4,3.931e-21,7.120e-12,3.437e-11,
253.37,1.245e+4,5.816e+2,1.187e+4,3.921e-21,7.115e-12,3.294e-11,
253.40,1.318e+4,9.271e+2,1.225e+4,3.905e-21,7.107e-12,3.079e-11,
253.42,1.329e+4,1.268e+3,1.202e+4,3.895e-21,7.102e-12,2.935e-11,
253.45,1.310e+4,1.953e+3,1.114e+4,3.879e-21,7.094e-12,2.720e-11,
253.47,1.289e+4,2.504e+3,1.039e+4,3.869e-21,7.088e-12,2.577e-11,
253.50,1.275e+4,3.397e+3,9.352e+3,3.853e-21,7.080e-12,2.362e-11,
253.52,1.289e+4,3.980e+3,8.914e+3,3.842e-21,7.075e-12,2.218e-11,
253.55,1.359e+4,4.755e+3,8.837e+3,3.827e-21,7.067e-12,2.003e-11,
253.57,1.438e+4,5.182e+3,9.194e+3,3.816e-21,7.061e-12,1.860e-11,
253.60,1.590e+4,5.692e+3,1.021e+4,3.800e-21,7.053e-12,1.644e-11,
253.62,1.701e+4,5.960e+3,1.105e+4,3.790e-21,7.048e-12,1.501e-11,
253.65,1.851e+4,6.261e+3,1.225e+4,3.774e-21,7.040e-12,1.286e-11,
253.67,1.924e+4,6.371e+3,1.286e+4,3.764e-21,7.034e-12,1.143e-11,
253.70,1.981e+4,6.320e+3,1.349e+4,3.748e-21,7.026e-12,9.274e-12,
253.72,1.989e+4,6.092e+3,1.380e+4,3.738e-21,7.021e-12,7.840e-12,
253.74,1.986e+4,5.690e+3,1.417e+4,3.727e-21,7.015e-12,6.405e-12,
253.77,1.988e+4,4.795e+3,1.509e+4,3.711e-21,7.007e-12,4.254e-12,
253.79,2.009e+4,4.070e+3,1.602e+4,3.701e-21,7.002e-12,2.820e-12,
253.82,2.069e+4,2.957e+3,1.773e+4,3.685e-21,6.994e-12,6.683e-13,
253.84,2.112e+4,2.297e+3,1.882e+4,3.675e-21,6.988e-12,4.363e-12,
253.87,2.137e+4,1.574e+3,1.979e+4,3.659e-21,6.980e-12,6.633e-11,
253.89,2.105e+4,1.326e+3,1.972e+4,3.649e-21,6.975e-12,3.827e-10,
253.92,1.973e+4,1.364e+3,1.837e+4,3.633e-21,6.967e-12,4.835e-9,
253.94,1.843e+4,1.681e+3,1.674e+4,3.622e-21,6.961e-12,2.466e-8,
253.97,1.629e+4,2.593e+3,1.370e+4,3.607e-21,6.953e-12,2.589e-7,
253.99,1.507e+4,3.466e+3,1.161e+4,3.596e-21,6.948e-12,1.167e-6,
254.02,1.394e+4,5.067e+3,8.873e+3,3.581e-21,6.940e-12,1.018e-5,
254.04,1.371e+4,6.230e+3,7.481e+3,3.570e-21,6.934e-12,4.057e-5,
254.07,1.398e+4,7.901e+3,6.076e+3,3.554e-21,6.926e-12,2.941e-4,
254.09,1.436e+4,8.839e+3,5.516e+3,3.544e-21,6.921e-12,1.036e-3,
254.12,1.485e+4,9.810e+3,5.036e+3,3.528e-21,6.913e-12,6.240e-3,
254.14,1.496e+4,1.011e+4,4.853e+3,3.518e-21,6.907e-12,1.942e-2,
254.17,1.472e+4,1.004e+4,4.678e+3,3.502e-21,6.899e-12,9.725e-2,
254.19,1.431e+4,9.702e+3,4.609e+3,3.492e-21,6.894e-12,2.676e-1,
254.22,1.348e+4,8.895e+3,4.589e+3,3.476e-21,6.886e-12,1.113e+0,
254.24,1.291e+4,8.271e+3,4.636e+3,3.465e-21,6.880e-12,2.707e+0,
254.26,1.239e+4,7.665e+3,4.722e+3,3.455e-21,6.875e-12,6.266e+0,
254.29,1.181e+4,6.916e+3,4.873e+3,3.439e-21,6.867e-12,2.012e+1,
254.31,1.155e+4,6.566e+3,4.941e+3,3.429e-21,6.862e-12,4.116e+1,
254.34,1.128e+4,6.244e+3,4.929e+3,3.413e-21,6.854e-12,1.098e+2,
254.36,1.115e+4,6.116e+3,4.833e+3,3.403e-21,6.848e-12,1.986e+2,
254.39,1.099e+4,5.958e+3,4.590e+3,3.387e-21,6.840e-12,4.402e+2,
254.41,1.096e+4,5.852e+3,4.404e+3,3.376e-21,6.835e-12,7.036e+2,
254.44,1.119e+4,5.736e+3,4.158e+3,3.361e-21,6.827e-12,1.296e+3,
254.46,1.162e+4,5.748e+3,4.038e+3,3.350e-21,6.821e-12,1.831e+3,
254.49,1.272e+4,5.996e+3,3.919e+3,3.334e-21,6.813e-12,2.803e+3,
254.51,1.368e+4,6.322e+3,3.860e+3,3.324e-21,6.808e-12,3.501e+3,
254.54,1.517e+4,6.941e+3,3.771e+3,3.308e-21,6.800e-12,4.453e+3,
254.56,1.593e+4,7.311e+3,3.703e+3,3.298e-21,6.794e-12,4.916e+3,
254.59,1.634e+4,7.549e+3,3.599e+3,3.282e-21,6.786e-12,5.196e+3,
254.61,1.600e+4,7.388e+3,3.542e+3,3.272e-21,6.781e-12,5.070e+3,
254.64,1.457e+4,6.622e+3,3.496e+3,3.256e-21,6.773e-12,4.453e+3,
254.66,1.317e+4,5.825e+3,3.503e+3,3.245e-21,6.767e-12,3.840e+3,
254.69,1.082e+4,4.417e+3,3.595e+3,3.230e-21,6.759e-12,2.803e+3,
254.71,9.361e+3,3.484e+3,3.740e+3,3.219e-21,6.754e-12,2.137e+3,
254.74,7.755e+3,2.308e+3,4.151e+3,3.204e-21,6.746e-12,1.296e+3,
254.76,7.218e+3,1.750e+3,4.595e+3,3.193e-21,6.740e-12,8.732e+2,
254.78,7.159e+3,1.401e+3,5.198e+3,3.183e-21,6.735e-12,5.600e+2,
254.81,7.911e+3,1.257e+3,6.391e+3,3.167e-21,6.727e-12,2.621e+2,
254.83,8.863e+3,1.382e+3,7.332e+3,3.156e-21,6.721e-12,1.486e+2,
254.86,1.067e+4,1.803e+3,8.811e+3,3.141e-21,6.713e-12,5.779e+1,
254.88,1.193e+4,2.169e+3,9.727e+3,3.130e-21,6.708e-12,2.895e+1,
254.91,1.351e+4,2.704e+3,1.080e+4,3.115e-21,6.700e-12,9.358e+0,
254.93,1.419e+4,2.971e+3,1.121e+4,3.104e-21,6.694e-12,4.144e+0,
254.96,1.444e+4,3.133e+3,1.130e+4,3.088e-21,6.686e-12,1.113e+0,
254.98,1.405e+4,3.056e+3,1.099e+4,3.078e-21,6.681e-12,4.357e-1,
255.01,1.273e+4,2.685e+3,1.004e+4,3.062e-21,6.673e-12,9.725e-2,
255.03,1.147e+4,2.316e+3,9.154e+3,3.052e-21,6.667e-12,3.364e-2,
255.06,9.272e+3,1.692e+3,7.580e+3,3.036e-21,6.659e-12,6.240e-3,
255.08,7.752e+3,1.291e+3,6.461e+3,3.026e-21,6.654e-12,1.908e-3,
255.11,5.606e+3,7.842e+2,4.822e+3,3.010e-21,6.646e-12,2.941e-4,
255.13,4.351e+3,5.289e+2,3.822e+3,2.999e-21,6.640e-12,7.949e-5,
255.16,2.809e+3,2.671e+2,2.542e+3,2.984e-21,6.632e-12,1.018e-5,
255.18,2.017e+3,1.593e+2,1.857e+3,2.973e-21,6.627e-12,2.432e-6,
255.21,1.153e+3,6.691e+1,1.087e+3,2.958e-21,6.619e-12,2.589e-7,
255.23,7.630e+2,3.528e+1,7.277e+2,2.947e-21,6.614e-12,5.467e-8,
255.25,4.907e+2,1.771e+1,4.730e+2,2.937e-21,6.608e-12,1.099e-8,
255.28,2.497e+2,5.744e+0,2.440e+2,2.921e-21,6.600e-12,9.024e-10,
255.30,1.708e+2,2.549e+0,1.682e+2,2.910e-21,6.595e-12,1.603e-10,
255.33,1.380e+2,6.874e-1,1.373e+2,2.895e-21,6.587e-12,1.094e-11,
255.35,1.599e+2,2.698e-1,1.597e+2,2.884e-21,6.581e-12,,
255.38,2.452e+2,6.048e-2,2.452e+2,2.869e-21,6.573e-12,,
255.40,3.310e+2,2.099e-2,3.309e+2,2.858e-21,6.568e-12,,
255.43,4.891e+2,3.912e-3,4.891e+2,2.842e-21,6.560e-12,,
255.45,6.022e+2,1.200e-3,6.021e+2,2.832e-21,6.554e-12,,
255.48,7.562e+2,1.860e-4,7.562e+2,2.816e-21,6.546e-12,,
255.50,8.322e+2,5.047e-5,8.322e+2,2.806e-21,6.541e-12,,
255.53,8.858e+2,6.504e-6,8.858e+2,2.790e-21,6.533e-12,,
255.55,8.776e+2,1.560e-6,8.776e+2,2.779e-21,6.527e-12,,
255.58,8.097e+2,1.672e-7,8.097e+2,2.764e-21,6.519e-12,,
255.60,7.416e+2,3.546e-8,7.416e+2,2.753e-21,6.514e-12,,
255.63,6.338e+2,3.158e-9,6.338e+2,2.738e-21,6.506e-12,,
255.65,5.721e+2,5.923e-10,5.721e+2,2.727e-21,6.500e-12,,
255.68,5.069e+2,4.387e-11,5.069e+2,2.711e-21,6.492e-12,,
255.70,4.811e+2,7.275e-12,4.811e+2,2.701e-21,6.487e-12,,
255.73,4.602e+2,7.094e-12,4.602e+2,2.685e-21,6.479e-12,,
255.75,4.531e+2,6.973e-12,4.531e+2,2.675e-21,6.473e-12,,
255.77,4.508e+2,6.852e-12,4.508e+2,2.664e-21,6.468e-12,,
255.80,4.657e+2,6.671e-12,4.657e+2,2.649e-21,6.460e-12,,
255.82,5.001e+2,6.550e-12,5.001e+2,2.638e-21,6.454e-12,,
255.85,6.143e+2,6.369e-12,6.143e+2,2.622e-21,6.446e-12,,
255.87,7.449e+2,6.249e-12,7.449e+2,2.612e-21,6.441e-12,,
255.90,1.030e+3,6.068e-12,1.030e+3,2.596e-21,6.433e-12,,
255.92,1.275e+3,5.947e-12,1.275e+3,2.586e-21,6.427e-12,,
255.95,1.704e+3,5.766e-12,1.704e+3,2.570e-21,6.419e-12,,
255.97,2.031e+3,5.645e-12,2.031e+3,2.560e-21,6.414e-12,,
256.00,2.626e+3,5.464e-12,2.626e+3,2.544e-21,6.406e-12,,
256.02,3.171e+3,5.343e-12,3.171e+3,2.533e-21,6.400e-12,,
256.05,4.453e+3,5.162e-12,4.453e+3,2.518e-21,6.392e-12,,
256.07,5.809e+3,5.042e-12,5.809e+3,2.507e-21,6.387e-12,,
256.10,8.924e+3,4.861e-12,8.924e+3,2.492e-21,6.379e-12,,
256.12,1.184e+4,4.740e-12,1.184e+4,2.481e-21,6.374e-12,,
256.15,1.743e+4,4.559e-12,1.743e+4,2.465e-21,6.365e-12,,
256.17,2.172e+4,4.438e-12,2.172e+4,2.455e-21,6.360e-12,,
256.20,2.823e+4,4.257e-12,2.823e+4,2.439e-21,6.352e-12,,
256.22,3.205e+4,4.136e-12,3.205e+4,2.429e-21,6.347e-12,,
256.25,3.610e+4,3.955e-12,3.610e+4,2.413e-21,6.338e-12,,
256.27,3.730e+4,3.835e-12,3.730e+4,2.403e-21,6.333e-12,,
256.29,3.715e+4,3.714e-12,3.715e+4,2.392e-21,6.328e-12,,
256.32,3.458e+4,3.533e-12,3.458e+4,2.376e-21,6.320e-12,,
256.34,3.159e+4,3.412e-12,3.159e+4,2.366e-21,6.314e-12,,
256.37,2.591e+4,3.231e-12,2.591e+4,2.350e-21,6.306e-12,,
256.39,2.178e+4,3.110e-12,2.178e+4,2.340e-21,6.301e-12,,
256.42,1.579e+4,2.929e-12,1.579e+4,2.324e-21,6.293e-12,,
256.44,1.225e+4,2.809e-12,1.225e+4,2.313e-21,6.287e-12,,
256.47,7.997e+3,2.628e-12,7.997e+3,2.298e-21,6.279e-12,,
256.49,5.959e+3,2.507e-12,5.959e+3,2.287e-21,6.274e-12,,
256.52,4.087e+3,2.326e-12,4.087e+3,2.272e-21,6.266e-12,,
256.54,3.543e+3,2.205e-12,3.543e+3,2.261e-21,6.260e-12,,
256.57,3.547e+3,2.024e-12,3.547e+3,2.245e-21,6.252e-12,,
256.59,3.928e+3,1.903e-12,3.928e+3,2.235e-21,6.247e-12,,
256.62,4.754e+3,1.722e-12,4.754e+3,2.219e-21,6.239e-12,,
256.64,5.297e+3,1.602e-12,5.297e+3,2.209e-21,6.233e-12,,
256.67,5.844e+3,1.420e-12,5.844e+3,2.193e-21,6.225e-12,,
256.69,5.936e+3,1.300e-12,5.936e+3,2.183e-21,6.220e-12,,
256.72,5.623e+3,1.119e-12,5.623e+3,2.167e-21,6.212e-12,,
256.74,5.156e+3,9.980e-13,5.156e+3,2.156e-21,6.206e-12,,
256.77,4.221e+3,8.169e-13,4.221e+3,2.141e-21,6.198e-12,,
256.79,3.546e+3,6.962e-13,3.546e+3,2.130e-21,6.193e-12,,
256.81,2.901e+3,5.755e-13,2.901e+3,2.120e-21,6.187e-12,,
256.84,2.083e+3,3.945e-13,2.083e+3,2.104e-21,6.179e-12,,
256.86,1.664e+3,2.737e-13,1.664e+3,2.094e-21,6.174e-12,,
256.89,1.232e+3,9.269e-14,1.232e+3,2.078e-21,6.166e-12,,
256.91,1.062e+3,5.928e-13,1.062e+3,2.067e-21,6.160e-12,,
256.94,9.532e+2,8.759e-12,9.532e+2,2.052e-21,6.152e-12,,
256.96,9.573e+2,4.966e-11,9.573e+2,2.041e-21,6.147e-12,,
256.99,1.039e+3,6.125e-10,1.039e+3,2.026e-21,6.139e-12,,
257.01,1.118e+3,3.078e-9,1.118e+3,2.015e-21,6.134e-12,,
257.04,1.226e+3,3.169e-8,1.226e+3,1.999e-21,6.125e-12,,
257.06,1.265e+3,1.412e-7,1.265e+3,1.989e-21,6.120e-12,,
257.09,1.251e+3,1.213e-6,1.251e+3,1.973e-21,6.112e-12,,
257.11,1.192e+3,4.791e-6,1.192e+3,1.963e-21,6.107e-12,,
257.14,1.052e+3,3.436e-5,1.052e+3,1.947e-21,6.098e-12,,
257.16,9.517e+2,1.203e-4,9.517e+2,1.937e-21,6.093e-12,,
257.19,8.421e+2,7.201e-4,8.421e+2,1.921e-21,6.085e-12,,
257.21,8.266e+2,2.235e-3,8.266e+2,1.910e-21,6.080e-12,,
257.24,9.321e+2,1.117e-2,9.321e+2,1.895e-21,6.072e-12,,
257.26,1.105e+3,3.072e-2,1.105e+3,1.884e-21,6.066e-12,,
257.28,1.366e+3,8.055e-2,1.366e+3,1.874e-21,6.061e-12,,
257.31,1.914e+3,3.125e-1,1.914e+3,1.858e-21,6.053e-12,,
257.33,2.360e+3,7.263e-1,2.359e+3,1.847e-21,6.047e-12,,
257.36,3.073e+3,2.351e+0,3.070e+3,1.832e-21,6.039e-12,,
257.38,3.512e+3,4.845e+0,3.507e+3,1.821e-21,6.034e-12,,
257.41,3.994e+3,1.309e+1,3.981e+3,1.806e-21,6.026e-12,,
257.43,4.140e+3,2.391e+1,4.116e+3,1.795e-21,6.020e-12,,
257.46,4.057e+3,5.394e+1,4.003e+3,1.779e-21,6.012e-12,,
257.48,3.824e+3,8.734e+1,3.736e+3,1.769e-21,6.007e-12,,
257.51,3.325e+3,1.644e+2,3.161e+3,1.753e-21,5.999e-12,,
257.53,2.988e+3,2.360e+2,2.752e+3,1.743e-21,5.993e-12,,
257.56,2.637e+3,3.708e+2,2.267e+3,1.727e-21,5.985e-12,,
257.58,2.578e+3,4.719e+2,2.107e+3,1.717e-21,5.980e-12,,
257.61,2.813e+3,6.188e+2,2.194e+3,1.701e-21,5.972e-12,,
257.63,3.181e+3,6.981e+2,2.483e+3,1.690e-21,5.966e-12,,
257.66,3.984e+3,7.641e+2,3.220e+3,1.675e-21,5.958e-12,,
257.68,4.619e+3,7.641e+2,3.855e+3,1.664e-21,5.953e-12,,
257.71,5.565e+3,6.981e+2,4.867e+3,1.649e-21,5.945e-12,,
257.73,6.091e+3,6.188e+2,5.472e+3,1.638e-21,5.939e-12,,
257.76,6.560e+3,4.719e+2,6.088e+3,1.622e-21,5.931e-12,,
257.78,6.590e+3,3.708e+2,6.219e+3,1.612e-21,5.926e-12,,
257.80,6.371e+3,2.777e+2,6.094e+3,1.601e-21,5.920e-12,,
257.83,5.620e+3,1.644e+2,5.456e+3,1.586e-21,5.912e-12,,
257.85,4.910e+3,1.091e+2,4.800e+3,1.575e-21,5.907e-12,,
257.88,3.705e+3,5.394e+1,3.651e+3,1.560e-21,5.899e-12,,
257.90,2.915e+3,3.174e+1,2.883e+3,1.549e-21,5.894e-12,,
257.93,1.887e+3,1.309e+1,1.874e+3,1.533e-21,5.885e-12,,
257.95,1.354e+3,6.831e+0,1.347e+3,1.523e-21,5.880e-12,,
257.98,8.118e+2,2.356e+0,8.095e+2,1.507e-21,5.872e-12,,
258.00,6.211e+2,1.101e+0,6.200e+2,1.497e-21,5.867e-12,,
258.03,5.895e+2,3.788e-1,5.891e+2,1.481e-21,5.858e-12,,
258.05,7.483e+2,3.054e-1,7.480e+2,1.471e-21,5.853e-12,,
258.08,1.296e+3,7.376e-1,1.295e+3,1.455e-21,5.845e-12,,
258.10,1.892e+3,1.685e+0,1.890e+3,1.444e-21,5.840e-12,,
258.13,3.145e+3,5.581e+0,3.139e+3,1.429e-21,5.832e-12,,
258.15,4.184e+3,1.172e+1,4.172e+3,1.418e-21,5.826e-12,,
258.18,5.891e+3,3.264e+1,5.858e+3,1.402e-21,5.818e-12,,
258.20,6.986e+3,6.084e+1,6.925e+3,1.392e-21,5.813e-12,,
258.23,8.289e+3,1.415e+2,8.148e+3,1.376e-21,5.805e-12,,
258.25,8.808e+3,2.341e+2,8.574e+3,1.366e-21,5.799e-12,,
258.28,8.999e+3,4.550e+2,8.544e+3,1.350e-21,5.791e-12,,
258.30,8.829e+3,6.675e+2,8.161e+3,1.340e-21,5.786e-12,,
258.32,8.590e+3,9.335e+2,7.656e+3,1.329e-21,5.780e-12,,
258.35,8.591e+3,1.411e+3,7.180e+3,1.313e-21,5.772e-12,,
258.37,9.224e+3,1.751e+3,7.474e+3,1.303e-21,5.767e-12,,
258.40,1.182e+4,2.211e+3,9.610e+3,1.287e-21,5.759e-12,,
258.42,1.500e+4,2.433e+3,1.257e+4,1.277e-21,5.753e-12,,
258.45,2.225e+4,2.568e+3,1.969e+4,1.261e-21,5.745e-12,,
258.47,2.864e+4,2.507e+3,2.613e+4,1.251e-21,5.740e-12,,
258.50,3.968e+4,2.211e+3,3.747e+4,1.235e-21,5.732e-12,,
258.52,4.710e+4,1.915e+3,4.519e+4,1.224e-21,5.726e-12,,
258.55,5.633e+4,1.411e+3,5.492e+4,1.209e-21,5.718e-12,,
258.57,6.006e+4,1.084e+3,5.898e+4,1.198e-21,5.713e-12,,
258.60,6.074e+4,6.675e+2,6.008e+4,1.183e-21,5.705e-12,,
258.62,5.778e+4,4.550e+2,5.733e+4,1.172e-21,5.699e-12,,
258.65,4.918e+4,2.341e+2,4.894e+4,1.156e-21,5.691e-12,,
258.67,4.171e+4,1.415e+2,4.157e+4,1.146e-21,5.686e-12,,
258.70,2.997e+4,6.084e+1,2.991e+4,1.130e-21,5.678e-12,,
258.72,2.280e+4,3.264e+1,2.277e+4,1.120e-21,5.672e-12,,
258.75,1.407e+4,1.172e+1,1.406e+4,1.104e-21,5.664e-12,,
258.77,9.787e+3,5.579e+0,9.781e+3,1.094e-21,5.659e-12,,
258.80,5.444e+3,1.674e+0,5.442e+3,1.078e-21,5.651e-12,,
258.82,3.635e+3,7.069e-1,3.635e+3,1.067e-21,5.645e-12,,
258.84,2.441e+3,2.845e-1,2.440e+3,1.057e-21,5.640e-12,,
258.87,1.411e+3,6.639e-2,1.411e+3,1.041e-21,5.632e-12,,1.403e-24
258.89,1.058e+3,2.370e-2,1.058e+3,1.031e-21,5.627e-12,,8.931e-24
258.92,8.764e+2,4.622e-3,8.764e+2,1.015e-21,5.618e-12,,1.312e-22
258.94,9.661e+2,1.464e-3,9.661e+2,1.005e-21,5.613e-12,,7.420e-22
258.97,1.443e+3,2.385e-4,1.443e+3,9.888e-22,5.605e-12,,9.126e-21
258.99,2.016e+3,6.701e-5,2.016e+3,9.783e-22,5.600e-12,,4.583e-20
259.02,3.273e+3,9.123e-6,3.273e+3,9.626e-22,5.592e-12,,4.717e-19
259.04,4.347e+3,2.274e-6,4.347e+3,9.522e-22,5.586e-12,,2.104e-18
259.07,6.168e+3,2.587e-7,6.168e+3,9.364e-22,5.578e-12,,1.812e-17
259.09,7.388e+3,5.720e-8,7.388e+3,9.260e-22,5.573e-12,,7.178e-17
259.12,8.956e+3,5.437e-9,8.956e+3,9.103e-22,5.565e-12,,5.176e-16
259.14,9.690e+3,1.067e-9,9.690e+3,8.998e-22,5.559e-12,,1.821e-15
259.17,1.019e+4,8.478e-11,1.019e+4,8.841e-22,5.551e-12,,1.099e-14
259.19,1.011e+4,1.520e-11,1.011e+4,8.736e-22,5.546e-12,,3.432e-14
259.22,9.506e+3,7.669e-12,9.506e+3,8.579e-22,5.538e-12,,1.734e-13
259.24,8.878e+3,3.768e-11,8.878e+3,8.474e-22,5.532e-12,,4.810e-13
259.27,7.773e+3,4.607e-10,7.773e+3,8.317e-22,5.524e-12,,2.033e-12
259.29,7.002e+3,2.305e-9,7.002e+3,8.213e-22,5.519e-12,,5.010e-12
259.31,6.237e+3,1.100e-8,6.237e+3,8.108e-22,5.513e-12,,1.177e-11
259.34,5.128e+3,1.049e-7,5.128e+3,7.951e-22,5.505e-12,,3.879e-11
259.36,4.421e+3,4.446e-7,4.421e+3,7.846e-22,5.500e-12,,8.096e-11
259.39,3.420e+3,3.550e-6,3.420e+3,7.689e-22,5.492e-12,,2.233e-10
259.41,2.806e+3,1.337e-5,2.806e+3,7.584e-22,5.486e-12,,4.138e-10
259.44,1.994e+3,8.939e-5,1.994e+3,7.427e-22,5.478e-12,,9.552e-10
259.46,1.542e+3,2.990e-4,1.542e+3,7.322e-22,5.473e-12,,1.572e-9
259.49,1.028e+3,1.674e-3,1.028e+3,7.165e-22,5.465e-12,,3.037e-9
259.51,8.138e+2,4.975e-3,8.138e+2,7.061e-22,5.459e-12,,4.440e-9
259.54,7.561e+2,2.332e-2,7.561e+2,6.904e-22,5.451e-12,,7.180e-9
259.56,9.800e+2,6.156e-2,9.800e+2,6.799e-22,5.446e-12,,9.321e-9
259.59,2.005e+3,2.416e-1,2.005e+3,6.642e-22,5.438e-12,,1.261e-8
259.61,3.448e+3,5.666e-1,3.447e+3,6.537e-22,5.432e-12,,1.454e-8
259.64,7.548e+3,1.862e+0,7.546e+3,6.380e-22,5.424e-12,,1.647e-8
259.66,1.221e+4,3.879e+0,1.221e+4,6.275e-22,5.419e-12,,1.687e-8
259.69,2.342e+4,1.067e+1,2.340e+4,6.118e-22,5.411e-12,,1.599e-8
259.71,3.448e+4,1.975e+1,3.446e+4,6.013e-22,5.405e-12,,1.454e-8
259.74,5.757e+4,4.551e+1,5.753e+4,5.856e-22,5.397e-12,,1.154e-8
259.76,7.755e+4,7.483e+1,7.747e+4,5.752e-22,5.392e-12,,9.321e-9
259.79,1.137e+5,1.443e+2,1.136e+5,5.595e-22,5.384e-12,,6.190e-9
259.81,1.408e+5,2.108e+2,1.406e+5,5.490e-22,5.378e-12,,4.440e-9
259.83,1.686e+5,2.937e+2,1.683e+5,5.385e-22,5.373e-12,,3.037e-9
259.86,2.072e+5,4.418e+2,2.068e+5,5.228e-22,5.365e-12,,1.572e-9
259.88,2.276e+5,5.468e+2,2.271e+5,5.123e-22,5.360e-12,,9.552e-10
259.91,2.449e+5,6.887e+2,2.442e+5,4.966e-22,5.352e-12,,4.138e-10
259.93,2.453e+5,7.571e+2,2.445e+5,4.862e-22,5.346e-12,,2.233e-10
259.96,2.283e+5,7.986e+2,2.275e+5,4.705e-22,5.338e-12,,8.096e-11
259.98,2.069e+5,7.799e+2,2.061e+5,4.600e-22,5.333e-12,,3.879e-11
260.01,1.648e+5,6.887e+2,1.642e+5,4.443e-22,5.325e-12,,1.177e-11
260.03,1.342e+5,5.975e+2,1.336e+5,4.338e-22,5.319e-12,,5.010e-12
260.06,9.079e+4,4.418e+2,9.035e+4,4.181e-22,5.311e-12,,1.273e-12
260.08,6.614e+4,3.405e+2,6.580e+4,4.076e-22,5.306e-12,,4.810e-13
260.11,3.776e+4,2.108e+2,3.755e+4,6.270e-21,5.298e-12,,1.023e-13
260.13,2.453e+4,1.443e+2,2.439e+4,3.657e-20,5.292e-12,,3.432e-14
260.16,1.178e+4,7.483e+1,1.171e+4,4.715e-19,5.284e-12,,6.107e-15
260.18,6.820e+3,4.551e+1,6.774e+3,2.445e-18,5.279e-12,,1.821e-15
260.21,2.754e+3,1.976e+1,2.735e+3,2.643e-17,5.271e-12,,2.711e-16
260.23,1.425e+3,1.068e+1,1.414e+3,1.218e-16,5.265e-12,,7.178e-17
260.26,5.015e+2,3.930e+0,4.976e+2,1.104e-15,5.257e-12,,8.946e-18
260.28,2.587e+2,1.995e+0,2.567e+2,4.526e-15,5.252e-12,,2.104e-18
260.31,1.479e+2,1.084e+0,1.468e+2,3.439e-14,5.244e-12,,2.194e-19
260.33,1.644e+2,1.449e+0,1.629e+2,1.253e-13,5.238e-12,,4.583e-20
260.35,2.306e+2,2.786e+0,2.278e+2,4.357e-13,5.233e-12,,9.126e-21
260.38,4.310e+2,8.199e+0,4.228e+2,2.586e-12,5.225e-12,,7.420e-22
260.40,6.613e+2,1.619e+1,6.451e+2,7.993e-12,5.219e-12,,1.312e-22
260.43,1.259e+3,4.126e+1,1.218e+3,3.977e-11,5.211e-12,,1.310e-22
260.45,1.937e+3,7.260e+1,1.864e+3,1.093e-10,5.206e-12,,1.309e-22
260.48,3.675e+3,1.551e+2,3.520e+3,4.560e-10,5.198e-12,,1.306e-22
260.50,5.561e+3,2.427e+2,5.318e+3,1.114e-9,5.192e-12,,1.305e-22
260.53,9.969e+3,4.346e+2,9.534e+3,3.897e-9,5.184e-12,,1.303e-22
260.55,1.421e+4,6.043e+2,1.360e+4,8.466e-9,5.179e-12,,1.301e-22
260.58,2.265e+4,9.073e+2,2.174e+4,2.482e-8,5.171e-12,,1.299e-22
260.60,2.944e+4,1.122e+3,2.832e+4,4.794e-8,5.165e-12,,1.297e-22
260.63,4.033e+4,1.412e+3,3.892e+4,1.178e-7,5.157e-12,,1.295e-22
260.65,4.710e+4,1.553e+3,4.554e+4,2.024e-7,5.152e-12,,1.294e-22
260.68,5.463e+4,1.642e+3,5.299e+4,4.170e-7,5.144e-12,,1.291e-22
260.70,5.697e+4,1.609e+3,5.536e+4,6.366e-7,5.138e-12,,1.290e-22
260.73,5.565e+4,1.438e+3,5.421e+4,1.100e-6,5.130e-12,,1.288e-22
260.75,5.172e+4,1.267e+3,5.045e+4,1.493e-6,5.125e-12,,1.286e-22
260.78,4.251e+4,9.802e+2,4.153e+4,2.162e-6,5.117e-12,,1.284e-22
260.80,3.524e+4,7.994e+2,3.444e+4,2.609e-6,5.112e-12,,1.282e-22
260.82,2.794e+4,6.442e+2,2.729e+4,3.005e-6,5.106e-12,,1.281e-22
260.85,1.825e+4,4.718e+2,1.777e+4,3.400e-6,5.098e-12,,1.279e-22
260.87,1.316e+4,3.951e+2,1.277e+4,3.480e-6,5.093e-12,,1.277e-22
260.90,7.940e+3,3.208e+2,7.619e+3,3.301e-6,5.085e-12,,1.275e-22
260.92,6.046e+3,2.866e+2,5.759e+3,3.005e-6,5.079e-12,,1.273e-22
260.95,5.490e+3,2.420e+2,5.248e+3,2.389e-6,5.071e-12,,1.271e-22
260.97,6.677e+3,2.115e+2,6.466e+3,1.934e-6,5.066e-12,,1.270e-22
261.00,1.109e+4,1.629e+2,1.092e+4,1.289e-6,5.058e-12,,1.268e-22
261.02,1.602e+4,1.305e+2,1.589e+4,9.274e-7,5.052e-12,,1.266e-22
261.05,2.666e+4,8.632e+1,2.657e+4,5.183e-7,5.044e-12,,1.264e-22
261.07,3.574e+4,6.195e+1,3.568e+4,3.316e-7,5.039e-12,,1.262e-22
261.10,5.128e+4,3.456e+1,5.125e+4,1.553e-7,5.031e-12,,1.260e-22
261.12,6.178e+4,2.210e+1,6.175e+4,8.835e-8,5.025e-12,,1.259e-22
261.15,7.528e+4,1.035e+1,7.527e+4,3.470e-8,5.017e-12,,1.256e-22
261.17,8.145e+4,5.889e+0,8.145e+4,1.755e-8,5.012e-12,,1.255e-22
261.20,8.507e+4,2.313e+0,8.506e+4,5.778e-9,5.004e-12,,1.253e-22
261.22,8.370e+4,1.170e+0,8.370e+4,2.600e-9,4.998e-12,,1.251e-22
261.25,7.731e+4,3.855e-1,7.731e+4,7.289e-10,4.990e-12,,1.249e-22
261.27,7.140e+4,1.734e-1,7.140e+4,3.215e-10,4.985e-12,,1.247e-22
261.30,6.214e+4,4.816e-2,6.214e+4,2.265e-10,4.977e-12,,1.245e-22
261.32,5.650e+4,2.005e-2,5.650e+4,4.410e-10,4.971e-12,,1.244e-22
261.34,5.149e+4,1.000e-2,5.149e+4,1.046e-9,4.966e-12,,1.242e-22
261.37,4.482e+4,1.438e-2,4.482e+4,3.731e-9,4.958e-12,,1.240e-22
261.39,4.052e+4,3.468e-2,4.052e+4,8.253e-9,4.952e-12,,1.238e-22
261.42,3.371e+4,1.362e-1,3.371e+4,2.488e-8,4.944e-12,,1.236e-22
261.44,2.887e+4,3.229e-1,2.887e+4,4.899e-8,4.939e-12,,1.235e-22
261.47,2.154e+4,1.081e+0,2.154e+4,1.240e-7,4.931e-12,,1.232e-22
261.49,1.702e+4,2.281e+0,1.701e+4,2.172e-7,4.925e-12,,1.231e-22
261.52,1.145e+4,6.409e+0,1.144e+4,4.614e-7,4.917e-12,,1.229e-22
261.54,8.854e+3,1.204e+1,8.842e+3,7.191e-7,4.912e-12,,1.227e-22
261.57,6.909e+3,2.838e+1,6.880e+3,1.282e-6,4.904e-12,,1.225e-22
261.59,6.926e+3,4.744e+1,6.879e+3,1.778e-6,4.898e-12,,1.223e-22
261.62,8.758e+3,9.390e+1,8.664e+3,2.660e-6,4.890e-12,,1.221e-22
261.64,1.097e+4,1.396e+2,1.083e+4,3.283e-6,4.885e-12,,1.220e-22
261.67,1.522e+4,2.320e+2,1.499e+4,4.122e-6,4.877e-12,,1.217e-22
261.69,1.822e+4,3.070e+2,1.791e+4,4.526e-6,4.872e-12,,1.216e-22
261.72,2.209e+4,4.282e+2,2.166e+4,4.770e-6,4.863e-12,,1.214e-22
261.74,2.376e+4,5.042e+2,2.325e+4,4.660e-6,4.858e-12,,1.212e-22
261.77,2.436e+4,5.902e+2,2.377e+4,4.122e-6,4.850e-12,,1.210e-22
261.79,2.342e+4,6.185e+2,2.280e+4,3.583e-6,4.845e-12,,1.208e-22
261.82,2.034e+4,6.077e+2,1.973e+4,2.660e-6,4.836e-12,,1.206e-22
261.84,1.756e+4,5.666e+2,1.699e+4,2.057e-6,4.831e-12,,1.205e-22
261.86,1.457e+4,5.042e+2,1.406e+4,1.519e-6,4.826e-12,,1.203e-22
261.89,1.034e+4,3.878e+2,9.952e+3,8.822e-7,4.818e-12,,1.201e-22
261.91,7.997e+3,3.070e+2,7.690e+3,5.794e-7,4.812e-12,,1.199e-22
261.94,5.466e+3,1.983e+2,5.268e+3,2.825e-7,4.804e-12,,1.197e-22
261.96,4.464e+3,1.398e+2,4.324e+3,1.651e-7,4.799e-12,,1.196e-22
261.99,3.901e+3,7.628e+1,3.825e+3,6.755e-8,4.791e-12,,1.193e-22
262.01,4.063e+3,4.882e+1,4.014e+3,3.512e-8,4.785e-12,,1.192e-22
262.04,4.926e+3,2.588e+1,4.900e+3,1.206e-8,4.777e-12,,1.190e-22
262.06,5.789e+3,2.068e+1,5.769e+3,5.580e-9,4.772e-12,,1.188e-22
262.09,7.259e+3,2.715e+1,7.232e+3,1.609e-9,4.764e-12,,1.186e-22
262.11,8.186e+3,4.261e+1,8.143e+3,6.621e-10,4.758e-12,,1.184e-22
262.14,9.208e+3,8.911e+1,9.119e+3,1.602e-10,4.750e-12,,1.182e-22
262.16,9.513e+3,1.410e+2,9.372e+3,5.867e-11,4.745e-12,,1.181e-22
262.19,9.314e+3,2.591e+2,9.055e+3,1.191e-11,4.737e-12,,1.178e-22
262.21,8.780e+3,3.671e+2,8.413e+3,3.882e-12,4.731e-12,,1.177e-22
262.24,7.579e+3,5.675e+2,7.012e+3,6.616e-13,4.723e-12,,1.175e-22
262.26,6.681e+3,7.161e+2,5.965e+3,1.918e-13,4.718e-12,,1.173e-22
262.29,5.492e+3,9.301e+2,4.562e+3,2.744e-14,4.710e-12,,1.171e-22
262.31,4.970e+3,1.045e+3,3.925e+3,7.079e-15,4.704e-12,,1.169e-22
262.34,4.851e+3,1.140e+3,3.711e+3,8.498e-16,4.696e-12,,1.167e-22
262.36,5.359e+3,1.140e+3,4.219e+3,1.951e-16,4.691e-12,,1.166e-22
262.38,6.451e+3,1.088e+3,5.362e+3,4.274e-17,4.685e-12,,1.164e-22
262.41,9.362e+3,9.301e+2,8.432e+3,4.015e-18,4.677e-12,,1.162e-22
262.43,1.220e+4,7.904e+2,1.141e+4,7.825e-19,4.672e-12,,1.160e-22
262.46,1.761e+4,5.675e+2,1.704e+4,6.169e-20,4.664e-12,,1.158e-22
262.48,2.167e+4,4.294e+2,2.125e+4,1.070e-20,4.658e-12,,1.157e-22
262.51,2.758e+4,2.590e+2,2.732e+4,1.065e-20,4.650e-12,,1.154e-22
262.53,3.078e+4,1.744e+2,3.061e+4,1.061e-20,4.645e-12,,1.153e-22
262.56,3.357e+4,8.838e+1,3.348e+4,1.056e-20,4.637e-12,,1.151e-22
262.58,3.381e+4,5.300e+1,3.375e+4,1.053e-20,4.632e-12,,1.149e-22
262.61,3.193e+4,2.255e+1,3.191e+4,1.048e-20,4.623e-12,,1.147e-22
262.63,2.967e+4,1.204e+1,2.966e+4,1.044e-20,4.618e-12,,1.145e-22
262.66,2.598e+4,4.305e+0,2.598e+4,1.039e-20,4.610e-12,,1.143e-22
262.68,2.405e+4,2.046e+0,2.405e+4,1.036e-20,4.605e-12,,1.142e-22
262.71,2.281e+4,6.145e-1,2.280e+4,1.031e-20,4.596e-12,,1.139e-22
262.73,2.320e+4,2.603e-1,2.320e+4,1.027e-20,4.591e-12,,1.138e-22
262.76,2.522e+4,6.732e-2,2.522e+4,1.022e-20,4.583e-12,,1.136e-22
262.78,2.696e+4,2.965e-2,2.696e+4,1.019e-20,4.578e-12,,1.134e-22
262.81,2.917e+4,2.682e-2,2.917e+4,1.013e-20,4.569e-12,,1.132e-22
262.83,2.992e+4,5.612e-2,2.992e+4,1.010e-20,4.564e-12,,1.130e-22
262.85,3.000e+4,1.313e-1,3.000e+4,1.007e-20,4.559e-12,,1.129e-22
262.88,2.931e+4,4.473e-1,2.931e+4,1.001e-20,4.551e-12,,1.127e-22
262.90,2.894e+4,9.582e-1,2.894e+4,9.980e-21,4.545e-12,,1.125e-22
262.93,3.001e+4,2.756e+0,3.000e+4,9.928e-21,4.537e-12,,1.123e-22
262.95,3.260e+4,5.261e+0,3.260e+4,9.894e-21,4.532e-12,,1.121e-22
262.98,4.014e+4,1.273e+1,4.013e+4,9.843e-21,4.524e-12,,1.119e-22
263.00,4.752e+4,2.164e+1,4.750e+4,9.808e-21,4.518e-12,,1.118e-22
263.03,6.085e+4,4.403e+1,6.081e+4,9.757e-21,4.510e-12,,1.115e-22
263.05,6.991e+4,6.672e+1,6.984e+4,9.723e-21,4.505e-12,,1.114e-22
263.08,8.093e+4,1.141e+2,8.082e+4,9.671e-21,4.497e-12,,1.112e-22
263.10,8.507e+4,1.541e+2,8.492e+4,9.637e-21,4.491e-12,,1.110e-22
263.13,8.482e+4,2.217e+2,8.460e+4,9.585e-21,4.483e-12,,1.108e-22
263.15,8.026e+4,2.667e+2,7.999e+4,9.551e-21,4.478e-12,,1.107e-22
263.18,6.809e+4,3.227e+2,6.776e+4,9.500e-21,4.470e-12,,1.104e-22
263.20,5.778e+4,3.460e+2,5.743e+4,9.465e-21,4.464e-12,,1.103e-22
263.23,4.161e+4,3.526e+2,4.126e+4,9.414e-21,4.456e-12,,1.101e-22
263.25,3.166e+4,3.376e+2,3.133e+4,9.380e-21,4.451e-12,,1.099e-22
263.28,1.940e+4,2.923e+2,1.910e+4,9.328e-21,4.443e-12,,1.097e-22
263.30,1.328e+4,2.541e+2,1.302e+4,9.294e-21,4.437e-12,,1.095e-22
263.33,6.978e+3,1.998e+2,6.779e+3,9.242e-21,4.429e-12,,1.093e-22
263.35,4.350e+3,1.747e+2,4.175e+3,9.208e-21,4.424e-12,,1.092e-22
263.37,2.644e+3,1.652e+2,2.479e+3,9.174e-21,4.418e-12,,1.090e-22
263.40,1.258e+3,1.891e+2,1.069e+3,9.122e-21,4.410e-12,,1.088e-22
263.42,8.262e+2,2.342e+2,5.920e+2,9.088e-21,4.405e-12,,1.086e-22
263.45,5.839e+2,3.452e+2,2.387e+2,9.037e-21,4.397e-12,,1.084e-22
263.47,5.745e+2,4.426e+2,1.318e+2,9.002e-21,4.392e-12,,1.083e-22
263.50,6.670e+2,6.051e+2,6.186e+1,8.951e-21,4.383e-12,,1.080e-22
263.52,7.559e+2,7.084e+2,4.746e+1,8.917e-21,4.378e-12,,1.079e-22
263.55,8.803e+2,8.259e+2,5.437e+1,8.865e-21,4.370e-12,,1.077e-22
263.57,9.390e+2,8.645e+2,7.459e+1,8.831e-21,4.365e-12,,1.075e-22
263.60,9.772e+2,8.494e+2,1.277e+2,8.779e-21,4.356e-12,,1.073e-22
263.62,9.709e+2,7.927e+2,1.782e+2,8.745e-21,4.351e-12,,1.071e-22
263.65,9.283e+2,6.555e+2,2.728e+2,8.694e-21,4.343e-12,,1.069e-22
263.67,8.885e+2,5.452e+2,3.433e+2,8.659e-21,4.338e-12,,1.068e-22
263.70,8.258e+2,3.793e+2,4.465e+2,8.608e-21,4.329e-12,,1.065e-22
263.72,7.853e+2,2.812e+2,5.041e+2,8.574e-21,4.324e-12,,1.064e-22
263.75,7.248e+2,1.646e+2,5.601e+2,8.522e-21,4.316e-12,,1.062e-22
263.77,6.821e+2,1.088e+2,5.733e+2,8.488e-21,4.311e-12,,1.060e-22
263.80,6.131e+2,5.357e+1,5.596e+2,8.437e-21,4.303e-12,,1.058e-22
263.82,5.660e+2,3.154e+1,5.345e+2,8.402e-21,4.297e-12,,1.056e-22
263.85,5.006e+2,1.307e+1,4.875e+2,8.351e-21,4.289e-12,,1.054e-22
263.87,4.643e+2,6.858e+0,4.575e+2,8.317e-21,4.284e-12,,1.053e-22
263.89,4.352e+2,3.437e+0,4.318e+2,8.282e-21,4.278e-12,,1.051e-22
263.92,4.022e+2,1.120e+0,4.010e+2,8.231e-21,4.270e-12,,1.049e-22
263.94,3.832e+2,5.032e-1,3.827e+2,8.196e-21,4.265e-12,,1.047e-22
263.97,3.517e+2,1.541e-1,3.515e+2,8.145e-21,4.257e-12,,1.045e-22
263.99,3.260e+2,9.973e-2,3.259e+2,8.111e-21,4.251e-12,,1.044e-22
264.02,2.814e+2,1.883e-1,2.812e+2,8.059e-21,4.243e-12,,1.041e-22
264.04,2.506e+2,4.145e-1,2.502e+2,8.025e-21,4.238e-12,,1.040e-22
264.07,2.103e+2,1.341e+0,2.089e+2,7.974e-21,4.230e-12,,1.038e-22
264.09,1.909e+2,2.788e+0,1.881e+2,7.939e-21,4.224e-12,,1.036e-22
264.12,1.764e+2,7.676e+0,1.687e+2,7.888e-21,4.216e-12,,1.034e-22
264.14,1.765e+2,1.424e+1,1.623e+2,7.854e-21,4.211e-12,,1.032e-22
264.17,1.899e+2,3.302e+1,1.569e+2,7.802e-21,4.203e-12,,1.030e-22
264.19,2.074e+2,5.463e+1,1.528e+2,7.768e-21,4.197e-12,,1.029e-22
264.22,2.478e+2,1.067e+2,1.411e+2,7.716e-21,4.189e-12,,1.026e-22
264.24,2.863e+2,1.575e+2,1.288e+2,7.682e-21,4.184e-12,,1.025e-22
264.27,3.639e+2,2.590e+2,1.049e+2,7.631e-21,4.176e-12,,1.023e-22
264.29,4.282e+2,3.409e+2,8.726e+1,7.596e-21,4.170e-12,,1.021e-22
264.32,5.345e+2,4.724e+2,6.213e+1,7.545e-21,4.162e-12,,1.019e-22
264.34,6.026e+2,5.545e+2,4.815e+1,7.511e-21,4.157e-12,,1.017e-22
264.37,6.802e+2,6.471e+2,3.313e+1,7.459e-21,4.149e-12,,1.015e-22
264.39,7.047e+2,6.774e+2,2.727e+1,7.425e-21,4.143e-12,,1.014e-22
264.41,7.017e+2,6.774e+2,2.433e+1,7.391e-21,4.138e-12,,1.012e-22
264.44,6.456e+2,6.217e+2,2.396e+1,7.339e-21,4.130e-12,,1.010e-22
264.46,5.797e+2,5.545e+2,2.526e+1,7.305e-21,4.125e-12,,1.008e-22
264.49,4.563e+2,4.286e+2,2.766e+1,7.253e-21,4.116e-12,,1.006e-22
264.51,3.696e+2,3.409e+2,2.866e+1,7.219e-21,4.111e-12,,1.005e-22
264.54,2.503e+2,2.220e+2,2.834e+1,7.168e-21,4.103e-12,,1.002e-22
264.56,1.842e+2,1.575e+2,2.678e+1,7.133e-21,4.098e-12,,1.001e-22
264.59,1.092e+2,8.635e+1,2.281e+1,7.082e-21,4.089e-12,,9.987e-23
264.61,7.420e+1,5.463e+1,1.956e+1,7.048e-21,4.084e-12,,9.972e-23
264.64,4.002e+1,2.523e+1,1.479e+1,6.996e-21,4.076e-12,,9.949e-23
264.66,2.648e+1,1.424e+1,1.224e+1,6.962e-21,4.071e-12,,9.934e-23
264.69,1.573e+1,5.539e+0,1.019e+1,6.911e-21,4.063e-12,,9.912e-23
264.71,1.316e+1,2.788e+0,1.038e+1,6.876e-21,4.057e-12,,9.897e-23
264.74,1.440e+1,9.135e-1,1.348e+1,6.825e-21,4.049e-12,,9.874e-23
264.76,1.810e+1,4.100e-1,1.769e+1,6.790e-21,4.044e-12,,9.859e-23
264.79,2.767e+1,1.132e-1,2.756e+1,6.739e-21,4.036e-12,,9.837e-23
264.81,3.672e+1,4.530e-2,3.667e+1,6.705e-21,4.030e-12,,9.822e-23
264.84,5.425e+1,1.053e-2,5.424e+1,6.653e-21,4.022e-12,,9.799e-23
264.86,6.844e+1,3.759e-3,6.844e+1,6.619e-21,4.017e-12,,9.785e-23
264.88,8.437e+1,1.282e-3,8.437e+1,6.585e-21,4.011e-12,,9.770e-23
264.91,1.106e+2,2.344e-4,1.106e+2,6.533e-21,4.003e-12,,9.747e-23
264.93,1.287e+2,7.129e-5,1.287e+2,6.499e-21,3.998e-12,,9.732e-23
264.96,1.545e+2,1.099e-5,1.545e+2,6.448e-21,3.990e-12,,9.710e-23
264.98,1.692e+2,3.026e-6,1.692e+2,6.413e-21,3.984e-12,,9.695e-23
265.01,1.846e+2,7.792e-7,1.846e+2,6.362e-21,3.976e-12,,9.672e-23
265.03,1.891e+2,1.592e-6,1.891e+2,6.328e-21,3.971e-12,,9.657e-23
265.06,1.860e+2,1.025e-5,1.860e+2,6.276e-21,3.963e-12,,9.635e-23
265.08,1.776e+2,3.485e-5,1.776e+2,6.242e-21,3.957e-12,,9.620e-23
265.11,1.575e+2,2.009e-4,1.575e+2,6.190e-21,3.949e-12,,9.597e-23
265.13,1.406e+2,6.105e-4,1.406e+2,6.156e-21,3.944e-12,,9.582e-23
265.16,1.133e+2,2.969e-3,1.133e+2,6.105e-21,3.936e-12,,9.560e-23
265.18,9.561e+1,8.054e-3,9.560e+1,6.070e-21,3.930e-12,,9.545e-23
265.21,7.184e+1,3.305e-2,7.180e+1,6.019e-21,3.922e-12,,9.522e-23
265.23,5.874e+1,8.003e-2,5.866e+1,5.985e-21,3.917e-12,,9.507e-23
265.26,4.405e+1,2.770e-1,4.377e+1,5.933e-21,3.909e-12,,9.485e-23
265.28,3.778e+1,5.989e-1,3.718e+1,5.899e-21,3.903e-12,,9.470e-23
265.31,3.373e+1,1.749e+0,3.198e+1,5.847e-21,3.895e-12,,9.448e-23
265.33,3.460e+1,3.376e+0,3.122e+1,5.813e-21,3.890e-12,,9.433e-23
265.36,4.132e+1,8.315e+0,3.301e+1,5.762e-21,3.882e-12,,9.410e-23
265.38,4.965e+1,1.433e+1,3.532e+1,5.727e-21,3.876e-12,,9.395e-23
265.40,6.143e+1,2.360e+1,3.783e+1,5.693e-21,3.871e-12,,9.380e-23
265.43,8.657e+1,4.582e+1,4.076e+1,5.642e-21,3.863e-12,,9.358e-23
265.45,1.089e+2,6.737e+1,4.153e+1,5.607e-21,3.858e-12,,9.343e-23
265.48,1.507e+2,1.103e+2,4.043e+1,5.556e-21,3.849e-12,,9.320e-23
265.50,1.831e+2,1.448e+2,3.828e+1,5.522e-21,3.844e-12,,9.305e-23
265.53,2.338e+2,2.001e+2,3.373e+1,5.470e-21,3.836e-12,,9.283e-23
265.55,2.650e+2,2.345e+2,3.054e+1,5.436e-21,3.831e-12,,9.268e-23
265.58,3.004e+2,2.733e+2,2.707e+1,5.384e-21,3.823e-12,,9.245e-23
265.60,3.126e+2,2.860e+2,2.663e+1,5.350e-21,3.817e-12,,9.230e-23
265.63,3.116e+2,2.812e+2,3.049e+1,5.299e-21,3.809e-12,,9.208e-23
265.65,2.996e+2,2.627e+2,3.694e+1,5.264e-21,3.804e-12,,9.193e-23
265.68,2.711e+2,2.178e+2,5.329e+1,5.213e-21,3.796e-12,,9.170e-23
265.70,2.502e+2,1.817e+2,6.852e+1,5.179e-21,3.790e-12,,9.155e-23
265.73,2.232e+2,1.271e+2,9.610e+1,5.127e-21,3.782e-12,,9.133e-23
265.75,2.103e+2,9.466e+1,1.156e+2,5.093e-21,3.777e-12,,9.118e-23
265.78,1.976e+2,5.587e+1,1.417e+2,5.042e-21,3.769e-12,,9.096e-23
265.80,1.913e+2,3.715e+1,1.542e+2,5.007e-21,3.763e-12,,9.081e-23
265.83,1.798e+2,1.849e+1,1.613e+2,4.956e-21,3.755e-12,,9.058e-23
265.85,1.684e+2,1.098e+1,1.574e+2,4.922e-21,3.750e-12,,9.043e-23
265.88,1.445e+2,4.611e+0,1.399e+2,4.870e-21,3.742e-12,,9.021e-23
265.90,1.250e+2,2.443e+0,1.226e+2,4.836e-21,3.736e-12,,9.006e-23
265.92,1.042e+2,1.237e+0,1.030e+2,4.801e-21,3.731e-12,,8.991e-23
265.95,7.402e+1,4.096e-1,7.361e+1,4.750e-21,3.723e-12,,8.968e-23
265.97,5.653e+1,1.852e-1,5.634e+1,4.716e-21,3.717e-12,,8.953e-23
266.00,3.615e+1,5.172e-2,3.610e+1,4.664e-21,3.709e-12,,8.931e-23
266.02,2.676e+1,2.088e-2,2.674e+1,4.630e-21,3.704e-12,,8.916e-23
266.05,1.844e+1,4.918e-3,1.843e+1,4.579e-21,3.696e-12,,8.893e-23
266.07,1.622e+1,1.773e-3,1.621e+1,4.544e-21,3.690e-12,,8.878e-23
266.10,1.724e+1,3.561e-4,1.724e+1,4.493e-21,3.682e-12,,8.856e-23
266.12,2.093e+1,1.272e-4,2.093e+1,4.459e-21,3.677e-12,,8.841e-23
266.15,3.281e+1,1.067e-4,3.281e+1,4.407e-21,3.669e-12,,8.819e-23
266.17,4.768e+1,2.894e-4,4.768e+1,4.373e-21,3.663e-12,,8.804e-23
266.20,8.972e+1,1.520e-3,8.972e+1,4.321e-21,3.655e-12,,8.781e-23
266.22,1.402e+2,4.393e-3,1.402e+2,4.287e-21,3.650e-12,,8.766e-23
266.25,2.732e+2,1.987e-2,2.731e+2,4.236e-21,3.642e-12,,8.744e-23
266.27,4.176e+2,5.138e-2,4.175e+2,4.201e-21,3.636e-12,,8.729e-23
266.30,7.484e+2,1.964e-1,7.482e+2,4.150e-21,3.628e-12,,8.706e-23
266.32,1.057e+3,4.541e-1,1.057e+3,4.116e-21,3.623e-12,,8.691e-23
266.35,1.651e+3,1.468e+0,1.650e+3,4.064e-21,3.615e-12,,8.669e-23
266.37,2.113e+3,3.035e+0,2.110e+3,4.030e-21,3.609e-12,,8.654e-23
266.39,2.596e+3,5.999e+0,2.590e+3,3.996e-21,3.604e-12,,8.639e-23
266.42,3.281e+3,1.533e+1,3.266e+3,3.944e-21,3.596e-12,,8.616e-23
266.44,3.658e+3,2.710e+1,3.631e+3,3.910e-21,3.591e-12,,8.601e-23
266.47,4.043e+3,5.856e+1,3.984e+3,3.858e-21,3.583e-12,,8.579e-23
266.49,4.174e+3,9.257e+1,4.081e+3,3.824e-21,3.577e-12,,8.564e-23
266.52,4.224e+3,1.692e+2,4.055e+3,3.773e-21,3.569e-12,,8.541e-23
266.54,4.206e+3,2.392e+2,3.967e+3,3.738e-21,3.564e-12,,8.526e-23
266.57,4.172e+3,3.697e+2,3.802e+3,3.687e-21,3.556e-12,,8.504e-23
266.59,4.164e+3,4.674e+2,3.696e+3,3.653e-21,3.550e-12,,8.489e-23
266.62,4.150e+3,6.113e+2,3.539e+3,3.601e-21,3.542e-12,,8.467e-23
266.64,4.104e+3,6.916e+2,3.412e+3,3.567e-21,3.537e-12,,8.452e-23
266.67,3.905e+3,7.663e+2,3.139e+3,3.515e-21,3.529e-12,,8.429e-23
266.69,3.659e+3,7.770e+2,2.882e+3,3.481e-21,3.523e-12,,8.414e-23
266.72,3.127e+3,7.330e+2,2.394e+3,3.430e-21,3.515e-12,,8.392e-23
266.74,2.695e+3,6.707e+2,2.024e+3,3.395e-21,3.510e-12,,8.377e-23
266.77,2.015e+3,5.502e+2,1.465e+3,3.344e-21,3.502e-12,,8.354e-23
266.79,1.591e+3,4.668e+2,1.124e+3,3.310e-21,3.496e-12,,8.339e-23
266.82,1.062e+3,3.588e+2,7.032e+2,3.258e-21,3.488e-12,,8.317e-23
266.84,7.979e+2,3.057e+2,4.923e+2,3.224e-21,3.483e-12,,8.302e-23
266.87,5.305e+2,2.564e+2,2.740e+2,3.173e-21,3.475e-12,,8.279e-23
266.89,4.225e+2,2.400e+2,1.824e+2,3.138e-21,3.469e-12,,8.264e-23
266.91,3.541e+2,2.313e+2,1.227e+2,3.104e-21,3.464e-12,,8.249e-23
266.94,2.955e+2,2.222e+2,7.331e+1,3.053e-21,3.456e-12,,8.227e-23
266.96,2.699e+2,2.130e+2,5.696e+1,3.018e-21,3.450e-12,,8.212e-23
266.99,2.353e+2,1.896e+2,4.574e+1,2.967e-21,3.442e-12,,8.189e-23
267.01,2.110e+2,1.677e+2,4.326e+1,2.933e-21,3.437e-12,,8.174e-23
267.04,1.729e+2,1.293e+2,4.363e+1,2.881e-21,3.429e-12,,8.152e-23
267.06,1.487e+2,1.030e+2,4.563e+1,2.847e-21,3.423e-12,,8.137e-23
267.09,1.177e+2,6.752e+1,5.018e+1,2.795e-21,3.415e-12,,8.115e-23
267.11,1.018e+2,4.819e+1,5.362e+1,2.761e-21,3.410e-12,,8.100e-23
267.14,8.489e+1,2.672e+1,5.818e+1,2.710e-21,3.402e-12,,8.077e-23
267.16,7.713e+1,1.705e+1,6.008e+1,2.675e-21,3.396e-12,,8.062e-23
267.19,6.824e+1,7.991e+0,6.024e+1,2.624e-21,3.388e-12,,8.040e-23
267.21,6.283e+1,4.558e+0,5.827e+1,2.590e-21,3.383e-12,,8.025e-23
267.24,5.413e+1,1.805e+0,5.232e+1,2.538e-21,3.375e-12,,8.002e-23
267.26,4.768e+1,9.206e-1,4.676e+1,2.504e-21,3.369e-12,,7.987e-23
267.29,3.741e+1,3.081e-1,3.711e+1,2.452e-21,3.361e-12,,7.965e-23
267.31,3.064e+1,1.404e-1,3.050e+1,2.418e-21,3.356e-12,,7.950e-23
267.34,2.144e+1,3.973e-2,2.140e+1,2.367e-21,3.348e-12,,7.927e-23
267.36,1.632e+1,1.625e-2,1.631e+1,2.332e-21,3.343e-12,,7.912e-23
267.39,1.052e+1,4.283e-3,1.051e+1,2.281e-21,3.334e-12,,7.890e-23
267.41,7.891e+0,2.704e-3,7.888e+0,2.247e-21,3.329e-12,,7.875e-23
267.43,6.158e+0,4.341e-3,6.154e+0,2.212e-21,3.324e-12,,7.860e-23
267.46,4.942e+0,1.823e-2,4.923e+0,2.161e-21,3.316e-12,,7.838e-23
267.48,4.859e+0,4.822e-2,4.810e+0,2.127e-21,3.310e-12,,7.823e-23
267.51,5.596e+0,1.920e-1,5.404e+0,2.075e-21,3.302e-12,,7.800e-23
267.53,6.639e+0,4.566e-1,6.182e+0,2.041e-21,3.297e-12,,7.785e-23
267.56,9.306e+0,1.540e+0,7.766e+0,1.989e-21,3.289e-12,,7.763e-23
267.58,1.229e+1,3.275e+0,9.012e+0,1.955e-21,3.283e-12,,7.748e-23
267.61,2.031e+1,9.346e+0,1.096e+1,1.904e-21,3.275e-12,,7.725e-23
267.63,2.994e+1,1.779e+1,1.216e+1,1.869e-21,3.270e-12,,7.710e-23
267.66,5.643e+1,4.295e+1,1.348e+1,1.818e-21,3.262e-12,,7.688e-23
267.68,8.702e+1,7.313e+1,1.389e+1,1.784e-21,3.256e-12,,7.673e-23
267.71,1.631e+2,1.494e+2,1.365e+1,1.732e-21,3.248e-12,,7.650e-23
267.73,2.406e+2,2.276e+2,1.296e+1,1.698e-21,3.243e-12,,7.635e-23
267.76,4.050e+2,3.936e+2,1.140e+1,1.647e-21,3.235e-12,,7.613e-23
267.78,5.466e+2,5.364e+2,1.024e+1,1.612e-21,3.229e-12,,7.598e-23
267.81,7.937e+2,7.849e+2,8.828e+0,1.561e-21,3.221e-12,,7.575e-23
267.83,9.653e+2,9.569e+2,8.384e+0,1.526e-21,3.216e-12,,7.560e-23
267.86,1.194e+3,1.185e+3,8.877e+0,1.475e-21,3.208e-12,,7.538e-23
267.88,1.302e+3,1.292e+3,1.016e+1,1.441e-21,3.202e-12,,7.523e-23
267.91,1.368e+3,1.354e+3,1.374e+1,1.389e-21,3.194e-12,,7.501e-23
267.93,1.338e+3,1.321e+3,1.724e+1,1.355e-21,3.189e-12,,7.486e-23
267.95,1.255e+3,1.233e+3,2.157e+1,1.321e-21,3.183e-12,,7.471e-23
267.98,1.052e+3,1.023e+3,2.927e+1,1.269e-21,3.175e-12,,7.448e-23
268.00,8.886e+2,8.537e+2,3.484e+1,1.235e-21,3.170e-12,,7.433e-23
268.03,6.422e+2,5.991e+2,4.308e+1,1.184e-21,3.162e-12,,7.411e-23
268.05,4.956e+2,4.475e+2,4.807e+1,1.149e-21,3.156e-12,,7.396e-23
268.08,3.202e+2,2.657e+2,5.445e+1,1.098e-21,3.148e-12,,7.373e-23
268.10,2.356e+2,1.775e+2,5.809e+1,1.064e-21,3.143e-12,,7.358e-23
268.13,1.529e+2,8.921e+1,6.364e+1,1.012e-21,3.135e-12,,7.336e-23
268.15,1.218e+2,5.333e+1,6.851e+1,9.778e-22,3.129e-12,,7.321e-23
268.18,1.032e+2,2.267e+1,8.054e+1,9.264e-22,3.121e-12,,7.298e-23
268.20,1.065e+2,1.212e+1,9.442e+1,8.921e-22,3.116e-12,,7.283e-23
268.23,1.356e+2,4.361e+0,1.312e+2,8.406e-22,3.108e-12,,7.261e-23
268.25,1.746e+2,2.087e+0,1.725e+2,8.063e-22,3.103e-12,,7.246e-23
268.28,2.740e+2,6.351e-1,2.734e+2,7.549e-22,3.094e-12,,7.223e-23
268.30,3.754e+2,2.718e-1,3.752e+2,7.206e-22,3.089e-12,,7.208e-23
268.33,5.907e+2,7.001e-2,5.906e+2,6.692e-22,3.081e-12,,7.186e-23
268.35,7.765e+2,2.682e-2,7.765e+2,6.349e-22,3.076e-12,,7.171e-23
268.38,1.102e+3,5.923e-3,1.102e+3,5.834e-22,3.067e-12,,7.149e-23
268.40,1.329e+3,2.265e-3,1.329e+3,5.491e-22,3.062e-12,,7.134e-23
268.42,1.540e+3,1.471e-3,1.540e+3,5.149e-22,3.057e-12,,7.119e-23
268.45,1.777e+3,4.191e-3,1.777e+3,4.634e-22,3.049e-12,,7.096e-23
268.47,1.853e+3,1.132e-2,1.853e+3,4.291e-22,3.043e-12,,7.081e-23
268.50,1.820e+3,4.780e-2,1.820e+3,3.777e-22,3.035e-12,,7.059e-23
268.52,1.703e+3,1.184e-1,1.703e+3,3.434e-22,3.030e-12,,7.044e-23
268.55,1.422e+3,4.248e-1,1.421e+3,2.919e-22,3.022e-12,,7.021e-23
268.57,1.194e+3,9.421e-1,1.193e+3,2.577e-22,3.016e-12,,7.006e-23
268.60,8.500e+2,2.864e+0,8.471e+2,2.062e-22,3.008e-12,,6.984e-23
268.62,6.454e+2,5.686e+0,6.397e+2,1.719e-22,3.003e-12,,6.969e-23
268.65,4.036e+2,1.464e+1,3.890e+2,1.205e-22,2.995e-12,,6.946e-23
268.67,2.922e+2,2.602e+1,2.661e+2,8.619e-23,2.989e-12,,6.931e-23
268.70,1.980e+2,5.676e+1,1.412e+2,3.475e-23,2.981e-12,,6.909e-23
268.72,1.797e+2,9.033e+1,8.938e+1,2.257e-22,2.976e-12,,6.894e-23
268.75,2.105e+2,1.669e+2,4.357e+1,2.942e-21,2.968e-12,,6.871e-23
268.77,2.647e+2,2.378e+2,2.692e+1,1.542e-20,2.962e-12,,6.857e-23
268.80,3.858e+2,3.722e+2,1.356e+1,1.706e-19,2.954e-12,,6.834e-23
268.82,4.838e+2,4.748e+2,9.017e+0,8.014e-19,2.949e-12,,6.819e-23
268.85,6.350e+2,6.295e+2,5.455e+0,7.518e-18,2.941e-12,,6.797e-23
268.87,7.232e+2,7.189e+2,4.333e+0,3.166e-17,2.935e-12,,6.782e-23
268.90,8.116e+2,8.074e+2,4.157e+0,2.520e-16,2.927e-12,,6.759e-23
268.92,8.309e+2,8.255e+2,5.464e+0,9.510e-16,2.922e-12,,6.744e-23
268.94,8.162e+2,8.074e+2,8.831e+0,3.435e-15,2.916e-12,,6.729e-23
268.97,7.402e+2,7.189e+2,2.130e+1,2.173e-14,2.908e-12,,6.707e-23
268.99,6.681e+2,6.295e+2,3.856e+1,7.034e-14,2.903e-12,,6.692e-23
269.02,5.634e+2,4.748e+2,8.868e+1,3.775e-13,2.895e-12,,6.669e-23
269.04,5.192e+2,3.722e+2,1.470e+2,1.096e-12,2.889e-12,,6.654e-23
269.07,5.273e+2,2.378e+2,2.895e+2,4.989e-12,2.881e-12,,6.632e-23
269.09,5.975e+2,1.669e+2,4.306e+2,1.298e-11,2.876e-12,,6.617e-23
269.12,8.096e+2,9.033e+1,7.193e+2,5.017e-11,2.868e-12,,6.594e-23
269.14,1.015e+3,5.676e+1,9.584e+2,1.170e-10,2.863e-12,,6.579e-23
269.17,1.383e+3,2.602e+1,1.357e+3,3.839e-10,2.854e-12,,6.557e-23
269.19,1.634e+3,1.464e+1,1.619e+3,8.025e-10,2.849e-12,,6.542e-23
269.22,1.949e+3,5.686e+0,1.944e+3,2.235e-9,2.841e-12,,6.520e-23
269.24,2.081e+3,2.864e+0,2.078e+3,4.190e-9,2.836e-12,,6.505e-23
269.27,2.116e+3,9.421e-1,2.115e+3,9.907e-9,2.827e-12,,6.482e-23
269.29,2.027e+3,4.248e-1,2.026e+3,1.665e-8,2.822e-12,,6.467e-23
269.32,1.751e+3,1.184e-1,1.751e+3,3.344e-8,2.814e-12,,6.445e-23
269.34,1.505e+3,4.779e-2,1.505e+3,5.041e-8,2.809e-12,,6.430e-23
269.37,1.107e+3,1.128e-2,1.107e+3,8.602e-8,2.800e-12,,6.407e-23
269.39,8.560e+2,4.078e-3,8.560e+2,1.164e-7,2.795e-12,,6.392e-23
269.42,5.400e+2,8.155e-4,5.400e+2,1.690e-7,2.787e-12,,6.370e-23
269.44,3.794e+2,2.639e-4,3.794e+2,2.056e-7,2.782e-12,,6.355e-23
269.46,2.586e+2,8.168e-5,2.586e+2,2.398e-7,2.776e-12,,6.340e-23
269.49,1.419e+2,1.295e-5,1.419e+2,2.799e-7,2.768e-12,,6.317e-23
269.51,9.794e+1,3.589e-6,9.794e+1,2.955e-7,2.763e-12,,6.302e-23
269.54,6.832e+1,4.888e-7,6.832e+1,2.995e-7,2.755e-12,,6.280e-23
269.56,6.636e+1,1.475e-7,6.636e+1,2.903e-7,2.749e-12,,6.265e-23
269.59,8.270e+1,2.247e-7,8.270e+1,2.637e-7,2.741e-12,,6.242e-23
269.61,1.034e+2,7.722e-7,1.034e+2,2.416e-7,2.736e-12,,6.227e-23
269.64,1.444e+2,4.929e-6,1.444e+2,2.082e-7,2.728e-12,,6.205e-23
269.66,1.749e+2,1.610e-5,1.749e+2,1.881e-7,2.722e-12,,6.190e-23
269.69,2.179e+2,8.750e-5,2.179e+2,1.630e-7,2.714e-12,,6.168e-23
269.71,2.404e+2,2.561e-4,2.404e+2,1.493e-7,2.709e-12,,6.153e-23
269.74,2.583e+2,1.181e-3,2.583e+2,1.318e-7,2.701e-12,,6.130e-23
269.76,2.576e+2,3.098e-3,2.576e+2,1.214e-7,2.695e-12,,6.115e-23
269.79,2.383e+2,1.212e-2,2.383e+2,1.069e-7,2.687e-12,,6.093e-23
269.81,2.158e+2,2.850e-2,2.158e+2,9.795e-8,2.682e-12,,6.078e-23
269.84,1.740e+2,9.462e-2,1.739e+2,8.594e-8,2.674e-12,,6.055e-23
269.86,1.451e+2,1.993e-1,1.449e+2,7.921e-8,2.668e-12,,6.040e-23
269.89,1.056e+2,5.615e-1,1.051e+2,7.153e-8,2.660e-12,,6.018e-23
269.91,8.408e+1,1.060e+0,8.302e+1,6.819e-8,2.655e-12,,6.003e-23
269.94,6.026e+1,2.534e+0,5.773e+1,6.579e-8,2.647e-12,,5.980e-23
269.96,4.997e+1,4.287e+0,4.568e+1,6.566e-8,2.641e-12,,5.965e-23
269.98,4.381e+1,6.943e+0,3.686e+1,6.634e-8,2.636e-12,,5.950e-23
270.01,4.159e+1,1.318e+1,2.841e+1,6.791e-8,2.628e-12,,5.928e-23
270.03,4.450e+1,1.913e+1,2.536e+1,6.864e-8,2.623e-12,,5.913e-23
270.06,5.536e+1,3.082e+1,2.454e+1,6.824e-8,2.614e-12,,5.890e-23
270.08,6.732e+1,4.009e+1,2.723e+1,6.654e-8,2.609e-12,,5.876e-23
270.11,9.435e+1,5.479e+1,3.956e+1,6.156e-8,2.601e-12,,5.853e-23
270.13,1.211e+2,6.387e+1,5.724e+1,5.678e-8,2.596e-12,,5.838e-23
270.16,1.830e+2,7.407e+1,1.090e+2,4.807e-8,2.587e-12,,5.816e-23
270.18,2.467e+2,7.740e+1,1.693e+2,4.182e-8,2.582e-12,,5.801e-23
270.21,3.929e+2,7.622e+1,3.167e+2,3.285e-8,2.574e-12,,5.778e-23
270.23,5.342e+2,7.152e+1,4.627e+2,2.768e-8,2.569e-12,,5.763e-23
270.26,8.215e+2,6.031e+1,7.612e+2,2.186e-8,2.560e-12,,5.741e-23
270.28,1.060e+3,5.167e+1,1.008e+3,1.954e-8,2.555e-12,,5.726e-23
270.31,1.460e+3,4.032e+1,1.419e+3,1.857e-8,2.547e-12,,5.703e-23
270.33,1.726e+3,3.605e+1,1.690e+3,1.960e-8,2.542e-12,,5.688e-23
270.36,2.062e+3,3.901e+1,2.023e+3,2.337e-8,2.534e-12,,5.666e-23
270.38,2.211e+3,5.041e+1,2.160e+3,2.708e-8,2.528e-12,,5.651e-23
270.41,2.286e+3,8.855e+1,2.197e+3,3.360e-8,2.520e-12,,5.628e-23
270.43,2.238e+3,1.327e+2,2.105e+3,3.798e-8,2.515e-12,,5.613e-23
270.45,2.128e+3,1.957e+2,1.933e+3,4.185e-8,2.509e-12,,5.598e-23
270.48,1.902e+3,3.306e+2,1.572e+3,4.579e-8,2.501e-12,,5.576e-23
270.50,1.752e+3,4.480e+2,1.304e+3,4.674e-8,2.496e-12,,5.561e-23
270.53,1.584e+3,6.580e+2,9.259e+2,4.539e-8,2.488e-12,,5.539e-23
270.55,1.527e+3,8.100e+2,7.172e+2,4.277e-8,2.482e-12,,5.524e-23
270.58,1.521e+3,1.029e+3,4.918e+2,3.694e-8,2.474e-12,,5.501e-23
270.60,1.552e+3,1.152e+3,3.999e+2,3.230e-8,2.469e-12,,5.486e-23
270.63,1.607e+3,1.274e+3,3.336e+2,2.510e-8,2.461e-12,,5.464e-23
270.65,1.628e+3,1.304e+3,3.234e+2,2.061e-8,2.455e-12,,5.449e-23
270.68,1.613e+3,1.276e+3,3.368e+2,1.489e-8,2.447e-12,,5.426e-23
270.70,1.574e+3,1.219e+3,3.550e+2,1.198e-8,2.442e-12,,5.411e-23
270.73,1.493e+3,1.105e+3,3.876e+2,9.209e-9,2.434e-12,,5.389e-23
270.75,1.439e+3,1.027e+3,4.122e+2,8.497e-9,2.428e-12,,5.374e-23
270.78,1.382e+3,9.258e+2,4.564e+2,9.142e-9,2.420e-12,,5.351e-23
270.80,1.365e+3,8.728e+2,4.918e+2,1.064e-8,2.415e-12,,5.336e-23
270.83,1.359e+3,8.072e+2,5.515e+2,1.419e-8,2.407e-12,,5.314e-23
270.85,1.355e+3,7.640e+2,5.909e+2,1.711e-8,2.401e-12,,5.299e-23
270.88,1.324e+3,6.864e+2,6.380e+2,2.161e-8,2.393e-12,,5.276e-23
270.90,1.279e+3,6.228e+2,6.559e+2,2.423e-8,2.388e-12,,5.261e-23
270.93,1.175e+3,5.140e+2,6.612e+2,2.685e-8,2.380e-12,,5.239e-23
270.95,1.097e+3,4.403e+2,6.568e+2,2.742e-8,2.374e-12,,5.224e-23
270.97,1.030e+3,3.735e+2,6.564e+2,2.695e-8,2.369e-12,,5.209e-23
271.00,9.888e+2,2.993e+2,6.895e+2,2.445e-8,2.361e-12,,5.187e-23
271.02,1.024e+3,2.730e+2,7.513e+2,2.184e-8,2.356e-12,,5.172e-23
271.05,1.193e+3,2.700e+2,9.231e+2,1.719e-8,2.347e-12,,5.149e-23
271.07,1.380e+3,2.884e+2,1.091e+3,1.397e-8,2.342e-12,,5.134e-23
271.10,1.737e+3,3.330e+2,1.404e+3,9.543e-9,2.334e-12,,5.112e-23
271.12,1.997e+3,3.643e+2,1.632e+3,7.058e-9,2.329e-12,,5.097e-23
271.15,2.363e+3,3.972e+2,1.966e+3,4.180e-9,2.320e-12,,5.074e-23
271.17,2.575e+3,4.027e+2,2.172e+3,2.810e-9,2.315e-12,,5.059e-23
271.20,2.859e+3,3.815e+2,2.478e+3,1.440e-9,2.307e-12,,5.037e-23
271.22,3.069e+3,3.492e+2,2.720e+3,8.786e-10,2.302e-12,,5.022e-23
271.25,3.538e+3,2.821e+2,3.256e+3,3.886e-10,2.294e-12,,4.999e-23
271.27,4.033e+3,2.319e+2,3.802e+3,2.146e-10,2.288e-12,,4.984e-23
271.30,5.155e+3,1.593e+2,4.995e+3,8.166e-11,2.280e-12,,4.962e-23
271.32,6.161e+3,1.175e+2,6.043e+3,4.075e-11,2.275e-12,,4.947e-23
271.35,7.941e+3,6.855e+1,7.872e+3,1.330e-11,2.267e-12,,4.924e-23
271.37,9.163e+3,4.535e+1,9.117e+3,5.985e-12,2.261e-12,,4.910e-23
271.40,1.072e+4,2.252e+1,1.070e+4,1.671e-12,2.253e-12,,4.887e-23
271.42,1.139e+4,1.347e+1,1.138e+4,6.772e-13,2.248e-12,,4.872e-23
271.45,1.162e+4,6.194e+0,1.161e+4,1.614e-13,2.240e-12,,4.850e-23
271.47,1.123e+4,4.427e+0,1.122e+4,5.884e-14,2.234e-12,,4.835e-23
271.49,1.046e+4,4.958e+0,1.045e+4,2.056e-14,2.229e-12,,4.820e-23
271.52,8.809e+3,1.226e+1,8.797e+3,3.917e-15,2.221e-12,,4.797e-23
271.54,7.567e+3,2.561e+1,7.542e+3,1.229e-15,2.215e-12,,4.782e-23
271.57,5.784e+3,7.473e+1,5.709e+3,1.994e-16,2.207e-12,,4.760e-23
271.59,4.777e+3,1.458e+2,4.631e+3,5.621e-17,2.202e-12,,4.745e-23
271.62,3.681e+3,3.682e+2,3.312e+3,7.755e-18,2.194e-12,,4.722e-23
271.64,3.279e+3,6.489e+2,2.630e+3,1.962e-18,2.188e-12,,4.707e-23
271.67,3.257e+3,1.405e+3,1.852e+3,2.301e-19,2.180e-12,,4.685e-23
271.69,3.695e+3,2.233e+3,1.461e+3,5.224e-20,2.175e-12,,4.670e-23
271.72,5.159e+3,4.140e+3,1.019e+3,5.208e-21,2.167e-12,,4.647e-23
271.74,6.732e+3,5.931e+3,8.010e+2,1.055e-21,2.161e-12,,4.632e-23
271.77,9.974e+3,9.406e+3,5.686e+2,8.945e-23,2.153e-12,,4.610e-23
271.79,1.261e+4,1.215e+4,4.671e+2,1.635e-23,2.148e-12,,4.595e-23
271.82,1.688e+4,1.650e+4,3.773e+2,1.631e-23,2.140e-12,,4.573e-23
271.84,1.959e+4,1.925e+4,3.476e+2,1.629e-23,2.134e-12,,4.558e-23
271.87,2.285e+4,2.253e+4,3.277e+2,1.625e-23,2.126e-12,,4.535e-23
271.89,2.420e+4,2.388e+4,3.206e+2,1.623e-23,2.121e-12,,4.520e-23
271.92,2.477e+4,2.446e+4,3.061e+2,1.619e-23,2.113e-12,,4.498e-23
271.94,2.424e+4,2.395e+4,2.902e+2,1.617e-23,2.107e-12,,4.483e-23
271.96,2.318e+4,2.291e+4,2.690e+2,1.614e-23,2.102e-12,,4.468e-23
271.99,2.101e+4,2.078e+4,2.316e+2,1.611e-23,2.094e-12,,4.445e-23
272.01,1.946e+4,1.925e+4,2.073e+2,1.608e-23,2.089e-12,,4.430e-23
272.04,1.725e+4,1.707e+4,1.800e+2,1.604e-23,2.080e-12,,4.408e-23
272.06,1.590e+4,1.573e+4,1.718e+2,1.602e-23,2.075e-12,,4.393e-23
272.09,1.398e+4,1.380e+4,1.774e+2,1.598e-23,2.067e-12,,4.370e-23
272.11,1.268e+4,1.248e+4,1.921e+2,1.596e-23,2.062e-12,,4.355e-23
272.14,1.065e+4,1.042e+4,2.255e+2,1.592e-23,2.054e-12,,4.333e-23
272.16,9.273e+3,9.022e+3,2.509e+2,1.590e-23,2.048e-12,,4.318e-23
272.19,7.334e+3,7.047e+3,2.867e+2,1.586e-23,2.040e-12,,4.295e-23
272.21,6.233e+3,5.926e+3,3.074e+2,1.583e-23,2.035e-12,,4.280e-23
272.24,5.013e+3,4.676e+3,3.371e+2,1.580e-23,2.027e-12,,4.258e-23
272.26,4.515e+3,4.152e+3,3.630e+2,1.577e-23,2.021e-12,,4.243e-23
272.29,4.187e+3,3.758e+3,4.293e+2,1.574e-23,2.013e-12,,4.221e-23
272.31,4.171e+3,3.667e+3,5.041e+2,1.571e-23,2.008e-12,,4.206e-23
272.34,4.287e+3,3.608e+3,6.795e+2,1.567e-23,2.000e-12,,4.183e-23
272.36,4.371e+3,3.529e+3,8.417e+2,1.565e-23,1.994e-12,,4.168e-23
272.39,4.406e+3,3.264e+3,1.142e+3,1.561e-23,1.986e-12,,4.146e-23
272.41,4.342e+3,2.979e+3,1.363e+3,1.559e-23,1.981e-12,,4.131e-23
272.44,4.130e+3,2.437e+3,1.692e+3,1.555e-23,1.973e-12,,4.108e-23
272.46,3.941e+3,2.048e+3,1.894e+3,1.553e-23,1.967e-12,,4.093e-23
272.48,3.755e+3,1.675e+3,2.081e+3,1.550e-23,1.962e-12,,4.078e-23
272.51,3.575e+3,1.200e+3,2.375e+3,1.547e-23,1.954e-12,,4.056e-23
272.53,3.594e+3,9.583e+2,2.636e+3,1.544e-23,1.948e-12,,4.041e-23
272.56,3.966e+3,7.057e+2,3.260e+3,1.540e-23,1.940e-12,,4.018e-23
272.58,4.509e+3,5.963e+2,3.913e+3,1.538e-23,1.935e-12,,4.003e-23
272.61,5.825e+3,4.879e+2,5.337e+3,1.534e-23,1.927e-12,,3.981e-23
272.63,7.012e+3,4.362e+2,6.575e+3,1.532e-23,1.921e-12,,3.966e-23
272.66,9.078e+3,3.718e+2,8.706e+3,1.528e-23,1.913e-12,,3.943e-23
272.68,1.047e+4,3.345e+2,1.014e+4,1.526e-23,1.908e-12,,3.929e-23
272.71,1.221e+4,2.899e+2,1.192e+4,1.522e-23,1.900e-12,,3.906e-23
272.73,1.293e+4,2.713e+2,1.265e+4,1.519e-23,1.894e-12,,3.891e-23
272.76,1.310e+4,2.646e+2,1.284e+4,1.516e-23,1.886e-12,,3.869e-23
272.78,1.259e+4,2.736e+2,1.232e+4,1.513e-23,1.881e-12,,3.854e-23
272.81,1.105e+4,3.002e+2,1.075e+4,1.510e-23,1.873e-12,,3.831e-23
272.83,9.686e+3,3.201e+2,9.366e+3,1.507e-23,1.867e-12,,3.816e-23
272.86,7.519e+3,3.406e+2,7.178e+3,1.504e-23,1.859e-12,,3.794e-23
272.88,6.195e+3,3.423e+2,5.853e+3,1.501e-23,1.854e-12,,3.779e-23
272.91,4.635e+3,3.222e+2,4.313e+3,1.497e-23,1.846e-12,,3.756e-23
272.93,3.942e+3,2.947e+2,3.648e+3,1.495e-23,1.840e-12,,3.741e-23
272.96,3.407e+3,2.390e+2,3.168e+3,1.491e-23,1.832e-12,,3.719e-23
272.98,3.318e+3,1.983e+2,3.120e+3,1.489e-23,1.827e-12,,3.704e-23
273.00,3.366e+3,1.597e+2,3.207e+3,1.486e-23,1.822e-12,,3.689e-23
273.03,3.535e+3,1.152e+2,3.420e+3,1.483e-23,1.814e-12,,3.666e-23
273.05,3.619e+3,1.009e+2,3.519e+3,1.480e-23,1.808e-12,,3.651e-23
273.08,3.599e+3,1.164e+2,3.483e+3,1.476e-23,1.800e-12,,3.629e-23
273.10,3.473e+3,1.627e+2,3.311e+3,1.474e-23,1.795e-12,,3.614e-23
273.13,3.166e+3,3.144e+2,2.852e+3,1.470e-23,1.787e-12,,3.592e-23
273.15,2.947e+3,4.917e+2,2.455e+3,1.468e-23,1.781e-12,,3.577e-23
273.18,2.729e+3,9.108e+2,1.818e+3,1.464e-23,1.773e-12,,3.554e-23
273.20,2.726e+3,1.310e+3,1.416e+3,1.462e-23,1.768e-12,,3.539e-23
273.23,2.998e+3,2.090e+3,9.079e+2,1.458e-23,1.760e-12,,3.517e-23
273.25,3.356e+3,2.709e+3,6.475e+2,1.456e-23,1.754e-12,,3.502e-23
273.28,4.072e+3,3.700e+3,3.721e+2,1.452e-23,1.746e-12,,3.479e-23
273.30,4.583e+3,4.329e+3,2.534e+2,1.449e-23,1.741e-12,,3.464e-23
273.33,5.241e+3,5.094e+3,1.469e+2,1.446e-23,1.733e-12,,3.442e-23
273.35,5.534e+3,5.423e+3,1.108e+2,1.443e-23,1.727e-12,,3.427e-23
273.38,5.696e+3,5.600e+3,9.626e+1,1.440e-23,1.719e-12,,3.404e-23
273.40,5.638e+3,5.525e+3,1.132e+2,1.437e-23,1.714e-12,,3.389e-23
273.43,5.411e+3,5.217e+3,1.940e+2,1.433e-23,1.706e-12,,3.367e-23
273.45,5.255e+3,4.952e+3,3.035e+2,1.431e-23,1.700e-12,,3.352e-23
273.48,5.174e+3,4.575e+3,5.994e+2,1.427e-23,1.692e-12,,3.329e-23
273.50,5.299e+3,4.380e+3,9.189e+2,1.425e-23,1.687e-12,,3.314e-23
273.52,5.610e+3,4.246e+3,1.364e+3,1.422e-23,1.681e-12,,3.299e-23
273.55,6.463e+3,4.164e+3,2.299e+3,1.419e-23,1.673e-12,,3.277e-23
273.57,7.285e+3,4.184e+3,3.101e+3,1.416e-23,1.668e-12,,3.262e-23
273.60,8.829e+3,4.309e+3,4.520e+3,1.413e-23,1.660e-12,,3.240e-23
273.62,9.994e+3,4.445e+3,5.549e+3,1.410e-23,1.654e-12,,3.225e-23
273.65,1.179e+4,4.688e+3,7.105e+3,1.406e-23,1.646e-12,,3.202e-23
273.67,1.296e+4,4.836e+3,8.123e+3,1.404e-23,1.641e-12,,3.187e-23
273.70,1.467e+4,4.951e+3,9.719e+3,1.400e-23,1.633e-12,,3.165e-23
273.72,1.592e+4,4.904e+3,1.101e+4,1.398e-23,1.627e-12,,3.150e-23
273.75,1.842e+4,4.593e+3,1.382e+4,1.394e-23,1.619e-12,,3.127e-23
273.77,2.086e+4,4.224e+3,1.664e+4,1.392e-23,1.614e-12,,3.112e-23
273.80,2.626e+4,3.482e+3,2.278e+4,1.388e-23,1.606e-12,,3.090e-23
273.82,3.116e+4,2.919e+3,2.824e+4,1.385e-23,1.600e-12,,3.075e-23
273.85,4.009e+4,2.080e+3,3.801e+4,1.382e-23,1.592e-12,,3.052e-23
273.87,4.650e+4,1.579e+3,4.492e+4,1.379e-23,1.587e-12,,3.037e-23
273.90,5.518e+4,9.745e+2,5.421e+4,1.376e-23,1.579e-12,,3.015e-23
273.92,5.932e+4,6.837e+2,5.864e+4,1.373e-23,1.574e-12,,3.000e-23
273.95,6.163e+4,4.148e+2,6.122e+4,1.369e-23,1.565e-12,,2.977e-23
273.97,6.020e+4,3.415e+2,5.986e+4,1.367e-23,1.560e-12,,2.962e-23
273.99,5.650e+4,3.509e+2,5.615e+4,1.365e-23,1.555e-12,,2.948e-23
274.02,4.778e+4,5.288e+2,4.725e+4,1.361e-23,1.547e-12,,2.925e-23
274.04,4.085e+4,7.697e+2,4.008e+4,1.358e-23,1.541e-12,,2.910e-23
274.07,3.067e+4,1.341e+3,2.933e+4,1.355e-23,1.533e-12,,2.888e-23
274.09,2.496e+4,1.869e+3,2.309e+4,1.352e-23,1.528e-12,,2.873e-23
274.12,1.902e+4,2.857e+3,1.616e+4,1.349e-23,1.520e-12,,2.850e-23
274.14,1.704e+4,3.605e+3,1.344e+4,1.346e-23,1.514e-12,,2.835e-23
274.17,1.686e+4,4.733e+3,1.213e+4,1.342e-23,1.506e-12,,2.813e-23
274.19,1.824e+4,5.400e+3,1.284e+4,1.340e-23,1.501e-12,,2.798e-23
274.22,2.169e+4,6.123e+3,1.557e+4,1.336e-23,1.493e-12,,2.775e-23
274.24,2.433e+4,6.363e+3,1.796e+4,1.334e-23,1.487e-12,,2.760e-23
274.27,2.779e+4,6.339e+3,2.145e+4,1.330e-23,1.479e-12,,2.738e-23
274.29,2.928e+4,6.101e+3,2.318e+4,1.328e-23,1.474e-12,,2.723e-23
274.32,2.980e+4,5.524e+3,2.428e+4,1.324e-23,1.466e-12,,2.700e-23
274.34,2.894e+4,5.066e+3,2.387e+4,1.321e-23,1.460e-12,,2.685e-23
274.37,2.616e+4,4.367e+3,2.179e+4,1.318e-23,1.452e-12,,2.663e-23
274.39,2.376e+4,3.924e+3,1.983e+4,1.315e-23,1.447e-12,,2.648e-23
274.42,2.032e+4,3.304e+3,1.701e+4,1.312e-23,1.439e-12,,2.626e-23
274.44,1.877e+4,2.910e+3,1.586e+4,1.309e-23,1.433e-12,,2.611e-23
274.47,1.859e+4,2.336e+3,1.625e+4,1.306e-23,1.425e-12,,2.588e-23
274.49,2.033e+4,1.963e+3,1.837e+4,1.303e-23,1.420e-12,,2.573e-23
274.51,2.377e+4,1.606e+3,2.216e+4,1.301e-23,1.414e-12,,2.558e-23
274.54,3.195e+4,1.121e+3,3.083e+4,1.297e-23,1.406e-12,,2.536e-23
274.56,3.902e+4,8.446e+2,3.817e+4,1.294e-23,1.401e-12,,2.521e-23
274.59,5.072e+4,5.160e+2,5.020e+4,1.291e-23,1.393e-12,,2.498e-23
274.61,5.823e+4,3.547e+2,5.787e+4,1.288e-23,1.387e-12,,2.483e-23
274.64,6.725e+4,1.898e+2,6.706e+4,1.285e-23,1.379e-12,,2.461e-23
274.66,7.096e+4,1.224e+2,7.084e+4,1.282e-23,1.374e-12,,2.446e-23
274.69,7.257e+4,7.084e+1,7.250e+4,1.278e-23,1.366e-12,,2.423e-23
274.71,7.136e+4,6.437e+1,7.129e+4,1.276e-23,1.360e-12,,2.408e-23
274.74,6.770e+4,9.720e+1,6.761e+4,1.272e-23,1.352e-12,,2.386e-23
274.76,6.532e+4,1.542e+2,6.517e+4,1.270e-23,1.347e-12,,2.371e-23
274.79,6.386e+4,3.147e+2,6.355e+4,1.266e-23,1.339e-12,,2.348e-23
274.81,6.503e+4,4.885e+2,6.454e+4,1.264e-23,1.334e-12,,2.333e-23
274.84,6.996e+4,8.773e+2,6.909e+4,1.260e-23,1.325e-12,,2.311e-23
274.86,7.458e+4,1.230e+3,7.335e+4,1.258e-23,1.320e-12,,2.296e-23
274.89,8.123e+4,1.888e+3,7.934e+4,1.254e-23,1.312e-12,,2.274e-23
274.91,8.399e+4,2.383e+3,8.161e+4,1.251e-23,1.307e-12,,2.259e-23
274.94,8.368e+4,3.121e+3,8.056e+4,1.248e-23,1.298e-12,,2.236e-23
274.96,8.002e+4,3.543e+3,7.648e+4,1.245e-23,1.293e-12,,2.221e-23
274.99,6.981e+4,3.959e+3,6.586e+4,1.242e-23,1.285e-12,,2.199e-23
275.01,6.078e+4,4.044e+3,5.673e+4,1.239e-23,1.280e-12,,2.184e-23
275.03,5.092e+4,3.959e+3,4.696e+4,1.237e-23,1.274e-12,,2.169e-23
275.06,3.637e+4,3.543e+3,3.282e+4,1.233e-23,1.266e-12,,2.146e-23
275.08,2.778e+4,3.121e+3,2.466e+4,1.230e-23,1.261e-12,,2.131e-23
275.11,1.750e+4,2.383e+3,1.512e+4,1.227e-23,1.253e-12,,2.109e-23
275.13,1.253e+4,1.888e+3,1.064e+4,1.224e-23,1.247e-12,,2.094e-23
275.16,7.679e+3,1.230e+3,6.449e+3,1.221e-23,1.239e-12,,2.071e-23
275.18,5.877e+3,8.770e+2,5.000e+3,1.218e-23,1.234e-12,,2.056e-23
275.21,4.747e+3,4.877e+2,4.259e+3,1.215e-23,1.226e-12,,2.034e-23
275.23,4.733e+3,3.130e+2,4.420e+3,1.212e-23,1.220e-12,,2.019e-23
275.26,5.418e+3,1.494e+2,5.268e+3,1.208e-23,1.212e-12,,1.996e-23
275.28,6.208e+3,8.781e+1,6.120e+3,1.206e-23,1.207e-12,,1.981e-23
275.31,7.878e+3,4.109e+1,7.837e+3,1.202e-23,1.199e-12,,1.959e-23
275.33,9.450e+3,3.038e+1,9.419e+3,1.200e-23,1.193e-12,,1.944e-23
275.36,1.297e+4,3.684e+1,1.293e+4,1.196e-23,1.185e-12,,1.922e-23
275.38,1.646e+4,5.604e+1,1.640e+4,1.194e-23,1.180e-12,,1.907e-23
275.41,2.399e+4,1.132e+2,2.388e+4,1.190e-23,1.172e-12,,1.884e-23
275.43,3.071e+4,1.762e+2,3.053e+4,1.187e-23,1.166e-12,,1.869e-23
275.46,4.296e+4,3.191e+2,4.264e+4,1.184e-23,1.158e-12,,1.847e-23
275.48,5.192e+4,4.511e+2,5.147e+4,1.181e-23,1.153e-12,,1.832e-23
275.51,6.474e+4,7.036e+2,6.404e+4,1.178e-23,1.145e-12,,1.809e-23
275.53,7.158e+4,9.009e+2,7.068e+4,1.175e-23,1.139e-12,,1.794e-23
275.55,7.609e+4,1.109e+3,7.498e+4,1.173e-23,1.134e-12,,1.779e-23
275.58,7.735e+4,1.412e+3,7.593e+4,1.169e-23,1.126e-12,,1.757e-23
275.60,7.431e+4,1.582e+3,7.273e+4,1.167e-23,1.120e-12,,1.742e-23
275.63,6.481e+4,1.755e+3,6.306e+4,1.163e-23,1.112e-12,,1.719e-23
275.65,5.622e+4,1.799e+3,5.442e+4,1.160e-23,1.107e-12,,1.704e-23
275.68,4.210e+4,1.753e+3,4.035e+4,1.157e-23,1.099e-12,,1.682e-23
275.70,3.302e+4,1.653e+3,3.137e+4,1.154e-23,1.094e-12,,1.667e-23
275.73,2.132e+4,1.425e+3,1.989e+4,1.151e-23,1.085e-12,,1.645e-23
275.75,1.518e+4,1.242e+3,1.394e+4,1.148e-23,1.080e-12,,1.630e-23
275.78,8.521e+3,9.527e+2,7.569e+3,1.144e-23,1.072e-12,,1.607e-23
275.80,5.555e+3,7.682e+2,4.787e+3,1.142e-23,1.067e-12,,1.592e-23
275.83,2.760e+3,5.254e+2,2.235e+3,1.138e-23,1.058e-12,,1.570e-23
275.85,1.677e+3,3.935e+2,1.284e+3,1.136e-23,1.053e-12,,1.555e-23
275.88,7.772e+2,2.456e+2,5.317e+2,1.132e-23,1.045e-12,,1.532e-23
275.90,4.793e+2,1.804e+2,2.988e+2,1.130e-23,1.040e-12,,1.517e-23
275.93,2.954e+2,1.316e+2,1.638e+2,1.126e-23,1.031e-12,,1.495e-23
275.95,2.903e+2,1.316e+2,1.587e+2,1.124e-23,1.026e-12,,1.480e-23
275.98,4.183e+2,1.832e+2,2.351e+2,1.120e-23,1.018e-12,,1.457e-23
276.00,5.892e+2,2.549e+2,3.342e+2,1.117e-23,1.013e-12,,1.442e-23
276.02,8.290e+2,3.588e+2,4.701e+2,1.115e-23,1.007e-12,,1.427e-23
276.05,1.312e+3,5.743e+2,7.379e+2,1.111e-23,9.991e-13,,1.405e-23
276.07,1.701e+3,7.521e+2,9.491e+2,1.109e-23,9.937e-13,,1.390e-23
276.10,2.328e+3,1.046e+3,1.283e+3,1.105e-23,9.857e-13,,1.367e-23
276.12,2.727e+3,1.238e+3,1.489e+3,1.103e-23,9.803e-13,,1.352e-23
276.15,3.199e+3,1.475e+3,1.723e+3,1.099e-23,9.722e-13,,1.330e-23
276.17,3.379e+3,1.575e+3,1.804e+3,1.096e-23,9.668e-13,,1.315e-23
276.20,3.395e+3,1.606e+3,1.789e+3,1.093e-23,9.587e-13,,1.293e-23
276.22,3.235e+3,1.546e+3,1.689e+3,1.090e-23,9.533e-13,,1.278e-23
276.25,2.785e+3,1.349e+3,1.436e+3,1.087e-23,9.452e-13,,1.255e-23
276.27,2.395e+3,1.170e+3,1.225e+3,1.084e-23,9.398e-13,,1.240e-23
276.30,1.769e+3,8.742e+2,8.947e+2,1.080e-23,9.317e-13,,1.218e-23
276.32,1.375e+3,6.834e+2,6.912e+2,1.078e-23,9.263e-13,,1.203e-23
276.35,8.752e+2,4.372e+2,4.380e+2,1.074e-23,9.182e-13,,1.180e-23
276.37,6.191e+2,3.084e+2,3.107e+2,1.072e-23,9.128e-13,,1.165e-23
276.40,3.515e+2,1.702e+2,1.814e+2,1.068e-23,9.048e-13,,1.143e-23
276.42,2.434e+2,1.105e+2,1.328e+2,1.066e-23,8.994e-13,,1.128e-23
276.45,1.730e+2,5.969e+1,1.133e+2,1.062e-23,8.913e-13,,1.105e-23
276.47,1.849e+2,4.629e+1,1.387e+2,1.060e-23,8.859e-13,,1.090e-23
276.50,3.043e+2,5.192e+1,2.524e+2,1.056e-23,8.778e-13,,1.068e-23
276.52,4.700e+2,7.271e+1,3.973e+2,1.053e-23,8.724e-13,,1.053e-23
276.54,7.257e+2,1.087e+2,6.170e+2,1.051e-23,8.670e-13,,1.038e-23
276.57,1.321e+3,1.960e+2,1.125e+3,1.047e-23,8.589e-13,,1.015e-23
276.59,1.879e+3,2.789e+2,1.601e+3,1.045e-23,8.535e-13,,1.000e-23
276.62,2.958e+3,4.397e+2,2.519e+3,1.041e-23,8.454e-13,,9.780e-24
276.64,3.804e+3,5.662e+2,3.238e+3,1.039e-23,8.400e-13,,9.631e-24
276.67,5.137e+3,7.666e+2,4.370e+3,1.035e-23,8.319e-13,,9.406e-24
276.69,5.964e+3,8.924e+2,5.072e+3,1.032e-23,8.265e-13,,9.256e-24
276.72,6.922e+3,1.042e+3,5.881e+3,1.029e-23,8.185e-13,,9.031e-24
276.74,7.280e+3,1.102e+3,6.178e+3,1.026e-23,8.131e-13,,8.882e-24
276.77,7.316e+3,1.122e+3,6.194e+3,1.023e-23,8.050e-13,,8.657e-24
276.79,7.022e+3,1.091e+3,5.930e+3,1.020e-23,7.996e-13,,8.507e-24
276.82,6.219e+3,9.939e+2,5.226e+3,1.017e-23,7.915e-13,,8.283e-24
276.84,5.543e+3,9.086e+2,4.634e+3,1.014e-23,7.861e-13,,8.133e-24
276.87,4.483e+3,7.715e+2,3.711e+3,1.010e-23,7.780e-13,,7.908e-24
276.89,3.820e+3,6.830e+2,3.137e+3,1.008e-23,7.726e-13,,7.758e-24
276.92,2.959e+3,5.615e+2,2.397e+3,1.004e-23,7.645e-13,,7.534e-24
276.94,2.480e+3,4.883e+2,1.991e+3,1.002e-23,7.591e-13,,7.384e-24
276.97,1.883e+3,3.876e+2,1.495e+3,9.981e-24,7.510e-13,,7.159e-24
276.99,1.549e+3,3.253e+2,1.223e+3,9.956e-24,7.457e-13,,7.010e-24
277.02,1.121e+3,2.395e+2,8.815e+2,9.919e-24,7.376e-13,,6.785e-24
277.04,8.789e+2,1.884e+2,6.905e+2,9.895e-24,7.322e-13,,6.635e-24
277.06,6.702e+2,1.435e+2,5.267e+2,9.870e-24,7.268e-13,,6.485e-24
277.09,4.206e+2,8.922e+1,3.314e+2,9.833e-24,7.187e-13,,6.261e-24
277.11,2.954e+2,6.202e+1,2.334e+2,9.808e-24,7.133e-13,,6.111e-24
277.14,1.631e+2,3.341e+1,1.297e+2,9.772e-24,7.052e-13,,5.886e-24
277.16,1.057e+2,2.104e+1,8.469e+1,9.747e-24,6.998e-13,,5.737e-24
277.19,5.452e+1,9.740e+0,4.478e+1,9.710e-24,6.917e-13,,5.512e-24
277.21,3.747e+1,5.537e+0,3.193e+1,9.685e-24,6.863e-13,,5.362e-24
277.24,2.979e+1,2.197e+0,2.759e+1,9.649e-24,6.782e-13,,5.137e-24
277.26,3.388e+1,1.126e+0,3.275e+1,9.624e-24,6.728e-13,,4.988e-24
277.29,5.158e+1,3.828e-1,5.120e+1,9.587e-24,6.648e-13,,4.763e-24
277.31,7.049e+1,1.779e-1,7.031e+1,9.562e-24,6.594e-13,,4.613e-24
277.34,1.082e+2,5.692e-2,1.081e+2,9.526e-24,6.513e-13,,4.389e-24
277.36,1.380e+2,3.622e-2,1.380e+2,9.501e-24,6.459e-13,,4.239e-24
277.39,1.850e+2,6.457e-2,1.849e+2,9.464e-24,6.378e-13,,4.014e-24
277.41,2.141e+2,1.435e-1,2.139e+2,9.440e-24,6.324e-13,,3.864e-24
277.44,2.478e+2,4.838e-1,2.473e+2,9.403e-24,6.243e-13,,3.640e-24
277.46,2.606e+2,1.041e+0,2.596e+2,9.378e-24,6.189e-13,,3.490e-24
277.49,2.637e+2,3.043e+0,2.607e+2,9.341e-24,6.108e-13,,3.265e-24
277.51,2.567e+2,5.907e+0,2.508e+2,9.317e-24,6.054e-13,,3.116e-24
277.53,2.456e+2,1.100e+1,2.346e+2,9.292e-24,6.000e-13,,2.966e-24
277.56,2.305e+2,2.587e+1,2.046e+2,9.255e-24,5.919e-13,,2.741e-24
277.58,2.287e+2,4.344e+1,1.853e+2,9.230e-24,5.865e-13,,2.591e-24
277.61,2.514e+2,8.745e+1,1.639e+2,9.194e-24,5.785e-13,,2.367e-24
277.63,2.908e+2,1.324e+2,1.584e+2,9.169e-24,5.731e-13,,2.217e-24
277.66,3.972e+2,2.281e+2,1.691e+2,9.132e-24,5.650e-13,,1.992e-24
277.68,5.050e+2,3.113e+2,1.937e+2,9.107e-24,5.596e-13,,1.843e-24
277.71,7.273e+2,4.593e+2,2.680e+2,9.071e-24,5.515e-13,,1.618e-24
277.73,9.160e+2,5.651e+2,3.508e+2,9.046e-24,5.461e-13,,1.468e-24
277.76,1.253e+3,7.139e+2,5.389e+2,9.009e-24,5.380e-13,,1.243e-24
277.78,1.504e+3,7.924e+2,7.115e+2,8.984e-24,5.326e-13,,1.094e-24
277.81,1.894e+3,8.580e+2,1.035e+3,8.948e-24,5.245e-13,,8.690e-25
277.83,2.141e+3,8.600e+2,1.281e+3,8.923e-24,5.191e-13,,7.192e-25
277.86,2.450e+3,8.011e+2,1.649e+3,8.886e-24,5.110e-13,,4.946e-25
277.88,2.589e+3,7.282e+2,1.861e+3,8.861e-24,5.056e-13,,2.734e-24
277.91,2.663e+3,5.907e+2,2.072e+3,8.825e-24,4.976e-13,,3.289e-23
277.93,2.612e+3,4.943e+2,2.118e+3,8.800e-24,4.922e-13,,1.640e-22
277.96,2.391e+3,3.631e+2,2.028e+3,8.763e-24,4.841e-13,,1.690e-21
277.98,2.165e+3,2.919e+2,1.873e+3,8.739e-24,4.787e-13,,7.603e-21
278.01,1.754e+3,2.129e+2,1.541e+3,8.702e-24,4.706e-13,,6.715e-20
278.03,1.466e+3,1.767e+2,1.289e+3,8.677e-24,4.652e-13,,2.725e-19
278.05,1.191e+3,1.504e+2,1.040e+3,8.652e-24,4.598e-13,,1.061e-18
278.08,8.400e+2,1.224e+2,7.176e+2,8.616e-24,4.517e-13,,7.550e-18
278.10,6.652e+2,1.074e+2,5.578e+2,8.591e-24,4.463e-13,,2.653e-17
278.13,5.116e+2,8.643e+1,4.251e+2,8.554e-24,4.382e-13,,1.617e-16
278.15,4.887e+2,7.271e+1,4.160e+2,8.529e-24,4.328e-13,,5.125e-16
278.18,5.822e+2,5.292e+1,5.293e+2,8.493e-24,4.248e-13,,2.677e-15
278.20,7.320e+2,4.095e+1,6.910e+2,8.468e-24,4.194e-13,,7.653e-15
278.23,1.081e+3,2.594e+1,1.055e+3,8.431e-24,4.113e-13,,3.425e-14
278.25,1.384e+3,1.821e+1,1.366e+3,8.406e-24,4.059e-13,,8.835e-14
278.28,1.896e+3,9.927e+0,1.887e+3,8.370e-24,3.978e-13,,3.388e-13
278.30,2.238e+3,6.301e+0,2.232e+3,8.345e-24,3.924e-13,,7.883e-13
278.33,2.671e+3,2.987e+0,2.668e+3,8.308e-24,3.843e-13,,2.590e-12
278.35,2.866e+3,1.806e+0,2.864e+3,8.283e-24,3.789e-13,,5.438e-12
278.38,2.966e+3,1.169e+0,2.965e+3,8.247e-24,3.708e-13,,1.531e-11
278.40,2.900e+3,1.524e+0,2.899e+3,8.222e-24,3.654e-13,,2.899e-11
278.43,2.629e+3,4.105e+0,2.624e+3,8.185e-24,3.573e-13,,6.994e-11
278.45,2.367e+3,8.592e+0,2.359e+3,8.161e-24,3.519e-13,,1.195e-10
278.48,1.927e+3,2.478e+1,1.902e+3,8.124e-24,3.439e-13,,2.470e-10
278.50,1.643e+3,4.786e+1,1.595e+3,8.099e-24,3.385e-13,,3.807e-10
278.53,1.295e+3,1.190e+2,1.176e+3,8.062e-24,3.304e-13,,6.742e-10
278.55,1.145e+3,2.074e+2,9.379e+2,8.038e-24,3.250e-13,,9.374e-10
278.57,1.083e+3,3.470e+2,7.362e+2,8.013e-24,3.196e-13,,1.251e-9
278.60,1.194e+3,6.951e+2,4.989e+2,7.976e-24,3.115e-13,,1.784e-9
278.62,1.428e+3,1.049e+3,3.790e+2,7.951e-24,3.061e-13,,2.148e-9
278.65,2.047e+3,1.801e+3,2.459e+2,7.915e-24,2.980e-13,,2.626e-9
278.67,2.636e+3,2.453e+3,1.824e+2,7.890e-24,2.926e-13,,2.851e-9
278.70,3.726e+3,3.611e+3,1.156e+2,7.853e-24,2.845e-13,,2.986e-9
278.72,4.523e+3,4.438e+3,8.537e+1,7.828e-24,2.791e-13,,2.926e-9
278.75,5.655e+3,5.600e+3,5.489e+1,7.792e-24,2.710e-13,,2.626e-9
278.77,6.255e+3,6.214e+3,4.135e+1,7.767e-24,2.656e-13,,2.320e-9
278.80,6.757e+3,6.729e+3,2.742e+1,7.730e-24,2.576e-13,,1.784e-9
278.82,6.768e+3,6.747e+3,2.096e+1,7.705e-24,2.522e-13,,1.423e-9
278.85,6.297e+3,6.283e+3,1.409e+1,7.669e-24,2.441e-13,,9.374e-10
278.87,5.715e+3,5.704e+3,1.092e+1,7.644e-24,2.387e-13,,6.742e-10
278.90,4.597e+3,4.590e+3,7.766e+0,7.607e-24,2.306e-13,,3.807e-10
278.92,3.796e+3,3.790e+3,6.490e+0,7.582e-24,2.252e-13,,2.470e-10
278.95,2.668e+3,2.662e+3,5.419e+0,7.546e-24,2.171e-13,,1.195e-10
278.97,2.025e+3,2.020e+3,5.055e+0,7.521e-24,2.117e-13,,6.994e-11
279.00,1.270e+3,1.265e+3,4.769e+0,7.484e-24,2.036e-13,,2.899e-11
279.02,9.029e+2,8.982e+2,4.701e+0,7.460e-24,1.982e-13,,1.531e-11
279.05,5.234e+2,5.185e+2,4.968e+0,7.423e-24,2.561e-12,,5.438e-12
279.07,3.586e+2,3.529e+2,5.723e+0,7.398e-24,1.340e-11,,2.590e-12
279.09,2.449e+2,2.374e+2,7.419e+0,7.373e-24,6.727e-11,,1.184e-12
279.12,1.416e+2,1.284e+2,1.322e+1,7.337e-24,7.012e-10,,3.388e-13
279.14,1.046e+2,8.396e+1,2.066e+1,7.312e-24,3.180e-9,,1.397e-13
279.17,8.339e+1,4.304e+1,4.035e+1,7.275e-24,2.843e-8,,3.425e-14
279.19,8.808e+1,2.686e+1,6.122e+1,7.250e-24,1.164e-7,,1.274e-14
279.22,1.198e+2,1.261e+1,1.072e+2,7.214e-24,8.932e-7,,2.677e-15
279.24,1.558e+2,7.332e+0,1.485e+2,7.189e-24,3.302e-6,,8.983e-16
279.27,2.275e+2,3.053e+0,2.244e+2,7.152e-24,2.173e-5,,1.617e-16
279.29,2.826e+2,1.628e+0,2.810e+2,7.127e-24,7.254e-5,,4.896e-17
279.32,3.652e+2,5.903e-1,3.646e+2,7.091e-24,4.097e-4,,7.550e-18
279.34,4.125e+2,2.860e-1,4.122e+2,7.066e-24,1.235e-3,,2.062e-18
279.37,4.593e+2,8.953e-2,4.592e+2,7.029e-24,5.982e-3,,2.725e-19
279.39,4.691e+2,3.925e-2,4.690e+2,7.004e-24,1.628e-2,,6.715e-20
279.42,4.494e+2,1.056e-2,4.493e+2,6.968e-24,6.767e-2,,7.603e-21
279.44,4.160e+2,4.184e-3,4.158e+2,6.943e-24,1.662e-1,,1.690e-21
279.47,3.460e+2,9.663e-4,3.454e+2,6.906e-24,5.929e-1,,1.640e-22
279.49,2.940e+2,3.456e-4,2.927e+2,6.882e-24,1.315e+0,,3.289e-23
279.52,2.216e+2,6.844e-5,2.176e+2,6.845e-24,4.025e+0,,2.734e-24
279.54,1.834e+2,2.209e-5,1.753e+2,6.820e-24,8.061e+0,,2.681e-24
279.56,1.572e+2,6.843e-6,1.417e+2,6.795e-24,1.550e+1,,2.629e-24
279.59,1.457e+2,1.092e-6,1.075e+2,6.759e-24,3.827e+1,,2.550e-24
279.61,1.605e+2,3.054e-7,9.403e+1,6.734e-24,6.643e+1,,2.497e-24
279.64,2.247e+2,4.224e-8,8.392e+1,6.697e-24,1.407e+2,,2.418e-24
279.66,3.024e+2,1.249e-8,8.177e+1,6.672e-24,2.206e+2,,2.365e-24
279.69,4.845e+2,1.709e-8,8.354e+1,6.636e-24,4.009e+2,,2.286e-24
279.71,6.556e+2,6.115e-8,8.818e+1,6.611e-24,5.674e+2,,2.234e-24
279.74,9.871e+2,4.245e-7,1.023e+2,6.574e-24,8.848e+2,,2.155e-24
279.76,1.249e+3,1.473e-6,1.181e+2,6.549e-24,1.131e+3,,2.102e-24
279.79,1.666e+3,8.838e-6,1.529e+2,6.513e-24,1.513e+3,,2.023e-24
279.81,1.928e+3,2.775e-5,1.832e+2,6.488e-24,1.745e+3,,1.971e-24
279.84,2.239e+3,1.433e-4,2.353e+2,6.451e-24,2.003e+3,,1.892e-24
279.86,2.357e+3,4.075e-4,2.703e+2,6.426e-24,2.087e+3,,1.839e-24
279.89,2.369e+3,1.815e-3,3.139e+2,6.390e-24,2.055e+3,,1.760e-24
279.91,2.265e+3,4.679e-3,3.321e+2,6.365e-24,1.933e+3,,1.707e-24
279.94,1.970e+3,1.801e-2,3.370e+2,6.328e-24,1.633e+3,,1.629e-24
279.96,1.711e+3,4.218e-2,3.244e+2,6.303e-24,1.387e+3,,1.576e-24
279.99,1.290e+3,1.409e-1,2.849e+2,6.267e-24,1.005e+3,,1.497e-24
280.01,1.020e+3,3.004e-1,2.490e+2,6.242e-24,7.709e+2,,1.444e-24
280.04,6.698e+2,8.743e-1,1.895e+2,6.205e-24,4.794e+2,,1.365e-24
280.06,4.844e+2,1.704e+0,1.508e+2,6.181e-24,3.319e+2,,1.313e-24
280.08,3.395e+2,3.209e+0,1.158e+2,6.156e-24,2.206e+2,,1.260e-24
280.11,1.917e+2,7.775e+0,7.318e+1,6.119e-24,1.107e+2,,1.181e-24
280.13,1.319e+2,1.345e+1,5.203e+1,6.094e-24,6.643e+1,,1.129e-24
280.16,8.768e+1,2.880e+1,3.028e+1,6.058e-24,2.860e+1,,1.050e-24
280.18,8.271e+1,4.594e+1,2.126e+1,6.033e-24,1.550e+1,,9.969e-25
280.21,1.067e+2,8.724e+1,1.374e+1,5.996e-24,5.725e+0,,9.180e-25
280.23,1.429e+2,1.286e+2,1.152e+1,5.971e-24,2.801e+0,,8.654e-25
280.26,2.285e+2,2.169e+2,1.072e+1,5.935e-24,8.876e-1,,7.864e-25
280.28,3.068e+2,2.953e+2,1.112e+1,5.910e-24,3.921e-1,,7.338e-25
280.31,4.538e+2,4.414e+2,1.225e+1,5.873e-24,1.066e-1,,6.548e-25
280.33,5.670e+2,5.540e+2,1.301e+1,5.848e-24,4.252e-2,,6.022e-25
280.36,7.455e+2,7.317e+2,1.382e+1,5.812e-24,9.919e-3,,7.596e-24
280.38,8.589e+2,8.448e+2,1.407e+1,5.787e-24,3.572e-3,,3.913e-23
280.41,9.989e+2,9.849e+2,1.401e+1,5.750e-24,7.149e-4,,4.240e-22
280.43,1.062e+3,1.048e+3,1.371e+1,5.725e-24,2.324e-4,,1.974e-21
280.46,1.101e+3,1.088e+3,1.293e+1,5.689e-24,3.991e-5,,1.838e-20
280.48,1.094e+3,1.082e+3,1.220e+1,5.664e-24,1.172e-5,,7.733e-20
280.51,1.051e+3,1.040e+3,1.082e+1,5.627e-24,1.726e-6,,6.186e-19
280.53,1.016e+3,1.006e+3,9.726e+0,5.603e-24,4.575e-7,,2.352e-18
280.56,9.808e+2,9.729e+2,7.903e+0,5.566e-24,5.783e-8,,1.617e-17
280.58,9.797e+2,9.731e+2,6.643e+0,5.541e-24,1.384e-8,,5.557e-17
280.60,9.986e+2,9.932e+2,5.425e+0,5.516e-24,3.180e-9,,1.834e-16
280.63,1.053e+3,1.050e+3,3.824e+0,5.480e-24,3.243e-10,,1.019e-15
280.65,1.093e+3,1.090e+3,3.005e+0,5.455e-24,6.727e-11,,3.040e-15
280.68,1.128e+3,1.126e+3,2.310e+0,5.418e-24,5.887e-12,,1.451e-14
280.70,1.119e+3,1.117e+3,2.312e+0,5.393e-24,5.781e-12,,3.913e-14
280.73,1.045e+3,1.042e+3,3.262e+0,5.357e-24,5.622e-12,,1.605e-13
280.75,9.566e+2,9.519e+2,4.725e+0,5.332e-24,5.517e-12,,3.910e-13
280.78,7.838e+2,7.752e+2,8.564e+0,5.295e-24,5.358e-12,,1.378e-12
280.80,6.564e+2,6.440e+2,1.244e+1,5.270e-24,5.252e-12,,3.035e-12
280.83,4.731e+2,4.527e+2,2.044e+1,5.234e-24,5.093e-12,,9.190e-12
280.85,3.675e+2,3.404e+2,2.712e+1,5.209e-24,4.988e-12,,1.829e-11
280.88,2.443e+2,2.059e+2,3.845e+1,5.172e-24,4.829e-12,,4.758e-11
280.90,1.863e+2,1.401e+2,4.614e+1,5.147e-24,4.723e-12,,8.556e-11
280.93,1.298e+2,7.362e+1,5.621e+1,5.111e-24,4.565e-12,,1.913e-10
280.95,1.077e+2,4.678e+1,6.096e+1,5.086e-24,4.459e-12,,3.109e-10
280.98,9.025e+1,2.645e+1,6.380e+1,5.049e-24,4.300e-12,,5.971e-10
281.00,8.659e+1,2.406e+1,6.252e+1,5.025e-24,4.194e-12,,8.771e-10
281.03,9.428e+1,3.806e+1,5.621e+1,4.988e-24,4.036e-12,,1.447e-9
281.05,1.127e+2,6.293e+1,4.978e+1,4.963e-24,3.930e-12,,1.921e-9
281.08,1.750e+2,1.365e+2,3.844e+1,4.926e-24,3.771e-12,,2.724e-9
281.10,2.517e+2,2.209e+2,3.076e+1,4.902e-24,3.665e-12,,3.268e-9
281.12,3.680e+2,3.443e+2,2.364e+1,4.877e-24,3.560e-12,,3.766e-9
281.15,6.365e+2,6.218e+2,1.476e+1,4.840e-24,3.401e-12,,4.317e-9
281.17,8.870e+2,8.767e+2,1.025e+1,4.815e-24,3.295e-12,,4.495e-9
281.20,1.366e+3,1.361e+3,5.494e+0,4.779e-24,3.137e-12,,4.427e-9
281.22,1.738e+3,1.735e+3,3.447e+0,4.754e-24,3.031e-12,,4.167e-9
281.25,2.315e+3,2.314e+3,1.588e+0,4.717e-24,2.872e-12,,3.526e-9
281.27,2.666e+3,2.665e+3,9.021e-1,4.692e-24,2.766e-12,,2.999e-9
281.30,3.055e+3,3.055e+3,3.630e-1,4.656e-24,2.608e-12,,2.180e-9
281.32,3.181e+3,3.181e+3,1.977e-1,4.631e-24,1.356e-11,,1.676e-9
281.35,3.133e+3,3.133e+3,1.094e-1,4.594e-24,1.490e-10,,1.047e-9
281.37,2.949e+3,2.949e+3,1.246e-1,4.569e-24,7.004e-10,,7.273e-10
281.40,2.496e+3,2.496e+3,2.646e-1,4.533e-24,6.621e-9,,3.904e-10
281.42,2.124e+3,2.123e+3,4.727e-1,4.508e-24,2.815e-8,,2.451e-10
281.45,1.545e+3,1.544e+3,1.079e+0,4.471e-24,2.288e-7,,1.130e-10
281.47,1.189e+3,1.187e+3,1.784e+0,4.446e-24,8.799e-7,,6.413e-11
281.50,7.456e+2,7.421e+2,3.523e+0,4.410e-24,6.153e-6,,2.541e-11
281.52,5.210e+2,5.157e+2,5.273e+0,4.385e-24,2.140e-5,,1.303e-11
281.55,2.859e+2,2.770e+2,8.951e+0,4.348e-24,1.287e-4,,4.435e-12
281.57,1.861e+2,1.740e+2,1.211e+1,4.324e-24,4.046e-4,,2.055e-12
281.59,1.207e+2,1.050e+2,1.574e+1,4.299e-24,1.222e-3,,9.149e-13
281.62,6.722e+1,4.559e+1,2.162e+1,4.262e-24,5.952e-3,,2.518e-13
281.64,5.028e+1,2.486e+1,2.541e+1,4.237e-24,1.626e-2,,1.013e-13
281.67,3.935e+1,9.278e+0,3.001e+1,4.201e-24,6.811e-2,,2.395e-14
281.69,3.662e+1,4.573e+0,3.188e+1,4.176e-24,1.683e-1,,8.707e-15
281.72,3.444e+1,1.467e+0,3.236e+1,4.139e-24,6.061e-1,,1.769e-15
281.74,3.309e+1,6.533e-1,3.108e+1,4.114e-24,1.354e+0,,5.812e-16
281.77,3.151e+1,1.802e-1,2.713e+1,4.078e-24,4.196e+0,,1.015e-16
281.79,3.211e+1,7.288e-2,2.356e+1,4.053e-24,8.479e+0,,3.013e-17
281.82,4.029e+1,1.903e-2,1.768e+1,4.016e-24,2.259e+1,,4.518e-18
281.84,5.518e+1,1.132e-2,1.388e+1,3.991e-24,4.129e+1,,1.212e-18
281.87,1.036e+2,2.246e-2,8.957e+0,3.955e-24,9.461e+1,,1.562e-19
281.89,1.628e+2,5.271e-2,6.366e+0,3.930e-24,1.564e+2,,3.789e-20
281.92,3.119e+2,1.881e-1,3.553e+0,3.893e-24,3.082e+2,,4.195e-21
281.94,4.634e+2,4.197e-1,2.313e+0,3.868e-24,4.607e+2,,9.195e-22
281.97,7.834e+2,1.298e+0,1.191e+0,3.832e-24,7.809e+2,,8.747e-23
281.99,1.059e+3,2.620e+0,8.049e-1,3.807e-24,1.056e+3,,1.733e-23
282.02,1.546e+3,6.972e+0,5.894e-1,3.770e-24,1.539e+3,,1.416e-24
282.04,1.895e+3,1.273e+1,6.127e-1,3.746e-24,1.882e+3,,1.422e-24
282.07,2.389e+3,2.915e+1,8.105e-1,3.709e-24,2.359e+3,,1.431e-24
282.09,2.658e+3,4.815e+1,1.013e+0,3.684e-24,2.608e+3,,1.437e-24
282.11,2.848e+3,7.641e+1,1.246e+0,3.659e-24,2.771e+3,,1.443e-24
282.14,2.956e+3,1.417e+2,1.600e+0,3.623e-24,2.813e+3,,1.452e-24
282.16,2.907e+3,2.035e+2,1.803e+0,3.598e-24,2.702e+3,,1.458e-24
282.19,2.686e+3,3.251e+2,2.002e+0,3.561e-24,2.359e+3,,1.466e-24
282.21,2.474e+3,4.228e+2,2.042e+0,3.536e-24,2.049e+3,,1.472e-24
282.24,2.124e+3,5.828e+2,1.952e+0,3.500e-24,1.539e+3,,1.481e-24
282.26,1.899e+3,6.883e+2,1.801e+0,3.475e-24,1.209e+3,,1.487e-24
282.29,1.607e+3,8.250e+2,1.481e+0,3.438e-24,7.809e+2,,1.496e-24
282.31,1.448e+3,8.919e+2,1.236e+0,3.413e-24,5.548e+2,,1.502e-24
282.34,1.258e+3,9.486e+2,8.742e-1,3.377e-24,3.082e+2,,1.511e-24
282.36,1.159e+3,9.599e+2,6.604e-1,3.352e-24,1.980e+2,,1.517e-24
282.39,1.048e+3,9.529e+2,4.044e-1,3.315e-24,9.461e+1,,1.526e-24
282.41,1.000e+3,9.450e+2,2.818e-1,3.290e-24,5.498e+1,,1.532e-24
282.44,9.698e+2,9.470e+2,1.724e-1,3.254e-24,2.259e+1,,1.540e-24
282.46,9.751e+2,9.631e+2,1.545e-1,3.229e-24,1.187e+1,,1.546e-24
282.49,1.009e+3,1.004e+3,2.493e-1,3.192e-24,4.196e+0,,1.555e-24
282.51,1.035e+3,1.033e+3,4.526e-1,3.167e-24,1.994e+0,,1.561e-24
282.54,1.054e+3,1.052e+3,1.184e+0,3.131e-24,6.061e-1,,1.570e-24
282.56,1.040e+3,1.038e+3,2.189e+0,3.106e-24,2.606e-1,,1.576e-24
282.59,9.684e+2,9.632e+2,5.139e+0,3.069e-24,6.811e-2,,1.585e-24
282.61,8.877e+2,8.790e+2,8.642e+0,3.045e-24,2.648e-2,,1.591e-24
282.63,7.878e+2,7.739e+2,1.396e+1,3.020e-24,9.888e-3,,1.597e-24
282.66,6.223e+2,5.957e+2,2.662e+1,2.983e-24,2.093e-3,,1.606e-24
282.68,5.157e+2,4.768e+2,3.892e+1,2.958e-24,7.068e-4,,1.612e-24
282.71,3.810e+2,3.171e+2,6.388e+1,2.922e-24,1.287e-4,,1.620e-24
282.73,3.145e+2,2.300e+2,8.459e+1,2.897e-24,3.930e-5,,1.626e-24
282.76,2.515e+2,1.318e+2,1.197e+2,2.860e-24,6.153e-6,,1.635e-24
282.78,2.303e+2,8.654e+1,1.438e+2,2.835e-24,1.700e-6,,1.641e-24
282.81,2.194e+2,4.284e+1,1.765e+2,2.799e-24,2.288e-7,,1.650e-24
282.83,2.197e+2,2.575e+1,1.940e+2,2.774e-24,5.717e-8,,1.656e-24
282.86,2.241e+2,1.209e+1,2.120e+2,2.737e-24,6.621e-9,,1.665e-24
282.88,2.288e+2,8.559e+0,2.203e+2,2.712e-24,1.496e-9,,1.671e-24
282.91,2.444e+2,9.913e+0,2.345e+2,2.676e-24,1.490e-10,,1.680e-24
282.93,2.682e+2,1.580e+1,2.524e+2,2.651e-24,3.044e-11,,1.686e-24
282.96,3.428e+2,3.602e+1,3.068e+2,2.614e-24,2.608e-12,,1.695e-24
282.98,4.311e+2,6.131e+1,3.698e+2,2.589e-24,2.604e-12,,1.700e-24
283.01,6.406e+2,1.273e+2,5.133e+2,2.553e-24,2.599e-12,,1.709e-24
283.03,8.384e+2,1.974e+2,6.410e+2,2.528e-24,2.595e-12,,1.715e-24
283.06,1.220e+3,3.538e+2,8.666e+2,2.491e-24,2.590e-12,,1.724e-24
283.08,1.521e+3,4.965e+2,1.024e+3,2.467e-24,2.586e-12,,1.730e-24
283.10,1.840e+3,6.697e+2,1.170e+3,2.442e-24,2.582e-12,,1.736e-24
283.13,2.310e+3,9.733e+2,1.336e+3,2.405e-24,2.577e-12,,1.745e-24
283.15,2.581e+3,1.188e+3,1.393e+3,2.380e-24,2.574e-12,,1.751e-24
283.18,2.868e+3,1.487e+3,1.381e+3,2.344e-24,2.568e-12,,1.760e-24
283.20,2.954e+3,1.643e+3,1.311e+3,2.319e-24,2.565e-12,,1.766e-24
283.23,2.901e+3,1.771e+3,1.131e+3,2.282e-24,2.559e-12,,1.775e-24
283.25,2.752e+3,1.771e+3,9.814e+2,2.257e-24,2.556e-12,,1.780e-24
283.28,2.392e+3,1.643e+3,7.495e+2,2.221e-24,2.550e-12,,1.789e-24
283.30,2.096e+3,1.487e+3,6.091e+2,2.196e-24,2.547e-12,,1.795e-24
283.33,1.632e+3,1.188e+3,4.439e+2,2.159e-24,2.541e-12,,1.804e-24
283.35,1.346e+3,9.733e+2,3.725e+2,2.134e-24,2.538e-12,,1.810e-24
283.38,9.992e+2,6.697e+2,3.295e+2,2.098e-24,2.532e-12,,1.819e-24
283.40,8.397e+2,4.966e+2,3.431e+2,2.073e-24,2.529e-12,,1.825e-24
283.43,7.142e+2,2.946e+2,4.196e+2,2.036e-24,2.523e-12,,1.834e-24
283.45,6.986e+2,1.982e+2,5.004e+2,2.011e-24,2.520e-12,,1.840e-24
283.48,7.492e+2,1.030e+2,6.462e+2,1.975e-24,2.514e-12,,1.849e-24
283.50,8.104e+2,6.553e+1,7.449e+2,1.950e-24,2.511e-12,,1.855e-24
283.53,9.050e+2,3.739e+1,8.676e+2,1.913e-24,2.505e-12,,1.863e-24
283.55,9.508e+2,3.276e+1,9.180e+2,1.889e-24,2.502e-12,,1.869e-24
283.58,9.737e+2,4.293e+1,9.308e+2,1.852e-24,2.496e-12,,1.878e-24
283.60,9.561e+2,6.058e+1,8.956e+2,1.827e-24,2.493e-12,,1.884e-24
283.62,9.170e+2,8.733e+1,8.297e+2,1.802e-24,2.489e-12,,1.890e-24
283.65,8.364e+2,1.453e+2,6.912e+2,1.766e-24,2.484e-12,,1.899e-24
283.67,7.825e+2,1.953e+2,5.872e+2,1.741e-24,2.480e-12,,1.905e-24
283.70,7.227e+2,2.832e+2,4.394e+2,1.704e-24,2.475e-12,,1.914e-24
283.72,7.042e+2,3.454e+2,3.587e+2,1.679e-24,2.471e-12,,1.920e-24
283.75,7.106e+2,4.319e+2,2.787e+2,1.643e-24,2.466e-12,,1.929e-24
283.77,7.345e+2,4.770e+2,2.574e+2,1.618e-24,2.462e-12,,1.935e-24
283.80,7.912e+2,5.139e+2,2.773e+2,1.581e-24,2.457e-12,,1.943e-24
283.82,8.395e+2,5.139e+2,3.256e+2,1.556e-24,2.453e-12,,1.949e-24
283.85,9.271e+2,4.770e+2,4.501e+2,1.520e-24,2.448e-12,,1.958e-24
283.87,9.979e+2,4.319e+2,5.660e+2,1.495e-24,2.444e-12,,1.964e-24
283.90,1.127e+3,3.454e+2,7.819e+2,1.458e-24,2.439e-12,,1.973e-24
283.92,1.229e+3,2.832e+2,9.457e+2,1.433e-24,2.435e-12,,1.979e-24
283.95,1.395e+3,1.952e+2,1.200e+3,1.397e-24,2.430e-12,,1.988e-24
283.97,1.503e+3,1.450e+2,1.358e+3,1.372e-24,2.426e-12,,1.994e-24
284.00,1.632e+3,8.666e+1,1.545e+3,1.335e-24,2.421e-12,,2.003e-24
284.02,1.680e+3,5.923e+1,1.621e+3,1.310e-24,2.417e-12,,2.009e-24
284.05,1.672e+3,3.379e+1,1.638e+3,1.274e-24,2.412e-12,,2.018e-24
284.07,1.609e+3,2.627e+1,1.583e+3,1.249e-24,2.408e-12,,2.023e-24
284.10,1.439e+3,2.900e+1,1.410e+3,1.212e-24,2.403e-12,,2.032e-24
284.12,1.291e+3,4.176e+1,1.249e+3,1.188e-24,2.399e-12,,2.038e-24
284.14,1.134e+3,6.611e+1,1.068e+3,1.163e-24,2.396e-12,,2.044e-24
284.17,9.224e+2,1.328e+2,7.896e+2,1.126e-24,2.390e-12,,2.053e-24
284.19,8.212e+2,2.043e+2,6.169e+2,1.101e-24,2.387e-12,,2.059e-24
284.22,7.620e+2,3.639e+2,3.982e+2,1.065e-24,2.381e-12,,2.068e-24
284.24,7.940e+2,5.092e+2,2.849e+2,1.040e-24,2.378e-12,,2.074e-24
284.27,9.466e+2,7.829e+2,1.637e+2,1.003e-24,2.372e-12,,2.083e-24
284.29,1.105e+3,9.926e+2,1.120e+2,9.784e-25,2.369e-12,,2.089e-24
284.32,1.385e+3,1.316e+3,6.922e+1,9.416e-25,2.363e-12,,2.098e-24
284.34,1.570e+3,1.511e+3,5.911e+1,9.170e-25,2.360e-12,,2.103e-24
284.37,1.792e+3,1.727e+3,6.482e+1,8.801e-25,2.354e-12,,2.112e-24
284.39,1.876e+3,1.797e+3,7.955e+1,8.555e-25,2.351e-12,,2.118e-24
284.42,1.884e+3,1.770e+3,1.138e+2,8.186e-25,2.345e-12,,2.127e-24
284.44,1.811e+3,1.668e+3,1.422e+2,7.940e-25,2.342e-12,,2.133e-24
284.47,1.605e+3,1.417e+3,1.878e+2,7.571e-25,2.336e-12,,2.142e-24
284.49,1.427e+3,1.210e+3,2.170e+2,7.325e-25,2.333e-12,,2.148e-24
284.52,1.139e+3,8.859e+2,2.535e+2,6.956e-25,2.327e-12,,2.157e-24
284.54,9.561e+2,6.850e+2,2.711e+2,6.710e-25,2.324e-12,,2.163e-24
284.57,7.198e+2,4.325e+2,2.874e+2,6.341e-25,2.318e-12,,2.172e-24
284.59,5.969e+2,3.029e+2,2.940e+2,6.095e-25,2.315e-12,,2.178e-24
284.62,4.702e+2,1.649e+2,3.053e+2,5.726e-25,2.309e-12,,2.186e-24
284.64,4.236e+2,1.046e+2,3.190e+2,5.480e-25,2.306e-12,,2.192e-24
284.66,4.049e+2,6.379e+1,3.411e+2,5.234e-25,2.302e-12,,2.198e-24
284.69,4.208e+2,2.822e+1,3.926e+2,4.865e-25,2.297e-12,,2.207e-24
284.71,4.531e+2,1.561e+1,4.375e+2,4.619e-25,2.293e-12,,2.213e-24
284.74,5.169e+2,6.040e+0,5.108e+2,4.250e-25,2.288e-12,,2.222e-24
284.76,5.584e+2,3.203e+0,5.552e+2,4.004e-25,2.284e-12,,2.228e-24
284.79,6.011e+2,1.740e+0,5.994e+2,3.635e-25,2.279e-12,,2.237e-24
284.81,6.087e+2,2.054e+0,6.067e+2,3.390e-25,2.275e-12,,2.243e-24
284.84,5.836e+2,4.719e+0,5.789e+2,3.021e-25,2.270e-12,,2.252e-24
284.86,5.450e+2,8.843e+0,5.362e+2,2.775e-25,2.266e-12,,2.258e-24
284.89,4.677e+2,2.164e+1,4.460e+2,2.406e-25,2.261e-12,,2.266e-24
284.91,4.145e+2,3.752e+1,3.769e+2,2.160e-25,2.257e-12,,2.272e-24
284.94,3.542e+2,7.962e+1,2.746e+2,1.791e-25,2.252e-12,,2.281e-24
284.96,3.394e+2,1.252e+2,2.143e+2,1.545e-25,2.248e-12,,2.287e-24
284.99,3.723e+2,2.292e+2,1.431e+2,1.176e-25,2.243e-12,,2.296e-24
285.01,4.365e+2,3.266e+2,1.099e+2,9.299e-26,2.239e-12,,2.302e-24
285.04,5.961e+2,5.161e+2,8.006e+1,5.610e-26,2.234e-12,,2.311e-24
285.06,7.375e+2,6.665e+2,7.098e+1,3.150e-26,2.230e-12,,2.317e-24
285.09,9.767e+2,9.086e+2,6.813e+1,4.708e-25,2.225e-12,,2.326e-24
285.11,1.134e+3,1.063e+3,7.019e+1,2.374e-24,2.221e-12,,2.332e-24
285.13,1.270e+3,1.197e+3,7.313e+1,1.152e-23,2.218e-12,,2.338e-24
285.16,1.403e+3,1.327e+3,7.595e+1,1.145e-22,2.212e-12,,2.346e-24
285.18,1.429e+3,1.353e+3,7.541e+1,5.041e-22,2.209e-12,,2.352e-24
285.21,1.365e+3,1.295e+3,7.027e+1,4.331e-21,2.203e-12,,2.361e-24
285.23,1.261e+3,1.197e+3,6.440e+1,1.731e-20,2.200e-12,,2.367e-24
285.26,1.042e+3,9.878e+2,5.378e+1,1.286e-19,2.194e-12,,2.376e-24
285.28,8.745e+2,8.275e+2,4.701e+1,4.665e-19,2.191e-12,,2.382e-24
285.31,6.297e+2,5.894e+2,4.029e+1,2.998e-18,2.185e-12,,2.391e-24
285.33,4.873e+2,4.475e+2,3.986e+1,9.871e-18,2.182e-12,,2.397e-24
285.36,3.233e+2,2.750e+2,4.835e+1,5.486e-17,2.176e-12,,2.406e-24
285.38,2.510e+2,1.892e+2,6.174e+1,1.640e-16,2.173e-12,,2.412e-24
285.41,1.962e+2,1.003e+2,9.587e+1,7.881e-16,2.167e-12,,2.420e-24
285.43,1.914e+2,6.257e+1,1.289e+2,2.139e-15,2.164e-12,,2.426e-24
285.46,2.225e+2,2.862e+1,1.939e+2,8.891e-15,2.158e-12,,2.435e-24
285.48,2.629e+2,1.618e+1,2.467e+2,2.190e-14,2.155e-12,,2.441e-24
285.51,3.432e+2,6.386e+0,3.368e+2,7.877e-14,2.149e-12,,2.450e-24
285.53,4.048e+2,3.271e+0,4.015e+2,1.762e-13,2.146e-12,,2.456e-24
285.56,5.025e+2,1.114e+0,5.014e+2,5.481e-13,2.140e-12,,2.465e-24
285.58,5.685e+2,5.173e-1,5.679e+2,1.113e-12,2.137e-12,,2.471e-24
285.61,6.665e+2,1.520e-1,6.664e+2,2.995e-12,2.131e-12,,2.480e-24
285.63,7.316e+2,6.396e-2,7.315e+2,5.521e-12,2.128e-12,,2.486e-24
285.65,7.971e+2,2.588e-2,7.971e+2,9.793e-12,2.124e-12,,2.492e-24
285.68,8.976e+2,6.184e-3,8.976e+2,2.152e-11,2.119e-12,,2.500e-24
285.70,9.652e+2,2.268e-3,9.652e+2,3.465e-11,2.115e-12,,2.506e-24
285.73,1.062e+3,4.676e-4,1.062e+3,6.588e-11,2.110e-12,,2.515e-24
285.75,1.117e+3,1.554e-4,1.117e+3,9.632e-11,2.106e-12,,2.521e-24
285.78,1.172e+3,2.765e-5,1.172e+3,1.584e-10,2.101e-12,,2.530e-24
285.80,1.180e+3,8.327e-6,1.180e+3,2.103e-10,2.097e-12,,2.536e-24
285.83,1.140e+3,1.278e-6,1.140e+3,2.993e-10,2.092e-12,,2.545e-24
285.85,1.076e+3,3.489e-7,1.076e+3,3.608e-10,2.088e-12,,2.551e-24
285.88,9.318e+2,4.622e-8,9.318e+2,4.441e-10,2.083e-12,,2.560e-24
285.90,8.126e+2,1.143e-8,8.126e+2,4.861e-10,2.079e-12,,2.566e-24
285.93,6.201e+2,1.307e-9,6.201e+2,5.177e-10,2.074e-12,,2.575e-24
285.95,4.953e+2,2.930e-10,4.953e+2,5.145e-10,2.070e-12,,2.580e-24
285.98,3.301e+2,2.889e-11,3.301e+2,4.741e-10,2.065e-12,,2.589e-24
286.00,2.403e+2,5.871e-12,2.403e+2,4.278e-10,2.061e-12,,2.595e-24
286.03,1.392e+2,4.995e-13,1.392e+2,3.410e-10,2.056e-12,,2.604e-24
286.05,9.220e+1,4.944e-13,9.220e+1,2.794e-10,2.052e-12,,2.610e-24
286.08,4.637e+1,4.868e-13,4.637e+1,1.927e-10,2.047e-12,,2.619e-24
286.10,2.808e+1,4.817e-13,2.808e+1,1.433e-10,2.043e-12,,2.625e-24
286.13,1.271e+1,4.741e-13,1.271e+1,8.548e-11,2.038e-12,,2.634e-24
286.15,7.669e+0,4.690e-13,7.669e+0,5.772e-11,2.034e-12,,2.640e-24
286.17,5.216e+0,4.639e-13,5.216e+0,3.749e-11,2.031e-12,,2.646e-24
286.20,4.611e+0,4.563e-13,4.611e+0,1.826e-11,2.025e-12,,2.655e-24
286.22,5.584e+0,4.512e-13,5.584e+0,1.077e-11,2.022e-12,,2.660e-24
286.25,8.522e+0,4.436e-13,8.522e+0,4.535e-12,2.016e-12,,2.669e-24
286.27,1.126e+1,4.385e-13,1.126e+1,2.428e-12,2.013e-12,,2.675e-24
286.30,1.615e+1,4.308e-13,1.615e+1,8.844e-13,2.007e-12,,2.684e-24
286.32,1.962e+1,4.258e-13,1.962e+1,4.298e-13,2.004e-12,,2.690e-24
286.35,2.447e+1,4.181e-13,2.447e+1,1.354e-13,1.998e-12,,2.699e-24
286.37,2.702e+1,4.130e-13,2.702e+1,5.972e-14,1.995e-12,,2.705e-24
286.40,2.920e+1,4.054e-13,2.920e+1,1.627e-14,1.989e-12,,2.714e-24
286.42,2.934e+1,4.003e-13,2.934e+1,6.514e-15,1.986e-12,,2.720e-24
286.45,2.760e+1,3.927e-13,2.760e+1,1.535e-15,1.980e-12,,2.729e-24
286.47,2.537e+1,3.876e-13,2.537e+1,5.576e-16,1.977e-12,,2.735e-24
286.50,2.105e+1,3.800e-13,2.105e+1,1.136e-16,1.971e-12,,2.743e-24
286.52,1.793e+1,3.749e-13,1.793e+1,3.746e-17,1.968e-12,,2.749e-24
286.55,1.354e+1,3.672e-13,1.354e+1,6.597e-18,1.962e-12,,2.758e-24
286.57,1.104e+1,3.621e-13,1.104e+1,1.975e-18,1.959e-12,,2.764e-24
286.60,8.133e+0,3.545e-13,8.133e+0,3.006e-19,1.953e-12,,2.773e-24
286.62,6.783e+0,3.494e-13,6.783e+0,8.166e-20,1.950e-12,,2.779e-24
286.65,5.634e+0,3.418e-13,5.634e+0,1.075e-20,1.944e-12,,2.788e-24
286.67,5.476e+0,3.367e-13,5.476e+0,2.649e-21,1.941e-12,,2.794e-24
286.69,5.865e+0,3.316e-13,5.865e+0,6.281e-22,1.937e-12,,2.800e-24
286.72,7.678e+0,3.240e-13,7.678e+0,6.741e-23,1.932e-12,,2.809e-24
286.74,9.863e+0,3.189e-13,9.863e+0,1.450e-23,1.928e-12,,2.815e-24
286.77,1.479e+1,3.113e-13,1.479e+1,1.345e-24,1.923e-12,,2.823e-24
286.79,1.917e+1,3.062e-13,1.917e+1,2.337e-25,1.919e-12,,2.829e-24
286.82,2.699e+1,2.985e-13,2.699e+1,3.919e-25,1.914e-12,,2.838e-24
286.84,3.263e+1,2.935e-13,3.263e+1,4.974e-25,1.910e-12,,2.844e-24
286.87,4.071e+1,2.858e-13,4.071e+1,6.556e-25,1.905e-12,,2.853e-24
286.89,4.530e+1,2.807e-13,4.530e+1,7.611e-25,1.901e-12,,2.859e-24
286.92,5.043e+1,2.731e-13,5.043e+1,9.194e-25,1.896e-12,,2.868e-24
286.94,5.289e+1,2.680e-13,5.289e+1,1.025e-24,1.892e-12,,2.874e-24
286.97,5.679e+1,2.604e-13,5.679e+1,1.183e-24,1.887e-12,,2.883e-24
286.99,6.134e+1,2.553e-13,6.134e+1,1.289e-24,1.883e-12,,2.889e-24
287.02,7.565e+1,2.477e-13,7.565e+1,1.447e-24,1.878e-12,,2.898e-24
287.04,9.345e+1,2.426e-13,9.345e+1,1.552e-24,1.874e-12,,2.903e-24
287.07,1.384e+2,2.349e-13,1.384e+2,1.710e-24,1.869e-12,,2.912e-24
287.09,1.836e+2,2.298e-13,1.836e+2,1.816e-24,1.865e-12,,2.918e-24
287.12,2.772e+2,2.222e-13,2.772e+2,1.974e-24,1.860e-12,,2.927e-24
287.14,3.569e+2,2.171e-13,3.569e+2,2.080e-24,1.856e-12,,2.933e-24
287.16,4.485e+2,2.120e-13,4.485e+2,2.185e-24,1.853e-12,,2.939e-24
287.19,6.010e+2,2.044e-13,6.010e+2,2.343e-24,1.847e-12,,2.948e-24
287.21,7.057e+2,1.993e-13,7.057e+2,2.449e-24,1.844e-12,,2.954e-24
287.24,8.519e+2,1.917e-13,8.519e+2,2.607e-24,1.838e-12,,2.963e-24
287.26,9.330e+2,1.866e-13,9.330e+2,2.713e-24,1.835e-12,,2.969e-24
287.29,1.016e+3,1.790e-13,1.016e+3,2.871e-24,1.829e-12,,2.978e-24
287.31,1.041e+3,1.739e-13,1.041e+3,2.976e-24,1.826e-12,,2.983e-24
287.34,1.031e+3,1.662e-13,1.031e+3,3.134e-24,1.820e-12,,2.992e-24
287.36,9.969e+2,1.611e-13,9.969e+2,3.240e-24,1.817e-12,,2.998e-24
287.39,9.164e+2,1.535e-13,9.164e+2,3.398e-24,1.811e-12,,3.007e-24
287.41,8.528e+2,1.484e-13,8.528e+2,3.504e-24,1.808e-12,,3.013e-24
287.44,7.579e+2,1.408e-13,7.579e+2,3.662e-24,1.802e-12,,3.022e-24
287.46,7.012e+2,1.357e-13,7.012e+2,3.767e-24,1.799e-12,,3.028e-24
287.49,6.307e+2,1.281e-13,6.307e+2,3.926e-24,1.793e-12,,3.037e-24
287.51,5.929e+2,1.230e-13,5.929e+2,4.031e-24,1.790e-12,,3.043e-24
287.54,5.455e+2,1.154e-13,5.455e+2,4.189e-24,1.784e-12,,3.052e-24
287.56,5.169e+2,1.103e-13,5.169e+2,4.295e-24,1.781e-12,,3.058e-24
287.59,4.738e+2,1.026e-13,4.738e+2,4.453e-24,1.775e-12,,3.066e-24
287.61,4.435e+2,9.754e-14,4.435e+2,4.559e-24,1.772e-12,,3.072e-24
287.64,3.945e+2,8.991e-14,3.945e+2,4.717e-24,1.766e-12,,3.081e-24
287.66,3.595e+2,8.482e-14,3.595e+2,4.822e-24,1.763e-12,,3.087e-24
287.68,3.231e+2,7.973e-14,3.231e+2,4.928e-24,1.759e-12,,3.093e-24
287.71,2.667e+2,7.210e-14,2.667e+2,5.086e-24,1.754e-12,,3.102e-24
287.73,2.291e+2,6.701e-14,2.291e+2,5.191e-24,1.750e-12,,3.108e-24
287.76,1.750e+2,5.938e-14,1.750e+2,5.350e-24,1.745e-12,,3.117e-24
287.78,1.422e+2,5.429e-14,1.422e+2,5.455e-24,1.741e-12,,3.123e-24
287.81,1.007e+2,4.666e-14,1.007e+2,5.613e-24,1.736e-12,,3.132e-24
287.83,7.944e+1,4.157e-14,7.944e+1,5.719e-24,1.732e-12,,3.138e-24
287.86,5.882e+1,3.394e-14,5.882e+1,5.877e-24,1.727e-12,,3.146e-24
287.88,5.289e+1,2.885e-14,5.289e+1,5.983e-24,1.723e-12,,3.152e-24
287.91,5.534e+1,2.121e-14,5.534e+1,6.141e-24,1.718e-12,,3.161e-24
287.93,6.379e+1,1.105e-13,6.379e+1,6.246e-24,1.714e-12,,3.167e-24
287.96,8.440e+1,1.221e-12,8.440e+1,6.404e-24,1.709e-12,,3.176e-24
287.98,1.015e+2,5.778e-12,1.015e+2,6.510e-24,1.705e-12,,3.182e-24
288.01,1.284e+2,5.532e-11,1.284e+2,6.668e-24,1.700e-12,,3.191e-24
288.03,1.447e+2,2.378e-10,1.447e+2,6.774e-24,1.696e-12,,3.197e-24
288.06,1.636e+2,1.972e-9,1.636e+2,6.932e-24,1.691e-12,,3.206e-24
288.08,1.719e+2,7.699e-9,1.719e+2,7.037e-24,1.687e-12,,3.212e-24
288.11,1.795e+2,5.528e-8,1.795e+2,7.196e-24,1.682e-12,,3.220e-24
288.13,1.843e+2,1.961e-7,1.843e+2,7.301e-24,1.678e-12,,3.226e-24
288.16,1.982e+2,1.219e-6,1.982e+2,7.459e-24,1.673e-12,,3.235e-24
288.18,2.168e+2,3.930e-6,2.168e+2,7.565e-24,1.669e-12,,3.241e-24
288.20,2.462e+2,1.219e-5,2.462e+2,7.670e-24,1.666e-12,,3.247e-24
288.23,3.132e+2,6.197e-5,3.132e+2,7.828e-24,1.660e-12,,3.256e-24
288.25,3.721e+2,1.746e-4,3.721e+2,7.934e-24,1.657e-12,,3.262e-24
288.28,4.734e+2,7.688e-4,4.734e+2,8.092e-24,1.651e-12,,3.271e-24
288.30,5.414e+2,1.968e-3,5.414e+2,8.198e-24,1.648e-12,,3.277e-24
288.33,6.272e+2,7.504e-3,6.272e+2,8.356e-24,1.642e-12,,3.286e-24
288.35,6.640e+2,1.746e-2,6.640e+2,8.461e-24,1.639e-12,,3.292e-24
288.38,6.778e+2,5.763e-2,6.778e+2,8.620e-24,1.633e-12,,3.300e-24
288.40,6.574e+2,1.218e-1,6.573e+2,8.725e-24,1.630e-12,,3.306e-24
288.43,5.874e+2,3.482e-1,5.871e+2,8.883e-24,1.624e-12,,3.315e-24
288.45,5.216e+2,6.685e-1,5.209e+2,8.989e-24,1.621e-12,,3.321e-24
288.48,4.095e+2,1.655e+0,4.078e+2,9.147e-24,1.615e-12,,3.330e-24
288.50,3.348e+2,2.887e+0,3.319e+2,9.253e-24,1.612e-12,,3.336e-24
288.53,2.351e+2,6.189e+0,2.289e+2,9.411e-24,1.606e-12,,3.345e-24
288.55,1.814e+2,9.809e+0,1.716e+2,9.516e-24,1.603e-12,,3.351e-24
288.58,1.233e+2,1.821e+1,1.051e+2,9.674e-24,1.597e-12,,3.360e-24
288.60,9.918e+1,2.622e+1,7.296e+1,9.780e-24,1.594e-12,,3.366e-24
288.63,8.213e+1,4.216e+1,3.997e+1,9.938e-24,1.588e-12,,3.375e-24
288.65,8.098e+1,5.515e+1,2.584e+1,1.004e-23,1.585e-12,,3.380e-24
288.68,8.955e+1,7.678e+1,1.277e+1,1.020e-23,1.579e-12,,3.389e-24
288.70,9.899e+1,9.125e+1,7.734e+0,1.031e-23,1.576e-12,,3.395e-24
288.72,1.090e+2,1.044e+2,4.591e+0,1.041e-23,1.572e-12,,3.401e-24
288.75,1.209e+2,1.188e+2,2.076e+0,1.057e-23,1.567e-12,,3.410e-24
288.77,1.247e+2,1.235e+2,1.269e+0,1.068e-23,1.563e-12,,3.416e-24
288.80,1.224e+2,1.217e+2,7.424e-1,1.083e-23,1.558e-12,,3.425e-24
288.82,1.155e+2,1.149e+2,6.408e-1,1.094e-23,1.554e-12,,3.431e-24
288.85,9.878e+1,9.812e+1,6.605e-1,1.110e-23,1.549e-12,,3.440e-24
288.87,8.496e+1,8.424e+1,7.216e-1,1.120e-23,1.545e-12,,3.446e-24
288.90,6.336e+1,6.254e+1,8.169e-1,1.136e-23,1.540e-12,,3.455e-24
288.92,5.002e+1,4.916e+1,8.592e-1,1.147e-23,1.536e-12,,3.460e-24
288.95,3.364e+1,3.277e+1,8.688e-1,1.163e-23,1.531e-12,,3.469e-24
288.97,2.586e+1,2.502e+1,8.361e-1,1.173e-23,1.527e-12,,3.475e-24
289.00,1.947e+1,1.874e+1,7.374e-1,1.189e-23,1.522e-12,,3.484e-24
289.02,1.889e+1,1.824e+1,6.510e-1,1.200e-23,1.518e-12,,3.490e-24
289.05,2.367e+1,2.315e+1,5.229e-1,1.215e-23,1.513e-12,,3.499e-24
289.07,3.070e+1,3.023e+1,4.662e-1,1.226e-23,1.509e-12,,3.505e-24
289.10,4.701e+1,4.651e+1,5.025e-1,1.242e-23,1.504e-12,,3.514e-24
289.12,6.160e+1,6.091e+1,6.905e-1,1.252e-23,1.500e-12,,3.520e-24
289.15,8.850e+1,8.701e+1,1.490e+0,1.268e-23,1.495e-12,,3.529e-24
289.17,1.094e+2,1.068e+2,2.653e+0,1.279e-23,1.491e-12,,3.535e-24
289.19,1.326e+2,1.279e+2,4.691e+0,1.289e-23,1.488e-12,,3.540e-24
289.22,1.725e+2,1.620e+2,1.047e+1,1.305e-23,1.482e-12,,3.549e-24
289.24,2.037e+2,1.865e+2,1.714e+1,1.316e-23,1.479e-12,,3.555e-24
289.27,2.612e+2,2.277e+2,3.351e+1,1.331e-23,1.473e-12,,3.564e-24
289.29,3.091e+2,2.591e+2,5.003e+1,1.342e-23,1.470e-12,,3.570e-24
289.32,3.982e+2,3.130e+2,8.518e+1,1.358e-23,1.464e-12,,3.579e-24
289.34,4.687e+2,3.527e+2,1.160e+2,1.368e-23,1.461e-12,,3.585e-24
289.37,5.846e+2,4.125e+2,1.720e+2,1.384e-23,1.455e-12,,3.594e-24
289.39,6.616e+2,4.479e+2,2.137e+2,1.395e-23,1.452e-12,,3.600e-24
289.42,7.609e+2,4.843e+2,2.767e+2,1.410e-23,1.446e-12,,3.609e-24
289.44,8.067e+2,4.924e+2,3.143e+2,1.421e-23,1.443e-12,,3.615e-24
289.47,8.322e+2,4.754e+2,3.567e+2,1.437e-23,1.437e-12,,3.623e-24
289.49,8.176e+2,4.451e+2,3.725e+2,1.447e-23,1.434e-12,,3.629e-24
289.52,7.527e+2,3.772e+2,3.755e+2,1.463e-23,1.428e-12,,3.638e-24
289.54,6.881e+2,3.228e+2,3.653e+2,1.474e-23,1.425e-12,,3.644e-24
289.57,5.763e+2,2.385e+2,3.378e+2,1.490e-23,1.419e-12,,3.653e-24
289.59,5.021e+2,1.863e+2,3.158e+2,1.500e-23,1.416e-12,,3.659e-24
289.62,4.053e+2,1.210e+2,2.843e+2,1.516e-23,1.410e-12,,3.668e-24
289.64,3.550e+2,8.804e+1,2.669e+2,1.527e-23,1.407e-12,,3.674e-24
289.67,3.024e+2,5.540e+1,2.470e+2,1.542e-23,1.401e-12,,3.683e-24
289.69,2.808e+2,4.426e+1,2.366e+2,1.553e-23,1.398e-12,,3.689e-24
289.71,2.675e+2,4.098e+1,2.265e+2,1.563e-23,1.394e-12,,3.695e-24
289.74,2.583e+2,4.967e+1,2.086e+2,1.579e-23,1.389e-12,,3.703e-24
289.76,2.572e+2,6.392e+1,1.933e+2,1.590e-23,1.385e-12,,3.709e-24
289.79,2.615e+2,9.667e+1,1.648e+2,1.606e-23,1.380e-12,,3.718e-24
289.81,2.679e+2,1.248e+2,1.431e+2,1.616e-23,1.376e-12,,3.724e-24
289.84,2.821e+2,1.728e+2,1.093e+2,1.632e-23,1.371e-12,,3.733e-24
289.86,2.934e+2,2.056e+2,8.781e+1,1.643e-23,1.367e-12,,3.739e-24
289.89,3.095e+2,2.498e+2,5.977e+1,1.658e-23,1.362e-12,,3.748e-24
289.91,3.172e+2,2.725e+2,4.465e+1,1.669e-23,1.358e-12,,3.754e-24
289.94,3.208e+2,2.932e+2,2.755e+1,1.685e-23,1.353e-12,,3.763e-24
289.96,3.175e+2,2.980e+2,1.948e+1,1.695e-23,1.349e-12,,3.769e-24
289.99,3.065e+2,2.952e+2,1.129e+1,1.711e-23,1.344e-12,,3.778e-24
290.01,2.984e+2,2.906e+2,7.761e+0,1.722e-23,1.340e-12,,3.783e-24
290.04,2.912e+2,2.868e+2,4.387e+0,1.737e-23,1.335e-12,,3.792e-24
290.06,2.925e+2,2.895e+2,2.984e+0,1.748e-23,1.331e-12,,3.798e-24
290.09,3.050e+2,3.034e+2,1.653e+0,1.764e-23,1.326e-12,,3.807e-24
290.11,3.186e+2,3.175e+2,1.099e+0,1.774e-23,1.322e-12,,3.813e-24
290.14,3.398e+2,3.392e+2,5.768e-1,1.790e-23,1.317e-12,,3.822e-24
290.16,3.496e+2,3.492e+2,3.655e-1,1.801e-23,1.313e-12,,3.828e-24
290.19,3.500e+2,3.498e+2,1.778e-1,1.817e-23,1.308e-12,,3.837e-24
290.21,3.381e+2,3.380e+2,1.104e-1,1.827e-23,1.304e-12,,3.843e-24
290.23,3.162e+2,3.162e+2,7.436e-2,1.838e-23,1.301e-12,,3.849e-24
290.26,2.682e+2,2.681e+2,6.455e-2,1.854e-23,1.295e-12,,3.858e-24
290.28,2.297e+2,2.296e+2,8.500e-2,1.864e-23,1.292e-12,,3.863e-24
290.31,1.700e+2,1.698e+2,1.635e-1,1.880e-23,1.286e-12,,3.872e-24
290.33,1.328e+2,1.326e+2,2.578e-1,1.890e-23,1.283e-12,,3.878e-24
290.36,8.577e+1,8.528e+1,4.855e-1,1.906e-23,1.277e-12,,3.887e-24
290.38,6.148e+1,6.077e+1,7.086e-1,1.917e-23,1.274e-12,,3.893e-24
290.41,3.574e+1,3.458e+1,1.165e+0,1.933e-23,1.268e-12,,3.902e-24
290.43,2.496e+1,2.341e+1,1.548e+0,1.943e-23,1.265e-12,,3.908e-24
290.46,1.666e+1,1.445e+1,2.208e+0,1.959e-23,1.259e-12,,3.917e-24
290.48,1.553e+1,1.286e+1,2.669e+0,1.970e-23,1.256e-12,,3.923e-24
290.51,1.972e+1,1.642e+1,3.303e+0,1.985e-23,1.250e-12,,3.932e-24
290.53,2.645e+1,2.282e+1,3.631e+0,1.996e-23,1.247e-12,,3.938e-24
290.56,4.301e+1,3.911e+1,3.899e+0,2.012e-23,1.241e-12,,3.946e-24
290.58,5.875e+1,5.485e+1,3.899e+0,2.022e-23,1.238e-12,,3.952e-24
290.61,8.957e+1,8.594e+1,3.632e+0,2.038e-23,1.232e-12,,3.961e-24
290.63,1.144e+2,1.111e+2,3.304e+0,2.049e-23,1.229e-12,,3.967e-24
290.66,1.559e+2,1.532e+2,2.670e+0,2.064e-23,1.223e-12,,3.976e-24
290.68,1.842e+2,1.820e+2,2.211e+0,2.075e-23,1.220e-12,,3.982e-24
290.70,2.113e+2,2.095e+2,1.766e+0,2.086e-23,1.216e-12,,3.988e-24
290.73,2.454e+2,2.443e+2,1.183e+0,2.101e-23,1.211e-12,,3.997e-24
290.75,2.620e+2,2.611e+2,8.774e-1,2.112e-23,1.207e-12,,4.003e-24
290.78,2.752e+2,2.746e+2,5.644e-1,2.128e-23,1.202e-12,,4.012e-24
290.80,2.760e+2,2.755e+2,4.552e-1,2.138e-23,1.198e-12,,4.018e-24
290.83,2.660e+2,2.656e+2,4.409e-1,2.154e-23,1.193e-12,,4.026e-24
290.85,2.530e+2,2.524e+2,5.336e-1,2.165e-23,1.189e-12,,4.032e-24
290.88,2.260e+2,2.252e+2,8.356e-1,2.180e-23,1.184e-12,,4.041e-24
290.90,2.045e+2,2.033e+2,1.152e+0,2.191e-23,1.180e-12,,4.047e-24
290.93,1.692e+2,1.674e+2,1.802e+0,2.207e-23,1.175e-12,,4.056e-24
290.95,1.451e+2,1.427e+2,2.343e+0,2.217e-23,1.171e-12,,4.062e-24
290.98,1.103e+2,1.070e+2,3.270e+0,2.233e-23,1.166e-12,,4.071e-24
291.00,8.923e+1,8.531e+1,3.923e+0,2.244e-23,1.162e-12,,4.077e-24
291.03,6.220e+1,5.734e+1,4.858e+0,2.260e-23,1.157e-12,,4.086e-24
291.05,4.767e+1,4.228e+1,5.391e+0,2.270e-23,1.153e-12,,4.092e-24
291.08,3.111e+1,2.515e+1,5.962e+0,2.286e-23,1.148e-12,,4.101e-24
291.10,2.319e+1,1.704e+1,6.151e+0,2.297e-23,1.144e-12,,4.106e-24
291.13,1.501e+1,8.890e+0,6.119e+0,2.312e-23,1.139e-12,,4.115e-24
291.15,1.140e+1,5.508e+0,5.893e+0,2.323e-23,1.135e-12,,4.121e-24
291.18,7.804e+0,2.509e+0,5.295e+0,2.339e-23,1.130e-12,,4.130e-24
291.20,6.185e+0,1.418e+0,4.767e+0,2.349e-23,1.126e-12,,4.136e-24
291.22,4.947e+0,7.727e-1,4.174e+0,2.360e-23,1.123e-12,,4.142e-24
291.25,3.535e+0,2.903e-1,3.245e+0,2.376e-23,1.117e-12,,4.151e-24
291.27,2.791e+0,1.456e-1,2.646e+0,2.386e-23,1.114e-12,,4.157e-24
291.30,1.896e+0,5.486e-2,1.841e+0,2.402e-23,1.108e-12,,4.166e-24
291.32,1.432e+0,4.137e-2,1.390e+0,2.413e-23,1.105e-12,,4.172e-24
291.35,9.403e-1,8.100e-2,8.593e-1,2.428e-23,1.099e-12,,4.181e-24
291.37,7.722e-1,1.739e-1,5.983e-1,2.439e-23,1.096e-12,,4.186e-24
291.40,8.793e-1,5.530e-1,3.263e-1,2.455e-23,1.090e-12,,4.195e-24
291.42,1.359e+0,1.150e+0,2.091e-1,2.465e-23,1.087e-12,,4.201e-24
291.45,3.318e+0,3.216e+0,1.023e-1,2.481e-23,1.081e-12,,4.210e-24
291.47,6.157e+0,6.093e+0,6.399e-2,2.492e-23,1.078e-12,,4.216e-24
291.50,1.485e+1,1.481e+1,4.056e-2,2.507e-23,1.072e-12,,4.225e-24
291.52,2.558e+1,2.553e+1,4.378e-2,2.518e-23,1.069e-12,,4.231e-24
291.55,5.398e+1,5.390e+1,7.961e-2,2.534e-23,1.063e-12,,4.240e-24
291.57,8.476e+1,8.463e+1,1.315e-1,2.544e-23,1.060e-12,,4.246e-24
291.60,1.555e+2,1.552e+2,2.735e-1,2.560e-23,1.055e-12,,4.255e-24
291.62,2.223e+2,2.219e+2,4.288e-1,2.571e-23,1.051e-12,,4.261e-24
291.65,3.544e+2,3.536e+2,7.869e-1,2.587e-23,1.046e-12,,4.269e-24
291.67,4.616e+2,4.604e+2,1.126e+0,2.597e-23,1.042e-12,,4.275e-24
291.70,6.399e+2,6.381e+2,1.800e+0,2.613e-23,1.037e-12,,4.284e-24
291.72,7.597e+2,7.573e+2,2.351e+0,2.624e-23,1.033e-12,,4.290e-24
291.74,8.694e+2,8.665e+2,2.962e+0,2.634e-23,1.029e-12,,4.296e-24
291.77,9.946e+2,9.907e+2,3.919e+0,2.650e-23,1.024e-12,,4.305e-24
291.79,1.040e+3,1.036e+3,4.523e+0,2.660e-23,1.020e-12,,4.311e-24
291.82,1.043e+3,1.038e+3,5.272e+0,2.676e-23,1.015e-12,,4.320e-24
291.84,1.003e+3,9.972e+2,5.615e+0,2.687e-23,1.011e-12,,4.326e-24
291.87,8.913e+2,8.855e+2,5.849e+0,2.703e-23,1.006e-12,,4.335e-24
291.89,7.951e+2,7.893e+2,5.820e+0,2.713e-23,1.002e-12,,4.341e-24
291.92,6.398e+2,6.342e+2,5.546e+0,2.729e-23,9.970e-13,,4.349e-24
291.94,5.397e+2,5.344e+2,5.249e+0,2.740e-23,9.934e-13,,4.355e-24
291.97,4.070e+2,4.023e+2,4.703e+0,2.755e-23,9.880e-13,,4.364e-24
291.99,3.339e+2,3.296e+2,4.302e+0,2.766e-23,9.844e-13,,4.370e-24
292.02,2.491e+2,2.455e+2,3.678e+0,2.782e-23,9.790e-13,,4.379e-24
292.04,2.094e+2,2.061e+2,3.255e+0,2.792e-23,9.754e-13,,4.385e-24
292.07,1.760e+2,1.734e+2,2.626e+0,2.808e-23,9.700e-13,,4.394e-24
292.09,1.732e+2,1.710e+2,2.218e+0,2.819e-23,9.664e-13,,4.400e-24
292.12,2.039e+2,2.023e+2,1.646e+0,2.834e-23,9.610e-13,,4.409e-24
292.14,2.514e+2,2.501e+2,1.307e+0,2.845e-23,9.574e-13,,4.415e-24
292.17,3.678e+2,3.669e+2,8.939e-1,2.861e-23,9.520e-13,,4.423e-24
292.19,4.758e+2,4.751e+2,7.067e-1,2.871e-23,9.485e-13,,4.429e-24
292.22,6.761e+2,6.755e+2,6.420e-1,2.887e-23,9.431e-13,,4.438e-24
292.24,8.259e+2,8.250e+2,8.560e-1,2.898e-23,9.395e-13,,4.444e-24
292.26,9.776e+2,9.762e+2,1.469e+0,2.908e-23,9.359e-13,,4.450e-24
292.29,1.185e+3,1.181e+3,3.926e+0,2.924e-23,9.305e-13,,4.459e-24
292.31,1.293e+3,1.285e+3,7.586e+0,2.935e-23,9.269e-13,,4.465e-24
292.34,1.391e+3,1.372e+3,1.930e+1,2.951e-23,9.215e-13,,4.474e-24
292.36,1.410e+3,1.376e+3,3.441e+1,2.961e-23,9.179e-13,,4.480e-24
292.39,1.380e+3,1.303e+3,7.646e+1,2.977e-23,9.125e-13,,4.489e-24
292.41,1.336e+3,1.212e+3,1.243e+2,2.987e-23,9.089e-13,,4.495e-24
292.44,1.274e+3,1.034e+3,2.401e+2,3.003e-23,9.035e-13,,4.503e-24
292.46,1.259e+3,9.037e+2,3.554e+2,3.014e-23,8.999e-13,,4.509e-24
292.49,1.309e+3,7.119e+2,5.968e+2,3.030e-23,8.945e-13,,4.518e-24
292.51,1.401e+3,5.960e+2,8.047e+2,3.040e-23,8.909e-13,,4.524e-24
292.54,1.623e+3,4.484e+2,1.175e+3,3.056e-23,8.855e-13,,4.533e-24
292.56,1.811e+3,3.688e+2,1.443e+3,3.067e-23,8.819e-13,,4.539e-24
292.59,2.108e+3,2.775e+2,1.831e+3,3.082e-23,8.765e-13,,4.548e-24
292.61,2.283e+3,2.353e+2,2.048e+3,3.093e-23,8.730e-13,,4.554e-24
292.64,2.461e+3,2.024e+2,2.259e+3,3.109e-23,8.676e-13,,4.563e-24
292.66,2.506e+3,2.039e+2,2.302e+3,3.119e-23,8.640e-13,,4.569e-24
292.69,2.456e+3,2.491e+2,2.207e+3,3.135e-23,8.586e-13,,4.578e-24
292.71,2.361e+3,3.125e+2,2.048e+3,3.146e-23,8.550e-13,,4.583e-24
292.73,2.237e+3,4.053e+2,1.831e+3,3.156e-23,8.514e-13,,4.589e-24
292.76,2.042e+3,5.986e+2,1.444e+3,3.172e-23,8.460e-13,,4.598e-24
292.78,1.934e+3,7.578e+2,1.176e+3,3.183e-23,8.424e-13,,4.604e-24
292.81,1.827e+3,1.021e+3,8.060e+2,3.198e-23,8.370e-13,,4.613e-24
292.83,1.791e+3,1.193e+3,5.981e+2,3.209e-23,8.334e-13,,4.619e-24
292.86,1.767e+3,1.410e+3,3.567e+2,3.225e-23,8.280e-13,,4.628e-24
292.88,1.747e+3,1.506e+3,2.414e+2,3.235e-23,8.244e-13,,4.634e-24
292.91,1.676e+3,1.550e+3,1.254e+2,3.251e-23,8.190e-13,,4.643e-24
292.93,1.586e+3,1.509e+3,7.748e+1,3.262e-23,8.154e-13,,4.649e-24
292.96,1.386e+3,1.351e+3,3.519e+1,3.278e-23,8.100e-13,,4.658e-24
292.98,1.218e+3,1.199e+3,1.991e+1,3.288e-23,8.064e-13,,4.663e-24
293.01,9.416e+2,9.337e+2,7.959e+0,3.304e-23,8.010e-13,,4.672e-24
293.03,7.587e+2,7.545e+2,4.154e+0,3.314e-23,7.974e-13,,4.678e-24
293.06,5.127e+2,5.112e+2,1.486e+0,3.330e-23,7.921e-13,,4.687e-24
293.08,3.772e+2,3.765e+2,7.258e-1,3.341e-23,7.885e-13,,4.693e-24
293.11,2.221e+2,2.218e+2,2.390e-1,3.357e-23,7.831e-13,,4.702e-24
293.13,1.490e+2,1.488e+2,1.120e-1,3.367e-23,7.795e-13,,4.708e-24
293.16,7.633e+1,7.630e+1,3.547e-2,3.383e-23,7.741e-13,,4.717e-24
293.18,4.668e+1,4.666e+1,1.671e-2,3.394e-23,7.705e-13,,4.723e-24
293.21,2.088e+1,2.087e+1,6.613e-3,3.409e-23,7.651e-13,,4.732e-24
293.23,1.179e+1,1.178e+1,5.510e-3,3.420e-23,7.615e-13,,4.738e-24
293.25,6.687e+0,6.680e+0,7.262e-3,3.430e-23,7.579e-13,,4.743e-24
293.28,3.812e+0,3.796e+0,1.578e-2,3.446e-23,7.525e-13,,4.752e-24
293.30,4.327e+0,4.300e+0,2.715e-2,3.457e-23,7.489e-13,,4.758e-24
293.33,9.458e+0,9.400e+0,5.817e-2,3.473e-23,7.435e-13,,4.767e-24
293.35,1.756e+1,1.747e+1,9.248e-2,3.483e-23,7.399e-13,,4.773e-24
293.38,4.298e+1,4.281e+1,1.730e-1,3.499e-23,7.345e-13,,4.782e-24
293.40,7.487e+1,7.462e+1,2.508e-1,3.510e-23,7.309e-13,,4.788e-24
293.43,1.608e+2,1.604e+2,4.084e-1,3.525e-23,7.255e-13,,4.797e-24
293.45,2.555e+2,2.550e+2,5.397e-1,3.536e-23,7.219e-13,,4.803e-24
293.48,4.776e+2,4.768e+2,7.650e-1,3.552e-23,7.166e-13,,4.812e-24
293.50,6.919e+2,6.910e+2,9.221e-1,3.562e-23,7.130e-13,,4.818e-24
293.53,1.126e+3,1.125e+3,1.140e+0,3.578e-23,8.043e-12,,4.826e-24
293.55,1.487e+3,1.485e+3,1.256e+0,3.589e-23,3.863e-11,,4.832e-24
293.58,2.104e+3,2.103e+3,1.364e+0,3.605e-23,3.794e-10,,4.841e-24
293.60,2.533e+3,2.532e+3,1.386e+0,3.615e-23,1.662e-9,,4.847e-24
293.63,3.121e+3,3.119e+3,1.355e+0,3.631e-23,1.421e-8,,4.856e-24
293.65,3.424e+3,3.422e+3,1.310e+0,3.641e-23,5.675e-8,,4.862e-24
293.68,3.670e+3,3.669e+3,1.249e+0,3.657e-23,4.225e-7,,4.871e-24
293.70,3.670e+3,3.669e+3,1.242e+0,3.668e-23,1.539e-6,,4.877e-24
293.73,3.424e+3,3.422e+3,1.328e+0,3.684e-23,9.975e-6,,4.886e-24
293.75,3.121e+3,3.119e+3,1.468e+0,3.694e-23,3.312e-5,,4.892e-24
293.77,2.741e+3,2.739e+3,1.682e+0,3.705e-23,1.060e-4,,4.898e-24
293.80,2.105e+3,2.103e+3,2.135e+0,3.721e-23,5.660e-4,,4.906e-24
293.82,1.686e+3,1.683e+3,2.512e+0,3.731e-23,1.651e-3,,4.912e-24
293.85,1.128e+3,1.125e+3,3.151e+0,3.747e-23,7.679e-3,,4.921e-24
293.87,8.240e+2,8.204e+2,3.596e+0,3.757e-23,2.043e-2,,4.927e-24
293.90,4.811e+2,4.768e+2,4.232e+0,3.773e-23,8.272e-2,,4.936e-24
293.92,3.219e+2,3.171e+2,4.599e+0,3.784e-23,2.007e-1,,4.942e-24
293.95,1.661e+2,1.604e+2,5.007e+0,3.800e-23,7.074e-1,,4.951e-24
293.97,1.039e+2,9.718e+1,5.164e+0,3.810e-23,1.565e+0,,4.957e-24
294.00,5.282e+1,4.276e+1,5.251e+0,3.826e-23,4.803e+0,,4.966e-24
294.02,3.859e+1,2.362e+1,5.287e+0,3.837e-23,9.687e+0,,4.972e-24
294.05,4.059e+1,9.044e+0,5.657e+0,3.852e-23,2.589e+1,,4.981e-24
294.07,5.870e+1,4.553e+0,6.530e+0,3.863e-23,4.761e+1,,4.986e-24
294.10,1.225e+2,1.517e+0,1.014e+1,3.879e-23,1.108e+2,,4.995e-24
294.12,2.020e+2,6.960e-1,1.546e+1,3.889e-23,1.858e+2,,5.001e-24
294.15,4.083e+2,2.018e-1,3.163e+1,3.905e-23,3.765e+2,,5.010e-24
294.17,6.269e+2,8.445e-2,5.119e+1,3.916e-23,5.756e+2,,5.016e-24
294.20,1.117e+3,2.168e-2,1.013e+2,3.932e-23,1.016e+3,,5.025e-24
294.22,1.570e+3,9.266e-3,1.538e+2,3.942e-23,1.416e+3,,5.031e-24
294.25,2.445e+3,7.127e-3,2.700e+2,3.958e-23,2.175e+3,,5.040e-24
294.27,3.140e+3,1.482e-2,3.756e+2,3.968e-23,2.765e+3,,5.046e-24
294.29,3.891e+3,3.655e-2,5.040e+2,3.979e-23,3.387e+3,,5.052e-24
294.32,5.018e+3,1.389e-1,7.316e+2,3.995e-23,4.286e+3,,5.061e-24
294.34,5.685e+3,3.243e-1,8.960e+2,4.005e-23,4.788e+3,,5.066e-24
294.37,6.410e+3,1.080e+0,1.134e+3,4.021e-23,5.276e+3,,5.075e-24
294.39,6.643e+3,2.301e+0,1.267e+3,4.032e-23,5.374e+3,,5.081e-24
294.42,6.561e+3,6.677e+0,1.399e+3,4.048e-23,5.155e+3,,5.090e-24
294.44,6.231e+3,1.298e+1,1.430e+3,4.058e-23,4.788e+3,,5.096e-24
294.47,5.420e+3,3.282e+1,1.388e+3,4.074e-23,4.000e+3,,5.105e-24
294.49,4.755e+3,5.819e+1,1.310e+3,4.084e-23,3.387e+3,,5.111e-24
294.52,3.743e+3,1.283e+2,1.151e+3,4.100e-23,2.463e+3,,5.120e-24
294.54,3.152e+3,2.076e+2,1.042e+3,4.111e-23,1.902e+3,,5.126e-24
294.57,2.522e+3,3.989e+2,9.187e+2,4.127e-23,1.205e+3,,5.135e-24
294.59,2.321e+3,5.890e+2,8.836e+2,4.137e-23,8.482e+2,,5.141e-24
294.62,2.376e+3,9.870e+2,9.216e+2,4.153e-23,4.677e+2,,5.149e-24
294.64,2.638e+3,1.330e+3,1.007e+3,4.164e-23,3.003e+2,,5.155e-24
294.67,3.295e+3,1.944e+3,1.207e+3,4.179e-23,1.441e+2,,5.164e-24
294.69,3.842e+3,2.392e+3,1.366e+3,4.190e-23,8.439e+1,,5.170e-24
294.72,4.682e+3,3.050e+3,1.597e+3,4.206e-23,3.527e+1,,5.179e-24
294.74,5.166e+3,3.427e+3,1.720e+3,4.216e-23,1.883e+1,,5.185e-24
294.76,5.524e+3,3.713e+3,1.801e+3,4.227e-23,9.687e+0,,5.191e-24
294.79,5.743e+3,3.913e+3,1.826e+3,4.243e-23,3.336e+0,,5.200e-24
294.81,5.651e+3,3.873e+3,1.777e+3,4.253e-23,1.565e+0,,5.206e-24
294.84,5.182e+3,3.564e+3,1.618e+3,4.269e-23,4.691e-1,,5.215e-24
294.86,4.694e+3,3.223e+3,1.471e+3,4.280e-23,2.007e-1,,5.221e-24
294.89,3.811e+3,2.592e+3,1.219e+3,4.295e-23,5.238e-2,,5.229e-24
294.91,3.191e+3,2.143e+3,1.048e+3,4.306e-23,2.043e-2,,5.235e-24
294.94,2.312e+3,1.507e+3,8.051e+2,4.322e-23,4.643e-3,,5.244e-24
294.96,1.800e+3,1.140e+3,6.605e+2,4.332e-23,1.651e-3,,5.250e-24
294.99,1.178e+3,7.027e+2,4.755e+2,4.348e-23,3.268e-4,,5.259e-24
295.01,8.639e+2,4.893e+2,3.746e+2,4.359e-23,1.060e-4,,5.265e-24
295.04,5.306e+2,2.738e+2,2.568e+2,4.375e-23,1.826e-5,,5.274e-24
295.06,3.895e+2,1.890e+2,2.005e+2,4.385e-23,5.399e-6,,5.280e-24
295.09,2.840e+2,1.332e+2,1.507e+2,4.401e-23,8.100e-7,,5.289e-24
295.11,2.802e+2,1.377e+2,1.425e+2,4.411e-23,2.184e-7,,5.295e-24
295.14,3.790e+2,2.061e+2,1.729e+2,4.427e-23,2.853e-8,,5.303e-24
295.16,5.228e+2,2.967e+2,2.261e+2,4.438e-23,7.013e-9,,5.309e-24
295.19,8.740e+2,5.115e+2,3.625e+2,4.454e-23,7.977e-10,,5.318e-24
295.21,1.206e+3,7.128e+2,4.936e+2,4.464e-23,1.788e-10,,5.324e-24
295.24,1.850e+3,1.102e+3,7.474e+2,4.480e-23,1.771e-11,,5.333e-24
295.26,2.357e+3,1.411e+3,9.461e+2,4.491e-23,3.619e-12,,5.339e-24
295.28,2.900e+3,1.743e+3,1.156e+3,4.501e-23,3.609e-12,,5.345e-24
295.31,3.700e+3,2.240e+3,1.460e+3,4.517e-23,3.594e-12,,5.354e-24
295.33,4.163e+3,2.533e+3,1.630e+3,4.527e-23,3.584e-12,,5.360e-24
295.36,4.644e+3,2.850e+3,1.794e+3,4.543e-23,3.569e-12,,5.369e-24
295.38,4.778e+3,2.951e+3,1.827e+3,4.554e-23,3.559e-12,,5.375e-24
295.41,4.666e+3,2.912e+3,1.754e+3,4.570e-23,3.543e-12,,5.383e-24
295.43,4.397e+3,2.767e+3,1.630e+3,4.580e-23,3.533e-12,,5.389e-24
295.46,3.776e+3,2.413e+3,1.363e+3,4.596e-23,3.518e-12,,5.398e-24
295.48,3.280e+3,2.124e+3,1.155e+3,4.607e-23,3.508e-12,,5.404e-24
295.51,2.528e+3,1.686e+3,8.421e+2,4.622e-23,3.493e-12,,5.413e-24
295.53,2.081e+3,1.430e+3,6.514e+2,4.633e-23,3.483e-12,,5.419e-24
295.56,1.561e+3,1.147e+3,4.137e+2,4.649e-23,3.468e-12,,5.428e-24
295.58,1.333e+3,1.041e+3,2.920e+2,4.659e-23,3.457e-12,,5.434e-24
295.61,1.166e+3,1.005e+3,1.616e+2,4.675e-23,3.442e-12,,5.443e-24
295.63,1.152e+3,1.048e+3,1.041e+2,4.686e-23,3.432e-12,,5.449e-24
295.66,1.227e+3,1.176e+3,5.021e+1,4.702e-23,3.417e-12,,5.458e-24
295.68,1.306e+3,1.276e+3,2.950e+1,4.712e-23,3.407e-12,,5.463e-24
295.71,1.414e+3,1.402e+3,1.240e+1,4.728e-23,3.392e-12,,5.472e-24
295.73,1.456e+3,1.449e+3,6.649e+0,4.738e-23,3.382e-12,,5.478e-24
295.76,1.452e+3,1.450e+3,2.436e+0,4.754e-23,3.366e-12,,5.487e-24
295.78,1.407e+3,1.405e+3,1.192e+0,4.765e-23,3.356e-12,,5.493e-24
295.80,1.335e+3,1.334e+3,5.618e-1,4.775e-23,3.346e-12,,5.499e-24
295.83,1.206e+3,1.205e+3,1.698e-1,4.791e-23,3.331e-12,,5.508e-24
295.85,1.124e+3,1.124e+3,7.303e-2,4.802e-23,3.321e-12,,5.514e-24
295.88,1.033e+3,1.033e+3,1.924e-2,4.818e-23,3.306e-12,,5.523e-24
295.90,1.000e+3,1.000e+3,7.550e-3,4.828e-23,3.296e-12,,5.529e-24
295.93,9.874e+2,9.874e+2,1.733e-3,4.844e-23,3.280e-12,,5.538e-24
295.95,9.926e+2,9.926e+2,6.206e-4,4.854e-23,3.270e-12,,5.543e-24
295.98,9.966e+2,9.966e+2,1.241e-4,4.870e-23,3.255e-12,,5.552e-24
296.00,9.833e+2,9.833e+2,4.056e-5,4.881e-23,3.245e-12,,5.558e-24
296.03,9.246e+2,9.246e+2,7.071e-6,4.897e-23,3.230e-12,,5.567e-24
296.05,8.578e+2,8.578e+2,2.108e-6,4.907e-23,3.220e-12,,5.573e-24
296.08,7.235e+2,7.235e+2,3.206e-7,4.923e-23,3.205e-12,,5.582e-24
296.10,6.203e+2,6.203e+2,8.834e-8,4.934e-23,3.194e-12,,5.588e-24
296.13,4.628e+2,4.628e+2,1.887e-8,4.949e-23,3.179e-12,,5.597e-24
296.15,3.655e+2,3.655e+2,2.590e-8,4.960e-23,3.169e-12,,5.603e-24
296.18,2.426e+2,2.426e+2,1.202e-7,4.976e-23,3.154e-12,,5.612e-24
296.20,1.797e+2,1.797e+2,3.440e-7,4.986e-23,3.144e-12,,5.618e-24
296.23,1.160e+2,1.160e+2,1.562e-6,5.002e-23,3.129e-12,,5.626e-24
296.25,9.391e+1,9.391e+1,4.096e-6,5.013e-23,3.119e-12,,5.632e-24
296.27,8.826e+1,8.826e+1,1.036e-5,5.023e-23,3.108e-12,,5.638e-24
296.30,1.126e+2,1.126e+2,3.895e-5,5.039e-23,3.093e-12,,5.647e-24
296.32,1.539e+2,1.539e+2,9.006e-5,5.050e-23,3.083e-12,,5.653e-24
296.35,2.631e+2,2.631e+2,2.964e-4,5.065e-23,3.068e-12,,5.662e-24
296.37,3.761e+2,3.760e+2,6.279e-4,5.076e-23,3.058e-12,,5.668e-24
296.40,6.259e+2,6.259e+2,1.816e-3,5.092e-23,3.043e-12,,5.677e-24
296.42,8.614e+2,8.614e+2,3.539e-3,5.102e-23,3.033e-12,,5.683e-24
296.45,1.351e+3,1.351e+3,9.083e-3,5.118e-23,3.017e-12,,5.692e-24
296.47,1.789e+3,1.789e+3,1.644e-2,5.129e-23,3.007e-12,,5.698e-24
296.50,2.646e+3,2.646e+3,3.824e-2,5.145e-23,2.992e-12,,5.706e-24
296.52,3.362e+3,3.362e+3,6.554e-2,5.155e-23,2.982e-12,,5.712e-24
296.55,4.638e+3,4.638e+3,1.437e-1,5.171e-23,2.967e-12,,5.721e-24
296.57,5.586e+3,5.586e+3,2.405e-1,5.181e-23,2.957e-12,,5.727e-24
296.60,7.037e+3,7.036e+3,5.195e-1,5.197e-23,2.942e-12,,5.736e-24
296.62,7.925e+3,7.924e+3,8.687e-1,5.208e-23,2.931e-12,,5.742e-24
296.65,8.949e+3,8.947e+3,1.872e+0,5.224e-23,2.916e-12,,5.751e-24
296.67,9.328e+3,9.325e+3,3.099e+0,5.234e-23,2.906e-12,,5.757e-24
296.70,9.335e+3,9.329e+3,6.435e+0,5.250e-23,2.891e-12,,5.766e-24
296.72,8.960e+3,8.950e+3,1.023e+1,5.261e-23,2.881e-12,,5.772e-24
296.75,7.920e+3,7.900e+3,1.956e+1,5.276e-23,2.866e-12,,5.781e-24
296.77,7.010e+3,6.981e+3,2.909e+1,5.287e-23,2.856e-12,,5.786e-24
296.79,6.026e+3,5.984e+3,4.196e+1,5.298e-23,2.845e-12,,5.792e-24
296.82,4.595e+3,4.527e+3,6.838e+1,5.313e-23,2.830e-12,,5.801e-24
296.84,3.769e+3,3.679e+3,9.079e+1,5.324e-23,2.820e-12,,5.807e-24
296.87,2.821e+3,2.691e+3,1.301e+2,5.340e-23,2.805e-12,,5.816e-24
296.89,2.397e+3,2.239e+3,1.584e+2,5.350e-23,2.795e-12,,5.822e-24
296.92,2.034e+3,1.835e+3,1.988e+2,5.366e-23,2.780e-12,,5.831e-24
296.94,1.928e+3,1.707e+3,2.213e+2,5.377e-23,2.770e-12,,5.837e-24
296.97,1.884e+3,1.641e+3,2.429e+2,5.392e-23,2.754e-12,,5.846e-24
296.99,1.885e+3,1.638e+3,2.471e+2,5.403e-23,2.744e-12,,5.852e-24
297.02,1.886e+3,1.649e+3,2.370e+2,5.419e-23,2.729e-12,,5.861e-24
297.04,1.883e+3,1.662e+3,2.203e+2,5.429e-23,2.719e-12,,5.866e-24
297.07,1.905e+3,1.721e+3,1.844e+2,5.445e-23,2.704e-12,,5.875e-24
297.09,1.977e+3,1.820e+3,1.566e+2,5.456e-23,2.694e-12,,5.881e-24
297.12,2.246e+3,2.131e+3,1.145e+2,5.472e-23,2.679e-12,,5.890e-24
297.14,2.571e+3,2.483e+3,8.878e+1,5.482e-23,2.668e-12,,5.896e-24
297.17,3.310e+3,3.253e+3,5.666e+1,5.498e-23,2.653e-12,,5.905e-24
297.19,3.955e+3,3.915e+3,4.013e+1,5.508e-23,2.643e-12,,5.911e-24
297.22,5.062e+3,5.039e+3,2.236e+1,5.524e-23,2.628e-12,,5.920e-24
297.24,5.808e+3,5.793e+3,1.446e+1,5.535e-23,2.618e-12,,5.926e-24
297.27,6.762e+3,6.755e+3,7.032e+0,5.551e-23,2.603e-12,,5.935e-24
297.29,7.189e+3,7.185e+3,4.155e+0,5.561e-23,1.268e-11,,5.941e-24
297.31,7.386e+3,7.384e+3,2.368e+0,5.572e-23,5.962e-11,,5.946e-24
297.34,7.205e+3,7.205e+3,9.517e-1,5.588e-23,5.681e-10,,5.955e-24
297.36,6.781e+3,6.780e+3,4.953e-1,5.598e-23,2.441e-9,,5.961e-24
297.39,5.792e+3,5.792e+3,1.737e-1,5.614e-23,2.032e-8,,5.970e-24
297.41,4.990e+3,4.990e+3,8.258e-2,5.625e-23,7.978e-8,,5.976e-24
297.44,3.740e+3,3.740e+3,2.528e-2,5.640e-23,5.802e-7,,5.985e-24
297.46,2.960e+3,2.960e+3,1.098e-2,5.651e-23,2.082e-6,,5.991e-24
297.49,1.969e+3,1.969e+3,2.933e-3,5.667e-23,1.323e-5,,6.000e-24
297.51,1.452e+3,1.452e+3,1.163e-3,5.677e-23,4.340e-5,,6.006e-24
297.54,8.902e+2,8.902e+2,2.715e-4,5.693e-23,2.410e-4,,6.015e-24
297.56,6.381e+2,6.381e+2,9.889e-5,5.704e-23,7.224e-4,,6.021e-24
297.59,3.964e+2,3.964e+2,2.372e-5,5.719e-23,3.505e-3,,6.029e-24
297.61,2.984e+2,2.983e+2,1.778e-5,5.730e-23,9.602e-3,,6.035e-24
297.64,2.073e+2,2.072e+2,5.534e-5,5.746e-23,4.070e-2,,6.044e-24
297.66,1.680e+2,1.679e+2,1.487e-4,5.756e-23,1.019e-1,,6.050e-24
297.69,1.251e+2,1.248e+2,6.286e-4,5.772e-23,3.774e-1,,6.059e-24
297.71,1.028e+2,1.019e+2,1.573e-3,5.783e-23,8.638e-1,,6.065e-24
297.74,7.664e+1,7.384e+1,5.825e-3,5.799e-23,2.795e+0,,6.074e-24
297.76,6.527e+1,5.941e+1,1.333e-2,5.809e-23,5.846e+0,,6.080e-24
297.79,6.231e+1,4.574e+1,4.312e-2,5.825e-23,1.653e+1,,6.089e-24
297.81,7.495e+1,4.326e+1,9.017e-2,5.835e-23,3.160e+1,,6.095e-24
297.83,1.059e+2,4.745e+1,1.819e-1,5.846e-23,5.826e+1,,6.101e-24
297.86,2.065e+2,6.966e+1,4.872e-1,5.862e-23,1.364e+2,,6.109e-24
297.88,3.288e+2,9.806e+1,8.984e-1,5.872e-23,2.298e+2,,6.115e-24
297.91,6.393e+2,1.672e+2,2.104e+0,5.888e-23,4.700e+2,,6.124e-24
297.93,9.625e+2,2.350e+2,3.548e+0,5.899e-23,7.240e+2,,6.130e-24
297.96,1.676e+3,3.750e+2,7.269e+0,5.915e-23,1.294e+3,,6.139e-24
297.98,2.329e+3,4.960e+2,1.122e+1,5.925e-23,1.822e+3,,6.145e-24
298.01,3.585e+3,7.187e+2,2.020e+1,5.941e-23,2.846e+3,,6.154e-24
298.03,4.585e+3,8.920e+2,2.868e+1,5.952e-23,3.664e+3,,6.160e-24
298.06,6.236e+3,1.183e+3,4.586e+1,5.967e-23,5.008e+3,,6.169e-24
298.08,7.356e+3,1.394e+3,6.069e+1,5.978e-23,5.902e+3,,6.175e-24
298.11,8.903e+3,1.737e+3,8.926e+1,5.994e-23,7.076e+3,,6.183e-24
298.13,9.762e+3,1.992e+3,1.142e+2,6.004e-23,7.656e+3,,6.189e-24
298.16,1.072e+4,2.434e+3,1.669e+2,6.020e-23,8.118e+3,,6.198e-24
298.18,1.114e+4,2.785e+3,2.196e+2,6.031e-23,8.138e+3,,6.204e-24
298.21,1.157e+4,3.417e+3,3.464e+2,6.046e-23,7.802e+3,,6.213e-24
298.23,1.181e+4,3.907e+3,4.811e+2,6.057e-23,7.418e+3,,6.219e-24
298.26,1.227e+4,4.703e+3,7.988e+2,6.073e-23,6.771e+3,,6.228e-24
298.28,1.273e+4,5.227e+3,1.113e+3,6.083e-23,6.385e+3,,6.234e-24
298.30,1.330e+4,5.692e+3,1.528e+3,6.094e-23,6.084e+3,,6.240e-24
298.33,1.434e+4,6.174e+3,2.354e+3,6.110e-23,5.806e+3,,6.249e-24
298.35,1.504e+4,6.292e+3,3.035e+3,6.120e-23,5.709e+3,,6.255e-24
298.38,1.589e+4,6.105e+3,4.195e+3,6.136e-23,5.592e+3,,6.263e-24
298.40,1.621e+4,5.744e+3,5.001e+3,6.147e-23,5.463e+3,,6.269e-24
298.43,1.615e+4,4.919e+3,6.122e+3,6.162e-23,5.107e+3,,6.278e-24
298.45,1.571e+4,4.248e+3,6.722e+3,6.173e-23,4.738e+3,,6.284e-24
298.48,1.447e+4,3.192e+3,7.267e+3,6.189e-23,4.010e+3,,6.293e-24
298.50,1.332e+4,2.524e+3,7.345e+3,6.199e-23,3.448e+3,,6.299e-24
298.53,1.126e+4,1.660e+3,7.017e+3,6.215e-23,2.582e+3,,6.308e-24
298.55,9.774e+3,1.201e+3,6.534e+3,6.226e-23,2.040e+3,,6.314e-24
298.58,7.555e+3,6.905e+2,5.524e+3,6.242e-23,1.341e+3,,6.323e-24
298.60,6.170e+3,4.567e+2,4.744e+3,6.252e-23,9.694e+2,,6.329e-24
298.63,4.341e+3,2.298e+2,3.554e+3,6.268e-23,5.575e+2,,6.338e-24
298.65,3.325e+3,1.393e+2,2.817e+3,6.279e-23,3.687e+2,,6.343e-24
298.68,2.121e+3,6.250e+1,1.873e+3,6.294e-23,1.854e+2,,6.352e-24
298.70,1.520e+3,3.656e+1,1.371e+3,6.305e-23,1.121e+2,,6.358e-24
298.73,8.793e+2,1.982e+1,8.102e+2,6.321e-23,4.928e+1,,6.367e-24
298.75,5.943e+2,1.830e+1,5.487e+2,6.331e-23,2.726e+1,,6.373e-24
298.78,3.263e+2,2.681e+1,2.889e+2,6.347e-23,1.056e+1,,6.382e-24
298.80,2.266e+2,3.952e+1,1.816e+2,6.358e-23,5.506e+0,,6.388e-24
298.82,1.726e+2,5.857e+1,1.110e+2,6.368e-23,3.069e+0,,6.394e-24
298.85,1.538e+2,1.009e+2,5.059e+1,6.384e-23,2.362e+0,,6.403e-24
298.87,1.718e+2,1.391e+2,2.918e+1,6.395e-23,3.518e+0,,6.409e-24
298.90,2.319e+2,2.108e+2,1.244e+1,6.410e-23,8.719e+0,,6.418e-24
298.92,2.891e+2,2.660e+2,6.981e+0,6.421e-23,1.615e+1,,6.423e-24
298.95,3.942e+2,3.527e+2,2.949e+0,6.437e-23,3.855e+1,,6.432e-24
298.97,4.747e+2,4.071e+2,1.678e+0,6.447e-23,6.596e+1,,6.438e-24
299.00,6.116e+2,4.726e+2,7.347e-1,6.463e-23,1.382e+2,,6.447e-24
299.02,7.170e+2,5.000e+2,4.272e-1,6.474e-23,2.166e+2,,6.453e-24
299.05,9.103e+2,5.116e+2,1.887e-1,6.489e-23,3.985e+2,,6.462e-24
299.07,1.075e+3,5.010e+2,1.080e-1,6.500e-23,5.734e+2,,6.468e-24
299.10,1.399e+3,4.687e+2,4.514e-2,6.516e-23,9.303e+2,,6.477e-24
299.12,1.682e+3,4.480e+2,2.446e-2,6.526e-23,1.234e+3,,6.483e-24
299.15,2.232e+3,4.478e+2,9.234e-3,6.542e-23,1.784e+3,,6.492e-24
299.17,2.695e+3,4.900e+2,4.637e-3,6.553e-23,2.205e+3,,6.498e-24
299.20,3.556e+3,6.602e+2,1.550e-3,6.569e-23,2.896e+3,,6.506e-24
299.22,4.259e+3,8.713e+2,7.150e-4,6.579e-23,3.388e+3,,6.512e-24
299.25,5.542e+3,1.373e+3,2.099e-4,6.595e-23,4.169e+3,,6.521e-24
299.27,6.566e+3,1.843e+3,8.869e-5,6.606e-23,4.723e+3,,6.527e-24
299.30,8.355e+3,2.744e+3,2.279e-5,6.621e-23,5.611e+3,,6.536e-24
299.32,9.682e+3,3.445e+3,8.813e-6,6.632e-23,6.237e+3,,6.542e-24
299.34,1.106e+4,4.184e+3,3.288e-6,6.642e-23,6.873e+3,,6.548e-24
299.37,1.303e+4,5.248e+3,7.005e-7,6.658e-23,7.777e+3,,6.557e-24
299.39,1.412e+4,5.842e+3,2.390e-7,6.669e-23,8.278e+3,,6.563e-24
299.42,1.517e+4,6.422e+3,4.458e-8,6.685e-23,8.744e+3,,6.572e-24
299.44,1.534e+4,6.545e+3,1.415e-8,6.695e-23,8.794e+3,,6.578e-24
299.47,1.472e+4,6.306e+3,4.481e-9,6.711e-23,8.417e+3,,6.586e-24
299.49,1.376e+4,5.889e+3,9.506e-9,6.722e-23,7.871e+3,,6.592e-24
299.52,1.169e+4,4.984e+3,6.621e-8,6.737e-23,6.703e+3,,6.601e-24
299.54,1.005e+4,4.276e+3,2.416e-7,6.748e-23,5.777e+3,,6.607e-24
299.57,7.535e+3,3.199e+3,1.578e-6,6.764e-23,4.336e+3,,6.616e-24
299.59,5.969e+3,2.539e+3,5.273e-6,6.774e-23,3.429e+3,,6.622e-24
299.62,3.970e+3,1.711e+3,3.015e-5,6.790e-23,2.259e+3,,6.631e-24
299.64,2.923e+3,1.286e+3,9.223e-5,6.801e-23,1.637e+3,,6.637e-24
299.67,1.784e+3,8.392e+2,4.616e-4,6.816e-23,9.445e+2,,6.646e-24
299.69,1.285e+3,6.583e+2,1.292e-3,6.827e-23,6.263e+2,,6.652e-24
299.72,8.578e+2,5.412e+2,5.662e-3,6.843e-23,3.166e+2,,6.661e-24
299.74,7.491e+2,5.566e+2,1.450e-2,6.853e-23,1.925e+2,,6.666e-24
299.77,7.996e+2,7.126e+2,5.562e-2,6.869e-23,8.696e+1,,6.675e-24
299.79,9.571e+2,9.050e+2,1.304e-1,6.880e-23,5.202e+1,,6.681e-24
299.82,1.363e+3,1.328e+3,4.377e-1,6.896e-23,3.442e+1,,6.690e-24
299.84,1.745e+3,1.700e+3,9.389e-1,3.375e-22,4.346e+1,,6.696e-24
299.86,2.217e+3,2.141e+3,1.944e+0,1.565e-21,7.422e+1,,6.702e-24
299.89,3.113e+3,2.917e+3,5.416e+0,1.459e-20,1.911e+2,,6.711e-24
299.91,3.859e+3,3.495e+3,1.026e+1,6.183e-20,3.543e+2,,6.717e-24
299.94,5.280e+3,4.412e+3,2.503e+1,5.053e-19,8.436e+2,,6.726e-24
299.96,6.508e+3,5.024e+3,4.339e+1,1.962e-18,1.441e+3,,6.732e-24
299.99,8.980e+3,5.871e+3,9.265e+1,1.405e-17,3.017e+3,,6.741e-24
300.01,1.121e+4,6.339e+3,1.470e+2,4.998e-17,4.727e+3,,6.746e-24
300.04,1.578e+4,6.810e+3,2.747e+2,3.139e-16,8.694e+3,,6.755e-24
300.06,1.983e+4,6.926e+3,3.988e+2,1.023e-15,1.251e+4,,6.761e-24
300.09,2.767e+4,6.760e+3,6.526e+2,5.633e-15,2.026e+4,,6.770e-24
300.11,3.409e+4,6.421e+3,8.669e+2,1.681e-14,2.680e+4,,6.776e-24
300.14,4.523e+4,5.624e+3,1.242e+3,8.120e-14,3.837e+4,,6.785e-24
300.16,5.328e+4,4.954e+3,1.509e+3,2.220e-13,4.681e+4,,6.791e-24
300.19,6.524e+4,3.858e+3,1.893e+3,9.404e-13,5.949e+4,,6.800e-24
300.21,7.240e+4,3.134e+3,2.105e+3,2.356e-12,6.716e+4,,6.806e-24
300.24,8.068e+4,2.156e+3,2.311e+3,8.752e-12,7.621e+4,,6.815e-24
300.26,8.393e+4,1.610e+3,2.352e+3,2.009e-11,7.997e+4,,6.821e-24
300.29,8.480e+4,9.749e+2,2.260e+3,6.546e-11,8.157e+4,,6.829e-24
300.31,8.266e+4,6.681e+2,2.105e+3,1.377e-10,7.988e+4,,6.835e-24
300.33,7.852e+4,4.423e+2,1.893e+3,2.798e-10,7.618e+4,,6.841e-24
300.36,6.928e+4,2.234e+2,1.509e+3,7.588e-10,6.754e+4,,6.850e-24
300.38,6.172e+4,1.361e+2,1.242e+3,1.413e-9,6.034e+4,,6.856e-24
300.41,4.946e+4,6.237e+1,8.669e+2,3.361e-9,4.853e+4,,6.865e-24
300.43,4.130e+4,3.833e+1,6.526e+2,5.735e-9,4.061e+4,,6.871e-24
300.46,2.997e+4,2.634e+1,3.988e+2,1.197e-8,2.955e+4,,6.880e-24
300.48,2.340e+4,3.115e+1,2.747e+2,1.873e-8,2.309e+4,,6.886e-24
300.51,1.533e+4,5.907e+1,1.470e+2,3.431e-8,1.512e+4,,6.895e-24
300.53,1.118e+4,9.611e+1,9.265e+1,4.918e-8,1.099e+4,,6.901e-24
300.56,6.675e+3,1.929e+2,4.339e+1,7.907e-8,6.438e+3,,6.909e-24
300.58,4.655e+3,2.953e+2,2.503e+1,1.039e-7,4.335e+3,,6.915e-24
300.61,2.791e+3,5.249e+2,1.026e+1,1.466e-7,2.256e+3,,6.924e-24
300.63,2.145e+3,7.380e+2,5.416e+0,1.766e-7,1.401e+3,,6.930e-24
300.66,1.802e+3,1.154e+3,1.944e+0,2.188e-7,6.451e+2,,6.939e-24
300.68,1.862e+3,1.492e+3,9.389e-1,2.416e-7,3.690e+2,,6.945e-24
300.71,2.211e+3,2.060e+3,2.949e-1,2.628e-7,1.507e+2,,6.954e-24
300.73,2.535e+3,2.454e+3,1.304e-1,2.661e-7,8.109e+1,,6.960e-24
300.76,3.047e+3,3.011e+3,3.585e-2,2.540e-7,3.657e+1,,6.969e-24
300.78,3.356e+3,3.324e+3,1.450e-2,2.359e-7,3.178e+1,,6.975e-24
300.81,3.717e+3,3.659e+3,3.491e-3,1.980e-7,5.765e+1,,6.983e-24
300.83,3.882e+3,3.775e+3,1.292e-3,1.691e-7,1.063e+2,,6.989e-24
300.85,4.000e+3,3.802e+3,4.616e-4,1.403e-7,1.979e+2,,6.995e-24
300.88,4.166e+3,3.687e+3,9.223e-5,1.028e-7,4.783e+2,,7.004e-24
300.90,4.350e+3,3.524e+3,3.015e-5,8.558e-8,8.260e+2,,7.010e-24
300.93,4.943e+3,3.188e+3,5.273e-6,8.066e-8,1.755e+3,,7.019e-24
300.95,5.701e+3,2.924e+3,1.578e-6,9.985e-8,2.777e+3,,7.025e-24
300.98,7.674e+3,2.504e+3,2.415e-7,1.882e-7,5.170e+3,,7.034e-24
301.00,9.713e+3,2.225e+3,6.612e-8,3.120e-7,7.488e+3,,7.040e-24
301.03,1.405e+4,1.830e+3,8.861e-9,6.624e-7,1.222e+4,,7.049e-24
301.05,1.779e+4,1.592e+3,2.220e-9,1.061e-6,1.620e+4,,7.055e-24
301.08,2.443e+4,1.281e+3,2.604e-10,2.023e-6,2.315e+4,,7.063e-24
301.10,2.921e+4,1.106e+3,5.970e-11,2.980e-6,2.811e+4,,7.069e-24
301.13,3.608e+4,8.877e+2,6.131e-12,4.989e-6,3.519e+4,,7.078e-24
301.15,3.989e+4,7.659e+2,1.286e-12,6.731e-6,3.912e+4,,7.084e-24
301.18,4.353e+4,6.095e+2,1.263e-12,9.876e-6,4.292e+4,,7.093e-24
301.20,4.420e+4,5.180e+2,1.247e-12,1.220e-5,4.368e+4,,7.099e-24
301.23,4.238e+4,3.953e+2,1.224e-12,1.568e-5,4.198e+4,,7.108e-24
301.25,3.944e+4,3.224e+2,1.208e-12,1.774e-5,3.912e+4,,7.114e-24
301.28,3.317e+4,2.271e+2,1.185e-12,1.998e-5,3.294e+4,,7.123e-24
301.30,2.828e+4,1.738e+2,1.169e-12,2.070e-5,2.811e+4,,7.129e-24
301.33,2.084e+4,1.101e+2,1.146e-12,2.043e-5,2.073e+4,,7.138e-24
301.35,1.628e+4,7.828e+1,1.130e-12,1.938e-5,1.620e+4,,7.143e-24
301.37,1.227e+4,5.418e+1,1.115e-12,1.774e-5,1.222e+4,,7.149e-24
301.40,7.518e+3,3.049e+1,1.091e-12,1.455e-5,7.488e+3,,7.158e-24
301.42,5.192e+3,2.164e+1,1.076e-12,1.220e-5,5.170e+3,,7.164e-24
301.45,2.794e+3,1.710e+1,1.052e-12,8.768e-6,2.777e+3,,7.173e-24
301.47,1.776e+3,1.962e+1,1.036e-12,6.731e-6,1.756e+3,,7.179e-24
301.50,8.617e+2,3.268e+1,1.013e-12,4.238e-6,8.290e+2,,7.188e-24
301.52,5.333e+2,4.898e+1,9.975e-13,2.979e-6,4.843e+2,,7.194e-24
301.55,3.022e+2,8.835e+1,9.740e-13,1.644e-6,2.139e+2,,7.203e-24
301.57,2.625e+2,1.269e+2,9.584e-13,1.058e-6,1.356e+2,,7.209e-24
301.60,3.179e+2,2.070e+2,9.350e-13,5.114e-7,1.109e+2,,7.218e-24
301.62,4.194e+2,2.771e+2,9.194e-13,3.014e-7,1.423e+2,,7.223e-24
301.65,6.715e+2,4.100e+2,8.960e-13,1.277e-7,2.615e+2,,7.232e-24
301.67,9.189e+2,5.197e+2,8.804e-13,6.889e-8,3.991e+2,,7.238e-24
301.70,1.444e+3,7.265e+2,8.570e-13,2.557e-8,7.178e+2,,7.247e-24
301.72,1.925e+3,9.063e+2,8.414e-13,1.263e-8,1.019e+3,,7.253e-24
301.75,2.901e+3,1.286e+3,8.180e-13,4.108e-9,1.615e+3,,7.262e-24
301.77,3.760e+3,1.659e+3,8.023e-13,1.859e-9,2.101e+3,,7.268e-24
301.80,5.439e+3,2.519e+3,7.789e-13,5.295e-10,2.920e+3,,7.277e-24
301.82,6.868e+3,3.387e+3,7.633e-13,2.194e-10,3.481e+3,,7.283e-24
301.84,8.584e+3,4.578e+3,7.477e-13,8.774e-11,4.006e+3,,7.289e-24
301.87,1.176e+4,7.129e+3,7.243e-13,2.077e-11,4.630e+3,,7.298e-24
301.89,1.430e+4,9.416e+3,7.087e-13,7.608e-12,4.880e+3,,7.303e-24
301.92,1.869e+4,1.374e+4,6.853e-13,1.578e-12,4.945e+3,,7.312e-24
301.94,2.191e+4,1.713e+4,6.697e-13,5.293e-13,4.774e+3,,7.318e-24
301.97,2.685e+4,2.261e+4,6.462e-13,9.621e-14,4.241e+3,,7.327e-24
301.99,2.995e+4,2.620e+4,6.306e-13,2.954e-14,3.750e+3,,7.333e-24
302.02,3.372e+4,3.080e+4,6.072e-13,4.705e-15,2.920e+3,,7.342e-24
302.04,3.532e+4,3.295e+4,5.916e-13,1.323e-15,2.366e+3,,7.348e-24
302.07,3.593e+4,3.432e+4,5.682e-13,1.846e-16,1.615e+3,,7.357e-24
302.09,3.504e+4,3.385e+4,5.526e-13,4.752e-17,1.198e+3,,7.363e-24
302.12,3.189e+4,3.117e+4,5.292e-13,5.810e-18,7.171e+2,,7.372e-24
302.14,2.881e+4,2.832e+4,5.136e-13,1.370e-18,4.874e+2,,7.378e-24
302.17,2.333e+4,2.307e+4,4.902e-13,1.467e-19,2.557e+2,,7.386e-24
302.19,1.950e+4,1.934e+4,4.745e-13,3.167e-20,1.592e+2,,7.392e-24
302.22,1.408e+4,1.400e+4,4.511e-13,2.973e-21,7.321e+1,,7.401e-24
302.24,1.094e+4,1.090e+4,4.355e-13,2.972e-21,4.175e+1,,7.407e-24
302.27,7.185e+3,7.168e+3,4.121e-13,2.971e-21,1.683e+1,,7.416e-24
302.29,5.346e+3,5.337e+3,3.965e-13,2.971e-21,8.792e+0,,7.422e-24
302.32,3.499e+3,3.495e+3,3.731e-13,2.970e-21,3.107e+0,,7.431e-24
302.34,2.784e+3,2.782e+3,3.575e-13,2.969e-21,1.487e+0,,7.437e-24
302.36,2.399e+3,2.398e+3,3.419e-13,2.968e-21,6.868e-1,,7.443e-24
302.39,2.295e+3,2.295e+3,3.185e-13,2.967e-21,2.019e-1,,7.452e-24
302.41,2.459e+3,2.459e+3,3.028e-13,2.967e-21,8.542e-2,,7.458e-24
302.44,2.939e+3,2.939e+3,2.794e-13,2.966e-21,2.201e-2,,7.466e-24
302.46,3.355e+3,3.355e+3,2.638e-13,2.965e-21,8.531e-3,,7.472e-24
302.49,4.023e+3,4.023e+3,2.404e-13,2.964e-21,1.928e-3,,7.481e-24
302.51,4.437e+3,4.437e+3,2.248e-13,2.963e-21,6.873e-4,,7.487e-24
302.54,4.911e+3,4.911e+3,2.014e-13,2.962e-21,1.534e-4,,7.496e-24
302.56,5.080e+3,5.080e+3,1.858e-13,2.962e-21,9.846e-5,,7.502e-24
302.59,5.062e+3,5.062e+3,1.624e-13,2.961e-21,2.786e-4,,7.511e-24
302.61,4.863e+3,4.863e+3,1.467e-13,2.960e-21,7.590e-4,,7.517e-24
302.64,4.323e+3,4.323e+3,1.233e-13,2.959e-21,3.308e-3,,7.526e-24
302.66,3.844e+3,3.844e+3,1.077e-13,2.959e-21,8.468e-3,,7.532e-24
302.69,3.045e+3,3.045e+3,8.431e-14,2.958e-21,3.249e-2,,7.541e-24
302.71,2.512e+3,2.512e+3,6.870e-14,2.957e-21,7.624e-2,,7.546e-24
302.74,1.793e+3,1.793e+3,4.529e-14,2.956e-21,2.567e-1,,7.555e-24
302.76,1.398e+3,1.398e+3,2.968e-14,2.955e-21,5.521e-1,,7.561e-24
302.79,9.606e+2,9.590e+2,6.263e-15,2.954e-21,1.632e+0,,7.570e-24
302.81,7.737e+2,7.705e+2,2.984e-14,2.954e-21,3.217e+0,,7.576e-24
302.84,6.380e+2,6.296e+2,2.909e-13,2.953e-21,8.342e+0,,7.585e-24
302.86,6.304e+2,6.153e+2,1.271e-12,2.952e-21,1.508e+1,,7.591e-24
302.88,6.760e+2,6.497e+2,5.363e-12,2.951e-21,2.632e+1,,7.597e-24
302.91,8.182e+2,7.613e+2,4.356e-11,2.951e-21,5.685e+1,,7.606e-24
302.93,9.449e+2,8.539e+2,1.686e-10,2.950e-21,9.095e+1,,7.612e-24
302.96,1.157e+3,9.842e+2,1.202e-9,2.949e-21,1.724e+2,,7.621e-24
302.98,1.300e+3,1.047e+3,4.266e-9,2.948e-21,2.529e+2,,7.626e-24
303.01,1.504e+3,1.083e+3,2.671e-8,2.947e-21,4.208e+2,,7.635e-24
303.03,1.629e+3,1.063e+3,8.690e-8,2.947e-21,5.656e+2,,7.641e-24
303.06,1.795e+3,9.693e+2,4.778e-7,2.946e-21,8.259e+2,,7.650e-24
303.08,1.891e+3,8.728e+2,1.425e-6,2.945e-21,1.018e+3,,7.656e-24
303.11,2.003e+3,6.988e+2,6.880e-6,2.944e-21,1.304e+3,,7.665e-24
303.13,2.050e+3,5.769e+2,1.882e-5,2.943e-21,1.473e+3,,7.671e-24
303.16,2.062e+3,4.054e+2,7.975e-5,2.942e-21,1.657e+3,,7.680e-24
303.18,2.022e+3,3.067e+2,2.000e-4,2.942e-21,1.716e+3,,7.686e-24
303.21,1.883e+3,1.891e+2,7.443e-4,2.941e-21,1.693e+3,,7.695e-24
303.23,1.739e+3,1.312e+2,1.712e-3,2.940e-21,1.607e+3,,7.701e-24
303.26,1.464e+3,7.116e+1,5.592e-3,2.939e-21,1.392e+3,,7.709e-24
303.28,1.257e+3,4.555e+1,1.179e-2,2.939e-21,1.212e+3,,7.715e-24
303.31,9.447e+2,2.282e+1,3.382e-2,2.938e-21,9.219e+2,,7.724e-24
303.33,7.521e+2,1.539e+1,6.539e-2,2.937e-21,7.366e+2,,7.730e-24
303.36,5.106e+2,1.333e+1,1.647e-1,2.936e-21,4.971e+2,,7.739e-24
303.38,3.915e+2,1.823e+1,2.920e-1,2.935e-21,3.730e+2,,7.745e-24
303.40,3.128e+2,2.979e+1,4.999e-1,2.935e-21,2.825e+2,,7.751e-24
303.43,2.866e+2,6.654e+1,1.049e+0,2.934e-21,2.190e+2,,7.760e-24
303.45,3.480e+2,1.113e+2,1.648e+0,2.933e-21,2.350e+2,,7.766e-24
303.48,6.100e+2,2.273e+2,3.037e+0,2.932e-21,3.797e+2,,7.775e-24
303.50,9.453e+2,3.506e+2,4.372e+0,2.932e-21,5.904e+2,,7.781e-24
303.53,1.801e+3,6.294e+2,7.075e+0,2.931e-21,1.164e+3,,7.789e-24
303.55,2.685e+3,8.904e+2,9.338e+0,2.930e-21,1.785e+3,,7.795e-24
303.58,4.613e+3,1.404e+3,1.327e+1,2.929e-21,3.196e+3,,7.804e-24
303.60,6.355e+3,1.821e+3,1.606e+1,2.928e-21,4.518e+3,,7.810e-24
303.63,9.661e+3,2.521e+3,2.003e+1,2.927e-21,7.120e+3,,7.819e-24
303.65,1.225e+4,2.998e+3,2.223e+1,2.927e-21,9.234e+3,,7.825e-24
303.68,1.645e+4,3.644e+3,2.435e+1,2.926e-21,1.278e+4,,7.834e-24
303.70,1.920e+4,3.974e+3,2.478e+1,2.925e-21,1.520e+4,,7.840e-24
303.73,2.274e+4,4.241e+3,2.383e+1,2.924e-21,1.847e+4,,7.849e-24
303.75,2.441e+4,4.241e+3,2.223e+1,2.923e-21,2.015e+4,,7.855e-24
303.78,2.549e+4,3.974e+3,1.877e+1,2.922e-21,2.150e+4,,7.864e-24
303.80,2.516e+4,3.644e+3,1.606e+1,2.922e-21,2.150e+4,,7.869e-24
303.83,2.316e+4,2.998e+3,1.190e+1,2.921e-21,2.015e+4,,7.878e-24
303.85,2.100e+4,2.521e+3,9.338e+0,2.920e-21,1.847e+4,,7.884e-24
303.87,1.842e+4,2.047e+3,7.075e+0,2.920e-21,1.636e+4,,7.890e-24
303.90,1.419e+4,1.404e+3,4.372e+0,2.919e-21,1.278e+4,,7.899e-24
303.92,1.143e+4,1.045e+3,3.037e+0,2.918e-21,1.038e+4,,7.905e-24
303.95,7.751e+3,6.294e+2,1.648e+0,2.917e-21,7.120e+3,,7.914e-24
303.97,5.733e+3,4.298e+2,1.049e+0,2.916e-21,5.302e+3,,7.920e-24
304.00,3.421e+3,2.272e+2,4.999e-1,2.915e-21,3.193e+3,,7.929e-24
304.02,2.323e+3,1.423e+2,2.920e-1,2.915e-21,2.181e+3,,7.935e-24
304.05,1.219e+3,6.604e+1,1.221e-1,2.914e-21,1.153e+3,,7.944e-24
304.07,7.601e+2,3.791e+1,6.539e-2,2.913e-21,7.221e+2,,7.949e-24
304.10,3.508e+2,1.545e+1,2.401e-2,2.912e-21,3.353e+2,,7.958e-24
304.12,2.007e+2,8.134e+0,1.179e-2,2.912e-21,1.925e+2,,7.964e-24
304.15,8.142e+1,2.912e+0,3.801e-3,2.911e-21,7.850e+1,,7.973e-24
304.17,4.274e+1,1.407e+0,1.712e-3,2.910e-21,4.133e+1,,7.979e-24
304.20,1.525e+1,4.498e-1,4.845e-4,2.909e-21,1.480e+1,,7.988e-24
304.22,7.361e+0,2.167e-1,2.001e-4,2.908e-21,7.144e+0,,7.994e-24
304.25,2.382e+0,1.365e-1,5.006e-5,2.907e-21,2.246e+0,,8.003e-24
304.27,1.212e+0,2.174e-1,1.986e-5,2.907e-21,9.943e-1,,8.009e-24
304.30,9.468e-1,6.724e-1,9.212e-6,2.906e-21,2.745e-1,,8.018e-24
304.32,1.562e+0,1.450e+0,1.552e-5,2.905e-21,1.114e-1,,8.024e-24
304.35,4.370e+0,4.343e+0,6.089e-5,2.904e-21,2.701e-2,,8.032e-24
304.37,8.661e+0,8.650e+0,1.536e-4,2.903e-21,1.008e-2,,8.038e-24
304.39,1.665e+1,1.665e+1,3.758e-4,2.903e-21,3.693e-3,,8.044e-24
304.42,4.166e+1,4.166e+1,1.349e-3,2.902e-21,1.178e-3,,8.053e-24
304.44,7.356e+1,7.355e+1,3.028e-3,2.901e-21,1.610e-3,,8.059e-24
304.47,1.618e+2,1.618e+2,9.552e-3,2.900e-21,6.903e-3,,8.068e-24
304.49,2.621e+2,2.620e+2,1.968e-2,2.900e-21,1.926e-2,,8.074e-24
304.52,5.066e+2,5.064e+2,5.457e-2,2.899e-21,8.476e-2,,8.083e-24
304.54,7.530e+2,7.527e+2,1.032e-1,2.898e-21,2.182e-1,,8.089e-24
304.57,1.279e+3,1.278e+3,2.514e-1,2.897e-21,8.448e-1,,8.098e-24
304.59,1.746e+3,1.743e+3,4.360e-1,2.896e-21,1.995e+0,,8.104e-24
304.62,2.610e+3,2.602e+3,9.338e-1,2.895e-21,6.791e+0,,8.112e-24
304.64,3.271e+3,3.255e+3,1.486e+0,2.895e-21,1.472e+1,,8.118e-24
304.67,4.316e+3,4.269e+3,2.797e+0,2.894e-21,4.404e+1,,8.127e-24
304.69,4.992e+3,4.900e+3,4.085e+0,2.893e-21,8.760e+1,,8.133e-24
304.72,5.886e+3,5.649e+3,6.758e+0,2.892e-21,2.304e+2,,8.142e-24
304.74,6.378e+3,5.948e+3,9.055e+0,2.892e-21,4.205e+2,,8.148e-24
304.77,7.011e+3,6.026e+3,1.317e+1,2.891e-21,9.721e+2,,8.157e-24
304.79,7.466e+3,5.821e+3,1.619e+1,2.890e-21,1.628e+3,,8.163e-24
304.82,8.512e+3,5.182e+3,2.069e+1,2.889e-21,3.308e+3,,8.172e-24
304.84,9.702e+3,4.594e+3,2.333e+1,2.888e-21,5.085e+3,,8.178e-24
304.87,1.270e+4,3.594e+3,2.621e+1,2.887e-21,9.083e+3,,8.186e-24
304.89,1.576e+4,2.923e+3,2.713e+1,2.887e-21,1.281e+4,,8.192e-24
304.91,1.978e+4,2.296e+3,2.713e+1,2.886e-21,1.746e+4,,8.198e-24
304.94,2.756e+4,1.500e+3,2.543e+1,2.885e-21,2.603e+4,,8.207e-24
304.96,3.366e+4,1.082e+3,2.333e+1,2.884e-21,3.255e+4,,8.213e-24
304.99,4.332e+4,6.220e+2,1.923e+1,2.883e-21,4.268e+4,,8.222e-24
305.01,4.940e+4,4.133e+2,1.619e+1,2.883e-21,4.897e+4,,8.228e-24
305.04,5.668e+4,2.136e+2,1.172e+1,2.882e-21,5.645e+4,,8.237e-24
305.06,5.961e+4,1.361e+2,9.056e+0,2.881e-21,5.947e+4,,8.243e-24
305.09,6.041e+4,7.500e+1,5.767e+0,2.880e-21,6.033e+4,,8.252e-24
305.11,5.846e+4,5.877e+1,4.092e+0,2.880e-21,5.840e+4,,8.258e-24
305.14,5.239e+4,5.685e+1,2.306e+0,2.879e-21,5.233e+4,,8.266e-24
305.16,4.687e+4,6.512e+1,1.527e+0,2.878e-21,4.680e+4,,8.272e-24
305.19,3.775e+4,8.558e+1,8.352e-1,2.877e-21,3.766e+4,,8.281e-24
305.21,3.190e+4,1.018e+2,6.232e-1,2.876e-21,3.180e+4,,8.287e-24
305.24,2.458e+4,1.259e+2,6.092e-1,2.875e-21,2.445e+4,,8.296e-24
305.26,2.107e+4,1.394e+2,7.949e-1,2.875e-21,2.093e+4,,8.302e-24
305.29,1.804e+4,1.528e+2,1.406e+0,2.874e-21,1.789e+4,,8.311e-24
305.31,1.739e+4,1.561e+2,2.083e+0,2.873e-21,1.723e+4,,8.317e-24
305.34,1.789e+4,1.527e+2,3.592e+0,2.872e-21,1.773e+4,,8.326e-24
305.36,1.879e+4,1.464e+2,4.969e+0,2.872e-21,1.864e+4,,8.332e-24
305.39,2.024e+4,1.364e+2,7.590e+0,2.871e-21,2.009e+4,,8.341e-24
305.41,2.090e+4,1.344e+2,9.648e+0,2.870e-21,2.075e+4,,8.346e-24
305.43,2.112e+4,1.416e+2,1.185e+1,2.869e-21,2.097e+4,,8.352e-24
305.46,2.052e+4,1.833e+2,1.513e+1,2.868e-21,2.033e+4,,8.361e-24
305.48,1.960e+4,2.427e+2,1.706e+1,2.868e-21,1.934e+4,,8.367e-24
305.51,1.782e+4,4.007e+2,1.915e+1,2.867e-21,1.740e+4,,8.376e-24
305.53,1.671e+4,5.653e+2,1.982e+1,2.866e-21,1.613e+4,,8.382e-24
305.56,1.575e+4,9.201e+2,1.956e+1,2.865e-21,1.481e+4,,8.391e-24
305.58,1.584e+4,1.235e+3,1.858e+1,2.864e-21,1.458e+4,,8.397e-24
305.61,1.732e+4,1.821e+3,1.613e+1,2.863e-21,1.549e+4,,8.406e-24
305.63,1.918e+4,2.275e+3,1.407e+1,2.863e-21,1.689e+4,,8.412e-24
305.66,2.290e+4,3.018e+3,1.074e+1,2.862e-21,1.987e+4,,8.421e-24
305.68,2.565e+4,3.525e+3,8.594e+0,2.861e-21,2.211e+4,,8.426e-24
305.71,2.945e+4,4.258e+3,5.772e+0,2.860e-21,2.519e+4,,8.435e-24
305.73,3.135e+4,4.705e+3,4.245e+0,2.860e-21,2.664e+4,,8.441e-24
305.76,3.272e+4,5.282e+3,2.526e+0,2.859e-21,2.743e+4,,8.450e-24
305.78,3.248e+4,5.596e+3,1.740e+0,2.858e-21,2.689e+4,,8.456e-24
305.81,3.047e+4,5.947e+3,1.034e+0,2.857e-21,2.452e+4,,8.465e-24
305.83,2.820e+4,6.092e+3,8.548e-1,2.856e-21,2.211e+4,,8.471e-24
305.86,2.392e+4,6.153e+3,1.064e+0,2.855e-21,1.777e+4,,8.480e-24
305.88,2.079e+4,6.072e+3,1.625e+0,2.855e-21,1.472e+4,,8.486e-24
305.90,1.766e+4,5.883e+3,2.684e+0,2.854e-21,1.178e+4,,8.492e-24
305.93,1.331e+4,5.395e+3,5.720e+0,2.853e-21,7.912e+3,,8.501e-24
305.95,1.077e+4,4.945e+3,9.191e+0,2.852e-21,5.814e+3,,8.506e-24
305.98,7.582e+3,4.129e+3,1.763e+1,2.852e-21,3.435e+3,,8.515e-24
306.00,5.879e+3,3.535e+3,2.610e+1,2.851e-21,2.318e+3,,8.521e-24
306.03,3.899e+3,2.648e+3,4.410e+1,2.850e-21,1.207e+3,,8.530e-24
306.05,2.912e+3,2.100e+3,5.995e+1,2.849e-21,7.519e+2,,8.536e-24
306.08,1.845e+3,1.398e+3,8.914e+1,2.848e-21,3.578e+2,,8.545e-24
306.10,1.360e+3,1.023e+3,1.113e+2,2.848e-21,2.256e+2,,8.551e-24
306.13,9.021e+2,6.016e+2,1.456e+2,2.847e-21,1.548e+2,,8.560e-24
306.15,7.454e+2,4.051e+2,1.669e+2,2.846e-21,1.734e+2,,8.566e-24
306.18,6.987e+2,2.102e+2,1.921e+2,2.845e-21,2.964e+2,,8.575e-24
306.20,7.860e+2,1.301e+2,2.022e+2,2.844e-21,4.536e+2,,8.581e-24
306.23,1.102e+3,5.959e+1,2.048e+2,2.843e-21,8.377e+2,,8.589e-24
306.25,1.448e+3,3.413e+1,1.979e+2,2.843e-21,1.216e+3,,8.595e-24
306.28,2.192e+3,1.465e+1,1.764e+2,2.842e-21,2.001e+3,,8.604e-24
306.30,2.838e+3,9.225e+0,1.565e+2,2.841e-21,2.673e+3,,8.610e-24
306.33,4.002e+3,8.245e+0,1.227e+2,2.840e-21,3.871e+3,,8.619e-24
306.35,4.861e+3,1.186e+1,1.000e+2,2.840e-21,4.749e+3,,8.625e-24
306.38,6.149e+3,2.582e+1,6.901e+1,2.839e-21,6.054e+3,,8.634e-24
306.40,6.917e+3,4.382e+1,5.163e+1,2.838e-21,6.821e+3,,8.640e-24
306.42,7.538e+3,7.259e+1,3.734e+1,2.837e-21,7.428e+3,,8.646e-24
306.45,8.085e+3,1.461e+2,2.154e+1,2.836e-21,7.918e+3,,8.655e-24
306.47,8.156e+3,2.238e+2,1.430e+1,2.836e-21,7.918e+3,,8.661e-24
306.50,7.834e+3,3.991e+2,7.257e+0,2.835e-21,7.428e+3,,8.669e-24
306.52,7.389e+3,5.632e+2,4.425e+0,2.834e-21,6.821e+3,,8.675e-24
306.55,6.521e+3,8.877e+2,1.976e+0,2.833e-21,5.631e+3,,8.684e-24
306.57,5.904e+3,1.153e+3,1.106e+0,2.832e-21,4.749e+3,,8.690e-24
306.60,5.057e+3,1.606e+3,4.349e-1,2.832e-21,3.451e+3,,8.699e-24
306.62,4.593e+3,1.920e+3,2.241e-1,2.831e-21,2.673e+3,,8.705e-24
306.65,4.068e+3,2.359e+3,7.958e-2,2.830e-21,1.709e+3,,8.714e-24
306.67,3.811e+3,2.595e+3,4.149e-2,2.829e-21,1.215e+3,,8.720e-24
306.70,3.497e+3,2.813e+3,2.592e-2,2.828e-21,6.840e+2,,8.729e-24
306.72,3.292e+3,2.845e+3,3.404e-2,2.828e-21,4.468e+2,,8.735e-24
306.75,2.940e+3,2.719e+3,7.720e-2,2.827e-21,2.212e+2,,8.744e-24
306.77,2.662e+3,2.529e+3,1.380e-1,2.826e-21,1.327e+2,,8.749e-24
306.80,2.188e+3,2.130e+3,3.144e-1,2.825e-21,5.784e+1,,8.758e-24
306.82,1.853e+3,1.821e+3,5.229e-1,2.824e-21,3.186e+1,,8.764e-24
306.85,1.364e+3,1.351e+3,1.053e+0,2.823e-21,1.222e+1,,8.773e-24
306.87,1.069e+3,1.062e+3,1.609e+0,2.823e-21,6.183e+0,,8.779e-24
306.90,6.989e+2,6.940e+2,2.852e+0,2.822e-21,2.087e+0,,8.788e-24
306.92,5.060e+2,5.011e+2,4.003e+0,2.821e-21,9.695e-1,,8.794e-24
306.94,3.556e+2,3.497e+2,5.433e+0,2.821e-21,4.353e-1,,8.800e-24
306.97,1.996e+2,1.914e+2,8.060e+0,2.820e-21,1.229e-1,,8.809e-24
306.99,1.328e+2,1.227e+2,1.005e+1,2.819e-21,5.067e-2,,8.815e-24
307.02,7.230e+1,5.916e+1,1.313e+1,2.818e-21,1.259e-2,,8.824e-24
307.04,4.991e+1,3.487e+1,1.503e+1,2.817e-21,4.766e-3,,8.829e-24
307.07,3.213e+1,1.484e+1,1.729e+1,2.816e-21,1.042e-3,,8.838e-24
307.09,2.631e+1,8.113e+0,1.820e+1,2.816e-21,3.624e-4,,8.844e-24
307.12,2.176e+1,3.336e+0,1.843e+1,2.815e-21,6.972e-5,,8.853e-24
307.14,2.003e+1,2.211e+0,1.781e+1,2.814e-21,2.227e-5,,8.859e-24
307.17,1.845e+1,2.561e+0,1.589e+1,2.813e-21,3.770e-6,,8.868e-24
307.19,1.835e+1,4.229e+0,1.412e+1,2.812e-21,1.106e-6,,8.874e-24
307.22,2.129e+1,1.018e+1,1.111e+1,2.812e-21,1.649e-7,,8.883e-24
307.24,2.710e+1,1.800e+1,9.102e+0,2.811e-21,4.487e-8,,8.889e-24
307.27,4.640e+1,3.997e+1,6.428e+0,2.810e-21,9.799e-9,,8.898e-24
307.29,7.029e+1,6.527e+1,5.024e+0,2.809e-21,1.677e-8,,8.904e-24
307.32,1.315e+2,1.278e+2,3.702e+0,2.808e-21,1.090e-7,,8.912e-24
307.34,1.953e+2,1.918e+2,3.472e+0,2.808e-21,3.853e-7,,8.918e-24
307.37,3.354e+2,3.310e+2,4.423e+0,2.807e-21,2.410e-6,,8.927e-24
307.39,4.627e+2,4.564e+2,6.219e+0,2.806e-21,7.843e-6,,8.933e-24
307.41,6.178e+2,6.085e+2,9.293e+0,2.805e-21,2.468e-5,,8.939e-24
307.44,8.963e+2,8.790e+2,1.721e+1,2.804e-21,1.293e-4,,8.948e-24
307.46,1.102e+3,1.077e+3,2.544e+1,2.804e-21,3.740e-4,,8.954e-24
307.49,1.414e+3,1.370e+3,4.359e+1,2.803e-21,1.727e-3,,8.963e-24
307.51,1.603e+3,1.543e+3,6.027e+1,2.802e-21,4.591e-3,,8.969e-24
307.54,1.822e+3,1.729e+3,9.284e+1,2.801e-21,1.868e-2,,8.978e-24
307.56,1.908e+3,1.789e+3,1.194e+2,2.801e-21,4.565e-2,,8.984e-24
307.59,1.931e+3,1.766e+3,1.649e+2,2.800e-21,1.637e-1,,8.992e-24
307.61,1.876e+3,1.679e+3,1.972e+2,2.799e-21,3.677e-1,,8.998e-24
307.64,1.706e+3,1.460e+3,2.444e+2,2.798e-21,1.162e+0,,9.007e-24
307.66,1.550e+3,1.276e+3,2.722e+2,2.797e-21,2.399e+0,,9.013e-24
307.69,1.289e+3,9.783e+2,3.036e+2,2.796e-21,6.680e+0,,9.022e-24
307.71,1.115e+3,7.862e+2,3.158e+2,2.796e-21,1.268e+1,,9.028e-24
307.74,8.837e+2,5.332e+2,3.193e+2,2.795e-21,3.110e+1,,9.037e-24
307.76,7.628e+2,3.964e+2,3.121e+2,2.794e-21,5.425e+1,,9.043e-24
307.79,6.493e+2,2.428e+2,2.891e+2,2.793e-21,1.173e+2,,9.052e-24
307.81,6.283e+2,1.724e+2,2.678e+2,2.792e-21,1.881e+2,,9.058e-24
307.84,6.947e+2,1.059e+2,2.304e+2,2.792e-21,3.584e+2,,9.066e-24
307.86,8.137e+2,8.161e+1,2.039e+2,2.791e-21,5.282e+2,,9.072e-24
307.89,1.117e+3,6.530e+1,1.645e+2,2.790e-21,8.870e+2,,9.081e-24
307.91,1.404e+3,6.289e+1,1.396e+2,2.789e-21,1.201e+3,,9.087e-24
307.93,1.754e+3,6.411e+1,1.164e+2,2.789e-21,1.573e+3,,9.093e-24
307.96,2.368e+3,6.850e+1,8.556e+1,2.788e-21,2.214e+3,,9.102e-24
307.98,2.804e+3,7.128e+1,6.793e+1,2.787e-21,2.665e+3,,9.108e-24
308.01,3.424e+3,7.387e+1,4.605e+1,2.786e-21,3.304e+3,,9.117e-24
308.03,3.765e+3,7.486e+1,3.446e+1,2.785e-21,3.655e+3,,9.123e-24
308.06,4.092e+3,7.762e+1,2.122e+1,2.784e-21,3.994e+3,,9.132e-24
308.08,4.159e+3,8.281e+1,1.483e+1,2.784e-21,4.062e+3,,9.138e-24
308.11,4.020e+3,1.015e+2,8.194e+0,2.783e-21,3.910e+3,,9.146e-24
308.13,3.786e+3,1.251e+2,5.312e+0,2.782e-21,3.655e+3,,9.152e-24
308.16,3.288e+3,1.844e+2,2.614e+0,2.781e-21,3.101e+3,,9.161e-24
308.18,2.909e+3,2.429e+2,1.566e+0,2.781e-21,2.665e+3,,9.167e-24
308.21,2.354e+3,3.611e+2,6.830e-1,2.780e-21,1.992e+3,,9.176e-24
308.23,2.032e+3,4.584e+2,3.771e-1,2.779e-21,1.573e+3,,9.182e-24
308.26,1.659e+3,6.222e+2,1.454e-1,2.778e-21,1.037e+3,,9.191e-24
308.28,1.487e+3,7.340e+2,7.387e-2,2.777e-21,7.526e+2,,9.197e-24
308.31,1.322e+3,8.851e+2,2.513e-2,2.776e-21,4.370e+2,,9.206e-24
308.33,1.254e+3,9.621e+2,1.175e-2,2.776e-21,2.916e+2,,9.212e-24
308.36,1.174e+3,1.024e+3,3.525e-3,2.775e-21,1.492e+2,,9.221e-24
308.38,1.116e+3,1.024e+3,1.515e-3,2.774e-21,9.149e+1,,9.226e-24
308.41,1.003e+3,9.615e+2,4.007e-4,2.773e-21,4.125e+1,,9.235e-24
308.43,9.071e+2,8.839e+2,1.583e-4,2.772e-21,2.326e+1,,9.241e-24
308.45,7.983e+2,7.857e+2,6.047e-5,2.772e-21,1.268e+1,,9.247e-24
308.48,6.230e+2,6.182e+2,1.340e-5,2.771e-21,4.788e+0,,9.256e-24
308.50,5.075e+2,5.051e+2,4.705e-6,2.770e-21,2.399e+0,,9.262e-24
308.53,3.511e+2,3.503e+2,9.187e-7,2.769e-21,7.985e-1,,9.271e-24
308.55,2.636e+2,2.632e+2,2.965e-7,2.769e-21,3.677e-1,,9.277e-24
308.58,1.610e+2,1.609e+2,5.101e-8,2.768e-21,1.079e-1,,9.286e-24
308.60,1.112e+2,1.111e+2,1.513e-8,2.767e-21,4.565e-2,,9.292e-24
308.63,5.989e+1,5.988e+1,2.294e-9,2.766e-21,1.180e-2,,9.301e-24
308.65,3.803e+1,3.803e+1,6.251e-10,2.765e-21,4.591e-3,,9.306e-24
308.68,1.810e+1,1.809e+1,8.351e-11,2.764e-21,1.046e-3,,9.315e-24
308.70,1.063e+1,1.062e+1,2.092e-11,2.764e-21,3.740e-4,,9.321e-24
308.73,4.676e+0,4.676e+0,2.462e-12,2.763e-21,7.508e-5,,9.330e-24
308.75,2.901e+0,2.901e+0,5.669e-13,2.762e-21,2.468e-5,,9.336e-24
308.78,2.313e+0,2.313e+0,5.879e-14,2.761e-21,4.366e-6,,9.345e-24
308.80,3.105e+0,3.105e+0,5.858e-14,2.761e-21,1.319e-6,,9.351e-24
308.83,6.499e+0,6.499e+0,5.827e-14,2.760e-21,2.056e-7,,9.360e-24
308.85,1.093e+1,1.093e+1,5.806e-14,2.759e-21,5.717e-8,,9.366e-24
308.88,2.281e+1,2.281e+1,5.774e-14,2.758e-21,8.398e-9,,9.375e-24
308.90,3.582e+1,3.582e+1,5.753e-14,2.757e-21,4.178e-9,,9.381e-24
308.93,6.625e+1,6.625e+1,5.722e-14,2.756e-21,1.615e-8,,9.389e-24
308.95,9.575e+1,9.575e+1,5.701e-14,2.756e-21,5.752e-8,,9.395e-24
308.97,1.338e+2,1.338e+2,5.680e-14,2.755e-21,2.008e-7,,9.401e-24
309.00,2.077e+2,2.077e+2,5.648e-14,2.754e-21,1.232e-6,,9.410e-24
309.02,2.669e+2,2.669e+2,5.627e-14,2.753e-21,3.959e-6,,9.416e-24
309.05,3.654e+2,3.654e+2,5.596e-14,2.752e-21,2.143e-5,,9.425e-24
309.07,4.320e+2,4.320e+2,5.575e-14,2.752e-21,6.338e-5,,9.431e-24
309.10,5.215e+2,5.215e+2,5.543e-14,2.751e-21,3.027e-4,,9.440e-24
309.12,5.670e+2,5.670e+2,5.522e-14,2.750e-21,8.236e-4,,9.446e-24
309.15,6.037e+2,6.037e+2,5.491e-14,2.749e-21,3.472e-3,,9.455e-24
309.17,6.037e+2,6.037e+2,5.470e-14,2.749e-21,8.689e-3,,9.461e-24
309.20,5.670e+2,5.670e+2,5.438e-14,2.748e-21,3.232e-2,,9.469e-24
309.22,5.215e+2,5.215e+2,5.417e-14,2.747e-21,7.442e-2,,9.475e-24
309.25,4.322e+2,4.320e+2,5.386e-14,2.746e-21,2.443e-1,,9.484e-24
309.27,3.659e+2,3.654e+2,5.365e-14,2.745e-21,5.174e-1,,9.490e-24
309.30,2.684e+2,2.669e+2,5.333e-14,2.744e-21,1.499e+0,,9.499e-24
309.32,2.106e+2,2.077e+2,5.312e-14,2.744e-21,2.921e+0,,9.505e-24
309.35,1.413e+2,1.338e+2,5.281e-14,2.743e-21,7.466e+0,,9.514e-24
309.37,1.092e+2,9.578e+1,5.260e-14,2.742e-21,1.339e+1,,9.520e-24
309.40,8.471e+1,5.450e+1,5.228e-14,2.741e-21,3.021e+1,,9.529e-24
309.42,8.582e+1,3.598e+1,5.207e-14,2.741e-21,4.985e+1,,9.535e-24
309.44,1.027e+2,2.311e+1,5.186e-14,2.740e-21,7.957e+1,,9.541e-24
309.47,1.625e+2,1.167e+1,5.155e-14,2.739e-21,1.508e+2,,9.549e-24
309.49,2.295e+2,7.786e+0,5.134e-14,2.738e-21,2.217e+2,,9.555e-24
309.52,3.775e+2,5.868e+0,5.102e-14,2.737e-21,3.717e+2,,9.564e-24
309.54,5.103e+2,6.706e+0,5.081e-14,2.737e-21,5.036e+2,,9.570e-24
309.57,7.594e+2,1.113e+1,5.050e-14,2.736e-21,7.483e+2,,9.579e-24
309.59,9.537e+2,1.661e+1,5.029e-14,2.735e-21,9.371e+2,,9.585e-24
309.62,1.272e+3,3.013e+1,4.997e-14,2.734e-21,1.241e+3,,9.594e-24
309.64,1.489e+3,4.405e+1,4.976e-14,2.733e-21,1.445e+3,,9.600e-24
309.67,1.804e+3,7.582e+1,4.945e-14,2.732e-21,1.728e+3,,9.609e-24
309.69,1.999e+3,1.073e+2,4.924e-14,2.732e-21,1.892e+3,,9.615e-24
309.72,2.272e+3,1.775e+2,4.892e-14,2.731e-21,2.094e+3,,9.624e-24
309.74,2.453e+3,2.457e+2,4.871e-14,2.730e-21,2.207e+3,,9.629e-24
309.77,2.766e+3,3.936e+2,4.840e-14,2.729e-21,2.372e+3,,9.638e-24
309.79,3.042e+3,5.315e+2,4.819e-14,2.729e-21,2.510e+3,,9.644e-24
309.82,3.650e+3,8.121e+2,4.787e-14,2.728e-21,2.837e+3,,9.653e-24
309.84,4.259e+3,1.054e+3,4.766e-14,2.727e-21,3.205e+3,,9.659e-24
309.87,5.658e+3,1.499e+3,4.735e-14,2.726e-21,4.159e+3,,9.668e-24
309.89,7.051e+3,1.841e+3,4.714e-14,2.725e-21,5.210e+3,,9.674e-24
309.92,1.013e+4,2.389e+3,4.682e-14,2.724e-21,7.741e+3,,9.683e-24
309.94,1.304e+4,2.747e+3,4.661e-14,2.724e-21,1.029e+4,,9.689e-24
309.96,1.678e+4,3.072e+3,4.640e-14,2.723e-21,1.371e+4,,9.695e-24
309.99,2.415e+4,3.440e+3,4.609e-14,2.722e-21,2.071e+4,,9.704e-24
310.01,3.023e+4,3.575e+3,4.588e-14,2.722e-21,2.665e+4,,9.709e-24
310.04,4.078e+4,3.583e+3,4.557e-14,2.721e-21,3.720e+4,,9.718e-24
310.06,4.835e+4,3.456e+3,4.536e-14,2.720e-21,4.489e+4,,9.724e-24
310.09,5.937e+4,3.093e+3,4.504e-14,2.719e-21,5.628e+4,,9.733e-24
310.11,6.572e+4,2.765e+3,4.483e-14,2.718e-21,6.296e+4,,9.739e-24
310.14,7.240e+4,2.208e+3,4.452e-14,2.717e-21,7.019e+4,,9.748e-24
310.16,7.433e+4,1.830e+3,4.431e-14,2.717e-21,7.250e+4,,9.754e-24
310.19,7.294e+4,1.303e+3,4.399e-14,2.716e-21,7.163e+4,,9.763e-24
310.21,6.924e+4,1.000e+3,4.378e-14,2.715e-21,6.824e+4,,9.769e-24
310.24,6.033e+4,6.350e+2,4.347e-14,2.714e-21,5.970e+4,,9.778e-24
310.26,5.289e+4,4.513e+2,4.326e-14,2.713e-21,5.244e+4,,9.784e-24
310.29,4.091e+4,2.552e+2,4.294e-14,2.712e-21,4.065e+4,,9.792e-24
310.31,3.315e+4,1.679e+2,4.273e-14,2.712e-21,3.298e+4,,9.798e-24
310.34,2.285e+4,8.447e+1,4.242e-14,2.711e-21,2.277e+4,,9.807e-24
310.36,1.723e+4,5.140e+1,4.221e-14,2.710e-21,1.718e+4,,9.813e-24
310.39,1.083e+4,2.300e+1,4.189e-14,2.709e-21,1.081e+4,,9.822e-24
310.41,7.834e+3,1.294e+1,4.168e-14,2.709e-21,7.821e+3,,9.828e-24
310.44,4.898e+3,5.144e+0,4.137e-14,2.708e-21,4.893e+3,,9.837e-24
310.46,3.733e+3,2.674e+0,4.116e-14,2.707e-21,3.730e+3,,9.843e-24
310.48,3.008e+3,1.346e+0,4.095e-14,2.706e-21,3.007e+3,,9.849e-24
310.51,2.439e+3,4.529e-1,4.063e-14,2.705e-21,2.438e+3,,9.858e-24
310.53,2.244e+3,2.105e-1,4.042e-14,2.705e-21,2.244e+3,,9.864e-24
310.56,2.045e+3,6.281e-2,4.011e-14,2.704e-21,2.045e+3,,9.872e-24
310.58,1.912e+3,2.694e-2,3.990e-14,2.703e-21,1.912e+3,,9.878e-24
310.61,1.668e+3,7.123e-3,3.958e-14,2.702e-21,1.668e+3,,9.887e-24
310.63,1.473e+3,2.818e-3,3.937e-14,2.702e-21,1.473e+3,,9.893e-24
310.66,1.157e+3,6.597e-4,3.906e-14,2.701e-21,1.157e+3,,9.902e-24
310.68,9.466e+2,2.406e-4,3.885e-14,2.700e-21,9.466e+2,,9.908e-24
310.71,6.591e+2,4.987e-5,3.853e-14,2.699e-21,6.591e+2,,9.917e-24
310.73,4.969e+2,1.677e-5,3.832e-14,2.698e-21,4.969e+2,,9.923e-24
310.76,3.058e+2,3.074e-6,3.801e-14,2.697e-21,3.058e+2,,9.932e-24
310.78,2.123e+2,9.522e-7,3.780e-14,2.697e-21,2.123e+2,,9.938e-24
310.81,1.154e+2,1.544e-7,3.748e-14,2.696e-21,1.154e+2,,9.946e-24
310.83,7.371e+1,4.406e-8,3.727e-14,2.695e-21,7.371e+1,,9.952e-24
310.86,3.538e+1,6.315e-9,3.696e-14,2.694e-21,3.538e+1,,9.961e-24
310.88,2.082e+1,1.660e-9,3.675e-14,2.693e-21,2.082e+1,,9.967e-24
310.91,8.879e+0,2.103e-10,3.643e-14,2.693e-21,8.879e+0,,9.976e-24
310.93,4.913e+0,5.083e-11,3.622e-14,2.692e-21,4.913e+0,,9.982e-24
310.96,2.235e+0,5.671e-12,3.591e-14,2.691e-21,2.235e+0,,9.991e-24
310.98,1.818e+0,1.213e-12,3.570e-14,2.690e-21,1.818e+0,,9.997e-24
311.00,2.286e+0,2.623e-13,3.549e-14,2.690e-21,2.286e+0,,1.000e-23
311.03,5.070e+0,1.256e-13,3.517e-14,2.689e-21,5.070e+0,,1.001e-23
311.05,9.148e+0,5.607e-13,3.496e-14,2.688e-21,9.148e+0,,1.002e-23
311.08,2.136e+1,4.974e-12,3.465e-14,2.687e-21,2.136e+1,,1.003e-23
311.10,3.619e+1,2.045e-11,3.444e-14,2.686e-21,3.619e+1,,1.003e-23
311.13,7.510e+1,1.604e-10,3.412e-14,2.685e-21,7.510e+1,,1.004e-23
311.15,1.172e+2,6.075e-10,3.391e-14,2.685e-21,1.172e+2,,1.005e-23
311.18,2.150e+2,4.210e-9,3.360e-14,2.684e-21,2.150e+2,,1.006e-23
311.20,3.091e+2,1.469e-8,3.339e-14,2.683e-21,3.091e+2,,1.006e-23
311.23,5.008e+2,9.001e-8,3.307e-14,2.682e-21,5.008e+2,,1.007e-23
311.25,6.629e+2,2.892e-7,3.286e-14,2.682e-21,6.629e+2,,1.008e-23
311.28,9.490e+2,1.567e-6,3.255e-14,2.681e-21,9.490e+2,,1.009e-23
311.30,1.157e+3,4.637e-6,3.234e-14,2.680e-21,1.157e+3,,1.009e-23
311.33,1.463e+3,2.220e-5,3.202e-14,2.679e-21,1.463e+3,,1.010e-23
311.35,1.643e+3,6.053e-5,3.181e-14,2.678e-21,1.643e+3,,1.011e-23
311.38,1.836e+3,2.562e-4,3.150e-14,2.677e-21,1.836e+3,,1.012e-23
311.40,1.898e+3,6.433e-4,3.129e-14,2.677e-21,1.898e+3,,1.012e-23
311.43,1.874e+3,2.407e-3,3.097e-14,2.676e-21,1.874e+3,,1.013e-23
311.45,1.784e+3,5.567e-3,3.076e-14,2.675e-21,1.784e+3,,1.014e-23
311.47,1.643e+3,1.246e-2,3.055e-14,2.674e-21,1.643e+3,,1.014e-23
311.50,1.364e+3,3.923e-2,3.024e-14,2.673e-21,1.364e+3,,1.015e-23
311.52,1.157e+3,8.086e-2,3.003e-14,2.673e-21,1.157e+3,,1.016e-23
311.55,8.492e+2,2.250e-1,2.971e-14,2.672e-21,8.490e+2,,1.017e-23
311.57,6.633e+2,4.273e-1,2.950e-14,2.671e-21,6.629e+2,,1.017e-23
311.60,4.309e+2,1.051e+0,2.919e-14,2.670e-21,4.299e+2,,1.018e-23
311.62,3.109e+2,1.839e+0,2.898e-14,2.670e-21,3.091e+2,,1.019e-23
311.65,1.811e+2,3.998e+0,2.866e-14,2.669e-21,1.771e+2,,1.020e-23
311.67,1.237e+2,6.441e+0,2.845e-14,2.668e-21,1.172e+2,,1.020e-23
311.70,7.174e+1,1.238e+1,2.814e-14,2.667e-21,5.936e+1,,1.021e-23
311.72,5.456e+1,1.837e+1,2.793e-14,2.666e-21,3.619e+1,,1.022e-23
311.75,4.741e+1,3.122e+1,2.761e-14,2.665e-21,1.619e+1,,1.023e-23
311.77,5.176e+1,4.267e+1,2.740e-14,2.665e-21,9.088e+0,,1.023e-23
311.80,6.769e+1,6.410e+1,2.709e-14,2.664e-21,3.593e+0,,1.024e-23
311.82,8.255e+1,8.069e+1,2.688e-14,2.663e-21,1.857e+0,,1.025e-23
311.85,1.078e+2,1.072e+2,2.656e-14,2.662e-21,6.487e-1,,1.025e-23
311.87,1.245e+2,1.242e+2,2.635e-14,2.662e-21,3.087e-1,,1.026e-23
311.90,1.459e+2,1.458e+2,2.604e-14,2.661e-21,9.529e-2,,1.027e-23
311.92,1.558e+2,1.558e+2,2.583e-14,2.660e-21,4.176e-2,,1.028e-23
311.95,1.616e+2,1.616e+2,2.551e-14,2.659e-21,1.139e-2,,1.028e-23
311.97,1.590e+2,1.590e+2,2.530e-14,2.658e-21,4.597e-3,,1.029e-23
311.99,1.513e+2,1.513e+2,2.509e-14,2.658e-21,1.795e-3,,1.030e-23
312.02,1.321e+2,1.321e+2,2.478e-14,2.657e-21,4.116e-4,,1.031e-23
312.04,1.159e+2,1.159e+2,2.457e-14,2.656e-21,1.480e-4,,1.031e-23
312.07,8.943e+1,8.943e+1,2.425e-14,2.655e-21,2.999e-5,,1.032e-23
312.09,7.223e+1,7.223e+1,2.404e-14,2.654e-21,9.930e-6,,1.033e-23
312.12,4.932e+1,4.932e+1,2.373e-14,2.653e-21,1.778e-6,,1.033e-23
312.14,3.676e+1,3.676e+1,2.352e-14,2.653e-21,5.421e-7,,1.034e-23
312.17,2.241e+1,2.241e+1,2.320e-14,2.652e-21,8.578e-8,,1.035e-23
312.19,1.571e+1,1.571e+1,2.299e-14,2.651e-21,2.408e-8,,1.036e-23
312.22,9.469e+0,9.469e+0,2.268e-14,2.650e-21,3.367e-9,,1.036e-23
312.24,7.529e+0,7.529e+0,2.247e-14,2.650e-21,8.702e-10,,1.037e-23
312.27,7.677e+0,7.677e+0,2.215e-14,2.649e-21,1.075e-10,,1.038e-23
312.29,9.879e+0,9.879e+0,2.195e-14,2.648e-21,2.559e-11,,1.039e-23
312.32,1.685e+1,1.685e+1,2.163e-14,2.647e-21,2.793e-12,,1.039e-23
312.34,2.441e+1,2.441e+1,2.142e-14,2.646e-21,6.122e-13,,1.040e-23
312.37,4.098e+1,4.098e+1,2.111e-14,2.645e-21,2.447e-12,,1.041e-23
312.39,5.583e+1,5.583e+1,2.090e-14,2.645e-21,3.671e-12,,1.041e-23
312.42,8.367e+1,8.367e+1,2.058e-14,2.644e-21,5.506e-12,,1.042e-23
312.44,1.052e+2,1.052e+2,2.037e-14,2.643e-21,6.729e-12,,1.043e-23
312.47,1.396e+2,1.396e+2,2.006e-14,2.642e-21,8.565e-12,,1.044e-23
312.49,1.617e+2,1.617e+2,1.985e-14,2.642e-21,3.896e-11,,1.044e-23
312.51,1.814e+2,1.814e+2,1.964e-14,2.641e-21,1.715e-10,,1.045e-23
312.54,2.026e+2,2.026e+2,1.932e-14,2.640e-21,1.491e-9,,1.046e-23
312.56,2.093e+2,2.093e+2,1.911e-14,2.639e-21,6.051e-9,,1.047e-23
312.59,2.068e+2,2.068e+2,1.880e-14,2.638e-21,4.655e-8,,1.047e-23
312.61,1.968e+2,1.968e+2,1.859e-14,2.638e-21,1.741e-7,,1.048e-23
312.64,1.720e+2,1.720e+2,1.827e-14,2.637e-21,1.185e-6,,1.049e-23
312.66,1.508e+2,1.508e+2,1.806e-14,2.636e-21,4.088e-6,,1.049e-23
312.69,1.166e+2,1.166e+2,1.775e-14,2.635e-21,2.463e-5,,1.050e-23
312.71,9.420e+1,9.420e+1,1.754e-14,2.634e-21,7.829e-5,,1.051e-23
312.74,6.438e+1,6.438e+1,1.722e-14,2.633e-21,4.174e-4,,1.052e-23
312.76,4.795e+1,4.795e+1,1.701e-14,2.633e-21,1.223e-3,,1.052e-23
312.79,2.901e+1,2.901e+1,1.670e-14,2.632e-21,5.772e-3,,1.053e-23
312.81,1.997e+1,1.996e+1,1.649e-14,2.631e-21,1.559e-2,,1.054e-23
312.84,1.091e+1,1.085e+1,1.617e-14,2.630e-21,6.510e-2,,1.055e-23
312.86,7.308e+0,7.146e+0,1.596e-14,2.630e-21,1.621e-1,,1.055e-23
312.89,4.847e+0,4.248e+0,1.565e-14,2.629e-21,5.990e-1,,1.056e-23
312.91,5.123e+0,3.748e+0,1.544e-14,2.628e-21,1.375e+0,,1.057e-23
312.94,9.474e+0,4.977e+0,1.512e-14,2.627e-21,4.497e+0,,1.058e-23
312.96,1.678e+1,7.271e+0,1.491e-14,2.626e-21,9.513e+0,,1.058e-23
312.99,4.112e+1,1.359e+1,1.460e-14,2.625e-21,2.754e+1,,1.059e-23
313.01,7.396e+1,2.027e+1,1.439e-14,2.625e-21,5.370e+1,,1.060e-23
313.03,1.308e+2,2.942e+1,1.418e-14,2.624e-21,1.014e+2,,1.060e-23
313.06,2.958e+2,4.852e+1,1.386e-14,2.623e-21,2.473e+2,,1.061e-23
313.08,4.953e+2,6.506e+1,1.365e-14,2.623e-21,4.302e+2,,1.062e-23
313.11,1.024e+3,9.505e+1,1.334e-14,2.622e-21,9.288e+2,,1.063e-23
313.13,1.607e+3,1.175e+2,1.313e-14,2.621e-21,1.490e+3,,1.063e-23
313.16,2.998e+3,1.519e+2,1.281e-14,2.620e-21,2.846e+3,,1.064e-23
313.18,4.381e+3,1.731e+2,1.260e-14,2.619e-21,4.208e+3,,1.065e-23
313.21,7.313e+3,1.980e+2,1.229e-14,2.618e-21,7.115e+3,,1.066e-23
313.23,9.904e+3,2.079e+2,1.208e-14,2.618e-21,9.696e+3,,1.066e-23
313.26,1.472e+4,2.105e+2,1.176e-14,2.617e-21,1.451e+4,,1.067e-23
313.28,1.843e+4,2.037e+2,1.155e-14,2.616e-21,1.823e+4,,1.068e-23
313.31,2.432e+4,1.825e+2,1.124e-14,2.615e-21,2.414e+4,,1.069e-23
313.33,2.812e+4,1.628e+2,1.103e-14,2.614e-21,2.795e+4,,1.069e-23
313.36,3.289e+4,1.290e+2,1.071e-14,2.613e-21,3.276e+4,,1.070e-23
313.38,3.508e+4,1.061e+2,1.050e-14,2.613e-21,3.497e+4,,1.071e-23
313.41,3.635e+4,7.443e+1,1.019e-14,2.612e-21,3.628e+4,,1.072e-23
313.43,3.575e+4,5.641e+1,9.978e-15,2.611e-21,3.569e+4,,1.072e-23
313.46,3.280e+4,3.501e+1,9.663e-15,2.610e-21,3.276e+4,,1.073e-23
313.48,2.974e+4,2.446e+1,9.453e-15,2.610e-21,2.971e+4,,1.074e-23
313.50,2.610e+4,1.654e+1,9.243e-15,2.609e-21,2.608e+4,,1.074e-23
313.53,2.019e+4,8.649e+0,8.928e-15,2.608e-21,2.018e+4,,1.075e-23
313.55,1.634e+4,5.390e+0,8.718e-15,2.607e-21,1.633e+4,,1.076e-23
313.58,1.118e+4,2.495e+0,8.403e-15,2.606e-21,1.118e+4,,1.077e-23
313.60,8.342e+3,1.433e+0,8.193e-15,2.606e-21,8.340e+3,,1.077e-23
313.63,5.055e+3,5.869e-1,7.878e-15,2.605e-21,5.054e+3,,1.078e-23
313.65,3.475e+3,3.107e-1,7.668e-15,2.604e-21,3.475e+3,,1.079e-23
313.68,1.864e+3,1.126e-1,7.353e-15,2.603e-21,1.864e+3,,1.080e-23
313.70,1.181e+3,5.495e-2,7.143e-15,2.603e-21,1.181e+3,,1.080e-23
313.73,5.606e+2,1.763e-2,6.828e-15,2.602e-21,5.606e+2,,1.081e-23
313.75,3.275e+2,7.945e-3,6.618e-15,2.601e-21,3.275e+2,,1.082e-23
313.78,1.376e+2,2.336e-3,6.303e-15,2.600e-21,1.376e+2,,1.083e-23
313.80,7.407e+1,1.166e-3,6.093e-15,2.599e-21,7.407e+1,,1.083e-23
313.83,2.754e+1,1.200e-3,5.778e-15,2.598e-21,2.754e+1,,1.084e-23
313.85,1.367e+1,2.481e-3,5.568e-15,2.598e-21,1.367e+1,,1.085e-23
313.88,4.505e+0,8.785e-3,5.254e-15,2.597e-21,4.497e+0,,1.086e-23
313.90,2.077e+0,2.002e-2,5.044e-15,2.596e-21,2.057e+0,,1.086e-23
313.93,6.640e-1,6.497e-2,4.729e-15,2.595e-21,5.990e-1,,1.087e-23
313.95,3.895e-1,1.368e-1,4.519e-15,2.594e-21,2.527e-1,,1.088e-23
313.98,4.584e-1,3.933e-1,4.204e-15,2.593e-21,6.510e-2,,1.089e-23
314.00,7.891e-1,7.638e-1,3.994e-15,2.593e-21,2.531e-2,,1.089e-23
314.02,1.446e+0,1.436e+0,3.784e-15,2.592e-21,9.524e-3,,1.090e-23
314.05,3.486e+0,3.484e+0,3.469e-15,2.591e-21,2.068e-3,,1.091e-23
314.07,6.041e+0,6.040e+0,3.259e-15,2.591e-21,7.175e-4,,1.091e-23
314.10,1.298e+1,1.298e+1,2.944e-15,2.590e-21,1.379e-4,,1.092e-23
314.12,2.075e+1,2.075e+1,2.734e-15,2.589e-21,4.409e-5,,1.093e-23
314.15,3.949e+1,3.949e+1,2.419e-15,2.588e-21,7.500e-6,,1.094e-23
314.17,5.824e+1,5.824e+1,2.209e-15,2.587e-21,2.210e-6,,1.094e-23
314.20,9.816e+1,9.816e+1,1.894e-15,2.586e-21,3.327e-7,,1.095e-23
314.22,1.335e+2,1.335e+2,1.684e-15,2.586e-21,9.040e-8,,1.096e-23
314.25,1.993e+2,1.993e+2,1.369e-15,2.585e-21,1.204e-8,,1.097e-23
314.27,2.500e+2,2.500e+2,6.026e-15,2.584e-21,3.016e-9,,1.097e-23
314.30,3.305e+2,3.305e+2,5.237e-14,2.583e-21,3.556e-10,,1.098e-23
314.32,3.823e+2,3.823e+2,2.126e-13,2.583e-21,8.208e-11,,1.099e-23
314.35,4.477e+2,4.477e+2,1.638e-12,2.582e-21,8.173e-11,,1.100e-23
314.37,4.776e+2,4.776e+2,6.135e-12,2.581e-21,8.149e-11,,1.100e-23
314.40,4.953e+2,4.953e+2,4.188e-11,2.580e-21,8.113e-11,,1.101e-23
314.42,4.874e+2,4.874e+2,1.447e-10,2.579e-21,8.089e-11,,1.102e-23
314.45,4.477e+2,4.477e+2,8.755e-10,2.578e-21,8.054e-11,,1.103e-23
314.47,4.063e+2,4.063e+2,2.792e-9,2.578e-21,8.030e-11,,1.103e-23
314.50,3.305e+2,3.305e+2,1.497e-8,2.577e-21,7.994e-11,,1.104e-23
314.52,2.766e+2,2.766e+2,4.403e-8,2.576e-21,7.970e-11,,1.105e-23
314.54,2.241e+2,2.241e+2,1.254e-7,2.575e-21,7.947e-11,,1.105e-23
314.57,1.538e+2,1.538e+2,5.679e-7,2.574e-21,7.911e-11,,1.106e-23
314.59,1.149e+2,1.149e+2,1.493e-6,2.574e-21,7.887e-11,,1.107e-23
314.62,6.987e+1,6.987e+1,5.990e-6,2.573e-21,7.852e-11,,1.108e-23
314.64,4.815e+1,4.815e+1,1.453e-5,2.572e-21,7.828e-11,,1.108e-23
314.67,2.593e+1,2.593e+1,5.168e-5,2.571e-21,7.792e-11,,1.109e-23
314.69,1.648e+1,1.648e+1,1.157e-4,2.571e-21,7.768e-11,,1.110e-23
314.72,7.858e+0,7.858e+0,3.652e-4,2.570e-21,7.733e-11,,1.111e-23
314.74,4.607e+0,4.606e+0,7.551e-4,2.569e-21,7.709e-11,,1.111e-23
314.77,1.948e+0,1.946e+0,2.117e-3,2.568e-21,7.673e-11,,1.112e-23
314.79,1.058e+0,1.054e+0,4.050e-3,2.567e-21,7.649e-11,,1.113e-23
314.82,4.102e-1,4.001e-1,1.013e-2,2.566e-21,7.614e-11,,1.113e-23
314.84,2.290e-1,2.109e-1,1.801e-2,2.566e-21,7.590e-11,,1.114e-23
314.87,1.512e-1,1.106e-1,4.061e-2,2.565e-21,7.554e-11,,1.115e-23
314.89,1.902e-1,1.224e-1,6.776e-2,2.564e-21,7.531e-11,,1.116e-23
314.92,4.016e-1,2.608e-1,1.409e-1,2.563e-21,7.495e-11,,1.116e-23
314.94,7.012e-1,4.757e-1,2.254e-1,2.563e-21,7.471e-11,,1.117e-23
314.97,1.590e+0,1.140e+0,4.502e-1,2.562e-21,7.435e-11,,1.118e-23
314.99,2.682e+0,1.969e+0,7.129e-1,2.561e-21,7.412e-11,,1.119e-23
315.01,4.428e+0,3.295e+0,1.133e+0,2.560e-21,7.388e-11,,1.119e-23
315.04,9.005e+0,6.716e+0,2.288e+0,2.559e-21,7.352e-11,,1.120e-23
315.06,1.404e+1,1.037e+1,3.668e+0,2.559e-21,7.328e-11,,1.121e-23
315.09,2.614e+1,1.874e+1,7.398e+0,2.558e-21,7.293e-11,,1.121e-23
315.11,3.837e+1,2.670e+1,1.167e+1,2.557e-21,7.269e-11,,1.122e-23
315.14,6.521e+1,4.277e+1,2.244e+1,2.556e-21,7.233e-11,,1.123e-23
315.16,9.004e+1,5.624e+1,3.380e+1,2.555e-21,7.209e-11,,1.124e-23
315.19,1.395e+2,7.991e+1,5.960e+1,2.554e-21,7.174e-11,,1.124e-23
315.21,1.811e+2,9.707e+1,8.408e+1,2.554e-21,7.150e-11,,1.125e-23
315.24,2.559e+2,1.226e+2,1.333e+2,2.553e-21,7.114e-11,,1.126e-23
315.26,3.125e+2,1.379e+2,1.746e+2,2.552e-21,7.091e-11,,1.127e-23
315.29,4.028e+2,1.559e+2,2.468e+2,2.551e-21,7.055e-11,,1.127e-23
315.31,4.628e+2,1.639e+2,2.989e+2,2.551e-21,7.031e-11,,1.128e-23
315.34,5.455e+2,1.701e+2,3.754e+2,2.550e-21,6.995e-11,,1.129e-23
315.36,5.918e+2,1.718e+2,4.199e+2,2.549e-21,6.972e-11,,1.129e-23
315.39,6.431e+2,1.752e+2,4.678e+2,2.548e-21,6.936e-11,,1.130e-23
315.41,6.645e+2,1.815e+2,4.830e+2,2.547e-21,6.912e-11,,1.131e-23
315.44,6.804e+2,2.033e+2,4.771e+2,2.546e-21,6.877e-11,,1.132e-23
315.46,6.839e+2,2.293e+2,4.546e+2,2.546e-21,6.853e-11,,1.132e-23
315.49,6.870e+2,2.889e+2,3.981e+2,2.545e-21,6.817e-11,,1.133e-23
315.51,6.924e+2,3.424e+2,3.500e+2,2.544e-21,6.793e-11,,1.134e-23
315.53,7.036e+2,4.055e+2,2.980e+2,2.543e-21,6.770e-11,,1.135e-23
315.56,7.326e+2,5.122e+2,2.204e+2,2.543e-21,6.734e-11,,1.135e-23
315.58,7.588e+2,5.856e+2,1.732e+2,2.542e-21,6.710e-11,,1.136e-23
315.61,8.016e+2,6.880e+2,1.135e+2,2.541e-21,6.674e-11,,1.137e-23
315.63,8.269e+2,7.446e+2,8.232e+1,2.540e-21,6.651e-11,,1.137e-23
315.66,8.504e+2,8.026e+2,4.784e+1,2.539e-21,6.615e-11,,1.138e-23
315.68,8.518e+2,8.198e+2,3.200e+1,2.539e-21,6.591e-11,,1.139e-23
315.71,8.280e+2,8.115e+2,1.648e+1,2.538e-21,6.556e-11,,1.140e-23
315.73,7.948e+2,7.847e+2,1.017e+1,2.537e-21,6.532e-11,,1.140e-23
315.76,7.230e+2,7.184e+2,4.646e+0,2.536e-21,6.496e-11,,1.141e-23
315.78,6.647e+2,6.621e+2,2.646e+0,2.535e-21,6.472e-11,,1.142e-23
315.81,5.710e+2,5.699e+2,1.071e+0,2.534e-21,6.437e-11,,1.143e-23
315.83,5.103e+2,5.097e+2,5.628e-1,2.534e-21,6.413e-11,,1.143e-23
315.86,4.317e+2,4.315e+2,2.019e-1,2.533e-21,6.377e-11,,1.144e-23
315.88,3.922e+2,3.921e+2,9.790e-2,2.532e-21,6.353e-11,,1.145e-23
315.91,3.574e+2,3.573e+2,3.113e-2,2.531e-21,6.318e-11,,1.146e-23
315.93,3.513e+2,3.513e+2,1.393e-2,2.531e-21,6.294e-11,,1.146e-23
315.96,3.653e+2,3.653e+2,3.926e-3,2.530e-21,6.258e-11,,1.147e-23
315.98,3.865e+2,3.865e+2,1.621e-3,2.529e-21,6.235e-11,,1.148e-23
316.01,4.269e+2,4.269e+2,4.049e-4,2.528e-21,6.199e-11,,1.149e-23
316.03,4.538e+2,4.538e+2,1.543e-4,2.527e-21,6.175e-11,,1.149e-23
316.05,4.761e+2,4.761e+2,5.702e-5,2.527e-21,6.151e-11,,1.150e-23
316.08,4.943e+2,4.943e+2,1.255e-5,2.526e-21,6.116e-11,,1.151e-23
316.10,4.934e+2,4.934e+2,5.750e-6,2.525e-21,6.092e-11,,1.151e-23
316.13,4.713e+2,4.713e+2,9.110e-6,2.524e-21,6.056e-11,,1.152e-23
316.15,4.439e+2,4.439e+2,2.377e-5,2.523e-21,6.032e-11,,1.153e-23
316.18,3.885e+2,3.885e+2,1.049e-4,2.523e-21,5.997e-11,,1.154e-23
316.20,3.453e+2,3.453e+2,2.730e-4,2.522e-21,5.973e-11,,1.154e-23
316.23,2.774e+2,2.774e+2,1.080e-3,2.521e-21,5.937e-11,,1.155e-23
316.25,2.331e+2,2.331e+2,2.595e-3,2.520e-21,5.914e-11,,1.156e-23
316.28,1.725e+2,1.725e+2,9.109e-3,2.519e-21,5.878e-11,,1.157e-23
316.30,1.377e+2,1.376e+2,2.022e-2,2.519e-21,5.854e-11,,1.157e-23
316.33,9.538e+1,9.531e+1,6.296e-2,2.518e-21,5.818e-11,,1.158e-23
316.35,7.426e+1,7.413e+1,1.290e-1,2.517e-21,5.795e-11,,1.159e-23
316.38,5.323e+1,5.287e+1,3.565e-1,2.516e-21,5.759e-11,,1.160e-23
316.40,4.611e+1,4.543e+1,6.746e-1,2.515e-21,5.735e-11,,1.160e-23
316.43,4.529e+1,4.364e+1,1.654e+0,2.514e-21,5.699e-11,,1.161e-23
316.45,5.103e+1,4.814e+1,2.890e+0,2.514e-21,5.676e-11,,1.162e-23
316.48,6.847e+1,6.219e+1,6.287e+0,2.513e-21,5.640e-11,,1.163e-23
316.50,8.556e+1,7.542e+1,1.014e+1,2.512e-21,5.616e-11,,1.163e-23
316.53,1.183e+2,9.876e+1,1.958e+1,2.511e-21,5.581e-11,,1.164e-23
316.55,1.441e+2,1.149e+2,2.917e+1,2.511e-21,5.557e-11,,1.165e-23
316.57,1.722e+2,1.301e+2,4.209e+1,2.510e-21,5.533e-11,,1.165e-23
316.60,2.168e+2,1.481e+2,6.872e+1,2.509e-21,5.497e-11,,1.166e-23
316.62,2.468e+2,1.552e+2,9.156e+1,2.508e-21,5.474e-11,,1.167e-23
316.65,2.897e+2,1.570e+2,1.326e+2,2.507e-21,5.438e-11,,1.168e-23
316.67,3.153e+2,1.521e+2,1.632e+2,2.507e-21,5.414e-11,,1.168e-23
316.70,3.464e+2,1.366e+2,2.098e+2,2.506e-21,5.378e-11,,1.169e-23
316.72,3.606e+2,1.222e+2,2.383e+2,2.505e-21,5.355e-11,,1.170e-23
316.75,3.694e+2,9.761e+1,2.718e+2,2.504e-21,5.319e-11,,1.171e-23
316.77,3.661e+2,8.095e+1,2.851e+2,2.503e-21,5.295e-11,,1.171e-23
316.80,3.468e+2,5.823e+1,2.886e+2,2.503e-21,5.260e-11,,1.172e-23
316.82,3.253e+2,4.576e+1,2.795e+2,2.502e-21,5.236e-11,,1.173e-23
316.85,2.833e+2,3.228e+1,2.510e+2,2.501e-21,5.200e-11,,1.174e-23
316.87,2.516e+2,2.713e+1,2.245e+2,2.500e-21,5.176e-11,,1.174e-23
316.90,2.043e+2,2.539e+1,1.789e+2,2.499e-21,5.141e-11,,1.175e-23
316.92,1.759e+2,2.819e+1,1.477e+2,2.499e-21,5.117e-11,,1.176e-23
316.95,1.426e+2,3.812e+1,1.044e+2,2.498e-21,5.081e-11,,1.177e-23
316.97,1.279e+2,4.827e+1,7.964e+1,2.497e-21,5.057e-11,,1.177e-23
317.00,1.178e+2,6.780e+1,4.996e+1,2.496e-21,5.022e-11,,1.178e-23
317.02,1.180e+2,8.278e+1,3.518e+1,2.495e-21,4.998e-11,,1.179e-23
317.04,1.223e+2,9.830e+1,2.399e+1,2.495e-21,4.974e-11,,1.179e-23
317.07,1.329e+2,1.202e+2,1.273e+1,2.494e-21,4.939e-11,,1.180e-23
317.09,1.403e+2,1.322e+2,8.017e+0,2.493e-21,4.915e-11,,1.181e-23
317.12,1.477e+2,1.439e+2,3.775e+0,2.492e-21,4.879e-11,,1.182e-23
317.14,1.488e+2,1.466e+2,2.195e+0,2.492e-21,4.855e-11,,1.182e-23
317.17,1.433e+2,1.424e+2,9.174e-1,2.491e-21,4.820e-11,,1.183e-23
317.19,1.355e+2,1.350e+2,4.935e-1,2.490e-21,4.796e-11,,1.184e-23
317.22,1.198e+2,1.197e+2,1.867e-1,2.489e-21,4.760e-11,,1.185e-23
317.24,1.088e+2,1.087e+2,1.001e-1,2.488e-21,4.736e-11,,1.185e-23
317.27,9.567e+1,9.561e+1,6.095e-2,2.487e-21,4.701e-11,,1.186e-23
317.29,9.160e+1,9.153e+1,7.931e-2,2.487e-21,4.677e-11,,1.187e-23
317.32,9.624e+1,9.605e+1,1.932e-1,2.486e-21,4.641e-11,,1.188e-23
317.34,1.080e+2,1.077e+2,3.697e-1,2.485e-21,4.618e-11,,1.188e-23
317.37,1.399e+2,1.389e+2,9.417e-1,2.484e-21,4.582e-11,,1.189e-23
317.39,1.701e+2,1.684e+2,1.692e+0,2.483e-21,4.558e-11,,1.190e-23
317.42,2.262e+2,2.224e+2,3.842e+0,2.483e-21,4.522e-11,,1.191e-23
317.44,2.681e+2,2.617e+2,6.380e+0,2.482e-21,4.499e-11,,1.191e-23
317.47,3.319e+2,3.191e+2,1.287e+1,2.481e-21,4.463e-11,,1.192e-23
317.49,3.718e+2,3.520e+2,1.974e+1,2.480e-21,4.439e-11,,1.193e-23
317.52,4.230e+2,3.876e+2,3.536e+1,2.479e-21,4.403e-11,,1.193e-23
317.54,4.502e+2,4.001e+2,5.013e+1,2.479e-21,4.380e-11,,1.194e-23
317.56,4.722e+2,4.034e+2,6.888e+1,2.478e-21,4.356e-11,,1.195e-23
317.59,4.983e+2,3.938e+2,1.046e+2,2.477e-21,4.320e-11,,1.196e-23
317.61,5.139e+2,3.811e+2,1.328e+2,2.476e-21,4.296e-11,,1.196e-23
317.64,5.391e+2,3.597e+2,1.793e+2,2.475e-21,4.261e-11,,1.197e-23
317.66,5.590e+2,3.482e+2,2.108e+2,2.475e-21,4.237e-11,,1.198e-23
317.69,5.939e+2,3.401e+2,2.538e+2,2.474e-21,4.201e-11,,1.199e-23
317.71,6.194e+2,3.428e+2,2.766e+2,2.473e-21,4.178e-11,,1.199e-23
317.74,6.578e+2,3.597e+2,2.981e+2,2.472e-21,4.142e-11,,1.200e-23
317.76,6.820e+2,3.794e+2,3.027e+2,2.472e-21,4.118e-11,,1.201e-23
317.79,7.161e+2,4.214e+2,2.947e+2,2.471e-21,4.082e-11,,1.201e-23
317.81,7.389e+2,4.580e+2,2.810e+2,2.470e-21,4.059e-11,,1.202e-23
317.84,7.784e+2,5.270e+2,2.514e+2,2.469e-21,4.023e-11,,1.203e-23
317.86,8.114e+2,5.832e+2,2.282e+2,2.468e-21,3.999e-11,,1.204e-23
317.89,8.740e+2,6.817e+2,1.923e+2,2.467e-21,3.964e-11,,1.204e-23
317.91,9.237e+2,7.544e+2,1.693e+2,2.467e-21,3.940e-11,,1.205e-23
317.94,1.003e+3,8.652e+2,1.379e+2,2.466e-21,3.904e-11,,1.206e-23
317.96,1.052e+3,9.333e+2,1.192e+2,2.465e-21,3.880e-11,,1.207e-23
317.99,1.108e+3,1.013e+3,9.449e+1,2.464e-21,3.845e-11,,1.207e-23
318.01,1.125e+3,1.045e+3,7.995e+1,2.463e-21,3.821e-11,,1.208e-23
318.04,1.113e+3,1.052e+3,6.066e+1,2.463e-21,3.785e-11,,1.209e-23
318.06,1.080e+3,1.031e+3,4.940e+1,2.462e-21,3.761e-11,,1.209e-23
318.08,1.030e+3,9.908e+2,3.942e+1,2.461e-21,3.738e-11,,1.210e-23
318.11,9.320e+2,9.051e+2,2.691e+1,2.460e-21,3.702e-11,,1.211e-23
318.13,8.588e+2,8.386e+2,2.021e+1,2.460e-21,3.678e-11,,1.212e-23
318.16,7.500e+2,7.376e+2,1.250e+1,2.459e-21,3.643e-11,,1.212e-23
318.18,6.838e+2,6.751e+2,8.751e+0,2.458e-21,3.619e-11,,1.213e-23
318.21,5.987e+2,5.939e+2,4.852e+0,2.457e-21,3.583e-11,,1.214e-23
318.23,5.514e+2,5.483e+2,3.153e+0,2.456e-21,3.559e-11,,1.215e-23
318.26,4.911e+2,4.895e+2,1.559e+0,2.455e-21,3.524e-11,,1.215e-23
318.28,4.548e+2,4.539e+2,9.380e-1,2.455e-21,3.500e-11,,1.216e-23
318.31,4.012e+2,4.008e+2,4.128e-1,2.454e-21,3.464e-11,,1.217e-23
318.33,3.640e+2,3.637e+2,2.297e-1,2.453e-21,3.440e-11,,1.217e-23
318.36,3.048e+2,3.047e+2,8.985e-2,2.452e-21,3.405e-11,,1.218e-23
318.38,2.640e+2,2.639e+2,4.620e-2,2.452e-21,3.381e-11,,1.219e-23
318.41,2.034e+2,2.034e+2,1.606e-2,2.451e-21,3.345e-11,,1.220e-23
318.43,1.656e+2,1.655e+2,7.631e-3,2.450e-21,3.322e-11,,1.220e-23
318.46,1.155e+2,1.155e+2,2.356e-3,2.449e-21,3.286e-11,,1.221e-23
318.48,8.785e+1,8.785e+1,1.034e-3,2.448e-21,3.262e-11,,1.222e-23
318.51,5.579e+1,5.579e+1,2.836e-4,2.447e-21,3.226e-11,,1.223e-23
318.53,4.060e+1,4.060e+1,1.151e-4,2.447e-21,3.203e-11,,1.223e-23
318.56,2.634e+1,2.634e+1,2.802e-5,2.446e-21,3.167e-11,,1.224e-23
318.58,2.204e+1,2.204e+1,1.050e-5,2.445e-21,3.143e-11,,1.225e-23
318.60,2.162e+1,2.162e+1,3.814e-6,2.444e-21,3.119e-11,,1.225e-23
318.63,2.818e+1,2.818e+1,7.865e-7,2.444e-21,3.084e-11,,1.226e-23
318.65,3.749e+1,3.749e+1,2.639e-7,2.443e-21,3.060e-11,,1.227e-23
318.68,5.936e+1,5.936e+1,4.833e-8,2.442e-21,3.024e-11,,1.228e-23
318.70,7.933e+1,7.933e+1,1.498e-8,2.441e-21,3.001e-11,,1.228e-23
318.73,1.168e+2,1.168e+2,2.437e-9,2.440e-21,2.965e-11,,1.229e-23
318.75,1.459e+2,1.459e+2,6.979e-10,2.440e-21,2.941e-11,,1.230e-23
318.78,1.925e+2,1.925e+2,1.008e-10,2.439e-21,2.905e-11,,1.231e-23
318.80,2.230e+2,2.230e+2,2.668e-11,2.438e-21,2.882e-11,,1.231e-23
318.83,2.633e+2,2.633e+2,3.422e-12,2.437e-21,2.846e-11,,1.232e-23
318.85,2.838e+2,2.838e+2,8.366e-13,2.436e-21,2.822e-11,,1.233e-23
318.88,3.018e+2,3.018e+2,9.531e-14,2.435e-21,2.786e-11,,1.234e-23
318.90,3.047e+2,3.047e+2,2.153e-14,2.435e-21,2.763e-11,,1.234e-23
318.93,2.969e+2,2.969e+2,2.571e-14,2.434e-21,2.727e-11,,1.235e-23
318.95,2.858e+2,2.858e+2,2.850e-14,2.433e-21,2.703e-11,,1.236e-23
318.98,2.660e+2,2.660e+2,3.269e-14,2.432e-21,2.668e-11,,1.237e-23
319.00,2.547e+2,2.547e+2,3.548e-14,2.432e-21,2.644e-11,,1.237e-23
319.03,2.481e+2,2.481e+2,3.966e-14,2.431e-21,2.608e-11,,1.238e-23
319.05,2.547e+2,2.547e+2,4.246e-14,2.430e-21,2.584e-11,,1.239e-23
319.07,2.732e+2,2.732e+2,4.525e-14,2.429e-21,2.561e-11,,1.239e-23
319.10,3.274e+2,3.274e+2,4.943e-14,2.428e-21,2.525e-11,,1.240e-23
319.12,3.825e+2,3.825e+2,5.222e-14,2.428e-21,2.501e-11,,1.241e-23
319.15,4.924e+2,4.924e+2,5.641e-14,2.427e-21,2.465e-11,,1.242e-23
319.17,5.802e+2,5.802e+2,5.920e-14,2.426e-21,2.442e-11,,1.242e-23
319.20,7.229e+2,7.229e+2,6.338e-14,2.425e-21,2.406e-11,,1.243e-23
319.22,8.164e+2,8.164e+2,6.617e-14,2.424e-21,2.382e-11,,1.244e-23
319.25,9.367e+2,9.367e+2,7.036e-14,2.424e-21,2.347e-11,,1.245e-23
319.27,9.941e+2,9.941e+2,7.315e-14,2.423e-21,2.323e-11,,1.245e-23
319.30,1.034e+3,1.034e+3,7.733e-14,2.422e-21,2.287e-11,,1.246e-23
319.32,1.027e+3,1.027e+3,8.012e-14,2.421e-21,2.263e-11,,1.247e-23
319.35,9.710e+2,9.710e+2,8.431e-14,2.420e-21,2.228e-11,,1.248e-23
319.37,9.116e+2,9.116e+2,8.710e-14,2.420e-21,2.204e-11,,1.248e-23
319.40,8.099e+2,8.099e+2,9.129e-14,2.419e-21,2.168e-11,,1.249e-23
319.42,7.482e+2,7.482e+2,9.408e-14,2.418e-21,2.144e-11,,1.250e-23
319.45,6.888e+2,6.888e+2,9.826e-14,2.417e-21,2.109e-11,,1.251e-23
319.47,6.832e+2,6.832e+2,1.011e-13,2.416e-21,2.085e-11,,1.251e-23
319.50,7.381e+2,7.381e+2,1.052e-13,2.415e-21,2.049e-11,,1.252e-23
319.52,8.185e+2,8.185e+2,1.080e-13,2.415e-21,2.026e-11,,1.253e-23
319.55,9.961e+2,9.961e+2,1.122e-13,2.414e-21,1.990e-11,,1.254e-23
319.57,1.141e+3,1.141e+3,1.150e-13,2.413e-21,1.966e-11,,1.254e-23
319.59,1.294e+3,1.294e+3,1.178e-13,2.413e-21,1.942e-11,,1.255e-23
319.62,1.511e+3,1.511e+3,1.220e-13,2.412e-21,1.907e-11,,1.256e-23
319.64,1.628e+3,1.628e+3,1.248e-13,2.411e-21,1.883e-11,,1.256e-23
319.67,1.735e+3,1.735e+3,1.290e-13,2.410e-21,1.847e-11,,1.257e-23
319.69,1.751e+3,1.751e+3,1.317e-13,2.409e-21,1.823e-11,,1.258e-23
319.72,1.692e+3,1.692e+3,1.359e-13,2.408e-21,1.788e-11,,1.259e-23
319.74,1.605e+3,1.605e+3,1.387e-13,2.408e-21,1.764e-11,,1.259e-23
319.77,1.425e+3,1.425e+3,1.429e-13,2.407e-21,1.728e-11,,1.260e-23
319.79,1.289e+3,1.289e+3,1.457e-13,2.406e-21,1.705e-11,,1.261e-23
319.82,1.091e+3,1.091e+3,1.499e-13,2.405e-21,1.669e-11,,1.262e-23
319.84,9.728e+2,9.728e+2,1.527e-13,2.404e-21,1.645e-11,,1.262e-23
319.87,8.285e+2,8.285e+2,1.569e-13,2.404e-21,1.609e-11,,1.263e-23
319.89,7.537e+2,7.537e+2,1.596e-13,2.403e-21,1.586e-11,,1.264e-23
319.92,6.659e+2,6.659e+2,1.638e-13,2.402e-21,1.550e-11,,1.265e-23
319.94,6.170e+2,6.170e+2,1.666e-13,2.401e-21,1.526e-11,,1.265e-23
319.97,5.470e+2,5.470e+2,1.708e-13,2.400e-21,1.490e-11,,1.266e-23
319.99,4.983e+2,4.983e+2,1.736e-13,2.400e-21,1.467e-11,,1.267e-23
320.02,4.191e+2,4.191e+2,1.778e-13,2.399e-21,1.431e-11,,1.268e-23
320.04,3.632e+2,3.632e+2,1.806e-13,2.398e-21,1.407e-11,,1.268e-23
320.07,2.794e+2,2.794e+2,1.848e-13,2.397e-21,1.372e-11,,1.269e-23
320.09,2.266e+2,2.266e+2,1.876e-13,2.396e-21,1.348e-11,,1.270e-23
320.11,1.788e+2,1.788e+2,1.903e-13,2.396e-21,1.324e-11,,1.270e-23
320.14,1.191e+2,1.191e+2,1.945e-13,2.395e-21,1.288e-11,,1.271e-23
320.16,8.843e+1,8.843e+1,1.973e-13,2.394e-21,1.265e-11,,1.272e-23
320.19,5.630e+1,5.630e+1,2.015e-13,2.393e-21,1.229e-11,,1.273e-23
320.21,4.381e+1,4.381e+1,2.043e-13,2.393e-21,1.205e-11,,1.273e-23
320.24,3.787e+1,3.787e+1,2.085e-13,2.392e-21,1.169e-11,,1.274e-23
320.26,4.249e+1,4.249e+1,2.113e-13,2.391e-21,1.146e-11,,1.275e-23
320.29,6.326e+1,6.326e+1,2.155e-13,2.390e-21,1.110e-11,,1.276e-23
320.31,8.734e+1,8.734e+1,2.182e-13,2.389e-21,1.086e-11,,1.276e-23
320.34,1.406e+2,1.406e+2,2.224e-13,2.388e-21,1.051e-11,,1.277e-23
320.36,1.879e+2,1.879e+2,2.252e-13,2.388e-21,1.027e-11,,1.278e-23
320.39,2.756e+2,2.756e+2,2.294e-13,2.387e-21,9.911e-12,,1.279e-23
320.41,3.425e+2,3.425e+2,2.322e-13,2.386e-21,9.673e-12,,1.279e-23
320.44,4.480e+2,4.480e+2,2.364e-13,2.385e-21,9.317e-12,,1.280e-23
320.46,5.153e+2,5.153e+2,2.392e-13,2.384e-21,9.079e-12,,1.281e-23
320.49,5.998e+2,5.998e+2,2.434e-13,2.384e-21,8.722e-12,,1.281e-23
320.51,6.384e+2,6.384e+2,2.461e-13,2.383e-21,8.484e-12,,1.282e-23
320.54,6.611e+2,6.611e+2,2.503e-13,2.382e-21,8.128e-12,,1.283e-23
320.56,6.510e+2,6.510e+2,2.531e-13,2.381e-21,7.890e-12,,1.284e-23
320.58,6.214e+2,6.214e+2,2.559e-13,2.381e-21,7.652e-12,,1.284e-23
320.61,5.469e+2,5.469e+2,2.601e-13,2.380e-21,7.295e-12,,1.285e-23
320.63,4.834e+2,4.834e+2,2.629e-13,2.379e-21,7.058e-12,,1.286e-23
320.66,3.801e+2,3.801e+2,2.671e-13,2.378e-21,6.701e-12,,1.287e-23
320.68,3.130e+2,3.130e+2,2.699e-13,2.377e-21,6.463e-12,,1.287e-23
320.71,2.252e+2,2.252e+2,2.741e-13,2.376e-21,6.106e-12,,1.288e-23
320.73,1.796e+2,1.796e+2,2.768e-13,2.376e-21,5.869e-12,,1.289e-23
320.76,1.353e+2,1.353e+2,2.810e-13,2.375e-21,5.512e-12,,1.289e-23
320.78,1.235e+2,1.235e+2,2.838e-13,2.374e-21,5.274e-12,,1.290e-23
320.81,1.346e+2,1.346e+2,2.880e-13,2.373e-21,4.918e-12,,1.291e-23
320.83,1.622e+2,1.622e+2,2.908e-13,2.373e-21,4.680e-12,,1.292e-23
320.86,2.352e+2,2.352e+2,2.950e-13,2.372e-21,4.323e-12,,1.292e-23
320.88,3.056e+2,3.056e+2,2.978e-13,2.371e-21,4.085e-12,,1.293e-23
320.91,4.432e+2,4.432e+2,3.020e-13,2.370e-21,3.729e-12,,1.294e-23
320.93,5.546e+2,5.546e+2,3.047e-13,2.369e-21,3.491e-12,,1.295e-23
320.96,7.457e+2,7.457e+2,3.089e-13,2.368e-21,3.134e-12,,1.295e-23
320.98,8.842e+2,8.842e+2,3.117e-13,2.368e-21,2.896e-12,,1.296e-23
321.01,1.098e+3,1.098e+3,3.159e-13,2.367e-21,2.540e-12,,1.297e-23
321.03,1.238e+3,1.238e+3,3.187e-13,2.366e-21,2.302e-12,,1.297e-23
321.06,1.433e+3,1.433e+3,3.229e-13,2.365e-21,1.945e-12,,1.298e-23
321.08,1.550e+3,1.550e+3,3.257e-13,2.364e-21,1.707e-12,,1.299e-23
321.10,1.653e+3,1.653e+3,3.285e-13,2.364e-21,1.469e-12,,1.300e-23
321.13,1.785e+3,1.785e+3,3.326e-13,2.363e-21,1.113e-12,,1.300e-23
321.15,1.861e+3,1.861e+3,3.354e-13,2.362e-21,8.750e-13,,1.301e-23
321.18,1.969e+3,1.969e+3,3.396e-13,2.361e-21,5.183e-13,,1.302e-23
321.20,2.047e+3,2.047e+3,3.424e-13,2.361e-21,2.805e-13,,1.303e-23
321.23,2.187e+3,2.187e+3,3.466e-13,2.360e-21,2.553e-12,,1.303e-23
321.25,2.302e+3,2.302e+3,3.494e-13,2.359e-21,1.071e-11,,1.304e-23
321.28,2.510e+3,2.510e+3,3.536e-13,2.358e-21,8.678e-11,,1.305e-23
321.30,2.664e+3,2.664e+3,3.564e-13,2.357e-21,3.370e-10,,1.305e-23
321.33,2.896e+3,2.896e+3,3.606e-13,2.356e-21,2.433e-9,,1.306e-23
321.35,3.030e+3,3.030e+3,3.633e-13,2.356e-21,8.748e-9,,1.307e-23
321.38,3.165e+3,3.165e+3,3.675e-13,2.355e-21,5.628e-8,,1.308e-23
321.40,3.193e+3,3.193e+3,3.703e-13,2.354e-21,1.873e-7,,1.308e-23
321.43,3.128e+3,3.128e+3,3.745e-13,2.353e-21,1.073e-6,,1.309e-23
321.45,3.016e+3,3.016e+3,3.773e-13,2.353e-21,3.307e-6,,1.310e-23
321.48,2.762e+3,2.762e+3,3.815e-13,2.352e-21,1.688e-5,,1.311e-23
321.50,2.555e+3,2.555e+3,3.843e-13,2.351e-21,4.816e-5,,1.311e-23
321.53,2.222e+3,2.222e+3,3.885e-13,2.350e-21,2.190e-4,,1.312e-23
321.55,2.003e+3,2.003e+3,3.912e-13,2.349e-21,5.784e-4,,1.313e-23
321.58,1.701e+3,1.701e+3,3.954e-13,2.348e-21,2.343e-3,,1.314e-23
321.60,1.524e+3,1.524e+3,3.982e-13,2.348e-21,5.730e-3,,1.314e-23
321.62,1.370e+3,1.370e+3,4.010e-13,2.347e-21,1.358e-2,,1.315e-23
321.65,1.180e+3,1.180e+3,4.052e-13,2.346e-21,4.681e-2,,1.316e-23
321.67,1.079e+3,1.079e+3,4.080e-13,2.345e-21,1.027e-1,,1.316e-23
321.70,9.684e+2,9.681e+2,4.122e-13,2.344e-21,3.154e-1,,1.317e-23
321.72,9.216e+2,9.210e+2,4.150e-13,2.344e-21,6.409e-1,,1.318e-23
321.75,8.967e+2,8.950e+2,4.191e-13,2.343e-21,1.752e+0,,1.319e-23
321.77,9.132e+2,9.099e+2,4.219e-13,2.342e-21,3.297e+0,,1.319e-23
321.80,9.914e+2,9.833e+2,4.261e-13,2.341e-21,8.031e+0,,1.320e-23
321.82,1.079e+3,1.065e+3,1.861e-12,2.341e-21,1.399e+1,,1.321e-23
321.85,1.258e+3,1.228e+3,1.604e-11,2.340e-21,3.035e+1,,1.322e-23
321.87,1.403e+3,1.354e+3,6.489e-11,2.339e-21,4.895e+1,,1.322e-23
321.90,1.646e+3,1.551e+3,4.984e-10,2.338e-21,9.462e+1,,1.323e-23
321.92,1.815e+3,1.674e+3,1.867e-9,2.337e-21,1.413e+2,,1.324e-23
321.95,2.075e+3,1.831e+3,1.278e-8,2.336e-21,2.433e+2,,1.325e-23
321.97,2.250e+3,1.914e+3,4.434e-8,2.336e-21,3.363e+2,,1.325e-23
322.00,2.525e+3,2.009e+3,2.705e-7,2.335e-21,5.159e+2,,1.326e-23
322.02,2.722e+3,2.062e+3,8.691e-7,2.334e-21,6.603e+2,,1.327e-23
322.05,3.047e+3,2.145e+3,4.725e-6,2.333e-21,9.028e+2,,1.328e-23
322.07,3.282e+3,2.211e+3,1.406e-5,2.333e-21,1.070e+3,,1.328e-23
322.10,3.639e+3,2.334e+3,6.812e-5,2.332e-21,1.306e+3,,1.329e-23
322.12,3.860e+3,2.424e+3,1.877e-4,2.331e-21,1.436e+3,,1.330e-23
322.14,4.044e+3,2.510e+3,5.016e-4,2.330e-21,1.534e+3,,1.330e-23
322.17,4.211e+3,2.604e+3,2.068e-3,2.329e-21,1.607e+3,,1.331e-23
322.19,4.229e+3,2.623e+3,5.118e-3,2.329e-21,1.606e+3,,1.332e-23
322.22,4.108e+3,2.564e+3,1.881e-2,2.328e-21,1.544e+3,,1.333e-23
322.24,3.943e+3,2.464e+3,4.311e-2,2.327e-21,1.479e+3,,1.333e-23
322.27,3.623e+3,2.240e+3,1.412e-1,2.326e-21,1.382e+3,,1.334e-23
322.29,3.407e+3,2.064e+3,2.996e-1,2.325e-21,1.342e+3,,1.335e-23
322.32,3.165e+3,1.814e+3,8.746e-1,2.324e-21,1.351e+3,,1.336e-23
322.34,3.104e+3,1.689e+3,1.719e+0,2.324e-21,1.413e+3,,1.336e-23
322.37,3.212e+3,1.617e+3,4.472e+0,2.323e-21,1.590e+3,,1.337e-23
322.39,3.427e+3,1.667e+3,8.139e+0,2.322e-21,1.751e+3,,1.338e-23
322.42,3.941e+3,1.903e+3,1.887e+1,2.321e-21,2.019e+3,,1.339e-23
322.44,4.376e+3,2.159e+3,3.181e+1,2.321e-21,2.186e+3,,1.339e-23
322.47,5.083e+3,2.648e+3,6.571e+1,2.320e-21,2.369e+3,,1.340e-23
322.49,5.534e+3,3.008e+3,1.026e+2,2.319e-21,2.423e+3,,1.341e-23
322.52,6.092e+3,3.523e+3,1.889e+2,2.318e-21,2.379e+3,,1.342e-23
322.54,6.346e+3,3.806e+3,2.731e+2,2.317e-21,2.267e+3,,1.342e-23
322.57,6.519e+3,4.078e+3,4.481e+2,2.316e-21,1.993e+3,,1.343e-23
322.59,6.499e+3,4.139e+3,5.999e+2,2.316e-21,1.761e+3,,1.344e-23
322.61,6.388e+3,4.099e+3,7.789e+2,2.315e-21,1.509e+3,,1.344e-23
322.64,6.094e+3,3.875e+3,1.088e+3,2.314e-21,1.131e+3,,1.345e-23
322.66,5.847e+3,3.641e+3,1.308e+3,2.314e-21,8.976e+2,,1.346e-23
322.69,5.447e+3,3.220e+3,1.628e+3,2.313e-21,5.993e+2,,1.347e-23
322.71,5.175e+3,2.922e+3,1.813e+3,2.312e-21,4.406e+2,,1.347e-23
322.74,4.765e+3,2.493e+3,2.011e+3,2.311e-21,2.622e+2,,1.348e-23
322.76,4.484e+3,2.232e+3,2.073e+3,2.310e-21,1.787e+2,,1.349e-23
322.79,4.036e+3,1.891e+3,2.050e+3,2.309e-21,9.540e+1,,1.350e-23
322.81,3.715e+3,1.696e+3,1.957e+3,2.309e-21,6.132e+1,,1.350e-23
322.84,3.208e+3,1.450e+3,1.724e+3,2.308e-21,3.308e+1,,1.351e-23
322.86,2.865e+3,1.314e+3,1.525e+3,2.307e-21,2.607e+1,,1.352e-23
322.89,2.380e+3,1.150e+3,1.197e+3,2.306e-21,3.190e+1,,1.353e-23
322.91,2.097e+3,1.067e+3,9.807e+2,2.305e-21,4.913e+1,,1.353e-23
322.94,1.773e+3,9.803e+2,6.862e+2,2.304e-21,1.064e+2,,1.354e-23
322.96,1.642e+3,9.446e+2,5.205e+2,2.304e-21,1.774e+2,,1.355e-23
322.99,1.606e+3,9.168e+2,3.246e+2,2.303e-21,3.645e+2,,1.356e-23
323.01,1.706e+3,9.096e+2,2.280e+2,2.302e-21,5.682e+2,,1.356e-23
323.04,2.076e+3,9.051e+2,1.267e+2,2.301e-21,1.045e+3,,1.357e-23
323.06,2.493e+3,9.016e+2,8.242e+1,2.301e-21,1.509e+3,,1.358e-23
323.09,3.408e+3,8.920e+2,4.082e+1,2.300e-21,2.476e+3,,1.359e-23
323.11,4.223e+3,8.832e+2,2.459e+1,2.299e-21,3.315e+3,,1.359e-23
323.13,5.196e+3,8.749e+2,1.437e+1,2.298e-21,4.307e+3,,1.360e-23
323.16,6.902e+3,8.695e+2,6.056e+0,2.297e-21,6.026e+3,,1.361e-23
323.18,8.139e+3,8.747e+2,3.276e+0,2.297e-21,7.261e+3,,1.361e-23
323.21,9.984e+3,8.994e+2,1.231e+0,2.296e-21,9.083e+3,,1.362e-23
323.23,1.109e+4,9.265e+2,6.167e-1,2.295e-21,1.016e+4,,1.363e-23
323.26,1.237e+4,9.762e+2,2.065e-1,2.294e-21,1.139e+4,,1.364e-23
323.28,1.287e+4,1.009e+3,9.580e-2,2.294e-21,1.186e+4,,1.364e-23
323.31,1.301e+4,1.044e+3,2.858e-2,2.293e-21,1.197e+4,,1.365e-23
323.33,1.269e+4,1.051e+3,1.228e-2,2.292e-21,1.164e+4,,1.366e-23
323.36,1.167e+4,1.027e+3,3.266e-3,2.291e-21,1.065e+4,,1.367e-23
323.38,1.072e+4,9.859e+2,1.300e-3,2.290e-21,9.734e+3,,1.367e-23
323.41,9.053e+3,8.898e+2,3.080e-4,2.289e-21,8.163e+3,,1.368e-23
323.43,7.885e+3,8.069e+2,1.135e-4,2.289e-21,7.078e+3,,1.369e-23
323.46,6.191e+3,6.655e+2,2.397e-5,2.288e-21,5.525e+3,,1.369e-23
323.48,5.158e+3,5.672e+2,8.182e-6,2.287e-21,4.590e+3,,1.370e-23
323.51,3.808e+3,4.256e+2,1.540e-6,2.286e-21,3.382e+3,,1.371e-23
323.53,3.052e+3,3.405e+2,4.867e-7,2.285e-21,2.712e+3,,1.372e-23
323.56,2.130e+3,2.331e+2,8.165e-8,2.284e-21,1.897e+3,,1.372e-23
323.58,1.644e+3,1.768e+2,2.390e-8,2.284e-21,1.467e+3,,1.373e-23
323.61,1.084e+3,1.160e+2,3.573e-9,2.283e-21,9.684e+2,,1.374e-23
323.63,8.082e+2,9.060e+1,9.684e-10,2.282e-21,7.176e+2,,1.375e-23
323.65,5.979e+2,7.678e+1,2.546e-10,2.282e-21,5.211e+2,,1.375e-23
323.68,3.863e+2,7.686e+1,3.239e-11,2.281e-21,3.095e+2,,1.376e-23
323.70,3.028e+2,9.053e+1,7.885e-12,2.280e-21,2.123e+2,,1.377e-23
323.73,2.464e+2,1.315e+2,8.940e-13,2.279e-21,1.150e+2,,1.377e-23
323.75,2.462e+2,1.723e+2,8.789e-13,2.278e-21,7.391e+1,,1.378e-23
323.78,2.883e+2,2.521e+2,8.562e-13,2.277e-21,3.625e+1,,1.379e-23
323.80,3.373e+2,3.154e+2,8.410e-13,2.277e-21,2.190e+1,,1.380e-23
323.83,4.290e+2,4.188e+2,8.183e-13,2.276e-21,1.025e+1,,1.380e-23
323.85,4.943e+2,4.875e+2,8.032e-13,2.275e-21,6.799e+0,,1.381e-23
323.88,5.848e+2,5.785e+2,7.805e-13,2.274e-21,6.219e+0,,1.382e-23
323.90,6.333e+2,6.243e+2,7.653e-13,2.274e-21,8.909e+0,,1.383e-23
323.93,6.808e+2,6.611e+2,7.426e-13,2.273e-21,1.967e+1,,1.383e-23
323.95,6.953e+2,6.612e+2,7.275e-13,2.272e-21,3.404e+1,,1.384e-23
323.98,6.993e+2,6.248e+2,7.048e-13,2.271e-21,7.447e+1,,1.385e-23
324.00,7.006e+2,5.795e+2,6.896e-13,2.270e-21,1.211e+2,,1.385e-23
324.03,7.273e+2,4.899e+2,6.669e-13,2.269e-21,2.374e+2,,1.386e-23
324.05,7.810e+2,4.230e+2,6.518e-13,2.269e-21,3.579e+2,,1.387e-23
324.08,9.508e+2,3.248e+2,6.291e-13,2.268e-21,6.260e+2,,1.388e-23
324.10,1.142e+3,2.673e+2,6.139e-13,2.267e-21,8.749e+2,,1.388e-23
324.13,1.567e+3,2.022e+2,5.912e-13,2.266e-21,1.365e+3,,1.389e-23
324.15,1.945e+3,1.765e+2,5.761e-13,2.265e-21,1.768e+3,,1.390e-23
324.17,2.388e+3,1.670e+2,5.610e-13,2.265e-21,2.221e+3,,1.391e-23
324.20,3.139e+3,1.848e+2,5.382e-13,2.264e-21,2.955e+3,,1.391e-23
324.22,3.658e+3,2.183e+2,5.231e-13,2.263e-21,3.440e+3,,1.392e-23
324.25,4.381e+3,2.989e+2,5.004e-13,2.262e-21,4.082e+3,,1.393e-23
324.27,4.775e+3,3.700e+2,4.853e-13,2.262e-21,4.405e+3,,1.393e-23
324.30,5.157e+3,4.939e+2,4.625e-13,2.261e-21,4.663e+3,,1.394e-23
324.32,5.244e+3,5.809e+2,4.474e-13,2.260e-21,4.663e+3,,1.395e-23
324.35,5.108e+3,7.030e+2,4.247e-13,2.259e-21,4.405e+3,,1.396e-23
324.37,4.852e+3,7.696e+2,4.096e-13,2.258e-21,4.082e+3,,1.396e-23
324.40,4.273e+3,8.334e+2,3.868e-13,2.257e-21,3.440e+3,,1.397e-23
324.42,3.801e+3,8.464e+2,3.717e-13,2.257e-21,2.955e+3,,1.398e-23
324.45,3.040e+3,8.189e+2,3.490e-13,2.256e-21,2.221e+3,,1.399e-23
324.47,2.540e+3,7.720e+2,3.339e-13,2.255e-21,1.768e+3,,1.399e-23
324.50,1.856e+3,6.697e+2,3.111e-13,2.254e-21,1.186e+3,,1.400e-23
324.52,1.464e+3,5.890e+2,2.960e-13,2.254e-21,8.749e+2,,1.401e-23
324.55,9.891e+2,4.656e+2,2.733e-13,2.253e-21,5.236e+2,,1.402e-23
324.57,7.483e+2,3.904e+2,2.582e-13,2.252e-21,3.579e+2,,1.402e-23
324.60,4.905e+2,2.994e+2,2.354e-13,2.251e-21,1.911e+2,,1.403e-23
324.62,3.783e+2,2.572e+2,2.203e-13,2.250e-21,1.211e+2,,1.404e-23
324.64,3.053e+2,2.309e+2,2.052e-13,2.250e-21,7.441e+1,,1.404e-23
324.67,2.530e+2,2.191e+2,1.825e-13,2.249e-21,3.386e+1,,1.405e-23
324.69,2.459e+2,2.267e+2,1.673e-13,2.248e-21,1.929e+1,,1.406e-23
324.72,2.611e+2,2.533e+2,1.446e-13,2.247e-21,7.831e+0,,1.407e-23
324.74,2.800e+2,2.759e+2,1.295e-13,2.246e-21,4.134e+0,,1.407e-23
324.77,3.094e+2,3.079e+2,1.068e-13,2.245e-21,1.497e+0,,1.408e-23
324.79,3.240e+2,3.233e+2,9.162e-14,2.245e-21,7.325e-1,,1.409e-23
324.82,3.318e+2,3.316e+2,6.891e-14,2.244e-21,2.367e-1,,1.410e-23
324.84,3.258e+2,3.257e+2,5.377e-14,2.243e-21,1.073e-1,,1.410e-23
324.87,3.003e+2,3.003e+2,3.107e-14,2.242e-21,3.094e-2,,1.411e-23
324.89,2.740e+2,2.740e+2,1.593e-14,2.242e-21,1.300e-2,,1.412e-23
324.92,2.258e+2,2.258e+2,1.583e-13,2.241e-21,3.344e-3,,1.413e-23
324.94,1.912e+2,1.912e+2,6.652e-13,2.240e-21,1.302e-3,,1.413e-23
324.97,1.411e+2,1.411e+2,5.415e-12,2.239e-21,2.989e-4,,1.414e-23
324.99,1.113e+2,1.113e+2,2.111e-11,2.238e-21,1.078e-4,,1.415e-23
325.02,7.482e+1,7.482e+1,1.536e-10,2.237e-21,2.208e-5,,1.416e-23
325.04,5.683e+1,5.683e+1,5.555e-10,2.237e-21,7.385e-6,,1.416e-23
325.07,3.972e+1,3.972e+1,3.613e-9,2.236e-21,1.349e-6,,1.417e-23
325.09,3.494e+1,3.494e+1,1.213e-8,2.235e-21,4.181e-7,,1.418e-23
325.12,3.793e+1,3.793e+1,7.050e-8,2.234e-21,6.814e-8,,1.419e-23
325.14,4.709e+1,4.709e+1,2.196e-7,2.234e-21,1.957e-8,,1.419e-23
325.16,6.257e+1,6.257e+1,6.637e-7,2.233e-21,5.454e-9,,1.420e-23
325.19,9.897e+1,9.897e+1,3.298e-6,2.232e-21,7.576e-10,,1.421e-23
325.21,1.328e+2,1.328e+2,9.252e-6,2.231e-21,1.956e-10,,1.421e-23
325.24,1.987e+2,1.987e+2,4.110e-5,2.230e-21,2.425e-11,,1.422e-23
325.26,2.519e+2,2.519e+2,1.070e-4,2.230e-21,5.802e-12,,1.423e-23
325.29,3.426e+2,3.425e+2,4.251e-4,2.229e-21,5.772e-12,,1.424e-23
325.31,4.066e+2,4.066e+2,1.027e-3,2.228e-21,5.751e-12,,1.424e-23
325.34,5.000e+2,5.000e+2,3.648e-3,2.227e-21,5.721e-12,,1.425e-23
325.36,5.546e+2,5.546e+2,8.183e-3,2.226e-21,5.700e-12,,1.426e-23
325.39,6.154e+2,6.154e+2,2.599e-2,2.225e-21,5.669e-12,,1.427e-23
325.41,6.372e+2,6.372e+2,5.411e-2,2.225e-21,5.649e-12,,1.427e-23
325.44,6.372e+2,6.371e+2,1.537e-1,2.224e-21,5.618e-12,,1.428e-23
325.46,6.154e+2,6.151e+2,2.971e-1,2.223e-21,5.598e-12,,1.429e-23
325.49,5.541e+2,5.533e+2,7.548e-1,2.222e-21,5.567e-12,,1.430e-23
325.51,4.989e+2,4.976e+2,1.354e+0,2.222e-21,5.547e-12,,1.430e-23
325.54,4.052e+2,4.021e+2,3.077e+0,2.221e-21,5.516e-12,,1.431e-23
325.56,3.417e+2,3.365e+2,5.126e+0,2.220e-21,5.496e-12,,1.432e-23
325.59,2.544e+2,2.440e+2,1.042e+1,2.219e-21,5.465e-12,,1.433e-23
325.61,2.060e+2,1.899e+2,1.611e+1,2.218e-21,5.445e-12,,1.433e-23
325.64,1.527e+2,1.234e+2,2.931e+1,2.217e-21,5.414e-12,,1.434e-23
325.66,1.313e+2,8.926e+1,4.208e+1,2.217e-21,5.393e-12,,1.435e-23
325.68,1.213e+2,6.268e+1,5.865e+1,2.216e-21,5.373e-12,,1.435e-23
325.71,1.262e+2,3.489e+1,9.128e+1,2.215e-21,5.342e-12,,1.436e-23
325.73,1.409e+2,2.275e+1,1.181e+2,2.214e-21,5.322e-12,,1.437e-23
325.76,1.758e+2,1.133e+1,1.645e+2,2.214e-21,5.291e-12,,1.438e-23
325.78,2.046e+2,6.861e+0,1.977e+2,2.213e-21,5.271e-12,,1.438e-23
325.81,2.494e+2,3.056e+0,2.463e+2,2.212e-21,5.240e-12,,1.439e-23
325.83,2.766e+2,1.717e+0,2.749e+2,2.211e-21,5.220e-12,,1.440e-23
325.86,3.072e+2,6.834e-1,3.065e+2,2.210e-21,5.189e-12,,1.441e-23
325.88,3.180e+2,3.563e-1,3.176e+2,2.210e-21,5.168e-12,,1.441e-23
325.91,3.171e+2,1.268e-1,3.169e+2,2.209e-21,5.138e-12,,1.442e-23
325.93,3.050e+2,6.147e-2,3.050e+2,2.208e-21,5.117e-12,,1.443e-23
325.96,2.723e+2,2.020e-2,2.723e+2,2.207e-21,5.087e-12,,1.444e-23
325.98,2.433e+2,1.048e-2,2.433e+2,2.206e-21,5.066e-12,,1.444e-23
326.01,1.944e+2,8.687e-3,1.944e+2,2.205e-21,5.036e-12,,1.445e-23
326.03,1.614e+2,1.499e-2,1.613e+2,2.205e-21,5.015e-12,,1.446e-23
326.06,1.154e+2,4.473e-2,1.154e+2,2.204e-21,4.984e-12,,1.447e-23
326.08,8.899e+1,9.285e-2,8.889e+1,2.203e-21,4.964e-12,,1.447e-23
326.11,5.714e+1,2.641e-1,5.688e+1,2.202e-21,4.933e-12,,1.448e-23
326.13,4.121e+1,5.111e-1,4.070e+1,2.202e-21,4.913e-12,,1.449e-23
326.15,2.923e+1,9.598e-1,2.827e+1,2.201e-21,4.892e-12,,1.449e-23
326.18,1.782e+1,2.335e+0,1.548e+1,2.200e-21,4.862e-12,,1.450e-23
326.20,1.405e+1,4.068e+0,9.987e+0,2.199e-21,4.841e-12,,1.451e-23
326.23,1.374e+1,8.842e+0,4.894e+0,2.198e-21,4.811e-12,,1.452e-23
326.25,1.722e+1,1.429e+1,2.931e+0,2.198e-21,4.790e-12,,1.452e-23
326.28,2.904e+1,2.776e+1,1.285e+0,2.197e-21,4.760e-12,,1.453e-23
326.30,4.233e+1,4.162e+1,7.146e-1,2.196e-21,4.739e-12,,1.454e-23
326.33,7.252e+1,7.224e+1,2.803e-1,2.195e-21,4.708e-12,,1.455e-23
326.35,1.006e+2,1.005e+2,1.447e-1,2.195e-21,4.688e-12,,1.455e-23
326.38,1.559e+2,1.558e+2,5.078e-2,2.194e-21,4.657e-12,,1.456e-23
326.40,2.011e+2,2.011e+2,2.434e-2,2.193e-21,4.637e-12,,1.457e-23
326.43,2.787e+2,2.787e+2,7.640e-3,2.192e-21,4.606e-12,,1.457e-23
326.45,3.337e+2,3.337e+2,3.400e-3,2.191e-21,4.586e-12,,1.458e-23
326.48,4.133e+2,4.133e+2,9.545e-4,2.190e-21,4.555e-12,,1.459e-23
326.50,4.590e+2,4.590e+2,3.943e-4,2.190e-21,4.535e-12,,1.460e-23
326.53,5.080e+2,5.080e+2,9.901e-5,2.189e-21,4.504e-12,,1.460e-23
326.55,5.234e+2,5.234e+2,3.797e-5,2.188e-21,4.484e-12,,1.461e-23
326.58,5.176e+2,5.176e+2,8.525e-6,2.187e-21,4.453e-12,,1.462e-23
326.60,4.948e+2,4.948e+2,3.035e-6,2.186e-21,4.432e-12,,1.463e-23
326.63,4.373e+2,4.373e+2,6.093e-7,2.185e-21,4.402e-12,,1.463e-23
326.65,3.881e+2,3.881e+2,2.013e-7,2.185e-21,4.381e-12,,1.464e-23
326.67,3.344e+2,3.344e+2,6.455e-8,2.184e-21,4.361e-12,,1.465e-23
326.70,2.535e+2,2.535e+2,1.108e-8,2.183e-21,4.330e-12,,1.465e-23
326.72,2.040e+2,2.040e+2,3.298e-9,2.183e-21,4.310e-12,,1.466e-23
326.75,1.423e+2,1.423e+2,5.063e-10,2.182e-21,4.279e-12,,1.467e-23
326.77,1.115e+2,1.115e+2,1.398e-10,2.181e-21,4.259e-12,,1.468e-23
326.80,8.291e+1,8.291e+1,1.919e-11,2.180e-21,4.228e-12,,1.468e-23
326.82,7.610e+1,7.610e+1,4.918e-12,2.179e-21,4.208e-12,,1.469e-23
326.85,8.489e+1,8.489e+1,5.335e-13,2.178e-21,4.177e-12,,1.470e-23
326.87,1.037e+2,1.037e+2,1.275e-13,2.178e-21,4.156e-12,,1.471e-23
326.90,1.518e+2,1.518e+2,1.274e-13,2.177e-21,4.126e-12,,1.471e-23
326.92,1.966e+2,1.966e+2,1.274e-13,2.176e-21,4.105e-12,,1.472e-23
326.95,2.805e+2,2.805e+2,1.273e-13,2.175e-21,4.075e-12,,1.473e-23
326.97,3.446e+2,3.446e+2,1.272e-13,2.175e-21,4.054e-12,,1.473e-23
327.00,4.451e+2,4.451e+2,1.271e-13,2.174e-21,4.024e-12,,1.474e-23
327.02,5.090e+2,5.090e+2,1.271e-13,2.173e-21,4.003e-12,,1.475e-23
327.05,5.887e+2,5.887e+2,1.270e-13,2.172e-21,3.972e-12,,1.476e-23
327.07,6.250e+2,6.250e+2,1.269e-13,2.171e-21,3.952e-12,,1.476e-23
327.10,6.463e+2,6.463e+2,1.268e-13,2.170e-21,3.921e-12,,1.477e-23
327.12,6.368e+2,6.368e+2,1.267e-13,2.170e-21,3.901e-12,,1.478e-23
327.15,5.887e+2,5.887e+2,1.266e-13,2.169e-21,3.870e-12,,1.479e-23
327.17,5.382e+2,5.382e+2,1.266e-13,2.168e-21,3.850e-12,,1.479e-23
327.19,4.775e+2,4.775e+2,1.265e-13,2.167e-21,3.829e-12,,1.480e-23
327.22,3.773e+2,3.773e+2,1.264e-13,2.166e-21,3.799e-12,,1.481e-23
327.24,3.106e+2,3.106e+2,1.263e-13,2.166e-21,3.778e-12,,1.481e-23
327.27,2.194e+2,2.194e+2,1.262e-13,2.165e-21,3.747e-12,,1.482e-23
327.29,1.676e+2,1.676e+2,1.262e-13,2.164e-21,3.727e-12,,1.483e-23
327.32,1.058e+2,1.058e+2,1.261e-13,2.163e-21,3.696e-12,,1.484e-23
327.34,7.503e+1,7.503e+1,1.260e-13,2.163e-21,3.676e-12,,1.484e-23
327.37,4.235e+1,4.235e+1,1.259e-13,2.162e-21,3.645e-12,,1.485e-23
327.39,2.786e+1,2.786e+1,1.258e-13,2.161e-21,3.625e-12,,1.486e-23
327.42,1.406e+1,1.406e+1,1.257e-13,2.160e-21,3.594e-12,,1.487e-23
327.44,8.582e+0,8.582e+0,1.257e-13,2.159e-21,3.574e-12,,1.487e-23
327.47,3.874e+0,3.874e+0,1.256e-13,2.158e-21,3.543e-12,,1.488e-23
327.49,2.201e+0,2.201e+0,1.255e-13,2.158e-21,3.523e-12,,1.489e-23
327.52,9.115e-1,9.115e-1,1.254e-13,2.157e-21,3.492e-12,,1.490e-23
327.54,5.227e-1,5.227e-1,1.253e-13,2.156e-21,3.471e-12,,1.490e-23
327.57,3.348e-1,3.348e-1,1.252e-13,2.155e-21,3.441e-12,,1.491e-23
327.59,4.084e-1,4.084e-1,1.252e-13,2.155e-21,3.420e-12,,1.492e-23
327.62,8.693e-1,8.693e-1,1.251e-13,2.154e-21,3.390e-12,,1.493e-23
327.64,1.540e+0,1.540e+0,1.250e-13,2.153e-21,3.369e-12,,1.493e-23
327.67,3.530e+0,3.530e+0,1.249e-13,2.152e-21,3.339e-12,,1.494e-23
327.69,5.937e+0,5.937e+0,1.248e-13,2.151e-21,3.318e-12,,1.495e-23
327.71,9.696e+0,9.696e+0,1.248e-13,2.151e-21,3.298e-12,,1.495e-23
327.74,1.914e+1,1.914e+1,1.247e-13,2.150e-21,3.267e-12,,1.496e-23
327.76,2.903e+1,2.903e+1,1.246e-13,2.149e-21,3.247e-12,,1.497e-23
327.79,5.128e+1,5.128e+1,1.245e-13,2.148e-21,3.216e-12,,1.498e-23
327.81,7.220e+1,7.220e+1,1.244e-13,2.147e-21,3.195e-12,,1.498e-23
327.84,1.141e+2,1.141e+2,1.244e-13,2.146e-21,3.165e-12,,1.499e-23
327.86,1.492e+2,1.492e+2,1.243e-13,2.146e-21,3.144e-12,,1.500e-23
327.89,2.110e+2,2.110e+2,1.242e-13,2.145e-21,3.114e-12,,1.501e-23
327.91,2.562e+2,2.562e+2,1.241e-13,2.144e-21,3.093e-12,,1.501e-23
327.94,3.246e+2,3.246e+2,1.240e-13,2.143e-21,3.063e-12,,1.502e-23
327.96,3.665e+2,3.665e+2,1.240e-13,2.143e-21,3.042e-12,,1.503e-23
327.99,4.170e+2,4.170e+2,1.239e-13,2.142e-21,3.011e-12,,1.504e-23
328.01,4.389e+2,4.389e+2,1.238e-13,2.141e-21,2.991e-12,,1.504e-23
328.04,4.510e+2,4.510e+2,1.237e-13,2.140e-21,2.960e-12,,1.505e-23
328.06,4.453e+2,4.453e+2,1.236e-13,2.139e-21,2.940e-12,,1.506e-23
328.09,4.194e+2,4.194e+2,1.235e-13,2.138e-21,2.909e-12,,1.507e-23
328.11,3.940e+2,3.940e+2,1.235e-13,2.138e-21,2.889e-12,,1.507e-23
328.14,3.506e+2,3.506e+2,1.234e-13,2.137e-21,2.858e-12,,1.508e-23
328.16,3.219e+2,3.219e+2,1.233e-13,2.136e-21,2.838e-12,,1.509e-23
328.18,2.956e+2,2.956e+2,1.232e-13,2.135e-21,2.817e-12,,1.509e-23
328.21,2.627e+2,2.627e+2,1.231e-13,2.135e-21,2.787e-12,,1.510e-23
328.23,2.453e+2,2.453e+2,1.231e-13,2.134e-21,2.766e-12,,1.511e-23
328.26,2.245e+2,2.245e+2,1.230e-13,2.133e-21,2.735e-12,,1.512e-23
328.28,2.128e+2,2.128e+2,1.229e-13,2.132e-21,2.715e-12,,1.512e-23
328.31,1.972e+2,1.972e+2,1.228e-13,2.131e-21,2.684e-12,,1.513e-23
328.33,1.883e+2,1.883e+2,1.227e-13,2.131e-21,2.664e-12,,1.514e-23
328.36,1.798e+2,1.798e+2,1.226e-13,2.130e-21,2.633e-12,,1.515e-23
328.38,1.806e+2,1.806e+2,1.226e-13,2.129e-21,2.613e-12,,1.515e-23
328.41,1.987e+2,1.987e+2,1.225e-13,2.128e-21,2.582e-12,,1.516e-23
328.43,2.272e+2,2.272e+2,1.224e-13,2.127e-21,2.562e-12,,1.517e-23
328.46,3.027e+2,3.027e+2,1.223e-13,2.126e-21,2.531e-12,,1.518e-23
328.48,3.786e+2,3.786e+2,1.222e-13,2.126e-21,2.511e-12,,1.518e-23
328.51,5.325e+2,5.325e+2,1.221e-13,2.125e-21,2.480e-12,,1.519e-23
328.53,6.595e+2,6.595e+2,1.221e-13,2.124e-21,2.459e-12,,1.520e-23
328.56,8.747e+2,8.747e+2,1.220e-13,2.123e-21,2.429e-12,,1.521e-23
328.58,1.024e+3,1.024e+3,1.219e-13,2.123e-21,2.408e-12,,1.521e-23
328.61,1.231e+3,1.231e+3,1.218e-13,2.122e-21,2.378e-12,,1.522e-23
328.63,1.344e+3,1.344e+3,1.217e-13,2.121e-21,2.357e-12,,1.523e-23
328.66,1.451e+3,1.451e+3,1.217e-13,2.120e-21,2.326e-12,,1.524e-23
328.68,1.472e+3,1.472e+3,1.216e-13,2.119e-21,2.306e-12,,1.524e-23
328.70,1.451e+3,1.451e+3,1.215e-13,2.119e-21,2.286e-12,,1.525e-23
328.73,1.342e+3,1.342e+3,1.214e-13,2.118e-21,2.255e-12,,1.526e-23
328.75,1.228e+3,1.228e+3,1.214e-13,2.117e-21,2.234e-12,,1.526e-23
328.78,1.017e+3,1.017e+3,1.213e-13,2.116e-21,2.204e-12,,1.527e-23
328.80,8.651e+2,8.651e+2,1.212e-13,2.115e-21,2.183e-12,,1.528e-23
328.83,6.434e+2,6.434e+2,1.211e-13,2.115e-21,2.153e-12,,1.529e-23
328.85,5.111e+2,5.111e+2,1.210e-13,2.114e-21,2.132e-12,,1.529e-23
328.88,3.481e+2,3.481e+2,1.209e-13,2.113e-21,2.102e-12,,1.530e-23
328.90,2.667e+2,2.667e+2,1.209e-13,2.112e-21,2.081e-12,,1.531e-23
328.93,1.865e+2,1.865e+2,1.208e-13,2.111e-21,2.050e-12,,1.532e-23
328.95,1.599e+2,1.599e+2,1.207e-13,2.111e-21,2.030e-12,,1.532e-23
328.98,1.572e+2,1.572e+2,1.206e-13,2.110e-21,1.999e-12,,1.533e-23
329.00,1.779e+2,1.779e+2,1.205e-13,2.109e-21,1.979e-12,,1.534e-23
329.03,2.391e+2,2.391e+2,1.204e-13,2.108e-21,1.948e-12,,1.535e-23
329.05,2.971e+2,2.971e+2,1.204e-13,2.107e-21,1.928e-12,,1.535e-23
329.08,4.034e+2,4.034e+2,1.203e-13,2.106e-21,1.897e-12,,1.536e-23
329.10,4.820e+2,4.820e+2,1.202e-13,2.106e-21,1.877e-12,,1.537e-23
329.13,6.001e+2,6.001e+2,1.201e-13,2.105e-21,1.846e-12,,1.537e-23
329.15,6.715e+2,6.715e+2,1.200e-13,2.104e-21,1.826e-12,,1.538e-23
329.18,7.549e+2,7.549e+2,1.199e-13,2.103e-21,1.795e-12,,1.539e-23
329.20,7.884e+2,7.884e+2,1.199e-13,2.103e-21,1.774e-12,,1.540e-23
329.22,8.008e+2,8.008e+2,1.198e-13,2.102e-21,1.754e-12,,1.540e-23
329.25,7.784e+2,7.784e+2,1.197e-13,2.101e-21,1.723e-12,,1.541e-23
329.27,7.378e+2,7.378e+2,1.196e-13,2.100e-21,1.703e-12,,1.542e-23
329.30,6.465e+2,6.465e+2,1.195e-13,2.099e-21,1.672e-12,,1.543e-23
329.32,5.720e+2,5.720e+2,1.195e-13,2.099e-21,1.652e-12,,1.543e-23
329.35,4.519e+2,4.519e+2,1.194e-13,2.098e-21,1.621e-12,,1.544e-23
329.37,3.732e+2,3.732e+2,1.193e-13,2.097e-21,1.601e-12,,1.545e-23
329.40,2.659e+2,2.659e+2,1.192e-13,2.096e-21,1.570e-12,,1.545e-23
329.42,2.050e+2,2.050e+2,1.191e-13,2.095e-21,1.550e-12,,1.546e-23
329.45,1.317e+2,1.317e+2,1.190e-13,2.095e-21,1.519e-12,,1.547e-23
329.47,9.474e+1,9.474e+1,1.190e-13,2.094e-21,1.498e-12,,1.548e-23
329.50,5.488e+1,5.488e+1,1.189e-13,2.093e-21,1.468e-12,,1.548e-23
329.52,3.683e+1,3.683e+1,1.188e-13,2.092e-21,1.447e-12,,1.549e-23
329.55,1.922e+1,1.922e+1,1.187e-13,2.091e-21,1.417e-12,,1.550e-23
329.57,1.204e+1,1.204e+1,1.187e-13,2.091e-21,1.396e-12,,1.551e-23
329.60,5.658e+0,5.658e+0,1.186e-13,2.090e-21,1.366e-12,,1.551e-23
329.62,3.303e+0,3.303e+0,1.185e-13,2.089e-21,1.345e-12,,1.552e-23
329.65,1.398e+0,1.398e+0,1.184e-13,2.088e-21,1.314e-12,,1.553e-23
329.67,7.604e-1,7.604e-1,1.183e-13,2.087e-21,1.294e-12,,1.553e-23
329.70,2.894e-1,2.894e-1,1.182e-13,2.086e-21,1.263e-12,,1.554e-23
329.72,1.467e-1,1.467e-1,1.182e-13,2.086e-21,1.243e-12,,1.555e-23
329.74,7.229e-2,7.229e-2,1.181e-13,2.085e-21,1.222e-12,,1.556e-23
329.77,2.370e-2,2.370e-2,1.180e-13,2.084e-21,1.192e-12,,1.556e-23
329.79,1.087e-2,1.087e-2,1.179e-13,2.084e-21,1.171e-12,,1.557e-23
329.82,3.203e-3,3.203e-3,1.178e-13,2.083e-21,1.141e-12,,1.558e-23
329.84,1.368e-3,1.368e-3,1.178e-13,2.082e-21,1.120e-12,,1.559e-23
329.87,3.657e-4,3.657e-4,1.177e-13,2.081e-21,1.090e-12,,1.559e-23
329.89,1.556e-4,1.556e-4,1.176e-13,2.080e-21,1.069e-12,,1.560e-23
329.92,8.964e-5,8.964e-5,1.175e-13,2.079e-21,1.038e-12,,1.561e-23
329.94,1.623e-4,1.623e-4,1.174e-13,2.079e-21,1.018e-12,,1.561e-23
329.97,6.300e-4,6.300e-4,1.173e-13,2.078e-21,9.873e-13,,1.562e-23
329.99,1.574e-3,1.574e-3,1.173e-13,2.077e-21,9.668e-13,,1.563e-23
330.02,5.916e-3,5.916e-3,1.172e-13,2.076e-21,9.362e-13,,1.564e-23
330.04,1.380e-2,1.380e-2,1.171e-13,2.075e-21,9.157e-13,,1.564e-23
330.07,4.660e-2,4.660e-2,1.170e-13,2.075e-21,8.850e-13,,1.565e-23
330.09,1.012e-1,1.012e-1,1.169e-13,2.074e-21,8.646e-13,,1.566e-23
330.12,3.068e-1,3.068e-1,1.168e-13,2.073e-21,8.339e-13,,1.567e-23
330.14,6.200e-1,6.200e-1,1.168e-13,2.072e-21,8.135e-13,,1.567e-23
330.17,1.688e+0,1.688e+0,1.167e-13,2.071e-21,7.828e-13,,1.568e-23
330.19,3.176e+0,3.176e+0,1.166e-13,2.071e-21,7.624e-13,,1.569e-23
330.21,5.806e+0,5.806e+0,1.165e-13,2.070e-21,7.419e-13,,1.569e-23
330.24,1.360e+1,1.360e+1,1.164e-13,2.069e-21,7.113e-13,,1.570e-23
330.26,2.315e+1,2.315e+1,1.164e-13,2.068e-21,6.908e-13,,1.571e-23
330.29,4.874e+1,4.874e+1,1.163e-13,2.067e-21,6.601e-13,,1.572e-23
330.31,7.725e+1,7.725e+1,1.162e-13,2.067e-21,6.397e-13,,1.572e-23
330.34,1.462e+2,1.462e+2,1.161e-13,2.066e-21,6.090e-13,,1.573e-23
330.36,2.158e+2,2.158e+2,1.161e-13,2.065e-21,5.886e-13,,1.574e-23
330.39,3.670e+2,3.670e+2,1.160e-13,2.064e-21,5.579e-13,,1.575e-23
330.41,5.047e+2,5.047e+2,1.159e-13,2.064e-21,5.375e-13,,1.575e-23
330.44,7.721e+2,7.721e+2,1.158e-13,2.063e-21,5.068e-13,,1.576e-23
330.46,9.896e+2,9.896e+2,1.157e-13,2.062e-21,4.863e-13,,1.577e-23
330.49,1.362e+3,1.362e+3,1.156e-13,2.061e-21,4.557e-13,,1.578e-23
330.51,1.628e+3,1.628e+3,1.156e-13,2.060e-21,4.352e-13,,1.578e-23
330.54,2.018e+3,2.018e+3,1.155e-13,2.059e-21,4.046e-13,,1.579e-23
330.56,2.249e+3,2.249e+3,1.154e-13,2.059e-21,3.841e-13,,1.580e-23
330.59,2.513e+3,2.513e+3,1.153e-13,2.058e-21,3.372e-12,,1.581e-23
330.61,2.614e+3,2.614e+3,1.152e-13,2.057e-21,1.383e-11,,1.581e-23
330.64,2.635e+3,2.635e+3,1.151e-13,2.056e-21,1.089e-10,,1.582e-23
330.66,2.561e+3,2.561e+3,1.151e-13,2.055e-21,4.153e-10,,1.583e-23
330.69,2.332e+3,2.332e+3,1.150e-13,2.055e-21,2.931e-9,,1.584e-23
330.71,2.119e+3,2.119e+3,1.149e-13,2.054e-21,1.040e-8,,1.584e-23
330.73,1.876e+3,1.876e+3,1.148e-13,2.053e-21,3.582e-8,,1.585e-23
330.76,1.487e+3,1.487e+3,1.147e-13,2.052e-21,2.169e-7,,1.586e-23
330.78,1.232e+3,1.232e+3,1.147e-13,2.052e-21,6.949e-7,,1.586e-23
330.81,8.862e+2,8.862e+2,1.146e-13,2.051e-21,3.773e-6,,1.587e-23
330.83,6.891e+2,6.891e+2,1.145e-13,2.050e-21,1.124e-5,,1.588e-23
330.86,4.506e+2,4.506e+2,1.144e-13,2.049e-21,5.472e-5,,1.589e-23
330.88,3.290e+2,3.290e+2,1.143e-13,2.048e-21,1.516e-4,,1.589e-23
330.91,1.959e+2,1.959e+2,1.142e-13,2.047e-21,6.615e-4,,1.590e-23
330.93,1.345e+2,1.345e+2,1.142e-13,2.047e-21,1.704e-3,,1.591e-23
330.96,7.306e+1,7.305e+1,1.141e-13,2.046e-21,6.667e-3,,1.592e-23
330.98,4.722e+1,4.721e+1,1.140e-13,2.045e-21,1.597e-2,,1.592e-23
331.01,2.362e+1,2.356e+1,1.139e-13,2.044e-21,5.602e-2,,1.593e-23
331.03,1.472e+1,1.460e+1,1.138e-13,2.044e-21,1.247e-1,,1.594e-23
331.06,7.878e+0,7.485e+0,1.137e-13,2.043e-21,3.924e-1,,1.595e-23
331.08,6.412e+0,5.599e+0,1.137e-13,2.042e-21,8.124e-1,,1.595e-23
331.11,8.217e+0,5.925e+0,1.136e-13,2.041e-21,2.292e+0,,1.596e-23
331.13,1.258e+1,8.171e+0,1.135e-13,2.040e-21,4.411e+0,,1.597e-23
331.16,2.644e+1,1.528e+1,1.134e-13,2.039e-21,1.116e+1,,1.598e-23
331.18,4.331e+1,2.334e+1,1.134e-13,2.039e-21,1.997e+1,,1.598e-23
331.21,8.762e+1,4.234e+1,1.133e-13,2.038e-21,4.528e+1,,1.599e-23
331.23,1.362e+2,6.089e+1,1.132e-13,2.037e-21,7.535e+1,,1.600e-23
331.25,2.069e+2,8.509e+1,1.131e-13,2.036e-21,1.218e+2,,1.600e-23
331.28,3.702e+2,1.331e+2,1.130e-13,2.035e-21,2.371e+2,,1.601e-23
331.30,5.293e+2,1.730e+2,1.130e-13,2.035e-21,3.563e+2,,1.602e-23
331.33,8.645e+2,2.427e+2,1.129e-13,2.034e-21,6.217e+2,,1.603e-23
331.35,1.162e+3,2.933e+2,1.128e-13,2.033e-21,8.689e+2,,1.603e-23
331.38,1.728e+3,3.690e+2,1.127e-13,2.032e-21,1.359e+3,,1.604e-23
331.40,2.181e+3,4.145e+2,1.126e-13,2.032e-21,1.766e+3,,1.605e-23
331.43,2.945e+3,4.675e+2,1.125e-13,2.031e-21,2.478e+3,,1.606e-23
331.45,3.482e+3,4.883e+2,1.125e-13,2.030e-21,2.994e+3,,1.606e-23
331.48,4.259e+3,4.937e+2,1.124e-13,2.029e-21,3.765e+3,,1.607e-23
331.50,4.710e+3,4.795e+2,1.123e-13,2.028e-21,4.230e+3,,1.608e-23
331.53,5.205e+3,4.346e+2,1.122e-13,2.027e-21,4.770e+3,,1.609e-23
331.55,5.376e+3,3.925e+2,1.121e-13,2.027e-21,4.983e+3,,1.609e-23
331.58,5.358e+3,3.190e+2,1.120e-13,2.026e-21,5.039e+3,,1.610e-23
331.60,5.164e+3,2.678e+2,1.120e-13,2.025e-21,4.897e+3,,1.611e-23
331.63,4.640e+3,1.951e+2,1.119e-13,2.024e-21,4.444e+3,,1.612e-23
331.65,4.174e+3,1.523e+2,1.118e-13,2.024e-21,4.022e+3,,1.612e-23
331.68,3.392e+3,9.950e+1,1.117e-13,2.023e-21,3.292e+3,,1.613e-23
331.70,2.866e+3,7.222e+1,1.116e-13,2.022e-21,2.794e+3,,1.614e-23
331.72,2.377e+3,5.092e+1,1.116e-13,2.021e-21,2.326e+3,,1.614e-23
331.75,1.767e+3,2.856e+1,1.115e-13,2.020e-21,1.739e+3,,1.615e-23
331.77,1.470e+3,1.874e+1,1.114e-13,2.020e-21,1.452e+3,,1.616e-23
331.80,1.213e+3,9.493e+0,1.113e-13,2.019e-21,1.203e+3,,1.617e-23
331.82,1.169e+3,5.902e+0,1.112e-13,2.018e-21,1.163e+3,,1.617e-23
331.85,1.285e+3,3.006e+0,1.111e-13,2.017e-21,1.282e+3,,1.618e-23
331.87,1.470e+3,2.213e+0,1.111e-13,2.016e-21,1.468e+3,,1.619e-23
331.90,1.875e+3,2.268e+0,1.110e-13,2.015e-21,1.873e+3,,1.620e-23
331.92,2.206e+3,3.081e+0,1.109e-13,2.015e-21,2.203e+3,,1.620e-23
331.95,2.749e+3,5.698e+0,1.108e-13,2.014e-21,2.743e+3,,1.621e-23
331.97,3.115e+3,8.675e+0,1.108e-13,2.013e-21,3.106e+3,,1.622e-23
332.00,3.632e+3,1.574e+1,1.107e-13,2.012e-21,3.616e+3,,1.623e-23
332.02,3.939e+3,2.272e+1,1.106e-13,2.012e-21,3.916e+3,,1.623e-23
332.05,4.331e+3,3.758e+1,1.105e-13,2.011e-21,4.294e+3,,1.624e-23
332.07,4.546e+3,5.095e+1,1.104e-13,2.010e-21,4.495e+3,,1.625e-23
332.10,4.804e+3,7.683e+1,1.103e-13,2.009e-21,4.727e+3,,1.625e-23
332.12,4.935e+3,9.807e+1,1.103e-13,2.008e-21,4.837e+3,,1.626e-23
332.15,5.066e+3,1.354e+2,1.102e-13,2.007e-21,4.930e+3,,1.627e-23
332.17,5.101e+3,1.632e+2,1.101e-13,2.007e-21,4.937e+3,,1.628e-23
332.20,5.052e+3,2.071e+2,1.100e-13,2.006e-21,4.844e+3,,1.628e-23
332.22,4.938e+3,2.363e+2,1.099e-13,2.005e-21,4.701e+3,,1.629e-23
332.24,4.752e+3,2.638e+2,1.099e-13,2.005e-21,4.488e+3,,1.630e-23
332.27,4.337e+3,2.990e+2,1.098e-13,2.004e-21,4.038e+3,,1.631e-23
332.29,3.981e+3,3.164e+2,1.097e-13,2.003e-21,3.665e+3,,1.631e-23
332.32,3.363e+3,3.307e+2,1.096e-13,2.002e-21,3.032e+3,,1.632e-23
332.34,2.922e+3,3.313e+2,1.095e-13,2.001e-21,2.591e+3,,1.633e-23
332.37,2.267e+3,3.183e+2,1.094e-13,2.000e-21,1.948e+3,,1.633e-23
332.39,1.859e+3,3.011e+2,1.094e-13,2.000e-21,1.558e+3,,1.634e-23
332.42,1.323e+3,2.650e+2,1.093e-13,1.999e-21,1.058e+3,,1.635e-23
332.44,1.025e+3,2.361e+2,1.092e-13,1.998e-21,7.893e+2,,1.636e-23
332.47,6.720e+2,1.896e+2,1.091e-13,1.997e-21,4.824e+2,,1.636e-23
332.49,4.941e+2,1.589e+2,1.090e-13,1.996e-21,3.353e+2,,1.637e-23
332.52,3.009e+2,1.168e+2,1.089e-13,1.995e-21,1.841e+2,,1.638e-23
332.54,2.121e+2,9.303e+1,1.089e-13,1.995e-21,1.191e+2,,1.639e-23
332.57,1.242e+2,6.546e+1,1.088e-13,1.994e-21,5.870e+1,,1.639e-23
332.59,8.837e+1,5.304e+1,1.087e-13,1.993e-21,3.533e+1,,1.640e-23
332.62,5.936e+1,4.374e+1,1.086e-13,1.992e-21,1.563e+1,,1.641e-23
332.64,5.252e+1,4.377e+1,1.085e-13,1.992e-21,8.750e+0,,1.641e-23
332.67,5.649e+1,5.302e+1,1.084e-13,1.991e-21,3.472e+0,,1.642e-23
332.69,6.687e+1,6.506e+1,1.084e-13,1.990e-21,1.808e+0,,1.643e-23
332.72,9.173e+1,9.109e+1,1.083e-13,1.989e-21,6.437e-1,,1.644e-23
332.74,1.132e+2,1.128e+2,1.082e-13,1.988e-21,3.118e-1,,1.644e-23
332.76,1.372e+2,1.370e+2,1.082e-13,1.988e-21,1.467e-1,,1.645e-23
332.79,1.750e+2,1.749e+2,1.081e-13,1.987e-21,4.486e-2,,1.646e-23
332.81,1.990e+2,1.990e+2,1.080e-13,1.986e-21,1.963e-2,,1.647e-23
332.84,2.289e+2,2.289e+2,1.079e-13,1.985e-21,5.384e-3,,1.647e-23
332.86,2.424e+2,2.424e+2,1.078e-13,1.985e-21,2.192e-3,,1.648e-23
332.89,2.504e+2,2.504e+2,1.077e-13,1.984e-21,5.392e-4,,1.649e-23
332.91,2.468e+2,2.468e+2,1.077e-13,1.983e-21,2.041e-4,,1.649e-23
332.94,2.288e+2,2.288e+2,1.076e-13,1.982e-21,4.504e-5,,1.650e-23
332.96,2.098e+2,2.098e+2,1.075e-13,1.981e-21,1.586e-5,,1.651e-23
332.99,1.745e+2,1.745e+2,1.074e-13,1.980e-21,3.139e-6,,1.652e-23
333.01,1.489e+2,1.489e+2,1.073e-13,1.980e-21,1.028e-6,,1.652e-23
333.04,1.111e+2,1.111e+2,1.072e-13,1.979e-21,1.825e-7,,1.653e-23
333.06,8.822e+1,8.822e+1,1.072e-13,1.978e-21,5.561e-8,,1.654e-23
333.09,5.910e+1,5.910e+1,1.071e-13,1.977e-21,8.855e-9,,1.655e-23
333.11,4.364e+1,4.364e+1,1.070e-13,1.976e-21,2.509e-9,,1.655e-23
333.14,2.623e+1,2.623e+1,1.069e-13,1.975e-21,3.584e-10,,1.656e-23
333.16,1.802e+1,1.802e+1,1.068e-13,1.975e-21,9.444e-11,,1.657e-23
333.19,9.722e+0,9.722e+0,1.067e-13,1.974e-21,1.210e-11,,1.658e-23
333.21,6.214e+0,6.214e+0,1.067e-13,1.973e-21,2.966e-12,,1.658e-23
333.24,3.008e+0,3.008e+0,1.066e-13,1.972e-21,2.925e-12,,1.659e-23
333.26,1.789e+0,1.789e+0,1.065e-13,1.972e-21,2.898e-12,,1.660e-23
333.28,1.033e+0,1.033e+0,1.064e-13,1.971e-21,2.871e-12,,1.660e-23
333.31,4.298e-1,4.298e-1,1.063e-13,1.970e-21,2.830e-12,,1.661e-23
333.33,2.310e-1,2.310e-1,1.063e-13,1.969e-21,2.803e-12,,1.662e-23
333.36,8.623e-2,8.623e-2,1.062e-13,1.968e-21,2.762e-12,,1.663e-23
333.38,4.312e-2,4.312e-2,1.061e-13,1.968e-21,2.735e-12,,1.663e-23
333.41,1.444e-2,1.444e-2,1.060e-13,1.967e-21,2.694e-12,,1.664e-23
333.43,6.719e-3,6.719e-3,1.059e-13,1.966e-21,2.667e-12,,1.665e-23
333.46,2.020e-3,2.020e-3,1.058e-13,1.965e-21,2.627e-12,,1.666e-23
333.48,8.742e-4,8.742e-4,1.058e-13,1.965e-21,2.599e-12,,1.666e-23
333.51,2.358e-4,2.358e-4,1.057e-13,1.964e-21,2.559e-12,,1.667e-23
333.53,9.495e-5,9.495e-5,1.056e-13,1.963e-21,2.532e-12,,1.668e-23
333.56,2.298e-5,2.298e-5,1.055e-13,1.962e-21,2.491e-12,,1.669e-23
333.58,8.610e-6,8.610e-6,1.055e-13,1.961e-21,2.464e-12,,1.669e-23
333.61,1.870e-6,1.870e-6,1.054e-13,1.960e-21,2.423e-12,,1.670e-23
333.63,6.518e-7,6.518e-7,1.053e-13,1.960e-21,2.396e-12,,1.671e-23
333.66,1.271e-7,1.271e-7,1.052e-13,1.959e-21,2.355e-12,,1.672e-23
333.68,4.120e-8,4.120e-8,1.051e-13,1.958e-21,2.328e-12,,1.672e-23
333.71,7.206e-9,7.206e-9,1.050e-13,1.957e-21,2.287e-12,,1.673e-23
333.73,2.174e-9,2.174e-9,1.050e-13,1.956e-21,2.260e-12,,1.674e-23
333.75,6.371e-10,6.371e-10,1.049e-13,1.956e-21,2.233e-12,,1.674e-23
333.78,9.576e-11,9.576e-11,1.048e-13,1.955e-21,2.192e-12,,1.675e-23
333.80,2.611e-11,2.611e-11,1.047e-13,1.954e-21,2.165e-12,,1.676e-23
333.83,3.522e-12,3.522e-12,1.046e-13,1.953e-21,2.124e-12,,1.677e-23
333.85,8.935e-13,8.935e-13,1.046e-13,1.953e-21,2.097e-12,,1.677e-23
333.88,1.081e-13,1.081e-13,1.045e-13,1.952e-21,2.057e-12,,1.678e-23
334.52,8.774e-14,8.774e-14,1.024e-13,1.931e-21,1.188e-12,,1.697e-23
334.55,7.164e-13,7.164e-13,1.023e-13,1.930e-21,1.147e-12,,1.698e-23
334.57,2.804e-12,2.804e-12,1.022e-13,1.929e-21,1.120e-12,,1.699e-23
334.60,2.058e-11,2.058e-11,1.021e-13,1.928e-21,1.080e-12,,1.700e-23
334.62,7.501e-11,7.501e-11,1.020e-13,1.928e-21,1.052e-12,,1.700e-23
334.65,4.949e-10,4.949e-10,1.019e-13,1.927e-21,1.012e-12,,1.701e-23
334.67,1.680e-9,1.680e-9,1.019e-13,1.926e-21,9.846e-13,,1.702e-23
334.70,9.965e-9,9.965e-9,1.018e-13,1.925e-21,9.439e-13,,1.703e-23
334.72,3.151e-8,3.151e-8,1.017e-13,1.925e-21,9.168e-13,,1.703e-23
334.75,1.680e-7,1.680e-7,1.016e-13,1.924e-21,8.761e-13,,1.704e-23
334.77,4.947e-7,4.947e-7,1.015e-13,1.923e-21,8.489e-13,,1.705e-23
334.79,1.416e-6,1.416e-6,1.015e-13,1.922e-21,8.218e-13,,1.705e-23
334.82,6.503e-6,6.503e-6,1.014e-13,1.921e-21,7.811e-13,,1.706e-23
334.84,1.734e-5,1.734e-5,1.013e-13,1.921e-21,7.539e-13,,1.707e-23
334.87,7.157e-5,7.157e-5,1.012e-13,1.920e-21,7.132e-13,,1.708e-23
334.89,1.777e-4,1.777e-4,1.011e-13,1.919e-21,6.861e-13,,1.708e-23
334.92,6.594e-4,6.594e-4,1.010e-13,1.918e-21,6.454e-13,,1.709e-23
334.94,1.525e-3,1.525e-3,1.010e-13,1.917e-21,6.182e-13,,1.710e-23
334.97,5.087e-3,5.087e-3,1.009e-13,1.916e-21,5.775e-13,,1.711e-23
334.99,1.096e-2,1.096e-2,1.008e-13,1.916e-21,5.504e-13,,1.711e-23
335.02,3.286e-2,3.286e-2,1.007e-13,1.915e-21,5.097e-13,,1.712e-23
335.04,6.593e-2,6.593e-2,1.006e-13,1.914e-21,4.825e-13,,1.713e-23
335.07,1.777e-1,1.777e-1,1.005e-13,1.913e-21,4.418e-13,,1.713e-23
335.09,3.320e-1,3.320e-1,1.005e-13,1.913e-21,4.147e-13,,1.714e-23
335.12,8.043e-1,8.043e-1,1.004e-13,1.912e-21,3.740e-13,,1.715e-23
335.14,1.400e+0,1.400e+0,1.003e-13,1.911e-21,3.468e-13,,1.716e-23
335.17,3.049e+0,3.049e+0,1.002e-13,1.910e-21,2.932e-12,,1.716e-23
335.19,4.943e+0,4.943e+0,1.002e-13,1.909e-21,1.174e-11,,1.717e-23
335.22,9.674e+0,9.674e+0,1.001e-13,1.908e-21,8.926e-11,,1.718e-23
335.24,1.461e+1,1.461e+1,9.999e-14,1.908e-21,3.331e-10,,1.719e-23
335.27,2.570e+1,2.570e+1,9.989e-14,1.907e-21,2.277e-9,,1.719e-23
335.29,3.615e+1,3.615e+1,9.982e-14,1.906e-21,7.915e-9,,1.720e-23
335.31,4.942e+1,4.942e+1,9.976e-14,1.906e-21,2.675e-8,,1.721e-23
335.34,7.489e+1,7.489e+1,9.966e-14,1.905e-21,1.576e-7,,1.721e-23
335.36,9.536e+1,9.536e+1,9.959e-14,1.904e-21,4.961e-7,,1.722e-23
335.39,1.299e+2,1.299e+2,9.949e-14,1.903e-21,2.628e-6,,1.723e-23
335.41,1.541e+2,1.541e+2,9.943e-14,1.902e-21,7.709e-6,,1.724e-23
335.44,1.887e+2,1.887e+2,9.933e-14,1.901e-21,3.672e-5,,1.724e-23
335.46,2.084e+2,2.084e+2,9.926e-14,1.901e-21,1.004e-4,,1.725e-23
335.49,2.294e+2,2.294e+2,9.917e-14,1.900e-21,4.299e-4,,1.726e-23
335.51,2.360e+2,2.360e+2,9.910e-14,1.899e-21,1.095e-3,,1.727e-23
335.54,2.335e+2,2.335e+2,9.900e-14,1.898e-21,4.217e-3,,1.727e-23
335.56,2.237e+2,2.237e+2,9.893e-14,1.897e-21,1.000e-2,,1.728e-23
335.59,1.990e+2,1.990e+2,9.884e-14,1.896e-21,3.465e-2,,1.729e-23
335.61,1.777e+2,1.776e+2,9.877e-14,1.896e-21,7.656e-2,,1.729e-23
335.64,1.422e+2,1.420e+2,9.867e-14,1.895e-21,2.385e-1,,1.730e-23
335.66,1.185e+2,1.180e+2,9.861e-14,1.894e-21,4.910e-1,,1.731e-23
335.69,8.619e+1,8.481e+1,9.851e-14,1.893e-21,1.376e+0,,1.732e-23
335.71,6.831e+1,6.567e+1,9.844e-14,1.893e-21,2.638e+0,,1.732e-23
335.74,4.906e+1,4.242e+1,9.834e-14,1.892e-21,6.646e+0,,1.733e-23
335.76,4.247e+1,3.059e+1,9.828e-14,1.891e-21,1.188e+1,,1.734e-23
335.78,4.207e+1,2.144e+1,9.821e-14,1.890e-21,2.063e+1,,1.735e-23
335.81,5.672e+1,1.193e+1,9.811e-14,1.889e-21,4.479e+1,,1.735e-23
335.83,8.028e+1,7.789e+0,9.805e-14,1.889e-21,7.249e+1,,1.736e-23
335.86,1.454e+2,3.896e+0,9.795e-14,1.888e-21,1.415e+2,,1.737e-23
335.88,2.157e+2,2.369e+0,9.788e-14,1.887e-21,2.134e+2,,1.737e-23
335.91,3.757e+2,1.065e+0,9.778e-14,1.886e-21,3.746e+2,,1.738e-23
335.93,5.268e+2,6.032e-1,9.772e-14,1.886e-21,5.262e+2,,1.739e-23
335.96,8.310e+2,2.437e-1,9.762e-14,1.885e-21,8.308e+2,,1.740e-23
335.98,1.087e+3,1.286e-1,9.755e-14,1.884e-21,1.087e+3,,1.740e-23
336.01,1.544e+3,4.671e-2,9.745e-14,1.883e-21,1.544e+3,,1.741e-23
336.03,1.882e+3,2.295e-2,9.739e-14,1.882e-21,1.882e+3,,1.742e-23
336.06,2.403e+3,7.493e-3,9.729e-14,1.881e-21,2.403e+3,,1.743e-23
336.08,2.730e+3,3.429e-3,9.722e-14,1.881e-21,2.730e+3,,1.743e-23
336.11,3.135e+3,1.006e-3,9.712e-14,1.880e-21,3.135e+3,,1.744e-23
336.13,3.319e+3,4.290e-4,9.706e-14,1.879e-21,3.319e+3,,1.745e-23
336.16,3.433e+3,1.133e-4,9.696e-14,1.878e-21,3.433e+3,,1.746e-23
336.18,3.392e+3,4.526e-5,9.689e-14,1.877e-21,3.392e+3,,1.746e-23
336.21,3.173e+3,1.228e-5,9.679e-14,1.876e-21,3.173e+3,,1.747e-23
336.23,2.945e+3,8.493e-6,9.673e-14,1.876e-21,2.945e+3,,1.748e-23
336.26,2.542e+3,2.106e-5,9.663e-14,1.875e-21,2.542e+3,,1.749e-23
336.28,2.276e+3,5.301e-5,9.656e-14,1.874e-21,2.276e+3,,1.749e-23
336.30,2.048e+3,1.338e-4,9.650e-14,1.874e-21,2.048e+3,,1.750e-23
336.33,1.837e+3,5.122e-4,9.640e-14,1.873e-21,1.837e+3,,1.751e-23
336.35,1.821e+3,1.211e-3,9.633e-14,1.872e-21,1.821e+3,,1.751e-23
336.38,2.025e+3,4.174e-3,9.623e-14,1.871e-21,2.025e+3,,1.752e-23
336.40,2.324e+3,9.199e-3,9.617e-14,1.870e-21,2.324e+3,,1.753e-23
336.43,3.010e+3,2.856e-2,9.607e-14,1.869e-21,3.009e+3,,1.754e-23
336.45,3.601e+3,5.869e-2,9.600e-14,1.869e-21,3.601e+3,,1.754e-23
336.48,4.620e+3,1.641e-1,9.591e-14,1.868e-21,4.620e+3,,1.755e-23
336.50,5.329e+3,3.146e-1,9.584e-14,1.867e-21,5.328e+3,,1.756e-23
336.53,6.323e+3,7.928e-1,9.574e-14,1.866e-21,6.322e+3,,1.757e-23
336.55,6.875e+3,1.419e+0,9.568e-14,1.866e-21,6.873e+3,,1.757e-23
336.58,7.448e+3,3.225e+0,9.558e-14,1.865e-21,7.444e+3,,1.758e-23
336.60,7.635e+3,5.389e+0,9.551e-14,1.864e-21,7.629e+3,,1.759e-23
336.63,7.642e+3,1.107e+1,9.541e-14,1.863e-21,7.631e+3,,1.760e-23
336.65,7.517e+3,1.730e+1,9.535e-14,1.862e-21,7.499e+3,,1.760e-23
336.68,7.282e+3,3.217e+1,9.525e-14,1.861e-21,7.250e+3,,1.761e-23
336.70,7.207e+3,4.710e+1,9.518e-14,1.861e-21,7.160e+3,,1.762e-23
336.73,7.420e+3,7.953e+1,9.508e-14,1.860e-21,7.341e+3,,1.763e-23
336.75,7.885e+3,1.093e+2,9.502e-14,1.859e-21,7.775e+3,,1.763e-23
336.78,9.179e+3,1.684e+2,9.492e-14,1.858e-21,9.011e+3,,1.764e-23
336.80,1.045e+4,2.180e+2,9.485e-14,1.857e-21,1.023e+4,,1.765e-23
336.82,1.201e+4,2.758e+2,9.479e-14,1.857e-21,1.173e+4,,1.765e-23
336.85,1.471e+4,3.766e+2,9.469e-14,1.856e-21,1.433e+4,,1.766e-23
336.87,1.658e+4,4.510e+2,9.462e-14,1.855e-21,1.613e+4,,1.767e-23
336.90,1.915e+4,5.686e+2,9.452e-14,1.854e-21,1.858e+4,,1.768e-23
336.92,2.050e+4,6.467e+2,9.446e-14,1.854e-21,1.985e+4,,1.768e-23
336.95,2.171e+4,7.557e+2,9.436e-14,1.853e-21,2.095e+4,,1.769e-23
336.97,2.187e+4,8.179e+2,9.429e-14,1.852e-21,2.105e+4,,1.770e-23
337.00,2.113e+4,8.872e+2,9.419e-14,1.851e-21,2.024e+4,,1.771e-23
337.02,2.006e+4,9.134e+2,9.413e-14,1.850e-21,1.915e+4,,1.771e-23
337.05,1.783e+4,9.181e+2,9.403e-14,1.849e-21,1.691e+4,,1.772e-23
337.07,1.609e+4,8.973e+2,9.396e-14,1.849e-21,1.519e+4,,1.773e-23
337.10,1.341e+4,8.323e+2,9.386e-14,1.848e-21,1.258e+4,,1.774e-23
337.12,1.171e+4,7.696e+2,9.380e-14,1.847e-21,1.094e+4,,1.774e-23
337.15,9.441e+3,6.552e+2,9.370e-14,1.846e-21,8.786e+3,,1.775e-23
337.17,8.166e+3,5.712e+2,9.363e-14,1.846e-21,7.594e+3,,1.776e-23
337.20,6.610e+3,4.440e+2,9.354e-14,1.845e-21,6.166e+3,,1.777e-23
337.22,5.788e+3,3.637e+2,9.347e-14,1.844e-21,5.424e+3,,1.777e-23
337.25,4.818e+3,2.570e+2,9.337e-14,1.843e-21,4.561e+3,,1.778e-23
337.27,4.310e+3,1.973e+2,9.330e-14,1.842e-21,4.113e+3,,1.779e-23
337.29,3.889e+3,1.476e+2,9.324e-14,1.842e-21,3.742e+3,,1.779e-23
337.32,3.384e+3,9.075e+1,9.314e-14,1.841e-21,3.293e+3,,1.780e-23
337.34,3.110e+3,6.345e+1,9.307e-14,1.840e-21,3.047e+3,,1.781e-23
337.37,2.764e+3,3.525e+1,9.298e-14,1.839e-21,2.728e+3,,1.782e-23
337.39,2.560e+3,2.302e+1,9.291e-14,1.838e-21,2.537e+3,,1.782e-23
337.42,2.270e+3,1.154e+1,9.281e-14,1.837e-21,2.259e+3,,1.783e-23
337.44,2.077e+3,7.033e+0,9.275e-14,1.837e-21,2.070e+3,,1.784e-23
337.47,1.779e+3,3.183e+0,9.265e-14,1.836e-21,1.776e+3,,1.785e-23
337.49,1.574e+3,1.822e+0,9.258e-14,1.835e-21,1.572e+3,,1.785e-23
337.52,1.265e+3,7.850e-1,9.248e-14,1.834e-21,1.264e+3,,1.786e-23
337.54,1.065e+3,4.887e-1,9.242e-14,1.834e-21,1.065e+3,,1.787e-23
337.57,7.931e+2,4.014e-1,9.232e-14,1.833e-21,7.927e+2,,1.788e-23
337.59,6.387e+2,5.432e-1,9.225e-14,1.832e-21,6.382e+2,,1.788e-23
337.62,4.637e+2,1.130e+0,9.215e-14,1.831e-21,4.626e+2,,1.789e-23
337.64,3.951e+2,1.895e+0,9.209e-14,1.830e-21,3.932e+2,,1.790e-23
337.67,3.897e+2,3.976e+0,9.199e-14,1.829e-21,3.857e+2,,1.791e-23
337.69,4.743e+2,6.307e+0,9.192e-14,1.829e-21,4.680e+2,,1.791e-23
337.72,7.976e+2,1.197e+1,9.182e-14,1.828e-21,7.856e+2,,1.792e-23
337.74,1.200e+3,1.771e+1,9.176e-14,1.827e-21,1.182e+3,,1.793e-23
337.77,2.214e+3,3.026e+1,9.166e-14,1.826e-21,2.184e+3,,1.793e-23
337.79,3.259e+3,4.177e+1,9.159e-14,1.826e-21,3.218e+3,,1.794e-23
337.81,4.683e+3,5.604e+1,9.153e-14,1.825e-21,4.627e+3,,1.795e-23
337.84,7.674e+3,8.266e+1,9.143e-14,1.824e-21,7.592e+3,,1.796e-23
337.86,1.031e+4,1.034e+2,9.136e-14,1.823e-21,1.020e+4,,1.796e-23
337.89,1.523e+4,1.373e+2,9.126e-14,1.822e-21,1.509e+4,,1.797e-23
337.91,1.909e+4,1.602e+2,9.120e-14,1.822e-21,1.893e+4,,1.798e-23
337.94,2.541e+4,1.915e+2,9.110e-14,1.821e-21,2.522e+4,,1.799e-23
337.96,2.970e+4,2.083e+2,9.103e-14,1.820e-21,2.949e+4,,1.799e-23
337.99,3.561e+4,2.242e+2,9.093e-14,1.819e-21,3.539e+4,,1.800e-23
338.01,3.882e+4,2.274e+2,9.087e-14,1.818e-21,3.860e+4,,1.801e-23
338.04,4.194e+4,2.203e+2,9.077e-14,1.817e-21,4.172e+4,,1.801e-23
338.06,4.264e+4,2.083e+2,9.070e-14,1.817e-21,4.243e+4,,1.802e-23
338.09,4.149e+4,1.817e+2,9.061e-14,1.816e-21,4.131e+4,,1.803e-23
338.11,3.935e+4,1.602e+2,9.054e-14,1.815e-21,3.919e+4,,1.804e-23
338.14,3.449e+4,1.258e+2,9.044e-14,1.814e-21,3.437e+4,,1.804e-23
338.16,3.051e+4,1.034e+2,9.037e-14,1.814e-21,3.041e+4,,1.805e-23
338.19,2.410e+4,7.313e+1,9.028e-14,1.813e-21,2.402e+4,,1.806e-23
338.21,1.988e+4,5.604e+1,9.021e-14,1.812e-21,1.983e+4,,1.807e-23
338.24,1.414e+4,3.568e+1,9.011e-14,1.811e-21,1.411e+4,,1.807e-23
338.26,1.089e+4,2.549e+1,9.005e-14,1.810e-21,1.086e+4,,1.808e-23
338.29,6.978e+3,1.461e+1,8.995e-14,1.809e-21,6.963e+3,,1.809e-23
338.31,5.010e+3,9.734e+0,8.988e-14,1.809e-21,5.000e+3,,1.809e-23
338.33,3.498e+3,6.306e+0,8.982e-14,1.808e-21,3.492e+3,,1.810e-23
338.36,1.938e+3,3.120e+0,8.972e-14,1.807e-21,1.934e+3,,1.811e-23
338.38,1.262e+3,1.884e+0,8.965e-14,1.806e-21,1.260e+3,,1.812e-23
338.41,6.299e+2,8.394e-1,8.955e-14,1.806e-21,6.291e+2,,1.812e-23
338.43,3.828e+2,4.727e-1,8.949e-14,1.805e-21,3.823e+2,,1.813e-23
338.46,1.721e+2,1.896e-1,8.939e-14,1.804e-21,1.720e+2,,1.814e-23
338.48,9.761e+1,9.953e-2,8.932e-14,1.803e-21,9.751e+1,,1.815e-23
338.51,3.960e+1,3.594e-2,8.922e-14,1.802e-21,3.957e+1,,1.815e-23
338.53,2.104e+1,1.760e-2,8.916e-14,1.802e-21,2.102e+1,,1.816e-23
338.56,8.029e+0,5.731e-3,8.906e-14,1.801e-21,8.023e+0,,1.817e-23
338.58,4.584e+0,2.644e-3,8.899e-14,1.800e-21,4.582e+0,,1.817e-23
338.61,3.578e+0,9.005e-4,8.889e-14,1.799e-21,3.577e+0,,1.818e-23
338.63,5.130e+0,6.626e-4,8.883e-14,1.798e-21,5.129e+0,,1.819e-23
338.66,1.196e+1,1.328e-3,8.873e-14,1.797e-21,1.196e+1,,1.820e-23
338.68,2.153e+1,2.895e-3,8.866e-14,1.797e-21,2.153e+1,,1.820e-23
338.71,5.003e+1,9.496e-3,8.856e-14,1.796e-21,5.003e+1,,1.821e-23
338.73,8.496e+1,2.038e-2,8.850e-14,1.795e-21,8.494e+1,,1.822e-23
338.76,1.786e+2,6.090e-2,8.840e-14,1.794e-21,1.785e+2,,1.823e-23
338.78,2.833e+2,1.220e-1,8.833e-14,1.794e-21,2.831e+2,,1.823e-23
338.81,5.377e+2,3.286e-1,8.823e-14,1.793e-21,5.373e+2,,1.824e-23
338.83,7.970e+2,6.142e-1,8.817e-14,1.792e-21,7.964e+2,,1.825e-23
338.85,1.150e+3,1.117e+0,8.810e-14,1.791e-21,1.149e+3,,1.825e-23
338.88,1.900e+3,2.598e+0,8.800e-14,1.790e-21,1.897e+3,,1.826e-23
338.90,2.571e+3,4.406e+0,8.794e-14,1.790e-21,2.566e+3,,1.827e-23
338.93,3.865e+3,9.237e+0,8.784e-14,1.789e-21,3.855e+3,,1.828e-23
338.95,4.925e+3,1.461e+1,8.777e-14,1.788e-21,4.910e+3,,1.828e-23
338.98,6.800e+3,2.760e+1,8.768e-14,1.787e-21,6.773e+3,,1.829e-23
339.00,8.223e+3,4.074e+1,8.761e-14,1.786e-21,8.182e+3,,1.830e-23
339.03,1.058e+4,6.933e+1,8.751e-14,1.786e-21,1.051e+4,,1.831e-23
339.05,1.227e+4,9.545e+1,8.744e-14,1.785e-21,1.218e+4,,1.831e-23
339.08,1.497e+4,1.464e+2,8.735e-14,1.784e-21,1.483e+4,,1.832e-23
339.10,1.687e+4,1.880e+2,8.728e-14,1.783e-21,1.668e+4,,1.833e-23
339.13,1.983e+4,2.597e+2,8.718e-14,1.782e-21,1.957e+4,,1.834e-23
339.15,2.184e+4,3.111e+2,8.712e-14,1.782e-21,2.153e+4,,1.834e-23
339.18,2.482e+4,3.872e+2,8.702e-14,1.781e-21,2.443e+4,,1.835e-23
339.20,2.666e+4,4.328e+2,8.695e-14,1.780e-21,2.622e+4,,1.836e-23
339.23,2.895e+4,4.854e+2,8.685e-14,1.779e-21,2.846e+4,,1.837e-23
339.25,2.999e+4,5.061e+2,8.679e-14,1.778e-21,2.948e+4,,1.837e-23
339.28,3.057e+4,5.114e+2,8.669e-14,1.777e-21,3.006e+4,,1.838e-23
339.30,3.018e+4,4.973e+2,8.662e-14,1.777e-21,2.969e+4,,1.839e-23
339.32,2.916e+4,4.704e+2,8.656e-14,1.776e-21,2.869e+4,,1.839e-23
339.35,2.650e+4,4.108e+2,8.646e-14,1.775e-21,2.609e+4,,1.840e-23
339.37,2.411e+4,3.625e+2,8.639e-14,1.775e-21,2.375e+4,,1.841e-23
339.40,1.995e+4,2.852e+2,8.629e-14,1.774e-21,1.967e+4,,1.842e-23
339.42,1.702e+4,2.348e+2,8.623e-14,1.773e-21,1.679e+4,,1.842e-23
339.45,1.276e+4,1.666e+2,8.613e-14,1.772e-21,1.260e+4,,1.843e-23
339.47,1.019e+4,1.281e+2,8.606e-14,1.771e-21,1.006e+4,,1.844e-23
339.50,6.903e+3,8.250e+1,8.596e-14,1.770e-21,6.820e+3,,1.845e-23
339.52,5.147e+3,6.004e+1,8.590e-14,1.770e-21,5.087e+3,,1.845e-23
339.55,3.149e+3,3.721e+1,8.580e-14,1.769e-21,3.112e+3,,1.846e-23
339.57,2.195e+3,2.843e+1,8.573e-14,1.768e-21,2.167e+3,,1.847e-23
339.60,1.219e+3,2.383e+1,8.563e-14,1.767e-21,1.195e+3,,1.848e-23
339.62,8.029e+2,2.623e+1,8.557e-14,1.766e-21,7.767e+2,,1.848e-23
339.65,4.246e+2,3.839e+1,8.547e-14,1.766e-21,3.862e+2,,1.849e-23
339.67,2.869e+2,5.283e+1,8.540e-14,1.765e-21,2.341e+2,,1.850e-23
339.70,1.903e+2,8.544e+1,8.530e-14,1.764e-21,1.049e+2,,1.851e-23
339.72,1.745e+2,1.152e+2,8.524e-14,1.763e-21,5.933e+1,,1.851e-23
339.75,1.962e+2,1.723e+2,8.514e-14,1.762e-21,2.395e+1,,1.852e-23
339.77,2.306e+2,2.179e+2,8.507e-14,1.762e-21,1.264e+1,,1.853e-23
339.80,2.993e+2,2.947e+2,8.498e-14,1.761e-21,4.598e+0,,1.854e-23
339.82,3.505e+2,3.483e+2,8.491e-14,1.760e-21,2.263e+0,,1.854e-23
339.84,4.016e+2,4.005e+2,8.484e-14,1.759e-21,1.084e+0,,1.855e-23
339.87,4.701e+2,4.698e+2,8.475e-14,1.758e-21,3.407e-1,,1.856e-23
339.89,5.056e+2,5.055e+2,8.468e-14,1.758e-21,1.521e-1,,1.856e-23
339.92,5.379e+2,5.379e+2,8.458e-14,1.757e-21,4.310e-2,,1.857e-23
339.94,5.440e+2,5.440e+2,8.451e-14,1.756e-21,1.796e-2,,1.858e-23
339.97,5.312e+2,5.312e+2,8.442e-14,1.755e-21,4.584e-3,,1.859e-23
339.99,5.109e+2,5.109e+2,8.435e-14,1.755e-21,1.781e-3,,1.859e-23
340.02,4.706e+2,4.706e+2,8.425e-14,1.754e-21,4.097e-4,,1.860e-23
340.04,4.422e+2,4.422e+2,8.419e-14,1.753e-21,1.485e-4,,1.861e-23
340.07,4.052e+2,4.052e+2,8.409e-14,1.752e-21,3.078e-5,,1.862e-23
340.09,3.877e+2,3.877e+2,8.402e-14,1.751e-21,1.041e-5,,1.862e-23
340.12,3.747e+2,3.747e+2,8.392e-14,1.750e-21,1.944e-6,,1.863e-23
340.14,3.745e+2,3.745e+2,8.386e-14,1.750e-21,6.133e-7,,1.864e-23
340.17,3.839e+2,3.839e+2,8.376e-14,1.749e-21,1.032e-7,,1.865e-23
340.19,3.938e+2,3.938e+2,8.369e-14,1.748e-21,3.037e-8,,1.865e-23
340.22,4.098e+2,4.098e+2,8.359e-14,1.747e-21,4.603e-9,,1.866e-23
340.24,4.191e+2,4.191e+2,8.353e-14,1.746e-21,1.264e-9,,1.867e-23
340.27,4.294e+2,4.294e+2,8.343e-14,1.746e-21,1.726e-10,,1.868e-23
340.29,4.339e+2,4.339e+2,8.336e-14,1.745e-21,4.421e-11,,1.868e-23
340.32,4.386e+2,4.386e+2,8.326e-14,1.744e-21,5.847e-12,,1.869e-23
340.34,4.417e+2,4.417e+2,8.320e-14,1.743e-21,1.650e-12,,1.870e-23
340.36,4.463e+2,4.463e+2,8.313e-14,1.743e-21,6.769e-12,,1.870e-23
340.39,4.592e+2,4.592e+2,8.303e-14,1.742e-21,5.059e-11,,1.871e-23
340.41,4.744e+2,4.744e+2,8.297e-14,1.741e-21,1.869e-10,,1.872e-23
340.44,5.131e+2,5.131e+2,8.287e-14,1.740e-21,1.267e-9,,1.873e-23
340.46,5.541e+2,5.541e+2,8.280e-14,1.739e-21,4.376e-9,,1.873e-23
340.49,6.476e+2,6.476e+2,8.270e-14,1.738e-21,2.669e-8,,1.874e-23
340.51,7.367e+2,7.367e+2,8.264e-14,1.738e-21,8.614e-8,,1.875e-23
340.54,9.182e+2,9.182e+2,8.254e-14,1.737e-21,4.747e-7,,1.876e-23
340.56,1.073e+3,1.073e+3,8.247e-14,1.736e-21,1.432e-6,,1.876e-23
340.59,1.350e+3,1.350e+3,8.237e-14,1.735e-21,7.135e-6,,1.877e-23
340.61,1.556e+3,1.556e+3,8.231e-14,1.735e-21,2.013e-5,,1.878e-23
340.64,1.875e+3,1.875e+3,8.221e-14,1.734e-21,9.073e-5,,1.879e-23
340.66,2.075e+3,2.075e+3,8.214e-14,1.733e-21,2.395e-4,,1.879e-23
340.69,2.324e+3,2.324e+3,8.205e-14,1.732e-21,9.782e-4,,1.880e-23
340.71,2.436e+3,2.436e+3,8.198e-14,1.731e-21,2.419e-3,,1.881e-23
340.74,2.501e+3,2.501e+3,8.188e-14,1.730e-21,8.963e-3,,1.881e-23
340.76,2.470e+3,2.470e+3,8.182e-14,1.730e-21,2.079e-2,,1.882e-23
340.79,2.317e+3,2.317e+3,8.172e-14,1.729e-21,7.006e-2,,1.883e-23
340.81,2.155e+3,2.155e+3,8.165e-14,1.728e-21,1.527e-1,,1.884e-23
340.84,1.854e+3,1.854e+3,8.155e-14,1.727e-21,4.694e-1,,1.884e-23
340.86,1.634e+3,1.633e+3,8.149e-14,1.726e-21,9.634e-1,,1.885e-23
340.88,1.415e+3,1.413e+3,8.142e-14,1.726e-21,1.932e+0,,1.886e-23
340.91,1.113e+3,1.108e+3,8.132e-14,1.725e-21,5.257e+0,,1.887e-23
340.93,9.415e+2,9.316e+2,8.126e-14,1.724e-21,9.965e+0,,1.887e-23
340.96,7.428e+2,7.178e+2,8.116e-14,1.723e-21,2.497e+1,,1.888e-23
340.98,6.546e+2,6.097e+2,8.109e-14,1.723e-21,4.488e+1,,1.889e-23
341.01,5.989e+2,4.950e+2,8.099e-14,1.722e-21,1.040e+2,,1.889e-23
341.03,6.237e+2,4.463e+2,8.093e-14,1.721e-21,1.775e+2,,1.890e-23
341.06,7.897e+2,4.088e+2,8.083e-14,1.720e-21,3.809e+2,,1.891e-23
341.08,1.023e+3,4.048e+2,8.076e-14,1.719e-21,6.180e+2,,1.892e-23
341.11,1.657e+3,4.274e+2,8.066e-14,1.718e-21,1.229e+3,,1.892e-23
341.13,2.354e+3,4.603e+2,8.060e-14,1.718e-21,1.894e+3,,1.893e-23
341.16,4.016e+3,5.327e+2,8.050e-14,1.717e-21,3.483e+3,,1.894e-23
341.18,5.682e+3,5.929e+2,8.043e-14,1.716e-21,5.089e+3,,1.895e-23
341.21,9.314e+3,6.919e+2,8.033e-14,1.715e-21,8.622e+3,,1.895e-23
341.23,1.267e+4,7.565e+2,8.027e-14,1.715e-21,1.191e+4,,1.896e-23
341.26,1.935e+4,8.374e+2,8.017e-14,1.714e-21,1.851e+4,,1.897e-23
341.28,2.498e+4,8.732e+2,8.010e-14,1.713e-21,2.411e+4,,1.897e-23
341.31,3.513e+4,8.898e+2,8.000e-14,1.712e-21,3.424e+4,,1.898e-23
341.33,4.281e+4,8.736e+2,7.994e-14,1.711e-21,4.194e+4,,1.899e-23
341.35,5.093e+4,8.360e+2,7.987e-14,1.711e-21,5.010e+4,,1.900e-23
341.38,6.309e+4,7.455e+2,7.977e-14,1.710e-21,6.235e+4,,1.900e-23
341.40,7.052e+4,6.688e+2,7.971e-14,1.709e-21,6.985e+4,,1.901e-23
341.43,7.941e+4,5.430e+2,7.961e-14,1.708e-21,7.887e+4,,1.902e-23
341.45,8.322e+4,4.600e+2,7.954e-14,1.707e-21,8.276e+4,,1.903e-23
341.48,8.499e+4,3.494e+2,7.944e-14,1.706e-21,8.464e+4,,1.903e-23
341.50,8.339e+4,2.905e+2,7.938e-14,1.706e-21,8.310e+4,,1.904e-23
341.53,7.712e+4,2.311e+2,7.928e-14,1.705e-21,7.688e+4,,1.905e-23
341.55,7.080e+4,2.128e+2,7.921e-14,1.704e-21,7.059e+4,,1.905e-23
341.58,5.924e+4,2.182e+2,7.912e-14,1.703e-21,5.903e+4,,1.906e-23
341.60,5.089e+4,2.429e+2,7.905e-14,1.703e-21,5.065e+4,,1.907e-23
341.63,3.857e+4,3.080e+2,7.895e-14,1.702e-21,3.826e+4,,1.908e-23
341.65,3.104e+4,3.667e+2,7.889e-14,1.701e-21,3.067e+4,,1.908e-23
341.68,2.139e+4,4.701e+2,7.879e-14,1.700e-21,2.092e+4,,1.909e-23
341.70,1.621e+4,5.433e+2,7.872e-14,1.699e-21,1.567e+4,,1.910e-23
341.73,1.030e+4,6.482e+2,7.862e-14,1.698e-21,9.647e+3,,1.911e-23
341.75,7.456e+3,7.079e+2,7.856e-14,1.698e-21,6.748e+3,,1.911e-23
341.78,4.522e+3,7.717e+2,7.846e-14,1.697e-21,3.750e+3,,1.912e-23
341.80,3.242e+3,7.924e+2,7.839e-14,1.696e-21,2.450e+3,,1.913e-23
341.83,2.016e+3,7.870e+2,7.829e-14,1.695e-21,1.229e+3,,1.914e-23
341.85,1.510e+3,7.593e+2,7.823e-14,1.695e-21,7.507e+2,,1.914e-23
341.87,1.162e+3,7.148e+2,7.816e-14,1.694e-21,4.474e+2,,1.915e-23
341.90,8.239e+2,6.236e+2,7.806e-14,1.693e-21,2.003e+2,,1.916e-23
341.92,6.731e+2,5.528e+2,7.800e-14,1.692e-21,1.203e+2,,1.916e-23
341.95,5.171e+2,4.428e+2,7.790e-14,1.691e-21,7.426e+1,,1.917e-23
341.97,4.513e+2,3.731e+2,7.783e-14,1.691e-21,7.824e+1,,1.918e-23
342.00,4.145e+2,2.825e+2,7.773e-14,1.690e-21,1.320e+2,,1.919e-23
342.02,4.419e+2,2.350e+2,7.767e-14,1.689e-21,2.070e+2,,1.919e-23
342.05,5.911e+2,1.864e+2,7.757e-14,1.688e-21,4.048e+2,,1.920e-23
342.07,7.864e+2,1.697e+2,7.750e-14,1.687e-21,6.167e+2,,1.921e-23
342.10,1.272e+3,1.676e+2,7.740e-14,1.687e-21,1.105e+3,,1.922e-23
342.12,1.755e+3,1.801e+2,7.734e-14,1.686e-21,1.575e+3,,1.922e-23
342.15,2.765e+3,2.170e+2,7.724e-14,1.685e-21,2.548e+3,,1.923e-23
342.17,3.646e+3,2.518e+2,7.717e-14,1.684e-21,3.394e+3,,1.924e-23
342.20,5.273e+3,3.157e+2,7.707e-14,1.683e-21,4.957e+3,,1.925e-23
342.22,6.531e+3,3.645e+2,7.701e-14,1.683e-21,6.167e+3,,1.925e-23
342.25,8.574e+3,4.440e+2,7.691e-14,1.682e-21,8.130e+3,,1.926e-23
342.27,9.947e+3,4.999e+2,7.684e-14,1.681e-21,9.447e+3,,1.927e-23
342.30,1.183e+4,5.862e+2,7.675e-14,1.680e-21,1.124e+4,,1.928e-23
342.32,1.285e+4,6.445e+2,7.668e-14,1.679e-21,1.220e+4,,1.928e-23
342.35,1.384e+4,7.318e+2,7.658e-14,1.678e-21,1.311e+4,,1.929e-23
342.37,1.408e+4,7.897e+2,7.651e-14,1.678e-21,1.329e+4,,1.930e-23
342.39,1.396e+4,8.478e+2,7.645e-14,1.677e-21,1.311e+4,,1.930e-23
342.42,1.314e+4,9.377e+2,7.635e-14,1.676e-21,1.220e+4,,1.931e-23
342.44,1.225e+4,1.002e+3,7.628e-14,1.676e-21,1.124e+4,,1.932e-23
342.47,1.056e+4,1.114e+3,7.619e-14,1.675e-21,9.447e+3,,1.933e-23
342.49,9.332e+3,1.202e+3,7.612e-14,1.674e-21,8.130e+3,,1.933e-23
342.52,7.530e+3,1.363e+3,7.602e-14,1.673e-21,6.167e+3,,1.934e-23
342.54,6.448e+3,1.491e+3,7.595e-14,1.672e-21,4.957e+3,,1.935e-23
342.57,5.106e+3,1.712e+3,7.586e-14,1.671e-21,3.394e+3,,1.936e-23
342.59,4.419e+3,1.871e+3,7.579e-14,1.671e-21,2.548e+3,,1.936e-23
342.62,3.684e+3,2.109e+3,7.569e-14,1.670e-21,1.575e+3,,1.937e-23
342.64,3.355e+3,2.250e+3,7.563e-14,1.669e-21,1.104e+3,,1.938e-23
342.67,3.026e+3,2.410e+3,7.553e-14,1.668e-21,6.162e+2,,1.939e-23
342.69,2.871e+3,2.467e+3,7.546e-14,1.667e-21,4.036e+2,,1.939e-23
342.72,2.664e+3,2.461e+3,7.536e-14,1.667e-21,2.033e+2,,1.940e-23
342.74,2.517e+3,2.393e+3,7.530e-14,1.666e-21,1.244e+2,,1.941e-23
342.77,2.259e+3,2.202e+3,7.520e-14,1.665e-21,5.668e+1,,1.942e-23
342.79,2.059e+3,2.026e+3,7.513e-14,1.664e-21,3.263e+1,,1.942e-23
342.82,1.729e+3,1.714e+3,7.503e-14,1.663e-21,1.427e+1,,1.943e-23
342.84,1.501e+3,1.491e+3,7.497e-14,1.663e-21,9.152e+0,,1.944e-23
342.87,1.169e+3,1.161e+3,7.487e-14,1.662e-21,8.428e+0,,1.945e-23
342.89,9.682e+2,9.558e+2,7.480e-14,1.661e-21,1.245e+1,,1.945e-23
342.91,7.914e+2,7.700e+2,7.474e-14,1.660e-21,2.143e+1,,1.946e-23
342.94,5.854e+2,5.348e+2,7.464e-14,1.659e-21,5.062e+1,,1.947e-23
342.96,4.965e+2,4.084e+2,7.457e-14,1.659e-21,8.804e+1,,1.947e-23
342.99,4.546e+2,2.620e+2,7.447e-14,1.658e-21,1.926e+2,,1.948e-23
343.01,5.037e+2,1.898e+2,7.441e-14,1.657e-21,3.139e+2,,1.949e-23
343.04,7.333e+2,1.124e+2,7.431e-14,1.656e-21,6.208e+2,,1.950e-23
343.06,1.023e+3,7.724e+1,7.424e-14,1.656e-21,9.456e+2,,1.950e-23
343.09,1.731e+3,4.223e+1,7.414e-14,1.655e-21,1.689e+3,,1.951e-23
343.11,2.431e+3,2.747e+1,7.408e-14,1.654e-21,2.404e+3,,1.952e-23
343.14,3.892e+3,1.383e+1,7.398e-14,1.653e-21,3.879e+3,,1.953e-23
343.16,5.166e+3,8.504e+0,7.391e-14,1.652e-21,5.158e+3,,1.953e-23
343.19,7.521e+3,3.927e+0,7.382e-14,1.651e-21,7.517e+3,,1.954e-23
343.21,9.342e+3,2.278e+0,7.375e-14,1.651e-21,9.340e+3,,1.955e-23
343.24,1.230e+4,9.624e-1,7.365e-14,1.650e-21,1.230e+4,,1.956e-23
343.26,1.428e+4,5.255e-1,7.358e-14,1.649e-21,1.428e+4,,1.956e-23
343.29,1.698e+4,2.024e-1,7.349e-14,1.648e-21,1.698e+4,,1.957e-23
343.31,1.843e+4,1.039e-1,7.342e-14,1.647e-21,1.843e+4,,1.958e-23
343.34,1.981e+4,3.654e-2,7.332e-14,1.647e-21,1.981e+4,,1.959e-23
343.36,2.010e+4,1.793e-2,7.326e-14,1.646e-21,2.010e+4,,1.959e-23
343.38,1.988e+4,9.288e-3,7.319e-14,1.645e-21,1.988e+4,,1.960e-23
343.41,1.862e+4,6.687e-3,7.309e-14,1.644e-21,1.862e+4,,1.961e-23
343.43,1.730e+4,1.106e-2,7.302e-14,1.644e-21,1.730e+4,,1.961e-23
343.46,1.486e+4,3.519e-2,7.293e-14,1.643e-21,1.486e+4,,1.962e-23
343.48,1.312e+4,7.793e-2,7.286e-14,1.642e-21,1.312e+4,,1.963e-23
343.51,1.068e+4,2.464e-1,7.276e-14,1.641e-21,1.068e+4,,1.964e-23
343.53,9.296e+3,5.140e-1,7.270e-14,1.640e-21,9.295e+3,,1.964e-23
343.56,7.750e+3,1.472e+0,7.260e-14,1.639e-21,7.748e+3,,1.965e-23
343.58,7.099e+3,2.872e+0,7.253e-14,1.639e-21,7.096e+3,,1.966e-23
343.61,6.644e+3,7.442e+0,7.243e-14,1.638e-21,6.636e+3,,1.967e-23
343.63,6.615e+3,1.358e+1,7.237e-14,1.637e-21,6.601e+3,,1.967e-23
343.66,6.816e+3,3.183e+1,7.227e-14,1.636e-21,6.784e+3,,1.968e-23
343.68,7.008e+3,5.433e+1,7.220e-14,1.636e-21,6.953e+3,,1.969e-23
343.71,7.228e+3,1.152e+2,7.210e-14,1.635e-21,7.113e+3,,1.969e-23
343.73,7.268e+3,1.840e+2,7.204e-14,1.634e-21,7.084e+3,,1.970e-23
343.76,7.126e+3,3.532e+2,7.194e-14,1.633e-21,6.773e+3,,1.971e-23
343.78,6.910e+3,5.276e+2,7.187e-14,1.632e-21,6.383e+3,,1.972e-23
343.81,6.486e+3,9.165e+2,7.177e-14,1.631e-21,5.570e+3,,1.972e-23
343.83,6.205e+3,1.281e+3,7.171e-14,1.631e-21,4.924e+3,,1.973e-23
343.86,5.908e+3,2.014e+3,7.161e-14,1.630e-21,3.893e+3,,1.974e-23
343.88,5.854e+3,2.635e+3,7.154e-14,1.629e-21,3.219e+3,,1.975e-23
343.90,5.948e+3,3.356e+3,7.148e-14,1.628e-21,2.592e+3,,1.975e-23
343.93,6.371e+3,4.592e+3,7.138e-14,1.627e-21,1.779e+3,,1.976e-23
343.95,6.813e+3,5.474e+3,7.131e-14,1.627e-21,1.339e+3,,1.977e-23
343.98,7.613e+3,6.782e+3,7.121e-14,1.626e-21,8.306e+2,,1.977e-23
344.00,8.154e+3,7.570e+3,7.115e-14,1.625e-21,5.841e+2,,1.978e-23
344.03,8.825e+3,8.497e+3,7.105e-14,1.624e-21,3.276e+2,,1.979e-23
344.05,9.098e+3,8.883e+3,7.098e-14,1.624e-21,2.155e+2,,1.980e-23
344.08,9.155e+3,9.045e+3,7.088e-14,1.623e-21,1.102e+2,,1.980e-23
344.10,8.937e+3,8.867e+3,7.082e-14,1.622e-21,6.955e+1,,1.981e-23
344.13,8.254e+3,8.216e+3,7.072e-14,1.621e-21,3.810e+1,,1.982e-23
344.15,7.611e+3,7.579e+3,7.065e-14,1.620e-21,3.207e+1,,1.983e-23
344.18,6.489e+3,6.445e+3,7.056e-14,1.619e-21,4.438e+1,,1.983e-23
344.20,5.719e+3,5.648e+3,7.049e-14,1.619e-21,7.105e+1,,1.984e-23
344.23,4.668e+3,4.511e+3,7.039e-14,1.618e-21,1.568e+2,,1.985e-23
344.25,4.109e+3,3.846e+3,7.033e-14,1.617e-21,2.634e+2,,1.985e-23
344.28,3.589e+3,3.039e+3,7.023e-14,1.616e-21,5.495e+2,,1.986e-23
344.30,3.506e+3,2.637e+3,7.016e-14,1.616e-21,8.685e+2,,1.987e-23
344.33,3.861e+3,2.219e+3,7.006e-14,1.615e-21,1.641e+3,,1.988e-23
344.35,4.467e+3,2.041e+3,7.000e-14,1.614e-21,2.426e+3,,1.988e-23
344.38,6.017e+3,1.874e+3,6.990e-14,1.613e-21,4.144e+3,,1.989e-23
344.40,7.526e+3,1.801e+3,6.983e-14,1.612e-21,5.726e+3,,1.990e-23
344.42,9.440e+3,1.739e+3,6.977e-14,1.612e-21,7.701e+3,,1.991e-23
344.45,1.306e+4,1.640e+3,6.967e-14,1.611e-21,1.142e+4,,1.991e-23
344.47,1.592e+4,1.559e+3,6.960e-14,1.610e-21,1.436e+4,,1.992e-23
344.50,2.066e+4,1.408e+3,6.950e-14,1.609e-21,1.925e+4,,1.993e-23
344.52,2.391e+4,1.288e+3,6.944e-14,1.608e-21,2.263e+4,,1.993e-23
344.55,2.850e+4,1.090e+3,6.934e-14,1.607e-21,2.741e+4,,1.994e-23
344.57,3.108e+4,9.521e+2,6.927e-14,1.607e-21,3.012e+4,,1.995e-23
344.60,3.374e+4,7.486e+2,6.917e-14,1.606e-21,3.299e+4,,1.996e-23
344.62,3.452e+4,6.218e+2,6.911e-14,1.605e-21,3.389e+4,,1.996e-23
344.65,3.401e+4,4.530e+2,6.901e-14,1.604e-21,3.355e+4,,1.997e-23
344.67,3.258e+4,3.580e+2,6.894e-14,1.604e-21,3.222e+4,,1.998e-23
344.70,2.908e+4,2.441e+2,6.884e-14,1.603e-21,2.883e+4,,1.999e-23
344.72,2.608e+4,1.870e+2,6.878e-14,1.602e-21,2.589e+4,,1.999e-23
344.75,2.107e+4,1.278e+2,6.868e-14,1.601e-21,2.094e+4,,2.000e-23
344.77,1.768e+4,1.043e+2,6.861e-14,1.600e-21,1.758e+4,,2.001e-23
344.80,1.294e+4,8.985e+1,6.851e-14,1.599e-21,1.285e+4,,2.002e-23
344.82,1.018e+4,9.223e+1,6.845e-14,1.599e-21,1.009e+4,,2.002e-23
344.85,6.790e+3,1.109e+2,6.835e-14,1.598e-21,6.679e+3,,2.003e-23
344.87,5.048e+3,1.316e+2,6.828e-14,1.597e-21,4.916e+3,,2.004e-23
344.89,3.697e+3,1.577e+2,6.822e-14,1.597e-21,3.540e+3,,2.004e-23
344.92,2.314e+3,2.037e+2,6.812e-14,1.596e-21,2.110e+3,,2.005e-23
344.94,1.748e+3,2.369e+2,6.805e-14,1.595e-21,1.512e+3,,2.006e-23
344.97,1.323e+3,2.865e+2,6.795e-14,1.594e-21,1.037e+3,,2.007e-23
344.99,1.271e+3,3.172e+2,6.789e-14,1.593e-21,9.534e+2,,2.007e-23
345.02,1.484e+3,3.565e+2,6.779e-14,1.592e-21,1.127e+3,,2.008e-23
345.04,1.805e+3,3.764e+2,6.772e-14,1.592e-21,1.429e+3,,2.009e-23
345.07,2.549e+3,3.954e+2,6.763e-14,1.591e-21,2.153e+3,,2.010e-23
345.09,3.216e+3,4.002e+2,6.756e-14,1.590e-21,2.815e+3,,2.010e-23
345.12,4.452e+3,3.956e+2,6.746e-14,1.589e-21,4.057e+3,,2.011e-23
345.14,5.406e+3,3.851e+2,6.740e-14,1.588e-21,5.021e+3,,2.012e-23
345.17,6.942e+3,3.593e+2,6.730e-14,1.587e-21,6.583e+3,,2.013e-23
345.19,7.966e+3,3.364e+2,6.723e-14,1.587e-21,7.629e+3,,2.013e-23
345.22,9.348e+3,2.954e+2,6.713e-14,1.586e-21,9.052e+3,,2.014e-23
345.24,1.008e+4,2.650e+2,6.707e-14,1.585e-21,9.811e+3,,2.015e-23
345.27,1.075e+4,2.174e+2,6.697e-14,1.584e-21,1.053e+4,,2.016e-23
345.29,1.086e+4,1.859e+2,6.690e-14,1.584e-21,1.067e+4,,2.016e-23
345.32,1.050e+4,1.413e+2,6.680e-14,1.583e-21,1.036e+4,,2.017e-23
345.34,9.932e+3,1.145e+2,6.674e-14,1.582e-21,9.818e+3,,2.018e-23
345.37,8.707e+3,7.997e+1,6.664e-14,1.581e-21,8.627e+3,,2.019e-23
345.39,7.725e+3,6.112e+1,6.657e-14,1.580e-21,7.664e+3,,2.019e-23
345.41,6.692e+3,4.559e+1,6.651e-14,1.580e-21,6.647e+3,,2.020e-23
345.44,5.196e+3,2.803e+1,6.641e-14,1.579e-21,5.168e+3,,2.021e-23
345.46,4.327e+3,1.965e+1,6.634e-14,1.578e-21,4.307e+3,,2.021e-23
345.49,3.354e+3,1.100e+1,6.624e-14,1.577e-21,3.343e+3,,2.022e-23
345.51,2.996e+3,7.256e+0,6.618e-14,1.577e-21,2.989e+3,,2.023e-23
345.54,3.014e+3,3.772e+0,6.608e-14,1.576e-21,3.011e+3,,2.024e-23
345.56,3.466e+3,2.460e+0,6.601e-14,1.575e-21,3.464e+3,,2.024e-23
345.59,4.932e+3,1.517e+0,6.591e-14,1.574e-21,4.931e+3,,2.025e-23
345.61,6.506e+3,1.411e+0,6.585e-14,1.573e-21,6.505e+3,,2.026e-23
345.64,9.856e+3,1.943e+0,6.575e-14,1.572e-21,9.854e+3,,2.027e-23
345.66,1.276e+4,2.805e+0,6.568e-14,1.572e-21,1.276e+4,,2.027e-23
345.69,1.804e+4,5.074e+0,6.558e-14,1.571e-21,1.803e+4,,2.028e-23
345.71,2.202e+4,7.427e+0,6.552e-14,1.570e-21,2.202e+4,,2.029e-23
345.74,2.832e+4,1.260e+1,6.542e-14,1.569e-21,2.831e+4,,2.030e-23
345.76,3.243e+4,1.736e+1,6.535e-14,1.568e-21,3.241e+4,,2.030e-23
345.79,3.785e+4,2.671e+1,6.526e-14,1.567e-21,3.783e+4,,2.031e-23
345.81,4.067e+4,3.443e+1,6.519e-14,1.567e-21,4.064e+4,,2.032e-23
345.84,4.330e+4,4.792e+1,6.509e-14,1.566e-21,4.325e+4,,2.033e-23
345.86,4.390e+4,5.778e+1,6.502e-14,1.565e-21,4.384e+4,,2.033e-23
345.89,4.322e+4,7.277e+1,6.493e-14,1.564e-21,4.315e+4,,2.034e-23
345.91,4.197e+4,8.207e+1,6.486e-14,1.564e-21,4.188e+4,,2.035e-23
345.93,4.037e+4,9.012e+1,6.479e-14,1.563e-21,4.027e+4,,2.035e-23
345.96,3.794e+4,9.863e+1,6.470e-14,1.562e-21,3.785e+4,,2.036e-23
345.98,3.671e+4,1.013e+2,6.463e-14,1.561e-21,3.661e+4,,2.037e-23
346.01,3.593e+4,1.003e+2,6.453e-14,1.560e-21,3.583e+4,,2.038e-23
346.03,3.623e+4,9.639e+1,6.447e-14,1.560e-21,3.614e+4,,2.038e-23
346.06,3.780e+4,8.643e+1,6.437e-14,1.559e-21,3.771e+4,,2.039e-23
346.08,3.933e+4,7.782e+1,6.430e-14,1.558e-21,3.925e+4,,2.040e-23
346.11,4.171e+4,6.358e+1,6.420e-14,1.557e-21,4.165e+4,,2.041e-23
346.13,4.293e+4,5.423e+1,6.414e-14,1.557e-21,4.288e+4,,2.041e-23
346.16,4.359e+4,4.218e+1,6.404e-14,1.556e-21,4.355e+4,,2.042e-23
346.18,4.300e+4,3.652e+1,6.397e-14,1.555e-21,4.296e+4,,2.043e-23
346.21,4.040e+4,3.361e+1,6.387e-14,1.554e-21,4.036e+4,,2.044e-23
346.23,3.761e+4,3.683e+1,6.381e-14,1.553e-21,3.758e+4,,2.044e-23
346.26,3.225e+4,5.272e+1,6.371e-14,1.552e-21,3.220e+4,,2.045e-23
346.28,2.820e+4,7.323e+1,6.364e-14,1.552e-21,2.813e+4,,2.046e-23
346.31,2.199e+4,1.243e+2,6.354e-14,1.551e-21,2.186e+4,,2.047e-23
346.33,1.806e+4,1.755e+2,6.348e-14,1.550e-21,1.789e+4,,2.047e-23
346.36,1.288e+4,2.839e+2,6.338e-14,1.549e-21,1.259e+4,,2.048e-23
346.38,1.002e+4,3.798e+2,6.331e-14,1.548e-21,9.638e+3,,2.049e-23
346.41,6.701e+3,5.601e+2,6.321e-14,1.547e-21,6.141e+3,,2.049e-23
346.43,5.100e+3,7.023e+2,6.315e-14,1.547e-21,4.398e+3,,2.050e-23
346.45,3.924e+3,8.575e+2,6.308e-14,1.546e-21,3.066e+3,,2.051e-23
346.48,2.799e+3,1.101e+3,6.298e-14,1.545e-21,1.698e+3,,2.052e-23
346.50,2.366e+3,1.258e+3,6.292e-14,1.545e-21,1.108e+3,,2.052e-23
346.53,2.017e+3,1.461e+3,6.282e-14,1.544e-21,5.551e+2,,2.053e-23
346.55,1.901e+3,1.563e+3,6.275e-14,1.543e-21,3.387e+2,,2.054e-23
346.58,1.798e+3,1.644e+3,6.265e-14,1.542e-21,1.535e+2,,2.055e-23
346.60,1.733e+3,1.645e+3,6.259e-14,1.541e-21,8.765e+1,,2.055e-23
346.63,1.605e+3,1.569e+3,6.249e-14,1.540e-21,3.598e+1,,2.056e-23
346.65,1.491e+3,1.472e+3,6.242e-14,1.540e-21,1.928e+1,,2.057e-23
346.68,1.282e+3,1.275e+3,6.233e-14,1.539e-21,7.398e+0,,2.057e-23
346.70,1.128e+3,1.124e+3,6.226e-14,1.538e-21,4.139e+0,,2.058e-23
346.73,8.936e+2,8.907e+2,6.216e-14,1.537e-21,2.886e+0,,2.059e-23
346.75,7.473e+2,7.434e+2,6.209e-14,1.537e-21,3.887e+0,,2.060e-23
346.78,5.579e+2,5.490e+2,6.200e-14,1.536e-21,8.910e+0,,2.060e-23
346.80,4.580e+2,4.418e+2,6.193e-14,1.535e-21,1.617e+1,,2.061e-23
346.83,3.544e+2,3.161e+2,6.183e-14,1.534e-21,3.827e+1,,2.062e-23
346.85,3.197e+2,2.538e+2,6.177e-14,1.533e-21,6.591e+1,,2.063e-23
346.88,3.281e+2,1.863e+2,6.167e-14,1.532e-21,1.418e+2,,2.063e-23
346.90,3.831e+2,1.545e+2,6.160e-14,1.532e-21,2.286e+2,,2.064e-23
346.92,4.890e+2,1.300e+2,6.154e-14,1.531e-21,3.590e+2,,2.065e-23
346.95,7.743e+2,1.024e+2,6.144e-14,1.530e-21,6.719e+2,,2.065e-23
346.97,1.075e+3,8.772e+1,6.137e-14,1.529e-21,9.873e+2,,2.066e-23
347.00,1.742e+3,6.891e+1,6.127e-14,1.528e-21,1.673e+3,,2.067e-23
347.02,2.358e+3,5.792e+1,6.121e-14,1.528e-21,2.300e+3,,2.068e-23
347.05,3.572e+3,4.361e+1,6.111e-14,1.527e-21,3.529e+3,,2.068e-23
347.07,4.576e+3,3.576e+1,6.104e-14,1.526e-21,4.541e+3,,2.069e-23
347.10,6.333e+3,2.726e+1,6.094e-14,1.525e-21,6.306e+3,,2.070e-23
347.12,7.618e+3,2.445e+1,6.088e-14,1.525e-21,7.593e+3,,2.071e-23
347.15,9.572e+3,2.629e+1,6.078e-14,1.524e-21,9.546e+3,,2.071e-23
347.17,1.079e+4,3.313e+1,6.071e-14,1.523e-21,1.076e+4,,2.072e-23
347.20,1.230e+4,5.591e+1,6.061e-14,1.522e-21,1.224e+4,,2.073e-23
347.22,1.299e+4,8.289e+1,6.055e-14,1.521e-21,1.291e+4,,2.073e-23
347.25,1.345e+4,1.488e+2,6.045e-14,1.520e-21,1.330e+4,,2.074e-23
347.27,1.334e+4,2.153e+2,6.038e-14,1.520e-21,1.313e+4,,2.075e-23
347.30,1.260e+4,3.588e+2,6.028e-14,1.519e-21,1.224e+4,,2.076e-23
347.32,1.179e+4,4.892e+2,6.022e-14,1.518e-21,1.131e+4,,2.076e-23
347.35,1.029e+4,7.428e+2,6.012e-14,1.517e-21,9.546e+3,,2.077e-23
347.37,9.200e+3,9.508e+2,6.005e-14,1.517e-21,8.250e+3,,2.078e-23
347.40,7.620e+3,1.314e+3,5.995e-14,1.516e-21,6.306e+3,,2.079e-23
347.42,6.680e+3,1.581e+3,5.989e-14,1.515e-21,5.100e+3,,2.079e-23
347.44,5.872e+3,1.855e+3,5.982e-14,1.514e-21,4.016e+3,,2.080e-23
347.47,4.926e+3,2.255e+3,5.972e-14,1.513e-21,2.671e+3,,2.081e-23
347.49,4.462e+3,2.493e+3,5.966e-14,1.513e-21,1.968e+3,,2.081e-23
347.52,3.960e+3,2.775e+3,5.956e-14,1.512e-21,1.185e+3,,2.082e-23
347.54,3.713e+3,2.896e+3,5.949e-14,1.511e-21,8.172e+2,,2.083e-23
347.57,3.407e+3,2.962e+3,5.940e-14,1.510e-21,4.453e+2,,2.084e-23
347.59,3.214e+3,2.926e+3,5.933e-14,1.509e-21,2.874e+2,,2.084e-23
347.62,2.904e+3,2.762e+3,5.923e-14,1.508e-21,1.418e+2,,2.085e-23
347.64,2.675e+3,2.590e+3,5.916e-14,1.508e-21,8.564e+1,,2.086e-23
347.67,2.302e+3,2.264e+3,5.907e-14,1.507e-21,3.825e+1,,2.087e-23
347.69,2.040e+3,2.019e+3,5.900e-14,1.506e-21,2.162e+1,,2.087e-23
347.72,1.648e+3,1.639e+3,5.890e-14,1.505e-21,8.744e+0,,2.088e-23
347.74,1.396e+3,1.392e+3,5.884e-14,1.505e-21,4.631e+0,,2.089e-23
347.77,1.052e+3,1.050e+3,5.874e-14,1.504e-21,1.718e+0,,2.090e-23
347.79,8.498e+2,8.489e+2,5.867e-14,1.503e-21,8.953e-1,,2.090e-23
347.82,5.947e+2,5.943e+2,5.857e-14,1.502e-21,4.574e-1,,2.091e-23
347.84,4.572e+2,4.567e+2,5.851e-14,1.501e-21,4.999e-1,,2.092e-23
347.87,2.969e+2,2.958e+2,5.841e-14,1.500e-21,1.087e+0,,2.093e-23
347.89,2.176e+2,2.155e+2,5.834e-14,1.500e-21,2.044e+0,,2.093e-23
347.92,1.338e+2,1.286e+2,5.824e-14,1.499e-21,5.191e+0,,2.094e-23
347.94,9.803e+1,8.864e+1,5.818e-14,1.498e-21,9.388e+0,,2.095e-23
347.96,7.623e+1,5.969e+1,5.811e-14,1.497e-21,1.655e+1,,2.095e-23
347.99,6.842e+1,3.156e+1,5.801e-14,1.497e-21,3.686e+1,,2.096e-23
348.01,8.085e+1,2.003e+1,5.795e-14,1.496e-21,6.082e+1,,2.097e-23
348.04,1.324e+2,9.676e+0,5.785e-14,1.495e-21,1.227e+2,,2.098e-23
348.06,1.954e+2,5.776e+0,5.778e-14,1.494e-21,1.896e+2,,2.098e-23
348.09,3.491e+2,2.543e+0,5.768e-14,1.493e-21,3.466e+2,,2.099e-23
348.11,5.027e+2,1.426e+0,5.762e-14,1.493e-21,5.013e+2,,2.100e-23
348.14,8.306e+2,5.708e-1,5.752e-14,1.492e-21,8.301e+2,,2.101e-23
348.16,1.124e+3,3.003e-1,5.745e-14,1.491e-21,1.124e+3,,2.101e-23
348.19,1.686e+3,1.092e-1,5.735e-14,1.490e-21,1.686e+3,,2.102e-23
348.21,2.138e+3,5.388e-2,5.729e-14,1.489e-21,2.138e+3,,2.103e-23
348.24,2.904e+3,1.779e-2,5.719e-14,1.488e-21,2.904e+3,,2.104e-23
348.26,3.447e+3,8.232e-3,5.712e-14,1.488e-21,3.447e+3,,2.104e-23
348.29,4.243e+3,2.511e-3,5.702e-14,1.487e-21,4.243e+3,,2.105e-23
348.31,4.714e+3,1.189e-3,5.696e-14,1.486e-21,4.714e+3,,2.106e-23
348.34,5.256e+3,7.446e-4,5.686e-14,1.485e-21,5.256e+3,,2.107e-23
348.36,5.468e+3,1.171e-3,5.679e-14,1.485e-21,5.468e+3,,2.107e-23
348.39,5.523e+3,3.573e-3,5.670e-14,1.484e-21,5.523e+3,,2.108e-23
348.41,5.379e+3,7.733e-3,5.663e-14,1.483e-21,5.379e+3,,2.109e-23
348.44,4.921e+3,2.377e-2,5.653e-14,1.482e-21,4.921e+3,,2.110e-23
348.46,4.487e+3,4.884e-2,5.647e-14,1.481e-21,4.487e+3,,2.110e-23
348.48,3.985e+3,9.806e-2,5.640e-14,1.481e-21,3.985e+3,,2.111e-23
348.51,3.175e+3,2.672e-1,5.630e-14,1.480e-21,3.174e+3,,2.112e-23
348.53,2.640e+3,5.064e-1,5.623e-14,1.479e-21,2.639e+3,,2.112e-23
348.56,1.906e+3,1.266e+0,5.614e-14,1.478e-21,1.905e+3,,2.113e-23
348.58,1.485e+3,2.267e+0,5.607e-14,1.477e-21,1.483e+3,,2.114e-23
348.61,9.744e+2,5.203e+0,5.597e-14,1.477e-21,9.691e+2,,2.115e-23
348.63,7.151e+2,8.798e+0,5.591e-14,1.476e-21,7.063e+2,,2.115e-23
348.66,4.368e+2,1.854e+1,5.581e-14,1.475e-21,4.183e+2,,2.116e-23
348.68,3.151e+2,2.960e+1,5.574e-14,1.474e-21,2.855e+2,,2.117e-23
348.71,2.108e+2,5.720e+1,5.564e-14,1.473e-21,1.536e+2,,2.118e-23
348.73,1.851e+2,8.621e+1,5.558e-14,1.473e-21,9.888e+1,,2.118e-23
348.76,2.035e+2,1.527e+2,5.548e-14,1.472e-21,5.084e+1,,2.119e-23
348.78,2.521e+2,2.170e+2,5.541e-14,1.471e-21,3.510e+1,,2.120e-23
348.81,3.822e+2,3.516e+2,5.531e-14,1.470e-21,3.059e+1,,2.121e-23
348.83,5.117e+2,4.707e+2,5.525e-14,1.469e-21,4.094e+1,,2.121e-23
348.86,7.828e+2,6.970e+2,5.515e-14,1.468e-21,8.585e+1,,2.122e-23
348.88,1.026e+3,8.783e+2,5.508e-14,1.468e-21,1.474e+2,,2.123e-23
348.91,1.511e+3,1.187e+3,5.498e-14,1.467e-21,3.243e+2,,2.124e-23
348.93,1.939e+3,1.406e+3,5.492e-14,1.466e-21,5.332e+2,,2.124e-23
348.95,2.480e+3,1.625e+3,5.485e-14,1.466e-21,8.547e+2,,2.125e-23
348.98,3.579e+3,1.927e+3,5.475e-14,1.465e-21,1.652e+3,,2.126e-23
349.00,4.572e+3,2.092e+3,5.469e-14,1.464e-21,2.480e+3,,2.126e-23
349.03,6.601e+3,2.257e+3,5.459e-14,1.463e-21,4.345e+3,,2.127e-23
349.05,8.410e+3,2.300e+3,5.452e-14,1.462e-21,6.110e+3,,2.128e-23
349.08,1.196e+4,2.255e+3,5.442e-14,1.461e-21,9.701e+3,,2.129e-23
349.10,1.493e+4,2.156e+3,5.436e-14,1.461e-21,1.278e+4,,2.129e-23
349.13,2.031e+4,1.921e+3,5.426e-14,1.460e-21,1.838e+4,,2.130e-23
349.15,2.440e+4,1.723e+3,5.419e-14,1.459e-21,2.268e+4,,2.131e-23
349.18,3.097e+4,1.395e+3,5.409e-14,1.458e-21,2.957e+4,,2.132e-23
349.20,3.534e+4,1.175e+3,5.403e-14,1.457e-21,3.416e+4,,2.132e-23
349.23,4.125e+4,8.683e+2,5.393e-14,1.457e-21,4.038e+4,,2.133e-23
349.25,4.438e+4,6.905e+2,5.386e-14,1.456e-21,4.369e+4,,2.134e-23
349.28,4.727e+4,4.745e+2,5.377e-14,1.455e-21,4.680e+4,,2.135e-23
349.30,4.778e+4,3.659e+2,5.370e-14,1.454e-21,4.742e+4,,2.135e-23
349.33,4.629e+4,2.530e+2,5.360e-14,1.453e-21,4.604e+4,,2.136e-23
349.35,4.389e+4,2.073e+2,5.354e-14,1.453e-21,4.369e+4,,2.137e-23
349.38,3.862e+4,1.746e+2,5.344e-14,1.452e-21,3.844e+4,,2.137e-23
349.40,3.433e+4,1.719e+2,5.337e-14,1.451e-21,3.416e+4,,2.138e-23
349.43,2.744e+4,1.897e+2,5.327e-14,1.450e-21,2.725e+4,,2.139e-23
349.45,2.289e+4,2.128e+2,5.321e-14,1.449e-21,2.268e+4,,2.140e-23
349.47,1.863e+4,2.432e+2,5.314e-14,1.449e-21,1.838e+4,,2.140e-23
349.50,1.308e+4,3.008e+2,5.304e-14,1.448e-21,1.278e+4,,2.141e-23
349.52,1.005e+4,3.468e+2,5.298e-14,1.447e-21,9.701e+3,,2.142e-23
349.55,6.538e+3,4.273e+2,5.288e-14,1.446e-21,6.110e+3,,2.143e-23
349.57,4.834e+3,4.887e+2,5.281e-14,1.446e-21,4.345e+3,,2.143e-23
349.60,3.073e+3,5.910e+2,5.271e-14,1.445e-21,2.482e+3,,2.144e-23
349.62,2.318e+3,6.642e+2,5.265e-14,1.444e-21,1.654e+3,,2.145e-23
349.65,1.636e+3,7.753e+2,5.255e-14,1.443e-21,8.609e+2,,2.145e-23
349.67,1.389e+3,8.453e+2,5.248e-14,1.442e-21,5.440e+2,,2.146e-23
349.70,1.208e+3,9.339e+2,5.238e-14,1.441e-21,2.744e+2,,2.147e-23
349.72,1.162e+3,9.759e+2,5.232e-14,1.441e-21,1.861e+2,,2.148e-23
349.75,1.147e+3,1.004e+3,5.222e-14,1.440e-21,1.425e+2,,2.148e-23
349.77,1.155e+3,9.973e+2,5.215e-14,1.439e-21,1.577e+2,,2.149e-23
349.80,1.184e+3,9.463e+2,5.205e-14,1.438e-21,2.380e+2,,2.150e-23
349.82,1.219e+3,8.879e+2,5.199e-14,1.438e-21,3.309e+2,,2.151e-23
349.85,1.308e+3,7.720e+2,5.189e-14,1.437e-21,5.364e+2,,2.151e-23
349.87,1.405e+3,6.825e+2,5.182e-14,1.436e-21,7.223e+2,,2.152e-23
349.90,1.620e+3,5.419e+2,5.172e-14,1.435e-21,1.078e+3,,2.153e-23
349.92,1.813e+3,4.505e+2,5.166e-14,1.434e-21,1.363e+3,,2.153e-23
349.95,2.172e+3,3.260e+2,5.156e-14,1.433e-21,1.846e+3,,2.154e-23
349.97,2.442e+3,2.546e+2,5.149e-14,1.433e-21,2.188e+3,,2.155e-23
349.99,2.719e+3,1.940e+2,5.143e-14,1.432e-21,2.525e+3,,2.156e-23
350.02,3.106e+3,1.230e+2,5.133e-14,1.431e-21,2.983e+3,,2.156e-23
350.04,3.314e+3,8.793e+1,5.126e-14,1.430e-21,3.226e+3,,2.157e-23
350.07,3.505e+3,5.068e+1,5.116e-14,1.429e-21,3.455e+3,,2.158e-23
350.09,3.534e+3,3.400e+1,5.110e-14,1.429e-21,3.500e+3,,2.159e-23
350.12,3.416e+3,1.781e+1,5.100e-14,1.428e-21,3.399e+3,,2.159e-23
350.14,3.237e+3,1.121e+1,5.093e-14,1.427e-21,3.226e+3,,2.160e-23
350.17,2.845e+3,5.330e+0,5.084e-14,1.426e-21,2.840e+3,,2.161e-23
350.19,2.528e+3,3.145e+0,5.077e-14,1.426e-21,2.525e+3,,2.161e-23
350.22,2.017e+3,1.359e+0,5.067e-14,1.425e-21,2.016e+3,,2.162e-23
350.24,1.680e+3,7.521e-1,5.060e-14,1.424e-21,1.679e+3,,2.163e-23
350.27,1.216e+3,2.967e-1,5.051e-14,1.423e-21,1.216e+3,,2.164e-23
350.29,9.488e+2,1.572e-1,5.044e-14,1.422e-21,9.486e+2,,2.164e-23
350.32,6.227e+2,6.731e-2,5.034e-14,1.421e-21,6.227e+2,,2.165e-23
350.34,4.552e+2,5.193e-2,5.028e-14,1.421e-21,4.552e+2,,2.166e-23
350.37,2.710e+2,7.553e-2,5.018e-14,1.420e-21,2.709e+2,,2.167e-23
350.39,1.857e+2,1.273e-1,5.011e-14,1.419e-21,1.855e+2,,2.167e-23
350.42,1.005e+2,2.951e-1,5.001e-14,1.418e-21,1.002e+2,,2.168e-23
350.44,6.495e+1,5.079e-1,4.995e-14,1.418e-21,6.444e+1,,2.169e-23
350.46,4.146e+1,8.536e-1,4.988e-14,1.417e-21,4.060e+1,,2.169e-23
350.49,2.201e+1,1.773e+0,4.978e-14,1.416e-21,2.024e+1,,2.170e-23
350.51,1.654e+1,2.794e+0,4.972e-14,1.415e-21,1.375e+1,,2.171e-23
350.54,1.717e+1,5.266e+0,4.962e-14,1.414e-21,1.190e+1,,2.172e-23
350.56,2.377e+1,7.777e+0,4.955e-14,1.414e-21,1.599e+1,,2.172e-23
350.59,4.680e+1,1.329e+1,4.945e-14,1.413e-21,3.351e+1,,2.173e-23
350.61,7.573e+1,1.840e+1,4.939e-14,1.412e-21,5.733e+1,,2.174e-23
350.64,1.538e+2,2.853e+1,4.929e-14,1.411e-21,1.252e+2,,2.175e-23
350.66,2.419e+2,3.700e+1,4.922e-14,1.410e-21,2.049e+2,,2.175e-23
350.69,4.610e+2,5.205e+1,4.912e-14,1.409e-21,4.089e+2,,2.176e-23
350.71,6.909e+2,6.325e+1,4.906e-14,1.409e-21,6.277e+2,,2.177e-23
350.74,1.218e+3,8.071e+1,4.896e-14,1.408e-21,1.137e+3,,2.178e-23
350.76,1.727e+3,9.191e+1,4.889e-14,1.407e-21,1.635e+3,,2.178e-23
350.79,2.794e+3,1.064e+2,4.879e-14,1.406e-21,2.687e+3,,2.179e-23
350.81,3.736e+3,1.135e+2,4.873e-14,1.406e-21,3.622e+3,,2.180e-23
350.84,5.519e+3,1.193e+2,4.863e-14,1.405e-21,5.400e+3,,2.181e-23
350.86,6.941e+3,1.193e+2,4.856e-14,1.404e-21,6.822e+3,,2.181e-23
350.89,9.340e+3,1.138e+2,4.847e-14,1.403e-21,9.226e+3,,2.182e-23
350.91,1.103e+4,1.070e+2,4.840e-14,1.402e-21,1.092e+4,,2.183e-23
350.94,1.350e+4,9.333e+1,4.830e-14,1.401e-21,1.340e+4,,2.184e-23
350.96,1.495e+4,8.319e+1,4.823e-14,1.401e-21,1.487e+4,,2.184e-23
350.98,1.615e+4,7.328e+1,4.817e-14,1.400e-21,1.608e+4,,2.185e-23
351.01,1.728e+4,6.098e+1,4.807e-14,1.399e-21,1.722e+4,,2.186e-23
351.03,1.751e+4,5.597e+1,4.800e-14,1.398e-21,1.746e+4,,2.186e-23
351.06,1.705e+4,5.585e+1,4.791e-14,1.398e-21,1.700e+4,,2.187e-23
351.08,1.626e+4,6.227e+1,4.784e-14,1.397e-21,1.619e+4,,2.188e-23
351.11,1.452e+4,8.435e+1,4.774e-14,1.396e-21,1.443e+4,,2.189e-23
351.13,1.316e+4,1.089e+2,4.767e-14,1.395e-21,1.305e+4,,2.189e-23
351.16,1.115e+4,1.624e+2,4.758e-14,1.394e-21,1.099e+4,,2.190e-23
351.18,1.003e+4,2.098e+2,4.751e-14,1.394e-21,9.820e+3,,2.191e-23
351.21,9.011e+3,2.973e+2,4.741e-14,1.393e-21,8.714e+3,,2.192e-23
351.23,8.944e+3,3.648e+2,4.735e-14,1.392e-21,8.579e+3,,2.192e-23
351.26,9.997e+3,4.733e+2,4.725e-14,1.391e-21,9.523e+3,,2.193e-23
351.28,1.156e+4,5.455e+2,4.718e-14,1.390e-21,1.102e+4,,2.194e-23
351.31,1.526e+4,6.433e+2,4.708e-14,1.389e-21,1.461e+4,,2.195e-23
351.33,1.857e+4,6.953e+2,4.702e-14,1.389e-21,1.788e+4,,2.195e-23
351.36,2.459e+4,7.442e+2,4.692e-14,1.388e-21,2.385e+4,,2.196e-23
351.38,2.906e+4,7.539e+2,4.685e-14,1.387e-21,2.831e+4,,2.197e-23
351.41,3.588e+4,7.322e+2,4.675e-14,1.386e-21,3.514e+4,,2.198e-23
351.43,4.010e+4,6.952e+2,4.669e-14,1.386e-21,3.940e+4,,2.198e-23
351.46,4.525e+4,6.127e+2,4.659e-14,1.385e-21,4.464e+4,,2.199e-23
351.48,4.754e+4,5.452e+2,4.652e-14,1.384e-21,4.699e+4,,2.200e-23
351.50,4.869e+4,4.728e+2,4.646e-14,1.383e-21,4.822e+4,,2.200e-23
351.53,4.811e+4,3.637e+2,4.636e-14,1.382e-21,4.774e+4,,2.201e-23
351.55,4.622e+4,2.956e+2,4.629e-14,1.382e-21,4.593e+4,,2.202e-23
351.58,4.149e+4,2.064e+2,4.619e-14,1.381e-21,4.128e+4,,2.203e-23
351.60,3.739e+4,1.573e+2,4.613e-14,1.380e-21,3.723e+4,,2.203e-23
351.63,3.049e+4,9.985e+1,4.603e-14,1.379e-21,3.039e+4,,2.204e-23
351.65,2.579e+4,7.168e+1,4.596e-14,1.378e-21,2.572e+4,,2.205e-23
351.68,1.917e+4,4.236e+1,4.586e-14,1.378e-21,1.913e+4,,2.206e-23
351.70,1.528e+4,3.002e+1,4.580e-14,1.377e-21,1.525e+4,,2.206e-23
351.73,1.048e+4,2.027e+1,4.570e-14,1.376e-21,1.046e+4,,2.207e-23
351.75,8.017e+3,1.890e+1,4.563e-14,1.375e-21,7.998e+3,,2.208e-23
351.78,5.358e+3,2.443e+1,4.553e-14,1.374e-21,5.333e+3,,2.209e-23
351.80,4.192e+3,3.381e+1,4.547e-14,1.374e-21,4.158e+3,,2.209e-23
351.83,3.166e+3,5.870e+1,4.537e-14,1.373e-21,3.108e+3,,2.210e-23
351.85,2.849e+3,8.438e+1,4.530e-14,1.372e-21,2.765e+3,,2.211e-23
351.88,2.740e+3,1.402e+2,4.521e-14,1.371e-21,2.600e+3,,2.212e-23
351.90,2.819e+3,1.909e+2,4.514e-14,1.370e-21,2.628e+3,,2.212e-23
351.93,3.040e+3,2.892e+2,4.504e-14,1.369e-21,2.751e+3,,2.213e-23
351.95,3.203e+3,3.696e+2,4.498e-14,1.369e-21,2.833e+3,,2.214e-23
351.98,3.413e+3,5.086e+2,4.488e-14,1.368e-21,2.905e+3,,2.215e-23
352.00,3.521e+3,6.093e+2,4.481e-14,1.367e-21,2.912e+3,,2.215e-23
352.02,3.611e+3,7.113e+2,4.474e-14,1.367e-21,2.900e+3,,2.216e-23
352.05,3.772e+3,8.550e+2,4.465e-14,1.366e-21,2.917e+3,,2.217e-23
352.07,3.962e+3,9.359e+2,4.458e-14,1.365e-21,3.026e+3,,2.217e-23
352.10,4.546e+3,1.021e+3,4.448e-14,1.364e-21,3.524e+3,,2.218e-23
352.12,5.274e+3,1.048e+3,4.442e-14,1.363e-21,4.225e+3,,2.219e-23
352.15,7.177e+3,1.039e+3,4.432e-14,1.362e-21,6.138e+3,,2.220e-23
352.17,9.193e+3,1.001e+3,4.425e-14,1.362e-21,8.192e+3,,2.220e-23
352.20,1.371e+4,9.044e+2,4.415e-14,1.361e-21,1.280e+4,,2.221e-23
352.22,1.790e+4,8.213e+2,4.409e-14,1.360e-21,1.708e+4,,2.222e-23
352.25,2.616e+4,6.859e+2,4.399e-14,1.359e-21,2.548e+4,,2.223e-23
352.27,3.299e+4,5.991e+2,4.392e-14,1.358e-21,3.239e+4,,2.223e-23
352.30,4.489e+4,4.918e+2,4.382e-14,1.358e-21,4.439e+4,,2.224e-23
352.32,5.356e+4,4.450e+2,4.376e-14,1.357e-21,5.311e+4,,2.225e-23
352.35,6.670e+4,4.256e+2,4.366e-14,1.356e-21,6.628e+4,,2.225e-23
352.37,7.486e+4,4.528e+2,4.359e-14,1.355e-21,7.440e+4,,2.226e-23
352.40,8.491e+4,5.613e+2,4.349e-14,1.354e-21,8.435e+4,,2.227e-23
352.42,8.948e+4,6.807e+2,4.343e-14,1.354e-21,8.880e+4,,2.228e-23
352.45,9.234e+4,9.280e+2,4.333e-14,1.353e-21,9.141e+4,,2.228e-23
352.47,9.137e+4,1.133e+3,4.326e-14,1.352e-21,9.024e+4,,2.229e-23
352.49,8.818e+4,1.363e+3,4.320e-14,1.351e-21,8.682e+4,,2.230e-23
352.52,7.980e+4,1.734e+3,4.310e-14,1.350e-21,7.806e+4,,2.231e-23
352.54,7.240e+4,1.981e+3,4.303e-14,1.350e-21,7.042e+4,,2.231e-23
352.57,5.981e+4,2.318e+3,4.293e-14,1.349e-21,5.749e+4,,2.232e-23
352.59,5.113e+4,2.501e+3,4.287e-14,1.348e-21,4.863e+4,,2.233e-23
352.62,3.873e+4,2.687e+3,4.277e-14,1.347e-21,3.604e+4,,2.233e-23
352.64,3.133e+4,2.741e+3,4.270e-14,1.347e-21,2.859e+4,,2.234e-23
352.67,2.195e+4,2.712e+3,4.260e-14,1.346e-21,1.924e+4,,2.235e-23
352.69,1.693e+4,2.625e+3,4.254e-14,1.345e-21,1.430e+4,,2.236e-23
352.72,1.115e+4,2.413e+3,4.244e-14,1.344e-21,8.740e+3,,2.236e-23
352.74,8.327e+3,2.233e+3,4.237e-14,1.343e-21,6.094e+3,,2.237e-23
352.77,5.317e+3,1.936e+3,4.228e-14,1.342e-21,3.381e+3,,2.238e-23
352.79,3.948e+3,1.738e+3,4.221e-14,1.342e-21,2.210e+3,,2.239e-23
352.82,2.576e+3,1.463e+3,4.211e-14,1.341e-21,1.113e+3,,2.239e-23
352.84,1.987e+3,1.305e+3,4.205e-14,1.340e-21,6.823e+2,,2.240e-23
352.87,1.423e+3,1.111e+3,4.195e-14,1.339e-21,3.120e+2,,2.241e-23
352.89,1.192e+3,1.012e+3,4.188e-14,1.338e-21,1.793e+2,,2.241e-23
352.92,9.765e+2,9.021e+2,4.178e-14,1.338e-21,7.445e+1,,2.242e-23
352.94,8.891e+2,8.490e+2,4.172e-14,1.337e-21,4.012e+1,,2.243e-23
352.97,8.056e+2,7.905e+2,4.162e-14,1.336e-21,1.512e+1,,2.244e-23
352.99,7.688e+2,7.611e+2,4.155e-14,1.335e-21,7.641e+0,,2.244e-23
353.01,7.413e+2,7.376e+2,4.149e-14,1.335e-21,3.763e+0,,2.245e-23
353.04,7.143e+2,7.131e+2,4.139e-14,1.334e-21,1.239e+0,,2.246e-23
353.06,7.066e+2,7.061e+2,4.132e-14,1.333e-21,5.720e-1,,2.247e-23
353.09,7.156e+2,7.154e+2,4.122e-14,1.332e-21,1.710e-1,,2.247e-23
353.11,7.387e+2,7.386e+2,4.116e-14,1.331e-21,7.403e-2,,2.248e-23
353.14,8.026e+2,8.026e+2,4.106e-14,1.330e-21,2.009e-2,,2.249e-23
353.16,8.646e+2,8.646e+2,4.099e-14,1.330e-21,8.156e-3,,2.249e-23
353.19,9.804e+2,9.804e+2,4.089e-14,1.329e-21,2.010e-3,,2.250e-23
353.21,1.066e+3,1.066e+3,4.083e-14,1.328e-21,7.650e-4,,2.251e-23
353.24,1.191e+3,1.191e+3,4.073e-14,1.327e-21,1.712e-4,,2.252e-23
353.26,1.261e+3,1.261e+3,4.066e-14,1.327e-21,6.108e-5,,2.252e-23
353.29,1.332e+3,1.332e+3,4.056e-14,1.326e-21,1.241e-5,,2.253e-23
353.31,1.351e+3,1.351e+3,4.050e-14,1.325e-21,4.151e-6,,2.254e-23
353.34,1.333e+3,1.333e+3,4.040e-14,1.324e-21,7.656e-7,,2.255e-23
353.36,1.294e+3,1.294e+3,4.033e-14,1.323e-21,2.402e-7,,2.255e-23
353.39,1.210e+3,1.210e+3,4.023e-14,1.322e-21,4.022e-8,,2.256e-23
353.41,1.148e+3,1.148e+3,4.017e-14,1.322e-21,1.183e-8,,2.257e-23
353.44,1.069e+3,1.069e+3,4.007e-14,1.321e-21,1.799e-9,,2.258e-23
353.46,1.036e+3,1.036e+3,4.000e-14,1.320e-21,4.961e-10,,2.258e-23
353.49,1.030e+3,1.030e+3,3.991e-14,1.319e-21,6.848e-11,,2.259e-23
353.51,1.058e+3,1.058e+3,3.984e-14,1.318e-21,1.771e-11,,2.260e-23
353.53,1.108e+3,1.108e+3,3.977e-14,1.318e-21,1.635e-11,,2.260e-23
353.56,1.215e+3,1.215e+3,3.967e-14,1.317e-21,1.430e-11,,2.261e-23
353.58,1.297e+3,1.297e+3,3.961e-14,1.316e-21,1.294e-11,,2.262e-23
353.61,1.411e+3,1.411e+3,3.951e-14,1.315e-21,1.090e-11,,2.263e-23
353.63,1.470e+3,1.470e+3,3.944e-14,1.315e-21,9.537e-12,,2.263e-23
353.66,1.514e+3,1.514e+3,3.935e-14,1.314e-21,7.493e-12,,2.264e-23
353.68,1.508e+3,1.508e+3,3.928e-14,1.313e-21,6.131e-12,,2.265e-23
353.71,1.447e+3,1.447e+3,3.918e-14,1.312e-21,4.088e-12,,2.266e-23
353.73,1.376e+3,1.376e+3,3.912e-14,1.311e-21,2.726e-12,,2.266e-23
353.76,1.242e+3,1.242e+3,3.902e-14,1.310e-21,6.821e-13,,2.267e-23
353.78,1.146e+3,1.146e+3,3.895e-14,1.310e-21,2.591e-12,,2.268e-23
353.81,1.017e+3,1.017e+3,3.885e-14,1.309e-21,1.828e-11,,2.269e-23
353.83,9.553e+2,9.553e+2,3.879e-14,1.308e-21,6.515e-11,,2.269e-23
353.86,9.198e+2,9.198e+2,3.869e-14,1.307e-21,4.180e-10,,2.270e-23
353.88,9.442e+2,9.442e+2,3.862e-14,1.307e-21,1.398e-9,,2.271e-23
353.91,1.063e+3,1.063e+3,3.852e-14,1.306e-21,8.153e-9,,2.272e-23
353.93,1.200e+3,1.200e+3,3.846e-14,1.305e-21,2.559e-8,,2.272e-23
353.96,1.487e+3,1.487e+3,3.836e-14,1.304e-21,1.357e-7,,2.273e-23
353.98,1.723e+3,1.723e+3,3.829e-14,1.303e-21,3.996e-7,,2.274e-23
354.01,2.125e+3,2.125e+3,3.819e-14,1.302e-21,1.926e-6,,2.275e-23
354.03,2.407e+3,2.407e+3,3.813e-14,1.302e-21,5.324e-6,,2.275e-23
354.05,2.682e+3,2.682e+3,3.806e-14,1.301e-21,1.435e-5,,2.276e-23
354.08,3.052e+3,3.052e+3,3.796e-14,1.300e-21,6.051e-5,,2.277e-23
354.10,3.249e+3,3.249e+3,3.790e-14,1.299e-21,1.530e-4,,2.277e-23
354.13,3.439e+3,3.439e+3,3.780e-14,1.298e-21,5.867e-4,,2.278e-23
354.15,3.485e+3,3.485e+3,3.773e-14,1.298e-21,1.392e-3,,2.279e-23
354.18,3.424e+3,3.424e+3,3.763e-14,1.297e-21,4.853e-3,,2.280e-23
354.20,3.301e+3,3.301e+3,3.757e-14,1.296e-21,1.081e-2,,2.280e-23
354.23,3.011e+3,3.011e+3,3.747e-14,1.295e-21,3.425e-2,,2.281e-23
354.25,2.765e+3,2.765e+3,3.740e-14,1.295e-21,7.157e-2,,2.282e-23
354.28,2.351e+3,2.351e+3,3.730e-14,1.294e-21,2.062e-1,,2.283e-23
354.30,2.066e+3,2.066e+3,3.724e-14,1.293e-21,4.043e-1,,2.283e-23
354.33,1.656e+3,1.655e+3,3.714e-14,1.292e-21,1.059e+0,,2.284e-23
354.35,1.410e+3,1.408e+3,3.707e-14,1.291e-21,1.949e+0,,2.285e-23
354.38,1.100e+3,1.095e+3,3.698e-14,1.290e-21,4.640e+0,,2.286e-23
354.40,9.367e+2,9.287e+2,3.691e-14,1.290e-21,8.013e+0,,2.286e-23
354.43,7.596e+2,7.423e+2,3.681e-14,1.289e-21,1.734e+1,,2.287e-23
354.45,6.837e+2,6.556e+2,3.674e-14,1.288e-21,2.811e+1,,2.288e-23
354.48,6.256e+2,5.703e+2,3.665e-14,1.287e-21,5.530e+1,,2.289e-23
354.50,6.192e+2,5.351e+2,3.658e-14,1.287e-21,8.412e+1,,2.289e-23
354.52,6.355e+2,5.108e+2,3.651e-14,1.286e-21,1.247e+2,,2.290e-23
354.55,6.989e+2,4.842e+2,3.642e-14,1.285e-21,2.148e+2,,2.291e-23
354.57,7.663e+2,4.674e+2,3.635e-14,1.284e-21,2.989e+2,,2.291e-23
354.60,9.054e+2,4.376e+2,3.625e-14,1.283e-21,4.678e+2,,2.292e-23
354.62,1.024e+3,4.130e+2,3.619e-14,1.283e-21,6.108e+2,,2.293e-23
354.65,1.238e+3,3.687e+2,3.609e-14,1.282e-21,8.691e+2,,2.294e-23
354.67,1.400e+3,3.354e+2,3.602e-14,1.281e-21,1.065e+3,,2.294e-23
354.70,1.660e+3,2.824e+2,3.592e-14,1.280e-21,1.378e+3,,2.295e-23
354.72,1.831e+3,2.470e+2,3.586e-14,1.279e-21,1.584e+3,,2.296e-23
354.75,2.059e+3,1.962e+2,3.576e-14,1.278e-21,1.863e+3,,2.297e-23
354.77,2.176e+3,1.652e+2,3.569e-14,1.278e-21,2.011e+3,,2.297e-23
354.80,2.274e+3,1.242e+2,3.559e-14,1.277e-21,2.150e+3,,2.298e-23
354.82,2.278e+3,1.009e+2,3.553e-14,1.276e-21,2.177e+3,,2.299e-23
354.85,2.188e+3,7.215e+1,3.543e-14,1.275e-21,2.116e+3,,2.300e-23
354.87,2.068e+3,5.698e+1,3.536e-14,1.275e-21,2.011e+3,,2.300e-23
354.90,1.816e+3,3.997e+1,3.526e-14,1.274e-21,1.776e+3,,2.301e-23
354.92,1.617e+3,3.235e+1,3.520e-14,1.273e-21,1.584e+3,,2.302e-23
354.95,1.299e+3,2.662e+1,3.510e-14,1.272e-21,1.273e+3,,2.303e-23
354.97,1.092e+3,2.696e+1,3.503e-14,1.271e-21,1.065e+3,,2.303e-23
355.00,8.127e+2,3.507e+1,3.493e-14,1.270e-21,7.777e+2,,2.304e-23
355.02,6.577e+2,4.685e+1,3.487e-14,1.270e-21,6.108e+2,,2.305e-23
355.04,5.330e+2,6.529e+1,3.480e-14,1.269e-21,4.678e+2,,2.305e-23
355.07,4.084e+2,1.095e+2,3.470e-14,1.268e-21,2.989e+2,,2.306e-23
355.09,3.682e+2,1.535e+2,3.464e-14,1.268e-21,2.148e+2,,2.307e-23
355.12,3.733e+2,2.486e+2,3.454e-14,1.267e-21,1.247e+2,,2.308e-23
355.14,4.205e+2,3.364e+2,3.447e-14,1.266e-21,8.412e+1,,2.308e-23
355.17,5.588e+2,5.144e+2,3.437e-14,1.265e-21,4.442e+1,,2.309e-23
355.19,6.975e+2,6.694e+2,3.431e-14,1.264e-21,2.811e+1,,2.310e-23
355.22,9.785e+2,9.650e+2,3.421e-14,1.263e-21,1.349e+1,,2.311e-23
355.24,1.215e+3,1.207e+3,3.414e-14,1.263e-21,8.013e+0,,2.311e-23
355.27,1.644e+3,1.640e+3,3.405e-14,1.262e-21,3.497e+0,,2.312e-23
355.29,1.974e+3,1.972e+3,3.398e-14,1.261e-21,1.949e+0,,2.313e-23
355.32,2.519e+3,2.519e+3,3.388e-14,1.260e-21,7.731e-1,,2.313e-23
355.34,2.903e+3,2.902e+3,3.381e-14,1.259e-21,4.043e-1,,2.314e-23
355.37,3.474e+3,3.474e+3,3.372e-14,1.258e-21,1.458e-1,,2.315e-23
355.39,3.829e+3,3.829e+3,3.365e-14,1.258e-21,7.157e-2,,2.316e-23
355.42,4.280e+3,4.280e+3,3.355e-14,1.257e-21,2.346e-2,,2.316e-23
355.44,4.504e+3,4.504e+3,3.349e-14,1.256e-21,1.081e-2,,2.317e-23
355.47,4.699e+3,4.699e+3,3.339e-14,1.255e-21,3.221e-3,,2.318e-23
355.49,4.728e+3,4.728e+3,3.332e-14,1.255e-21,1.392e-3,,2.319e-23
355.52,4.625e+3,4.625e+3,3.322e-14,1.254e-21,3.772e-4,,2.319e-23
355.54,4.474e+3,4.474e+3,3.316e-14,1.253e-21,1.530e-4,,2.320e-23
355.56,4.277e+3,4.277e+3,3.309e-14,1.252e-21,6.051e-5,,2.321e-23
355.59,3.932e+3,3.932e+3,3.299e-14,1.251e-21,1.435e-5,,2.321e-23
355.61,3.700e+3,3.700e+3,3.293e-14,1.251e-21,5.324e-6,,2.322e-23
355.64,3.388e+3,3.388e+3,3.283e-14,1.250e-21,1.148e-6,,2.323e-23
355.66,3.223e+3,3.223e+3,3.276e-14,1.249e-21,4.022e-7,,2.324e-23
355.69,3.052e+3,3.052e+3,3.266e-14,1.248e-21,9.407e-8,,2.324e-23
355.71,2.989e+3,2.989e+3,3.260e-14,1.248e-21,7.703e-8,,2.325e-23
355.74,2.952e+3,2.952e+3,3.250e-14,1.247e-21,2.937e-7,,2.326e-23
355.76,2.950e+3,2.950e+3,3.243e-14,1.246e-21,8.872e-7,,2.327e-23
355.79,2.948e+3,2.948e+3,3.233e-14,1.245e-21,4.531e-6,,2.327e-23
355.81,2.929e+3,2.929e+3,3.227e-14,1.244e-21,1.303e-5,,2.328e-23
355.84,2.848e+3,2.848e+3,3.217e-14,1.243e-21,6.067e-5,,2.329e-23
355.86,2.750e+3,2.750e+3,3.210e-14,1.243e-21,1.639e-4,,2.329e-23
355.89,2.532e+3,2.532e+3,3.200e-14,1.242e-21,6.942e-4,,2.330e-23
355.91,2.345e+3,2.345e+3,3.194e-14,1.241e-21,1.761e-3,,2.331e-23
355.94,2.018e+3,2.018e+3,3.184e-14,1.240e-21,6.787e-3,,2.332e-23
355.96,1.782e+3,1.782e+3,3.177e-14,1.239e-21,1.617e-2,,2.332e-23
355.99,1.428e+3,1.427e+3,3.167e-14,1.238e-21,5.671e-2,,2.333e-23
356.01,1.203e+3,1.203e+3,3.161e-14,1.238e-21,1.268e-1,,2.334e-23
356.03,9.965e+2,9.962e+2,3.154e-14,1.237e-21,2.767e-1,,2.335e-23
356.06,7.304e+2,7.296e+2,3.144e-14,1.236e-21,8.503e-1,,2.335e-23
356.08,5.862e+2,5.845e+2,3.138e-14,1.236e-21,1.742e+0,,2.336e-23
356.11,4.229e+2,4.180e+2,3.128e-14,1.235e-21,4.871e+0,,2.337e-23
356.13,3.506e+2,3.413e+2,3.121e-14,1.234e-21,9.369e+0,,2.337e-23
356.16,3.023e+2,2.784e+2,3.112e-14,1.233e-21,2.384e+1,,2.338e-23
356.18,3.169e+2,2.738e+2,3.105e-14,1.232e-21,4.307e+1,,2.339e-23
356.21,4.319e+2,3.322e+2,3.095e-14,1.231e-21,9.972e+1,,2.340e-23
356.23,5.927e+2,4.235e+2,3.088e-14,1.231e-21,1.691e+2,,2.340e-23
356.26,1.016e+3,6.594e+2,3.079e-14,1.230e-21,3.564e+2,,2.341e-23
356.28,1.464e+3,8.962e+2,3.072e-14,1.229e-21,5.677e+2,,2.342e-23
356.31,2.481e+3,1.392e+3,3.062e-14,1.228e-21,1.088e+3,,2.343e-23
356.33,3.453e+3,1.825e+3,3.056e-14,1.228e-21,1.628e+3,,2.343e-23
356.36,5.467e+3,2.627e+3,3.046e-14,1.227e-21,2.840e+3,,2.344e-23
356.38,7.240e+3,3.250e+3,3.039e-14,1.226e-21,3.989e+3,,2.345e-23
356.41,1.061e+4,4.272e+3,3.029e-14,1.225e-21,6.334e+3,,2.346e-23
356.43,1.332e+4,4.970e+3,3.023e-14,1.224e-21,8.353e+3,,2.346e-23
356.46,1.802e+4,5.951e+3,3.013e-14,1.223e-21,1.207e+4,,2.347e-23
356.48,2.145e+4,6.504e+3,3.006e-14,1.223e-21,1.495e+4,,2.348e-23
356.51,2.674e+4,7.095e+3,2.996e-14,1.222e-21,1.965e+4,,2.349e-23
356.53,3.014e+4,7.290e+3,2.990e-14,1.221e-21,2.285e+4,,2.349e-23
356.55,3.323e+4,7.310e+3,2.983e-14,1.220e-21,2.592e+4,,2.350e-23
356.58,3.688e+4,7.021e+3,2.973e-14,1.219e-21,2.986e+4,,2.351e-23
356.60,3.844e+4,6.644e+3,2.967e-14,1.219e-21,3.179e+4,,2.351e-23
356.63,3.922e+4,5.892e+3,2.957e-14,1.218e-21,3.333e+4,,2.352e-23
356.65,3.866e+4,5.333e+3,2.950e-14,1.217e-21,3.333e+4,,2.353e-23
356.68,3.633e+4,4.537e+3,2.940e-14,1.216e-21,3.180e+4,,2.354e-23
356.70,3.397e+4,4.110e+3,2.934e-14,1.216e-21,2.986e+4,,2.354e-23
356.73,2.967e+4,3.743e+3,2.924e-14,1.215e-21,2.592e+4,,2.355e-23
356.75,2.660e+4,3.736e+3,2.917e-14,1.214e-21,2.287e+4,,2.356e-23
356.78,2.223e+4,4.145e+3,2.907e-14,1.213e-21,1.808e+4,,2.357e-23
356.80,1.971e+4,4.716e+3,2.901e-14,1.212e-21,1.500e+4,,2.357e-23
356.83,1.685e+4,6.003e+3,2.891e-14,1.211e-21,1.084e+4,,2.358e-23
356.85,1.562e+4,7.108e+3,2.884e-14,1.211e-21,8.511e+3,,2.359e-23
356.88,1.477e+4,9.020e+3,2.874e-14,1.210e-21,5.753e+3,,2.360e-23
356.90,1.478e+4,1.037e+4,2.868e-14,1.209e-21,4.411e+3,,2.360e-23
356.93,1.538e+4,1.229e+4,2.858e-14,1.208e-21,3.082e+3,,2.361e-23
356.95,1.599e+4,1.339e+4,2.851e-14,1.208e-21,2.596e+3,,2.362e-23
356.98,1.694e+4,1.458e+4,2.842e-14,1.207e-21,2.360e+3,,2.363e-23
357.00,1.744e+4,1.497e+4,2.835e-14,1.206e-21,2.467e+3,,2.363e-23
357.03,1.782e+4,1.490e+4,2.825e-14,1.205e-21,2.920e+3,,2.364e-23
357.05,1.778e+4,1.442e+4,2.819e-14,1.204e-21,3.356e+3,,2.365e-23
357.07,1.748e+4,1.363e+4,2.812e-14,1.204e-21,3.851e+3,,2.365e-23
357.10,1.662e+4,1.201e+4,2.802e-14,1.203e-21,4.614e+3,,2.366e-23
357.12,1.581e+4,1.073e+4,2.795e-14,1.202e-21,5.077e+3,,2.367e-23
357.15,1.434e+4,8.726e+3,2.786e-14,1.201e-21,5.613e+3,,2.368e-23
357.17,1.325e+4,7.425e+3,2.779e-14,1.200e-21,5.823e+3,,2.368e-23
357.20,1.153e+4,5.657e+3,2.769e-14,1.199e-21,5.875e+3,,2.369e-23
357.22,1.038e+4,4.648e+3,2.763e-14,1.199e-21,5.729e+3,,2.370e-23
357.25,8.686e+3,3.423e+3,2.753e-14,1.198e-21,5.263e+3,,2.371e-23
357.27,7.615e+3,2.794e+3,2.746e-14,1.197e-21,4.821e+3,,2.371e-23
357.30,6.131e+3,2.099e+3,2.736e-14,1.196e-21,4.032e+3,,2.372e-23
357.32,5.242e+3,1.773e+3,2.730e-14,1.196e-21,3.469e+3,,2.373e-23
357.35,4.079e+3,1.438e+3,2.720e-14,1.195e-21,2.640e+3,,2.374e-23
357.37,3.424e+3,1.290e+3,2.713e-14,1.194e-21,2.133e+3,,2.374e-23
357.40,2.618e+3,1.139e+3,2.703e-14,1.193e-21,1.478e+3,,2.375e-23
357.42,2.190e+3,1.068e+3,2.697e-14,1.192e-21,1.122e+3,,2.376e-23
357.45,1.692e+3,9.843e+2,2.687e-14,1.191e-21,7.076e+2,,2.377e-23
357.47,1.439e+3,9.344e+2,2.680e-14,1.191e-21,5.044e+2,,2.377e-23
357.50,1.150e+3,8.602e+2,2.670e-14,1.190e-21,2.896e+2,,2.378e-23
357.52,1.002e+3,8.086e+2,2.664e-14,1.189e-21,1.938e+2,,2.379e-23
357.55,8.280e+2,7.267e+2,2.654e-14,1.188e-21,1.013e+2,,2.380e-23
357.57,7.336e+2,6.699e+2,2.647e-14,1.188e-21,6.369e+1,,2.380e-23
357.59,6.517e+2,6.126e+2,2.641e-14,1.187e-21,3.905e+1,,2.381e-23
357.62,5.479e+2,5.300e+2,2.631e-14,1.186e-21,1.789e+1,,2.382e-23
357.64,4.913e+2,4.810e+2,2.624e-14,1.185e-21,1.030e+1,,2.382e-23
357.67,4.308e+2,4.265e+2,2.614e-14,1.184e-21,4.296e+0,,2.383e-23
357.69,4.140e+2,4.117e+2,2.608e-14,1.184e-21,2.324e+0,,2.384e-23
357.72,4.457e+2,4.449e+2,2.598e-14,1.183e-21,8.820e-1,,2.385e-23
357.74,5.244e+2,5.239e+2,2.591e-14,1.182e-21,4.481e-1,,2.385e-23
357.77,7.776e+2,7.774e+2,2.581e-14,1.181e-21,1.548e-1,,2.386e-23
357.79,1.076e+3,1.076e+3,2.575e-14,1.180e-21,7.387e-2,,2.387e-23
357.82,1.801e+3,1.801e+3,2.565e-14,1.179e-21,2.323e-2,,2.388e-23
357.84,2.529e+3,2.529e+3,2.558e-14,1.179e-21,1.041e-2,,2.388e-23
357.87,4.086e+3,4.086e+3,2.549e-14,1.178e-21,2.980e-3,,2.389e-23
357.89,5.486e+3,5.486e+3,2.542e-14,1.177e-21,1.254e-3,,2.390e-23
357.92,8.178e+3,8.178e+3,2.532e-14,1.176e-21,3.267e-4,,2.391e-23
357.94,1.036e+4,1.036e+4,2.526e-14,1.176e-21,1.292e-4,,2.391e-23
357.97,1.410e+4,1.410e+4,2.516e-14,1.175e-21,3.063e-5,,2.392e-23
357.99,1.680e+4,1.680e+4,2.509e-14,1.174e-21,1.137e-5,,2.393e-23
358.02,2.084e+4,2.084e+4,2.499e-14,1.173e-21,2.455e-6,,2.393e-23
358.04,2.334e+4,2.334e+4,2.493e-14,1.172e-21,8.562e-7,,2.394e-23
358.06,2.549e+4,2.549e+4,2.486e-14,1.172e-21,2.912e-7,,2.395e-23
358.09,2.777e+4,2.777e+4,2.476e-14,1.171e-21,5.510e-8,,2.396e-23
358.11,2.851e+4,2.851e+4,2.470e-14,1.170e-21,1.760e-8,,2.396e-23
358.14,2.833e+4,2.833e+4,2.460e-14,1.169e-21,3.032e-9,,2.397e-23
358.16,2.736e+4,2.736e+4,2.453e-14,1.169e-21,9.095e-10,,2.398e-23
358.19,2.484e+4,2.484e+4,2.443e-14,1.168e-21,1.426e-10,,2.399e-23
358.21,2.262e+4,2.262e+4,2.437e-14,1.167e-21,4.018e-11,,2.399e-23
358.24,1.888e+4,1.888e+4,2.427e-14,1.166e-21,5.734e-12,,2.400e-23
358.26,1.633e+4,1.633e+4,2.420e-14,1.165e-21,5.507e-12,,2.401e-23
358.29,1.276e+4,1.276e+4,2.410e-14,1.164e-21,5.167e-12,,2.401e-23
358.31,1.070e+4,1.070e+4,2.404e-14,1.164e-21,4.940e-12,,2.402e-23
358.34,8.248e+3,8.248e+3,2.394e-14,1.163e-21,4.600e-12,,2.403e-23
358.36,7.055e+3,7.055e+3,2.387e-14,1.162e-21,4.373e-12,,2.404e-23
358.39,5.891e+3,5.891e+3,2.377e-14,1.161e-21,4.033e-12,,2.404e-23
358.41,5.471e+3,5.471e+3,2.371e-14,1.160e-21,3.806e-12,,2.405e-23
358.44,5.237e+3,5.237e+3,2.361e-14,1.159e-21,3.466e-12,,2.406e-23
358.46,5.259e+3,5.259e+3,2.354e-14,1.159e-21,3.239e-12,,2.407e-23
358.49,5.423e+3,5.423e+3,2.344e-14,1.158e-21,2.899e-12,,2.407e-23
358.51,5.552e+3,5.552e+3,2.338e-14,1.157e-21,2.673e-12,,2.408e-23
358.54,5.691e+3,5.691e+3,2.328e-14,1.156e-21,2.332e-12,,2.409e-23
358.56,5.715e+3,5.715e+3,2.321e-14,1.156e-21,2.106e-12,,2.409e-23
358.58,5.671e+3,5.671e+3,2.315e-14,1.155e-21,1.879e-12,,2.410e-23
358.61,5.474e+3,5.474e+3,2.305e-14,1.154e-21,1.539e-12,,2.411e-23
358.63,5.261e+3,5.261e+3,2.298e-14,1.153e-21,1.312e-12,,2.412e-23
358.66,4.842e+3,4.842e+3,2.288e-14,1.152e-21,9.718e-13,,2.412e-23
358.68,4.514e+3,4.514e+3,2.282e-14,1.152e-21,7.451e-13,,2.413e-23
358.71,3.979e+3,3.979e+3,2.272e-14,1.151e-21,5.468e-12,,2.414e-23
358.73,3.611e+3,3.611e+3,2.265e-14,1.150e-21,2.002e-11,,2.415e-23
358.76,3.069e+3,3.069e+3,2.256e-14,1.149e-21,1.340e-10,,2.415e-23
358.78,2.726e+3,2.726e+3,2.249e-14,1.149e-21,4.611e-10,,2.416e-23
358.81,2.253e+3,2.253e+3,2.239e-14,1.148e-21,2.812e-9,,2.417e-23
358.83,1.970e+3,1.970e+3,2.232e-14,1.147e-21,9.099e-9,,2.417e-23
358.86,1.598e+3,1.598e+3,2.223e-14,1.146e-21,5.057e-8,,2.418e-23
358.88,1.383e+3,1.383e+3,2.216e-14,1.145e-21,1.538e-7,,2.419e-23
358.91,1.107e+3,1.107e+3,2.206e-14,1.144e-21,7.792e-7,,2.420e-23
358.93,9.503e+2,9.503e+2,2.200e-14,1.144e-21,2.228e-6,,2.420e-23
358.96,7.488e+2,7.488e+2,2.190e-14,1.143e-21,1.029e-5,,2.421e-23
358.98,6.339e+2,6.339e+2,2.183e-14,1.142e-21,2.766e-5,,2.422e-23
359.01,4.863e+2,4.863e+2,2.173e-14,1.141e-21,1.164e-4,,2.423e-23
359.03,4.027e+2,4.027e+2,2.167e-14,1.140e-21,2.941e-4,,2.423e-23
359.06,2.978e+2,2.978e+2,2.157e-14,1.139e-21,1.128e-3,,2.424e-23
359.08,2.411e+2,2.411e+2,2.150e-14,1.139e-21,2.680e-3,,2.425e-23
359.10,1.946e+2,1.946e+2,2.144e-14,1.138e-21,6.212e-3,,2.425e-23
359.13,1.442e+2,1.442e+2,2.134e-14,1.137e-21,2.092e-2,,2.426e-23
359.15,1.233e+2,1.233e+2,2.127e-14,1.137e-21,4.559e-2,,2.427e-23
359.18,1.111e+2,1.110e+2,2.117e-14,1.136e-21,1.400e-1,,2.428e-23
359.20,1.158e+2,1.155e+2,2.111e-14,1.135e-21,2.867e-1,,2.428e-23
359.23,1.417e+2,1.409e+2,2.101e-14,1.134e-21,8.024e-1,,2.429e-23
359.25,1.714e+2,1.698e+2,2.094e-14,1.133e-21,1.545e+0,,2.430e-23
359.28,2.333e+2,2.294e+2,2.084e-14,1.132e-21,3.941e+0,,2.431e-23
359.30,2.852e+2,2.781e+2,2.078e-14,1.132e-21,7.133e+0,,2.431e-23
359.33,3.761e+2,3.595e+2,2.068e-14,1.131e-21,1.658e+1,,2.432e-23
359.35,4.438e+2,4.156e+2,2.061e-14,1.130e-21,2.822e+1,,2.433e-23
359.38,5.544e+2,4.946e+2,2.051e-14,1.129e-21,5.979e+1,,2.434e-23
359.40,6.347e+2,5.391e+2,2.045e-14,1.129e-21,9.564e+1,,2.434e-23
359.43,7.705e+2,5.858e+2,2.035e-14,1.128e-21,1.847e+2,,2.435e-23
359.45,8.782e+2,6.004e+2,2.028e-14,1.127e-21,2.778e+2,,2.436e-23
359.48,1.084e+3,5.949e+2,2.019e-14,1.126e-21,4.890e+2,,2.437e-23
359.50,1.265e+3,5.733e+2,2.012e-14,1.125e-21,6.912e+2,,2.437e-23
359.53,1.627e+3,5.180e+2,2.002e-14,1.124e-21,1.109e+3,,2.438e-23
359.55,1.943e+3,4.697e+2,1.995e-14,1.124e-21,1.474e+3,,2.439e-23
359.58,2.543e+3,3.878e+2,1.986e-14,1.123e-21,2.155e+3,,2.440e-23
359.60,3.024e+3,3.318e+2,1.979e-14,1.122e-21,2.692e+3,,2.440e-23
359.62,3.559e+3,2.781e+2,1.972e-14,1.121e-21,3.281e+3,,2.441e-23
359.65,4.421e+3,2.069e+2,1.963e-14,1.120e-21,4.214e+3,,2.442e-23
359.67,4.997e+3,1.682e+2,1.956e-14,1.120e-21,4.828e+3,,2.442e-23
359.70,5.778e+3,1.253e+2,1.946e-14,1.119e-21,5.653e+3,,2.443e-23
359.72,6.195e+3,1.071e+2,1.939e-14,1.118e-21,6.088e+3,,2.444e-23
359.75,6.590e+3,9.444e+1,1.930e-14,1.117e-21,6.496e+3,,2.445e-23
359.77,6.671e+3,9.470e+1,1.923e-14,1.117e-21,6.577e+3,,2.445e-23
359.80,6.502e+3,1.056e+2,1.913e-14,1.116e-21,6.396e+3,,2.446e-23
359.82,6.206e+3,1.183e+2,1.907e-14,1.115e-21,6.088e+3,,2.447e-23
359.85,5.539e+3,1.423e+2,1.897e-14,1.114e-21,5.397e+3,,2.448e-23
359.87,4.988e+3,1.600e+2,1.890e-14,1.113e-21,4.828e+3,,2.448e-23
359.90,4.088e+3,1.867e+2,1.880e-14,1.112e-21,3.901e+3,,2.449e-23
359.92,3.485e+3,2.037e+2,1.874e-14,1.112e-21,3.281e+3,,2.450e-23
359.95,2.644e+3,2.278e+2,1.864e-14,1.111e-21,2.416e+3,,2.451e-23
359.97,2.154e+3,2.437e+2,1.857e-14,1.110e-21,1.911e+3,,2.451e-23
360.00,1.553e+3,2.706e+2,1.847e-14,1.109e-21,1.282e+3,,2.452e-23
360.02,1.246e+3,2.930e+2,1.841e-14,1.109e-21,9.532e+2,,2.453e-23
360.05,9.217e+2,3.386e+2,1.831e-14,1.108e-21,5.832e+2,,2.454e-23
360.07,7.873e+2,3.798e+2,1.824e-14,1.107e-21,4.075e+2,,2.454e-23
360.09,7.093e+2,4.316e+2,1.818e-14,1.106e-21,2.778e+2,,2.455e-23
360.12,6.795e+2,5.302e+2,1.808e-14,1.105e-21,1.492e+2,,2.456e-23
360.14,7.051e+2,6.094e+2,1.801e-14,1.105e-21,9.564e+1,,2.456e-23
360.17,7.912e+2,7.443e+2,1.791e-14,1.104e-21,4.684e+1,,2.457e-23
360.19,8.694e+2,8.411e+2,1.785e-14,1.103e-21,2.822e+1,,2.458e-23
360.22,1.002e+3,9.890e+2,1.775e-14,1.102e-21,1.260e+1,,2.459e-23
360.24,1.092e+3,1.085e+3,1.768e-14,1.101e-21,7.133e+0,,2.459e-23
360.27,1.224e+3,1.221e+3,1.758e-14,1.100e-21,2.902e+0,,2.460e-23
360.29,1.309e+3,1.307e+3,1.752e-14,1.100e-21,1.545e+0,,2.461e-23
360.32,1.434e+3,1.434e+3,1.742e-14,1.099e-21,5.734e-1,,2.462e-23
360.34,1.523e+3,1.523e+3,1.735e-14,1.098e-21,2.879e-1,,2.462e-23
360.37,1.678e+3,1.678e+3,1.725e-14,1.097e-21,1.013e-1,,2.463e-23
360.39,1.805e+3,1.805e+3,1.719e-14,1.097e-21,5.565e-2,,2.464e-23
360.42,2.045e+3,2.045e+3,1.709e-14,1.096e-21,4.705e-2,,2.465e-23
360.44,2.241e+3,2.241e+3,1.702e-14,1.095e-21,7.685e-2,,2.465e-23
360.47,2.593e+3,2.593e+3,1.693e-14,1.094e-21,2.130e-1,,2.466e-23
360.49,2.861e+3,2.861e+3,1.686e-14,1.093e-21,4.260e-1,,2.467e-23
360.52,3.300e+3,3.299e+3,1.676e-14,1.092e-21,1.160e+0,,2.468e-23
360.54,3.609e+3,3.606e+3,1.670e-14,1.092e-21,2.196e+0,,2.468e-23
360.57,4.078e+3,4.073e+3,1.660e-14,1.091e-21,5.464e+0,,2.469e-23
360.59,4.391e+3,4.382e+3,1.653e-14,1.090e-21,9.728e+0,,2.470e-23
360.61,4.704e+3,4.687e+3,1.646e-14,1.089e-21,1.690e+1,,2.470e-23
360.64,5.181e+3,5.145e+3,1.637e-14,1.089e-21,3.697e+1,,2.471e-23
360.66,5.519e+3,5.458e+3,1.630e-14,1.088e-21,6.041e+1,,2.472e-23
360.69,6.082e+3,5.962e+3,1.620e-14,1.087e-21,1.205e+2,,2.473e-23
360.71,6.515e+3,6.330e+3,1.614e-14,1.086e-21,1.853e+2,,2.473e-23
360.74,7.272e+3,6.935e+3,1.604e-14,1.085e-21,3.372e+2,,2.474e-23
360.76,7.856e+3,7.368e+3,1.597e-14,1.085e-21,4.876e+2,,2.475e-23
360.79,8.837e+3,8.027e+3,1.587e-14,1.084e-21,8.098e+2,,2.476e-23
360.81,9.543e+3,8.441e+3,1.581e-14,1.083e-21,1.102e+3,,2.476e-23
360.84,1.063e+4,8.954e+3,1.571e-14,1.082e-21,1.671e+3,,2.477e-23
360.86,1.132e+4,9.183e+3,1.564e-14,1.081e-21,2.140e+3,,2.478e-23
360.89,1.226e+4,9.293e+3,1.554e-14,1.080e-21,2.966e+3,,2.479e-23
360.91,1.277e+4,9.189e+3,1.548e-14,1.080e-21,3.579e+3,,2.479e-23
360.94,1.330e+4,8.760e+3,1.538e-14,1.079e-21,4.542e+3,,2.480e-23
360.96,1.348e+4,8.305e+3,1.531e-14,1.078e-21,5.174e+3,,2.481e-23
360.99,1.345e+4,7.421e+3,1.521e-14,1.077e-21,6.033e+3,,2.481e-23
361.01,1.325e+4,6.739e+3,1.515e-14,1.077e-21,6.507e+3,,2.482e-23
361.04,1.267e+4,5.653e+3,1.505e-14,1.076e-21,7.017e+3,,2.483e-23
361.06,1.214e+4,4.931e+3,1.498e-14,1.075e-21,7.206e+3,,2.484e-23
361.09,1.117e+4,3.908e+3,1.488e-14,1.074e-21,7.264e+3,,2.484e-23
361.11,1.046e+4,3.293e+3,1.482e-14,1.073e-21,7.166e+3,,2.485e-23
361.13,9.720e+3,2.743e+3,1.475e-14,1.073e-21,6.977e+3,,2.486e-23
361.16,8.617e+3,2.048e+3,1.465e-14,1.072e-21,6.569e+3,,2.487e-23
361.18,7.910e+3,1.669e+3,1.459e-14,1.071e-21,6.241e+3,,2.487e-23
361.21,6.918e+3,1.216e+3,1.449e-14,1.070e-21,5.702e+3,,2.488e-23
361.23,6.305e+3,9.793e+2,1.442e-14,1.069e-21,5.326e+3,,2.489e-23
361.26,5.452e+3,7.042e+2,1.432e-14,1.069e-21,4.747e+3,,2.489e-23
361.28,4.918e+3,5.634e+2,1.426e-14,1.068e-21,4.354e+3,,2.490e-23
361.31,4.157e+3,4.010e+2,1.416e-14,1.067e-21,3.756e+3,,2.491e-23
361.33,3.672e+3,3.185e+2,1.409e-14,1.066e-21,3.353e+3,,2.492e-23
361.36,2.980e+3,2.252e+2,1.400e-14,1.065e-21,2.755e+3,,2.492e-23
361.38,2.549e+3,1.803e+2,1.393e-14,1.065e-21,2.368e+3,,2.493e-23
361.41,1.967e+3,1.372e+2,1.383e-14,1.064e-21,1.830e+3,,2.494e-23
361.43,1.635e+3,1.252e+2,1.377e-14,1.063e-21,1.510e+3,,2.495e-23
361.46,1.249e+3,1.369e+2,1.367e-14,1.062e-21,1.112e+3,,2.495e-23
361.48,1.083e+3,1.697e+2,1.360e-14,1.061e-21,9.138e+2,,2.496e-23
361.51,1.014e+3,2.704e+2,1.350e-14,1.060e-21,7.434e+2,,2.497e-23
361.53,1.119e+3,3.835e+2,1.344e-14,1.060e-21,7.358e+2,,2.497e-23
361.56,1.587e+3,6.476e+2,1.334e-14,1.059e-21,9.391e+2,,2.498e-23
361.58,2.171e+3,9.043e+2,1.327e-14,1.058e-21,1.266e+3,,2.499e-23
361.60,3.041e+3,1.240e+3,1.321e-14,1.058e-21,1.801e+3,,2.500e-23
361.63,5.043e+3,1.919e+3,1.311e-14,1.057e-21,3.125e+3,,2.500e-23
361.65,6.960e+3,2.499e+3,1.304e-14,1.056e-21,4.460e+3,,2.501e-23
361.68,1.091e+4,3.568e+3,1.294e-14,1.055e-21,7.338e+3,,2.502e-23
361.70,1.435e+4,4.400e+3,1.288e-14,1.054e-21,9.945e+3,,2.503e-23
361.73,2.079e+4,5.780e+3,1.278e-14,1.053e-21,1.501e+4,,2.503e-23
361.75,2.590e+4,6.741e+3,1.271e-14,1.053e-21,1.916e+4,,2.504e-23
361.78,3.453e+4,8.140e+3,1.261e-14,1.052e-21,2.639e+4,,2.505e-23
361.80,4.067e+4,8.974e+3,1.255e-14,1.051e-21,3.170e+4,,2.505e-23
361.83,4.981e+4,9.956e+3,1.245e-14,1.050e-21,3.986e+4,,2.506e-23
361.85,5.541e+4,1.038e+4,1.238e-14,1.049e-21,4.504e+4,,2.507e-23
361.88,6.226e+4,1.059e+4,1.228e-14,1.049e-21,5.167e+4,,2.508e-23
361.90,6.538e+4,1.045e+4,1.222e-14,1.048e-21,5.492e+4,,2.508e-23
361.93,6.736e+4,9.861e+3,1.212e-14,1.047e-21,5.750e+4,,2.509e-23
361.95,6.676e+4,9.261e+3,1.205e-14,1.046e-21,5.750e+4,,2.510e-23
361.98,6.309e+4,8.169e+3,1.195e-14,1.045e-21,5.492e+4,,2.511e-23
362.00,5.906e+4,7.385e+3,1.189e-14,1.045e-21,5.167e+4,,2.511e-23
362.03,5.128e+4,6.239e+3,1.179e-14,1.044e-21,4.504e+4,,2.512e-23
362.05,4.540e+4,5.545e+3,1.172e-14,1.043e-21,3.986e+4,,2.513e-23
362.08,3.636e+4,4.660e+3,1.163e-14,1.042e-21,3.170e+4,,2.514e-23
362.10,3.058e+4,4.182e+3,1.156e-14,1.041e-21,2.639e+4,,2.514e-23
362.12,2.523e+4,3.787e+3,1.149e-14,1.041e-21,2.144e+4,,2.515e-23
362.15,1.832e+4,3.322e+3,1.139e-14,1.040e-21,1.500e+4,,2.516e-23
362.17,1.454e+4,3.071e+3,1.133e-14,1.039e-21,1.147e+4,,2.516e-23
362.20,1.006e+4,2.744e+3,1.123e-14,1.038e-21,7.320e+3,,2.517e-23
362.22,7.804e+3,2.540e+3,1.116e-14,1.038e-21,5.264e+3,,2.518e-23
362.25,5.302e+3,2.235e+3,1.107e-14,1.037e-21,3.066e+3,,2.519e-23
362.27,4.104e+3,2.030e+3,1.100e-14,1.036e-21,2.074e+3,,2.519e-23
362.30,2.822e+3,1.720e+3,1.090e-14,1.035e-21,1.102e+3,,2.520e-23
362.32,2.220e+3,1.518e+3,1.084e-14,1.034e-21,7.016e+2,,2.521e-23
362.35,1.574e+3,1.234e+3,1.074e-14,1.033e-21,3.403e+2,,2.522e-23
362.37,1.266e+3,1.062e+3,1.067e-14,1.033e-21,2.037e+2,,2.522e-23
362.40,9.273e+2,8.371e+2,1.057e-14,1.032e-21,9.015e+1,,2.523e-23
362.42,7.615e+2,7.107e+2,1.051e-14,1.031e-21,5.078e+1,,2.524e-23
362.45,5.755e+2,5.550e+2,1.041e-14,1.030e-21,2.050e+1,,2.525e-23
362.47,4.823e+2,4.715e+2,1.034e-14,1.029e-21,1.086e+1,,2.525e-23
362.50,3.750e+2,3.710e+2,1.024e-14,1.029e-21,4.003e+0,,2.526e-23
362.52,3.192e+2,3.172e+2,1.018e-14,1.028e-21,1.995e+0,,2.527e-23
362.55,2.520e+2,2.513e+2,1.008e-14,1.027e-21,6.708e-1,,2.528e-23
362.57,2.151e+2,2.148e+2,1.001e-14,1.026e-21,3.146e-1,,2.528e-23
362.60,1.686e+2,1.685e+2,9.913e-15,1.025e-21,9.650e-2,,2.529e-23
362.62,1.428e+2,1.428e+2,9.847e-15,1.025e-21,4.257e-2,,2.530e-23
362.64,1.211e+2,1.210e+2,9.782e-15,1.024e-21,1.833e-2,,2.530e-23
362.67,9.744e+1,9.744e+1,9.683e-15,1.023e-21,4.946e-3,,2.531e-23
362.69,8.938e+1,8.937e+1,9.617e-15,1.022e-21,2.003e-3,,2.532e-23
362.72,9.383e+1,9.383e+1,9.518e-15,1.021e-21,4.932e-4,,2.533e-23
362.74,1.125e+2,1.125e+2,9.452e-15,1.021e-21,1.879e-4,,2.533e-23
362.77,1.759e+2,1.759e+2,9.354e-15,1.020e-21,4.222e-5,,2.534e-23
362.79,2.518e+2,2.518e+2,9.288e-15,1.019e-21,1.513e-5,,2.535e-23
362.82,4.390e+2,4.390e+2,9.189e-15,1.018e-21,3.103e-6,,2.536e-23
362.84,6.295e+2,6.295e+2,9.123e-15,1.018e-21,1.046e-6,,2.536e-23
362.87,1.047e+3,1.047e+3,9.024e-15,1.017e-21,1.957e-7,,2.537e-23
362.89,1.432e+3,1.432e+3,8.959e-15,1.016e-21,6.209e-8,,2.538e-23
362.92,2.199e+3,2.199e+3,8.860e-15,1.015e-21,1.060e-8,,2.539e-23
362.94,2.844e+3,2.844e+3,8.794e-15,1.014e-21,3.163e-9,,2.539e-23
362.97,4.009e+3,4.009e+3,8.695e-15,1.013e-21,4.926e-10,,2.540e-23
362.99,4.895e+3,4.895e+3,8.629e-15,1.013e-21,1.383e-10,,2.541e-23
363.02,6.322e+3,6.322e+3,8.531e-15,1.012e-21,1.965e-11,,2.542e-23
363.04,7.281e+3,7.281e+3,8.465e-15,1.011e-21,1.954e-11,,2.542e-23
363.07,8.610e+3,8.610e+3,8.366e-15,1.010e-21,1.936e-11,,2.543e-23
363.09,9.350e+3,9.350e+3,8.300e-15,1.009e-21,1.924e-11,,2.544e-23
363.12,1.012e+4,1.012e+4,8.201e-15,1.009e-21,1.907e-11,,2.545e-23
363.14,1.036e+4,1.036e+4,8.136e-15,1.008e-21,1.895e-11,,2.545e-23
363.16,1.036e+4,1.036e+4,8.070e-15,1.007e-21,1.883e-11,,2.546e-23
363.19,9.907e+3,9.907e+3,7.971e-15,1.006e-21,1.866e-11,,2.547e-23
363.21,9.338e+3,9.338e+3,7.905e-15,1.006e-21,1.854e-11,,2.547e-23
363.24,8.181e+3,8.181e+3,7.806e-15,1.005e-21,1.836e-11,,2.548e-23
363.26,7.277e+3,7.277e+3,7.740e-15,1.004e-21,1.825e-11,,2.549e-23
363.29,5.851e+3,5.851e+3,7.642e-15,1.003e-21,1.807e-11,,2.550e-23
363.31,4.921e+3,4.921e+3,7.576e-15,1.002e-21,1.795e-11,,2.550e-23
363.34,3.650e+3,3.650e+3,7.477e-15,1.001e-21,1.778e-11,,2.551e-23
363.36,2.920e+3,2.920e+3,7.411e-15,1.001e-21,1.766e-11,,2.552e-23
363.39,2.025e+3,2.025e+3,7.312e-15,9.998e-22,1.748e-11,,2.553e-23
363.41,1.562e+3,1.562e+3,7.247e-15,9.992e-22,1.737e-11,,2.553e-23
363.44,1.049e+3,1.049e+3,7.148e-15,9.982e-22,1.719e-11,,2.554e-23
363.46,8.082e+2,8.082e+2,7.082e-15,9.976e-22,1.707e-11,,2.555e-23
363.49,5.664e+2,5.664e+2,6.983e-15,9.966e-22,1.690e-11,,2.556e-23
363.51,4.657e+2,4.657e+2,6.917e-15,9.959e-22,1.678e-11,,2.556e-23
363.54,3.784e+2,3.784e+2,6.819e-15,9.950e-22,1.660e-11,,2.557e-23
363.56,3.507e+2,3.507e+2,6.753e-15,9.943e-22,1.649e-11,,2.558e-23
363.59,3.406e+2,3.406e+2,6.654e-15,9.934e-22,1.631e-11,,2.559e-23
363.61,3.492e+2,3.492e+2,6.588e-15,9.927e-22,1.619e-11,,2.559e-23
363.63,3.674e+2,3.674e+2,6.522e-15,9.921e-22,1.607e-11,,2.560e-23
363.66,4.091e+2,4.091e+2,6.424e-15,9.911e-22,1.590e-11,,2.561e-23
363.68,4.449e+2,4.449e+2,6.358e-15,9.905e-22,1.578e-11,,2.561e-23
363.71,5.086e+2,5.086e+2,6.259e-15,9.895e-22,1.561e-11,,2.562e-23
363.73,5.564e+2,5.564e+2,6.193e-15,9.888e-22,1.549e-11,,2.563e-23
363.76,6.339e+2,6.339e+2,6.094e-15,9.879e-22,1.531e-11,,2.564e-23
363.78,6.883e+2,6.883e+2,6.029e-15,9.872e-22,1.519e-11,,2.564e-23
363.81,7.721e+2,7.721e+2,5.930e-15,9.863e-22,1.502e-11,,2.565e-23
363.83,8.286e+2,8.286e+2,5.864e-15,9.856e-22,1.490e-11,,2.566e-23
363.86,9.129e+2,9.129e+2,5.765e-15,9.847e-22,1.473e-11,,2.567e-23
363.88,9.677e+2,9.677e+2,5.699e-15,9.840e-22,1.461e-11,,2.567e-23
363.91,1.045e+3,1.045e+3,5.601e-15,9.830e-22,1.443e-11,,2.568e-23
363.93,1.091e+3,1.091e+3,5.535e-15,9.824e-22,1.431e-11,,2.569e-23
363.96,1.145e+3,1.145e+3,5.436e-15,9.814e-22,1.414e-11,,2.569e-23
363.98,1.168e+3,1.168e+3,5.370e-15,9.808e-22,1.402e-11,,2.570e-23
364.01,1.174e+3,1.174e+3,5.271e-15,9.798e-22,1.385e-11,,2.571e-23
364.03,1.157e+3,1.157e+3,5.205e-15,9.792e-22,1.373e-11,,2.572e-23
364.06,1.097e+3,1.097e+3,5.107e-15,9.782e-22,1.355e-11,,2.572e-23
364.08,1.035e+3,1.035e+3,5.041e-15,9.776e-22,1.343e-11,,2.573e-23
364.11,9.147e+2,9.147e+2,4.942e-15,9.766e-22,1.326e-11,,2.574e-23
364.13,8.208e+2,8.208e+2,4.876e-15,9.759e-22,1.314e-11,,2.575e-23
364.15,7.210e+2,7.210e+2,4.810e-15,9.753e-22,1.302e-11,,2.575e-23
364.18,5.703e+2,5.703e+2,4.712e-15,9.743e-22,1.285e-11,,2.576e-23
364.20,4.751e+2,4.751e+2,4.646e-15,9.737e-22,1.273e-11,,2.577e-23
364.23,3.485e+2,3.485e+2,4.547e-15,9.727e-22,1.255e-11,,2.577e-23
364.25,2.782e+2,2.782e+2,4.481e-15,9.721e-22,1.244e-11,,2.578e-23
364.28,1.975e+2,1.975e+2,4.382e-15,9.711e-22,1.226e-11,,2.579e-23
364.30,1.609e+2,1.609e+2,4.317e-15,9.705e-22,1.214e-11,,2.580e-23
364.33,1.326e+2,1.326e+2,4.218e-15,9.695e-22,1.197e-11,,2.580e-23
364.35,1.321e+2,1.321e+2,4.152e-15,9.689e-22,1.185e-11,,2.581e-23
364.38,1.615e+2,1.615e+2,4.053e-15,9.679e-22,1.167e-11,,2.582e-23
364.40,2.044e+2,2.044e+2,3.987e-15,9.672e-22,1.156e-11,,2.583e-23
364.43,3.126e+2,3.126e+2,3.889e-15,9.663e-22,1.138e-11,,2.583e-23
364.45,4.217e+2,4.217e+2,3.823e-15,9.656e-22,1.126e-11,,2.584e-23
364.48,6.576e+2,6.576e+2,3.724e-15,9.647e-22,1.109e-11,,2.585e-23
364.50,8.747e+2,8.747e+2,3.658e-15,9.640e-22,1.097e-11,,2.585e-23
364.53,1.310e+3,1.310e+3,3.559e-15,9.630e-22,1.079e-11,,2.586e-23
364.55,1.683e+3,1.683e+3,3.494e-15,9.624e-22,1.068e-11,,2.587e-23
364.58,2.374e+3,2.374e+3,3.395e-15,9.614e-22,1.050e-11,,2.588e-23
364.60,2.919e+3,2.919e+3,3.329e-15,9.608e-22,1.038e-11,,2.588e-23
364.63,3.839e+3,3.839e+3,3.230e-15,9.598e-22,1.021e-11,,2.589e-23
364.65,4.495e+3,4.495e+3,3.164e-15,9.592e-22,1.009e-11,,2.590e-23
364.67,5.155e+3,5.155e+3,3.098e-15,9.585e-22,9.973e-12,,2.591e-23
364.70,6.088e+3,6.088e+3,3.000e-15,9.576e-22,9.797e-12,,2.591e-23
364.72,6.626e+3,6.626e+3,2.934e-15,9.569e-22,9.679e-12,,2.592e-23
364.75,7.233e+3,7.233e+3,2.835e-15,9.560e-22,9.503e-12,,2.593e-23
364.77,7.474e+3,7.474e+3,2.769e-15,9.553e-22,9.386e-12,,2.593e-23
364.80,7.562e+3,7.562e+3,2.670e-15,9.543e-22,9.210e-12,,2.594e-23
364.82,7.442e+3,7.442e+3,2.605e-15,9.537e-22,9.093e-12,,2.595e-23
364.85,7.030e+3,7.030e+3,2.506e-15,9.527e-22,8.917e-12,,2.596e-23
364.87,6.635e+3,6.635e+3,2.440e-15,9.521e-22,8.799e-12,,2.596e-23
364.90,5.936e+3,5.936e+3,2.341e-15,9.511e-22,8.623e-12,,2.597e-23
364.92,5.440e+3,5.440e+3,2.275e-15,9.505e-22,8.506e-12,,2.598e-23
364.95,4.714e+3,4.714e+3,2.177e-15,9.495e-22,8.330e-12,,2.599e-23
364.97,4.269e+3,4.269e+3,2.111e-15,9.489e-22,8.213e-12,,2.599e-23
365.00,3.688e+3,3.688e+3,2.012e-15,9.479e-22,8.037e-12,,2.600e-23
365.02,3.361e+3,3.361e+3,1.946e-15,9.472e-22,7.919e-12,,2.601e-23
365.05,2.956e+3,2.956e+3,1.847e-15,9.463e-22,7.743e-12,,2.602e-23
365.07,2.732e+3,2.732e+3,1.782e-15,9.456e-22,7.626e-12,,2.602e-23
365.10,2.442e+3,2.442e+3,1.683e-15,9.447e-22,7.450e-12,,2.603e-23
365.12,2.267e+3,2.267e+3,1.617e-15,9.440e-22,7.333e-12,,2.604e-23
365.15,2.014e+3,2.014e+3,1.518e-15,9.430e-22,7.156e-12,,2.605e-23
365.17,1.845e+3,1.845e+3,1.452e-15,9.424e-22,7.039e-12,,2.605e-23
365.19,1.673e+3,1.673e+3,1.387e-15,9.418e-22,6.922e-12,,2.606e-23
365.22,1.411e+3,1.411e+3,1.288e-15,9.408e-22,6.746e-12,,2.607e-23
365.24,1.237e+3,1.237e+3,1.222e-15,9.401e-22,6.628e-12,,2.607e-23
365.27,9.857e+2,9.857e+2,1.123e-15,9.392e-22,6.452e-12,,2.608e-23
365.29,8.309e+2,8.309e+2,1.057e-15,9.385e-22,6.335e-12,,2.609e-23
365.32,6.260e+2,6.260e+2,9.585e-16,9.376e-22,6.159e-12,,2.610e-23
365.34,5.112e+2,5.112e+2,8.927e-16,9.369e-22,6.042e-12,,2.610e-23
365.37,3.742e+2,3.742e+2,7.939e-16,9.360e-22,5.866e-12,,2.611e-23
365.39,3.056e+2,3.056e+2,7.281e-16,9.353e-22,5.748e-12,,2.612e-23
365.42,2.333e+2,2.333e+2,6.293e-16,9.343e-22,5.572e-12,,2.613e-23
365.44,2.020e+2,2.020e+2,5.635e-16,9.337e-22,5.455e-12,,2.613e-23
365.47,1.737e+2,1.737e+2,4.647e-16,9.327e-22,5.279e-12,,2.614e-23
365.49,1.632e+2,1.632e+2,3.989e-16,9.321e-22,5.162e-12,,2.615e-23
365.52,1.542e+2,1.542e+2,3.001e-16,9.311e-22,4.986e-12,,2.616e-23
365.54,1.499e+2,1.499e+2,2.343e-16,9.305e-22,4.868e-12,,2.616e-23
365.57,1.429e+2,1.429e+2,1.355e-16,9.295e-22,4.692e-12,,2.617e-23
365.59,1.371e+2,1.371e+2,6.964e-17,9.289e-22,4.575e-12,,2.618e-23
365.62,1.263e+2,1.263e+2,4.916e-16,9.279e-22,4.399e-12,,2.619e-23
365.64,1.186e+2,1.186e+2,1.756e-15,9.272e-22,4.281e-12,,2.619e-23
365.66,1.111e+2,1.111e+2,6.125e-15,9.266e-22,4.164e-12,,2.620e-23
365.69,1.023e+2,1.023e+2,3.816e-14,9.256e-22,3.988e-12,,2.621e-23
365.71,9.921e+1,9.921e+1,1.254e-13,9.250e-22,3.871e-12,,2.621e-23
365.74,1.002e+2,1.002e+2,7.147e-13,9.240e-22,3.695e-12,,2.622e-23
365.76,1.051e+2,1.051e+2,2.213e-12,9.234e-22,3.577e-12,,2.623e-23
365.79,1.185e+2,1.185e+2,1.153e-11,9.224e-22,3.401e-12,,2.624e-23
365.81,1.307e+2,1.307e+2,3.366e-11,9.218e-22,3.284e-12,,2.624e-23
365.84,1.521e+2,1.521e+2,1.604e-10,9.208e-22,3.108e-12,,2.625e-23
365.86,1.667e+2,1.667e+2,4.411e-10,9.201e-22,2.991e-12,,2.626e-23
365.89,1.863e+2,1.863e+2,1.923e-9,9.192e-22,2.815e-12,,2.627e-23
365.91,1.960e+2,1.960e+2,4.982e-9,9.185e-22,2.697e-12,,2.627e-23
365.94,2.035e+2,2.035e+2,1.987e-8,9.176e-22,2.521e-12,,2.628e-23
365.96,2.029e+2,2.029e+2,4.849e-8,9.169e-22,2.404e-12,,2.629e-23
365.99,1.936e+2,1.936e+2,1.769e-7,9.160e-22,2.228e-12,,2.630e-23
366.01,1.822e+2,1.822e+2,4.068e-7,9.153e-22,2.111e-12,,2.630e-23
366.04,1.592e+2,1.592e+2,1.357e-6,9.143e-22,1.935e-12,,2.631e-23
366.06,1.413e+2,1.413e+2,2.941e-6,9.137e-22,1.817e-12,,2.632e-23
366.09,1.129e+2,1.129e+2,8.972e-6,9.127e-22,1.641e-12,,2.633e-23
366.11,9.435e+1,9.435e+1,1.832e-5,9.121e-22,1.524e-12,,2.633e-23
366.14,6.895e+1,6.895e+1,5.112e-5,9.111e-22,1.348e-12,,2.634e-23
366.16,5.430e+1,5.430e+1,9.836e-5,9.105e-22,1.230e-12,,2.635e-23
366.18,4.176e+1,4.176e+1,1.848e-4,9.098e-22,1.113e-12,,2.635e-23
366.21,2.695e+1,2.695e+1,4.551e-4,9.089e-22,9.371e-13,,2.636e-23
366.23,1.957e+1,1.957e+1,8.057e-4,9.082e-22,8.198e-13,,2.637e-23
366.26,1.168e+1,1.168e+1,1.815e-3,9.072e-22,6.438e-13,,2.638e-23
366.28,8.169e+0,8.166e+0,3.027e-3,9.066e-22,5.264e-13,,2.638e-23
366.31,4.945e+0,4.938e+0,6.237e-3,9.056e-22,3.504e-13,,2.639e-23
366.33,3.890e+0,3.880e+0,9.803e-3,9.050e-22,1.275e-12,,2.640e-23
366.36,3.678e+0,3.660e+0,1.847e-2,9.040e-22,8.471e-12,,2.641e-23
366.38,4.408e+0,4.381e+0,2.736e-2,9.034e-22,2.906e-11,,2.641e-23
366.41,6.930e+0,6.883e+0,4.715e-2,9.024e-22,1.766e-10,,2.642e-23
366.43,9.734e+0,9.668e+0,6.579e-2,9.018e-22,5.709e-10,,2.643e-23
366.46,1.604e+1,1.594e+1,1.037e-1,9.008e-22,3.174e-9,,2.644e-23
366.48,2.193e+1,2.180e+1,1.363e-1,9.002e-22,9.672e-9,,2.644e-23
366.51,3.378e+1,3.358e+1,1.966e-1,8.992e-22,4.920e-8,,2.645e-23
366.53,4.393e+1,4.368e+1,2.435e-1,8.985e-22,1.413e-7,,2.646e-23
366.56,6.278e+1,6.246e+1,3.211e-1,8.976e-22,6.577e-7,,2.647e-23
366.58,7.783e+1,7.746e+1,3.749e-1,8.969e-22,1.780e-6,,2.647e-23
366.61,1.041e+2,1.037e+2,4.521e-1,8.960e-22,7.580e-6,,2.648e-23
366.63,1.241e+2,1.236e+2,4.973e-1,8.953e-22,1.933e-5,,2.649e-23
366.66,1.578e+2,1.572e+2,5.486e-1,8.943e-22,7.533e-5,,2.649e-23
366.68,1.829e+2,1.823e+2,5.685e-1,8.937e-22,1.811e-4,,2.650e-23
366.70,2.102e+2,2.096e+2,5.753e-1,8.931e-22,4.251e-4,,2.651e-23
366.73,2.561e+2,2.556e+2,5.601e-1,8.921e-22,1.463e-3,,2.652e-23
366.75,2.903e+2,2.898e+2,5.341e-1,8.914e-22,3.236e-3,,2.652e-23
366.78,3.471e+2,3.466e+2,4.756e-1,8.905e-22,1.019e-2,,2.653e-23
366.80,3.882e+2,3.877e+2,4.273e-1,8.898e-22,2.124e-2,,2.654e-23
366.83,4.526e+2,4.522e+2,3.480e-1,8.889e-22,6.118e-2,,2.655e-23
366.85,4.955e+2,4.951e+2,2.946e-1,8.882e-22,1.202e-1,,2.655e-23
366.88,5.549e+2,5.544e+2,2.195e-1,8.872e-22,3.168e-1,,2.656e-23
366.90,5.880e+2,5.873e+2,1.751e-1,8.866e-22,5.868e-1,,2.657e-23
366.93,6.227e+2,6.212e+2,1.193e-1,8.856e-22,1.415e+0,,2.657e-23
366.95,6.332e+2,6.307e+2,8.964e-2,8.850e-22,2.469e+0,,2.658e-23
366.98,6.281e+2,6.226e+2,5.586e-2,8.840e-22,5.447e+0,,2.659e-23
367.00,6.111e+2,6.021e+2,3.956e-2,8.834e-22,8.961e+0,,2.660e-23
367.03,5.688e+2,5.507e+2,2.255e-2,8.824e-22,1.809e+1,,2.660e-23
367.05,5.334e+2,5.053e+2,1.504e-2,8.818e-22,2.804e+1,,2.661e-23
367.08,4.784e+2,4.266e+2,7.843e-3,8.808e-22,5.178e+1,,2.662e-23
367.10,4.464e+2,3.708e+2,4.931e-3,8.802e-22,7.567e+1,,2.663e-23
367.13,4.161e+2,2.883e+2,2.351e-3,8.792e-22,1.278e+2,,2.663e-23
367.15,4.132e+2,2.371e+2,1.393e-3,8.785e-22,1.761e+2,,2.664e-23
367.18,4.418e+2,1.697e+2,6.074e-4,8.776e-22,2.722e+2,,2.665e-23
367.20,4.853e+2,1.320e+2,3.390e-4,8.769e-22,3.532e+2,,2.665e-23
367.22,5.483e+2,1.006e+2,1.848e-4,8.763e-22,4.477e+2,,2.666e-23
367.25,6.755e+2,6.437e+1,7.113e-5,8.753e-22,6.111e+2,,2.667e-23
367.27,7.769e+2,4.686e+1,3.653e-5,8.747e-22,7.301e+2,,2.668e-23
367.30,9.408e+2,2.901e+1,1.286e-5,8.737e-22,9.117e+2,,2.668e-23
367.32,1.048e+3,2.190e+1,6.223e-6,8.731e-22,1.026e+3,,2.669e-23
367.35,1.190e+3,1.743e+1,2.003e-6,8.721e-22,1.173e+3,,2.670e-23
367.37,1.263e+3,1.841e+1,9.136e-7,8.714e-22,1.244e+3,,2.671e-23
367.40,1.327e+3,2.632e+1,2.690e-7,8.705e-22,1.301e+3,,2.671e-23
367.42,1.338e+3,3.667e+1,1.156e-7,8.698e-22,1.301e+3,,2.672e-23
367.45,1.306e+3,6.194e+1,3.113e-8,8.689e-22,1.244e+3,,2.673e-23
367.47,1.260e+3,8.688e+1,1.260e-8,8.682e-22,1.173e+3,,2.673e-23
367.50,1.166e+3,1.393e+2,3.104e-9,8.673e-22,1.026e+3,,2.674e-23
367.52,1.097e+3,1.857e+2,1.184e-9,8.666e-22,9.117e+2,,2.675e-23
367.55,1.004e+3,2.742e+2,2.668e-10,8.656e-22,7.301e+2,,2.676e-23
367.57,9.568e+2,3.457e+2,9.590e-11,8.650e-22,6.111e+2,,2.676e-23
367.60,9.168e+2,4.691e+2,1.976e-11,8.640e-22,4.477e+2,,2.677e-23
367.62,9.126e+2,5.594e+2,6.692e-12,8.634e-22,3.532e+2,,2.678e-23
367.65,9.363e+2,6.996e+2,1.261e-12,8.624e-22,2.368e+2,,2.679e-23
367.67,9.673e+2,7.912e+2,4.025e-13,8.618e-22,1.761e+2,,2.679e-23
367.69,1.005e+3,8.773e+2,1.254e-13,8.611e-22,1.278e+2,,2.680e-23
367.72,1.065e+3,9.890e+2,2.086e-14,8.602e-22,7.567e+1,,2.681e-23
367.74,1.100e+3,1.049e+3,6.125e-15,8.595e-22,5.178e+1,,2.681e-23
367.77,1.141e+3,1.113e+3,9.319e-16,8.585e-22,2.804e+1,,2.682e-23
367.79,1.158e+3,1.140e+3,,8.579e-22,1.809e+1,,2.683e-23
367.82,1.170e+3,1.161e+3,,8.569e-22,8.961e+0,,2.684e-23
367.84,1.170e+3,1.165e+3,,8.563e-22,5.447e+0,,2.684e-23
367.87,1.164e+3,1.162e+3,,8.553e-22,2.469e+0,,2.685e-23
367.89,1.158e+3,1.157e+3,,8.547e-22,1.415e+0,,2.686e-23
367.92,1.148e+3,1.148e+3,,8.537e-22,5.868e-1,,2.687e-23
367.94,1.142e+3,1.142e+3,,8.531e-22,3.168e-1,,2.687e-23
367.97,1.134e+3,1.134e+3,,8.521e-22,1.202e-1,,2.688e-23
367.99,1.129e+3,1.129e+3,,8.514e-22,6.118e-2,,2.689e-23
368.02,1.121e+3,1.121e+3,,8.505e-22,2.124e-2,,2.690e-23
368.04,1.116e+3,1.116e+3,,8.498e-22,1.019e-2,,2.690e-23
368.07,1.112e+3,1.112e+3,,8.489e-22,3.236e-3,,2.691e-23
368.09,1.112e+3,1.112e+3,,8.482e-22,1.463e-3,,2.692e-23
368.12,1.116e+3,1.116e+3,,8.473e-22,4.251e-4,,2.693e-23
368.14,1.123e+3,1.123e+3,,8.466e-22,1.811e-4,,2.693e-23
368.17,1.136e+3,1.136e+3,,8.456e-22,4.816e-5,,2.694e-23
368.19,1.147e+3,1.147e+3,,8.450e-22,1.933e-5,,2.695e-23
368.21,1.157e+3,1.157e+3,,8.444e-22,7.580e-6,,2.695e-23
368.24,1.170e+3,1.170e+3,,8.434e-22,1.780e-6,,2.696e-23
368.26,1.176e+3,1.176e+3,,8.427e-22,6.577e-7,,2.697e-23
368.29,1.183e+3,1.183e+3,,8.418e-22,1.413e-7,,2.698e-23
368.31,1.186e+3,1.186e+3,,8.411e-22,4.920e-8,,2.698e-23
368.34,1.190e+3,1.190e+3,,8.402e-22,9.672e-9,,2.699e-23
368.36,1.196e+3,1.196e+3,,8.395e-22,3.174e-9,,2.700e-23
368.39,1.211e+3,1.211e+3,,8.385e-22,5.709e-10,,2.701e-23
368.41,1.229e+3,1.229e+3,,8.379e-22,1.766e-10,,2.701e-23
368.44,1.272e+3,1.272e+3,,8.369e-22,2.906e-11,,2.702e-23
368.46,1.315e+3,1.315e+3,,8.363e-22,8.471e-12,,2.703e-23
368.49,1.402e+3,1.402e+3,,8.353e-22,1.275e-12,,2.704e-23
368.51,1.477e+3,1.477e+3,,8.347e-22,3.504e-13,,2.704e-23
368.54,1.616e+3,1.616e+3,,8.337e-22,3.521e-13,,2.705e-23
368.56,1.724e+3,1.724e+3,,8.331e-22,3.533e-13,,2.706e-23
368.59,1.904e+3,1.904e+3,,8.321e-22,3.551e-13,,2.707e-23
368.61,2.030e+3,2.030e+3,,8.315e-22,3.562e-13,,2.707e-23
368.64,2.215e+3,2.215e+3,,8.305e-22,3.580e-13,,2.708e-23
368.66,2.327e+3,2.327e+3,,8.298e-22,3.592e-13,,2.709e-23
368.69,2.463e+3,2.463e+3,,8.289e-22,3.609e-13,,2.710e-23
368.71,2.525e+3,2.525e+3,,8.282e-22,3.621e-13,,2.710e-23
368.73,2.560e+3,2.560e+3,,8.276e-22,3.633e-13,,2.711e-23
368.76,2.557e+3,2.557e+3,,8.266e-22,3.650e-13,,2.712e-23
368.78,2.519e+3,2.519e+3,,8.260e-22,3.662e-13,,2.712e-23
368.81,2.415e+3,2.415e+3,,8.250e-22,3.680e-13,,2.713e-23
368.83,2.319e+3,2.319e+3,,8.244e-22,3.691e-13,,2.714e-23
368.86,2.149e+3,2.149e+3,,8.234e-22,3.709e-13,,2.715e-23
368.88,2.025e+3,2.025e+3,,8.227e-22,3.721e-13,,2.715e-23
368.91,1.834e+3,1.834e+3,,8.218e-22,3.738e-13,,2.716e-23
368.93,1.708e+3,1.708e+3,,8.211e-22,3.750e-13,,2.717e-23
368.96,1.525e+3,1.525e+3,,8.202e-22,3.767e-13,,2.718e-23
368.98,1.408e+3,1.408e+3,,8.195e-22,3.779e-13,,2.718e-23
369.01,1.241e+3,1.241e+3,,8.185e-22,3.797e-13,,2.719e-23
369.03,1.136e+3,1.136e+3,,8.179e-22,3.809e-13,,2.720e-23
369.06,9.905e+2,9.905e+2,,8.169e-22,3.826e-13,,2.721e-23
369.08,9.029e+2,9.029e+2,,8.163e-22,3.838e-13,,2.721e-23
369.11,7.918e+2,7.918e+2,,8.153e-22,3.855e-13,,2.722e-23
369.13,7.351e+2,7.351e+2,,8.147e-22,3.867e-13,,2.723e-23
369.16,6.831e+2,6.831e+2,,8.137e-22,3.885e-13,,2.724e-23
369.18,6.741e+2,6.741e+2,,8.131e-22,3.896e-13,,2.724e-23
369.20,6.873e+2,6.873e+2,,8.124e-22,3.908e-13,,2.725e-23
369.23,7.496e+2,7.496e+2,,8.115e-22,3.926e-13,,2.726e-23
369.25,8.177e+2,8.177e+2,,8.108e-22,3.937e-13,,2.726e-23
369.28,9.517e+2,9.517e+2,,8.098e-22,3.955e-13,,2.727e-23
369.30,1.055e+3,1.055e+3,,8.092e-22,3.967e-13,,2.728e-23
369.33,1.217e+3,1.217e+3,,8.082e-22,3.984e-13,,2.729e-23
369.35,1.319e+3,1.319e+3,,8.076e-22,3.996e-13,,2.729e-23
369.38,1.448e+3,1.448e+3,,8.066e-22,4.014e-13,,2.730e-23
369.40,1.508e+3,1.508e+3,,8.060e-22,4.025e-13,,2.731e-23
369.43,1.552e+3,1.552e+3,,8.050e-22,4.043e-13,,2.732e-23
369.45,1.548e+3,1.548e+3,,8.044e-22,4.055e-13,,2.732e-23
369.48,1.492e+3,1.492e+3,,8.034e-22,4.072e-13,,2.733e-23
369.50,1.427e+3,1.427e+3,,8.027e-22,4.084e-13,,2.734e-23
369.53,1.296e+3,1.296e+3,,8.018e-22,4.101e-13,,2.735e-23
369.55,1.196e+3,1.196e+3,,8.011e-22,4.113e-13,,2.735e-23
369.58,1.038e+3,1.038e+3,,8.002e-22,4.131e-13,,2.736e-23
369.60,9.341e+2,9.341e+2,,7.995e-22,4.142e-13,,2.737e-23
369.63,7.901e+2,7.901e+2,,7.986e-22,4.160e-13,,2.737e-23
369.65,7.051e+2,7.051e+2,,7.979e-22,4.172e-13,,2.738e-23
369.68,5.962e+2,5.962e+2,,7.969e-22,4.189e-13,,2.739e-23
369.70,5.361e+2,5.361e+2,,7.963e-22,4.201e-13,,2.740e-23
369.72,4.852e+2,4.852e+2,,7.956e-22,4.213e-13,,2.740e-23
369.75,4.247e+2,4.247e+2,,7.947e-22,4.230e-13,,2.741e-23
369.77,3.945e+2,3.945e+2,,7.940e-22,4.242e-13,,2.742e-23
369.80,3.645e+2,3.645e+2,,7.931e-22,4.260e-13,,2.743e-23
369.82,3.560e+2,3.560e+2,,7.924e-22,4.271e-13,,2.743e-23
369.85,3.636e+2,3.636e+2,,7.915e-22,4.289e-13,,2.744e-23
369.87,3.844e+2,3.844e+2,,7.908e-22,4.301e-13,,2.745e-23
369.90,4.416e+2,4.416e+2,,7.898e-22,4.318e-13,,2.745e-23
369.92,4.977e+2,4.977e+2,,7.892e-22,4.330e-13,,2.746e-23
369.95,6.060e+2,6.060e+2,,7.882e-22,4.347e-13,,2.747e-23
369.97,6.908e+2,6.908e+2,,7.876e-22,4.359e-13,,2.748e-23
370.00,8.269e+2,8.269e+2,,7.866e-22,4.377e-13,,2.748e-23
370.02,9.163e+2,9.163e+2,,7.860e-22,4.388e-13,,2.749e-23
370.05,1.035e+3,1.035e+3,,7.850e-22,4.406e-13,,2.750e-23
370.07,1.096e+3,1.096e+3,,7.844e-22,4.418e-13,,2.751e-23
370.10,1.152e+3,1.152e+3,,7.834e-22,4.435e-13,,2.751e-23
370.12,1.163e+3,1.163e+3,,7.827e-22,4.447e-13,,2.752e-23
370.15,1.141e+3,1.141e+3,,7.818e-22,4.465e-13,,2.753e-23
370.17,1.106e+3,1.106e+3,,7.811e-22,4.476e-13,,2.753e-23
370.20,1.036e+3,1.036e+3,,7.802e-22,4.494e-13,,2.754e-23
370.22,9.853e+2,9.853e+2,,7.795e-22,4.506e-13,,2.755e-23
370.24,9.402e+2,9.402e+2,,7.789e-22,4.517e-13,,2.756e-23
370.27,8.955e+2,8.955e+2,,7.779e-22,4.535e-13,,2.756e-23
370.29,8.881e+2,8.881e+2,,7.773e-22,4.547e-13,,2.757e-23
370.32,9.179e+2,9.179e+2,,7.763e-22,4.564e-13,,2.758e-23
370.34,9.663e+2,9.663e+2,,7.757e-22,4.576e-13,,2.759e-23
370.37,1.078e+3,1.078e+3,,7.747e-22,4.593e-13,,2.759e-23
370.39,1.174e+3,1.174e+3,,7.740e-22,4.605e-13,,2.760e-23
370.42,1.336e+3,1.336e+3,,7.731e-22,4.623e-13,,2.761e-23
370.44,1.449e+3,1.449e+3,,7.724e-22,4.634e-13,,2.761e-23
370.47,1.610e+3,1.610e+3,,7.715e-22,4.652e-13,,2.762e-23
370.49,1.704e+3,1.704e+3,,7.708e-22,4.664e-13,,2.763e-23
370.52,1.815e+3,1.815e+3,,7.698e-22,4.681e-13,,2.764e-23
370.54,1.867e+3,1.867e+3,,7.692e-22,4.693e-13,,2.764e-23
370.57,1.914e+3,1.914e+3,,7.682e-22,4.711e-13,,2.765e-23
370.59,1.930e+3,1.930e+3,,7.676e-22,4.722e-13,,2.766e-23
370.62,1.945e+3,1.945e+3,,7.666e-22,4.740e-13,,2.767e-23
370.64,1.960e+3,1.960e+3,,7.660e-22,4.752e-13,,2.767e-23
370.67,2.006e+3,2.006e+3,,7.650e-22,4.769e-13,,2.768e-23
370.69,2.061e+3,2.061e+3,,7.644e-22,4.781e-13,,2.769e-23
370.72,2.187e+3,2.187e+3,,7.634e-22,4.798e-13,,2.770e-23
370.74,2.299e+3,2.299e+3,,7.627e-22,4.810e-13,,2.770e-23
370.76,2.429e+3,2.429e+3,,7.621e-22,4.822e-13,,2.771e-23
370.79,2.641e+3,2.641e+3,,7.611e-22,4.839e-13,,2.772e-23
370.81,2.780e+3,2.780e+3,,7.605e-22,4.851e-13,,2.772e-23
370.84,2.956e+3,2.956e+3,,7.595e-22,4.869e-13,,2.773e-23
370.86,3.035e+3,3.035e+3,,7.589e-22,4.880e-13,,2.774e-23
370.89,3.076e+3,3.076e+3,,7.579e-22,4.898e-13,,2.775e-23
370.91,3.042e+3,3.042e+3,,7.573e-22,4.910e-13,,2.775e-23
370.94,2.897e+3,2.897e+3,,7.563e-22,4.927e-13,,2.776e-23
370.96,2.741e+3,2.741e+3,,7.557e-22,4.939e-13,,2.777e-23
370.99,2.436e+3,2.436e+3,,7.547e-22,4.957e-13,,2.778e-23
371.01,2.200e+3,2.200e+3,,7.540e-22,4.968e-13,,2.778e-23
371.04,1.823e+3,1.823e+3,,7.531e-22,4.986e-13,,2.779e-23
371.06,1.571e+3,1.571e+3,,7.524e-22,4.998e-13,,2.780e-23
371.09,1.217e+3,1.217e+3,,7.515e-22,5.015e-13,,2.781e-23
371.11,1.006e+3,1.006e+3,,7.508e-22,5.027e-13,,2.781e-23
371.14,7.345e+2,7.345e+2,,7.498e-22,5.044e-13,,2.782e-23
371.16,5.858e+2,5.858e+2,,7.492e-22,5.056e-13,,2.783e-23
371.19,4.088e+2,4.088e+2,,7.482e-22,5.074e-13,,2.784e-23
371.21,3.185e+2,3.185e+2,,7.476e-22,5.085e-13,,2.784e-23
371.23,2.471e+2,2.471e+2,,7.469e-22,5.097e-13,,2.785e-23
371.26,1.698e+2,1.698e+2,,7.460e-22,5.115e-13,,2.786e-23
371.28,1.346e+2,1.346e+2,,7.453e-22,5.126e-13,,2.786e-23
371.31,1.017e+2,1.017e+2,,7.444e-22,5.144e-13,,2.787e-23
371.33,9.121e+1,9.121e+1,,7.437e-22,5.156e-13,,2.788e-23
371.36,9.084e+1,9.084e+1,,7.428e-22,5.173e-13,,2.789e-23
371.38,1.003e+2,1.003e+2,,7.421e-22,5.185e-13,,2.789e-23
371.41,1.289e+2,1.289e+2,,7.411e-22,5.203e-13,,2.790e-23
371.43,1.571e+2,1.571e+2,,7.405e-22,5.214e-13,,2.791e-23
371.46,2.125e+2,2.125e+2,,7.395e-22,5.232e-13,,2.792e-23
371.48,2.574e+2,2.574e+2,,7.389e-22,5.244e-13,,2.792e-23
371.51,3.346e+2,3.346e+2,,7.379e-22,5.261e-13,,2.793e-23
371.53,3.918e+2,3.918e+2,,7.373e-22,5.273e-13,,2.794e-23
371.56,4.862e+2,4.862e+2,,7.363e-22,5.291e-13,,2.795e-23
371.58,5.568e+2,5.568e+2,,7.357e-22,5.302e-13,,2.795e-23
371.61,6.828e+2,6.828e+2,,7.347e-22,5.320e-13,,2.796e-23
371.63,7.896e+2,7.896e+2,,7.340e-22,5.332e-13,,2.797e-23
371.66,1.009e+3,1.009e+3,,7.331e-22,5.349e-13,,2.798e-23
371.68,1.214e+3,1.214e+3,,7.324e-22,5.361e-13,,2.798e-23
371.71,1.649e+3,1.649e+3,,7.315e-22,5.378e-13,,2.799e-23
371.73,2.050e+3,2.050e+3,,7.308e-22,5.390e-13,,2.800e-23
371.75,2.555e+3,2.555e+3,,7.302e-22,5.402e-13,,2.800e-23
371.78,3.531e+3,3.531e+3,,7.292e-22,5.419e-13,,2.801e-23
371.80,4.328e+3,4.328e+3,,7.286e-22,5.431e-13,,2.802e-23
371.83,5.715e+3,5.715e+3,,7.276e-22,5.449e-13,,2.803e-23
371.85,6.731e+3,6.731e+3,,7.269e-22,5.460e-13,,2.803e-23
371.88,8.293e+3,8.293e+3,,7.260e-22,5.478e-13,,2.804e-23
371.90,9.287e+3,9.287e+3,,7.253e-22,5.490e-13,,2.805e-23
371.93,1.057e+4,1.057e+4,,7.244e-22,5.507e-13,,2.806e-23
371.95,1.122e+4,1.122e+4,,7.237e-22,5.519e-13,,2.806e-23
371.98,1.178e+4,1.178e+4,,7.228e-22,5.537e-13,,2.807e-23
372.00,1.185e+4,1.185e+4,,7.221e-22,5.548e-13,,2.808e-23
372.03,1.149e+4,1.149e+4,,7.211e-22,5.566e-13,,2.809e-23
372.05,1.097e+4,1.097e+4,,7.205e-22,5.578e-13,,2.809e-23
372.08,9.891e+3,9.891e+3,,7.195e-22,5.595e-13,,2.810e-23
372.10,9.031e+3,9.031e+3,,7.189e-22,5.607e-13,,2.811e-23
372.13,7.661e+3,7.661e+3,,7.179e-22,5.624e-13,,2.812e-23
372.15,6.760e+3,6.760e+3,,7.173e-22,5.636e-13,,2.812e-23
372.18,5.514e+3,5.514e+3,,7.163e-22,5.654e-13,,2.813e-23
372.20,4.783e+3,4.783e+3,,7.157e-22,5.665e-13,,2.814e-23
372.23,3.859e+3,3.859e+3,,7.147e-22,5.683e-13,,2.815e-23
372.25,3.354e+3,3.354e+3,,7.140e-22,5.695e-13,,2.815e-23
372.27,2.928e+3,2.928e+3,,7.134e-22,5.706e-13,,2.816e-23
372.30,2.412e+3,2.412e+3,,7.124e-22,5.724e-13,,2.817e-23
372.32,2.134e+3,2.134e+3,,7.118e-22,5.736e-13,,2.817e-23
372.35,1.793e+3,1.793e+3,,7.108e-22,5.753e-13,,2.818e-23
372.37,1.607e+3,1.607e+3,,7.102e-22,5.765e-13,,2.819e-23
372.40,1.384e+3,1.384e+3,,7.092e-22,5.783e-13,,2.820e-23
372.42,1.273e+3,1.273e+3,,7.086e-22,5.794e-13,,2.820e-23
372.45,1.167e+3,1.167e+3,,7.076e-22,5.812e-13,,2.821e-23
372.47,1.141e+3,1.141e+3,,7.069e-22,5.824e-13,,2.822e-23
372.50,1.179e+3,1.179e+3,,7.060e-22,5.841e-13,,2.823e-23
372.52,1.257e+3,1.257e+3,,7.053e-22,5.853e-13,,2.823e-23
372.55,1.454e+3,1.454e+3,,7.044e-22,5.870e-13,,2.824e-23
372.57,1.635e+3,1.635e+3,,7.037e-22,5.882e-13,,2.825e-23
372.60,1.962e+3,1.962e+3,,7.028e-22,5.900e-13,,2.825e-23
372.62,2.205e+3,2.205e+3,,7.021e-22,5.911e-13,,2.826e-23
372.65,2.572e+3,2.572e+3,,7.011e-22,5.929e-13,,2.827e-23
372.67,2.798e+3,2.798e+3,,7.005e-22,5.941e-13,,2.828e-23
372.70,3.072e+3,3.072e+3,,6.995e-22,5.958e-13,,2.828e-23
372.72,3.192e+3,3.192e+3,,6.989e-22,5.970e-13,,2.829e-23
372.75,3.257e+3,3.257e+3,,6.979e-22,5.988e-13,,2.830e-23
372.77,3.217e+3,3.217e+3,,6.973e-22,5.999e-13,,2.831e-23
372.79,3.114e+3,3.114e+3,,6.966e-22,6.011e-13,,2.831e-23
372.82,2.854e+3,2.854e+3,,6.957e-22,6.029e-13,,2.832e-23
372.84,2.628e+3,2.628e+3,,6.950e-22,6.040e-13,,2.833e-23
372.87,2.245e+3,2.245e+3,,6.940e-22,6.058e-13,,2.833e-23
372.89,1.981e+3,1.981e+3,,6.934e-22,6.070e-13,,2.834e-23
372.92,1.605e+3,1.605e+3,,6.924e-22,6.087e-13,,2.835e-23
372.94,1.385e+3,1.385e+3,,6.918e-22,6.099e-13,,2.836e-23
372.97,1.122e+3,1.122e+3,,6.908e-22,6.116e-13,,2.836e-23
372.99,9.977e+2,9.977e+2,,6.902e-22,6.128e-13,,2.837e-23
373.02,8.987e+2,8.987e+2,,6.892e-22,6.146e-13,,2.838e-23
373.04,8.947e+2,8.947e+2,,6.886e-22,6.157e-13,,2.839e-23
373.07,9.912e+2,9.912e+2,,6.876e-22,6.175e-13,,2.839e-23
373.09,1.132e+3,1.132e+3,,6.870e-22,6.187e-13,,2.840e-23
373.12,1.483e+3,1.483e+3,,6.860e-22,6.204e-13,,2.841e-23
373.14,1.830e+3,1.830e+3,,6.853e-22,6.216e-13,,2.841e-23
373.17,2.565e+3,2.565e+3,,6.844e-22,6.234e-13,,2.842e-23
373.19,3.232e+3,3.232e+3,,6.837e-22,6.245e-13,,2.843e-23
373.22,4.558e+3,4.558e+3,,6.828e-22,6.263e-13,,2.844e-23
373.24,5.693e+3,5.693e+3,,6.821e-22,6.275e-13,,2.844e-23
373.26,7.048e+3,7.048e+3,,6.815e-22,6.286e-13,,2.845e-23
373.29,9.502e+3,9.502e+3,,6.805e-22,6.304e-13,,2.846e-23
373.31,1.140e+4,1.140e+4,,6.799e-22,6.316e-13,,2.847e-23
373.34,1.456e+4,1.456e+4,,6.789e-22,6.333e-13,,2.847e-23
373.36,1.678e+4,1.678e+4,,6.782e-22,6.345e-13,,2.848e-23
373.39,2.008e+4,2.008e+4,,6.773e-22,6.362e-13,,2.849e-23
373.41,2.212e+4,2.212e+4,,6.766e-22,6.374e-13,,2.849e-23
373.44,2.471e+4,2.471e+4,,6.757e-22,6.392e-13,,2.850e-23
373.46,2.599e+4,2.599e+4,,6.750e-22,6.403e-13,,2.851e-23
373.49,2.710e+4,2.710e+4,,6.741e-22,6.421e-13,,2.852e-23
373.51,2.726e+4,2.726e+4,,6.734e-22,6.433e-13,,2.852e-23
373.54,2.668e+4,2.668e+4,,6.724e-22,6.450e-13,,2.853e-23
373.56,2.582e+4,2.582e+4,,6.718e-22,6.462e-13,,2.854e-23
373.59,2.397e+4,2.397e+4,,6.708e-22,6.480e-13,,2.855e-23
373.61,2.249e+4,2.249e+4,,6.702e-22,6.491e-13,,2.855e-23
373.64,2.008e+4,2.008e+4,,6.692e-22,6.509e-13,,2.856e-23
373.66,1.844e+4,1.844e+4,,6.686e-22,6.521e-13,,2.857e-23
373.69,1.604e+4,1.604e+4,,6.676e-22,6.538e-13,,2.858e-23
373.71,1.451e+4,1.451e+4,,6.670e-22,6.550e-13,,2.858e-23
373.74,1.235e+4,1.235e+4,,6.660e-22,6.567e-13,,2.859e-23
373.76,1.100e+4,1.100e+4,,6.653e-22,6.579e-13,,2.860e-23
373.78,9.716e+3,9.716e+3,,6.647e-22,6.591e-13,,2.860e-23
373.81,7.931e+3,7.931e+3,,6.637e-22,6.608e-13,,2.861e-23
373.83,6.837e+3,6.837e+3,,6.631e-22,6.620e-13,,2.862e-23
373.86,5.352e+3,5.352e+3,,6.621e-22,6.638e-13,,2.863e-23
373.88,4.477e+3,4.477e+3,,6.615e-22,6.649e-13,,2.863e-23
373.91,3.348e+3,3.348e+3,,6.605e-22,6.667e-13,,2.864e-23
373.93,2.722e+3,2.722e+3,,6.599e-22,6.679e-13,,2.865e-23
373.96,1.968e+3,1.968e+3,,6.589e-22,6.696e-13,,2.866e-23
373.98,1.584e+3,1.584e+3,,6.582e-22,6.708e-13,,2.866e-23
374.01,1.167e+3,1.167e+3,,6.573e-22,6.726e-13,,2.867e-23
374.03,9.852e+2,9.852e+2,,6.566e-22,6.737e-13,,2.868e-23
374.06,8.387e+2,8.387e+2,,6.557e-22,6.755e-13,,2.869e-23
374.08,8.163e+2,8.163e+2,,6.550e-22,6.767e-13,,2.869e-23
374.11,8.833e+2,8.833e+2,,6.541e-22,6.784e-13,,2.870e-23
374.13,9.895e+2,9.895e+2,,6.534e-22,6.796e-13,,2.871e-23
374.16,1.232e+3,1.232e+3,,6.524e-22,6.814e-13,,2.872e-23
374.18,1.445e+3,1.445e+3,,6.518e-22,6.825e-13,,2.872e-23
374.21,1.828e+3,1.828e+3,,6.508e-22,6.843e-13,,2.873e-23
374.23,2.120e+3,2.120e+3,,6.502e-22,6.855e-13,,2.874e-23
374.26,2.600e+3,2.600e+3,,6.492e-22,6.872e-13,,2.875e-23
374.28,2.941e+3,2.941e+3,,6.486e-22,6.884e-13,,2.875e-23
374.30,3.295e+3,3.295e+3,,6.479e-22,6.896e-13,,2.876e-23
374.33,3.845e+3,3.845e+3,,6.470e-22,6.913e-13,,2.877e-23
374.35,4.223e+3,4.223e+3,,6.463e-22,6.925e-13,,2.877e-23
374.38,4.801e+3,4.801e+3,,6.453e-22,6.942e-13,,2.878e-23
374.40,5.191e+3,5.191e+3,,6.447e-22,6.954e-13,,2.879e-23
374.43,5.773e+3,5.773e+3,,6.437e-22,6.972e-13,,2.880e-23
374.45,6.147e+3,6.147e+3,,6.431e-22,6.983e-13,,2.880e-23
374.48,6.662e+3,6.662e+3,,6.421e-22,7.001e-13,,2.881e-23
374.50,6.956e+3,6.956e+3,,6.415e-22,7.013e-13,,2.882e-23
374.53,7.300e+3,7.300e+3,,6.405e-22,7.030e-13,,2.883e-23
374.55,7.457e+3,7.457e+3,,6.399e-22,7.042e-13,,2.883e-23
374.58,7.596e+3,7.596e+3,,6.389e-22,7.060e-13,,2.884e-23
374.60,7.644e+3,7.644e+3,,6.382e-22,7.071e-13,,2.885e-23
374.63,7.713e+3,7.713e+3,,6.373e-22,7.089e-13,,2.886e-23
374.65,7.807e+3,7.807e+3,,6.366e-22,7.101e-13,,2.886e-23
374.68,8.112e+3,8.112e+3,,6.357e-22,7.118e-13,,2.887e-23
374.70,8.476e+3,8.476e+3,,6.350e-22,7.130e-13,,2.888e-23
374.73,9.325e+3,9.325e+3,,6.341e-22,7.147e-13,,2.889e-23
374.75,1.011e+4,1.011e+4,,6.334e-22,7.159e-13,,2.889e-23
374.77,1.105e+4,1.105e+4,,6.328e-22,7.171e-13,,2.890e-23
374.80,1.270e+4,1.270e+4,,6.318e-22,7.188e-13,,2.891e-23
374.82,1.387e+4,1.387e+4,,6.312e-22,7.200e-13,,2.891e-23
374.85,1.559e+4,1.559e+4,,6.302e-22,7.218e-13,,2.892e-23
374.87,1.659e+4,1.659e+4,,6.295e-22,7.229e-13,,2.893e-23
374.90,1.769e+4,1.769e+4,,6.286e-22,7.247e-13,,2.894e-23
374.92,1.806e+4,1.806e+4,,6.279e-22,7.259e-13,,2.894e-23
374.95,1.798e+4,1.798e+4,,6.270e-22,7.276e-13,,2.895e-23
374.97,1.749e+4,1.749e+4,,6.263e-22,7.288e-13,,2.896e-23
375.00,1.615e+4,1.615e+4,,6.253e-22,7.306e-13,,2.897e-23
375.02,1.492e+4,1.492e+4,,6.247e-22,7.317e-13,,2.897e-23
375.05,1.274e+4,1.274e+4,,6.237e-22,7.335e-13,,2.898e-23
375.07,1.116e+4,1.116e+4,,6.231e-22,7.347e-13,,2.899e-23
375.10,8.796e+3,8.796e+3,,6.221e-22,7.364e-13,,2.900e-23
375.12,7.313e+3,7.313e+3,,6.215e-22,7.376e-13,,2.900e-23
375.15,5.340e+3,5.340e+3,,6.205e-22,7.393e-13,,2.901e-23
375.17,4.231e+3,4.231e+3,,6.199e-22,7.405e-13,,2.902e-23
375.20,2.897e+3,2.897e+3,,6.189e-22,7.423e-13,,2.903e-23
375.22,2.218e+3,2.218e+3,,6.183e-22,7.434e-13,,2.903e-23
375.25,1.475e+3,1.475e+3,,6.173e-22,7.452e-13,,2.904e-23
375.27,1.133e+3,1.133e+3,,6.166e-22,7.464e-13,,2.905e-23
375.29,8.855e+2,8.855e+2,,6.160e-22,7.475e-13,,2.905e-23
375.32,6.478e+2,6.478e+2,,6.150e-22,7.493e-13,,2.906e-23
375.34,5.527e+2,5.527e+2,,6.144e-22,7.505e-13,,2.907e-23
375.37,4.733e+2,4.733e+2,,6.134e-22,7.522e-13,,2.908e-23
375.39,4.514e+2,4.514e+2,,6.128e-22,7.534e-13,,2.908e-23
375.42,4.586e+2,4.586e+2,,6.118e-22,7.552e-13,,2.909e-23
375.44,4.930e+2,4.930e+2,,6.112e-22,7.563e-13,,2.910e-23
375.47,6.041e+2,6.041e+2,,6.102e-22,7.581e-13,,2.911e-23
375.49,7.313e+2,7.313e+2,,6.095e-22,7.593e-13,,2.911e-23
375.52,1.031e+3,1.031e+3,,6.086e-22,7.610e-13,,2.912e-23
375.54,1.321e+3,1.321e+3,,6.079e-22,7.622e-13,,2.913e-23
375.57,1.920e+3,1.920e+3,,6.070e-22,7.639e-13,,2.913e-23
375.59,2.441e+3,2.441e+3,,6.063e-22,7.651e-13,,2.914e-23
375.62,3.407e+3,3.407e+3,,6.054e-22,7.669e-13,,2.915e-23
375.64,4.166e+3,4.166e+3,,6.047e-22,7.680e-13,,2.916e-23
375.67,5.430e+3,5.430e+3,,6.037e-22,7.698e-13,,2.916e-23
375.69,6.316e+3,6.316e+3,,6.031e-22,7.710e-13,,2.917e-23
375.72,7.616e+3,7.616e+3,,6.021e-22,7.727e-13,,2.918e-23
375.74,8.400e+3,8.400e+3,,6.015e-22,7.739e-13,,2.919e-23
375.77,9.342e+3,9.342e+3,,6.005e-22,7.757e-13,,2.919e-23
375.79,9.758e+3,9.758e+3,,5.999e-22,7.768e-13,,2.920e-23
375.81,9.972e+3,9.972e+3,,5.992e-22,7.780e-13,,2.921e-23
375.84,9.890e+3,9.890e+3,,5.983e-22,7.798e-13,,2.921e-23
375.86,9.572e+3,9.572e+3,,5.976e-22,7.809e-13,,2.922e-23
375.89,8.753e+3,8.753e+3,,5.966e-22,7.827e-13,,2.923e-23
375.91,8.030e+3,8.030e+3,,5.960e-22,7.839e-13,,2.924e-23
375.94,6.787e+3,6.787e+3,,5.950e-22,7.856e-13,,2.924e-23
375.96,5.920e+3,5.920e+3,,5.944e-22,7.868e-13,,2.925e-23
375.99,4.665e+3,4.665e+3,,5.934e-22,7.885e-13,,2.926e-23
376.01,3.909e+3,3.909e+3,,5.928e-22,7.897e-13,,2.927e-23
376.04,2.963e+3,2.963e+3,,5.918e-22,7.915e-13,,2.927e-23
376.06,2.480e+3,2.480e+3,,5.912e-22,7.926e-13,,2.928e-23
376.09,1.998e+3,1.998e+3,,5.902e-22,7.944e-13,,2.929e-23
376.11,1.842e+3,1.842e+3,,5.895e-22,7.956e-13,,2.929e-23
376.14,1.848e+3,1.848e+3,,5.886e-22,7.973e-13,,2.930e-23
376.16,2.004e+3,2.004e+3,,5.879e-22,7.985e-13,,2.931e-23
376.19,2.442e+3,2.442e+3,,5.870e-22,8.003e-13,,2.932e-23
376.21,2.849e+3,2.849e+3,,5.863e-22,8.014e-13,,2.932e-23
376.24,3.591e+3,3.591e+3,,5.854e-22,8.032e-13,,2.933e-23
376.26,4.141e+3,4.141e+3,,5.847e-22,8.044e-13,,2.934e-23
376.29,4.987e+3,4.987e+3,,5.837e-22,8.061e-13,,2.935e-23
376.31,5.527e+3,5.527e+3,,5.831e-22,8.073e-13,,2.935e-23
376.33,6.018e+3,6.018e+3,,5.824e-22,8.085e-13,,2.936e-23
376.36,6.622e+3,6.622e+3,,5.815e-22,8.102e-13,,2.937e-23
376.38,6.913e+3,6.913e+3,,5.808e-22,8.114e-13,,2.937e-23
376.41,7.173e+3,7.173e+3,,5.799e-22,8.132e-13,,2.938e-23
376.43,7.232e+3,7.232e+3,,5.792e-22,8.143e-13,,2.939e-23
376.46,7.179e+3,7.179e+3,,5.783e-22,5.322e-12,,2.940e-23
376.48,7.073e+3,7.073e+3,,5.776e-22,1.809e-11,,2.940e-23
376.51,6.854e+3,6.854e+3,,5.766e-22,1.087e-10,,2.941e-23
376.53,6.694e+3,6.694e+3,,5.760e-22,3.492e-10,,2.942e-23
376.56,6.463e+3,6.463e+3,,5.750e-22,1.929e-9,,2.943e-23
376.58,6.323e+3,6.323e+3,,5.744e-22,5.859e-9,,2.943e-23
376.61,6.134e+3,6.134e+3,,5.734e-22,2.975e-8,,2.944e-23
376.63,6.011e+3,6.011e+3,,5.728e-22,8.543e-8,,2.945e-23
376.66,5.806e+3,5.806e+3,,5.718e-22,3.987e-7,,2.946e-23
376.68,5.639e+3,5.639e+3,,5.712e-22,1.083e-6,,2.946e-23
376.71,5.315e+3,5.315e+3,,5.702e-22,4.645e-6,,2.947e-23
376.73,5.041e+3,5.041e+3,,5.695e-22,1.193e-5,,2.948e-23
376.76,4.542e+3,4.542e+3,,5.686e-22,4.703e-5,,2.949e-23
376.78,4.158e+3,4.158e+3,,5.679e-22,1.141e-4,,2.949e-23
376.80,3.743e+3,3.743e+3,,5.673e-22,2.709e-4,,2.950e-23
376.83,3.092e+3,3.092e+3,,5.663e-22,9.496e-4,,2.951e-23
376.85,2.658e+3,2.658e+3,,5.657e-22,2.131e-3,,2.951e-23
376.88,2.042e+3,2.042e+3,,5.647e-22,6.866e-3,,2.952e-23
376.90,1.670e+3,1.670e+3,,5.641e-22,1.456e-2,,2.953e-23
376.93,1.187e+3,1.187e+3,,5.631e-22,4.314e-2,,2.954e-23
376.95,9.210e+2,9.209e+2,,5.625e-22,8.653e-2,,2.954e-23
376.98,6.045e+2,6.043e+2,,5.615e-22,2.356e-1,,2.955e-23
377.00,4.446e+2,4.441e+2,,5.608e-22,4.467e-1,,2.956e-23
377.03,2.696e+2,2.685e+2,,5.599e-22,1.118e+0,,2.957e-23
377.05,1.888e+2,1.868e+2,,5.592e-22,2.005e+0,,2.957e-23
377.08,1.086e+2,1.039e+2,,5.583e-22,4.613e+0,,2.958e-23
377.10,7.622e+1,6.840e+1,,5.576e-22,7.818e+0,,2.959e-23
377.13,5.155e+1,3.501e+1,,5.566e-22,1.654e+1,,2.960e-23
377.15,4.829e+1,2.179e+1,,5.560e-22,2.650e+1,,2.960e-23
377.18,6.178e+1,1.026e+1,,5.550e-22,5.152e+1,,2.961e-23
377.20,8.408e+1,6.035e+0,,5.544e-22,7.805e+1,,2.962e-23
377.23,1.421e+2,2.613e+0,,5.534e-22,1.395e+2,,2.963e-23
377.25,2.013e+2,1.456e+0,,5.528e-22,1.998e+2,,2.963e-23
377.28,3.289e+2,5.876e-1,,5.518e-22,3.283e+2,,2.964e-23
377.30,4.449e+2,3.226e-1,,5.512e-22,4.446e+2,,2.965e-23
377.32,5.888e+2,1.907e-1,,5.505e-22,5.886e+2,,2.965e-23
377.35,8.598e+2,1.373e-1,,5.496e-22,8.596e+2,,2.966e-23
377.37,1.076e+3,1.691e-1,,5.489e-22,1.076e+3,,2.967e-23
377.40,1.445e+3,3.197e-1,,5.479e-22,1.445e+3,,2.968e-23
377.42,1.710e+3,5.131e-1,,5.473e-22,1.710e+3,,2.968e-23
377.45,2.111e+3,1.024e+0,,5.463e-22,2.110e+3,,2.969e-23
377.47,2.362e+3,1.584e+0,,5.457e-22,2.361e+3,,2.970e-23
377.50,2.681e+3,2.925e+0,,5.447e-22,2.678e+3,,2.971e-23
377.52,2.837e+3,4.281e+0,,5.441e-22,2.833e+3,,2.971e-23
377.55,2.962e+3,7.270e+0,,5.431e-22,2.955e+3,,2.972e-23
377.57,2.965e+3,1.006e+1,,5.425e-22,2.955e+3,,2.973e-23
377.60,2.849e+3,1.571e+1,,5.415e-22,2.833e+3,,2.974e-23
377.62,2.699e+3,2.056e+1,,5.408e-22,2.678e+3,,2.974e-23
377.65,2.390e+3,2.951e+1,,5.399e-22,2.361e+3,,2.975e-23
377.67,2.147e+3,3.651e+1,,5.392e-22,2.110e+3,,2.976e-23
377.70,1.758e+3,4.818e+1,,5.383e-22,1.710e+3,,2.977e-23
377.72,1.501e+3,5.636e+1,,5.376e-22,1.445e+3,,2.977e-23
377.75,1.145e+3,6.838e+1,,5.366e-22,1.076e+3,,2.978e-23
377.77,9.355e+2,7.564e+1,,5.360e-22,8.599e+2,,2.979e-23
377.80,6.736e+2,8.437e+1,,5.350e-22,5.893e+2,,2.980e-23
377.82,5.341e+2,8.824e+1,,5.344e-22,4.458e+2,,2.980e-23
377.84,4.209e+2,9.024e+1,,5.337e-22,3.306e+2,,2.981e-23
377.87,2.945e+2,8.949e+1,,5.328e-22,2.051e+2,,2.982e-23
377.89,2.349e+2,8.653e+1,,5.321e-22,1.484e+2,,2.982e-23
377.92,1.756e+2,7.889e+1,,5.312e-22,9.675e+1,,2.983e-23
377.94,1.536e+2,7.212e+1,,5.305e-22,8.143e+1,,2.984e-23
377.97,1.449e+2,6.045e+1,,5.296e-22,8.449e+1,,2.985e-23
377.99,1.565e+2,5.226e+1,,5.289e-22,1.042e+2,,2.985e-23
378.02,2.045e+2,4.028e+1,,5.279e-22,1.642e+2,,2.986e-23
378.04,2.612e+2,3.293e+1,,5.273e-22,2.282e+2,,2.987e-23
378.07,3.921e+2,2.336e+1,,5.263e-22,3.687e+2,,2.988e-23
378.09,5.151e+2,1.809e+1,,5.257e-22,4.970e+2,,2.988e-23
378.12,7.601e+2,1.190e+1,,5.247e-22,7.482e+2,,2.989e-23
378.14,9.653e+2,8.853e+0,,5.241e-22,9.564e+2,,2.990e-23
378.17,1.332e+3,5.746e+0,,5.231e-22,1.326e+3,,2.991e-23
378.19,1.608e+3,4.555e+0,,5.225e-22,1.603e+3,,2.991e-23
378.22,2.049e+3,4.009e+0,,5.215e-22,2.045e+3,,2.992e-23
378.24,2.343e+3,4.503e+0,,5.208e-22,2.338e+3,,2.993e-23
378.27,2.749e+3,6.770e+0,,5.199e-22,2.742e+3,,2.993e-23
378.29,2.975e+3,9.570e+0,,5.192e-22,2.965e+3,,2.994e-23
378.32,3.214e+3,1.644e+1,,5.183e-22,3.197e+3,,2.995e-23
378.34,3.293e+3,2.340e+1,,5.176e-22,3.270e+3,,2.996e-23
378.36,3.302e+3,3.290e+1,,5.170e-22,3.270e+3,,2.996e-23
378.39,3.189e+3,5.340e+1,,5.160e-22,3.135e+3,,2.997e-23
378.41,3.037e+3,7.242e+1,,5.154e-22,2.965e+3,,2.998e-23
378.44,2.726e+3,1.114e+2,,5.144e-22,2.615e+3,,2.999e-23
378.46,2.484e+3,1.460e+2,,5.137e-22,2.338e+3,,2.999e-23
378.49,2.110e+3,2.134e+2,,5.128e-22,1.896e+3,,3.000e-23
378.51,1.874e+3,2.704e+2,,5.121e-22,1.603e+3,,3.001e-23
378.54,1.572e+3,3.759e+2,,5.112e-22,1.196e+3,,3.001e-23
378.56,1.416e+3,4.602e+2,,5.105e-22,9.562e+2,,3.002e-23
378.59,1.262e+3,6.065e+2,,5.096e-22,6.557e+2,,3.003e-23
378.61,1.211e+3,7.153e+2,,5.089e-22,4.959e+2,,3.004e-23
378.64,1.202e+3,8.891e+2,,5.079e-22,3.127e+2,,3.004e-23
378.66,1.230e+3,1.006e+3,,5.073e-22,2.236e+2,,3.005e-23
378.69,1.302e+3,1.173e+3,,5.063e-22,1.297e+2,,3.006e-23
378.71,1.357e+3,1.269e+3,,5.057e-22,8.769e+1,,3.007e-23
378.74,1.425e+3,1.378e+3,,5.047e-22,4.677e+1,,3.007e-23
378.76,1.451e+3,1.421e+3,,5.041e-22,2.991e+1,,3.008e-23
378.79,1.448e+3,1.433e+3,,5.031e-22,1.467e+1,,3.009e-23
378.81,1.414e+3,1.405e+3,,5.025e-22,8.869e+0,,3.009e-23
378.83,1.354e+3,1.349e+3,,5.018e-22,5.245e+0,,3.010e-23
378.86,1.221e+3,1.219e+3,,5.008e-22,2.287e+0,,3.011e-23
378.88,1.111e+3,1.110e+3,,5.002e-22,1.279e+0,,3.012e-23
378.91,9.265e+2,9.260e+2,,4.992e-22,5.130e-1,,3.012e-23
378.93,7.991e+2,7.988e+2,,4.986e-22,2.713e-1,,3.013e-23
378.96,6.147e+2,6.146e+2,,4.976e-22,1.000e-1,,3.014e-23
378.98,5.025e+2,5.024e+2,,4.970e-22,5.003e-2,,3.015e-23
379.01,3.573e+2,3.573e+2,,4.960e-22,1.697e-2,,3.015e-23
379.03,2.782e+2,2.782e+2,,4.954e-22,8.023e-3,,3.016e-23
379.06,1.870e+2,1.870e+2,,4.944e-22,2.502e-3,,3.017e-23
379.08,1.439e+2,1.439e+2,,4.938e-22,1.119e-3,,3.017e-23
379.11,1.041e+2,1.041e+2,,4.928e-22,3.209e-4,,3.018e-23
379.13,9.333e+1,9.333e+1,,4.921e-22,1.357e-4,,3.019e-23
379.16,1.005e+2,1.005e+2,,4.912e-22,3.579e-5,,3.020e-23
379.18,1.214e+2,1.214e+2,,4.905e-22,1.431e-5,,3.020e-23
379.21,1.794e+2,1.794e+2,,4.896e-22,3.471e-6,,3.021e-23
379.23,2.375e+2,2.375e+2,,4.889e-22,1.313e-6,,3.022e-23
379.26,3.572e+2,3.572e+2,,4.879e-22,2.927e-7,,3.023e-23
379.28,4.596e+2,4.596e+2,,4.873e-22,1.047e-7,,3.023e-23
379.31,6.468e+2,6.468e+2,,4.863e-22,2.147e-8,,3.024e-23
379.33,7.914e+2,7.914e+2,,4.857e-22,7.261e-9,,3.025e-23
379.35,9.481e+2,9.481e+2,,4.850e-22,2.401e-9,,3.025e-23
379.38,1.195e+3,1.195e+3,,4.841e-22,4.379e-10,,3.026e-23
379.40,1.359e+3,1.359e+3,,4.834e-22,1.369e-10,,3.027e-23
379.43,1.588e+3,1.588e+3,,4.825e-22,2.297e-11,,3.028e-23
379.45,1.720e+3,1.720e+3,,4.818e-22,6.792e-12,,3.028e-23
379.48,1.876e+3,1.876e+3,,4.808e-22,1.048e-12,,3.029e-23
379.50,1.949e+3,1.949e+3,,4.802e-22,1.270e-12,,3.030e-23
379.53,2.013e+3,2.013e+3,,4.792e-22,1.603e-12,,3.031e-23
379.55,2.031e+3,2.031e+3,,4.786e-22,1.826e-12,,3.031e-23
379.58,2.034e+3,2.034e+3,,4.776e-22,2.159e-12,,3.032e-23
379.60,2.031e+3,2.031e+3,,4.770e-22,7.434e-12,,3.033e-23
379.63,2.037e+3,2.037e+3,,4.760e-22,4.557e-11,,3.034e-23
379.65,2.056e+3,2.056e+3,,4.754e-22,1.485e-10,,3.034e-23
379.68,2.115e+3,2.115e+3,,4.744e-22,8.377e-10,,3.035e-23
379.70,2.176e+3,2.176e+3,,4.738e-22,2.583e-9,,3.036e-23
379.73,2.296e+3,2.296e+3,,4.728e-22,1.342e-8,,3.037e-23
379.75,2.387e+3,2.387e+3,,4.721e-22,3.914e-8,,3.037e-23
379.78,2.528e+3,2.528e+3,,4.712e-22,1.871e-7,,3.038e-23
379.80,2.614e+3,2.614e+3,,4.705e-22,5.167e-7,,3.039e-23
379.83,2.712e+3,2.712e+3,,4.696e-22,2.274e-6,,3.040e-23
379.85,2.749e+3,2.749e+3,,4.689e-22,5.942e-6,,3.040e-23
379.87,2.756e+3,2.756e+3,,4.683e-22,1.519e-5,,3.041e-23
379.90,2.705e+3,2.705e+3,,4.673e-22,5.953e-5,,3.042e-23
379.92,2.627e+3,2.627e+3,,4.667e-22,1.440e-4,,3.042e-23
379.95,2.447e+3,2.447e+3,,4.657e-22,5.195e-4,,3.043e-23
379.97,2.289e+3,2.289e+3,,4.650e-22,1.189e-3,,3.044e-23
380.00,2.010e+3,2.010e+3,,4.641e-22,3.949e-3,,3.045e-23
380.02,1.805e+3,1.805e+3,,4.634e-22,8.552e-3,,3.045e-23
380.05,1.487e+3,1.487e+3,,4.625e-22,2.615e-2,,3.046e-23
380.07,1.279e+3,1.279e+3,,4.618e-22,5.359e-2,,3.047e-23
380.10,9.875e+2,9.873e+2,,4.609e-22,1.508e-1,,3.048e-23
380.12,8.153e+2,8.150e+2,,4.602e-22,2.925e-1,,3.048e-23
380.15,5.995e+2,5.987e+2,,4.592e-22,7.580e-1,,3.049e-23
380.17,4.874e+2,4.860e+2,,4.586e-22,1.391e+0,,3.050e-23
380.20,3.703e+2,3.670e+2,,4.576e-22,3.318e+0,,3.051e-23
380.22,3.272e+2,3.214e+2,,4.570e-22,5.762e+0,,3.051e-23
380.25,3.159e+2,3.033e+2,,4.560e-22,1.265e+1,,3.052e-23
380.27,3.448e+2,3.240e+2,,4.554e-22,2.079e+1,,3.053e-23
380.30,4.447e+2,4.027e+2,,4.544e-22,4.202e+1,,3.054e-23
380.32,5.508e+2,4.855e+2,,4.538e-22,6.535e+1,,3.054e-23
380.34,6.901e+2,5.907e+2,,4.531e-22,9.941e+1,,3.055e-23
380.37,9.644e+2,7.855e+2,,4.521e-22,1.789e+2,,3.056e-23
380.39,1.192e+3,9.348e+2,,4.515e-22,2.576e+2,,3.056e-23
380.42,1.603e+3,1.176e+3,,4.505e-22,4.268e+2,,3.057e-23
380.44,1.922e+3,1.340e+3,,4.499e-22,5.814e+2,,3.058e-23
380.47,2.462e+3,1.575e+3,,4.489e-22,8.869e+2,,3.059e-23
380.49,2.856e+3,1.713e+3,,4.483e-22,1.143e+3,,3.059e-23
380.52,3.483e+3,1.878e+3,,4.473e-22,1.605e+3,,3.060e-23
380.54,3.910e+3,1.952e+3,,4.467e-22,1.958e+3,,3.061e-23
380.57,4.533e+3,2.002e+3,,4.457e-22,2.531e+3,,3.062e-23
380.59,4.914e+3,1.993e+3,,4.450e-22,2.922e+3,,3.062e-23
380.62,5.393e+3,1.917e+3,,4.441e-22,3.476e+3,,3.063e-23
380.64,5.627e+3,1.829e+3,,4.434e-22,3.797e+3,,3.064e-23
380.67,5.813e+3,1.653e+3,,4.425e-22,4.160e+3,,3.065e-23
380.69,5.814e+3,1.514e+3,,4.418e-22,4.300e+3,,3.065e-23
380.72,5.622e+3,1.287e+3,,4.409e-22,4.335e+3,,3.066e-23
380.74,5.371e+3,1.131e+3,,4.402e-22,4.241e+3,,3.067e-23
380.77,4.839e+3,9.031e+2,,4.392e-22,3.936e+3,,3.068e-23
380.79,4.405e+3,7.612e+2,,4.386e-22,3.643e+3,,3.068e-23
380.82,3.684e+3,5.709e+2,,4.376e-22,3.113e+3,,3.069e-23
380.84,3.189e+3,4.617e+2,,4.370e-22,2.727e+3,,3.070e-23
380.86,2.704e+3,3.679e+2,,4.363e-22,2.336e+3,,3.070e-23
380.89,2.034e+3,2.564e+2,,4.354e-22,1.778e+3,,3.071e-23
380.91,1.642e+3,2.010e+2,,4.347e-22,1.441e+3,,3.072e-23
380.94,1.154e+3,1.445e+2,,4.338e-22,1.010e+3,,3.073e-23
380.96,8.983e+2,1.236e+2,,4.331e-22,7.747e+2,,3.073e-23
380.99,6.156e+2,1.160e+2,,4.321e-22,4.995e+2,,3.074e-23
381.01,4.891e+2,1.264e+2,,4.315e-22,3.627e+2,,3.075e-23
381.04,3.805e+2,1.652e+2,,4.305e-22,2.153e+2,,3.076e-23
381.06,3.548e+2,2.068e+2,,4.299e-22,1.479e+2,,3.076e-23
381.09,3.749e+2,2.941e+2,,4.289e-22,8.083e+1,,3.077e-23
381.11,4.220e+2,3.694e+2,,4.283e-22,5.255e+1,,3.078e-23
381.14,5.357e+2,5.093e+2,,4.273e-22,2.643e+1,,3.079e-23
381.16,6.377e+2,6.215e+2,,4.267e-22,1.626e+1,,3.079e-23
381.19,8.291e+2,8.215e+2,,4.257e-22,7.530e+0,,3.080e-23
381.21,9.840e+2,9.796e+2,,4.251e-22,4.384e+0,,3.081e-23
381.24,1.266e+3,1.264e+3,,4.241e-22,1.869e+0,,3.081e-23
381.26,1.496e+3,1.495e+3,,4.234e-22,1.030e+0,,3.082e-23
381.29,1.923e+3,1.922e+3,,4.225e-22,4.040e-1,,3.083e-23
381.31,2.276e+3,2.276e+3,,4.218e-22,2.106e-1,,3.084e-23
381.34,2.933e+3,2.933e+3,,4.209e-22,7.608e-2,,3.084e-23
381.36,3.465e+3,3.465e+3,,4.202e-22,3.754e-2,,3.085e-23
381.38,4.074e+3,4.074e+3,,4.196e-22,1.812e-2,,3.086e-23
381.41,5.121e+3,5.121e+3,,4.186e-22,5.827e-3,,3.087e-23
381.43,5.886e+3,5.886e+3,,4.180e-22,2.661e-3,,3.087e-23
381.46,7.070e+3,7.070e+3,,4.170e-22,7.880e-4,,3.088e-23
381.48,7.835e+3,7.835e+3,,4.163e-22,3.405e-4,,3.089e-23
381.51,8.847e+3,8.847e+3,,4.154e-22,9.283e-5,,3.089e-23
381.53,9.374e+3,9.374e+3,,4.147e-22,3.796e-5,,3.090e-23
381.56,9.861e+3,9.861e+3,,4.138e-22,9.525e-6,,3.091e-23
381.58,9.954e+3,9.954e+3,,4.131e-22,3.686e-6,,3.092e-23
381.61,9.735e+3,9.735e+3,,4.121e-22,8.515e-7,,3.092e-23
381.63,9.372e+3,9.372e+3,,4.115e-22,3.118e-7,,3.093e-23
381.66,8.584e+3,8.584e+3,,4.105e-22,6.630e-8,,3.094e-23
381.68,7.965e+3,7.965e+3,,4.099e-22,2.298e-8,,3.095e-23
381.71,7.034e+3,7.034e+3,,4.089e-22,4.498e-9,,3.095e-23
381.73,6.498e+3,6.498e+3,,4.083e-22,1.475e-9,,3.096e-23
381.76,5.957e+3,5.957e+3,,4.073e-22,2.658e-10,,3.097e-23
381.78,5.838e+3,5.838e+3,,4.067e-22,8.248e-11,,3.097e-23
381.81,6.100e+3,6.100e+3,,4.057e-22,1.368e-11,,3.098e-23
381.83,6.586e+3,6.586e+3,,4.051e-22,4.017e-12,,3.099e-23
381.86,7.764e+3,7.764e+3,,4.041e-22,6.134e-13,,3.100e-23
381.88,8.805e+3,8.805e+3,,4.034e-22,6.280e-13,,3.100e-23
381.90,9.995e+3,9.995e+3,,4.028e-22,6.426e-13,,3.101e-23
381.93,1.191e+4,1.191e+4,,4.018e-22,6.645e-13,,3.102e-23
381.95,1.317e+4,1.317e+4,,4.012e-22,6.791e-13,,3.103e-23
381.98,1.483e+4,1.483e+4,,4.002e-22,7.010e-13,,3.103e-23
382.00,1.567e+4,1.567e+4,,3.996e-22,7.155e-13,,3.104e-23
382.03,1.640e+4,1.640e+4,,3.986e-22,7.374e-13,,3.105e-23
382.05,1.647e+4,1.647e+4,,3.980e-22,7.520e-13,,3.105e-23
382.08,1.595e+4,1.595e+4,,3.970e-22,7.739e-13,,3.106e-23
382.10,1.521e+4,1.521e+4,,3.963e-22,7.885e-13,,3.107e-23
382.13,1.365e+4,1.365e+4,,3.954e-22,8.104e-13,,3.108e-23
382.15,1.240e+4,1.240e+4,,3.947e-22,8.250e-13,,3.108e-23
382.18,1.039e+4,1.039e+4,,3.938e-22,8.469e-13,,3.109e-23
382.20,9.064e+3,9.064e+3,,3.931e-22,8.615e-13,,3.110e-23
382.23,7.273e+3,7.273e+3,,3.922e-22,8.834e-13,,3.111e-23
382.25,6.281e+3,6.281e+3,,3.915e-22,8.980e-13,,3.111e-23
382.28,5.180e+3,5.180e+3,,3.905e-22,9.198e-13,,3.112e-23
382.30,4.733e+3,4.733e+3,,3.899e-22,9.344e-13,,3.113e-23
382.33,4.500e+3,4.500e+3,,3.889e-22,9.563e-13,,3.114e-23
382.35,4.628e+3,4.628e+3,,3.883e-22,9.709e-13,,3.114e-23
382.37,4.963e+3,4.963e+3,,3.876e-22,9.855e-13,,3.115e-23
382.40,5.801e+3,5.801e+3,,3.867e-22,1.007e-12,,3.116e-23
382.42,6.542e+3,6.542e+3,,3.860e-22,1.022e-12,,3.116e-23
382.45,7.838e+3,7.838e+3,,3.851e-22,1.044e-12,,3.117e-23
382.47,8.768e+3,8.768e+3,,3.844e-22,1.058e-12,,3.118e-23
382.50,1.016e+4,1.016e+4,,3.834e-22,1.080e-12,,3.119e-23
382.52,1.103e+4,1.103e+4,,3.828e-22,1.095e-12,,3.119e-23
382.55,1.214e+4,1.214e+4,,3.818e-22,1.117e-12,,3.120e-23
382.57,1.272e+4,1.272e+4,,3.812e-22,1.131e-12,,3.121e-23
382.60,1.329e+4,1.329e+4,,3.802e-22,1.153e-12,,3.122e-23
382.62,1.346e+4,1.346e+4,,3.796e-22,1.168e-12,,3.122e-23
382.65,1.341e+4,1.341e+4,,3.786e-22,1.190e-12,,3.123e-23
382.67,1.317e+4,1.317e+4,,3.780e-22,1.204e-12,,3.124e-23
382.70,1.257e+4,1.257e+4,,3.770e-22,1.226e-12,,3.125e-23
382.72,1.202e+4,1.202e+4,,3.763e-22,1.241e-12,,3.125e-23
382.75,1.103e+4,1.103e+4,,3.754e-22,1.263e-12,,3.126e-23
382.77,1.027e+4,1.027e+4,,3.747e-22,1.277e-12,,3.127e-23
382.80,9.049e+3,9.049e+3,,3.738e-22,1.299e-12,,3.128e-23
382.82,8.194e+3,8.194e+3,,3.731e-22,1.314e-12,,3.128e-23
382.85,6.894e+3,6.894e+3,,3.722e-22,1.336e-12,,3.129e-23
382.87,6.039e+3,6.039e+3,,3.715e-22,1.350e-12,,3.130e-23
382.89,5.213e+3,5.213e+3,,3.709e-22,1.365e-12,,3.130e-23
382.92,4.061e+3,4.061e+3,,3.699e-22,1.387e-12,,3.131e-23
382.94,3.369e+3,3.369e+3,,3.693e-22,1.401e-12,,3.132e-23
382.97,2.471e+3,2.471e+3,,3.683e-22,1.423e-12,,3.133e-23
382.99,1.974e+3,1.974e+3,,3.676e-22,1.438e-12,,3.133e-23
383.02,1.385e+3,1.385e+3,,3.667e-22,1.460e-12,,3.134e-23
383.04,1.097e+3,1.097e+3,,3.660e-22,1.474e-12,,3.135e-23
383.07,8.136e+2,8.136e+2,,3.651e-22,1.496e-12,,3.136e-23
383.09,7.198e+2,7.198e+2,,3.644e-22,1.511e-12,,3.136e-23
383.12,7.149e+2,7.149e+2,,3.634e-22,1.533e-12,,3.137e-23
383.14,7.993e+2,7.993e+2,,3.628e-22,1.547e-12,,3.138e-23
383.17,1.054e+3,1.054e+3,,3.618e-22,1.569e-12,,3.139e-23
383.19,1.306e+3,1.306e+3,,3.612e-22,1.584e-12,,3.139e-23
383.22,1.798e+3,1.798e+3,,3.602e-22,1.606e-12,,3.140e-23
383.24,2.193e+3,2.193e+3,,3.596e-22,1.620e-12,,3.141e-23
383.27,2.857e+3,2.857e+3,,3.586e-22,1.642e-12,,3.142e-23
383.29,3.325e+3,3.325e+3,,3.580e-22,1.657e-12,,3.142e-23
383.32,4.013e+3,4.013e+3,,3.570e-22,1.679e-12,,3.143e-23
383.34,4.430e+3,4.430e+3,,3.563e-22,1.693e-12,,3.144e-23
383.37,4.937e+3,4.937e+3,,3.554e-22,1.715e-12,,3.145e-23
383.39,5.167e+3,5.167e+3,,3.547e-22,1.730e-12,,3.145e-23
383.41,5.294e+3,5.294e+3,,3.541e-22,1.744e-12,,3.146e-23
383.44,5.279e+3,5.279e+3,,3.531e-22,1.766e-12,,3.147e-23
383.46,5.133e+3,5.133e+3,,3.525e-22,1.781e-12,,3.147e-23
383.49,4.737e+3,4.737e+3,,3.515e-22,1.803e-12,,3.148e-23
383.51,4.379e+3,4.379e+3,,3.509e-22,1.817e-12,,3.149e-23
383.54,3.755e+3,3.755e+3,,3.499e-22,1.839e-12,,3.150e-23
383.56,3.312e+3,3.312e+3,,3.493e-22,1.854e-12,,3.150e-23
383.59,2.663e+3,2.663e+3,,3.483e-22,1.876e-12,,3.151e-23
383.61,2.265e+3,2.265e+3,,3.476e-22,1.890e-12,,3.152e-23
383.64,1.754e+3,1.754e+3,,3.467e-22,1.912e-12,,3.153e-23
383.66,1.484e+3,1.484e+3,,3.460e-22,1.927e-12,,3.153e-23
383.69,1.200e+3,1.200e+3,,3.451e-22,1.949e-12,,3.154e-23
383.71,1.096e+3,1.096e+3,,3.444e-22,1.963e-12,,3.155e-23
383.74,1.075e+3,1.075e+3,,3.434e-22,1.985e-12,,3.156e-23
383.76,1.154e+3,1.154e+3,,3.428e-22,2.000e-12,,3.156e-23
383.79,1.417e+3,1.417e+3,,3.418e-22,2.022e-12,,3.157e-23
383.81,1.692e+3,1.692e+3,,3.412e-22,2.036e-12,,3.158e-23
383.84,2.252e+3,2.252e+3,,3.402e-22,2.058e-12,,3.159e-23
383.86,2.719e+3,2.719e+3,,3.396e-22,2.073e-12,,3.159e-23
383.89,3.541e+3,3.541e+3,,3.386e-22,2.095e-12,,3.160e-23
383.91,4.151e+3,4.151e+3,,3.380e-22,2.109e-12,,3.161e-23
383.93,4.787e+3,4.787e+3,,3.373e-22,2.124e-12,,3.161e-23
383.96,5.737e+3,5.737e+3,,3.364e-22,2.146e-12,,3.162e-23
383.98,6.328e+3,6.328e+3,,3.357e-22,2.160e-12,,3.163e-23
384.01,7.077e+3,7.077e+3,,3.347e-22,2.182e-12,,3.164e-23
384.03,7.448e+3,7.448e+3,,3.341e-22,2.197e-12,,3.164e-23
384.06,7.757e+3,7.757e+3,,3.331e-22,2.219e-12,,3.165e-23
384.08,7.783e+3,7.783e+3,,3.325e-22,2.233e-12,,3.166e-23
384.11,7.550e+3,7.550e+3,,3.315e-22,2.255e-12,,3.167e-23
384.13,7.227e+3,7.227e+3,,3.309e-22,2.270e-12,,3.167e-23
384.16,6.540e+3,6.540e+3,,3.299e-22,2.292e-12,,3.168e-23
384.18,5.986e+3,5.986e+3,,3.293e-22,2.306e-12,,3.169e-23
384.21,5.078e+3,5.078e+3,,3.283e-22,2.328e-12,,3.169e-23
384.23,4.463e+3,4.463e+3,,3.276e-22,2.343e-12,,3.170e-23
384.26,3.581e+3,3.581e+3,,3.267e-22,2.364e-12,,3.171e-23
384.28,3.047e+3,3.047e+3,,3.260e-22,2.379e-12,,3.172e-23
384.31,2.351e+3,2.351e+3,,3.251e-22,2.401e-12,,3.172e-23
384.33,1.965e+3,1.965e+3,,3.244e-22,2.416e-12,,3.173e-23
384.36,1.499e+3,1.499e+3,,3.235e-22,2.437e-12,,3.174e-23
384.38,1.260e+3,1.260e+3,,3.228e-22,2.452e-12,,3.175e-23
384.40,1.072e+3,1.072e+3,,3.222e-22,2.467e-12,,3.175e-23
384.43,8.731e+2,8.731e+2,,3.212e-22,2.489e-12,,3.176e-23
384.45,7.885e+2,7.885e+2,,3.205e-22,2.503e-12,,3.177e-23
384.48,7.204e+2,7.204e+2,,3.196e-22,2.525e-12,,3.177e-23
384.50,7.072e+2,7.072e+2,,3.189e-22,2.540e-12,,3.178e-23
384.53,7.242e+2,7.242e+2,,3.180e-22,2.561e-12,,3.179e-23
384.55,7.532e+2,7.532e+2,,3.173e-22,2.576e-12,,3.180e-23
384.58,8.112e+2,8.112e+2,,3.164e-22,2.598e-12,,3.180e-23
384.60,8.530e+2,8.530e+2,,3.157e-22,2.613e-12,,3.181e-23
384.63,9.103e+2,9.103e+2,,3.147e-22,2.634e-12,,3.182e-23
384.65,9.409e+2,9.409e+2,,3.141e-22,2.649e-12,,3.183e-23
384.68,9.716e+2,9.716e+2,,3.131e-22,2.671e-12,,3.183e-23
384.70,9.824e+2,9.824e+2,,3.125e-22,9.095e-12,,3.184e-23
384.73,9.890e+2,9.890e+2,,3.115e-22,5.489e-11,,3.185e-23
384.75,9.915e+2,9.915e+2,,3.109e-22,1.771e-10,,3.185e-23
384.78,1.002e+3,1.002e+3,,3.099e-22,9.862e-10,,3.186e-23
384.80,1.017e+3,1.017e+3,,3.093e-22,3.016e-9,,3.187e-23
384.83,1.060e+3,1.060e+3,,3.083e-22,1.549e-8,,3.188e-23
384.85,1.102e+3,1.102e+3,,3.076e-22,4.489e-8,,3.188e-23
384.88,1.180e+3,1.180e+3,,3.067e-22,2.127e-7,,3.189e-23
384.90,1.237e+3,1.237e+3,,3.060e-22,5.843e-7,,3.190e-23
384.92,1.292e+3,1.292e+3,,3.054e-22,1.571e-6,,3.191e-23
384.95,1.358e+3,1.358e+3,,3.044e-22,6.648e-6,,3.191e-23
384.97,1.384e+3,1.384e+3,,3.038e-22,1.694e-5,,3.192e-23
385.00,1.384e+3,1.384e+3,,3.028e-22,6.614e-5,,3.193e-23
385.02,1.354e+3,1.354e+3,,3.022e-22,1.597e-4,,3.193e-23
385.05,1.267e+3,1.267e+3,,3.012e-22,5.753e-4,,3.194e-23
385.07,1.182e+3,1.182e+3,,3.006e-22,1.316e-3,,3.195e-23
385.10,1.026e+3,1.026e+3,,2.996e-22,4.374e-3,,3.196e-23
385.12,9.098e+2,9.098e+2,,2.989e-22,9.484e-3,,3.196e-23
385.15,7.314e+2,7.314e+2,,2.980e-22,2.908e-2,,3.197e-23
385.17,6.170e+2,6.170e+2,,2.973e-22,5.975e-2,,3.198e-23
385.20,4.626e+2,4.624e+2,,2.964e-22,1.690e-1,,3.199e-23
385.22,3.757e+2,3.753e+2,,2.957e-22,3.291e-1,,3.199e-23
385.25,2.742e+2,2.734e+2,,2.947e-22,8.590e-1,,3.200e-23
385.27,2.277e+2,2.261e+2,,2.941e-22,1.585e+0,,3.201e-23
385.30,1.915e+2,1.877e+2,,2.931e-22,3.816e+0,,3.202e-23
385.32,1.907e+2,1.841e+2,,2.925e-22,6.674e+0,,3.202e-23
385.35,2.273e+2,2.124e+2,,2.915e-22,1.482e+1,,3.203e-23
385.37,2.788e+2,2.542e+2,,2.909e-22,2.457e+1,,3.204e-23
385.40,4.021e+2,3.517e+2,,2.899e-22,5.034e+1,,3.205e-23
385.42,5.186e+2,4.396e+2,,2.893e-22,7.906e+1,,3.205e-23
385.44,6.661e+2,5.446e+2,,2.886e-22,1.215e+2,,3.206e-23
385.47,9.527e+2,7.303e+2,,2.876e-22,2.224e+2,,3.207e-23
385.49,1.193e+3,8.685e+2,,2.870e-22,3.240e+2,,3.207e-23
385.52,1.634e+3,1.087e+3,,2.860e-22,5.472e+2,,3.208e-23
385.54,1.989e+3,1.234e+3,,2.854e-22,7.554e+2,,3.209e-23
385.57,2.620e+3,1.443e+3,,2.844e-22,1.177e+3,,3.210e-23
385.59,3.111e+3,1.571e+3,,2.838e-22,1.540e+3,,3.210e-23
385.62,3.955e+3,1.742e+3,,2.828e-22,2.213e+3,,3.211e-23
385.64,4.589e+3,1.845e+3,,2.822e-22,2.744e+3,,3.212e-23
385.67,5.636e+3,1.998e+3,,2.812e-22,3.638e+3,,3.213e-23
385.69,6.386e+3,2.111e+3,,2.806e-22,4.274e+3,,3.213e-23
385.72,7.555e+3,2.327e+3,,2.796e-22,5.229e+3,,3.214e-23
385.74,8.339e+3,2.517e+3,,2.789e-22,5.822e+3,,3.215e-23
385.77,9.469e+3,2.898e+3,,2.780e-22,6.570e+3,,3.216e-23
385.79,1.016e+4,3.223e+3,,2.773e-22,6.933e+3,,3.216e-23
385.82,1.103e+4,3.813e+3,,2.764e-22,7.218e+3,,3.217e-23
385.84,1.148e+4,4.260e+3,,2.757e-22,7.218e+3,,3.218e-23
385.87,1.190e+4,4.969e+3,,2.747e-22,6.933e+3,,3.219e-23
385.89,1.200e+4,5.432e+3,,2.741e-22,6.570e+3,,3.219e-23
385.91,1.195e+4,5.855e+3,,2.735e-22,6.094e+3,,3.220e-23
385.94,1.158e+4,6.355e+3,,2.725e-22,5.229e+3,,3.221e-23
385.96,1.116e+4,6.562e+3,,2.718e-22,4.596e+3,,3.221e-23
385.99,1.028e+4,6.642e+3,,2.709e-22,3.638e+3,,3.222e-23
386.01,9.561e+3,6.531e+3,,2.702e-22,3.030e+3,,3.223e-23
386.04,8.342e+3,6.129e+3,,2.693e-22,2.213e+3,,3.224e-23
386.06,7.472e+3,5.725e+3,,2.686e-22,1.747e+3,,3.224e-23
386.09,6.147e+3,4.970e+3,,2.677e-22,1.177e+3,,3.225e-23
386.11,5.287e+3,4.407e+3,,2.670e-22,8.805e+2,,3.226e-23
386.14,4.087e+3,3.539e+3,,2.660e-22,5.472e+2,,3.227e-23
386.16,3.370e+3,2.982e+3,,2.654e-22,3.880e+2,,3.227e-23
386.19,2.449e+3,2.227e+3,,2.644e-22,2.224e+2,,3.228e-23
386.21,1.945e+3,1.796e+3,,2.638e-22,1.495e+2,,3.229e-23
386.24,1.353e+3,1.274e+3,,2.628e-22,7.906e+1,,3.230e-23
386.26,1.063e+3,1.013e+3,,2.622e-22,5.034e+1,,3.230e-23
386.29,7.658e+2,7.412e+2,,2.612e-22,2.457e+1,,3.231e-23
386.31,6.479e+2,6.331e+2,,2.606e-22,1.482e+1,,3.232e-23
386.34,5.695e+2,5.628e+2,,2.596e-22,6.674e+0,,3.233e-23
386.36,5.699e+2,5.661e+2,,2.589e-22,3.816e+0,,3.233e-23
386.39,6.292e+2,6.276e+2,,2.580e-22,1.585e+0,,3.234e-23
386.41,6.962e+2,6.954e+2,,2.573e-22,8.590e-1,,3.235e-23
386.43,7.768e+2,7.763e+2,,2.567e-22,4.556e-1,,3.235e-23
386.46,9.078e+2,9.077e+2,,2.557e-22,1.690e-1,,3.236e-23
386.48,9.928e+2,9.928e+2,,2.551e-22,8.496e-2,,3.237e-23
386.51,1.103e+3,1.103e+3,,2.541e-22,2.908e-2,,3.238e-23
386.53,1.159e+3,1.159e+3,,2.535e-22,1.385e-2,,3.238e-23
386.56,1.208e+3,1.208e+3,,2.525e-22,4.374e-3,,3.239e-23
386.58,1.215e+3,1.215e+3,,2.518e-22,1.975e-3,,3.240e-23
386.61,1.189e+3,1.189e+3,,2.509e-22,5.753e-4,,3.241e-23
386.63,1.149e+3,1.149e+3,,2.502e-22,2.461e-4,,3.241e-23
386.66,1.061e+3,1.061e+3,,2.493e-22,6.614e-5,,3.242e-23
386.68,9.879e+2,9.879e+2,,2.486e-22,2.681e-5,,3.243e-23
386.71,8.649e+2,8.649e+2,,2.477e-22,6.648e-6,,3.244e-23
386.73,7.786e+2,7.786e+2,,2.470e-22,2.554e-6,,3.244e-23
386.76,6.500e+2,6.500e+2,,2.460e-22,5.843e-7,,3.245e-23
386.78,5.684e+2,5.684e+2,,2.454e-22,2.127e-7,,3.246e-23
386.81,4.570e+2,4.570e+2,,2.444e-22,4.489e-8,,3.247e-23
386.83,3.926e+2,3.926e+2,,2.438e-22,1.549e-8,,3.247e-23
386.86,3.144e+2,3.144e+2,,2.428e-22,3.016e-9,,3.248e-23
386.88,2.764e+2,2.764e+2,,2.422e-22,9.862e-10,,3.249e-23
386.91,2.434e+2,2.434e+2,,2.412e-22,1.771e-10,,3.249e-23
386.93,2.390e+2,2.390e+2,,2.406e-22,5.489e-11,,3.250e-23
386.95,2.501e+2,2.501e+2,,2.399e-22,1.665e-11,,3.251e-23
386.98,2.971e+2,2.971e+2,,2.389e-22,2.671e-12,,3.252e-23
387.00,3.494e+2,3.494e+2,,2.383e-22,2.667e-12,,3.252e-23
387.03,4.590e+2,4.590e+2,,2.373e-22,2.662e-12,,3.253e-23
387.05,5.513e+2,5.513e+2,,2.367e-22,2.658e-12,,3.254e-23
387.08,7.135e+2,7.135e+2,,2.357e-22,2.653e-12,,3.255e-23
387.10,8.328e+2,8.328e+2,,2.351e-22,2.649e-12,,3.255e-23
387.13,1.018e+3,1.018e+3,,2.341e-22,2.644e-12,,3.256e-23
387.15,1.137e+3,1.137e+3,,2.335e-22,2.640e-12,,3.257e-23
387.18,1.297e+3,1.297e+3,,2.325e-22,2.635e-12,,3.257e-23
387.20,1.383e+3,1.383e+3,,2.318e-22,2.631e-12,,3.258e-23
387.23,1.470e+3,1.470e+3,,2.309e-22,2.626e-12,,3.259e-23
387.25,1.495e+3,1.495e+3,,2.302e-22,2.622e-12,,3.260e-23
387.28,1.482e+3,1.482e+3,,2.293e-22,2.617e-12,,3.260e-23
387.30,1.440e+3,1.440e+3,,2.286e-22,2.614e-12,,3.261e-23
387.33,1.334e+3,1.334e+3,,2.277e-22,2.608e-12,,3.262e-23
387.35,1.242e+3,1.242e+3,,2.270e-22,2.605e-12,,3.263e-23
387.38,1.083e+3,1.083e+3,,2.260e-22,2.599e-12,,3.263e-23
387.40,9.729e+2,9.729e+2,,2.254e-22,2.596e-12,,3.264e-23
387.43,8.147e+2,8.147e+2,,2.244e-22,2.590e-12,,3.265e-23
387.45,7.222e+2,7.222e+2,,2.238e-22,2.587e-12,,3.265e-23
387.47,6.462e+2,6.462e+2,,2.231e-22,2.583e-12,,3.266e-23
387.50,5.725e+2,5.725e+2,,2.222e-22,2.578e-12,,3.267e-23
387.52,5.558e+2,5.558e+2,,2.215e-22,2.574e-12,,3.268e-23
387.55,5.870e+2,5.870e+2,,2.206e-22,2.569e-12,,3.268e-23
387.57,6.482e+2,6.482e+2,,2.199e-22,2.565e-12,,3.269e-23
387.60,8.025e+2,8.025e+2,,2.189e-22,2.560e-12,,3.270e-23
387.62,9.456e+2,9.456e+2,,2.183e-22,2.556e-12,,3.271e-23
387.65,1.213e+3,1.213e+3,,2.173e-22,2.551e-12,,3.271e-23
387.67,1.419e+3,1.419e+3,,2.167e-22,2.547e-12,,3.272e-23
387.70,1.751e+3,1.751e+3,,2.157e-22,2.542e-12,,3.273e-23
387.72,1.972e+3,1.972e+3,,2.151e-22,2.538e-12,,3.273e-23
387.75,2.279e+3,2.279e+3,,2.141e-22,2.533e-12,,3.274e-23
387.77,2.450e+3,2.450e+3,,2.135e-22,2.529e-12,,3.275e-23
387.80,2.631e+3,2.631e+3,,2.125e-22,2.524e-12,,3.276e-23
387.82,2.692e+3,2.692e+3,,2.119e-22,2.520e-12,,3.276e-23
387.85,2.684e+3,2.684e+3,,2.109e-22,2.515e-12,,3.277e-23
387.87,2.612e+3,2.612e+3,,2.102e-22,2.511e-12,,3.278e-23
387.90,2.414e+3,2.414e+3,,2.093e-22,2.506e-12,,3.279e-23
387.92,2.234e+3,2.234e+3,,2.086e-22,2.502e-12,,3.279e-23
387.94,2.027e+3,2.027e+3,,2.080e-22,2.499e-12,,3.280e-23
387.97,1.687e+3,1.687e+3,,2.070e-22,2.493e-12,,3.281e-23
387.99,1.457e+3,1.457e+3,,2.064e-22,2.490e-12,,3.281e-23
388.02,1.129e+3,1.129e+3,,2.054e-22,2.484e-12,,3.282e-23
388.04,9.313e+2,9.313e+2,,2.048e-22,2.481e-12,,3.283e-23
388.07,6.786e+2,6.786e+2,,2.038e-22,2.475e-12,,3.284e-23
388.09,5.421e+2,5.421e+2,,2.031e-22,2.472e-12,,3.284e-23
388.12,3.853e+2,3.853e+2,,2.022e-22,2.466e-12,,3.285e-23
388.14,3.107e+2,3.107e+2,,2.015e-22,2.463e-12,,3.286e-23
388.17,2.380e+2,2.380e+2,,2.006e-22,2.458e-12,,3.287e-23
388.19,2.119e+2,2.119e+2,,1.999e-22,2.454e-12,,3.287e-23
388.22,2.008e+2,2.008e+2,,1.990e-22,2.449e-12,,3.288e-23
388.24,2.097e+2,2.097e+2,,1.983e-22,2.445e-12,,3.289e-23
388.27,2.460e+2,2.460e+2,,1.973e-22,2.440e-12,,3.290e-23
388.29,2.862e+2,2.862e+2,,1.967e-22,2.436e-12,,3.290e-23
388.32,3.747e+2,3.747e+2,,1.957e-22,2.431e-12,,3.291e-23
388.34,4.561e+2,4.561e+2,,1.951e-22,2.427e-12,,3.292e-23
388.37,6.200e+2,6.200e+2,,1.941e-22,2.422e-12,,3.293e-23
388.39,7.615e+2,7.615e+2,,1.935e-22,2.418e-12,,3.293e-23
388.42,1.028e+3,1.028e+3,,1.925e-22,2.413e-12,,3.294e-23
388.44,1.243e+3,1.243e+3,,1.919e-22,2.409e-12,,3.295e-23
388.46,1.486e+3,1.486e+3,,1.912e-22,2.406e-12,,3.295e-23
388.49,1.895e+3,1.895e+3,,1.902e-22,2.400e-12,,3.296e-23
388.51,2.188e+3,2.188e+3,,1.896e-22,2.397e-12,,3.297e-23
388.54,2.634e+3,2.634e+3,,1.886e-22,2.391e-12,,3.298e-23
388.56,2.921e+3,2.921e+3,,1.880e-22,2.388e-12,,3.298e-23
388.59,3.308e+3,3.308e+3,,1.870e-22,2.382e-12,,3.299e-23
388.61,3.523e+3,3.523e+3,,1.864e-22,2.379e-12,,3.300e-23
388.64,3.760e+3,3.760e+3,,1.854e-22,2.373e-12,,3.301e-23
388.66,3.854e+3,3.854e+3,,1.848e-22,2.370e-12,,3.301e-23
388.69,3.898e+3,3.898e+3,,1.838e-22,2.364e-12,,3.302e-23
388.71,3.864e+3,3.864e+3,,1.831e-22,2.361e-12,,3.303e-23
388.74,3.731e+3,3.731e+3,,1.822e-22,2.355e-12,,3.304e-23
388.76,3.596e+3,3.596e+3,,1.815e-22,2.352e-12,,3.304e-23
388.79,3.338e+3,3.338e+3,,1.806e-22,2.346e-12,,3.305e-23
388.81,3.139e+3,3.139e+3,,1.799e-22,2.343e-12,,3.306e-23
388.84,2.812e+3,2.812e+3,,1.790e-22,2.337e-12,,3.307e-23
388.86,2.583e+3,2.583e+3,,1.783e-22,2.334e-12,,3.307e-23
388.89,2.232e+3,2.232e+3,,1.773e-22,2.328e-12,,3.308e-23
388.91,1.999e+3,1.999e+3,,1.767e-22,2.325e-12,,3.309e-23
388.94,1.660e+3,1.660e+3,,1.757e-22,2.319e-12,,3.310e-23
388.96,1.447e+3,1.447e+3,,1.751e-22,2.316e-12,,3.310e-23
388.98,1.248e+3,1.248e+3,,1.744e-22,2.312e-12,,3.311e-23
389.01,9.830e+2,9.830e+2,,1.735e-22,2.307e-12,,3.312e-23
389.03,8.318e+2,8.318e+2,,1.728e-22,2.303e-12,,3.312e-23
389.06,6.464e+2,6.464e+2,,1.719e-22,2.298e-12,,3.313e-23
389.08,5.505e+2,5.505e+2,,1.712e-22,2.294e-12,,3.314e-23
389.11,4.462e+2,4.462e+2,,1.702e-22,2.289e-12,,3.315e-23
389.13,4.003e+2,4.003e+2,,1.696e-22,2.285e-12,,3.315e-23
389.16,3.612e+2,3.612e+2,,1.686e-22,2.280e-12,,3.316e-23
389.18,3.513e+2,3.513e+2,,1.680e-22,2.276e-12,,3.317e-23
389.21,3.542e+2,3.542e+2,,1.670e-22,2.271e-12,,3.318e-23
389.23,3.649e+2,3.649e+2,,1.664e-22,2.267e-12,,3.318e-23
389.26,3.893e+2,3.893e+2,,1.654e-22,2.262e-12,,3.319e-23
389.28,4.094e+2,4.094e+2,,1.648e-22,2.258e-12,,3.320e-23
389.31,4.433e+2,4.433e+2,,1.638e-22,2.253e-12,,3.321e-23
389.33,4.677e+2,4.677e+2,,1.631e-22,2.249e-12,,3.321e-23
389.36,5.071e+2,5.071e+2,,1.622e-22,2.244e-12,,3.322e-23
389.38,5.350e+2,5.350e+2,,1.615e-22,2.241e-12,,3.323e-23
389.41,5.793e+2,5.793e+2,,1.606e-22,2.235e-12,,3.324e-23
389.43,6.097e+2,6.097e+2,,1.599e-22,2.232e-12,,3.324e-23
389.46,6.551e+2,6.551e+2,,1.590e-22,2.226e-12,,3.325e-23
389.48,6.837e+2,6.837e+2,,1.583e-22,2.223e-12,,3.326e-23
389.50,7.094e+2,7.094e+2,,1.577e-22,2.219e-12,,3.326e-23
389.53,7.403e+2,7.403e+2,,1.567e-22,2.214e-12,,3.327e-23
389.55,7.544e+2,7.544e+2,,1.561e-22,2.210e-12,,3.328e-23
389.58,7.648e+2,7.648e+2,,1.551e-22,2.205e-12,,3.329e-23
389.60,7.650e+2,7.650e+2,,1.544e-22,2.201e-12,,3.329e-23
389.63,7.576e+2,7.576e+2,,1.535e-22,2.196e-12,,3.330e-23
389.65,7.499e+2,7.499e+2,,1.528e-22,2.192e-12,,3.331e-23
389.68,7.395e+2,7.395e+2,,1.519e-22,2.187e-12,,3.332e-23
389.70,7.364e+2,7.364e+2,,1.512e-22,2.183e-12,,3.332e-23
389.73,7.420e+2,7.420e+2,,1.502e-22,2.178e-12,,3.333e-23
389.75,7.545e+2,7.545e+2,,1.496e-22,2.174e-12,,3.334e-23
389.78,7.875e+2,7.875e+2,,1.486e-22,2.169e-12,,3.335e-23
389.80,8.183e+2,8.183e+2,,1.480e-22,2.165e-12,,3.335e-23
389.83,8.747e+2,8.747e+2,,1.470e-22,2.160e-12,,3.336e-23
389.85,9.160e+2,9.160e+2,,1.464e-22,2.156e-12,,3.337e-23
389.88,9.779e+2,9.779e+2,,1.454e-22,2.151e-12,,3.337e-23
389.90,1.016e+3,1.016e+3,,1.448e-22,2.147e-12,,3.338e-23
389.93,1.063e+3,1.063e+3,,1.438e-22,2.142e-12,,3.339e-23
389.95,1.088e+3,1.088e+3,,1.432e-22,2.138e-12,,3.340e-23
389.97,1.107e+3,1.107e+3,,1.425e-22,2.135e-12,,3.340e-23
390.00,1.131e+3,1.131e+3,,1.415e-22,2.129e-12,,3.341e-23
390.02,1.147e+3,1.147e+3,,1.409e-22,2.126e-12,,3.342e-23
390.05,1.182e+3,1.182e+3,,1.399e-22,2.120e-12,,3.343e-23
390.07,1.217e+3,1.217e+3,,1.393e-22,2.117e-12,,3.343e-23
390.10,1.295e+3,1.295e+3,,1.383e-22,2.111e-12,,3.344e-23
390.12,1.366e+3,1.366e+3,,1.377e-22,2.108e-12,,3.345e-23
390.15,1.497e+3,1.497e+3,,1.367e-22,2.102e-12,,3.345e-23
390.17,1.596e+3,1.596e+3,,1.361e-22,2.099e-12,,3.346e-23
390.20,1.748e+3,1.748e+3,,1.351e-22,2.093e-12,,3.347e-23
390.22,1.841e+3,1.841e+3,,1.344e-22,2.090e-12,,3.348e-23
390.25,1.949e+3,1.949e+3,,1.335e-22,2.085e-12,,3.348e-23
390.27,1.990e+3,1.990e+3,,1.328e-22,2.081e-12,,3.349e-23
390.30,1.995e+3,1.995e+3,,1.319e-22,2.076e-12,,3.350e-23
390.32,1.956e+3,1.956e+3,,1.312e-22,2.072e-12,,3.351e-23
390.35,1.838e+3,1.838e+3,,1.302e-22,2.067e-12,,3.351e-23
390.37,1.725e+3,1.725e+3,,1.296e-22,2.063e-12,,3.352e-23
390.40,1.517e+3,1.517e+3,,1.286e-22,2.058e-12,,3.353e-23
390.42,1.364e+3,1.364e+3,,1.280e-22,2.054e-12,,3.353e-23
390.45,1.130e+3,1.130e+3,,1.270e-22,2.049e-12,,3.354e-23
390.47,9.796e+2,9.796e+2,,1.264e-22,2.045e-12,,3.355e-23
390.49,8.404e+2,8.404e+2,,1.257e-22,2.041e-12,,3.356e-23
390.52,6.588e+2,6.588e+2,,1.248e-22,2.036e-12,,3.356e-23
390.54,5.580e+2,5.580e+2,,1.241e-22,2.032e-12,,3.357e-23
390.57,4.370e+2,4.370e+2,,1.232e-22,2.027e-12,,3.358e-23
390.59,3.745e+2,3.745e+2,,1.225e-22,2.024e-12,,3.359e-23
390.62,3.027e+2,3.027e+2,,1.215e-22,2.018e-12,,3.359e-23
390.64,2.661e+2,2.661e+2,,1.209e-22,2.015e-12,,3.360e-23
390.67,2.226e+2,2.226e+2,,1.199e-22,2.009e-12,,3.361e-23
390.69,1.986e+2,1.986e+2,,1.193e-22,2.006e-12,,3.361e-23
390.72,1.667e+2,1.667e+2,,1.183e-22,2.000e-12,,3.362e-23
390.74,1.472e+2,1.472e+2,,1.177e-22,1.997e-12,,3.363e-23
390.77,1.198e+2,1.198e+2,,1.167e-22,1.991e-12,,3.364e-23
390.79,1.026e+2,1.026e+2,,1.161e-22,1.988e-12,,3.364e-23
390.82,7.890e+1,7.890e+1,,1.151e-22,1.982e-12,,3.365e-23
390.84,6.480e+1,6.480e+1,,1.144e-22,1.979e-12,,3.366e-23
390.87,4.655e+1,4.655e+1,,1.135e-22,1.973e-12,,3.367e-23
390.89,3.644e+1,3.644e+1,,1.128e-22,1.970e-12,,3.367e-23
390.92,2.431e+1,2.431e+1,,1.119e-22,1.964e-12,,3.368e-23
390.94,1.809e+1,1.809e+1,,1.112e-22,1.961e-12,,3.369e-23
390.97,1.118e+1,1.118e+1,,1.103e-22,1.955e-12,,3.370e-23
390.99,7.906e+0,7.906e+0,,1.096e-22,1.952e-12,,3.370e-23
391.01,5.476e+0,5.476e+0,,1.090e-22,1.948e-12,,3.371e-23
391.04,3.039e+0,3.039e+0,,1.080e-22,1.943e-12,,3.372e-23
391.06,2.005e+0,2.005e+0,,1.073e-22,1.939e-12,,3.372e-23
391.09,1.051e+0,1.051e+0,,1.064e-22,1.934e-12,,3.373e-23
391.11,6.901e-1,6.901e-1,,1.057e-22,1.930e-12,,3.374e-23
391.14,4.260e-1,4.260e-1,,1.048e-22,1.925e-12,,3.375e-23
391.16,3.922e-1,3.922e-1,,1.041e-22,1.921e-12,,3.375e-23
391.19,5.418e-1,5.418e-1,,1.032e-22,1.916e-12,,3.376e-23
391.21,8.014e-1,8.014e-1,,1.025e-22,1.912e-12,,3.377e-23
391.24,1.539e+0,1.539e+0,,1.015e-22,1.907e-12,,3.378e-23
391.26,2.370e+0,2.370e+0,,1.009e-22,1.903e-12,,3.378e-23
391.29,4.393e+0,4.393e+0,,9.993e-23,1.898e-12,,3.379e-23
391.31,6.471e+0,6.471e+0,,9.929e-23,1.894e-12,,3.380e-23
391.34,1.114e+1,1.114e+1,,9.832e-23,1.889e-12,,3.381e-23
391.36,1.561e+1,1.561e+1,,9.767e-23,1.885e-12,,3.381e-23
391.39,2.491e+1,2.491e+1,,9.671e-23,1.880e-12,,3.382e-23
391.41,3.319e+1,3.319e+1,,9.606e-23,1.876e-12,,3.383e-23
391.44,4.920e+1,4.920e+1,,9.509e-23,1.871e-12,,3.384e-23
391.46,6.243e+1,6.243e+1,,9.445e-23,1.868e-12,,3.384e-23
391.48,7.774e+1,7.774e+1,,9.380e-23,1.864e-12,,3.385e-23
391.51,1.044e+2,1.044e+2,,9.284e-23,1.859e-12,,3.386e-23
391.53,1.242e+2,1.242e+2,,9.219e-23,1.855e-12,,3.386e-23
391.56,1.562e+2,1.562e+2,,9.122e-23,1.850e-12,,3.387e-23
391.58,1.785e+2,1.785e+2,,9.058e-23,1.846e-12,,3.388e-23
391.61,2.122e+2,2.122e+2,,8.961e-23,1.841e-12,,3.389e-23
391.63,2.344e+2,2.344e+2,,8.896e-23,1.837e-12,,3.389e-23
391.66,2.666e+2,2.666e+2,,8.800e-23,1.832e-12,,3.390e-23
391.68,2.874e+2,2.874e+2,,8.735e-23,1.828e-12,,3.391e-23
391.71,3.179e+2,3.179e+2,,8.638e-23,1.823e-12,,3.392e-23
391.73,3.384e+2,3.384e+2,,8.574e-23,1.819e-12,,3.392e-23
391.76,3.704e+2,3.704e+2,,8.477e-23,1.814e-12,,3.393e-23
391.78,3.933e+2,3.933e+2,,8.413e-23,1.810e-12,,3.394e-23
391.81,4.308e+2,4.308e+2,,8.316e-23,1.805e-12,,3.395e-23
391.83,4.582e+2,4.582e+2,,8.251e-23,1.801e-12,,3.395e-23
391.86,5.023e+2,5.023e+2,,8.155e-23,1.796e-12,,3.396e-23
391.88,5.331e+2,5.331e+2,,8.090e-23,1.792e-12,,3.397e-23
391.91,5.796e+2,5.796e+2,,7.993e-23,1.787e-12,,3.398e-23
391.93,6.096e+2,6.096e+2,,7.929e-23,1.783e-12,,3.398e-23
391.96,6.507e+2,6.507e+2,,7.832e-23,1.778e-12,,3.399e-23
391.98,6.746e+2,6.746e+2,,7.768e-23,1.774e-12,,3.400e-23
392.00,6.952e+2,6.952e+2,,7.703e-23,1.771e-12,,3.400e-23
392.03,7.201e+2,7.201e+2,,7.606e-23,1.765e-12,,3.401e-23
392.05,7.333e+2,7.333e+2,,7.542e-23,1.762e-12,,3.402e-23
392.08,7.495e+2,7.495e+2,,7.445e-23,1.756e-12,,3.403e-23
392.10,7.593e+2,7.593e+2,,7.381e-23,1.753e-12,,3.403e-23
392.13,7.740e+2,7.740e+2,,7.284e-23,1.747e-12,,3.404e-23
392.15,7.841e+2,7.841e+2,,7.219e-23,1.744e-12,,3.405e-23
392.18,7.986e+2,7.986e+2,,7.123e-23,1.738e-12,,3.406e-23
392.20,8.065e+2,8.065e+2,,7.058e-23,1.735e-12,,3.406e-23
392.23,8.118e+2,8.118e+2,,6.961e-23,1.729e-12,,3.407e-23
392.25,8.085e+2,8.085e+2,,6.897e-23,1.726e-12,,3.408e-23
392.28,7.893e+2,7.893e+2,,6.800e-23,1.720e-12,,3.409e-23
392.30,7.656e+2,7.656e+2,,6.735e-23,1.717e-12,,3.409e-23
392.33,7.132e+2,7.132e+2,,6.639e-23,1.712e-12,,3.410e-23
392.35,6.682e+2,6.682e+2,,6.574e-23,1.708e-12,,3.411e-23
392.38,5.898e+2,5.898e+2,,6.477e-23,1.703e-12,,3.412e-23
392.40,5.338e+2,5.338e+2,,6.413e-23,1.699e-12,,3.412e-23
392.43,4.515e+2,4.515e+2,,6.316e-23,1.694e-12,,3.413e-23
392.45,4.022e+2,4.022e+2,,6.252e-23,1.690e-12,,3.414e-23
392.48,3.437e+2,3.437e+2,,6.155e-23,1.685e-12,,3.415e-23
392.50,3.185e+2,3.185e+2,,6.090e-23,1.681e-12,,3.415e-23
392.52,3.065e+2,3.065e+2,,6.026e-23,1.677e-12,,3.416e-23
392.55,3.155e+2,3.155e+2,,5.929e-23,1.672e-12,,3.417e-23
392.57,3.399e+2,3.399e+2,,5.865e-23,1.668e-12,,3.417e-23
392.60,4.031e+2,4.031e+2,,5.768e-23,1.663e-12,,3.418e-23
392.62,4.608e+2,4.608e+2,,5.703e-23,1.659e-12,,3.419e-23
392.65,5.654e+2,5.654e+2,,5.607e-23,1.654e-12,,3.420e-23
392.67,6.433e+2,6.433e+2,,5.542e-23,1.651e-12,,3.420e-23
392.70,7.648e+2,7.648e+2,,5.445e-23,1.645e-12,,3.421e-23
392.72,8.445e+2,8.445e+2,,5.381e-23,1.642e-12,,3.422e-23
392.75,9.555e+2,9.555e+2,,5.284e-23,1.636e-12,,3.423e-23
392.77,1.021e+3,1.021e+3,,5.220e-23,1.633e-12,,3.423e-23
392.80,1.103e+3,1.103e+3,,5.123e-23,1.627e-12,,3.424e-23
392.82,1.147e+3,1.147e+3,,5.058e-23,1.624e-12,,3.425e-23
392.85,1.197e+3,1.197e+3,,4.962e-23,1.618e-12,,3.425e-23
392.87,1.221e+3,1.221e+3,,4.897e-23,1.615e-12,,3.426e-23
392.90,1.245e+3,1.245e+3,,4.800e-23,1.609e-12,,3.427e-23
392.92,1.252e+3,1.252e+3,,4.736e-23,1.606e-12,,3.428e-23
392.95,1.250e+3,1.250e+3,,4.639e-23,1.600e-12,,3.428e-23
392.97,1.239e+3,1.239e+3,,4.574e-23,1.597e-12,,3.429e-23
393.00,1.204e+3,1.204e+3,,4.478e-23,1.591e-12,,3.430e-23
393.02,1.168e+3,1.168e+3,,4.413e-23,1.588e-12,,3.431e-23
393.04,1.119e+3,1.119e+3,,4.349e-23,1.584e-12,,3.431e-23
393.07,1.026e+3,1.026e+3,,4.252e-23,1.579e-12,,3.432e-23
393.09,9.504e+2,9.504e+2,,4.187e-23,1.575e-12,,3.433e-23
393.12,8.230e+2,8.230e+2,,4.091e-23,1.570e-12,,3.433e-23
393.14,7.323e+2,7.323e+2,,4.026e-23,1.566e-12,,3.434e-23
393.17,5.950e+2,5.950e+2,,3.929e-23,1.561e-12,,3.435e-23
393.19,5.069e+2,5.069e+2,,3.865e-23,1.557e-12,,3.436e-23
393.22,3.862e+2,3.862e+2,,3.768e-23,1.552e-12,,3.436e-23
393.24,3.162e+2,3.162e+2,,3.704e-23,1.548e-12,,3.437e-23
393.27,2.296e+2,2.296e+2,,3.607e-23,1.543e-12,,3.438e-23
393.29,1.848e+2,1.848e+2,,3.542e-23,1.539e-12,,3.439e-23
393.32,1.364e+2,1.364e+2,,3.446e-23,1.534e-12,,3.439e-23
393.34,1.156e+2,1.156e+2,,3.381e-23,1.530e-12,,3.440e-23
393.37,9.924e+1,9.924e+1,,3.284e-23,1.525e-12,,3.441e-23
393.39,9.649e+1,9.649e+1,,3.220e-23,1.521e-12,,3.441e-23
393.42,1.015e+2,1.015e+2,,3.123e-23,1.516e-12,,3.442e-23
393.44,1.091e+2,1.091e+2,,3.059e-23,1.512e-12,,3.443e-23
393.47,1.239e+2,1.239e+2,,2.962e-23,1.507e-12,,3.444e-23
393.49,1.343e+2,1.343e+2,,2.897e-23,1.503e-12,,3.444e-23
393.51,1.440e+2,1.440e+2,,2.833e-23,1.500e-12,,3.445e-23
393.54,1.553e+2,1.553e+2,,2.736e-23,1.495e-12,,3.446e-23
393.56,1.597e+2,1.597e+2,,2.671e-23,1.491e-12,,3.447e-23
393.59,1.605e+2,1.605e+2,,2.575e-23,1.486e-12,,3.447e-23
393.61,1.571e+2,1.571e+2,,2.510e-23,1.482e-12,,3.448e-23
393.64,1.464e+2,1.464e+2,,2.413e-23,1.477e-12,,3.449e-23
393.66,1.362e+2,1.362e+2,,2.349e-23,1.473e-12,,3.449e-23
393.69,1.176e+2,1.176e+2,,2.252e-23,1.468e-12,,3.450e-23
393.71,1.038e+2,1.038e+2,,2.188e-23,1.464e-12,,3.451e-23
393.74,8.295e+1,8.295e+1,,2.091e-23,1.459e-12,,3.452e-23
393.76,6.959e+1,6.959e+1,,2.026e-23,1.455e-12,,3.452e-23
393.79,5.144e+1,5.144e+1,,1.930e-23,1.450e-12,,3.453e-23
393.81,4.099e+1,4.099e+1,,1.865e-23,1.446e-12,,3.454e-23
393.84,2.804e+1,2.804e+1,,1.768e-23,1.441e-12,,3.455e-23
393.86,2.122e+1,2.122e+1,,1.704e-23,1.437e-12,,3.455e-23
393.89,1.343e+1,1.343e+1,,1.607e-23,1.432e-12,,3.456e-23
393.91,9.652e+0,9.652e+0,,1.543e-23,1.428e-12,,3.457e-23
393.94,5.656e+0,5.656e+0,,1.446e-23,1.423e-12,,3.458e-23
393.96,3.859e+0,3.859e+0,,1.381e-23,1.419e-12,,3.458e-23
393.99,2.093e+0,2.093e+0,,1.285e-23,1.414e-12,,3.459e-23
394.01,1.356e+0,1.356e+0,,1.220e-23,1.410e-12,,3.460e-23
394.03,8.610e-1,8.610e-1,,1.156e-23,1.407e-12,,3.460e-23
394.06,4.190e-1,4.190e-1,,1.059e-23,1.401e-12,,3.461e-23
394.08,2.528e-1,2.528e-1,,9.943e-24,1.398e-12,,3.462e-23
394.11,1.145e-1,1.145e-1,,8.975e-24,1.392e-12,,3.463e-23
394.13,6.673e-2,6.673e-2,,8.330e-24,1.389e-12,,3.463e-23
394.16,3.173e-2,3.173e-2,,7.362e-24,1.383e-12,,3.464e-23
394.18,2.371e-2,2.371e-2,,6.717e-24,1.380e-12,,3.465e-23
394.21,2.913e-2,2.913e-2,,5.750e-24,1.374e-12,,3.466e-23
394.23,4.633e-2,4.633e-2,,5.105e-24,1.371e-12,,3.466e-23
394.26,1.063e-1,1.063e-1,,4.137e-24,1.365e-12,,3.467e-23
394.28,1.859e-1,1.859e-1,,1.357e-23,1.362e-12,,3.468e-23
394.31,4.178e-1,4.178e-1,,7.765e-23,1.356e-12,,3.469e-23
394.33,7.001e-1,7.001e-1,,2.421e-22,1.353e-12,,3.469e-23
394.36,1.464e+0,1.464e+0,,1.283e-21,1.347e-12,,3.470e-23
394.38,2.336e+0,2.336e+0,,3.799e-21,1.344e-12,,3.471e-23
394.41,4.540e+0,4.540e+0,,1.864e-20,1.338e-12,,3.472e-23
394.43,6.898e+0,6.898e+0,,5.247e-20,1.335e-12,,3.472e-23
394.46,1.246e+1,1.246e+1,,2.384e-19,1.330e-12,,3.473e-23
394.48,1.803e+1,1.803e+1,,6.377e-19,1.326e-12,,3.474e-23
394.51,3.027e+1,3.027e+1,,2.684e-18,1.321e-12,,3.475e-23
394.53,4.173e+1,4.173e+1,,6.820e-18,1.317e-12,,3.475e-23
394.55,5.645e+1,5.645e+1,,1.698e-17,1.313e-12,,3.476e-23
394.58,8.564e+1,8.564e+1,,6.419e-17,1.308e-12,,3.477e-23
394.60,1.104e+2,1.104e+2,,1.518e-16,1.304e-12,,3.477e-23
394.63,1.560e+2,1.560e+2,,5.316e-16,1.299e-12,,3.478e-23
394.65,1.918e+2,1.918e+2,,1.195e-15,1.295e-12,,3.479e-23
394.68,2.524e+2,2.524e+2,,3.875e-15,1.290e-12,,3.480e-23
394.70,2.963e+2,2.963e+2,,8.275e-15,1.286e-12,,3.480e-23
394.73,3.641e+2,3.641e+2,,2.485e-14,1.281e-12,,3.481e-23
394.75,4.086e+2,4.086e+2,,5.043e-14,1.278e-12,,3.482e-23
394.78,4.705e+2,4.705e+2,,1.403e-13,1.272e-12,,3.483e-23
394.80,5.063e+2,5.063e+2,,2.705e-13,1.269e-12,,3.483e-23
394.83,5.492e+2,5.492e+2,,6.968e-13,1.263e-12,,3.484e-23
394.85,5.696e+2,5.696e+2,,1.277e-12,1.260e-12,,3.485e-23
394.88,5.878e+2,5.878e+2,,3.046e-12,1.254e-12,,3.486e-23
394.90,5.922e+2,5.922e+2,,5.302e-12,1.251e-12,,3.486e-23
394.93,5.895e+2,5.895e+2,,1.172e-11,1.245e-12,,3.487e-23
394.95,5.829e+2,5.829e+2,,1.938e-11,1.242e-12,,3.488e-23
394.98,5.683e+2,5.683e+2,,3.966e-11,1.236e-12,,3.489e-23
395.00,5.566e+2,5.566e+2,,6.233e-11,1.233e-12,,3.489e-23
395.03,5.370e+2,5.370e+2,,1.182e-10,1.227e-12,,3.490e-23
395.05,5.225e+2,5.225e+2,,1.764e-10,1.224e-12,,3.491e-23
395.07,5.064e+2,5.064e+2,,2.581e-10,1.220e-12,,3.491e-23
395.10,4.785e+2,4.785e+2,,4.395e-10,1.215e-12,,3.492e-23
395.12,4.566e+2,4.566e+2,,6.108e-10,1.211e-12,,3.493e-23
395.15,4.182e+2,4.182e+2,,9.633e-10,1.206e-12,,3.494e-23
395.17,3.891e+2,3.891e+2,,1.272e-9,1.202e-12,,3.494e-23
395.20,3.415e+2,3.415e+2,,1.858e-9,1.197e-12,,3.495e-23
395.22,3.086e+2,3.086e+2,,2.332e-9,1.193e-12,,3.496e-23
395.25,2.607e+2,2.607e+2,,3.155e-9,1.188e-12,,3.497e-23
395.27,2.319e+2,2.319e+2,,3.762e-9,1.184e-12,,3.497e-23
395.30,1.977e+2,1.977e+2,,4.713e-9,1.179e-12,,3.498e-23
395.32,1.833e+2,1.833e+2,,5.340e-9,1.175e-12,,3.499e-23
395.35,1.778e+2,1.778e+2,,6.196e-9,1.170e-12,,3.500e-23
395.37,1.869e+2,1.869e+2,,6.670e-9,1.166e-12,,3.500e-23
395.40,2.223e+2,2.223e+2,,7.169e-9,1.161e-12,,3.501e-23
395.42,2.611e+2,2.611e+2,,7.333e-9,1.157e-12,,3.502e-23
395.45,3.424e+2,3.424e+2,,7.300e-9,1.152e-12,,3.503e-23
395.47,4.108e+2,4.108e+2,,7.094e-9,1.148e-12,,3.503e-23
395.50,5.307e+2,5.307e+2,,6.541e-9,1.143e-12,,3.504e-23
395.52,6.184e+2,6.184e+2,,6.040e-9,1.139e-12,,3.505e-23
395.54,7.085e+2,7.085e+2,,5.465e-9,1.136e-12,,3.505e-23
395.57,8.391e+2,8.391e+2,,4.526e-9,1.130e-12,,3.506e-23
395.59,9.170e+2,9.170e+2,,3.890e-9,1.127e-12,,3.507e-23
395.62,1.009e+3,1.009e+3,,2.984e-9,1.122e-12,,3.508e-23
395.64,1.050e+3,1.050e+3,,2.437e-9,1.118e-12,,3.508e-23
395.67,1.072e+3,1.072e+3,,1.732e-9,1.113e-12,,3.509e-23
395.69,1.060e+3,1.060e+3,,1.344e-9,1.109e-12,,3.510e-23
395.72,1.004e+3,1.004e+3,,8.843e-10,1.104e-12,,3.511e-23
395.74,9.448e+2,9.448e+2,,6.521e-10,1.100e-12,,3.511e-23
395.77,8.299e+2,8.299e+2,,3.974e-10,1.095e-12,,3.512e-23
395.79,7.424e+2,7.424e+2,,2.784e-10,1.091e-12,,3.513e-23
395.82,6.049e+2,6.049e+2,,1.572e-10,1.086e-12,,3.513e-23
395.84,5.147e+2,5.147e+2,,1.046e-10,1.082e-12,,3.514e-23
395.87,3.894e+2,3.894e+2,,5.470e-11,1.077e-12,,3.515e-23
395.89,3.157e+2,3.157e+2,,3.460e-11,1.073e-12,,3.516e-23
395.92,2.228e+2,2.228e+2,,1.676e-11,1.068e-12,,3.516e-23
395.94,1.732e+2,1.732e+2,,1.007e-11,1.064e-12,,3.517e-23
395.97,1.167e+2,1.167e+2,,4.517e-12,1.059e-12,,3.518e-23
395.99,8.987e+1,8.987e+1,,2.579e-12,1.055e-12,,3.519e-23
396.02,6.345e+1,6.345e+1,,1.071e-12,1.050e-12,,3.519e-23
396.04,5.363e+1,5.363e+1,,5.815e-13,1.046e-12,,3.520e-23
396.06,4.893e+1,4.893e+1,,3.093e-13,1.043e-12,,3.521e-23
396.09,4.961e+1,4.961e+1,,1.159e-13,1.037e-12,,3.521e-23
396.11,5.408e+1,5.408e+1,,5.957e-14,1.034e-12,,3.522e-23
396.14,6.510e+1,6.510e+1,,2.419e-14,1.028e-12,,3.523e-23
396.16,7.435e+1,7.435e+1,,1.812e-14,1.025e-12,,3.524e-23
396.19,8.951e+1,8.951e+1,,2.757e-14,1.019e-12,,3.524e-23
396.21,9.956e+1,9.956e+1,,4.988e-14,1.016e-12,,3.525e-23
396.24,1.130e+2,1.130e+2,,1.305e-13,1.010e-12,,3.526e-23
396.26,1.202e+2,1.202e+2,,2.452e-13,1.007e-12,,3.527e-23
396.29,1.272e+2,1.272e+2,,6.101e-13,1.001e-12,,3.527e-23
396.31,1.291e+2,1.291e+2,,1.093e-12,9.978e-13,,3.528e-23
396.34,1.278e+2,1.278e+2,,2.524e-12,9.924e-13,,3.529e-23
396.36,1.246e+2,1.246e+2,,4.302e-12,9.888e-13,,3.529e-23
396.39,1.174e+2,1.174e+2,,9.219e-12,9.834e-13,,3.530e-23
396.41,1.121e+2,1.121e+2,,1.495e-11,9.798e-13,,3.531e-23
396.44,1.057e+2,1.057e+2,,2.974e-11,9.745e-13,,3.532e-23
396.46,1.040e+2,1.040e+2,,4.589e-11,9.709e-13,,3.532e-23
396.49,1.080e+2,1.080e+2,,8.476e-11,9.655e-13,,3.533e-23
396.51,1.170e+2,1.170e+2,,1.245e-10,9.619e-13,,3.534e-23
396.54,1.432e+2,1.432e+2,,2.136e-10,9.565e-13,,3.535e-23
396.56,1.713e+2,1.713e+2,,2.986e-10,9.529e-13,,3.535e-23
396.58,2.098e+2,2.098e+2,,4.095e-10,9.494e-13,,3.536e-23
396.61,2.905e+2,2.905e+2,,6.339e-10,9.440e-13,,3.537e-23
396.63,3.620e+2,3.620e+2,,8.280e-10,9.404e-13,,3.537e-23
396.66,4.993e+2,4.993e+2,,1.192e-9,9.350e-13,,3.538e-23
396.68,6.123e+2,6.123e+2,,1.483e-9,9.314e-13,,3.539e-23
396.71,8.143e+2,8.143e+2,,1.986e-9,9.260e-13,,3.540e-23
396.73,9.690e+2,9.690e+2,,2.355e-9,9.225e-13,,3.540e-23
396.76,1.224e+3,1.224e+3,,2.934e-9,9.171e-13,,3.541e-23
396.78,1.404e+3,1.404e+3,,3.318e-9,9.135e-13,,3.542e-23
396.81,1.671e+3,1.671e+3,,3.849e-9,9.081e-13,,3.543e-23
396.83,1.838e+3,1.838e+3,,4.151e-9,9.045e-13,,3.543e-23
396.86,2.051e+3,2.051e+3,,4.487e-9,8.991e-13,,3.544e-23
396.88,2.156e+3,2.156e+3,,4.617e-9,8.956e-13,,3.545e-23
396.91,2.246e+3,2.246e+3,,4.651e-9,8.902e-13,,3.546e-23
396.93,2.254e+3,2.254e+3,,4.567e-9,8.866e-13,,3.546e-23
396.96,2.185e+3,2.185e+3,,4.291e-9,8.812e-13,,3.547e-23
396.98,2.090e+3,2.090e+3,,4.022e-9,8.776e-13,,3.548e-23
397.01,1.883e+3,1.883e+3,,3.526e-9,8.722e-13,,3.549e-23
397.03,1.714e+3,1.714e+3,,3.156e-9,8.687e-13,,3.549e-23
397.06,1.434e+3,1.434e+3,,2.582e-9,8.633e-13,,3.550e-23
397.08,1.242e+3,1.242e+3,,2.208e-9,8.597e-13,,3.551e-23
397.10,1.055e+3,1.055e+3,,1.854e-9,8.561e-13,,3.551e-23
397.13,7.944e+2,7.944e+2,,1.379e-9,8.507e-13,,3.552e-23
397.15,6.414e+2,6.414e+2,,1.108e-9,8.471e-13,,3.553e-23
397.18,4.481e+2,4.481e+2,,7.711e-10,8.418e-13,,3.554e-23
397.20,3.442e+2,3.442e+2,,5.929e-10,8.382e-13,,3.554e-23
397.23,2.234e+2,2.234e+2,,3.878e-10,8.328e-13,,3.555e-23
397.25,1.637e+2,1.637e+2,,2.867e-10,8.292e-13,,3.556e-23
397.28,9.974e+1,9.974e+1,,1.780e-10,8.238e-13,,3.557e-23
397.30,7.092e+1,7.092e+1,,1.282e-10,8.202e-13,,3.557e-23
397.33,4.321e+1,4.321e+1,,7.857e-11,8.149e-13,,3.558e-23
397.35,3.255e+1,3.255e+1,,5.789e-11,8.113e-13,,3.559e-23
397.38,2.491e+1,2.491e+1,,4.017e-11,8.059e-13,,3.560e-23
397.40,2.396e+1,2.396e+1,,3.516e-11,8.023e-13,,3.560e-23
397.43,2.696e+1,2.696e+1,,3.605e-11,7.969e-13,,3.561e-23
397.45,3.118e+1,3.118e+1,,4.217e-11,7.933e-13,,3.562e-23
397.48,3.987e+1,3.987e+1,,6.098e-11,7.880e-13,,3.563e-23
397.50,4.672e+1,4.672e+1,,8.153e-11,7.844e-13,,3.563e-23
397.53,5.775e+1,5.775e+1,,1.284e-10,7.790e-13,,3.564e-23
397.55,6.506e+1,6.506e+1,,1.732e-10,7.754e-13,,3.565e-23
397.57,7.192e+1,7.192e+1,,2.315e-10,7.718e-13,,3.565e-23
397.60,8.054e+1,8.054e+1,,3.492e-10,7.664e-13,,3.566e-23
397.62,8.471e+1,8.471e+1,,4.508e-10,7.629e-13,,3.567e-23
397.65,8.797e+1,8.797e+1,,6.419e-10,7.575e-13,,3.568e-23
397.67,8.797e+1,8.797e+1,,7.959e-10,7.539e-13,,3.568e-23
397.70,8.469e+1,8.469e+1,,1.065e-9,7.485e-13,,3.569e-23
397.72,8.052e+1,8.052e+1,,1.266e-9,7.449e-13,,3.570e-23
397.75,7.185e+1,7.185e+1,,1.590e-9,7.395e-13,,3.571e-23
397.77,6.494e+1,6.494e+1,,1.813e-9,7.360e-13,,3.571e-23
397.80,5.372e+1,5.372e+1,,2.139e-9,7.306e-13,,3.572e-23
397.82,4.615e+1,4.615e+1,,2.340e-9,7.270e-13,,3.573e-23
397.85,3.539e+1,3.539e+1,,2.596e-9,7.216e-13,,3.574e-23
397.87,2.890e+1,2.890e+1,,2.725e-9,7.180e-13,,3.574e-23
397.90,2.054e+1,2.054e+1,,2.843e-9,7.126e-13,,3.575e-23
397.92,1.595e+1,1.595e+1,,2.865e-9,7.091e-13,,3.576e-23
397.95,1.051e+1,1.051e+1,,2.811e-9,7.037e-13,,3.577e-23
397.97,7.758e+0,7.758e+0,,2.719e-9,7.001e-13,,3.577e-23
398.00,4.737e+0,4.737e+0,,2.507e-9,6.947e-13,,3.578e-23
398.02,3.324e+0,3.324e+0,,2.327e-9,6.911e-13,,3.579e-23
398.05,1.882e+0,1.882e+0,,2.015e-9,6.857e-13,,3.580e-23
398.07,1.255e+0,1.255e+0,,1.793e-9,6.822e-13,,3.580e-23
398.09,8.208e-1,8.208e-1,,1.569e-9,6.786e-13,,3.581e-23
398.12,4.177e-1,4.177e-1,,1.243e-9,6.732e-13,,3.582e-23
398.14,2.596e-1,2.596e-1,,1.041e-9,6.696e-13,,3.582e-23
398.17,1.225e-1,1.225e-1,,7.730e-10,6.642e-13,,3.583e-23
398.19,7.238e-2,7.238e-2,,6.200e-10,6.606e-13,,3.584e-23
398.22,3.165e-2,3.165e-2,,4.308e-10,6.553e-13,,3.585e-23
398.24,1.778e-2,1.778e-2,,3.305e-10,6.517e-13,,3.585e-23
398.27,7.207e-3,7.207e-3,,2.147e-10,6.463e-13,,3.586e-23
398.29,3.849e-3,3.849e-3,,1.575e-10,6.427e-13,,3.587e-23
398.32,1.446e-3,1.446e-3,,9.558e-11,6.373e-13,,3.588e-23
398.34,7.341e-4,7.341e-4,,6.696e-11,6.337e-13,,3.588e-23
398.37,2.557e-4,2.557e-4,,3.793e-11,6.284e-13,,3.589e-23
398.39,1.234e-4,1.234e-4,,2.537e-11,6.248e-13,,3.590e-23
398.42,3.983e-5,3.983e-5,,1.340e-11,6.194e-13,,3.591e-23
398.44,1.828e-5,1.828e-5,,8.556e-12,6.158e-13,,3.591e-23
398.47,5.469e-6,5.469e-6,,4.213e-12,6.104e-13,,3.592e-23
398.49,2.385e-6,2.385e-6,,2.565e-12,6.068e-13,,3.593e-23
398.52,6.616e-7,6.616e-7,,1.176e-12,6.015e-13,,3.593e-23
398.54,2.743e-7,2.743e-7,,6.830e-13,5.979e-13,,3.594e-23
398.57,7.053e-8,7.053e-8,,2.915e-13,5.925e-13,,3.595e-23
398.59,2.781e-8,2.781e-8,,1.613e-13,5.889e-13,,3.596e-23
398.61,1.076e-8,1.076e-8,,8.759e-14,5.853e-13,,3.596e-23
398.64,2.562e-9,2.562e-9,,3.379e-14,5.799e-13,,3.597e-23
398.66,1.141e-9,1.141e-9,,1.748e-14,5.764e-13,,3.598e-23
398.69,1.292e-9,1.292e-9,,6.270e-15,5.710e-13,,3.599e-23
398.71,3.107e-9,3.107e-9,,3.089e-15,5.674e-13,,3.599e-23
398.74,1.352e-8,1.352e-8,,1.030e-15,5.620e-13,,3.600e-23
398.76,3.562e-8,3.562e-8,,4.832e-16,5.584e-13,,3.601e-23
398.79,1.470e-7,1.470e-7,,1.497e-16,5.530e-13,,3.601e-23
398.81,3.693e-7,3.693e-7,,6.686e-17,5.495e-13,,3.602e-23
398.84,1.416e-6,1.416e-6,,1.924e-17,5.441e-13,,3.603e-23
398.86,3.387e-6,3.387e-6,,8.180e-18,5.405e-13,,3.604e-23
398.89,1.207e-5,1.207e-5,,2.185e-18,5.351e-13,,3.604e-23
398.91,2.747e-5,2.747e-5,,8.844e-19,5.315e-13,,3.605e-23
398.94,9.095e-5,9.095e-5,,2.195e-19,5.261e-13,,3.606e-23
398.96,1.971e-4,1.971e-4,,8.479e-20,5.226e-13,,3.607e-23
398.99,6.063e-4,6.063e-4,,2.087e-20,5.172e-13,,3.607e-23
399.01,1.251e-3,1.251e-3,,1.092e-20,5.136e-13,,3.608e-23
399.04,3.575e-3,3.575e-3,,1.754e-20,5.082e-13,,3.609e-23
399.06,7.023e-3,7.023e-3,,4.132e-20,5.046e-13,,3.609e-23
399.08,1.353e-2,1.353e-2,,1.020e-19,5.010e-13,,3.610e-23
399.11,3.487e-2,3.487e-2,,3.870e-19,4.957e-13,,3.611e-23
399.13,6.395e-2,6.395e-2,,9.192e-19,4.921e-13,,3.612e-23
399.16,1.531e-1,1.531e-1,,3.242e-18,4.867e-13,,3.612e-23
399.18,2.673e-1,2.673e-1,,7.326e-18,4.831e-13,,3.613e-23
399.21,5.944e-1,5.944e-1,,2.398e-17,4.777e-13,,3.614e-23
399.23,9.880e-1,9.880e-1,,5.157e-17,4.741e-13,,3.615e-23
399.26,2.041e+0,2.041e+0,,1.567e-16,4.688e-13,,3.615e-23
399.28,3.229e+0,3.229e+0,,3.207e-16,4.652e-13,,3.616e-23
399.31,6.195e+0,6.195e+0,,9.048e-16,4.598e-13,,3.617e-23
399.33,9.331e+0,9.331e+0,,1.762e-15,4.562e-13,,3.617e-23
399.36,1.663e+1,1.663e+1,,4.616e-15,4.508e-13,,3.618e-23
399.38,2.384e+1,2.384e+1,,8.558e-15,4.472e-13,,3.619e-23
399.41,3.945e+1,3.945e+1,,2.082e-14,4.419e-13,,3.620e-23
399.43,5.384e+1,5.384e+1,,3.674e-14,4.383e-13,,3.620e-23
399.46,8.273e+1,8.273e+1,,8.303e-14,4.329e-13,,3.621e-23
399.48,1.075e+2,1.075e+2,,1.395e-13,4.293e-13,,3.622e-23
399.51,1.533e+2,1.533e+2,,2.930e-13,4.239e-13,,3.623e-23
399.53,1.896e+2,1.896e+2,,4.689e-13,4.203e-13,,3.623e-23
399.56,2.512e+2,2.512e+2,,9.153e-13,4.150e-13,,3.624e-23
399.58,2.956e+2,2.956e+2,,1.395e-12,4.114e-13,,3.625e-23
399.60,3.411e+2,3.411e+2,,2.086e-12,4.078e-13,,3.625e-23
399.63,4.073e+2,4.073e+2,,3.679e-12,4.024e-13,,3.626e-23
399.65,4.473e+2,4.473e+2,,5.243e-12,3.988e-13,,3.627e-23
399.68,4.959e+2,4.959e+2,,8.606e-12,3.934e-13,,3.628e-23
399.70,5.182e+2,5.182e+2,,1.169e-11,3.899e-13,,3.628e-23
399.73,5.334e+2,5.334e+2,,1.787e-11,3.845e-13,,3.629e-23
399.75,5.304e+2,5.304e+2,,2.317e-11,3.809e-13,,3.630e-23
399.78,5.068e+2,5.068e+2,,3.301e-11,3.755e-13,,3.631e-23
399.80,4.796e+2,4.796e+2,,4.083e-11,3.719e-13,,3.631e-23
399.83,4.254e+2,4.254e+2,,5.429e-11,3.665e-13,,3.632e-23
399.85,3.831e+2,3.831e+2,,6.417e-11,3.630e-13,,3.633e-23
399.88,3.154e+2,3.154e+2,,7.975e-11,3.576e-13,,3.634e-23
399.90,2.703e+2,2.703e+2,,9.018e-11,3.540e-13,,3.634e-23
399.93,2.067e+2,2.067e+2,,1.050e-10,3.486e-13,,3.635e-23
399.95,1.688e+2,1.688e+2,,1.138e-10,3.450e-13,,3.636e-23
399.98,1.203e+2,1.203e+2,,1.248e-10,3.396e-13,,3.637e-23
400.00,9.421e+1,9.421e+1,,1.301e-10,3.361e-13,,3.637e-23
400.03,6.431e+1,6.431e+1,,1.352e-10,3.307e-13,,3.638e-23
400.05,5.038e+1,5.038e+1,,1.365e-10,3.271e-13,,3.639e-23
400.08,3.811e+1,3.811e+1,,1.360e-10,3.217e-13,,3.640e-23
400.10,3.560e+1,3.560e+1,,1.343e-10,3.181e-13,,3.640e-23
400.12,3.781e+1,3.781e+1,,1.319e-10,3.145e-13,,3.641e-23
400.15,5.092e+1,5.092e+1,,1.276e-10,3.092e-13,,3.642e-23
400.17,6.724e+1,6.724e+1,,1.246e-10,3.056e-13,,3.642e-23
400.20,1.055e+2,1.055e+2,,1.203e-10,3.002e-13,,3.643e-23
400.22,1.420e+2,1.420e+2,,1.176e-10,2.966e-13,,3.644e-23
400.25,2.158e+2,2.158e+2,,1.136e-10,2.912e-13,,3.645e-23
400.27,2.792e+2,2.792e+2,,1.109e-10,2.876e-13,,3.645e-23
400.30,3.964e+2,3.964e+2,,1.060e-10,2.823e-13,,3.646e-23
400.32,4.886e+2,4.886e+2,,1.020e-10,2.787e-13,,3.647e-23
400.35,6.444e+2,6.444e+2,,9.460e-11,2.733e-13,,3.648e-23
400.37,7.558e+2,7.558e+2,,8.871e-11,2.697e-13,,3.648e-23
400.40,9.250e+2,9.250e+2,,7.860e-11,2.643e-13,,3.649e-23
400.42,1.032e+3,1.032e+3,,7.126e-11,2.607e-13,,3.650e-23
400.45,1.172e+3,1.172e+3,,5.994e-11,2.554e-13,,3.651e-23
400.47,1.244e+3,1.244e+3,,5.259e-11,2.518e-13,,3.651e-23
400.50,1.311e+3,1.311e+3,,4.257e-11,2.464e-13,,3.652e-23
400.52,1.325e+3,1.325e+3,,3.696e-11,2.428e-13,,3.653e-23
400.55,1.295e+3,1.295e+3,,3.068e-11,2.374e-13,,3.654e-23
400.57,1.244e+3,1.244e+3,,2.817e-11,2.338e-13,,3.654e-23
400.60,1.129e+3,1.129e+3,,2.719e-11,2.285e-13,,3.655e-23
400.62,1.032e+3,1.032e+3,,2.847e-11,2.249e-13,,3.656e-23
400.64,9.249e+2,9.249e+2,,3.128e-11,2.213e-13,,3.656e-23
400.67,7.558e+2,7.558e+2,,3.819e-11,2.159e-13,,3.657e-23
400.69,6.443e+2,6.443e+2,,4.437e-11,2.123e-13,,3.658e-23
400.72,4.885e+2,4.885e+2,,5.540e-11,2.069e-13,,3.659e-23
400.74,3.962e+2,3.962e+2,,6.348e-11,2.033e-13,,3.659e-23
400.77,2.788e+2,2.788e+2,,7.573e-11,1.980e-13,,3.660e-23
400.79,2.151e+2,2.151e+2,,8.337e-11,1.944e-13,,3.661e-23
400.82,1.404e+2,1.404e+2,,9.301e-11,1.890e-13,,3.662e-23
400.84,1.031e+2,1.031e+2,,9.767e-11,1.854e-13,,3.662e-23
400.87,6.250e+1,6.250e+1,,1.013e-10,1.800e-13,,3.663e-23
400.89,4.371e+1,4.371e+1,,1.013e-10,1.764e-13,,3.664e-23
400.92,2.475e+1,2.475e+1,,9.757e-11,1.711e-13,,3.665e-23
400.94,1.668e+1,1.668e+1,,9.283e-11,1.675e-13,,3.665e-23
400.97,9.309e+0,9.309e+0,,8.299e-11,1.621e-13,,3.666e-23
400.99,6.666e+0,6.666e+0,,7.512e-11,1.585e-13,,3.667e-23
401.02,5.115e+0,5.115e+0,,6.233e-11,1.531e-13,,3.668e-23
401.04,5.380e+0,5.380e+0,,5.368e-11,1.496e-13,,3.668e-23
401.07,7.576e+0,7.576e+0,,4.134e-11,1.442e-13,,3.669e-23
401.09,1.033e+1,1.033e+1,,3.387e-11,1.406e-13,,3.670e-23
401.11,1.427e+1,1.427e+1,,2.721e-11,1.370e-13,,3.670e-23
401.14,2.288e+1,2.288e+1,,1.887e-11,1.316e-13,,3.671e-23
401.16,3.075e+1,3.075e+1,,1.442e-11,1.280e-13,,3.672e-23
401.19,4.626e+1,4.626e+1,,9.284e-12,1.227e-13,,3.673e-23
401.21,5.927e+1,5.927e+1,,6.751e-12,1.191e-13,,3.673e-23
401.24,8.286e+1,8.286e+1,,4.033e-12,1.137e-13,,3.674e-23
401.26,1.011e+2,1.011e+2,,2.790e-12,1.101e-13,,3.675e-23
401.29,1.311e+2,1.311e+2,,1.547e-12,1.047e-13,,3.676e-23
401.31,1.522e+2,1.522e+2,,1.018e-12,1.011e-13,,3.676e-23
401.34,1.833e+2,1.833e+2,,5.238e-13,9.575e-14,,3.677e-23
401.36,2.025e+2,2.025e+2,,3.280e-13,9.217e-14,,3.678e-23
401.39,2.264e+2,2.264e+2,,1.566e-13,8.679e-14,,3.679e-23
401.41,2.379e+2,2.379e+2,,9.333e-14,8.320e-14,,3.679e-23
401.44,2.469e+2,2.469e+2,,4.136e-14,7.782e-14,,3.680e-23
401.46,2.469e+2,2.469e+2,,2.345e-14,7.423e-14,,3.681e-23
401.49,2.379e+2,2.379e+2,,9.642e-15,6.885e-14,,3.681e-23
401.51,2.264e+2,2.264e+2,,5.201e-15,6.527e-14,,3.682e-23
401.54,2.025e+2,2.025e+2,,1.985e-15,5.989e-14,,3.683e-23
401.56,1.833e+2,1.833e+2,,1.019e-15,5.630e-14,,3.684e-23
401.59,1.522e+2,1.522e+2,,3.608e-16,3.299e-13,,3.684e-23
401.61,1.312e+2,1.312e+2,,1.762e-16,1.046e-12,,3.685e-23
401.63,1.109e+2,1.109e+2,,8.432e-17,3.252e-12,,3.686e-23
401.66,8.309e+1,8.309e+1,,2.690e-17,1.718e-11,,3.687e-23
401.68,6.700e+1,6.700e+1,,1.225e-17,5.083e-11,,3.687e-23
401.71,4.708e+1,4.708e+1,,3.627e-18,2.494e-10,,3.688e-23
401.73,3.670e+1,3.670e+1,,1.572e-18,7.024e-10,,3.689e-23
401.76,2.538e+1,2.538e+1,,4.318e-19,3.200e-9,,3.689e-23
401.78,2.050e+1,2.050e+1,,1.780e-19,8.581e-9,,3.690e-23
401.81,1.696e+1,1.696e+1,,4.539e-20,3.631e-8,,3.691e-23
401.83,1.701e+1,1.701e+1,,1.780e-20,9.267e-8,,3.692e-23
401.86,2.074e+1,2.074e+1,,4.213e-21,3.641e-7,,3.692e-23
401.88,2.575e+1,2.575e+1,,1.572e-21,8.846e-7,,3.693e-23
401.91,3.731e+1,3.731e+1,,3.453e-22,3.228e-6,,3.694e-23
401.93,4.787e+1,4.787e+1,,1.226e-22,7.466e-6,,3.695e-23
401.96,6.815e+1,6.815e+1,,2.499e-23,2.530e-5,,3.695e-23
401.98,8.456e+1,8.456e+1,,8.442e-24,5.570e-5,,3.696e-23
402.01,1.130e+2,1.130e+2,,1.597e-24,1.753e-4,,3.697e-23
402.03,1.339e+2,1.339e+2,,5.132e-25,3.673e-4,,3.697e-23
402.06,1.667e+2,1.667e+2,,9.009e-26,1.074e-3,,3.698e-23
402.08,1.884e+2,1.884e+2,,2.755e-26,2.142e-3,,3.699e-23
402.11,2.188e+2,2.188e+2,,9.987e-26,5.813e-3,,3.700e-23
402.13,2.364e+2,2.364e+2,,1.481e-25,1.104e-2,,3.700e-23
402.15,2.510e+2,2.510e+2,,1.963e-25,2.055e-2,,3.701e-23
402.18,2.662e+2,2.662e+2,,2.686e-25,5.029e-2,,3.702e-23
402.20,2.717e+2,2.716e+2,,3.168e-25,8.910e-2,,3.703e-23
402.23,2.730e+2,2.728e+2,,3.891e-25,2.025e-1,,3.703e-23
402.25,2.698e+2,2.695e+2,,4.373e-25,3.416e-1,,3.704e-23
402.28,2.607e+2,2.599e+2,,5.096e-25,7.211e-1,,3.705e-23
402.30,2.526e+2,2.515e+2,,5.579e-25,1.158e+0,,3.705e-23
402.33,2.395e+2,2.372e+2,,6.302e-25,2.270e+0,,3.706e-23
402.35,2.309e+2,2.274e+2,,2.049e-24,3.468e+0,,3.707e-23
402.38,2.193e+2,2.130e+2,,1.158e-23,6.315e+0,,3.708e-23
402.40,2.129e+2,2.037e+2,,3.583e-23,9.186e+0,,3.708e-23
402.43,2.056e+2,1.901e+2,,1.881e-22,1.553e+1,,3.709e-23
402.45,2.023e+2,1.808e+2,,5.543e-22,2.151e+1,,3.710e-23
402.48,1.999e+2,1.661e+2,,2.703e-21,3.377e+1,,3.711e-23
402.50,2.001e+2,1.555e+2,,7.582e-21,4.451e+1,,3.711e-23
402.53,2.032e+2,1.383e+2,,3.435e-20,6.491e+1,,3.712e-23
402.55,2.075e+2,1.260e+2,,9.174e-20,8.144e+1,,3.713e-23
402.58,2.173e+2,1.070e+2,,3.860e-19,1.103e+2,,3.714e-23
402.60,2.262e+2,9.447e+1,,9.817e-19,1.317e+2,,3.714e-23
402.63,2.425e+2,7.679e+1,,3.837e-18,1.657e+2,,3.715e-23
402.65,2.547e+2,6.636e+1,,9.291e-18,1.883e+2,,3.716e-23
402.67,2.674e+2,5.748e+1,,2.206e-17,2.099e+2,,3.716e-23
402.70,2.859e+2,4.782e+1,,7.777e-17,2.381e+2,,3.717e-23
402.72,2.968e+2,4.423e+1,,1.758e-16,2.526e+2,,3.718e-23
402.75,3.097e+2,4.367e+1,,5.757e-16,2.660e+2,,3.719e-23
402.77,3.154e+2,4.672e+1,,1.239e-15,2.686e+2,,3.719e-23
402.80,3.193e+2,5.657e+1,,3.770e-15,2.627e+2,,3.720e-23
402.82,3.191e+2,6.657e+1,,7.723e-15,2.526e+2,,3.721e-23
402.85,3.157e+2,8.624e+1,,2.183e-14,2.294e+2,,3.722e-23
402.87,3.119e+2,1.020e+2,,4.258e-14,2.099e+2,,3.722e-23
402.90,3.053e+2,1.282e+2,,1.118e-13,1.771e+2,,3.723e-23
402.92,3.007e+2,1.465e+2,,2.076e-13,1.542e+2,,3.724e-23
402.95,2.938e+2,1.730e+2,,5.064e-13,1.208e+2,,3.725e-23
402.97,2.890e+2,1.888e+2,,8.953e-13,1.002e+2,,3.725e-23
403.00,2.805e+2,2.076e+2,,2.029e-12,7.289e+1,,3.726e-23
403.02,2.734e+2,2.159e+2,,3.415e-12,5.753e+1,,3.727e-23
403.05,2.596e+2,2.207e+2,,7.188e-12,3.887e+1,,3.728e-23
403.07,2.477e+2,2.185e+2,,1.152e-11,2.920e+1,,3.728e-23
403.10,2.258e+2,2.075e+2,,2.252e-11,1.832e+1,,3.729e-23
403.12,2.087e+2,1.956e+2,,3.436e-11,1.310e+1,,3.730e-23
403.14,1.900e+2,1.808e+2,,5.141e-11,9.186e+0,,3.730e-23
403.17,1.600e+2,1.548e+2,,9.067e-11,5.197e+0,,3.731e-23
403.19,1.397e+2,1.362e+2,,1.291e-10,3.468e+0,,3.732e-23
403.22,1.101e+2,1.083e+2,,2.116e-10,1.822e+0,,3.733e-23
403.24,9.188e+1,9.072e+1,,2.869e-10,1.158e+0,,3.733e-23
403.27,6.758e+1,6.702e+1,,4.367e-10,5.649e-1,,3.734e-23
403.29,5.377e+1,5.343e+1,,5.638e-10,3.416e-1,,3.735e-23
403.32,3.681e+1,3.666e+1,,7.972e-10,1.548e-1,,3.736e-23
403.34,2.791e+1,2.782e+1,,9.799e-10,8.910e-2,,3.736e-23
403.37,1.777e+1,1.773e+1,,1.287e-9,3.750e-2,,3.737e-23
403.39,1.283e+1,1.281e+1,,1.506e-9,2.055e-2,,3.738e-23
403.42,7.590e+0,7.582e+0,,1.838e-9,8.030e-3,,3.739e-23
403.44,5.219e+0,5.215e+0,,2.047e-9,4.188e-3,,3.739e-23
403.47,2.868e+0,2.867e+0,,2.321e-9,1.520e-3,,3.740e-23
403.49,1.878e+0,1.877e+0,,2.462e-9,7.547e-4,,3.741e-23
403.52,9.586e-1,9.583e-1,,2.592e-9,2.544e-4,,3.742e-23
403.54,5.974e-1,5.973e-1,,2.617e-9,1.202e-4,,3.742e-23
403.57,2.833e-1,2.833e-1,,2.560e-9,3.763e-5,,3.743e-23
403.59,1.681e-1,1.681e-1,,2.462e-9,1.693e-5,,3.744e-23
403.62,7.409e-2,7.408e-2,,2.237e-9,4.922e-6,,3.745e-23
403.64,4.194e-2,4.194e-2,,2.047e-9,2.107e-6,,3.745e-23
403.66,2.342e-2,2.342e-2,,1.838e-9,8.846e-7,,3.746e-23
403.69,9.953e-3,9.953e-3,,1.506e-9,2.319e-7,,3.747e-23
403.71,6.352e-3,6.352e-3,,1.287e-9,9.267e-8,,3.747e-23
403.74,5.869e-3,5.869e-3,,9.799e-10,2.256e-8,,3.748e-23
403.76,8.668e-3,8.668e-3,,7.972e-10,8.581e-9,,3.749e-23
403.79,2.012e-2,2.012e-2,,5.638e-10,1.940e-9,,3.750e-23
403.81,3.640e-2,3.640e-2,,4.367e-10,7.024e-10,,3.750e-23
403.84,8.734e-2,8.734e-2,,2.869e-10,1.475e-10,,3.751e-23
403.86,1.541e-1,1.541e-1,,2.116e-10,5.083e-11,,3.752e-23
403.89,3.522e-1,3.522e-1,,1.291e-10,9.911e-12,,3.753e-23
403.91,6.016e-1,6.016e-1,,9.067e-11,3.252e-12,,3.753e-23
403.94,1.313e+0,1.313e+0,,5.141e-11,5.888e-13,,3.754e-23
403.96,2.178e+0,2.178e+0,,3.436e-11,1.839e-13,,3.755e-23
403.99,4.557e+0,4.557e+0,,1.810e-11,1.838e-13,,3.756e-23
404.01,7.352e+0,7.352e+0,,1.152e-11,1.837e-13,,3.756e-23
404.04,1.476e+1,1.476e+1,,5.636e-12,1.836e-13,,3.757e-23
404.06,2.315e+1,2.315e+1,,3.415e-12,1.835e-13,,3.758e-23
404.09,4.449e+1,4.449e+1,,1.552e-12,1.834e-13,,3.759e-23
404.11,6.770e+1,6.770e+1,,8.953e-13,1.833e-13,,3.759e-23
404.14,1.240e+2,1.240e+2,,3.780e-13,1.832e-13,,3.760e-23
404.16,1.824e+2,1.824e+2,,2.076e-13,1.831e-13,,3.761e-23
404.18,2.643e+2,2.643e+2,,1.118e-13,1.831e-13,,3.761e-23
404.21,4.482e+2,4.482e+2,,4.258e-14,1.830e-13,,3.762e-23
404.23,6.248e+2,6.248e+2,,2.183e-14,1.829e-13,,3.763e-23
404.26,9.968e+2,9.968e+2,,7.723e-15,1.828e-13,,3.764e-23
404.28,1.332e+3,1.332e+3,,3.770e-15,1.827e-13,,3.764e-23
404.31,1.992e+3,1.992e+3,,1.239e-15,1.826e-13,,3.765e-23
404.33,2.547e+3,2.547e+3,,5.760e-16,1.825e-13,,3.766e-23
404.36,3.559e+3,3.559e+3,,1.769e-16,1.824e-13,,3.767e-23
404.38,4.346e+3,4.346e+3,,8.058e-17,1.823e-13,,3.767e-23
404.41,5.664e+3,5.664e+3,,3.265e-17,1.822e-13,,3.768e-23
404.43,6.601e+3,6.601e+3,,3.438e-17,1.822e-13,,3.769e-23
404.46,8.013e+3,8.013e+3,,9.064e-17,1.821e-13,,3.769e-23
404.48,8.904e+3,8.904e+3,,2.000e-16,1.820e-13,,3.770e-23
404.51,1.006e+4,1.006e+4,,6.511e-16,1.819e-13,,3.771e-23
404.53,1.065e+4,1.065e+4,,1.400e-15,1.818e-13,,3.772e-23
404.56,1.120e+4,1.120e+4,,4.258e-15,1.817e-13,,3.772e-23
404.58,1.130e+4,1.130e+4,,8.727e-15,1.816e-13,,3.773e-23
404.61,1.104e+4,1.104e+4,,2.469e-14,1.815e-13,,3.774e-23
404.63,1.061e+4,1.061e+4,,4.822e-14,1.814e-13,,3.775e-23
404.65,1.000e+4,1.000e+4,,9.236e-14,1.814e-13,,3.775e-23
404.68,8.825e+3,8.825e+3,,2.361e-13,1.813e-13,,3.776e-23
404.70,7.923e+3,7.923e+3,,4.309e-13,1.812e-13,,3.777e-23
404.73,6.498e+3,6.498e+3,,1.025e-12,1.811e-13,,3.777e-23
404.75,5.556e+3,5.556e+3,,1.781e-12,1.810e-13,,3.778e-23
404.78,4.235e+3,4.235e+3,,3.939e-12,1.809e-13,,3.779e-23
404.80,3.449e+3,3.449e+3,,6.525e-12,1.808e-13,,3.780e-23
404.83,2.443e+3,2.443e+3,,1.342e-11,1.807e-13,,3.780e-23
404.85,1.895e+3,1.895e+3,,2.117e-11,1.806e-13,,3.781e-23
404.88,1.248e+3,1.248e+3,,4.048e-11,1.805e-13,,3.782e-23
404.90,9.214e+2,9.214e+2,,6.085e-11,1.805e-13,,3.783e-23
404.93,5.638e+2,5.638e+2,,1.082e-10,1.803e-13,,3.783e-23
404.95,3.965e+2,3.965e+2,,1.549e-10,1.803e-13,,3.784e-23
404.98,2.255e+2,2.255e+2,,2.561e-10,1.802e-13,,3.785e-23
405.00,1.510e+2,1.510e+2,,3.494e-10,1.801e-13,,3.785e-23
405.03,7.980e+1,7.980e+1,,5.369e-10,1.800e-13,,3.786e-23
405.05,5.090e+1,5.090e+1,,6.978e-10,1.799e-13,,3.787e-23
405.08,2.500e+1,2.500e+1,,9.969e-10,1.798e-13,,3.788e-23
405.10,1.518e+1,1.518e+1,,1.234e-9,1.797e-13,,3.788e-23
405.13,6.930e+0,6.930e+0,,1.639e-9,1.796e-13,,3.789e-23
405.15,4.009e+0,4.009e+0,,1.933e-9,1.795e-13,,3.790e-23
405.17,2.274e+0,2.274e+0,,2.236e-9,1.795e-13,,3.791e-23
405.20,9.365e-1,9.365e-1,,2.682e-9,1.794e-13,,3.791e-23
405.22,5.059e-1,5.059e-1,,2.955e-9,1.793e-13,,3.792e-23
405.25,1.936e-1,1.936e-1,,3.294e-9,1.792e-13,,3.793e-23
405.27,9.961e-2,9.961e-2,,3.457e-9,1.791e-13,,3.793e-23
405.30,3.543e-2,3.543e-2,,3.584e-9,1.790e-13,,3.794e-23
405.32,1.736e-2,1.736e-2,,3.582e-9,1.789e-13,,3.795e-23
405.35,5.738e-3,5.738e-3,,3.452e-9,1.788e-13,,3.796e-23
405.37,2.677e-3,2.677e-3,,3.287e-9,1.787e-13,,3.796e-23
405.40,8.235e-4,8.235e-4,,2.944e-9,1.786e-13,,3.797e-23
405.42,3.685e-4,3.685e-4,,2.670e-9,1.786e-13,,3.798e-23
405.45,1.165e-4,1.165e-4,,2.224e-9,1.785e-13,,3.799e-23
405.47,7.326e-5,7.326e-5,,1.921e-9,1.784e-13,,3.799e-23
405.50,1.156e-4,1.156e-4,,1.487e-9,1.783e-13,,3.800e-23
405.52,2.416e-4,2.416e-4,,1.224e-9,1.782e-13,,3.801e-23
405.55,7.868e-4,7.868e-4,,8.805e-10,1.781e-13,,3.802e-23
405.57,1.706e-3,1.706e-3,,6.901e-10,1.780e-13,,3.802e-23
405.60,5.261e-3,5.261e-3,,4.617e-10,1.779e-13,,3.803e-23
405.62,1.088e-2,1.088e-2,,3.447e-10,1.778e-13,,3.804e-23
405.65,3.121e-2,3.121e-2,,2.144e-10,1.777e-13,,3.805e-23
405.67,6.150e-2,6.150e-2,,1.525e-10,1.777e-13,,3.805e-23
405.69,1.189e-1,1.189e-1,,1.064e-10,1.776e-13,,3.806e-23
405.72,3.079e-1,3.079e-1,,5.991e-11,1.775e-13,,3.807e-23
405.74,5.670e-1,5.670e-1,,4.001e-11,1.774e-13,,3.807e-23
405.77,1.366e+0,1.366e+0,,2.138e-11,1.773e-13,,3.808e-23
405.79,2.396e+0,2.396e+0,,1.411e-11,1.772e-13,,3.809e-23
405.82,5.368e+0,5.368e+0,,8.088e-12,1.771e-13,,3.810e-23
405.84,8.972e+0,8.972e+0,,6.245e-12,1.770e-13,,3.810e-23
405.87,1.869e+1,1.869e+1,,5.552e-12,1.769e-13,,3.811e-23
405.89,2.976e+1,2.976e+1,,6.060e-12,1.769e-13,,3.812e-23
405.92,5.765e+1,5.765e+1,,7.870e-12,1.767e-13,,3.813e-23
405.94,8.745e+1,8.745e+1,,9.635e-12,1.767e-13,,3.813e-23
405.97,1.575e+2,1.575e+2,,1.295e-11,1.766e-13,,3.814e-23
405.99,2.277e+2,2.277e+2,,1.551e-11,1.765e-13,,3.815e-23
406.02,3.814e+2,3.814e+2,,1.968e-11,1.764e-13,,3.816e-23
406.04,5.251e+2,5.251e+2,,2.253e-11,1.763e-13,,3.816e-23
406.07,8.181e+2,8.181e+2,,2.663e-11,1.762e-13,,3.817e-23
406.09,1.073e+3,1.073e+3,,2.906e-11,1.761e-13,,3.818e-23
406.12,1.554e+3,1.554e+3,,3.195e-11,1.760e-13,,3.819e-23
406.14,1.942e+3,1.942e+3,,3.322e-11,1.759e-13,,3.819e-23
406.17,2.617e+3,2.617e+3,,3.398e-11,1.758e-13,,3.820e-23
406.19,3.115e+3,3.115e+3,,3.368e-11,1.758e-13,,3.821e-23
406.21,3.638e+3,3.638e+3,,3.276e-11,1.757e-13,,3.821e-23
406.24,4.426e+3,4.426e+3,,3.034e-11,1.756e-13,,3.822e-23
406.26,4.924e+3,4.924e+3,,2.818e-11,1.755e-13,,3.823e-23
406.29,5.572e+3,5.572e+3,,2.441e-11,1.754e-13,,3.824e-23
406.31,5.906e+3,5.906e+3,,2.174e-11,1.753e-13,,3.824e-23
406.34,6.215e+3,6.215e+3,,1.780e-11,1.752e-13,,3.825e-23
406.36,6.276e+3,6.276e+3,,1.536e-11,1.751e-13,,3.826e-23
406.39,6.143e+3,6.143e+3,,1.219e-11,1.750e-13,,3.827e-23
406.41,5.912e+3,5.912e+3,,1.046e-11,1.750e-13,,3.827e-23
406.44,5.385e+3,5.385e+3,,8.467e-12,1.748e-13,,3.828e-23
406.46,4.941e+3,4.941e+3,,7.520e-12,1.748e-13,,3.829e-23
406.49,4.193e+3,4.193e+3,,6.588e-12,1.747e-13,,3.830e-23
406.51,3.673e+3,3.673e+3,,6.228e-12,1.746e-13,,3.830e-23
406.54,2.915e+3,2.915e+3,,5.965e-12,1.745e-13,,3.831e-23
406.56,2.448e+3,2.448e+3,,5.911e-12,1.744e-13,,3.832e-23
406.59,1.836e+3,1.836e+3,,5.925e-12,1.743e-13,,3.833e-23
406.61,1.495e+3,1.495e+3,,5.964e-12,1.742e-13,,3.833e-23
406.64,1.089e+3,1.089e+3,,6.040e-12,1.741e-13,,3.834e-23
406.66,8.854e+2,8.854e+2,,6.101e-12,1.740e-13,,3.835e-23
406.68,7.295e+2,7.295e+2,,6.176e-12,1.740e-13,,3.835e-23
406.71,5.730e+2,5.730e+2,,6.336e-12,1.739e-13,,3.836e-23
406.73,5.118e+2,5.118e+2,,6.485e-12,1.738e-13,,3.837e-23
406.76,4.729e+2,4.729e+2,,6.781e-12,1.737e-13,,3.838e-23
406.78,4.777e+2,4.777e+2,,7.020e-12,1.736e-13,,3.838e-23
406.81,5.283e+2,5.283e+2,,7.413e-12,1.735e-13,,3.839e-23
406.83,5.924e+2,5.924e+2,,7.668e-12,1.734e-13,,3.840e-23
406.86,7.410e+2,7.410e+2,,7.982e-12,1.733e-13,,3.841e-23
406.88,8.804e+2,8.804e+2,,8.110e-12,1.732e-13,,3.841e-23
406.91,1.160e+3,1.160e+3,,8.125e-12,1.731e-13,,3.842e-23
406.93,1.397e+3,1.397e+3,,7.997e-12,1.731e-13,,3.843e-23
406.96,1.829e+3,1.829e+3,,7.586e-12,1.730e-13,,3.844e-23
406.98,2.165e+3,2.165e+3,,7.174e-12,1.729e-13,,3.844e-23
407.01,2.724e+3,2.724e+3,,6.385e-12,1.728e-13,,3.845e-23
407.03,3.116e+3,3.116e+3,,5.777e-12,1.727e-13,,3.846e-23
407.06,3.696e+3,3.696e+3,,4.802e-12,1.726e-13,,3.847e-23
407.08,4.054e+3,4.054e+3,,4.147e-12,1.725e-13,,3.847e-23
407.11,4.500e+3,4.500e+3,,3.213e-12,1.724e-13,,3.848e-23
407.13,4.714e+3,4.714e+3,,2.646e-12,1.723e-13,,3.849e-23
407.16,4.880e+3,4.880e+3,,1.908e-12,1.722e-13,,3.849e-23
407.18,4.877e+3,4.877e+3,,1.498e-12,1.722e-13,,3.850e-23
407.20,4.782e+3,4.782e+3,,1.154e-12,1.721e-13,,3.851e-23
407.23,4.479e+3,4.479e+3,,7.523e-13,1.720e-13,,3.852e-23
407.25,4.187e+3,4.187e+3,,5.523e-13,1.719e-13,,3.852e-23
407.28,3.652e+3,3.652e+3,,3.353e-13,1.718e-13,,3.853e-23
407.30,3.257e+3,3.257e+3,,2.351e-13,1.717e-13,,3.854e-23
407.33,2.648e+3,2.648e+3,,1.350e-13,1.716e-13,,3.855e-23
407.35,2.256e+3,2.256e+3,,9.417e-14,1.715e-13,,3.855e-23
407.38,1.720e+3,1.720e+3,,6.390e-14,1.714e-13,,3.856e-23
407.40,1.408e+3,1.408e+3,,6.437e-14,1.714e-13,,3.857e-23
407.43,1.021e+3,1.021e+3,,1.084e-13,1.712e-13,,3.857e-23
407.45,8.176e+2,8.176e+2,,1.860e-13,1.712e-13,,3.858e-23
407.48,5.884e+2,5.884e+2,,4.468e-13,1.711e-13,,3.859e-23
407.50,4.800e+2,4.800e+2,,7.982e-13,1.710e-13,,3.860e-23
407.53,3.711e+2,3.711e+2,,1.850e-12,1.709e-13,,3.860e-23
407.55,3.261e+2,3.261e+2,,3.168e-12,1.708e-13,,3.861e-23
407.58,2.868e+2,2.868e+2,,6.851e-12,1.707e-13,,3.862e-23
407.60,2.727e+2,2.727e+2,,1.118e-11,1.706e-13,,3.863e-23
407.63,2.605e+2,2.605e+2,,2.250e-11,1.705e-13,,3.863e-23
407.65,2.542e+2,2.542e+2,,3.502e-11,1.704e-13,,3.864e-23
407.68,2.429e+2,2.429e+2,,6.557e-11,1.703e-13,,3.865e-23
407.70,2.326e+2,2.326e+2,,9.725e-11,1.703e-13,,3.865e-23
407.72,2.197e+2,2.197e+2,,1.415e-10,1.702e-13,,3.866e-23
407.75,1.956e+2,1.956e+2,,2.395e-10,1.701e-13,,3.867e-23
407.77,1.771e+2,1.771e+2,,3.322e-10,1.700e-13,,3.868e-23
407.80,1.475e+2,1.475e+2,,5.234e-10,1.699e-13,,3.868e-23
407.82,1.276e+2,1.276e+2,,6.919e-10,1.698e-13,,3.869e-23
407.85,9.905e+1,9.905e+1,,1.014e-9,1.697e-13,,3.870e-23
407.87,8.170e+1,8.170e+1,,1.278e-9,1.696e-13,,3.871e-23
407.90,5.910e+1,5.910e+1,,1.744e-9,1.695e-13,,3.871e-23
407.92,4.655e+1,4.655e+1,,2.095e-9,1.695e-13,,3.872e-23
407.95,3.154e+1,3.154e+1,,2.662e-9,1.694e-13,,3.873e-23
407.97,2.395e+1,2.395e+1,,3.048e-9,1.693e-13,,3.873e-23
408.00,1.580e+1,1.580e+1,,3.604e-9,1.692e-13,,3.874e-23
408.02,1.227e+1,1.227e+1,,3.935e-9,1.691e-13,,3.875e-23
408.05,9.463e+0,9.463e+0,,4.332e-9,1.690e-13,,3.876e-23
408.07,9.121e+0,9.121e+0,,4.510e-9,1.689e-13,,3.876e-23
408.10,1.083e+1,1.083e+1,,4.624e-9,1.688e-13,,3.877e-23
408.12,1.352e+1,1.352e+1,,4.591e-9,1.687e-13,,3.878e-23
408.15,2.013e+1,2.013e+1,,4.385e-9,1.686e-13,,3.879e-23
408.17,2.647e+1,2.647e+1,,4.154e-9,1.686e-13,,3.879e-23
408.20,3.927e+1,3.927e+1,,3.698e-9,1.684e-13,,3.880e-23
408.22,5.018e+1,5.018e+1,,3.343e-9,1.684e-13,,3.881e-23
408.24,6.307e+1,6.307e+1,,2.967e-9,1.683e-13,,3.881e-23
408.27,8.601e+1,8.601e+1,,2.396e-9,1.682e-13,,3.882e-23
408.29,1.035e+2,1.035e+2,,2.032e-9,1.681e-13,,3.883e-23
408.32,1.320e+2,1.320e+2,,1.533e-9,1.680e-13,,3.884e-23
408.34,1.518e+2,1.518e+2,,1.242e-9,1.679e-13,,3.884e-23
408.37,1.811e+2,1.811e+2,,8.771e-10,1.678e-13,,3.885e-23
408.39,1.993e+2,1.993e+2,,6.805e-10,1.678e-13,,3.886e-23
408.42,2.224e+2,2.224e+2,,4.504e-10,1.676e-13,,3.887e-23
408.44,2.340e+2,2.340e+2,,3.351e-10,1.676e-13,,3.887e-23
408.47,2.443e+2,2.443e+2,,2.085e-10,1.675e-13,,3.888e-23
408.49,2.460e+2,2.460e+2,,1.490e-10,1.674e-13,,3.889e-23
408.52,2.403e+2,2.403e+2,,8.755e-11,1.673e-13,,3.890e-23
408.54,2.314e+2,2.314e+2,,6.034e-11,1.672e-13,,3.890e-23
408.57,2.116e+2,2.116e+2,,3.376e-11,1.671e-13,,3.891e-23
408.59,1.950e+2,1.950e+2,,2.270e-11,1.670e-13,,3.892e-23
408.62,1.668e+2,1.668e+2,,1.261e-11,1.669e-13,,3.893e-23
408.64,1.470e+2,1.470e+2,,8.805e-12,1.668e-13,,3.893e-23
408.67,1.176e+2,1.176e+2,,5.912e-12,1.667e-13,,3.894e-23
408.69,9.917e+1,9.917e+1,,5.278e-12,1.667e-13,,3.895e-23
408.71,8.212e+1,8.212e+1,,5.394e-12,1.666e-13,,3.895e-23
408.74,5.984e+1,5.984e+1,,6.678e-12,1.665e-13,,3.896e-23
408.76,4.739e+1,4.739e+1,,8.170e-12,1.664e-13,,3.897e-23
408.79,3.228e+1,3.228e+1,,1.129e-11,1.663e-13,,3.898e-23
408.81,2.444e+1,2.444e+1,,1.394e-11,1.662e-13,,3.898e-23
408.84,1.556e+1,1.556e+1,,1.876e-11,1.661e-13,,3.899e-23
408.86,1.126e+1,1.126e+1,,2.254e-11,1.660e-13,,3.900e-23
408.89,6.695e+0,6.695e+0,,2.901e-11,1.659e-13,,3.901e-23
408.91,4.628e+0,4.628e+0,,3.384e-11,1.659e-13,,3.901e-23
408.94,2.570e+0,2.570e+0,,4.181e-11,1.657e-13,,3.902e-23
408.96,1.697e+0,1.697e+0,,4.760e-11,1.657e-13,,3.903e-23
408.99,8.798e-1,8.798e-1,,5.697e-11,1.656e-13,,3.904e-23
409.01,5.548e-1,5.548e-1,,6.368e-11,1.655e-13,,3.904e-23
409.04,2.684e-1,2.684e-1,,7.446e-11,1.654e-13,,3.905e-23
409.06,1.616e-1,1.616e-1,,8.213e-11,1.653e-13,,3.906e-23
409.09,7.289e-2,7.289e-2,,9.434e-11,1.652e-13,,3.907e-23
409.11,4.189e-2,4.189e-2,,1.029e-10,1.651e-13,,3.907e-23
409.14,1.762e-2,1.762e-2,,1.162e-10,1.650e-13,,3.908e-23
409.16,9.664e-3,9.664e-3,,1.252e-10,1.649e-13,,3.909e-23
409.19,3.790e-3,3.790e-3,,1.385e-10,1.648e-13,,3.910e-23
409.21,1.983e-3,1.983e-3,,1.471e-10,1.648e-13,,3.910e-23
409.23,1.019e-3,1.019e-3,,1.552e-10,1.647e-13,,3.911e-23
409.26,3.618e-4,3.618e-4,,1.661e-10,1.646e-13,,3.912e-23
409.28,1.773e-4,1.773e-4,,1.725e-10,1.645e-13,,3.912e-23
409.31,5.868e-5,5.868e-5,,1.805e-10,1.644e-13,,3.913e-23
409.33,2.742e-5,2.742e-5,,1.849e-10,1.643e-13,,3.914e-23
409.36,8.454e-6,8.454e-6,,1.903e-10,1.642e-13,,3.915e-23
409.38,3.768e-6,3.768e-6,,1.932e-10,1.641e-13,,3.915e-23
409.41,1.082e-6,1.082e-6,,1.969e-10,1.640e-13,,3.916e-23
409.43,4.601e-7,4.599e-7,,1.991e-10,1.640e-13,,3.917e-23
409.46,1.232e-7,1.230e-7,,2.022e-10,1.639e-13,,3.918e-23
409.48,5.005e-8,4.984e-8,,2.040e-10,1.638e-13,,3.918e-23
409.51,1.262e-8,1.241e-8,,2.063e-10,1.637e-13,,3.919e-23
409.53,5.004e-9,4.796e-9,,2.074e-10,1.636e-13,,3.920e-23
409.56,1.320e-9,1.112e-9,,2.079e-10,1.635e-13,,3.921e-23
409.58,6.170e-10,4.097e-10,,2.073e-10,1.634e-13,,3.921e-23
409.61,2.932e-10,8.842e-11,,2.048e-10,1.633e-13,,3.922e-23
409.63,2.328e-10,3.106e-11,,2.017e-10,1.632e-13,,3.923e-23
409.66,2.013e-10,6.241e-12,,1.950e-10,1.631e-13,,3.924e-23
409.68,1.912e-10,2.090e-12,,1.891e-10,1.631e-13,,3.924e-23
409.71,1.787e-10,3.870e-13,,1.783e-10,1.629e-13,,3.925e-23
409.73,1.700e-10,1.237e-13,,1.699e-10,1.629e-13,,3.926e-23
409.75,1.607e-10,3.877e-14,,1.607e-10,1.628e-13,,3.926e-23
409.78,1.459e-10,3.574e-14,,1.459e-10,1.627e-13,,3.927e-23
409.80,1.357e-10,3.372e-14,,1.357e-10,1.626e-13,,3.928e-23
409.83,1.206e-10,3.069e-14,,1.206e-10,1.625e-13,,3.929e-23
409.85,1.110e-10,2.868e-14,,1.110e-10,1.624e-13,,3.929e-23
409.88,9.774e-11,2.565e-14,,9.774e-11,1.623e-13,,3.930e-23
409.90,8.993e-11,2.363e-14,,8.993e-11,1.623e-13,,3.931e-23
409.93,7.993e-11,2.061e-14,,7.993e-11,1.621e-13,,3.932e-23
409.95,7.443e-11,1.859e-14,,7.443e-11,1.621e-13,,3.932e-23
409.98,6.775e-11,1.556e-14,,6.775e-11,1.620e-13,,3.933e-23
410.00,6.420e-11,1.354e-14,,6.420e-11,1.619e-13,,3.934e-23
410.03,5.986e-11,1.052e-14,,5.986e-11,1.618e-13,,3.935e-23
410.05,5.746e-11,8.499e-15,,5.745e-11,1.617e-13,,3.935e-23
410.08,5.432e-11,4.901e-14,,5.427e-11,1.616e-13,,3.936e-23
410.10,5.249e-11,1.539e-13,,5.234e-11,1.615e-13,,3.937e-23
410.13,5.046e-11,8.269e-13,,4.963e-11,1.614e-13,,3.937e-23
410.15,5.043e-11,2.477e-12,,4.796e-11,1.613e-13,,3.938e-23
410.18,5.809e-11,1.240e-11,,4.570e-11,1.612e-13,,3.939e-23
410.20,7.982e-11,3.542e-11,,4.440e-11,1.612e-13,,3.940e-23
410.22,1.426e-10,9.930e-11,,4.330e-11,1.611e-13,,3.940e-23
410.25,4.920e-10,4.500e-10,,4.204e-11,1.610e-13,,3.941e-23
410.27,1.245e-9,1.203e-9,,4.146e-11,1.609e-13,,3.942e-23
410.30,5.120e-9,5.079e-9,,4.093e-11,1.608e-13,,3.943e-23
410.32,1.300e-8,1.295e-8,,4.075e-11,1.607e-13,,3.943e-23
410.35,5.097e-8,5.093e-8,,4.066e-11,1.606e-13,,3.944e-23
410.37,1.240e-7,1.239e-7,,4.066e-11,1.605e-13,,3.945e-23
410.40,4.539e-7,4.538e-7,,4.062e-11,1.604e-13,,3.945e-23
410.42,1.053e-6,1.053e-6,,4.053e-11,1.604e-13,,3.946e-23
410.45,3.593e-6,3.593e-6,,4.016e-11,1.603e-13,,3.947e-23
410.47,7.952e-6,7.952e-6,,3.971e-11,1.602e-13,,3.948e-23
410.50,2.527e-5,2.527e-5,,3.864e-11,1.601e-13,,3.948e-23
410.52,5.335e-5,5.335e-5,,3.762e-11,1.600e-13,,3.949e-23
410.55,1.580e-4,1.580e-4,,3.560e-11,1.599e-13,,3.950e-23
410.57,3.180e-4,3.180e-4,,3.393e-11,1.598e-13,,3.951e-23
410.60,8.771e-4,8.771e-4,,3.102e-11,1.597e-13,,3.951e-23
410.62,1.684e-3,1.684e-3,,2.888e-11,1.596e-13,,3.952e-23
410.65,4.327e-3,4.327e-3,,2.552e-11,1.595e-13,,3.953e-23
410.67,7.927e-3,7.927e-3,,2.329e-11,1.595e-13,,3.953e-23
410.70,1.897e-2,1.897e-2,,2.015e-11,1.593e-13,,3.954e-23
410.72,3.314e-2,3.314e-2,,1.827e-11,1.593e-13,,3.955e-23
410.74,5.682e-2,5.682e-2,,1.662e-11,1.592e-13,,3.956e-23
410.77,1.231e-1,1.231e-1,,1.461e-11,1.591e-13,,3.956e-23
410.79,2.013e-1,2.013e-1,,1.358e-11,1.590e-13,,3.957e-23
410.82,4.064e-1,4.064e-1,,1.242e-11,1.589e-13,,3.958e-23
410.84,6.338e-1,6.338e-1,,1.185e-11,1.588e-13,,3.959e-23
410.87,1.192e+0,1.192e+0,,1.117e-11,1.587e-13,,3.959e-23
410.89,1.773e+0,1.773e+0,,1.076e-11,1.587e-13,,3.960e-23
410.92,3.105e+0,3.105e+0,,1.012e-11,1.585e-13,,3.961e-23
410.94,4.406e+0,4.406e+0,,9.630e-12,1.585e-13,,3.961e-23
410.97,7.188e+0,7.188e+0,,8.754e-12,1.584e-13,,3.962e-23
410.99,9.729e+0,9.729e+0,,8.079e-12,1.583e-13,,3.963e-23
411.02,1.479e+1,1.479e+1,,6.961e-12,1.582e-13,,3.964e-23
411.04,1.909e+1,1.909e+1,,6.176e-12,1.581e-13,,3.964e-23
411.07,2.702e+1,2.702e+1,,4.996e-12,1.580e-13,,3.965e-23
411.09,3.327e+1,3.327e+1,,4.241e-12,1.579e-13,,3.966e-23
411.12,4.388e+1,4.388e+1,,3.207e-12,1.578e-13,,3.967e-23
411.14,5.153e+1,5.153e+1,,2.601e-12,1.577e-13,,3.967e-23
411.17,6.331e+1,6.331e+1,,1.836e-12,1.576e-13,,3.968e-23
411.19,7.094e+1,7.094e+1,,1.423e-12,1.576e-13,,3.969e-23
411.22,8.121e+1,8.121e+1,,9.439e-13,1.575e-13,,3.970e-23
411.24,8.682e+1,8.682e+1,,7.092e-13,1.574e-13,,3.970e-23
411.26,9.112e+1,9.112e+1,,5.357e-13,1.573e-13,,3.971e-23
411.29,9.470e+1,9.470e+1,,3.817e-13,1.572e-13,,3.972e-23
411.31,9.506e+1,9.506e+1,,3.497e-13,1.571e-13,,3.972e-23
411.34,9.276e+1,9.276e+1,,4.252e-13,1.570e-13,,3.973e-23
411.36,8.969e+1,8.969e+1,,5.835e-13,1.569e-13,,3.974e-23
411.39,8.381e+1,8.381e+1,,1.067e-12,1.568e-13,,3.975e-23
411.41,7.988e+1,7.988e+1,,1.635e-12,1.568e-13,,3.975e-23
411.44,7.576e+1,7.576e+1,,3.076e-12,1.566e-13,,3.976e-23
411.46,7.541e+1,7.541e+1,,4.623e-12,1.566e-13,,3.977e-23
411.49,8.080e+1,8.080e+1,,8.306e-12,1.565e-13,,3.978e-23
411.51,8.975e+1,8.975e+1,,1.207e-11,1.564e-13,,3.978e-23
411.54,1.136e+2,1.136e+2,,2.064e-11,1.563e-13,,3.979e-23
411.56,1.378e+2,1.378e+2,,2.908e-11,1.562e-13,,3.980e-23
411.59,1.881e+2,1.881e+2,,4.764e-11,1.561e-13,,3.981e-23
411.61,2.315e+2,2.315e+2,,6.540e-11,1.560e-13,,3.981e-23
411.64,3.110e+2,3.110e+2,,1.035e-10,1.559e-13,,3.982e-23
411.66,3.726e+2,3.726e+2,,1.391e-10,1.558e-13,,3.983e-23
411.69,4.742e+2,4.742e+2,,2.140e-10,1.557e-13,,3.984e-23
411.71,5.451e+2,5.451e+2,,2.829e-10,1.557e-13,,3.984e-23
411.74,6.494e+2,6.494e+2,,4.247e-10,1.556e-13,,3.985e-23
411.76,7.132e+2,7.132e+2,,5.523e-10,1.555e-13,,3.986e-23
411.78,7.688e+2,7.688e+2,,7.134e-10,1.554e-13,,3.986e-23
411.81,8.308e+2,8.308e+2,,1.033e-9,1.553e-13,,3.987e-23
411.83,8.545e+2,8.545e+2,,1.308e-9,1.552e-13,,3.988e-23
411.86,8.605e+2,8.605e+2,,1.834e-9,1.551e-13,,3.989e-23
411.88,8.444e+2,8.444e+2,,2.271e-9,1.550e-13,,3.989e-23
411.91,7.923e+2,7.923e+2,,3.067e-9,1.549e-13,,3.990e-23
411.93,7.417e+2,7.417e+2,,3.696e-9,1.549e-13,,3.991e-23
411.96,6.484e+2,6.484e+2,,4.786e-9,1.548e-13,,3.992e-23
411.98,5.790e+2,5.790e+2,,5.602e-9,1.547e-13,,3.992e-23
412.01,4.717e+2,4.717e+2,,6.930e-9,1.546e-13,,3.993e-23
412.03,4.018e+2,4.018e+2,,7.861e-9,1.545e-13,,3.994e-23
412.06,3.051e+2,3.051e+2,,9.270e-9,1.544e-13,,3.995e-23
412.08,2.480e+2,2.480e+2,,1.018e-8,1.543e-13,,3.995e-23
412.11,1.758e+2,1.758e+2,,1.142e-8,1.542e-13,,3.996e-23
412.13,1.367e+2,1.367e+2,,1.212e-8,1.541e-13,,3.997e-23
412.16,9.105e+1,9.105e+1,,1.292e-8,1.540e-13,,3.998e-23
412.18,6.846e+1,6.846e+1,,1.325e-8,1.540e-13,,3.998e-23
412.21,4.447e+1,4.447e+1,,1.339e-8,1.538e-13,,3.999e-23
412.23,3.397e+1,3.397e+1,,1.324e-8,1.538e-13,,4.000e-23
412.25,2.703e+1,2.703e+1,,1.291e-8,1.537e-13,,4.000e-23
412.28,2.194e+1,2.194e+1,,1.207e-8,1.536e-13,,4.001e-23
412.30,2.135e+1,2.135e+1,,1.133e-8,1.535e-13,,4.002e-23
412.33,2.365e+1,2.365e+1,,1.001e-8,1.534e-13,,4.003e-23
412.35,2.683e+1,2.683e+1,,9.037e-9,1.533e-13,,4.003e-23
412.38,3.334e+1,3.334e+1,,7.525e-9,1.532e-13,,4.004e-23
412.40,3.846e+1,3.846e+1,,6.528e-9,1.532e-13,,4.005e-23
412.43,4.665e+1,4.665e+1,,5.117e-9,1.530e-13,,4.006e-23
412.45,5.205e+1,5.205e+1,,4.262e-9,1.530e-13,,4.006e-23
412.48,5.938e+1,5.938e+1,,3.141e-9,1.529e-13,,4.007e-23
412.50,6.339e+1,6.339e+1,,2.511e-9,1.528e-13,,4.008e-23
412.53,6.753e+1,6.753e+1,,1.741e-9,1.527e-13,,4.009e-23
412.55,6.882e+1,6.882e+1,,1.336e-9,1.526e-13,,4.009e-23
412.58,6.839e+1,6.839e+1,,8.728e-10,1.525e-13,,4.010e-23
412.60,6.657e+1,6.657e+1,,6.450e-10,1.524e-13,,4.011e-23
412.63,6.185e+1,6.185e+1,,3.996e-10,1.523e-13,,4.012e-23
412.65,5.769e+1,5.769e+1,,2.862e-10,1.522e-13,,4.012e-23
412.68,5.066e+1,5.066e+1,,1.709e-10,1.521e-13,,4.013e-23
412.70,4.596e+1,4.596e+1,,1.205e-10,1.521e-13,,4.014e-23
412.73,3.991e+1,3.991e+1,,7.145e-11,1.520e-13,,4.015e-23
412.75,3.721e+1,3.721e+1,,5.085e-11,1.519e-13,,4.015e-23
412.77,3.619e+1,3.619e+1,,3.659e-11,1.518e-13,,4.016e-23
412.80,3.914e+1,3.914e+1,,2.295e-11,1.517e-13,,4.017e-23
412.82,4.512e+1,4.512e+1,,1.713e-11,1.516e-13,,4.017e-23
412.85,6.215e+1,6.215e+1,,1.130e-11,1.515e-13,,4.018e-23
412.87,8.024e+1,8.024e+1,,8.641e-12,1.514e-13,,4.019e-23
412.90,1.199e+2,1.199e+2,,5.790e-12,1.513e-13,,4.020e-23
412.92,1.562e+2,1.562e+2,,4.411e-12,1.513e-13,,4.020e-23
412.95,2.271e+2,2.271e+2,,2.887e-12,1.512e-13,,4.021e-23
412.97,2.861e+2,2.861e+2,,2.145e-12,1.511e-13,,4.022e-23
413.00,3.919e+2,3.919e+2,,1.342e-12,1.510e-13,,4.023e-23
413.02,4.729e+2,4.729e+2,,9.691e-13,1.509e-13,,4.023e-23
413.05,6.058e+2,6.058e+2,,6.011e-13,1.508e-13,,4.024e-23
413.07,6.985e+2,6.985e+2,,4.652e-13,1.507e-13,,4.025e-23
413.10,8.361e+2,8.361e+2,,4.266e-13,1.506e-13,,4.025e-23
413.12,9.216e+2,9.216e+2,,5.411e-13,1.505e-13,,4.026e-23
413.15,1.032e+3,1.032e+3,,1.062e-12,1.504e-13,,4.027e-23
413.17,1.089e+3,1.089e+3,,1.808e-12,1.504e-13,,4.028e-23
413.20,1.144e+3,1.144e+3,,4.066e-12,1.502e-13,,4.028e-23
413.22,1.158e+3,1.158e+3,,6.886e-12,1.502e-13,,4.029e-23
413.25,1.147e+3,1.147e+3,,1.472e-11,1.501e-13,,4.030e-23
413.27,1.119e+3,1.119e+3,,2.389e-11,1.500e-13,,4.031e-23
413.29,1.078e+3,1.078e+3,,3.808e-11,1.499e-13,,4.031e-23
413.32,9.976e+2,9.976e+2,,7.405e-11,1.498e-13,,4.032e-23
413.34,9.362e+2,9.362e+2,,1.128e-10,1.497e-13,,4.033e-23
413.37,8.401e+2,8.401e+2,,2.049e-10,1.496e-13,,4.033e-23
413.39,7.772e+2,7.772e+2,,2.983e-10,1.496e-13,,4.034e-23
413.42,6.895e+2,6.895e+2,,5.067e-10,1.494e-13,,4.035e-23
413.44,6.372e+2,6.372e+2,,7.052e-10,1.494e-13,,4.036e-23
413.47,5.696e+2,5.696e+2,,1.120e-9,1.493e-13,,4.036e-23
413.49,5.316e+2,5.316e+2,,1.492e-9,1.492e-13,,4.037e-23
413.52,4.841e+2,4.841e+2,,2.219e-9,1.491e-13,,4.038e-23
413.54,4.579e+2,4.579e+2,,2.830e-9,1.490e-13,,4.039e-23
413.57,4.247e+2,4.247e+2,,3.947e-9,1.489e-13,,4.039e-23
413.59,4.055e+2,4.055e+2,,4.825e-9,1.488e-13,,4.040e-23
413.62,3.792e+2,3.792e+2,,6.324e-9,1.487e-13,,4.041e-23
413.64,3.623e+2,3.623e+2,,7.422e-9,1.486e-13,,4.041e-23
413.67,3.365e+2,3.365e+2,,9.163e-9,1.485e-13,,4.042e-23
413.69,3.183e+2,3.183e+2,,1.035e-8,1.485e-13,,4.043e-23
413.72,2.890e+2,2.890e+2,,1.207e-8,1.484e-13,,4.044e-23
413.74,2.680e+2,2.680e+2,,1.314e-8,1.483e-13,,4.044e-23
413.77,2.347e+2,2.347e+2,,1.454e-8,1.482e-13,,4.045e-23
413.79,2.118e+2,2.118e+2,,1.530e-8,1.481e-13,,4.046e-23
413.81,1.890e+2,1.890e+2,,1.589e-8,1.480e-13,,4.047e-23
413.84,1.562e+2,1.562e+2,,1.644e-8,1.479e-13,,4.047e-23
413.86,1.362e+2,1.362e+2,,1.656e-8,1.478e-13,,4.048e-23
413.89,1.111e+2,1.111e+2,,1.639e-8,1.477e-13,,4.049e-23
413.91,9.889e+1,9.889e+1,,1.605e-8,1.477e-13,,4.049e-23
413.94,8.956e+1,8.956e+1,,1.523e-8,1.476e-13,,4.050e-23
413.96,9.095e+1,9.095e+1,,1.450e-8,1.475e-13,,4.051e-23
413.99,1.076e+2,1.076e+2,,1.321e-8,1.474e-13,,4.052e-23
414.01,1.307e+2,1.307e+2,,1.224e-8,1.473e-13,,4.052e-23
414.04,1.876e+2,1.876e+2,,1.068e-8,1.472e-13,,4.053e-23
414.06,2.429e+2,2.429e+2,,9.623e-9,1.471e-13,,4.054e-23
414.09,3.565e+2,3.565e+2,,8.045e-9,1.470e-13,,4.055e-23
414.11,4.547e+2,4.547e+2,,7.034e-9,1.469e-13,,4.055e-23
414.14,6.372e+2,6.372e+2,,5.618e-9,1.468e-13,,4.056e-23
414.16,7.818e+2,7.818e+2,,4.761e-9,1.467e-13,,4.057e-23
414.19,1.028e+3,1.028e+3,,3.625e-9,1.466e-13,,4.058e-23
414.21,1.208e+3,1.208e+3,,2.974e-9,1.466e-13,,4.058e-23
414.24,1.486e+3,1.486e+3,,2.157e-9,1.465e-13,,4.059e-23
414.26,1.667e+3,1.667e+3,,1.715e-9,1.464e-13,,4.060e-23
414.28,1.838e+3,1.838e+3,,1.347e-9,1.463e-13,,4.060e-23
414.31,2.056e+3,2.056e+3,,9.206e-10,1.462e-13,,4.061e-23
414.33,2.165e+3,2.165e+3,,7.082e-10,1.461e-13,,4.062e-23
414.36,2.262e+3,2.262e+3,,4.771e-10,1.460e-13,,4.063e-23
414.38,2.277e+3,2.277e+3,,3.700e-10,1.459e-13,,4.063e-23
414.41,2.222e+3,2.222e+3,,2.624e-10,1.458e-13,,4.064e-23
414.43,2.136e+3,2.136e+3,,2.171e-10,1.458e-13,,4.065e-23
414.46,1.947e+3,1.947e+3,,1.761e-10,1.457e-13,,4.066e-23
414.48,1.789e+3,1.789e+3,,1.609e-10,1.456e-13,,4.066e-23
414.51,1.522e+3,1.522e+3,,1.486e-10,1.455e-13,,4.067e-23
414.53,1.336e+3,1.336e+3,,1.441e-10,1.454e-13,,4.068e-23
414.56,1.061e+3,1.061e+3,,1.389e-10,1.453e-13,,4.069e-23
414.58,8.899e+2,8.899e+2,,1.351e-10,1.452e-13,,4.069e-23
414.61,6.601e+2,6.601e+2,,1.276e-10,1.451e-13,,4.070e-23
414.63,5.287e+2,5.287e+2,,1.211e-10,1.450e-13,,4.071e-23
414.66,3.661e+2,3.661e+2,,1.095e-10,1.449e-13,,4.072e-23
414.68,2.801e+2,2.801e+2,,1.009e-10,1.449e-13,,4.072e-23
414.71,1.811e+2,1.811e+2,,8.745e-11,1.447e-13,,4.073e-23
414.73,1.323e+2,1.323e+2,,7.857e-11,1.447e-13,,4.074e-23
414.76,7.986e+1,7.986e+1,,6.605e-11,1.446e-13,,4.075e-23
414.78,5.577e+1,5.577e+1,,5.850e-11,1.445e-13,,4.075e-23
414.80,3.828e+1,3.828e+1,,5.168e-11,1.444e-13,,4.076e-23
414.83,2.117e+1,2.117e+1,,4.289e-11,1.443e-13,,4.077e-23
414.85,1.412e+1,1.412e+1,,3.791e-11,1.442e-13,,4.077e-23
414.88,7.939e+0,7.939e+0,,3.157e-11,1.441e-13,,4.078e-23
414.90,5.895e+0,5.895e+0,,2.796e-11,1.441e-13,,4.079e-23
414.93,5.106e+0,5.106e+0,,2.325e-11,1.439e-13,,4.080e-23
414.95,5.904e+0,5.904e+0,,2.049e-11,1.439e-13,,4.080e-23
414.98,9.190e+0,9.190e+0,,1.685e-11,1.438e-13,,4.081e-23
415.00,1.306e+1,1.306e+1,,1.473e-11,1.437e-13,,4.082e-23
415.03,2.224e+1,2.224e+1,,1.210e-11,1.436e-13,,4.083e-23
415.05,3.129e+1,3.129e+1,,1.077e-11,1.435e-13,,4.083e-23
415.08,5.074e+1,5.074e+1,,9.591e-12,1.434e-13,,4.084e-23
415.10,6.857e+1,6.857e+1,,9.472e-12,1.433e-13,,4.085e-23
415.13,1.043e+2,1.043e+2,,1.056e-11,1.432e-13,,4.086e-23
415.15,1.350e+2,1.350e+2,,1.231e-11,1.431e-13,,4.086e-23
415.18,1.926e+2,1.926e+2,,1.680e-11,1.430e-13,,4.087e-23
415.20,2.388e+2,2.388e+2,,2.123e-11,1.430e-13,,4.088e-23
415.23,3.194e+2,3.194e+2,,3.030e-11,1.429e-13,,4.089e-23
415.25,3.795e+2,3.795e+2,,3.809e-11,1.428e-13,,4.089e-23
415.28,4.765e+2,4.765e+2,,5.240e-11,1.427e-13,,4.090e-23
415.30,5.431e+2,5.431e+2,,6.357e-11,1.426e-13,,4.091e-23
415.32,6.090e+2,6.090e+2,,7.583e-11,1.425e-13,,4.091e-23
415.35,7.016e+2,7.016e+2,,9.564e-11,1.424e-13,,4.092e-23
415.37,7.561e+2,7.561e+2,,1.092e-10,1.423e-13,,4.093e-23
415.40,8.224e+2,8.224e+2,,1.289e-10,1.422e-13,,4.094e-23
415.42,8.543e+2,8.543e+2,,1.409e-10,1.422e-13,,4.094e-23
415.45,8.820e+2,8.820e+2,,1.558e-10,1.421e-13,,4.095e-23
415.47,8.874e+2,8.874e+2,,1.632e-10,1.420e-13,,4.096e-23
415.50,8.779e+2,8.779e+2,,1.694e-10,1.419e-13,,4.097e-23
415.52,8.621e+2,8.621e+2,,1.702e-10,1.418e-13,,4.097e-23
415.55,8.286e+2,8.286e+2,,1.664e-10,1.417e-13,,4.098e-23
415.57,8.026e+2,8.026e+2,,1.609e-10,1.416e-13,,4.099e-23
415.60,7.623e+2,7.623e+2,,1.489e-10,1.415e-13,,4.100e-23
415.62,7.364e+2,7.364e+2,,1.391e-10,1.414e-13,,4.100e-23
415.65,7.010e+2,7.010e+2,,1.228e-10,1.413e-13,,4.101e-23
415.67,6.797e+2,6.797e+2,,1.114e-10,1.413e-13,,4.102e-23
415.70,6.507e+2,6.507e+2,,9.461e-11,1.411e-13,,4.103e-23
415.72,6.321e+2,6.321e+2,,8.401e-11,1.411e-13,,4.103e-23
415.75,6.032e+2,6.032e+2,,6.953e-11,1.410e-13,,4.104e-23
415.77,5.820e+2,5.820e+2,,6.102e-11,1.409e-13,,4.105e-23
415.79,5.584e+2,5.584e+2,,5.354e-11,1.408e-13,,4.105e-23
415.82,5.176e+2,5.176e+2,,4.440e-11,1.407e-13,,4.106e-23
415.84,4.865e+2,4.865e+2,,3.985e-11,1.406e-13,,4.107e-23
415.87,4.350e+2,4.350e+2,,3.585e-11,1.405e-13,,4.108e-23
415.89,3.979e+2,3.979e+2,,3.565e-11,1.405e-13,,4.108e-23
415.92,3.403e+2,3.403e+2,,4.094e-11,1.403e-13,,4.109e-23
415.94,3.016e+2,3.016e+2,,5.011e-11,1.403e-13,,4.110e-23
415.97,2.455e+2,2.455e+2,,7.776e-11,1.402e-13,,4.111e-23
415.99,2.102e+2,2.102e+2,,1.104e-10,1.401e-13,,4.111e-23
416.02,1.622e+2,1.622e+2,,1.934e-10,1.400e-13,,4.112e-23
416.04,1.340e+2,1.340e+2,,2.819e-10,1.399e-13,,4.113e-23
416.07,9.785e+1,9.785e+1,,4.889e-10,1.398e-13,,4.113e-23
416.09,7.785e+1,7.785e+1,,6.949e-10,1.397e-13,,4.114e-23
416.12,5.367e+1,5.367e+1,,1.144e-9,1.396e-13,,4.115e-23
416.14,4.107e+1,4.107e+1,,1.562e-9,1.395e-13,,4.116e-23
416.17,2.669e+1,2.669e+1,,2.413e-9,1.394e-13,,4.116e-23
416.19,1.963e+1,1.963e+1,,3.153e-9,1.394e-13,,4.117e-23
416.22,1.200e+1,1.200e+1,,4.557e-9,1.393e-13,,4.118e-23
416.24,8.474e+0,8.474e+0,,5.695e-9,1.392e-13,,4.119e-23
416.27,4.872e+0,4.872e+0,,7.696e-9,1.391e-13,,4.119e-23
416.29,3.298e+0,3.298e+0,,9.200e-9,1.390e-13,,4.120e-23
416.31,2.196e+0,2.196e+0,,1.080e-8,1.389e-13,,4.121e-23
416.34,1.155e+0,1.155e+0,,1.331e-8,1.388e-13,,4.121e-23
416.36,7.368e-1,7.368e-1,,1.496e-8,1.387e-13,,4.122e-23
416.39,3.633e-1,3.633e-1,,1.728e-8,1.386e-13,,4.123e-23
416.41,2.219e-1,2.219e-1,,1.863e-8,1.386e-13,,4.124e-23
416.44,1.025e-1,1.025e-1,,2.022e-8,1.385e-13,,4.124e-23
416.46,5.992e-2,5.992e-2,,2.094e-8,1.384e-13,,4.125e-23
416.49,2.590e-2,2.590e-2,,2.146e-8,1.383e-13,,4.126e-23
416.51,1.448e-2,1.448e-2,,2.143e-8,1.382e-13,,4.127e-23
416.54,5.857e-3,5.857e-3,,2.084e-8,1.381e-13,,4.127e-23
416.56,3.132e-3,3.132e-3,,2.014e-8,1.380e-13,,4.128e-23
416.59,1.184e-3,1.184e-3,,1.872e-8,1.379e-13,,4.129e-23
416.61,6.055e-4,6.055e-4,,1.760e-8,1.378e-13,,4.129e-23
416.64,2.146e-4,2.145e-4,,1.577e-8,1.377e-13,,4.130e-23
416.66,1.061e-4,1.061e-4,,1.451e-8,1.377e-13,,4.131e-23
416.69,3.979e-5,3.978e-5,,1.263e-8,1.375e-13,,4.132e-23
416.71,2.776e-5,2.775e-5,,1.142e-8,1.375e-13,,4.132e-23
416.74,4.174e-5,4.173e-5,,9.701e-9,1.374e-13,,4.133e-23
416.76,7.954e-5,7.953e-5,,8.637e-9,1.373e-13,,4.134e-23
416.79,2.284e-4,2.284e-4,,7.174e-9,1.372e-13,,4.135e-23
416.81,4.578e-4,4.578e-4,,6.290e-9,1.371e-13,,4.135e-23
416.83,9.024e-4,9.024e-4,,5.478e-9,1.370e-13,,4.136e-23
416.86,2.414e-3,2.414e-3,,4.394e-9,1.369e-13,,4.137e-23
416.88,4.547e-3,4.547e-3,,3.759e-9,1.368e-13,,4.137e-23
416.91,1.136e-2,1.136e-2,,2.930e-9,1.367e-13,,4.138e-23
416.93,2.043e-2,2.043e-2,,2.457e-9,1.367e-13,,4.139e-23
416.96,4.764e-2,4.764e-2,,1.856e-9,1.366e-13,,4.140e-23
416.98,8.187e-2,8.187e-2,,1.524e-9,1.365e-13,,4.140e-23
417.01,1.782e-1,1.782e-1,,1.116e-9,1.364e-13,,4.141e-23
417.03,2.925e-1,2.925e-1,,8.973e-10,1.363e-13,,4.142e-23
417.06,5.942e-1,5.942e-1,,6.396e-10,1.362e-13,,4.143e-23
417.08,9.316e-1,9.316e-1,,5.079e-10,1.361e-13,,4.143e-23
417.11,1.767e+0,1.767e+0,,3.606e-10,1.360e-13,,4.144e-23
417.13,2.646e+0,2.646e+0,,2.907e-10,1.359e-13,,4.145e-23
417.16,4.684e+0,4.684e+0,,2.201e-10,1.358e-13,,4.146e-23
417.18,6.700e+0,6.700e+0,,1.919e-10,1.358e-13,,4.146e-23
417.21,1.107e+1,1.107e+1,,1.719e-10,1.356e-13,,4.147e-23
417.23,1.513e+1,1.513e+1,,1.703e-10,1.356e-13,,4.148e-23
417.26,2.334e+1,2.334e+1,,1.808e-10,1.355e-13,,4.149e-23
417.28,3.045e+1,3.045e+1,,1.939e-10,1.354e-13,,4.149e-23
417.31,4.386e+1,4.386e+1,,2.186e-10,1.353e-13,,4.150e-23
417.33,5.466e+1,5.466e+1,,2.361e-10,1.352e-13,,4.151e-23
417.35,6.689e+1,6.689e+1,,2.528e-10,1.351e-13,,4.151e-23
417.38,8.748e+1,8.748e+1,,2.737e-10,1.350e-13,,4.152e-23
417.40,1.023e+2,1.023e+2,,2.833e-10,1.350e-13,,4.153e-23
417.43,1.248e+2,1.248e+2,,2.895e-10,1.348e-13,,4.154e-23
417.45,1.394e+2,1.394e+2,,2.877e-10,1.348e-13,,4.154e-23
417.48,1.589e+2,1.589e+2,,2.763e-10,1.347e-13,,4.155e-23
417.50,1.694e+2,1.694e+2,,2.634e-10,1.346e-13,,4.156e-23
417.53,1.802e+2,1.802e+2,,2.379e-10,1.345e-13,,4.157e-23
417.55,1.836e+2,1.836e+2,,2.181e-10,1.344e-13,,4.157e-23
417.58,1.824e+2,1.824e+2,,1.864e-10,1.343e-13,,4.158e-23
417.60,1.776e+2,1.776e+2,,1.652e-10,1.342e-13,,4.159e-23
417.63,1.649e+2,1.649e+2,,1.351e-10,1.341e-13,,4.160e-23
417.65,1.536e+2,1.536e+2,,1.169e-10,1.340e-13,,4.160e-23
417.68,1.340e+2,1.340e+2,,9.322e-11,1.339e-13,,4.161e-23
417.70,1.201e+2,1.201e+2,,7.993e-11,1.339e-13,,4.162e-23
417.73,1.000e+2,1.000e+2,,6.357e-11,1.338e-13,,4.163e-23
417.75,8.814e+1,8.814e+1,,5.477e-11,1.337e-13,,4.163e-23
417.78,7.436e+1,7.436e+1,,4.415e-11,1.336e-13,,4.164e-23
417.80,6.872e+1,6.872e+1,,3.843e-11,1.335e-13,,4.165e-23
417.82,6.658e+1,6.658e+1,,3.352e-11,1.334e-13,,4.165e-23
417.85,7.098e+1,7.098e+1,,2.731e-11,1.333e-13,,4.166e-23
417.87,7.960e+1,7.960e+1,,2.376e-11,1.332e-13,,4.167e-23
417.90,1.019e+2,1.019e+2,,1.910e-11,1.331e-13,,4.168e-23
417.92,1.232e+2,1.232e+2,,1.640e-11,1.331e-13,,4.168e-23
417.95,1.649e+2,1.649e+2,,1.297e-11,1.330e-13,,4.169e-23
417.97,1.987e+2,1.987e+2,,1.111e-11,1.329e-13,,4.170e-23
418.00,2.568e+2,2.568e+2,,9.061e-12,1.328e-13,,4.171e-23
418.02,2.989e+2,2.989e+2,,8.243e-12,1.327e-13,,4.171e-23
418.05,3.638e+2,3.638e+2,,7.952e-12,1.326e-13,,4.172e-23
418.07,4.057e+2,4.057e+2,,8.453e-12,1.325e-13,,4.173e-23
418.10,4.619e+2,4.619e+2,,1.037e-11,1.324e-13,,4.174e-23
418.12,4.925e+2,4.925e+2,,1.249e-11,1.323e-13,,4.174e-23
418.15,5.241e+2,5.241e+2,,1.701e-11,1.322e-13,,4.175e-23
418.17,5.342e+2,5.342e+2,,2.095e-11,1.322e-13,,4.176e-23
418.20,5.316e+2,5.316e+2,,2.817e-11,1.320e-13,,4.177e-23
418.22,5.184e+2,5.184e+2,,3.378e-11,1.320e-13,,4.177e-23
418.25,4.840e+2,4.840e+2,,4.310e-11,1.319e-13,,4.178e-23
418.27,4.536e+2,4.536e+2,,4.966e-11,1.318e-13,,4.179e-23
418.30,4.017e+2,4.017e+2,,5.949e-11,1.317e-13,,4.180e-23
418.32,3.663e+2,3.663e+2,,6.567e-11,1.316e-13,,4.180e-23
418.34,3.331e+2,3.331e+2,,7.125e-11,1.315e-13,,4.181e-23
418.37,2.923e+2,2.923e+2,,7.795e-11,1.314e-13,,4.182e-23
418.39,2.741e+2,2.741e+2,,8.100e-11,1.314e-13,,4.182e-23
418.42,2.649e+2,2.649e+2,,8.312e-11,1.312e-13,,4.183e-23
418.44,2.725e+2,2.725e+2,,8.282e-11,1.312e-13,,4.184e-23
418.47,3.065e+2,3.065e+2,,7.989e-11,1.311e-13,,4.185e-23
418.49,3.443e+2,3.443e+2,,7.650e-11,1.310e-13,,4.185e-23
418.52,4.227e+2,4.227e+2,,6.976e-11,1.309e-13,,4.186e-23
418.54,4.876e+2,4.876e+2,,6.457e-11,1.308e-13,,4.187e-23
418.57,5.990e+2,5.990e+2,,5.645e-11,1.307e-13,,4.188e-23
418.59,6.789e+2,6.789e+2,,5.123e-11,1.306e-13,,4.188e-23
418.62,7.995e+2,7.995e+2,,4.430e-11,1.305e-13,,4.189e-23
418.64,8.755e+2,8.755e+2,,4.057e-11,1.304e-13,,4.190e-23
418.67,9.744e+2,9.744e+2,,3.659e-11,1.303e-13,,4.191e-23
418.69,1.026e+3,1.026e+3,,3.507e-11,1.303e-13,,4.191e-23
418.72,1.075e+3,1.075e+3,,3.440e-11,1.302e-13,,4.192e-23
418.74,1.088e+3,1.088e+3,,3.488e-11,1.301e-13,,4.193e-23
418.77,1.075e+3,1.075e+3,,3.656e-11,1.300e-13,,4.193e-23
418.79,1.047e+3,1.047e+3,,3.805e-11,1.299e-13,,4.194e-23
418.82,9.816e+2,9.816e+2,,4.031e-11,1.298e-13,,4.195e-23
418.84,9.259e+2,9.259e+2,,4.156e-11,1.297e-13,,4.196e-23
418.86,8.647e+2,8.647e+2,,4.240e-11,1.296e-13,,4.196e-23
418.89,7.698e+2,7.698e+2,,4.265e-11,1.295e-13,,4.197e-23
418.91,7.094e+2,7.094e+2,,4.204e-11,1.295e-13,,4.198e-23
418.94,6.291e+2,6.291e+2,,3.995e-11,1.294e-13,,4.199e-23
418.96,5.851e+2,5.851e+2,,3.786e-11,1.293e-13,,4.199e-23
418.99,5.351e+2,5.351e+2,,3.395e-11,1.292e-13,,4.200e-23
419.01,5.120e+2,5.120e+2,,3.101e-11,1.291e-13,,4.201e-23
419.04,4.902e+2,4.902e+2,,2.652e-11,1.290e-13,,4.201e-23
419.06,4.817e+2,4.817e+2,,2.369e-11,1.289e-13,,4.202e-23
419.09,4.735e+2,4.735e+2,,2.003e-11,1.288e-13,,4.203e-23
419.11,4.682e+2,4.682e+2,,1.816e-11,1.287e-13,,4.204e-23
419.14,4.570e+2,4.570e+2,,1.640e-11,1.286e-13,,4.204e-23
419.16,4.460e+2,4.460e+2,,1.600e-11,1.286e-13,,4.205e-23
419.19,4.232e+2,4.232e+2,,1.660e-11,1.284e-13,,4.206e-23
419.21,4.044e+2,4.044e+2,,1.778e-11,1.284e-13,,4.207e-23
419.24,3.730e+2,3.730e+2,,2.061e-11,1.283e-13,,4.207e-23
419.26,3.517e+2,3.517e+2,,2.311e-11,1.282e-13,,4.208e-23
419.29,3.226e+2,3.226e+2,,2.754e-11,1.281e-13,,4.209e-23
419.31,3.071e+2,3.071e+2,,3.082e-11,1.280e-13,,4.209e-23
419.34,2.925e+2,2.925e+2,,3.591e-11,1.279e-13,,4.210e-23
419.36,2.895e+2,2.895e+2,,3.925e-11,1.278e-13,,4.211e-23
419.38,2.925e+2,2.925e+2,,4.241e-11,1.278e-13,,4.212e-23
419.41,3.083e+2,3.083e+2,,4.654e-11,1.276e-13,,4.212e-23
419.43,3.261e+2,3.261e+2,,4.874e-11,1.276e-13,,4.213e-23
419.46,3.631e+2,3.631e+2,,5.096e-11,1.275e-13,,4.214e-23
419.48,3.944e+2,3.944e+2,,5.164e-11,1.274e-13,,4.215e-23
419.51,4.514e+2,4.514e+2,,5.136e-11,1.273e-13,,4.215e-23
419.53,4.967e+2,4.967e+2,,5.031e-11,1.272e-13,,4.216e-23
419.56,5.775e+2,5.775e+2,,4.750e-11,1.271e-13,,4.217e-23
419.58,6.415e+2,6.415e+2,,4.491e-11,1.270e-13,,4.217e-23
419.61,7.559e+2,7.559e+2,,4.017e-11,1.269e-13,,4.218e-23
419.63,8.458e+2,8.458e+2,,3.660e-11,1.268e-13,,4.219e-23
419.66,1.002e+3,1.002e+3,,3.094e-11,1.267e-13,,4.220e-23
419.68,1.121e+3,1.121e+3,,2.713e-11,1.267e-13,,4.220e-23
419.71,1.316e+3,1.316e+3,,2.162e-11,1.265e-13,,4.221e-23
419.73,1.454e+3,1.454e+3,,1.822e-11,1.265e-13,,4.222e-23
419.76,1.663e+3,1.663e+3,,1.367e-11,1.264e-13,,4.223e-23
419.78,1.797e+3,1.797e+3,,1.105e-11,1.263e-13,,4.223e-23
419.81,1.977e+3,1.977e+3,,7.802e-12,1.262e-13,,4.224e-23
419.83,2.076e+3,2.076e+3,,6.068e-12,1.261e-13,,4.225e-23
419.85,2.155e+3,2.155e+3,,4.658e-12,1.260e-13,,4.225e-23
419.88,2.226e+3,2.226e+3,,3.088e-12,1.259e-13,,4.226e-23
419.90,2.243e+3,2.243e+3,,2.362e-12,1.259e-13,,4.227e-23
419.93,2.224e+3,2.224e+3,,1.687e-12,1.257e-13,,4.228e-23
419.95,2.186e+3,2.186e+3,,1.483e-12,1.257e-13,,4.228e-23
419.98,2.102e+3,2.102e+3,,1.525e-12,1.256e-13,,4.229e-23
420.00,2.034e+3,2.034e+3,,1.784e-12,1.255e-13,,4.230e-23
420.03,1.928e+3,1.928e+3,,2.553e-12,1.254e-13,,4.231e-23
420.05,1.858e+3,1.858e+3,,3.349e-12,1.253e-13,,4.231e-23
420.08,1.761e+3,1.761e+3,,5.033e-12,1.252e-13,,4.232e-23
420.10,1.702e+3,1.702e+3,,6.522e-12,1.251e-13,,4.233e-23
420.13,1.621e+3,1.621e+3,,9.363e-12,1.250e-13,,4.234e-23
420.15,1.568e+3,1.568e+3,,1.168e-11,1.249e-13,,4.234e-23
420.18,1.484e+3,1.484e+3,,1.576e-11,1.248e-13,,4.235e-23
420.20,1.421e+3,1.421e+3,,1.885e-11,1.248e-13,,4.236e-23
420.23,1.313e+3,1.313e+3,,2.390e-11,1.247e-13,,4.237e-23
420.25,1.230e+3,1.230e+3,,2.743e-11,1.246e-13,,4.237e-23
420.28,1.091e+3,1.091e+3,,3.274e-11,1.245e-13,,4.238e-23
420.30,9.897e+2,9.897e+2,,3.613e-11,1.244e-13,,4.239e-23
420.33,8.323e+2,8.323e+2,,4.075e-11,1.243e-13,,4.240e-23
420.35,7.273e+2,7.273e+2,,4.338e-11,1.242e-13,,4.240e-23
420.37,6.252e+2,6.252e+2,,4.556e-11,1.241e-13,,4.241e-23
420.40,4.830e+2,4.830e+2,,4.788e-11,1.240e-13,,4.242e-23
420.42,3.980e+2,3.980e+2,,4.875e-11,1.240e-13,,4.242e-23
420.45,2.882e+2,2.882e+2,,4.907e-11,1.239e-13,,4.243e-23
420.47,2.273e+2,2.273e+2,,4.866e-11,1.238e-13,,4.244e-23
420.50,1.540e+2,1.540e+2,,4.722e-11,1.237e-13,,4.245e-23
420.52,1.162e+2,1.162e+2,,4.578e-11,1.236e-13,,4.245e-23
420.55,7.364e+1,7.364e+1,,4.306e-11,1.235e-13,,4.246e-23
420.57,5.312e+1,5.312e+1,,4.098e-11,1.234e-13,,4.247e-23
420.60,3.146e+1,3.146e+1,,3.763e-11,1.233e-13,,4.248e-23
420.62,2.169e+1,2.169e+1,,3.537e-11,1.232e-13,,4.248e-23
420.65,1.201e+1,1.201e+1,,3.219e-11,1.231e-13,,4.249e-23
420.67,7.914e+0,7.914e+0,,3.037e-11,1.231e-13,,4.250e-23
420.70,4.093e+0,4.093e+0,,2.839e-11,1.229e-13,,4.251e-23
420.72,2.578e+0,2.578e+0,,2.776e-11,1.229e-13,,4.251e-23
420.75,1.246e+0,1.246e+0,,2.819e-11,1.228e-13,,4.252e-23
420.77,7.500e-1,7.500e-1,,2.955e-11,1.227e-13,,4.253e-23
420.80,3.386e-1,3.386e-1,,3.342e-11,1.226e-13,,4.254e-23
420.82,1.948e-1,1.948e-1,,3.728e-11,1.225e-13,,4.254e-23
420.85,8.219e-2,8.219e-2,,4.494e-11,1.224e-13,,4.255e-23
420.87,4.520e-2,4.520e-2,,5.116e-11,1.223e-13,,4.256e-23
420.89,2.442e-2,2.442e-2,,5.810e-11,1.223e-13,,4.256e-23
420.92,9.399e-3,9.399e-3,,6.931e-11,1.221e-13,,4.257e-23
420.94,4.911e-3,4.911e-3,,7.691e-11,1.221e-13,,4.258e-23
420.97,1.967e-3,1.967e-3,,8.764e-11,1.220e-13,,4.259e-23
420.99,1.325e-3,1.325e-3,,9.385e-11,1.219e-13,,4.259e-23
421.02,1.575e-3,1.575e-3,,1.009e-10,1.218e-13,,4.260e-23
421.04,2.600e-3,2.600e-3,,1.038e-10,1.217e-13,,4.261e-23
421.07,6.344e-3,6.344e-3,,1.048e-10,1.216e-13,,4.262e-23
421.09,1.154e-2,1.154e-2,,1.033e-10,1.215e-13,,4.262e-23
421.12,2.754e-2,2.754e-2,,9.783e-11,1.214e-13,,4.263e-23
421.14,4.815e-2,4.815e-2,,9.229e-11,1.213e-13,,4.264e-23
421.17,1.076e-1,1.076e-1,,8.183e-11,1.212e-13,,4.265e-23
421.19,1.800e-1,1.800e-1,,7.387e-11,1.212e-13,,4.265e-23
421.22,3.766e-1,3.766e-1,,6.129e-11,1.211e-13,,4.266e-23
421.24,6.026e-1,6.026e-1,,5.293e-11,1.210e-13,,4.267e-23
421.27,1.180e+0,1.180e+0,,4.109e-11,1.209e-13,,4.268e-23
421.29,1.807e+0,1.807e+0,,3.394e-11,1.208e-13,,4.268e-23
421.32,3.316e+0,3.316e+0,,2.464e-11,1.207e-13,,4.269e-23
421.34,4.864e+0,4.864e+0,,1.946e-11,1.206e-13,,4.270e-23
421.37,8.368e+0,8.368e+0,,1.321e-11,1.205e-13,,4.271e-23
421.39,1.177e+1,1.177e+1,,9.977e-12,1.204e-13,,4.271e-23
421.41,1.627e+1,1.627e+1,,7.402e-12,1.204e-13,,4.272e-23
421.44,2.566e+1,2.566e+1,,4.574e-12,1.203e-13,,4.273e-23
421.46,3.408e+1,3.408e+1,,3.247e-12,1.202e-13,,4.273e-23
421.49,5.066e+1,5.066e+1,,1.885e-12,1.201e-13,,4.274e-23
421.51,6.474e+1,6.474e+1,,1.294e-12,1.200e-13,,4.275e-23
421.54,9.100e+1,9.100e+1,,7.490e-13,1.199e-13,,4.276e-23
421.56,1.122e+2,1.122e+2,,5.613e-13,1.198e-13,,4.276e-23
421.59,1.497e+2,1.497e+2,,5.066e-13,1.197e-13,,4.277e-23
421.61,1.786e+2,1.786e+2,,6.360e-13,1.196e-13,,4.278e-23
421.64,2.273e+2,2.273e+2,,1.188e-12,1.195e-13,,4.279e-23
421.66,2.630e+2,2.630e+2,,1.928e-12,1.195e-13,,4.279e-23
421.69,3.205e+2,3.205e+2,,4.004e-12,1.193e-13,,4.280e-23
421.71,3.606e+2,3.606e+2,,6.425e-12,1.193e-13,,4.281e-23
421.74,4.219e+2,4.219e+2,,1.267e-11,1.192e-13,,4.281e-23
421.76,4.622e+2,4.622e+2,,1.948e-11,1.191e-13,,4.282e-23
421.79,5.193e+2,5.193e+2,,3.594e-11,1.190e-13,,4.283e-23
421.81,5.536e+2,5.536e+2,,5.287e-11,1.189e-13,,4.284e-23
421.84,5.963e+2,5.963e+2,,9.120e-11,1.188e-13,,4.284e-23
421.86,6.174e+2,6.174e+2,,1.283e-10,1.187e-13,,4.285e-23
421.88,6.313e+2,6.313e+2,,1.772e-10,1.187e-13,,4.286e-23
421.91,6.373e+2,6.373e+2,,2.781e-10,1.185e-13,,4.287e-23
421.93,6.307e+2,6.307e+2,,3.674e-10,1.185e-13,,4.287e-23
421.96,6.050e+2,6.050e+2,,5.392e-10,1.184e-13,,4.288e-23
421.98,5.783e+2,5.783e+2,,6.809e-10,1.183e-13,,4.289e-23
422.01,5.263e+2,5.263e+2,,9.343e-10,1.182e-13,,4.289e-23
422.03,4.858e+2,4.858e+2,,1.128e-9,1.181e-13,,4.290e-23
422.06,4.208e+2,4.208e+2,,1.447e-9,1.180e-13,,4.291e-23
422.08,3.772e+2,3.772e+2,,1.671e-9,1.179e-13,,4.292e-23
422.11,3.160e+2,3.160e+2,,2.003e-9,1.178e-13,,4.292e-23
422.13,2.803e+2,2.803e+2,,2.211e-9,1.177e-13,,4.293e-23
422.16,2.374e+2,2.374e+2,,2.479e-9,1.176e-13,,4.294e-23
422.18,2.172e+2,2.172e+2,,2.617e-9,1.176e-13,,4.295e-23
422.21,2.007e+2,2.007e+2,,2.743e-9,1.175e-13,,4.295e-23
422.23,1.990e+2,1.990e+2,,2.768e-9,1.174e-13,,4.296e-23
422.26,2.100e+2,2.100e+2,,2.712e-9,1.173e-13,,4.297e-23
422.28,2.256e+2,2.256e+2,,2.617e-9,1.172e-13,,4.297e-23
422.31,2.603e+2,2.603e+2,,2.397e-9,1.171e-13,,4.298e-23
422.33,2.901e+2,2.901e+2,,2.211e-9,1.170e-13,,4.299e-23
422.36,3.436e+2,3.436e+2,,1.894e-9,1.169e-13,,4.300e-23
422.38,3.848e+2,3.848e+2,,1.671e-9,1.168e-13,,4.300e-23
422.40,4.302e+2,4.302e+2,,1.447e-9,1.168e-13,,4.301e-23
422.43,5.066e+2,5.066e+2,,1.128e-9,1.166e-13,,4.302e-23
422.45,5.633e+2,5.633e+2,,9.343e-10,1.166e-13,,4.303e-23
422.48,6.578e+2,6.578e+2,,6.809e-10,1.165e-13,,4.303e-23
422.50,7.272e+2,7.272e+2,,5.392e-10,1.164e-13,,4.304e-23
422.53,8.402e+2,8.402e+2,,3.674e-10,1.163e-13,,4.305e-23
422.55,9.203e+2,9.203e+2,,2.781e-10,1.162e-13,,4.305e-23
422.58,1.044e+3,1.044e+3,,1.772e-10,1.161e-13,,4.306e-23
422.60,1.126e+3,1.126e+3,,1.283e-10,1.160e-13,,4.307e-23
422.63,1.240e+3,1.240e+3,,7.638e-11,1.159e-13,,4.308e-23
422.65,1.305e+3,1.305e+3,,5.287e-11,1.158e-13,,4.308e-23
422.68,1.379e+3,1.379e+3,,2.944e-11,1.157e-13,,4.309e-23
422.70,1.408e+3,1.408e+3,,1.948e-11,1.157e-13,,4.310e-23
422.73,1.415e+3,1.415e+3,,1.014e-11,1.156e-13,,4.311e-23
422.75,1.394e+3,1.394e+3,,6.415e-12,1.155e-13,,4.311e-23
422.78,1.325e+3,1.325e+3,,3.122e-12,1.154e-13,,4.312e-23
422.80,1.255e+3,1.255e+3,,1.889e-12,1.153e-13,,4.313e-23
422.83,1.123e+3,1.123e+3,,8.593e-13,1.152e-13,,4.314e-23
422.85,1.021e+3,1.021e+3,,4.970e-13,1.151e-13,,4.314e-23
422.88,8.590e+2,8.590e+2,,2.114e-13,1.150e-13,,4.315e-23
422.90,7.501e+2,7.501e+2,,1.169e-13,1.149e-13,,4.316e-23
422.92,6.449e+2,6.449e+2,,6.351e-14,1.149e-13,,4.316e-23
422.95,5.008e+2,5.008e+2,,2.460e-14,1.148e-13,,4.317e-23
422.97,4.173e+2,4.173e+2,,1.281e-14,1.147e-13,,4.318e-23
423.00,3.146e+2,3.146e+2,,4.758e-15,1.146e-13,,4.319e-23
423.02,2.623e+2,2.623e+2,,2.589e-15,1.145e-13,,4.319e-23
423.05,2.083e+2,2.083e+2,,1.662e-15,1.144e-13,,4.320e-23
423.07,1.882e+2,1.882e+2,,2.175e-15,1.143e-13,,4.321e-23
423.10,1.801e+2,1.801e+2,,5.204e-15,1.142e-13,,4.322e-23
423.12,1.883e+2,1.883e+2,,9.974e-15,1.141e-13,,4.322e-23
423.15,2.185e+2,2.185e+2,,2.615e-14,1.140e-13,,4.323e-23
423.17,2.491e+2,2.491e+2,,4.875e-14,1.140e-13,,4.324e-23
423.20,3.083e+2,3.083e+2,,1.201e-13,1.138e-13,,4.325e-23
423.22,3.550e+2,3.550e+2,,2.142e-13,1.138e-13,,4.325e-23
423.25,4.333e+2,4.333e+2,,4.938e-13,1.137e-13,,4.326e-23
423.27,4.894e+2,4.894e+2,,8.425e-13,1.136e-13,,4.327e-23
423.30,5.771e+2,5.771e+2,,1.816e-12,1.135e-13,,4.328e-23
423.32,6.366e+2,6.366e+2,,2.964e-12,1.134e-13,,4.328e-23
423.35,7.258e+2,7.258e+2,,5.978e-12,1.133e-13,,4.329e-23
423.37,7.842e+2,7.842e+2,,9.331e-12,1.132e-13,,4.330e-23
423.39,8.409e+2,8.409e+2,,1.431e-11,1.132e-13,,4.330e-23
423.42,9.215e+2,9.215e+2,,2.628e-11,1.130e-13,,4.331e-23
423.44,9.710e+2,9.710e+2,,3.854e-11,1.130e-13,,4.332e-23
423.47,1.037e+3,1.037e+3,,6.621e-11,1.129e-13,,4.333e-23
423.49,1.073e+3,1.073e+3,,9.288e-11,1.128e-13,,4.333e-23
423.52,1.113e+3,1.113e+3,,1.493e-10,1.127e-13,,4.334e-23
423.54,1.129e+3,1.129e+3,,2.003e-10,1.126e-13,,4.335e-23
423.57,1.134e+3,1.134e+3,,3.011e-10,1.125e-13,,4.336e-23
423.59,1.124e+3,1.124e+3,,3.865e-10,1.124e-13,,4.336e-23
423.62,1.092e+3,1.092e+3,,5.435e-10,1.123e-13,,4.337e-23
423.64,1.059e+3,1.059e+3,,6.673e-10,1.122e-13,,4.338e-23
423.67,9.969e+2,9.969e+2,,8.781e-10,1.121e-13,,4.339e-23
423.69,9.496e+2,9.496e+2,,1.031e-9,1.121e-13,,4.339e-23
423.72,8.742e+2,8.742e+2,,1.270e-9,1.120e-13,,4.340e-23
423.74,8.236e+2,8.236e+2,,1.427e-9,1.119e-13,,4.341e-23
423.77,7.504e+2,7.504e+2,,1.645e-9,1.118e-13,,4.342e-23
423.79,7.044e+2,7.044e+2,,1.769e-9,1.117e-13,,4.342e-23
423.82,6.403e+2,6.403e+2,,1.909e-9,1.116e-13,,4.343e-23
423.84,6.004e+2,6.004e+2,,1.965e-9,1.115e-13,,4.344e-23
423.87,5.433e+2,5.433e+2,,1.987e-9,1.114e-13,,4.345e-23
423.89,5.062e+2,5.062e+2,,1.959e-9,1.113e-13,,4.345e-23
423.91,4.693e+2,4.693e+2,,1.898e-9,1.113e-13,,4.346e-23
423.94,4.132e+2,4.132e+2,,1.755e-9,1.112e-13,,4.347e-23
423.96,3.753e+2,3.753e+2,,1.632e-9,1.111e-13,,4.347e-23
423.99,3.181e+2,3.181e+2,,1.419e-9,1.110e-13,,4.348e-23
424.01,2.805e+2,2.805e+2,,1.268e-9,1.109e-13,,4.349e-23
424.04,2.264e+2,2.264e+2,,1.041e-9,1.108e-13,,4.350e-23
424.06,1.926e+2,1.926e+2,,8.969e-10,1.107e-13,,4.350e-23
424.09,1.468e+2,1.468e+2,,7.008e-10,1.106e-13,,4.351e-23
424.11,1.200e+2,1.200e+2,,5.866e-10,1.105e-13,,4.352e-23
424.14,8.611e+1,8.611e+1,,4.427e-10,1.104e-13,,4.353e-23
424.16,6.763e+1,6.763e+1,,3.651e-10,1.104e-13,,4.353e-23
424.19,4.579e+1,4.579e+1,,2.741e-10,1.102e-13,,4.354e-23
424.21,3.480e+1,3.480e+1,,2.285e-10,1.102e-13,,4.355e-23
424.24,2.296e+1,2.296e+1,,1.786e-10,1.101e-13,,4.356e-23
424.26,1.776e+1,1.776e+1,,1.556e-10,1.100e-13,,4.356e-23
424.29,1.347e+1,1.347e+1,,1.326e-10,1.099e-13,,4.357e-23
424.31,1.274e+1,1.274e+1,,1.233e-10,1.098e-13,,4.358e-23
424.34,1.473e+1,1.473e+1,,1.159e-10,1.097e-13,,4.359e-23
424.36,1.824e+1,1.824e+1,,1.144e-10,1.096e-13,,4.359e-23
424.39,2.718e+1,2.718e+1,,1.161e-10,1.095e-13,,4.360e-23
424.41,3.597e+1,3.597e+1,,1.197e-10,1.094e-13,,4.361e-23
424.43,4.737e+1,4.737e+1,,1.253e-10,1.094e-13,,4.361e-23
424.46,7.004e+1,7.004e+1,,1.380e-10,1.093e-13,,4.362e-23
424.48,8.926e+1,8.926e+1,,1.499e-10,1.092e-13,,4.363e-23
424.51,1.247e+2,1.247e+2,,1.746e-10,1.091e-13,,4.364e-23
424.53,1.529e+2,1.529e+2,,1.966e-10,1.090e-13,,4.364e-23
424.56,2.017e+2,2.017e+2,,2.403e-10,1.089e-13,,4.365e-23
424.58,2.383e+2,2.383e+2,,2.777e-10,1.088e-13,,4.366e-23
424.61,2.985e+2,2.985e+2,,3.483e-10,1.087e-13,,4.367e-23
424.63,3.418e+2,3.418e+2,,4.059e-10,1.086e-13,,4.367e-23
424.66,4.108e+2,4.108e+2,,5.079e-10,1.085e-13,,4.368e-23
424.68,4.596e+2,4.596e+2,,5.857e-10,1.085e-13,,4.369e-23
424.71,5.379e+2,5.379e+2,,7.138e-10,1.084e-13,,4.369e-23
424.73,5.944e+2,5.944e+2,,8.037e-10,1.083e-13,,4.370e-23
424.76,6.881e+2,6.881e+2,,9.383e-10,1.082e-13,,4.371e-23
424.78,7.580e+2,7.580e+2,,1.023e-9,1.081e-13,,4.372e-23
424.81,8.763e+2,8.763e+2,,1.133e-9,1.080e-13,,4.372e-23
424.83,9.649e+2,9.649e+2,,1.191e-9,1.079e-13,,4.373e-23
424.86,1.112e+3,1.112e+3,,1.246e-9,1.078e-13,,4.374e-23
424.88,1.217e+3,1.217e+3,,1.259e-9,1.077e-13,,4.375e-23
424.91,1.379e+3,1.379e+3,,1.243e-9,1.076e-13,,4.375e-23
424.93,1.485e+3,1.485e+3,,1.208e-9,1.076e-13,,4.376e-23
424.95,1.585e+3,1.585e+3,,1.157e-9,1.075e-13,,4.377e-23
424.98,1.712e+3,1.712e+3,,1.054e-9,1.074e-13,,4.377e-23
425.00,1.775e+3,1.775e+3,,9.728e-10,1.073e-13,,4.378e-23
425.03,1.827e+3,1.827e+3,,8.414e-10,1.072e-13,,4.379e-23
425.05,1.830e+3,1.830e+3,,7.521e-10,1.071e-13,,4.380e-23
425.08,1.784e+3,1.784e+3,,6.229e-10,1.070e-13,,4.380e-23
425.10,1.720e+3,1.720e+3,,5.432e-10,1.069e-13,,4.381e-23
425.13,1.580e+3,1.580e+3,,4.368e-10,1.068e-13,,4.382e-23
425.15,1.464e+3,1.464e+3,,3.758e-10,1.067e-13,,4.383e-23
425.18,1.266e+3,1.266e+3,,2.993e-10,1.066e-13,,4.383e-23
425.20,1.125e+3,1.125e+3,,2.578e-10,1.066e-13,,4.384e-23
425.23,9.143e+2,9.143e+2,,2.079e-10,1.065e-13,,4.385e-23
425.25,7.796e+2,7.796e+2,,1.817e-10,1.064e-13,,4.385e-23
425.28,5.947e+2,5.947e+2,,1.508e-10,1.063e-13,,4.386e-23
425.30,4.861e+2,4.861e+2,,1.347e-10,1.062e-13,,4.387e-23
425.33,3.481e+2,3.481e+2,,1.155e-10,1.061e-13,,4.388e-23
425.35,2.728e+2,2.728e+2,,1.053e-10,1.060e-13,,4.388e-23
425.38,1.833e+2,1.833e+2,,9.282e-11,1.059e-13,,4.389e-23
425.40,1.378e+2,1.378e+2,,8.601e-11,1.058e-13,,4.390e-23
425.42,1.019e+2,1.019e+2,,8.020e-11,1.058e-13,,4.391e-23
425.45,6.322e+1,6.322e+1,,7.308e-11,1.057e-13,,4.391e-23
425.47,4.558e+1,4.558e+1,,6.926e-11,1.056e-13,,4.392e-23
425.50,2.855e+1,2.855e+1,,6.478e-11,1.055e-13,,4.393e-23
425.52,2.230e+1,2.230e+1,,6.251e-11,1.054e-13,,4.393e-23
425.55,1.939e+1,1.939e+1,,6.002e-11,1.053e-13,,4.394e-23
425.57,2.159e+1,2.159e+1,,5.887e-11,1.052e-13,,4.395e-23
425.60,3.185e+1,3.185e+1,,5.772e-11,1.051e-13,,4.396e-23
425.62,4.434e+1,4.434e+1,,5.727e-11,1.050e-13,,4.396e-23
425.65,7.439e+1,7.439e+1,,5.702e-11,1.049e-13,,4.397e-23
425.67,1.042e+2,1.042e+2,,5.716e-11,1.049e-13,,4.398e-23
425.70,1.682e+2,1.682e+2,,5.796e-11,1.047e-13,,4.399e-23
425.72,2.267e+2,2.267e+2,,5.904e-11,1.047e-13,,4.399e-23
425.75,3.437e+2,3.437e+2,,6.184e-11,1.046e-13,,4.400e-23
425.77,4.438e+2,4.438e+2,,6.474e-11,1.045e-13,,4.401e-23
425.80,6.300e+2,6.300e+2,,7.114e-11,1.044e-13,,4.402e-23
425.82,7.784e+2,7.784e+2,,7.705e-11,1.043e-13,,4.402e-23
425.85,1.034e+3,1.034e+3,,8.885e-11,1.042e-13,,4.403e-23
425.87,1.223e+3,1.223e+3,,9.887e-11,1.041e-13,,4.404e-23
425.90,1.521e+3,1.521e+3,,1.173e-10,1.040e-13,,4.405e-23
425.92,1.721e+3,1.721e+3,,1.318e-10,1.039e-13,,4.405e-23
425.94,1.913e+3,1.913e+3,,1.479e-10,1.039e-13,,4.406e-23
425.97,2.169e+3,2.169e+3,,1.743e-10,1.038e-13,,4.407e-23
425.99,2.307e+3,2.307e+3,,1.927e-10,1.037e-13,,4.407e-23
426.02,2.448e+3,2.448e+3,,2.200e-10,1.036e-13,,4.408e-23
426.04,2.492e+3,2.492e+3,,2.371e-10,1.035e-13,,4.409e-23
426.07,2.475e+3,2.475e+3,,2.589e-10,1.034e-13,,4.410e-23
426.09,2.411e+3,2.411e+3,,2.699e-10,1.033e-13,,4.410e-23
426.12,2.242e+3,2.242e+3,,2.797e-10,1.032e-13,,4.411e-23
426.14,2.089e+3,2.089e+3,,2.811e-10,1.031e-13,,4.412e-23
426.17,1.818e+3,1.818e+3,,2.754e-10,1.030e-13,,4.413e-23
426.19,1.621e+3,1.621e+3,,2.665e-10,1.030e-13,,4.413e-23
426.22,1.321e+3,1.321e+3,,2.465e-10,1.029e-13,,4.414e-23
426.24,1.127e+3,1.127e+3,,2.296e-10,1.028e-13,,4.415e-23
426.27,8.596e+2,8.596e+2,,2.007e-10,1.027e-13,,4.416e-23
426.29,7.018e+2,7.018e+2,,1.803e-10,1.026e-13,,4.416e-23
426.32,5.010e+2,5.010e+2,,1.497e-10,1.025e-13,,4.417e-23
426.34,3.914e+2,3.914e+2,,1.303e-10,1.024e-13,,4.418e-23
426.37,2.615e+2,2.615e+2,,1.038e-10,1.023e-13,,4.419e-23
426.39,1.955e+2,1.955e+2,,8.832e-11,1.022e-13,,4.419e-23
426.42,1.223e+2,1.223e+2,,6.895e-11,1.021e-13,,4.420e-23
426.44,8.752e+1,8.752e+1,,5.860e-11,1.021e-13,,4.421e-23
426.46,6.159e+1,6.159e+1,,5.022e-11,1.020e-13,,4.421e-23
426.49,3.532e+1,3.532e+1,,4.099e-11,1.019e-13,,4.422e-23
426.51,2.405e+1,2.405e+1,,3.677e-11,1.018e-13,,4.423e-23
426.54,1.366e+1,1.366e+1,,3.272e-11,1.017e-13,,4.424e-23
426.56,9.919e+0,9.919e+0,,3.119e-11,1.016e-13,,4.424e-23
426.59,7.932e+0,7.932e+0,,3.003e-11,1.015e-13,,4.425e-23
426.61,8.796e+0,8.796e+0,,2.971e-11,1.014e-13,,4.426e-23
426.64,1.379e+1,1.379e+1,,2.941e-11,1.013e-13,,4.427e-23
426.66,2.031e+1,2.031e+1,,2.913e-11,1.013e-13,,4.427e-23
426.69,3.718e+1,3.718e+1,,2.832e-11,1.011e-13,,4.428e-23
426.71,5.515e+1,5.515e+1,,2.744e-11,1.011e-13,,4.429e-23
426.74,9.704e+1,9.704e+1,,2.562e-11,1.010e-13,,4.430e-23
426.76,1.386e+2,1.386e+2,,2.413e-11,1.009e-13,,4.430e-23
426.79,2.295e+2,2.295e+2,,2.172e-11,1.008e-13,,4.431e-23
426.81,3.144e+2,3.144e+2,,2.019e-11,1.007e-13,,4.432e-23
426.84,4.884e+2,4.884e+2,,1.844e-11,1.006e-13,,4.433e-23
426.86,6.415e+2,6.415e+2,,1.797e-11,1.005e-13,,4.433e-23
426.89,9.353e+2,9.353e+2,,1.902e-11,1.004e-13,,4.434e-23
426.91,1.177e+3,1.177e+3,,2.138e-11,1.003e-13,,4.435e-23
426.94,1.611e+3,1.611e+3,,2.850e-11,1.002e-13,,4.436e-23
426.96,1.944e+3,1.944e+3,,3.636e-11,1.002e-13,,4.436e-23
426.98,2.306e+3,2.306e+3,,4.737e-11,1.001e-13,,4.437e-23
427.01,2.885e+3,2.885e+3,,7.116e-11,9.998e-14,,4.438e-23
427.03,3.280e+3,3.280e+3,,9.277e-11,9.991e-14,,4.438e-23
427.06,3.850e+3,3.850e+3,,1.351e-10,9.980e-14,,4.439e-23
427.08,4.194e+3,4.194e+3,,1.706e-10,9.972e-14,,4.440e-23
427.11,4.617e+3,4.617e+3,,2.348e-10,9.962e-14,,4.441e-23
427.13,4.819e+3,4.819e+3,,2.844e-10,9.954e-14,,4.441e-23
427.16,4.976e+3,4.976e+3,,3.673e-10,9.943e-14,,4.442e-23
427.18,4.975e+3,4.975e+3,,4.261e-10,9.936e-14,,4.443e-23
427.21,4.817e+3,4.817e+3,,5.155e-10,9.925e-14,,4.444e-23
427.23,4.615e+3,4.615e+3,,5.727e-10,9.918e-14,,4.444e-23
427.26,4.189e+3,4.189e+3,,6.488e-10,9.907e-14,,4.445e-23
427.28,3.844e+3,3.844e+3,,6.898e-10,9.900e-14,,4.446e-23
427.31,3.272e+3,3.272e+3,,7.318e-10,9.889e-14,,4.447e-23
427.33,2.876e+3,2.876e+3,,7.448e-10,9.881e-14,,4.447e-23
427.36,2.294e+3,2.294e+3,,7.399e-10,9.871e-14,,4.448e-23
427.38,1.931e+3,1.931e+3,,7.207e-10,9.863e-14,,4.449e-23
427.41,1.444e+3,1.444e+3,,6.704e-10,9.852e-14,,4.449e-23
427.43,1.164e+3,1.164e+3,,6.251e-10,9.845e-14,,4.450e-23
427.45,9.224e+2,9.224e+2,,5.726e-10,9.838e-14,,4.451e-23
427.48,6.298e+2,6.298e+2,,4.859e-10,9.827e-14,,4.452e-23
427.50,4.779e+2,4.779e+2,,4.260e-10,9.820e-14,,4.452e-23
427.53,3.058e+2,3.058e+2,,3.385e-10,9.809e-14,,4.453e-23
427.55,2.222e+2,2.222e+2,,2.841e-10,9.801e-14,,4.454e-23
427.58,1.332e+2,1.332e+2,,2.114e-10,9.790e-14,,4.455e-23
427.60,9.273e+1,9.273e+1,,1.698e-10,9.783e-14,,4.455e-23
427.63,5.219e+1,5.219e+1,,1.183e-10,9.772e-14,,4.456e-23
427.65,3.490e+1,3.490e+1,,9.095e-11,9.765e-14,,4.457e-23
427.68,1.873e+1,1.873e+1,,5.934e-11,9.754e-14,,4.457e-23
427.70,1.242e+1,1.242e+1,,4.367e-11,9.747e-14,,4.458e-23
427.73,7.290e+0,7.290e+0,,2.668e-11,9.736e-14,,4.459e-23
427.75,5.905e+0,5.905e+0,,1.879e-11,9.729e-14,,4.460e-23
427.78,6.090e+0,6.090e+0,,1.075e-11,9.718e-14,,4.460e-23
427.80,7.568e+0,7.568e+0,,7.247e-12,9.710e-14,,4.461e-23
427.83,1.196e+1,1.196e+1,,3.883e-12,9.700e-14,,4.462e-23
427.85,1.660e+1,1.660e+1,,2.508e-12,9.692e-14,,4.463e-23
427.88,2.684e+1,2.684e+1,,1.264e-12,9.681e-14,,4.463e-23
427.90,3.635e+1,3.635e+1,,7.904e-13,9.674e-14,,4.464e-23
427.93,5.556e+1,5.556e+1,,4.006e-13,9.663e-14,,4.465e-23
427.95,7.216e+1,7.216e+1,,2.808e-13,9.656e-14,,4.465e-23
427.97,9.213e+1,9.213e+1,,2.412e-13,9.649e-14,,4.466e-23
428.00,1.286e+2,1.286e+2,,3.196e-13,9.638e-14,,4.467e-23
428.02,1.572e+2,1.572e+2,,4.823e-13,9.630e-14,,4.468e-23
428.05,2.056e+2,2.056e+2,,9.835e-13,9.619e-14,,4.468e-23
428.07,2.405e+2,2.405e+2,,1.589e-12,9.612e-14,,4.469e-23
428.10,2.946e+2,2.946e+2,,3.185e-12,9.601e-14,,4.470e-23
428.12,3.300e+2,3.300e+2,,4.964e-12,9.594e-14,,4.471e-23
428.15,3.786e+2,3.786e+2,,9.352e-12,9.583e-14,,4.471e-23
428.17,4.060e+2,4.060e+2,,1.396e-11,9.576e-14,,4.472e-23
428.20,4.363e+2,4.363e+2,,2.464e-11,9.565e-14,,4.473e-23
428.22,4.478e+2,4.478e+2,,3.522e-11,9.558e-14,,4.473e-23
428.25,4.508e+2,4.508e+2,,5.824e-11,9.547e-14,,4.474e-23
428.27,4.430e+2,4.430e+2,,7.968e-11,9.539e-14,,4.475e-23
428.30,4.176e+2,4.176e+2,,1.234e-10,9.528e-14,,4.476e-23
428.32,3.929e+2,3.929e+2,,1.617e-10,2.891e-13,,4.476e-23
428.35,3.470e+2,3.470e+2,,2.346e-10,1.478e-12,,4.477e-23
428.37,3.125e+2,3.125e+2,,2.943e-10,4.295e-12,,4.478e-23
428.40,2.585e+2,2.585e+2,,4.000e-10,2.058e-11,,4.479e-23
428.42,2.228e+2,2.228e+2,,4.803e-10,5.725e-11,,4.479e-23
428.45,1.727e+2,1.727e+2,,6.116e-10,2.571e-10,,4.480e-23
428.47,1.425e+2,1.425e+2,,7.030e-10,6.849e-10,,4.481e-23
428.49,1.156e+2,1.156e+2,,7.942e-10,1.793e-9,,4.481e-23
428.52,8.171e+1,8.171e+1,,9.229e-10,7.352e-9,,4.482e-23
428.54,6.344e+1,6.344e+1,,9.982e-10,1.843e-8,,4.483e-23
428.57,4.201e+1,4.201e+1,,1.087e-9,7.081e-8,,4.484e-23
428.59,3.123e+1,3.123e+1,,1.125e-9,1.700e-7,,4.484e-23
428.62,1.937e+1,1.937e+1,,1.147e-9,6.119e-7,,4.485e-23
428.64,1.378e+1,1.378e+1,,1.137e-9,1.407e-6,,4.486e-23
428.67,8.009e+0,8.009e+0,,1.087e-9,4.745e-6,,4.487e-23
428.69,5.460e+0,5.460e+0,,1.031e-9,1.044e-5,,4.487e-23
428.72,2.983e+0,2.983e+0,,9.229e-10,3.302e-5,,4.488e-23
428.74,1.963e+0,1.963e+0,,8.386e-10,6.959e-5,,4.489e-23
428.77,1.052e+0,1.052e+0,,7.030e-10,2.061e-4,,4.490e-23
428.79,7.289e-1,7.285e-1,,6.116e-10,4.160e-4,,4.490e-23
428.82,5.428e-1,5.417e-1,,4.803e-10,1.155e-3,,4.491e-23
428.84,5.876e-1,5.854e-1,,4.000e-10,2.232e-3,,4.492e-23
428.87,9.281e-1,9.223e-1,,2.943e-10,5.805e-3,,4.493e-23
428.89,1.392e+0,1.381e+0,,2.346e-10,1.074e-2,,4.493e-23
428.92,2.624e+0,2.597e+0,,1.617e-10,2.618e-2,,4.494e-23
428.94,3.967e+0,3.921e+0,,1.234e-10,4.640e-2,,4.495e-23
428.96,5.915e+0,5.835e+0,,9.262e-11,8.082e-2,,4.495e-23
428.99,1.045e+1,1.027e+1,,5.828e-11,1.798e-1,,4.496e-23
429.01,1.496e+1,1.466e+1,,4.190e-11,2.999e-1,,4.497e-23
429.04,2.481e+1,2.419e+1,,2.481e-11,6.253e-1,,4.498e-23
429.06,3.406e+1,3.306e+1,,1.724e-11,9.987e-1,,4.498e-23
429.09,5.308e+1,5.113e+1,,1.000e-11,1.951e+0,,4.499e-23
429.11,6.989e+1,6.691e+1,,7.243e-12,2.984e+0,,4.500e-23
429.14,1.024e+2,9.695e+1,,5.447e-12,5.463e+0,,4.501e-23
429.16,1.295e+2,1.215e+2,,5.622e-12,8.000e+0,,4.501e-23
429.19,1.787e+2,1.650e+2,,8.033e-12,1.372e+1,,4.502e-23
429.21,2.172e+2,1.979e+2,,1.138e-11,1.925e+1,,4.503e-23
429.24,2.828e+2,2.519e+2,,2.003e-11,3.094e+1,,4.504e-23
429.26,3.309e+2,2.894e+2,,2.909e-11,4.154e+1,,4.504e-23
429.29,4.076e+2,3.450e+2,,4.969e-11,6.258e+1,,4.505e-23
429.31,4.602e+2,3.797e+2,,6.962e-11,8.047e+1,,4.506e-23
429.34,5.379e+2,4.244e+2,,1.118e-10,1.136e+2,,4.507e-23
429.36,5.872e+2,4.474e+2,,1.502e-10,1.398e+2,,4.507e-23
429.39,6.541e+2,4.691e+2,,2.261e-10,1.850e+2,,4.508e-23
429.41,6.923e+2,4.742e+2,,2.907e-10,2.181e+2,,4.509e-23
429.44,7.380e+2,4.677e+2,,4.103e-10,2.703e+2,,4.510e-23
429.46,7.598e+2,4.547e+2,,5.052e-10,3.052e+2,,4.510e-23
429.48,7.746e+2,4.359e+2,,6.113e-10,3.386e+2,,4.511e-23
429.51,7.836e+2,4.005e+2,,7.876e-10,3.831e+2,,4.512e-23
429.53,7.818e+2,3.747e+2,,9.126e-10,4.071e+2,,4.512e-23
429.56,7.694e+2,3.377e+2,,1.102e-9,4.317e+2,,4.513e-23
429.58,7.566e+2,3.174e+2,,1.223e-9,4.392e+2,,4.514e-23
429.61,7.343e+2,2.979e+2,,1.383e-9,4.364e+2,,4.515e-23
429.63,7.198e+2,2.946e+2,,1.470e-9,4.252e+2,,4.515e-23
429.66,7.026e+2,3.068e+2,,1.558e-9,3.958e+2,,4.516e-23
429.68,6.963e+2,3.270e+2,,1.586e-9,3.693e+2,,4.517e-23
429.71,6.972e+2,3.750e+2,,1.575e-9,3.222e+2,,4.518e-23
429.73,7.053e+2,4.175e+2,,1.535e-9,2.878e+2,,4.518e-23
429.76,7.281e+2,4.929e+2,,1.429e-9,2.353e+2,,4.519e-23
429.78,7.490e+2,5.477e+2,,1.333e-9,2.013e+2,,4.520e-23
429.81,7.846e+2,6.305e+2,,1.163e-9,1.542e+2,,4.521e-23
429.83,8.081e+2,6.818e+2,,1.040e-9,1.263e+2,,4.521e-23
429.86,8.367e+2,7.460e+2,,8.502e-10,9.065e+1,,4.522e-23
429.88,8.479e+2,7.768e+2,,7.278e-10,7.111e+1,,4.523e-23
429.91,8.483e+2,8.005e+2,,5.587e-10,4.783e+1,,4.524e-23
429.93,8.357e+2,7.997e+2,,4.592e-10,3.593e+1,,4.524e-23
429.96,7.962e+2,7.736e+2,,3.335e-10,2.264e+1,,4.525e-23
429.98,7.569e+2,7.406e+2,,2.662e-10,1.629e+1,,4.526e-23
430.00,7.084e+2,6.969e+2,,2.122e-10,1.151e+1,,4.526e-23
430.03,6.226e+2,6.159e+2,,1.556e-10,6.625e+0,,4.527e-23
430.05,5.596e+2,5.551e+2,,1.335e-10,4.485e+0,,4.528e-23
430.08,4.623e+2,4.599e+2,,1.233e-10,2.418e+0,,4.529e-23
430.10,3.986e+2,3.971e+2,,1.318e-10,1.568e+0,,4.529e-23
430.13,3.093e+2,3.085e+2,,1.686e-10,7.920e-1,,4.530e-23
430.15,2.559e+2,2.554e+2,,2.103e-10,4.916e-1,,4.531e-23
430.18,1.871e+2,1.868e+2,,3.005e-10,2.327e-1,,4.532e-23
430.20,1.494e+2,1.493e+2,,3.805e-10,1.383e-1,,4.532e-23
430.23,1.055e+2,1.055e+2,,5.312e-10,6.137e-2,,4.533e-23
430.25,8.465e+1,8.461e+1,,6.517e-10,3.493e-2,,4.534e-23
430.28,6.582e+1,6.581e+1,,8.595e-10,1.452e-2,,4.535e-23
430.30,6.191e+1,6.190e+1,,1.012e-9,7.914e-3,,4.535e-23
430.33,7.049e+1,7.048e+1,,1.253e-9,3.083e-3,,4.536e-23
430.35,8.750e+1,8.750e+1,,1.414e-9,1.609e-3,,4.537e-23
430.38,1.345e+2,1.345e+2,,1.641e-9,5.872e-4,,4.537e-23
430.40,1.837e+2,1.837e+2,,1.774e-9,2.935e-4,,4.538e-23
430.43,2.923e+2,2.923e+2,,1.930e-9,1.004e-4,,4.539e-23
430.45,3.933e+2,3.933e+2,,1.998e-9,4.804e-5,,4.540e-23
430.48,5.968e+2,5.968e+2,,2.039e-9,1.539e-5,,4.540e-23
430.50,7.724e+2,7.724e+2,,2.023e-9,7.055e-6,,4.541e-23
430.52,9.829e+2,9.829e+2,,1.974e-9,3.178e-6,,4.542e-23
430.55,1.367e+3,1.367e+3,,1.846e-9,9.297e-7,,4.543e-23
430.57,1.666e+3,1.666e+3,,1.731e-9,4.010e-7,,4.543e-23
430.60,2.172e+3,2.172e+3,,1.531e-9,1.099e-7,,4.544e-23
430.62,2.537e+3,2.537e+3,,1.389e-9,4.540e-8,,4.545e-23
430.65,3.100e+3,3.100e+3,,1.185e-9,1.166e-8,,4.545e-23
430.67,3.467e+3,3.467e+3,,1.065e-9,4.613e-9,,4.546e-23
430.70,3.971e+3,3.971e+3,,9.227e-10,1.111e-9,,4.547e-23
430.72,4.255e+3,4.255e+3,,8.615e-10,4.206e-10,,4.548e-23
430.75,4.569e+3,4.569e+3,,8.288e-10,9.487e-11,,4.548e-23
430.77,4.688e+3,4.688e+3,,8.491e-10,3.440e-11,,4.549e-23
430.80,4.719e+3,4.719e+3,,9.429e-10,7.272e-12,,4.550e-23
430.82,4.638e+3,4.638e+3,,1.045e-9,2.525e-12,,4.551e-23
430.85,4.376e+3,4.376e+3,,1.249e-9,5.002e-13,,4.551e-23
430.87,4.120e+3,4.120e+3,,1.411e-9,1.663e-13,,4.552e-23
430.90,3.643e+3,3.643e+3,,1.676e-9,1.710e-13,,4.553e-23
430.92,3.285e+3,3.285e+3,,1.855e-9,1.742e-13,,4.553e-23
430.95,2.724e+3,2.724e+3,,2.106e-9,1.789e-13,,4.554e-23
430.97,2.352e+3,2.352e+3,,2.249e-9,1.821e-13,,4.555e-23
430.99,1.997e+3,1.997e+3,,2.364e-9,1.852e-13,,4.556e-23
431.02,1.512e+3,1.512e+3,,2.470e-9,1.900e-13,,4.556e-23
431.04,1.229e+3,1.229e+3,,2.489e-9,1.931e-13,,4.557e-23
431.07,8.727e+2,8.727e+2,,2.440e-9,1.978e-13,,4.558e-23
431.09,6.797e+2,6.797e+2,,2.357e-9,2.010e-13,,4.559e-23
431.12,4.523e+2,4.523e+2,,2.167e-9,2.057e-13,,4.559e-23
431.14,3.373e+2,3.373e+2,,2.006e-9,2.089e-13,,4.560e-23
431.17,2.104e+2,2.104e+2,,1.729e-9,2.136e-13,,4.561e-23
431.19,1.503e+2,1.503e+2,,1.532e-9,2.168e-13,,4.561e-23
431.22,8.789e+1,8.789e+1,,1.238e-9,2.215e-13,,4.562e-23
431.24,6.015e+1,6.015e+1,,1.051e-9,2.246e-13,,4.563e-23
431.27,3.296e+1,3.296e+1,,7.963e-10,2.294e-13,,4.564e-23
431.29,2.161e+1,2.161e+1,,6.476e-10,2.325e-13,,4.564e-23
431.32,1.110e+1,1.110e+1,,4.599e-10,2.372e-13,,4.565e-23
431.34,6.968e+0,6.968e+0,,3.582e-10,2.404e-13,,1.375e-22
431.37,3.356e+0,3.356e+0,,2.385e-10,2.451e-13,,6.965e-22
431.39,2.018e+0,2.018e+0,,1.780e-10,2.483e-13,,2.011e-21
431.42,9.109e-1,9.109e-1,,1.111e-10,2.530e-13,,9.549e-21
431.44,5.246e-1,5.246e-1,,7.937e-11,2.562e-13,,2.641e-20
431.47,2.220e-1,2.220e-1,,4.644e-11,2.609e-13,,1.176e-19
431.49,1.225e-1,1.225e-1,,3.179e-11,2.640e-13,,3.118e-19
431.51,6.639e-2,6.639e-2,,2.139e-11,2.672e-13,,8.122e-19
431.54,2.566e-2,2.566e-2,,1.143e-11,2.719e-13,,3.308e-18
431.56,1.333e-2,1.333e-2,,7.369e-12,2.751e-13,,8.256e-18
431.59,4.833e-3,4.833e-3,,3.692e-12,2.798e-13,,3.153e-17
431.61,2.412e-3,2.412e-3,,2.279e-12,2.830e-13,,7.541e-17
431.64,8.493e-4,8.493e-4,,1.071e-12,2.877e-13,,2.701e-16
431.66,4.629e-4,4.629e-4,,6.331e-13,2.908e-13,,6.190e-16
431.69,3.606e-4,3.606e-4,,2.788e-13,2.956e-13,,2.080e-15
431.71,5.591e-4,5.591e-4,,1.579e-13,2.987e-13,,4.567e-15
431.74,1.522e-3,1.522e-3,,6.518e-14,3.034e-13,,1.439e-14
431.76,3.067e-3,3.067e-3,,3.537e-14,3.066e-13,,3.027e-14
431.79,8.594e-3,8.594e-3,,1.369e-14,3.113e-13,,8.946e-14
431.81,1.674e-2,1.674e-2,,7.112e-15,3.145e-13,,1.803e-13
431.84,4.409e-2,4.409e-2,,2.580e-15,3.192e-13,,4.998e-13
431.86,8.230e-2,8.230e-2,,1.284e-15,3.224e-13,,9.654e-13
431.89,2.033e-1,2.033e-1,,4.367e-16,3.271e-13,,2.510e-12
431.91,3.636e-1,3.636e-1,,2.082e-16,3.302e-13,,4.644e-12
431.94,8.423e-1,8.423e-1,,6.639e-17,3.350e-13,,1.132e-11
431.96,1.443e+0,1.443e+0,,3.032e-17,3.381e-13,,2.008e-11
431.99,3.136e+0,3.136e+0,,9.062e-18,3.428e-13,,4.592e-11
432.01,5.150e+0,5.150e+0,,3.964e-18,3.460e-13,,7.801e-11
432.03,8.313e+0,8.313e+0,,1.705e-18,3.492e-13,,1.303e-10
432.06,1.651e+1,1.651e+1,,4.654e-19,3.539e-13,,2.724e-10
432.08,2.553e+1,2.553e+1,,1.917e-19,3.570e-13,,4.359e-10
432.11,4.756e+1,4.756e+1,,4.906e-20,3.618e-13,,8.545e-10
432.13,7.049e+1,7.049e+1,,1.936e-20,3.649e-13,,1.310e-9
432.16,1.231e+2,1.231e+2,,4.644e-21,3.696e-13,,2.409e-9
432.18,1.748e+2,1.748e+2,,1.755e-21,3.728e-13,,3.540e-9
432.21,2.865e+2,2.865e+2,,3.947e-22,3.775e-13,,6.105e-9
432.23,3.898e+2,3.898e+2,,1.429e-22,3.807e-13,,8.594e-9
432.26,5.990e+2,5.990e+2,,3.013e-23,3.854e-13,,1.390e-8
432.28,7.807e+2,7.807e+2,,1.045e-23,3.886e-13,,1.875e-8
432.31,1.125e+3,1.125e+3,,2.065e-24,3.933e-13,,2.844e-8
432.33,1.405e+3,1.405e+3,,2.055e-24,3.964e-13,,3.676e-8
432.36,1.900e+3,1.900e+3,,2.041e-24,4.012e-13,,5.230e-8
432.38,2.273e+3,2.273e+3,,2.032e-24,4.043e-13,,6.476e-8
432.41,2.882e+3,2.882e+3,,2.018e-24,4.090e-13,,8.642e-8
432.43,3.305e+3,3.305e+3,,2.008e-24,4.122e-13,,1.025e-7
432.46,3.930e+3,3.930e+3,,1.994e-24,4.169e-13,,1.283e-7
432.48,4.317e+3,4.317e+3,,1.985e-24,4.201e-13,,1.459e-7
432.51,4.814e+3,4.814e+3,,1.971e-24,4.248e-13,,1.713e-7
432.53,5.068e+3,5.068e+3,,1.961e-24,4.280e-13,,1.865e-7
432.55,5.244e+3,5.244e+3,,1.952e-24,4.311e-13,,1.997e-7
432.58,5.346e+3,5.346e+3,,1.938e-24,4.358e-13,,2.143e-7
432.60,5.301e+3,5.301e+3,,1.928e-24,4.390e-13,,2.199e-7
432.63,5.068e+3,5.068e+3,,1.914e-24,4.437e-13,,2.213e-7
432.65,4.814e+3,4.814e+3,,1.905e-24,4.469e-13,,2.176e-7
432.68,4.317e+3,4.317e+3,,1.891e-24,4.516e-13,,2.054e-7
432.70,3.930e+3,3.930e+3,,1.881e-24,4.548e-13,,1.934e-7
432.73,3.305e+3,3.305e+3,,1.867e-24,4.595e-13,,1.713e-7
432.75,2.882e+3,2.882e+3,,1.858e-24,4.626e-13,,1.546e-7
432.78,2.273e+3,2.273e+3,,1.844e-24,4.674e-13,,1.283e-7
432.80,1.900e+3,1.900e+3,,1.834e-24,4.705e-13,,1.110e-7
432.83,1.405e+3,1.405e+3,,1.820e-24,4.752e-13,,8.642e-8
432.85,1.125e+3,1.125e+3,,1.811e-24,4.784e-13,,7.161e-8
432.88,7.807e+2,7.807e+2,,1.797e-24,4.831e-13,,5.230e-8
432.90,5.990e+2,5.990e+2,,1.787e-24,4.863e-13,,4.152e-8
432.93,3.898e+2,3.898e+2,,1.773e-24,4.910e-13,,2.844e-8
432.95,2.865e+2,2.865e+2,,1.764e-24,4.942e-13,,2.164e-8
432.98,1.748e+2,1.748e+2,,1.750e-24,4.989e-13,,1.390e-8
433.00,1.231e+2,1.231e+2,,1.740e-24,5.020e-13,,1.013e-8
433.02,8.526e+1,8.526e+1,,1.731e-24,5.052e-13,,7.259e-9
433.05,4.756e+1,4.756e+1,,1.717e-24,5.099e-13,,4.263e-9
433.07,3.155e+1,3.155e+1,,1.707e-24,5.131e-13,,2.927e-9
433.10,1.651e+1,1.651e+1,,1.693e-24,5.178e-13,,1.612e-9
433.12,1.049e+1,1.049e+1,,1.684e-24,5.210e-13,,1.060e-9
433.15,5.150e+0,5.150e+0,,1.670e-24,5.257e-13,,5.479e-10
433.17,3.136e+0,3.136e+0,,1.660e-24,5.288e-13,,3.453e-10
433.20,1.443e+0,1.443e+0,,1.646e-24,5.336e-13,,1.673e-10
433.22,8.423e-1,8.423e-1,,1.637e-24,5.367e-13,,1.010e-10
433.25,3.636e-1,3.636e-1,,1.623e-24,5.414e-13,,4.592e-11
433.27,2.033e-1,2.033e-1,,1.613e-24,5.446e-13,,2.657e-11
433.30,8.230e-2,8.230e-2,,1.599e-24,5.493e-13,,1.132e-11
433.32,4.409e-2,4.409e-2,,1.590e-24,5.525e-13,,6.278e-12
433.35,1.674e-2,1.674e-2,,1.576e-24,5.572e-13,,2.510e-12
433.37,8.592e-3,8.592e-3,,1.566e-24,5.604e-13,,1.333e-12
433.40,3.060e-3,3.060e-3,,1.552e-24,5.651e-13,,4.998e-13
433.42,1.505e-3,1.505e-3,,1.543e-24,5.682e-13,,2.544e-13
433.45,5.026e-4,5.026e-4,,1.529e-24,5.730e-13,,8.946e-14
433.47,2.368e-4,2.368e-4,,1.519e-24,5.761e-13,,4.363e-14
433.50,7.419e-5,7.419e-5,,1.505e-24,5.808e-13,,1.439e-14
433.52,3.350e-5,3.350e-5,,1.496e-24,5.840e-13,,6.723e-15
433.54,1.487e-5,1.487e-5,,1.486e-24,5.871e-13,,3.088e-15
433.57,4.257e-6,4.257e-6,,1.472e-24,5.919e-13,,9.311e-16
433.59,1.810e-6,1.810e-6,,1.463e-24,5.950e-13,,4.098e-16
433.62,4.862e-7,4.862e-7,,1.449e-24,5.998e-13,,1.159e-16
433.64,1.981e-7,1.981e-7,,1.439e-24,6.029e-13,,4.887e-17
433.67,4.990e-8,4.990e-8,,1.425e-24,6.076e-13,,1.296e-17
433.69,1.948e-8,1.948e-8,,1.416e-24,6.108e-13,,5.237e-18
433.72,4.603e-9,4.603e-9,,1.402e-24,6.155e-13,,1.303e-18
433.74,1.722e-9,1.722e-9,,1.392e-24,6.187e-13,,5.043e-19
433.77,3.815e-10,3.815e-10,,1.378e-24,6.234e-13,,1.176e-19
433.79,1.367e-10,1.367e-10,,1.369e-24,6.266e-13,,4.364e-20
433.82,2.841e-11,2.841e-11,,1.355e-24,6.313e-13,,9.549e-21
433.84,9.757e-12,9.757e-12,,1.345e-24,6.344e-13,,3.394e-21
433.87,6.965e-22,9.693e-12,,1.331e-24,6.392e-13,,6.965e-22
433.89,2.372e-22,9.651e-12,,1.322e-24,6.423e-13,,2.372e-22
435.90,3.765e-25,5.383e-12,,3.765e-25,9.591e-13,,
435.92,1.461e-24,5.340e-12,,1.461e-24,9.623e-13,,
435.95,8.053e-24,5.277e-12,,8.053e-24,9.670e-13,,
435.97,2.364e-23,5.234e-12,,2.364e-23,9.702e-13,,
436.00,1.115e-22,5.171e-12,,1.115e-22,9.749e-13,,
436.02,3.070e-22,5.128e-12,,3.070e-22,9.780e-13,,
436.05,1.361e-21,5.064e-12,,1.361e-21,9.828e-13,,
436.07,3.596e-21,5.022e-12,,3.596e-21,9.859e-13,,
436.09,9.347e-21,4.980e-12,,9.347e-21,9.891e-13,,
436.12,3.798e-20,4.916e-12,,3.798e-20,9.938e-13,,
436.14,9.472e-20,4.873e-12,,9.472e-20,9.969e-13,,
436.17,3.617e-19,4.810e-12,,3.617e-19,1.002e-12,,
436.19,8.656e-19,4.767e-12,,8.656e-19,1.005e-12,,
436.22,3.107e-18,4.704e-12,,3.107e-18,1.010e-12,,
436.24,7.135e-18,4.661e-12,,7.135e-18,1.013e-12,,
436.27,2.408e-17,4.597e-12,,2.408e-17,1.017e-12,,
436.29,5.305e-17,4.555e-12,,5.305e-17,1.021e-12,,
436.32,1.683e-16,4.491e-12,,1.683e-16,1.025e-12,,
436.34,3.559e-16,4.449e-12,,3.559e-16,1.028e-12,,
436.37,1.061e-15,4.385e-12,,1.061e-15,1.033e-12,,
436.39,2.153e-15,4.343e-12,,2.153e-15,1.036e-12,,
436.42,6.036e-15,4.279e-12,,6.036e-15,1.041e-12,,
436.44,1.176e-14,4.236e-12,,1.176e-14,1.044e-12,,
436.47,3.098e-14,4.173e-12,,3.098e-14,1.049e-12,,
436.49,5.792e-14,4.130e-12,,5.792e-14,1.052e-12,,
436.52,1.435e-13,4.067e-12,,1.435e-13,1.057e-12,,
436.54,2.575e-13,4.024e-12,,2.575e-13,1.060e-12,,
436.56,4.544e-13,3.982e-12,,4.544e-13,1.063e-12,,
436.59,1.033e-12,3.918e-12,,1.033e-12,1.068e-12,,
436.61,1.750e-12,3.875e-12,,1.750e-12,1.071e-12,,
436.64,3.741e-12,3.812e-12,,3.741e-12,1.076e-12,,
436.66,6.083e-12,3.769e-12,,6.083e-12,1.079e-12,,
436.69,1.223e-11,3.706e-12,,1.223e-11,1.084e-12,,
436.71,1.909e-11,3.663e-12,,1.909e-11,1.087e-12,,
436.74,3.610e-11,3.599e-12,,3.610e-11,1.092e-12,,
436.76,5.408e-11,3.557e-12,,5.408e-11,1.095e-12,,
436.79,9.619e-11,3.493e-12,,9.619e-11,1.099e-12,,
436.81,1.384e-10,3.451e-12,,1.384e-10,1.103e-12,,
436.84,2.314e-10,3.387e-12,,2.314e-10,1.107e-12,,
436.86,3.196e-10,3.345e-12,,3.196e-10,1.110e-12,,
436.89,5.029e-10,3.281e-12,,5.029e-10,1.115e-12,,
436.91,6.666e-10,3.239e-12,,6.666e-10,1.118e-12,,
436.94,9.868e-10,3.175e-12,,9.868e-10,1.123e-12,,
436.96,1.256e-9,3.132e-12,,1.256e-9,1.126e-12,,
436.99,1.749e-9,3.069e-12,,1.749e-9,1.131e-12,,
437.01,2.137e-9,3.026e-12,,2.137e-9,1.134e-12,,
437.04,2.803e-9,2.962e-12,,2.800e-9,1.139e-12,,
437.06,3.293e-9,8.745e-12,,3.285e-9,1.142e-12,,
437.08,3.817e-9,2.539e-11,,3.791e-9,1.145e-12,,
437.11,4.682e-9,1.217e-10,,4.560e-9,1.150e-12,,
437.13,5.393e-9,3.390e-10,,5.054e-9,1.153e-12,,
437.16,7.247e-9,1.527e-9,,5.720e-9,1.158e-12,,
437.18,1.017e-8,4.079e-9,,6.087e-9,1.161e-12,,
437.21,2.374e-8,1.726e-8,,6.481e-9,1.166e-12,,
437.23,5.085e-8,4.422e-8,,6.622e-9,1.169e-12,,
437.26,1.824e-7,1.758e-7,,6.634e-9,1.173e-12,,
437.28,4.386e-7,4.321e-7,,6.508e-9,1.177e-12,,
437.31,1.620e-6,1.614e-6,,6.135e-9,1.181e-12,,
437.33,3.811e-6,3.805e-6,,5.779e-9,1.185e-12,,
437.36,1.336e-5,1.335e-5,,5.125e-9,1.189e-12,,
437.38,3.020e-5,3.019e-5,,4.636e-9,1.192e-12,,
437.41,9.952e-5,9.952e-5,,3.868e-9,1.197e-12,,
437.43,2.159e-4,2.159e-4,,3.359e-9,1.200e-12,,
437.46,6.685e-4,6.685e-4,,2.637e-9,1.205e-12,,
437.48,1.391e-3,1.391e-3,,2.199e-9,1.208e-12,,
437.51,4.047e-3,4.047e-3,,1.624e-9,1.213e-12,,
437.53,8.077e-3,8.077e-3,,1.301e-9,1.216e-12,,
437.56,2.208e-2,2.208e-2,,9.037e-10,1.221e-12,,
437.58,4.226e-2,4.226e-2,,6.947e-10,1.224e-12,,
437.60,7.958e-2,7.958e-2,,5.254e-10,1.227e-12,,
437.63,1.993e-1,1.993e-1,,3.352e-10,1.232e-12,,
437.65,3.599e-1,3.599e-1,,2.434e-10,1.235e-12,,
437.68,8.468e-1,8.468e-1,,1.460e-10,1.240e-12,,
437.70,1.467e+0,1.467e+0,,1.018e-10,1.243e-12,,
437.73,3.243e+0,3.243e+0,,5.747e-11,1.248e-12,,
437.75,5.389e+0,5.389e+0,,3.846e-11,1.251e-12,,
437.78,1.119e+1,1.119e+1,,2.042e-11,1.255e-12,,
437.80,1.784e+1,1.784e+1,,1.312e-11,1.259e-12,,
437.83,3.480e+1,3.480e+1,,6.551e-12,1.263e-12,,
437.85,5.321e+1,5.321e+1,,4.040e-12,1.266e-12,,
437.88,9.751e+1,9.751e+1,,1.897e-12,1.271e-12,,
437.90,1.430e+2,1.430e+2,,1.123e-12,1.274e-12,,
437.93,2.462e+2,2.462e+2,,4.961e-13,1.279e-12,,
437.95,3.464e+2,3.464e+2,,2.819e-13,1.282e-12,,
437.98,5.603e+2,5.603e+2,,1.171e-13,1.287e-12,,
438.00,7.562e+2,7.562e+2,,6.385e-14,1.290e-12,,
438.03,1.149e+3,1.149e+3,,2.494e-14,1.295e-12,,
438.05,1.487e+3,1.487e+3,,1.305e-14,1.298e-12,,
438.08,2.123e+3,2.123e+3,,4.793e-15,1.303e-12,,
438.10,2.637e+3,2.637e+3,,2.408e-15,1.306e-12,,
438.12,3.220e+3,3.220e+3,,1.190e-15,1.309e-12,,
438.15,4.212e+3,4.212e+3,,4.008e-16,1.314e-12,,
438.17,4.934e+3,4.934e+3,,1.901e-16,1.317e-12,,
438.20,6.063e+3,6.063e+3,,6.019e-17,1.322e-12,,
438.22,6.813e+3,6.813e+3,,2.739e-17,1.325e-12,,
438.25,7.865e+3,7.865e+3,,8.154e-18,1.330e-12,,
438.27,8.477e+3,8.477e+3,,3.561e-18,1.333e-12,,
438.30,9.194e+3,9.194e+3,,9.964e-19,1.337e-12,,
438.32,9.506e+3,9.506e+3,,4.176e-19,1.341e-12,,
438.35,9.686e+3,9.686e+3,,1.098e-19,1.345e-12,,
438.37,9.606e+3,9.606e+3,,4.416e-20,1.348e-12,,
438.40,9.196e+3,9.196e+3,,1.092e-20,1.353e-12,,
438.42,8.749e+3,8.749e+3,,4.212e-21,1.356e-12,,
438.45,7.869e+3,7.869e+3,,9.786e-22,1.361e-12,,
438.47,7.183e+3,7.183e+3,,3.623e-22,1.364e-12,,
438.50,6.073e+3,6.073e+3,,7.910e-23,1.369e-12,,
438.52,5.320e+3,5.320e+3,,2.767e-23,1.372e-12,,
438.55,4.231e+3,4.231e+3,,5.487e-24,1.377e-12,,
438.57,3.560e+3,3.560e+3,,1.619e-24,1.380e-12,,
438.59,2.949e+3,2.949e+3,,,1.383e-12,,
438.62,2.163e+3,2.163e+3,,,1.388e-12,,
438.64,1.729e+3,1.729e+3,,,1.391e-12,,
438.67,1.209e+3,1.209e+3,,,1.396e-12,,
438.69,9.410e+2,9.410e+2,,,1.399e-12,,
438.72,6.408e+2,6.408e+2,,,1.404e-12,,
438.74,4.965e+2,4.965e+2,,,1.407e-12,,
438.77,3.442e+2,3.442e+2,,,1.411e-12,,
438.79,2.751e+2,2.751e+2,,,1.415e-12,,
438.82,2.051e+2,2.051e+2,,,1.419e-12,,
438.84,1.739e+2,1.739e+2,,,1.423e-12,,
438.87,1.413e+2,1.413e+2,,,7.076e-12,,
438.89,1.254e+2,1.254e+2,,,2.020e-11,,
438.92,1.062e+2,1.062e+2,,,9.443e-11,,
438.94,9.504e+1,9.504e+1,,,2.586e-10,,
438.97,7.961e+1,7.961e+1,,,1.137e-9,,
438.99,6.990e+1,6.990e+1,,,2.987e-9,,
439.02,5.619e+1,5.619e+1,,,1.234e-8,,
439.04,4.775e+1,4.775e+1,,,3.111e-8,,
439.07,3.636e+1,3.636e+1,,,1.208e-7,,
439.09,2.973e+1,2.973e+1,,,2.923e-7,,
439.11,2.392e+1,2.392e+1,,,6.957e-7,,
439.14,1.675e+1,1.675e+1,,,2.477e-6,,
439.16,1.294e+1,1.294e+1,,,5.657e-6,,
439.19,8.522e+0,8.522e+0,,,1.893e-5,,
439.21,6.318e+0,6.318e+0,,,4.148e-5,,
439.24,3.910e+0,3.910e+0,,,1.305e-4,,
439.26,2.781e+0,2.781e+0,,,2.744e-4,,
439.29,1.618e+0,1.617e+0,,,8.111e-4,,
439.31,1.105e+0,1.103e+0,,,1.637e-3,,
439.34,6.075e-1,6.029e-1,,,4.548e-3,,
439.36,4.035e-1,3.947e-1,,,8.805e-3,,
439.39,2.256e-1,2.026e-1,,,2.300e-2,,
439.41,1.700e-1,1.272e-1,,,4.273e-2,,
439.44,1.663e-1,6.138e-2,,,1.049e-1,,
439.46,2.240e-1,3.698e-2,,,1.870e-1,,
439.49,4.483e-1,1.677e-2,,,4.315e-1,,
439.51,7.478e-1,9.707e-3,,,7.381e-1,,
439.54,1.605e+0,4.197e-3,,,1.601e+0,,
439.56,2.630e+0,2.442e-3,,,2.628e+0,,
439.59,5.358e+0,1.387e-3,,,5.357e+0,,
439.61,8.438e+0,1.453e-3,,,8.437e+0,,
439.63,1.307e+1,2.203e-3,,,1.307e+1,,
439.66,2.444e+1,5.500e-3,,,2.443e+1,,
439.68,3.633e+1,1.051e-2,,,3.632e+1,,
439.71,6.384e+1,2.730e-2,,,6.381e+1,,
439.73,9.107e+1,5.064e-2,,,9.102e+1,,
439.76,1.505e+2,1.241e-1,,,1.503e+2,,
439.78,2.060e+2,2.211e-1,,,2.057e+2,,
439.81,3.199e+2,5.096e-1,,,3.194e+2,,
439.83,4.203e+2,8.711e-1,,,4.195e+2,,
439.86,6.139e+2,1.887e+0,,,6.120e+2,,
439.88,7.744e+2,3.095e+0,,,7.713e+2,,
439.91,1.064e+3,6.304e+0,,,1.058e+3,,
439.93,1.289e+3,9.922e+0,,,1.279e+3,,
439.96,1.668e+3,1.899e+1,,,1.649e+3,,
439.98,1.942e+3,2.869e+1,,,1.913e+3,,
440.01,2.370e+3,5.163e+1,,,2.318e+3,,
440.03,2.656e+3,7.482e+1,,,2.581e+3,,
440.06,3.066e+3,1.266e+2,,,2.939e+3,,
440.08,3.316e+3,1.760e+2,,,3.140e+3,,
440.10,3.540e+3,2.408e+2,,,3.300e+3,,
440.13,3.819e+3,3.736e+2,,,3.446e+3,,
440.15,3.965e+3,4.905e+2,,,3.474e+3,,
440.18,4.126e+3,7.153e+2,,,3.410e+3,,
440.20,4.201e+3,9.011e+2,,,3.300e+3,,
440.23,4.280e+3,1.235e+3,,,3.044e+3,,
440.25,4.319e+3,1.493e+3,,,2.826e+3,,
440.28,4.375e+3,1.924e+3,,,2.451e+3,,
440.30,4.416e+3,2.232e+3,,,2.183e+3,,
440.33,4.484e+3,2.704e+3,,,1.780e+3,,
440.35,4.531e+3,3.010e+3,,,1.521e+3,,
440.38,4.593e+3,3.427e+3,,,1.166e+3,,
440.40,4.617e+3,3.661e+3,,,9.560e+2,,
440.43,4.607e+3,3.919e+3,,,6.885e+2,,
440.45,4.559e+3,4.017e+3,,,5.418e+2,,
440.48,4.409e+3,4.042e+3,,,3.668e+2,,
440.50,4.253e+3,3.976e+3,,,2.770e+2,,
440.53,3.937e+3,3.760e+3,,,1.762e+2,,
440.55,3.677e+3,3.550e+3,,,1.277e+2,,
440.58,3.232e+3,3.156e+3,,,7.637e+1,,
440.60,2.912e+3,2.859e+3,,,5.310e+1,,
440.62,2.583e+3,2.547e+3,,,3.632e+1,,
440.65,2.097e+3,2.077e+3,,,1.992e+1,,
440.67,1.789e+3,1.776e+3,,,1.307e+1,,
440.70,1.368e+3,1.361e+3,,,6.737e+0,,
440.72,1.121e+3,1.117e+3,,,4.242e+0,,
440.75,8.065e+2,8.045e+2,,,2.055e+0,,
440.77,6.346e+2,6.334e+2,,,1.242e+0,,
440.80,4.296e+2,4.290e+2,,,5.655e-1,,
440.82,3.245e+2,3.242e+2,,,3.279e-1,,
440.85,2.066e+2,2.065e+2,,,1.403e-1,,
440.87,1.500e+2,1.499e+2,,,7.808e-2,,
440.90,9.018e+1,9.015e+1,,,3.141e-2,,
440.92,6.332e+1,6.330e+1,,,1.677e-2,,
440.95,3.712e+1,3.711e+1,,,6.341e-3,,
440.97,2.665e+1,2.665e+1,,,3.248e-3,,
441.00,1.859e+1,1.859e+1,,,1.155e-3,,
441.02,1.729e+1,1.729e+1,,,5.675e-4,,
441.05,2.075e+1,2.075e+1,,,1.896e-4,,
441.07,2.675e+1,2.675e+1,,,8.942e-5,,
441.10,4.218e+1,4.218e+1,,,2.808e-5,,
441.12,5.767e+1,5.767e+1,,,1.271e-5,,
441.14,7.825e+1,7.825e+1,,,5.657e-6,,
441.17,1.207e+2,1.207e+2,,,1.629e-6,,
441.19,1.581e+2,1.581e+2,,,6.957e-7,,
441.22,2.301e+2,2.301e+2,,,1.883e-7,,
441.24,2.895e+2,2.895e+2,,,7.718e-8,,
441.27,3.963e+2,3.963e+2,,,1.963e-8,,
441.29,4.787e+2,4.787e+2,,,7.722e-9,,
441.32,6.161e+2,6.161e+2,,,1.846e-9,,
441.34,7.142e+2,7.142e+2,,,6.967e-10,,
441.37,8.643e+2,8.643e+2,,,1.566e-10,,
441.39,9.616e+2,9.616e+2,,,5.670e-11,,
441.42,1.094e+3,1.094e+3,,,1.198e-11,,
441.44,1.169e+3,1.169e+3,,,4.162e-12,,
441.47,1.251e+3,1.251e+3,,,8.265e-13,,
441.49,1.282e+3,1.282e+3,,,8.223e-13,,
441.52,1.290e+3,1.290e+3,,,8.161e-13,,
441.54,1.269e+3,1.269e+3,,,8.120e-13,,
441.57,1.200e+3,1.200e+3,,,8.058e-13,,
441.59,1.133e+3,1.133e+3,,,8.017e-13,,
441.62,1.008e+3,1.008e+3,,,7.955e-13,,
441.64,9.136e+2,9.136e+2,,,7.913e-13,,
441.66,8.144e+2,8.144e+2,,,7.872e-13,,
441.69,6.647e+2,6.647e+2,,,7.810e-13,,
441.71,5.687e+2,5.687e+2,,,7.768e-13,,
441.74,4.364e+2,4.364e+2,,,7.706e-13,,
441.76,3.584e+2,3.584e+2,,,7.665e-13,,
441.79,2.586e+2,2.586e+2,,,7.603e-13,,
441.81,2.038e+2,2.038e+2,,,7.562e-13,,
441.84,1.383e+2,1.383e+2,,,7.500e-13,,
441.86,1.046e+2,1.046e+2,,,7.458e-13,,
441.89,6.676e+1,6.676e+1,,,7.396e-13,,
441.91,4.847e+1,4.847e+1,,,7.355e-13,,
441.94,2.908e+1,2.908e+1,,,7.293e-13,,
441.96,2.026e+1,2.026e+1,,,7.252e-13,,
441.99,1.143e+1,1.143e+1,,,7.189e-13,,
442.01,7.646e+0,7.646e+0,,,7.148e-13,,
442.04,4.056e+0,4.056e+0,,,7.086e-13,,
442.06,2.604e+0,2.604e+0,,,7.045e-13,,
442.09,1.299e+0,1.299e+0,,,6.983e-13,,
442.11,8.001e-1,8.001e-1,,,6.941e-13,,
442.13,4.850e-1,4.850e-1,,,6.900e-13,,
442.16,2.219e-1,2.219e-1,,,6.838e-13,,
442.18,1.291e-1,1.291e-1,,,6.797e-13,,
442.21,5.554e-2,5.554e-2,,,6.735e-13,,
442.23,3.101e-2,3.101e-2,,,6.693e-13,,
442.26,1.255e-2,1.255e-2,,,6.631e-13,,
442.28,6.724e-3,6.724e-3,,,6.590e-13,,
442.31,2.558e-3,2.558e-3,,,6.528e-13,,
442.33,1.316e-3,1.316e-3,,,6.486e-13,,
442.36,4.713e-4,4.713e-4,,,6.424e-13,,
442.38,2.337e-4,2.337e-4,,,6.383e-13,,
442.41,8.252e-5,8.252e-5,,,6.321e-13,,
442.43,4.614e-5,4.614e-5,,,6.280e-13,,
442.46,3.823e-5,3.823e-5,,,6.218e-13,,
442.48,5.830e-5,5.830e-5,,,6.176e-13,,
442.51,1.467e-4,1.467e-4,,,6.114e-13,,
442.53,2.790e-4,2.790e-4,,,6.073e-13,,
442.56,7.172e-4,7.172e-4,,,6.011e-13,,
442.58,1.320e-3,1.320e-3,,,5.970e-13,,
442.61,3.200e-3,3.200e-3,,,5.907e-13,,
442.63,5.658e-3,5.658e-3,,,5.866e-13,,
442.65,9.842e-3,9.842e-3,,,5.825e-13,,
442.68,2.190e-2,2.190e-2,,,5.763e-13,,
442.70,3.658e-2,3.658e-2,,,5.721e-13,,
442.73,7.657e-2,7.657e-2,,,5.659e-13,,
442.75,1.228e-1,1.228e-1,,,5.618e-13,,
442.78,2.418e-1,2.418e-1,,,5.556e-13,,
442.80,3.723e-1,3.723e-1,,,5.515e-13,,
442.83,6.897e-1,6.897e-1,,,5.453e-13,,
442.85,1.019e+0,1.019e+0,,,5.411e-13,,
442.88,1.777e+0,1.777e+0,,,5.349e-13,,
442.90,2.522e+0,2.522e+0,,,5.308e-13,,
442.93,4.135e+0,4.135e+0,,,5.246e-13,,
442.95,5.635e+0,5.635e+0,,,5.204e-13,,
442.98,8.692e+0,8.692e+0,,,5.142e-13,,
443.00,1.137e+1,1.137e+1,,,5.101e-13,,
443.03,1.650e+1,1.650e+1,,,5.039e-13,,
443.05,2.073e+1,2.073e+1,,,4.998e-13,,
443.08,2.830e+1,2.830e+1,,,4.936e-13,,
443.10,3.413e+1,3.413e+1,,,4.894e-13,,
443.13,4.384e+1,4.384e+1,,,4.832e-13,,
443.15,5.076e+1,5.076e+1,,,4.791e-13,,
443.17,5.782e+1,5.782e+1,,,4.750e-13,,
443.20,6.818e+1,6.818e+1,,,4.688e-13,,
443.22,7.457e+1,7.457e+1,,,4.646e-13,,
443.25,8.272e+1,8.272e+1,,,4.584e-13,,
443.27,8.686e+1,8.686e+1,,,4.543e-13,,
443.30,9.066e+1,9.066e+1,,,4.481e-13,,
443.32,9.140e+1,9.140e+1,,,4.439e-13,,
443.35,8.974e+1,8.974e+1,,,4.377e-13,,
443.37,8.686e+1,8.686e+1,,,4.336e-13,,
443.40,8.024e+1,8.024e+1,,,4.274e-13,,
443.42,7.457e+1,7.457e+1,,,4.233e-13,,
443.45,6.480e+1,6.480e+1,,,4.171e-13,,
443.47,5.782e+1,5.782e+1,,,4.129e-13,,
443.50,4.727e+1,4.727e+1,,,4.067e-13,,
443.52,4.049e+1,4.049e+1,,,4.026e-13,,
443.55,3.114e+1,3.114e+1,,,3.964e-13,,
443.57,2.561e+1,2.561e+1,,,3.922e-13,,
443.60,1.853e+1,1.853e+1,,,3.860e-13,,
443.62,1.464e+1,1.464e+1,,,3.819e-13,,
443.65,9.962e+0,9.962e+0,,,3.757e-13,,
443.67,7.554e+0,7.554e+0,,,3.716e-13,,
443.69,5.635e+0,5.635e+0,,,3.674e-13,,
443.72,3.521e+0,3.521e+0,,,3.612e-13,,
443.74,2.522e+0,2.522e+0,,,3.571e-13,,
443.77,1.483e+0,1.483e+0,,,3.509e-13,,
443.79,1.019e+0,1.019e+0,,,3.468e-13,,
443.82,5.639e-1,5.639e-1,,,3.406e-13,,
443.84,3.723e-1,3.723e-1,,,3.364e-13,,
443.87,1.937e-1,1.937e-1,,,3.302e-13,,
443.89,1.228e-1,1.228e-1,,,3.261e-13,,
443.92,6.010e-2,6.010e-2,,,3.199e-13,,
443.94,3.658e-2,3.658e-2,,,3.157e-13,,
443.97,1.684e-2,1.684e-2,,,3.095e-13,,
443.99,9.842e-3,9.842e-3,,,3.054e-13,,
444.02,4.264e-3,4.264e-3,,,2.992e-13,,
444.04,2.392e-3,2.392e-3,,,2.951e-13,,
444.07,9.749e-4,9.749e-4,,,2.889e-13,,
444.09,5.251e-4,5.251e-4,,,2.847e-13,,
444.12,2.013e-4,2.013e-4,,,2.785e-13,,
444.14,1.041e-4,1.041e-4,,,2.744e-13,,
444.16,5.298e-5,5.298e-5,,,2.702e-13,,
444.19,1.865e-5,1.865e-5,,,2.640e-13,,
444.21,9.110e-6,9.110e-6,,,2.599e-13,,
444.24,3.017e-6,3.017e-6,,,2.537e-13,,
444.26,1.415e-6,1.415e-6,,,2.496e-13,,
444.29,4.408e-7,4.408e-7,,,2.434e-13,,
444.31,1.985e-7,1.985e-7,,,2.392e-13,,
444.34,5.818e-8,5.818e-8,,,2.330e-13,,
444.36,2.515e-8,2.515e-8,,,2.289e-13,,
444.39,6.936e-9,6.936e-9,,,2.227e-13,,
444.41,2.879e-9,2.879e-9,,,2.186e-13,,
444.44,7.468e-10,7.468e-10,,,2.124e-13,,
444.46,2.976e-10,2.976e-10,,,2.082e-13,,
444.49,7.263e-11,7.263e-11,,,2.020e-13,,
444.51,2.779e-11,2.779e-11,,,1.979e-13,,
444.54,6.381e-12,6.381e-12,,,1.917e-13,,
444.56,2.344e-12,2.344e-12,,,1.875e-13,,
444.59,5.063e-13,5.063e-13,,,1.813e-13,,
444.61,1.786e-13,1.786e-13,,,1.772e-13,,
444.64,3.629e-14,3.629e-14,,,1.710e-13,,
444.91,1.152e-13,7.197e-14,,,1.152e-13,,
444.93,3.353e-13,7.461e-14,,,3.353e-13,,
444.96,1.616e-12,7.857e-14,,,1.616e-12,,
444.98,4.520e-12,8.122e-14,,,4.520e-12,,
445.01,2.051e-11,8.518e-14,,,2.051e-11,,
445.03,5.511e-11,8.782e-14,,,5.511e-11,,
445.06,2.355e-10,9.179e-14,,,2.355e-10,,
445.08,6.077e-10,9.443e-14,,,6.077e-10,,
445.11,2.445e-9,9.839e-14,,,2.445e-9,,
445.13,6.061e-9,1.010e-13,,,6.061e-9,,
445.16,2.296e-8,1.050e-13,,,2.296e-8,,
445.18,5.467e-8,1.076e-13,,,5.467e-8,,
445.20,1.281e-7,1.103e-13,,,1.281e-7,,
445.23,4.461e-7,1.143e-13,,,4.461e-7,,
445.25,1.004e-6,1.169e-13,,,1.004e-6,,
445.28,3.292e-6,1.209e-13,,,3.292e-6,,
445.30,7.118e-6,1.235e-13,,,7.118e-6,,
445.33,2.197e-5,1.275e-13,,,2.197e-5,,
445.35,4.564e-5,3.674e-13,,,4.564e-5,,
445.38,1.326e-4,1.745e-12,,,1.326e-4,,
445.40,2.646e-4,4.832e-12,,,2.646e-4,,
445.43,7.239e-4,2.160e-11,,,7.239e-4,,
445.45,1.388e-3,5.748e-11,,,1.388e-3,,
445.48,3.575e-3,2.420e-10,,,3.575e-3,,
445.50,6.583e-3,6.185e-10,,,6.583e-3,,
445.53,1.596e-2,2.452e-9,,,1.596e-2,,
445.55,2.824e-2,6.021e-9,,,2.824e-2,,
445.58,6.448e-2,2.248e-8,,,6.448e-2,,
445.60,1.096e-1,5.302e-8,,,1.096e-1,,
445.63,2.356e-1,1.864e-7,,,2.356e-1,,
445.65,3.845e-1,4.223e-7,,,3.845e-1,,
445.67,6.178e-1,9.418e-7,,,6.178e-1,,
445.70,1.221e+0,3.043e-6,,,1.221e+0,,
445.72,1.884e+0,6.520e-6,,,1.884e+0,,
445.75,3.504e+0,1.984e-5,,,3.504e+0,,
445.77,5.194e+0,4.083e-5,,,5.194e+0,,
445.80,9.098e+0,1.170e-4,,,9.097e+0,,
445.82,1.296e+1,2.313e-4,,,1.296e+1,,
445.85,2.136e+1,6.241e-4,,,2.136e+1,,
445.87,2.923e+1,1.185e-3,,,2.923e+1,,
445.90,4.538e+1,3.012e-3,,,4.537e+1,,
445.92,5.963e+1,5.496e-3,,,5.963e+1,,
445.95,8.717e+1,1.315e-2,,,8.716e+1,,
445.97,1.101e+2,2.305e-2,,,1.100e+2,,
446.00,1.515e+2,5.192e-2,,,1.514e+2,,
446.02,1.837e+2,8.744e-2,,,1.836e+2,,
446.05,2.381e+2,1.855e-1,,,2.380e+2,,
446.07,2.775e+2,3.001e-1,,,2.772e+2,,
446.10,3.388e+2,5.994e-1,,,3.382e+2,,
446.12,3.794e+2,9.317e-1,,,3.785e+2,,
446.15,4.365e+2,1.752e+0,,,4.347e+2,,
446.17,4.699e+2,2.617e+0,,,4.673e+2,,
446.19,4.982e+2,3.846e+0,,,4.944e+2,,
446.22,5.286e+2,6.650e+0,,,5.219e+2,,
446.24,5.398e+2,9.391e+0,,,5.304e+2,,
446.27,5.425e+2,1.529e+1,,,5.272e+2,,
446.29,5.354e+2,2.075e+1,,,5.146e+2,,
446.32,5.135e+2,3.182e+1,,,4.816e+2,,
446.34,4.932e+2,4.149e+1,,,4.517e+2,,
446.37,4.580e+2,5.995e+1,,,3.980e+2,,
446.39,4.338e+2,7.512e+1,,,3.586e+2,,
446.42,4.000e+2,1.023e+2,,,2.977e+2,,
446.44,3.811e+2,1.232e+2,,,2.579e+2,,
446.47,3.604e+2,1.583e+2,,,2.021e+2,,
446.49,3.522e+2,1.834e+2,,,1.688e+2,,
446.52,3.485e+2,2.224e+2,,,1.261e+2,,
446.54,3.512e+2,2.482e+2,,,1.031e+2,,
446.57,3.615e+2,2.846e+2,,,7.690e+1,,
446.59,3.715e+2,3.063e+2,,,6.516e+1,,
446.62,3.896e+2,3.333e+2,,,5.624e+1,,
446.64,4.031e+2,3.469e+2,,,5.619e+1,,
446.67,4.253e+2,3.599e+2,,,6.543e+1,,
446.69,4.418e+2,3.636e+2,,,7.821e+1,,
446.71,4.603e+2,3.636e+2,,,9.668e+1,,
446.74,4.932e+2,3.573e+2,,,1.359e+2,,
446.76,5.200e+2,3.497e+2,,,1.702e+2,,
446.79,5.689e+2,3.345e+2,,,2.344e+2,,
446.81,6.080e+2,3.225e+2,,,2.855e+2,,
446.84,6.761e+2,3.029e+2,,,3.732e+2,,
446.86,7.269e+2,2.892e+2,,,4.378e+2,,
446.89,8.079e+2,2.680e+2,,,5.399e+2,,
446.91,8.623e+2,2.536e+2,,,6.087e+2,,
446.94,9.386e+2,2.314e+2,,,7.072e+2,,
446.96,9.823e+2,2.162e+2,,,7.662e+2,,
446.99,1.031e+3,1.927e+2,,,8.384e+2,,
447.01,1.049e+3,1.767e+2,,,8.726e+2,,
447.04,1.052e+3,1.524e+2,,,8.992e+2,,
447.06,1.035e+3,1.363e+2,,,8.992e+2,,
447.09,9.853e+2,1.127e+2,,,8.726e+2,,
447.11,9.361e+2,9.774e+1,,,8.384e+2,,
447.14,8.431e+2,7.699e+1,,,7.661e+2,,
447.16,7.717e+2,6.453e+1,,,7.072e+2,,
447.19,6.568e+2,4.819e+1,,,6.086e+2,,
447.21,5.787e+2,3.894e+1,,,5.398e+2,,
447.23,5.021e+2,3.100e+1,,,4.711e+2,,
447.26,3.941e+2,2.139e+1,,,3.727e+2,,
447.28,3.289e+2,1.639e+1,,,3.125e+2,,
447.31,2.435e+2,1.067e+1,,,2.329e+2,,
447.33,1.955e+2,7.860e+0,,,1.876e+2,,
447.36,1.365e+2,4.825e+0,,,1.316e+2,,
447.38,1.053e+2,3.416e+0,,,1.019e+2,,
447.41,6.930e+1,1.976e+0,,,6.733e+1,,
447.43,5.141e+1,1.345e+0,,,5.007e+1,,
447.46,3.189e+1,7.327e-1,,,3.116e+1,,
447.48,2.274e+1,4.791e-1,,,2.226e+1,,
447.51,1.329e+1,2.459e-1,,,1.304e+1,,
447.53,9.108e+0,1.545e-1,,,8.954e+0,,
447.56,5.016e+0,7.467e-2,,,4.941e+0,,
447.58,3.304e+0,4.508e-2,,,3.259e+0,,
447.61,1.714e+0,2.052e-2,,,1.694e+0,,
447.63,1.085e+0,1.190e-2,,,1.073e+0,,
447.66,5.303e-1,5.102e-3,,,5.252e-1,,
447.68,3.225e-1,2.843e-3,,,3.197e-1,,
447.70,1.931e-1,1.559e-3,,,1.915e-1,,
447.73,8.679e-2,6.144e-4,,,8.618e-2,,
447.75,4.992e-2,3.237e-4,,,4.960e-2,,
447.78,2.114e-2,1.201e-4,,,2.102e-2,,
447.80,1.168e-2,6.081e-5,,,1.162e-2,,
447.83,4.659e-3,2.125e-5,,,4.638e-3,,
447.85,2.474e-3,1.034e-5,,,2.464e-3,,
447.88,9.293e-4,3.401e-6,,,9.259e-4,,
447.90,4.742e-4,1.589e-6,,,4.726e-4,,
447.93,1.677e-4,4.925e-7,,,1.673e-4,,
447.95,8.224e-5,2.211e-7,,,8.202e-5,,
447.98,2.740e-5,6.452e-8,,,2.733e-5,,
448.00,1.291e-5,2.783e-8,,,1.288e-5,,
448.03,4.050e-6,7.648e-9,,,4.042e-6,,
448.05,1.833e-6,3.169e-9,,,1.830e-6,,
448.08,5.416e-7,8.201e-10,,,5.408e-7,,
448.10,2.355e-7,3.264e-10,,,2.352e-7,,
448.13,6.554e-8,7.956e-11,,,6.546e-8,,
448.15,2.738e-8,3.043e-11,,,2.735e-8,,
448.18,7.176e-9,6.983e-12,,,7.169e-9,,
448.20,2.881e-9,2.566e-12,,,2.878e-9,,
448.22,1.138e-9,9.278e-13,,,1.137e-9,,
448.25,2.742e-10,1.958e-13,,,2.740e-10,,
448.27,1.041e-10,6.800e-14,,,1.040e-10,,
448.30,2.360e-11,,,,2.360e-11,,
448.32,8.607e-12,,,,8.607e-12,,
448.35,1.839e-12,,,,1.839e-12,,
448.37,6.445e-13,,,,6.445e-13,,