wavelength,intensity
198.78,3.575e-28
198.79,1.087e-27
198.81,9.776e-27
198.83,8.489000000000001e-26
198.84,2.467e-25
198.86,2.033e-24
198.88,1.613e-23
198.89,4.482e-23
198.91,3.3689999999999998e-22
198.93,2.443e-21
198.94,6.491e-21
198.96,4.4600000000000006e-20
198.98,2.956e-19
198.99,7.51e-19
199.01,4.717e-18
199.03,2.859e-17
199.04,6.943e-17
199.06,3.988e-16
199.08,2.21e-15
199.09,5.132e-15
199.11,2.695e-14
199.12,6.094e-14
199.14,3.034e-13
199.16,1.457e-12
199.17,3.151e-12
199.19,1.435e-11
199.21,6.308e-11
199.22,1.305e-10
199.24,5.438e-10
199.26,2.188e-09
199.27,4.331e-09
199.29,1.653e-08
199.31,6.091e-08
199.32,1.154e-07
199.34,4.036e-07
199.36,1.363e-06
199.37,2.473e-06
199.39,7.934e-06
199.41,2.46e-05
199.42,4.276e-05
199.44,0.000126
199.46,0.0003588
199.47,0.000598
199.49,0.00162
199.5,0.002634
199.52,0.006792
199.54,0.01695
199.55,0.02646
199.57,0.06293
199.59,0.145
199.6,0.2174
199.62,0.4776
199.64,1.017
199.65,1.466
199.67,2.979
199.69,5.869
199.7,8.143
199.72,15.31
199.74,27.93
199.75,37.28
199.77,64.9
199.79,109.5
199.8,140.6
199.82,226.5
199.84,353.6
199.85,436.5
199.87,649.9
199.88,783.6
199.9,1112.0
199.92,1530.0
199.93,1773.0
199.95,2324.0
199.97,2953.0
199.98,3289.0
200.0,3987.0
200.02,4688.0
200.03,5026.0
200.05,5652.0
200.07,6177.0
200.08,6392.0
200.1,6712.0
200.12,6875.0
200.13,6898.0
200.15,6832.0
200.17,6633.0
200.18,6491.0
200.2,6136.0
200.22,5709.0
200.23,5476.0
200.25,4984.0
200.26,4730.0
200.28,4217.0
200.3,3710.0
200.31,3463.0
200.33,2990.0
200.35,2555.0
200.36,2355.0
200.38,1992.0
200.4,1683.0
200.41,1548.0
200.43,1318.0
200.45,1137.0
200.46,1063.0
200.48,943.2
200.5,857.0
200.51,824.8
200.53,779.8
200.55,758.7
200.56,756.8
200.58,770.5
200.59,786.4
200.61,837.1
200.63,914.0
200.64,962.4
200.66,1078.0
200.68,1216.0
200.69,1291.0
200.71,1449.0
200.73,1608.0
200.74,1684.0
200.76,1822.0
200.78,1929.0
200.79,1969.0
200.81,2017.0
200.83,2023.0
200.84,2011.0
200.86,1966.0
200.88,1906.0
200.89,1876.0
200.91,1831.0
200.93,1823.0
200.94,1840.0
200.96,1923.0
200.97,1992.0
200.99,2185.0
201.01,2445.0
201.02,2594.0
201.04,2915.0
201.06,3240.0
201.07,3392.0
201.09,3656.0
201.11,3839.0
201.12,3893.0
201.14,3917.0
201.16,3828.0
201.17,3744.0
201.19,3510.0
201.21,3210.0
201.22,3045.0
201.24,2703.0
201.26,2371.0
201.27,2217.0
201.29,1941.0
201.31,1719.0
201.32,1630.0
201.34,1495.0
201.35,1449.0
201.37,1399.0
201.39,1402.0
201.4,1423.0
201.42,1505.0
201.44,1645.0
201.45,1738.0
201.47,1973.0
201.49,2276.0
201.5,2453.0
201.52,2854.0
201.54,3307.0
201.55,3547.0
201.57,4038.0
201.59,4520.0
201.6,4747.0
201.62,5151.0
201.64,5467.0
201.65,5584.0
201.67,5727.0
201.69,5746.0
201.7,5711.0
201.72,5564.0
201.73,5458.0
201.75,5200.0
201.77,4910.0
201.78,4764.0
201.8,4485.0
201.82,4243.0
201.83,4139.0
201.85,3969.0
201.87,3842.0
201.88,3791.0
201.9,3704.0
201.92,3622.0
201.93,3578.0
201.95,3477.0
201.97,3356.0
201.98,3287.0
202.0,3138.0
202.02,2980.0
202.03,2901.0
202.05,2747.0
202.06,2674.0
202.08,2537.0
202.1,2411.0
202.11,2352.0
202.13,2236.0
202.15,2119.0
202.16,2058.0
202.18,1930.0
202.2,1791.0
202.21,1718.0
202.23,1568.0
202.25,1414.0
202.26,1337.0
202.28,1189.0
202.3,1050.0
202.31,985.4
202.33,866.5
202.35,762.6
202.36,716.3
202.38,634.6
202.4,566.3
202.41,536.8
202.43,486.3
202.44,465.0
202.46,429.9
202.48,404.2
202.49,394.7
202.51,382.0
202.53,377.0
202.54,377.0
202.56,380.8
202.58,388.3
202.59,392.6
202.61,401.2
202.63,408.1
202.64,410.4
202.66,412.4
202.68,410.8
202.69,408.9
202.71,403.8
202.73,398.6
202.74,396.6
202.76,395.2
202.78,398.4
202.79,402.1
202.81,414.0
202.82,422.2
202.84,442.4
202.86,466.3
202.87,479.0
202.89,504.2
202.91,527.0
202.92,536.6
202.94,550.9
202.96,557.7
202.97,558.2
202.99,554.5
203.01,547.0
203.02,543.4
203.04,540.7
203.06,550.8
203.07,563.3
203.09,609.2
203.11,689.3
203.12,744.2
203.14,885.8
203.16,1069.0
203.17,1175.0
203.19,1408.0
203.2,1533.0
203.22,1786.0
203.24,2028.0
203.25,2138.0
203.27,2324.0
203.29,2451.0
203.3,2489.0
203.32,2510.0
203.34,2460.0
203.35,2412.0
203.37,2278.0
203.39,2114.0
203.4,2029.0
203.42,1872.0
203.44,1762.0
203.45,1738.0
203.47,1779.0
203.49,1988.0
203.5,2177.0
203.52,2777.0
203.53,3214.0
203.55,4430.0
203.57,6211.0
203.58,7353.0
203.6,10220.0
203.62,13930.0
203.63,16130.0
203.65,21170.0
203.67,27020.0
203.68,30180.0
203.7,36790.0
203.72,43460.0
203.73,46680.0
203.75,52590.0
203.77,57400.0
203.78,59270.0
203.8,61750.0
203.82,62440.0
203.83,62130.0
203.85,60290.0
203.87,57120.0
203.88,55170.0
203.9,50850.0
203.91,48610.0
203.93,44220.0
203.95,40250.0
203.96,38500.0
203.98,35520.0
204.0,33190.0
204.01,32240.0
204.03,30610.0
204.05,29160.0
204.06,28430.0
204.08,26840.0
204.1,24980.0
204.11,23930.0
204.13,21600.0
204.15,19020.0
204.16,17660.0
204.18,14930.0
204.2,12260.0
204.21,10990.0
204.23,8651.0
204.25,6628.0
204.26,5747.0
204.28,4253.0
204.29,3636.0
204.31,2641.0
204.33,1926.0
204.34,1657.0
204.36,1263.0
204.38,1017.0
204.39,935.6
204.41,830.0
204.43,774.7
204.44,758.0
204.46,735.0
204.48,715.5
204.49,704.6
204.51,677.8
204.53,643.6
204.54,623.9
204.56,580.6
204.58,534.5
204.59,511.4
204.61,466.6
204.62,445.6
204.64,408.0
204.66,377.6
204.67,365.5
204.69,347.9
204.71,339.6
204.72,338.7
204.74,343.4
204.76,355.5
204.77,363.9
204.79,384.4
204.81,408.5
204.82,421.4
204.84,448.7
204.86,477.9
204.87,493.7
204.89,529.1
204.91,573.0
204.92,599.7
204.94,666.6
204.96,756.8
204.97,812.5
204.99,947.9
205.0,1028.0
205.02,1214.0
205.04,1428.0
205.05,1543.0
205.07,1781.0
205.09,2014.0
205.1,2123.0
205.12,2313.0
205.14,2448.0
205.15,2491.0
205.17,2521.0
205.19,2471.0
205.2,2418.0
205.22,2260.0
205.24,2047.0
205.25,1925.0
205.27,1666.0
205.29,1404.0
205.3,1277.0
205.32,1046.0
205.34,854.4
205.35,776.7
205.37,661.7
205.38,625.1
205.4,594.1
205.42,617.2
205.43,647.6
205.45,741.5
205.47,872.0
205.48,947.5
205.5,1112.0
205.52,1282.0
205.53,1365.0
205.55,1520.0
205.57,1651.0
205.58,1704.0
205.6,1785.0
205.62,1828.0
205.63,1837.0
205.65,1832.0
205.67,1804.0
205.68,1784.0
205.7,1740.0
205.72,1697.0
205.73,1679.0
205.75,1651.0
205.76,1642.0
205.78,1635.0
205.8,1640.0
205.81,1646.0
205.83,1660.0
205.85,1673.0
205.86,1678.0
205.88,1680.0
205.9,1673.0
205.91,1667.0
205.93,1651.0
205.95,1638.0
205.96,1637.0
205.98,1653.0
206.0,1706.0
206.01,1751.0
206.03,1885.0
206.05,2087.0
206.06,2214.0
206.08,2520.0
206.09,2696.0
206.11,3083.0
206.13,3496.0
206.14,3703.0
206.16,4096.0
206.18,4433.0
206.19,4571.0
206.21,4770.0
206.23,4854.0
206.24,4852.0
206.26,4761.0
206.28,4570.0
206.29,4443.0
206.31,4146.0
206.33,3812.0
206.34,3639.0
206.36,3295.0
206.38,2966.0
206.39,2810.0
206.41,2519.0
206.43,2255.0
206.44,2133.0
206.46,1908.0
206.47,1805.0
206.49,1618.0
206.51,1458.0
206.52,1389.0
206.54,1278.0
206.56,1207.0
206.57,1190.0
206.59,1194.0
206.61,1259.0
206.62,1317.0
206.64,1490.0
206.66,1750.0
206.67,1914.0
206.69,2319.0
206.71,2826.0
206.72,3118.0
206.74,3768.0
206.76,4490.0
206.77,4867.0
206.79,5627.0
206.81,6348.0
206.82,6678.0
206.84,7238.0
206.85,7457.0
206.87,7749.0
206.89,7829.0
206.9,7789.0
206.92,7561.0
206.94,7170.0
206.95,6932.0
206.97,6418.0
206.99,5922.0
207.0,5708.0
207.02,5404.0
207.04,5336.0
207.05,5416.0
207.07,5844.0
207.09,6676.0
207.1,7256.0
207.12,8755.0
207.14,10700.0
207.15,11820.0
207.17,14330.0
207.19,17100.0
207.2,18540.0
207.22,21420.0
207.23,22810.0
207.25,25380.0
207.27,27500.0
207.28,28350.0
207.3,29520.0
207.32,29950.0
207.33,29880.0
207.35,29180.0
207.37,27820.0
207.38,26940.0
207.4,24880.0
207.42,22600.0
207.43,21440.0
207.45,19180.0
207.47,17180.0
207.48,16320.0
207.5,14930.0
207.52,14050.0
207.53,13800.0
207.55,13680.0
207.56,13790.0
207.58,14280.0
207.6,15020.0
207.61,15440.0
207.63,16270.0
207.65,16970.0
207.66,17220.0
207.68,17480.0
207.7,17370.0
207.71,17160.0
207.73,16490.0
207.75,15530.0
207.76,14980.0
207.78,13820.0
207.8,12680.0
207.81,12150.0
207.83,11250.0
207.85,10580.0
207.86,10350.0
207.88,10040.0
207.9,9923.0
207.91,9908.0
207.93,9910.0
207.94,9905.0
207.96,9831.0
207.98,9620.0
207.99,9449.0
208.01,8970.0
208.03,8315.0
208.04,7930.0
208.06,7075.0
208.08,6151.0
208.09,5680.0
208.11,4754.0
208.13,3887.0
208.14,3487.0
208.16,2771.0
208.18,2181.0
208.19,1936.0
208.21,1553.0
208.23,1315.0
208.24,1251.0
208.26,1243.0
208.28,1401.0
208.29,1547.0
208.31,1985.0
208.32,2281.0
208.34,3034.0
208.36,4006.0
208.37,4572.0
208.39,5847.0
208.41,7273.0
208.42,8022.0
208.44,9537.0
208.46,10990.0
208.47,11660.0
208.49,12810.0
208.51,13640.0
208.52,13910.0
208.54,14120.0
208.56,13910.0
208.57,13650.0
208.59,12860.0
208.61,11800.0
208.62,11200.0
208.64,9938.0
208.66,8684.0
208.67,8093.0
208.69,7036.0
208.7,6585.0
208.72,5861.0
208.74,5388.0
208.75,5244.0
208.77,5125.0
208.79,5201.0
208.8,5299.0
208.82,5585.0
208.84,5947.0
208.85,6142.0
208.87,6530.0
208.89,6877.0
208.9,7024.0
208.92,7240.0
208.94,7332.0
208.95,7327.0
208.97,7206.0
208.99,6943.0
209.0,6761.0
209.02,6311.0
209.03,6050.0
209.05,5473.0
209.07,4854.0
209.08,4539.0
209.1,3918.0
209.12,3330.0
209.13,3056.0
209.15,2557.0
209.17,2136.0
209.18,1956.0
209.2,1664.0
209.22,1464.0
209.23,1399.0
209.25,1343.0
209.27,1387.0
209.28,1447.0
209.3,1646.0
209.32,1950.0
209.33,2141.0
209.35,2596.0
209.37,3138.0
209.38,3436.0
209.4,4070.0
209.41,4399.0
209.43,5059.0
209.45,5692.0
209.46,5988.0
209.48,6517.0
209.5,6949.0
209.51,7125.0
209.53,7403.0
209.55,7601.0
209.56,7682.0
209.58,7843.0
209.6,8053.0
209.61,8195.0
209.63,8590.0
209.65,9166.0
209.66,9528.0
209.68,10390.0
209.7,11410.0
209.71,11960.0
209.73,13060.0
209.75,14080.0
209.76,14520.0
209.78,15190.0
209.79,15400.0
209.81,15520.0
209.83,15200.0
209.84,14890.0
209.86,13950.0
209.88,12690.0
209.89,11960.0
209.91,10390.0
209.93,8758.0
209.94,7955.0
209.96,6430.0
209.98,5076.0
209.99,4480.0
210.01,3470.0
210.03,2714.0
210.04,2432.0
210.06,2057.0
210.08,1923.0
210.09,1942.0
210.11,2146.0
210.13,2555.0
210.14,2831.0
210.16,3513.0
210.17,3911.0
210.19,4797.0
210.21,5760.0
210.22,6252.0
210.24,7214.0
210.26,8086.0
210.27,8464.0
210.29,9068.0
210.31,9421.0
210.32,9493.0
210.34,9419.0
210.36,9064.0
210.37,8790.0
210.39,8081.0
210.41,7210.0
210.42,6735.0
210.44,5751.0
210.46,4774.0
210.47,4305.0
210.49,3435.0
210.5,3041.0
210.52,2348.0
210.54,1787.0
210.55,1556.0
210.57,1185.0
210.59,926.8
210.6,835.0
210.62,715.8
210.64,669.7
210.65,669.3
210.67,705.1
210.69,779.0
210.7,826.2
210.72,934.0
210.74,1050.0
210.75,1109.0
210.77,1220.0
210.79,1318.0
210.8,1360.0
210.82,1431.0
210.84,1480.0
210.85,1498.0
210.87,1520.0
210.88,1526.0
210.9,1531.0
210.92,1529.0
210.93,1527.0
210.95,1522.0
210.97,1520.0
210.98,1521.0
211.0,1525.0
211.02,1533.0
211.03,1540.0
211.05,1556.0
211.07,1579.0
211.08,1594.0
211.1,1635.0
211.12,1698.0
211.13,1741.0
211.15,1861.0
211.17,2044.0
211.18,2165.0
211.2,2485.0
211.22,2930.0
211.23,3206.0
211.25,3878.0
211.26,4277.0
211.28,5202.0
211.3,6283.0
211.31,6873.0
211.33,8124.0
211.35,9412.0
211.36,10050.0
211.38,11240.0
211.4,12250.0
211.41,12670.0
211.43,13260.0
211.45,13490.0
211.46,13470.0
211.48,13130.0
211.5,12450.0
211.51,12000.0
211.53,10920.0
211.55,9694.0
211.56,9055.0
211.58,7783.0
211.6,6591.0
211.61,6044.0
211.63,5078.0
211.64,4665.0
211.66,3984.0
211.68,3491.0
211.69,3310.0
211.71,3067.0
211.73,2964.0
211.74,2960.0
211.76,3043.0
211.78,3247.0
211.79,3398.0
211.81,3805.0
211.83,4365.0
211.84,4708.0
211.86,5519.0
211.88,6491.0
211.89,7030.0
211.91,8184.0
211.93,9386.0
211.94,9981.0
211.96,11100.0
211.97,11600.0
211.99,12420.0
212.01,12940.0
212.02,13060.0
212.04,13030.0
212.06,12620.0
212.07,12290.0
212.09,11380.0
212.11,10230.0
212.12,9590.0
212.14,8257.0
212.16,6928.0
212.17,6292.0
212.19,5127.0
212.21,4150.0
212.22,3745.0
212.24,3116.0
212.26,2733.0
212.27,2631.0
212.29,2596.0
212.31,2762.0
212.32,2910.0
212.34,3307.0
212.35,3545.0
212.37,4070.0
212.39,4615.0
212.4,4878.0
212.42,5353.0
212.44,5721.0
212.45,5853.0
212.47,5996.0
212.49,5967.0
212.5,5888.0
212.52,5610.0
212.54,5195.0
212.55,4947.0
212.57,4397.0
212.59,3810.0
212.6,3516.0
212.62,2949.0
212.64,2434.0
212.65,2202.0
212.67,1797.0
212.69,1472.0
212.7,1338.0
212.72,1123.0
212.73,1039.0
212.75,909.7
212.77,821.3
212.78,788.8
212.8,740.8
212.82,709.2
212.83,697.9
212.85,682.1
212.87,674.8
212.88,674.3
212.9,680.5
212.92,697.5
212.93,710.3
212.95,745.3
212.97,792.1
212.98,819.5
213.0,880.8
213.02,948.1
213.03,983.1
213.05,1054.0
213.06,1090.0
213.08,1164.0
213.1,1244.0
213.11,1290.0
213.13,1399.0
213.15,1548.0
213.16,1643.0
213.18,1887.0
213.2,2222.0
213.21,2428.0
213.23,2926.0
213.25,3538.0
213.26,3883.0
213.28,4640.0
213.3,5453.0
213.31,5866.0
213.33,6669.0
213.35,7391.0
213.36,7702.0
213.38,8190.0
213.4,8464.0
213.41,8512.0
213.43,8424.0
213.44,8290.0
213.46,7859.0
213.48,7245.0
213.49,6886.0
213.51,6100.0
213.53,5274.0
213.54,4863.0
213.56,4075.0
213.58,3362.0
213.59,3042.0
213.61,2480.0
213.63,2025.0
213.64,1835.0
213.66,1525.0
213.68,1291.0
213.69,1197.0
213.71,1045.0
213.73,927.3
213.74,877.2
213.76,788.2
213.78,708.1
213.79,669.9
213.81,595.8
213.82,559.6
213.84,489.2
213.86,422.2
213.87,390.3
213.89,330.5
213.91,277.0
213.92,252.8
213.94,209.8
213.96,174.1
213.97,159.0
213.99,134.1
214.01,115.7
214.02,108.8
214.04,99.35
214.06,94.98
214.07,94.53
214.09,96.72
214.11,102.5
214.12,106.6
214.14,116.8
214.16,129.2
214.17,136.1
214.19,150.7
214.2,158.3
214.22,173.7
214.24,188.8
214.25,196.1
214.27,210.0
214.29,222.4
214.3,228.1
214.32,238.3
214.34,247.2
214.35,251.2
214.37,258.8
214.39,266.2
214.4,270.0
214.42,278.4
214.44,288.1
214.45,293.6
214.47,306.2
214.49,320.9
214.5,329.1
214.52,346.9
214.53,356.6
214.55,377.2
214.57,399.7
214.58,411.7
214.6,437.5
214.62,466.3
214.63,482.1
214.65,517.1
214.67,557.0
214.68,579.0
214.7,626.4
214.72,677.7
214.73,704.1
214.75,756.6
214.77,806.1
214.78,828.7
214.8,867.4
214.82,896.3
214.83,906.8
214.85,921.0
214.87,929.1
214.88,932.5
214.9,942.6
214.91,951.2
214.93,980.5
214.95,1032.0
214.96,1067.0
214.98,1160.0
215.0,1280.0
215.01,1350.0
215.03,1501.0
215.05,1661.0
215.06,1740.0
215.08,1887.0
215.1,2007.0
215.11,2054.0
215.13,2114.0
215.15,2126.0
215.16,2114.0
215.18,2052.0
215.2,1948.0
215.21,1882.0
215.23,1730.0
215.25,1558.0
215.26,1469.0
215.28,1288.0
215.29,1199.0
215.31,1027.0
215.33,866.7
215.34,792.5
215.36,656.6
215.38,538.5
215.39,486.1
215.41,394.8
215.43,320.6
215.44,289.7
215.46,239.3
215.48,203.1
215.49,189.7
215.51,171.1
215.53,161.6
215.54,159.5
215.56,159.3
215.58,162.3
215.59,164.3
215.61,168.2
215.63,170.6
215.64,170.8
215.66,169.1
215.67,167.1
215.69,160.8
215.71,152.0
215.72,147.0
215.74,136.2
215.76,125.4
215.77,120.4
215.79,111.8
215.81,105.9
215.82,104.2
215.84,103.8
215.86,108.2
215.87,112.6
215.89,126.7
215.91,149.5
215.92,165.0
215.94,206.2
215.96,264.3
215.97,301.1
215.99,393.1
216.0,449.5
216.02,586.0
216.04,756.8
216.05,855.6
216.07,1080.0
216.09,1338.0
216.1,1477.0
216.12,1772.0
216.14,2076.0
216.15,2227.0
216.17,2517.0
216.19,2774.0
216.2,2885.0
216.22,3062.0
216.24,3169.0
216.25,3195.0
216.27,3187.0
216.29,3105.0
216.3,3039.0
216.32,2866.0
216.34,2650.0
216.35,2533.0
216.37,2289.0
216.38,2167.0
216.4,1933.0
216.42,1719.0
216.43,1622.0
216.45,1451.0
216.47,1310.0
216.48,1250.0
216.5,1152.0
216.52,1078.0
216.53,1050.0
216.55,1009.0
216.57,989.5
216.58,987.2
216.6,997.7
216.62,1028.0
216.63,1051.0
216.65,1109.0
216.67,1182.0
216.68,1222.0
216.7,1309.0
216.72,1397.0
216.73,1440.0
216.75,1520.0
216.76,1556.0
216.78,1616.0
216.8,1658.0
216.81,1672.0
216.83,1684.0
216.85,1675.0
216.86,1663.0
216.88,1623.0
216.9,1565.0
216.91,1530.0
216.93,1447.0
216.95,1352.0
216.96,1300.0
216.98,1191.0
217.0,1077.0
217.01,1020.0
217.03,906.4
217.05,798.8
217.06,748.2
217.08,655.5
217.1,576.2
217.11,542.2
217.13,486.6
217.14,465.2
217.16,435.5
217.18,423.3
217.19,423.8
217.21,437.8
217.23,469.3
217.24,491.6
217.26,549.5
217.28,625.9
217.29,671.2
217.31,776.5
217.33,902.1
217.34,972.7
217.36,1129.0
217.38,1306.0
217.39,1401.0
217.41,1604.0
217.43,1819.0
217.44,1929.0
217.46,2150.0
217.47,2259.0
217.49,2469.0
217.51,2658.0
217.52,2742.0
217.54,2883.0
217.56,2981.0
217.57,3012.0
217.59,3036.0
217.61,3008.0
217.62,2975.0
217.64,2873.0
217.66,2728.0
217.67,2642.0
217.69,2447.0
217.71,2231.0
217.72,2117.0
217.74,1884.0
217.76,1651.0
217.77,1537.0
217.79,1315.0
217.81,1108.0
217.82,1011.0
217.84,831.1
217.85,749.0
217.87,600.9
217.89,474.5
217.9,419.3
217.92,324.3
217.94,248.5
217.95,217.1
217.97,165.9
217.99,128.3
218.0,113.9
218.02,92.39
218.04,79.06
218.05,74.96
218.07,71.07
218.09,72.18
218.1,74.42
218.12,82.04
218.14,93.75
218.15,101.1
218.17,119.0
218.19,141.1
218.2,153.7
218.22,182.1
218.23,197.8
218.25,232.0
218.27,269.5
218.28,289.2
218.3,329.9
218.32,371.3
218.33,391.8
218.35,431.2
218.37,467.3
218.38,483.5
218.4,511.4
218.42,532.3
218.43,540.0
218.45,549.9
218.47,553.2
218.48,552.9
218.5,549.5
218.52,545.0
218.53,543.1
218.55,542.3
218.57,547.7
218.58,553.6
218.6,572.6
218.61,586.2
218.63,621.8
218.65,668.2
218.66,695.0
218.68,754.3
218.7,818.4
218.71,851.0
218.73,914.6
218.75,971.8
218.76,996.5
218.78,1036.0
218.8,1058.0
218.81,1062.0
218.83,1056.0
218.85,1030.0
218.86,1010.0
218.88,958.5
218.9,894.9
218.91,860.2
218.93,788.4
218.94,753.0
218.96,687.5
218.98,635.5
218.99,617.1
219.01,600.8
219.03,619.7
219.04,645.4
219.06,735.6
219.08,885.6
219.09,985.8
219.11,1241.0
219.13,1572.0
219.14,1767.0
219.16,2212.0
219.18,2722.0
219.19,2997.0
219.21,3576.0
219.23,4172.0
219.24,4468.0
219.26,5042.0
219.28,5568.0
219.29,5807.0
219.31,6226.0
219.32,6404.0
219.34,6694.0
219.36,6898.0
219.37,6971.0
219.39,7067.0
219.41,7106.0
219.42,7109.0
219.44,7089.0
219.46,7041.0
219.47,7008.0
219.49,6923.0
219.51,6810.0
219.52,6741.0
219.54,6571.0
219.56,6352.0
219.57,6223.0
219.59,5920.0
219.61,5561.0
219.62,5361.0
219.64,4927.0
219.66,4459.0
219.67,4217.0
219.69,3731.0
219.7,3491.0
219.72,3031.0
219.74,2611.0
219.75,2420.0
219.77,2083.0
219.79,1808.0
219.8,1695.0
219.82,1514.0
219.84,1386.0
219.85,1340.0
219.87,1274.0
219.89,1237.0
219.9,1225.0
219.92,1212.0
219.94,1206.0
219.95,1206.0
219.97,1208.0
219.99,1215.0
220.0,1221.0
220.02,1241.0
220.04,1272.0
220.05,1292.0
220.07,1342.0
220.08,1371.0
220.1,1435.0
220.12,1502.0
220.13,1535.0
220.15,1595.0
220.17,1640.0
220.18,1654.0
220.2,1663.0
220.22,1642.0
220.23,1620.0
220.25,1555.0
220.27,1464.0
220.28,1411.0
220.3,1297.0
220.32,1179.0
220.33,1123.0
220.35,1023.0
220.37,947.1
220.38,921.8
220.4,901.4
220.41,908.0
220.43,957.7
220.45,1059.0
220.46,1129.0
220.48,1307.0
220.5,1533.0
220.51,1662.0
220.53,1948.0
220.55,2259.0
220.56,2421.0
220.58,2747.0
220.6,3065.0
220.61,3216.0
220.63,3496.0
220.65,3738.0
220.66,3843.0
220.68,4024.0
220.7,4170.0
220.71,4234.0
220.73,4350.0
220.75,4464.0
220.76,4526.0
220.78,4665.0
220.79,4745.0
220.81,4925.0
220.83,5129.0
220.84,5237.0
220.86,5452.0
220.88,5650.0
220.89,5736.0
220.91,5869.0
220.93,5936.0
220.94,5941.0
220.96,5892.0
220.98,5765.0
220.99,5674.0
221.01,5447.0
221.03,5173.0
221.04,5023.0
221.06,4711.0
221.08,4395.0
221.09,4240.0
221.11,3945.0
221.13,3678.0
221.14,3559.0
221.16,3354.0
221.17,3271.0
221.19,3149.0
221.21,3095.0
221.22,3097.0
221.24,3163.0
221.26,3318.0
221.27,3430.0
221.29,3722.0
221.31,4098.0
221.32,4312.0
221.34,4779.0
221.36,5275.0
221.37,5524.0
221.39,6004.0
221.41,6430.0
221.42,6614.0
221.44,6909.0
221.46,7093.0
221.47,7142.0
221.49,7154.0
221.51,7060.0
221.52,6979.0
221.54,6761.0
221.55,6630.0
221.57,6342.0
221.59,6038.0
221.6,5887.0
221.62,5598.0
221.64,5338.0
221.65,5222.0
221.67,5024.0
221.69,4872.0
221.7,4813.0
221.72,4731.0
221.74,4691.0
221.75,4686.0
221.77,4702.0
221.79,4750.0
221.8,4785.0
221.82,4874.0
221.84,4989.0
221.85,5057.0
221.87,5213.0
221.88,5303.0
221.9,5510.0
221.92,5755.0
221.93,5893.0
221.95,6200.0
221.97,6542.0
221.98,6723.0
222.0,7092.0
222.02,7454.0
222.03,7622.0
222.05,7917.0
222.07,8129.0
222.08,8197.0
222.1,8241.0
222.12,8156.0
222.13,8064.0
222.15,7786.0
222.17,7401.0
222.18,7176.0
222.2,6681.0
222.22,6156.0
222.23,5894.0
222.25,5388.0
222.26,5152.0
222.28,4724.0
222.3,4368.0
222.31,4218.0
222.33,3972.0
222.35,3790.0
222.36,3718.0
222.38,3604.0
222.4,3512.0
222.41,3469.0
222.43,3379.0
222.45,3275.0
222.46,3215.0
222.48,3078.0
222.5,2917.0
222.51,2829.0
222.53,2643.0
222.55,2451.0
222.56,2357.0
222.58,2178.0
222.6,2025.0
222.61,1961.0
222.63,1866.0
222.64,1838.0
222.66,1826.0
222.68,1882.0
222.69,1938.0
222.71,2113.0
222.73,2381.0
222.74,2554.0
222.76,2989.0
222.78,3559.0
222.79,3901.0
222.81,4716.0
222.83,5724.0
222.84,6308.0
222.86,7641.0
222.88,9200.0
222.89,10060.0
222.91,11930.0
222.93,13950.0
222.94,15000.0
222.96,17120.0
222.97,18160.0
222.99,20150.0
223.01,21930.0
223.02,22710.0
223.04,23990.0
223.06,24850.0
223.07,25110.0
223.09,25290.0
223.11,25040.0
223.12,24760.0
223.14,23950.0
223.16,22840.0
223.17,22200.0
223.19,20800.0
223.21,19290.0
223.22,18520.0
223.24,16950.0
223.26,15390.0
223.27,14630.0
223.29,13150.0
223.31,11770.0
223.32,11110.0
223.34,9885.0
223.35,9317.0
223.37,8276.0
223.39,7359.0
223.4,6944.0
223.42,6196.0
223.44,5543.0
223.45,5246.0
223.47,4700.0
223.49,4207.0
223.5,3976.0
223.52,3540.0
223.54,3139.0
223.55,2952.0
223.57,2607.0
223.59,2310.0
223.6,2182.0
223.62,1973.0
223.64,1832.0
223.65,1789.0
223.67,1760.0
223.69,1806.0
223.7,1856.0
223.72,2004.0
223.73,2099.0
223.75,2326.0
223.77,2586.0
223.78,2723.0
223.8,3001.0
223.82,3266.0
223.83,3388.0
223.85,3601.0
223.87,3762.0
223.88,3820.0
223.9,3884.0
223.92,3881.0
223.93,3854.0
223.95,3757.0
223.97,3610.0
223.98,3523.0
224.0,3330.0
224.02,3129.0
224.03,3031.0
224.05,2850.0
224.07,2699.0
224.08,2637.0
224.1,2545.0
224.11,2515.0
224.13,2484.0
224.15,2487.0
224.16,2498.0
224.18,2534.0
224.2,2579.0
224.21,2603.0
224.23,2646.0
224.25,2682.0
224.26,2697.0
224.28,2723.0
224.3,2747.0
224.31,2760.0
224.33,2796.0
224.35,2852.0
224.36,2891.0
224.38,2995.0
224.4,3142.0
224.41,3233.0
224.43,3450.0
224.44,3576.0
224.46,3862.0
224.48,4185.0
224.49,4357.0
224.51,4713.0
224.53,5073.0
224.54,5248.0
224.56,5582.0
224.58,5881.0
224.59,6015.0
224.61,6249.0
224.63,6441.0
224.64,6523.0
224.66,6668.0
224.68,6801.0
224.69,6869.0
224.71,7019.0
224.73,7202.0
224.74,7309.0
224.76,7558.0
224.78,7856.0
224.79,8021.0
224.81,8376.0
224.82,8562.0
224.84,8939.0
224.86,9304.0
224.87,9474.0
224.89,9779.0
224.91,10020.0
224.92,10110.0
224.94,10230.0
224.96,10270.0
224.97,10260.0
224.99,10190.0
225.01,10090.0
225.02,10030.0
225.04,9928.0
225.06,9873.0
225.07,9872.0
225.09,9938.0
225.11,10100.0
225.12,10220.0
225.14,10510.0
225.16,10850.0
225.17,11030.0
225.19,11350.0
225.2,11490.0
225.22,11690.0
225.24,11740.0
225.25,11700.0
225.27,11480.0
225.29,11090.0
225.3,10830.0
225.32,10210.0
225.34,9492.0
225.35,9115.0
225.37,8358.0
225.39,7643.0
225.4,7317.0
225.42,6754.0
225.44,6337.0
225.45,6190.0
225.47,6021.0
225.49,6015.0
225.5,6069.0
225.52,6270.0
225.54,6568.0
225.55,6740.0
225.57,7103.0
225.58,7282.0
225.6,7610.0
225.62,7866.0
225.63,7957.0
225.65,8054.0
225.67,8027.0
225.68,7968.0
225.7,7762.0
225.72,7455.0
225.73,7270.0
225.75,6854.0
225.77,6397.0
225.78,6162.0
225.8,5690.0
225.82,5234.0
225.83,5016.0
225.85,4610.0
225.87,4250.0
225.88,4088.0
225.9,3806.0
225.91,3685.0
225.93,3483.0
225.95,3330.0
225.96,3272.0
225.98,3183.0
226.0,3126.0
226.01,3105.0
226.03,3074.0
226.05,3046.0
226.06,3031.0
226.08,2993.0
226.1,2942.0
226.11,2912.0
226.13,2843.0
226.15,2770.0
226.16,2735.0
226.18,2674.0
226.2,2635.0
226.21,2627.0
226.23,2640.0
226.25,2696.0
226.26,2740.0
226.28,2860.0
226.29,2935.0
226.31,3107.0
226.33,3299.0
226.34,3398.0
226.36,3593.0
226.38,3771.0
226.39,3850.0
226.41,3977.0
226.43,4059.0
226.44,4080.0
226.46,4081.0
226.48,4029.0
226.49,3984.0
226.51,3859.0
226.53,3697.0
226.54,3605.0
226.56,3408.0
226.58,3203.0
226.59,3102.0
226.61,2910.0
226.63,2740.0
226.64,2666.0
226.66,2545.0
226.67,2498.0
226.69,2435.0
226.71,2409.0
226.72,2410.0
226.74,2434.0
226.76,2483.0
226.77,2514.0
226.79,2584.0
226.81,2657.0
226.82,2692.0
226.84,2753.0
226.86,2796.0
226.87,2810.0
226.89,2817.0
226.91,2795.0
226.92,2772.0
226.94,2703.0
226.96,2602.0
226.97,2541.0
226.99,2399.0
227.01,2234.0
227.02,2145.0
227.04,1959.0
227.05,1862.0
227.07,1669.0
227.09,1479.0
227.1,1387.0
227.12,1213.0
227.14,1056.0
227.15,983.6
227.17,853.9
227.19,744.0
227.2,696.2
227.22,614.6
227.24,550.1
227.25,523.9
227.27,482.1
227.29,453.3
227.3,443.2
227.32,430.5
227.34,426.2
227.35,426.6
227.37,431.2
227.38,434.9
227.4,443.5
227.42,452.2
227.43,455.9
227.45,460.9
227.47,461.7
227.48,460.3
227.5,453.7
227.52,442.6
227.53,435.6
227.55,419.4
227.57,401.7
227.58,392.7
227.6,375.5
227.62,360.2
227.63,353.6
227.65,343.0
227.67,336.3
227.68,334.6
227.7,335.0
227.72,341.4
227.73,347.3
227.75,365.8
227.76,379.1
227.78,415.6
227.8,468.6
227.81,502.5
227.83,587.3
227.85,697.3
227.86,762.4
227.88,913.2
227.9,1090.0
227.91,1186.0
227.93,1393.0
227.95,1608.0
227.96,1716.0
227.98,1923.0
228.0,2108.0
228.01,2188.0
228.03,2316.0
228.05,2394.0
228.06,2412.0
228.08,2406.0
228.1,2346.0
228.11,2297.0
228.13,2169.0
228.14,2093.0
228.16,1925.0
228.18,1749.0
228.19,1663.0
228.21,1501.0
228.23,1365.0
228.24,1308.0
228.26,1223.0
228.28,1175.0
228.29,1166.0
228.31,1172.0
228.33,1207.0
228.34,1233.0
228.36,1295.0
228.38,1362.0
228.39,1394.0
228.41,1450.0
228.43,1487.0
228.44,1497.0
228.46,1496.0
228.48,1466.0
228.49,1441.0
228.51,1370.0
228.52,1326.0
228.54,1225.0
228.56,1113.0
228.57,1054.0
228.59,938.1
228.61,829.2
228.62,779.6
228.64,693.0
228.66,626.7
228.67,602.0
228.69,570.3
228.71,561.8
228.72,565.9
228.74,589.2
228.76,629.8
228.77,655.1
228.79,713.0
228.81,775.9
228.82,807.3
228.84,866.9
228.85,893.5
228.87,937.5
228.89,965.5
228.9,972.5
228.92,971.4
228.94,949.8
228.95,931.6
228.97,881.8
228.99,817.3
229.0,781.0
229.02,703.2
229.04,623.1
229.05,583.8
229.07,509.9
229.09,445.5
229.1,417.9
229.12,373.6
229.14,345.1
229.15,336.9
229.17,333.1
229.19,345.4
229.2,357.5
229.22,392.7
229.23,415.6
229.25,471.5
229.27,539.7
229.28,578.2
229.3,662.9
229.32,756.9
229.33,806.8
229.35,911.1
229.37,1019.0
229.38,1074.0
229.4,1182.0
229.42,1286.0
229.43,1335.0
229.45,1426.0
229.47,1505.0
229.48,1539.0
229.5,1596.0
229.52,1639.0
229.53,1656.0
229.55,1679.0
229.57,1693.0
229.58,1697.0
229.6,1702.0
229.61,1703.0
229.63,1705.0
229.65,1709.0
229.66,1712.0
229.68,1724.0
229.7,1743.0
229.71,1756.0
229.73,1791.0
229.75,1838.0
229.76,1866.0
229.78,1932.0
229.8,2011.0
229.81,2054.0
229.83,2147.0
229.85,2242.0
229.86,2288.0
229.88,2374.0
229.9,2443.0
229.91,2469.0
229.93,2498.0
229.95,2492.0
229.96,2475.0
229.98,2412.0
229.99,2366.0
230.01,2249.0
230.03,2104.0
230.04,2024.0
230.06,1855.0
230.08,1685.0
230.09,1603.0
230.11,1454.0
230.13,1333.0
230.14,1286.0
230.16,1223.0
230.18,1207.0
230.19,1218.0
230.21,1278.0
230.23,1389.0
230.24,1462.0
230.26,1645.0
230.28,1870.0
230.29,1997.0
230.31,2277.0
230.32,2429.0
230.34,2751.0
230.36,3096.0
230.37,3274.0
230.39,3639.0
230.41,4010.0
230.42,4194.0
230.44,4555.0
230.46,4895.0
230.47,5053.0
230.49,5337.0
230.51,5565.0
230.52,5655.0
230.54,5781.0
230.56,5828.0
230.57,5823.0
230.59,5755.0
230.61,5621.0
230.62,5533.0
230.64,5326.0
230.66,5092.0
230.67,4970.0
230.69,4729.0
230.7,4612.0
230.72,4394.0
230.74,4202.0
230.75,4116.0
230.77,3966.0
230.79,3840.0
230.8,3784.0
230.82,3684.0
230.84,3593.0
230.85,3549.0
230.87,3463.0
230.89,3376.0
230.9,3333.0
230.92,3246.0
230.94,3165.0
230.95,3127.0
230.97,3062.0
230.99,3018.0
231.0,3006.0
231.02,3007.0
231.04,3045.0
231.05,3080.0
231.07,3178.0
231.08,3242.0
231.1,3395.0
231.12,3575.0
231.13,3670.0
231.15,3865.0
231.17,4049.0
231.18,4133.0
231.2,4274.0
231.22,4368.0
231.23,4395.0
231.25,4405.0
231.27,4354.0
231.28,4308.0
231.3,4175.0
231.32,3997.0
231.33,3895.0
231.35,3671.0
231.37,3433.0
231.38,3311.0
231.4,3072.0
231.42,2843.0
231.43,2734.0
231.45,2534.0
231.46,2443.0
231.48,2279.0
231.5,2143.0
231.51,2086.0
231.53,1991.0
231.55,1924.0
231.56,1900.0
231.58,1872.0
231.6,1867.0
231.61,1874.0
231.63,1903.0
231.65,1953.0
231.66,1986.0
231.68,2068.0
231.7,2172.0
231.71,2234.0
231.73,2382.0
231.75,2569.0
231.76,2682.0
231.78,2959.0
231.79,3128.0
231.81,3544.0
231.83,4091.0
231.84,4424.0
231.86,5231.0
231.88,6251.0
231.89,6849.0
231.91,8231.0
231.93,9857.0
231.94,10760.0
231.96,12700.0
231.98,14780.0
231.99,15850.0
232.01,17960.0
232.03,19940.0
232.04,20840.0
232.06,22400.0
232.08,23530.0
232.09,23910.0
232.11,24250.0
232.13,24030.0
232.14,23710.0
232.16,22690.0
232.17,22020.0
232.19,20380.0
232.21,18480.0
232.22,17460.0
232.24,15380.0
232.26,13340.0
232.27,12360.0
232.29,10530.0
232.31,8925.0
232.32,8215.0
232.34,6992.0
232.36,6032.0
232.37,5647.0
232.39,5057.0
232.41,4690.0
232.42,4583.0
232.44,4509.0
232.46,4608.0
232.47,4718.0
232.49,5053.0
232.51,5533.0
232.52,5827.0
232.54,6517.0
232.55,6912.0
232.57,7801.0
232.59,8813.0
232.6,9362.0
232.62,10530.0
232.64,11780.0
232.65,12430.0
232.67,13730.0
232.69,15000.0
232.7,15610.0
232.72,16740.0
232.74,17700.0
232.75,18090.0
232.77,18680.0
232.79,18970.0
232.8,19000.0
232.82,18820.0
232.84,18330.0
232.85,17990.0
232.87,17140.0
232.88,16650.0
232.9,15610.0
232.92,14550.0
232.93,14040.0
232.95,13150.0
232.97,12490.0
232.98,12270.0
233.0,12110.0
233.02,12370.0
233.03,12660.0
233.05,13620.0
233.07,15080.0
233.08,16000.0
233.1,18210.0
233.12,20890.0
233.13,22390.0
233.15,25670.0
233.17,29250.0
233.18,31120.0
233.2,34930.0
233.22,38700.0
233.23,40510.0
233.25,43880.0
233.26,45380.0
233.28,47920.0
233.3,49700.0
233.31,50260.0
233.33,50650.0
233.35,50040.0
233.36,49360.0
233.38,47290.0
233.4,44370.0
233.41,42640.0
233.43,38770.0
233.45,34530.0
233.46,32350.0
233.48,27980.0
233.5,23790.0
233.51,21810.0
233.53,18190.0
233.55,15110.0
233.56,13790.0
233.58,11620.0
233.6,10100.0
233.61,9585.0
233.63,9011.0
233.64,8946.0
233.66,9229.0
233.68,10010.0
233.69,10560.0
233.71,11930.0
233.73,13570.0
233.74,14450.0
233.76,16280.0
233.78,18070.0
233.79,18910.0
233.81,20400.0
233.83,21550.0
233.84,21970.0
233.86,22460.0
233.88,22460.0
233.89,22270.0
233.91,21560.0
233.93,20440.0
233.94,19760.0
233.96,18230.0
233.98,16570.0
233.99,15720.0
234.01,14100.0
234.02,13340.0
234.04,12010.0
234.06,11000.0
234.07,10640.0
234.09,10270.0
234.11,10430.0
234.12,10740.0
234.14,11870.0
234.16,13760.0
234.17,15010.0
234.19,18200.0
234.21,22350.0
234.22,24790.0
234.24,30410.0
234.26,36950.0
234.27,40520.0
234.29,48140.0
234.31,56150.0
234.32,60190.0
234.34,68100.0
234.35,71860.0
234.37,78720.0
234.39,84350.0
234.4,86590.0
234.42,89740.0
234.44,90980.0
234.45,90870.0
234.47,89200.0
234.49,85780.0
234.5,83490.0
234.52,78000.0
234.54,71630.0
234.55,68250.0
234.57,61400.0
234.59,54770.0
234.6,51650.0
234.62,46030.0
234.64,41450.0
234.65,39600.0
234.67,36870.0
234.69,35470.0
234.7,35260.0
234.72,35760.0
234.73,36430.0
234.75,38470.0
234.77,41240.0
234.78,42790.0
234.8,46050.0
234.82,49190.0
234.83,50620.0
234.85,52990.0
234.87,54510.0
234.88,54890.0
234.9,54830.0
234.92,53640.0
234.93,52660.0
234.95,49970.0
234.97,46520.0
234.98,44580.0
235.0,40440.0
235.02,36190.0
235.03,34100.0
235.05,30110.0
235.07,26520.0
235.08,24910.0
235.1,22080.0
235.11,20870.0
235.13,18830.0
235.15,17270.0
235.16,16640.0
235.18,15640.0
235.2,14900.0
235.21,14620.0
235.23,14160.0
235.25,13820.0
235.26,13690.0
235.28,13510.0
235.3,13420.0
235.31,13420.0
235.33,13490.0
235.35,13700.0
235.36,13850.0
235.38,14250.0
235.4,14770.0
235.41,15070.0
235.43,15710.0
235.45,16380.0
235.46,16700.0
235.48,17310.0
235.49,17570.0
235.51,17990.0
235.53,18230.0
235.54,18280.0
235.56,18200.0
235.58,17910.0
235.59,17690.0
235.61,17130.0
235.63,16440.0
235.64,16070.0
235.66,15330.0
235.68,14650.0
235.69,14360.0
235.71,13940.0
235.73,13790.0
235.74,13840.0
235.76,14250.0
235.78,15120.0
235.79,15740.0
235.81,17380.0
235.82,18410.0
235.84,20850.0
235.86,23790.0
235.87,25430.0
235.89,28990.0
235.91,32800.0
235.92,34760.0
235.94,38650.0
235.96,42350.0
235.97,44070.0
235.99,47120.0
236.01,49510.0
236.02,50410.0
236.04,51550.0
236.06,51780.0
236.07,51550.0
236.09,50430.0
236.11,48510.0
236.12,47290.0
236.14,44450.0
236.16,41250.0
236.17,39570.0
236.19,36200.0
236.2,34560.0
236.22,31490.0
236.24,28810.0
236.25,27660.0
236.27,25790.0
236.29,24560.0
236.3,24190.0
236.32,23920.0
236.34,24270.0
236.35,24660.0
236.37,25790.0
236.39,27310.0
236.4,28180.0
236.42,30040.0
236.44,31970.0
236.45,32900.0
236.47,34650.0
236.49,36100.0
236.5,36700.0
236.52,37550.0
236.54,37910.0
236.55,37900.0
236.57,37510.0
236.58,37140.0
236.6,36070.0
236.62,34630.0
236.63,33810.0
236.65,32010.0
236.67,30110.0
236.68,29160.0
236.7,27290.0
236.72,25540.0
236.73,24740.0
236.75,23310.0
236.77,22140.0
236.78,21650.0
236.8,20900.0
236.82,20440.0
236.83,20300.0
236.85,20230.0
236.87,20380.0
236.88,20520.0
236.9,20930.0
236.92,21430.0
236.93,21710.0
236.95,22260.0
236.96,22520.0
236.98,22980.0
237.0,23310.0
237.01,23410.0
237.03,23470.0
237.05,23340.0
237.06,23210.0
237.08,22820.0
237.1,22320.0
237.11,22060.0
237.13,21570.0
237.15,21230.0
237.16,21150.0
237.18,21270.0
237.2,21830.0
237.21,22310.0
237.23,23700.0
237.25,25670.0
237.26,26880.0
237.28,29660.0
237.29,31220.0
237.31,34550.0
237.33,38020.0
237.34,39740.0
237.36,43020.0
237.38,45880.0
237.39,47100.0
237.41,49020.0
237.43,50150.0
237.44,50410.0
237.46,50300.0
237.48,49420.0
237.49,48730.0
237.51,46910.0
237.53,44660.0
237.54,43430.0
237.56,40840.0
237.58,38220.0
237.59,36930.0
237.61,34440.0
237.63,32130.0
237.64,31050.0
237.66,29020.0
237.67,28080.0
237.69,26330.0
237.71,24730.0
237.72,23980.0
237.74,22590.0
237.76,21350.0
237.77,20800.0
237.79,19850.0
237.81,19140.0
237.82,18900.0
237.84,18660.0
237.86,18810.0
237.87,19050.0
237.89,19900.0
237.91,21300.0
237.92,22230.0
237.94,24640.0
237.96,27890.0
237.97,29870.0
237.99,34680.0
238.01,40790.0
238.02,44400.0
238.04,52840.0
238.05,57720.0
238.07,68850.0
238.09,81800.0
238.1,88930.0
238.12,104300.0
238.14,120800.0
238.15,129300.0
238.17,146200.0
238.19,162500.0
238.2,170000.0
238.22,183400.0
238.24,193700.0
238.25,197500.0
238.27,202000.0
238.29,202100.0
238.3,200400.0
238.32,194000.0
238.34,183600.0
238.35,177200.0
238.37,162500.0
238.39,145800.0
238.4,137100.0
238.42,119500.0
238.43,110700.0
238.45,93920.0
238.47,78390.0
238.48,71230.0
238.5,58310.0
238.52,47300.0
238.53,42510.0
238.55,34310.0
238.57,27830.0
238.58,25170.0
238.6,20910.0
238.62,17910.0
238.63,16830.0
238.65,15450.0
238.67,15000.0
238.68,15100.0
238.7,15900.0
238.72,17450.0
238.73,18490.0
238.75,21030.0
238.76,22520.0
238.78,25830.0
238.8,29480.0
238.81,31370.0
238.83,35160.0
238.85,38770.0
238.86,40440.0
238.88,43360.0
238.9,45560.0
238.91,46340.0
238.93,47190.0
238.95,47030.0
238.96,46580.0
238.98,44970.0
239.0,42520.0
239.01,41030.0
239.03,37640.0
239.05,33890.0
239.06,31940.0
239.08,28040.0
239.1,24250.0
239.11,22450.0
239.13,19100.0
239.14,17580.0
239.16,14840.0
239.18,12540.0
239.19,11560.0
239.21,9935.0
239.23,8742.0
239.24,8309.0
239.26,7785.0
239.28,7752.0
239.29,7942.0
239.31,8798.0
239.33,10400.0
239.34,11530.0
239.36,14550.0
239.38,18740.0
239.39,21320.0
239.41,27550.0
239.43,35250.0
239.44,39660.0
239.46,49550.0
239.48,60670.0
239.49,66600.0
239.51,78920.0
239.52,85180.0
239.54,97510.0
239.56,109000.0
239.57,114300.0
239.59,123400.0
239.61,130100.0
239.62,132500.0
239.64,135100.0
239.66,134700.0
239.67,133500.0
239.69,129200.0
239.71,122800.0
239.72,119000.0
239.74,110600.0
239.76,101900.0
239.77,97660.0
239.79,89620.0
239.81,82660.0
239.82,79700.0
239.84,74940.0
239.86,71730.0
239.87,70680.0
239.89,69560.0
239.9,69400.0
239.92,69670.0
239.94,70390.0
239.95,70800.0
239.97,71480.0
239.99,71720.0
240.0,71610.0
240.02,70810.0
240.04,69200.0
240.05,68100.0
240.07,65350.0
240.09,62000.0
240.1,60160.0
240.12,56270.0
240.14,52290.0
240.15,50330.0
240.17,46570.0
240.19,43190.0
240.2,41670.0
240.22,39060.0
240.23,38000.0
240.25,36380.0
240.27,35530.0
240.28,35410.0
240.3,35830.0
240.32,37180.0
240.33,38220.0
240.35,41060.0
240.37,44930.0
240.38,47230.0
240.4,52510.0
240.42,58550.0
240.43,61800.0
240.45,68530.0
240.47,75330.0
240.48,78630.0
240.5,84800.0
240.52,90090.0
240.53,92310.0
240.55,95740.0
240.57,97670.0
240.58,98050.0
240.6,97640.0
240.61,96870.0
240.63,94300.0
240.65,90530.0
240.66,88260.0
240.68,83140.0
240.7,77430.0
240.71,74440.0
240.73,68310.0
240.75,62160.0
240.76,59130.0
240.78,53290.0
240.8,47860.0
240.81,45350.0
240.83,40820.0
240.85,37080.0
240.86,35550.0
240.88,33260.0
240.9,32070.0
240.91,31920.0
240.93,32520.0
240.95,34300.0
240.96,35620.0
240.98,39020.0
240.99,41060.0
241.01,45650.0
241.03,50690.0
241.04,53270.0
241.06,58340.0
241.08,63010.0
241.09,65080.0
241.11,68530.0
241.13,70870.0
241.14,71570.0
241.16,72030.0
241.18,71230.0
241.19,70400.0
241.21,67980.0
241.23,64740.0
241.24,62890.0
241.26,58910.0
241.28,54750.0
241.29,52670.0
241.31,48600.0
241.33,44770.0
241.34,42960.0
241.36,39550.0
241.37,37960.0
241.39,34960.0
241.41,32170.0
241.42,30840.0
241.44,28270.0
241.46,25810.0
241.47,24610.0
241.49,22290.0
241.51,20100.0
241.52,19060.0
241.54,17120.0
241.56,15400.0
241.57,14630.0
241.59,13310.0
241.61,12270.0
241.62,11850.0
241.64,11240.0
241.66,10900.0
241.67,10820.0
241.69,10810.0
241.7,10870.0
241.72,11100.0
241.74,11430.0
241.75,11620.0
241.77,11990.0
241.79,12340.0
241.8,12490.0
241.82,12700.0
241.84,12790.0
241.85,12770.0
241.87,12620.0
241.89,12290.0
241.9,12070.0
241.92,11510.0
241.94,10820.0
241.95,10430.0
241.97,9609.0
241.99,8748.0
242.0,8317.0
242.02,7482.0
242.04,6716.0
242.05,6371.0
242.07,5779.0
242.08,5541.0
242.1,5200.0
242.12,5060.0
242.13,5074.0
242.15,5283.0
242.17,5751.0
242.18,6088.0
242.2,6974.0
242.22,8151.0
242.23,8849.0
242.25,10460.0
242.27,12340.0
242.28,13370.0
242.3,15600.0
242.32,17980.0
242.33,19220.0
242.35,21710.0
242.37,24170.0
242.38,25360.0
242.4,27590.0
242.42,29550.0
242.43,30410.0
242.45,31850.0
242.46,32430.0
242.48,33310.0
242.5,33870.0
242.51,34060.0
242.53,34340.0
242.55,34660.0
242.56,34890.0
242.58,35650.0
242.6,36990.0
242.61,37950.0
242.63,40550.0
242.65,44170.0
242.66,46380.0
242.68,51590.0
242.7,57770.0
242.71,61150.0
242.73,68330.0
242.75,75770.0
242.76,79460.0
242.78,86490.0
242.79,89720.0
242.81,95380.0
242.83,99640.0
242.84,101200.0
242.86,102900.0
242.88,102700.0
242.89,102000.0
242.91,99200.0
242.93,94930.0
242.94,92320.0
242.96,86380.0
242.98,79770.0
242.99,76330.0
243.01,69380.0
243.03,62590.0
243.04,59340.0
243.06,53230.0
243.08,47780.0
243.09,45330.0
243.11,41030.0
243.13,37530.0
243.14,36090.0
243.16,33780.0
243.17,32910.0
243.19,31690.0
243.21,31110.0
243.22,31020.0
243.24,31200.0
243.26,31770.0
243.27,32160.0
243.29,33100.0
243.31,34180.0
243.32,34740.0
243.34,35880.0
243.36,37000.0
243.37,37540.0
243.39,38580.0
243.41,39590.0
243.42,40080.0
243.44,41090.0
243.46,42170.0
243.47,42760.0
243.49,44090.0
243.51,45690.0
243.52,46630.0
243.54,48870.0
243.55,50200.0
243.57,53370.0
243.59,57330.0
243.6,59640.0
243.62,64960.0
243.64,71240.0
243.65,74730.0
243.67,82320.0
243.69,90580.0
243.7,94870.0
243.72,103500.0
243.74,112000.0
243.75,116000.0
243.77,123200.0
243.79,129100.0
243.8,131400.0
243.82,134500.0
243.84,135500.0
243.85,135300.0
243.87,133100.0
243.89,128900.0
243.9,126100.0
243.92,119500.0
243.93,115800.0
243.95,107600.0
243.97,98960.0
243.98,94560.0
244.0,85850.0
244.02,77480.0
244.03,73500.0
244.05,66020.0
244.07,59250.0
244.08,56140.0
244.1,50450.0
244.12,45400.0
244.13,43100.0
244.15,38890.0
244.17,35120.0
244.18,33390.0
244.2,30200.0
244.22,27360.0
244.23,26080.0
244.25,23810.0
244.26,22830.0
244.28,21230.0
244.3,20150.0
244.31,19820.0
244.33,19630.0
244.35,20090.0
244.36,20560.0
244.38,21990.0
244.4,24040.0
244.41,25270.0
244.43,28100.0
244.45,31310.0
244.46,33030.0
244.48,36560.0
244.5,40130.0
244.51,41880.0
244.53,45210.0
244.55,48210.0
244.56,49550.0
244.58,51840.0
244.6,53560.0
244.61,54180.0
244.63,54930.0
244.64,55050.0
244.66,54800.0
244.68,53900.0
244.69,53220.0
244.71,51430.0
244.73,49150.0
244.74,47850.0
244.76,44990.0
244.78,41870.0
244.79,40260.0
244.81,36980.0
244.83,33730.0
244.84,32150.0
244.86,29160.0
244.88,26460.0
244.89,25250.0
244.91,23170.0
244.93,21600.0
244.94,21040.0
244.96,20390.0
244.98,20480.0
244.99,20830.0
245.01,22220.0
245.02,23280.0
245.04,26250.0
245.06,30450.0
245.07,33050.0
245.09,39330.0
245.11,47120.0
245.12,51590.0
245.14,61630.0
245.16,73020.0
245.17,79150.0
245.19,92010.0
245.21,105300.0
245.22,111900.0
245.24,124700.0
245.26,136400.0
245.27,141600.0
245.29,150200.0
245.31,156200.0
245.32,158100.0
245.34,159400.0
245.36,157500.0
245.37,155400.0
245.39,148900.0
245.4,144700.0
245.42,134600.0
245.44,122900.0
245.45,116500.0
245.47,103500.0
245.49,90330.0
245.5,83890.0
245.52,71570.0
245.54,60300.0
245.55,55140.0
245.57,45890.0
245.59,38130.0
245.6,34810.0
245.62,29290.0
245.64,25200.0
245.65,23670.0
245.67,21540.0
245.69,20600.0
245.7,20530.0
245.72,21130.0
245.73,21780.0
245.75,23660.0
245.77,26230.0
245.78,27730.0
245.8,31040.0
245.82,34630.0
245.83,36460.0
245.85,40100.0
245.87,43530.0
245.88,45110.0
245.9,47900.0
245.92,50120.0
245.93,50980.0
245.95,52210.0
245.97,52790.0
245.98,52850.0
246.0,52590.0
246.02,51920.0
246.03,51480.0
246.05,50470.0
246.07,49400.0
246.08,48880.0
246.1,47910.0
246.11,47470.0
246.13,46690.0
246.15,46030.0
246.16,45730.0
246.18,45150.0
246.2,44540.0
246.21,44200.0
246.23,43420.0
246.25,42460.0
246.26,41920.0
246.28,40700.0
246.3,39340.0
246.31,38630.0
246.33,37180.0
246.35,35770.0
246.36,35110.0
246.38,33950.0
246.4,33050.0
246.41,32720.0
246.43,32350.0
246.45,32400.0
246.46,32590.0
246.48,33290.0
246.49,33810.0
246.51,35140.0
246.53,36820.0
246.54,37780.0
246.56,39840.0
246.58,42020.0
246.59,43120.0
246.61,45230.0
246.63,47120.0
246.64,47940.0
246.66,49230.0
246.68,49980.0
246.69,50130.0
246.71,49920.0
246.73,49050.0
246.74,48360.0
246.76,46550.0
246.78,44220.0
246.79,42890.0
246.81,40030.0
246.83,37010.0
246.84,35490.0
246.86,32530.0
246.87,31120.0
246.89,28520.0
246.91,26280.0
246.92,25320.0
246.94,23720.0
246.96,22550.0
246.97,22130.0
246.99,21550.0
247.01,21300.0
247.02,21270.0
247.04,21380.0
247.06,21640.0
247.07,21810.0
247.09,22200.0
247.11,22630.0
247.12,22860.0
247.14,23350.0
247.16,23880.0
247.17,24160.0
247.19,24780.0
247.2,25120.0
247.22,25860.0
247.24,26670.0
247.25,27100.0
247.27,27980.0
247.29,28850.0
247.3,29260.0
247.32,30020.0
247.34,30630.0
247.35,30860.0
247.37,31140.0
247.39,31160.0
247.4,31070.0
247.42,30680.0
247.44,30020.0
247.45,29610.0
247.47,28610.0
247.49,27430.0
247.5,26780.0
247.52,25410.0
247.54,23960.0
247.55,23220.0
247.57,21710.0
247.58,20960.0
247.6,19480.0
247.62,18040.0
247.63,17340.0
247.65,16020.0
247.67,14830.0
247.68,14280.0
247.7,13330.0
247.72,12580.0
247.73,12290.0
247.75,11890.0
247.77,11760.0
247.78,11790.0
247.8,12060.0
247.82,12580.0
247.83,12930.0
247.85,13790.0
247.87,14820.0
247.88,15390.0
247.9,16610.0
247.92,17870.0
247.93,18500.0
247.95,19740.0
247.96,20340.0
247.98,21440.0
248.0,22420.0
248.01,22860.0
248.03,23610.0
248.05,24220.0
248.06,24470.0
248.08,24900.0
248.1,25240.0
248.11,25390.0
248.13,25690.0
248.15,25990.0
248.16,26160.0
248.18,26520.0
248.2,26930.0
248.21,27150.0
248.23,27600.0
248.25,28040.0
248.26,28240.0
248.28,28590.0
248.3,28810.0
248.31,28870.0
248.33,28870.0
248.34,28800.0
248.36,28550.0
248.38,28130.0
248.39,27880.0
248.41,27300.0
248.43,26670.0
248.44,26350.0
248.46,25740.0
248.48,25210.0
248.49,24980.0
248.51,24640.0
248.53,24440.0
248.54,24400.0
248.56,24410.0
248.58,24540.0
248.59,24640.0
248.61,24860.0
248.63,25060.0
248.64,25150.0
248.66,25240.0
248.67,25240.0
248.69,25140.0
248.71,24910.0
248.72,24740.0
248.74,24340.0
248.76,23890.0
248.77,23680.0
248.79,23310.0
248.81,23120.0
248.82,23110.0
248.84,23330.0
248.86,23910.0
248.87,24350.0
248.89,25540.0
248.91,27150.0
248.92,28110.0
248.94,30290.0
248.96,32760.0
248.97,34090.0
248.99,36860.0
249.01,39700.0
249.02,41120.0
249.04,43930.0
249.05,45290.0
249.07,47930.0
249.09,50420.0
249.1,51610.0
249.12,53940.0
249.14,56220.0
249.15,57380.0
249.17,59770.0
249.19,62330.0
249.2,63690.0
249.22,66610.0
249.24,69760.0
249.25,71400.0
249.27,74750.0
249.29,78030.0
249.3,79570.0
249.32,82310.0
249.34,84360.0
249.35,85040.0
249.37,85580.0
249.39,84890.0
249.4,84050.0
249.42,81350.0
249.43,79510.0
249.45,74940.0
249.47,69340.0
249.48,66240.0
249.5,59640.0
249.52,52750.0
249.53,49310.0
249.55,42620.0
249.57,36410.0
249.58,33550.0
249.6,28450.0
249.62,24270.0
249.63,22550.0
249.65,19880.0
249.67,18250.0
249.68,17810.0
249.7,17690.0
249.72,18520.0
249.73,19260.0
249.75,21380.0
249.77,24240.0
249.78,25920.0
249.8,29670.0
249.81,31710.0
249.83,35990.0
249.85,40370.0
249.86,42520.0
249.88,46630.0
249.9,50270.0
249.91,51840.0
249.93,54380.0
249.95,56000.0
249.96,56420.0
249.98,56500.0
250.0,55550.0
250.01,54710.0
250.03,52410.0
250.05,49430.0
250.06,47740.0
250.08,44140.0
250.1,40400.0
250.11,38560.0
250.13,35050.0
250.14,33420.0
250.16,30490.0
250.18,28100.0
250.19,27110.0
250.21,25570.0
250.23,24600.0
250.24,24300.0
250.26,24050.0
250.28,24160.0
250.29,24330.0
250.31,24810.0
250.33,25380.0
250.34,25680.0
250.36,26220.0
250.38,26630.0
250.39,26760.0
250.41,26870.0
250.43,26740.0
250.44,26580.0
250.46,26100.0
250.48,25430.0
250.49,25050.0
250.51,24200.0
250.52,23770.0
250.54,22910.0
250.56,22140.0
250.57,21810.0
250.59,21280.0
250.61,20960.0
250.62,20890.0
250.64,20910.0
250.66,21130.0
250.67,21300.0
250.69,21750.0
250.71,22260.0
250.72,22520.0
250.74,23010.0
250.76,23390.0
250.77,23520.0
250.79,23610.0
250.81,23470.0
250.82,23300.0
250.84,22760.0
250.86,21980.0
250.87,21510.0
250.89,20430.0
250.9,19840.0
250.92,18620.0
250.94,17410.0
250.95,16840.0
250.97,15810.0
250.99,15010.0
251.0,14720.0
251.02,14390.0
251.04,14430.0
251.05,14590.0
251.07,15200.0
251.09,16180.0
251.1,16790.0
251.12,18200.0
251.14,19810.0
251.15,20660.0
251.17,22390.0
251.19,24070.0
251.2,24860.0
251.22,26320.0
251.24,27560.0
251.25,28090.0
251.27,28950.0
251.28,29290.0
251.3,29810.0
251.32,30160.0
251.33,30290.0
251.35,30510.0
251.37,30710.0
251.38,30830.0
251.4,31130.0
251.42,31530.0
251.43,31780.0
251.45,32380.0
251.47,33100.0
251.48,33510.0
251.5,34430.0
251.52,35460.0
251.53,36010.0
251.55,37210.0
251.57,38500.0
251.58,39180.0
251.6,40610.0
251.61,41340.0
251.63,42830.0
251.65,44310.0
251.66,45030.0
251.68,46380.0
251.7,47560.0
251.71,48070.0
251.73,48890.0
251.75,49420.0
251.76,49570.0
251.78,49660.0
251.8,49500.0
251.81,49340.0
251.83,48910.0
251.85,48410.0
251.86,48160.0
251.88,47720.0
251.9,47420.0
251.91,47330.0
251.93,47330.0
251.95,47540.0
251.96,47720.0
251.98,48210.0
251.99,48500.0
252.01,49150.0
252.03,49780.0
252.04,50080.0
252.06,50550.0
252.08,50820.0
252.09,50850.0
252.11,50700.0
252.13,50240.0
252.14,49880.0
252.16,48960.0
252.18,47760.0
252.19,47070.0
252.21,45580.0
252.23,43960.0
252.24,43140.0
252.26,41490.0
252.28,39900.0
252.29,39150.0
252.31,37780.0
252.33,36620.0
252.34,36140.0
252.36,35410.0
252.37,35160.0
252.39,34940.0
252.41,35110.0
252.42,35350.0
252.44,36140.0
252.46,37340.0
252.47,38090.0
252.49,39850.0
252.51,41910.0
252.52,43020.0
252.54,45330.0
252.56,47660.0
252.57,48800.0
252.59,50930.0
252.61,52780.0
252.62,53580.0
252.64,54850.0
252.66,55670.0
252.67,55910.0
252.69,56070.0
252.7,56000.0
252.72,55610.0
252.74,54970.0
252.75,54590.0
252.77,53770.0
252.79,52950.0
252.8,52570.0
252.82,51900.0
252.84,51410.0
252.85,51230.0
252.87,50990.0
252.89,50880.0
252.9,50860.0
252.92,50810.0
252.94,50680.0
252.95,50560.0
252.97,50130.0
252.99,49400.0
253.0,48910.0
253.02,47640.0
253.04,46010.0
253.05,45080.0
253.07,43020.0
253.08,41930.0
253.1,39710.0
253.12,37580.0
253.13,36610.0
253.15,34980.0
253.17,33890.0
253.18,33600.0
253.2,33610.0
253.22,34480.0
253.23,35250.0
253.25,37470.0
253.27,40540.0
253.28,42370.0
253.3,46520.0
253.32,51180.0
253.33,53650.0
253.35,58720.0
253.37,63790.0
253.38,66260.0
253.4,70960.0
253.42,75200.0
253.43,77100.0
253.45,80440.0
253.46,81860.0
253.48,84200.0
253.5,85930.0
253.51,86580.0
253.53,87550.0
253.55,88180.0
253.56,88430.0
253.58,88860.0
253.6,89380.0
253.61,89710.0
253.63,90620.0
253.65,91930.0
253.66,92760.0
253.68,94790.0
253.7,97310.0
253.71,98750.0
253.73,101900.0
253.75,105300.0
253.76,107100.0
253.78,110600.0
253.8,113900.0
253.81,115300.0
253.83,117900.0
253.84,118900.0
253.86,120100.0
253.88,120300.0
253.89,120000.0
253.91,118400.0
253.93,115500.0
253.94,113600.0
253.96,108900.0
253.98,103300.0
253.99,100100.0
254.01,93470.0
254.03,86470.0
254.04,82950.0
254.06,76060.0
254.08,69620.0
254.09,66650.0
254.11,61380.0
254.13,57140.0
254.14,55440.0
254.16,52970.0
254.17,52200.0
254.19,51560.0
254.21,52060.0
254.22,52700.0
254.24,54650.0
254.26,57300.0
254.27,58810.0
254.29,62020.0
254.31,65240.0
254.32,66760.0
254.34,69450.0
254.36,71470.0
254.37,72170.0
254.39,72830.0
254.41,72450.0
254.42,71860.0
254.44,69920.0
254.46,67040.0
254.47,65300.0
254.49,61350.0
254.51,56980.0
254.52,54710.0
254.54,50150.0
254.55,47930.0
254.57,43740.0
254.59,40050.0
254.6,38450.0
254.62,35830.0
254.64,34070.0
254.65,33550.0
254.67,33250.0
254.69,33980.0
254.7,34750.0
254.72,37070.0
254.74,40450.0
254.75,42510.0
254.77,47350.0
254.79,53020.0
254.8,56120.0
254.82,62720.0
254.84,69640.0
254.85,73140.0
254.87,80020.0
254.89,86480.0
254.9,89450.0
254.92,94700.0
254.93,96910.0
254.95,100400.0
254.97,102500.0
254.98,103000.0
255.0,102900.0
255.02,101400.0
255.03,100200.0
255.05,96910.0
255.07,92690.0
255.08,90310.0
255.1,85140.0
255.12,79630.0
255.13,76810.0
255.15,71170.0
255.17,65630.0
255.18,62920.0
255.2,57710.0
255.22,52770.0
255.23,50420.0
255.25,45930.0
255.27,41750.0
255.28,39770.0
255.3,36060.0
255.31,34320.0
255.33,31110.0
255.35,28280.0
255.36,27020.0
255.38,24870.0
255.4,23270.0
255.41,22690.0
255.43,22050.0
255.45,22160.0
255.46,22520.0
255.48,23900.0
255.5,26230.0
255.51,27770.0
255.53,31630.0
255.55,36530.0
255.56,39390.0
255.58,45870.0
255.6,53360.0
255.61,57460.0
255.63,66290.0
255.64,70990.0
255.66,80870.0
255.68,91240.0
255.69,96540.0
255.71,107300.0
255.73,118000.0
255.74,123300.0
255.76,133500.0
255.78,143100.0
255.79,147700.0
255.81,155900.0
255.83,163000.0
255.84,166000.0
255.86,170700.0
255.88,173700.0
255.89,174500.0
255.91,174500.0
255.93,172500.0
255.94,170700.0
255.96,165700.0
255.98,158800.0
255.99,154800.0
256.01,145900.0
256.02,141100.0
256.04,131100.0
256.06,121000.0
256.07,116200.0
256.09,107000.0
256.11,99200.0
256.12,95910.0
256.14,90850.0
256.16,88070.0
256.17,87590.0
256.19,88510.0
256.21,91910.0
256.22,94490.0
256.24,101200.0
256.26,109800.0
256.27,114600.0
256.29,124800.0
256.31,135400.0
256.32,140600.0
256.34,150500.0
256.36,159100.0
256.37,162700.0
256.39,168300.0
256.4,170200.0
256.42,171900.0
256.44,170700.0
256.45,169100.0
256.47,163900.0
256.49,156300.0
256.5,151700.0
256.52,141300.0
256.54,129700.0
256.55,123600.0
256.57,111200.0
256.59,98970.0
256.6,93030.0
256.62,81720.0
256.64,71420.0
256.65,66700.0
256.67,58190.0
256.69,50950.0
256.7,47800.0
256.72,42360.0
256.74,38010.0
256.75,36200.0
256.77,33220.0
256.78,32010.0
256.8,30090.0
256.82,28710.0
256.83,28180.0
256.85,27380.0
256.87,26850.0
256.88,26650.0
256.9,26360.0
256.92,26150.0
256.93,26060.0
256.95,25890.0
256.97,25710.0
256.98,25600.0
257.0,25380.0
257.02,25120.0
257.03,24980.0
257.05,24670.0
257.07,24350.0
257.08,24180.0
257.1,23830.0
257.11,23650.0
257.13,23300.0
257.15,22990.0
257.16,22860.0
257.18,22710.0
257.2,22790.0
257.21,22970.0
257.23,23750.0
257.25,25350.0
257.26,26590.0
257.28,30260.0
257.3,36080.0
257.31,40040.0
257.33,50650.0
257.35,65750.0
257.36,75360.0
257.38,99510.0
257.4,131300.0
257.41,150500.0
257.43,196200.0
257.45,252300.0
257.46,284400.0
257.48,356700.0
257.49,396800.0
257.51,484000.0
257.53,578800.0
257.54,628200.0
257.56,728800.0
257.58,828300.0
257.59,876100.0
257.61,965100.0
257.63,1041000.0
257.64,1073000.0
257.66,1122000.0
257.68,1148000.0
257.69,1153000.0
257.71,1144000.0
257.73,1113000.0
257.74,1089000.0
257.76,1028000.0
257.78,951800.0
257.79,909300.0
257.81,818600.0
257.83,724100.0
257.84,676800.0
257.86,584400.0
257.87,540100.0
257.89,456700.0
257.91,381700.0
257.92,347700.0
257.94,286700.0
257.96,235000.0
257.97,212400.0
257.99,173200.0
258.01,141200.0
258.02,127500.0
258.04,104100.0
258.06,85430.0
258.07,77550.0
258.09,64330.0
258.11,54050.0
258.12,49880.0
258.14,43220.0
258.16,38610.0
258.17,36990.0
258.19,34980.0
258.21,34450.0
258.22,34670.0
258.24,35970.0
258.25,36990.0
258.27,39640.0
258.29,42950.0
258.3,44790.0
258.32,48770.0
258.34,53030.0
258.35,55230.0
258.37,59740.0
258.39,64370.0
258.4,66740.0
258.42,71560.0
258.44,76530.0
258.45,79070.0
258.47,84260.0
258.49,89560.0
258.5,92220.0
258.52,97480.0
258.54,102500.0
258.55,104900.0
258.57,109300.0
258.58,111200.0
258.6,114400.0
258.62,116500.0
258.63,117200.0
258.65,117700.0
258.67,117100.0
258.68,116400.0
258.7,114600.0
258.72,112200.0
258.73,110900.0
258.75,108400.0
258.77,106500.0
258.78,105800.0
258.8,105300.0
258.82,106200.0
258.83,107300.0
258.85,110600.0
258.87,115600.0
258.88,118700.0
258.9,126000.0
258.92,134500.0
258.93,139100.0
258.95,148700.0
258.96,153700.0
258.98,163800.0
259.0,173700.0
259.01,178500.0
259.03,188000.0
259.05,197300.0
259.06,201900.0
259.08,211700.0
259.1,222500.0
259.11,228700.0
259.13,243100.0
259.15,261300.0
259.16,272200.0
259.18,298500.0
259.2,331600.0
259.21,350900.0
259.23,395500.0
259.25,447800.0
259.26,476700.0
259.28,539300.0
259.3,606500.0
259.31,641100.0
259.33,710400.0
259.34,744200.0
259.36,807800.0
259.38,863000.0
259.39,886400.0
259.41,922500.0
259.43,942400.0
259.44,945700.0
259.46,938700.0
259.48,913500.0
259.49,894500.0
259.51,844900.0
259.53,782300.0
259.54,747200.0
259.56,671800.0
259.58,592600.0
259.59,552800.0
259.61,474900.0
259.63,401900.0
259.64,368100.0
259.66,306800.0
259.68,255100.0
259.69,233100.0
259.71,197000.0
259.72,182800.0
259.74,161800.0
259.76,149900.0
259.77,147100.0
259.79,146800.0
259.81,152600.0
259.82,157300.0
259.84,169500.0
259.86,184200.0
259.87,192000.0
259.89,207800.0
259.91,222700.0
259.92,229400.0
259.94,240800.0
259.96,248900.0
259.97,251500.0
259.99,253500.0
260.01,251400.0
260.02,248900.0
260.04,241000.0
260.05,235800.0
260.07,223400.0
260.09,209100.0
260.1,201500.0
260.12,186100.0
260.14,171200.0
260.15,164200.0
260.17,151500.0
260.19,141100.0
260.2,136900.0
260.22,130700.0
260.24,127700.0
260.25,127400.0
260.27,129400.0
260.29,134800.0
260.3,138800.0
260.32,149500.0
260.34,164100.0
260.35,172900.0
260.37,193800.0
260.39,219500.0
260.4,234100.0
260.42,267400.0
260.43,285900.0
260.45,326800.0
260.47,372300.0
260.48,396500.0
260.5,447000.0
260.52,499000.0
260.53,524900.0
260.55,574900.0
260.57,620700.0
260.58,641200.0
260.6,675900.0
260.62,700500.0
260.63,708500.0
260.65,715200.0
260.67,709100.0
260.68,701300.0
260.7,677100.0
260.72,642400.0
260.73,621800.0
260.75,575800.0
260.77,525500.0
260.78,499600.0
260.8,448300.0
260.81,423400.0
260.83,376600.0
260.85,335400.0
260.86,317300.0
260.88,286800.0
260.9,264000.0
260.91,255600.0
260.93,244200.0
260.95,239400.0
260.96,239200.0
260.98,242100.0
261.0,248400.0
261.01,252300.0
261.03,260800.0
261.05,268900.0
261.06,272500.0
261.08,277900.0
261.1,280400.0
261.11,280400.0
261.13,277800.0
261.15,271600.0
261.16,267200.0
261.18,256100.0
261.19,249600.0
261.21,234900.0
261.23,218600.0
261.24,210000.0
261.26,192600.0
261.28,175100.0
261.29,166500.0
261.31,150000.0
261.33,134500.0
261.34,127200.0
261.36,113700.0
261.38,101600.0
261.39,96050.0
261.41,86070.0
261.43,77450.0
261.44,73640.0
261.46,66970.0
261.48,61560.0
261.49,59330.0
261.51,55800.0
261.52,54530.0
261.54,53010.0
261.56,52970.0
261.57,53540.0
261.59,55980.0
261.61,60270.0
261.62,63150.0
261.64,70480.0
261.66,79930.0
261.67,85450.0
261.69,97990.0
261.71,112400.0
261.72,120100.0
261.74,136500.0
261.76,153500.0
261.77,162100.0
261.79,178800.0
261.81,194300.0
261.82,201300.0
261.84,213400.0
261.86,222400.0
261.87,225500.0
261.89,228900.0
261.9,229000.0
261.92,226300.0
261.94,219700.0
261.95,215000.0
261.97,203200.0
261.99,188700.0
262.0,180700.0
262.02,163700.0
262.04,145800.0
262.05,136900.0
262.07,119200.0
262.09,102400.0
262.1,94510.0
262.12,79810.0
262.14,66820.0
262.15,61010.0
262.17,50780.0
262.19,42380.0
262.2,38840.0
262.22,33040.0
262.24,28850.0
262.25,27340.0
262.27,25440.0
262.28,25040.0
262.3,25380.0
262.32,27240.0
262.33,28770.0
262.35,33080.0
262.37,39140.0
262.38,42850.0
262.4,51670.0
262.42,62320.0
262.43,68320.0
262.45,81540.0
262.47,96150.0
262.48,103900.0
262.5,119800.0
262.52,135800.0
262.53,143700.0
262.55,158800.0
262.57,172200.0
262.58,178200.0
262.6,188200.0
262.62,195100.0
262.63,197400.0
262.65,199400.0
262.66,199100.0
262.68,196200.0
262.7,190300.0
262.71,186400.0
262.73,177000.0
262.75,166100.0
262.76,160300.0
262.78,148400.0
262.8,136500.0
262.81,130800.0
262.83,119900.0
262.85,110300.0
262.86,106000.0
262.88,98510.0
262.9,92670.0
262.91,90380.0
262.93,87090.0
262.95,85540.0
262.96,85430.0
262.98,86520.0
262.99,87730.0
263.01,91480.0
263.03,96970.0
263.04,100400.0
263.06,108300.0
263.08,117700.0
263.09,122900.0
263.11,133900.0
263.13,145400.0
263.14,151200.0
263.16,162700.0
263.18,173300.0
263.19,178000.0
263.21,186300.0
263.23,192300.0
263.24,194300.0
263.26,196200.0
263.28,195000.0
263.29,193300.0
263.31,187600.0
263.33,179100.0
263.34,173900.0
263.36,162000.0
263.37,155400.0
263.39,141300.0
263.41,126600.0
263.42,119200.0
263.44,104700.0
263.46,90950.0
263.47,84520.0
263.49,72780.0
263.51,62750.0
263.52,58430.0
263.54,51250.0
263.56,46040.0
263.57,44180.0
263.59,41910.0
263.61,41510.0
263.62,41990.0
263.64,44250.0
263.66,48160.0
263.67,50700.0
263.69,56860.0
263.71,64360.0
263.72,68540.0
263.74,77660.0
263.75,82520.0
263.77,92660.0
263.79,103100.0
263.8,108300.0
263.82,118400.0
263.84,127800.0
263.85,132200.0
263.87,139900.0
263.89,146000.0
263.9,148400.0
263.92,151700.0
263.94,153000.0
263.95,152900.0
263.97,151100.0
263.99,147400.0
264.0,144900.0
264.02,138700.0
264.04,131100.0
264.05,126800.0
264.07,117700.0
264.08,112800.0
264.1,102700.0
264.12,92340.0
264.13,87160.0
264.15,76960.0
264.17,67150.0
264.18,62450.0
264.2,53570.0
264.22,45460.0
264.23,41730.0
264.25,34930.0
264.27,29020.0
264.28,26390.0
264.3,21750.0
264.32,17880.0
264.33,16210.0
264.35,13340.0
264.37,11020.0
264.38,10040.0
264.4,8376.0
264.42,7058.0
264.43,6508.0
264.45,5596.0
264.46,5224.0
264.48,4627.0
264.5,4213.0
264.51,4071.0
264.53,3915.0
264.55,3935.0
264.56,4015.0
264.58,4325.0
264.6,4851.0
264.61,5204.0
264.63,6101.0
264.65,7275.0
264.66,7973.0
264.68,9597.0
264.7,11530.0
264.71,12620.0
264.73,15000.0
264.75,17650.0
264.76,19060.0
264.78,22000.0
264.8,25040.0
264.81,26570.0
264.83,29580.0
264.84,31030.0
264.86,33770.0
264.88,36210.0
264.89,37290.0
264.91,39110.0
264.93,40440.0
264.94,40930.0
264.96,41510.0
264.98,41620.0
264.99,41510.0
265.01,41010.0
265.03,40200.0
265.04,39710.0
265.06,38610.0
265.08,37440.0
265.09,36850.0
265.11,35710.0
265.13,34650.0
265.14,34160.0
265.16,33270.0
265.18,32500.0
265.19,32160.0
265.21,31530.0
265.22,31240.0
265.24,30700.0
265.26,30200.0
265.27,29960.0
265.29,29530.0
265.31,29190.0
265.32,29070.0
265.34,28990.0
265.36,29190.0
265.37,29430.0
265.39,30270.0
265.41,31680.0
265.42,32640.0
265.44,35090.0
265.46,38300.0
265.47,40190.0
265.49,44500.0
265.51,49440.0
265.52,52100.0
265.54,57640.0
265.55,60460.0
265.57,66030.0
265.59,71220.0
265.6,73580.0
265.62,77640.0
265.64,80600.0
265.65,81600.0
265.67,82540.0
265.69,82020.0
265.7,81210.0
265.72,78570.0
265.74,74690.0
265.75,72360.0
265.77,67070.0
265.79,61190.0
265.8,58130.0
265.82,51930.0
265.84,45850.0
265.85,42920.0
265.87,37410.0
265.89,32440.0
265.9,30190.0
265.92,26160.0
265.93,24380.0
265.95,21260.0
265.97,18690.0
265.98,17590.0
266.0,15700.0
266.02,14150.0
266.03,13490.0
266.05,12360.0
266.07,11430.0
266.08,11030.0
266.1,10350.0
266.12,9829.0
266.13,9621.0
266.15,9311.0
266.17,9144.0
266.18,9114.0
266.2,9161.0
266.22,9349.0
266.23,9495.0
266.25,9888.0
266.27,10420.0
266.28,10730.0
266.3,11470.0
266.31,11890.0
266.33,12860.0
266.35,14030.0
266.36,14700.0
266.38,16230.0
266.4,18080.0
266.41,19150.0
266.43,21620.0
266.45,24590.0
266.46,26290.0
266.48,30170.0
266.5,34730.0
266.51,37280.0
266.53,42930.0
266.55,49300.0
266.56,52730.0
266.58,60020.0
266.6,67720.0
266.61,71660.0
266.63,79560.0
266.65,87200.0
266.66,90810.0
266.68,97410.0
266.69,100300.0
266.71,105100.0
266.73,108300.0
266.74,109200.0
266.76,109600.0
266.78,108100.0
266.79,106600.0
266.81,102300.0
266.83,96390.0
266.84,92930.0
266.86,85230.0
266.88,76830.0
266.89,72490.0
266.91,63820.0
266.93,55480.0
266.94,51540.0
266.96,44340.0
266.98,38260.0
266.99,35710.0
267.01,31680.0
267.02,30240.0
267.04,28530.0
267.06,28440.0
267.07,29000.0
267.09,31310.0
267.11,35150.0
267.12,37610.0
267.14,43550.0
267.16,50680.0
267.17,54640.0
267.19,63170.0
267.21,72330.0
267.22,77060.0
267.24,86610.0
267.26,96060.0
267.27,100600.0
267.29,109400.0
267.31,117400.0
267.32,121000.0
267.34,127500.0
267.36,132800.0
267.37,135000.0
267.39,138500.0
267.4,139900.0
267.42,141700.0
267.44,142500.0
267.45,142500.0
267.47,141900.0
267.49,140300.0
267.5,139200.0
267.52,136400.0
267.54,132900.0
267.55,130800.0
267.57,126100.0
267.59,120800.0
267.6,117900.0
267.62,111700.0
267.64,105100.0
267.65,101700.0
267.67,94750.0
267.69,87890.0
267.7,84550.0
267.72,78160.0
267.74,72360.0
267.75,69740.0
267.77,65160.0
267.78,63250.0
267.8,60240.0
267.82,58400.0
267.83,57950.0
267.85,57970.0
267.87,59230.0
267.88,60320.0
267.9,63360.0
267.92,67460.0
267.93,69860.0
267.95,75250.0
267.97,81210.0
267.98,84330.0
268.0,90670.0
268.02,96860.0
268.03,99800.0
268.05,105200.0
268.07,109600.0
268.08,111400.0
268.1,113800.0
268.12,114800.0
268.13,114700.0
268.15,113200.0
268.16,111900.0
268.18,108100.0
268.2,102900.0
268.21,99890.0
268.23,93190.0
268.25,85870.0
268.26,82100.0
268.28,74550.0
268.3,67260.0
268.31,63820.0
268.33,57480.0
268.35,52060.0
268.36,49730.0
268.38,45910.0
268.4,43210.0
268.41,42270.0
268.43,41150.0
268.45,40940.0
268.46,41140.0
268.48,42010.0
268.49,42640.0
268.51,44170.0
268.53,45920.0
268.54,46820.0
268.56,48590.0
268.58,50200.0
268.59,50910.0
268.61,52100.0
268.63,52940.0
268.64,53210.0
268.66,53450.0
268.68,53290.0
268.69,53070.0
268.71,52350.0
268.73,51300.0
268.74,50670.0
268.76,49240.0
268.78,47630.0
268.79,46790.0
268.81,45070.0
268.83,43400.0
268.84,42610.0
268.86,41190.0
268.87,40590.0
268.89,39670.0
268.91,39210.0
268.92,39180.0
268.94,39580.0
268.96,40640.0
268.97,41430.0
268.99,43570.0
269.01,46440.0
269.02,48150.0
269.04,52070.0
269.06,56620.0
269.07,59100.0
269.09,64420.0
269.11,70100.0
269.12,73030.0
269.14,78990.0
269.16,84950.0
269.17,87870.0
269.19,93510.0
269.21,98750.0
269.22,101200.0
269.24,105500.0
269.25,107400.0
269.27,110600.0
269.29,112800.0
269.3,113600.0
269.32,114400.0
269.34,114100.0
269.35,113600.0
269.37,111900.0
269.39,109300.0
269.4,107700.0
269.42,103800.0
269.44,99320.0
269.45,96860.0
269.47,91630.0
269.49,86060.0
269.5,83200.0
269.52,77380.0
269.54,71540.0
269.55,68650.0
269.57,62960.0
269.59,57470.0
269.6,54830.0
269.62,49800.0
269.63,47420.0
269.65,42980.0
269.67,39020.0
269.68,37230.0
269.7,34090.0
269.72,31560.0
269.73,30540.0
269.75,29030.0
269.77,28250.0
269.78,28150.0
269.8,28520.0
269.82,29700.0
269.83,30600.0
269.85,33020.0
269.87,36300.0
269.88,38280.0
269.9,42940.0
269.92,48590.0
269.93,51810.0
269.95,59100.0
269.96,63180.0
269.98,72290.0
270.0,82690.0
270.01,88370.0
270.03,100700.0
270.05,114200.0
270.06,121300.0
270.08,136000.0
270.1,151200.0
270.11,158800.0
270.13,173700.0
270.15,187600.0
270.16,194000.0
270.18,205400.0
270.2,214400.0
270.21,217900.0
270.23,222500.0
270.25,224100.0
270.26,223800.0
270.28,220900.0
270.3,215400.0
270.31,211900.0
270.33,203600.0
270.34,199000.0
270.36,189500.0
270.38,180000.0
270.39,175600.0
270.41,167600.0
270.43,161100.0
270.44,158600.0
270.46,155100.0
270.48,153700.0
270.49,153700.0
270.51,155100.0
270.53,157900.0
270.54,159700.0
270.56,163800.0
270.58,168100.0
270.59,170300.0
270.61,174100.0
270.63,177200.0
270.64,178300.0
270.66,179800.0
270.68,180200.0
270.69,180000.0
270.71,179000.0
270.72,178300.0
270.74,176400.0
270.76,174500.0
270.77,173500.0
270.79,172000.0
270.81,171000.0
270.82,170900.0
270.84,171300.0
270.86,172600.0
270.87,173700.0
270.89,176500.0
270.91,180200.0
270.92,182300.0
270.94,186900.0
270.96,192000.0
270.97,194600.0
270.99,199700.0
271.01,204600.0
271.02,206900.0
271.04,210900.0
271.06,213900.0
271.07,215000.0
271.09,216100.0
271.1,216000.0
271.12,214700.0
271.14,211500.0
271.15,209200.0
271.17,203100.0
271.19,195200.0
271.2,190600.0
271.22,180300.0
271.24,168600.0
271.25,162300.0
271.27,149200.0
271.29,135700.0
271.3,128900.0
271.32,115400.0
271.34,102400.0
271.35,96180.0
271.37,84430.0
271.39,73800.0
271.4,68940.0
271.42,60210.0
271.43,56340.0
271.45,49560.0
271.47,44040.0
271.48,41710.0
271.5,37860.0
271.52,34950.0
271.53,33820.0
271.55,32080.0
271.57,30950.0
271.58,30580.0
271.6,30180.0
271.62,30160.0
271.63,30280.0
271.65,30750.0
271.67,31550.0
271.68,32080.0
271.7,33400.0
271.72,35120.0
271.73,36150.0
271.75,38580.0
271.77,41550.0
271.78,43260.0
271.8,47130.0
271.81,49300.0
271.83,54100.0
271.85,59450.0
271.86,62300.0
271.88,68280.0
271.9,74480.0
271.91,77590.0
271.93,83680.0
271.95,89370.0
271.96,91990.0
271.98,96590.0
272.0,100200.0
272.01,101500.0
272.03,103300.0
272.05,103600.0
272.06,103300.0
272.08,101700.0
272.1,98830.0
272.11,97010.0
272.13,92700.0
272.15,87700.0
272.16,85020.0
272.18,79450.0
272.19,76620.0
272.21,71010.0
272.23,65600.0
272.24,63020.0
272.26,58180.0
272.28,53810.0
272.29,51820.0
272.31,48230.0
272.33,45160.0
272.34,43810.0
272.36,41450.0
272.38,39530.0
272.39,38710.0
272.41,37330.0
272.43,36250.0
272.44,35820.0
272.46,35140.0
272.48,34700.0
272.49,34570.0
272.51,34510.0
272.52,34580.0
272.54,34990.0
272.56,35820.0
272.57,36420.0
272.59,38100.0
272.61,40520.0
272.62,42040.0
272.64,45830.0
272.66,50670.0
272.67,53520.0
272.69,60070.0
272.71,67760.0
272.72,71990.0
272.74,81140.0
272.76,91000.0
272.77,96090.0
272.79,106400.0
272.81,116400.0
272.82,121200.0
272.84,130000.0
272.86,137500.0
272.87,140500.0
272.89,145200.0
272.9,146600.0
272.92,147800.0
272.94,146500.0
272.95,144900.0
272.97,140100.0
272.99,133100.0
273.0,128900.0
273.02,119400.0
273.04,108800.0
273.05,103200.0
273.07,91700.0
273.09,80170.0
273.1,74520.0
273.12,63670.0
273.14,53610.0
273.15,48950.0
273.17,40430.0
273.19,33050.0
273.2,29790.0
273.22,24100.0
273.24,19460.0
273.25,17510.0
273.27,14240.0
273.28,12910.0
273.3,10750.0
273.32,9179.0
273.33,8575.0
273.35,7670.0
273.37,7095.0
273.38,6909.0
273.4,6701.0
273.42,6677.0
273.43,6725.0
273.45,6932.0
273.47,7283.0
273.48,7516.0
273.5,8105.0
273.52,8880.0
273.53,9346.0
273.55,10450.0
273.57,11820.0
273.58,12610.0
273.6,14410.0
273.62,16510.0
273.63,17680.0
273.65,20240.0
273.66,21630.0
273.68,24620.0
273.7,27850.0
273.71,29550.0
273.73,33100.0
273.75,36820.0
273.76,38730.0
273.78,42630.0
273.8,46620.0
273.81,48640.0
273.83,52710.0
273.85,56790.0
273.86,58820.0
273.88,62810.0
273.9,66660.0
273.91,68500.0
273.93,71940.0
273.95,74980.0
273.96,76300.0
273.98,78490.0
273.99,79320.0
274.01,80400.0
274.03,80650.0
274.04,80440.0
274.06,79380.0
274.08,77490.0
274.09,76260.0
274.11,73300.0
274.13,69810.0
274.14,67920.0
274.16,63980.0
274.18,59980.0
274.19,58020.0
274.21,54250.0
274.23,50830.0
274.24,49280.0
274.26,46520.0
274.28,44270.0
274.29,43330.0
274.31,41800.0
274.33,40710.0
274.34,40310.0
274.36,39770.0
274.37,39620.0
274.39,39550.0
274.41,39770.0
274.42,39990.0
274.44,40680.0
274.46,41750.0
274.47,42450.0
274.49,44210.0
274.51,46540.0
274.52,47930.0
274.54,51200.0
274.56,55110.0
274.57,57300.0
274.59,62120.0
274.61,67420.0
274.62,70220.0
274.64,76000.0
274.66,81880.0
274.67,84810.0
274.69,90520.0
274.71,95920.0
274.72,98470.0
274.74,103200.0
274.75,105300.0
274.77,109200.0
274.79,112500.0
274.8,114000.0
274.82,116500.0
274.84,118500.0
274.85,119400.0
274.87,120700.0
274.89,121700.0
274.9,121900.0
274.92,122100.0
274.94,121600.0
274.95,121100.0
274.97,119500.0
274.99,117000.0
275.0,115400.0
275.02,111500.0
275.04,106700.0
275.05,103900.0
275.07,97760.0
275.09,90970.0
275.1,87390.0
275.12,80020.0
275.13,76290.0
275.15,68920.0
275.17,61860.0
275.18,58530.0
275.2,52390.0
275.22,47070.0
275.23,44770.0
275.25,40920.0
275.27,38110.0
275.28,37100.0
275.3,35860.0
275.32,35600.0
275.33,35820.0
275.35,36910.0
275.37,38810.0
275.38,40030.0
275.4,42990.0
275.42,46550.0
275.43,48530.0
275.45,52850.0
275.46,55160.0
275.48,60000.0
275.5,65040.0
275.51,67580.0
275.53,72610.0
275.55,77390.0
275.56,79630.0
275.58,83660.0
275.6,86930.0
275.61,88210.0
275.63,89990.0
275.65,90610.0
275.66,90460.0
275.68,89240.0
275.7,86830.0
275.71,85210.0
275.73,81220.0
275.75,76400.0
275.76,73740.0
275.78,68100.0
275.8,62220.0
275.81,59260.0
275.83,53450.0
275.84,50650.0
275.86,45360.0
275.88,40600.0
275.89,38450.0
275.91,34660.0
275.93,31580.0
275.94,30310.0
275.96,28290.0
275.98,26950.0
275.99,26520.0
276.01,26110.0
276.03,26230.0
276.04,26460.0
276.06,27230.0
276.08,28310.0
276.09,28950.0
276.11,30330.0
276.13,31800.0
276.14,32530.0
276.16,33930.0
276.18,35170.0
276.19,35710.0
276.21,36590.0
276.22,36920.0
276.24,37320.0
276.26,37370.0
276.27,37260.0
276.29,36780.0
276.31,35980.0
276.32,35470.0
276.34,34250.0
276.36,32820.0
276.37,32040.0
276.39,30410.0
276.41,28720.0
276.42,27870.0
276.44,26220.0
276.46,24670.0
276.47,23960.0
276.49,22710.0
276.51,21720.0
276.52,21350.0
276.54,20900.0
276.56,20870.0
276.57,21030.0
276.59,21740.0
276.6,22300.0
276.62,23830.0
276.64,25920.0
276.65,27170.0
276.67,30080.0
276.69,33470.0
276.7,35320.0
276.72,39280.0
276.74,43470.0
276.75,45610.0
276.77,49880.0
276.79,54000.0
276.8,55960.0
276.82,59550.0
276.84,62610.0
276.85,63900.0
276.87,65920.0
276.89,67150.0
276.9,67450.0
276.92,67410.0
276.93,67070.0
276.95,65800.0
276.97,63770.0
276.98,62510.0
277.0,59540.0
277.02,56090.0
277.03,54230.0
277.05,50300.0
277.07,46200.0
277.08,44130.0
277.1,40010.0
277.12,36010.0
277.13,34070.0
277.15,30370.0
277.17,26960.0
277.18,25370.0
277.2,22460.0
277.22,19910.0
277.23,18780.0
277.25,16820.0
277.27,15260.0
277.28,14630.0
277.3,13700.0
277.31,13390.0
277.33,13100.0
277.35,13250.0
277.36,13500.0
277.38,14300.0
277.4,15540.0
277.41,16300.0
277.43,18110.0
277.45,20240.0
277.46,21410.0
277.48,23890.0
277.5,26490.0
277.51,27800.0
277.53,30370.0
277.55,32790.0
277.56,33910.0
277.58,35910.0
277.6,37510.0
277.61,38150.0
277.63,39060.0
277.65,39470.0
277.66,39500.0
277.68,39190.0
277.69,38870.0
277.71,37940.0
277.73,36670.0
277.74,35930.0
277.76,34310.0
277.78,32540.0
277.79,31630.0
277.81,29780.0
277.83,27940.0
277.84,27040.0
277.86,25310.0
277.88,23660.0
277.89,22880.0
277.91,21390.0
277.93,20020.0
277.94,19380.0
277.96,18170.0
277.98,17080.0
277.99,16570.0
278.01,15650.0
278.03,14860.0
278.04,14510.0
278.06,13920.0
278.07,13690.0
278.09,13350.0
278.11,13200.0
278.12,13200.0
278.14,13340.0
278.16,13710.0
278.17,13970.0
278.19,14670.0
278.21,15590.0
278.22,16140.0
278.24,17380.0
278.26,18830.0
278.27,19620.0
278.29,21350.0
278.31,23230.0
278.32,24210.0
278.34,26270.0
278.36,28390.0
278.37,29470.0
278.39,31610.0
278.4,32660.0
278.42,34680.0
278.44,36540.0
278.45,37390.0
278.47,38880.0
278.49,40030.0
278.5,40460.0
278.52,41000.0
278.54,41080.0
278.55,40950.0
278.57,40310.0
278.59,39210.0
278.6,38500.0
278.62,36770.0
278.64,34700.0
278.65,33560.0
278.67,31140.0
278.69,28610.0
278.7,27340.0
278.72,24850.0
278.74,22520.0
278.75,21440.0
278.77,19530.0
278.78,18710.0
278.8,17410.0
278.82,16590.0
278.83,16380.0
278.85,16380.0
278.87,16940.0
278.88,17440.0
278.9,18850.0
278.92,20790.0
278.93,21940.0
278.95,24560.0
278.97,27510.0
278.98,29080.0
279.0,32330.0
279.02,35610.0
279.03,37220.0
279.05,40290.0
279.07,43070.0
279.08,44310.0
279.1,46450.0
279.12,48120.0
279.13,48770.0
279.15,49760.0
279.16,50130.0
279.18,50720.0
279.2,51320.0
279.21,51730.0
279.23,52990.0
279.25,55220.0
279.26,56860.0
279.28,61520.0
279.3,68500.0
279.31,73040.0
279.33,84550.0
279.35,99710.0
279.36,108800.0
279.38,130100.0
279.4,155800.0
279.41,170300.0
279.43,202200.0
279.45,237700.0
279.46,256600.0
279.48,295900.0
279.5,336300.0
279.51,356400.0
279.53,395600.0
279.54,414300.0
279.56,448800.0
279.58,478100.0
279.59,490400.0
279.61,509600.0
279.63,520900.0
279.64,523400.0
279.66,522200.0
279.68,512900.0
279.69,505300.0
279.71,485100.0
279.73,459000.0
279.74,444200.0
279.76,411800.0
279.78,377100.0
279.79,359200.0
279.81,323400.0
279.83,288300.0
279.84,271300.0
279.86,238800.0
279.87,223500.0
279.89,195000.0
279.91,169500.0
279.92,157900.0
279.94,137000.0
279.96,119200.0
279.97,111500.0
279.99,98430.0
280.01,88400.0
280.02,84530.0
280.04,79110.0
280.06,76770.0
280.07,76750.0
280.09,78990.0
280.11,84210.0
280.12,87890.0
280.14,97250.0
280.16,109000.0
280.17,115600.0
280.19,130000.0
280.21,145500.0
280.22,153400.0
280.24,169100.0
280.25,176600.0
280.27,190700.0
280.29,202800.0
280.3,207900.0
280.32,215800.0
280.34,220300.0
280.35,221200.0
280.37,220300.0
280.39,215800.0
280.4,212200.0
280.42,202900.0
280.44,191100.0
280.45,184400.0
280.47,169900.0
280.49,154400.0
280.5,146600.0
280.52,130900.0
280.54,115800.0
280.55,108500.0
280.57,94870.0
280.59,82510.0
280.6,76860.0
280.62,66590.0
280.63,61980.0
280.65,53720.0
280.67,46660.0
280.68,43540.0
280.7,37990.0
280.72,33270.0
280.73,31170.0
280.75,27450.0
280.77,24260.0
280.78,22840.0
280.8,20340.0
280.82,18260.0
280.83,17360.0
280.85,15860.0
280.87,14750.0
280.88,14350.0
280.9,13820.0
280.92,13690.0
280.93,13760.0
280.95,14210.0
280.97,15030.0
280.98,15580.0
281.0,16940.0
281.01,17750.0
281.03,19620.0
281.05,21800.0
281.06,23000.0
281.08,25600.0
281.1,28450.0
281.11,29950.0
281.13,33090.0
281.15,36360.0
281.16,38020.0
281.18,41370.0
281.2,44680.0
281.21,46300.0
281.23,49420.0
281.25,52310.0
281.26,53650.0
281.28,56100.0
281.3,58200.0
281.31,59110.0
281.33,60690.0
281.34,61360.0
281.36,62480.0
281.38,63370.0
281.39,63750.0
281.41,64440.0
281.43,65100.0
281.44,65440.0
281.46,66170.0
281.48,67000.0
281.49,67460.0
281.51,68440.0
281.53,69470.0
281.54,69990.0
281.56,70960.0
281.58,71780.0
281.59,72090.0
281.61,72470.0
281.63,72430.0
281.64,72230.0
281.66,71420.0
281.68,70030.0
281.69,69120.0
281.71,66850.0
281.72,65500.0
281.74,62410.0
281.76,58860.0
281.77,56940.0
281.79,52850.0
281.81,48540.0
281.82,46340.0
281.84,41890.0
281.86,37470.0
281.87,35300.0
281.89,31080.0
281.91,27100.0
281.92,25200.0
281.94,21640.0
281.96,18410.0
281.97,16920.0
281.99,14200.0
282.01,11810.0
282.02,10740.0
282.04,8839.0
282.06,7229.0
282.07,6527.0
282.09,5313.0
282.1,4794.0
282.12,3917.0
282.14,3236.0
282.15,2961.0
282.17,2535.0
282.19,2259.0
282.2,2174.0
282.22,2102.0
282.24,2157.0
282.25,2230.0
282.27,2465.0
282.29,2813.0
282.3,3028.0
282.32,3536.0
282.34,4136.0
282.35,4468.0
282.37,5181.0
282.39,5943.0
282.4,6334.0
282.42,7120.0
282.44,7884.0
282.45,8247.0
282.47,8917.0
282.48,9216.0
282.5,9724.0
282.52,10100.0
282.53,10220.0
282.55,10360.0
282.57,10340.0
282.58,10270.0
282.6,10030.0
282.62,9671.0
282.63,9454.0
282.65,8966.0
282.67,8440.0
282.68,8174.0
282.7,7660.0
282.72,7200.0
282.73,7000.0
282.75,6679.0
282.77,6485.0
282.78,6441.0
282.8,6471.0
282.81,6548.0
282.83,6831.0
282.85,7292.0
282.86,7590.0
282.88,8319.0
282.9,9225.0
282.91,9742.0
282.93,10900.0
282.95,12200.0
282.96,12890.0
282.98,14370.0
283.0,15910.0
283.01,16700.0
283.03,18270.0
283.05,19780.0
283.06,20500.0
283.08,21820.0
283.1,22940.0
283.11,23400.0
283.13,24100.0
283.15,24480.0
283.16,24530.0
283.18,24370.0
283.19,24160.0
283.21,23470.0
283.23,22450.0
283.24,21840.0
283.26,20420.0
283.28,18820.0
283.29,17970.0
283.31,16210.0
283.33,14430.0
283.34,13550.0
283.36,11850.0
283.38,10260.0
283.39,9527.0
283.41,8184.0
283.43,7026.0
283.44,6519.0
283.46,5647.0
283.48,4957.0
283.49,4675.0
283.51,4226.0
283.53,3910.0
283.54,3794.0
283.56,3631.0
283.57,3577.0
283.59,3512.0
283.61,3485.0
283.62,3481.0
283.64,3482.0
283.66,3488.0
283.67,3491.0
283.69,3498.0
283.71,3506.0
283.72,3513.0
283.74,3538.0
283.76,3587.0
283.77,3625.0
283.79,3733.0
283.81,3896.0
283.82,4002.0
283.84,4267.0
283.86,4608.0
283.87,4806.0
283.89,5260.0
283.9,5513.0
283.92,6064.0
283.94,6662.0
283.95,6972.0
283.97,7601.0
283.99,8219.0
284.0,8516.0
284.02,9065.0
284.04,9534.0
284.05,9731.0
284.07,10040.0
284.09,10210.0
284.1,10240.0
284.12,10200.0
284.14,10010.0
284.15,9866.0
284.17,9483.0
284.19,8994.0
284.2,8717.0
284.22,8119.0
284.24,7487.0
284.25,7169.0
284.27,6549.0
284.28,6257.0
284.3,5725.0
284.32,5290.0
284.33,5116.0
284.35,4873.0
284.37,4782.0
284.38,4798.0
284.4,4960.0
284.42,5298.0
284.43,5532.0
284.45,6127.0
284.47,6878.0
284.48,7306.0
284.5,8251.0
284.52,9287.0
284.53,9828.0
284.55,10930.0
284.57,12020.0
284.58,12550.0
284.6,13530.0
284.62,14400.0
284.63,14780.0
284.65,15390.0
284.66,15630.0
284.68,15940.0
284.7,16030.0
284.71,16000.0
284.73,15770.0
284.75,15350.0
284.76,15080.0
284.78,14420.0
284.8,13640.0
284.81,13210.0
284.83,12310.0
284.85,11380.0
284.86,10910.0
284.88,9971.0
284.9,9059.0
284.91,8619.0
284.93,7775.0
284.95,6991.0
284.96,6623.0
284.98,5939.0
285.0,5323.0
285.01,5042.0
285.03,4533.0
285.04,4304.0
285.06,3896.0
285.08,3554.0
285.09,3407.0
285.11,3156.0
285.13,2960.0
285.14,2882.0
285.16,2758.0
285.18,2675.0
285.19,2647.0
285.21,2615.0
285.23,2609.0
285.24,2615.0
285.26,2643.0
285.28,2693.0
285.29,2726.0
285.31,2810.0
285.33,2923.0
285.34,2991.0
285.36,3158.0
285.37,3258.0
285.39,3495.0
285.41,3787.0
285.42,3956.0
285.44,4341.0
285.46,4789.0
285.47,5036.0
285.49,5573.0
285.51,6161.0
285.52,6469.0
285.54,7107.0
285.56,7757.0
285.57,8081.0
285.59,8714.0
285.61,9310.0
285.62,9588.0
285.64,10090.0
285.66,10510.0
285.67,10690.0
285.69,10960.0
285.71,11130.0
285.72,11170.0
285.74,11180.0
285.75,11140.0
285.77,10990.0
285.79,10750.0
285.8,10600.0
285.82,10250.0
285.84,9834.0
285.85,9612.0
285.87,9144.0
285.89,8659.0
285.9,8416.0
285.92,7936.0
285.94,7480.0
285.95,7265.0
285.97,6870.0
285.99,6533.0
286.0,6389.0
286.02,6155.0
286.04,5998.0
286.05,5949.0
286.07,5909.0
286.09,5943.0
286.1,5985.0
286.12,6112.0
286.13,6194.0
286.15,6383.0
286.17,6594.0
286.18,6701.0
286.2,6908.0
286.22,7094.0
286.23,7174.0
286.25,7302.0
286.27,7382.0
286.28,7403.0
286.3,7406.0
286.32,7363.0
286.33,7326.0
286.35,7227.0
286.37,7104.0
286.38,7038.0
286.4,6902.0
286.42,6769.0
286.43,6707.0
286.45,6596.0
286.47,6505.0
286.48,6468.0
286.5,6412.0
286.51,6392.0
286.53,6370.0
286.55,6373.0
286.56,6384.0
286.58,6428.0
286.6,6510.0
286.61,6569.0
286.63,6734.0
286.65,6981.0
286.66,7145.0
286.68,7572.0
286.7,8166.0
286.71,8538.0
286.73,9463.0
286.75,10670.0
286.76,11390.0
286.78,13090.0
286.8,15170.0
286.81,16370.0
286.83,19070.0
286.84,20570.0
286.86,23890.0
286.88,27570.0
286.89,29540.0
286.91,33670.0
286.93,37990.0
286.94,40180.0
286.96,44530.0
286.98,48750.0
286.99,50760.0
287.01,54510.0
287.03,57770.0
287.04,59190.0
287.06,61540.0
287.08,63210.0
287.09,63780.0
287.11,64400.0
287.13,64360.0
287.14,64110.0
287.16,63230.0
287.18,61910.0
287.19,61120.0
287.21,59340.0
287.22,58390.0
287.24,56390.0
287.26,54330.0
287.27,53300.0
287.29,51230.0
287.31,49180.0
287.32,48150.0
287.34,46070.0
287.36,43950.0
287.37,42850.0
287.39,40590.0
287.41,38210.0
287.42,36970.0
287.44,34390.0
287.46,31710.0
287.47,30340.0
287.49,27560.0
287.51,24780.0
287.52,23410.0
287.54,20750.0
287.56,18250.0
287.57,17070.0
287.59,14910.0
287.6,13930.0
287.62,12230.0
287.64,10880.0
287.65,10340.0
287.67,9585.0
287.69,9255.0
287.7,9256.0
287.72,9603.0
287.74,10420.0
287.75,11000.0
287.77,12530.0
287.79,14520.0
287.8,15680.0
287.82,18320.0
287.84,21320.0
287.85,22940.0
287.87,26360.0
287.89,29920.0
287.9,31720.0
287.92,35270.0
287.94,38650.0
287.95,40230.0
287.97,43070.0
287.98,44310.0
288.0,46360.0
288.02,47750.0
288.03,48190.0
288.05,48510.0
288.07,48120.0
288.08,47660.0
288.1,46270.0
288.12,44330.0
288.13,43180.0
288.15,40620.0
288.17,37830.0
288.18,36380.0
288.2,33490.0
288.22,30700.0
288.23,29370.0
288.25,26930.0
288.27,24830.0
288.28,23930.0
288.3,22440.0
288.31,21860.0
288.33,21030.0
288.35,20640.0
288.36,20610.0
288.38,20840.0
288.4,21440.0
288.41,21870.0
288.43,22960.0
288.45,24340.0
288.46,25120.0
288.48,26850.0
288.5,28780.0
288.51,29820.0
288.53,32010.0
288.55,34350.0
288.56,35570.0
288.58,38110.0
288.6,40770.0
288.61,42150.0
288.63,45000.0
288.65,48000.0
288.66,49570.0
288.68,52840.0
288.69,54570.0
288.71,58250.0
288.73,62270.0
288.74,64440.0
288.76,69140.0
288.78,74380.0
288.79,77230.0
288.81,83390.0
288.83,90180.0
288.84,93790.0
288.86,101400.0
288.88,109500.0
288.89,113600.0
288.91,121900.0
288.93,130000.0
288.94,133900.0
288.96,141200.0
288.98,147500.0
288.99,150300.0
289.01,154700.0
289.03,157600.0
289.04,158400.0
289.06,158800.0
289.07,158400.0
289.09,156300.0
289.11,152700.0
289.12,150400.0
289.14,144900.0
289.16,138500.0
289.17,135000.0
289.19,127700.0
289.21,120200.0
289.22,116300.0
289.24,108700.0
289.26,101200.0
289.27,97540.0
289.29,90430.0
289.31,83630.0
289.32,80350.0
289.34,74040.0
289.36,68050.0
289.37,65160.0
289.39,59630.0
289.41,54390.0
289.42,51890.0
289.44,47120.0
289.45,44860.0
289.47,40600.0
289.49,36700.0
289.5,34910.0
289.52,31630.0
289.54,28790.0
289.55,27540.0
289.57,25410.0
289.59,23780.0
289.6,23150.0
289.62,22280.0
289.64,21930.0
289.65,21950.0
289.67,22370.0
289.69,23300.0
289.7,23950.0
289.72,25600.0
289.74,27710.0
289.75,28920.0
289.77,31640.0
289.78,33130.0
289.8,36320.0
289.82,39750.0
289.83,41530.0
289.85,45140.0
289.87,48760.0
289.88,50530.0
289.9,53930.0
289.92,57040.0
289.93,58460.0
289.95,60940.0
289.97,62870.0
289.98,63600.0
290.0,64550.0
290.02,64790.0
290.03,64640.0
290.05,63770.0
290.07,62200.0
290.08,61160.0
290.1,58620.0
290.12,55540.0
290.13,53840.0
290.15,50170.0
290.16,48240.0
290.18,44270.0
290.2,40270.0
290.21,38300.0
290.23,34490.0
290.25,30940.0
290.26,29290.0
290.28,26300.0
290.3,23750.0
290.31,22640.0
290.33,20800.0
290.35,19420.0
290.36,18890.0
290.38,18160.0
290.4,17790.0
290.41,17720.0
290.43,17780.0
290.45,18020.0
290.46,18190.0
290.48,18570.0
290.5,18950.0
290.51,19120.0
290.53,19390.0
290.54,19470.0
290.56,19510.0
290.58,19350.0
290.59,19200.0
290.61,18730.0
290.63,18070.0
290.64,17660.0
290.66,16730.0
290.68,15660.0
290.69,15080.0
290.71,13860.0
290.73,12590.0
290.74,11950.0
290.76,10680.0
290.78,9457.0
290.79,8869.0
290.81,7758.0
290.83,6751.0
290.84,6292.0
290.86,5469.0
290.88,4781.0
290.89,4490.0
290.91,4013.0
290.92,3827.0
290.94,3562.0
290.96,3434.0
290.97,3420.0
290.99,3489.0
291.01,3677.0
291.02,3814.0
291.04,4163.0
291.06,4602.0
291.07,4850.0
291.09,5395.0
291.11,5987.0
291.12,6295.0
291.14,6923.0
291.16,7549.0
291.17,7855.0
291.19,8443.0
291.21,8983.0
291.22,9230.0
291.24,9669.0
291.25,9857.0
291.27,10170.0
291.29,10380.0
291.3,10440.0
291.32,10490.0
291.34,10440.0
291.35,10370.0
291.37,10150.0
291.39,9825.0
291.4,9629.0
291.42,9170.0
291.44,8634.0
291.45,8342.0
291.47,7716.0
291.49,7051.0
291.5,6710.0
291.52,6018.0
291.54,5330.0
291.55,4992.0
291.57,4338.0
291.59,3723.0
291.6,3433.0
291.62,2894.0
291.63,2646.0
291.65,2196.0
291.67,1806.0
291.68,1635.0
291.7,1335.0
291.72,1090.0
291.73,986.1
291.75,813.6
291.77,682.3
291.78,630.3
291.8,550.2
291.82,498.3
291.83,481.8
291.85,465.8
291.87,471.6
291.88,482.7
291.9,521.7
291.92,585.8
291.93,628.3
291.95,738.0
291.97,885.6
291.98,975.9
292.0,1194.0
292.01,1325.0
292.03,1632.0
292.05,2008.0
292.06,2223.0
292.08,2711.0
292.1,3277.0
292.11,3588.0
292.13,4264.0
292.15,5003.0
292.16,5392.0
292.18,6195.0
292.2,7014.0
292.21,7422.0
292.23,8215.0
292.25,8952.0
292.26,9291.0
292.28,9891.0
292.3,10370.0
292.31,10550.0
292.33,10800.0
292.34,10870.0
292.36,10880.0
292.38,10730.0
292.39,10600.0
292.41,10250.0
292.43,9785.0
292.44,9525.0
292.46,8968.0
292.48,8393.0
292.49,8111.0
292.51,7579.0
292.53,7119.0
292.54,6924.0
292.56,6621.0
292.58,6446.0
292.59,6410.0
292.61,6445.0
292.63,6618.0
292.64,6754.0
292.66,7118.0
292.68,7589.0
292.69,7858.0
292.71,8450.0
292.72,8767.0
292.74,9430.0
292.76,10110.0
292.77,10460.0
292.79,11140.0
292.81,11810.0
292.82,12130.0
292.84,12780.0
292.86,13420.0
292.87,13740.0
292.89,14420.0
292.91,15160.0
292.92,15580.0
292.94,16540.0
292.96,17730.0
292.97,18440.0
292.99,20140.0
293.01,22320.0
293.02,23630.0
293.04,26750.0
293.06,30660.0
293.07,32950.0
293.09,38250.0
293.1,41290.0
293.12,48190.0
293.14,56210.0
293.15,60630.0
293.17,70270.0
293.19,80840.0
293.2,86420.0
293.22,98000.0
293.24,109900.0
293.25,115800.0
293.27,127400.0
293.29,138200.0
293.3,143200.0
293.32,152100.0
293.34,159200.0
293.35,161900.0
293.37,165600.0
293.39,166900.0
293.4,166600.0
293.42,164000.0
293.44,159100.0
293.45,155900.0
293.47,148000.0
293.48,143400.0
293.5,133500.0
293.52,122700.0
293.53,117300.0
293.55,106400.0
293.57,96060.0
293.58,91250.0
293.6,82600.0
293.62,75560.0
293.63,72750.0
293.65,68720.0
293.67,67000.0
293.68,67050.0
293.7,69090.0
293.72,73740.0
293.73,77060.0
293.75,85650.0
293.77,96760.0
293.78,103200.0
293.8,117700.0
293.81,125700.0
293.83,142900.0
293.85,161300.0
293.86,170800.0
293.88,189800.0
293.9,208300.0
293.91,217200.0
293.93,233600.0
293.95,247700.0
293.96,253700.0
293.98,263100.0
294.0,268700.0
294.01,270100.0
294.03,269700.0
294.05,265200.0
294.06,261500.0
294.08,251500.0
294.1,238300.0
294.11,230800.0
294.13,214200.0
294.15,196300.0
294.16,187100.0
294.18,168500.0
294.19,159400.0
294.21,141700.0
294.23,125300.0
294.24,117600.0
294.26,103600.0
294.28,91520.0
294.29,86160.0
294.31,76820.0
294.33,69160.0
294.34,65900.0
294.36,60370.0
294.38,55930.0
294.39,54040.0
294.41,50750.0
294.43,47940.0
294.44,46660.0
294.46,44270.0
294.48,42030.0
294.49,40950.0
294.51,38920.0
294.53,37110.0
294.54,36320.0
294.56,35110.0
294.57,34740.0
294.59,34610.0
294.61,35540.0
294.62,36500.0
294.64,39620.0
294.66,44610.0
294.67,47910.0
294.69,56310.0
294.71,67350.0
294.72,73930.0
294.74,89290.0
294.76,107600.0
294.77,117900.0
294.79,140500.0
294.81,165600.0
294.82,179000.0
294.84,206800.0
294.86,235500.0
294.87,249900.0
294.89,278200.0
294.91,305000.0
294.92,317500.0
294.94,339900.0
294.95,349700.0
294.97,365700.0
294.99,376500.0
295.0,379800.0
295.02,382000.0
295.04,378300.0
295.05,374400.0
295.07,362400.0
295.09,345600.0
295.1,335700.0
295.12,313200.0
295.14,288100.0
295.15,274900.0
295.17,247700.0
295.19,220200.0
295.2,206700.0
295.22,180400.0
295.24,155600.0
295.25,143900.0
295.27,122200.0
295.28,112200.0
295.3,93910.0
295.32,78040.0
295.33,70970.0
295.35,58470.0
295.37,48000.0
295.38,43470.0
295.4,35650.0
295.42,29300.0
295.43,26610.0
295.45,22060.0
295.47,18450.0
295.48,16940.0
295.5,14430.0
295.52,12460.0
295.53,11640.0
295.55,10270.0
295.57,9205.0
295.58,8760.0
295.6,8012.0
295.62,7421.0
295.63,7174.0
295.65,6762.0
295.66,6592.0
295.68,6317.0
295.7,6119.0
295.71,6046.0
295.73,5950.0
295.75,5915.0
295.76,5918.0
295.78,5961.0
295.8,6045.0
295.81,6099.0
295.83,6223.0
295.85,6357.0
295.86,6424.0
295.88,6550.0
295.9,6653.0
295.91,6693.0
295.93,6743.0
295.95,6749.0
295.96,6734.0
295.98,6667.0
296.0,6552.0
296.01,6479.0
296.03,6302.0
296.04,6202.0
296.06,5980.0
296.08,5740.0
296.09,5615.0
296.11,5363.0
296.13,5112.0
296.14,4990.0
296.16,4752.0
296.18,4528.0
296.19,4422.0
296.21,4222.0
296.23,4039.0
296.24,3954.0
296.26,3797.0
296.28,3658.0
296.29,3596.0
296.31,3488.0
296.33,3404.0
296.34,3372.0
296.36,3331.0
296.38,3322.0
296.39,3331.0
296.41,3375.0
296.42,3412.0
296.44,3513.0
296.46,3649.0
296.47,3728.0
296.49,3907.0
296.51,4105.0
296.52,4208.0
296.54,4415.0
296.56,4614.0
296.57,4706.0
296.59,4867.0
296.61,4991.0
296.62,5035.0
296.64,5083.0
296.66,5074.0
296.67,5047.0
296.69,4950.0
296.71,4796.0
296.72,4700.0
296.74,4475.0
296.75,4349.0
296.77,4076.0
296.79,3785.0
296.8,3637.0
296.82,3345.0
296.84,3065.0
296.85,2933.0
296.87,2691.0
296.89,2482.0
296.9,2392.0
296.92,2240.0
296.94,2126.0
296.95,2082.0
296.97,2019.0
296.99,1983.0
297.0,1973.0
297.02,1964.0
297.04,1965.0
297.05,1966.0
297.07,1966.0
297.09,1958.0
297.1,1949.0
297.12,1921.0
297.13,1901.0
297.15,1847.0
297.17,1777.0
297.18,1737.0
297.2,1647.0
297.22,1551.0
297.23,1502.0
297.25,1407.0
297.27,1323.0
297.28,1288.0
297.3,1239.0
297.32,1224.0
297.33,1234.0
297.35,1294.0
297.37,1418.0
297.38,1508.0
297.4,1749.0
297.42,2081.0
297.43,2285.0
297.45,2772.0
297.47,3368.0
297.48,3708.0
297.5,4469.0
297.51,4889.0
297.53,5801.0
297.55,6795.0
297.56,7315.0
297.58,8388.0
297.6,9475.0
297.61,10010.0
297.63,11050.0
297.65,12010.0
297.66,12450.0
297.68,13210.0
297.7,13810.0
297.71,14030.0
297.73,14320.0
297.75,14380.0
297.76,14330.0
297.78,14060.0
297.8,13590.0
297.81,13280.0
297.83,12540.0
297.85,11660.0
297.86,11180.0
297.88,10170.0
297.89,9650.0
297.91,8592.0
297.93,7549.0
297.94,7042.0
297.96,6073.0
297.98,5183.0
297.99,4772.0
298.01,4024.0
298.03,3381.0
298.04,3099.0
298.06,2613.0
298.08,2227.0
298.09,2070.0
298.11,1825.0
298.13,1666.0
298.14,1616.0
298.16,1574.0
298.18,1606.0
298.19,1649.0
298.21,1789.0
298.22,1886.0
298.24,2134.0
298.26,2457.0
298.27,2648.0
298.29,3087.0
298.31,3605.0
298.32,3894.0
298.34,4526.0
298.36,5227.0
298.37,5600.0
298.39,6382.0
298.41,7196.0
298.42,7609.0
298.44,8429.0
298.46,9219.0
298.47,9594.0
298.49,10290.0
298.51,10870.0
298.52,11120.0
298.54,11510.0
298.56,11740.0
298.57,11790.0
298.59,11770.0
298.6,11690.0
298.62,11410.0
298.64,10980.0
298.65,10710.0
298.67,10080.0
298.69,9351.0
298.7,8959.0
298.72,8139.0
298.74,7293.0
298.75,6870.0
298.77,6038.0
298.79,5243.0
298.8,4865.0
298.82,4157.0
298.84,3521.0
298.85,3232.0
298.87,2713.0
298.89,2272.0
298.9,2080.0
298.92,1748.0
298.94,1483.0
298.95,1372.0
298.97,1192.0
298.98,1120.0
299.0,1007.0
299.02,932.6
299.03,907.7
299.05,879.8
299.07,878.3
299.08,886.6
299.1,920.3
299.12,975.7
299.13,1011.0
299.15,1098.0
299.17,1204.0
299.18,1265.0
299.2,1400.0
299.22,1552.0
299.23,1633.0
299.25,1804.0
299.27,1984.0
299.28,2075.0
299.3,2257.0
299.32,2432.0
299.33,2515.0
299.35,2668.0
299.36,2737.0
299.38,2852.0
299.4,2936.0
299.41,2965.0
299.43,2994.0
299.45,2983.0
299.46,2963.0
299.48,2894.0
299.5,2790.0
299.51,2726.0
299.53,2578.0
299.55,2407.0
299.56,2316.0
299.58,2127.0
299.6,1933.0
299.61,1836.0
299.63,1648.0
299.65,1470.0
299.66,1387.0
299.68,1231.0
299.69,1160.0
299.71,1032.0
299.73,922.2
299.74,874.1
299.76,790.6
299.78,722.7
299.79,694.0
299.81,646.0
299.83,608.9
299.84,593.9
299.86,570.5
299.88,555.2
299.89,550.4
299.91,546.9
299.93,552.0
299.94,558.1
299.96,578.7
299.98,611.8
299.99,633.7
300.01,689.7
300.03,763.7
300.04,808.1
300.06,912.4
300.07,972.7
300.09,1110.0
300.11,1268.0
300.12,1355.0
300.14,1543.0
300.16,1746.0
300.17,1852.0
300.19,2068.0
300.21,2285.0
300.22,2391.0
300.24,2594.0
300.26,2778.0
300.27,2861.0
300.29,3001.0
300.31,3104.0
300.32,3140.0
300.34,3177.0
300.36,3167.0
300.37,3145.0
300.39,3066.0
300.41,2944.0
300.42,2869.0
300.44,2694.0
300.45,2595.0
300.47,2382.0
300.49,2154.0
300.5,2036.0
300.52,1801.0
300.54,1569.0
300.55,1457.0
300.57,1243.0
300.59,1046.0
300.6,954.5
300.62,787.9
300.64,643.0
300.65,578.7
300.67,465.8
300.69,372.6
300.7,332.9
300.72,265.8
300.74,213.3
300.75,191.8
300.77,156.9
300.79,131.2
300.8,121.2
300.82,105.8
300.83,100.0
300.85,91.58
300.87,86.35
300.88,84.66
300.9,82.7
300.92,82.16
300.93,82.29
300.95,83.12
300.97,84.49
300.98,85.32
301.0,87.13
301.02,89.05
301.03,90.0
301.05,91.82
301.07,93.42
301.08,94.11
301.1,95.2
301.12,95.82
301.13,95.93
301.15,95.7
301.16,95.34
301.18,94.14
301.2,92.28
301.21,91.11
301.23,88.31
301.25,84.96
301.26,83.11
301.28,79.13
301.3,74.91
301.31,72.75
301.33,68.45
301.35,64.32
301.36,62.38
301.38,58.87
301.4,56.07
301.41,55.01
301.43,53.78
301.45,54.03
301.46,54.85
301.48,58.3
301.5,64.82
301.51,69.55
301.53,82.82
301.54,91.81
301.56,115.8
301.58,150.3
301.59,172.5
301.61,229.6
301.63,307.8
301.64,356.7
301.66,478.7
301.68,639.3
301.69,736.8
301.71,972.1
301.73,1269.0
301.74,1444.0
301.76,1850.0
301.78,2340.0
301.79,2619.0
301.81,3243.0
301.83,3958.0
301.84,4349.0
301.86,5191.0
301.88,6102.0
301.89,6578.0
301.91,7557.0
301.92,8053.0
301.94,9039.0
301.96,9990.0
301.97,10440.0
301.99,11270.0
302.01,11980.0
302.02,12280.0
302.04,12750.0
302.06,13030.0
302.07,13100.0
302.09,13070.0
302.11,12850.0
302.12,12660.0
302.14,12160.0
302.16,11490.0
302.17,11110.0
302.19,10250.0
302.21,9321.0
302.22,8835.0
302.24,7847.0
302.25,7352.0
302.27,6381.0
302.29,5455.0
302.3,5015.0
302.32,4192.0
302.34,3454.0
302.35,3119.0
302.37,2518.0
302.39,2007.0
302.4,1785.0
302.42,1402.0
302.44,1095.0
302.45,967.9
302.47,759.2
302.49,605.5
302.5,547.0
302.52,462.6
302.54,417.6
302.55,408.8
302.57,417.3
302.59,460.5
302.6,495.6
302.62,594.6
302.63,659.7
302.65,824.7
302.67,1042.0
302.68,1174.0
302.7,1488.0
302.72,1881.0
302.73,2110.0
302.75,2644.0
302.77,3289.0
302.78,3658.0
302.8,4497.0
302.82,5482.0
302.83,6034.0
302.85,7262.0
302.87,8663.0
302.88,9430.0
302.9,11100.0
302.92,12940.0
302.93,13930.0
302.95,16010.0
302.97,18210.0
302.98,19360.0
303.0,21690.0
303.01,22860.0
303.03,25200.0
303.05,27470.0
303.06,28550.0
303.08,30580.0
303.1,32350.0
303.11,33120.0
303.13,34400.0
303.15,35290.0
303.16,35570.0
303.18,35810.0
303.2,35610.0
303.21,35350.0
303.23,34540.0
303.25,33380.0
303.26,32700.0
303.28,31160.0
303.3,29480.0
303.31,28620.0
303.33,26910.0
303.35,25290.0
303.36,24540.0
303.38,23210.0
303.39,22640.0
303.41,21720.0
303.43,21110.0
303.44,20930.0
303.46,20790.0
303.48,20920.0
303.49,21090.0
303.51,21570.0
303.53,22220.0
303.54,22580.0
303.56,23370.0
303.58,24180.0
303.59,24590.0
303.61,25380.0
303.63,26110.0
303.64,26450.0
303.66,27090.0
303.68,27660.0
303.69,27930.0
303.71,28420.0
303.72,28660.0
303.74,29100.0
303.76,29530.0
303.77,29730.0
303.79,30100.0
303.81,30430.0
303.82,30570.0
303.84,30790.0
303.86,30880.0
303.87,30870.0
303.89,30720.0
303.91,30370.0
303.92,30100.0
303.94,29400.0
303.96,28450.0
303.97,27880.0
303.99,26570.0
304.01,25040.0
304.02,24210.0
304.04,22430.0
304.06,20530.0
304.07,19550.0
304.09,17570.0
304.1,16570.0
304.12,14620.0
304.14,12730.0
304.15,11820.0
304.17,10110.0
304.19,8533.0
304.2,7806.0
304.22,6477.0
304.24,5317.0
304.25,4800.0
304.27,3889.0
304.29,3133.0
304.3,2810.0
304.32,2264.0
304.34,1840.0
304.35,1670.0
304.37,1403.0
304.39,1224.0
304.4,1163.0
304.42,1092.0
304.44,1079.0
304.45,1091.0
304.47,1147.0
304.48,1189.0
304.5,1295.0
304.52,1426.0
304.53,1498.0
304.55,1652.0
304.57,1812.0
304.58,1894.0
304.6,2055.0
304.62,2211.0
304.63,2286.0
304.65,2428.0
304.67,2560.0
304.68,2623.0
304.7,2745.0
304.72,2867.0
304.73,2932.0
304.75,3073.0
304.77,3244.0
304.78,3345.0
304.8,3588.0
304.82,3903.0
304.83,4092.0
304.85,4545.0
304.86,4812.0
304.88,5436.0
304.9,6186.0
304.91,6610.0
304.93,7552.0
304.95,8615.0
304.96,9186.0
304.98,10400.0
305.0,11670.0
305.01,12320.0
305.03,13620.0
305.05,14880.0
305.06,15480.0
305.08,16590.0
305.1,17560.0
305.11,17970.0
305.13,18620.0
305.15,19030.0
305.16,19140.0
305.18,19150.0
305.19,19050.0
305.21,18660.0
305.23,18010.0
305.24,17610.0
305.26,16640.0
305.28,15500.0
305.29,14880.0
305.31,13560.0
305.33,12200.0
305.34,11500.0
305.36,10130.0
305.38,8802.0
305.39,8164.0
305.41,6957.0
305.43,5858.0
305.44,5353.0
305.46,4438.0
305.48,3651.0
305.49,3305.0
305.51,2706.0
305.53,2225.0
305.54,2027.0
305.56,1707.0
305.57,1585.0
305.59,1408.0
305.61,1315.0
305.62,1299.0
305.64,1324.0
305.66,1421.0
305.67,1496.0
305.69,1697.0
305.71,1964.0
305.72,2122.0
305.74,2484.0
305.76,2905.0
305.77,3136.0
305.79,3633.0
305.81,4168.0
305.82,4446.0
305.84,5013.0
305.86,5582.0
305.87,5861.0
305.89,6395.0
305.91,6882.0
305.92,7101.0
305.94,7481.0
305.95,7637.0
305.97,7875.0
305.99,8005.0
306.0,8027.0
306.02,7987.0
306.04,7837.0
306.05,7722.0
306.07,7422.0
306.09,7039.0
306.1,6822.0
306.12,6347.0
306.14,5836.0
306.15,5572.0
306.17,5038.0
306.19,4511.0
306.2,4254.0
306.22,3761.0
306.24,3303.0
306.25,3088.0
306.27,2691.0
306.29,2338.0
306.3,2177.0
306.32,1886.0
306.33,1755.0
306.35,1521.0
306.37,1319.0
306.38,1229.0
306.4,1069.0
306.42,930.5
306.43,868.8
306.45,758.4
306.47,663.1
306.48,620.4
306.5,544.1
306.52,478.5
306.53,449.3
306.55,397.6
306.57,354.0
306.58,334.9
306.6,302.1
306.62,275.9
306.63,265.2
306.65,248.5
306.66,242.6
306.68,235.8
306.7,236.5
306.71,240.0
306.73,254.0
306.75,279.2
306.76,296.6
306.78,342.5
306.8,405.7
306.81,444.6
306.83,538.9
306.85,657.2
306.86,726.2
306.88,884.8
306.9,1072.0
306.91,1176.0
306.93,1406.0
306.95,1661.0
306.96,1797.0
306.98,2083.0
307.0,2382.0
307.01,2534.0
307.03,2836.0
307.04,2985.0
307.06,3269.0
307.08,3527.0
307.09,3644.0
307.11,3845.0
307.13,3997.0
307.14,4053.0
307.16,4120.0
307.18,4126.0
307.19,4106.0
307.21,4021.0
307.23,3881.0
307.24,3792.0
307.26,3582.0
307.28,3337.0
307.29,3204.0
307.31,2927.0
307.33,2643.0
307.34,2502.0
307.36,2227.0
307.38,1972.0
307.39,1854.0
307.41,1643.0
307.42,1551.0
307.44,1397.0
307.46,1288.0
307.47,1251.0
307.49,1212.0
307.51,1223.0
307.52,1246.0
307.54,1329.0
307.56,1459.0
307.57,1540.0
307.59,1734.0
307.61,1966.0
307.62,2095.0
307.64,2373.0
307.66,2672.0
307.67,2827.0
307.69,3142.0
307.71,3455.0
307.72,3608.0
307.74,3899.0
307.76,4162.0
307.77,4280.0
307.79,4483.0
307.8,4567.0
307.82,4694.0
307.84,4764.0
307.85,4778.0
307.87,4760.0
307.89,4687.0
307.9,4630.0
307.92,4482.0
307.94,4293.0
307.95,4186.0
307.97,3954.0
307.99,3706.0
308.0,3579.0
308.02,3326.0
308.04,3080.0
308.05,2963.0
308.07,2743.0
308.09,2547.0
308.1,2458.0
308.12,2302.0
308.13,2234.0
308.15,2118.0
308.17,2027.0
308.18,1989.0
308.2,1927.0
308.22,1879.0
308.23,1860.0
308.25,1825.0
308.27,1794.0
308.28,1778.0
308.3,1745.0
308.32,1708.0
308.33,1687.0
308.35,1641.0
308.37,1587.0
308.38,1558.0
308.4,1496.0
308.42,1428.0
308.43,1392.0
308.45,1319.0
308.47,1243.0
308.48,1205.0
308.5,1129.0
308.51,1091.0
308.53,1017.0
308.55,943.7
308.56,908.0
308.58,838.5
308.6,771.7
308.61,739.5
308.63,677.3
308.65,618.5
308.66,590.5
308.68,537.2
308.7,488.0
308.71,465.0
308.73,422.4
308.75,384.5
308.76,367.3
308.78,336.9
308.8,311.7
308.81,301.1
308.83,283.9
308.85,272.1
308.86,268.4
308.88,265.3
308.89,266.0
308.91,272.4
308.93,285.9
308.94,295.6
308.96,321.4
308.98,357.0
308.99,378.9
309.01,431.9
309.03,498.3
309.04,537.1
309.06,626.3
309.08,732.1
309.09,791.4
309.11,922.5
309.13,1070.0
309.14,1149.0
309.16,1317.0
309.18,1495.0
309.19,1587.0
309.21,1771.0
309.23,1953.0
309.24,2041.0
309.26,2207.0
309.27,2284.0
309.29,2420.0
309.31,2528.0
309.32,2571.0
309.34,2629.0
309.36,2652.0
309.37,2648.0
309.39,2614.0
309.41,2543.0
309.42,2496.0
309.44,2377.0
309.46,2233.0
309.47,2154.0
309.49,1983.0
309.51,1801.0
309.52,1709.0
309.54,1525.0
309.56,1345.0
309.57,1258.0
309.59,1094.0
309.6,1016.0
309.62,873.3
309.64,746.5
309.65,689.3
309.67,587.1
309.69,500.4
309.7,462.5
309.72,396.5
309.74,342.1
309.75,318.7
309.77,278.3
309.79,245.1
309.8,230.7
309.82,205.6
309.84,184.5
309.85,175.1
309.87,158.3
309.89,143.7
309.9,137.1
309.92,125.3
309.94,115.1
309.95,110.6
309.97,102.9
309.98,99.64
310.0,94.53
310.02,91.38
310.03,90.6
310.05,90.83
310.07,93.75
310.08,96.35
310.1,104.2
310.12,116.2
310.13,124.0
310.15,143.8
310.17,170.2
310.18,186.4
310.2,225.5
310.22,274.9
310.23,304.1
310.25,372.5
310.27,455.8
310.28,503.5
310.3,612.0
310.32,739.0
310.33,809.6
310.35,965.4
310.36,1050.0
310.38,1234.0
310.4,1435.0
310.41,1542.0
310.43,1763.0
310.45,1995.0
310.46,2112.0
310.48,2349.0
310.5,2583.0
310.51,2697.0
310.53,2916.0
310.55,3119.0
310.56,3213.0
310.58,3385.0
310.6,3531.0
310.61,3595.0
310.63,3701.0
310.65,3782.0
310.66,3813.0
310.68,3860.0
310.7,3888.0
310.71,3897.0
310.73,3907.0
310.74,3909.0
310.76,3911.0
310.78,3913.0
310.79,3915.0
310.81,3922.0
310.83,3934.0
310.84,3941.0
310.86,3958.0
310.88,3974.0
310.89,3981.0
310.91,3987.0
310.93,3980.0
310.94,3970.0
310.96,3934.0
310.98,3871.0
310.99,3829.0
311.01,3721.0
311.03,3583.0
311.04,3502.0
311.06,3319.0
311.07,3217.0
311.09,2997.0
311.11,2759.0
311.12,2635.0
311.14,2382.0
311.16,2128.0
311.17,2002.0
311.19,1757.0
311.21,1526.0
311.22,1416.0
311.24,1213.0
311.26,1031.0
311.27,949.5
311.29,803.6
311.31,681.3
311.32,628.8
311.34,539.7
311.36,470.5
311.37,442.6
311.39,398.5
311.41,367.8
311.42,356.8
311.44,341.5
311.45,336.7
311.47,331.4
311.49,330.3
311.5,330.7
311.52,332.8
311.54,335.3
311.55,336.4
311.57,338.1
311.59,338.4
311.6,337.9
311.62,335.6
311.64,331.4
311.65,328.6
311.67,321.7
311.69,313.1
311.7,308.2
311.72,297.6
311.74,286.0
311.75,280.0
311.77,267.6
311.79,255.5
311.8,249.6
311.82,238.7
311.83,234.0
311.85,226.2
311.87,221.7
311.88,221.0
311.9,223.5
311.92,232.5
311.93,239.8
311.95,261.3
311.97,293.2
311.98,313.7
312.0,364.6
312.02,430.5
312.03,469.5
312.05,560.6
312.07,670.1
312.08,732.1
312.1,870.6
312.12,1029.0
312.13,1115.0
312.15,1300.0
312.16,1399.0
312.18,1608.0
312.2,1829.0
312.21,1943.0
312.23,2174.0
312.25,2407.0
312.26,2522.0
312.28,2747.0
312.3,2960.0
312.31,3061.0
312.33,3247.0
312.35,3411.0
312.36,3483.0
312.38,3606.0
312.4,3698.0
312.41,3733.0
312.43,3778.0
312.45,3791.0
312.46,3785.0
312.48,3752.0
312.5,3690.0
312.51,3649.0
312.53,3547.0
312.54,3487.0
312.56,3351.0
312.58,3195.0
312.59,3111.0
312.61,2932.0
312.63,2740.0
312.64,2641.0
312.66,2437.0
312.68,2229.0
312.69,2124.0
312.71,1915.0
312.73,1711.0
312.74,1611.0
312.76,1418.0
312.78,1236.0
312.79,1151.0
312.81,990.2
312.83,846.2
312.84,780.7
312.86,663.4
312.88,564.4
312.89,521.9
312.91,450.3
312.92,421.2
312.94,375.5
312.96,345.5
312.97,336.0
312.99,327.0
313.01,329.6
313.02,334.7
313.04,351.3
313.06,374.8
313.07,388.4
313.09,418.3
313.11,450.0
313.12,466.0
313.14,497.0
313.16,525.6
313.17,538.5
313.19,561.0
313.21,578.3
313.22,584.9
313.24,593.7
313.26,596.8
313.27,596.3
313.29,591.6
313.3,587.6
313.32,577.0
313.34,563.7
313.35,556.3
313.37,541.0
313.39,525.7
313.4,518.3
313.42,504.6
313.44,492.6
313.45,487.3
313.47,478.4
313.49,471.3
313.5,468.5
313.52,463.6
313.54,459.5
313.55,457.4
313.57,453.0
313.59,447.5
313.6,444.1
313.62,435.7
313.63,430.6
313.65,418.5
313.67,403.7
313.68,395.3
313.7,376.5
313.72,355.5
313.73,344.2
313.75,320.7
313.77,296.2
313.78,283.7
313.8,258.9
313.82,234.5
313.83,222.7
313.85,200.1
313.87,179.0
313.88,169.1
313.9,151.0
313.92,134.8
313.93,127.6
313.95,114.7
313.97,103.8
313.98,99.07
314.0,91.06
314.01,87.73
314.03,82.32
314.05,78.5
314.06,77.17
314.08,75.6
314.1,75.52
314.11,76.03
314.13,78.25
314.15,82.13
314.16,84.75
314.18,91.47
314.2,100.3
314.21,105.6
314.23,118.1
314.25,133.2
314.26,141.8
314.28,161.1
314.3,183.1
314.31,195.0
314.33,220.7
314.35,248.3
314.36,262.7
314.38,292.1
314.39,306.9
314.41,336.3
314.43,364.3
314.44,377.5
314.46,401.7
314.48,422.1
314.49,430.6
314.51,443.8
314.53,451.2
314.54,452.7
314.56,451.1
314.58,443.5
314.59,437.5
314.61,421.4
314.63,400.4
314.64,388.4
314.66,361.8
314.68,332.6
314.69,317.4
314.71,286.4
314.73,255.3
314.74,240.1
314.76,210.5
314.77,196.4
314.79,169.9
314.81,145.9
314.82,135.0
314.84,115.2
314.86,98.43
314.87,91.13
314.89,78.69
314.91,69.01
314.92,65.17
314.94,59.44
314.96,56.25
314.97,55.6
314.99,56.23
315.01,59.54
315.02,62.28
315.04,70.09
315.06,81.4
315.07,88.52
315.09,106.1
315.1,116.6
315.12,141.9
315.14,173.2
315.15,191.4
315.17,233.3
315.19,283.0
315.2,311.0
315.22,373.4
315.24,444.4
315.25,483.1
315.27,566.6
315.29,657.4
315.3,705.2
315.32,804.4
315.34,906.8
315.35,958.6
315.37,1061.0
315.39,1161.0
315.4,1210.0
315.42,1301.0
315.44,1383.0
315.45,1420.0
315.47,1488.0
315.48,1518.0
315.5,1570.0
315.52,1616.0
315.53,1637.0
315.55,1678.0
315.57,1723.0
315.58,1749.0
315.6,1812.0
315.62,1898.0
315.63,1951.0
315.65,2085.0
315.67,2259.0
315.68,2363.0
315.7,2610.0
315.72,2908.0
315.73,3076.0
315.75,3452.0
315.77,3873.0
315.78,4098.0
315.8,4572.0
315.82,5065.0
315.83,5314.0
315.85,5806.0
315.86,6045.0
315.88,6495.0
315.9,6894.0
315.91,7069.0
315.93,7359.0
315.95,7559.0
315.96,7622.0
315.98,7671.0
316.0,7614.0
316.01,7546.0
316.03,7336.0
316.05,7033.0
316.06,6850.0
316.08,6433.0
316.1,5958.0
316.11,5706.0
316.13,5180.0
316.15,4642.0
316.16,4373.0
316.18,3846.0
316.2,3342.0
316.21,3102.0
316.23,2653.0
316.24,2444.0
316.26,2061.0
316.28,1725.0
316.29,1575.0
316.31,1308.0
316.33,1084.0
316.34,987.3
316.36,819.8
316.38,684.1
316.39,626.8
316.41,530.4
316.43,455.0
316.44,424.1
316.46,374.0
316.48,337.6
316.49,323.9
316.51,304.7
316.53,295.5
316.54,294.4
316.56,299.1
316.57,304.7
316.59,322.4
316.61,348.3
316.62,364.2
316.64,401.4
316.66,445.3
316.67,469.4
316.69,521.1
316.71,576.1
316.72,604.3
316.74,660.7
316.76,715.5
316.77,741.6
316.79,789.8
316.81,831.0
316.82,848.3
316.84,875.6
316.86,892.0
316.87,895.7
316.89,894.2
316.91,880.6
316.92,869.3
316.94,838.6
316.95,819.4
316.97,774.2
316.99,721.5
317.0,693.0
317.02,632.6
317.04,569.7
317.05,537.8
317.07,474.6
317.09,413.3
317.1,383.8
317.12,327.7
317.14,276.4
317.15,252.8
317.17,209.5
317.19,171.9
317.2,155.3
317.22,125.9
317.24,101.8
317.25,91.61
317.27,74.57
317.29,61.78
317.3,56.88
317.32,49.89
317.33,47.78
317.35,46.31
317.37,48.65
317.38,51.36
317.4,60.25
317.42,74.52
317.43,84.03
317.45,108.8
317.47,142.9
317.48,164.2
317.5,217.1
317.52,286.8
317.53,329.2
317.55,432.1
317.57,563.7
317.58,642.1
317.6,828.4
317.62,1060.0
317.63,1195.0
317.65,1508.0
317.67,1886.0
317.68,2101.0
317.7,2588.0
317.71,2861.0
317.73,3468.0
317.75,4158.0
317.76,4534.0
317.78,5346.0
317.8,6229.0
317.81,6695.0
317.83,7663.0
317.85,8667.0
317.86,9175.0
317.88,10190.0
317.9,11170.0
317.91,11640.0
317.93,12530.0
317.95,13310.0
317.96,13660.0
317.98,14240.0
318.0,14650.0
318.01,14790.0
318.03,14940.0
318.04,14940.0
318.06,14800.0
318.08,14490.0
318.09,14260.0
318.11,13700.0
318.13,12990.0
318.14,12600.0
318.16,11740.0
318.18,10810.0
318.19,10330.0
318.21,9348.0
318.23,8368.0
318.24,7886.0
318.26,6948.0
318.28,6060.0
318.29,5640.0
318.31,4851.0
318.33,4136.0
318.34,3808.0
318.36,3212.0
318.38,2692.0
318.39,2460.0
318.41,2050.0
318.42,1870.0
318.44,1558.0
318.46,1302.0
318.47,1194.0
318.49,1013.0
318.51,874.1
318.52,818.4
318.54,731.3
318.56,672.3
318.57,651.9
318.59,626.3
318.61,617.5
318.62,618.1
318.64,627.2
318.66,643.6
318.67,653.6
318.69,675.0
318.71,696.2
318.72,705.9
318.74,722.3
318.76,733.0
318.77,735.9
318.79,735.8
318.8,732.8
318.82,720.7
318.84,700.6
318.85,687.7
318.87,656.8
318.89,620.0
318.9,599.9
318.92,557.2
318.94,512.4
318.95,489.8
318.97,445.2
318.99,402.7
319.0,382.7
319.02,346.1
319.04,315.1
319.05,301.9
319.07,281.0
319.09,267.7
319.1,264.1
319.12,263.2
319.14,270.9
319.15,277.9
319.17,298.3
319.18,311.6
319.2,344.3
319.22,384.5
319.23,407.2
319.25,457.5
319.27,513.4
319.28,543.2
319.3,605.6
319.32,671.0
319.33,704.4
319.35,771.9
319.37,839.2
319.38,872.4
319.4,937.1
319.42,998.6
319.43,1028.0
319.45,1082.0
319.47,1131.0
319.48,1153.0
319.5,1192.0
319.51,1208.0
319.53,1235.0
319.55,1253.0
319.56,1258.0
319.58,1263.0
319.6,1258.0
319.61,1252.0
319.63,1233.0
319.65,1205.0
319.66,1188.0
319.68,1147.0
319.7,1100.0
319.71,1074.0
319.73,1019.0
319.75,960.4
319.76,930.3
319.78,869.7
319.8,810.2
319.81,781.4
319.83,726.6
319.85,677.1
319.86,654.6
319.88,615.2
319.89,598.4
319.91,571.0
319.93,552.2
319.94,546.0
319.96,540.0
319.98,542.1
319.99,546.2
320.01,559.9
320.03,580.7
320.04,593.6
320.06,624.6
320.08,662.2
320.09,683.6
320.11,732.0
320.13,788.3
320.14,819.7
320.16,889.9
320.18,970.7
320.19,1015.0
320.21,1114.0
320.23,1226.0
320.24,1287.0
320.26,1419.0
320.27,1489.0
320.29,1639.0
320.31,1799.0
320.32,1881.0
320.34,2050.0
320.36,2220.0
320.37,2304.0
320.39,2467.0
320.41,2619.0
320.42,2689.0
320.44,2814.0
320.46,2915.0
320.47,2956.0
320.49,3014.0
320.51,3041.0
320.52,3042.0
320.54,3018.0
320.56,2962.0
320.57,2923.0
320.59,2823.0
320.61,2698.0
320.62,2628.0
320.64,2478.0
320.65,2398.0
320.67,2235.0
320.69,2073.0
320.7,1995.0
320.72,1847.0
320.74,1717.0
320.75,1660.0
320.77,1567.0
320.79,1504.0
320.8,1484.0
320.82,1471.0
320.84,1493.0
320.85,1517.0
320.87,1590.0
320.89,1694.0
320.9,1756.0
320.92,1898.0
320.94,2058.0
320.95,2142.0
320.97,2317.0
320.98,2404.0
321.0,2576.0
321.02,2738.0
321.03,2812.0
321.05,2945.0
321.07,3052.0
321.08,3095.0
321.1,3158.0
321.12,3188.0
321.13,3192.0
321.15,3175.0
321.17,3130.0
321.18,3097.0
321.2,3016.0
321.22,2916.0
321.23,2861.0
321.25,2743.0
321.27,2620.0
321.28,2557.0
321.3,2432.0
321.32,2311.0
321.33,2252.0
321.35,2140.0
321.36,2087.0
321.38,1988.0
321.4,1897.0
321.41,1855.0
321.43,1778.0
321.45,1710.0
321.46,1679.0
321.48,1624.0
321.5,1576.0
321.51,1555.0
321.53,1519.0
321.55,1490.0
321.56,1479.0
321.58,1459.0
321.6,1445.0
321.61,1440.0
321.63,1432.0
321.65,1425.0
321.66,1421.0
321.68,1413.0
321.7,1401.0
321.71,1394.0
321.73,1373.0
321.74,1360.0
321.76,1328.0
321.78,1286.0
321.79,1262.0
321.81,1206.0
321.83,1142.0
321.84,1106.0
321.86,1031.0
321.88,949.5
321.89,907.5
321.91,822.1
321.93,736.4
321.94,694.1
321.96,611.5
321.98,533.2
321.99,496.0
322.01,426.5
322.03,363.8
322.04,335.2
322.06,283.7
322.07,260.8
322.09,220.4
322.11,187.0
322.12,172.7
322.14,148.8
322.16,130.3
322.17,122.9
322.19,111.3
322.21,103.5
322.22,100.7
322.24,97.33
322.26,96.32
322.27,96.6
322.29,98.58
322.31,102.4
322.32,104.9
322.34,111.5
322.36,120.3
322.37,125.7
322.39,138.8
322.41,155.6
322.42,165.7
322.44,190.0
322.45,204.5
322.47,238.9
322.49,281.7
322.5,306.6
322.52,364.5
322.54,434.0
322.55,473.5
322.57,562.2
322.59,664.5
322.6,720.7
322.62,843.0
322.64,977.5
322.65,1049.0
322.67,1198.0
322.69,1354.0
322.7,1434.0
322.72,1593.0
322.74,1750.0
322.75,1825.0
322.77,1968.0
322.79,2097.0
322.8,2155.0
322.82,2255.0
322.83,2296.0
322.85,2360.0
322.87,2397.0
322.88,2405.0
322.9,2402.0
322.92,2373.0
322.93,2349.0
322.95,2285.0
322.97,2202.0
322.98,2154.0
323.0,2049.0
323.02,1934.0
323.03,1875.0
323.05,1754.0
323.07,1632.0
323.08,1572.0
323.1,1455.0
323.12,1344.0
323.13,1291.0
323.15,1191.0
323.17,1098.0
323.18,1055.0
323.2,973.2
323.21,935.0
323.23,863.6
323.25,797.9
323.26,766.9
323.28,708.4
323.3,653.9
323.31,627.9
323.33,578.2
323.35,531.2
323.36,508.7
323.38,465.6
323.4,424.9
323.41,405.4
323.43,368.6
323.45,334.6
323.46,318.7
323.48,289.4
323.5,263.4
323.51,251.8
323.53,231.5
323.54,222.8
323.56,208.4
323.58,198.1
323.59,194.4
323.61,190.0
323.63,189.4
323.64,190.4
323.66,194.9
323.68,202.2
323.69,206.7
323.71,217.4
323.73,229.8
323.74,236.4
323.76,250.2
323.78,264.6
323.79,271.9
323.81,286.6
323.83,301.7
323.84,309.5
323.86,325.7
323.88,343.4
323.89,353.1
323.91,374.9
323.92,387.4
323.94,416.2
323.96,451.6
323.97,472.2
323.99,520.1
324.01,578.1
324.02,611.2
324.04,686.2
324.06,773.1
324.07,821.0
324.09,925.5
324.11,1040.0
324.12,1101.0
324.14,1228.0
324.16,1359.0
324.17,1425.0
324.19,1556.0
324.21,1682.0
324.22,1741.0
324.24,1852.0
324.26,1947.0
324.27,1988.0
324.29,2053.0
324.3,2078.0
324.32,2108.0
324.34,2114.0
324.35,2108.0
324.37,2076.0
324.39,2022.0
324.4,1986.0
324.42,1902.0
324.44,1801.0
324.45,1746.0
324.47,1628.0
324.49,1504.0
324.5,1441.0
324.52,1315.0
324.54,1192.0
324.55,1132.0
324.57,1019.0
324.59,914.9
324.6,866.7
324.62,778.4
324.64,701.4
324.65,667.1
324.67,606.4
324.68,579.9
324.7,533.7
324.72,495.8
324.73,479.6
324.75,451.6
324.77,428.6
324.78,418.6
324.8,401.0
324.82,385.9
324.83,379.1
324.85,366.7
324.87,355.8
324.88,351.0
324.9,342.5
324.92,335.9
324.93,333.4
324.95,330.4
324.97,330.5
324.98,331.8
325.0,337.2
325.01,341.5
325.03,353.1
325.05,369.0
325.06,378.7
325.08,401.5
325.1,428.7
325.11,444.0
325.13,477.8
325.15,515.9
325.16,536.5
325.18,580.9
325.2,629.5
325.21,655.3
325.23,709.9
325.25,768.6
325.26,799.4
325.28,863.8
325.3,931.4
325.31,966.2
325.33,1037.0
325.35,1109.0
325.36,1145.0
325.38,1216.0
325.39,1251.0
325.41,1316.0
325.43,1375.0
325.44,1402.0
325.46,1448.0
325.48,1483.0
325.49,1496.0
325.51,1512.0
325.53,1515.0
325.54,1512.0
325.56,1494.0
325.58,1465.0
325.59,1447.0
325.61,1403.0
325.63,1353.0
325.64,1326.0
325.66,1270.0
325.68,1216.0
325.69,1189.0
325.71,1140.0
325.73,1098.0
325.74,1080.0
325.76,1051.0
325.77,1040.0
325.79,1024.0
325.81,1018.0
325.82,1018.0
325.84,1024.0
325.86,1034.0
325.87,1040.0
325.89,1054.0
325.91,1066.0
325.92,1071.0
325.94,1077.0
325.96,1077.0
325.97,1074.0
325.99,1061.0
326.01,1038.0
326.02,1023.0
326.04,986.0
326.06,939.7
326.07,913.6
326.09,856.1
326.11,793.3
326.12,760.4
326.14,693.0
326.15,658.9
326.17,591.4
326.19,526.0
326.2,494.7
326.22,435.5
326.24,382.0
326.25,357.7
326.27,314.1
326.29,277.7
326.3,262.1
326.32,236.4
326.34,217.3
326.35,210.1
326.37,200.1
326.39,195.0
326.4,194.1
326.42,194.9
326.44,198.3
326.45,200.8
326.47,206.5
326.48,209.6
326.5,215.7
326.52,221.1
326.53,223.4
326.55,226.7
326.57,228.1
326.58,228.1
326.6,226.3
326.62,222.4
326.63,219.6
326.65,212.7
326.67,204.0
326.68,199.2
326.7,188.6
326.72,177.3
326.73,171.4
326.75,159.6
326.77,147.8
326.78,142.0
326.8,130.9
326.82,120.5
326.83,115.6
326.85,106.4
326.86,102.2
326.88,94.48
326.9,87.67
326.91,84.59
326.93,79.07
326.95,74.32
326.96,72.22
326.98,68.49
327.0,65.35
327.01,63.97
327.03,61.59
327.05,59.66
327.06,58.86
327.08,57.55
327.1,56.64
327.11,56.34
327.13,56.05
327.15,56.18
327.16,56.41
327.18,57.21
327.2,58.51
327.21,59.34
327.23,61.42
327.24,62.67
327.26,65.61
327.28,69.16
327.29,71.18
327.31,75.72
327.33,80.97
327.34,83.88
327.36,90.28
327.38,97.49
327.39,101.4
327.41,109.9
327.43,119.4
327.44,124.5
327.46,135.3
327.48,147.1
327.49,153.3
327.51,166.3
327.53,180.1
327.54,187.2
327.56,201.7
327.58,216.4
327.59,223.7
327.61,238.1
327.62,245.2
327.64,258.5
327.66,270.7
327.67,276.2
327.69,285.9
327.71,293.5
327.72,296.4
327.74,300.2
327.76,301.3
327.77,300.8
327.79,297.6
327.81,291.6
327.82,287.6
327.84,277.6
327.86,265.3
327.87,258.3
327.89,243.1
327.91,226.5
327.92,217.8
327.94,199.9
327.95,190.8
327.97,172.7
327.99,154.8
328.0,146.0
328.02,129.2
328.04,113.5
328.05,106.0
328.07,92.14
328.09,79.65
328.1,73.94
328.12,63.57
328.14,54.57
328.15,50.56
328.17,43.44
328.19,37.45
328.2,34.83
328.22,30.27
328.24,26.52
328.25,24.91
328.27,22.14
328.29,19.92
328.3,18.99
328.32,17.47
328.33,16.86
328.35,15.97
328.37,15.54
328.38,15.5
328.4,15.88
328.42,16.98
328.43,17.85
328.45,20.44
328.47,24.41
328.48,27.04
328.5,33.94
328.52,43.51
328.53,49.52
328.55,64.54
328.57,84.34
328.58,96.38
328.6,125.5
328.62,162.3
328.63,184.0
328.65,235.0
328.67,297.0
328.68,332.6
328.7,413.5
328.71,459.1
328.73,560.7
328.75,676.7
328.76,739.9
328.78,876.3
328.8,1025.0
328.81,1103.0
328.83,1265.0
328.85,1433.0
328.86,1518.0
328.88,1686.0
328.9,1848.0
328.91,1926.0
328.93,2070.0
328.95,2197.0
328.96,2251.0
328.98,2342.0
329.0,2405.0
329.01,2424.0
329.03,2440.0
329.05,2424.0
329.06,2404.0
329.08,2341.0
329.09,2299.0
329.11,2196.0
329.13,2069.0
329.14,1999.0
329.16,1847.0
329.18,1684.0
329.19,1600.0
329.21,1431.0
329.23,1263.0
329.24,1181.0
329.26,1023.0
329.28,874.0
329.29,804.2
329.31,674.3
329.33,558.4
329.34,505.7
329.36,411.1
329.38,330.1
329.39,294.5
329.41,232.4
329.42,205.6
329.44,159.6
329.46,122.6
329.47,107.1
329.49,81.29
329.51,61.32
329.52,53.19
329.54,40.02
329.56,30.27
329.57,26.44
329.59,20.49
329.61,16.36
329.62,14.84
329.64,12.67
329.66,11.42
329.67,11.06
329.69,10.76
329.71,10.89
329.72,11.07
329.74,11.62
329.76,12.33
329.77,12.73
329.79,13.58
329.8,14.01
329.82,14.86
329.84,15.67
329.85,16.05
329.87,16.73
329.89,17.31
329.9,17.55
329.92,17.93
329.94,18.16
329.95,18.23
329.97,18.26
329.99,18.15
330.0,18.06
330.02,17.78
330.04,17.42
330.05,17.21
330.07,16.75
330.09,16.27
330.1,16.03
330.12,15.57
330.14,15.16
330.15,14.99
330.17,14.73
330.18,14.66
330.2,14.67
330.22,14.93
330.23,15.18
330.25,15.97
330.27,17.26
330.28,18.14
330.3,20.49
330.32,23.81
330.33,25.93
330.35,31.29
330.37,38.5
330.38,42.94
330.4,53.87
330.42,68.05
330.43,76.58
330.45,97.0
330.47,122.6
330.48,137.6
330.5,172.6
330.52,214.9
330.53,239.0
330.55,293.6
330.56,324.2
330.58,392.3
330.6,469.5
330.61,511.4
330.63,601.5
330.65,699.2
330.66,750.5
330.68,856.6
330.7,965.8
330.71,1021.0
330.73,1129.0
330.75,1234.0
330.76,1284.0
330.78,1376.0
330.8,1456.0
330.81,1491.0
330.83,1548.0
330.85,1587.0
330.86,1599.0
330.88,1608.0
330.89,1605.0
330.91,1583.0
330.93,1542.0
330.94,1515.0
330.96,1449.0
330.98,1369.0
330.99,1324.0
331.01,1229.0
331.03,1128.0
331.04,1076.0
331.06,971.7
331.08,869.4
331.09,819.8
331.11,724.9
331.13,637.3
331.14,596.6
331.16,522.1
331.18,456.9
331.19,427.9
331.21,376.7
331.23,334.2
331.24,315.9
331.26,284.8
331.27,271.6
331.29,249.3
331.31,231.7
331.32,224.2
331.34,211.4
331.36,200.6
331.37,195.8
331.39,186.7
331.41,178.1
331.42,173.8
331.44,165.1
331.46,156.1
331.47,151.4
331.49,141.9
331.51,132.0
331.52,126.9
331.54,116.7
331.56,106.4
331.57,101.3
331.59,91.32
331.61,81.62
331.62,76.93
331.64,67.93
331.65,63.65
331.67,55.54
331.69,48.09
331.7,44.63
331.72,38.22
331.74,32.5
331.75,29.9
331.77,25.19
331.79,21.12
331.8,19.31
331.82,16.14
331.84,13.52
331.85,12.4
331.87,10.55
331.89,9.165
331.9,8.647
331.92,7.948
331.94,7.693
331.95,7.732
331.97,8.153
331.99,9.041
332.0,9.668
332.02,11.3
332.03,12.32
332.05,14.76
332.07,17.78
332.08,19.5
332.1,23.4
332.12,27.9
332.13,30.36
332.15,35.68
332.17,41.49
332.18,44.55
332.2,50.92
332.22,57.5
332.23,60.82
332.25,67.42
332.27,73.81
332.28,76.86
332.3,82.57
332.32,87.58
332.33,89.77
332.35,93.42
332.36,94.86
332.38,96.87
332.4,97.7
332.41,97.66
332.43,96.71
332.45,94.66
332.46,93.26
332.48,89.82
332.5,85.74
332.51,83.53
332.53,79.02
332.55,74.68
332.56,72.72
332.58,69.5
332.6,67.71
332.61,67.54
332.63,69.14
332.65,73.97
332.66,77.9
332.68,89.4
332.7,106.8
332.71,118.0
332.73,146.6
332.74,164.3
332.76,207.4
332.78,262.1
332.79,294.4
332.81,369.5
332.83,460.0
332.84,511.4
332.86,626.8
332.88,759.6
332.89,832.4
332.91,990.6
332.93,1164.0
332.94,1256.0
332.96,1449.0
332.98,1650.0
332.99,1752.0
333.01,1957.0
333.03,2158.0
333.04,2256.0
333.06,2441.0
333.08,2607.0
333.09,2682.0
333.11,2811.0
333.12,2864.0
333.14,2945.0
333.16,2991.0
333.17,3000.0
333.19,2989.0
333.21,2942.0
333.22,2905.0
333.24,2807.0
333.26,2679.0
333.27,2605.0
333.29,2442.0
333.31,2262.0
333.32,2167.0
333.34,1972.0
333.36,1774.0
333.37,1676.0
333.39,1483.0
333.41,1298.0
333.42,1210.0
333.44,1043.0
333.45,964.3
333.47,819.1
333.49,689.5
333.5,630.6
333.52,524.4
333.54,433.1
333.55,392.8
333.57,322.0
333.59,263.4
333.6,238.3
333.62,195.6
333.64,161.9
333.65,148.1
333.67,126.0
333.69,110.3
333.7,104.7
333.72,97.23
333.74,94.5
333.75,94.73
333.77,98.05
333.79,104.8
333.8,109.4
333.82,120.6
333.83,127.2
333.85,141.9
333.87,158.4
333.88,167.2
333.9,185.3
333.92,203.9
333.93,213.2
333.95,231.2
333.97,248.2
333.98,256.0
334.0,270.1
334.02,281.6
334.03,286.2
334.05,293.0
334.07,296.2
334.08,296.5
334.1,294.2
334.12,288.3
334.13,284.1
334.15,273.2
334.17,259.4
334.18,251.6
334.2,234.4
334.21,225.2
334.23,205.9
334.25,186.0
334.26,175.9
334.28,155.9
334.3,136.4
334.31,127.0
334.33,109.2
334.35,92.69
334.36,85.02
334.38,70.92
334.4,58.48
334.41,52.88
334.43,42.89
334.45,34.42
334.46,30.73
334.48,24.32
334.5,19.09
334.51,16.87
334.53,13.12
334.55,10.17
334.56,8.953
334.58,6.952
334.59,6.142
334.61,4.837
334.63,3.885
334.64,3.518
334.66,2.967
334.68,2.622
334.69,2.515
334.71,2.417
334.73,2.461
334.74,2.532
334.76,2.773
334.78,3.147
334.79,3.386
334.81,3.977
334.83,4.73
334.84,5.172
334.86,6.201
334.88,7.436
334.89,8.136
334.91,9.712
334.92,10.59
334.94,12.53
334.96,14.71
334.97,15.89
334.99,18.42
335.01,21.15
335.02,22.58
335.04,25.53
335.06,28.55
335.07,30.07
335.09,33.07
335.11,35.97
335.12,37.34
335.14,39.91
335.16,42.15
335.17,43.13
335.19,44.75
335.21,45.9
335.22,46.27
335.24,46.62
335.26,46.44
335.27,46.14
335.29,45.18
335.3,44.52
335.32,42.88
335.34,40.87
335.35,39.75
335.37,37.33
335.39,34.74
335.4,33.41
335.42,30.72
335.44,28.05
335.45,26.75
335.47,24.24
335.49,21.89
335.5,20.78
335.52,18.72
335.54,16.87
335.55,16.03
335.57,14.5
335.59,13.18
335.6,12.59
335.62,11.56
335.64,10.72
335.65,10.37
335.67,9.807
335.68,9.604
335.7,9.373
335.72,9.415
335.73,9.559
335.75,10.16
335.77,11.28
335.78,12.08
335.8,14.32
335.82,17.63
335.83,19.78
335.85,25.35
335.87,32.99
335.88,37.76
335.9,49.64
335.92,65.26
335.93,74.73
335.95,97.6
335.97,126.6
335.98,143.7
336.0,183.8
336.02,232.7
336.03,260.9
336.05,325.0
336.06,361.2
336.08,442.3
336.1,535.2
336.11,586.1
336.13,696.5
336.15,817.7
336.16,881.9
336.18,1016.0
336.2,1157.0
336.21,1229.0
336.23,1373.0
336.25,1515.0
336.26,1584.0
336.28,1715.0
336.3,1834.0
336.31,1887.0
336.33,1980.0
336.35,2052.0
336.36,2079.0
336.38,2114.0
336.39,2122.0
336.41,2118.0
336.43,2087.0
336.44,2062.0
336.46,1994.0
336.48,1905.0
336.49,1853.0
336.51,1737.0
336.53,1609.0
336.54,1541.0
336.56,1402.0
336.58,1259.0
336.59,1188.0
336.61,1049.0
336.63,916.0
336.64,852.2
336.66,731.9
336.68,622.1
336.69,571.5
336.71,479.1
336.73,398.4
336.74,362.3
336.76,298.5
336.77,270.6
336.79,222.0
336.81,182.3
336.82,165.4
336.84,137.2
336.86,115.5
336.87,106.8
336.89,93.16
336.91,84.14
336.92,81.19
336.94,78.14
336.96,78.67
336.97,80.21
336.99,85.78
337.01,94.58
337.02,100.2
337.04,113.8
337.06,130.6
337.07,140.2
337.09,161.6
337.11,185.8
337.12,198.9
337.14,226.8
337.15,241.5
337.17,272.0
337.19,303.4
337.2,319.2
337.22,350.4
337.24,380.5
337.25,394.8
337.27,421.3
337.29,444.3
337.3,454.2
337.32,470.5
337.34,481.4
337.35,484.7
337.37,486.9
337.39,483.1
337.4,479.0
337.42,466.6
337.44,448.8
337.45,438.2
337.47,413.7
337.49,385.9
337.5,370.9
337.52,339.6
337.53,323.4
337.55,290.7
337.57,258.1
337.58,242.2
337.6,211.2
337.62,182.1
337.63,168.4
337.65,142.7
337.67,119.8
337.68,109.3
337.7,90.43
337.72,74.29
337.73,67.2
337.75,54.87
337.77,44.85
337.78,40.64
337.8,33.65
337.82,28.39
337.83,26.33
337.85,23.25
337.86,22.16
337.88,20.78
337.9,20.33
337.91,20.4
337.93,21.03
337.95,22.23
337.96,22.99
337.98,24.79
338.0,26.86
338.01,27.96
338.03,30.24
338.05,32.52
338.06,33.64
338.08,35.76
338.1,37.68
338.11,38.54
338.13,40.0
338.15,41.09
338.16,41.49
338.18,41.96
338.2,41.98
338.21,41.84
338.23,41.22
338.24,40.76
338.26,39.57
338.28,38.06
338.29,37.2
338.31,35.31
338.33,33.25
338.34,32.18
338.36,30.0
338.38,27.81
338.39,26.72
338.41,24.61
338.43,22.6
338.44,21.64
338.46,19.82
338.48,18.15
338.49,17.37
338.51,15.92
338.53,14.6
338.54,13.99
338.56,12.85
338.58,11.81
338.59,11.33
338.61,10.41
338.62,9.973
338.64,9.153
338.66,8.392
338.67,8.033
338.69,7.363
338.71,6.761
338.72,6.489
338.74,6.017
338.76,5.655
338.77,5.524
338.79,5.378
338.81,5.417
338.82,5.516
338.84,5.901
338.86,6.57
338.87,7.025
338.89,8.206
338.91,9.788
338.92,10.74
338.94,13.01
338.96,15.78
338.97,17.37
338.99,20.95
339.0,22.94
339.02,27.35
339.04,32.28
339.05,34.93
339.07,40.56
339.09,46.56
339.1,49.66
339.12,55.99
339.14,62.36
339.15,65.51
339.17,71.64
339.19,77.39
339.2,80.06
339.22,84.9
339.24,88.92
339.25,90.58
339.27,93.14
339.29,94.61
339.3,94.92
339.32,94.67
339.33,94.12
339.35,92.2
339.37,89.28
339.38,87.47
339.4,83.27
339.42,78.43
339.43,75.84
339.45,70.42
339.47,64.89
339.48,62.16
339.5,56.86
339.52,52.0
339.53,49.78
339.55,45.91
339.57,42.91
339.58,41.79
339.6,40.38
339.62,40.17
339.63,40.54
339.65,42.26
339.67,45.31
339.68,47.34
339.7,52.37
339.71,55.37
339.73,62.26
339.75,70.23
339.76,74.58
339.78,83.86
339.8,93.73
339.81,98.81
339.83,109.1
339.85,119.2
339.86,124.1
339.88,133.5
339.9,141.9
339.91,145.7
339.93,152.2
339.95,157.1
339.96,158.9
339.98,161.1
340.0,161.4
340.01,160.8
340.03,158.2
340.05,153.9
340.06,151.1
340.08,144.4
340.09,140.5
340.11,132.0
340.13,122.6
340.14,117.7
340.16,107.6
340.18,97.32
340.19,92.23
340.21,82.28
340.23,72.78
340.24,68.26
340.26,59.74
340.28,52.01
340.29,48.46
340.31,42.0
340.33,36.4
340.34,33.91
340.36,29.55
340.38,25.95
340.39,24.41
340.41,21.84
340.43,19.86
340.44,19.07
340.46,17.87
340.47,17.43
340.49,16.86
340.51,16.65
340.52,16.67
340.54,16.91
340.56,17.41
340.57,17.74
340.59,18.54
340.61,19.51
340.62,20.04
340.64,21.17
340.66,22.36
340.67,22.97
340.69,24.18
340.71,25.34
340.72,25.89
340.74,26.9
340.76,27.76
340.77,28.13
340.79,28.71
340.8,28.91
340.82,29.15
340.84,29.16
340.85,29.07
340.87,28.72
340.89,28.15
340.9,27.79
340.92,26.94
340.94,25.94
340.95,25.39
340.97,24.24
340.99,23.04
341.0,22.43
341.02,21.22
341.04,20.04
341.05,19.48
341.07,18.41
341.09,17.43
341.1,16.99
341.12,16.18
341.14,15.49
341.15,15.19
341.17,14.68
341.18,14.46
341.2,14.1
341.22,13.82
341.23,13.71
341.25,13.55
341.27,13.44
341.28,13.41
341.3,13.38
341.32,13.4
341.33,13.43
341.35,13.54
341.37,13.75
341.38,13.92
341.4,14.38
341.42,15.13
341.43,15.64
341.45,17.04
341.47,19.1
341.48,20.45
341.5,23.96
341.52,28.84
341.53,31.92
341.55,39.61
341.56,44.35
341.58,55.97
341.6,70.94
341.61,79.88
341.63,101.1
341.65,127.3
341.66,142.5
341.68,177.5
341.7,219.0
341.71,242.4
341.73,294.6
341.75,354.1
341.76,386.7
341.78,457.0
341.8,533.9
341.81,574.5
341.83,659.5
341.85,748.0
341.86,793.1
341.88,883.7
341.89,928.5
341.91,1016.0
341.93,1099.0
341.94,1137.0
341.96,1208.0
341.98,1267.0
341.99,1292.0
342.01,1331.0
342.03,1356.0
342.04,1362.0
342.06,1362.0
342.08,1346.0
342.09,1332.0
342.11,1294.0
342.13,1242.0
342.14,1212.0
342.16,1144.0
342.18,1067.0
342.19,1027.0
342.21,944.0
342.23,859.2
342.24,816.9
342.26,734.1
342.27,694.1
342.29,617.9
342.31,547.9
342.32,515.6
342.34,456.9
342.36,406.3
342.37,384.0
342.39,345.7
342.41,315.1
342.42,302.6
342.44,282.4
342.46,268.0
342.47,262.7
342.49,255.3
342.51,251.1
342.52,249.9
342.54,248.8
342.56,248.7
342.57,248.7
342.59,248.7
342.61,247.9
342.62,247.2
342.64,244.8
342.65,243.1
342.67,238.6
342.69,232.8
342.7,229.4
342.72,221.7
342.74,213.0
342.75,208.4
342.77,198.8
342.79,188.8
342.8,183.7
342.82,173.6
342.84,163.7
342.85,158.9
342.87,149.5
342.89,140.6
342.9,136.3
342.92,128.0
342.94,120.1
342.95,116.4
342.97,109.0
342.99,102.0
343.0,98.54
343.02,91.77
343.03,88.44
343.05,81.87
343.07,75.4
343.08,72.2
343.1,65.88
343.12,59.7
343.13,56.67
343.15,50.76
343.17,45.09
343.18,42.37
343.2,37.17
343.22,32.34
343.23,30.08
343.25,25.88
343.27,22.16
343.28,20.48
343.3,17.53
343.32,15.14
343.33,14.17
343.35,12.72
343.36,12.26
343.38,11.93
343.4,12.53
343.41,13.23
343.43,15.58
343.45,19.49
343.46,22.15
343.48,29.2
343.5,39.08
343.51,45.33
343.53,61.04
343.55,82.0
343.56,94.88
343.58,126.5
343.6,167.8
343.61,192.7
343.63,253.3
343.65,331.0
343.66,377.6
343.68,489.6
343.7,631.9
343.71,716.8
343.73,919.3
343.74,1040.0
343.76,1325.0
343.78,1683.0
343.79,1894.0
343.81,2391.0
343.83,3004.0
343.84,3361.0
343.86,4192.0
343.88,5198.0
343.89,5775.0
343.91,7094.0
343.93,8653.0
343.94,9529.0
343.96,11490.0
343.98,13730.0
343.99,14970.0
344.01,17650.0
344.03,20620.0
344.04,22210.0
344.06,25560.0
344.08,29110.0
344.09,30950.0
344.11,34690.0
344.12,36570.0
344.14,40320.0
344.16,43960.0
344.17,45700.0
344.19,48980.0
344.21,51890.0
344.22,53170.0
344.24,55350.0
344.26,56940.0
344.27,57500.0
344.29,58110.0
344.31,58040.0
344.32,57740.0
344.34,56640.0
344.36,54900.0
344.37,53800.0
344.39,51220.0
344.41,48170.0
344.42,46510.0
344.44,42960.0
344.46,39200.0
344.47,37280.0
344.49,33410.0
344.5,31480.0
344.52,27710.0
344.54,24090.0
344.55,22360.0
344.57,19090.0
344.59,16110.0
344.6,14730.0
344.62,12200.0
344.64,9986.0
344.65,8994.0
344.67,7231.0
344.69,5745.0
344.7,5099.0
344.72,3981.0
344.74,3072.0
344.75,2688.0
344.77,2041.0
344.79,1534.0
344.8,1325.0
344.82,982.9
344.83,844.1
344.85,620.1
344.87,454.3
344.88,388.9
344.9,286.0
344.92,212.5
344.93,184.4
344.95,141.2
344.97,111.6
344.98,100.6
345.0,84.31
345.02,73.71
345.03,69.98
345.05,64.88
345.07,62.13
345.08,61.43
345.1,61.08
345.12,61.9
345.13,62.68
345.15,64.92
345.17,67.98
345.18,69.8
345.2,74.0
345.21,76.37
345.23,81.58
345.25,87.38
345.26,90.47
345.28,96.95
345.3,103.8
345.31,107.2
345.33,114.3
345.35,121.4
345.36,125.0
345.38,132.2
345.4,139.8
345.41,143.7
345.43,152.5
345.45,163.0
345.46,169.3
345.48,184.8
345.5,206.2
345.51,219.9
345.53,255.3
345.55,305.0
345.56,336.7
345.58,417.8
345.59,468.9
345.61,597.3
345.63,768.3
345.64,873.0
345.66,1128.0
345.68,1455.0
345.69,1650.0
345.71,2110.0
345.73,2678.0
345.74,3006.0
345.76,3760.0
345.78,4654.0
345.79,5157.0
345.81,6279.0
345.83,7557.0
345.84,8255.0
345.86,9763.0
345.88,11410.0
345.89,12280.0
345.91,14100.0
345.93,16000.0
345.94,16970.0
345.96,18910.0
345.97,19880.0
345.99,21760.0
346.01,23540.0
346.02,24370.0
346.04,25890.0
346.06,27180.0
346.07,27720.0
346.09,28580.0
346.11,29130.0
346.12,29270.0
346.14,29300.0
346.16,28980.0
346.17,28690.0
346.19,27880.0
346.21,26770.0
346.22,26120.0
346.24,24650.0
346.26,22990.0
346.27,22110.0
346.29,20270.0
346.3,19330.0
346.32,17420.0
346.34,15540.0
346.35,14610.0
346.37,12820.0
346.39,11140.0
346.4,10350.0
346.42,8868.0
346.44,7536.0
346.45,6928.0
346.47,5827.0
346.49,4875.0
346.5,4454.0
346.52,3712.0
346.54,3094.0
346.55,2827.0
346.57,2369.0
346.59,2000.0
346.6,1844.0
346.62,1581.0
346.64,1373.0
346.65,1286.0
346.67,1140.0
346.68,1078.0
346.7,974.4
346.72,890.1
346.73,853.6
346.75,789.7
346.77,735.2
346.78,710.8
346.8,666.8
346.82,628.7
346.83,611.9
346.85,583.4
346.87,562.8
346.88,556.1
346.9,551.5
346.92,561.6
346.93,573.6
346.95,614.3
346.97,682.7
346.98,729.4
347.0,852.9
347.02,1024.0
347.03,1131.0
347.05,1393.0
347.06,1551.0
347.08,1930.0
347.1,2403.0
347.11,2678.0
347.13,3313.0
347.15,4071.0
347.16,4499.0
347.18,5456.0
347.2,6550.0
347.21,7149.0
347.23,8447.0
347.25,9870.0
347.26,10620.0
347.28,12200.0
347.3,13850.0
347.31,14700.0
347.33,16400.0
347.35,18080.0
347.36,18900.0
347.38,20470.0
347.4,21910.0
347.41,22570.0
347.43,23730.0
347.44,24230.0
347.46,25020.0
347.48,25540.0
347.49,25690.0
347.51,25750.0
347.53,25520.0
347.54,25280.0
347.56,24610.0
347.58,23660.0
347.59,23100.0
347.61,21820.0
347.63,20370.0
347.64,19600.0
347.66,17970.0
347.68,16290.0
347.69,15440.0
347.71,13750.0
347.73,12100.0
347.74,11310.0
347.76,9788.0
347.77,9071.0
347.79,7733.0
347.81,6534.0
347.82,5991.0
347.84,5017.0
347.86,4197.0
347.87,3844.0
347.89,3253.0
347.91,2809.0
347.92,2641.0
347.94,2412.0
347.96,2319.0
347.97,2323.0
347.99,2429.0
348.01,2664.0
348.02,2829.0
348.04,3253.0
348.06,3800.0
348.07,4118.0
348.09,4842.0
348.11,5675.0
348.12,6130.0
348.14,7109.0
348.15,7630.0
348.17,8721.0
348.19,9863.0
348.2,10450.0
348.22,11610.0
348.24,12770.0
348.25,13330.0
348.27,14400.0
348.29,15370.0
348.3,15810.0
348.32,16590.0
348.34,17200.0
348.35,17440.0
348.37,17770.0
348.39,17910.0
348.4,17900.0
348.42,17730.0
348.44,17380.0
348.45,17140.0
348.47,16540.0
348.49,15820.0
348.5,15420.0
348.52,14560.0
348.53,14120.0
348.55,13210.0
348.57,12330.0
348.58,11900.0
348.6,11110.0
348.62,10410.0
348.63,10110.0
348.65,9612.0
348.67,9264.0
348.68,9149.0
348.7,9042.0
348.72,9093.0
348.73,9175.0
348.75,9444.0
348.77,9835.0
348.78,10070.0
348.8,10600.0
348.82,11180.0
348.83,11480.0
348.85,12080.0
348.87,12650.0
348.88,12920.0
348.9,13390.0
348.91,13590.0
348.93,13910.0
348.95,14090.0
348.96,14120.0
348.98,14090.0
349.0,13900.0
349.01,13750.0
349.03,13340.0
349.05,12800.0
349.06,12480.0
349.08,11780.0
349.1,10990.0
349.11,10580.0
349.13,9717.0
349.15,8838.0
349.16,8401.0
349.18,7542.0
349.2,6725.0
349.21,6338.0
349.23,5619.0
349.24,5291.0
349.26,4703.0
349.28,4216.0
349.29,4012.0
349.31,3689.0
349.33,3479.0
349.34,3416.0
349.36,3376.0
349.38,3447.0
349.39,3523.0
349.41,3752.0
349.43,4078.0
349.44,4275.0
349.46,4732.0
349.48,5263.0
349.49,5552.0
349.51,6172.0
349.53,6833.0
349.54,7174.0
349.56,7868.0
349.58,8564.0
349.59,8907.0
349.61,9573.0
349.62,9891.0
349.64,10490.0
349.66,11020.0
349.67,11250.0
349.69,11650.0
349.71,11960.0
349.72,12070.0
349.74,12210.0
349.76,12240.0
349.77,12210.0
349.79,12060.0
349.81,11800.0
349.82,11630.0
349.84,11220.0
349.86,10730.0
349.87,10450.0
349.89,9844.0
349.91,9188.0
349.92,8844.0
349.94,8138.0
349.96,7416.0
349.97,7055.0
349.99,6338.0
350.0,5986.0
350.02,5301.0
350.04,4649.0
350.05,4338.0
350.07,3750.0
350.09,3211.0
350.1,2960.0
350.12,2498.0
350.14,2087.0
350.15,1901.0
350.17,1566.0
350.19,1278.0
350.2,1150.0
350.22,925.1
350.24,737.5
350.25,656.3
350.27,516.7
350.29,403.9
350.3,356.4
350.32,276.8
350.34,215.2
350.35,190.1
350.37,150.0
350.38,134.3
350.4,110.6
350.42,95.52
350.43,90.81
350.45,86.3
350.47,87.57
350.48,90.14
350.5,98.74
350.52,111.6
350.53,119.4
350.55,137.8
350.57,159.3
350.58,171.2
350.6,196.8
350.62,224.6
350.63,239.1
350.65,269.1
350.67,299.8
350.68,315.2
350.7,345.6
350.71,360.4
350.73,388.9
350.75,415.0
350.76,427.0
350.78,448.5
350.8,466.0
350.81,473.1
350.83,483.7
350.85,489.5
350.86,490.4
350.88,488.6
350.9,481.8
350.91,476.6
350.93,463.0
350.95,445.3
350.96,435.1
350.98,412.5
351.0,387.5
351.01,374.3
351.03,346.8
351.05,318.6
351.06,304.4
351.08,276.2
351.09,262.3
351.11,235.3
351.13,209.6
351.14,197.3
351.16,174.0
351.18,152.6
351.19,142.7
351.21,124.2
351.23,107.7
351.24,100.2
351.26,86.48
351.28,74.52
351.29,69.14
351.31,59.51
351.33,51.22
351.34,47.53
351.36,40.98
351.38,35.4
351.39,32.92
351.41,28.54
351.43,24.8
351.44,23.15
351.46,20.2
351.47,18.89
351.49,16.56
351.51,14.55
351.52,13.66
351.54,12.05
351.56,10.66
351.57,10.04
351.59,8.918
351.61,7.95
351.62,7.516
351.64,6.74
351.66,6.071
351.67,5.774
351.69,5.245
351.71,4.798
351.72,4.601
351.74,4.26
351.76,3.982
351.77,3.864
351.79,3.671
351.8,3.595
351.82,3.481
351.84,3.418
351.85,3.405
351.87,3.416
351.89,3.478
351.9,3.527
351.92,3.665
351.94,3.853
351.95,3.966
351.97,4.229
351.99,4.541
352.0,4.715
352.02,5.094
352.04,5.512
352.05,5.735
352.07,6.201
352.09,6.691
352.1,6.942
352.12,7.453
352.14,7.967
352.15,8.223
352.17,8.73
352.18,8.979
352.2,9.466
352.22,9.937
352.23,10.17
352.25,10.61
352.27,11.05
352.28,11.27
352.3,11.7
352.32,12.15
352.33,12.38
352.35,12.87
352.37,13.41
352.38,13.7
352.4,14.34
352.42,15.06
352.43,15.46
352.45,16.32
352.47,17.29
352.48,17.81
352.5,18.93
352.52,20.13
352.53,20.77
352.55,22.08
352.56,22.75
352.58,24.11
352.6,25.47
352.61,26.13
352.63,27.42
352.65,28.62
352.66,29.18
352.68,30.17
352.7,31.0
352.71,31.34
352.73,31.87
352.75,32.18
352.76,32.26
352.78,32.23
352.8,31.99
352.81,31.79
352.83,31.26
352.85,30.55
352.86,30.14
352.88,29.24
352.9,28.25
352.91,27.74
352.93,26.68
352.94,26.15
352.96,25.11
352.98,24.11
352.99,23.64
353.01,22.77
353.03,22.01
353.04,21.68
353.06,21.13
353.08,20.73
353.09,20.6
353.11,20.47
353.13,20.52
353.14,20.62
353.16,20.96
353.18,21.5
353.19,21.85
353.21,22.69
353.23,23.73
353.24,24.32
353.26,25.65
353.27,26.38
353.29,27.97
353.31,29.72
353.32,30.65
353.34,32.6
353.36,34.66
353.37,35.72
353.39,37.9
353.41,40.12
353.42,41.23
353.44,43.46
353.46,45.66
353.47,46.75
353.49,48.86
353.51,50.89
353.52,51.86
353.54,53.72
353.56,55.46
353.57,56.27
353.59,57.8
353.61,59.19
353.62,59.84
353.64,61.04
353.65,61.59
353.67,62.62
353.69,63.54
353.7,63.98
353.72,64.79
353.74,65.54
353.75,65.9
353.77,66.59
353.79,67.25
353.8,67.57
353.82,68.2
353.84,68.81
353.85,69.11
353.87,69.7
353.89,70.25
353.9,70.51
353.92,71.01
353.94,71.45
353.95,71.65
353.97,71.99
353.99,72.26
354.0,72.36
354.02,72.48
354.03,72.5
354.05,72.46
354.07,72.29
354.08,72.15
354.1,71.77
354.12,71.22
354.13,70.88
354.15,70.06
354.17,69.04
354.18,68.45
354.2,67.11
354.22,65.55
354.23,64.68
354.25,62.79
354.27,60.7
354.28,59.59
354.3,57.25
354.32,54.8
354.33,53.55
354.35,51.05
354.37,48.63
354.38,47.49
354.4,45.39
354.41,44.48
354.43,43.02
354.45,42.18
354.46,42.06
354.48,42.53
354.5,44.15
354.51,45.46
354.53,49.26
354.55,54.83
354.56,58.38
354.58,67.15
354.6,78.4
354.61,85.03
354.63,100.5
354.65,118.9
354.66,129.4
354.68,152.6
354.7,179.2
354.71,193.6
354.73,224.8
354.74,241.5
354.76,276.6
354.78,313.8
354.79,333.0
354.81,372.1
354.83,411.4
354.84,430.8
354.86,468.6
354.88,504.1
354.89,520.7
354.91,551.0
354.93,576.7
354.94,587.4
354.96,604.6
354.98,615.3
354.99,618.2
355.01,618.8
355.03,612.6
355.04,607.1
355.06,591.2
355.08,569.7
355.09,557.0
355.11,528.4
355.12,512.6
355.14,479.0
355.16,443.4
355.17,425.1
355.19,388.3
355.21,352.1
355.22,334.3
355.24,300.3
355.26,268.5
355.27,253.6
355.29,226.0
355.31,201.6
355.32,190.6
355.34,171.1
355.36,154.6
355.37,147.5
355.39,135.2
355.41,125.4
355.42,121.4
355.44,114.6
355.46,109.4
355.47,107.2
355.49,103.7
355.5,102.2
355.52,99.56
355.54,97.27
355.55,96.18
355.57,94.0
355.59,91.71
355.6,90.5
355.62,87.9
355.64,85.05
355.65,83.54
355.67,80.32
355.69,76.91
355.7,75.14
355.72,71.51
355.74,67.82
355.75,65.96
355.77,62.28
355.79,58.67
355.8,56.91
355.82,53.48
355.84,50.22
355.85,48.66
355.87,45.67
355.88,44.25
355.9,41.54
355.92,39.01
355.93,37.81
355.95,35.52
355.97,33.38
355.98,32.36
356.0,30.4
356.02,28.56
356.03,27.68
356.05,25.99
356.07,24.41
356.08,23.67
356.1,22.27
356.12,21.03
356.13,20.47
356.15,19.51
356.17,18.79
356.18,18.54
356.2,18.28
356.21,18.3
356.23,18.64
356.25,19.47
356.26,20.09
356.28,21.8
356.3,24.17
356.31,25.64
356.33,29.17
356.35,33.57
356.36,36.12
356.38,41.93
356.4,48.76
356.41,52.57
356.43,61.01
356.45,70.54
356.46,75.73
356.48,86.95
356.5,99.27
356.51,105.8
356.53,119.8
356.55,134.8
356.56,142.6
356.58,159.1
356.59,167.6
356.61,185.4
356.63,203.8
356.64,213.3
356.66,232.6
356.68,252.3
356.69,262.2
356.71,282.1
356.73,301.9
356.74,311.7
356.76,330.7
356.78,348.9
356.79,357.6
356.81,373.8
356.83,388.3
356.84,394.8
356.86,406.1
356.88,414.8
356.89,418.2
356.91,422.6
356.93,423.9
356.94,423.3
356.96,419.7
356.97,416.7
356.99,408.4
357.01,397.0
357.02,390.3
357.04,374.9
357.06,357.2
357.07,347.6
357.09,327.3
357.11,305.8
357.12,294.7
357.14,272.1
357.16,249.5
357.17,238.2
357.19,216.1
357.21,194.9
357.22,184.6
357.24,165.1
357.26,147.0
357.27,138.5
357.29,122.7
357.31,108.7
357.32,102.3
357.34,90.77
357.35,85.66
357.37,76.69
357.39,69.36
357.4,66.29
357.42,61.33
357.44,57.87
357.45,56.69
357.47,55.4
357.49,55.51
357.5,56.07
357.52,58.21
357.54,61.67
357.55,63.87
357.57,69.23
357.59,75.79
357.6,79.5
357.62,87.74
357.64,96.97
357.65,101.9
357.67,112.4
357.68,117.9
357.7,129.2
357.72,140.8
357.73,146.7
357.75,158.3
357.77,169.7
357.78,175.2
357.8,185.7
357.82,195.4
357.83,199.9
357.85,208.1
357.87,215.2
357.88,218.3
357.9,223.7
357.92,228.0
357.93,229.9
357.95,233.0
357.97,235.5
357.98,236.8
358.0,239.3
358.02,242.4
358.03,244.4
358.05,249.5
358.06,253.0
358.08,262.1
358.1,275.4
358.11,284.0
358.13,306.3
358.15,337.1
358.16,356.5
358.18,405.1
358.2,469.8
358.21,509.4
358.23,606.6
358.25,732.1
358.26,807.5
358.28,988.0
358.3,1215.0
358.31,1348.0
358.33,1661.0
358.35,2043.0
358.36,2263.0
358.38,2767.0
358.4,3365.0
358.41,3701.0
358.43,4455.0
358.44,4873.0
358.46,5795.0
358.48,6832.0
358.49,7394.0
358.51,8599.0
358.53,9907.0
358.54,10600.0
358.56,12030.0
358.58,13520.0
358.59,14280.0
358.61,15820.0
358.63,17340.0
358.64,18080.0
358.66,19510.0
358.68,20840.0
358.69,21450.0
358.71,22550.0
358.73,23460.0
358.74,23830.0
358.76,24400.0
358.78,24720.0
358.79,24790.0
358.81,24720.0
358.82,24580.0
358.84,24120.0
358.86,23420.0
358.87,22990.0
358.89,21970.0
358.91,20770.0
358.92,20110.0
358.94,18710.0
358.96,17220.0
358.97,16460.0
358.99,14910.0
359.01,13370.0
359.02,12600.0
359.04,11120.0
359.06,9713.0
359.07,9041.0
359.09,7775.0
359.11,6619.0
359.12,6085.0
359.14,5106.0
359.15,4661.0
359.17,3858.0
359.19,3167.0
359.2,2861.0
359.22,2323.0
359.24,1875.0
359.25,1682.0
359.27,1350.0
359.29,1082.0
359.3,968.9
359.32,778.7
359.34,629.4
359.35,567.5
359.37,464.9
359.39,385.6
359.4,353.1
359.42,299.2
359.44,257.4
359.45,240.1
359.47,211.0
359.49,187.7
359.5,177.9
359.52,160.9
359.53,153.7
359.55,141.3
359.57,131.5
359.58,127.6
359.6,121.9
359.62,119.0
359.63,118.9
359.65,121.3
359.67,128.2
359.68,133.5
359.7,148.4
359.72,169.8
359.73,183.3
359.75,216.7
359.77,259.3
359.78,284.5
359.8,343.3
359.82,414.3
359.83,454.6
359.85,545.4
359.87,650.1
359.88,707.8
359.9,833.8
359.91,902.0
359.93,1048.0
359.95,1206.0
359.96,1290.0
359.98,1462.0
360.0,1641.0
360.01,1732.0
360.03,1914.0
360.05,2094.0
360.06,2182.0
360.08,2350.0
360.1,2504.0
360.11,2575.0
360.13,2703.0
360.15,2807.0
360.16,2849.0
360.18,2914.0
360.2,2949.0
360.21,2955.0
360.23,2946.0
360.25,2906.0
360.26,2875.0
360.28,2793.0
360.29,2743.0
360.31,2624.0
360.33,2486.0
360.34,2411.0
360.36,2250.0
360.38,2080.0
360.39,1993.0
360.41,1816.0
360.43,1639.0
360.44,1552.0
360.46,1383.0
360.48,1222.0
360.49,1146.0
360.51,1002.0
360.53,871.2
360.54,811.1
360.56,701.6
360.58,606.7
360.59,564.6
360.61,491.3
360.62,459.8
360.64,406.7
360.66,366.4
360.67,350.7
360.69,327.7
360.71,315.3
360.72,312.8
360.74,314.8
360.76,325.6
360.77,334.2
360.79,357.1
360.81,387.6
360.82,405.6
360.84,446.7
360.86,494.4
360.87,520.6
360.89,577.5
360.91,639.8
360.92,672.8
360.94,742.0
360.96,814.7
360.97,852.0
360.99,927.9
361.0,966.1
361.02,1042.0
361.04,1116.0
361.05,1152.0
361.07,1220.0
361.09,1282.0
361.1,1310.0
361.12,1359.0
361.14,1399.0
361.15,1414.0
361.17,1435.0
361.19,1444.0
361.2,1443.0
361.22,1432.0
361.24,1408.0
361.25,1391.0
361.27,1348.0
361.29,1294.0
361.3,1263.0
361.32,1196.0
361.34,1121.0
361.35,1082.0
361.37,1000.0
361.38,958.8
361.4,874.8
361.42,791.2
361.43,750.2
361.45,670.5
361.47,594.9
361.48,559.1
361.5,491.6
361.52,430.4
361.53,402.2
361.55,350.9
361.57,306.2
361.58,286.3
361.6,251.2
361.62,221.9
361.63,209.4
361.65,188.0
361.67,171.0
361.68,164.1
361.7,152.7
361.71,148.1
361.73,140.9
361.75,135.9
361.76,134.0
361.78,131.2
361.8,129.4
361.81,128.8
361.83,128.0
361.85,127.4
361.86,127.3
361.88,126.9
361.9,126.5
361.91,126.3
361.93,125.8
361.95,125.2
361.96,124.8
361.98,124.0
362.0,123.0
362.01,122.5
362.03,121.4
362.05,120.2
362.06,119.6
362.08,118.3
362.09,117.6
362.11,116.2
362.13,114.7
362.14,113.9
362.16,112.2
362.18,110.4
362.19,109.4
362.21,107.3
362.23,104.9
362.24,103.6
362.26,100.9
362.28,97.85
362.29,96.25
362.31,92.89
362.33,89.34
362.34,87.5
362.36,83.76
362.38,79.98
362.39,78.11
362.41,74.45
362.43,71.0
362.44,69.39
362.46,66.49
362.47,65.23
362.49,63.18
362.51,61.86
362.52,61.53
362.54,61.59
362.56,62.73
362.57,63.76
362.59,66.77
362.61,71.17
362.62,73.92
362.64,80.55
362.66,88.72
362.67,93.39
362.69,103.9
362.71,115.8
362.72,122.4
362.74,136.4
362.76,151.5
362.77,159.5
362.79,176.1
362.81,193.3
362.82,202.1
362.84,220.0
362.85,229.0
362.87,247.0
362.89,265.0
362.9,274.0
362.92,292.0
362.94,309.9
362.95,319.0
362.97,337.4
362.99,356.5
363.0,366.4
363.02,387.3
363.04,410.1
363.05,422.3
363.07,448.8
363.09,478.4
363.1,494.4
363.12,529.2
363.14,567.7
363.15,588.3
363.17,632.3
363.18,655.5
363.2,704.1
363.22,754.9
363.23,780.8
363.25,833.0
363.27,884.5
363.28,909.6
363.3,957.6
363.32,1001.0
363.33,1021.0
363.35,1056.0
363.37,1083.0
363.38,1093.0
363.4,1106.0
363.42,1110.0
363.43,1107.0
363.45,1096.0
363.47,1073.0
363.48,1059.0
363.5,1022.0
363.52,977.6
363.53,952.4
363.55,897.5
363.56,868.0
363.58,806.0
363.6,741.1
363.61,708.1
363.63,641.7
363.65,576.0
363.66,543.8
363.68,481.4
363.7,422.3
363.71,394.2
363.73,341.3
363.75,293.1
363.76,270.8
363.78,230.0
363.8,194.0
363.81,177.8
363.83,148.8
363.85,124.2
363.86,113.3
363.88,94.31
363.9,78.62
363.91,71.87
363.93,60.33
363.94,55.43
363.96,47.16
363.98,40.62
363.99,37.91
364.01,33.41
364.03,29.95
364.04,28.55
364.06,26.29
364.08,24.63
364.09,23.99
364.11,23.04
364.13,22.47
364.14,22.32
364.16,22.28
364.18,22.57
364.19,22.84
364.21,23.67
364.23,24.91
364.24,25.68
364.26,27.59
364.28,30.01
364.29,31.43
364.31,34.69
364.32,36.54
364.34,40.71
364.36,45.49
364.37,48.11
364.39,53.8
364.41,60.06
364.42,63.38
364.44,70.36
364.46,77.72
364.47,81.51
364.49,89.26
364.51,97.13
364.52,101.1
364.54,108.9
364.56,116.6
364.57,120.4
364.59,127.7
364.61,134.7
364.62,138.1
364.64,144.5
364.65,147.7
364.67,153.7
364.69,159.6
364.7,162.5
364.72,168.3
364.74,174.2
364.75,177.2
364.77,183.5
364.79,190.4
364.8,194.0
364.82,201.9
364.84,210.5
364.85,215.2
364.87,225.2
364.89,236.1
364.9,241.9
364.92,254.1
364.94,267.0
364.95,273.7
364.97,287.4
364.99,301.4
365.0,308.4
365.02,322.3
365.03,329.2
365.05,342.5
365.07,355.0
365.08,360.9
365.1,371.9
365.12,381.7
365.13,386.1
365.15,393.8
365.17,400.3
365.18,403.0
365.2,407.6
365.22,411.3
365.23,412.8
365.25,415.5
365.27,417.9
365.28,419.1
365.3,421.7
365.32,424.8
365.33,426.6
365.35,431.0
365.37,436.3
365.38,439.3
365.4,446.2
365.41,450.0
365.43,458.1
365.45,466.7
365.46,471.1
365.48,479.8
365.5,487.9
365.51,491.7
365.53,498.2
365.55,503.1
365.56,504.8
365.58,506.6
365.6,506.0
365.61,504.7
365.63,500.3
365.65,493.4
365.66,489.1
365.68,478.9
365.7,466.9
365.71,460.4
365.73,446.5
365.75,432.0
365.76,424.6
365.78,409.8
365.79,402.6
365.81,388.5
365.83,375.4
365.84,369.2
365.86,357.6
365.88,347.3
365.89,342.6
365.91,334.0
365.93,326.4
365.94,323.0
365.96,316.6
365.98,310.7
365.99,307.9
366.01,302.5
366.03,297.2
366.04,294.5
366.06,289.2
366.08,284.0
366.09,281.3
366.11,276.2
366.12,273.8
366.14,269.3
366.16,265.5
366.17,264.0
366.19,261.7
366.21,260.9
366.22,261.2
366.24,263.0
366.26,266.8
366.27,269.6
366.29,276.6
366.31,285.9
366.32,291.3
366.34,303.5
366.36,317.5
366.37,324.9
366.39,340.7
366.41,357.0
366.42,365.2
366.44,381.3
366.46,396.4
366.47,403.5
366.49,416.1
366.5,421.6
366.52,430.5
366.54,436.2
366.55,437.9
366.57,438.4
366.59,435.3
366.6,432.3
366.62,423.6
366.64,411.5
366.65,404.2
366.67,387.4
366.69,368.0
366.7,357.6
366.72,335.3
366.74,311.7
366.75,299.7
366.77,275.2
366.79,250.8
366.8,238.8
366.82,215.2
366.84,192.7
366.85,181.9
366.87,161.4
366.88,151.7
366.9,133.6
366.92,117.2
366.93,109.6
366.95,95.71
366.97,83.42
366.98,77.84
367.0,67.77
367.02,59.04
367.03,55.13
367.05,48.16
367.07,42.2
367.08,39.56
367.1,34.91
367.12,31.0
367.13,29.31
367.15,26.38
367.17,24.05
367.18,23.1
367.2,21.61
367.22,20.68
367.23,20.43
367.25,20.38
367.26,20.59
367.28,21.51
367.3,23.14
367.31,24.25
367.33,27.07
367.35,30.77
367.36,32.96
367.38,38.07
367.4,44.19
367.41,47.63
367.43,55.27
367.45,63.91
367.46,68.6
367.48,78.64
367.5,89.5
367.51,95.19
367.53,107.0
367.55,119.1
367.56,125.3
367.58,137.6
367.59,143.7
367.61,155.5
367.63,166.7
367.64,171.9
367.66,181.5
367.68,189.8
367.69,193.4
367.71,199.2
367.73,203.3
367.74,204.6
367.76,205.8
367.78,205.1
367.79,204.0
367.81,200.5
367.83,195.4
367.84,192.3
367.86,185.0
367.88,176.8
367.89,172.3
367.91,163.0
367.93,153.3
367.94,148.4
367.96,138.7
367.97,134.0
367.99,124.9
368.01,116.4
368.02,112.4
368.04,105.2
368.06,98.8
368.07,95.99
368.09,91.07
368.11,87.09
368.12,85.43
368.14,82.71
368.16,80.72
368.17,79.96
368.19,78.84
368.21,78.12
368.22,77.88
368.24,77.54
368.26,77.31
368.27,77.21
368.29,76.95
368.31,76.58
368.32,76.33
368.34,75.69
368.35,75.3
368.37,74.36
368.39,73.21
368.4,72.57
368.42,71.18
368.44,69.67
368.45,68.89
368.47,67.32
368.49,65.77
368.5,65.02
368.52,63.63
368.54,62.41
368.55,61.88
368.57,61.0
368.59,60.41
368.6,60.23
368.62,60.11
368.64,60.33
368.65,60.57
368.67,61.29
368.69,62.35
368.7,63.0
368.72,64.53
368.73,65.4
368.75,67.36
368.77,69.58
368.78,70.78
368.8,73.37
368.82,76.21
368.83,77.73
368.85,81.01
368.87,84.65
368.88,86.65
368.9,91.05
368.92,96.15
368.93,99.03
368.95,105.6
368.97,113.5
368.98,118.0
369.0,128.6
369.02,141.3
369.03,148.7
369.05,165.7
369.06,175.4
369.08,197.6
369.1,223.8
369.11,238.5
369.13,271.5
369.15,309.3
369.16,330.0
369.18,375.4
369.2,425.7
369.21,452.7
369.23,510.0
369.25,571.3
369.26,603.2
369.28,669.0
369.3,736.4
369.31,770.4
369.33,838.0
369.35,904.0
369.36,935.8
369.38,996.3
369.4,1051.0
369.41,1076.0
369.43,1120.0
369.44,1138.0
369.46,1168.0
369.48,1187.0
369.49,1192.0
369.51,1194.0
369.53,1185.0
369.54,1176.0
369.56,1150.0
369.58,1114.0
369.59,1092.0
369.61,1043.0
369.63,986.3
369.64,955.9
369.66,891.6
369.68,824.3
369.69,790.0
369.71,721.2
369.73,653.3
369.74,620.2
369.76,556.3
369.78,496.6
369.79,468.6
369.81,416.7
369.82,393.0
369.84,350.3
369.86,314.0
369.87,298.3
369.89,271.9
369.91,251.9
369.92,244.2
369.94,233.4
369.96,228.2
369.97,227.6
369.99,230.1
370.01,237.3
370.02,242.4
370.04,255.7
370.06,272.5
370.07,282.2
370.09,303.8
370.11,328.3
370.12,341.4
370.14,369.7
370.16,400.2
370.17,416.4
370.19,450.3
370.2,468.0
370.22,505.2
370.24,544.7
370.25,565.3
370.27,608.3
370.29,653.8
370.3,677.6
370.32,727.2
370.34,779.7
370.35,807.1
370.37,864.1
370.39,924.3
370.4,955.5
370.42,1020.0
370.44,1087.0
370.45,1122.0
370.47,1192.0
370.49,1264.0
370.5,1301.0
370.52,1374.0
370.53,1410.0
370.55,1482.0
370.57,1552.0
370.58,1587.0
370.6,1653.0
370.62,1715.0
370.63,1745.0
370.65,1801.0
370.67,1854.0
370.68,1879.0
370.7,1926.0
370.72,1971.0
370.73,1993.0
370.75,2037.0
370.77,2082.0
370.78,2106.0
370.8,2156.0
370.82,2211.0
370.83,2242.0
370.85,2307.0
370.87,2381.0
370.88,2421.0
370.9,2507.0
370.91,2552.0
370.93,2647.0
370.95,2746.0
370.96,2796.0
370.98,2896.0
371.0,2991.0
371.01,3036.0
371.03,3119.0
371.05,3188.0
371.06,3217.0
371.08,3258.0
371.1,3278.0
371.11,3279.0
371.13,3262.0
371.15,3219.0
371.16,3187.0
371.18,3105.0
371.2,2998.0
371.21,2935.0
371.23,2796.0
371.25,2638.0
371.26,2553.0
371.28,2376.0
371.29,2283.0
371.31,2095.0
371.33,1904.0
371.34,1809.0
371.36,1622.0
371.38,1441.0
371.39,1354.0
371.41,1187.0
371.43,1032.0
371.44,959.3
371.46,824.3
371.48,703.1
371.49,647.7
371.51,547.2
371.53,459.8
371.54,420.8
371.56,351.6
371.58,293.4
371.59,268.0
371.61,224.0
371.63,188.2
371.64,173.1
371.66,147.6
371.67,137.0
371.69,119.7
371.71,106.9
371.72,101.9
371.74,94.4
371.76,89.72
371.77,88.27
371.79,86.86
371.81,87.1
371.82,87.71
371.84,89.71
371.86,92.48
371.87,94.06
371.89,97.46
371.91,101.0
371.92,102.7
371.94,106.0
371.96,109.0
371.97,110.3
371.99,112.5
372.0,113.4
372.02,114.6
372.04,115.3
372.05,115.4
372.07,115.1
372.09,114.4
372.1,113.9
372.12,112.7
372.14,111.3
372.15,110.6
372.17,109.4
372.19,108.5
372.2,108.3
372.22,108.3
372.24,109.1
372.25,109.8
372.27,112.1
372.29,115.5
372.3,117.7
372.32,122.8
372.34,129.2
372.35,132.7
372.37,140.6
372.38,144.9
372.4,153.9
372.42,163.5
372.43,168.4
372.45,178.2
372.47,187.9
372.48,192.5
372.5,201.2
372.52,209.0
372.53,212.4
372.55,218.3
372.57,222.5
372.58,224.0
372.6,225.6
372.62,225.4
372.63,224.6
372.65,221.6
372.67,216.9
372.68,214.0
372.7,207.1
372.72,198.9
372.73,194.4
372.75,184.9
372.76,179.9
372.78,169.6
372.8,159.3
372.81,154.1
372.83,144.1
372.85,134.6
372.86,130.1
372.88,121.8
372.9,114.6
372.91,111.4
372.93,106.0
372.95,102.0
372.96,100.5
372.98,98.64
373.0,98.29
373.01,98.69
373.03,100.7
373.05,104.2
373.06,106.6
373.08,112.6
373.09,116.1
373.11,124.6
373.13,134.8
373.14,140.6
373.16,153.6
373.18,168.7
373.19,177.1
373.21,195.8
373.23,217.3
373.24,229.3
373.26,255.9
373.28,286.7
373.29,303.8
373.31,342.0
373.33,386.1
373.34,410.6
373.36,465.3
373.38,528.0
373.39,562.7
373.41,639.2
373.43,725.7
373.44,772.9
373.46,875.4
373.47,930.7
373.49,1049.0
373.51,1179.0
373.52,1247.0
373.54,1390.0
373.56,1541.0
373.57,1618.0
373.59,1776.0
373.61,1935.0
373.62,2014.0
373.64,2170.0
373.66,2318.0
373.67,2389.0
373.69,2521.0
373.71,2637.0
373.72,2687.0
373.74,2773.0
373.76,2836.0
373.77,2858.0
373.79,2882.0
373.81,2879.0
373.82,2868.0
373.84,2824.0
373.85,2793.0
373.87,2711.0
373.89,2607.0
373.9,2547.0
373.92,2414.0
373.94,2265.0
373.95,2186.0
373.97,2022.0
373.99,1853.0
374.0,1767.0
374.02,1595.0
374.04,1427.0
374.05,1345.0
374.07,1186.0
374.09,1036.0
374.1,965.0
374.12,831.7
374.14,710.6
374.15,654.8
374.17,552.7
374.19,463.1
374.2,422.8
374.22,351.0
374.23,319.3
374.25,263.5
374.27,217.3
374.28,197.5
374.3,163.6
374.32,136.8
374.33,125.8
374.35,107.7
374.37,94.49
374.38,89.44
374.4,82.1
374.42,77.94
374.43,76.9
374.45,76.65
374.47,78.56
374.48,80.23
374.5,84.87
374.52,91.07
374.53,94.71
374.55,103.0
374.56,107.6
374.58,117.6
374.6,128.7
374.61,134.6
374.63,146.9
374.65,160.0
374.66,166.7
374.68,180.5
374.7,194.4
374.71,201.4
374.73,215.1
374.75,228.5
374.76,234.9
374.78,247.1
374.8,258.1
374.81,263.2
374.83,272.1
374.85,279.3
374.86,282.2
374.88,286.6
374.9,288.8
374.91,289.1
374.93,288.1
374.94,286.8
374.96,282.6
374.98,276.3
374.99,272.4
375.01,263.3
375.03,252.6
375.04,246.7
375.06,234.0
375.08,220.3
375.09,213.1
375.11,198.3
375.13,183.2
375.14,175.6
375.16,160.5
375.18,145.6
375.19,138.4
375.21,124.3
375.23,111.0
375.24,104.6
375.26,92.68
375.28,81.73
375.29,76.67
375.31,67.37
375.32,63.15
375.34,55.57
375.36,49.14
375.37,46.36
375.39,41.67
375.41,38.13
375.42,36.78
375.44,34.96
375.46,34.29
375.47,34.4
375.49,35.53
375.51,37.9
375.52,39.56
375.54,43.91
375.56,49.67
375.57,53.1
375.59,61.12
375.61,70.76
375.62,76.2
375.64,88.39
375.66,102.3
375.67,110.0
375.69,126.6
375.7,135.5
375.72,154.6
375.74,175.4
375.75,186.2
375.77,209.0
375.79,232.7
375.8,244.9
375.82,269.7
375.84,294.7
375.85,307.1
375.87,331.7
375.89,355.5
375.9,367.0
375.92,388.9
375.94,409.0
375.95,418.3
375.97,435.2
375.99,449.6
376.0,455.8
376.02,466.2
376.03,470.3
376.05,476.3
376.07,479.4
376.08,479.9
376.1,478.8
376.12,475.1
376.13,472.3
376.15,464.9
376.17,455.3
376.18,449.8
376.2,437.4
376.22,423.4
376.23,415.9
376.25,400.0
376.27,383.1
376.28,374.4
376.3,356.5
376.32,338.1
376.33,328.8
376.35,310.2
376.37,291.7
376.38,282.6
376.4,264.5
376.41,255.7
376.43,238.5
376.45,222.0
376.46,214.0
376.48,198.8
376.5,184.6
376.51,177.8
376.53,165.1
376.55,153.4
376.56,147.9
376.58,137.7
376.6,128.5
376.61,124.3
376.63,116.4
376.65,109.4
376.66,106.1
376.68,100.1
376.7,94.73
376.71,92.22
376.73,87.55
376.75,83.3
376.76,81.32
376.78,77.62
376.79,75.9
376.81,72.73
376.83,69.96
376.84,68.73
376.86,66.68
376.88,65.27
376.89,64.86
376.91,64.76
376.93,65.85
376.94,66.93
376.96,70.41
376.98,75.99
376.99,79.71
377.01,89.35
377.03,102.4
377.04,110.4
377.06,129.7
377.08,154.2
377.09,168.5
377.11,201.8
377.13,241.9
377.14,264.6
377.16,316.0
377.17,344.8
377.19,408.5
377.21,480.7
377.22,520.0
377.24,604.8
377.26,697.4
377.27,746.5
377.29,849.4
377.31,957.6
377.32,1013.0
377.34,1126.0
377.36,1240.0
377.37,1297.0
377.39,1407.0
377.41,1513.0
377.42,1563.0
377.44,1655.0
377.46,1737.0
377.47,1773.0
377.49,1834.0
377.5,1858.0
377.52,1894.0
377.54,1913.0
377.55,1915.0
377.57,1907.0
377.59,1881.0
377.6,1861.0
377.62,1810.0
377.64,1745.0
377.65,1707.0
377.67,1623.0
377.69,1529.0
377.7,1479.0
377.72,1375.0
377.74,1267.0
377.75,1212.0
377.77,1103.0
377.79,994.8
377.8,942.0
377.82,839.4
377.84,741.9
377.85,695.4
377.87,607.5
377.88,566.1
377.9,488.9
377.92,419.1
377.93,387.0
377.95,328.2
377.97,276.4
377.98,253.0
378.0,211.0
378.02,174.9
378.03,158.8
378.05,130.5
378.07,106.7
378.08,96.31
378.1,78.26
378.12,63.44
378.13,57.1
378.15,46.29
378.17,37.66
378.18,34.06
378.2,28.11
378.22,23.59
378.23,21.8
378.25,19.05
378.26,18.05
378.28,16.74
378.3,16.25
378.31,16.31
378.33,17.01
378.35,18.51
378.36,19.58
378.38,22.41
378.4,26.29
378.41,28.66
378.43,34.43
378.45,41.73
378.46,46.06
378.48,56.22
378.5,68.7
378.51,75.92
378.53,92.56
378.55,112.5
378.56,123.7
378.58,149.2
378.6,178.9
378.61,195.4
378.63,231.9
378.64,251.9
378.66,295.5
378.68,344.0
378.69,370.0
378.71,425.4
378.73,484.9
378.74,516.1
378.76,580.9
378.78,648.1
378.79,682.4
378.81,751.5
378.83,820.4
378.84,854.5
378.86,920.8
378.88,983.9
378.89,1014.0
378.91,1069.0
378.93,1119.0
378.94,1141.0
378.96,1179.0
378.97,1195.0
378.99,1220.0
379.01,1236.0
379.02,1241.0
379.04,1243.0
379.06,1237.0
379.07,1231.0
379.09,1213.0
379.11,1188.0
379.12,1173.0
379.14,1140.0
379.16,1102.0
379.17,1082.0
379.19,1041.0
379.21,999.5
379.22,978.8
379.24,938.6
379.26,900.7
379.27,883.0
379.29,850.5
379.31,822.7
379.32,810.6
379.34,790.5
379.35,782.5
379.37,770.6
379.39,763.9
379.4,762.5
379.42,762.9
379.44,767.3
379.45,770.7
379.47,779.3
379.49,789.5
379.5,794.9
379.52,805.6
379.54,815.1
379.55,819.2
379.57,825.3
379.59,828.1
379.6,828.0
379.62,824.5
379.64,816.2
379.65,810.2
379.67,794.4
379.69,773.7
379.7,761.5
379.72,733.8
379.73,718.4
379.75,684.9
379.77,648.2
379.78,628.9
379.8,588.8
379.82,547.4
379.83,526.4
379.85,484.4
379.87,442.8
379.88,422.4
379.9,382.6
379.92,344.7
379.93,326.5
379.95,291.9
379.97,259.9
379.98,244.9
380.0,217.0
380.02,192.0
380.03,180.4
380.05,159.4
380.07,141.0
380.08,132.7
380.1,117.8
380.11,111.2
380.13,99.41
380.15,89.5
380.16,85.18
380.18,77.71
380.2,71.65
380.21,69.12
380.23,64.96
380.25,61.94
380.26,60.84
380.28,59.42
380.3,59.04
380.31,59.23
380.33,60.4
380.35,62.63
380.36,64.15
380.38,68.02
380.4,73.02
380.41,75.95
380.43,82.68
380.44,86.48
380.46,94.91
380.48,104.4
380.49,109.6
380.51,120.5
380.53,132.3
380.54,138.4
380.56,151.1
380.58,164.0
380.59,170.5
380.61,183.3
380.63,195.7
380.64,201.7
380.66,213.0
380.68,223.1
380.69,227.7
380.71,235.7
380.73,241.9
380.74,244.3
380.76,247.6
380.78,249.0
380.79,248.8
380.81,247.1
380.82,245.5
380.84,240.8
380.86,234.4
380.87,230.5
380.89,221.8
380.91,211.9
380.92,206.5
380.94,195.2
380.96,183.3
380.97,177.2
380.99,164.8
381.01,152.5
381.02,146.4
381.04,134.5
381.06,123.1
381.07,117.5
381.09,107.0
381.11,97.21
381.12,92.6
381.14,83.99
381.16,76.21
381.17,72.64
381.19,66.12
381.2,63.18
381.22,57.93
381.24,53.51
381.25,51.6
381.27,48.41
381.29,46.02
381.3,45.13
381.32,43.95
381.34,43.6
381.35,43.73
381.37,44.64
381.39,46.42
381.4,47.65
381.42,50.82
381.44,54.99
381.45,57.47
381.47,63.27
381.49,70.28
381.5,74.27
381.52,83.3
381.53,88.38
381.55,99.76
381.57,112.9
381.58,120.2
381.6,136.4
381.62,154.8
381.63,164.9
381.65,187.0
381.67,211.9
381.68,225.4
381.7,254.6
381.72,286.9
381.73,304.2
381.75,341.0
381.77,380.6
381.78,401.5
381.8,445.0
381.82,490.6
381.83,514.0
381.85,561.8
381.87,610.1
381.88,634.2
381.9,681.8
381.91,705.0
381.93,749.8
381.95,791.6
381.96,811.1
381.98,846.6
382.0,876.8
382.01,889.7
382.03,910.7
382.05,924.8
382.06,929.3
382.08,932.8
382.1,929.1
382.11,924.6
382.13,910.6
382.15,890.3
382.16,878.0
382.18,849.6
382.2,816.8
382.21,799.1
382.23,761.5
382.25,721.8
382.26,701.5
382.28,660.6
382.29,640.1
382.31,599.6
382.33,560.2
382.34,541.2
382.36,504.5
382.38,470.0
382.39,453.7
382.41,422.9
382.43,394.5
382.44,381.2
382.46,356.5
382.48,334.0
382.49,323.5
382.51,304.0
382.53,286.2
382.54,277.9
382.56,262.4
382.58,248.3
382.59,241.7
382.61,229.3
382.63,218.0
382.64,212.7
382.66,203.0
382.67,198.5
382.69,190.2
382.71,183.1
382.72,179.9
382.74,174.4
382.76,170.1
382.77,168.5
382.79,166.1
382.81,165.1
382.82,165.1
382.84,166.4
382.86,169.2
382.87,171.3
382.89,176.7
382.91,184.0
382.92,188.4
382.94,198.8
382.96,211.3
382.97,218.4
382.99,234.3
383.0,243.2
383.02,262.8
383.04,284.9
383.05,296.9
383.07,322.7
383.09,350.8
383.1,365.7
383.12,397.0
383.14,430.1
383.15,447.2
383.17,482.2
383.19,517.8
383.2,535.6
383.22,571.0
383.24,605.5
383.25,622.1
383.27,653.7
383.29,682.5
383.3,695.6
383.32,718.8
383.34,737.7
383.35,745.2
383.37,756.5
383.38,760.1
383.4,763.2
383.42,760.7
383.43,757.3
383.45,746.7
383.47,731.0
383.48,721.4
383.5,699.2
383.52,673.4
383.53,659.4
383.55,629.8
383.57,598.7
383.58,582.8
383.6,551.0
383.62,519.7
383.63,504.5
383.65,475.4
383.67,448.4
383.68,435.9
383.7,413.1
383.72,393.3
383.73,384.6
383.75,369.6
383.76,363.3
383.78,352.9
383.8,345.4
383.81,342.7
383.83,338.9
383.85,337.0
383.86,336.7
383.88,337.0
383.9,338.1
383.91,338.9
383.93,340.6
383.95,342.1
383.96,342.6
383.98,343.3
384.0,343.1
384.01,342.5
384.03,340.6
384.05,337.4
384.06,335.2
384.08,330.0
384.1,323.4
384.11,319.6
384.13,311.0
384.14,306.3
384.16,296.1
384.18,284.9
384.19,279.1
384.21,266.8
384.23,254.0
384.24,247.4
384.26,234.2
384.28,220.9
384.29,214.4
384.31,201.4
384.33,188.9
384.34,182.9
384.36,171.4
384.38,160.9
384.39,156.0
384.41,147.2
384.43,139.8
384.44,136.6
384.46,131.6
384.47,129.7
384.49,127.3
384.51,126.9
384.52,127.5
384.54,130.2
384.56,135.1
384.57,138.4
384.59,146.7
384.61,157.3
384.62,163.4
384.64,177.2
384.66,193.1
384.67,201.7
384.69,220.4
384.71,240.5
384.72,251.1
384.74,273.0
384.76,295.6
384.77,307.1
384.79,330.2
384.81,353.1
384.82,364.4
384.84,386.4
384.85,397.1
384.87,417.8
384.89,437.5
384.9,446.9
384.92,465.3
384.94,483.2
384.95,492.1
384.97,510.5
384.99,530.4
385.0,541.3
385.02,565.9
385.04,595.7
385.05,613.1
385.07,654.6
385.09,706.9
385.1,738.0
385.12,811.8
385.14,903.9
385.15,957.8
385.17,1084.0
385.19,1237.0
385.2,1325.0
385.22,1526.0
385.23,1640.0
385.25,1897.0
385.27,2195.0
385.28,2361.0
385.3,2727.0
385.32,3141.0
385.33,3366.0
385.35,3854.0
385.37,4389.0
385.38,4675.0
385.4,5279.0
385.42,5923.0
385.43,6258.0
385.45,6950.0
385.47,7664.0
385.48,8025.0
385.5,8750.0
385.52,9467.0
385.53,9818.0
385.55,10500.0
385.57,11130.0
385.58,11430.0
385.6,11970.0
385.61,12210.0
385.63,12620.0
385.65,12940.0
385.66,13060.0
385.68,13210.0
385.7,13250.0
385.71,13230.0
385.73,13100.0
385.75,12850.0
385.76,12690.0
385.78,12290.0
385.8,11810.0
385.81,11540.0
385.83,10950.0
385.85,10310.0
385.86,9972.0
385.88,9289.0
385.9,8601.0
385.91,8261.0
385.93,7596.0
385.94,7276.0
385.96,6669.0
385.98,6117.0
385.99,5864.0
386.01,5410.0
386.03,5030.0
386.04,4869.0
386.06,4606.0
386.08,4419.0
386.09,4354.0
386.11,4277.0
386.13,4266.0
386.14,4282.0
386.16,4353.0
386.18,4467.0
386.19,4537.0
386.21,4695.0
386.23,4868.0
386.24,4957.0
386.26,5131.0
386.28,5292.0
386.29,5365.0
386.31,5489.0
386.32,5539.0
386.34,5610.0
386.36,5638.0
386.37,5635.0
386.39,5593.0
386.41,5504.0
386.42,5442.0
386.44,5285.0
386.46,5085.0
386.47,4972.0
386.49,4719.0
386.51,4439.0
386.52,4291.0
386.54,3981.0
386.56,3660.0
386.57,3498.0
386.59,3173.0
386.61,2854.0
386.62,2697.0
386.64,2394.0
386.66,2108.0
386.67,1972.0
386.69,1715.0
386.7,1595.0
386.72,1372.0
386.74,1173.0
386.75,1082.0
386.77,916.8
386.79,773.8
386.8,710.1
386.82,597.5
386.84,503.2
386.85,462.3
386.87,392.1
386.89,335.9
386.9,312.5
386.92,274.1
386.94,245.6
386.95,234.7
386.97,218.7
386.99,209.4
387.0,207.0
387.02,206.0
387.04,209.3
387.05,212.3
387.07,220.5
387.08,225.6
387.1,237.3
387.12,250.4
387.13,257.3
387.15,271.4
387.17,285.7
387.18,292.7
387.2,306.2
387.22,318.6
387.23,324.4
387.25,334.7
387.27,343.2
387.28,346.8
387.3,352.3
387.32,355.6
387.33,356.5
387.35,356.6
387.37,354.5
387.38,352.7
387.4,347.5
387.41,344.2
387.43,336.3
387.45,326.8
387.46,321.5
387.48,309.9
387.5,297.3
387.51,290.6
387.53,276.8
387.55,262.4
387.56,255.1
387.58,240.4
387.6,225.7
387.61,218.3
387.63,203.9
387.65,190.0
387.66,183.2
387.68,170.1
387.7,157.7
387.71,151.8
387.73,140.6
387.75,130.3
387.76,125.4
387.78,116.4
387.79,112.2
387.81,104.4
387.83,97.36
387.84,94.1
387.86,88.08
387.88,82.63
387.89,80.09
387.91,75.34
387.93,70.95
387.94,68.86
387.96,64.87
387.98,61.07
387.99,59.22
388.01,55.62
388.03,52.13
388.04,50.42
388.06,47.06
388.08,43.82
388.09,42.25
388.11,39.24
388.13,36.42
388.14,35.1
388.16,32.69
388.17,31.61
388.19,29.73
388.21,28.29
388.22,27.76
388.24,27.11
388.26,27.07
388.27,27.29
388.29,28.28
388.31,30.02
388.32,31.2
388.34,34.17
388.36,38.0
388.37,40.26
388.39,45.44
388.41,51.52
388.42,54.89
388.44,62.29
388.46,70.5
388.47,74.9
388.49,84.2
388.51,94.12
388.52,99.26
388.54,109.8
388.55,115.2
388.57,126.1
388.59,137.0
388.6,142.4
388.62,152.9
388.64,163.0
388.65,167.9
388.67,177.0
388.69,185.5
388.7,189.3
388.72,196.4
388.74,202.6
388.75,205.4
388.77,210.2
388.79,214.2
388.8,216.0
388.82,219.0
388.84,221.5
388.85,222.6
388.87,224.6
388.88,225.5
388.9,227.3
388.92,229.2
388.93,230.2
388.95,232.3
388.97,234.7
388.98,235.9
389.0,238.6
389.02,241.4
389.03,242.8
389.05,245.6
389.07,248.1
389.08,249.3
389.1,251.2
389.12,252.5
389.13,252.9
389.15,252.9
389.17,251.9
389.18,250.9
389.2,248.2
389.22,244.3
389.23,241.9
389.25,236.2
389.26,233.0
389.28,225.7
389.3,217.7
389.31,213.4
389.33,204.5
389.35,195.2
389.36,190.6
389.38,181.3
389.4,172.2
389.41,167.9
389.43,159.6
389.45,152.1
389.46,148.6
389.48,142.5
389.5,137.3
389.51,135.1
389.53,131.5
389.55,128.9
389.56,128.0
389.58,127.0
389.6,126.9
389.61,127.1
389.63,128.2
389.64,129.1
389.66,131.2
389.68,134.1
389.69,135.7
389.71,139.3
389.73,143.5
389.74,145.8
389.76,150.8
389.78,156.3
389.79,159.2
389.81,165.5
389.83,172.5
389.84,176.2
389.86,184.0
389.88,192.5
389.89,196.9
389.91,206.3
389.93,216.1
389.94,221.1
389.96,231.5
389.98,242.0
389.99,247.2
390.01,257.5
390.02,262.6
390.04,272.3
390.06,281.4
390.07,285.5
390.09,293.1
390.11,299.6
390.12,302.3
390.14,306.7
390.16,309.7
390.17,310.7
390.19,311.7
390.21,311.5
390.22,311.1
390.24,309.5
390.26,307.4
390.27,306.3
390.29,304.1
390.31,302.3
390.32,301.7
390.34,301.3
390.35,301.7
390.37,303.7
390.39,307.8
390.4,310.6
390.42,318.2
390.44,328.2
390.45,334.2
390.47,348.2
390.49,364.6
390.5,373.6
390.52,393.2
390.54,414.4
390.55,425.5
390.57,448.3
390.59,471.4
390.6,482.8
390.62,505.1
390.64,526.1
390.65,535.9
390.67,553.6
390.69,568.3
390.7,574.5
390.72,583.9
390.73,587.1
390.75,590.3
390.77,589.0
390.78,586.7
390.8,578.8
390.82,566.4
390.83,558.6
390.85,540.2
390.87,518.1
390.88,505.9
390.9,479.3
390.92,450.5
390.93,435.4
390.95,404.3
390.97,372.3
390.98,356.2
391.0,324.2
391.02,292.7
391.03,277.3
391.05,247.6
391.07,219.4
391.08,206.0
391.1,180.8
391.11,168.9
391.13,147.0
391.15,127.3
391.16,118.3
391.18,102.1
391.2,88.05
391.21,81.86
391.23,71.03
391.25,62.18
391.26,58.45
391.28,52.31
391.3,47.81
391.31,46.13
391.33,43.83
391.35,42.84
391.36,42.8
391.38,43.54
391.4,45.29
391.41,46.51
391.43,49.55
391.44,51.35
391.46,55.43
391.48,60.05
391.49,62.52
391.51,67.72
391.53,73.13
391.54,75.87
391.56,81.36
391.58,86.73
391.59,89.33
391.61,94.27
391.63,98.79
391.64,100.9
391.66,104.5
391.68,107.6
391.69,108.8
391.71,110.8
391.73,112.1
391.74,112.5
391.76,112.8
391.78,112.5
391.79,112.1
391.81,111.1
391.82,110.5
391.84,109.0
391.86,107.5
391.87,106.7
391.89,105.3
391.91,104.2
391.92,103.8
391.94,103.2
391.96,103.3
391.97,103.5
391.99,104.5
392.01,106.2
392.02,107.3
392.04,110.0
392.06,113.3
392.07,115.1
392.09,119.1
392.11,123.5
392.12,125.8
392.14,130.5
392.16,135.2
392.17,137.5
392.19,141.9
392.2,144.0
392.22,147.9
392.24,151.2
392.25,152.7
392.27,155.1
392.29,156.8
392.3,157.4
392.32,158.1
392.34,158.1
392.35,157.9
392.37,157.0
392.39,155.6
392.4,154.7
392.42,152.8
392.44,150.6
392.45,149.6
392.47,147.4
392.49,145.6
392.5,144.8
392.52,143.6
392.54,143.1
392.55,143.2
392.57,144.3
392.58,145.3
392.6,148.6
392.62,153.9
392.63,157.4
392.65,166.5
392.67,179.0
392.68,186.7
392.7,205.8
392.72,230.8
392.73,245.9
392.75,282.6
392.77,329.6
392.78,357.8
392.8,425.4
392.82,511.1
392.83,562.1
392.85,683.4
392.87,835.4
392.88,925.1
392.9,1136.0
392.91,1260.0
392.93,1549.0
392.95,1903.0
392.96,2107.0
392.98,2579.0
393.0,3143.0
393.01,3465.0
393.03,4193.0
393.05,5046.0
393.06,5522.0
393.08,6582.0
393.1,7791.0
393.11,8453.0
393.13,9895.0
393.15,11490.0
393.16,12350.0
393.18,14170.0
393.2,16130.0
393.21,17160.0
393.23,19280.0
393.25,21480.0
393.26,22600.0
393.28,24840.0
393.29,25960.0
393.31,28170.0
393.33,30290.0
393.34,31300.0
393.36,33210.0
393.38,34910.0
393.39,35670.0
393.41,36980.0
393.43,38000.0
393.44,38390.0
393.46,38900.0
393.48,39070.0
393.49,39010.0
393.51,38640.0
393.53,37910.0
393.54,37430.0
393.56,36220.0
393.58,34730.0
393.59,33890.0
393.61,32050.0
393.63,30030.0
393.64,28960.0
393.66,26760.0
393.67,25640.0
393.69,23360.0
393.71,21090.0
393.72,19970.0
393.74,17780.0
393.76,15690.0
393.77,14680.0
393.79,12780.0
393.81,11020.0
393.82,10190.0
393.84,8668.0
393.86,7304.0
393.87,6682.0
393.89,5555.0
393.91,4578.0
393.92,4142.0
393.94,3370.0
393.96,2720.0
393.97,2437.0
393.99,1947.0
394.01,1547.0
394.02,1378.0
394.04,1091.0
394.05,971.8
394.07,774.4
394.09,624.7
394.1,565.2
394.12,472.3
394.14,408.9
394.15,386.6
394.17,357.8
394.19,346.6
394.2,346.5
394.22,355.4
394.24,374.2
394.25,386.7
394.27,416.3
394.29,450.9
394.3,469.5
394.32,508.4
394.34,548.4
394.35,568.4
394.37,607.9
394.38,627.0
394.4,663.6
394.42,697.0
394.43,712.3
394.45,739.9
394.47,762.9
394.48,772.7
394.5,788.7
394.52,800.0
394.53,804.1
394.55,809.2
394.57,810.9
394.58,810.7
394.6,808.9
394.62,806.0
394.63,804.5
394.65,801.9
394.67,801.0
394.68,801.4
394.7,804.8
394.72,812.0
394.73,817.3
394.75,831.5
394.76,840.5
394.78,862.3
394.8,889.0
394.81,904.1
394.83,937.3
394.85,973.9
394.86,993.1
394.88,1033.0
394.9,1073.0
394.91,1093.0
394.93,1131.0
394.95,1166.0
394.96,1182.0
394.98,1209.0
395.0,1231.0
395.01,1239.0
395.03,1249.0
395.05,1251.0
395.06,1248.0
395.08,1236.0
395.1,1216.0
395.11,1202.0
395.13,1169.0
395.14,1149.0
395.16,1105.0
395.18,1054.0
395.19,1026.0
395.21,967.2
395.23,904.8
395.24,872.6
395.26,807.0
395.28,740.7
395.29,707.7
395.31,642.4
395.33,579.0
395.34,548.2
395.36,489.0
395.38,433.2
395.39,406.8
395.41,357.1
395.43,311.7
395.44,290.6
395.46,251.8
395.48,217.4
395.49,201.8
395.51,173.7
395.52,161.2
395.54,139.0
395.56,120.5
395.57,112.6
395.59,99.17
395.61,88.97
395.62,85.03
395.64,79.42
395.66,76.78
395.67,76.59
395.69,78.5
395.71,83.59
395.72,87.38
395.74,97.62
395.76,111.6
395.77,120.2
395.79,140.5
395.81,165.5
395.82,179.9
395.84,212.6
395.85,231.0
395.87,272.2
395.89,319.4
395.9,345.2
395.92,401.5
395.94,463.7
395.95,497.0
395.97,567.5
395.99,643.0
396.0,682.3
396.02,763.5
396.04,847.2
396.05,889.5
396.07,974.4
396.09,1058.0
396.1,1099.0
396.12,1179.0
396.14,1253.0
396.15,1288.0
396.17,1353.0
396.19,1410.0
396.2,1435.0
396.22,1479.0
396.23,1498.0
396.25,1529.0
396.27,1553.0
396.28,1562.0
396.3,1578.0
396.32,1592.0
396.33,1600.0
396.35,1618.0
396.37,1644.0
396.38,1663.0
396.4,1712.0
396.42,1786.0
396.43,1833.0
396.45,1955.0
396.47,2119.0
396.48,2218.0
396.5,2459.0
396.52,2760.0
396.53,2935.0
396.55,3339.0
396.57,3818.0
396.58,4088.0
396.6,4687.0
396.61,5018.0
396.63,5740.0
396.65,6541.0
396.66,6970.0
396.68,7879.0
396.7,8849.0
396.71,9352.0
396.73,10390.0
396.75,11450.0
396.76,11980.0
396.78,13040.0
396.8,14070.0
396.81,14570.0
396.83,15520.0
396.85,16390.0
396.86,16790.0
396.88,17490.0
396.9,18060.0
396.91,18290.0
396.93,18630.0
396.95,18810.0
396.96,18840.0
396.98,18770.0
396.99,18670.0
397.01,18350.0
397.03,17880.0
397.04,17590.0
397.06,16910.0
397.08,16110.0
397.09,15670.0
397.11,14740.0
397.13,13740.0
397.14,13220.0
397.16,12170.0
397.18,11110.0
397.19,10580.0
397.21,9530.0
397.23,8517.0
397.24,8028.0
397.26,7089.0
397.28,6211.0
397.29,5798.0
397.31,5023.0
397.32,4663.0
397.34,3996.0
397.36,3402.0
397.37,3131.0
397.39,2640.0
397.41,2213.0
397.42,2022.0
397.44,1681.0
397.46,1391.0
397.47,1264.0
397.49,1039.0
397.51,851.4
397.52,769.8
397.54,628.1
397.56,511.4
397.57,461.2
397.59,374.7
397.61,304.4
397.62,274.4
397.64,223.1
397.66,181.8
397.67,164.3
397.69,134.7
397.7,122.2
397.72,101.3
397.74,84.86
397.75,78.12
397.77,67.13
397.79,59.04
397.8,55.95
397.82,51.48
397.84,49.06
397.85,48.56
397.87,48.9
397.89,50.95
397.9,52.6
397.92,57.11
397.94,63.26
397.95,66.95
397.97,75.56
397.99,85.81
398.0,91.56
398.02,104.3
398.04,118.6
398.05,126.3
398.07,142.9
398.08,151.7
398.1,170.2
398.12,189.7
398.13,199.8
398.15,220.4
398.17,241.2
398.18,251.7
398.2,272.3
398.22,292.3
398.23,301.9
398.25,320.2
398.27,336.9
398.28,344.5
398.3,358.1
398.32,369.4
398.33,374.1
398.35,381.5
398.37,386.4
398.38,387.8
398.4,388.9
398.42,387.6
398.43,386.2
398.45,382.1
398.46,379.5
398.48,373.5
398.5,366.7
398.51,363.3
398.53,356.6
398.55,350.5
398.56,347.9
398.58,343.7
398.6,341.4
398.61,341.0
398.63,342.0
398.65,345.4
398.66,348.1
398.68,355.3
398.7,365.0
398.71,370.7
398.73,383.5
398.75,398.0
398.76,405.7
398.78,421.8
398.79,430.0
398.81,446.4
398.83,462.2
398.84,469.6
398.86,483.3
398.88,494.9
398.89,499.7
398.91,507.1
398.93,511.3
398.94,512.1
398.96,510.9
398.98,506.0
398.99,502.2
399.01,491.8
399.03,478.0
399.04,469.9
399.06,451.6
399.08,431.0
399.09,419.9
399.11,396.7
399.13,372.5
399.14,360.3
399.16,335.9
399.17,324.0
399.19,300.8
399.21,279.1
399.22,269.0
399.24,250.6
399.26,234.9
399.27,228.1
399.29,217.1
399.31,209.4
399.32,206.9
399.34,204.6
399.36,205.7
399.37,207.6
399.39,213.8
399.41,223.1
399.42,228.8
399.44,242.2
399.46,257.7
399.47,266.1
399.49,283.9
399.51,302.6
399.52,312.1
399.54,331.0
399.55,340.3
399.57,358.1
399.59,374.5
399.6,382.0
399.62,395.3
399.64,406.0
399.65,410.2
399.67,416.3
399.69,419.1
399.7,419.2
399.72,416.8
399.74,411.0
399.75,406.8
399.77,396.1
399.79,382.4
399.8,374.6
399.82,357.2
399.84,337.8
399.85,327.5
399.87,305.9
399.89,283.5
399.9,272.1
399.92,249.2
399.93,237.8
399.95,215.4
399.97,193.7
399.98,183.3
400.0,163.2
400.02,144.5
400.03,135.7
400.05,119.3
400.07,104.5
400.08,97.69
400.1,85.27
400.12,74.42
400.13,69.55
400.15,60.89
400.17,53.56
400.18,50.35
400.2,44.79
400.22,40.25
400.23,38.33
400.25,35.09
400.26,33.75
400.28,31.56
400.3,29.92
400.31,29.28
400.33,28.29
400.35,27.65
400.36,27.42
400.38,27.14
400.4,27.03
400.41,27.02
400.43,27.07
400.45,27.17
400.46,27.22
400.48,27.33
400.5,27.41
400.51,27.43
400.53,27.42
400.55,27.34
400.56,27.26
400.58,27.03
400.6,26.71
400.61,26.5
400.63,26.02
400.64,25.74
400.66,25.11
400.68,24.39
400.69,24.0
400.71,23.16
400.73,22.27
400.74,21.81
400.76,20.86
400.78,19.9
400.79,19.42
400.81,18.46
400.83,17.53
400.84,17.08
400.86,16.22
400.88,15.43
400.89,15.05
400.91,14.37
400.93,13.78
400.94,13.52
400.96,13.07
400.98,12.72
400.99,12.59
401.01,12.39
401.02,12.33
401.04,12.27
401.06,12.3
401.07,12.35
401.09,12.49
401.11,12.71
401.12,12.84
401.14,13.14
401.16,13.48
401.17,13.66
401.19,14.05
401.21,14.46
401.22,14.67
401.24,15.1
401.26,15.54
401.27,15.77
401.29,16.24
401.31,16.72
401.32,16.98
401.34,17.51
401.36,18.09
401.37,18.4
401.39,19.07
401.4,19.44
401.42,20.25
401.44,21.17
401.45,21.68
401.47,22.81
401.49,24.09
401.5,24.8
401.52,26.35
401.54,28.09
401.55,29.03
401.57,31.06
401.59,33.27
401.6,34.44
401.62,36.92
401.64,39.54
401.65,40.89
401.67,43.67
401.69,46.51
401.7,47.94
401.72,50.78
401.73,52.17
401.75,54.89
401.77,57.44
401.78,58.64
401.8,60.85
401.82,62.76
401.83,63.58
401.85,64.94
401.87,65.89
401.88,66.19
401.9,66.46
401.92,66.26
401.93,65.98
401.95,65.08
401.97,63.74
401.98,62.9
402.0,60.95
402.02,58.65
402.03,57.39
402.05,54.68
402.07,51.78
402.08,50.28
402.1,47.24
402.11,45.71
402.13,42.68
402.15,39.75
402.16,38.35
402.18,35.72
402.2,33.35
402.21,32.29
402.23,30.45
402.25,29.01
402.26,28.46
402.28,27.72
402.3,27.48
402.31,27.56
402.33,28.13
402.35,29.24
402.36,30.01
402.38,31.97
402.4,34.47
402.41,35.93
402.43,39.22
402.45,43.01
402.46,45.07
402.48,49.52
402.49,51.88
402.51,56.86
402.53,62.13
402.54,64.85
402.56,70.43
402.58,76.13
402.59,79.01
402.61,84.8
402.63,90.61
402.64,93.5
402.66,99.29
402.68,105.1
402.69,108.0
402.71,113.9
402.73,119.9
402.74,123.0
402.76,129.4
402.78,136.4
402.79,140.1
402.81,148.1
402.82,152.4
402.84,161.8
402.86,172.5
402.87,178.3
402.89,191.2
402.91,205.6
402.92,213.4
402.94,230.5
402.96,249.3
402.97,259.4
402.99,280.8
403.01,303.7
403.02,315.7
403.04,340.7
403.06,366.5
403.07,379.7
403.09,406.2
403.11,432.8
403.12,445.9
403.14,471.4
403.16,495.7
403.17,507.3
403.19,528.9
403.2,538.8
403.22,556.6
403.24,571.5
403.25,577.7
403.27,587.5
403.29,593.7
403.3,595.4
403.32,596.0
403.34,592.8
403.35,589.8
403.37,581.0
403.39,568.8
403.4,561.5
403.42,544.6
403.44,525.0
403.45,514.3
403.47,491.3
403.49,466.5
403.5,453.6
403.52,426.9
403.54,399.5
403.55,385.6
403.57,357.9
403.58,344.1
403.6,316.9
403.62,290.4
403.63,277.6
403.65,252.8
403.67,229.5
403.68,218.4
403.7,197.7
403.72,178.9
403.73,170.3
403.75,154.7
403.77,141.2
403.78,135.4
403.8,125.4
403.82,117.7
403.83,114.7
403.85,110.4
403.87,108.3
403.88,108.1
403.9,109.2
403.92,112.2
403.93,114.4
403.95,120.1
403.96,123.5
403.98,131.4
404.0,140.5
404.01,145.4
404.03,155.8
404.05,166.7
404.06,172.3
404.08,183.5
404.1,194.5
404.11,199.8
404.13,210.0
404.15,219.3
404.16,223.6
404.18,231.2
404.2,237.4
404.21,239.9
404.23,243.8
404.25,246.0
404.26,246.5
404.28,246.3
404.29,245.6
404.31,243.0
404.33,239.1
404.34,236.7
404.36,230.9
404.38,224.3
404.39,220.7
404.41,213.1
404.43,205.1
404.44,201.1
404.46,192.9
404.48,185.0
404.49,181.1
404.51,173.7
404.53,166.8
404.54,163.5
404.56,157.6
404.58,152.3
404.59,149.9
404.61,145.7
404.63,142.2
404.64,140.7
404.66,138.1
404.67,137.0
404.69,135.2
404.71,133.8
404.72,133.3
404.74,132.4
404.76,131.7
404.77,131.4
404.79,130.8
404.81,130.3
404.82,130.0
404.84,129.4
404.86,128.5
404.87,128.0
404.89,126.9
404.91,125.4
404.92,124.6
404.94,122.7
404.96,120.5
404.97,119.3
404.99,116.6
405.01,113.7
405.02,112.1
405.04,108.9
405.05,107.2
405.07,103.7
405.09,100.2
405.1,98.44
405.12,95.01
405.14,91.76
405.15,90.22
405.17,87.39
405.19,84.94
405.2,83.89
405.22,82.18
405.24,81.05
405.25,80.71
405.27,80.54
405.29,81.04
405.3,81.55
405.32,83.1
405.34,85.32
405.35,86.68
405.37,89.85
405.39,93.59
405.4,95.65
405.42,100.1
405.43,102.4
405.45,107.4
405.47,112.4
405.48,115.0
405.5,120.2
405.52,125.2
405.53,127.6
405.55,132.2
405.57,136.4
405.58,138.3
405.6,141.7
405.62,144.5
405.63,145.7
405.65,147.5
405.67,148.6
405.68,149.0
405.7,149.1
405.72,148.6
405.73,148.1
405.75,146.7
405.76,145.9
405.78,143.8
405.8,141.4
405.81,140.1
405.83,137.3
405.85,134.4
405.86,133.0
405.88,130.0
405.9,127.1
405.91,125.7
405.93,123.0
405.95,120.6
405.96,119.5
405.98,117.4
406.0,115.7
406.01,115.0
406.03,113.8
406.05,112.9
406.06,112.7
406.08,112.4
406.1,112.6
406.11,112.8
406.13,113.5
406.14,114.0
406.16,115.3
406.18,116.9
406.19,117.8
406.21,119.9
406.23,122.2
406.24,123.4
406.26,125.9
406.28,128.5
406.29,129.8
406.31,132.4
406.33,134.9
406.34,136.1
406.36,138.2
406.38,140.1
406.39,140.9
406.41,142.2
406.43,143.1
406.44,143.4
406.46,143.6
406.48,143.3
406.49,142.9
406.51,141.8
406.52,141.1
406.54,139.4
406.56,137.2
406.57,135.9
406.59,133.2
406.61,130.1
406.62,128.5
406.64,125.1
406.66,121.6
406.67,119.7
406.69,116.0
406.71,112.3
406.72,110.4
406.74,106.6
406.76,102.9
406.77,101.1
406.79,97.53
406.81,94.05
406.82,92.36
406.84,89.08
406.86,85.94
406.87,84.43
406.89,81.54
406.9,80.17
406.92,77.56
406.94,75.16
406.95,74.04
406.97,71.98
406.99,70.18
407.0,69.39
407.02,68.02
407.04,66.97
407.05,66.57
407.07,66.07
407.09,65.96
407.1,66.08
407.12,66.67
407.14,67.78
407.15,68.56
407.17,70.57
407.19,73.27
407.2,74.91
407.22,78.79
407.23,81.07
407.25,86.34
407.27,92.65
407.28,96.23
407.3,104.3
407.32,113.7
407.33,118.8
407.35,130.3
407.37,143.2
407.38,150.3
407.4,165.5
407.42,182.2
407.43,191.2
407.45,210.2
407.47,230.5
407.48,241.2
407.5,263.3
407.52,286.4
407.53,298.2
407.55,322.2
407.57,346.3
407.58,358.4
407.6,382.2
407.61,393.9
407.63,416.4
407.65,437.7
407.66,447.7
407.68,466.3
407.7,482.5
407.71,489.7
407.73,502.0
407.75,511.2
407.76,514.7
407.78,519.1
407.8,520.2
407.81,519.4
407.83,515.5
407.85,508.3
407.86,503.6
407.88,491.9
407.9,477.6
407.91,469.5
407.93,451.8
407.95,432.3
407.96,422.1
407.98,400.8
407.99,389.9
408.01,367.7
408.03,345.5
408.04,334.6
408.06,313.1
408.08,292.5
408.09,282.6
408.11,264.0
408.13,246.9
408.14,239.0
408.16,224.6
408.18,212.3
408.19,206.8
408.21,197.5
408.23,190.2
408.24,187.3
408.26,183.0
408.28,180.7
408.29,180.2
408.31,180.5
408.33,182.5
408.34,184.1
408.36,188.4
408.37,191.1
408.39,197.4
408.41,204.8
408.42,209.0
408.44,218.0
408.46,227.8
408.47,233.0
408.49,243.9
408.51,255.3
408.52,261.1
408.54,273.0
408.56,284.8
408.57,290.7
408.59,302.3
408.61,313.4
408.62,318.6
408.64,328.5
408.66,337.3
408.67,341.2
408.69,347.9
408.7,350.7
408.72,354.8
408.74,357.0
408.75,357.3
408.77,356.3
408.79,353.1
408.8,350.7
408.82,344.3
408.84,335.8
408.85,330.7
408.87,319.3
408.89,306.1
408.9,299.0
408.92,283.7
408.94,267.4
408.95,258.9
408.97,241.6
408.99,223.9
409.0,215.0
409.02,197.4
409.04,180.1
409.05,171.6
409.07,155.2
409.08,147.3
409.1,132.3
409.12,118.2
409.13,111.6
409.15,99.2
409.17,87.95
409.18,82.76
409.2,73.23
409.22,64.8
409.23,60.98
409.25,54.09
409.27,48.15
409.28,45.51
409.3,40.84
409.32,36.92
409.33,35.21
409.35,32.28
409.37,29.92
409.38,28.93
409.4,27.31
409.42,26.11
409.43,25.66
409.45,25.03
409.46,24.84
409.48,24.68
409.5,24.81
409.51,24.97
409.53,25.47
409.55,26.19
409.56,26.63
409.58,27.65
409.6,28.83
409.61,29.48
409.63,30.89
409.65,32.42
409.66,33.22
409.68,34.89
409.7,36.64
409.71,37.54
409.73,39.37
409.75,41.24
409.76,42.19
409.78,44.09
409.8,46.0
409.81,46.96
409.83,48.87
409.84,49.82
409.86,51.71
409.88,53.58
409.89,54.51
409.91,56.33
409.93,58.11
409.94,58.98
409.96,60.66
409.98,62.26
409.99,63.02
410.01,64.45
410.03,65.73
410.04,66.3
410.06,67.3
410.08,68.07
410.09,68.37
410.11,68.75
410.13,68.84
410.14,68.76
410.16,68.37
410.17,68.06
410.19,67.17
410.21,65.95
410.22,65.22
410.24,63.53
410.26,61.56
410.27,60.48
410.29,58.14
410.31,55.61
410.32,54.29
410.34,51.56
410.36,48.77
410.37,47.37
410.39,44.58
410.41,41.85
410.42,40.53
410.44,37.98
410.46,35.6
410.47,34.49
410.49,32.43
410.51,30.61
410.52,29.8
410.54,28.37
410.55,27.76
410.57,26.74
410.59,26.01
410.6,25.74
410.62,25.41
410.64,25.35
410.65,25.41
410.67,25.72
410.69,26.26
410.7,26.62
410.72,27.49
410.74,28.54
410.75,29.14
410.77,30.45
410.79,31.9
410.8,32.68
410.82,34.29
410.84,35.98
410.85,36.85
410.87,38.6
410.89,40.34
410.9,41.2
410.92,42.87
410.93,43.67
410.95,45.19
410.97,46.57
410.98,47.19
411.0,48.3
411.02,49.19
411.03,49.55
411.05,50.09
411.07,50.38
411.08,50.43
411.1,50.33
411.12,49.99
411.13,49.74
411.15,49.06
411.17,48.18
411.18,47.68
411.2,46.56
411.22,45.33
411.23,44.68
411.25,43.34
411.26,42.66
411.28,41.3
411.3,39.97
411.31,39.32
411.33,38.09
411.35,36.97
411.36,36.45
411.38,35.51
411.4,34.71
411.41,34.37
411.43,33.81
411.45,33.41
411.46,33.27
411.48,33.1
411.5,33.1
411.51,33.15
411.53,33.37
411.55,33.73
411.56,33.97
411.58,34.55
411.6,35.26
411.61,35.67
411.63,36.58
411.64,37.09
411.66,38.21
411.68,39.47
411.69,40.15
411.71,41.63
411.73,43.26
411.74,44.14
411.76,46.03
411.78,48.12
411.79,49.25
411.81,51.68
411.83,54.4
411.84,55.88
411.86,59.11
411.88,62.78
411.89,64.8
411.91,69.27
411.93,74.41
411.94,77.27
411.96,83.64
411.98,91.01
411.99,95.11
412.01,104.3
412.02,109.3
412.04,120.7
412.06,133.6
412.07,140.8
412.09,156.6
412.11,174.6
412.12,184.4
412.14,206.0
412.16,230.4
412.17,243.7
412.19,272.8
412.21,305.6
412.22,323.5
412.24,362.8
412.26,407.3
412.27,431.8
412.29,486.1
412.31,548.3
412.32,582.8
412.34,660.0
412.36,749.5
412.37,799.6
412.39,912.0
412.4,975.1
412.42,1117.0
412.44,1281.0
412.45,1373.0
412.47,1579.0
412.49,1817.0
412.5,1949.0
412.52,2240.0
412.54,2572.0
412.55,2754.0
412.57,3150.0
412.59,3593.0
412.6,3833.0
412.62,4347.0
412.64,4910.0
412.65,5209.0
412.67,5843.0
412.69,6521.0
412.7,6876.0
412.72,7616.0
412.73,8000.0
412.75,8791.0
412.77,9609.0
412.78,10030.0
412.8,10870.0
412.82,11730.0
412.83,12160.0
412.85,13020.0
412.87,13880.0
412.88,14300.0
412.9,15120.0
412.92,15910.0
412.93,16300.0
412.95,17030.0
412.97,17710.0
412.98,18030.0
413.0,18630.0
413.02,19150.0
413.03,19380.0
413.05,19780.0
413.07,20090.0
413.08,20210.0
413.1,20370.0
413.11,20420.0
413.13,20420.0
413.15,20320.0
413.16,20220.0
413.18,19950.0
413.2,19570.0
413.21,19340.0
413.23,18810.0
413.25,18170.0
413.26,17820.0
413.28,17050.0
413.3,16210.0
413.31,15760.0
413.33,14830.0
413.35,13860.0
413.36,13360.0
413.38,12360.0
413.4,11340.0
413.41,10840.0
413.43,9838.0
413.45,8865.0
413.46,8391.0
413.48,7476.0
413.49,7037.0
413.51,6198.0
413.53,5418.0
413.54,5050.0
413.56,4364.0
413.58,3742.0
413.59,3455.0
413.61,2929.0
413.63,2464.0
413.64,2254.0
413.66,1875.0
413.68,1549.0
413.69,1404.0
413.71,1148.0
413.73,933.1
413.74,839.3
413.76,676.4
413.78,543.0
413.79,485.9
413.81,388.8
413.83,311.5
413.84,279.2
413.86,225.5
413.87,203.5
413.89,167.7
413.91,141.2
413.92,130.8
413.94,115.0
413.96,104.7
413.97,101.2
413.99,97.1
414.01,96.07
414.02,96.5
414.04,98.91
414.06,103.0
414.07,105.5
414.09,111.2
414.11,117.6
414.12,121.0
414.14,128.0
414.16,135.0
414.17,138.4
414.19,145.1
414.2,148.2
414.22,154.1
414.24,159.2
414.25,161.5
414.27,165.3
414.29,168.2
414.3,169.2
414.32,170.4
414.34,170.5
414.35,170.2
414.37,168.6
414.39,166.0
414.4,164.3
414.42,160.2
414.44,155.1
414.45,152.3
414.47,146.2
414.49,139.5
414.5,136.0
414.52,128.6
414.54,121.1
414.55,117.3
414.57,109.7
414.58,105.9
414.6,98.59
414.62,91.56
414.63,88.2
414.65,81.86
414.67,76.09
414.68,73.45
414.7,68.68
414.72,64.64
414.73,62.92
414.75,60.05
414.77,57.98
414.78,57.25
414.8,56.39
414.82,56.32
414.83,56.56
414.85,57.62
414.87,59.38
414.88,60.51
414.9,63.25
414.92,66.57
414.93,68.43
414.95,72.51
414.96,74.72
414.98,79.4
415.0,84.4
415.01,86.98
415.03,92.28
415.05,97.68
415.06,100.4
415.08,105.8
415.1,111.0
415.11,113.5
415.13,118.3
415.15,122.8
415.16,124.8
415.18,128.5
415.2,131.6
415.21,132.9
415.23,135.0
415.25,136.3
415.26,136.7
415.28,136.8
415.3,136.0
415.31,135.4
415.33,133.4
415.34,132.1
415.36,129.0
415.38,125.2
415.39,123.0
415.41,118.3
415.43,113.0
415.44,110.3
415.46,104.4
415.48,98.32
415.49,95.2
415.51,88.89
415.53,82.56
415.54,79.42
415.56,73.23
415.58,67.22
415.59,64.31
415.61,58.7
415.63,53.41
415.64,50.89
415.66,46.14
415.67,43.9
415.69,39.73
415.71,35.93
415.72,34.18
415.74,30.94
415.76,28.06
415.77,26.74
415.79,24.35
415.81,22.24
415.82,21.28
415.84,19.56
415.86,18.05
415.87,17.37
415.89,16.15
415.91,15.09
415.92,14.62
415.94,13.77
415.96,13.05
415.97,12.73
415.99,12.17
416.01,11.72
416.02,11.53
416.04,11.23
416.05,11.12
416.07,10.99
416.09,10.96
416.1,10.99
416.12,11.15
416.14,11.43
416.15,11.62
416.17,12.1
416.19,12.71
416.2,13.07
416.22,13.88
416.24,14.81
416.25,15.33
416.27,16.43
416.29,17.63
416.3,18.26
416.32,19.56
416.34,20.91
416.35,21.59
416.37,22.96
416.39,24.3
416.4,24.95
416.42,26.2
416.43,26.79
416.45,27.89
416.47,28.85
416.48,29.27
416.5,30.0
416.52,30.54
416.53,30.74
416.55,30.99
416.57,31.05
416.58,31.0
416.6,30.77
416.62,30.35
416.63,30.08
416.65,29.41
416.67,28.61
416.68,28.16
416.7,27.19
416.72,26.14
416.73,25.6
416.75,24.48
416.77,23.36
416.78,22.8
416.8,21.72
416.81,21.19
416.83,20.2
416.85,19.29
416.86,18.88
416.88,18.15
416.9,17.55
416.91,17.31
416.93,16.94
416.95,16.73
416.96,16.69
416.98,16.74
417.0,16.97
417.01,17.15
417.03,17.64
417.05,18.32
417.06,18.72
417.08,19.66
417.1,20.79
417.11,21.43
417.13,22.84
417.14,23.63
417.16,25.37
417.18,27.36
417.19,28.46
417.21,30.91
417.23,33.73
417.24,35.31
417.26,38.84
417.28,42.97
417.29,45.3
417.31,50.56
417.33,56.75
417.34,60.24
417.36,68.12
417.38,77.35
417.39,82.53
417.41,94.1
417.43,107.4
417.44,114.8
417.46,131.1
417.48,149.5
417.49,159.5
417.51,181.1
417.52,192.7
417.54,217.6
417.56,244.5
417.57,258.6
417.59,288.2
417.61,319.2
417.62,335.2
417.64,367.6
417.66,400.4
417.67,416.9
417.69,449.3
417.71,480.7
417.72,495.8
417.74,524.6
417.76,550.8
417.77,562.8
417.79,584.2
417.81,601.7
417.82,608.9
417.84,620.0
417.86,626.4
417.87,627.9
417.89,627.0
417.9,624.8
417.92,616.9
417.94,604.3
417.95,596.5
417.97,577.8
417.99,555.4
418.0,543.1
418.02,516.3
418.04,487.2
418.05,472.0
418.07,440.7
418.09,408.6
418.1,392.5
418.12,360.3
418.14,328.6
418.15,313.1
418.17,283.0
418.19,254.5
418.2,240.9
418.22,215.1
418.24,191.4
418.25,180.4
418.27,160.0
418.28,150.7
418.3,133.7
418.32,118.9
418.33,112.3
418.35,100.7
418.37,91.09
418.38,86.98
418.4,80.09
418.42,74.82
418.43,72.75
418.45,69.64
418.47,67.78
418.48,67.26
418.5,66.96
418.52,67.53
418.53,68.08
418.55,69.67
418.57,71.76
418.58,72.96
418.6,75.59
418.61,76.99
418.63,79.89
418.65,82.85
418.66,84.32
418.68,87.2
418.7,89.95
418.71,91.24
418.73,93.67
418.75,95.82
418.76,96.78
418.78,98.48
418.8,99.84
418.81,100.4
418.83,101.3
418.85,101.8
418.86,101.9
418.88,102.0
418.9,101.7
418.91,101.5
418.93,100.8
418.95,99.81
418.96,99.23
418.98,97.89
418.99,97.14
419.01,95.47
419.03,93.59
419.04,92.58
419.06,90.43
419.08,88.12
419.09,86.92
419.11,84.43
419.13,81.86
419.14,80.56
419.16,77.94
419.18,75.36
419.19,74.09
419.21,71.67
419.23,69.43
419.24,68.4
419.26,66.57
419.28,65.12
419.29,64.55
419.31,63.8
419.33,63.6
419.34,63.73
419.36,64.5
419.37,65.14
419.39,66.99
419.41,69.61
419.42,71.21
419.44,75.02
419.46,79.61
419.47,82.19
419.49,87.92
419.51,94.34
419.52,97.79
419.54,105.1
419.56,112.9
419.57,117.0
419.59,125.4
419.61,134.0
419.62,138.4
419.64,147.2
419.66,156.0
419.67,160.3
419.69,168.9
419.71,177.2
419.72,181.3
419.74,189.2
419.75,193.0
419.77,200.5
419.79,207.6
419.8,211.1
419.82,217.8
419.84,224.3
419.85,227.5
419.87,233.8
419.89,240.1
419.9,243.2
419.92,249.4
419.94,255.7
419.95,258.8
419.97,265.2
419.99,271.7
420.0,275.0
420.02,281.6
420.04,288.3
420.05,291.6
420.07,298.3
420.08,301.7
420.1,308.4
420.12,315.1
420.13,318.4
420.15,325.0
420.17,331.6
420.18,335.0
420.2,341.8
420.22,348.8
420.23,352.4
420.25,360.0
420.27,368.0
420.28,372.3
420.3,381.5
420.32,391.5
420.33,396.9
420.35,408.4
420.37,421.0
420.38,427.7
420.4,442.0
420.42,457.2
420.43,465.1
420.45,481.5
420.46,489.9
420.48,506.9
420.5,524.0
420.51,532.4
420.53,548.8
420.55,564.2
420.56,571.4
420.58,584.5
420.6,595.6
420.61,600.3
420.63,607.6
420.65,611.9
420.66,612.9
420.68,612.3
420.7,608.2
420.71,604.8
420.73,595.4
420.75,582.5
420.76,574.8
420.78,556.9
420.8,536.1
420.81,524.7
420.83,500.1
420.84,487.0
420.86,459.5
420.88,430.6
420.89,415.7
420.91,385.6
420.93,355.2
420.94,340.0
420.96,310.0
420.98,280.8
420.99,266.5
421.01,238.9
421.03,212.8
421.04,200.3
421.06,176.7
421.08,154.8
421.09,144.6
421.11,125.6
421.13,108.4
421.14,100.5
421.16,86.08
421.17,79.51
421.19,67.61
421.21,57.25
421.22,52.62
421.24,44.34
421.26,37.27
421.27,34.16
421.29,28.67
421.31,24.07
421.32,22.07
421.34,18.59
421.36,15.72
421.37,14.49
421.39,12.37
421.41,10.65
421.42,9.917
421.44,8.683
421.46,7.709
421.47,7.306
421.49,6.649
421.51,6.164
421.52,5.98
421.54,5.716
421.55,5.633
421.57,5.557
421.59,5.594
421.6,5.654
421.62,5.851
421.64,6.153
421.65,6.342
421.67,6.796
421.69,7.352
421.7,7.669
421.72,8.378
421.74,9.19
421.75,9.634
421.77,10.6
421.79,11.67
421.8,12.24
421.82,13.45
421.84,14.77
421.85,15.46
421.87,16.91
421.89,18.46
421.9,19.26
421.92,20.94
421.93,21.81
421.95,23.61
421.97,25.48
421.98,26.45
422.0,28.45
422.02,30.53
422.03,31.6
422.05,33.8
422.07,36.09
422.08,37.27
422.1,39.71
422.12,42.25
422.13,43.57
422.15,46.31
422.17,49.19
422.18,50.69
422.2,53.81
422.22,57.14
422.23,58.87
422.25,62.52
422.27,66.42
422.28,68.47
422.3,72.78
422.31,75.05
422.33,79.83
422.35,84.95
422.36,87.64
422.38,93.3
422.4,99.33
422.41,102.5
422.43,109.1
422.45,116.0
422.46,119.6
422.48,127.1
422.5,134.8
422.51,138.8
422.53,146.9
422.55,155.1
422.56,159.2
422.58,167.4
422.6,175.5
422.61,179.5
422.63,187.2
422.64,190.9
422.66,197.9
422.68,204.3
422.69,207.3
422.71,212.5
422.73,216.8
422.74,218.6
422.76,221.3
422.78,222.9
422.79,223.3
422.81,223.2
422.83,221.9
422.84,220.8
422.86,217.8
422.88,213.8
422.89,211.4
422.91,206.1
422.93,200.0
422.94,196.8
422.96,190.1
422.98,183.1
422.99,179.6
423.01,172.7
423.02,169.4
423.04,163.0
423.06,157.2
423.07,154.6
423.09,150.0
423.11,146.4
423.12,145.0
423.14,143.1
423.16,142.5
423.17,142.6
423.19,143.9
423.21,146.3
423.22,148.1
423.24,152.3
423.26,157.7
423.27,160.7
423.29,167.5
423.31,175.0
423.32,179.0
423.34,187.3
423.36,196.0
423.37,200.4
423.39,209.3
423.4,213.7
423.42,222.4
423.44,230.9
423.45,235.0
423.47,242.8
423.49,250.0
423.5,253.4
423.52,259.6
423.54,265.1
423.55,267.6
423.57,272.1
423.59,275.8
423.6,277.3
423.62,280.0
423.64,281.9
423.65,282.6
423.67,283.7
423.69,284.1
423.7,284.1
423.72,283.8
423.74,283.0
423.75,282.4
423.77,281.0
423.78,280.1
423.8,278.0
423.82,275.4
423.83,274.0
423.85,270.9
423.87,267.2
423.88,265.3
423.9,260.9
423.92,256.1
423.93,253.5
423.95,247.9
423.97,241.8
423.98,238.5
424.0,231.6
424.02,224.2
424.03,220.4
424.05,212.3
424.07,203.9
424.08,199.6
424.1,190.7
424.11,186.2
424.13,177.0
424.15,167.8
424.16,163.1
424.18,153.8
424.2,144.6
424.21,140.0
424.23,131.1
424.25,122.3
424.26,118.1
424.28,109.8
424.3,101.8
424.31,97.97
424.33,90.58
424.35,83.59
424.36,80.25
424.38,73.87
424.4,67.91
424.41,65.08
424.43,59.73
424.45,54.79
424.46,52.46
424.48,48.1
424.49,46.06
424.51,42.26
424.53,38.82
424.54,37.23
424.56,34.3
424.58,31.69
424.59,30.5
424.61,28.35
424.63,26.48
424.64,25.64
424.66,24.17
424.68,22.93
424.69,22.39
424.71,21.46
424.73,20.73
424.74,20.42
424.76,19.93
424.78,19.56
424.79,19.43
424.81,19.22
424.83,19.1
424.84,19.07
424.86,19.04
424.87,19.04
424.89,19.07
424.91,19.1
424.92,19.13
424.94,19.16
424.96,19.19
424.97,19.19
424.99,19.18
425.01,19.14
425.02,19.11
425.04,19.01
425.06,18.87
425.07,18.78
425.09,18.58
425.11,18.34
425.12,18.21
425.14,17.92
425.16,17.61
425.17,17.45
425.19,17.11
425.21,16.79
425.22,16.63
425.24,16.34
425.25,16.21
425.27,16.01
425.29,15.89
425.3,15.87
425.32,15.95
425.34,16.21
425.35,16.41
425.37,17.02
425.39,17.93
425.4,18.51
425.42,19.99
425.44,21.93
425.45,23.1
425.47,25.89
425.49,29.35
425.5,31.36
425.52,36.0
425.54,41.55
425.55,44.69
425.57,51.76
425.58,55.71
425.6,64.49
425.62,74.49
425.63,79.97
425.65,91.9
425.67,105.1
425.68,112.2
425.7,127.4
425.72,143.7
425.73,152.3
425.75,170.2
425.77,189.0
425.78,198.7
425.8,218.3
425.82,238.2
425.83,248.2
425.85,267.9
425.87,287.1
425.88,296.4
425.9,314.2
425.92,330.6
425.93,338.2
425.95,351.9
425.96,358.0
425.98,368.4
426.0,376.3
426.01,379.3
426.03,383.1
426.05,384.3
426.06,383.8
426.08,380.7
426.1,375.0
426.11,371.2
426.13,361.7
426.15,350.1
426.16,343.6
426.18,329.3
426.2,313.5
426.21,305.2
426.23,287.9
426.25,270.0
426.26,260.9
426.28,242.8
426.3,224.8
426.31,216.0
426.33,198.9
426.34,190.6
426.36,174.6
426.38,159.7
426.39,152.7
426.41,139.4
426.43,127.4
426.44,121.8
426.46,111.6
426.48,102.5
426.49,98.38
426.51,90.89
426.53,84.36
426.54,81.42
426.56,76.15
426.58,71.57
426.59,69.52
426.61,65.81
426.63,62.55
426.64,61.06
426.66,58.32
426.68,55.83
426.69,54.65
426.71,52.43
426.72,51.36
426.74,49.3
426.76,47.33
426.77,46.37
426.79,44.51
426.81,42.71
426.82,41.84
426.84,40.17
426.86,38.61
426.87,37.87
426.89,36.51
426.91,35.3
426.92,34.77
426.94,33.84
426.96,33.12
426.97,32.84
426.99,32.44
427.01,32.28
427.02,32.27
427.04,32.43
427.05,32.59
427.07,33.05
427.09,33.68
427.1,34.05
427.12,34.88
427.14,35.82
427.15,36.31
427.17,37.33
427.19,38.36
427.2,38.87
427.22,39.85
427.24,40.76
427.25,41.18
427.27,41.94
427.29,42.56
427.3,42.82
427.32,43.23
427.34,43.48
427.35,43.55
427.37,43.57
427.39,43.44
427.4,43.33
427.42,43.0
427.43,42.79
427.45,42.29
427.47,41.71
427.48,41.38
427.5,40.7
427.52,39.97
427.53,39.59
427.55,38.83
427.57,38.08
427.58,37.71
427.6,37.0
427.62,36.34
427.63,36.03
427.65,35.49
427.67,35.06
427.68,34.89
427.7,34.67
427.72,34.63
427.73,34.69
427.75,34.99
427.77,35.55
427.78,35.95
427.8,37.0
427.81,37.67
427.83,39.3
427.85,41.38
427.86,42.59
427.88,45.4
427.9,48.75
427.91,50.63
427.93,54.81
427.95,59.56
427.96,62.15
427.98,67.74
428.0,73.87
428.01,77.12
428.03,83.94
428.05,91.15
428.06,94.87
428.08,102.5
428.1,110.2
428.11,114.1
428.13,121.8
428.15,129.3
428.16,132.9
428.18,139.9
428.19,143.1
428.21,149.2
428.23,154.4
428.24,156.7
428.26,160.6
428.28,163.5
428.29,164.5
428.31,165.7
428.33,165.7
428.34,165.3
428.36,163.6
428.38,160.7
428.39,158.9
428.41,154.4
428.43,149.1
428.44,146.0
428.46,139.5
428.48,132.3
428.49,128.5
428.51,120.6
428.52,116.6
428.54,108.3
428.56,100.1
428.57,96.01
428.59,87.98
428.61,80.26
428.62,76.55
428.64,69.52
428.66,63.08
428.67,60.11
428.69,54.75
428.71,50.21
428.72,48.27
428.74,45.11
428.76,42.96
428.77,42.29
428.79,41.79
428.81,42.47
428.82,43.28
428.84,45.86
428.86,49.8
428.87,52.3
428.89,58.39
428.9,62.0
428.92,70.37
428.94,80.32
428.95,85.9
428.97,98.27
428.99,112.3
429.0,119.9
429.02,136.2
429.04,154.1
429.05,163.5
429.07,183.4
429.09,204.4
429.1,215.3
429.12,237.6
429.14,260.5
429.15,272.1
429.17,295.2
429.19,318.1
429.2,329.3
429.22,351.0
429.24,371.6
429.25,381.3
429.27,399.3
429.28,407.6
429.3,422.3
429.32,434.5
429.33,439.5
429.35,447.3
429.37,452.1
429.38,453.3
429.4,453.2
429.42,450.0
429.43,447.2
429.45,439.3
429.47,428.5
429.48,422.1
429.5,407.4
429.52,390.5
429.53,381.3
429.55,361.7
429.57,340.8
429.58,329.9
429.6,307.6
429.62,285.0
429.63,273.6
429.65,251.0
429.66,239.9
429.68,218.0
429.7,197.0
429.71,186.9
429.73,167.5
429.75,149.5
429.76,140.9
429.78,125.0
429.8,110.6
429.81,103.9
429.83,91.67
429.85,80.91
429.86,76.05
429.88,67.35
429.9,59.91
429.91,56.63
429.93,50.88
429.95,46.13
429.96,44.09
429.98,40.6
429.99,39.12
430.01,36.65
430.03,34.71
430.04,33.92
430.06,32.62
430.08,31.63
430.09,31.24
430.11,30.6
430.13,30.12
430.14,29.93
430.16,29.62
430.18,29.37
430.19,29.27
430.21,29.1
430.23,28.96
430.24,28.91
430.26,28.84
430.28,28.82
430.29,28.83
430.31,28.93
430.33,29.13
430.34,29.28
430.36,29.7
430.37,29.98
430.39,30.69
430.41,31.65
430.42,32.24
430.44,33.66
430.46,35.44
430.47,36.49
430.49,38.92
430.51,41.87
430.52,43.56
430.54,47.4
430.56,51.93
430.57,54.47
430.59,60.15
430.61,66.71
430.62,70.33
430.64,78.33
430.66,87.36
430.67,92.29
430.69,103.0
430.71,114.9
430.72,121.3
430.74,135.0
430.75,142.3
430.77,157.7
430.79,174.4
430.8,183.1
430.82,201.2
430.84,220.2
430.85,230.0
430.87,250.0
430.89,270.5
430.9,280.7
430.92,301.3
430.94,321.5
430.95,331.5
430.97,350.7
430.99,368.9
431.0,377.5
431.02,393.5
431.04,407.6
431.05,413.9
431.07,424.7
431.08,429.1
431.1,436.1
431.12,440.3
431.13,441.4
431.15,441.2
431.17,438.2
431.18,435.6
431.2,428.3
431.22,418.3
431.23,412.3
431.25,398.6
431.27,382.7
431.28,374.1
431.3,355.5
431.32,335.6
431.33,325.2
431.35,303.9
431.37,282.0
431.38,271.0
431.4,248.9
431.42,227.1
431.43,216.4
431.45,195.4
431.46,185.3
431.48,165.6
431.5,147.1
431.51,138.3
431.53,121.7
431.55,106.4
431.56,99.27
431.58,86.01
431.6,74.11
431.61,68.66
431.63,58.71
431.65,50.0
431.66,46.08
431.68,39.08
431.7,33.11
431.71,30.49
431.73,25.91
431.75,22.17
431.76,20.59
431.78,17.95
431.8,15.99
431.81,15.24
431.83,14.18
431.84,13.87
431.86,13.68
431.88,14.05
431.89,14.45
431.91,15.71
431.93,17.6
431.94,18.81
431.96,21.79
431.98,25.6
431.99,27.86
432.01,33.14
432.03,39.57
432.04,43.27
432.06,51.74
432.08,61.8
432.09,67.49
432.11,80.3
432.13,95.23
432.14,103.5
432.16,122.0
432.18,143.1
432.19,154.7
432.21,180.2
432.22,194.0
432.24,224.0
432.26,257.3
432.27,275.1
432.29,313.2
432.31,354.4
432.32,376.2
432.34,421.9
432.36,470.2
432.37,495.2
432.39,546.7
432.41,599.7
432.42,626.6
432.44,680.8
432.46,734.9
432.47,761.6
432.49,814.1
432.51,864.6
432.52,888.8
432.54,934.5
432.55,955.9
432.57,995.2
432.59,1029.0
432.6,1044.0
432.62,1069.0
432.64,1088.0
432.65,1094.0
432.67,1102.0
432.69,1103.0
432.7,1100.0
432.72,1090.0
432.74,1073.0
432.75,1061.0
432.77,1034.0
432.79,1001.0
432.8,983.0
432.82,942.6
432.84,898.1
432.85,874.6
432.87,825.6
432.89,774.7
432.9,748.9
432.92,696.8
432.93,670.8
432.95,619.3
432.97,569.2
432.98,544.9
433.0,498.1
433.02,454.2
433.03,433.5
433.05,394.8
433.07,360.0
433.08,344.1
433.1,315.4
433.12,291.0
433.13,280.3
433.15,262.1
433.17,247.9
433.18,242.3
433.2,233.7
433.22,228.5
433.23,227.1
433.25,226.3
433.27,228.0
433.28,229.6
433.3,234.0
433.31,236.8
433.33,243.0
433.35,249.9
433.36,253.4
433.38,260.4
433.4,267.0
433.41,270.1
433.43,275.4
433.45,279.5
433.46,281.0
433.48,282.8
433.5,282.9
433.51,282.3
433.53,279.7
433.55,275.2
433.56,272.3
433.58,265.2
433.6,256.5
433.61,251.6
433.63,240.9
433.65,229.0
433.66,222.7
433.68,209.7
433.69,203.0
433.71,189.3
433.73,175.5
433.74,168.7
433.76,155.3
433.78,142.4
433.79,136.3
433.81,124.7
433.83,114.1
433.84,109.3
433.86,100.7
433.88,93.59
433.89,90.65
433.91,86.09
433.93,83.39
433.94,82.78
433.96,83.12
433.98,85.66
433.99,87.79
434.01,93.85
434.02,97.81
434.04,107.7
434.06,120.2
434.07,127.5
434.09,144.1
434.11,163.6
434.12,174.4
434.14,198.2
434.16,224.7
434.17,239.0
434.19,269.5
434.21,302.4
434.22,319.7
434.24,355.7
434.26,393.2
434.27,412.5
434.29,451.6
434.31,491.1
434.32,510.8
434.34,549.7
434.36,587.5
434.37,605.8
434.39,640.8
434.4,657.3
434.42,688.0
434.44,715.3
434.45,727.5
434.47,748.7
434.49,765.5
434.5,772.1
434.52,781.8
434.54,786.7
434.55,787.3
434.57,785.1
434.59,778.4
434.6,773.4
434.62,760.6
434.64,744.1
434.65,734.7
434.67,713.7
434.69,690.3
434.7,677.9
434.72,651.9
434.74,624.8
434.75,611.0
434.77,582.9
434.78,568.9
434.8,540.8
434.82,513.0
434.83,499.3
434.85,472.4
434.87,446.3
434.88,433.6
434.9,408.7
434.92,384.8
434.93,373.1
434.95,350.5
434.97,328.7
434.98,318.1
435.0,297.5
435.02,277.5
435.03,267.8
435.05,248.9
435.07,230.7
435.08,221.8
435.1,204.5
435.12,187.9
435.13,179.8
435.15,164.2
435.16,156.7
435.18,142.2
435.2,128.5
435.21,121.9
435.23,109.4
435.25,97.79
435.26,92.29
435.28,81.97
435.3,72.52
435.31,68.12
435.33,59.98
435.35,52.69
435.36,49.35
435.38,43.29
435.4,38.01
435.41,35.65
435.43,31.46
435.45,27.95
435.46,26.44
435.48,23.87
435.49,22.81
435.51,21.09
435.53,19.89
435.54,19.48
435.56,18.99
435.58,18.93
435.59,19.06
435.61,19.59
435.63,20.47
435.64,21.04
435.66,22.39
435.68,24.02
435.69,24.92
435.71,26.89
435.73,29.04
435.74,30.16
435.76,32.5
435.78,34.9
435.79,36.12
435.81,38.54
435.83,40.9
435.84,42.05
435.86,44.24
435.87,45.27
435.89,47.18
435.91,48.84
435.92,49.57
435.94,50.79
435.96,51.68
435.97,52.0
435.99,52.35
436.01,52.34
436.02,52.19
436.04,51.62
436.06,50.68
436.07,50.09
436.09,48.65
436.11,46.92
436.12,45.95
436.14,43.84
436.16,41.53
436.17,40.32
436.19,37.79
436.21,35.17
436.22,33.84
436.24,31.17
436.25,29.84
436.27,27.21
436.29,24.65
436.3,23.41
436.32,21.02
436.34,18.76
436.35,17.7
436.37,15.69
436.39,13.86
436.4,13.01
436.42,11.46
436.44,10.09
436.45,9.482
436.47,8.395
436.49,7.487
436.5,7.098
436.52,6.444
436.54,5.947
436.55,5.755
436.57,5.477
436.59,5.331
436.6,5.306
436.62,5.342
436.63,5.403
436.65,5.602
436.67,5.901
436.68,6.087
436.7,6.528
436.72,7.063
436.73,7.367
436.75,8.049
436.77,8.842
436.78,9.285
436.8,10.28
436.82,11.44
436.83,12.09
436.85,13.59
436.87,15.37
436.88,16.4
436.9,18.77
436.92,21.66
436.93,23.33
436.95,27.23
436.96,29.49
436.98,34.75
437.0,41.16
437.01,44.86
437.03,53.4
437.05,63.67
437.06,69.54
437.08,82.89
437.1,98.66
437.11,107.5
437.13,127.4
437.15,150.4
437.16,163.2
437.18,191.3
437.2,223.0
437.21,240.2
437.23,277.6
437.25,318.7
437.26,340.7
437.28,387.3
437.3,437.3
437.31,463.5
437.33,517.8
437.34,545.9
437.36,603.4
437.38,662.1
437.39,691.7
437.41,750.8
437.43,808.9
437.44,837.3
437.46,892.2
437.48,943.6
437.49,967.7
437.51,1012.0
437.53,1051.0
437.54,1067.0
437.56,1096.0
437.58,1116.0
437.59,1124.0
437.61,1132.0
437.63,1132.0
437.64,1129.0
437.66,1116.0
437.68,1095.0
437.69,1082.0
437.71,1050.0
437.72,1031.0
437.74,989.8
437.76,942.8
437.77,917.6
437.79,864.3
437.81,808.1
437.82,779.3
437.84,720.7
437.86,661.7
437.87,632.3
437.89,574.4
437.91,518.3
437.92,491.0
437.94,438.6
437.96,389.5
437.97,366.2
437.99,322.4
438.01,282.6
438.02,264.2
438.04,230.4
438.06,200.7
438.07,187.3
438.09,163.4
438.1,152.8
438.12,134.3
438.14,119.0
438.15,112.6
438.17,101.8
438.19,93.57
438.2,90.35
438.22,85.48
438.24,82.46
438.25,81.56
438.27,80.81
438.29,81.23
438.3,81.81
438.32,83.56
438.34,85.91
438.35,87.25
438.37,90.13
438.39,93.15
438.4,94.67
438.42,97.62
438.43,99.03
438.45,101.6
438.47,103.9
438.48,104.9
438.5,106.5
438.52,107.6
438.53,108.0
438.55,108.3
438.57,108.2
438.58,108.0
438.6,107.2
438.62,106.1
438.63,105.4
438.65,103.9
438.67,102.2
438.68,101.4
438.7,99.7
438.72,98.18
438.73,97.51
438.75,96.42
438.77,95.79
438.78,95.67
438.8,95.91
438.81,96.3
438.83,97.65
438.85,99.85
438.86,101.3
438.88,104.9
438.9,109.5
438.91,112.2
438.93,118.3
438.95,125.6
438.96,129.6
438.98,138.3
439.0,148.1
439.01,153.3
439.03,164.5
439.05,176.5
439.06,182.8
439.08,195.9
439.1,209.5
439.11,216.6
439.13,230.9
439.15,245.4
439.16,252.8
439.18,267.4
439.19,274.6
439.21,288.9
439.23,302.8
439.24,309.5
439.26,322.3
439.28,334.1
439.29,339.6
439.31,349.8
439.33,358.5
439.34,362.3
439.36,368.7
439.38,373.4
439.39,375.1
439.41,377.1
439.43,377.2
439.44,376.6
439.46,374.0
439.48,369.6
439.49,366.7
439.51,359.9
439.53,351.5
439.54,346.8
439.56,336.6
439.57,331.0
439.59,319.3
439.61,307.0
439.62,300.6
439.64,287.6
439.66,274.4
439.67,267.8
439.69,254.7
439.71,241.9
439.72,235.7
439.74,223.5
439.76,211.8
439.77,206.2
439.79,195.4
439.81,185.2
439.82,180.4
439.84,171.1
439.86,162.3
439.87,158.1
439.89,150.1
439.9,146.2
439.92,138.7
439.94,131.5
439.95,128.0
439.97,121.2
439.99,114.6
440.0,111.3
440.02,104.9
440.04,98.68
440.05,95.61
440.07,89.57
440.09,83.71
440.1,80.85
440.12,75.28
440.14,69.96
440.15,67.41
440.17,62.52
440.19,57.97
440.2,55.83
440.22,51.84
440.24,48.25
440.25,46.61
440.27,43.66
440.28,42.35
440.3,40.05
440.32,38.17
440.33,37.39
440.35,36.12
440.37,35.22
440.38,34.9
440.4,34.5
440.42,34.38
440.43,34.42
440.45,34.66
440.47,35.08
440.48,35.34
440.5,35.95
440.52,36.64
440.53,37.01
440.55,37.76
440.57,38.5
440.58,38.86
440.6,39.55
440.62,40.18
440.63,40.47
440.65,40.99
440.66,41.22
440.68,41.61
440.7,41.91
440.71,42.03
440.73,42.2
440.75,42.3
440.76,42.32
440.78,42.31
440.8,42.24
440.81,42.18
440.83,42.04
440.85,41.86
440.86,41.76
440.88,41.55
440.9,41.32
440.91,41.2
440.93,40.96
440.95,40.71
440.96,40.6
440.98,40.37
441.0,40.16
441.01,40.06
441.03,39.89
441.04,39.81
441.06,39.69
441.08,39.62
441.09,39.6
441.11,39.6
441.13,39.68
441.14,39.74
441.16,39.92
441.18,40.18
441.19,40.34
441.21,40.73
441.23,41.21
441.24,41.49
441.26,42.1
441.28,42.79
441.29,43.17
441.31,43.97
441.33,44.82
441.34,45.26
441.36,46.17
441.37,46.63
441.39,47.54
441.41,48.42
441.42,48.84
441.44,49.64
441.46,50.34
441.47,50.65
441.49,51.17
441.51,51.54
441.52,51.66
441.54,51.77
441.56,51.69
441.57,51.57
441.59,51.18
441.61,50.59
441.62,50.22
441.64,49.34
441.66,48.28
441.67,47.69
441.69,46.41
441.71,45.02
441.72,44.29
441.74,42.79
441.75,42.02
441.77,40.5
441.79,39.01
441.8,38.29
441.82,36.92
441.84,35.69
441.85,35.14
441.87,34.17
441.89,33.42
441.9,33.13
441.92,32.74
441.94,32.62
441.95,32.67
441.97,32.97
441.99,33.55
442.0,33.94
442.02,34.93
442.04,36.18
442.05,36.89
442.07,38.48
442.09,40.25
442.1,41.2
442.12,43.2
442.13,44.23
442.15,46.35
442.17,48.5
442.18,49.56
442.2,51.67
442.22,53.68
442.23,54.64
442.25,56.44
442.27,58.05
442.28,58.78
442.3,60.05
442.32,61.06
442.33,61.47
442.35,62.08
442.37,62.42
442.38,62.49
442.4,62.45
442.42,62.2
442.43,62.0
442.45,61.48
442.46,61.18
442.48,60.52
442.5,59.84
442.51,59.52
442.53,58.95
442.55,58.54
442.56,58.41
442.58,58.38
442.6,58.69
442.61,59.0
442.63,59.95
442.65,61.4
442.66,62.32
442.68,64.6
442.7,67.47
442.71,69.14
442.73,72.92
442.75,77.3
442.76,79.72
442.78,84.95
442.8,90.7
442.81,93.75
442.83,100.1
442.84,103.5
442.86,110.3
442.88,117.4
442.89,120.9
442.91,128.0
442.93,135.1
442.94,138.5
442.96,145.2
442.98,151.6
442.99,154.6
443.01,160.3
443.03,165.4
443.04,167.8
443.06,172.0
443.08,175.6
443.09,177.2
443.11,180.0
443.13,182.1
443.14,183.0
443.16,184.5
443.18,185.6
443.19,186.1
443.21,186.9
443.22,187.3
443.24,188.0
443.26,188.8
443.27,189.3
443.29,190.6
443.31,192.2
443.32,193.2
443.34,195.5
443.36,198.4
443.37,200.0
443.39,203.7
443.41,208.0
443.42,210.2
443.44,215.1
443.46,220.3
443.47,223.0
443.49,228.5
443.51,233.9
443.52,236.5
443.54,241.6
443.56,246.1
443.57,248.2
443.59,251.8
443.6,253.2
443.62,255.4
443.64,256.4
443.65,256.5
443.67,255.8
443.69,253.7
443.7,252.2
443.72,248.1
443.74,242.7
443.75,239.5
443.77,232.3
443.79,223.9
443.8,219.3
443.82,209.4
443.84,198.7
443.85,193.0
443.87,181.4
443.89,169.4
443.9,163.3
443.92,151.0
443.93,144.9
443.95,132.7
443.97,120.7
443.98,114.8
444.0,103.5
444.02,92.63
444.03,87.44
444.05,77.54
444.07,68.34
444.08,64.01
444.1,55.91
444.12,48.55
444.13,45.15
444.15,38.9
444.17,33.35
444.18,30.82
444.2,26.26
444.22,22.3
444.23,20.52
444.25,17.37
444.27,14.69
444.28,13.51
444.3,11.44
444.31,10.54
444.33,8.981
444.35,7.7
444.36,7.152
444.38,6.22
444.4,5.478
444.41,5.17
444.43,4.665
444.45,4.29
444.46,4.147
444.48,3.942
444.5,3.837
444.51,3.821
444.53,3.861
444.55,3.999
444.56,4.107
444.58,4.406
444.6,4.825
444.61,5.084
444.63,5.713
444.65,6.506
444.66,6.971
444.68,8.052
444.69,8.675
444.71,10.1
444.73,11.8
444.74,12.75
444.76,14.9
444.78,17.39
444.79,18.77
444.81,21.82
444.83,25.27
444.84,27.15
444.86,31.23
444.88,35.76
444.89,38.19
444.91,43.38
444.93,48.99
444.94,51.95
444.96,58.17
444.98,64.74
444.99,68.14
445.01,75.15
445.03,82.37
445.04,86.04
445.06,93.43
445.07,97.14
445.09,104.5
445.11,111.7
445.12,115.3
445.14,122.1
445.16,128.6
445.17,131.7
445.19,137.4
445.21,142.6
445.22,144.9
445.24,149.1
445.26,152.6
445.27,154.0
445.29,156.4
445.31,158.0
445.32,158.5
445.34,159.1
445.36,159.1
445.37,158.8
445.39,158.0
445.4,157.4
445.42,155.9
445.44,154.2
445.45,153.3
445.47,151.3
445.49,149.3
445.5,148.4
445.52,146.6
445.54,145.0
445.55,144.4
445.57,143.3
445.59,142.6
445.6,142.4
445.62,142.3
445.64,142.6
445.65,143.0
445.67,144.0
445.69,145.4
445.7,146.2
445.72,148.1
445.74,150.2
445.75,151.4
445.77,153.8
445.78,155.1
445.8,157.7
445.82,160.4
445.83,161.7
445.85,164.3
445.87,166.8
445.88,168.0
445.9,170.4
445.92,172.6
445.93,173.6
445.95,175.6
445.97,177.5
445.98,178.4
446.0,180.1
446.02,181.6
446.03,182.4
446.05,183.8
446.07,185.2
446.08,185.8
446.1,187.1
446.12,188.2
446.13,188.8
446.15,189.8
446.16,190.2
446.18,191.0
446.2,191.6
446.21,191.8
446.23,192.0
446.25,192.0
446.26,191.8
446.28,191.2
446.3,190.2
446.31,189.5
446.33,187.8
446.35,185.7
446.36,184.4
446.38,181.5
446.4,178.1
446.41,176.2
446.43,172.1
446.45,167.5
446.46,165.1
446.48,159.9
446.5,154.5
446.51,151.6
446.53,145.8
446.54,142.8
446.56,136.7
446.58,130.5
446.59,127.5
446.61,121.3
446.63,115.3
446.64,112.3
446.66,106.5
446.68,100.9
446.69,98.24
446.71,93.08
446.73,88.24
446.74,85.96
446.76,81.65
446.78,77.71
446.79,75.88
446.81,72.51
446.83,69.51
446.84,68.14
446.86,65.67
446.87,64.56
446.89,62.57
446.91,60.87
446.92,60.12
446.94,58.79
446.96,57.67
446.97,57.18
446.99,56.29
447.01,55.52
447.02,55.16
447.04,54.49
447.06,53.86
447.07,53.54
447.09,52.9
447.11,52.23
447.12,51.87
447.14,51.13
447.16,50.33
447.17,49.9
447.19,49.01
447.21,48.07
447.22,47.59
447.24,46.61
447.25,46.12
447.27,45.18
447.29,44.31
447.3,43.93
447.32,43.32
447.34,42.98
447.35,42.95
447.37,43.26
447.39,44.2
447.4,44.97
447.42,47.25
447.44,50.77
447.45,53.09
447.47,59.11
447.49,67.35
447.5,72.47
447.52,85.07
447.54,101.4
447.55,111.2
447.57,134.7
447.59,164.2
447.6,181.4
447.62,221.9
447.63,245.4
447.65,299.6
447.67,364.9
447.68,402.2
447.7,486.8
447.72,586.2
447.73,641.9
447.75,766.5
447.77,909.5
447.78,988.4
447.8,1162.0
447.82,1356.0
447.83,1461.0
447.85,1689.0
447.87,1938.0
447.88,2071.0
447.9,2352.0
447.92,2652.0
447.93,2809.0
447.95,3135.0
447.97,3473.0
447.98,3646.0
448.0,3997.0
448.01,4174.0
448.03,4527.0
448.05,4876.0
448.06,5046.0
448.08,5377.0
448.1,5688.0
448.11,5835.0
448.13,6108.0
448.15,6347.0
448.16,6453.0
448.18,6635.0
448.2,6773.0
448.21,6825.0
448.23,6893.0
448.25,6912.0
448.26,6903.0
448.28,6848.0
448.3,6745.0
448.31,6676.0
448.33,6506.0
448.34,6405.0
448.36,6175.0
448.38,5911.0
448.39,5768.0
448.41,5462.0
448.43,5136.0
448.44,4967.0
448.46,4621.0
448.48,4268.0
448.49,4091.0
448.51,3738.0
448.53,3392.0
448.54,3222.0
448.56,2892.0
448.58,2578.0
448.59,2427.0
448.61,2141.0
448.63,1874.0
448.64,1749.0
448.66,1516.0
448.68,1304.0
448.69,1207.0
448.71,1028.0
448.72,946.2
448.74,797.7
448.76,668.2
448.77,610.1
448.79,506.3
448.81,417.7
448.82,378.7
448.84,310.0
448.86,252.7
448.87,227.8
448.89,184.8
448.91,149.7
448.92,134.8
448.94,109.3
448.96,89.01
448.97,80.5
448.99,66.25
449.01,55.12
449.02,50.53
449.04,42.96
449.06,37.15
449.07,34.78
449.09,30.9
449.1,29.31
449.12,26.71
449.14,24.7
449.15,23.87
449.17,22.45
449.19,21.28
449.2,20.77
449.22,19.85
449.24,19.03
449.25,18.64
449.27,17.92
449.29,17.25
449.3,16.94
449.32,16.33
449.34,15.79
449.35,15.53
449.37,15.08
449.39,14.7
449.4,14.55
449.42,14.31
449.44,14.17
449.45,14.15
449.47,14.18
449.48,14.25
449.5,14.47
449.52,14.82
449.53,15.05
449.55,15.6
449.57,16.28
449.58,16.67
449.6,17.53
449.62,18.52
449.63,19.05
449.65,20.19
449.67,21.43
449.68,22.07
449.7,23.43
449.72,24.84
449.73,25.56
449.75,27.04
449.77,28.55
449.78,29.31
449.8,30.83
449.81,31.58
449.83,33.08
449.85,34.56
449.86,35.28
449.88,36.68
449.9,38.03
449.91,38.68
449.93,39.92
449.95,41.08
449.96,41.63
449.98,42.67
450.0,43.62
450.01,44.06
450.03,44.86
450.05,45.58
450.06,45.9
450.08,46.47
450.1,46.95
450.11,47.15
450.13,47.49
450.15,47.74
450.16,47.82
450.18,47.93
450.19,47.94
450.21,47.9
450.23,47.76
450.24,47.65
450.26,47.36
450.28,46.96
450.29,46.72
450.31,46.17
450.33,45.5
450.34,45.13
450.36,44.31
450.38,43.39
450.39,42.89
450.41,41.84
450.43,40.7
450.44,40.11
450.46,38.88
450.48,37.61
450.49,36.97
450.51,35.69
450.53,34.43
450.54,33.82
450.56,32.64
450.57,32.08
450.59,31.06
450.61,30.17
450.62,29.79
450.64,29.17
450.66,28.77
450.67,28.66
450.69,28.65
450.71,28.91
450.72,29.16
450.74,29.89
450.76,30.95
450.77,31.61
450.79,33.18
450.81,35.09
450.82,36.17
450.84,38.58
450.86,41.29
450.87,42.76
450.89,45.89
450.9,47.55
450.92,51.01
450.94,54.66
450.95,56.53
450.97,60.33
450.99,64.17
451.0,66.09
451.02,69.88
451.04,73.57
451.05,75.35
451.07,78.75
451.09,81.9
451.1,83.36
451.12,86.03
451.14,88.31
451.15,89.3
451.17,90.94
451.19,92.11
451.2,92.52
451.22,92.96
451.24,92.91
451.25,92.7
451.27,91.9
451.28,91.33
451.3,89.82
451.32,87.88
451.33,86.75
451.35,84.2
451.37,81.29
451.38,79.72
451.4,76.37
451.42,72.78
451.43,70.91
451.45,67.05
451.47,63.08
451.48,61.07
451.5,57.02
451.52,52.97
451.53,50.96
451.55,46.99
451.57,43.14
451.58,41.26
451.6,37.62
451.62,34.16
451.63,32.51
451.65,29.36
451.66,27.88
451.68,25.08
451.7,22.54
451.71,21.36
451.73,19.2
451.75,17.3
451.76,16.45
451.78,14.94
451.8,13.69
451.81,13.16
451.83,12.28
451.85,11.65
451.86,11.43
451.88,11.16
451.9,11.12
451.91,11.19
451.93,11.49
451.95,12.01
451.96,12.35
451.98,13.19
452.0,14.22
452.01,14.81
452.03,16.14
452.04,16.87
452.06,18.46
452.08,20.22
452.09,21.15
452.11,23.13
452.13,25.25
452.14,26.35
452.16,28.63
452.18,31.0
452.19,32.21
452.21,34.68
452.23,37.21
452.24,38.48
452.26,41.05
452.28,43.63
452.29,44.92
452.31,47.49
452.33,50.06
452.34,51.34
452.36,53.89
452.37,55.16
452.39,57.69
452.41,60.23
452.42,61.5
452.44,64.06
452.46,66.65
452.47,67.96
452.49,70.64
452.51,73.39
452.52,74.81
452.54,77.73
452.56,80.77
452.57,82.35
452.59,85.63
452.61,89.08
452.62,90.88
452.64,94.6
452.66,98.52
452.67,100.6
452.69,104.7
452.71,109.1
452.72,111.4
452.74,115.9
452.75,118.3
452.77,123.0
452.79,127.8
452.8,130.2
452.82,135.0
452.84,139.6
452.85,141.9
452.87,146.3
452.89,150.5
452.9,152.4
452.92,156.0
452.94,159.2
452.95,160.6
452.97,162.9
452.99,164.6
453.0,165.2
453.02,165.9
453.04,165.8
453.05,165.5
453.07,164.2
453.09,162.2
453.1,160.8
453.12,157.6
453.13,155.7
453.15,151.4
453.17,146.5
453.18,143.7
453.2,137.9
453.22,131.6
453.23,128.3
453.25,121.4
453.27,114.3
453.28,110.7
453.3,103.4
453.32,96.09
453.33,92.45
453.35,85.28
453.37,78.3
453.38,74.9
453.4,68.32
453.42,62.07
453.43,59.08
453.45,53.39
453.47,48.11
453.48,45.62
453.5,40.95
453.51,38.77
453.53,34.72
453.55,31.06
453.56,29.38
453.58,26.27
453.6,23.5
453.61,22.23
453.63,19.91
453.65,17.86
453.66,16.92
453.68,15.21
453.7,13.69
453.71,13.0
453.73,11.73
453.75,10.6
453.76,10.08
453.78,9.117
453.8,8.249
453.81,7.846
453.83,7.096
453.84,6.746
453.86,6.093
453.88,5.494
453.89,5.214
453.91,4.69
453.93,4.209
453.94,3.985
453.96,3.566
453.98,3.186
453.99,3.01
454.01,2.686
454.03,2.398
454.04,2.267
454.06,2.031
454.08,1.829
454.09,1.741
454.11,1.59
454.13,1.471
454.14,1.424
454.16,1.355
454.18,1.32
454.19,1.314
454.21,1.33
454.22,1.352
454.24,1.423
454.26,1.534
454.27,1.606
454.29,1.786
454.31,2.019
454.32,2.157
454.34,2.483
454.36,2.882
454.37,3.114
454.39,3.648
454.41,4.289
454.42,4.656
454.44,5.492
454.46,6.483
454.47,7.043
454.49,8.307
454.51,9.785
454.52,10.61
454.54,12.46
454.56,14.58
454.57,15.76
454.59,18.34
454.6,19.76
454.62,22.86
454.64,26.32
454.65,28.2
454.67,32.22
454.69,36.63
454.7,38.98
454.72,43.94
454.74,49.26
454.75,52.03
454.77,57.81
454.79,63.84
454.8,66.94
454.82,73.25
454.84,79.66
454.85,82.88
454.87,89.29
454.89,95.61
454.9,98.7
454.92,104.7
454.94,110.4
454.95,113.1
454.97,118.1
454.98,120.4
455.0,124.6
455.02,128.2
455.03,129.7
455.05,132.3
455.07,134.1
455.08,134.7
455.1,135.4
455.12,135.3
455.13,135.0
455.15,133.8
455.17,131.9
455.18,130.7
455.2,127.9
455.22,124.6
455.23,122.7
455.25,118.6
455.27,114.2
455.28,111.8
455.3,107.0
455.31,104.5
455.33,99.35
455.35,94.14
455.36,91.52
455.38,86.31
455.4,81.17
455.41,78.64
455.43,73.71
455.45,68.96
455.46,66.66
455.48,62.27
455.5,58.14
455.51,56.18
455.53,52.5
455.55,49.13
455.56,47.57
455.58,44.68
455.6,42.13
455.61,40.97
455.63,38.9
455.65,37.14
455.66,36.37
455.68,35.04
455.69,34.48
455.71,33.54
455.73,32.83
455.74,32.55
455.76,32.13
455.78,31.86
455.79,31.77
455.81,31.67
455.83,31.63
455.84,31.63
455.86,31.64
455.88,31.63
455.89,31.61
455.91,31.53
455.93,31.37
455.94,31.25
455.96,30.93
455.98,30.5
455.99,30.23
456.01,29.6
456.03,28.83
456.04,28.4
456.06,27.44
456.07,26.92
456.09,25.79
456.11,24.57
456.12,23.93
456.14,22.59
456.16,21.21
456.17,20.5
456.19,19.08
456.21,17.67
456.22,16.97
456.24,15.6
456.26,14.28
456.27,13.65
456.29,12.44
456.31,11.34
456.32,10.82
456.34,9.876
456.36,9.054
456.37,8.691
456.39,8.065
456.41,7.576
456.42,7.383
456.44,7.103
456.45,7.014
456.47,6.94
456.49,7.001
456.5,7.08
456.52,7.333
456.54,7.706
456.55,7.934
456.57,8.469
456.59,9.099
456.6,9.445
456.62,10.19
456.64,11.01
456.65,11.43
456.67,12.3
456.69,13.2
456.7,13.65
456.72,14.55
456.74,15.43
456.75,15.86
456.77,16.67
456.78,17.06
456.8,17.78
456.82,18.41
456.83,18.69
456.85,19.19
456.87,19.57
456.88,19.73
456.9,19.95
456.92,20.06
456.93,20.07
456.95,20.03
456.97,19.88
456.98,19.78
457.0,19.52
457.02,19.19
457.03,19.01
457.05,18.63
457.07,18.23
457.08,18.04
457.1,17.66
457.12,17.33
457.13,17.18
457.15,16.95
457.16,16.86
457.18,16.77
457.2,16.78
457.21,16.83
457.23,17.03
457.25,17.37
457.26,17.58
457.28,18.12
457.3,18.78
457.31,19.16
457.33,20.0
457.35,20.94
457.36,21.44
457.38,22.5
457.4,23.61
457.41,24.18
457.43,25.33
457.45,26.47
457.46,27.03
457.48,28.11
457.5,29.13
457.51,29.61
457.53,30.49
457.54,30.89
457.56,31.61
457.58,32.19
457.59,32.44
457.61,32.82
457.63,33.08
457.64,33.16
457.66,33.24
457.68,33.21
457.69,33.16
457.71,33.01
457.73,32.81
457.74,32.7
457.76,32.47
457.78,32.26
457.79,32.17
457.81,32.05
457.83,32.03
457.84,32.06
457.86,32.25
457.88,32.61
457.89,32.86
457.91,33.55
457.92,33.98
457.94,35.05
457.96,36.41
457.97,37.21
457.99,39.04
458.01,41.23
458.02,42.45
458.04,45.19
458.06,48.32
458.07,50.04
458.09,53.78
458.11,57.94
458.12,60.17
458.14,64.96
458.16,70.16
458.17,72.91
458.19,78.71
458.21,84.89
458.22,88.11
458.24,94.79
458.25,98.25
458.27,105.3
458.29,112.7
458.3,116.4
458.32,123.9
458.34,131.4
458.35,135.2
458.37,142.7
458.39,150.0
458.4,153.6
458.42,160.6
458.44,167.2
458.45,170.4
458.47,176.3
458.49,181.8
458.5,184.3
458.52,188.8
458.54,192.8
458.55,194.5
458.57,197.4
458.59,199.6
458.6,200.4
458.62,201.6
458.63,202.0
458.65,202.1
458.67,201.7
458.68,201.2
458.7,199.9
458.72,198.0
458.73,196.9
458.75,194.3
458.77,191.3
458.78,189.6
458.8,186.0
458.82,182.1
458.83,180.1
458.85,175.8
458.87,171.2
458.88,168.9
458.9,164.0
458.92,159.0
458.93,156.4
458.95,151.1
458.97,145.7
458.98,143.0
459.0,137.4
459.01,134.5
459.03,128.7
459.05,122.9
459.06,119.9
459.08,113.9
459.1,107.9
459.11,104.9
459.13,98.82
459.15,92.77
459.16,89.75
459.18,83.76
459.2,77.86
459.21,74.95
459.23,69.22
459.25,63.65
459.26,60.94
459.28,55.65
459.3,50.6
459.31,48.16
459.33,43.47
459.35,39.06
459.36,36.96
459.38,32.97
459.39,31.09
459.41,27.55
459.43,24.3
459.44,22.78
459.46,19.97
459.48,17.43
459.49,16.26
459.51,14.12
459.53,12.22
459.54,11.36
459.56,9.794
459.58,8.429
459.59,7.816
459.61,6.718
459.63,5.774
459.64,5.354
459.66,4.609
459.68,3.977
459.69,3.698
459.71,3.206
459.72,2.99
459.74,2.611
459.76,2.293
459.77,2.154
459.79,1.912
459.81,1.711
459.82,1.624
459.84,1.475
459.86,1.357
459.87,1.308
459.89,1.231
459.91,1.18
459.92,1.165
459.94,1.155
459.96,1.175
459.97,1.197
459.99,1.266
460.01,1.374
460.02,1.444
460.04,1.618
460.06,1.844
460.07,1.979
460.09,2.295
460.1,2.479
460.12,2.901
460.14,3.404
460.15,3.688
460.17,4.325
460.19,5.062
460.2,5.469
460.22,6.365
460.24,7.374
460.25,7.922
460.27,9.106
460.29,10.41
460.3,11.1
460.32,12.58
460.34,14.17
460.35,15.0
460.37,16.73
460.39,18.55
460.4,19.49
460.42,21.4
460.44,23.35
460.45,24.34
460.47,26.3
460.48,27.28
460.5,29.21
460.52,31.08
460.53,31.99
460.55,33.72
460.57,35.32
460.58,36.07
460.6,37.44
460.62,38.63
460.63,39.15
460.65,40.03
460.67,40.7
460.68,40.95
460.7,41.28
460.72,41.38
460.73,41.35
460.75,41.12
460.77,40.7
460.78,40.41
460.8,39.71
460.81,39.3
460.83,38.38
460.85,37.35
460.86,36.79
460.88,35.64
460.9,34.45
460.91,33.84
460.93,32.64
460.95,31.48
460.96,30.92
460.98,29.86
461.0,28.9
461.01,28.47
461.03,27.71
461.05,27.1
461.06,26.85
461.08,26.49
461.1,26.3
461.11,26.27
461.13,26.34
461.15,26.58
461.16,26.76
461.18,27.24
461.19,27.53
461.21,28.21
461.23,29.0
461.24,29.42
461.26,30.32
461.28,31.27
461.29,31.75
461.31,32.7
461.33,33.63
461.34,34.08
461.36,34.92
461.38,35.67
461.39,36.0
461.41,36.59
461.43,37.05
461.44,37.23
461.46,37.51
461.48,37.66
461.49,37.7
461.51,37.72
461.53,37.67
461.54,37.64
461.56,37.58
461.57,37.57
461.59,37.63
461.61,37.84
461.62,38.03
461.64,38.61
461.66,39.56
461.67,40.19
461.69,41.85
461.71,44.1
461.72,45.48
461.74,48.81
461.76,52.97
461.77,55.4
461.79,60.99
461.81,67.63
461.82,71.37
461.84,79.71
461.86,89.23
461.87,94.45
461.89,105.8
461.91,118.3
461.92,125.0
461.94,139.2
461.95,146.7
461.97,162.5
461.99,179.0
462.0,187.5
462.02,205.0
462.04,222.9
462.05,231.9
462.07,249.8
462.09,267.5
462.1,276.1
462.12,292.9
462.14,308.7
462.15,316.2
462.17,330.0
462.19,342.3
462.2,347.7
462.22,357.1
462.24,364.4
462.25,367.3
462.27,371.1
462.28,372.2
462.3,372.5
462.32,370.5
462.33,368.6
462.35,363.1
462.37,355.5
462.38,350.9
462.4,340.4
462.42,328.2
462.43,321.6
462.45,307.3
462.47,292.1
462.48,284.1
462.5,267.8
462.52,251.1
462.53,242.7
462.55,225.9
462.57,209.3
462.58,201.1
462.6,185.2
462.62,169.9
462.63,162.5
462.65,148.4
462.66,141.6
462.68,128.8
462.7,116.9
462.71,111.3
462.73,100.9
462.75,91.3
462.76,86.85
462.78,78.6
462.8,71.14
462.81,67.69
462.83,61.32
462.85,55.59
462.86,52.95
462.88,48.06
462.9,43.67
462.91,41.63
462.93,37.86
462.95,34.45
462.96,32.87
462.98,29.93
463.0,27.26
463.01,26.01
463.03,23.71
463.04,22.63
463.06,20.65
463.08,18.87
463.09,18.06
463.11,16.57
463.13,15.27
463.14,14.7
463.16,13.68
463.18,12.86
463.19,12.52
463.21,11.98
463.23,11.63
463.24,11.53
463.26,11.47
463.28,11.61
463.29,11.74
463.31,12.17
463.33,12.79
463.34,13.17
463.36,14.09
463.38,15.21
463.39,15.84
463.41,17.27
463.42,18.06
463.44,19.81
463.46,21.77
463.47,22.84
463.49,25.17
463.51,27.74
463.52,29.13
463.54,32.11
463.56,35.38
463.57,37.13
463.59,40.87
463.61,44.94
463.62,47.11
463.64,51.72
463.66,56.69
463.67,59.32
463.69,64.86
463.71,70.77
463.72,73.86
463.74,80.31
463.75,83.66
463.77,90.59
463.79,97.79
463.8,101.5
463.82,109.0
463.84,116.6
463.85,120.4
463.87,128.0
463.89,135.5
463.9,139.2
463.92,146.4
463.94,153.1
463.95,156.4
463.97,162.3
463.99,167.7
464.0,170.1
464.02,174.2
464.04,177.5
464.05,178.8
464.07,180.6
464.09,181.4
464.1,181.4
464.12,180.6
464.13,179.8
464.15,177.5
464.17,174.2
464.18,172.1
464.2,167.4
464.22,161.8
464.23,158.7
464.25,152.1
464.27,144.9
464.28,141.1
464.3,133.2
464.32,125.1
464.33,120.9
464.35,112.6
464.37,104.3
464.38,100.1
464.4,91.99
464.42,84.08
464.43,80.24
464.45,72.82
464.47,65.79
464.48,62.43
464.5,56.07
464.51,53.06
464.53,47.4
464.55,42.22
464.56,39.81
464.58,35.34
464.6,31.32
464.61,29.47
464.63,26.08
464.65,23.08
464.66,21.71
464.68,19.22
464.7,17.04
464.71,16.05
464.73,14.26
464.75,12.7
464.76,11.99
464.78,10.7
464.8,9.575
464.81,9.063
464.83,8.129
464.85,7.3
464.86,6.921
464.88,6.223
464.89,5.901
464.91,5.307
464.93,4.77
464.94,4.52
464.96,4.057
464.98,3.636
464.99,3.44
465.01,3.074
465.03,2.743
465.04,2.589
465.06,2.304
465.08,2.047
465.09,1.929
465.11,1.713
465.13,1.521
465.14,1.435
465.16,1.278
465.18,1.144
465.19,1.084
465.21,0.9807
465.22,0.9363
465.24,0.8614
465.26,0.8049
465.27,0.7835
465.29,0.7542
465.31,0.7435
465.32,0.7456
465.34,0.7657
465.36,0.8099
465.37,0.8423
465.39,0.9316
465.41,1.06
465.42,1.143
465.44,1.353
465.46,1.637
465.47,1.814
465.49,2.254
465.51,2.838
465.52,3.198
465.54,4.082
465.56,5.239
465.57,5.942
465.59,7.655
465.6,8.69
465.62,11.19
465.64,14.39
465.65,16.29
465.67,20.84
465.69,26.56
465.7,29.92
465.72,37.85
465.74,47.63
465.75,53.31
465.77,66.52
465.79,82.5
465.8,91.68
465.82,112.7
465.84,137.6
465.85,151.8
465.87,183.6
465.89,220.7
465.9,241.4
465.92,287.5
465.94,340.1
465.95,369.0
465.97,432.2
465.98,466.7
466.0,541.3
466.02,623.8
466.03,668.1
466.05,762.3
466.07,864.2
466.08,917.9
466.1,1030.0
466.12,1149.0
466.13,1210.0
466.15,1336.0
466.17,1466.0
466.18,1531.0
466.2,1663.0
466.22,1794.0
466.23,1859.0
466.25,1986.0
466.27,2107.0
466.28,2165.0
466.3,2275.0
466.32,2375.0
466.33,2420.0
466.35,2502.0
466.36,2537.0
466.38,2596.0
466.4,2639.0
466.41,2654.0
466.43,2672.0
466.45,2671.0
466.46,2665.0
466.48,2638.0
466.5,2595.0
466.51,2567.0
466.53,2499.0
466.55,2418.0
466.56,2372.0
466.58,2272.0
466.6,2162.0
466.61,2104.0
466.63,1983.0
466.65,1856.0
466.66,1791.0
466.68,1660.0
466.69,1595.0
466.71,1464.0
466.73,1335.0
466.74,1272.0
466.76,1149.0
466.78,1032.0
466.79,975.2
466.81,867.6
466.83,767.5
466.84,720.3
466.86,632.1
466.88,552.0
466.89,515.1
466.91,447.3
466.93,387.5
466.94,360.5
466.96,312.0
466.98,270.6
466.99,252.3
467.01,220.6
467.03,194.7
467.04,183.7
467.06,165.5
467.07,158.1
467.09,146.4
467.11,138.5
467.12,135.8
467.14,132.5
467.16,131.8
467.17,132.2
467.19,134.6
467.21,138.4
467.22,140.8
467.24,146.3
467.26,152.5
467.27,155.7
467.29,162.3
467.31,168.9
467.32,172.1
467.34,178.1
467.36,183.6
467.37,186.1
467.39,190.3
467.41,193.5
467.42,194.8
467.44,196.3
467.45,196.7
467.47,196.4
467.49,195.0
467.5,193.8
467.52,190.5
467.54,186.1
467.55,183.5
467.57,177.6
467.59,170.7
467.6,167.0
467.62,159.0
467.64,150.4
467.65,146.0
467.67,136.8
467.69,127.4
467.7,122.7
467.72,113.3
467.74,103.9
467.75,99.35
467.77,90.41
467.79,81.86
467.8,77.76
467.82,69.92
467.83,66.21
467.85,59.23
467.87,52.85
467.88,49.89
467.9,44.46
467.92,39.66
467.93,37.5
467.95,33.62
467.97,30.33
467.98,28.9
468.0,26.42
468.02,24.44
468.03,23.63
468.05,22.31
468.07,21.37
468.08,21.03
468.1,20.56
468.12,20.36
468.13,20.34
468.15,20.44
468.16,20.54
468.18,20.83
468.2,21.21
468.21,21.41
468.23,21.84
468.25,22.26
468.26,22.45
468.28,22.8
468.3,23.08
468.31,23.19
468.33,23.33
468.35,23.35
468.36,23.31
468.38,23.15
468.4,22.86
468.41,22.67
468.43,22.19
468.45,21.59
468.46,21.25
468.48,20.5
468.5,19.65
468.51,19.19
468.53,18.23
468.54,17.73
468.56,16.69
468.58,15.63
468.59,15.09
468.61,14.01
468.63,12.93
468.64,12.41
468.66,11.37
468.68,10.38
468.69,9.907
468.71,9.0
468.73,8.157
468.74,7.762
468.76,7.028
468.78,6.371
468.79,6.072
468.81,5.534
468.83,5.073
468.84,4.872
468.86,4.526
468.88,4.252
468.89,4.141
468.91,3.966
468.92,3.901
468.94,3.814
468.96,3.776
468.97,3.774
468.99,3.799
469.01,3.858
469.02,3.897
469.04,3.992
469.06,4.103
469.07,4.163
469.09,4.285
469.11,4.408
469.12,4.467
469.14,4.579
469.16,4.678
469.17,4.721
469.19,4.792
469.21,4.841
469.22,4.857
469.24,4.868
469.26,4.853
469.27,4.835
469.29,4.78
469.3,4.742
469.32,4.647
469.34,4.529
469.35,4.462
469.37,4.313
469.39,4.147
469.4,4.058
469.42,3.874
469.44,3.683
469.45,3.585
469.47,3.391
469.49,3.2
469.5,3.106
469.52,2.928
469.54,2.763
469.55,2.686
469.57,2.548
469.59,2.432
469.6,2.383
469.62,2.305
469.63,2.276
469.65,2.241
469.67,2.238
469.68,2.248
469.7,2.293
469.72,2.372
469.73,2.424
469.75,2.553
469.77,2.715
469.78,2.808
469.8,3.018
469.82,3.259
469.83,3.39
469.85,3.673
469.87,3.982
469.88,4.145
469.9,4.488
469.92,4.85
469.93,5.038
469.95,5.424
469.97,5.821
469.98,6.023
470.0,6.432
470.01,6.638
470.03,7.05
470.05,7.461
470.06,7.664
470.08,8.064
470.1,8.452
470.11,8.642
470.13,9.007
470.15,9.352
470.16,9.517
470.18,9.826
470.2,10.11
470.21,10.24
470.23,10.47
470.25,10.68
470.26,10.76
470.28,10.91
470.3,11.03
470.31,11.07
470.33,11.13
470.35,11.15
470.36,11.15
470.38,11.13
470.39,11.11
470.41,11.05
470.43,10.97
470.44,10.92
470.46,10.82
470.48,10.72
470.49,10.67
470.51,10.57
470.53,10.5
470.54,10.48
470.56,10.45
470.58,10.47
470.59,10.5
470.61,10.6
470.63,10.78
470.64,10.89
470.66,11.18
470.68,11.55
470.69,11.77
470.71,12.28
470.72,12.57
470.74,13.21
470.76,13.95
470.77,14.35
470.79,15.2
470.81,16.12
470.82,16.61
470.84,17.62
470.86,18.66
470.87,19.19
470.89,20.26
470.91,21.31
470.92,21.83
470.94,22.84
470.96,23.79
470.97,24.24
470.99,25.06
471.01,25.78
471.02,26.1
471.04,26.64
471.06,27.03
471.07,27.18
471.09,27.35
471.1,27.38
471.12,27.33
471.14,27.12
471.15,26.97
471.17,26.55
471.19,26.0
471.2,25.68
471.22,24.97
471.24,24.16
471.25,23.73
471.27,22.83
471.29,21.88
471.3,21.4
471.32,20.43
471.34,19.47
471.35,19.0
471.37,18.09
471.39,17.24
471.4,16.83
471.42,16.08
471.44,15.4
471.45,15.09
471.47,14.55
471.48,14.31
471.5,13.9
471.52,13.58
471.53,13.45
471.55,13.24
471.57,13.11
471.58,13.06
471.6,13.01
471.62,13.0
471.63,13.01
471.65,13.04
471.67,13.07
471.68,13.09
471.7,13.12
471.72,13.12
471.73,13.11
471.75,13.06
471.77,12.97
471.78,12.91
471.8,12.74
471.82,12.52
471.83,12.39
471.85,12.08
471.86,11.91
471.88,11.52
471.9,11.09
471.91,10.85
471.93,10.35
471.95,9.821
471.96,9.544
471.98,8.975
472.0,8.391
472.01,8.097
472.03,7.509
472.05,6.927
472.06,6.642
472.08,6.087
472.1,5.559
472.11,5.307
472.13,4.831
472.15,4.399
472.16,4.201
472.18,3.843
472.19,3.686
472.21,3.415
472.23,3.207
472.24,3.128
472.26,3.022
472.28,2.989
472.29,3.001
472.31,3.085
472.33,3.252
472.34,3.367
472.36,3.664
472.38,4.051
472.39,4.28
472.41,4.81
472.43,5.436
472.44,5.787
472.46,6.562
472.48,7.436
472.49,7.91
472.51,8.93
472.53,10.04
472.54,10.63
472.56,11.87
472.57,12.52
472.59,13.87
472.61,15.28
472.62,16.0
472.64,17.47
472.66,18.96
472.67,19.71
472.69,21.2
472.71,22.66
472.72,23.37
472.74,24.75
472.76,26.05
472.77,26.67
472.79,27.81
472.81,28.82
472.82,29.28
472.84,30.06
472.86,30.68
472.87,30.93
472.89,31.27
472.91,31.43
472.92,31.44
472.94,31.32
472.95,31.19
472.97,30.79
472.99,30.22
473.0,29.87
473.02,29.06
473.04,28.12
473.05,27.6
473.07,26.49
473.09,25.28
473.1,24.66
473.12,23.37
473.14,22.04
473.15,21.37
473.17,20.04
473.19,18.74
473.2,18.1
473.22,16.85
473.24,15.68
473.25,15.12
473.27,14.08
473.29,13.13
473.3,12.7
473.32,11.92
473.33,11.58
473.35,11.0
473.37,10.55
473.38,10.38
473.4,10.15
473.42,10.08
473.43,10.1
473.45,10.26
473.47,10.59
473.48,10.82
473.5,11.41
473.52,12.19
473.53,12.66
473.55,13.73
473.57,15.02
473.58,15.74
473.6,17.34
473.62,19.17
473.63,20.17
473.65,22.35
473.66,23.52
473.68,26.04
473.7,28.79
473.71,30.24
473.73,33.31
473.75,36.58
473.76,38.28
473.78,41.79
473.8,45.44
473.81,47.31
473.83,51.09
473.85,54.91
473.86,56.82
473.88,60.6
473.9,64.29
473.91,66.09
473.93,69.55
473.95,72.79
473.96,74.31
473.98,77.11
474.0,79.56
474.01,80.64
474.03,82.48
474.04,83.23
474.06,84.38
474.08,85.05
474.09,85.2
474.11,85.11
474.13,84.52
474.14,84.04
474.16,82.72
474.18,80.95
474.19,79.9
474.21,77.51
474.23,74.77
474.24,73.27
474.26,70.09
474.28,66.69
474.29,64.93
474.31,61.31
474.33,57.63
474.34,55.79
474.36,52.13
474.38,48.56
474.39,46.82
474.41,43.48
474.42,41.89
474.44,38.88
474.46,36.16
474.47,34.9
474.49,32.65
474.51,30.73
474.52,29.91
474.54,28.54
474.56,27.54
474.57,27.18
474.59,26.74
474.61,26.66
474.62,26.76
474.64,27.19
474.66,27.94
474.67,28.42
474.69,29.59
474.71,31.01
474.72,31.79
474.74,33.5
474.76,35.36
474.77,36.34
474.79,38.35
474.8,39.38
474.82,41.46
474.84,43.54
474.85,44.56
474.87,46.57
474.89,48.5
474.9,49.42
474.92,51.18
474.94,52.8
474.95,53.56
474.97,54.97
474.99,56.23
475.0,56.8
475.02,57.85
475.04,58.78
475.05,59.2
475.07,59.97
475.09,60.67
475.1,61.0
475.12,61.65
475.13,61.97
475.15,62.61
475.17,63.29
475.18,63.65
475.2,64.41
475.22,65.26
475.23,65.71
475.25,66.69
475.27,67.75
475.28,68.31
475.3,69.48
475.32,70.7
475.33,71.33
475.35,72.58
475.37,73.81
475.38,74.41
475.4,75.54
475.42,76.55
475.43,77.01
475.45,77.78
475.47,78.35
475.48,78.55
475.5,78.75
475.51,78.76
475.53,78.56
475.55,78.08
475.56,77.74
475.58,76.85
475.6,75.71
475.61,75.06
475.63,73.6
475.65,71.99
475.66,71.14
475.68,69.39
475.7,67.63
475.71,66.77
475.73,65.14
475.75,63.69
475.76,63.05
475.78,62.02
475.8,61.36
475.81,61.2
475.83,61.25
475.85,61.86
475.86,62.39
475.88,63.95
475.89,64.99
475.91,67.6
475.93,70.95
475.94,72.91
475.96,77.39
475.98,82.62
475.99,85.5
476.01,91.81
476.03,98.77
476.04,102.5
476.06,110.3
476.08,118.6
476.09,123.0
476.11,131.8
476.13,140.9
476.14,145.5
476.16,154.8
476.18,163.9
476.19,168.5
476.21,177.3
476.23,185.8
476.24,189.9
476.26,197.7
476.27,201.3
476.29,208.1
476.31,214.2
476.32,217.0
476.34,221.9
476.36,226.0
476.37,227.7
476.39,230.5
476.41,232.4
476.42,233.0
476.44,233.7
476.46,233.6
476.47,233.2
476.49,232.0
476.51,230.1
476.52,228.9
476.54,226.1
476.56,222.7
476.57,220.9
476.59,216.8
476.6,214.6
476.62,209.9
476.64,204.8
476.65,202.2
476.67,196.6
476.69,190.8
476.7,187.7
476.72,181.5
476.74,175.0
476.75,171.7
476.77,164.9
476.79,157.9
476.8,154.3
476.82,147.1
476.84,139.7
476.85,136.0
476.87,128.4
476.89,120.9
476.9,117.1
476.92,109.5
476.94,101.9
476.95,98.21
476.97,90.84
476.98,87.21
477.0,80.09
477.02,73.18
477.03,69.83
477.05,63.32
477.07,57.12
477.08,54.15
477.1,48.45
477.12,43.12
477.13,40.6
477.15,35.83
477.17,31.44
477.18,29.39
477.2,25.57
477.22,22.12
477.23,20.52
477.25,17.6
477.27,15.0
477.28,13.82
477.3,11.67
477.32,9.804
477.33,8.965
477.35,7.463
477.36,6.794
477.38,5.607
477.4,4.602
477.41,4.16
477.43,3.388
477.45,2.747
477.46,2.471
477.48,1.995
477.5,1.611
477.51,1.449
477.53,1.179
477.55,0.9732
477.56,0.8915
477.58,0.7669
477.6,0.6897
477.61,0.6679
477.63,0.6564
477.65,0.6874
477.66,0.7191
477.68,0.8164
477.7,0.962
477.71,1.054
477.73,1.283
477.74,1.421
477.76,1.75
477.78,2.158
477.79,2.396
477.81,2.947
477.83,3.61
477.84,3.988
477.86,4.849
477.88,5.864
477.89,6.434
477.91,7.713
477.93,9.191
477.94,10.01
477.96,11.82
477.98,13.87
477.99,14.99
478.01,17.44
478.03,20.16
478.04,21.62
478.06,24.76
478.07,26.44
478.09,30.0
478.11,33.84
478.12,35.86
478.14,40.08
478.16,44.53
478.17,46.83
478.19,51.56
478.21,56.42
478.22,58.89
478.24,63.87
478.26,68.86
478.27,71.35
478.29,76.24
478.31,81.0
478.32,83.3
478.34,87.73
478.36,91.86
478.37,93.8
478.39,97.38
478.41,100.5
478.42,101.9
478.44,104.3
478.45,105.4
478.47,107.0
478.49,108.0
478.5,108.4
478.52,108.6
478.54,108.2
478.55,107.8
478.57,106.6
478.59,105.0
478.6,103.9
478.62,101.5
478.64,98.75
478.65,97.21
478.67,93.88
478.69,90.27
478.7,88.37
478.72,84.42
478.74,80.32
478.75,78.22
478.77,73.98
478.79,69.7
478.8,67.56
478.82,63.31
478.83,61.21
478.85,57.07
478.87,53.05
478.88,51.09
478.9,47.28
478.92,43.65
478.93,41.9
478.95,38.55
478.97,35.4
478.98,33.9
479.0,31.06
479.02,28.43
479.03,27.2
479.05,24.89
479.07,22.78
479.08,21.8
479.1,19.98
479.12,18.34
479.13,17.59
479.15,16.21
479.17,14.99
479.18,14.44
479.2,13.43
479.21,12.97
479.23,12.14
479.25,11.42
479.26,11.1
479.28,10.51
479.3,10.01
479.31,9.777
479.33,9.365
479.35,9.005
479.36,8.841
479.38,8.543
479.4,8.276
479.41,8.153
479.43,7.924
479.45,7.713
479.46,7.614
479.48,7.425
479.5,7.247
479.51,7.161
479.53,6.995
479.54,6.915
479.56,6.76
479.58,6.61
479.59,6.536
479.61,6.394
479.63,6.255
479.64,6.188
479.66,6.055
479.68,5.927
479.69,5.864
479.71,5.74
479.73,5.62
479.74,5.561
479.76,5.445
479.78,5.331
479.79,5.276
479.81,5.167
479.83,5.061
479.84,5.01
479.86,4.911
479.88,4.817
479.89,4.773
479.91,4.69
479.92,4.652
479.94,4.584
479.96,4.529
479.97,4.507
479.99,4.475
480.01,4.461
480.02,4.462
480.04,4.481
480.06,4.523
480.07,4.554
480.09,4.636
480.11,4.747
480.12,4.814
480.14,4.969
480.16,5.154
480.17,5.258
480.19,5.488
480.21,5.746
480.22,5.884
480.24,6.18
480.26,6.498
480.27,6.664
480.29,7.009
480.3,7.186
480.32,7.547
480.34,7.914
480.35,8.099
480.37,8.466
480.39,8.827
480.4,9.004
480.42,9.348
480.44,9.676
480.45,9.833
480.47,10.13
480.49,10.41
480.5,10.53
480.52,10.77
480.54,10.98
480.55,11.08
480.57,11.26
480.59,11.41
480.6,11.48
480.62,11.6
480.63,11.66
480.65,11.76
480.67,11.84
480.68,11.88
480.7,11.96
480.72,12.02
480.73,12.06
480.75,12.12
480.77,12.18
480.78,12.2
480.8,12.26
480.82,12.31
480.83,12.33
480.85,12.37
480.87,12.41
480.88,12.42
480.9,12.43
480.92,12.42
480.93,12.41
480.95,12.37
480.97,12.3
480.98,12.26
481.0,12.14
481.01,12.07
481.03,11.9
481.05,11.7
481.06,11.58
481.08,11.32
481.1,11.02
481.11,10.86
481.13,10.51
481.15,10.13
481.16,9.936
481.18,9.525
481.2,9.096
481.21,8.877
481.23,8.434
481.25,7.989
481.26,7.768
481.28,7.332
481.3,6.909
481.31,6.705
481.33,6.314
481.35,5.951
481.36,5.782
481.38,5.471
481.39,5.331
481.41,5.082
481.43,4.879
481.44,4.797
481.46,4.67
481.48,4.597
481.49,4.582
481.51,4.596
481.53,4.67
481.54,4.731
481.56,4.902
481.58,5.139
481.59,5.285
481.61,5.63
481.63,6.051
481.64,6.292
481.66,6.839
481.68,7.476
481.69,7.831
481.71,8.62
481.73,9.522
481.74,10.02
481.76,11.12
481.77,11.72
481.79,13.04
481.81,14.54
481.82,15.36
481.84,17.16
481.86,19.18
481.87,20.29
481.89,22.7
481.91,25.4
481.92,26.87
481.94,30.06
481.96,33.61
481.97,35.53
481.99,39.65
482.01,44.19
482.02,46.62
482.04,51.8
482.06,57.42
482.07,60.4
482.09,66.67
482.1,69.96
482.12,76.86
482.14,84.12
482.15,87.89
482.17,95.64
482.19,103.7
482.2,107.7
482.22,116.0
482.24,124.3
482.25,128.5
482.27,136.7
482.29,144.8
482.3,148.7
482.32,156.3
482.34,163.4
482.35,166.8
482.37,173.0
482.39,178.6
482.4,181.0
482.42,185.4
482.44,188.8
482.45,190.1
482.47,192.1
482.48,192.7
482.5,193.2
482.52,192.6
482.53,191.9
482.55,189.8
482.57,186.8
482.58,184.9
482.6,180.6
482.62,175.4
482.63,172.6
482.65,166.4
482.67,159.7
482.68,156.2
482.7,148.8
482.72,141.2
482.73,137.3
482.75,129.5
482.77,121.5
482.78,117.6
482.8,109.8
482.82,102.1
482.83,98.39
482.85,91.1
482.86,87.56
482.88,80.73
482.9,74.24
482.91,71.14
482.93,65.22
482.95,59.69
482.96,57.07
482.98,52.11
483.0,47.53
483.01,45.38
483.03,41.33
483.05,37.62
483.06,35.88
483.08,32.63
483.1,29.65
483.11,28.26
483.13,25.66
483.15,23.28
483.16,22.17
483.18,20.09
483.2,18.18
483.21,17.29
483.23,15.61
483.24,14.83
483.26,13.36
483.28,12.01
483.29,11.38
483.31,10.2
483.33,9.117
483.34,8.612
483.36,7.671
483.38,6.817
483.39,6.42
483.41,5.687
483.43,5.028
483.44,4.726
483.46,4.173
483.48,3.687
483.49,3.467
483.51,3.073
483.53,2.737
483.54,2.59
483.56,2.334
483.57,2.225
483.59,2.043
483.61,1.907
483.62,1.855
483.64,1.781
483.66,1.746
483.67,1.742
483.69,1.759
483.71,1.808
483.72,1.844
483.74,1.936
483.76,2.053
483.77,2.12
483.79,2.27
483.81,2.439
483.82,2.529
483.84,2.719
483.86,2.92
483.87,3.024
483.89,3.235
483.91,3.449
483.92,3.555
483.94,3.766
483.95,3.869
483.97,4.069
483.99,4.258
484.0,4.347
484.02,4.512
484.04,4.658
484.05,4.723
484.07,4.836
484.09,4.924
484.1,4.958
484.12,5.005
484.14,5.025
484.15,5.024
484.17,5.002
484.19,4.952
484.2,4.917
484.22,4.828
484.24,4.714
484.25,4.649
484.27,4.504
484.29,4.34
484.3,4.252
484.32,4.067
484.33,3.97
484.35,3.769
484.37,3.562
484.38,3.457
484.4,3.246
484.42,3.036
484.43,2.933
484.45,2.729
484.47,2.531
484.48,2.436
484.5,2.253
484.52,2.081
484.53,1.999
484.55,1.847
484.57,1.709
484.58,1.645
484.6,1.531
484.62,1.435
484.63,1.394
484.65,1.328
484.67,1.284
484.68,1.271
484.7,1.266
484.71,1.275
484.73,1.318
484.75,1.401
484.76,1.458
484.78,1.612
484.8,1.825
484.81,1.958
484.83,2.281
484.85,2.696
484.86,2.943
484.88,3.527
484.9,4.249
484.91,4.669
484.93,5.641
484.95,6.813
484.96,7.483
484.98,9.011
485.0,10.82
485.01,11.83
485.03,14.11
485.04,15.39
485.06,18.23
485.08,21.48
485.09,23.27
485.11,27.21
485.13,31.63
485.14,34.03
485.16,39.22
485.18,44.94
485.19,48.0
485.21,54.52
485.23,61.56
485.24,65.26
485.26,73.03
485.28,81.24
485.29,85.49
485.31,94.24
485.33,103.3
485.34,107.9
485.36,117.1
485.38,126.4
485.39,131.1
485.41,140.2
485.42,144.7
485.44,153.4
485.46,161.7
485.47,165.6
485.49,173.0
485.51,179.6
485.52,182.7
485.54,188.0
485.56,192.4
485.57,194.2
485.59,197.0
485.61,198.7
485.62,199.1
485.64,199.2
485.66,198.2
485.67,197.2
485.69,194.7
485.71,191.1
485.72,189.0
485.74,184.2
485.76,178.7
485.77,175.7
485.79,169.3
485.8,165.9
485.82,158.9
485.84,151.7
485.85,148.0
485.87,140.7
485.89,133.3
485.9,129.7
485.92,122.7
485.94,115.8
485.95,112.5
485.97,106.2
485.99,100.2
486.0,97.42
486.02,92.08
486.04,87.16
486.05,84.85
486.07,80.53
486.09,76.59
486.1,74.75
486.12,71.31
486.14,68.16
486.15,66.69
486.17,63.91
486.18,62.59
486.2,60.08
486.22,57.71
486.23,56.56
486.25,54.33
486.27,52.17
486.28,51.1
486.3,49.0
486.32,46.91
486.33,45.88
486.35,43.82
486.37,41.77
486.38,40.75
486.4,38.73
486.42,36.73
486.43,35.75
486.45,33.81
486.47,31.92
486.48,31.01
486.5,29.22
486.51,28.36
486.53,26.69
486.55,25.11
486.56,24.36
486.58,22.93
486.6,21.6
486.61,20.97
486.63,19.78
486.65,18.7
486.66,18.19
486.68,17.25
486.7,16.39
486.71,15.99
486.73,15.25
486.75,14.59
486.76,14.28
486.78,13.71
486.8,13.19
486.81,12.95
486.83,12.51
486.85,12.11
486.86,11.93
486.88,11.58
486.89,11.42
486.91,11.13
486.93,10.87
486.94,10.74
486.96,10.52
486.98,10.32
486.99,10.23
487.01,10.06
487.03,9.915
487.04,9.848
487.06,9.728
487.08,9.623
487.09,9.575
487.11,9.485
487.13,9.403
487.14,9.364
487.16,9.286
487.18,9.207
487.19,9.165
487.21,9.077
487.23,8.98
487.24,8.926
487.26,8.809
487.27,8.744
487.29,8.603
487.31,8.444
487.32,8.358
487.34,8.172
487.36,7.97
487.37,7.864
487.39,7.641
487.41,7.408
487.42,7.289
487.44,7.05
487.46,6.814
487.47,6.699
487.49,6.48
487.51,6.284
487.52,6.197
487.54,6.053
487.56,5.96
487.57,5.936
487.59,5.944
487.61,6.042
487.62,6.131
487.64,6.401
487.65,6.589
487.67,7.088
487.69,7.776
487.7,8.203
487.72,9.244
487.74,10.57
487.75,11.36
487.77,13.22
487.79,15.5
487.8,16.82
487.82,19.85
487.84,23.49
487.85,25.55
487.87,30.24
487.89,35.72
487.9,38.79
487.92,45.66
487.94,53.55
487.95,57.91
487.97,67.51
487.98,72.77
488.0,84.25
488.02,97.07
488.03,104.0
488.05,118.9
488.07,135.2
488.08,143.9
488.1,162.3
488.12,182.1
488.13,192.5
488.15,214.1
488.17,236.7
488.18,248.4
488.2,272.3
488.22,296.8
488.23,309.2
488.25,334.0
488.27,358.8
488.28,371.0
488.3,394.9
488.32,417.9
488.33,428.9
488.35,449.9
488.36,459.7
488.38,477.8
488.4,493.7
488.41,500.8
488.43,512.8
488.45,522.0
488.46,525.4
488.48,530.1
488.5,531.5
488.51,531.1
488.53,527.8
488.55,521.3
488.56,517.0
488.58,506.2
488.6,492.6
488.61,484.8
488.63,467.6
488.65,448.3
488.66,438.0
488.68,416.3
488.7,393.2
488.71,381.4
488.73,357.1
488.74,344.8
488.76,320.1
488.78,295.4
488.79,283.2
488.81,259.2
488.83,236.0
488.84,224.7
488.86,202.9
488.88,182.2
488.89,172.4
488.91,153.8
488.93,136.5
488.94,128.5
488.96,113.4
488.98,99.75
488.99,93.46
489.01,81.9
489.03,71.66
489.04,67.01
489.06,58.6
489.08,51.3
489.09,48.03
489.11,42.21
489.12,39.64
489.14,35.09
489.16,31.27
489.17,29.6
489.19,26.72
489.21,24.36
489.22,23.36
489.24,21.66
489.26,20.35
489.27,19.82
489.29,19.0
489.31,18.47
489.32,18.3
489.34,18.19
489.36,18.34
489.37,18.53
489.39,19.12
489.41,20.04
489.42,20.62
489.44,22.09
489.45,22.97
489.47,25.09
489.49,27.71
489.5,29.24
489.52,32.75
489.54,36.93
489.55,39.3
489.57,44.64
489.59,50.84
489.6,54.28
489.62,61.89
489.64,70.53
489.65,75.25
489.67,85.53
489.69,96.94
489.7,103.1
489.72,116.2
489.74,130.5
489.75,138.0
489.77,154.0
489.79,170.9
489.8,179.7
489.82,198.0
489.83,207.4
489.85,226.6
489.87,246.4
489.88,256.3
489.9,276.3
489.92,296.2
489.93,306.0
489.95,325.3
489.97,343.8
489.98,352.7
490.0,369.5
490.02,385.0
490.03,392.1
490.05,405.0
490.07,415.9
490.08,420.5
490.1,428.0
490.12,433.2
490.13,434.9
490.15,436.3
490.17,435.2
490.18,433.7
490.2,428.9
490.21,425.6
490.23,417.3
490.25,406.8
490.26,400.7
490.28,387.3
490.3,372.2
490.31,364.1
490.33,347.0
490.35,328.8
490.36,319.5
490.38,300.3
490.4,280.7
490.41,270.9
490.43,251.3
490.45,231.9
490.46,222.4
490.48,203.8
490.5,185.9
490.51,177.3
490.53,160.8
490.54,152.9
490.56,137.9
490.58,124.0
490.59,117.5
490.61,105.3
490.63,94.37
490.64,89.31
490.66,80.03
490.68,71.83
490.69,68.12
490.71,61.44
490.73,55.69
490.74,53.13
490.76,48.63
490.78,44.87
490.79,43.25
490.81,40.45
490.83,38.22
490.84,37.28
490.86,35.75
490.88,34.62
490.89,34.18
490.91,33.54
490.92,33.32
490.94,33.08
490.96,33.05
490.97,33.11
490.99,33.36
491.01,33.77
491.02,34.02
491.04,34.64
491.06,35.37
491.07,35.78
491.09,36.67
491.11,37.66
491.12,38.18
491.14,39.3
491.16,40.48
491.17,41.1
491.19,42.36
491.21,43.67
491.22,44.32
491.24,45.65
491.26,46.96
491.27,47.6
491.29,48.86
491.3,49.46
491.32,50.61
491.34,51.66
491.35,52.14
491.37,53.0
491.39,53.72
491.4,54.03
491.42,54.51
491.44,54.83
491.45,54.92
491.47,55.0
491.49,54.92
491.5,54.83
491.52,54.57
491.54,54.21
491.55,54.01
491.57,53.59
491.59,53.18
491.6,52.99
491.62,52.7
491.64,52.57
491.65,52.59
491.67,52.82
491.68,53.06
491.7,53.82
491.72,55.02
491.73,55.81
491.75,57.81
491.77,60.45
491.78,62.03
491.8,65.74
491.82,70.26
491.83,72.84
491.85,78.66
491.87,85.43
491.88,89.17
491.9,97.41
491.92,106.7
491.93,111.7
491.95,122.5
491.97,134.4
491.98,140.7
492.0,154.0
492.01,161.1
492.03,175.8
492.05,191.5
492.06,199.6
492.08,216.4
492.1,233.9
492.11,242.8
492.13,261.0
492.15,279.4
492.16,288.8
492.18,307.4
492.2,326.0
492.21,335.2
492.23,353.2
492.25,370.7
492.26,379.2
492.28,395.5
492.3,410.6
492.31,417.8
492.33,431.0
492.35,442.7
492.36,447.9
492.38,456.9
492.39,460.7
492.41,466.9
492.43,470.9
492.44,472.1
492.46,472.9
492.48,471.4
492.49,469.8
492.51,465.0
492.53,458.0
492.54,453.7
492.56,443.6
492.58,431.6
492.59,424.9
492.61,410.3
492.63,394.2
492.64,385.6
492.66,367.6
492.68,348.6
492.69,338.9
492.71,318.9
492.73,298.5
492.74,288.2
492.76,267.6
492.77,257.4
492.79,237.1
492.81,217.2
492.82,207.5
492.84,188.6
492.86,170.4
492.87,161.7
492.89,144.9
492.91,129.2
492.92,121.7
492.94,107.6
492.96,94.6
492.97,88.51
492.99,77.17
493.01,66.91
493.02,62.17
493.04,53.46
493.06,45.72
493.07,42.19
493.09,35.78
493.11,30.18
493.12,27.66
493.14,23.15
493.15,21.13
493.17,17.54
493.19,14.49
493.2,13.14
493.22,10.78
493.24,8.793
493.25,7.93
493.27,6.429
493.29,5.193
493.3,4.661
493.32,3.746
493.34,3.005
493.35,2.69
493.37,2.155
493.39,1.728
493.4,1.55
493.42,1.251
493.44,1.018
493.45,0.9219
493.47,0.7655
493.48,0.7026
493.5,0.6023
493.52,0.5311
493.53,0.5046
493.55,0.4673
493.57,0.448
493.58,0.4441
493.6,0.4465
493.62,0.461
493.63,0.4723
493.65,0.5022
493.67,0.5413
493.68,0.564
493.7,0.6155
493.72,0.6747
493.73,0.7071
493.75,0.7774
493.77,0.8548
493.78,0.8962
493.8,0.984
493.82,1.079
493.83,1.129
493.85,1.234
493.86,1.289
493.88,1.404
493.9,1.525
493.91,1.589
493.93,1.721
493.95,1.86
493.96,1.932
493.98,2.081
494.0,2.239
494.01,2.32
494.03,2.49
494.05,2.669
494.06,2.762
494.08,2.956
494.1,3.163
494.11,3.271
494.13,3.499
494.15,3.745
494.16,3.876
494.18,4.154
494.2,4.459
494.21,4.623
494.23,4.977
494.24,5.169
494.26,5.585
494.28,6.053
494.29,6.308
494.31,6.867
494.33,7.499
494.34,7.845
494.36,8.605
494.38,9.465
494.39,9.936
494.41,10.97
494.43,12.13
494.44,12.76
494.46,14.13
494.48,15.67
494.49,16.5
494.51,18.29
494.53,20.26
494.54,21.32
494.56,23.57
494.58,26.03
494.59,27.33
494.61,30.07
494.62,31.52
494.64,34.55
494.66,37.77
494.67,39.45
494.69,42.93
494.71,46.56
494.72,48.42
494.74,52.25
494.76,56.17
494.77,58.17
494.79,62.21
494.81,66.28
494.82,68.32
494.84,72.4
494.86,76.45
494.87,78.45
494.89,82.38
494.91,86.21
494.92,88.07
494.94,91.67
494.95,93.4
494.97,96.7
494.99,99.79
495.0,101.2
495.02,103.9
495.04,106.3
495.05,107.4
495.07,109.4
495.09,111.0
495.1,111.6
495.12,112.7
495.14,113.4
495.15,113.7
495.17,113.8
495.19,113.6
495.2,113.4
495.22,112.6
495.24,111.5
495.25,110.8
495.27,109.1
495.29,107.2
495.3,106.1
495.32,103.7
495.33,102.4
495.35,99.55
495.37,96.53
495.38,94.95
495.4,91.67
495.42,88.27
495.43,86.53
495.45,83.01
495.47,79.46
495.48,77.69
495.5,74.17
495.52,70.71
495.53,69.02
495.55,65.73
495.57,62.58
495.58,61.06
495.6,58.17
495.62,55.47
495.63,54.19
495.65,51.8
495.67,49.62
495.68,48.6
495.7,46.73
495.71,45.86
495.73,44.28
495.75,42.86
495.76,42.22
495.78,41.03
495.8,39.96
495.81,39.47
495.83,38.55
495.85,37.69
495.86,37.28
495.88,36.48
495.9,35.69
495.91,35.29
495.93,34.48
495.95,33.64
495.96,33.21
495.98,32.3
496.0,31.34
496.01,30.84
496.03,29.8
496.05,28.69
496.06,28.12
496.08,26.94
496.09,26.33
496.11,25.09
496.13,23.82
496.14,23.18
496.16,21.88
496.18,20.59
496.19,19.95
496.21,18.68
496.23,17.44
496.24,16.84
496.26,15.67
496.28,14.56
496.29,14.03
496.31,13.02
496.33,12.09
496.34,11.66
496.36,10.85
496.38,10.14
496.39,9.821
496.41,9.249
496.42,8.999
496.44,8.57
496.46,8.237
496.47,8.106
496.49,7.915
496.51,7.818
496.52,7.804
496.54,7.844
496.56,7.975
496.57,8.074
496.59,8.339
496.61,8.691
496.62,8.9
496.64,9.382
496.66,9.951
496.67,10.27
496.69,10.96
496.71,11.75
496.72,12.17
496.74,13.07
496.76,14.06
496.77,14.58
496.79,15.68
496.8,16.26
496.82,17.47
496.84,18.73
496.85,19.39
496.87,20.74
496.89,22.13
496.9,22.83
496.92,24.26
496.94,25.7
496.95,26.42
496.97,27.85
496.99,29.25
497.0,29.93
497.02,31.26
497.04,32.52
497.05,33.12
497.07,34.25
497.09,35.28
497.1,35.76
497.12,36.61
497.14,37.35
497.15,37.66
497.17,38.2
497.18,38.41
497.2,38.75
497.22,38.96
497.23,39.02
497.25,39.06
497.27,39.0
497.28,38.94
497.3,38.76
497.32,38.52
497.33,38.39
497.35,38.1
497.37,37.82
497.38,37.69
497.4,37.44
497.42,37.25
497.43,37.17
497.45,37.09
497.47,37.11
497.48,37.16
497.5,37.33
497.52,37.63
497.53,37.83
497.55,38.31
497.56,38.59
497.58,39.25
497.6,40.01
497.61,40.43
497.63,41.33
497.65,42.3
497.66,42.8
497.68,43.83
497.7,44.88
497.71,45.41
497.73,46.45
497.75,47.45
497.76,47.93
497.78,48.85
497.8,49.68
497.81,50.07
497.83,50.77
497.85,51.36
497.86,51.62
497.88,52.06
497.89,52.25
497.91,52.55
497.93,52.76
497.94,52.84
497.96,52.95
497.98,53.02
497.99,53.05
498.01,53.1
498.03,53.15
498.04,53.19
498.06,53.3
498.08,53.48
498.09,53.61
498.11,53.92
498.13,54.35
498.14,54.61
498.16,55.23
498.18,55.98
498.19,56.41
498.21,57.38
498.23,58.47
498.24,59.07
498.26,60.36
498.27,61.04
498.29,62.48
498.31,64.01
498.32,64.79
498.34,66.39
498.36,68.02
498.37,68.84
498.39,70.46
498.41,72.04
498.42,72.8
498.44,74.28
498.46,75.67
498.47,76.32
498.49,77.53
498.51,78.6
498.52,79.09
498.54,79.95
498.56,80.66
498.57,80.97
498.59,81.46
498.61,81.83
498.62,81.97
498.64,82.16
498.65,82.22
498.67,82.28
498.69,82.28
498.7,82.26
498.72,82.22
498.74,82.18
498.75,82.17
498.77,82.18
498.79,82.25
498.8,82.32
498.82,82.52
498.84,82.83
498.85,83.02
498.87,83.5
498.89,84.1
498.9,84.44
498.92,85.2
498.94,86.05
498.95,86.51
498.97,87.46
498.99,88.45
499.0,88.95
499.02,89.92
499.03,90.39
499.05,91.27
499.07,92.04
499.08,92.37
499.1,92.9
499.12,93.23
499.13,93.3
499.15,93.25
499.17,92.93
499.18,92.65
499.2,91.87
499.22,90.76
499.23,90.09
499.25,88.51
499.27,86.61
499.28,85.55
499.3,83.23
499.32,80.65
499.33,79.28
499.35,76.39
499.36,74.89
499.38,71.8
499.4,68.64
499.41,67.05
499.43,63.9
499.45,60.83
499.46,59.34
499.48,56.53
499.5,53.96
499.51,52.79
499.53,50.73
499.55,49.09
499.56,48.45
499.58,47.58
499.6,47.3
499.61,47.4
499.63,48.14
499.65,49.63
499.66,50.68
499.68,53.43
499.7,57.08
499.71,59.26
499.73,64.37
499.74,67.31
499.76,73.99
499.78,81.77
499.79,86.08
499.81,95.57
499.83,106.2
499.84,112.0
499.86,124.4
499.88,138.0
499.89,145.2
499.91,160.4
499.93,176.8
499.94,185.3
499.96,203.1
499.98,221.8
499.99,231.4
500.01,251.1
500.03,271.4
500.04,281.7
500.06,302.5
500.08,323.4
500.09,333.9
500.11,354.6
500.12,364.8
500.14,384.8
500.16,404.1
500.17,413.4
500.19,431.2
500.21,447.7
500.22,455.5
500.24,469.8
500.26,482.4
500.27,488.0
500.29,497.8
500.31,505.6
500.32,508.7
500.34,513.3
500.36,515.8
500.37,516.2
500.39,515.4
500.41,512.5
500.42,510.3
500.44,504.4
500.45,500.8
500.47,492.1
500.49,481.8
500.5,476.1
500.52,463.5
500.54,449.8
500.55,442.5
500.57,427.2
500.59,411.2
500.6,402.9
500.62,386.1
500.64,368.9
500.65,360.3
500.67,342.9
500.69,325.6
500.7,317.0
500.72,300.1
500.74,283.5
500.75,275.4
500.77,259.5
500.79,244.2
500.8,236.7
500.82,222.3
500.83,215.4
500.85,202.0
500.87,189.3
500.88,183.1
500.9,171.4
500.92,160.4
500.93,155.1
500.95,145.1
500.97,135.7
500.98,131.2
501.0,122.7
501.02,114.8
501.03,111.1
501.05,104.0
501.07,97.47
501.08,94.4
501.1,88.65
501.12,83.41
501.13,80.97
501.15,76.49
501.17,72.5
501.18,70.7
501.2,67.48
501.21,66.07
501.23,63.64
501.25,61.76
501.26,61.03
501.28,60.0
501.3,59.58
501.31,59.6
501.33,60.13
501.35,61.34
501.36,62.2
501.38,64.46
501.4,67.48
501.41,69.27
501.43,73.45
501.45,78.44
501.46,81.24
501.48,87.49
501.5,94.58
501.51,98.44
501.53,106.8
501.55,116.0
501.56,121.0
501.58,131.4
501.59,136.9
501.61,148.5
501.63,160.8
501.64,167.2
501.66,180.4
501.68,194.1
501.69,201.1
501.71,215.4
501.73,229.9
501.74,237.2
501.76,251.8
501.78,266.3
501.79,273.5
501.81,287.6
501.83,301.2
501.84,307.7
501.86,320.3
501.88,332.1
501.89,337.6
501.91,347.8
501.92,352.5
501.94,361.0
501.96,368.1
501.97,371.2
501.99,376.2
502.01,379.8
502.02,381.1
502.04,382.4
502.06,382.2
502.07,381.6
502.09,379.3
502.11,375.5
502.12,373.1
502.14,367.4
502.16,360.4
502.17,356.5
502.19,348.0
502.21,338.4
502.22,333.3
502.24,322.6
502.26,311.2
502.27,305.3
502.29,293.2
502.3,287.0
502.32,274.4
502.34,261.6
502.35,255.2
502.37,242.4
502.39,229.7
502.4,223.4
502.42,210.9
502.44,198.8
502.45,192.9
502.47,181.4
502.49,170.4
502.5,165.1
502.52,155.0
502.54,145.4
502.55,140.9
502.57,132.4
502.59,124.6
502.6,121.0
502.62,114.3
502.64,108.5
502.65,105.8
502.67,101.2
502.68,99.14
502.7,95.71
502.72,93.09
502.73,92.09
502.75,90.68
502.77,90.07
502.78,90.05
502.8,90.58
502.82,91.83
502.83,92.72
502.85,95.01
502.87,97.92
502.88,99.6
502.9,103.4
502.92,107.7
502.93,110.0
502.95,114.9
502.97,120.2
502.98,123.0
503.0,128.7
503.02,134.7
503.03,137.7
503.05,143.9
503.06,147.0
503.08,153.2
503.1,159.5
503.11,162.6
503.13,168.8
503.15,174.9
503.16,177.9
503.18,183.9
503.2,189.8
503.21,192.7
503.23,198.4
503.25,204.1
503.26,206.9
503.28,212.6
503.3,218.3
503.31,221.3
503.33,227.2
503.35,233.5
503.36,236.8
503.38,243.7
503.39,247.4
503.41,255.2
503.43,264.0
503.44,268.7
503.46,279.1
503.48,290.9
503.49,297.4
503.51,311.8
503.53,328.3
503.54,337.4
503.56,357.7
503.58,380.9
503.59,393.8
503.61,422.3
503.63,454.8
503.64,472.8
503.66,512.2
503.68,556.7
503.69,581.0
503.71,634.0
503.73,693.1
503.74,725.1
503.76,793.9
503.77,830.9
503.79,910.0
503.81,995.9
503.82,1041.0
503.84,1138.0
503.86,1240.0
503.87,1294.0
503.89,1405.0
503.91,1521.0
503.92,1581.0
503.94,1703.0
503.96,1828.0
503.97,1890.0
503.99,2016.0
504.01,2141.0
504.02,2203.0
504.04,2323.0
504.06,2438.0
504.07,2494.0
504.09,2598.0
504.11,2694.0
504.12,2738.0
504.14,2816.0
504.15,2851.0
504.17,2910.0
504.19,2955.0
504.2,2972.0
504.22,2994.0
504.24,2999.0
504.25,2996.0
504.27,2977.0
504.29,2943.0
504.3,2920.0
504.32,2863.0
504.34,2791.0
504.35,2750.0
504.37,2660.0
504.39,2559.0
504.4,2504.0
504.42,2389.0
504.44,2267.0
504.45,2204.0
504.47,2075.0
504.49,1943.0
504.5,1876.0
504.52,1743.0
504.53,1677.0
504.55,1546.0
504.57,1418.0
504.58,1355.0
504.6,1234.0
504.62,1118.0
504.63,1062.0
504.65,956.2
504.67,857.0
504.68,810.1
504.7,722.1
504.72,641.6
504.73,604.3
504.75,535.4
504.77,474.1
504.78,446.2
504.8,396.1
504.82,353.3
504.83,334.5
504.85,302.4
504.86,289.0
504.88,267.4
504.9,253.0
504.91,248.5
504.93,245.0
504.95,249.2
504.96,254.3
504.98,270.9
505.0,296.6
505.01,313.1
505.03,353.8
505.05,405.9
505.06,436.5
505.08,507.7
505.1,593.2
505.11,641.8
505.13,751.5
505.15,879.1
505.16,950.1
505.18,1107.0
505.2,1286.0
505.21,1384.0
505.23,1597.0
505.24,1712.0
505.26,1962.0
505.28,2237.0
505.29,2384.0
505.31,2697.0
505.33,3034.0
505.34,3212.0
505.36,3585.0
505.38,3980.0
505.39,4184.0
505.41,4606.0
505.43,5043.0
505.44,5265.0
505.46,5716.0
505.48,6171.0
505.49,6399.0
505.51,6850.0
505.53,7293.0
505.54,7509.0
505.56,7927.0
505.58,8321.0
505.59,8508.0
505.61,8857.0
505.62,9017.0
505.64,9308.0
505.66,9554.0
505.67,9660.0
505.69,9832.0
505.71,9952.0
505.72,9991.0
505.74,10030.0
505.76,10010.0
505.77,9978.0
505.79,9876.0
505.81,9720.0
505.82,9623.0
505.84,9392.0
505.86,9116.0
505.87,8962.0
505.89,8626.0
505.91,8257.0
505.92,8061.0
505.94,7652.0
505.96,7224.0
505.97,7004.0
505.99,6558.0
506.0,6333.0
506.02,5881.0
506.04,5432.0
506.05,5210.0
506.07,4774.0
506.09,4351.0
506.1,4145.0
506.12,3748.0
506.14,3372.0
506.15,3192.0
506.17,2850.0
506.19,2532.0
506.2,2382.0
506.22,2101.0
506.24,1845.0
506.25,1725.0
506.27,1505.0
506.29,1308.0
506.3,1217.0
506.32,1052.0
506.33,976.2
506.35,839.4
506.37,719.9
506.38,666.1
506.4,569.6
506.42,486.6
506.43,449.6
506.45,384.0
506.47,328.2
506.48,303.7
506.5,260.6
506.52,224.4
506.53,208.7
506.55,181.2
506.57,158.6
506.58,148.8
506.6,132.0
506.62,118.3
506.63,112.5
506.65,102.7
506.67,94.97
506.68,91.76
506.7,86.49
506.71,84.38
506.73,81.04
506.75,78.73
506.76,77.91
506.78,76.85
506.8,76.46
506.81,76.48
506.83,76.91
506.85,77.76
506.86,78.32
506.88,79.68
506.9,81.29
506.91,82.17
506.93,84.06
506.95,86.07
506.96,87.1
506.98,89.21
507.0,91.33
507.01,92.38
507.03,94.44
507.05,96.43
507.06,97.39
507.08,99.21
507.09,100.1
507.11,101.7
507.13,103.1
507.14,103.7
507.16,104.9
507.18,105.8
507.19,106.2
507.21,106.9
507.23,107.3
507.24,107.5
507.26,107.6
507.28,107.6
507.29,107.6
507.31,107.3
507.33,106.9
507.34,106.7
507.36,106.1
507.38,105.5
507.39,105.1
507.41,104.4
507.43,103.5
507.44,103.1
507.46,102.2
507.47,101.7
507.49,100.8
507.51,99.78
507.52,99.26
507.54,98.2
507.56,97.08
507.57,96.5
507.59,95.3
507.61,94.02
507.62,93.35
507.64,91.95
507.66,90.45
507.67,89.66
507.69,87.99
507.71,86.22
507.72,85.29
507.74,83.36
507.76,81.31
507.77,80.25
507.79,78.07
507.8,76.95
507.82,74.66
507.84,72.32
507.85,71.14
507.87,68.79
507.89,66.46
507.9,65.31
507.92,63.07
507.94,60.94
507.95,59.92
507.97,58.0
507.99,56.27
508.0,55.48
508.02,54.09
508.04,52.97
508.05,52.51
508.07,51.84
508.09,51.5
508.1,51.46
508.12,51.67
508.14,52.28
508.15,52.75
508.17,54.0
508.18,54.79
508.2,56.74
508.22,59.18
508.23,60.6
508.25,63.83
508.27,67.62
508.28,69.73
508.3,74.41
508.32,79.72
508.33,82.61
508.35,88.9
508.37,95.88
508.38,99.64
508.4,107.7
508.42,116.4
508.43,121.1
508.45,130.9
508.47,141.5
508.48,147.0
508.5,158.6
508.52,170.8
508.53,177.1
508.55,190.1
508.56,196.7
508.58,210.3
508.6,224.2
508.61,231.2
508.63,245.2
508.65,259.1
508.66,266.0
508.68,279.6
508.7,292.7
508.71,299.0
508.73,311.1
508.75,322.3
508.76,327.5
508.78,337.1
508.8,345.4
508.81,349.1
508.83,355.3
508.85,360.0
508.86,361.7
508.88,364.0
508.9,364.7
508.91,364.4
508.93,362.6
508.94,361.2
508.96,357.0
508.98,351.4
508.99,348.1
509.01,340.5
509.03,331.8
509.04,327.0
509.06,316.8
509.08,305.9
509.09,300.2
509.11,288.4
509.13,276.3
509.14,270.2
509.16,258.0
509.18,245.8
509.19,239.9
509.21,228.1
509.23,216.9
509.24,211.5
509.26,201.1
509.27,196.1
509.29,186.8
509.31,178.3
509.32,174.4
509.34,167.1
509.36,160.7
509.37,157.8
509.39,152.8
509.41,148.6
509.42,146.8
509.44,143.8
509.46,141.7
509.47,140.9
509.49,139.9
509.51,139.6
509.52,139.7
509.54,140.4
509.56,141.7
509.57,142.6
509.59,144.8
509.61,147.6
509.62,149.2
509.64,152.8
509.65,154.7
509.67,159.0
509.69,163.7
509.7,166.3
509.72,171.7
509.74,177.5
509.75,180.5
509.77,186.9
509.79,193.6
509.8,197.0
509.82,204.1
509.84,211.5
509.85,215.3
509.87,222.9
509.89,230.6
509.9,234.4
509.92,242.1
509.94,249.7
509.95,253.5
509.97,260.7
509.99,267.7
510.0,271.0
510.02,277.2
510.03,280.1
510.05,285.4
510.07,290.0
510.08,292.0
510.1,295.3
510.12,297.7
510.13,298.5
510.15,299.3
510.17,299.1
510.18,298.6
510.2,296.6
510.22,293.6
510.23,291.7
510.25,287.0
510.27,281.3
510.28,278.0
510.3,270.9
510.32,262.8
510.33,258.5
510.35,249.4
510.36,244.6
510.38,234.5
510.4,224.1
510.41,218.8
510.43,208.0
510.45,197.0
510.46,191.5
510.48,180.6
510.5,169.9
510.51,164.7
510.53,154.4
510.55,144.5
510.56,139.7
510.58,130.5
510.6,121.9
510.61,117.8
510.63,110.0
510.65,102.8
510.66,99.41
510.68,93.12
510.7,87.43
510.71,84.8
510.73,79.95
510.74,77.73
510.76,73.67
510.78,70.1
510.79,68.49
510.81,65.58
510.83,63.07
510.84,61.96
510.86,59.98
510.88,58.31
510.89,57.59
510.91,56.34
510.93,55.33
510.94,54.91
510.96,54.22
510.98,53.72
510.99,53.54
511.01,53.3
511.03,53.21
511.04,53.22
511.06,53.34
511.08,53.6
511.09,53.77
511.11,54.21
511.12,54.47
511.14,55.07
511.16,55.78
511.17,56.17
511.19,57.02
511.21,57.96
511.22,58.47
511.24,59.53
511.26,60.66
511.27,61.25
511.29,62.48
511.31,63.77
511.32,64.43
511.34,65.78
511.36,67.16
511.37,67.87
511.39,69.28
511.41,70.72
511.42,71.43
511.44,72.87
511.46,74.29
511.47,74.99
511.49,76.39
511.5,77.07
511.52,78.42
511.54,79.72
511.55,80.35
511.57,81.57
511.59,82.74
511.6,83.3
511.62,84.36
511.64,85.35
511.65,85.82
511.67,86.7
511.69,87.5
511.7,87.88
511.72,88.57
511.74,89.18
511.75,89.46
511.77,89.98
511.79,90.44
511.8,90.65
511.82,91.04
511.83,91.22
511.85,91.57
511.87,91.9
511.88,92.07
511.9,92.42
511.92,92.79
511.93,92.99
511.95,93.43
511.97,93.94
511.98,94.23
512.0,94.86
512.02,95.6
512.03,96.0
512.05,96.9
512.07,97.91
512.08,98.46
512.1,99.63
512.12,100.9
512.13,101.6
512.15,103.0
512.17,104.5
512.18,105.2
512.2,106.8
512.21,107.5
512.23,109.0
512.25,110.5
512.26,111.2
512.28,112.5
512.3,113.6
512.31,114.1
512.33,114.9
512.35,115.4
512.36,115.6
512.38,115.7
512.4,115.5
512.41,115.2
512.43,114.4
512.45,113.2
512.46,112.5
512.48,110.7
512.5,108.6
512.51,107.4
512.53,104.7
512.55,101.6
512.56,99.96
512.58,96.45
512.59,94.6
512.61,90.72
512.63,86.65
512.64,84.55
512.66,80.27
512.68,75.91
512.69,73.71
512.71,69.32
512.73,64.96
512.74,62.81
512.76,58.58
512.78,54.48
512.79,52.48
512.81,48.63
512.83,44.96
512.84,43.21
512.86,39.87
512.88,36.76
512.89,35.29
512.91,32.52
512.93,29.98
512.94,28.8
512.96,26.6
512.97,25.58
512.99,23.69
513.01,22.0
513.02,21.22
513.04,19.78
513.06,18.51
513.07,17.92
513.09,16.85
513.11,15.9
513.12,15.47
513.14,14.67
513.16,13.96
513.17,13.64
513.19,13.05
513.21,12.53
513.22,12.29
513.24,11.85
513.26,11.47
513.27,11.3
513.29,10.98
513.3,10.84
513.32,10.59
513.34,10.39
513.35,10.3
513.37,10.15
513.39,10.03
513.4,9.992
513.42,9.932
513.44,9.906
513.45,9.906
513.47,9.928
513.49,9.982
513.5,10.02
513.52,10.12
513.54,10.24
513.55,10.32
513.57,10.49
513.59,10.68
513.6,10.79
513.62,11.04
513.64,11.32
513.65,11.47
513.67,11.81
513.68,12.0
513.7,12.42
513.72,12.9
513.73,13.17
513.75,13.78
513.77,14.49
513.78,14.88
513.8,15.77
513.82,16.82
513.83,17.41
513.85,18.74
513.87,20.3
513.88,21.17
513.9,23.13
513.92,25.41
513.93,26.69
513.95,29.53
513.97,32.8
513.98,34.61
514.0,38.61
514.02,43.16
514.03,45.66
514.05,51.13
514.06,54.11
514.08,60.6
514.1,67.82
514.11,71.72
514.13,80.1
514.15,89.29
514.16,94.2
514.18,104.6
514.2,115.9
514.21,121.8
514.23,134.3
514.25,147.6
514.26,154.5
514.28,168.8
514.3,183.7
514.31,191.4
514.33,207.1
514.35,223.2
514.36,231.3
514.38,247.7
514.4,264.2
514.41,272.4
514.43,288.6
514.44,296.6
514.46,312.3
514.48,327.4
514.49,334.6
514.51,348.6
514.53,361.6
514.54,367.7
514.56,379.1
514.58,389.2
514.59,393.8
514.61,401.9
514.63,408.6
514.64,411.4
514.66,415.9
514.68,419.0
514.69,420.0
514.71,420.9
514.73,420.4
514.74,419.6
514.76,417.2
514.77,415.5
514.79,411.3
514.81,406.1
514.82,403.1
514.84,396.5
514.86,389.0
514.87,385.1
514.89,376.6
514.91,367.7
514.92,363.0
514.94,353.4
514.96,343.5
514.97,338.5
514.99,328.2
515.01,317.8
515.02,312.5
515.04,301.9
515.06,291.2
515.07,285.9
515.09,275.2
515.11,264.6
515.12,259.2
515.14,248.6
515.15,243.4
515.17,232.9
515.19,222.6
515.2,217.4
515.22,207.3
515.24,197.5
515.25,192.6
515.27,183.1
515.29,173.9
515.3,169.4
515.32,160.7
515.34,152.5
515.35,148.6
515.37,141.0
515.39,134.0
515.4,130.8
515.42,124.6
515.44,119.1
515.45,116.6
515.47,112.1
515.49,108.2
515.5,106.6
515.52,103.7
515.53,102.5
515.55,100.6
515.57,99.41
515.58,99.02
515.6,98.66
515.62,98.85
515.63,99.12
515.65,100.0
515.67,101.3
515.68,102.0
515.7,103.8
515.72,105.7
515.73,106.7
515.75,108.9
515.77,111.0
515.78,112.0
515.8,114.1
515.82,115.9
515.83,116.8
515.85,118.3
515.87,119.5
515.88,120.0
515.9,120.6
515.91,120.8
515.93,120.8
515.95,120.4
515.96,120.0
515.98,118.9
516.0,117.4
516.01,116.4
516.03,114.3
516.05,111.8
516.06,110.4
516.08,107.4
516.1,104.2
516.11,102.6
516.13,99.18
516.15,95.73
516.16,94.02
516.18,90.67
516.2,87.5
516.21,86.02
516.23,83.31
516.24,82.11
516.26,80.09
516.28,78.66
516.29,78.2
516.31,77.87
516.33,78.4
516.34,79.03
516.36,81.09
516.38,84.29
516.39,86.35
516.41,91.49
516.43,98.04
516.44,101.9
516.46,110.7
516.48,121.3
516.49,127.2
516.51,140.3
516.53,155.3
516.54,163.4
516.56,181.2
516.58,200.8
516.59,211.3
516.61,233.8
516.62,245.6
516.64,270.7
516.66,297.4
516.67,311.3
516.69,340.1
516.71,370.2
516.72,385.6
516.74,417.0
516.76,448.9
516.77,465.0
516.79,497.2
516.81,529.1
516.82,544.8
516.84,575.6
516.86,605.2
516.87,619.4
516.89,646.5
516.91,671.4
516.92,682.9
516.94,704.0
516.96,722.1
516.97,729.9
516.99,743.1
517.0,748.3
517.02,756.1
517.04,760.2
517.05,760.8
517.07,759.3
517.09,753.9
517.1,749.9
517.12,739.2
517.14,725.0
517.15,716.8
517.17,698.0
517.19,676.5
517.2,664.8
517.22,639.7
517.24,612.8
517.25,598.7
517.27,569.7
517.29,539.7
517.3,524.4
517.32,493.6
517.34,462.8
517.35,447.5
517.37,417.1
517.38,402.2
517.4,373.0
517.42,344.9
517.43,331.2
517.45,305.0
517.47,280.2
517.48,268.4
517.5,246.0
517.52,225.3
517.53,215.5
517.55,197.3
517.57,180.7
517.58,173.1
517.6,158.9
517.62,146.3
517.63,140.6
517.65,130.2
517.67,121.1
517.68,117.1
517.7,109.9
517.71,106.7
517.73,101.1
517.75,96.57
517.76,94.63
517.78,91.38
517.8,88.93
517.81,87.98
517.83,86.6
517.85,85.87
517.86,85.73
517.88,85.9
517.9,86.62
517.91,87.19
517.93,88.74
517.95,90.82
517.96,92.07
517.98,94.98
518.0,98.45
518.01,100.4
518.03,104.8
518.05,109.8
518.06,112.6
518.08,118.6
518.09,121.9
518.11,129.0
518.13,137.0
518.14,141.2
518.16,150.4
518.18,160.3
518.19,165.6
518.21,176.9
518.23,189.0
518.24,195.4
518.26,208.7
518.28,222.8
518.29,230.1
518.31,245.2
518.33,260.8
518.34,268.8
518.36,285.2
518.38,301.7
518.39,310.1
518.41,326.7
518.43,343.3
518.44,351.4
518.46,367.4
518.47,375.1
518.49,390.1
518.51,404.1
518.52,410.7
518.54,423.0
518.56,433.8
518.57,438.7
518.59,447.2
518.61,453.9
518.62,456.6
518.64,460.4
518.66,462.3
518.67,462.4
518.69,461.2
518.71,457.9
518.72,455.5
518.74,449.1
518.76,440.9
518.77,436.1
518.79,425.2
518.81,412.7
518.82,405.9
518.84,391.3
518.85,383.6
518.87,367.4
518.89,350.3
518.9,341.5
518.92,323.6
518.94,305.4
518.95,296.3
518.97,278.0
518.99,259.8
519.0,250.9
519.02,233.4
519.04,216.4
519.05,208.2
519.07,192.3
519.09,177.3
519.1,170.2
519.12,156.6
519.14,144.0
519.15,138.2
519.17,127.2
519.18,122.1
519.2,112.6
519.22,104.2
519.23,100.4
519.25,93.53
519.27,87.59
519.28,84.95
519.3,80.33
519.32,76.54
519.33,74.93
519.35,72.26
519.37,70.28
519.38,69.53
519.4,68.48
519.42,67.98
519.43,67.93
519.45,68.2
519.47,68.92
519.48,69.44
519.5,70.78
519.52,72.51
519.53,73.51
519.55,75.78
519.56,77.04
519.58,79.81
519.6,82.9
519.61,84.57
519.63,88.14
519.65,92.03
519.66,94.09
519.68,98.45
519.7,103.1
519.71,105.6
519.73,110.7
519.75,116.1
519.76,118.9
519.78,124.8
519.8,130.9
519.81,134.0
519.83,140.5
519.85,147.1
519.86,150.5
519.88,157.4
519.9,164.4
519.91,167.9
519.93,174.9
519.94,178.5
519.96,185.4
519.98,192.3
519.99,195.7
520.01,202.4
520.03,208.8
520.04,211.9
520.06,217.9
520.08,223.5
520.09,226.2
520.11,231.3
520.13,235.9
520.14,238.1
520.16,242.2
520.18,245.8
520.19,247.5
520.21,250.5
520.23,253.2
520.24,254.4
520.26,256.6
520.27,257.6
520.29,259.3
520.31,260.8
520.32,261.5
520.34,262.7
520.36,263.8
520.37,264.3
520.39,265.2
520.41,266.0
520.42,266.4
520.44,267.1
520.46,267.6
520.47,267.8
520.49,268.2
520.51,268.4
520.52,268.4
520.54,268.3
520.56,267.9
520.57,267.6
520.59,266.7
520.61,265.3
520.62,264.5
520.64,262.4
520.65,261.2
520.67,258.4
520.69,254.9
520.7,252.9
520.72,248.6
520.74,243.6
520.75,240.8
520.77,234.9
520.79,228.5
520.8,225.0
520.82,217.8
520.84,210.1
520.85,206.1
520.87,197.9
520.89,189.5
520.9,185.3
520.92,176.7
520.94,168.2
520.95,164.0
520.97,155.7
520.99,147.8
521.0,144.0
521.02,136.7
521.03,133.3
521.05,126.9
521.07,121.2
521.08,118.7
521.1,114.2
521.12,110.7
521.13,109.3
521.15,107.2
521.17,106.2
521.18,106.1
521.2,106.7
521.22,108.5
521.23,109.8
521.25,113.2
521.27,117.7
521.28,120.4
521.3,126.6
521.32,133.8
521.33,137.8
521.35,146.5
521.37,156.2
521.38,161.3
521.4,172.2
521.41,177.9
521.43,189.9
521.45,202.4
521.46,208.8
521.48,222.0
521.5,235.4
521.51,242.2
521.53,255.8
521.55,269.4
521.56,276.1
521.58,289.3
521.6,302.1
521.61,308.3
521.63,320.2
521.65,331.3
521.66,336.5
521.68,346.2
521.7,354.8
521.71,358.6
521.73,365.4
521.74,368.3
521.76,373.1
521.78,376.4
521.79,377.6
521.81,378.8
521.83,378.5
521.84,377.8
521.86,375.5
521.88,371.7
521.89,369.4
521.91,363.7
521.93,357.0
521.94,353.2
521.96,344.9
521.98,335.8
521.99,331.0
522.01,320.9
522.03,310.3
522.04,304.9
522.06,293.9
522.08,282.9
522.09,277.4
522.11,266.5
522.12,261.2
522.14,250.7
522.16,240.8
522.17,236.1
522.19,227.1
522.21,218.9
522.22,215.1
522.24,208.2
522.26,202.3
522.27,199.7
522.29,195.4
522.31,192.1
522.32,190.9
522.34,189.3
522.36,188.9
522.37,189.1
522.39,190.4
522.41,192.9
522.42,194.5
522.44,198.5
522.46,203.6
522.47,206.5
522.49,213.0
522.5,216.5
522.52,224.3
522.54,232.7
522.55,237.1
522.57,246.4
522.59,256.0
522.6,261.0
522.62,271.0
522.64,281.1
522.65,286.1
522.67,296.0
522.69,305.5
522.7,310.1
522.72,318.9
522.74,327.0
522.75,330.7
522.77,337.4
522.79,343.2
522.8,345.6
522.82,349.6
522.84,352.3
522.85,353.1
522.87,353.8
522.88,353.6
522.9,352.2
522.92,349.4
522.93,347.5
522.95,342.6
522.97,336.5
522.98,333.0
523.0,325.2
523.02,316.3
523.03,311.5
523.05,301.2
523.07,290.3
523.08,284.6
523.1,272.8
523.12,260.6
523.13,254.5
523.15,242.0
523.17,229.6
523.18,223.3
523.2,211.1
523.21,205.0
523.23,193.1
523.25,181.7
523.26,176.1
523.28,165.4
523.3,155.3
523.31,150.4
523.33,141.2
523.35,132.6
523.36,128.5
523.38,120.9
523.4,113.9
523.41,110.7
523.43,104.7
523.45,99.27
523.46,96.8
523.48,92.27
523.5,88.29
523.51,86.5
523.53,83.27
523.55,80.51
523.56,79.29
523.58,77.15
523.59,76.23
523.61,74.64
523.63,73.38
523.64,72.86
523.66,72.01
523.68,71.4
523.69,71.18
523.71,70.86
523.73,70.7
523.74,70.67
523.76,70.69
523.78,70.78
523.79,70.84
523.81,70.99
523.83,71.14
523.84,71.21
523.86,71.32
523.88,71.37
523.89,71.37
523.91,71.3
523.93,71.13
523.94,71.0
523.96,70.65
523.97,70.43
523.99,69.89
524.01,69.21
524.02,68.83
524.04,67.97
524.06,66.99
524.07,66.46
524.09,65.34
524.11,64.14
524.12,63.51
524.14,62.24
524.16,60.94
524.17,60.3
524.19,59.03
524.21,57.82
524.22,57.24
524.24,56.17
524.26,55.23
524.27,54.82
524.29,54.15
524.31,53.69
524.32,53.55
524.34,53.47
524.35,53.54
524.37,53.9
524.39,54.59
524.4,55.06
524.42,56.28
524.44,57.87
524.45,58.81
524.47,60.98
524.49,63.54
524.5,64.97
524.52,68.13
524.54,71.67
524.55,73.58
524.57,77.68
524.59,82.13
524.6,84.48
524.62,89.4
524.64,94.6
524.65,97.29
524.67,102.8
524.68,105.7
524.7,111.5
524.72,117.4
524.73,120.4
524.75,126.3
524.77,132.3
524.78,135.2
524.8,141.1
524.82,146.8
524.83,149.6
524.85,155.0
524.87,160.1
524.88,162.6
524.9,167.2
524.92,171.6
524.93,173.6
524.95,177.3
524.97,180.7
524.98,182.2
525.0,184.9
525.02,187.1
525.03,188.1
525.05,189.6
525.06,190.3
525.08,191.2
525.1,191.7
525.11,191.8
525.13,191.7
525.15,191.2
525.16,190.9
525.18,189.9
525.2,188.7
525.21,188.0
525.23,186.4
525.25,184.6
525.26,183.6
525.28,181.7
525.3,179.6
525.31,178.6
525.33,176.6
525.35,174.6
525.36,173.7
525.38,172.0
525.4,170.5
525.41,169.8
525.43,168.8
525.44,168.5
525.46,168.1
525.48,168.2
525.49,168.5
525.51,169.6
525.53,171.3
525.54,172.5
525.56,175.4
525.58,179.2
525.59,181.4
525.61,186.6
525.63,192.8
525.64,196.3
525.66,204.0
525.68,212.8
525.69,217.7
525.71,228.1
525.73,239.6
525.74,245.8
525.76,258.8
525.78,272.8
525.79,280.2
525.81,295.5
525.82,303.4
525.84,319.8
525.86,336.7
525.87,345.3
525.89,362.8
525.91,380.4
525.92,389.2
525.94,406.8
525.96,424.0
525.97,432.5
525.99,448.9
526.01,464.5
526.02,472.0
526.04,486.2
526.06,499.1
526.07,505.1
526.09,515.9
526.11,525.2
526.12,529.2
526.14,535.9
526.15,538.6
526.17,542.7
526.19,544.9
526.2,545.3
526.22,544.7
526.24,542.3
526.25,540.5
526.27,535.5
526.29,528.9
526.3,525.0
526.32,516.1
526.34,505.9
526.35,500.3
526.37,488.3
526.39,475.3
526.4,468.4
526.42,454.1
526.44,439.1
526.45,431.3
526.47,415.6
526.49,399.5
526.5,391.3
526.52,374.9
526.53,366.6
526.55,350.1
526.57,333.7
526.58,325.5
526.6,309.3
526.62,293.3
526.63,285.5
526.65,270.0
526.67,255.0
526.68,247.6
526.7,233.2
526.72,219.3
526.73,212.6
526.75,199.5
526.77,187.0
526.78,180.9
526.8,169.3
526.82,158.2
526.83,152.9
526.85,142.8
526.87,133.3
526.88,128.7
526.9,120.1
526.91,116.0
526.93,108.3
526.95,101.1
526.96,97.7
526.98,91.33
527.0,85.46
527.01,82.7
527.03,77.54
527.05,72.8
527.06,70.58
527.08,66.41
527.1,62.59
527.11,60.8
527.13,57.43
527.15,54.31
527.16,52.84
527.18,50.05
527.2,47.45
527.21,46.2
527.23,43.83
527.25,41.57
527.26,40.49
527.28,38.39
527.29,37.37
527.31,35.39
527.33,33.49
527.34,32.56
527.36,30.75
527.38,29.0
527.39,28.14
527.41,26.48
527.43,24.88
527.44,24.11
527.46,22.61
527.48,21.17
527.49,20.48
527.51,19.16
527.53,17.93
527.54,17.34
527.56,16.23
527.58,15.21
527.59,14.73
527.61,13.85
527.62,13.45
527.64,12.71
527.66,12.07
527.67,11.79
527.69,11.3
527.71,10.89
527.72,10.73
527.74,10.46
527.76,10.29
527.77,10.23
527.79,10.18
527.81,10.2
527.82,10.24
527.84,10.37
527.86,10.57
527.87,10.69
527.89,10.98
527.91,11.32
527.92,11.51
527.94,11.93
527.96,12.39
527.97,12.63
527.99,13.15
528.0,13.42
528.02,13.99
528.04,14.6
528.05,14.91
528.07,15.56
528.09,16.24
528.1,16.59
528.12,17.31
528.14,18.05
528.15,18.43
528.17,19.21
528.19,20.01
528.2,20.42
528.22,21.25
528.24,22.1
528.25,22.53
528.27,23.4
528.29,24.28
528.3,24.73
528.32,25.63
528.34,26.54
528.35,26.99
528.37,27.9
528.38,28.36
528.4,29.27
528.42,30.18
528.43,30.63
528.45,31.54
528.47,32.45
528.48,32.91
528.5,33.82
528.52,34.76
528.53,35.24
528.55,36.22
528.57,37.25
528.58,37.79
528.6,38.94
528.62,40.2
528.63,40.89
528.65,42.38
528.67,44.08
528.68,45.03
528.7,47.13
528.72,49.59
528.73,50.97
528.75,54.07
528.76,55.82
528.78,59.76
528.8,64.37
528.81,66.96
528.83,72.79
528.85,79.57
528.86,83.36
528.88,91.84
528.9,101.6
528.91,107.1
528.93,119.1
528.95,133.0
528.96,140.6
528.98,157.4
529.0,176.5
529.01,186.9
529.03,209.8
529.05,235.6
529.06,249.7
529.08,280.2
529.09,296.8
529.11,332.8
529.13,372.7
529.14,394.2
529.16,440.6
529.18,491.6
529.19,518.9
529.21,577.5
529.23,641.3
529.24,675.3
529.26,747.6
529.28,825.7
529.29,867.0
529.31,954.2
529.33,1048.0
529.34,1097.0
529.36,1199.0
529.38,1309.0
529.39,1365.0
529.41,1484.0
529.43,1608.0
529.44,1673.0
529.46,1806.0
529.47,1874.0
529.49,2015.0
529.51,2161.0
529.52,2235.0
529.54,2388.0
529.56,2544.0
529.57,2623.0
529.59,2783.0
529.61,2946.0
529.62,3028.0
529.64,3193.0
529.66,3359.0
529.67,3442.0
529.69,3608.0
529.71,3773.0
529.72,3855.0
529.74,4018.0
529.76,4178.0
529.77,4257.0
529.79,4413.0
529.81,4565.0
529.82,4640.0
529.84,4786.0
529.85,4857.0
529.87,4995.0
529.89,5128.0
529.9,5192.0
529.92,5315.0
529.94,5432.0
529.95,5488.0
529.97,5594.0
529.99,5692.0
530.0,5738.0
530.02,5824.0
530.04,5901.0
530.05,5936.0
530.07,5999.0
530.09,6051.0
530.1,6073.0
530.12,6109.0
530.14,6134.0
530.15,6141.0
530.17,6147.0
530.18,6145.0
530.2,6132.0
530.22,6104.0
530.23,6086.0
530.25,6037.0
530.27,5975.0
530.28,5938.0
530.3,5853.0
530.32,5754.0
530.33,5699.0
530.35,5578.0
530.37,5444.0
530.38,5372.0
530.4,5218.0
530.42,5052.0
530.43,4965.0
530.45,4783.0
530.47,4591.0
530.48,4493.0
530.5,4290.0
530.52,4081.0
530.53,3975.0
530.55,3760.0
530.56,3652.0
530.58,3435.0
530.6,3217.0
530.61,3109.0
530.63,2896.0
530.65,2685.0
530.66,2582.0
530.68,2380.0
530.7,2185.0
530.71,2090.0
530.73,1907.0
530.75,1733.0
530.76,1649.0
530.78,1489.0
530.8,1340.0
530.81,1269.0
530.83,1134.0
530.85,1010.0
530.86,952.1
530.88,843.3
530.9,744.3
530.91,698.3
530.93,613.3
530.94,574.1
530.96,501.9
530.98,437.8
530.99,408.6
531.01,355.4
531.03,308.7
531.04,287.7
531.06,249.8
531.08,217.2
531.09,202.6
531.11,176.7
531.13,154.8
531.14,145.2
531.16,128.3
531.18,114.4
531.19,108.4
531.21,98.17
531.23,90.01
531.24,86.63
531.26,81.11
531.28,77.06
531.29,75.52
531.31,73.32
531.32,72.61
531.34,71.88
531.36,71.97
531.37,72.28
531.39,73.38
531.41,75.01
531.42,76.01
531.44,78.29
531.46,80.91
531.47,82.32
531.49,85.3
531.51,88.44
531.52,90.05
531.54,93.31
531.56,96.57
531.57,98.19
531.59,101.4
531.61,104.4
531.62,105.9
531.64,108.6
531.65,109.9
531.67,112.3
531.69,114.4
531.7,115.3
531.72,116.9
531.74,118.1
531.75,118.5
531.77,119.1
531.79,119.4
531.8,119.3
531.82,118.9
531.84,118.2
531.85,117.6
531.87,116.3
531.89,114.6
531.9,113.6
531.92,111.4
531.94,108.9
531.95,107.6
531.97,104.7
531.99,101.7
532.0,100.1
532.02,96.82
532.03,95.14
532.05,91.72
532.07,88.24
532.08,86.5
532.1,83.0
532.12,79.53
532.13,77.81
532.15,74.42
532.17,71.12
532.18,69.5
532.2,66.34
532.22,63.3
532.23,61.82
532.25,58.97
532.27,56.24
532.28,54.93
532.3,52.4
532.32,49.99
532.33,48.83
532.35,46.6
532.37,44.48
532.38,43.46
532.4,41.5
532.41,40.55
532.43,38.71
532.45,36.96
532.46,36.11
532.48,34.46
532.5,32.87
532.51,32.1
532.53,30.6
532.55,29.15
532.56,28.44
532.58,27.06
532.6,25.73
532.61,25.08
532.63,23.81
532.65,22.59
532.66,22.0
532.68,20.84
532.7,19.74
532.71,19.21
532.73,18.17
532.75,17.19
532.76,16.72
532.78,15.81
532.79,15.37
532.81,14.54
532.83,13.75
532.84,13.37
532.86,12.66
532.88,11.99
532.89,11.67
532.91,11.06
532.93,10.49
532.94,10.22
532.96,9.704
532.98,9.221
532.99,8.991
533.01,8.552
533.03,8.14
533.04,7.943
533.06,7.567
533.08,7.213
533.09,7.045
533.11,6.725
533.12,6.573
533.14,6.288
533.16,6.027
533.17,5.907
533.19,5.69
533.21,5.506
533.22,5.428
533.24,5.304
533.26,5.228
533.27,5.21
533.29,5.221
533.31,5.301
533.32,5.37
533.34,5.574
533.36,5.876
533.37,6.067
533.39,6.54
533.41,7.144
533.42,7.5
533.44,8.33
533.46,9.331
533.47,9.901
533.49,11.19
533.5,11.91
533.52,13.52
533.54,15.37
533.55,16.39
533.57,18.62
533.59,21.12
533.6,22.48
533.62,25.41
533.64,28.63
533.65,30.36
533.67,34.03
533.69,38.01
533.7,40.11
533.72,44.53
533.74,49.24
533.75,51.69
533.77,56.79
533.79,62.13
533.8,64.89
533.82,70.54
533.84,76.37
533.85,79.33
533.87,85.35
533.88,88.39
533.9,94.5
533.92,100.6
533.93,103.7
533.95,109.8
533.97,115.8
533.98,118.7
534.0,124.5
534.02,130.0
534.03,132.7
534.05,138.0
534.07,142.9
534.08,145.2
534.1,149.6
534.12,153.7
534.13,155.6
534.15,159.1
534.17,162.2
534.18,163.6
534.2,166.0
534.22,168.1
534.23,168.9
534.25,170.3
534.26,170.8
534.28,171.6
534.3,171.9
534.31,171.9
534.33,171.6
534.35,170.9
534.36,170.4
534.38,169.1
534.4,167.4
534.41,166.5
534.43,164.3
534.45,161.8
534.46,160.4
534.48,157.5
534.5,154.2
534.51,152.5
534.53,148.9
534.55,145.0
534.56,143.0
534.58,138.8
534.59,136.7
534.61,132.2
534.63,127.7
534.64,125.4
534.66,120.7
534.68,115.9
534.69,113.5
534.71,108.7
534.73,103.9
534.74,101.5
534.76,96.72
534.78,92.0
534.79,89.67
534.81,85.08
534.83,80.6
534.84,78.41
534.86,74.13
534.88,70.01
534.89,68.01
534.91,64.14
534.93,60.45
534.94,58.68
534.96,55.29
534.97,53.67
534.99,50.59
535.01,47.72
535.02,46.37
535.04,43.82
535.06,41.48
535.07,40.39
535.09,38.37
535.11,36.55
535.12,35.72
535.14,34.2
535.16,32.87
535.17,32.28
535.19,31.22
535.21,30.32
535.22,29.93
535.24,29.26
535.26,28.73
535.27,28.51
535.29,28.16
535.31,27.91
535.32,27.82
535.34,27.71
535.35,27.68
535.37,27.67
535.39,27.71
535.4,27.75
535.42,27.86
535.44,28.0
535.45,28.08
535.47,28.26
535.49,28.44
535.5,28.54
535.52,28.74
535.54,28.94
535.55,29.04
535.57,29.25
535.59,29.47
535.6,29.58
535.62,29.81
535.64,30.04
535.65,30.17
535.67,30.44
535.69,30.73
535.7,30.89
535.72,31.23
535.73,31.41
535.75,31.82
535.77,32.27
535.78,32.52
535.8,33.06
535.82,33.67
535.83,34.0
535.85,34.7
535.87,35.48
535.88,35.9
535.9,36.79
535.92,37.76
535.93,38.27
535.95,39.35
535.97,40.51
535.98,41.11
536.0,42.36
536.02,43.68
536.03,44.36
536.05,45.75
536.06,46.47
536.08,47.93
536.1,49.42
536.11,50.18
536.13,51.7
536.15,53.24
536.16,54.01
536.18,55.53
536.2,57.05
536.21,57.79
536.23,59.26
536.25,60.68
536.26,61.38
536.28,62.72
536.3,64.0
536.31,64.61
536.33,65.77
536.35,66.85
536.36,67.36
536.38,68.31
536.4,69.15
536.41,69.54
536.43,70.24
536.44,70.56
536.46,71.11
536.48,71.56
536.49,71.75
536.51,72.07
536.53,72.29
536.54,72.37
536.56,72.46
536.58,72.48
536.59,72.47
536.61,72.39
536.63,72.25
536.64,72.16
536.66,71.95
536.68,71.7
536.69,71.56
536.71,71.26
536.73,70.93
536.74,70.76
536.76,70.41
536.78,70.04
536.79,69.85
536.81,69.47
536.82,69.27
536.84,68.88
536.86,68.47
536.87,68.26
536.89,67.84
536.91,67.4
536.92,67.18
536.94,66.71
536.96,66.22
536.97,65.96
536.99,65.42
537.01,64.84
537.02,64.54
537.04,63.9
537.06,63.21
537.07,62.84
537.09,62.08
537.11,61.25
537.12,60.82
537.14,59.91
537.16,58.94
537.17,58.44
537.19,57.39
537.2,56.85
537.22,55.74
537.24,54.58
537.25,53.99
537.27,52.79
537.29,51.57
537.3,50.95
537.32,49.71
537.34,48.47
537.35,47.86
537.37,46.64
537.39,45.44
537.4,44.86
537.42,43.71
537.44,42.61
537.45,42.07
537.47,41.04
537.49,40.06
537.5,39.6
537.52,38.7
537.53,38.27
537.55,37.46
537.57,36.71
537.58,36.35
537.6,35.67
537.62,35.04
537.63,34.74
537.65,34.18
537.67,33.65
537.68,33.4
537.7,32.92
537.72,32.47
537.73,32.26
537.75,31.85
537.77,31.46
537.78,31.28
537.8,30.93
537.82,30.6
537.83,30.44
537.85,30.15
537.87,29.88
537.88,29.76
537.9,29.54
537.91,29.45
537.93,29.29
537.95,29.18
537.96,29.15
537.98,29.12
538.0,29.15
538.01,29.2
538.03,29.34
538.05,29.56
538.06,29.7
538.08,30.06
538.1,30.51
538.11,30.78
538.13,31.39
538.15,32.12
538.16,32.53
538.18,33.45
538.2,34.5
538.21,35.07
538.23,36.34
538.25,37.75
538.26,38.52
538.28,40.17
538.29,41.06
538.31,42.97
538.33,45.04
538.34,46.15
538.36,48.49
538.38,51.0
538.39,52.32
538.41,55.1
538.43,58.04
538.44,59.57
538.46,62.74
538.48,66.05
538.49,67.75
538.51,71.23
538.53,74.8
538.54,76.61
538.56,80.27
538.58,83.93
538.59,85.76
538.61,89.39
538.63,92.94
538.64,94.68
538.66,98.05
538.67,99.67
538.69,102.8
538.71,105.6
538.72,106.9
538.74,109.4
538.76,111.5
538.77,112.4
538.79,114.0
538.81,115.1
538.82,115.6
538.84,116.1
538.86,116.3
538.87,116.2
538.89,115.7
538.91,114.8
538.92,114.2
538.94,112.8
538.96,111.0
538.97,110.0
538.99,107.7
539.0,106.5
539.02,103.9
539.04,101.2
539.05,99.72
539.07,96.77
539.09,93.79
539.1,92.29
539.12,89.33
539.14,86.46
539.15,85.06
539.17,82.4
539.19,79.92
539.2,78.77
539.22,76.65
539.24,74.81
539.25,73.99
539.27,72.6
539.29,71.51
539.3,71.09
539.32,70.49
539.34,70.2
539.35,70.17
539.37,70.34
539.38,70.53
539.4,71.12
539.42,71.95
539.43,72.45
539.45,73.59
539.47,74.91
539.48,75.63
539.5,77.14
539.52,78.75
539.53,79.57
539.55,81.25
539.57,82.94
539.58,83.77
539.6,85.42
539.62,87.02
539.63,87.79
539.65,89.26
539.67,90.65
539.68,91.3
539.7,92.53
539.72,93.65
539.73,94.17
539.75,95.14
539.76,95.6
539.78,96.45
539.8,97.23
539.81,97.6
539.83,98.33
539.85,99.04
539.86,99.39
539.88,100.1
539.9,100.9
539.91,101.3
539.93,102.2
539.95,103.2
539.96,103.7
539.98,104.9
540.0,106.2
540.01,106.9
540.03,108.4
540.05,110.0
540.06,110.8
540.08,112.6
540.1,114.5
540.11,115.5
540.13,117.6
540.14,118.6
540.16,120.7
540.18,122.7
540.19,123.7
540.21,125.7
540.23,127.6
540.24,128.5
540.26,130.2
540.28,131.7
540.29,132.3
540.31,133.4
540.33,134.3
540.34,134.6
540.36,134.9
540.38,134.9
540.39,134.8
540.41,134.3
540.43,133.4
540.44,132.8
540.46,131.4
540.47,130.5
540.49,128.5
540.51,126.2
540.52,125.0
540.54,122.2
540.56,119.2
540.57,117.6
540.59,114.2
540.61,110.7
540.62,108.8
540.64,105.1
540.66,101.3
540.67,99.36
540.69,95.51
540.71,91.67
540.72,89.77
540.74,86.05
540.76,82.44
540.77,80.69
540.79,77.32
540.81,74.15
540.82,72.65
540.84,69.82
540.85,68.49
540.87,66.05
540.89,63.87
540.9,62.89
540.92,61.13
540.94,59.67
540.95,59.04
540.97,58.0
540.99,57.23
541.0,56.94
541.02,56.56
541.04,56.42
541.05,56.43
541.07,56.61
541.09,56.97
541.1,57.21
541.12,57.79
541.14,58.5
541.15,58.89
541.17,59.72
541.19,60.6
541.2,61.05
541.22,61.95
541.23,62.39
541.25,63.26
541.27,64.06
541.28,64.44
541.3,65.12
541.32,65.69
541.33,65.93
541.35,66.31
541.37,66.55
541.38,66.61
541.4,66.61
541.42,66.44
541.43,66.29
541.45,65.87
541.47,65.28
541.48,64.92
541.5,64.08
541.52,63.08
541.53,62.51
541.55,61.28
541.56,60.61
541.58,59.16
541.6,57.58
541.61,56.75
541.63,55.0
541.65,53.16
541.66,52.21
541.68,50.24
541.7,48.21
541.71,47.18
541.73,45.08
541.75,42.96
541.76,41.89
541.78,39.74
541.8,37.6
541.81,36.54
541.83,34.42
541.85,32.35
541.86,31.32
541.88,29.32
541.9,27.37
541.91,26.42
541.93,24.57
541.94,23.68
541.96,21.95
541.98,20.3
541.99,19.51
542.01,18.0
542.03,16.57
542.04,15.9
542.06,14.61
542.08,13.42
542.09,12.85
542.11,11.8
542.13,10.83
542.14,10.37
542.16,9.534
542.18,8.776
542.19,8.428
542.21,7.791
542.23,7.233
542.24,6.982
542.26,6.539
542.28,6.17
542.29,6.015
542.31,5.761
542.32,5.663
542.34,5.527
542.36,5.473
542.37,5.477
542.39,5.553
542.41,5.721
542.42,5.842
542.44,6.161
542.46,6.59
542.47,6.848
542.49,7.456
542.51,8.193
542.52,8.613
542.54,9.561
542.56,10.66
542.57,11.27
542.59,12.6
542.61,14.11
542.62,14.93
542.64,16.69
542.66,18.63
542.67,19.67
542.69,21.87
542.7,23.04
542.72,25.5
542.74,28.12
542.75,29.48
542.77,32.32
542.79,35.28
542.8,36.8
542.82,39.91
542.84,43.08
542.85,44.69
542.87,47.91
542.89,51.14
542.9,52.73
542.92,55.88
542.94,58.93
542.95,60.42
542.97,63.26
542.99,65.93
543.0,67.18
543.02,69.51
543.03,70.57
543.05,72.49
543.07,74.1
543.08,74.78
543.1,75.88
543.12,76.63
543.13,76.87
543.15,77.07
543.17,76.9
543.18,76.67
543.2,75.94
543.22,74.86
543.23,74.19
543.25,72.6
543.27,70.71
543.28,69.65
543.3,67.35
543.32,64.8
543.33,63.46
543.35,60.62
543.37,57.64
543.38,56.11
543.4,52.97
543.41,51.38
543.43,48.17
543.45,44.95
543.46,43.35
543.48,40.18
543.5,37.08
543.51,35.57
543.53,32.62
543.55,29.8
543.56,28.44
543.58,25.84
543.6,23.41
543.61,22.26
543.63,20.1
543.65,18.12
543.66,17.21
543.68,15.52
543.7,14.04
543.71,13.37
543.73,12.18
543.75,11.18
543.76,10.75
543.78,10.04
543.79,9.756
543.81,9.324
543.83,9.074
543.84,9.016
543.86,9.032
543.88,9.221
543.89,9.379
543.91,9.821
543.93,10.43
543.94,10.79
543.96,11.64
543.98,12.65
543.99,13.21
544.01,14.44
544.03,15.82
544.04,16.56
544.06,18.16
544.08,19.88
544.09,20.8
544.11,22.71
544.13,24.74
544.14,25.79
544.16,27.98
544.17,29.1
544.19,31.41
544.21,33.78
544.22,34.99
544.24,37.44
544.26,39.91
544.27,41.15
544.29,43.63
544.31,46.1
544.32,47.32
544.34,49.72
544.36,52.05
544.37,53.19
544.39,55.39
544.41,57.47
544.42,58.47
544.44,60.35
544.46,62.08
544.47,62.89
544.49,64.37
544.5,65.04
544.52,66.24
544.54,67.25
544.55,67.68
544.57,68.39
544.59,68.9
544.6,69.08
544.62,69.3
544.64,69.34
544.65,69.28
544.67,69.05
544.69,68.65
544.7,68.4
544.72,67.78
544.74,67.03
544.75,66.61
544.77,65.7
544.79,64.7
544.8,64.17
544.82,63.07
544.84,61.92
544.85,61.34
544.87,60.14
544.88,59.54
544.9,58.33
544.92,57.12
544.93,56.52
544.95,55.33
544.97,54.17
544.98,53.59
545.0,52.47
545.02,51.37
545.03,50.84
545.05,49.79
545.07,48.77
545.08,48.28
545.1,47.3
545.12,46.35
545.13,45.89
545.15,44.98
545.17,44.09
545.18,43.65
545.2,42.79
545.22,41.95
545.23,41.54
545.25,40.73
545.26,40.34
545.28,39.57
545.3,38.82
545.31,38.47
545.33,37.78
545.35,37.13
545.36,36.82
545.38,36.24
545.4,35.71
545.41,35.47
545.43,35.04
545.45,34.68
545.46,34.52
545.48,34.27
545.5,34.09
545.51,34.03
545.53,33.97
545.55,33.99
545.56,34.03
545.58,34.17
545.6,34.39
545.61,34.53
545.63,34.86
545.64,35.05
545.66,35.49
545.68,36.0
545.69,36.27
545.71,36.88
545.73,37.55
545.74,37.91
545.76,38.68
545.78,39.52
545.79,39.98
545.81,40.95
545.83,42.02
545.84,42.6
545.86,43.85
545.88,45.25
545.89,46.01
545.91,47.69
545.93,49.59
545.94,50.65
545.96,52.97
545.97,54.26
545.99,57.11
546.01,60.39
546.02,62.21
546.04,66.26
546.06,70.89
546.07,73.46
546.09,79.13
546.11,85.59
546.12,89.15
546.14,96.96
546.16,105.8
546.17,110.6
546.19,121.1
546.21,132.8
546.22,139.2
546.24,152.9
546.26,168.0
546.27,176.1
546.29,193.4
546.31,212.2
546.32,222.2
546.34,243.4
546.35,254.5
546.37,277.9
546.39,302.8
546.4,315.8
546.42,342.7
546.44,370.8
546.45,385.3
546.47,414.9
546.49,445.4
546.5,460.8
546.52,492.0
546.54,523.4
546.55,539.1
546.57,570.2
546.59,600.8
546.6,615.8
546.62,644.9
546.64,672.7
546.65,686.0
546.67,711.1
546.69,734.1
546.7,744.8
546.72,764.0
546.73,772.6
546.75,787.6
546.77,799.4
546.78,804.1
546.8,811.0
546.82,814.5
546.83,815.0
546.85,813.3
546.87,808.1
546.88,804.3
546.9,794.2
546.92,780.9
546.93,773.2
546.95,755.6
546.97,735.4
546.98,724.4
547.0,700.8
547.02,675.3
547.03,661.9
547.05,634.2
547.07,605.3
547.08,590.6
547.1,560.7
547.11,545.7
547.13,515.5
547.15,485.4
547.16,470.5
547.18,441.2
547.2,412.5
547.21,398.6
547.23,371.5
547.25,345.5
547.26,333.0
547.28,309.1
547.3,286.7
547.31,276.0
547.33,255.9
547.35,237.3
547.36,228.5
547.38,212.3
547.4,197.5
547.41,190.7
547.43,178.2
547.44,172.4
547.46,161.9
547.48,152.7
547.49,148.5
547.51,141.1
547.53,134.8
547.54,132.0
547.56,127.1
547.58,123.1
547.59,121.4
547.61,118.6
547.63,116.4
547.64,115.6
547.66,114.4
547.68,113.7
547.69,113.6
547.71,113.6
547.73,114.0
547.74,114.4
547.76,115.4
547.78,116.7
547.79,117.4
547.81,119.1
547.82,120.1
547.84,122.1
547.86,124.4
547.87,125.5
547.89,128.0
547.91,130.6
547.92,131.9
547.94,134.7
547.96,137.5
547.97,138.9
547.99,141.7
548.01,144.5
548.02,145.9
548.04,148.7
548.06,151.4
548.07,152.7
548.09,155.2
548.11,157.6
548.12,158.7
548.14,160.7
548.16,162.6
548.17,163.4
548.19,164.9
548.2,165.5
548.22,166.6
548.24,167.4
548.25,167.6
548.27,168.0
548.29,168.0
548.3,167.9
548.32,167.4
548.34,166.7
548.35,166.2
548.37,165.1
548.39,163.8
548.4,163.0
548.42,161.3
548.44,159.5
548.45,158.5
548.47,156.5
548.49,154.4
548.5,153.3
548.52,151.1
548.54,149.0
548.55,147.9
548.57,145.7
548.58,144.7
548.6,142.7
548.62,140.8
548.63,139.9
548.65,138.1
548.67,136.5
548.68,135.8
548.7,134.4
548.72,133.2
548.73,132.6
548.75,131.6
548.77,130.7
548.78,130.3
548.8,129.7
548.82,129.1
548.83,128.9
548.85,128.5
548.87,128.2
548.88,128.1
548.9,128.0
548.91,128.0
548.93,127.9
548.95,128.0
548.96,128.1
548.98,128.2
549.0,128.5
549.01,128.6
549.03,129.0
549.05,129.4
549.06,129.7
549.08,130.2
549.1,130.8
549.11,131.2
549.13,131.9
549.15,132.8
549.16,133.2
549.18,134.1
549.2,135.1
549.21,135.6
549.23,136.7
549.25,137.8
549.26,138.4
549.28,139.5
549.29,140.1
549.31,141.2
549.33,142.3
549.34,142.8
549.36,143.8
549.38,144.7
549.39,145.2
549.41,146.0
549.43,146.6
549.44,146.9
549.46,147.4
549.48,147.8
549.49,147.9
549.51,148.1
549.53,148.0
549.54,148.0
549.56,147.7
549.58,147.3
549.59,147.0
549.61,146.4
549.63,145.6
549.64,145.2
549.66,144.2
549.67,143.6
549.69,142.5
549.71,141.2
549.72,140.5
549.74,139.1
549.76,137.5
549.77,136.8
549.79,135.1
549.81,133.5
549.82,132.7
549.84,131.0
549.86,129.3
549.87,128.4
549.89,126.8
549.91,125.2
549.92,124.4
549.94,122.9
549.96,121.5
549.97,120.9
549.99,119.8
550.0,119.3
550.02,118.5
550.04,117.9
550.05,117.7
550.07,117.6
550.09,117.8
550.1,118.0
550.12,118.8
550.14,120.0
550.15,120.8
550.17,122.7
550.19,125.1
550.2,126.6
550.22,129.8
550.24,133.5
550.25,135.6
550.27,140.2
550.29,145.3
550.3,148.0
550.32,154.0
550.34,160.4
550.35,163.8
550.37,171.0
550.38,174.7
550.4,182.4
550.42,190.5
550.43,194.7
550.45,203.1
550.47,211.8
550.48,216.1
550.5,224.9
550.52,233.6
550.53,237.9
550.55,246.3
550.57,254.6
550.58,258.5
550.6,266.2
550.62,273.4
550.63,276.7
550.65,283.0
550.67,288.7
550.68,291.2
550.7,295.8
550.72,299.5
550.73,301.0
550.75,303.4
550.76,304.3
550.78,305.4
550.8,305.6
550.81,305.4
550.83,304.2
550.85,302.2
550.86,300.9
550.88,297.6
550.9,293.6
550.91,291.3
550.93,286.2
550.95,280.4
550.96,277.3
550.98,270.7
551.0,263.6
551.01,259.9
551.03,252.2
551.05,244.1
551.06,240.0
551.08,231.6
551.1,222.9
551.11,218.6
551.13,209.8
551.14,205.4
551.16,196.5
551.18,187.6
551.19,183.2
551.21,174.3
551.23,165.6
551.24,161.3
551.26,152.7
551.28,144.3
551.29,140.2
551.31,132.0
551.33,124.1
551.34,120.2
551.36,112.5
551.38,105.1
551.39,101.5
551.41,94.49
551.43,87.72
551.44,84.43
551.46,78.07
551.47,74.99
551.49,69.04
551.51,63.39
551.52,60.67
551.54,55.46
551.56,50.54
551.57,48.19
551.59,43.72
551.61,39.54
551.62,37.56
551.64,33.82
551.66,30.35
551.67,28.72
551.69,25.67
551.71,22.87
551.72,21.56
551.74,19.13
551.76,16.92
551.77,15.9
551.79,14.02
551.81,12.33
551.82,11.55
551.84,10.13
551.85,9.481
551.87,8.295
551.89,7.249
551.9,6.774
551.92,5.915
551.94,5.165
551.95,4.827
551.97,4.221
551.99,3.697
552.0,3.463
552.02,3.047
552.04,2.692
552.05,2.536
552.07,2.262
552.09,2.034
552.1,1.935
552.12,1.768
552.14,1.637
552.15,1.584
552.17,1.503
552.19,1.452
552.2,1.437
552.22,1.43
552.23,1.437
552.25,1.474
552.27,1.541
552.28,1.586
552.3,1.699
552.32,1.847
552.33,1.934
552.35,2.136
552.37,2.377
552.38,2.514
552.4,2.821
552.42,3.175
552.43,3.371
552.45,3.803
552.47,4.292
552.48,4.558
552.5,5.136
552.52,5.779
552.53,6.126
552.55,6.871
552.57,7.687
552.58,8.122
552.6,9.048
552.61,9.539
552.63,10.58
552.65,11.69
552.66,12.27
552.68,13.5
552.7,14.79
552.71,15.46
552.73,16.86
552.75,18.32
552.76,19.07
552.78,20.6
552.8,22.19
552.81,23.0
552.83,24.64
552.85,26.31
552.86,27.15
552.88,28.83
552.9,30.52
552.91,31.36
552.93,33.03
552.94,33.86
552.96,35.48
552.98,37.06
552.99,37.84
553.01,39.33
553.03,40.76
553.04,41.45
553.06,42.75
553.08,43.96
553.09,44.53
553.11,45.58
553.13,46.52
553.14,46.95
553.16,47.71
553.18,48.34
553.19,48.61
553.21,49.04
553.23,49.34
553.24,49.45
553.26,49.55
553.28,49.51
553.29,49.45
553.31,49.21
553.32,49.05
553.34,48.63
553.36,48.08
553.37,47.77
553.39,47.05
553.41,46.23
553.42,45.77
553.44,44.8
553.46,43.74
553.47,43.18
553.49,41.99
553.51,40.74
553.52,40.1
553.54,38.76
553.56,37.38
553.57,36.68
553.59,35.25
553.61,33.8
553.62,33.07
553.64,31.61
553.66,30.15
553.67,29.43
553.69,28.01
553.7,27.31
553.72,25.94
553.74,24.61
553.75,23.98
553.77,22.75
553.79,21.6
553.8,21.06
553.82,20.06
553.84,19.16
553.85,18.76
553.87,18.05
553.89,17.48
553.9,17.25
553.92,16.91
553.94,16.74
553.95,16.73
553.97,16.84
553.99,17.15
554.0,17.39
554.02,18.02
554.04,18.88
554.05,19.39
554.07,20.61
554.08,21.3
554.1,22.88
554.12,24.71
554.13,25.72
554.15,27.93
554.17,30.38
554.18,31.69
554.2,34.51
554.22,37.55
554.23,39.15
554.25,42.5
554.27,46.05
554.28,47.88
554.3,51.67
554.32,55.58
554.33,57.57
554.35,61.62
554.37,65.72
554.38,67.78
554.4,71.88
554.41,73.93
554.43,77.96
554.45,81.89
554.46,83.81
554.48,87.52
554.5,91.05
554.51,92.73
554.53,95.9
554.55,98.8
554.56,100.1
554.58,102.6
554.6,104.7
554.61,105.6
554.63,107.1
554.65,108.3
554.66,108.8
554.68,109.4
554.7,109.6
554.71,109.5
554.73,109.2
554.75,108.4
554.76,107.9
554.78,106.7
554.79,105.9
554.81,104.2
554.83,102.1
554.84,101.0
554.86,98.58
554.88,95.91
554.89,94.5
554.91,91.53
554.93,88.4
554.94,86.78
554.96,83.46
554.98,80.04
554.99,78.3
555.01,74.78
555.03,71.23
555.04,69.45
555.06,65.88
555.08,62.34
555.09,60.58
555.11,57.1
555.13,53.67
555.14,51.99
555.16,48.69
555.17,47.07
555.19,43.92
555.21,40.87
555.22,39.4
555.24,36.54
555.26,33.81
555.27,32.5
555.29,29.98
555.31,27.61
555.32,26.48
555.34,24.33
555.36,22.33
555.37,21.39
555.39,19.63
555.41,18.02
555.42,17.27
555.44,15.9
555.46,14.67
555.47,14.11
555.49,13.11
555.51,12.25
555.52,11.88
555.54,11.23
555.55,10.96
555.57,10.51
555.59,10.19
555.6,10.08
555.62,9.948
555.64,9.93
555.65,9.962
555.67,10.11
555.69,10.35
555.7,10.51
555.72,10.89
555.74,11.37
555.75,11.63
555.77,12.22
555.79,12.87
555.8,13.22
555.82,13.96
555.84,14.76
555.85,15.17
555.87,16.03
555.88,16.47
555.9,17.38
555.92,18.3
555.93,18.77
555.95,19.71
555.97,20.65
555.98,21.12
556.0,22.04
556.02,22.95
556.03,23.39
556.05,24.25
556.07,25.08
556.08,25.47
556.1,26.23
556.12,26.92
556.13,27.25
556.15,27.85
556.17,28.38
556.18,28.62
556.2,29.03
556.22,29.37
556.23,29.51
556.25,29.72
556.26,29.8
556.28,29.89
556.3,29.9
556.31,29.87
556.33,29.76
556.35,29.57
556.36,29.45
556.38,29.16
556.4,28.81
556.41,28.61
556.43,28.18
556.45,27.71
556.46,27.45
556.48,26.93
556.5,26.38
556.51,26.1
556.53,25.54
556.55,24.97
556.56,24.69
556.58,24.14
556.6,23.61
556.61,23.35
556.63,22.86
556.64,22.63
556.66,22.2
556.68,21.81
556.69,21.63
556.71,21.31
556.73,21.05
556.74,20.93
556.76,20.74
556.78,20.6
556.79,20.55
556.81,20.48
556.83,20.47
556.84,20.47
556.86,20.52
556.88,20.6
556.89,20.66
556.91,20.8
556.93,20.96
556.94,21.05
556.96,21.25
556.98,21.47
556.99,21.59
557.01,21.84
557.02,21.97
557.04,22.24
557.06,22.52
557.07,22.67
557.09,22.97
557.11,23.29
557.12,23.45
557.14,23.8
557.16,24.17
557.17,24.36
557.19,24.77
557.21,25.21
557.22,25.45
557.24,25.95
557.26,26.5
557.27,26.79
557.29,27.42
557.31,28.1
557.32,28.47
557.34,29.25
557.35,29.67
557.37,30.55
557.39,31.5
557.4,32.01
557.42,33.07
557.44,34.2
557.45,34.79
557.47,36.02
557.49,37.31
557.5,37.97
557.52,39.34
557.54,40.75
557.55,41.46
557.57,42.92
557.59,44.38
557.6,45.12
557.62,46.59
557.64,48.04
557.65,48.76
557.67,50.16
557.69,51.51
557.7,52.16
557.72,53.41
557.73,54.0
557.75,55.11
557.77,56.13
557.78,56.59
557.8,57.43
557.82,58.13
557.83,58.44
557.85,58.94
557.87,59.3
557.88,59.42
557.9,59.55
557.92,59.54
557.93,59.48
557.95,59.24
557.97,58.86
557.98,58.62
558.0,58.03
558.02,57.32
558.03,56.92
558.05,56.04
558.07,55.06
558.08,54.54
558.1,53.44
558.11,52.86
558.13,51.66
558.15,50.42
558.16,49.79
558.18,48.52
558.2,47.24
558.21,46.61
558.23,45.37
558.25,44.17
558.26,43.6
558.28,42.5
558.3,41.49
558.31,41.02
558.33,40.19
558.35,39.49
558.36,39.2
558.38,38.75
558.4,38.5
558.41,38.45
558.43,38.54
558.45,38.88
558.46,39.15
558.48,39.94
558.49,40.46
558.51,41.76
558.53,43.46
558.54,44.47
558.56,46.84
558.58,49.73
558.59,51.38
558.61,55.15
558.63,59.6
558.64,62.09
558.66,67.69
558.68,74.16
558.69,77.76
558.71,85.73
558.73,94.83
558.74,99.84
558.76,110.9
558.78,123.3
558.79,130.1
558.81,145.0
558.82,153.1
558.84,170.6
558.86,190.2
558.87,200.7
558.89,223.5
558.91,248.5
558.92,261.9
558.94,290.5
558.96,321.6
558.97,338.1
558.99,373.0
559.01,410.5
559.02,430.2
559.04,471.4
559.06,515.0
559.07,537.7
559.09,584.5
559.11,633.3
559.12,658.3
559.14,709.5
559.16,761.7
559.17,788.2
559.19,841.4
559.2,868.0
559.22,921.2
559.24,973.6
559.25,999.4
559.27,1050.0
559.29,1098.0
559.3,1121.0
559.32,1166.0
559.34,1206.0
559.35,1225.0
559.37,1260.0
559.39,1290.0
559.4,1303.0
559.42,1325.0
559.44,1342.0
559.45,1348.0
559.47,1356.0
559.49,1358.0
559.5,1357.0
559.52,1349.0
559.54,1336.0
559.55,1327.0
559.57,1306.0
559.58,1293.0
559.6,1263.0
559.62,1228.0
559.63,1209.0
559.65,1168.0
559.67,1123.0
559.68,1099.0
559.7,1049.0
559.72,997.6
559.73,971.0
559.75,916.8
559.77,861.7
559.78,834.0
559.8,778.5
559.82,723.5
559.83,696.3
559.85,642.6
559.87,590.5
559.88,565.1
559.9,515.7
559.91,491.9
559.93,445.9
559.95,402.4
559.96,381.7
559.98,342.2
560.0,305.5
560.01,288.1
560.03,255.6
560.05,225.7
560.06,211.8
560.08,185.9
560.1,162.5
560.11,151.7
560.13,131.8
560.15,114.1
560.16,106.1
560.18,91.36
560.2,78.45
560.21,72.62
560.23,62.1
560.25,52.98
560.26,48.9
560.28,41.62
560.29,38.38
560.31,32.62
560.33,27.74
560.34,25.58
560.36,21.79
560.38,18.6
560.39,17.21
560.41,14.78
560.43,12.75
560.44,11.87
560.46,10.35
560.48,9.083
560.49,8.537
560.51,7.592
560.53,6.813
560.54,6.477
560.56,5.894
560.58,5.413
560.59,5.205
560.61,4.843
560.63,4.545
560.64,4.415
560.66,4.192
560.67,4.096
560.69,3.932
560.71,3.801
560.72,3.748
560.74,3.663
560.76,3.608
560.77,3.591
560.79,3.578
560.81,3.596
560.82,3.616
560.84,3.68
560.86,3.777
560.87,3.838
560.89,3.989
560.91,4.178
560.92,4.288
560.94,4.537
560.96,4.83
560.97,4.993
560.99,5.352
561.01,5.756
561.02,5.976
561.04,6.449
561.05,6.703
561.07,7.244
561.09,7.828
561.1,8.135
561.12,8.78
561.14,9.462
561.15,9.815
561.17,10.54
561.19,11.3
561.2,11.68
561.22,12.47
561.24,13.26
561.25,13.66
561.27,14.45
561.29,15.24
561.3,15.63
561.32,16.39
561.34,17.13
561.35,17.48
561.37,18.16
561.38,18.49
561.4,19.09
561.42,19.64
561.43,19.89
561.45,20.35
561.47,20.73
561.48,20.89
561.5,21.16
561.52,21.35
561.53,21.41
561.55,21.48
561.57,21.46
561.58,21.42
561.6,21.28
561.62,21.07
561.63,20.93
561.65,20.6
561.67,20.2
561.68,19.98
561.7,19.49
561.72,18.95
561.73,18.66
561.75,18.06
561.76,17.74
561.78,17.08
561.8,16.4
561.81,16.05
561.83,15.35
561.85,14.64
561.86,14.28
561.88,13.58
561.9,12.88
561.91,12.54
561.93,11.87
561.95,11.23
561.96,10.92
561.98,10.32
562.0,9.759
562.01,9.49
562.03,8.98
562.05,8.509
562.06,8.288
562.08,7.875
562.1,7.501
562.11,7.328
562.13,7.01
562.14,6.865
562.16,6.6
562.18,6.367
562.19,6.263
562.21,6.074
562.23,5.912
562.24,5.839
562.26,5.71
562.28,5.6
562.29,5.551
562.31,5.464
562.33,5.389
562.34,5.355
562.36,5.293
562.38,5.239
562.39,5.213
562.41,5.166
562.43,5.122
562.44,5.101
562.46,5.062
562.48,5.026
562.49,5.009
562.51,4.978
562.52,4.964
562.54,4.942
562.56,4.926
562.57,4.922
562.59,4.921
562.61,4.933
562.62,4.945
562.64,4.982
562.66,5.039
562.67,5.075
562.69,5.168
562.71,5.289
562.72,5.361
562.74,5.53
562.76,5.735
562.77,5.852
562.79,6.116
562.81,6.424
562.82,6.594
562.84,6.97
562.85,7.177
562.87,7.625
562.89,8.124
562.9,8.392
562.92,8.966
562.94,9.59
562.95,9.92
562.97,10.62
562.99,11.36
563.0,11.75
563.02,12.55
563.04,13.39
563.05,13.82
563.07,14.71
563.09,15.62
563.1,16.08
563.12,17.01
563.14,17.95
563.15,18.42
563.17,19.35
563.19,20.26
563.2,20.7
563.22,21.57
563.23,21.99
563.25,22.8
563.27,23.56
563.28,23.91
563.3,24.57
563.32,25.16
563.33,25.42
563.35,25.89
563.37,26.27
563.38,26.43
563.4,26.67
563.42,26.81
563.43,26.85
563.45,26.85
563.47,26.76
563.48,26.68
563.5,26.46
563.52,26.14
563.53,25.96
563.55,25.53
563.57,25.04
563.58,24.77
563.6,24.19
563.61,23.89
563.63,23.25
563.65,22.58
563.66,22.24
563.68,21.55
563.7,20.86
563.71,20.52
563.73,19.85
563.75,19.21
563.76,18.9
563.78,18.32
563.8,17.79
563.81,17.54
563.83,17.1
563.85,16.74
563.86,16.58
563.88,16.33
563.9,16.17
563.91,16.12
563.93,16.1
563.95,16.17
563.96,16.25
563.98,16.48
563.99,16.63
564.01,17.03
564.03,17.53
564.04,17.83
564.06,18.5
564.08,19.3
564.09,19.74
564.11,20.71
564.13,21.81
564.14,22.4
564.16,23.67
564.18,25.06
564.19,25.8
564.21,27.37
564.23,29.05
564.24,29.93
564.26,31.78
564.28,33.72
564.29,34.72
564.31,36.8
564.32,37.87
564.34,40.06
564.36,42.31
564.37,43.45
564.39,45.77
564.41,48.11
564.42,49.28
564.44,51.62
564.46,53.94
564.47,55.08
564.49,57.34
564.51,59.52
564.52,60.58
564.54,62.62
564.56,64.54
564.57,65.45
564.59,67.17
564.61,68.72
564.62,69.43
564.64,70.72
564.66,71.81
564.67,72.29
564.69,73.08
564.7,73.39
564.72,73.86
564.74,74.12
564.75,74.17
564.77,74.11
564.79,73.84
564.8,73.63
564.82,73.07
564.84,72.32
564.85,71.87
564.87,70.86
564.89,69.69
564.9,69.05
564.92,67.68
564.94,66.18
564.95,65.39
564.97,63.75
564.99,62.03
565.0,61.14
565.02,59.33
565.04,57.48
565.05,56.54
565.07,54.65
565.08,53.71
565.1,51.81
565.12,49.93
565.13,48.99
565.15,47.14
565.17,45.33
565.18,44.44
565.2,42.69
565.22,41.0
565.23,40.17
565.25,38.56
565.27,37.02
565.28,36.28
565.3,34.84
565.32,33.49
565.33,32.83
565.35,31.59
565.37,30.43
565.38,29.88
565.4,28.85
565.42,27.9
565.43,27.46
565.45,26.64
565.46,26.27
565.48,25.59
565.5,25.0
565.51,24.74
565.53,24.3
565.55,23.95
565.56,23.82
565.58,23.62
565.6,23.51
565.61,23.5
565.63,23.55
565.65,23.71
565.66,23.82
565.68,24.12
565.7,24.53
565.71,24.77
565.73,25.32
565.75,25.96
565.76,26.32
565.78,27.1
565.79,27.52
565.81,28.42
565.83,29.39
565.84,29.9
565.86,30.96
565.88,32.07
565.89,32.65
565.91,33.81
565.93,34.99
565.94,35.59
565.96,36.78
565.98,37.96
565.99,38.54
566.01,39.67
566.03,40.76
566.04,41.28
566.06,42.28
566.08,43.21
566.09,43.64
566.11,44.45
566.13,45.17
566.14,45.5
566.16,46.1
566.17,46.37
566.19,46.85
566.21,47.26
566.22,47.45
566.24,47.8
566.26,48.12
566.27,48.28
566.29,48.62
566.31,49.0
566.32,49.23
566.34,49.75
566.36,50.43
566.37,50.83
566.39,51.8
566.41,53.02
566.42,53.74
566.44,55.44
566.46,57.52
566.47,58.71
566.49,61.43
566.51,64.65
566.52,66.45
566.54,70.47
566.55,72.7
566.57,77.6
566.59,83.11
566.6,86.11
566.62,92.57
566.64,99.67
566.65,103.4
566.67,111.5
566.69,120.1
566.7,124.6
566.72,134.0
566.74,143.9
566.75,149.0
566.77,159.5
566.79,170.2
566.8,175.6
566.82,186.6
566.84,197.6
566.85,203.1
566.87,213.9
566.89,224.4
566.9,229.6
566.92,239.5
566.93,244.2
566.95,253.2
566.97,261.5
566.98,265.3
567.0,272.2
567.02,278.1
567.03,280.7
567.05,285.0
567.07,288.1
567.08,289.2
567.1,290.4
567.12,290.4
567.13,289.9
567.15,288.0
567.17,284.9
567.18,282.9
567.2,278.0
567.22,272.1
567.23,268.7
567.25,261.2
567.26,257.2
567.28,248.4
567.3,238.9
567.31,234.0
567.33,223.7
567.35,212.9
567.36,207.4
567.38,196.2
567.4,184.9
567.41,179.2
567.43,167.9
567.45,156.6
567.46,151.1
567.48,140.2
567.5,129.7
567.51,124.6
567.53,114.7
567.55,105.2
567.56,100.7
567.58,92.03
567.6,83.94
567.61,80.12
567.63,72.9
567.64,69.52
567.66,63.19
567.68,57.45
567.69,54.8
567.71,49.92
567.73,45.58
567.74,43.61
567.76,40.06
567.78,36.99
567.79,35.64
567.81,33.25
567.83,31.28
567.84,30.44
567.86,29.03
567.88,27.97
567.89,27.56
567.91,26.95
567.93,26.61
567.94,26.54
567.96,26.55
567.98,26.77
567.99,26.95
568.01,27.44
568.02,27.74
568.04,28.44
568.06,29.26
568.07,29.71
568.09,30.68
568.11,31.74
568.12,32.3
568.14,33.46
568.16,34.69
568.17,35.32
568.19,36.63
568.21,38.0
568.22,38.7
568.24,40.16
568.26,41.68
568.27,42.48
568.29,44.13
568.31,45.88
568.32,46.81
568.34,48.75
568.36,50.84
568.37,51.95
568.39,54.32
568.4,55.58
568.42,58.28
568.44,61.23
568.45,62.81
568.47,66.18
568.49,69.86
568.5,71.83
568.52,76.02
568.54,80.56
568.55,82.97
568.57,88.06
568.59,93.52
568.6,96.38
568.62,102.4
568.64,108.7
568.65,112.0
568.67,118.8
568.69,125.8
568.7,129.4
568.72,136.8
568.73,140.5
568.75,148.1
568.77,155.6
568.78,159.4
568.8,166.9
568.82,174.2
568.83,177.8
568.85,184.8
568.87,191.4
568.88,194.6
568.9,200.5
568.92,205.9
568.93,208.4
568.95,212.9
568.97,216.7
568.98,218.3
569.0,221.0
569.02,222.9
569.03,223.5
569.05,224.2
569.07,224.0
569.08,223.7
569.1,222.3
569.11,221.4
569.13,218.9
569.15,215.8
569.16,213.9
569.18,209.8
569.2,205.2
569.21,202.7
569.23,197.5
569.25,191.8
569.26,188.9
569.28,183.0
569.3,176.9
569.31,173.9
569.33,167.8
569.35,161.8
569.36,158.9
569.38,153.2
569.4,147.7
569.41,145.2
569.43,140.3
569.45,135.8
569.46,133.7
569.48,129.8
569.49,128.1
569.51,125.0
569.53,122.4
569.54,121.3
569.56,119.5
569.58,118.2
569.59,117.7
569.61,117.1
569.63,116.9
569.64,116.9
569.66,117.4
569.68,118.2
569.69,118.8
569.71,120.1
569.73,121.7
569.74,122.6
569.76,124.6
569.78,126.8
569.79,128.0
569.81,130.4
569.83,133.0
569.84,134.4
569.86,137.2
569.87,138.6
569.89,141.4
569.91,144.3
569.92,145.8
569.94,148.7
569.96,151.6
569.97,153.1
569.99,155.9
570.01,158.7
570.02,160.1
570.04,162.8
570.06,165.4
570.07,166.6
570.09,169.0
570.11,171.2
570.12,172.3
570.14,174.3
570.16,176.1
570.17,176.9
570.19,178.4
570.2,179.0
570.22,180.2
570.24,181.1
570.25,181.4
570.27,182.0
570.29,182.3
570.3,182.3
570.32,182.2
570.34,181.9
570.35,181.6
570.37,180.9
570.39,180.0
570.4,179.5
570.42,178.3
570.44,176.9
570.45,176.1
570.47,174.4
570.49,172.6
570.5,171.6
570.52,169.6
570.54,167.4
570.55,166.3
570.57,164.0
570.58,162.8
570.6,160.3
570.62,157.7
570.63,156.4
570.65,153.7
570.67,150.8
570.68,149.4
570.7,146.4
570.72,143.3
570.73,141.7
570.75,138.5
570.77,135.1
570.78,133.3
570.8,129.7
570.82,126.0
570.83,124.1
570.85,120.2
570.87,116.2
570.88,114.2
570.9,110.0
570.92,105.6
570.93,103.5
570.95,99.02
570.96,96.78
570.98,92.25
571.0,87.67
571.01,85.38
571.03,80.78
571.05,76.2
571.06,73.93
571.08,69.41
571.1,64.96
571.11,62.76
571.13,58.46
571.15,54.27
571.16,52.23
571.18,48.26
571.2,44.45
571.21,42.62
571.23,39.08
571.25,35.73
571.26,34.13
571.28,31.09
571.29,29.64
571.31,26.9
571.33,24.37
571.34,23.18
571.36,20.95
571.38,18.93
571.39,17.99
571.41,16.25
571.43,14.69
571.44,13.98
571.46,12.68
571.48,11.55
571.49,11.04
571.51,10.14
571.53,9.368
571.54,9.034
571.56,8.461
571.58,8.007
571.59,7.823
571.61,7.535
571.63,7.351
571.64,7.296
571.66,7.257
571.67,7.272
571.69,7.369
571.71,7.554
571.72,7.679
571.74,7.993
571.76,8.391
571.77,8.621
571.79,9.146
571.81,9.755
571.82,10.09
571.84,10.83
571.86,11.65
571.87,12.1
571.89,13.05
571.91,14.09
571.92,14.65
571.94,15.82
571.96,17.08
571.97,17.74
571.99,19.12
572.01,20.59
572.02,21.35
572.04,22.92
572.05,23.73
572.07,25.4
572.09,27.13
572.1,28.01
572.12,29.8
572.14,31.63
572.15,32.55
572.17,34.41
572.19,36.27
572.2,37.2
572.22,39.04
572.24,40.86
572.25,41.76
572.27,43.52
572.29,45.22
572.3,46.05
572.32,47.65
572.34,49.17
572.35,49.9
572.37,51.28
572.39,52.55
572.4,53.15
572.42,54.27
572.43,54.78
572.45,55.72
572.47,56.55
572.48,56.91
572.5,57.56
572.52,58.09
572.53,58.31
572.55,58.67
572.57,58.92
572.58,59.0
572.6,59.09
572.62,59.08
572.63,59.04
572.65,58.88
572.67,58.65
572.68,58.49
572.7,58.13
572.72,57.69
572.73,57.44
572.75,56.9
572.76,56.6
572.78,55.95
572.8,55.24
572.81,54.86
572.83,54.05
572.85,53.19
572.86,52.74
572.88,51.79
572.9,50.78
572.91,50.26
572.93,49.17
572.95,48.04
572.96,47.45
572.98,46.23
573.0,44.97
573.01,44.32
573.03,43.0
573.05,41.63
573.06,40.94
573.08,39.52
573.1,38.08
573.11,37.35
573.13,35.88
573.14,35.14
573.16,33.66
573.18,32.18
573.19,31.44
573.21,29.98
573.23,28.54
573.24,27.83
573.26,26.44
573.28,25.08
573.29,24.43
573.31,23.15
573.33,21.95
573.34,21.37
573.36,20.26
573.38,19.24
573.39,18.76
573.41,17.86
573.43,17.06
573.44,16.69
573.46,16.03
573.48,15.47
573.49,15.22
573.51,14.8
573.52,14.63
573.54,14.35
573.56,14.17
573.57,14.12
573.59,14.07
573.61,14.1
573.62,14.14
573.64,14.28
573.66,14.49
573.67,14.62
573.69,14.91
573.71,15.24
573.72,15.42
573.74,15.8
573.76,16.21
573.77,16.41
573.79,16.83
573.81,17.24
573.82,17.44
573.84,17.83
573.86,18.19
573.87,18.36
573.89,18.68
573.9,18.82
573.92,19.07
573.94,19.26
573.95,19.34
573.97,19.45
573.99,19.51
574.0,19.51
574.02,19.48
574.04,19.38
574.05,19.31
574.07,19.13
574.09,18.89
574.1,18.75
574.12,18.44
574.14,18.09
574.15,17.9
574.17,17.49
574.19,17.05
574.2,16.83
574.22,16.37
574.23,16.13
574.25,15.66
574.27,15.19
574.28,14.95
574.3,14.5
574.32,14.05
574.33,13.84
574.35,13.44
574.37,13.07
574.38,12.89
574.4,12.57
574.42,12.29
574.43,12.16
574.45,11.94
574.47,11.77
574.48,11.69
574.5,11.58
574.52,11.5
574.53,11.48
574.55,11.46
574.57,11.48
574.58,11.5
574.6,11.56
574.61,11.6
574.63,11.69
574.65,11.81
574.66,11.87
574.68,12.0
574.7,12.15
574.71,12.22
574.73,12.36
574.75,12.51
574.76,12.58
574.78,12.71
574.8,12.84
574.81,12.9
574.83,13.01
574.85,13.1
574.86,13.15
574.88,13.22
574.9,13.28
574.91,13.31
574.93,13.35
574.95,13.37
574.96,13.38
574.98,13.39
574.99,13.39
575.01,13.39
575.03,13.37
575.04,13.37
575.06,13.35
575.08,13.32
575.09,13.31
575.11,13.28
575.13,13.26
575.14,13.24
575.16,13.22
575.18,13.19
575.19,13.18
575.21,13.16
575.23,13.13
575.24,13.12
575.26,13.1
575.28,13.08
575.29,13.07
575.31,13.04
575.33,13.01
575.34,12.99
575.36,12.95
575.37,12.93
575.39,12.87
575.41,12.81
575.42,12.77
575.44,12.69
575.46,12.6
575.47,12.54
575.49,12.43
575.51,12.29
575.52,12.22
575.54,12.06
575.56,11.88
575.57,11.78
575.59,11.58
575.61,11.35
575.62,11.23
575.64,10.98
575.66,10.71
575.67,10.57
575.69,10.28
575.7,10.13
575.72,9.814
575.74,9.489
575.75,9.323
575.77,8.983
575.79,8.635
575.8,8.46
575.82,8.105
575.84,7.748
575.85,7.569
575.87,7.213
575.89,6.861
575.9,6.686
575.92,6.343
575.94,6.009
575.95,5.846
575.97,5.53
575.99,5.229
576.0,5.084
576.02,4.808
576.04,4.552
576.05,4.431
576.07,4.208
576.08,4.105
576.1,3.918
576.12,3.757
576.13,3.687
576.15,3.569
576.17,3.481
576.18,3.449
576.2,3.409
576.22,3.403
576.23,3.413
576.25,3.461
576.27,3.546
576.28,3.603
576.3,3.747
576.32,3.932
576.33,4.041
576.35,4.291
576.37,4.586
576.38,4.751
576.4,5.116
576.42,5.53
576.43,5.755
576.45,6.243
576.46,6.506
576.48,7.07
576.5,7.685
576.51,8.012
576.53,8.703
576.55,9.445
576.56,9.833
576.58,10.65
576.6,11.5
576.61,11.95
576.63,12.87
576.65,13.82
576.66,14.31
576.68,15.31
576.7,16.33
576.71,16.85
576.73,17.89
576.75,18.93
576.76,19.45
576.78,20.49
576.8,21.5
576.81,22.0
576.83,22.98
576.84,23.45
576.86,24.36
576.88,25.21
576.89,25.61
576.91,26.37
576.93,27.05
576.94,27.36
576.96,27.91
576.98,28.37
576.99,28.57
577.01,28.89
577.03,29.1
577.04,29.17
577.06,29.24
577.08,29.21
577.09,29.15
577.11,28.97
577.13,28.7
577.14,28.54
577.16,28.14
577.17,27.92
577.19,27.42
577.21,26.86
577.22,26.57
577.24,25.94
577.26,25.29
577.27,24.96
577.29,24.3
577.31,23.64
577.32,23.32
577.34,22.71
577.36,22.14
577.37,21.87
577.39,21.4
577.41,21.02
577.42,20.86
577.44,20.63
577.46,20.52
577.47,20.52
577.49,20.63
577.51,20.89
577.52,21.08
577.54,21.6
577.55,21.93
577.57,22.73
577.59,23.74
577.6,24.32
577.62,25.64
577.64,27.18
577.65,28.03
577.67,29.9
577.69,32.0
577.7,33.13
577.72,35.57
577.74,38.23
577.75,39.64
577.77,42.62
577.79,45.8
577.8,47.47
577.82,50.94
577.84,54.58
577.85,56.47
577.87,60.34
577.89,64.35
577.9,66.4
577.92,70.57
577.93,72.68
577.95,76.96
577.97,81.28
577.98,83.44
578.0,87.78
578.02,92.09
578.03,94.23
578.05,98.46
578.07,102.6
578.08,104.6
578.1,108.6
578.12,112.4
578.13,114.3
578.15,117.8
578.17,121.1
578.18,122.7
578.2,125.7
578.22,128.4
578.23,129.7
578.25,132.0
578.27,134.0
578.28,134.8
578.3,136.4
578.31,137.0
578.33,138.0
578.35,138.7
578.36,138.9
578.38,139.1
578.4,138.9
578.41,138.6
578.43,137.9
578.45,136.8
578.46,136.2
578.48,134.6
578.5,132.6
578.51,131.5
578.53,129.1
578.55,126.4
578.56,124.9
578.58,121.8
578.6,118.4
578.61,116.6
578.63,112.9
578.64,111.0
578.66,106.9
578.68,102.8
578.69,100.6
578.71,96.25
578.73,91.8
578.74,89.55
578.76,85.01
578.78,80.47
578.79,78.19
578.81,73.67
578.83,69.2
578.84,66.99
578.86,62.64
578.88,58.4
578.89,56.33
578.91,52.29
578.93,48.4
578.94,46.52
578.96,42.89
578.98,39.44
578.99,37.79
579.01,34.64
579.02,33.13
579.04,30.27
579.06,27.61
579.07,26.36
579.09,24.0
579.11,21.83
579.12,20.82
579.14,18.93
579.16,17.21
579.17,16.42
579.19,14.96
579.21,13.66
579.22,13.06
579.24,11.98
579.26,11.03
579.27,10.6
579.29,9.829
579.31,9.172
579.32,8.883
579.34,8.379
579.36,7.965
579.37,7.791
579.39,7.502
579.4,7.386
579.42,7.207
579.44,7.095
579.45,7.061
579.47,7.038
579.49,7.068
579.5,7.102
579.52,7.205
579.54,7.351
579.55,7.439
579.57,7.643
579.59,7.881
579.6,8.012
579.62,8.293
579.64,8.6
579.65,8.762
579.67,9.1
579.69,9.454
579.7,9.636
579.72,10.01
579.73,10.2
579.75,10.58
579.77,10.97
579.78,11.16
579.8,11.54
579.82,11.92
579.83,12.11
579.85,12.48
579.87,12.84
579.88,13.02
579.9,13.36
579.92,13.69
579.93,13.85
579.95,14.16
579.97,14.45
579.98,14.59
580.0,14.85
580.02,15.11
580.03,15.23
580.05,15.46
580.07,15.67
580.08,15.77
580.1,15.97
580.11,16.06
580.13,16.23
580.15,16.39
580.16,16.47
580.18,16.61
580.2,16.74
580.21,16.8
580.23,16.92
580.25,17.02
580.26,17.07
580.28,17.15
580.3,17.22
580.31,17.25
580.33,17.29
580.35,17.33
580.36,17.34
580.38,17.34
580.4,17.33
580.41,17.32
580.43,17.28
580.45,17.22
580.46,17.19
580.48,17.1
580.49,17.04
580.51,16.92
580.53,16.79
580.54,16.71
580.56,16.54
580.58,16.36
580.59,16.26
580.61,16.05
580.63,15.83
580.64,15.71
580.66,15.47
580.68,15.23
580.69,15.1
580.71,14.85
580.73,14.6
580.74,14.48
580.76,14.23
580.78,14.0
580.79,13.88
580.81,13.66
580.83,13.46
580.84,13.36
580.86,13.18
580.87,13.1
580.89,12.95
580.91,12.82
580.92,12.77
580.94,12.68
580.96,12.61
580.97,12.58
580.99,12.55
581.01,12.54
581.02,12.54
581.04,12.56
581.06,12.6
581.07,12.62
581.09,12.68
581.11,12.75
581.12,12.79
581.14,12.87
581.16,12.95
581.17,12.99
581.19,13.06
581.2,13.1
581.22,13.16
581.24,13.21
581.25,13.23
581.27,13.25
581.29,13.26
581.3,13.25
581.32,13.22
581.34,13.16
581.35,13.12
581.37,13.02
581.39,12.89
581.4,12.82
581.42,12.65
581.44,12.44
581.45,12.33
581.47,12.09
581.49,11.82
581.5,11.67
581.52,11.37
581.54,11.04
581.55,10.87
581.57,10.51
581.58,10.33
581.6,9.95
581.62,9.56
581.63,9.361
581.65,8.959
581.67,8.552
581.68,8.348
581.7,7.938
581.72,7.53
581.73,7.327
581.75,6.925
581.77,6.53
581.78,6.335
581.8,5.954
581.82,5.583
581.83,5.402
581.85,5.05
581.87,4.713
581.88,4.549
581.9,4.235
581.92,3.937
581.93,3.794
581.95,3.521
581.96,3.391
581.98,3.145
582.0,2.918
582.01,2.811
582.03,2.611
582.05,2.43
582.06,2.346
582.08,2.194
582.1,2.061
582.11,2.001
582.13,1.897
582.15,1.813
582.16,1.778
582.18,1.723
582.2,1.688
582.21,1.678
582.23,1.673
582.25,1.689
582.26,1.704
582.28,1.751
582.3,1.818
582.31,1.86
582.33,1.96
582.34,2.018
582.36,2.15
582.38,2.304
582.39,2.39
582.41,2.578
582.43,2.789
582.44,2.904
582.46,3.149
582.48,3.419
582.49,3.563
582.51,3.868
582.53,4.197
582.54,4.37
582.56,4.735
582.58,5.124
582.59,5.327
582.61,5.751
582.63,6.198
582.64,6.43
582.66,6.91
582.67,7.158
582.69,7.669
582.71,8.199
582.72,8.471
582.74,9.027
582.76,9.598
582.77,9.888
582.79,10.48
582.81,11.07
582.82,11.38
582.84,11.98
582.86,12.59
582.87,12.89
582.89,13.49
582.91,14.08
582.92,14.37
582.94,14.93
582.96,15.48
582.97,15.74
582.99,16.25
583.01,16.73
583.02,16.95
583.04,17.37
583.05,17.57
583.07,17.92
583.09,18.22
583.1,18.36
583.12,18.58
583.14,18.75
583.15,18.82
583.17,18.9
583.19,18.92
583.2,18.91
583.22,18.85
583.24,18.72
583.25,18.64
583.27,18.43
583.29,18.17
583.3,18.02
583.32,17.69
583.34,17.31
583.35,17.11
583.37,16.67
583.39,16.21
583.4,15.97
583.42,15.47
583.43,15.22
583.45,14.7
583.47,14.17
583.48,13.91
583.5,13.39
583.52,12.88
583.53,12.63
583.55,12.15
583.57,11.69
583.58,11.47
583.6,11.06
583.62,10.68
583.63,10.5
583.65,10.18
583.67,9.903
583.68,9.781
583.7,9.571
583.72,9.409
583.73,9.345
583.75,9.254
583.77,9.21
583.78,9.206
583.8,9.231
583.81,9.26
583.83,9.35
583.85,9.482
583.86,9.562
583.88,9.749
583.9,9.97
583.91,10.09
583.93,10.36
583.95,10.64
583.96,10.8
583.98,11.11
584.0,11.44
584.01,11.61
584.03,11.95
584.05,12.3
584.06,12.47
584.08,12.81
584.1,13.14
584.11,13.31
584.13,13.62
584.14,13.77
584.16,14.05
584.18,14.31
584.19,14.43
584.21,14.65
584.23,14.84
584.24,14.92
584.26,15.06
584.28,15.17
584.29,15.21
584.31,15.26
584.33,15.27
584.34,15.27
584.36,15.23
584.38,15.15
584.39,15.1
584.41,14.98
584.43,14.83
584.44,14.74
584.46,14.56
584.48,14.35
584.49,14.24
584.51,14.01
584.52,13.9
584.54,13.67
584.56,13.44
584.57,13.33
584.59,13.12
584.61,12.94
584.62,12.86
584.64,12.72
584.66,12.64
584.67,12.62
584.69,12.62
584.71,12.7
584.72,12.77
584.74,12.98
584.76,13.3
584.77,13.5
584.79,13.99
584.81,14.62
584.82,14.98
584.84,15.84
584.86,16.86
584.87,17.44
584.89,18.74
584.9,19.46
584.92,21.06
584.94,22.87
584.95,23.86
584.97,26.01
584.99,28.39
585.0,29.66
585.02,32.4
585.04,35.37
585.05,36.95
585.07,40.27
585.09,43.82
585.1,45.67
585.12,49.53
585.14,53.59
585.15,55.68
585.17,59.98
585.19,64.4
585.2,66.66
585.22,71.23
585.24,75.85
585.25,78.17
585.27,82.79
585.28,85.09
585.3,89.63
585.32,94.07
585.33,96.23
585.35,100.4
585.37,104.4
585.38,106.3
585.4,109.9
585.42,113.1
585.43,114.6
585.45,117.4
585.47,119.7
585.48,120.8
585.5,122.5
585.52,123.8
585.53,124.3
585.55,125.0
585.57,125.2
585.58,125.2
585.6,124.8
585.61,124.5
585.63,123.6
585.65,122.3
585.66,121.5
585.68,119.8
585.7,117.8
585.71,116.8
585.73,114.5
585.75,112.1
585.76,110.9
585.78,108.4
585.8,105.9
585.81,104.6
585.83,102.2
585.85,99.86
585.86,98.74
585.88,96.62
585.9,94.68
585.91,93.79
585.93,92.19
585.95,90.82
585.96,90.23
585.98,89.25
585.99,88.86
586.01,88.26
586.03,87.92
586.04,87.84
586.06,87.85
586.08,88.07
586.09,88.25
586.11,88.75
586.13,89.4
586.14,89.77
586.16,90.58
586.18,91.47
586.19,91.93
586.21,92.87
586.23,93.8
586.24,94.25
586.26,95.12
586.28,95.92
586.29,96.29
586.31,96.94
586.33,97.47
586.34,97.68
586.36,98.02
586.37,98.13
586.39,98.24
586.41,98.22
586.42,98.15
586.44,97.91
586.46,97.54
586.47,97.31
586.49,96.77
586.51,96.13
586.52,95.77
586.54,95.01
586.56,94.18
586.57,93.75
586.59,92.86
586.61,91.94
586.62,91.47
586.64,90.53
586.66,89.6
586.67,89.13
586.69,88.21
586.71,87.3
586.72,86.85
586.74,85.97
586.75,85.53
586.77,84.66
586.79,83.8
586.8,83.37
586.82,82.5
586.84,81.61
586.85,81.15
586.87,80.22
586.89,79.25
586.9,78.74
586.92,77.69
586.94,76.56
586.95,75.97
586.97,74.73
586.99,73.4
587.0,72.7
587.02,71.23
587.04,69.67
587.05,68.85
587.07,67.15
587.08,66.26
587.1,64.42
587.12,62.5
587.13,61.51
587.15,59.47
587.17,57.37
587.18,56.3
587.2,54.12
587.22,51.9
587.23,50.78
587.25,48.53
587.27,46.27
587.28,45.14
587.3,42.89
587.32,40.66
587.33,39.55
587.35,37.37
587.37,35.23
587.38,34.19
587.4,32.14
587.42,30.15
587.43,29.19
587.45,27.31
587.46,26.41
587.48,24.66
587.5,22.99
587.51,22.19
587.53,20.67
587.55,19.24
587.56,18.56
587.58,17.27
587.6,16.07
587.61,15.51
587.63,14.46
587.65,13.51
587.66,13.07
587.68,12.26
587.7,11.54
587.71,11.22
587.73,10.64
587.75,10.15
587.76,9.933
587.78,9.576
587.8,9.305
587.81,9.201
587.83,9.058
587.84,9.018
587.86,9.001
587.88,9.066
587.89,9.13
587.91,9.319
587.93,9.59
587.94,9.756
587.96,10.15
587.98,10.63
587.99,10.9
588.01,11.5
588.03,12.18
588.04,12.55
588.06,13.36
588.08,14.25
588.09,14.73
588.11,15.75
588.13,16.85
588.14,17.43
588.16,18.65
588.18,19.96
588.19,20.64
588.21,22.05
588.22,22.79
588.24,24.3
588.26,25.89
588.27,26.7
588.29,28.37
588.31,30.08
588.32,30.95
588.34,32.71
588.36,34.49
588.37,35.39
588.39,37.19
588.41,38.99
588.42,39.88
588.44,41.64
588.46,43.37
588.47,44.22
588.49,45.88
588.51,47.48
588.52,48.25
588.54,49.73
588.55,50.44
588.57,51.79
588.59,53.03
588.6,53.62
588.62,54.71
588.64,55.68
588.65,56.13
588.67,56.93
588.69,57.61
588.7,57.91
588.72,58.42
588.74,58.82
588.75,58.97
588.77,59.21
588.79,59.34
588.8,59.36
588.82,59.35
588.84,59.25
588.85,59.17
588.87,58.94
588.89,58.64
588.9,58.47
588.92,58.08
588.93,57.86
588.95,57.38
588.97,56.85
588.98,56.56
589.0,55.97
589.02,55.33
589.03,55.0
589.05,54.31
589.07,53.59
589.08,53.22
589.1,52.46
589.12,51.67
589.13,51.27
589.15,50.46
589.17,49.63
589.18,49.21
589.2,48.37
589.22,47.52
589.23,47.09
589.25,46.24
589.27,45.39
589.28,44.97
589.3,44.14
589.31,43.73
589.33,42.93
589.35,42.16
589.36,41.78
589.38,41.05
589.4,40.36
589.41,40.03
589.43,39.41
589.45,38.84
589.46,38.57
589.48,38.08
589.5,37.64
589.51,37.44
589.53,37.09
589.55,36.8
589.56,36.68
589.58,36.48
589.6,36.34
589.61,36.29
589.63,36.24
589.64,36.23
589.66,36.27
589.68,36.36
589.69,36.42
589.71,36.6
589.73,36.83
589.74,36.96
589.76,37.28
589.78,37.65
589.79,37.85
589.81,38.31
589.83,38.83
589.84,39.11
589.86,39.72
589.88,40.4
589.89,40.76
589.91,41.54
589.93,42.39
589.94,42.85
589.96,43.81
589.98,44.85
589.99,45.39
590.01,46.54
590.02,47.14
590.04,48.39
590.06,49.7
590.07,50.38
590.09,51.77
590.11,53.21
590.12,53.94
590.14,55.42
590.16,56.91
590.17,57.65
590.19,59.13
590.21,60.58
590.22,61.28
590.24,62.65
590.26,63.94
590.27,64.55
590.29,65.69
590.31,66.7
590.32,67.15
590.34,67.94
590.36,68.55
590.37,68.79
590.39,69.13
590.4,69.22
590.42,69.24
590.44,69.05
590.45,68.87
590.47,68.34
590.49,67.6
590.5,67.14
590.52,66.06
590.54,64.77
590.55,64.04
590.57,62.45
590.59,60.68
590.6,59.73
590.62,57.71
590.64,55.54
590.65,54.41
590.67,52.08
590.69,49.65
590.7,48.41
590.72,45.88
590.74,43.32
590.75,42.03
590.77,39.45
590.78,38.16
590.8,35.61
590.82,33.1
590.83,31.86
590.85,29.44
590.87,27.09
590.88,25.95
590.9,23.74
590.92,21.63
590.93,20.61
590.95,18.67
590.97,16.84
590.98,15.97
591.0,14.32
591.02,12.79
591.03,12.07
591.05,10.72
591.07,9.477
591.08,8.899
591.1,7.822
591.11,7.323
591.13,6.4
591.15,5.57
591.16,5.189
591.18,4.491
591.2,3.871
591.21,3.589
591.23,3.076
591.25,2.627
591.26,2.425
591.28,2.06
591.3,1.744
591.31,1.603
591.33,1.351
591.35,1.136
591.36,1.041
591.38,0.8732
591.4,0.7322
591.41,0.6706
591.43,0.5634
591.45,0.4751
591.46,0.4373
591.48,0.3728
591.49,0.3457
591.51,0.3005
591.53,0.2659
591.54,0.2521
591.56,0.231
591.58,0.2174
591.59,0.2131
591.61,0.2092
591.63,0.2107
591.64,0.2134
591.66,0.2223
591.68,0.2354
591.69,0.2436
591.71,0.2627
591.73,0.2855
591.74,0.2982
591.76,0.3262
591.78,0.3575
591.79,0.3745
591.81,0.4107
591.83,0.4501
591.84,0.471
591.86,0.5152
591.87,0.5385
591.89,0.5873
591.91,0.6392
591.92,0.6663
591.94,0.7226
591.96,0.7819
591.97,0.8127
591.99,0.8762
592.01,0.9424
592.02,0.9764
592.04,1.046
592.06,1.119
592.07,1.156
592.09,1.231
592.11,1.309
592.12,1.348
592.14,1.428
592.16,1.51
592.17,1.551
592.19,1.635
592.21,1.719
592.22,1.761
592.24,1.847
592.25,1.89
592.27,1.976
592.29,2.062
592.3,2.106
592.32,2.193
592.34,2.28
592.35,2.323
592.37,2.41
592.39,2.497
592.4,2.54
592.42,2.627
592.44,2.714
592.45,2.757
592.47,2.844
592.49,2.931
592.5,2.975
592.52,3.062
592.54,3.149
592.55,3.192
592.57,3.279
592.58,3.323
592.6,3.409
592.62,3.496
592.63,3.539
592.65,3.624
592.67,3.708
592.68,3.749
592.7,3.83
592.72,3.909
592.73,3.947
592.75,4.022
592.77,4.092
592.78,4.125
592.8,4.188
592.82,4.244
592.83,4.27
592.85,4.317
592.87,4.356
592.88,4.372
592.9,4.398
592.92,4.414
592.93,4.418
592.95,4.419
592.96,4.416
592.98,4.401
593.0,4.375
593.01,4.358
593.03,4.315
593.05,4.262
593.06,4.231
593.08,4.162
593.1,4.083
593.11,4.04
593.13,3.947
593.15,3.847
593.16,3.794
593.18,3.684
593.2,3.568
593.21,3.509
593.23,3.389
593.25,3.267
593.26,3.205
593.28,3.084
593.3,2.964
593.31,2.905
593.33,2.792
593.34,2.737
593.36,2.633
593.38,2.538
593.39,2.494
593.41,2.414
593.43,2.345
593.44,2.316
593.46,2.269
593.48,2.237
593.49,2.227
593.51,2.22
593.53,2.231
593.54,2.244
593.56,2.285
593.58,2.346
593.59,2.384
593.61,2.477
593.63,2.592
593.64,2.658
593.66,2.807
593.68,2.978
593.69,3.072
593.71,3.277
593.72,3.388
593.74,3.626
593.76,3.885
593.77,4.023
593.79,4.312
593.81,4.621
593.82,4.782
593.84,5.116
593.86,5.465
593.87,5.645
593.89,6.014
593.91,6.393
593.92,6.586
593.94,6.977
593.96,7.373
593.97,7.572
593.99,7.972
594.01,8.37
594.02,8.568
594.04,8.962
594.05,9.156
594.07,9.54
594.09,9.915
594.1,10.1
594.12,10.46
594.14,10.81
594.15,10.98
594.17,11.3
594.19,11.62
594.2,11.77
594.22,12.07
594.24,12.36
594.25,12.49
594.27,12.77
594.29,13.03
594.3,13.16
594.32,13.41
594.34,13.66
594.35,13.79
594.37,14.04
594.39,14.3
594.4,14.43
594.42,14.71
594.43,14.85
594.45,15.14
594.47,15.45
594.48,15.61
594.5,15.95
594.52,16.32
594.53,16.51
594.55,16.91
594.57,17.35
594.58,17.58
594.6,18.06
594.62,18.58
594.63,18.86
594.65,19.43
594.67,20.05
594.68,20.37
594.7,21.06
594.72,21.79
594.73,22.18
594.75,22.99
594.77,23.87
594.78,24.34
594.8,25.34
594.81,25.88
594.83,27.03
594.85,28.3
594.86,28.99
594.88,30.49
594.9,32.19
594.91,33.12
594.93,35.17
594.95,37.53
594.96,38.83
594.98,41.73
595.0,45.07
595.01,46.93
595.03,51.09
595.05,55.88
595.06,58.55
595.08,64.48
595.1,71.31
595.11,75.1
595.13,83.48
595.15,93.05
595.16,98.31
595.18,109.9
595.19,116.2
595.21,130.1
595.23,145.7
595.24,154.2
595.26,172.6
595.28,193.0
595.29,204.0
595.31,227.7
595.33,253.5
595.34,267.4
595.36,296.8
595.38,328.5
595.39,345.3
595.41,380.7
595.43,418.4
595.44,438.1
595.46,479.2
595.48,522.4
595.49,544.8
595.51,590.8
595.52,614.4
595.54,662.8
595.56,712.4
595.57,737.5
595.59,788.3
595.61,839.4
595.62,865.0
595.64,915.9
595.66,966.2
595.67,990.9
595.69,1039.0
595.71,1086.0
595.72,1108.0
595.74,1151.0
595.76,1192.0
595.77,1210.0
595.79,1246.0
595.81,1277.0
595.82,1291.0
595.84,1315.0
595.86,1336.0
595.87,1344.0
595.89,1357.0
595.9,1361.0
595.92,1366.0
595.94,1366.0
595.95,1365.0
595.97,1357.0
595.99,1345.0
596.0,1337.0
596.02,1317.0
596.04,1293.0
596.05,1280.0
596.07,1250.0
596.09,1216.0
596.1,1198.0
596.12,1160.0
596.14,1119.0
596.15,1098.0
596.17,1054.0
596.19,1009.0
596.2,985.4
596.22,938.4
596.24,890.8
596.25,866.9
596.27,819.3
596.28,795.6
596.3,748.6
596.32,702.5
596.33,679.8
596.35,635.5
596.37,592.5
596.38,571.6
596.4,531.1
596.42,492.5
596.43,473.8
596.45,438.0
596.47,404.2
596.48,388.0
596.5,357.2
596.52,328.4
596.53,314.7
596.55,288.9
596.57,264.9
596.58,253.5
596.6,232.2
596.62,212.6
596.63,203.4
596.65,186.2
596.66,178.2
596.68,163.1
596.7,149.4
596.71,143.0
596.73,131.1
596.75,120.4
596.76,115.4
596.78,106.1
596.8,97.81
596.81,93.98
596.83,86.95
596.85,80.69
596.86,77.84
596.88,72.67
596.9,68.19
596.91,66.2
596.93,62.71
596.95,59.86
596.96,58.68
596.98,56.81
596.99,56.12
597.01,55.26
597.03,55.11
597.04,55.32
597.06,56.34
597.08,58.21
597.09,59.49
597.11,62.8
597.13,67.19
597.14,69.82
597.16,76.05
597.18,83.69
597.19,88.08
597.21,98.11
597.23,110.0
597.24,116.6
597.26,131.6
597.28,148.8
597.29,158.4
597.31,179.6
597.33,203.7
597.34,216.9
597.36,245.8
597.37,261.5
597.39,295.7
597.41,333.7
597.42,354.2
597.44,398.4
597.46,446.9
597.47,472.8
597.49,527.9
597.51,587.7
597.52,619.3
597.54,686.0
597.56,757.3
597.57,794.7
597.59,872.6
597.61,954.7
597.62,997.2
597.64,1085.0
597.66,1176.0
597.67,1223.0
597.69,1318.0
597.71,1415.0
597.72,1464.0
597.74,1563.0
597.75,1612.0
597.77,1711.0
597.79,1809.0
597.8,1857.0
597.82,1951.0
597.84,2042.0
597.85,2086.0
597.87,2171.0
597.89,2250.0
597.9,2287.0
597.92,2356.0
597.94,2418.0
597.95,2446.0
597.97,2495.0
597.99,2534.0
598.0,2551.0
598.02,2576.0
598.04,2591.0
598.05,2595.0
598.07,2594.0
598.09,2583.0
598.1,2574.0
598.12,2548.0
598.13,2531.0
598.15,2491.0
598.17,2441.0
598.18,2413.0
598.2,2350.0
598.22,2281.0
598.23,2243.0
598.25,2163.0
598.27,2078.0
598.28,2034.0
598.3,1942.0
598.32,1847.0
598.33,1798.0
598.35,1700.0
598.37,1601.0
598.38,1551.0
598.4,1452.0
598.42,1354.0
598.43,1305.0
598.45,1210.0
598.46,1163.0
598.48,1072.0
598.5,983.7
598.51,941.1
598.53,858.7
598.55,780.6
598.56,743.2
598.58,671.7
598.6,604.9
598.61,573.2
598.63,513.3
598.65,458.0
598.66,432.0
598.68,383.4
598.7,339.2
598.71,318.6
598.73,280.4
598.75,246.0
598.76,230.2
598.78,201.1
598.8,175.2
598.81,163.4
598.83,141.8
598.84,132.0
598.86,114.3
598.88,98.75
598.89,91.76
598.91,79.16
598.93,68.26
598.94,63.38
598.96,54.66
598.98,47.17
598.99,43.84
599.01,37.91
599.03,32.85
599.04,30.61
599.06,26.63
599.08,23.25
599.09,21.75
599.11,19.1
599.13,16.83
599.14,15.83
599.16,14.04
599.18,12.51
599.19,11.83
599.21,10.6
599.22,10.05
599.24,9.058
599.26,8.192
599.27,7.799
599.29,7.086
599.31,6.455
599.32,6.168
599.34,5.643
599.36,5.177
599.37,4.964
599.39,4.576
599.41,4.236
599.42,4.082
599.44,3.806
599.46,3.571
599.47,3.468
599.49,3.292
599.51,3.155
599.52,3.101
599.54,3.021
599.55,2.995
599.57,2.973
599.59,2.988
599.6,3.01
599.62,3.083
599.64,3.195
599.65,3.265
599.67,3.434
599.69,3.642
599.7,3.76
599.72,4.025
599.74,4.327
599.75,4.492
599.77,4.85
599.79,5.244
599.8,5.454
599.82,5.9
599.84,6.379
599.85,6.63
599.87,7.155
599.89,7.709
599.9,7.996
599.92,8.59
599.93,8.895
599.95,9.522
599.97,10.17
599.98,10.5
600.0,11.17
600.02,11.85
600.03,12.19
600.05,12.88
600.07,13.58
600.08,13.93
600.1,14.63
600.12,15.32
600.13,15.67
600.15,16.35
600.17,17.03
600.18,17.36
600.2,18.02
600.22,18.65
600.23,18.97
600.25,19.58
600.27,20.17
600.28,20.46
600.3,21.02
600.31,21.29
600.33,21.82
600.35,22.32
600.36,22.57
600.38,23.03
600.4,23.47
600.41,23.68
600.43,24.08
600.45,24.46
600.46,24.64
600.48,24.97
600.5,25.28
600.51,25.42
600.53,25.68
600.55,25.92
600.56,26.02
600.58,26.21
600.6,26.36
600.61,26.43
600.63,26.53
600.65,26.6
600.66,26.62
600.68,26.64
600.69,26.64
600.71,26.6
600.73,26.53
600.74,26.49
600.76,26.36
600.78,26.21
600.79,26.12
600.81,25.93
600.83,25.7
600.84,25.58
600.86,25.32
600.88,25.04
600.89,24.9
600.91,24.6
600.93,24.3
600.94,24.15
600.96,23.85
600.98,23.55
600.99,23.4
601.01,23.12
601.02,22.99
601.04,22.74
601.06,22.51
601.07,22.41
601.09,22.22
601.11,22.07
601.12,22.0
601.14,21.9
601.16,21.83
601.17,21.81
601.19,21.79
601.21,21.81
601.22,21.83
601.24,21.88
601.26,21.97
601.27,22.01
601.29,22.13
601.31,22.25
601.32,22.32
601.34,22.45
601.36,22.59
601.37,22.65
601.39,22.78
601.4,22.84
601.42,22.95
601.44,23.03
601.45,23.07
601.47,23.13
601.49,23.16
601.5,23.16
601.52,23.16
601.54,23.13
601.55,23.1
601.57,23.04
601.59,22.96
601.6,22.91
601.62,22.81
601.64,22.71
601.65,22.65
601.67,22.55
601.69,22.47
601.7,22.43
601.72,22.38
601.74,22.36
601.75,22.37
601.77,22.42
601.78,22.46
601.8,22.59
601.82,22.79
601.83,22.91
601.85,23.21
601.87,23.58
601.88,23.8
601.9,24.29
601.92,24.86
601.93,25.17
601.95,25.86
601.97,26.61
601.98,27.02
602.0,27.87
602.02,28.78
602.03,29.26
602.05,30.23
602.07,31.24
602.08,31.75
602.1,32.77
602.12,33.8
602.13,34.31
602.15,35.3
602.16,35.78
602.18,36.71
602.2,37.59
602.21,38.0
602.23,38.75
602.25,39.42
602.26,39.72
602.28,40.22
602.3,40.62
602.31,40.77
602.33,40.97
602.35,41.04
602.36,41.02
602.38,40.89
602.4,40.61
602.41,40.43
602.43,39.95
602.45,39.35
602.46,39.0
602.48,38.21
602.49,37.77
602.51,36.81
602.53,35.75
602.54,35.19
602.56,34.0
602.58,32.75
602.59,32.09
602.61,30.75
602.63,29.36
602.64,28.66
602.66,27.23
602.68,25.79
602.69,25.07
602.71,23.63
602.73,22.21
602.74,21.5
602.76,20.11
602.78,18.76
602.79,18.1
602.81,16.81
602.83,15.57
602.84,14.97
602.86,13.81
602.87,13.26
602.89,12.19
602.91,11.18
602.92,10.7
602.94,9.792
602.96,8.941
602.97,8.539
602.99,7.78
603.01,7.08
603.02,6.752
603.04,6.137
603.06,5.575
603.07,5.313
603.09,4.827
603.11,4.387
603.12,4.183
603.14,3.806
603.16,3.468
603.17,3.313
603.19,3.028
603.21,2.773
603.22,2.657
603.24,2.444
603.25,2.347
603.27,2.169
603.29,2.012
603.3,1.941
603.32,1.81
603.34,1.695
603.35,1.642
603.37,1.546
603.39,1.461
603.4,1.422
603.42,1.349
603.44,1.285
603.45,1.255
603.47,1.199
603.49,1.147
603.5,1.123
603.52,1.078
603.54,1.036
603.55,1.015
603.57,0.9768
603.59,0.9403
603.6,0.9227
603.62,0.8889
603.63,0.8725
603.65,0.841
603.67,0.811
603.68,0.7966
603.7,0.7688
603.72,0.7427
603.73,0.7302
603.75,0.7067
603.77,0.6851
603.78,0.675
603.8,0.6566
603.82,0.6406
603.83,0.6335
603.85,0.6214
603.87,0.6122
603.88,0.6088
603.9,0.6045
603.92,0.6037
603.93,0.6048
603.95,0.6098
603.96,0.614
603.98,0.6256
604.0,0.6421
604.01,0.6523
604.03,0.6769
604.05,0.7075
604.06,0.7253
604.08,0.7662
604.1,0.8148
604.11,0.8424
604.13,0.9045
604.15,0.9769
604.16,1.017
604.18,1.108
604.2,1.213
604.21,1.271
604.23,1.401
604.25,1.55
604.26,1.632
604.28,1.816
604.3,2.026
604.31,2.142
604.33,2.398
604.34,2.54
604.36,2.853
604.38,3.208
604.39,3.403
604.41,3.832
604.43,4.317
604.44,4.582
604.46,5.16
604.48,5.809
604.49,6.161
604.51,6.925
604.53,7.775
604.54,8.233
604.56,9.22
604.58,10.31
604.59,10.89
604.61,12.13
604.63,13.48
604.64,14.2
604.66,15.72
604.68,17.36
604.69,18.22
604.71,20.03
604.72,20.98
604.74,22.95
604.76,25.04
604.77,26.12
604.79,28.36
604.81,30.68
604.82,31.88
604.84,34.32
604.86,36.82
604.87,38.09
604.89,40.66
604.91,43.25
604.92,44.55
604.94,47.14
604.96,49.7
604.97,50.97
604.99,53.45
605.01,55.86
605.02,57.03
605.04,59.28
605.06,61.4
605.07,62.4
605.09,64.28
605.1,65.16
605.12,66.76
605.14,68.16
605.15,68.77
605.17,69.83
605.19,70.65
605.2,70.97
605.22,71.41
605.24,71.6
605.25,71.6
605.27,71.4
605.29,70.95
605.3,70.63
605.32,69.8
605.34,68.74
605.35,68.12
605.37,66.72
605.39,65.12
605.4,64.25
605.42,62.37
605.43,61.38
605.45,59.27
605.47,57.04
605.48,55.88
605.5,53.5
605.52,51.04
605.53,49.79
605.55,47.27
605.57,44.72
605.58,43.45
605.6,40.92
605.62,38.41
605.63,37.17
605.65,34.74
605.67,32.38
605.68,31.23
605.7,29.0
605.72,26.87
605.73,25.84
605.75,23.87
605.77,22.01
605.78,21.13
605.8,19.46
605.81,18.67
605.83,17.19
605.85,15.83
605.86,15.19
605.88,14.01
605.9,12.95
605.91,12.46
605.93,11.57
605.95,10.78
605.96,10.42
605.98,9.778
606.0,9.223
606.01,8.976
606.03,8.541
606.05,8.177
606.06,8.02
606.08,7.75
606.1,7.534
606.11,7.445
606.13,7.299
606.15,7.194
606.16,7.154
606.18,7.098
606.19,7.081
606.21,7.065
606.23,7.072
606.24,7.083
606.26,7.118
606.28,7.169
606.29,7.2
606.31,7.274
606.33,7.361
606.34,7.41
606.36,7.518
606.38,7.641
606.39,7.709
606.41,7.856
606.43,8.021
606.44,8.111
606.46,8.307
606.48,8.525
606.49,8.643
606.51,8.899
606.53,9.183
606.54,9.336
606.56,9.666
606.57,9.843
606.59,10.22
606.61,10.64
606.62,10.86
606.64,11.33
606.66,11.83
606.67,12.1
606.69,12.66
606.71,13.26
606.72,13.57
606.74,14.22
606.76,14.91
606.77,15.26
606.79,15.99
606.81,16.75
606.82,17.13
606.84,17.92
606.86,18.73
606.87,19.14
606.89,19.96
606.9,20.37
606.92,21.2
606.94,22.02
606.95,22.43
606.97,23.24
606.99,24.03
607.0,24.41
607.02,25.17
607.04,25.88
607.05,26.23
607.07,26.88
607.09,27.49
607.1,27.77
607.12,28.3
607.14,28.76
607.15,28.97
607.17,29.34
607.19,29.63
607.2,29.75
607.22,29.93
607.24,30.03
607.25,30.05
607.27,30.03
607.28,29.99
607.3,29.85
607.32,29.63
607.33,29.49
607.35,29.15
607.37,28.73
607.38,28.5
607.4,27.97
607.42,27.38
607.43,27.06
607.45,26.38
607.47,25.64
607.48,25.25
607.5,24.43
607.52,23.58
607.53,23.14
607.55,22.23
607.57,21.31
607.58,20.83
607.6,19.88
607.62,18.92
607.63,18.44
607.65,17.48
607.66,17.0
607.68,16.06
607.7,15.13
607.71,14.67
607.73,13.78
607.75,12.91
607.76,12.49
607.78,11.68
607.8,10.9
607.81,10.53
607.83,9.823
607.85,9.159
607.86,8.845
607.88,8.252
607.9,7.709
607.91,7.455
607.93,6.986
607.95,6.566
607.96,6.374
607.98,6.026
608.0,5.725
608.01,5.592
608.03,5.358
608.04,5.257
608.06,5.085
608.08,4.951
608.09,4.898
608.11,4.817
608.13,4.768
608.14,4.754
608.16,4.746
608.18,4.761
608.19,4.777
608.21,4.822
608.23,4.883
608.24,4.918
608.26,4.997
608.28,5.084
608.29,5.13
608.31,5.224
608.33,5.32
608.34,5.368
608.36,5.461
608.37,5.507
608.39,5.594
608.41,5.674
608.42,5.711
608.44,5.778
608.46,5.835
608.47,5.859
608.49,5.899
608.51,5.927
608.52,5.936
608.54,5.945
608.56,5.941
608.57,5.934
608.59,5.911
608.61,5.876
608.62,5.854
608.64,5.801
608.66,5.738
608.67,5.702
608.69,5.624
608.71,5.536
608.72,5.489
608.74,5.388
608.75,5.336
608.77,5.225
608.79,5.109
608.8,5.049
608.82,4.925
608.84,4.797
608.85,4.732
608.87,4.599
608.89,4.464
608.9,4.396
608.92,4.259
608.94,4.12
608.95,4.05
608.97,3.911
608.99,3.772
609.0,3.702
609.02,3.563
609.04,3.425
609.05,3.356
609.07,3.22
609.09,3.085
609.1,3.018
609.12,2.885
609.13,2.819
609.15,2.69
609.17,2.562
609.18,2.5
609.2,2.376
609.22,2.255
609.23,2.196
609.25,2.079
609.27,1.966
609.28,1.911
609.3,1.803
609.32,1.699
609.33,1.648
609.35,1.551
609.37,1.457
609.38,1.412
609.4,1.326
609.42,1.245
609.43,1.206
609.45,1.134
609.46,1.1
609.48,1.037
609.5,0.9818
609.51,0.9569
609.53,0.9134
609.55,0.8789
609.56,0.8654
609.58,0.8465
609.6,0.8396
609.61,0.841
609.63,0.8548
609.65,0.8846
609.66,0.9061
609.68,0.964
609.7,1.044
609.71,1.093
609.73,1.211
609.75,1.358
609.76,1.444
609.78,1.644
609.8,1.883
609.81,2.02
609.83,2.328
609.84,2.502
609.86,2.892
609.88,3.344
609.89,3.595
609.91,4.151
609.93,4.785
609.94,5.133
609.96,5.897
609.98,6.756
609.99,7.224
610.01,8.239
610.03,9.366
610.04,9.974
610.06,11.28
610.08,12.71
610.09,13.48
610.11,15.11
610.13,16.87
610.14,17.81
610.16,19.78
610.18,21.89
610.19,22.99
610.21,25.3
610.22,26.5
610.24,28.99
610.26,31.6
610.27,32.94
610.29,35.7
610.31,38.55
610.32,39.99
610.34,42.93
610.36,45.91
610.37,47.41
610.39,50.4
610.41,53.39
610.42,54.86
610.44,57.78
610.46,60.61
610.47,61.99
610.49,64.66
610.51,67.19
610.52,68.39
610.54,70.65
610.56,72.71
610.57,73.65
610.59,75.36
610.6,76.12
610.62,77.44
610.64,78.48
610.65,78.89
610.67,79.49
610.69,79.79
610.7,79.82
610.72,79.66
610.74,79.19
610.75,78.85
610.77,77.93
610.79,76.74
610.8,76.03
610.82,74.44
610.84,72.59
610.85,71.59
610.87,69.41
610.89,67.05
610.9,65.81
610.92,63.21
610.93,61.86
610.95,59.08
610.97,56.22
610.98,54.77
611.0,51.84
611.02,48.89
611.03,47.42
611.05,44.5
611.07,41.64
611.08,40.23
611.1,37.49
611.12,34.86
611.13,33.6
611.15,31.19
611.17,28.95
611.18,27.9
611.2,25.97
611.22,24.27
611.23,23.52
611.25,22.22
611.27,21.22
611.28,20.85
611.3,20.38
611.31,20.29
611.33,20.44
611.35,21.05
611.36,21.55
611.38,22.98
611.4,25.04
611.41,26.33
611.43,29.48
611.45,33.49
611.46,35.84
611.48,41.32
611.5,47.94
611.51,51.72
611.53,60.32
611.55,70.45
611.56,76.14
611.58,88.88
611.6,103.6
611.61,111.8
611.63,129.9
611.65,150.6
611.66,162.0
611.68,186.9
611.69,200.5
611.71,230.3
611.73,263.5
611.74,281.6
611.76,320.6
611.78,363.8
611.79,387.1
611.81,436.9
611.83,491.4
611.84,520.5
611.86,582.4
611.88,649.5
611.89,684.9
611.91,759.7
611.93,839.8
611.94,881.9
611.96,969.9
611.98,1063.0
611.99,1112.0
612.01,1212.0
612.03,1318.0
612.04,1372.0
612.06,1484.0
612.07,1541.0
612.09,1659.0
612.11,1780.0
612.12,1842.0
612.14,1967.0
612.16,2094.0
612.17,2158.0
612.19,2288.0
612.21,2417.0
612.22,2482.0
612.24,2612.0
612.26,2740.0
612.27,2804.0
612.29,2930.0
612.31,3054.0
612.32,3114.0
612.34,3233.0
612.36,3348.0
612.37,3403.0
612.39,3511.0
612.4,3564.0
612.42,3664.0
612.44,3759.0
612.45,3804.0
612.47,3890.0
612.49,3970.0
612.5,4008.0
612.52,4078.0
612.54,4142.0
612.55,4171.0
612.57,4225.0
612.59,4273.0
612.6,4294.0
612.62,4332.0
612.64,4364.0
612.65,4377.0
612.67,4399.0
612.69,4415.0
612.7,4421.0
612.72,4429.0
612.74,4430.0
612.75,4429.0
612.77,4422.0
612.78,4417.0
612.8,4402.0
612.82,4382.0
612.83,4370.0
612.85,4343.0
612.87,4310.0
612.88,4292.0
612.9,4253.0
612.92,4208.0
612.93,4184.0
612.95,4133.0
612.97,4077.0
612.98,4047.0
613.0,3985.0
613.02,3918.0
613.03,3883.0
613.05,3809.0
613.07,3732.0
613.08,3692.0
613.1,3608.0
613.12,3521.0
613.13,3477.0
613.15,3384.0
613.16,3337.0
613.18,3240.0
613.2,3140.0
613.21,3089.0
613.23,2985.0
613.25,2879.0
613.26,2826.0
613.28,2717.0
613.3,2607.0
613.31,2552.0
613.33,2441.0
613.35,2329.0
613.36,2274.0
613.38,2162.0
613.4,2052.0
613.41,1997.0
613.43,1888.0
613.45,1780.0
613.46,1727.0
613.48,1622.0
613.5,1520.0
613.51,1470.0
613.53,1372.0
613.54,1324.0
613.56,1230.0
613.58,1140.0
613.59,1096.0
613.61,1012.0
613.63,931.3
613.64,892.5
613.66,817.8
613.68,747.1
613.69,713.3
613.71,648.8
613.73,588.3
613.74,559.6
613.76,505.1
613.78,454.6
613.79,430.7
613.81,385.8
613.83,344.5
613.84,325.2
613.86,289.0
613.87,272.1
613.89,240.7
613.91,212.3
613.92,199.1
613.94,174.7
613.96,152.8
613.97,142.8
613.99,124.3
614.01,107.9
614.02,100.4
614.04,86.73
614.06,74.69
614.07,69.24
614.09,59.36
614.11,50.75
614.12,46.87
614.14,39.9
614.16,33.88
614.17,31.18
614.19,26.38
614.21,22.27
614.22,20.44
614.24,17.21
614.25,15.78
614.27,13.26
614.29,11.13
614.3,10.2
614.32,8.566
614.34,7.204
614.35,6.611
614.37,5.581
614.39,4.731
614.4,4.364
614.42,3.733
614.44,3.218
614.45,2.999
614.47,2.625
614.49,2.326
614.5,2.201
614.52,1.991
614.54,1.827
614.55,1.76
614.57,1.652
614.59,1.572
614.6,1.542
614.62,1.495
614.63,1.479
614.65,1.457
614.67,1.447
614.68,1.446
614.7,1.451
614.72,1.461
614.73,1.469
614.75,1.486
614.77,1.507
614.78,1.518
614.8,1.54
614.82,1.563
614.83,1.574
614.85,1.596
614.87,1.615
614.88,1.624
614.9,1.64
614.92,1.653
614.93,1.658
614.95,1.666
614.97,1.67
614.98,1.671
615.0,1.669
615.01,1.666
615.03,1.658
615.05,1.646
615.06,1.638
615.08,1.621
615.1,1.599
615.11,1.587
615.13,1.561
615.15,1.532
615.16,1.517
615.18,1.485
615.2,1.452
615.21,1.435
615.23,1.4
615.25,1.365
615.26,1.348
615.28,1.315
615.3,1.283
615.31,1.267
615.33,1.239
615.34,1.225
615.36,1.202
615.38,1.182
615.39,1.173
615.41,1.161
615.43,1.153
615.44,1.152
615.46,1.154
615.48,1.163
615.49,1.17
615.51,1.19
615.53,1.218
615.54,1.235
615.56,1.276
615.58,1.326
615.59,1.355
615.61,1.419
615.63,1.494
615.64,1.535
615.66,1.624
615.68,1.724
615.69,1.778
615.71,1.894
615.72,1.956
615.74,2.088
615.76,2.23
615.77,2.304
615.79,2.461
615.81,2.628
615.82,2.714
615.84,2.894
615.86,3.082
615.87,3.178
615.89,3.376
615.91,3.58
615.92,3.684
615.94,3.894
615.96,4.107
615.97,4.214
615.99,4.428
616.01,4.641
616.02,4.747
616.04,4.955
616.06,5.159
616.07,5.258
616.09,5.45
616.1,5.543
616.12,5.721
616.14,5.888
616.15,5.966
616.17,6.112
616.19,6.242
616.2,6.302
616.22,6.407
616.24,6.494
616.25,6.531
616.27,6.59
616.29,6.629
616.3,6.641
616.32,6.65
616.34,6.639
616.35,6.627
616.37,6.587
616.39,6.529
616.4,6.493
616.42,6.408
616.44,6.307
616.45,6.251
616.47,6.128
616.48,6.062
616.5,5.921
616.52,5.769
616.53,5.69
616.55,5.526
616.57,5.356
616.58,5.269
616.6,5.093
616.62,4.915
616.63,4.826
616.65,4.648
616.67,4.472
616.68,4.385
616.7,4.214
616.72,4.047
616.73,3.966
616.75,3.808
616.77,3.657
616.78,3.584
616.8,3.444
616.81,3.377
616.83,3.248
616.85,3.128
616.86,3.07
616.88,2.961
616.9,2.86
616.91,2.813
616.93,2.723
616.95,2.641
616.96,2.602
616.98,2.53
617.0,2.466
617.01,2.436
617.03,2.382
617.05,2.335
617.06,2.315
617.08,2.281
617.1,2.256
617.11,2.248
617.13,2.24
617.15,2.246
617.16,2.255
617.18,2.287
617.19,2.311
617.21,2.377
617.23,2.472
617.24,2.532
617.26,2.682
617.28,2.876
617.29,2.993
617.31,3.271
617.33,3.619
617.34,3.823
617.36,4.298
617.38,4.877
617.39,5.21
617.41,5.974
617.43,6.888
617.44,7.407
617.46,8.584
617.48,9.969
617.49,10.75
617.51,12.5
617.53,14.53
617.54,15.66
617.56,18.17
617.57,19.56
617.59,22.64
617.61,26.14
617.62,28.07
617.64,32.29
617.66,37.04
617.67,39.62
617.69,45.24
617.71,51.49
617.72,54.87
617.74,62.15
617.76,70.15
617.77,74.44
617.79,83.6
617.81,93.56
617.82,98.85
617.84,110.1
617.86,122.1
617.87,128.4
617.89,141.7
617.91,155.9
617.92,163.2
617.94,178.5
617.95,186.5
617.97,202.9
617.99,220.0
618.0,228.7
618.02,246.7
618.04,265.1
618.05,274.4
618.07,293.3
618.09,312.4
618.1,321.9
618.12,341.1
618.14,360.0
618.15,369.4
618.17,387.9
618.19,405.8
618.2,414.6
618.22,431.4
618.24,447.4
618.25,455.0
618.27,469.3
618.28,476.0
618.3,488.4
618.32,499.4
618.33,504.2
618.35,512.8
618.37,519.6
618.38,522.4
618.4,526.5
618.42,528.9
618.43,529.3
618.45,528.8
618.47,526.4
618.48,524.5
618.5,519.4
618.52,512.5
618.53,508.4
618.55,499.0
618.57,488.0
618.58,482.0
618.6,468.8
618.62,454.5
618.63,446.9
618.65,430.9
618.66,422.5
618.68,405.2
618.7,387.2
618.71,378.0
618.73,359.4
618.75,340.4
618.76,330.8
618.78,311.7
618.8,292.6
618.81,283.2
618.83,264.4
618.85,246.1
618.86,237.0
618.88,219.4
618.9,202.4
618.91,194.1
618.93,178.1
618.95,162.8
618.96,155.4
618.98,141.4
619.0,128.1
619.01,121.8
619.03,109.8
619.04,104.1
619.06,93.39
619.08,83.49
619.09,78.84
619.11,70.14
619.13,62.2
619.14,58.51
619.16,51.67
619.18,45.51
619.19,42.67
619.21,37.47
619.23,32.85
619.24,30.76
619.26,26.95
619.28,23.64
619.29,22.16
619.31,19.53
619.33,17.32
619.34,16.35
619.36,14.7
619.38,13.4
619.39,12.87
619.41,12.04
619.42,11.74
619.44,11.36
619.46,11.26
619.47,11.32
619.49,11.62
619.51,12.19
619.52,12.58
619.54,13.54
619.56,14.78
619.57,15.49
619.59,17.13
619.61,19.04
619.62,20.1
619.64,22.44
619.66,25.07
619.67,26.5
619.69,29.58
619.71,32.97
619.72,34.78
619.74,38.64
619.75,40.68
619.77,45.01
619.79,49.64
619.8,52.07
619.82,57.15
619.84,62.51
619.85,65.3
619.87,71.06
619.89,77.05
619.9,80.13
619.92,86.42
619.94,92.87
619.95,96.14
619.97,102.8
619.99,109.4
620.0,112.8
620.02,119.4
620.04,126.0
620.05,129.2
620.07,135.6
620.09,141.8
620.1,144.7
620.12,150.5
620.13,153.2
620.15,158.4
620.17,163.2
620.18,165.4
620.2,169.4
620.22,172.8
620.23,174.4
620.25,176.9
620.27,178.9
620.28,179.6
620.3,180.6
620.32,180.9
620.33,180.8
620.35,180.0
620.37,178.7
620.38,177.7
620.4,175.4
620.42,172.4
620.43,170.7
620.45,166.9
620.47,162.5
620.48,160.2
620.5,155.2
620.51,152.5
620.53,146.9
620.55,140.9
620.56,137.8
620.58,131.5
620.6,125.0
620.61,121.7
620.63,115.1
620.65,108.4
620.66,105.0
620.68,98.34
620.7,91.75
620.71,88.5
620.73,82.11
620.75,75.9
620.76,72.87
620.78,66.98
620.8,61.33
620.81,58.61
620.83,53.37
620.84,50.86
620.86,46.06
620.88,41.55
620.89,39.41
620.91,35.36
620.93,31.61
620.94,29.84
620.96,26.53
620.98,23.5
620.99,22.09
621.01,19.47
621.03,17.1
621.04,16.0
621.06,13.99
621.08,12.19
621.09,11.37
621.11,9.877
621.13,8.565
621.14,7.974
621.16,6.911
621.18,6.0
621.19,5.597
621.21,4.89
621.22,4.584
621.24,4.06
621.26,3.648
621.27,3.482
621.29,3.228
621.31,3.073
621.32,3.032
621.34,3.023
621.36,3.111
621.37,3.192
621.39,3.429
621.41,3.772
621.42,3.984
621.44,4.497
621.46,5.134
621.47,5.502
621.49,6.346
621.51,7.345
621.52,7.906
621.54,9.165
621.56,10.62
621.57,11.42
621.59,13.21
621.6,14.19
621.62,16.35
621.64,18.79
621.65,20.13
621.67,23.03
621.69,26.29
621.7,28.05
621.72,31.87
621.74,36.11
621.75,38.39
621.77,43.29
621.79,48.68
621.8,51.56
621.82,57.73
621.84,64.44
621.85,68.01
621.87,75.6
621.89,83.81
621.9,88.15
621.92,97.32
621.94,107.2
621.95,112.3
621.97,123.2
621.98,128.9
622.0,140.9
622.02,153.6
622.03,160.2
622.05,174.0
622.07,188.6
622.08,196.2
622.1,211.9
622.12,228.4
622.13,237.0
622.15,254.6
622.17,273.1
622.18,282.6
622.2,302.1
622.22,322.5
622.23,332.9
622.25,354.4
622.27,376.6
622.28,387.9
622.3,411.2
622.31,423.1
622.33,447.4
622.35,472.3
622.36,485.1
622.38,511.0
622.4,537.6
622.41,551.1
622.43,578.6
622.45,606.6
622.46,620.9
622.48,649.8
622.5,679.4
622.51,694.3
622.53,724.7
622.55,755.7
622.56,771.4
622.58,803.2
622.6,835.7
622.61,852.2
622.63,885.7
622.65,919.9
622.66,937.3
622.68,972.6
622.69,990.6
622.71,1027.0
622.73,1065.0
622.74,1084.0
622.76,1123.0
622.78,1162.0
622.79,1183.0
622.81,1224.0
622.83,1266.0
622.84,1288.0
622.86,1332.0
622.88,1376.0
622.89,1399.0
622.91,1445.0
622.93,1492.0
622.94,1515.0
622.96,1562.0
622.98,1610.0
622.99,1633.0
623.01,1680.0
623.03,1727.0
623.04,1750.0
623.06,1796.0
623.07,1818.0
623.09,1861.0
623.11,1902.0
623.12,1922.0
623.14,1960.0
623.16,1995.0
623.17,2011.0
623.19,2041.0
623.21,2067.0
623.22,2078.0
623.24,2098.0
623.26,2113.0
623.27,2119.0
623.29,2127.0
623.31,2130.0
623.32,2129.0
623.34,2125.0
623.36,2116.0
623.37,2109.0
623.39,2093.0
623.41,2072.0
623.42,2060.0
623.44,2033.0
623.45,2019.0
623.47,1987.0
623.49,1952.0
623.5,1934.0
623.52,1896.0
623.54,1857.0
623.55,1838.0
623.57,1798.0
623.59,1759.0
623.6,1740.0
623.62,1703.0
623.64,1669.0
623.65,1652.0
623.67,1623.0
623.69,1597.0
623.7,1585.0
623.72,1566.0
623.74,1553.0
623.75,1548.0
623.77,1544.0
623.78,1544.0
623.8,1549.0
623.82,1561.0
623.83,1570.0
623.85,1593.0
623.87,1623.0
623.88,1641.0
623.9,1683.0
623.92,1731.0
623.93,1758.0
623.95,1817.0
623.97,1882.0
623.98,1917.0
624.0,1991.0
624.02,2071.0
624.03,2113.0
624.05,2200.0
624.07,2291.0
624.08,2338.0
624.1,2433.0
624.12,2531.0
624.13,2580.0
624.15,2679.0
624.16,2728.0
624.18,2826.0
624.2,2923.0
624.21,2971.0
624.23,3064.0
624.25,3152.0
624.26,3195.0
624.28,3276.0
624.3,3351.0
624.31,3386.0
624.33,3450.0
624.35,3507.0
624.36,3531.0
624.38,3574.0
624.4,3606.0
624.41,3619.0
624.43,3636.0
624.45,3642.0
624.46,3641.0
624.48,3631.0
624.5,3609.0
624.51,3594.0
624.53,3556.0
624.54,3533.0
624.56,3479.0
624.58,3415.0
624.59,3379.0
624.61,3301.0
624.63,3213.0
624.64,3166.0
624.66,3067.0
624.68,2961.0
624.69,2906.0
624.71,2791.0
624.73,2672.0
624.74,2611.0
624.76,2487.0
624.78,2360.0
624.79,2296.0
624.81,2168.0
624.83,2040.0
624.84,1977.0
624.86,1850.0
624.88,1726.0
624.89,1664.0
624.91,1544.0
624.92,1486.0
624.94,1371.0
624.96,1261.0
624.97,1208.0
624.99,1105.0
625.01,1007.0
625.02,960.1
625.04,870.5
625.06,786.4
625.07,746.4
625.09,670.7
625.11,600.5
625.12,567.5
625.14,505.4
625.16,448.4
625.17,421.9
625.19,372.3
625.21,327.4
625.22,306.6
625.24,268.2
625.25,250.5
625.27,218.0
625.29,189.0
625.3,175.7
625.32,151.6
625.34,130.2
625.35,120.6
625.37,103.1
625.39,87.85
625.4,81.0
625.42,68.68
625.44,58.06
625.45,53.32
625.47,44.87
625.49,37.67
625.5,34.48
625.52,28.84
625.54,24.09
625.55,22.01
625.57,18.35
625.59,15.31
625.6,13.99
625.62,11.71
625.63,10.72
625.65,9.034
625.67,7.666
625.68,7.088
625.7,6.115
625.72,5.354
625.73,5.043
625.75,4.541
625.77,4.178
625.78,4.042
625.8,3.848
625.82,3.745
625.83,3.724
625.85,3.733
625.87,3.804
625.88,3.859
625.9,4.004
625.92,4.191
625.93,4.298
625.95,4.536
625.97,4.801
625.98,4.943
626.0,5.243
626.01,5.399
626.03,5.724
626.05,6.06
626.06,6.232
626.08,6.58
626.1,6.931
626.11,7.107
626.13,7.458
626.15,7.803
626.16,7.973
626.18,8.304
626.2,8.622
626.21,8.774
626.23,9.066
626.25,9.336
626.26,9.463
626.28,9.695
626.3,9.9
626.31,9.992
626.33,10.15
626.35,10.28
626.36,10.33
626.38,10.4
626.39,10.42
626.41,10.44
626.43,10.42
626.44,10.4
626.46,10.33
626.48,10.22
626.49,10.15
626.51,9.995
626.53,9.804
626.54,9.697
626.56,9.462
626.58,9.2
626.59,9.059
626.61,8.762
626.63,8.444
626.64,8.279
626.66,7.937
626.68,7.583
626.69,7.402
626.71,7.034
626.72,6.848
626.74,6.474
626.76,6.099
626.77,5.912
626.79,5.541
626.81,5.175
626.82,4.994
626.84,4.641
626.86,4.297
626.87,4.13
626.89,3.804
626.91,3.493
626.92,3.343
626.94,3.054
626.96,2.781
626.97,2.65
626.99,2.402
627.01,2.17
627.02,2.061
627.04,1.854
627.06,1.663
627.07,1.573
627.09,1.407
627.1,1.329
627.12,1.184
627.14,1.054
627.15,0.9946
627.17,0.8848
627.19,0.7878
627.2,0.7438
627.22,0.6645
627.24,0.596
627.25,0.5657
627.27,0.5125
627.29,0.4685
627.3,0.4498
627.32,0.4186
627.34,0.3953
627.35,0.3864
627.37,0.3739
627.39,0.368
627.4,0.3674
627.42,0.3705
627.44,0.3793
627.45,0.3856
627.47,0.4021
627.48,0.412
627.5,0.4353
627.52,0.4628
627.53,0.478
627.55,0.5112
627.57,0.5477
627.58,0.5671
627.6,0.6081
627.62,0.6515
627.63,0.6741
627.65,0.7206
627.67,0.7688
627.68,0.7933
627.7,0.843
627.72,0.8933
627.73,0.9185
627.75,0.9688
627.77,1.018
627.78,1.043
627.8,1.091
627.82,1.137
627.83,1.16
627.85,1.203
627.86,1.223
627.88,1.262
627.9,1.297
627.91,1.313
627.93,1.343
627.95,1.369
627.96,1.38
627.98,1.399
628.0,1.414
628.01,1.42
628.03,1.427
628.05,1.431
628.06,1.431
628.08,1.428
628.1,1.422
628.11,1.417
628.13,1.406
628.15,1.391
628.16,1.383
628.18,1.367
628.19,1.358
628.21,1.34
628.23,1.323
628.24,1.315
628.26,1.301
628.28,1.291
628.29,1.288
628.31,1.286
628.33,1.292
628.34,1.298
628.36,1.319
628.38,1.353
628.39,1.375
628.41,1.431
628.43,1.506
628.44,1.551
628.46,1.658
628.48,1.791
628.49,1.867
628.51,2.043
628.53,2.252
628.54,2.369
628.56,2.633
628.57,2.78
628.59,3.107
628.61,3.481
628.62,3.686
628.64,4.134
628.66,4.637
628.67,4.91
628.69,5.501
628.71,6.152
628.72,6.502
628.74,7.25
628.76,8.064
628.77,8.497
628.79,9.412
628.81,10.4
628.82,10.91
628.84,12.0
628.86,13.14
628.87,13.74
628.89,14.98
628.91,16.27
628.92,16.94
628.94,18.31
628.95,19.01
628.97,20.44
628.99,21.89
629.0,22.63
629.02,24.11
629.04,25.6
629.05,26.34
629.07,27.81
629.09,29.26
629.1,29.98
629.12,31.37
629.14,32.71
629.15,33.35
629.17,34.59
629.19,35.74
629.2,36.28
629.22,37.28
629.24,38.18
629.25,38.58
629.27,39.29
629.28,39.59
629.3,40.1
629.32,40.47
629.33,40.6
629.35,40.75
629.37,40.75
629.38,40.7
629.4,40.48
629.42,40.12
629.43,39.88
629.45,39.31
629.47,38.61
629.48,38.21
629.5,37.33
629.52,36.33
629.53,35.8
629.55,34.66
629.57,33.43
629.58,32.79
629.6,31.47
629.62,30.09
629.63,29.38
629.65,27.95
629.66,27.22
629.68,25.76
629.7,24.29
629.71,23.56
629.73,22.11
629.75,20.67
629.76,19.97
629.78,18.59
629.8,17.25
629.81,16.59
629.83,15.33
629.85,14.12
629.86,13.54
629.88,12.43
629.9,11.38
629.91,10.88
629.93,9.938
629.95,9.061
629.96,8.649
629.98,7.875
630.0,7.168
630.01,6.839
630.03,6.229
630.04,5.947
630.06,5.428
630.08,4.967
630.09,4.757
630.11,4.375
630.13,4.043
630.14,3.894
630.16,3.629
630.18,3.404
630.19,3.306
630.21,3.136
630.23,2.997
630.24,2.939
630.26,2.843
630.28,2.772
630.29,2.744
630.31,2.704
630.33,2.682
630.34,2.677
630.36,2.678
630.38,2.692
630.39,2.703
630.41,2.732
630.42,2.749
630.44,2.79
630.46,2.837
630.47,2.862
630.49,2.915
630.51,2.971
630.52,3.0
630.54,3.058
630.56,3.117
630.57,3.146
630.59,3.203
630.61,3.258
630.62,3.284
630.64,3.334
630.66,3.38
630.67,3.401
630.69,3.44
630.71,3.473
630.72,3.487
630.74,3.51
630.75,3.519
630.77,3.531
630.79,3.536
630.8,3.535
630.82,3.527
630.84,3.511
630.85,3.5
630.87,3.471
630.89,3.434
630.9,3.412
630.92,3.362
630.94,3.304
630.95,3.272
630.97,3.203
630.99,3.126
631.0,3.085
631.02,2.999
631.04,2.907
631.05,2.859
631.07,2.76
631.09,2.657
631.1,2.604
631.12,2.497
631.13,2.442
631.15,2.332
631.17,2.221
631.18,2.165
631.2,2.055
631.22,1.945
631.23,1.891
631.25,1.784
631.27,1.679
631.28,1.628
631.3,1.529
631.32,1.433
631.33,1.387
631.35,1.298
631.37,1.213
631.38,1.173
631.4,1.096
631.42,1.023
631.43,0.989
631.45,0.9243
631.47,0.8644
631.48,0.8364
631.5,0.7838
631.51,0.7592
631.53,0.7135
631.55,0.672
631.56,0.6528
631.58,0.6172
631.6,0.5853
631.61,0.5706
631.63,0.5436
631.65,0.5194
631.66,0.5083
631.68,0.4878
631.7,0.4695
631.71,0.461
631.73,0.4453
631.75,0.431
631.76,0.4244
631.78,0.4118
631.8,0.4001
631.81,0.3945
631.83,0.3837
631.85,0.3733
631.86,0.3682
631.88,0.3582
631.89,0.3532
631.91,0.3433
631.93,0.3334
631.94,0.3284
631.96,0.3183
631.98,0.3081
631.99,0.303
632.01,0.2925
632.03,0.2819
632.04,0.2766
632.06,0.2658
632.08,0.2549
632.09,0.2494
632.11,0.2385
632.13,0.2275
632.14,0.2221
632.16,0.2113
632.18,0.2007
632.19,0.1955
632.21,0.1852
632.22,0.1803
632.24,0.1707
632.26,0.1616
632.27,0.1573
632.29,0.1492
632.31,0.1419
632.32,0.1387
632.34,0.133
632.36,0.1285
632.37,0.1269
632.39,0.1248
632.41,0.1247
632.42,0.1255
632.44,0.129
632.46,0.1354
632.47,0.1399
632.49,0.1519
632.51,0.1685
632.52,0.1788
632.54,0.2038
632.56,0.2359
632.57,0.255
632.59,0.3
632.6,0.3264
632.62,0.388
632.64,0.463
632.65,0.5064
632.67,0.6061
632.69,0.7256
632.7,0.7938
632.72,0.9492
632.74,1.133
632.75,1.237
632.77,1.471
632.79,1.746
632.8,1.9
632.82,2.244
632.84,2.642
632.85,2.864
632.87,3.356
632.89,3.92
632.9,4.231
632.92,4.916
632.94,5.693
632.95,6.118
632.97,7.047
632.98,7.554
633.0,8.655
633.02,9.883
633.03,10.55
633.05,11.98
633.07,13.56
633.08,14.4
633.1,16.21
633.12,18.19
633.13,19.23
633.15,21.46
633.17,23.86
633.18,25.13
633.2,27.79
633.22,30.62
633.23,32.1
633.25,35.19
633.27,38.44
633.28,40.12
633.3,43.6
633.32,47.22
633.33,49.07
633.35,52.87
633.36,54.8
633.38,58.74
633.4,62.76
633.41,64.79
633.43,68.89
633.45,73.01
633.46,75.08
633.48,79.21
633.5,83.34
633.51,85.39
633.53,89.48
633.55,93.54
633.56,95.56
633.58,99.59
633.6,103.6
633.61,105.6
633.63,109.7
633.65,113.8
633.66,116.0
633.68,120.4
633.69,122.7
633.71,127.5
633.73,132.8
633.74,135.7
633.76,142.0
633.78,149.1
633.79,153.1
633.81,162.0
633.83,172.4
633.84,178.3
633.86,191.6
633.88,207.2
633.89,216.0
633.91,236.1
633.93,259.6
633.94,272.8
633.96,302.7
633.98,337.4
633.99,356.9
634.01,400.3
634.03,450.4
634.04,478.2
634.06,539.7
634.07,573.6
634.09,648.3
634.11,732.8
634.12,779.1
634.14,879.9
634.16,992.7
634.17,1054.0
634.19,1186.0
634.21,1332.0
634.22,1410.0
634.24,1579.0
634.26,1762.0
634.27,1860.0
634.29,2067.0
634.31,2291.0
634.32,2409.0
634.34,2657.0
634.36,2921.0
634.37,3059.0
634.39,3347.0
634.41,3649.0
634.42,3806.0
634.44,4129.0
634.45,4295.0
634.47,4635.0
634.49,4985.0
634.5,5163.0
634.52,5524.0
634.54,5889.0
634.55,6072.0
634.57,6439.0
634.59,6804.0
634.6,6985.0
634.62,7343.0
634.64,7690.0
634.65,7860.0
634.67,8189.0
634.69,8501.0
634.7,8650.0
634.72,8931.0
634.74,9189.0
634.75,9309.0
634.77,9527.0
634.79,9715.0
634.8,9797.0
634.82,9938.0
634.83,9995.0
634.85,10080.0
634.87,10140.0
634.88,10150.0
634.9,10150.0
634.92,10110.0
634.93,10080.0
634.95,9991.0
634.97,9866.0
634.98,9791.0
635.0,9617.0
635.02,9412.0
635.03,9299.0
635.05,9053.0
635.07,8782.0
635.08,8637.0
635.1,8334.0
635.12,8012.0
635.13,7846.0
635.15,7503.0
635.16,7327.0
635.18,6970.0
635.2,6606.0
635.21,6423.0
635.23,6055.0
635.25,5689.0
635.26,5506.0
635.28,5145.0
635.3,4791.0
635.31,4617.0
635.33,4277.0
635.35,3947.0
635.36,3787.0
635.38,3477.0
635.4,3182.0
635.41,3039.0
635.43,2767.0
635.45,2510.0
635.46,2387.0
635.48,2154.0
635.5,1938.0
635.51,1836.0
635.53,1643.0
635.54,1552.0
635.56,1383.0
635.58,1228.0
635.59,1156.0
635.61,1022.0
635.63,900.5
635.64,844.5
635.66,741.4
635.68,649.2
635.69,606.9
635.71,529.7
635.73,461.4
635.74,430.4
635.76,374.0
635.78,324.7
635.79,302.4
635.81,262.3
635.83,227.6
635.84,212.0
635.86,184.2
635.88,160.3
635.89,149.7
635.91,130.9
635.92,122.5
635.94,107.8
635.96,95.37
635.97,89.93
635.99,80.42
636.01,72.55
636.02,69.17
636.04,63.4
636.06,58.83
636.07,56.96
636.09,54.0
636.11,52.02
636.12,51.39
636.14,50.81
636.16,51.17
636.17,51.7
636.19,53.52
636.21,56.4
636.22,58.27
636.24,62.92
636.26,68.91
636.27,72.46
636.29,80.79
636.3,85.61
636.32,96.72
636.34,110.0
636.35,117.5
636.37,134.5
636.39,154.4
636.4,165.5
636.42,190.4
636.44,219.1
636.45,234.9
636.47,270.0
636.49,309.9
636.5,331.8
636.52,379.7
636.54,433.6
636.55,462.9
636.57,526.6
636.59,597.4
636.6,635.5
636.62,717.7
636.63,761.8
636.65,856.3
636.67,959.4
636.68,1014.0
636.7,1131.0
636.72,1257.0
636.73,1323.0
636.75,1462.0
636.77,1611.0
636.78,1689.0
636.8,1851.0
636.82,2022.0
636.83,2111.0
636.85,2293.0
636.87,2483.0
636.88,2580.0
636.9,2779.0
636.92,2983.0
636.93,3086.0
636.95,3295.0
636.97,3506.0
636.98,3611.0
637.0,3822.0
637.01,3926.0
637.03,4133.0
637.05,4336.0
637.06,4435.0
637.08,4627.0
637.1,4811.0
637.11,4899.0
637.13,5067.0
637.15,5222.0
637.16,5294.0
637.18,5428.0
637.2,5544.0
637.21,5596.0
637.23,5687.0
637.25,5758.0
637.26,5786.0
637.28,5828.0
637.3,5849.0
637.31,5852.0
637.33,5842.0
637.35,5811.0
637.36,5788.0
637.38,5728.0
637.39,5690.0
637.41,5601.0
637.43,5494.0
637.44,5433.0
637.46,5301.0
637.48,5154.0
637.49,5075.0
637.51,4908.0
637.53,4730.0
637.54,4637.0
637.56,4445.0
637.58,4246.0
637.59,4144.0
637.61,3938.0
637.63,3729.0
637.64,3624.0
637.66,3413.0
637.68,3203.0
637.69,3099.0
637.71,2894.0
637.73,2693.0
637.74,2594.0
637.76,2401.0
637.77,2307.0
637.79,2124.0
637.81,1949.0
637.82,1864.0
637.84,1702.0
637.86,1548.0
637.87,1474.0
637.89,1334.0
637.91,1203.0
637.92,1141.0
637.94,1024.0
637.96,915.7
637.97,864.8
637.99,769.4
638.01,682.2
638.02,641.6
638.04,566.1
638.06,497.8
638.07,466.2
638.09,407.9
638.1,381.1
638.12,331.9
638.14,288.1
638.15,268.1
638.17,231.6
638.19,199.5
638.2,184.9
638.22,158.6
638.24,135.6
638.25,125.2
638.27,106.6
638.29,90.57
638.3,83.39
638.32,70.58
638.34,59.61
638.35,54.75
638.37,46.13
638.39,38.82
638.4,35.61
638.42,29.95
638.44,25.2
638.45,23.13
638.47,19.52
638.48,17.95
638.5,15.24
638.52,13.0
638.53,12.05
638.55,10.41
638.57,9.101
638.58,8.549
638.6,7.627
638.62,6.915
638.63,6.626
638.65,6.167
638.67,5.843
638.68,5.725
638.7,5.563
638.72,5.488
638.73,5.478
638.75,5.505
638.77,5.585
638.78,5.643
638.8,5.786
638.82,5.961
638.83,6.058
638.85,6.267
638.86,6.378
638.88,6.609
638.9,6.849
638.91,6.97
638.93,7.214
638.95,7.455
638.96,7.574
638.98,7.805
639.0,8.026
639.01,8.131
639.03,8.33
639.05,8.512
639.06,8.596
639.08,8.747
639.1,8.876
639.11,8.932
639.13,9.024
639.15,9.09
639.16,9.113
639.18,9.139
639.19,9.142
639.21,9.127
639.23,9.084
639.24,9.053
639.26,8.971
639.28,8.863
639.29,8.801
639.31,8.657
639.33,8.492
639.34,8.402
639.36,8.208
639.38,7.997
639.39,7.886
639.41,7.653
639.43,7.41
639.44,7.285
639.46,7.029
639.48,6.769
639.49,6.637
639.51,6.374
639.53,6.111
639.54,5.981
639.56,5.724
639.57,5.597
639.59,5.349
639.61,5.111
639.62,4.995
639.64,4.771
639.66,4.56
639.67,4.459
639.69,4.267
639.71,4.089
639.72,4.005
639.74,3.848
639.76,3.705
639.77,3.638
639.79,3.517
639.81,3.408
639.82,3.359
639.84,3.269
639.86,3.191
639.87,3.156
639.89,3.094
639.91,3.04
639.92,3.017
639.94,2.975
639.95,2.957
639.97,2.924
639.99,2.896
640.0,2.883
640.02,2.859
640.04,2.837
640.05,2.826
640.07,2.804
640.09,2.782
640.1,2.77
640.12,2.745
640.14,2.718
640.15,2.703
640.17,2.671
640.19,2.634
640.2,2.615
640.22,2.573
640.24,2.527
640.25,2.502
640.27,2.45
640.29,2.394
640.3,2.365
640.32,2.304
640.33,2.272
640.35,2.208
640.37,2.141
640.38,2.107
640.4,2.038
640.42,1.969
640.43,1.934
640.45,1.865
640.47,1.798
640.48,1.766
640.5,1.702
640.52,1.642
640.53,1.614
640.55,1.561
640.57,1.513
640.58,1.491
640.6,1.452
640.62,1.421
640.63,1.408
640.65,1.389
640.66,1.383
640.68,1.378
640.7,1.383
640.71,1.39
640.73,1.412
640.75,1.445
640.76,1.466
640.78,1.518
640.8,1.584
640.81,1.622
640.83,1.708
640.85,1.81
640.86,1.866
640.88,1.99
640.9,2.13
640.91,2.206
640.93,2.371
640.95,2.551
640.96,2.648
640.98,2.854
641.0,3.077
641.01,3.194
641.03,3.442
641.04,3.571
641.06,3.843
641.08,4.13
641.09,4.278
641.11,4.587
641.13,4.908
641.14,5.073
641.16,5.411
641.18,5.759
641.19,5.936
641.21,6.296
641.23,6.66
641.24,6.843
641.26,7.212
641.28,7.579
641.29,7.762
641.31,8.125
641.33,8.481
641.34,8.655
641.36,8.997
641.38,9.325
641.39,9.484
641.41,9.788
641.42,9.934
641.44,10.21
641.46,10.46
641.47,10.58
641.49,10.8
641.51,10.99
641.52,11.07
641.54,11.22
641.56,11.34
641.57,11.39
641.59,11.47
641.61,11.51
641.62,11.53
641.64,11.53
641.66,11.51
641.67,11.49
641.69,11.42
641.71,11.34
641.72,11.29
641.74,11.17
641.76,11.04
641.77,10.96
641.79,10.8
641.8,10.72
641.82,10.55
641.84,10.37
641.85,10.28
641.87,10.09
641.89,9.912
641.9,9.822
641.92,9.648
641.94,9.483
641.95,9.405
641.97,9.259
641.99,9.13
642.0,9.072
642.02,8.973
642.04,8.896
642.05,8.867
642.07,8.829
642.09,8.818
642.1,8.824
642.12,8.858
642.13,8.886
642.15,8.967
642.17,9.08
642.18,9.149
642.2,9.311
642.22,9.505
642.23,9.614
642.25,9.856
642.27,10.13
642.28,10.27
642.3,10.59
642.32,10.93
642.33,11.11
642.35,11.48
642.37,11.88
642.38,12.08
642.4,12.49
642.42,12.92
642.43,13.14
642.45,13.57
642.47,14.01
642.48,14.22
642.5,14.65
642.51,14.86
642.53,15.27
642.55,15.66
642.56,15.84
642.58,16.2
642.6,16.53
642.61,16.68
642.63,16.95
642.65,17.19
642.66,17.29
642.68,17.47
642.7,17.6
642.71,17.64
642.73,17.7
642.75,17.71
642.76,17.7
642.78,17.63
642.8,17.51
642.81,17.44
642.83,17.25
642.85,17.01
642.86,16.88
642.88,16.58
642.89,16.41
642.91,16.05
642.93,15.65
642.94,15.44
642.96,15.0
642.98,14.53
642.99,14.29
643.01,13.79
643.03,13.27
643.04,13.01
643.06,12.48
643.08,11.94
643.09,11.67
643.11,11.13
643.13,10.6
643.14,10.34
643.16,9.824
643.18,9.321
643.19,9.076
643.21,8.599
643.23,8.143
643.24,7.923
643.26,7.502
643.27,7.301
643.29,6.918
643.31,6.563
643.32,6.396
643.34,6.085
643.36,5.802
643.37,5.672
643.39,5.435
643.41,5.227
643.42,5.135
643.44,4.972
643.46,4.839
643.47,4.783
643.49,4.691
643.51,4.628
643.52,4.606
643.54,4.581
643.56,4.58
643.57,4.589
643.59,4.622
643.6,4.647
643.62,4.71
643.64,4.792
643.65,4.84
643.67,4.945
643.69,5.064
643.7,5.128
643.72,5.263
643.74,5.407
643.75,5.481
643.77,5.632
643.79,5.785
643.8,5.862
643.82,6.015
643.84,6.165
643.85,6.237
643.87,6.378
643.89,6.509
643.9,6.571
643.92,6.686
643.94,6.787
643.95,6.831
643.97,6.909
643.98,6.941
644.0,6.992
644.02,7.024
644.03,7.032
644.05,7.034
644.07,7.015
644.08,6.997
644.1,6.947
644.12,6.875
644.13,6.832
644.15,6.73
644.17,6.608
644.18,6.541
644.2,6.392
644.22,6.227
644.23,6.139
644.25,5.951
644.27,5.751
644.28,5.647
644.3,5.431
644.32,5.206
644.33,5.091
644.35,4.857
644.36,4.739
644.38,4.5
644.4,4.261
644.41,4.141
644.43,3.903
644.45,3.669
644.46,3.553
644.48,3.326
644.5,3.106
644.51,2.998
644.53,2.791
644.55,2.593
644.56,2.497
644.58,2.315
644.6,2.145
644.61,2.064
644.63,1.913
644.65,1.774
644.66,1.709
644.68,1.59
644.7,1.485
644.71,1.437
644.73,1.352
644.74,1.315
644.76,1.25
644.78,1.2
644.79,1.18
644.81,1.15
644.83,1.134
644.84,1.132
644.86,1.136
644.88,1.155
644.89,1.17
644.91,1.209
644.93,1.262
644.94,1.294
644.96,1.369
644.98,1.458
644.99,1.508
645.01,1.62
645.03,1.746
645.04,1.815
645.06,1.965
645.07,2.046
645.09,2.221
645.11,2.412
645.12,2.514
645.14,2.733
645.16,2.969
645.17,3.095
645.19,3.362
645.21,3.65
645.22,3.802
645.24,4.124
645.26,4.472
645.27,4.656
645.29,5.044
645.31,5.464
645.32,5.686
645.34,6.158
645.36,6.669
645.37,6.941
645.39,7.52
645.41,8.151
645.42,8.489
645.44,9.212
645.45,9.599
645.47,10.43
645.49,11.35
645.5,11.84
645.52,12.91
645.54,14.09
645.55,14.73
645.57,16.1
645.59,17.64
645.6,18.46
645.62,20.26
645.64,22.25
645.65,23.32
645.67,25.65
645.69,28.22
645.7,29.61
645.72,32.6
645.74,35.89
645.75,37.65
645.77,41.43
645.79,45.57
645.8,47.78
645.82,52.48
645.83,54.98
645.85,60.29
645.87,66.01
645.88,69.03
645.9,75.38
645.92,82.17
645.93,85.72
645.95,93.14
645.97,101.0
645.98,105.0
646.0,113.5
646.02,122.2
646.03,126.8
646.05,136.0
646.07,145.6
646.08,150.4
646.1,160.3
646.12,170.3
646.13,175.3
646.15,185.4
646.17,195.5
646.18,200.5
646.2,210.4
646.21,215.3
646.23,224.9
646.25,234.1
646.26,238.6
646.28,247.2
646.3,255.4
646.31,259.2
646.33,266.4
646.35,272.9
646.36,275.8
646.38,281.2
646.4,285.7
646.41,287.6
646.43,290.7
646.45,292.9
646.46,293.6
646.48,294.4
646.5,294.1
646.51,293.6
646.53,291.9
646.54,290.7
646.56,287.6
646.58,283.5
646.59,281.1
646.61,275.8
646.63,269.6
646.64,266.2
646.66,259.0
646.68,251.0
646.69,246.9
646.71,238.1
646.73,228.9
646.74,224.1
646.76,214.4
646.78,204.4
646.79,199.3
646.81,189.0
646.83,178.7
646.84,173.5
646.86,163.2
646.88,153.0
646.89,147.9
646.91,138.0
646.92,133.1
646.94,123.5
646.96,114.3
646.97,109.8
646.99,101.0
647.01,92.67
647.02,88.64
647.04,80.92
647.06,73.62
647.07,70.14
647.09,63.5
647.11,57.31
647.12,54.37
647.14,48.83
647.16,43.72
647.17,41.31
647.19,36.81
647.21,32.7
647.22,30.78
647.24,27.22
647.26,23.99
647.27,22.5
647.29,19.75
647.3,18.48
647.32,16.15
647.34,14.07
647.35,13.12
647.37,11.39
647.39,9.865
647.4,9.171
647.42,7.912
647.44,6.812
647.45,6.315
647.47,5.42
647.49,4.644
647.5,4.296
647.52,3.672
647.54,3.134
647.55,2.895
647.57,2.468
647.59,2.102
647.6,1.94
647.62,1.652
647.64,1.407
647.65,1.298
647.67,1.107
647.68,1.022
647.7,0.8725
647.72,0.7461
647.73,0.6905
647.75,0.5924
647.77,0.5098
647.78,0.4736
647.8,0.41
647.82,0.3567
647.83,0.3335
647.85,0.2932
647.87,0.26
647.88,0.2458
647.9,0.2218
647.92,0.2031
647.93,0.1956
647.95,0.1841
647.97,0.177
647.98,0.175
648.0,0.1744
648.01,0.1757
648.03,0.1815
648.05,0.1917
648.06,0.1986
648.08,0.2161
648.1,0.2388
648.11,0.2523
648.13,0.2838
648.15,0.3218
648.16,0.3434
648.18,0.3924
648.2,0.4496
648.21,0.4816
648.23,0.5529
648.25,0.6347
648.26,0.6799
648.28,0.7796
648.3,0.8925
648.31,0.9544
648.33,1.09
648.35,1.241
648.36,1.324
648.38,1.503
648.39,1.6
648.41,1.81
648.43,2.042
648.44,2.167
648.46,2.437
648.48,2.732
648.49,2.89
648.51,3.228
648.53,3.597
648.54,3.794
648.56,4.211
648.58,4.663
648.59,4.903
648.61,5.409
648.63,5.953
648.64,6.24
648.66,6.844
648.68,7.489
648.69,7.827
648.71,8.535
648.73,9.286
648.74,9.678
648.76,10.5
648.77,10.92
648.79,11.8
648.81,12.73
648.82,13.21
648.84,14.21
648.86,15.24
648.87,15.78
648.89,16.88
648.91,18.03
648.92,18.61
648.94,19.81
648.96,21.06
648.97,21.69
648.99,22.98
649.01,24.31
649.02,24.98
649.04,26.35
649.06,27.75
649.07,28.45
649.09,29.88
649.11,31.32
649.12,32.05
649.14,33.51
649.15,34.24
649.17,35.71
649.19,37.18
649.2,37.92
649.22,39.37
649.24,40.82
649.25,41.54
649.27,42.95
649.29,44.34
649.3,45.02
649.32,46.36
649.34,47.66
649.35,48.29
649.37,49.51
649.39,50.67
649.4,51.23
649.42,52.3
649.44,53.29
649.45,53.76
649.47,54.63
649.48,55.03
649.5,55.77
649.52,56.42
649.53,56.7
649.55,57.2
649.57,57.59
649.58,57.75
649.6,57.97
649.62,58.09
649.63,58.1
649.65,58.04
649.67,57.87
649.68,57.74
649.7,57.39
649.72,56.93
649.73,56.66
649.75,56.03
649.77,55.29
649.78,54.88
649.8,53.99
649.82,53.0
649.83,52.48
649.85,51.35
649.86,50.76
649.88,49.51
649.9,48.2
649.91,47.52
649.93,46.11
649.95,44.64
649.96,43.9
649.98,42.37
650.0,40.81
650.01,40.02
650.03,38.43
650.05,36.82
650.06,36.01
650.08,34.4
650.1,32.79
650.11,31.99
650.13,30.41
650.15,28.84
650.16,28.07
650.18,26.55
650.2,25.06
650.21,24.33
650.23,22.9
650.24,22.2
650.26,20.84
650.28,19.53
650.29,18.89
650.31,17.65
650.33,16.47
650.34,15.9
650.36,14.8
650.38,13.76
650.39,13.25
650.41,12.29
650.43,11.39
650.44,10.96
650.46,10.13
650.48,9.366
650.49,9.002
650.51,8.312
650.53,7.673
650.54,7.373
650.56,6.808
650.57,6.543
650.59,6.048
650.61,5.598
650.62,5.389
650.64,5.002
650.66,4.656
650.67,4.497
650.69,4.208
650.71,3.954
650.72,3.839
650.74,3.634
650.76,3.46
650.77,3.384
650.79,3.252
650.81,3.145
650.82,3.101
650.84,3.029
650.86,2.977
650.87,2.958
650.89,2.934
650.91,2.925
650.92,2.925
650.94,2.936
650.95,2.945
650.97,2.971
650.99,3.005
651.0,3.025
651.02,3.067
651.04,3.113
651.05,3.137
651.07,3.186
651.09,3.234
651.1,3.258
651.12,3.304
651.14,3.347
651.15,3.367
651.17,3.403
651.19,3.434
651.2,3.447
651.22,3.469
651.24,3.484
651.25,3.489
651.27,3.494
651.29,3.493
651.3,3.489
651.32,3.478
651.33,3.469
651.35,3.448
651.37,3.422
651.38,3.407
651.4,3.373
651.42,3.335
651.43,3.315
651.45,3.274
651.47,3.23
651.48,3.208
651.5,3.163
651.52,3.118
651.53,3.096
651.55,3.053
651.57,3.013
651.58,2.994
651.6,2.957
651.62,2.925
651.63,2.91
651.65,2.884
651.67,2.862
651.68,2.853
651.7,2.838
651.71,2.832
651.73,2.824
651.75,2.82
651.76,2.82
651.78,2.822
651.8,2.827
651.81,2.831
651.83,2.84
651.85,2.852
651.86,2.858
651.88,2.871
651.9,2.884
651.91,2.89
651.93,2.902
651.95,2.912
651.96,2.916
651.98,2.922
652.0,2.925
652.01,2.925
652.03,2.921
652.04,2.918
652.06,2.907
652.08,2.891
652.09,2.881
652.11,2.856
652.13,2.825
652.14,2.808
652.16,2.769
652.18,2.724
652.19,2.7
652.21,2.648
652.23,2.591
652.24,2.561
652.26,2.498
652.28,2.431
652.29,2.397
652.31,2.328
652.33,2.257
652.34,2.221
652.36,2.15
652.38,2.08
652.39,2.046
652.41,1.98
652.42,1.948
652.44,1.888
652.46,1.833
652.47,1.807
652.49,1.762
652.51,1.726
652.52,1.711
652.54,1.688
652.56,1.677
652.57,1.676
652.59,1.684
652.61,1.705
652.62,1.721
652.64,1.766
652.66,1.827
652.67,1.864
652.69,1.953
652.71,2.061
652.72,2.123
652.74,2.263
652.76,2.425
652.77,2.515
652.79,2.712
652.8,2.82
652.82,3.055
652.84,3.315
652.85,3.456
652.87,3.757
652.89,4.086
652.9,4.261
652.92,4.633
652.94,5.033
652.95,5.244
652.97,5.688
652.99,6.161
653.0,6.408
653.02,6.923
653.04,7.467
653.05,7.749
653.07,8.332
653.09,8.941
653.1,9.255
653.12,9.9
653.14,10.57
653.15,10.91
653.17,11.6
653.18,11.96
653.2,12.68
653.22,13.41
653.23,13.79
653.25,14.54
653.27,15.3
653.28,15.68
653.3,16.44
653.32,17.21
653.33,17.59
653.35,18.36
653.37,19.12
653.38,19.5
653.4,20.25
653.42,21.0
653.43,21.37
653.45,22.1
653.47,22.83
653.48,23.19
653.5,23.9
653.51,24.26
653.53,24.96
653.55,25.66
653.56,26.01
653.58,26.71
653.6,27.41
653.61,27.76
653.63,28.47
653.65,29.19
653.66,29.56
653.68,30.31
653.7,31.08
653.71,31.47
653.73,32.28
653.75,33.13
653.76,33.57
653.78,34.47
653.8,35.41
653.81,35.9
653.83,36.92
653.85,37.98
653.86,38.53
653.88,39.67
653.89,40.26
653.91,41.47
653.93,42.73
653.94,43.37
653.96,44.7
653.98,46.06
653.99,46.76
654.01,48.17
654.03,49.61
654.04,50.33
654.06,51.79
654.08,53.25
654.09,53.99
654.11,55.44
654.13,56.88
654.14,57.58
654.16,58.98
654.18,60.33
654.19,60.98
654.21,62.25
654.23,63.46
654.24,64.04
654.26,65.14
654.27,65.66
654.29,66.64
654.31,67.53
654.32,67.94
654.34,68.7
654.36,69.36
654.37,69.66
654.39,70.18
654.41,70.61
654.42,70.8
654.44,71.1
654.46,71.32
654.47,71.41
654.49,71.52
654.51,71.57
654.52,71.57
654.54,71.54
654.56,71.46
654.57,71.41
654.59,71.28
654.61,71.14
654.62,71.06
654.64,70.9
654.65,70.82
654.67,70.66
654.69,70.51
654.7,70.44
654.72,70.32
654.74,70.22
654.75,70.18
654.77,70.13
654.79,70.11
654.8,70.11
654.82,70.13
654.84,70.19
654.85,70.23
654.87,70.33
654.89,70.45
654.9,70.52
654.92,70.67
654.94,70.83
654.95,70.91
654.97,71.07
654.98,71.15
655.0,71.3
655.02,71.43
655.03,71.49
655.05,71.58
655.07,71.63
655.08,71.65
655.1,71.63
655.12,71.57
655.13,71.52
655.15,71.36
655.17,71.14
655.18,71.01
655.2,70.68
655.22,70.28
655.23,70.05
655.25,69.54
655.27,68.95
655.28,68.63
655.3,67.92
655.32,67.15
655.33,66.73
655.35,65.84
655.36,65.37
655.38,64.38
655.4,63.33
655.41,62.79
655.43,61.65
655.45,60.46
655.46,59.85
655.48,58.59
655.5,57.3
655.51,56.64
655.53,55.3
655.55,53.93
655.56,53.24
655.58,51.85
655.6,50.45
655.61,49.75
655.63,48.34
655.65,46.94
655.66,46.25
655.68,44.87
655.7,43.51
655.71,42.84
655.73,41.52
655.74,40.87
655.76,39.61
655.78,38.39
655.79,37.8
655.81,36.67
655.83,35.59
655.84,35.08
655.86,34.11
655.88,33.22
655.89,32.81
655.91,32.05
655.93,31.38
655.94,31.08
655.96,30.57
655.98,30.17
655.99,30.01
656.01,29.78
656.03,29.68
656.04,29.67
656.06,29.77
656.08,29.99
656.09,30.15
656.11,30.59
656.12,30.85
656.14,31.5
656.16,32.28
656.17,32.72
656.19,33.72
656.21,34.85
656.22,35.46
656.24,36.79
656.26,38.25
656.27,39.02
656.29,40.66
656.31,42.41
656.32,43.32
656.34,45.21
656.36,47.19
656.37,48.21
656.39,50.31
656.41,52.46
656.42,53.56
656.44,55.78
656.45,56.9
656.47,59.16
656.49,61.44
656.5,62.58
656.52,64.85
656.54,67.11
656.55,68.23
656.57,70.44
656.59,72.62
656.6,73.69
656.62,75.79
656.64,77.84
656.65,78.84
656.67,80.8
656.69,82.68
656.7,83.6
656.72,85.38
656.74,87.09
656.75,87.92
656.77,89.52
656.79,91.06
656.8,91.8
656.82,93.23
656.83,93.92
656.85,95.25
656.87,96.52
656.88,97.13
656.9,98.3
656.92,99.41
656.93,99.94
656.95,101.0
656.97,101.9
656.98,102.3
657.0,103.2
657.02,104.0
657.03,104.3
657.05,105.0
657.07,105.5
657.08,105.7
657.1,106.1
657.12,106.4
657.13,106.5
657.15,106.6
657.17,106.6
657.18,106.5
657.2,106.2
657.21,106.0
657.23,105.5
657.25,104.8
657.26,104.4
657.28,103.4
657.3,102.3
657.31,101.6
657.33,100.2
657.35,98.54
657.36,97.66
657.38,95.74
657.4,93.63
657.41,92.52
657.43,90.15
657.45,87.63
657.46,86.31
657.48,83.56
657.5,80.68
657.51,79.2
657.53,76.16
657.55,73.03
657.56,71.43
657.58,68.2
657.59,66.57
657.61,63.28
657.63,59.98
657.64,58.32
657.66,55.03
657.68,51.76
657.69,50.14
657.71,46.95
657.73,43.82
657.74,42.29
657.76,39.29
657.78,36.38
657.79,34.97
657.81,32.23
657.83,29.61
657.84,28.35
657.86,25.92
657.88,23.63
657.89,22.53
657.91,20.44
657.92,19.44
657.94,17.55
657.96,15.79
657.97,14.96
657.99,13.39
658.01,11.95
658.02,11.28
658.04,10.01
658.06,8.864
658.07,8.329
658.09,7.337
658.11,6.442
658.12,6.029
658.14,5.267
658.16,4.587
658.17,4.276
658.19,3.705
658.21,3.201
658.22,2.971
658.24,2.554
658.26,2.189
658.27,2.024
658.29,1.726
658.3,1.592
658.32,1.352
658.34,1.144
658.35,1.051
658.37,0.8855
658.39,0.744
658.4,0.6812
658.42,0.5701
658.44,0.4759
658.45,0.4345
658.47,0.3618
658.49,0.3008
658.5,0.2743
658.52,0.228
658.54,0.1899
658.55,0.1734
658.57,0.1452
658.59,0.1225
658.6,0.1129
658.62,0.09683
658.64,0.08449
658.65,0.07954
658.67,0.07182
658.68,0.06895
658.7,0.06502
658.72,0.06328
658.73,0.06316
658.75,0.06435
658.77,0.06734
658.78,0.0695
658.8,0.07511
658.82,0.08247
658.83,0.08682
658.85,0.09691
658.87,0.109
658.88,0.1158
658.9,0.1311
658.92,0.1488
658.93,0.1587
658.95,0.1806
658.97,0.2057
658.98,0.2196
659.0,0.2503
659.01,0.2672
659.03,0.3046
659.05,0.3471
659.06,0.3706
659.08,0.4222
659.1,0.4808
659.11,0.513
659.13,0.5839
659.15,0.6642
659.16,0.7082
659.18,0.8048
659.2,0.9139
659.21,0.9736
659.23,1.104
659.25,1.251
659.26,1.331
659.28,1.505
659.3,1.7
659.31,1.805
659.33,2.035
659.35,2.289
659.36,2.427
659.38,2.724
659.39,2.884
659.41,3.228
659.43,3.606
659.44,3.808
659.46,4.24
659.48,4.711
659.49,4.961
659.51,5.493
659.53,6.067
659.54,6.37
659.56,7.009
659.58,7.693
659.59,8.051
659.61,8.801
659.63,9.594
659.64,10.01
659.66,10.86
659.68,11.76
659.69,12.22
659.71,13.18
659.73,14.16
659.74,14.66
659.76,15.69
659.77,16.21
659.79,17.26
659.81,18.33
659.82,18.87
659.84,19.94
659.86,21.02
659.87,21.55
659.89,22.6
659.91,23.63
659.92,24.13
659.94,25.11
659.96,26.05
659.97,26.5
659.99,27.36
660.01,28.16
660.02,28.53
660.04,29.22
660.06,29.84
660.07,30.11
660.09,30.6
660.11,31.0
660.12,31.16
660.14,31.41
660.15,31.5
660.17,31.61
660.19,31.61
660.2,31.58
660.22,31.44
660.24,31.2
660.25,31.05
660.27,30.68
660.29,30.22
660.3,29.96
660.32,29.38
660.34,28.73
660.35,28.38
660.37,27.63
660.39,26.84
660.4,26.42
660.42,25.57
660.44,24.68
660.45,24.22
660.47,23.31
660.48,22.84
660.5,21.92
660.52,21.0
660.53,20.54
660.55,19.64
660.57,18.77
660.58,18.34
660.6,17.51
660.62,16.73
660.63,16.35
660.65,15.64
660.67,14.98
660.68,14.67
660.7,14.09
660.72,13.58
660.73,13.34
660.75,12.92
660.77,12.57
660.78,12.41
660.8,12.15
660.82,11.95
660.83,11.88
660.85,11.77
660.86,11.74
660.88,11.71
660.9,11.75
660.91,11.78
660.93,11.89
660.95,12.04
660.96,12.13
660.98,12.35
661.0,12.6
661.01,12.74
661.03,13.03
661.05,13.35
661.06,13.52
661.08,13.87
661.1,14.24
661.11,14.42
661.13,14.8
661.15,15.18
661.16,15.37
661.18,15.75
661.2,16.13
661.21,16.31
661.23,16.67
661.24,16.85
661.26,17.18
661.28,17.5
661.29,17.65
661.31,17.94
661.33,18.2
661.34,18.31
661.36,18.53
661.38,18.72
661.39,18.8
661.41,18.95
661.43,19.06
661.44,19.1
661.46,19.16
661.48,19.19
661.49,19.2
661.51,19.18
661.53,19.14
661.54,19.11
661.56,19.03
661.58,18.92
661.59,18.86
661.61,18.73
661.62,18.65
661.64,18.5
661.66,18.33
661.67,18.24
661.69,18.06
661.71,17.88
661.72,17.79
661.74,17.61
661.76,17.44
661.77,17.35
661.79,17.2
661.81,17.06
661.82,17.0
661.84,16.89
661.86,16.8
661.87,16.77
661.89,16.71
661.91,16.69
661.92,16.69
661.94,16.7
661.95,16.72
661.97,16.78
661.99,16.86
662.0,16.91
662.02,17.02
662.04,17.16
662.05,17.24
662.07,17.4
662.09,17.58
662.1,17.67
662.12,17.85
662.14,18.04
662.15,18.14
662.17,18.32
662.19,18.5
662.2,18.58
662.22,18.74
662.24,18.87
662.25,18.93
662.27,19.02
662.29,19.08
662.3,19.1
662.32,19.11
662.33,19.1
662.35,19.05
662.37,18.96
662.38,18.9
662.4,18.74
662.42,18.54
662.43,18.42
662.45,18.15
662.47,17.83
662.48,17.66
662.5,17.28
662.52,16.86
662.53,16.63
662.55,16.16
662.57,15.65
662.58,15.38
662.6,14.83
662.62,14.26
662.63,13.96
662.65,13.36
662.67,12.75
662.68,12.44
662.7,11.81
662.71,11.49
662.73,10.86
662.75,10.23
662.76,9.92
662.78,9.303
662.8,8.697
662.81,8.399
662.83,7.816
662.85,7.251
662.86,6.976
662.88,6.442
662.9,5.932
662.91,5.686
662.93,5.213
662.95,4.766
662.96,4.552
662.98,4.145
663.0,3.765
663.01,3.585
663.03,3.245
663.05,2.93
663.06,2.783
663.08,2.506
663.09,2.377
663.11,2.137
663.13,1.919
663.14,1.818
663.16,1.631
663.18,1.464
663.19,1.387
663.21,1.247
663.23,1.122
663.24,1.066
663.26,0.9631
663.28,0.8732
663.29,0.8328
663.31,0.7599
663.33,0.6969
663.34,0.6687
663.36,0.6185
663.38,0.5754
663.39,0.5563
663.41,0.5223
663.42,0.5073
663.44,0.4806
663.46,0.4578
663.47,0.4477
663.49,0.4296
663.51,0.414
663.52,0.4069
663.54,0.3941
663.56,0.3826
663.57,0.3773
663.59,0.3673
663.61,0.358
663.62,0.3535
663.64,0.3449
663.66,0.3365
663.67,0.3324
663.69,0.3243
663.71,0.3163
663.72,0.3123
663.74,0.3046
663.76,0.2971
663.77,0.2934
663.79,0.2864
663.8,0.2831
663.82,0.2769
663.84,0.2713
663.85,0.2689
663.87,0.2648
663.89,0.262
663.9,0.2611
663.92,0.2605
663.94,0.2618
663.95,0.2632
663.97,0.2678
663.99,0.2749
664.0,0.2795
664.02,0.2911
664.04,0.3062
664.05,0.3151
664.07,0.3358
664.09,0.3609
664.1,0.3752
664.12,0.4075
664.14,0.445
664.15,0.4658
664.17,0.5119
664.18,0.5372
664.2,0.5926
664.22,0.6547
664.23,0.6884
664.25,0.7611
664.27,0.8412
664.28,0.8841
664.3,0.9758
664.32,1.075
664.33,1.128
664.35,1.24
664.37,1.359
664.38,1.422
664.4,1.553
664.42,1.692
664.43,1.764
664.45,1.914
664.47,2.07
664.48,2.151
664.5,2.316
664.52,2.487
664.53,2.573
664.55,2.75
664.56,2.839
664.58,3.02
664.6,3.202
664.61,3.293
664.63,3.475
664.65,3.655
664.66,3.744
664.68,3.92
664.7,4.091
664.71,4.174
664.73,4.336
664.75,4.49
664.76,4.564
664.78,4.704
664.8,4.834
664.81,4.895
664.83,5.007
664.85,5.108
664.86,5.154
664.88,5.235
664.89,5.271
664.91,5.334
664.93,5.385
664.94,5.405
664.96,5.439
664.98,5.462
664.99,5.47
665.01,5.481
665.03,5.486
665.04,5.488
665.06,5.489
665.08,5.492
665.09,5.495
665.11,5.506
665.13,5.529
665.14,5.545
665.16,5.593
665.18,5.665
665.19,5.711
665.21,5.83
665.23,5.988
665.24,6.084
665.26,6.316
665.27,6.453
665.29,6.775
665.31,7.169
665.32,7.396
665.34,7.915
665.36,8.528
665.37,8.874
665.39,9.649
665.41,10.54
665.42,11.04
665.44,12.14
665.46,13.38
665.47,14.06
665.49,15.55
665.51,17.2
665.52,18.1
665.54,20.03
665.56,22.16
665.57,23.3
665.59,25.73
665.61,28.38
665.62,29.78
665.64,32.75
665.65,34.32
665.67,37.62
665.69,41.15
665.7,42.99
665.72,46.84
665.74,50.89
665.75,53.0
665.77,57.35
665.79,61.89
665.8,64.23
665.82,69.01
665.84,73.94
665.85,76.46
665.87,81.57
665.89,86.77
665.9,89.39
665.92,94.68
665.94,99.98
665.95,102.6
665.97,107.9
665.99,113.2
666.0,115.8
666.02,120.9
666.03,123.4
666.05,128.3
666.07,133.0
666.08,135.3
666.1,139.7
666.12,143.9
666.13,145.9
666.15,149.6
666.17,153.1
666.18,154.7
666.2,157.7
666.22,160.4
666.23,161.6
666.25,163.8
666.27,165.6
666.28,166.4
666.3,167.7
666.32,168.6
666.33,169.0
666.35,169.4
666.36,169.6
666.38,169.6
666.4,169.4
666.41,169.1
666.43,168.5
666.45,167.7
666.46,167.3
666.48,166.2
666.5,165.0
666.51,164.4
666.53,163.1
666.55,161.7
666.56,161.1
666.58,159.8
666.6,158.5
666.61,157.9
666.63,156.8
666.65,155.9
666.66,155.5
666.68,154.9
666.7,154.5
666.71,154.4
666.73,154.4
666.74,154.5
666.76,155.0
666.78,155.9
666.79,156.4
666.81,157.8
666.83,159.5
666.84,160.5
666.86,162.8
666.88,165.5
666.89,166.9
666.91,170.1
666.93,173.6
666.94,175.5
666.96,179.5
666.98,183.7
666.99,185.9
667.01,190.5
667.03,195.2
667.04,197.6
667.06,202.5
667.08,207.4
667.09,209.9
667.11,214.8
667.12,217.2
667.14,221.9
667.16,226.4
667.17,228.6
667.19,232.7
667.21,236.6
667.22,238.3
667.24,241.6
667.26,244.3
667.27,245.6
667.29,247.6
667.31,249.1
667.32,249.6
667.34,250.2
667.36,250.2
667.37,249.9
667.39,249.0
667.41,247.4
667.42,246.4
667.44,243.9
667.46,240.9
667.47,239.1
667.49,235.2
667.5,233.0
667.52,228.3
667.54,223.1
667.55,220.4
667.57,214.6
667.59,208.4
667.6,205.2
667.62,198.6
667.64,191.8
667.65,188.3
667.67,181.3
667.69,174.1
667.7,170.5
667.72,163.3
667.74,156.1
667.75,152.6
667.77,145.5
667.79,138.6
667.8,135.2
667.82,128.6
667.83,125.3
667.85,119.0
667.87,112.9
667.88,109.9
667.9,104.2
667.92,98.73
667.93,96.11
667.95,91.08
667.97,86.32
667.98,84.05
668.0,79.7
668.02,75.62
668.03,73.67
668.05,69.97
668.07,66.5
668.08,64.85
668.1,61.71
668.12,58.77
668.13,57.37
668.15,54.71
668.17,52.2
668.18,51.01
668.2,48.72
668.21,47.62
668.23,45.52
668.25,43.52
668.26,42.56
668.28,40.71
668.3,38.94
668.31,38.08
668.33,36.41
668.35,34.81
668.36,34.03
668.38,32.51
668.4,31.05
668.41,30.33
668.43,28.93
668.45,27.58
668.46,26.92
668.48,25.63
668.5,24.38
668.51,23.77
668.53,22.58
668.55,21.43
668.56,20.87
668.58,19.78
668.59,19.25
668.61,18.22
668.63,17.23
668.64,16.75
668.66,15.83
668.68,14.94
668.69,14.51
668.71,13.69
668.73,12.9
668.74,12.53
668.76,11.8
668.78,11.12
668.79,10.79
668.81,10.16
668.83,9.567
668.84,9.285
668.86,8.749
668.88,8.249
668.89,8.013
668.91,7.567
668.92,7.357
668.94,6.965
668.96,6.607
668.97,6.442
668.99,6.139
669.01,5.872
669.02,5.753
669.04,5.542
669.06,5.37
669.07,5.299
669.09,5.187
669.11,5.118
669.12,5.1
669.14,5.098
669.16,5.143
669.17,5.184
669.19,5.304
669.21,5.478
669.22,5.585
669.24,5.843
669.26,6.161
669.27,6.343
669.29,6.756
669.3,6.987
669.32,7.501
669.34,8.086
669.35,8.405
669.37,9.101
669.39,9.872
669.4,10.29
669.42,11.18
669.44,12.15
669.45,12.66
669.47,13.76
669.49,14.93
669.5,15.55
669.52,16.84
669.54,18.22
669.55,18.93
669.57,20.42
669.59,21.98
669.6,22.79
669.62,24.45
669.64,26.16
669.65,27.04
669.67,28.83
669.68,29.75
669.7,31.6
669.72,33.47
669.73,34.42
669.75,36.31
669.77,38.21
669.78,39.15
669.8,41.02
669.82,42.86
669.83,43.76
669.85,45.53
669.87,47.23
669.88,48.05
669.9,49.63
669.92,51.12
669.93,51.82
669.95,53.13
669.97,54.32
669.98,54.86
670.0,55.84
670.02,56.66
670.03,57.02
670.05,57.6
670.06,57.83
670.08,58.16
670.1,58.32
670.11,58.34
670.13,58.23
670.15,57.96
670.16,57.75
670.18,57.22
670.2,56.52
670.21,56.11
670.23,55.18
670.25,54.1
670.26,53.51
670.28,52.23
670.3,50.82
670.31,50.08
670.33,48.53
670.35,46.88
670.36,46.03
670.38,44.28
670.39,43.38
670.41,41.56
670.43,39.7
670.44,38.76
670.46,36.88
670.48,35.0
670.49,34.06
670.51,32.2
670.53,30.38
670.54,29.48
670.56,27.72
670.58,26.01
670.59,25.18
670.61,23.57
670.63,22.03
670.64,21.29
670.66,19.87
670.68,18.54
670.69,17.9
670.71,16.7
670.73,15.59
670.74,15.06
670.76,14.09
670.77,13.63
670.79,12.79
670.81,12.05
670.82,11.71
670.84,11.09
670.86,10.57
670.87,10.34
670.89,9.942
670.91,9.633
670.92,9.51
670.94,9.327
670.96,9.227
670.97,9.209
670.99,9.233
671.01,9.34
671.02,9.424
671.04,9.656
671.06,9.972
671.07,10.16
671.09,10.61
671.11,11.14
671.12,11.44
671.14,12.11
671.15,12.48
671.17,13.28
671.19,14.18
671.2,14.67
671.22,15.72
671.24,16.87
671.25,17.48
671.27,18.78
671.29,20.18
671.3,20.92
671.32,22.47
671.34,24.12
671.35,24.99
671.37,26.78
671.39,28.66
671.4,29.63
671.42,31.63
671.44,33.71
671.45,34.77
671.47,36.94
671.49,39.16
671.5,40.29
671.52,42.56
671.53,43.7
671.55,46.0
671.57,48.29
671.58,49.43
671.6,51.69
671.62,53.91
671.63,55.0
671.65,57.13
671.67,59.18
671.68,60.17
671.7,62.06
671.72,63.83
671.73,64.67
671.75,66.24
671.77,67.65
671.78,68.3
671.8,69.46
671.82,70.43
671.83,70.85
671.85,71.54
671.86,71.82
671.88,72.21
671.9,72.4
671.91,72.42
671.93,72.31
671.95,72.0
671.96,71.77
671.98,71.17
672.0,70.38
672.01,69.92
672.03,68.86
672.05,67.65
672.06,66.98
672.08,65.54
672.1,63.97
672.11,63.14
672.13,61.39
672.15,59.55
672.16,58.59
672.18,56.63
672.2,54.61
672.21,53.57
672.23,51.48
672.24,50.43
672.26,48.3
672.28,46.17
672.29,45.11
672.31,42.98
672.33,40.88
672.34,39.84
672.36,37.79
672.38,35.78
672.39,34.79
672.41,32.85
672.43,30.97
672.44,30.06
672.46,28.27
672.48,26.56
672.49,25.73
672.51,24.11
672.53,22.57
672.54,21.83
672.56,20.4
672.58,19.04
672.59,18.38
672.61,17.13
672.62,16.52
672.64,15.37
672.66,14.28
672.67,13.76
672.69,12.76
672.71,11.83
672.72,11.38
672.74,10.53
672.76,9.731
672.77,9.351
672.79,8.627
672.81,7.95
672.82,7.629
672.84,7.018
672.86,6.447
672.87,6.177
672.89,5.664
672.91,5.186
672.92,4.96
672.94,4.532
672.96,4.135
672.97,3.947
672.99,3.592
673.0,3.425
673.02,3.109
673.04,2.818
673.05,2.681
673.07,2.423
673.09,2.185
673.1,2.074
673.12,1.866
673.14,1.674
673.15,1.585
673.17,1.418
673.19,1.266
673.2,1.196
673.22,1.064
673.24,0.9446
673.25,0.8893
673.27,0.7869
673.29,0.6946
673.3,0.652
673.32,0.5734
673.33,0.5372
673.35,0.4708
673.37,0.4115
673.38,0.3844
673.4,0.3347
673.42,0.2907
673.43,0.2707
673.45,0.2343
673.47,0.2023
673.48,0.1878
673.5,0.1615
673.52,0.1387
673.53,0.1284
673.55,0.1099
673.57,0.09401
673.58,0.08693
673.6,0.07435
673.62,0.0637
673.63,0.05904
673.65,0.05093
673.67,0.04433
673.68,0.04155
673.7,0.037
673.71,0.0352
673.73,0.03253
673.75,0.03108
673.76,0.03081
673.78,0.03122
673.8,0.03293
673.81,0.03431
673.83,0.0382
673.85,0.04374
673.86,0.0472
673.88,0.05565
673.9,0.06643
673.91,0.07279
673.93,0.08777
673.95,0.1061
673.96,0.1168
673.98,0.1414
674.0,0.171
674.01,0.1879
674.03,0.2267
674.05,0.2728
674.06,0.299
674.08,0.3584
674.09,0.392
674.11,0.4679
674.13,0.5568
674.14,0.6068
674.16,0.7188
674.18,0.8489
674.19,0.9215
674.21,1.083
674.23,1.27
674.24,1.373
674.26,1.601
674.28,1.862
674.29,2.006
674.31,2.322
674.33,2.679
674.34,2.874
674.36,3.301
674.38,3.779
674.39,4.039
674.41,4.602
674.43,5.228
674.44,5.565
674.46,6.293
674.47,6.683
674.49,7.521
674.51,8.438
674.52,8.927
674.54,9.969
674.56,11.1
674.57,11.69
674.59,12.96
674.61,14.31
674.62,15.02
674.64,16.52
674.66,18.1
674.67,18.93
674.69,20.65
674.71,22.46
674.72,23.39
674.74,25.32
674.76,27.32
674.77,28.35
674.79,30.45
674.8,31.52
674.82,33.7
674.84,35.92
674.85,37.04
674.87,39.29
674.89,41.55
674.9,42.68
674.92,44.93
674.94,47.15
674.95,48.24
674.97,50.39
674.99,52.48
675.0,53.49
675.02,55.45
675.04,57.3
675.05,58.18
675.07,59.84
675.09,61.37
675.1,62.07
675.12,63.36
675.14,64.48
675.15,64.97
675.17,65.81
675.18,66.16
675.2,66.72
675.22,67.07
675.23,67.17
675.25,67.22
675.27,67.07
675.28,66.91
675.3,66.46
675.32,65.81
675.33,65.41
675.35,64.48
675.37,63.37
675.38,62.76
675.4,61.41
675.42,59.9
675.43,59.1
675.45,57.4
675.47,55.59
675.48,54.65
675.5,52.69
675.52,50.66
675.53,49.62
675.55,47.5
675.56,46.43
675.58,44.26
675.6,42.07
675.61,40.97
675.63,38.79
675.65,36.62
675.66,35.54
675.68,33.42
675.7,31.34
675.71,30.32
675.73,28.33
675.75,26.39
675.76,25.46
675.78,23.63
675.8,21.88
675.81,21.04
675.83,19.42
675.85,17.88
675.86,17.14
675.88,15.74
675.9,14.41
675.91,13.78
675.93,12.59
675.94,12.02
675.96,10.94
675.98,9.95
675.99,9.481
676.01,8.599
676.03,7.787
676.04,7.407
676.06,6.695
676.08,6.044
676.09,5.741
676.11,5.176
676.13,4.664
676.14,4.426
676.16,3.985
676.18,3.588
676.19,3.405
676.21,3.067
676.23,2.765
676.24,2.626
676.26,2.372
676.27,2.256
676.29,2.045
676.31,1.86
676.32,1.777
676.34,1.627
676.36,1.499
676.37,1.443
676.39,1.344
676.41,1.263
676.42,1.23
676.44,1.175
676.46,1.135
676.47,1.122
676.49,1.105
676.51,1.103
676.52,1.107
676.54,1.126
676.56,1.158
676.57,1.179
676.59,1.231
676.61,1.295
676.62,1.332
676.64,1.415
676.65,1.461
676.67,1.562
676.69,1.675
676.7,1.735
676.72,1.865
676.74,2.005
676.75,2.078
676.77,2.233
676.79,2.397
676.8,2.483
676.82,2.66
676.84,2.844
676.85,2.938
676.87,3.132
676.89,3.331
676.9,3.432
676.92,3.636
676.94,3.843
676.95,3.946
676.97,4.154
676.99,4.361
677.0,4.464
677.02,4.667
677.03,4.767
677.05,4.964
677.07,5.155
677.08,5.248
677.1,5.428
677.12,5.6
677.13,5.682
677.15,5.838
677.17,5.983
677.18,6.052
677.2,6.179
677.22,6.294
677.23,6.346
677.25,6.441
677.27,6.522
677.28,6.558
677.3,6.62
677.32,6.668
677.33,6.687
677.35,6.717
677.37,6.734
677.38,6.738
677.4,6.739
677.41,6.735
677.43,6.721
677.45,6.698
677.46,6.683
677.48,6.649
677.5,6.609
677.51,6.587
677.53,6.539
677.55,6.488
677.56,6.461
677.58,6.407
677.6,6.351
677.61,6.323
677.63,6.268
677.65,6.214
677.66,6.187
677.68,6.136
677.7,6.087
677.71,6.064
677.73,6.02
677.74,5.999
677.76,5.961
677.78,5.926
677.79,5.91
677.81,5.881
677.83,5.856
677.84,5.845
677.86,5.825
677.88,5.808
677.89,5.801
677.91,5.788
677.93,5.779
677.94,5.774
677.96,5.768
677.98,5.763
677.99,5.761
678.01,5.758
678.03,5.755
678.04,5.754
678.06,5.753
678.08,5.752
678.09,5.751
678.11,5.75
678.12,5.749
678.14,5.748
678.16,5.748
678.17,5.747
678.19,5.747
678.21,5.747
678.22,5.747
678.24,5.749
678.26,5.752
678.27,5.754
678.29,5.76
678.31,5.769
678.32,5.775
678.34,5.789
678.36,5.807
678.37,5.817
678.39,5.843
678.41,5.874
678.42,5.892
678.44,5.934
678.46,5.983
678.47,6.01
678.49,6.071
678.5,6.105
678.52,6.18
678.54,6.264
678.55,6.31
678.57,6.41
678.59,6.52
678.6,6.58
678.62,6.706
678.64,6.843
678.65,6.916
678.67,7.07
678.69,7.234
678.7,7.32
678.72,7.501
678.74,7.691
678.75,7.789
678.77,7.993
678.79,8.206
678.8,8.315
678.82,8.539
678.84,8.769
678.85,8.887
678.87,9.125
678.88,9.246
678.9,9.49
678.92,9.737
678.93,9.861
678.95,10.11
678.97,10.36
678.98,10.48
679.0,10.72
679.02,10.96
679.03,11.08
679.05,11.31
679.07,11.53
679.08,11.64
679.1,11.85
679.12,12.04
679.13,12.13
679.15,12.31
679.17,12.47
679.18,12.54
679.2,12.67
679.21,12.73
679.23,12.84
679.25,12.92
679.26,12.95
679.28,13.0
679.3,13.03
679.31,13.03
679.33,13.02
679.35,12.99
679.36,12.96
679.38,12.89
679.4,12.79
679.41,12.74
679.43,12.6
679.45,12.44
679.46,12.36
679.48,12.16
679.5,11.95
679.51,11.83
679.53,11.59
679.55,11.33
679.56,11.19
679.58,10.91
679.59,10.76
679.61,10.46
679.63,10.15
679.64,9.992
679.66,9.672
679.68,9.35
679.69,9.189
679.71,8.868
679.73,8.55
679.74,8.394
679.76,8.087
679.78,7.791
679.79,7.647
679.81,7.37
679.83,7.109
679.84,6.985
679.86,6.752
679.88,6.539
679.89,6.44
679.91,6.26
679.93,6.103
679.94,6.034
679.96,5.915
679.97,5.864
679.99,5.783
680.01,5.726
680.02,5.708
680.04,5.689
680.06,5.695
680.07,5.707
680.09,5.749
680.11,5.813
680.12,5.853
680.14,5.948
680.16,6.062
680.17,6.126
680.19,6.265
680.21,6.42
680.22,6.502
680.24,6.675
680.26,6.858
680.27,6.953
680.29,7.149
680.3,7.249
680.32,7.452
680.34,7.658
680.35,7.762
680.37,7.97
680.39,8.178
680.4,8.281
680.42,8.485
680.44,8.687
680.45,8.786
680.47,8.981
680.49,9.172
680.5,9.265
680.52,9.449
680.54,9.628
680.55,9.717
680.57,9.891
680.59,10.06
680.6,10.15
680.62,10.32
680.64,10.49
680.65,10.58
680.67,10.76
680.68,10.86
680.7,11.05
680.72,11.26
680.73,11.38
680.75,11.62
680.77,11.88
680.78,12.02
680.8,12.34
680.82,12.69
680.83,12.88
680.85,13.31
680.87,13.79
680.88,14.06
680.9,14.65
680.92,15.32
680.93,15.69
680.95,16.5
680.97,17.42
680.98,17.92
681.0,19.02
681.02,20.26
681.03,20.93
681.05,22.4
681.06,23.2
681.08,24.93
681.1,26.85
681.11,27.89
681.13,30.12
681.15,32.58
681.16,33.9
681.18,36.72
681.2,39.81
681.21,41.45
681.23,44.94
681.25,48.72
681.26,50.72
681.28,54.94
681.3,59.47
681.31,61.85
681.33,66.85
681.35,72.16
681.36,74.93
681.38,80.72
681.4,86.81
681.41,89.97
681.43,96.52
681.44,99.91
681.46,106.9
681.48,114.2
681.49,117.9
681.51,125.5
681.53,133.4
681.54,137.5
681.56,145.7
681.58,154.1
681.59,158.3
681.61,167.0
681.63,175.7
681.64,180.2
681.66,189.1
681.68,198.1
681.69,202.6
681.71,211.7
681.73,220.8
681.74,225.4
681.76,234.5
681.77,239.0
681.79,248.1
681.81,257.2
681.82,261.7
681.84,270.6
681.86,279.5
681.87,283.9
681.89,292.7
681.91,301.4
681.92,305.8
681.94,314.4
681.96,322.8
681.97,327.1
681.99,335.4
682.01,343.7
682.02,347.8
682.04,355.9
682.06,363.9
682.07,367.8
682.09,375.6
682.11,383.3
682.12,387.1
682.14,394.6
682.15,398.2
682.17,405.4
682.19,412.4
682.2,415.8
682.22,422.4
682.24,428.7
682.25,431.7
682.27,437.5
682.29,443.0
682.3,445.6
682.32,450.4
682.34,454.8
682.35,456.8
682.37,460.4
682.39,463.4
682.4,464.8
682.42,466.9
682.44,468.5
682.45,469.1
682.47,469.7
682.49,469.7
682.5,469.4
682.52,468.4
682.53,467.6
682.55,465.6
682.57,463.0
682.58,461.4
682.6,457.8
682.62,453.7
682.63,451.4
682.65,446.5
682.67,441.1
682.68,438.2
682.7,432.1
682.72,425.8
682.73,422.5
682.75,415.7
682.77,408.7
682.78,405.1
682.8,398.0
682.82,390.8
682.83,387.2
682.85,380.0
682.87,373.0
682.88,369.6
682.9,362.9
682.91,359.6
682.93,353.3
682.95,347.4
682.96,344.6
682.98,339.3
683.0,334.5
683.01,332.3
683.03,328.2
683.05,324.8
683.06,323.4
683.08,320.9
683.1,319.1
683.11,318.5
683.13,317.8
683.15,317.9
683.16,318.2
683.18,319.5
683.2,321.6
683.21,323.0
683.23,326.4
683.24,328.4
683.26,333.2
683.28,338.8
683.29,341.9
683.31,348.8
683.33,356.7
683.34,360.9
683.36,370.0
683.38,380.0
683.39,385.3
683.41,396.4
683.43,408.3
683.44,414.5
683.46,427.4
683.48,440.8
683.49,447.7
683.51,461.9
683.53,476.4
683.54,483.8
683.56,498.7
683.58,513.6
683.59,521.1
683.61,535.9
683.62,543.3
683.64,557.7
683.66,571.7
683.67,578.5
683.69,591.6
683.71,603.9
683.72,609.7
683.74,620.7
683.76,630.5
683.77,634.9
683.79,642.9
683.81,649.5
683.82,652.3
683.84,656.6
683.86,659.5
683.87,660.3
683.89,660.6
683.91,659.4
683.92,658.1
683.94,654.3
683.96,648.8
683.97,645.4
683.99,637.5
684.0,632.9
684.02,622.6
684.04,610.8
684.05,604.4
684.07,590.6
684.09,575.6
684.1,567.6
684.12,550.9
684.14,533.2
684.15,524.0
684.17,505.2
684.19,485.7
684.2,475.8
684.22,455.6
684.24,435.1
684.25,424.7
684.27,404.0
684.29,383.3
684.3,373.0
684.32,352.5
684.34,332.2
684.35,322.3
684.37,302.6
684.38,292.9
684.4,274.0
684.42,255.7
684.43,246.8
684.45,229.5
684.47,212.8
684.48,204.8
684.5,189.3
684.52,174.6
684.53,167.5
684.55,153.9
684.57,141.1
684.58,135.0
684.6,123.4
684.62,112.6
684.63,107.4
684.65,97.7
684.67,88.67
684.68,84.41
684.7,76.4
684.71,72.63
684.73,65.56
684.75,59.08
684.76,56.06
684.78,50.41
684.8,45.28
684.81,42.89
684.83,38.46
684.85,34.47
684.86,32.63
684.88,29.24
684.9,26.21
684.91,24.82
684.93,22.29
684.95,20.06
684.96,19.05
684.98,17.24
685.0,15.68
685.01,14.98
685.03,13.77
685.05,12.76
685.06,12.34
685.08,11.62
685.09,11.34
685.11,10.9
685.13,10.62
685.14,10.54
685.16,10.51
685.18,10.62
685.19,10.73
685.21,11.06
685.23,11.52
685.24,11.8
685.26,12.47
685.28,13.27
685.29,13.71
685.31,14.7
685.33,15.81
685.34,16.41
685.36,17.7
685.38,19.11
685.39,19.86
685.41,21.44
685.43,23.13
685.44,24.02
685.46,25.87
685.47,26.84
685.49,28.84
685.51,30.93
685.52,32.01
685.54,34.24
685.56,36.54
685.57,37.71
685.59,40.12
685.61,42.58
685.62,43.83
685.64,46.36
685.66,48.92
685.67,50.22
685.69,52.81
685.71,55.42
685.72,56.72
685.74,59.32
685.76,61.9
685.77,63.18
685.79,65.71
685.81,68.19
685.82,69.41
685.84,71.8
685.85,72.97
685.87,75.25
685.89,77.44
685.9,78.5
685.92,80.54
685.94,82.47
685.95,83.39
685.97,85.15
685.99,86.77
686.0,87.54
686.02,88.97
686.04,90.26
686.05,90.85
686.07,91.93
686.09,92.86
686.1,93.27
686.12,93.98
686.14,94.55
686.15,94.78
686.17,95.13
686.18,95.25
686.2,95.39
686.22,95.39
686.23,95.35
686.25,95.16
686.27,94.85
686.28,94.65
686.3,94.17
686.32,93.58
686.33,93.25
686.35,92.53
686.37,91.73
686.38,91.31
686.4,90.41
686.42,89.46
686.43,88.97
686.45,87.96
686.47,86.94
686.48,86.43
686.5,85.4
686.52,84.39
686.53,83.9
686.55,82.94
686.56,82.48
686.58,81.59
686.6,80.78
686.61,80.4
686.63,79.72
686.65,79.13
686.66,78.87
686.68,78.45
686.7,78.14
686.71,78.04
686.73,77.93
686.75,77.95
686.76,78.01
686.78,78.23
686.8,78.59
686.81,78.82
686.83,79.38
686.85,80.05
686.86,80.43
686.88,81.28
686.9,82.22
686.91,82.73
686.93,83.79
686.94,84.35
686.96,85.5
686.98,86.68
686.99,87.28
687.01,88.49
687.03,89.67
687.04,90.26
687.06,91.39
687.08,92.45
687.09,92.95
687.11,93.87
687.13,94.68
687.14,95.03
687.16,95.63
687.18,96.07
687.19,96.22
687.21,96.39
687.23,96.37
687.24,96.28
687.26,95.95
687.28,95.41
687.29,95.06
687.31,94.19
687.32,93.67
687.34,92.48
687.36,91.08
687.37,90.3
687.39,88.6
687.41,86.7
687.42,85.69
687.44,83.53
687.46,81.22
687.47,80.01
687.49,77.5
687.51,74.87
687.52,73.52
687.54,70.76
687.56,67.93
687.57,66.5
687.59,63.62
687.61,60.72
687.62,59.27
687.64,56.38
687.65,54.95
687.67,52.12
687.69,49.35
687.7,47.99
687.72,45.33
687.74,42.77
687.75,41.53
687.77,39.13
687.79,36.85
687.8,35.76
687.82,33.68
687.84,31.73
687.85,30.81
687.87,29.08
687.89,27.5
687.9,26.76
687.92,25.38
687.94,24.15
687.95,23.59
687.97,22.57
687.99,21.67
688.0,21.27
688.02,20.56
688.03,20.25
688.05,19.7
688.07,19.26
688.08,19.07
688.1,18.77
688.12,18.54
688.13,18.45
688.15,18.31
688.17,18.24
688.18,18.21
688.2,18.2
688.22,18.21
688.23,18.23
688.25,18.27
688.27,18.33
688.28,18.35
688.3,18.4
688.32,18.44
688.33,18.46
688.35,18.47
688.37,18.46
688.38,18.45
688.4,18.39
688.41,18.36
688.43,18.25
688.45,18.11
688.46,18.02
688.48,17.82
688.5,17.57
688.51,17.44
688.53,17.13
688.55,16.79
688.56,16.61
688.58,16.21
688.6,15.78
688.61,15.55
688.63,15.07
688.65,14.57
688.66,14.3
688.68,13.76
688.7,13.21
688.71,12.92
688.73,12.35
688.74,12.05
688.76,11.46
688.78,10.87
688.79,10.57
688.81,9.982
688.83,9.396
688.84,9.105
688.86,8.532
688.88,7.971
688.89,7.696
688.91,7.157
688.93,6.637
688.94,6.384
688.96,5.893
688.98,5.424
688.99,5.198
689.01,4.763
689.03,4.351
689.04,4.154
689.06,3.778
689.08,3.426
689.09,3.259
689.11,2.943
689.12,2.793
689.14,2.512
689.16,2.252
689.17,2.13
689.19,1.903
689.21,1.696
689.22,1.599
689.24,1.421
689.26,1.261
689.27,1.187
689.29,1.052
689.31,0.9325
689.32,0.8786
689.34,0.7817
689.36,0.6988
689.37,0.6624
689.39,0.5995
689.41,0.5495
689.42,0.5292
689.44,0.4981
689.46,0.4795
689.47,0.475
689.49,0.4758
689.5,0.4813
689.52,0.5026
689.54,0.5387
689.55,0.5626
689.57,0.623
689.59,0.7015
689.6,0.7481
689.62,0.8572
689.64,0.9896
689.65,1.065
689.67,1.238
689.69,1.441
689.7,1.555
689.72,1.81
689.74,2.106
689.75,2.271
689.77,2.635
689.79,3.052
689.8,3.282
689.82,3.787
689.84,4.359
689.85,4.671
689.87,5.354
689.88,5.726
689.9,6.536
689.92,7.439
689.93,7.927
689.95,8.982
689.97,10.15
689.98,10.77
690.0,12.12
690.02,13.59
690.03,14.38
690.05,16.05
690.07,17.87
690.08,18.83
690.1,20.87
690.12,23.06
690.13,24.21
690.15,26.64
690.17,29.21
690.18,30.56
690.2,33.37
690.21,34.83
690.23,37.87
690.25,41.05
690.26,42.69
690.28,46.07
690.3,49.57
690.31,51.36
690.33,55.02
690.35,58.77
690.36,60.67
690.38,64.52
690.4,68.42
690.41,70.37
690.43,74.3
690.45,78.21
690.46,80.15
690.48,84.0
690.5,87.79
690.51,89.64
690.53,93.28
690.55,96.78
690.56,98.47
690.58,101.7
690.59,103.3
690.61,106.2
690.63,109.0
690.64,110.2
690.66,112.6
690.68,114.7
690.69,115.6
690.71,117.3
690.73,118.6
690.74,119.1
690.76,120.0
690.78,120.5
690.79,120.7
690.81,120.7
690.83,120.5
690.84,120.2
690.86,119.5
690.88,118.4
690.89,117.8
690.91,116.4
690.93,114.6
690.94,113.7
690.96,111.6
690.97,110.5
690.99,108.2
691.01,105.7
691.02,104.4
691.04,101.8
691.06,99.02
691.07,97.63
691.09,94.84
691.11,92.06
691.12,90.68
691.14,87.99
691.16,85.4
691.17,84.16
691.19,81.79
691.21,79.63
691.22,78.63
691.24,76.84
691.26,75.33
691.27,74.7
691.29,73.69
691.31,73.07
691.32,72.91
691.34,72.92
691.35,73.1
691.37,73.81
691.39,75.04
691.4,75.85
691.42,77.89
691.44,80.51
691.45,82.04
691.47,85.56
691.49,89.72
691.5,92.03
691.52,97.16
691.54,103.0
691.55,106.1
691.57,112.9
691.59,120.4
691.6,124.4
691.62,132.9
691.64,142.0
691.65,146.8
691.67,156.9
691.68,162.2
691.7,173.2
691.72,184.8
691.73,190.8
691.75,203.1
691.77,215.9
691.78,222.4
691.8,235.8
691.82,249.5
691.83,256.4
691.85,270.4
691.87,284.6
691.88,291.7
691.9,305.9
691.92,320.0
691.93,327.0
691.95,340.8
691.97,354.3
691.98,361.0
692.0,373.9
692.02,386.3
692.03,392.2
692.05,403.6
692.06,409.1
692.08,419.4
692.1,428.8
692.11,433.2
692.13,441.2
692.15,448.2
692.16,451.3
692.18,456.7
692.2,461.0
692.21,462.7
692.23,465.2
692.25,466.6
692.26,466.8
692.28,466.4
692.3,464.8
692.31,463.5
692.33,460.2
692.35,455.9
692.36,453.3
692.38,447.3
692.4,440.4
692.41,436.7
692.43,428.5
692.44,424.0
692.46,414.7
692.48,404.7
692.49,399.4
692.51,388.5
692.53,377.2
692.54,371.4
692.56,359.6
692.58,347.5
692.59,341.4
692.61,329.1
692.63,316.7
692.64,310.6
692.66,298.3
692.68,286.2
692.69,280.2
692.71,268.3
692.73,256.8
692.74,251.1
692.76,240.0
692.78,229.3
692.79,224.1
692.81,214.0
692.82,209.2
692.84,199.7
692.86,190.7
692.87,186.3
692.89,178.0
692.91,170.1
692.92,166.3
692.94,159.0
692.96,152.2
692.97,148.9
692.99,142.7
693.01,136.8
693.02,134.0
693.04,128.6
693.06,123.6
693.07,121.1
693.09,116.5
693.11,112.2
693.12,110.1
693.14,106.0
693.15,104.1
693.17,100.4
693.19,96.81
693.2,95.09
693.22,91.75
693.24,88.53
693.25,86.97
693.27,83.92
693.29,80.95
693.3,79.5
693.32,76.66
693.34,73.89
693.35,72.52
693.37,69.84
693.39,67.2
693.4,65.9
693.42,63.34
693.44,60.83
693.45,59.59
693.47,57.14
693.49,54.73
693.5,53.55
693.52,51.21
693.53,50.06
693.55,47.8
693.57,45.58
693.58,44.49
693.6,42.36
693.62,40.28
693.63,39.26
693.65,37.27
693.67,35.34
693.68,34.4
693.7,32.57
693.72,30.8
693.73,29.94
693.75,28.28
693.77,26.68
693.78,25.91
693.8,24.42
693.82,22.99
693.83,22.31
693.85,20.99
693.87,19.74
693.88,19.14
693.9,17.99
693.91,17.44
693.93,16.38
693.95,15.38
693.96,14.91
693.98,14.0
694.0,13.15
694.01,12.75
694.03,11.97
694.05,11.25
694.06,10.91
694.08,10.25
694.1,9.64
694.11,9.349
694.13,8.796
694.15,8.28
694.16,8.034
694.18,7.568
694.2,7.133
694.21,6.926
694.23,6.535
694.25,6.171
694.26,5.999
694.28,5.674
694.29,5.52
694.31,5.232
694.33,4.968
694.34,4.845
694.36,4.616
694.38,4.412
694.39,4.319
694.41,4.151
694.43,4.009
694.44,3.948
694.46,3.845
694.48,3.771
694.49,3.745
694.51,3.715
694.53,3.717
694.54,3.73
694.56,3.783
694.58,3.872
694.59,3.931
694.61,4.077
694.62,4.166
694.64,4.375
694.66,4.628
694.67,4.771
694.69,5.093
694.71,5.464
694.72,5.668
694.74,6.114
694.76,6.611
694.77,6.88
694.79,7.457
694.81,8.088
694.82,8.424
694.84,9.135
694.86,9.9
694.87,10.3
694.89,11.15
694.91,12.04
694.92,12.5
694.94,13.47
694.96,14.48
694.97,15.0
694.99,16.06
695.0,16.61
695.02,17.73
695.04,18.87
695.05,19.45
695.07,20.62
695.09,21.79
695.1,22.39
695.12,23.57
695.14,24.74
695.15,25.32
695.17,26.47
695.19,27.58
695.2,28.13
695.22,29.19
695.24,30.2
695.25,30.68
695.27,31.61
695.29,32.46
695.3,32.86
695.32,33.6
695.34,34.26
695.35,34.55
695.37,35.07
695.38,35.29
695.4,35.66
695.42,35.92
695.43,36.02
695.45,36.12
695.47,36.12
695.48,36.08
695.5,35.92
695.52,35.66
695.53,35.48
695.55,35.06
695.57,34.55
695.58,34.25
695.6,33.59
695.62,32.85
695.63,32.45
695.65,31.6
695.67,30.67
695.68,30.18
695.7,29.17
695.72,28.1
695.73,27.55
695.75,26.43
695.76,25.86
695.78,24.69
695.8,23.51
695.81,22.92
695.83,21.72
695.85,20.53
695.86,19.94
695.88,18.76
695.9,17.6
695.91,17.03
695.93,15.91
695.95,14.81
695.96,14.28
695.98,13.24
696.0,12.24
696.01,11.76
696.03,10.83
696.05,9.938
696.06,9.511
696.08,8.693
696.09,8.303
696.11,7.557
696.13,6.859
696.14,6.528
696.16,5.901
696.18,5.32
696.19,5.046
696.21,4.531
696.23,4.059
696.24,3.838
696.26,3.425
696.28,3.05
696.29,2.875
696.31,2.552
696.33,2.261
696.34,2.126
696.36,1.879
696.38,1.658
696.39,1.556
696.41,1.371
696.43,1.207
696.44,1.133
696.46,0.9983
696.47,0.9374
696.49,0.8275
696.51,0.7325
696.52,0.6901
696.54,0.6147
696.56,0.5509
696.57,0.523
696.59,0.4747
696.61,0.4358
696.62,0.4196
696.64,0.3933
696.66,0.3748
696.67,0.3684
696.69,0.3608
696.71,0.3604
696.72,0.3627
696.74,0.3726
696.76,0.3895
696.77,0.4006
696.79,0.4282
696.81,0.4633
696.82,0.4838
696.84,0.5308
696.85,0.5575
696.87,0.6175
696.89,0.6868
696.9,0.7252
696.92,0.8096
696.94,0.905
696.95,0.957
696.97,1.07
696.99,1.196
697.0,1.263
697.02,1.409
697.04,1.57
697.05,1.655
697.07,1.839
697.09,2.037
697.1,2.143
697.12,2.367
697.14,2.607
697.15,2.734
697.17,3.0
697.19,3.283
697.2,3.431
697.22,3.739
697.23,3.9
697.25,4.233
697.27,4.582
697.28,4.762
697.3,5.133
697.32,5.516
697.33,5.712
697.35,6.113
697.37,6.523
697.38,6.731
697.4,7.151
697.42,7.575
697.43,7.788
697.45,8.215
697.47,8.64
697.48,8.851
697.5,9.269
697.52,9.678
697.53,9.878
697.55,10.27
697.56,10.46
697.58,10.83
697.6,11.18
697.61,11.34
697.63,11.66
697.65,11.95
697.66,12.08
697.68,12.33
697.7,12.55
697.71,12.65
697.73,12.82
697.75,12.96
697.76,13.01
697.78,13.1
697.8,13.15
697.81,13.17
697.83,13.17
697.85,13.14
697.86,13.12
697.88,13.04
697.9,12.94
697.91,12.88
697.93,12.73
697.94,12.65
697.96,12.48
697.98,12.29
697.99,12.19
698.01,11.97
698.03,11.75
698.04,11.64
698.06,11.41
698.08,11.19
698.09,11.07
698.11,10.86
698.13,10.65
698.14,10.55
698.16,10.37
698.18,10.21
698.19,10.13
698.21,10.01
698.23,9.913
698.24,9.876
698.26,9.828
698.28,9.815
698.29,9.822
698.31,9.864
698.32,9.9
698.34,10.0
698.36,10.14
698.37,10.23
698.39,10.43
698.41,10.67
698.42,10.81
698.44,11.1
698.46,11.44
698.47,11.61
698.49,12.0
698.51,12.41
698.52,12.62
698.54,13.07
698.56,13.53
698.57,13.77
698.59,14.26
698.61,14.76
698.62,15.01
698.64,15.51
698.65,15.75
698.67,16.25
698.69,16.72
698.7,16.96
698.72,17.41
698.74,17.84
698.75,18.04
698.77,18.42
698.79,18.77
698.8,18.93
698.82,19.21
698.84,19.45
698.85,19.55
698.87,19.72
698.89,19.84
698.9,19.87
698.92,19.91
698.94,19.89
698.95,19.86
698.97,19.75
698.99,19.6
699.0,19.5
699.02,19.26
699.03,19.12
699.05,18.8
699.07,18.44
699.08,18.24
699.1,17.81
699.12,17.34
699.13,17.1
699.15,16.57
699.17,16.02
699.18,15.73
699.2,15.14
699.22,14.53
699.23,14.22
699.25,13.59
699.27,12.95
699.28,12.63
699.3,11.98
699.32,11.34
699.33,11.01
699.35,10.38
699.37,9.756
699.38,9.449
699.4,8.847
699.41,8.553
699.43,7.98
699.45,7.43
699.46,7.163
699.48,6.651
699.5,6.165
699.51,5.933
699.53,5.491
699.55,5.081
699.56,4.887
699.58,4.524
699.6,4.194
699.61,4.042
699.63,3.762
699.65,3.516
699.66,3.406
699.68,3.211
699.7,3.05
699.71,2.983
699.73,2.874
699.75,2.799
699.76,2.774
699.78,2.75
699.79,2.751
699.81,2.778
699.83,2.839
699.84,2.882
699.86,2.994
699.88,3.139
699.89,3.224
699.91,3.419
699.93,3.647
699.94,3.773
699.96,4.05
699.98,4.359
699.99,4.526
700.01,4.883
700.03,5.271
700.04,5.477
700.06,5.91
700.08,6.372
700.09,6.613
700.11,7.117
700.12,7.378
700.14,7.919
700.16,8.482
700.17,8.772
700.19,9.367
700.21,9.979
700.22,10.29
700.24,10.92
700.26,11.57
700.27,11.89
700.29,12.55
700.31,13.2
700.32,13.53
700.34,14.18
700.36,14.83
700.37,15.15
700.39,15.77
700.41,16.38
700.42,16.68
700.44,17.26
700.46,17.81
700.47,18.07
700.49,18.58
700.5,18.81
700.52,19.26
700.54,19.67
700.55,19.85
700.57,20.19
700.59,20.48
700.6,20.61
700.62,20.82
700.64,20.98
700.65,21.04
700.67,21.11
700.69,21.14
700.7,21.13
700.72,21.06
700.74,20.94
700.75,20.87
700.77,20.67
700.79,20.42
700.8,20.27
700.82,19.95
700.84,19.57
700.85,19.37
700.87,18.93
700.88,18.7
700.9,18.21
700.92,17.68
700.93,17.41
700.95,16.84
700.97,16.25
700.98,15.94
701.0,15.32
701.02,14.69
701.03,14.37
701.05,13.72
701.07,13.07
701.08,12.75
701.1,12.1
701.12,11.46
701.13,11.14
701.15,10.52
701.17,9.906
701.18,9.606
701.2,9.018
701.22,8.451
701.23,8.175
701.25,7.64
701.26,7.382
701.28,6.883
701.3,6.411
701.31,6.184
701.33,5.752
701.35,5.346
701.36,5.154
701.38,4.789
701.4,4.452
701.41,4.293
701.43,3.995
701.45,3.723
701.46,3.597
701.48,3.362
701.5,3.15
701.51,3.053
701.53,2.874
701.55,2.716
701.56,2.644
701.58,2.514
701.59,2.456
701.61,2.352
701.63,2.262
701.64,2.223
701.66,2.154
701.68,2.096
701.69,2.072
701.71,2.03
701.73,1.997
701.74,1.984
701.76,1.962
701.78,1.946
701.79,1.94
701.81,1.931
701.83,1.927
701.84,1.925
701.86,1.925
701.88,1.926
701.89,1.927
701.91,1.931
701.93,1.934
701.94,1.936
701.96,1.939
701.97,1.941
701.99,1.943
702.01,1.945
702.02,1.945
702.04,1.945
702.06,1.942
702.07,1.941
702.09,1.936
702.11,1.929
702.12,1.925
702.14,1.915
702.16,1.904
702.17,1.897
702.19,1.882
702.21,1.865
702.22,1.856
702.24,1.836
702.26,1.813
702.27,1.802
702.29,1.776
702.31,1.749
702.32,1.735
702.34,1.706
702.35,1.69
702.37,1.658
702.39,1.624
702.4,1.607
702.42,1.571
702.44,1.533
702.45,1.515
702.47,1.476
702.49,1.436
702.5,1.416
702.52,1.376
702.54,1.336
702.55,1.316
702.57,1.276
702.59,1.236
702.6,1.217
702.62,1.18
702.64,1.145
702.65,1.128
702.67,1.097
702.69,1.071
702.7,1.06
702.72,1.042
702.73,1.035
702.75,1.029
702.77,1.034
702.78,1.04
702.8,1.065
702.82,1.106
702.83,1.135
702.85,1.21
702.87,1.313
702.88,1.376
702.9,1.533
702.92,1.734
702.93,1.854
702.95,2.139
702.97,2.495
702.98,2.704
703.0,3.191
703.02,3.786
703.03,4.13
703.05,4.926
703.06,5.383
703.08,6.434
703.1,7.693
703.11,8.41
703.13,10.05
703.15,11.99
703.16,13.08
703.18,15.57
703.2,18.49
703.21,20.14
703.23,23.83
703.25,28.14
703.26,30.54
703.28,35.92
703.3,42.13
703.31,45.59
703.33,53.25
703.35,62.04
703.36,66.89
703.38,77.6
703.4,89.76
703.41,96.44
703.43,111.1
703.44,119.1
703.46,136.6
703.48,156.2
703.49,166.9
703.51,190.0
703.53,215.8
703.54,229.7
703.56,259.7
703.58,292.8
703.59,310.5
703.61,348.5
703.63,390.1
703.64,412.3
703.66,459.4
703.68,510.5
703.69,537.6
703.71,594.8
703.73,656.2
703.74,688.4
703.76,756.2
703.78,828.2
703.79,865.9
703.81,944.2
703.82,985.0
703.84,1069.0
703.86,1158.0
703.87,1204.0
703.89,1297.0
703.91,1395.0
703.92,1444.0
703.94,1546.0
703.96,1649.0
703.97,1702.0
703.99,1808.0
704.01,1916.0
704.02,1970.0
704.04,2078.0
704.06,2185.0
704.07,2239.0
704.09,2345.0
704.11,2448.0
704.12,2499.0
704.14,2598.0
704.16,2694.0
704.17,2740.0
704.19,2828.0
704.2,2870.0
704.22,2949.0
704.24,3022.0
704.25,3056.0
704.27,3118.0
704.29,3172.0
704.3,3196.0
704.32,3238.0
704.34,3270.0
704.35,3283.0
704.37,3301.0
704.39,3311.0
704.4,3311.0
704.42,3306.0
704.44,3291.0
704.45,3281.0
704.47,3252.0
704.49,3214.0
704.5,3192.0
704.52,3141.0
704.53,3113.0
704.55,3051.0
704.57,2981.0
704.58,2944.0
704.6,2864.0
704.62,2779.0
704.63,2735.0
704.65,2642.0
704.67,2546.0
704.68,2497.0
704.7,2396.0
704.72,2294.0
704.73,2242.0
704.75,2138.0
704.77,2033.0
704.78,1981.0
704.8,1878.0
704.82,1776.0
704.83,1726.0
704.85,1628.0
704.87,1533.0
704.88,1486.0
704.9,1397.0
704.91,1353.0
704.93,1270.0
704.95,1192.0
704.96,1155.0
704.98,1084.0
705.0,1020.0
705.01,989.5
705.03,933.6
705.05,883.8
705.06,861.2
705.08,820.8
705.1,786.6
705.11,771.9
705.13,747.3
705.15,728.9
705.16,722.1
705.18,713.1
705.2,710.1
705.21,710.9
705.23,716.9
705.25,728.5
705.26,736.4
705.28,756.3
705.29,768.1
705.31,795.6
705.33,827.8
705.34,845.6
705.36,884.4
705.38,927.2
705.39,949.9
705.41,997.9
705.43,1049.0
705.44,1076.0
705.46,1130.0
705.48,1187.0
705.49,1216.0
705.51,1275.0
705.53,1335.0
705.54,1365.0
705.56,1426.0
705.58,1486.0
705.59,1516.0
705.61,1575.0
705.63,1632.0
705.64,1660.0
705.66,1715.0
705.67,1741.0
705.69,1792.0
705.71,1839.0
705.72,1862.0
705.74,1904.0
705.76,1943.0
705.77,1961.0
705.79,1993.0
705.81,2021.0
705.82,2033.0
705.84,2054.0
705.86,2070.0
705.87,2076.0
705.89,2085.0
705.91,2089.0
705.92,2090.0
705.94,2087.0
705.96,2080.0
705.97,2074.0
705.99,2061.0
706.0,2052.0
706.02,2033.0
706.04,2010.0
706.05,1997.0
706.07,1969.0
706.09,1938.0
706.1,1921.0
706.12,1886.0
706.14,1849.0
706.15,1830.0
706.17,1791.0
706.19,1750.0
706.2,1729.0
706.22,1687.0
706.24,1644.0
706.25,1623.0
706.27,1579.0
706.29,1536.0
706.3,1514.0
706.32,1471.0
706.34,1428.0
706.35,1407.0
706.37,1365.0
706.38,1345.0
706.4,1304.0
706.42,1263.0
706.43,1243.0
706.45,1204.0
706.47,1166.0
706.48,1147.0
706.5,1110.0
706.52,1073.0
706.53,1055.0
706.55,1020.0
706.57,984.6
706.58,967.4
706.6,933.2
706.62,899.6
706.63,883.0
706.65,850.1
706.67,817.6
706.68,801.5
706.7,769.6
706.72,738.0
706.73,722.4
706.75,691.3
706.76,676.0
706.78,645.5
706.8,615.4
706.81,600.5
706.83,571.0
706.85,542.1
706.86,527.7
706.88,499.5
706.9,471.8
706.91,458.2
706.93,431.5
706.95,405.5
706.96,392.7
706.98,367.8
707.0,343.6
707.01,331.8
707.03,308.9
707.05,286.9
707.06,276.3
707.08,255.6
707.1,236.0
707.11,226.5
707.13,208.2
707.14,199.5
707.16,182.7
707.18,166.9
707.19,159.4
707.21,145.0
707.23,131.6
707.24,125.2
707.26,113.2
707.28,102.0
707.29,96.76
707.31,86.87
707.33,77.77
707.34,73.51
707.36,65.54
707.38,58.28
707.39,54.9
707.41,48.62
707.43,42.95
707.44,40.33
707.46,35.48
707.47,33.25
707.49,29.15
707.51,25.5
707.52,23.83
707.54,20.78
707.56,18.08
707.57,16.86
707.59,14.65
707.61,12.72
707.62,11.85
707.64,10.29
707.66,8.956
707.67,8.362
707.69,7.311
707.71,6.426
707.72,6.041
707.74,5.374
707.76,4.835
707.77,4.608
707.79,4.234
707.81,3.956
707.82,3.85
707.84,3.699
707.85,3.652
707.87,3.61
707.89,3.631
707.9,3.664
707.92,3.772
707.94,3.93
707.95,4.028
707.97,4.255
707.99,4.525
708.0,4.674
708.02,5.0
708.04,5.361
708.05,5.554
708.07,5.961
708.09,6.397
708.1,6.624
708.12,7.098
708.14,7.592
708.15,7.847
708.17,8.37
708.19,8.907
708.2,9.181
708.22,9.735
708.23,10.02
708.25,10.58
708.27,11.15
708.28,11.43
708.3,11.99
708.32,12.55
708.33,12.82
708.35,13.37
708.37,13.89
708.38,14.15
708.4,14.64
708.42,15.11
708.43,15.34
708.45,15.76
708.47,16.16
708.48,16.34
708.5,16.68
708.52,16.98
708.53,17.11
708.55,17.35
708.56,17.45
708.58,17.62
708.6,17.75
708.61,17.79
708.63,17.85
708.65,17.86
708.66,17.84
708.68,17.78
708.7,17.68
708.71,17.61
708.73,17.45
708.75,17.24
708.76,17.12
708.78,16.86
708.8,16.57
708.81,16.41
708.83,16.07
708.85,15.71
708.86,15.52
708.88,15.13
708.9,14.73
708.91,14.52
708.93,14.1
708.94,13.89
708.96,13.46
708.98,13.03
708.99,12.82
709.01,12.4
709.03,11.98
709.04,11.78
709.06,11.38
709.08,11.0
709.09,10.81
709.11,10.45
709.13,10.11
709.14,9.947
709.16,9.637
709.18,9.347
709.19,9.21
709.21,8.951
709.23,8.714
709.24,8.603
709.26,8.396
709.28,8.209
709.29,8.122
709.31,7.961
709.32,7.887
709.34,7.75
709.36,7.626
709.37,7.569
709.39,7.463
709.41,7.366
709.42,7.32
709.44,7.234
709.46,7.152
709.47,7.112
709.49,7.033
709.51,6.955
709.52,6.915
709.54,6.834
709.56,6.75
709.57,6.705
709.59,6.613
709.61,6.515
709.62,6.463
709.64,6.353
709.66,6.236
709.67,6.174
709.69,6.045
709.7,5.977
709.72,5.834
709.74,5.683
709.75,5.605
709.77,5.442
709.79,5.273
709.8,5.185
709.82,5.006
709.84,4.821
709.85,4.727
709.87,4.536
709.89,4.342
709.9,4.244
709.92,4.046
709.94,3.848
709.95,3.749
709.97,3.552
709.99,3.356
710.0,3.259
710.02,3.068
710.03,2.974
710.05,2.788
710.07,2.608
710.08,2.52
710.1,2.349
710.12,2.185
710.13,2.105
710.15,1.952
710.17,1.806
710.18,1.737
710.2,1.604
710.22,1.48
710.23,1.421
710.25,1.311
710.27,1.21
710.28,1.163
710.3,1.077
710.32,1.0
710.33,0.9655
710.35,0.9038
710.37,0.8523
710.38,0.8304
710.4,0.7944
710.41,0.7805
710.43,0.7606
710.45,0.7519
710.46,0.7517
710.48,0.7602
710.5,0.7806
710.51,0.7954
710.53,0.8347
710.55,0.8872
710.56,0.9186
710.58,0.9921
710.6,1.081
710.61,1.131
710.63,1.243
710.65,1.372
710.66,1.443
710.68,1.599
710.7,1.774
710.71,1.869
710.73,2.074
710.75,2.3
710.76,2.422
710.78,2.682
710.79,2.82
710.81,3.116
710.83,3.435
710.84,3.604
710.86,3.961
710.88,4.343
710.89,4.543
710.91,4.964
710.93,5.409
710.94,5.641
710.96,6.123
710.98,6.63
710.99,6.891
711.01,7.431
711.03,7.992
711.04,8.279
711.06,8.868
711.08,9.472
711.09,9.779
711.11,10.4
711.13,11.03
711.14,11.35
711.16,11.99
711.17,12.31
711.19,12.95
711.21,13.59
711.22,13.91
711.24,14.53
711.26,15.13
711.27,15.43
711.29,16.01
711.31,16.56
711.32,16.83
711.34,17.34
711.36,17.81
711.37,18.04
711.39,18.46
711.41,18.83
711.42,19.0
711.44,19.31
711.46,19.57
711.47,19.68
711.49,19.87
711.5,19.94
711.52,20.05
711.54,20.1
711.55,20.11
711.57,20.09
711.59,20.02
711.6,19.97
711.62,19.83
711.64,19.64
711.65,19.54
711.67,19.29
711.69,19.02
711.7,18.87
711.72,18.55
711.74,18.2
711.75,18.03
711.77,17.66
711.79,17.29
711.8,17.1
711.82,16.73
711.84,16.37
711.85,16.2
711.87,15.86
711.88,15.7
711.9,15.41
711.92,15.15
711.93,15.03
711.95,14.84
711.97,14.7
711.98,14.66
712.0,14.61
712.02,14.62
712.03,14.66
712.05,14.79
712.07,15.0
712.08,15.13
712.1,15.47
712.12,15.89
712.13,16.14
712.15,16.7
712.17,17.36
712.18,17.72
712.2,18.52
712.22,19.41
712.23,19.89
712.25,20.92
712.26,21.47
712.28,22.64
712.3,23.89
712.31,24.55
712.33,25.92
712.35,27.36
712.36,28.11
712.38,29.65
712.4,31.25
712.41,32.07
712.43,33.73
712.45,35.43
712.46,36.29
712.48,38.03
712.5,39.78
712.51,40.65
712.53,42.4
712.55,44.13
712.56,44.99
712.58,46.68
712.6,48.33
712.61,49.14
712.63,50.72
712.64,51.48
712.66,52.97
712.68,54.38
712.69,55.05
712.71,56.34
712.73,57.55
712.74,58.11
712.76,59.18
712.78,60.14
712.79,60.59
712.81,61.41
712.83,62.14
712.84,62.46
712.86,63.04
712.88,63.54
712.89,63.75
712.91,64.12
712.93,64.41
712.94,64.53
712.96,64.73
712.97,64.81
712.99,64.93
713.01,65.01
713.02,65.04
713.04,65.09
713.06,65.13
713.07,65.15
713.09,65.21
713.11,65.29
713.12,65.35
713.14,65.5
713.16,65.71
713.17,65.85
713.19,66.18
713.21,66.62
713.22,66.89
713.24,67.51
713.26,68.28
713.27,68.72
713.29,69.73
713.31,70.92
713.32,71.6
713.34,73.1
713.35,73.94
713.37,75.8
713.39,77.92
713.4,79.08
713.42,81.63
713.44,84.49
713.45,86.04
713.47,89.41
713.49,93.15
713.5,95.17
713.52,99.51
713.54,104.3
713.55,106.8
713.57,112.3
713.59,118.3
713.6,121.4
713.62,128.2
713.64,135.5
713.65,139.4
713.67,147.6
713.69,156.4
713.7,161.0
713.72,170.8
713.73,175.9
713.75,186.6
713.77,198.0
713.78,204.0
713.8,216.4
713.82,229.5
713.83,236.3
713.85,250.3
713.87,265.0
713.88,272.5
713.9,288.1
713.92,304.2
713.93,312.4
713.95,329.3
713.97,346.5
713.98,355.2
714.0,372.9
714.02,390.9
714.03,399.9
714.05,418.0
714.07,436.1
714.08,445.1
714.1,463.1
714.11,471.9
714.13,489.4
714.15,506.5
714.16,514.8
714.18,531.1
714.2,546.6
714.21,554.0
714.23,568.2
714.25,581.4
714.26,587.7
714.28,599.2
714.3,609.5
714.31,614.2
714.33,622.5
714.35,629.3
714.36,632.2
714.38,636.8
714.4,639.8
714.41,640.7
714.43,641.3
714.44,641.0
714.46,639.1
714.48,635.7
714.49,633.3
714.51,627.5
714.53,620.1
714.54,615.8
714.56,606.1
714.58,595.1
714.59,589.1
714.61,576.1
714.63,561.9
714.64,554.4
714.66,538.6
714.68,521.9
714.69,513.2
714.71,495.3
714.73,476.8
714.74,467.3
714.76,448.0
714.78,428.4
714.79,418.5
714.81,398.5
714.82,388.5
714.84,368.6
714.86,348.7
714.87,338.8
714.89,319.2
714.91,300.0
714.92,290.5
714.94,271.9
714.96,253.8
714.97,245.0
714.99,227.7
715.01,211.1
715.02,203.1
715.04,187.6
715.06,172.7
715.07,165.6
715.09,151.9
715.11,138.9
715.12,132.7
715.14,120.9
715.16,109.9
715.17,104.6
715.19,94.68
715.2,89.97
715.22,81.08
715.24,72.87
715.25,69.02
715.27,61.78
715.29,55.15
715.3,52.05
715.32,46.28
715.34,41.03
715.35,38.6
715.37,34.08
715.39,30.01
715.4,28.14
715.42,24.68
715.44,21.58
715.45,20.17
715.47,17.57
715.49,15.26
715.5,14.21
715.52,12.3
715.54,10.61
715.55,9.85
715.57,8.469
715.58,7.845
715.6,6.719
715.62,5.742
715.63,5.304
715.65,4.518
715.67,3.843
715.68,3.542
715.7,3.007
715.72,2.553
715.73,2.352
715.75,2.0
715.77,1.706
715.78,1.579
715.8,1.36
715.82,1.184
715.83,1.11
715.85,0.9896
715.87,0.9019
715.88,0.8695
715.9,0.8264
715.91,0.8152
715.93,0.8131
715.95,0.8374
715.96,0.8595
715.98,0.9239
716.0,1.016
716.01,1.073
716.03,1.211
716.05,1.381
716.06,1.48
716.08,1.707
716.1,1.977
716.11,2.13
716.13,2.474
716.15,2.877
716.16,3.102
716.18,3.605
716.2,4.187
716.21,4.51
716.23,5.229
716.25,6.054
716.26,6.51
716.28,7.519
716.29,8.076
716.31,9.304
716.33,10.7
716.34,11.47
716.36,13.15
716.38,15.06
716.39,16.1
716.41,18.38
716.43,20.94
716.44,22.33
716.46,25.37
716.48,28.77
716.49,30.61
716.51,34.6
716.53,39.03
716.54,41.42
716.56,46.58
716.58,52.27
716.59,55.32
716.61,61.89
716.63,69.09
716.64,72.93
716.66,81.15
716.67,85.53
716.69,94.85
716.71,105.0
716.72,110.3
716.74,121.7
716.76,133.9
716.77,140.3
716.79,153.9
716.81,168.4
716.82,176.0
716.84,191.9
716.86,208.8
716.87,217.6
716.89,235.9
716.91,255.2
716.92,265.2
716.94,285.8
716.96,307.3
716.97,318.4
716.99,341.2
717.01,364.7
717.02,376.7
717.04,401.3
717.05,413.8
717.07,439.1
717.09,464.9
717.1,478.0
717.12,504.2
717.14,530.7
717.15,543.9
717.17,570.3
717.19,596.6
717.2,609.6
717.22,635.4
717.24,660.6
717.25,673.0
717.27,697.2
717.29,720.4
717.3,731.7
717.32,753.4
717.34,773.8
717.35,783.5
717.37,801.8
717.38,810.3
717.4,826.2
717.42,840.3
717.43,846.7
717.45,858.0
717.47,867.3
717.48,871.2
717.5,877.5
717.52,881.6
717.53,882.8
717.55,883.7
717.57,882.4
717.58,880.9
717.6,876.4
717.62,869.8
717.63,865.7
717.65,855.9
717.67,844.2
717.68,837.7
717.7,823.2
717.72,806.9
717.73,798.2
717.75,779.6
717.76,769.7
717.78,749.0
717.8,727.0
717.81,715.7
717.83,692.1
717.85,667.7
717.86,655.2
717.88,629.8
717.9,603.8
717.91,590.7
717.93,564.3
717.95,537.7
717.96,524.4
717.98,497.9
718.0,471.5
718.01,458.4
718.03,432.6
718.05,407.1
718.06,394.6
718.08,370.1
718.1,346.2
718.11,334.5
718.13,311.8
718.14,300.7
718.16,279.2
718.18,258.6
718.19,248.7
718.21,229.5
718.23,211.3
718.24,202.6
718.26,185.8
718.28,170.0
718.29,162.5
718.31,148.1
718.33,134.7
718.34,128.4
718.36,116.4
718.38,105.2
718.39,99.95
718.41,90.06
718.43,80.96
718.44,76.7
718.46,68.72
718.47,64.99
718.49,58.05
718.51,51.74
718.52,48.81
718.54,43.37
718.56,38.48
718.57,36.22
718.59,32.05
718.61,28.32
718.62,26.6
718.64,23.47
718.66,20.68
718.67,19.4
718.69,17.08
718.71,15.04
718.72,14.11
718.74,12.43
718.76,10.95
718.77,10.28
718.79,9.082
718.81,8.037
718.82,7.567
718.84,6.722
718.85,6.344
718.87,5.665
718.89,5.079
718.9,4.817
718.92,4.348
718.94,3.944
718.95,3.764
718.97,3.441
718.99,3.163
719.0,3.038
719.02,2.814
719.04,2.619
719.05,2.531
719.07,2.371
719.09,2.231
719.1,2.166
719.12,2.048
719.14,1.942
719.15,1.892
719.17,1.8
719.19,1.715
719.2,1.675
719.22,1.598
719.23,1.561
719.25,1.491
719.27,1.425
719.28,1.392
719.3,1.33
719.32,1.27
719.33,1.241
719.35,1.183
719.37,1.128
719.38,1.101
719.4,1.048
719.42,0.9972
719.43,0.9722
719.45,0.9234
719.47,0.8762
719.48,0.8531
719.5,0.8082
719.52,0.7649
719.53,0.7438
719.55,0.7028
719.57,0.6634
719.58,0.6443
719.6,0.6072
719.61,0.5893
719.63,0.5546
719.65,0.5214
719.66,0.5053
719.68,0.4744
719.7,0.4449
719.71,0.4307
719.73,0.4034
719.75,0.3774
719.76,0.3649
719.78,0.3409
719.8,0.3182
719.81,0.3074
719.83,0.2865
719.85,0.2669
719.86,0.2575
719.88,0.2396
719.9,0.2227
719.91,0.2147
719.93,0.1994
719.94,0.1922
719.96,0.1784
719.98,0.1656
719.99,0.1595
720.01,0.1481
720.03,0.1376
720.04,0.1326
720.06,0.1234
720.08,0.1149
720.09,0.111
720.11,0.1038
720.13,0.09738
720.14,0.09445
720.16,0.08913
720.18,0.08455
720.19,0.08253
720.21,0.07901
720.23,0.0762
720.24,0.07505
720.26,0.07327
720.28,0.07219
720.29,0.0719
720.31,0.07187
720.32,0.07212
720.34,0.07318
720.36,0.07502
720.37,0.07624
720.39,0.07935
720.41,0.08339
720.42,0.0858
720.44,0.09148
720.46,0.09843
720.47,0.1025
720.49,0.1117
720.51,0.1229
720.52,0.1293
720.54,0.144
720.56,0.1617
720.57,0.1718
720.59,0.1951
720.61,0.2231
720.62,0.2392
720.64,0.2762
720.66,0.3206
720.67,0.3462
720.69,0.4049
720.7,0.4386
720.72,0.516
720.74,0.6091
720.75,0.6623
720.77,0.7844
720.79,0.9305
720.8,1.014
720.82,1.204
720.84,1.431
720.85,1.56
720.87,1.853
720.89,2.2
720.9,2.397
720.92,2.841
720.94,3.363
720.95,3.657
720.97,4.319
720.99,5.092
721.0,5.525
721.02,6.494
721.04,7.617
721.05,8.242
721.07,9.635
721.08,10.41
721.1,12.12
721.12,14.09
721.13,15.18
721.15,17.57
721.17,20.29
721.18,21.78
721.2,25.06
721.22,28.76
721.23,30.77
721.25,35.17
721.27,40.1
721.28,42.77
721.3,48.56
721.32,55.0
721.33,58.47
721.35,65.95
721.37,74.19
721.38,78.61
721.4,88.08
721.41,93.14
721.43,103.9
721.45,115.7
721.46,121.9
721.48,135.2
721.5,149.5
721.51,157.0
721.53,172.9
721.55,189.9
721.56,198.8
721.58,217.4
721.6,237.2
721.61,247.5
721.63,269.0
721.65,291.5
721.66,303.2
721.68,327.3
721.7,352.4
721.71,365.3
721.73,391.7
721.75,419.0
721.76,432.9
721.78,461.1
721.79,475.5
721.81,504.6
721.83,534.1
721.84,548.9
721.86,578.7
721.88,608.5
721.89,623.3
721.91,652.9
721.93,682.1
721.94,696.5
721.96,724.8
721.98,752.4
721.99,765.8
722.01,791.8
722.03,816.7
722.04,828.6
722.06,851.3
722.08,872.4
722.09,882.3
722.11,900.8
722.13,917.3
722.14,924.8
722.16,938.2
722.17,944.0
722.19,954.1
722.21,961.9
722.22,964.9
722.24,969.1
722.26,971.0
722.27,971.0
722.29,969.2
722.31,965.1
722.32,962.2
722.34,954.5
722.36,944.7
722.37,938.9
722.39,925.8
722.41,910.7
722.42,902.4
722.44,884.5
722.46,864.8
722.47,854.4
722.49,832.4
722.51,809.1
722.52,797.0
722.54,771.9
722.55,759.0
722.57,732.5
722.59,705.3
722.6,691.5
722.62,663.5
722.64,635.1
722.65,620.9
722.67,592.3
722.69,563.7
722.7,549.5
722.72,521.2
722.74,493.2
722.75,479.4
722.77,452.1
722.79,425.5
722.8,412.4
722.82,386.7
722.84,361.9
722.85,349.8
722.87,326.2
722.88,314.8
722.9,292.6
722.92,271.4
722.93,261.1
722.95,241.4
722.97,222.6
722.98,213.7
723.0,196.4
723.02,180.2
723.03,172.4
723.05,157.7
723.07,143.8
723.08,137.3
723.1,124.9
723.12,113.3
723.13,107.8
723.15,97.54
723.17,88.03
723.18,83.57
723.2,75.18
723.22,67.49
723.23,63.9
723.25,57.18
723.26,54.04
723.28,48.2
723.3,42.9
723.31,40.44
723.33,35.88
723.35,31.77
723.36,29.87
723.38,26.36
723.4,23.21
723.41,21.76
723.43,19.11
723.45,16.74
723.46,15.65
723.48,13.67
723.5,11.92
723.51,11.12
723.53,9.664
723.55,8.386
723.56,7.807
723.58,6.759
723.6,5.845
723.61,5.434
723.63,4.695
723.64,4.364
723.66,3.773
723.68,3.269
723.69,3.046
723.71,2.654
723.73,2.328
723.74,2.188
723.76,1.95
723.78,1.764
723.79,1.69
723.81,1.577
723.83,1.51
723.84,1.493
723.86,1.491
723.88,1.533
723.89,1.571
723.91,1.68
723.93,1.836
723.94,1.932
723.96,2.165
723.98,2.454
723.99,2.62
724.01,3.003
724.02,3.221
724.04,3.712
724.06,4.286
724.07,4.607
724.09,5.323
724.11,6.145
724.12,6.601
724.14,7.607
724.16,8.753
724.17,9.383
724.19,10.77
724.21,12.33
724.22,13.18
724.24,15.05
724.26,17.14
724.27,18.27
724.29,20.74
724.31,23.49
724.32,24.98
724.34,28.19
724.35,29.93
724.37,33.66
724.39,37.78
724.4,39.99
724.42,44.73
724.44,49.92
724.45,52.69
724.47,58.6
724.49,65.02
724.5,68.44
724.52,75.69
724.54,83.53
724.55,87.67
724.57,96.42
724.59,105.8
724.6,110.7
724.62,121.1
724.64,132.2
724.65,137.9
724.67,150.0
724.69,162.8
724.7,169.4
724.72,183.3
724.73,190.4
724.75,205.3
724.77,220.8
724.78,228.7
724.8,245.2
724.82,262.2
724.83,271.0
724.85,288.8
724.87,307.2
724.88,316.5
724.9,335.5
724.92,354.8
724.93,364.6
724.95,384.2
724.97,404.0
724.98,414.0
725.0,433.8
725.02,453.6
725.03,463.4
725.05,482.9
725.07,502.0
725.08,511.4
725.1,529.8
725.11,538.7
725.13,556.2
725.15,572.8
725.16,580.8
725.18,596.1
725.2,610.4
725.21,617.1
725.23,629.6
725.25,640.8
725.26,645.9
725.28,655.1
725.3,662.8
725.31,666.1
725.33,671.5
725.35,675.4
725.36,676.7
725.38,678.1
725.4,677.8
725.41,677.1
725.43,674.4
725.45,670.1
725.46,667.3
725.48,660.6
725.49,656.6
725.51,647.7
725.53,637.2
725.54,631.5
725.56,619.1
725.58,605.4
725.59,598.1
725.61,582.8
725.63,566.5
725.64,558.0
725.66,540.4
725.68,522.2
725.69,512.9
725.71,493.8
725.73,474.4
725.74,464.5
725.76,444.8
725.78,424.9
725.79,415.0
725.81,395.2
725.82,385.4
725.84,366.0
725.86,347.0
725.87,337.6
725.89,319.3
725.91,301.6
725.92,293.0
725.94,276.3
725.96,260.4
725.97,252.8
725.99,238.2
726.01,224.5
726.02,218.1
726.04,205.9
726.06,194.7
726.07,189.5
726.09,179.9
726.11,171.4
726.12,167.5
726.14,160.7
726.16,154.9
726.17,152.5
726.19,148.4
726.2,146.8
726.22,144.4
726.24,143.0
726.25,142.7
726.27,143.0
726.29,144.3
726.3,145.4
726.32,148.2
726.34,152.0
726.35,154.3
726.37,159.6
726.39,165.7
726.4,169.1
726.42,176.6
726.44,184.8
726.45,189.2
726.47,198.6
726.49,208.7
726.5,213.9
726.52,225.0
726.54,236.5
726.55,242.5
726.57,254.8
726.58,261.0
726.6,273.9
726.62,287.0
726.63,293.7
726.65,307.1
726.67,320.7
726.68,327.5
726.7,341.1
726.72,354.5
726.73,361.2
726.75,374.4
726.77,387.3
726.78,393.7
726.8,406.0
726.82,417.8
726.83,423.6
726.85,434.5
726.87,444.8
726.88,449.7
726.9,458.9
726.92,467.3
726.93,471.1
726.95,478.2
726.96,481.3
726.98,486.9
727.0,491.5
727.01,493.4
727.03,496.5
727.05,498.5
727.06,499.1
727.08,499.5
727.1,498.9
727.11,498.2
727.13,496.1
727.15,493.0
727.16,491.1
727.18,486.6
727.2,481.3
727.21,478.3
727.23,471.8
727.25,464.5
727.26,460.7
727.28,452.5
727.29,448.2
727.31,439.3
727.33,430.0
727.34,425.2
727.36,415.4
727.38,405.5
727.39,400.5
727.41,390.5
727.43,380.5
727.44,375.5
727.46,365.7
727.48,356.1
727.49,351.4
727.51,342.3
727.53,333.6
727.54,329.4
727.56,321.3
727.58,313.8
727.59,310.2
727.61,303.5
727.63,297.3
727.64,294.5
727.66,289.2
727.67,286.8
727.69,282.4
727.71,278.6
727.72,277.0
727.74,274.0
727.76,271.6
727.77,270.5
727.79,268.8
727.81,267.5
727.82,267.0
727.84,266.2
727.86,265.8
727.87,265.7
727.89,265.5
727.91,265.6
727.92,265.6
727.94,265.7
727.96,265.9
727.97,265.9
727.99,266.0
728.01,265.9
728.02,265.8
728.04,265.3
728.05,265.0
728.07,264.2
728.09,263.1
728.1,262.4
728.12,260.7
728.14,258.6
728.15,257.4
728.17,254.7
728.19,251.6
728.2,249.9
728.22,246.1
728.24,241.9
728.25,239.6
728.27,234.8
728.29,229.5
728.3,226.8
728.32,220.9
728.34,214.8
728.35,211.6
728.37,205.0
728.38,201.6
728.4,194.6
728.42,187.4
728.43,183.7
728.45,176.3
728.47,168.8
728.48,165.0
728.5,157.3
728.52,149.7
728.53,145.9
728.55,138.3
728.57,130.7
728.58,127.0
728.6,119.6
728.62,112.4
728.63,108.9
728.65,101.9
728.67,95.22
728.68,91.94
728.7,85.56
728.72,79.43
728.73,76.47
728.75,70.74
728.76,67.98
728.78,62.67
728.8,57.64
728.81,55.24
728.83,50.64
728.85,46.32
728.86,44.26
728.88,40.36
728.9,36.73
728.91,35.01
728.93,31.77
728.95,28.78
728.96,27.37
728.98,24.73
729.0,22.31
729.01,21.18
729.03,19.07
729.05,17.15
729.06,16.26
729.08,14.6
729.1,13.1
729.11,12.41
729.13,11.13
729.14,10.54
729.16,9.452
729.18,8.477
729.19,8.03
729.21,7.208
729.23,6.475
729.24,6.139
729.26,5.524
729.28,4.978
729.29,4.728
729.31,4.271
729.33,3.865
729.34,3.68
729.36,3.34
729.38,3.038
729.39,2.9
729.41,2.647
729.43,2.42
729.44,2.316
729.46,2.124
729.48,1.952
729.49,1.873
729.51,1.726
729.52,1.658
729.54,1.531
729.56,1.416
729.57,1.362
729.59,1.262
729.61,1.17
729.62,1.127
729.64,1.047
729.66,0.974
729.67,0.9397
729.69,0.8757
729.71,0.8174
729.72,0.7904
729.74,0.7403
729.76,0.6956
729.77,0.6752
729.79,0.6384
729.81,0.6068
729.82,0.5931
729.84,0.5697
729.85,0.5601
729.87,0.5454
729.89,0.5366
729.9,0.5346
729.92,0.5355
729.94,0.5434
729.95,0.55
729.97,0.569
729.99,0.5961
730.0,0.6128
730.02,0.653
730.04,0.7028
730.05,0.7314
730.07,0.7967
730.09,0.8733
730.1,0.916
730.12,1.011
730.14,1.119
730.15,1.178
730.17,1.308
730.19,1.452
730.2,1.531
730.22,1.7
730.23,1.791
730.25,1.986
730.27,2.2
730.28,2.314
730.3,2.557
730.32,2.821
730.33,2.96
730.35,3.255
730.37,3.571
730.38,3.737
730.4,4.085
730.42,4.456
730.43,4.649
730.45,5.051
730.47,5.475
730.48,5.694
730.5,6.148
730.52,6.621
730.53,6.864
730.55,7.363
730.57,7.878
730.58,8.141
730.6,8.676
730.61,8.948
730.63,9.499
730.65,10.06
730.66,10.34
730.68,10.9
730.7,11.47
730.71,11.75
730.73,12.31
730.75,12.86
730.76,13.13
730.78,13.67
730.8,14.19
730.81,14.44
730.83,14.93
730.85,15.4
730.86,15.62
730.88,16.04
730.9,16.43
730.91,16.62
730.93,16.95
730.95,17.25
730.96,17.39
730.98,17.63
730.99,17.73
731.01,17.9
731.03,18.02
731.04,18.07
731.06,18.12
731.08,18.13
731.09,18.11
731.11,18.05
731.13,17.94
731.14,17.86
731.16,17.68
731.18,17.46
731.19,17.33
731.21,17.04
731.23,16.71
731.24,16.53
731.26,16.15
731.28,15.74
731.29,15.52
731.31,15.06
731.32,14.83
731.34,14.33
731.36,13.82
731.37,13.56
731.39,13.02
731.41,12.47
731.42,12.2
731.44,11.64
731.46,11.08
731.47,10.8
731.49,10.24
731.51,9.683
731.52,9.408
731.54,8.864
731.56,8.33
731.57,8.068
731.59,7.554
731.61,7.056
731.62,6.813
731.64,6.34
731.66,5.887
731.67,5.667
731.69,5.244
731.7,5.04
731.72,4.648
731.74,4.277
731.75,4.1
731.77,3.762
731.79,3.445
731.8,3.294
731.82,3.009
731.84,2.745
731.85,2.62
731.87,2.386
731.89,2.17
731.9,2.069
731.92,1.881
731.94,1.709
731.95,1.63
731.97,1.482
731.99,1.349
732.0,1.288
732.02,1.176
732.04,1.076
732.05,1.031
732.07,0.9484
732.08,0.9111
732.1,0.8441
732.12,0.7863
732.13,0.7606
732.15,0.7154
732.17,0.6776
732.18,0.6614
732.2,0.6337
732.22,0.612
732.23,0.6032
732.25,0.5896
732.27,0.5807
732.28,0.5778
732.3,0.5753
732.32,0.5764
732.33,0.5783
732.35,0.5845
732.37,0.5936
732.38,0.5991
732.4,0.6121
732.42,0.6273
732.43,0.6357
732.45,0.6538
732.46,0.6636
732.48,0.6842
732.5,0.7063
732.51,0.7178
732.53,0.7416
732.55,0.7663
732.56,0.779
732.58,0.8048
732.6,0.8312
732.61,0.8445
732.63,0.8713
732.65,0.8982
732.66,0.9117
732.68,0.9386
732.7,0.9652
732.71,0.9784
732.73,1.004
732.75,1.03
732.76,1.043
732.78,1.067
732.79,1.079
732.81,1.103
732.83,1.125
732.84,1.136
732.86,1.158
732.88,1.178
732.89,1.188
732.91,1.207
732.93,1.226
732.94,1.235
732.96,1.252
732.98,1.268
732.99,1.277
733.01,1.292
733.03,1.308
733.04,1.315
733.06,1.331
733.08,1.346
733.09,1.353
733.11,1.368
733.13,1.384
733.14,1.392
733.16,1.408
733.17,1.416
733.19,1.433
733.21,1.451
733.22,1.46
733.24,1.479
733.26,1.499
733.27,1.509
733.29,1.53
733.31,1.552
733.32,1.564
733.34,1.587
733.36,1.611
733.37,1.623
733.39,1.648
733.41,1.674
733.42,1.686
733.44,1.712
733.46,1.737
733.47,1.75
733.49,1.775
733.51,1.799
733.52,1.81
733.54,1.832
733.55,1.843
733.57,1.863
733.59,1.881
733.6,1.889
733.62,1.904
733.64,1.916
733.65,1.921
733.67,1.929
733.69,1.934
733.7,1.935
733.72,1.934
733.74,1.93
733.75,1.927
733.77,1.917
733.79,1.904
733.8,1.895
733.82,1.876
733.84,1.853
733.85,1.84
733.87,1.811
733.89,1.779
733.9,1.761
733.92,1.724
733.93,1.704
733.95,1.662
733.97,1.617
733.98,1.593
734.0,1.545
734.02,1.494
734.03,1.468
734.05,1.414
734.07,1.359
734.08,1.331
734.1,1.274
734.12,1.217
734.13,1.188
734.15,1.131
734.17,1.073
734.18,1.045
734.2,0.9879
734.22,0.9318
734.23,0.9042
734.25,0.8497
734.26,0.823
734.28,0.7706
734.3,0.7198
734.31,0.695
734.33,0.6469
734.35,0.6006
734.36,0.5783
734.38,0.5351
734.4,0.494
734.41,0.4743
734.43,0.4364
734.45,0.4008
734.46,0.3838
734.48,0.3513
734.5,0.321
734.51,0.3067
734.53,0.2795
734.55,0.2543
734.56,0.2424
734.58,0.2201
734.6,0.1996
734.61,0.19
734.63,0.1721
734.64,0.1638
734.66,0.1482
734.68,0.1342
734.69,0.1277
734.71,0.1157
734.73,0.105
734.74,0.1001
734.76,0.09118
734.78,0.08339
734.79,0.0799
734.81,0.07369
734.83,0.06849
734.84,0.06626
734.86,0.06253
734.88,0.05977
734.89,0.05875
734.91,0.05748
734.93,0.05724
734.94,0.05753
734.96,0.05896
734.98,0.0616
734.99,0.06342
735.01,0.06812
735.02,0.07104
735.04,0.07813
735.06,0.08707
735.07,0.09231
735.09,0.1045
735.11,0.1191
735.12,0.1275
735.14,0.1465
735.16,0.169
735.17,0.1816
735.19,0.21
735.21,0.243
735.22,0.2614
735.24,0.3024
735.26,0.3496
735.27,0.3757
735.29,0.4335
735.31,0.4994
735.32,0.5356
735.34,0.6153
735.36,0.7053
735.37,0.7545
735.39,0.862
735.4,0.9206
735.42,1.048
735.44,1.19
735.45,1.267
735.47,1.434
735.49,1.618
735.5,1.718
735.52,1.931
735.54,2.166
735.55,2.292
735.57,2.56
735.59,2.852
735.6,3.008
735.62,3.339
735.64,3.696
735.65,3.885
735.67,4.284
735.69,4.711
735.7,4.936
735.72,5.407
735.73,5.653
735.75,6.168
735.77,6.713
735.78,6.996
735.8,7.584
735.82,8.199
735.83,8.517
735.85,9.172
735.87,9.851
735.88,10.2
735.9,10.91
735.92,11.64
735.93,12.01
735.95,12.77
735.97,13.53
735.98,13.92
736.0,14.7
736.02,15.48
736.03,15.87
736.05,16.64
736.07,17.41
736.08,17.79
736.1,18.53
736.11,18.9
736.13,19.62
736.15,20.31
736.16,20.64
736.18,21.28
736.2,21.88
736.21,22.17
736.23,22.71
736.25,23.2
736.26,23.42
736.28,23.84
736.3,24.19
736.31,24.35
736.33,24.61
736.35,24.81
736.36,24.89
736.38,25.0
736.4,25.04
736.41,25.03
736.43,24.97
736.45,24.85
736.46,24.76
736.48,24.54
736.49,24.41
736.51,24.09
736.53,23.72
736.54,23.51
736.56,23.06
736.58,22.56
736.59,22.29
736.61,21.71
736.63,21.1
736.64,20.78
736.66,20.11
736.68,19.41
736.69,19.05
736.71,18.32
736.73,17.57
736.74,17.18
736.76,16.41
736.78,15.64
736.79,15.25
736.81,14.47
736.83,13.69
736.84,13.31
736.86,12.54
736.87,12.17
736.89,11.42
736.91,10.7
736.92,10.34
736.94,9.648
736.96,8.976
736.97,8.649
736.99,8.015
737.01,7.407
737.02,7.114
737.04,6.549
737.06,6.014
737.07,5.757
737.09,5.265
737.11,4.803
737.12,4.583
737.14,4.164
737.16,3.775
737.17,3.59
737.19,3.242
737.2,3.077
737.22,2.768
737.24,2.485
737.25,2.352
737.27,2.103
737.29,1.877
737.3,1.772
737.32,1.577
737.34,1.401
737.35,1.32
737.37,1.171
737.39,1.038
737.4,0.9769
737.42,0.8662
737.44,0.7692
737.45,0.7256
737.47,0.6472
737.49,0.5802
737.5,0.5507
737.52,0.4992
737.54,0.4572
737.55,0.4396
737.57,0.4107
737.58,0.3993
737.6,0.3824
737.62,0.3731
737.63,0.3711
737.65,0.3723
737.67,0.3804
737.68,0.387
737.7,0.405
737.72,0.4295
737.73,0.4441
737.75,0.4783
737.77,0.519
737.78,0.5417
737.8,0.5922
737.82,0.6494
737.83,0.6805
737.85,0.7479
737.87,0.8222
737.88,0.8621
737.9,0.9471
737.92,1.04
737.93,1.089
737.95,1.192
737.96,1.247
737.98,1.362
738.0,1.484
738.01,1.548
738.03,1.682
738.05,1.824
738.06,1.898
738.08,2.05
738.1,2.21
738.11,2.293
738.13,2.463
738.15,2.64
738.16,2.73
738.18,2.916
738.2,3.107
738.21,3.204
738.23,3.402
738.25,3.603
738.26,3.705
738.28,3.91
738.29,4.014
738.31,4.222
738.33,4.431
738.34,4.535
738.36,4.742
738.38,4.948
738.39,5.05
738.41,5.251
738.43,5.448
738.44,5.544
738.46,5.733
738.48,5.914
738.49,6.002
738.51,6.172
738.53,6.332
738.54,6.408
738.56,6.553
738.58,6.687
738.59,6.75
738.61,6.865
738.63,6.968
738.64,7.014
738.66,7.097
738.67,7.133
738.69,7.195
738.71,7.242
738.72,7.26
738.74,7.285
738.76,7.297
738.77,7.297
738.79,7.286
738.81,7.262
738.82,7.245
738.84,7.201
738.86,7.144
738.87,7.111
738.89,7.036
738.91,6.951
738.92,6.904
738.94,6.804
738.96,6.694
738.97,6.637
738.99,6.517
739.01,6.391
739.02,6.326
739.04,6.192
739.05,6.125
739.07,5.987
739.09,5.849
739.1,5.779
739.12,5.641
739.14,5.504
739.15,5.437
739.17,5.305
739.19,5.177
739.2,5.115
739.22,4.997
739.24,4.885
739.25,4.832
739.27,4.732
739.29,4.642
739.3,4.601
739.32,4.525
739.34,4.461
739.35,4.432
739.37,4.385
739.39,4.348
739.4,4.334
739.42,4.316
739.43,4.31
739.45,4.309
739.47,4.319
739.48,4.328
739.5,4.354
739.52,4.391
739.53,4.412
739.55,4.463
739.57,4.522
739.58,4.554
739.6,4.624
739.62,4.7
739.63,4.74
739.65,4.822
739.67,4.908
739.68,4.952
739.7,5.04
739.72,5.128
739.73,5.172
739.75,5.258
739.76,5.299
739.78,5.38
739.8,5.455
739.81,5.491
739.83,5.557
739.85,5.615
739.86,5.641
739.88,5.685
739.9,5.72
739.91,5.733
739.93,5.751
739.95,5.757
739.96,5.756
739.98,5.744
740.0,5.719
740.01,5.702
740.03,5.658
740.05,5.602
740.06,5.569
740.08,5.494
740.1,5.406
740.11,5.358
740.13,5.254
740.14,5.198
740.16,5.078
740.18,4.948
740.19,4.88
740.21,4.737
740.23,4.587
740.24,4.51
740.26,4.351
740.28,4.186
740.29,4.102
740.31,3.932
740.33,3.76
740.34,3.673
740.36,3.498
740.38,3.323
740.39,3.236
740.41,3.062
740.43,2.891
740.44,2.806
740.46,2.639
740.48,2.476
740.49,2.396
740.51,2.24
740.52,2.164
740.54,2.016
740.56,1.873
740.57,1.805
740.59,1.672
740.61,1.546
740.62,1.486
740.64,1.37
740.66,1.262
740.67,1.211
740.69,1.113
740.71,1.023
740.72,0.981
740.74,0.9017
740.76,0.8296
740.77,0.7962
740.79,0.7347
740.81,0.6801
740.82,0.6553
740.84,0.6107
740.86,0.5727
740.87,0.556
740.89,0.5275
740.9,0.5155
740.92,0.4961
740.94,0.4827
740.95,0.4781
740.97,0.4732
740.99,0.4739
741.0,0.4763
741.02,0.4851
741.04,0.4992
741.05,0.5082
741.07,0.5299
741.09,0.5566
741.1,0.5718
741.12,0.6057
741.14,0.6444
741.15,0.6655
741.17,0.7111
741.19,0.7611
741.2,0.7878
741.22,0.8443
741.23,0.8741
741.25,0.9367
741.27,1.003
741.28,1.038
741.3,1.11
741.32,1.186
741.33,1.225
741.35,1.306
741.37,1.39
741.38,1.433
741.4,1.521
741.42,1.612
741.43,1.658
741.45,1.752
741.47,1.848
741.48,1.897
741.5,1.996
741.52,2.096
741.53,2.146
741.55,2.247
741.57,2.35
741.58,2.401
741.6,2.504
741.61,2.555
741.63,2.658
741.65,2.761
741.66,2.812
741.68,2.914
741.7,3.016
741.71,3.066
741.73,3.167
741.75,3.266
741.76,3.315
741.78,3.413
741.8,3.509
741.81,3.556
741.83,3.65
741.85,3.743
741.86,3.789
741.88,3.879
741.9,3.967
741.91,4.01
741.93,4.095
741.95,4.178
741.96,4.219
741.98,4.298
741.99,4.337
742.01,4.413
742.03,4.486
742.04,4.521
742.06,4.59
742.08,4.654
742.09,4.685
742.11,4.745
742.13,4.8
742.14,4.826
742.16,4.874
742.18,4.917
742.19,4.937
742.21,4.972
742.23,5.001
742.24,5.013
742.26,5.033
742.28,5.046
742.29,5.05
742.31,5.052
742.33,5.046
742.34,5.041
742.36,5.024
742.37,5.012
742.39,4.983
742.41,4.946
742.42,4.924
742.44,4.874
742.46,4.816
742.47,4.784
742.49,4.713
742.51,4.635
742.52,4.593
742.54,4.503
742.56,4.406
742.57,4.355
742.59,4.248
742.61,4.135
742.62,4.076
742.64,3.954
742.66,3.828
742.67,3.763
742.69,3.631
742.7,3.563
742.72,3.426
742.74,3.286
742.75,3.216
742.77,3.074
742.79,2.932
742.8,2.86
742.82,2.718
742.84,2.577
742.85,2.506
742.87,2.367
742.89,2.231
742.9,2.163
742.92,2.031
742.94,1.902
742.95,1.838
742.97,1.715
742.99,1.596
743.0,1.538
743.02,1.426
743.04,1.319
743.05,1.267
743.07,1.168
743.08,1.12
743.1,1.028
743.12,0.9408
743.13,0.8993
743.15,0.8202
743.17,0.7462
743.18,0.7111
743.2,0.6445
743.22,0.5827
743.23,0.5535
743.25,0.4986
743.27,0.4481
743.28,0.4244
743.3,0.3801
743.32,0.3396
743.33,0.3208
743.35,0.2859
743.37,0.2543
743.38,0.2397
743.4,0.2129
743.42,0.189
743.43,0.1781
743.45,0.1582
743.46,0.1493
743.48,0.1332
743.5,0.1194
743.51,0.1133
743.53,0.1027
743.55,0.0943
743.56,0.09083
743.58,0.08541
743.6,0.08198
743.61,0.08102
743.63,0.08062
743.65,0.08232
743.66,0.08399
743.68,0.08902
743.7,0.09647
743.71,0.1012
743.73,0.1126
743.75,0.1271
743.76,0.1355
743.78,0.1551
743.8,0.1786
743.81,0.1919
743.83,0.2221
743.84,0.2391
743.86,0.2773
743.88,0.3216
743.89,0.3464
743.91,0.4014
743.93,0.4645
743.94,0.4995
743.96,0.5767
743.98,0.6646
743.99,0.713
744.01,0.8192
744.03,0.9393
744.04,1.005
744.06,1.148
744.08,1.309
744.09,1.397
744.11,1.587
744.13,1.8
744.14,1.914
744.16,2.163
744.17,2.297
744.19,2.585
744.21,2.903
744.22,3.074
744.24,3.44
744.26,3.84
744.27,4.053
744.29,4.509
744.31,5.003
744.32,5.265
744.34,5.822
744.36,6.421
744.37,6.738
744.39,7.405
744.41,8.118
744.42,8.492
744.44,9.276
744.46,10.11
744.47,10.54
744.49,11.45
744.51,12.4
744.52,12.89
744.54,13.91
744.55,14.44
744.57,15.52
744.59,16.65
744.6,17.22
744.62,18.4
744.64,19.62
744.65,20.24
744.67,21.49
744.69,22.77
744.7,23.41
744.72,24.71
744.74,26.02
744.75,26.67
744.77,27.98
744.79,29.28
744.8,29.92
744.82,31.19
744.84,32.44
744.85,33.05
744.87,34.24
744.89,35.39
744.9,35.94
744.92,37.01
744.93,37.52
744.95,38.49
744.97,39.39
744.98,39.8
745.0,40.58
745.02,41.27
745.03,41.58
745.05,42.12
745.07,42.57
745.08,42.75
745.1,43.05
745.12,43.23
745.13,43.29
745.15,43.31
745.17,43.23
745.18,43.15
745.2,42.9
745.22,42.55
745.23,42.34
745.25,41.84
745.27,41.24
745.28,40.91
745.3,40.17
745.31,39.77
745.33,38.91
745.35,37.97
745.36,37.48
745.38,36.44
745.4,35.34
745.41,34.77
745.43,33.59
745.45,32.38
745.46,31.76
745.48,30.5
745.5,29.21
745.51,28.57
745.53,27.26
745.55,25.96
745.56,25.31
745.58,24.01
745.6,22.72
745.61,22.09
745.63,20.84
745.64,20.22
745.66,19.01
745.68,17.84
745.69,17.27
745.71,16.16
745.73,15.1
745.74,14.58
745.76,13.6
745.78,12.67
745.79,12.23
745.81,11.4
745.83,10.63
745.84,10.27
745.86,9.603
745.88,9.013
745.89,8.747
745.91,8.277
745.93,7.892
745.94,7.733
745.96,7.486
745.98,7.338
745.99,7.304
746.01,7.32
746.02,7.372
746.04,7.57
746.06,7.904
746.07,8.125
746.09,8.684
746.11,9.411
746.12,9.843
746.14,10.85
746.16,12.08
746.17,12.77
746.19,14.36
746.21,16.21
746.22,17.24
746.24,19.55
746.26,22.19
746.27,23.65
746.29,26.87
746.31,30.51
746.32,32.5
746.34,36.85
746.36,41.73
746.37,44.37
746.39,50.11
746.4,53.21
746.42,59.92
746.44,67.32
746.45,71.29
746.47,79.83
746.49,89.17
746.5,94.17
746.52,104.8
746.54,116.4
746.55,122.5
746.57,135.5
746.59,149.6
746.6,157.0
746.62,172.6
746.64,189.2
746.65,198.0
746.67,216.3
746.69,235.7
746.7,245.8
746.72,266.8
746.74,288.9
746.75,300.3
746.77,323.9
746.78,336.0
746.8,361.1
746.82,387.0
746.83,400.2
746.85,427.3
746.87,455.0
746.88,469.1
746.9,497.6
746.92,526.5
746.93,541.0
746.95,570.2
746.97,599.5
746.98,614.1
747.0,643.1
747.02,671.8
747.03,685.9
747.05,713.7
747.07,740.8
747.08,753.9
747.1,779.5
747.11,791.8
747.13,815.5
747.15,837.7
747.16,848.3
747.18,868.0
747.2,886.0
747.21,894.3
747.23,909.2
747.25,922.1
747.26,927.7
747.28,937.2
747.3,944.3
747.31,947.0
747.33,950.6
747.35,951.7
747.36,951.4
747.38,948.8
747.4,943.9
747.41,940.5
747.43,931.9
747.45,921.1
747.46,914.9
747.48,900.8
747.49,892.9
747.51,875.8
747.53,856.8
747.54,846.6
747.56,825.0
747.58,801.9
747.59,789.8
747.61,764.8
747.63,738.6
747.64,725.2
747.66,697.6
747.68,669.4
747.69,655.2
747.71,626.3
747.73,597.1
747.74,582.5
747.76,553.2
747.78,524.1
747.79,509.6
747.81,480.9
747.83,452.7
747.84,438.8
747.86,411.4
747.87,398.0
747.89,371.8
747.91,346.4
747.92,334.0
747.94,310.0
747.96,287.0
747.97,275.9
747.99,254.4
748.01,234.0
748.02,224.2
748.04,205.5
748.06,187.8
748.07,179.4
748.09,163.3
748.11,148.4
748.12,141.3
748.14,127.8
748.16,115.4
748.17,109.5
748.19,98.49
748.2,93.32
748.22,83.63
748.24,74.77
748.25,70.64
748.27,62.95
748.29,55.98
748.3,52.75
748.32,46.78
748.34,41.41
748.35,38.94
748.37,34.41
748.39,30.38
748.4,28.54
748.42,25.19
748.44,22.24
748.45,20.91
748.47,18.52
748.49,16.45
748.5,15.53
748.52,13.9
748.54,12.53
748.55,11.93
748.57,10.91
748.58,10.48
748.6,9.753
748.62,9.21
748.63,9.001
748.65,8.701
748.67,8.545
748.68,8.518
748.7,8.56
748.72,8.722
748.73,8.845
748.75,9.172
748.77,9.6
748.78,9.851
748.8,10.42
748.82,11.08
748.83,11.45
748.85,12.24
748.87,13.1
748.88,13.57
748.9,14.55
748.92,15.61
748.93,16.16
748.95,17.33
748.96,17.93
748.98,19.2
749.0,20.52
749.01,21.21
749.03,22.62
749.05,24.09
749.06,24.84
749.08,26.39
749.1,27.98
749.11,28.79
749.13,30.44
749.15,32.12
749.16,32.98
749.18,34.7
749.2,36.45
749.21,37.33
749.23,39.09
749.25,40.86
749.26,41.74
749.28,43.5
749.3,45.25
749.31,46.12
749.33,47.83
749.34,48.68
749.36,50.34
749.38,51.95
749.39,52.74
749.41,54.28
749.43,55.75
749.44,56.46
749.46,57.82
749.48,59.1
749.49,59.7
749.51,60.85
749.53,61.89
749.54,62.38
749.56,63.26
749.58,64.04
749.59,64.39
749.61,64.99
749.63,65.47
749.64,65.67
749.66,65.96
749.67,66.06
749.69,66.17
749.71,66.15
749.72,66.1
749.74,65.89
749.76,65.57
749.77,65.36
749.79,64.85
749.81,64.23
749.82,63.88
749.84,63.09
749.86,62.21
749.87,61.73
749.89,60.7
749.91,59.58
749.92,58.99
749.94,57.77
749.96,56.47
749.97,55.8
749.99,54.42
750.01,52.99
750.02,52.26
750.04,50.78
750.05,50.03
750.07,48.52
750.09,47.0
750.1,46.23
750.12,44.71
750.14,43.19
750.15,42.44
750.17,40.96
750.19,39.5
750.2,38.78
750.22,37.38
750.24,36.03
750.25,35.37
750.27,34.09
750.29,32.88
750.3,32.29
750.32,31.17
750.34,30.13
750.35,29.63
750.37,28.69
750.39,27.84
750.4,27.44
750.42,26.71
750.43,26.37
750.45,25.76
750.47,25.24
750.48,25.02
750.5,24.63
750.52,24.33
750.53,24.21
750.55,24.05
750.57,23.97
750.58,23.97
750.6,24.03
750.62,24.18
750.63,24.29
750.65,24.57
750.67,24.95
750.68,25.17
750.7,25.67
750.72,26.26
750.73,26.59
750.75,27.31
750.77,28.11
750.78,28.54
750.8,29.47
750.81,29.96
750.83,31.01
750.85,32.13
750.86,32.72
750.88,33.96
750.9,35.26
750.91,35.94
750.93,37.35
750.95,38.81
750.96,39.57
750.98,41.12
751.0,42.72
751.01,43.54
751.03,45.21
751.05,46.91
751.06,47.77
751.08,49.51
751.1,51.28
751.11,52.16
751.13,53.93
751.14,54.82
751.16,56.58
751.18,58.33
751.19,59.2
751.21,60.91
751.23,62.58
751.24,63.4
751.26,64.99
751.28,66.52
751.29,67.26
751.31,68.68
751.33,70.01
751.34,70.64
751.36,71.83
751.38,72.92
751.39,73.42
751.41,74.33
751.43,75.13
751.44,75.47
751.46,76.08
751.48,76.55
751.49,76.73
751.51,77.0
751.52,77.08
751.54,77.14
751.56,77.06
751.57,76.97
751.59,76.69
751.61,76.28
751.62,76.02
751.64,75.42
751.66,74.69
751.67,74.28
751.69,73.39
751.71,72.38
751.72,71.85
751.74,70.7
751.76,69.47
751.77,68.82
751.79,67.48
751.81,66.07
751.82,65.35
751.84,63.87
751.86,62.34
751.87,61.57
751.89,60.0
751.9,59.21
751.92,57.62
751.94,56.03
751.95,55.23
751.97,53.65
751.99,52.08
752.0,51.3
752.02,49.77
752.04,48.27
752.05,47.53
752.07,46.09
752.09,44.69
752.1,44.0
752.12,42.68
752.14,41.41
752.15,40.79
752.17,39.6
752.19,38.47
752.2,37.92
752.22,36.88
752.24,35.89
752.25,35.42
752.27,34.52
752.28,34.09
752.3,33.27
752.32,32.5
752.33,32.14
752.35,31.44
752.37,30.8
752.38,30.49
752.4,29.91
752.42,29.36
752.43,29.1
752.45,28.61
752.47,28.14
752.48,27.92
752.5,27.49
752.52,27.08
752.53,26.88
752.55,26.49
752.57,26.11
752.58,25.92
752.6,25.55
752.61,25.37
752.63,25.0
752.65,24.64
752.66,24.45
752.68,24.07
752.7,23.69
752.71,23.5
752.73,23.1
752.75,22.69
752.76,22.48
752.78,22.06
752.8,21.62
752.81,21.4
752.83,20.94
752.85,20.47
752.86,20.23
752.88,19.74
752.9,19.24
752.91,18.99
752.93,18.47
752.95,17.95
752.96,17.69
752.98,17.16
752.99,16.89
753.01,16.35
753.03,15.81
753.04,15.54
753.06,15.0
753.08,14.47
753.09,14.2
753.11,13.67
753.13,13.15
753.14,12.89
753.16,12.38
753.18,11.87
753.19,11.63
753.21,11.14
753.23,10.67
753.24,10.44
753.26,9.986
753.28,9.549
753.29,9.337
753.31,8.924
753.33,8.527
753.34,8.336
753.36,7.964
753.37,7.785
753.39,7.44
753.41,7.113
753.42,6.955
753.44,6.654
753.46,6.37
753.47,6.234
753.49,5.977
753.51,5.736
753.52,5.622
753.54,5.406
753.56,5.207
753.57,5.114
753.59,4.939
753.61,4.78
753.62,4.707
753.64,4.571
753.66,4.451
753.67,4.396
753.69,4.298
753.71,4.215
753.72,4.178
753.74,4.116
753.75,4.089
753.77,4.047
753.79,4.018
753.8,4.009
753.82,3.999
753.84,4.002
753.85,4.009
753.87,4.03
753.89,4.063
753.9,4.084
753.92,4.134
753.94,4.195
753.95,4.229
753.97,4.306
753.99,4.393
754.0,4.441
754.02,4.543
754.04,4.654
754.05,4.713
754.07,4.838
754.08,4.904
754.1,5.042
754.12,5.188
754.13,5.265
754.15,5.423
754.17,5.59
754.18,5.676
754.2,5.853
754.22,6.038
754.23,6.133
754.25,6.329
754.27,6.532
754.28,6.636
754.3,6.848
754.32,7.067
754.33,7.179
754.35,7.408
754.37,7.643
754.38,7.763
754.4,8.006
754.42,8.255
754.43,8.382
754.45,8.639
754.46,8.769
754.48,9.032
754.5,9.3
754.51,9.435
754.53,9.707
754.55,9.982
754.56,10.12
754.58,10.4
754.6,10.67
754.61,10.81
754.63,11.09
754.65,11.36
754.66,11.5
754.68,11.76
754.7,12.02
754.71,12.15
754.73,12.4
754.75,12.64
754.76,12.76
754.78,12.99
754.8,13.2
754.81,13.3
754.83,13.48
754.84,13.57
754.86,13.73
754.88,13.88
754.89,13.94
754.91,14.05
754.93,14.14
754.94,14.18
754.96,14.23
754.98,14.26
754.99,14.26
755.01,14.25
755.03,14.21
755.04,14.18
755.06,14.1
755.08,13.99
755.09,13.93
755.11,13.78
755.13,13.61
755.14,13.51
755.16,13.3
755.18,13.06
755.19,12.94
755.21,12.66
755.22,12.52
755.24,12.22
755.26,11.89
755.27,11.73
755.29,11.38
755.31,11.02
755.32,10.83
755.34,10.45
755.36,10.06
755.37,9.866
755.39,9.467
755.41,9.063
755.42,8.86
755.44,8.454
755.46,8.049
755.47,7.847
755.49,7.446
755.51,7.052
755.52,6.857
755.54,6.473
755.55,6.285
755.57,5.917
755.59,5.561
755.6,5.388
755.62,5.052
755.64,4.73
755.65,4.576
755.67,4.279
755.69,3.999
755.7,3.866
755.72,3.614
755.74,3.38
755.75,3.271
755.77,3.067
755.79,2.882
755.8,2.798
755.82,2.644
755.84,2.511
755.85,2.452
755.87,2.35
755.89,2.268
755.9,2.235
755.92,2.185
755.93,2.168
755.95,2.149
755.97,2.15
755.98,2.159
756.0,2.191
756.02,2.244
756.03,2.278
756.05,2.36
756.07,2.463
756.08,2.521
756.1,2.653
756.12,2.803
756.13,2.886
756.15,3.064
756.17,3.26
756.18,3.365
756.2,3.586
756.22,3.825
756.23,3.95
756.25,4.211
756.27,4.487
756.28,4.63
756.3,4.926
756.31,5.078
756.33,5.392
756.35,5.715
756.36,5.88
756.38,6.216
756.4,6.558
756.41,6.732
756.43,7.082
756.45,7.434
756.46,7.611
756.48,7.964
756.5,8.316
756.51,8.491
756.53,8.837
756.55,9.177
756.56,9.344
756.58,9.672
756.6,9.988
756.61,10.14
756.63,10.44
756.65,10.72
756.66,10.86
756.68,11.11
756.69,11.24
756.71,11.47
756.73,11.67
756.74,11.77
756.76,11.94
756.78,12.09
756.79,12.16
756.81,12.28
756.83,12.37
756.84,12.4
756.86,12.45
756.88,12.48
756.89,12.48
756.91,12.47
756.93,12.43
756.94,12.4
756.96,12.33
756.98,12.23
756.99,12.17
757.01,12.04
757.02,11.96
757.04,11.8
757.06,11.61
757.07,11.51
757.09,11.3
757.11,11.07
757.12,10.95
757.14,10.69
757.16,10.43
757.17,10.29
757.19,10.0
757.21,9.709
757.22,9.558
757.24,9.252
757.26,8.94
757.27,8.782
757.29,8.463
757.31,8.142
757.32,7.981
757.34,7.658
757.36,7.335
757.37,7.174
757.39,6.855
757.4,6.696
757.42,6.382
757.44,6.072
757.45,5.919
757.47,5.618
757.49,5.324
757.5,5.18
757.52,4.898
757.54,4.624
757.55,4.491
757.57,4.231
757.59,3.981
757.6,3.86
757.62,3.625
757.64,3.402
757.65,3.294
757.67,3.088
757.69,2.893
757.7,2.8
757.72,2.622
757.74,2.457
757.75,2.38
757.77,2.233
757.78,2.165
757.8,2.037
757.82,1.922
757.83,1.87
757.85,1.774
757.87,1.692
757.88,1.656
757.9,1.594
757.92,1.545
757.93,1.525
757.95,1.497
757.97,1.482
757.98,1.48
758.0,1.486
758.02,1.506
758.03,1.521
758.05,1.563
758.07,1.619
758.08,1.652
758.1,1.73
758.12,1.823
758.13,1.874
758.15,1.989
758.16,2.052
758.18,2.188
758.2,2.339
758.21,2.42
758.23,2.593
758.25,2.78
758.26,2.878
758.28,3.085
758.3,3.306
758.31,3.421
758.33,3.66
758.35,3.911
758.36,4.041
758.38,4.308
758.4,4.584
758.41,4.726
758.43,5.015
758.45,5.311
758.46,5.461
758.48,5.764
758.49,5.917
758.51,6.226
758.53,6.535
758.54,6.689
758.56,6.997
758.58,7.302
758.59,7.453
758.61,7.75
758.63,8.039
758.64,8.18
758.66,8.455
758.68,8.718
758.69,8.845
758.71,9.087
758.73,9.312
758.74,9.419
758.76,9.617
758.78,9.796
758.79,9.877
758.81,10.02
758.83,10.15
758.84,10.2
758.86,10.29
758.87,10.32
758.89,10.37
758.91,10.4
758.92,10.4
758.94,10.39
758.96,10.35
758.97,10.32
758.99,10.25
759.01,10.15
759.02,10.09
759.04,9.952
759.06,9.794
759.07,9.707
759.09,9.518
759.11,9.31
759.12,9.199
759.14,8.964
759.16,8.714
759.17,8.583
759.19,8.313
759.21,8.031
759.22,7.887
759.24,7.592
759.25,7.441
759.27,7.136
759.29,6.827
759.3,6.672
759.32,6.359
759.34,6.046
759.35,5.89
759.37,5.58
759.39,5.273
759.4,5.121
759.42,4.822
759.44,4.529
759.45,4.386
759.47,4.104
759.49,3.832
759.5,3.699
759.52,3.441
759.54,3.194
759.55,3.074
759.57,2.843
759.58,2.731
759.6,2.517
759.62,2.315
759.63,2.218
759.65,2.033
759.67,1.86
759.68,1.778
759.7,1.622
759.72,1.477
759.73,1.409
759.75,1.28
759.77,1.162
759.78,1.107
759.8,1.004
759.82,0.9107
759.83,0.8674
759.85,0.7875
759.87,0.7161
759.88,0.6835
759.9,0.6241
759.92,0.5721
759.93,0.5489
759.95,0.5074
759.96,0.4892
759.98,0.4574
760.0,0.4315
760.01,0.4208
760.03,0.4033
760.05,0.3909
760.06,0.3866
760.08,0.3815
760.1,0.3808
760.11,0.3821
760.13,0.3877
760.15,0.3972
760.16,0.4034
760.18,0.4184
760.2,0.4368
760.21,0.4473
760.23,0.4706
760.25,0.497
760.26,0.5114
760.28,0.5422
760.3,0.5758
760.31,0.5936
760.33,0.6312
760.34,0.651
760.36,0.6925
760.38,0.7365
760.39,0.7594
760.41,0.8071
760.43,0.8572
760.44,0.8832
760.46,0.937
760.48,0.9932
760.49,1.022
760.51,1.082
760.53,1.145
760.54,1.177
760.56,1.244
760.58,1.313
760.59,1.349
760.61,1.423
760.63,1.501
760.64,1.541
760.66,1.623
760.68,1.71
760.69,1.755
760.71,1.848
760.72,1.896
760.74,1.996
760.76,2.101
760.77,2.155
760.79,2.269
760.81,2.388
760.82,2.45
760.84,2.579
760.86,2.715
760.87,2.786
760.89,2.933
760.91,3.088
760.92,3.168
760.94,3.336
760.96,3.512
760.97,3.603
760.99,3.793
761.01,3.992
761.02,4.095
761.04,4.308
761.05,4.418
761.07,4.646
761.09,4.883
761.1,5.005
761.12,5.256
761.14,5.517
761.15,5.651
761.17,5.926
761.19,6.209
761.2,6.354
761.22,6.65
761.24,6.954
761.25,7.109
761.27,7.424
761.29,7.745
761.3,7.909
761.32,8.24
761.34,8.576
761.35,8.747
761.37,9.091
761.39,9.44
761.4,9.615
761.42,9.97
761.43,10.15
761.45,10.51
761.47,10.87
761.48,11.05
761.5,11.42
761.52,11.79
761.53,11.98
761.55,12.35
761.57,12.73
761.58,12.92
761.6,13.3
761.62,13.68
761.63,13.88
761.65,14.27
761.67,14.67
761.68,14.87
761.7,15.27
761.72,15.68
761.73,15.89
761.75,16.31
761.77,16.74
761.78,16.96
761.8,17.4
761.81,17.62
761.83,18.08
761.85,18.54
761.86,18.78
761.88,19.26
761.9,19.76
761.91,20.01
761.93,20.52
761.95,21.04
761.96,21.31
761.98,21.85
762.0,22.4
762.01,22.68
762.03,23.25
762.05,23.82
762.06,24.12
762.08,24.71
762.1,25.32
762.11,25.62
762.13,26.24
762.15,26.87
762.16,27.18
762.18,27.82
762.19,28.14
762.21,28.78
762.23,29.43
762.24,29.76
762.26,30.41
762.28,31.07
762.29,31.39
762.31,32.05
762.33,32.7
762.34,33.03
762.36,33.68
762.38,34.33
762.39,34.65
762.41,35.29
762.43,35.92
762.44,36.24
762.46,36.86
762.48,37.47
762.49,37.78
762.51,38.38
762.52,38.67
762.54,39.26
762.56,39.83
762.57,40.11
762.59,40.67
762.61,41.21
762.62,41.47
762.64,41.99
762.66,42.49
762.67,42.74
762.69,43.22
762.71,43.68
762.72,43.91
762.74,44.34
762.76,44.77
762.77,44.97
762.79,45.37
762.81,45.75
762.82,45.93
762.84,46.29
762.86,46.63
762.87,46.8
762.89,47.12
762.9,47.28
762.92,47.58
762.94,47.88
762.95,48.02
762.97,48.3
762.99,48.58
763.0,48.71
763.02,48.98
763.04,49.24
763.05,49.37
763.07,49.64
763.09,49.9
763.1,50.04
763.12,50.31
763.14,50.59
763.15,50.73
763.17,51.01
763.19,51.3
763.2,51.45
763.22,51.76
763.24,52.07
763.25,52.23
763.27,52.55
763.28,52.71
763.3,53.04
763.32,53.37
763.33,53.53
763.35,53.86
763.37,54.19
763.38,54.35
763.4,54.66
763.42,54.96
763.43,55.1
763.45,55.37
763.47,55.61
763.48,55.73
763.5,55.92
763.52,56.08
763.53,56.15
763.55,56.24
763.57,56.29
763.58,56.29
763.6,56.25
763.62,56.15
763.63,56.07
763.65,55.87
763.66,55.74
763.68,55.43
763.7,55.05
763.71,54.82
763.73,54.32
763.75,53.74
763.76,53.42
763.78,52.72
763.8,51.94
763.81,51.53
763.83,50.63
763.85,49.66
763.86,49.15
763.88,48.08
763.9,46.94
763.91,46.35
763.93,45.12
763.95,43.84
763.96,43.18
763.98,41.84
763.99,41.15
764.01,39.75
764.03,38.32
764.04,37.59
764.06,36.13
764.08,34.67
764.09,33.93
764.11,32.46
764.13,30.99
764.14,30.26
764.16,28.82
764.18,27.4
764.19,26.7
764.21,25.32
764.23,23.98
764.24,23.32
764.26,22.04
764.28,20.8
764.29,20.21
764.31,19.05
764.33,17.94
764.34,17.41
764.36,16.39
764.37,15.9
764.39,14.97
764.41,14.09
764.42,13.68
764.44,12.89
764.46,12.16
764.47,11.82
764.49,11.18
764.51,10.59
764.52,10.32
764.54,9.81
764.56,9.353
764.57,9.142
764.59,8.756
764.61,8.413
764.62,8.257
764.64,7.974
764.66,7.728
764.67,7.617
764.69,7.42
764.71,7.251
764.72,7.176
764.74,7.045
764.75,6.987
764.77,6.887
764.79,6.803
764.8,6.767
764.82,6.705
764.84,6.654
764.85,6.632
764.87,6.594
764.89,6.562
764.9,6.548
764.92,6.523
764.94,6.501
764.95,6.49
764.97,6.47
764.99,6.451
765.0,6.442
765.02,6.424
765.04,6.407
765.05,6.399
765.07,6.383
765.09,6.37
765.1,6.364
765.12,6.356
765.13,6.354
765.15,6.355
765.17,6.363
765.18,6.37
765.2,6.394
765.22,6.432
765.23,6.456
765.25,6.519
765.27,6.602
765.28,6.652
765.3,6.772
765.32,6.922
765.33,7.009
765.35,7.209
765.37,7.45
765.38,7.586
765.4,7.893
765.42,8.252
765.43,8.452
765.45,8.897
765.46,9.143
765.48,9.685
765.5,10.3
765.51,10.64
765.53,11.37
765.55,12.2
765.56,12.64
765.58,13.61
765.6,14.68
765.61,15.26
765.63,16.5
765.65,17.87
765.66,18.6
765.68,20.16
765.7,21.86
765.71,22.77
765.73,24.69
765.75,26.78
765.76,27.88
765.78,30.22
765.8,32.73
765.81,34.05
765.83,36.83
765.84,38.29
765.86,41.36
765.88,44.63
765.89,46.34
765.91,49.9
765.93,53.67
765.94,55.63
765.96,59.71
765.98,63.99
765.99,66.21
766.01,70.79
766.03,75.57
766.04,78.03
766.06,83.09
766.08,88.33
766.09,91.02
766.11,96.5
766.13,102.1
766.14,105.0
766.16,110.8
766.18,116.8
766.19,119.8
766.21,125.8
766.22,128.9
766.24,135.0
766.26,141.2
766.27,144.2
766.29,150.4
766.31,156.4
766.32,159.4
766.34,165.4
766.36,171.2
766.37,174.0
766.39,179.6
766.41,184.9
766.42,187.5
766.44,192.5
766.46,197.1
766.47,199.4
766.49,203.6
766.51,207.4
766.52,209.2
766.54,212.4
766.56,215.2
766.57,216.5
766.59,218.6
766.6,219.5
766.62,221.0
766.64,222.0
766.65,222.2
766.67,222.5
766.69,222.2
766.7,221.9
766.72,220.8
766.74,219.3
766.75,218.3
766.77,216.1
766.79,213.4
766.8,211.9
766.82,208.5
766.84,204.7
766.85,202.6
766.87,198.2
766.89,193.5
766.9,191.0
766.92,185.8
766.93,183.1
766.95,177.5
766.97,171.6
766.98,168.7
767.0,162.5
767.02,156.3
767.03,153.1
767.05,146.7
767.07,140.3
767.08,137.0
767.1,130.6
767.12,124.1
767.13,120.9
767.15,114.6
767.17,108.3
767.18,105.2
767.2,99.19
767.22,93.28
767.23,90.39
767.25,84.75
767.27,79.31
767.28,76.67
767.3,71.55
767.31,69.08
767.33,64.31
767.35,59.78
767.36,57.61
767.38,53.45
767.4,49.55
767.41,47.69
767.43,44.16
767.45,40.88
767.46,39.33
767.48,36.41
767.5,33.73
767.51,32.48
767.53,30.14
767.55,28.02
767.56,27.04
767.58,25.23
767.6,23.62
767.61,22.88
767.63,21.54
767.65,20.37
767.66,19.85
767.68,18.91
767.69,18.49
767.71,17.76
767.73,17.16
767.74,16.9
767.76,16.46
767.78,16.12
767.79,15.99
767.81,15.78
767.83,15.64
767.84,15.6
767.86,15.56
767.88,15.57
767.89,15.59
767.91,15.67
767.93,15.77
767.94,15.84
767.96,15.98
767.98,16.14
767.99,16.23
768.01,16.4
768.02,16.49
768.04,16.67
768.06,16.85
768.07,16.94
768.09,17.11
768.11,17.27
768.12,17.34
768.14,17.49
768.16,17.62
768.17,17.67
768.19,17.78
768.21,17.88
768.22,17.92
768.24,17.99
768.26,18.05
768.27,18.07
768.29,18.11
768.31,18.14
768.32,18.16
768.34,18.18
768.36,18.19
768.37,18.2
768.39,18.21
768.4,18.22
768.42,18.23
768.44,18.26
768.45,18.27
768.47,18.31
768.49,18.35
768.5,18.38
768.52,18.45
768.54,18.54
768.55,18.59
768.57,18.71
768.59,18.85
768.6,18.93
768.62,19.11
768.64,19.31
768.65,19.42
768.67,19.66
768.69,19.94
768.7,20.08
768.72,20.39
768.74,20.73
768.75,20.91
768.77,21.29
768.78,21.49
768.8,21.91
768.82,22.35
768.83,22.58
768.85,23.05
768.87,23.55
768.88,23.81
768.9,24.34
768.92,24.89
768.93,25.17
768.95,25.74
768.97,26.33
768.98,26.63
769.0,27.25
769.02,27.89
769.03,28.21
769.05,28.87
769.07,29.55
769.08,29.9
769.1,30.61
769.12,31.35
769.13,31.73
769.15,32.51
769.16,32.91
769.18,33.74
769.2,34.6
769.21,35.05
769.23,35.98
769.25,36.96
769.26,37.47
769.28,38.53
769.3,39.66
769.31,40.25
769.33,41.47
769.35,42.78
769.36,43.46
769.38,44.88
769.4,46.4
769.41,47.19
769.43,48.84
769.45,50.59
769.46,51.5
769.48,53.39
769.49,54.38
769.51,56.43
769.53,58.58
769.54,59.7
769.56,62.0
769.58,64.4
769.59,65.63
769.61,68.17
769.63,70.79
769.64,72.14
769.66,74.87
769.68,77.68
769.69,79.1
769.71,81.99
769.73,84.92
769.74,86.39
769.76,89.36
769.78,92.34
769.79,93.82
769.81,96.79
769.83,99.73
769.84,101.2
769.86,104.1
769.87,105.5
769.89,108.2
769.91,110.9
769.92,112.2
769.94,114.8
769.96,117.2
769.97,118.3
769.99,120.6
770.01,122.6
770.02,123.6
770.04,125.4
770.06,127.0
770.07,127.8
770.09,129.2
770.11,130.4
770.12,130.9
770.14,131.8
770.16,132.5
770.17,132.7
770.19,133.1
770.21,133.3
770.22,133.4
770.24,133.3
770.25,133.2
770.27,132.8
770.29,132.3
770.3,131.9
770.32,131.1
770.34,130.2
770.35,129.6
770.37,128.5
770.39,127.1
770.4,126.4
770.42,124.9
770.44,123.3
770.45,122.5
770.47,120.7
770.49,118.9
770.5,117.9
770.52,115.9
770.54,113.9
770.55,112.9
770.57,110.7
770.59,108.6
770.6,107.5
770.62,105.3
770.63,104.2
770.65,101.9
770.67,99.64
770.68,98.5
770.7,96.22
770.72,93.92
770.73,92.77
770.75,90.48
770.77,88.19
770.78,87.04
770.8,84.76
770.82,82.49
770.83,81.36
770.85,79.1
770.87,76.87
770.88,75.75
770.9,73.54
770.92,71.35
770.93,70.26
770.95,68.1
770.96,67.03
770.98,64.9
771.0,62.8
771.01,61.76
771.03,59.7
771.05,57.66
771.06,56.66
771.08,54.66
771.1,52.7
771.11,51.73
771.13,49.82
771.15,47.94
771.16,47.02
771.18,45.19
771.2,43.4
771.21,42.52
771.23,40.79
771.25,39.1
771.26,38.27
771.28,36.65
771.3,35.06
771.31,34.29
771.33,32.77
771.34,32.03
771.36,30.58
771.38,29.18
771.39,28.5
771.41,27.17
771.43,25.89
771.44,25.27
771.46,24.06
771.48,22.91
771.49,22.35
771.51,21.27
771.53,20.24
771.54,19.74
771.56,18.78
771.58,17.87
771.59,17.43
771.61,16.6
771.63,15.81
771.64,15.43
771.66,14.7
771.68,14.02
771.69,13.7
771.71,13.09
771.72,12.79
771.74,12.24
771.76,11.72
771.77,11.47
771.79,11.01
771.81,10.58
771.82,10.38
771.84,9.999
771.86,9.648
771.87,9.482
771.89,9.172
771.91,8.887
771.92,8.754
771.94,8.504
771.96,8.276
771.97,8.17
771.99,7.972
772.01,7.791
772.02,7.708
772.04,7.553
772.06,7.413
772.07,7.349
772.09,7.232
772.1,7.179
772.12,7.082
772.14,6.999
772.15,6.963
772.17,6.9
772.19,6.85
772.2,6.831
772.22,6.802
772.24,6.787
772.25,6.786
772.27,6.794
772.29,6.819
772.3,6.837
772.32,6.888
772.34,6.957
772.35,7.0
772.37,7.099
772.39,7.221
772.4,7.291
772.42,7.448
772.43,7.536
772.45,7.731
772.47,7.954
772.48,8.076
772.5,8.341
772.52,8.638
772.53,8.798
772.55,9.141
772.57,9.518
772.58,9.719
772.6,10.15
772.62,10.61
772.63,10.85
772.65,11.37
772.67,11.92
772.68,12.21
772.7,12.81
772.72,13.44
772.73,13.77
772.75,14.46
772.77,15.17
772.78,15.54
772.8,16.3
772.81,16.69
772.83,17.49
772.85,18.31
772.86,18.72
772.88,19.57
772.9,20.43
772.91,20.87
772.93,21.74
772.95,22.62
772.96,23.06
772.98,23.95
773.0,24.82
773.01,25.25
773.03,26.11
773.05,26.95
773.06,27.36
773.08,28.17
773.1,28.94
773.11,29.32
773.13,30.04
773.15,30.73
773.16,31.05
773.18,31.67
773.19,31.96
773.21,32.5
773.23,32.99
773.24,33.21
773.26,33.62
773.28,33.96
773.29,34.11
773.31,34.36
773.33,34.55
773.34,34.62
773.36,34.72
773.38,34.76
773.39,34.76
773.41,34.71
773.43,34.6
773.44,34.53
773.46,34.35
773.48,34.13
773.49,34.0
773.51,33.71
773.53,33.39
773.54,33.21
773.56,32.85
773.57,32.66
773.59,32.26
773.61,31.85
773.62,31.65
773.64,31.23
773.66,30.82
773.67,30.62
773.69,30.23
773.71,29.85
773.72,29.67
773.74,29.33
773.76,29.03
773.77,28.89
773.79,28.64
773.81,28.44
773.82,28.35
773.84,28.22
773.86,28.14
773.87,28.12
773.89,28.12
773.9,28.15
773.92,28.23
773.94,28.38
773.95,28.48
773.97,28.71
773.99,29.0
774.0,29.16
774.02,29.53
774.04,29.95
774.05,30.18
774.07,30.67
774.09,31.2
774.1,31.48
774.12,32.07
774.14,32.68
774.15,33.0
774.17,33.66
774.19,34.33
774.2,34.67
774.22,35.36
774.24,36.05
774.25,36.39
774.27,37.08
774.28,37.42
774.3,38.08
774.32,38.73
774.33,39.05
774.35,39.66
774.37,40.24
774.38,40.52
774.4,41.05
774.42,41.53
774.43,41.76
774.45,42.18
774.47,42.55
774.48,42.71
774.5,43.01
774.52,43.25
774.53,43.35
774.55,43.5
774.57,43.61
774.58,43.64
774.6,43.66
774.62,43.62
774.63,43.59
774.65,43.47
774.66,43.4
774.68,43.2
774.7,42.96
774.71,42.82
774.73,42.51
774.75,42.16
774.76,41.96
774.78,41.54
774.8,41.09
774.81,40.85
774.83,40.34
774.85,39.81
774.86,39.53
774.88,38.95
774.9,38.35
774.91,38.04
774.93,37.41
774.95,36.76
774.96,36.43
774.98,35.76
775.0,35.08
775.01,34.74
775.03,34.05
775.04,33.7
775.06,33.0
775.08,32.3
775.09,31.96
775.11,31.26
775.13,30.57
775.14,30.22
775.16,29.54
775.18,28.87
775.19,28.53
775.21,27.87
775.23,27.22
775.24,26.9
775.26,26.27
775.28,25.65
775.29,25.35
775.31,24.76
775.33,24.18
775.34,23.9
775.36,23.34
775.37,23.07
775.39,22.54
775.41,22.03
775.42,21.77
775.44,21.29
775.46,20.81
775.47,20.58
775.49,20.13
775.51,19.69
775.52,19.47
775.54,19.06
775.56,18.65
775.57,18.45
775.59,18.06
775.61,17.68
775.62,17.49
775.64,17.12
775.66,16.75
775.67,16.57
775.69,16.21
775.71,15.86
775.72,15.68
775.74,15.33
775.75,15.15
775.77,14.8
775.79,14.45
775.8,14.27
775.82,13.91
775.84,13.55
775.85,13.37
775.87,13.01
775.89,12.64
775.9,12.46
775.92,12.09
775.94,11.71
775.95,11.52
775.97,11.14
775.99,10.76
776.0,10.57
776.02,10.18
776.04,9.796
776.05,9.602
776.07,9.214
776.09,8.826
776.1,8.633
776.12,8.248
776.13,8.057
776.15,7.676
776.17,7.3
776.18,7.114
776.2,6.746
776.22,6.385
776.23,6.207
776.25,5.858
776.27,5.517
776.28,5.35
776.3,5.023
776.32,4.707
776.33,4.553
776.35,4.254
776.37,3.967
776.38,3.828
776.4,3.559
776.42,3.304
776.43,3.18
776.45,2.944
776.47,2.721
776.48,2.614
776.5,2.411
776.51,2.314
776.53,2.13
776.55,1.959
776.56,1.878
776.58,1.727
776.6,1.587
776.61,1.522
776.63,1.4
776.65,1.29
776.66,1.239
776.68,1.146
776.7,1.063
776.71,1.026
776.73,0.9581
776.75,0.9003
776.76,0.8749
776.78,0.8309
776.8,0.7957
776.81,0.7813
776.83,0.7585
776.84,0.7502
776.86,0.7392
776.88,0.7357
776.89,0.7367
776.91,0.744
776.93,0.7581
776.94,0.7676
776.96,0.7917
776.98,0.8221
776.99,0.8397
777.01,0.8795
777.03,0.9255
777.04,0.9508
777.06,1.006
777.08,1.067
777.09,1.1
777.11,1.171
777.13,1.248
777.14,1.288
777.16,1.375
777.18,1.468
777.19,1.518
777.21,1.622
777.22,1.677
777.24,1.792
777.26,1.915
777.27,1.98
777.29,2.116
777.31,2.261
777.32,2.337
777.34,2.497
777.36,2.667
777.37,2.756
777.39,2.943
777.41,3.142
777.42,3.246
777.44,3.465
777.46,3.696
777.47,3.818
777.49,4.071
777.51,4.34
777.52,4.48
777.54,4.774
777.56,5.084
777.57,5.245
777.59,5.581
777.6,5.756
777.62,6.12
777.64,6.502
777.65,6.701
777.67,7.111
777.69,7.541
777.7,7.763
777.72,8.222
777.74,8.699
777.75,8.944
777.77,9.449
777.79,9.97
777.8,10.24
777.82,10.78
777.84,11.35
777.85,11.63
777.87,12.21
777.89,12.81
777.9,13.11
777.92,13.71
777.93,14.02
777.95,14.64
777.97,15.26
777.98,15.57
778.0,16.2
778.02,16.82
778.03,17.13
778.05,17.74
778.07,18.35
778.08,18.65
778.1,19.24
778.12,19.81
778.13,20.1
778.15,20.65
778.17,21.17
778.18,21.43
778.2,21.92
778.22,22.39
778.23,22.61
778.25,23.04
778.27,23.43
778.28,23.61
778.3,23.96
778.31,24.12
778.33,24.41
778.35,24.67
778.36,24.78
778.38,24.99
778.4,25.15
778.41,25.22
778.43,25.34
778.45,25.41
778.46,25.44
778.48,25.46
778.5,25.46
778.51,25.44
778.53,25.39
778.55,25.3
778.56,25.25
778.58,25.13
778.6,24.98
778.61,24.89
778.63,24.71
778.65,24.5
778.66,24.4
778.68,24.17
778.69,24.04
778.71,23.79
778.73,23.53
778.74,23.39
778.76,23.11
778.78,22.82
778.79,22.67
778.81,22.38
778.83,22.07
778.84,21.92
778.86,21.61
778.88,21.3
778.89,21.14
778.91,20.83
778.93,20.52
778.94,20.36
778.96,20.04
778.98,19.73
778.99,19.57
779.01,19.25
779.03,18.93
779.04,18.77
779.06,18.45
779.07,18.28
779.09,17.96
779.11,17.63
779.12,17.46
779.14,17.12
779.16,16.78
779.17,16.61
779.19,16.26
779.21,15.9
779.22,15.72
779.24,15.36
779.26,14.98
779.27,14.79
779.29,14.41
779.31,14.02
779.32,13.83
779.34,13.43
779.36,13.02
779.37,12.82
779.39,12.41
779.4,12.2
779.42,11.78
779.44,11.36
779.45,11.15
779.47,10.72
779.49,10.29
779.5,10.08
779.52,9.653
779.54,9.229
779.55,9.017
779.57,8.597
779.59,8.181
779.6,7.975
779.62,7.568
779.64,7.168
779.65,6.971
779.67,6.583
779.69,6.205
779.7,6.02
779.72,5.658
779.74,5.308
779.75,5.137
779.77,4.805
779.78,4.644
779.8,4.332
779.82,4.033
779.83,3.889
779.85,3.612
779.87,3.35
779.88,3.224
779.9,2.983
779.92,2.757
779.93,2.649
779.95,2.445
779.97,2.255
779.98,2.166
780.0,1.997
780.02,1.842
780.03,1.769
780.05,1.634
780.07,1.512
780.08,1.455
780.1,1.352
780.12,1.26
780.13,1.218
780.15,1.143
780.16,1.11
780.18,1.051
780.2,1.002
780.21,0.981
780.23,0.9463
780.25,0.9205
780.26,0.9109
780.28,0.8978
780.3,0.8927
780.31,0.893
780.33,0.8992
780.35,0.9125
780.36,0.9218
780.38,0.9452
780.4,0.9749
780.41,0.9921
780.43,1.031
780.45,1.076
780.46,1.1
780.48,1.153
780.5,1.212
780.51,1.243
780.53,1.309
780.54,1.344
780.56,1.418
780.58,1.497
780.59,1.539
780.61,1.625
780.63,1.717
780.64,1.765
780.66,1.864
780.68,1.969
780.69,2.023
780.71,2.135
780.73,2.254
780.74,2.315
780.76,2.441
780.78,2.574
780.79,2.643
780.81,2.784
780.83,2.933
780.84,3.009
780.86,3.167
780.87,3.249
780.89,3.418
780.91,3.594
780.92,3.685
780.94,3.872
780.96,4.067
780.97,4.167
780.99,4.374
781.01,4.588
781.02,4.699
781.04,4.926
781.06,5.161
781.07,5.281
781.09,5.529
781.11,5.784
781.12,5.915
781.14,6.182
781.16,6.457
781.17,6.597
781.19,6.883
781.21,7.175
781.22,7.324
781.24,7.626
781.25,7.78
781.27,8.091
781.29,8.407
781.3,8.566
781.32,8.889
781.34,9.215
781.35,9.379
781.37,9.709
781.39,10.04
781.4,10.21
781.42,10.54
781.44,10.87
781.45,11.04
781.47,11.37
781.49,11.71
781.5,11.87
781.52,12.2
781.54,12.52
781.55,12.69
781.57,13.01
781.59,13.32
781.6,13.48
781.62,13.79
781.63,13.94
781.65,14.24
781.67,14.54
781.68,14.69
781.7,14.98
781.72,15.26
781.73,15.4
781.75,15.68
781.77,15.96
781.78,16.09
781.8,16.36
781.82,16.62
781.83,16.75
781.85,17.01
781.87,17.27
781.88,17.39
781.9,17.64
781.92,17.89
781.93,18.02
781.95,18.26
781.97,18.51
781.98,18.63
782.0,18.87
782.01,18.99
782.03,19.22
782.05,19.46
782.06,19.57
782.08,19.8
782.1,20.03
782.11,20.14
782.13,20.35
782.15,20.57
782.16,20.67
782.18,20.87
782.2,21.06
782.21,21.15
782.23,21.33
782.25,21.49
782.26,21.57
782.28,21.71
782.3,21.84
782.31,21.9
782.33,22.0
782.34,22.04
782.36,22.11
782.38,22.16
782.39,22.18
782.41,22.2
782.43,22.19
782.44,22.18
782.46,22.14
782.48,22.08
782.49,22.03
782.51,21.93
782.53,21.8
782.54,21.73
782.56,21.57
782.58,21.38
782.59,21.28
782.61,21.06
782.63,20.83
782.64,20.7
782.66,20.44
782.68,20.17
782.69,20.03
782.71,19.74
782.72,19.59
782.74,19.3
782.76,19.0
782.77,18.86
782.79,18.57
782.81,18.28
782.82,18.15
782.84,17.88
782.86,17.64
782.87,17.53
782.89,17.32
782.91,17.14
782.92,17.06
782.94,16.93
782.96,16.84
782.97,16.81
782.99,16.79
783.01,16.81
783.02,16.83
783.04,16.93
783.06,17.08
783.07,17.17
783.09,17.4
783.1,17.54
783.12,17.85
783.14,18.23
783.15,18.44
783.17,18.9
783.19,19.42
783.2,19.7
783.22,20.3
783.24,20.96
783.25,21.31
783.27,22.05
783.29,22.83
783.3,23.24
783.32,24.09
783.34,24.98
783.35,25.43
783.37,26.37
783.39,27.34
783.4,27.83
783.42,28.82
783.44,29.83
783.45,30.34
783.47,31.36
783.48,31.88
783.5,32.9
783.52,33.92
783.53,34.43
783.55,35.43
783.57,36.43
783.58,36.92
783.6,37.89
783.62,38.84
783.63,39.31
783.65,40.24
783.67,41.15
783.68,41.6
783.7,42.5
783.72,43.4
783.73,43.85
783.75,44.76
783.77,45.69
783.78,46.17
783.8,47.15
783.81,47.67
783.83,48.75
783.85,49.92
783.86,50.55
783.88,51.89
783.9,53.39
783.91,54.2
783.93,55.98
783.95,57.99
783.96,59.1
783.98,61.53
784.0,64.28
784.01,65.8
784.03,69.14
784.05,72.92
784.06,74.99
784.08,79.54
784.1,84.66
784.11,87.46
784.13,93.55
784.15,100.4
784.16,104.1
784.18,112.1
784.19,116.4
784.21,125.7
784.23,136.0
784.24,141.6
784.26,153.4
784.28,166.3
784.29,173.2
784.31,187.9
784.33,203.9
784.34,212.3
784.36,230.2
784.38,249.3
784.39,259.4
784.41,280.7
784.43,303.3
784.44,315.1
784.46,339.8
784.48,365.8
784.49,379.4
784.51,407.5
784.53,436.9
784.54,452.1
784.56,483.4
784.57,499.5
784.59,532.5
784.61,566.5
784.62,583.9
784.64,619.4
784.66,655.6
784.67,674.0
784.69,711.1
784.71,748.7
784.72,767.6
784.74,805.4
784.76,843.3
784.77,862.2
784.79,899.8
784.81,936.9
784.82,955.2
784.84,991.2
784.86,1026.0
784.87,1043.0
784.89,1077.0
784.91,1108.0
784.92,1124.0
784.94,1153.0
784.95,1167.0
784.97,1193.0
784.99,1217.0
785.0,1228.0
785.02,1248.0
785.04,1266.0
785.05,1274.0
785.07,1288.0
785.09,1299.0
785.1,1303.0
785.12,1310.0
785.14,1313.0
785.15,1314.0
785.17,1313.0
785.19,1309.0
785.2,1306.0
785.22,1297.0
785.24,1286.0
785.25,1279.0
785.27,1263.0
785.28,1254.0
785.3,1235.0
785.32,1213.0
785.33,1201.0
785.35,1175.0
785.37,1147.0
785.38,1133.0
785.4,1102.0
785.42,1070.0
785.43,1053.0
785.45,1019.0
785.47,983.6
785.48,965.5
785.5,928.7
785.52,891.2
785.53,872.3
785.55,834.2
785.57,796.0
785.58,776.8
785.6,738.6
785.62,700.7
785.63,681.8
785.65,644.6
785.66,626.2
785.68,589.9
785.7,554.4
785.71,537.0
785.73,503.0
785.75,470.1
785.76,454.0
785.78,422.8
785.8,392.8
785.81,378.3
785.83,350.2
785.85,323.5
785.86,310.7
785.88,286.0
785.9,262.7
785.91,251.5
785.93,230.2
785.95,210.2
785.96,200.7
785.98,182.6
786.0,165.8
786.01,157.8
786.03,142.8
786.04,135.7
786.06,122.3
786.08,110.0
786.09,104.3
786.11,93.48
786.13,83.6
786.14,79.0
786.16,70.41
786.18,62.62
786.19,59.01
786.21,52.3
786.23,46.26
786.24,43.47
786.26,38.32
786.28,33.72
786.29,31.61
786.31,27.73
786.33,24.29
786.34,22.72
786.36,19.86
786.38,17.35
786.39,16.21
786.41,14.16
786.42,13.23
786.44,11.58
786.46,10.15
786.47,9.52
786.49,8.407
786.51,7.478
786.52,7.078
786.54,6.398
786.56,5.868
786.57,5.656
786.59,5.331
786.61,5.135
786.62,5.083
786.64,5.067
786.66,5.169
786.67,5.263
786.69,5.538
786.71,5.929
786.72,6.169
786.74,6.74
786.75,7.071
786.77,7.83
786.79,8.723
786.8,9.222
786.82,10.33
786.84,11.59
786.85,12.28
786.87,13.79
786.89,15.48
786.9,16.4
786.92,18.38
786.94,20.57
786.95,21.75
786.97,24.29
786.99,27.06
787.0,28.54
787.02,31.71
787.04,35.15
787.05,36.98
787.07,40.86
787.09,45.05
787.1,47.26
787.12,51.93
787.13,54.39
787.15,59.56
787.17,65.07
787.18,67.95
787.2,73.99
787.22,80.37
787.23,83.7
787.25,90.61
787.27,97.87
787.28,101.6
787.3,109.4
787.32,117.5
787.33,121.6
787.35,130.2
787.37,139.0
787.38,143.5
787.4,152.7
787.42,162.2
787.43,167.0
787.45,176.7
787.47,186.5
787.48,191.5
787.5,201.5
787.51,206.5
787.53,216.5
787.55,226.5
787.56,231.5
787.58,241.4
787.6,251.1
787.61,255.9
787.63,265.3
787.65,274.4
787.66,278.9
787.68,287.5
787.7,295.8
787.71,299.8
787.73,307.3
787.75,314.4
787.76,317.7
787.78,323.9
787.8,329.5
787.81,332.1
787.83,336.7
787.85,340.7
787.86,342.4
787.88,345.3
787.89,346.5
787.91,348.3
787.93,349.3
787.94,349.5
787.96,349.4
787.98,348.6
787.99,347.9
788.01,345.9
788.03,343.3
788.04,341.7
788.06,338.0
788.08,333.6
788.09,331.2
788.11,325.9
788.13,320.0
788.14,316.9
788.16,310.2
788.18,303.1
788.19,299.4
788.21,291.6
788.22,287.6
788.24,279.3
788.26,270.8
788.27,266.4
788.29,257.5
788.31,248.5
788.32,243.9
788.34,234.7
788.36,225.4
788.37,220.8
788.39,211.6
788.41,202.4
788.42,197.8
788.44,188.9
788.46,180.0
788.47,175.7
788.49,167.2
788.51,159.0
788.52,154.9
788.54,147.1
788.56,139.7
788.57,136.1
788.59,129.2
788.6,125.9
788.62,119.6
788.64,113.8
788.65,111.0
788.67,105.9
788.69,101.2
788.7,99.09
788.72,95.22
788.74,91.89
788.75,90.44
788.77,87.97
788.79,86.09
788.8,85.38
788.82,84.43
788.84,84.11
788.85,84.2
788.87,84.87
788.89,86.23
788.9,87.18
788.92,89.6
788.94,92.74
788.95,94.59
788.97,98.85
788.98,101.3
789.0,106.7
789.02,112.9
789.03,116.3
789.05,123.7
789.07,131.8
789.08,136.2
789.1,145.6
789.12,155.8
789.13,161.2
789.15,172.6
789.17,184.8
789.18,191.2
789.2,204.5
789.22,218.6
789.23,225.8
789.25,240.9
789.27,256.7
789.28,264.8
789.3,281.4
789.31,289.9
789.33,307.3
789.35,325.1
789.36,334.2
789.38,352.5
789.4,371.1
789.41,380.4
789.43,399.2
789.45,418.1
789.46,427.5
789.48,446.2
789.5,464.7
789.51,473.9
789.53,491.9
789.55,509.5
789.56,518.1
789.58,534.7
789.6,550.7
789.61,558.4
789.63,573.2
789.65,586.9
789.66,593.4
789.68,605.6
789.69,611.3
789.71,621.7
789.73,630.9
789.74,635.0
789.76,642.1
789.78,647.8
789.79,650.1
789.81,653.7
789.83,655.7
789.84,656.2
789.86,656.0
789.88,654.3
789.89,652.9
789.91,649.0
789.93,643.6
789.94,640.3
789.96,632.9
789.98,624.0
789.99,619.1
790.01,608.4
790.03,596.5
790.04,590.1
790.06,576.6
790.07,569.5
790.09,554.6
790.11,538.8
790.12,530.7
790.14,513.8
790.16,496.5
790.17,487.6
790.19,469.5
790.21,451.1
790.22,441.9
790.24,423.2
790.26,404.4
790.27,395.0
790.29,376.3
790.31,357.8
790.32,348.6
790.34,330.4
790.36,312.5
790.37,303.7
790.39,286.5
790.41,269.8
790.42,261.6
790.44,245.7
790.45,238.0
790.47,223.1
790.49,208.7
790.5,201.9
790.52,188.6
790.54,176.0
790.55,170.0
790.57,158.5
790.59,147.8
790.6,142.7
790.62,133.0
790.64,124.1
790.65,119.9
790.67,112.0
790.69,104.7
790.7,101.4
790.72,95.12
790.74,89.47
790.75,86.88
790.77,82.11
790.78,79.93
790.8,75.97
790.82,72.52
790.83,70.97
790.85,68.2
790.87,65.85
790.88,64.83
790.9,63.06
790.92,61.62
790.93,61.03
790.95,60.05
790.97,59.33
790.98,59.06
791.0,58.68
791.02,58.5
791.03,58.47
791.05,58.52
791.07,58.7
791.08,58.82
791.1,59.14
791.12,59.53
791.13,59.74
791.15,60.19
791.16,60.43
791.18,60.9
791.2,61.36
791.21,61.58
791.23,62.01
791.25,62.39
791.26,62.56
791.28,62.86
791.3,63.09
791.31,63.17
791.33,63.29
791.35,63.31
791.36,63.29
791.38,63.18
791.4,62.98
791.41,62.84
791.43,62.49
791.45,62.04
791.46,61.78
791.48,61.19
791.5,60.51
791.51,60.13
791.53,59.32
791.54,58.88
791.56,57.94
791.58,56.93
791.59,56.39
791.61,55.28
791.63,54.1
791.64,53.49
791.66,52.24
791.68,50.94
791.69,50.28
791.71,48.93
791.73,47.55
791.74,46.85
791.76,45.45
791.78,44.03
791.79,43.32
791.81,41.9
791.83,40.49
791.84,39.78
791.86,38.38
791.88,37.0
791.89,36.32
791.91,34.97
791.92,34.31
791.94,33.0
791.96,31.73
791.97,31.1
791.99,29.88
792.01,28.7
792.02,28.12
792.04,26.99
792.06,25.91
792.07,25.38
792.09,24.36
792.11,23.38
792.12,22.91
792.14,22.0
792.16,21.12
792.17,20.71
792.19,19.9
792.21,19.13
792.22,18.76
792.24,18.06
792.25,17.72
792.27,17.08
792.29,16.47
792.3,16.18
792.32,15.63
792.34,15.11
792.35,14.87
792.37,14.41
792.39,13.98
792.4,13.78
792.42,13.4
792.44,13.05
792.45,12.89
792.47,12.59
792.49,12.32
792.5,12.2
792.52,11.97
792.54,11.77
792.55,11.68
792.57,11.52
792.59,11.39
792.6,11.33
792.62,11.24
792.63,11.2
792.65,11.14
792.67,11.11
792.68,11.1
792.7,11.1
792.72,11.12
792.73,11.14
792.75,11.19
792.77,11.26
792.78,11.3
792.8,11.4
792.82,11.51
792.83,11.58
792.85,11.72
792.87,11.87
792.88,11.95
792.9,12.13
792.92,12.31
792.93,12.41
792.95,12.61
792.97,12.81
792.98,12.92
793.0,13.13
793.01,13.24
793.03,13.47
793.05,13.69
793.06,13.8
793.08,14.02
793.1,14.24
793.11,14.35
793.13,14.56
793.15,14.77
793.16,14.87
793.18,15.06
793.2,15.24
793.21,15.32
793.23,15.48
793.25,15.63
793.26,15.69
793.28,15.82
793.3,15.92
793.31,15.96
793.33,16.03
793.35,16.09
793.36,16.1
793.38,16.13
793.39,16.13
793.41,16.12
793.43,16.08
793.44,16.06
793.46,16.0
793.48,15.91
793.49,15.86
793.51,15.75
793.53,15.62
793.54,15.55
793.56,15.4
793.58,15.23
793.59,15.14
793.61,14.95
793.63,14.76
793.64,14.66
793.66,14.46
793.68,14.25
793.69,14.15
793.71,13.95
793.72,13.85
793.74,13.65
793.76,13.46
793.77,13.37
793.79,13.19
793.81,13.03
793.82,12.96
793.84,12.83
793.86,12.71
793.87,12.66
793.89,12.58
793.91,12.52
793.92,12.51
793.94,12.49
793.96,12.5
793.97,12.51
793.99,12.57
794.01,12.65
794.02,12.7
794.04,12.83
794.06,12.98
794.07,13.07
794.09,13.27
794.1,13.38
794.12,13.62
794.14,13.88
794.15,14.02
794.17,14.31
794.19,14.62
794.2,14.78
794.22,15.12
794.24,15.47
794.25,15.64
794.27,16.0
794.29,16.37
794.3,16.55
794.32,16.91
794.34,17.27
794.35,17.45
794.37,17.79
794.39,18.13
794.4,18.29
794.42,18.59
794.44,18.88
794.45,19.01
794.47,19.26
794.48,19.38
794.5,19.58
794.52,19.75
794.53,19.82
794.55,19.94
794.57,20.03
794.58,20.05
794.6,20.08
794.62,20.06
794.63,20.04
794.65,19.96
794.67,19.85
794.68,19.77
794.7,19.6
794.72,19.38
794.73,19.26
794.75,18.99
794.77,18.68
794.78,18.51
794.8,18.16
794.82,17.77
794.83,17.56
794.85,17.14
794.86,16.91
794.88,16.45
794.9,15.96
794.91,15.71
794.93,15.21
794.95,14.69
794.96,14.42
794.98,13.89
795.0,13.36
795.01,13.09
795.03,12.56
795.05,12.03
795.06,11.76
795.08,11.25
795.1,10.74
795.11,10.49
795.13,10.01
795.15,9.545
795.16,9.32
795.18,8.888
795.19,8.681
795.21,8.286
795.23,7.918
795.24,7.746
795.26,7.423
795.28,7.132
795.29,6.999
795.31,6.758
795.33,6.551
795.34,6.462
795.36,6.309
795.38,6.194
795.39,6.15
795.41,6.091
795.43,6.069
795.44,6.073
795.46,6.108
795.48,6.18
795.49,6.231
795.51,6.359
795.53,6.524
795.54,6.62
795.56,6.838
795.57,6.96
795.59,7.229
795.61,7.53
795.62,7.692
795.64,8.039
795.66,8.415
795.67,8.612
795.69,9.026
795.71,9.464
795.72,9.691
795.74,10.16
795.76,10.64
795.77,10.89
795.79,11.4
795.81,11.92
795.82,12.18
795.84,12.71
795.86,13.24
795.87,13.51
795.89,14.04
795.91,14.56
795.92,14.82
795.94,15.34
795.95,15.59
795.97,16.08
795.99,16.56
796.0,16.79
796.02,17.24
796.04,17.67
796.05,17.87
796.07,18.25
796.09,18.61
796.1,18.78
796.12,19.09
796.14,19.36
796.15,19.49
796.17,19.71
796.19,19.9
796.2,19.98
796.22,20.11
796.24,20.21
796.25,20.24
796.27,20.28
796.29,20.29
796.3,20.28
796.32,20.24
796.33,20.21
796.35,20.12
796.37,20.0
796.38,19.93
796.4,19.78
796.42,19.6
796.43,19.51
796.45,19.3
796.47,19.08
796.48,18.97
796.5,18.74
796.52,18.5
796.53,18.37
796.55,18.13
796.57,17.89
796.58,17.77
796.6,17.54
796.62,17.32
796.63,17.22
796.65,17.02
796.66,16.92
796.68,16.75
796.7,16.6
796.71,16.53
796.73,16.42
796.75,16.33
796.76,16.29
796.78,16.24
796.8,16.22
796.81,16.23
796.83,16.25
796.85,16.31
796.86,16.35
796.88,16.45
796.9,16.58
796.91,16.65
796.93,16.83
796.95,17.02
796.96,17.13
796.98,17.37
797.0,17.63
797.01,17.76
797.03,18.05
797.04,18.2
797.06,18.51
797.08,18.83
797.09,19.0
797.11,19.34
797.13,19.68
797.14,19.85
797.16,20.2
797.18,20.55
797.19,20.72
797.21,21.06
797.23,21.4
797.24,21.56
797.26,21.88
797.28,22.19
797.29,22.34
797.31,22.63
797.33,22.9
797.34,23.03
797.36,23.28
797.38,23.51
797.39,23.61
797.41,23.81
797.42,23.9
797.44,24.07
797.46,24.23
797.47,24.3
797.49,24.42
797.51,24.53
797.52,24.58
797.54,24.67
797.56,24.74
797.57,24.78
797.59,24.83
797.61,24.88
797.62,24.91
797.64,24.95
797.66,24.99
797.67,25.01
797.69,25.05
797.71,25.09
797.72,25.12
797.74,25.17
797.75,25.2
797.77,25.26
797.79,25.34
797.8,25.38
797.82,25.48
797.84,25.59
797.85,25.65
797.87,25.78
797.89,25.93
797.9,26.01
797.92,26.19
797.94,26.38
797.95,26.48
797.97,26.69
797.99,26.92
798.0,27.04
798.02,27.28
798.04,27.53
798.05,27.66
798.07,27.93
798.09,28.19
798.1,28.33
798.12,28.59
798.13,28.72
798.15,28.98
798.17,29.23
798.18,29.35
798.2,29.57
798.22,29.78
798.23,29.88
798.25,30.05
798.27,30.2
798.28,30.27
798.3,30.37
798.32,30.44
798.33,30.46
798.35,30.47
798.37,30.44
798.38,30.42
798.4,30.32
798.42,30.19
798.43,30.1
798.45,29.9
798.47,29.64
798.48,29.5
798.5,29.18
798.51,29.0
798.53,28.61
798.55,28.17
798.56,27.93
798.58,27.43
798.6,26.89
798.61,26.6
798.63,26.0
798.65,25.36
798.66,25.03
798.68,24.35
798.7,23.63
798.71,23.27
798.73,22.52
798.75,21.75
798.76,21.36
798.78,20.56
798.8,19.76
798.81,19.36
798.83,18.54
798.85,17.72
798.86,17.32
798.88,16.5
798.89,16.09
798.91,15.29
798.93,14.49
798.94,14.1
798.96,13.32
798.98,12.56
798.99,12.19
799.01,11.46
799.03,10.74
799.04,10.4
799.06,9.719
799.08,9.067
799.09,8.75
799.11,8.136
799.13,7.549
799.14,7.266
799.16,6.72
799.18,6.201
799.19,5.952
799.21,5.475
799.22,5.247
799.24,4.811
799.26,4.401
799.27,4.206
799.29,3.835
799.31,3.49
799.32,3.326
799.34,3.017
799.36,2.73
799.37,2.595
799.39,2.341
799.41,2.107
799.42,1.997
799.44,1.792
799.46,1.604
799.47,1.516
799.49,1.353
799.51,1.205
799.52,1.136
799.54,1.009
799.56,0.8934
799.57,0.8402
799.59,0.7421
799.6,0.6969
799.62,0.6138
799.64,0.5396
799.65,0.5057
799.67,0.4435
799.69,0.3886
799.7,0.3635
799.72,0.3181
799.74,0.2782
799.75,0.2601
799.77,0.2277
799.79,0.1995
799.8,0.187
799.82,0.1646
799.84,0.1455
799.85,0.1372
799.87,0.1226
799.89,0.1106
799.9,0.1055
799.92,0.09692
799.94,0.09043
799.95,0.0879
799.97,0.08418
799.98,0.08294
800.0,0.08167
800.02,0.0819
800.03,0.08254
800.05,0.08485
800.07,0.08847
800.08,0.09076
800.1,0.09625
800.12,0.1029
800.13,0.1067
800.15,0.1152
800.17,0.1248
800.18,0.13
800.2,0.1414
800.22,0.1538
800.23,0.1605
800.25,0.1747
800.27,0.19
800.28,0.1981
800.3,0.2152
800.32,0.2334
800.33,0.2429
800.35,0.2628
800.36,0.2731
800.38,0.2947
800.4,0.3173
800.41,0.329
800.43,0.3532
800.45,0.3783
800.46,0.3913
800.48,0.4178
800.5,0.4452
800.51,0.4591
800.53,0.4876
800.55,0.5167
800.56,0.5315
800.58,0.5614
800.6,0.5916
800.61,0.6068
800.63,0.6374
800.65,0.6681
800.66,0.6834
800.68,0.7138
800.69,0.729
800.71,0.7589
800.73,0.7884
800.74,0.8029
800.76,0.8312
800.78,0.8587
800.79,0.8721
800.81,0.8979
800.83,0.9224
800.84,0.9342
800.86,0.9565
800.88,0.9772
800.89,0.987
800.91,1.005
800.93,1.021
800.94,1.028
800.96,1.041
800.98,1.052
800.99,1.057
801.01,1.064
801.03,1.069
801.04,1.071
801.06,1.073
801.07,1.073
801.09,1.071
801.11,1.066
801.12,1.063
801.14,1.056
801.16,1.046
801.17,1.04
801.19,1.027
801.21,1.012
801.22,1.003
801.24,0.9852
801.26,0.9653
801.27,0.9548
801.29,0.9325
801.31,0.9088
801.32,0.8965
801.34,0.8709
801.36,0.8443
801.37,0.8306
801.39,0.8026
801.41,0.774
801.42,0.7595
801.44,0.7301
801.45,0.7152
801.47,0.6854
801.49,0.6555
801.5,0.6406
801.52,0.6108
801.54,0.5812
801.55,0.5665
801.57,0.5375
801.59,0.5089
801.6,0.4949
801.62,0.4673
801.64,0.4404
801.65,0.4272
801.67,0.4015
801.69,0.3767
801.7,0.3646
801.72,0.3412
801.74,0.3187
801.75,0.3078
801.77,0.2869
801.79,0.2669
801.8,0.2573
801.82,0.2389
801.83,0.2301
801.85,0.2131
801.87,0.1972
801.88,0.1896
801.9,0.1751
801.92,0.1616
801.93,0.1552
801.95,0.1429
801.97,0.1316
801.98,0.1262
802.0,0.1161
802.02,0.1067
802.03,0.1023
802.05,0.09397
802.07,0.08633
802.08,0.08275
802.1,0.07605
802.12,0.06993
802.13,0.06707
802.15,0.06176
802.16,0.05929
802.18,0.05472
802.2,0.05061
802.21,0.04872
802.23,0.04525
802.25,0.04219
802.26,0.04081
802.28,0.03833
802.3,0.03623
802.31,0.03531
802.33,0.03375
802.35,0.03255
802.36,0.03209
802.38,0.03144
802.4,0.03116
802.41,0.03116
802.43,0.03146
802.45,0.03218
802.46,0.0327
802.48,0.03407
802.5,0.03593
802.51,0.03704
802.53,0.03968
802.54,0.04121
802.56,0.04472
802.58,0.04887
802.59,0.05121
802.61,0.05643
802.63,0.06244
802.64,0.06577
802.66,0.07309
802.68,0.08138
802.69,0.08591
802.71,0.0958
802.73,0.1069
802.74,0.1129
802.76,0.1259
802.78,0.1403
802.79,0.1481
802.81,0.1648
802.83,0.1832
802.84,0.1931
802.86,0.2143
802.88,0.2375
802.89,0.2498
802.91,0.2762
802.92,0.2903
802.94,0.3202
802.96,0.3526
802.97,0.3698
802.99,0.4063
803.01,0.4458
803.02,0.4666
803.04,0.5108
803.06,0.5583
803.07,0.5833
803.09,0.6362
803.11,0.693
803.12,0.7229
803.14,0.7859
803.16,0.8535
803.17,0.889
803.19,0.9638
803.21,1.044
803.22,1.086
803.24,1.175
803.26,1.27
803.27,1.32
803.29,1.425
803.3,1.481
803.32,1.598
803.34,1.724
803.35,1.79
803.37,1.93
803.39,2.081
803.4,2.161
803.42,2.329
803.44,2.511
803.45,2.608
803.47,2.812
803.49,3.033
803.5,3.15
803.52,3.398
803.54,3.668
803.55,3.811
803.57,4.114
803.59,4.443
803.6,4.618
803.62,4.989
803.63,5.186
803.65,5.604
803.67,6.057
803.68,6.297
803.7,6.806
803.72,7.356
803.73,7.647
803.75,8.263
803.77,8.926
803.78,9.276
803.8,10.01
803.82,10.81
803.83,11.22
803.85,12.1
803.87,13.03
803.88,13.53
803.9,14.55
803.92,15.64
803.93,16.21
803.95,17.4
803.97,18.65
803.98,19.3
804.0,20.65
804.01,21.34
804.03,22.79
804.05,24.3
804.06,25.07
804.08,26.67
804.1,28.32
804.11,29.17
804.13,30.9
804.15,32.68
804.16,33.59
804.18,35.43
804.2,37.3
804.21,38.25
804.23,40.16
804.25,42.09
804.26,43.06
804.28,44.99
804.3,46.93
804.31,47.89
804.33,49.8
804.35,51.68
804.36,52.61
804.38,54.44
804.39,55.33
804.41,57.08
804.43,58.76
804.44,59.57
804.46,61.13
804.48,62.61
804.49,63.31
804.51,64.63
804.53,65.85
804.54,66.41
804.56,67.45
804.58,68.36
804.59,68.76
804.61,69.47
804.63,70.03
804.64,70.26
804.66,70.61
804.68,70.81
804.69,70.85
804.71,70.83
804.73,70.65
804.74,70.51
804.76,70.11
804.77,69.85
804.79,69.24
804.81,68.48
804.82,68.05
804.84,67.1
804.86,66.02
804.87,65.43
804.89,64.17
804.91,62.8
804.92,62.08
804.94,60.56
804.96,58.96
804.97,58.13
804.99,56.41
805.01,54.63
805.02,53.72
805.04,51.87
805.06,49.97
805.07,49.01
805.09,47.07
805.1,46.09
805.12,44.13
805.14,42.16
805.15,41.18
805.17,39.22
805.19,37.29
805.2,36.32
805.22,34.42
805.24,32.56
805.25,31.64
805.27,29.83
805.29,28.07
805.3,27.21
805.32,25.53
805.34,23.91
805.35,23.12
805.37,21.59
805.39,20.12
805.4,19.41
805.42,18.04
805.44,16.74
805.45,16.11
805.47,14.9
805.48,14.33
805.5,13.22
805.52,12.19
805.53,11.69
805.55,10.75
805.57,9.87
805.58,9.453
805.6,8.665
805.62,7.934
805.63,7.59
805.65,6.944
805.67,6.35
805.68,6.072
805.7,5.553
805.72,5.081
805.73,4.863
805.75,4.458
805.77,4.094
805.78,3.928
805.8,3.623
805.82,3.355
805.83,3.233
805.85,3.016
805.86,2.919
805.88,2.749
805.9,2.607
805.91,2.547
805.93,2.446
805.95,2.37
805.96,2.342
805.98,2.302
806.0,2.284
806.01,2.283
806.03,2.297
806.05,2.331
806.06,2.355
806.08,2.416
806.1,2.496
806.11,2.542
806.13,2.647
806.15,2.769
806.16,2.835
806.18,2.98
806.2,3.14
806.21,3.226
806.23,3.408
806.24,3.504
806.26,3.707
806.28,3.924
806.29,4.038
806.31,4.274
806.33,4.524
806.34,4.653
806.36,4.921
806.38,5.201
806.39,5.345
806.41,5.642
806.43,5.95
806.44,6.108
806.46,6.432
806.48,6.766
806.49,6.936
806.51,7.283
806.53,7.639
806.54,7.82
806.56,8.187
806.57,8.373
806.59,8.75
806.61,9.133
806.62,9.326
806.64,9.715
806.66,10.11
806.67,10.31
806.69,10.7
806.71,11.1
806.72,11.3
806.74,11.69
806.76,12.09
806.77,12.29
806.79,12.68
806.81,13.06
806.82,13.25
806.84,13.63
806.86,14.0
806.87,14.18
806.89,14.53
806.91,14.87
806.92,15.04
806.94,15.36
806.95,15.52
806.97,15.82
806.99,16.11
807.0,16.24
807.02,16.5
807.04,16.74
807.05,16.86
807.07,17.06
807.09,17.25
807.1,17.34
807.12,17.49
807.14,17.62
807.15,17.68
807.17,17.77
807.19,17.84
807.2,17.87
807.22,17.9
807.24,17.9
807.25,17.89
807.27,17.86
807.29,17.8
807.3,17.77
807.32,17.67
807.33,17.61
807.35,17.48
807.37,17.33
807.38,17.24
807.4,17.05
807.42,16.84
807.43,16.73
807.45,16.49
807.47,16.23
807.48,16.09
807.5,15.81
807.52,15.51
807.53,15.35
807.55,15.03
807.57,14.69
807.58,14.52
807.6,14.17
807.62,13.82
807.63,13.63
807.65,13.27
807.66,13.08
807.68,12.71
807.7,12.33
807.71,12.14
807.73,11.76
807.75,11.39
807.76,11.2
807.78,10.82
807.8,10.46
807.81,10.27
807.83,9.911
807.85,9.556
807.86,9.381
807.88,9.039
807.9,8.705
807.91,8.542
807.93,8.224
807.95,7.917
807.96,7.768
807.98,7.478
808.0,7.202
808.01,7.068
808.03,6.812
808.04,6.688
808.06,6.452
808.08,6.23
808.09,6.125
808.11,5.925
808.13,5.739
808.14,5.652
808.16,5.489
808.18,5.34
808.19,5.271
808.21,5.145
808.23,5.033
808.24,4.982
808.26,4.892
808.28,4.815
808.29,4.782
808.31,4.726
808.33,4.684
808.34,4.667
808.36,4.643
808.38,4.632
808.39,4.63
808.41,4.636
808.42,4.643
808.44,4.665
808.46,4.697
808.47,4.716
808.49,4.762
808.51,4.816
808.52,4.846
808.54,4.911
808.56,4.984
808.57,5.022
808.59,5.103
808.61,5.189
808.62,5.234
808.64,5.327
808.66,5.423
808.67,5.472
808.69,5.571
808.71,5.673
808.72,5.724
808.74,5.828
808.76,5.931
808.77,5.983
808.79,6.086
808.8,6.138
808.82,6.24
808.84,6.34
808.85,6.39
808.87,6.488
808.89,6.583
808.9,6.63
808.92,6.722
808.94,6.811
808.95,6.855
808.97,6.94
808.99,7.022
809.0,7.061
809.02,7.139
809.04,7.213
809.05,7.249
809.07,7.319
809.09,7.386
809.1,7.419
809.12,7.482
809.13,7.512
809.15,7.572
809.17,7.629
809.18,7.657
809.2,7.711
809.22,7.763
809.23,7.789
809.25,7.839
809.27,7.888
809.28,7.912
809.3,7.96
809.32,8.007
809.33,8.031
809.35,8.077
809.37,8.124
809.38,8.148
809.4,8.195
809.42,8.243
809.43,8.268
809.45,8.317
809.47,8.369
809.48,8.395
809.5,8.449
809.51,8.476
809.53,8.533
809.55,8.593
809.56,8.624
809.58,8.687
809.6,8.754
809.61,8.789
809.63,8.861
809.65,8.937
809.66,8.976
809.68,9.057
809.7,9.143
809.71,9.187
809.73,9.279
809.75,9.374
809.76,9.424
809.78,9.525
809.8,9.631
809.81,9.685
809.83,9.795
809.85,9.909
809.86,9.967
809.88,10.08
809.89,10.14
809.91,10.27
809.93,10.39
809.94,10.45
809.96,10.57
809.98,10.69
809.99,10.75
810.01,10.87
810.03,10.99
810.04,11.04
810.06,11.15
810.08,11.25
810.09,11.3
810.11,11.4
810.13,11.48
810.14,11.52
810.16,11.59
810.18,11.65
810.19,11.68
810.21,11.72
810.23,11.75
810.24,11.76
810.26,11.76
810.27,11.76
810.29,11.75
810.31,11.71
810.32,11.69
810.34,11.63
810.36,11.56
810.37,11.52
810.39,11.42
810.41,11.3
810.42,11.24
810.44,11.09
810.46,10.93
810.47,10.85
810.49,10.67
810.51,10.47
810.52,10.36
810.54,10.14
810.56,9.913
810.57,9.793
810.59,9.544
810.6,9.416
810.62,9.153
810.64,8.881
810.65,8.743
810.67,8.462
810.69,8.177
810.7,8.033
810.72,7.743
810.74,7.452
810.75,7.307
810.77,7.018
810.79,6.732
810.8,6.59
810.82,6.31
810.84,6.036
810.85,5.902
810.87,5.64
810.89,5.387
810.9,5.264
810.92,5.027
810.94,4.802
810.95,4.695
810.97,4.49
810.98,4.393
811.0,4.21
811.02,4.042
811.03,3.964
811.05,3.822
811.07,3.696
811.08,3.64
811.1,3.541
811.12,3.461
811.13,3.427
811.15,3.375
811.17,3.343
811.18,3.334
811.2,3.331
811.22,3.347
811.23,3.363
811.25,3.41
811.27,3.477
811.28,3.518
811.3,3.616
811.32,3.734
811.33,3.801
811.35,3.949
811.36,4.031
811.38,4.21
811.4,4.408
811.41,4.515
811.43,4.744
811.45,4.992
811.46,5.123
811.48,5.4
811.5,5.696
811.51,5.851
811.53,6.175
811.55,6.516
811.56,6.693
811.58,7.06
811.6,7.443
811.61,7.64
811.63,8.046
811.65,8.467
811.66,8.682
811.68,9.122
811.7,9.574
811.71,9.804
811.73,10.27
811.74,10.51
811.76,10.99
811.78,11.48
811.79,11.72
811.81,12.21
811.83,12.71
811.84,12.96
811.86,13.46
811.88,13.95
811.89,14.2
811.91,14.69
811.93,15.17
811.94,15.41
811.96,15.88
811.98,16.33
811.99,16.56
812.01,16.99
812.03,17.41
812.04,17.62
812.06,18.01
812.07,18.19
812.09,18.55
812.11,18.88
812.12,19.04
812.14,19.33
812.16,19.6
812.17,19.72
812.19,19.94
812.21,20.12
812.22,20.2
812.24,20.34
812.26,20.44
812.27,20.48
812.29,20.53
812.31,20.54
812.32,20.53
812.34,20.49
812.36,20.42
812.37,20.37
812.39,20.24
812.41,20.07
812.42,19.98
812.44,19.76
812.45,19.64
812.47,19.38
812.49,19.08
812.5,18.93
812.52,18.59
812.54,18.22
812.55,18.03
812.57,17.63
812.59,17.21
812.6,16.99
812.62,16.53
812.64,16.06
812.65,15.82
812.67,15.33
812.69,14.83
812.7,14.57
812.72,14.05
812.74,13.53
812.75,13.26
812.77,12.73
812.79,12.2
812.8,11.93
812.82,11.4
812.83,11.14
812.85,10.62
812.87,10.1
812.88,9.84
812.9,9.333
812.92,8.836
812.93,8.591
812.95,8.11
812.97,7.642
812.98,7.413
813.0,6.965
813.02,6.532
813.03,6.321
813.05,5.912
813.07,5.518
813.08,5.327
813.1,4.958
813.12,4.606
813.13,4.436
813.15,4.11
813.17,3.799
813.18,3.651
813.2,3.366
813.21,3.229
813.23,2.968
813.25,2.723
813.26,2.607
813.28,2.385
813.3,2.177
813.31,2.079
813.33,1.893
813.35,1.72
813.36,1.638
813.38,1.484
813.4,1.342
813.41,1.275
813.43,1.15
813.45,1.035
813.46,0.9806
813.48,0.8798
813.5,0.7877
813.51,0.7449
813.53,0.665
813.54,0.6278
813.56,0.5588
813.58,0.4964
813.59,0.4676
813.61,0.4141
813.63,0.3661
813.64,0.3439
813.66,0.3031
813.68,0.2666
813.69,0.2498
813.71,0.2191
813.73,0.1917
813.74,0.1792
813.76,0.1564
813.78,0.1362
813.79,0.127
813.81,0.1103
813.83,0.09554
813.84,0.08887
813.86,0.07677
813.88,0.0662
813.89,0.06143
813.91,0.05282
813.92,0.04895
813.94,0.04198
813.96,0.03594
813.97,0.03324
813.99,0.0284
814.01,0.02424
814.02,0.02239
814.04,0.01911
814.06,0.01631
814.07,0.01508
814.09,0.01292
814.11,0.01112
814.12,0.01034
814.14,0.008999
814.16,0.00793
814.17,0.007489
814.19,0.006779
814.21,0.006286
814.22,0.006117
814.24,0.005928
814.26,0.005935
814.27,0.006012
814.29,0.006314
814.3,0.006541
814.32,0.007155
814.34,0.007992
814.35,0.008501
814.37,0.009713
814.39,0.01121
814.4,0.01207
814.42,0.01406
814.44,0.01642
814.45,0.01776
814.47,0.02078
814.49,0.02433
814.5,0.02631
814.52,0.03076
814.54,0.03591
814.55,0.03878
814.57,0.04517
814.59,0.05252
814.6,0.05659
814.62,0.0656
814.64,0.0759
814.65,0.08157
814.67,0.09408
814.68,0.101
814.7,0.1161
814.72,0.1332
814.73,0.1425
814.75,0.163
814.77,0.1859
814.78,0.1985
814.8,0.2257
814.82,0.2562
814.83,0.2727
814.85,0.3085
814.87,0.3482
814.88,0.3697
814.9,0.416
814.92,0.467
814.93,0.4945
814.95,0.5533
814.97,0.6179
814.98,0.6524
815.0,0.7262
815.01,0.7655
815.03,0.8493
815.05,0.9402
815.06,0.9885
815.08,1.091
815.1,1.201
815.11,1.259
815.13,1.382
815.15,1.514
815.16,1.583
815.18,1.728
815.2,1.882
815.21,1.962
815.23,2.13
815.25,2.308
815.26,2.4
815.28,2.592
815.3,2.793
815.31,2.897
815.33,3.111
815.35,3.334
815.36,3.449
815.38,3.684
815.39,3.805
815.41,4.051
815.43,4.304
815.44,4.433
815.46,4.695
815.48,4.961
815.49,5.096
815.51,5.367
815.53,5.641
815.54,5.779
815.56,6.054
815.58,6.328
815.59,6.465
815.61,6.736
815.63,7.004
815.64,7.136
815.66,7.395
815.68,7.647
815.69,7.77
815.71,8.009
815.73,8.238
815.74,8.348
815.76,8.558
815.77,8.658
815.79,8.848
815.81,9.022
815.82,9.103
815.84,9.252
815.86,9.383
815.87,9.441
815.89,9.544
815.91,9.627
815.92,9.661
815.94,9.713
815.96,9.745
815.97,9.753
815.99,9.753
816.01,9.732
816.02,9.713
816.04,9.661
816.06,9.588
816.07,9.544
816.09,9.441
816.11,9.319
816.12,9.252
816.14,9.103
816.15,9.022
816.17,8.848
816.19,8.658
816.2,8.558
816.22,8.348
816.24,8.125
816.25,8.009
816.27,7.77
816.29,7.522
816.3,7.395
816.32,7.136
816.34,6.871
816.35,6.736
816.37,6.465
816.39,6.191
816.4,6.054
816.42,5.779
816.44,5.504
816.45,5.367
816.47,5.096
816.48,4.961
816.5,4.695
816.52,4.433
816.53,4.305
816.55,4.052
816.57,3.806
816.58,3.685
816.6,3.45
816.62,3.223
816.63,3.113
816.65,2.899
816.67,2.694
816.68,2.594
816.7,2.403
816.72,2.222
816.73,2.134
816.75,1.967
816.77,1.809
816.78,1.734
816.8,1.59
816.82,1.455
816.83,1.391
816.85,1.27
816.86,1.213
816.88,1.105
816.9,1.006
816.91,0.9589
816.93,0.8713
816.95,0.7913
816.96,0.7542
816.98,0.6852
817.0,0.6232
817.01,0.5948
817.03,0.5427
817.05,0.4971
817.06,0.4765
817.08,0.4399
817.1,0.4092
817.11,0.3959
817.13,0.3735
817.15,0.3566
817.16,0.3502
817.18,0.3413
817.2,0.3377
817.21,0.3379
817.23,0.3423
817.24,0.3465
817.26,0.3589
817.28,0.3767
817.29,0.3877
817.31,0.4141
817.33,0.4463
817.34,0.4646
817.36,0.506
817.38,0.5539
817.39,0.5803
817.41,0.6384
817.43,0.7037
817.44,0.7391
817.46,0.8159
817.48,0.9007
817.49,0.9462
817.51,1.044
817.53,1.151
817.54,1.207
817.56,1.328
817.58,1.459
817.59,1.528
817.61,1.675
817.62,1.752
817.64,1.915
817.66,2.089
817.67,2.18
817.69,2.371
817.71,2.574
817.72,2.679
817.74,2.9
817.76,3.132
817.77,3.252
817.79,3.502
817.81,3.762
817.82,3.897
817.84,4.174
817.86,4.462
817.87,4.61
817.89,4.912
817.91,5.224
817.92,5.383
817.94,5.706
817.95,5.871
817.97,6.204
817.99,6.543
818.0,6.714
818.02,7.059
818.04,7.405
818.05,7.579
818.07,7.927
818.09,8.274
818.1,8.446
818.12,8.788
818.14,9.125
818.15,9.292
818.17,9.618
818.19,9.936
818.2,10.09
818.22,10.39
818.24,10.68
818.25,10.82
818.27,11.09
818.29,11.34
818.3,11.46
818.32,11.68
818.33,11.79
818.35,11.98
818.37,12.16
818.38,12.24
818.4,12.38
818.42,12.5
818.43,12.55
818.45,12.64
818.47,12.71
818.48,12.73
818.5,12.77
818.52,12.78
818.53,12.77
818.55,12.75
818.57,12.71
818.58,12.69
818.6,12.62
818.62,12.54
818.63,12.49
818.65,12.39
818.67,12.28
818.68,12.22
818.7,12.09
818.71,12.02
818.73,11.89
818.75,11.75
818.76,11.69
818.78,11.55
818.8,11.43
818.81,11.37
818.83,11.25
818.85,11.16
818.86,11.11
818.88,11.04
818.9,10.99
818.91,10.98
818.93,10.97
818.95,10.99
818.96,11.02
818.98,11.1
819.0,11.22
819.01,11.3
819.03,11.5
819.04,11.61
819.06,11.89
819.08,12.23
819.09,12.42
819.11,12.86
819.13,13.36
819.14,13.65
819.16,14.27
819.18,14.99
819.19,15.37
819.21,16.22
819.23,17.17
819.24,17.69
819.26,18.79
819.28,20.01
819.29,20.67
819.31,22.07
819.33,23.6
819.34,24.42
819.36,26.15
819.38,28.03
819.39,29.03
819.41,31.13
819.42,32.24
819.44,34.58
819.46,37.09
819.47,38.41
819.49,41.18
819.51,44.12
819.52,45.66
819.54,48.87
819.56,52.27
819.57,54.03
819.59,57.71
819.61,61.57
819.62,63.57
819.64,67.71
819.66,72.04
819.67,74.27
819.69,78.85
819.71,83.61
819.72,86.05
819.74,91.05
819.76,96.2
819.77,98.83
819.79,104.2
819.8,106.9
819.82,112.4
819.84,118.0
819.85,120.9
819.87,126.6
819.89,132.4
819.9,135.3
819.92,141.1
819.94,146.9
819.95,149.8
819.97,155.5
819.99,161.2
820.0,164.0
820.02,169.5
820.04,174.9
820.05,177.5
820.07,182.6
820.09,187.5
820.1,189.9
820.12,194.5
820.14,198.8
820.15,200.8
820.17,204.7
820.18,206.5
820.2,209.9
820.22,212.9
820.23,214.2
820.25,216.7
820.27,218.7
820.28,219.6
820.3,221.0
820.32,222.0
820.33,222.4
820.35,222.7
820.37,222.7
820.38,222.5
820.4,221.8
820.42,220.7
820.43,220.0
820.45,218.2
820.47,216.1
820.48,214.9
820.5,212.2
820.51,210.8
820.53,207.6
820.55,204.1
820.56,202.2
820.58,198.3
820.6,194.1
820.61,191.9
820.63,187.4
820.65,182.7
820.66,180.3
820.68,175.4
820.7,170.4
820.71,167.9
820.73,162.8
820.75,157.6
820.76,155.1
820.78,150.0
820.8,144.9
820.81,142.4
820.83,137.4
820.85,132.6
820.86,130.2
820.88,125.5
820.89,123.3
820.91,118.9
820.93,114.7
820.94,112.6
820.96,108.7
820.98,105.0
820.99,103.3
821.01,99.93
821.03,96.83
821.04,95.37
821.06,92.63
821.08,90.14
821.09,88.98
821.11,86.85
821.13,84.96
821.14,84.1
821.16,82.56
821.18,81.23
821.19,80.65
821.21,79.64
821.23,78.82
821.24,78.48
821.26,77.94
821.27,77.73
821.29,77.42
821.31,77.25
821.32,77.22
821.34,77.24
821.36,77.37
821.37,77.47
821.39,77.73
821.41,78.05
821.42,78.24
821.44,78.65
821.46,79.09
821.47,79.33
821.49,79.8
821.51,80.29
821.52,80.53
821.54,81.01
821.56,81.47
821.57,81.7
821.59,82.12
821.61,82.52
821.62,82.7
821.64,83.04
821.65,83.19
821.67,83.47
821.69,83.69
821.7,83.79
821.72,83.95
821.74,84.06
821.75,84.1
821.77,84.15
821.79,84.16
821.8,84.15
821.82,84.11
821.84,84.04
821.85,83.99
821.87,83.88
821.89,83.75
821.9,83.68
821.92,83.53
821.94,83.38
821.95,83.3
821.97,83.15
821.98,83.08
822.0,82.95
822.02,82.83
822.03,82.78
822.05,82.71
822.07,82.66
822.08,82.65
822.1,82.66
822.12,82.71
822.13,82.75
822.15,82.87
822.17,83.05
822.18,83.16
822.2,83.42
822.22,83.75
822.23,83.94
822.25,84.36
822.27,84.86
822.28,85.14
822.3,85.75
822.32,86.44
822.33,86.82
822.35,87.64
822.36,88.08
822.38,89.04
822.4,90.09
822.41,90.65
822.43,91.85
822.45,93.16
822.46,93.85
822.48,95.33
822.5,96.92
822.51,97.77
822.53,99.55
822.55,101.5
822.56,102.5
822.58,104.6
822.6,106.8
822.61,108.0
822.63,110.5
822.65,113.2
822.66,114.5
822.68,117.4
822.7,120.5
822.71,122.0
822.73,125.3
822.74,127.0
822.76,130.6
822.78,134.3
822.79,136.2
822.81,140.2
822.83,144.3
822.84,146.5
822.86,150.8
822.88,155.4
822.89,157.7
822.91,162.4
822.93,167.3
822.94,169.8
822.96,174.9
822.98,180.0
822.99,182.6
823.01,187.9
823.03,193.3
823.04,196.0
823.06,201.4
823.08,206.9
823.09,209.6
823.11,215.1
823.12,217.8
823.14,223.2
823.16,228.5
823.17,231.1
823.19,236.3
823.21,241.3
823.22,243.8
823.24,248.6
823.26,253.2
823.27,255.4
823.29,259.7
823.31,263.7
823.32,265.6
823.34,269.2
823.36,272.4
823.37,274.0
823.39,276.7
823.41,279.1
823.42,280.2
823.44,282.0
823.45,282.8
823.47,284.0
823.49,284.8
823.5,285.1
823.52,285.2
823.54,285.0
823.55,284.7
823.57,283.7
823.59,282.4
823.6,281.5
823.62,279.5
823.64,277.1
823.65,275.7
823.67,272.6
823.69,269.2
823.7,267.3
823.72,263.3
823.74,259.0
823.75,256.7
823.77,251.8
823.79,246.7
823.8,244.1
823.82,238.6
823.83,235.7
823.85,229.9
823.87,224.0
823.88,220.9
823.9,214.7
823.92,208.5
823.93,205.3
823.95,199.0
823.97,192.7
823.98,189.6
824.0,183.3
824.02,177.2
824.03,174.1
824.05,168.2
824.07,162.4
824.08,159.5
824.1,154.0
824.12,148.8
824.13,146.3
824.15,141.5
824.17,137.0
824.18,134.9
824.2,130.9
824.21,129.0
824.23,125.6
824.25,122.6
824.26,121.2
824.28,118.8
824.3,116.9
824.31,116.0
824.33,114.7
824.35,113.9
824.36,113.6
824.38,113.5
824.4,113.8
824.41,114.1
824.43,115.0
824.45,116.4
824.46,117.3
824.48,119.3
824.5,121.8
824.51,123.2
824.53,126.2
824.55,129.6
824.56,131.4
824.58,135.3
824.59,137.4
824.61,141.7
824.63,146.3
824.64,148.7
824.66,153.6
824.68,158.7
824.69,161.3
824.71,166.6
824.73,172.0
824.74,174.7
824.76,180.2
824.78,185.7
824.79,188.4
824.81,193.8
824.83,199.1
824.84,201.7
824.86,206.7
824.88,211.6
824.89,214.0
824.91,218.5
824.92,220.7
824.94,224.8
824.96,228.7
824.97,230.4
824.99,233.7
825.01,236.6
825.02,237.9
825.04,240.3
825.06,242.1
825.07,242.9
825.09,244.1
825.11,244.9
825.12,245.1
825.14,245.2
825.16,244.9
825.17,244.5
825.19,243.4
825.21,241.9
825.22,241.0
825.24,238.9
825.26,236.3
825.27,234.8
825.29,231.7
825.3,229.9
825.32,226.2
825.34,222.1
825.35,219.9
825.37,215.4
825.39,210.6
825.4,208.1
825.42,202.8
825.44,197.4
825.45,194.6
825.47,189.0
825.49,183.1
825.5,180.2
825.52,174.2
825.54,168.1
825.55,165.0
825.57,158.9
825.59,152.7
825.6,149.6
825.62,143.5
825.64,137.4
825.65,134.4
825.67,128.4
825.68,125.4
825.7,119.5
825.72,113.8
825.73,110.9
825.75,105.4
825.77,99.98
825.78,97.33
825.8,92.15
825.82,87.13
825.83,84.69
825.85,79.93
825.87,75.36
825.88,73.14
825.9,68.83
825.92,64.71
825.93,62.72
825.95,58.88
825.97,55.21
825.98,53.45
826.0,50.06
826.02,46.85
826.03,45.3
826.05,42.35
826.06,40.93
826.08,38.23
826.1,35.68
826.11,34.46
826.13,32.15
826.15,29.98
826.16,28.95
826.18,26.99
826.2,25.16
826.21,24.3
826.23,22.66
826.25,21.14
826.26,20.42
826.28,19.07
826.3,17.82
826.31,17.23
826.33,16.12
826.35,15.11
826.36,14.63
826.38,13.74
826.39,13.32
826.41,12.55
826.43,11.84
826.44,11.51
826.46,10.89
826.48,10.34
826.49,10.08
826.51,9.603
826.53,9.171
826.54,8.972
826.56,8.604
826.58,8.272
826.59,8.119
826.61,7.837
826.63,7.583
826.64,7.466
826.66,7.249
826.68,7.054
826.69,6.963
826.71,6.794
826.73,6.639
826.74,6.567
826.76,6.43
826.77,6.365
826.79,6.242
826.81,6.126
826.82,6.07
826.84,5.96
826.86,5.854
826.87,5.802
826.89,5.699
826.91,5.597
826.92,5.545
826.94,5.443
826.96,5.339
826.97,5.287
826.99,5.182
827.01,5.075
827.02,5.021
827.04,4.911
827.06,4.801
827.07,4.745
827.09,4.633
827.11,4.52
827.12,4.463
827.14,4.35
827.15,4.294
827.17,4.182
827.19,4.072
827.2,4.018
827.22,3.912
827.24,3.81
827.25,3.76
827.27,3.665
827.29,3.576
827.3,3.534
827.32,3.456
827.34,3.387
827.35,3.356
827.37,3.302
827.39,3.259
827.4,3.243
827.42,3.22
827.44,3.212
827.45,3.214
827.47,3.231
827.48,3.246
827.5,3.291
827.52,3.357
827.53,3.398
827.55,3.498
827.57,3.622
827.58,3.695
827.6,3.86
827.62,4.056
827.63,4.165
827.65,4.41
827.67,4.689
827.68,4.843
827.7,5.181
827.72,5.56
827.73,5.767
827.75,6.214
827.77,6.712
827.78,6.98
827.8,7.557
827.82,8.193
827.83,8.533
827.85,9.262
827.86,9.652
827.88,10.48
827.9,11.39
827.91,11.87
827.93,12.89
827.95,14.0
827.96,14.59
827.98,15.83
828.0,17.17
828.01,17.87
828.03,19.36
828.05,20.96
828.06,21.8
828.08,23.56
828.1,25.44
828.11,26.43
828.13,28.49
828.15,30.68
828.16,31.83
828.18,34.21
828.2,36.73
828.21,38.04
828.23,40.76
828.24,42.17
828.26,45.1
828.28,48.16
828.29,49.74
828.31,53.0
828.33,56.4
828.34,58.14
828.36,61.73
828.38,65.44
828.39,67.33
828.41,71.21
828.43,75.19
828.44,77.22
828.46,81.33
828.48,85.53
828.49,87.66
828.51,91.96
828.53,96.3
828.54,98.49
828.56,102.9
828.58,107.3
828.59,109.5
828.61,113.9
828.62,116.1
828.64,120.4
828.66,124.7
828.67,126.8
828.69,130.9
828.71,135.0
828.72,137.0
828.74,140.8
828.76,144.5
828.77,146.3
828.79,149.8
828.81,153.0
828.82,154.6
828.84,157.5
828.86,160.2
828.87,161.4
828.89,163.7
828.91,165.7
828.92,166.7
828.94,168.3
828.95,169.0
828.97,170.1
828.99,171.0
829.0,171.3
829.02,171.7
829.04,171.8
829.05,171.7
829.07,171.4
829.09,170.7
829.1,170.3
829.12,169.2
829.14,167.8
829.15,167.0
829.17,165.2
829.19,163.2
829.2,162.1
829.22,159.7
829.24,157.0
829.25,155.7
829.27,152.7
829.29,149.6
829.3,148.0
829.32,144.7
829.33,143.0
829.35,139.5
829.37,135.9
829.38,134.0
829.4,130.3
829.42,126.5
829.43,124.6
829.45,120.7
829.47,116.9
829.48,114.9
829.5,111.1
829.52,107.3
829.53,105.4
829.55,101.6
829.57,97.9
829.58,96.07
829.6,92.47
829.62,88.95
829.63,87.23
829.65,83.85
829.67,80.58
829.68,78.98
829.7,75.86
829.71,74.34
829.73,71.39
829.75,68.55
829.76,67.18
829.78,64.51
829.8,61.95
829.81,60.72
829.83,58.33
829.85,56.06
829.86,54.96
829.88,52.84
829.9,50.82
829.91,49.85
829.93,47.97
829.95,46.19
829.96,45.33
829.98,43.67
830.0,42.09
830.01,41.33
830.03,39.86
830.05,38.46
830.06,37.78
830.08,36.48
830.09,35.85
830.11,34.63
830.13,33.46
830.14,32.89
830.16,31.8
830.18,30.74
830.19,30.23
830.21,29.25
830.23,28.29
830.24,27.83
830.26,26.94
830.28,26.08
830.29,25.66
830.31,24.85
830.33,24.07
830.34,23.69
830.36,22.96
830.38,22.25
830.39,21.91
830.41,21.26
830.42,20.94
830.44,20.33
830.46,19.75
830.47,19.47
830.49,18.93
830.51,18.42
830.52,18.18
830.54,17.72
830.56,17.28
830.57,17.08
830.59,16.69
830.61,16.33
830.62,16.16
830.64,15.84
830.66,15.55
830.67,15.41
830.69,15.16
830.71,14.93
830.72,14.83
830.74,14.64
830.76,14.48
830.77,14.41
830.79,14.28
830.8,14.22
830.82,14.12
830.84,14.05
830.85,14.02
830.87,13.97
830.89,13.94
830.9,13.93
830.92,13.93
830.94,13.94
830.95,13.96
830.97,13.99
830.99,14.04
831.0,14.07
831.02,14.14
831.04,14.23
831.05,14.28
831.07,14.38
831.09,14.49
831.1,14.56
831.12,14.69
831.14,14.83
831.15,14.91
831.17,15.07
831.18,15.16
831.2,15.33
831.22,15.52
831.23,15.62
831.25,15.82
831.27,16.03
831.28,16.14
831.3,16.37
831.32,16.61
831.33,16.73
831.35,16.97
831.37,17.23
831.38,17.36
831.4,17.62
831.42,17.89
831.43,18.03
831.45,18.3
831.47,18.58
831.48,18.72
831.5,19.0
831.52,19.28
831.53,19.42
831.55,19.7
831.56,19.84
831.58,20.11
831.6,20.38
831.61,20.51
831.63,20.77
831.65,21.02
831.66,21.14
831.68,21.37
831.7,21.6
831.71,21.71
831.73,21.92
831.75,22.11
831.76,22.2
831.78,22.38
831.8,22.53
831.81,22.61
831.83,22.75
831.85,22.87
831.86,22.93
831.88,23.03
831.89,23.07
831.91,23.15
831.93,23.22
831.94,23.25
831.96,23.3
831.98,23.34
831.99,23.35
832.01,23.37
832.03,23.39
832.04,23.39
832.06,23.4
832.08,23.4
832.09,23.4
832.11,23.39
832.13,23.39
832.14,23.38
832.16,23.38
832.18,23.37
832.19,23.37
832.21,23.37
832.23,23.37
832.24,23.37
832.26,23.38
832.27,23.39
832.29,23.4
832.31,23.43
832.32,23.44
832.34,23.47
832.36,23.51
832.37,23.54
832.39,23.58
832.41,23.64
832.42,23.67
832.44,23.73
832.46,23.79
832.47,23.83
832.49,23.89
832.51,23.96
832.52,24.0
832.54,24.07
832.56,24.14
832.57,24.17
832.59,24.23
832.61,24.29
832.62,24.32
832.64,24.37
832.65,24.4
832.67,24.44
832.69,24.47
832.7,24.49
832.72,24.51
832.74,24.52
832.75,24.52
832.77,24.51
832.79,24.5
832.8,24.49
832.82,24.46
832.84,24.42
832.85,24.4
832.87,24.34
832.89,24.28
832.9,24.24
832.92,24.17
832.94,24.09
832.95,24.04
832.97,23.95
832.99,23.86
833.0,23.81
833.02,23.71
833.03,23.66
833.05,23.56
833.07,23.46
833.08,23.41
833.1,23.31
833.12,23.22
833.13,23.17
833.15,23.08
833.17,23.0
833.18,22.96
833.2,22.89
833.22,22.83
833.23,22.8
833.25,22.75
833.27,22.7
833.28,22.69
833.3,22.66
833.32,22.64
833.33,22.63
833.35,22.63
833.36,22.63
833.38,22.64
833.4,22.66
833.41,22.67
833.43,22.7
833.45,22.74
833.46,22.76
833.48,22.81
833.5,22.87
833.51,22.9
833.53,22.96
833.55,23.03
833.56,23.06
833.58,23.13
833.6,23.21
833.61,23.24
833.63,23.31
833.65,23.38
833.66,23.42
833.68,23.48
833.7,23.54
833.71,23.57
833.73,23.63
833.74,23.65
833.76,23.69
833.78,23.73
833.79,23.74
833.81,23.76
833.83,23.77
833.84,23.77
833.86,23.77
833.88,23.75
833.89,23.73
833.91,23.7
833.93,23.65
833.94,23.62
833.96,23.55
833.98,23.47
833.99,23.42
834.01,23.32
834.03,23.21
834.04,23.15
834.06,23.03
834.08,22.9
834.09,22.83
834.11,22.69
834.12,22.62
834.14,22.48
834.16,22.34
834.17,22.27
834.19,22.14
834.21,22.02
834.22,21.97
834.24,21.88
834.26,21.81
834.27,21.79
834.29,21.77
834.31,21.8
834.32,21.83
834.34,21.92
834.36,22.08
834.37,22.19
834.39,22.46
834.41,22.81
834.42,23.02
834.44,23.52
834.46,24.13
834.47,24.49
834.49,25.29
834.5,25.75
834.52,26.78
834.54,27.98
834.55,28.64
834.57,30.12
834.59,31.8
834.6,32.72
834.62,34.74
834.64,37.0
834.65,38.23
834.67,40.89
834.69,43.84
834.7,45.42
834.72,48.83
834.74,52.57
834.75,54.57
834.77,58.83
834.79,63.45
834.8,65.91
834.82,71.11
834.83,73.87
834.85,79.68
834.87,85.91
834.88,89.19
834.9,96.07
834.92,103.4
834.93,107.2
834.95,115.2
834.97,123.7
834.98,128.1
835.0,137.2
835.02,146.8
835.03,151.7
835.05,162.0
835.07,172.7
835.08,178.2
835.1,189.5
835.12,201.2
835.13,207.2
835.15,219.5
835.17,232.1
835.18,238.6
835.2,251.7
835.21,258.4
835.23,272.0
835.25,285.8
835.26,292.8
835.28,306.9
835.3,321.1
835.31,328.3
835.33,342.8
835.35,357.3
835.36,364.5
835.38,379.1
835.4,393.6
835.41,400.8
835.43,415.2
835.45,429.4
835.46,436.4
835.48,450.4
835.5,464.1
835.51,470.8
835.53,484.1
835.55,497.1
835.56,503.4
835.58,515.8
835.59,521.8
835.61,533.6
835.63,544.9
835.64,550.3
835.66,560.9
835.68,570.9
835.69,575.8
835.71,585.0
835.73,593.6
835.74,597.7
835.76,605.5
835.78,612.6
835.79,616.0
835.81,622.2
835.83,627.8
835.84,630.4
835.86,635.1
835.88,639.1
835.89,640.9
835.91,644.0
835.93,646.5
835.94,647.5
835.96,649.1
835.97,649.6
835.99,650.2
836.01,650.3
836.02,650.0
836.04,649.2
836.06,647.7
836.07,646.8
836.09,644.5
836.11,641.6
836.12,640.0
836.14,636.3
836.16,632.0
836.17,629.7
836.19,624.7
836.21,619.2
836.22,616.2
836.24,610.0
836.26,603.3
836.27,599.7
836.29,592.3
836.3,588.4
836.32,580.3
836.34,571.8
836.35,567.4
836.37,558.3
836.39,548.8
836.4,543.9
836.42,533.9
836.44,523.5
836.45,518.2
836.47,507.3
836.49,496.2
836.5,490.5
836.52,478.9
836.54,467.1
836.55,461.2
836.57,449.0
836.59,436.8
836.6,430.5
836.62,418.0
836.64,405.4
836.65,399.0
836.67,386.3
836.68,379.9
836.7,367.0
836.72,354.2
836.73,347.7
836.75,334.9
836.77,322.1
836.78,315.8
836.8,303.1
836.82,290.6
836.83,284.4
836.85,272.1
836.87,259.9
836.88,253.9
836.9,242.1
836.92,230.5
836.93,224.7
836.95,213.5
836.97,202.5
836.98,197.2
837.0,186.6
837.02,176.4
837.03,171.4
837.05,161.7
837.06,156.9
837.08,147.7
837.1,138.8
837.11,134.5
837.13,126.1
837.15,118.1
837.16,114.2
837.18,106.8
837.2,99.64
837.21,96.22
837.23,89.63
837.25,83.38
837.26,80.39
837.28,74.66
837.3,69.25
837.31,66.67
837.33,61.75
837.35,57.14
837.36,54.95
837.38,50.78
837.39,48.8
837.41,45.06
837.43,41.58
837.44,39.93
837.46,36.83
837.48,33.96
837.49,32.61
837.51,30.07
837.53,27.74
837.54,26.64
837.56,24.59
837.58,22.72
837.59,21.84
837.61,20.21
837.63,18.72
837.64,18.02
837.66,16.73
837.68,15.57
837.69,15.02
837.71,14.01
837.73,13.1
837.74,12.68
837.76,11.9
837.77,11.54
837.79,10.87
837.81,10.27
837.82,9.994
837.84,9.48
837.86,9.018
837.87,8.805
837.89,8.411
837.91,8.056
837.92,7.892
837.94,7.59
837.96,7.318
837.97,7.192
837.99,6.959
838.01,6.75
838.02,6.654
838.04,6.476
838.06,6.316
838.07,6.243
838.09,6.107
838.11,5.987
838.12,5.932
838.14,5.831
838.15,5.786
838.17,5.703
838.19,5.632
838.2,5.6
838.22,5.544
838.24,5.497
838.25,5.477
838.27,5.444
838.29,5.419
838.3,5.41
838.32,5.397
838.34,5.391
838.35,5.39
838.37,5.394
838.39,5.404
838.4,5.411
838.42,5.429
838.44,5.452
838.45,5.465
838.47,5.494
838.49,5.525
838.5,5.542
838.52,5.578
838.53,5.596
838.55,5.634
838.57,5.673
838.58,5.692
838.6,5.73
838.62,5.767
838.63,5.785
838.65,5.82
838.67,5.853
838.68,5.868
838.7,5.895
838.72,5.919
838.73,5.93
838.75,5.947
838.77,5.96
838.78,5.965
838.8,5.97
838.82,5.97
838.83,5.968
838.85,5.96
838.86,5.954
838.88,5.937
838.9,5.916
838.91,5.903
838.93,5.873
838.95,5.84
838.96,5.821
838.98,5.781
839.0,5.737
839.01,5.714
839.03,5.666
839.05,5.615
839.06,5.59
839.08,5.538
839.1,5.486
839.11,5.46
839.13,5.409
839.15,5.36
839.16,5.336
839.18,5.292
839.2,5.252
839.21,5.233
839.23,5.201
839.24,5.187
839.26,5.165
839.28,5.15
839.29,5.146
839.31,5.145
839.33,5.153
839.34,5.161
839.36,5.185
839.38,5.22
839.39,5.242
839.41,5.295
839.43,5.361
839.44,5.398
839.46,5.483
839.48,5.581
839.49,5.635
839.51,5.752
839.53,5.882
839.54,5.952
839.56,6.101
839.58,6.262
839.59,6.347
839.61,6.525
839.62,6.618
839.64,6.812
839.66,7.015
839.67,7.12
839.69,7.335
839.71,7.557
839.72,7.671
839.74,7.901
839.76,8.134
839.77,8.252
839.79,8.489
839.81,8.726
839.82,8.844
839.84,9.078
839.86,9.309
839.87,9.423
839.89,9.646
839.91,9.861
839.92,9.965
839.94,10.17
839.96,10.36
839.97,10.45
839.99,10.62
840.0,10.7
840.02,10.85
840.04,10.98
840.05,11.04
840.07,11.15
840.09,11.24
840.1,11.28
840.12,11.34
840.14,11.38
840.15,11.39
840.17,11.4
840.19,11.38
840.2,11.37
840.22,11.33
840.24,11.26
840.25,11.22
840.27,11.12
840.29,11.01
840.3,10.94
840.32,10.8
840.33,10.72
840.35,10.54
840.37,10.35
840.38,10.25
840.4,10.04
840.42,9.808
840.43,9.689
840.45,9.441
840.47,9.181
840.48,9.047
840.5,8.773
840.52,8.491
840.53,8.347
840.55,8.055
840.57,7.759
840.58,7.609
840.6,7.308
840.62,7.006
840.63,6.855
840.65,6.553
840.67,6.254
840.68,6.105
840.7,5.811
840.71,5.665
840.73,5.379
840.75,5.098
840.76,4.961
840.78,4.692
840.8,4.431
840.81,4.305
840.83,4.059
840.85,3.824
840.86,3.711
840.88,3.493
840.9,3.287
840.91,3.189
840.93,3.003
840.95,2.831
840.96,2.75
840.98,2.598
841.0,2.461
841.01,2.399
841.03,2.285
841.05,2.187
841.06,2.144
841.08,2.07
841.09,2.04
841.11,1.991
841.13,1.96
841.14,1.952
841.16,1.948
841.18,1.963
841.19,1.978
841.21,2.022
841.23,2.086
841.24,2.126
841.26,2.222
841.28,2.339
841.29,2.406
841.31,2.558
841.33,2.733
841.34,2.829
841.36,3.041
841.38,3.279
841.39,3.408
841.41,3.685
841.43,3.991
841.44,4.154
841.46,4.502
841.47,4.687
841.49,5.08
841.51,5.503
841.52,5.726
841.54,6.196
841.56,6.698
841.57,6.962
841.59,7.512
841.61,8.096
841.62,8.4
841.64,9.033
841.66,9.698
841.67,10.04
841.69,10.76
841.71,11.5
841.72,11.89
841.74,12.68
841.76,13.5
841.77,13.92
841.79,14.78
841.8,15.23
841.82,16.13
841.84,17.05
841.85,17.52
841.87,18.48
841.89,19.45
841.9,19.95
841.92,20.94
841.94,21.95
841.95,22.45
841.97,23.47
841.99,24.48
842.0,24.99
842.02,26.01
842.04,27.01
842.05,27.51
842.07,28.51
842.09,29.48
842.1,29.96
842.12,30.9
842.14,31.82
842.15,32.26
842.17,33.13
842.18,33.55
842.2,34.36
842.22,35.13
842.23,35.5
842.25,36.2
842.27,36.85
842.28,37.15
842.3,37.72
842.32,38.23
842.33,38.46
842.35,38.88
842.37,39.23
842.38,39.38
842.4,39.63
842.42,39.82
842.43,39.88
842.45,39.96
842.47,39.98
842.48,39.96
842.5,39.86
842.52,39.7
842.53,39.59
842.55,39.33
842.56,39.17
842.58,38.81
842.6,38.38
842.61,38.14
842.63,37.62
842.65,37.05
842.66,36.74
842.68,36.08
842.7,35.37
842.71,35.0
842.73,34.23
842.75,33.41
842.76,32.99
842.78,32.11
842.8,31.21
842.81,30.75
842.83,29.81
842.85,28.85
842.86,28.36
842.88,27.37
842.9,26.38
842.91,25.88
842.93,24.87
842.94,24.37
842.96,23.37
842.98,22.37
842.99,21.87
843.01,20.89
843.03,19.91
843.04,19.43
843.06,18.49
843.08,17.57
843.09,17.11
843.11,16.22
843.13,15.36
843.14,14.94
843.16,14.13
843.18,13.34
843.19,12.96
843.21,12.23
843.23,11.53
843.24,11.19
843.26,10.54
843.27,10.23
843.29,9.641
843.31,9.088
843.32,8.825
843.34,8.328
843.36,7.869
843.37,7.653
843.39,7.25
843.41,6.884
843.42,6.714
843.44,6.403
843.46,6.127
843.47,6.002
843.49,5.779
843.51,5.59
843.52,5.508
843.54,5.369
843.56,5.262
843.57,5.221
843.59,5.162
843.61,5.134
843.62,5.132
843.64,5.149
843.65,5.17
843.67,5.232
843.69,5.325
843.7,5.382
843.72,5.519
843.74,5.686
843.75,5.781
843.77,5.994
843.79,6.238
843.8,6.371
843.82,6.663
843.84,6.989
843.85,7.165
843.87,7.544
843.89,7.959
843.9,8.182
843.92,8.658
843.94,9.176
843.95,9.451
843.97,10.04
843.99,10.67
844.0,11.01
844.02,11.72
844.03,12.1
844.05,12.9
844.07,13.76
844.08,14.22
844.1,15.18
844.12,16.21
844.13,16.75
844.15,17.89
844.17,19.12
844.18,19.76
844.2,21.1
844.22,22.53
844.23,23.28
844.25,24.85
844.27,26.51
844.28,27.37
844.3,29.18
844.32,31.08
844.33,32.07
844.35,34.11
844.37,36.26
844.38,37.37
844.4,39.66
844.41,40.84
844.43,43.27
844.45,45.8
844.46,47.09
844.48,49.74
844.5,52.47
844.51,53.87
844.53,56.71
844.55,59.61
844.56,61.08
844.58,64.07
844.6,67.09
844.61,68.61
844.63,71.68
844.65,74.76
844.66,76.3
844.68,79.38
844.7,82.44
844.71,83.97
844.73,86.98
844.74,88.47
844.76,91.4
844.78,94.27
844.79,95.67
844.81,98.39
844.83,101.0
844.84,102.3
844.86,104.7
844.88,107.0
844.89,108.1
844.91,110.2
844.93,112.1
844.94,112.9
844.96,114.5
844.98,116.0
844.99,116.6
845.01,117.7
845.03,118.6
845.04,118.9
845.06,119.5
845.08,119.8
845.09,119.9
845.11,119.9
845.12,119.8
845.14,119.4
845.16,118.8
845.17,118.4
845.19,117.5
845.21,116.4
845.22,115.7
845.24,114.3
845.26,112.6
845.27,111.7
845.29,109.7
845.31,107.6
845.32,106.5
845.34,104.2
845.36,101.7
845.37,100.4
845.39,97.66
845.41,94.86
845.42,93.42
845.44,90.48
845.46,87.46
845.47,85.93
845.49,82.83
845.5,81.27
845.52,78.11
845.54,74.94
845.55,73.35
845.57,70.18
845.59,67.02
845.6,65.45
845.62,62.33
845.64,59.26
845.65,57.75
845.67,54.76
845.69,51.84
845.7,50.41
845.72,47.61
845.74,44.9
845.75,43.58
845.77,41.02
845.79,38.56
845.8,37.37
845.82,35.07
845.84,32.89
845.85,31.85
845.87,29.84
845.88,28.89
845.9,27.07
845.92,25.38
845.93,24.58
845.95,23.08
845.97,21.7
845.98,21.06
846.0,19.88
846.02,18.82
846.03,18.33
846.05,17.46
846.07,16.71
846.08,16.39
846.1,15.82
846.12,15.38
846.13,15.21
846.15,14.94
846.17,14.8
846.18,14.77
846.2,14.8
846.21,14.85
846.23,15.04
846.25,15.35
846.26,15.54
846.28,16.0
846.3,16.57
846.31,16.89
846.33,17.6
846.35,18.42
846.36,18.86
846.38,19.81
846.4,20.85
846.41,21.4
846.43,22.57
846.45,23.81
846.46,24.46
846.48,25.82
846.5,27.24
846.51,27.98
846.53,29.49
846.55,31.06
846.56,31.86
846.58,33.5
846.59,34.33
846.61,36.02
846.63,37.74
846.64,38.61
846.66,40.36
846.68,42.11
846.69,42.99
846.71,44.74
846.73,46.49
846.74,47.35
846.76,49.06
846.78,50.73
846.79,51.55
846.81,53.16
846.83,54.71
846.84,55.47
846.86,56.92
846.88,58.3
846.89,58.96
846.91,60.22
846.93,61.38
846.94,61.92
846.96,62.93
846.97,63.39
846.99,64.23
847.01,64.95
847.02,65.27
847.04,65.81
847.06,66.22
847.07,66.38
847.09,66.6
847.11,66.69
847.12,66.68
847.14,66.57
847.16,66.33
847.17,66.16
847.19,65.72
847.21,65.16
847.22,64.83
847.24,64.09
847.26,63.23
847.27,62.75
847.29,61.73
847.3,61.17
847.32,59.99
847.34,58.72
847.35,58.05
847.37,56.65
847.39,55.18
847.4,54.41
847.42,52.84
847.44,51.21
847.45,50.38
847.47,48.68
847.49,46.95
847.5,46.08
847.52,44.31
847.54,42.53
847.55,41.63
847.57,39.84
847.59,38.05
847.6,37.17
847.62,35.4
847.64,33.65
847.65,32.79
847.67,31.09
847.68,30.25
847.7,28.6
847.72,26.99
847.73,26.21
847.75,24.68
847.77,23.2
847.78,22.48
847.8,21.09
847.82,19.75
847.83,19.11
847.85,17.88
847.87,16.71
847.88,16.15
847.9,15.08
847.92,14.08
847.93,13.61
847.95,12.72
847.97,11.9
847.98,11.52
848.0,10.81
848.02,10.17
848.03,9.878
848.05,9.351
848.06,9.115
848.08,8.697
848.1,8.354
848.11,8.211
848.13,7.979
848.15,7.823
848.16,7.774
848.18,7.732
848.2,7.767
848.21,7.814
848.23,7.967
848.25,8.2
848.26,8.348
848.28,8.704
848.3,9.145
848.31,9.397
848.33,9.968
848.35,10.63
848.36,10.99
848.38,11.79
848.4,12.69
848.41,13.18
848.43,14.22
848.44,14.78
848.46,15.99
848.48,17.3
848.49,18.0
848.51,19.48
848.53,21.08
848.54,21.93
848.56,23.72
848.58,25.63
848.59,26.63
848.61,28.74
848.63,30.99
848.64,32.16
848.66,34.62
848.68,37.22
848.69,38.57
848.71,41.4
848.73,44.37
848.74,45.92
848.76,49.13
848.77,50.79
848.79,54.24
848.81,57.85
848.82,59.72
848.84,63.58
848.86,67.6
848.87,69.67
848.89,73.94
848.91,78.38
848.92,80.66
848.94,85.35
848.96,90.2
848.97,92.69
848.99,97.79
849.01,103.0
849.02,105.7
849.04,111.2
849.06,116.9
849.07,119.7
849.09,125.6
849.11,131.6
849.12,134.6
849.14,140.8
849.15,144.0
849.17,150.4
849.19,156.8
849.2,160.1
849.22,166.7
849.24,173.4
849.25,176.8
849.27,183.6
849.29,190.4
849.3,193.9
849.32,200.7
849.34,207.6
849.35,211.1
849.37,218.0
849.39,224.8
849.4,228.2
849.42,235.0
849.44,241.7
849.45,245.0
849.47,251.5
849.49,257.9
849.5,261.0
849.52,267.2
849.53,270.2
849.55,276.0
849.57,281.7
849.58,284.4
849.6,289.7
849.62,294.6
849.63,297.0
849.65,301.6
849.67,305.8
849.68,307.8
849.7,311.5
849.72,314.8
849.73,316.3
849.75,319.1
849.77,321.4
849.78,322.4
849.8,324.2
849.82,325.4
849.83,325.9
849.85,326.5
849.87,326.7
849.88,326.6
849.9,326.0
849.91,325.6
849.93,324.4
849.95,322.7
849.96,321.7
849.98,319.4
850.0,316.6
850.01,315.1
850.03,311.7
850.05,307.9
850.06,305.9
850.08,301.5
850.1,296.8
850.11,294.3
850.13,289.0
850.15,283.5
850.16,280.6
850.18,274.6
850.2,268.3
850.21,265.1
850.23,258.6
850.24,255.2
850.26,248.4
850.28,241.4
850.29,237.8
850.31,230.7
850.33,223.4
850.34,219.8
850.36,212.4
850.38,205.1
850.39,201.4
850.41,194.1
850.43,186.7
850.44,183.1
850.46,175.9
850.48,168.8
850.49,165.3
850.51,158.3
850.53,151.5
850.54,148.1
850.56,141.5
850.58,135.0
850.59,131.9
850.61,125.7
850.62,122.7
850.64,116.8
850.66,111.1
850.67,108.4
850.69,103.0
850.71,97.79
850.72,95.29
850.74,90.43
850.76,85.78
850.77,83.54
850.79,79.2
850.81,75.07
850.82,73.08
850.84,69.26
850.86,65.62
850.87,63.88
850.89,60.52
850.91,57.35
850.92,55.83
850.94,52.91
850.96,50.16
850.97,48.84
850.99,46.31
851.0,45.11
851.02,42.79
851.04,40.61
851.05,39.57
851.07,37.57
851.09,35.69
851.1,34.79
851.12,33.06
851.14,31.43
851.15,30.65
851.17,29.15
851.19,27.73
851.2,27.05
851.22,25.74
851.24,24.5
851.25,23.9
851.27,22.75
851.29,21.66
851.3,21.14
851.32,20.12
851.34,19.15
851.35,18.69
851.37,17.78
851.38,17.35
851.4,16.51
851.42,15.7
851.43,15.31
851.45,14.56
851.47,13.84
851.48,13.5
851.5,12.83
851.52,12.19
851.53,11.88
851.55,11.28
851.57,10.72
851.58,10.45
851.6,9.922
851.62,9.426
851.63,9.188
851.65,8.732
851.67,8.303
851.68,8.098
851.7,7.708
851.71,7.522
851.73,7.17
851.75,6.844
851.76,6.689
851.78,6.399
851.8,6.133
851.81,6.008
851.83,5.777
851.85,5.567
851.86,5.471
851.88,5.293
851.9,5.137
851.91,5.066
851.93,4.938
851.95,4.829
851.96,4.781
851.98,4.697
852.0,4.63
852.01,4.601
852.03,4.555
852.05,4.523
852.06,4.511
852.08,4.496
852.09,4.493
852.11,4.493
852.13,4.501
852.14,4.509
852.16,4.528
852.18,4.554
852.19,4.568
852.21,4.6
852.23,4.635
852.24,4.654
852.26,4.691
852.28,4.73
852.29,4.749
852.31,4.787
852.33,4.823
852.34,4.841
852.36,4.874
852.38,4.904
852.39,4.918
852.41,4.943
852.43,4.964
852.44,4.973
852.46,4.988
852.47,4.994
852.49,5.003
852.51,5.008
852.52,5.01
852.54,5.011
852.56,5.01
852.57,5.009
852.59,5.006
852.61,5.004
852.62,5.004
852.64,5.006
852.66,5.013
852.67,5.019
852.69,5.038
852.71,5.068
852.72,5.089
852.74,5.142
852.76,5.215
852.77,5.261
852.79,5.373
852.81,5.516
852.82,5.602
852.84,5.804
852.85,5.922
852.87,6.198
852.89,6.533
852.9,6.725
852.92,7.165
852.94,7.687
852.95,7.982
852.97,8.649
852.99,9.427
853.0,9.863
853.02,10.84
853.04,11.96
853.05,12.58
853.07,13.96
853.09,15.53
853.1,16.39
853.12,18.3
853.14,20.45
853.15,21.63
853.17,24.2
853.18,25.6
853.2,28.66
853.22,32.07
853.23,33.92
853.25,37.92
853.27,42.37
853.28,44.76
853.3,49.93
853.32,55.62
853.33,58.67
853.35,65.22
853.37,72.4
853.38,76.23
853.4,84.41
853.42,93.31
853.43,98.04
853.45,108.1
853.47,119.0
853.48,124.7
853.5,136.9
853.52,149.9
853.53,156.8
853.55,171.3
853.56,178.9
853.58,194.9
853.6,211.9
853.61,220.8
853.63,239.4
853.65,259.0
853.66,269.2
853.68,290.4
853.7,312.7
853.71,324.2
853.73,348.1
853.75,372.9
853.76,385.7
853.78,412.1
853.8,439.4
853.81,453.3
853.83,481.9
853.85,511.3
853.86,526.3
853.88,556.7
853.9,587.7
853.91,603.5
853.93,635.2
853.94,651.2
853.96,683.5
853.98,715.9
853.99,732.2
854.01,764.7
854.03,797.0
854.04,813.1
854.06,845.0
854.08,876.4
854.09,891.9
854.11,922.3
854.13,951.9
854.14,966.4
854.16,994.4
854.18,1021.0
854.19,1034.0
854.21,1059.0
854.23,1082.0
854.24,1093.0
854.26,1114.0
854.28,1133.0
854.29,1141.0
854.31,1157.0
854.32,1164.0
854.34,1177.0
854.36,1188.0
854.37,1192.0
854.39,1199.0
854.41,1204.0
854.42,1205.0
854.44,1207.0
854.46,1205.0
854.47,1204.0
854.49,1199.0
854.51,1192.0
854.52,1188.0
854.54,1177.0
854.56,1165.0
854.57,1157.0
854.59,1142.0
854.61,1124.0
854.62,1114.0
854.64,1093.0
854.65,1082.0
854.67,1059.0
854.69,1034.0
854.7,1021.0
854.72,994.6
854.74,966.5
854.75,952.1
854.77,922.5
854.79,892.1
854.8,876.7
854.82,845.3
854.84,813.4
854.85,797.3
854.87,765.0
854.89,732.5
854.9,716.3
854.92,683.9
854.94,651.7
854.95,635.7
854.97,604.0
854.99,572.7
855.0,557.3
855.02,526.9
855.03,511.9
855.05,482.6
855.07,454.1
855.08,440.1
855.1,412.9
855.12,386.6
855.13,373.8
855.15,349.0
855.17,325.3
855.18,313.8
855.2,291.6
855.22,270.4
855.23,260.3
855.25,240.8
855.27,222.3
855.28,213.5
855.3,196.6
855.32,180.7
855.33,173.2
855.35,158.8
855.37,145.4
855.38,139.1
855.4,127.1
855.41,121.5
855.43,110.8
855.45,101.0
855.46,96.36
855.48,87.73
855.5,79.84
855.51,76.16
855.53,69.33
855.55,63.15
855.56,60.29
855.58,55.04
855.6,50.35
855.61,48.21
855.63,44.32
855.65,40.93
855.66,39.41
855.68,36.7
855.7,34.42
855.71,33.44
855.73,31.75
855.75,30.44
855.76,29.92
855.78,29.13
855.79,28.86
855.81,28.55
855.83,28.55
855.84,28.66
855.86,29.08
855.88,29.78
855.89,30.23
855.91,31.32
855.93,32.65
855.94,33.41
855.96,35.11
855.98,37.04
855.99,38.09
856.01,40.35
856.03,42.82
856.04,44.14
856.06,46.92
856.08,49.9
856.09,51.47
856.11,54.73
856.12,56.44
856.14,59.97
856.16,63.67
856.17,65.59
856.19,69.52
856.21,73.6
856.22,75.69
856.24,79.97
856.26,84.35
856.27,86.58
856.29,91.11
856.31,95.71
856.32,98.04
856.34,102.7
856.36,107.4
856.37,109.8
856.39,114.5
856.41,119.3
856.42,121.6
856.44,126.3
856.46,130.8
856.47,133.1
856.49,137.5
856.5,139.7
856.52,144.0
856.54,148.1
856.55,150.1
856.57,153.9
856.59,157.5
856.6,159.2
856.62,162.5
856.64,165.5
856.65,167.0
856.67,169.6
856.69,171.9
856.7,172.9
856.72,174.8
856.74,176.3
856.75,176.9
856.77,178.0
856.79,178.7
856.8,178.9
856.82,179.0
856.84,178.8
856.85,178.6
856.87,177.9
856.88,177.4
856.9,176.2
856.92,174.6
856.93,173.7
856.95,171.7
856.97,169.4
856.98,168.1
857.0,165.3
857.02,162.2
857.03,160.6
857.05,157.2
857.07,153.5
857.08,151.6
857.1,147.6
857.12,143.5
857.13,141.4
857.15,137.0
857.17,132.5
857.18,130.2
857.2,125.6
857.21,123.2
857.23,118.5
857.25,113.7
857.26,111.3
857.28,106.5
857.3,101.7
857.31,99.29
857.33,94.54
857.35,89.84
857.36,87.51
857.38,82.92
857.4,78.41
857.41,76.2
857.43,71.84
857.45,67.61
857.46,65.54
857.48,61.5
857.5,57.59
857.51,55.7
857.53,52.01
857.55,48.47
857.56,46.76
857.58,43.46
857.59,41.87
857.61,38.8
857.63,35.89
857.64,34.49
857.66,31.82
857.68,29.3
857.69,28.1
857.71,25.8
857.73,23.65
857.74,22.63
857.76,20.7
857.78,18.9
857.79,18.05
857.81,16.45
857.83,14.96
857.84,14.27
857.86,12.96
857.88,11.76
857.89,11.2
857.91,10.15
857.93,9.196
857.94,8.752
857.96,7.93
857.97,7.549
857.99,6.845
858.01,6.214
858.02,5.924
858.04,5.391
858.06,4.918
858.07,4.703
858.09,4.312
858.11,3.969
858.12,3.815
858.14,3.539
858.16,3.301
858.17,3.196
858.19,3.01
858.21,2.855
858.22,2.788
858.24,2.674
858.26,2.583
858.27,2.546
858.29,2.486
858.31,2.444
858.32,2.429
858.34,2.409
858.35,2.404
858.37,2.403
858.39,2.413
858.4,2.421
858.42,2.443
858.44,2.473
858.45,2.489
858.47,2.527
858.49,2.568
858.5,2.591
858.52,2.637
858.54,2.685
858.55,2.71
858.57,2.76
858.59,2.811
858.6,2.837
858.62,2.888
858.64,2.938
858.65,2.963
858.67,3.012
858.68,3.037
858.7,3.085
858.72,3.132
858.73,3.155
858.75,3.2
858.77,3.245
858.78,3.267
858.8,3.31
858.82,3.354
858.83,3.375
858.85,3.419
858.87,3.463
858.88,3.485
858.9,3.531
858.92,3.578
858.93,3.603
858.95,3.654
858.97,3.708
858.98,3.736
859.0,3.796
859.02,3.86
859.03,3.894
859.05,3.966
859.06,4.004
859.08,4.085
859.1,4.173
859.11,4.219
859.13,4.318
859.15,4.425
859.16,4.481
859.18,4.6
859.2,4.727
859.21,4.795
859.23,4.936
859.25,5.086
859.26,5.164
859.28,5.328
859.3,5.501
859.31,5.59
859.33,5.776
859.35,5.97
859.36,6.07
859.38,6.276
859.4,6.488
859.41,6.597
859.43,6.819
859.44,6.932
859.46,7.162
859.48,7.395
859.49,7.513
859.51,7.75
859.53,7.988
859.54,8.107
859.56,8.345
859.58,8.58
859.59,8.697
859.61,8.928
859.63,9.153
859.64,9.263
859.66,9.478
859.68,9.685
859.69,9.785
859.71,9.976
859.73,10.16
859.74,10.24
859.76,10.4
859.78,10.55
859.79,10.61
859.81,10.74
859.82,10.79
859.84,10.89
859.86,10.96
859.87,11.0
859.89,11.04
859.91,11.07
859.92,11.08
859.94,11.08
859.96,11.06
859.97,11.04
859.99,10.99
860.01,10.92
860.02,10.88
860.04,10.78
860.06,10.66
860.07,10.59
860.09,10.45
860.11,10.28
860.12,10.19
860.14,10.01
860.15,9.905
860.17,9.694
860.19,9.47
860.2,9.352
860.22,9.109
860.24,8.856
860.25,8.725
860.27,8.458
860.29,8.183
860.3,8.043
860.32,7.759
860.34,7.47
860.35,7.325
860.37,7.032
860.39,6.738
860.4,6.591
860.42,6.297
860.44,6.005
860.45,5.859
860.47,5.571
860.49,5.287
860.5,5.146
860.52,4.87
860.53,4.733
860.55,4.466
860.57,4.205
860.58,4.077
860.6,3.828
860.62,3.587
860.63,3.47
860.65,3.242
860.67,3.024
860.68,2.918
860.7,2.713
860.72,2.518
860.73,2.424
860.75,2.243
860.77,2.071
860.78,1.989
860.8,1.832
860.82,1.683
860.83,1.613
860.85,1.478
860.87,1.352
860.88,1.292
860.9,1.178
860.91,1.124
860.93,1.022
860.95,0.9276
860.96,0.883
860.98,0.799
861.0,0.7216
861.01,0.6853
861.03,0.6171
861.05,0.5547
861.06,0.5255
861.08,0.4709
861.1,0.4212
861.11,0.398
861.13,0.355
861.15,0.316
861.16,0.2979
861.18,0.2644
861.2,0.2342
861.21,0.2203
861.23,0.1945
861.25,0.1715
861.26,0.1609
861.28,0.1414
861.29,0.1325
861.31,0.1162
861.33,0.1016
861.34,0.09497
861.36,0.08285
861.38,0.07214
861.39,0.06727
861.41,0.05841
861.43,0.05063
861.44,0.0471
861.46,0.04071
861.48,0.03514
861.49,0.03262
861.51,0.02808
861.53,0.02414
861.54,0.02237
861.56,0.01919
861.58,0.01644
861.59,0.01521
861.61,0.01302
861.62,0.01204
861.64,0.0103
861.66,0.008816
861.67,0.008159
861.69,0.006996
861.71,0.006014
861.72,0.005584
861.74,0.004831
861.76,0.004207
861.77,0.003938
861.79,0.003478
861.81,0.003113
861.82,0.002962
861.84,0.002721
861.86,0.002553
861.87,0.002495
861.89,0.002431
861.91,0.002433
861.92,0.00246
861.94,0.002566
861.96,0.002747
861.97,0.002868
861.99,0.003175
862.0,0.003365
862.02,0.003827
862.04,0.004413
862.05,0.00476
862.07,0.005579
862.09,0.00659
862.1,0.007179
862.12,0.008555
862.14,0.01024
862.15,0.01121
862.17,0.01347
862.19,0.01622
862.2,0.0178
862.22,0.02146
862.24,0.02589
862.25,0.02844
862.27,0.03431
862.29,0.04138
862.3,0.04543
862.32,0.05473
862.34,0.06588
862.35,0.07225
862.37,0.08682
862.38,0.09513
862.4,0.1141
862.42,0.1367
862.43,0.1495
862.45,0.1786
862.47,0.2131
862.48,0.2326
862.5,0.2768
862.52,0.3289
862.53,0.3583
862.55,0.4246
862.57,0.5022
862.58,0.5459
862.6,0.6439
862.62,0.7583
862.63,0.8223
862.65,0.9655
862.67,1.132
862.68,1.224
862.7,1.431
862.72,1.669
862.73,1.802
862.75,2.096
862.76,2.259
862.78,2.62
862.8,3.033
862.81,3.262
862.83,3.765
862.85,4.338
862.86,4.654
862.88,5.346
862.9,6.131
862.91,6.56
862.93,7.501
862.95,8.56
862.96,9.138
862.98,10.4
863.0,11.81
863.01,12.58
863.03,14.24
863.05,16.1
863.06,17.1
863.08,19.27
863.09,20.45
863.11,22.98
863.13,25.77
863.14,27.27
863.16,30.5
863.18,34.05
863.19,35.95
863.21,40.01
863.23,44.44
863.24,46.81
863.26,51.85
863.28,57.32
863.29,60.22
863.31,66.38
863.33,73.03
863.34,76.55
863.36,83.97
863.38,91.94
863.39,96.14
863.41,105.0
863.43,114.4
863.44,119.3
863.46,129.6
863.47,135.0
863.49,146.3
863.51,158.2
863.52,164.3
863.54,177.2
863.56,190.7
863.57,197.6
863.59,212.1
863.61,227.1
863.62,234.9
863.64,250.8
863.66,267.3
863.67,275.8
863.69,293.0
863.71,310.8
863.72,319.9
863.74,338.3
863.76,357.1
863.77,366.7
863.79,385.9
863.81,405.4
863.82,415.3
863.84,435.0
863.85,444.9
863.87,464.7
863.89,484.4
863.9,494.3
863.92,513.8
863.94,533.1
863.95,542.6
863.97,561.3
863.99,579.6
864.0,588.6
864.02,606.0
864.04,622.8
864.05,630.9
864.07,646.5
864.09,661.2
864.1,668.2
864.12,681.5
864.14,693.7
864.15,699.4
864.17,709.9
864.19,719.2
864.2,723.4
864.22,730.8
864.23,734.0
864.25,739.4
864.27,743.5
864.28,745.0
864.3,747.0
864.32,747.6
864.33,747.3
864.35,745.8
864.37,743.0
864.38,741.0
864.4,736.1
864.42,729.9
864.43,726.3
864.45,718.1
864.47,708.8
864.48,703.7
864.5,692.7
864.52,680.5
864.53,674.1
864.55,660.6
864.56,653.4
864.58,638.6
864.6,623.0
864.61,614.9
864.63,598.3
864.65,581.1
864.66,572.3
864.68,554.5
864.7,536.3
864.71,527.1
864.73,508.5
864.75,489.8
864.76,480.4
864.78,461.6
864.8,442.9
864.81,433.5
864.83,415.0
864.85,396.6
864.86,387.6
864.88,369.7
864.9,352.1
864.91,343.5
864.93,326.6
864.94,318.3
864.96,302.1
864.98,286.5
864.99,278.9
865.01,264.1
865.03,249.9
865.04,243.1
865.06,229.9
865.08,217.3
865.09,211.3
865.11,199.8
865.13,189.0
865.14,183.9
865.16,174.1
865.18,165.1
865.19,160.8
865.21,152.9
865.23,145.7
865.24,142.4
865.26,136.3
865.28,130.9
865.29,128.5
865.31,124.2
865.32,122.4
865.34,119.2
865.36,116.8
865.37,115.8
865.39,114.5
865.41,113.9
865.42,113.9
865.44,114.4
865.46,115.7
865.47,116.6
865.49,119.0
865.51,122.1
865.52,124.0
865.54,128.2
865.56,133.2
865.57,136.0
865.59,142.1
865.61,148.9
865.62,152.6
865.64,160.5
865.66,169.2
865.67,173.7
865.69,183.5
865.7,188.6
865.72,199.3
865.74,210.7
865.75,216.7
865.77,229.0
865.79,242.0
865.8,248.7
865.82,262.5
865.84,276.9
865.85,284.3
865.87,299.3
865.89,314.8
865.9,322.7
865.92,338.7
865.94,354.9
865.95,363.2
865.97,379.8
865.99,396.5
866.0,404.9
866.02,421.7
866.03,430.1
866.05,446.8
866.07,463.3
866.08,471.5
866.1,487.7
866.12,503.5
866.13,511.3
866.15,526.5
866.17,541.1
866.18,548.2
866.2,561.9
866.22,574.9
866.23,581.1
866.25,592.8
866.27,603.7
866.28,608.8
866.3,618.2
866.32,626.6
866.33,630.5
866.35,637.3
866.37,642.9
866.38,645.3
866.4,649.2
866.41,650.7
866.43,652.8
866.45,653.7
866.46,653.7
866.48,652.8
866.5,650.6
866.51,649.1
866.53,645.2
866.55,640.1
866.56,637.1
866.58,630.3
866.6,622.5
866.61,618.2
866.63,608.8
866.65,598.5
866.66,593.0
866.68,581.3
866.7,568.9
866.71,562.4
866.73,548.9
866.75,534.8
866.76,527.6
866.78,512.6
866.79,505.0
866.81,489.5
866.83,473.6
866.84,465.6
866.86,449.4
866.88,433.1
866.89,424.9
866.91,408.4
866.93,392.0
866.94,383.9
866.96,367.6
866.98,351.6
866.99,343.6
867.01,327.9
867.03,312.6
867.04,305.0
867.06,290.2
867.08,275.7
867.09,268.7
867.11,255.0
867.13,241.7
867.14,235.3
867.16,222.8
867.17,216.7
867.19,205.0
867.21,193.9
867.22,188.6
867.24,178.3
867.26,168.6
867.27,163.9
867.29,155.1
867.31,146.7
867.32,142.8
867.34,135.3
867.36,128.4
867.37,125.1
867.39,119.0
867.41,113.3
867.42,110.7
867.44,105.8
867.46,101.4
867.47,99.31
867.49,95.56
867.5,93.85
867.52,90.74
867.54,88.04
867.55,86.83
867.57,84.71
867.59,82.96
867.6,82.22
867.62,80.99
867.64,80.1
867.65,79.77
867.67,79.34
867.69,79.21
867.7,79.25
867.72,79.54
867.74,80.09
867.75,80.46
867.77,81.39
867.79,82.56
867.8,83.23
867.82,84.73
867.84,86.44
867.85,87.37
867.87,89.37
867.88,90.44
867.9,92.72
867.92,95.16
867.93,96.44
867.95,99.12
867.97,101.9
867.98,103.4
868.0,106.4
868.02,109.5
868.03,111.1
868.05,114.4
868.07,117.8
868.08,119.5
868.1,122.9
868.12,126.5
868.13,128.2
868.15,131.8
868.17,135.4
868.18,137.2
868.2,140.9
868.22,144.5
868.23,146.3
868.25,149.9
868.26,151.7
868.28,155.3
868.3,158.8
868.31,160.5
868.33,164.0
868.35,167.4
868.36,169.1
868.38,172.4
868.4,175.6
868.41,177.2
868.43,180.4
868.45,183.5
868.46,185.1
868.48,188.2
868.5,191.2
868.51,192.7
868.53,195.7
868.55,198.8
868.56,200.3
868.58,203.4
868.59,205.0
868.61,208.1
868.63,211.4
868.64,213.1
868.66,216.6
868.68,220.3
868.69,222.3
868.71,226.3
868.73,230.6
868.74,232.8
868.76,237.6
868.78,242.7
868.79,245.4
868.81,251.1
868.83,257.3
868.84,260.6
868.86,267.6
868.88,275.1
868.89,279.0
868.91,287.4
868.93,296.4
868.94,301.2
868.96,311.2
868.97,316.4
868.99,327.5
869.01,339.2
869.02,345.4
869.04,358.2
869.06,371.8
869.07,378.8
869.09,393.4
869.11,408.7
869.12,416.7
869.14,433.0
869.16,449.9
869.17,458.6
869.19,476.4
869.21,494.8
869.22,504.1
869.24,523.1
869.26,542.5
869.27,552.3
869.29,572.2
869.31,592.1
869.32,602.2
869.34,622.3
869.35,632.3
869.37,652.3
869.39,672.2
869.4,682.0
869.42,701.4
869.44,720.3
869.45,729.6
869.47,747.7
869.49,765.1
869.5,773.5
869.52,789.7
869.54,804.9
869.55,812.2
869.57,825.8
869.59,838.3
869.6,844.1
869.62,854.8
869.64,864.0
869.65,868.1
869.67,875.3
869.69,880.9
869.7,883.2
869.72,886.5
869.73,887.6
869.75,888.5
869.77,887.9
869.78,886.9
869.8,883.9
869.82,879.2
869.83,876.3
869.85,869.2
869.87,860.7
869.88,855.8
869.9,845.1
869.92,832.9
869.93,826.3
869.95,812.1
869.97,796.6
869.98,788.5
870.0,771.3
870.02,753.2
870.03,743.7
870.05,724.2
870.06,714.1
870.08,693.4
870.1,672.0
870.11,661.1
870.13,638.9
870.15,616.4
870.16,605.0
870.18,582.0
870.2,558.9
870.21,547.3
870.23,524.1
870.25,501.0
870.26,489.5
870.28,466.6
870.3,444.0
870.31,432.9
870.33,410.9
870.35,389.3
870.36,378.8
870.38,358.0
870.4,337.9
870.41,328.0
870.43,308.8
870.44,299.5
870.46,281.4
870.48,264.0
870.49,255.6
870.51,239.5
870.53,224.1
870.54,216.7
870.56,202.5
870.58,189.1
870.59,182.7
870.61,170.6
870.63,159.2
870.64,153.9
870.66,143.7
870.68,134.4
870.69,130.0
870.71,121.8
870.73,114.3
870.74,110.8
870.76,104.4
870.78,98.6
870.79,95.96
870.81,91.17
870.82,89.0
870.84,85.11
870.86,81.78
870.87,80.31
870.89,77.78
870.91,75.73
870.92,74.88
870.94,73.52
870.96,72.57
870.97,72.24
870.99,71.86
871.01,71.83
871.02,71.93
871.04,72.35
871.06,73.05
871.07,73.5
871.09,74.55
871.11,75.81
871.12,76.51
871.14,78.03
871.16,79.69
871.17,80.57
871.19,82.39
871.2,83.34
871.22,85.28
871.24,87.26
871.25,88.27
871.27,90.29
871.29,92.31
871.3,93.32
871.32,95.3
871.34,97.24
871.35,98.19
871.37,100.0
871.39,101.8
871.4,102.6
871.42,104.2
871.44,105.7
871.45,106.4
871.47,107.8
871.49,108.9
871.5,109.5
871.52,110.4
871.53,110.9
871.55,111.6
871.57,112.2
871.58,112.4
871.6,112.8
871.62,113.0
871.63,113.1
871.65,113.0
871.67,112.9
871.68,112.8
871.7,112.4
871.72,111.9
871.73,111.6
871.75,110.9
871.77,110.1
871.78,109.7
871.8,108.7
871.82,107.6
871.83,107.1
871.85,105.9
871.87,104.7
871.88,104.0
871.9,102.7
871.91,102.0
871.93,100.6
871.95,99.17
871.96,98.44
871.98,96.98
872.0,95.5
872.01,94.76
872.03,93.29
872.05,91.82
872.06,91.09
872.08,89.64
872.1,88.22
872.11,87.52
872.13,86.15
872.15,84.81
872.16,84.15
872.18,82.87
872.2,81.64
872.21,81.03
872.23,79.87
872.25,78.75
872.26,78.21
872.28,77.17
872.29,76.67
872.31,75.7
872.33,74.78
872.34,74.35
872.36,73.51
872.38,72.72
872.39,72.34
872.41,71.63
872.43,70.97
872.44,70.65
872.46,70.06
872.48,69.52
872.49,69.26
872.51,68.79
872.53,68.36
872.54,68.17
872.56,67.81
872.58,67.5
872.59,67.36
872.61,67.12
872.63,66.92
872.64,66.84
872.66,66.71
872.67,66.66
872.69,66.6
872.71,66.59
872.72,66.6
872.74,66.66
872.76,66.76
872.77,66.83
872.79,67.0
872.81,67.22
872.82,67.35
872.84,67.63
872.86,67.96
872.87,68.14
872.89,68.53
872.91,68.95
872.92,69.18
872.94,69.66
872.96,70.17
872.97,70.43
872.99,70.98
873.0,71.27
873.02,71.85
873.04,72.44
873.05,72.74
873.07,73.35
873.09,73.96
873.1,74.26
873.12,74.86
873.14,75.45
873.15,75.73
873.17,76.29
873.19,76.82
873.2,77.07
873.22,77.55
873.24,77.98
873.25,78.17
873.27,78.53
873.29,78.82
873.3,78.95
873.32,79.15
873.34,79.28
873.35,79.32
873.37,79.34
873.38,79.32
873.4,79.21
873.42,79.03
873.43,78.9
873.45,78.59
873.47,78.19
873.48,77.96
873.5,77.42
873.52,76.81
873.53,76.46
873.55,75.72
873.57,74.89
873.58,74.44
873.6,73.49
873.62,72.46
873.63,71.92
873.65,70.79
873.67,69.6
873.68,68.98
873.7,67.69
873.72,66.36
873.73,65.68
873.75,64.27
873.76,63.56
873.78,62.11
873.8,60.62
873.81,59.87
873.83,58.36
873.85,56.84
873.86,56.07
873.88,54.54
873.9,53.01
873.91,52.25
873.93,50.74
873.95,49.24
873.96,48.5
873.98,47.03
874.0,45.59
874.01,44.88
874.03,43.49
874.05,42.14
874.06,41.48
874.08,40.19
874.1,38.94
874.11,38.33
874.13,37.16
874.14,36.58
874.16,35.48
874.18,34.42
874.19,33.91
874.21,32.93
874.23,31.99
874.24,31.54
874.26,30.68
874.28,29.87
874.29,29.48
874.31,28.73
874.33,28.03
874.34,27.7
874.36,27.06
874.38,26.46
874.39,26.18
874.41,25.63
874.43,25.12
874.44,24.87
874.46,24.41
874.47,24.18
874.49,23.75
874.51,23.35
874.52,23.15
874.54,22.77
874.56,22.41
874.57,22.24
874.59,21.9
874.61,21.57
874.62,21.4
874.64,21.08
874.66,20.77
874.67,20.61
874.69,20.3
874.71,19.99
874.72,19.83
874.74,19.51
874.76,19.2
874.77,19.04
874.79,18.71
874.81,18.38
874.82,18.21
874.84,17.87
874.85,17.7
874.87,17.35
874.89,16.99
874.9,16.81
874.92,16.44
874.94,16.06
874.95,15.87
874.97,15.49
874.99,15.1
875.0,14.9
875.02,14.5
875.04,14.1
875.05,13.89
875.07,13.49
875.09,13.08
875.1,12.88
875.12,12.47
875.14,12.07
875.15,11.87
875.17,11.47
875.19,11.08
875.2,10.89
875.22,10.51
875.23,10.32
875.25,9.961
875.27,9.608
875.28,9.437
875.3,9.107
875.32,8.792
875.33,8.642
875.35,8.356
875.37,8.09
875.38,7.966
875.4,7.736
875.42,7.533
875.43,7.441
875.45,7.281
875.47,7.153
875.48,7.102
875.5,7.028
875.52,6.993
875.53,6.991
875.55,7.022
875.57,7.101
875.58,7.16
875.6,7.319
875.61,7.421
875.63,7.672
875.65,7.991
875.66,8.177
875.68,8.609
875.7,9.125
875.71,9.417
875.73,10.07
875.75,10.84
875.76,11.26
875.78,12.19
875.8,13.26
875.81,13.84
875.83,15.13
875.85,16.57
875.86,17.35
875.88,19.06
875.9,20.96
875.91,21.99
875.93,24.22
875.94,25.42
875.96,28.01
875.98,30.86
875.99,32.39
876.01,35.68
876.03,39.28
876.04,41.2
876.06,45.31
876.08,49.78
876.09,52.16
876.11,57.23
876.13,62.71
876.14,65.62
876.16,71.77
876.18,78.4
876.19,81.9
876.21,89.28
876.23,97.18
876.24,101.3
876.26,110.1
876.28,119.3
876.29,124.2
876.31,134.3
876.32,139.6
876.34,150.7
876.36,162.3
876.37,168.4
876.39,181.0
876.41,194.1
876.42,200.9
876.44,215.0
876.46,229.7
876.47,237.2
876.49,252.7
876.51,268.8
876.52,277.0
876.54,293.8
876.56,311.1
876.57,319.9
876.59,337.8
876.61,356.1
876.62,365.4
876.64,384.1
876.66,403.1
876.67,412.6
876.69,431.9
876.7,441.5
876.72,460.8
876.74,480.1
876.75,489.7
876.77,508.8
876.79,527.8
876.8,537.1
876.82,555.6
876.84,573.6
876.85,582.5
876.87,599.8
876.89,616.5
876.9,624.6
876.92,640.2
876.94,655.1
876.95,662.2
876.97,675.8
876.99,688.4
877.0,694.3
877.02,705.3
877.03,710.4
877.05,719.8
877.07,728.0
877.08,731.6
877.1,737.9
877.12,743.0
877.13,745.0
877.15,748.1
877.17,749.9
877.18,750.3
877.2,750.0
877.22,748.5
877.23,747.2
877.25,743.7
877.27,738.9
877.28,736.0
877.3,729.4
877.32,721.5
877.33,717.1
877.35,707.5
877.37,696.8
877.38,691.1
877.4,678.9
877.41,672.4
877.43,658.8
877.45,644.4
877.46,636.9
877.48,621.3
877.5,605.1
877.51,596.8
877.53,579.7
877.55,562.2
877.56,553.3
877.58,535.2
877.6,516.9
877.61,507.6
877.63,488.9
877.65,470.2
877.66,460.8
877.68,442.0
877.7,423.3
877.71,414.0
877.73,395.5
877.75,377.2
877.76,368.2
877.78,350.3
877.79,341.5
877.81,324.1
877.83,307.1
877.84,298.8
877.86,282.4
877.88,266.6
877.89,258.8
877.91,243.7
877.93,229.1
877.94,222.0
877.96,208.2
877.98,195.0
877.99,188.5
878.01,176.1
878.03,164.3
878.04,158.6
878.06,147.6
878.08,137.2
878.09,132.1
878.11,122.5
878.13,113.4
878.14,109.1
878.16,100.7
878.17,96.75
878.19,89.16
878.21,82.05
878.22,78.67
878.24,72.23
878.26,66.22
878.27,63.37
878.29,57.98
878.31,52.96
878.32,50.59
878.34,46.12
878.36,41.98
878.37,40.03
878.39,36.36
878.41,32.98
878.42,31.39
878.44,28.41
878.46,25.68
878.47,24.4
878.49,22.01
878.5,20.89
878.52,18.81
878.54,16.91
878.55,16.02
878.57,14.37
878.59,12.88
878.6,12.19
878.62,10.9
878.64,9.738
878.65,9.2
878.67,8.205
878.69,7.31
878.7,6.897
878.72,6.135
878.74,5.453
878.75,5.14
878.77,4.563
878.79,4.049
878.8,3.814
878.82,3.382
878.84,2.999
878.85,2.824
878.87,2.505
878.88,2.36
878.9,2.095
878.92,1.861
878.93,1.756
878.95,1.563
878.97,1.395
878.98,1.319
879.0,1.182
879.02,1.062
879.03,1.009
879.05,0.9124
879.07,0.8292
879.08,0.7921
879.1,0.7259
879.12,0.6693
879.13,0.6443
879.15,0.6002
879.17,0.5633
879.18,0.5472
879.2,0.5193
879.22,0.4967
879.23,0.4871
879.25,0.4713
879.26,0.4648
879.28,0.4547
879.3,0.4479
879.31,0.4457
879.33,0.4435
879.35,0.4439
879.36,0.4451
879.38,0.4494
879.4,0.456
879.41,0.4602
879.43,0.4704
879.45,0.4828
879.46,0.4899
879.48,0.5058
879.5,0.5241
879.51,0.5342
879.53,0.5562
879.55,0.5809
879.56,0.5942
879.58,0.623
879.6,0.6547
879.61,0.6718
879.63,0.7082
879.64,0.7277
879.66,0.7692
879.68,0.8144
879.69,0.8384
879.71,0.8892
879.73,0.9442
879.74,0.9733
879.76,1.035
879.78,1.101
879.79,1.135
879.81,1.208
879.83,1.286
879.84,1.327
879.86,1.413
879.88,1.504
879.89,1.551
879.91,1.651
879.93,1.755
879.94,1.81
879.96,1.924
879.97,1.983
879.99,2.105
880.01,2.234
880.02,2.301
880.04,2.439
880.06,2.583
880.07,2.657
880.09,2.811
880.11,2.971
880.12,3.053
880.14,3.223
880.16,3.399
880.17,3.489
880.19,3.675
880.21,3.868
880.22,3.967
880.24,4.17
880.26,4.381
880.27,4.489
880.29,4.71
880.31,4.939
880.32,5.057
880.34,5.299
880.35,5.423
880.37,5.678
880.39,5.943
880.4,6.079
880.42,6.361
880.44,6.654
880.45,6.805
880.47,7.118
880.49,7.447
880.5,7.617
880.52,7.971
880.54,8.345
880.55,8.54
880.57,8.947
880.59,9.38
880.6,9.607
880.62,10.08
880.64,10.59
880.65,10.86
880.67,11.43
880.69,12.04
880.7,12.37
880.72,13.06
880.73,13.42
880.75,14.2
880.77,15.04
880.78,15.48
880.8,16.44
880.82,17.47
880.83,18.03
880.85,19.2
880.87,20.49
880.88,21.17
880.9,22.63
880.92,24.22
880.93,25.07
880.95,26.87
880.97,28.83
880.98,29.88
881.0,32.1
881.02,34.51
881.03,35.79
881.05,38.51
881.07,41.46
881.08,43.02
881.1,46.32
881.11,48.07
881.13,51.76
881.15,55.74
881.16,57.83
881.18,62.25
881.2,66.98
881.21,69.47
881.23,74.69
881.25,80.26
881.26,83.17
881.28,89.28
881.3,95.75
881.31,99.13
881.33,106.2
881.35,113.6
881.36,117.5
881.38,125.5
881.4,133.9
881.41,138.2
881.43,147.3
881.44,151.9
881.46,161.5
881.48,171.5
881.49,176.6
881.51,187.1
881.53,198.0
881.54,203.5
881.56,214.9
881.58,226.5
881.59,232.4
881.61,244.5
881.63,256.8
881.64,263.0
881.66,275.5
881.68,288.2
881.69,294.6
881.71,307.5
881.73,320.3
881.74,326.8
881.76,339.6
881.78,352.4
881.79,358.8
881.81,371.3
881.82,377.5
881.84,389.8
881.86,401.7
881.87,407.6
881.89,419.0
881.91,430.0
881.92,435.4
881.94,445.7
881.96,455.4
881.97,460.1
881.99,468.9
882.01,477.1
882.02,481.0
882.04,488.1
882.06,494.5
882.07,497.3
882.09,502.5
882.11,506.9
882.12,508.7
882.14,511.8
882.16,514.0
882.17,514.7
882.19,515.6
882.2,515.6
882.22,515.1
882.24,513.7
882.25,512.7
882.27,510.0
882.29,506.4
882.3,504.3
882.32,499.5
882.34,493.8
882.35,490.7
882.37,483.9
882.39,476.4
882.4,472.4
882.42,463.9
882.44,454.8
882.45,450.1
882.47,440.1
882.49,429.7
882.5,424.3
882.52,413.3
882.54,401.9
882.55,396.1
882.57,384.2
882.58,378.2
882.6,366.1
882.62,353.8
882.63,347.6
882.65,335.2
882.67,322.8
882.68,316.6
882.7,304.2
882.72,291.9
882.73,285.9
882.75,273.8
882.77,261.9
882.78,256.1
882.8,244.6
882.82,233.3
882.83,227.8
882.85,217.1
882.87,206.6
882.88,201.5
882.9,191.6
882.91,186.7
882.93,177.4
882.95,168.4
882.96,164.0
882.98,155.6
883.0,147.6
883.01,143.8
883.03,136.3
883.05,129.3
883.06,125.9
883.08,119.5
883.1,113.4
883.11,110.5
883.13,105.0
883.15,99.76
883.16,97.29
883.18,92.59
883.2,88.19
883.21,86.11
883.23,82.16
883.25,78.48
883.26,76.74
883.28,73.44
883.29,71.89
883.31,68.94
883.33,66.2
883.34,64.91
883.36,62.46
883.38,60.19
883.39,59.11
883.41,57.07
883.43,55.17
883.44,54.27
883.46,52.56
883.48,50.95
883.49,50.19
883.51,48.73
883.53,47.35
883.54,46.69
883.56,45.41
883.58,44.2
883.59,43.61
883.61,42.48
883.63,41.38
883.64,40.85
883.66,39.81
883.67,39.3
883.69,38.3
883.71,37.33
883.72,36.85
883.74,35.91
883.76,34.98
883.77,34.52
883.79,33.61
883.81,32.72
883.82,32.28
883.84,31.4
883.86,30.54
883.87,30.11
883.89,29.26
883.91,28.42
883.92,28.01
883.94,27.19
883.96,26.39
883.97,25.99
883.99,25.21
884.01,24.44
884.02,24.06
884.04,23.32
884.05,22.96
884.07,22.25
884.09,21.56
884.1,21.22
884.12,20.57
884.14,19.93
884.15,19.63
884.17,19.03
884.19,18.46
884.2,18.19
884.22,17.66
884.24,17.16
884.25,16.92
884.27,16.47
884.29,16.04
884.3,15.83
884.32,15.45
884.34,15.09
884.35,14.92
884.37,14.6
884.38,14.45
884.4,14.18
884.42,13.92
884.43,13.81
884.45,13.59
884.47,13.4
884.48,13.31
884.5,13.15
884.52,13.01
884.53,12.95
884.55,12.83
884.57,12.73
884.58,12.69
884.6,12.61
884.62,12.54
884.63,12.51
884.65,12.46
884.67,12.42
884.68,12.39
884.7,12.36
884.72,12.32
884.73,12.3
884.75,12.27
884.76,12.25
884.78,12.21
884.8,12.17
884.81,12.15
884.83,12.11
884.85,12.05
884.86,12.02
884.88,11.96
884.9,11.88
884.91,11.84
884.93,11.75
884.95,11.66
884.96,11.6
884.98,11.49
885.0,11.36
885.01,11.29
885.03,11.15
885.05,10.99
885.06,10.91
885.08,10.74
885.1,10.56
885.11,10.46
885.13,10.27
885.14,10.16
885.16,9.953
885.18,9.733
885.19,9.621
885.21,9.39
885.23,9.154
885.24,9.034
885.26,8.791
885.28,8.544
885.29,8.419
885.31,8.169
885.33,7.918
885.34,7.792
885.36,7.542
885.38,7.294
885.39,7.171
885.41,6.927
885.43,6.689
885.44,6.571
885.46,6.341
885.48,6.118
885.49,6.009
885.51,5.798
885.52,5.696
885.54,5.499
885.56,5.312
885.57,5.222
885.59,5.052
885.61,4.892
885.62,4.817
885.64,4.676
885.66,4.547
885.67,4.487
885.69,4.377
885.71,4.28
885.72,4.236
885.74,4.158
885.76,4.093
885.77,4.065
885.79,4.018
885.81,3.983
885.82,3.97
885.84,3.953
885.85,3.948
885.87,3.947
885.89,3.956
885.9,3.964
885.92,3.987
885.94,4.019
885.95,4.038
885.97,4.081
885.99,4.131
886.0,4.158
886.02,4.217
886.04,4.28
886.05,4.313
886.07,4.382
886.09,4.452
886.1,4.489
886.12,4.562
886.14,4.635
886.15,4.671
886.17,4.744
886.19,4.814
886.2,4.848
886.22,4.915
886.23,4.947
886.25,5.007
886.27,5.063
886.28,5.089
886.3,5.137
886.32,5.178
886.33,5.196
886.35,5.228
886.37,5.252
886.38,5.261
886.4,5.273
886.42,5.277
886.43,5.276
886.45,5.267
886.47,5.25
886.48,5.239
886.5,5.209
886.52,5.17
886.53,5.148
886.55,5.097
886.57,5.038
886.58,5.005
886.6,4.934
886.61,4.895
886.63,4.813
886.65,4.724
886.66,4.677
886.68,4.577
886.7,4.473
886.71,4.418
886.73,4.305
886.75,4.188
886.76,4.127
886.78,4.004
886.8,3.877
886.81,3.812
886.83,3.681
886.85,3.549
886.86,3.482
886.88,3.347
886.9,3.212
886.91,3.144
886.93,3.009
886.94,2.941
886.96,2.807
886.98,2.674
886.99,2.608
887.01,2.477
887.03,2.349
887.04,2.286
887.06,2.162
887.08,2.041
887.09,1.981
887.11,1.865
887.13,1.753
887.14,1.698
887.16,1.591
887.18,1.488
887.19,1.438
887.21,1.342
887.23,1.25
887.24,1.205
887.26,1.119
887.28,1.037
887.29,0.9979
887.31,0.9225
887.32,0.8863
887.34,0.8171
887.36,0.752
887.37,0.7209
887.39,0.6616
887.41,0.6061
887.42,0.5797
887.44,0.5297
887.46,0.4831
887.47,0.461
887.49,0.4193
887.51,0.3807
887.52,0.3625
887.54,0.3283
887.56,0.2967
887.57,0.2819
887.59,0.2541
887.61,0.2287
887.62,0.2168
887.64,0.1946
887.66,0.1744
887.67,0.1649
887.69,0.1474
887.7,0.1392
887.72,0.1241
887.74,0.1104
887.75,0.1041
887.77,0.0924
887.79,0.08188
887.8,0.07702
887.82,0.06808
887.84,0.06008
887.85,0.0564
887.87,0.04965
887.89,0.04365
887.9,0.0409
887.92,0.03587
887.94,0.03142
887.95,0.0294
887.97,0.02571
887.99,0.02246
888.0,0.02098
888.02,0.01831
888.04,0.01598
888.05,0.01493
888.07,0.01304
888.08,0.01219
888.1,0.01068
888.12,0.009387
888.13,0.008815
888.15,0.007812
888.17,0.006982
888.18,0.006627
888.2,0.006031
888.22,0.005578
888.23,0.005402
888.25,0.005151
888.27,0.00503
888.28,0.005018
888.3,0.00509
888.32,0.005295
888.33,0.005448
888.35,0.005862
888.37,0.006426
888.38,0.006768
888.4,0.007582
888.41,0.008058
888.43,0.00916
888.45,0.01048
888.46,0.01123
888.48,0.01293
888.5,0.01492
888.51,0.01603
888.53,0.01852
888.55,0.0214
888.56,0.023
888.58,0.02656
888.6,0.03064
888.61,0.0329
888.63,0.03788
888.65,0.04357
888.66,0.04669
888.68,0.05357
888.7,0.06137
888.71,0.06564
888.73,0.07501
888.75,0.08557
888.76,0.09134
888.78,0.1039
888.79,0.1108
888.81,0.1257
888.83,0.1425
888.84,0.1515
888.86,0.1712
888.88,0.1931
888.89,0.205
888.91,0.2306
888.93,0.259
888.94,0.2743
888.96,0.3073
888.98,0.3436
888.99,0.3632
889.01,0.405
889.03,0.4509
889.04,0.4755
889.06,0.528
889.08,0.5853
889.09,0.6159
889.11,0.681
889.13,0.7516
889.14,0.7891
889.16,0.8688
889.17,0.9109
889.19,1.0
889.21,1.096
889.22,1.147
889.24,1.254
889.26,1.369
889.27,1.429
889.29,1.556
889.31,1.691
889.32,1.762
889.34,1.91
889.36,2.067
889.37,2.149
889.39,2.319
889.41,2.499
889.42,2.593
889.44,2.787
889.46,2.991
889.47,3.096
889.49,3.314
889.51,3.541
889.52,3.658
889.54,3.899
889.55,4.023
889.57,4.278
889.59,4.541
889.6,4.675
889.62,4.95
889.64,5.232
889.65,5.376
889.67,5.669
889.69,5.968
889.7,6.119
889.72,6.426
889.74,6.737
889.75,6.894
889.77,7.21
889.79,7.528
889.8,7.687
889.82,8.007
889.84,8.327
889.85,8.486
889.87,8.803
889.88,8.961
889.9,9.273
889.92,9.581
889.93,9.733
889.95,10.03
889.97,10.32
889.98,10.47
890.0,10.75
890.02,11.02
890.03,11.15
890.05,11.4
890.07,11.64
890.08,11.75
890.1,11.97
890.12,12.17
890.13,12.27
890.15,12.45
890.17,12.61
890.18,12.69
890.2,12.82
890.22,12.94
890.23,12.99
890.25,13.08
890.26,13.12
890.28,13.18
890.3,13.22
890.31,13.23
890.33,13.24
890.35,13.23
890.36,13.21
890.38,13.17
890.4,13.11
890.41,13.08
890.43,12.99
890.45,12.88
890.46,12.82
890.48,12.68
890.5,12.53
890.51,12.45
890.53,12.28
890.55,12.08
890.56,11.98
890.58,11.77
890.6,11.55
890.61,11.43
890.63,11.19
890.64,11.06
890.66,10.81
890.68,10.54
890.69,10.4
890.71,10.13
890.73,9.844
890.74,9.7
890.76,9.409
890.78,9.116
890.79,8.968
890.81,8.671
890.83,8.373
890.84,8.224
890.86,7.926
890.88,7.63
890.89,7.483
890.91,7.191
890.93,6.902
890.94,6.759
890.96,6.477
890.98,6.201
890.99,6.065
891.01,5.797
891.02,5.666
891.04,5.409
891.06,5.159
891.07,5.038
891.09,4.8
891.11,4.571
891.12,4.46
891.14,4.244
891.16,4.037
891.17,3.937
891.19,3.745
891.21,3.562
891.22,3.474
891.24,3.305
891.26,3.146
891.27,3.07
891.29,2.926
891.31,2.792
891.32,2.729
891.34,2.61
891.35,2.554
891.37,2.449
891.39,2.355
891.4,2.312
891.42,2.233
891.44,2.164
891.45,2.133
891.47,2.08
891.49,2.037
891.5,2.02
891.52,1.993
891.54,1.977
891.55,1.974
891.57,1.975
891.59,1.988
891.6,2.0
891.62,2.031
891.64,2.076
891.65,2.103
891.67,2.168
891.69,2.247
891.7,2.292
891.72,2.394
891.73,2.45
891.75,2.576
891.77,2.718
891.78,2.796
891.8,2.965
891.82,3.153
891.83,3.254
891.85,3.472
891.87,3.711
891.88,3.838
891.9,4.11
891.92,4.405
891.93,4.561
891.95,4.892
891.97,5.247
891.98,5.435
892.0,5.829
892.02,6.25
892.03,6.471
892.05,6.933
892.07,7.424
892.08,7.68
892.1,8.213
892.11,8.49
892.13,9.066
892.15,9.672
892.16,9.985
892.18,10.63
892.2,11.31
892.21,11.66
892.23,12.38
892.25,13.13
892.26,13.51
892.28,14.3
892.3,15.12
892.31,15.53
892.33,16.39
892.35,17.26
892.36,17.71
892.38,18.62
892.4,19.55
892.41,20.02
892.43,20.98
892.45,21.95
892.46,22.45
892.48,23.44
892.49,23.95
892.51,24.97
892.53,26.0
892.54,26.52
892.56,27.56
892.58,28.61
892.59,29.14
892.61,30.21
892.63,31.28
892.64,31.81
892.66,32.89
892.68,33.97
892.69,34.51
892.71,35.59
892.73,36.68
892.74,37.23
892.76,38.32
892.78,39.41
892.79,39.96
892.81,41.06
892.82,41.61
892.84,42.72
892.86,43.83
892.87,44.39
892.89,45.52
892.91,46.65
892.92,47.22
892.94,48.37
892.96,49.53
892.97,50.11
892.99,51.29
893.01,52.49
893.02,53.09
893.04,54.31
893.06,55.54
893.07,56.17
893.09,57.43
893.11,58.71
893.12,59.36
893.14,60.67
893.16,62.0
893.17,62.67
893.19,64.02
893.2,64.7
893.22,66.07
893.24,67.46
893.25,68.16
893.27,69.55
893.29,70.96
893.3,71.66
893.32,73.06
893.34,74.46
893.35,75.15
893.37,76.53
893.39,77.89
893.4,78.56
893.42,79.88
893.44,81.17
893.45,81.8
893.47,83.03
893.49,84.2
893.5,84.77
893.52,85.86
893.54,86.88
893.55,87.36
893.57,88.26
893.58,88.69
893.6,89.46
893.62,90.15
893.63,90.45
893.65,90.98
893.67,91.41
893.68,91.58
893.7,91.83
893.72,91.97
893.73,91.99
893.75,91.94
893.77,91.76
893.78,91.63
893.8,91.26
893.82,90.76
893.83,90.46
893.85,89.77
893.87,88.95
893.88,88.49
893.9,87.48
893.92,86.35
893.93,85.74
893.95,84.43
893.96,83.73
893.98,82.26
894.0,80.68
894.01,79.86
894.03,78.14
894.05,76.33
894.06,75.4
894.08,73.47
894.1,71.48
894.11,70.46
894.13,68.38
894.15,66.25
894.16,65.17
894.18,62.99
894.2,60.78
894.21,59.66
894.23,57.42
894.25,55.18
894.26,54.06
894.28,51.81
894.29,50.7
894.31,48.48
894.33,46.28
894.34,45.19
894.36,43.04
894.38,40.93
894.39,39.88
894.41,37.84
894.43,35.84
894.44,34.86
894.46,32.95
894.48,31.1
894.49,30.2
894.51,28.44
894.53,26.75
894.54,25.93
894.56,24.35
894.58,22.83
894.59,22.1
894.61,20.69
894.63,19.35
894.64,18.71
894.66,17.48
894.67,16.89
894.69,15.77
894.71,14.71
894.72,14.2
894.74,13.24
894.76,12.35
894.77,11.92
894.79,11.12
894.81,10.38
894.82,10.02
894.84,9.362
894.86,8.752
894.87,8.466
894.89,7.93
894.91,7.439
894.92,7.21
894.94,6.782
894.96,6.394
894.97,6.213
894.99,5.878
895.01,5.575
895.02,5.435
895.04,5.177
895.05,5.058
895.07,4.838
895.09,4.642
895.1,4.551
895.12,4.386
895.14,4.238
895.15,4.17
895.17,4.046
895.19,3.935
895.2,3.884
895.22,3.79
895.24,3.706
895.25,3.667
895.27,3.595
895.29,3.529
895.3,3.498
895.32,3.44
895.34,3.386
895.35,3.36
895.37,3.31
895.39,3.262
895.4,3.239
895.42,3.192
895.43,3.169
895.45,3.123
895.47,3.077
895.48,3.054
895.5,3.006
895.52,2.958
895.53,2.933
895.55,2.883
895.57,2.831
895.58,2.804
895.6,2.749
895.62,2.693
895.63,2.664
895.65,2.605
895.67,2.544
895.68,2.513
895.7,2.45
895.72,2.385
895.73,2.352
895.75,2.285
895.76,2.251
895.78,2.183
895.8,2.113
895.81,2.078
895.83,2.008
895.85,1.937
895.86,1.901
895.88,1.83
895.9,1.759
895.91,1.723
895.93,1.652
895.95,1.582
895.96,1.547
895.98,1.477
896.0,1.409
896.01,1.375
896.03,1.308
896.05,1.242
896.06,1.21
896.08,1.146
896.1,1.084
896.11,1.054
896.13,0.9945
896.14,0.9655
896.16,0.9089
896.18,0.8542
896.19,0.8276
896.21,0.7758
896.23,0.7261
896.24,0.7021
896.26,0.6555
896.28,0.611
896.29,0.5895
896.31,0.5481
896.33,0.5087
896.34,0.4898
896.36,0.4536
896.38,0.4193
896.39,0.4028
896.41,0.3715
896.43,0.342
896.44,0.3279
896.46,0.3011
896.48,0.276
896.49,0.2641
896.51,0.2415
896.52,0.2308
896.54,0.2106
896.56,0.1918
896.57,0.1829
896.59,0.1662
896.61,0.1507
896.62,0.1435
896.64,0.1298
896.66,0.1173
896.67,0.1114
896.69,0.1004
896.71,0.09037
896.72,0.08567
896.74,0.07692
896.76,0.06895
896.77,0.06524
896.79,0.05835
896.81,0.05211
896.82,0.04922
896.84,0.04386
896.86,0.03903
896.87,0.0368
896.89,0.03268
896.9,0.03078
896.92,0.02728
896.94,0.02415
896.95,0.02271
896.97,0.02006
896.99,0.0177
897.0,0.01662
897.02,0.01465
897.04,0.01289
897.05,0.01209
897.07,0.01062
897.09,0.009325
897.1,0.008735
897.12,0.00766
897.14,0.006712
897.15,0.006281
897.17,0.005498
897.19,0.004811
897.2,0.004499
897.22,0.003933
897.23,0.003677
897.25,0.003214
897.27,0.002808
897.28,0.002624
897.3,0.002293
897.32,0.002003
897.33,0.001872
897.35,0.001635
897.37,0.001429
897.38,0.001336
897.4,0.001168
897.42,0.001021
897.43,0.000955
897.45,0.0008356
897.47,0.0007315
897.48,0.0006845
897.5,0.0005996
897.52,0.0005256
897.53,0.0004922
897.55,0.0004317
897.57,0.0003789
897.58,0.000355
897.6,0.0003118
897.61,0.0002923
897.63,0.0002569
897.65,0.0002258
897.66,0.0002118
897.68,0.0001863
897.7,0.0001639
897.71,0.0001538
897.73,0.0001353
897.75,0.0001191
897.76,0.0001117
897.78,9.833e-05
897.8,8.652e-05
897.81,8.115e-05
897.83,7.138e-05
897.85,6.276e-05
897.86,5.884e-05
897.88,5.169e-05
897.9,4.54e-05
897.91,4.253e-05
897.93,3.731e-05
897.95,3.271e-05
897.96,3.061e-05
897.98,2.68e-05
897.99,2.507e-05
898.01,2.192e-05
898.03,1.914e-05
898.04,1.788e-05
898.06,1.559e-05
898.08,1.358e-05
898.09,1.267e-05
898.11,1.101e-05
898.13,9.561e-06
898.14,8.904e-06
898.16,7.716e-06
898.18,6.677e-06
898.19,6.208e-06
898.21,5.36e-06
898.23,4.622e-06
898.24,4.29e-06
898.26,3.691e-06
898.28,3.17e-06
898.29,2.937e-06
898.31,2.517e-06
898.32,2.329e-06
898.34,1.991e-06
898.36,1.7e-06
898.37,1.57e-06
898.39,1.337e-06
898.41,1.136e-06
898.42,1.047e-06
898.44,8.882e-07
898.46,7.521e-07
898.47,6.916e-07
898.49,5.841e-07
898.51,4.925e-07
898.52,4.519e-07
898.54,3.801e-07
898.56,3.191e-07
898.57,2.922e-07
898.59,2.447e-07
898.61,2.046e-07
898.62,1.869e-07
898.64,1.559e-07
898.66,1.297e-07
898.67,1.183e-07
898.69,9.819e-08
898.7,8.941e-08
898.72,7.403e-08
898.74,6.119e-08
898.75,5.56e-08
898.77,4.583e-08
898.79,3.772e-08
898.8,3.419e-08
898.82,2.807e-08
898.84,2.299e-08
898.85,2.08e-08
898.87,1.7e-08
898.89,1.386e-08
898.9,1.251e-08
898.92,1.018e-08
898.94,8.267e-09
898.95,7.445e-09
898.97,6.03e-09
898.99,4.875e-09
899.0,4.381e-09
899.02,3.532e-09
899.04,2.843e-09
899.05,2.549e-09
899.07,2.046e-09
899.08,1.832e-09
899.1,1.467e-09
899.12,1.172e-09
899.13,1.047e-09
899.15,8.348e-10
899.17,6.642e-10
899.18,5.92e-10
899.2,4.698e-10
899.22,3.721e-10
899.23,3.31e-10
899.25,2.614e-10
899.27,2.062e-10
899.28,1.83e-10
899.3,1.439e-10
899.32,1.13e-10
899.33,1e-10
899.35,7.83e-11
899.37,6.12e-11
899.38,5.407e-11
899.4,4.214e-11
899.42,3.279e-11
899.43,2.89e-11
899.45,2.243e-11
899.46,1.974e-11
899.48,1.528e-11
899.5,1.18e-11
899.51,1.037e-11
899.53,7.987e-12
899.55,6.142e-12
899.56,5.383e-12
899.58,4.129e-12
899.6,3.161e-12
899.61,2.764e-12
899.63,2.111e-12
899.65,1.609e-12
899.66,1.403e-12
899.68,1.067e-12
899.7,8.095e-13
899.71,7.047e-13
899.73,5.333e-13
899.75,4.028e-13
899.76,3.499e-13
899.78,2.636e-13
899.79,2.286e-13
899.81,1.718e-13
899.83,1.288e-13
899.84,1.115e-13
899.86,8.341e-14
899.88,6.228e-14
899.89,5.378e-14
899.91,4.005e-14
899.93,2.977e-14
899.94,2.565e-14
899.96,1.901e-14
899.98,1.407e-14
899.99,1.21e-14
900.01,8.927e-15
900.03,6.576e-15
900.04,5.641e-15
900.06,4.144e-15
900.08,3.039e-15
900.09,2.601e-15
900.11,1.903e-15
900.13,1.389e-15
900.14,1.186e-15
900.16,8.637e-16
900.17,7.366e-16
900.19,5.349e-16
900.21,3.878e-16
900.22,3.299e-16
900.24,2.385e-16
900.26,1.721e-16
900.27,1.461e-16
900.29,1.052e-16
900.31,7.556e-17
900.32,6.4e-17
900.34,4.586e-17
900.36,3.28e-17
900.37,2.772e-17
900.39,1.977e-17
900.41,1.408e-17
900.42,1.187e-17
900.44,8.431e-18
900.46,5.976e-18
900.47,5.028e-18
900.49,3.555e-18
900.51,2.509e-18
900.52,2.106e-18
900.54,1.482e-18
900.55,1.243e-18
900.57,8.721e-19
900.59,6.111e-19
900.6,5.111e-19
900.62,3.572e-19
900.64,2.491e-19
900.65,2.079e-19
900.67,1.446e-19
900.69,1.004e-19
900.7,8.364e-20
900.72,5.792000000000001e-20
900.74,4.0040000000000006e-20
900.75,3.327e-20
900.77,2.294e-20
900.79,1.5790000000000002e-20
900.8,1.3090000000000001e-20
900.82,8.982e-21
900.84,6.154e-21
900.85,5.09e-21
900.87,3.478e-21
900.89,2.372e-21
900.9,1.958e-21
900.92,1.332e-21
900.93,1.098e-21
900.95,7.446999999999999e-22
900.97,5.042999999999999e-22
