wavelength,intensity
198.68,5.582e-40
198.7,4.5479999999999997e-39
198.71,1.2829999999999999e-38
198.73,9.972e-38
198.75,4.973e-32
198.76,1.435e-31
198.78,1.167e-30
198.79,3.289e-30
198.81,2.552e-29
198.83,1.918e-28
198.84,5.1970000000000005e-28
198.86,3.727e-27
198.88,2.589e-26
198.89,6.744000000000001e-26
198.91,4.469e-25
198.93,2.87e-24
198.94,7.186e-24
198.96,4.401e-23
198.98,2.612e-22
198.99,6.287999999999999e-22
199.01,3.559e-21
199.03,1.9520000000000002e-20
199.04,4.5180000000000004e-20
199.06,2.364e-19
199.08,1.198e-18
199.09,2.666e-18
199.11,1.289e-17
199.12,2.801e-17
199.14,1.292e-16
199.16,5.774e-16
199.17,1.206e-15
199.19,5.141e-15
199.21,2.124e-14
199.22,4.265e-14
199.24,1.68e-13
199.26,6.414e-13
199.27,1.238e-12
199.29,4.509e-12
199.31,1.591e-11
199.32,2.953e-11
199.34,9.936e-11
199.36,3.24e-10
199.37,5.782e-10
199.39,1.798e-09
199.41,5.419e-09
199.42,9.297e-09
199.44,2.672e-08
199.46,7.443e-08
199.47,1.228e-07
199.49,3.261e-07
199.5,5.253e-07
199.52,1.331e-06
199.54,3.269e-06
199.55,5.061e-06
199.57,1.185e-05
199.59,2.69e-05
199.6,4.005e-05
199.62,8.668e-05
199.64,0.0001818
199.65,0.0002602
199.67,0.0005205
199.69,0.001009
199.7,0.001388
199.72,0.002567
199.74,0.004599
199.75,0.006083
199.77,0.0104
199.79,0.01721
199.8,0.02189
199.82,0.03457
199.84,0.05291
199.85,0.06468
199.87,0.09441
199.88,0.1127
199.9,0.1569
199.92,0.2117
199.93,0.243
199.95,0.3128
199.97,0.39
199.98,0.4303
200.0,0.5118
200.02,0.5898
200.03,0.6258
200.05,0.6879
200.07,0.7327
200.08,0.7473
200.1,0.7593
200.12,0.7477
200.13,0.7332
200.15,0.6888
200.17,0.6272
200.18,0.5916
200.2,0.5143
200.22,0.4337
200.23,0.3939
200.25,0.318
200.26,0.2828
200.28,0.2196
200.3,0.1669
200.31,0.1446
200.33,0.1079
200.35,0.08082
200.36,0.07036
200.38,0.05461
200.4,0.04432
200.41,0.04075
200.43,0.0359
200.45,0.03329
200.46,0.0326
200.48,0.03219
200.5,0.03305
200.51,0.034
200.53,0.03723
200.55,0.04273
200.56,0.04654
200.58,0.05678
200.59,0.06338
200.61,0.07986
200.63,0.101
200.64,0.1133
200.66,0.1412
200.68,0.1728
200.69,0.1895
200.71,0.2239
200.73,0.2577
200.74,0.2738
200.76,0.3028
200.78,0.326
200.79,0.335
200.81,0.3474
200.83,0.3522
200.84,0.352
200.86,0.3476
200.88,0.3398
200.89,0.3356
200.91,0.3286
200.93,0.3261
200.94,0.3273
200.96,0.3361
200.97,0.344
200.99,0.3665
201.01,0.3971
201.02,0.4148
201.04,0.4527
201.06,0.4907
201.07,0.5084
201.09,0.5386
201.11,0.5589
201.12,0.5645
201.14,0.5656
201.16,0.5532
201.17,0.5423
201.19,0.5125
201.21,0.4748
201.22,0.454
201.24,0.4111
201.26,0.3694
201.27,0.3499
201.29,0.3151
201.31,0.287
201.32,0.2757
201.34,0.2589
201.35,0.2532
201.37,0.2471
201.39,0.2474
201.4,0.2498
201.42,0.2588
201.44,0.2729
201.45,0.2818
201.47,0.3029
201.49,0.3278
201.5,0.3414
201.52,0.3699
201.54,0.3989
201.55,0.413
201.57,0.4393
201.59,0.4616
201.6,0.4708
201.62,0.485
201.64,0.4935
201.65,0.4959
201.67,0.4974
201.69,0.4966
201.7,0.496
201.72,0.4959
201.73,0.497
201.75,0.5027
201.77,0.5144
201.78,0.5227
201.8,0.5443
201.82,0.5715
201.83,0.5867
201.85,0.6187
201.87,0.6508
201.88,0.6658
201.9,0.6923
201.92,0.7122
201.93,0.7191
201.95,0.7265
201.97,0.7255
201.98,0.7222
202.0,0.7109
202.02,0.6959
202.03,0.6882
202.05,0.6762
202.06,0.6744
202.08,0.6902
202.1,0.7601
202.11,0.8341
202.13,1.13
202.15,1.797
202.16,2.378
202.18,4.405
202.2,8.438
202.21,11.69
202.23,22.25
202.25,41.46
202.26,56.04
202.28,100.2
202.3,174.1
202.31,226.9
202.33,376.6
202.35,606.3
202.36,760.5
202.38,1169.0
202.4,1744.0
202.41,2105.0
202.43,2997.0
202.44,3535.0
202.46,4807.0
202.48,6338.0
202.49,7195.0
202.51,9060.0
202.53,11060.0
202.54,12090.0
202.56,14090.0
202.58,15940.0
202.59,16750.0
202.61,18090.0
202.63,18940.0
202.64,19160.0
202.66,19160.0
202.68,18580.0
202.69,18090.0
202.71,16750.0
202.73,15040.0
202.74,14090.0
202.76,12090.0
202.78,10050.0
202.79,9060.0
202.81,7195.0
202.82,6338.0
202.84,4807.0
202.86,3535.0
202.87,2997.0
202.89,2105.0
202.91,1433.0
202.92,1169.0
202.94,760.5
202.96,479.7
202.97,376.6
202.99,226.9
203.01,132.5
203.02,100.2
203.04,55.91
203.06,30.3
203.07,22.06
203.09,11.47
203.11,5.831
203.12,4.139
203.14,2.098
203.16,1.118
203.17,0.8507
203.19,0.5657
203.2,0.4995
203.22,0.447
203.24,0.4481
203.25,0.4569
203.27,0.4783
203.29,0.4953
203.3,0.5001
203.32,0.5004
203.34,0.4875
203.35,0.4764
203.37,0.446
203.39,0.4073
203.4,0.386
203.42,0.3416
203.44,0.298
203.45,0.2776
203.47,0.2413
203.49,0.213
203.5,0.2023
203.52,0.1886
203.53,0.1856
203.55,0.1872
203.57,0.1982
203.58,0.2069
203.6,0.2296
203.62,0.2578
203.63,0.2733
203.65,0.3054
203.67,0.337
203.68,0.3519
203.7,0.3785
203.72,0.3993
203.73,0.407
203.75,0.4168
203.77,0.4189
203.78,0.4173
203.8,0.4097
203.82,0.3979
203.83,0.3914
203.85,0.3792
203.87,0.3712
203.88,0.3699
203.9,0.375
203.91,0.3822
203.93,0.4074
203.95,0.4478
203.96,0.4738
203.98,0.5363
204.0,0.6102
204.01,0.6501
204.03,0.7317
204.05,0.8105
204.06,0.8465
204.08,0.9077
204.1,0.9492
204.11,0.9611
204.13,0.9655
204.15,0.9434
204.16,0.9228
204.18,0.8646
204.2,0.788
204.21,0.7446
204.23,0.652
204.25,0.557
204.26,0.5104
204.28,0.4225
204.29,0.382
204.31,0.3098
204.33,0.2502
204.34,0.2251
204.36,0.1838
204.38,0.153
204.39,0.1408
204.41,0.1216
204.43,0.1073
204.44,0.1014
204.46,0.09115
204.48,0.08194
204.49,0.07749
204.51,0.06865
204.53,0.05984
204.54,0.05549
204.56,0.04703
204.58,0.03922
204.59,0.03565
204.61,0.0294
204.62,0.02677
204.64,0.02262
204.66,0.02001
204.67,0.01929
204.69,0.01899
204.71,0.0201
204.72,0.02114
204.74,0.02407
204.76,0.02798
204.77,0.03025
204.79,0.03533
204.81,0.04106
204.82,0.04418
204.84,0.05104
204.86,0.05903
204.87,0.06362
204.89,0.07444
204.91,0.08826
204.92,0.09663
204.94,0.117
204.96,0.143
204.97,0.1585
204.99,0.1944
205.0,0.2148
205.02,0.2603
205.04,0.3107
205.05,0.3371
205.07,0.3903
205.09,0.4413
205.1,0.4647
205.12,0.5052
205.14,0.5343
205.15,0.5438
205.17,0.5512
205.19,0.5429
205.2,0.533
205.22,0.5028
205.24,0.4612
205.25,0.4372
205.27,0.3853
205.29,0.3318
205.3,0.3056
205.32,0.2571
205.34,0.2165
205.35,0.2001
205.37,0.1774
205.38,0.1719
205.4,0.1758
205.42,0.2057
205.43,0.234
205.45,0.3286
205.47,0.4979
205.48,0.6237
205.5,0.9959
205.52,1.603
205.53,2.032
205.55,3.238
205.57,5.077
205.58,6.31
205.6,9.578
205.62,14.18
205.63,17.09
205.65,24.31
205.67,33.62
205.68,39.11
205.7,51.8
205.72,66.64
205.73,74.76
205.75,92.03
205.76,101.0
205.78,118.9
205.8,135.9
205.81,143.7
205.83,157.1
205.85,166.7
205.86,169.8
205.88,172.4
205.9,169.8
205.91,166.7
205.93,157.0
205.95,143.6
205.96,135.8
205.98,118.8
206.0,100.8
206.01,91.88
206.03,74.59
206.05,58.78
206.06,51.61
206.08,38.89
206.09,33.39
206.11,24.07
206.13,16.84
206.14,13.94
206.16,9.336
206.18,6.08
206.19,4.858
206.21,3.047
206.23,1.878
206.24,1.47
206.26,0.9092
206.28,0.587
206.29,0.4865
206.31,0.3661
206.33,0.3148
206.34,0.3049
206.36,0.3029
206.38,0.3126
206.39,0.3187
206.41,0.3297
206.43,0.336
206.44,0.3367
206.46,0.3332
206.47,0.329
206.49,0.3165
206.51,0.3
206.52,0.2908
206.54,0.2718
206.56,0.2537
206.57,0.2454
206.59,0.2311
206.61,0.2205
206.62,0.2167
206.64,0.212
206.66,0.2112
206.67,0.2121
206.69,0.2159
206.71,0.2221
206.72,0.2258
206.74,0.234
206.76,0.2424
206.77,0.2464
206.79,0.2534
206.81,0.2584
206.82,0.2598
206.84,0.2603
206.85,0.2592
206.87,0.2542
206.89,0.2459
206.9,0.2407
206.92,0.2289
206.94,0.2164
206.95,0.2105
206.97,0.2007
206.99,0.1957
207.0,0.1959
207.02,0.2033
207.04,0.2232
207.05,0.2389
207.07,0.2842
207.09,0.3512
207.1,0.394
207.12,0.4999
207.14,0.6345
207.15,0.7127
207.17,0.8899
207.19,1.091
207.2,1.199
207.22,1.422
207.23,1.534
207.25,1.753
207.27,1.95
207.28,2.037
207.3,2.176
207.32,2.262
207.33,2.282
207.35,2.276
207.37,2.207
207.38,2.151
207.4,2.003
207.42,1.814
207.43,1.71
207.45,1.49
207.47,1.266
207.48,1.157
207.5,0.951
207.52,0.7669
207.53,0.6846
207.55,0.541
207.56,0.4795
207.58,0.3765
207.6,0.2973
207.61,0.2654
207.63,0.2148
207.65,0.1782
207.66,0.164
207.68,0.1421
207.7,0.1268
207.71,0.121
207.73,0.1123
207.75,0.107
207.76,0.1055
207.78,0.1047
207.8,0.1074
207.81,0.1104
207.83,0.1206
207.85,0.1388
207.86,0.152
207.88,0.1903
207.9,0.2508
207.91,0.2926
207.93,0.4079
207.94,0.4857
207.96,0.6942
207.98,0.9938
207.99,1.186
208.01,1.676
208.03,2.33
208.04,2.727
208.06,3.677
208.08,4.844
208.09,5.51
208.11,6.995
208.13,8.657
208.14,9.538
208.16,11.35
208.18,13.18
208.19,14.06
208.21,15.71
208.23,17.16
208.24,17.78
208.26,18.79
208.28,19.51
208.29,19.76
208.31,20.07
208.32,20.15
208.34,20.21
208.36,20.2
208.37,20.18
208.39,20.16
208.41,20.17
208.42,20.17
208.44,20.18
208.46,20.1
208.47,20.01
208.49,19.69
208.51,19.11
208.52,18.71
208.54,17.68
208.56,16.37
208.57,15.61
208.59,13.96
208.61,12.18
208.62,11.27
208.64,9.466
208.66,7.76
208.67,6.963
208.69,5.513
208.7,4.868
208.72,3.745
208.74,2.841
208.75,2.466
208.77,1.856
208.79,1.403
208.8,1.225
208.82,0.9466
208.84,0.7472
208.85,0.6693
208.87,0.5446
208.89,0.449
208.9,0.4086
208.92,0.3383
208.94,0.2781
208.95,0.2511
208.97,0.2021
208.99,0.1598
209.0,0.141
209.02,0.1081
209.03,0.09398
209.05,0.07005
209.07,0.05148
209.08,0.044
209.1,0.03219
209.12,0.02397
209.13,0.02098
209.15,0.01685
209.17,0.01475
209.18,0.01432
209.2,0.01452
209.22,0.01593
209.23,0.01704
209.25,0.02003
209.27,0.02401
209.28,0.02636
209.3,0.03174
209.32,0.038
209.33,0.04142
209.35,0.04876
209.37,0.05657
209.38,0.06058
209.4,0.0686
209.41,0.07254
209.43,0.08006
209.45,0.08685
209.46,0.08988
209.48,0.09509
209.5,0.09909
209.51,0.1006
209.53,0.1029
209.55,0.1044
209.56,0.105
209.58,0.106
209.6,0.1073
209.61,0.1083
209.63,0.1111
209.65,0.1152
209.66,0.1178
209.68,0.1241
209.7,0.1314
209.71,0.1353
209.73,0.1431
209.75,0.1503
209.76,0.1534
209.78,0.1584
209.79,0.1602
209.81,0.1631
209.83,0.1664
209.84,0.1694
209.86,0.1824
209.88,0.2153
209.89,0.2455
209.91,0.3538
209.93,0.5713
209.94,0.746
209.96,1.305
209.98,2.301
209.99,3.045
210.01,5.256
210.03,8.867
210.04,11.41
210.06,18.49
210.08,29.16
210.09,36.24
210.11,54.78
210.13,80.49
210.14,96.53
210.16,135.9
210.17,159.5
210.19,215.2
210.21,282.2
210.22,319.7
210.24,401.6
210.26,490.2
210.27,535.9
210.29,626.9
210.31,712.7
210.32,751.9
210.34,819.0
210.36,867.1
210.37,882.7
210.39,895.3
210.41,882.7
210.42,867.1
210.44,819.0
210.46,751.9
210.47,712.7
210.49,626.9
210.5,581.7
210.52,490.2
210.54,401.5
210.55,359.5
210.57,282.2
210.59,215.2
210.6,186.0
210.62,135.9
210.64,96.54
210.65,80.5
210.67,54.8
210.69,36.26
210.7,29.19
210.72,18.53
210.74,11.45
210.75,8.91
210.77,5.31
210.79,3.118
210.8,2.391
210.82,1.452
210.84,1.01
210.85,0.9321
210.87,1.037
210.88,1.229
210.9,1.972
210.92,3.401
210.93,4.49
210.95,7.769
210.97,13.19
210.98,17.04
211.0,27.88
211.02,44.43
211.03,55.52
211.05,84.93
211.07,126.4
211.08,152.5
211.1,217.6
211.12,302.0
211.13,352.0
211.15,468.4
211.17,605.9
211.18,682.0
211.2,845.9
211.22,1020.0
211.23,1109.0
211.25,1283.0
211.26,1365.0
211.28,1514.0
211.3,1633.0
211.31,1678.0
211.33,1737.0
211.35,1749.0
211.36,1738.0
211.38,1681.0
211.4,1586.0
211.41,1527.0
211.43,1393.0
211.45,1247.0
211.46,1175.0
211.48,1037.0
211.5,918.5
211.51,869.3
211.53,794.7
211.55,754.4
211.56,747.4
211.58,757.7
211.6,796.3
211.61,824.0
211.63,890.5
211.64,926.8
211.66,999.5
211.68,1064.0
211.69,1090.0
211.71,1126.0
211.73,1136.0
211.74,1131.0
211.76,1098.0
211.78,1037.0
211.79,998.3
211.81,905.9
211.83,799.9
211.84,744.0
211.86,630.7
211.88,520.4
211.89,468.0
211.91,371.0
211.93,286.5
211.94,249.4
211.96,185.5
211.97,158.6
211.99,114.3
212.01,81.18
212.02,68.37
212.04,49.26
212.06,37.78
212.07,34.62
212.09,33.2
212.11,38.44
212.12,43.78
212.14,60.68
212.16,87.52
212.17,105.4
212.19,152.0
212.21,215.5
212.22,254.7
212.24,349.8
212.26,469.1
212.27,538.3
212.29,695.7
212.31,877.0
212.32,975.4
212.34,1183.0
212.35,1291.0
212.37,1507.0
212.39,1714.0
212.4,1811.0
212.42,1980.0
212.44,2110.0
212.45,2158.0
212.47,2212.0
212.49,2210.0
212.5,2189.0
212.52,2108.0
212.54,1983.0
212.55,1907.0
212.57,1737.0
212.59,1553.0
212.6,1459.0
212.62,1276.0
212.64,1105.0
212.65,1025.0
212.67,882.1
212.69,759.7
212.7,706.0
212.72,612.2
212.73,571.3
212.75,499.1
212.77,437.0
212.78,408.7
212.8,356.5
212.82,308.6
212.83,286.1
212.85,243.7
212.87,205.2
212.88,187.5
212.9,155.8
212.92,129.2
212.93,118.0
212.95,99.96
212.97,87.75
212.98,83.8
213.0,80.02
213.02,81.43
213.03,83.93
213.05,92.14
213.06,97.7
213.08,111.2
213.1,127.3
213.11,136.0
213.13,154.0
213.15,171.9
213.16,180.4
213.18,195.9
213.2,208.4
213.21,213.2
213.23,219.5
213.25,221.0
213.26,220.0
213.28,214.4
213.3,204.5
213.31,198.2
213.33,183.4
213.35,166.7
213.36,158.0
213.38,140.4
213.4,123.5
213.41,115.5
213.43,100.8
213.44,94.08
213.46,82.22
213.48,72.28
213.49,67.96
213.51,60.43
213.53,54.06
213.54,51.2
213.56,45.93
213.58,41.03
213.59,38.66
213.61,34.03
213.63,29.5
213.64,27.29
213.66,23.01
213.68,19.0
213.69,17.13
213.71,13.68
213.73,10.69
213.74,9.374
213.76,7.108
213.78,5.307
213.79,4.567
213.81,3.373
213.82,2.903
213.84,2.174
213.86,1.671
213.87,1.485
213.89,1.211
213.91,1.03
213.92,0.9623
213.94,0.8561
213.96,0.7716
213.97,0.7332
213.99,0.6589
214.01,0.5844
214.02,0.5468
214.04,0.4714
214.06,0.3975
214.07,0.3619
214.09,0.2951
214.11,0.2362
214.12,0.2104
214.14,0.1674
214.16,0.1375
214.17,0.1284
214.19,0.124
214.2,0.1301
214.22,0.1636
214.24,0.2348
214.25,0.2891
214.27,0.4478
214.29,0.6949
214.3,0.8614
214.32,1.304
214.34,1.927
214.35,2.32
214.37,3.298
214.39,4.565
214.4,5.317
214.42,7.067
214.44,9.141
214.45,10.29
214.47,12.78
214.49,15.44
214.5,16.8
214.52,19.48
214.53,20.77
214.55,23.12
214.57,25.05
214.58,25.81
214.6,26.85
214.62,27.18
214.63,27.08
214.65,26.34
214.67,24.98
214.68,24.11
214.7,22.09
214.72,19.88
214.73,18.79
214.75,16.82
214.77,15.37
214.78,14.96
214.8,14.98
214.82,16.52
214.83,18.01
214.85,22.76
214.87,30.35
214.88,35.41
214.9,48.39
214.91,56.46
214.93,76.0
214.95,100.3
214.96,114.2
214.98,145.3
215.0,180.1
215.01,198.6
215.03,236.5
215.05,274.2
215.06,292.2
215.08,325.2
215.1,352.3
215.11,362.9
215.13,377.4
215.15,381.9
215.16,380.3
215.18,369.5
215.2,349.4
215.21,336.3
215.23,305.3
215.25,269.8
215.26,251.1
215.28,213.1
215.29,194.3
215.31,158.4
215.33,125.7
215.34,110.9
215.36,84.59
215.38,62.87
215.39,53.69
215.41,38.41
215.43,26.81
215.44,22.2
215.46,14.96
215.48,9.86
215.49,7.943
215.51,5.081
215.53,3.195
215.54,2.52
215.56,1.553
215.58,0.9486
215.59,0.74
215.61,0.4502
215.63,0.2751
215.64,0.2158
215.66,0.1343
215.67,0.1068
215.69,0.06883
215.71,0.04577
215.72,0.03782
215.74,0.02661
215.76,0.01959
215.77,0.01717
215.79,0.01395
215.81,0.01258
215.82,0.01258
215.84,0.01412
215.86,0.01817
215.87,0.02139
215.89,0.03095
215.91,0.04588
215.92,0.0559
215.94,0.08233
215.96,0.1192
215.97,0.1423
215.99,0.1993
216.0,0.2338
216.02,0.3157
216.04,0.4158
216.05,0.4727
216.07,0.5995
216.09,0.7411
216.1,0.8162
216.12,0.9714
216.14,1.127
216.15,1.203
216.17,1.343
216.19,1.464
216.2,1.514
216.22,1.591
216.24,1.633
216.25,1.641
216.27,1.635
216.29,1.605
216.3,1.585
216.32,1.548
216.34,1.537
216.35,1.552
216.37,1.65
216.38,1.746
216.4,2.071
216.42,2.64
216.43,3.043
216.45,4.153
216.47,5.763
216.48,6.793
216.5,9.378
216.52,12.75
216.53,14.77
216.55,19.48
216.57,25.1
216.58,28.23
216.6,35.07
216.62,42.51
216.63,46.37
216.65,54.17
216.67,61.77
216.68,65.39
216.7,72.01
216.72,77.57
216.73,79.87
216.75,83.41
216.76,84.62
216.78,85.95
216.8,85.88
216.81,85.37
216.83,83.52
216.85,80.75
216.86,79.09
216.88,75.32
216.9,71.1
216.91,68.85
216.93,64.14
216.95,59.19
216.96,56.63
216.98,51.41
217.0,46.09
217.01,43.41
217.03,38.09
217.05,32.94
217.06,30.46
217.08,25.79
217.1,21.63
217.11,19.78
217.13,16.62
217.14,15.33
217.16,13.42
217.18,12.44
217.19,12.33
217.21,12.91
217.23,14.6
217.24,15.88
217.26,19.31
217.28,23.88
217.29,26.59
217.31,32.74
217.33,39.72
217.34,43.43
217.36,51.1
217.38,58.73
217.39,62.39
217.41,69.1
217.43,74.61
217.44,76.78
217.46,79.75
217.47,80.49
217.49,80.41
217.51,78.26
217.52,76.45
217.54,71.57
217.56,65.28
217.57,61.75
217.59,54.21
217.61,46.4
217.62,42.54
217.64,35.1
217.66,28.29
217.67,25.18
217.69,19.64
217.71,15.01
217.72,13.04
217.74,9.72
217.76,7.153
217.77,6.113
217.79,4.444
217.81,3.222
217.82,2.743
217.84,1.993
217.85,1.701
217.87,1.244
217.89,0.9133
217.9,0.7831
217.92,0.5754
217.94,0.421
217.95,0.3592
217.97,0.2593
217.99,0.1848
218.0,0.1552
218.02,0.1084
218.04,0.07525
218.05,0.06299
218.07,0.04602
218.09,0.03877
218.1,0.03907
218.12,0.04955
218.14,0.07865
218.15,0.1036
218.17,0.1851
218.19,0.3323
218.2,0.443
218.22,0.7755
218.23,1.017
218.25,1.719
218.27,2.831
218.28,3.599
218.3,5.704
218.32,8.809
218.33,10.84
218.35,16.1
218.37,23.28
218.38,27.73
218.4,38.56
218.42,52.22
218.43,60.18
218.45,78.35
218.47,99.36
218.48,110.8
218.5,135.0
218.52,160.3
218.53,172.9
218.55,197.3
218.57,219.3
218.58,228.9
218.6,244.6
218.61,250.3
218.63,257.0
218.65,257.0
218.66,254.5
218.68,244.6
218.7,229.0
218.71,219.4
218.73,197.4
218.75,173.1
218.76,160.4
218.78,135.2
218.8,111.0
218.81,99.54
218.83,78.58
218.85,60.46
218.86,52.55
218.88,38.99
218.9,28.32
218.91,23.98
218.93,17.09
218.94,14.43
218.96,10.47
218.98,8.026
218.99,7.274
219.01,6.547
219.03,6.675
219.04,7.003
219.06,8.093
219.08,9.654
219.09,10.57
219.11,12.62
219.13,14.84
219.14,15.99
219.16,18.29
219.18,20.53
219.19,21.61
219.21,23.7
219.23,25.77
219.24,26.85
219.26,29.26
219.28,32.37
219.29,34.34
219.31,39.54
219.32,42.95
219.34,51.89
219.36,64.39
219.37,72.23
219.39,91.55
219.41,116.2
219.42,130.6
219.44,163.5
219.46,201.5
219.47,222.1
219.49,265.7
219.51,311.1
219.52,333.8
219.54,377.6
219.56,417.6
219.57,435.4
219.59,465.7
219.61,487.6
219.62,495.2
219.64,503.6
219.66,503.4
219.67,500.4
219.69,489.7
219.7,482.4
219.72,465.1
219.74,445.9
219.75,436.2
219.77,417.4
219.79,400.7
219.8,393.5
219.82,382.1
219.84,375.6
219.85,374.5
219.87,377.6
219.89,388.7
219.9,397.6
219.92,423.2
219.94,459.6
219.95,482.1
219.97,535.4
219.99,598.5
220.0,633.1
220.02,706.2
220.04,780.8
220.05,817.0
220.07,884.0
220.08,913.3
220.1,960.4
220.12,988.4
220.13,994.2
220.15,988.3
220.17,959.1
220.18,936.2
220.2,875.5
220.22,798.8
220.23,755.9
220.25,664.6
220.27,570.6
220.28,524.1
220.3,435.2
220.32,354.4
220.33,317.9
220.35,253.5
220.37,201.2
220.38,179.6
220.4,144.5
220.41,130.8
220.43,109.9
220.45,96.45
220.46,91.89
220.48,86.15
220.5,83.76
220.51,83.5
220.53,84.38
220.55,86.94
220.56,88.88
220.58,94.35
220.6,102.7
220.61,108.2
220.63,122.9
220.65,143.4
220.66,156.3
220.68,187.9
220.7,227.9
220.71,251.1
220.73,304.1
220.75,364.9
220.76,397.8
220.78,467.2
220.79,503.2
220.81,576.0
220.83,647.3
220.84,681.5
220.86,745.5
220.88,801.9
220.89,826.9
220.91,869.9
220.93,904.0
220.94,918.1
220.96,941.2
220.98,959.3
220.99,967.1
221.01,981.2
221.03,994.4
221.04,1001.0
221.06,1013.0
221.08,1023.0
221.09,1027.0
221.11,1031.0
221.13,1027.0
221.14,1021.0
221.16,1001.0
221.17,986.1
221.19,946.8
221.21,894.3
221.22,863.5
221.24,794.0
221.26,716.2
221.27,675.2
221.29,591.4
221.31,508.0
221.32,467.5
221.34,391.2
221.36,323.2
221.37,293.0
221.39,241.6
221.41,203.5
221.42,189.8
221.44,173.7
221.46,173.7
221.47,179.9
221.49,205.2
221.51,248.2
221.52,276.3
221.54,345.6
221.55,386.5
221.57,479.9
221.59,586.2
221.6,643.2
221.62,761.5
221.64,881.1
221.65,939.4
221.67,1049.0
221.69,1144.0
221.7,1184.0
221.72,1245.0
221.74,1280.0
221.75,1286.0
221.77,1277.0
221.79,1239.0
221.8,1210.0
221.82,1136.0
221.84,1044.0
221.85,992.7
221.87,884.0
221.88,827.9
221.9,715.5
221.92,606.5
221.93,554.5
221.95,457.1
221.97,370.2
221.98,330.9
222.0,261.1
222.02,202.7
222.03,177.5
222.05,134.6
222.07,100.7
222.08,86.8
222.1,64.14
222.12,47.58
222.13,41.29
222.15,32.22
222.17,27.36
222.18,26.4
222.2,27.33
222.22,32.1
222.23,36.0
222.25,47.01
222.26,54.22
222.28,72.27
222.3,95.41
222.31,108.9
222.33,139.8
222.35,175.3
222.36,194.5
222.38,235.2
222.4,277.4
222.41,298.4
222.43,338.9
222.45,375.1
222.46,391.0
222.48,416.6
222.5,432.8
222.51,436.9
222.53,436.9
222.55,425.9
222.56,416.5
222.58,390.8
222.6,357.4
222.61,338.6
222.63,298.1
222.64,277.1
222.66,234.8
222.68,194.0
222.69,174.7
222.71,139.0
222.73,107.9
222.74,94.12
222.76,70.37
222.78,51.36
222.79,43.49
222.81,30.66
222.83,21.15
222.84,17.44
222.86,11.71
222.88,7.762
222.89,6.3
222.91,4.147
222.93,2.751
222.94,2.255
222.96,1.548
222.97,1.299
222.99,0.9438
223.01,0.7158
223.02,0.633
223.04,0.5084
223.06,0.4207
223.07,0.3863
223.09,0.3312
223.11,0.2902
223.12,0.274
223.14,0.2495
223.16,0.2344
223.17,0.2302
223.19,0.2285
223.21,0.2354
223.22,0.2421
223.24,0.2618
223.26,0.2898
223.27,0.3066
223.29,0.3456
223.31,0.3904
223.32,0.4144
223.34,0.4641
223.35,0.4892
223.37,0.5376
223.39,0.5812
223.4,0.6002
223.42,0.6306
223.44,0.6488
223.45,0.6529
223.47,0.6502
223.49,0.6331
223.5,0.6195
223.52,0.5834
223.54,0.5375
223.55,0.5118
223.57,0.4572
223.59,0.4012
223.6,0.3736
223.62,0.3212
223.64,0.2742
223.65,0.2534
223.67,0.2176
223.69,0.1901
223.7,0.1794
223.72,0.1638
223.73,0.1586
223.75,0.1528
223.77,0.152
223.78,0.153
223.8,0.1568
223.82,0.1621
223.83,0.1649
223.85,0.1702
223.87,0.1742
223.88,0.1756
223.9,0.1769
223.92,0.176
223.93,0.1747
223.95,0.1708
223.97,0.1653
223.98,0.162
224.0,0.155
224.02,0.1477
224.03,0.1442
224.05,0.1375
224.07,0.1317
224.08,0.1293
224.1,0.1253
224.11,0.1237
224.13,0.1215
224.15,0.1201
224.16,0.1196
224.18,0.119
224.2,0.1184
224.21,0.1181
224.23,0.1172
224.25,0.1159
224.26,0.1152
224.28,0.1137
224.3,0.1123
224.31,0.1119
224.33,0.1118
224.35,0.1134
224.36,0.1149
224.38,0.12
224.4,0.128
224.41,0.1332
224.43,0.1462
224.44,0.154
224.46,0.1722
224.48,0.1935
224.49,0.2052
224.51,0.2304
224.53,0.2575
224.54,0.2715
224.56,0.3004
224.58,0.33
224.59,0.345
224.61,0.3757
224.63,0.4077
224.64,0.4244
224.66,0.4602
224.68,0.5005
224.69,0.5229
224.71,0.5739
224.73,0.6348
224.74,0.6698
224.76,0.7503
224.78,0.8462
224.79,0.9004
224.81,1.022
224.82,1.089
224.84,1.237
224.86,1.399
224.87,1.486
224.89,1.666
224.91,1.854
224.92,1.949
224.94,2.139
224.96,2.324
224.97,2.413
224.99,2.583
225.01,2.738
225.02,2.809
225.04,2.939
225.06,3.049
225.07,3.096
225.09,3.177
225.11,3.239
225.12,3.263
225.14,3.299
225.16,3.319
225.17,3.324
225.19,3.325
225.2,3.322
225.22,3.308
225.24,3.286
225.25,3.273
225.27,3.24
225.29,3.198
225.3,3.174
225.32,3.117
225.34,3.046
225.35,3.005
225.37,2.909
225.39,2.796
225.4,2.734
225.42,2.596
225.44,2.446
225.45,2.369
225.47,2.211
225.49,2.056
225.5,1.983
225.52,1.848
225.54,1.737
225.55,1.692
225.57,1.628
225.58,1.611
225.6,1.608
225.62,1.652
225.63,1.693
225.65,1.813
225.67,1.987
225.68,2.095
225.7,2.35
225.72,2.658
225.73,2.83
225.75,3.208
225.77,3.623
225.78,3.843
225.8,4.297
225.82,4.764
225.83,4.998
225.85,5.458
225.87,5.901
225.88,6.111
225.9,6.506
225.91,6.688
225.93,7.02
225.95,7.309
225.96,7.439
225.98,7.681
226.0,7.92
226.01,8.051
226.03,8.374
226.05,8.845
226.06,9.168
226.08,10.07
226.1,11.45
226.11,12.37
226.13,14.8
226.15,18.18
226.16,20.29
226.18,25.45
226.2,31.99
226.21,35.8
226.23,44.47
226.25,54.46
226.26,59.88
226.28,71.33
226.29,77.25
226.31,89.13
226.33,100.5
226.34,105.8
226.36,115.3
226.38,122.6
226.39,125.3
226.41,128.5
226.43,128.7
226.44,127.6
226.46,123.3
226.48,116.2
226.49,111.9
226.51,101.8
226.53,90.64
226.54,84.82
226.56,73.19
226.58,62.14
226.59,57.01
226.61,47.88
226.63,40.61
226.64,37.79
226.66,33.94
226.67,32.97
226.69,33.1
226.71,36.1
226.72,38.71
226.74,46.23
226.76,56.79
226.77,63.18
226.79,78.07
226.81,95.46
226.82,104.9
226.84,125.0
226.86,145.7
226.87,156.0
226.89,175.9
226.91,193.7
226.92,201.4
226.94,214.0
226.96,222.0
226.97,224.0
226.99,224.1
227.01,218.8
227.02,214.3
227.04,201.8
227.05,194.1
227.07,176.4
227.09,156.6
227.1,146.3
227.12,125.7
227.14,106.1
227.15,96.96
227.17,80.82
227.19,68.22
227.2,63.54
227.22,58.11
227.24,58.89
227.25,62.05
227.27,75.03
227.29,98.62
227.3,115.2
227.32,159.5
227.34,221.4
227.35,259.8
227.37,353.5
227.38,409.4
227.4,540.1
227.42,696.5
227.43,784.0
227.45,975.6
227.47,1185.0
227.48,1295.0
227.5,1516.0
227.52,1734.0
227.53,1837.0
227.55,2025.0
227.57,2179.0
227.58,2240.0
227.6,2323.0
227.62,2352.0
227.63,2345.0
227.65,2289.0
227.67,2181.0
227.68,2109.0
227.7,1938.0
227.72,1737.0
227.73,1630.0
227.75,1409.0
227.76,1299.0
227.78,1083.0
227.8,881.6
227.81,788.3
227.83,619.3
227.85,475.2
227.86,412.7
227.88,306.1
227.9,222.1
227.91,187.8
227.93,132.3
227.95,91.6
227.96,75.84
227.98,51.61
228.0,34.98
228.01,28.83
228.03,19.77
228.05,13.84
228.06,11.71
228.08,8.623
228.1,6.6
228.11,5.857
228.13,4.731
228.14,4.299
228.16,3.616
228.18,3.109
228.19,2.907
228.21,2.59
228.23,2.38
228.24,2.314
228.26,2.254
228.28,2.287
228.29,2.337
228.31,2.493
228.33,2.713
228.34,2.841
228.36,3.119
228.38,3.406
228.39,3.546
228.41,3.803
228.43,4.014
228.44,4.096
228.46,4.209
228.48,4.248
228.49,4.239
228.51,4.173
228.52,4.118
228.54,3.976
228.56,3.806
228.57,3.717
228.59,3.547
228.61,3.401
228.62,3.341
228.64,3.256
228.66,3.219
228.67,3.218
228.69,3.244
228.71,3.299
228.72,3.332
228.74,3.396
228.76,3.443
228.77,3.454
228.79,3.443
228.81,3.379
228.82,3.325
228.84,3.174
228.85,3.078
228.87,2.848
228.89,2.579
228.9,2.434
228.92,2.133
228.94,1.83
228.95,1.683
228.97,1.404
228.99,1.156
229.0,1.046
229.02,0.8576
229.04,0.7148
229.05,0.661
229.07,0.5886
229.09,0.5621
229.1,0.5652
229.12,0.6025
229.14,0.6777
229.15,0.7282
229.17,0.8522
229.19,1.002
229.2,1.086
229.22,1.265
229.23,1.359
229.25,1.554
229.27,1.753
229.28,1.852
229.3,2.046
229.32,2.231
229.33,2.319
229.35,2.483
229.37,2.63
229.38,2.696
229.4,2.813
229.42,2.908
229.43,2.948
229.45,3.015
229.47,3.069
229.48,3.094
229.5,3.149
229.52,3.225
229.53,3.277
229.55,3.43
229.57,3.673
229.58,3.839
229.6,4.281
229.61,4.567
229.63,5.289
229.65,6.232
229.66,6.792
229.68,8.091
229.7,9.62
229.71,10.46
229.73,12.28
229.75,14.21
229.76,15.19
229.78,17.14
229.8,18.98
229.81,19.83
229.83,21.33
229.85,22.5
229.86,22.95
229.88,23.54
229.9,23.74
229.91,23.71
229.93,23.46
229.95,23.07
229.96,22.88
229.98,22.69
229.99,22.76
230.01,23.46
230.03,25.27
230.04,26.73
230.06,31.11
230.08,37.89
230.09,42.36
230.11,53.81
230.13,69.04
230.14,78.2
230.16,99.75
230.18,125.6
230.19,140.1
230.21,171.9
230.23,206.6
230.24,224.7
230.26,261.4
230.28,297.3
230.29,314.3
230.31,345.3
230.32,358.7
230.34,380.4
230.36,394.1
230.37,397.6
230.39,397.5
230.41,388.2
230.42,380.2
230.44,358.4
230.46,329.9
230.47,313.7
230.49,278.7
230.51,241.8
230.52,223.3
230.54,187.0
230.56,153.0
230.57,137.2
230.59,108.4
230.61,83.65
230.62,72.87
230.64,54.37
230.66,39.69
230.67,33.65
230.69,23.84
230.7,19.93
230.72,13.8
230.74,9.492
230.75,7.881
230.77,5.509
230.79,4.003
230.8,3.493
230.82,2.826
230.84,2.496
230.85,2.418
230.87,2.375
230.89,2.423
230.9,2.464
230.92,2.554
230.94,2.632
230.95,2.661
230.97,2.688
230.99,2.672
231.0,2.648
231.02,2.573
231.04,2.47
231.05,2.413
231.07,2.296
231.08,2.241
231.1,2.15
231.12,2.096
231.13,2.088
231.15,2.115
231.17,2.208
231.18,2.279
231.2,2.47
231.22,2.72
231.23,2.863
231.25,3.173
231.27,3.5
231.28,3.663
231.3,3.97
231.32,4.233
231.33,4.342
231.35,4.501
231.37,4.571
231.38,4.57
231.4,4.494
231.42,4.322
231.43,4.203
231.45,3.909
231.46,3.737
231.48,3.36
231.5,2.952
231.51,2.744
231.53,2.332
231.55,1.939
231.56,1.754
231.58,1.414
231.6,1.118
231.61,0.9891
231.63,0.7675
231.65,0.5942
231.66,0.5249
231.68,0.419
231.7,0.3539
231.71,0.3358
231.73,0.3275
231.75,0.3562
231.76,0.3849
231.78,0.4729
231.79,0.5334
231.81,0.6907
231.83,0.9023
231.84,1.031
231.86,1.337
231.88,1.712
231.89,1.927
231.91,2.41
231.93,2.959
231.94,3.256
231.96,3.882
231.98,4.533
231.99,4.86
232.01,5.498
232.03,6.084
232.04,6.348
232.06,6.796
232.08,7.114
232.09,7.218
232.11,7.306
232.13,7.23
232.14,7.132
232.16,6.823
232.17,6.617
232.19,6.121
232.21,5.537
232.22,5.223
232.24,4.571
232.26,3.914
232.27,3.593
232.29,2.982
232.31,2.426
232.32,2.174
232.34,1.726
232.36,1.356
232.37,1.202
232.39,0.9537
232.41,0.7854
232.42,0.7312
232.44,0.6838
232.46,0.7211
232.47,0.7736
232.49,0.9524
232.51,1.24
232.52,1.429
232.54,1.907
232.55,2.199
232.57,2.899
232.59,3.757
232.6,4.246
232.62,5.338
232.64,6.566
232.65,7.222
232.67,8.59
232.69,9.989
232.7,10.68
232.72,12.01
232.74,13.19
232.75,13.71
232.77,14.57
232.79,15.15
232.8,15.32
232.82,15.43
232.84,15.24
232.85,15.04
232.87,14.47
232.88,14.11
232.9,13.33
232.92,12.51
232.93,12.12
232.95,11.45
232.97,11.01
232.98,10.91
233.0,10.97
233.02,11.46
233.03,11.89
233.05,13.11
233.07,14.86
233.08,15.94
233.1,18.48
233.12,21.51
233.13,23.2
233.15,26.86
233.17,30.82
233.18,32.87
233.2,37.03
233.22,41.13
233.23,43.1
233.25,46.75
233.26,48.38
233.28,51.14
233.3,53.09
233.31,53.72
233.33,54.22
233.35,53.68
233.36,53.01
233.38,50.93
233.4,47.94
233.41,46.16
233.43,42.14
233.45,37.69
233.46,35.37
233.48,30.72
233.5,26.2
233.51,24.05
233.53,20.09
233.55,16.68
233.56,15.22
233.58,12.8
233.6,11.1
233.61,10.52
233.63,9.898
233.64,9.84
233.66,10.2
233.68,11.13
233.69,11.78
233.71,13.39
233.73,15.3
233.74,16.33
233.76,18.45
233.78,20.51
233.79,21.48
233.81,23.21
233.83,24.56
233.84,25.05
233.86,25.65
233.88,25.67
233.89,25.48
233.91,24.67
233.93,23.38
233.94,22.59
233.96,20.76
233.98,18.75
233.99,17.71
234.01,15.7
234.02,14.75
234.04,13.09
234.06,11.85
234.07,11.44
234.09,11.13
234.11,11.61
234.12,12.19
234.14,14.11
234.16,17.15
234.17,19.12
234.19,24.0
234.21,30.18
234.22,33.74
234.24,41.77
234.26,50.87
234.27,55.75
234.29,65.95
234.31,76.43
234.32,81.63
234.34,91.63
234.35,96.29
234.37,104.7
234.39,111.3
234.4,113.9
234.42,117.3
234.44,118.3
234.45,117.8
234.47,115.1
234.49,110.2
234.5,107.1
234.52,99.62
234.54,91.06
234.55,86.55
234.57,77.41
234.59,68.59
234.6,64.45
234.62,56.99
234.64,50.91
234.65,48.47
234.67,44.87
234.69,43.03
234.7,42.74
234.72,43.37
234.73,44.22
234.75,46.82
234.77,50.3
234.78,52.25
234.8,56.3
234.82,60.2
234.83,61.96
234.85,64.89
234.87,66.77
234.88,67.24
234.9,67.17
234.92,65.71
234.93,64.47
234.95,61.08
234.97,56.62
234.98,54.07
235.0,48.53
235.02,42.65
235.03,39.67
235.05,33.8
235.07,28.24
235.08,25.63
235.1,20.85
235.11,18.69
235.13,14.87
235.15,11.7
235.16,10.35
235.18,8.085
235.2,6.339
235.21,5.637
235.23,4.525
235.25,3.745
235.26,3.459
235.28,3.063
235.3,2.865
235.31,2.83
235.33,2.869
235.35,3.034
235.36,3.158
235.38,3.474
235.4,3.866
235.41,4.083
235.43,4.542
235.45,5.012
235.46,5.242
235.48,5.674
235.49,5.868
235.51,6.2
235.53,6.439
235.54,6.52
235.56,6.604
235.58,6.59
235.59,6.552
235.61,6.432
235.63,6.289
235.64,6.224
235.66,6.145
235.68,6.189
235.69,6.278
235.71,6.639
235.73,7.301
235.74,7.767
235.76,9.005
235.78,10.69
235.79,11.72
235.81,14.14
235.82,15.54
235.84,18.68
235.86,22.26
235.87,24.19
235.89,28.25
235.91,32.48
235.92,34.61
235.94,38.78
235.96,42.7
235.97,44.5
235.99,47.7
236.01,50.2
236.02,51.16
236.04,52.42
236.06,52.76
236.07,52.59
236.09,51.57
236.11,49.73
236.12,48.53
236.14,45.69
236.16,42.38
236.17,40.62
236.19,36.97
236.2,35.14
236.22,31.58
236.24,28.29
236.25,26.79
236.27,24.17
236.29,22.14
236.3,21.38
236.32,20.39
236.34,20.18
236.35,20.38
236.37,21.4
236.39,23.28
236.4,24.55
236.42,27.76
236.44,31.9
236.45,34.33
236.47,39.94
236.49,46.59
236.5,50.33
236.52,58.68
236.54,68.22
236.55,73.45
236.57,84.8
236.58,90.91
236.6,103.9
236.62,117.7
236.63,124.7
236.65,139.0
236.67,152.9
236.68,159.5
236.7,171.7
236.72,181.8
236.73,185.9
236.75,191.9
236.77,194.4
236.78,194.3
236.8,191.4
236.82,185.0
236.83,180.6
236.85,169.5
236.87,156.2
236.88,148.9
236.9,133.5
236.92,117.7
236.93,109.9
236.95,95.03
236.96,88.09
236.98,75.59
237.0,65.33
237.01,61.19
237.03,55.11
237.05,52.26
237.06,52.15
237.08,54.72
237.1,61.25
237.11,66.09
237.13,79.0
237.15,96.31
237.16,106.6
237.18,130.4
237.2,158.1
237.21,173.2
237.23,205.4
237.25,239.2
237.26,256.3
237.28,289.9
237.29,306.0
237.31,335.7
237.33,360.7
237.34,370.9
237.36,386.2
237.38,393.6
237.39,394.3
237.41,389.4
237.43,376.7
237.44,367.6
237.46,344.7
237.48,316.7
237.49,301.2
237.51,268.6
237.53,234.9
237.54,218.1
237.56,185.5
237.58,155.1
237.59,140.9
237.61,115.1
237.63,92.84
237.64,83.07
237.66,66.21
237.67,59.07
237.69,47.18
237.71,38.19
237.72,34.66
237.74,29.3
237.76,25.88
237.77,24.8
237.79,23.68
237.81,23.74
237.82,24.15
237.84,25.6
237.86,27.79
237.87,29.14
237.89,32.35
237.91,36.26
237.92,38.51
237.94,43.7
237.96,50.01
237.97,53.65
237.99,62.12
238.01,72.41
238.02,78.32
238.04,91.84
238.05,99.47
238.07,116.5
238.09,135.9
238.1,146.4
238.12,168.5
238.14,191.8
238.15,203.6
238.17,226.7
238.19,248.5
238.2,258.5
238.22,275.9
238.24,289.1
238.25,293.8
238.27,299.0
238.29,298.3
238.3,295.8
238.32,286.5
238.34,272.0
238.35,263.0
238.37,242.3
238.39,218.9
238.4,206.5
238.42,181.2
238.43,168.6
238.45,143.9
238.47,120.6
238.48,109.8
238.5,89.81
238.52,72.45
238.53,64.77
238.55,51.42
238.57,40.63
238.58,36.13
238.6,28.81
238.62,23.51
238.63,21.55
238.65,18.87
238.67,17.69
238.68,17.62
238.7,18.4
238.72,20.32
238.73,21.66
238.75,25.0
238.76,26.97
238.78,31.38
238.8,36.23
238.81,38.75
238.83,43.81
238.85,48.66
238.86,50.91
238.88,54.91
238.9,58.02
238.91,59.18
238.93,60.6
238.95,60.77
238.96,60.38
238.98,58.68
239.0,55.85
239.01,54.08
239.03,49.92
239.05,45.18
239.06,42.67
239.08,37.54
239.1,32.44
239.11,29.97
239.13,25.3
239.14,23.13
239.16,19.21
239.18,15.9
239.19,14.5
239.21,12.21
239.23,10.66
239.24,10.17
239.26,9.82
239.28,10.38
239.29,11.03
239.31,13.18
239.33,16.62
239.34,18.88
239.36,24.62
239.38,32.17
239.39,36.69
239.41,47.31
239.43,60.18
239.44,67.49
239.46,83.86
239.48,102.6
239.49,112.9
239.51,135.2
239.52,147.3
239.54,173.6
239.56,202.9
239.57,218.9
239.59,254.3
239.61,295.2
239.62,318.3
239.64,370.9
239.66,433.6
239.67,469.4
239.69,551.2
239.71,647.4
239.72,701.1
239.74,819.6
239.76,951.4
239.77,1021.0
239.79,1167.0
239.81,1315.0
239.82,1388.0
239.84,1528.0
239.86,1651.0
239.87,1705.0
239.89,1791.0
239.9,1823.0
239.92,1858.0
239.94,1856.0
239.95,1841.0
239.97,1782.0
239.99,1689.0
240.0,1631.0
240.02,1497.0
240.04,1345.0
240.05,1265.0
240.07,1100.0
240.09,937.0
240.1,857.8
240.12,707.5
240.14,571.5
240.15,509.7
240.17,399.3
240.19,307.1
240.2,267.6
240.22,201.1
240.23,173.6
240.25,129.3
240.27,97.35
240.28,85.33
240.3,68.07
240.32,58.37
240.33,55.85
240.35,54.66
240.37,57.58
240.38,60.25
240.4,67.47
240.42,76.49
240.43,81.44
240.45,91.77
240.47,102.1
240.48,107.1
240.5,116.4
240.52,124.4
240.53,127.7
240.55,132.9
240.57,136.0
240.58,136.7
240.6,136.5
240.61,135.6
240.63,132.3
240.65,127.3
240.66,124.2
240.68,117.2
240.7,109.2
240.71,104.9
240.73,96.23
240.75,87.44
240.76,83.11
240.78,74.76
240.8,67.04
240.81,63.5
240.83,57.17
240.85,52.04
240.86,49.98
240.88,46.95
240.9,45.49
240.91,45.37
240.93,46.33
240.95,48.87
240.96,50.69
240.98,55.29
240.99,58.01
241.01,64.09
241.03,70.68
241.04,74.05
241.06,80.64
241.08,86.7
241.09,89.4
241.11,93.93
241.13,97.08
241.14,98.08
241.16,98.87
241.18,98.08
241.19,97.12
241.21,94.2
241.23,90.13
241.24,87.75
241.26,82.51
241.28,76.85
241.29,73.94
241.31,68.12
241.33,62.43
241.34,59.67
241.36,54.36
241.37,51.83
241.39,46.98
241.41,42.42
241.42,40.24
241.44,36.05
241.46,32.06
241.47,30.14
241.49,26.43
241.51,22.92
241.52,21.25
241.54,18.08
241.56,15.17
241.57,13.83
241.59,11.37
241.61,9.243
241.62,8.302
241.64,6.661
241.66,5.332
241.67,4.776
241.69,3.862
241.7,3.495
241.72,2.916
241.74,2.511
241.75,2.361
241.77,2.145
241.79,2.011
241.8,1.965
241.82,1.899
241.84,1.852
241.85,1.83
241.87,1.782
241.89,1.722
241.9,1.686
241.92,1.601
241.94,1.501
241.95,1.446
241.97,1.331
241.99,1.212
242.0,1.153
242.02,1.042
242.04,0.9443
242.05,0.9026
242.07,0.837
242.08,0.8146
242.1,0.7938
242.12,0.8093
242.13,0.8321
242.15,0.9108
242.17,1.037
242.18,1.119
242.2,1.324
242.22,1.586
242.23,1.738
242.25,2.086
242.27,2.49
242.28,2.712
242.3,3.189
242.32,3.704
242.33,3.97
242.35,4.511
242.37,5.045
242.38,5.302
242.4,5.784
242.42,6.202
242.43,6.38
242.45,6.661
242.46,6.762
242.48,6.874
242.5,6.864
242.51,6.813
242.53,6.627
242.55,6.337
242.56,6.16
242.58,5.754
242.6,5.303
242.61,5.068
242.63,4.601
242.65,4.155
242.66,3.948
242.68,3.579
242.7,3.283
242.71,3.167
242.73,3.0
242.75,2.924
242.76,2.921
242.78,2.978
242.79,3.038
242.81,3.212
242.83,3.449
242.84,3.588
242.86,3.894
242.88,4.229
242.89,4.402
242.91,4.75
242.93,5.089
242.94,5.251
242.96,5.555
242.98,5.824
242.99,5.944
243.01,6.158
243.03,6.342
243.04,6.428
243.06,6.607
243.08,6.829
243.09,6.974
243.11,7.388
243.13,8.058
243.14,8.534
243.16,9.888
243.17,10.82
243.19,13.39
243.21,17.17
243.22,19.64
243.24,26.06
243.26,34.87
243.27,40.35
243.29,53.86
243.31,71.25
243.32,81.56
243.34,105.7
243.36,134.8
243.37,151.1
243.39,187.5
243.41,228.2
243.42,249.8
243.44,295.1
243.46,341.5
243.47,364.5
243.49,409.0
243.51,449.5
243.52,467.5
243.54,497.9
243.55,509.8
243.57,526.1
243.59,531.7
243.6,530.3
243.62,519.4
243.64,498.3
243.65,484.2
243.67,450.4
243.69,410.7
243.7,389.2
243.72,344.6
243.74,299.6
243.75,277.5
243.77,235.3
243.79,196.7
243.8,179.1
243.82,147.6
243.84,121.2
243.85,109.9
243.87,90.73
243.89,75.91
243.9,69.92
243.92,60.31
243.93,56.52
243.95,50.55
243.97,46.2
243.98,44.46
244.0,41.58
244.02,39.21
244.03,38.13
244.05,36.08
244.07,34.1
244.08,33.14
244.1,31.25
244.12,29.47
244.13,28.65
244.15,27.18
244.17,26.0
244.18,25.54
244.2,24.91
244.22,24.65
244.23,24.65
244.25,24.92
244.26,25.17
244.28,25.83
244.3,26.64
244.31,27.07
244.33,27.91
244.35,28.66
244.36,28.97
244.38,29.43
244.4,29.6
244.41,29.58
244.43,29.3
244.45,28.7
244.46,28.3
244.48,27.28
244.5,26.04
244.51,25.35
244.53,23.87
244.55,22.29
244.56,21.48
244.58,19.85
244.6,18.25
244.61,17.48
244.63,15.98
244.64,15.26
244.66,13.91
244.68,12.68
244.69,12.11
244.71,11.05
244.73,10.1
244.74,9.672
244.76,8.883
244.78,8.184
244.79,7.866
244.81,7.281
244.83,6.758
244.84,6.517
244.86,6.069
244.88,5.661
244.89,5.471
244.91,5.112
244.93,4.782
244.94,4.626
244.96,4.333
244.98,4.062
244.99,3.935
245.01,3.697
245.02,3.586
245.04,3.381
245.06,3.2
245.07,3.118
245.09,2.977
245.11,2.867
245.12,2.826
245.14,2.775
245.16,2.768
245.17,2.784
245.19,2.855
245.21,2.981
245.22,3.064
245.24,3.27
245.26,3.522
245.27,3.663
245.29,3.966
245.31,4.284
245.32,4.443
245.34,4.753
245.36,5.035
245.37,5.161
245.39,5.375
245.4,5.461
245.42,5.588
245.44,5.658
245.45,5.674
245.47,5.679
245.49,5.664
245.5,5.658
245.52,5.669
245.54,5.737
245.55,5.804
245.57,6.023
245.59,6.381
245.6,6.618
245.62,7.221
245.64,7.996
245.65,8.447
245.67,9.461
245.69,10.6
245.7,11.2
245.72,12.45
245.73,13.07
245.75,14.29
245.77,15.41
245.78,15.91
245.8,16.78
245.82,17.42
245.83,17.65
245.85,17.91
245.87,17.9
245.88,17.81
245.9,17.48
245.92,16.99
245.93,16.71
245.95,16.14
245.97,15.64
245.98,15.45
246.0,15.25
246.02,15.4
246.03,15.65
246.05,16.53
246.07,18.03
246.08,19.04
246.1,21.64
246.11,23.24
246.13,27.09
246.15,31.84
246.16,34.56
246.18,40.68
246.2,47.71
246.21,51.56
246.23,59.91
246.25,69.06
246.26,73.9
246.28,84.09
246.3,94.81
246.31,100.3
246.33,111.5
246.35,122.8
246.36,128.3
246.38,139.1
246.4,149.1
246.41,153.8
246.43,161.9
246.45,168.4
246.46,170.8
246.48,174.0
246.49,174.7
246.51,174.1
246.53,170.8
246.54,168.2
246.56,161.2
246.58,151.9
246.59,146.5
246.61,134.6
246.63,121.6
246.64,114.9
246.66,101.3
246.68,87.85
246.69,81.37
246.71,69.07
246.73,57.91
246.74,52.82
246.76,43.7
246.78,36.01
246.79,32.69
246.81,27.06
246.83,22.67
246.84,20.89
246.86,18.05
246.87,16.95
246.89,15.3
246.91,14.24
246.92,13.89
246.94,13.51
246.96,13.49
246.97,13.61
246.99,14.07
247.01,14.89
247.02,15.44
247.04,16.87
247.06,18.81
247.07,20.0
247.09,22.88
247.11,26.48
247.12,28.57
247.14,33.33
247.16,38.85
247.17,41.88
247.19,48.37
247.2,51.8
247.22,58.87
247.24,66.01
247.25,69.51
247.27,76.16
247.29,82.08
247.3,84.66
247.32,88.9
247.34,91.72
247.35,92.55
247.37,92.99
247.39,91.8
247.4,90.63
247.42,87.21
247.44,82.55
247.45,79.83
247.47,73.81
247.49,67.25
247.5,63.87
247.52,57.06
247.54,50.4
247.55,47.2
247.57,41.13
247.58,38.3
247.6,33.11
247.62,28.61
247.63,26.62
247.65,23.19
247.67,20.5
247.68,19.43
247.7,17.86
247.72,17.05
247.73,16.93
247.75,17.29
247.77,18.48
247.78,19.38
247.8,21.83
247.82,25.12
247.83,27.08
247.85,31.59
247.87,36.82
247.88,39.67
247.9,45.77
247.92,52.25
247.93,55.58
247.95,62.33
247.96,65.72
247.98,72.46
248.0,79.14
248.01,82.49
248.03,89.29
248.05,96.5
248.06,100.4
248.08,109.1
248.1,119.6
248.11,125.7
248.13,140.1
248.15,158.0
248.16,168.4
248.18,192.4
248.2,220.8
248.21,236.5
248.23,270.9
248.25,308.3
248.26,327.7
248.28,367.2
248.3,406.0
248.31,424.5
248.33,458.6
248.34,473.7
248.36,498.7
248.38,515.8
248.39,520.9
248.41,524.1
248.43,517.7
248.44,511.1
248.46,491.3
248.48,464.1
248.49,448.3
248.51,413.3
248.53,375.9
248.54,356.9
248.56,319.8
248.58,285.5
248.59,269.9
248.61,243.0
248.63,222.5
248.64,214.9
248.66,205.3
248.67,203.3
248.69,204.8
248.71,213.2
248.72,219.7
248.74,236.6
248.76,257.8
248.77,269.6
248.79,294.7
248.81,320.5
248.82,333.3
248.84,358.1
248.86,380.7
248.87,391.1
248.89,409.4
248.91,424.5
248.92,430.9
248.94,441.2
248.96,448.7
248.97,451.4
248.99,455.4
249.01,457.3
249.02,457.7
249.04,457.0
249.05,456.1
249.07,452.7
249.09,447.2
249.1,443.5
249.12,434.0
249.14,421.4
249.15,413.9
249.17,396.3
249.19,375.4
249.2,363.7
249.22,338.4
249.24,310.8
249.25,296.4
249.27,267.0
249.29,237.3
249.3,222.6
249.32,194.1
249.34,167.2
249.35,154.5
249.37,131.0
249.39,110.0
249.4,100.5
249.42,83.43
249.43,75.87
249.45,62.55
249.47,51.46
249.48,46.68
249.5,38.46
249.52,31.83
249.53,29.03
249.55,24.34
249.57,20.67
249.58,19.16
249.6,16.71
249.62,14.88
249.63,14.17
249.65,13.07
249.67,12.33
249.68,12.07
249.7,11.73
249.72,11.58
249.73,11.57
249.75,11.63
249.77,11.81
249.78,11.94
249.8,12.29
249.81,12.5
249.83,13.04
249.85,13.73
249.86,14.15
249.88,15.14
249.9,16.38
249.91,17.11
249.93,18.78
249.95,20.76
249.96,21.87
249.98,24.34
250.0,27.09
250.01,28.56
250.03,31.64
250.05,34.84
250.06,36.45
250.08,39.58
250.1,42.5
250.11,43.84
250.13,46.16
250.14,47.12
250.16,48.58
250.18,49.38
250.19,49.52
250.21,49.33
250.23,48.6
250.24,48.1
250.26,47.01
250.28,46.15
250.29,45.96
250.31,46.5
250.33,48.93
250.34,51.17
250.36,58.43
250.38,70.61
250.39,79.04
250.41,101.8
250.43,134.0
250.44,154.4
250.46,205.1
250.48,270.9
250.49,310.2
250.51,402.2
250.52,455.4
250.54,576.2
250.56,716.1
250.57,792.7
250.59,957.4
250.61,1134.0
250.62,1225.0
250.64,1409.0
250.66,1589.0
250.67,1675.0
250.69,1832.0
250.71,1966.0
250.72,2021.0
250.74,2104.0
250.76,2147.0
250.77,2152.0
250.79,2132.0
250.81,2070.0
250.82,2024.0
250.84,1908.0
250.86,1763.0
250.87,1682.0
250.89,1510.0
250.9,1421.0
250.92,1240.0
250.94,1062.0
250.95,976.8
250.97,816.2
250.99,672.1
251.0,607.1
251.02,491.9
251.04,397.0
251.05,356.9
251.07,291.2
251.09,243.4
251.1,225.9
251.12,202.8
251.14,194.9
251.15,196.6
251.17,211.3
251.19,241.8
251.2,263.5
251.22,320.9
251.24,399.2
251.25,447.1
251.27,562.6
251.28,630.9
251.3,791.1
251.32,985.4
251.33,1096.0
251.35,1347.0
251.37,1639.0
251.38,1800.0
251.4,2154.0
251.42,2550.0
251.43,2763.0
251.45,3215.0
251.47,3700.0
251.48,3952.0
251.5,4470.0
251.52,4995.0
251.53,5256.0
251.55,5766.0
251.57,6245.0
251.58,6466.0
251.6,6863.0
251.61,7033.0
251.63,7308.0
251.65,7484.0
251.66,7532.0
251.68,7543.0
251.7,7441.0
251.71,7349.0
251.73,7090.0
251.75,6742.0
251.76,6541.0
251.78,6096.0
251.8,5613.0
251.81,5365.0
251.83,4867.0
251.85,4383.0
251.86,4151.0
251.88,3715.0
251.9,3321.0
251.91,3142.0
251.93,2817.0
251.95,2537.0
251.96,2411.0
251.98,2184.0
251.99,2082.0
252.01,1896.0
252.03,1727.0
252.04,1649.0
252.06,1500.0
252.08,1362.0
252.09,1297.0
252.11,1175.0
252.13,1066.0
252.14,1018.0
252.16,935.2
252.18,874.1
252.19,852.6
252.21,829.7
252.23,834.6
252.24,847.8
252.26,895.4
252.28,969.8
252.29,1016.0
252.31,1124.0
252.33,1249.0
252.34,1316.0
252.36,1452.0
252.37,1521.0
252.39,1653.0
252.41,1772.0
252.42,1824.0
252.44,1911.0
252.46,1970.0
252.47,1988.0
252.49,1999.0
252.51,1979.0
252.52,1957.0
252.54,1895.0
252.56,1812.0
252.57,1764.0
252.59,1664.0
252.61,1564.0
252.62,1517.0
252.64,1434.0
252.66,1372.0
252.67,1352.0
252.69,1333.0
252.7,1336.0
252.72,1368.0
252.74,1432.0
252.75,1476.0
252.77,1582.0
252.79,1708.0
252.8,1776.0
252.82,1914.0
252.84,2049.0
252.85,2112.0
252.87,2221.0
252.89,2303.0
252.9,2332.0
252.92,2359.0
252.94,2346.0
252.95,2324.0
252.97,2250.0
252.99,2138.0
253.0,2070.0
253.02,1913.0
253.04,1736.0
253.05,1643.0
253.07,1450.0
253.08,1354.0
253.1,1164.0
253.12,983.5
253.13,898.7
253.15,741.8
253.17,603.9
253.18,542.3
253.2,434.2
253.22,345.3
253.23,307.5
253.25,244.0
253.27,194.6
253.28,174.5
253.3,142.0
253.32,117.8
253.33,108.2
253.35,92.9
253.37,81.7
253.38,77.26
253.4,70.14
253.42,64.82
253.43,62.69
253.45,59.25
253.46,57.89
253.48,55.77
253.5,54.38
253.51,53.92
253.53,53.44
253.55,53.48
253.56,53.66
253.58,54.3
253.6,55.2
253.61,55.71
253.63,56.8
253.65,57.85
253.66,58.34
253.68,59.16
253.7,59.71
253.71,59.87
253.73,59.94
253.75,59.65
253.76,59.38
253.78,58.61
253.8,57.58
253.81,56.99
253.83,55.72
253.84,55.07
253.86,53.79
253.88,52.65
253.89,52.16
253.91,51.41
253.93,51.05
253.94,51.04
253.96,51.38
253.98,52.22
253.99,52.84
254.01,54.43
254.03,56.46
254.04,57.61
254.06,60.12
254.08,62.79
254.09,64.14
254.11,66.8
254.13,69.25
254.14,70.35
254.16,72.25
254.17,73.02
254.19,74.13
254.21,74.66
254.22,74.69
254.24,74.33
254.26,73.44
254.27,72.81
254.29,71.29
254.31,69.48
254.32,68.52
254.34,66.55
254.36,64.63
254.37,63.73
254.39,62.11
254.41,60.79
254.42,60.26
254.44,59.5
254.46,59.13
254.47,59.09
254.49,59.26
254.51,59.71
254.52,60.01
254.54,60.71
254.55,61.07
254.57,61.74
254.59,62.22
254.6,62.36
254.62,62.35
254.64,61.9
254.65,61.49
254.67,60.27
254.69,58.53
254.7,57.49
254.72,55.1
254.74,52.39
254.75,50.97
254.77,48.06
254.79,45.21
254.8,43.85
254.82,41.35
254.84,39.23
254.85,38.33
254.87,36.89
254.89,35.92
254.9,35.6
254.92,35.25
254.93,35.19
254.95,35.25
254.97,35.44
254.98,35.55
255.0,35.7
255.02,35.71
255.03,35.63
255.05,35.27
255.07,34.63
255.08,34.21
255.1,33.16
255.12,31.91
255.13,31.22
255.15,29.76
255.17,28.25
255.18,27.51
255.2,26.06
255.22,24.7
255.23,24.06
255.25,22.88
255.27,21.82
255.28,21.32
255.3,20.38
255.31,19.93
255.33,19.04
255.35,18.13
255.36,17.66
255.38,16.68
255.4,15.64
255.41,15.09
255.43,13.96
255.45,12.8
255.46,12.21
255.48,11.04
255.5,9.912
255.51,9.37
255.53,8.35
255.55,7.432
255.56,7.016
255.58,6.275
255.6,5.656
255.61,5.391
255.63,4.944
255.64,4.759
255.66,4.456
255.68,4.229
255.69,4.14
255.71,3.998
255.73,3.895
255.74,3.854
255.76,3.79
255.78,3.744
255.79,3.727
255.81,3.704
255.83,3.699
255.84,3.704
255.86,3.735
255.88,3.803
255.89,3.854
255.91,4.002
255.93,4.226
255.94,4.374
255.96,4.757
255.98,5.282
255.99,5.608
256.01,6.412
256.02,6.899
256.04,8.069
256.06,9.531
256.07,10.38
256.09,12.34
256.11,14.66
256.12,15.95
256.14,18.8
256.16,21.96
256.17,23.65
256.19,27.17
256.21,30.82
256.22,32.66
256.24,36.26
256.26,39.65
256.27,41.23
256.29,44.04
256.31,46.29
256.32,47.18
256.34,48.4
256.36,48.87
256.37,48.81
256.39,48.13
256.4,47.53
256.42,45.84
256.44,43.62
256.45,42.37
256.47,39.68
256.49,36.91
256.5,35.57
256.52,33.07
256.54,31.02
256.55,30.21
256.57,29.15
256.59,28.95
256.6,29.2
256.62,30.46
256.64,32.75
256.65,34.28
256.67,38.08
256.69,42.75
256.7,45.37
256.72,51.05
256.74,57.1
256.75,60.19
256.77,66.28
256.78,69.21
256.8,74.64
256.82,79.24
256.83,81.15
256.85,84.04
256.87,85.56
256.88,85.77
256.9,85.05
256.92,82.88
256.93,81.27
256.95,77.12
256.97,71.9
256.98,68.98
257.0,62.67
257.02,55.98
257.03,52.59
257.05,45.87
257.07,39.45
257.08,36.41
257.1,30.82
257.11,28.3
257.13,23.9
257.15,20.44
257.16,19.1
257.18,17.25
257.2,16.6
257.21,16.77
257.23,18.16
257.25,21.12
257.26,23.25
257.28,28.92
257.3,36.67
257.31,41.39
257.33,52.65
257.35,66.45
257.36,74.34
257.38,92.08
257.4,112.4
257.41,123.4
257.43,146.9
257.45,172.1
257.46,185.1
257.48,211.4
257.49,224.4
257.51,249.8
257.53,273.3
257.54,284.1
257.56,303.1
257.58,317.9
257.59,323.6
257.61,331.0
257.63,332.9
257.64,331.8
257.66,325.6
257.68,314.3
257.69,306.9
257.71,289.2
257.73,268.1
257.74,256.6
257.76,232.2
257.78,207.0
257.79,194.2
257.81,169.1
257.83,145.1
257.84,133.6
257.86,112.1
257.87,102.1
257.89,83.9
257.91,68.0
257.92,60.93
257.94,48.49
257.96,38.18
257.97,33.76
257.99,26.27
258.01,20.39
258.02,17.97
258.04,14.07
258.06,11.22
258.07,10.14
258.09,8.564
258.11,7.655
258.12,7.414
258.14,7.301
258.16,7.615
258.17,7.912
258.19,8.759
258.21,9.911
258.22,10.6
258.24,12.17
258.25,13.06
258.27,15.05
258.29,17.34
258.3,18.61
258.32,21.4
258.34,24.59
258.35,26.34
258.37,30.18
258.39,34.51
258.4,36.86
258.42,41.94
258.44,47.49
258.45,50.43
258.47,56.55
258.49,62.89
258.5,66.09
258.52,72.41
258.54,78.42
258.55,81.24
258.57,86.3
258.58,88.49
258.6,92.04
258.62,94.3
258.63,94.91
258.65,94.98
258.67,93.53
258.68,92.24
258.7,88.61
258.72,83.69
258.73,80.83
258.75,74.43
258.77,67.38
258.78,63.71
258.8,56.25
258.82,48.86
258.83,45.28
258.85,38.45
258.87,32.22
258.88,29.37
258.9,24.26
258.92,19.97
258.93,18.14
258.95,15.09
258.96,13.87
258.98,12.01
259.0,10.88
259.01,10.57
259.03,10.46
259.05,10.97
259.06,11.46
259.08,12.88
259.1,14.9
259.11,16.14
259.13,19.09
259.15,22.68
259.16,24.73
259.18,29.35
259.2,34.64
259.21,37.55
259.23,43.83
259.25,50.68
259.26,54.28
259.28,61.73
259.3,69.36
259.31,73.16
259.33,80.56
259.34,84.09
259.36,90.63
259.38,96.23
259.39,98.59
259.41,102.3
259.43,104.5
259.44,105.0
259.46,104.9
259.48,103.2
259.49,101.9
259.51,98.36
259.53,94.0
259.54,91.63
259.56,86.81
259.58,82.31
259.59,80.35
259.61,77.34
259.63,75.96
259.64,76.04
259.66,78.02
259.68,82.73
259.69,86.2
259.71,95.54
259.72,101.4
259.74,115.7
259.76,133.1
259.77,143.0
259.79,164.8
259.81,188.9
259.82,201.6
259.84,227.8
259.86,254.4
259.87,267.5
259.89,292.7
259.91,315.6
259.92,325.9
259.94,343.4
259.96,356.3
259.97,360.7
259.99,365.3
260.01,363.9
260.02,361.0
260.04,350.9
260.05,343.8
260.07,325.9
260.09,303.8
260.1,291.5
260.12,265.0
260.14,236.9
260.15,222.5
260.17,194.1
260.19,166.5
260.2,153.3
260.22,128.5
260.24,106.3
260.25,96.22
260.27,78.34
260.29,63.51
260.3,57.23
260.32,46.9
260.34,39.4
260.35,36.65
260.37,33.04
260.39,31.75
260.4,31.91
260.42,33.73
260.43,35.33
260.45,39.81
260.47,45.8
260.48,49.29
260.5,57.16
260.52,65.97
260.53,70.65
260.55,80.38
260.57,90.33
260.58,95.29
260.6,105.0
260.62,114.0
260.63,118.2
260.65,125.7
260.67,131.8
260.68,134.2
260.7,137.8
260.72,139.4
260.73,139.5
260.75,138.2
260.77,135.1
260.78,132.9
260.8,127.2
260.81,123.9
260.83,116.4
260.85,108.0
260.86,103.7
260.88,94.86
260.9,86.25
260.91,82.16
260.93,74.63
260.95,68.29
260.96,65.68
260.98,61.75
261.0,59.79
261.01,59.63
261.03,61.08
261.05,65.14
261.06,68.25
261.08,76.85
261.1,89.11
261.11,96.84
261.13,116.2
261.15,142.0
261.16,157.9
261.18,197.3
261.19,221.7
261.21,281.9
261.23,361.6
261.24,410.4
261.26,530.0
261.28,684.3
261.29,776.8
261.31,997.0
261.33,1270.0
261.34,1428.0
261.36,1790.0
261.38,2215.0
261.39,2451.0
261.41,2969.0
261.43,3539.0
261.44,3841.0
261.46,4467.0
261.48,5107.0
261.49,5425.0
261.51,6042.0
261.52,6335.0
261.54,6869.0
261.56,7317.0
261.57,7500.0
261.59,7774.0
261.61,7914.0
261.62,7930.0
261.64,7855.0
261.66,7640.0
261.67,7483.0
261.69,7082.0
261.71,6581.0
261.72,6300.0
261.74,5697.0
261.76,5058.0
261.77,4734.0
261.79,4091.0
261.81,3472.0
261.82,3178.0
261.84,2626.0
261.86,2131.0
261.87,1908.0
261.89,1509.0
261.9,1333.0
261.92,1028.0
261.94,779.6
261.95,675.0
261.97,500.3
261.99,365.8
262.0,311.4
262.02,224.0
262.04,160.1
262.05,135.2
262.07,96.82
262.09,70.2
262.1,60.29
262.12,45.62
262.14,36.1
262.15,32.76
262.17,28.11
262.19,25.41
262.2,24.57
262.22,23.58
262.24,23.2
262.25,23.17
262.27,23.3
262.28,23.44
262.3,23.83
262.32,24.34
262.33,24.64
262.35,25.37
262.37,26.28
262.38,26.82
262.4,28.09
262.42,29.64
262.43,30.53
262.45,32.53
262.47,34.82
262.48,36.06
262.5,38.7
262.52,41.49
262.53,42.91
262.55,45.74
262.57,48.48
262.58,49.79
262.6,52.21
262.62,54.35
262.63,55.29
262.65,56.91
262.66,57.6
262.68,58.75
262.7,59.68
262.71,60.09
262.73,60.89
262.75,61.8
262.76,62.36
262.78,63.81
262.8,65.9
262.81,67.26
262.83,70.79
262.85,75.62
262.86,78.63
262.88,85.99
262.9,95.4
262.91,101.0
262.93,114.0
262.95,129.6
262.96,138.4
262.98,158.1
262.99,168.9
263.01,192.3
263.03,217.7
263.04,230.9
263.06,257.9
263.08,284.9
263.09,298.0
263.11,322.7
263.13,344.6
263.14,354.0
263.16,369.4
263.18,379.2
263.19,381.9
263.21,382.4
263.23,376.5
263.24,371.2
263.26,356.1
263.28,335.7
263.29,323.9
263.31,297.5
263.33,268.4
263.34,253.4
263.36,222.7
263.37,207.5
263.39,177.8
263.41,149.8
263.42,136.6
263.44,112.3
263.46,90.99
263.47,81.46
263.49,64.68
263.51,50.82
263.52,44.91
263.54,34.96
263.56,27.22
263.57,24.06
263.59,18.96
263.61,15.19
263.62,13.72
263.64,11.4
263.66,9.749
263.67,9.108
263.69,8.097
263.71,7.346
263.72,7.037
263.74,6.509
263.75,6.277
263.77,5.856
263.79,5.474
263.8,5.294
263.82,4.951
263.84,4.634
263.85,4.485
263.87,4.209
263.89,3.967
263.9,3.859
263.92,3.673
263.94,3.527
263.95,3.469
263.97,3.385
263.99,3.34
264.0,3.332
264.02,3.344
264.04,3.388
264.05,3.422
264.07,3.508
264.08,3.559
264.1,3.677
264.12,3.808
264.13,3.878
264.15,4.024
264.17,4.174
264.18,4.251
264.2,4.406
264.22,4.563
264.23,4.642
264.25,4.803
264.27,4.969
264.28,5.053
264.3,5.226
264.32,5.402
264.33,5.491
264.35,5.667
264.37,5.836
264.38,5.916
264.4,6.061
264.42,6.178
264.43,6.224
264.45,6.285
264.46,6.298
264.48,6.286
264.5,6.222
264.51,6.17
264.53,6.027
264.55,5.836
264.56,5.725
264.58,5.475
264.6,5.196
264.61,5.049
264.63,4.745
264.65,4.434
264.66,4.279
264.68,3.972
264.7,3.675
264.71,3.531
264.73,3.255
264.75,2.998
264.76,2.877
264.78,2.655
264.8,2.464
264.81,2.383
264.83,2.259
264.84,2.221
264.86,2.209
264.88,2.312
264.89,2.422
264.91,2.797
264.93,3.45
264.94,3.914
264.96,5.202
264.98,7.113
264.99,8.368
265.01,11.63
265.03,16.16
265.04,19.01
265.06,26.12
265.08,35.48
265.09,41.15
265.11,54.79
265.13,71.9
265.14,81.89
265.16,105.0
265.18,132.5
265.19,148.0
265.21,182.3
265.22,201.2
265.24,241.8
265.26,285.8
265.27,308.8
265.29,356.0
265.31,403.6
265.32,426.9
265.34,471.7
265.36,512.3
265.37,530.5
265.39,561.5
265.41,584.1
265.42,591.9
265.44,599.9
265.46,597.5
265.47,592.4
265.49,574.9
265.51,548.1
265.52,531.7
265.54,493.9
265.55,472.9
265.57,427.9
265.59,380.4
265.6,356.4
265.62,308.8
265.64,263.0
265.65,241.2
265.67,200.3
265.69,163.8
265.7,147.2
265.72,117.8
265.74,93.26
265.75,82.73
265.77,65.01
265.79,51.39
265.8,45.99
265.82,37.69
265.84,32.36
265.85,30.66
265.87,28.96
265.89,29.16
265.9,29.87
265.92,32.27
265.93,33.88
265.95,37.75
265.97,42.2
265.98,44.56
266.0,49.36
266.02,54.03
266.03,56.23
266.05,60.21
266.07,63.45
266.08,64.73
266.1,66.52
266.12,67.2
266.13,67.11
266.15,66.08
266.17,63.95
266.18,62.5
266.2,58.96
266.22,54.68
266.23,52.34
266.25,47.35
266.27,42.17
266.28,39.57
266.3,34.45
266.31,31.98
266.33,27.3
266.35,23.07
266.36,21.14
266.38,17.68
266.4,14.78
266.41,13.54
266.43,11.45
266.45,9.845
266.46,9.212
266.48,8.244
266.5,7.622
266.51,7.422
266.53,7.205
266.55,7.186
266.56,7.233
266.58,7.414
266.6,7.672
266.61,7.817
266.63,8.119
266.65,8.41
266.66,8.543
266.68,8.769
266.69,8.858
266.71,8.975
266.73,9.006
266.74,8.987
266.76,8.88
266.78,8.688
266.79,8.564
266.81,8.271
266.83,7.938
266.84,7.766
266.86,7.431
266.88,7.14
266.89,7.023
266.91,6.873
266.93,6.868
266.94,6.932
266.96,7.22
266.98,7.744
266.99,8.105
267.01,9.034
267.02,9.605
267.04,10.96
267.06,12.6
267.07,13.51
267.09,15.51
267.11,17.69
267.12,18.83
267.14,21.15
267.16,23.45
267.17,24.56
267.19,26.65
267.21,28.47
267.22,29.25
267.24,30.51
267.26,31.3
267.27,31.5
267.29,31.52
267.31,31.01
267.32,30.56
267.34,29.31
267.36,27.64
267.37,26.67
267.39,24.52
267.4,23.37
267.42,20.95
267.44,18.48
267.45,17.26
267.47,14.86
267.49,12.6
267.5,11.54
267.52,9.582
267.54,7.859
267.55,7.091
267.57,5.742
267.59,4.64
267.6,4.178
267.62,3.423
267.64,2.878
267.65,2.678
267.67,2.413
267.69,2.312
267.7,2.318
267.72,2.433
267.74,2.674
267.75,2.838
267.77,3.241
267.78,3.477
267.8,4.008
267.82,4.6
267.83,4.913
267.85,5.558
267.87,6.207
267.88,6.524
267.9,7.13
267.92,7.673
267.93,7.913
267.95,8.318
267.97,8.605
267.98,8.701
268.0,8.791
268.02,8.744
268.03,8.669
268.05,8.426
268.07,8.067
268.08,7.85
268.1,7.354
268.12,6.795
268.13,6.5
268.15,5.894
268.16,5.588
268.18,4.985
268.2,4.41
268.21,4.137
268.23,3.63
268.25,3.18
268.26,2.98
268.28,2.627
268.3,2.34
268.31,2.22
268.33,2.027
268.35,1.889
268.36,1.838
268.38,1.771
268.4,1.74
268.41,1.736
268.43,1.745
268.45,1.77
268.46,1.787
268.48,1.822
268.49,1.84
268.51,1.872
268.53,1.896
268.54,1.904
268.56,1.912
268.58,1.909
268.59,1.905
268.61,1.891
268.63,1.877
268.64,1.872
268.66,1.869
268.68,1.885
268.69,1.902
268.71,1.961
268.73,2.057
268.74,2.122
268.76,2.285
268.78,2.497
268.79,2.621
268.81,2.902
268.83,3.222
268.84,3.394
268.86,3.754
268.87,3.939
268.89,4.309
268.91,4.665
268.92,4.833
268.94,5.138
268.96,5.393
268.97,5.497
268.99,5.654
269.01,5.738
269.02,5.753
269.04,5.729
269.06,5.639
269.07,5.573
269.09,5.403
269.11,5.196
269.12,5.083
269.14,4.847
269.16,4.607
269.17,4.49
269.19,4.266
269.21,4.061
269.22,3.966
269.24,3.794
269.25,3.716
269.27,3.573
269.29,3.445
269.3,3.384
269.32,3.266
269.34,3.146
269.35,3.085
269.37,2.955
269.39,2.816
269.4,2.741
269.42,2.585
269.44,2.421
269.45,2.336
269.47,2.166
269.49,1.998
269.5,1.917
269.52,1.762
269.54,1.623
269.55,1.561
269.57,1.453
269.59,1.369
269.6,1.337
269.62,1.294
269.63,1.282
269.65,1.28
269.67,1.305
269.68,1.327
269.7,1.389
269.72,1.475
269.73,1.526
269.75,1.643
269.77,1.776
269.78,1.848
269.8,2.002
269.82,2.165
269.83,2.249
269.85,2.419
269.87,2.589
269.88,2.673
269.9,2.836
269.92,2.992
269.93,3.066
269.95,3.205
269.96,3.271
269.98,3.392
270.0,3.501
270.01,3.552
270.03,3.646
270.05,3.733
270.06,3.774
270.08,3.853
270.1,3.93
270.11,3.968
270.13,4.042
270.15,4.116
270.16,4.152
270.18,4.222
270.2,4.289
270.21,4.321
270.23,4.382
270.25,4.438
270.26,4.465
270.28,4.517
270.3,4.57
270.31,4.598
270.33,4.662
270.34,4.7
270.36,4.789
270.38,4.904
270.39,4.974
270.41,5.142
270.43,5.354
270.44,5.477
270.46,5.762
270.48,6.097
270.49,6.284
270.51,6.693
270.53,7.145
270.54,7.384
270.56,7.884
270.58,8.401
270.59,8.662
270.61,9.179
270.63,9.68
270.64,9.92
270.66,10.37
270.68,10.78
270.69,10.97
270.71,11.3
270.72,11.45
270.74,11.71
270.76,11.93
270.77,12.03
270.79,12.21
270.81,12.39
270.82,12.48
270.84,12.67
270.86,12.88
270.87,13.0
270.89,13.25
270.91,13.54
270.92,13.7
270.94,14.02
270.96,14.36
270.97,14.52
270.99,14.84
271.01,15.12
271.02,15.25
271.04,15.45
271.06,15.58
271.07,15.61
271.09,15.61
271.1,15.58
271.12,15.46
271.14,15.26
271.15,15.14
271.17,14.86
271.19,14.56
271.2,14.4
271.22,14.1
271.24,13.84
271.25,13.73
271.27,13.57
271.29,13.5
271.3,13.51
271.32,13.6
271.34,13.79
271.35,13.93
271.37,14.26
271.39,14.67
271.4,14.9
271.42,15.38
271.43,15.62
271.45,16.12
271.47,16.6
271.48,16.84
271.5,17.32
271.52,17.81
271.53,18.08
271.55,18.71
271.57,19.53
271.58,20.04
271.6,21.37
271.62,23.21
271.63,24.37
271.65,27.3
271.67,31.15
271.68,33.48
271.7,39.02
271.72,45.84
271.73,49.75
271.75,58.6
271.77,68.78
271.78,74.35
271.8,86.35
271.81,92.73
271.83,106.1
271.85,120.0
271.86,127.0
271.88,141.1
271.9,154.8
271.91,161.3
271.93,173.8
271.95,184.9
271.96,190.0
271.98,198.8
272.0,205.8
272.01,208.7
272.03,212.9
272.05,215.4
272.06,215.9
272.08,215.8
272.1,214.1
272.11,212.6
272.13,208.8
272.15,203.7
272.16,200.8
272.18,194.2
272.19,190.5
272.21,182.6
272.23,174.1
272.24,169.6
272.26,160.3
272.28,150.7
272.29,145.9
272.31,136.3
272.33,126.9
272.34,122.3
272.36,113.8
272.38,106.1
272.39,102.7
272.41,97.06
272.43,93.21
272.44,92.09
272.46,91.79
272.48,94.47
272.49,97.11
272.51,105.3
272.52,111.1
272.54,126.1
272.56,146.4
272.57,158.6
272.59,187.5
272.61,222.4
272.62,242.1
272.64,285.6
272.66,334.3
272.67,360.3
272.69,414.8
272.71,471.4
272.72,499.8
272.74,556.0
272.76,609.2
272.77,634.0
272.79,678.9
272.81,715.8
272.82,730.7
272.84,752.8
272.86,764.1
272.87,765.5
272.89,760.4
272.9,754.1
272.92,734.7
272.94,707.9
272.95,692.4
272.97,659.1
272.99,624.8
273.0,608.2
273.02,577.9
273.04,553.7
273.05,544.6
273.07,534.0
273.09,534.7
273.1,539.6
273.12,559.4
273.14,592.4
273.15,613.7
273.17,665.8
273.19,729.3
273.2,764.7
273.22,841.9
273.24,925.5
273.25,968.9
273.27,1057.0
273.28,1101.0
273.3,1188.0
273.32,1271.0
273.33,1309.0
273.35,1382.0
273.37,1446.0
273.38,1474.0
273.4,1524.0
273.42,1566.0
273.43,1583.0
273.45,1615.0
273.47,1642.0
273.48,1655.0
273.5,1681.0
273.52,1708.0
273.53,1723.0
273.55,1756.0
273.57,1794.0
273.58,1815.0
273.6,1858.0
273.62,1903.0
273.63,1925.0
273.65,1965.0
273.66,1982.0
273.68,2008.0
273.7,2020.0
273.71,2020.0
273.73,2005.0
273.75,1968.0
273.76,1941.0
273.78,1872.0
273.8,1782.0
273.81,1729.0
273.83,1613.0
273.85,1484.0
273.86,1416.0
273.88,1276.0
273.9,1134.0
273.91,1064.0
273.93,927.3
273.95,798.7
273.96,738.2
273.98,625.8
273.99,574.2
274.01,480.9
274.03,400.5
274.04,365.1
274.06,303.3
274.08,252.6
274.09,231.1
274.11,194.8
274.13,166.4
274.14,154.7
274.16,135.9
274.18,121.9
274.19,116.4
274.21,108.0
274.23,102.3
274.24,100.2
274.26,97.32
274.28,95.62
274.29,95.08
274.31,94.42
274.33,94.06
274.34,93.91
274.36,93.58
274.37,93.37
274.39,92.81
274.41,92.05
274.42,91.61
274.44,90.65
274.46,89.7
274.47,89.26
274.49,88.59
274.51,88.29
274.52,88.34
274.54,88.91
274.56,90.22
274.57,91.18
274.59,93.78
274.61,97.33
274.62,99.48
274.64,104.6
274.66,110.8
274.67,114.4
274.69,122.6
274.71,132.3
274.72,137.9
274.74,150.6
274.75,157.8
274.77,174.4
274.79,194.3
274.8,205.6
274.82,231.4
274.84,261.7
274.85,278.7
274.87,316.3
274.89,358.8
274.9,381.8
274.92,430.9
274.94,483.4
274.95,510.6
274.97,565.8
274.99,620.8
275.0,647.6
275.02,698.7
275.04,744.9
275.05,765.5
275.07,800.8
275.09,827.4
275.1,837.0
275.12,849.0
275.13,851.3
275.15,849.1
275.17,838.5
275.18,830.6
275.2,810.7
275.22,787.3
275.23,775.0
275.25,750.5
275.27,728.2
275.28,718.3
275.3,702.3
275.32,691.8
275.33,688.9
275.35,687.3
275.37,691.0
275.38,694.5
275.4,703.8
275.42,714.7
275.43,720.0
275.45,729.5
275.46,733.0
275.48,736.6
275.5,734.5
275.51,730.9
275.53,718.1
275.55,697.7
275.56,684.7
275.58,653.5
275.6,615.9
275.61,595.1
275.63,550.2
275.65,502.3
275.66,477.7
275.68,427.9
275.7,378.6
275.71,354.5
275.73,308.0
275.75,264.4
275.76,244.0
275.78,205.9
275.8,171.9
275.81,156.5
275.83,128.6
275.84,116.1
275.86,94.09
275.88,75.56
275.89,67.52
275.91,53.66
275.93,42.45
275.94,37.74
275.96,29.85
275.98,23.78
275.99,21.33
276.01,17.42
276.03,14.63
276.04,13.59
276.06,12.1
276.08,11.25
276.09,11.02
276.11,10.85
276.13,10.97
276.14,11.12
276.16,11.5
276.18,11.95
276.19,12.17
276.21,12.59
276.22,12.76
276.24,13.03
276.26,13.16
276.27,13.16
276.29,13.05
276.31,12.76
276.32,12.56
276.34,12.04
276.36,11.4
276.37,11.04
276.39,10.27
276.41,9.469
276.42,9.065
276.44,8.276
276.46,7.546
276.47,7.215
276.49,6.637
276.51,6.195
276.52,6.032
276.54,5.831
276.56,5.805
276.57,5.859
276.59,6.1
276.6,6.284
276.62,6.772
276.64,7.403
276.65,7.765
276.67,8.561
276.69,9.427
276.7,9.875
276.72,10.78
276.74,11.65
276.75,12.07
276.77,12.83
276.79,13.49
276.8,13.76
276.82,14.2
276.84,14.46
276.85,14.53
276.87,14.55
276.89,14.4
276.9,14.26
276.92,13.9
276.93,13.67
276.95,13.15
276.97,12.57
276.98,12.27
277.0,11.67
277.02,11.12
277.03,10.88
277.05,10.52
277.07,10.39
277.08,10.45
277.1,10.93
277.12,12.08
277.13,13.01
277.15,15.86
277.17,20.59
277.18,23.92
277.2,33.27
277.22,47.52
277.23,57.12
277.25,82.94
277.27,120.4
277.28,144.9
277.3,208.3
277.31,248.9
277.33,352.1
277.35,491.9
277.36,578.4
277.38,791.4
277.4,1067.0
277.41,1233.0
277.43,1627.0
277.45,2116.0
277.46,2399.0
277.48,3053.0
277.5,3831.0
277.51,4268.0
277.53,5245.0
277.55,6360.0
277.56,6970.0
277.58,8292.0
277.6,9748.0
277.61,10520.0
277.63,12170.0
277.65,13930.0
277.66,14850.0
277.68,16770.0
277.69,17770.0
277.71,19850.0
277.73,22030.0
277.74,23160.0
277.76,25510.0
277.78,27970.0
277.79,29250.0
277.81,31900.0
277.83,34680.0
277.84,36110.0
277.86,39050.0
277.88,42050.0
277.89,43570.0
277.91,46600.0
277.93,49560.0
277.94,50990.0
277.96,53700.0
277.98,56140.0
277.99,57220.0
278.01,59080.0
278.03,60450.0
278.04,60940.0
278.06,61490.0
278.07,61550.0
278.09,61220.0
278.11,60310.0
278.12,59660.0
278.14,57970.0
278.16,55830.0
278.17,54620.0
278.19,51970.0
278.21,49090.0
278.22,47590.0
278.24,44520.0
278.26,41420.0
278.27,39880.0
278.29,36840.0
278.31,33890.0
278.32,32460.0
278.34,29690.0
278.36,27050.0
278.37,25780.0
278.39,23340.0
278.4,22160.0
278.42,19910.0
278.44,17780.0
278.45,16750.0
278.47,14800.0
278.49,12960.0
278.5,12090.0
278.52,10440.0
278.54,8920.0
278.55,8211.0
278.57,6899.0
278.59,5728.0
278.6,5196.0
278.62,4236.0
278.64,3413.0
278.65,3050.0
278.67,2419.0
278.69,1905.0
278.7,1688.0
278.72,1330.0
278.74,1063.0
278.75,960.2
278.77,811.0
278.78,762.4
278.8,713.2
278.82,723.0
278.83,748.5
278.85,838.7
278.87,979.0
278.88,1067.0
278.9,1279.0
278.92,1538.0
278.93,1684.0
278.95,2013.0
278.97,2390.0
278.98,2598.0
279.0,3059.0
279.02,3595.0
279.03,3899.0
279.05,4603.0
279.07,5485.0
279.08,6019.0
279.1,7345.0
279.12,9147.0
279.13,10290.0
279.15,13220.0
279.16,15100.0
279.18,19890.0
279.2,26490.0
279.21,30630.0
279.23,41020.0
279.25,54790.0
279.26,63190.0
279.28,83550.0
279.3,109400.0
279.31,124600.0
279.33,160000.0
279.35,202800.0
279.36,227100.0
279.38,281600.0
279.4,343900.0
279.41,377800.0
279.43,450700.0
279.45,529300.0
279.46,570200.0
279.48,653800.0
279.5,737800.0
279.51,779100.0
279.53,858300.0
279.54,895400.0
279.56,963000.0
279.58,1019000.0
279.59,1042000.0
279.61,1077000.0
279.63,1095000.0
279.64,1097000.0
279.66,1089000.0
279.68,1064000.0
279.69,1045000.0
279.71,996500.0
279.73,935300.0
279.74,900800.0
279.76,825700.0
279.78,745100.0
279.79,703800.0
279.81,620700.0
279.83,539300.0
279.84,500100.0
279.86,425700.0
279.87,390900.0
279.89,327100.0
279.91,271700.0
279.92,247300.0
279.94,205400.0
279.96,172600.0
279.97,159600.0
279.99,140300.0
280.01,129500.0
280.02,127200.0
280.04,128500.0
280.06,137200.0
280.07,144300.0
280.09,163200.0
280.11,188300.0
280.12,202800.0
280.14,235400.0
280.16,272000.0
280.17,291300.0
280.19,331400.0
280.21,372100.0
280.22,392200.0
280.24,431000.0
280.25,449200.0
280.27,482400.0
280.29,510000.0
280.3,521200.0
280.32,538100.0
280.34,546700.0
280.35,547700.0
280.37,543300.0
280.39,530300.0
280.4,520800.0
280.42,496300.0
280.44,465400.0
280.45,448000.0
280.47,410100.0
280.49,369500.0
280.5,348600.0
280.52,306600.0
280.54,265300.0
280.55,245400.0
280.57,207300.0
280.59,172300.0
280.6,156200.0
280.62,126800.0
280.63,113500.0
280.65,89960.0
280.67,70160.0
280.68,61580.0
280.7,46890.0
280.72,35150.0
280.73,30260.0
280.75,22160.0
280.77,16000.0
280.78,13520.0
280.8,9569.0
280.82,6702.0
280.83,5595.0
280.85,3893.0
280.87,2727.0
280.88,2297.0
280.9,1670.0
280.92,1275.0
280.93,1142.0
280.95,967.1
280.97,880.5
280.98,860.1
281.0,850.0
281.01,855.9
281.03,880.9
281.05,915.3
281.06,933.9
281.08,970.3
281.1,1003.0
281.11,1017.0
281.13,1041.0
281.15,1057.0
281.16,1062.0
281.18,1067.0
281.2,1065.0
281.21,1062.0
281.23,1052.0
281.25,1038.0
281.26,1030.0
281.28,1012.0
281.3,992.6
281.31,982.3
281.33,961.3
281.34,950.5
281.36,928.5
281.38,905.7
281.39,893.9
281.41,868.9
281.43,841.7
281.44,827.0
281.46,795.3
281.48,759.9
281.49,740.7
281.51,699.5
281.53,654.5
281.54,630.7
281.56,581.0
281.58,529.1
281.59,502.6
281.61,449.3
281.63,396.5
281.64,370.6
281.66,320.4
281.68,273.2
281.69,250.9
281.71,209.4
281.72,190.3
281.74,155.4
281.76,125.0
281.77,111.5
281.79,87.8
281.81,68.12
281.82,59.68
281.84,45.33
281.86,33.97
281.87,29.26
281.89,21.5
281.91,15.62
281.92,13.27
281.94,9.514
281.96,6.791
281.97,5.737
281.99,4.115
282.01,3.002
282.02,2.593
282.04,2.004
282.06,1.653
282.07,1.547
282.09,1.444
282.1,1.439
282.12,1.506
282.14,1.659
282.15,1.764
282.17,2.023
282.19,2.341
282.2,2.52
282.22,2.914
282.24,3.348
282.25,3.578
282.27,4.057
282.29,4.553
282.3,4.805
282.32,5.31
282.34,5.806
282.35,6.048
282.37,6.514
282.39,6.949
282.4,7.153
282.42,7.528
282.44,7.857
282.45,8.003
282.47,8.255
282.48,8.361
282.5,8.531
282.52,8.644
282.53,8.678
282.55,8.704
282.57,8.67
282.58,8.63
282.6,8.507
282.62,8.326
282.63,8.215
282.65,7.952
282.67,7.64
282.68,7.468
282.7,7.096
282.72,6.696
282.73,6.487
282.75,6.062
282.77,5.635
282.78,5.424
282.8,5.014
282.81,4.817
282.83,4.447
282.85,4.116
282.86,3.967
282.88,3.708
282.9,3.506
282.91,3.428
282.93,3.323
282.95,3.29
282.96,3.302
282.98,3.388
283.0,3.561
283.01,3.681
283.03,3.992
283.05,4.397
283.06,4.636
283.08,5.181
283.1,5.814
283.11,6.16
283.13,6.902
283.15,7.695
283.16,8.104
283.18,8.931
283.19,9.342
283.21,10.14
283.23,10.88
283.24,11.22
283.26,11.82
283.28,12.29
283.29,12.48
283.31,12.73
283.33,12.82
283.34,12.8
283.36,12.65
283.38,12.35
283.39,12.15
283.41,11.66
283.43,11.07
283.44,10.75
283.46,10.08
283.48,9.378
283.49,9.027
283.51,8.336
283.53,7.679
283.54,7.368
283.56,6.789
283.57,6.523
283.59,6.044
283.61,5.636
283.62,5.459
283.64,5.156
283.66,4.919
283.67,4.824
283.69,4.674
283.71,4.576
283.72,4.543
283.74,4.507
283.76,4.503
283.77,4.511
283.79,4.545
283.81,4.595
283.82,4.625
283.84,4.692
283.86,4.765
283.87,4.802
283.89,4.878
283.9,4.917
283.92,4.995
283.94,5.074
283.95,5.116
283.97,5.202
283.99,5.299
284.0,5.352
284.02,5.473
284.04,5.619
284.05,5.705
284.07,5.908
284.09,6.166
284.1,6.322
284.12,6.701
284.14,7.199
284.15,7.505
284.17,8.268
284.19,9.293
284.2,9.933
284.22,11.55
284.24,13.74
284.25,15.12
284.27,18.58
284.28,20.76
284.3,26.21
284.32,33.53
284.33,38.06
284.35,49.28
284.37,64.02
284.38,73.0
284.4,94.8
284.42,122.7
284.43,139.4
284.45,179.0
284.47,228.4
284.48,257.3
284.5,324.7
284.52,406.8
284.53,454.2
284.55,563.4
284.57,695.2
284.58,771.2
284.6,947.6
284.62,1165.0
284.63,1293.0
284.65,1600.0
284.66,1785.0
284.68,2242.0
284.7,2855.0
284.71,3241.0
284.73,4228.0
284.75,5602.0
284.76,6484.0
284.78,8760.0
284.8,11940.0
284.81,13960.0
284.83,19130.0
284.85,26170.0
284.86,30560.0
284.88,41480.0
284.9,55840.0
284.91,64560.0
284.93,85550.0
284.95,112000.0
284.96,127500.0
284.98,163700.0
285.0,207300.0
285.01,231900.0
285.03,287300.0
285.04,318000.0
285.06,385300.0
285.08,459800.0
285.09,499500.0
285.11,582700.0
285.13,669500.0
285.14,713400.0
285.16,801000.0
285.18,885500.0
285.19,925700.0
285.21,1000000.0
285.23,1064000.0
285.24,1091000.0
285.26,1134000.0
285.28,1160000.0
285.29,1167000.0
285.31,1166000.0
285.33,1148000.0
285.34,1133000.0
285.36,1090000.0
285.37,1062000.0
285.39,998400.0
285.41,923800.0
285.42,883500.0
285.44,798700.0
285.46,710900.0
285.47,666900.0
285.49,579900.0
285.51,496600.0
285.52,456900.0
285.54,382200.0
285.56,314900.0
285.57,284100.0
285.59,228700.0
285.61,181200.0
285.62,160400.0
285.64,124200.0
285.66,94650.0
285.67,82160.0
285.69,61190.0
285.71,44880.0
285.72,38210.0
285.74,27380.0
285.75,23040.0
285.77,16130.0
285.79,11120.0
285.8,9176.0
285.82,6179.0
285.84,4098.0
285.85,3318.0
285.87,2150.0
285.89,1372.0
285.9,1089.0
285.92,679.4
285.94,417.4
285.95,325.3
285.97,195.4
285.99,115.8
286.0,88.66
286.02,51.53
286.04,29.64
286.05,22.42
286.07,12.82
286.09,7.387
286.1,5.655
286.12,3.426
286.13,2.735
286.15,1.878
286.17,1.456
286.18,1.345
286.2,1.243
286.22,1.244
286.23,1.267
286.25,1.343
286.27,1.442
286.28,1.496
286.3,1.607
286.32,1.718
286.33,1.771
286.35,1.869
286.37,1.953
286.38,1.989
286.4,2.047
286.42,2.085
286.43,2.096
286.45,2.104
286.47,2.094
286.48,2.082
286.5,2.048
286.51,2.027
286.53,1.979
286.55,1.926
286.56,1.9
286.58,1.851
286.6,1.809
286.61,1.793
286.63,1.77
286.65,1.765
286.66,1.768
286.68,1.791
286.7,1.833
286.71,1.862
286.73,1.932
286.75,2.02
286.76,2.069
286.78,2.177
286.8,2.294
286.81,2.354
286.83,2.477
286.84,2.538
286.86,2.656
286.88,2.767
286.89,2.817
286.91,2.908
286.93,2.982
286.94,3.012
286.96,3.056
286.98,3.08
286.99,3.084
287.01,3.079
287.03,3.057
287.04,3.041
287.06,3.001
287.08,2.954
287.09,2.93
287.11,2.884
287.13,2.845
287.14,2.83
287.16,2.81
287.18,2.807
287.19,2.814
287.21,2.842
287.22,2.864
287.24,2.924
287.26,3.004
287.27,3.05
287.29,3.153
287.31,3.267
287.32,3.327
287.34,3.447
287.36,3.566
287.37,3.623
287.39,3.73
287.41,3.824
287.42,3.866
287.44,3.938
287.46,3.998
287.47,4.024
287.49,4.075
287.51,4.135
287.52,4.175
287.54,4.291
287.56,4.491
287.57,4.641
287.59,5.087
287.6,5.41
287.62,6.343
287.64,7.816
287.65,8.831
287.67,11.63
287.69,15.8
287.7,18.57
287.72,25.92
287.74,36.41
287.75,43.17
287.77,60.48
287.79,84.16
287.8,98.94
287.82,135.6
287.84,183.7
287.85,212.7
287.87,282.5
287.89,370.0
287.9,421.2
287.92,539.9
287.94,682.0
287.95,762.3
287.97,941.8
287.98,1041.0
288.0,1258.0
288.02,1497.0
288.03,1624.0
288.05,1889.0
288.07,2165.0
288.08,2305.0
288.1,2583.0
288.12,2850.0
288.13,2977.0
288.15,3212.0
288.17,3413.0
288.18,3499.0
288.2,3634.0
288.22,3719.0
288.23,3740.0
288.25,3741.0
288.27,3686.0
288.28,3638.0
288.3,3505.0
288.31,3420.0
288.33,3222.0
288.35,2989.0
288.36,2864.0
288.38,2599.0
288.4,2324.0
288.41,2186.0
288.43,1913.0
288.45,1651.0
288.46,1526.0
288.48,1290.0
288.5,1076.0
288.51,978.0
288.53,800.9
288.55,648.5
288.56,581.3
288.58,463.8
288.6,367.2
288.61,326.0
288.63,256.3
288.65,201.4
288.66,178.7
288.68,141.8
288.69,127.1
288.71,103.9
288.73,88.12
288.74,82.7
288.76,76.36
288.78,75.76
288.79,77.58
288.81,85.55
288.83,99.61
288.84,109.1
288.86,133.4
288.88,165.3
288.89,184.3
288.91,228.9
288.93,282.7
288.94,313.2
288.96,381.1
288.98,458.3
288.99,500.1
289.01,589.5
289.03,685.5
289.04,735.2
289.06,837.0
289.07,888.4
289.09,990.2
289.11,1089.0
289.12,1135.0
289.14,1223.0
289.16,1300.0
289.17,1334.0
289.19,1392.0
289.21,1435.0
289.22,1452.0
289.24,1474.0
289.26,1482.0
289.27,1482.0
289.29,1475.0
289.31,1460.0
289.32,1450.0
289.34,1428.0
289.36,1404.0
289.37,1393.0
289.39,1371.0
289.41,1352.0
289.42,1344.0
289.44,1330.0
289.45,1324.0
289.47,1312.0
289.49,1301.0
289.5,1294.0
289.52,1279.0
289.54,1258.0
289.55,1246.0
289.57,1214.0
289.59,1174.0
289.6,1150.0
289.62,1095.0
289.64,1032.0
289.65,997.5
289.67,923.0
289.69,843.2
289.7,801.9
289.72,718.1
289.74,634.1
289.75,592.8
289.77,512.6
289.78,474.1
289.8,401.2
289.82,334.7
289.83,304.1
289.85,248.3
289.87,199.9
289.88,178.5
289.9,140.7
289.92,109.6
289.93,96.21
289.95,73.57
289.97,55.72
289.98,48.36
290.0,36.32
290.02,27.3
290.03,23.73
290.05,18.16
290.07,14.28
290.08,12.85
290.1,10.81
290.12,9.659
290.13,9.345
290.15,9.144
290.16,9.227
290.18,9.704
290.2,10.55
290.21,11.11
290.23,12.49
290.25,14.25
290.26,15.29
290.28,17.77
290.3,20.85
290.31,22.67
290.33,26.98
290.35,32.35
290.36,35.51
290.38,42.92
290.4,52.01
290.41,57.27
290.43,69.36
290.45,83.72
290.46,91.8
290.48,109.8
290.5,130.3
290.51,141.5
290.53,165.5
290.54,178.3
290.56,205.0
290.58,232.9
290.59,247.2
290.61,275.7
290.63,303.6
290.64,317.0
290.66,342.6
290.68,365.9
290.69,376.4
290.71,395.3
290.73,411.2
290.74,418.1
290.76,430.2
290.78,440.7
290.79,445.9
290.81,456.7
290.83,470.1
290.84,478.4
290.86,499.4
290.88,528.5
290.89,546.7
290.91,591.9
290.92,619.3
290.94,684.4
290.96,764.2
290.97,809.7
290.99,911.4
291.01,1026.0
291.02,1088.0
291.04,1219.0
291.06,1356.0
291.07,1425.0
291.09,1563.0
291.11,1695.0
291.12,1758.0
291.14,1872.0
291.16,1968.0
291.17,2008.0
291.19,2070.0
291.21,2107.0
291.22,2114.0
291.24,2110.0
291.25,2098.0
291.27,2056.0
291.29,1991.0
291.3,1952.0
291.32,1863.0
291.34,1763.0
291.35,1711.0
291.37,1605.0
291.39,1502.0
291.4,1452.0
291.42,1359.0
291.44,1276.0
291.45,1239.0
291.47,1175.0
291.49,1122.0
291.5,1101.0
291.52,1064.0
291.54,1036.0
291.55,1024.0
291.57,1003.0
291.59,982.5
291.6,972.0
291.62,948.6
291.63,935.4
291.65,904.7
291.67,867.7
291.68,846.6
291.7,799.7
291.72,746.8
291.73,718.4
291.75,658.4
291.77,595.7
291.78,563.8
291.8,499.8
291.82,437.1
291.83,406.6
291.85,348.2
291.87,294.1
291.88,268.9
291.9,222.5
291.92,181.6
291.93,163.3
291.95,130.6
291.97,103.2
291.98,91.36
292.0,70.94
292.01,62.27
292.03,47.64
292.05,36.19
292.06,31.48
292.08,23.8
292.1,18.04
292.11,15.76
292.13,12.17
292.15,9.624
292.16,8.666
292.18,7.246
292.2,6.348
292.21,6.053
292.23,5.7
292.25,5.598
292.26,5.621
292.28,5.788
292.3,6.092
292.31,6.292
292.33,6.789
292.34,7.091
292.36,7.825
292.38,8.783
292.39,9.373
292.41,10.85
292.43,12.84
292.44,14.09
292.46,17.25
292.48,21.53
292.49,24.19
292.51,30.82
292.53,39.56
292.54,44.87
292.56,57.72
292.58,73.99
292.59,83.58
292.61,106.0
292.63,133.2
292.64,148.8
292.66,183.8
292.68,224.3
292.69,246.6
292.71,295.1
292.72,321.2
292.74,376.5
292.76,435.3
292.77,465.5
292.79,526.7
292.81,587.5
292.82,617.2
292.84,673.7
292.86,724.7
292.87,747.6
292.89,786.9
292.91,816.3
292.92,826.9
292.94,839.3
292.96,839.5
292.97,835.0
292.99,817.2
293.01,788.2
293.02,770.0
293.04,726.8
293.06,676.3
293.07,649.0
293.09,591.3
293.1,561.6
293.12,501.5
293.14,442.2
293.15,413.4
293.17,358.5
293.19,308.4
293.2,285.5
293.22,244.4
293.24,210.3
293.25,196.1
293.27,173.7
293.29,159.6
293.3,155.8
293.32,154.9
293.34,163.5
293.35,171.6
293.37,195.4
293.39,230.3
293.4,252.1
293.42,304.7
293.44,369.9
293.45,407.3
293.47,491.7
293.48,538.7
293.5,641.9
293.52,756.4
293.53,817.5
293.55,945.8
293.57,1080.0
293.58,1149.0
293.6,1286.0
293.62,1421.0
293.63,1486.0
293.65,1608.0
293.67,1718.0
293.68,1766.0
293.7,1849.0
293.72,1910.0
293.73,1932.0
293.75,1957.0
293.77,1958.0
293.78,1949.0
293.8,1913.0
293.81,1887.0
293.83,1820.0
293.85,1735.0
293.86,1688.0
293.88,1584.0
293.9,1473.0
293.91,1416.0
293.93,1301.0
293.95,1188.0
293.96,1133.0
293.98,1028.0
294.0,933.2
294.01,889.4
294.03,810.6
294.05,743.9
294.06,715.1
294.08,666.6
294.1,629.5
294.11,615.0
294.13,592.8
294.15,578.7
294.16,574.1
294.18,568.4
294.19,566.9
294.21,565.4
294.23,564.1
294.24,563.1
294.26,559.2
294.28,552.1
294.29,546.9
294.31,533.2
294.33,514.5
294.34,503.4
294.36,477.6
294.38,447.7
294.39,431.4
294.41,396.8
294.43,360.3
294.44,341.6
294.46,304.2
294.48,267.5
294.49,249.7
294.51,215.8
294.53,184.5
294.54,170.0
294.56,143.7
294.57,131.9
294.59,111.0
294.61,93.78
294.62,86.5
294.64,74.5
294.66,65.65
294.67,62.31
294.69,57.56
294.71,55.08
294.72,54.56
294.74,54.73
294.76,56.19
294.77,57.28
294.79,59.98
294.81,63.08
294.82,64.68
294.84,67.83
294.86,70.7
294.87,71.96
294.89,74.02
294.91,75.36
294.92,75.72
294.94,75.81
294.95,75.52
294.97,74.29
294.99,72.22
295.0,70.9
295.02,67.73
295.04,63.97
295.05,61.92
295.07,57.55
295.09,52.97
295.1,50.65
295.12,46.05
295.14,41.62
295.15,39.51
295.17,35.56
295.19,32.05
295.2,30.49
295.22,27.76
295.24,25.59
295.25,24.71
295.27,23.36
295.28,22.88
295.3,22.26
295.32,22.06
295.33,22.1
295.35,22.37
295.37,22.85
295.38,23.15
295.4,23.79
295.42,24.43
295.43,24.73
295.45,25.25
295.47,25.64
295.48,25.78
295.5,25.91
295.52,25.85
295.53,25.76
295.55,25.45
295.57,24.99
295.58,24.72
295.6,24.1
295.62,23.42
295.63,23.07
295.65,22.35
295.66,21.99
295.68,21.28
295.7,20.61
295.71,20.28
295.73,19.66
295.75,19.07
295.76,18.78
295.78,18.22
295.8,17.67
295.81,17.4
295.83,16.84
295.85,16.27
295.86,15.98
295.88,15.37
295.9,14.74
295.91,14.41
295.93,13.75
295.95,13.06
295.96,12.72
295.98,12.02
296.0,11.32
296.01,10.97
296.03,10.28
296.04,9.935
296.06,9.262
296.08,8.608
296.09,8.289
296.11,7.671
296.13,7.084
296.14,6.805
296.16,6.278
296.18,5.803
296.19,5.589
296.21,5.217
296.23,4.934
296.24,4.831
296.26,4.718
296.28,4.748
296.29,4.824
296.31,5.12
296.33,5.63
296.34,5.976
296.36,6.87
296.38,8.062
296.39,8.781
296.41,10.49
296.42,11.48
296.44,13.77
296.46,16.48
296.47,18.01
296.49,21.39
296.51,25.24
296.52,27.33
296.54,31.87
296.56,36.86
296.57,39.52
296.59,45.17
296.61,51.25
296.62,54.45
296.64,61.19
296.66,68.44
296.67,72.27
296.69,80.43
296.71,89.38
296.72,94.22
296.74,104.8
296.75,110.6
296.77,123.4
296.79,138.2
296.8,146.4
296.82,164.8
296.84,185.9
296.85,197.7
296.87,223.4
296.89,252.4
296.9,268.0
296.92,301.4
296.94,337.3
296.95,356.0
296.97,394.3
296.99,433.1
297.0,452.3
297.02,489.6
297.04,524.3
297.05,540.4
297.07,569.0
297.09,592.1
297.1,601.2
297.12,614.4
297.13,618.2
297.15,620.2
297.17,614.8
297.18,609.4
297.2,593.4
297.22,571.2
297.23,558.1
297.25,528.5
297.27,495.3
297.28,477.8
297.3,441.6
297.32,404.8
297.33,386.5
297.35,350.5
297.37,316.1
297.38,299.6
297.4,268.5
297.42,239.8
297.43,226.5
297.45,201.8
297.47,179.6
297.48,169.4
297.5,150.6
297.51,142.0
297.53,126.2
297.55,112.0
297.56,105.4
297.58,93.32
297.6,82.33
297.61,77.23
297.63,67.71
297.65,59.06
297.66,55.03
297.68,47.55
297.7,40.79
297.71,37.68
297.73,31.97
297.75,26.92
297.76,24.64
297.78,20.53
297.8,17.03
297.81,15.49
297.83,12.81
297.85,10.65
297.86,9.744
297.88,8.274
297.89,7.698
297.91,6.847
297.93,6.372
297.94,6.269
297.96,6.321
297.98,6.707
297.99,7.025
298.01,7.911
298.03,9.139
298.04,9.885
298.06,11.66
298.08,13.83
298.09,15.07
298.11,17.88
298.13,21.16
298.14,22.99
298.16,27.03
298.18,31.59
298.19,34.06
298.21,39.41
298.22,42.26
298.24,48.33
298.26,54.8
298.27,58.16
298.29,65.06
298.31,72.1
298.32,75.62
298.34,82.56
298.36,89.23
298.37,92.41
298.39,98.34
298.41,103.6
298.42,105.9
298.44,109.8
298.46,112.8
298.47,113.9
298.49,115.4
298.51,115.9
298.52,115.8
298.54,115.1
298.56,113.7
298.57,112.9
298.59,111.0
298.6,110.1
298.62,108.2
298.64,106.6
298.65,106.0
298.67,105.2
298.69,105.1
298.7,105.4
298.72,106.5
298.74,108.6
298.75,109.9
298.77,113.1
298.79,116.9
298.8,119.0
298.82,123.5
298.84,128.1
298.85,130.4
298.87,134.7
298.89,138.7
298.9,140.4
298.92,143.2
298.94,145.2
298.95,145.7
298.97,146.1
298.98,145.9
299.0,144.7
299.02,142.6
299.03,141.2
299.05,138.2
299.07,135.1
299.08,133.7
299.1,131.3
299.12,130.2
299.13,130.4
299.15,132.6
299.17,138.2
299.18,142.4
299.2,154.6
299.22,172.2
299.23,183.4
299.25,210.9
299.27,245.9
299.28,266.4
299.3,313.7
299.32,369.4
299.33,400.5
299.35,468.8
299.36,505.9
299.38,585.6
299.4,671.8
299.41,717.0
299.43,810.5
299.45,906.9
299.46,955.6
299.48,1053.0
299.5,1149.0
299.51,1197.0
299.53,1288.0
299.55,1374.0
299.56,1415.0
299.58,1492.0
299.6,1562.0
299.61,1594.0
299.63,1653.0
299.65,1706.0
299.66,1730.0
299.68,1773.0
299.69,1792.0
299.71,1828.0
299.73,1859.0
299.74,1874.0
299.76,1902.0
299.78,1928.0
299.79,1942.0
299.81,1968.0
299.83,1997.0
299.84,2011.0
299.86,2043.0
299.88,2078.0
299.89,2096.0
299.91,2136.0
299.93,2178.0
299.94,2200.0
299.96,2245.0
299.98,2290.0
299.99,2311.0
300.01,2352.0
300.03,2386.0
300.04,2400.0
300.06,2420.0
300.07,2425.0
300.09,2425.0
300.11,2409.0
300.12,2394.0
300.14,2350.0
300.16,2288.0
300.17,2250.0
300.19,2161.0
300.21,2055.0
300.22,1998.0
300.24,1874.0
300.26,1743.0
300.27,1676.0
300.29,1543.0
300.31,1413.0
300.32,1352.0
300.34,1238.0
300.36,1141.0
300.37,1100.0
300.39,1036.0
300.41,999.3
300.42,992.0
300.44,1001.0
300.45,1018.0
300.47,1077.0
300.49,1171.0
300.5,1231.0
300.52,1374.0
300.54,1548.0
300.55,1646.0
300.57,1858.0
300.59,2091.0
300.6,2212.0
300.62,2461.0
300.64,2713.0
300.65,2837.0
300.67,3077.0
300.69,3301.0
300.7,3404.0
300.72,3588.0
300.74,3739.0
300.75,3801.0
300.77,3894.0
300.79,3947.0
300.8,3957.0
300.82,3947.0
300.83,3928.0
300.85,3860.0
300.87,3757.0
300.88,3694.0
300.9,3549.0
300.92,3380.0
300.93,3289.0
300.95,3096.0
300.97,2893.0
300.98,2789.0
301.0,2578.0
301.02,2366.0
301.03,2261.0
301.05,2054.0
301.07,1852.0
301.08,1754.0
301.1,1565.0
301.12,1385.0
301.13,1300.0
301.15,1136.0
301.16,1059.0
301.18,914.1
301.2,781.5
301.21,720.0
301.23,606.6
301.25,505.8
301.26,460.0
301.28,377.4
301.3,306.2
301.31,274.6
301.33,219.0
301.35,172.7
301.36,152.7
301.38,118.3
301.4,90.67
301.41,79.06
301.43,59.69
301.45,44.7
301.46,38.6
301.48,28.74
301.5,21.48
301.51,18.65
301.53,14.29
301.54,12.67
301.56,10.33
301.58,8.965
301.59,8.587
301.61,8.34
301.63,8.684
301.64,9.057
301.66,10.19
301.68,11.84
301.69,12.87
301.71,15.38
301.73,18.55
301.74,20.42
301.76,24.8
301.78,30.13
301.79,33.2
301.81,40.22
301.83,48.51
301.84,53.16
301.86,63.54
301.88,75.37
301.89,81.82
301.91,95.77
301.92,103.2
301.94,119.0
301.96,135.8
301.97,144.4
301.99,162.0
302.01,179.5
302.02,188.2
302.04,204.8
302.06,220.2
302.07,227.2
302.09,239.7
302.11,249.7
302.12,253.6
302.14,259.2
302.16,261.5
302.17,261.4
302.19,258.8
302.21,253.0
302.22,249.0
302.24,238.9
302.25,232.9
302.27,219.5
302.29,204.5
302.3,196.6
302.32,180.2
302.34,163.6
302.35,155.3
302.37,139.2
302.39,124.0
302.4,116.8
302.42,103.4
302.44,91.5
302.45,86.12
302.47,76.53
302.49,68.46
302.5,64.97
302.52,59.0
302.54,54.22
302.55,52.22
302.57,48.88
302.59,46.25
302.6,45.14
302.62,43.22
302.63,42.36
302.65,40.76
302.67,39.23
302.68,38.45
302.7,36.84
302.72,35.1
302.73,34.19
302.75,32.26
302.77,30.21
302.78,29.15
302.8,26.99
302.82,24.82
302.83,23.75
302.85,21.65
302.87,19.66
302.88,18.72
302.9,16.97
302.92,15.42
302.93,14.72
302.95,13.47
302.97,12.43
302.98,11.99
303.0,11.23
303.01,10.92
303.03,10.39
303.05,9.987
303.06,9.819
303.08,9.534
303.1,9.292
303.11,9.18
303.13,8.957
303.15,8.723
303.16,8.596
303.18,8.32
303.2,8.008
303.21,7.838
303.23,7.472
303.25,7.077
303.26,6.872
303.28,6.455
303.3,6.04
303.31,5.839
303.33,5.461
303.35,5.132
303.36,4.992
303.38,4.777
303.39,4.706
303.41,4.655
303.43,4.74
303.44,4.841
303.46,5.173
303.48,5.693
303.49,6.029
303.51,6.862
303.53,7.915
303.54,8.526
303.56,9.914
303.58,11.51
303.59,12.39
303.61,14.27
303.63,16.3
303.64,17.36
303.66,19.53
303.68,21.71
303.69,22.8
303.71,24.89
303.72,25.89
303.74,27.75
303.76,29.37
303.77,30.07
303.79,31.22
303.81,32.02
303.82,32.27
303.84,32.49
303.86,32.32
303.87,32.1
303.89,31.39
303.91,30.36
303.92,29.75
303.94,28.36
303.96,26.81
303.97,25.99
303.99,24.32
304.01,22.65
304.02,21.83
304.04,20.25
304.06,18.8
304.07,18.13
304.09,16.92
304.1,16.38
304.12,15.44
304.14,14.68
304.15,14.36
304.17,13.86
304.19,13.5
304.2,13.38
304.22,13.22
304.24,13.17
304.25,13.18
304.27,13.28
304.29,13.47
304.3,13.6
304.32,13.93
304.34,14.38
304.35,14.65
304.37,15.29
304.39,16.09
304.4,16.56
304.42,17.65
304.44,18.96
304.45,19.71
304.47,21.4
304.48,22.34
304.5,24.44
304.52,26.83
304.53,28.12
304.55,30.91
304.57,33.95
304.58,35.55
304.6,38.88
304.62,42.34
304.63,44.1
304.65,47.61
304.67,51.06
304.68,52.72
304.7,55.88
304.72,58.71
304.73,59.97
304.75,62.14
304.77,63.75
304.78,64.32
304.8,64.97
304.82,64.92
304.83,64.62
304.85,63.5
304.86,62.67
304.88,60.53
304.9,57.78
304.91,56.2
304.93,52.69
304.95,48.81
304.96,46.77
304.98,42.54
305.0,38.22
305.01,36.06
305.03,31.82
305.05,27.74
305.06,25.78
305.08,22.08
305.1,18.7
305.11,17.14
305.13,14.3
305.15,11.82
305.16,10.72
305.18,8.787
305.19,7.947
305.21,6.508
305.23,5.362
305.24,4.891
305.26,4.129
305.28,3.585
305.29,3.385
305.31,3.115
305.33,2.999
305.34,2.994
305.36,3.078
305.38,3.283
305.39,3.43
305.41,3.809
305.43,4.308
305.44,4.604
305.46,5.296
305.48,6.131
305.49,6.608
305.51,7.687
305.53,8.949
305.54,9.654
305.56,11.22
305.57,12.08
305.59,13.98
305.61,16.1
305.62,17.24
305.64,19.7
305.66,22.37
305.67,23.78
305.69,26.71
305.71,29.79
305.72,31.36
305.74,34.55
305.76,37.75
305.77,39.33
305.79,42.42
305.81,45.33
305.82,46.7
305.84,49.23
305.86,51.41
305.87,52.35
305.89,53.88
305.91,54.93
305.92,55.25
305.94,55.49
305.95,55.4
305.97,54.8
305.99,53.65
306.0,52.87
306.02,50.95
306.04,48.58
306.05,47.24
306.07,44.32
306.09,41.12
306.1,39.45
306.12,36.01
306.14,32.5
306.15,30.75
306.17,27.31
306.19,23.99
306.2,22.4
306.22,19.38
306.24,16.62
306.25,15.34
306.27,13.02
306.29,11.0
306.3,10.11
306.32,8.573
306.33,7.921
306.35,6.848
306.37,6.075
306.38,5.797
306.4,5.452
306.42,5.375
306.43,5.434
306.45,5.737
306.47,6.276
306.48,6.629
306.5,7.494
306.52,8.555
306.53,9.152
306.55,10.47
306.57,11.91
306.58,12.68
306.6,14.26
306.62,15.89
306.63,16.71
306.65,18.32
306.66,19.1
306.68,20.57
306.7,21.9
306.71,22.5
306.73,23.52
306.75,24.3
306.76,24.58
306.78,24.93
306.8,24.98
306.81,24.89
306.83,24.5
306.85,23.83
306.86,23.4
306.88,22.37
306.9,21.16
306.91,20.5
306.93,19.1
306.95,17.63
306.96,16.89
306.98,15.43
307.0,14.03
307.01,13.36
307.03,12.13
307.04,11.57
307.06,10.57
307.08,9.757
307.09,9.428
307.11,8.929
307.13,8.655
307.14,8.606
307.16,8.695
307.18,9.052
307.19,9.341
307.21,10.17
307.23,11.39
307.24,12.17
307.26,14.16
307.28,16.85
307.29,18.52
307.31,22.67
307.33,28.17
307.34,31.54
307.36,39.79
307.38,50.52
307.39,56.98
307.41,72.55
307.42,81.82
307.44,103.8
307.46,131.1
307.47,147.0
307.49,183.7
307.51,227.5
307.52,252.3
307.54,308.0
307.56,372.0
307.57,407.1
307.59,483.4
307.61,567.4
307.62,611.9
307.64,705.2
307.66,802.8
307.67,852.7
307.69,952.8
307.71,1052.0
307.72,1100.0
307.74,1191.0
307.76,1274.0
307.77,1312.0
307.79,1379.0
307.8,1407.0
307.82,1452.0
307.84,1481.0
307.85,1490.0
307.87,1496.0
307.89,1487.0
307.9,1477.0
307.92,1449.0
307.94,1410.0
307.95,1388.0
307.97,1340.0
307.99,1289.0
308.0,1263.0
308.02,1213.0
308.04,1167.0
308.05,1146.0
308.07,1108.0
308.09,1077.0
308.1,1064.0
308.12,1044.0
308.13,1036.0
308.15,1024.0
308.17,1016.0
308.18,1013.0
308.2,1007.0
308.22,1001.0
308.23,996.7
308.25,985.4
308.27,969.0
308.28,958.5
308.3,932.5
308.32,899.3
308.33,880.1
308.35,836.5
308.37,786.8
308.38,760.0
308.4,703.0
308.42,642.9
308.43,612.2
308.45,550.1
308.47,488.5
308.48,458.4
308.5,400.1
308.51,372.3
308.53,319.8
308.55,272.1
308.56,250.3
308.58,210.9
308.6,177.6
308.61,163.3
308.63,139.4
308.65,122.2
308.66,116.1
308.68,109.2
308.7,109.9
308.71,113.2
308.73,126.6
308.75,149.8
308.76,165.5
308.78,206.3
308.8,261.4
308.81,295.0
308.83,376.2
308.85,478.3
308.86,538.3
308.88,678.0
308.89,758.6
308.91,943.8
308.93,1163.0
308.94,1287.0
308.96,1565.0
308.98,1884.0
308.99,2061.0
309.01,2446.0
309.03,2877.0
309.04,3109.0
309.06,3606.0
309.08,4144.0
309.09,4427.0
309.11,5017.0
309.13,5633.0
309.14,5949.0
309.16,6589.0
309.18,7232.0
309.19,7551.0
309.21,8176.0
309.23,8772.0
309.24,9056.0
309.26,9586.0
309.27,9831.0
309.29,10270.0
309.31,10640.0
309.32,10800.0
309.34,11060.0
309.36,11240.0
309.37,11300.0
309.39,11380.0
309.41,11410.0
309.42,11400.0
309.44,11370.0
309.46,11320.0
309.47,11290.0
309.49,11250.0
309.51,11240.0
309.52,11250.0
309.54,11310.0
309.56,11420.0
309.57,11500.0
309.59,11690.0
309.6,11810.0
309.62,12080.0
309.64,12380.0
309.65,12530.0
309.67,12840.0
309.69,13110.0
309.7,13240.0
309.72,13430.0
309.74,13540.0
309.75,13550.0
309.77,13490.0
309.79,13310.0
309.8,13170.0
309.82,12800.0
309.84,12300.0
309.85,12000.0
309.87,11330.0
309.89,10570.0
309.9,10170.0
309.92,9311.0
309.94,8423.0
309.95,7973.0
309.97,7078.0
309.98,6637.0
310.0,5780.0
310.02,4971.0
310.03,4588.0
310.05,3871.0
310.07,3226.0
310.08,2931.0
310.1,2398.0
310.12,1938.0
310.13,1734.0
310.15,1377.0
310.17,1082.0
310.18,955.1
310.2,739.3
310.22,567.4
310.23,495.8
310.25,377.2
310.27,286.1
310.28,249.3
310.3,189.7
310.32,145.7
310.33,128.3
310.35,100.9
310.36,90.29
310.38,73.8
310.4,62.26
310.41,57.9
310.43,51.34
310.45,46.96
310.46,45.39
310.48,43.19
310.5,41.93
310.51,41.56
310.53,41.25
310.55,41.36
310.56,41.54
310.58,42.08
310.6,42.8
310.61,43.22
310.63,44.1
310.65,45.02
310.66,45.48
310.68,46.34
310.7,47.11
310.71,47.44
310.73,47.96
310.74,48.15
310.76,48.36
310.78,48.31
310.79,48.2
310.81,47.77
310.83,47.1
310.84,46.68
310.86,45.71
310.88,44.58
310.89,43.98
310.91,42.75
310.93,41.52
310.94,40.93
310.96,39.84
310.98,38.91
310.99,38.53
311.01,37.93
311.03,37.58
311.04,37.5
311.06,37.52
311.07,37.61
311.09,37.94
311.11,38.4
311.12,38.66
311.14,39.21
311.16,39.71
311.17,39.93
311.19,40.23
311.21,40.32
311.22,40.27
311.24,39.95
311.26,39.33
311.27,38.9
311.29,37.83
311.31,36.5
311.32,35.75
311.34,34.16
311.36,32.5
311.37,31.67
311.39,30.13
311.41,28.82
311.42,28.31
311.44,27.65
311.45,27.54
311.47,27.87
311.49,29.07
311.5,30.05
311.52,32.84
311.54,36.87
311.55,39.4
311.57,45.52
311.59,53.16
311.6,57.56
311.62,67.53
311.64,79.03
311.65,85.33
311.67,98.94
311.69,113.7
311.7,121.5
311.72,137.6
311.74,154.0
311.75,162.3
311.77,178.6
311.79,194.2
311.8,201.6
311.82,215.2
311.83,221.3
311.85,232.0
311.87,240.2
311.88,243.3
311.9,247.3
311.92,248.2
311.93,247.5
311.95,243.9
311.97,237.5
311.98,233.2
312.0,223.0
312.02,210.6
312.03,203.8
312.05,189.1
312.07,173.5
312.08,165.5
312.1,149.3
312.12,133.3
312.13,125.5
312.15,110.5
312.16,103.3
312.18,89.79
312.2,77.49
312.21,71.82
312.23,61.49
312.25,52.48
312.26,48.46
312.28,41.31
312.3,35.27
312.31,32.63
312.33,28.03
312.35,24.21
312.36,22.56
312.38,19.7
312.4,17.34
312.41,16.31
312.43,14.51
312.45,13.0
312.46,12.34
312.48,11.18
312.5,10.23
312.51,9.823
312.53,9.172
312.54,8.93
312.56,8.64
312.58,8.664
312.59,8.819
312.61,9.49
312.63,10.77
312.64,11.69
312.66,14.27
312.68,18.04
312.69,20.49
312.71,26.77
312.73,35.29
312.74,40.57
312.76,53.57
312.78,70.39
312.79,80.47
312.81,104.5
312.83,134.3
312.84,151.7
312.86,191.8
312.88,239.6
312.89,266.6
312.91,327.1
312.92,360.6
312.94,434.2
312.96,516.3
312.97,560.3
312.99,653.6
313.01,752.7
313.02,803.9
313.04,908.3
313.06,1013.0
313.07,1065.0
313.09,1165.0
313.11,1259.0
313.12,1302.0
313.14,1380.0
313.16,1444.0
313.17,1470.0
313.19,1509.0
313.21,1530.0
313.22,1533.0
313.24,1524.0
313.26,1497.0
313.27,1477.0
313.29,1424.0
313.3,1391.0
313.32,1317.0
313.34,1233.0
313.35,1187.0
313.37,1092.0
313.39,993.9
313.4,944.7
313.42,847.4
313.44,753.8
313.45,709.0
313.47,624.5
313.49,547.6
313.5,512.3
313.52,448.2
313.54,392.9
313.55,368.3
313.57,325.3
313.59,289.8
313.6,274.5
313.62,248.4
313.63,237.3
313.65,218.5
313.67,203.5
313.68,197.2
313.7,186.4
313.72,177.8
313.73,174.2
313.75,168.1
313.77,163.5
313.78,161.7
313.8,159.4
313.82,158.7
313.83,159.1
313.85,161.4
313.87,166.0
313.88,169.2
313.9,177.5
313.92,188.3
313.93,194.7
313.95,209.3
313.97,226.0
313.98,235.0
314.0,254.2
314.01,264.2
314.03,284.4
314.05,304.5
314.06,314.3
314.08,332.7
314.1,349.0
314.11,356.1
314.13,367.8
314.15,375.8
314.16,378.3
314.18,379.9
314.2,377.1
314.21,374.0
314.23,364.6
314.25,351.1
314.26,343.0
314.28,324.3
314.3,302.9
314.31,291.4
314.33,267.2
314.35,242.1
314.36,229.3
314.38,204.0
314.39,191.5
314.41,167.3
314.43,144.5
314.44,133.7
314.46,113.5
314.48,95.35
314.49,87.07
314.51,72.13
314.53,59.35
314.54,53.75
314.56,44.1
314.58,36.43
314.59,33.31
314.61,28.46
314.63,25.41
314.64,24.56
314.66,24.22
314.68,25.76
314.69,27.28
314.71,31.9
314.73,38.84
314.74,43.26
314.76,54.21
314.77,60.82
314.79,76.51
314.81,95.79
314.82,106.9
314.84,132.1
314.86,161.7
314.87,178.1
314.89,214.1
314.91,254.5
314.92,276.2
314.94,322.2
314.96,371.3
314.97,396.8
314.99,448.8
315.01,501.4
315.02,527.5
315.04,578.3
315.06,626.1
315.07,648.5
315.09,689.0
315.1,706.9
315.12,737.2
315.14,759.2
315.15,766.9
315.17,775.3
315.19,774.3
315.2,770.3
315.22,755.7
315.24,733.0
315.25,719.0
315.27,686.7
315.29,650.4
315.3,631.5
315.32,593.7
315.34,558.6
315.35,543.2
315.37,519.2
315.39,508.0
315.4,508.9
315.42,527.4
315.44,574.0
315.45,610.3
315.47,714.8
315.48,785.4
315.5,970.8
315.52,1225.0
315.53,1383.0
315.55,1768.0
315.57,2259.0
315.58,2550.0
315.6,3231.0
315.62,4058.0
315.63,4530.0
315.65,5600.0
315.67,6843.0
315.68,7530.0
315.7,9037.0
315.72,10710.0
315.73,11610.0
315.75,13510.0
315.77,15520.0
315.78,16560.0
315.8,18670.0
315.82,20780.0
315.83,21820.0
315.85,23840.0
315.86,24800.0
315.88,26590.0
315.9,28140.0
315.91,28820.0
315.93,29930.0
315.95,30700.0
315.96,30940.0
315.98,31140.0
316.0,30940.0
316.01,30700.0
316.03,29930.0
316.05,28820.0
316.06,28150.0
316.08,26590.0
316.1,24810.0
316.11,23850.0
316.13,21830.0
316.15,19730.0
316.16,18670.0
316.18,16560.0
316.2,14500.0
316.21,13510.0
316.23,11610.0
316.24,10710.0
316.26,9036.0
316.28,7527.0
316.29,6837.0
316.31,5589.0
316.33,4513.0
316.34,4037.0
316.36,3200.0
316.38,2506.0
316.39,2208.0
316.41,1699.0
316.43,1293.0
316.44,1123.0
316.46,840.9
316.48,623.7
316.49,535.5
316.51,392.6
316.53,286.3
316.54,244.3
316.56,177.9
316.57,152.1
316.59,111.9
316.61,83.68
316.62,73.01
316.64,56.96
316.66,46.32
316.67,42.55
316.69,37.4
316.71,34.75
316.72,34.18
316.74,34.28
316.76,35.81
316.77,37.06
316.79,40.43
316.81,44.94
316.82,47.6
316.84,53.71
316.86,60.85
316.87,64.8
316.89,73.4
316.91,82.89
316.92,87.94
316.94,98.55
316.95,104.1
316.97,115.5
316.99,127.1
317.0,133.0
317.02,144.6
317.04,156.0
317.05,161.4
317.07,171.8
317.09,181.1
317.1,185.4
317.12,192.8
317.14,198.6
317.15,200.9
317.17,204.2
317.19,205.7
317.2,205.8
317.22,204.7
317.24,202.1
317.25,200.4
317.27,196.3
317.29,192.1
317.3,190.2
317.32,187.5
317.33,187.2
317.35,189.5
317.37,198.1
317.38,205.6
317.4,229.5
317.42,269.3
317.43,297.0
317.45,372.6
317.47,482.7
317.48,554.0
317.5,737.1
317.52,986.8
317.53,1142.0
317.55,1526.0
317.57,2025.0
317.58,2326.0
317.6,3047.0
317.62,3950.0
317.63,4479.0
317.65,5708.0
317.67,7189.0
317.68,8031.0
317.7,9934.0
317.71,11000.0
317.73,13360.0
317.75,16020.0
317.76,17470.0
317.78,20580.0
317.8,23940.0
317.81,25710.0
317.83,29370.0
317.85,33140.0
317.86,35050.0
317.88,38830.0
317.9,42510.0
317.91,44280.0
317.93,47600.0
317.95,50560.0
317.96,51880.0
317.98,54120.0
318.0,55800.0
318.01,56410.0
318.03,57130.0
318.04,57250.0
318.06,56980.0
318.08,56060.0
318.09,55360.0
318.11,53540.0
318.13,51190.0
318.14,49850.0
318.16,46870.0
318.18,43590.0
318.19,41860.0
318.21,38300.0
318.23,34670.0
318.24,32860.0
318.26,29280.0
318.28,25830.0
318.29,24160.0
318.31,20990.0
318.33,18060.0
318.34,16690.0
318.36,14150.0
318.38,11880.0
318.39,10850.0
318.41,8986.0
318.42,8150.0
318.44,6657.0
318.46,5389.0
318.47,4832.0
318.49,3859.0
318.51,3055.0
318.52,2709.0
318.54,2116.0
318.56,1639.0
318.57,1437.0
318.59,1098.0
318.61,831.9
318.62,721.7
318.64,539.6
318.66,400.0
318.67,343.4
318.69,251.5
318.71,182.9
318.72,155.5
318.74,112.1
318.76,80.5
318.77,68.18
318.79,48.99
318.8,41.62
318.82,30.28
318.84,22.43
318.85,19.5
318.87,15.13
318.89,12.27
318.9,11.26
318.92,9.875
318.94,9.128
318.95,8.937
318.97,8.841
318.99,9.058
319.0,9.267
319.02,9.871
319.04,10.72
319.05,11.24
319.07,12.51
319.09,14.11
319.1,15.05
319.12,17.3
319.14,20.11
319.15,21.77
319.17,25.69
319.18,27.99
319.2,33.4
319.22,40.05
319.23,43.9
319.25,52.83
319.27,63.56
319.28,69.67
319.3,83.49
319.32,99.59
319.33,108.5
319.35,128.3
319.37,150.4
319.38,162.4
319.4,188.0
319.42,215.5
319.43,229.9
319.45,259.7
319.47,290.2
319.48,305.5
319.5,336.0
319.51,350.8
319.53,379.4
319.55,405.8
319.56,417.9
319.58,439.6
319.6,457.4
319.61,464.7
319.63,475.9
319.65,482.5
319.66,484.1
319.68,484.0
319.7,479.9
319.71,476.5
319.73,467.6
319.75,456.6
319.76,450.5
319.78,438.1
319.8,425.9
319.81,420.3
319.83,410.4
319.85,403.1
319.86,400.6
319.88,398.3
319.89,398.5
319.91,402.0
319.93,409.3
319.94,414.4
319.96,427.1
319.98,443.0
319.99,451.9
320.01,471.2
320.03,492.1
320.04,502.8
320.06,524.7
320.08,546.4
320.09,557.0
320.11,577.5
320.13,596.8
320.14,605.8
320.16,622.7
320.18,637.8
320.19,644.6
320.21,656.8
320.23,667.0
320.24,671.3
320.26,678.4
320.27,681.1
320.29,684.6
320.31,685.6
320.32,685.0
320.34,681.6
320.36,674.8
320.37,670.1
320.39,657.9
320.41,641.8
320.42,632.3
320.44,610.3
320.46,584.5
320.47,570.3
320.49,539.5
320.51,505.8
320.52,488.2
320.54,451.6
320.56,414.1
320.57,395.2
320.59,357.6
320.61,321.2
320.62,303.6
320.64,270.1
320.65,254.4
320.67,225.5
320.69,200.2
320.7,189.1
320.72,170.0
320.74,155.3
320.75,149.6
320.77,141.5
320.79,137.8
320.8,137.6
320.82,140.0
320.84,146.0
320.85,150.3
320.87,161.0
320.89,174.2
320.9,181.6
320.92,197.4
320.94,214.2
320.95,222.7
320.97,239.8
320.98,248.2
321.0,264.2
321.02,279.0
321.03,285.8
321.05,298.1
321.07,308.4
321.08,312.8
321.1,320.3
321.12,326.2
321.13,328.7
321.15,333.2
321.17,337.7
321.18,340.3
321.2,346.5
321.22,355.2
321.23,360.9
321.25,375.5
321.27,395.6
321.28,408.0
321.3,438.2
321.32,476.4
321.33,498.7
321.35,550.2
321.36,579.4
321.38,644.9
321.4,719.6
321.41,760.3
321.43,847.7
321.45,942.4
321.46,992.1
321.48,1095.0
321.5,1200.0
321.51,1254.0
321.53,1359.0
321.55,1462.0
321.56,1511.0
321.58,1604.0
321.6,1687.0
321.61,1724.0
321.63,1788.0
321.65,1837.0
321.66,1855.0
321.68,1878.0
321.7,1883.0
321.71,1878.0
321.73,1855.0
321.74,1836.0
321.76,1787.0
321.78,1721.0
321.79,1682.0
321.81,1595.0
321.83,1498.0
321.84,1446.0
321.86,1336.0
321.88,1222.0
321.89,1165.0
321.91,1049.0
321.93,935.4
321.94,879.8
321.96,772.5
321.98,671.7
321.99,624.0
322.01,534.9
322.03,454.7
322.04,418.0
322.06,351.6
322.07,321.9
322.09,269.5
322.11,226.0
322.12,207.6
322.14,177.0
322.16,154.6
322.17,146.4
322.19,135.7
322.21,132.6
322.22,133.8
322.24,142.0
322.26,158.0
322.27,168.9
322.29,197.0
322.31,233.6
322.32,255.3
322.34,305.4
322.36,364.8
322.37,398.1
322.39,471.7
322.41,554.4
322.42,598.9
322.44,693.9
322.45,744.1
322.47,848.6
322.49,957.3
322.5,1013.0
322.52,1123.0
322.54,1232.0
322.55,1284.0
322.57,1385.0
322.59,1476.0
322.6,1517.0
322.62,1589.0
322.64,1646.0
322.65,1669.0
322.67,1700.0
322.69,1714.0
322.7,1714.0
322.72,1702.0
322.74,1674.0
322.75,1654.0
322.77,1606.0
322.79,1547.0
322.8,1515.0
322.82,1447.0
322.83,1412.0
322.85,1341.0
322.87,1273.0
322.88,1240.0
322.9,1180.0
322.92,1126.0
322.93,1103.0
322.95,1062.0
322.97,1030.0
322.98,1018.0
323.0,998.1
323.02,985.0
323.03,980.4
323.05,973.9
323.07,969.4
323.08,967.3
323.1,962.1
323.12,954.1
323.13,948.6
323.15,933.8
323.17,913.2
323.18,900.5
323.2,870.4
323.21,852.9
323.23,813.5
323.25,768.7
323.26,744.5
323.28,693.4
323.3,639.5
323.31,611.9
323.33,556.3
323.35,501.2
323.36,474.1
323.38,421.7
323.4,372.2
323.41,348.8
323.43,304.9
323.45,265.2
323.46,247.0
323.48,213.9
323.5,185.1
323.51,172.2
323.53,149.5
323.54,139.4
323.56,121.9
323.58,107.4
323.59,101.1
323.61,90.47
323.63,81.93
323.64,78.37
323.66,72.51
323.68,68.22
323.69,66.63
323.71,64.53
323.73,63.93
323.74,64.23
323.76,66.16
323.78,70.13
323.79,72.99
323.81,80.78
323.83,91.8
323.84,98.71
323.86,115.8
323.88,137.9
323.89,151.1
323.91,182.3
323.92,200.6
323.94,242.8
323.96,293.4
323.97,322.1
323.99,386.4
324.01,460.4
324.02,501.0
324.04,589.3
324.06,686.7
324.07,738.5
324.09,847.4
324.11,962.1
324.12,1021.0
324.14,1140.0
324.16,1259.0
324.17,1317.0
324.19,1429.0
324.21,1533.0
324.22,1581.0
324.24,1667.0
324.26,1737.0
324.27,1765.0
324.29,1806.0
324.3,1819.0
324.32,1830.0
324.34,1818.0
324.35,1804.0
324.37,1761.0
324.39,1699.0
324.4,1661.0
324.42,1574.0
324.44,1474.0
324.45,1421.0
324.47,1307.0
324.49,1188.0
324.5,1128.0
324.52,1008.0
324.54,890.6
324.55,833.4
324.57,723.7
324.59,621.4
324.6,573.5
324.62,484.5
324.64,405.1
324.65,369.1
324.67,304.2
324.68,275.3
324.7,224.1
324.72,181.2
324.73,162.6
324.75,130.6
324.77,104.7
324.78,93.73
324.8,75.38
324.82,61.05
324.83,55.16
324.85,45.54
324.87,38.33
324.88,35.48
324.9,31.04
324.92,28.03
324.93,27.0
324.95,25.77
324.97,25.6
324.98,25.91
325.0,27.33
325.01,28.47
325.03,31.7
325.05,36.35
325.06,39.27
325.08,46.48
325.1,55.73
325.11,61.22
325.13,74.1
325.15,89.76
325.16,98.72
325.18,119.1
325.2,142.7
325.21,155.9
325.23,184.8
325.25,217.0
325.26,234.4
325.28,271.3
325.3,310.9
325.31,331.4
325.33,373.5
325.35,416.4
325.36,437.9
325.38,480.0
325.39,500.4
325.41,539.2
325.43,574.3
325.44,590.2
325.46,617.8
325.48,639.2
325.49,647.4
325.51,658.2
325.53,661.5
325.54,660.2
325.56,651.8
325.58,636.1
325.59,625.6
325.61,599.8
325.63,568.4
325.64,550.8
325.66,512.9
325.68,472.0
325.69,450.8
325.71,407.6
325.73,364.3
325.74,342.9
325.76,301.2
325.77,281.1
325.79,242.8
325.81,207.4
325.82,190.9
325.84,160.4
325.86,133.5
325.87,121.3
325.89,99.62
325.91,81.22
325.92,73.2
325.94,59.37
325.96,48.27
325.97,43.66
325.99,36.17
326.01,30.77
326.02,28.8
326.04,26.2
326.06,25.28
326.07,25.43
326.09,26.92
326.11,29.98
326.12,32.12
326.14,37.66
326.15,41.07
326.17,49.29
326.19,59.44
326.2,65.28
326.22,78.57
326.24,94.07
326.25,102.7
326.27,121.6
326.29,142.7
326.3,154.0
326.32,178.2
326.34,204.1
326.35,217.5
326.37,245.1
326.39,273.2
326.4,287.3
326.42,315.0
326.44,341.5
326.45,354.1
326.47,377.4
326.48,388.0
326.5,406.5
326.52,421.1
326.53,426.8
326.55,434.6
326.57,437.5
326.58,437.2
326.6,432.8
326.62,423.6
326.63,417.4
326.65,401.9
326.67,382.9
326.68,372.2
326.7,349.1
326.72,324.2
326.73,311.3
326.75,285.2
326.77,259.0
326.78,246.2
326.8,221.2
326.82,197.6
326.83,186.4
326.85,165.5
326.86,155.8
326.88,138.0
326.9,122.4
326.91,115.3
326.93,102.7
326.95,91.9
326.96,87.16
326.98,78.84
327.0,71.9
327.01,68.89
327.03,63.67
327.05,59.38
327.06,57.54
327.08,54.42
327.1,51.96
327.11,50.97
327.13,49.45
327.15,48.53
327.16,48.3
327.18,48.33
327.2,49.03
327.21,49.65
327.23,51.43
327.24,52.61
327.26,55.54
327.28,59.23
327.29,61.36
327.31,66.16
327.33,71.62
327.34,74.57
327.36,80.83
327.38,87.47
327.39,90.89
327.41,97.81
327.43,104.7
327.44,108.1
327.46,114.7
327.48,120.8
327.49,123.7
327.51,129.1
327.53,134.0
327.54,136.2
327.56,140.2
327.58,143.7
327.59,145.4
327.61,148.6
327.62,150.2
327.64,153.7
327.66,157.6
327.67,159.9
327.69,165.1
327.71,171.6
327.72,175.5
327.74,184.5
327.76,195.4
327.77,201.7
327.79,216.1
327.81,232.8
327.82,242.1
327.84,262.7
327.86,285.8
327.87,298.3
327.89,325.3
327.91,354.8
327.92,370.4
327.94,403.3
327.95,420.6
327.97,456.6
327.99,494.3
328.0,513.7
328.02,553.3
328.04,593.7
328.05,613.9
328.07,654.2
328.09,693.6
328.1,712.7
328.12,749.2
328.14,782.6
328.15,797.9
328.17,825.1
328.19,847.1
328.2,855.9
328.22,868.7
328.24,874.9
328.25,875.3
328.27,871.1
328.29,860.1
328.3,852.3
328.32,832.4
328.33,820.6
328.35,794.1
328.37,765.1
328.38,750.2
328.4,721.0
328.42,694.5
328.43,683.0
328.45,665.5
328.47,657.7
328.48,658.5
328.5,671.6
328.52,703.2
328.53,727.2
328.55,794.2
328.57,890.4
328.58,950.9
328.6,1100.0
328.62,1289.0
328.63,1401.0
328.65,1661.0
328.67,1973.0
328.68,2149.0
328.7,2545.0
328.71,2764.0
328.73,3245.0
328.75,3783.0
328.76,4072.0
328.78,4685.0
328.8,5341.0
328.81,5682.0
328.83,6380.0
328.85,7090.0
328.86,7445.0
328.88,8141.0
328.9,8805.0
328.91,9120.0
328.93,9701.0
328.95,10200.0
328.96,10420.0
328.98,10780.0
329.0,11020.0
329.01,11090.0
329.03,11150.0
329.05,11070.0
329.06,10990.0
329.08,10730.0
329.09,10560.0
329.11,10130.0
329.13,9612.0
329.14,9321.0
329.16,8690.0
329.18,8008.0
329.19,7653.0
329.21,6931.0
329.23,6204.0
329.24,5844.0
329.26,5141.0
329.28,4470.0
329.29,4150.0
329.31,3547.0
329.33,2996.0
329.34,2741.0
329.36,2275.0
329.38,1867.0
329.39,1684.0
329.41,1358.0
329.42,1214.0
329.44,962.8
329.46,754.7
329.47,665.3
329.49,512.8
329.51,391.0
329.52,340.0
329.54,255.2
329.56,189.7
329.57,162.9
329.59,119.5
329.61,87.12
329.62,74.23
329.64,53.79
329.66,39.02
329.67,33.29
329.69,24.43
329.71,18.23
329.72,15.88
329.74,12.33
329.76,9.911
329.77,9.012
329.79,7.666
329.8,7.165
329.82,6.408
329.84,5.879
329.85,5.671
329.87,5.334
329.89,5.064
329.9,4.945
329.92,4.726
329.94,4.522
329.95,4.423
329.97,4.23
329.99,4.043
330.0,3.951
330.02,3.771
330.04,3.6
330.05,3.519
330.07,3.364
330.09,3.225
330.1,3.162
330.12,3.05
330.14,2.96
330.15,2.924
330.17,2.872
330.18,2.856
330.2,2.848
330.22,2.872
330.23,2.897
330.25,2.976
330.27,3.096
330.28,3.172
330.3,3.359
330.32,3.596
330.33,3.735
330.35,4.054
330.37,4.433
330.38,4.646
330.4,5.119
330.42,5.656
330.43,5.949
330.45,6.581
330.47,7.273
330.48,7.64
330.5,8.411
330.52,9.227
330.53,9.649
330.55,10.52
330.56,10.96
330.58,11.87
330.6,12.8
330.61,13.27
330.63,14.25
330.65,15.3
330.66,15.86
330.68,17.09
330.7,18.53
330.71,19.36
330.73,21.33
330.75,23.84
330.76,25.36
330.78,29.08
330.8,33.92
330.81,36.86
330.83,44.0
330.85,53.14
330.86,58.59
330.88,71.52
330.89,79.11
330.91,96.83
330.93,118.3
330.94,130.6
330.96,158.4
330.98,190.9
330.99,208.9
331.01,248.6
331.03,293.2
331.04,317.2
331.06,368.5
331.08,423.6
331.09,452.4
331.11,511.7
331.13,572.4
331.14,603.0
331.16,663.4
331.18,721.8
331.19,749.7
331.21,801.9
331.23,848.2
331.24,868.6
331.26,903.2
331.27,917.1
331.29,937.4
331.31,947.4
331.32,948.4
331.34,942.3
331.36,925.6
331.37,913.4
331.39,882.1
331.41,842.1
331.42,819.3
331.44,769.0
331.46,713.7
331.47,684.6
331.49,624.6
331.51,563.4
331.52,532.9
331.54,472.7
331.56,414.5
331.57,386.6
331.59,333.5
331.61,284.4
331.62,261.6
331.64,219.5
331.65,200.3
331.67,165.4
331.69,135.1
331.7,121.7
331.72,97.97
331.74,78.13
331.75,69.55
331.77,54.77
331.79,42.83
331.8,37.8
331.82,29.36
331.84,22.77
331.85,20.07
331.87,15.65
331.89,12.34
331.9,11.02
331.92,8.953
331.94,7.492
331.95,6.947
331.97,6.158
331.99,5.695
332.0,5.564
332.02,5.466
332.03,5.488
332.05,5.65
332.07,5.948
332.08,6.14
332.1,6.6
332.12,7.146
332.13,7.446
332.15,8.093
332.17,8.789
332.18,9.15
332.2,9.887
332.22,10.63
332.23,11.0
332.25,11.72
332.27,12.4
332.28,12.73
332.3,13.32
332.32,13.84
332.33,14.07
332.35,14.46
332.36,14.63
332.38,14.89
332.4,15.08
332.41,15.16
332.43,15.28
332.45,15.39
332.46,15.47
332.48,15.68
332.5,16.03
332.51,16.29
332.53,17.05
332.55,18.21
332.56,18.99
332.58,21.05
332.6,23.92
332.61,25.72
332.63,30.22
332.65,36.1
332.66,39.65
332.68,48.16
332.7,58.8
332.71,65.03
332.73,79.51
332.74,87.87
332.76,107.0
332.78,129.7
332.79,142.5
332.81,171.2
332.83,204.3
332.84,222.6
332.86,262.8
332.88,308.0
332.89,332.5
332.91,385.4
332.93,443.5
332.94,474.4
332.96,539.8
332.98,609.9
332.99,646.5
333.01,722.5
333.03,801.6
333.04,842.1
333.06,924.3
333.08,1007.0
333.09,1048.0
333.11,1130.0
333.12,1170.0
333.14,1248.0
333.16,1320.0
333.17,1355.0
333.19,1418.0
333.21,1474.0
333.22,1499.0
333.24,1542.0
333.26,1576.0
333.27,1589.0
333.29,1609.0
333.31,1621.0
333.32,1624.0
333.34,1626.0
333.36,1624.0
333.37,1621.0
333.39,1615.0
333.41,1611.0
333.42,1610.0
333.44,1611.0
333.45,1614.0
333.47,1625.0
333.49,1646.0
333.5,1659.0
333.52,1694.0
333.54,1739.0
333.55,1765.0
333.57,1822.0
333.59,1886.0
333.6,1919.0
333.62,1986.0
333.64,2052.0
333.65,2083.0
333.67,2140.0
333.69,2187.0
333.7,2206.0
333.72,2231.0
333.74,2240.0
333.75,2237.0
333.77,2217.0
333.79,2176.0
333.8,2148.0
333.82,2078.0
333.83,2036.0
333.85,1940.0
333.87,1829.0
333.88,1769.0
333.9,1642.0
333.92,1508.0
333.93,1440.0
333.95,1303.0
333.97,1167.0
333.98,1100.0
334.0,971.9
334.02,851.5
334.03,794.9
334.05,689.8
334.07,596.4
334.08,554.4
334.1,479.9
334.12,418.1
334.13,392.0
334.15,349.1
334.17,318.1
334.18,306.9
334.2,292.5
334.21,289.1
334.23,289.3
334.25,298.2
334.26,305.5
334.28,325.3
334.3,351.1
334.31,365.8
334.33,398.4
334.35,433.9
334.36,452.5
334.38,490.3
334.4,528.0
334.41,546.5
334.43,581.9
334.45,614.4
334.46,629.2
334.48,655.4
334.5,676.5
334.51,685.0
334.53,697.6
334.55,704.5
334.56,705.9
334.58,704.8
334.59,702.5
334.61,695.1
334.63,684.9
334.64,679.3
334.66,667.9
334.68,657.8
334.69,653.9
334.71,649.3
334.73,650.7
334.74,654.3
334.76,667.9
334.78,691.5
334.79,707.4
334.81,747.7
334.83,799.8
334.84,830.2
334.86,899.5
334.88,979.3
334.89,1023.0
334.91,1115.0
334.92,1164.0
334.94,1264.0
334.96,1366.0
334.97,1416.0
334.99,1514.0
335.01,1606.0
335.02,1649.0
335.04,1725.0
335.06,1787.0
335.07,1812.0
335.09,1849.0
335.11,1867.0
335.12,1868.0
335.14,1856.0
335.16,1824.0
335.17,1801.0
335.19,1741.0
335.21,1665.0
335.22,1621.0
335.24,1525.0
335.26,1418.0
335.27,1362.0
335.29,1246.0
335.3,1187.0
335.32,1068.0
335.34,950.7
335.35,893.3
335.37,782.4
335.39,678.2
335.4,629.0
335.42,537.1
335.44,454.6
335.45,417.0
335.47,349.2
335.49,291.3
335.5,266.0
335.52,222.5
335.54,188.2
335.55,174.4
335.57,153.1
335.59,140.1
335.6,136.6
335.62,135.4
335.64,141.8
335.65,147.9
335.67,165.9
335.68,177.9
335.7,207.8
335.72,246.0
335.73,268.4
335.75,319.9
335.77,380.7
335.78,414.8
335.8,490.6
335.82,577.0
335.83,624.3
335.85,727.2
335.87,841.6
335.88,903.1
335.9,1035.0
335.92,1178.0
335.93,1254.0
335.95,1415.0
335.97,1585.0
335.98,1675.0
336.0,1860.0
336.02,2053.0
336.03,2151.0
336.05,2352.0
336.06,2454.0
336.08,2658.0
336.1,2860.0
336.11,2959.0
336.13,3151.0
336.15,3332.0
336.16,3417.0
336.18,3573.0
336.2,3708.0
336.21,3766.0
336.23,3861.0
336.25,3925.0
336.26,3945.0
336.28,3960.0
336.3,3939.0
336.31,3915.0
336.33,3841.0
336.35,3733.0
336.36,3667.0
336.38,3513.0
336.39,3426.0
336.41,3235.0
336.43,3023.0
336.44,2912.0
336.46,2681.0
336.48,2443.0
336.49,2324.0
336.51,2085.0
336.53,1852.0
336.54,1739.0
336.56,1520.0
336.58,1315.0
336.59,1219.0
336.61,1038.0
336.63,875.2
336.64,800.5
336.66,664.6
336.68,546.3
336.69,493.5
336.71,400.2
336.73,322.0
336.74,288.2
336.76,230.3
336.77,205.9
336.79,165.2
336.81,134.5
336.82,122.5
336.84,104.7
336.86,94.39
336.87,91.88
336.89,91.8
336.91,98.07
336.92,103.5
336.94,119.1
336.96,140.8
336.97,154.1
336.99,185.4
337.01,223.2
337.02,244.7
337.04,292.6
337.06,347.2
337.07,377.0
337.09,441.2
337.11,511.2
337.12,548.2
337.14,625.4
337.15,665.4
337.17,747.2
337.19,830.2
337.2,871.6
337.22,953.2
337.24,1031.0
337.25,1069.0
337.27,1139.0
337.29,1201.0
337.3,1228.0
337.32,1276.0
337.34,1312.0
337.35,1326.0
337.37,1344.0
337.39,1350.0
337.4,1349.0
337.42,1338.0
337.44,1316.0
337.45,1301.0
337.47,1266.0
337.49,1224.0
337.5,1201.0
337.52,1152.0
337.53,1126.0
337.55,1073.0
337.57,1020.0
337.58,993.5
337.6,941.3
337.62,890.9
337.63,866.6
337.65,819.8
337.67,775.5
337.68,754.3
337.7,713.6
337.72,674.8
337.73,656.0
337.75,619.3
337.77,583.6
337.78,565.9
337.8,530.8
337.82,495.9
337.83,478.4
337.85,443.5
337.86,426.1
337.88,391.4
337.9,357.1
337.91,340.1
337.93,306.9
337.95,274.8
337.96,259.2
337.98,229.4
338.0,201.4
338.01,188.2
338.03,163.5
338.05,141.2
338.06,131.0
338.08,112.3
338.1,96.16
338.11,88.98
338.13,76.37
338.15,66.01
338.16,61.62
338.18,54.35
338.2,48.95
338.21,46.9
338.23,43.99
338.24,43.1
338.26,42.34
338.28,42.82
338.29,43.49
338.31,45.61
338.33,48.64
338.34,50.47
338.36,54.67
338.38,59.48
338.39,62.08
338.41,67.58
338.43,73.36
338.44,76.32
338.46,82.26
338.48,88.12
338.49,90.96
338.51,96.4
338.53,101.4
338.54,103.6
338.56,107.6
338.58,110.8
338.59,112.1
338.61,114.0
338.62,114.6
338.64,115.0
338.66,114.4
338.67,113.8
338.69,111.8
338.71,109.1
338.72,107.5
338.74,103.8
338.76,99.77
338.77,97.64
338.79,93.35
338.81,89.17
338.82,87.21
338.84,83.65
338.86,80.8
338.87,79.7
338.89,78.29
338.91,78.09
338.92,78.5
338.94,80.39
338.96,83.83
338.97,86.15
338.99,92.0
339.0,95.53
339.02,103.8
339.04,113.5
339.05,118.8
339.07,130.5
339.09,143.1
339.1,149.7
339.12,163.2
339.14,177.0
339.15,183.8
339.17,197.2
339.19,209.8
339.2,215.8
339.22,226.7
339.24,236.0
339.25,240.0
339.27,246.6
339.29,251.2
339.3,252.8
339.32,254.5
339.33,254.6
339.35,253.7
339.37,251.4
339.38,249.9
339.4,246.3
339.42,242.6
339.43,240.9
339.45,238.1
339.47,236.8
339.48,236.9
339.5,239.1
339.52,244.5
339.53,248.6
339.55,260.1
339.57,276.3
339.58,286.4
339.6,310.8
339.62,340.9
339.63,358.2
339.65,397.3
339.67,442.3
339.68,466.9
339.7,520.3
339.71,548.8
339.73,609.1
339.75,673.0
339.76,706.0
339.78,773.1
339.8,840.6
339.81,874.0
339.83,939.2
339.85,1001.0
339.86,1030.0
339.88,1083.0
339.9,1128.0
339.91,1147.0
339.93,1179.0
339.95,1199.0
339.96,1205.0
339.98,1208.0
340.0,1198.0
340.01,1189.0
340.03,1163.0
340.05,1125.0
340.06,1102.0
340.08,1050.0
340.09,1021.0
340.11,957.8
340.13,889.2
340.14,853.5
340.16,780.1
340.18,705.6
340.19,668.5
340.21,595.4
340.23,524.8
340.24,490.8
340.26,426.1
340.28,366.2
340.29,338.2
340.31,286.5
340.33,240.4
340.34,219.5
340.36,181.9
340.38,149.6
340.39,135.4
340.41,110.4
340.43,89.78
340.44,80.92
340.46,65.82
340.47,59.47
340.49,48.84
340.51,40.62
340.52,37.29
340.54,31.94
340.56,28.05
340.57,26.57
340.59,24.35
340.61,22.94
340.62,22.48
340.64,21.95
340.66,21.82
340.67,21.87
340.69,22.14
340.71,22.59
340.72,22.86
340.74,23.46
340.76,24.13
340.77,24.47
340.79,25.18
340.8,25.53
340.82,26.25
340.84,26.98
340.85,27.35
340.87,28.08
340.89,28.83
340.9,29.22
340.92,30.0
340.94,30.8
340.95,31.22
340.97,32.08
340.99,32.98
341.0,33.44
341.02,34.4
341.04,35.4
341.05,35.91
341.07,36.95
341.09,38.01
341.1,38.54
341.12,39.59
341.14,40.62
341.15,41.12
341.17,42.07
341.18,42.51
341.2,43.33
341.22,44.02
341.23,44.31
341.25,44.77
341.27,45.04
341.28,45.1
341.3,45.06
341.32,44.79
341.33,44.56
341.35,43.94
341.37,43.08
341.38,42.57
341.4,41.4
341.42,40.04
341.43,39.3
341.45,37.73
341.47,36.05
341.48,35.19
341.5,33.45
341.52,31.71
341.53,30.85
341.55,29.19
341.56,28.39
341.58,26.88
341.6,25.5
341.61,24.86
341.63,23.69
341.65,22.67
341.66,22.22
341.68,21.41
341.7,20.73
341.71,20.43
341.73,19.9
341.75,19.44
341.76,19.24
341.78,18.84
341.8,18.47
341.81,18.29
341.83,17.93
341.85,17.56
341.86,17.37
341.88,17.01
341.89,16.84
341.91,16.54
341.93,16.34
341.94,16.29
341.96,16.34
341.98,16.67
341.99,16.97
342.01,17.94
342.03,19.53
342.04,20.61
342.06,23.47
342.08,27.46
342.09,29.95
342.11,36.13
342.13,44.14
342.14,48.94
342.16,60.32
342.18,74.39
342.19,82.54
342.21,101.3
342.23,123.5
342.24,136.0
342.26,163.9
342.27,179.4
342.29,213.3
342.31,251.3
342.32,271.7
342.34,315.3
342.36,362.1
342.37,386.6
342.39,437.1
342.41,489.1
342.42,515.3
342.44,567.6
342.46,618.5
342.47,643.1
342.49,689.8
342.51,732.1
342.52,751.2
342.54,784.6
342.56,810.9
342.57,821.2
342.59,835.4
342.61,840.9
342.62,840.4
342.64,832.8
342.65,825.8
342.67,805.6
342.69,777.8
342.7,761.4
342.72,723.9
342.74,681.4
342.75,658.6
342.77,610.7
342.79,560.8
342.8,535.4
342.82,484.7
342.84,434.8
342.85,410.4
342.87,363.4
342.89,319.0
342.9,298.1
342.92,258.7
342.94,223.0
342.95,206.6
342.97,176.5
342.99,150.0
343.0,138.1
343.02,116.8
343.03,107.2
343.05,90.31
343.07,75.97
343.08,69.66
343.1,58.59
343.12,49.31
343.13,45.25
343.15,38.15
343.17,32.2
343.18,29.6
343.2,25.02
343.22,21.16
343.23,19.45
343.25,16.44
343.27,13.87
343.28,12.72
343.3,10.69
343.32,8.953
343.33,8.18
343.35,6.807
343.36,6.2
343.38,5.127
343.4,4.227
343.41,3.836
343.43,3.164
343.45,2.63
343.46,2.411
343.48,2.07
343.5,1.857
343.51,1.8
343.53,1.792
343.55,1.942
343.56,2.085
343.58,2.526
343.6,3.216
343.61,3.673
343.63,4.855
343.65,6.47
343.66,7.472
343.68,9.942
343.7,13.15
343.71,15.08
343.73,19.71
343.74,22.46
343.76,28.94
343.78,36.93
343.79,41.56
343.81,52.24
343.83,65.0
343.84,72.23
343.86,88.51
343.88,107.4
343.89,117.8
343.91,140.7
343.93,166.3
343.94,180.1
343.96,209.6
343.98,241.5
343.99,258.2
344.01,292.8
344.03,328.7
344.04,347.0
344.06,383.5
344.08,419.6
344.09,437.1
344.11,470.9
344.12,486.8
344.14,516.3
344.16,542.0
344.17,553.1
344.19,571.7
344.21,584.9
344.22,589.3
344.24,593.6
344.26,591.9
344.27,588.8
344.29,578.1
344.31,562.0
344.32,552.0
344.34,528.5
344.36,501.0
344.37,486.0
344.39,454.0
344.41,420.1
344.42,402.6
344.44,367.3
344.46,332.1
344.47,314.7
344.49,280.9
344.5,264.6
344.52,233.4
344.54,204.6
344.55,191.1
344.57,166.1
344.59,143.9
344.6,133.8
344.62,115.8
344.64,100.3
344.65,93.56
344.67,81.82
344.69,72.28
344.7,68.26
344.72,61.6
344.74,56.56
344.75,54.57
344.77,51.55
344.79,49.61
344.8,48.98
344.82,48.33
344.83,48.27
344.85,48.58
344.87,49.43
344.88,50.02
344.9,51.56
344.92,53.53
344.93,54.7
344.95,57.43
344.97,60.76
344.98,62.68
345.0,67.16
345.02,72.61
345.03,75.75
345.05,83.0
345.07,91.7
345.08,96.66
345.1,107.9
345.12,121.0
345.13,128.3
345.15,144.5
345.17,162.7
345.18,172.5
345.2,193.6
345.21,204.9
345.23,228.5
345.25,253.4
345.26,266.2
345.28,292.2
345.3,318.1
345.31,330.9
345.33,355.7
345.35,378.9
345.36,389.7
345.38,409.3
345.4,425.7
345.41,432.6
345.43,443.2
345.45,449.6
345.46,451.1
345.48,450.6
345.5,445.6
345.51,441.4
345.53,429.8
345.55,414.2
345.56,405.1
345.58,384.6
345.59,373.3
345.61,349.1
345.63,323.5
345.64,310.3
345.66,283.8
345.68,257.6
345.69,244.8
345.71,220.3
345.73,197.9
345.74,187.6
345.76,169.2
345.78,154.2
345.79,148.1
345.81,139.0
345.83,134.5
345.84,134.1
345.86,137.2
345.88,145.7
345.89,152.2
345.91,169.7
345.93,193.6
345.94,208.0
345.96,241.9
345.97,261.4
345.99,305.7
346.01,356.8
346.02,384.9
346.04,446.0
346.06,513.2
346.07,548.9
346.09,623.9
346.11,703.0
346.12,743.7
346.14,826.7
346.16,910.4
346.17,952.1
346.19,1034.0
346.21,1113.0
346.22,1150.0
346.24,1221.0
346.26,1284.0
346.27,1313.0
346.29,1362.0
346.3,1383.0
346.32,1417.0
346.34,1440.0
346.35,1447.0
346.37,1451.0
346.39,1444.0
346.4,1437.0
346.42,1413.0
346.44,1379.0
346.45,1359.0
346.47,1312.0
346.49,1258.0
346.5,1229.0
346.52,1166.0
346.54,1099.0
346.55,1065.0
346.57,994.6
346.59,923.6
346.6,888.1
346.62,817.9
346.64,749.5
346.65,716.2
346.67,651.9
346.68,621.0
346.7,562.0
346.72,507.1
346.73,481.2
346.75,432.8
346.77,388.8
346.78,368.5
346.8,331.0
346.82,297.7
346.83,282.6
346.85,255.1
346.87,231.2
346.88,220.6
346.9,201.6
346.92,185.6
346.93,178.7
346.95,166.8
346.97,157.6
346.98,154.0
347.0,148.8
347.02,146.4
347.03,146.3
347.05,148.4
347.06,150.7
347.08,158.0
347.1,169.3
347.11,176.5
347.13,194.4
347.15,217.1
347.16,230.4
347.18,260.9
347.2,296.9
347.21,317.0
347.23,361.2
347.25,410.5
347.26,437.0
347.28,493.2
347.3,553.2
347.31,584.3
347.33,647.9
347.35,712.4
347.36,744.6
347.38,807.9
347.4,868.4
347.41,897.1
347.43,950.5
347.44,974.8
347.46,1018.0
347.48,1052.0
347.49,1066.0
347.51,1086.0
347.53,1095.0
347.54,1095.0
347.56,1088.0
347.58,1070.0
347.59,1057.0
347.61,1024.0
347.63,982.8
347.64,959.1
347.66,906.7
347.68,848.8
347.69,818.3
347.71,754.9
347.73,689.8
347.74,657.0
347.76,591.8
347.77,559.6
347.79,497.1
347.81,437.5
347.82,409.0
347.84,355.2
347.86,305.9
347.87,282.9
347.89,240.7
347.91,203.2
347.92,186.2
347.94,155.7
347.96,129.4
347.97,117.8
347.99,97.36
348.01,80.33
348.02,72.96
348.04,60.3
348.06,50.05
348.07,45.73
348.09,38.45
348.11,32.74
348.12,30.4
348.14,26.55
348.15,25.0
348.17,22.54
348.19,20.79
348.2,20.14
348.22,19.27
348.24,18.89
348.25,18.89
348.27,19.24
348.29,20.1
348.3,20.74
348.32,22.5
348.34,24.97
348.35,26.51
348.37,30.29
348.39,35.14
348.4,38.02
348.42,44.77
348.44,53.01
348.45,57.74
348.47,68.52
348.49,81.16
348.5,88.2
348.52,103.8
348.53,112.4
348.55,131.0
348.57,151.6
348.58,162.5
348.6,185.7
348.62,210.3
348.63,223.0
348.65,249.0
348.67,275.4
348.68,288.6
348.7,314.5
348.72,339.4
348.73,351.3
348.75,373.5
348.77,393.1
348.78,401.8
348.8,416.6
348.82,427.6
348.83,431.6
348.85,436.4
348.87,436.9
348.88,435.5
348.9,429.6
348.91,425.1
348.93,413.1
348.95,397.6
348.96,388.7
348.98,368.8
349.0,346.6
349.01,334.9
349.03,310.5
349.05,285.4
349.06,272.8
349.08,247.7
349.1,223.3
349.11,211.5
349.13,188.9
349.15,168.1
349.16,158.4
349.18,140.6
349.2,125.2
349.21,118.4
349.23,106.7
349.24,101.9
349.26,94.18
349.28,89.2
349.29,87.73
349.31,86.85
349.33,88.69
349.34,90.63
349.36,96.52
349.38,105.1
349.39,110.3
349.41,122.7
349.43,137.5
349.44,145.8
349.46,164.0
349.48,184.3
349.49,195.1
349.51,218.1
349.53,242.4
349.54,255.1
349.56,281.0
349.58,307.8
349.59,321.3
349.61,348.5
349.62,362.1
349.64,389.2
349.66,415.7
349.67,428.8
349.69,454.3
349.71,478.7
349.72,490.5
349.74,513.1
349.76,534.2
349.77,544.1
349.79,562.7
349.81,579.3
349.82,586.9
349.84,600.3
349.86,611.2
349.87,615.7
349.89,622.6
349.91,626.5
349.92,627.2
349.94,626.1
349.96,621.4
349.97,617.7
349.99,607.6
350.0,601.1
350.02,585.3
350.04,566.0
350.05,555.1
350.07,530.9
350.09,503.9
350.1,489.5
350.12,459.1
350.14,427.2
350.15,410.9
350.17,377.8
350.19,344.9
350.2,328.6
350.22,296.9
350.24,266.9
350.25,252.6
350.27,226.1
350.29,202.7
350.3,192.2
350.32,174.2
350.34,160.3
350.35,155.0
350.37,147.9
350.38,146.3
350.4,146.8
350.42,152.8
350.43,157.9
350.45,172.4
350.47,192.9
350.48,205.4
350.5,235.1
350.52,270.9
350.53,291.0
350.55,335.9
350.57,386.6
350.58,414.0
350.6,472.6
350.62,535.7
350.63,568.7
350.65,637.0
350.67,707.6
350.68,743.4
350.7,815.1
350.71,850.7
350.73,920.5
350.75,987.3
350.76,1019.0
350.78,1079.0
350.8,1132.0
350.81,1155.0
350.83,1196.0
350.85,1228.0
350.86,1240.0
350.88,1256.0
350.9,1262.0
350.91,1261.0
350.93,1251.0
350.95,1230.0
350.96,1216.0
350.98,1181.0
351.0,1137.0
351.01,1113.0
351.03,1058.0
351.05,998.3
351.06,966.6
351.08,900.7
351.09,866.8
351.11,797.9
351.13,728.7
351.14,694.2
351.16,626.4
351.18,560.9
351.19,529.2
351.21,468.4
351.23,411.5
351.24,384.7
351.26,334.5
351.28,288.9
351.29,267.9
351.31,229.3
351.33,195.3
351.34,179.9
351.36,152.3
351.38,128.6
351.39,118.1
351.41,99.53
351.43,83.94
351.44,77.15
351.46,65.31
351.47,60.19
351.49,51.31
351.51,44.01
351.52,40.86
351.54,35.41
351.56,30.91
351.57,28.96
351.59,25.53
351.61,22.65
351.62,21.37
351.64,19.09
351.66,17.13
351.67,16.24
351.69,14.65
351.71,13.25
351.72,12.63
351.74,11.5
351.76,10.54
351.77,10.12
351.79,9.396
351.8,9.089
351.82,8.581
351.84,8.213
351.85,8.079
351.87,7.906
351.89,7.853
351.9,7.868
351.92,7.972
351.94,8.166
351.95,8.293
351.97,8.594
351.99,8.949
352.0,9.142
352.02,9.548
352.04,9.968
352.05,10.18
352.07,10.6
352.09,10.99
352.1,11.18
352.12,11.53
352.14,11.83
352.15,11.96
352.17,12.19
352.18,12.29
352.2,12.43
352.22,12.53
352.23,12.56
352.25,12.59
352.27,12.59
352.28,12.58
352.3,12.54
352.32,12.5
352.33,12.48
352.35,12.46
352.37,12.47
352.38,12.48
352.4,12.56
352.42,12.68
352.43,12.77
352.45,12.99
352.47,13.28
352.48,13.45
352.5,13.84
352.52,14.28
352.53,14.52
352.55,15.03
352.56,15.29
352.58,15.82
352.6,16.35
352.61,16.61
352.63,17.09
352.65,17.53
352.66,17.72
352.68,18.04
352.7,18.26
352.71,18.34
352.73,18.4
352.75,18.35
352.76,18.28
352.78,18.05
352.8,17.72
352.81,17.51
352.83,17.02
352.85,16.45
352.86,16.14
352.88,15.47
352.9,14.75
352.91,14.39
352.93,13.64
352.94,13.27
352.96,12.54
352.98,11.83
352.99,11.48
353.01,10.84
353.03,10.24
353.04,9.971
353.06,9.475
353.08,9.051
353.09,8.867
353.11,8.553
353.13,8.312
353.14,8.219
353.16,8.083
353.18,8.012
353.19,7.999
353.21,8.014
353.23,8.078
353.24,8.127
353.26,8.251
353.27,8.324
353.29,8.491
353.31,8.678
353.32,8.777
353.34,8.981
353.36,9.189
353.37,9.294
353.39,9.501
353.41,9.704
353.42,9.802
353.44,9.994
353.46,10.18
353.47,10.27
353.49,10.44
353.51,10.6
353.52,10.68
353.54,10.83
353.56,10.97
353.57,11.04
353.59,11.18
353.61,11.3
353.62,11.36
353.64,11.47
353.65,11.52
353.67,11.62
353.69,11.7
353.7,11.74
353.72,11.8
353.74,11.85
353.75,11.87
353.77,11.91
353.79,11.95
353.8,11.97
353.82,12.01
353.84,12.07
353.85,12.11
353.87,12.21
353.89,12.35
353.9,12.44
353.92,12.65
353.94,12.92
353.95,13.08
353.97,13.44
353.99,13.86
354.0,14.1
354.02,14.61
354.03,14.88
354.05,15.45
354.07,16.06
354.08,16.36
354.1,16.98
354.12,17.58
354.13,17.87
354.15,18.41
354.17,18.9
354.18,19.12
354.2,19.5
354.22,19.81
354.23,19.94
354.25,20.15
354.27,20.31
354.28,20.38
354.3,20.53
354.32,20.74
354.33,20.88
354.35,21.32
354.37,22.02
354.38,22.51
354.4,23.86
354.41,24.76
354.43,27.1
354.45,30.35
354.46,32.38
354.48,37.41
354.5,43.95
354.51,47.86
354.53,57.17
354.55,68.68
354.56,75.36
354.58,90.73
354.6,109.0
354.61,119.3
354.63,142.3
354.65,168.7
354.66,183.2
354.68,214.8
354.7,249.6
354.71,268.3
354.73,307.7
354.74,328.4
354.76,371.5
354.78,416.2
354.79,439.0
354.81,484.8
354.83,530.2
354.84,552.4
354.86,595.4
354.88,635.4
354.89,654.0
354.91,687.7
354.93,716.1
354.94,728.0
354.96,747.0
354.98,759.1
354.99,762.4
355.01,763.5
355.03,757.2
355.04,751.4
355.06,734.6
355.08,711.4
355.09,697.7
355.11,666.4
355.12,649.0
355.14,611.6
355.16,571.2
355.17,550.3
355.19,507.6
355.21,464.6
355.22,443.2
355.24,401.3
355.26,360.9
355.27,341.6
355.29,304.8
355.31,270.8
355.32,255.0
355.34,225.6
355.36,199.5
355.37,187.7
355.39,166.3
355.41,147.8
355.42,139.6
355.44,125.1
355.46,112.8
355.47,107.5
355.49,98.25
355.5,94.22
355.52,87.24
355.54,81.47
355.55,78.96
355.57,74.57
355.59,70.86
355.6,69.2
355.62,66.21
355.64,63.55
355.65,62.31
355.67,59.96
355.69,57.73
355.7,56.65
355.72,54.53
355.74,52.44
355.75,51.41
355.77,49.34
355.79,47.27
355.8,46.24
355.82,44.18
355.84,42.13
355.85,41.1
355.87,39.07
355.88,38.06
355.9,36.05
355.92,34.08
355.93,33.11
355.95,31.2
355.97,29.35
355.98,28.45
356.0,26.72
356.02,25.08
356.03,24.31
356.05,22.87
356.07,21.59
356.08,21.02
356.1,20.05
356.12,19.33
356.13,19.08
356.15,18.84
356.17,18.99
356.18,19.22
356.2,20.08
356.21,20.71
356.23,22.47
356.25,24.96
356.26,26.52
356.28,30.36
356.3,35.3
356.31,38.25
356.33,45.22
356.35,53.86
356.36,58.88
356.38,70.56
356.4,84.69
356.41,92.79
356.43,111.3
356.45,133.4
356.46,145.9
356.48,174.0
356.5,206.8
356.51,225.2
356.53,265.8
356.55,312.2
356.56,337.6
356.58,393.0
356.59,423.0
356.61,487.6
356.63,558.2
356.64,595.7
356.66,674.5
356.68,757.8
356.69,800.9
356.71,889.2
356.73,979.1
356.74,1024.0
356.76,1114.0
356.78,1200.0
356.79,1242.0
356.81,1322.0
356.83,1394.0
356.84,1426.0
356.86,1484.0
356.88,1530.0
356.89,1548.0
356.91,1575.0
356.93,1587.0
356.94,1588.0
356.96,1579.0
356.97,1569.0
356.99,1539.0
357.01,1496.0
357.02,1470.0
357.04,1409.0
357.06,1339.0
357.07,1301.0
357.09,1220.0
357.11,1134.0
357.12,1089.0
357.14,999.3
357.16,909.0
357.17,864.2
357.19,776.5
357.21,692.2
357.22,651.7
357.24,574.4
357.26,502.9
357.27,469.5
357.29,407.3
357.31,351.6
357.32,326.2
357.34,280.0
357.35,259.2
357.37,222.0
357.39,190.2
357.4,176.2
357.42,151.6
357.44,131.1
357.45,122.3
357.47,107.0
357.49,94.58
357.5,89.26
357.52,80.17
357.54,72.82
357.55,69.69
357.57,64.33
357.59,59.96
357.6,58.09
357.62,54.86
357.64,52.23
357.65,51.12
357.67,49.26
357.68,48.51
357.7,47.38
357.72,46.77
357.73,46.68
357.75,46.95
357.77,47.92
357.78,48.69
357.8,50.85
357.82,53.94
357.83,55.86
357.85,60.5
357.87,66.29
357.88,69.63
357.9,77.25
357.92,86.16
357.93,91.11
357.95,102.0
357.97,114.2
357.98,120.8
358.0,134.9
358.02,150.3
358.03,158.5
358.05,175.6
358.06,184.6
358.08,203.4
358.1,223.3
358.11,233.5
358.13,254.8
358.15,277.0
358.16,288.4
358.18,311.9
358.2,336.3
358.21,348.8
358.23,374.3
358.25,400.5
358.26,413.8
358.28,440.9
358.3,468.3
358.31,482.1
358.33,509.6
358.35,536.7
358.36,549.9
358.38,575.7
358.4,600.0
358.41,611.4
358.43,632.4
358.44,641.9
358.46,658.4
358.48,671.2
358.49,676.1
358.51,682.6
358.53,684.4
358.54,683.5
358.56,677.9
358.58,667.3
358.59,660.2
358.61,642.3
358.63,620.0
358.64,607.3
358.66,579.2
358.68,547.9
358.69,531.3
358.71,496.7
358.73,460.7
358.74,442.4
358.76,405.9
358.78,369.8
358.79,352.2
358.81,318.1
358.82,301.9
358.84,271.1
358.86,243.2
358.87,230.3
358.89,207.2
358.91,187.6
358.92,179.2
358.94,165.2
358.96,155.0
358.97,151.3
358.99,146.8
359.01,145.9
359.02,146.7
359.04,151.0
359.06,158.3
359.07,163.0
359.09,174.5
359.11,188.2
359.12,195.7
359.14,212.0
359.15,220.6
359.17,238.4
359.19,256.6
359.2,265.6
359.22,283.2
359.24,299.9
359.25,307.6
359.27,321.8
359.29,333.7
359.3,338.7
359.32,346.7
359.34,351.6
359.35,352.9
359.37,353.0
359.39,350.0
359.4,347.4
359.42,339.9
359.44,329.8
359.45,323.9
359.47,310.7
359.49,296.1
359.5,288.5
359.52,273.0
359.53,265.4
359.55,250.8
359.57,237.8
359.58,232.1
359.6,223.3
359.62,218.4
359.63,217.7
359.65,220.8
359.67,230.5
359.68,238.1
359.7,259.9
359.72,291.3
359.73,310.9
359.75,358.7
359.77,418.9
359.78,453.9
359.8,534.5
359.82,629.6
359.83,682.8
359.85,800.6
359.87,933.6
359.88,1006.0
359.9,1161.0
359.91,1244.0
359.93,1418.0
359.95,1604.0
359.96,1700.0
359.98,1897.0
360.0,2097.0
360.01,2198.0
360.03,2398.0
360.05,2592.0
360.06,2686.0
360.08,2863.0
360.1,3024.0
360.11,3098.0
360.13,3227.0
360.15,3332.0
360.16,3373.0
360.18,3435.0
360.2,3465.0
360.21,3469.0
360.23,3452.0
360.25,3405.0
360.26,3369.0
360.28,3278.0
360.29,3222.0
360.31,3092.0
360.33,2941.0
360.34,2859.0
360.36,2683.0
360.38,2496.0
360.39,2399.0
360.41,2202.0
360.43,2005.0
360.44,1907.0
360.46,1714.0
360.48,1529.0
360.49,1440.0
360.51,1271.0
360.53,1114.0
360.54,1041.0
360.56,906.6
360.58,787.6
360.59,734.1
360.61,639.2
360.62,597.8
360.64,526.7
360.66,471.1
360.67,448.9
360.69,415.6
360.71,396.3
360.72,391.7
360.74,392.3
360.76,405.3
360.77,416.3
360.79,446.8
360.81,488.2
360.82,512.7
360.84,569.0
360.86,634.3
360.87,670.1
360.89,747.2
360.91,830.8
360.92,874.7
360.94,965.9
360.96,1060.0
360.97,1108.0
360.99,1204.0
361.0,1251.0
361.02,1344.0
361.04,1433.0
361.05,1475.0
361.07,1554.0
361.09,1624.0
361.1,1655.0
361.12,1708.0
361.14,1748.0
361.15,1763.0
361.17,1781.0
361.19,1784.0
361.2,1780.0
361.22,1761.0
361.24,1727.0
361.25,1705.0
361.27,1651.0
361.29,1585.0
361.3,1548.0
361.32,1468.0
361.34,1381.0
361.35,1335.0
361.37,1241.0
361.38,1194.0
361.4,1098.0
361.42,1004.0
361.43,957.7
361.45,868.3
361.47,784.0
361.48,744.1
361.5,669.4
361.52,602.0
361.53,571.2
361.55,515.3
361.57,467.2
361.58,445.9
361.6,408.9
361.62,378.6
361.63,365.8
361.65,344.6
361.67,328.6
361.68,322.4
361.7,312.8
361.71,309.4
361.73,304.9
361.75,303.0
361.76,302.9
361.78,304.1
361.8,306.9
361.81,308.9
361.83,313.8
361.85,319.9
361.86,323.5
361.88,331.5
361.9,340.9
361.91,346.2
361.93,357.9
361.95,371.5
361.96,379.0
361.98,395.6
362.0,414.6
362.01,425.0
362.03,447.9
362.05,473.7
362.06,487.7
362.08,518.2
362.09,534.7
362.11,570.1
362.13,609.0
362.14,629.7
362.16,673.7
362.18,720.9
362.19,745.8
362.21,797.6
362.23,852.0
362.24,879.9
362.26,937.2
362.28,995.4
362.29,1025.0
362.31,1083.0
362.33,1140.0
362.34,1167.0
362.36,1220.0
362.38,1268.0
362.39,1291.0
362.41,1331.0
362.43,1364.0
362.44,1378.0
362.46,1399.0
362.47,1407.0
362.49,1415.0
362.51,1416.0
362.52,1413.0
362.54,1401.0
362.56,1383.0
362.57,1372.0
362.59,1346.0
362.61,1318.0
362.62,1304.0
362.64,1276.0
362.66,1252.0
362.67,1242.0
362.69,1227.0
362.71,1223.0
362.72,1226.0
362.74,1242.0
362.76,1274.0
362.77,1297.0
362.79,1357.0
362.81,1439.0
362.82,1488.0
362.84,1602.0
362.85,1667.0
362.87,1815.0
362.89,1984.0
362.9,2075.0
362.92,2273.0
362.94,2487.0
362.95,2599.0
362.97,2832.0
362.99,3073.0
363.0,3195.0
363.02,3439.0
363.04,3680.0
363.05,3797.0
363.07,4024.0
363.09,4235.0
363.1,4333.0
363.12,4513.0
363.14,4667.0
363.15,4734.0
363.17,4844.0
363.18,4887.0
363.2,4948.0
363.22,4976.0
363.23,4977.0
363.25,4954.0
363.27,4899.0
363.28,4860.0
363.3,4759.0
363.32,4632.0
363.33,4558.0
363.35,4396.0
363.37,4214.0
363.38,4117.0
363.4,3913.0
363.42,3698.0
363.43,3587.0
363.45,3362.0
363.47,3135.0
363.48,3021.0
363.5,2794.0
363.52,2570.0
363.53,2461.0
363.55,2246.0
363.56,2142.0
363.58,1940.0
363.6,1748.0
363.61,1656.0
363.63,1481.0
363.65,1318.0
363.66,1240.0
363.68,1095.0
363.7,962.6
363.71,900.9
363.73,786.5
363.75,684.1
363.76,637.3
363.78,552.1
363.8,477.8
363.81,444.6
363.83,385.8
363.85,336.7
363.86,315.7
363.88,280.7
363.9,254.6
363.91,245.0
363.93,232.5
363.94,229.8
363.96,231.4
363.98,243.2
363.99,253.1
364.01,281.7
364.03,322.8
364.04,348.6
364.06,411.4
364.08,490.6
364.09,537.0
364.11,644.3
364.13,772.6
364.14,845.1
364.16,1008.0
364.18,1195.0
364.19,1298.0
364.21,1524.0
364.23,1776.0
364.24,1911.0
364.26,2199.0
364.28,2509.0
364.29,2672.0
364.31,3009.0
364.32,3183.0
364.34,3537.0
364.36,3896.0
364.37,4075.0
364.39,4427.0
364.41,4767.0
364.42,4929.0
364.44,5234.0
364.46,5508.0
364.47,5631.0
364.49,5844.0
364.51,6011.0
364.52,6075.0
364.54,6163.0
364.56,6195.0
364.57,6190.0
364.59,6139.0
364.61,6033.0
364.62,5960.0
364.64,5779.0
364.65,5672.0
364.67,5427.0
364.69,5147.0
364.7,4997.0
364.72,4678.0
364.74,4342.0
364.75,4171.0
364.77,3823.0
364.79,3476.0
364.8,3305.0
364.82,2970.0
364.84,2648.0
364.85,2494.0
364.87,2199.0
364.89,1926.0
364.9,1798.0
364.92,1559.0
364.94,1344.0
364.95,1245.0
364.97,1064.0
364.99,905.3
365.0,833.5
365.02,704.3
365.03,646.6
365.05,543.5
365.07,455.5
365.08,416.6
365.1,348.1
365.12,290.5
365.13,265.2
365.15,221.1
365.17,184.4
365.18,168.5
365.2,140.8
365.22,118.0
365.23,108.2
365.25,91.24
365.27,77.49
365.28,71.66
365.3,61.85
365.32,54.23
365.33,51.16
365.35,46.41
365.37,43.39
365.38,42.5
365.4,41.99
365.41,42.36
365.43,44.42
365.45,48.33
365.46,51.02
365.48,58.0
365.5,67.29
365.51,72.88
365.53,86.1
365.55,102.3
365.56,111.5
365.58,132.6
365.6,157.2
365.61,170.9
365.63,201.1
365.65,235.2
365.66,253.6
365.68,293.3
365.7,336.5
365.71,359.3
365.73,407.1
365.75,457.1
365.76,482.8
365.78,535.1
365.79,561.4
365.81,613.8
365.83,665.0
365.84,689.8
365.86,737.3
365.88,780.9
365.89,801.0
365.91,836.9
365.93,866.8
365.94,879.2
365.96,898.5
365.98,910.5
365.99,913.6
366.01,914.1
366.03,907.3
366.04,901.3
366.06,884.5
366.08,862.0
366.09,848.8
366.11,819.6
366.12,803.7
366.14,770.3
366.16,735.7
366.17,718.3
366.19,684.0
366.21,651.4
366.22,636.1
366.24,607.8
366.26,583.2
366.27,572.4
366.29,554.3
366.31,540.8
366.32,535.7
366.34,528.8
366.36,526.0
366.37,526.0
366.39,528.2
366.41,532.9
366.42,535.9
366.44,542.7
366.46,549.9
366.47,553.3
366.49,559.3
366.5,561.7
366.52,564.8
366.54,565.1
366.55,564.1
366.57,559.5
366.59,551.1
366.6,545.5
366.62,531.4
366.64,513.7
366.65,503.5
366.67,480.7
366.69,455.2
366.7,441.5
366.72,412.7
366.74,382.4
366.75,366.9
366.77,335.7
366.79,304.5
366.8,289.1
366.82,259.0
366.84,230.3
366.85,216.5
366.87,190.4
366.88,178.2
366.9,155.4
366.92,135.0
366.93,125.7
366.95,109.1
366.97,95.0
366.98,88.9
367.0,78.59
367.02,70.72
367.03,67.69
367.05,63.37
367.07,61.33
367.08,61.16
367.1,62.46
367.12,65.97
367.13,68.54
367.15,75.36
367.17,84.43
367.18,89.83
367.2,102.4
367.22,117.5
367.23,125.9
367.25,144.9
367.26,155.4
367.28,178.5
367.3,204.6
367.31,218.8
367.33,249.4
367.35,283.1
367.36,301.1
367.38,339.4
367.4,380.6
367.41,402.3
367.43,447.6
367.45,495.2
367.46,519.7
367.48,569.9
367.5,621.1
367.51,646.9
367.53,698.5
367.55,749.3
367.56,774.2
367.58,822.2
367.59,845.2
367.61,888.6
367.63,927.8
367.64,945.5
367.66,976.7
367.68,1002.0
367.69,1012.0
367.71,1027.0
367.73,1035.0
367.74,1036.0
367.76,1032.0
367.78,1021.0
367.79,1013.0
367.81,991.0
367.83,962.7
367.84,946.3
367.86,909.5
367.88,867.8
367.89,845.4
367.91,798.0
367.93,748.1
367.94,722.4
367.96,670.1
367.97,643.7
367.99,590.9
368.01,538.8
368.02,513.2
368.04,463.3
368.06,415.5
368.07,392.5
368.09,348.6
368.11,307.8
368.12,288.5
368.14,252.4
368.16,219.6
368.17,204.4
368.19,176.4
368.21,151.6
368.22,140.4
368.24,120.1
368.26,102.5
368.27,94.7
368.29,80.96
368.31,69.52
368.32,64.61
368.34,56.32
368.35,52.89
368.37,47.38
368.39,43.58
368.4,42.29
368.42,40.89
368.44,41.0
368.45,41.62
368.47,43.97
368.49,47.79
368.5,50.26
368.52,56.34
368.54,63.95
368.55,68.34
368.57,78.3
368.59,89.86
368.6,96.24
368.62,110.2
368.64,125.7
368.65,134.0
368.67,151.8
368.69,171.0
368.7,181.1
368.72,202.2
368.73,213.2
368.75,236.0
368.77,259.9
368.78,272.3
368.8,297.8
368.82,324.6
368.83,338.5
368.85,367.6
368.87,398.9
368.88,415.5
368.9,451.4
368.92,491.7
368.93,513.9
368.95,563.2
368.97,620.7
368.98,653.0
369.0,726.4
369.02,813.1
369.03,862.2
369.05,973.3
369.06,1036.0
369.08,1177.0
369.1,1340.0
369.11,1431.0
369.13,1632.0
369.15,1860.0
369.16,1984.0
369.18,2252.0
369.2,2546.0
369.21,2702.0
369.23,3033.0
369.25,3384.0
369.26,3565.0
369.28,3939.0
369.3,4320.0
369.31,4511.0
369.33,4892.0
369.35,5262.0
369.36,5441.0
369.38,5782.0
369.4,6093.0
369.41,6235.0
369.43,6487.0
369.44,6595.0
369.46,6773.0
369.48,6895.0
369.49,6934.0
369.51,6967.0
369.53,6939.0
369.54,6902.0
369.56,6784.0
369.58,6610.0
369.59,6503.0
369.61,6253.0
369.63,5961.0
369.64,5802.0
369.66,5461.0
369.68,5097.0
369.69,4910.0
369.71,4528.0
369.73,4145.0
369.74,3955.0
369.76,3583.0
369.78,3227.0
369.79,3057.0
369.81,2734.0
369.82,2582.0
369.84,2301.0
369.86,2051.0
369.87,1937.0
369.89,1735.0
369.91,1564.0
369.92,1490.0
369.94,1365.0
369.96,1267.0
369.97,1229.0
369.99,1169.0
370.01,1133.0
370.02,1122.0
370.04,1114.0
370.06,1123.0
370.07,1133.0
370.09,1164.0
370.11,1207.0
370.12,1233.0
370.14,1294.0
370.16,1366.0
370.17,1406.0
370.19,1497.0
370.2,1548.0
370.22,1660.0
370.24,1788.0
370.25,1859.0
370.27,2015.0
370.29,2194.0
370.3,2292.0
370.32,2508.0
370.34,2750.0
370.35,2882.0
370.37,3167.0
370.39,3480.0
370.4,3648.0
370.42,4003.0
370.44,4383.0
370.45,4581.0
370.47,4992.0
370.49,5416.0
370.5,5631.0
370.52,6063.0
370.53,6279.0
370.55,6703.0
370.57,7111.0
370.58,7306.0
370.6,7675.0
370.62,8008.0
370.63,8159.0
370.65,8425.0
370.67,8640.0
370.68,8727.0
370.7,8860.0
370.72,8936.0
370.73,8953.0
370.75,8947.0
370.77,8889.0
370.78,8843.0
370.8,8718.0
370.82,8557.0
370.83,8465.0
370.85,8262.0
370.87,8039.0
370.88,7924.0
370.9,7686.0
370.91,7566.0
370.93,7326.0
370.95,7090.0
370.96,6975.0
370.98,6749.0
371.0,6533.0
371.01,6428.0
371.03,6223.0
371.05,6024.0
371.06,5926.0
371.08,5732.0
371.1,5537.0
371.11,5439.0
371.13,5239.0
371.15,5031.0
371.16,4925.0
371.18,4704.0
371.2,4474.0
371.21,4355.0
371.23,4111.0
371.25,3859.0
371.26,3730.0
371.28,3470.0
371.29,3339.0
371.31,3076.0
371.33,2815.0
371.34,2687.0
371.36,2435.0
371.38,2193.0
371.39,2076.0
371.41,1853.0
371.43,1644.0
371.44,1546.0
371.46,1362.0
371.48,1196.0
371.49,1120.0
371.51,981.1
371.53,860.0
371.54,805.9
371.56,710.3
371.58,630.4
371.59,595.9
371.61,537.4
371.63,491.5
371.64,472.8
371.66,443.1
371.67,431.7
371.69,415.1
371.71,405.4
371.72,402.7
371.74,401.0
371.76,403.1
371.77,405.3
371.79,411.0
371.81,418.0
371.82,421.7
371.84,429.0
371.86,435.6
371.87,438.5
371.89,443.3
371.91,446.5
371.92,447.3
371.94,447.7
371.96,446.3
371.97,445.0
371.99,441.4
372.0,439.1
372.02,434.0
372.04,428.7
372.05,426.2
372.07,421.8
372.09,419.0
372.1,418.4
372.12,419.4
372.14,424.0
372.15,427.9
372.17,439.4
372.19,456.4
372.2,467.2
372.22,493.6
372.24,526.8
372.25,546.0
372.27,589.8
372.29,640.4
372.3,668.2
372.32,728.5
372.34,794.4
372.35,829.2
372.37,901.6
372.38,938.9
372.4,1015.0
372.42,1091.0
372.43,1129.0
372.45,1203.0
372.47,1272.0
372.48,1305.0
372.5,1364.0
372.52,1416.0
372.53,1438.0
372.55,1474.0
372.57,1498.0
372.58,1505.0
372.6,1511.0
372.62,1503.0
372.63,1494.0
372.65,1467.0
372.67,1428.0
372.68,1404.0
372.7,1349.0
372.72,1284.0
372.73,1249.0
372.75,1174.0
372.76,1134.0
372.78,1052.0
372.8,967.7
372.81,925.0
372.83,839.8
372.85,756.2
372.86,715.3
372.88,636.3
372.9,561.8
372.91,526.4
372.93,460.0
372.95,399.8
372.96,372.2
372.98,322.1
373.0,279.1
373.01,260.3
373.03,228.4
373.05,204.2
373.06,195.1
373.08,183.2
373.09,180.6
373.11,182.6
373.13,194.9
373.14,205.4
373.16,236.0
373.18,281.1
373.19,309.9
373.21,381.4
373.23,474.3
373.24,529.8
373.26,661.5
373.28,824.1
373.29,918.4
373.31,1136.0
373.33,1396.0
373.34,1544.0
373.36,1877.0
373.38,2264.0
373.39,2479.0
373.41,2954.0
373.43,3490.0
373.44,3782.0
373.46,4412.0
373.47,4750.0
373.49,5470.0
373.51,6246.0
373.52,6652.0
373.54,7496.0
373.56,8373.0
373.57,8820.0
373.59,9723.0
373.61,10620.0
373.62,11070.0
373.64,11930.0
373.66,12750.0
373.67,13140.0
373.69,13860.0
373.71,14490.0
373.72,14760.0
373.74,15220.0
373.76,15560.0
373.77,15680.0
373.79,15810.0
373.81,15810.0
373.82,15750.0
373.84,15530.0
373.85,15370.0
373.87,14960.0
373.89,14430.0
373.9,14120.0
373.92,13440.0
373.94,12680.0
373.95,12270.0
373.97,11420.0
373.99,10530.0
374.0,10080.0
374.02,9177.0
374.04,8281.0
374.05,7841.0
374.07,6983.0
374.09,6167.0
374.1,5777.0
374.12,5039.0
374.14,4360.0
374.15,4044.0
374.17,3460.0
374.19,2939.0
374.2,2703.0
374.22,2277.0
374.23,2086.0
374.25,1746.0
374.27,1459.0
374.28,1333.0
374.3,1116.0
374.32,938.2
374.33,862.8
374.35,735.8
374.37,636.5
374.38,595.9
374.4,530.1
374.42,482.0
374.43,463.4
374.45,435.7
374.47,418.2
374.48,412.6
374.5,406.6
374.52,406.1
374.53,407.6
374.55,413.2
374.56,417.2
374.58,427.0
374.6,438.8
374.61,445.3
374.63,459.4
374.65,474.8
374.66,482.8
374.68,499.6
374.7,517.2
374.71,526.3
374.73,544.8
374.75,563.7
374.76,573.3
374.78,592.6
374.8,611.7
374.81,621.2
374.83,639.9
374.85,657.9
374.86,666.6
374.88,683.1
374.9,698.4
374.91,705.5
374.93,718.6
374.94,724.5
374.96,734.9
374.98,743.4
374.99,746.9
375.01,752.5
375.03,756.2
375.04,757.4
375.06,758.3
375.08,757.5
375.09,756.6
375.11,753.5
375.13,749.1
375.14,746.4
375.16,740.3
375.18,733.2
375.19,729.4
375.21,721.1
375.23,712.0
375.24,707.2
375.26,697.2
375.28,686.5
375.29,680.9
375.31,669.1
375.32,663.0
375.34,650.1
375.36,636.4
375.37,629.3
375.39,614.5
375.41,599.1
375.42,591.1
375.44,574.9
375.46,558.4
375.47,550.1
375.49,533.9
375.51,518.3
375.52,510.9
375.54,497.2
375.56,485.5
375.57,480.6
375.59,473.0
375.61,468.8
375.62,468.2
375.64,470.4
375.66,477.4
375.67,482.8
375.69,497.8
375.7,507.4
375.72,531.0
375.74,560.5
375.75,577.5
375.77,615.6
375.79,659.3
375.8,683.1
375.82,734.3
375.84,789.8
375.85,818.9
375.87,879.5
375.89,942.6
375.9,974.8
375.92,1040.0
375.94,1105.0
375.95,1138.0
375.97,1202.0
375.99,1263.0
376.0,1293.0
376.02,1350.0
376.03,1377.0
376.05,1426.0
376.07,1470.0
376.08,1490.0
376.1,1524.0
376.12,1551.0
376.13,1562.0
376.15,1577.0
376.17,1583.0
376.18,1583.0
376.2,1577.0
376.22,1561.0
376.23,1550.0
376.25,1522.0
376.27,1485.0
376.28,1464.0
376.3,1416.0
376.32,1361.0
376.33,1331.0
376.35,1267.0
376.37,1199.0
376.38,1163.0
376.4,1090.0
376.41,1052.0
376.43,976.3
376.45,900.0
376.46,862.1
376.48,787.1
376.5,714.2
376.51,678.8
376.53,610.3
376.55,545.6
376.56,514.8
376.58,456.5
376.6,402.9
376.61,377.8
376.63,331.4
376.65,289.7
376.66,270.5
376.68,235.7
376.7,205.2
376.71,191.5
376.73,167.0
376.75,146.1
376.76,137.0
376.78,121.0
376.79,114.1
376.81,102.5
376.83,93.51
376.84,90.0
376.86,84.89
376.88,82.34
376.89,82.07
376.91,83.61
376.93,88.18
376.94,91.7
376.96,101.5
376.98,115.4
376.99,124.0
377.01,145.2
377.03,172.0
377.04,187.8
377.06,224.7
377.08,269.2
377.09,294.6
377.11,352.0
377.13,419.0
377.14,456.3
377.16,538.5
377.17,583.6
377.19,681.8
377.21,790.7
377.22,849.0
377.24,972.9
377.26,1106.0
377.27,1175.0
377.29,1319.0
377.31,1469.0
377.32,1544.0
377.34,1697.0
377.36,1850.0
377.37,1924.0
377.39,2070.0
377.41,2208.0
377.42,2273.0
377.44,2393.0
377.46,2499.0
377.47,2545.0
377.49,2624.0
377.5,2655.0
377.52,2703.0
377.54,2728.0
377.55,2732.0
377.57,2723.0
377.59,2691.0
377.6,2667.0
377.62,2604.0
377.64,2522.0
377.65,2474.0
377.67,2367.0
377.69,2246.0
377.7,2181.0
377.72,2045.0
377.74,1903.0
377.75,1830.0
377.77,1683.0
377.79,1536.0
377.8,1463.0
377.82,1320.0
377.84,1182.0
377.85,1116.0
377.87,988.2
377.88,927.5
377.9,812.9
377.92,707.3
377.93,658.1
377.95,566.8
377.97,484.9
377.98,447.4
378.0,378.9
378.02,318.9
378.03,291.9
378.05,243.4
378.07,201.7
378.08,183.3
378.1,150.7
378.12,123.2
378.13,111.3
378.15,90.48
378.17,73.43
378.18,66.14
378.2,53.78
378.22,44.04
378.23,40.05
378.25,33.64
378.26,31.18
378.28,27.6
378.3,25.75
378.31,25.45
378.33,26.1
378.35,28.46
378.36,30.31
378.38,35.48
378.4,42.77
378.41,47.3
378.43,58.31
378.45,72.25
378.46,80.45
378.48,99.57
378.5,122.7
378.51,136.0
378.53,166.1
378.55,201.6
378.56,221.4
378.58,265.7
378.6,316.3
378.61,344.1
378.63,405.0
378.64,438.0
378.66,509.3
378.68,587.6
378.69,629.3
378.71,717.5
378.73,811.7
378.74,860.8
378.76,962.5
378.78,1068.0
378.79,1122.0
378.81,1230.0
378.83,1340.0
378.84,1394.0
378.86,1501.0
378.88,1605.0
378.89,1655.0
378.91,1750.0
378.93,1839.0
378.94,1880.0
378.96,1955.0
378.97,1989.0
378.99,2049.0
379.01,2097.0
379.02,2117.0
379.04,2149.0
379.06,2170.0
379.07,2176.0
379.09,2181.0
379.11,2178.0
379.12,2173.0
379.14,2158.0
379.16,2138.0
379.17,2126.0
379.19,2101.0
379.21,2076.0
379.22,2064.0
379.24,2043.0
379.26,2025.0
379.27,2019.0
379.29,2012.0
379.31,2013.0
379.32,2018.0
379.34,2034.0
379.35,2046.0
379.37,2078.0
379.39,2121.0
379.4,2146.0
379.42,2204.0
379.44,2270.0
379.45,2306.0
379.47,2381.0
379.49,2461.0
379.5,2501.0
379.52,2581.0
379.54,2659.0
379.55,2696.0
379.57,2765.0
379.59,2825.0
379.6,2851.0
379.62,2893.0
379.64,2921.0
379.65,2929.0
379.67,2932.0
379.69,2918.0
379.7,2904.0
379.72,2863.0
379.73,2836.0
379.75,2769.0
379.77,2685.0
379.78,2637.0
379.8,2531.0
379.82,2413.0
379.83,2349.0
379.85,2216.0
379.87,2075.0
379.88,2003.0
379.9,1856.0
379.92,1708.0
379.93,1634.0
379.95,1488.0
379.97,1345.0
379.98,1275.0
380.0,1140.0
380.02,1013.0
380.03,951.9
380.05,836.5
380.07,730.1
380.08,680.3
380.1,587.8
380.11,545.0
380.13,466.2
380.15,396.3
380.16,364.6
380.18,307.2
380.2,257.4
380.21,235.2
380.23,195.7
380.25,162.2
380.26,147.5
380.28,121.8
380.3,100.5
380.31,91.36
380.33,75.62
380.35,62.92
380.36,57.56
380.38,48.58
380.4,41.58
380.41,38.72
380.43,34.08
380.44,32.25
380.46,29.39
380.48,27.45
380.49,26.77
380.51,25.89
380.53,25.54
380.54,25.53
380.56,25.78
380.58,26.32
380.59,26.67
380.61,27.5
380.63,28.45
380.64,28.95
380.66,29.97
380.68,30.98
380.69,31.47
380.71,32.39
380.73,33.21
380.74,33.58
380.76,34.19
380.78,34.63
380.79,34.78
380.81,34.94
380.82,34.95
380.84,34.81
380.86,34.47
380.87,34.23
380.89,33.6
380.91,32.79
380.92,32.33
380.94,31.31
380.96,30.17
380.97,29.57
380.99,28.33
381.01,27.05
381.02,26.42
381.04,25.17
381.06,24.0
381.07,23.45
381.09,22.46
381.11,21.64
381.12,21.32
381.14,20.86
381.16,20.69
381.17,20.74
381.19,21.13
381.2,21.5
381.22,22.61
381.24,24.32
381.25,25.43
381.27,28.26
381.29,32.02
381.3,34.32
381.32,39.89
381.34,47.01
381.35,51.26
381.37,61.38
381.39,74.07
381.4,81.55
381.42,99.21
381.44,121.1
381.45,133.9
381.47,163.7
381.49,200.3
381.5,221.4
381.52,270.3
381.53,298.3
381.55,362.6
381.57,439.2
381.58,482.6
381.6,580.6
381.62,694.9
381.63,758.6
381.65,900.2
381.67,1062.0
381.68,1150.0
381.7,1343.0
381.72,1557.0
381.73,1672.0
381.75,1918.0
381.77,2184.0
381.78,2323.0
381.8,2615.0
381.82,2920.0
381.83,3077.0
381.85,3395.0
381.87,3717.0
381.88,3877.0
381.9,4193.0
381.91,4347.0
381.93,4643.0
381.95,4919.0
381.96,5047.0
381.98,5280.0
382.0,5478.0
382.01,5563.0
382.03,5699.0
382.05,5790.0
382.06,5818.0
382.08,5837.0
382.1,5806.0
382.11,5773.0
382.13,5671.0
382.15,5525.0
382.16,5436.0
382.18,5229.0
382.2,4990.0
382.21,4860.0
382.23,4581.0
382.25,4286.0
382.26,4134.0
382.28,3825.0
382.29,3670.0
382.31,3364.0
382.33,3068.0
382.34,2926.0
382.36,2658.0
382.38,2415.0
382.39,2305.0
382.41,2110.0
382.43,1955.0
382.44,1893.0
382.46,1806.0
382.48,1770.0
382.49,1773.0
382.51,1823.0
382.53,1938.0
382.54,2021.0
382.56,2243.0
382.58,2543.0
382.59,2725.0
382.61,3155.0
382.63,3680.0
382.64,3980.0
382.66,4659.0
382.67,5039.0
382.69,5886.0
382.71,6852.0
382.72,7381.0
382.74,8534.0
382.76,9817.0
382.77,10510.0
382.79,11990.0
382.81,13610.0
382.82,14470.0
382.84,16290.0
382.86,18230.0
382.87,19260.0
382.89,21400.0
382.91,23660.0
382.92,24830.0
382.94,27260.0
382.96,29790.0
382.97,31090.0
382.99,33740.0
383.0,35100.0
383.02,37840.0
383.04,40620.0
383.05,42020.0
383.07,44820.0
383.09,47580.0
383.1,48940.0
383.12,51610.0
383.14,54170.0
383.15,55390.0
383.17,57710.0
383.19,59820.0
383.2,60790.0
383.22,62530.0
383.24,63980.0
383.25,64590.0
383.27,65560.0
383.29,66180.0
383.3,66360.0
383.32,66450.0
383.34,66210.0
383.35,65970.0
383.37,65260.0
383.38,64810.0
383.4,63740.0
383.42,62480.0
383.43,61810.0
383.45,60420.0
383.47,59040.0
383.48,58370.0
383.5,57150.0
383.52,56120.0
383.53,55720.0
383.55,55140.0
383.57,54950.0
383.58,55020.0
383.6,55490.0
383.62,56440.0
383.63,57100.0
383.65,58770.0
383.67,60910.0
383.68,62150.0
383.7,64900.0
383.72,67990.0
383.73,69630.0
383.75,73040.0
383.76,74790.0
383.78,78310.0
383.8,81750.0
383.81,83410.0
383.83,86520.0
383.85,89270.0
383.86,90470.0
383.88,92490.0
383.9,93920.0
383.91,94390.0
383.93,94810.0
383.95,94510.0
383.96,94090.0
383.98,92700.0
384.0,90590.0
384.01,89290.0
384.03,86200.0
384.05,82540.0
384.06,80520.0
384.08,76140.0
384.1,71400.0
384.11,68920.0
384.13,63820.0
384.14,61220.0
384.16,55980.0
384.18,50750.0
384.19,48180.0
384.21,43130.0
384.23,38290.0
384.24,35970.0
384.26,31530.0
384.28,27410.0
384.29,25480.0
384.31,21880.0
384.33,18630.0
384.34,17150.0
384.36,14430.0
384.38,12050.0
384.39,10980.0
384.41,9070.0
384.43,7443.0
384.44,6729.0
384.46,5479.0
384.47,4937.0
384.49,4004.0
384.51,3248.0
384.52,2930.0
384.54,2398.0
384.56,1987.0
384.57,1821.0
384.59,1557.0
384.61,1371.0
384.62,1302.0
384.64,1207.0
384.66,1159.0
384.67,1149.0
384.69,1153.0
384.71,1182.0
384.72,1204.0
384.74,1259.0
384.76,1325.0
384.77,1361.0
384.79,1434.0
384.81,1508.0
384.82,1545.0
384.84,1613.0
384.85,1645.0
384.87,1702.0
384.89,1749.0
384.9,1768.0
384.92,1797.0
384.94,1813.0
384.95,1816.0
384.97,1810.0
384.99,1791.0
385.0,1776.0
385.02,1737.0
385.04,1685.0
385.05,1655.0
385.07,1587.0
385.09,1510.0
385.1,1468.0
385.12,1381.0
385.14,1289.0
385.15,1242.0
385.17,1146.0
385.19,1050.0
385.2,1002.0
385.22,907.8
385.23,861.8
385.25,772.4
385.27,687.6
385.28,647.0
385.3,570.2
385.32,499.2
385.33,465.9
385.35,404.2
385.37,348.6
385.38,323.1
385.4,276.5
385.42,235.6
385.43,217.2
385.45,184.1
385.47,155.7
385.48,143.1
385.5,121.0
385.52,102.4
385.53,94.36
385.55,80.44
385.57,69.13
385.58,64.34
385.6,56.3
385.61,52.97
385.63,47.54
385.65,43.55
385.66,42.02
385.68,39.79
385.7,38.54
385.71,38.24
385.73,38.2
385.75,38.84
385.76,39.39
385.78,40.92
385.8,42.95
385.81,44.14
385.83,46.86
385.85,49.99
385.86,51.7
385.88,55.39
385.9,59.43
385.91,61.58
385.93,66.11
385.94,68.48
385.96,73.44
385.98,78.66
385.99,81.36
386.01,86.91
386.03,92.65
386.04,95.57
386.06,101.5
386.08,107.5
386.09,110.5
386.11,116.5
386.13,122.4
386.14,125.4
386.16,131.0
386.18,136.5
386.19,139.0
386.21,143.9
386.23,148.3
386.24,150.3
386.26,153.9
386.28,156.8
386.29,158.0
386.31,159.7
386.32,160.3
386.34,160.8
386.36,160.5
386.37,160.0
386.39,158.4
386.41,156.0
386.42,154.5
386.44,150.9
386.46,146.8
386.47,144.6
386.49,139.8
386.51,134.8
386.52,132.3
386.54,127.4
386.56,122.8
386.57,120.8
386.59,117.3
386.61,114.8
386.62,114.1
386.64,113.9
386.66,115.6
386.67,117.2
386.69,122.5
386.7,126.2
386.72,135.8
386.74,149.0
386.75,156.9
386.77,176.0
386.79,199.4
386.8,212.9
386.82,243.6
386.84,279.5
386.85,299.5
386.87,343.7
386.89,393.6
386.9,420.8
386.92,479.4
386.94,543.8
386.95,578.0
386.97,650.6
386.99,728.3
387.0,769.0
387.02,853.4
387.04,941.7
387.05,987.0
387.07,1080.0
387.08,1127.0
387.1,1222.0
387.12,1317.0
387.13,1365.0
387.15,1460.0
387.17,1553.0
387.18,1599.0
387.2,1688.0
387.22,1773.0
387.23,1814.0
387.25,1892.0
387.27,1965.0
387.28,1999.0
387.3,2062.0
387.32,2119.0
387.33,2145.0
387.35,2191.0
387.37,2229.0
387.38,2245.0
387.4,2272.0
387.41,2283.0
387.43,2298.0
387.45,2305.0
387.46,2305.0
387.48,2300.0
387.5,2287.0
387.51,2278.0
387.53,2252.0
387.55,2219.0
387.56,2199.0
387.58,2154.0
387.6,2102.0
387.61,2073.0
387.63,2010.0
387.65,1940.0
387.66,1903.0
387.68,1825.0
387.7,1742.0
387.71,1699.0
387.73,1610.0
387.75,1518.0
387.76,1472.0
387.78,1378.0
387.79,1330.0
387.81,1236.0
387.83,1142.0
387.84,1096.0
387.86,1006.0
387.88,918.8
387.89,876.6
387.91,795.3
387.93,718.7
387.94,682.4
387.96,613.7
387.98,550.8
387.99,521.5
388.01,467.4
388.03,419.3
388.04,397.5
388.06,358.2
388.08,324.7
388.09,310.0
388.11,284.7
388.13,264.4
388.14,256.1
388.16,242.9
388.17,237.9
388.19,230.9
388.21,227.6
388.22,227.2
388.24,228.8
388.26,233.2
388.27,236.4
388.29,244.5
388.31,254.6
388.32,260.4
388.34,273.3
388.36,287.6
388.37,295.3
388.39,311.7
388.41,329.2
388.42,338.3
388.44,357.3
388.46,377.2
388.47,387.5
388.49,408.7
388.51,430.8
388.52,442.1
388.54,465.4
388.55,477.4
388.57,502.1
388.59,527.7
388.6,540.9
388.62,568.2
388.64,596.7
388.65,611.6
388.67,642.5
388.69,675.4
388.7,692.7
388.72,729.1
388.74,768.4
388.75,789.2
388.77,833.5
388.79,881.8
388.8,907.5
388.82,962.3
388.84,1022.0
388.85,1053.0
388.87,1120.0
388.88,1156.0
388.9,1230.0
388.92,1309.0
388.93,1350.0
388.95,1434.0
388.97,1521.0
388.98,1565.0
389.0,1654.0
389.02,1742.0
389.03,1785.0
389.05,1869.0
389.07,1949.0
389.08,1986.0
389.1,2056.0
389.12,2116.0
389.13,2142.0
389.15,2187.0
389.17,2219.0
389.18,2230.0
389.2,2243.0
389.22,2242.0
389.23,2237.0
389.25,2216.0
389.26,2201.0
389.28,2162.0
389.3,2111.0
389.31,2082.0
389.33,2018.0
389.35,1946.0
389.36,1908.0
389.38,1828.0
389.4,1745.0
389.41,1704.0
389.43,1620.0
389.45,1537.0
389.46,1496.0
389.48,1416.0
389.5,1341.0
389.51,1304.0
389.53,1235.0
389.55,1171.0
389.56,1140.0
389.58,1083.0
389.6,1031.0
389.61,1006.0
389.63,959.1
389.64,937.0
389.66,895.0
389.68,855.5
389.69,836.4
389.71,799.4
389.73,763.4
389.74,745.7
389.76,710.5
389.78,675.5
389.79,658.0
389.81,622.8
389.83,587.5
389.84,569.8
389.86,534.3
389.88,499.0
389.89,481.5
389.91,446.7
389.93,412.7
389.94,396.1
389.96,363.8
389.98,332.9
389.99,318.1
390.01,290.0
390.02,276.8
390.04,252.1
390.06,230.0
390.07,220.1
390.09,202.5
390.11,188.1
390.12,182.3
390.14,173.5
390.16,168.8
390.17,168.0
390.19,170.1
390.21,177.2
390.22,182.8
390.24,198.3
390.26,220.2
390.27,233.6
390.29,265.9
390.31,305.8
390.32,328.9
390.34,381.4
390.35,411.1
390.37,477.3
390.39,553.2
390.4,594.8
390.42,685.5
390.44,786.0
390.45,839.8
390.47,954.5
390.49,1078.0
390.5,1142.0
390.52,1277.0
390.54,1417.0
390.55,1488.0
390.57,1634.0
390.59,1780.0
390.6,1852.0
390.62,1995.0
390.64,2133.0
390.65,2198.0
390.67,2323.0
390.69,2435.0
390.7,2486.0
390.72,2577.0
390.73,2615.0
390.75,2678.0
390.77,2721.0
390.78,2735.0
390.8,2746.0
390.82,2736.0
390.83,2723.0
390.85,2680.0
390.87,2618.0
390.88,2579.0
390.9,2489.0
390.92,2383.0
390.93,2325.0
390.95,2199.0
390.97,2064.0
390.98,1994.0
391.0,1849.0
391.02,1701.0
391.03,1627.0
391.05,1479.0
391.07,1335.0
391.08,1264.0
391.1,1128.0
391.11,1062.0
391.13,937.5
391.15,821.9
391.16,767.7
391.18,667.0
391.2,576.9
391.21,535.7
391.23,461.4
391.25,397.3
391.26,369.0
391.28,319.6
391.3,279.2
391.31,262.3
391.33,234.4
391.35,214.0
391.36,206.4
391.38,195.7
391.4,190.7
391.41,190.1
391.43,192.3
391.44,194.8
391.46,202.6
391.48,213.2
391.49,219.5
391.51,233.3
391.53,248.6
391.54,256.6
391.56,272.9
391.58,289.3
391.59,297.3
391.61,312.9
391.63,327.4
391.64,334.1
391.66,346.3
391.68,356.8
391.69,361.2
391.71,368.6
391.73,373.8
391.74,375.6
391.76,377.7
391.78,377.7
391.79,377.1
391.81,374.6
391.82,372.8
391.84,368.3
391.86,362.9
391.87,360.0
391.89,353.9
391.91,347.8
391.92,344.9
391.94,339.3
391.96,334.5
391.97,332.4
391.99,329.1
392.01,326.8
392.02,326.1
392.04,325.6
392.06,326.1
392.07,326.8
392.09,328.8
392.11,331.4
392.12,332.9
392.14,336.0
392.16,339.3
392.17,340.8
392.19,343.5
392.2,344.7
392.22,346.5
392.24,347.3
392.25,347.4
392.27,346.8
392.29,345.1
392.3,343.9
392.32,341.0
392.34,337.7
392.35,336.0
392.37,332.9
392.39,330.9
392.4,330.7
392.42,332.7
392.44,339.4
392.45,345.3
392.47,364.1
392.49,395.6
392.5,417.6
392.52,478.6
392.54,569.3
392.55,629.1
392.57,786.8
392.58,889.0
392.6,1154.0
392.62,1522.0
392.63,1755.0
392.65,2348.0
392.67,3154.0
392.68,3657.0
392.7,4913.0
392.72,6584.0
392.73,7611.0
392.75,10140.0
392.77,13430.0
392.78,15420.0
392.8,20240.0
392.82,26400.0
392.83,30070.0
392.85,38800.0
392.87,49710.0
392.88,56110.0
392.9,71100.0
392.91,79800.0
392.93,99950.0
392.95,124200.0
392.96,138100.0
392.98,169700.0
393.0,206800.0
393.01,227600.0
393.03,274200.0
393.05,327600.0
393.06,357100.0
393.08,421600.0
393.1,493800.0
393.11,532800.0
393.13,616600.0
393.15,707800.0
393.16,756000.0
393.18,857400.0
393.2,964600.0
393.21,1020000.0
393.23,1134000.0
393.25,1250000.0
393.26,1308000.0
393.28,1425000.0
393.29,1482000.0
393.31,1595000.0
393.33,1702000.0
393.34,1753000.0
393.36,1848000.0
393.38,1933000.0
393.39,1970000.0
393.41,2035000.0
393.43,2086000.0
393.44,2105000.0
393.46,2130000.0
393.48,2139000.0
393.49,2137000.0
393.51,2119000.0
393.53,2085000.0
393.54,2062000.0
393.56,2004000.0
393.58,1931000.0
393.59,1891000.0
393.61,1800000.0
393.63,1700000.0
393.64,1648000.0
393.66,1537000.0
393.67,1480000.0
393.69,1365000.0
393.71,1248000.0
393.72,1189000.0
393.74,1074000.0
393.76,962100.0
393.77,907800.0
393.79,803400.0
393.81,705200.0
393.82,658700.0
393.84,571200.0
393.86,491300.0
393.87,454200.0
393.89,385900.0
393.91,325300.0
393.92,297700.0
393.94,247900.0
393.96,204700.0
393.97,185500.0
393.99,151300.0
394.01,122500.0
394.02,109900.0
394.04,87880.0
394.05,78360.0
394.07,61930.0
394.09,48560.0
394.1,42880.0
394.12,33250.0
394.14,25590.0
394.15,22390.0
394.17,17060.0
394.19,12920.0
394.2,11220.0
394.22,8441.0
394.24,6332.0
394.25,5484.0
394.27,4119.0
394.29,3112.0
394.3,2715.0
394.32,2091.0
394.34,1645.0
394.35,1474.0
394.37,1214.0
394.38,1117.0
394.4,973.3
394.42,881.9
394.43,850.9
394.45,811.4
394.47,794.7
394.48,792.8
394.5,799.2
394.52,816.4
394.53,828.4
394.55,858.1
394.57,895.0
394.58,916.0
394.6,963.4
394.62,1018.0
394.63,1048.0
394.65,1114.0
394.67,1188.0
394.68,1228.0
394.7,1315.0
394.72,1410.0
394.73,1461.0
394.75,1568.0
394.76,1624.0
394.78,1740.0
394.8,1862.0
394.81,1923.0
394.83,2049.0
394.85,2173.0
394.86,2235.0
394.88,2355.0
394.9,2469.0
394.91,2523.0
394.93,2622.0
394.95,2709.0
394.96,2747.0
394.98,2810.0
395.0,2856.0
395.01,2872.0
395.03,2889.0
395.05,2886.0
395.06,2876.0
395.08,2843.0
395.1,2789.0
395.11,2755.0
395.13,2675.0
395.14,2628.0
395.16,2525.0
395.18,2408.0
395.19,2346.0
395.21,2214.0
395.23,2077.0
395.24,2006.0
395.26,1864.0
395.28,1723.0
395.29,1653.0
395.31,1516.0
395.33,1385.0
395.34,1322.0
395.36,1203.0
395.38,1095.0
395.39,1044.0
395.41,952.7
395.43,873.0
395.44,837.9
395.46,776.8
395.48,728.1
395.49,708.3
395.51,677.2
395.52,665.9
395.54,651.0
395.56,645.8
395.57,646.5
395.59,653.7
395.61,667.8
395.62,677.1
395.64,699.3
395.66,725.4
395.67,739.6
395.69,769.4
395.71,800.6
395.72,816.4
395.74,847.9
395.76,878.8
395.77,893.9
395.79,923.1
395.81,950.9
395.82,964.2
395.84,990.1
395.85,1003.0
395.87,1027.0
395.89,1052.0
395.9,1065.0
395.92,1091.0
395.94,1121.0
395.95,1138.0
395.97,1176.0
395.99,1223.0
396.0,1251.0
396.02,1319.0
396.04,1408.0
396.05,1463.0
396.07,1598.0
396.09,1779.0
396.1,1891.0
396.12,2169.0
396.14,2541.0
396.15,2770.0
396.17,3340.0
396.19,4095.0
396.2,4557.0
396.22,5693.0
396.23,6385.0
396.25,8069.0
396.27,10240.0
396.28,11550.0
396.3,14680.0
396.32,18630.0
396.33,20970.0
396.35,26490.0
396.37,33310.0
396.38,37280.0
396.4,46490.0
396.42,57620.0
396.43,63990.0
396.45,78500.0
396.47,95630.0
396.48,105300.0
396.5,126800.0
396.52,151600.0
396.53,165300.0
396.55,195400.0
396.57,229100.0
396.58,247400.0
396.6,286800.0
396.61,307800.0
396.63,352600.0
396.65,400700.0
396.66,425900.0
396.68,478200.0
396.7,532700.0
396.71,560600.0
396.73,617100.0
396.75,673800.0
396.76,702100.0
396.78,757500.0
396.8,810900.0
396.81,836400.0
396.83,884700.0
396.85,928200.0
396.86,948000.0
396.88,982800.0
396.9,1011000.0
396.91,1022000.0
396.93,1039000.0
396.95,1047000.0
396.96,1048000.0
396.98,1044000.0
396.99,1039000.0
397.01,1023000.0
397.03,998600.0
397.04,983800.0
397.06,949200.0
397.08,908600.0
397.09,886300.0
397.11,838300.0
397.13,786600.0
397.14,759700.0
397.16,704500.0
397.18,648100.0
397.19,619700.0
397.21,563400.0
397.23,508200.0
397.24,481300.0
397.26,429000.0
397.28,379500.0
397.29,355900.0
397.31,311200.0
397.32,290100.0
397.34,250800.0
397.36,215100.0
397.37,198700.0
397.39,168500.0
397.41,141900.0
397.42,129900.0
397.44,108200.0
397.46,89490.0
397.47,81180.0
397.49,66470.0
397.51,54070.0
397.52,48650.0
397.54,39210.0
397.56,31420.0
397.57,28070.0
397.59,22320.0
397.61,17660.0
397.62,15680.0
397.64,12330.0
397.66,9669.0
397.67,8552.0
397.69,6679.0
397.7,5899.0
397.72,4598.0
397.74,3583.0
397.75,3163.0
397.77,2468.0
397.79,1929.0
397.8,1708.0
397.82,1342.0
397.84,1061.0
397.85,945.9
397.87,756.8
397.89,612.8
397.9,554.5
397.92,460.5
397.94,391.2
397.95,364.2
397.97,323.1
397.99,296.3
398.0,287.5
398.02,277.5
398.04,276.4
398.05,278.7
398.07,288.1
398.08,295.0
398.1,312.4
398.12,334.0
398.13,346.1
398.15,372.5
398.17,401.3
398.18,416.5
398.2,447.9
398.22,480.5
398.23,497.2
398.25,531.1
398.27,565.6
398.28,583.1
398.3,618.6
398.32,655.0
398.33,673.6
398.35,712.1
398.37,752.8
398.38,774.1
398.4,819.3
398.42,868.8
398.43,895.4
398.45,953.0
398.46,984.2
398.48,1052.0
398.5,1129.0
398.51,1170.0
398.53,1260.0
398.55,1360.0
398.56,1413.0
398.58,1528.0
398.6,1653.0
398.61,1719.0
398.63,1857.0
398.65,2003.0
398.66,2078.0
398.68,2232.0
398.7,2388.0
398.71,2466.0
398.73,2622.0
398.75,2773.0
398.76,2846.0
398.78,2986.0
398.79,3051.0
398.81,3171.0
398.83,3276.0
398.84,3321.0
398.86,3396.0
398.88,3450.0
398.89,3468.0
398.91,3486.0
398.93,3479.0
398.94,3467.0
398.96,3424.0
398.98,3357.0
398.99,3315.0
399.01,3216.0
399.03,3098.0
399.04,3032.0
399.06,2890.0
399.08,2737.0
399.09,2656.0
399.11,2491.0
399.13,2321.0
399.14,2236.0
399.16,2066.0
399.17,1983.0
399.19,1820.0
399.21,1665.0
399.22,1591.0
399.24,1452.0
399.26,1325.0
399.27,1266.0
399.29,1160.0
399.31,1068.0
399.32,1027.0
399.34,957.1
399.36,901.3
399.37,878.6
399.39,843.0
399.41,819.5
399.42,812.0
399.44,804.4
399.46,805.5
399.47,808.8
399.49,820.1
399.51,836.2
399.52,845.4
399.54,865.5
399.55,876.0
399.57,896.7
399.59,916.1
399.6,924.9
399.62,940.1
399.64,951.2
399.65,955.0
399.67,958.6
399.69,956.5
399.7,953.3
399.72,942.4
399.74,925.5
399.75,914.9
399.77,889.7
399.79,859.2
399.8,842.3
399.82,805.3
399.84,764.9
399.85,743.6
399.87,699.3
399.89,653.4
399.9,630.1
399.92,583.3
399.93,560.0
399.95,513.8
399.97,468.9
399.98,447.1
400.0,404.9
400.02,365.2
400.03,346.3
400.05,310.6
400.07,277.8
400.08,262.5
400.1,234.3
400.12,209.1
400.13,197.7
400.15,176.9
400.17,159.0
400.18,151.0
400.2,137.0
400.22,125.5
400.23,120.5
400.25,112.3
400.26,108.9
400.28,103.6
400.3,99.99
400.31,98.81
400.33,97.6
400.35,97.81
400.36,98.41
400.38,100.5
400.4,103.8
400.41,105.8
400.43,110.7
400.45,116.5
400.46,119.7
400.48,126.7
400.5,134.5
400.51,138.7
400.53,147.5
400.55,156.9
400.56,161.8
400.58,171.9
400.6,182.3
400.61,187.6
400.63,198.3
400.64,203.7
400.66,214.5
400.68,225.0
400.69,230.2
400.71,240.2
400.73,249.7
400.74,254.1
400.76,262.3
400.78,269.6
400.79,272.7
400.81,278.1
400.83,282.1
400.84,283.5
400.86,285.1
400.88,285.1
400.89,284.4
400.91,281.8
400.93,277.5
400.94,274.7
400.96,267.9
400.98,259.7
400.99,255.0
401.01,244.8
401.02,239.2
401.04,227.4
401.06,214.8
401.07,208.3
401.09,195.0
401.11,181.6
401.12,174.9
401.14,161.6
401.16,148.7
401.17,142.5
401.19,130.6
401.21,119.5
401.22,114.3
401.24,104.7
401.26,96.29
401.27,92.49
401.29,85.8
401.31,80.3
401.32,77.99
401.34,74.23
401.36,71.55
401.37,70.59
401.39,69.38
401.4,69.1
401.42,69.11
401.44,69.78
401.45,70.32
401.47,71.71
401.49,73.42
401.5,74.34
401.52,76.26
401.54,78.15
401.55,79.05
401.57,80.68
401.59,82.01
401.6,82.54
401.62,83.26
401.64,83.51
401.65,83.45
401.67,82.91
401.69,81.83
401.7,81.09
401.72,79.21
401.73,78.08
401.75,75.47
401.77,72.42
401.78,70.76
401.8,67.19
401.82,63.34
401.83,61.34
401.85,57.23
401.87,53.04
401.88,50.93
401.9,46.74
401.92,42.63
401.93,40.62
401.95,36.74
401.97,33.07
401.98,31.33
402.0,28.05
402.02,25.06
402.03,23.68
402.05,21.16
402.07,18.97
402.08,18.0
402.1,16.3
402.11,15.57
402.13,14.36
402.15,13.46
402.16,13.12
402.18,12.68
402.2,12.52
402.21,12.54
402.23,12.79
402.25,13.29
402.26,13.63
402.28,14.49
402.3,15.56
402.31,16.17
402.33,17.55
402.35,19.1
402.36,19.94
402.38,21.73
402.4,23.66
402.41,24.67
402.43,26.79
402.45,29.0
402.46,30.14
402.48,32.49
402.49,33.7
402.51,36.18
402.53,38.75
402.54,40.07
402.56,42.83
402.58,45.75
402.59,47.29
402.61,50.57
402.63,54.2
402.64,56.18
402.66,60.54
402.68,65.57
402.69,68.38
402.71,74.73
402.73,82.21
402.74,86.44
402.76,96.05
402.78,107.4
402.79,113.8
402.81,128.2
402.82,136.3
402.84,154.4
402.86,175.2
402.87,186.7
402.89,212.0
402.91,240.6
402.92,256.1
402.94,289.5
402.96,326.3
402.97,345.9
402.99,387.4
403.01,431.8
403.02,455.0
403.04,503.1
403.06,553.1
403.07,578.7
403.09,630.4
403.11,682.5
403.12,708.5
403.14,759.6
403.16,809.2
403.17,833.1
403.19,878.7
403.2,900.2
403.22,940.0
403.24,975.1
403.25,990.6
403.27,1017.0
403.29,1038.0
403.3,1046.0
403.32,1056.0
403.34,1060.0
403.35,1059.0
403.37,1052.0
403.39,1038.0
403.4,1029.0
403.42,1006.0
403.44,977.5
403.45,961.2
403.47,925.0
403.49,884.9
403.5,863.5
403.52,818.7
403.54,771.8
403.55,747.9
403.57,699.4
403.58,675.0
403.6,626.6
403.62,579.1
403.63,555.8
403.65,510.8
403.67,468.1
403.68,447.8
403.7,409.3
403.72,373.9
403.73,357.5
403.75,327.2
403.77,300.3
403.78,288.2
403.8,266.5
403.82,248.1
403.83,240.1
403.85,226.2
403.87,215.2
403.88,210.7
403.9,203.3
403.92,198.0
403.93,196.1
403.95,193.4
403.96,192.5
403.98,191.7
404.0,191.7
404.01,192.0
404.03,192.8
404.05,194.0
404.06,194.6
404.08,195.9
404.1,197.0
404.11,197.4
404.13,198.1
404.15,198.5
404.16,198.6
404.18,198.4
404.2,197.9
404.21,197.6
404.23,196.7
404.25,195.7
404.26,195.1
404.28,193.9
404.29,193.3
404.31,192.2
404.33,191.3
404.34,190.8
404.36,190.2
404.38,189.8
404.39,189.7
404.41,189.6
404.43,189.8
404.44,190.0
404.46,190.5
404.48,191.0
404.49,191.3
404.51,191.8
404.53,192.1
404.54,192.2
404.56,192.0
404.58,191.5
404.59,191.0
404.61,189.5
404.63,187.4
404.64,186.1
404.66,182.9
404.67,181.1
404.69,176.8
404.71,171.8
404.72,169.1
404.74,163.1
404.76,156.7
404.77,153.3
404.79,146.3
404.81,139.1
404.82,135.5
404.84,128.3
404.86,121.5
404.87,118.2
404.89,112.1
404.91,106.8
404.92,104.6
404.94,100.8
404.96,98.44
404.97,97.79
404.99,97.75
405.01,99.52
405.02,101.1
405.04,106.0
405.05,109.2
405.07,117.5
405.09,128.2
405.1,134.5
405.12,149.0
405.14,166.2
405.15,175.8
405.17,197.0
405.19,220.7
405.2,233.5
405.22,261.0
405.24,290.7
405.25,306.3
405.27,339.0
405.29,373.3
405.3,391.0
405.32,427.1
405.34,464.0
405.35,482.6
405.37,519.8
405.39,556.7
405.4,575.0
405.42,610.7
405.43,628.1
405.45,661.8
405.47,693.6
405.48,708.8
405.5,737.3
405.52,763.3
405.53,775.4
405.55,797.3
405.57,816.4
405.58,824.8
405.6,839.4
405.62,851.1
405.63,855.8
405.65,863.0
405.67,867.4
405.68,868.5
405.7,868.7
405.72,866.2
405.73,864.0
405.75,857.7
405.76,853.6
405.78,843.7
405.8,831.5
405.81,824.6
405.83,809.2
405.85,791.9
405.86,782.6
405.88,762.7
405.9,741.3
405.91,730.1
405.93,706.9
405.95,682.8
405.96,670.5
405.98,645.6
406.0,620.5
406.01,608.0
406.03,583.3
406.05,559.2
406.06,547.5
406.08,524.8
406.1,503.4
406.11,493.2
406.13,474.1
406.14,465.1
406.16,448.5
406.18,433.6
406.19,426.8
406.21,414.5
406.23,403.9
406.24,399.1
406.26,390.6
406.28,383.4
406.29,380.1
406.31,374.3
406.33,369.1
406.34,366.7
406.36,362.1
406.38,357.6
406.39,355.3
406.41,350.6
406.43,345.6
406.44,342.9
406.46,337.2
406.48,330.9
406.49,327.5
406.51,320.4
406.52,316.6
406.54,308.7
406.56,300.2
406.57,295.9
406.59,286.9
406.61,277.6
406.62,272.9
406.64,263.3
406.66,253.7
406.67,249.0
406.69,239.4
406.71,230.0
406.72,225.3
406.74,216.1
406.76,207.1
406.77,202.7
406.79,194.1
406.81,185.6
406.82,181.5
406.84,173.4
406.86,165.5
406.87,161.6
406.89,154.0
406.9,150.3
406.92,143.0
406.94,136.0
406.95,132.5
406.97,125.9
406.99,119.5
407.0,116.5
407.02,110.6
407.04,105.2
407.05,102.6
407.07,97.91
407.09,93.77
407.1,91.93
407.12,88.79
407.14,86.43
407.15,85.58
407.17,84.6
407.19,84.7
407.2,85.2
407.22,87.19
407.23,88.72
407.25,92.99
407.27,99.02
407.28,102.8
407.3,111.8
407.32,123.3
407.33,129.9
407.35,145.3
407.37,163.7
407.38,174.0
407.4,197.2
407.42,223.9
407.43,238.6
407.45,270.7
407.47,306.6
407.48,325.9
407.5,367.3
407.52,412.1
407.53,435.8
407.55,485.4
407.57,537.5
407.58,564.4
407.6,619.4
407.61,647.3
407.63,703.5
407.65,759.4
407.66,787.0
407.68,840.9
407.7,892.2
407.71,916.6
407.73,962.2
407.75,1003.0
407.76,1021.0
407.78,1053.0
407.8,1078.0
407.81,1088.0
407.83,1102.0
407.85,1108.0
407.86,1108.0
407.88,1102.0
407.9,1089.0
407.91,1079.0
407.93,1055.0
407.95,1024.0
407.96,1007.0
407.98,967.8
407.99,946.5
408.01,901.2
408.03,852.9
408.04,828.0
408.06,777.1
408.08,725.7
408.09,700.2
408.11,649.9
408.13,601.3
408.14,578.0
408.16,533.7
408.18,492.9
408.19,474.1
408.21,439.8
408.23,410.3
408.24,397.5
408.26,375.9
408.28,359.9
408.29,354.0
408.31,346.5
408.33,344.8
408.34,346.1
408.36,353.0
408.37,358.5
408.39,373.7
408.41,394.2
408.42,406.4
408.44,434.3
408.46,466.7
408.47,484.5
408.49,522.7
408.51,564.2
408.52,585.9
408.54,630.9
408.56,677.4
408.57,701.0
408.59,748.2
408.61,794.8
408.62,817.6
408.64,861.7
408.66,903.0
408.67,922.4
408.69,958.2
408.7,974.5
408.72,1003.0
408.74,1027.0
408.75,1036.0
408.77,1051.0
408.79,1060.0
408.8,1062.0
408.82,1063.0
408.84,1058.0
408.85,1053.0
408.87,1042.0
408.89,1026.0
408.9,1017.0
408.92,998.4
408.94,978.2
408.95,968.0
408.97,948.3
408.99,930.3
409.0,922.4
409.02,909.1
409.04,900.3
409.05,897.9
409.07,897.5
409.08,899.7
409.1,909.2
409.12,926.1
409.13,937.3
409.15,965.5
409.17,1001.0
409.18,1022.0
409.2,1069.0
409.22,1123.0
409.23,1152.0
409.25,1215.0
409.27,1283.0
409.28,1318.0
409.3,1392.0
409.32,1469.0
409.33,1508.0
409.35,1586.0
409.37,1665.0
409.38,1704.0
409.4,1781.0
409.42,1856.0
409.43,1892.0
409.45,1962.0
409.46,1995.0
409.48,2059.0
409.5,2118.0
409.51,2145.0
409.53,2196.0
409.55,2242.0
409.56,2263.0
409.58,2302.0
409.6,2336.0
409.61,2351.0
409.63,2378.0
409.65,2402.0
409.66,2412.0
409.68,2431.0
409.7,2447.0
409.71,2454.0
409.73,2467.0
409.75,2478.0
409.76,2483.0
409.78,2491.0
409.8,2497.0
409.81,2500.0
409.83,2504.0
409.84,2505.0
409.86,2505.0
409.88,2503.0
409.89,2500.0
409.91,2493.0
409.93,2483.0
409.94,2476.0
409.96,2460.0
409.98,2440.0
409.99,2428.0
410.01,2402.0
410.03,2371.0
410.04,2355.0
410.06,2319.0
410.08,2280.0
410.09,2259.0
410.11,2216.0
410.13,2172.0
410.14,2149.0
410.16,2103.0
410.17,2080.0
410.19,2034.0
410.21,1989.0
410.22,1968.0
410.24,1927.0
410.26,1889.0
410.27,1872.0
410.29,1841.0
410.31,1815.0
410.32,1805.0
410.34,1790.0
410.36,1783.0
410.37,1783.0
410.39,1790.0
410.41,1808.0
410.42,1822.0
410.44,1860.0
410.46,1912.0
410.47,1944.0
410.49,2020.0
410.51,2114.0
410.52,2168.0
410.54,2291.0
410.55,2359.0
410.57,2513.0
410.59,2687.0
410.6,2782.0
410.62,2987.0
410.64,3212.0
410.65,3331.0
410.67,3582.0
410.69,3848.0
410.7,3985.0
410.72,4266.0
410.74,4553.0
410.75,4697.0
410.77,4984.0
410.79,5264.0
410.8,5400.0
410.82,5660.0
410.84,5900.0
410.85,6010.0
410.87,6209.0
410.89,6375.0
410.9,6444.0
410.92,6553.0
410.93,6592.0
410.95,6636.0
410.97,6635.0
410.98,6618.0
411.0,6549.0
411.02,6435.0
411.03,6362.0
411.05,6185.0
411.07,5970.0
411.08,5850.0
411.1,5586.0
411.12,5295.0
411.13,5142.0
411.15,4822.0
411.17,4488.0
411.18,4319.0
411.2,3976.0
411.22,3635.0
411.23,3465.0
411.25,3133.0
411.26,2971.0
411.28,2657.0
411.3,2359.0
411.31,2217.0
411.33,1947.0
411.35,1699.0
411.36,1583.0
411.38,1367.0
411.4,1173.0
411.41,1084.0
411.43,922.7
411.45,781.4
411.46,718.1
411.48,605.1
411.5,509.4
411.51,467.5
411.53,394.7
411.55,335.3
411.56,310.2
411.58,268.2
411.6,236.0
411.61,223.2
411.63,203.3
411.64,196.0
411.66,186.0
411.68,181.2
411.69,180.6
411.71,182.2
411.73,187.3
411.74,190.8
411.76,199.8
411.78,210.8
411.79,216.9
411.81,230.2
411.83,244.8
411.84,252.5
411.86,268.6
411.88,285.6
411.89,294.5
411.91,312.9
411.93,332.3
411.94,342.5
411.96,363.7
411.98,386.4
411.99,398.4
412.01,423.7
412.02,437.1
412.04,465.6
412.06,496.4
412.07,512.8
412.09,547.6
412.11,585.1
412.12,604.9
412.14,646.5
412.16,690.9
412.17,714.0
412.19,761.9
412.21,811.9
412.22,837.5
412.24,889.6
412.26,942.5
412.27,969.1
412.29,1022.0
412.31,1074.0
412.32,1100.0
412.34,1150.0
412.36,1199.0
412.37,1222.0
412.39,1266.0
412.4,1288.0
412.42,1328.0
412.44,1366.0
412.45,1384.0
412.47,1419.0
412.49,1451.0
412.5,1468.0
412.52,1500.0
412.54,1532.0
412.55,1549.0
412.57,1585.0
412.59,1624.0
412.6,1645.0
412.62,1692.0
412.64,1746.0
412.65,1776.0
412.67,1841.0
412.69,1915.0
412.7,1956.0
412.72,2044.0
412.73,2092.0
412.75,2194.0
412.77,2305.0
412.78,2363.0
412.8,2485.0
412.82,2613.0
412.83,2678.0
412.85,2811.0
412.87,2943.0
412.88,3009.0
412.9,3137.0
412.92,3258.0
412.93,3316.0
412.95,3422.0
412.97,3515.0
412.98,3556.0
413.0,3624.0
413.02,3673.0
413.03,3690.0
413.05,3707.0
413.07,3702.0
413.08,3691.0
413.1,3651.0
413.11,3622.0
413.13,3549.0
413.15,3454.0
413.16,3398.0
413.18,3274.0
413.2,3133.0
413.21,3057.0
413.23,2896.0
413.25,2724.0
413.26,2635.0
413.28,2454.0
413.3,2268.0
413.31,2176.0
413.33,1991.0
413.35,1809.0
413.36,1720.0
413.38,1546.0
413.4,1381.0
413.41,1302.0
413.43,1151.0
413.45,1012.0
413.46,945.8
413.48,823.2
413.49,766.3
413.51,661.3
413.53,567.9
413.54,525.4
413.56,448.7
413.58,382.3
413.59,352.8
413.61,300.8
413.63,257.5
413.64,238.9
413.66,207.2
413.68,182.3
413.69,172.3
413.71,156.6
413.73,146.2
413.74,142.9
413.76,139.7
413.78,140.7
413.79,142.8
413.81,149.7
413.83,160.4
413.84,167.0
413.86,182.8
413.87,192.0
413.89,212.8
413.91,237.0
413.92,250.2
413.94,279.2
413.96,311.3
413.97,328.5
413.99,365.1
414.01,404.5
414.02,425.2
414.04,468.5
414.06,513.9
414.07,537.4
414.09,585.3
414.11,634.4
414.12,659.1
414.14,708.7
414.16,757.8
414.17,782.0
414.19,829.2
414.2,851.9
414.22,895.4
414.24,935.5
414.25,954.1
414.27,987.8
414.29,1016.0
414.3,1029.0
414.32,1049.0
414.34,1062.0
414.35,1067.0
414.37,1070.0
414.39,1067.0
414.4,1063.0
414.42,1049.0
414.44,1029.0
414.45,1017.0
414.47,988.0
414.49,953.6
414.5,934.6
414.52,893.3
414.54,848.4
414.55,824.8
414.57,775.9
414.58,750.8
414.6,699.9
414.62,648.5
414.63,623.0
414.65,572.5
414.67,523.6
414.68,499.9
414.7,454.5
414.72,412.0
414.73,392.0
414.75,354.8
414.77,321.5
414.78,306.4
414.8,279.4
414.82,256.7
414.83,247.0
414.85,230.8
414.87,219.0
414.88,214.6
414.9,208.9
414.92,207.1
414.93,207.5
414.95,210.9
414.96,213.8
414.98,221.8
415.0,232.4
415.01,238.6
415.03,252.3
415.05,267.5
415.06,275.6
415.08,292.4
415.1,309.6
415.11,318.2
415.13,335.2
415.15,351.5
415.16,359.3
415.18,373.8
415.2,386.7
415.21,392.4
415.23,402.3
415.25,409.7
415.26,412.5
415.28,416.2
415.3,417.1
415.31,416.5
415.33,413.4
415.34,410.8
415.36,403.6
415.38,394.0
415.39,388.4
415.41,375.4
415.43,360.6
415.44,352.5
415.46,335.4
415.48,317.1
415.49,307.6
415.51,288.1
415.53,268.3
415.54,258.3
415.56,238.5
415.58,219.0
415.59,209.4
415.61,190.9
415.63,173.1
415.64,164.7
415.66,148.5
415.67,140.9
415.69,126.6
415.71,113.7
415.72,107.7
415.74,96.82
415.76,87.33
415.77,83.12
415.79,75.75
415.81,69.79
415.82,67.33
415.84,63.45
415.86,60.95
415.87,60.21
415.89,59.77
415.91,60.7
415.92,61.68
415.94,64.68
415.96,69.09
415.97,71.82
415.99,78.38
416.01,86.39
416.02,90.96
416.04,101.2
416.05,106.9
416.07,119.5
416.09,133.6
416.1,141.2
416.12,157.6
416.14,175.5
416.15,185.0
416.17,205.1
416.19,226.6
416.2,237.9
416.22,261.3
416.24,285.9
416.25,298.6
416.27,324.8
416.29,351.9
416.3,365.7
416.32,393.9
416.34,422.6
416.35,437.2
416.37,466.7
416.39,496.4
416.4,511.4
416.42,541.4
416.43,556.5
416.45,586.6
416.47,616.6
416.48,631.5
416.5,661.3
416.52,690.6
416.53,705.1
416.55,733.7
416.57,761.5
416.58,775.1
416.6,801.3
416.62,826.3
416.63,838.2
416.65,860.6
416.67,880.9
416.68,890.2
416.7,906.8
416.72,920.5
416.73,926.2
416.75,935.0
416.77,940.3
416.78,941.5
416.8,941.0
416.81,939.3
416.83,932.9
416.85,922.5
416.86,915.9
416.88,899.8
416.9,880.2
416.91,869.2
416.93,844.9
416.95,818.1
416.96,803.9
416.98,774.1
417.0,743.1
417.01,727.2
417.03,695.3
417.05,663.4
417.06,647.7
417.08,616.9
417.1,587.4
417.11,573.3
417.13,546.4
417.14,533.8
417.16,510.4
417.18,489.5
417.19,480.0
417.21,463.1
417.23,449.0
417.24,443.0
417.26,433.1
417.28,426.0
417.29,423.5
417.31,420.6
417.33,420.4
417.34,421.3
417.36,425.2
417.38,431.8
417.39,436.1
417.41,446.8
417.43,460.3
417.44,468.0
417.46,485.8
417.48,506.4
417.49,517.8
417.51,542.7
417.52,556.3
417.54,585.6
417.56,617.6
417.57,634.6
417.59,670.4
417.61,708.4
417.62,728.1
417.64,768.7
417.66,810.4
417.67,831.6
417.69,874.0
417.71,916.0
417.72,936.6
417.74,976.7
417.76,1015.0
417.77,1033.0
417.79,1066.0
417.81,1095.0
417.82,1108.0
417.84,1130.0
417.86,1147.0
417.87,1153.0
417.89,1161.0
417.9,1163.0
417.92,1161.0
417.94,1153.0
417.95,1146.0
417.97,1128.0
417.99,1105.0
418.0,1090.0
418.02,1058.0
418.04,1021.0
418.05,1001.0
418.07,957.1
418.09,910.1
418.1,885.6
418.12,835.0
418.14,782.7
418.15,756.3
418.17,703.0
418.19,650.0
418.2,623.8
418.22,572.3
418.24,522.6
418.25,498.5
418.27,452.2
418.28,430.1
418.3,388.2
418.32,349.7
418.33,331.7
418.35,298.5
418.37,269.0
418.38,255.7
418.4,232.1
418.42,212.3
418.43,203.9
418.45,189.9
418.47,179.6
418.48,175.8
418.5,171.0
418.52,169.5
418.53,170.1
418.55,173.4
418.57,179.8
418.58,184.0
418.6,194.4
418.61,200.5
418.63,214.3
418.65,230.2
418.66,238.8
418.68,257.1
418.7,276.7
418.71,286.9
418.73,307.7
418.75,329.0
418.76,339.8
418.78,361.1
418.8,382.1
418.81,392.3
418.83,412.0
418.85,430.6
418.86,439.3
418.88,455.5
418.9,469.8
418.91,476.2
418.93,487.3
418.95,495.9
418.96,499.4
418.98,504.3
418.99,505.8
419.01,506.8
419.03,505.3
419.04,503.5
419.06,498.3
419.08,490.8
419.09,486.2
419.11,475.6
419.13,463.3
419.14,456.6
419.16,442.2
419.18,426.9
419.19,419.0
419.21,402.8
419.23,386.6
419.24,378.5
419.26,362.8
419.28,347.9
419.29,340.8
419.31,327.6
419.33,316.0
419.34,310.8
419.36,301.8
419.37,298.1
419.39,292.2
419.41,288.5
419.42,287.5
419.44,287.1
419.46,288.9
419.47,290.6
419.49,295.3
419.51,301.9
419.52,305.7
419.54,314.5
419.56,324.3
419.57,329.5
419.59,340.3
419.61,351.4
419.62,356.9
419.64,367.6
419.66,377.6
419.67,382.2
419.69,390.6
419.71,397.6
419.72,400.5
419.74,404.9
419.75,406.4
419.77,408.1
419.79,407.9
419.8,407.1
419.82,404.3
419.84,399.9
419.85,397.3
419.87,391.3
419.89,384.6
419.9,381.2
419.92,374.7
419.94,368.9
419.95,366.5
419.97,363.2
419.99,362.5
420.0,363.3
420.02,368.0
420.04,377.4
420.05,384.0
420.07,401.9
420.08,413.3
420.1,441.6
420.12,477.7
420.13,499.0
420.15,548.2
420.17,606.9
420.18,640.0
420.2,713.6
420.22,797.3
420.23,843.0
420.25,941.8
420.27,1050.0
420.28,1108.0
420.3,1230.0
420.32,1359.0
420.33,1426.0
420.35,1564.0
420.37,1706.0
420.38,1778.0
420.4,1922.0
420.42,2065.0
420.43,2136.0
420.45,2273.0
420.46,2339.0
420.48,2464.0
420.5,2580.0
420.51,2633.0
420.53,2728.0
420.55,2808.0
420.56,2842.0
420.58,2896.0
420.6,2931.0
420.61,2941.0
420.63,2946.0
420.65,2931.0
420.66,2916.0
420.68,2873.0
420.7,2810.0
420.71,2773.0
420.73,2685.0
420.75,2583.0
420.76,2528.0
420.78,2408.0
420.8,2278.0
420.81,2210.0
420.83,2071.0
420.84,2000.0
420.86,1855.0
420.88,1710.0
420.89,1638.0
420.91,1496.0
420.93,1358.0
420.94,1290.0
420.96,1160.0
420.98,1037.0
420.99,978.2
421.01,866.7
421.03,763.7
421.04,715.5
421.06,625.4
421.08,544.0
421.09,506.4
421.11,437.4
421.13,376.3
421.14,348.5
421.16,298.1
421.17,275.4
421.19,234.6
421.21,199.5
421.22,183.8
421.24,156.0
421.26,132.3
421.27,121.9
421.29,103.6
421.31,88.15
421.32,81.41
421.34,69.6
421.36,59.73
421.37,55.43
421.39,47.91
421.41,41.64
421.42,38.9
421.44,34.11
421.46,30.1
421.47,28.35
421.49,25.28
421.51,22.72
421.52,21.61
421.54,19.7
421.55,18.89
421.57,17.56
421.59,16.6
421.6,16.27
421.62,15.94
421.64,16.11
421.65,16.42
421.67,17.57
421.69,19.6
421.7,21.03
421.72,24.94
421.74,30.65
421.75,34.37
421.77,43.99
421.79,57.38
421.8,65.86
421.82,87.41
421.84,116.7
421.85,135.0
421.87,181.0
421.89,242.4
421.9,280.4
421.92,374.3
421.93,432.0
421.95,573.6
421.97,758.3
421.98,870.3
422.0,1142.0
422.02,1490.0
422.03,1698.0
422.05,2197.0
422.07,2824.0
422.08,3195.0
422.1,4070.0
422.12,5151.0
422.13,5780.0
422.15,7245.0
422.17,9021.0
422.18,10040.0
422.2,12380.0
422.22,15150.0
422.23,16730.0
422.25,20270.0
422.27,24400.0
422.28,26700.0
422.3,31820.0
422.31,34640.0
422.33,40840.0
422.35,47830.0
422.36,51620.0
422.38,59820.0
422.4,68840.0
422.41,73650.0
422.43,83880.0
422.45,94860.0
422.46,100600.0
422.48,112600.0
422.5,125100.0
422.51,131500.0
422.53,144600.0
422.55,157900.0
422.56,164600.0
422.58,177900.0
422.6,190800.0
422.61,197100.0
422.63,209300.0
422.64,215100.0
422.66,225900.0
422.68,235600.0
422.69,240000.0
422.71,247800.0
422.73,253900.0
422.74,256400.0
422.76,260000.0
422.78,261800.0
422.79,262000.0
422.81,261100.0
422.83,258300.0
422.84,256300.0
422.86,250900.0
422.88,243900.0
422.89,239800.0
422.91,230700.0
422.93,220300.0
422.94,214700.0
422.96,202900.0
422.98,190400.0
422.99,184000.0
423.01,170800.0
423.02,164200.0
423.04,150800.0
423.06,137600.0
423.07,131100.0
423.09,118300.0
423.11,106100.0
423.12,100200.0
423.14,88820.0
423.16,78230.0
423.17,73220.0
423.19,63810.0
423.21,55210.0
423.22,51230.0
423.24,43860.0
423.26,37300.0
423.27,34300.0
423.29,28870.0
423.31,24120.0
423.32,22000.0
423.34,18200.0
423.36,14950.0
423.37,13520.0
423.39,11010.0
423.4,9905.0
423.42,7989.0
423.44,6408.0
423.45,5728.0
423.47,4563.0
423.49,3623.0
423.5,3226.0
423.52,2557.0
423.54,2030.0
423.55,1811.0
423.57,1450.0
423.59,1174.0
423.6,1062.0
423.62,882.4
423.64,750.4
423.65,699.0
423.67,619.8
423.69,565.9
423.7,546.5
423.72,519.5
423.74,504.8
423.75,501.1
423.77,498.8
423.78,499.8
423.8,504.6
423.82,512.0
423.83,516.4
423.85,525.6
423.87,534.8
423.88,539.3
423.9,547.6
423.92,554.8
423.93,557.8
423.95,562.7
423.97,566.0
423.98,567.0
424.0,567.6
424.02,566.4
424.03,565.2
424.05,561.5
424.07,556.1
424.08,552.8
424.1,545.2
424.11,540.8
424.13,531.2
424.15,520.3
424.16,514.4
424.18,501.9
424.2,488.5
424.21,481.5
424.23,466.9
424.25,451.6
424.26,443.7
424.28,427.6
424.3,411.0
424.31,402.6
424.33,385.5
424.35,368.1
424.36,359.4
424.38,341.9
424.4,324.3
424.41,315.6
424.43,298.2
424.45,281.0
424.46,272.6
424.48,255.9
424.49,247.8
424.51,231.9
424.53,216.6
424.54,209.1
424.56,194.9
424.58,181.4
424.59,174.9
424.61,162.7
424.63,151.4
424.64,146.0
424.66,136.0
424.68,126.9
424.69,122.6
424.71,114.8
424.73,107.8
424.74,104.5
424.76,98.62
424.78,93.36
424.79,90.97
424.81,86.58
424.83,82.69
424.84,80.92
424.86,77.64
424.87,76.14
424.89,73.35
424.91,70.81
424.92,69.63
424.94,67.4
424.96,65.35
424.97,64.37
424.99,62.54
425.01,60.84
425.02,60.04
425.04,58.54
425.06,57.2
425.07,56.59
425.09,55.51
425.11,54.62
425.12,54.25
425.14,53.68
425.16,53.34
425.17,53.26
425.19,53.3
425.21,53.59
425.22,53.83
425.24,54.5
425.25,54.93
425.27,55.94
425.29,57.16
425.3,57.84
425.32,59.31
425.34,60.89
425.35,61.71
425.37,63.38
425.39,65.04
425.4,65.85
425.42,67.4
425.44,68.81
425.45,69.44
425.47,70.55
425.49,71.4
425.5,71.71
425.52,72.1
425.54,72.16
425.55,72.05
425.57,71.57
425.58,71.2
425.6,70.18
425.62,68.82
425.63,68.01
425.65,66.18
425.67,64.07
425.68,62.93
425.7,60.49
425.72,57.89
425.73,56.54
425.75,53.8
425.77,51.03
425.78,49.64
425.8,46.92
425.82,44.29
425.83,43.02
425.85,40.61
425.87,38.38
425.88,37.35
425.9,35.45
425.92,33.8
425.93,33.07
425.95,31.8
425.96,31.27
425.98,30.38
426.0,29.74
426.01,29.51
426.03,29.21
426.05,29.11
426.06,29.14
426.08,29.31
426.1,29.63
426.11,29.83
426.13,30.32
426.15,30.89
426.16,31.2
426.18,31.84
426.2,32.5
426.21,32.83
426.23,33.47
426.25,34.08
426.26,34.37
426.28,34.89
426.3,35.33
426.31,35.52
426.33,35.81
426.34,35.92
426.36,36.05
426.38,36.06
426.39,36.01
426.41,35.83
426.43,35.52
426.44,35.31
426.46,34.81
426.48,34.19
426.49,33.83
426.51,33.05
426.53,32.17
426.54,31.7
426.56,30.72
426.58,29.69
426.59,29.17
426.61,28.12
426.63,27.09
426.64,26.6
426.66,25.66
426.68,24.83
426.69,24.46
426.71,23.84
426.72,23.6
426.74,23.29
426.76,23.22
426.77,23.29
426.79,23.65
426.81,24.36
426.82,24.84
426.84,26.1
426.86,27.76
426.87,28.75
426.89,31.05
426.91,33.79
426.92,35.33
426.94,38.75
426.96,42.6
426.97,44.69
426.99,49.17
427.01,54.03
427.02,56.6
427.04,61.96
427.05,64.75
427.07,70.49
427.09,76.41
427.1,79.42
427.12,85.47
427.14,91.52
427.15,94.52
427.17,100.4
427.19,106.1
427.2,108.8
427.22,114.1
427.24,118.9
427.25,121.2
427.27,125.3
427.29,129.0
427.3,130.6
427.32,133.4
427.34,135.6
427.35,136.5
427.37,137.9
427.39,138.7
427.4,139.0
427.42,139.1
427.43,139.0
427.45,138.6
427.47,137.9
427.48,137.6
427.5,136.8
427.52,136.1
427.53,135.9
427.55,135.8
427.57,136.5
427.58,137.1
427.6,139.4
427.62,143.3
427.63,145.9
427.65,153.1
427.67,163.1
427.68,169.4
427.7,185.1
427.72,205.6
427.73,217.9
427.75,247.4
427.77,284.3
427.78,305.9
427.8,356.3
427.81,385.4
427.83,452.3
427.85,532.2
427.86,577.5
427.88,679.7
427.9,798.7
427.91,865.0
427.93,1012.0
427.95,1179.0
427.96,1271.0
427.98,1470.0
428.0,1692.0
428.01,1812.0
428.03,2068.0
428.05,2346.0
428.06,2493.0
428.08,2802.0
428.1,3129.0
428.11,3299.0
428.13,3650.0
428.15,4011.0
428.16,4194.0
428.18,4564.0
428.19,4750.0
428.21,5118.0
428.23,5478.0
428.24,5654.0
428.26,5993.0
428.28,6310.0
428.29,6459.0
428.31,6735.0
428.33,6978.0
428.34,7085.0
428.36,7271.0
428.38,7415.0
428.39,7471.0
428.41,7551.0
428.43,7587.0
428.44,7589.0
428.46,7563.0
428.48,7499.0
428.49,7453.0
428.51,7339.0
428.52,7271.0
428.54,7118.0
428.56,6947.0
428.57,6856.0
428.59,6670.0
428.61,6481.0
428.62,6388.0
428.64,6208.0
428.66,6042.0
428.67,5966.0
428.69,5829.0
428.71,5716.0
428.72,5670.0
428.74,5599.0
428.76,5557.0
428.77,5548.0
428.79,5549.0
428.81,5577.0
428.82,5600.0
428.84,5663.0
428.86,5743.0
428.87,5789.0
428.89,5887.0
428.9,5938.0
428.92,6040.0
428.94,6139.0
428.95,6185.0
428.97,6266.0
428.99,6330.0
429.0,6354.0
429.02,6382.0
429.04,6382.0
429.05,6371.0
429.07,6324.0
429.09,6243.0
429.1,6191.0
429.12,6060.0
429.14,5898.0
429.15,5805.0
429.17,5599.0
429.19,5366.0
429.2,5242.0
429.22,4978.0
429.24,4700.0
429.25,4556.0
429.27,4263.0
429.28,4115.0
429.3,3818.0
429.32,3526.0
429.33,3383.0
429.35,3104.0
429.37,2840.0
429.38,2715.0
429.4,2480.0
429.42,2268.0
429.43,2172.0
429.45,2000.0
429.47,1857.0
429.48,1797.0
429.5,1702.0
429.52,1639.0
429.53,1621.0
429.55,1611.0
429.57,1636.0
429.58,1662.0
429.6,1742.0
429.62,1860.0
429.63,1933.0
429.65,2107.0
429.66,2209.0
429.68,2442.0
429.7,2714.0
429.71,2865.0
429.73,3198.0
429.75,3571.0
429.76,3774.0
429.78,4210.0
429.8,4690.0
429.81,4946.0
429.83,5491.0
429.85,6080.0
429.86,6391.0
429.88,7048.0
429.9,7750.0
429.91,8117.0
429.93,8886.0
429.95,9697.0
429.96,10120.0
429.98,10990.0
429.99,11440.0
430.01,12370.0
430.03,13330.0
430.04,13810.0
430.06,14810.0
430.08,15810.0
430.09,16320.0
430.11,17330.0
430.13,18330.0
430.14,18820.0
430.16,19780.0
430.18,20700.0
430.19,21140.0
430.21,21970.0
430.23,22730.0
430.24,23080.0
430.26,23710.0
430.28,24240.0
430.29,24460.0
430.31,24810.0
430.33,25050.0
430.34,25120.0
430.36,25160.0
430.37,25140.0
430.39,24990.0
430.41,24730.0
430.42,24550.0
430.44,24110.0
430.46,23580.0
430.47,23270.0
430.49,22610.0
430.51,21870.0
430.52,21490.0
430.54,20680.0
430.56,19840.0
430.57,19410.0
430.59,18550.0
430.61,17690.0
430.62,17270.0
430.64,16450.0
430.66,15650.0
430.67,15270.0
430.69,14530.0
430.71,13840.0
430.72,13510.0
430.74,12890.0
430.75,12600.0
430.77,12050.0
430.79,11530.0
430.8,11290.0
430.82,10840.0
430.84,10410.0
430.85,10210.0
430.87,9813.0
430.89,9434.0
430.9,9248.0
430.92,8882.0
430.94,8518.0
430.95,8336.0
430.97,7969.0
430.99,7597.0
431.0,7410.0
431.02,7029.0
431.04,6643.0
431.05,6447.0
431.07,6054.0
431.08,5857.0
431.1,5461.0
431.12,5068.0
431.13,4873.0
431.15,4488.0
431.17,4113.0
431.18,3930.0
431.2,3576.0
431.22,3239.0
431.23,3078.0
431.25,2773.0
431.27,2492.0
431.28,2360.0
431.3,2118.0
431.32,1904.0
431.33,1808.0
431.35,1639.0
431.37,1500.0
431.38,1442.0
431.4,1351.0
431.42,1292.0
431.43,1274.0
431.45,1264.0
431.46,1271.0
431.48,1310.0
431.5,1381.0
431.51,1429.0
431.53,1550.0
431.55,1702.0
431.56,1790.0
431.58,1989.0
431.6,2217.0
431.61,2342.0
431.63,2612.0
431.65,2908.0
431.66,3064.0
431.68,3391.0
431.7,3735.0
431.71,3912.0
431.73,4275.0
431.75,4643.0
431.76,4827.0
431.78,5195.0
431.8,5554.0
431.81,5729.0
431.83,6066.0
431.84,6227.0
431.86,6528.0
431.88,6799.0
431.89,6921.0
431.91,7136.0
431.93,7309.0
431.94,7379.0
431.96,7482.0
431.98,7537.0
431.99,7545.0
432.01,7524.0
432.03,7454.0
432.04,7400.0
432.06,7258.0
432.08,7072.0
432.09,6963.0
432.11,6718.0
432.13,6438.0
432.14,6287.0
432.16,5967.0
432.18,5626.0
432.19,5450.0
432.21,5090.0
432.22,4907.0
432.24,4539.0
432.26,4172.0
432.27,3991.0
432.29,3634.0
432.31,3290.0
432.32,3123.0
432.34,2802.0
432.36,2499.0
432.37,2356.0
432.39,2084.0
432.41,1834.0
432.42,1717.0
432.44,1500.0
432.46,1304.0
432.47,1214.0
432.49,1049.0
432.51,903.2
432.52,837.1
432.54,717.6
432.55,663.8
432.57,567.4
432.59,484.5
432.6,447.7
432.62,382.5
432.64,327.2
432.65,303.0
432.67,260.5
432.69,225.2
432.7,209.9
432.72,183.4
432.74,161.8
432.75,152.7
432.77,137.3
432.79,125.4
432.8,120.7
432.82,113.3
432.84,108.5
432.85,107.1
432.87,105.9
432.89,107.1
432.9,108.6
432.92,113.2
432.93,116.4
432.95,124.6
432.97,135.2
432.98,141.4
433.0,155.8
433.02,172.9
433.03,182.4
433.05,203.7
433.07,227.7
433.08,240.8
433.1,269.2
433.12,300.4
433.13,317.0
433.15,352.1
433.17,389.7
433.18,409.3
433.2,449.9
433.22,492.1
433.23,513.7
433.25,557.4
433.27,601.4
433.28,623.3
433.3,666.6
433.31,687.8
433.33,728.9
433.35,767.7
433.36,786.1
433.38,820.2
433.4,850.4
433.41,863.8
433.43,887.0
433.45,905.0
433.46,912.0
433.48,921.5
433.5,925.1
433.51,924.7
433.53,919.4
433.55,908.2
433.56,900.5
433.58,881.0
433.6,856.4
433.61,842.4
433.63,811.1
433.65,776.0
433.66,757.3
433.68,717.8
433.69,697.2
433.71,654.7
433.73,611.2
433.74,589.2
433.76,545.1
433.78,501.5
433.79,480.0
433.81,437.9
433.83,397.4
433.84,377.8
433.86,340.3
433.88,305.0
433.89,288.3
433.91,256.7
433.93,227.7
433.94,214.2
433.96,189.0
433.98,166.3
433.99,155.8
434.01,136.6
434.02,127.8
434.04,111.8
434.06,97.65
434.07,91.25
434.09,79.67
434.11,69.57
434.12,65.04
434.14,56.88
434.16,49.84
434.17,46.69
434.19,41.07
434.21,36.26
434.22,34.13
434.24,30.37
434.26,27.22
434.27,25.85
434.29,23.5
434.31,21.63
434.32,20.87
434.34,19.68
434.36,18.91
434.37,18.68
434.39,18.53
434.4,18.62
434.42,19.1
434.44,20.02
434.45,20.65
434.47,22.27
434.49,24.38
434.5,25.63
434.52,28.56
434.54,32.1
434.55,34.12
434.57,38.7
434.59,44.07
434.6,47.09
434.62,53.83
434.64,61.65
434.65,65.99
434.67,75.66
434.69,86.77
434.7,92.93
434.72,106.5
434.74,122.1
434.75,130.7
434.77,149.5
434.78,159.9
434.8,182.6
434.82,208.1
434.83,222.0
434.85,252.3
434.87,286.1
434.88,304.3
434.9,343.5
434.92,386.6
434.93,409.6
434.95,458.7
434.97,511.8
434.98,539.8
435.0,598.9
435.02,661.9
435.03,694.8
435.05,763.1
435.07,834.8
435.08,871.7
435.1,947.6
435.12,1026.0
435.13,1066.0
435.15,1146.0
435.16,1187.0
435.18,1269.0
435.2,1351.0
435.21,1392.0
435.23,1473.0
435.25,1553.0
435.26,1592.0
435.28,1669.0
435.3,1743.0
435.31,1778.0
435.33,1846.0
435.35,1910.0
435.36,1940.0
435.38,1996.0
435.4,2046.0
435.41,2069.0
435.43,2109.0
435.45,2143.0
435.46,2157.0
435.48,2179.0
435.49,2187.0
435.51,2198.0
435.53,2199.0
435.54,2197.0
435.56,2186.0
435.58,2167.0
435.59,2154.0
435.61,2122.0
435.63,2081.0
435.64,2058.0
435.66,2006.0
435.68,1947.0
435.69,1915.0
435.71,1847.0
435.73,1773.0
435.74,1734.0
435.76,1653.0
435.78,1570.0
435.79,1527.0
435.81,1440.0
435.83,1352.0
435.84,1308.0
435.86,1221.0
435.87,1178.0
435.89,1092.0
435.91,1009.0
435.92,968.4
435.94,889.7
435.96,814.6
435.97,778.5
435.99,709.5
436.01,644.7
436.02,614.0
436.04,555.8
436.06,502.1
436.07,476.8
436.09,429.6
436.11,386.4
436.12,366.3
436.14,329.0
436.16,295.2
436.17,279.5
436.19,250.6
436.21,224.7
436.22,212.7
436.24,190.7
436.25,180.6
436.27,162.0
436.29,145.5
436.3,137.9
436.32,124.1
436.34,111.9
436.35,106.3
436.37,96.3
436.39,87.58
436.4,83.67
436.42,76.73
436.44,70.88
436.45,68.34
436.47,63.98
436.49,60.54
436.5,59.15
436.52,56.99
436.54,55.62
436.55,55.21
436.57,54.91
436.59,55.26
436.6,55.67
436.62,56.91
436.63,57.73
436.65,59.74
436.67,62.2
436.68,63.58
436.7,66.62
436.72,70.0
436.73,71.8
436.75,75.61
436.77,79.69
436.78,81.82
436.8,86.29
436.82,91.04
436.83,93.53
436.85,98.8
436.87,104.5
436.88,107.6
436.9,114.2
436.92,121.6
436.93,125.6
436.95,134.6
436.96,139.6
436.98,150.8
437.0,163.9
437.01,171.2
437.03,187.7
437.05,206.9
437.06,217.7
437.08,241.9
437.1,269.9
437.11,285.5
437.13,319.8
437.15,359.0
437.16,380.4
437.18,427.0
437.2,479.0
437.21,507.0
437.23,566.9
437.25,632.1
437.26,666.6
437.28,739.2
437.3,816.1
437.31,856.0
437.33,938.3
437.34,980.4
437.36,1066.0
437.38,1153.0
437.39,1196.0
437.41,1282.0
437.43,1366.0
437.44,1407.0
437.46,1486.0
437.48,1559.0
437.49,1593.0
437.51,1656.0
437.53,1710.0
437.54,1733.0
437.56,1773.0
437.58,1801.0
437.59,1812.0
437.61,1823.0
437.63,1823.0
437.64,1818.0
437.66,1800.0
437.68,1771.0
437.69,1752.0
437.71,1706.0
437.72,1680.0
437.74,1621.0
437.76,1553.0
437.77,1517.0
437.79,1439.0
437.81,1357.0
437.82,1315.0
437.84,1228.0
437.86,1140.0
437.87,1095.0
437.89,1007.0
437.91,919.8
437.92,877.1
437.94,794.1
437.96,714.8
437.97,676.8
437.99,604.2
438.01,536.6
438.02,504.8
438.04,445.3
438.06,391.3
438.07,366.4
438.09,320.6
438.1,299.8
438.12,261.9
438.14,228.9
438.15,214.2
438.17,188.1
438.19,166.0
438.2,156.4
438.22,139.7
438.24,126.1
438.25,120.3
438.27,110.6
438.29,103.1
438.3,99.99
438.32,95.02
438.34,91.38
438.35,89.97
438.37,87.81
438.39,86.32
438.4,85.77
438.42,84.94
438.43,84.61
438.45,84.04
438.47,83.5
438.48,83.2
438.5,82.51
438.52,81.63
438.53,81.1
438.55,79.85
438.57,78.32
438.58,77.45
438.6,75.5
438.62,73.28
438.63,72.07
438.65,69.47
438.67,66.66
438.68,65.18
438.7,62.12
438.72,58.93
438.73,57.3
438.75,54.0
438.77,50.67
438.78,49.0
438.8,45.69
438.81,44.06
438.83,40.85
438.85,37.73
438.86,36.22
438.88,33.29
438.9,30.52
438.91,29.19
438.93,26.66
438.95,24.31
438.96,23.21
438.98,21.14
439.0,19.27
439.01,18.4
439.03,16.83
439.05,15.45
439.06,14.84
439.08,13.76
439.1,12.89
439.11,12.53
439.13,11.96
439.15,11.61
439.16,11.51
439.18,11.49
439.19,11.56
439.21,11.89
439.23,12.46
439.24,12.85
439.26,13.83
439.28,15.1
439.29,15.85
439.31,17.6
439.33,19.69
439.34,20.88
439.36,23.56
439.38,26.64
439.39,28.35
439.41,32.11
439.43,36.35
439.44,38.65
439.46,43.63
439.48,49.13
439.49,52.07
439.51,58.33
439.53,65.1
439.54,68.67
439.56,76.14
439.57,80.04
439.59,88.14
439.61,96.57
439.62,100.9
439.64,109.7
439.66,118.6
439.67,123.1
439.69,132.1
439.71,140.9
439.72,145.2
439.74,153.6
439.76,161.5
439.77,165.3
439.79,172.3
439.81,178.6
439.82,181.4
439.84,186.4
439.86,190.4
439.87,192.0
439.89,194.5
439.9,195.3
439.92,196.1
439.94,195.8
439.95,195.3
439.97,193.5
439.99,190.8
440.0,189.0
440.02,185.0
440.04,180.3
440.05,177.7
440.07,172.2
440.09,166.3
440.1,163.2
440.12,157.1
440.14,151.0
440.15,148.0
440.17,142.2
440.19,136.7
440.2,134.2
440.22,129.5
440.24,125.5
440.25,123.7
440.27,120.8
440.28,119.6
440.3,117.9
440.32,117.1
440.33,117.0
440.35,117.4
440.37,118.7
440.38,119.7
440.4,122.2
440.42,125.4
440.43,127.3
440.45,131.6
440.47,136.5
440.48,139.2
440.5,144.9
440.52,151.1
440.53,154.4
440.55,161.1
440.57,168.2
440.58,171.8
440.6,179.2
440.62,186.7
440.63,190.5
440.65,198.1
440.66,201.9
440.68,209.4
440.7,216.8
440.71,220.4
440.73,227.5
440.75,234.2
440.76,237.5
440.78,243.6
440.8,249.3
440.81,251.9
440.83,256.7
440.85,260.7
440.86,262.5
440.88,265.3
440.9,267.3
440.91,268.0
440.93,268.6
440.95,268.2
440.96,267.6
440.98,265.7
441.0,262.8
441.01,260.9
441.03,256.5
441.04,253.9
441.06,248.1
441.08,241.5
441.09,237.9
441.11,230.1
441.13,221.8
441.14,217.4
441.16,208.4
441.18,199.0
441.19,194.3
441.21,184.6
441.23,175.0
441.24,170.2
441.26,160.8
441.28,151.5
441.29,147.0
441.31,138.3
441.33,129.9
441.34,125.9
441.36,118.2
441.37,114.5
441.39,107.6
441.41,101.1
441.42,98.02
441.44,92.25
441.46,86.92
441.47,84.41
441.49,79.69
441.51,75.35
441.52,73.31
441.54,69.47
441.56,65.93
441.57,64.27
441.59,61.15
441.61,58.31
441.62,56.99
441.64,54.57
441.66,52.46
441.67,51.54
441.69,49.98
441.71,48.86
441.72,48.5
441.74,48.23
441.75,48.35
441.77,49.21
441.79,51.01
441.8,52.33
441.82,55.96
441.84,61.11
441.85,64.35
441.87,72.39
441.89,82.81
441.9,89.06
441.92,103.9
441.94,122.4
441.95,133.2
441.97,158.2
441.99,188.5
442.0,205.9
442.02,245.6
442.04,292.6
442.05,319.1
442.07,378.9
442.09,448.5
442.1,487.2
442.12,573.3
442.13,620.8
442.15,725.6
442.17,843.9
442.18,908.4
442.2,1049.0
442.22,1204.0
442.23,1287.0
442.25,1466.0
442.27,1660.0
442.28,1763.0
442.3,1979.0
442.32,2210.0
442.33,2330.0
442.35,2578.0
442.37,2836.0
442.38,2968.0
442.4,3236.0
442.42,3507.0
442.43,3643.0
442.45,3913.0
442.46,4046.0
442.48,4306.0
442.5,4555.0
442.51,4675.0
442.53,4901.0
442.55,5106.0
442.56,5201.0
442.58,5370.0
442.6,5512.0
442.61,5571.0
442.63,5667.0
442.65,5731.0
442.66,5750.0
442.68,5764.0
442.7,5745.0
442.71,5723.0
442.73,5657.0
442.75,5562.0
442.76,5504.0
442.78,5370.0
442.8,5214.0
442.81,5130.0
442.83,4950.0
442.84,4856.0
442.86,4662.0
442.88,4465.0
442.89,4367.0
442.91,4174.0
442.93,3992.0
442.94,3906.0
442.96,3748.0
442.98,3613.0
442.99,3555.0
443.01,3463.0
443.03,3406.0
443.04,3392.0
443.06,3396.0
443.08,3445.0
443.09,3488.0
443.11,3612.0
443.13,3790.0
443.14,3900.0
443.16,4164.0
443.18,4486.0
443.19,4669.0
443.21,5081.0
443.22,5310.0
443.24,5810.0
443.26,6366.0
443.27,6665.0
443.29,7300.0
443.31,7981.0
443.32,8337.0
443.34,9075.0
443.36,9842.0
443.37,10230.0
443.39,11020.0
443.41,11820.0
443.42,12210.0
443.44,12990.0
443.46,13740.0
443.47,14110.0
443.49,14800.0
443.51,15430.0
443.52,15720.0
443.54,16250.0
443.56,16690.0
443.57,16880.0
443.59,17180.0
443.6,17290.0
443.62,17440.0
443.64,17480.0
443.65,17460.0
443.67,17340.0
443.69,17120.0
443.7,16960.0
443.72,16580.0
443.74,16110.0
443.75,15850.0
443.77,15250.0
443.79,14590.0
443.8,14230.0
443.82,13490.0
443.84,12700.0
443.85,12290.0
443.87,11470.0
443.89,10630.0
443.9,10210.0
443.92,9374.0
443.93,8962.0
443.95,8152.0
443.97,7369.0
443.98,6989.0
444.0,6259.0
444.02,5570.0
444.03,5242.0
444.05,4622.0
444.07,4049.0
444.08,3782.0
444.1,3283.0
444.12,2832.0
444.13,2625.0
444.15,2244.0
444.17,1907.0
444.18,1754.0
444.2,1478.0
444.22,1238.0
444.23,1130.0
444.25,938.9
444.27,775.9
444.28,704.1
444.3,577.7
444.31,522.4
444.33,426.1
444.35,346.4
444.36,312.1
444.38,253.0
444.4,205.1
444.41,184.7
444.43,150.2
444.45,122.9
444.46,111.4
444.48,92.44
444.5,77.84
444.51,71.94
444.53,62.55
444.55,55.93
444.56,53.53
444.58,50.37
444.6,49.24
444.61,49.4
444.63,51.18
444.65,54.99
444.66,57.71
444.68,64.97
444.69,69.61
444.71,81.2
444.73,96.43
444.74,105.6
444.76,127.8
444.78,155.9
444.79,172.5
444.81,212.0
444.83,261.1
444.84,289.8
444.86,357.1
444.88,439.4
444.89,487.1
444.91,597.4
444.93,730.4
444.94,806.5
444.96,980.4
444.98,1187.0
444.99,1303.0
445.01,1567.0
445.03,1874.0
445.04,2045.0
445.06,2427.0
445.07,2638.0
445.09,3105.0
445.11,3633.0
445.12,3922.0
445.14,4551.0
445.16,5249.0
445.17,5625.0
445.19,6432.0
445.21,7309.0
445.22,7775.0
445.24,8756.0
445.26,9802.0
445.27,10350.0
445.29,11480.0
445.31,12650.0
445.32,13260.0
445.34,14480.0
445.36,15720.0
445.37,16340.0
445.39,17580.0
445.4,18190.0
445.42,19390.0
445.44,20540.0
445.45,21090.0
445.47,22130.0
445.49,23080.0
445.5,23510.0
445.52,24290.0
445.54,24950.0
445.55,25220.0
445.57,25660.0
445.59,25950.0
445.6,26030.0
445.62,26080.0
445.64,25960.0
445.65,25850.0
445.67,25500.0
445.69,25000.0
445.7,24690.0
445.72,23990.0
445.74,23160.0
445.75,22700.0
445.77,21710.0
445.78,21190.0
445.8,20080.0
445.82,18920.0
445.83,18320.0
445.85,17100.0
445.87,15860.0
445.88,15240.0
445.9,14010.0
445.92,12800.0
445.93,12210.0
445.95,11050.0
445.97,9942.0
445.98,9409.0
446.0,8389.0
446.02,7435.0
446.03,6984.0
446.05,6133.0
446.07,5354.0
446.08,4991.0
446.1,4318.0
446.12,3713.0
446.13,3435.0
446.15,2928.0
446.16,2697.0
446.18,2278.0
446.2,1913.0
446.21,1750.0
446.23,1457.0
446.25,1206.0
446.26,1095.0
446.28,898.9
446.3,734.3
446.31,662.4
446.33,537.2
446.35,434.0
446.36,389.6
446.38,313.3
446.4,251.8
446.41,225.7
446.43,181.8
446.45,147.3
446.46,133.1
446.48,109.7
446.5,92.19
446.51,85.26
446.53,74.53
446.54,70.52
446.56,64.81
446.58,61.69
446.59,60.93
446.61,60.79
446.63,62.17
446.64,63.33
446.66,66.44
446.68,70.41
446.69,72.65
446.71,77.53
446.73,82.82
446.74,85.56
446.76,91.17
446.78,96.83
446.79,99.65
446.81,105.2
446.83,110.4
446.84,112.9
446.86,117.6
446.87,119.8
446.89,123.7
446.91,127.0
446.92,128.5
446.94,130.7
446.96,132.3
446.97,132.7
446.99,133.1
447.01,132.6
447.02,132.1
447.04,130.5
447.06,128.1
447.07,126.7
447.09,123.3
447.11,119.3
447.12,117.1
447.14,112.4
447.16,107.2
447.17,104.6
447.19,99.02
447.21,93.33
447.22,90.46
447.24,84.72
447.25,81.88
447.27,76.31
447.29,70.95
447.3,68.37
447.32,63.47
447.34,58.96
447.35,56.86
447.37,53.03
447.39,49.7
447.4,48.23
447.42,45.7
447.44,43.72
447.45,42.94
447.47,41.8
447.49,41.21
447.5,41.12
447.52,41.33
447.54,42.05
447.55,42.6
447.57,44.04
447.59,45.93
447.6,47.03
447.62,49.53
447.63,50.92
447.65,53.95
447.67,57.31
447.68,59.1
447.7,62.89
447.72,66.93
447.73,69.04
447.75,73.42
447.77,78.0
447.78,80.36
447.8,85.19
447.82,90.18
447.83,92.72
447.85,97.9
447.87,103.2
447.88,105.8
447.9,111.2
447.92,116.6
447.93,119.3
447.95,124.7
447.97,130.1
447.98,132.7
448.0,137.9
448.01,140.4
448.03,145.3
448.05,149.9
448.06,152.1
448.08,156.2
448.1,159.9
448.11,161.6
448.13,164.5
448.15,166.9
448.16,167.8
448.18,169.3
448.2,170.1
448.21,170.2
448.23,169.9
448.25,169.0
448.26,168.2
448.28,166.2
448.3,163.6
448.31,162.0
448.33,158.5
448.34,156.6
448.36,152.3
448.38,147.6
448.39,145.1
448.41,139.9
448.43,134.6
448.44,131.9
448.46,126.4
448.48,120.9
448.49,118.2
448.51,112.9
448.53,107.8
448.54,105.4
448.56,100.7
448.58,96.28
448.59,94.22
448.61,90.34
448.63,86.82
448.64,85.18
448.66,82.18
448.68,79.49
448.69,78.26
448.71,76.0
448.72,74.96
448.74,73.05
448.76,71.32
448.77,70.51
448.79,68.97
448.81,67.5
448.82,66.79
448.84,65.37
448.86,63.95
448.87,63.23
448.89,61.76
448.91,60.23
448.92,59.44
448.94,57.83
448.96,56.15
448.97,55.3
448.99,53.55
449.01,51.79
449.02,50.9
449.04,49.15
449.06,47.43
449.07,46.59
449.09,44.98
449.1,44.21
449.12,42.78
449.14,41.51
449.15,40.94
449.17,39.95
449.19,39.19
449.2,38.9
449.22,38.52
449.24,38.41
449.25,38.46
449.27,38.79
449.29,39.43
449.3,39.86
449.32,40.95
449.34,42.35
449.35,43.16
449.37,45.0
449.39,47.11
449.4,48.27
449.42,50.76
449.44,53.47
449.45,54.89
449.47,57.87
449.48,59.42
449.5,62.58
449.52,65.82
449.53,67.45
449.55,70.72
449.57,73.94
449.58,75.52
449.6,78.59
449.62,81.51
449.63,82.89
449.65,85.48
449.67,87.8
449.68,88.85
449.7,90.71
449.72,92.22
449.73,92.84
449.75,93.79
449.77,94.35
449.78,94.48
449.8,94.45
449.81,94.28
449.83,93.67
449.85,92.69
449.86,92.07
449.88,90.58
449.9,88.78
449.91,87.77
449.93,85.58
449.95,83.16
449.96,81.88
449.98,79.21
450.0,76.42
450.01,74.98
450.03,72.08
450.05,69.15
450.06,67.68
450.08,64.78
450.1,61.93
450.11,60.54
450.13,57.84
450.15,55.27
450.16,54.05
450.18,51.72
450.19,50.62
450.21,48.58
450.23,46.74
450.24,45.91
450.26,44.42
450.28,43.18
450.29,42.65
450.31,41.78
450.33,41.17
450.34,40.97
450.36,40.75
450.38,40.8
450.39,40.92
450.41,41.35
450.43,42.03
450.44,42.47
450.46,43.5
450.48,44.76
450.49,45.46
450.51,47.03
450.53,48.78
450.54,49.72
450.56,51.71
450.57,52.77
450.59,54.98
450.61,57.31
450.62,58.52
450.64,61.01
450.66,63.59
450.67,64.91
450.69,67.6
450.71,70.35
450.72,71.75
450.74,74.58
450.76,77.44
450.77,78.89
450.79,81.79
450.81,84.71
450.82,86.17
450.84,89.07
450.86,91.95
450.87,93.37
450.89,96.16
450.9,97.53
450.92,100.2
450.94,102.7
450.95,103.9
450.97,106.2
450.99,108.2
451.0,109.2
451.02,110.9
451.04,112.3
451.05,112.8
451.07,113.7
451.09,114.3
451.1,114.4
451.12,114.4
451.14,114.0
451.15,113.6
451.17,112.7
451.19,111.4
451.2,110.6
451.22,108.8
451.24,106.8
451.25,105.7
451.27,103.3
451.28,102.1
451.3,99.56
451.32,97.0
451.33,95.74
451.35,93.28
451.37,90.98
451.38,89.91
451.4,87.99
451.42,86.42
451.43,85.78
451.45,84.87
451.47,84.47
451.48,84.49
451.5,84.98
451.52,86.12
451.53,86.95
451.55,89.14
451.57,92.06
451.58,93.8
451.6,97.84
451.62,102.6
451.63,105.3
451.65,111.2
451.66,114.4
451.68,121.4
451.7,129.0
451.71,133.1
451.73,141.6
451.75,150.8
451.76,155.5
451.78,165.4
451.8,175.7
451.81,181.0
451.83,192.0
451.85,203.2
451.86,209.0
451.88,220.8
451.9,232.8
451.91,239.0
451.93,251.6
451.95,264.4
451.96,271.0
451.98,284.5
452.0,298.4
452.01,305.5
452.03,320.2
452.04,327.8
452.06,343.5
452.08,360.0
452.09,368.6
452.11,386.6
452.13,405.6
452.14,415.6
452.16,436.6
452.18,459.2
452.19,471.1
452.21,496.2
452.23,523.3
452.24,537.6
452.26,568.0
452.28,600.8
452.29,618.2
452.31,655.0
452.33,694.6
452.34,715.5
452.36,759.7
452.37,782.9
452.39,831.6
452.41,883.5
452.42,910.5
452.44,966.9
452.46,1026.0
452.47,1056.0
452.49,1119.0
452.51,1183.0
452.52,1216.0
452.54,1282.0
452.56,1349.0
452.57,1382.0
452.59,1448.0
452.61,1512.0
452.62,1542.0
452.64,1602.0
452.66,1657.0
452.67,1683.0
452.69,1731.0
452.71,1771.0
452.72,1789.0
452.74,1819.0
452.75,1830.0
452.77,1847.0
452.79,1855.0
452.8,1855.0
452.82,1848.0
452.84,1832.0
452.85,1820.0
452.87,1789.0
452.89,1749.0
452.9,1726.0
452.92,1674.0
452.94,1614.0
452.95,1581.0
452.97,1512.0
452.99,1438.0
453.0,1399.0
453.02,1319.0
453.04,1237.0
453.05,1195.0
453.07,1111.0
453.09,1028.0
453.1,986.6
453.12,905.4
453.13,865.7
453.15,788.6
453.17,714.9
453.18,679.6
453.2,612.2
453.22,549.4
453.23,519.8
453.25,464.3
453.27,413.8
453.28,390.4
453.3,347.2
453.32,308.8
453.33,291.2
453.35,259.5
453.37,231.8
453.38,219.4
453.4,197.3
453.42,178.4
453.43,170.1
453.45,155.5
453.47,143.2
453.48,137.8
453.5,128.4
453.51,124.3
453.53,117.2
453.55,111.2
453.56,108.5
453.58,103.8
453.6,99.65
453.61,97.75
453.63,94.21
453.65,90.89
453.66,89.29
453.68,86.13
453.7,82.99
453.71,81.41
453.73,78.21
453.75,74.94
453.76,73.28
453.78,69.89
453.8,66.44
453.81,64.69
453.83,61.17
453.84,59.4
453.86,55.87
453.88,52.36
453.89,50.63
453.91,47.22
453.93,43.92
453.94,42.31
453.96,39.21
453.98,36.28
453.99,34.89
454.01,32.25
454.03,29.82
454.04,28.69
454.06,26.59
454.08,24.72
454.09,23.88
454.11,22.35
454.13,21.05
454.14,20.48
454.16,19.49
454.18,18.71
454.19,18.38
454.21,17.87
454.22,17.67
454.24,17.39
454.26,17.24
454.27,17.21
454.29,17.23
454.31,17.35
454.32,17.43
454.34,17.65
454.36,17.91
454.37,18.06
454.39,18.37
454.41,18.7
454.42,18.86
454.44,19.2
454.46,19.52
454.47,19.68
454.49,19.98
454.51,20.27
454.52,20.4
454.54,20.65
454.56,20.88
454.57,20.98
454.59,21.18
454.6,21.27
454.62,21.45
454.64,21.61
454.65,21.69
454.67,21.84
454.69,22.0
454.7,22.08
454.72,22.24
454.74,22.41
454.75,22.49
454.77,22.67
454.79,22.85
454.8,22.95
454.82,23.14
454.84,23.33
454.85,23.42
454.87,23.6
454.89,23.76
454.9,23.83
454.92,23.95
454.94,24.03
454.95,24.05
454.97,24.07
454.98,24.05
455.0,23.98
455.02,23.85
455.03,23.75
455.05,23.52
455.07,23.21
455.08,23.03
455.1,22.63
455.12,22.16
455.13,21.91
455.15,21.37
455.17,20.79
455.18,20.49
455.2,19.88
455.22,19.27
455.23,18.97
455.25,18.4
455.27,17.87
455.28,17.64
455.3,17.23
455.31,17.07
455.33,16.84
455.35,16.75
455.36,16.77
455.38,16.94
455.4,17.32
455.41,17.6
455.43,18.33
455.45,19.31
455.46,19.91
455.48,21.31
455.5,23.01
455.51,23.97
455.53,26.12
455.55,28.58
455.56,29.92
455.58,32.82
455.6,36.01
455.61,37.7
455.63,41.28
455.65,45.08
455.66,47.05
455.68,51.12
455.69,53.2
455.71,57.44
455.73,61.73
455.74,63.87
455.76,68.13
455.78,72.28
455.79,74.31
455.81,78.2
455.83,81.84
455.84,83.55
455.86,86.7
455.88,89.46
455.89,90.67
455.91,92.76
455.93,94.34
455.94,94.94
455.96,95.73
455.98,95.97
455.99,95.89
456.01,95.31
456.03,94.2
456.04,93.45
456.06,91.59
456.07,90.48
456.09,87.96
456.11,85.04
456.12,83.45
456.14,80.06
456.16,76.43
456.17,74.55
456.19,70.67
456.21,66.71
456.22,64.71
456.24,60.74
456.26,56.83
456.27,54.92
456.29,51.2
456.31,47.67
456.32,45.99
456.34,42.81
456.36,39.9
456.37,38.55
456.39,36.09
456.41,33.95
456.42,33.0
456.44,31.34
456.45,30.64
456.47,29.47
456.49,28.63
456.5,28.33
456.52,27.95
456.54,27.88
456.55,27.94
456.57,28.28
456.59,28.87
456.6,29.25
456.62,30.19
456.64,31.33
456.65,31.98
456.67,33.39
456.69,34.97
456.7,35.8
456.72,37.57
456.74,39.43
456.75,40.4
456.77,42.37
456.78,43.38
456.8,45.42
456.82,47.48
456.83,48.51
456.85,50.56
456.87,52.58
456.88,53.58
456.9,55.54
456.92,57.44
456.93,58.37
456.95,60.19
456.97,61.95
456.98,62.82
457.0,64.52
457.02,66.21
457.03,67.06
457.05,68.79
457.07,70.6
457.08,71.56
457.1,73.61
457.12,75.92
457.13,77.19
457.15,80.05
457.16,81.66
457.18,85.32
457.2,89.7
457.21,92.2
457.23,97.94
457.25,104.8
457.26,108.8
457.28,117.7
457.3,128.4
457.31,134.5
457.33,148.2
457.35,164.3
457.36,173.4
457.38,193.7
457.4,217.1
457.41,230.2
457.43,259.1
457.45,292.2
457.46,310.3
457.48,350.2
457.5,395.1
457.51,419.6
457.53,472.7
457.54,501.5
457.56,563.6
457.58,631.9
457.59,668.6
457.61,746.9
457.63,832.0
457.64,877.1
457.66,972.6
457.68,1075.0
457.69,1129.0
457.71,1241.0
457.73,1360.0
457.74,1422.0
457.76,1550.0
457.78,1684.0
457.79,1752.0
457.81,1893.0
457.83,2038.0
457.84,2112.0
457.86,2261.0
457.88,2412.0
457.89,2488.0
457.91,2641.0
457.92,2717.0
457.94,2868.0
457.96,3018.0
457.97,3092.0
457.99,3238.0
458.01,3379.0
458.02,3448.0
458.04,3581.0
458.06,3708.0
458.07,3769.0
458.09,3886.0
458.11,3996.0
458.12,4048.0
458.14,4145.0
458.16,4235.0
458.17,4277.0
458.19,4354.0
458.21,4424.0
458.22,4457.0
458.24,4516.0
458.25,4543.0
458.27,4593.0
458.29,4637.0
458.3,4658.0
458.32,4695.0
458.34,4728.0
458.35,4744.0
458.37,4773.0
458.39,4799.0
458.4,4811.0
458.42,4834.0
458.44,4854.0
458.45,4864.0
458.47,4880.0
458.49,4894.0
458.5,4900.0
458.52,4907.0
458.54,4910.0
458.55,4909.0
458.57,4902.0
458.59,4887.0
458.6,4875.0
458.62,4846.0
458.63,4827.0
458.65,4781.0
458.67,4722.0
458.68,4687.0
458.7,4608.0
458.72,4515.0
458.73,4463.0
458.75,4349.0
458.77,4221.0
458.78,4152.0
458.8,4005.0
458.82,3847.0
458.83,3764.0
458.85,3591.0
458.87,3410.0
458.88,3317.0
458.9,3129.0
458.92,2937.0
458.93,2841.0
458.95,2650.0
458.97,2460.0
458.98,2367.0
459.0,2184.0
459.01,2095.0
459.03,1923.0
459.05,1760.0
459.06,1682.0
459.08,1534.0
459.1,1398.0
459.11,1334.0
459.13,1215.0
459.15,1109.0
459.16,1061.0
459.18,972.4
459.2,896.0
459.21,862.1
459.23,802.2
459.25,752.5
459.26,731.2
459.28,695.2
459.3,666.9
459.31,655.5
459.33,637.1
459.35,624.1
459.36,619.2
459.38,612.2
459.39,609.7
459.41,606.5
459.43,604.7
459.44,604.1
459.46,603.0
459.48,601.5
459.49,600.4
459.51,597.2
459.53,592.4
459.54,589.3
459.56,581.4
459.58,571.3
459.59,565.3
459.61,551.7
459.63,535.8
459.64,527.0
459.66,507.9
459.68,486.8
459.69,475.7
459.71,452.3
459.72,440.2
459.74,415.1
459.76,389.4
459.77,376.3
459.79,350.0
459.81,323.8
459.82,310.8
459.84,285.2
459.86,260.4
459.87,248.3
459.89,224.9
459.91,202.7
459.92,192.1
459.94,172.0
459.96,153.3
459.97,144.6
459.99,128.2
460.01,113.3
460.02,106.5
460.04,93.92
460.06,82.81
460.07,77.78
460.09,68.73
460.1,64.7
460.12,57.55
460.14,51.55
460.15,48.96
460.17,44.53
460.19,41.02
460.2,39.59
460.22,37.32
460.24,35.76
460.25,35.22
460.27,34.59
460.29,34.49
460.3,34.61
460.32,35.17
460.34,36.1
460.35,36.68
460.37,38.05
460.39,39.65
460.4,40.51
460.42,42.35
460.44,44.3
460.45,45.3
460.47,47.32
460.48,48.33
460.5,50.33
460.52,52.26
460.53,53.2
460.55,54.97
460.57,56.6
460.58,57.34
460.6,58.69
460.62,59.83
460.63,60.31
460.65,61.09
460.67,61.62
460.68,61.79
460.7,61.95
460.72,61.85
460.73,61.71
460.75,61.27
460.77,60.61
460.78,60.21
460.8,59.29
460.81,58.78
460.83,57.68
460.85,56.49
460.86,55.89
460.88,54.68
460.9,53.5
460.91,52.94
460.93,51.9
460.95,51.02
460.96,50.65
460.98,50.07
461.0,49.74
461.01,49.67
461.03,49.78
461.05,50.2
461.06,50.53
461.08,51.44
461.1,52.7
461.11,53.45
461.13,55.19
461.15,57.23
461.16,58.36
461.18,60.79
461.19,62.1
461.21,64.84
461.23,67.72
461.24,69.2
461.26,72.18
461.28,75.16
461.29,76.62
461.31,79.47
461.33,82.14
461.34,83.39
461.36,85.7
461.38,87.69
461.39,88.55
461.41,89.98
461.43,90.98
461.44,91.3
461.46,91.61
461.48,91.43
461.49,91.15
461.51,90.24
461.53,88.84
461.54,87.97
461.56,85.89
461.57,84.69
461.59,81.99
461.61,78.94
461.62,77.29
461.64,73.79
461.66,70.05
461.67,68.12
461.69,64.13
461.71,60.05
461.72,57.99
461.74,53.86
461.76,49.77
461.77,47.75
461.79,43.79
461.81,39.96
461.82,38.12
461.84,34.57
461.86,31.24
461.87,29.67
461.89,26.71
461.91,24.01
461.92,22.77
461.94,20.51
461.95,19.49
461.97,17.68
461.99,16.18
462.0,15.56
462.02,14.55
462.04,13.89
462.05,13.69
462.07,13.57
462.09,13.84
462.1,14.13
462.12,15.04
462.14,16.42
462.15,17.3
462.17,19.45
462.19,22.19
462.2,23.79
462.22,27.51
462.24,31.94
462.25,34.46
462.27,40.11
462.28,43.27
462.3,50.28
462.32,58.29
462.33,62.68
462.35,72.27
462.37,82.98
462.38,88.77
462.4,101.2
462.42,114.9
462.43,122.1
462.45,137.5
462.47,153.9
462.48,162.6
462.5,180.6
462.52,199.5
462.53,209.2
462.55,229.1
462.57,249.6
462.58,259.9
462.6,280.7
462.62,301.4
462.63,311.6
462.65,331.7
462.66,341.5
462.68,360.4
462.7,378.2
462.71,386.6
462.73,402.2
462.75,416.0
462.76,422.1
462.78,432.8
462.8,441.3
462.81,444.6
462.83,449.3
462.85,451.5
462.86,451.6
462.88,449.8
462.9,445.5
462.91,442.4
462.93,434.4
462.95,424.1
462.96,418.1
462.98,404.6
463.0,389.4
463.01,381.1
463.03,363.6
463.04,354.4
463.06,335.2
463.08,315.3
463.09,305.1
463.11,284.5
463.13,263.8
463.14,253.5
463.16,233.1
463.18,213.1
463.19,203.3
463.21,184.4
463.23,166.2
463.24,157.5
463.26,140.9
463.28,125.3
463.29,118.0
463.31,104.1
463.33,91.44
463.34,85.53
463.36,74.54
463.38,64.66
463.39,60.12
463.41,51.8
463.42,48.0
463.44,41.11
463.46,35.07
463.47,32.36
463.49,27.48
463.51,23.29
463.52,21.42
463.54,18.12
463.56,15.32
463.57,14.1
463.59,11.96
463.61,10.19
463.62,9.426
463.64,8.121
463.66,7.078
463.67,6.645
463.69,5.935
463.71,5.418
463.72,5.225
463.74,4.96
463.75,4.886
463.77,4.849
463.79,4.957
463.8,5.064
463.82,5.387
463.84,5.857
463.85,6.149
463.87,6.852
463.89,7.723
463.9,8.224
463.92,9.367
463.94,10.71
463.95,11.46
463.97,13.12
463.99,15.01
464.0,16.04
464.02,18.29
464.04,20.8
464.05,22.15
464.07,25.05
464.09,28.22
464.1,29.89
464.12,33.44
464.13,35.31
464.15,39.21
464.17,43.34
464.18,45.47
464.2,49.88
464.22,54.43
464.23,56.75
464.25,61.45
464.27,66.19
464.28,68.56
464.3,73.27
464.32,77.89
464.33,80.15
464.35,84.55
464.37,88.71
464.38,90.7
464.4,94.43
464.42,97.8
464.43,99.35
464.45,102.1
464.47,104.4
464.48,105.4
464.5,107.0
464.51,107.6
464.53,108.4
464.55,108.6
464.56,108.6
464.58,108.1
464.6,107.1
464.61,106.4
464.63,104.7
464.65,102.5
464.66,101.3
464.68,98.6
464.7,95.58
464.71,93.96
464.73,90.54
464.75,86.93
464.76,85.07
464.78,81.25
464.8,77.37
464.81,75.41
464.83,71.5
464.85,67.62
464.86,65.71
464.88,61.95
464.89,60.12
464.91,56.54
464.93,53.13
464.94,51.48
464.96,48.33
464.98,45.36
464.99,43.95
465.01,41.28
465.03,38.81
465.04,37.65
465.06,35.48
465.08,33.5
465.09,32.59
465.11,30.89
465.13,29.37
465.14,28.68
465.16,27.41
465.18,26.3
465.19,25.8
465.21,24.92
465.22,24.54
465.24,23.87
465.26,23.34
465.27,23.13
465.29,22.81
465.31,22.63
465.32,22.6
465.34,22.64
465.36,22.84
465.37,23.0
465.39,23.44
465.41,24.07
465.42,24.46
465.44,25.4
465.46,26.55
465.47,27.22
465.49,28.75
465.51,30.56
465.52,31.58
465.54,33.85
465.56,36.47
465.57,37.91
465.59,41.09
465.6,42.83
465.62,46.65
465.64,50.93
465.65,53.26
465.67,58.3
465.69,63.89
465.7,66.9
465.72,73.39
465.74,80.5
465.75,84.31
465.77,92.43
465.79,101.3
465.8,106.0
465.82,115.9
465.84,126.6
465.85,132.2
465.87,144.1
465.89,156.7
465.9,163.2
465.92,176.9
465.94,191.2
465.95,198.6
465.97,213.8
465.98,221.6
466.0,237.5
466.02,253.8
466.03,262.0
466.05,278.4
466.07,294.8
466.08,302.9
466.1,318.9
466.12,334.4
466.13,341.9
466.15,356.3
466.17,369.6
466.18,375.9
466.2,387.4
466.22,397.4
466.23,401.8
466.25,409.2
466.27,414.9
466.28,416.9
466.3,419.6
466.32,420.1
466.33,419.6
466.35,417.0
466.36,414.9
466.38,409.2
466.4,401.5
466.41,396.9
466.43,386.4
466.45,374.2
466.46,367.6
466.48,353.2
466.5,337.6
466.51,329.4
466.53,312.4
466.55,294.8
466.56,285.8
466.58,267.5
466.6,249.1
466.61,239.9
466.63,221.7
466.65,203.8
466.66,195.1
466.68,178.0
466.69,169.7
466.71,153.7
466.73,138.5
466.74,131.3
466.76,117.5
466.78,104.8
466.79,98.75
466.81,87.49
466.83,77.24
466.84,72.5
466.86,63.74
466.88,55.95
466.89,52.4
466.91,45.98
466.93,40.41
466.94,37.94
466.96,33.57
466.98,29.94
466.99,28.39
467.01,25.78
467.03,23.79
467.04,23.02
467.06,21.89
467.07,21.52
467.09,21.16
467.11,21.27
467.12,21.49
467.14,22.26
467.16,23.41
467.17,24.13
467.19,25.84
467.21,27.87
467.22,29.0
467.24,31.46
467.26,34.19
467.27,35.64
467.29,38.68
467.31,41.9
467.32,43.56
467.34,46.96
467.36,50.42
467.37,52.16
467.39,55.64
467.41,59.07
467.42,60.75
467.44,64.02
467.45,65.59
467.47,68.58
467.49,71.33
467.5,72.61
467.52,74.93
467.54,76.92
467.55,77.78
467.57,79.21
467.59,80.26
467.6,80.63
467.62,81.07
467.64,81.12
467.65,80.99
467.67,80.46
467.69,79.59
467.7,79.03
467.72,77.7
467.74,76.13
467.75,75.27
467.77,73.44
467.79,71.51
467.8,70.54
467.82,68.62
467.83,67.69
467.85,65.94
467.87,64.4
467.88,63.74
467.9,62.69
467.92,62.07
467.93,61.94
467.95,62.11
467.97,62.91
467.98,63.57
468.0,65.46
468.02,68.17
468.03,69.86
468.05,73.92
468.07,78.96
468.08,81.87
468.1,88.47
468.12,96.17
468.13,100.4
468.15,109.8
468.16,115.0
468.18,126.1
468.2,138.3
468.21,144.8
468.23,158.7
468.25,173.7
468.26,181.5
468.28,197.8
468.3,215.0
468.31,223.9
468.33,242.0
468.35,260.6
468.36,270.0
468.38,289.0
468.4,308.0
468.41,317.4
468.43,335.9
468.45,353.9
468.46,362.6
468.48,379.3
468.5,394.8
468.51,402.0
468.53,415.4
468.54,421.4
468.56,432.1
468.58,440.9
468.59,444.5
468.61,450.0
468.63,453.3
468.64,454.0
468.66,453.8
468.68,451.3
468.69,449.1
468.71,443.1
468.73,435.0
468.74,430.2
468.76,419.1
468.78,406.2
468.79,399.1
468.81,384.0
468.83,367.5
468.84,358.9
468.86,341.1
468.88,322.7
468.89,313.3
468.91,294.3
468.92,284.8
468.94,265.8
468.96,247.1
468.97,237.9
468.99,219.8
469.01,202.4
469.02,194.0
469.04,177.8
469.06,162.5
469.07,155.2
469.09,141.3
469.11,128.4
469.12,122.3
469.14,110.9
469.16,100.4
469.17,95.53
469.19,86.43
469.21,78.19
469.22,74.38
469.24,67.31
469.26,60.96
469.27,58.03
469.29,52.62
469.3,50.14
469.32,45.56
469.34,41.47
469.35,39.6
469.37,36.17
469.39,33.13
469.4,31.74
469.42,29.25
469.44,27.11
469.45,26.16
469.47,24.54
469.49,23.28
469.5,22.79
469.52,22.12
469.54,21.88
469.55,21.94
469.57,22.47
469.59,23.59
469.6,24.39
469.62,26.56
469.63,27.95
469.65,31.42
469.67,35.92
469.68,38.6
469.7,44.93
469.72,52.69
469.73,57.17
469.75,67.46
469.77,79.68
469.78,86.6
469.8,102.2
469.82,120.3
469.83,130.3
469.85,152.7
469.87,178.2
469.88,192.1
469.9,222.7
469.92,256.9
469.93,275.4
469.95,315.3
469.97,359.2
469.98,382.6
470.0,432.3
470.01,458.7
470.03,514.2
470.05,573.3
470.06,604.1
470.08,668.1
470.1,734.8
470.11,769.0
470.13,838.7
470.15,909.7
470.16,945.5
470.18,1017.0
470.2,1088.0
470.21,1123.0
470.23,1191.0
470.25,1256.0
470.26,1287.0
470.28,1346.0
470.3,1400.0
470.31,1425.0
470.33,1469.0
470.35,1507.0
470.36,1523.0
470.38,1548.0
470.39,1558.0
470.41,1571.0
470.43,1575.0
470.44,1573.0
470.46,1564.0
470.48,1546.0
470.49,1534.0
470.51,1503.0
470.53,1465.0
470.54,1443.0
470.56,1394.0
470.58,1340.0
470.59,1310.0
470.61,1249.0
470.63,1183.0
470.64,1149.0
470.66,1079.0
470.68,1008.0
470.69,972.4
470.71,900.8
470.72,865.2
470.74,794.7
470.76,726.0
470.77,692.4
470.79,627.3
470.81,565.2
470.82,535.4
470.84,478.4
470.86,425.3
470.87,400.1
470.89,352.8
470.91,309.5
470.92,289.3
470.94,251.8
470.96,218.1
470.97,202.7
470.99,174.3
471.01,149.3
471.02,137.9
471.04,117.4
471.06,99.56
471.07,91.58
471.09,77.35
471.1,71.04
471.12,59.87
471.14,50.45
471.15,46.34
471.17,39.17
471.19,33.26
471.2,30.73
471.22,26.42
471.24,22.99
471.25,21.56
471.27,19.23
471.29,17.49
471.3,16.82
471.32,15.82
471.34,15.23
471.35,15.07
471.37,14.97
471.39,15.14
471.4,15.31
471.42,15.8
471.44,16.47
471.45,16.86
471.47,17.72
471.48,18.19
471.5,19.19
471.52,20.24
471.53,20.78
471.55,21.88
471.57,22.97
471.58,23.51
471.6,24.56
471.62,25.56
471.63,26.03
471.65,26.91
471.67,27.69
471.68,28.03
471.7,28.63
471.72,29.1
471.73,29.28
471.75,29.52
471.77,29.61
471.78,29.6
471.8,29.46
471.82,29.16
471.83,28.96
471.85,28.44
471.86,28.13
471.88,27.41
471.9,26.56
471.91,26.1
471.93,25.11
471.95,24.03
471.96,23.47
471.98,22.3
472.0,21.09
472.01,20.48
472.03,19.26
472.05,18.04
472.06,17.44
472.08,16.26
472.1,15.14
472.11,14.6
472.13,13.57
472.15,12.64
472.16,12.2
472.18,11.41
472.19,11.06
472.21,10.44
472.23,9.947
472.24,9.748
472.26,9.453
472.28,9.299
472.29,9.276
472.31,9.342
472.33,9.561
472.34,9.728
472.36,10.18
472.38,10.8
472.39,11.17
472.41,12.03
472.43,13.07
472.44,13.64
472.46,14.93
472.48,16.38
472.49,17.17
472.51,18.87
472.53,20.74
472.54,21.73
472.56,23.83
472.57,24.93
472.59,27.23
472.61,29.66
472.62,30.92
472.64,33.51
472.66,36.18
472.67,37.54
472.69,40.29
472.71,43.06
472.72,44.44
472.74,47.2
472.76,49.91
472.77,51.24
472.79,53.83
472.81,56.3
472.82,57.49
472.84,59.73
472.86,61.8
472.87,62.75
472.89,64.51
472.91,66.04
472.92,66.71
472.94,67.88
472.95,68.38
472.97,69.18
472.99,69.74
473.0,69.93
473.02,70.14
473.04,70.13
473.05,70.05
473.07,69.76
473.09,69.3
473.1,69.02
473.12,68.36
473.14,67.59
473.15,67.18
473.17,66.31
473.19,65.41
473.2,64.95
473.22,64.02
473.24,63.11
473.25,62.66
473.27,61.79
473.29,60.97
473.3,60.58
473.32,59.83
473.33,59.48
473.35,58.83
473.37,58.23
473.38,57.95
473.4,57.43
473.42,56.97
473.43,56.75
473.45,56.36
473.47,56.01
473.48,55.86
473.5,55.58
473.52,55.35
473.53,55.26
473.55,55.12
473.57,55.05
473.58,55.05
473.6,55.11
473.62,55.28
473.63,55.41
473.65,55.77
473.66,56.01
473.68,56.6
473.7,57.37
473.71,57.83
473.73,58.9
473.75,60.17
473.76,60.89
473.78,62.49
473.8,64.31
473.81,65.3
473.83,67.42
473.85,69.72
473.86,70.93
473.88,73.46
473.9,76.1
473.91,77.45
473.93,80.18
473.95,82.92
473.96,84.27
473.98,86.91
474.0,89.42
474.01,90.62
474.03,92.84
474.04,93.87
474.06,95.69
474.08,97.2
474.09,97.81
474.11,98.77
474.13,99.32
474.14,99.43
474.16,99.34
474.18,98.83
474.19,98.41
474.21,97.26
474.23,95.71
474.24,94.8
474.26,92.72
474.28,90.33
474.29,89.04
474.31,86.3
474.33,83.4
474.34,81.91
474.36,78.88
474.38,75.87
474.39,74.38
474.41,71.5
474.42,70.12
474.44,67.52
474.46,65.2
474.47,64.16
474.49,62.35
474.51,60.94
474.52,60.4
474.54,59.66
474.56,59.41
474.57,59.47
474.59,59.97
474.61,60.98
474.62,61.67
474.64,63.41
474.66,65.62
474.67,66.88
474.69,69.72
474.71,72.92
474.72,74.64
474.74,78.28
474.76,82.14
474.77,84.13
474.79,88.18
474.8,90.23
474.82,94.31
474.84,98.31
474.85,100.3
474.87,104.0
474.89,107.5
474.9,109.2
474.92,112.2
474.94,114.8
474.95,115.9
474.97,117.9
474.99,119.3
475.0,119.8
475.02,120.5
475.04,120.6
475.05,120.4
475.07,119.7
475.09,118.5
475.1,117.7
475.12,115.7
475.13,114.6
475.15,112.0
475.17,109.0
475.18,107.4
475.2,103.9
475.22,100.1
475.23,98.17
475.25,94.11
475.27,89.91
475.28,87.77
475.3,83.45
475.32,79.11
475.33,76.94
475.35,72.63
475.37,68.39
475.38,66.3
475.4,62.22
475.42,58.27
475.43,56.36
475.45,52.65
475.47,49.12
475.48,47.43
475.5,44.19
475.51,42.65
475.53,39.72
475.55,37.0
475.56,35.72
475.58,33.33
475.6,31.15
475.61,30.14
475.63,28.29
475.65,26.65
475.66,25.91
475.68,24.6
475.7,23.49
475.71,23.02
475.73,22.23
475.75,21.64
475.76,21.43
475.78,21.14
475.8,21.04
475.81,21.06
475.83,21.24
475.85,21.58
475.86,21.81
475.88,22.39
475.89,22.73
475.91,23.52
475.93,24.42
475.94,24.91
475.96,25.97
475.98,27.09
475.99,27.68
476.01,28.89
476.03,30.13
476.04,30.75
476.06,31.99
476.08,33.22
476.09,33.82
476.11,34.98
476.13,36.07
476.14,36.59
476.16,37.57
476.18,38.44
476.19,38.83
476.21,39.54
476.23,40.12
476.24,40.36
476.26,40.75
476.27,40.9
476.29,41.1
476.31,41.16
476.32,41.15
476.34,41.03
476.36,40.81
476.37,40.65
476.39,40.27
476.41,39.8
476.42,39.53
476.44,38.95
476.46,38.31
476.47,37.97
476.49,37.26
476.51,36.52
476.52,36.14
476.54,35.37
476.56,34.59
476.57,34.2
476.59,33.43
476.6,33.05
476.62,32.29
476.64,31.55
476.65,31.18
476.67,30.46
476.69,29.75
476.7,29.41
476.72,28.73
476.74,28.06
476.75,27.73
476.77,27.07
476.79,26.42
476.8,26.1
476.82,25.45
476.84,24.8
476.85,24.48
476.87,23.82
476.89,23.16
476.9,22.83
476.92,22.15
476.94,21.47
476.95,21.12
476.97,20.43
476.98,20.08
477.0,19.37
477.02,18.67
477.03,18.31
477.05,17.6
477.07,16.89
477.08,16.54
477.1,15.84
477.12,15.15
477.13,14.81
477.15,14.14
477.17,13.48
477.18,13.15
477.2,12.52
477.22,11.91
477.23,11.61
477.25,11.04
477.27,10.48
477.28,10.22
477.3,9.704
477.32,9.219
477.33,8.988
477.35,8.546
477.36,8.337
477.38,7.941
477.4,7.576
477.41,7.405
477.43,7.087
477.45,6.801
477.46,6.671
477.48,6.434
477.5,6.231
477.51,6.142
477.53,5.989
477.55,5.872
477.56,5.826
477.58,5.762
477.6,5.735
477.61,5.736
477.63,5.767
477.65,5.837
477.66,5.887
477.68,6.019
477.7,6.194
477.71,6.298
477.73,6.539
477.74,6.677
477.76,6.986
477.78,7.343
477.79,7.539
477.81,7.966
477.83,8.439
477.84,8.694
477.86,9.236
477.88,9.823
477.89,10.13
477.91,10.78
477.93,11.47
477.94,11.83
477.96,12.57
477.98,13.34
477.99,13.73
478.01,14.54
478.03,15.37
478.04,15.79
478.06,16.64
478.07,17.07
478.09,17.95
478.11,18.83
478.12,19.28
478.14,20.17
478.16,21.08
478.17,21.53
478.19,22.45
478.21,23.39
478.22,23.86
478.24,24.83
478.26,25.82
478.27,26.32
478.29,27.36
478.31,28.43
478.32,28.99
478.34,30.13
478.36,31.33
478.37,31.95
478.39,33.22
478.41,34.56
478.42,35.25
478.44,36.67
478.45,37.39
478.47,38.88
478.49,40.41
478.5,41.19
478.52,42.75
478.54,44.32
478.55,45.1
478.57,46.64
478.59,48.14
478.6,48.86
478.62,50.26
478.64,51.55
478.65,52.15
478.67,53.25
478.69,54.2
478.7,54.6
478.72,55.27
478.74,55.74
478.75,55.89
478.77,56.02
478.79,55.92
478.8,55.79
478.82,55.33
478.83,55.01
478.85,54.19
478.87,53.15
478.88,52.54
478.9,51.18
478.92,49.62
478.93,48.77
478.95,46.96
478.97,45.0
478.98,43.98
479.0,41.87
479.02,39.68
479.03,38.56
479.05,36.31
479.07,34.04
479.08,32.92
479.1,30.69
479.12,28.51
479.13,27.44
479.15,25.37
479.17,23.4
479.18,22.45
479.2,20.65
479.21,19.79
479.23,18.18
479.25,16.71
479.26,16.03
479.28,14.77
479.3,13.66
479.31,13.16
479.33,12.27
479.35,11.52
479.36,11.2
479.38,10.66
479.4,10.25
479.41,10.09
479.43,9.88
479.45,9.786
479.46,9.783
479.48,9.861
479.5,10.05
479.51,10.18
479.53,10.51
479.54,10.71
479.56,11.18
479.58,11.73
479.59,12.04
479.61,12.7
479.63,13.44
479.64,13.83
479.66,14.65
479.68,15.52
479.69,15.98
479.71,16.92
479.73,17.9
479.74,18.4
479.76,19.41
479.78,20.45
479.79,20.98
479.81,22.03
479.83,23.09
479.84,23.62
479.86,24.67
479.88,25.72
479.89,26.24
479.91,27.28
479.92,27.79
479.94,28.8
479.96,29.79
479.97,30.28
479.99,31.25
480.01,32.21
480.02,32.69
480.04,33.63
480.06,34.57
480.07,35.04
480.09,35.98
480.11,36.92
480.12,37.4
480.14,38.36
480.16,39.34
480.17,39.84
480.19,40.85
480.21,41.89
480.22,42.42
480.24,43.49
480.26,44.59
480.27,45.14
480.29,46.27
480.3,46.83
480.32,47.97
480.34,49.11
480.35,49.68
480.37,50.8
480.39,51.9
480.4,52.44
480.42,53.49
480.44,54.49
480.45,54.97
480.47,55.88
480.49,56.72
480.5,57.11
480.52,57.83
480.54,58.46
480.55,58.74
480.57,59.23
480.59,59.63
480.6,59.8
480.62,60.07
480.63,60.16
480.65,60.3
480.67,60.35
480.68,60.34
480.7,60.28
480.72,60.15
480.73,60.05
480.75,59.82
480.77,59.53
480.78,59.36
480.8,58.98
480.82,58.54
480.83,58.3
480.85,57.77
480.87,57.18
480.88,56.86
480.9,56.18
480.92,55.42
480.93,55.01
480.95,54.14
480.97,53.18
480.98,52.67
481.0,51.58
481.01,51.0
481.03,49.78
481.05,48.47
481.06,47.77
481.08,46.33
481.1,44.8
481.11,44.01
481.13,42.37
481.15,40.67
481.16,39.8
481.18,38.03
481.2,36.23
481.21,35.32
481.23,33.51
481.25,31.7
481.26,30.8
481.28,29.04
481.3,27.32
481.31,26.48
481.33,24.87
481.35,23.33
481.36,22.6
481.38,21.2
481.39,20.55
481.41,19.32
481.43,18.22
481.44,17.71
481.46,16.8
481.48,16.02
481.49,15.68
481.51,15.1
481.53,14.66
481.54,14.49
481.56,14.25
481.58,14.16
481.59,14.16
481.61,14.27
481.63,14.52
481.64,14.7
481.66,15.16
481.68,15.76
481.69,16.12
481.71,16.94
481.73,17.92
481.74,18.47
481.76,19.69
481.77,20.36
481.79,21.83
481.81,23.49
481.82,24.39
481.84,26.34
481.86,28.5
481.87,29.66
481.89,32.15
481.91,34.87
481.92,36.32
481.94,39.41
481.96,42.75
481.97,44.51
481.99,48.24
482.01,52.22
482.02,54.3
482.04,58.66
482.06,63.26
482.07,65.65
482.09,70.58
482.1,73.12
482.12,78.34
482.14,83.7
482.15,86.43
482.17,91.95
482.19,97.51
482.2,100.3
482.22,105.8
482.24,111.3
482.25,114.0
482.27,119.2
482.29,124.2
482.3,126.6
482.32,131.1
482.34,135.2
482.35,137.1
482.37,140.5
482.39,143.4
482.4,144.7
482.42,146.7
482.44,148.0
482.45,148.5
482.47,148.8
482.48,148.8
482.5,148.1
482.52,146.8
482.53,145.8
482.55,143.5
482.57,140.5
482.58,138.8
482.6,134.9
482.62,130.5
482.63,128.2
482.65,123.1
482.67,117.6
482.68,114.8
482.7,108.9
482.72,102.8
482.73,99.75
482.75,93.49
482.77,87.19
482.78,84.05
482.8,77.82
482.82,71.7
482.83,68.7
482.85,62.84
482.86,59.99
482.88,54.48
482.9,49.25
482.91,46.74
482.93,41.96
482.95,37.5
482.96,35.39
482.98,31.42
483.0,27.78
483.01,26.08
483.03,22.93
483.05,20.08
483.06,18.77
483.08,16.38
483.1,14.26
483.11,13.29
483.13,11.56
483.15,10.06
483.16,9.392
483.18,8.216
483.2,7.239
483.21,6.821
483.23,6.117
483.24,5.83
483.26,5.378
483.28,5.085
483.29,4.997
483.31,4.937
483.33,5.032
483.34,5.139
483.36,5.473
483.38,5.975
483.39,6.291
483.41,7.064
483.43,8.033
483.44,8.595
483.46,9.889
483.48,11.42
483.49,12.28
483.51,14.21
483.53,16.42
483.54,17.65
483.56,20.33
483.57,21.8
483.59,25.0
483.61,28.56
483.62,30.48
483.64,34.61
483.66,39.13
483.67,41.54
483.69,46.64
483.71,52.13
483.72,55.02
483.74,61.06
483.76,67.44
483.77,70.75
483.79,77.58
483.81,84.66
483.82,88.28
483.84,95.63
483.86,103.1
483.87,106.9
483.89,114.4
483.91,121.8
483.92,125.5
483.94,132.7
483.95,136.2
483.97,143.0
483.99,149.5
484.0,152.6
484.02,158.3
484.04,163.6
484.05,166.0
484.07,170.4
484.09,174.1
484.1,175.7
484.12,178.4
484.14,180.4
484.15,181.1
484.17,182.1
484.19,182.4
484.2,182.3
484.22,181.6
484.24,180.3
484.25,179.5
484.27,177.4
484.29,174.9
484.3,173.5
484.32,170.4
484.33,168.8
484.35,165.3
484.37,161.5
484.38,159.6
484.4,155.7
484.42,151.7
484.43,149.7
484.45,145.7
484.47,141.7
484.48,139.7
484.5,135.9
484.52,132.1
484.53,130.2
484.55,126.6
484.57,123.1
484.58,121.4
484.6,118.0
484.62,114.8
484.63,113.2
484.65,110.1
484.67,107.1
484.68,105.7
484.7,102.8
484.71,101.4
484.73,98.7
484.75,96.1
484.76,94.85
484.78,92.44
484.8,90.2
484.81,89.14
484.83,87.2
484.85,85.5
484.86,84.76
484.88,83.51
484.9,82.63
484.91,82.34
484.93,82.1
484.95,82.35
484.96,82.68
484.98,83.77
485.0,85.49
485.01,86.6
485.03,89.34
485.04,90.98
485.06,94.82
485.08,99.43
485.09,102.0
485.11,107.8
485.13,114.4
485.14,118.0
485.16,125.8
485.18,134.3
485.19,138.8
485.21,148.4
485.23,158.6
485.24,163.9
485.26,174.8
485.28,186.2
485.29,192.0
485.31,203.7
485.33,215.6
485.34,221.6
485.36,233.4
485.38,245.1
485.39,250.8
485.41,261.8
485.42,267.2
485.44,277.4
485.46,286.9
485.47,291.3
485.49,299.4
485.51,306.6
485.52,309.7
485.54,315.2
485.56,319.4
485.57,321.1
485.59,323.5
485.61,324.7
485.62,324.8
485.64,324.2
485.66,322.3
485.67,321.0
485.69,317.5
485.71,313.1
485.72,310.6
485.74,304.8
485.76,298.4
485.77,295.0
485.79,287.8
485.8,284.0
485.82,276.2
485.84,268.2
485.85,264.2
485.87,256.1
485.89,248.1
485.9,244.1
485.92,236.3
485.94,228.8
485.95,225.1
485.97,218.0
485.99,211.2
486.0,207.9
486.02,201.6
486.04,195.6
486.05,192.7
486.07,187.1
486.09,181.8
486.1,179.2
486.12,174.1
486.14,169.2
486.15,166.7
486.17,161.8
486.18,159.4
486.2,154.5
486.22,149.5
486.23,147.0
486.25,141.9
486.27,136.6
486.28,133.9
486.3,128.5
486.32,122.8
486.33,120.0
486.35,114.2
486.37,108.3
486.38,105.3
486.4,99.3
486.42,93.27
486.43,90.26
486.45,84.25
486.47,78.32
486.48,75.38
486.5,69.62
486.51,66.79
486.53,61.28
486.55,55.97
486.56,53.4
486.58,48.46
486.6,43.79
486.61,41.56
486.63,37.32
486.65,33.39
486.66,31.54
486.68,28.08
486.7,24.93
486.71,23.48
486.73,20.79
486.75,18.41
486.76,17.33
486.78,15.39
486.8,13.73
486.81,13.0
486.83,11.73
486.85,10.73
486.86,10.32
486.88,9.686
486.89,9.463
486.91,9.205
486.93,9.201
486.94,9.299
486.96,9.704
486.98,10.41
486.99,10.88
487.01,12.11
487.03,13.73
487.04,14.71
487.06,17.06
487.08,20.0
487.09,21.71
487.11,25.72
487.13,30.6
487.14,33.41
487.16,39.88
487.18,47.63
487.19,52.04
487.21,62.09
487.23,73.96
487.24,80.65
487.26,95.73
487.27,104.2
487.29,123.1
487.31,144.9
487.32,157.0
487.34,183.8
487.36,214.2
487.37,230.9
487.39,267.4
487.41,308.3
487.42,330.5
487.44,378.3
487.46,431.0
487.47,459.2
487.49,519.3
487.51,584.3
487.52,618.7
487.54,691.0
487.56,767.9
487.57,807.9
487.59,891.0
487.61,977.5
487.62,1022.0
487.64,1113.0
487.65,1159.0
487.67,1252.0
487.69,1346.0
487.7,1393.0
487.72,1485.0
487.74,1576.0
487.75,1621.0
487.77,1707.0
487.79,1789.0
487.8,1828.0
487.82,1901.0
487.84,1968.0
487.85,1998.0
487.87,2053.0
487.89,2099.0
487.9,2119.0
487.92,2152.0
487.94,2174.0
487.95,2182.0
487.97,2190.0
487.98,2191.0
488.0,2185.0
488.02,2170.0
488.03,2160.0
488.05,2132.0
488.07,2097.0
488.08,2077.0
488.1,2033.0
488.12,1982.0
488.13,1956.0
488.15,1899.0
488.17,1840.0
488.18,1809.0
488.2,1747.0
488.22,1683.0
488.23,1652.0
488.25,1588.0
488.27,1526.0
488.28,1495.0
488.3,1434.0
488.32,1376.0
488.33,1347.0
488.35,1292.0
488.36,1265.0
488.38,1213.0
488.4,1163.0
488.41,1139.0
488.43,1092.0
488.45,1047.0
488.46,1025.0
488.48,982.5
488.5,941.3
488.51,921.1
488.53,881.4
488.55,842.6
488.56,823.4
488.58,785.3
488.6,747.7
488.61,729.1
488.63,691.9
488.65,655.0
488.66,636.7
488.68,600.3
488.7,564.2
488.71,546.3
488.73,511.0
488.74,493.6
488.76,459.3
488.78,425.8
488.79,409.4
488.81,377.4
488.83,346.6
488.84,331.7
488.86,303.0
488.88,275.6
488.89,262.6
488.91,237.6
488.93,214.3
488.94,203.3
488.96,182.5
488.98,163.3
488.99,154.4
489.01,137.7
489.03,122.7
489.04,115.7
489.06,102.9
489.08,91.6
489.09,86.45
489.11,77.1
489.12,72.89
489.14,65.34
489.16,58.88
489.17,56.03
489.19,51.04
489.21,46.94
489.22,45.2
489.24,42.31
489.26,40.14
489.27,39.32
489.29,38.17
489.31,37.67
489.32,37.65
489.34,38.1
489.36,39.18
489.37,39.96
489.39,42.04
489.41,44.84
489.42,46.52
489.44,50.49
489.45,52.8
489.47,58.11
489.49,64.4
489.5,67.95
489.52,75.91
489.54,85.1
489.55,90.18
489.57,101.4
489.59,114.1
489.6,121.0
489.62,136.0
489.64,152.7
489.65,161.6
489.67,180.9
489.69,201.8
489.7,213.0
489.72,236.5
489.74,261.6
489.75,274.8
489.77,302.2
489.79,330.9
489.8,345.7
489.82,376.0
489.83,391.5
489.85,422.9
489.87,454.7
489.88,470.6
489.9,502.3
489.92,533.5
489.93,548.7
489.95,578.5
489.97,606.7
489.98,620.2
490.0,645.5
490.02,668.5
490.03,679.0
490.05,697.8
490.07,713.5
490.08,720.1
490.1,730.5
490.12,737.4
490.13,739.4
490.15,740.6
490.17,738.0
490.18,735.3
490.2,727.0
490.21,721.6
490.23,708.0
490.25,691.2
490.26,681.7
490.28,660.4
490.3,636.6
490.31,623.8
490.33,596.7
490.35,568.0
490.36,553.1
490.38,522.6
490.4,491.4
490.41,475.6
490.43,443.9
490.45,412.3
490.46,396.7
490.48,365.9
490.5,336.0
490.51,321.4
490.53,293.2
490.54,279.6
490.56,253.4
490.58,228.7
490.59,217.0
490.61,194.8
490.63,174.2
490.64,164.6
490.66,146.5
490.68,130.1
490.69,122.4
490.71,108.3
490.73,95.67
490.74,89.86
490.76,79.24
490.78,69.85
490.79,65.58
490.81,57.86
490.83,51.12
490.84,48.09
490.86,42.66
490.88,37.98
490.89,35.89
490.91,32.19
490.92,30.55
490.94,27.65
490.96,25.22
490.97,24.15
490.99,22.29
491.01,20.76
491.02,20.1
491.04,18.97
491.06,18.07
491.07,17.69
491.09,17.07
491.11,16.61
491.12,16.43
491.14,16.16
491.16,15.99
491.17,15.94
491.19,15.91
491.21,15.95
491.22,15.99
491.24,16.13
491.26,16.32
491.27,16.44
491.29,16.72
491.3,16.89
491.32,17.27
491.34,17.72
491.35,17.98
491.37,18.57
491.39,19.29
491.4,19.7
491.42,20.65
491.44,21.81
491.45,22.47
491.47,24.0
491.49,25.86
491.5,26.92
491.52,29.36
491.54,32.28
491.55,33.94
491.57,37.71
491.59,42.16
491.6,44.66
491.62,50.27
491.64,56.78
491.65,60.39
491.67,68.39
491.68,72.8
491.7,82.49
491.72,93.4
491.73,99.33
491.75,112.2
491.77,126.4
491.78,134.1
491.8,150.4
491.82,168.2
491.83,177.6
491.85,197.4
491.87,218.6
491.88,229.6
491.9,252.6
491.92,276.6
491.93,288.9
491.95,314.2
491.97,340.1
491.98,353.1
492.0,379.5
492.01,392.6
492.03,418.8
492.05,444.5
492.06,457.1
492.08,481.6
492.1,504.8
492.11,515.9
492.13,536.8
492.15,555.7
492.16,564.3
492.18,579.8
492.2,592.7
492.21,598.2
492.23,606.9
492.25,612.6
492.26,614.4
492.28,615.5
492.3,613.5
492.31,611.4
492.33,604.9
492.35,595.4
492.36,589.6
492.38,576.0
492.39,568.2
492.41,550.9
492.43,531.5
492.44,521.0
492.46,498.9
492.48,475.3
492.49,463.1
492.51,437.9
492.53,412.0
492.54,398.9
492.56,372.6
492.58,346.3
492.59,333.2
492.61,307.4
492.63,282.3
492.64,270.0
492.66,246.1
492.68,223.2
492.69,212.3
492.71,191.2
492.73,171.4
492.74,162.0
492.76,144.3
492.77,135.9
492.79,120.2
492.81,105.9
492.82,99.2
492.84,86.81
492.86,75.66
492.87,70.53
492.89,61.1
492.91,52.74
492.92,48.94
492.94,42.02
492.96,35.97
492.97,33.24
492.99,28.33
493.01,24.08
493.02,22.18
493.04,18.79
493.06,15.89
493.07,14.61
493.09,12.34
493.11,10.41
493.12,9.564
493.14,8.074
493.15,7.421
493.17,6.277
493.19,5.323
493.2,4.909
493.22,4.188
493.24,3.595
493.25,3.341
493.27,2.904
493.29,2.555
493.3,2.408
493.32,2.167
493.34,1.986
493.35,1.916
493.37,1.815
493.39,1.76
493.4,1.749
493.42,1.757
493.44,1.804
493.45,1.841
493.47,1.944
493.48,2.008
493.5,2.164
493.52,2.354
493.53,2.462
493.55,2.704
493.57,2.979
493.58,3.13
493.6,3.455
493.62,3.812
493.63,4.003
493.65,4.408
493.67,4.842
493.68,5.07
493.7,5.547
493.72,6.049
493.73,6.308
493.75,6.844
493.77,7.399
493.78,7.683
493.8,8.261
493.82,8.85
493.83,9.148
493.85,9.748
493.86,10.05
493.88,10.65
493.9,11.25
493.91,11.55
493.93,12.13
493.95,12.71
493.96,12.99
493.98,13.55
494.0,14.09
494.01,14.35
494.03,14.86
494.05,15.35
494.06,15.59
494.08,16.05
494.1,16.49
494.11,16.71
494.13,17.13
494.15,17.53
494.16,17.73
494.18,18.11
494.2,18.5
494.21,18.69
494.23,19.07
494.24,19.26
494.26,19.66
494.28,20.06
494.29,20.27
494.31,20.71
494.33,21.18
494.34,21.42
494.36,21.94
494.38,22.49
494.39,22.79
494.41,23.41
494.43,24.09
494.44,24.45
494.46,25.21
494.48,26.03
494.49,26.46
494.51,27.37
494.53,28.34
494.54,28.84
494.56,29.9
494.58,31.01
494.59,31.59
494.61,32.78
494.62,33.39
494.64,34.65
494.66,35.94
494.67,36.59
494.69,37.92
494.71,39.26
494.72,39.93
494.74,41.27
494.76,42.59
494.77,43.25
494.79,44.52
494.81,45.75
494.82,46.35
494.84,47.48
494.86,48.53
494.87,49.02
494.89,49.92
494.91,50.71
494.92,51.06
494.94,51.65
494.95,51.9
494.97,52.27
494.99,52.49
495.0,52.54
495.02,52.52
495.04,52.33
495.05,52.17
495.07,51.73
495.09,51.13
495.1,50.77
495.12,49.93
495.14,48.95
495.15,48.41
495.17,47.24
495.19,45.96
495.2,45.28
495.22,43.86
495.24,42.38
495.25,41.63
495.27,40.09
495.29,38.54
495.3,37.77
495.32,36.25
495.33,35.51
495.35,34.06
495.37,32.68
495.38,32.03
495.4,30.79
495.42,29.67
495.43,29.15
495.45,28.22
495.47,27.43
495.48,27.09
495.5,26.51
495.52,26.07
495.53,25.91
495.55,25.68
495.57,25.59
495.58,25.58
495.6,25.67
495.62,25.85
495.63,25.97
495.65,26.27
495.67,26.64
495.68,26.83
495.7,27.25
495.71,27.46
495.73,27.88
495.75,28.28
495.76,28.47
495.78,28.82
495.8,29.09
495.81,29.21
495.83,29.37
495.85,29.43
495.86,29.43
495.88,29.33
495.9,29.13
495.91,28.98
495.93,28.6
495.95,28.11
495.96,27.82
495.98,27.17
496.0,26.41
496.01,26.0
496.03,25.11
496.05,24.14
496.06,23.63
496.08,22.58
496.09,22.03
496.11,20.92
496.13,19.78
496.14,19.21
496.16,18.06
496.18,16.93
496.19,16.37
496.21,15.27
496.23,14.22
496.24,13.72
496.26,12.75
496.28,11.84
496.29,11.42
496.31,10.63
496.33,9.92
496.34,9.6
496.36,9.028
496.38,8.553
496.39,8.353
496.41,8.03
496.42,7.908
496.44,7.745
496.46,7.692
496.47,7.709
496.49,7.829
496.51,8.068
496.52,8.234
496.54,8.659
496.56,9.212
496.57,9.538
496.59,10.29
496.61,11.18
496.62,11.68
496.64,12.78
496.66,14.03
496.67,14.7
496.69,16.17
496.71,17.78
496.72,18.64
496.74,20.46
496.76,22.41
496.77,23.44
496.79,25.58
496.8,26.7
496.82,29.01
496.84,31.4
496.85,32.63
496.87,35.13
496.89,37.66
496.9,38.94
496.92,41.49
496.94,44.02
496.95,45.26
496.97,47.7
496.99,50.04
497.0,51.17
497.02,53.31
497.04,55.28
497.05,56.19
497.07,57.85
497.09,59.27
497.1,59.89
497.12,60.93
497.14,61.68
497.15,61.94
497.17,62.25
497.18,62.29
497.2,62.15
497.22,61.7
497.23,61.36
497.25,60.48
497.27,59.31
497.28,58.63
497.3,57.09
497.32,55.32
497.33,54.36
497.35,52.31
497.37,50.09
497.38,48.94
497.4,46.55
497.42,44.08
497.43,42.83
497.45,40.3
497.47,37.77
497.48,36.52
497.5,34.05
497.52,31.64
497.53,30.47
497.55,28.21
497.56,27.13
497.58,25.06
497.6,23.14
497.61,22.24
497.63,20.56
497.65,19.06
497.66,18.38
497.68,17.16
497.7,16.13
497.71,15.68
497.73,14.93
497.75,14.37
497.76,14.17
497.78,13.89
497.8,13.79
497.81,13.81
497.83,13.98
497.85,14.32
497.86,14.55
497.88,15.13
497.89,15.48
497.91,16.28
497.93,17.22
497.94,17.74
497.96,18.87
497.98,20.12
497.99,20.78
498.01,22.18
498.03,23.67
498.04,24.44
498.06,26.04
498.08,27.7
498.09,28.55
498.11,30.27
498.13,32.03
498.14,32.91
498.16,34.69
498.18,36.47
498.19,37.35
498.21,39.12
498.23,40.86
498.24,41.72
498.26,43.42
498.27,44.25
498.29,45.89
498.31,47.48
498.32,48.26
498.34,49.78
498.36,51.25
498.37,51.96
498.39,53.36
498.41,54.71
498.42,55.37
498.44,56.65
498.46,57.88
498.47,58.49
498.49,59.66
498.51,60.79
498.52,61.34
498.54,62.41
498.56,63.44
498.57,63.94
498.59,64.9
498.61,65.81
498.62,66.24
498.64,67.07
498.65,67.46
498.67,68.19
498.69,68.85
498.7,69.14
498.72,69.68
498.74,70.13
498.75,70.32
498.77,70.62
498.79,70.82
498.8,70.89
498.82,70.94
498.84,70.88
498.85,70.82
498.87,70.6
498.89,70.29
498.9,70.1
498.92,69.64
498.94,69.09
498.95,68.78
498.97,68.11
498.99,67.37
499.0,66.97
499.02,66.13
499.03,65.69
499.05,64.76
499.07,63.8
499.08,63.3
499.1,62.28
499.12,61.23
499.13,60.69
499.15,59.61
499.17,58.52
499.18,57.97
499.2,56.87
499.22,55.77
499.23,55.22
499.25,54.15
499.27,53.1
499.28,52.59
499.3,51.6
499.32,50.67
499.33,50.23
499.35,49.43
499.36,49.07
499.38,48.44
499.4,47.95
499.41,47.77
499.43,47.55
499.45,47.55
499.46,47.65
499.48,48.04
499.5,48.73
499.51,49.2
499.53,50.41
499.55,52.0
499.56,52.95
499.58,55.19
499.6,57.88
499.61,59.41
499.63,62.84
499.65,66.78
499.66,68.95
499.68,73.68
499.7,78.93
499.71,81.75
499.73,87.77
499.74,90.96
499.76,97.7
499.78,104.9
499.79,108.6
499.81,116.3
499.83,124.4
499.84,128.5
499.86,136.9
499.88,145.3
499.89,149.6
499.91,158.1
499.93,166.5
499.94,170.6
499.96,178.7
499.98,186.4
499.99,190.1
500.01,197.1
500.03,203.5
500.04,206.4
500.06,211.8
500.08,216.4
500.09,218.4
500.11,221.6
500.12,222.9
500.14,224.8
500.16,225.7
500.17,225.8
500.19,225.2
500.21,223.7
500.22,222.5
500.24,219.5
500.26,215.7
500.27,213.4
500.29,208.2
500.31,202.3
500.32,199.1
500.34,192.2
500.36,184.7
500.37,180.8
500.39,172.7
500.41,164.2
500.42,159.9
500.44,151.1
500.45,146.6
500.47,137.7
500.49,128.8
500.5,124.4
500.52,115.7
500.54,107.2
500.55,103.0
500.57,94.88
500.59,87.09
500.6,83.33
500.62,76.11
500.64,69.3
500.65,66.05
500.67,59.88
500.69,54.16
500.7,51.47
500.72,46.41
500.74,41.79
500.75,39.65
500.77,35.66
500.79,32.09
500.8,30.44
500.82,27.44
500.83,26.07
500.85,23.6
500.87,21.45
500.88,20.48
500.9,18.78
500.92,17.34
500.93,16.72
500.95,15.65
500.97,14.8
500.98,14.45
501.0,13.9
501.02,13.52
501.03,13.39
501.05,13.24
501.07,13.23
501.08,13.27
501.1,13.43
501.12,13.7
501.13,13.86
501.15,14.26
501.17,14.72
501.18,14.97
501.2,15.51
501.21,15.8
501.23,16.4
501.25,17.02
501.26,17.34
501.28,17.98
501.3,18.62
501.31,18.93
501.33,19.56
501.35,20.16
501.36,20.46
501.38,21.03
501.4,21.57
501.41,21.83
501.43,22.33
501.45,22.8
501.46,23.03
501.48,23.47
501.5,23.9
501.51,24.11
501.53,24.53
501.55,24.95
501.56,25.17
501.58,25.63
501.59,25.87
501.61,26.38
501.63,26.95
501.64,27.26
501.66,27.93
501.68,28.68
501.69,29.09
501.71,29.99
501.73,30.98
501.74,31.52
501.76,32.69
501.78,33.96
501.79,34.64
501.81,36.07
501.83,37.61
501.84,38.41
501.86,40.09
501.88,41.84
501.89,42.73
501.91,44.56
501.92,45.49
501.94,47.36
501.96,49.23
501.97,50.15
501.99,51.98
502.01,53.74
502.02,54.59
502.04,56.21
502.06,57.72
502.07,58.42
502.09,59.7
502.11,60.81
502.12,61.3
502.14,62.12
502.16,62.74
502.17,62.96
502.19,63.24
502.21,63.28
502.22,63.22
502.24,62.92
502.26,62.39
502.27,62.04
502.29,61.17
502.3,60.66
502.32,59.48
502.34,58.11
502.35,57.36
502.37,55.73
502.39,53.95
502.4,53.01
502.42,51.04
502.44,48.97
502.45,47.9
502.47,45.71
502.49,43.47
502.5,42.34
502.52,40.05
502.54,37.76
502.55,36.62
502.57,34.36
502.59,32.13
502.6,31.03
502.62,28.89
502.64,26.81
502.65,25.8
502.67,23.85
502.68,22.9
502.7,21.09
502.72,19.39
502.73,18.58
502.75,17.04
502.77,15.63
502.78,14.96
502.8,13.73
502.82,12.62
502.83,12.11
502.85,11.19
502.87,10.4
502.88,10.06
502.9,9.463
502.92,9.0
502.93,8.817
502.95,8.552
502.97,8.417
502.98,8.4
503.0,8.464
503.02,8.661
503.03,8.808
503.05,9.204
503.06,9.452
503.08,10.05
503.1,10.77
503.11,11.19
503.13,12.12
503.15,13.18
503.16,13.76
503.18,15.03
503.2,16.44
503.21,17.19
503.23,18.82
503.25,20.59
503.26,21.54
503.28,23.56
503.3,25.77
503.31,26.95
503.33,29.47
503.35,32.24
503.36,33.73
503.38,36.94
503.39,38.68
503.41,42.45
503.43,46.68
503.44,48.99
503.46,54.07
503.48,59.84
503.49,63.02
503.51,70.05
503.53,78.11
503.54,82.57
503.56,92.47
503.58,103.8
503.59,110.1
503.61,124.0
503.63,139.9
503.64,148.7
503.66,167.9
503.68,189.7
503.69,201.6
503.71,227.7
503.73,256.8
503.74,272.5
503.76,306.6
503.77,324.9
503.79,364.3
503.81,407.3
503.82,430.2
503.84,478.7
503.86,530.9
503.87,558.3
503.89,615.6
503.91,676.2
503.92,707.6
503.94,772.4
503.96,839.6
503.97,873.8
503.99,943.5
504.01,1014.0
504.02,1050.0
504.04,1120.0
504.06,1190.0
504.07,1225.0
504.09,1292.0
504.11,1356.0
504.12,1387.0
504.14,1446.0
504.15,1474.0
504.17,1525.0
504.19,1571.0
504.2,1591.0
504.22,1626.0
504.24,1654.0
504.25,1666.0
504.27,1682.0
504.29,1690.0
504.3,1691.0
504.32,1687.0
504.34,1675.0
504.35,1666.0
504.37,1641.0
504.39,1609.0
504.4,1591.0
504.42,1548.0
504.44,1500.0
504.45,1473.0
504.47,1417.0
504.49,1356.0
504.5,1324.0
504.52,1257.0
504.53,1223.0
504.55,1154.0
504.57,1083.0
504.58,1047.0
504.6,975.9
504.62,905.1
504.63,870.1
504.65,801.4
504.67,734.7
504.68,702.3
504.7,639.5
504.72,579.8
504.73,551.2
504.75,496.5
504.77,445.4
504.78,421.3
504.8,375.8
504.82,333.9
504.83,314.4
504.85,278.0
504.86,261.1
504.88,230.0
504.9,202.0
504.91,189.2
504.93,165.8
504.95,145.2
504.96,135.8
504.98,118.9
505.0,104.2
505.01,97.59
505.03,85.76
505.05,75.6
505.06,71.08
505.08,63.06
505.1,56.24
505.11,53.23
505.13,47.91
505.15,43.42
505.16,41.44
505.18,37.96
505.2,35.02
505.21,33.73
505.23,31.44
505.24,30.43
505.26,28.63
505.28,27.09
505.29,26.4
505.31,25.16
505.33,24.08
505.34,23.59
505.36,22.7
505.38,21.91
505.39,21.55
505.41,20.89
505.43,20.29
505.44,20.02
505.46,19.51
505.48,19.06
505.49,18.85
505.51,18.47
505.53,18.12
505.54,17.97
505.56,17.68
505.58,17.42
505.59,17.3
505.61,17.07
505.62,16.97
505.64,16.77
505.66,16.58
505.67,16.49
505.69,16.31
505.71,16.13
505.72,16.03
505.74,15.84
505.76,15.63
505.77,15.52
505.79,15.29
505.81,15.04
505.82,14.91
505.84,14.62
505.86,14.32
505.87,14.15
505.89,13.81
505.91,13.45
505.92,13.26
505.94,12.87
505.96,12.46
505.97,12.25
505.99,11.83
506.0,11.62
506.02,11.19
506.04,10.76
506.05,10.55
506.07,10.13
506.09,9.72
506.1,9.523
506.12,9.142
506.14,8.785
506.15,8.616
506.17,8.301
506.19,8.018
506.2,7.89
506.22,7.663
506.24,7.475
506.25,7.398
506.27,7.275
506.29,7.198
506.3,7.177
506.32,7.17
506.33,7.185
506.35,7.251
506.37,7.366
506.38,7.442
506.4,7.629
506.42,7.864
506.43,7.998
506.45,8.301
506.47,8.647
506.48,8.835
506.5,9.24
506.52,9.68
506.53,9.913
506.55,10.4
506.57,10.91
506.58,11.18
506.6,11.72
506.62,12.27
506.63,12.56
506.65,13.12
506.67,13.68
506.68,13.96
506.7,14.51
506.71,14.78
506.73,15.31
506.75,15.81
506.76,16.05
506.78,16.5
506.8,16.92
506.81,17.11
506.83,17.47
506.85,17.78
506.86,17.91
506.88,18.15
506.9,18.33
506.91,18.4
506.93,18.5
506.95,18.55
506.96,18.55
506.98,18.52
507.0,18.44
507.01,18.37
507.03,18.22
507.05,18.01
507.06,17.89
507.08,17.62
507.09,17.47
507.11,17.15
507.13,16.79
507.14,16.6
507.16,16.2
507.18,15.77
507.19,15.55
507.21,15.09
507.23,14.62
507.24,14.38
507.26,13.89
507.28,13.39
507.29,13.14
507.31,12.63
507.33,12.12
507.34,11.87
507.36,11.36
507.38,10.86
507.39,10.61
507.41,10.11
507.43,9.616
507.44,9.373
507.46,8.892
507.47,8.655
507.49,8.189
507.51,7.733
507.52,7.509
507.54,7.07
507.56,6.644
507.57,6.436
507.59,6.03
507.61,5.639
507.62,5.449
507.64,5.082
507.66,4.732
507.67,4.564
507.69,4.243
507.71,3.942
507.72,3.8
507.74,3.533
507.76,3.293
507.77,3.183
507.79,2.987
507.8,2.901
507.82,2.756
507.84,2.653
507.85,2.618
507.87,2.586
507.89,2.612
507.9,2.649
507.92,2.778
507.94,2.99
507.95,3.131
507.97,3.493
507.99,3.976
508.0,4.269
508.02,4.971
508.04,5.847
508.05,6.358
508.07,7.547
508.09,8.982
508.1,9.803
508.12,11.67
508.14,13.88
508.15,15.13
508.17,17.92
508.18,19.48
508.2,22.97
508.22,26.96
508.23,29.17
508.25,34.04
508.27,39.53
508.28,42.53
508.3,49.07
508.32,56.34
508.33,60.26
508.35,68.7
508.37,77.95
508.38,82.89
508.4,93.37
508.42,104.7
508.43,110.6
508.45,123.1
508.47,136.4
508.48,143.3
508.5,157.5
508.52,172.4
508.53,180.0
508.55,195.5
508.56,203.4
508.58,219.3
508.6,235.4
508.61,243.4
508.63,259.3
508.65,274.9
508.66,282.5
508.68,297.4
508.7,311.4
508.71,318.1
508.73,330.8
508.75,342.3
508.76,347.5
508.78,356.9
508.8,364.9
508.81,368.2
508.83,373.6
508.85,377.3
508.86,378.5
508.88,379.4
508.9,378.5
508.91,377.3
508.93,373.7
508.94,371.2
508.96,364.9
508.98,357.0
508.99,352.5
509.01,342.4
509.03,330.9
509.04,324.7
509.06,311.6
509.08,297.5
509.09,290.2
509.11,275.1
509.13,259.5
509.14,251.5
509.16,235.6
509.18,219.5
509.19,211.5
509.21,195.7
509.23,180.2
509.24,172.6
509.26,157.7
509.27,150.5
509.29,136.6
509.31,123.3
509.32,117.0
509.34,104.9
509.36,93.54
509.37,88.19
509.39,78.11
509.41,68.85
509.42,64.52
509.44,56.46
509.46,49.17
509.47,45.81
509.49,39.61
509.51,34.09
509.52,31.57
509.54,26.98
509.56,22.95
509.57,21.13
509.59,17.85
509.61,15.02
509.62,13.76
509.64,11.5
509.65,10.5
509.67,8.732
509.69,7.239
509.7,6.584
509.72,5.44
509.74,4.491
509.75,4.081
509.77,3.375
509.79,2.803
509.8,2.561
509.82,2.154
509.84,1.838
509.85,1.71
509.87,1.506
509.89,1.365
509.9,1.315
509.92,1.254
509.94,1.239
509.95,1.248
509.97,1.296
509.99,1.384
510.0,1.443
510.02,1.591
510.03,1.68
510.05,1.889
510.07,2.141
510.08,2.285
510.1,2.61
510.12,2.987
510.13,3.197
510.15,3.663
510.17,4.194
510.18,4.485
510.2,5.125
510.22,5.846
510.23,6.238
510.25,7.091
510.27,8.04
510.28,8.553
510.3,9.66
510.32,10.88
510.33,11.54
510.35,12.94
510.36,13.69
510.38,15.29
510.4,17.03
510.41,17.95
510.43,19.91
510.45,22.02
510.46,23.13
510.48,25.49
510.5,28.01
510.51,29.33
510.53,32.11
510.55,35.07
510.56,36.62
510.58,39.86
510.6,43.29
510.61,45.07
510.63,48.79
510.65,52.71
510.66,54.74
510.68,58.96
510.7,63.38
510.71,65.66
510.73,70.37
510.74,72.8
510.76,77.8
510.78,82.98
510.79,85.63
510.81,91.06
510.83,96.64
510.84,99.48
510.86,105.2
510.88,111.1
510.89,114.1
510.91,120.0
510.93,126.0
510.94,129.0
510.96,135.0
510.98,141.0
510.99,143.9
511.01,149.7
511.03,155.3
511.04,158.0
511.06,163.3
511.08,168.4
511.09,170.9
511.11,175.5
511.12,177.7
511.14,181.8
511.16,185.6
511.17,187.3
511.19,190.4
511.21,193.2
511.22,194.4
511.24,196.4
511.26,198.0
511.27,198.6
511.29,199.5
511.31,200.0
511.32,200.1
511.34,199.9
511.36,199.2
511.37,198.7
511.39,197.5
511.41,195.9
511.42,194.9
511.44,192.8
511.46,190.3
511.47,189.0
511.49,186.1
511.5,184.5
511.52,181.3
511.54,177.8
511.55,176.0
511.57,172.3
511.59,168.5
511.6,166.5
511.62,162.6
511.64,158.7
511.65,156.7
511.67,152.8
511.69,149.0
511.7,147.2
511.72,143.6
511.74,140.3
511.75,138.7
511.77,135.7
511.79,133.1
511.8,132.0
511.82,129.9
511.83,129.1
511.85,127.7
511.87,126.8
511.88,126.6
511.9,126.5
511.92,127.1
511.93,127.5
511.95,128.9
511.97,130.9
511.98,132.2
512.0,135.1
512.02,138.6
512.03,140.5
512.05,144.8
512.07,149.7
512.08,152.2
512.1,157.7
512.12,163.5
512.13,166.6
512.15,172.8
512.17,179.2
512.18,182.4
512.2,188.9
512.21,192.2
512.23,198.5
512.25,204.7
512.26,207.7
512.28,213.3
512.3,218.6
512.31,221.0
512.33,225.4
512.35,229.2
512.36,230.8
512.38,233.5
512.4,235.5
512.41,236.2
512.43,236.9
512.45,236.8
512.46,236.4
512.48,235.1
512.5,232.9
512.51,231.6
512.53,228.3
512.55,224.4
512.56,222.2
512.58,217.3
512.59,214.7
512.61,209.2
512.63,203.2
512.64,200.2
512.66,193.9
512.68,187.4
512.69,184.2
512.71,177.7
512.73,171.3
512.74,168.2
512.76,162.0
512.78,156.1
512.79,153.3
512.81,147.9
512.83,142.9
512.84,140.5
512.86,136.1
512.88,132.2
512.89,130.4
512.91,127.1
512.93,124.3
512.94,123.1
512.96,121.0
512.97,120.1
512.99,118.7
513.01,117.7
513.02,117.3
513.04,116.8
513.06,116.8
513.07,116.9
513.09,117.3
513.11,118.0
513.12,118.5
513.14,119.7
513.16,121.1
513.17,122.0
513.19,123.8
513.21,125.8
513.22,126.9
513.24,129.3
513.26,131.8
513.27,133.1
513.29,135.8
513.3,137.2
513.32,140.1
513.34,143.1
513.35,144.6
513.37,147.6
513.39,150.5
513.4,152.0
513.42,154.8
513.44,157.5
513.45,158.8
513.47,161.2
513.49,163.3
513.5,164.2
513.52,165.8
513.54,167.1
513.55,167.5
513.57,168.1
513.59,168.2
513.6,168.1
513.62,167.4
513.64,166.1
513.65,165.3
513.67,163.3
513.68,162.1
513.7,159.2
513.72,155.8
513.73,153.9
513.75,149.8
513.77,145.3
513.78,142.8
513.8,137.7
513.82,132.3
513.83,129.4
513.85,123.6
513.87,117.6
513.88,114.6
513.9,108.4
513.92,102.2
513.93,99.17
513.95,93.09
513.97,87.13
513.98,84.22
514.0,78.54
514.02,73.12
514.03,70.51
514.05,65.53
514.06,63.16
514.08,58.69
514.1,54.59
514.11,52.69
514.13,49.17
514.15,46.06
514.16,44.66
514.18,42.15
514.2,40.04
514.21,39.13
514.23,37.6
514.25,36.43
514.26,35.97
514.28,35.31
514.3,34.96
514.31,34.89
514.33,34.95
514.35,35.25
514.36,35.48
514.38,36.08
514.4,36.84
514.41,37.27
514.43,38.2
514.44,38.69
514.46,39.72
514.48,40.78
514.49,41.3
514.51,42.34
514.53,43.32
514.54,43.78
514.56,44.64
514.58,45.38
514.59,45.7
514.61,46.23
514.63,46.6
514.64,46.72
514.66,46.82
514.68,46.74
514.69,46.63
514.71,46.26
514.73,45.7
514.74,45.35
514.76,44.51
514.77,44.03
514.79,42.93
514.81,41.68
514.82,41.0
514.84,39.55
514.86,37.98
514.87,37.16
514.89,35.45
514.91,33.68
514.92,32.77
514.94,30.94
514.96,29.09
514.97,28.16
514.99,26.32
515.01,24.52
515.02,23.63
515.04,21.9
515.06,20.25
515.07,19.45
515.09,17.92
515.11,16.5
515.12,15.82
515.14,14.57
515.15,13.98
515.17,12.91
515.19,11.96
515.2,11.54
515.22,10.8
515.24,10.19
515.25,9.933
515.27,9.529
515.29,9.263
515.3,9.181
515.32,9.118
515.34,9.19
515.35,9.276
515.37,9.546
515.39,9.945
515.4,10.19
515.42,10.78
515.44,11.49
515.45,11.89
515.47,12.78
515.49,13.79
515.5,14.33
515.52,15.5
515.53,16.13
515.55,17.46
515.57,18.9
515.58,19.66
515.6,21.25
515.62,22.94
515.63,23.82
515.65,25.67
515.67,27.62
515.68,28.65
515.7,30.78
515.72,33.05
515.73,34.24
515.75,36.76
515.77,39.46
515.78,40.9
515.8,43.98
515.82,47.37
515.83,49.21
515.85,53.2
515.87,57.71
515.88,60.19
515.9,65.69
515.91,68.75
515.93,75.58
515.95,83.52
515.96,87.98
515.98,98.02
516.0,109.8
516.01,116.4
516.03,131.4
516.05,149.0
516.06,158.9
516.08,181.1
516.1,207.1
516.11,221.7
516.13,254.2
516.15,291.9
516.16,312.9
516.18,359.5
516.2,412.9
516.21,442.3
516.23,507.1
516.24,542.7
516.26,620.6
516.28,708.1
516.29,755.6
516.31,858.8
516.33,973.2
516.34,1035.0
516.36,1167.0
516.38,1312.0
516.39,1389.0
516.41,1554.0
516.43,1731.0
516.44,1825.0
516.46,2022.0
516.48,2233.0
516.49,2343.0
516.51,2573.0
516.53,2815.0
516.54,2941.0
516.56,3201.0
516.58,3472.0
516.59,3611.0
516.61,3897.0
516.62,4043.0
516.64,4342.0
516.66,4649.0
516.67,4806.0
516.69,5123.0
516.71,5448.0
516.72,5612.0
516.74,5946.0
516.76,6285.0
516.77,6456.0
516.79,6804.0
516.81,7157.0
516.82,7336.0
516.84,7699.0
516.86,8069.0
516.87,8257.0
516.89,8638.0
516.91,9028.0
516.92,9226.0
516.94,9629.0
516.96,10040.0
516.97,10250.0
516.99,10680.0
517.0,10890.0
517.02,11330.0
517.04,11780.0
517.05,12010.0
517.07,12460.0
517.09,12920.0
517.1,13140.0
517.12,13600.0
517.14,14050.0
517.15,14270.0
517.17,14700.0
517.19,15120.0
517.2,15320.0
517.22,15690.0
517.24,16040.0
517.25,16210.0
517.27,16500.0
517.29,16750.0
517.3,16860.0
517.32,17040.0
517.34,17170.0
517.35,17210.0
517.37,17250.0
517.38,17240.0
517.4,17190.0
517.42,17070.0
517.43,16990.0
517.45,16780.0
517.47,16510.0
517.48,16350.0
517.5,15990.0
517.52,15590.0
517.53,15360.0
517.55,14890.0
517.57,14370.0
517.58,14100.0
517.6,13540.0
517.62,12960.0
517.63,12670.0
517.65,12070.0
517.67,11480.0
517.68,11180.0
517.7,10600.0
517.71,10320.0
517.73,9779.0
517.75,9270.0
517.76,9031.0
517.78,8587.0
517.8,8196.0
517.81,8022.0
517.83,7721.0
517.85,7489.0
517.86,7400.0
517.88,7279.0
517.9,7238.0
517.91,7248.0
517.93,7332.0
517.95,7502.0
517.96,7620.0
517.98,7922.0
518.0,8311.0
518.01,8538.0
518.03,9056.0
518.05,9657.0
518.06,9987.0
518.08,10700.0
518.09,11090.0
518.11,11910.0
518.13,12800.0
518.14,13260.0
518.16,14220.0
518.18,15220.0
518.19,15730.0
518.21,16770.0
518.23,17820.0
518.24,18340.0
518.26,19390.0
518.28,20420.0
518.29,20920.0
518.31,21900.0
518.33,22830.0
518.34,23270.0
518.36,24100.0
518.38,24850.0
518.39,25190.0
518.41,25810.0
518.43,26320.0
518.44,26540.0
518.46,26890.0
518.47,27020.0
518.49,27200.0
518.51,27260.0
518.52,27250.0
518.54,27130.0
518.56,26900.0
518.57,26740.0
518.59,26340.0
518.61,25840.0
518.62,25550.0
518.64,24910.0
518.66,24190.0
518.67,23800.0
518.69,22980.0
518.71,22100.0
518.72,21640.0
518.74,20690.0
518.76,19720.0
518.77,19220.0
518.79,18230.0
518.81,17230.0
518.82,16730.0
518.84,15730.0
518.85,15240.0
518.87,14280.0
518.89,13340.0
518.9,12890.0
518.92,12000.0
518.94,11150.0
518.95,10740.0
518.97,9949.0
518.99,9203.0
519.0,8846.0
519.02,8165.0
519.04,7527.0
519.05,7224.0
519.07,6649.0
519.09,6115.0
519.1,5862.0
519.12,5384.0
519.14,4942.0
519.15,4733.0
519.17,4339.0
519.18,4154.0
519.2,3805.0
519.22,3482.0
519.23,3330.0
519.25,3043.0
519.27,2779.0
519.28,2654.0
519.3,2419.0
519.32,2203.0
519.33,2101.0
519.35,1908.0
519.37,1731.0
519.38,1648.0
519.4,1492.0
519.42,1348.0
519.43,1281.0
519.45,1155.0
519.47,1039.0
519.48,985.6
519.5,885.5
519.52,794.8
519.53,752.7
519.55,675.0
519.56,639.1
519.58,573.1
519.6,514.4
519.61,487.5
519.63,438.6
519.65,395.6
519.66,376.3
519.68,341.4
519.7,311.3
519.71,298.0
519.73,274.4
519.75,254.5
519.76,245.9
519.78,231.1
519.8,219.1
519.81,214.2
519.83,206.0
519.85,199.9
519.86,197.6
519.88,194.2
519.9,192.4
519.91,192.0
519.93,192.1
519.94,192.5
519.96,194.1
519.98,196.4
519.99,197.9
520.01,201.2
520.03,205.0
520.04,207.0
520.06,211.4
520.08,216.1
520.09,218.5
520.11,223.5
520.13,228.6
520.14,231.2
520.16,236.5
520.18,241.9
520.19,244.7
520.21,250.2
520.23,255.9
520.24,258.7
520.26,264.5
520.27,267.4
520.29,273.3
520.31,279.3
520.32,282.4
520.34,288.6
520.36,294.9
520.37,298.1
520.39,304.5
520.41,311.0
520.42,314.2
520.44,320.7
520.46,327.2
520.47,330.4
520.49,336.6
520.51,342.7
520.52,345.6
520.54,351.1
520.56,356.3
520.57,358.6
520.59,363.0
520.61,366.6
520.62,368.2
520.64,370.7
520.65,371.7
520.67,372.9
520.69,373.2
520.7,372.9
520.72,371.7
520.74,369.4
520.75,367.8
520.77,363.9
520.79,359.0
520.8,356.1
520.82,349.7
520.84,342.3
520.85,338.2
520.87,329.6
520.89,320.1
520.9,315.2
520.92,304.8
520.94,294.0
520.95,288.4
520.97,277.0
520.99,265.4
521.0,259.6
521.02,247.9
521.03,242.0
521.05,230.5
521.07,219.1
521.08,213.5
521.1,202.7
521.12,192.2
521.13,187.1
521.15,177.3
521.17,168.1
521.18,163.7
521.2,155.3
521.22,147.5
521.23,143.9
521.25,137.0
521.27,130.7
521.28,127.8
521.3,122.4
521.32,117.6
521.33,115.4
521.35,111.4
521.37,107.9
521.38,106.4
521.4,103.7
521.41,102.6
521.43,100.6
521.45,99.06
521.46,98.47
521.48,97.62
521.5,97.2
521.51,97.15
521.53,97.37
521.55,98.0
521.56,98.48
521.58,99.73
521.6,101.4
521.61,102.4
521.63,104.6
521.65,107.3
521.66,108.8
521.68,112.0
521.7,115.6
521.71,117.5
521.73,121.6
521.74,123.7
521.76,128.3
521.78,133.0
521.79,135.5
521.81,140.5
521.83,145.7
521.84,148.3
521.86,153.6
521.88,158.8
521.89,161.4
521.91,166.5
521.93,171.4
521.94,173.7
521.96,178.2
521.98,182.3
521.99,184.2
522.01,187.6
522.03,190.5
522.04,191.7
522.06,193.7
522.08,195.1
522.09,195.6
522.11,195.9
522.12,195.8
522.14,195.1
522.16,193.7
522.17,192.7
522.19,190.3
522.21,187.1
522.22,185.3
522.24,181.2
522.26,176.5
522.27,174.0
522.29,168.5
522.31,162.6
522.32,159.5
522.34,153.0
522.36,146.3
522.37,142.8
522.39,135.8
522.41,128.6
522.42,125.0
522.44,117.8
522.46,110.6
522.47,107.0
522.49,100.0
522.5,96.58
522.52,89.85
522.54,83.34
522.55,80.19
522.57,74.1
522.59,68.31
522.6,65.54
522.62,60.25
522.64,55.3
522.65,52.95
522.67,48.53
522.69,44.45
522.7,42.54
522.72,38.98
522.74,35.76
522.75,34.27
522.77,31.53
522.79,29.1
522.8,27.99
522.82,25.99
522.84,24.27
522.85,23.5
522.87,22.16
522.88,21.58
522.9,20.6
522.92,19.83
522.93,19.53
522.95,19.08
522.97,18.82
522.98,18.77
523.0,18.79
523.02,18.98
523.03,19.14
523.05,19.57
523.07,20.16
523.08,20.5
523.1,21.3
523.12,22.23
523.13,22.73
523.15,23.83
523.17,25.04
523.18,25.67
523.2,27.01
523.21,27.7
523.23,29.13
523.25,30.61
523.26,31.36
523.28,32.87
523.3,34.38
523.31,35.14
523.33,36.62
523.35,38.06
523.36,38.75
523.38,40.08
523.4,41.32
523.41,41.9
523.43,42.97
523.45,43.9
523.46,44.31
523.48,45.01
523.5,45.55
523.51,45.75
523.53,46.01
523.55,46.1
523.56,46.07
523.58,45.87
523.59,45.7
523.61,45.22
523.63,44.56
523.64,44.16
523.66,43.25
523.68,42.18
523.69,41.59
523.71,40.31
523.73,38.91
523.74,38.17
523.76,36.63
523.78,35.0
523.79,34.16
523.81,32.45
523.83,30.71
523.84,29.83
523.86,28.07
523.88,26.32
523.89,25.45
523.91,23.73
523.93,22.05
523.94,21.23
523.96,19.63
523.97,18.86
523.99,17.36
524.01,15.94
524.02,15.25
524.04,13.95
524.06,12.72
524.07,12.14
524.09,11.04
524.11,10.02
524.12,9.545
524.14,8.646
524.16,7.823
524.17,7.439
524.19,6.724
524.21,6.075
524.22,5.775
524.24,5.218
524.26,4.716
524.27,4.485
524.29,4.059
524.31,3.679
524.32,3.504
524.34,3.184
524.35,3.038
524.37,2.772
524.39,2.537
524.4,2.431
524.42,2.24
524.44,2.075
524.45,2.003
524.47,1.876
524.49,1.773
524.5,1.73
524.52,1.663
524.54,1.619
524.55,1.606
524.57,1.6
524.59,1.619
524.6,1.638
524.62,1.699
524.64,1.789
524.65,1.846
524.67,1.986
524.68,2.069
524.7,2.263
524.72,2.497
524.73,2.629
524.75,2.928
524.77,3.275
524.78,3.466
524.8,3.889
524.82,4.366
524.83,4.626
524.85,5.19
524.87,5.816
524.88,6.152
524.9,6.873
524.92,7.66
524.93,8.079
524.95,8.967
524.97,9.923
524.98,10.43
525.0,11.49
525.02,12.61
525.03,13.2
525.05,14.43
525.06,15.07
525.08,16.4
525.1,17.8
525.11,18.53
525.13,20.03
525.15,21.61
525.16,22.43
525.18,24.13
525.2,25.93
525.21,26.86
525.23,28.83
525.25,30.94
525.26,32.06
525.28,34.44
525.3,37.05
525.31,38.46
525.33,41.52
525.35,44.97
525.36,46.86
525.38,51.04
525.4,55.85
525.41,58.53
525.43,64.51
525.44,67.86
525.46,75.37
525.48,84.13
525.49,89.05
525.51,100.1
525.53,112.9
525.54,120.1
525.56,136.2
525.58,154.9
525.59,165.3
525.61,188.4
525.63,215.0
525.64,229.7
525.66,262.1
525.68,299.0
525.69,319.2
525.71,363.5
525.73,413.3
525.74,440.5
525.76,499.4
525.78,564.8
525.79,600.2
525.81,676.3
525.82,717.1
525.84,804.6
525.86,900.1
525.87,951.0
525.89,1059.0
525.91,1175.0
525.92,1237.0
525.94,1366.0
525.96,1504.0
525.97,1577.0
525.99,1728.0
526.01,1887.0
526.02,1969.0
526.04,2140.0
526.06,2318.0
526.07,2409.0
526.09,2597.0
526.11,2790.0
526.12,2889.0
526.14,3089.0
526.15,3191.0
526.17,3397.0
526.19,3605.0
526.2,3709.0
526.22,3918.0
526.24,4127.0
526.25,4232.0
526.27,4438.0
526.29,4642.0
526.3,4742.0
526.32,4940.0
526.34,5132.0
526.35,5226.0
526.37,5408.0
526.39,5583.0
526.4,5668.0
526.42,5831.0
526.44,5985.0
526.45,6059.0
526.47,6199.0
526.49,6330.0
526.5,6392.0
526.52,6509.0
526.53,6564.0
526.55,6667.0
526.57,6762.0
526.58,6806.0
526.6,6888.0
526.62,6963.0
526.63,6998.0
526.65,7063.0
526.67,7122.0
526.68,7150.0
526.7,7203.0
526.72,7252.0
526.73,7275.0
526.75,7319.0
526.77,7361.0
526.78,7382.0
526.8,7421.0
526.82,7459.0
526.83,7477.0
526.85,7513.0
526.87,7546.0
526.88,7562.0
526.9,7591.0
526.91,7605.0
526.93,7629.0
526.95,7648.0
526.96,7655.0
526.98,7665.0
527.0,7666.0
527.01,7663.0
527.03,7650.0
527.05,7625.0
527.06,7608.0
527.08,7564.0
527.1,7506.0
527.11,7470.0
527.13,7388.0
527.15,7289.0
527.16,7233.0
527.18,7108.0
527.2,6965.0
527.21,6888.0
527.23,6719.0
527.25,6534.0
527.26,6435.0
527.28,6227.0
527.29,6117.0
527.31,5888.0
527.33,5648.0
527.34,5523.0
527.36,5268.0
527.38,5005.0
527.39,4872.0
527.41,4602.0
527.43,4330.0
527.44,4194.0
527.46,3922.0
527.48,3653.0
527.49,3520.0
527.51,3258.0
527.53,3003.0
527.54,2878.0
527.56,2637.0
527.58,2405.0
527.59,2293.0
527.61,2078.0
527.62,1975.0
527.64,1778.0
527.66,1594.0
527.67,1507.0
527.69,1343.0
527.71,1191.0
527.72,1120.0
527.74,987.2
527.76,866.5
527.77,810.4
527.79,706.9
527.81,614.0
527.82,571.3
527.84,493.3
527.86,424.2
527.87,392.9
527.89,336.0
527.91,286.4
527.92,264.1
527.94,224.1
527.96,189.6
527.97,174.3
527.99,147.1
528.0,135.1
528.02,113.9
528.04,96.03
528.05,88.25
528.07,74.67
528.09,63.45
528.1,58.62
528.12,50.31
528.14,43.58
528.15,40.73
528.17,35.92
528.19,32.14
528.2,30.57
528.22,27.99
528.24,26.05
528.25,25.28
528.27,24.07
528.29,23.23
528.3,22.92
528.32,22.5
528.34,22.28
528.35,22.24
528.37,22.24
528.38,22.28
528.4,22.42
528.42,22.63
528.43,22.75
528.45,23.02
528.47,23.31
528.48,23.47
528.5,23.79
528.52,24.13
528.53,24.31
528.55,24.67
528.57,25.06
528.58,25.27
528.6,25.71
528.62,26.19
528.63,26.45
528.65,27.01
528.67,27.63
528.68,27.97
528.7,28.72
528.72,29.56
528.73,30.01
528.75,31.0
528.76,31.54
528.78,32.71
528.8,33.99
528.81,34.68
528.83,36.16
528.85,37.76
528.86,38.61
528.88,40.4
528.9,42.3
528.91,43.3
528.93,45.37
528.95,47.54
528.96,48.66
528.98,50.95
529.0,53.29
529.01,54.48
529.03,56.87
529.05,59.28
529.06,60.48
529.08,62.85
529.09,64.02
529.11,66.31
529.13,68.52
529.14,69.58
529.16,71.62
529.18,73.51
529.19,74.4
529.21,76.05
529.23,77.51
529.24,78.17
529.26,79.33
529.28,80.27
529.29,80.66
529.31,81.26
529.33,81.64
529.34,81.75
529.36,81.79
529.38,81.63
529.39,81.47
529.41,81.0
529.43,80.36
529.44,79.98
529.46,79.1
529.47,78.62
529.49,77.56
529.51,76.41
529.52,75.81
529.54,74.57
529.56,73.32
529.57,72.69
529.59,71.45
529.61,70.25
529.62,69.67
529.64,68.59
529.66,67.61
529.67,67.17
529.69,66.39
529.71,65.77
529.72,65.52
529.74,65.16
529.76,65.0
529.77,64.99
529.79,65.12
529.81,65.47
529.82,65.72
529.84,66.38
529.85,66.79
529.87,67.77
529.89,68.95
529.9,69.62
529.92,71.09
529.94,72.74
529.95,73.63
529.97,75.54
529.99,77.58
530.0,78.65
530.02,80.88
530.04,83.2
530.05,84.39
530.07,86.82
530.09,89.29
530.1,90.53
530.12,93.01
530.14,95.46
530.15,96.68
530.17,99.05
530.18,100.2
530.2,102.4
530.22,104.5
530.23,105.5
530.25,107.4
530.27,109.1
530.28,109.8
530.3,111.2
530.32,112.3
530.33,112.8
530.35,113.5
530.37,114.0
530.38,114.1
530.4,114.1
530.42,113.9
530.43,113.7
530.45,113.0
530.47,112.0
530.48,111.5
530.5,110.1
530.52,108.5
530.53,107.6
530.55,105.6
530.56,104.5
530.58,102.2
530.6,99.74
530.61,98.43
530.63,95.69
530.65,92.81
530.66,91.33
530.68,88.28
530.7,85.15
530.71,83.56
530.73,80.33
530.75,77.07
530.76,75.43
530.78,72.15
530.8,68.87
530.81,67.24
530.83,63.99
530.85,60.78
530.86,59.2
530.88,56.07
530.9,53.0
530.91,51.49
530.93,48.53
530.94,47.08
530.96,44.25
530.98,41.5
530.99,40.17
531.01,37.56
531.03,35.05
531.04,33.83
531.06,31.47
531.08,29.22
531.09,28.13
531.11,26.03
531.13,24.03
531.14,23.07
531.16,21.23
531.18,19.49
531.19,18.66
531.21,17.08
531.23,15.6
531.24,14.9
531.26,13.57
531.28,12.33
531.29,11.75
531.31,10.66
531.32,10.15
531.34,9.201
531.36,8.34
531.37,7.942
531.39,7.212
531.41,6.567
531.42,6.276
531.44,5.755
531.46,5.317
531.47,5.129
531.49,4.813
531.51,4.579
531.52,4.493
531.54,4.383
531.56,4.359
531.57,4.38
531.59,4.488
531.61,4.69
531.62,4.827
531.64,5.177
531.65,5.391
531.67,5.901
531.69,6.525
531.7,6.883
531.72,7.691
531.74,8.63
531.75,9.151
531.77,10.3
531.79,11.6
531.8,12.3
531.82,13.84
531.84,15.53
531.85,16.44
531.87,18.38
531.89,20.49
531.9,21.61
531.92,23.98
531.94,26.51
531.95,27.83
531.97,30.6
531.99,33.51
532.0,35.02
532.02,38.12
532.03,39.72
532.05,42.98
532.07,46.33
532.08,48.02
532.1,51.44
532.12,54.88
532.13,56.59
532.15,60.0
532.17,63.35
532.18,64.99
532.2,68.2
532.22,71.26
532.23,72.72
532.25,75.51
532.27,78.08
532.28,79.28
532.3,81.46
532.32,83.36
532.33,84.19
532.35,85.61
532.37,86.7
532.38,87.11
532.4,87.67
532.41,87.81
532.43,87.82
532.45,87.47
532.46,87.16
532.48,86.28
532.5,85.06
532.51,84.33
532.53,82.63
532.55,80.65
532.56,79.55
532.58,77.17
532.6,74.57
532.61,73.2
532.63,70.31
532.65,67.29
532.66,65.73
532.68,62.54
532.7,59.29
532.71,57.65
532.73,54.36
532.75,51.07
532.76,49.44
532.78,46.21
532.79,44.62
532.81,41.5
532.83,38.47
532.84,37.0
532.86,34.15
532.88,31.43
532.89,30.12
532.91,27.61
532.93,25.24
532.94,24.11
532.96,21.97
532.98,19.97
532.99,19.02
533.01,17.24
533.03,15.6
533.04,14.83
533.06,13.39
533.08,12.07
533.09,11.45
533.11,10.31
533.12,9.774
533.14,8.783
533.16,7.886
533.17,7.471
533.19,6.702
533.21,6.01
533.22,5.69
533.24,5.1
533.26,4.571
533.27,4.328
533.29,3.88
533.31,3.481
533.32,3.298
533.34,2.963
533.36,2.666
533.37,2.531
533.39,2.286
533.41,2.071
533.42,1.974
533.44,1.801
533.46,1.653
533.47,1.588
533.49,1.474
533.5,1.425
533.52,1.341
533.54,1.277
533.55,1.251
533.57,1.212
533.59,1.188
533.6,1.182
533.62,1.18
533.64,1.191
533.65,1.201
533.67,1.229
533.69,1.267
533.7,1.29
533.72,1.341
533.74,1.4
533.75,1.432
533.77,1.501
533.79,1.574
533.8,1.612
533.82,1.689
533.84,1.769
533.85,1.809
533.87,1.889
533.88,1.929
533.9,2.007
533.92,2.083
533.93,2.119
533.95,2.188
533.97,2.252
533.98,2.282
534.0,2.336
534.02,2.383
534.03,2.403
534.05,2.437
534.07,2.463
534.08,2.472
534.1,2.484
534.12,2.486
534.13,2.483
534.15,2.471
534.17,2.45
534.18,2.436
534.2,2.402
534.22,2.36
534.23,2.336
534.25,2.283
534.26,2.255
534.28,2.194
534.3,2.128
534.31,2.094
534.33,2.025
534.35,1.954
534.36,1.919
534.38,1.85
534.4,1.784
534.41,1.753
534.43,1.694
534.45,1.644
534.46,1.622
534.48,1.586
534.5,1.563
534.51,1.557
534.53,1.558
534.55,1.577
534.56,1.594
534.58,1.646
534.59,1.681
534.61,1.772
534.63,1.892
534.64,1.964
534.66,2.133
534.68,2.338
534.69,2.456
534.71,2.721
534.73,3.031
534.74,3.203
534.76,3.583
534.78,4.014
534.79,4.249
534.81,4.759
534.83,5.325
534.84,5.628
534.86,6.279
534.88,6.988
534.89,7.364
534.91,8.158
534.93,9.009
534.94,9.456
534.96,10.39
534.97,10.87
534.99,11.88
535.01,12.93
535.02,13.47
535.04,14.58
535.06,15.73
535.07,16.31
535.09,17.48
535.11,18.68
535.12,19.28
535.14,20.48
535.16,21.67
535.17,22.27
535.19,23.44
535.21,24.6
535.22,25.16
535.24,26.27
535.26,27.33
535.27,27.85
535.29,28.84
535.31,29.79
535.32,30.24
535.34,31.1
535.35,31.51
535.37,32.28
535.39,33.0
535.4,33.34
535.42,33.97
535.44,34.55
535.45,34.82
535.47,35.32
535.49,35.78
535.5,36.0
535.52,36.4
535.54,36.78
535.55,36.95
535.57,37.28
535.59,37.59
535.6,37.74
535.62,38.03
535.64,38.3
535.65,38.43
535.67,38.69
535.69,38.94
535.7,39.06
535.72,39.29
535.73,39.41
535.75,39.63
535.77,39.83
535.78,39.92
535.8,40.1
535.82,40.25
535.83,40.32
535.85,40.42
535.87,40.5
535.88,40.52
535.9,40.53
535.92,40.49
535.93,40.46
535.95,40.35
535.97,40.18
535.98,40.08
536.0,39.82
536.02,39.51
536.03,39.33
536.05,38.93
536.06,38.7
536.08,38.2
536.1,37.65
536.11,37.35
536.13,36.71
536.15,36.02
536.16,35.66
536.18,34.9
536.2,34.1
536.21,33.68
536.23,32.82
536.25,31.93
536.26,31.48
536.28,30.56
536.3,29.62
536.31,29.15
536.33,28.2
536.35,27.24
536.36,26.76
536.38,25.81
536.4,24.87
536.41,24.41
536.43,23.49
536.44,23.03
536.46,22.15
536.48,21.28
536.49,20.86
536.51,20.04
536.53,19.25
536.54,18.87
536.56,18.14
536.58,17.44
536.59,17.1
536.61,16.46
536.63,15.86
536.64,15.57
536.66,15.02
536.68,14.51
536.69,14.27
536.71,13.82
536.73,13.4
536.74,13.2
536.76,12.83
536.78,12.5
536.79,12.34
536.81,12.04
536.82,11.9
536.84,11.64
536.86,11.4
536.87,11.28
536.89,11.07
536.91,10.87
536.92,10.77
536.94,10.59
536.96,10.42
536.97,10.33
536.99,10.17
537.01,10.01
537.02,9.924
537.04,9.762
537.06,9.598
537.07,9.516
537.09,9.347
537.11,9.174
537.12,9.086
537.14,8.906
537.16,8.72
537.17,8.625
537.19,8.432
537.2,8.334
537.22,8.135
537.24,7.934
537.25,7.832
537.27,7.631
537.29,7.432
537.3,7.334
537.32,7.144
537.34,6.964
537.35,6.879
537.37,6.722
537.39,6.584
537.4,6.524
537.42,6.425
537.44,6.357
537.45,6.337
537.47,6.328
537.49,6.364
537.5,6.401
537.52,6.516
537.53,6.595
537.55,6.802
537.57,7.077
537.58,7.242
537.6,7.629
537.62,8.098
537.63,8.364
537.65,8.963
537.67,9.653
537.68,10.03
537.7,10.87
537.72,11.79
537.73,12.29
537.75,13.37
537.77,14.53
537.78,15.15
537.8,16.46
537.82,17.85
537.83,18.57
537.85,20.07
537.87,21.64
537.88,22.45
537.9,24.1
537.91,24.94
537.93,26.64
537.95,28.35
537.96,29.21
537.98,30.93
538.0,32.62
538.01,33.45
538.03,35.07
538.05,36.63
538.06,37.39
538.08,38.82
538.1,40.14
538.11,40.76
538.13,41.9
538.15,42.9
538.16,43.34
538.18,44.1
538.2,44.7
538.21,44.93
538.23,45.26
538.25,45.42
538.26,45.42
538.28,45.31
538.29,45.18
538.31,44.79
538.33,44.23
538.34,43.89
538.36,43.09
538.38,42.14
538.39,41.61
538.41,40.46
538.43,39.2
538.44,38.52
538.46,37.11
538.48,35.62
538.49,34.85
538.51,33.27
538.53,31.65
538.54,30.83
538.56,29.19
538.58,27.54
538.59,26.73
538.61,25.11
538.63,23.52
538.64,22.75
538.66,21.23
538.67,20.5
538.69,19.08
538.71,17.72
538.72,17.08
538.74,15.84
538.76,14.69
538.77,14.14
538.79,13.12
538.81,12.18
538.82,11.74
538.84,10.94
538.86,10.22
538.87,9.886
538.89,9.29
538.91,8.773
538.92,8.543
538.94,8.138
538.96,7.803
538.97,7.66
538.99,7.42
539.0,7.321
539.02,7.166
539.04,7.06
539.05,7.024
539.07,6.983
539.09,6.979
539.1,6.989
539.12,7.03
539.14,7.095
539.15,7.135
539.17,7.227
539.19,7.331
539.2,7.386
539.22,7.5
539.24,7.616
539.25,7.673
539.27,7.785
539.29,7.891
539.3,7.94
539.32,8.031
539.34,8.11
539.35,8.144
539.37,8.202
539.38,8.225
539.4,8.26
539.42,8.28
539.43,8.285
539.45,8.283
539.47,8.27
539.48,8.259
539.5,8.231
539.52,8.196
539.53,8.177
539.55,8.14
539.57,8.106
539.58,8.091
539.6,8.071
539.62,8.066
539.63,8.071
539.65,8.1
539.67,8.159
539.68,8.202
539.7,8.318
539.72,8.481
539.73,8.581
539.75,8.823
539.76,8.967
539.78,9.304
539.8,9.711
539.81,9.943
539.83,10.46
539.85,11.07
539.86,11.4
539.88,12.13
539.9,12.95
539.91,13.4
539.93,14.36
539.95,15.4
539.96,15.96
539.98,17.13
540.0,18.39
540.01,19.05
540.03,20.41
540.05,21.85
540.06,22.59
540.08,24.1
540.1,25.65
540.11,26.44
540.13,28.02
540.14,28.82
540.16,30.4
540.18,31.97
540.19,32.74
540.21,34.26
540.23,35.71
540.24,36.41
540.26,37.74
540.28,38.98
540.29,39.55
540.31,40.61
540.33,41.53
540.34,41.94
540.36,42.64
540.38,43.18
540.39,43.39
540.41,43.68
540.43,43.79
540.44,43.79
540.46,43.64
540.47,43.5
540.49,43.1
540.51,42.53
540.52,42.18
540.54,41.38
540.56,40.43
540.57,39.9
540.59,38.76
540.61,37.5
540.62,36.84
540.64,35.45
540.66,33.98
540.67,33.22
540.69,31.67
540.71,30.09
540.72,29.29
540.74,27.69
540.76,26.09
540.77,25.3
540.79,23.73
540.81,22.2
540.82,21.45
540.84,20.0
540.85,19.29
540.87,17.93
540.89,16.64
540.9,16.03
540.92,14.86
540.94,13.77
540.95,13.26
540.97,12.3
540.99,11.43
541.0,11.02
541.02,10.28
541.04,9.621
541.05,9.322
541.07,8.782
541.09,8.319
541.1,8.115
541.12,7.759
541.14,7.468
541.15,7.346
541.17,7.146
541.19,7.0
541.2,6.946
541.22,6.872
541.23,6.85
541.25,6.837
541.27,6.859
541.28,6.881
541.3,6.946
541.32,7.034
541.33,7.086
541.35,7.201
541.37,7.328
541.38,7.395
541.4,7.534
541.42,7.675
541.43,7.746
541.45,7.885
541.47,8.019
541.48,8.083
541.5,8.203
541.52,8.311
541.53,8.359
541.55,8.444
541.56,8.479
541.58,8.537
541.6,8.575
541.61,8.587
541.63,8.594
541.65,8.58
541.66,8.565
541.68,8.52
541.7,8.456
541.71,8.416
541.73,8.324
541.75,8.216
541.76,8.156
541.78,8.029
541.8,7.891
541.81,7.82
541.83,7.674
541.85,7.526
541.86,7.453
541.88,7.31
541.9,7.176
541.91,7.113
541.93,6.997
541.94,6.946
541.96,6.859
541.98,6.796
541.99,6.774
542.01,6.752
542.03,6.763
542.04,6.781
542.06,6.843
542.08,6.944
542.09,7.01
542.11,7.171
542.13,7.373
542.14,7.489
542.16,7.754
542.18,8.06
542.19,8.228
542.21,8.593
542.23,8.996
542.24,9.211
542.26,9.665
542.28,10.15
542.29,10.4
542.31,10.93
542.32,11.2
542.34,11.75
542.36,12.31
542.37,12.6
542.39,13.18
542.41,13.76
542.42,14.04
542.44,14.61
542.46,15.17
542.47,15.44
542.49,15.96
542.51,16.46
542.52,16.7
542.54,17.16
542.56,17.58
542.57,17.77
542.59,18.13
542.61,18.44
542.62,18.58
542.64,18.83
542.66,19.02
542.67,19.1
542.69,19.22
542.7,19.26
542.72,19.3
542.74,19.29
542.75,19.27
542.77,19.19
542.79,19.06
542.8,18.98
542.82,18.78
542.84,18.54
542.85,18.41
542.87,18.12
542.89,17.79
542.9,17.61
542.92,17.24
542.94,16.83
542.95,16.62
542.97,16.19
542.99,15.73
543.0,15.5
543.02,15.02
543.03,14.77
543.05,14.28
543.07,13.77
543.08,13.52
543.1,13.01
543.12,12.5
543.13,12.24
543.15,11.73
543.17,11.23
543.18,10.98
543.2,10.48
543.22,9.996
543.23,9.757
543.25,9.288
543.27,8.832
543.28,8.61
543.3,8.176
543.32,7.758
543.33,7.555
543.35,7.163
543.37,6.788
543.38,6.608
543.4,6.262
543.41,6.096
543.43,5.779
543.45,5.481
543.46,5.339
543.48,5.07
543.5,4.819
543.51,4.701
543.53,4.477
543.55,4.271
543.56,4.174
543.58,3.993
543.6,3.826
543.61,3.748
543.63,3.602
543.65,3.468
543.66,3.405
543.68,3.288
543.7,3.179
543.71,3.128
543.73,3.032
543.75,2.941
543.76,2.898
543.78,2.815
543.79,2.775
543.81,2.698
543.83,2.622
543.84,2.585
543.86,2.512
543.88,2.439
543.89,2.403
543.91,2.331
543.93,2.258
543.94,2.221
543.96,2.148
543.98,2.074
543.99,2.036
544.01,1.962
544.03,1.887
544.04,1.849
544.06,1.775
544.08,1.701
544.09,1.665
544.11,1.594
544.13,1.525
544.14,1.492
544.16,1.428
544.17,1.398
544.19,1.341
544.21,1.289
544.22,1.265
544.24,1.224
544.26,1.19
544.27,1.176
544.29,1.157
544.31,1.147
544.32,1.147
544.34,1.156
544.36,1.179
544.37,1.196
544.39,1.243
544.41,1.308
544.42,1.348
544.44,1.444
544.46,1.563
544.47,1.632
544.49,1.791
544.5,1.882
544.52,2.086
544.54,2.325
544.55,2.459
544.57,2.756
544.59,3.097
544.6,3.285
544.62,3.7
544.64,4.168
544.65,4.424
544.67,4.983
544.69,5.608
544.7,5.948
544.72,6.682
544.74,7.495
544.75,7.933
544.77,8.873
544.79,9.905
544.8,10.46
544.82,11.63
544.84,12.91
544.85,13.59
544.87,15.02
544.88,15.78
544.9,17.38
544.92,19.09
544.93,19.99
544.95,21.86
544.97,23.84
544.98,24.87
545.0,27.01
545.02,29.25
545.03,30.41
545.05,32.79
545.07,35.25
545.08,36.51
545.1,39.07
545.12,41.7
545.13,43.03
545.15,45.71
545.17,48.43
545.18,49.79
545.2,52.51
545.22,55.21
545.23,56.55
545.25,59.2
545.26,60.51
545.28,63.06
545.3,65.53
545.31,66.73
545.33,69.03
545.35,71.2
545.36,72.23
545.38,74.17
545.4,75.94
545.41,76.75
545.43,78.22
545.45,79.48
545.46,80.03
545.48,80.95
545.5,81.63
545.51,81.88
545.53,82.19
545.55,82.25
545.56,82.18
545.58,81.86
545.6,81.28
545.61,80.9
545.63,79.95
545.64,79.38
545.66,78.08
545.68,76.56
545.69,75.72
545.71,73.9
545.73,71.89
545.74,70.83
545.76,68.59
545.78,66.22
545.79,65.0
545.81,62.49
545.83,59.91
545.84,58.61
545.86,55.99
545.88,53.37
545.89,52.07
545.91,49.51
545.93,47.02
545.94,45.82
545.96,43.5
545.97,42.39
545.99,40.29
546.01,38.38
546.02,37.51
546.04,35.92
546.06,34.58
546.07,34.01
546.09,33.08
546.11,32.44
546.12,32.24
546.14,32.09
546.16,32.28
546.17,32.5
546.19,33.22
546.21,34.31
546.22,34.99
546.24,36.65
546.26,38.68
546.27,39.83
546.29,42.43
546.31,45.39
546.32,47.01
546.34,50.51
546.35,52.38
546.37,56.38
546.39,60.68
546.4,62.93
546.42,67.64
546.44,72.57
546.45,75.11
546.47,80.33
546.49,85.67
546.5,88.37
546.52,93.82
546.54,99.29
546.55,102.0
546.57,107.4
546.59,112.7
546.6,115.2
546.62,120.2
546.64,125.0
546.65,127.2
546.67,131.5
546.69,135.4
546.7,137.2
546.72,140.5
546.73,142.0
546.75,144.5
546.77,146.6
546.78,147.5
546.8,148.8
546.82,149.5
546.83,149.7
546.85,149.6
546.87,149.1
546.88,148.6
546.9,147.3
546.92,145.5
546.93,144.4
546.95,141.9
546.97,139.1
546.98,137.5
547.0,134.2
547.02,130.5
547.03,128.6
547.05,124.6
547.07,120.5
547.08,118.3
547.1,114.0
547.11,111.8
547.13,107.4
547.15,103.0
547.16,100.8
547.18,96.48
547.2,92.22
547.21,90.13
547.23,86.04
547.25,82.08
547.26,80.16
547.28,76.44
547.3,72.88
547.31,71.16
547.33,67.86
547.35,64.74
547.36,63.24
547.38,60.37
547.4,57.67
547.41,56.38
547.43,53.92
547.44,52.74
547.46,50.5
547.48,48.39
547.49,47.38
547.51,45.47
547.53,43.67
547.54,42.81
547.56,41.18
547.58,39.65
547.59,38.92
547.61,37.54
547.63,36.26
547.64,35.66
547.66,34.52
547.68,33.48
547.69,33.0
547.71,32.11
547.73,31.31
547.74,30.95
547.76,30.31
547.78,29.77
547.79,29.54
547.81,29.15
547.82,28.99
547.84,28.76
547.86,28.62
547.87,28.58
547.89,28.58
547.91,28.67
547.92,28.74
547.94,28.95
547.96,29.22
547.97,29.38
547.99,29.73
548.01,30.12
548.02,30.33
548.04,30.77
548.06,31.21
548.07,31.43
548.09,31.87
548.11,32.28
548.12,32.48
548.14,32.84
548.16,33.15
548.17,33.28
548.19,33.49
548.2,33.57
548.22,33.68
548.24,33.69
548.25,33.67
548.27,33.55
548.29,33.35
548.3,33.21
548.32,32.87
548.34,32.44
548.35,32.19
548.37,31.63
548.39,31.0
548.4,30.65
548.42,29.92
548.44,29.13
548.45,28.72
548.47,27.86
548.49,26.97
548.5,26.52
548.52,25.61
548.54,24.7
548.55,24.24
548.57,23.34
548.58,22.9
548.6,22.04
548.62,21.21
548.63,20.82
548.65,20.06
548.67,19.36
548.68,19.03
548.7,18.42
548.72,17.88
548.73,17.63
548.75,17.19
548.77,16.83
548.78,16.68
548.8,16.43
548.82,16.25
548.83,16.19
548.85,16.13
548.87,16.14
548.88,16.17
548.9,16.29
548.91,16.37
548.93,16.59
548.95,16.88
548.96,17.05
548.98,17.43
549.0,17.88
549.01,18.13
549.03,18.68
549.05,19.29
549.06,19.62
549.08,20.33
549.1,21.11
549.11,21.52
549.13,22.41
549.15,23.36
549.16,23.87
549.18,24.94
549.2,26.09
549.21,26.69
549.23,27.97
549.25,29.34
549.26,30.06
549.28,31.56
549.29,32.35
549.31,34.0
549.33,35.75
549.34,36.66
549.36,38.55
549.38,40.55
549.39,41.58
549.41,43.72
549.43,45.96
549.44,47.11
549.46,49.48
549.48,51.93
549.49,53.18
549.51,55.74
549.53,58.37
549.54,59.71
549.56,62.42
549.58,65.17
549.59,66.55
549.61,69.34
549.63,72.15
549.64,73.55
549.66,76.36
549.67,77.76
549.69,80.54
549.71,83.28
549.72,84.64
549.74,87.33
549.76,89.96
549.77,91.25
549.79,93.78
549.81,96.24
549.82,97.44
549.84,99.77
549.86,102.0
549.87,103.1
549.89,105.2
549.91,107.2
549.92,108.2
549.94,110.1
549.96,111.9
549.97,112.7
549.99,114.4
550.0,115.2
550.02,116.6
550.04,118.0
550.05,118.7
550.07,119.9
550.09,121.1
550.1,121.6
550.12,122.6
550.14,123.5
550.15,123.9
550.17,124.7
550.19,125.3
550.2,125.6
550.22,126.0
550.24,126.4
550.25,126.6
550.27,126.8
550.29,126.9
550.3,127.0
550.32,127.0
550.34,127.0
550.35,127.0
550.37,127.0
550.38,127.0
550.4,127.0
550.42,127.2
550.43,127.3
550.45,127.7
550.47,128.4
550.48,128.8
550.5,130.0
550.52,131.7
550.53,132.7
550.55,135.3
550.57,138.6
550.58,140.6
550.6,145.4
550.62,151.2
550.63,154.6
550.65,162.3
550.67,171.6
550.68,176.9
550.7,188.8
550.72,202.6
550.73,210.3
550.75,227.4
550.76,236.9
550.78,257.6
550.8,281.0
550.81,293.7
550.83,321.3
550.85,351.9
550.86,368.3
550.88,403.5
550.9,441.8
550.91,462.2
550.93,505.3
550.95,551.6
550.96,575.8
550.98,626.7
551.0,680.3
551.01,708.1
551.03,765.7
551.05,825.5
551.06,856.1
551.08,918.6
551.1,982.4
551.11,1015.0
551.13,1080.0
551.14,1112.0
551.16,1177.0
551.18,1241.0
551.19,1273.0
551.21,1335.0
551.23,1395.0
551.24,1423.0
551.26,1479.0
551.28,1530.0
551.29,1554.0
551.31,1599.0
551.33,1638.0
551.34,1656.0
551.36,1687.0
551.38,1712.0
551.39,1722.0
551.41,1737.0
551.43,1745.0
551.44,1747.0
551.46,1744.0
551.47,1741.0
551.49,1728.0
551.51,1708.0
551.52,1696.0
551.54,1667.0
551.56,1632.0
551.57,1612.0
551.59,1569.0
551.61,1520.0
551.62,1494.0
551.64,1439.0
551.66,1381.0
551.67,1351.0
551.69,1288.0
551.71,1224.0
551.72,1191.0
551.74,1125.0
551.76,1058.0
551.77,1025.0
551.79,958.1
551.81,892.6
551.82,860.4
551.84,797.1
551.85,766.2
551.87,706.0
551.89,648.3
551.9,620.5
551.92,567.1
551.94,516.8
551.95,492.8
551.97,447.4
551.99,405.5
552.0,385.8
552.02,349.2
552.04,316.0
552.05,300.8
552.07,272.9
552.09,248.6
552.1,237.7
552.12,218.5
552.14,202.7
552.15,196.1
552.17,185.3
552.19,177.8
552.2,175.2
552.22,172.6
552.23,172.4
552.25,174.6
552.27,179.9
552.28,183.7
552.3,193.8
552.32,207.1
552.33,214.9
552.35,233.0
552.37,254.4
552.38,266.3
552.4,292.5
552.42,321.9
552.43,337.9
552.45,372.1
552.47,409.5
552.48,429.4
552.5,471.3
552.52,516.1
552.53,539.6
552.55,588.4
552.57,639.6
552.58,666.0
552.6,720.3
552.61,748.0
552.63,804.6
552.65,862.3
552.66,891.3
552.68,949.7
552.7,1008.0
552.71,1037.0
552.73,1094.0
552.75,1150.0
552.76,1177.0
552.78,1230.0
552.8,1279.0
552.81,1303.0
552.83,1347.0
552.85,1388.0
552.86,1406.0
552.88,1440.0
552.9,1468.0
552.91,1480.0
552.93,1500.0
552.94,1508.0
552.96,1519.0
552.98,1523.0
552.99,1523.0
553.01,1519.0
553.03,1508.0
553.04,1501.0
553.06,1481.0
553.08,1456.0
553.09,1441.0
553.11,1408.0
553.13,1370.0
553.14,1349.0
553.16,1305.0
553.18,1256.0
553.19,1231.0
553.21,1179.0
553.23,1124.0
553.24,1096.0
553.26,1038.0
553.28,980.2
553.29,950.9
553.31,892.2
553.32,863.0
553.34,804.9
553.36,747.8
553.37,719.8
553.39,664.8
553.41,611.7
553.42,585.9
553.44,536.0
553.46,488.6
553.47,465.8
553.49,422.2
553.51,381.3
553.52,361.9
553.54,325.2
553.56,291.2
553.57,275.2
553.59,245.3
553.61,217.9
553.62,205.2
553.64,181.6
553.66,160.3
553.67,150.5
553.69,132.5
553.7,124.2
553.72,109.2
553.74,95.84
553.75,89.8
553.77,78.87
553.79,69.36
553.8,65.1
553.82,57.48
553.84,50.96
553.85,48.08
553.87,43.0
553.89,38.77
553.9,36.94
553.92,33.8
553.94,31.28
553.95,30.24
553.97,28.53
553.99,27.3
554.0,26.84
554.02,26.21
554.04,25.94
554.05,25.92
554.07,26.1
554.08,26.29
554.1,26.86
554.12,27.66
554.13,28.14
554.15,29.23
554.17,30.51
554.18,31.2
554.2,32.7
554.22,34.33
554.23,35.19
554.25,36.99
554.27,38.87
554.28,39.85
554.3,41.84
554.32,43.88
554.33,44.91
554.35,46.99
554.37,49.07
554.38,50.11
554.4,52.17
554.41,53.19
554.43,55.18
554.45,57.1
554.46,58.03
554.48,59.82
554.5,61.49
554.51,62.28
554.53,63.76
554.55,65.08
554.56,65.68
554.58,66.75
554.6,67.63
554.61,68.0
554.63,68.58
554.65,68.96
554.66,69.07
554.68,69.13
554.7,68.98
554.71,68.82
554.73,68.36
554.75,67.68
554.76,67.27
554.78,66.29
554.79,65.74
554.81,64.49
554.83,63.08
554.84,62.32
554.86,60.68
554.88,58.93
554.89,58.0
554.91,56.09
554.93,54.1
554.94,53.08
554.96,51.01
554.98,48.91
554.99,47.86
555.01,45.75
555.03,43.67
555.04,42.64
555.06,40.63
555.08,38.69
555.09,37.75
555.11,35.94
555.13,34.23
555.14,33.42
555.16,31.91
555.17,31.2
555.19,29.89
555.21,28.73
555.22,28.2
555.24,27.28
555.26,26.52
555.27,26.2
555.29,25.68
555.31,25.32
555.32,25.2
555.34,25.08
555.36,25.11
555.37,25.18
555.39,25.43
555.41,25.8
555.42,26.03
555.44,26.58
555.46,27.22
555.47,27.58
555.49,28.34
555.51,29.17
555.52,29.6
555.54,30.49
555.55,30.94
555.57,31.85
555.59,32.75
555.6,33.19
555.62,34.05
555.64,34.87
555.65,35.25
555.67,35.96
555.69,36.59
555.7,36.87
555.72,37.35
555.74,37.72
555.75,37.86
555.77,38.05
555.79,38.11
555.8,38.09
555.82,37.95
555.84,37.68
555.85,37.5
555.87,37.03
555.88,36.76
555.9,36.11
555.92,35.36
555.93,34.95
555.95,34.05
555.97,33.06
555.98,32.54
556.0,31.45
556.02,30.32
556.03,29.73
556.05,28.55
556.07,27.35
556.08,26.75
556.1,25.56
556.12,24.39
556.13,23.82
556.15,22.71
556.17,21.66
556.18,21.16
556.2,20.21
556.22,19.34
556.23,18.95
556.25,18.22
556.26,17.89
556.28,17.32
556.3,16.86
556.31,16.67
556.33,16.38
556.35,16.2
556.36,16.15
556.38,16.14
556.4,16.25
556.41,16.34
556.43,16.61
556.45,16.99
556.46,17.21
556.48,17.73
556.5,18.34
556.51,18.68
556.53,19.41
556.55,20.21
556.56,20.64
556.58,21.54
556.6,22.49
556.61,22.98
556.63,24.0
556.64,24.52
556.66,25.57
556.68,26.65
556.69,27.19
556.71,28.27
556.73,29.35
556.74,29.88
556.76,30.94
556.78,31.98
556.79,32.49
556.81,33.47
556.83,34.42
556.84,34.88
556.86,35.75
556.88,36.57
556.89,36.96
556.91,37.7
556.93,38.37
556.94,38.68
556.96,39.26
556.98,39.77
556.99,40.0
557.01,40.42
557.02,40.6
557.04,40.93
557.06,41.21
557.07,41.33
557.09,41.54
557.11,41.71
557.12,41.79
557.14,41.94
557.16,42.09
557.17,42.16
557.19,42.34
557.21,42.56
557.22,42.69
557.24,43.02
557.26,43.45
557.27,43.72
557.29,44.36
557.31,45.2
557.32,45.7
557.34,46.89
557.35,47.59
557.37,49.24
557.39,51.26
557.4,52.42
557.42,55.1
557.44,58.3
557.45,60.12
557.47,64.23
557.49,69.04
557.5,71.74
557.52,77.76
557.54,84.7
557.55,88.55
557.57,97.05
557.59,106.7
557.6,112.0
557.62,123.6
557.64,136.6
557.65,143.7
557.67,159.0
557.69,176.1
557.7,185.3
557.72,205.0
557.73,215.6
557.75,238.3
557.77,263.1
557.78,276.2
557.8,304.2
557.82,334.4
557.83,350.4
557.85,384.0
557.87,419.9
557.88,438.7
557.9,478.2
557.92,519.9
557.93,541.7
557.95,586.9
557.97,634.4
557.98,659.0
558.0,709.9
558.02,763.1
558.03,790.5
558.05,847.0
558.07,905.9
558.08,936.1
558.1,998.5
558.11,1031.0
558.13,1097.0
558.15,1166.0
558.16,1202.0
558.18,1275.0
558.2,1353.0
558.21,1393.0
558.23,1477.0
558.25,1565.0
558.26,1612.0
558.28,1709.0
558.3,1813.0
558.31,1867.0
558.33,1983.0
558.35,2107.0
558.36,2173.0
558.38,2312.0
558.4,2463.0
558.41,2543.0
558.43,2712.0
558.45,2894.0
558.46,2991.0
558.48,3196.0
558.49,3304.0
558.51,3531.0
558.53,3775.0
558.54,3902.0
558.56,4170.0
558.58,4454.0
558.59,4601.0
558.61,4908.0
558.63,5229.0
558.64,5394.0
558.66,5735.0
558.68,6086.0
558.69,6266.0
558.71,6630.0
558.73,7001.0
558.74,7187.0
558.76,7562.0
558.78,7937.0
558.79,8123.0
558.81,8492.0
558.82,8673.0
558.84,9029.0
558.86,9373.0
558.87,9540.0
558.89,9861.0
558.91,10160.0
558.92,10310.0
558.94,10580.0
558.96,10820.0
558.97,10930.0
558.99,11140.0
559.01,11320.0
559.02,11400.0
559.04,11530.0
559.06,11640.0
559.07,11680.0
559.09,11740.0
559.11,11780.0
559.12,11790.0
559.14,11780.0
559.16,11760.0
559.17,11740.0
559.19,11680.0
559.2,11640.0
559.22,11550.0
559.24,11450.0
559.25,11390.0
559.27,11270.0
559.29,11140.0
559.3,11080.0
559.32,10940.0
559.34,10790.0
559.35,10720.0
559.37,10570.0
559.39,10430.0
559.4,10360.0
559.42,10210.0
559.44,10070.0
559.45,10010.0
559.47,9874.0
559.49,9747.0
559.5,9685.0
559.52,9566.0
559.54,9452.0
559.55,9397.0
559.57,9291.0
559.58,9239.0
559.6,9139.0
559.62,9043.0
559.63,8996.0
559.65,8904.0
559.67,8814.0
559.68,8770.0
559.7,8682.0
559.72,8595.0
559.73,8551.0
559.75,8464.0
559.77,8375.0
559.78,8330.0
559.8,8240.0
559.82,8147.0
559.83,8099.0
559.85,8003.0
559.87,7903.0
559.88,7852.0
559.9,7748.0
559.91,7695.0
559.93,7585.0
559.95,7472.0
559.96,7414.0
559.98,7295.0
560.0,7172.0
560.01,7109.0
560.03,6981.0
560.05,6848.0
560.06,6781.0
560.08,6642.0
560.1,6500.0
560.11,6428.0
560.13,6280.0
560.15,6129.0
560.16,6052.0
560.18,5895.0
560.2,5736.0
560.21,5655.0
560.23,5491.0
560.25,5324.0
560.26,5240.0
560.28,5069.0
560.29,4983.0
560.31,4810.0
560.33,4635.0
560.34,4548.0
560.36,4371.0
560.38,4194.0
560.39,4106.0
560.41,3929.0
560.43,3752.0
560.44,3664.0
560.46,3489.0
560.48,3315.0
560.49,3229.0
560.51,3058.0
560.53,2890.0
560.54,2807.0
560.56,2644.0
560.58,2484.0
560.59,2406.0
560.61,2252.0
560.63,2103.0
560.64,2030.0
560.66,1889.0
560.67,1820.0
560.69,1686.0
560.71,1558.0
560.72,1496.0
560.74,1377.0
560.76,1263.0
560.77,1209.0
560.79,1104.0
560.81,1006.0
560.82,959.0
560.84,869.7
560.86,786.2
560.87,746.7
560.89,672.0
560.91,602.9
560.92,570.4
560.94,509.3
560.96,453.3
560.97,427.2
560.99,378.4
561.01,334.2
561.02,313.6
561.04,275.6
561.05,258.1
561.07,225.7
561.09,196.8
561.1,183.6
561.12,159.3
561.14,137.9
561.15,128.1
561.17,110.4
561.19,94.9
561.2,87.9
561.22,75.28
561.24,64.34
561.25,59.45
561.27,50.7
561.29,43.2
561.3,39.87
561.32,33.97
561.34,28.98
561.35,26.79
561.37,22.94
561.38,21.26
561.4,18.33
561.42,15.9
561.43,14.86
561.45,13.06
561.47,11.6
561.48,10.98
561.5,9.925
561.52,9.093
561.53,8.748
561.55,8.176
561.57,7.739
561.58,7.563
561.6,7.282
561.62,7.08
561.63,7.003
561.65,6.887
561.67,6.812
561.68,6.787
561.7,6.754
561.72,6.738
561.73,6.735
561.75,6.733
561.76,6.734
561.78,6.735
561.8,6.733
561.81,6.731
561.83,6.721
561.85,6.704
561.86,6.692
561.88,6.661
561.9,6.621
561.91,6.597
561.93,6.543
561.95,6.48
561.96,6.445
561.98,6.371
562.0,6.29
562.01,6.247
562.03,6.159
562.05,6.068
562.06,6.022
562.08,5.929
562.1,5.839
562.11,5.795
562.13,5.71
562.14,5.671
562.16,5.599
562.18,5.539
562.19,5.514
562.21,5.477
562.23,5.459
562.24,5.458
562.26,5.477
562.28,5.525
562.29,5.561
562.31,5.662
562.33,5.803
562.34,5.891
562.36,6.105
562.38,6.374
562.39,6.531
562.41,6.895
562.43,7.329
562.44,7.576
562.46,8.13
562.48,8.773
562.49,9.13
562.51,9.919
562.52,10.35
562.54,11.3
562.56,12.37
562.57,12.95
562.59,14.19
562.61,15.57
562.62,16.31
562.64,17.89
562.66,19.6
562.67,20.51
562.69,22.43
562.71,24.49
562.72,25.57
562.74,27.82
562.76,30.2
562.77,31.43
562.79,33.98
562.81,36.63
562.82,37.99
562.84,40.77
562.85,42.18
562.87,45.05
562.89,47.95
562.9,49.41
562.92,52.33
562.94,55.23
562.95,56.66
562.97,59.49
562.99,62.24
563.0,63.58
563.02,66.16
563.04,68.61
563.05,69.77
563.07,71.96
563.09,73.95
563.1,74.86
563.12,76.51
563.14,77.92
563.15,78.53
563.17,79.54
563.19,80.27
563.2,80.53
563.22,80.84
563.23,80.88
563.25,80.75
563.27,80.33
563.28,80.01
563.3,79.17
563.32,78.06
563.33,77.41
563.35,75.93
563.37,74.21
563.38,73.27
563.4,71.24
563.42,69.04
563.43,67.88
563.45,65.45
563.47,62.9
563.48,61.59
563.5,58.9
563.52,56.17
563.53,54.78
563.55,52.0
563.57,49.22
563.58,47.84
563.6,45.11
563.61,43.76
563.63,41.1
563.65,38.52
563.66,37.27
563.68,34.83
563.7,32.5
563.71,31.38
563.73,29.23
563.75,27.21
563.76,26.24
563.78,24.42
563.8,22.72
563.81,21.92
563.83,20.42
563.85,19.05
563.86,18.41
563.88,17.22
563.9,16.16
563.91,15.66
563.93,14.76
563.95,13.96
563.96,13.59
563.98,12.93
563.99,12.63
564.01,12.09
564.03,11.63
564.04,11.42
564.06,11.06
564.08,10.76
564.09,10.63
564.11,10.41
564.13,10.24
564.14,10.18
564.16,10.08
564.18,10.03
564.19,10.01
564.21,10.02
564.23,10.07
564.24,10.11
564.26,10.23
564.28,10.38
564.29,10.48
564.31,10.7
564.32,10.83
564.34,11.12
564.36,11.46
564.37,11.64
564.39,12.06
564.41,12.52
564.42,12.77
564.44,13.31
564.46,13.91
564.47,14.22
564.49,14.89
564.51,15.61
564.52,15.98
564.54,16.77
564.56,17.6
564.57,18.02
564.59,18.9
564.61,19.81
564.62,20.27
564.64,21.21
564.66,22.16
564.67,22.64
564.69,23.59
564.7,24.06
564.72,24.99
564.74,25.9
564.75,26.34
564.77,27.2
564.79,28.01
564.8,28.4
564.82,29.13
564.84,29.79
564.85,30.09
564.87,30.64
564.89,31.11
564.9,31.31
564.92,31.65
564.94,31.9
564.95,31.99
564.97,32.09
564.99,32.11
565.0,32.08
565.02,31.96
565.04,31.75
565.05,31.62
565.07,31.29
565.08,31.1
565.1,30.67
565.12,30.17
565.13,29.9
565.15,29.33
565.17,28.72
565.18,28.41
565.2,27.75
565.22,27.09
565.23,26.75
565.25,26.08
565.27,25.41
565.28,25.08
565.3,24.44
565.32,23.82
565.33,23.53
565.35,22.96
565.37,22.44
565.38,22.2
565.4,21.74
565.42,21.33
565.43,21.15
565.45,20.82
565.46,20.67
565.48,20.41
565.5,20.2
565.51,20.12
565.53,19.98
565.55,19.88
565.56,19.84
565.58,19.79
565.6,19.77
565.61,19.77
565.63,19.79
565.65,19.82
565.66,19.84
565.68,19.88
565.7,19.93
565.71,19.95
565.73,19.98
565.75,20.0
565.76,20.0
565.78,20.0
565.79,19.98
565.81,19.94
565.83,19.86
565.84,19.82
565.86,19.69
565.88,19.53
565.89,19.44
565.91,19.22
565.93,18.97
565.94,18.83
565.96,18.52
565.98,18.18
565.99,17.99
566.01,17.6
566.03,17.17
566.04,16.94
566.06,16.47
566.08,15.98
566.09,15.72
566.11,15.19
566.13,14.65
566.14,14.37
566.16,13.81
566.17,13.53
566.19,12.95
566.21,12.37
566.22,12.08
566.24,11.51
566.26,10.93
566.27,10.65
566.29,10.09
566.31,9.535
566.32,9.264
566.34,8.732
566.36,8.215
566.37,7.963
566.39,7.471
566.41,6.998
566.42,6.768
566.44,6.324
566.46,5.9
566.47,5.696
566.49,5.303
566.51,4.931
566.52,4.753
566.54,4.414
566.55,4.252
566.57,3.944
566.59,3.658
566.6,3.522
566.62,3.268
566.64,3.036
566.65,2.928
566.67,2.728
566.69,2.55
566.7,2.469
566.72,2.325
566.74,2.204
566.75,2.153
566.77,2.068
566.79,2.008
566.8,1.987
566.82,1.966
566.84,1.973
566.85,1.987
566.87,2.037
566.89,2.118
566.9,2.17
566.92,2.3
566.93,2.378
566.95,2.561
566.97,2.78
566.98,2.904
567.0,3.181
567.02,3.499
567.03,3.674
567.05,4.055
567.07,4.48
567.08,4.709
567.1,5.201
567.12,5.737
567.13,6.021
567.15,6.624
567.17,7.271
567.18,7.61
567.2,8.319
567.22,9.068
567.23,9.456
567.25,10.26
567.26,10.67
567.28,11.52
567.3,12.39
567.31,12.84
567.33,13.74
567.35,14.65
567.36,15.11
567.38,16.03
567.4,16.94
567.41,17.39
567.43,18.28
567.45,19.14
567.46,19.56
567.48,20.37
567.5,21.14
567.51,21.5
567.53,22.19
567.55,22.82
567.56,23.11
567.58,23.63
567.6,24.07
567.61,24.27
567.63,24.59
567.64,24.72
567.66,24.91
567.68,25.01
567.69,25.03
567.71,24.99
567.73,24.87
567.74,24.78
567.76,24.53
567.78,24.19
567.79,23.99
567.81,23.55
567.83,23.03
567.84,22.74
567.86,22.13
567.88,21.47
567.89,21.12
567.91,20.4
567.93,19.64
567.94,19.25
567.96,18.45
567.98,17.65
567.99,17.24
568.01,16.43
568.02,16.03
568.04,15.24
568.06,14.46
568.07,14.08
568.09,13.34
568.11,12.63
568.12,12.29
568.14,11.63
568.16,11.02
568.17,10.73
568.19,10.19
568.21,9.688
568.22,9.457
568.24,9.029
568.26,8.649
568.27,8.477
568.29,8.166
568.31,7.901
568.32,7.784
568.34,7.581
568.36,7.418
568.37,7.35
568.39,7.239
568.4,7.196
568.42,7.132
568.44,7.095
568.45,7.085
568.47,7.082
568.49,7.097
568.5,7.11
568.52,7.147
568.54,7.194
568.55,7.22
568.57,7.277
568.59,7.338
568.6,7.369
568.62,7.431
568.64,7.49
568.65,7.519
568.67,7.572
568.69,7.619
568.7,7.64
568.72,7.676
568.73,7.691
568.75,7.715
568.77,7.73
568.78,7.734
568.8,7.735
568.82,7.728
568.83,7.722
568.85,7.703
568.87,7.677
568.88,7.662
568.9,7.627
568.92,7.589
568.93,7.569
568.95,7.527
568.97,7.484
568.98,7.463
569.0,7.423
569.02,7.386
569.03,7.369
569.05,7.341
569.07,7.319
569.08,7.312
569.1,7.304
569.11,7.304
569.13,7.313
569.15,7.334
569.16,7.35
569.18,7.392
569.2,7.449
569.21,7.483
569.23,7.562
569.25,7.656
569.26,7.709
569.28,7.826
569.3,7.957
569.31,8.028
569.33,8.179
569.35,8.343
569.36,8.429
569.38,8.608
569.4,8.795
569.41,8.892
569.43,9.089
569.45,9.29
569.46,9.391
569.48,9.594
569.49,9.695
569.51,9.895
569.53,10.09
569.54,10.19
569.56,10.37
569.58,10.55
569.59,10.63
569.61,10.79
569.63,10.94
569.64,11.01
569.66,11.14
569.68,11.25
569.69,11.3
569.71,11.39
569.73,11.46
569.74,11.49
569.76,11.54
569.78,11.58
569.79,11.59
569.81,11.61
569.83,11.62
569.84,11.63
569.86,11.63
569.87,11.62
569.89,11.62
569.91,11.61
569.92,11.61
569.94,11.61
569.96,11.62
569.97,11.63
569.99,11.66
570.01,11.7
570.02,11.73
570.04,11.8
570.06,11.9
570.07,11.96
570.09,12.1
570.11,12.28
570.12,12.38
570.14,12.61
570.16,12.88
570.17,13.03
570.19,13.36
570.2,13.55
570.22,13.95
570.24,14.41
570.25,14.65
570.27,15.19
570.29,15.78
570.3,16.09
570.32,16.77
570.34,17.5
570.35,17.89
570.37,18.72
570.39,19.61
570.4,20.08
570.42,21.08
570.44,22.14
570.45,22.69
570.47,23.86
570.49,25.11
570.5,25.76
570.52,27.12
570.54,28.56
570.55,29.31
570.57,30.87
570.58,31.68
570.6,33.36
570.62,35.14
570.63,36.06
570.65,37.96
570.67,39.95
570.68,40.98
570.7,43.1
570.72,45.3
570.73,46.44
570.75,48.76
570.77,51.17
570.78,52.4
570.8,54.9
570.82,57.47
570.83,58.77
570.85,61.4
570.87,64.07
570.88,65.41
570.9,68.11
570.92,70.8
570.93,72.14
570.95,74.79
570.96,76.1
570.98,78.68
571.0,81.18
571.01,82.39
571.03,84.73
571.05,86.95
571.06,88.0
571.08,89.97
571.1,91.76
571.11,92.58
571.13,94.06
571.15,95.31
571.16,95.84
571.18,96.71
571.2,97.31
571.21,97.51
571.23,97.69
571.25,97.58
571.26,97.42
571.28,96.87
571.29,96.49
571.31,95.5
571.33,94.24
571.34,93.5
571.36,91.83
571.38,89.91
571.39,88.85
571.41,86.58
571.43,84.09
571.44,82.78
571.46,80.02
571.48,77.11
571.49,75.6
571.51,72.51
571.53,69.33
571.54,67.71
571.56,64.44
571.58,61.14
571.59,59.49
571.61,56.2
571.63,52.93
571.64,51.32
571.66,48.14
571.67,46.57
571.69,43.52
571.71,40.56
571.72,39.12
571.74,36.33
571.76,33.67
571.77,32.39
571.79,29.93
571.81,27.61
571.82,26.5
571.84,24.4
571.86,22.44
571.87,21.51
571.89,19.76
571.91,18.14
571.92,17.38
571.94,15.96
571.96,14.67
571.97,14.06
571.99,12.93
572.01,11.91
572.02,11.44
572.04,10.57
572.05,10.16
572.07,9.42
572.09,8.755
572.1,8.45
572.12,7.891
572.14,7.396
572.15,7.17
572.17,6.761
572.19,6.403
572.2,6.243
572.22,5.956
572.24,5.713
572.25,5.606
572.27,5.424
572.29,5.28
572.3,5.223
572.32,5.135
572.34,5.085
572.35,5.073
572.37,5.078
572.39,5.119
572.4,5.154
572.42,5.253
572.43,5.317
572.45,5.475
572.47,5.672
572.48,5.786
572.5,6.045
572.52,6.346
572.53,6.512
572.55,6.875
572.57,7.28
572.58,7.498
572.6,7.964
572.62,8.47
572.63,8.737
572.65,9.3
572.67,9.897
572.68,10.21
572.7,10.85
572.72,11.53
572.73,11.87
572.75,12.58
572.76,12.94
572.78,13.67
572.8,14.41
572.81,14.79
572.83,15.54
572.85,16.29
572.86,16.66
572.88,17.4
572.9,18.13
572.91,18.49
572.93,19.2
572.95,19.88
572.96,20.21
572.98,20.85
573.0,21.46
573.01,21.76
573.03,22.32
573.05,22.85
573.06,23.11
573.08,23.59
573.1,24.04
573.11,24.26
573.13,24.67
573.14,24.86
573.16,25.23
573.18,25.58
573.19,25.75
573.21,26.07
573.23,26.38
573.24,26.53
573.26,26.84
573.28,27.14
573.29,27.3
573.31,27.61
573.33,27.94
573.34,28.11
573.36,28.46
573.38,28.84
573.39,29.03
573.41,29.45
573.43,29.89
573.44,30.12
573.46,30.61
573.48,31.12
573.49,31.4
573.51,31.96
573.52,32.25
573.54,32.86
573.56,33.49
573.57,33.82
573.59,34.48
573.61,35.17
573.62,35.51
573.64,36.22
573.66,36.93
573.67,37.28
573.69,37.99
573.71,38.7
573.72,39.05
573.74,39.74
573.76,40.42
573.77,40.75
573.79,41.39
573.81,42.0
573.82,42.3
573.84,42.87
573.86,43.4
573.87,43.65
573.89,44.12
573.9,44.34
573.92,44.75
573.94,45.12
573.95,45.29
573.97,45.58
573.99,45.83
574.0,45.94
574.02,46.12
574.04,46.26
574.05,46.31
574.07,46.38
574.09,46.4
574.1,46.39
574.12,46.34
574.14,46.25
574.15,46.19
574.17,46.03
574.19,45.84
574.2,45.72
574.22,45.46
574.23,45.31
574.25,44.99
574.27,44.63
574.28,44.43
574.3,44.0
574.32,43.54
574.33,43.29
574.35,42.76
574.37,42.19
574.38,41.89
574.4,41.25
574.42,40.58
574.43,40.23
574.45,39.49
574.47,38.71
574.48,38.31
574.5,37.47
574.52,36.59
574.53,36.13
574.55,35.2
574.57,34.22
574.58,33.72
574.6,32.7
574.61,32.18
574.63,31.11
574.65,30.02
574.66,29.46
574.68,28.34
574.7,27.2
574.71,26.63
574.73,25.47
574.75,24.31
574.76,23.73
574.78,22.58
574.8,21.43
574.81,20.87
574.83,19.75
574.85,18.65
574.86,18.11
574.88,17.05
574.9,16.03
574.91,15.54
574.93,14.58
574.95,13.68
574.96,13.24
574.98,12.41
574.99,12.02
575.01,11.28
575.03,10.6
575.04,10.28
575.06,9.699
575.08,9.185
575.09,8.954
575.11,8.545
575.13,8.207
575.14,8.064
575.16,7.833
575.18,7.672
575.19,7.618
575.21,7.562
575.23,7.575
575.24,7.606
575.26,7.717
575.28,7.89
575.29,8.0
575.31,8.262
575.33,8.579
575.34,8.757
575.36,9.15
575.37,9.363
575.39,9.822
575.41,10.32
575.42,10.58
575.44,11.13
575.46,11.7
575.47,11.99
575.49,12.59
575.51,13.21
575.52,13.52
575.54,14.15
575.56,14.78
575.57,15.09
575.59,15.71
575.61,16.32
575.62,16.63
575.64,17.22
575.66,17.79
575.67,18.07
575.69,18.61
575.7,18.87
575.72,19.38
575.74,19.86
575.75,20.09
575.77,20.54
575.79,20.96
575.8,21.16
575.82,21.55
575.84,21.91
575.85,22.09
575.87,22.43
575.89,22.76
575.9,22.92
575.92,23.24
575.94,23.56
575.95,23.71
575.97,24.03
575.99,24.36
576.0,24.53
576.02,24.87
576.04,25.24
576.05,25.43
576.07,25.84
576.08,26.05
576.1,26.51
576.12,27.0
576.13,27.26
576.15,27.82
576.17,28.42
576.18,28.74
576.2,29.43
576.22,30.17
576.23,30.56
576.25,31.4
576.27,32.3
576.28,32.78
576.3,33.8
576.32,34.89
576.33,35.46
576.35,36.68
576.37,37.98
576.38,38.67
576.4,40.11
576.42,41.64
576.43,42.44
576.45,44.12
576.46,45.0
576.48,46.84
576.5,48.77
576.51,49.78
576.53,51.86
576.55,54.05
576.56,55.18
576.58,57.51
576.6,59.92
576.61,61.16
576.63,63.69
576.65,66.29
576.66,67.61
576.68,70.28
576.7,72.99
576.71,74.35
576.73,77.07
576.75,79.79
576.76,81.13
576.78,83.79
576.8,86.38
576.81,87.65
576.83,90.1
576.84,91.28
576.86,93.53
576.88,95.62
576.89,96.6
576.91,98.41
576.93,100.0
576.94,100.7
576.96,101.9
576.98,102.9
576.99,103.3
577.01,103.8
577.03,104.1
577.04,104.1
577.06,103.8
577.08,103.3
577.09,102.9
577.11,101.9
577.13,100.6
577.14,99.81
577.16,98.06
577.17,97.08
577.19,94.91
577.21,92.5
577.22,91.2
577.24,88.45
577.26,85.5
577.27,83.96
577.29,80.77
577.31,77.45
577.32,75.75
577.34,72.28
577.36,68.76
577.37,66.98
577.39,63.41
577.41,59.85
577.42,58.08
577.44,54.58
577.46,51.14
577.47,49.45
577.49,46.14
577.51,42.93
577.52,41.38
577.54,38.37
577.55,36.91
577.57,34.11
577.59,31.46
577.6,30.19
577.62,27.77
577.64,25.51
577.65,24.44
577.67,22.41
577.69,20.54
577.7,19.66
577.72,18.01
577.74,16.5
577.75,15.79
577.77,14.48
577.79,13.29
577.8,12.74
577.82,11.71
577.84,10.79
577.85,10.36
577.87,9.573
577.89,8.866
577.9,8.54
577.92,7.94
577.93,7.664
577.95,7.156
577.97,6.702
577.98,6.493
578.0,6.111
578.02,5.772
578.03,5.618
578.05,5.338
578.07,5.095
578.08,4.986
578.1,4.796
578.12,4.641
578.13,4.577
578.15,4.477
578.17,4.414
578.18,4.398
578.2,4.398
578.22,4.443
578.23,4.484
578.25,4.605
578.27,4.782
578.28,4.894
578.3,5.165
578.31,5.327
578.33,5.705
578.35,6.163
578.36,6.424
578.38,7.013
578.4,7.699
578.41,8.08
578.43,8.922
578.45,9.878
578.46,10.4
578.48,11.54
578.5,12.81
578.51,13.49
578.53,14.96
578.55,16.58
578.56,17.44
578.58,19.28
578.6,21.26
578.61,22.31
578.63,24.52
578.64,25.69
578.66,28.13
578.68,30.71
578.69,32.06
578.71,34.85
578.73,37.77
578.74,39.28
578.76,42.38
578.78,45.58
578.79,47.22
578.81,50.55
578.83,53.95
578.84,55.66
578.86,59.11
578.88,62.58
578.89,64.31
578.91,67.76
578.93,71.17
578.94,72.85
578.96,76.14
578.98,79.33
578.99,80.88
579.01,83.88
579.02,85.31
579.04,88.06
579.06,90.6
579.07,91.8
579.09,94.02
579.11,96.01
579.12,96.91
579.14,98.51
579.16,99.85
579.17,100.4
579.19,101.3
579.21,102.0
579.22,102.2
579.24,102.5
579.26,102.4
579.27,102.3
579.29,101.9
579.31,101.3
579.32,100.8
579.34,99.87
579.36,98.69
579.37,98.04
579.39,96.61
579.4,95.84
579.42,94.21
579.44,92.47
579.45,91.57
579.47,89.71
579.49,87.8
579.5,86.83
579.52,84.89
579.54,82.94
579.55,81.98
579.57,80.06
579.59,78.19
579.6,77.27
579.62,75.47
579.64,73.74
579.65,72.9
579.67,71.27
579.69,69.72
579.7,68.97
579.72,67.52
579.73,66.82
579.75,65.48
579.77,64.2
579.78,63.58
579.8,62.38
579.82,61.22
579.83,60.66
579.85,59.55
579.87,58.47
579.88,57.94
579.9,56.88
579.92,55.83
579.93,55.31
579.95,54.26
579.97,53.2
579.98,52.68
580.0,51.61
580.02,50.54
580.03,50.0
580.05,48.93
580.07,47.85
580.08,47.31
580.1,46.23
580.11,45.7
580.13,44.64
580.15,43.61
580.16,43.1
580.18,42.12
580.2,41.17
580.21,40.71
580.23,39.84
580.25,39.02
580.26,38.64
580.28,37.92
580.3,37.27
580.31,36.97
580.33,36.44
580.35,35.98
580.36,35.78
580.38,35.44
580.4,35.18
580.41,35.07
580.43,34.92
580.45,34.82
580.46,34.8
580.48,34.8
580.49,34.81
580.51,34.87
580.53,34.97
580.54,35.03
580.56,35.16
580.58,35.3
580.59,35.38
580.61,35.52
580.63,35.65
580.64,35.71
580.66,35.8
580.68,35.87
580.69,35.88
580.71,35.88
580.73,35.84
580.74,35.8
580.76,35.67
580.78,35.49
580.79,35.38
580.81,35.12
580.83,34.8
580.84,34.63
580.86,34.23
580.87,34.02
580.89,33.56
580.91,33.05
580.92,32.79
580.94,32.24
580.96,31.67
580.97,31.37
580.99,30.77
581.01,30.17
581.02,29.87
581.04,29.27
581.06,28.68
581.07,28.39
581.09,27.83
581.11,27.3
581.12,27.04
581.14,26.56
581.16,26.11
581.17,25.9
581.19,25.51
581.2,25.33
581.22,25.0
581.24,24.72
581.25,24.59
581.27,24.38
581.29,24.2
581.3,24.12
581.32,24.0
581.34,23.91
581.35,23.88
581.37,23.83
581.39,23.81
581.4,23.81
581.42,23.81
581.44,23.83
581.45,23.84
581.47,23.87
581.49,23.9
581.5,23.91
581.52,23.94
581.54,23.95
581.55,23.95
581.57,23.95
581.58,23.95
581.6,23.92
581.62,23.89
581.63,23.86
581.65,23.8
581.67,23.72
581.68,23.68
581.7,23.58
581.72,23.47
581.73,23.42
581.75,23.3
581.77,23.18
581.78,23.12
581.8,23.0
581.82,22.89
581.83,22.84
581.85,22.75
581.87,22.68
581.88,22.65
581.9,22.61
581.92,22.59
581.93,22.6
581.95,22.63
581.96,22.66
581.98,22.74
582.0,22.86
582.01,22.93
582.03,23.1
582.05,23.31
582.06,23.42
582.08,23.68
582.1,23.97
582.11,24.12
582.13,24.45
582.15,24.8
582.16,24.98
582.18,25.36
582.2,25.75
582.21,25.95
582.23,26.36
582.25,26.77
582.26,26.97
582.28,27.38
582.3,27.79
582.31,27.99
582.33,28.38
582.34,28.58
582.36,28.96
582.38,29.34
582.39,29.53
582.41,29.89
582.43,30.26
582.44,30.44
582.46,30.81
582.48,31.18
582.49,31.37
582.51,31.76
582.53,32.17
582.54,32.38
582.56,32.83
582.58,33.32
582.59,33.59
582.61,34.14
582.63,34.76
582.64,35.08
582.66,35.79
582.67,36.16
582.69,36.97
582.71,37.85
582.72,38.32
582.74,39.31
582.76,40.38
582.77,40.95
582.79,42.13
582.81,43.38
582.82,44.04
582.84,45.39
582.86,46.8
582.87,47.52
582.89,48.99
582.91,50.49
582.92,51.24
582.94,52.76
582.96,54.27
582.97,55.02
582.99,56.5
583.01,57.92
583.02,58.61
583.04,59.93
583.05,60.56
583.07,61.74
583.09,62.8
583.1,63.29
583.12,64.15
583.14,64.86
583.15,65.15
583.17,65.61
583.19,65.89
583.2,65.96
583.22,65.95
583.24,65.75
583.25,65.57
583.27,65.07
583.29,64.37
583.3,63.95
583.32,62.96
583.34,61.79
583.35,61.14
583.37,59.7
583.39,58.11
583.4,57.26
583.42,55.45
583.43,54.5
583.45,52.52
583.47,50.43
583.48,49.36
583.5,47.16
583.52,44.9
583.53,43.76
583.55,41.46
583.57,39.14
583.58,37.98
583.6,35.68
583.62,33.4
583.63,32.28
583.65,30.07
583.67,27.92
583.68,26.87
583.7,24.84
583.72,22.88
583.73,21.94
583.75,20.12
583.77,18.41
583.78,17.59
583.8,16.03
583.81,15.29
583.83,13.9
583.85,12.61
583.86,12.01
583.88,10.88
583.9,9.859
583.91,9.387
583.93,8.519
583.95,7.751
583.96,7.402
583.98,6.776
584.0,6.239
584.01,6.004
584.03,5.596
584.05,5.269
584.06,5.135
584.08,4.924
584.1,4.786
584.11,4.743
584.13,4.708
584.14,4.715
584.16,4.778
584.18,4.902
584.19,4.987
584.21,5.201
584.23,5.471
584.24,5.627
584.26,5.98
584.28,6.386
584.29,6.608
584.31,7.09
584.33,7.622
584.34,7.905
584.36,8.508
584.38,9.157
584.39,9.498
584.41,10.21
584.43,10.97
584.44,11.37
584.46,12.2
584.48,13.07
584.49,13.52
584.51,14.46
584.52,14.95
584.54,15.96
584.56,17.04
584.57,17.6
584.59,18.78
584.61,20.05
584.62,20.72
584.64,22.16
584.66,23.74
584.67,24.59
584.69,26.44
584.71,28.52
584.72,29.67
584.74,32.21
584.76,35.14
584.77,36.78
584.79,40.45
584.81,44.74
584.82,47.16
584.84,52.62
584.86,59.03
584.87,62.65
584.89,70.84
584.9,75.45
584.92,85.86
584.94,98.05
584.95,104.9
584.97,120.3
584.99,138.1
585.0,148.1
585.02,170.4
585.04,196.1
585.05,210.3
585.07,241.8
585.09,277.8
585.1,297.5
585.12,341.0
585.14,390.0
585.15,416.8
585.17,475.2
585.19,540.3
585.2,575.5
585.22,651.7
585.24,735.8
585.25,780.9
585.27,877.5
585.28,929.1
585.3,1039.0
585.32,1158.0
585.33,1221.0
585.35,1354.0
585.37,1496.0
585.38,1571.0
585.4,1727.0
585.42,1892.0
585.43,1977.0
585.45,2154.0
585.47,2339.0
585.48,2434.0
585.5,2628.0
585.52,2828.0
585.53,2929.0
585.55,3134.0
585.57,3342.0
585.58,3446.0
585.6,3654.0
585.61,3757.0
585.63,3962.0
585.65,4163.0
585.66,4262.0
585.68,4454.0
585.7,4637.0
585.71,4725.0
585.73,4892.0
585.75,5047.0
585.76,5120.0
585.78,5253.0
585.8,5370.0
585.81,5422.0
585.83,5512.0
585.85,5583.0
585.86,5612.0
585.88,5653.0
585.9,5674.0
585.91,5676.0
585.93,5666.0
585.95,5635.0
585.96,5612.0
585.98,5551.0
585.99,5513.0
586.01,5423.0
586.03,5314.0
586.04,5254.0
586.06,5121.0
586.08,4973.0
586.09,4894.0
586.11,4727.0
586.13,4549.0
586.14,4456.0
586.16,4264.0
586.18,4066.0
586.19,3965.0
586.21,3761.0
586.23,3553.0
586.24,3450.0
586.26,3242.0
586.28,3036.0
586.29,2934.0
586.31,2732.0
586.33,2535.0
586.34,2439.0
586.36,2251.0
586.37,2160.0
586.39,1983.0
586.41,1814.0
586.42,1733.0
586.44,1577.0
586.46,1430.0
586.47,1360.0
586.49,1227.0
586.51,1103.0
586.52,1044.0
586.54,934.2
586.56,832.8
586.57,785.4
586.59,696.8
586.61,616.3
586.62,578.9
586.64,509.6
586.66,447.4
586.67,418.7
586.69,366.0
586.71,319.2
586.72,297.8
586.74,258.7
586.75,241.0
586.77,208.8
586.79,180.7
586.8,168.0
586.82,145.1
586.84,125.2
586.85,116.3
586.87,100.4
586.89,86.78
586.9,80.71
586.92,69.93
586.94,60.74
586.95,56.69
586.97,49.52
586.99,43.47
587.0,40.81
587.02,36.15
587.04,32.24
587.05,30.53
587.07,27.54
587.08,26.24
587.1,23.98
587.12,22.1
587.13,21.29
587.15,19.89
587.17,18.74
587.18,18.24
587.2,17.4
587.22,16.72
587.23,16.44
587.25,15.97
587.27,15.61
587.28,15.47
587.3,15.26
587.32,15.13
587.33,15.09
587.35,15.08
587.37,15.13
587.38,15.18
587.4,15.32
587.42,15.53
587.43,15.65
587.45,15.94
587.46,16.11
587.48,16.49
587.5,16.92
587.51,17.15
587.53,17.66
587.55,18.22
587.56,18.52
587.58,19.16
587.6,19.85
587.61,20.21
587.63,20.96
587.65,21.75
587.66,22.16
587.68,23.01
587.7,23.9
587.71,24.35
587.73,25.27
587.75,26.21
587.76,26.68
587.78,27.64
587.8,28.6
587.81,29.08
587.83,30.03
587.84,30.5
587.86,31.42
587.88,32.32
587.89,32.75
587.91,33.59
587.93,34.39
587.94,34.77
587.96,35.48
587.98,36.13
587.99,36.43
588.01,36.97
588.03,37.44
588.04,37.65
588.06,37.99
588.08,38.26
588.09,38.36
588.11,38.5
588.13,38.56
588.14,38.55
588.16,38.5
588.18,38.37
588.19,38.28
588.21,38.06
588.22,37.93
588.24,37.64
588.26,37.32
588.27,37.16
588.29,36.81
588.31,36.48
588.32,36.31
588.34,36.01
588.36,35.76
588.37,35.66
588.39,35.51
588.41,35.46
588.42,35.48
588.44,35.6
588.46,35.87
588.47,36.06
588.49,36.58
588.51,37.27
588.52,37.7
588.54,38.7
588.55,39.28
588.57,40.61
588.59,42.18
588.6,43.05
588.62,44.98
588.64,47.15
588.65,48.33
588.67,50.86
588.69,53.63
588.7,55.11
588.72,58.22
588.74,61.54
588.75,63.27
588.77,66.87
588.79,70.63
588.8,72.57
588.82,76.53
588.84,80.59
588.85,82.65
588.87,86.8
588.89,90.98
588.9,93.06
588.92,97.21
588.93,99.26
588.95,103.3
588.97,107.2
588.98,109.2
589.0,112.9
589.02,116.4
589.03,118.1
589.05,121.3
589.07,124.2
589.08,125.6
589.1,128.2
589.12,130.4
589.13,131.5
589.15,133.3
589.17,134.8
589.18,135.4
589.2,136.5
589.22,137.2
589.23,137.5
589.25,137.8
589.27,137.8
589.28,137.8
589.3,137.4
589.31,137.1
589.33,136.4
589.35,135.5
589.36,135.0
589.38,133.8
589.4,132.5
589.41,131.8
589.43,130.2
589.45,128.6
589.46,127.7
589.48,125.9
589.5,124.0
589.51,123.0
589.53,121.1
589.55,119.0
589.56,118.0
589.58,115.9
589.6,113.8
589.61,112.7
589.63,110.5
589.64,109.3
589.66,107.1
589.68,104.8
589.69,103.6
589.71,101.2
589.73,98.81
589.74,97.58
589.76,95.1
589.78,92.56
589.79,91.27
589.81,88.66
589.83,86.0
589.84,84.66
589.86,81.94
589.88,79.18
589.89,77.79
589.91,74.99
589.93,72.17
589.94,70.75
589.96,67.92
589.98,65.09
589.99,63.68
590.01,60.88
590.02,59.49
590.04,56.74
590.06,54.04
590.07,52.72
590.09,50.11
590.11,47.58
590.12,46.34
590.14,43.93
590.16,41.62
590.17,40.51
590.19,38.35
590.21,36.3
590.22,35.32
590.24,33.44
590.26,31.67
590.27,30.83
590.29,29.23
590.31,27.74
590.32,27.04
590.34,25.71
590.36,24.48
590.37,23.91
590.39,22.82
590.4,22.31
590.42,21.35
590.44,20.46
590.45,20.05
590.47,19.26
590.49,18.54
590.5,18.19
590.52,17.54
590.54,16.93
590.55,16.63
590.57,16.07
590.59,15.53
590.6,15.27
590.62,14.75
590.64,14.26
590.65,14.01
590.67,13.53
590.69,13.06
590.7,12.82
590.72,12.35
590.74,11.88
590.75,11.65
590.77,11.18
590.78,10.95
590.8,10.48
590.82,10.02
590.83,9.791
590.85,9.334
590.87,8.881
590.88,8.656
590.9,8.212
590.92,7.776
590.93,7.562
590.95,7.141
590.97,6.731
590.98,6.531
591.0,6.141
591.02,5.766
591.03,5.585
591.05,5.234
591.07,4.901
591.08,4.741
591.1,4.435
591.11,4.289
591.13,4.011
591.15,3.753
591.16,3.631
591.18,3.402
591.2,3.193
591.21,3.095
591.23,2.915
591.25,2.754
591.26,2.68
591.28,2.546
591.3,2.431
591.31,2.379
591.33,2.29
591.35,2.216
591.36,2.185
591.38,2.135
591.4,2.1
591.41,2.087
591.43,2.073
591.45,2.07
591.46,2.074
591.48,2.089
591.49,2.1
591.51,2.13
591.53,2.169
591.54,2.192
591.56,2.242
591.58,2.299
591.59,2.33
591.61,2.394
591.63,2.462
591.64,2.497
591.66,2.568
591.68,2.64
591.69,2.676
591.71,2.748
591.73,2.817
591.74,2.851
591.76,2.916
591.78,2.977
591.79,3.006
591.81,3.06
591.83,3.107
591.84,3.129
591.86,3.167
591.87,3.183
591.89,3.21
591.91,3.231
591.92,3.238
591.94,3.247
591.96,3.25
591.97,3.249
591.99,3.242
592.01,3.229
592.02,3.221
592.04,3.202
592.06,3.179
592.07,3.167
592.09,3.141
592.11,3.116
592.12,3.103
592.14,3.08
592.16,3.06
592.17,3.052
592.19,3.04
592.21,3.037
592.22,3.038
592.24,3.049
592.25,3.059
592.27,3.089
592.29,3.134
592.3,3.163
592.32,3.233
592.34,3.323
592.35,3.376
592.37,3.498
592.39,3.644
592.4,3.727
592.42,3.911
592.44,4.123
592.45,4.24
592.47,4.496
592.49,4.782
592.5,4.937
592.52,5.271
592.54,5.639
592.55,5.835
592.57,6.253
592.58,6.475
592.6,6.945
592.62,7.45
592.63,7.715
592.65,8.271
592.67,8.86
592.68,9.167
592.7,9.804
592.72,10.47
592.73,10.82
592.75,11.53
592.77,12.26
592.78,12.64
592.8,13.4
592.82,14.19
592.83,14.59
592.85,15.39
592.87,16.2
592.88,16.61
592.9,17.43
592.92,18.24
592.93,18.64
592.95,19.44
592.96,19.84
592.98,20.61
593.0,21.36
593.01,21.73
593.03,22.44
593.05,23.11
593.06,23.44
593.08,24.05
593.1,24.62
593.11,24.89
593.13,25.4
593.15,25.85
593.16,26.06
593.18,26.43
593.2,26.76
593.21,26.9
593.23,27.15
593.25,27.36
593.26,27.45
593.28,27.59
593.3,27.69
593.31,27.73
593.33,27.79
593.34,27.81
593.36,27.84
593.38,27.85
593.39,27.86
593.41,27.87
593.43,27.9
593.44,27.91
593.46,27.97
593.48,28.05
593.49,28.11
593.51,28.26
593.53,28.47
593.54,28.59
593.56,28.89
593.58,29.26
593.59,29.47
593.61,29.97
593.63,30.54
593.64,30.86
593.66,31.58
593.68,32.38
593.69,32.82
593.71,33.77
593.72,34.27
593.74,35.35
593.76,36.51
593.77,37.12
593.79,38.4
593.81,39.75
593.82,40.44
593.84,41.87
593.86,43.33
593.87,44.07
593.89,45.57
593.91,47.08
593.92,47.82
593.94,49.31
593.96,50.75
593.97,51.46
593.99,52.83
594.01,54.12
594.02,54.73
594.04,55.88
594.05,56.41
594.07,57.38
594.09,58.22
594.1,58.58
594.12,59.2
594.14,59.65
594.15,59.82
594.17,60.01
594.19,60.04
594.2,59.98
594.22,59.73
594.24,59.31
594.25,59.03
594.27,58.33
594.29,57.47
594.3,56.98
594.32,55.88
594.34,54.64
594.35,53.96
594.37,52.52
594.39,50.96
594.4,50.14
594.42,48.44
594.43,47.56
594.45,45.75
594.47,43.88
594.48,42.94
594.5,41.03
594.52,39.11
594.53,38.16
594.55,36.25
594.57,34.38
594.58,33.46
594.6,31.65
594.62,29.9
594.63,29.05
594.65,27.41
594.67,25.86
594.68,25.12
594.7,23.7
594.72,22.38
594.73,21.76
594.75,20.6
594.77,19.54
594.78,19.05
594.8,18.15
594.81,17.73
594.83,16.98
594.85,16.33
594.86,16.03
594.88,15.52
594.9,15.08
594.91,14.89
594.93,14.57
594.95,14.32
594.96,14.21
594.98,14.04
595.0,13.92
595.01,13.88
595.03,13.81
595.05,13.78
595.06,13.77
595.08,13.76
595.1,13.76
595.11,13.77
595.13,13.77
595.15,13.78
595.16,13.77
595.18,13.76
595.19,13.75
595.21,13.71
595.23,13.64
595.24,13.6
595.26,13.5
595.28,13.37
595.29,13.29
595.31,13.12
595.33,12.91
595.34,12.8
595.36,12.55
595.38,12.28
595.39,12.13
595.41,11.82
595.43,11.49
595.44,11.31
595.46,10.95
595.48,10.57
595.49,10.37
595.51,9.978
595.52,9.777
595.54,9.372
595.56,8.966
595.57,8.763
595.59,8.36
595.61,7.965
595.62,7.771
595.64,7.392
595.66,7.029
595.67,6.854
595.69,6.52
595.71,6.207
595.72,6.06
595.74,5.786
595.76,5.539
595.77,5.427
595.79,5.227
595.81,5.058
595.82,4.987
595.84,4.87
595.86,4.789
595.87,4.763
595.89,4.738
595.9,4.739
595.92,4.772
595.94,4.845
595.95,4.897
595.97,5.03
595.99,5.206
596.0,5.309
596.02,5.549
596.04,5.832
596.05,5.99
596.07,6.34
596.09,6.736
596.1,6.951
596.12,7.417
596.14,7.93
596.15,8.206
596.17,8.793
596.19,9.429
596.2,9.767
596.22,10.48
596.24,11.24
596.25,11.64
596.27,12.48
596.28,12.92
596.3,13.84
596.32,14.8
596.33,15.3
596.35,16.34
596.37,17.42
596.38,17.98
596.4,19.13
596.42,20.31
596.43,20.91
596.45,22.15
596.47,23.41
596.48,24.05
596.5,25.34
596.52,26.64
596.53,27.29
596.55,28.6
596.57,29.9
596.58,30.55
596.6,31.83
596.62,33.08
596.63,33.69
596.65,34.89
596.66,35.47
596.68,36.59
596.7,37.65
596.71,38.16
596.73,39.12
596.75,39.99
596.76,40.4
596.78,41.14
596.8,41.79
596.81,42.08
596.83,42.58
596.85,42.97
596.86,43.13
596.88,43.36
596.9,43.49
596.91,43.51
596.93,43.47
596.95,43.33
596.96,43.22
596.98,42.92
596.99,42.74
597.01,42.29
597.03,41.77
597.04,41.47
597.06,40.82
597.08,40.09
597.09,39.71
597.11,38.89
597.13,38.01
597.14,37.56
597.16,36.61
597.18,35.64
597.19,35.14
597.21,34.12
597.23,33.09
597.24,32.56
597.26,31.52
597.28,30.46
597.29,29.94
597.31,28.89
597.33,27.86
597.34,27.34
597.36,26.33
597.37,25.83
597.39,24.84
597.41,23.87
597.42,23.4
597.44,22.47
597.46,21.57
597.47,21.13
597.49,20.27
597.51,19.43
597.52,19.03
597.54,18.24
597.56,17.48
597.57,17.11
597.59,16.4
597.61,15.72
597.62,15.39
597.64,14.76
597.66,14.16
597.67,13.88
597.69,13.33
597.71,12.81
597.72,12.57
597.74,12.11
597.75,11.89
597.77,11.48
597.79,11.11
597.8,10.94
597.82,10.62
597.84,10.35
597.85,10.22
597.87,10.0
597.89,9.82
597.9,9.744
597.92,9.618
597.94,9.53
597.95,9.499
597.97,9.463
597.99,9.46
598.0,9.471
598.02,9.515
598.04,9.587
598.05,9.632
598.07,9.741
598.09,9.872
598.1,9.944
598.12,10.1
598.13,10.18
598.15,10.36
598.17,10.54
598.18,10.63
598.2,10.81
598.22,11.0
598.23,11.08
598.25,11.26
598.27,11.42
598.28,11.49
598.3,11.63
598.32,11.75
598.33,11.8
598.35,11.89
598.37,11.95
598.38,11.98
598.4,12.0
598.42,12.0
598.43,11.99
598.45,11.95
598.46,11.92
598.48,11.84
598.5,11.74
598.51,11.68
598.53,11.54
598.55,11.39
598.56,11.3
598.58,11.13
598.6,10.94
598.61,10.85
598.63,10.66
598.65,10.46
598.66,10.37
598.68,10.19
598.7,10.02
598.71,9.937
598.73,9.792
598.75,9.671
598.76,9.62
598.78,9.541
598.8,9.495
598.81,9.485
598.83,9.495
598.84,9.515
598.86,9.587
598.88,9.703
598.89,9.778
598.91,9.963
598.93,10.19
598.94,10.33
598.96,10.63
598.98,10.97
598.99,11.16
599.01,11.57
599.03,12.02
599.04,12.26
599.06,12.76
599.08,13.29
599.09,13.56
599.11,14.12
599.13,14.7
599.14,15.0
599.16,15.59
599.18,16.18
599.19,16.48
599.21,17.06
599.22,17.34
599.24,17.89
599.26,18.42
599.27,18.67
599.29,19.15
599.31,19.58
599.32,19.79
599.34,20.15
599.36,20.46
599.37,20.6
599.39,20.83
599.41,20.99
599.42,21.05
599.44,21.13
599.46,21.14
599.47,21.13
599.49,21.05
599.51,20.92
599.52,20.84
599.54,20.63
599.55,20.51
599.57,20.23
599.59,19.92
599.6,19.76
599.62,19.41
599.64,19.04
599.65,18.86
599.67,18.49
599.69,18.13
599.7,17.95
599.72,17.63
599.74,17.34
599.75,17.22
599.77,17.01
599.79,16.88
599.8,16.84
599.82,16.82
599.84,16.91
599.85,16.99
599.87,17.25
599.89,17.63
599.9,17.87
599.92,18.46
599.93,18.81
599.95,19.63
599.97,20.61
599.98,21.16
600.0,22.4
600.02,23.81
600.03,24.58
600.05,26.26
600.07,28.12
600.08,29.11
600.1,31.24
600.12,33.53
600.13,34.74
600.15,37.28
600.17,39.97
600.18,41.37
600.2,44.26
600.22,47.27
600.23,48.81
600.25,51.97
600.27,55.19
600.28,56.82
600.3,60.11
600.31,61.76
600.33,65.07
600.35,68.35
600.36,69.97
600.38,73.17
600.4,76.29
600.41,77.8
600.43,80.73
600.45,83.52
600.46,84.84
600.48,87.36
600.5,89.66
600.51,90.73
600.53,92.68
600.55,94.38
600.56,95.13
600.58,96.42
600.6,97.43
600.61,97.82
600.63,98.39
600.65,98.67
600.66,98.69
600.68,98.52
600.69,98.33
600.71,97.73
600.73,96.85
600.74,96.32
600.76,95.05
600.78,93.54
600.79,92.7
600.81,90.86
600.83,88.82
600.84,87.74
600.86,85.45
600.88,83.01
600.89,81.75
600.91,79.15
600.93,76.45
600.94,75.08
600.96,72.3
600.98,69.48
600.99,68.06
601.01,65.23
601.02,63.81
601.04,61.0
601.06,58.22
601.07,56.85
601.09,54.15
601.11,51.52
601.12,50.23
601.14,47.71
601.16,45.28
601.17,44.1
601.19,41.81
601.21,39.62
601.22,38.57
601.24,36.53
601.26,34.6
601.27,33.67
601.29,31.89
601.31,30.2
601.32,29.4
601.34,27.87
601.36,26.42
601.37,25.74
601.39,24.43
601.4,23.81
601.42,22.63
601.44,21.53
601.45,21.01
601.47,20.02
601.49,19.1
601.5,18.67
601.52,17.85
601.54,17.08
601.55,16.73
601.57,16.05
601.59,15.43
601.6,15.13
601.62,14.58
601.64,14.07
601.65,13.84
601.67,13.39
601.69,12.99
601.7,12.8
601.72,12.45
601.74,12.13
601.75,11.99
601.77,11.72
601.78,11.59
601.8,11.37
601.82,11.17
601.83,11.08
601.85,10.92
601.87,10.79
601.88,10.73
601.9,10.63
601.92,10.56
601.93,10.53
601.95,10.5
601.97,10.48
601.98,10.48
602.0,10.51
602.02,10.55
602.03,10.59
602.05,10.67
602.07,10.78
602.08,10.85
602.1,11.0
602.12,11.19
602.13,11.29
602.15,11.52
602.16,11.64
602.18,11.92
602.2,12.22
602.21,12.39
602.23,12.74
602.25,13.13
602.26,13.34
602.28,13.77
602.3,14.24
602.31,14.49
602.33,15.0
602.35,15.54
602.36,15.82
602.38,16.39
602.4,16.99
602.41,17.3
602.43,17.92
602.45,18.55
602.46,18.87
602.48,19.52
602.49,19.84
602.51,20.48
602.53,21.12
602.54,21.43
602.56,22.05
602.58,22.65
602.59,22.93
602.61,23.49
602.63,24.01
602.64,24.26
602.66,24.72
602.68,25.14
602.69,25.33
602.71,25.67
602.73,25.96
602.74,26.08
602.76,26.27
602.78,26.41
602.79,26.45
602.81,26.49
602.83,26.46
602.84,26.42
602.86,26.3
602.87,26.21
602.89,25.99
602.91,25.7
602.92,25.53
602.94,25.15
602.96,24.72
602.97,24.48
602.99,23.97
603.01,23.4
603.02,23.1
603.04,22.48
603.06,21.81
603.07,21.47
603.09,20.75
603.11,20.02
603.12,19.64
603.14,18.88
603.16,18.1
603.17,17.71
603.19,16.92
603.21,16.14
603.22,15.75
603.24,14.97
603.25,14.59
603.27,13.83
603.29,13.09
603.3,12.73
603.32,12.02
603.34,11.34
603.35,11.01
603.37,10.38
603.39,9.779
603.4,9.492
603.42,8.946
603.44,8.438
603.45,8.198
603.47,7.749
603.49,7.341
603.5,7.152
603.52,6.804
603.54,6.498
603.55,6.36
603.57,6.113
603.59,5.906
603.6,5.817
603.62,5.667
603.63,5.606
603.65,5.51
603.67,5.447
603.68,5.428
603.7,5.413
603.72,5.427
603.73,5.444
603.75,5.497
603.77,5.573
603.78,5.62
603.8,5.727
603.82,5.853
603.83,5.921
603.85,6.069
603.87,6.228
603.88,6.312
603.9,6.485
603.92,6.664
603.93,6.756
603.95,6.941
603.96,7.035
603.98,7.221
604.0,7.407
604.01,7.498
604.03,7.678
604.05,7.853
604.06,7.938
604.08,8.102
604.1,8.257
604.11,8.331
604.13,8.471
604.15,8.6
604.16,8.659
604.18,8.77
604.2,8.866
604.21,8.91
604.23,8.986
604.25,9.047
604.26,9.073
604.28,9.112
604.3,9.138
604.31,9.145
604.33,9.148
604.34,9.145
604.36,9.128
604.38,9.097
604.39,9.077
604.41,9.028
604.43,8.967
604.44,8.933
604.46,8.857
604.48,8.773
604.49,8.728
604.51,8.634
604.53,8.534
604.54,8.483
604.56,8.378
604.58,8.273
604.59,8.22
604.61,8.117
604.63,8.016
604.64,7.968
604.66,7.876
604.68,7.791
604.69,7.752
604.71,7.683
604.72,7.652
604.74,7.601
604.76,7.564
604.77,7.551
604.79,7.538
604.81,7.542
604.82,7.551
604.84,7.583
604.86,7.636
604.87,7.67
604.89,7.754
604.91,7.859
604.92,7.92
604.94,8.06
604.96,8.222
604.97,8.311
604.99,8.508
605.01,8.728
605.02,8.847
605.04,9.102
605.06,9.38
605.07,9.527
605.09,9.839
605.1,10.0
605.12,10.35
605.14,10.72
605.15,10.91
605.17,11.3
605.19,11.72
605.2,11.94
605.22,12.38
605.24,12.84
605.25,13.08
605.27,13.56
605.29,14.06
605.3,14.31
605.32,14.83
605.34,15.35
605.35,15.61
605.37,16.13
605.39,16.66
605.4,16.92
605.42,17.45
605.43,17.71
605.45,18.22
605.47,18.72
605.48,18.96
605.5,19.43
605.52,19.89
605.53,20.1
605.55,20.51
605.57,20.89
605.58,21.07
605.6,21.4
605.62,21.68
605.63,21.81
605.65,22.03
605.67,22.2
605.68,22.27
605.7,22.37
605.72,22.41
605.73,22.41
605.75,22.37
605.77,22.28
605.78,22.21
605.8,22.04
605.81,21.93
605.83,21.67
605.85,21.36
605.86,21.19
605.88,20.8
605.9,20.37
605.91,20.14
605.93,19.65
605.95,19.11
605.96,18.84
605.98,18.26
606.0,17.65
606.01,17.34
606.03,16.7
606.05,16.05
606.06,15.72
606.08,15.05
606.1,14.39
606.11,14.05
606.13,13.39
606.15,12.74
606.16,12.42
606.18,11.79
606.19,11.48
606.21,10.89
606.23,10.32
606.24,10.04
606.26,9.518
606.28,9.026
606.29,8.793
606.31,8.355
606.33,7.955
606.34,7.769
606.36,7.428
606.38,7.128
606.39,6.993
606.41,6.753
606.43,6.554
606.44,6.469
606.46,6.328
606.48,6.225
606.49,6.187
606.51,6.137
606.53,6.12
606.54,6.123
606.56,6.151
606.57,6.176
606.59,6.243
606.61,6.334
606.62,6.387
606.64,6.505
606.66,6.639
606.67,6.711
606.69,6.861
606.71,7.019
606.72,7.1
606.74,7.263
606.76,7.425
606.77,7.506
606.79,7.663
606.81,7.812
606.82,7.884
606.84,8.018
606.86,8.141
606.87,8.196
606.89,8.296
606.9,8.34
606.92,8.415
606.94,8.471
606.95,8.493
606.97,8.521
606.99,8.531
607.0,8.529
607.02,8.51
607.04,8.473
607.05,8.448
607.07,8.385
607.09,8.306
607.1,8.261
607.12,8.161
607.14,8.048
607.15,7.988
607.17,7.86
607.19,7.723
607.2,7.653
607.22,7.507
607.24,7.358
607.25,7.282
607.27,7.131
607.28,7.055
607.3,6.904
607.32,6.756
607.33,6.683
607.35,6.54
607.37,6.403
607.38,6.337
607.4,6.21
607.42,6.089
607.43,6.032
607.45,5.923
607.47,5.822
607.48,5.775
607.5,5.687
607.52,5.606
607.53,5.57
607.55,5.502
607.57,5.442
607.58,5.415
607.6,5.367
607.62,5.326
607.63,5.309
607.65,5.28
607.66,5.268
607.68,5.251
607.7,5.242
607.71,5.241
607.73,5.245
607.75,5.259
607.76,5.27
607.78,5.3
607.8,5.342
607.81,5.368
607.83,5.431
607.85,5.509
607.86,5.554
607.88,5.658
607.9,5.782
607.91,5.852
607.93,6.009
607.95,6.19
607.96,6.29
607.98,6.51
608.0,6.76
608.01,6.896
608.03,7.191
608.04,7.351
608.06,7.695
608.08,8.074
608.09,8.277
608.11,8.709
608.13,9.177
608.14,9.425
608.16,9.948
608.18,10.51
608.19,10.8
608.21,11.41
608.23,12.06
608.24,12.39
608.26,13.08
608.28,13.81
608.29,14.18
608.31,14.94
608.33,15.72
608.34,16.12
608.36,16.94
608.37,17.35
608.39,18.18
608.41,19.02
608.42,19.45
608.44,20.29
608.46,21.14
608.47,21.56
608.49,22.39
608.51,23.21
608.52,23.61
608.54,24.4
608.56,25.16
608.57,25.53
608.59,26.25
608.61,26.92
608.62,27.25
608.64,27.86
608.66,28.43
608.67,28.7
608.69,29.19
608.71,29.62
608.72,29.81
608.74,30.16
608.75,30.31
608.77,30.56
608.79,30.75
608.8,30.82
608.82,30.9
608.84,30.93
608.85,30.91
608.87,30.83
608.89,30.69
608.9,30.6
608.92,30.37
608.94,30.08
608.95,29.92
608.97,29.55
608.99,29.14
609.0,28.92
609.02,28.46
609.04,27.97
609.05,27.72
609.07,27.2
609.09,26.69
609.1,26.44
609.12,25.96
609.13,25.73
609.15,25.31
609.17,24.96
609.18,24.82
609.2,24.61
609.22,24.53
609.23,24.55
609.25,24.72
609.27,25.1
609.28,25.39
609.3,26.17
609.32,27.27
609.33,27.96
609.35,29.65
609.37,31.81
609.38,33.09
609.4,36.09
609.42,39.75
609.43,41.85
609.45,46.67
609.46,49.4
609.48,55.6
609.5,62.87
609.51,66.93
609.53,76.02
609.55,86.48
609.56,92.27
609.58,105.1
609.6,119.6
609.61,127.6
609.63,145.0
609.65,164.6
609.66,175.2
609.68,198.2
609.7,223.8
609.71,237.5
609.73,267.1
609.75,299.6
609.76,317.0
609.78,354.0
609.8,394.1
609.81,415.4
609.83,460.3
609.84,484.0
609.86,533.9
609.88,587.0
609.89,614.8
609.91,672.7
609.93,733.7
609.94,765.3
609.96,830.6
609.98,898.5
609.99,933.3
610.01,1005.0
610.03,1078.0
610.04,1115.0
610.06,1190.0
610.08,1266.0
610.09,1304.0
610.11,1381.0
610.13,1457.0
610.14,1495.0
610.16,1569.0
610.18,1642.0
610.19,1677.0
610.21,1746.0
610.22,1779.0
610.24,1843.0
610.26,1902.0
610.27,1931.0
610.29,1983.0
610.31,2030.0
610.32,2051.0
610.34,2089.0
610.36,2121.0
610.37,2134.0
610.39,2156.0
610.41,2170.0
610.42,2175.0
610.44,2178.0
610.46,2174.0
610.47,2170.0
610.49,2155.0
610.51,2133.0
610.52,2120.0
610.54,2088.0
610.56,2049.0
610.57,2028.0
610.59,1981.0
610.6,1955.0
610.62,1900.0
610.64,1840.0
610.65,1809.0
610.67,1743.0
610.69,1674.0
610.7,1639.0
610.72,1566.0
610.74,1492.0
610.75,1454.0
610.77,1378.0
610.79,1302.0
610.8,1264.0
610.82,1188.0
610.84,1113.0
610.85,1076.0
610.87,1004.0
610.89,932.8
610.9,898.2
610.92,830.9
610.93,798.2
610.95,734.9
610.97,674.6
610.98,645.6
611.0,590.0
611.02,537.7
611.03,512.8
611.05,465.6
611.07,421.8
611.08,401.1
611.1,362.4
611.12,327.0
611.13,310.5
611.15,280.0
611.17,252.8
611.18,240.3
611.2,217.8
611.22,198.3
611.23,189.7
611.25,174.7
611.27,162.8
611.28,157.9
611.3,150.4
611.31,147.7
611.33,144.7
611.35,144.8
611.36,146.0
611.38,150.9
611.4,159.2
611.41,164.7
611.43,178.4
611.45,196.0
611.46,206.3
611.48,230.3
611.5,258.8
611.51,275.0
611.53,311.1
611.55,352.7
611.56,375.7
611.58,426.3
611.6,483.5
611.61,514.6
611.63,582.4
611.65,657.7
611.66,698.4
611.68,785.9
611.69,832.9
611.71,933.4
611.73,1043.0
611.74,1101.0
611.76,1225.0
611.78,1358.0
611.79,1429.0
611.81,1577.0
611.83,1734.0
611.84,1817.0
611.86,1989.0
611.88,2170.0
611.89,2264.0
611.91,2457.0
611.93,2659.0
611.94,2762.0
611.96,2974.0
611.98,3191.0
611.99,3301.0
612.01,3524.0
612.03,3750.0
612.04,3864.0
612.06,4091.0
612.07,4204.0
612.09,4428.0
612.11,4649.0
612.12,4758.0
612.14,4970.0
612.16,5175.0
612.17,5274.0
612.19,5463.0
612.21,5640.0
612.22,5723.0
612.24,5879.0
612.26,6019.0
612.27,6083.0
612.29,6196.0
612.31,6290.0
612.32,6330.0
612.34,6394.0
612.36,6437.0
612.37,6451.0
612.39,6461.0
612.4,6459.0
612.42,6437.0
612.44,6394.0
612.45,6364.0
612.47,6290.0
612.49,6195.0
612.5,6141.0
612.52,6018.0
612.54,5878.0
612.55,5802.0
612.57,5638.0
612.59,5461.0
612.6,5368.0
612.62,5173.0
612.64,4968.0
612.65,4863.0
612.67,4647.0
612.69,4426.0
612.7,4314.0
612.72,4088.0
612.74,3861.0
612.75,3748.0
612.77,3522.0
612.78,3410.0
612.8,3188.0
612.82,2971.0
612.83,2865.0
612.85,2656.0
612.87,2454.0
612.88,2357.0
612.9,2167.0
612.92,1986.0
612.93,1899.0
612.95,1731.0
612.97,1573.0
612.98,1498.0
613.0,1355.0
613.02,1221.0
613.03,1158.0
613.05,1038.0
613.07,928.1
613.08,876.4
613.1,779.6
613.12,691.3
613.13,650.1
613.15,573.7
613.16,538.2
613.18,472.7
613.2,413.8
613.21,386.8
613.23,337.1
613.25,292.9
613.26,272.7
613.28,235.9
613.3,203.6
613.31,188.9
613.33,162.4
613.35,139.3
613.36,128.9
613.38,110.2
613.4,94.06
613.41,86.86
613.43,74.0
613.45,63.01
613.46,58.14
613.48,49.51
613.5,42.2
613.51,38.98
613.53,33.31
613.54,30.83
613.56,26.48
613.58,22.84
613.59,21.26
613.61,18.5
613.63,16.21
613.64,15.22
613.66,13.5
613.68,12.09
613.69,11.48
613.71,10.42
613.73,9.557
613.74,9.185
613.76,8.544
613.78,8.018
613.79,7.791
613.81,7.4
613.83,7.077
613.84,6.938
613.86,6.696
613.87,6.592
613.89,6.409
613.91,6.257
613.92,6.191
613.94,6.075
613.96,5.978
613.97,5.936
613.99,5.863
614.01,5.802
614.02,5.776
614.04,5.733
614.06,5.699
614.07,5.685
614.09,5.665
614.11,5.652
614.12,5.649
614.14,5.649
614.16,5.657
614.17,5.663
614.19,5.682
614.21,5.709
614.22,5.726
614.24,5.765
614.25,5.787
614.27,5.839
614.29,5.898
614.3,5.932
614.32,6.005
614.34,6.087
614.35,6.132
614.37,6.229
614.39,6.336
614.4,6.393
614.42,6.516
614.44,6.649
614.45,6.72
614.47,6.87
614.49,7.032
614.5,7.116
614.52,7.295
614.54,7.484
614.55,7.583
614.57,7.79
614.59,8.007
614.6,8.12
614.62,8.354
614.63,8.475
614.65,8.726
614.67,8.987
614.68,9.121
614.7,9.399
614.72,9.689
614.73,9.839
614.75,10.15
614.77,10.48
614.78,10.65
614.8,11.0
614.82,11.39
614.83,11.59
614.85,12.02
614.87,12.5
614.88,12.75
614.9,13.32
614.92,13.95
614.93,14.31
614.95,15.09
614.97,16.01
614.98,16.53
615.0,17.69
615.01,18.35
615.03,19.86
615.05,21.65
615.06,22.67
615.08,25.01
615.1,27.8
615.11,29.39
615.13,33.03
615.15,37.37
615.16,39.85
615.18,45.49
615.2,52.19
615.21,55.99
615.23,64.61
615.25,74.8
615.26,80.55
615.28,93.54
615.3,108.8
615.31,117.3
615.33,136.5
615.34,147.2
615.36,171.3
615.38,199.1
615.39,214.6
615.41,249.0
615.43,288.5
615.44,310.4
615.46,358.7
615.48,413.6
615.49,443.8
615.51,510.1
615.53,584.8
615.54,625.6
615.56,714.6
615.58,814.0
615.59,867.9
615.61,984.7
615.63,1114.0
615.64,1184.0
615.66,1333.0
615.68,1497.0
615.69,1585.0
615.71,1772.0
615.72,1872.0
615.74,2084.0
615.76,2312.0
615.77,2433.0
615.79,2687.0
615.81,2959.0
615.82,3101.0
615.84,3399.0
615.86,3714.0
615.87,3878.0
615.89,4217.0
615.91,4572.0
615.92,4754.0
615.94,5130.0
615.96,5518.0
615.97,5716.0
615.99,6119.0
616.01,6530.0
616.02,6738.0
616.04,7158.0
616.06,7579.0
616.07,7790.0
616.09,8211.0
616.1,8419.0
616.12,8833.0
616.14,9238.0
616.15,9437.0
616.17,9825.0
616.19,10200.0
616.2,10380.0
616.22,10720.0
616.24,11050.0
616.25,11200.0
616.27,11490.0
616.29,11750.0
616.3,11870.0
616.32,12090.0
616.34,12280.0
616.35,12360.0
616.37,12500.0
616.39,12610.0
616.4,12660.0
616.42,12720.0
616.44,12750.0
616.45,12760.0
616.47,12740.0
616.48,12730.0
616.5,12670.0
616.52,12590.0
616.53,12540.0
616.55,12420.0
616.57,12280.0
616.58,12200.0
616.6,12030.0
616.62,11850.0
616.63,11750.0
616.65,11540.0
616.67,11330.0
616.68,11220.0
616.7,10990.0
616.72,10760.0
616.73,10650.0
616.75,10410.0
616.77,10180.0
616.78,10060.0
616.8,9828.0
616.81,9712.0
616.83,9482.0
616.85,9256.0
616.86,9145.0
616.88,8925.0
616.9,8709.0
616.91,8603.0
616.93,8394.0
616.95,8189.0
616.96,8088.0
616.98,7888.0
617.0,7692.0
617.01,7594.0
617.03,7401.0
617.05,7208.0
617.06,7113.0
617.08,6921.0
617.1,6730.0
617.11,6633.0
617.13,6441.0
617.15,6246.0
617.16,6148.0
617.18,5951.0
617.19,5852.0
617.21,5652.0
617.23,5450.0
617.24,5348.0
617.26,5142.0
617.28,4935.0
617.29,4831.0
617.31,4622.0
617.33,4413.0
617.34,4308.0
617.36,4098.0
617.38,3890.0
617.39,3786.0
617.41,3579.0
617.43,3376.0
617.44,3275.0
617.46,3076.0
617.48,2881.0
617.49,2786.0
617.51,2599.0
617.53,2417.0
617.54,2329.0
617.56,2157.0
617.57,2073.0
617.59,1911.0
617.61,1757.0
617.62,1683.0
617.64,1540.0
617.66,1405.0
617.67,1341.0
617.69,1217.0
617.71,1102.0
617.72,1048.0
617.74,944.2
617.76,848.3
617.77,803.2
617.79,718.3
617.81,640.4
617.82,604.0
617.84,536.1
617.86,474.3
617.87,445.7
617.89,392.6
617.91,344.9
617.92,322.9
617.94,282.4
617.95,263.8
617.97,229.8
617.99,199.7
618.0,186.0
618.02,161.1
618.04,139.3
618.05,129.4
618.07,111.6
618.09,96.15
618.1,89.23
618.12,76.84
618.14,66.2
618.15,61.47
618.17,53.09
618.19,45.98
618.2,42.85
618.22,37.36
618.24,32.77
618.25,30.78
618.27,27.33
618.28,25.84
618.3,23.29
618.32,21.24
618.33,20.38
618.35,18.95
618.37,17.84
618.38,17.4
618.4,16.72
618.42,16.25
618.43,16.09
618.45,15.9
618.47,15.86
618.48,15.89
618.5,16.04
618.52,16.29
618.53,16.45
618.55,16.83
618.57,17.28
618.58,17.53
618.6,18.08
618.62,18.68
618.63,19.0
618.65,19.68
618.66,20.04
618.68,20.78
618.7,21.56
618.71,21.96
618.73,22.78
618.75,23.64
618.76,24.08
618.78,24.97
618.8,25.88
618.81,26.34
618.83,27.27
618.85,28.22
618.86,28.69
618.88,29.64
618.9,30.58
618.91,31.05
618.93,31.98
618.95,32.9
618.96,33.35
618.98,34.24
619.0,35.1
619.01,35.52
619.03,36.32
619.04,36.71
619.06,37.46
619.08,38.16
619.09,38.49
619.11,39.11
619.13,39.67
619.14,39.93
619.16,40.4
619.18,40.81
619.19,40.98
619.21,41.29
619.23,41.52
619.24,41.61
619.26,41.73
619.28,41.79
619.29,41.79
619.31,41.73
619.33,41.61
619.34,41.52
619.36,41.3
619.38,41.01
619.39,40.84
619.41,40.46
619.42,40.24
619.44,39.78
619.46,39.26
619.47,38.98
619.49,38.4
619.51,37.77
619.52,37.44
619.54,36.77
619.56,36.06
619.57,35.7
619.59,34.96
619.61,34.21
619.62,33.83
619.64,33.06
619.66,32.28
619.67,31.89
619.69,31.12
619.71,30.35
619.72,29.97
619.74,29.21
619.75,28.83
619.77,28.1
619.79,27.37
619.8,27.02
619.82,26.32
619.84,25.64
619.85,25.3
619.87,24.65
619.89,24.02
619.9,23.71
619.92,23.11
619.94,22.52
619.95,22.23
619.97,21.67
619.99,21.13
620.0,20.86
620.02,20.34
620.04,19.83
620.05,19.58
620.07,19.09
620.09,18.6
620.1,18.36
620.12,17.88
620.13,17.65
620.15,17.18
620.17,16.71
620.18,16.48
620.2,16.02
620.22,15.55
620.23,15.32
620.25,14.86
620.27,14.4
620.28,14.16
620.3,13.7
620.32,13.24
620.33,13.0
620.35,12.54
620.37,12.07
620.38,11.84
620.4,11.38
620.42,10.92
620.43,10.69
620.45,10.24
620.47,9.795
620.48,9.573
620.5,9.136
620.51,8.92
620.53,8.495
620.55,8.08
620.56,7.876
620.58,7.478
620.6,7.091
620.61,6.902
620.63,6.535
620.65,6.182
620.66,6.011
620.68,5.679
620.7,5.363
620.71,5.21
620.73,4.917
620.75,4.638
620.76,4.505
620.78,4.25
620.8,4.01
620.81,3.895
620.83,3.678
620.84,3.574
620.86,3.379
620.88,3.198
620.89,3.113
620.91,2.953
620.93,2.808
620.94,2.741
620.96,2.618
620.98,2.51
620.99,2.462
621.01,2.378
621.03,2.311
621.04,2.285
621.06,2.247
621.08,2.23
621.09,2.231
621.11,2.253
621.13,2.303
621.14,2.341
621.16,2.443
621.18,2.586
621.19,2.675
621.21,2.89
621.22,3.019
621.24,3.324
621.26,3.699
621.27,3.916
621.29,4.416
621.31,5.014
621.32,5.353
621.34,6.122
621.36,7.024
621.37,7.53
621.39,8.662
621.41,9.971
621.42,10.7
621.44,12.31
621.46,14.15
621.47,15.16
621.49,17.39
621.51,19.9
621.52,21.27
621.54,24.26
621.56,27.6
621.57,29.41
621.59,33.32
621.6,35.43
621.62,39.97
621.64,44.97
621.65,47.64
621.67,53.34
621.69,59.54
621.7,62.83
621.72,69.81
621.74,77.32
621.75,81.27
621.77,89.59
621.79,98.43
621.8,103.1
621.82,112.7
621.84,122.8
621.85,128.1
621.87,138.9
621.89,150.2
621.9,156.0
621.92,167.8
621.94,180.0
621.95,186.2
621.97,198.7
621.98,205.0
622.0,217.7
622.02,230.5
622.03,236.8
622.05,249.5
622.07,262.0
622.08,268.1
622.1,280.2
622.12,291.8
622.13,297.5
622.15,308.3
622.17,318.5
622.18,323.4
622.2,332.4
622.22,340.7
622.23,344.4
622.25,351.2
622.27,357.0
622.28,359.5
622.3,363.6
622.31,365.3
622.33,367.7
622.35,368.9
622.36,369.1
622.38,368.5
622.4,366.7
622.41,365.4
622.43,361.9
622.45,357.2
622.46,354.5
622.48,348.2
622.5,341.0
622.51,337.0
622.53,328.4
622.55,319.0
622.56,314.0
622.58,303.5
622.6,292.4
622.61,286.7
622.63,274.9
622.65,262.8
622.66,256.6
622.68,244.1
622.69,237.8
622.71,225.1
622.73,212.5
622.74,206.2
622.76,193.7
622.78,181.4
622.79,175.3
622.81,163.4
622.83,151.9
622.84,146.2
622.86,135.3
622.88,124.8
622.89,119.8
622.91,110.0
622.93,100.8
622.94,96.42
622.96,88.01
622.98,80.14
622.99,76.41
623.01,69.35
623.03,62.82
623.04,59.75
623.06,53.99
623.07,51.3
623.09,46.27
623.11,41.7
623.12,39.58
623.14,35.66
623.16,32.13
623.17,30.51
623.19,27.54
623.21,24.9
623.22,23.69
623.24,21.5
623.26,19.57
623.27,18.7
623.29,17.12
623.31,15.75
623.32,15.14
623.34,14.04
623.36,13.09
623.37,12.66
623.39,11.91
623.41,11.26
623.42,10.98
623.44,10.47
623.45,10.24
623.47,9.835
623.49,9.488
623.5,9.333
623.52,9.054
623.54,8.81
623.55,8.699
623.57,8.495
623.59,8.312
623.6,8.227
623.62,8.067
623.64,7.918
623.65,7.847
623.67,7.71
623.69,7.579
623.7,7.515
623.72,7.392
623.74,7.273
623.75,7.215
623.77,7.102
623.78,7.048
623.8,6.943
623.82,6.845
623.83,6.798
623.85,6.71
623.87,6.632
623.88,6.596
623.9,6.534
623.92,6.484
623.93,6.465
623.95,6.437
623.97,6.426
623.98,6.427
624.0,6.445
624.02,6.484
624.03,6.512
624.05,6.588
624.07,6.689
624.08,6.751
624.1,6.896
624.12,7.074
624.13,7.176
624.15,7.406
624.16,7.535
624.18,7.824
624.2,8.156
624.21,8.338
624.23,8.738
624.25,9.188
624.26,9.432
624.28,9.963
624.3,10.55
624.31,10.87
624.33,11.55
624.35,12.29
624.36,12.69
624.38,13.55
624.4,14.47
624.41,14.96
624.43,16.01
624.45,17.13
624.46,17.73
624.48,18.98
624.5,20.32
624.51,21.02
624.53,22.5
624.54,23.27
624.56,24.88
624.58,26.58
624.59,27.46
624.61,29.28
624.63,31.2
624.64,32.18
624.66,34.21
624.68,36.31
624.69,37.39
624.71,39.58
624.73,41.83
624.74,42.97
624.76,45.27
624.78,47.6
624.79,48.77
624.81,51.11
624.83,53.45
624.84,54.6
624.86,56.9
624.88,59.14
624.89,60.24
624.91,62.38
624.92,63.42
624.94,65.42
624.96,67.31
624.97,68.21
624.99,69.9
625.01,71.44
625.02,72.15
625.04,73.43
625.06,74.53
625.07,75.01
625.09,75.81
625.11,76.41
625.12,76.63
625.14,76.91
625.16,76.97
625.17,76.92
625.19,76.65
625.21,76.18
625.22,75.86
625.24,75.07
625.25,74.6
625.27,73.53
625.29,72.27
625.3,71.57
625.32,70.07
625.34,68.42
625.35,67.55
625.37,65.72
625.39,63.78
625.4,62.79
625.42,60.74
625.44,58.65
625.45,57.59
625.47,55.46
625.49,53.33
625.5,52.28
625.52,50.19
625.54,48.16
625.55,47.17
625.57,45.25
625.59,43.43
625.6,42.56
625.62,40.91
625.63,40.14
625.65,38.7
625.67,37.42
625.68,36.85
625.7,35.82
625.72,34.97
625.73,34.61
625.75,34.05
625.77,33.68
625.78,33.56
625.8,33.49
625.82,33.61
625.83,33.74
625.85,34.15
625.87,34.76
625.88,35.13
625.9,36.01
625.92,37.06
625.93,37.65
625.95,38.95
625.97,40.39
625.98,41.17
626.0,42.81
626.01,43.68
626.03,45.48
626.05,47.38
626.06,48.36
626.08,50.35
626.1,52.4
626.11,53.43
626.13,55.5
626.15,57.57
626.16,58.6
626.18,60.62
626.2,62.6
626.21,63.56
626.23,65.42
626.25,67.18
626.26,68.02
626.28,69.6
626.3,71.04
626.31,71.71
626.33,72.91
626.35,73.95
626.36,74.4
626.38,75.15
626.39,75.46
626.41,75.92
626.43,76.18
626.44,76.23
626.46,76.18
626.48,75.93
626.49,75.72
626.51,75.16
626.53,74.41
626.54,73.96
626.56,72.92
626.58,71.7
626.59,71.03
626.61,69.57
626.63,67.95
626.64,67.09
626.66,65.27
626.68,63.34
626.69,62.34
626.71,60.25
626.72,59.18
626.74,56.99
626.76,54.73
626.77,53.58
626.79,51.27
626.81,48.93
626.82,47.76
626.84,45.41
626.86,43.07
626.87,41.91
626.89,39.61
626.91,37.35
626.92,36.23
626.94,34.04
626.96,31.91
626.97,30.87
626.99,28.84
627.01,26.89
627.02,25.94
627.04,24.11
627.06,22.36
627.07,21.52
627.09,19.91
627.1,19.14
627.12,17.67
627.14,16.29
627.15,15.63
627.17,14.39
627.19,13.25
627.2,12.71
627.22,11.7
627.24,10.77
627.25,10.34
627.27,9.552
627.29,8.843
627.3,8.519
627.32,7.93
627.34,7.419
627.35,7.191
627.37,6.79
627.39,6.458
627.4,6.317
627.42,6.084
627.44,5.912
627.45,5.848
627.47,5.762
627.48,5.74
627.5,5.732
627.52,5.773
627.53,5.81
627.55,5.916
627.57,6.06
627.58,6.146
627.6,6.342
627.62,6.568
627.63,6.69
627.65,6.953
627.67,7.236
627.68,7.383
627.7,7.688
627.72,8.004
627.73,8.164
627.75,8.487
627.77,8.81
627.78,8.97
627.8,9.287
627.82,9.594
627.83,9.743
627.85,10.03
627.86,10.17
627.88,10.43
627.9,10.67
627.91,10.78
627.93,10.98
627.95,11.15
627.96,11.22
627.98,11.35
628.0,11.44
628.01,11.48
628.03,11.52
628.05,11.54
628.06,11.53
628.08,11.49
628.1,11.42
628.11,11.37
628.13,11.25
628.15,11.1
628.16,11.01
628.18,10.82
628.19,10.71
628.21,10.48
628.23,10.22
628.24,10.09
628.26,9.808
628.28,9.511
628.29,9.357
628.31,9.042
628.33,8.718
628.34,8.554
628.36,8.222
628.38,7.89
628.39,7.724
628.41,7.394
628.43,7.069
628.44,6.909
628.46,6.596
628.48,6.293
628.49,6.146
628.51,5.862
628.53,5.592
628.54,5.463
628.56,5.217
628.57,5.101
628.59,4.881
628.61,4.679
628.62,4.585
628.64,4.411
628.66,4.256
628.67,4.185
628.69,4.059
628.71,3.95
628.72,3.903
628.74,3.823
628.76,3.76
628.77,3.735
628.79,3.698
628.81,3.677
628.82,3.672
628.84,3.674
628.86,3.691
628.87,3.705
628.89,3.742
628.91,3.793
628.92,3.823
628.94,3.891
628.95,3.929
628.97,4.013
628.99,4.107
629.0,4.158
629.02,4.265
629.04,4.381
629.05,4.441
629.07,4.567
629.09,4.699
629.1,4.767
629.12,4.907
629.14,5.052
629.15,5.125
629.17,5.275
629.19,5.427
629.2,5.504
629.22,5.659
629.24,5.815
629.25,5.893
629.27,6.05
629.28,6.128
629.3,6.284
629.32,6.439
629.33,6.516
629.35,6.669
629.37,6.82
629.38,6.895
629.4,7.044
629.42,7.19
629.43,7.263
629.45,7.406
629.47,7.548
629.48,7.619
629.5,7.759
629.52,7.899
629.53,7.968
629.55,8.107
629.57,8.247
629.58,8.317
629.6,8.458
629.62,8.602
629.63,8.674
629.65,8.821
629.66,8.896
629.68,9.048
629.7,9.204
629.71,9.284
629.73,9.446
629.75,9.613
629.76,9.698
629.78,9.872
629.8,10.05
629.81,10.14
629.83,10.33
629.85,10.51
629.86,10.61
629.88,10.8
629.9,10.99
629.91,11.09
629.93,11.28
629.95,11.48
629.96,11.57
629.98,11.76
630.0,11.94
630.01,12.03
630.03,12.21
630.04,12.29
630.06,12.45
630.08,12.6
630.09,12.67
630.11,12.8
630.13,12.92
630.14,12.97
630.16,13.07
630.18,13.14
630.19,13.17
630.21,13.22
630.23,13.25
630.24,13.26
630.26,13.26
630.28,13.24
630.29,13.22
630.31,13.17
630.33,13.1
630.34,13.05
630.36,12.95
630.38,12.83
630.39,12.76
630.41,12.61
630.42,12.52
630.44,12.34
630.46,12.15
630.47,12.04
630.49,11.82
630.51,11.59
630.52,11.47
630.54,11.21
630.56,10.94
630.57,10.81
630.59,10.52
630.61,10.23
630.62,10.08
630.64,9.78
630.66,9.471
630.67,9.315
630.69,9.0
630.71,8.683
630.72,8.523
630.74,8.203
630.75,8.043
630.77,7.724
630.79,7.407
630.8,7.249
630.82,6.936
630.84,6.628
630.85,6.476
630.87,6.176
630.89,5.882
630.9,5.739
630.92,5.457
630.94,5.184
630.95,5.051
630.97,4.793
630.99,4.545
631.0,4.426
631.02,4.194
631.04,3.975
631.05,3.87
631.07,3.668
631.09,3.479
631.1,3.39
631.12,3.22
631.13,3.139
631.15,2.988
631.17,2.85
631.18,2.785
631.2,2.665
631.22,2.558
631.23,2.508
631.25,2.418
631.27,2.339
631.28,2.303
631.3,2.24
631.32,2.187
631.33,2.163
631.35,2.124
631.37,2.093
631.38,2.08
631.4,2.061
631.42,2.048
631.43,2.044
631.45,2.041
631.47,2.043
631.48,2.045
631.5,2.054
631.51,2.06
631.53,2.074
631.55,2.091
631.56,2.101
631.58,2.121
631.6,2.144
631.61,2.156
631.63,2.18
631.65,2.205
631.66,2.218
631.68,2.244
631.7,2.27
631.71,2.283
631.73,2.31
631.75,2.336
631.76,2.349
631.78,2.375
631.8,2.402
631.81,2.415
631.83,2.442
631.85,2.469
631.86,2.483
631.88,2.511
631.89,2.526
631.91,2.557
631.93,2.59
631.94,2.607
631.96,2.644
631.98,2.684
631.99,2.706
632.01,2.752
632.03,2.802
632.04,2.83
632.06,2.888
632.08,2.954
632.09,2.989
632.11,3.064
632.13,3.147
632.14,3.191
632.16,3.286
632.18,3.389
632.19,3.443
632.21,3.559
632.22,3.621
632.24,3.75
632.26,3.888
632.27,3.96
632.29,4.11
632.31,4.269
632.32,4.351
632.34,4.519
632.36,4.694
632.37,4.784
632.39,4.966
632.41,5.152
632.42,5.245
632.44,5.434
632.46,5.623
632.47,5.717
632.49,5.903
632.51,6.085
632.52,6.175
632.54,6.349
632.56,6.515
632.57,6.594
632.59,6.746
632.6,6.817
632.62,6.951
632.64,7.07
632.65,7.124
632.67,7.221
632.69,7.301
632.7,7.334
632.72,7.388
632.74,7.423
632.75,7.434
632.77,7.441
632.79,7.429
632.8,7.416
632.82,7.377
632.84,7.32
632.85,7.285
632.87,7.203
632.89,7.106
632.9,7.052
632.92,6.934
632.94,6.804
632.95,6.735
632.97,6.591
632.98,6.516
633.0,6.361
633.02,6.202
633.03,6.121
633.05,5.958
633.07,5.796
633.08,5.716
633.1,5.558
633.12,5.405
633.13,5.33
633.15,5.188
633.17,5.054
633.18,4.991
633.2,4.873
633.22,4.766
633.23,4.718
633.25,4.631
633.27,4.557
633.28,4.525
633.3,4.473
633.32,4.434
633.33,4.419
633.35,4.401
633.36,4.396
633.38,4.397
633.4,4.409
633.41,4.419
633.43,4.447
633.45,4.485
633.46,4.506
633.48,4.555
633.5,4.609
633.51,4.638
633.53,4.698
633.55,4.761
633.56,4.792
633.58,4.855
633.6,4.917
633.61,4.946
633.63,5.003
633.65,5.055
633.66,5.079
633.68,5.122
633.69,5.141
633.71,5.174
633.73,5.199
633.74,5.208
633.76,5.221
633.78,5.226
633.79,5.226
633.81,5.219
633.83,5.206
633.84,5.197
633.86,5.175
633.88,5.148
633.89,5.133
633.91,5.103
633.93,5.071
633.94,5.056
633.96,5.028
633.98,5.004
633.99,4.994
634.01,4.981
634.03,4.978
634.04,4.981
634.06,4.998
634.07,5.013
634.09,5.056
634.11,5.12
634.12,5.16
634.14,5.259
634.16,5.385
634.17,5.459
634.19,5.629
634.21,5.831
634.22,5.944
634.24,6.197
634.26,6.487
634.27,6.645
634.29,6.991
634.31,7.375
634.32,7.581
634.34,8.024
634.36,8.504
634.37,8.759
634.39,9.296
634.41,9.869
634.42,10.17
634.44,10.79
634.45,11.12
634.47,11.79
634.49,12.48
634.5,12.84
634.52,13.57
634.54,14.32
634.55,14.7
634.57,15.47
634.59,16.24
634.6,16.63
634.62,17.41
634.64,18.18
634.65,18.56
634.67,19.31
634.69,20.04
634.7,20.4
634.72,21.09
634.74,21.75
634.75,22.06
634.77,22.67
634.79,23.22
634.8,23.48
634.82,23.97
634.83,24.19
634.85,24.59
634.87,24.93
634.88,25.08
634.9,25.33
634.92,25.51
634.93,25.58
634.95,25.67
634.97,25.7
634.98,25.68
635.0,25.61
635.02,25.47
635.03,25.38
635.05,25.16
635.07,24.87
635.08,24.71
635.1,24.35
635.12,23.93
635.13,23.71
635.15,23.23
635.16,22.97
635.18,22.44
635.2,21.87
635.21,21.58
635.23,20.97
635.25,20.35
635.26,20.03
635.28,19.38
635.3,18.73
635.31,18.4
635.33,17.74
635.35,17.08
635.36,16.76
635.38,16.11
635.4,15.48
635.41,15.16
635.43,14.55
635.45,13.96
635.46,13.67
635.48,13.11
635.5,12.57
635.51,12.31
635.53,11.81
635.54,11.57
635.56,11.11
635.58,10.68
635.59,10.47
635.61,10.08
635.63,9.711
635.64,9.536
635.66,9.207
635.68,8.901
635.69,8.757
635.71,8.486
635.73,8.237
635.74,8.12
635.76,7.9
635.78,7.697
635.79,7.603
635.81,7.424
635.83,7.26
635.84,7.182
635.86,7.036
635.88,6.9
635.89,6.835
635.91,6.711
635.92,6.652
635.94,6.538
635.96,6.429
635.97,6.375
635.99,6.271
636.01,6.169
636.02,6.118
636.04,6.017
636.06,5.917
636.07,5.866
636.09,5.765
636.11,5.662
636.12,5.611
636.14,5.506
636.16,5.4
636.17,5.346
636.19,5.237
636.21,5.127
636.22,5.072
636.24,4.96
636.26,4.847
636.27,4.791
636.29,4.678
636.3,4.622
636.32,4.511
636.34,4.401
636.35,4.347
636.37,4.241
636.39,4.138
636.4,4.088
636.42,3.991
636.44,3.9
636.45,3.856
636.47,3.773
636.49,3.697
636.5,3.662
636.52,3.597
636.54,3.54
636.55,3.514
636.57,3.47
636.59,3.434
636.6,3.419
636.62,3.396
636.63,3.388
636.65,3.379
636.67,3.378
636.68,3.38
636.7,3.391
636.72,3.41
636.73,3.421
636.75,3.45
636.77,3.484
636.78,3.504
636.8,3.545
636.82,3.59
636.83,3.614
636.85,3.663
636.87,3.712
636.88,3.737
636.9,3.787
636.92,3.834
636.93,3.857
636.95,3.901
636.97,3.94
636.98,3.958
637.0,3.989
637.01,4.002
637.03,4.023
637.05,4.037
637.06,4.041
637.08,4.042
637.1,4.035
637.11,4.028
637.13,4.006
637.15,3.975
637.16,3.956
637.18,3.911
637.2,3.857
637.21,3.826
637.23,3.759
637.25,3.682
637.26,3.641
637.28,3.553
637.3,3.459
637.31,3.409
637.33,3.305
637.35,3.196
637.36,3.14
637.38,3.025
637.39,2.967
637.41,2.848
637.43,2.729
637.44,2.669
637.46,2.549
637.48,2.43
637.49,2.372
637.51,2.257
637.53,2.145
637.54,2.091
637.56,1.987
637.58,1.889
637.59,1.842
637.61,1.754
637.63,1.674
637.64,1.637
637.66,1.57
637.68,1.512
637.69,1.487
637.71,1.446
637.73,1.415
637.74,1.404
637.76,1.391
637.77,1.389
637.79,1.395
637.81,1.413
637.82,1.428
637.84,1.467
637.86,1.519
637.87,1.551
637.89,1.625
637.91,1.713
637.92,1.763
637.94,1.873
637.96,1.999
637.97,2.067
637.99,2.215
638.01,2.377
638.02,2.464
638.04,2.649
638.06,2.849
638.07,2.954
638.09,3.176
638.1,3.293
638.12,3.537
638.14,3.795
638.15,3.93
638.17,4.211
638.19,4.506
638.2,4.659
638.22,4.976
638.24,5.308
638.25,5.479
638.27,5.834
638.29,6.205
638.3,6.396
638.32,6.792
638.34,7.205
638.35,7.419
638.37,7.86
638.39,8.322
638.4,8.562
638.42,9.058
638.44,9.578
638.45,9.849
638.47,10.41
638.48,10.7
638.5,11.31
638.52,11.95
638.53,12.29
638.55,12.99
638.57,13.73
638.58,14.11
638.6,14.92
638.62,15.78
638.63,16.22
638.65,17.16
638.67,18.15
638.68,18.67
638.7,19.75
638.72,20.89
638.73,21.48
638.75,22.72
638.77,24.03
638.78,24.71
638.8,26.11
638.82,27.59
638.83,28.35
638.85,29.92
638.86,30.74
638.88,32.41
638.9,34.15
638.91,35.04
638.93,36.86
638.95,38.74
638.96,39.7
638.98,41.64
639.0,43.63
639.01,44.64
639.03,46.68
639.05,48.74
639.06,49.78
639.08,51.86
639.1,53.94
639.11,54.98
639.13,57.04
639.15,59.09
639.16,60.1
639.18,62.09
639.19,63.07
639.21,64.98
639.23,66.83
639.24,67.73
639.26,69.47
639.28,71.11
639.29,71.9
639.31,73.39
639.33,74.76
639.34,75.4
639.36,76.59
639.38,77.64
639.39,78.12
639.41,78.95
639.43,79.64
639.44,79.92
639.46,80.37
639.48,80.66
639.49,80.74
639.51,80.78
639.53,80.66
639.54,80.54
639.56,80.18
639.57,79.93
639.59,79.33
639.61,78.58
639.62,78.14
639.64,77.17
639.66,76.05
639.67,75.45
639.69,74.15
639.71,72.73
639.72,71.98
639.74,70.4
639.76,68.73
639.77,67.87
639.79,66.09
639.81,64.25
639.82,63.31
639.84,61.39
639.86,59.44
639.87,58.46
639.89,56.48
639.91,54.49
639.92,53.5
639.94,51.53
639.95,50.54
639.97,48.6
639.99,46.68
640.0,45.74
640.02,43.88
640.04,42.07
640.05,41.18
640.07,39.45
640.09,37.79
640.1,36.97
640.12,35.4
640.14,33.9
640.15,33.18
640.17,31.78
640.19,30.46
640.2,29.83
640.22,28.62
640.24,27.49
640.25,26.95
640.27,25.94
640.29,25.0
640.3,24.56
640.32,23.74
640.33,23.36
640.35,22.65
640.37,22.03
640.38,21.74
640.4,21.23
640.42,20.81
640.43,20.62
640.45,20.32
640.47,20.09
640.48,20.01
640.5,19.91
640.52,19.89
640.53,19.92
640.55,20.03
640.57,20.23
640.58,20.36
640.6,20.69
640.62,21.1
640.63,21.34
640.65,21.89
640.66,22.19
640.68,22.86
640.7,23.61
640.71,24.02
640.73,24.89
640.75,25.84
640.76,26.34
640.78,27.39
640.8,28.5
640.81,29.07
640.83,30.27
640.85,31.5
640.86,32.14
640.88,33.42
640.9,34.73
640.91,35.39
640.93,36.72
640.95,38.04
640.96,38.7
640.98,40.0
641.0,41.26
641.01,41.88
641.03,43.08
641.04,43.66
641.06,44.76
641.08,45.79
641.09,46.27
641.11,47.17
641.13,47.96
641.14,48.32
641.16,48.94
641.18,49.45
641.19,49.65
641.21,49.97
641.23,50.15
641.24,50.19
641.26,50.16
641.28,50.0
641.29,49.86
641.31,49.49
641.33,48.98
641.34,48.67
641.36,47.97
641.38,47.13
641.39,46.67
641.41,45.66
641.42,45.12
641.44,43.95
641.46,42.69
641.47,42.03
641.49,40.65
641.51,39.19
641.52,38.44
641.54,36.91
641.56,35.33
641.57,34.53
641.59,32.9
641.61,31.27
641.62,30.44
641.64,28.8
641.66,27.17
641.67,26.36
641.69,24.76
641.71,23.18
641.72,22.41
641.74,20.9
641.76,19.43
641.77,18.72
641.79,17.33
641.8,16.66
641.82,15.36
641.84,14.12
641.85,13.52
641.87,12.38
641.89,11.31
641.9,10.8
641.92,9.821
641.94,8.911
641.95,8.481
641.97,7.668
641.99,6.917
642.0,6.564
642.02,5.902
642.04,5.297
642.05,5.015
642.07,4.49
642.09,4.014
642.1,3.794
642.12,3.388
642.13,3.201
642.15,2.857
642.17,2.553
642.18,2.414
642.2,2.163
642.22,1.945
642.23,1.848
642.25,1.676
642.27,1.532
642.28,1.471
642.3,1.37
642.32,1.296
642.33,1.269
642.35,1.237
642.37,1.234
642.38,1.244
642.4,1.29
642.42,1.374
642.43,1.43
642.45,1.579
642.47,1.779
642.48,1.901
642.5,2.198
642.51,2.374
642.53,2.795
642.55,3.318
642.56,3.625
642.58,4.344
642.6,5.225
642.61,5.737
642.63,6.926
642.65,8.371
642.66,9.205
642.68,11.13
642.7,13.46
642.71,14.8
642.73,17.87
642.75,21.56
642.76,23.66
642.78,28.49
642.8,34.24
642.81,37.51
642.83,44.96
642.85,53.79
642.86,58.79
642.88,70.11
642.89,76.5
642.91,90.92
642.93,107.8
642.94,117.3
642.96,138.6
642.98,163.4
642.99,177.2
643.01,208.1
643.03,243.7
643.04,263.4
643.06,307.3
643.08,357.5
643.09,385.2
643.11,446.3
643.13,515.7
643.14,553.7
643.16,637.1
643.18,731.0
643.19,782.1
643.21,893.6
643.23,1018.0
643.24,1085.0
643.26,1231.0
643.27,1310.0
643.29,1479.0
643.31,1666.0
643.32,1766.0
643.34,1980.0
643.36,2213.0
643.37,2337.0
643.39,2601.0
643.41,2886.0
643.42,3037.0
643.44,3355.0
643.46,3695.0
643.47,3873.0
643.49,4247.0
643.51,4643.0
643.52,4849.0
643.54,5277.0
643.56,5726.0
643.57,5957.0
643.59,6435.0
643.6,6680.0
643.62,7183.0
643.64,7701.0
643.65,7965.0
643.67,8500.0
643.69,9044.0
643.7,9319.0
643.72,9870.0
643.74,10420.0
643.75,10700.0
643.77,11250.0
643.79,11790.0
643.8,12050.0
643.82,12580.0
643.84,13080.0
643.85,13330.0
643.87,13800.0
643.89,14250.0
643.9,14460.0
643.92,14860.0
643.94,15220.0
643.95,15390.0
643.97,15700.0
643.98,15840.0
644.0,16080.0
644.02,16270.0
644.03,16360.0
644.05,16480.0
644.07,16560.0
644.08,16580.0
644.1,16580.0
644.12,16530.0
644.13,16490.0
644.15,16370.0
644.17,16200.0
644.18,16100.0
644.2,15860.0
644.22,15580.0
644.23,15430.0
644.25,15090.0
644.27,14720.0
644.28,14520.0
644.3,14090.0
644.32,13650.0
644.33,13410.0
644.35,12930.0
644.36,12690.0
644.38,12180.0
644.4,11660.0
644.41,11400.0
644.43,10870.0
644.45,10350.0
644.46,10080.0
644.48,9556.0
644.5,9038.0
644.51,8782.0
644.53,8279.0
644.55,7789.0
644.56,7550.0
644.58,7085.0
644.6,6638.0
644.61,6423.0
644.63,6007.0
644.65,5614.0
644.66,5426.0
644.68,5068.0
644.7,4733.0
644.71,4574.0
644.73,4275.0
644.74,4134.0
644.76,3870.0
644.78,3629.0
644.79,3516.0
644.81,3307.0
644.83,3119.0
644.84,3033.0
644.86,2873.0
644.88,2732.0
644.89,2667.0
644.91,2550.0
644.93,2447.0
644.94,2400.0
644.96,2316.0
644.98,2243.0
644.99,2211.0
645.01,2152.0
645.03,2101.0
645.04,2078.0
645.06,2037.0
645.07,2018.0
645.09,1985.0
645.11,1954.0
645.12,1940.0
645.14,1915.0
645.16,1891.0
645.17,1879.0
645.19,1857.0
645.21,1836.0
645.22,1825.0
645.24,1805.0
645.26,1785.0
645.27,1775.0
645.29,1755.0
645.31,1736.0
645.32,1727.0
645.34,1709.0
645.36,1693.0
645.37,1685.0
645.39,1671.0
645.41,1660.0
645.42,1656.0
645.44,1650.0
645.45,1648.0
645.47,1649.0
645.49,1655.0
645.5,1660.0
645.52,1676.0
645.54,1699.0
645.55,1714.0
645.57,1750.0
645.59,1796.0
645.6,1823.0
645.62,1885.0
645.64,1959.0
645.65,2001.0
645.67,2094.0
645.69,2201.0
645.7,2260.0
645.72,2390.0
645.74,2535.0
645.75,2613.0
645.77,2783.0
645.79,2968.0
645.8,3067.0
645.82,3278.0
645.83,3390.0
645.85,3626.0
645.87,3879.0
645.88,4011.0
645.9,4288.0
645.92,4580.0
645.93,4731.0
645.95,5044.0
645.97,5369.0
645.98,5537.0
646.0,5878.0
646.02,6229.0
646.03,6407.0
646.05,6768.0
646.07,7132.0
646.08,7315.0
646.1,7681.0
646.12,8046.0
646.13,8226.0
646.15,8583.0
646.17,8932.0
646.18,9103.0
646.2,9434.0
646.21,9595.0
646.23,9903.0
646.25,10190.0
646.26,10330.0
646.28,10590.0
646.3,10820.0
646.31,10930.0
646.33,11120.0
646.35,11280.0
646.36,11360.0
646.38,11470.0
646.4,11560.0
646.41,11590.0
646.43,11630.0
646.45,11630.0
646.46,11620.0
646.48,11570.0
646.5,11490.0
646.51,11440.0
646.53,11320.0
646.54,11240.0
646.56,11070.0
646.58,10870.0
646.59,10760.0
646.61,10530.0
646.63,10270.0
646.64,10140.0
646.66,9848.0
646.68,9545.0
646.69,9388.0
646.71,9065.0
646.73,8733.0
646.74,8564.0
646.76,8221.0
646.78,7876.0
646.79,7702.0
646.81,7356.0
646.83,7013.0
646.84,6843.0
646.86,6507.0
646.88,6178.0
646.89,6017.0
646.91,5702.0
646.92,5549.0
646.94,5252.0
646.96,4967.0
646.97,4830.0
646.99,4565.0
647.01,4315.0
647.02,4195.0
647.04,3967.0
647.06,3753.0
647.07,3651.0
647.09,3458.0
647.11,3280.0
647.12,3195.0
647.14,3036.0
647.16,2889.0
647.17,2820.0
647.19,2690.0
647.21,2571.0
647.22,2515.0
647.24,2409.0
647.26,2312.0
647.27,2266.0
647.29,2179.0
647.3,2138.0
647.32,2059.0
647.34,1986.0
647.35,1950.0
647.37,1883.0
647.39,1818.0
647.4,1786.0
647.42,1725.0
647.44,1666.0
647.45,1636.0
647.47,1578.0
647.49,1521.0
647.5,1493.0
647.52,1437.0
647.54,1381.0
647.55,1353.0
647.57,1297.0
647.59,1241.0
647.6,1214.0
647.62,1158.0
647.64,1103.0
647.65,1076.0
647.67,1021.0
647.68,993.8
647.7,940.0
647.72,886.9
647.73,860.7
647.75,809.1
647.77,758.6
647.78,733.8
647.8,685.3
647.82,638.3
647.83,615.3
647.85,570.8
647.87,528.0
647.88,507.2
647.9,467.3
647.92,429.2
647.93,411.0
647.95,376.0
647.97,343.0
647.98,327.3
648.0,297.5
648.01,283.3
648.03,256.5
648.05,231.7
648.06,220.0
648.08,198.1
648.1,178.1
648.11,168.8
648.13,151.5
648.15,136.0
648.16,128.9
648.18,115.9
648.2,104.6
648.21,99.47
648.23,90.45
648.25,82.97
648.26,79.79
648.28,74.56
648.3,70.84
648.31,69.54
648.33,68.1
648.35,68.23
648.36,68.91
648.38,71.52
648.39,73.48
648.41,78.77
648.43,86.02
648.44,90.42
648.46,100.9
648.48,113.7
648.49,121.1
648.51,137.9
648.53,157.8
648.54,168.9
648.56,193.7
648.58,222.4
648.59,238.2
648.61,273.1
648.63,312.8
648.64,334.5
648.66,382.0
648.68,435.3
648.69,464.2
648.71,527.0
648.73,596.8
648.74,634.4
648.76,715.5
648.77,759.1
648.79,852.5
648.81,954.7
648.82,1009.0
648.84,1125.0
648.86,1251.0
648.87,1318.0
648.89,1459.0
648.91,1610.0
648.92,1690.0
648.94,1857.0
648.96,2035.0
648.97,2127.0
648.99,2321.0
649.01,2524.0
649.02,2629.0
649.04,2847.0
649.06,3074.0
649.07,3191.0
649.09,3430.0
649.11,3676.0
649.12,3802.0
649.14,4057.0
649.15,4187.0
649.17,4448.0
649.19,4712.0
649.2,4845.0
649.22,5110.0
649.24,5374.0
649.25,5505.0
649.27,5765.0
649.29,6019.0
649.3,6144.0
649.32,6388.0
649.34,6622.0
649.35,6735.0
649.37,6953.0
649.39,7157.0
649.4,7253.0
649.42,7435.0
649.44,7600.0
649.45,7676.0
649.47,7814.0
649.48,7876.0
649.5,7984.0
649.52,8073.0
649.53,8109.0
649.55,8166.0
649.57,8201.0
649.58,8211.0
649.6,8214.0
649.62,8196.0
649.63,8180.0
649.65,8131.0
649.67,8062.0
649.68,8021.0
649.7,7924.0
649.72,7810.0
649.73,7747.0
649.75,7609.0
649.77,7456.0
649.78,7375.0
649.8,7203.0
649.82,7020.0
649.83,6924.0
649.85,6728.0
649.86,6626.0
649.88,6419.0
649.9,6206.0
649.91,6098.0
649.93,5879.0
649.95,5659.0
649.96,5548.0
649.98,5327.0
650.0,5106.0
650.01,4996.0
650.03,4778.0
650.05,4563.0
650.06,4457.0
650.08,4248.0
650.1,4043.0
650.11,3942.0
650.13,3745.0
650.15,3554.0
650.16,3460.0
650.18,3278.0
650.2,3101.0
650.21,3016.0
650.23,2849.0
650.24,2768.0
650.26,2610.0
650.28,2459.0
650.29,2386.0
650.31,2244.0
650.33,2109.0
650.34,2043.0
650.36,1917.0
650.38,1796.0
650.39,1738.0
650.41,1626.0
650.43,1519.0
650.44,1467.0
650.46,1368.0
650.48,1274.0
650.49,1229.0
650.51,1143.0
650.53,1061.0
650.54,1021.0
650.56,946.3
650.57,910.3
650.59,841.5
650.61,776.9
650.62,746.0
650.64,687.3
650.66,632.3
650.67,606.2
650.69,556.6
650.71,510.5
650.72,488.6
650.74,447.3
650.76,409.1
650.77,391.1
650.79,357.2
650.81,326.0
650.82,311.3
650.84,283.9
650.86,258.8
650.87,247.1
650.89,225.2
650.91,205.3
650.92,196.1
650.94,178.9
650.95,170.9
650.97,156.2
650.99,142.8
651.0,136.6
651.02,125.2
651.04,114.9
651.05,110.2
651.07,101.4
651.09,93.52
651.1,89.88
651.12,83.14
651.14,77.07
651.15,74.26
651.17,69.05
651.19,64.33
651.2,62.13
651.22,58.04
651.24,54.31
651.25,52.56
651.27,49.29
651.29,46.27
651.3,44.85
651.32,42.16
651.33,40.89
651.35,38.48
651.37,36.24
651.38,35.17
651.4,33.14
651.42,31.24
651.43,30.33
651.45,28.6
651.47,26.98
651.48,26.21
651.5,24.74
651.52,23.37
651.53,22.72
651.55,21.48
651.57,20.34
651.58,19.8
651.6,18.78
651.62,17.85
651.63,17.41
651.65,16.59
651.67,15.86
651.68,15.51
651.7,14.89
651.71,14.6
651.73,14.07
651.75,13.6
651.76,13.39
651.78,13.02
651.8,12.69
651.81,12.54
651.83,12.29
651.85,12.07
651.86,11.98
651.88,11.81
651.9,11.67
651.91,11.61
651.93,11.51
651.95,11.42
651.96,11.38
651.98,11.31
652.0,11.24
652.01,11.21
652.03,11.14
652.04,11.1
652.06,11.03
652.08,10.94
652.09,10.89
652.11,10.79
652.13,10.67
652.14,10.61
652.16,10.47
652.18,10.31
652.19,10.22
652.21,10.04
652.23,9.835
652.24,9.726
652.26,9.495
652.28,9.248
652.29,9.118
652.31,8.847
652.33,8.562
652.34,8.414
652.36,8.111
652.38,7.797
652.39,7.637
652.41,7.312
652.42,7.147
652.44,6.815
652.46,6.479
652.47,6.311
652.49,5.975
652.51,5.641
652.52,5.476
652.54,5.148
652.56,4.826
652.57,4.667
652.59,4.357
652.61,4.056
652.62,3.909
652.64,3.624
652.66,3.35
652.67,3.218
652.69,2.963
652.71,2.722
652.72,2.606
652.74,2.385
652.76,2.178
652.77,2.08
652.79,1.894
652.8,1.806
652.82,1.642
652.84,1.491
652.85,1.421
652.87,1.29
652.89,1.174
652.9,1.12
652.92,1.023
652.94,0.9389
652.95,0.9015
652.97,0.8361
652.99,0.7829
653.0,0.7608
653.02,0.7257
653.04,0.7025
653.05,0.6954
653.07,0.69
653.09,0.6965
653.1,0.7043
653.12,0.7289
653.14,0.7657
653.15,0.7888
653.17,0.8444
653.18,0.8771
653.2,0.9524
653.22,1.041
653.23,1.091
653.25,1.201
653.27,1.326
653.28,1.394
653.3,1.542
653.32,1.706
653.33,1.795
653.35,1.984
653.37,2.191
653.38,2.301
653.4,2.535
653.42,2.788
653.43,2.922
653.45,3.203
653.47,3.504
653.48,3.662
653.5,3.992
653.51,4.165
653.53,4.524
653.55,4.904
653.56,5.101
653.58,5.509
653.6,5.936
653.61,6.157
653.63,6.611
653.65,7.082
653.66,7.323
653.68,7.818
653.7,8.328
653.71,8.587
653.73,9.116
653.75,9.657
653.76,9.931
653.78,10.48
653.8,11.05
653.81,11.33
653.83,11.9
653.85,12.47
653.86,12.76
653.88,13.33
653.89,13.62
653.91,14.19
653.93,14.75
653.94,15.03
653.96,15.58
653.98,16.13
653.99,16.39
654.01,16.92
654.03,17.43
654.04,17.67
654.06,18.16
654.08,18.62
654.09,18.84
654.11,19.26
654.13,19.66
654.14,19.85
654.16,20.21
654.18,20.54
654.19,20.69
654.21,20.97
654.23,21.22
654.24,21.33
654.26,21.52
654.27,21.6
654.29,21.73
654.31,21.83
654.32,21.86
654.34,21.9
654.36,21.89
654.37,21.87
654.39,21.8
654.41,21.69
654.42,21.62
654.44,21.44
654.46,21.22
654.47,21.1
654.49,20.82
654.51,20.51
654.52,20.34
654.54,19.96
654.56,19.56
654.57,19.34
654.59,18.88
654.61,18.4
654.62,18.14
654.64,17.61
654.65,17.34
654.67,16.78
654.69,16.2
654.7,15.9
654.72,15.29
654.74,14.68
654.75,14.37
654.77,13.74
654.79,13.1
654.8,12.79
654.82,12.15
654.84,11.52
654.85,11.21
654.87,10.59
654.89,9.975
654.9,9.674
654.92,9.082
654.94,8.506
654.95,8.224
654.97,7.674
654.98,7.406
655.0,6.887
655.02,6.389
655.03,6.148
655.05,5.684
655.07,5.244
655.08,5.033
655.1,4.628
655.12,4.249
655.13,4.068
655.15,3.724
655.17,3.405
655.18,3.254
655.2,2.969
655.22,2.707
655.23,2.584
655.25,2.354
655.27,2.145
655.28,2.047
655.3,1.866
655.32,1.703
655.33,1.628
655.35,1.49
655.36,1.427
655.38,1.311
655.4,1.209
655.41,1.162
655.43,1.078
655.45,1.005
655.46,0.9721
655.48,0.9135
655.5,0.8633
655.51,0.8411
655.53,0.802
655.55,0.7693
655.56,0.7551
655.58,0.7306
655.6,0.7107
655.61,0.7023
655.63,0.6883
655.65,0.6774
655.66,0.6731
655.68,0.6662
655.7,0.6616
655.71,0.66
655.73,0.6581
655.74,0.6577
655.76,0.658
655.78,0.6595
655.79,0.6607
655.81,0.6639
655.83,0.6681
655.84,0.6706
655.86,0.6764
655.88,0.6834
655.89,0.6873
655.91,0.6962
655.93,0.7064
655.94,0.7122
655.96,0.7249
655.98,0.7397
655.99,0.7478
656.01,0.7659
656.03,0.7867
656.04,0.7981
656.06,0.8234
656.08,0.852
656.09,0.8677
656.11,0.9022
656.12,0.9209
656.14,0.9619
656.16,1.008
656.17,1.032
656.19,1.086
656.21,1.145
656.22,1.177
656.24,1.245
656.26,1.32
656.27,1.36
656.29,1.444
656.31,1.536
656.32,1.584
656.34,1.686
656.36,1.794
656.37,1.851
656.39,1.97
656.41,2.096
656.42,2.161
656.44,2.297
656.45,2.367
656.47,2.511
656.49,2.661
656.5,2.737
656.52,2.894
656.54,3.054
656.55,3.136
656.57,3.3
656.59,3.467
656.6,3.55
656.62,3.717
656.64,3.884
656.65,3.967
656.67,4.131
656.69,4.291
656.7,4.37
656.72,4.524
656.74,4.671
656.75,4.743
656.77,4.88
656.79,5.009
656.8,5.07
656.82,5.185
656.83,5.239
656.85,5.339
656.87,5.428
656.88,5.468
656.9,5.54
656.92,5.6
656.93,5.625
656.95,5.668
656.97,5.7
656.98,5.712
657.0,5.727
657.02,5.733
657.03,5.733
657.05,5.726
657.07,5.712
657.08,5.702
657.1,5.68
657.12,5.653
657.13,5.639
657.15,5.611
657.17,5.582
657.18,5.569
657.2,5.545
657.21,5.535
657.23,5.519
657.25,5.511
657.26,5.511
657.28,5.519
657.3,5.539
657.31,5.555
657.33,5.597
657.35,5.657
657.36,5.693
657.38,5.779
657.4,5.885
657.41,5.946
657.43,6.083
657.45,6.241
657.46,6.328
657.48,6.518
657.5,6.73
657.51,6.844
657.53,7.086
657.55,7.348
657.56,7.486
657.58,7.775
657.59,7.926
657.61,8.238
657.63,8.563
657.64,8.73
657.66,9.07
657.68,9.418
657.69,9.593
657.71,9.946
657.73,10.3
657.74,10.47
657.76,10.82
657.78,11.16
657.79,11.32
657.81,11.64
657.83,11.95
657.84,12.09
657.86,12.37
657.88,12.62
657.89,12.74
657.91,12.95
657.92,13.04
657.94,13.21
657.96,13.35
657.97,13.4
657.99,13.49
658.01,13.53
658.02,13.54
658.04,13.54
658.06,13.49
658.07,13.46
658.09,13.36
658.11,13.23
658.12,13.15
658.14,12.96
658.16,12.74
658.17,12.62
658.19,12.36
658.21,12.07
658.22,11.91
658.24,11.58
658.26,11.23
658.27,11.05
658.29,10.67
658.3,10.48
658.32,10.08
658.34,9.669
658.35,9.462
658.37,9.043
658.39,8.621
658.4,8.409
658.42,7.988
658.44,7.57
658.45,7.364
658.47,6.956
658.49,6.558
658.5,6.364
658.52,5.984
658.54,5.62
658.55,5.444
658.57,5.104
658.59,4.783
658.6,4.63
658.62,4.339
658.64,4.069
658.65,3.942
658.67,3.705
658.68,3.595
658.7,3.393
658.72,3.214
658.73,3.134
658.75,2.991
658.77,2.871
658.78,2.82
658.8,2.736
658.82,2.675
658.83,2.653
658.85,2.626
658.87,2.622
658.88,2.628
658.9,2.656
658.92,2.704
658.93,2.736
658.95,2.814
658.97,2.911
658.98,2.967
659.0,3.09
659.01,3.158
659.03,3.305
659.05,3.466
659.06,3.552
659.08,3.733
659.1,3.926
659.11,4.026
659.13,4.232
659.15,4.447
659.16,4.556
659.18,4.779
659.2,5.006
659.21,5.12
659.23,5.349
659.25,5.578
659.26,5.692
659.28,5.917
659.3,6.138
659.31,6.246
659.33,6.457
659.35,6.661
659.36,6.759
659.38,6.947
659.39,7.037
659.41,7.207
659.43,7.365
659.44,7.438
659.46,7.574
659.48,7.694
659.49,7.749
659.51,7.845
659.53,7.925
659.54,7.959
659.56,8.014
659.58,8.053
659.59,8.066
659.61,8.079
659.63,8.077
659.64,8.07
659.66,8.046
659.68,8.006
659.69,7.981
659.71,7.922
659.73,7.851
659.74,7.81
659.76,7.722
659.77,7.674
659.79,7.572
659.81,7.461
659.82,7.403
659.84,7.281
659.86,7.154
659.87,7.088
659.89,6.954
659.91,6.815
659.92,6.745
659.94,6.603
659.96,6.459
659.97,6.386
659.99,6.24
660.01,6.093
660.02,6.019
660.04,5.872
660.06,5.725
660.07,5.652
660.09,5.505
660.11,5.359
660.12,5.287
660.14,5.142
660.15,5.07
660.17,4.926
660.19,4.784
660.2,4.713
660.22,4.572
660.24,4.432
660.25,4.362
660.27,4.224
660.29,4.088
660.3,4.02
660.32,3.887
660.34,3.755
660.35,3.691
660.37,3.564
660.39,3.44
660.4,3.38
660.42,3.262
660.44,3.15
660.45,3.096
660.47,2.992
660.48,2.943
660.5,2.851
660.52,2.767
660.53,2.729
660.55,2.66
660.57,2.602
660.58,2.578
660.6,2.54
660.62,2.515
660.63,2.509
660.65,2.509
660.67,2.526
660.68,2.542
660.7,2.588
660.72,2.655
660.73,2.697
660.75,2.798
660.77,2.923
660.78,2.995
660.8,3.159
660.82,3.349
660.83,3.455
660.85,3.688
660.86,3.815
660.88,4.092
660.9,4.399
660.91,4.565
660.93,4.918
660.95,5.303
660.96,5.508
660.98,5.939
661.0,6.402
661.01,6.645
661.03,7.152
661.05,7.689
661.06,7.968
661.08,8.546
661.1,9.149
661.11,9.459
661.13,10.1
661.15,10.75
661.16,11.09
661.18,11.77
661.2,12.47
661.21,12.82
661.23,13.53
661.24,13.89
661.26,14.6
661.28,15.31
661.29,15.67
661.31,16.37
661.33,17.07
661.34,17.41
661.36,18.08
661.38,18.73
661.39,19.04
661.41,19.65
661.43,20.23
661.44,20.51
661.46,21.03
661.48,21.52
661.49,21.75
661.51,22.17
661.53,22.54
661.54,22.7
661.56,23.0
661.58,23.25
661.59,23.35
661.61,23.51
661.62,23.57
661.64,23.65
661.66,23.68
661.67,23.67
661.69,23.61
661.71,23.49
661.72,23.42
661.74,23.22
661.76,22.98
661.77,22.83
661.79,22.52
661.81,22.15
661.82,21.95
661.84,21.53
661.86,21.06
661.87,20.81
661.89,20.29
661.91,19.75
661.92,19.46
661.94,18.87
661.95,18.57
661.97,17.95
661.99,17.32
662.0,16.99
662.02,16.34
662.04,15.68
662.05,15.34
662.07,14.68
662.09,14.01
662.1,13.67
662.12,13.01
662.14,12.35
662.15,12.03
662.17,11.39
662.19,10.76
662.2,10.45
662.22,9.837
662.24,9.245
662.25,8.956
662.27,8.392
662.29,7.848
662.3,7.583
662.32,7.07
662.33,6.821
662.35,6.34
662.37,5.882
662.38,5.661
662.4,5.236
662.42,4.834
662.43,4.641
662.45,4.271
662.47,3.924
662.48,3.758
662.5,3.442
662.52,3.147
662.53,3.007
662.55,2.742
662.57,2.495
662.58,2.378
662.6,2.158
662.62,1.955
662.63,1.86
662.65,1.68
662.67,1.516
662.68,1.439
662.7,1.295
662.71,1.227
662.73,1.102
662.75,0.9883
662.76,0.9355
662.78,0.8374
662.8,0.7488
662.81,0.7079
662.83,0.6324
662.85,0.5647
662.86,0.5336
662.88,0.4764
662.9,0.4256
662.91,0.4024
662.93,0.36
662.95,0.3227
662.96,0.3058
662.98,0.2751
663.0,0.2483
663.01,0.2363
663.03,0.2147
663.05,0.1962
663.06,0.1879
663.08,0.1733
663.09,0.1669
663.11,0.1556
663.13,0.1462
663.14,0.1422
663.16,0.1352
663.18,0.1297
663.19,0.1274
663.21,0.1236
663.23,0.1208
663.24,0.1197
663.26,0.118
663.28,0.117
663.29,0.1167
663.31,0.1164
663.33,0.1165
663.34,0.1166
663.36,0.1171
663.38,0.1177
663.39,0.118
663.41,0.1187
663.42,0.1191
663.44,0.1198
663.46,0.1204
663.47,0.1206
663.49,0.121
663.51,0.1213
663.52,0.1213
663.54,0.1212
663.56,0.1209
663.57,0.1207
663.59,0.12
663.61,0.119
663.62,0.1184
663.64,0.1171
663.66,0.1155
663.67,0.1146
663.69,0.1126
663.71,0.1105
663.72,0.1093
663.74,0.1069
663.76,0.1042
663.77,0.1029
663.79,0.1001
663.8,0.09865
663.82,0.09575
663.84,0.09284
663.85,0.09139
663.87,0.08854
663.89,0.08579
663.9,0.08447
663.92,0.08198
663.94,0.07974
663.95,0.07873
663.97,0.07698
663.99,0.07566
664.0,0.07517
664.02,0.07463
664.04,0.07472
664.05,0.07503
664.07,0.07624
664.09,0.07835
664.1,0.07977
664.12,0.08343
664.14,0.08829
664.15,0.09121
664.17,0.09814
664.18,0.1022
664.2,0.1115
664.22,0.1227
664.23,0.1291
664.25,0.1434
664.27,0.16
664.28,0.1693
664.3,0.1899
664.32,0.2133
664.33,0.2262
664.35,0.2544
664.37,0.2861
664.38,0.3034
664.4,0.3409
664.42,0.3825
664.43,0.405
664.45,0.4533
664.47,0.5064
664.48,0.5348
664.5,0.5955
664.52,0.6615
664.53,0.6966
664.55,0.7709
664.56,0.8102
664.58,0.8932
664.6,0.9821
664.61,1.029
664.63,1.127
664.65,1.23
664.66,1.284
664.68,1.397
664.7,1.515
664.71,1.576
664.73,1.702
664.75,1.833
664.76,1.9
664.78,2.037
664.8,2.179
664.81,2.251
664.83,2.397
664.85,2.545
664.86,2.62
664.88,2.77
664.89,2.846
664.91,2.996
664.93,3.146
664.94,3.22
664.96,3.367
664.98,3.511
664.99,3.581
665.01,3.719
665.03,3.851
665.04,3.915
665.06,4.037
665.08,4.152
665.09,4.207
665.11,4.309
665.13,4.402
665.14,4.445
665.16,4.524
665.18,4.592
665.19,4.622
665.21,4.674
665.23,4.715
665.24,4.732
665.26,4.756
665.27,4.765
665.29,4.774
665.31,4.773
665.32,4.769
665.34,4.754
665.36,4.73
665.37,4.716
665.39,4.681
665.41,4.641
665.42,4.618
665.44,4.57
665.46,4.519
665.47,4.493
665.49,4.439
665.51,4.386
665.52,4.359
665.54,4.308
665.56,4.26
665.57,4.237
665.59,4.197
665.61,4.162
665.62,4.148
665.64,4.125
665.65,4.118
665.67,4.109
665.69,4.111
665.7,4.116
665.72,4.135
665.74,4.166
665.75,4.186
665.77,4.235
665.79,4.296
665.8,4.332
665.82,4.412
665.84,4.504
665.85,4.554
665.87,4.663
665.89,4.782
665.9,4.846
665.92,4.978
665.94,5.119
665.95,5.192
665.97,5.342
665.99,5.496
666.0,5.575
666.02,5.733
666.03,5.812
666.05,5.971
666.07,6.128
666.08,6.205
666.1,6.356
666.12,6.502
666.13,6.572
666.15,6.706
666.17,6.831
666.18,6.889
666.2,6.998
666.22,7.095
666.23,7.138
666.25,7.216
666.27,7.279
666.28,7.305
666.3,7.348
666.32,7.376
666.33,7.385
666.35,7.392
666.36,7.391
666.38,7.38
666.4,7.357
666.41,7.341
666.43,7.304
666.45,7.258
666.46,7.233
666.48,7.179
666.5,7.123
666.51,7.094
666.53,7.038
666.55,6.985
666.56,6.961
666.58,6.92
666.6,6.889
666.61,6.878
666.63,6.869
666.65,6.879
666.66,6.892
666.68,6.935
666.7,7.006
666.71,7.051
666.73,7.167
666.74,7.237
666.76,7.404
666.78,7.609
666.79,7.726
666.81,7.992
666.83,8.301
666.84,8.472
666.86,8.848
666.88,9.271
666.89,9.5
666.91,9.994
666.93,10.54
666.94,10.82
666.96,11.44
666.98,12.09
666.99,12.44
667.01,13.16
667.03,13.92
667.04,14.32
667.06,15.14
667.08,15.99
667.09,16.42
667.11,17.31
667.12,17.77
667.14,18.68
667.16,19.62
667.17,20.08
667.19,21.02
667.21,21.96
667.22,22.43
667.24,23.35
667.26,24.25
667.27,24.69
667.29,25.55
667.31,26.37
667.32,26.77
667.34,27.52
667.36,28.23
667.37,28.56
667.39,29.17
667.41,29.72
667.42,29.97
667.44,30.41
667.46,30.77
667.47,30.92
667.49,31.16
667.5,31.25
667.52,31.36
667.54,31.39
667.55,31.37
667.57,31.27
667.59,31.08
667.6,30.95
667.62,30.64
667.64,30.24
667.65,30.01
667.67,29.5
667.69,28.92
667.7,28.6
667.72,27.92
667.74,27.18
667.75,26.79
667.77,25.97
667.79,25.1
667.8,24.66
667.82,23.74
667.83,23.27
667.85,22.31
667.87,21.33
667.88,20.83
667.9,19.84
667.92,18.83
667.93,18.33
667.95,17.34
667.97,16.35
667.98,15.86
668.0,14.9
668.02,13.95
668.03,13.49
668.05,12.58
668.07,11.71
668.08,11.28
668.1,10.45
668.12,9.658
668.13,9.275
668.15,8.538
668.17,7.839
668.18,7.505
668.2,6.864
668.21,6.559
668.23,5.978
668.25,5.436
668.26,5.179
668.28,4.694
668.3,4.246
668.31,4.036
668.33,3.642
668.35,3.282
668.36,3.115
668.38,2.804
668.4,2.524
668.41,2.396
668.43,2.16
668.45,1.952
668.46,1.858
668.48,1.689
668.5,1.545
668.51,1.481
668.53,1.371
668.55,1.283
668.56,1.247
668.58,1.19
668.59,1.169
668.61,1.141
668.63,1.132
668.64,1.134
668.66,1.153
668.68,1.189
668.69,1.213
668.71,1.276
668.73,1.356
668.74,1.402
668.76,1.508
668.78,1.631
668.79,1.699
668.81,1.848
668.83,2.014
668.84,2.103
668.86,2.296
668.88,2.506
668.89,2.617
668.91,2.853
668.92,2.977
668.94,3.239
668.96,3.517
668.97,3.663
668.99,3.965
669.01,4.284
669.02,4.449
669.04,4.79
669.06,5.144
669.07,5.326
669.09,5.7
669.11,6.084
669.12,6.279
669.14,6.677
669.16,7.083
669.17,7.287
669.19,7.7
669.21,8.116
669.22,8.325
669.24,8.741
669.26,9.156
669.27,9.362
669.29,9.769
669.3,9.97
669.32,10.37
669.34,10.75
669.35,10.94
669.37,11.31
669.39,11.66
669.4,11.83
669.42,12.15
669.44,12.46
669.45,12.6
669.47,12.88
669.49,13.13
669.5,13.24
669.52,13.46
669.54,13.65
669.55,13.74
669.57,13.89
669.59,14.02
669.6,14.08
669.62,14.17
669.64,14.24
669.65,14.26
669.67,14.29
669.68,14.3
669.7,14.3
669.72,14.28
669.73,14.26
669.75,14.21
669.77,14.14
669.78,14.1
669.8,14.01
669.82,13.9
669.83,13.84
669.85,13.72
669.87,13.59
669.88,13.52
669.9,13.37
669.92,13.22
669.93,13.14
669.95,12.98
669.97,12.82
669.98,12.74
670.0,12.58
670.02,12.41
670.03,12.33
670.05,12.17
670.06,12.09
670.08,11.93
670.1,11.78
670.11,11.7
670.13,11.56
670.15,11.42
670.16,11.35
670.18,11.23
670.2,11.11
670.21,11.05
670.23,10.95
670.25,10.86
670.26,10.82
670.28,10.75
670.3,10.7
670.31,10.68
670.33,10.66
670.35,10.66
670.36,10.67
670.38,10.7
670.39,10.73
670.41,10.81
670.43,10.91
670.44,10.98
670.46,11.14
670.48,11.35
670.49,11.47
670.51,11.74
670.53,12.07
670.54,12.25
670.56,12.67
670.58,13.15
670.59,13.42
670.61,14.01
670.63,14.7
670.64,15.07
670.66,15.91
670.68,16.85
670.69,17.37
670.71,18.5
670.73,19.79
670.74,20.49
670.76,22.02
670.77,22.86
670.79,24.69
670.81,26.75
670.82,27.87
670.84,30.31
670.86,33.04
670.87,34.53
670.89,37.76
670.91,41.37
670.92,43.33
670.94,47.58
670.96,52.32
670.97,54.88
670.99,60.42
671.01,66.55
671.02,69.86
671.04,77.0
671.06,84.86
671.07,89.09
671.09,98.15
671.11,108.1
671.12,113.4
671.14,124.8
671.15,130.8
671.17,143.7
671.19,157.6
671.2,165.0
671.22,180.7
671.24,197.6
671.25,206.5
671.27,225.2
671.29,245.1
671.3,255.6
671.32,277.4
671.34,300.5
671.35,312.5
671.37,337.5
671.39,363.6
671.4,377.1
671.42,404.9
671.44,433.8
671.45,448.6
671.47,478.9
671.49,509.9
671.5,525.7
671.52,557.6
671.53,573.8
671.55,606.4
671.57,639.2
671.58,655.6
671.6,688.4
671.62,720.9
671.63,737.0
671.65,768.8
671.67,799.7
671.68,814.9
671.7,844.3
671.72,872.4
671.73,885.9
671.75,911.7
671.77,935.7
671.78,947.0
671.8,968.0
671.82,986.7
671.83,995.1
671.85,1010.0
671.86,1017.0
671.88,1028.0
671.9,1036.0
671.91,1039.0
671.93,1044.0
671.95,1045.0
671.96,1044.0
671.98,1041.0
672.0,1035.0
672.01,1031.0
672.03,1021.0
672.05,1008.0
672.06,1001.0
672.08,984.4
672.1,965.3
672.11,954.9
672.13,932.5
672.15,908.0
672.16,895.1
672.18,868.0
672.2,839.4
672.21,824.6
672.23,794.1
672.24,778.5
672.26,746.6
672.28,713.9
672.29,697.5
672.31,664.2
672.33,630.8
672.34,614.1
672.36,580.8
672.38,547.7
672.39,531.3
672.41,499.0
672.43,467.4
672.44,451.8
672.46,421.4
672.48,391.9
672.49,377.6
672.51,349.7
672.53,323.0
672.54,310.1
672.56,285.2
672.58,261.6
672.59,250.3
672.61,228.6
672.62,218.2
672.64,198.5
672.66,180.1
672.67,171.3
672.69,154.8
672.71,139.4
672.72,132.2
672.74,118.6
672.76,106.1
672.77,100.2
672.79,89.28
672.81,79.32
672.82,74.68
672.84,66.07
672.86,58.3
672.87,54.7
672.89,48.06
672.91,42.11
672.92,39.38
672.94,34.36
672.96,29.9
672.97,27.86
672.99,24.15
673.0,22.46
673.02,19.38
673.04,16.68
673.05,15.46
673.07,13.25
673.09,11.33
673.1,10.46
673.12,8.907
673.14,7.562
673.15,6.961
673.17,5.886
673.19,4.964
673.2,4.554
673.22,3.825
673.24,3.204
673.25,2.93
673.27,2.445
673.29,2.035
673.3,1.854
673.32,1.538
673.33,1.399
673.35,1.156
673.37,0.9536
673.38,0.8654
673.4,0.712
673.42,0.5851
673.43,0.5303
673.45,0.4357
673.47,0.3584
673.48,0.3254
673.5,0.2691
673.52,0.2239
673.53,0.205
673.55,0.1733
673.57,0.149
673.58,0.1391
673.6,0.1236
673.62,0.1129
673.63,0.1092
673.65,0.1045
673.67,0.1032
673.68,0.1038
673.7,0.107
673.71,0.1096
673.73,0.1167
673.75,0.1262
673.76,0.1318
673.78,0.1447
673.8,0.1599
673.81,0.1683
673.83,0.1869
673.85,0.2077
673.86,0.2189
673.88,0.2432
673.9,0.2698
673.91,0.284
673.93,0.3143
673.95,0.347
673.96,0.3643
673.98,0.4008
674.0,0.4399
674.01,0.4604
674.03,0.5033
674.05,0.5488
674.06,0.5725
674.08,0.6217
674.09,0.6472
674.11,0.6999
674.13,0.7549
674.14,0.7832
674.16,0.8413
674.18,0.9011
674.19,0.9317
674.21,0.9939
674.23,1.057
674.24,1.089
674.26,1.154
674.28,1.219
674.29,1.252
674.31,1.317
674.33,1.382
674.34,1.415
674.36,1.478
674.38,1.54
674.39,1.571
674.41,1.63
674.43,1.687
674.44,1.714
674.46,1.767
674.47,1.792
674.49,1.839
674.51,1.882
674.52,1.903
674.54,1.939
674.56,1.971
674.57,1.986
674.59,2.01
674.61,2.029
674.62,2.037
674.64,2.048
674.66,2.054
674.67,2.054
674.69,2.051
674.71,2.043
674.72,2.037
674.74,2.02
674.76,1.998
674.77,1.985
674.79,1.955
674.8,1.938
674.82,1.902
674.84,1.861
674.85,1.839
674.87,1.792
674.89,1.741
674.9,1.715
674.92,1.66
674.94,1.603
674.95,1.573
674.97,1.513
674.99,1.451
675.0,1.419
675.02,1.356
675.04,1.292
675.05,1.26
675.07,1.196
675.09,1.132
675.1,1.101
675.12,1.038
675.14,0.9769
675.15,0.9468
675.17,0.8877
675.18,0.8588
675.2,0.8023
675.22,0.7478
675.23,0.7214
675.25,0.6702
675.27,0.6213
675.28,0.5977
675.3,0.5523
675.32,0.5094
675.33,0.4888
675.35,0.4495
675.37,0.4126
675.38,0.3951
675.4,0.3618
675.42,0.3307
675.43,0.3161
675.45,0.2883
675.47,0.2627
675.48,0.2506
675.5,0.228
675.52,0.2071
675.53,0.1974
675.55,0.1791
675.56,0.1706
675.58,0.1547
675.6,0.1402
675.61,0.1334
675.63,0.1208
675.65,0.1094
675.66,0.1041
675.68,0.09427
675.7,0.08537
675.71,0.08124
675.73,0.07357
675.75,0.06665
675.76,0.06344
675.78,0.05748
675.8,0.0521
675.81,0.04961
675.83,0.04498
675.85,0.04079
675.86,0.03885
675.88,0.03523
675.9,0.03196
675.91,0.03043
675.93,0.0276
675.94,0.02628
675.96,0.02382
675.98,0.02159
675.99,0.02054
676.01,0.0186
676.03,0.01683
676.04,0.016
676.06,0.01446
676.08,0.01305
676.09,0.01239
676.11,0.01116
676.13,0.01004
676.14,0.009523
676.16,0.00855
676.18,0.007664
676.19,0.007252
676.21,0.006484
676.23,0.005786
676.24,0.005463
676.26,0.004861
676.27,0.004582
676.29,0.004066
676.31,0.0036
676.32,0.003384
676.34,0.002987
676.36,0.00263
676.37,0.002466
676.39,0.002164
676.41,0.001895
676.42,0.001772
676.44,0.001546
676.46,0.001346
676.47,0.001255
676.49,0.001089
676.51,0.0009428
676.52,0.0008766
676.54,0.0007567
676.56,0.0006519
676.57,0.0006047
676.59,0.0005197
676.61,0.0004461
676.62,0.0004131
676.64,0.0003541
676.65,0.0003278
676.67,0.0002809
676.69,0.000241
676.7,0.0002233
676.72,0.0001922
676.74,0.000166
676.75,0.0001546
676.77,0.0001347
676.79,0.0001184
676.8,0.0001114
676.82,9.959e-05
676.84,9.033e-05
676.85,8.656e-05
676.87,8.06e-05
676.89,7.653e-05
676.9,7.516e-05
676.92,7.364e-05
676.94,7.366e-05
676.95,7.423e-05
676.97,7.643e-05
676.99,8.007e-05
677.0,8.242e-05
677.02,8.823e-05
677.03,9.171e-05
677.05,9.985e-05
677.07,0.0001097
677.08,0.0001153
677.1,0.000128
677.12,0.0001428
677.13,0.0001511
677.15,0.0001696
677.17,0.000191
677.18,0.0002028
677.2,0.0002291
677.22,0.0002591
677.23,0.0002756
677.25,0.0003121
677.27,0.0003535
677.28,0.0003762
677.3,0.000426
677.32,0.0004822
677.33,0.0005129
677.35,0.0005799
677.37,0.0006549
677.38,0.0006957
677.4,0.0007842
677.41,0.0008321
677.43,0.0009359
677.45,0.001051
677.46,0.001113
677.48,0.001246
677.5,0.001392
677.51,0.00147
677.53,0.001638
677.55,0.001821
677.56,0.001919
677.58,0.002126
677.6,0.00235
677.61,0.002469
677.63,0.00272
677.65,0.00299
677.66,0.003132
677.68,0.00343
677.7,0.003748
677.71,0.003914
677.73,0.004262
677.74,0.004443
677.76,0.004821
677.78,0.005218
677.79,0.005423
677.81,0.005849
677.83,0.006294
677.84,0.006523
677.86,0.006994
677.88,0.007482
677.89,0.007732
677.91,0.008243
677.93,0.008769
677.94,0.009037
677.96,0.009581
677.98,0.01014
677.99,0.01042
678.01,0.01099
678.03,0.01156
678.04,0.01186
678.06,0.01244
678.08,0.01303
678.09,0.01333
678.11,0.01392
678.12,0.01421
678.14,0.01481
678.16,0.0154
678.17,0.01569
678.19,0.01628
678.21,0.01686
678.22,0.01715
678.24,0.01773
678.26,0.01829
678.27,0.01858
678.29,0.01913
678.31,0.01969
678.32,0.01996
678.34,0.0205
678.36,0.02103
678.37,0.02129
678.39,0.02181
678.41,0.02232
678.42,0.02257
678.44,0.02307
678.46,0.02355
678.47,0.02379
678.49,0.02426
678.5,0.02449
678.52,0.02495
678.54,0.02539
678.55,0.0256
678.57,0.02602
678.59,0.02643
678.6,0.02663
678.62,0.02701
678.64,0.02737
678.65,0.02754
678.67,0.02787
678.69,0.02817
678.7,0.02831
678.72,0.02857
678.74,0.0288
678.75,0.02891
678.77,0.02909
678.79,0.02923
678.8,0.02929
678.82,0.02937
678.84,0.02941
678.85,0.02942
678.87,0.02939
678.88,0.02936
678.9,0.02926
678.92,0.02911
678.93,0.02902
678.95,0.0288
678.97,0.02852
678.98,0.02837
679.0,0.02801
679.02,0.02761
679.03,0.02739
679.05,0.02692
679.07,0.02639
679.08,0.02611
679.1,0.02552
679.12,0.02489
679.13,0.02456
679.15,0.02387
679.17,0.02315
679.18,0.02277
679.2,0.022
679.21,0.02161
679.23,0.02081
679.25,0.01999
679.26,0.01957
679.28,0.01873
679.3,0.01788
679.31,0.01746
679.33,0.0166
679.35,0.01575
679.36,0.01533
679.38,0.01449
679.4,0.01366
679.41,0.01325
679.43,0.01244
679.45,0.01166
679.46,0.01127
679.48,0.01052
679.5,0.009789
679.51,0.009435
679.53,0.008749
679.55,0.008092
679.56,0.007775
679.58,0.007164
679.59,0.00687
679.61,0.006308
679.63,0.005777
679.64,0.005525
679.66,0.005043
679.68,0.004595
679.69,0.004383
679.71,0.003982
679.73,0.003614
679.74,0.003441
679.76,0.00312
679.78,0.002829
679.79,0.002694
679.81,0.002448
679.83,0.002232
679.84,0.002135
679.86,0.001963
679.88,0.001821
679.89,0.001761
679.91,0.001665
679.93,0.001601
679.94,0.001581
679.96,0.001567
679.97,0.001574
679.99,0.001617
680.01,0.001702
680.02,0.001762
680.04,0.001918
680.06,0.002128
680.07,0.002256
680.09,0.002563
680.11,0.002944
680.12,0.003167
680.14,0.003682
680.16,0.004302
680.17,0.004657
680.19,0.005466
680.21,0.006425
680.22,0.006967
680.24,0.008194
680.26,0.009633
680.27,0.01044
680.29,0.01226
680.3,0.01328
680.32,0.01555
680.34,0.01819
680.35,0.01967
680.37,0.02295
680.39,0.02672
680.4,0.02882
680.42,0.03347
680.44,0.03878
680.45,0.04172
680.47,0.04821
680.49,0.05558
680.5,0.05964
680.52,0.06854
680.54,0.07861
680.55,0.08412
680.57,0.09617
680.59,0.1097
680.6,0.1171
680.62,0.1331
680.64,0.151
680.65,0.1607
680.67,0.1817
680.68,0.193
680.7,0.2175
680.72,0.2445
680.73,0.259
680.75,0.2901
680.77,0.3242
680.78,0.3425
680.8,0.3814
680.82,0.4238
680.83,0.4464
680.85,0.4942
680.87,0.5459
680.88,0.5732
680.9,0.6308
680.92,0.6926
680.93,0.725
680.95,0.7931
680.97,0.8655
680.98,0.9033
681.0,0.9822
681.02,1.065
681.03,1.108
681.05,1.198
681.06,1.244
681.08,1.339
681.1,1.438
681.11,1.489
681.13,1.594
681.15,1.701
681.16,1.756
681.18,1.867
681.2,1.981
681.21,2.038
681.23,2.154
681.25,2.271
681.26,2.33
681.28,2.447
681.3,2.565
681.31,2.623
681.33,2.739
681.35,2.853
681.36,2.909
681.38,3.019
681.4,3.126
681.41,3.178
681.43,3.28
681.44,3.329
681.46,3.423
681.48,3.513
681.49,3.555
681.51,3.637
681.53,3.712
681.54,3.747
681.56,3.813
681.58,3.873
681.59,3.901
681.61,3.951
681.63,3.995
681.64,4.015
681.66,4.05
681.68,4.08
681.69,4.093
681.71,4.115
681.73,4.133
681.74,4.141
681.76,4.153
681.77,4.158
681.79,4.166
681.81,4.172
681.82,4.175
681.84,4.18
681.86,4.185
681.87,4.187
681.89,4.194
681.91,4.202
681.92,4.207
681.94,4.219
681.96,4.235
681.97,4.244
681.99,4.266
682.01,4.293
682.02,4.308
682.04,4.342
682.06,4.382
682.07,4.404
682.09,4.453
682.11,4.506
682.12,4.535
682.14,4.597
682.15,4.63
682.17,4.699
682.19,4.772
682.2,4.81
682.22,4.889
682.24,4.97
682.25,5.011
682.27,5.095
682.29,5.179
682.3,5.221
682.32,5.304
682.34,5.386
682.35,5.426
682.37,5.503
682.39,5.576
682.4,5.61
682.42,5.675
682.44,5.734
682.45,5.761
682.47,5.808
682.49,5.848
682.5,5.864
682.52,5.891
682.53,5.901
682.55,5.913
682.57,5.915
682.58,5.913
682.6,5.901
682.62,5.879
682.63,5.864
682.65,5.828
682.67,5.783
682.68,5.757
682.7,5.698
682.72,5.632
682.73,5.596
682.75,5.519
682.77,5.437
682.78,5.393
682.8,5.303
682.82,5.208
682.83,5.159
682.85,5.06
682.87,4.96
682.88,4.909
682.9,4.807
682.91,4.756
682.93,4.654
682.95,4.554
682.96,4.504
682.98,4.407
683.0,4.312
683.01,4.266
683.03,4.176
683.05,4.09
683.06,4.048
683.08,3.968
683.1,3.892
683.11,3.856
683.13,3.786
683.15,3.72
683.16,3.688
683.18,3.628
683.2,3.571
683.21,3.544
683.23,3.491
683.24,3.466
683.26,3.417
683.28,3.37
683.29,3.347
683.31,3.302
683.33,3.258
683.34,3.236
683.36,3.193
683.38,3.149
683.39,3.126
683.41,3.081
683.43,3.035
683.44,3.012
683.46,2.964
683.48,2.914
683.49,2.889
683.51,2.837
683.53,2.783
683.54,2.756
683.56,2.7
683.58,2.642
683.59,2.613
683.61,2.554
683.62,2.525
683.64,2.465
683.66,2.405
683.67,2.375
683.69,2.316
683.71,2.258
683.72,2.23
683.74,2.175
683.76,2.122
683.77,2.097
683.79,2.05
683.81,2.007
683.82,1.987
683.84,1.951
683.86,1.92
683.87,1.907
683.89,1.887
683.91,1.873
683.92,1.869
683.94,1.867
683.96,1.873
683.97,1.88
683.99,1.899
684.0,1.912
684.02,1.946
684.04,1.989
684.05,2.014
684.07,2.071
684.09,2.139
684.1,2.176
684.12,2.258
684.14,2.349
684.15,2.399
684.17,2.504
684.19,2.618
684.2,2.679
684.22,2.805
684.24,2.939
684.25,3.009
684.27,3.153
684.29,3.303
684.3,3.379
684.32,3.536
684.34,3.696
684.35,3.777
684.37,3.941
684.38,4.023
684.4,4.187
684.42,4.351
684.43,4.432
684.45,4.592
684.47,4.748
684.48,4.824
684.5,4.973
684.52,5.114
684.53,5.183
684.55,5.312
684.57,5.433
684.58,5.489
684.6,5.593
684.62,5.686
684.63,5.728
684.65,5.802
684.67,5.862
684.68,5.887
684.7,5.927
684.71,5.941
684.73,5.959
684.75,5.961
684.76,5.957
684.78,5.937
684.8,5.903
684.81,5.88
684.83,5.824
684.85,5.754
684.86,5.714
684.88,5.624
684.9,5.522
684.91,5.466
684.93,5.346
684.95,5.217
684.96,5.148
684.98,5.005
685.0,4.853
685.01,4.775
685.03,4.613
685.05,4.447
685.06,4.362
685.08,4.189
685.09,4.102
685.11,3.926
685.13,3.749
685.14,3.661
685.16,3.484
685.18,3.309
685.19,3.223
685.21,3.051
685.23,2.884
685.24,2.801
685.26,2.64
685.28,2.484
685.29,2.408
685.31,2.261
685.33,2.12
685.34,2.052
685.36,1.922
685.38,1.798
685.39,1.74
685.41,1.627
685.43,1.523
685.44,1.473
685.46,1.38
685.47,1.336
685.49,1.254
685.51,1.18
685.52,1.146
685.54,1.083
685.56,1.028
685.57,1.003
685.59,0.9578
685.61,0.9201
685.62,0.9038
685.64,0.8763
685.66,0.8555
685.67,0.8476
685.69,0.8365
685.71,0.8319
685.72,0.8319
685.74,0.8366
685.76,0.8474
685.77,0.8551
685.79,0.8749
685.81,0.9007
685.82,0.9159
685.84,0.9506
685.85,0.9701
685.87,1.014
685.89,1.063
685.9,1.09
685.92,1.148
685.94,1.211
685.95,1.245
685.97,1.317
685.99,1.395
686.0,1.436
686.02,1.522
686.04,1.612
686.05,1.66
686.07,1.758
686.09,1.861
686.1,1.914
686.12,2.023
686.14,2.136
686.15,2.194
686.17,2.312
686.18,2.372
686.2,2.493
686.22,2.617
686.23,2.679
686.25,2.804
686.27,2.929
686.28,2.991
686.3,3.115
686.32,3.238
686.33,3.298
686.35,3.416
686.37,3.531
686.38,3.587
686.4,3.695
686.42,3.797
686.43,3.846
686.45,3.938
686.47,4.023
686.48,4.062
686.5,4.135
686.52,4.198
686.53,4.226
686.55,4.275
686.56,4.295
686.58,4.328
686.6,4.351
686.61,4.358
686.63,4.364
686.65,4.358
686.66,4.351
686.68,4.329
686.7,4.296
686.71,4.275
686.73,4.226
686.75,4.167
686.76,4.133
686.78,4.059
686.8,3.976
686.81,3.931
686.83,3.835
686.85,3.732
686.86,3.678
686.88,3.565
686.9,3.446
686.91,3.384
686.93,3.259
686.94,3.194
686.96,3.064
686.98,2.93
686.99,2.863
687.01,2.728
687.03,2.592
687.04,2.524
687.06,2.389
687.08,2.255
687.09,2.188
687.11,2.057
687.13,1.929
687.14,1.866
687.16,1.743
687.18,1.623
687.19,1.565
687.21,1.452
687.23,1.343
687.24,1.291
687.26,1.189
687.28,1.093
687.29,1.047
687.31,0.9584
687.32,0.916
687.34,0.8352
687.36,0.7595
687.37,0.7235
687.39,0.6553
687.41,0.592
687.42,0.5621
687.44,0.5057
687.46,0.4538
687.47,0.4295
687.49,0.3839
687.51,0.3422
687.52,0.3228
687.54,0.2866
687.56,0.2538
687.57,0.2387
687.59,0.2105
687.61,0.1853
687.62,0.1736
687.64,0.1522
687.65,0.1424
687.67,0.1244
687.69,0.1084
687.7,0.1011
687.72,0.08786
687.74,0.07618
687.75,0.07088
687.77,0.06131
687.79,0.05296
687.8,0.0492
687.82,0.04246
687.84,0.03664
687.85,0.03404
687.87,0.02943
687.89,0.0255
687.9,0.02377
687.92,0.02073
687.94,0.01819
687.95,0.01709
687.97,0.0152
687.99,0.01367
688.0,0.01304
688.02,0.01198
688.03,0.01155
688.05,0.01088
688.07,0.01042
688.08,0.01026
688.1,0.01008
688.12,0.01006
688.13,0.0101
688.15,0.01028
688.17,0.01057
688.18,0.01076
688.2,0.01119
688.22,0.01171
688.23,0.01199
688.25,0.01261
688.27,0.01329
688.28,0.01365
688.3,0.0144
688.32,0.01518
688.33,0.01559
688.35,0.01642
688.37,0.01726
688.38,0.01769
688.4,0.01855
688.41,0.01899
688.43,0.01985
688.45,0.02071
688.46,0.02113
688.48,0.02197
688.5,0.02278
688.51,0.02317
688.53,0.02394
688.55,0.02467
688.56,0.02502
688.58,0.02568
688.6,0.02629
688.61,0.02658
688.63,0.02711
688.65,0.02757
688.66,0.02778
688.68,0.02814
688.7,0.02844
688.71,0.02856
688.73,0.02874
688.74,0.02881
688.76,0.02888
688.78,0.02887
688.79,0.02884
688.81,0.02872
688.83,0.02853
688.84,0.02841
688.86,0.0281
688.88,0.02773
688.89,0.02752
688.91,0.02705
688.93,0.02651
688.94,0.02622
688.96,0.02561
688.98,0.02494
688.99,0.02459
689.01,0.02386
689.03,0.02309
689.04,0.02269
689.06,0.02188
689.08,0.02104
689.09,0.02062
689.11,0.01976
689.12,0.01933
689.14,0.01847
689.16,0.01762
689.17,0.01719
689.19,0.01635
689.21,0.01554
689.22,0.01514
689.24,0.01436
689.26,0.01363
689.27,0.01328
689.29,0.01262
689.31,0.01201
689.32,0.01173
689.34,0.01123
689.36,0.0108
689.37,0.01062
689.39,0.01033
689.41,0.01015
689.42,0.0101
689.44,0.0101
689.46,0.01024
689.47,0.01037
689.49,0.01075
689.5,0.011
689.52,0.01166
689.54,0.01253
689.55,0.01306
689.57,0.0143
689.59,0.01582
689.6,0.0167
689.62,0.0187
689.64,0.02107
689.65,0.0224
689.67,0.02539
689.69,0.02885
689.7,0.03077
689.72,0.03503
689.74,0.03988
689.75,0.04254
689.77,0.0484
689.79,0.05499
689.8,0.05859
689.82,0.06642
689.84,0.07516
689.85,0.07989
689.87,0.09013
689.88,0.09565
689.9,0.1075
689.92,0.1206
689.93,0.1277
689.95,0.1427
689.97,0.1591
689.98,0.1678
690.0,0.1864
690.02,0.2066
690.03,0.2172
690.05,0.2397
690.07,0.2639
690.08,0.2767
690.1,0.3034
690.12,0.3319
690.13,0.3468
690.15,0.3779
690.17,0.4107
690.18,0.4277
690.2,0.4631
690.21,0.4814
690.23,0.5191
690.25,0.5584
690.26,0.5786
690.28,0.62
690.3,0.6627
690.31,0.6844
690.33,0.7287
690.35,0.7739
690.36,0.7968
690.38,0.8429
690.4,0.8895
690.41,0.9129
690.43,0.9596
690.45,1.006
690.46,1.029
690.48,1.075
690.5,1.121
690.51,1.143
690.53,1.186
690.55,1.229
690.56,1.249
690.58,1.289
690.59,1.308
690.61,1.345
690.63,1.379
690.64,1.395
690.66,1.426
690.68,1.453
690.69,1.466
690.71,1.489
690.73,1.51
690.74,1.518
690.76,1.534
690.78,1.546
690.79,1.551
690.81,1.558
690.83,1.562
690.84,1.563
690.86,1.562
690.88,1.558
690.89,1.555
690.91,1.547
690.93,1.536
690.94,1.53
690.96,1.515
690.97,1.507
690.99,1.49
691.01,1.471
691.02,1.46
691.04,1.439
691.06,1.417
691.07,1.405
691.09,1.382
691.11,1.358
691.12,1.346
691.14,1.322
691.16,1.299
691.17,1.287
691.19,1.265
691.21,1.244
691.22,1.234
691.24,1.215
691.26,1.198
691.27,1.19
691.29,1.175
691.31,1.163
691.32,1.158
691.34,1.149
691.35,1.146
691.37,1.141
691.39,1.139
691.4,1.139
691.42,1.141
691.44,1.146
691.45,1.15
691.47,1.159
691.49,1.172
691.5,1.179
691.52,1.196
691.54,1.216
691.55,1.227
691.57,1.252
691.59,1.279
691.6,1.294
691.62,1.327
691.64,1.362
691.65,1.381
691.67,1.421
691.68,1.442
691.7,1.488
691.72,1.536
691.73,1.562
691.75,1.616
691.77,1.674
691.78,1.704
691.8,1.768
691.82,1.837
691.83,1.873
691.85,1.948
691.87,2.028
691.88,2.07
691.9,2.159
691.92,2.253
691.93,2.302
691.95,2.405
691.97,2.515
691.98,2.572
692.0,2.692
692.02,2.819
692.03,2.885
692.05,3.023
692.06,3.094
692.08,3.243
692.1,3.4
692.11,3.481
692.13,3.649
692.15,3.824
692.16,3.914
692.18,4.099
692.2,4.291
692.21,4.39
692.23,4.59
692.25,4.796
692.26,4.901
692.28,5.113
692.3,5.329
692.31,5.437
692.33,5.656
692.35,5.875
692.36,5.984
692.38,6.201
692.4,6.416
692.41,6.522
692.43,6.731
692.44,6.834
692.46,7.033
692.48,7.225
692.49,7.317
692.51,7.495
692.53,7.661
692.54,7.74
692.56,7.887
692.58,8.021
692.59,8.082
692.61,8.193
692.63,8.287
692.64,8.328
692.66,8.397
692.68,8.448
692.69,8.467
692.71,8.491
692.73,8.497
692.74,8.494
692.76,8.473
692.78,8.435
692.79,8.409
692.81,8.346
692.82,8.308
692.84,8.222
692.86,8.121
692.87,8.066
692.89,7.945
692.91,7.814
692.92,7.744
692.94,7.598
692.96,7.445
692.97,7.365
692.99,7.203
693.01,7.036
693.02,6.952
693.04,6.782
693.06,6.612
693.07,6.528
693.09,6.36
693.11,6.195
693.12,6.114
693.14,5.957
693.15,5.88
693.17,5.731
693.19,5.59
693.2,5.522
693.22,5.392
693.24,5.271
693.25,5.214
693.27,5.107
693.29,5.009
693.3,4.963
693.32,4.879
693.34,4.803
693.35,4.769
693.37,4.706
693.39,4.651
693.4,4.626
693.42,4.582
693.44,4.544
693.45,4.527
693.47,4.496
693.49,4.47
693.5,4.458
693.52,4.436
693.53,4.426
693.55,4.406
693.57,4.387
693.58,4.378
693.6,4.358
693.62,4.337
693.63,4.325
693.65,4.3
693.67,4.272
693.68,4.256
693.7,4.221
693.72,4.182
693.73,4.161
693.75,4.114
693.77,4.062
693.78,4.033
693.8,3.973
693.82,3.906
693.83,3.871
693.85,3.796
693.87,3.716
693.88,3.673
693.9,3.585
693.91,3.539
693.93,3.444
693.95,3.344
693.96,3.293
693.98,3.188
694.0,3.08
694.01,3.025
694.03,2.913
694.05,2.799
694.06,2.742
694.08,2.626
694.1,2.51
694.11,2.452
694.13,2.336
694.15,2.22
694.16,2.163
694.18,2.049
694.2,1.938
694.21,1.882
694.23,1.774
694.25,1.668
694.26,1.616
694.28,1.515
694.29,1.466
694.31,1.37
694.33,1.277
694.34,1.232
694.36,1.145
694.38,1.062
694.39,1.022
694.41,0.9448
694.43,0.8717
694.44,0.8367
694.46,0.7695
694.48,0.7063
694.49,0.6762
694.51,0.6187
694.53,0.565
694.54,0.5395
694.56,0.4912
694.58,0.4463
694.59,0.4251
694.61,0.385
694.62,0.3662
694.64,0.3307
694.66,0.298
694.67,0.2827
694.69,0.2541
694.71,0.2279
694.72,0.2156
694.74,0.1928
694.76,0.172
694.77,0.1624
694.79,0.1445
694.81,0.1283
694.82,0.1208
694.84,0.107
694.86,0.0945
694.87,0.08877
694.89,0.07821
694.91,0.06877
694.92,0.06444
694.94,0.05649
694.96,0.04944
694.97,0.04621
694.99,0.04033
695.0,0.03765
695.02,0.03276
695.04,0.02846
695.05,0.02651
695.07,0.02298
695.09,0.01989
695.1,0.01849
695.12,0.01598
695.14,0.01379
695.15,0.01281
695.17,0.01105
695.19,0.009539
695.2,0.008865
695.22,0.007666
695.24,0.006647
695.25,0.006199
695.27,0.005411
695.29,0.004755
695.3,0.004472
695.32,0.003987
695.34,0.003601
695.35,0.003441
695.37,0.003183
695.38,0.003083
695.4,0.002936
695.42,0.002856
695.43,0.002839
695.45,0.002849
695.47,0.002915
695.48,0.002969
695.5,0.003115
695.52,0.003312
695.53,0.00343
695.55,0.003704
695.57,0.004028
695.58,0.00421
695.6,0.004611
695.62,0.005066
695.63,0.005313
695.65,0.005849
695.67,0.00644
695.68,0.006758
695.7,0.007436
695.72,0.008174
695.73,0.008566
695.75,0.009397
695.76,0.009835
695.78,0.01076
695.8,0.01175
695.81,0.01227
695.83,0.01335
695.85,0.0145
695.86,0.0151
695.88,0.01634
695.9,0.01764
695.91,0.01831
695.93,0.0197
695.95,0.02115
695.96,0.02189
695.98,0.0234
696.0,0.02496
696.01,0.02575
696.03,0.02737
696.05,0.02901
696.06,0.02984
696.08,0.03151
696.09,0.03235
696.11,0.03403
696.13,0.03572
696.14,0.03656
696.16,0.03822
696.18,0.03986
696.19,0.04067
696.21,0.04226
696.23,0.0438
696.24,0.04456
696.26,0.04602
696.28,0.04742
696.29,0.0481
696.31,0.04939
696.33,0.0506
696.34,0.05118
696.36,0.05227
696.38,0.05327
696.39,0.05374
696.41,0.05461
696.43,0.0554
696.44,0.05576
696.46,0.05643
696.47,0.05674
696.49,0.05731
696.51,0.05782
696.52,0.05806
696.54,0.05852
696.56,0.05897
696.57,0.05919
696.59,0.05965
696.61,0.06016
696.62,0.06044
696.64,0.06106
696.66,0.0618
696.67,0.06223
696.69,0.06322
696.71,0.06442
696.72,0.06512
696.74,0.06673
696.76,0.06867
696.77,0.06978
696.79,0.07231
696.81,0.07531
696.82,0.077
696.84,0.0808
696.85,0.08293
696.87,0.08767
696.89,0.09312
696.9,0.09612
696.92,0.1027
696.94,0.1102
696.95,0.1143
696.97,0.1232
696.99,0.1331
697.0,0.1385
697.02,0.1501
697.04,0.1628
697.05,0.1696
697.07,0.1842
697.09,0.2
697.1,0.2084
697.12,0.2263
697.14,0.2454
697.15,0.2555
697.17,0.2768
697.19,0.2994
697.2,0.3112
697.22,0.3358
697.23,0.3486
697.25,0.3752
697.27,0.4031
697.28,0.4174
697.3,0.447
697.32,0.4777
697.33,0.4934
697.35,0.5255
697.37,0.5584
697.38,0.5751
697.4,0.6089
697.42,0.6432
697.43,0.6604
697.45,0.695
697.47,0.7297
697.48,0.7469
697.5,0.7812
697.52,0.815
697.53,0.8316
697.55,0.8643
697.56,0.8803
697.58,0.9115
697.6,0.9413
697.61,0.9556
697.63,0.9831
697.65,1.009
697.66,1.021
697.68,1.044
697.7,1.064
697.71,1.073
697.73,1.09
697.75,1.104
697.76,1.11
697.78,1.12
697.8,1.128
697.81,1.13
697.83,1.133
697.85,1.133
697.86,1.132
697.88,1.127
697.9,1.12
697.91,1.115
697.93,1.104
697.94,1.097
697.96,1.082
697.98,1.064
697.99,1.054
698.01,1.032
698.03,1.008
698.04,0.9955
698.06,0.9688
698.08,0.9403
698.09,0.9255
698.11,0.8948
698.13,0.863
698.14,0.8466
698.16,0.8133
698.18,0.7793
698.19,0.762
698.21,0.7273
698.23,0.6924
698.24,0.6749
698.26,0.64
698.28,0.6053
698.29,0.5881
698.31,0.5541
698.32,0.5373
698.34,0.5042
698.36,0.472
698.37,0.4562
698.39,0.4254
698.41,0.3956
698.42,0.3812
698.44,0.3531
698.46,0.3263
698.47,0.3134
698.49,0.2884
698.51,0.2648
698.52,0.2535
698.54,0.2318
698.56,0.2115
698.57,0.2018
698.59,0.1833
698.61,0.1662
698.62,0.158
698.64,0.1427
698.65,0.1354
698.67,0.1218
698.69,0.1093
698.7,0.1034
698.72,0.0924
698.74,0.08237
698.75,0.0777
698.77,0.06901
698.79,0.06114
698.8,0.0575
698.82,0.05076
698.84,0.04472
698.85,0.04194
698.87,0.03683
698.89,0.03228
698.9,0.03021
698.92,0.02643
698.94,0.0231
698.95,0.02159
698.97,0.01888
698.99,0.01653
699.0,0.01548
699.02,0.01362
699.03,0.0128
699.05,0.01138
699.07,0.01023
699.08,0.009742
699.1,0.008956
699.12,0.008402
699.13,0.008211
699.15,0.007995
699.17,0.008004
699.18,0.008093
699.2,0.008445
699.22,0.009037
699.23,0.009428
699.25,0.01041
699.27,0.01168
699.28,0.01242
699.3,0.01417
699.32,0.01627
699.33,0.01747
699.35,0.02019
699.37,0.02338
699.38,0.02517
699.4,0.02918
699.41,0.03141
699.43,0.03637
699.45,0.04206
699.46,0.0452
699.48,0.05215
699.5,0.06004
699.51,0.06438
699.53,0.0739
699.55,0.08464
699.56,0.09051
699.58,0.1033
699.6,0.1176
699.61,0.1254
699.63,0.1424
699.65,0.1612
699.66,0.1713
699.68,0.1933
699.7,0.2176
699.71,0.2306
699.73,0.2586
699.75,0.2894
699.76,0.3058
699.78,0.341
699.79,0.3597
699.81,0.3996
699.83,0.4429
699.84,0.4659
699.86,0.5146
699.88,0.567
699.89,0.5947
699.91,0.653
699.93,0.7153
699.94,0.7481
699.96,0.8166
699.98,0.8894
699.99,0.9274
700.01,1.007
700.03,1.09
700.04,1.133
700.06,1.223
700.08,1.317
700.09,1.365
700.11,1.465
700.12,1.516
700.14,1.622
700.16,1.73
700.17,1.786
700.19,1.899
700.21,2.015
700.22,2.074
700.24,2.193
700.26,2.314
700.27,2.375
700.29,2.498
700.31,2.621
700.32,2.683
700.34,2.806
700.36,2.929
700.37,2.989
700.39,3.11
700.41,3.229
700.42,3.287
700.44,3.401
700.46,3.513
700.47,3.567
700.49,3.672
700.5,3.722
700.52,3.82
700.54,3.912
700.55,3.956
700.57,4.04
700.59,4.116
700.6,4.152
700.62,4.219
700.64,4.278
700.65,4.304
700.67,4.352
700.69,4.391
700.7,4.408
700.72,4.436
700.74,4.455
700.75,4.461
700.77,4.469
700.79,4.468
700.8,4.464
700.82,4.451
700.84,4.431
700.85,4.418
700.87,4.386
700.88,4.368
700.9,4.326
700.92,4.278
700.93,4.251
700.95,4.194
700.97,4.131
700.98,4.098
701.0,4.028
701.02,3.954
701.03,3.915
701.05,3.836
701.07,3.754
701.08,3.713
701.1,3.628
701.12,3.542
701.13,3.499
701.15,3.412
701.17,3.327
701.18,3.284
701.2,3.2
701.22,3.119
701.23,3.079
701.25,3.002
701.26,2.965
701.28,2.895
701.3,2.829
701.31,2.799
701.33,2.743
701.35,2.694
701.36,2.673
701.38,2.637
701.4,2.609
701.41,2.599
701.43,2.587
701.45,2.587
701.46,2.591
701.48,2.608
701.5,2.639
701.51,2.66
701.53,2.712
701.55,2.78
701.56,2.82
701.58,2.911
701.59,2.964
701.61,3.081
701.63,3.217
701.64,3.292
701.66,3.456
701.68,3.639
701.69,3.738
701.71,3.951
701.73,4.185
701.74,4.309
701.76,4.573
701.78,4.857
701.79,5.007
701.81,5.321
701.83,5.655
701.84,5.83
701.86,6.193
701.88,6.574
701.89,6.771
701.91,7.178
701.93,7.6
701.94,7.817
701.96,8.26
701.97,8.486
701.99,8.946
702.01,9.416
702.02,9.654
702.04,10.13
702.06,10.62
702.07,10.86
702.09,11.35
702.11,11.83
702.12,12.07
702.14,12.54
702.16,13.01
702.17,13.24
702.19,13.69
702.21,14.12
702.22,14.33
702.24,14.73
702.26,15.12
702.27,15.3
702.29,15.64
702.31,15.96
702.32,16.11
702.34,16.38
702.35,16.5
702.37,16.72
702.39,16.9
702.4,16.98
702.42,17.1
702.44,17.19
702.45,17.22
702.47,17.25
702.49,17.24
702.5,17.22
702.52,17.15
702.54,17.04
702.55,16.97
702.57,16.8
702.59,16.6
702.6,16.48
702.62,16.23
702.64,15.94
702.65,15.78
702.67,15.45
702.69,15.09
702.7,14.9
702.72,14.5
702.73,14.29
702.75,13.86
702.77,13.42
702.78,13.19
702.8,12.73
702.82,12.25
702.83,12.01
702.85,11.52
702.87,11.04
702.88,10.79
702.9,10.3
702.92,9.82
702.93,9.58
702.95,9.105
702.97,8.639
702.98,8.41
703.0,7.961
703.02,7.526
703.03,7.314
703.05,6.901
703.06,6.701
703.08,6.314
703.1,5.946
703.11,5.769
703.13,5.429
703.15,5.109
703.16,4.957
703.18,4.667
703.2,4.397
703.21,4.269
703.23,4.03
703.25,3.809
703.26,3.706
703.28,3.514
703.3,3.34
703.31,3.259
703.33,3.111
703.35,2.979
703.36,2.919
703.38,2.809
703.4,2.714
703.41,2.671
703.43,2.594
703.44,2.561
703.46,2.502
703.48,2.453
703.49,2.432
703.51,2.397
703.53,2.37
703.54,2.36
703.56,2.344
703.58,2.335
703.59,2.332
703.61,2.332
703.63,2.337
703.64,2.341
703.66,2.353
703.68,2.371
703.69,2.381
703.71,2.405
703.73,2.434
703.74,2.45
703.76,2.486
703.78,2.527
703.79,2.549
703.81,2.599
703.82,2.626
703.84,2.685
703.86,2.751
703.87,2.787
703.89,2.864
703.91,2.951
703.92,2.997
703.94,3.098
703.96,3.208
703.97,3.268
703.99,3.395
704.01,3.534
704.02,3.608
704.04,3.766
704.06,3.937
704.07,4.028
704.09,4.219
704.11,4.425
704.12,4.533
704.14,4.76
704.16,5.001
704.17,5.126
704.19,5.388
704.2,5.524
704.22,5.805
704.24,6.098
704.25,6.249
704.27,6.559
704.29,6.88
704.3,7.043
704.32,7.376
704.34,7.715
704.35,7.887
704.37,8.233
704.39,8.581
704.4,8.755
704.42,9.103
704.44,9.448
704.45,9.619
704.47,9.956
704.49,10.29
704.5,10.45
704.52,10.76
704.53,10.91
704.55,11.2
704.57,11.48
704.58,11.61
704.6,11.86
704.62,12.08
704.63,12.19
704.65,12.38
704.67,12.54
704.68,12.61
704.7,12.74
704.72,12.84
704.73,12.88
704.75,12.93
704.77,12.96
704.78,12.96
704.8,12.94
704.82,12.9
704.83,12.86
704.85,12.78
704.87,12.66
704.88,12.6
704.9,12.45
704.91,12.36
704.93,12.18
704.95,11.97
704.96,11.87
704.98,11.64
705.0,11.39
705.01,11.26
705.03,11.0
705.05,10.73
705.06,10.6
705.08,10.32
705.1,10.05
705.11,9.907
705.13,9.635
705.15,9.369
705.16,9.24
705.18,8.989
705.2,8.752
705.21,8.64
705.23,8.428
705.25,8.238
705.26,8.151
705.28,7.996
705.29,7.928
705.31,7.814
705.33,7.731
705.34,7.701
705.36,7.666
705.38,7.667
705.39,7.681
705.41,7.737
705.43,7.833
705.44,7.896
705.46,8.052
705.48,8.249
705.49,8.364
705.51,8.624
705.53,8.928
705.54,9.096
705.56,9.463
705.58,9.873
705.59,10.09
705.61,10.56
705.63,11.08
705.64,11.35
705.66,11.91
705.67,12.21
705.69,12.83
705.71,13.49
705.72,13.82
705.74,14.52
705.76,15.24
705.77,15.61
705.79,16.37
705.81,17.13
705.82,17.52
705.84,18.31
705.86,19.1
705.87,19.5
705.89,20.29
705.91,21.07
705.92,21.46
705.94,22.23
705.96,22.98
705.97,23.34
705.99,24.06
706.0,24.4
706.02,25.07
706.04,25.69
706.05,25.99
706.07,26.56
706.09,27.07
706.1,27.31
706.12,27.75
706.14,28.14
706.15,28.31
706.17,28.61
706.19,28.84
706.2,28.94
706.22,29.08
706.24,29.16
706.25,29.17
706.27,29.16
706.29,29.08
706.3,29.01
706.32,28.84
706.34,28.61
706.35,28.47
706.37,28.16
706.38,27.98
706.4,27.59
706.42,27.15
706.43,26.91
706.45,26.41
706.47,25.87
706.48,25.58
706.5,24.99
706.52,24.37
706.53,24.05
706.55,23.4
706.57,22.73
706.58,22.4
706.6,21.71
706.62,21.02
706.63,20.67
706.65,19.98
706.67,19.28
706.68,18.94
706.7,18.26
706.72,17.58
706.73,17.25
706.75,16.59
706.76,16.27
706.78,15.64
706.8,15.03
706.81,14.73
706.83,14.14
706.85,13.57
706.86,13.3
706.88,12.76
706.9,12.24
706.91,11.99
706.93,11.51
706.95,11.04
706.96,10.81
706.98,10.37
707.0,9.95
707.01,9.745
707.03,9.348
707.05,8.966
707.06,8.78
707.08,8.419
707.1,8.072
707.11,7.902
707.13,7.573
707.14,7.412
707.16,7.098
707.18,6.794
707.19,6.645
707.21,6.355
707.23,6.072
707.24,5.934
707.26,5.663
707.28,5.399
707.29,5.269
707.31,5.016
707.33,4.769
707.34,4.648
707.36,4.411
707.38,4.181
707.39,4.068
707.41,3.848
707.43,3.634
707.44,3.53
707.46,3.328
707.47,3.229
707.49,3.037
707.51,2.853
707.52,2.764
707.54,2.592
707.56,2.428
707.57,2.349
707.59,2.197
707.61,2.054
707.62,1.985
707.64,1.855
707.66,1.734
707.67,1.677
707.69,1.569
707.71,1.47
707.72,1.424
707.74,1.338
707.76,1.261
707.77,1.226
707.79,1.163
707.81,1.108
707.82,1.083
707.84,1.041
707.85,1.023
707.87,0.9933
707.89,0.9714
707.9,0.9633
707.92,0.9529
707.94,0.9498
707.95,0.9509
707.97,0.9583
707.99,0.9723
708.0,0.9817
708.02,1.005
708.04,1.034
708.05,1.051
708.07,1.088
708.09,1.13
708.1,1.152
708.12,1.201
708.14,1.253
708.15,1.28
708.17,1.337
708.19,1.397
708.2,1.428
708.22,1.491
708.23,1.523
708.25,1.587
708.27,1.653
708.28,1.686
708.3,1.751
708.32,1.816
708.33,1.848
708.35,1.911
708.37,1.973
708.38,2.003
708.4,2.061
708.42,2.116
708.43,2.142
708.45,2.191
708.47,2.237
708.48,2.258
708.5,2.297
708.52,2.332
708.53,2.347
708.55,2.373
708.56,2.385
708.58,2.403
708.6,2.416
708.61,2.42
708.63,2.424
708.65,2.422
708.66,2.419
708.68,2.408
708.7,2.392
708.71,2.382
708.73,2.357
708.75,2.327
708.76,2.31
708.78,2.273
708.8,2.23
708.81,2.207
708.83,2.159
708.85,2.106
708.86,2.078
708.88,2.02
708.9,1.959
708.91,1.928
708.93,1.863
708.94,1.83
708.96,1.762
708.98,1.693
708.99,1.658
709.01,1.588
709.03,1.517
709.04,1.482
709.06,1.411
709.08,1.34
709.09,1.305
709.11,1.236
709.13,1.168
709.14,1.134
709.16,1.068
709.18,1.004
709.19,0.9725
709.21,0.9112
709.23,0.8519
709.24,0.8231
709.26,0.7673
709.28,0.7139
709.29,0.6881
709.31,0.6384
709.32,0.6145
709.34,0.5686
709.36,0.5252
709.37,0.5044
709.39,0.4648
709.41,0.4277
709.42,0.4101
709.44,0.3766
709.46,0.3455
709.47,0.3308
709.49,0.3031
709.51,0.2776
709.52,0.2657
709.54,0.2434
709.56,0.223
709.57,0.2136
709.59,0.1961
709.61,0.1805
709.62,0.1734
709.64,0.1603
709.66,0.149
709.67,0.144
709.69,0.1351
709.7,0.1312
709.72,0.1246
709.74,0.1195
709.75,0.1175
709.77,0.1147
709.79,0.1133
709.8,0.1131
709.82,0.1139
709.84,0.1161
709.85,0.1178
709.87,0.1223
709.89,0.1282
709.9,0.1318
709.92,0.14
709.94,0.1499
709.95,0.1554
709.97,0.1676
709.99,0.1815
710.0,0.1891
710.02,0.2056
710.03,0.2145
710.05,0.2336
710.07,0.2544
710.08,0.2656
710.1,0.2892
710.12,0.3147
710.13,0.3281
710.15,0.3563
710.17,0.3864
710.18,0.4022
710.2,0.435
710.22,0.4695
710.23,0.4875
710.25,0.5246
710.27,0.5633
710.28,0.5832
710.3,0.6241
710.32,0.6663
710.33,0.6879
710.35,0.7319
710.37,0.7768
710.38,0.7996
710.4,0.8456
710.41,0.8688
710.43,0.9155
710.45,0.9623
710.46,0.9857
710.48,1.032
710.5,1.078
710.51,1.101
710.53,1.146
710.55,1.19
710.56,1.211
710.58,1.253
710.6,1.293
710.61,1.312
710.63,1.349
710.65,1.383
710.66,1.399
710.68,1.43
710.7,1.457
710.71,1.469
710.73,1.492
710.75,1.511
710.76,1.519
710.78,1.532
710.79,1.538
710.81,1.546
710.83,1.55
710.84,1.551
710.86,1.549
710.88,1.544
710.89,1.54
710.91,1.528
710.93,1.514
710.94,1.505
710.96,1.485
710.98,1.461
710.99,1.448
711.01,1.42
711.03,1.389
711.04,1.372
711.06,1.337
711.08,1.299
711.09,1.28
711.11,1.239
711.13,1.197
711.14,1.175
711.16,1.131
711.17,1.109
711.19,1.063
711.21,1.016
711.22,0.9931
711.24,0.9462
711.26,0.8993
711.27,0.8759
711.29,0.8294
711.31,0.7834
711.32,0.7606
711.34,0.7158
711.36,0.6719
711.37,0.6503
711.39,0.6082
711.41,0.5673
711.42,0.5474
711.44,0.5088
711.46,0.4716
711.47,0.4537
711.49,0.419
711.5,0.4023
711.52,0.3702
711.54,0.3398
711.55,0.3253
711.57,0.2974
711.59,0.2713
711.6,0.2589
711.62,0.2353
711.64,0.2133
711.65,0.2029
711.67,0.1833
711.69,0.1651
711.7,0.1566
711.72,0.1406
711.74,0.1259
711.75,0.119
711.77,0.1062
711.79,0.09455
711.8,0.08913
711.82,0.07907
711.84,0.06999
711.85,0.06579
711.87,0.05806
711.88,0.05449
711.9,0.04795
711.92,0.04212
711.93,0.03946
711.95,0.0346
711.97,0.03032
711.98,0.02838
712.0,0.02487
712.02,0.02182
712.03,0.02046
712.05,0.01802
712.07,0.01595
712.08,0.01504
712.1,0.01346
712.12,0.01217
712.13,0.01162
712.15,0.01072
712.17,0.01005
712.18,0.0098
712.2,0.009457
712.22,0.009314
712.23,0.009314
712.25,0.009453
712.26,0.00959
712.28,0.009994
712.3,0.01057
712.31,0.01092
712.33,0.01175
712.35,0.01275
712.36,0.01331
712.38,0.01456
712.4,0.01599
712.41,0.01676
712.43,0.01845
712.45,0.02032
712.46,0.02132
712.48,0.02346
712.5,0.0258
712.51,0.02703
712.53,0.02966
712.55,0.03248
712.56,0.03396
712.58,0.03708
712.6,0.04039
712.61,0.04213
712.63,0.04574
712.64,0.04762
712.66,0.05153
712.68,0.05562
712.69,0.05774
712.71,0.0621
712.73,0.06664
712.74,0.06897
712.76,0.07373
712.78,0.07863
712.79,0.08113
712.81,0.08621
712.83,0.09138
712.84,0.09399
712.86,0.09926
712.88,0.1046
712.89,0.1072
712.91,0.1126
712.93,0.1179
712.94,0.1205
712.96,0.1257
712.97,0.1283
712.99,0.1333
713.01,0.1382
713.02,0.1406
713.04,0.1453
713.06,0.1497
713.07,0.1518
713.09,0.1559
713.11,0.1597
713.12,0.1615
713.14,0.1648
713.16,0.1678
713.17,0.1691
713.19,0.1716
713.21,0.1736
713.22,0.1745
713.24,0.176
713.26,0.177
713.27,0.1774
713.29,0.1778
713.31,0.1778
713.32,0.1776
713.34,0.177
713.35,0.1765
713.37,0.1753
713.39,0.1737
713.4,0.1727
713.42,0.1706
713.44,0.168
713.45,0.1666
713.47,0.1636
713.49,0.1603
713.5,0.1585
713.52,0.1548
713.54,0.1508
713.55,0.1488
713.57,0.1445
713.59,0.1401
713.6,0.1378
713.62,0.1332
713.64,0.1285
713.65,0.1261
713.67,0.1213
713.69,0.1165
713.7,0.114
713.72,0.1092
713.73,0.1068
713.75,0.1021
713.77,0.09735
713.78,0.09503
713.8,0.09045
713.82,0.08598
713.83,0.08379
713.85,0.0795
713.87,0.07534
713.88,0.07332
713.9,0.06938
713.92,0.0656
713.93,0.06376
713.95,0.06022
713.97,0.05683
713.98,0.0552
714.0,0.05205
714.02,0.04907
714.03,0.04763
714.05,0.04488
714.07,0.04227
714.08,0.04103
714.1,0.03864
714.11,0.0375
714.13,0.03531
714.15,0.03325
714.16,0.03227
714.18,0.03039
714.2,0.02863
714.21,0.02778
714.23,0.02617
714.25,0.02465
714.26,0.02393
714.28,0.02254
714.3,0.02124
714.31,0.02061
714.33,0.01942
714.35,0.01829
714.36,0.01776
714.38,0.01673
714.4,0.01576
714.41,0.01529
714.43,0.01441
714.44,0.01399
714.46,0.01318
714.48,0.01243
714.49,0.01208
714.51,0.0114
714.53,0.01079
714.54,0.0105
714.56,0.009972
714.58,0.009504
714.59,0.009295
714.61,0.00893
714.63,0.008641
714.64,0.008528
714.66,0.008371
714.68,0.008315
714.69,0.00833
714.71,0.008452
714.73,0.008714
714.74,0.008904
714.76,0.009415
714.78,0.01012
714.79,0.01056
714.81,0.01163
714.82,0.01226
714.84,0.01376
714.86,0.01562
714.87,0.01669
714.89,0.01916
714.91,0.02214
714.92,0.02383
714.94,0.02769
714.96,0.03224
714.97,0.03481
714.99,0.04059
715.01,0.04735
715.02,0.05112
715.04,0.05957
715.06,0.06934
715.07,0.07477
715.09,0.08683
715.11,0.1007
715.12,0.1083
715.14,0.1252
715.16,0.1444
715.17,0.1549
715.19,0.1781
715.2,0.1908
715.22,0.2186
715.24,0.2499
715.25,0.2669
715.27,0.304
715.29,0.3454
715.3,0.3679
715.32,0.4165
715.34,0.4703
715.35,0.4994
715.37,0.5619
715.39,0.6307
715.4,0.6676
715.42,0.7467
715.44,0.833
715.45,0.879
715.47,0.9771
715.49,1.083
715.5,1.14
715.52,1.259
715.54,1.388
715.55,1.455
715.57,1.598
715.58,1.673
715.6,1.83
715.62,1.997
715.63,2.084
715.65,2.266
715.67,2.457
715.68,2.557
715.7,2.763
715.72,2.978
715.73,3.089
715.75,3.317
715.77,3.554
715.78,3.675
715.8,3.922
715.82,4.176
715.83,4.305
715.85,4.567
715.87,4.833
715.88,4.967
715.9,5.237
715.91,5.372
715.93,5.643
715.95,5.913
715.96,6.047
715.98,6.313
716.0,6.575
716.01,6.703
716.03,6.955
716.05,7.199
716.06,7.317
716.08,7.546
716.1,7.762
716.11,7.866
716.13,8.062
716.15,8.242
716.16,8.326
716.18,8.481
716.2,8.618
716.21,8.68
716.23,8.787
716.25,8.874
716.26,8.91
716.28,8.965
716.29,8.985
716.31,9.008
716.33,9.008
716.34,9.0
716.36,8.968
716.38,8.914
716.39,8.879
716.41,8.793
716.43,8.687
716.44,8.626
716.46,8.491
716.48,8.338
716.49,8.255
716.51,8.077
716.53,7.884
716.54,7.782
716.56,7.569
716.58,7.344
716.59,7.227
716.61,6.988
716.63,6.741
716.64,6.615
716.66,6.36
716.67,6.23
716.69,5.97
716.71,5.707
716.72,5.576
716.74,5.314
716.76,5.055
716.77,4.926
716.79,4.672
716.81,4.423
716.82,4.301
716.84,4.062
716.86,3.831
716.87,3.719
716.89,3.501
716.91,3.292
716.92,3.192
716.94,3.0
716.96,2.818
716.97,2.731
716.99,2.567
717.01,2.414
717.02,2.342
717.04,2.207
717.05,2.144
717.07,2.026
717.09,1.92
717.1,1.872
717.12,1.783
717.14,1.705
717.15,1.67
717.17,1.607
717.19,1.555
717.2,1.532
717.22,1.494
717.24,1.464
717.25,1.452
717.27,1.434
717.29,1.423
717.3,1.42
717.32,1.419
717.34,1.423
717.35,1.427
717.37,1.439
717.38,1.446
717.4,1.463
717.42,1.484
717.43,1.495
717.45,1.519
717.47,1.544
717.48,1.558
717.5,1.584
717.52,1.611
717.53,1.625
717.55,1.651
717.57,1.676
717.58,1.688
717.6,1.711
717.62,1.732
717.63,1.741
717.65,1.758
717.67,1.772
717.68,1.779
717.7,1.788
717.72,1.795
717.73,1.797
717.75,1.798
717.76,1.797
717.78,1.793
717.8,1.786
717.81,1.781
717.83,1.769
717.85,1.753
717.86,1.744
717.88,1.724
717.9,1.702
717.91,1.689
717.93,1.663
717.95,1.635
717.96,1.621
717.98,1.591
718.0,1.56
718.01,1.545
718.03,1.514
718.05,1.483
718.06,1.468
718.08,1.439
718.1,1.413
718.11,1.4
718.13,1.377
718.14,1.367
718.16,1.35
718.18,1.337
718.19,1.333
718.21,1.328
718.23,1.331
718.24,1.334
718.26,1.348
718.28,1.371
718.29,1.386
718.31,1.424
718.33,1.473
718.34,1.502
718.36,1.571
718.38,1.653
718.39,1.7
718.41,1.806
718.43,1.93
718.44,1.999
718.46,2.151
718.47,2.235
718.49,2.418
718.51,2.626
718.52,2.738
718.54,2.983
718.56,3.254
718.57,3.401
718.59,3.716
718.61,4.062
718.62,4.247
718.64,4.642
718.66,5.072
718.67,5.3
718.69,5.785
718.71,6.308
718.72,6.584
718.74,7.166
718.76,7.789
718.77,8.116
718.79,8.801
718.81,9.528
718.82,9.907
718.84,10.7
718.85,11.11
718.87,11.96
718.89,12.85
718.9,13.32
718.92,14.27
718.94,15.26
718.95,15.76
718.97,16.8
718.99,17.87
719.0,18.42
719.02,19.53
719.04,20.66
719.05,21.24
719.07,22.39
719.09,23.56
719.1,24.15
719.12,25.32
719.14,26.49
719.15,27.07
719.17,28.23
719.19,29.36
719.2,29.92
719.22,31.02
719.23,31.56
719.25,32.6
719.27,33.6
719.28,34.08
719.3,35.01
719.32,35.87
719.33,36.28
719.35,37.04
719.37,37.73
719.38,38.05
719.4,38.62
719.42,39.11
719.43,39.32
719.45,39.67
719.47,39.94
719.48,40.03
719.5,40.15
719.52,40.18
719.53,40.15
719.55,40.04
719.57,39.82
719.58,39.68
719.6,39.32
719.61,39.11
719.63,38.62
719.65,38.05
719.66,37.73
719.68,37.03
719.7,36.26
719.71,35.85
719.73,34.98
719.75,34.04
719.76,33.55
719.78,32.54
719.8,31.48
719.81,30.94
719.83,29.82
719.85,28.67
719.86,28.09
719.88,26.91
719.9,25.72
719.91,25.13
719.93,23.93
719.94,23.33
719.96,22.14
719.98,20.95
719.99,20.37
720.01,19.21
720.03,18.08
720.04,17.52
720.06,16.42
720.08,15.36
720.09,14.84
720.11,13.83
720.13,12.86
720.14,12.38
720.16,11.47
720.18,10.6
720.19,10.18
720.21,9.377
720.23,8.615
720.24,8.251
720.26,7.554
720.28,6.901
720.29,6.59
720.31,6.0
720.32,5.72
720.34,5.191
720.36,4.701
720.37,4.471
720.39,4.036
720.41,3.638
720.42,3.451
720.44,3.102
720.46,2.783
720.47,2.635
720.49,2.36
720.51,2.111
720.52,1.996
720.54,1.783
720.56,1.593
720.57,1.505
720.59,1.344
720.61,1.201
720.62,1.136
720.64,1.017
720.66,0.9121
720.67,0.8646
720.69,0.7787
720.7,0.74
720.72,0.6702
720.74,0.6098
720.75,0.5828
720.77,0.5346
720.79,0.4934
720.8,0.4752
720.82,0.4431
720.84,0.4161
720.85,0.4044
720.87,0.3839
720.89,0.3672
720.9,0.36
720.92,0.3479
720.94,0.3384
720.95,0.3345
720.97,0.3282
720.99,0.3237
721.0,0.3221
721.02,0.3199
721.04,0.3191
721.05,0.3191
721.07,0.3199
721.08,0.3207
721.1,0.323
721.12,0.3262
721.13,0.3281
721.15,0.3326
721.17,0.338
721.18,0.341
721.2,0.3477
721.22,0.3554
721.23,0.3596
721.25,0.3688
721.27,0.3791
721.28,0.3846
721.3,0.3967
721.32,0.4101
721.33,0.4173
721.35,0.4328
721.37,0.4498
721.38,0.459
721.4,0.4785
721.41,0.4889
721.43,0.5111
721.45,0.5352
721.46,0.548
721.48,0.5751
721.5,0.6042
721.51,0.6195
721.53,0.6518
721.55,0.6863
721.56,0.7044
721.58,0.7421
721.6,0.782
721.61,0.8028
721.63,0.846
721.65,0.8913
721.66,0.9148
721.68,0.9632
721.7,1.014
721.71,1.039
721.73,1.093
721.75,1.148
721.76,1.176
721.78,1.233
721.79,1.262
721.81,1.322
721.83,1.383
721.84,1.414
721.86,1.476
721.88,1.54
721.89,1.572
721.91,1.637
721.93,1.703
721.94,1.736
721.96,1.803
721.98,1.87
721.99,1.904
722.01,1.972
722.03,2.041
722.04,2.075
722.06,2.144
722.08,2.214
722.09,2.249
722.11,2.32
722.13,2.391
722.14,2.427
722.16,2.499
722.17,2.536
722.19,2.609
722.21,2.684
722.22,2.722
722.24,2.798
722.26,2.876
722.27,2.916
722.29,2.996
722.31,3.078
722.32,3.119
722.34,3.204
722.36,3.29
722.37,3.334
722.39,3.423
722.41,3.513
722.42,3.559
722.44,3.652
722.46,3.747
722.47,3.795
722.49,3.892
722.51,3.99
722.52,4.039
722.54,4.137
722.55,4.187
722.57,4.285
722.59,4.383
722.6,4.432
722.62,4.528
722.64,4.623
722.65,4.669
722.67,4.76
722.69,4.847
722.7,4.889
722.72,4.97
722.74,5.046
722.75,5.082
722.77,5.15
722.79,5.211
722.8,5.239
722.82,5.289
722.84,5.331
722.85,5.349
722.87,5.379
722.88,5.39
722.9,5.406
722.92,5.412
722.93,5.411
722.95,5.402
722.97,5.384
722.98,5.37
723.0,5.337
723.02,5.293
723.03,5.267
723.05,5.209
723.07,5.141
723.08,5.103
723.1,5.022
723.12,4.932
723.13,4.884
723.15,4.782
723.17,4.674
723.18,4.617
723.2,4.5
723.22,4.377
723.23,4.314
723.25,4.185
723.26,4.119
723.28,3.986
723.3,3.85
723.31,3.782
723.33,3.645
723.35,3.509
723.36,3.441
723.38,3.305
723.4,3.172
723.41,3.107
723.43,2.978
723.45,2.852
723.46,2.791
723.48,2.673
723.5,2.559
723.51,2.504
723.53,2.398
723.55,2.298
723.56,2.25
723.58,2.16
723.6,2.075
723.61,2.036
723.63,1.961
723.64,1.926
723.66,1.861
723.68,1.803
723.69,1.776
723.71,1.726
723.73,1.683
723.74,1.663
723.76,1.628
723.78,1.599
723.79,1.586
723.81,1.563
723.83,1.544
723.84,1.537
723.86,1.524
723.88,1.514
723.89,1.511
723.91,1.505
723.93,1.501
723.94,1.5
723.96,1.499
723.98,1.499
723.99,1.499
724.01,1.499
724.02,1.5
724.04,1.5
724.06,1.5
724.07,1.5
724.09,1.499
724.11,1.496
724.12,1.494
724.14,1.489
724.16,1.483
724.17,1.479
724.19,1.469
724.21,1.458
724.22,1.451
724.24,1.436
724.26,1.419
724.27,1.41
724.29,1.389
724.31,1.367
724.32,1.355
724.34,1.329
724.35,1.315
724.37,1.287
724.39,1.256
724.4,1.24
724.42,1.208
724.44,1.174
724.45,1.156
724.47,1.12
724.49,1.083
724.5,1.065
724.52,1.027
724.54,0.9888
724.55,0.9696
724.57,0.9311
724.59,0.8925
724.6,0.8733
724.62,0.8352
724.64,0.7974
724.65,0.7788
724.67,0.7419
724.69,0.7059
724.7,0.6882
724.72,0.6536
724.73,0.6367
724.75,0.6037
724.77,0.5719
724.78,0.5564
724.8,0.5266
724.82,0.498
724.83,0.4843
724.85,0.4578
724.87,0.4327
724.88,0.4207
724.9,0.3978
724.92,0.3764
724.93,0.3662
724.95,0.3468
724.97,0.3289
724.98,0.3205
725.0,0.3046
725.02,0.2901
725.03,0.2833
725.05,0.2708
725.07,0.2595
725.08,0.2543
725.1,0.2449
725.11,0.2407
725.13,0.2331
725.15,0.2268
725.16,0.2241
725.18,0.2195
725.2,0.2162
725.21,0.215
725.23,0.2136
725.25,0.2134
725.26,0.2139
725.28,0.2158
725.3,0.2191
725.31,0.2214
725.33,0.2271
725.35,0.2345
725.36,0.2389
725.38,0.2491
725.4,0.2614
725.41,0.2684
725.43,0.2841
725.45,0.3023
725.46,0.3124
725.48,0.3349
725.49,0.3473
725.51,0.3745
725.53,0.4053
725.54,0.4221
725.56,0.4586
725.58,0.4994
725.59,0.5215
725.61,0.5693
725.63,0.6222
725.64,0.6506
725.66,0.7116
725.68,0.7786
725.69,0.8143
725.71,0.8907
725.73,0.9738
725.74,1.018
725.76,1.112
725.78,1.213
725.79,1.266
725.81,1.379
725.82,1.438
725.84,1.562
725.86,1.695
725.87,1.765
725.89,1.91
725.91,2.063
725.92,2.143
725.94,2.309
725.96,2.483
725.97,2.573
725.99,2.759
726.01,2.952
726.02,3.052
726.04,3.256
726.06,3.466
726.07,3.574
726.09,3.793
726.11,4.017
726.12,4.131
726.14,4.361
726.16,4.595
726.17,4.713
726.19,4.949
726.2,5.068
726.22,5.306
726.24,5.543
726.25,5.661
726.27,5.895
726.29,6.126
726.3,6.24
726.32,6.465
726.34,6.684
726.35,6.791
726.37,7.0
726.39,7.2
726.4,7.297
726.42,7.483
726.44,7.659
726.45,7.743
726.47,7.901
726.49,8.048
726.5,8.116
726.52,8.244
726.54,8.357
726.55,8.409
726.57,8.501
726.58,8.542
726.6,8.613
726.62,8.67
726.63,8.693
726.65,8.728
726.67,8.748
726.68,8.753
726.7,8.753
726.72,8.739
726.73,8.727
726.75,8.693
726.77,8.647
726.78,8.619
726.8,8.555
726.82,8.48
726.83,8.439
726.85,8.349
726.87,8.249
726.88,8.196
726.9,8.083
726.92,7.963
726.93,7.9
726.95,7.769
726.96,7.702
726.98,7.562
727.0,7.417
727.01,7.343
727.03,7.192
727.05,7.037
727.06,6.958
727.08,6.798
727.1,6.636
727.11,6.554
727.13,6.389
727.15,6.222
727.16,6.138
727.18,5.97
727.2,5.8
727.21,5.715
727.23,5.545
727.25,5.375
727.26,5.29
727.28,5.121
727.29,5.036
727.31,4.867
727.33,4.699
727.34,4.615
727.36,4.448
727.38,4.282
727.39,4.2
727.41,4.036
727.43,3.875
727.44,3.794
727.46,3.635
727.48,3.478
727.49,3.401
727.51,3.247
727.53,3.096
727.54,3.022
727.56,2.875
727.58,2.731
727.59,2.661
727.61,2.522
727.63,2.386
727.64,2.32
727.66,2.19
727.67,2.127
727.69,2.002
727.71,1.882
727.72,1.824
727.74,1.71
727.76,1.6
727.77,1.547
727.79,1.444
727.81,1.345
727.82,1.298
727.84,1.206
727.86,1.118
727.87,1.076
727.89,0.9957
727.91,0.9194
727.92,0.8829
727.94,0.8131
727.96,0.7475
727.97,0.7164
727.99,0.6571
728.01,0.6018
728.02,0.5756
728.04,0.5262
728.05,0.5029
728.07,0.459
728.09,0.4186
728.1,0.3997
728.12,0.3644
728.14,0.3322
728.15,0.3173
728.17,0.2896
728.19,0.2648
728.2,0.2534
728.22,0.2325
728.24,0.2141
728.25,0.2058
728.27,0.1908
728.29,0.178
728.3,0.1724
728.32,0.1625
728.34,0.1545
728.35,0.1511
728.37,0.1457
728.38,0.1435
728.4,0.1404
728.42,0.1386
728.43,0.1382
728.45,0.1384
728.47,0.1398
728.48,0.1409
728.5,0.1439
728.52,0.1478
728.53,0.1502
728.55,0.1555
728.57,0.1616
728.58,0.1649
728.6,0.172
728.62,0.1798
728.63,0.1839
728.65,0.1924
728.67,0.2014
728.68,0.206
728.7,0.2155
728.72,0.2253
728.73,0.2303
728.75,0.2404
728.76,0.2455
728.78,0.2557
728.8,0.2659
728.81,0.271
728.83,0.2811
728.85,0.2911
728.86,0.296
728.88,0.3056
728.9,0.3148
728.91,0.3193
728.93,0.328
728.95,0.3363
728.96,0.3402
728.98,0.3476
729.0,0.3545
729.01,0.3577
729.03,0.3636
729.05,0.3688
729.06,0.3711
729.08,0.3752
729.1,0.3785
729.11,0.3799
729.13,0.382
729.14,0.3827
729.16,0.3837
729.18,0.3837
729.19,0.3835
729.21,0.3823
729.23,0.3804
729.24,0.3791
729.26,0.376
729.28,0.3721
729.29,0.3699
729.31,0.3649
729.33,0.3592
729.34,0.3561
729.36,0.3495
729.38,0.3422
729.39,0.3384
729.41,0.3304
729.43,0.3219
729.44,0.3175
729.46,0.3083
729.48,0.2989
729.49,0.294
729.51,0.2842
729.52,0.2791
729.54,0.2689
729.56,0.2586
729.57,0.2534
729.59,0.243
729.61,0.2325
729.62,0.2273
729.64,0.2169
729.66,0.2065
729.67,0.2014
729.69,0.1913
729.71,0.1814
729.72,0.1765
729.74,0.1669
729.76,0.1575
729.77,0.1529
729.79,0.144
729.81,0.1353
729.82,0.1311
729.84,0.123
729.85,0.119
729.87,0.1114
729.89,0.1041
729.9,0.1006
729.92,0.09379
729.94,0.08738
729.95,0.0843
729.97,0.07842
729.99,0.07288
730.0,0.07025
730.02,0.06523
730.04,0.06055
730.05,0.05834
730.07,0.05415
730.09,0.05029
730.1,0.04848
730.12,0.04509
730.14,0.04199
730.15,0.04056
730.17,0.03791
730.19,0.03554
730.2,0.03447
730.22,0.03253
730.23,0.03166
730.25,0.03013
730.27,0.02888
730.28,0.02836
730.3,0.02753
730.32,0.02697
730.33,0.0268
730.35,0.02667
730.37,0.02684
730.38,0.02704
730.4,0.02768
730.42,0.02864
730.43,0.02924
730.45,0.03072
730.47,0.03256
730.48,0.03362
730.5,0.03605
730.52,0.0389
730.53,0.04049
730.55,0.04401
730.57,0.04802
730.58,0.05021
730.6,0.05499
730.61,0.05758
730.63,0.06319
730.65,0.0694
730.66,0.07274
730.68,0.07989
730.7,0.08771
730.71,0.09187
730.73,0.1007
730.75,0.1103
730.76,0.1154
730.78,0.1261
730.8,0.1376
730.81,0.1436
730.83,0.1563
730.85,0.1697
730.86,0.1768
730.88,0.1914
730.9,0.2069
730.91,0.2149
730.93,0.2315
730.95,0.2488
730.96,0.2578
730.98,0.2762
730.99,0.2856
731.01,0.305
731.03,0.3249
731.04,0.3351
731.06,0.3558
731.08,0.3769
731.09,0.3875
731.11,0.4091
731.13,0.4309
731.14,0.4418
731.16,0.4638
731.18,0.4856
731.19,0.4965
731.21,0.5182
731.23,0.5395
731.24,0.55
731.26,0.5706
731.28,0.5906
731.29,0.6004
731.31,0.6193
731.32,0.6285
731.34,0.646
731.36,0.6626
731.37,0.6704
731.39,0.6852
731.41,0.6987
731.42,0.7049
731.44,0.7164
731.46,0.7263
731.47,0.7307
731.49,0.7383
731.51,0.7443
731.52,0.7467
731.54,0.7502
731.56,0.752
731.57,0.7523
731.59,0.7517
731.61,0.7493
731.62,0.7475
731.64,0.7427
731.66,0.7363
731.67,0.7326
731.69,0.7239
731.7,0.7191
731.72,0.7083
731.74,0.6962
731.75,0.6897
731.77,0.6759
731.79,0.661
731.8,0.6531
731.82,0.6368
731.84,0.6197
731.85,0.6108
731.87,0.5927
731.89,0.5741
731.9,0.5646
731.92,0.5454
731.94,0.526
731.95,0.5162
731.97,0.4967
731.99,0.4771
732.0,0.4674
732.02,0.4481
732.04,0.4291
732.05,0.4197
732.07,0.4013
732.08,0.3922
732.1,0.3745
732.12,0.3574
732.13,0.349
732.15,0.3329
732.17,0.3174
732.18,0.3099
732.2,0.2955
732.22,0.2819
732.23,0.2754
732.25,0.2629
732.27,0.2513
732.28,0.2458
732.3,0.2354
732.32,0.2258
732.33,0.2213
732.35,0.2129
732.37,0.2053
732.38,0.2018
732.4,0.1953
732.42,0.1895
732.43,0.1868
732.45,0.1821
732.46,0.1799
732.48,0.1761
732.5,0.1729
732.51,0.1714
732.53,0.169
732.55,0.1671
732.56,0.1663
732.58,0.165
732.6,0.1642
732.61,0.1639
732.63,0.1636
732.65,0.1636
732.66,0.1637
732.68,0.1641
732.7,0.1647
732.71,0.1651
732.73,0.1661
732.75,0.1672
732.76,0.1678
732.78,0.1691
732.79,0.1698
732.81,0.1713
732.83,0.1729
732.84,0.1737
732.86,0.1754
732.88,0.1772
732.89,0.1781
732.91,0.1799
732.93,0.1818
732.94,0.1827
732.96,0.1847
732.98,0.1867
732.99,0.1878
733.01,0.1899
733.03,0.1922
733.04,0.1933
733.06,0.1957
733.08,0.1982
733.09,0.1995
733.11,0.2023
733.13,0.2053
733.14,0.2068
733.16,0.2101
733.17,0.2118
733.19,0.2155
733.21,0.2195
733.22,0.2217
733.24,0.2263
733.26,0.2312
733.27,0.2339
733.29,0.2397
733.31,0.246
733.32,0.2493
733.34,0.2566
733.36,0.2646
733.37,0.269
733.39,0.2782
733.41,0.2885
733.42,0.294
733.44,0.3059
733.46,0.3191
733.47,0.3262
733.49,0.3415
733.51,0.3584
733.52,0.3676
733.54,0.3873
733.55,0.3979
733.57,0.4208
733.59,0.4462
733.6,0.4598
733.62,0.4892
733.64,0.5217
733.65,0.5392
733.67,0.5768
733.69,0.6182
733.7,0.6405
733.72,0.6882
733.74,0.7406
733.75,0.7686
733.77,0.8286
733.79,0.8942
733.8,0.9291
733.82,1.004
733.84,1.085
733.85,1.128
733.87,1.219
733.89,1.318
733.9,1.37
733.92,1.481
733.93,1.539
733.95,1.662
733.97,1.793
733.98,1.862
734.0,2.007
734.02,2.16
734.03,2.241
734.05,2.408
734.07,2.584
734.08,2.675
734.1,2.864
734.12,3.062
734.13,3.164
734.15,3.375
734.17,3.593
734.18,3.704
734.2,3.933
734.22,4.168
734.23,4.287
734.25,4.53
734.26,4.653
734.28,4.902
734.3,5.154
734.31,5.28
734.33,5.534
734.35,5.788
734.36,5.914
734.38,6.165
734.4,6.413
734.41,6.536
734.43,6.776
734.45,7.01
734.46,7.124
734.48,7.345
734.5,7.557
734.51,7.658
734.53,7.852
734.55,8.032
734.56,8.117
734.58,8.276
734.6,8.418
734.61,8.482
734.63,8.598
734.64,8.65
734.66,8.738
734.68,8.807
734.69,8.834
734.71,8.873
734.73,8.891
734.74,8.893
734.76,8.881
734.78,8.848
734.79,8.824
734.81,8.762
734.83,8.679
734.84,8.631
734.86,8.52
734.88,8.391
734.89,8.32
734.91,8.166
734.93,7.997
734.94,7.906
734.96,7.716
734.98,7.512
734.99,7.406
735.01,7.187
735.02,7.073
735.04,6.84
735.06,6.6
735.07,6.478
735.09,6.23
735.11,5.978
735.12,5.852
735.14,5.597
735.16,5.343
735.17,5.216
735.19,4.964
735.21,4.715
735.22,4.592
735.24,4.35
735.26,4.114
735.27,3.998
735.29,3.772
735.31,3.554
735.32,3.448
735.34,3.244
735.36,3.049
735.37,2.955
735.39,2.776
735.4,2.691
735.42,2.528
735.44,2.377
735.45,2.306
735.47,2.172
735.49,2.051
735.5,1.995
735.52,1.891
735.54,1.799
735.55,1.758
735.57,1.684
735.59,1.622
735.6,1.595
735.62,1.55
735.64,1.516
735.65,1.503
735.67,1.486
735.69,1.478
735.7,1.478
735.72,1.485
735.73,1.492
735.75,1.513
735.77,1.543
735.78,1.561
735.8,1.602
735.82,1.651
735.83,1.679
735.85,1.738
735.87,1.803
735.88,1.837
735.9,1.91
735.92,1.988
735.93,2.028
735.95,2.111
735.97,2.197
735.98,2.241
736.0,2.33
736.02,2.421
736.03,2.466
736.05,2.557
736.07,2.648
736.08,2.692
736.1,2.781
736.11,2.825
736.13,2.91
736.15,2.992
736.16,3.032
736.18,3.109
736.2,3.181
736.21,3.215
736.23,3.279
736.25,3.338
736.26,3.365
736.28,3.414
736.3,3.456
736.31,3.474
736.33,3.505
736.35,3.529
736.36,3.538
736.38,3.55
736.4,3.554
736.41,3.553
736.43,3.545
736.45,3.529
736.46,3.518
736.48,3.49
736.49,3.473
736.51,3.434
736.53,3.388
736.54,3.363
736.56,3.306
736.58,3.244
736.59,3.21
736.61,3.139
736.63,3.062
736.64,3.022
736.66,2.939
736.68,2.851
736.69,2.807
736.71,2.715
736.73,2.62
736.74,2.572
736.76,2.475
736.78,2.377
736.79,2.328
736.81,2.23
736.83,2.132
736.84,2.084
736.86,1.988
736.87,1.941
736.89,1.848
736.91,1.758
736.92,1.714
736.94,1.629
736.96,1.548
736.97,1.509
736.99,1.434
737.01,1.365
737.02,1.332
737.04,1.271
737.06,1.216
737.07,1.19
737.09,1.144
737.11,1.105
737.12,1.089
737.14,1.06
737.16,1.04
737.17,1.032
737.19,1.023
737.2,1.022
737.22,1.026
737.24,1.038
737.25,1.047
737.27,1.073
737.29,1.108
737.3,1.129
737.32,1.178
737.34,1.237
737.35,1.27
737.37,1.344
737.39,1.428
737.4,1.474
737.42,1.574
737.44,1.684
737.45,1.744
737.47,1.871
737.49,2.01
737.5,2.083
737.52,2.239
737.54,2.406
737.55,2.495
737.57,2.68
737.58,2.777
737.6,2.981
737.62,3.197
737.63,3.31
737.65,3.546
737.67,3.794
737.68,3.924
737.7,4.193
737.72,4.476
737.73,4.623
737.75,4.927
737.77,5.247
737.78,5.413
737.8,5.757
737.82,6.118
737.83,6.305
737.85,6.693
737.87,7.099
737.88,7.31
737.9,7.747
737.92,8.206
737.93,8.444
737.95,8.938
737.96,9.195
737.98,9.728
738.0,10.29
738.01,10.58
738.03,11.19
738.05,11.82
738.06,12.15
738.08,12.84
738.1,13.57
738.11,13.95
738.13,14.73
738.15,15.56
738.16,15.99
738.18,16.88
738.2,17.81
738.21,18.3
738.23,19.31
738.25,20.36
738.26,20.91
738.28,22.03
738.29,22.61
738.31,23.81
738.33,25.06
738.34,25.7
738.36,27.02
738.38,28.39
738.39,29.08
738.41,30.51
738.43,31.97
738.44,32.72
738.46,34.23
738.48,35.77
738.49,36.55
738.51,38.13
738.53,39.71
738.54,40.51
738.56,42.1
738.58,43.7
738.59,44.49
738.61,46.06
738.63,47.61
738.64,48.38
738.66,49.88
738.67,50.61
738.69,52.04
738.71,53.42
738.72,54.08
738.74,55.35
738.76,56.55
738.77,57.11
738.79,58.17
738.81,59.14
738.82,59.58
738.84,60.38
738.86,61.07
738.87,61.37
738.89,61.88
738.91,62.26
738.92,62.4
738.94,62.58
738.96,62.63
738.97,62.6
738.99,62.45
739.01,62.16
739.02,61.97
739.04,61.48
739.05,61.19
739.07,60.5
739.09,59.7
739.1,59.25
739.12,58.26
739.14,57.16
739.15,56.58
739.17,55.32
739.19,53.98
739.2,53.27
739.22,51.8
739.24,50.26
739.25,49.46
739.27,47.83
739.29,46.14
739.3,45.28
739.32,43.53
739.34,41.76
739.35,40.86
739.37,39.06
739.39,37.26
739.4,36.36
739.42,34.56
739.43,33.66
739.45,31.89
739.47,30.14
739.48,29.27
739.5,27.57
739.52,25.91
739.53,25.09
739.55,23.5
739.57,21.96
739.58,21.2
739.6,19.74
739.62,18.34
739.63,17.66
739.65,16.35
739.67,15.1
739.68,14.5
739.7,13.35
739.72,12.26
739.73,11.74
739.75,10.74
739.76,10.27
739.78,9.366
739.8,8.522
739.81,8.122
739.83,7.366
739.85,6.664
739.86,6.333
739.88,5.71
739.9,5.136
739.91,4.867
739.93,4.363
739.95,3.903
739.96,3.688
739.98,3.287
740.0,2.923
740.01,2.754
740.03,2.44
740.05,2.158
740.06,2.027
740.08,1.786
740.1,1.57
740.11,1.471
740.13,1.289
740.14,1.205
740.16,1.052
740.18,0.9163
740.19,0.8545
740.21,0.7417
740.23,0.6423
740.24,0.5973
740.26,0.5155
740.28,0.4439
740.29,0.4115
740.31,0.3531
740.33,0.3023
740.34,0.2795
740.36,0.2385
740.38,0.203
740.39,0.1871
740.41,0.1587
740.43,0.1344
740.44,0.1235
740.46,0.1042
740.48,0.08765
740.49,0.08034
740.51,0.06737
740.52,0.06165
740.54,0.05152
740.56,0.04296
740.57,0.0392
740.59,0.03257
740.61,0.027
740.62,0.02457
740.64,0.0203
740.66,0.01673
740.67,0.01518
740.69,0.01247
740.71,0.01022
740.72,0.009246
740.74,0.007553
740.76,0.006156
740.77,0.005553
740.79,0.004511
740.81,0.003656
740.82,0.003288
740.84,0.002656
740.86,0.002141
740.87,0.00192
740.89,0.001543
740.9,0.001382
740.92,0.001107
740.94,0.0008845
740.95,0.0007902
740.97,0.0006299
740.99,0.0005012
741.0,0.0004469
741.02,0.0003549
741.04,0.0002816
741.05,0.0002507
741.07,0.0001989
741.09,0.0001578
741.1,0.0001407
741.12,0.000112
741.14,8.945e-05
741.15,8.012e-05
741.17,6.463e-05
741.19,5.264e-05
741.2,4.772e-05
741.22,3.966e-05
741.23,3.639e-05
741.25,3.11e-05
741.27,2.717e-05
741.28,2.563e-05
741.3,2.323e-05
741.32,2.157e-05
741.33,2.098e-05
741.35,2.016e-05
741.37,1.975e-05
741.38,1.967e-05
741.4,1.971e-05
741.42,1.998e-05
741.43,2.018e-05
741.45,2.069e-05
741.47,2.132e-05
741.48,2.167e-05
741.5,2.243e-05
741.52,2.325e-05
741.53,2.368e-05
741.55,2.456e-05
741.57,2.548e-05
741.58,2.595e-05
741.6,2.69e-05
741.61,2.737e-05
741.63,2.834e-05
741.65,2.93e-05
741.66,2.978e-05
741.68,3.075e-05
741.7,3.17e-05
741.71,3.217e-05
741.73,3.311e-05
741.75,3.404e-05
741.76,3.45e-05
741.78,3.54e-05
741.8,3.629e-05
741.81,3.672e-05
741.83,3.758e-05
741.85,3.841e-05
741.86,3.882e-05
741.88,3.961e-05
741.9,4.038e-05
741.91,4.076e-05
741.93,4.149e-05
741.95,4.219e-05
741.96,4.252e-05
741.98,4.318e-05
741.99,4.349e-05
742.01,4.409e-05
742.03,4.466e-05
742.04,4.493e-05
742.06,4.545e-05
742.08,4.592e-05
742.09,4.615e-05
742.11,4.657e-05
742.13,4.694e-05
742.14,4.712e-05
742.16,4.743e-05
742.18,4.771e-05
742.19,4.783e-05
742.21,4.804e-05
742.23,4.821e-05
742.24,4.828e-05
742.26,4.839e-05
742.28,4.846e-05
742.29,4.848e-05
742.31,4.851e-05
742.33,4.851e-05
742.34,4.85e-05
742.36,4.848e-05
742.37,4.846e-05
742.39,4.844e-05
742.41,4.843e-05
742.42,4.844e-05
742.44,4.849e-05
742.46,4.86e-05
742.47,4.869e-05
742.49,4.896e-05
742.51,4.936e-05
742.52,4.963e-05
742.54,5.033e-05
742.56,5.128e-05
742.57,5.187e-05
742.59,5.333e-05
742.61,5.521e-05
742.62,5.634e-05
742.64,5.904e-05
742.66,6.24e-05
742.67,6.438e-05
742.69,6.899e-05
742.7,7.166e-05
742.72,7.786e-05
742.74,8.535e-05
742.75,8.964e-05
742.77,9.945e-05
742.79,0.0001111
742.8,0.0001178
742.82,0.0001328
742.84,0.0001504
742.85,0.0001604
742.87,0.0001827
742.89,0.0002087
742.9,0.0002232
742.92,0.0002556
742.94,0.000293
742.95,0.0003138
742.97,0.0003599
742.99,0.0004127
743.0,0.0004418
743.02,0.0005061
743.04,0.0005791
743.05,0.0006192
743.07,0.0007072
743.08,0.0007554
743.1,0.0008608
743.12,0.0009792
743.13,0.001044
743.15,0.001184
743.17,0.001341
743.18,0.001426
743.2,0.00161
743.22,0.001814
743.23,0.001924
743.25,0.002161
743.27,0.002422
743.28,0.002563
743.3,0.002864
743.32,0.003194
743.33,0.00337
743.35,0.003747
743.37,0.004157
743.38,0.004375
743.4,0.004839
743.42,0.005341
743.43,0.005608
743.45,0.006171
743.46,0.00647
743.48,0.0071
743.5,0.007777
743.51,0.008133
743.53,0.008884
743.55,0.009688
743.56,0.01011
743.58,0.011
743.6,0.01194
743.61,0.01244
743.63,0.01348
743.65,0.01459
743.66,0.01517
743.68,0.01639
743.7,0.01769
743.71,0.01837
743.73,0.0198
743.75,0.02132
743.76,0.02212
743.78,0.02381
743.8,0.02562
743.81,0.02658
743.83,0.0286
743.84,0.02967
743.86,0.03194
743.88,0.0344
743.89,0.03571
743.91,0.0385
743.93,0.04155
743.94,0.04319
743.96,0.0467
743.98,0.05057
743.99,0.05265
744.01,0.05714
744.03,0.06212
744.04,0.06482
744.06,0.07065
744.08,0.07715
744.09,0.08067
744.11,0.08831
744.13,0.09684
744.14,0.1015
744.16,0.1115
744.17,0.117
744.19,0.1288
744.21,0.142
744.22,0.1492
744.24,0.1647
744.26,0.1819
744.27,0.1913
744.29,0.2114
744.31,0.2337
744.32,0.2458
744.34,0.2717
744.36,0.3002
744.37,0.3156
744.39,0.3485
744.41,0.3845
744.42,0.4038
744.44,0.4449
744.46,0.4898
744.47,0.5136
744.49,0.5643
744.51,0.6192
744.52,0.6483
744.54,0.7097
744.55,0.7422
744.57,0.8106
744.59,0.8838
744.6,0.9223
744.62,1.003
744.64,1.089
744.65,1.133
744.67,1.227
744.69,1.325
744.7,1.376
744.72,1.482
744.74,1.593
744.75,1.65
744.77,1.768
744.79,1.891
744.8,1.953
744.82,2.082
744.84,2.214
744.85,2.282
744.87,2.419
744.89,2.559
744.9,2.63
744.92,2.773
744.93,2.845
744.95,2.99
744.97,3.135
744.98,3.208
745.0,3.353
745.02,3.496
745.03,3.568
745.05,3.708
745.07,3.846
745.08,3.914
745.1,4.046
745.12,4.173
745.13,4.235
745.15,4.354
745.17,4.467
745.18,4.521
745.2,4.623
745.22,4.717
745.23,4.761
745.25,4.842
745.27,4.915
745.28,4.948
745.3,5.006
745.31,5.032
745.33,5.075
745.35,5.109
745.36,5.122
745.38,5.141
745.4,5.151
745.41,5.151
745.43,5.146
745.45,5.132
745.46,5.121
745.48,5.093
745.5,5.057
745.51,5.037
745.53,4.99
745.55,4.936
745.56,4.907
745.58,4.845
745.6,4.778
745.61,4.743
745.63,4.671
745.64,4.633
745.66,4.557
745.68,4.48
745.69,4.441
745.71,4.363
745.73,4.286
745.74,4.248
745.76,4.174
745.78,4.102
745.79,4.068
745.81,4.002
745.83,3.94
745.84,3.912
745.86,3.858
745.88,3.81
745.89,3.788
745.91,3.75
745.93,3.718
745.94,3.704
745.96,3.683
745.98,3.668
745.99,3.663
746.01,3.658
746.02,3.658
746.04,3.664
746.06,3.675
746.07,3.683
746.09,3.704
746.11,3.729
746.12,3.744
746.14,3.776
746.16,3.812
746.17,3.831
746.19,3.872
746.21,3.915
746.22,3.937
746.24,3.982
746.26,4.027
746.27,4.049
746.29,4.094
746.31,4.136
746.32,4.157
746.34,4.196
746.36,4.232
746.37,4.249
746.39,4.279
746.4,4.292
746.42,4.314
746.44,4.332
746.45,4.338
746.47,4.346
746.49,4.348
746.5,4.346
746.52,4.338
746.54,4.323
746.55,4.313
746.57,4.287
746.59,4.254
746.6,4.235
746.62,4.192
746.64,4.142
746.65,4.114
746.67,4.055
746.69,3.989
746.7,3.954
746.72,3.88
746.74,3.8
746.75,3.759
746.77,3.672
746.78,3.627
746.8,3.535
746.82,3.439
746.83,3.39
746.85,3.291
746.87,3.189
746.88,3.137
746.9,3.033
746.92,2.929
746.93,2.876
746.95,2.771
746.97,2.666
746.98,2.613
747.0,2.509
747.02,2.407
747.03,2.356
747.05,2.256
747.07,2.157
747.08,2.109
747.1,2.014
747.11,1.967
747.13,1.876
747.15,1.787
747.16,1.744
747.18,1.66
747.2,1.578
747.21,1.539
747.23,1.462
747.25,1.388
747.26,1.352
747.28,1.282
747.3,1.216
747.31,1.184
747.33,1.121
747.35,1.062
747.36,1.033
747.38,0.9778
747.4,0.9249
747.41,0.8994
747.43,0.8501
747.45,0.8031
747.46,0.7805
747.48,0.7368
747.49,0.7158
747.51,0.6752
747.53,0.6365
747.54,0.6178
747.56,0.5819
747.58,0.5476
747.59,0.5311
747.61,0.4992
747.63,0.4689
747.64,0.4543
747.66,0.4261
747.68,0.3992
747.69,0.3863
747.71,0.3614
747.73,0.3377
747.74,0.3263
747.76,0.3044
747.78,0.2835
747.79,0.2735
747.81,0.2543
747.83,0.2361
747.84,0.2273
747.86,0.2106
747.87,0.2026
747.89,0.1872
747.91,0.1727
747.92,0.1658
747.94,0.1526
747.96,0.1402
747.97,0.1343
747.99,0.1231
748.01,0.1126
748.02,0.1076
748.04,0.09819
748.06,0.08941
748.07,0.08526
748.09,0.07742
748.11,0.07016
748.12,0.06675
748.14,0.06032
748.16,0.05441
748.17,0.05164
748.19,0.04645
748.2,0.04403
748.22,0.0395
748.24,0.03538
748.25,0.03347
748.27,0.02991
748.29,0.0267
748.3,0.02522
748.32,0.02249
748.34,0.02006
748.35,0.01894
748.37,0.01691
748.39,0.01513
748.4,0.01433
748.42,0.0129
748.44,0.01169
748.45,0.01116
748.47,0.01025
748.49,0.009544
748.5,0.009263
748.52,0.008844
748.54,0.008616
748.55,0.008575
748.57,0.008639
748.58,0.008746
748.6,0.009115
748.62,0.0097
748.63,0.01008
748.65,0.01101
748.67,0.01221
748.68,0.01291
748.7,0.01453
748.72,0.01647
748.73,0.01757
748.75,0.02005
748.77,0.02293
748.78,0.02454
748.8,0.02812
748.82,0.03222
748.83,0.03449
748.85,0.03948
748.87,0.04513
748.88,0.04823
748.9,0.05502
748.92,0.06265
748.93,0.06681
748.95,0.07585
748.96,0.08076
748.98,0.09142
749.0,0.1033
749.01,0.1097
749.03,0.1235
749.05,0.1387
749.06,0.1469
749.08,0.1645
749.1,0.1838
749.11,0.1941
749.13,0.2162
749.15,0.2402
749.16,0.253
749.18,0.2801
749.2,0.3095
749.21,0.3251
749.23,0.358
749.25,0.3933
749.26,0.412
749.28,0.4511
749.3,0.4929
749.31,0.5148
749.33,0.5606
749.34,0.5845
749.36,0.6343
749.38,0.6869
749.39,0.7142
749.41,0.7708
749.43,0.83
749.44,0.8606
749.46,0.9235
749.48,0.9889
749.49,1.022
749.51,1.091
749.53,1.162
749.54,1.198
749.56,1.271
749.58,1.346
749.59,1.384
749.61,1.461
749.63,1.538
749.64,1.577
749.66,1.655
749.67,1.694
749.69,1.772
749.71,1.849
749.72,1.887
749.74,1.963
749.76,2.037
749.77,2.074
749.79,2.145
749.81,2.214
749.82,2.247
749.84,2.311
749.86,2.372
749.87,2.401
749.89,2.456
749.91,2.507
749.92,2.531
749.94,2.575
749.96,2.614
749.97,2.631
749.99,2.662
750.01,2.688
750.02,2.699
750.04,2.716
750.05,2.722
750.07,2.731
750.09,2.734
750.1,2.733
750.12,2.727
750.14,2.716
750.15,2.708
750.17,2.689
750.19,2.665
750.2,2.65
750.22,2.619
750.24,2.583
750.25,2.563
750.27,2.521
750.29,2.475
750.3,2.451
750.32,2.4
750.34,2.347
750.35,2.319
750.37,2.263
750.39,2.206
750.4,2.177
750.42,2.118
750.43,2.088
750.45,2.029
750.47,1.97
750.48,1.94
750.5,1.882
750.52,1.826
750.53,1.798
750.55,1.745
750.57,1.693
750.58,1.668
750.6,1.62
750.62,1.575
750.63,1.554
750.65,1.514
750.67,1.477
750.68,1.46
750.7,1.429
750.72,1.401
750.73,1.388
750.75,1.366
750.77,1.347
750.78,1.339
750.8,1.326
750.81,1.32
750.83,1.312
750.85,1.306
750.86,1.305
750.88,1.304
750.9,1.306
750.91,1.308
750.93,1.313
750.95,1.321
750.96,1.325
750.98,1.335
751.0,1.347
751.01,1.353
751.03,1.365
751.05,1.378
751.06,1.385
751.08,1.399
751.1,1.412
751.11,1.418
751.13,1.43
751.14,1.436
751.16,1.447
751.18,1.456
751.19,1.46
751.21,1.467
751.23,1.472
751.24,1.474
751.26,1.476
751.28,1.475
751.29,1.474
751.31,1.47
751.33,1.464
751.34,1.459
751.36,1.449
751.38,1.436
751.39,1.428
751.41,1.411
751.43,1.391
751.44,1.381
751.46,1.357
751.48,1.332
751.49,1.318
751.51,1.289
751.52,1.274
751.54,1.242
751.56,1.208
751.57,1.191
751.59,1.155
751.61,1.117
751.62,1.098
751.64,1.059
751.66,1.019
751.67,0.9991
751.69,0.9584
751.71,0.9173
751.72,0.8967
751.74,0.8554
751.76,0.8143
751.77,0.7938
751.79,0.7531
751.81,0.7129
751.82,0.693
751.84,0.6538
751.86,0.6155
751.87,0.5967
751.89,0.5599
751.9,0.5419
751.92,0.5067
751.94,0.4728
751.95,0.4563
751.97,0.4244
751.99,0.3938
752.0,0.379
752.02,0.3505
752.04,0.3234
752.05,0.3104
752.07,0.2855
752.09,0.262
752.1,0.2507
752.12,0.2293
752.14,0.2092
752.15,0.1997
752.17,0.1816
752.19,0.1648
752.2,0.1569
752.22,0.1419
752.24,0.1281
752.25,0.1216
752.27,0.1094
752.28,0.1036
752.3,0.09291
752.32,0.08311
752.33,0.07854
752.35,0.07003
752.37,0.06231
752.38,0.05872
752.4,0.05207
752.42,0.04608
752.43,0.04331
752.45,0.0382
752.47,0.03362
752.48,0.03152
752.5,0.02766
752.52,0.02421
752.53,0.02264
752.55,0.01976
752.57,0.01722
752.58,0.01606
752.6,0.01395
752.61,0.01299
752.63,0.01125
752.65,0.009725
752.66,0.009036
752.68,0.007792
752.7,0.006708
752.71,0.00622
752.73,0.005342
752.75,0.004582
752.76,0.004242
752.78,0.003632
752.8,0.003106
752.81,0.002872
752.83,0.002454
752.85,0.002095
752.86,0.001936
752.88,0.001653
752.9,0.001412
752.91,0.001305
752.93,0.001116
752.95,0.0009548
752.96,0.0008838
752.98,0.0007584
752.99,0.0007032
753.01,0.0006056
753.03,0.0005232
753.04,0.0004869
753.06,0.0004229
753.08,0.0003688
753.09,0.000345
753.11,0.000303
753.13,0.0002675
753.14,0.0002519
753.16,0.0002242
753.18,0.0002006
753.19,0.0001902
753.21,0.0001717
753.23,0.0001558
753.24,0.0001487
753.26,0.000136
753.28,0.0001251
753.29,0.0001201
753.31,0.0001112
753.33,0.0001033
753.34,9.976e-05
753.36,9.324e-05
753.37,9.026e-05
753.39,8.478e-05
753.41,7.987e-05
753.42,7.76e-05
753.44,7.34e-05
753.46,6.96e-05
753.47,6.784e-05
753.49,6.455e-05
753.51,6.156e-05
753.52,6.017e-05
753.54,5.757e-05
753.56,5.521e-05
753.57,5.411e-05
753.59,5.207e-05
753.61,5.022e-05
753.62,4.936e-05
753.64,4.778e-05
753.66,4.638e-05
753.67,4.573e-05
753.69,4.457e-05
753.71,4.355e-05
753.72,4.31e-05
753.74,4.23e-05
753.75,4.196e-05
753.77,4.137e-05
753.79,4.092e-05
753.8,4.074e-05
753.82,4.047e-05
753.84,4.033e-05
753.85,4.031e-05
753.87,4.034e-05
753.89,4.05e-05
753.9,4.061e-05
753.92,4.093e-05
753.94,4.136e-05
753.95,4.161e-05
753.97,4.219e-05
753.99,4.287e-05
754.0,4.324e-05
754.02,4.406e-05
754.04,4.498e-05
754.05,4.547e-05
754.07,4.652e-05
754.08,4.707e-05
754.1,4.825e-05
754.12,4.95e-05
754.13,5.016e-05
754.15,5.154e-05
754.17,5.299e-05
754.18,5.374e-05
754.2,5.53e-05
754.22,5.693e-05
754.23,5.777e-05
754.25,5.951e-05
754.27,6.13e-05
754.28,6.223e-05
754.3,6.412e-05
754.32,6.606e-05
754.33,6.706e-05
754.35,6.909e-05
754.37,7.117e-05
754.38,7.223e-05
754.4,7.438e-05
754.42,7.657e-05
754.43,7.768e-05
754.45,7.992e-05
754.46,8.106e-05
754.48,8.334e-05
754.5,8.565e-05
754.51,8.681e-05
754.53,8.914e-05
754.55,9.148e-05
754.56,9.264e-05
754.58,9.497e-05
754.6,9.728e-05
754.61,9.843e-05
754.63,0.0001007
754.65,0.0001029
754.66,0.000104
754.68,0.0001062
754.7,0.0001083
754.71,0.0001093
754.73,0.0001113
754.75,0.0001132
754.76,0.0001141
754.78,0.0001158
754.8,0.0001175
754.81,0.0001182
754.83,0.0001196
754.84,0.0001203
754.86,0.0001215
754.88,0.0001225
754.89,0.000123
754.91,0.0001238
754.93,0.0001244
754.94,0.0001246
754.96,0.0001249
754.98,0.000125
754.99,0.000125
755.01,0.0001248
755.03,0.0001244
755.04,0.0001241
755.06,0.0001234
755.08,0.0001225
755.09,0.0001219
755.11,0.0001207
755.13,0.0001193
755.14,0.0001185
755.16,0.0001168
755.18,0.0001148
755.19,0.0001138
755.21,0.0001116
755.22,0.0001105
755.24,0.0001081
755.26,0.0001055
755.27,0.0001042
755.29,0.0001014
755.31,9.853e-05
755.32,9.705e-05
755.34,9.402e-05
755.36,9.091e-05
755.37,8.933e-05
755.39,8.614e-05
755.41,8.29e-05
755.42,8.127e-05
755.44,7.8e-05
755.46,7.473e-05
755.47,7.31e-05
755.49,6.985e-05
755.51,6.663e-05
755.52,6.504e-05
755.54,6.19e-05
755.55,6.036e-05
755.57,5.733e-05
755.59,5.438e-05
755.6,5.295e-05
755.62,5.015e-05
755.64,4.747e-05
755.65,4.618e-05
755.67,4.368e-05
755.69,4.133e-05
755.7,4.02e-05
755.72,3.807e-05
755.74,3.609e-05
755.75,3.515e-05
755.77,3.341e-05
755.79,3.184e-05
755.8,3.112e-05
755.82,2.98e-05
755.84,2.867e-05
755.85,2.817e-05
755.87,2.73e-05
755.89,2.661e-05
755.9,2.634e-05
755.92,2.593e-05
755.93,2.579e-05
755.95,2.566e-05
755.97,2.571e-05
755.98,2.58e-05
756.0,2.612e-05
756.02,2.663e-05
756.03,2.694e-05
756.05,2.772e-05
756.07,2.866e-05
756.08,2.92e-05
756.1,3.04e-05
756.12,3.177e-05
756.13,3.252e-05
756.15,3.412e-05
756.17,3.589e-05
756.18,3.682e-05
756.2,3.88e-05
756.22,4.092e-05
756.23,4.203e-05
756.25,4.434e-05
756.27,4.677e-05
756.28,4.803e-05
756.3,5.062e-05
756.31,5.195e-05
756.33,5.467e-05
756.35,5.747e-05
756.36,5.89e-05
756.38,6.18e-05
756.4,6.475e-05
756.41,6.623e-05
756.43,6.923e-05
756.45,7.224e-05
756.46,7.374e-05
756.48,7.675e-05
756.5,7.974e-05
756.51,8.122e-05
756.53,8.416e-05
756.55,8.704e-05
756.56,8.845e-05
756.58,9.122e-05
756.6,9.391e-05
756.61,9.521e-05
756.63,9.774e-05
756.65,0.0001001
756.66,0.0001013
756.68,0.0001035
756.69,0.0001045
756.71,0.0001065
756.73,0.0001083
756.74,0.0001091
756.76,0.0001107
756.78,0.000112
756.79,0.0001126
756.81,0.0001137
756.83,0.0001145
756.84,0.0001149
756.86,0.0001155
756.88,0.0001158
756.89,0.0001159
756.91,0.0001159
756.93,0.0001158
756.94,0.0001156
756.96,0.0001151
756.98,0.0001144
756.99,0.000114
757.01,0.0001131
757.02,0.0001125
757.04,0.0001113
757.06,0.0001098
757.07,0.0001091
757.09,0.0001074
757.11,0.0001056
757.12,0.0001046
757.14,0.0001026
757.16,0.0001004
757.17,9.933e-05
757.19,9.7e-05
757.21,9.458e-05
757.22,9.333e-05
757.24,9.078e-05
757.26,8.815e-05
757.27,8.681e-05
757.29,8.41e-05
757.31,8.135e-05
757.32,7.996e-05
757.34,7.716e-05
757.36,7.434e-05
757.37,7.293e-05
757.39,7.011e-05
757.4,6.87e-05
757.42,6.59e-05
757.44,6.312e-05
757.45,6.174e-05
757.47,5.901e-05
757.49,5.632e-05
757.5,5.5e-05
757.52,5.24e-05
757.54,4.986e-05
757.55,4.861e-05
757.57,4.618e-05
757.59,4.383e-05
757.6,4.268e-05
757.62,4.046e-05
757.64,3.833e-05
757.65,3.73e-05
757.67,3.532e-05
757.69,3.344e-05
757.7,3.255e-05
757.72,3.083e-05
757.74,2.923e-05
757.75,2.848e-05
757.77,2.705e-05
757.78,2.639e-05
757.8,2.515e-05
757.82,2.403e-05
757.83,2.353e-05
757.85,2.26e-05
757.87,2.182e-05
757.88,2.147e-05
757.9,2.088e-05
757.92,2.043e-05
757.93,2.026e-05
757.95,2.002e-05
757.97,1.991e-05
757.98,1.991e-05
758.0,2.002e-05
758.02,2.028e-05
758.03,2.046e-05
758.05,2.093e-05
758.07,2.154e-05
758.08,2.19e-05
758.1,2.273e-05
758.12,2.37e-05
758.13,2.424e-05
758.15,2.543e-05
758.16,2.607e-05
758.18,2.747e-05
758.2,2.9e-05
758.21,2.982e-05
758.23,3.155e-05
758.25,3.34e-05
758.26,3.438e-05
758.28,3.642e-05
758.3,3.857e-05
758.31,3.969e-05
758.33,4.2e-05
758.35,4.441e-05
758.36,4.565e-05
758.38,4.819e-05
758.4,5.08e-05
758.41,5.213e-05
758.43,5.484e-05
758.45,5.759e-05
758.46,5.898e-05
758.48,6.178e-05
758.49,6.318e-05
758.51,6.601e-05
758.53,6.882e-05
758.54,7.023e-05
758.56,7.302e-05
758.58,7.578e-05
758.59,7.714e-05
758.61,7.982e-05
758.63,8.244e-05
758.64,8.372e-05
758.66,8.621e-05
758.68,8.862e-05
758.69,8.978e-05
758.71,9.204e-05
758.73,9.418e-05
758.74,9.521e-05
758.76,9.719e-05
758.78,9.906e-05
758.79,9.996e-05
758.81,0.0001017
758.83,0.0001033
758.84,0.0001041
758.86,0.0001057
758.87,0.0001064
758.89,0.0001079
758.91,0.0001095
758.92,0.0001103
758.94,0.000112
758.96,0.0001139
758.97,0.0001149
758.99,0.0001172
759.01,0.00012
759.02,0.0001215
759.04,0.0001251
759.06,0.0001295
759.07,0.000132
759.09,0.000138
759.11,0.0001452
759.12,0.0001494
759.14,0.0001591
759.16,0.0001709
759.17,0.0001777
759.19,0.0001934
759.21,0.0002122
759.22,0.000223
759.24,0.0002476
759.25,0.0002617
759.27,0.0002936
759.29,0.0003314
759.3,0.0003528
759.32,0.0004012
759.34,0.0004579
759.35,0.0004898
759.37,0.0005613
759.39,0.0006446
759.4,0.000691
759.42,0.0007948
759.44,0.0009146
759.45,0.0009812
759.47,0.001129
759.49,0.001298
759.5,0.001392
759.52,0.001598
759.54,0.001834
759.55,0.001963
759.57,0.002247
759.58,0.002403
759.6,0.002744
759.62,0.003128
759.63,0.003338
759.65,0.003795
759.67,0.004307
759.68,0.004585
759.7,0.005187
759.72,0.005858
759.73,0.00622
759.75,0.007002
759.77,0.007866
759.78,0.008331
759.8,0.009329
759.82,0.01043
759.83,0.01101
759.85,0.01227
759.87,0.01364
759.88,0.01437
759.9,0.01592
759.92,0.0176
759.93,0.0185
759.95,0.02039
759.96,0.02139
759.98,0.0235
760.0,0.02576
760.01,0.02695
760.03,0.02945
760.05,0.03212
760.06,0.03351
760.08,0.03643
760.1,0.03952
760.11,0.04113
760.13,0.04447
760.15,0.04799
760.16,0.04981
760.18,0.05358
760.2,0.05751
760.21,0.05954
760.23,0.06372
760.25,0.06804
760.26,0.07026
760.28,0.07481
760.3,0.07948
760.31,0.08186
760.33,0.08672
760.34,0.08919
760.36,0.0942
760.38,0.09929
760.39,0.1019
760.41,0.1071
760.43,0.1123
760.44,0.115
760.46,0.1203
760.48,0.1256
760.49,0.1282
760.51,0.1335
760.53,0.1388
760.54,0.1414
760.56,0.1466
760.58,0.1518
760.59,0.1543
760.61,0.1594
760.63,0.1643
760.64,0.1668
760.66,0.1716
760.68,0.1763
760.69,0.1786
760.71,0.1831
760.72,0.1853
760.74,0.1896
760.76,0.1938
760.77,0.1959
760.79,0.1999
760.81,0.2038
760.82,0.2057
760.84,0.2095
760.86,0.2131
760.87,0.2149
760.89,0.2184
760.91,0.2219
760.92,0.2236
760.94,0.227
760.96,0.2303
760.97,0.2319
760.99,0.2352
761.01,0.2385
761.02,0.2402
761.04,0.2435
761.05,0.2451
761.07,0.2485
761.09,0.2518
761.1,0.2535
761.12,0.257
761.14,0.2605
761.15,0.2622
761.17,0.2658
761.19,0.2694
761.2,0.2712
761.22,0.2749
761.24,0.2786
761.25,0.2805
761.27,0.2842
761.29,0.2879
761.3,0.2898
761.32,0.2934
761.34,0.2971
761.35,0.2988
761.37,0.3023
761.39,0.3057
761.4,0.3073
761.42,0.3105
761.43,0.312
761.45,0.3148
761.47,0.3174
761.48,0.3186
761.5,0.3207
761.52,0.3226
761.53,0.3234
761.55,0.3247
761.57,0.3256
761.58,0.326
761.6,0.3263
761.62,0.3261
761.63,0.3259
761.65,0.325
761.67,0.3237
761.68,0.3228
761.7,0.3207
761.72,0.3181
761.73,0.3167
761.75,0.3133
761.77,0.3095
761.78,0.3074
761.8,0.3028
761.81,0.3003
761.83,0.295
761.85,0.2893
761.86,0.2863
761.88,0.2799
761.9,0.2732
761.91,0.2697
761.93,0.2624
761.95,0.2549
761.96,0.251
761.98,0.243
762.0,0.2349
762.01,0.2307
762.03,0.2223
762.05,0.2137
762.06,0.2094
762.08,0.2007
762.1,0.192
762.11,0.1876
762.13,0.1789
762.15,0.1702
762.16,0.1659
762.18,0.1574
762.19,0.1532
762.21,0.1449
762.23,0.1367
762.24,0.1327
762.26,0.1248
762.28,0.1172
762.29,0.1134
762.31,0.1061
762.33,0.09908
762.34,0.09567
762.36,0.08904
762.38,0.0827
762.39,0.07964
762.41,0.07373
762.43,0.06811
762.44,0.06542
762.46,0.06024
762.48,0.05536
762.49,0.05303
762.51,0.04858
762.52,0.04646
762.54,0.04242
762.56,0.03866
762.57,0.03687
762.59,0.03349
762.61,0.03036
762.62,0.02888
762.64,0.0261
762.66,0.02353
762.67,0.02233
762.69,0.02008
762.71,0.01801
762.72,0.01705
762.74,0.01525
762.76,0.01361
762.77,0.01285
762.79,0.01144
762.81,0.01017
762.82,0.009581
762.84,0.008494
762.86,0.00752
762.87,0.007072
762.89,0.006251
762.9,0.005875
762.92,0.005189
762.94,0.004584
762.95,0.00431
762.97,0.003815
762.99,0.003385
763.0,0.003194
763.02,0.002855
763.04,0.002571
763.05,0.002449
763.07,0.002242
763.09,0.002083
763.1,0.002021
763.12,0.001931
763.14,0.001887
763.15,0.001882
763.17,0.001907
763.19,0.001979
763.2,0.002034
763.22,0.002182
763.24,0.002385
763.25,0.002508
763.27,0.002801
763.28,0.002973
763.3,0.00337
763.32,0.003845
763.33,0.004115
763.35,0.004725
763.37,0.005437
763.38,0.005835
763.4,0.006723
763.42,0.007746
763.43,0.008313
763.45,0.009569
763.47,0.011
763.48,0.01179
763.5,0.01352
763.52,0.01549
763.53,0.01656
763.55,0.01891
763.57,0.02156
763.58,0.023
763.6,0.02614
763.62,0.02964
763.63,0.03155
763.65,0.03567
763.66,0.0379
763.68,0.04272
763.7,0.04805
763.71,0.05092
763.73,0.05709
763.75,0.06388
763.76,0.06752
763.78,0.07531
763.8,0.08383
763.81,0.08837
763.83,0.09805
763.85,0.1086
763.86,0.1142
763.88,0.126
763.9,0.1388
763.91,0.1456
763.93,0.1599
763.95,0.1752
763.96,0.1833
763.98,0.2002
763.99,0.2092
764.01,0.2279
764.03,0.2477
764.04,0.2581
764.06,0.2799
764.08,0.3028
764.09,0.3148
764.11,0.3397
764.13,0.3659
764.14,0.3796
764.16,0.4078
764.18,0.4375
764.19,0.4528
764.21,0.4846
764.23,0.5178
764.24,0.535
764.26,0.5705
764.28,0.6077
764.29,0.6269
764.31,0.6666
764.33,0.7082
764.34,0.7297
764.36,0.7744
764.37,0.7975
764.39,0.8457
764.41,0.8964
764.42,0.9229
764.44,0.9782
764.46,1.037
764.47,1.068
764.49,1.133
764.51,1.203
764.52,1.24
764.54,1.318
764.56,1.403
764.57,1.448
764.59,1.545
764.61,1.651
764.62,1.708
764.64,1.831
764.66,1.966
764.67,2.039
764.69,2.196
764.71,2.371
764.72,2.465
764.74,2.669
764.75,2.78
764.77,3.019
764.79,3.286
764.8,3.43
764.82,3.742
764.84,4.088
764.85,4.275
764.87,4.679
764.89,5.126
764.9,5.367
764.92,5.886
764.94,6.458
764.95,6.765
764.97,7.425
764.99,8.149
765.0,8.536
765.02,9.364
765.04,10.27
765.05,10.75
765.07,11.77
765.09,12.88
765.1,13.47
765.12,14.72
765.13,15.38
765.15,16.78
765.17,18.27
765.18,19.06
765.2,20.72
765.22,22.49
765.23,23.42
765.25,25.36
765.27,27.42
765.28,28.49
765.3,30.72
765.32,33.07
765.33,34.29
765.35,36.82
765.37,39.46
765.38,40.82
765.4,43.63
765.42,46.55
765.43,48.04
765.45,51.11
765.46,52.68
765.48,55.89
765.5,59.18
765.51,60.85
765.53,64.25
765.55,67.71
765.56,69.46
765.58,73.0
765.6,76.57
765.61,78.36
765.63,81.97
765.65,85.57
765.66,87.38
765.68,90.97
765.7,94.54
765.71,96.31
765.73,99.81
765.75,103.3
765.76,104.9
765.78,108.3
765.8,111.5
765.81,113.1
765.83,116.2
765.84,117.7
765.86,120.5
765.88,123.3
765.89,124.6
765.91,127.1
765.93,129.5
765.94,130.6
765.96,132.7
765.98,134.7
765.99,135.6
766.01,137.2
766.03,138.7
766.04,139.4
766.06,140.5
766.08,141.5
766.09,142.0
766.11,142.7
766.13,143.2
766.14,143.4
766.16,143.6
766.18,143.7
766.19,143.6
766.21,143.4
766.22,143.2
766.24,142.8
766.26,142.2
766.27,141.8
766.29,141.0
766.31,140.0
766.32,139.4
766.34,138.2
766.36,136.9
766.37,136.2
766.39,134.7
766.41,133.1
766.42,132.3
766.44,130.5
766.46,128.7
766.47,127.7
766.49,125.7
766.51,123.7
766.52,122.6
766.54,120.5
766.56,118.2
766.57,117.1
766.59,114.8
766.6,113.6
766.62,111.2
766.64,108.7
766.65,107.5
766.67,105.0
766.69,102.4
766.7,101.1
766.72,98.51
766.74,95.87
766.75,94.54
766.77,91.85
766.79,89.15
766.8,87.79
766.82,85.07
766.84,82.33
766.85,80.95
766.87,78.21
766.89,75.46
766.9,74.08
766.92,71.34
766.93,69.97
766.95,67.24
766.97,64.54
766.98,63.19
767.0,60.52
767.02,57.87
767.03,56.56
767.05,53.97
767.07,51.41
767.08,50.15
767.1,47.67
767.12,45.24
767.13,44.04
767.15,41.7
767.17,39.41
767.18,38.29
767.2,36.1
767.22,33.98
767.23,32.95
767.25,30.94
767.27,29.0
767.28,28.06
767.3,26.24
767.31,25.35
767.33,23.65
767.35,22.02
767.36,21.24
767.38,19.74
767.4,18.31
767.41,17.62
767.43,16.32
767.45,15.08
767.46,14.5
767.48,13.38
767.5,12.33
767.51,11.84
767.53,10.9
767.55,10.03
767.56,9.617
767.58,8.844
767.6,8.134
767.61,7.801
767.63,7.178
767.65,6.612
767.66,6.348
767.68,5.859
767.69,5.634
767.71,5.217
767.73,4.845
767.74,4.675
767.76,4.365
767.78,4.094
767.79,3.972
767.81,3.754
767.83,3.569
767.84,3.488
767.86,3.349
767.88,3.238
767.89,3.193
767.91,3.121
767.93,3.075
767.94,3.061
767.96,3.05
767.98,3.061
767.99,3.075
768.01,3.12
768.02,3.151
768.04,3.229
768.06,3.329
768.07,3.388
768.09,3.522
768.11,3.681
768.12,3.77
768.14,3.967
768.16,4.192
768.17,4.315
768.19,4.584
768.21,4.885
768.22,5.049
768.24,5.403
768.26,5.796
768.27,6.008
768.29,6.465
768.31,6.967
768.32,7.237
768.34,7.816
768.36,8.449
768.37,8.787
768.39,9.51
768.4,9.895
768.42,10.71
768.44,11.6
768.45,12.07
768.47,13.07
768.49,14.15
768.5,14.72
768.52,15.92
768.54,17.21
768.55,17.88
768.57,19.3
768.59,20.81
768.6,21.6
768.62,23.25
768.64,25.0
768.65,25.91
768.67,27.79
768.69,29.77
768.7,30.79
768.72,32.91
768.74,35.12
768.75,36.25
768.77,38.58
768.78,39.78
768.8,42.22
768.82,44.74
768.83,46.03
768.85,48.64
768.87,51.3
768.88,52.66
768.9,55.39
768.92,58.15
768.93,59.54
768.95,62.33
768.97,65.12
768.98,66.52
769.0,69.3
769.02,72.06
769.03,73.42
769.05,76.12
769.07,78.77
769.08,80.07
769.1,82.62
769.12,85.08
769.13,86.27
769.15,88.59
769.16,89.7
769.18,91.85
769.2,93.86
769.21,94.82
769.23,96.63
769.25,98.28
769.26,99.05
769.28,100.5
769.3,101.7
769.31,102.3
769.33,103.3
769.35,104.1
769.36,104.5
769.38,105.0
769.4,105.4
769.41,105.5
769.43,105.7
769.45,105.6
769.46,105.5
769.48,105.2
769.49,105.0
769.51,104.4
769.53,103.7
769.54,103.3
769.56,102.4
769.58,101.4
769.59,100.8
769.61,99.57
769.63,98.23
769.64,97.52
769.66,96.02
769.68,94.44
769.69,93.62
769.71,91.93
769.73,90.17
769.74,89.27
769.76,87.44
769.78,85.56
769.79,84.61
769.81,82.68
769.83,80.74
769.84,79.76
769.86,77.79
769.87,76.81
769.89,74.84
769.91,72.87
769.92,71.89
769.94,69.94
769.96,68.0
769.97,67.04
769.99,65.13
770.01,63.24
770.02,62.31
770.04,60.45
770.06,58.63
770.07,57.72
770.09,55.94
770.11,54.18
770.12,53.31
770.14,51.6
770.16,49.91
770.17,49.08
770.19,47.43
770.21,45.82
770.22,45.02
770.24,43.44
770.25,42.67
770.27,41.13
770.29,39.62
770.3,38.88
770.32,37.41
770.34,35.97
770.35,35.26
770.37,33.86
770.39,32.48
770.4,31.8
770.42,30.47
770.44,29.16
770.45,28.52
770.47,27.25
770.49,26.01
770.5,25.4
770.52,24.21
770.54,23.04
770.55,22.47
770.57,21.35
770.59,20.26
770.6,19.73
770.62,18.69
770.63,18.19
770.65,17.2
770.67,16.24
770.68,15.77
770.7,14.87
770.72,14.0
770.73,13.57
770.75,12.76
770.77,11.97
770.78,11.59
770.8,10.86
770.82,10.15
770.83,9.817
770.85,9.166
770.87,8.548
770.88,8.25
770.9,7.68
770.92,7.14
770.93,6.882
770.95,6.387
770.96,6.151
770.98,5.699
771.0,5.274
771.01,5.072
771.03,4.687
771.05,4.326
771.06,4.154
771.08,3.829
771.1,3.525
771.11,3.381
771.13,3.109
771.15,2.855
771.16,2.736
771.18,2.509
771.2,2.3
771.21,2.201
771.23,2.015
771.25,1.843
771.26,1.762
771.28,1.61
771.3,1.469
771.31,1.404
771.33,1.28
771.34,1.222
771.36,1.113
771.38,1.013
771.39,0.9666
771.41,0.8791
771.43,0.799
771.44,0.7615
771.46,0.6914
771.48,0.6274
771.49,0.5976
771.51,0.5418
771.53,0.4909
771.54,0.4671
771.56,0.4229
771.58,0.3826
771.59,0.3638
771.61,0.3289
771.63,0.2971
771.64,0.2823
771.66,0.2548
771.68,0.2298
771.69,0.2182
771.71,0.1966
771.72,0.1866
771.74,0.168
771.76,0.1511
771.77,0.1433
771.79,0.1288
771.81,0.1157
771.82,0.1096
771.84,0.09836
771.86,0.08819
771.87,0.08348
771.89,0.07477
771.91,0.06692
771.92,0.06329
771.94,0.05657
771.96,0.05053
771.97,0.04774
771.99,0.04259
772.01,0.03797
772.02,0.03584
772.04,0.0319
772.06,0.02838
772.07,0.02675
772.09,0.02377
772.1,0.02239
772.12,0.01986
772.14,0.0176
772.15,0.01657
772.17,0.01466
772.19,0.01296
772.2,0.01218
772.22,0.01076
772.24,0.009488
772.25,0.008908
772.27,0.007847
772.29,0.006907
772.3,0.006478
772.32,0.005696
772.34,0.005006
772.35,0.004692
772.37,0.004122
772.39,0.003621
772.4,0.003395
772.42,0.002986
772.43,0.002801
772.45,0.00247
772.47,0.002185
772.48,0.002058
772.5,0.001833
772.52,0.001644
772.53,0.001562
772.55,0.001422
772.57,0.001313
772.58,0.001269
772.6,0.001202
772.62,0.001162
772.63,0.001153
772.65,0.001155
772.67,0.001185
772.68,0.001211
772.7,0.001287
772.72,0.001397
772.73,0.001465
772.75,0.00163
772.77,0.001839
772.78,0.001961
772.8,0.002244
772.81,0.002407
772.83,0.00278
772.85,0.003225
772.86,0.003477
772.88,0.004047
772.9,0.004717
772.91,0.005093
772.93,0.005939
772.95,0.006924
772.96,0.007475
772.98,0.008705
773.0,0.01013
773.01,0.01092
773.03,0.01268
773.05,0.0147
773.06,0.01583
773.08,0.01831
773.1,0.02115
773.11,0.02271
773.13,0.02616
773.15,0.03009
773.16,0.03224
773.18,0.03698
773.19,0.03957
773.21,0.04525
773.23,0.05164
773.24,0.05513
773.26,0.06274
773.28,0.07126
773.29,0.07589
773.31,0.08593
773.33,0.09711
773.34,0.1032
773.36,0.1162
773.38,0.1307
773.39,0.1385
773.41,0.1552
773.43,0.1736
773.44,0.1835
773.46,0.2047
773.48,0.2278
773.49,0.2401
773.51,0.2664
773.53,0.2949
773.54,0.3101
773.56,0.3422
773.57,0.3593
773.59,0.3953
773.61,0.434
773.62,0.4544
773.64,0.4974
773.66,0.5433
773.67,0.5674
773.69,0.6178
773.71,0.6713
773.72,0.6992
773.74,0.7573
773.76,0.8186
773.77,0.8504
773.79,0.9163
773.81,0.9852
773.82,1.021
773.84,1.094
773.86,1.17
773.87,1.209
773.89,1.29
773.9,1.331
773.92,1.414
773.94,1.5
773.95,1.544
773.97,1.632
773.99,1.722
774.0,1.767
774.02,1.859
774.04,1.951
774.05,1.997
774.07,2.09
774.09,2.182
774.1,2.228
774.12,2.318
774.14,2.408
774.15,2.452
774.17,2.538
774.19,2.623
774.2,2.664
774.22,2.743
774.24,2.819
774.25,2.856
774.27,2.926
774.28,2.959
774.3,3.022
774.32,3.08
774.33,3.107
774.35,3.156
774.37,3.199
774.38,3.219
774.4,3.253
774.42,3.28
774.43,3.292
774.45,3.309
774.47,3.319
774.48,3.322
774.5,3.322
774.52,3.315
774.53,3.309
774.55,3.292
774.57,3.268
774.58,3.253
774.6,3.219
774.62,3.179
774.63,3.156
774.65,3.107
774.66,3.08
774.68,3.022
774.7,2.959
774.71,2.926
774.73,2.856
774.75,2.782
774.76,2.743
774.78,2.664
774.8,2.581
774.81,2.539
774.83,2.452
774.85,2.363
774.86,2.318
774.88,2.228
774.9,2.136
774.91,2.09
774.93,1.997
774.95,1.905
774.96,1.859
774.98,1.767
775.0,1.677
775.01,1.632
775.03,1.544
775.04,1.5
775.06,1.414
775.08,1.33
775.09,1.289
775.11,1.209
775.13,1.132
775.14,1.094
775.16,1.021
775.18,0.9502
775.19,0.9161
775.21,0.8502
775.23,0.7874
775.24,0.7571
775.26,0.699
775.28,0.6439
775.29,0.6176
775.31,0.5672
775.33,0.5198
775.34,0.4972
775.36,0.4542
775.37,0.4338
775.39,0.395
775.41,0.359
775.42,0.342
775.44,0.3098
775.46,0.2801
775.47,0.2661
775.49,0.2398
775.51,0.2156
775.52,0.2043
775.54,0.1832
775.56,0.1639
775.57,0.1549
775.59,0.1381
775.61,0.1229
775.62,0.1159
775.64,0.1028
775.66,0.09104
775.67,0.0856
775.69,0.07556
775.71,0.06656
775.72,0.06243
775.74,0.05482
775.75,0.05134
775.77,0.04495
775.79,0.03928
775.8,0.03669
775.82,0.03197
775.84,0.0278
775.85,0.02591
775.87,0.02247
775.89,0.01945
775.9,0.01808
775.92,0.01561
775.94,0.01346
775.95,0.01249
775.97,0.01074
775.99,0.009225
776.0,0.008546
776.02,0.007328
776.04,0.006279
776.05,0.005812
776.07,0.004977
776.09,0.004262
776.1,0.003945
776.12,0.003383
776.13,0.003134
776.15,0.002694
776.17,0.002323
776.18,0.00216
776.2,0.001874
776.22,0.001634
776.23,0.00153
776.25,0.001349
776.27,0.001201
776.28,0.001137
776.3,0.001028
776.32,0.0009401
776.33,0.0009034
776.35,0.0008423
776.37,0.0007957
776.38,0.000777
776.4,0.000748
776.42,0.0007283
776.43,0.0007216
776.45,0.0007134
776.47,0.0007114
776.48,0.0007123
776.5,0.0007175
776.51,0.0007216
776.53,0.0007322
776.55,0.0007455
776.56,0.0007531
776.58,0.0007695
776.6,0.0007873
776.61,0.0007966
776.63,0.0008158
776.65,0.0008355
776.66,0.0008454
776.68,0.0008652
776.7,0.0008847
776.71,0.0008942
776.73,0.0009129
776.75,0.0009307
776.76,0.0009393
776.78,0.0009555
776.8,0.0009704
776.81,0.0009774
776.83,0.0009902
776.84,0.000996
776.86,0.001006
776.88,0.001015
776.89,0.001019
776.91,0.001025
776.93,0.001029
776.94,0.00103
776.96,0.001031
776.98,0.00103
776.99,0.001029
777.01,0.001025
777.03,0.001019
777.04,0.001016
777.06,0.001007
777.08,0.0009968
777.09,0.0009909
777.11,0.000978
777.13,0.0009635
777.14,0.0009556
777.16,0.0009389
777.18,0.0009208
777.19,0.0009113
777.21,0.0008914
777.22,0.0008811
777.24,0.0008598
777.26,0.0008376
777.27,0.0008263
777.29,0.0008032
777.31,0.0007796
777.32,0.0007677
777.34,0.0007438
777.36,0.0007197
777.37,0.0007077
777.39,0.0006837
777.41,0.00066
777.42,0.0006483
777.44,0.0006252
777.46,0.0006026
777.47,0.0005915
777.49,0.00057
777.51,0.0005492
777.52,0.0005391
777.54,0.0005197
777.56,0.0005013
777.57,0.0004925
777.59,0.0004757
777.6,0.0004677
777.62,0.0004526
777.64,0.0004387
777.65,0.0004322
777.67,0.0004201
777.69,0.0004092
777.7,0.0004042
777.72,0.0003952
777.74,0.0003873
777.75,0.0003839
777.77,0.0003778
777.79,0.0003728
777.8,0.0003708
777.82,0.0003675
777.84,0.0003651
777.85,0.0003643
777.87,0.0003634
777.89,0.0003634
777.9,0.0003637
777.92,0.0003648
777.93,0.0003657
777.95,0.0003678
777.97,0.0003706
777.98,0.0003721
778.0,0.0003756
778.02,0.0003794
778.03,0.0003815
778.05,0.0003858
778.07,0.0003903
778.08,0.0003926
778.1,0.0003973
778.12,0.000402
778.13,0.0004043
778.15,0.000409
778.17,0.0004135
778.18,0.0004157
778.2,0.0004199
778.22,0.0004239
778.23,0.0004258
778.25,0.0004293
778.27,0.0004325
778.28,0.0004339
778.3,0.0004365
778.31,0.0004376
778.33,0.0004396
778.35,0.0004411
778.36,0.0004417
778.38,0.0004425
778.4,0.0004429
778.41,0.0004429
778.43,0.0004426
778.45,0.0004418
778.46,0.0004413
778.48,0.0004398
778.5,0.000438
778.51,0.0004369
778.53,0.0004344
778.55,0.0004316
778.56,0.0004301
778.58,0.0004268
778.6,0.0004231
778.61,0.0004212
778.63,0.0004171
778.65,0.0004128
778.66,0.0004106
778.68,0.000406
778.69,0.0004036
778.71,0.0003987
778.73,0.0003937
778.74,0.0003911
778.76,0.0003859
778.78,0.0003805
778.79,0.0003779
778.81,0.0003724
778.83,0.0003669
778.84,0.0003642
778.86,0.0003586
778.88,0.000353
778.89,0.0003502
778.91,0.0003446
778.93,0.000339
778.94,0.0003362
778.96,0.0003305
778.98,0.0003248
778.99,0.000322
779.01,0.0003163
779.03,0.0003106
779.04,0.0003077
779.06,0.000302
779.07,0.0002991
779.09,0.0002933
779.11,0.0002874
779.12,0.0002845
779.14,0.0002786
779.16,0.0002726
779.17,0.0002696
779.19,0.0002636
779.21,0.0002575
779.22,0.0002544
779.24,0.0002482
779.26,0.000242
779.27,0.0002388
779.29,0.0002325
779.31,0.0002261
779.32,0.0002229
779.34,0.0002165
779.36,0.00021
779.37,0.0002067
779.39,0.0002002
779.4,0.000197
779.42,0.0001905
779.44,0.000184
779.45,0.0001808
779.47,0.0001744
779.49,0.0001681
779.5,0.000165
779.52,0.0001588
779.54,0.0001527
779.55,0.0001498
779.57,0.000144
779.59,0.0001384
779.6,0.0001357
779.62,0.0001305
779.64,0.0001256
779.65,0.0001232
779.67,0.0001188
779.69,0.0001148
779.7,0.0001129
779.72,0.0001096
779.74,0.0001068
779.75,0.0001056
779.77,0.0001037
779.78,0.000103
779.8,0.0001021
779.82,0.0001019
779.83,0.0001022
779.85,0.0001034
779.87,0.0001056
779.88,0.0001071
779.9,0.000111
779.92,0.0001162
779.93,0.0001193
779.95,0.0001266
779.97,0.0001355
779.98,0.0001407
780.0,0.0001524
780.02,0.0001662
780.03,0.000174
780.05,0.0001913
780.07,0.0002114
780.08,0.0002225
780.1,0.0002472
780.12,0.0002753
780.13,0.0002908
780.15,0.000325
780.16,0.0003437
780.18,0.0003849
780.2,0.0004314
780.21,0.0004569
780.23,0.0005127
780.25,0.0005755
780.26,0.0006098
780.28,0.0006848
780.3,0.0007691
780.31,0.0008151
780.33,0.0009155
780.35,0.001028
780.36,0.00109
780.38,0.001224
780.4,0.001375
780.41,0.001457
780.43,0.001637
780.45,0.001838
780.46,0.001948
780.48,0.002188
780.5,0.002457
780.51,0.002603
780.53,0.002923
780.54,0.003097
780.56,0.003476
780.58,0.003901
780.59,0.004133
780.61,0.004637
780.63,0.005202
780.64,0.005509
780.66,0.006176
780.68,0.006922
780.69,0.007327
780.71,0.008207
780.73,0.009187
780.74,0.009718
780.76,0.01087
780.78,0.01215
780.79,0.01284
780.81,0.01433
780.83,0.01599
780.84,0.01688
780.86,0.0188
780.87,0.01983
780.89,0.02206
780.91,0.02451
780.92,0.02582
780.94,0.02863
780.96,0.03171
780.97,0.03336
780.99,0.03688
781.01,0.04071
781.02,0.04275
781.04,0.0471
781.06,0.0518
781.07,0.0543
781.09,0.05959
781.11,0.06529
781.12,0.0683
781.14,0.07465
781.16,0.08145
781.17,0.08503
781.19,0.09255
781.21,0.1006
781.22,0.1047
781.24,0.1135
781.25,0.1181
781.27,0.1276
781.29,0.1376
781.3,0.1429
781.32,0.1537
781.34,0.165
781.35,0.1709
781.37,0.1829
781.39,0.1955
781.4,0.2019
781.42,0.2152
781.44,0.2288
781.45,0.2358
781.47,0.25
781.49,0.2646
781.5,0.272
781.52,0.287
781.54,0.3023
781.55,0.31
781.57,0.3254
781.59,0.341
781.6,0.3488
781.62,0.3644
781.63,0.3722
781.65,0.3877
781.67,0.403
781.68,0.4105
781.7,0.4255
781.72,0.44
781.73,0.4472
781.75,0.4611
781.77,0.4745
781.78,0.4809
781.8,0.4934
781.82,0.5052
781.83,0.5108
781.85,0.5213
781.87,0.5311
781.88,0.5356
781.9,0.544
781.92,0.5513
781.93,0.5546
781.95,0.5605
781.97,0.5652
781.98,0.5672
782.0,0.5703
782.01,0.5715
782.03,0.573
782.05,0.5733
782.06,0.5731
782.08,0.5718
782.1,0.5694
782.11,0.5679
782.13,0.564
782.15,0.5591
782.16,0.5564
782.18,0.5502
782.2,0.5432
782.21,0.5394
782.23,0.5313
782.25,0.5227
782.26,0.5181
782.28,0.5087
782.3,0.499
782.31,0.4941
782.33,0.484
782.34,0.479
782.36,0.469
782.38,0.4592
782.39,0.4544
782.41,0.4451
782.43,0.4363
782.44,0.4322
782.46,0.4246
782.48,0.418
782.49,0.4151
782.51,0.4102
782.53,0.4068
782.54,0.4057
782.56,0.4048
782.58,0.4058
782.59,0.407
782.61,0.4113
782.63,0.4179
782.64,0.4222
782.66,0.4329
782.68,0.4465
782.69,0.4545
782.71,0.473
782.72,0.4835
782.74,0.5073
782.76,0.5349
782.77,0.5502
782.79,0.584
782.81,0.6221
782.82,0.6428
782.84,0.6879
782.86,0.7377
782.87,0.7646
782.89,0.822
782.91,0.8848
782.92,0.9182
782.94,0.9892
782.96,1.066
782.97,1.106
782.99,1.191
783.01,1.282
783.02,1.33
783.04,1.43
783.06,1.535
783.07,1.59
783.09,1.704
783.1,1.763
783.12,1.886
783.14,2.014
783.15,2.08
783.17,2.215
783.19,2.355
783.2,2.427
783.22,2.574
783.24,2.725
783.25,2.801
783.27,2.957
783.29,3.115
783.3,3.195
783.32,3.356
783.34,3.519
783.35,3.6
783.37,3.763
783.39,3.926
783.4,4.007
783.42,4.168
783.44,4.326
783.45,4.405
783.47,4.558
783.48,4.634
783.5,4.781
783.52,4.923
783.53,4.992
783.55,5.125
783.57,5.25
783.58,5.31
783.6,5.424
783.62,5.528
783.63,5.577
783.65,5.668
783.67,5.748
783.68,5.784
783.7,5.848
783.72,5.9
783.73,5.922
783.75,5.957
783.77,5.98
783.78,5.987
783.8,5.992
783.81,5.99
783.83,5.977
783.85,5.951
783.86,5.934
783.88,5.891
783.9,5.836
783.91,5.804
783.93,5.732
783.95,5.65
783.96,5.605
783.98,5.508
784.0,5.401
784.01,5.344
784.03,5.225
784.05,5.098
784.06,5.031
784.08,4.894
784.1,4.75
784.11,4.677
784.13,4.526
784.15,4.371
784.16,4.292
784.18,4.132
784.19,4.052
784.21,3.889
784.23,3.726
784.24,3.644
784.26,3.48
784.28,3.316
784.29,3.235
784.31,3.074
784.33,2.915
784.34,2.836
784.36,2.681
784.38,2.529
784.39,2.455
784.41,2.309
784.43,2.167
784.44,2.098
784.46,1.964
784.48,1.834
784.49,1.771
784.51,1.649
784.53,1.532
784.54,1.476
784.56,1.367
784.57,1.315
784.59,1.215
784.61,1.12
784.62,1.074
784.64,0.9874
784.66,0.9057
784.67,0.8668
784.69,0.7927
784.71,0.7236
784.72,0.6908
784.74,0.6288
784.76,0.5712
784.77,0.544
784.79,0.4928
784.81,0.4456
784.82,0.4234
784.84,0.3818
784.86,0.3437
784.87,0.3259
784.89,0.2926
784.91,0.2623
784.92,0.2482
784.94,0.2219
784.95,0.2098
784.97,0.1872
784.99,0.1668
785.0,0.1574
785.02,0.14
785.04,0.1244
785.05,0.1172
785.07,0.104
785.09,0.09226
785.1,0.08686
785.12,0.07698
785.14,0.06821
785.15,0.06421
785.17,0.05691
785.19,0.05047
785.2,0.04754
785.22,0.04221
785.24,0.03752
785.25,0.0354
785.27,0.03155
785.28,0.02981
785.3,0.02665
785.32,0.02389
785.33,0.02265
785.35,0.02039
785.37,0.01843
785.38,0.01754
785.4,0.01593
785.42,0.01452
785.43,0.01389
785.45,0.01273
785.47,0.01172
785.48,0.01126
785.5,0.01042
785.52,0.00968
785.53,0.009341
785.55,0.008718
785.57,0.00816
785.58,0.007902
785.6,0.007425
785.62,0.006991
785.63,0.006788
785.65,0.006408
785.66,0.00623
785.68,0.005893
785.7,0.005581
785.71,0.005433
785.73,0.005151
785.75,0.004888
785.76,0.004762
785.78,0.004522
785.8,0.004298
785.81,0.004191
785.83,0.003988
785.85,0.003799
785.86,0.00371
785.88,0.003544
785.9,0.003394
785.91,0.003325
785.93,0.003202
785.95,0.003099
785.96,0.003056
785.98,0.002987
786.0,0.002946
786.01,0.002937
786.03,0.002944
786.04,0.002962
786.06,0.003028
786.08,0.003142
786.09,0.003218
786.11,0.003417
786.13,0.003684
786.14,0.003846
786.16,0.004235
786.18,0.004724
786.19,0.00501
786.21,0.005676
786.23,0.006486
786.24,0.006952
786.26,0.008019
786.28,0.009293
786.29,0.01002
786.31,0.01166
786.33,0.0136
786.34,0.0147
786.36,0.01717
786.38,0.02005
786.39,0.02167
786.41,0.02531
786.42,0.02734
786.44,0.03188
786.46,0.03715
786.47,0.04008
786.49,0.04661
786.51,0.05413
786.52,0.0583
786.54,0.06755
786.56,0.07815
786.57,0.08402
786.59,0.09697
786.61,0.1117
786.62,0.1199
786.64,0.1378
786.66,0.1582
786.67,0.1693
786.69,0.1939
786.71,0.2216
786.72,0.2368
786.74,0.27
786.75,0.2881
786.77,0.3277
786.79,0.3721
786.8,0.3963
786.82,0.449
786.84,0.5078
786.85,0.5398
786.87,0.6091
786.89,0.6862
786.9,0.728
786.92,0.8183
786.94,0.9183
786.95,0.9723
786.97,1.089
786.99,1.217
787.0,1.286
787.02,1.435
787.04,1.598
787.05,1.686
787.07,1.873
787.09,2.079
787.1,2.188
787.12,2.423
787.13,2.548
787.15,2.815
787.17,3.106
787.18,3.26
787.2,3.589
787.22,3.944
787.23,4.133
787.25,4.533
787.27,4.964
787.28,5.192
787.3,5.674
787.32,6.191
787.33,6.464
787.35,7.038
787.37,7.652
787.38,7.975
787.4,8.651
787.42,9.372
787.43,9.749
787.45,10.54
787.47,11.37
787.48,11.81
787.5,12.72
787.51,13.19
787.53,14.17
787.55,15.2
787.56,15.74
787.58,16.85
787.6,18.01
787.61,18.6
787.63,19.84
787.65,21.12
787.66,21.78
787.68,23.14
787.7,24.54
787.71,25.25
787.73,26.72
787.75,28.22
787.76,28.99
787.78,30.55
787.8,32.14
787.81,32.95
787.83,34.58
787.85,36.23
787.86,37.06
787.88,38.73
787.89,39.57
787.91,41.26
787.93,42.94
787.94,43.78
787.96,45.44
787.98,47.09
787.99,47.91
788.01,49.52
788.03,51.1
788.04,51.87
788.06,53.38
788.08,54.84
788.09,55.55
788.11,56.91
788.13,58.21
788.14,58.83
788.16,60.0
788.18,61.09
788.19,61.6
788.21,62.55
788.22,62.99
788.24,63.78
788.26,64.46
788.27,64.77
788.29,65.28
788.31,65.68
788.32,65.83
788.34,66.05
788.36,66.14
788.37,66.14
788.39,66.05
788.41,65.84
788.42,65.69
788.44,65.29
788.46,64.77
788.47,64.47
788.49,63.79
788.51,62.99
788.52,62.55
788.54,61.59
788.56,60.54
788.57,59.97
788.59,58.78
788.6,58.16
788.62,56.85
788.64,55.46
788.65,54.75
788.67,53.27
788.69,51.74
788.7,50.96
788.72,49.37
788.74,47.75
788.75,46.93
788.77,45.27
788.79,43.6
788.8,42.77
788.82,41.1
788.84,39.43
788.85,38.61
788.87,36.97
788.89,35.36
788.9,34.56
788.92,33.0
788.94,31.48
788.95,30.74
788.97,29.29
788.98,28.58
789.0,27.21
789.02,25.9
789.03,25.26
789.05,24.05
789.07,22.89
789.08,22.34
789.1,21.29
789.12,20.31
789.13,19.85
789.15,18.97
789.17,18.17
789.18,17.79
789.2,17.09
789.22,16.46
789.23,16.17
789.25,15.64
789.27,15.17
789.28,14.96
789.3,14.59
789.31,14.42
789.33,14.13
789.35,13.89
789.36,13.79
789.38,13.63
789.4,13.51
789.41,13.46
789.43,13.4
789.45,13.38
789.46,13.38
789.48,13.4
789.5,13.44
789.51,13.47
789.53,13.55
789.55,13.64
789.56,13.69
789.58,13.8
789.6,13.91
789.61,13.97
789.63,14.09
789.65,14.21
789.66,14.26
789.68,14.37
789.69,14.42
789.71,14.51
789.73,14.59
789.74,14.63
789.76,14.68
789.78,14.72
789.79,14.74
789.81,14.74
789.83,14.73
789.84,14.72
789.86,14.67
789.88,14.6
789.89,14.55
789.91,14.45
789.93,14.32
789.94,14.24
789.96,14.07
789.98,13.88
789.99,13.78
790.01,13.55
790.03,13.31
790.04,13.18
790.06,12.9
790.07,12.76
790.09,12.45
790.11,12.13
790.12,11.97
790.14,11.62
790.16,11.27
790.17,11.09
790.19,10.72
790.21,10.34
790.22,10.15
790.24,9.762
790.26,9.371
790.27,9.174
790.29,8.78
790.31,8.387
790.32,8.19
790.34,7.799
790.36,7.413
790.37,7.221
790.39,6.842
790.41,6.47
790.42,6.287
790.44,5.928
790.45,5.751
790.47,5.406
790.49,5.072
790.5,4.909
790.52,4.591
790.54,4.286
790.55,4.138
790.57,3.852
790.59,3.579
790.6,3.447
790.62,3.193
790.64,2.953
790.65,2.838
790.67,2.617
790.69,2.409
790.7,2.311
790.72,2.122
790.74,1.946
790.75,1.863
790.77,1.705
790.78,1.631
790.8,1.49
790.82,1.361
790.83,1.3
790.85,1.187
790.87,1.083
790.88,1.035
790.9,0.9459
790.92,0.8657
790.93,0.8289
790.95,0.7614
790.97,0.7018
790.98,0.6748
791.0,0.6264
791.02,0.585
791.03,0.5668
791.05,0.5351
791.07,0.5096
791.08,0.499
791.1,0.4821
791.12,0.4706
791.13,0.4667
791.15,0.4628
791.16,0.4626
791.18,0.4656
791.2,0.4731
791.21,0.4784
791.23,0.4922
791.25,0.5099
791.26,0.5201
791.28,0.5434
791.3,0.5702
791.31,0.5849
791.33,0.6168
791.35,0.6518
791.36,0.6705
791.38,0.7101
791.4,0.7525
791.41,0.7747
791.43,0.8211
791.45,0.8701
791.46,0.8955
791.48,0.948
791.5,1.003
791.51,1.031
791.53,1.089
791.54,1.118
791.56,1.179
791.58,1.241
791.59,1.273
791.61,1.337
791.63,1.403
791.64,1.437
791.66,1.505
791.68,1.574
791.69,1.609
791.71,1.68
791.73,1.752
791.74,1.789
791.76,1.863
791.78,1.938
791.79,1.976
791.81,2.053
791.83,2.132
791.84,2.172
791.86,2.254
791.88,2.338
791.89,2.381
791.91,2.469
791.92,2.514
791.94,2.607
791.96,2.704
791.97,2.754
791.99,2.859
792.01,2.97
792.02,3.028
792.04,3.149
792.06,3.279
792.07,3.347
792.09,3.491
792.11,3.646
792.12,3.728
792.14,3.902
792.16,4.091
792.17,4.192
792.19,4.405
792.21,4.637
792.22,4.76
792.24,5.022
792.25,5.161
792.27,5.458
792.29,5.779
792.3,5.95
792.32,6.312
792.34,6.703
792.35,6.91
792.37,7.348
792.39,7.819
792.4,8.068
792.42,8.592
792.44,9.152
792.45,9.447
792.47,10.06
792.49,10.72
792.5,11.06
792.52,11.78
792.54,12.54
792.55,12.93
792.57,13.75
792.59,14.61
792.6,15.06
792.62,15.98
792.63,16.45
792.65,17.43
792.67,18.44
792.68,18.96
792.7,20.03
792.72,21.12
792.73,21.68
792.75,22.82
792.77,23.98
792.78,24.57
792.8,25.76
792.82,26.97
792.83,27.57
792.85,28.79
792.87,30.01
792.88,30.62
792.9,31.84
792.92,33.05
792.93,33.64
792.95,34.83
792.97,35.98
792.98,36.55
793.0,37.66
793.01,38.21
793.03,39.26
793.05,40.27
793.06,40.75
793.08,41.68
793.1,42.55
793.11,42.96
793.13,43.72
793.15,44.42
793.16,44.74
793.18,45.33
793.2,45.83
793.21,46.05
793.23,46.43
793.25,46.72
793.26,46.84
793.28,46.99
793.3,47.06
793.31,47.06
793.33,46.99
793.35,46.83
793.36,46.71
793.38,46.42
793.39,46.24
793.41,45.82
793.43,45.31
793.44,45.02
793.46,44.4
793.48,43.7
793.49,43.32
793.51,42.51
793.53,41.64
793.54,41.19
793.56,40.23
793.58,39.22
793.59,38.7
793.61,37.63
793.63,36.52
793.64,35.95
793.66,34.8
793.68,33.62
793.69,33.02
793.71,31.82
793.72,31.22
793.74,30.01
793.76,28.8
793.77,28.19
793.79,26.99
793.81,25.8
793.82,25.21
793.84,24.05
793.86,22.91
793.87,22.34
793.89,21.24
793.91,20.18
793.92,19.65
793.94,18.64
793.96,17.66
793.97,17.18
793.99,16.26
794.01,15.38
794.02,14.96
794.04,14.14
794.06,13.37
794.07,13.0
794.09,12.29
794.1,11.95
794.12,11.31
794.14,10.71
794.15,10.42
794.17,9.884
794.19,9.383
794.2,9.147
794.22,8.703
794.24,8.294
794.25,8.102
794.27,7.744
794.29,7.416
794.3,7.263
794.32,6.978
794.34,6.719
794.35,6.599
794.37,6.375
794.39,6.173
794.4,6.079
794.42,5.904
794.44,5.745
794.45,5.671
794.47,5.533
794.48,5.469
794.5,5.348
794.52,5.235
794.53,5.182
794.55,5.081
794.57,4.985
794.58,4.939
794.6,4.85
794.62,4.762
794.63,4.72
794.65,4.635
794.67,4.55
794.68,4.507
794.7,4.422
794.72,4.335
794.73,4.291
794.75,4.202
794.77,4.111
794.78,4.064
794.8,3.969
794.82,3.872
794.83,3.822
794.85,3.721
794.86,3.669
794.88,3.564
794.9,3.457
794.91,3.403
794.93,3.293
794.95,3.181
794.96,3.124
794.98,3.011
795.0,2.896
795.01,2.839
795.03,2.724
795.05,2.609
795.06,2.551
795.08,2.437
795.1,2.323
795.11,2.267
795.13,2.155
795.15,2.045
795.16,1.99
795.18,1.883
795.19,1.831
795.21,1.727
795.23,1.627
795.24,1.578
795.26,1.481
795.28,1.388
795.29,1.343
795.31,1.255
795.33,1.171
795.34,1.13
795.36,1.051
795.38,0.9756
795.39,0.9392
795.41,0.8693
795.43,0.8031
795.44,0.7713
795.46,0.7104
795.48,0.6531
795.49,0.6258
795.51,0.5737
795.53,0.5249
795.54,0.5017
795.56,0.4577
795.57,0.4369
795.59,0.3975
795.61,0.3609
795.62,0.3437
795.64,0.3112
795.66,0.2813
795.67,0.2673
795.69,0.2409
795.71,0.2168
795.72,0.2056
795.74,0.1846
795.76,0.1654
795.77,0.1565
795.79,0.14
795.81,0.1251
795.82,0.1182
795.84,0.1055
795.86,0.09403
795.87,0.08878
795.89,0.07915
795.91,0.07061
795.92,0.06671
795.94,0.05963
795.95,0.05642
795.97,0.05063
795.99,0.04562
796.0,0.04339
796.02,0.03943
796.04,0.0361
796.05,0.03467
796.07,0.0322
796.09,0.03026
796.1,0.02948
796.12,0.02826
796.14,0.02748
796.15,0.02725
796.17,0.02708
796.19,0.0273
796.2,0.02754
796.22,0.0283
796.24,0.0294
796.25,0.03008
796.27,0.03168
796.29,0.03359
796.3,0.03467
796.32,0.03705
796.33,0.03836
796.35,0.04121
796.37,0.04435
796.38,0.04604
796.4,0.04964
796.42,0.05353
796.43,0.05559
796.45,0.05992
796.47,0.06454
796.48,0.06697
796.5,0.07202
796.52,0.07736
796.53,0.08013
796.55,0.08589
796.57,0.09191
796.58,0.09501
796.6,0.1014
796.62,0.1081
796.63,0.1115
796.65,0.1185
796.66,0.1221
796.68,0.1294
796.7,0.1369
796.71,0.1407
796.73,0.1484
796.75,0.1563
796.76,0.1603
796.78,0.1684
796.8,0.1765
796.81,0.1806
796.83,0.1889
796.85,0.1971
796.86,0.2013
796.88,0.2095
796.9,0.2178
796.91,0.2219
796.93,0.23
796.95,0.2381
796.96,0.2421
796.98,0.25
797.0,0.2577
797.01,0.2615
797.03,0.2691
797.04,0.2728
797.06,0.28
797.08,0.2871
797.09,0.2906
797.11,0.2974
797.13,0.304
797.14,0.3073
797.16,0.3136
797.18,0.3198
797.19,0.3228
797.21,0.3288
797.23,0.3347
797.24,0.3376
797.26,0.3433
797.28,0.349
797.29,0.3518
797.31,0.3575
797.33,0.3632
797.34,0.3661
797.36,0.372
797.38,0.378
797.39,0.3811
797.41,0.3874
797.42,0.3907
797.44,0.3975
797.46,0.4047
797.47,0.4084
797.49,0.4162
797.51,0.4244
797.52,0.4288
797.54,0.4378
797.56,0.4474
797.57,0.4525
797.59,0.463
797.61,0.4742
797.62,0.4801
797.64,0.4923
797.66,0.5053
797.67,0.512
797.69,0.526
797.71,0.5407
797.72,0.5483
797.74,0.564
797.75,0.5721
797.77,0.5887
797.79,0.6059
797.8,0.6147
797.82,0.6327
797.84,0.6512
797.85,0.6606
797.87,0.6795
797.89,0.6988
797.9,0.7084
797.92,0.7279
797.94,0.7473
797.95,0.757
797.97,0.7763
797.99,0.7954
798.0,0.8048
798.02,0.8232
798.04,0.8411
798.05,0.8499
798.07,0.8668
798.09,0.8829
798.1,0.8906
798.12,0.9052
798.13,0.9122
798.15,0.9251
798.17,0.9369
798.18,0.9422
798.2,0.9519
798.22,0.9602
798.23,0.9637
798.25,0.9696
798.27,0.9739
798.28,0.9755
798.3,0.9772
798.32,0.9773
798.33,0.9766
798.35,0.9741
798.37,0.9697
798.38,0.9669
798.4,0.96
798.42,0.9513
798.43,0.9463
798.45,0.9352
798.47,0.9224
798.48,0.9154
798.5,0.9004
798.51,0.8923
798.53,0.8751
798.55,0.8566
798.56,0.8469
798.58,0.8266
798.6,0.8053
798.61,0.7942
798.63,0.7715
798.65,0.7479
798.66,0.7358
798.68,0.7113
798.7,0.6862
798.71,0.6735
798.73,0.6479
798.75,0.622
798.76,0.609
798.78,0.5829
798.8,0.5569
798.81,0.5439
798.83,0.5181
798.85,0.4925
798.86,0.4798
798.88,0.4548
798.89,0.4425
798.91,0.4182
798.93,0.3944
798.94,0.3828
798.96,0.3599
798.98,0.3378
798.99,0.327
799.01,0.306
799.03,0.2858
799.04,0.276
799.06,0.257
799.08,0.2389
799.09,0.2301
799.11,0.2132
799.13,0.1972
799.14,0.1895
799.16,0.1747
799.18,0.1608
799.19,0.1541
799.21,0.1414
799.22,0.1353
799.24,0.1238
799.26,0.113
799.27,0.1079
799.29,0.09827
799.31,0.0893
799.32,0.08506
799.34,0.07708
799.36,0.06971
799.37,0.06625
799.39,0.05976
799.41,0.05381
799.42,0.05103
799.44,0.04584
799.46,0.04112
799.47,0.03892
799.49,0.03485
799.51,0.03117
799.52,0.02947
799.54,0.02633
799.56,0.02353
799.57,0.02224
799.59,0.01989
799.6,0.01882
799.62,0.01687
799.64,0.01517
799.65,0.01441
799.67,0.01305
799.69,0.01189
799.7,0.01139
799.72,0.01052
799.74,0.00982
799.75,0.009533
799.77,0.00908
799.79,0.008779
799.8,0.008683
799.82,0.008599
799.84,0.008653
799.85,0.00873
799.87,0.008985
799.89,0.009371
799.9,0.009613
799.92,0.01019
799.94,0.01091
799.95,0.01131
799.97,0.01222
799.98,0.01273
800.0,0.01384
800.02,0.01509
800.03,0.01577
800.05,0.01724
800.07,0.01886
800.08,0.01972
800.1,0.02157
800.12,0.02357
800.13,0.02464
800.15,0.02689
800.17,0.02931
800.18,0.03058
800.2,0.03326
800.22,0.03612
800.23,0.03761
800.25,0.04074
800.27,0.04404
800.28,0.04577
800.3,0.04935
800.32,0.05311
800.33,0.05505
800.35,0.05908
800.36,0.06116
800.38,0.06544
800.4,0.06989
800.41,0.07218
800.43,0.07686
800.45,0.08169
800.46,0.08415
800.48,0.08918
800.5,0.09432
800.51,0.09693
800.53,0.1022
800.55,0.1076
800.56,0.1103
800.58,0.1157
800.6,0.1212
800.61,0.1239
800.63,0.1294
800.65,0.1349
800.66,0.1376
800.68,0.143
800.69,0.1456
800.71,0.1509
800.73,0.156
800.74,0.1585
800.76,0.1634
800.78,0.1681
800.79,0.1704
800.81,0.1748
800.83,0.179
800.84,0.181
800.86,0.1848
800.88,0.1883
800.89,0.1899
800.91,0.1929
800.93,0.1956
800.94,0.1968
800.96,0.1989
800.98,0.2007
800.99,0.2015
801.01,0.2026
801.03,0.2034
801.04,0.2037
801.06,0.2039
801.07,0.2039
801.09,0.2035
801.11,0.2027
801.12,0.2021
801.14,0.2007
801.16,0.199
801.17,0.198
801.19,0.1957
801.21,0.193
801.22,0.1915
801.24,0.1884
801.26,0.1849
801.27,0.1831
801.29,0.1792
801.31,0.175
801.32,0.1729
801.34,0.1684
801.36,0.1637
801.37,0.1612
801.39,0.1563
801.41,0.1512
801.42,0.1486
801.44,0.1434
801.45,0.1407
801.47,0.1354
801.49,0.13
801.5,0.1273
801.52,0.1219
801.54,0.1165
801.55,0.1138
801.57,0.1085
801.59,0.1032
801.6,0.1006
801.62,0.0955
801.64,0.09049
801.65,0.08804
801.67,0.08322
801.69,0.07856
801.7,0.07628
801.72,0.07186
801.74,0.06761
801.75,0.06555
801.77,0.06157
801.79,0.05777
801.8,0.05595
801.82,0.05245
801.83,0.05077
801.85,0.04757
801.87,0.04456
801.88,0.04313
801.9,0.04042
801.92,0.03791
801.93,0.03672
801.95,0.0345
801.97,0.03246
801.98,0.03152
802.0,0.02975
802.02,0.02817
802.03,0.02744
802.05,0.02611
802.07,0.02494
802.08,0.02442
802.1,0.02348
802.12,0.02269
802.13,0.02235
802.15,0.02176
802.16,0.02152
802.18,0.02114
802.2,0.02087
802.21,0.02078
802.23,0.02069
802.25,0.02071
802.26,0.02076
802.28,0.02093
802.3,0.0212
802.31,0.02138
802.33,0.02179
802.35,0.0223
802.36,0.02258
802.38,0.02323
802.4,0.02396
802.41,0.02436
802.43,0.02522
802.45,0.02618
802.46,0.0267
802.48,0.0278
802.5,0.029
802.51,0.02964
802.53,0.031
802.54,0.03173
802.56,0.03326
802.58,0.03493
802.59,0.03581
802.61,0.03767
802.63,0.03969
802.64,0.04076
802.66,0.04302
802.68,0.04546
802.69,0.04674
802.71,0.04947
802.73,0.05241
802.74,0.05396
802.76,0.05724
802.78,0.06076
802.79,0.06262
802.81,0.06654
802.83,0.07074
802.84,0.07295
802.86,0.0776
802.88,0.08257
802.89,0.08517
802.91,0.09063
802.92,0.09349
802.94,0.09947
802.96,0.1058
802.97,0.1091
802.99,0.116
803.01,0.1233
803.02,0.1271
803.04,0.1349
803.06,0.1431
803.07,0.1473
803.09,0.1561
803.11,0.1652
803.12,0.1699
803.14,0.1796
803.16,0.1896
803.17,0.1947
803.19,0.2052
803.21,0.2159
803.22,0.2214
803.24,0.2325
803.26,0.2439
803.27,0.2497
803.29,0.2613
803.3,0.2672
803.32,0.279
803.34,0.291
803.35,0.297
803.37,0.309
803.39,0.321
803.4,0.327
803.42,0.339
803.44,0.3509
803.45,0.3569
803.47,0.3686
803.49,0.3802
803.5,0.386
803.52,0.3973
803.54,0.4085
803.55,0.414
803.57,0.4249
803.59,0.4357
803.6,0.441
803.62,0.4514
803.63,0.4566
803.65,0.467
803.67,0.4773
803.68,0.4824
803.7,0.4928
803.72,0.5033
803.73,0.5087
803.75,0.5196
803.77,0.531
803.78,0.537
803.8,0.5494
803.82,0.5627
803.83,0.5697
803.85,0.5847
803.87,0.6012
803.88,0.61
803.9,0.6292
803.92,0.6506
803.93,0.6622
803.95,0.6874
803.97,0.7158
803.98,0.7313
804.0,0.765
804.01,0.7834
804.03,0.8235
804.05,0.8686
804.06,0.8931
804.08,0.9464
804.1,1.006
804.11,1.038
804.13,1.108
804.15,1.186
804.16,1.228
804.18,1.319
804.2,1.419
804.21,1.472
804.23,1.588
804.25,1.714
804.26,1.782
804.28,1.926
804.3,2.084
804.31,2.168
804.33,2.346
804.35,2.54
804.36,2.642
804.38,2.859
804.39,2.973
804.41,3.215
804.43,3.474
804.44,3.61
804.46,3.897
804.48,4.202
804.49,4.362
804.51,4.697
804.53,5.052
804.54,5.237
804.56,5.623
804.58,6.029
804.59,6.24
804.61,6.677
804.63,7.136
804.64,7.373
804.66,7.863
804.68,8.373
804.69,8.636
804.71,9.176
804.73,9.735
804.74,10.02
804.76,10.61
804.77,10.91
804.79,11.52
804.81,12.15
804.82,12.47
804.84,13.12
804.86,13.79
804.87,14.12
804.89,14.8
804.91,15.49
804.92,15.84
804.94,16.54
804.96,17.24
804.97,17.59
804.99,18.3
805.01,19.0
805.02,19.35
805.04,20.05
805.06,20.74
805.07,21.08
805.09,21.76
805.1,22.1
805.12,22.75
805.14,23.39
805.15,23.71
805.17,24.32
805.19,24.91
805.2,25.19
805.22,25.74
805.24,26.26
805.25,26.51
805.27,26.99
805.29,27.43
805.3,27.63
805.32,28.02
805.34,28.37
805.35,28.52
805.37,28.81
805.39,29.06
805.4,29.16
805.42,29.34
805.44,29.47
805.45,29.52
805.47,29.59
805.48,29.6
805.5,29.6
805.52,29.55
805.53,29.5
805.55,29.38
805.57,29.21
805.58,29.11
805.6,28.88
805.62,28.6
805.63,28.44
805.65,28.1
805.67,27.72
805.68,27.51
805.7,27.07
805.72,26.59
805.73,26.34
805.75,25.81
805.77,25.26
805.78,24.97
805.8,24.37
805.82,23.74
805.83,23.42
805.85,22.77
805.86,22.43
805.88,21.75
805.9,21.05
805.91,20.7
805.93,19.99
805.95,19.27
805.96,18.9
805.98,18.18
806.0,17.45
806.01,17.09
806.03,16.36
806.05,15.64
806.06,15.28
806.08,14.58
806.1,13.88
806.11,13.53
806.13,12.85
806.15,12.19
806.16,11.86
806.18,11.22
806.2,10.6
806.21,10.3
806.23,9.707
806.24,9.419
806.26,8.858
806.28,8.32
806.29,8.059
806.31,7.555
806.33,7.074
806.34,6.842
806.36,6.396
806.38,5.974
806.39,5.771
806.41,5.384
806.43,5.02
806.44,4.846
806.46,4.516
806.48,4.208
806.49,4.063
806.51,3.787
806.53,3.532
806.54,3.412
806.56,3.187
806.57,3.082
806.59,2.885
806.61,2.706
806.62,2.623
806.64,2.47
806.66,2.332
806.67,2.269
806.69,2.153
806.71,2.051
806.72,2.005
806.74,1.922
806.76,1.851
806.77,1.819
806.79,1.764
806.81,1.718
806.82,1.699
806.84,1.666
806.86,1.641
806.87,1.631
806.89,1.616
806.91,1.608
806.92,1.605
806.94,1.605
806.95,1.606
806.97,1.611
806.99,1.621
807.0,1.626
807.02,1.64
807.04,1.656
807.05,1.664
807.07,1.683
807.09,1.702
807.1,1.712
807.12,1.733
807.14,1.754
807.15,1.764
807.17,1.785
807.19,1.805
807.2,1.815
807.22,1.834
807.24,1.851
807.25,1.86
807.27,1.876
807.29,1.89
807.3,1.896
807.32,1.908
807.33,1.914
807.35,1.923
807.37,1.93
807.38,1.933
807.4,1.938
807.42,1.941
807.43,1.942
807.45,1.943
807.47,1.942
807.48,1.941
807.5,1.938
807.52,1.934
807.53,1.932
807.55,1.926
807.57,1.92
807.58,1.916
807.6,1.91
807.62,1.903
807.63,1.899
807.65,1.893
807.66,1.89
807.68,1.884
807.7,1.88
807.71,1.878
807.73,1.875
807.75,1.874
807.76,1.875
807.78,1.877
807.8,1.882
807.81,1.885
807.83,1.895
807.85,1.907
807.86,1.914
807.88,1.932
807.9,1.953
807.91,1.965
807.93,1.992
807.95,2.024
807.96,2.041
807.98,2.079
808.0,2.122
808.01,2.145
808.03,2.194
808.04,2.221
808.06,2.277
808.08,2.339
808.09,2.371
808.11,2.439
808.13,2.511
808.14,2.549
808.16,2.628
808.18,2.711
808.19,2.754
808.21,2.842
808.23,2.934
808.24,2.982
808.26,3.078
808.28,3.177
808.29,3.228
808.31,3.331
808.33,3.435
808.34,3.488
808.36,3.594
808.38,3.702
808.39,3.756
808.41,3.864
808.42,3.918
808.44,4.027
808.46,4.135
808.47,4.189
808.49,4.296
808.51,4.402
808.52,4.455
808.54,4.56
808.56,4.664
808.57,4.716
808.59,4.819
808.61,4.921
808.62,4.972
808.64,5.073
808.66,5.175
808.67,5.226
808.69,5.329
808.71,5.434
808.72,5.487
808.74,5.596
808.76,5.708
808.77,5.767
808.79,5.888
808.8,5.951
808.82,6.083
808.84,6.224
808.85,6.299
808.87,6.458
808.89,6.63
808.9,6.722
808.92,6.918
808.94,7.133
808.95,7.248
808.97,7.496
808.99,7.768
809.0,7.913
809.02,8.226
809.04,8.569
809.05,8.753
809.07,9.147
809.09,9.577
809.1,9.806
809.12,10.3
809.13,10.56
809.15,11.11
809.17,11.71
809.18,12.03
809.2,12.7
809.22,13.42
809.23,13.8
809.25,14.61
809.27,15.46
809.28,15.91
809.3,16.85
809.32,17.84
809.33,18.36
809.35,19.44
809.37,20.58
809.38,21.17
809.4,22.38
809.42,23.65
809.43,24.31
809.45,25.65
809.47,27.05
809.48,27.76
809.5,29.22
809.51,29.96
809.53,31.48
809.55,33.03
809.56,33.81
809.58,35.4
809.6,37.01
809.61,37.82
809.63,39.45
809.65,41.09
809.66,41.9
809.68,43.53
809.7,45.15
809.71,45.95
809.73,47.54
809.75,49.09
809.76,49.85
809.78,51.35
809.8,52.79
809.81,53.49
809.83,54.85
809.85,56.14
809.86,56.76
809.88,57.93
809.89,58.49
809.91,59.54
809.93,60.49
809.94,60.93
809.96,61.73
809.98,62.43
809.99,62.73
810.01,63.26
810.03,63.67
810.04,63.84
810.06,64.07
810.08,64.19
810.09,64.2
810.11,64.13
810.13,63.94
810.14,63.8
810.16,63.43
810.18,62.95
810.19,62.66
810.21,62.0
810.23,61.23
810.24,60.81
810.26,59.88
810.27,59.38
810.29,58.31
810.31,57.15
810.32,56.54
810.34,55.25
810.36,53.89
810.37,53.19
810.39,51.73
810.41,50.22
810.42,49.44
810.44,47.86
810.46,46.24
810.47,45.41
810.49,43.75
810.51,42.06
810.52,41.21
810.54,39.51
810.56,37.81
810.57,36.96
810.59,35.26
810.6,34.42
810.62,32.75
810.64,31.1
810.65,30.28
810.67,28.67
810.69,27.09
810.7,26.32
810.72,24.8
810.74,23.32
810.75,22.6
810.77,21.2
810.79,19.84
810.8,19.18
810.82,17.9
810.84,16.68
810.85,16.08
810.87,14.94
810.89,13.85
810.9,13.32
810.92,12.32
810.94,11.36
810.95,10.91
810.97,10.04
810.98,9.618
811.0,8.823
811.02,8.079
811.03,7.725
811.05,7.053
811.07,6.427
811.08,6.13
811.1,5.571
811.12,5.052
811.13,4.808
811.15,4.348
811.17,3.925
811.18,3.726
811.2,3.354
811.22,3.014
811.23,2.855
811.25,2.558
811.27,2.288
811.28,2.162
811.3,1.928
811.32,1.717
811.33,1.619
811.35,1.438
811.36,1.354
811.38,1.199
811.4,1.06
811.41,0.9964
811.43,0.8789
811.45,0.7741
811.46,0.7261
811.48,0.6381
811.5,0.56
811.51,0.5244
811.53,0.4593
811.55,0.4019
811.56,0.3758
811.58,0.3284
811.6,0.2867
811.61,0.2679
811.63,0.2337
811.65,0.2038
811.66,0.1904
811.68,0.166
811.7,0.1449
811.71,0.1354
811.73,0.1183
811.74,0.1106
811.76,0.09681
811.78,0.0849
811.79,0.07956
811.81,0.07
811.83,0.06176
811.84,0.05808
811.86,0.05149
811.88,0.04581
811.89,0.04327
811.91,0.03873
811.93,0.03481
811.94,0.03306
811.96,0.02991
811.98,0.02719
811.99,0.02596
812.01,0.02375
812.03,0.02181
812.04,0.02093
812.06,0.01934
812.07,0.01861
812.09,0.01728
812.11,0.01609
812.12,0.01554
812.14,0.01452
812.16,0.0136
812.17,0.01316
812.19,0.01235
812.21,0.0116
812.22,0.01125
812.24,0.01057
812.26,0.00994
812.27,0.009638
812.29,0.009061
812.31,0.008516
812.32,0.008254
812.34,0.007749
812.36,0.007269
812.37,0.007038
812.39,0.006592
812.41,0.006167
812.42,0.005963
812.44,0.005568
812.45,0.005377
812.47,0.00501
812.49,0.004661
812.5,0.004493
812.52,0.00417
812.54,0.003864
812.55,0.003717
812.57,0.003436
812.59,0.00317
812.6,0.003043
812.62,0.0028
812.64,0.002572
812.65,0.002464
812.67,0.002257
812.69,0.002064
812.7,0.001972
812.72,0.001799
812.74,0.001637
812.75,0.001561
812.77,0.001417
812.79,0.001284
812.8,0.001221
812.82,0.001103
812.83,0.001048
812.85,0.0009441
812.87,0.0008489
812.88,0.0008044
812.9,0.0007213
812.92,0.0006456
812.93,0.0006103
812.95,0.0005447
812.97,0.0004852
812.98,0.0004576
813.0,0.0004065
813.02,0.0003604
813.03,0.0003391
813.05,0.0002998
813.07,0.0002645
813.08,0.0002483
813.1,0.0002185
813.12,0.0001919
813.13,0.0001797
813.15,0.0001574
813.17,0.0001376
813.18,0.0001285
813.2,0.0001121
813.21,0.0001045
813.23,9.088e-05
813.25,7.885e-05
813.26,7.339e-05
813.28,6.35e-05
813.3,5.484e-05
813.31,5.092e-05
813.33,4.386e-05
813.35,3.77e-05
813.36,3.493e-05
813.38,2.994e-05
813.4,2.562e-05
813.41,2.368e-05
813.43,2.021e-05
813.45,1.721e-05
813.46,1.588e-05
813.48,1.349e-05
813.5,1.143e-05
813.51,1.052e-05
813.53,8.898e-06
813.54,8.177e-06
813.56,6.896e-06
813.58,5.806e-06
813.59,5.324e-06
813.61,4.471e-06
813.63,3.747e-06
813.64,3.429e-06
813.66,2.867e-06
813.68,2.393e-06
813.69,2.185e-06
813.71,1.82e-06
813.73,1.513e-06
813.74,1.379e-06
813.76,1.144e-06
813.78,9.476e-07
813.79,8.622e-07
813.81,7.132e-07
813.83,5.895e-07
813.84,5.358e-07
813.86,4.428e-07
813.88,3.661e-07
813.89,3.331e-07
813.91,2.763e-07
813.92,2.52e-07
813.94,2.105e-07
813.96,1.773e-07
813.97,1.634e-07
813.99,1.403e-07
814.01,1.228e-07
814.02,1.159e-07
814.04,1.055e-07
814.06,9.918e-08
814.07,9.746e-08
814.09,9.672e-08
814.11,9.948e-08
814.12,1.021e-07
814.14,1.101e-07
814.16,1.215e-07
814.17,1.287e-07
814.19,1.458e-07
814.21,1.672e-07
814.22,1.796e-07
814.24,2.081e-07
814.26,2.421e-07
814.27,2.613e-07
814.29,3.048e-07
814.3,3.292e-07
814.32,3.841e-07
814.34,4.478e-07
814.35,4.834e-07
814.37,5.627e-07
814.39,6.541e-07
814.4,7.048e-07
814.42,8.174e-07
814.44,9.463e-07
814.45,1.018e-06
814.47,1.175e-06
814.49,1.354e-06
814.5,1.453e-06
814.52,1.67e-06
814.54,1.916e-06
814.55,2.05e-06
814.57,2.346e-06
814.59,2.679e-06
814.6,2.86e-06
814.62,3.257e-06
814.64,3.701e-06
814.65,3.943e-06
814.67,4.468e-06
814.68,4.753e-06
814.7,5.371e-06
814.72,6.058e-06
814.73,6.43e-06
814.75,7.231e-06
814.77,8.118e-06
814.78,8.595e-06
814.8,9.621e-06
814.82,1.075e-05
814.83,1.135e-05
814.85,1.265e-05
814.87,1.407e-05
814.88,1.482e-05
814.9,1.643e-05
814.92,1.819e-05
814.93,1.912e-05
814.95,2.11e-05
814.97,2.324e-05
814.98,2.438e-05
815.0,2.677e-05
815.01,2.804e-05
815.03,3.071e-05
815.05,3.357e-05
815.06,3.508e-05
815.08,3.824e-05
815.1,4.16e-05
815.11,4.336e-05
815.13,4.704e-05
815.15,5.094e-05
815.16,5.297e-05
815.18,5.72e-05
815.2,6.165e-05
815.21,6.395e-05
815.23,6.873e-05
815.25,7.372e-05
815.26,7.63e-05
815.28,8.161e-05
815.3,8.713e-05
815.31,8.996e-05
815.33,9.576e-05
815.35,0.0001018
815.36,0.0001048
815.38,0.000111
815.39,0.0001142
815.41,0.0001207
815.43,0.0001273
815.44,0.0001306
815.46,0.0001373
815.48,0.0001441
815.49,0.0001475
815.51,0.0001544
815.53,0.0001613
815.54,0.0001647
815.56,0.0001716
815.58,0.0001784
815.59,0.0001818
815.61,0.0001884
815.63,0.000195
815.64,0.0001982
815.66,0.0002045
815.68,0.0002106
815.69,0.0002136
815.71,0.0002193
815.73,0.0002248
815.74,0.0002275
815.76,0.0002325
815.77,0.0002349
815.79,0.0002395
815.81,0.0002437
815.82,0.0002457
815.84,0.0002493
815.86,0.0002525
815.87,0.000254
815.89,0.0002566
815.91,0.0002588
815.92,0.0002597
815.94,0.0002613
815.96,0.0002625
815.97,0.000263
815.99,0.0002636
816.01,0.000264
816.02,0.000264
816.04,0.0002639
816.06,0.0002636
816.07,0.0002634
816.09,0.000263
816.11,0.0002626
816.12,0.0002624
816.14,0.0002622
816.15,0.0002623
816.17,0.0002627
816.19,0.0002639
816.2,0.0002648
816.22,0.0002675
816.24,0.0002715
816.25,0.0002742
816.27,0.0002812
816.29,0.0002907
816.3,0.0002966
816.32,0.0003111
816.34,0.0003299
816.35,0.0003411
816.37,0.0003681
816.39,0.0004019
816.4,0.0004218
816.42,0.0004686
816.44,0.0005263
816.45,0.0005598
816.47,0.0006377
816.48,0.0006827
816.5,0.0007867
816.52,0.0009122
816.53,0.0009841
816.55,0.001149
816.57,0.001347
816.58,0.001459
816.6,0.001716
816.62,0.00202
816.63,0.002193
816.65,0.002584
816.67,0.003046
816.68,0.003306
816.7,0.003895
816.72,0.004585
816.73,0.004972
816.75,0.005844
816.77,0.006861
816.78,0.00743
816.8,0.008704
816.82,0.01018
816.83,0.01101
816.85,0.01285
816.86,0.01387
816.88,0.01615
816.9,0.01877
816.91,0.02022
816.93,0.02344
816.95,0.02712
816.96,0.02916
816.98,0.03366
817.0,0.03878
817.01,0.0416
817.03,0.0478
817.05,0.05482
817.06,0.05867
817.08,0.06712
817.1,0.07664
817.11,0.08183
817.13,0.09319
817.15,0.1059
817.16,0.1129
817.18,0.1279
817.2,0.1448
817.21,0.1539
817.23,0.1736
817.24,0.1843
817.26,0.2074
817.28,0.233
817.29,0.2468
817.31,0.2765
817.33,0.3091
817.34,0.3267
817.36,0.3643
817.38,0.4055
817.39,0.4275
817.41,0.4745
817.43,0.5258
817.44,0.5531
817.46,0.6112
817.48,0.6741
817.49,0.7075
817.51,0.7782
817.53,0.8544
817.54,0.8946
817.56,0.9796
817.58,1.071
817.59,1.118
817.61,1.219
817.62,1.272
817.64,1.382
817.66,1.5
817.67,1.561
817.69,1.689
817.71,1.824
817.72,1.895
817.74,2.041
817.76,2.194
817.77,2.273
817.79,2.437
817.81,2.608
817.82,2.696
817.84,2.878
817.86,3.066
817.87,3.162
817.89,3.359
817.91,3.563
817.92,3.666
817.94,3.878
817.95,3.985
817.97,4.203
817.99,4.425
818.0,4.538
818.02,4.764
818.04,4.994
818.05,5.109
818.07,5.341
818.09,5.573
818.1,5.689
818.12,5.92
818.14,6.15
818.15,6.264
818.17,6.491
818.19,6.714
818.2,6.824
818.22,7.04
818.24,7.251
818.25,7.355
818.27,7.556
818.29,7.75
818.3,7.844
818.32,8.027
818.33,8.115
818.35,8.283
818.37,8.443
818.38,8.519
818.4,8.664
818.42,8.799
818.43,8.862
818.45,8.982
818.47,9.091
818.48,9.142
818.5,9.236
818.52,9.321
818.53,9.36
818.55,9.431
818.57,9.495
818.58,9.523
818.6,9.576
818.62,9.623
818.63,9.645
818.65,9.685
818.67,9.722
818.68,9.74
818.7,9.776
818.71,9.794
818.73,9.832
818.75,9.873
818.76,9.895
818.78,9.945
818.8,10.0
818.81,10.04
818.83,10.11
818.85,10.2
818.86,10.25
818.88,10.36
818.9,10.5
818.91,10.57
818.93,10.74
818.95,10.93
818.96,11.04
818.98,11.27
819.0,11.54
819.01,11.68
819.03,12.01
819.04,12.18
819.06,12.56
819.08,12.98
819.09,13.21
819.11,13.7
819.13,14.24
819.14,14.53
819.16,15.16
819.18,15.83
819.19,16.2
819.21,16.96
819.23,17.8
819.24,18.24
819.26,19.17
819.28,20.18
819.29,20.71
819.31,21.82
819.33,23.01
819.34,23.64
819.36,24.96
819.38,26.36
819.39,27.09
819.41,28.62
819.42,29.42
819.44,31.08
819.46,32.84
819.47,33.76
819.49,35.66
819.51,37.66
819.52,38.7
819.54,40.84
819.56,43.09
819.57,44.25
819.59,46.64
819.61,49.13
819.62,50.42
819.64,53.06
819.66,55.79
819.67,57.19
819.69,60.06
819.71,63.02
819.72,64.54
819.74,67.62
819.76,70.78
819.77,72.39
819.79,75.66
819.8,77.31
819.82,80.67
819.84,84.07
819.85,85.79
819.87,89.25
819.89,92.74
819.9,94.5
819.92,98.01
819.94,101.5
819.95,103.3
819.97,106.8
819.99,110.2
820.0,112.0
820.02,115.4
820.04,118.7
820.05,120.4
820.07,123.6
820.09,126.7
820.1,128.3
820.12,131.3
820.14,134.1
820.15,135.5
820.17,138.2
820.18,139.5
820.2,141.9
820.22,144.2
820.23,145.3
820.25,147.3
820.27,149.2
820.28,150.1
820.3,151.7
820.32,153.1
820.33,153.7
820.35,154.8
820.37,155.8
820.38,156.2
820.4,156.9
820.42,157.4
820.43,157.6
820.45,157.8
820.47,158.0
820.48,157.9
820.5,157.8
820.51,157.7
820.53,157.4
820.55,157.0
820.56,156.8
820.58,156.2
820.6,155.6
820.61,155.3
820.63,154.6
820.65,153.9
820.66,153.5
820.68,152.8
820.7,152.1
820.71,151.7
820.73,151.0
820.75,150.4
820.76,150.1
820.78,149.6
820.8,149.2
820.81,149.0
820.83,148.8
820.85,148.6
820.86,148.6
820.88,148.6
820.89,148.7
820.91,149.0
820.93,149.4
820.94,149.6
820.96,150.2
820.98,151.0
820.99,151.4
821.01,152.4
821.03,153.5
821.04,154.1
821.06,155.4
821.08,156.8
821.09,157.5
821.11,159.1
821.13,160.7
821.14,161.5
821.16,163.2
821.18,165.0
821.19,165.9
821.21,167.6
821.23,169.4
821.24,170.3
821.26,172.0
821.27,172.8
821.29,174.4
821.31,175.9
821.32,176.6
821.34,178.0
821.36,179.2
821.37,179.7
821.39,180.7
821.41,181.4
821.42,181.7
821.44,182.2
821.46,182.5
821.47,182.5
821.49,182.4
821.51,182.1
821.52,181.8
821.54,181.1
821.56,180.1
821.57,179.5
821.59,178.2
821.61,176.5
821.62,175.6
821.64,173.6
821.65,172.5
821.67,170.1
821.69,167.5
821.7,166.1
821.72,163.1
821.74,159.9
821.75,158.3
821.77,154.8
821.79,151.1
821.8,149.2
821.82,145.3
821.84,141.2
821.85,139.1
821.87,134.9
821.89,130.6
821.9,128.4
821.92,123.9
821.94,119.4
821.95,117.1
821.97,112.5
821.98,110.3
822.0,105.7
822.02,101.1
822.03,98.84
822.05,94.31
822.07,89.84
822.08,87.62
822.1,83.25
822.12,78.95
822.13,76.83
822.15,72.68
822.17,68.62
822.18,66.64
822.2,62.76
822.22,59.0
822.23,57.17
822.25,53.61
822.27,50.19
822.28,48.53
822.3,45.32
822.32,42.24
822.33,40.76
822.35,37.9
822.36,36.53
822.38,33.89
822.4,31.39
822.41,30.19
822.43,27.89
822.45,25.73
822.46,24.71
822.48,22.74
822.5,20.91
822.51,20.04
822.53,18.38
822.55,16.84
822.56,16.11
822.58,14.74
822.6,13.47
822.61,12.87
822.63,11.74
822.65,10.71
822.66,10.22
822.68,9.312
822.7,8.481
822.71,8.094
822.73,7.372
822.74,7.037
822.76,6.414
822.78,5.851
822.79,5.591
822.81,5.111
822.83,4.681
822.84,4.484
822.86,4.123
822.88,3.803
822.89,3.658
822.91,3.395
822.93,3.166
822.94,3.063
822.96,2.879
822.98,2.723
822.99,2.654
823.01,2.535
823.03,2.438
823.04,2.396
823.06,2.328
823.08,2.278
823.09,2.259
823.11,2.231
823.12,2.223
823.14,2.216
823.16,2.221
823.17,2.227
823.19,2.248
823.21,2.278
823.22,2.297
823.24,2.34
823.26,2.39
823.27,2.418
823.29,2.479
823.31,2.546
823.32,2.581
823.34,2.657
823.36,2.739
823.37,2.782
823.39,2.873
823.41,2.969
823.42,3.02
823.44,3.126
823.45,3.181
823.47,3.298
823.49,3.423
823.5,3.489
823.52,3.628
823.54,3.778
823.55,3.858
823.57,4.027
823.59,4.211
823.6,4.309
823.62,4.52
823.64,4.752
823.65,4.876
823.67,5.144
823.69,5.439
823.7,5.599
823.72,5.944
823.74,6.326
823.75,6.532
823.77,6.979
823.79,7.474
823.8,7.741
823.82,8.32
823.83,8.632
823.85,9.306
823.87,10.05
823.88,10.45
823.9,11.32
823.92,12.27
823.93,12.78
823.95,13.88
823.97,15.09
823.98,15.73
824.0,17.11
824.02,18.62
824.03,19.42
824.05,21.13
824.07,22.99
824.08,23.98
824.1,26.07
824.12,28.32
824.13,29.52
824.15,32.04
824.17,34.74
824.18,36.17
824.2,39.16
824.21,40.73
824.23,44.03
824.25,47.53
824.26,49.36
824.28,53.18
824.3,57.21
824.31,59.31
824.33,63.67
824.35,68.25
824.36,70.62
824.38,75.52
824.4,80.63
824.41,83.26
824.43,88.67
824.45,94.28
824.46,97.16
824.48,103.0
824.5,109.1
824.51,112.2
824.53,118.5
824.55,124.9
824.56,128.1
824.58,134.7
824.59,138.1
824.61,144.8
824.63,151.6
824.64,155.0
824.66,161.8
824.68,168.6
824.69,172.0
824.71,178.8
824.73,185.5
824.74,188.8
824.76,195.4
824.78,201.9
824.79,205.0
824.81,211.2
824.83,217.2
824.84,220.1
824.86,225.7
824.88,231.1
824.89,233.7
824.91,238.6
824.92,241.0
824.94,245.4
824.96,249.5
824.97,251.4
824.99,254.9
825.01,258.0
825.02,259.4
825.04,261.8
825.06,263.9
825.07,264.7
825.09,266.1
825.11,267.0
825.12,267.3
825.14,267.5
825.16,267.3
825.17,267.0
825.19,266.0
825.21,264.7
825.22,263.8
825.24,261.8
825.26,259.4
825.27,258.0
825.29,255.0
825.3,253.3
825.32,249.8
825.34,245.8
825.35,243.7
825.37,239.3
825.39,234.6
825.4,232.1
825.42,227.0
825.44,221.6
825.45,218.8
825.47,213.2
825.49,207.3
825.5,204.3
825.52,198.3
825.54,192.1
825.55,189.0
825.57,182.7
825.59,176.3
825.6,173.2
825.62,166.8
825.64,160.4
825.65,157.2
825.67,150.9
825.68,147.7
825.7,141.5
825.72,135.3
825.73,132.3
825.75,126.2
825.77,120.3
825.78,117.4
825.8,111.7
825.82,106.1
825.83,103.4
825.85,98.01
825.87,92.82
825.88,90.28
825.9,85.34
825.92,80.56
825.93,78.24
825.95,73.73
825.97,69.4
825.98,67.3
826.0,63.23
826.02,59.34
826.03,57.46
826.05,53.83
826.06,52.08
826.08,48.71
826.1,45.5
826.11,43.96
826.13,41.0
826.15,38.2
826.16,36.85
826.18,34.27
826.2,31.84
826.21,30.68
826.23,28.45
826.25,26.36
826.26,25.36
826.28,23.46
826.3,21.67
826.31,20.82
826.33,19.21
826.35,17.69
826.36,16.98
826.38,15.61
826.39,14.97
826.41,13.74
826.43,12.6
826.44,12.07
826.46,11.05
826.48,10.1
826.49,9.655
826.51,8.813
826.53,8.035
826.54,7.668
826.56,6.978
826.58,6.342
826.59,6.044
826.61,5.483
826.63,4.967
826.64,4.726
826.66,4.273
826.68,3.859
826.69,3.665
826.71,3.303
826.73,2.972
826.74,2.818
826.76,2.531
826.77,2.398
826.79,2.149
826.81,1.923
826.82,1.818
826.84,1.624
826.86,1.448
826.87,1.366
826.89,1.216
826.91,1.08
826.92,1.017
826.94,0.9019
826.96,0.7982
826.97,0.7505
826.99,0.6626
827.01,0.5842
827.02,0.5482
827.04,0.4821
827.06,0.4234
827.07,0.3965
827.09,0.3473
827.11,0.3037
827.12,0.2839
827.14,0.2477
827.15,0.2312
827.17,0.2012
827.19,0.1748
827.2,0.1628
827.22,0.1411
827.24,0.1221
827.25,0.1135
827.27,0.09797
827.29,0.08441
827.3,0.0783
827.32,0.06729
827.34,0.05773
827.35,0.05344
827.37,0.04573
827.39,0.03907
827.4,0.03609
827.42,0.03075
827.44,0.02616
827.45,0.02412
827.47,0.02047
827.48,0.01884
827.5,0.01595
827.52,0.01348
827.53,0.01239
827.55,0.01045
827.57,0.008801
827.58,0.008073
827.6,0.006788
827.62,0.005703
827.63,0.005225
827.65,0.004386
827.67,0.003681
827.68,0.003373
827.7,0.002834
827.72,0.002386
827.73,0.002191
827.75,0.001853
827.77,0.001574
827.78,0.001454
827.8,0.001249
827.82,0.001083
827.83,0.001013
827.85,0.0008962
827.86,0.0008476
827.88,0.0007683
827.9,0.0007096
827.91,0.000687
827.93,0.0006539
827.95,0.0006348
827.96,0.00063
827.98,0.0006286
828.0,0.0006373
828.01,0.000645
828.03,0.0006665
828.05,0.0006956
828.06,0.0007127
828.08,0.0007517
828.1,0.0007967
828.11,0.0008214
828.13,0.0008747
828.15,0.0009332
828.16,0.0009643
828.18,0.00103
828.2,0.001101
828.21,0.001138
828.23,0.001215
828.24,0.001255
828.26,0.001339
828.28,0.001427
828.29,0.001473
828.31,0.001568
828.33,0.001667
828.34,0.001718
828.36,0.001823
828.38,0.001933
828.39,0.001989
828.41,0.002105
828.43,0.002226
828.44,0.002289
828.46,0.002417
828.48,0.002551
828.49,0.00262
828.51,0.002762
828.53,0.002911
828.54,0.002989
828.56,0.00315
828.58,0.003321
828.59,0.00341
828.61,0.003598
828.62,0.003697
828.64,0.003906
828.66,0.004134
828.67,0.004255
828.69,0.004517
828.71,0.004806
828.72,0.004962
828.74,0.005303
828.76,0.005688
828.77,0.005899
828.79,0.006364
828.81,0.006895
828.82,0.00719
828.84,0.007844
828.86,0.0086
828.87,0.009021
828.89,0.009962
828.91,0.01105
828.92,0.01166
828.94,0.01303
828.95,0.0138
828.97,0.01551
828.99,0.0175
829.0,0.01862
829.02,0.02111
829.04,0.024
829.05,0.02562
829.07,0.02922
829.09,0.03339
829.1,0.03572
829.12,0.04089
829.14,0.04686
829.15,0.05017
829.17,0.05752
829.19,0.06596
829.2,0.07062
829.22,0.08096
829.24,0.09275
829.25,0.09926
829.27,0.1136
829.29,0.1299
829.3,0.1389
829.32,0.1586
829.33,0.1694
829.35,0.1931
829.37,0.2198
829.38,0.2344
829.4,0.2663
829.42,0.3021
829.43,0.3216
829.45,0.364
829.47,0.4114
829.48,0.4371
829.5,0.4929
829.52,0.5549
829.53,0.5884
829.55,0.6608
829.57,0.7409
829.58,0.7841
829.6,0.877
829.62,0.9793
829.63,1.034
829.65,1.152
829.67,1.281
829.68,1.35
829.7,1.497
829.71,1.576
829.73,1.744
829.75,1.926
829.76,2.023
829.78,2.229
829.8,2.452
829.81,2.57
829.83,2.82
829.85,3.09
829.86,3.232
829.88,3.532
829.9,3.853
829.91,4.022
829.93,4.377
829.95,4.756
829.96,4.954
829.98,5.369
830.0,5.81
830.01,6.041
830.03,6.521
830.05,7.028
830.06,7.292
830.08,7.84
830.09,8.125
830.11,8.715
830.13,9.333
830.14,9.653
830.16,10.31
830.18,11.0
830.19,11.36
830.21,12.09
830.23,12.85
830.24,13.23
830.26,14.03
830.28,14.85
830.29,15.27
830.31,16.13
830.33,17.01
830.34,17.46
830.36,18.37
830.38,19.31
830.39,19.78
830.41,20.73
830.42,21.22
830.44,22.19
830.46,23.18
830.47,23.68
830.49,24.68
830.51,25.69
830.52,26.19
830.54,27.2
830.56,28.21
830.57,28.71
830.59,29.71
830.61,30.7
830.62,31.19
830.64,32.16
830.66,33.12
830.67,33.59
830.69,34.52
830.71,35.42
830.72,35.86
830.74,36.72
830.76,37.55
830.77,37.95
830.79,38.73
830.8,39.1
830.82,39.82
830.84,40.5
830.85,40.82
830.87,41.42
830.89,41.98
830.9,42.24
830.92,42.73
830.94,43.15
830.95,43.35
830.97,43.69
830.99,43.98
831.0,44.1
831.02,44.3
831.04,44.43
831.05,44.48
831.07,44.53
831.09,44.51
831.1,44.48
831.12,44.37
831.14,44.2
831.15,44.1
831.17,43.84
831.18,43.69
831.2,43.34
831.22,42.93
831.23,42.71
831.25,42.22
831.27,41.68
831.28,41.39
831.3,40.77
831.32,40.11
831.33,39.76
831.35,39.03
831.37,38.26
831.38,37.85
831.4,37.03
831.42,36.16
831.43,35.72
831.45,34.81
831.47,33.88
831.48,33.4
831.5,32.44
831.52,31.45
831.53,30.95
831.55,29.95
831.56,29.44
831.58,28.42
831.6,27.4
831.61,26.89
831.63,25.86
831.65,24.84
831.66,24.33
831.68,23.32
831.7,22.32
831.71,21.82
831.73,20.84
831.75,19.87
831.76,19.39
831.78,18.45
831.8,17.53
831.81,17.08
831.83,16.19
831.85,15.33
831.86,14.9
831.88,14.08
831.89,13.68
831.91,12.89
831.93,12.14
831.94,11.77
831.96,11.06
831.98,10.37
831.99,10.04
832.01,9.405
832.03,8.795
832.04,8.501
832.06,7.936
832.08,7.399
832.09,7.141
832.11,6.646
832.13,6.179
832.14,5.956
832.16,5.529
832.18,5.128
832.19,4.936
832.21,4.572
832.23,4.232
832.24,4.07
832.26,3.764
832.27,3.619
832.29,3.344
832.31,3.089
832.32,2.969
832.34,2.742
832.36,2.533
832.37,2.434
832.39,2.25
832.41,2.08
832.42,2.0
832.44,1.851
832.46,1.715
832.47,1.652
832.49,1.534
832.51,1.426
832.52,1.376
832.54,1.283
832.56,1.199
832.57,1.16
832.59,1.088
832.61,1.023
832.62,0.9934
832.64,0.9381
832.65,0.9126
832.67,0.8657
832.69,0.8237
832.7,0.8044
832.72,0.769
832.74,0.7374
832.75,0.7229
832.77,0.6963
832.79,0.6726
832.8,0.6618
832.82,0.642
832.84,0.6244
832.85,0.6164
832.87,0.6019
832.89,0.589
832.9,0.5833
832.92,0.5729
832.94,0.564
832.95,0.5601
832.97,0.5533
832.99,0.548
833.0,0.5459
833.02,0.5428
833.03,0.5418
833.05,0.5411
833.07,0.5423
833.08,0.5436
833.1,0.5478
833.12,0.5543
833.13,0.5586
833.15,0.5693
833.17,0.5832
833.18,0.5915
833.2,0.611
833.22,0.635
833.23,0.6488
833.25,0.6805
833.27,0.7183
833.28,0.7396
833.3,0.7878
833.32,0.8441
833.33,0.8755
833.35,0.9457
833.36,0.9847
833.38,1.071
833.4,1.17
833.41,1.225
833.43,1.345
833.45,1.481
833.46,1.556
833.48,1.719
833.5,1.903
833.51,2.003
833.53,2.22
833.55,2.462
833.56,2.593
833.58,2.877
833.6,3.192
833.61,3.362
833.63,3.727
833.65,4.129
833.66,4.344
833.68,4.806
833.7,5.312
833.71,5.582
833.73,6.158
833.74,6.465
833.76,7.118
833.78,7.826
833.79,8.201
833.81,8.997
833.83,9.854
833.84,10.31
833.86,11.26
833.88,12.28
833.89,12.82
833.91,13.95
833.93,15.15
833.94,15.78
833.96,17.1
833.98,18.5
833.99,19.22
834.01,20.73
834.03,22.33
834.04,23.15
834.06,24.87
834.08,26.66
834.09,27.58
834.11,29.49
834.12,30.47
834.14,32.49
834.16,34.58
834.17,35.65
834.19,37.85
834.21,40.1
834.22,41.25
834.24,43.59
834.26,45.98
834.27,47.2
834.29,49.65
834.31,52.14
834.32,53.39
834.34,55.91
834.36,58.45
834.37,59.72
834.39,62.25
834.41,64.78
834.42,66.04
834.44,68.54
834.46,71.0
834.47,72.22
834.49,74.61
834.5,75.78
834.52,78.08
834.54,80.3
834.55,81.38
834.57,83.47
834.59,85.46
834.6,86.41
834.62,88.23
834.64,89.93
834.65,90.72
834.67,92.21
834.69,93.56
834.7,94.18
834.72,95.29
834.74,96.24
834.75,96.66
834.77,97.36
834.79,97.89
834.8,98.09
834.82,98.36
834.83,98.43
834.85,98.43
834.87,98.25
834.88,98.09
834.9,97.65
834.92,97.03
834.93,96.66
834.95,95.79
834.97,94.75
834.98,94.18
835.0,92.91
835.02,91.49
835.03,90.72
835.05,89.1
835.07,87.34
835.08,86.42
835.1,84.48
835.12,82.44
835.13,81.38
835.15,79.2
835.17,76.94
835.18,75.78
835.2,73.42
835.21,72.22
835.23,69.78
835.25,67.29
835.26,66.04
835.28,63.52
835.3,60.98
835.31,59.71
835.33,57.18
835.35,54.65
835.36,53.39
835.38,50.89
835.4,48.41
835.41,47.19
835.43,44.78
835.45,42.41
835.46,41.25
835.48,38.96
835.5,36.73
835.51,35.64
835.53,33.52
835.55,31.46
835.56,30.46
835.58,28.51
835.59,27.56
835.61,25.73
835.63,23.98
835.64,23.13
835.66,21.5
835.68,19.94
835.69,19.19
835.71,17.76
835.73,16.4
835.74,15.75
835.76,14.5
835.78,13.33
835.79,12.77
835.81,11.71
835.83,10.72
835.84,10.25
835.86,9.352
835.88,8.52
835.89,8.127
835.91,7.385
835.93,6.698
835.94,6.375
835.96,5.767
835.97,5.481
835.99,4.945
836.01,4.454
836.02,4.224
836.04,3.794
836.06,3.402
836.07,3.22
836.09,2.88
836.11,2.571
836.12,2.428
836.14,2.163
836.16,1.923
836.17,1.812
836.19,1.607
836.21,1.424
836.22,1.339
836.24,1.183
836.26,1.044
836.27,0.9801
836.29,0.863
836.3,0.8094
836.32,0.7114
836.34,0.6246
836.35,0.585
836.37,0.5128
836.39,0.4492
836.4,0.4203
836.42,0.3678
836.44,0.3217
836.45,0.3009
836.47,0.2632
836.49,0.2302
836.5,0.2154
836.52,0.1886
836.54,0.1654
836.55,0.1549
836.57,0.1361
836.59,0.1199
836.6,0.1126
836.62,0.09951
836.64,0.08825
836.65,0.08322
836.67,0.07422
836.68,0.0702
836.7,0.06302
836.72,0.05686
836.73,0.05411
836.75,0.0492
836.77,0.04498
836.78,0.0431
836.8,0.03974
836.82,0.03685
836.83,0.03556
836.85,0.03325
836.87,0.03125
836.88,0.03036
836.9,0.02876
836.92,0.02737
836.93,0.02674
836.95,0.02562
836.97,0.02464
836.98,0.0242
837.0,0.02341
837.02,0.02273
837.03,0.02243
837.05,0.02189
837.06,0.02165
837.08,0.02123
837.1,0.02089
837.11,0.02074
837.13,0.02051
837.15,0.02034
837.16,0.02029
837.18,0.02022
837.2,0.02023
837.21,0.02025
837.23,0.02036
837.25,0.02054
837.26,0.02066
837.28,0.02095
837.3,0.02132
837.31,0.02153
837.33,0.02201
837.35,0.02258
837.36,0.0229
837.38,0.02359
837.39,0.02397
837.41,0.0248
837.43,0.02573
837.44,0.02623
837.46,0.0273
837.48,0.02848
837.49,0.0291
837.51,0.03044
837.53,0.03188
837.54,0.03265
837.56,0.03426
837.58,0.036
837.59,0.03692
837.61,0.03885
837.63,0.0409
837.64,0.04198
837.66,0.04425
837.68,0.04666
837.69,0.04792
837.71,0.05055
837.73,0.05335
837.74,0.0548
837.76,0.05785
837.77,0.05943
837.79,0.06274
837.81,0.06623
837.82,0.06805
837.84,0.07183
837.86,0.07582
837.87,0.07789
837.89,0.0822
837.91,0.08673
837.92,0.08909
837.94,0.09397
837.96,0.09909
837.97,0.1018
837.99,0.1073
838.01,0.113
838.02,0.116
838.04,0.1222
838.06,0.1286
838.07,0.132
838.09,0.1389
838.11,0.146
838.12,0.1497
838.14,0.1573
838.15,0.1613
838.17,0.1693
838.19,0.1777
838.2,0.182
838.22,0.1907
838.24,0.1998
838.25,0.2045
838.27,0.214
838.29,0.2237
838.3,0.2287
838.32,0.2388
838.34,0.2492
838.35,0.2544
838.37,0.2651
838.39,0.276
838.4,0.2815
838.42,0.2925
838.44,0.3037
838.45,0.3094
838.47,0.3207
838.49,0.332
838.5,0.3377
838.52,0.349
838.53,0.3547
838.55,0.3659
838.57,0.3771
838.58,0.3826
838.6,0.3935
838.62,0.4041
838.63,0.4093
838.65,0.4196
838.67,0.4295
838.68,0.4343
838.7,0.4437
838.72,0.4526
838.73,0.4568
838.75,0.465
838.77,0.4726
838.78,0.4762
838.8,0.4829
838.82,0.4889
838.83,0.4917
838.85,0.4968
838.86,0.499
838.88,0.503
838.9,0.5062
838.91,0.5075
838.93,0.5095
838.95,0.5107
838.96,0.511
838.98,0.511
839.0,0.5101
839.01,0.5094
839.03,0.5073
839.05,0.5045
839.06,0.5027
839.08,0.4986
839.1,0.4937
839.11,0.491
839.13,0.485
839.15,0.4782
839.16,0.4746
839.18,0.4668
839.2,0.4584
839.21,0.454
839.23,0.4446
839.24,0.4398
839.26,0.4296
839.28,0.419
839.29,0.4136
839.31,0.4023
839.33,0.3907
839.34,0.3848
839.36,0.3727
839.38,0.3604
839.39,0.3542
839.41,0.3416
839.43,0.3289
839.44,0.3225
839.46,0.3097
839.48,0.2969
839.49,0.2905
839.51,0.2777
839.53,0.2651
839.54,0.2588
839.56,0.2464
839.58,0.2341
839.59,0.2281
839.61,0.2162
839.62,0.2103
839.64,0.1988
839.66,0.1876
839.67,0.1821
839.69,0.1714
839.71,0.1611
839.72,0.156
839.74,0.1462
839.76,0.1368
839.77,0.1322
839.79,0.1233
839.81,0.1149
839.82,0.1108
839.84,0.1029
839.86,0.09547
839.87,0.09188
839.89,0.085
839.91,0.07851
839.92,0.0754
839.94,0.06947
839.96,0.0639
839.97,0.06126
839.99,0.05622
840.0,0.05383
840.02,0.0493
840.04,0.04509
840.05,0.0431
840.07,0.03935
840.09,0.03589
840.1,0.03427
840.12,0.03122
840.14,0.02843
840.15,0.02712
840.17,0.02469
840.19,0.02249
840.2,0.02147
840.22,0.01958
840.24,0.01789
840.25,0.01711
840.27,0.01569
840.29,0.01444
840.3,0.01387
840.32,0.01286
840.33,0.0124
840.35,0.0116
840.37,0.01093
840.38,0.01064
840.4,0.01016
840.42,0.009787
840.43,0.009642
840.45,0.009429
840.47,0.009316
840.48,0.009295
840.5,0.00932
840.52,0.009433
840.53,0.00952
840.55,0.009754
840.57,0.01007
840.58,0.01025
840.6,0.01067
840.62,0.01116
840.63,0.01143
840.65,0.01201
840.67,0.01266
840.68,0.013
840.7,0.01374
840.71,0.01413
840.73,0.01494
840.75,0.01581
840.76,0.01626
840.78,0.01719
840.8,0.01817
840.81,0.01868
840.83,0.01972
840.85,0.02079
840.86,0.02134
840.88,0.02247
840.9,0.02362
840.91,0.0242
840.93,0.02539
840.95,0.02659
840.96,0.02719
840.98,0.02841
841.0,0.02964
841.01,0.03026
841.03,0.03148
841.05,0.03271
841.06,0.03332
841.08,0.03452
841.09,0.03512
841.11,0.0363
841.13,0.03746
841.14,0.03802
841.16,0.03913
841.18,0.04021
841.19,0.04073
841.21,0.04174
841.23,0.0427
841.24,0.04316
841.26,0.04404
841.28,0.04487
841.29,0.04526
841.31,0.04599
841.33,0.04666
841.34,0.04697
841.36,0.04753
841.38,0.04802
841.39,0.04824
841.41,0.04862
841.43,0.04893
841.44,0.04906
841.46,0.04926
841.47,0.04933
841.49,0.04942
841.51,0.04944
841.52,0.04942
841.54,0.04934
841.56,0.04919
841.57,0.04909
841.59,0.04885
841.61,0.04856
841.62,0.04839
841.64,0.04802
841.66,0.04761
841.67,0.04738
841.69,0.04692
841.71,0.04642
841.72,0.04616
841.74,0.04563
841.76,0.04509
841.77,0.04482
841.79,0.04427
841.8,0.044
841.82,0.04347
841.84,0.04295
841.85,0.0427
841.87,0.04222
841.89,0.04177
841.9,0.04156
841.92,0.04118
841.94,0.04085
841.95,0.04071
841.97,0.04047
841.99,0.0403
842.0,0.04024
842.02,0.04018
842.04,0.0402
842.05,0.04024
842.07,0.0404
842.09,0.04064
842.1,0.0408
842.12,0.04119
842.14,0.04168
842.15,0.04197
842.17,0.04262
842.18,0.04298
842.2,0.04379
842.22,0.0447
842.23,0.0452
842.25,0.04628
842.27,0.04747
842.28,0.0481
842.3,0.04945
842.32,0.0509
842.33,0.05166
842.35,0.05327
842.37,0.05498
842.38,0.05588
842.4,0.05774
842.42,0.05969
842.43,0.0607
842.45,0.0628
842.47,0.06499
842.48,0.06611
842.5,0.06843
842.52,0.07083
842.53,0.07206
842.55,0.07458
842.56,0.07587
842.58,0.07851
842.6,0.08122
842.61,0.08261
842.63,0.08543
842.65,0.08833
842.66,0.08981
842.68,0.09282
842.7,0.09591
842.71,0.09748
842.73,0.1007
842.75,0.104
842.76,0.1056
842.78,0.109
842.8,0.1125
842.81,0.1142
842.83,0.1178
842.85,0.1215
842.86,0.1234
842.88,0.1272
842.9,0.1311
842.91,0.1331
842.93,0.1371
842.94,0.1392
842.96,0.1434
842.98,0.1477
842.99,0.1498
843.01,0.1543
843.03,0.1588
843.04,0.1611
843.06,0.1657
843.08,0.1705
843.09,0.1729
843.11,0.1778
843.13,0.1828
843.14,0.1853
843.16,0.1903
843.18,0.1955
843.19,0.198
843.21,0.2032
843.23,0.2085
843.24,0.2111
843.26,0.2163
843.27,0.2189
843.29,0.2242
843.31,0.2294
843.32,0.2319
843.34,0.2371
843.36,0.2421
843.37,0.2446
843.39,0.2494
843.41,0.2542
843.42,0.2565
843.44,0.261
843.46,0.2653
843.47,0.2673
843.49,0.2713
843.51,0.275
843.52,0.2768
843.54,0.2801
843.56,0.2831
843.57,0.2844
843.59,0.2869
843.61,0.2891
843.62,0.29
843.64,0.2916
843.65,0.2923
843.67,0.2933
843.69,0.2939
843.7,0.2941
843.72,0.294
843.74,0.2936
843.75,0.2932
843.77,0.2921
843.79,0.2905
843.8,0.2896
843.82,0.2874
843.84,0.2848
843.85,0.2834
843.87,0.2801
843.89,0.2765
843.9,0.2745
843.92,0.2703
843.94,0.2657
843.95,0.2633
843.97,0.2582
843.99,0.2528
844.0,0.25
844.02,0.2442
844.03,0.2412
844.05,0.235
844.07,0.2285
844.08,0.2252
844.1,0.2185
844.12,0.2116
844.13,0.2081
844.15,0.2011
844.17,0.1939
844.18,0.1903
844.2,0.1831
844.22,0.1758
844.23,0.1722
844.25,0.1649
844.27,0.1577
844.28,0.1541
844.3,0.147
844.32,0.14
844.33,0.1365
844.35,0.1296
844.37,0.1229
844.38,0.1196
844.4,0.1131
844.41,0.1099
844.43,0.1036
844.45,0.09755
844.46,0.0946
844.48,0.08883
844.5,0.08328
844.51,0.08058
844.53,0.07534
844.55,0.07033
844.56,0.0679
844.58,0.06322
844.6,0.05876
844.61,0.05661
844.63,0.05249
844.65,0.04858
844.66,0.0467
844.68,0.04311
844.7,0.03973
844.71,0.03812
844.73,0.03505
844.74,0.03358
844.76,0.0308
844.78,0.0282
844.79,0.02697
844.81,0.02463
844.83,0.02246
844.84,0.02144
844.86,0.01951
844.88,0.01772
844.89,0.01689
844.91,0.01531
844.93,0.01386
844.94,0.01318
844.96,0.01191
844.98,0.01075
844.99,0.01021
845.01,0.009197
845.03,0.008278
845.04,0.007851
845.06,0.007058
845.08,0.006341
845.09,0.006009
845.11,0.005395
845.12,0.005112
845.14,0.004589
845.16,0.004121
845.17,0.003906
845.19,0.003511
845.21,0.00316
845.22,0.002999
845.24,0.002707
845.26,0.002449
845.27,0.002332
845.29,0.002121
845.31,0.001938
845.32,0.001857
845.34,0.001711
845.36,0.001589
845.37,0.001535
845.39,0.001444
845.41,0.001371
845.42,0.001342
845.44,0.001296
845.46,0.001268
845.47,0.001259
845.49,0.001255
845.5,0.001259
845.52,0.001279
845.54,0.001316
845.55,0.00134
845.57,0.001402
845.59,0.001481
845.6,0.001527
845.62,0.001634
845.64,0.001762
845.65,0.001833
845.67,0.001993
845.69,0.002176
845.7,0.002277
845.72,0.002499
845.74,0.002749
845.75,0.002885
845.77,0.003181
845.79,0.003511
845.8,0.00369
845.82,0.004076
845.84,0.004501
845.85,0.00473
845.87,0.005222
845.88,0.005486
845.9,0.00605
845.92,0.006667
845.93,0.006995
845.95,0.007696
845.97,0.008458
845.98,0.008862
846.0,0.00972
846.02,0.01065
846.03,0.01114
846.05,0.01217
846.07,0.01328
846.08,0.01387
846.1,0.0151
846.12,0.01641
846.13,0.0171
846.15,0.01854
846.17,0.02008
846.18,0.02088
846.2,0.02255
846.21,0.02341
846.23,0.02522
846.25,0.02712
846.26,0.02811
846.28,0.03015
846.3,0.03228
846.31,0.03339
846.33,0.03566
846.35,0.03802
846.36,0.03923
846.38,0.04172
846.4,0.04428
846.41,0.0456
846.43,0.04828
846.45,0.05102
846.46,0.05242
846.48,0.05526
846.5,0.05815
846.51,0.05962
846.53,0.06257
846.55,0.06556
846.56,0.06706
846.58,0.07007
846.59,0.07159
846.61,0.07461
846.63,0.07762
846.64,0.07912
846.66,0.0821
846.68,0.08504
846.69,0.0865
846.71,0.08936
846.73,0.09216
846.74,0.09353
846.76,0.0962
846.78,0.09878
846.79,0.1
846.81,0.1024
846.83,0.1047
846.84,0.1058
846.86,0.1079
846.88,0.1098
846.89,0.1107
846.91,0.1124
846.93,0.1139
846.94,0.1145
846.96,0.1158
846.97,0.1163
846.99,0.1172
847.01,0.118
847.02,0.1183
847.04,0.1187
847.06,0.1189
847.07,0.1189
847.09,0.1189
847.11,0.1186
847.12,0.1183
847.14,0.1177
847.16,0.1169
847.17,0.1165
847.19,0.1154
847.21,0.1141
847.22,0.1134
847.24,0.1119
847.26,0.1102
847.27,0.1094
847.29,0.1075
847.3,0.1065
847.32,0.1044
847.34,0.1023
847.35,0.1012
847.37,0.09895
847.39,0.09667
847.4,0.09552
847.42,0.09324
847.44,0.09101
847.45,0.08992
847.47,0.08782
847.49,0.08589
847.5,0.08499
847.52,0.0834
847.54,0.08212
847.55,0.08163
847.57,0.081
847.59,0.08093
847.6,0.08114
847.62,0.08217
847.64,0.08413
847.65,0.08553
847.67,0.08928
847.68,0.0917
847.7,0.09783
847.72,0.106
847.73,0.1109
847.75,0.1228
847.77,0.1378
847.78,0.1466
847.8,0.1675
847.82,0.1933
847.83,0.2083
847.85,0.2431
847.87,0.2854
847.88,0.3098
847.9,0.366
847.92,0.4337
847.93,0.4724
847.95,0.561
847.97,0.6668
847.98,0.727
848.0,0.8642
848.02,1.027
848.03,1.119
848.05,1.329
848.06,1.447
848.08,1.715
848.1,2.03
848.11,2.207
848.13,2.607
848.15,3.075
848.16,3.338
848.18,3.927
848.2,4.614
848.21,4.998
848.23,5.857
848.25,6.852
848.26,7.407
848.28,8.643
848.3,10.07
848.31,10.86
848.33,12.62
848.35,14.64
848.36,15.76
848.38,18.23
848.4,21.05
848.41,22.61
848.43,26.05
848.44,27.94
848.46,32.1
848.48,36.82
848.49,39.4
848.51,45.07
848.53,51.47
848.54,54.97
848.56,62.61
848.58,71.18
848.59,75.85
848.61,86.02
848.63,97.37
848.64,103.5
848.66,116.9
848.68,131.8
848.69,139.8
848.71,157.1
848.73,176.3
848.74,186.7
848.76,208.9
848.77,220.9
848.79,246.6
848.81,274.8
848.82,289.9
848.84,322.2
848.86,357.5
848.87,376.3
848.89,416.4
848.91,460.0
848.92,483.2
848.94,532.4
848.96,585.5
848.97,613.7
848.99,673.2
849.01,737.2
849.02,770.9
849.04,842.0
849.06,918.1
849.07,958.0
849.09,1042.0
849.11,1131.0
849.12,1178.0
849.14,1275.0
849.15,1326.0
849.17,1432.0
849.19,1543.0
849.2,1601.0
849.22,1722.0
849.24,1848.0
849.25,1913.0
849.27,2048.0
849.29,2189.0
849.3,2261.0
849.32,2410.0
849.34,2564.0
849.35,2643.0
849.37,2805.0
849.39,2971.0
849.4,3056.0
849.42,3229.0
849.44,3405.0
849.45,3495.0
849.47,3677.0
849.49,3861.0
849.5,3954.0
849.52,4141.0
849.53,4235.0
849.55,4424.0
849.57,4614.0
849.58,4708.0
849.6,4897.0
849.62,5084.0
849.63,5177.0
849.65,5362.0
849.67,5542.0
849.68,5631.0
849.7,5806.0
849.72,5976.0
849.73,6059.0
849.75,6220.0
849.77,6374.0
849.78,6448.0
849.8,6590.0
849.82,6724.0
849.83,6787.0
849.85,6907.0
849.87,7016.0
849.88,7067.0
849.9,7160.0
849.91,7203.0
849.93,7278.0
849.95,7342.0
849.96,7370.0
849.98,7415.0
850.0,7447.0
850.01,7459.0
850.03,7472.0
850.05,7472.0
850.06,7467.0
850.08,7447.0
850.1,7415.0
850.11,7394.0
850.13,7342.0
850.15,7279.0
850.16,7242.0
850.18,7160.0
850.2,7067.0
850.21,7017.0
850.23,6907.0
850.24,6849.0
850.26,6724.0
850.28,6590.0
850.29,6520.0
850.31,6374.0
850.33,6220.0
850.34,6141.0
850.36,5977.0
850.38,5807.0
850.39,5720.0
850.41,5543.0
850.43,5362.0
850.44,5270.0
850.46,5085.0
850.48,4898.0
850.49,4804.0
850.51,4614.0
850.53,4425.0
850.54,4331.0
850.56,4142.0
850.58,3955.0
850.59,3862.0
850.61,3677.0
850.62,3586.0
850.64,3406.0
850.66,3230.0
850.67,3143.0
850.69,2972.0
850.71,2806.0
850.72,2724.0
850.74,2565.0
850.76,2411.0
850.77,2336.0
850.79,2190.0
850.81,2049.0
850.82,1981.0
850.84,1849.0
850.86,1723.0
850.87,1662.0
850.89,1544.0
850.91,1433.0
850.92,1379.0
850.94,1276.0
850.96,1179.0
850.97,1132.0
850.99,1043.0
851.0,1000.0
851.02,919.1
851.04,843.1
851.05,806.9
851.07,738.2
851.09,674.2
851.1,643.9
851.12,586.5
851.14,533.3
851.15,508.3
851.17,461.0
851.19,417.4
851.2,396.9
851.22,358.4
851.24,323.1
851.25,306.6
851.27,275.7
851.29,247.4
851.3,234.3
851.32,209.7
851.34,187.5
851.35,177.1
851.37,157.9
851.38,149.0
851.4,132.5
851.42,117.6
851.43,110.7
851.45,98.02
851.47,86.64
851.48,81.41
851.5,71.77
851.52,63.17
851.53,59.23
851.55,52.01
851.57,45.58
851.58,42.65
851.6,37.29
851.62,32.56
851.63,30.4
851.65,26.47
851.67,23.02
851.68,21.45
851.7,18.61
851.71,17.32
851.73,14.99
851.75,12.96
851.76,12.04
851.78,10.38
851.8,8.945
851.81,8.299
851.83,7.138
851.85,6.134
851.86,5.686
851.88,4.883
851.9,4.195
851.91,3.889
851.93,3.346
851.95,2.886
851.96,2.684
851.98,2.33
852.0,2.037
852.01,1.912
852.03,1.7
852.05,1.535
852.06,1.47
852.08,1.371
852.09,1.338
852.11,1.301
852.13,1.307
852.14,1.325
852.16,1.394
852.18,1.51
852.19,1.587
852.21,1.781
852.23,2.035
852.24,2.187
852.26,2.546
852.28,2.99
852.29,3.247
852.31,3.842
852.33,4.56
852.34,4.97
852.36,5.91
852.38,7.029
852.39,7.665
852.41,9.111
852.43,10.82
852.44,11.79
852.46,13.98
852.47,15.21
852.49,18.0
852.51,21.27
852.52,23.1
852.54,27.23
852.56,32.05
852.57,34.75
852.59,40.8
852.61,47.81
852.62,51.73
852.64,60.48
852.66,70.59
852.67,76.21
852.69,88.72
852.71,103.1
852.72,111.1
852.74,128.8
852.76,149.0
852.77,160.2
852.79,184.9
852.81,213.0
852.82,228.5
852.84,262.6
852.85,281.4
852.87,322.5
852.89,369.1
852.9,394.5
852.92,450.3
852.94,513.1
852.95,547.3
852.97,622.0
852.99,705.7
853.0,751.1
853.02,849.9
853.04,960.1
853.05,1020.0
853.07,1149.0
853.09,1292.0
853.1,1370.0
853.12,1536.0
853.14,1721.0
853.15,1820.0
853.17,2032.0
853.18,2147.0
853.2,2392.0
853.22,2660.0
853.23,2803.0
853.25,3109.0
853.27,3443.0
853.28,3621.0
853.3,4000.0
853.32,4410.0
853.33,4628.0
853.35,5089.0
853.37,5587.0
853.38,5850.0
853.4,6406.0
853.42,7002.0
853.43,7316.0
853.45,7977.0
853.47,8682.0
853.48,9052.0
853.5,9826.0
853.52,10650.0
853.53,11080.0
853.55,11970.0
853.56,12440.0
853.58,13410.0
853.6,14440.0
853.61,14970.0
853.63,16070.0
853.65,17220.0
853.66,17810.0
853.68,19030.0
853.7,20310.0
853.71,20960.0
853.73,22310.0
853.75,23700.0
853.76,24410.0
853.78,25870.0
853.8,27370.0
853.81,28130.0
853.83,29680.0
853.85,31250.0
853.86,32050.0
853.88,33670.0
853.9,35310.0
853.91,36140.0
853.93,37800.0
853.94,38630.0
853.96,40310.0
853.98,41980.0
853.99,42810.0
854.01,44470.0
854.03,46110.0
854.04,46930.0
854.06,48540.0
854.08,50110.0
854.09,50890.0
854.11,52410.0
854.13,53880.0
854.14,54590.0
854.16,55980.0
854.18,57300.0
854.19,57930.0
854.21,59150.0
854.23,60280.0
854.24,60820.0
854.26,61830.0
854.28,62740.0
854.29,63160.0
854.31,63930.0
854.32,64280.0
854.34,64890.0
854.36,65400.0
854.37,65610.0
854.39,65950.0
854.41,66180.0
854.42,66250.0
854.44,66310.0
854.46,66250.0
854.47,66180.0
854.49,65950.0
854.51,65610.0
854.52,65400.0
854.54,64890.0
854.56,64280.0
854.57,63930.0
854.59,63160.0
854.61,62300.0
854.62,61830.0
854.64,60820.0
854.65,60280.0
854.67,59150.0
854.69,57930.0
854.7,57300.0
854.72,55980.0
854.74,54590.0
854.75,53880.0
854.77,52410.0
854.79,50890.0
854.8,50120.0
854.82,48540.0
854.84,46930.0
854.85,46110.0
854.87,44470.0
854.89,42810.0
854.9,41980.0
854.92,40310.0
854.94,38640.0
854.95,37800.0
854.97,36140.0
854.99,34490.0
855.0,33670.0
855.02,32060.0
855.03,31260.0
855.05,29680.0
855.07,28130.0
855.08,27370.0
855.1,25870.0
855.12,24420.0
855.13,23700.0
855.15,22310.0
855.17,20970.0
855.18,20310.0
855.2,19040.0
855.22,17810.0
855.23,17220.0
855.25,16070.0
855.27,14970.0
855.28,14440.0
855.3,13410.0
855.32,12440.0
855.33,11970.0
855.35,11080.0
855.37,10230.0
855.38,9827.0
855.4,9052.0
855.41,8682.0
855.43,7977.0
855.45,7317.0
855.46,7003.0
855.48,6406.0
855.5,5850.0
855.51,5587.0
855.53,5089.0
855.55,4628.0
855.56,4410.0
855.58,4000.0
855.6,3621.0
855.61,3443.0
855.63,3110.0
855.65,2803.0
855.66,2660.0
855.68,2392.0
855.7,2147.0
855.71,2032.0
855.73,1820.0
855.75,1626.0
855.76,1536.0
855.78,1370.0
855.79,1292.0
855.81,1149.0
855.83,1020.0
855.84,960.1
855.86,849.9
855.88,751.1
855.89,705.6
855.91,622.0
855.93,547.3
855.94,513.1
855.96,450.3
855.98,394.5
855.99,369.0
856.01,322.5
856.03,281.3
856.04,262.6
856.06,228.5
856.08,198.4
856.09,184.8
856.11,160.1
856.12,148.9
856.14,128.7
856.16,111.0
856.17,103.0
856.19,88.66
856.21,76.15
856.22,70.52
856.24,60.41
856.26,51.67
856.27,47.75
856.29,40.73
856.31,34.68
856.32,31.98
856.34,27.16
856.36,23.03
856.37,21.19
856.39,17.92
856.41,15.13
856.42,13.89
856.44,11.69
856.46,9.829
856.47,9.005
856.49,7.55
856.5,6.908
856.52,5.776
856.54,4.822
856.55,4.403
856.57,3.665
856.59,3.047
856.6,2.776
856.62,2.301
856.64,1.904
856.65,1.731
856.67,1.429
856.69,1.177
856.7,1.068
856.72,0.8779
856.74,0.7203
856.75,0.652
856.77,0.5336
856.79,0.4359
856.8,0.3937
856.82,0.3208
856.84,0.261
856.85,0.2353
856.87,0.1909
856.88,0.1719
856.9,0.1391
856.92,0.1124
856.93,0.101
856.95,0.08143
856.97,0.06556
856.98,0.05879
857.0,0.04724
857.02,0.03791
857.03,0.03395
857.05,0.02722
857.07,0.02181
857.08,0.01953
857.1,0.01567
857.12,0.0126
857.13,0.01131
857.15,0.009149
857.17,0.007454
857.18,0.006754
857.2,0.0056
857.21,0.005132
857.23,0.004377
857.25,0.003831
857.26,0.003625
857.28,0.003328
857.3,0.003167
857.31,0.003131
857.33,0.003141
857.35,0.003252
857.36,0.003342
857.38,0.00359
857.4,0.003925
857.41,0.004126
857.43,0.004593
857.45,0.005152
857.46,0.005467
857.48,0.006172
857.5,0.006983
857.51,0.00743
857.53,0.008416
857.55,0.00953
857.56,0.01014
857.58,0.01147
857.59,0.0122
857.61,0.01377
857.63,0.01554
857.64,0.01649
857.66,0.01856
857.68,0.02085
857.69,0.02209
857.71,0.02477
857.73,0.02772
857.74,0.02931
857.76,0.03272
857.78,0.03647
857.79,0.03847
857.81,0.04277
857.83,0.04747
857.84,0.04998
857.86,0.05533
857.88,0.06115
857.89,0.06424
857.91,0.07082
857.93,0.07793
857.94,0.0817
857.96,0.08968
857.97,0.0939
857.99,0.1028
858.01,0.1124
858.02,0.1174
858.04,0.128
858.06,0.1393
858.07,0.1452
858.09,0.1576
858.11,0.1708
858.12,0.1777
858.14,0.1921
858.16,0.2073
858.17,0.2152
858.19,0.2316
858.21,0.2489
858.22,0.2578
858.24,0.2763
858.26,0.2956
858.27,0.3056
858.29,0.3261
858.31,0.3474
858.32,0.3583
858.34,0.3808
858.35,0.3923
858.37,0.4158
858.39,0.4399
858.4,0.4522
858.42,0.4773
858.44,0.5028
858.45,0.5158
858.47,0.542
858.49,0.5686
858.5,0.582
858.52,0.6091
858.54,0.6362
858.55,0.6498
858.57,0.6771
858.59,0.7043
858.6,0.7179
858.62,0.7448
858.64,0.7714
858.65,0.7846
858.67,0.8105
858.68,0.8233
858.7,0.8484
858.72,0.8728
858.73,0.8847
858.75,0.9077
858.77,0.9299
858.78,0.9405
858.8,0.961
858.82,0.9802
858.83,0.9893
858.85,1.007
858.87,1.022
858.88,1.03
858.9,1.043
858.92,1.055
858.93,1.06
858.95,1.07
858.97,1.078
858.98,1.081
859.0,1.086
859.02,1.089
859.03,1.09
859.05,1.09
859.06,1.09
859.08,1.088
859.1,1.084
859.11,1.081
859.13,1.074
859.15,1.066
859.16,1.061
859.18,1.05
859.2,1.038
859.21,1.031
859.23,1.016
859.25,0.9999
859.26,0.9913
859.28,0.9732
859.3,0.9539
859.31,0.9439
859.33,0.923
859.35,0.9011
859.36,0.8899
859.38,0.8668
859.4,0.8431
859.41,0.831
859.43,0.8064
859.44,0.7939
859.46,0.7687
859.48,0.7433
859.49,0.7305
859.51,0.7047
859.53,0.679
859.54,0.6661
859.56,0.6405
859.58,0.6151
859.59,0.6024
859.61,0.5774
859.63,0.5527
859.64,0.5406
859.66,0.5166
859.68,0.4931
859.69,0.4816
859.71,0.4589
859.73,0.437
859.74,0.4262
859.76,0.4053
859.78,0.385
859.79,0.3752
859.81,0.356
859.82,0.3467
859.84,0.3287
859.86,0.3114
859.87,0.3031
859.89,0.2869
859.91,0.2716
859.92,0.2642
859.94,0.2499
859.96,0.2364
859.97,0.2299
859.99,0.2174
860.01,0.2056
860.02,0.1999
860.04,0.1891
860.06,0.1788
860.07,0.174
860.09,0.1646
860.11,0.1558
860.12,0.1516
860.14,0.1436
860.15,0.1397
860.17,0.1324
860.19,0.1255
860.2,0.1222
860.22,0.1159
860.24,0.11
860.25,0.1072
860.27,0.1018
860.29,0.09668
860.3,0.09424
860.32,0.08956
860.34,0.08513
860.35,0.08301
860.37,0.07894
860.39,0.07507
860.4,0.07321
860.42,0.06963
860.44,0.06623
860.45,0.06458
860.47,0.06141
860.49,0.05838
860.5,0.05692
860.52,0.05409
860.53,0.05272
860.55,0.05007
860.57,0.04753
860.58,0.0463
860.6,0.04391
860.62,0.04162
860.63,0.0405
860.65,0.03835
860.67,0.03628
860.68,0.03528
860.7,0.03334
860.72,0.03148
860.73,0.03058
860.75,0.02883
860.77,0.02717
860.78,0.02636
860.8,0.02481
860.82,0.02333
860.83,0.02262
860.85,0.02126
860.87,0.01996
860.88,0.01934
860.9,0.01816
860.91,0.0176
860.93,0.01653
860.95,0.01553
860.96,0.01506
860.98,0.01417
861.0,0.01336
861.01,0.01299
861.03,0.01229
861.05,0.01167
861.06,0.01139
861.08,0.01089
861.1,0.01047
861.11,0.0103
861.13,0.01
861.15,0.009797
861.16,0.009728
861.18,0.009657
861.2,0.00968
861.21,0.009728
861.23,0.009899
861.25,0.01017
861.26,0.01035
861.28,0.01079
861.29,0.01106
861.31,0.01167
861.33,0.01241
861.34,0.01283
861.36,0.01377
861.38,0.01486
861.39,0.01546
861.41,0.01677
861.43,0.01824
861.44,0.01904
861.46,0.02077
861.48,0.02268
861.49,0.02371
861.51,0.02592
861.53,0.02834
861.54,0.02962
861.56,0.03237
861.58,0.03534
861.59,0.03692
861.61,0.04026
861.62,0.04203
861.64,0.04575
861.66,0.04975
861.67,0.05185
861.69,0.05627
861.71,0.06097
861.72,0.06343
861.74,0.06858
861.76,0.07404
861.77,0.07688
861.79,0.0828
861.81,0.08903
861.82,0.09226
861.84,0.09897
861.86,0.106
861.87,0.1096
861.89,0.1171
861.91,0.1249
861.92,0.1289
861.94,0.1371
861.96,0.1456
861.97,0.1499
861.99,0.1588
862.0,0.1634
862.02,0.1726
862.04,0.1821
862.05,0.1869
862.07,0.1967
862.09,0.2066
862.1,0.2117
862.12,0.2218
862.14,0.232
862.15,0.2371
862.17,0.2474
862.19,0.2578
862.2,0.2629
862.22,0.2732
862.24,0.2834
862.25,0.2885
862.27,0.2985
862.29,0.3084
862.3,0.3132
862.32,0.3228
862.34,0.3321
862.35,0.3366
862.37,0.3455
862.38,0.3497
862.4,0.3581
862.42,0.366
862.43,0.3698
862.45,0.3771
862.47,0.3839
862.48,0.3871
862.5,0.3931
862.52,0.3987
862.53,0.4012
862.55,0.406
862.57,0.4101
862.58,0.412
862.6,0.4153
862.62,0.4181
862.63,0.4192
862.65,0.4211
862.67,0.4225
862.68,0.4229
862.7,0.4235
862.72,0.4236
862.73,0.4234
862.75,0.4228
862.76,0.4223
862.78,0.421
862.8,0.4194
862.81,0.4184
862.83,0.4163
862.85,0.414
862.86,0.4127
862.88,0.4101
862.9,0.4075
862.91,0.4061
862.93,0.4034
862.95,0.4008
862.96,0.3996
862.98,0.3972
863.0,0.3952
863.01,0.3943
863.03,0.3928
863.05,0.3918
863.06,0.3916
863.08,0.3915
863.09,0.3917
863.11,0.3927
863.13,0.3946
863.14,0.3959
863.16,0.3992
863.18,0.4036
863.19,0.4063
863.21,0.4125
863.23,0.42
863.24,0.4243
863.26,0.4339
863.28,0.4451
863.29,0.4513
863.31,0.465
863.33,0.4804
863.34,0.4888
863.36,0.507
863.38,0.5272
863.39,0.5381
863.41,0.5614
863.43,0.5868
863.44,0.6004
863.46,0.6292
863.47,0.6445
863.49,0.6769
863.51,0.7117
863.52,0.73
863.54,0.7687
863.56,0.8099
863.57,0.8315
863.59,0.8768
863.61,0.9248
863.62,0.9499
863.64,1.002
863.66,1.057
863.67,1.086
863.69,1.146
863.71,1.209
863.72,1.241
863.74,1.309
863.76,1.38
863.77,1.417
863.79,1.493
863.81,1.572
863.82,1.614
863.84,1.699
863.85,1.743
863.87,1.835
863.89,1.931
863.9,1.98
863.92,2.083
863.94,2.192
863.95,2.248
863.97,2.365
863.99,2.489
864.0,2.553
864.02,2.688
864.04,2.832
864.05,2.908
864.07,3.067
864.09,3.238
864.1,3.329
864.12,3.522
864.14,3.732
864.15,3.845
864.17,4.086
864.19,4.353
864.2,4.497
864.22,4.81
864.23,4.98
864.25,5.351
864.27,5.768
864.28,5.997
864.3,6.501
864.32,7.074
864.33,7.39
864.35,8.089
864.37,8.891
864.38,9.335
864.4,10.32
864.42,11.46
864.43,12.09
864.45,13.49
864.47,15.11
864.48,16.02
864.5,18.02
864.52,20.34
864.53,21.63
864.55,24.5
864.56,26.09
864.58,29.64
864.6,33.73
864.61,36.0
864.63,41.03
864.65,46.81
864.66,50.01
864.68,57.11
864.7,65.22
864.71,69.71
864.73,79.62
864.75,90.92
864.76,97.14
864.78,110.9
864.8,126.4
864.81,135.0
864.83,153.8
864.85,175.0
864.86,186.7
864.88,212.1
864.9,240.8
864.91,256.5
864.93,290.6
864.94,309.2
864.96,349.8
864.98,395.1
864.99,419.7
865.01,473.1
865.03,532.5
865.04,564.6
865.06,634.1
865.08,711.1
865.09,752.6
865.11,842.1
865.13,940.7
865.14,993.7
865.16,1108.0
865.18,1232.0
865.19,1299.0
865.21,1442.0
865.23,1599.0
865.24,1682.0
865.26,1859.0
865.28,2053.0
865.29,2155.0
865.31,2373.0
865.32,2489.0
865.34,2733.0
865.36,2998.0
865.37,3137.0
865.39,3432.0
865.41,3747.0
865.42,3914.0
865.44,4263.0
865.46,4637.0
865.47,4832.0
865.49,5242.0
865.51,5677.0
865.52,5905.0
865.54,6379.0
865.56,6879.0
865.57,7140.0
865.59,7681.0
865.61,8249.0
865.62,8544.0
865.64,9153.0
865.66,9789.0
865.67,10120.0
865.69,10790.0
865.7,11140.0
865.72,11860.0
865.74,12600.0
865.75,12970.0
865.77,13750.0
865.79,14540.0
865.8,14950.0
865.82,15780.0
865.84,16620.0
865.85,17050.0
865.87,17910.0
865.89,18790.0
865.9,19240.0
865.92,20130.0
865.94,21030.0
865.95,21480.0
865.97,22380.0
865.99,23280.0
866.0,23730.0
866.02,24630.0
866.03,25070.0
866.05,25950.0
866.07,26820.0
866.08,27240.0
866.1,28080.0
866.12,28890.0
866.13,29290.0
866.15,30060.0
866.17,30800.0
866.18,31160.0
866.2,31850.0
866.22,32500.0
866.23,32810.0
866.25,33390.0
866.27,33930.0
866.28,34180.0
866.3,34640.0
866.32,35050.0
866.33,35240.0
866.35,35570.0
866.37,35840.0
866.38,35950.0
866.4,36130.0
866.41,36200.0
866.43,36290.0
866.45,36320.0
866.46,36310.0
866.48,36250.0
866.5,36130.0
866.51,36050.0
866.53,35840.0
866.55,35570.0
866.56,35410.0
866.58,35050.0
866.6,34640.0
866.61,34420.0
866.63,33930.0
866.65,33390.0
866.66,33110.0
866.68,32500.0
866.7,31850.0
866.71,31510.0
866.73,30800.0
866.75,30060.0
866.76,29680.0
866.78,28890.0
866.79,28490.0
866.81,27660.0
866.83,26820.0
866.84,26390.0
866.86,25510.0
866.88,24630.0
866.89,24180.0
866.91,23290.0
866.93,22380.0
866.94,21930.0
866.96,21030.0
866.98,20130.0
866.99,19680.0
867.01,18790.0
867.03,17910.0
867.04,17480.0
867.06,16620.0
867.08,15780.0
867.09,15360.0
867.11,14540.0
867.13,13750.0
867.14,13360.0
867.16,12590.0
867.17,12220.0
867.19,11490.0
867.21,10790.0
867.22,10450.0
867.24,9788.0
867.26,9152.0
867.27,8844.0
867.29,8248.0
867.31,7680.0
867.32,7406.0
867.34,6878.0
867.36,6377.0
867.37,6137.0
867.39,5675.0
867.41,5240.0
867.42,5032.0
867.44,4634.0
867.46,4261.0
867.47,4083.0
867.49,3745.0
867.5,3584.0
867.52,3279.0
867.54,2994.0
867.55,2860.0
867.57,2605.0
867.59,2369.0
867.6,2258.0
867.62,2049.0
867.64,1855.0
867.65,1765.0
867.67,1594.0
867.69,1438.0
867.7,1365.0
867.72,1228.0
867.74,1103.0
867.75,1044.0
867.77,935.6
867.79,836.8
867.8,790.9
867.82,705.6
867.84,628.5
867.85,592.8
867.87,526.7
867.88,496.2
867.9,439.8
867.92,389.1
867.93,365.8
867.95,322.9
867.97,284.5
867.98,266.9
868.0,234.7
868.02,206.0
868.03,192.8
868.05,168.8
868.07,147.6
868.08,137.9
868.1,120.3
868.12,104.7
868.13,97.64
868.15,84.82
868.17,73.57
868.18,68.48
868.2,59.26
868.22,51.21
868.23,47.58
868.25,41.04
868.26,38.09
868.28,32.78
868.3,28.18
868.31,26.12
868.33,22.42
868.35,19.22
868.36,17.79
868.38,15.24
868.4,13.05
868.41,12.07
868.43,10.33
868.45,8.84
868.46,8.18
868.48,7.008
868.5,6.012
868.51,5.571
868.53,4.793
868.55,4.135
868.56,3.845
868.58,3.336
868.59,3.112
868.61,2.72
868.63,2.393
868.64,2.25
868.66,2.001
868.68,1.794
868.69,1.705
868.71,1.55
868.73,1.423
868.74,1.369
868.76,1.276
868.78,1.2
868.79,1.168
868.81,1.115
868.83,1.072
868.84,1.054
868.86,1.024
868.88,1.001
868.89,0.9921
868.91,0.9769
868.93,0.9656
868.94,0.961
868.96,0.9538
868.97,0.9509
868.99,0.9462
869.01,0.9426
869.02,0.9411
869.04,0.9383
869.06,0.9357
869.07,0.9344
869.09,0.9315
869.11,0.9282
869.12,0.9263
869.14,0.9221
869.16,0.9171
869.17,0.9143
869.19,0.9081
869.21,0.901
869.22,0.8971
869.24,0.8886
869.26,0.8793
869.27,0.8743
869.29,0.8638
869.31,0.8524
869.32,0.8464
869.34,0.834
869.35,0.8275
869.37,0.8142
869.39,0.8004
869.4,0.7933
869.42,0.7789
869.44,0.7643
869.45,0.7569
869.47,0.7422
869.49,0.7275
869.5,0.7202
869.52,0.7059
869.54,0.6919
869.55,0.6851
869.57,0.6721
869.59,0.6598
869.6,0.654
869.62,0.6432
869.64,0.6336
869.65,0.6293
869.67,0.6219
869.69,0.6162
869.7,0.6141
869.72,0.6113
869.73,0.6108
869.75,0.6115
869.77,0.6149
869.78,0.6177
869.8,0.6255
869.82,0.6367
869.83,0.6436
869.85,0.6605
869.87,0.6815
869.88,0.6936
869.9,0.7216
869.92,0.7548
869.93,0.7734
869.95,0.8151
869.97,0.8632
869.98,0.8897
870.0,0.9482
870.02,1.014
870.03,1.051
870.05,1.129
870.06,1.172
870.08,1.265
870.1,1.368
870.11,1.424
870.13,1.543
870.15,1.675
870.16,1.746
870.18,1.898
870.2,2.064
870.21,2.152
870.23,2.341
870.25,2.547
870.26,2.656
870.28,2.888
870.3,3.139
870.31,3.272
870.33,3.553
870.35,3.856
870.36,4.015
870.38,4.352
870.4,4.713
870.41,4.903
870.43,5.302
870.44,5.511
870.46,5.95
870.48,6.416
870.49,6.661
870.51,7.171
870.53,7.711
870.54,7.993
870.56,8.58
870.58,9.2
870.59,9.521
870.61,10.19
870.63,10.89
870.64,11.26
870.66,12.01
870.68,12.79
870.69,13.2
870.71,14.04
870.73,14.91
870.74,15.36
870.76,16.29
870.78,17.25
870.79,17.74
870.81,18.75
870.82,19.27
870.84,20.33
870.86,21.42
870.87,21.97
870.89,23.11
870.91,24.28
870.92,24.87
870.94,26.08
870.96,27.31
870.97,27.94
870.99,29.21
871.01,30.5
871.02,31.15
871.04,32.47
871.06,33.81
871.07,34.48
871.09,35.84
871.11,37.2
871.12,37.89
871.14,39.27
871.16,40.66
871.17,41.35
871.19,42.74
871.2,43.43
871.22,44.82
871.24,46.19
871.25,46.88
871.27,48.24
871.29,49.59
871.3,50.26
871.32,51.59
871.34,52.89
871.35,53.53
871.37,54.8
871.39,56.04
871.4,56.65
871.42,57.84
871.44,58.99
871.45,59.56
871.47,60.65
871.49,61.7
871.5,62.21
871.52,63.19
871.53,63.66
871.55,64.57
871.57,65.42
871.58,65.82
871.6,66.59
871.62,67.29
871.63,67.62
871.65,68.23
871.67,68.77
871.68,69.02
871.7,69.46
871.72,69.83
871.73,69.99
871.75,70.25
871.77,70.43
871.78,70.5
871.8,70.57
871.82,70.57
871.83,70.54
871.85,70.43
871.87,70.23
871.88,70.11
871.9,69.8
871.91,69.62
871.93,69.2
871.95,68.7
871.96,68.42
871.98,67.82
872.0,67.15
872.01,66.78
872.03,66.01
872.05,65.17
872.06,64.72
872.08,63.79
872.1,62.8
872.11,62.29
872.13,61.22
872.15,60.1
872.16,59.53
872.18,58.35
872.2,57.13
872.21,56.51
872.23,55.25
872.25,53.96
872.26,53.31
872.28,52.0
872.29,51.34
872.31,50.02
872.33,48.69
872.34,48.03
872.36,46.71
872.38,45.41
872.39,44.76
872.41,43.49
872.43,42.25
872.44,41.64
872.46,40.46
872.48,39.32
872.49,38.77
872.51,37.72
872.53,36.72
872.54,36.25
872.56,35.36
872.58,34.56
872.59,34.18
872.61,33.5
872.63,32.92
872.64,32.67
872.66,32.23
872.67,32.06
872.69,31.79
872.71,31.65
872.72,31.62
872.74,31.66
872.76,31.83
872.77,31.96
872.79,32.33
872.81,32.85
872.82,33.16
872.84,33.89
872.86,34.78
872.87,35.27
872.89,36.39
872.91,37.66
872.92,38.35
872.94,39.86
872.96,41.52
872.97,42.41
872.99,44.31
873.0,45.32
873.02,47.46
873.04,49.76
873.05,50.96
873.07,53.48
873.09,56.15
873.1,57.54
873.12,60.42
873.14,63.44
873.15,64.99
873.17,68.2
873.19,71.52
873.2,73.22
873.22,76.7
873.24,80.27
873.25,82.09
873.27,85.79
873.29,89.55
873.3,91.45
873.32,95.28
873.34,99.15
873.35,101.1
873.37,105.0
873.38,106.9
873.4,110.8
873.42,114.7
873.43,116.6
873.45,120.4
873.47,124.1
873.48,126.0
873.5,129.6
873.52,133.1
873.53,134.8
873.55,138.1
873.57,141.2
873.58,142.8
873.6,145.7
873.62,148.5
873.63,149.8
873.65,152.2
873.67,154.5
873.68,155.5
873.7,157.4
873.72,159.1
873.73,159.9
873.75,161.2
873.76,161.7
873.78,162.6
873.8,163.3
873.81,163.5
873.83,163.8
873.85,163.8
873.86,163.7
873.88,163.3
873.9,162.6
873.91,162.2
873.93,161.1
873.95,159.8
873.96,159.0
873.98,157.3
874.0,155.4
874.01,154.3
874.03,152.0
874.05,149.5
874.06,148.2
874.08,145.4
874.1,142.4
874.11,140.9
874.13,137.7
874.14,136.0
874.16,132.6
874.18,129.0
874.19,127.2
874.21,123.5
874.23,119.6
874.24,117.7
874.26,113.8
874.28,109.8
874.29,107.8
874.31,103.8
874.33,99.77
874.34,97.75
874.36,93.72
874.38,89.71
874.39,87.71
874.41,83.75
874.43,79.83
874.44,77.9
874.46,74.07
874.47,72.19
874.49,68.47
874.51,64.84
874.52,63.06
874.54,59.57
874.56,56.18
874.57,54.53
874.59,51.3
874.61,48.18
874.62,46.67
874.64,43.72
874.66,40.9
874.67,39.53
874.69,36.89
874.71,34.36
874.72,33.14
874.74,30.8
874.76,28.57
874.77,27.51
874.79,25.46
874.81,23.52
874.82,22.6
874.84,20.83
874.85,19.98
874.87,18.37
874.89,16.87
874.9,16.15
874.92,14.79
874.94,13.52
874.95,12.92
874.97,11.78
874.99,10.73
875.0,10.23
875.02,9.296
875.04,8.431
875.05,8.024
875.07,7.26
875.09,6.558
875.1,6.23
875.12,5.614
875.14,5.051
875.15,4.789
875.17,4.298
875.19,3.852
875.2,3.645
875.22,3.259
875.23,3.08
875.25,2.748
875.27,2.448
875.28,2.309
875.3,2.052
875.32,1.821
875.33,1.714
875.35,1.518
875.37,1.342
875.38,1.261
875.4,1.113
875.42,0.9807
875.43,0.9201
875.45,0.8092
875.47,0.7107
875.48,0.6657
875.5,0.5837
875.52,0.5112
875.53,0.4783
875.55,0.4183
875.57,0.3657
875.58,0.3418
875.6,0.2986
875.61,0.2791
875.63,0.2439
875.65,0.2133
875.66,0.1995
875.68,0.1749
875.7,0.1537
875.71,0.1443
875.73,0.1276
875.75,0.1135
875.76,0.1074
875.78,0.09673
875.8,0.0881
875.81,0.08449
875.83,0.07858
875.85,0.07429
875.86,0.07273
875.88,0.07071
875.9,0.07009
875.91,0.0703
875.93,0.07172
875.94,0.07293
875.96,0.07634
875.98,0.08109
875.99,0.08397
876.01,0.09078
876.03,0.09902
876.04,0.1037
876.06,0.1142
876.08,0.1264
876.09,0.1331
876.11,0.1479
876.13,0.1647
876.14,0.1738
876.16,0.1937
876.18,0.2159
876.19,0.2279
876.21,0.2539
876.23,0.2826
876.24,0.2981
876.26,0.3313
876.28,0.3679
876.29,0.3875
876.31,0.4294
876.32,0.4518
876.34,0.4997
876.36,0.5519
876.37,0.5796
876.39,0.6387
876.41,0.7028
876.42,0.7368
876.44,0.8089
876.46,0.8866
876.47,0.9277
876.49,1.014
876.51,1.108
876.52,1.157
876.54,1.26
876.56,1.37
876.57,1.428
876.59,1.549
876.61,1.678
876.62,1.746
876.64,1.887
876.66,2.035
876.67,2.113
876.69,2.274
876.7,2.358
876.72,2.532
876.74,2.714
876.75,2.809
876.77,3.004
876.79,3.207
876.8,3.312
876.82,3.527
876.84,3.751
876.85,3.866
876.87,4.101
876.89,4.344
876.9,4.468
876.92,4.721
876.94,4.98
876.95,5.112
876.97,5.379
876.99,5.652
877.0,5.79
877.02,6.068
877.03,6.209
877.05,6.492
877.07,6.777
877.08,6.92
877.1,7.206
877.12,7.492
877.13,7.635
877.15,7.919
877.17,8.2
877.18,8.339
877.2,8.615
877.22,8.885
877.23,9.017
877.25,9.278
877.27,9.53
877.28,9.653
877.3,9.891
877.32,10.12
877.33,10.23
877.35,10.44
877.37,10.64
877.38,10.73
877.4,10.91
877.41,10.99
877.43,11.15
877.45,11.28
877.46,11.35
877.48,11.46
877.5,11.56
877.51,11.6
877.53,11.67
877.55,11.72
877.56,11.73
877.58,11.76
877.6,11.76
877.61,11.76
877.63,11.73
877.65,11.69
877.66,11.66
877.68,11.59
877.7,11.5
877.71,11.45
877.73,11.33
877.75,11.2
877.76,11.13
877.78,10.98
877.79,10.89
877.81,10.72
877.83,10.53
877.84,10.43
877.86,10.22
877.88,9.998
877.89,9.883
877.91,9.648
877.93,9.403
877.94,9.277
877.96,9.021
877.98,8.758
877.99,8.625
878.01,8.355
878.03,8.081
878.04,7.943
878.06,7.665
878.08,7.386
878.09,7.246
878.11,6.967
878.13,6.689
878.14,6.55
878.16,6.275
878.17,6.138
878.19,5.868
878.21,5.602
878.22,5.47
878.24,5.211
878.26,4.958
878.27,4.833
878.29,4.589
878.31,4.352
878.32,4.235
878.34,4.009
878.36,3.79
878.37,3.683
878.39,3.476
878.41,3.278
878.42,3.181
878.44,2.995
878.46,2.817
878.47,2.731
878.49,2.566
878.5,2.487
878.52,2.335
878.54,2.192
878.55,2.123
878.57,1.993
878.59,1.871
878.6,1.813
878.62,1.705
878.64,1.605
878.65,1.558
878.67,1.471
878.69,1.394
878.7,1.358
878.72,1.295
878.74,1.241
878.75,1.218
878.77,1.179
878.79,1.152
878.8,1.143
878.82,1.133
878.84,1.137
878.85,1.144
878.87,1.17
878.88,1.189
878.9,1.239
878.92,1.309
878.93,1.352
878.95,1.455
878.97,1.584
878.98,1.658
879.0,1.83
879.02,2.036
879.03,2.153
879.05,2.419
879.07,2.729
879.08,2.904
879.1,3.294
879.12,3.747
879.13,3.998
879.15,4.558
879.17,5.2
879.18,5.555
879.2,6.341
879.22,7.237
879.23,7.731
879.25,8.817
879.26,9.414
879.28,10.72
879.3,12.2
879.31,13.01
879.33,14.79
879.35,16.78
879.36,17.87
879.38,20.24
879.4,22.89
879.41,24.33
879.43,27.46
879.45,30.94
879.46,32.83
879.48,36.91
879.5,41.44
879.51,43.88
879.53,49.15
879.55,54.97
879.56,58.1
879.58,64.82
879.6,72.21
879.61,76.16
879.63,84.64
879.64,89.17
879.66,98.85
879.68,109.4
879.69,115.0
879.71,127.0
879.73,140.0
879.74,146.9
879.76,161.6
879.78,177.4
879.79,185.8
879.81,203.5
879.83,222.5
879.84,232.6
879.86,253.7
879.88,276.3
879.89,288.2
879.91,313.1
879.93,339.6
879.94,353.5
879.96,382.5
879.97,397.6
879.99,429.2
880.01,462.5
880.02,479.8
880.04,515.8
880.06,553.7
880.07,573.2
880.09,613.8
880.11,656.1
880.12,677.9
880.14,722.9
880.16,769.6
880.17,793.6
880.19,842.8
880.21,893.6
880.22,919.6
880.24,972.6
880.26,1027.0
880.27,1055.0
880.29,1111.0
880.31,1169.0
880.32,1198.0
880.34,1257.0
880.35,1286.0
880.37,1346.0
880.39,1407.0
880.4,1437.0
880.42,1498.0
880.44,1559.0
880.45,1589.0
880.47,1650.0
880.49,1710.0
880.5,1740.0
880.52,1799.0
880.54,1856.0
880.55,1885.0
880.57,1941.0
880.59,1995.0
880.6,2022.0
880.62,2074.0
880.64,2123.0
880.65,2147.0
880.67,2193.0
880.69,2236.0
880.7,2257.0
880.72,2295.0
880.73,2314.0
880.75,2348.0
880.77,2379.0
880.78,2393.0
880.8,2418.0
880.82,2440.0
880.83,2449.0
880.85,2465.0
880.87,2477.0
880.88,2482.0
880.9,2488.0
880.92,2490.0
880.93,2489.0
880.95,2485.0
880.97,2477.0
880.98,2472.0
881.0,2458.0
881.02,2440.0
881.03,2429.0
881.05,2406.0
881.07,2379.0
881.08,2364.0
881.1,2331.0
881.11,2314.0
881.13,2276.0
881.15,2236.0
881.16,2215.0
881.18,2170.0
881.2,2123.0
881.21,2099.0
881.23,2048.0
881.25,1995.0
881.26,1968.0
881.28,1913.0
881.3,1856.0
881.31,1828.0
881.33,1769.0
881.35,1710.0
881.36,1680.0
881.38,1619.0
881.4,1559.0
881.41,1528.0
881.43,1467.0
881.44,1437.0
881.46,1376.0
881.48,1316.0
881.49,1286.0
881.51,1227.0
881.53,1169.0
881.54,1140.0
881.56,1083.0
881.58,1027.0
881.59,999.8
881.61,946.1
881.63,893.8
881.64,868.2
881.66,818.2
881.68,769.8
881.69,746.3
881.71,700.4
881.73,656.4
881.74,635.0
881.76,593.6
881.78,554.0
881.79,534.9
881.81,498.0
881.82,480.3
881.84,446.1
881.86,413.7
881.87,398.1
881.89,368.3
881.91,340.2
881.92,326.8
881.94,301.1
881.96,277.0
881.97,265.6
881.99,243.8
882.01,223.4
882.02,213.8
882.04,195.5
882.06,178.5
882.07,170.4
882.09,155.3
882.11,141.2
882.12,134.6
882.14,122.2
882.16,110.8
882.17,105.5
882.19,95.41
882.2,90.72
882.22,81.93
882.24,73.91
882.25,70.17
882.27,63.2
882.29,56.87
882.3,53.94
882.32,48.48
882.34,43.55
882.35,41.26
882.37,37.04
882.39,33.25
882.4,31.5
882.42,28.27
882.44,25.38
882.45,24.06
882.47,21.62
882.49,19.45
882.5,18.46
882.52,16.65
882.54,15.04
882.55,14.3
882.57,12.97
882.58,12.36
882.6,11.25
882.62,10.27
882.63,9.83
882.65,9.026
882.67,8.321
882.68,8.002
882.7,7.423
882.72,6.917
882.73,6.687
882.75,6.271
882.77,5.907
882.78,5.742
882.8,5.441
882.82,5.176
882.83,5.056
882.85,4.835
882.87,4.638
882.88,4.547
882.9,4.38
882.91,4.302
882.93,4.157
882.95,4.023
882.96,3.961
882.98,3.841
883.0,3.729
883.01,3.675
883.03,3.57
883.05,3.47
883.06,3.421
883.08,3.325
883.1,3.231
883.11,3.185
883.13,3.093
883.15,3.002
883.16,2.957
883.18,2.867
883.2,2.778
883.21,2.733
883.23,2.644
883.25,2.556
883.26,2.512
883.28,2.424
883.29,2.381
883.31,2.294
883.33,2.208
883.34,2.165
883.36,2.081
883.38,1.998
883.39,1.956
883.41,1.875
883.43,1.795
883.44,1.756
883.46,1.679
883.48,1.604
883.49,1.567
883.51,1.495
883.53,1.425
883.54,1.39
883.56,1.324
883.58,1.26
883.59,1.229
883.61,1.169
883.63,1.111
883.64,1.083
883.66,1.029
883.67,1.004
883.69,0.9538
883.71,0.9067
883.72,0.8841
883.74,0.8408
883.76,0.8001
883.77,0.7807
883.79,0.7438
883.81,0.7092
883.82,0.6928
883.84,0.6618
883.86,0.6329
883.87,0.6193
883.89,0.5936
883.91,0.57
883.92,0.5589
883.94,0.538
883.96,0.5189
883.97,0.51
883.99,0.4933
884.01,0.478
884.02,0.4709
884.04,0.4577
884.05,0.4516
884.07,0.4402
884.09,0.4298
884.1,0.425
884.12,0.416
884.14,0.4078
884.15,0.404
884.17,0.3969
884.19,0.3903
884.2,0.3872
884.22,0.3814
884.24,0.3759
884.25,0.3733
884.27,0.3683
884.29,0.3634
884.3,0.3611
884.32,0.3564
884.34,0.3519
884.35,0.3496
884.37,0.345
884.38,0.3427
884.4,0.338
884.42,0.3333
884.43,0.3309
884.45,0.3259
884.47,0.3208
884.48,0.3182
884.5,0.3128
884.52,0.3073
884.53,0.3044
884.55,0.2985
884.57,0.2925
884.58,0.2893
884.6,0.283
884.62,0.2764
884.63,0.2731
884.65,0.2663
884.67,0.2593
884.68,0.2557
884.7,0.2485
884.72,0.2412
884.73,0.2375
884.75,0.23
884.76,0.2262
884.78,0.2186
884.8,0.2109
884.81,0.2071
884.83,0.1994
884.85,0.1917
884.86,0.1879
884.88,0.1802
884.9,0.1726
884.91,0.1689
884.93,0.1614
884.95,0.154
884.96,0.1503
884.98,0.1431
885.0,0.136
885.01,0.1325
885.03,0.1257
885.05,0.119
885.06,0.1158
885.08,0.1094
885.1,0.1032
885.11,0.1001
885.13,0.09423
885.14,0.09137
885.16,0.08579
885.18,0.08044
885.19,0.07785
885.21,0.07283
885.23,0.06805
885.24,0.06574
885.26,0.0613
885.28,0.05708
885.29,0.05506
885.31,0.05118
885.33,0.04754
885.34,0.04579
885.36,0.04248
885.38,0.03938
885.39,0.03792
885.41,0.03514
885.43,0.03258
885.44,0.03137
885.46,0.02912
885.48,0.02707
885.49,0.02612
885.51,0.02437
885.52,0.02357
885.54,0.02212
885.56,0.02086
885.57,0.02031
885.59,0.01934
885.61,0.01858
885.62,0.01827
885.64,0.0178
885.66,0.01753
885.67,0.01747
885.69,0.01751
885.71,0.01777
885.72,0.01798
885.74,0.01858
885.76,0.01941
885.77,0.01992
885.79,0.02112
885.81,0.0226
885.82,0.02344
885.84,0.02534
885.85,0.0264
885.87,0.02877
885.89,0.03147
885.9,0.03295
885.92,0.03619
885.94,0.03983
885.95,0.0418
885.97,0.04607
885.99,0.05079
886.0,0.05333
886.02,0.05879
886.04,0.06478
886.05,0.06799
886.07,0.07483
886.09,0.08229
886.1,0.08626
886.12,0.0947
886.14,0.1038
886.15,0.1087
886.17,0.1189
886.19,0.13
886.2,0.1358
886.22,0.1481
886.23,0.1546
886.25,0.1682
886.27,0.1827
886.28,0.1903
886.3,0.2063
886.32,0.2232
886.33,0.2321
886.35,0.2506
886.37,0.2701
886.38,0.2803
886.4,0.3014
886.42,0.3237
886.43,0.3352
886.45,0.3591
886.47,0.384
886.48,0.3969
886.5,0.4235
886.52,0.4511
886.53,0.4653
886.55,0.4945
886.57,0.5247
886.58,0.5402
886.6,0.5718
886.61,0.5879
886.63,0.6208
886.65,0.6545
886.66,0.6717
886.68,0.7065
886.7,0.7419
886.71,0.7598
886.73,0.796
886.75,0.8325
886.76,0.8509
886.78,0.8879
886.8,0.925
886.81,0.9436
886.83,0.9807
886.85,1.018
886.86,1.036
886.88,1.072
886.9,1.108
886.91,1.126
886.93,1.161
886.94,1.178
886.96,1.212
886.98,1.245
886.99,1.261
887.01,1.291
887.03,1.321
887.04,1.335
887.06,1.362
887.08,1.388
887.09,1.4
887.11,1.423
887.13,1.444
887.14,1.454
887.16,1.472
887.18,1.488
887.19,1.495
887.21,1.507
887.23,1.517
887.24,1.521
887.26,1.528
887.28,1.532
887.29,1.533
887.31,1.534
887.32,1.533
887.34,1.53
887.36,1.524
887.37,1.521
887.39,1.511
887.41,1.5
887.42,1.493
887.44,1.478
887.46,1.461
887.47,1.452
887.49,1.432
887.51,1.41
887.52,1.398
887.54,1.373
887.56,1.346
887.57,1.332
887.59,1.303
887.61,1.273
887.62,1.257
887.64,1.225
887.66,1.192
887.67,1.175
887.69,1.14
887.7,1.123
887.72,1.087
887.74,1.051
887.75,1.032
887.77,0.9954
887.79,0.9584
887.8,0.9399
887.82,0.9027
887.84,0.8657
887.85,0.8473
887.87,0.8106
887.89,0.7742
887.9,0.7562
887.92,0.7206
887.94,0.6856
887.95,0.6683
887.97,0.6343
887.99,0.6011
888.0,0.5848
888.02,0.5529
888.04,0.5218
888.05,0.5067
888.07,0.4771
888.08,0.4627
888.1,0.4347
888.12,0.4078
888.13,0.3947
888.15,0.3694
888.17,0.3451
888.18,0.3334
888.2,0.3108
888.22,0.2894
888.23,0.279
888.25,0.2592
888.27,0.2404
888.28,0.2315
888.3,0.2143
888.32,0.1981
888.33,0.1904
888.35,0.1758
888.37,0.1621
888.38,0.1556
888.4,0.1433
888.41,0.1376
888.43,0.1266
888.45,0.1165
888.46,0.1118
888.48,0.103
888.5,0.09493
888.51,0.0912
888.53,0.08428
888.55,0.07809
888.56,0.07527
888.58,0.07012
888.6,0.06565
888.61,0.06367
888.63,0.06017
888.65,0.05731
888.66,0.05611
888.68,0.05418
888.7,0.05285
888.71,0.05241
888.73,0.05198
888.75,0.05215
888.76,0.05246
888.78,0.05353
888.79,0.0543
888.81,0.05628
888.83,0.0589
888.84,0.06044
888.86,0.06401
888.88,0.06824
888.89,0.07061
888.91,0.07587
888.93,0.08184
888.94,0.08511
888.96,0.0922
888.98,0.1001
888.99,0.1043
889.01,0.1134
889.03,0.1234
889.04,0.1287
889.06,0.14
889.08,0.1522
889.09,0.1587
889.11,0.1724
889.13,0.1872
889.14,0.1949
889.16,0.2113
889.17,0.2198
889.19,0.2378
889.21,0.257
889.22,0.267
889.24,0.2879
889.26,0.3101
889.27,0.3216
889.29,0.3456
889.31,0.3708
889.32,0.3838
889.34,0.4109
889.36,0.4393
889.37,0.4539
889.39,0.4841
889.41,0.5156
889.42,0.5317
889.44,0.565
889.46,0.5993
889.47,0.617
889.49,0.653
889.51,0.6901
889.52,0.709
889.54,0.7476
889.55,0.7672
889.57,0.8071
889.59,0.8477
889.6,0.8683
889.62,0.9099
889.64,0.9521
889.65,0.9734
889.67,1.016
889.69,1.059
889.7,1.081
889.72,1.124
889.74,1.167
889.75,1.189
889.77,1.231
889.79,1.274
889.8,1.295
889.82,1.336
889.84,1.377
889.85,1.397
889.87,1.437
889.88,1.456
889.9,1.493
889.92,1.53
889.93,1.547
889.95,1.582
889.97,1.614
889.98,1.629
890.0,1.659
890.02,1.687
890.03,1.7
890.05,1.724
890.07,1.747
890.08,1.757
890.1,1.776
890.12,1.792
890.13,1.799
890.15,1.812
890.17,1.821
890.18,1.825
890.2,1.831
890.22,1.835
890.23,1.835
890.25,1.835
890.26,1.833
890.28,1.829
890.3,1.821
890.31,1.817
890.33,1.806
890.35,1.792
890.36,1.784
890.38,1.767
890.4,1.748
890.41,1.737
890.43,1.714
890.45,1.69
890.46,1.676
890.48,1.649
890.5,1.619
890.51,1.604
890.53,1.572
890.55,1.539
890.56,1.522
890.58,1.487
890.6,1.451
890.61,1.432
890.63,1.394
890.64,1.375
890.66,1.337
890.68,1.298
890.69,1.278
890.71,1.238
890.73,1.198
890.74,1.178
890.76,1.138
890.78,1.099
890.79,1.079
890.81,1.039
890.83,1.0
890.84,0.9809
890.86,0.9426
890.88,0.9049
890.89,0.8863
890.91,0.8497
890.93,0.814
890.94,0.7964
890.96,0.762
890.98,0.7285
890.99,0.7121
891.01,0.6802
891.02,0.6646
891.04,0.6342
891.06,0.605
891.07,0.5908
891.09,0.5632
891.11,0.5368
891.12,0.524
891.14,0.4992
891.16,0.4756
891.17,0.4643
891.19,0.4424
891.21,0.4215
891.22,0.4116
891.24,0.3924
891.26,0.3742
891.27,0.3656
891.29,0.349
891.31,0.3333
891.32,0.3259
891.34,0.3117
891.35,0.3049
891.37,0.2921
891.39,0.2801
891.4,0.2744
891.42,0.2636
891.44,0.2536
891.45,0.2488
891.47,0.2399
891.49,0.2316
891.5,0.2277
891.52,0.2204
891.54,0.2137
891.55,0.2105
891.57,0.2047
891.59,0.1993
891.6,0.1968
891.62,0.1922
891.64,0.1881
891.65,0.1862
891.67,0.1827
891.69,0.1796
891.7,0.1782
891.72,0.1756
891.73,0.1745
891.75,0.1725
891.77,0.1708
891.78,0.17
891.8,0.1688
891.82,0.1679
891.83,0.1675
891.85,0.167
891.87,0.1667
891.88,0.1667
891.9,0.1668
891.92,0.1671
891.93,0.1673
891.95,0.1679
891.97,0.1688
891.98,0.1693
892.0,0.1704
892.02,0.1716
892.03,0.1723
892.05,0.1738
892.07,0.1755
892.08,0.1764
892.1,0.1782
892.11,0.1791
892.13,0.1811
892.15,0.1832
892.16,0.1843
892.18,0.1864
892.2,0.1886
892.21,0.1898
892.23,0.192
892.25,0.1943
892.26,0.1954
892.28,0.1977
892.3,0.1999
892.31,0.201
892.33,0.2032
892.35,0.2052
892.36,0.2062
892.38,0.2082
892.4,0.21
892.41,0.2109
892.43,0.2125
892.45,0.214
892.46,0.2147
892.48,0.216
892.49,0.2166
892.51,0.2175
892.53,0.2183
892.54,0.2187
892.56,0.2192
892.58,0.2194
892.59,0.2195
892.61,0.2194
892.63,0.2191
892.64,0.2189
892.66,0.2183
892.68,0.2174
892.69,0.2169
892.71,0.2156
892.73,0.2142
892.74,0.2133
892.76,0.2115
892.78,0.2095
892.79,0.2084
892.81,0.206
892.82,0.2047
892.84,0.202
892.86,0.1992
892.87,0.1976
892.89,0.1945
892.91,0.1911
892.92,0.1894
892.94,0.1858
892.96,0.1821
892.97,0.1801
892.99,0.1762
893.01,0.1721
893.02,0.1701
893.04,0.1659
893.06,0.1616
893.07,0.1594
893.09,0.1551
893.11,0.1506
893.12,0.1484
893.14,0.1439
893.16,0.1394
893.17,0.1372
893.19,0.1327
893.2,0.1305
893.22,0.126
893.24,0.1216
893.25,0.1194
893.27,0.115
893.29,0.1107
893.3,0.1086
893.32,0.1044
893.34,0.1002
893.35,0.0982
893.37,0.09422
893.39,0.09033
893.4,0.08843
893.42,0.0847
893.44,0.08109
893.45,0.07933
893.47,0.07589
893.49,0.07259
893.5,0.07098
893.52,0.06787
893.54,0.06489
893.55,0.06346
893.57,0.06068
893.58,0.05934
893.6,0.05677
893.62,0.05434
893.63,0.05318
893.65,0.05096
893.67,0.04887
893.68,0.04788
893.7,0.046
893.72,0.04426
893.73,0.04343
893.75,0.04189
893.77,0.04047
893.78,0.03981
893.8,0.03859
893.82,0.03749
893.83,0.03698
893.85,0.03606
893.87,0.03526
893.88,0.0349
893.9,0.03426
893.92,0.03374
893.93,0.03351
893.95,0.03314
893.96,0.033
893.98,0.03278
894.0,0.03265
894.01,0.03263
894.03,0.03264
894.05,0.03275
894.06,0.03284
894.08,0.03308
894.1,0.0334
894.11,0.0336
894.13,0.03406
894.15,0.0346
894.16,0.03491
894.18,0.03559
894.2,0.03636
894.21,0.03678
894.23,0.0377
894.25,0.03872
894.26,0.03927
894.28,0.04045
894.29,0.04109
894.31,0.04247
894.33,0.04399
894.34,0.0448
894.36,0.04655
894.38,0.04847
894.39,0.0495
894.41,0.05172
894.43,0.05416
894.44,0.05547
894.46,0.05828
894.48,0.06138
894.49,0.06305
894.51,0.06664
894.53,0.07058
894.54,0.0727
894.56,0.07726
894.58,0.08228
894.59,0.08497
894.61,0.09075
894.63,0.0971
894.64,0.1005
894.66,0.1078
894.67,0.1117
894.69,0.1201
894.71,0.1293
894.72,0.1341
894.74,0.1446
894.76,0.156
894.77,0.1621
894.79,0.175
894.81,0.189
894.82,0.1965
894.84,0.2123
894.86,0.2295
894.87,0.2385
894.89,0.2577
894.91,0.2784
894.92,0.2893
894.94,0.3122
894.96,0.3369
894.97,0.3498
894.99,0.377
895.01,0.4061
895.02,0.4213
895.04,0.4531
895.05,0.4697
895.07,0.5045
895.09,0.5413
895.1,0.5605
895.12,0.6003
895.14,0.6423
895.15,0.6641
895.17,0.7093
895.19,0.7566
895.2,0.781
895.22,0.8315
895.24,0.8841
895.25,0.9112
895.27,0.9669
895.29,1.025
895.3,1.054
895.32,1.115
895.34,1.177
895.35,1.209
895.37,1.274
895.39,1.341
895.4,1.375
895.42,1.444
895.43,1.479
895.45,1.55
895.47,1.621
895.48,1.658
895.5,1.731
895.52,1.804
895.53,1.841
895.55,1.916
895.57,1.99
895.58,2.027
895.6,2.101
895.62,2.175
895.63,2.212
895.65,2.284
895.67,2.356
895.68,2.391
895.7,2.461
895.72,2.529
895.73,2.563
895.75,2.628
895.76,2.66
895.78,2.722
895.8,2.781
895.81,2.81
895.83,2.865
895.85,2.918
895.86,2.943
895.88,2.99
895.9,3.034
895.91,3.055
895.93,3.094
895.95,3.129
895.96,3.145
895.98,3.174
896.0,3.199
896.01,3.21
896.03,3.229
896.05,3.243
896.06,3.249
896.08,3.257
896.1,3.261
896.11,3.261
896.13,3.259
896.14,3.256
896.16,3.248
896.18,3.235
896.19,3.227
896.21,3.208
896.23,3.186
896.24,3.173
896.26,3.145
896.28,3.113
896.29,3.096
896.31,3.059
896.33,3.019
896.34,2.998
896.36,2.953
896.38,2.906
896.39,2.881
896.41,2.83
896.43,2.777
896.44,2.749
896.46,2.693
896.48,2.634
896.49,2.605
896.51,2.544
896.52,2.513
896.54,2.45
896.56,2.387
896.57,2.354
896.59,2.289
896.61,2.224
896.62,2.191
896.64,2.125
896.66,2.058
896.67,2.025
896.69,1.959
896.71,1.893
896.72,1.86
896.74,1.794
896.76,1.729
896.77,1.697
896.79,1.632
896.81,1.569
896.82,1.538
896.84,1.476
896.86,1.415
896.87,1.385
896.89,1.326
896.9,1.296
896.92,1.239
896.94,1.183
896.95,1.155
896.97,1.101
896.99,1.049
897.0,1.023
897.02,0.9728
897.04,0.9239
897.05,0.9001
897.07,0.8535
897.09,0.8085
897.1,0.7866
897.12,0.7439
897.14,0.7028
897.15,0.6828
897.17,0.644
897.19,0.6068
897.2,0.5887
897.22,0.5537
897.23,0.5368
897.25,0.5041
897.27,0.4728
897.28,0.4577
897.3,0.4285
897.32,0.4008
897.33,0.3874
897.35,0.3617
897.37,0.3373
897.38,0.3256
897.4,0.3031
897.42,0.2818
897.43,0.2716
897.45,0.2521
897.47,0.2337
897.48,0.2248
897.5,0.208
897.52,0.1922
897.53,0.1847
897.55,0.1704
897.57,0.1569
897.58,0.1505
897.6,0.1384
897.61,0.1326
897.63,0.1217
897.65,0.1115
897.66,0.1067
897.68,0.0976
897.7,0.08915
897.71,0.08515
897.73,0.07762
897.75,0.07066
897.76,0.06738
897.78,0.06121
897.8,0.05553
897.81,0.05287
897.83,0.04786
897.85,0.04327
897.86,0.04112
897.88,0.0371
897.9,0.03343
897.91,0.03171
897.93,0.02851
897.95,0.02559
897.96,0.02424
897.98,0.02171
897.99,0.02054
898.01,0.01836
898.03,0.01639
898.04,0.01548
898.06,0.01378
898.08,0.01226
898.09,0.01156
898.11,0.01025
898.13,0.009087
898.14,0.00855
898.16,0.00756
898.18,0.006675
898.19,0.006268
898.21,0.005522
898.23,0.004857
898.24,0.004553
898.26,0.003996
898.28,0.003502
898.29,0.003277
898.31,0.002865
898.32,0.002678
898.34,0.002336
898.36,0.002035
898.37,0.001898
898.39,0.00165
898.41,0.001432
898.42,0.001333
898.44,0.001154
898.46,0.0009979
898.47,0.0009273
898.49,0.0007999
898.51,0.0006889
898.52,0.000639
898.54,0.0005491
898.56,0.0004711
898.57,0.0004361
898.59,0.0003733
898.61,0.0003191
898.62,0.0002948
898.64,0.0002514
898.66,0.0002141
898.67,0.0001974
898.69,0.0001677
898.7,0.0001545
898.72,0.0001309
898.74,0.0001108
898.75,0.0001018
898.77,8.598e-05
898.79,7.248e-05
898.8,6.651e-05
898.82,5.593e-05
898.84,4.696e-05
898.85,4.301e-05
898.87,3.603e-05
898.89,3.014e-05
898.9,2.755e-05
898.92,2.299e-05
898.94,1.915e-05
898.95,1.747e-05
898.97,1.453e-05
898.99,1.206e-05
899.0,1.098e-05
899.02,9.089e-06
899.04,7.515e-06
899.05,6.829e-06
899.07,5.632e-06
899.08,5.112e-06
899.1,4.207e-06
899.12,3.457e-06
899.13,3.131e-06
899.15,2.567e-06
899.17,2.101e-06
899.18,1.899e-06
899.2,1.551e-06
899.22,1.264e-06
899.23,1.141e-06
899.25,9.279e-07
899.27,7.535e-07
899.28,6.786e-07
899.3,5.498e-07
899.32,4.447e-07
899.33,3.997e-07
899.35,3.226e-07
899.37,2.599e-07
899.38,2.332e-07
899.4,1.874e-07
899.42,1.504e-07
899.43,1.347e-07
899.45,1.079e-07
899.46,9.645e-08
899.48,7.705e-08
899.5,6.146e-08
899.51,5.485e-08
899.53,4.365e-08
899.55,3.468e-08
899.56,3.089e-08
899.58,2.448e-08
899.6,1.938e-08
899.61,1.723e-08
899.63,1.36e-08
899.65,1.072e-08
899.66,9.513e-09
899.68,7.481e-09
899.7,5.874e-09
899.71,5.202e-09
899.73,4.075e-09
899.75,3.187e-09
899.76,2.817e-09
899.78,2.198e-09
899.79,1.941e-09
899.81,1.511e-09
899.83,1.174e-09
899.84,1.035e-09
899.86,8.022e-10
899.88,6.21e-10
899.89,5.461e-10
899.91,4.218e-10
899.93,3.253e-10
899.94,2.855e-10
899.96,2.196e-10
899.98,1.687e-10
899.99,1.478e-10
900.01,1.133e-10
900.03,8.666e-11
900.04,7.576e-11
900.06,5.783e-11
900.08,4.407e-11
900.09,3.845e-11
900.11,2.924e-11
900.13,2.22e-11
900.14,1.933e-11
900.16,1.464e-11
900.17,1.273e-11
900.19,9.621e-12
900.21,7.258e-12
900.22,6.301e-12
900.24,4.742e-12
900.26,3.563e-12
900.27,3.087e-12
900.29,2.315e-12
900.31,1.732e-12
900.32,1.498e-12
900.34,1.119e-12
900.36,8.341e-13
900.37,7.198e-13
900.39,5.354e-13
900.41,3.976e-13
900.42,3.425e-13
900.44,2.537e-13
900.46,1.877e-13
900.47,1.613e-13
900.49,1.191e-13
900.51,8.775e-14
900.52,7.528e-14
900.54,5.534e-14
900.55,4.742e-14
900.57,3.478e-14
900.59,2.547e-14
900.6,2.178e-14
900.62,1.591e-14
900.64,1.16e-14
900.65,9.905e-15
900.67,7.208e-15
900.69,5.237e-15
900.7,4.46e-15
900.72,3.233e-15
900.74,2.34e-15
900.75,1.989e-15
900.77,1.436e-15
900.79,1.035e-15
900.8,8.785e-16
900.82,6.318e-16
900.84,4.536e-16
900.85,3.842e-16
900.87,2.752e-16
900.89,1.968e-16
900.9,1.664e-16
900.92,1.187e-16
900.93,1.002e-16
900.95,7.133e-17
900.97,5.07e-17
900.98,4.272e-17
901.0,3.029e-17
901.02,2.144e-17
901.03,1.803e-17
901.05,1.274e-17
901.07,8.981e-18
901.08,7.538e-18
901.1,5.303e-18
901.12,3.725e-18
901.13,3.12e-18
901.15,2.186e-18
901.17,1.53e-18
901.18,1.279e-18
901.2,8.927e-19
901.22,6.221e-19
901.23,5.191e-19
901.25,3.609e-19
901.26,3.008e-19
