wavelength,intensity
198.69,4.816e-41
198.7,1.452e-40
198.72,1.289e-39
198.74,1.106e-38
198.75,3.2e-38
198.77,6.184e-32
198.79,5.568e-31
198.8,1.65e-30
198.82,1.414e-29
198.84,1.171e-28
198.85,3.33e-28
198.87,2.624e-27
198.89,2.0010000000000002e-26
198.9,5.456e-26
198.92,3.9570000000000003e-25
198.93,1.052e-24
198.95,7.26e-24
198.97,4.8439999999999997e-23
198.98,1.236e-22
199.0,7.844999999999999e-22
199.02,4.817e-21
199.03,1.1790000000000001e-20
199.05,6.885000000000001e-20
199.07,3.89e-19
199.08,9.131e-19
199.1,4.907e-18
199.12,2.551e-17
199.13,5.744e-17
199.15,2.84e-16
199.17,1.358e-15
199.18,2.934e-15
199.2,1.335e-14
199.22,5.875e-14
199.23,1.217e-13
199.25,5.096e-13
199.27,2.064e-12
199.28,4.101e-12
199.3,1.58e-11
199.31,3.062e-11
199.33,1.122e-10
199.35,3.977e-10
199.36,7.395e-10
199.38,2.493e-09
199.4,8.132e-09
199.41,1.45e-08
199.43,4.5e-08
199.45,1.35e-07
199.46,2.31e-07
199.48,6.594e-07
199.5,1.821e-06
199.51,2.988e-06
199.53,7.848e-06
199.55,1.994e-05
199.56,3.138e-05
199.58,7.585e-05
199.6,0.0001773
199.61,0.0002677
199.63,0.0005954
199.65,0.001281
199.66,0.001855
199.68,0.003795
199.69,0.005361
199.71,0.01043
199.73,0.01965
199.74,0.02662
199.76,0.04768
199.78,0.08259
199.79,0.1074
199.81,0.1769
199.83,0.282
199.84,0.3516
199.86,0.5331
199.88,0.7818
199.89,0.935
199.91,1.305
199.93,1.76
199.94,2.02
199.96,2.593
199.98,3.219
199.99,3.542
200.01,4.184
200.03,4.78
200.04,5.046
200.06,5.485
200.07,5.647
200.09,5.838
200.11,5.839
200.12,5.767
200.14,5.487
200.16,5.051
200.17,4.787
200.19,4.194
200.21,3.558
200.22,3.238
200.24,2.62
200.26,2.059
200.27,1.806
200.29,1.366
200.31,1.015
200.32,0.8718
200.34,0.6447
200.36,0.4856
200.37,0.4271
200.39,0.3433
200.41,0.2928
200.42,0.2764
200.44,0.2558
200.45,0.2498
200.47,0.2442
200.49,0.2455
200.5,0.249
200.52,0.2634
200.54,0.2915
200.55,0.3125
200.57,0.3725
200.59,0.4622
200.6,0.52
200.62,0.6644
200.64,0.8488
200.65,0.9558
200.67,1.196
200.69,1.465
200.7,1.606
200.72,1.891
200.74,2.165
200.75,2.291
200.77,2.512
200.78,2.602
200.8,2.735
200.82,2.801
200.83,2.808
200.85,2.78
200.87,2.708
200.88,2.662
200.9,2.57
200.92,2.5
200.93,2.481
200.95,2.491
200.97,2.577
200.98,2.65
201.0,2.854
201.02,3.121
201.03,3.271
201.05,3.584
201.07,3.883
201.08,4.017
201.1,4.23
201.12,4.349
201.13,4.368
201.15,4.322
201.16,4.258
201.18,4.057
201.2,3.778
201.21,3.618
201.23,3.28
201.25,2.941
201.26,2.78
201.28,2.488
201.3,2.25
201.31,2.153
201.33,2.005
201.35,1.917
201.36,1.893
201.38,1.883
201.4,1.919
201.41,1.953
201.43,2.051
201.45,2.188
201.46,2.271
201.48,2.463
201.5,2.684
201.51,2.803
201.53,3.048
201.54,3.171
201.56,3.406
201.58,3.614
201.59,3.703
201.61,3.844
201.63,3.932
201.64,3.957
201.66,3.973
201.68,3.956
201.69,3.941
201.71,3.912
201.73,3.901
201.74,3.909
201.76,3.961
201.78,4.071
201.79,4.148
201.81,4.343
201.83,4.584
201.84,4.715
201.86,4.986
201.88,5.246
201.89,5.363
201.91,5.56
201.92,5.635
201.94,5.732
201.96,5.755
201.97,5.74
201.99,5.665
202.01,5.539
202.02,5.463
202.04,5.291
202.06,5.1
202.07,4.999
202.09,4.786
202.11,4.553
202.12,4.427
202.14,4.151
202.16,3.842
202.17,3.675
202.19,3.319
202.21,2.946
202.22,2.76
202.24,2.402
202.25,2.24
202.27,1.97
202.29,1.813
202.3,1.794
202.32,1.918
202.34,2.328
202.35,2.673
202.37,3.718
202.39,5.355
202.4,6.444
202.42,9.262
202.44,13.05
202.45,15.35
202.47,20.77
202.49,27.27
202.5,30.89
202.52,38.71
202.54,46.99
202.55,51.15
202.57,59.16
202.59,66.25
202.6,69.27
202.62,73.91
202.63,75.42
202.65,76.66
202.67,75.44
202.68,73.93
202.7,69.31
202.72,62.92
202.73,59.23
202.75,51.25
202.77,42.95
202.78,38.86
202.8,31.09
202.82,24.13
202.83,21.02
202.85,15.64
202.87,11.35
202.88,9.593
202.9,6.77
202.92,4.738
202.93,3.966
202.95,2.807
202.97,2.043
202.98,1.77
203.0,1.385
203.01,1.253
203.03,1.08
203.05,0.9984
203.06,0.9862
203.08,1.013
203.1,1.108
203.11,1.182
203.13,1.38
203.15,1.646
203.16,1.802
203.18,2.152
203.2,2.537
203.21,2.734
203.23,3.119
203.25,3.466
203.26,3.615
203.28,3.848
203.3,3.976
203.31,3.996
203.33,3.946
203.35,3.783
203.36,3.664
203.38,3.367
203.39,3.196
203.41,2.827
203.43,2.452
203.44,2.27
203.46,1.937
203.48,1.659
203.49,1.546
203.51,1.374
203.53,1.278
203.54,1.257
203.56,1.265
203.58,1.329
203.59,1.377
203.61,1.495
203.63,1.626
203.64,1.691
203.66,1.808
203.68,1.895
203.69,1.923
203.71,1.944
203.72,1.937
203.74,1.884
203.76,1.79
203.77,1.73
203.79,1.597
203.81,1.46
203.82,1.398
203.84,1.299
203.86,1.255
203.87,1.262
203.89,1.343
203.91,1.532
203.92,1.671
203.94,2.043
203.96,2.539
203.97,2.83
203.99,3.488
204.01,4.216
204.02,4.594
204.04,5.344
204.06,6.04
204.07,6.35
204.09,6.858
204.1,7.045
204.12,7.263
204.14,7.257
204.15,7.17
204.17,6.839
204.19,6.326
204.2,6.017
204.22,5.324
204.24,4.583
204.25,4.211
204.27,3.494
204.29,2.845
204.3,2.554
204.32,2.05
204.34,1.649
204.35,1.486
204.37,1.226
204.39,1.039
204.4,0.9668
204.42,0.854
204.44,0.7688
204.45,0.732
204.47,0.6639
204.48,0.6308
204.5,0.5638
204.52,0.4949
204.53,0.4601
204.55,0.3909
204.57,0.3251
204.58,0.2944
204.6,0.2392
204.62,0.1943
204.63,0.1762
204.65,0.1493
204.67,0.1347
204.68,0.1321
204.7,0.1353
204.72,0.1491
204.73,0.1595
204.75,0.1863
204.77,0.2199
204.78,0.2387
204.8,0.2799
204.82,0.3254
204.83,0.35
204.85,0.4039
204.86,0.4341
204.88,0.5041
204.9,0.5926
204.91,0.6464
204.93,0.7793
204.95,0.9541
204.96,1.06
204.98,1.314
205.0,1.626
205.01,1.803
205.03,2.196
205.05,2.625
205.06,2.847
205.08,3.287
205.1,3.696
205.11,3.878
205.13,4.178
205.15,4.369
205.16,4.418
205.18,4.415
205.2,4.279
205.21,4.164
205.23,3.856
205.24,3.669
205.26,3.25
205.28,2.801
205.29,2.577
205.31,2.147
205.33,1.766
205.34,1.602
205.36,1.332
205.38,1.152
205.39,1.097
205.41,1.058
205.43,1.116
205.44,1.182
205.46,1.393
205.48,1.729
205.49,1.954
205.51,2.558
205.53,3.449
205.54,4.044
205.56,5.657
205.57,6.735
205.59,9.626
205.61,13.8
205.62,16.5
205.64,23.37
205.66,32.58
205.67,38.16
205.69,51.45
205.71,67.58
205.72,76.66
205.74,96.51
205.76,118.0
205.77,129.0
205.79,150.6
205.81,170.6
205.82,179.4
205.84,193.9
205.86,203.2
205.87,205.5
205.89,205.4
205.91,199.0
205.92,193.6
205.94,178.9
205.95,170.0
205.97,149.8
205.99,128.0
206.0,116.9
206.02,95.3
206.04,75.27
206.05,66.11
206.07,49.81
206.09,36.38
206.1,30.73
206.12,21.44
206.14,14.52
206.15,11.83
206.17,7.724
206.19,4.976
206.2,3.999
206.22,2.647
206.24,1.892
206.25,1.676
206.27,1.473
206.29,1.483
206.3,1.541
206.32,1.722
206.33,1.832
206.35,2.066
206.37,2.292
206.38,2.392
206.4,2.557
206.42,2.661
206.43,2.688
206.45,2.69
206.47,2.63
206.48,2.579
206.5,2.447
206.52,2.289
206.53,2.206
206.55,2.043
206.57,1.894
206.58,1.83
206.6,1.723
206.62,1.651
206.63,1.627
206.65,1.604
206.67,1.61
206.68,1.622
206.7,1.662
206.71,1.688
206.73,1.749
206.75,1.815
206.76,1.848
206.78,1.91
206.8,1.96
206.81,1.977
206.83,1.994
206.85,1.982
206.86,1.964
206.88,1.904
206.9,1.816
206.91,1.762
206.93,1.64
206.95,1.508
206.96,1.441
206.98,1.31
207.0,1.192
207.01,1.14
207.03,1.054
207.04,1.021
207.06,0.9792
207.08,0.9703
207.09,0.9794
207.11,1.026
207.13,1.112
207.14,1.171
207.16,1.318
207.18,1.504
207.19,1.611
207.21,1.844
207.23,2.097
207.24,2.225
207.26,2.478
207.28,2.708
207.29,2.809
207.31,2.973
207.33,3.075
207.34,3.1
207.36,3.097
207.38,3.025
207.39,2.965
207.41,2.804
207.42,2.707
207.44,2.49
207.46,2.256
207.47,2.137
207.49,1.904
207.51,1.685
207.52,1.584
207.54,1.398
207.56,1.236
207.57,1.165
207.59,1.037
207.61,0.9295
207.62,0.882
207.64,0.7985
207.66,0.7288
207.67,0.6988
207.69,0.6488
207.71,0.6123
207.72,0.5993
207.74,0.5844
207.76,0.5847
207.77,0.5907
207.79,0.6145
207.8,0.6325
207.82,0.681
207.84,0.7476
207.85,0.7886
207.87,0.8888
207.89,1.019
207.9,1.099
207.92,1.294
207.94,1.551
207.95,1.708
207.97,2.096
207.99,2.601
208.0,2.907
208.02,3.643
208.04,4.572
208.05,5.116
208.07,6.376
208.09,7.871
208.1,8.704
208.12,10.53
208.14,12.51
208.15,13.54
208.17,15.63
208.18,16.66
208.2,18.61
208.22,20.34
208.23,21.09
208.25,22.33
208.27,23.19
208.28,23.48
208.3,23.82
208.32,23.89
208.33,23.86
208.35,23.74
208.37,23.61
208.38,23.56
208.4,23.53
208.42,23.58
208.43,23.62
208.45,23.67
208.47,23.61
208.48,23.5
208.5,23.07
208.52,22.29
208.53,21.75
208.55,20.41
208.56,19.61
208.58,17.81
208.6,15.82
208.61,14.8
208.63,12.76
208.65,10.85
208.66,9.963
208.68,8.386
208.7,7.091
208.71,6.553
208.73,5.68
208.75,5.045
208.76,4.8
208.78,4.417
208.8,4.126
208.81,3.998
208.83,3.751
208.85,3.488
208.86,3.346
208.88,3.034
208.89,2.866
208.91,2.509
208.93,2.14
208.94,1.956
208.96,1.6
208.98,1.273
208.99,1.123
209.01,0.8558
209.03,0.6353
209.04,0.5423
209.06,0.3893
209.08,0.2757
209.09,0.2318
209.11,0.1657
209.13,0.1233
209.14,0.1093
209.16,0.0926
209.18,0.08812
209.19,0.08962
209.21,0.09901
209.23,0.1162
209.24,0.1276
209.26,0.1559
209.27,0.173
209.29,0.2131
209.31,0.2611
209.32,0.288
209.34,0.3474
209.36,0.4129
209.37,0.4474
209.39,0.5186
209.41,0.5902
209.42,0.6251
209.44,0.6911
209.46,0.7491
209.47,0.7742
209.49,0.815
209.51,0.8423
209.52,0.8506
209.54,0.8575
209.56,0.853
209.57,0.8474
209.59,0.8324
209.61,0.8159
209.62,0.8085
209.64,0.798
209.65,0.7957
209.67,0.7981
209.69,0.81
209.7,0.8192
209.72,0.8418
209.74,0.8665
209.75,0.878
209.77,0.8959
209.79,0.9028
209.8,0.9008
209.82,0.8841
209.84,0.8497
209.85,0.826
209.87,0.767
209.89,0.6957
209.9,0.6567
209.92,0.5753
209.94,0.4932
209.95,0.4533
209.97,0.3781
209.99,0.3116
210.0,0.2822
210.02,0.2325
210.03,0.2123
210.05,0.1822
210.07,0.1667
210.08,0.1649
210.1,0.1743
210.12,0.2032
210.13,0.2259
210.15,0.2898
210.17,0.3807
210.18,0.437
210.2,0.572
210.22,0.7364
210.23,0.8286
210.25,1.03
210.27,1.246
210.28,1.356
210.3,1.572
210.32,1.77
210.33,1.857
210.35,2.0
210.36,2.053
210.38,2.114
210.4,2.114
210.41,2.09
210.43,1.999
210.45,1.855
210.46,1.768
210.48,1.571
210.5,1.358
210.51,1.25
210.53,1.039
210.55,0.8464
210.56,0.7597
210.58,0.6096
210.6,0.4937
210.61,0.449
210.63,0.3856
210.65,0.3548
210.66,0.3505
210.68,0.3613
210.7,0.3937
210.71,0.4164
210.73,0.4719
210.74,0.5034
210.76,0.5714
210.78,0.6428
210.79,0.6788
210.81,0.7504
210.83,0.8202
210.84,0.8544
210.86,0.9218
210.88,0.9888
210.89,1.023
210.91,1.093
210.93,1.167
210.94,1.207
210.96,1.292
210.98,1.386
210.99,1.437
211.01,1.546
211.03,1.665
211.04,1.729
211.06,1.864
211.08,2.011
211.09,2.089
211.11,2.257
211.12,2.348
211.14,2.545
211.16,2.766
211.17,2.886
211.19,3.151
211.21,3.454
211.22,3.622
211.24,4.005
211.26,4.486
211.27,4.784
211.29,5.576
211.31,6.803
211.32,7.68
211.34,10.26
211.36,14.56
211.37,17.65
211.39,26.56
211.41,40.57
211.42,50.17
211.44,76.19
211.46,113.9
211.47,138.2
211.49,199.8
211.5,238.1
211.52,331.4
211.54,449.3
211.55,518.0
211.57,674.9
211.59,856.8
211.6,956.2
211.62,1169.0
211.64,1396.0
211.65,1512.0
211.67,1745.0
211.69,1974.0
211.7,2084.0
211.72,2292.0
211.74,2478.0
211.75,2562.0
211.77,2708.0
211.79,2822.0
211.8,2866.0
211.82,2926.0
211.84,2944.0
211.85,2937.0
211.87,2888.0
211.88,2846.0
211.9,2727.0
211.92,2563.0
211.93,2466.0
211.95,2247.0
211.97,2002.0
211.98,1874.0
212.0,1615.0
212.02,1363.0
212.03,1244.0
212.05,1027.0
212.07,848.5
212.08,776.8
212.1,674.4
212.12,633.6
212.13,638.8
212.15,704.8
212.17,850.8
212.18,955.8
212.2,1232.0
212.21,1404.0
212.23,1815.0
212.25,2311.0
212.26,2587.0
212.28,3184.0
212.3,3820.0
212.31,4143.0
212.33,4778.0
212.35,5366.0
212.36,5630.0
212.38,6076.0
212.4,6386.0
212.41,6483.0
212.43,6553.0
212.45,6454.0
212.46,6344.0
212.48,6016.0
212.5,5565.0
212.51,5305.0
212.53,4737.0
212.55,4137.0
212.56,3837.0
212.58,3256.0
212.59,2981.0
212.61,2476.0
212.63,2041.0
212.64,1853.0
212.66,1532.0
212.68,1284.0
212.69,1186.0
212.71,1036.0
212.73,940.4
212.74,911.4
212.76,888.0
212.78,909.2
212.79,936.4
212.81,1025.0
212.83,1160.0
212.84,1245.0
212.86,1450.0
212.88,1698.0
212.89,1835.0
212.91,2127.0
212.93,2429.0
212.94,2578.0
212.96,2855.0
212.97,2978.0
212.99,3179.0
213.01,3306.0
213.02,3336.0
213.04,3329.0
213.06,3230.0
213.07,3148.0
213.09,2928.0
213.11,2649.0
213.12,2494.0
213.14,2169.0
213.16,1844.0
213.17,1688.0
213.19,1403.0
213.21,1168.0
213.22,1074.0
213.24,940.6
213.26,889.5
213.27,897.4
213.29,985.1
213.31,1173.0
213.32,1307.0
213.34,1652.0
213.35,1863.0
213.37,2357.0
213.39,2935.0
213.4,3249.0
213.42,3906.0
213.44,4573.0
213.45,4897.0
213.47,5497.0
213.49,5996.0
213.5,6195.0
213.52,6470.0
213.54,6564.0
213.55,6539.0
213.57,6350.0
213.59,5989.0
213.6,5753.0
213.62,5193.0
213.64,4553.0
213.65,4217.0
213.67,3539.0
213.68,3207.0
213.7,2576.0
213.72,2010.0
213.73,1757.0
213.75,1313.0
213.77,954.0
213.78,804.8
213.8,561.2
213.82,381.5
213.83,311.8
213.85,205.2
213.87,133.1
213.88,106.8
213.9,69.01
213.92,45.27
213.93,37.08
213.95,25.69
213.97,18.71
213.98,16.27
214.0,12.69
214.02,10.18
214.03,9.167
214.05,7.455
214.06,6.717
214.08,5.44
214.1,4.43
214.11,4.042
214.13,3.568
214.15,3.655
214.16,3.999
214.18,5.579
214.2,8.954
214.21,11.64
214.23,19.98
214.25,34.1
214.26,44.25
214.28,73.14
214.3,117.7
214.31,147.8
214.33,228.0
214.35,341.7
214.36,413.8
214.38,594.0
214.4,828.3
214.41,967.6
214.43,1292.0
214.44,1477.0
214.46,1888.0
214.48,2346.0
214.49,2586.0
214.51,3076.0
214.53,3554.0
214.54,3779.0
214.56,4181.0
214.58,4493.0
214.59,4608.0
214.61,4743.0
214.63,4742.0
214.64,4691.0
214.66,4492.0
214.68,4180.0
214.69,3990.0
214.71,3560.0
214.73,3091.0
214.74,2854.0
214.76,2391.0
214.78,1971.0
214.79,1785.0
214.81,1474.0
214.82,1354.0
214.84,1193.0
214.86,1151.0
214.87,1177.0
214.89,1331.0
214.91,1627.0
214.92,1830.0
214.94,2345.0
214.96,3002.0
214.97,3379.0
214.99,4218.0
215.01,5138.0
215.02,5616.0
215.04,6571.0
215.06,7476.0
215.07,7889.0
215.09,8600.0
215.11,9109.0
215.12,9275.0
215.14,9410.0
215.16,9276.0
215.17,9112.0
215.19,8603.0
215.2,8270.0
215.22,7479.0
215.24,6573.0
215.25,6096.0
215.27,5132.0
215.29,4199.0
215.3,3758.0
215.32,2947.0
215.34,2247.0
215.35,1941.0
215.37,1420.0
215.39,1010.0
215.4,843.5
215.42,576.7
215.44,384.3
215.45,310.9
215.47,199.9
215.49,125.7
215.5,98.99
215.52,60.54
215.53,47.07
215.55,28.19
215.57,16.73
215.58,12.86
215.6,7.592
215.62,4.492
215.63,3.463
215.65,2.073
215.67,1.258
215.68,0.9856
215.7,0.6147
215.72,0.3931
215.73,0.318
215.75,0.2143
215.77,0.1524
215.78,0.1323
215.8,0.1091
215.82,0.106
215.83,0.1123
215.85,0.1436
215.87,0.2071
215.88,0.2547
215.9,0.3922
215.91,0.4873
215.93,0.7455
215.95,1.119
215.96,1.358
215.98,1.965
216.0,2.77
216.01,3.255
216.03,4.405
216.05,5.8
216.06,6.587
216.08,8.324
216.1,10.23
216.11,11.23
216.13,13.25
216.15,15.22
216.16,16.14
216.18,17.79
216.2,19.09
216.21,19.58
216.23,20.2
216.25,20.34
216.26,20.24
216.28,19.75
216.29,19.41
216.31,18.66
216.33,18.1
216.34,18.03
216.36,18.62
216.38,20.81
216.39,22.78
216.41,29.21
216.43,40.16
216.44,47.86
216.46,69.02
216.48,99.85
216.49,119.7
216.51,170.2
216.53,237.6
216.54,278.6
216.56,377.0
216.58,500.0
216.59,571.6
216.61,736.7
216.63,933.7
216.64,1045.0
216.66,1296.0
216.67,1437.0
216.69,1752.0
216.71,2117.0
216.72,2319.0
216.74,2765.0
216.76,3270.0
216.77,3543.0
216.79,4128.0
216.81,4751.0
216.82,5070.0
216.84,5707.0
216.86,6314.0
216.87,6593.0
216.89,7079.0
216.91,7437.0
216.92,7557.0
216.94,7662.0
216.96,7579.0
216.97,7467.0
216.99,7107.0
217.0,6866.0
217.02,6282.0
217.04,5600.0
217.05,5236.0
217.07,4494.0
217.09,3772.0
217.1,3433.0
217.12,2819.0
217.14,2320.0
217.15,2122.0
217.17,1843.0
217.19,1735.0
217.2,1751.0
217.22,1930.0
217.24,2317.0
217.25,2592.0
217.27,3305.0
217.29,4235.0
217.3,4777.0
217.32,5997.0
217.34,7364.0
217.35,8084.0
217.37,9551.0
217.38,10280.0
217.4,11660.0
217.42,12860.0
217.43,13360.0
217.45,14130.0
217.47,14530.0
217.48,14580.0
217.5,14380.0
217.52,13780.0
217.53,13350.0
217.55,12270.0
217.57,10960.0
217.58,10250.0
217.6,8782.0
217.62,7315.0
217.63,6606.0
217.65,5277.0
217.67,4099.0
217.68,3576.0
217.7,2665.0
217.72,1933.0
217.73,1630.0
217.75,1136.0
217.76,938.7
217.78,629.4
217.8,411.9
217.81,330.4
217.83,209.3
217.85,130.0
217.86,101.9
217.88,61.99
217.9,37.39
217.91,28.99
217.93,17.43
217.95,10.52
217.96,8.194
217.98,5.001
218.0,3.076
218.01,2.418
218.03,1.497
218.05,0.9283
218.06,0.7311
218.08,0.4556
218.1,0.2917
218.11,0.24
218.13,0.1841
218.14,0.1776
218.16,0.2086
218.18,0.3117
218.19,0.4
218.21,0.6835
218.23,1.179
218.24,1.544
218.26,2.609
218.28,4.316
218.29,5.502
218.31,8.774
218.33,13.64
218.34,16.83
218.36,25.14
218.38,36.54
218.39,43.61
218.41,60.86
218.43,82.61
218.44,95.27
218.46,124.1
218.47,140.1
218.49,175.1
218.51,212.8
218.52,232.1
218.54,270.6
218.56,306.7
218.57,323.2
218.59,351.4
218.61,371.6
218.62,378.2
218.64,383.5
218.66,378.3
218.67,371.9
218.69,351.9
218.71,323.8
218.72,307.4
218.74,271.4
218.76,233.2
218.77,213.9
218.79,176.5
218.81,141.8
218.82,126.0
218.84,97.76
218.85,85.52
218.87,64.95
218.89,49.56
218.9,43.76
218.92,35.86
218.94,32.72
218.95,32.91
218.97,36.8
218.99,45.46
219.0,51.64
219.02,67.8
219.04,89.14
219.05,101.7
219.07,130.6
219.09,163.9
219.1,181.9
219.12,219.6
219.14,258.1
219.15,277.0
219.17,312.7
219.19,343.5
219.2,356.4
219.22,375.9
219.23,382.1
219.25,387.0
219.27,381.8
219.28,375.6
219.3,356.7
219.32,330.9
219.33,316.2
219.35,284.9
219.37,253.5
219.38,238.7
219.4,212.2
219.42,191.7
219.43,184.3
219.45,175.5
219.47,175.2
219.48,178.0
219.5,189.4
219.52,207.1
219.53,217.6
219.55,240.9
219.57,265.1
219.58,276.8
219.6,297.8
219.61,306.7
219.63,320.0
219.65,326.7
219.66,327.4
219.68,323.4
219.7,313.3
219.71,306.3
219.73,289.8
219.75,271.7
219.76,262.8
219.78,246.8
219.8,234.9
219.81,231.0
219.83,228.2
219.85,232.5
219.86,237.3
219.88,252.0
219.9,272.5
219.91,284.5
219.93,310.7
219.95,338.2
219.96,351.8
219.98,377.4
219.99,389.0
220.01,408.6
220.03,422.5
220.04,427.1
220.06,431.5
220.08,430.0
220.09,427.6
220.11,420.7
220.13,414.5
220.14,413.4
220.16,419.3
220.18,444.0
220.19,467.1
220.21,543.6
220.23,674.7
220.24,766.8
220.26,1017.0
220.28,1374.0
220.29,1599.0
220.31,2155.0
220.32,2489.0
220.34,3275.0
220.36,4217.0
220.37,4742.0
220.39,5884.0
220.41,7112.0
220.42,7742.0
220.44,8991.0
220.46,10160.0
220.47,10690.0
220.49,11600.0
220.51,12250.0
220.52,12460.0
220.54,12630.0
220.56,12460.0
220.57,12250.0
220.59,11600.0
220.61,10710.0
220.62,10180.0
220.64,9041.0
220.66,7842.0
220.67,7246.0
220.69,6112.0
220.7,5590.0
220.72,4677.0
220.74,3977.0
220.75,3721.0
220.77,3416.0
220.79,3413.0
220.8,3532.0
220.82,4022.0
220.84,4862.0
220.85,5416.0
220.87,6787.0
220.89,8496.0
220.9,9466.0
220.92,11600.0
220.94,13920.0
220.95,15120.0
220.97,17520.0
220.99,19790.0
221.0,20830.0
221.02,22630.0
221.04,23960.0
221.05,24400.0
221.07,24830.0
221.08,24800.0
221.1,24260.0
221.12,23110.0
221.13,22340.0
221.15,20460.0
221.17,18250.0
221.18,17070.0
221.2,14650.0
221.22,12260.0
221.23,11110.0
221.25,8945.0
221.27,7028.0
221.28,6173.0
221.3,4677.0
221.32,3463.0
221.33,2954.0
221.35,2117.0
221.37,1490.0
221.38,1243.0
221.4,860.3
221.42,599.7
221.43,506.1
221.45,378.1
221.46,339.0
221.48,301.3
221.5,308.5
221.51,326.5
221.53,387.3
221.55,477.6
221.56,532.4
221.58,658.4
221.6,802.0
221.61,878.4
221.63,1036.0
221.65,1192.0
221.66,1267.0
221.68,1405.0
221.7,1518.0
221.71,1564.0
221.73,1629.0
221.75,1655.0
221.76,1653.0
221.78,1621.0
221.79,1590.0
221.81,1505.0
221.83,1392.0
221.84,1328.0
221.86,1189.0
221.88,1043.0
221.89,969.0
221.91,824.5
221.93,688.4
221.94,624.7
221.96,507.9
221.98,406.2
221.99,361.1
222.01,282.4
222.03,218.0
222.04,190.7
222.06,145.0
222.08,109.7
222.09,95.44
222.11,72.66
222.13,56.51
222.14,50.59
222.16,42.61
222.17,40.43
222.19,39.58
222.21,43.5
222.22,47.38
222.24,59.33
222.26,77.51
222.27,89.2
222.29,118.2
222.31,155.2
222.32,176.7
222.34,225.7
222.36,281.8
222.37,312.0
222.39,375.4
222.41,440.1
222.42,471.9
222.44,531.9
222.46,583.8
222.47,605.5
222.49,638.6
222.51,655.7
222.52,657.7
222.54,648.7
222.55,637.8
222.57,604.3
222.59,557.5
222.6,530.2
222.62,469.9
222.64,405.7
222.65,373.3
222.67,310.0
222.69,250.9
222.7,223.7
222.72,174.7
222.74,133.5
222.75,115.9
222.77,86.26
222.79,63.48
222.8,54.36
222.82,39.95
222.84,29.71
222.85,25.83
222.87,19.95
222.89,15.93
222.9,14.41
222.92,12.04
222.93,11.1
222.95,9.532
222.97,8.221
222.98,7.626
223.0,6.521
223.02,5.509
223.03,5.037
223.05,4.165
223.07,3.399
223.08,3.059
223.1,2.472
223.12,2.008
223.13,1.822
223.15,1.539
223.17,1.369
223.18,1.324
223.2,1.309
223.22,1.388
223.23,1.46
223.25,1.668
223.27,1.952
223.28,2.121
223.3,2.501
223.31,2.71
223.33,3.153
223.35,3.611
223.36,3.836
223.38,4.264
223.4,4.635
223.41,4.791
223.43,5.028
223.45,5.15
223.46,5.164
223.48,5.096
223.5,4.906
223.51,4.769
223.53,4.426
223.55,4.012
223.56,3.787
223.58,3.322
223.6,2.86
223.61,2.638
223.63,2.225
223.64,2.039
223.66,1.713
223.68,1.455
223.69,1.352
223.71,1.195
223.73,1.097
223.74,1.067
223.76,1.041
223.78,1.047
223.79,1.059
223.81,1.094
223.83,1.135
223.84,1.154
223.86,1.189
223.88,1.212
223.89,1.218
223.91,1.218
223.93,1.202
223.94,1.189
223.96,1.153
223.98,1.107
223.99,1.082
224.01,1.029
224.02,1.003
224.04,0.9538
224.06,0.9108
224.07,0.8925
224.09,0.8632
224.11,0.8436
224.12,0.8373
224.14,0.8303
224.16,0.8288
224.17,0.8292
224.19,0.8304
224.21,0.8299
224.22,0.8285
224.24,0.8223
224.26,0.8118
224.27,0.8053
224.29,0.7913
224.31,0.7786
224.32,0.774
224.34,0.7714
224.36,0.7815
224.37,0.7928
224.39,0.8305
224.4,0.8579
224.42,0.9312
224.44,1.03
224.45,1.09
224.47,1.227
224.49,1.388
224.5,1.476
224.52,1.665
224.54,1.867
224.55,1.971
224.57,2.187
224.59,2.408
224.6,2.522
224.62,2.758
224.64,3.009
224.65,3.145
224.67,3.443
224.69,3.792
224.7,3.992
224.72,4.458
224.74,5.033
224.75,5.368
224.77,6.152
224.78,6.605
224.8,7.644
224.82,8.871
224.83,9.557
224.85,11.07
224.87,12.76
224.88,13.66
224.9,15.56
224.92,17.56
224.93,18.59
224.95,20.65
224.97,22.7
224.98,23.7
225.0,25.63
225.02,27.43
225.03,28.26
225.05,29.78
225.07,31.06
225.08,31.62
225.1,32.51
225.11,32.86
225.13,33.34
225.15,33.54
225.16,33.54
225.18,33.35
225.2,32.94
225.21,32.67
225.23,32.0
225.25,31.2
225.26,30.77
225.28,29.83
225.3,28.81
225.31,28.27
225.33,27.13
225.35,25.91
225.36,25.28
225.38,23.97
225.4,22.64
225.41,21.99
225.43,20.81
225.45,19.94
225.46,19.69
225.48,19.77
225.49,20.2
225.51,22.11
225.53,25.94
225.54,28.79
225.56,36.84
225.58,48.77
225.59,56.49
225.61,76.03
225.63,101.8
225.64,117.2
225.66,153.5
225.68,197.2
225.69,221.7
225.71,275.4
225.73,334.1
225.74,364.7
225.76,426.7
225.78,487.0
225.79,515.5
225.81,567.2
225.83,608.8
225.84,625.1
225.86,647.3
225.87,652.9
225.89,653.0
225.91,639.3
225.92,627.9
225.94,598.4
225.96,563.8
225.97,546.6
225.99,517.0
226.01,502.0
226.02,503.6
226.04,534.0
226.06,615.4
226.07,681.8
226.09,881.8
226.11,1196.0
226.12,1407.0
226.14,1956.0
226.16,2708.0
226.17,3171.0
226.19,4289.0
226.21,5680.0
226.22,6480.0
226.24,8283.0
226.25,9278.0
226.27,11420.0
226.29,13710.0
226.3,14880.0
226.32,17180.0
226.34,19330.0
226.35,20310.0
226.37,21980.0
226.39,23190.0
226.4,23580.0
226.42,23920.0
226.44,23650.0
226.45,23290.0
226.47,22150.0
226.49,20520.0
226.5,19570.0
226.52,17460.0
226.54,15200.0
226.55,14060.0
226.57,11840.0
226.59,9788.0
226.6,8863.0
226.62,7261.0
226.63,6601.0
226.65,5601.0
226.67,5062.0
226.68,4978.0
226.7,5201.0
226.72,5970.0
226.73,6567.0
226.75,8197.0
226.77,10410.0
226.78,11720.0
226.8,14760.0
226.82,18250.0
226.83,20140.0
226.85,24100.0
226.87,28130.0
226.88,30110.0
226.9,33850.0
226.92,37100.0
226.93,38460.0
226.95,40550.0
226.96,41230.0
226.98,41820.0
227.0,41330.0
227.01,40690.0
227.03,38690.0
227.05,35850.0
227.06,34170.0
227.08,30460.0
227.1,26460.0
227.11,24420.0
227.13,20400.0
227.15,16620.0
227.16,14850.0
227.18,11640.0
227.2,8885.0
227.21,7691.0
227.23,5653.0
227.25,4051.0
227.26,3397.0
227.28,2346.0
227.3,1581.0
227.31,1287.0
227.33,838.9
227.34,672.4
227.36,427.0
227.38,269.3
227.39,214.3
227.41,138.8
227.43,95.89
227.44,83.02
227.46,69.27
227.48,66.87
227.49,68.69
227.51,76.69
227.53,88.97
227.54,96.26
227.56,112.4
227.58,129.7
227.59,138.5
227.61,155.7
227.63,171.4
227.64,178.5
227.66,190.5
227.68,199.0
227.69,201.8
227.71,204.3
227.72,204.0
227.74,200.6
227.76,193.7
227.77,189.2
227.79,178.9
227.81,167.5
227.82,161.7
227.84,150.9
227.86,141.8
227.87,138.1
227.89,132.8
227.91,130.5
227.92,130.4
227.94,132.3
227.96,136.2
227.97,138.6
227.99,144.1
228.01,149.2
228.02,151.4
228.04,154.4
228.06,154.9
228.07,154.1
228.09,150.4
228.1,147.4
228.12,139.4
228.14,129.1
228.15,123.3
228.17,111.0
228.19,98.41
228.2,92.28
228.22,80.8
228.24,70.92
228.25,66.73
228.27,60.07
228.29,55.76
228.3,54.49
228.32,53.54
228.34,54.45
228.35,55.46
228.37,58.25
228.39,61.61
228.4,63.32
228.42,66.52
228.43,67.88
228.45,69.92
228.47,70.84
228.48,70.85
228.5,69.97
228.52,68.04
228.53,66.75
228.55,63.76
228.57,60.53
228.58,58.95
228.6,56.09
228.62,53.88
228.63,53.08
228.65,52.19
228.67,52.22
228.68,52.54
228.7,53.65
228.72,55.13
228.73,55.91
228.75,57.29
228.77,58.16
228.78,58.3
228.8,57.88
228.81,57.27
228.83,55.22
228.85,52.11
228.86,50.19
228.88,45.75
228.9,40.74
228.91,38.1
228.93,32.75
228.95,27.53
228.96,25.05
228.98,20.47
229.0,16.53
229.01,14.83
229.03,12.03
229.05,10.04
229.06,9.354
229.08,8.571
229.1,8.546
229.11,8.8
229.13,9.804
229.15,11.41
229.16,12.41
229.18,14.76
229.19,16.08
229.21,18.97
229.23,22.1
229.24,23.72
229.26,27.01
229.28,30.28
229.29,31.89
229.31,34.98
229.33,37.86
229.34,39.2
229.36,41.65
229.38,43.78
229.39,44.71
229.41,46.28
229.43,47.49
229.44,47.96
229.46,48.69
229.48,49.22
229.49,49.47
229.51,50.09
229.53,51.16
229.54,52.0
229.56,54.62
229.57,56.55
229.59,62.05
229.61,70.3
229.62,75.66
229.64,89.22
229.66,106.9
229.67,117.5
229.69,141.8
229.71,170.4
229.72,186.1
229.74,219.8
229.76,255.4
229.77,273.5
229.79,309.1
229.81,342.6
229.82,358.0
229.84,384.9
229.86,405.7
229.87,413.4
229.89,423.1
229.9,425.1
229.92,423.2
229.94,414.3
229.95,407.5
229.97,390.0
229.99,368.7
230.0,357.1
230.02,333.3
230.04,310.0
230.05,299.1
230.07,279.9
230.09,265.3
230.1,260.2
230.12,255.1
230.14,257.6
230.15,261.9
230.17,276.8
230.19,300.0
230.2,314.5
230.22,348.7
230.24,388.2
230.25,409.3
230.27,452.5
230.28,473.8
230.3,514.2
230.32,548.9
230.33,563.3
230.35,584.6
230.37,594.5
230.38,594.9
230.4,586.5
230.42,566.5
230.43,552.5
230.45,518.2
230.47,477.1
230.48,454.9
230.5,408.9
230.52,362.8
230.53,340.3
230.55,297.7
230.57,258.9
230.58,241.3
230.6,209.4
230.62,182.0
230.63,169.8
230.65,148.3
230.66,138.7
230.68,121.7
230.7,107.0
230.71,100.4
230.73,88.57
230.75,78.4
230.76,73.92
230.78,66.17
230.8,59.99
230.81,57.48
230.83,53.56
230.85,50.97
230.86,50.11
230.88,49.06
230.9,48.64
230.91,48.56
230.93,48.46
230.95,48.17
230.96,47.88
230.98,46.92
231.0,45.39
231.01,44.42
231.03,42.14
231.04,40.87
231.06,38.24
231.08,35.7
231.09,34.57
231.11,32.75
231.13,31.78
231.14,31.67
231.16,32.35
231.18,34.28
231.19,35.71
231.21,39.47
231.23,44.25
231.24,46.94
231.26,52.71
231.28,58.65
231.29,61.54
231.31,66.89
231.33,71.3
231.34,73.03
231.36,75.35
231.38,75.97
231.39,75.61
231.41,73.57
231.42,71.92
231.44,67.49
231.46,61.8
231.47,58.61
231.49,51.74
231.51,44.58
231.52,41.0
231.54,34.06
231.56,27.63
231.57,24.67
231.59,19.33
231.61,14.83
231.62,12.9
231.64,9.665
231.66,7.212
231.67,6.257
231.69,4.843
231.71,4.04
231.72,3.853
231.74,3.898
231.75,4.132
231.77,5.051
231.79,6.631
231.8,7.701
231.82,10.48
231.84,14.24
231.85,16.53
231.87,22.01
231.89,28.77
231.9,32.65
231.92,41.38
231.94,51.29
231.95,56.62
231.97,67.82
231.99,79.34
232.0,85.06
232.02,96.03
232.04,105.9
232.05,110.1
232.07,117.1
232.09,121.5
232.1,122.6
232.12,122.7
232.13,121.6
232.15,117.3
232.17,110.4
232.18,106.1
232.2,96.36
232.22,85.39
232.23,79.67
232.25,68.11
232.27,56.86
232.28,51.5
232.3,41.52
232.32,32.74
232.33,28.84
232.35,22.07
232.37,16.65
232.38,14.42
232.4,10.88
232.42,8.477
232.43,7.673
232.45,6.828
232.47,6.982
232.48,7.439
232.5,9.156
232.51,10.44
232.53,13.93
232.55,18.78
232.56,21.76
232.58,28.88
232.6,37.61
232.61,42.57
232.63,53.62
232.65,65.97
232.66,72.52
232.68,86.08
232.7,99.72
232.71,106.4
232.73,118.8
232.75,129.6
232.76,134.1
232.78,141.1
232.8,144.9
232.81,145.6
232.83,144.6
232.85,140.5
232.86,137.5
232.88,129.9
232.89,125.6
232.91,116.3
232.93,107.3
232.94,103.2
232.96,96.41
232.98,92.36
232.99,91.64
233.01,93.25
233.03,99.43
233.04,104.4
233.06,118.2
233.08,137.2
233.09,148.7
233.11,175.6
233.13,207.1
233.14,224.5
233.16,261.8
233.18,301.8
233.19,322.3
233.21,363.6
233.22,383.8
233.24,422.4
233.26,456.7
233.27,471.6
233.29,496.0
233.31,511.5
233.32,515.6
233.34,515.9
233.36,505.5
233.37,496.5
233.39,471.1
233.41,437.5
233.42,418.1
233.44,375.7
233.46,330.3
233.47,307.2
233.49,261.7
233.51,218.9
233.52,199.0
233.54,163.2
233.56,133.5
233.57,121.2
233.59,101.9
233.6,94.85
233.62,86.06
233.64,84.02
233.65,85.38
233.67,92.45
233.69,104.6
233.7,112.4
233.72,130.4
233.74,150.7
233.75,161.4
233.77,182.7
233.79,202.9
233.8,212.1
233.82,227.8
233.84,239.1
233.85,242.8
233.87,246.0
233.89,243.3
233.9,239.9
233.92,229.0
233.94,213.8
233.95,204.8
233.97,185.0
233.98,174.6
234.0,153.7
234.02,133.9
234.03,124.9
234.05,109.5
234.07,98.99
234.08,95.93
234.1,95.08
234.12,102.4
234.13,109.5
234.15,131.4
234.17,164.5
234.18,185.6
234.2,237.3
234.22,301.8
234.23,338.8
234.25,421.4
234.27,514.2
234.28,563.6
234.3,665.9
234.32,769.4
234.33,820.0
234.35,915.6
234.36,959.3
234.38,1035.0
234.4,1092.0
234.41,1112.0
234.43,1133.0
234.45,1130.0
234.46,1119.0
234.48,1079.0
234.5,1019.0
234.51,982.5
234.53,900.1
234.55,809.9
234.56,763.7
234.58,672.8
234.6,588.0
234.61,549.4
234.63,482.2
234.65,430.7
234.66,411.3
234.68,385.9
234.7,378.1
234.71,380.4
234.73,396.2
234.74,409.0
234.76,442.3
234.78,482.4
234.79,503.7
234.81,546.2
234.83,584.9
234.84,601.6
234.86,627.4
234.88,641.1
234.89,642.9
234.91,635.7
234.93,614.4
234.94,598.8
234.96,559.1
234.98,510.1
234.99,483.0
235.01,425.7
235.03,366.9
235.04,337.8
235.06,281.8
235.07,255.4
235.09,206.7
235.11,164.3
235.12,145.6
235.14,113.2
235.16,87.11
235.17,76.27
235.19,58.49
235.21,45.25
235.22,40.06
235.24,32.11
235.26,26.82
235.27,25.0
235.29,22.75
235.31,22.05
235.32,22.21
235.34,23.41
235.36,25.64
235.37,27.09
235.39,30.57
235.41,34.64
235.42,36.84
235.44,41.38
235.45,43.66
235.47,48.05
235.49,51.99
235.5,53.7
235.52,56.49
235.54,58.28
235.55,58.78
235.57,58.99
235.59,58.27
235.6,57.62
235.62,55.99
235.64,54.28
235.65,53.55
235.67,52.75
235.69,53.36
235.7,54.41
235.72,58.47
235.74,65.7
235.75,70.7
235.77,83.85
235.79,101.5
235.8,112.2
235.82,137.2
235.83,151.4
235.85,183.4
235.87,219.4
235.88,238.6
235.9,278.8
235.92,320.1
235.93,340.6
235.95,380.3
235.97,416.7
235.98,433.1
236.0,461.3
236.02,482.0
236.03,489.3
236.05,497.1
236.07,495.7
236.08,491.6
236.1,477.1
236.12,455.1
236.13,441.6
236.15,411.0
236.17,377.1
236.18,359.4
236.2,324.2
236.21,307.2
236.23,275.5
236.25,248.9
236.26,238.3
236.28,224.4
236.3,223.0
236.31,228.4
236.33,255.3
236.35,310.5
236.36,352.1
236.38,472.0
236.4,656.2
236.41,779.6
236.43,1107.0
236.45,1568.0
236.46,1861.0
236.48,2599.0
236.5,3575.0
236.51,4166.0
236.53,5580.0
236.54,6410.0
236.56,8332.0
236.58,10600.0
236.59,11860.0
236.61,14610.0
236.63,17590.0
236.64,19140.0
236.66,22270.0
236.68,25330.0
236.69,26780.0
236.71,29410.0
236.73,31550.0
236.74,32390.0
236.76,33540.0
236.78,33930.0
236.79,33830.0
236.81,33030.0
236.83,31510.0
236.84,30500.0
236.86,28090.0
236.88,25280.0
236.89,23770.0
236.91,20690.0
236.92,19150.0
236.94,16160.0
236.96,13430.0
236.97,12190.0
236.99,10050.0
237.01,8390.0
237.02,7768.0
237.04,6966.0
237.06,6794.0
237.07,6959.0
237.09,7816.0
237.11,9412.0
237.12,10500.0
237.14,13270.0
237.16,16840.0
237.17,18930.0
237.19,23650.0
237.21,29030.0
237.22,31930.0
237.24,38000.0
237.26,44240.0
237.27,47330.0
237.29,53250.0
237.3,56000.0
237.32,60870.0
237.34,64640.0
237.35,66040.0
237.37,67740.0
237.39,67880.0
237.4,67370.0
237.42,65190.0
237.44,61630.0
237.45,59410.0
237.47,54240.0
237.49,48380.0
237.5,45300.0
237.52,39030.0
237.54,32860.0
237.55,29900.0
237.57,24330.0
237.59,19380.0
237.6,17160.0
237.62,13260.0
237.64,10080.0
237.65,8744.0
237.67,6552.0
237.68,5673.0
237.7,4297.0
237.72,3354.0
237.73,3017.0
237.75,2560.0
237.77,2329.0
237.78,2278.0
237.8,2267.0
237.82,2336.0
237.83,2388.0
237.85,2504.0
237.87,2613.0
237.88,2659.0
237.9,2725.0
237.92,2749.0
237.93,2744.0
237.95,2703.0
237.97,2627.0
237.98,2579.0
238.0,2472.0
238.02,2361.0
238.03,2310.0
238.05,2222.0
238.06,2189.0
238.08,2151.0
238.1,2154.0
238.11,2172.0
238.13,2238.0
238.15,2339.0
238.16,2399.0
238.18,2531.0
238.2,2665.0
238.21,2729.0
238.23,2839.0
238.25,2915.0
238.26,2936.0
238.28,2941.0
238.3,2892.0
238.31,2847.0
238.33,2719.0
238.35,2544.0
238.36,2443.0
238.38,2217.0
238.39,2096.0
238.41,1846.0
238.43,1595.0
238.44,1472.0
238.46,1236.0
238.48,1021.0
238.49,921.7
238.51,743.5
238.53,592.2
238.54,526.6
238.56,414.4
238.58,325.9
238.59,289.8
238.61,232.2
238.63,192.4
238.64,178.4
238.66,161.1
238.68,157.0
238.69,159.5
238.71,172.7
238.73,196.3
238.74,211.6
238.76,248.3
238.77,269.4
238.79,315.7
238.81,365.9
238.82,391.6
238.84,442.4
238.86,490.2
238.87,511.9
238.89,549.5
238.91,577.2
238.92,586.8
238.94,596.4
238.96,593.0
238.97,586.5
238.99,564.5
239.01,531.8
239.02,512.1
239.04,467.6
239.06,418.4
239.07,392.9
239.09,341.7
239.11,291.9
239.12,268.2
239.14,224.0
239.15,203.9
239.17,167.8
239.19,138.0
239.2,125.5
239.22,105.6
239.24,92.7
239.25,88.99
239.27,87.52
239.29,94.76
239.3,102.0
239.32,125.0
239.34,160.5
239.35,183.7
239.37,242.2
239.39,318.3
239.4,363.4
239.42,468.3
239.44,592.5
239.45,661.4
239.47,811.3
239.49,973.6
239.5,1058.0
239.52,1227.0
239.53,1311.0
239.55,1470.0
239.57,1611.0
239.58,1672.0
239.6,1771.0
239.62,1834.0
239.63,1851.0
239.65,1855.0
239.67,1818.0
239.68,1786.0
239.7,1698.0
239.72,1584.0
239.73,1520.0
239.75,1384.0
239.77,1245.0
239.78,1177.0
239.8,1049.0
239.82,936.2
239.83,886.8
239.85,803.2
239.86,769.1
239.88,715.6
239.9,679.2
239.91,666.3
239.93,648.2
239.95,636.5
239.96,631.5
239.98,620.9
240.0,606.4
240.01,596.9
240.03,572.4
240.05,540.4
240.06,521.7
240.08,479.6
240.1,432.8
240.11,408.4
240.13,359.2
240.15,311.7
240.16,289.4
240.18,249.1
240.2,216.4
240.21,203.5
240.23,185.8
240.24,181.4
240.26,182.0
240.28,196.3
240.29,208.9
240.31,245.1
240.33,296.5
240.34,327.8
240.36,401.2
240.38,487.9
240.39,535.5
240.41,637.8
240.43,746.4
240.44,801.8
240.46,911.8
240.48,1017.0
240.49,1066.0
240.51,1154.0
240.53,1225.0
240.54,1254.0
240.56,1295.0
240.58,1314.0
240.59,1315.0
240.61,1301.0
240.62,1286.0
240.64,1243.0
240.66,1184.0
240.67,1150.0
240.69,1074.0
240.71,992.0
240.72,949.3
240.74,862.7
240.76,777.3
240.77,735.8
240.79,656.9
240.81,585.3
240.82,553.0
240.84,496.5
240.86,452.5
240.87,435.7
240.89,413.4
240.91,406.9
240.92,409.7
240.94,427.4
240.96,460.4
240.97,482.1
240.99,534.6
241.0,564.5
241.02,629.5
241.04,698.0
241.05,732.1
241.07,797.2
241.09,854.7
241.1,879.4
241.12,918.6
241.14,942.5
241.15,948.2
241.17,947.4
241.19,930.7
241.2,917.0
241.22,880.3
241.24,833.9
241.25,808.1
241.27,753.0
241.29,695.8
241.3,667.2
241.32,611.2
241.34,557.7
241.35,532.2
241.37,483.7
241.38,460.7
241.4,416.9
241.42,375.7
241.43,356.0
241.45,317.8
241.47,281.2
241.48,263.4
241.5,229.2
241.52,196.8
241.53,181.4
241.55,152.4
241.57,126.1
241.58,114.1
241.6,92.62
241.62,74.43
241.63,66.59
241.65,53.34
241.67,43.15
241.68,39.11
241.7,32.92
241.71,30.67
241.73,27.6
241.75,26.09
241.76,25.79
241.78,25.87
241.8,26.57
241.81,27.05
241.83,28.12
241.85,29.15
241.86,29.59
241.88,30.28
241.9,30.64
241.91,30.7
241.93,30.58
241.95,30.2
241.96,29.94
241.98,29.37
242.0,28.82
242.01,28.58
242.03,28.25
242.05,28.18
242.06,28.26
242.08,28.67
242.09,28.99
242.11,29.9
242.13,31.1
242.14,31.81
242.16,33.44
242.18,35.33
242.19,36.38
242.21,38.71
242.23,41.39
242.24,42.88
242.26,46.23
242.28,50.11
242.29,52.26
242.31,56.98
242.33,62.22
242.34,65.0
242.36,70.77
242.38,76.62
242.39,79.47
242.41,84.84
242.43,89.45
242.44,91.36
242.46,94.22
242.47,95.09
242.49,95.62
242.51,94.45
242.52,93.23
242.54,89.59
242.56,84.55
242.57,81.59
242.59,75.05
242.61,68.0
242.62,64.41
242.64,57.38
242.66,50.84
242.67,47.86
242.69,42.63
242.71,38.54
242.72,36.96
242.74,34.73
242.76,33.73
242.77,33.66
242.79,34.3
242.81,35.82
242.82,36.84
242.84,39.3
242.85,40.68
242.87,43.58
242.89,46.52
242.9,47.95
242.92,50.62
242.94,52.93
242.95,53.92
242.97,55.51
242.99,56.56
243.0,56.88
243.02,57.12
243.04,56.87
243.05,56.59
243.07,55.78
243.09,54.77
243.1,54.25
243.12,53.3
243.14,52.67
243.15,52.57
243.17,52.99
243.18,53.61
243.2,55.91
243.22,60.04
243.23,62.97
243.25,70.94
243.27,82.31
243.28,89.5
243.3,107.4
243.32,130.6
243.33,144.4
243.35,176.7
243.37,215.6
243.38,237.5
243.4,286.0
243.42,339.9
243.43,368.5
243.45,427.7
243.47,487.6
243.48,517.0
243.5,572.8
243.52,622.0
243.53,643.2
243.55,677.1
243.56,689.4
243.58,703.3
243.6,702.7
243.61,696.9
243.63,675.0
243.65,640.8
243.66,619.9
243.68,572.1
243.7,519.3
243.71,492.0
243.73,437.8
243.75,386.7
243.76,363.1
243.78,321.2
243.8,287.4
243.81,273.9
243.83,253.8
243.85,242.7
243.86,240.3
243.88,241.0
243.9,248.0
243.91,253.4
243.93,266.6
243.94,274.0
243.96,289.4
243.98,304.2
243.99,311.0
244.01,322.4
244.03,330.4
244.04,332.9
244.06,335.0
244.08,333.3
244.09,331.2
244.11,324.9
244.13,316.4
244.14,311.8
244.16,302.1
244.18,292.6
244.19,288.2
244.21,280.4
244.23,274.0
244.24,271.4
244.26,267.2
244.28,264.1
244.29,262.8
244.31,260.4
244.32,259.1
244.34,256.1
244.36,252.1
244.37,249.7
244.39,243.8
244.41,236.5
244.42,232.4
244.44,223.2
244.46,213.0
244.47,207.6
244.49,196.4
244.51,185.0
244.52,179.2
244.54,167.9
244.56,156.8
244.57,151.4
244.59,141.2
244.61,131.5
244.62,127.0
244.64,118.5
244.65,114.5
244.67,107.2
244.69,100.7
244.7,97.7
244.72,92.24
244.74,87.4
244.75,85.18
244.77,81.07
244.79,77.28
244.8,75.47
244.82,71.97
244.84,68.55
244.85,66.85
244.87,63.47
244.89,60.12
244.9,58.47
244.92,55.25
244.94,52.21
244.95,50.78
244.97,48.13
244.99,45.81
245.0,44.79
245.02,43.03
245.03,42.28
245.05,41.05
245.07,40.14
245.08,39.8
245.1,39.33
245.12,39.14
245.13,39.16
245.15,39.44
245.17,40.09
245.18,40.58
245.2,41.93
245.22,43.82
245.23,44.98
245.25,47.73
245.27,51.01
245.28,52.81
245.3,56.67
245.32,60.67
245.33,62.66
245.35,66.44
245.37,69.78
245.38,71.2
245.4,73.48
245.41,74.31
245.43,75.32
245.45,75.56
245.46,75.45
245.48,74.96
245.5,74.47
245.51,74.37
245.53,74.81
245.55,76.57
245.56,78.13
245.58,82.91
245.6,90.24
245.61,94.96
245.63,106.6
245.65,121.0
245.66,129.2
245.68,147.3
245.7,166.9
245.71,177.0
245.73,197.3
245.75,216.7
245.76,225.7
245.78,241.6
245.79,248.2
245.81,258.5
245.83,264.3
245.84,265.4
245.86,264.0
245.88,258.2
245.89,253.9
245.91,243.0
245.93,230.2
245.94,223.5
245.96,210.7
245.98,200.0
245.99,196.0
246.01,191.9
246.03,194.3
246.04,198.5
246.06,213.7
246.08,239.0
246.09,255.7
246.11,297.4
246.13,350.3
246.14,380.7
246.16,448.9
246.17,486.3
246.19,566.3
246.21,651.0
246.22,694.2
246.24,780.3
246.26,863.1
246.27,902.2
246.29,973.9
246.31,1035.0
246.32,1060.0
246.34,1101.0
246.36,1126.0
246.37,1134.0
246.39,1138.0
246.41,1128.0
246.42,1118.0
246.44,1091.0
246.46,1053.0
246.47,1031.0
246.49,982.8
246.5,956.3
246.52,899.7
246.54,839.3
246.55,808.1
246.57,744.2
246.59,679.3
246.6,646.7
246.62,582.2
246.64,519.4
246.65,488.9
246.67,430.7
246.69,376.9
246.7,351.9
246.72,306.4
246.74,267.2
246.75,250.1
246.77,220.9
246.79,198.1
246.8,189.0
246.82,175.1
246.84,166.3
246.85,163.5
246.87,160.6
246.88,160.3
246.9,161.5
246.92,164.6
246.93,166.8
246.95,172.5
246.97,180.1
246.98,184.8
247.0,196.7
247.02,213.1
247.03,223.5
247.05,250.0
247.07,285.8
247.08,307.9
247.1,361.3
247.12,428.6
247.13,467.8
247.15,557.2
247.17,660.9
247.18,717.5
247.2,838.7
247.22,967.1
247.23,1032.0
247.25,1162.0
247.26,1225.0
247.28,1342.0
247.3,1443.0
247.31,1486.0
247.33,1552.0
247.35,1590.0
247.36,1598.0
247.38,1591.0
247.4,1555.0
247.41,1526.0
247.43,1451.0
247.45,1355.0
247.46,1302.0
247.48,1186.0
247.5,1065.0
247.51,1004.0
247.53,883.2
247.55,768.3
247.56,714.1
247.58,613.3
247.6,524.1
247.61,484.1
247.63,413.7
247.64,383.3
247.66,332.0
247.68,293.3
247.69,278.7
247.71,258.8
247.73,251.6
247.74,252.9
247.76,265.6
247.78,292.3
247.79,311.0
247.81,359.6
247.83,422.8
247.84,459.9
247.86,544.0
247.88,640.3
247.89,692.3
247.91,802.1
247.93,917.1
247.94,975.5
247.96,1092.0
247.97,1150.0
247.99,1262.0
248.01,1372.0
248.02,1426.0
248.04,1535.0
248.06,1652.0
248.07,1716.0
248.09,1862.0
248.11,2044.0
248.12,2152.0
248.14,2412.0
248.16,2742.0
248.17,2935.0
248.19,3384.0
248.21,3916.0
248.22,4212.0
248.24,4854.0
248.26,5549.0
248.27,5908.0
248.29,6629.0
248.31,7325.0
248.32,7652.0
248.34,8239.0
248.35,8490.0
248.37,8888.0
248.39,9125.0
248.4,9178.0
248.42,9149.0
248.44,8943.0
248.45,8777.0
248.47,8334.0
248.49,7769.0
248.5,7452.0
248.52,6774.0
248.54,6072.0
248.55,5725.0
248.57,5064.0
248.59,4473.0
248.6,4214.0
248.62,3782.0
248.64,3479.0
248.65,3378.0
248.67,3280.0
248.69,3319.0
248.7,3385.0
248.72,3606.0
248.73,3755.0
248.75,4115.0
248.77,4540.0
248.78,4768.0
248.8,5239.0
248.82,5709.0
248.83,5936.0
248.85,6362.0
248.87,6739.0
248.88,6905.0
248.9,7190.0
248.92,7413.0
248.93,7501.0
248.95,7638.0
248.97,7728.0
248.98,7758.0
249.0,7794.0
249.02,7803.0
249.03,7798.0
249.05,7770.0
249.07,7714.0
249.08,7673.0
249.1,7561.0
249.11,7488.0
249.13,7301.0
249.15,7054.0
249.16,6906.0
249.18,6563.0
249.2,6157.0
249.21,5934.0
249.23,5451.0
249.25,4933.0
249.26,4666.0
249.28,4125.0
249.3,3589.0
249.31,3329.0
249.33,2830.0
249.35,2371.0
249.36,2158.0
249.38,1771.0
249.4,1436.0
249.41,1288.0
249.43,1030.0
249.45,818.0
249.46,728.2
249.48,577.2
249.49,514.6
249.51,411.4
249.53,333.3
249.54,302.1
249.56,252.6
249.58,217.3
249.59,203.9
249.61,183.7
249.63,170.6
249.64,166.1
249.66,159.9
249.68,156.5
249.69,155.5
249.71,154.4
249.73,154.0
249.74,154.0
249.76,154.1
249.78,154.7
249.79,155.2
249.81,157.1
249.82,158.7
249.84,163.5
249.86,171.3
249.87,176.7
249.89,190.9
249.91,210.6
249.92,222.8
249.94,252.3
249.96,289.0
249.97,310.1
249.99,357.6
250.01,411.5
250.02,440.5
250.04,501.5
250.06,564.5
250.07,595.9
250.09,656.9
250.11,712.5
250.12,737.3
250.14,779.1
250.16,808.4
250.17,817.7
250.19,824.8
250.2,822.5
250.22,806.3
250.24,775.5
250.25,755.3
250.27,706.8
250.29,650.4
250.3,620.3
250.32,558.8
250.34,498.9
250.35,470.9
250.37,421.0
250.39,382.5
250.4,368.8
250.42,354.3
250.44,360.1
250.45,371.6
250.47,413.8
250.49,483.7
250.5,529.8
250.52,645.2
250.54,792.1
250.55,877.3
250.57,1070.0
250.58,1176.0
250.6,1406.0
250.62,1654.0
250.63,1781.0
250.65,2037.0
250.67,2284.0
250.68,2400.0
250.7,2612.0
250.72,2785.0
250.73,2854.0
250.75,2952.0
250.77,2993.0
250.78,2992.0
250.8,2945.0
250.82,2845.0
250.83,2777.0
250.85,2613.0
250.87,2421.0
250.88,2318.0
250.9,2107.0
250.92,1900.0
250.93,1802.0
250.95,1621.0
250.96,1540.0
250.98,1402.0
251.0,1296.0
251.01,1256.0
251.03,1197.0
251.05,1166.0
251.06,1159.0
251.08,1158.0
251.1,1170.0
251.11,1179.0
251.13,1199.0
251.15,1221.0
251.16,1232.0
251.18,1253.0
251.2,1275.0
251.21,1288.0
251.23,1320.0
251.25,1367.0
251.26,1399.0
251.28,1484.0
251.29,1540.0
251.31,1682.0
251.33,1873.0
251.34,1988.0
251.36,2265.0
251.38,2604.0
251.39,2798.0
251.41,3236.0
251.43,3739.0
251.44,4014.0
251.46,4608.0
251.48,5252.0
251.49,5589.0
251.51,6286.0
251.53,6996.0
251.54,7350.0
251.56,8041.0
251.58,8688.0
251.59,8987.0
251.61,9519.0
251.63,9943.0
251.64,10110.0
251.66,10330.0
251.67,10390.0
251.69,10390.0
251.71,10240.0
251.72,10110.0
251.74,9753.0
251.76,9288.0
251.77,9022.0
251.79,8443.0
251.81,7824.0
251.82,7509.0
251.84,6882.0
251.86,6279.0
251.87,5992.0
251.89,5453.0
251.91,4965.0
251.92,4741.0
251.94,4333.0
251.96,3973.0
251.97,3809.0
251.99,3511.0
252.01,3248.0
252.02,3128.0
252.04,2914.0
252.05,2818.0
252.07,2654.0
252.09,2530.0
252.1,2484.0
252.12,2430.0
252.14,2430.0
252.15,2453.0
252.17,2545.0
252.19,2700.0
252.2,2800.0
252.22,3043.0
252.24,3335.0
252.25,3496.0
252.27,3839.0
252.29,4198.0
252.3,4377.0
252.32,4725.0
252.34,5045.0
252.35,5188.0
252.37,5435.0
252.39,5618.0
252.4,5683.0
252.42,5756.0
252.43,5764.0
252.45,5724.0
252.47,5614.0
252.48,5535.0
252.5,5339.0
252.52,5102.0
252.53,4974.0
252.55,4709.0
252.57,4449.0
252.58,4325.0
252.6,4104.0
252.62,3928.0
252.63,3860.0
252.65,3774.0
252.67,3757.0
252.68,3774.0
252.7,3861.0
252.72,4012.0
252.73,4108.0
252.75,4334.0
252.77,4593.0
252.78,4728.0
252.8,5001.0
252.81,5134.0
252.83,5379.0
252.85,5582.0
252.86,5664.0
252.88,5778.0
252.9,5818.0
252.91,5809.0
252.93,5730.0
252.95,5571.0
252.96,5464.0
252.98,5197.0
253.0,4871.0
253.01,4689.0
253.03,4299.0
253.05,3885.0
253.06,3673.0
253.08,3250.0
253.1,2839.0
253.11,2640.0
253.13,2265.0
253.14,2089.0
253.16,1765.0
253.18,1479.0
253.19,1352.0
253.21,1126.0
253.23,938.4
253.24,857.9
253.26,721.5
253.28,615.1
253.29,571.9
253.31,503.6
253.33,456.5
253.34,440.0
253.36,419.5
253.38,413.8
253.39,415.9
253.41,428.8
253.43,452.2
253.44,467.3
253.46,503.4
253.48,546.1
253.49,569.4
253.51,618.7
253.52,644.2
253.54,695.9
253.56,746.7
253.57,771.1
253.59,816.9
253.61,857.0
253.62,874.4
253.64,903.1
253.66,922.8
253.67,929.0
253.69,934.2
253.71,929.7
253.72,924.0
253.74,906.1
253.76,880.8
253.77,865.8
253.79,832.3
253.81,795.9
253.82,777.4
253.84,740.9
253.86,707.4
253.87,692.4
253.89,667.6
253.9,658.3
253.92,646.9
253.94,646.4
253.95,650.5
253.97,668.0
253.99,697.7
254.0,716.9
254.02,763.3
254.04,818.8
254.05,849.3
254.07,913.7
254.09,980.2
254.1,1013.0
254.12,1076.0
254.14,1133.0
254.15,1158.0
254.17,1200.0
254.19,1229.0
254.2,1239.0
254.22,1247.0
254.24,1242.0
254.25,1235.0
254.27,1211.0
254.28,1196.0
254.3,1159.0
254.32,1118.0
254.33,1096.0
254.35,1052.0
254.37,1011.0
254.38,991.7
254.4,958.1
254.42,932.1
254.43,922.3
254.45,909.4
254.47,905.5
254.48,906.7
254.5,914.8
254.52,929.1
254.53,937.9
254.55,957.2
254.57,976.5
254.58,985.2
254.6,999.3
254.61,1004.0
254.63,1007.0
254.65,1000.0
254.66,992.8
254.68,969.9
254.7,936.4
254.71,916.0
254.73,869.2
254.75,816.3
254.76,788.5
254.78,732.1
254.8,677.1
254.81,651.0
254.83,603.1
254.85,562.7
254.86,545.6
254.88,518.0
254.9,498.9
254.91,492.3
254.93,484.0
254.95,480.7
254.96,480.1
254.98,479.9
254.99,479.7
255.01,477.6
255.03,471.9
255.04,467.2
255.06,453.8
255.08,434.5
255.09,422.7
255.11,395.2
255.13,363.1
255.14,345.8
255.16,309.5
255.18,272.0
255.19,253.3
255.21,216.8
255.23,182.4
255.24,166.3
255.26,136.8
255.28,111.1
255.29,99.83
255.31,80.39
255.33,65.06
255.34,58.89
255.36,49.35
255.37,45.92
255.39,41.51
255.41,40.11
255.42,40.45
255.44,42.98
255.46,47.74
255.47,50.85
255.49,58.32
255.51,67.15
255.52,71.94
255.54,82.01
255.56,92.3
255.57,97.38
255.59,107.0
255.61,115.6
255.62,119.4
255.64,125.5
255.66,129.5
255.67,130.6
255.69,131.0
255.71,129.0
255.72,127.1
255.74,121.7
255.75,118.3
255.77,110.4
255.79,101.2
255.8,96.37
255.82,86.45
255.84,76.65
255.85,71.94
255.87,63.17
255.89,55.58
255.9,52.34
255.92,47.11
255.94,43.76
255.95,42.85
255.97,42.72
255.99,44.98
256.0,47.07
256.02,53.34
256.04,62.57
256.05,68.38
256.07,82.52
256.08,90.9
256.1,110.4
256.12,133.5
256.13,146.3
256.15,174.6
256.17,205.8
256.18,222.3
256.2,256.6
256.22,291.7
256.23,309.1
256.25,343.0
256.27,374.4
256.28,388.8
256.3,414.2
256.32,434.6
256.33,442.7
256.35,454.9
256.37,462.5
256.38,465.1
256.4,469.6
256.42,476.3
256.43,482.1
256.45,502.4
256.46,518.9
256.48,570.4
256.5,655.7
256.51,714.9
256.53,874.9
256.55,1103.0
256.56,1248.0
256.58,1607.0
256.6,2073.0
256.61,2350.0
256.63,2997.0
256.65,3772.0
256.66,4207.0
256.68,5168.0
256.7,6236.0
256.71,6801.0
256.73,7976.0
256.75,9173.0
256.76,9764.0
256.78,10900.0
256.8,11930.0
256.81,12390.0
256.83,13160.0
256.84,13460.0
256.86,13870.0
256.88,14000.0
256.89,13970.0
256.91,13690.0
256.93,13150.0
256.94,12790.0
256.96,11920.0
256.98,10900.0
256.99,10340.0
257.01,9172.0
257.03,7981.0
257.04,7393.0
257.06,6258.0
257.08,5211.0
257.09,4730.0
257.11,3870.0
257.13,3160.0
257.14,2866.0
257.16,2406.0
257.18,2128.0
257.19,2060.0
257.21,2079.0
257.22,2170.0
257.24,2529.0
257.26,3148.0
257.27,3565.0
257.29,4635.0
257.31,6049.0
257.32,6894.0
257.34,8876.0
257.36,11250.0
257.37,12590.0
257.39,15550.0
257.41,18830.0
257.42,20570.0
257.44,24200.0
257.46,27920.0
257.47,29760.0
257.49,33310.0
257.51,36560.0
257.52,38020.0
257.54,40490.0
257.56,42270.0
257.57,42870.0
257.59,43440.0
257.6,43400.0
257.62,42680.0
257.64,41150.0
257.65,40100.0
257.67,37520.0
257.69,34410.0
257.7,32710.0
257.72,29130.0
257.74,25420.0
257.75,23580.0
257.77,19980.0
257.79,16600.0
257.8,15020.0
257.82,12120.0
257.84,9588.0
257.85,8468.0
257.87,6510.0
257.89,4911.0
257.9,4235.0
257.92,3107.0
257.93,2643.0
257.95,1888.0
257.97,1327.0
257.98,1106.0
258.0,760.1
258.02,517.0
258.03,425.5
258.05,288.4
258.07,198.1
258.08,166.0
258.1,121.3
258.12,95.83
258.13,88.36
258.15,81.27
258.17,82.07
258.18,84.74
258.2,93.71
258.22,106.8
258.23,114.7
258.25,133.0
258.27,154.9
258.28,167.1
258.3,194.5
258.31,209.7
258.33,243.5
258.35,282.2
258.36,303.4
258.38,350.1
258.4,402.2
258.41,430.3
258.43,490.4
258.45,555.0
258.46,588.6
258.48,657.4
258.5,726.8
258.51,761.0
258.53,826.6
258.55,886.4
258.56,913.2
258.58,958.8
258.6,991.8
258.61,1003.0
258.63,1013.0
258.65,1007.0
258.66,998.0
258.68,967.5
258.69,946.4
258.71,894.1
258.73,829.9
258.74,794.4
258.76,718.2
258.78,638.0
258.79,597.4
258.81,517.0
258.83,440.1
258.84,403.6
258.86,335.7
258.88,275.6
258.89,248.8
258.91,201.7
258.93,163.4
258.94,147.4
258.96,121.5
258.98,102.8
258.99,95.94
259.01,86.59
259.03,82.27
259.04,81.71
259.06,83.23
259.07,85.12
259.09,90.66
259.11,97.99
259.12,102.1
259.14,111.0
259.16,120.4
259.17,125.1
259.19,134.4
259.21,143.3
259.22,147.5
259.24,155.4
259.26,162.4
259.27,165.5
259.29,171.1
259.31,175.5
259.32,177.3
259.34,180.0
259.36,181.4
259.37,181.6
259.39,181.1
259.4,180.4
259.42,178.1
259.44,174.8
259.45,173.0
259.47,169.3
259.49,166.0
259.5,164.9
259.52,164.5
259.54,167.7
259.55,171.3
259.57,183.5
259.59,204.7
259.6,219.4
259.62,258.9
259.64,314.4
259.65,349.1
259.67,434.3
259.69,543.0
259.7,606.9
259.72,755.4
259.74,932.3
259.75,1031.0
259.77,1251.0
259.78,1371.0
259.8,1628.0
259.82,1905.0
259.83,2048.0
259.85,2341.0
259.87,2632.0
259.88,2774.0
259.9,3044.0
259.92,3284.0
259.93,3390.0
259.95,3566.0
259.97,3687.0
259.98,3724.0
260.0,3752.0
260.02,3714.0
260.03,3671.0
260.05,3538.0
260.07,3350.0
260.08,3238.0
260.1,2985.0
260.12,2702.0
260.13,2553.0
260.15,2248.0
260.16,2096.0
260.18,1796.0
260.2,1513.0
260.21,1379.0
260.23,1131.0
260.25,913.4
260.26,816.3
260.28,646.4
260.3,508.1
260.31,450.4
260.33,356.1
260.35,287.8
260.36,262.4
260.38,227.5
260.4,211.3
260.41,209.3
260.43,216.1
260.45,235.8
260.46,249.8
260.48,285.4
260.5,329.9
260.51,355.2
260.53,410.9
260.54,441.1
260.56,505.4
260.58,573.7
260.59,608.9
260.61,680.2
260.63,751.1
260.64,785.7
260.66,851.7
260.68,911.1
260.69,937.7
260.71,982.8
260.73,1015.0
260.74,1027.0
260.76,1038.0
260.78,1034.0
260.79,1026.0
260.81,999.5
260.83,960.3
260.84,936.7
260.86,883.4
260.88,825.4
260.89,795.8
260.91,738.4
260.92,711.7
260.94,664.8
260.96,630.0
260.97,618.2
260.99,607.6
261.01,615.9
261.02,627.6
261.04,666.0
261.06,723.9
261.07,759.6
261.09,843.0
261.11,939.6
261.12,991.5
261.14,1100.0
261.16,1210.0
261.17,1265.0
261.19,1370.0
261.21,1466.0
261.22,1510.0
261.24,1588.0
261.25,1622.0
261.27,1679.0
261.29,1724.0
261.3,1743.0
261.32,1774.0
261.34,1801.0
261.35,1814.0
261.37,1842.0
261.39,1876.0
261.4,1896.0
261.42,1943.0
261.44,2001.0
261.45,2034.0
261.47,2105.0
261.49,2182.0
261.5,2221.0
261.52,2296.0
261.54,2362.0
261.55,2391.0
261.57,2433.0
261.59,2453.0
261.6,2454.0
261.62,2434.0
261.63,2413.0
261.65,2350.0
261.67,2260.0
261.68,2206.0
261.7,2082.0
261.72,1942.0
261.73,1867.0
261.75,1712.0
261.77,1554.0
261.78,1476.0
261.8,1322.0
261.82,1177.0
261.83,1107.0
261.85,977.4
261.87,859.7
261.88,805.6
261.9,706.8
261.92,620.2
261.93,581.3
261.95,511.7
261.97,452.3
261.98,426.1
262.0,380.3
262.01,360.5
262.03,326.3
262.05,298.7
262.06,287.3
262.08,268.3
262.1,254.1
262.11,248.5
262.13,240.0
262.15,234.5
262.16,232.6
262.18,230.4
262.2,229.6
262.21,229.7
262.23,230.7
262.25,232.5
262.26,233.6
262.28,236.6
262.3,240.5
262.31,242.9
262.33,248.6
262.35,256.0
262.36,260.3
262.38,270.8
262.39,276.9
262.41,291.0
262.43,307.9
262.44,317.3
262.46,338.1
262.48,361.2
262.49,373.5
262.51,399.0
262.53,425.1
262.54,438.1
262.56,463.5
262.58,487.3
262.59,498.3
262.61,518.0
262.63,534.3
262.64,541.2
262.66,552.1
262.68,559.6
262.69,562.3
262.71,565.8
262.72,566.9
262.74,568.5
262.76,570.0
262.77,571.1
262.79,574.6
262.81,580.8
262.82,585.1
262.84,597.1
262.86,614.0
262.87,624.7
262.89,651.0
262.91,684.7
262.92,704.7
262.94,751.3
262.96,807.4
262.97,839.1
262.99,909.9
263.01,989.8
263.02,1033.0
263.04,1124.0
263.06,1219.0
263.07,1266.0
263.09,1360.0
263.1,1405.0
263.12,1488.0
263.14,1557.0
263.15,1586.0
263.17,1626.0
263.19,1644.0
263.2,1643.0
263.22,1622.0
263.24,1576.0
263.25,1544.0
263.27,1462.0
263.29,1362.0
263.3,1307.0
263.32,1187.0
263.34,1061.0
263.35,996.5
263.37,869.4
263.39,747.3
263.4,689.2
263.42,580.9
263.44,484.6
263.45,441.3
263.47,364.8
263.48,331.5
263.5,274.6
263.52,229.5
263.53,210.9
263.55,180.8
263.57,158.6
263.58,149.9
263.6,136.3
263.62,126.5
263.63,122.6
263.65,116.1
263.67,110.6
263.68,108.0
263.7,102.8
263.72,97.49
263.73,94.73
263.75,89.07
263.77,83.39
263.78,80.63
263.8,75.49
263.82,71.22
263.83,69.54
263.85,67.36
263.86,66.97
263.88,67.85
263.9,71.2
263.91,73.9
263.93,81.49
263.95,92.09
263.96,98.53
263.98,113.6
264.0,131.4
264.01,141.2
264.03,162.4
264.05,185.0
264.06,196.6
264.08,220.1
264.1,243.2
264.11,254.3
264.13,275.2
264.15,294.0
264.16,302.4
264.18,317.2
264.2,329.3
264.21,334.4
264.23,343.1
264.24,346.8
264.26,353.5
264.28,359.8
264.29,363.1
264.31,370.6
264.33,379.7
264.34,385.0
264.36,397.4
264.38,412.3
264.39,420.6
264.41,438.7
264.43,458.3
264.44,468.6
264.46,489.5
264.48,510.4
264.49,520.6
264.51,540.4
264.53,558.7
264.54,567.2
264.56,582.6
264.57,589.5
264.59,601.3
264.61,610.3
264.62,613.6
264.64,617.5
264.66,617.5
264.67,615.8
264.69,608.9
264.71,596.8
264.72,588.8
264.74,568.8
264.76,543.7
264.77,529.4
264.79,497.9
264.81,463.8
264.82,446.3
264.84,411.8
264.86,380.2
264.87,366.4
264.89,345.1
264.91,335.5
264.92,336.5
264.94,353.2
264.95,370.1
264.97,424.9
264.99,512.6
265.0,570.7
265.02,719.3
265.04,915.8
265.05,1034.0
265.07,1311.0
265.09,1646.0
265.1,1835.0
265.12,2255.0
265.14,2725.0
265.15,2977.0
265.17,3505.0
265.19,4053.0
265.2,4329.0
265.22,4872.0
265.24,5384.0
265.25,5621.0
265.27,6043.0
265.29,6381.0
265.3,6512.0
265.32,6692.0
265.33,6738.0
265.35,6739.0
265.37,6622.0
265.38,6520.0
265.4,6239.0
265.42,5865.0
265.43,5650.0
265.45,5176.0
265.47,4661.0
265.48,4395.0
265.5,3858.0
265.52,3333.0
265.53,3079.0
265.55,2597.0
265.57,2158.0
265.58,1958.0
265.6,1598.0
265.62,1293.0
265.63,1162.0
265.65,943.7
265.67,781.6
265.68,721.7
265.7,644.5
265.71,627.5
265.73,638.2
265.75,712.0
265.76,774.3
265.78,954.1
265.8,1214.0
265.81,1377.0
265.83,1774.0
265.85,2272.0
265.86,2560.0
265.88,3216.0
265.9,3978.0
265.91,4395.0
265.93,5295.0
265.95,6266.0
265.96,6769.0
265.98,7791.0
266.0,8803.0
266.01,9291.0
266.03,10210.0
266.04,10620.0
266.06,11350.0
266.08,11900.0
266.09,12090.0
266.11,12330.0
266.13,12330.0
266.14,12250.0
266.16,11910.0
266.18,11370.0
266.19,11030.0
266.21,10230.0
266.23,9320.0
266.24,8832.0
266.26,7822.0
266.28,6800.0
266.29,6296.0
266.31,5323.0
266.33,4418.0
266.34,3998.0
266.36,3229.0
266.38,2563.0
266.39,2268.0
266.41,1754.0
266.42,1534.0
266.44,1159.0
266.46,864.6
266.47,743.8
266.49,547.9
266.51,403.2
266.52,346.8
266.54,259.7
266.56,200.2
266.57,178.5
266.59,147.5
266.61,128.9
266.62,123.0
266.64,116.0
266.66,113.4
266.67,113.2
266.69,113.9
266.71,115.3
266.72,116.0
266.74,117.1
266.76,117.6
266.77,117.5
266.79,116.6
266.8,115.8
266.82,113.8
266.84,111.1
266.85,109.6
266.87,106.4
266.89,103.3
266.9,101.7
266.92,98.91
266.94,96.48
266.95,95.45
266.97,93.81
266.99,92.72
267.0,92.38
267.02,92.09
267.04,92.27
267.05,92.51
267.07,93.27
267.09,94.31
267.1,94.9
267.12,96.19
267.14,97.49
267.15,98.11
267.17,99.2
267.18,99.64
267.2,100.2
267.22,100.2
267.23,99.91
267.25,98.79
267.27,96.79
267.28,95.43
267.3,91.99
267.32,87.6
267.33,85.08
267.35,79.42
267.37,73.09
267.38,69.73
267.4,62.77
267.42,55.64
267.43,52.09
267.45,45.14
267.47,38.56
267.48,35.46
267.5,29.72
267.52,24.71
267.53,22.5
267.55,18.73
267.56,17.18
267.58,14.8
267.6,13.4
267.61,13.08
267.63,13.27
267.65,14.61
267.66,15.74
267.68,18.98
267.7,23.61
267.71,26.48
267.73,33.39
267.75,41.91
267.76,46.78
267.78,57.72
267.8,70.18
267.81,76.93
267.83,91.3
267.85,106.5
267.86,114.4
267.88,130.1
267.89,137.8
267.91,152.8
267.93,166.5
267.94,172.6
267.96,183.3
267.98,191.3
267.99,194.2
268.01,197.6
268.03,197.7
268.04,196.5
268.06,191.6
268.08,183.8
268.09,178.9
268.11,167.3
268.13,153.9
268.14,146.7
268.16,131.7
268.18,116.3
268.19,108.6
268.21,93.7
268.23,79.64
268.24,73.03
268.26,60.82
268.27,55.26
268.29,45.29
268.31,36.88
268.32,33.25
268.34,27.07
268.36,22.25
268.37,20.3
268.39,17.21
268.41,15.04
268.42,14.25
268.44,13.13
268.46,12.52
268.47,12.35
268.49,12.2
268.51,12.23
268.52,12.28
268.54,12.43
268.56,12.61
268.57,12.71
268.59,12.93
268.61,13.23
268.62,13.43
268.64,13.99
268.65,14.37
268.67,15.4
268.69,16.88
268.7,17.83
268.72,20.21
268.74,23.29
268.75,25.12
268.77,29.37
268.79,34.39
268.8,37.18
268.82,43.23
268.84,49.8
268.85,53.22
268.87,60.16
268.89,67.03
268.9,70.33
268.92,76.52
268.94,81.88
268.95,84.17
268.97,87.82
268.99,90.09
269.0,90.68
269.02,90.73
269.03,90.19
269.05,88.08
269.07,84.69
269.08,82.58
269.1,77.71
269.12,72.19
269.13,69.28
269.15,63.31
269.17,57.37
269.18,54.48
269.2,48.97
269.22,43.93
269.23,41.61
269.25,37.4
269.27,33.74
269.28,32.11
269.3,29.2
269.32,26.7
269.33,25.57
269.35,23.51
269.36,22.56
269.38,20.78
269.4,19.12
269.41,18.32
269.43,16.78
269.45,15.33
269.46,14.64
269.48,13.35
269.5,12.22
269.51,11.71
269.53,10.87
269.55,10.27
269.56,10.06
269.58,9.875
269.6,9.986
269.61,10.16
269.63,10.73
269.65,11.61
269.66,12.17
269.68,13.49
269.7,15.08
269.71,15.98
269.73,17.94
269.74,19.0
269.76,21.25
269.78,23.65
269.79,24.89
269.81,27.42
269.83,29.94
269.84,31.19
269.86,33.58
269.88,35.79
269.89,36.8
269.91,38.57
269.93,39.96
269.94,40.48
269.96,41.18
269.98,41.38
269.99,41.29
270.01,40.73
270.03,39.72
270.04,39.07
270.06,37.5
270.08,35.67
270.09,34.69
270.11,32.68
270.12,31.67
270.14,29.7
270.16,27.88
270.17,27.06
270.19,25.61
270.21,24.47
270.22,24.03
270.24,23.42
270.26,23.18
270.27,23.19
270.29,23.52
270.31,24.23
270.32,24.74
270.34,26.06
270.36,27.84
270.37,28.9
270.39,31.43
270.41,34.53
270.42,36.31
270.44,40.39
270.46,45.2
270.47,47.88
270.49,53.83
270.5,57.09
270.52,64.16
270.54,71.89
270.55,75.97
270.57,84.43
270.59,93.12
270.6,97.48
270.62,106.1
270.64,114.2
270.65,118.0
270.67,124.9
270.69,130.7
270.7,133.1
270.72,136.8
270.74,139.0
270.75,139.5
270.77,139.4
270.79,137.9
270.8,136.6
270.82,133.2
270.83,131.1
270.85,126.4
270.87,121.0
270.88,118.2
270.9,112.4
270.92,106.6
270.93,103.8
270.95,98.43
270.97,93.5
270.98,91.24
271.0,87.21
271.02,83.9
271.03,82.52
271.05,80.34
271.07,78.94
271.08,78.53
271.1,78.25
271.12,78.67
271.13,79.12
271.15,80.47
271.17,82.38
271.18,83.53
271.2,86.18
271.21,87.68
271.23,91.02
271.25,94.82
271.26,96.9
271.28,101.4
271.3,106.5
271.31,109.2
271.33,115.0
271.35,121.2
271.36,124.5
271.38,131.3
271.4,138.3
271.41,141.8
271.43,148.9
271.45,155.9
271.46,159.5
271.48,166.6
271.5,174.2
271.51,178.4
271.53,188.0
271.55,200.2
271.56,207.7
271.58,226.8
271.59,239.0
271.61,269.9
271.63,311.8
271.64,337.9
271.66,401.9
271.68,484.2
271.69,533.1
271.71,647.7
271.73,786.0
271.74,864.3
271.76,1039.0
271.78,1238.0
271.79,1345.0
271.81,1572.0
271.83,1814.0
271.84,1938.0
271.86,2188.0
271.88,2435.0
271.89,2554.0
271.91,2780.0
271.93,2982.0
271.94,3071.0
271.96,3224.0
271.97,3287.0
271.99,3380.0
272.01,3431.0
272.02,3440.0
272.04,3427.0
272.06,3374.0
272.07,3333.0
272.09,3227.0
272.11,3093.0
272.12,3017.0
272.14,2851.0
272.16,2671.0
272.17,2577.0
272.19,2386.0
272.21,2194.0
272.22,2099.0
272.24,1914.0
272.26,1738.0
272.27,1654.0
272.29,1495.0
272.31,1349.0
272.32,1282.0
272.34,1158.0
272.35,1101.0
272.37,997.3
272.39,906.4
272.4,865.2
272.42,790.6
272.44,724.9
272.45,694.9
272.47,639.7
272.49,590.0
272.5,566.8
272.52,523.5
272.54,483.7
272.55,465.0
272.57,430.2
272.59,398.6
272.6,384.1
272.62,357.8
272.64,335.0
272.65,325.0
272.67,307.6
272.68,300.1
272.7,287.6
272.72,277.9
272.73,273.9
272.75,267.2
272.77,261.9
272.78,259.5
272.8,254.9
272.82,250.1
272.83,247.5
272.85,241.7
272.87,234.9
272.88,231.1
272.9,222.8
272.92,213.6
272.93,208.8
272.95,199.0
272.97,189.3
272.98,184.6
273.0,176.1
273.02,169.1
273.03,166.4
273.05,162.9
273.06,162.2
273.08,163.5
273.1,168.7
273.11,173.0
273.13,185.2
273.15,202.8
273.16,213.6
273.18,239.7
273.2,271.7
273.21,289.9
273.23,330.5
273.25,376.3
273.26,400.9
273.28,452.8
273.3,507.5
273.31,535.3
273.33,591.2
273.35,645.9
273.36,672.3
273.38,722.2
273.4,767.2
273.41,787.6
273.43,823.5
273.44,839.0
273.46,864.9
273.48,884.3
273.49,891.8
273.51,902.9
273.53,909.8
273.54,912.0
273.56,915.0
273.58,916.9
273.59,917.8
273.61,920.2
273.63,923.9
273.64,926.4
273.66,932.7
273.68,940.8
273.69,945.5
273.71,955.7
273.73,966.8
273.74,972.5
273.76,984.0
273.78,995.0
273.79,1000.0
273.81,1010.0
273.82,1015.0
273.84,1023.0
273.86,1030.0
273.87,1033.0
273.89,1038.0
273.91,1043.0
273.92,1044.0
273.94,1047.0
273.96,1048.0
273.97,1048.0
273.99,1047.0
274.01,1045.0
274.02,1044.0
274.04,1041.0
274.06,1038.0
274.07,1037.0
274.09,1036.0
274.11,1037.0
274.12,1039.0
274.14,1046.0
274.15,1050.0
274.17,1063.0
274.19,1081.0
274.2,1091.0
274.22,1114.0
274.24,1139.0
274.25,1152.0
274.27,1177.0
274.29,1200.0
274.3,1210.0
274.32,1225.0
274.34,1234.0
274.35,1235.0
274.37,1231.0
274.39,1219.0
274.4,1211.0
274.42,1188.0
274.44,1159.0
274.45,1144.0
274.47,1111.0
274.49,1079.0
274.5,1063.0
274.52,1035.0
274.53,1023.0
274.55,1004.0
274.57,992.7
274.58,990.0
274.6,991.2
274.62,1001.0
274.63,1008.0
274.65,1029.0
274.67,1057.0
274.68,1073.0
274.7,1108.0
274.72,1148.0
274.73,1169.0
274.75,1215.0
274.77,1265.0
274.78,1292.0
274.8,1349.0
274.82,1413.0
274.83,1447.0
274.85,1522.0
274.87,1604.0
274.88,1648.0
274.9,1740.0
274.91,1788.0
274.93,1886.0
274.95,1984.0
274.96,2032.0
274.98,2123.0
275.0,2202.0
275.01,2237.0
275.03,2291.0
275.05,2323.0
275.06,2330.0
275.08,2324.0
275.1,2290.0
275.11,2263.0
275.13,2189.0
275.15,2091.0
275.16,2034.0
275.18,1906.0
275.2,1766.0
275.21,1692.0
275.23,1543.0
275.25,1396.0
275.26,1324.0
275.28,1188.0
275.29,1126.0
275.31,1012.0
275.33,917.5
275.34,877.8
275.36,814.5
275.38,772.9
275.39,760.2
275.41,750.3
275.43,759.5
275.44,770.6
275.46,804.1
275.48,850.1
275.49,876.8
275.51,935.1
275.53,996.9
275.54,1028.0
275.56,1088.0
275.58,1142.0
275.59,1165.0
275.61,1204.0
275.63,1229.0
275.64,1236.0
275.66,1237.0
275.67,1231.0
275.69,1207.0
275.71,1167.0
275.72,1142.0
275.74,1080.0
275.76,1007.0
275.77,966.9
275.79,882.2
275.81,793.6
275.82,748.8
275.84,660.1
275.86,574.7
275.87,533.9
275.89,457.4
275.91,388.9
275.92,358.0
275.94,303.0
275.96,257.5
275.97,238.2
275.99,206.5
276.0,193.9
276.02,174.8
276.04,163.0
276.05,159.5
276.07,156.9
276.09,159.0
276.1,161.5
276.12,168.7
276.14,178.0
276.15,183.1
276.17,193.6
276.19,203.6
276.2,208.2
276.22,216.2
276.24,221.9
276.25,223.8
276.27,225.5
276.29,224.3
276.3,222.6
276.32,217.0
276.34,209.0
276.35,204.1
276.37,193.1
276.38,187.1
276.4,174.5
276.42,161.5
276.43,155.0
276.45,142.6
276.47,131.3
276.48,126.2
276.5,117.4
276.52,110.5
276.53,107.9
276.55,104.5
276.57,103.5
276.58,103.9
276.6,106.3
276.62,110.9
276.63,114.0
276.65,121.2
276.67,129.9
276.68,134.6
276.7,144.4
276.72,154.5
276.73,159.4
276.75,168.8
276.76,173.1
276.78,180.8
276.8,186.8
276.81,189.1
276.83,192.0
276.85,192.8
276.86,192.4
276.88,190.0
276.9,185.6
276.91,182.8
276.93,176.2
276.95,168.4
276.96,164.3
276.98,155.8
277.0,147.3
277.01,143.2
277.03,135.5
277.05,128.7
277.06,125.7
277.08,120.6
277.1,116.8
277.11,115.4
277.13,113.4
277.14,112.8
277.16,112.3
277.18,112.4
277.19,112.6
277.21,113.1
277.23,113.5
277.24,113.6
277.26,113.2
277.28,112.1
277.29,111.3
277.31,108.8
277.33,105.3
277.34,103.3
277.36,98.59
277.38,93.3
277.39,90.51
277.41,84.8
277.43,79.18
277.44,76.49
277.46,71.57
277.47,69.4
277.49,65.79
277.51,63.37
277.52,62.65
277.54,62.32
277.56,63.54
277.57,64.75
277.59,68.42
277.61,73.75
277.62,77.03
277.64,84.81
277.66,94.14
277.67,99.36
277.69,110.8
277.71,123.6
277.72,130.4
277.74,144.8
277.76,160.1
277.77,167.9
277.79,184.1
277.81,200.4
277.82,208.6
277.84,224.9
277.85,232.9
277.87,248.3
277.89,262.9
277.9,269.7
277.92,282.3
277.94,293.2
277.95,298.0
277.97,305.9
277.99,311.4
278.0,313.3
278.02,315.2
278.04,314.4
278.05,313.1
278.07,308.7
278.09,301.9
278.1,297.7
278.12,287.8
278.14,276.4
278.15,270.1
278.17,256.9
278.19,243.1
278.2,236.0
278.22,221.9
278.23,214.8
278.25,201.0
278.27,187.8
278.28,181.4
278.3,169.3
278.32,158.0
278.33,152.7
278.35,142.7
278.37,133.6
278.38,129.4
278.4,121.7
278.42,115.0
278.43,112.1
278.45,107.3
278.47,104.0
278.48,103.2
278.5,103.2
278.52,106.0
278.53,108.6
278.55,116.7
278.57,129.2
278.58,137.3
278.6,157.4
278.61,169.6
278.63,198.3
278.65,233.0
278.66,252.5
278.68,295.5
278.7,343.3
278.71,368.6
278.73,421.3
278.75,475.1
278.76,501.9
278.78,553.8
278.8,601.8
278.81,623.6
278.83,661.5
278.85,690.4
278.86,700.9
278.88,713.7
278.9,714.8
278.91,711.0
278.93,694.6
278.95,667.6
278.96,650.5
278.98,610.2
278.99,587.5
279.01,538.1
279.03,485.4
279.04,458.4
279.06,404.8
279.08,353.0
279.09,328.4
279.11,282.7
279.13,242.8
279.14,225.5
279.16,196.7
279.18,176.7
279.19,170.3
279.21,165.4
279.23,172.2
279.24,180.4
279.26,207.2
279.28,249.6
279.29,277.1
279.31,346.1
279.32,388.0
279.34,487.4
279.36,608.8
279.37,677.9
279.39,833.1
279.41,1010.0
279.42,1106.0
279.44,1311.0
279.46,1529.0
279.47,1642.0
279.49,1871.0
279.51,2096.0
279.52,2206.0
279.54,2412.0
279.56,2594.0
279.57,2674.0
279.59,2807.0
279.61,2898.0
279.62,2927.0
279.64,2950.0
279.66,2925.0
279.67,2895.0
279.69,2803.0
279.7,2742.0
279.72,2594.0
279.74,2417.0
279.75,2319.0
279.77,2114.0
279.79,1900.0
279.8,1792.0
279.82,1580.0
279.84,1377.0
279.85,1281.0
279.87,1101.0
279.89,941.1
279.9,869.0
279.92,741.5
279.94,636.5
279.95,592.4
279.97,520.9
279.99,470.8
280.0,453.5
280.02,434.1
280.04,434.0
280.05,440.8
280.07,468.0
280.08,487.9
280.1,539.8
280.12,606.6
280.13,645.0
280.15,730.5
280.17,825.3
280.18,875.3
280.2,978.1
280.22,1082.0
280.23,1132.0
280.25,1229.0
280.27,1316.0
280.28,1355.0
280.3,1420.0
280.32,1466.0
280.33,1482.0
280.35,1497.0
280.37,1490.0
280.38,1478.0
280.4,1438.0
280.42,1380.0
280.43,1345.0
280.45,1263.0
280.46,1218.0
280.48,1122.0
280.5,1021.0
280.51,970.0
280.53,868.3
280.55,770.0
280.56,722.9
280.58,634.1
280.6,553.7
280.61,516.8
280.63,450.2
280.65,392.7
280.66,367.3
280.68,322.6
280.7,285.4
280.71,269.3
280.73,241.3
280.75,218.2
280.76,208.2
280.78,190.5
280.79,182.8
280.81,168.9
280.83,157.0
280.84,151.6
280.86,141.8
280.88,133.4
280.89,129.6
280.91,123.0
280.93,117.7
280.94,115.6
280.96,112.3
280.98,110.5
280.99,110.2
281.01,110.7
281.03,112.7
281.04,114.4
281.06,118.9
281.08,125.0
281.09,128.8
281.11,137.6
281.13,148.3
281.14,154.4
281.16,167.9
281.17,175.3
281.19,191.6
281.21,209.4
281.22,218.9
281.24,238.5
281.26,258.7
281.27,268.8
281.29,288.6
281.31,307.1
281.32,315.6
281.34,330.7
281.36,342.4
281.37,346.9
281.39,352.6
281.41,353.8
281.42,352.6
281.44,346.8
281.46,336.6
281.47,330.0
281.49,314.3
281.51,295.8
281.52,285.7
281.54,264.6
281.55,253.8
281.57,232.1
281.59,211.0
281.6,200.8
281.62,181.7
281.64,164.4
281.65,156.6
281.67,142.4
281.69,130.4
281.7,125.1
281.72,116.0
281.74,108.4
281.75,105.1
281.77,99.28
281.79,94.31
281.8,92.04
281.82,87.79
281.84,83.75
281.85,81.76
281.87,77.8
281.89,73.79
281.9,71.78
281.92,67.72
281.93,65.7
281.95,61.73
281.97,57.92
281.98,56.11
282.0,52.77
282.02,49.87
282.03,48.63
282.05,46.62
282.07,45.32
282.08,44.96
282.1,44.87
282.12,45.67
282.13,46.4
282.15,48.57
282.17,51.67
282.18,53.56
282.2,57.99
282.22,63.23
282.23,66.13
282.25,72.41
282.26,75.75
282.28,82.76
282.3,90.06
282.31,93.77
282.33,101.2
282.35,108.5
282.36,112.0
282.38,118.9
282.4,125.3
282.41,128.3
282.43,133.8
282.45,138.8
282.46,141.0
282.48,145.0
282.5,148.4
282.51,149.8
282.53,152.3
282.55,154.2
282.56,154.9
282.58,155.9
282.6,156.4
282.61,156.4
282.63,156.1
282.64,155.8
282.66,154.7
282.68,153.3
282.69,152.4
282.71,150.4
282.73,148.2
282.74,147.0
282.76,144.4
282.78,141.7
282.79,140.2
282.81,137.3
282.83,134.4
282.84,132.9
282.86,129.9
282.88,126.9
282.89,125.4
282.91,122.7
282.93,120.3
282.94,119.3
282.96,118.0
282.98,117.6
282.99,117.9
283.01,119.6
283.02,121.2
283.04,125.7
283.06,132.4
283.07,136.7
283.09,146.9
283.11,159.3
283.12,166.4
283.14,181.8
283.16,198.6
283.17,207.4
283.19,225.2
283.21,242.6
283.22,250.9
283.24,266.3
283.26,279.2
283.27,284.6
283.29,292.7
283.31,297.0
283.32,297.6
283.34,295.7
283.36,289.8
283.37,285.4
283.39,273.9
283.4,267.0
283.42,251.3
283.44,233.7
283.45,224.4
283.47,205.3
283.49,186.2
283.5,176.8
283.52,158.7
283.54,142.0
283.55,134.3
283.57,120.2
283.59,108.1
283.6,102.9
283.62,93.81
283.64,86.7
283.65,83.82
283.67,79.3
283.69,76.26
283.7,75.24
283.72,74.01
283.74,73.73
283.75,73.87
283.77,74.61
283.78,75.17
283.8,76.55
283.82,78.19
283.83,79.07
283.85,80.92
283.87,82.86
283.88,83.86
283.9,85.96
283.92,88.23
283.93,89.47
283.95,92.24
283.97,95.52
283.98,97.41
284.0,101.8
284.02,107.1
284.03,110.2
284.05,117.3
284.07,125.7
284.08,130.4
284.1,140.8
284.11,146.5
284.13,158.9
284.15,172.4
284.16,179.6
284.18,194.6
284.2,210.3
284.21,218.2
284.23,234.4
284.25,250.4
284.26,258.2
284.28,273.5
284.3,287.8
284.31,294.5
284.33,306.8
284.35,317.3
284.36,321.7
284.38,329.0
284.4,333.8
284.41,335.2
284.43,335.9
284.45,333.7
284.46,331.5
284.48,325.0
284.49,320.6
284.51,310.0
284.53,297.0
284.54,289.7
284.56,273.6
284.58,256.1
284.59,247.0
284.61,228.2
284.63,209.2
284.64,199.8
284.66,181.5
284.68,164.2
284.69,156.0
284.71,141.2
284.73,128.7
284.74,123.5
284.76,115.7
284.78,112.0
284.79,112.0
284.81,116.5
284.83,128.4
284.84,137.6
284.86,164.2
284.87,182.1
284.89,229.3
284.91,294.3
284.92,334.7
284.94,433.5
284.96,559.9
284.97,634.7
284.99,809.7
285.01,1021.0
285.02,1141.0
285.04,1411.0
285.06,1719.0
285.07,1887.0
285.09,2248.0
285.11,2637.0
285.12,2839.0
285.14,3252.0
285.16,3666.0
285.17,3869.0
285.19,4258.0
285.21,4611.0
285.22,4770.0
285.24,5042.0
285.25,5152.0
285.27,5315.0
285.29,5396.0
285.3,5403.0
285.32,5353.0
285.34,5218.0
285.35,5121.0
285.37,4872.0
285.39,4561.0
285.4,4387.0
285.42,4009.0
285.44,3605.0
285.45,3398.0
285.47,2983.0
285.49,2578.0
285.5,2382.0
285.52,2011.0
285.54,1672.0
285.55,1516.0
285.57,1232.0
285.58,1105.0
285.6,879.7
285.62,691.2
285.63,610.0
285.65,471.3
285.67,360.9
285.68,315.1
285.7,239.4
285.72,181.9
285.73,158.8
285.75,121.8
285.77,94.84
285.78,84.28
285.8,67.8
285.82,56.07
285.83,51.56
285.85,44.57
285.87,39.62
285.88,37.72
285.9,34.76
285.92,32.68
285.93,31.9
285.95,30.8
285.96,30.46
285.98,30.17
286.0,30.42
286.01,30.76
286.03,31.9
286.05,33.68
286.06,34.82
286.08,37.62
286.1,41.11
286.11,43.1
286.13,47.54
286.15,52.52
286.16,55.16
286.18,60.67
286.2,66.33
286.21,69.15
286.23,74.62
286.25,79.71
286.26,82.04
286.28,86.14
286.3,89.34
286.31,90.57
286.33,92.19
286.34,92.57
286.36,92.46
286.38,91.18
286.39,90.13
286.41,87.27
286.43,83.51
286.44,81.35
286.46,76.58
286.48,71.4
286.49,68.72
286.51,63.32
286.53,58.04
286.54,55.5
286.56,50.75
286.58,46.53
286.59,44.67
286.61,41.48
286.63,39.08
286.64,38.19
286.66,37.02
286.68,36.67
286.69,36.79
286.71,37.59
286.72,38.25
286.74,40.04
286.76,42.37
286.77,43.71
286.79,46.62
286.81,49.76
286.82,51.36
286.84,54.56
286.86,57.61
286.87,59.04
286.89,61.61
286.91,63.71
286.92,64.55
286.94,65.76
286.96,66.3
286.97,66.31
286.99,65.82
287.01,64.69
287.02,63.91
287.04,61.96
287.06,59.62
287.07,58.34
287.09,55.67
287.1,54.32
287.12,51.68
287.14,49.25
287.15,48.16
287.17,46.29
287.19,44.92
287.2,44.45
287.22,43.95
287.24,44.07
287.25,44.35
287.27,45.35
287.29,46.88
287.3,47.82
287.32,50.0
287.34,52.51
287.35,53.86
287.37,56.7
287.39,59.66
287.4,61.17
287.42,64.22
287.43,65.76
287.45,68.86
287.47,72.03
287.48,73.67
287.5,77.08
287.52,80.79
287.53,82.78
287.55,87.16
287.57,92.16
287.58,94.93
287.6,101.1
287.62,108.2
287.63,112.2
287.65,121.0
287.67,131.0
287.68,136.6
287.7,149.1
287.72,163.7
287.73,172.0
287.75,191.1
287.77,214.7
287.78,228.6
287.8,261.9
287.81,281.9
287.83,330.3
287.85,392.6
287.86,430.0
287.88,519.9
287.9,633.2
287.91,699.8
287.93,855.4
287.95,1043.0
287.96,1150.0
287.98,1391.0
288.0,1667.0
288.01,1817.0
288.03,2142.0
288.05,2493.0
288.06,2676.0
288.08,3050.0
288.1,3428.0
288.11,3614.0
288.13,3971.0
288.15,4297.0
288.16,4445.0
288.18,4701.0
288.19,4806.0
288.21,4965.0
288.23,5051.0
288.24,5065.0
288.26,5033.0
288.28,4925.0
288.29,4844.0
288.31,4633.0
288.33,4363.0
288.34,4211.0
288.36,3878.0
288.38,3520.0
288.39,3335.0
288.41,2963.0
288.43,2596.0
288.44,2417.0
288.46,2076.0
288.48,1761.0
288.49,1615.0
288.51,1346.0
288.53,1111.0
288.54,1005.0
288.56,818.1
288.57,736.0
288.59,593.0
288.61,475.7
288.62,425.7
288.64,341.0
288.66,274.3
288.67,246.7
288.69,202.0
288.71,169.2
288.72,156.8
288.74,139.2
288.76,130.6
288.77,129.6
288.79,134.0
288.81,147.4
288.82,157.6
288.84,185.6
288.86,224.6
288.87,248.6
288.89,306.4
288.9,340.5
288.92,419.7
288.94,514.1
288.95,567.2
288.97,685.1
288.99,817.8
289.0,889.3
289.02,1041.0
289.04,1202.0
289.05,1285.0
289.07,1452.0
289.09,1617.0
289.1,1697.0
289.12,1847.0
289.14,1981.0
289.15,2040.0
289.17,2139.0
289.19,2209.0
289.2,2233.0
289.22,2255.0
289.24,2243.0
289.25,2226.0
289.27,2167.0
289.28,2127.0
289.3,2029.0
289.32,1910.0
289.33,1845.0
289.35,1705.0
289.37,1559.0
289.38,1485.0
289.4,1340.0
289.42,1200.0
289.43,1133.0
289.45,1007.0
289.47,892.9
289.48,840.6
289.5,745.4
289.52,662.3
289.53,624.9
289.55,557.7
289.57,499.3
289.58,472.9
289.6,424.7
289.62,381.5
289.63,361.4
289.65,323.8
289.66,306.0
289.68,272.3
289.7,240.8
289.71,225.8
289.73,197.4
289.75,171.2
289.76,159.0
289.78,136.3
289.8,116.1
289.81,107.0
289.83,90.77
289.85,77.08
289.86,71.17
289.88,61.12
289.9,53.24
289.91,50.05
289.93,45.0
289.95,41.49
289.96,40.23
289.98,38.54
290.0,37.75
290.01,37.62
290.03,37.79
290.04,38.03
290.06,38.75
290.08,39.68
290.09,40.18
290.11,41.21
290.13,42.2
290.14,42.65
290.16,43.46
290.18,44.06
290.19,44.27
290.21,44.49
290.23,44.4
290.24,44.23
290.26,43.63
290.28,42.67
290.29,42.05
290.31,40.56
290.33,38.74
290.34,37.72
290.36,35.49
290.38,33.07
290.39,31.8
290.41,29.2
290.42,27.89
290.44,25.29
290.46,22.78
290.47,21.59
290.49,19.36
290.51,17.38
290.52,16.5
290.54,15.0
290.56,13.87
290.57,13.44
290.59,12.9
290.61,12.78
290.62,12.88
290.64,13.41
290.66,14.41
290.67,15.09
290.69,16.84
290.71,19.17
290.72,20.58
290.74,23.95
290.75,25.95
290.77,30.71
290.79,36.66
290.8,40.18
290.82,48.5
290.84,58.86
290.85,64.94
290.87,79.19
290.89,96.62
290.9,106.7
290.92,129.8
290.94,157.1
290.95,172.5
290.97,206.8
290.99,245.7
291.0,266.9
291.02,312.4
291.04,361.5
291.05,387.1
291.07,439.8
291.09,493.3
291.1,519.8
291.12,571.3
291.13,595.9
291.15,641.5
291.17,681.0
291.18,697.8
291.2,725.0
291.22,742.4
291.23,747.2
291.25,748.7
291.27,739.4
291.28,730.8
291.3,706.1
291.32,672.3
291.33,652.5
291.35,607.9
291.37,558.3
291.38,532.1
291.4,478.3
291.42,423.9
291.43,397.0
291.45,344.7
291.47,295.5
291.48,272.3
291.5,229.2
291.51,209.5
291.53,173.9
291.55,143.4
291.56,130.1
291.58,107.2
291.6,89.0
291.61,81.52
291.63,69.52
291.65,61.07
291.66,58.02
291.68,53.95
291.7,52.17
291.71,51.99
291.73,52.77
291.75,54.73
291.76,56.03
291.78,59.03
291.8,62.3
291.81,63.94
291.83,67.09
291.85,69.88
291.86,71.09
291.88,73.04
291.89,73.76
291.91,74.66
291.93,74.83
291.94,74.66
291.96,73.82
291.98,72.44
291.99,71.57
292.01,69.6
292.03,67.43
292.04,66.33
292.06,64.19
292.08,62.29
292.09,61.47
292.11,60.2
292.13,59.51
292.14,59.42
292.16,59.78
292.18,60.91
292.19,61.77
292.21,64.05
292.22,65.46
292.24,68.77
292.26,72.64
292.27,74.74
292.29,79.17
292.31,83.74
292.32,86.02
292.34,90.44
292.36,94.51
292.37,96.36
292.39,99.59
292.41,102.1
292.42,103.1
292.44,104.4
292.46,104.8
292.47,104.8
292.49,104.1
292.51,102.9
292.52,102.0
292.54,100.1
292.56,98.08
292.57,97.04
292.59,95.09
292.6,94.22
292.62,92.81
292.64,91.99
292.65,91.85
292.67,92.17
292.69,93.4
292.7,94.38
292.72,97.07
292.74,100.8
292.75,103.0
292.77,108.1
292.79,114.0
292.8,117.2
292.82,124.0
292.84,131.2
292.85,134.8
292.87,141.9
292.89,148.6
292.9,151.7
292.92,157.2
292.94,161.6
292.95,163.2
292.97,165.4
292.98,165.9
293.0,165.5
293.02,163.6
293.03,161.9
293.05,157.6
293.07,151.9
293.08,148.7
293.1,141.6
293.12,133.9
293.13,129.9
293.15,122.1
293.17,114.6
293.18,111.0
293.2,104.5
293.22,98.91
293.23,96.55
293.25,92.74
293.27,90.25
293.28,89.52
293.3,89.1
293.32,90.14
293.33,91.22
293.35,94.53
293.36,96.8
293.38,102.6
293.4,110.4
293.41,115.0
293.43,126.1
293.45,139.6
293.46,147.5
293.48,165.4
293.5,186.5
293.51,198.4
293.53,224.6
293.55,254.2
293.56,270.1
293.58,304.1
293.6,340.4
293.61,359.1
293.63,397.1
293.65,434.9
293.66,453.3
293.68,488.3
293.7,519.7
293.71,533.7
293.73,557.6
293.74,567.1
293.76,581.0
293.78,587.6
293.79,588.0
293.81,583.3
293.83,571.6
293.84,563.4
293.86,542.7
293.88,517.7
293.89,504.0
293.91,475.2
293.93,446.1
293.94,431.9
293.96,405.2
293.98,382.1
293.99,372.2
294.01,356.4
294.03,346.4
294.04,343.8
294.06,343.1
294.07,345.0
294.09,353.1
294.11,366.1
294.12,374.1
294.14,392.4
294.16,412.6
294.17,422.9
294.19,443.1
294.21,461.5
294.22,469.6
294.24,482.8
294.26,491.3
294.27,493.5
294.29,493.5
294.31,487.8
294.32,482.8
294.34,468.7
294.36,450.0
294.37,439.2
294.39,415.5
294.41,390.0
294.42,377.1
294.44,351.7
294.45,339.7
294.47,318.0
294.49,300.4
294.5,293.7
294.52,285.1
294.54,283.9
294.55,286.3
294.57,297.9
294.59,318.8
294.6,332.8
294.62,368.2
294.64,412.9
294.65,438.7
294.67,496.4
294.69,561.2
294.7,595.8
294.72,668.2
294.74,742.7
294.75,780.1
294.77,853.2
294.79,921.9
294.8,953.6
294.82,1010.0
294.83,1035.0
294.85,1074.0
294.87,1099.0
294.88,1106.0
294.9,1108.0
294.92,1094.0
294.93,1081.0
294.95,1045.0
294.97,995.5
294.98,966.6
295.0,901.9
295.02,830.2
295.03,792.7
295.05,716.0
295.07,639.6
295.08,602.3
295.1,531.1
295.12,466.1
295.13,436.4
295.15,383.9
295.17,341.0
295.18,323.4
295.2,296.2
295.21,286.6
295.23,275.2
295.25,274.0
295.26,277.1
295.28,290.0
295.3,311.2
295.31,324.7
295.33,356.7
295.35,394.7
295.36,415.5
295.38,460.4
295.4,508.8
295.41,533.9
295.43,585.7
295.45,638.6
295.46,665.2
295.48,718.4
295.5,770.8
295.51,796.5
295.53,846.2
295.54,870.0
295.56,915.2
295.58,956.1
295.59,974.6
295.61,1007.0
295.63,1033.0
295.64,1044.0
295.66,1058.0
295.68,1064.0
295.69,1063.0
295.71,1054.0
295.73,1036.0
295.74,1024.0
295.76,991.6
295.78,951.2
295.79,928.2
295.81,877.2
295.83,820.9
295.84,791.2
295.86,729.8
295.88,667.0
295.89,635.5
295.91,573.4
295.92,543.0
295.94,484.4
295.96,429.3
295.97,403.3
295.99,354.6
296.01,310.6
296.02,290.4
296.04,253.4
296.06,221.0
296.07,206.3
296.09,179.9
296.11,157.1
296.12,147.0
296.14,128.8
296.16,113.4
296.17,106.7
296.19,94.93
296.21,85.51
296.22,81.66
296.24,75.76
296.26,72.41
296.27,71.77
296.29,72.76
296.3,74.5
296.32,80.76
296.34,91.18
296.35,98.13
296.37,115.9
296.39,139.4
296.4,153.6
296.42,186.9
296.44,227.7
296.45,251.0
296.47,303.6
296.49,364.6
296.5,398.2
296.52,471.6
296.54,552.6
296.55,595.7
296.57,686.4
296.59,781.8
296.6,830.6
296.62,929.2
296.64,1027.0
296.65,1075.0
296.67,1167.0
296.68,1210.0
296.7,1290.0
296.72,1360.0
296.73,1390.0
296.75,1442.0
296.77,1480.0
296.78,1495.0
296.8,1514.0
296.82,1523.0
296.83,1524.0
296.85,1519.0
296.87,1510.0
296.88,1504.0
296.9,1492.0
296.92,1481.0
296.93,1477.0
296.95,1472.0
296.97,1472.0
296.98,1475.0
297.0,1484.0
297.01,1491.0
297.03,1508.0
297.05,1528.0
297.06,1539.0
297.08,1560.0
297.1,1581.0
297.11,1591.0
297.13,1607.0
297.15,1620.0
297.16,1624.0
297.18,1629.0
297.2,1628.0
297.21,1625.0
297.23,1617.0
297.25,1604.0
297.26,1596.0
297.28,1576.0
297.3,1552.0
297.31,1538.0
297.33,1508.0
297.35,1472.0
297.36,1453.0
297.38,1409.0
297.39,1385.0
297.41,1332.0
297.43,1273.0
297.44,1240.0
297.46,1171.0
297.48,1097.0
297.49,1058.0
297.51,976.2
297.53,892.1
297.54,849.4
297.56,763.9
297.58,679.6
297.59,638.3
297.61,558.4
297.63,483.2
297.64,447.6
297.66,381.1
297.68,321.1
297.69,293.7
297.71,244.0
297.73,201.2
297.74,182.4
297.76,149.4
297.77,135.1
297.79,111.0
297.81,92.07
297.82,84.43
297.84,72.5
297.86,64.67
297.87,62.18
297.89,59.88
297.91,60.96
297.92,62.74
297.94,68.7
297.96,77.9
297.97,83.75
297.99,98.01
298.01,115.9
298.02,126.2
298.04,150.0
298.06,178.1
298.07,193.8
298.09,228.9
298.11,269.0
298.12,291.0
298.14,338.9
298.15,364.8
298.17,420.6
298.19,481.3
298.2,513.4
298.22,580.5
298.24,650.7
298.25,686.6
298.27,759.2
298.29,831.3
298.3,866.6
298.32,934.4
298.34,996.8
298.35,1025.0
298.37,1076.0
298.39,1116.0
298.4,1131.0
298.42,1153.0
298.44,1161.0
298.45,1160.0
298.47,1148.0
298.49,1122.0
298.5,1104.0
298.52,1060.0
298.53,1035.0
298.55,976.6
298.57,911.9
298.58,877.8
298.6,807.4
298.62,736.0
298.63,700.6
298.65,631.5
298.67,566.1
298.68,535.2
298.7,477.4
298.72,425.6
298.73,402.0
298.75,359.6
298.77,323.2
298.78,307.2
298.8,279.0
298.82,255.6
298.83,245.5
298.85,227.9
298.86,220.2
298.88,206.8
298.9,195.4
298.91,190.3
298.93,181.2
298.95,173.0
298.96,169.2
298.98,162.2
299.0,155.8
299.01,152.9
299.03,147.7
299.05,143.4
299.06,141.8
299.08,139.7
299.1,139.5
299.11,140.3
299.13,144.0
299.15,151.1
299.16,156.1
299.18,169.6
299.2,188.1
299.21,199.5
299.23,226.6
299.24,242.6
299.26,279.2
299.28,322.3
299.29,346.2
299.31,398.2
299.33,455.2
299.34,485.3
299.36,547.4
299.38,611.0
299.39,642.6
299.41,704.4
299.43,762.2
299.44,788.9
299.46,836.6
299.48,875.2
299.49,890.5
299.51,912.4
299.53,921.9
299.54,922.0
299.56,912.7
299.58,891.6
299.59,876.9
299.61,840.2
299.62,818.8
299.64,770.9
299.66,718.5
299.67,691.3
299.69,636.7
299.71,583.8
299.72,558.7
299.74,512.6
299.76,473.5
299.77,457.1
299.79,431.5
299.81,416.3
299.82,412.7
299.84,414.1
299.86,426.7
299.87,437.1
299.89,465.9
299.91,504.5
299.92,527.1
299.94,578.1
299.96,635.3
299.97,665.7
299.99,728.6
300.0,760.6
300.02,824.3
300.04,885.6
300.05,914.5
300.07,967.7
300.09,1013.0
300.1,1032.0
300.12,1061.0
300.14,1079.0
300.15,1082.0
300.17,1080.0
300.19,1065.0
300.2,1053.0
300.22,1019.0
300.24,974.5
300.25,948.6
300.27,890.8
300.29,826.8
300.3,793.0
300.32,723.6
300.33,688.4
300.35,618.2
300.37,550.0
300.38,517.1
300.4,454.6
300.42,397.6
300.43,371.5
300.45,324.3
300.47,284.2
300.48,267.0
300.5,238.3
300.52,217.2
300.53,209.5
300.55,199.7
300.57,197.0
300.58,198.3
300.6,205.9
300.62,219.8
300.63,228.9
300.65,251.4
300.67,278.7
300.68,294.0
300.7,327.2
300.71,344.9
300.73,382.0
300.75,420.2
300.76,439.4
300.78,477.1
300.8,512.9
300.81,529.7
300.83,560.5
300.85,586.4
300.86,597.3
300.88,614.5
300.9,624.9
300.91,627.5
300.93,627.4
300.95,620.1
300.96,614.0
300.98,596.8
301.0,573.7
301.01,560.3
301.03,530.0
301.05,496.1
301.06,478.2
301.08,440.9
301.09,421.8
301.11,383.2
301.13,345.0
301.14,326.2
301.16,289.9
301.18,255.5
301.19,239.1
301.21,208.4
301.23,180.4
301.24,167.5
301.26,143.9
301.28,123.1
301.29,113.8
301.31,97.32
301.33,83.47
301.34,77.51
301.36,67.47
301.38,59.83
301.39,56.89
301.41,52.72
301.43,50.82
301.44,50.71
301.46,52.18
301.47,53.78
301.49,58.7
301.51,66.01
301.52,70.59
301.54,81.69
301.56,95.5
301.57,103.5
301.59,121.8
301.61,143.6
301.62,155.9
301.64,183.8
301.66,216.7
301.67,235.3
301.69,277.7
301.71,328.2
301.72,357.1
301.74,423.2
301.76,502.5
301.77,547.8
301.79,651.7
301.81,775.2
301.82,845.2
301.84,1003.0
301.85,1092.0
301.87,1289.0
301.89,1513.0
301.9,1635.0
301.92,1899.0
301.94,2187.0
301.95,2339.0
301.97,2654.0
301.99,2980.0
302.0,3144.0
302.02,3468.0
302.04,3780.0
302.05,3928.0
302.07,4201.0
302.09,4435.0
302.1,4534.0
302.12,4693.0
302.14,4792.0
302.15,4819.0
302.17,4822.0
302.18,4800.0
302.2,4708.0
302.22,4556.0
302.23,4460.0
302.25,4231.0
302.27,3964.0
302.28,3818.0
302.3,3511.0
302.32,3192.0
302.33,3031.0
302.35,2714.0
302.37,2408.0
302.38,2263.0
302.4,1990.0
302.42,1744.0
302.43,1633.0
302.45,1433.0
302.47,1265.0
302.48,1193.0
302.5,1069.0
302.52,971.7
302.53,931.5
302.55,866.1
302.56,839.8
302.58,797.3
302.6,765.2
302.61,751.9
302.63,728.6
302.65,707.4
302.66,696.9
302.68,674.9
302.7,650.7
302.71,637.5
302.73,608.9
302.75,577.2
302.76,560.5
302.78,525.6
302.8,489.5
302.81,471.4
302.83,435.6
302.85,401.4
302.86,385.0
302.88,354.5
302.9,327.3
302.91,315.1
302.93,293.4
302.94,284.0
302.96,267.8
302.98,254.9
302.99,249.5
303.01,240.6
303.03,233.5
303.04,230.5
303.06,225.0
303.08,219.9
303.09,217.3
303.11,211.8
303.13,205.5
303.14,202.0
303.16,194.2
303.18,185.4
303.19,180.6
303.21,170.3
303.23,159.2
303.24,153.5
303.26,141.8
303.28,130.2
303.29,124.4
303.31,113.4
303.32,108.1
303.34,98.52
303.36,90.34
303.37,86.91
303.39,81.58
303.41,78.63
303.42,78.17
303.44,79.51
303.46,84.16
303.47,87.84
303.49,98.12
303.51,112.5
303.52,121.3
303.54,142.1
303.56,167.3
303.57,181.5
303.59,213.0
303.61,248.1
303.62,266.9
303.64,306.3
303.65,326.7
303.67,368.2
303.69,409.8
303.7,430.1
303.72,469.1
303.74,504.7
303.75,520.9
303.77,549.0
303.79,570.9
303.8,579.2
303.82,590.2
303.84,593.5
303.85,592.3
303.87,584.3
303.89,569.3
303.9,559.5
303.92,535.8
303.94,507.8
303.95,492.6
303.97,460.5
303.99,427.5
304.0,411.0
304.02,378.7
304.03,363.2
304.05,333.9
304.07,307.4
304.08,295.4
304.1,274.0
304.12,255.9
304.13,248.1
304.15,234.8
304.17,224.2
304.18,219.8
304.2,212.4
304.22,206.4
304.23,203.9
304.25,199.3
304.27,195.2
304.28,193.2
304.3,189.3
304.32,185.5
304.33,183.7
304.35,180.2
304.37,177.4
304.38,176.4
304.4,175.3
304.41,175.4
304.43,177.5
304.45,182.4
304.46,186.1
304.48,196.7
304.5,211.9
304.51,221.4
304.53,244.5
304.55,273.4
304.56,290.0
304.58,327.8
304.6,371.3
304.61,395.0
304.63,446.0
304.65,500.8
304.66,529.3
304.68,587.3
304.7,645.3
304.71,673.7
304.73,728.3
304.75,777.9
304.76,800.3
304.78,839.1
304.79,855.1
304.81,879.3
304.83,892.3
304.84,894.4
304.86,889.5
304.88,872.8
304.89,860.1
304.91,826.8
304.93,783.9
304.94,759.3
304.96,705.2
304.98,645.9
304.99,615.0
305.01,551.8
305.03,488.4
305.04,457.1
305.06,396.5
305.08,339.3
305.09,312.4
305.11,262.3
305.13,217.6
305.14,197.4
305.16,161.2
305.17,145.2
305.19,117.3
305.21,94.56
305.22,84.95
305.24,68.98
305.26,56.95
305.27,52.26
305.29,45.26
305.31,41.12
305.32,40.03
305.34,39.63
305.36,41.51
305.37,43.28
305.39,48.51
305.41,56.07
305.42,60.78
305.44,72.22
305.46,86.62
305.47,95.05
305.49,114.6
305.5,125.8
305.52,151.4
305.54,181.6
305.55,198.4
305.57,236.0
305.59,278.7
305.6,302.1
305.62,352.7
305.64,408.4
305.65,438.0
305.67,500.3
305.69,566.3
305.7,600.4
305.72,670.0
305.74,740.4
305.75,775.6
305.77,844.6
305.79,910.8
305.8,942.3
305.82,1001.0
305.84,1053.0
305.85,1076.0
305.87,1115.0
305.88,1131.0
305.9,1154.0
305.92,1165.0
305.93,1167.0
305.95,1160.0
305.97,1142.0
305.98,1128.0
306.0,1093.0
306.02,1047.0
306.03,1021.0
306.05,962.1
306.07,897.0
306.08,862.5
306.1,791.0
306.12,717.4
306.13,680.5
306.15,607.5
306.17,537.0
306.18,503.1
306.2,439.1
306.22,380.8
306.23,354.2
306.25,306.5
306.26,285.6
306.28,249.9
306.3,222.9
306.31,212.8
306.33,199.4
306.35,195.2
306.36,196.7
306.38,206.7
306.4,226.3
306.41,239.6
306.43,273.3
306.45,316.2
306.46,340.9
306.48,396.6
306.5,459.8
306.51,493.8
306.53,566.2
306.55,642.7
306.56,681.9
306.58,760.9
306.6,838.8
306.61,876.6
306.63,948.4
306.64,981.7
306.66,1042.0
306.68,1091.0
306.69,1112.0
306.71,1142.0
306.73,1158.0
306.74,1161.0
306.76,1156.0
306.78,1136.0
306.79,1121.0
306.81,1082.0
306.83,1033.0
306.84,1005.0
306.86,944.8
306.88,880.3
306.89,847.5
306.91,782.5
306.93,720.7
306.94,691.8
306.96,639.8
306.97,617.2
306.99,580.0
307.01,555.0
307.02,547.4
307.04,542.9
307.06,553.0
307.07,563.6
307.09,595.7
307.11,642.0
307.12,670.3
307.14,736.2
307.16,813.6
307.17,856.1
307.19,947.4
307.21,1046.0
307.22,1097.0
307.24,1202.0
307.26,1308.0
307.27,1362.0
307.29,1468.0
307.31,1571.0
307.32,1621.0
307.34,1718.0
307.35,1764.0
307.37,1852.0
307.39,1933.0
307.4,1972.0
307.42,2043.0
307.44,2107.0
307.45,2136.0
307.47,2190.0
307.49,2237.0
307.5,2258.0
307.52,2296.0
307.54,2329.0
307.55,2343.0
307.57,2370.0
307.59,2396.0
307.6,2408.0
307.62,2436.0
307.64,2469.0
307.65,2490.0
307.67,2542.0
307.69,2615.0
307.7,2662.0
307.72,2786.0
307.73,2865.0
307.75,3068.0
307.77,3349.0
307.78,3525.0
307.8,3967.0
307.82,4557.0
307.83,4919.0
307.85,5806.0
307.87,6953.0
307.88,7641.0
307.9,9286.0
307.92,11340.0
307.93,12540.0
307.95,15340.0
307.97,18700.0
307.98,20610.0
308.0,24920.0
308.02,29890.0
308.03,32630.0
308.05,38580.0
308.07,45130.0
308.08,48610.0
308.1,55880.0
308.11,59640.0
308.13,67310.0
308.15,74980.0
308.16,78760.0
308.18,86030.0
308.2,92720.0
308.21,95770.0
308.23,101100.0
308.25,105400.0
308.26,107000.0
308.28,109200.0
308.3,109900.0
308.31,109700.0
308.33,108100.0
308.35,105100.0
308.36,103100.0
308.38,98120.0
308.4,92120.0
308.41,88800.0
308.43,81660.0
308.44,77900.0
308.46,70160.0
308.48,62330.0
308.49,58460.0
308.51,50890.0
308.53,43730.0
308.54,40340.0
308.56,34010.0
308.58,28340.0
308.59,25770.0
308.61,21150.0
308.63,17220.0
308.64,15510.0
308.66,12570.0
308.68,10200.0
308.69,9222.0
308.71,7620.0
308.73,6444.0
308.74,5998.0
308.76,5356.0
308.78,5012.0
308.79,4943.0
308.81,4998.0
308.82,5122.0
308.84,5566.0
308.86,6297.0
308.87,6784.0
308.89,8039.0
308.91,9735.0
308.92,10780.0
308.94,13330.0
308.96,16590.0
308.97,18540.0
308.99,23140.0
309.01,28810.0
309.02,32080.0
309.04,39560.0
309.06,48390.0
309.07,53320.0
309.09,64230.0
309.11,76500.0
309.12,83110.0
309.14,97190.0
309.16,112200.0
309.17,120000.0
309.19,135800.0
309.2,143800.0
309.22,159500.0
309.24,174600.0
309.25,181700.0
309.27,194900.0
309.29,206100.0
309.3,210800.0
309.32,218400.0
309.34,223100.0
309.35,224300.0
309.37,224400.0
309.39,221500.0
309.4,218900.0
309.42,211500.0
309.44,201600.0
309.45,195700.0
309.47,182700.0
309.49,168200.0
309.5,160500.0
309.52,144700.0
309.54,128600.0
309.55,120700.0
309.57,105100.0
309.58,97530.0
309.6,83180.0
309.62,69970.0
309.63,63840.0
309.65,52610.0
309.67,42760.0
309.68,38360.0
309.7,30550.0
309.72,24020.0
309.73,21190.0
309.75,16340.0
309.77,12450.0
309.78,10820.0
309.8,8108.0
309.82,6021.0
309.83,5174.0
309.85,3808.0
309.87,2799.0
309.88,2403.0
309.9,1785.0
309.92,1349.0
309.93,1184.0
309.95,936.2
309.96,845.0
309.98,711.6
310.0,626.7
310.01,597.3
310.03,557.0
310.05,533.6
310.06,526.1
310.08,516.0
310.1,509.6
310.11,506.9
310.13,501.6
310.15,495.3
310.16,491.7
310.18,483.4
310.2,473.8
310.21,468.6
310.23,458.0
310.25,447.4
310.26,442.4
310.28,433.2
310.29,429.2
310.31,422.7
310.33,418.7
310.34,417.6
310.36,417.6
310.38,420.4
310.39,422.7
310.41,429.2
310.43,437.7
310.44,442.5
310.46,453.0
310.48,464.1
310.49,469.6
310.51,480.2
310.53,489.7
310.54,493.8
310.56,500.4
310.58,504.3
310.59,505.2
310.61,504.4
310.63,500.1
310.64,496.5
310.66,486.6
310.67,480.3
310.69,465.0
310.71,446.3
310.72,435.8
310.74,412.8
310.76,387.5
310.77,374.3
310.79,346.8
310.81,318.6
310.82,304.4
310.84,276.5
310.86,249.4
310.87,236.4
310.89,211.7
310.91,189.1
310.92,178.7
310.94,159.8
310.96,143.4
310.97,136.3
310.99,123.9
311.01,114.0
311.02,109.9
311.04,103.2
311.05,100.6
311.07,96.56
311.09,93.84
311.1,92.87
311.12,91.5
311.14,90.63
311.15,90.29
311.17,89.64
311.19,88.86
311.2,88.37
311.22,87.09
311.24,85.35
311.25,84.29
311.27,81.8
311.29,78.83
311.3,77.18
311.32,73.64
311.34,69.86
311.35,67.93
311.37,64.08
311.39,60.39
311.4,58.67
311.42,55.59
311.43,54.28
311.45,52.24
311.47,51.11
311.48,50.95
311.5,51.54
311.52,53.46
311.53,54.96
311.55,59.11
311.57,64.85
311.58,68.34
311.6,76.56
311.62,86.43
311.63,91.96
311.65,104.2
311.67,117.7
311.68,125.0
311.7,140.3
311.72,156.5
311.73,164.8
311.75,181.6
311.76,190.0
311.78,206.7
311.8,222.9
311.81,230.6
311.83,245.2
311.85,258.3
311.86,264.2
311.88,274.5
311.9,282.6
311.91,285.8
311.93,290.3
311.95,292.3
311.96,292.3
311.98,290.5
312.0,286.1
312.01,283.0
312.03,275.2
312.05,265.4
312.06,259.8
312.08,247.4
312.1,233.6
312.11,226.4
312.13,211.2
312.14,203.4
312.16,187.5
312.18,171.6
312.19,163.7
312.21,148.1
312.23,133.2
312.24,126.0
312.26,112.3
312.28,99.69
312.29,93.79
312.31,82.92
312.33,73.32
312.34,68.99
312.36,61.32
312.38,54.92
312.39,52.18
312.41,47.59
312.43,44.12
312.44,42.78
312.46,40.8
312.48,39.68
312.49,39.4
312.51,39.33
312.52,39.51
312.54,40.21
312.56,41.26
312.57,41.88
312.59,43.26
312.61,44.73
312.62,45.49
312.64,46.98
312.66,48.44
312.67,49.15
312.69,50.53
312.71,51.9
312.72,52.59
312.74,54.03
312.76,55.61
312.77,56.49
312.79,58.47
312.81,60.84
312.82,62.21
312.84,65.35
312.86,69.11
312.87,71.25
312.89,76.04
312.9,78.7
312.92,84.55
312.94,91.04
312.95,94.51
312.97,101.8
312.99,109.4
313.0,113.3
313.02,121.1
313.04,128.7
313.05,132.3
313.07,139.1
313.09,145.0
313.1,147.6
313.12,151.8
313.14,154.6
313.15,155.5
313.17,156.0
313.19,154.9
313.2,153.7
313.22,150.2
313.24,145.3
313.25,142.3
313.27,135.5
313.28,131.7
313.3,123.5
313.32,114.7
313.33,110.1
313.35,100.9
313.37,91.58
313.38,87.0
313.4,78.07
313.42,69.57
313.43,65.51
313.45,57.83
313.47,50.79
313.48,47.51
313.5,41.45
313.52,36.03
313.53,33.55
313.55,29.04
313.57,25.07
313.58,23.28
313.6,20.03
313.61,18.57
313.63,15.92
313.65,13.62
313.66,12.59
313.68,10.73
313.7,9.118
313.71,8.397
313.73,7.109
313.75,6.008
313.76,5.522
313.78,4.671
313.8,3.971
313.81,3.675
313.83,3.187
313.85,2.838
313.86,2.715
313.88,2.577
313.9,2.59
313.91,2.658
313.93,2.928
313.95,3.4
313.96,3.722
313.98,4.562
313.99,5.093
314.01,6.406
314.03,8.107
314.04,9.123
314.06,11.53
314.08,14.51
314.09,16.23
314.11,20.19
314.13,24.89
314.14,27.54
314.16,33.47
314.18,40.24
314.19,43.95
314.21,51.98
314.23,60.79
314.24,65.46
314.26,75.24
314.28,85.49
314.29,90.72
314.31,101.3
314.33,111.7
314.34,116.8
314.36,126.5
314.37,131.1
314.39,139.6
314.41,147.0
314.42,150.1
314.44,155.4
314.46,159.2
314.47,160.5
314.49,162.1
314.51,162.2
314.52,161.8
314.54,160.1
314.56,157.6
314.57,156.1
314.59,152.8
314.61,149.4
314.62,147.8
314.64,144.8
314.66,142.3
314.67,141.3
314.69,139.9
314.71,139.3
314.72,139.3
314.74,139.8
314.75,140.3
314.77,141.6
314.79,143.2
314.8,144.1
314.82,145.7
314.84,147.0
314.85,147.5
314.87,148.0
314.89,147.9
314.9,147.6
314.92,146.5
314.94,144.9
314.95,143.9
314.97,141.8
314.99,139.6
315.0,138.6
315.02,136.9
315.04,136.0
315.05,135.9
315.07,136.6
315.08,137.5
315.1,140.3
315.12,144.7
315.13,147.5
315.15,154.4
315.17,162.8
315.18,167.6
315.2,178.1
315.22,189.7
315.23,195.8
315.25,208.5
315.27,221.6
315.28,228.2
315.3,241.4
315.32,254.2
315.33,260.4
315.35,272.3
315.37,283.3
315.38,288.5
315.4,298.0
315.42,306.5
315.43,310.2
315.45,316.9
315.46,319.8
315.48,324.6
315.5,328.2
315.51,329.6
315.53,331.4
315.55,332.1
315.56,332.0
315.58,331.0
315.6,329.0
315.61,327.6
315.63,324.3
315.65,320.2
315.66,318.0
315.68,313.3
315.7,308.5
315.71,306.1
315.73,301.8
315.75,298.2
315.76,296.9
315.78,295.5
315.8,296.3
315.81,297.6
315.83,302.8
315.84,306.7
315.86,317.7
315.88,333.6
315.89,343.5
315.91,367.8
315.93,398.6
315.94,416.6
315.96,457.9
315.98,506.7
315.99,533.8
316.01,593.7
316.03,660.5
316.04,696.3
316.06,772.2
316.08,852.6
316.09,894.1
316.11,978.3
316.13,1063.0
316.14,1104.0
316.16,1184.0
316.18,1259.0
316.19,1293.0
316.21,1354.0
316.22,1380.0
316.24,1423.0
316.26,1452.0
316.27,1460.0
316.29,1466.0
316.31,1455.0
316.32,1444.0
316.34,1410.0
316.36,1361.0
316.37,1332.0
316.39,1265.0
316.41,1189.0
316.42,1149.0
316.44,1064.0
316.46,976.6
316.47,932.9
316.49,847.3
316.51,766.2
316.52,728.1
316.54,658.0
316.56,597.8
316.57,571.9
316.59,529.1
316.6,512.5
316.62,489.2
316.64,479.2
316.65,479.2
316.67,488.7
316.69,510.4
316.7,525.4
316.72,562.8
316.74,608.7
316.75,634.1
316.77,688.6
316.79,746.0
316.8,775.1
316.82,832.1
316.84,885.7
316.85,910.5
316.87,954.6
316.89,989.9
316.9,1004.0
316.92,1023.0
316.93,1028.0
316.95,1029.0
316.97,1017.0
316.98,1007.0
317.0,978.0
317.02,938.5
317.03,915.3
317.05,863.0
317.07,804.4
317.08,773.4
317.1,709.1
317.12,643.4
317.13,610.5
317.15,545.7
317.17,483.4
317.18,453.5
317.2,396.7
317.22,344.6
317.23,320.5
317.25,275.9
317.27,236.6
317.28,218.8
317.3,186.9
317.31,172.7
317.33,147.5
317.35,126.3
317.36,117.1
317.38,101.1
317.4,88.11
317.41,82.6
317.43,73.35
317.45,66.2
317.46,63.32
317.48,58.82
317.5,55.81
317.51,54.8
317.53,53.7
317.55,53.72
317.56,54.12
317.58,55.67
317.6,58.19
317.61,59.81
317.63,63.8
317.65,68.81
317.66,71.72
317.68,78.39
317.69,82.18
317.71,90.68
317.73,100.5
317.74,105.9
317.76,117.8
317.78,131.0
317.79,138.1
317.81,153.2
317.83,169.3
317.84,177.7
317.86,194.9
317.88,212.5
317.89,221.2
317.91,238.5
317.93,255.0
317.94,262.8
317.96,277.2
317.98,289.8
317.99,295.2
318.01,304.2
318.03,310.5
318.04,312.6
318.06,314.5
318.07,314.3
318.09,311.9
318.11,306.7
318.12,303.2
318.14,294.5
318.16,283.9
318.17,278.1
318.19,265.8
318.21,252.9
318.22,246.4
318.24,233.7
318.26,222.0
318.27,216.7
318.29,207.5
318.31,200.5
318.32,198.1
318.34,195.6
318.36,196.7
318.37,198.7
318.39,205.8
318.4,210.9
318.42,224.7
318.44,243.1
318.45,254.1
318.47,279.4
318.49,309.1
318.5,325.5
318.52,360.9
318.54,399.3
318.55,419.3
318.57,460.5
318.59,502.3
318.6,523.1
318.62,563.5
318.64,601.6
318.65,619.4
318.67,651.9
318.69,679.7
318.7,691.6
318.72,711.4
318.74,725.6
318.75,730.8
318.77,737.6
318.78,739.5
318.8,741.0
318.82,740.7
318.83,740.5
318.85,740.8
318.87,743.9
318.88,747.1
318.9,757.9
318.92,775.8
318.93,787.9
318.95,819.0
318.97,859.8
318.98,883.9
319.0,939.5
319.02,1004.0
319.03,1039.0
319.05,1115.0
319.07,1195.0
319.08,1237.0
319.1,1320.0
319.12,1402.0
319.13,1442.0
319.15,1516.0
319.16,1550.0
319.18,1611.0
319.2,1661.0
319.21,1681.0
319.23,1710.0
319.25,1725.0
319.26,1727.0
319.28,1721.0
319.3,1702.0
319.31,1689.0
319.33,1653.0
319.35,1610.0
319.36,1586.0
319.38,1535.0
319.4,1481.0
319.41,1455.0
319.43,1403.0
319.45,1354.0
319.46,1331.0
319.48,1290.0
319.5,1254.0
319.51,1238.0
319.53,1212.0
319.54,1200.0
319.56,1182.0
319.58,1168.0
319.59,1162.0
319.61,1152.0
319.63,1145.0
319.64,1143.0
319.66,1138.0
319.68,1136.0
319.69,1135.0
319.71,1136.0
319.73,1139.0
319.74,1143.0
319.76,1154.0
319.78,1172.0
319.79,1184.0
319.81,1214.0
319.83,1254.0
319.84,1278.0
319.86,1334.0
319.88,1400.0
319.89,1437.0
319.91,1517.0
319.92,1560.0
319.94,1651.0
319.96,1746.0
319.97,1794.0
319.99,1890.0
320.01,1983.0
320.02,2028.0
320.04,2111.0
320.06,2185.0
320.07,2218.0
320.09,2275.0
320.11,2319.0
320.12,2336.0
320.14,2361.0
320.16,2372.0
320.17,2374.0
320.19,2368.0
320.21,2353.0
320.22,2342.0
320.24,2313.0
320.25,2297.0
320.27,2258.0
320.29,2214.0
320.3,2190.0
320.32,2137.0
320.34,2079.0
320.35,2047.0
320.37,1980.0
320.39,1907.0
320.4,1868.0
320.42,1785.0
320.44,1696.0
320.45,1650.0
320.47,1552.0
320.49,1451.0
320.5,1398.0
320.52,1292.0
320.54,1184.0
320.55,1130.0
320.57,1024.0
320.59,919.7
320.6,869.2
320.62,772.0
320.63,725.6
320.65,637.7
320.67,557.0
320.68,519.5
320.7,450.5
320.72,389.4
320.73,361.7
320.75,312.2
320.77,269.9
320.78,251.3
320.8,219.0
320.82,192.6
320.83,181.4
320.85,162.7
320.87,148.5
320.88,142.9
320.9,134.4
320.92,129.3
320.93,127.8
320.95,126.9
320.97,128.4
320.98,130.0
321.0,134.7
321.01,137.9
321.03,145.5
321.05,154.8
321.06,160.1
321.08,171.9
321.1,185.3
321.11,192.6
321.13,208.4
321.15,225.9
321.16,235.4
321.18,255.8
321.2,278.5
321.21,290.8
321.23,317.6
321.25,347.6
321.26,364.0
321.28,399.9
321.3,440.7
321.31,463.2
321.33,512.7
321.35,569.1
321.36,600.2
321.38,668.7
321.39,706.3
321.41,788.8
321.43,881.7
321.44,932.2
321.46,1041.0
321.48,1162.0
321.49,1226.0
321.51,1363.0
321.53,1509.0
321.54,1585.0
321.56,1743.0
321.58,1904.0
321.59,1986.0
321.61,2148.0
321.63,2306.0
321.64,2382.0
321.66,2526.0
321.68,2655.0
321.69,2712.0
321.71,2811.0
321.72,2852.0
321.74,2914.0
321.76,2947.0
321.77,2953.0
321.79,2944.0
321.81,2905.0
321.82,2875.0
321.84,2796.0
321.86,2694.0
321.87,2635.0
321.89,2505.0
321.91,2363.0
321.92,2288.0
321.94,2135.0
321.96,1982.0
321.97,1906.0
321.99,1760.0
322.01,1624.0
322.02,1560.0
322.04,1445.0
322.06,1346.0
322.07,1303.0
322.09,1231.0
322.1,1202.0
322.12,1158.0
322.14,1132.0
322.15,1125.0
322.17,1123.0
322.19,1134.0
322.2,1145.0
322.22,1172.0
322.24,1207.0
322.25,1227.0
322.27,1268.0
322.29,1310.0
322.3,1331.0
322.32,1370.0
322.34,1404.0
322.35,1419.0
322.37,1444.0
322.39,1461.0
322.4,1467.0
322.42,1472.0
322.44,1470.0
322.45,1466.0
322.47,1452.0
322.48,1443.0
322.5,1422.0
322.52,1397.0
322.53,1383.0
322.55,1355.0
322.57,1327.0
322.58,1313.0
322.6,1288.0
322.62,1267.0
322.63,1258.0
322.65,1245.0
322.67,1240.0
322.68,1240.0
322.7,1246.0
322.72,1263.0
322.73,1274.0
322.75,1306.0
322.77,1348.0
322.78,1372.0
322.8,1430.0
322.82,1497.0
322.83,1533.0
322.85,1613.0
322.86,1656.0
322.88,1745.0
322.9,1839.0
322.91,1886.0
322.93,1983.0
322.95,2078.0
322.96,2124.0
322.98,2214.0
323.0,2299.0
323.01,2339.0
323.03,2413.0
323.05,2479.0
323.06,2510.0
323.08,2567.0
323.1,2619.0
323.11,2645.0
323.13,2695.0
323.15,2749.0
323.16,2779.0
323.18,2846.0
323.19,2885.0
323.21,2975.0
323.23,3088.0
323.24,3154.0
323.26,3306.0
323.28,3489.0
323.29,3592.0
323.31,3823.0
323.33,4085.0
323.34,4227.0
323.36,4531.0
323.38,4858.0
323.39,5028.0
323.41,5377.0
323.43,5730.0
323.44,5906.0
323.46,6251.0
323.48,6579.0
323.49,6735.0
323.51,7023.0
323.53,7275.0
323.54,7386.0
323.56,7575.0
323.57,7652.0
323.59,7771.0
323.61,7841.0
323.62,7858.0
323.64,7858.0
323.66,7814.0
323.67,7777.0
323.69,7676.0
323.71,7544.0
323.72,7468.0
323.74,7300.0
323.76,7115.0
323.77,7019.0
323.79,6821.0
323.81,6621.0
323.82,6521.0
323.84,6328.0
323.86,6143.0
323.87,6056.0
323.89,5892.0
323.91,5745.0
323.92,5678.0
323.94,5561.0
323.95,5510.0
323.97,5425.0
323.99,5362.0
324.0,5339.0
324.02,5310.0
324.04,5304.0
324.05,5308.0
324.07,5332.0
324.09,5374.0
324.1,5400.0
324.12,5462.0
324.14,5531.0
324.15,5567.0
324.17,5637.0
324.19,5701.0
324.2,5727.0
324.22,5767.0
324.24,5782.0
324.25,5778.0
324.27,5746.0
324.29,5676.0
324.3,5626.0
324.32,5494.0
324.33,5412.0
324.35,5217.0
324.37,4983.0
324.38,4852.0
324.4,4567.0
324.42,4256.0
324.43,4093.0
324.45,3756.0
324.47,3412.0
324.48,3240.0
324.5,2900.0
324.52,2572.0
324.53,2415.0
324.55,2117.0
324.57,1845.0
324.58,1720.0
324.6,1492.0
324.62,1298.0
324.63,1213.0
324.65,1067.0
324.67,951.9
324.68,905.8
324.7,834.5
324.71,808.6
324.73,774.5
324.75,761.1
324.76,761.0
324.78,772.1
324.8,795.3
324.81,810.3
324.83,845.3
324.85,884.4
324.86,904.8
324.88,945.6
324.9,985.1
324.91,1004.0
324.93,1039.0
324.95,1071.0
324.96,1086.0
324.98,1113.0
325.0,1137.0
325.01,1149.0
325.03,1172.0
325.04,1184.0
325.06,1208.0
325.08,1236.0
325.09,1252.0
325.11,1287.0
325.13,1327.0
325.14,1350.0
325.16,1400.0
325.18,1455.0
325.19,1485.0
325.21,1548.0
325.23,1613.0
325.24,1647.0
325.26,1712.0
325.28,1776.0
325.29,1805.0
325.31,1860.0
325.33,1905.0
325.34,1924.0
325.36,1952.0
325.38,1967.0
325.39,1969.0
325.41,1961.0
325.42,1951.0
325.44,1919.0
325.46,1872.0
325.47,1843.0
325.49,1775.0
325.51,1694.0
325.52,1649.0
325.54,1553.0
325.56,1449.0
325.57,1395.0
325.59,1284.0
325.61,1171.0
325.62,1115.0
325.64,1003.0
325.66,895.5
325.67,843.3
325.69,743.7
325.71,651.5
325.72,608.4
325.74,529.1
325.76,459.4
325.77,428.3
325.79,373.9
325.8,350.6
325.82,311.9
325.84,283.8
325.85,273.7
325.87,261.3
325.89,259.2
325.9,261.8
325.92,274.5
325.94,296.7
325.95,311.2
325.97,346.7
325.99,390.2
326.0,414.7
326.02,468.7
326.04,528.4
326.05,560.0
326.07,625.7
326.09,693.7
326.1,728.0
326.12,796.2
326.14,862.4
326.15,894.2
326.17,954.4
326.18,982.4
326.2,1033.0
326.22,1077.0
326.23,1095.0
326.25,1126.0
326.27,1148.0
326.28,1156.0
326.3,1165.0
326.32,1167.0
326.33,1165.0
326.35,1156.0
326.37,1141.0
326.38,1132.0
326.4,1110.0
326.42,1086.0
326.43,1072.0
326.45,1044.0
326.47,1013.0
326.48,997.1
326.5,964.1
326.51,947.0
326.53,911.5
326.55,874.2
326.56,854.9
326.58,814.8
326.6,772.6
326.61,750.8
326.63,705.8
326.65,659.1
326.66,635.2
326.68,586.9
326.7,538.2
326.71,513.9
326.73,466.0
326.75,419.6
326.76,397.3
326.78,354.7
326.8,315.5
326.81,297.5
326.83,264.7
326.85,236.9
326.86,225.0
326.88,205.4
326.89,197.7
326.91,186.6
326.93,181.4
326.94,180.9
326.96,184.2
326.98,192.8
326.99,199.0
327.01,214.9
327.03,235.0
327.04,246.4
327.06,271.4
327.08,298.8
327.09,313.1
327.11,342.3
327.13,371.5
327.14,385.7
327.16,412.9
327.18,437.6
327.19,448.8
327.21,468.1
327.23,482.9
327.24,488.5
327.26,495.6
327.27,497.1
327.29,496.0
327.31,489.5
327.32,484.4
327.34,470.5
327.36,452.4
327.37,442.0
327.39,419.0
327.41,394.0
327.42,381.1
327.44,354.9
327.46,329.1
327.47,316.6
327.49,293.3
327.51,272.6
327.52,263.5
327.54,248.1
327.56,237.0
327.57,233.2
327.59,229.2
327.61,230.3
327.62,232.7
327.64,241.3
327.65,247.5
327.67,263.6
327.69,284.2
327.7,296.1
327.72,322.9
327.74,353.1
327.75,369.4
327.77,403.6
327.79,439.5
327.8,457.9
327.82,495.0
327.84,531.9
327.85,550.0
327.87,585.2
327.89,618.2
327.9,633.8
327.92,662.7
327.94,688.3
327.95,699.7
327.97,719.9
327.99,736.3
328.0,743.2
328.02,754.3
328.03,758.5
328.05,764.8
328.07,768.1
328.08,768.8
328.1,768.4
328.12,765.8
328.13,763.7
328.15,758.1
328.17,750.6
328.18,746.2
328.2,735.8
328.22,723.5
328.23,716.5
328.25,701.0
328.27,683.4
328.28,673.8
328.3,653.5
328.32,631.8
328.33,620.7
328.35,598.6
328.36,588.0
328.38,568.3
328.4,552.7
328.41,547.0
328.43,542.0
328.45,548.0
328.46,556.4
328.48,586.6
328.5,639.2
328.51,675.6
328.53,772.7
328.55,908.1
328.56,992.5
328.58,1200.0
328.6,1466.0
328.61,1624.0
328.63,1996.0
328.65,2448.0
328.66,2707.0
328.68,3295.0
328.7,3981.0
328.71,4362.0
328.73,5199.0
328.74,5656.0
328.76,6642.0
328.78,7717.0
328.79,8284.0
328.81,9467.0
328.83,10700.0
328.84,11320.0
328.86,12580.0
328.88,13810.0
328.89,14400.0
328.91,15540.0
328.93,16560.0
328.94,17030.0
328.96,17830.0
328.98,18450.0
328.99,18680.0
329.01,18990.0
329.03,19070.0
329.04,19020.0
329.06,18760.0
329.08,18280.0
329.09,17960.0
329.11,17180.0
329.12,16730.0
329.14,15720.0
329.16,14590.0
329.17,14000.0
329.19,12760.0
329.21,11490.0
329.22,10850.0
329.24,9600.0
329.26,8389.0
329.27,7806.0
329.29,6700.0
329.31,5682.0
329.32,5209.0
329.34,4339.0
329.36,3573.0
329.37,3227.0
329.39,2611.0
329.41,2088.0
329.42,1859.0
329.44,1462.0
329.46,1137.0
329.47,998.4
329.49,764.0
329.5,665.7
329.52,501.7
329.54,374.6
329.55,322.6
329.57,237.9
329.59,174.3
329.6,148.9
329.62,108.5
329.64,79.14
329.65,67.72
329.67,50.0
329.69,37.59
329.7,32.92
329.72,25.91
329.74,21.28
329.75,19.62
329.77,17.29
329.79,15.92
329.8,15.49
329.82,14.98
329.83,14.86
329.85,14.76
329.87,14.78
329.88,14.81
329.9,14.87
329.92,14.88
329.93,14.86
329.95,14.78
329.97,14.63
329.98,14.52
330.0,14.28
330.02,14.0
330.03,13.86
330.05,13.57
330.07,13.32
330.08,13.22
330.1,13.08
330.12,13.07
330.13,13.13
330.15,13.39
330.17,13.89
330.18,14.25
330.2,15.23
330.21,15.87
330.23,17.5
330.25,19.66
330.26,20.98
330.28,24.16
330.3,28.17
330.31,30.53
330.33,36.03
330.35,42.7
330.36,46.51
330.38,55.18
330.4,65.32
330.41,70.98
330.43,83.48
330.45,97.6
330.46,105.3
330.48,121.7
330.5,139.6
330.51,149.1
330.53,168.8
330.55,189.4
330.56,199.9
330.58,221.2
330.59,231.8
330.61,253.0
330.63,273.5
330.64,283.5
330.66,302.4
330.68,319.9
330.69,328.0
330.71,342.7
330.73,355.4
330.74,361.0
330.76,370.6
330.78,378.3
330.79,381.4
330.81,386.4
330.83,390.1
330.84,391.5
330.86,393.8
330.88,395.7
330.89,396.7
330.91,399.1
330.93,402.4
330.94,404.5
330.96,410.1
330.97,413.6
330.99,422.4
331.01,433.8
331.02,440.6
331.04,456.3
331.06,474.9
331.07,485.3
331.09,508.2
331.11,533.5
331.12,547.0
331.14,575.0
331.16,604.0
331.17,618.6
331.19,647.5
331.21,675.0
331.22,688.0
331.24,711.8
331.26,731.9
331.27,740.3
331.29,753.3
331.31,760.9
331.32,762.5
331.34,761.2
331.35,758.3
331.37,748.2
331.39,732.4
331.4,722.5
331.42,699.4
331.44,672.3
331.45,657.6
331.47,626.2
331.49,593.2
331.5,576.4
331.52,542.6
331.54,509.5
331.55,493.3
331.57,462.3
331.59,433.5
331.6,420.0
331.62,395.1
331.64,373.1
331.65,363.2
331.67,345.6
331.68,337.9
331.7,324.5
331.72,313.8
331.73,309.3
331.75,302.0
331.77,296.7
331.78,294.8
331.8,292.2
331.82,291.2
331.83,291.3
331.85,292.8
331.87,296.2
331.88,298.6
331.9,305.2
331.92,314.6
331.93,320.5
331.95,335.2
331.97,354.4
331.98,365.9
332.0,393.3
332.02,427.3
332.03,446.9
332.05,491.8
332.06,517.3
332.08,574.3
332.1,639.5
332.11,675.0
332.13,751.7
332.15,835.1
332.16,878.9
332.18,969.8
332.2,1063.0
332.21,1110.0
332.23,1204.0
332.25,1293.0
332.26,1336.0
332.28,1416.0
332.3,1486.0
332.31,1516.0
332.33,1567.0
332.35,1603.0
332.36,1615.0
332.38,1626.0
332.4,1620.0
332.41,1610.0
332.43,1580.0
332.44,1559.0
332.46,1507.0
332.48,1443.0
332.49,1407.0
332.51,1330.0
332.53,1248.0
332.54,1205.0
332.56,1120.0
332.58,1037.0
332.59,997.0
332.61,921.3
332.63,853.2
332.64,822.6
332.66,769.1
332.68,726.8
332.69,710.1
332.71,685.6
332.73,673.3
332.74,671.6
332.76,676.7
332.78,692.5
332.79,704.2
332.81,734.0
332.82,751.8
332.84,792.3
332.86,837.8
332.87,861.9
332.89,911.5
332.91,961.3
332.92,985.7
332.94,1032.0
332.96,1075.0
332.97,1094.0
332.99,1127.0
333.01,1152.0
333.02,1162.0
333.04,1175.0
333.06,1178.0
333.07,1177.0
333.09,1167.0
333.11,1150.0
333.12,1139.0
333.14,1111.0
333.15,1095.0
333.17,1061.0
333.19,1023.0
333.2,1003.0
333.22,964.2
333.24,925.8
333.25,907.3
333.27,872.5
333.29,841.4
333.3,827.5
333.32,803.6
333.34,785.0
333.35,777.8
333.37,767.6
333.39,762.7
333.4,762.2
333.42,764.5
333.44,770.6
333.45,774.8
333.47,784.9
333.49,796.3
333.5,802.1
333.52,813.1
333.53,818.1
333.55,826.2
333.57,831.2
333.58,832.3
333.6,831.3
333.62,825.7
333.63,821.3
333.65,809.1
333.67,793.2
333.68,784.0
333.7,764.2
333.72,743.5
333.73,733.3
333.75,714.5
333.77,699.7
333.78,694.4
333.8,689.5
333.82,694.2
333.83,700.8
333.85,723.9
333.87,761.8
333.88,786.8
333.9,850.0
333.91,888.5
333.93,979.6
333.95,1090.0
333.96,1152.0
333.98,1290.0
334.0,1446.0
334.01,1530.0
334.03,1707.0
334.05,1896.0
334.06,1993.0
334.08,2191.0
334.1,2389.0
334.11,2487.0
334.13,2676.0
334.15,2853.0
334.16,2935.0
334.18,3083.0
334.2,3207.0
334.21,3257.0
334.23,3336.0
334.25,3381.0
334.26,3391.0
334.28,3383.0
334.29,3366.0
334.31,3307.0
334.33,3216.0
334.34,3159.0
334.36,3027.0
334.38,2872.0
334.39,2788.0
334.41,2612.0
334.43,2428.0
334.44,2336.0
334.46,2155.0
334.48,1984.0
334.49,1904.0
334.51,1760.0
334.53,1642.0
334.54,1595.0
334.56,1527.0
334.58,1500.0
334.59,1503.0
334.61,1545.0
334.62,1585.0
334.64,1707.0
334.66,1885.0
334.67,1997.0
334.69,2265.0
334.71,2594.0
334.72,2781.0
334.74,3200.0
334.76,3674.0
334.77,3930.0
334.79,4476.0
334.81,5058.0
334.82,5360.0
334.84,5977.0
334.86,6598.0
334.87,6906.0
334.89,7505.0
334.91,8068.0
334.92,8331.0
334.94,8808.0
334.96,9208.0
334.97,9375.0
334.99,9636.0
335.0,9727.0
335.02,9828.0
335.04,9818.0
335.05,9770.0
335.07,9595.0
335.09,9316.0
335.1,9141.0
335.12,8727.0
335.14,8241.0
335.15,7975.0
335.17,7410.0
335.19,6814.0
335.2,6509.0
335.22,5898.0
335.24,5297.0
335.25,5004.0
335.27,4442.0
335.29,3919.0
335.3,3674.0
335.32,3222.0
335.34,2821.0
335.35,2641.0
335.37,2320.0
335.38,2178.0
335.4,1932.0
335.42,1729.0
335.43,1643.0
335.45,1497.0
335.47,1382.0
335.48,1334.0
335.5,1253.0
335.52,1189.0
335.53,1162.0
335.55,1114.0
335.57,1073.0
335.58,1054.0
335.6,1018.0
335.62,984.9
335.63,969.2
335.65,939.7
335.67,914.0
335.68,903.1
335.7,886.9
335.72,880.1
335.73,881.3
335.75,894.7
335.76,907.8
335.78,949.0
335.8,1013.0
335.81,1054.0
335.83,1158.0
335.85,1293.0
335.86,1372.0
335.88,1554.0
335.9,1771.0
335.91,1892.0
335.93,2158.0
335.95,2455.0
335.96,2614.0
335.98,2951.0
336.0,3307.0
336.01,3490.0
336.03,3863.0
336.05,4235.0
336.06,4418.0
336.08,4773.0
336.1,5103.0
336.11,5256.0
336.13,5530.0
336.14,5650.0
336.16,5849.0
336.18,5989.0
336.19,6034.0
336.21,6076.0
336.23,6049.0
336.24,6011.0
336.26,5884.0
336.28,5694.0
336.29,5578.0
336.31,5307.0
336.33,4992.0
336.34,4820.0
336.36,4457.0
336.38,4074.0
336.39,3879.0
336.41,3486.0
336.43,3097.0
336.44,2907.0
336.46,2540.0
336.47,2364.0
336.49,2032.0
336.51,1728.0
336.52,1588.0
336.54,1330.0
336.56,1104.0
336.57,1003.0
336.59,823.0
336.61,672.1
336.62,606.8
336.64,495.1
336.66,406.5
336.67,370.1
336.69,311.9
336.71,271.4
336.72,257.3
336.74,240.5
336.76,238.1
336.77,242.1
336.79,260.7
336.81,293.3
336.82,315.2
336.84,370.5
336.85,404.3
336.87,485.2
336.89,585.2
336.9,643.0
336.92,775.6
336.94,932.4
336.95,1020.0
336.97,1217.0
336.99,1443.0
337.0,1567.0
337.02,1837.0
337.04,2137.0
337.05,2299.0
337.07,2642.0
337.09,3012.0
337.1,3205.0
337.12,3606.0
337.14,4021.0
337.15,4232.0
337.17,4655.0
337.19,5073.0
337.2,5277.0
337.22,5670.0
337.23,5856.0
337.25,6201.0
337.27,6501.0
337.28,6633.0
337.3,6852.0
337.32,7007.0
337.33,7059.0
337.35,7111.0
337.37,7090.0
337.38,7053.0
337.4,6927.0
337.42,6734.0
337.43,6614.0
337.45,6335.0
337.47,6008.0
337.48,5830.0
337.5,5451.0
337.52,5051.0
337.53,4847.0
337.55,4435.0
337.57,4029.0
337.58,3830.0
337.6,3447.0
337.61,3264.0
337.63,2920.0
337.65,2606.0
337.66,2461.0
337.68,2198.0
337.7,1970.0
337.71,1868.0
337.73,1689.0
337.75,1541.0
337.76,1478.0
337.78,1369.0
337.8,1284.0
337.81,1249.0
337.83,1191.0
337.85,1148.0
337.86,1131.0
337.88,1106.0
337.9,1089.0
337.91,1083.0
337.93,1077.0
337.94,1076.0
337.96,1078.0
337.98,1085.0
337.99,1091.0
338.01,1108.0
338.03,1132.0
338.04,1147.0
338.06,1183.0
338.08,1229.0
338.09,1256.0
338.11,1319.0
338.13,1396.0
338.14,1440.0
338.16,1538.0
338.18,1652.0
338.19,1715.0
338.21,1852.0
338.23,2003.0
338.24,2084.0
338.26,2253.0
338.28,2431.0
338.29,2523.0
338.31,2707.0
338.32,2800.0
338.34,2981.0
338.36,3154.0
338.37,3235.0
338.39,3387.0
338.41,3518.0
338.42,3575.0
338.44,3669.0
338.46,3734.0
338.47,3756.0
338.49,3776.0
338.51,3765.0
338.52,3749.0
338.54,3695.0
338.56,3616.0
338.57,3567.0
338.59,3456.0
338.61,3327.0
338.62,3258.0
338.64,3112.0
338.66,2961.0
338.67,2884.0
338.69,2729.0
338.7,2653.0
338.72,2502.0
338.74,2357.0
338.75,2287.0
338.77,2151.0
338.79,2023.0
338.8,1961.0
338.82,1844.0
338.84,1733.0
338.85,1679.0
338.87,1577.0
338.89,1479.0
338.9,1432.0
338.92,1341.0
338.94,1253.0
338.95,1211.0
338.97,1130.0
338.99,1053.0
339.0,1016.0
339.02,947.1
339.04,883.5
339.05,854.1
339.07,800.3
339.08,776.1
339.1,733.3
339.12,698.3
339.13,683.8
339.15,660.6
339.17,645.3
339.18,640.4
339.2,636.1
339.22,638.4
339.23,641.9
339.25,652.8
339.27,668.4
339.28,677.6
339.3,698.4
339.32,721.5
339.33,733.6
339.35,758.4
339.37,783.1
339.38,795.2
339.4,818.4
339.42,839.8
339.43,849.6
339.45,867.3
339.46,875.1
339.48,888.5
339.5,899.0
339.51,903.3
339.53,910.2
339.55,915.2
339.56,917.3
339.58,921.3
339.6,925.7
339.61,928.5
339.63,936.0
339.65,947.0
339.66,954.1
339.68,972.4
339.7,996.7
339.71,1011.0
339.73,1045.0
339.75,1086.0
339.76,1109.0
339.78,1159.0
339.79,1186.0
339.81,1242.0
339.83,1301.0
339.84,1330.0
339.86,1388.0
339.88,1443.0
339.89,1468.0
339.91,1513.0
339.93,1549.0
339.94,1563.0
339.96,1581.0
339.98,1585.0
339.99,1582.0
340.01,1565.0
340.03,1534.0
340.04,1513.0
340.06,1461.0
340.08,1397.0
340.09,1361.0
340.11,1282.0
340.13,1196.0
340.14,1151.0
340.16,1058.0
340.17,1012.0
340.19,917.9
340.21,825.9
340.22,781.1
340.24,694.9
340.26,614.1
340.27,576.1
340.29,505.2
340.31,441.6
340.32,412.6
340.34,360.2
340.36,315.0
340.37,295.1
340.39,260.3
340.41,231.7
340.42,219.7
340.44,199.7
340.46,184.7
340.47,179.0
340.49,170.6
340.51,166.0
340.52,165.0
340.54,165.3
340.55,166.5
340.57,170.9
340.59,177.4
340.6,181.3
340.62,190.4
340.64,200.7
340.65,206.2
340.67,217.5
340.69,229.0
340.7,234.6
340.72,245.5
340.74,255.4
340.75,260.0
340.77,267.8
340.79,273.9
340.8,276.2
340.82,279.1
340.84,279.8
340.85,279.3
340.87,276.6
340.89,271.8
340.9,268.6
340.92,260.9
340.93,256.4
340.95,246.4
340.97,235.3
340.98,229.5
341.0,217.4
341.02,205.1
341.03,199.0
341.05,187.1
341.07,175.7
341.08,170.3
341.1,160.2
341.12,151.1
341.13,146.9
341.15,139.5
341.17,133.3
341.18,130.6
341.2,126.0
341.22,122.3
341.23,120.8
341.25,118.4
341.26,117.4
341.28,115.8
341.3,114.5
341.31,114.0
341.33,113.0
341.35,112.0
341.36,111.4
341.38,110.2
341.4,108.7
341.41,107.8
341.43,105.9
341.45,103.7
341.46,102.5
341.48,99.96
341.5,97.29
341.51,95.94
341.53,93.26
341.55,90.71
341.56,89.52
341.58,87.36
341.6,85.58
341.61,84.85
341.63,83.75
341.64,83.39
341.66,83.04
341.68,83.19
341.69,83.44
341.71,84.23
341.73,85.35
341.74,86.01
341.76,87.42
341.78,88.88
341.79,89.58
341.81,90.85
341.83,91.84
341.84,92.2
341.86,92.56
341.88,92.41
341.89,92.12
341.91,91.1
341.93,89.49
341.94,88.47
341.96,86.03
341.98,83.12
341.99,81.52
342.01,78.09
342.02,76.29
342.04,72.61
342.06,68.93
342.07,67.14
342.09,63.73
342.11,60.66
342.12,59.29
342.14,56.96
342.16,55.23
342.17,54.62
342.19,53.95
342.21,54.05
342.22,54.4
342.24,55.71
342.26,57.84
342.27,59.21
342.29,62.56
342.31,66.71
342.32,69.07
342.34,74.39
342.36,80.45
342.37,83.76
342.39,90.92
342.4,94.76
342.42,103.0
342.44,111.9
342.45,116.6
342.47,126.4
342.49,136.9
342.5,142.3
342.52,153.6
342.54,165.3
342.55,171.2
342.57,183.3
342.59,195.4
342.6,201.5
342.62,213.3
342.64,224.7
342.65,230.1
342.67,240.3
342.69,249.3
342.7,253.3
342.72,260.1
342.74,265.2
342.75,266.9
342.77,268.9
342.78,269.1
342.8,267.8
342.82,264.2
342.83,261.5
342.85,254.6
342.87,245.6
342.88,240.4
342.9,228.8
342.92,215.7
342.93,208.7
342.95,194.0
342.97,178.6
342.98,170.8
343.0,155.1
343.02,139.6
343.03,132.0
343.05,117.2
343.07,103.2
343.08,96.49
343.1,83.92
343.11,78.04
343.13,67.14
343.15,57.39
343.16,52.95
343.18,44.9
343.2,37.92
343.21,34.82
343.23,29.3
343.25,24.64
343.26,22.6
343.28,19.03
343.3,16.07
343.31,14.79
343.33,12.58
343.35,10.76
343.36,9.976
343.38,8.638
343.4,7.567
343.41,7.122
343.43,6.407
343.45,5.926
343.46,5.778
343.48,5.688
343.49,5.76
343.51,6.18
343.53,7.05
343.54,7.691
343.56,9.483
343.58,12.11
343.59,13.81
343.61,18.15
343.63,24.0
343.64,27.62
343.66,36.47
343.68,47.88
343.69,54.71
343.71,70.96
343.73,91.16
343.74,102.9
343.76,130.2
343.78,163.0
343.79,181.6
343.81,223.6
343.83,272.4
343.84,299.4
343.86,358.8
343.87,391.1
343.89,461.0
343.91,537.4
343.92,577.9
343.94,662.9
343.96,752.2
343.97,798.1
343.99,891.1
344.01,984.6
344.02,1031.0
344.04,1121.0
344.06,1207.0
344.07,1248.0
344.09,1323.0
344.11,1389.0
344.12,1418.0
344.14,1468.0
344.16,1506.0
344.17,1521.0
344.19,1540.0
344.21,1548.0
344.22,1547.0
344.24,1538.0
344.25,1529.0
344.27,1505.0
344.29,1474.0
344.3,1455.0
344.32,1415.0
344.34,1370.0
344.35,1347.0
344.37,1299.0
344.39,1250.0
344.4,1225.0
344.42,1176.0
344.44,1127.0
344.45,1102.0
344.47,1054.0
344.49,1006.0
344.5,982.7
344.52,935.3
344.54,887.9
344.55,864.1
344.57,816.2
344.58,792.1
344.6,743.7
344.62,695.1
344.63,670.7
344.65,622.1
344.67,574.1
344.68,550.5
344.7,504.1
344.72,459.4
344.73,437.9
344.75,396.7
344.77,358.2
344.78,340.1
344.8,306.4
344.82,276.0
344.83,262.1
344.85,236.8
344.87,214.9
344.88,205.1
344.9,187.9
344.92,173.4
344.93,167.2
344.95,156.5
344.96,151.9
344.98,144.2
345.0,138.1
345.01,135.6
345.03,131.4
345.05,128.3
345.06,127.0
345.08,125.0
345.1,123.4
345.11,122.8
345.13,121.8
345.15,120.9
345.16,120.5
345.18,119.8
345.2,119.0
345.21,118.6
345.23,117.7
345.25,116.7
345.26,116.1
345.28,114.8
345.3,113.4
345.31,112.7
345.33,111.1
345.34,110.3
345.36,108.7
345.38,107.1
345.39,106.4
345.41,105.0
345.43,104.0
345.44,103.6
345.46,103.1
345.48,103.0
345.49,103.1
345.51,103.8
345.53,104.9
345.54,105.7
345.56,107.5
345.58,109.7
345.59,110.8
345.61,113.4
345.63,115.9
345.64,117.2
345.66,119.7
345.68,122.0
345.69,123.0
345.71,124.8
345.72,125.6
345.74,126.8
345.76,127.7
345.77,128.0
345.79,128.5
345.81,128.9
345.82,129.1
345.84,129.7
345.86,130.8
345.87,131.7
345.89,134.0
345.91,137.5
345.92,139.8
345.94,145.7
345.96,153.5
345.97,158.3
345.99,169.6
346.01,183.6
346.02,191.7
346.04,210.3
346.05,220.8
346.07,244.4
346.09,271.7
346.1,286.9
346.12,320.2
346.14,357.8
346.15,378.3
346.17,422.7
346.19,471.9
346.2,498.2
346.22,554.6
346.24,615.8
346.25,648.1
346.27,716.0
346.29,787.8
346.3,825.0
346.32,901.5
346.34,979.8
346.35,1019.0
346.37,1098.0
346.39,1175.0
346.4,1212.0
346.42,1284.0
346.43,1318.0
346.45,1379.0
346.47,1433.0
346.48,1456.0
346.5,1493.0
346.52,1519.0
346.53,1527.0
346.55,1533.0
346.57,1525.0
346.58,1515.0
346.6,1487.0
346.62,1446.0
346.63,1421.0
346.65,1363.0
346.67,1296.0
346.68,1259.0
346.7,1181.0
346.72,1097.0
346.73,1054.0
346.75,967.2
346.77,879.7
346.78,836.3
346.8,751.4
346.81,710.1
346.83,630.8
346.85,556.5
346.86,521.5
346.88,456.2
346.9,397.3
346.91,370.4
346.93,321.8
346.95,280.2
346.96,261.9
346.98,230.5
347.0,205.9
347.01,196.1
347.03,181.4
347.05,173.4
347.06,171.9
347.08,173.8
347.1,182.5
347.11,189.5
347.13,208.7
347.15,235.1
347.16,251.1
347.18,288.7
347.19,310.4
347.21,359.4
347.23,416.1
347.24,447.2
347.26,514.8
347.28,589.0
347.29,628.4
347.31,711.1
347.33,798.2
347.34,842.9
347.36,933.8
347.38,1025.0
347.39,1070.0
347.41,1159.0
347.43,1244.0
347.44,1284.0
347.46,1359.0
347.48,1425.0
347.49,1454.0
347.51,1505.0
347.53,1543.0
347.54,1558.0
347.56,1577.0
347.57,1581.0
347.59,1581.0
347.61,1568.0
347.62,1556.0
347.64,1525.0
347.66,1483.0
347.67,1458.0
347.69,1402.0
347.71,1338.0
347.72,1304.0
347.74,1232.0
347.76,1156.0
347.77,1117.0
347.79,1037.0
347.81,957.1
347.82,917.2
347.84,838.2
347.86,761.1
347.87,723.4
347.89,650.5
347.9,615.4
347.92,547.9
347.94,484.6
347.95,454.6
347.97,398.0
347.99,346.0
348.0,321.8
348.02,276.8
348.04,236.5
348.05,218.0
348.07,184.3
348.09,154.8
348.1,141.5
348.12,117.8
348.14,97.64
348.15,88.77
348.17,73.29
348.19,60.55
348.2,55.11
348.22,45.92
348.24,38.71
348.25,35.77
348.27,31.04
348.28,29.18
348.3,26.36
348.32,24.54
348.33,23.95
348.35,23.28
348.37,23.18
348.38,23.29
348.4,23.78
348.42,24.53
348.43,24.97
348.45,25.95
348.47,27.02
348.48,27.57
348.5,28.69
348.52,29.84
348.53,30.43
348.55,31.66
348.57,33.0
348.58,33.74
348.6,35.41
348.62,37.44
348.63,38.64
348.65,41.49
348.66,43.2
348.68,47.29
348.7,52.46
348.71,55.53
348.73,62.78
348.75,71.69
348.76,76.85
348.78,88.71
348.8,102.8
348.81,110.7
348.83,128.3
348.85,148.4
348.86,159.4
348.88,183.1
348.9,209.1
348.91,222.9
348.93,251.7
348.95,282.0
348.96,297.4
348.98,328.8
349.0,360.0
349.01,375.4
349.03,405.3
349.04,419.5
349.06,446.3
349.08,470.2
349.09,480.8
349.11,499.2
349.13,513.3
349.14,518.7
349.16,526.0
349.18,528.8
349.19,528.5
349.21,524.8
349.23,517.4
349.24,512.5
349.26,500.7
349.28,487.1
349.29,479.9
349.31,465.3
349.33,451.4
349.34,445.0
349.36,433.9
349.37,429.5
349.39,423.2
349.41,421.2
349.42,421.9
349.44,427.0
349.46,437.3
349.47,444.4
349.49,462.5
349.51,485.6
349.52,498.9
349.54,528.7
349.56,562.1
349.57,579.9
349.59,617.5
349.61,656.9
349.62,676.9
349.64,717.4
349.66,757.5
349.67,777.2
349.69,815.6
349.71,851.9
349.72,869.1
349.74,901.4
349.75,916.4
349.77,943.7
349.79,967.2
349.8,977.4
349.82,994.7
349.84,1008.0
349.85,1012.0
349.87,1018.0
349.89,1019.0
349.9,1018.0
349.92,1011.0
349.94,999.3
349.95,991.4
349.97,971.8
349.99,947.2
350.0,933.0
350.02,901.3
350.04,865.3
350.05,845.9
350.07,804.6
350.09,760.8
350.1,738.2
350.12,692.1
350.13,668.9
350.15,622.9
350.17,578.0
350.18,556.4
350.2,515.4
350.22,478.1
350.23,461.0
350.25,430.7
350.27,405.7
350.28,395.4
350.3,379.2
350.32,369.2
350.33,366.4
350.35,365.3
350.37,369.8
350.38,374.0
350.4,385.9
350.42,401.9
350.43,411.2
350.45,431.8
350.47,454.5
350.48,466.3
350.5,490.4
350.51,502.5
350.53,526.1
350.55,548.6
350.56,559.2
350.58,578.9
350.6,596.1
350.61,603.7
350.63,616.8
350.65,627.1
350.66,631.2
350.68,637.3
350.7,640.8
350.71,641.7
350.73,642.0
350.75,640.5
350.76,639.2
350.78,635.8
350.8,631.5
350.81,629.1
350.83,624.2
350.85,619.2
350.86,616.7
350.88,611.9
350.89,609.7
350.91,605.5
350.93,601.7
350.94,600.0
350.96,596.8
350.98,593.8
350.99,592.3
351.01,589.3
351.03,585.9
351.04,584.0
351.06,579.7
351.08,574.4
351.09,571.3
351.11,564.1
351.13,555.3
351.14,550.3
351.16,538.8
351.18,525.5
351.19,518.2
351.21,502.2
351.22,493.5
351.24,475.0
351.26,455.1
351.27,444.6
351.29,423.0
351.31,400.6
351.32,389.3
351.34,366.3
351.36,343.3
351.37,331.9
351.39,309.4
351.41,287.4
351.42,276.7
351.44,255.9
351.46,236.1
351.47,226.5
351.49,208.2
351.51,191.0
351.52,182.8
351.54,167.3
351.56,152.9
351.57,146.1
351.59,133.3
351.6,127.3
351.62,116.3
351.64,106.3
351.65,101.8
351.67,93.71
351.69,86.85
351.7,83.9
351.72,79.02
351.74,75.54
351.75,74.35
351.77,73.08
351.79,73.34
351.8,74.06
351.82,76.68
351.84,80.88
351.85,83.57
351.87,90.1
351.89,98.11
351.9,102.6
351.92,112.7
351.94,123.8
351.95,129.8
351.97,142.4
351.98,148.9
352.0,162.2
352.02,175.7
352.03,182.5
352.05,195.7
352.07,208.4
352.08,214.4
352.1,225.6
352.12,235.6
352.13,240.0
352.15,247.7
352.17,253.6
352.18,255.9
352.2,259.2
352.22,260.8
352.23,260.9
352.25,260.2
352.27,258.1
352.28,256.7
352.3,253.2
352.32,249.2
352.33,247.2
352.35,243.1
352.36,241.2
352.38,237.8
352.4,235.4
352.41,234.5
352.43,233.9
352.45,234.6
352.46,235.5
352.48,238.6
352.5,243.1
352.51,245.8
352.53,252.3
352.55,259.8
352.56,263.8
352.58,272.2
352.6,280.8
352.61,285.1
352.63,293.2
352.65,300.4
352.66,303.6
352.68,308.9
352.69,311.0
352.71,313.7
352.73,314.5
352.74,314.0
352.76,311.6
352.78,307.0
352.79,304.0
352.81,296.4
352.83,287.1
352.84,281.9
352.86,270.5
352.88,258.0
352.89,251.5
352.91,238.1
352.93,224.6
352.94,217.8
352.96,204.6
352.98,191.9
352.99,185.9
353.01,174.6
353.03,164.4
353.04,159.8
353.06,151.6
353.07,148.1
353.09,142.1
353.11,137.6
353.12,136.0
353.14,133.8
353.16,133.2
353.17,133.5
353.19,135.1
353.21,138.1
353.22,140.1
353.24,145.0
353.26,151.2
353.27,154.7
353.29,162.4
353.31,171.1
353.32,175.8
353.34,185.7
353.36,196.1
353.37,201.6
353.39,212.7
353.41,224.1
353.42,229.8
353.44,241.3
353.45,247.0
353.47,258.1
353.49,268.8
353.5,273.9
353.52,283.7
353.54,292.5
353.55,296.5
353.57,303.7
353.59,309.5
353.6,311.9
353.62,315.6
353.64,317.7
353.65,318.1
353.67,317.8
353.69,315.8
353.7,314.2
353.72,310.0
353.74,304.5
353.75,301.2
353.77,294.1
353.79,286.3
353.8,282.2
353.82,273.9
353.83,269.8
353.85,261.7
353.87,254.4
353.88,251.0
353.9,245.2
353.92,240.7
353.93,239.1
353.95,237.1
353.97,236.8
353.98,237.4
354.0,239.8
354.02,243.9
354.03,246.6
354.05,252.9
354.07,260.3
354.08,264.3
354.1,272.7
354.12,281.2
354.13,285.4
354.15,293.4
354.17,300.4
354.18,303.5
354.2,308.5
354.21,310.4
354.23,312.6
354.25,312.9
354.26,312.2
354.28,309.2
354.3,304.2
354.31,300.9
354.33,293.1
354.35,283.8
354.36,278.7
354.38,267.8
354.4,256.6
354.41,251.0
354.43,240.2
354.45,230.4
354.46,226.1
354.48,219.2
354.5,214.9
354.51,214.0
354.53,215.0
354.54,217.1
354.56,224.9
354.58,237.9
354.59,246.5
354.61,268.3
354.63,296.4
354.64,313.0
354.66,351.1
354.68,396.1
354.69,421.0
354.71,475.8
354.73,536.5
354.74,568.9
354.76,637.1
354.78,709.1
354.79,746.1
354.81,821.1
354.83,896.2
354.84,933.2
354.86,1005.0
354.88,1072.0
354.89,1104.0
354.91,1161.0
354.92,1187.0
354.94,1230.0
354.96,1263.0
354.97,1276.0
354.99,1291.0
355.01,1294.0
355.02,1291.0
355.04,1277.0
355.06,1251.0
355.07,1234.0
355.09,1194.0
355.11,1145.0
355.12,1119.0
355.14,1062.0
355.16,1002.0
355.17,971.4
355.19,910.1
355.21,850.1
355.22,821.0
355.24,765.7
355.26,715.1
355.27,691.8
355.29,649.7
355.3,630.9
355.32,598.3
355.34,571.9
355.35,561.0
355.37,543.7
355.39,531.6
355.4,527.3
355.42,522.0
355.44,520.0
355.45,520.1
355.47,521.8
355.49,525.0
355.5,526.9
355.52,530.9
355.54,534.8
355.55,536.6
355.57,539.5
355.59,541.3
355.6,541.8
355.62,541.9
355.64,540.7
355.65,539.6
355.67,536.7
355.68,534.8
355.7,530.4
355.72,525.1
355.73,522.2
355.75,516.0
355.77,509.1
355.78,505.5
355.8,497.8
355.82,489.6
355.83,485.2
355.85,476.0
355.87,465.8
355.88,460.4
355.9,448.9
355.92,436.2
355.93,429.5
355.95,415.1
355.97,399.5
355.98,391.4
356.0,374.3
356.01,365.5
356.03,347.5
356.05,329.2
356.06,320.1
356.08,302.2
356.1,285.2
356.11,277.2
356.13,262.5
356.15,250.2
356.16,245.2
356.18,237.6
356.2,233.8
356.21,233.6
356.23,236.8
356.25,245.3
356.26,251.6
356.28,268.8
356.3,292.2
356.31,306.3
356.33,339.3
356.35,378.8
356.36,400.9
356.38,449.9
356.39,476.6
356.41,534.1
356.43,596.8
356.44,629.9
356.46,699.1
356.48,771.6
356.49,808.9
356.51,885.0
356.53,962.5
356.54,1002.0
356.56,1080.0
356.58,1158.0
356.59,1197.0
356.61,1275.0
356.63,1352.0
356.64,1390.0
356.66,1467.0
356.68,1543.0
356.69,1582.0
356.71,1659.0
356.73,1737.0
356.74,1777.0
356.76,1857.0
356.77,1898.0
356.79,1982.0
356.81,2067.0
356.82,2110.0
356.84,2196.0
356.86,2282.0
356.87,2325.0
356.89,2409.0
356.91,2489.0
356.92,2526.0
356.94,2597.0
356.96,2658.0
356.97,2684.0
356.99,2728.0
357.01,2757.0
357.02,2766.0
357.04,2772.0
357.06,2759.0
357.07,2747.0
357.09,2707.0
357.11,2649.0
357.12,2613.0
357.14,2530.0
357.15,2482.0
357.17,2375.0
357.19,2256.0
357.2,2193.0
357.22,2059.0
357.24,1919.0
357.25,1847.0
357.27,1702.0
357.29,1558.0
357.3,1486.0
357.32,1346.0
357.34,1212.0
357.35,1147.0
357.37,1024.0
357.39,909.5
357.4,855.9
357.42,756.0
357.44,666.1
357.45,624.9
357.47,549.8
357.49,484.0
357.5,454.6
357.52,402.0
357.53,378.8
357.55,338.1
357.57,304.7
357.58,290.6
357.6,267.4
357.62,250.7
357.63,244.7
357.65,237.8
357.67,237.8
357.68,240.5
357.7,251.9
357.72,272.0
357.73,285.5
357.75,320.5
357.77,367.0
357.78,395.0
357.8,461.3
357.82,542.5
357.83,589.1
357.85,694.8
357.86,754.2
357.88,886.4
357.9,1037.0
357.91,1119.0
357.93,1296.0
357.95,1489.0
357.96,1592.0
357.98,1806.0
358.0,2032.0
358.01,2148.0
358.03,2383.0
358.05,2620.0
358.06,2737.0
358.08,2966.0
358.1,3185.0
358.11,3289.0
358.13,3482.0
358.15,3653.0
358.16,3730.0
358.18,3861.0
358.2,3962.0
358.21,4001.0
358.23,4055.0
358.24,4071.0
358.26,4078.0
358.28,4055.0
358.29,4034.0
358.31,3972.0
358.33,3887.0
358.34,3837.0
358.36,3726.0
358.38,3602.0
358.39,3537.0
358.41,3401.0
358.43,3261.0
358.44,3191.0
358.46,3051.0
358.48,2912.0
358.49,2845.0
358.51,2712.0
358.53,2584.0
358.54,2521.0
358.56,2400.0
358.58,2283.0
358.59,2225.0
358.61,2113.0
358.62,2058.0
358.64,1949.0
358.66,1843.0
358.67,1790.0
358.69,1685.0
358.71,1582.0
358.72,1531.0
358.74,1430.0
358.76,1331.0
358.77,1282.0
358.79,1188.0
358.81,1096.0
358.82,1052.0
358.84,967.6
358.86,888.4
358.87,851.0
358.89,781.1
358.91,718.2
358.92,689.5
358.94,637.9
358.96,594.4
358.97,575.8
358.99,544.8
359.0,532.4
359.02,514.0
359.04,503.9
359.05,501.8
359.07,503.4
359.09,512.2
359.1,519.1
359.12,537.4
359.14,561.0
359.15,574.5
359.17,604.1
359.19,636.2
359.2,652.8
359.22,686.3
359.24,719.2
359.25,735.0
359.27,764.6
359.29,790.6
359.3,801.9
359.32,820.7
359.33,827.9
359.35,837.9
359.37,841.4
359.38,840.8
359.4,834.6
359.42,822.3
359.43,814.0
359.45,793.4
359.47,768.2
359.48,754.2
359.5,724.1
359.52,692.3
359.53,676.1
359.55,644.0
359.57,613.7
359.58,599.6
359.6,574.7
359.62,555.5
359.63,548.5
359.65,541.1
359.67,543.7
359.68,549.4
359.7,570.8
359.71,587.1
359.73,631.8
359.75,694.8
359.76,733.7
359.78,827.7
359.8,944.7
359.81,1012.0
359.83,1167.0
359.85,1348.0
359.86,1449.0
359.88,1670.0
359.9,1917.0
359.91,2051.0
359.93,2335.0
359.95,2640.0
359.96,2799.0
359.98,3127.0
360.0,3465.0
360.01,3636.0
360.03,3976.0
360.05,4309.0
360.06,4470.0
360.08,4777.0
360.09,4922.0
360.11,5187.0
360.13,5416.0
360.14,5514.0
360.16,5677.0
360.18,5789.0
360.19,5826.0
360.21,5858.0
360.23,5836.0
360.24,5805.0
360.26,5704.0
360.28,5553.0
360.29,5461.0
360.31,5246.0
360.33,4995.0
360.34,4858.0
360.36,4567.0
360.38,4259.0
360.39,4100.0
360.41,3780.0
360.43,3461.0
360.44,3304.0
360.46,2998.0
360.47,2851.0
360.49,2571.0
360.51,2314.0
360.52,2194.0
360.54,1976.0
360.56,1787.0
360.57,1704.0
360.59,1559.0
360.61,1445.0
360.62,1400.0
360.64,1330.0
360.66,1289.0
360.67,1279.0
360.69,1278.0
360.71,1303.0
360.72,1324.0
360.74,1383.0
360.76,1464.0
360.77,1512.0
360.79,1621.0
360.8,1682.0
360.82,1815.0
360.84,1963.0
360.85,2040.0
360.87,2204.0
360.89,2374.0
360.9,2462.0
360.92,2639.0
360.94,2816.0
360.95,2904.0
360.97,3075.0
360.99,3239.0
361.0,3317.0
361.02,3462.0
361.04,3591.0
361.05,3648.0
361.07,3746.0
361.09,3821.0
361.1,3849.0
361.12,3884.0
361.14,3892.0
361.15,3884.0
361.17,3849.0
361.18,3820.0
361.2,3741.0
361.22,3636.0
361.23,3575.0
361.25,3434.0
361.27,3273.0
361.28,3185.0
361.3,3000.0
361.32,2804.0
361.33,2703.0
361.35,2498.0
361.37,2293.0
361.38,2191.0
361.4,1991.0
361.42,1801.0
361.43,1709.0
361.45,1537.0
361.47,1380.0
361.48,1308.0
361.5,1178.0
361.52,1067.0
361.53,1019.0
361.55,938.5
361.56,905.5
361.58,854.5
361.6,822.8
361.61,814.0
361.63,809.6
361.65,821.9
361.66,833.9
361.68,868.7
361.7,916.5
361.71,944.8
361.73,1009.0
361.75,1081.0
361.76,1120.0
361.78,1203.0
361.8,1289.0
361.81,1333.0
361.83,1421.0
361.85,1509.0
361.86,1552.0
361.88,1635.0
361.9,1713.0
361.91,1750.0
361.93,1818.0
361.94,1849.0
361.96,1904.0
361.98,1949.0
361.99,1968.0
362.01,1997.0
362.03,2015.0
362.04,2019.0
362.06,2019.0
362.08,2008.0
362.09,1998.0
362.11,1970.0
362.13,1931.0
362.14,1908.0
362.16,1855.0
362.18,1794.0
362.19,1760.0
362.21,1687.0
362.23,1609.0
362.24,1567.0
362.26,1482.0
362.28,1393.0
362.29,1348.0
362.31,1257.0
362.32,1211.0
362.34,1120.0
362.36,1031.0
362.37,986.8
362.39,901.6
362.41,820.5
362.42,781.6
362.44,707.9
362.46,639.9
362.47,608.2
362.49,549.8
362.51,498.1
362.52,474.9
362.54,433.9
362.56,400.0
362.57,385.8
362.59,362.8
362.61,346.9
362.62,341.6
362.64,336.3
362.65,336.3
362.67,341.2
362.69,352.9
362.7,361.2
362.72,382.6
362.74,410.5
362.75,426.8
362.77,464.0
362.79,507.5
362.8,531.6
362.82,584.6
362.84,643.9
362.85,676.0
362.87,745.2
362.89,821.3
362.9,862.1
362.92,949.2
362.94,1044.0
362.95,1095.0
362.97,1202.0
362.99,1319.0
363.0,1380.0
363.02,1511.0
363.03,1579.0
363.05,1724.0
363.07,1877.0
363.08,1958.0
363.1,2124.0
363.12,2299.0
363.13,2389.0
363.15,2573.0
363.17,2762.0
363.18,2857.0
363.2,3048.0
363.22,3238.0
363.23,3331.0
363.25,3514.0
363.27,3689.0
363.28,3773.0
363.3,3930.0
363.32,4073.0
363.33,4138.0
363.35,4253.0
363.37,4347.0
363.38,4386.0
363.4,4446.0
363.41,4466.0
363.43,4488.0
363.45,4484.0
363.46,4473.0
363.48,4430.0
363.5,4363.0
363.51,4321.0
363.53,4219.0
363.55,4095.0
363.56,4026.0
363.58,3875.0
363.6,3707.0
363.61,3618.0
363.63,3432.0
363.65,3237.0
363.66,3137.0
363.68,2934.0
363.7,2729.0
363.71,2626.0
363.73,2423.0
363.75,2224.0
363.76,2128.0
363.78,1940.0
363.79,1850.0
363.81,1678.0
363.83,1519.0
363.84,1445.0
363.86,1308.0
363.88,1187.0
363.89,1132.0
363.91,1036.0
363.93,957.8
363.94,925.2
363.96,873.4
363.98,839.2
363.99,828.7
364.01,820.2
364.03,828.0
364.04,837.7
364.06,868.0
364.08,911.7
364.09,938.1
364.11,998.9
364.12,1033.0
364.14,1106.0
364.16,1186.0
364.17,1227.0
364.19,1311.0
364.21,1395.0
364.22,1436.0
364.24,1515.0
364.26,1588.0
364.27,1621.0
364.29,1681.0
364.31,1730.0
364.32,1750.0
364.34,1780.0
364.36,1797.0
364.37,1801.0
364.39,1798.0
364.41,1783.0
364.42,1770.0
364.44,1738.0
364.46,1696.0
364.47,1673.0
364.49,1621.0
364.5,1594.0
364.52,1537.0
364.54,1479.0
364.55,1451.0
364.57,1397.0
364.59,1347.0
364.6,1324.0
364.62,1283.0
364.64,1249.0
364.65,1235.0
364.67,1213.0
364.69,1198.0
364.7,1193.0
364.72,1188.0
364.74,1189.0
364.75,1191.0
364.77,1198.0
364.79,1206.0
364.8,1211.0
364.82,1220.0
364.84,1229.0
364.85,1232.0
364.87,1236.0
364.88,1238.0
364.9,1237.0
364.92,1234.0
364.93,1230.0
364.95,1222.0
364.97,1212.0
364.98,1206.0
365.0,1195.0
365.02,1185.0
365.03,1180.0
365.05,1174.0
365.07,1173.0
365.08,1175.0
365.1,1184.0
365.12,1200.0
365.13,1212.0
365.15,1242.0
365.17,1280.0
365.18,1303.0
365.2,1355.0
365.22,1415.0
365.23,1447.0
365.25,1516.0
365.26,1551.0
365.28,1624.0
365.3,1696.0
365.31,1732.0
365.33,1799.0
365.35,1860.0
365.36,1887.0
365.38,1934.0
365.4,1968.0
365.41,1980.0
365.43,1993.0
365.45,1991.0
365.46,1984.0
365.48,1957.0
365.5,1915.0
365.51,1889.0
365.53,1826.0
365.55,1750.0
365.56,1708.0
365.58,1618.0
365.6,1521.0
365.61,1471.0
365.63,1369.0
365.64,1317.0
365.66,1214.0
365.68,1114.0
365.69,1066.0
365.71,972.6
365.73,886.4
365.74,846.0
365.76,771.5
365.78,705.5
365.79,675.7
365.81,622.6
365.83,577.7
365.84,558.3
365.86,524.9
365.88,498.2
365.89,487.1
365.91,468.9
365.93,455.3
365.94,449.9
365.96,441.6
365.97,438.5
365.99,433.9
366.01,431.2
366.02,430.5
366.04,429.9
366.06,430.6
366.07,431.4
366.09,433.9
366.11,437.8
366.12,440.4
366.14,447.0
366.16,455.8
366.17,461.1
366.19,473.8
366.21,489.6
366.22,498.7
366.24,519.4
366.26,543.7
366.27,557.1
366.29,586.5
366.31,619.1
366.32,636.4
366.34,672.7
366.35,691.6
366.37,730.2
366.39,769.2
366.4,788.6
366.42,826.3
366.44,861.8
366.45,878.4
366.47,908.6
366.49,933.8
366.5,944.3
366.52,960.5
366.54,969.8
366.55,971.7
366.57,970.0
366.59,960.7
366.6,953.2
366.62,932.9
366.64,905.8
366.65,890.0
366.67,854.2
366.69,813.8
366.7,792.1
366.72,746.7
366.73,723.2
366.75,675.3
366.77,627.1
366.78,603.2
366.8,556.5
366.82,511.7
366.83,490.3
366.85,449.8
366.87,412.7
366.88,395.5
366.9,364.0
366.92,336.2
366.93,323.6
366.95,301.3
366.97,282.2
366.98,273.9
367.0,259.2
367.02,247.1
367.03,241.8
367.05,232.5
367.07,224.7
367.08,221.2
367.1,214.9
367.11,212.0
367.13,206.5
367.15,201.3
367.16,198.7
367.18,193.6
367.2,188.4
367.21,185.7
367.23,180.3
367.25,174.7
367.26,171.9
367.28,166.3
367.3,160.7
367.31,158.0
367.33,152.8
367.35,148.0
367.36,145.9
367.38,142.0
367.4,139.0
367.41,137.9
367.43,136.3
367.44,135.9
367.46,136.1
367.48,137.4
367.49,138.6
367.51,141.8
367.53,146.2
367.54,148.8
367.56,154.9
367.58,161.9
367.59,165.8
367.61,174.0
367.63,182.7
367.64,187.2
367.66,196.4
367.68,205.7
367.69,210.2
367.71,219.2
367.73,227.7
367.74,231.8
367.76,239.5
367.78,246.4
367.79,249.6
367.81,255.3
367.82,257.8
367.84,262.2
367.86,265.7
367.87,267.2
367.89,269.5
367.91,270.9
367.92,271.4
367.94,271.8
367.96,271.5
367.97,271.2
367.99,270.0
368.01,268.3
368.02,267.3
368.04,264.9
368.06,262.2
368.07,260.6
368.09,257.3
368.11,253.7
368.12,251.8
368.14,247.8
368.16,243.7
368.17,241.6
368.19,237.3
368.2,235.2
368.22,231.0
368.24,226.9
368.25,224.9
368.27,221.2
368.29,217.9
368.3,216.4
368.32,213.7
368.34,211.7
368.35,211.0
368.37,210.1
368.39,210.1
368.4,210.4
368.42,211.8
368.44,214.2
368.45,215.9
368.47,220.0
368.49,225.3
368.5,228.4
368.52,235.5
368.54,243.7
368.55,248.3
368.57,258.2
368.58,263.5
368.6,274.8
368.62,287.0
368.63,293.4
368.65,306.5
368.67,320.2
368.68,327.2
368.7,341.3
368.72,355.7
368.73,363.0
368.75,377.8
368.77,393.0
368.78,400.8
368.8,417.3
368.82,435.2
368.83,445.0
368.85,466.7
368.87,492.5
368.88,507.4
368.9,542.2
368.92,585.6
368.93,611.3
368.95,672.2
368.96,708.3
368.98,793.8
369.0,899.9
369.01,962.0
369.03,1107.0
369.05,1282.0
369.06,1383.0
369.08,1613.0
369.1,1883.0
369.11,2035.0
369.13,2374.0
369.15,2761.0
369.16,2973.0
369.18,3435.0
369.2,3946.0
369.21,4219.0
369.23,4799.0
369.25,5419.0
369.26,5741.0
369.28,6407.0
369.29,6747.0
369.31,7435.0
369.33,8124.0
369.34,8464.0
369.36,9125.0
369.38,9751.0
369.39,10050.0
369.41,10590.0
369.43,11060.0
369.44,11260.0
369.46,11600.0
369.48,11840.0
369.49,11910.0
369.51,11990.0
369.53,11950.0
369.54,11880.0
369.56,11680.0
369.58,11370.0
369.59,11170.0
369.61,10720.0
369.63,10190.0
369.64,9899.0
369.66,9275.0
369.67,8946.0
369.69,8263.0
369.71,7561.0
369.72,7207.0
369.74,6501.0
369.76,5810.0
369.77,5473.0
369.79,4823.0
369.81,4211.0
369.82,3922.0
369.84,3379.0
369.86,2886.0
369.87,2658.0
369.89,2243.0
369.91,1877.0
369.92,1713.0
369.94,1421.0
369.96,1172.0
369.97,1063.0
369.99,872.9
370.01,717.1
370.02,650.7
370.04,538.1
370.05,490.9
370.07,412.6
370.09,352.7
370.1,328.6
370.12,290.4
370.14,263.5
370.15,253.5
370.17,239.2
370.19,231.4
370.2,229.4
370.22,228.6
370.24,231.3
370.25,233.7
370.27,240.4
370.29,249.0
370.3,254.0
370.32,265.2
370.34,277.9
370.35,284.8
370.37,299.7
370.39,316.2
370.4,325.1
370.42,344.4
370.43,354.8
370.45,377.5
370.47,403.2
370.48,417.2
370.5,448.4
370.52,484.2
370.53,504.2
370.55,549.1
370.57,601.8
370.58,631.5
370.6,698.8
370.62,778.2
370.63,823.2
370.65,924.9
370.67,1044.0
370.68,1111.0
370.7,1262.0
370.72,1436.0
370.73,1533.0
370.75,1746.0
370.76,1863.0
370.78,2118.0
370.8,2401.0
370.81,2553.0
370.83,2878.0
370.85,3228.0
370.86,3411.0
370.88,3791.0
370.9,4186.0
370.91,4387.0
370.93,4791.0
370.95,5192.0
370.96,5389.0
370.98,5769.0
371.0,6124.0
371.01,6289.0
371.03,6590.0
371.05,6844.0
371.06,6951.0
371.08,7122.0
371.1,7231.0
371.11,7261.0
371.13,7271.0
371.14,7250.0
371.16,7160.0
371.18,7005.0
371.19,6904.0
371.21,6661.0
371.23,6366.0
371.24,6201.0
371.26,5844.0
371.28,5456.0
371.29,5254.0
371.31,4837.0
371.33,4412.0
371.34,4200.0
371.36,3779.0
371.38,3371.0
371.39,3173.0
371.41,2793.0
371.43,2440.0
371.44,2273.0
371.46,1964.0
371.48,1686.0
371.49,1559.0
371.51,1329.0
371.52,1227.0
371.54,1045.0
371.56,894.4
371.57,829.7
371.59,721.1
371.61,638.4
371.62,606.1
371.64,558.7
371.66,532.5
371.67,526.9
371.69,529.3
371.71,548.9
371.72,564.8
371.74,607.6
371.76,664.3
371.77,697.5
371.79,772.6
371.81,858.5
371.82,905.1
371.84,1004.0
371.86,1111.0
371.87,1166.0
371.89,1279.0
371.9,1337.0
371.92,1453.0
371.94,1568.0
371.95,1624.0
371.97,1733.0
371.99,1835.0
372.0,1883.0
372.02,1970.0
372.04,2045.0
372.05,2078.0
372.07,2132.0
372.09,2171.0
372.1,2184.0
372.12,2198.0
372.14,2197.0
372.15,2190.0
372.17,2165.0
372.19,2126.0
372.2,2101.0
372.22,2044.0
372.23,2011.0
372.25,1939.0
372.27,1861.0
372.28,1820.0
372.3,1734.0
372.32,1647.0
372.33,1603.0
372.35,1517.0
372.37,1432.0
372.38,1391.0
372.4,1312.0
372.42,1238.0
372.43,1203.0
372.45,1138.0
372.47,1078.0
372.48,1051.0
372.5,1001.0
372.52,956.4
372.53,936.6
372.55,901.3
372.57,871.5
372.58,858.6
372.6,836.5
372.61,827.3
372.63,812.1
372.65,801.2
372.66,797.2
372.68,792.1
372.7,790.3
372.71,790.6
372.73,793.4
372.75,798.9
372.76,802.5
372.78,811.2
372.8,821.8
372.81,827.6
372.83,840.2
372.85,853.6
372.86,860.6
372.88,874.8
372.9,889.1
372.91,896.2
372.93,910.3
372.95,924.2
372.96,931.1
372.98,944.7
372.99,951.5
373.01,965.5
373.03,980.4
373.04,988.4
373.06,1006.0
373.08,1027.0
373.09,1038.0
373.11,1066.0
373.13,1100.0
373.14,1120.0
373.16,1166.0
373.18,1223.0
373.19,1255.0
373.21,1329.0
373.23,1418.0
373.24,1467.0
373.26,1577.0
373.28,1702.0
373.29,1770.0
373.31,1918.0
373.33,2080.0
373.34,2166.0
373.36,2345.0
373.37,2439.0
373.39,2632.0
373.41,2829.0
373.42,2929.0
373.44,3127.0
373.46,3321.0
373.47,3415.0
373.49,3594.0
373.51,3760.0
373.52,3836.0
373.54,3974.0
373.56,4089.0
373.57,4138.0
373.59,4215.0
373.61,4266.0
373.62,4281.0
373.64,4289.0
373.66,4270.0
373.67,4251.0
373.69,4193.0
373.71,4111.0
373.72,4062.0
373.74,3950.0
373.75,3888.0
373.77,3751.0
373.79,3603.0
373.8,3526.0
373.82,3367.0
373.84,3204.0
373.85,3122.0
373.87,2960.0
373.89,2801.0
373.9,2724.0
373.92,2575.0
373.94,2435.0
373.95,2369.0
373.97,2245.0
373.99,2132.0
374.0,2081.0
374.02,1986.0
374.04,1904.0
374.05,1866.0
374.07,1801.0
374.08,1772.0
374.1,1721.0
374.12,1678.0
374.13,1660.0
374.15,1628.0
374.17,1602.0
374.18,1591.0
374.2,1572.0
374.22,1556.0
374.23,1549.0
374.25,1537.0
374.27,1527.0
374.28,1523.0
374.3,1516.0
374.32,1510.0
374.33,1509.0
374.35,1507.0
374.37,1508.0
374.38,1510.0
374.4,1516.0
374.42,1526.0
374.43,1533.0
374.45,1550.0
374.46,1561.0
374.48,1586.0
374.5,1616.0
374.51,1634.0
374.53,1672.0
374.55,1717.0
374.56,1741.0
374.58,1793.0
374.6,1850.0
374.61,1880.0
374.63,1944.0
374.65,2013.0
374.66,2049.0
374.68,2123.0
374.7,2201.0
374.71,2241.0
374.73,2324.0
374.75,2408.0
374.76,2451.0
374.78,2538.0
374.8,2625.0
374.81,2668.0
374.83,2754.0
374.84,2796.0
374.86,2877.0
374.88,2954.0
374.89,2990.0
374.91,3057.0
374.93,3115.0
374.94,3141.0
374.96,3184.0
374.98,3216.0
374.99,3227.0
375.01,3240.0
375.03,3240.0
375.04,3235.0
375.06,3214.0
375.08,3181.0
375.09,3160.0
375.11,3109.0
375.13,3048.0
375.14,3014.0
375.16,2940.0
375.18,2859.0
375.19,2817.0
375.21,2728.0
375.22,2683.0
375.24,2590.0
375.26,2497.0
375.27,2450.0
375.29,2356.0
375.31,2263.0
375.32,2217.0
375.34,2127.0
375.36,2039.0
375.37,1996.0
375.39,1913.0
375.41,1834.0
375.42,1795.0
375.44,1723.0
375.46,1657.0
375.47,1626.0
375.49,1571.0
375.51,1525.0
375.52,1505.0
375.54,1476.0
375.55,1466.0
375.57,1457.0
375.59,1463.0
375.6,1473.0
375.62,1506.0
375.64,1557.0
375.65,1591.0
375.67,1672.0
375.69,1773.0
375.7,1831.0
375.72,1962.0
375.74,2110.0
375.75,2190.0
375.77,2362.0
375.79,2547.0
375.8,2644.0
375.82,2842.0
375.84,3046.0
375.85,3148.0
375.87,3352.0
375.89,3552.0
375.9,3649.0
375.92,3836.0
375.93,3925.0
375.95,4091.0
375.97,4240.0
375.98,4307.0
376.0,4425.0
376.02,4520.0
376.03,4559.0
376.05,4618.0
376.07,4653.0
376.08,4661.0
376.1,4659.0
376.12,4634.0
376.13,4612.0
376.15,4554.0
376.17,4475.0
376.18,4429.0
376.2,4324.0
376.22,4205.0
376.23,4140.0
376.25,4002.0
376.27,3855.0
376.28,3778.0
376.3,3622.0
376.31,3542.0
376.33,3380.0
376.35,3217.0
376.36,3136.0
376.38,2976.0
376.4,2818.0
376.41,2741.0
376.43,2590.0
376.45,2446.0
376.46,2376.0
376.48,2242.0
376.5,2115.0
376.51,2054.0
376.53,1939.0
376.55,1831.0
376.56,1780.0
376.58,1684.0
376.6,1594.0
376.61,1552.0
376.63,1473.0
376.65,1400.0
376.66,1365.0
376.68,1299.0
376.69,1268.0
376.71,1209.0
376.73,1153.0
376.74,1126.0
376.76,1074.0
376.78,1025.0
376.79,1001.0
376.81,953.9
376.83,909.0
376.84,887.2
376.86,845.1
376.88,805.2
376.89,786.3
376.91,750.9
376.93,719.5
376.94,705.6
376.96,682.1
376.98,665.4
376.99,660.0
377.01,656.2
377.03,662.9
377.04,670.7
377.06,696.4
377.07,714.7
377.09,763.0
377.11,828.4
377.12,867.9
377.14,961.3
377.16,1075.0
377.17,1139.0
377.19,1284.0
377.21,1449.0
377.22,1539.0
377.24,1734.0
377.26,1947.0
377.27,2060.0
377.29,2296.0
377.31,2543.0
377.32,2669.0
377.34,2925.0
377.36,3182.0
377.37,3309.0
377.39,3557.0
377.4,3676.0
377.42,3903.0
377.44,4108.0
377.45,4202.0
377.47,4367.0
377.49,4500.0
377.5,4553.0
377.52,4632.0
377.54,4671.0
377.55,4676.0
377.57,4655.0
377.59,4595.0
377.6,4551.0
377.62,4435.0
377.64,4286.0
377.65,4200.0
377.67,4008.0
377.69,3793.0
377.7,3679.0
377.72,3439.0
377.74,3189.0
377.75,3062.0
377.77,2805.0
377.78,2677.0
377.8,2425.0
377.82,2179.0
377.83,2060.0
377.85,1830.0
377.87,1614.0
377.88,1512.0
377.9,1320.0
377.92,1144.0
377.93,1062.0
377.95,911.1
377.97,776.6
377.98,715.3
378.0,604.0
378.02,507.2
378.03,463.8
378.05,386.4
378.07,320.6
378.08,291.7
378.1,241.0
378.12,199.1
378.13,181.1
378.15,150.4
378.16,137.5
378.18,116.3
378.2,100.4
378.21,94.32
378.23,85.59
378.25,81.16
378.26,80.48
378.28,82.09
378.3,87.62
378.31,91.87
378.33,103.4
378.35,119.2
378.36,128.7
378.38,151.4
378.4,179.1
378.41,195.1
378.43,231.4
378.45,274.1
378.46,298.0
378.48,351.4
378.5,412.8
378.51,446.6
378.53,521.1
378.54,561.7
378.56,650.4
378.58,749.0
378.59,802.2
378.61,916.2
378.63,1040.0
378.64,1106.0
378.66,1245.0
378.68,1393.0
378.69,1469.0
378.71,1628.0
378.73,1791.0
378.74,1874.0
378.76,2042.0
378.78,2208.0
378.79,2291.0
378.81,2451.0
378.83,2604.0
378.84,2676.0
378.86,2811.0
378.87,2873.0
378.89,2984.0
378.91,3074.0
378.92,3112.0
378.94,3169.0
378.96,3203.0
378.97,3210.0
378.99,3206.0
379.01,3177.0
379.02,3153.0
379.04,3088.0
379.06,3002.0
379.07,2952.0
379.09,2838.0
379.11,2710.0
379.12,2641.0
379.14,2497.0
379.16,2347.0
379.17,2271.0
379.19,2120.0
379.21,1971.0
379.22,1899.0
379.24,1762.0
379.25,1697.0
379.27,1576.0
379.29,1469.0
379.3,1421.0
379.32,1338.0
379.34,1273.0
379.35,1247.0
379.37,1208.0
379.39,1187.0
379.4,1183.0
379.42,1188.0
379.44,1208.0
379.45,1224.0
379.47,1266.0
379.49,1319.0
379.5,1350.0
379.52,1418.0
379.54,1492.0
379.55,1531.0
379.57,1611.0
379.59,1692.0
379.6,1732.0
379.62,1810.0
379.63,1847.0
379.65,1916.0
379.67,1978.0
379.68,2005.0
379.7,2051.0
379.72,2085.0
379.73,2097.0
379.75,2111.0
379.77,2111.0
379.78,2106.0
379.8,2085.0
379.82,2050.0
379.83,2028.0
379.85,1974.0
379.87,1909.0
379.88,1872.0
379.9,1792.0
379.92,1705.0
379.93,1659.0
379.95,1562.0
379.97,1463.0
379.98,1412.0
380.0,1310.0
380.01,1259.0
380.03,1158.0
380.05,1059.0
380.06,1011.0
380.08,917.7
380.1,829.0
380.11,786.6
380.13,706.0
380.15,631.2
380.16,596.1
380.18,530.6
380.2,471.4
380.21,444.1
380.23,394.0
380.25,349.8
380.26,329.9
380.28,294.2
380.3,263.7
380.31,250.4
380.33,227.2
380.35,208.3
380.36,200.5
380.38,187.5
380.39,182.4
380.41,174.5
380.43,169.4
380.44,167.9
380.46,166.5
380.48,167.0
380.49,167.8
380.51,170.5
380.53,174.2
380.54,176.3
380.56,180.9
380.58,185.6
380.59,188.0
380.61,192.5
380.63,196.5
380.64,198.2
380.66,201.1
380.68,203.0
380.69,203.6
380.71,203.9
380.72,203.6
380.74,202.2
380.76,199.7
380.77,198.1
380.79,194.0
380.81,189.1
380.82,186.3
380.84,180.3
380.86,173.8
380.87,170.5
380.89,163.6
380.91,156.9
380.92,153.6
380.94,147.4
380.96,141.9
380.97,139.5
380.99,135.5
381.01,132.7
381.02,131.9
381.04,131.6
381.06,133.2
381.07,134.8
381.09,139.6
381.1,143.0
381.12,151.7
381.14,163.2
381.15,170.2
381.17,186.4
381.19,206.0
381.2,217.2
381.22,242.3
381.24,271.4
381.25,287.5
381.27,322.8
381.29,362.3
381.3,383.8
381.32,429.9
381.34,480.4
381.35,507.2
381.37,564.0
381.39,624.7
381.4,656.4
381.42,722.3
381.44,790.9
381.45,826.2
381.47,897.9
381.48,934.2
381.5,1007.0
381.52,1080.0
381.53,1117.0
381.55,1188.0
381.57,1257.0
381.58,1291.0
381.6,1356.0
381.62,1418.0
381.63,1447.0
381.65,1504.0
381.67,1556.0
381.68,1581.0
381.7,1628.0
381.72,1673.0
381.73,1694.0
381.75,1737.0
381.77,1778.0
381.78,1799.0
381.8,1841.0
381.82,1886.0
381.83,1908.0
381.85,1957.0
381.86,1982.0
381.88,2034.0
381.9,2090.0
381.91,2119.0
381.93,2179.0
381.95,2240.0
381.96,2271.0
381.98,2332.0
382.0,2390.0
382.01,2418.0
382.03,2470.0
382.05,2515.0
382.06,2534.0
382.08,2565.0
382.1,2586.0
382.11,2591.0
382.13,2594.0
382.15,2583.0
382.16,2573.0
382.18,2543.0
382.19,2523.0
382.21,2476.0
382.23,2420.0
382.24,2388.0
382.26,2321.0
382.28,2249.0
382.29,2213.0
382.31,2140.0
382.33,2069.0
382.34,2035.0
382.36,1972.0
382.38,1917.0
382.39,1893.0
382.41,1853.0
382.43,1824.0
382.44,1814.0
382.46,1803.0
382.48,1804.0
382.49,1809.0
382.51,1825.0
382.53,1851.0
382.54,1867.0
382.56,1903.0
382.57,1923.0
382.59,1964.0
382.61,2007.0
382.62,2029.0
382.64,2069.0
382.66,2106.0
382.67,2122.0
382.69,2149.0
382.71,2168.0
382.72,2175.0
382.74,2181.0
382.76,2177.0
382.77,2172.0
382.79,2154.0
382.81,2127.0
382.82,2111.0
382.84,2073.0
382.86,2028.0
382.87,2004.0
382.89,1954.0
382.91,1901.0
382.92,1874.0
382.94,1822.0
382.95,1796.0
382.97,1747.0
382.99,1703.0
383.0,1684.0
383.02,1650.0
383.04,1624.0
383.05,1615.0
383.07,1603.0
383.09,1601.0
383.1,1603.0
383.12,1616.0
383.14,1639.0
383.15,1654.0
383.17,1689.0
383.19,1732.0
383.2,1756.0
383.22,1808.0
383.24,1862.0
383.25,1890.0
383.27,1946.0
383.29,2001.0
383.3,2027.0
383.32,2075.0
383.33,2097.0
383.35,2134.0
383.37,2163.0
383.38,2174.0
383.4,2186.0
383.42,2187.0
383.43,2183.0
383.45,2165.0
383.47,2135.0
383.48,2116.0
383.5,2069.0
383.52,2012.0
383.53,1980.0
383.55,1910.0
383.57,1833.0
383.58,1793.0
383.6,1711.0
383.62,1627.0
383.63,1585.0
383.65,1502.0
383.67,1423.0
383.68,1385.0
383.7,1314.0
383.71,1280.0
383.73,1220.0
383.75,1168.0
383.76,1145.0
383.78,1107.0
383.8,1078.0
383.81,1067.0
383.83,1052.0
383.85,1046.0
383.86,1047.0
383.88,1053.0
383.9,1066.0
383.91,1075.0
383.93,1096.0
383.95,1121.0
383.96,1134.0
383.98,1162.0
384.0,1190.0
384.01,1204.0
384.03,1231.0
384.04,1243.0
384.06,1265.0
384.08,1282.0
384.09,1288.0
384.11,1296.0
384.13,1298.0
384.14,1296.0
384.16,1287.0
384.18,1270.0
384.19,1259.0
384.21,1230.0
384.23,1195.0
384.24,1175.0
384.26,1130.0
384.28,1080.0
384.29,1053.0
384.31,995.6
384.33,935.7
384.34,904.9
384.36,842.4
384.38,779.5
384.39,748.2
384.41,686.7
384.42,656.7
384.44,598.6
384.46,543.8
384.47,517.7
384.49,468.8
384.51,424.5
384.52,404.1
384.54,367.1
384.56,335.2
384.57,321.1
384.59,296.7
384.61,277.2
384.62,269.2
384.64,256.7
384.66,248.5
384.67,245.9
384.69,243.5
384.71,244.6
384.72,246.3
384.74,251.8
384.76,259.8
384.77,264.6
384.79,275.5
384.8,281.5
384.82,294.5
384.84,308.4
384.85,315.5
384.87,329.9
384.89,344.2
384.9,351.2
384.92,364.6
384.94,377.1
384.95,382.9
384.97,393.4
384.99,402.3
385.0,406.0
385.02,412.0
385.04,416.0
385.05,417.1
385.07,417.9
385.09,416.7
385.1,415.3
385.12,411.1
385.14,405.2
385.15,401.6
385.17,393.5
385.18,389.0
385.2,379.4
385.22,369.1
385.23,363.9
385.25,353.3
385.27,343.0
385.28,338.1
385.3,328.8
385.32,320.5
385.33,316.8
385.35,310.6
385.37,306.1
385.38,304.5
385.4,302.9
385.42,303.3
385.43,304.4
385.45,308.2
385.47,314.5
385.48,318.5
385.5,328.4
385.51,334.3
385.53,348.0
385.55,364.3
385.56,373.4
385.58,393.6
385.6,416.3
385.61,428.7
385.63,455.5
385.65,485.0
385.66,500.8
385.68,534.4
385.7,570.8
385.71,590.0
385.73,630.4
385.75,673.4
385.76,695.8
385.78,742.4
385.8,791.0
385.81,816.0
385.83,867.1
385.85,919.1
385.86,945.3
385.88,997.8
385.89,1024.0
385.91,1075.0
385.93,1124.0
385.94,1148.0
385.96,1193.0
385.98,1233.0
385.99,1252.0
386.01,1285.0
386.03,1312.0
386.04,1323.0
386.06,1339.0
386.08,1349.0
386.09,1350.0
386.11,1348.0
386.13,1339.0
386.14,1331.0
386.16,1311.0
386.18,1284.0
386.19,1268.0
386.21,1233.0
386.23,1192.0
386.24,1171.0
386.26,1126.0
386.27,1102.0
386.29,1054.0
386.31,1004.0
386.32,979.5
386.34,930.5
386.36,882.6
386.37,859.3
386.39,814.3
386.41,771.8
386.42,751.6
386.44,713.4
386.46,678.5
386.47,662.2
386.49,632.0
386.51,605.0
386.52,592.6
386.54,570.0
386.56,550.0
386.57,540.9
386.59,524.3
386.61,509.7
386.62,503.0
386.64,490.7
386.65,485.0
386.67,474.3
386.69,464.4
386.7,459.7
386.72,450.5
386.74,441.7
386.75,437.3
386.77,428.8
386.79,420.3
386.8,416.1
386.82,407.9
386.84,400.0
386.85,396.1
386.87,388.9
386.89,382.2
386.9,379.2
386.92,374.0
386.94,369.8
386.95,368.3
386.97,366.3
386.98,365.9
387.0,366.3
387.02,368.6
387.03,370.4
387.05,375.4
387.07,382.3
387.08,386.5
387.1,396.0
387.12,407.0
387.13,413.0
387.15,425.9
387.17,439.6
387.18,446.6
387.2,461.0
387.22,475.2
387.23,482.2
387.25,495.5
387.27,507.9
387.28,513.5
387.3,523.7
387.32,532.0
387.33,535.4
387.35,540.6
387.36,542.3
387.38,544.2
387.4,543.8
387.41,542.8
387.43,539.4
387.45,534.2
387.46,531.0
387.48,523.8
387.5,515.6
387.51,511.4
387.53,502.7
387.55,494.3
387.56,490.4
387.58,483.1
387.6,477.2
387.61,474.9
387.63,471.5
387.65,470.3
387.66,470.4
387.68,472.5
387.7,476.8
387.71,479.7
387.73,487.2
387.74,491.6
387.76,501.8
387.78,513.4
387.79,519.6
387.81,532.7
387.83,546.1
387.84,552.9
387.86,566.4
387.88,579.3
387.89,585.5
387.91,597.3
387.93,608.0
387.94,612.9
387.96,621.9
387.98,629.7
387.99,633.3
388.01,639.7
388.03,645.5
388.04,648.1
388.06,653.3
388.08,658.5
388.09,661.2
388.11,666.8
388.12,669.8
388.14,676.4
388.16,683.8
388.17,687.8
388.19,696.5
388.21,706.1
388.22,711.1
388.24,721.8
388.26,733.0
388.27,738.7
388.29,750.4
388.31,762.1
388.32,768.0
388.34,779.6
388.36,790.9
388.37,796.4
388.39,807.3
388.41,817.8
388.42,823.0
388.44,833.4
388.46,843.7
388.47,849.0
388.49,859.9
388.5,865.5
388.52,877.4
388.54,890.3
388.55,897.3
388.57,912.2
388.59,928.8
388.6,937.8
388.62,957.4
388.64,979.3
388.65,991.2
388.67,1017.0
388.69,1046.0
388.7,1062.0
388.72,1096.0
388.74,1135.0
388.75,1156.0
388.77,1201.0
388.79,1252.0
388.8,1279.0
388.82,1338.0
388.83,1370.0
388.85,1438.0
388.87,1513.0
388.88,1552.0
388.9,1636.0
388.92,1725.0
388.93,1772.0
388.95,1868.0
388.97,1968.0
388.98,2019.0
389.0,2121.0
389.02,2222.0
389.03,2271.0
389.05,2367.0
389.07,2456.0
389.08,2497.0
389.1,2573.0
389.12,2637.0
389.13,2664.0
389.15,2706.0
389.17,2733.0
389.18,2740.0
389.2,2741.0
389.21,2735.0
389.23,2710.0
389.25,2668.0
389.26,2641.0
389.28,2575.0
389.3,2495.0
389.31,2451.0
389.33,2354.0
389.35,2249.0
389.36,2194.0
389.38,2080.0
389.4,1964.0
389.41,1905.0
389.43,1789.0
389.45,1676.0
389.46,1621.0
389.48,1516.0
389.5,1416.0
389.51,1370.0
389.53,1282.0
389.55,1202.0
389.56,1165.0
389.58,1098.0
389.59,1067.0
389.61,1011.0
389.63,962.6
389.64,940.8
389.66,901.8
389.68,868.5
389.69,853.7
389.71,827.4
389.73,805.1
389.74,795.3
389.76,778.1
389.78,763.7
389.79,757.5
389.81,746.8
389.83,738.4
389.84,734.9
389.86,729.5
389.88,726.0
389.89,725.0
389.91,724.1
389.93,724.9
389.94,725.8
389.96,728.7
389.97,730.6
389.99,735.0
390.01,740.2
390.02,743.0
390.04,748.7
390.06,754.4
390.07,757.1
390.09,762.1
390.11,766.5
390.12,768.3
390.14,771.1
390.16,772.9
390.17,773.4
390.19,773.5
390.21,772.7
390.22,771.9
390.24,770.0
390.26,767.8
390.27,766.6
390.29,764.4
390.3,763.5
390.32,762.3
390.34,762.1
390.35,762.6
390.37,764.6
390.39,768.5
390.4,771.1
390.42,777.9
390.44,786.5
390.45,791.6
390.47,802.9
390.49,815.7
390.5,822.5
390.52,836.6
390.54,850.9
390.55,857.9
390.57,871.4
390.59,883.5
390.6,888.9
390.62,897.6
390.64,903.3
390.65,904.8
390.67,904.9
390.68,903.3
390.7,896.8
390.72,885.7
390.73,878.3
390.75,859.9
390.77,836.9
390.78,823.7
390.8,794.3
390.82,761.3
390.83,743.5
390.85,706.0
390.87,666.5
390.88,646.2
390.9,605.0
390.92,563.8
390.93,543.3
390.95,503.3
390.97,464.9
390.98,446.6
391.0,412.0
391.02,380.4
391.03,366.0
391.05,339.7
391.06,328.1
391.08,307.7
391.1,291.3
391.11,284.7
391.13,274.2
391.15,267.5
391.16,265.5
391.18,264.1
391.2,265.7
391.21,267.5
391.23,273.0
391.25,280.5
391.26,284.9
391.28,294.7
391.3,305.4
391.31,310.9
391.33,322.2
391.35,333.2
391.36,338.5
391.38,348.6
391.4,357.5
391.41,361.5
391.43,368.2
391.44,371.0
391.46,375.1
391.48,377.4
391.49,377.7
391.51,377.0
391.53,374.4
391.54,372.4
391.56,367.1
391.58,360.3
391.59,356.3
391.61,347.5
391.63,337.7
391.64,332.5
391.66,321.7
391.68,310.6
391.69,305.0
391.71,294.0
391.73,283.3
391.74,278.2
391.76,268.5
391.78,259.7
391.79,255.7
391.81,248.6
391.82,245.5
391.84,240.3
391.86,236.5
391.87,235.2
391.89,233.6
391.91,233.5
391.92,233.9
391.94,235.9
391.96,239.3
391.97,241.4
391.99,246.6
392.01,252.9
392.02,256.4
392.04,264.0
392.06,272.4
392.07,276.9
392.09,286.1
392.11,295.8
392.12,300.7
392.14,310.6
392.15,315.6
392.17,325.5
392.19,335.1
392.2,339.8
392.22,349.0
392.24,357.6
392.25,361.7
392.27,369.5
392.29,376.5
392.3,379.8
392.32,385.7
392.34,390.9
392.35,393.1
392.37,397.1
392.39,400.3
392.4,401.6
392.42,403.6
392.44,405.1
392.45,405.5
392.47,406.1
392.49,406.3
392.5,406.2
392.52,406.0
392.53,405.9
392.55,405.7
392.57,405.7
392.58,405.9
392.6,406.7
392.62,408.2
392.63,409.4
392.65,412.7
392.67,417.4
392.68,420.5
392.7,428.0
392.72,437.8
392.73,443.7
392.75,457.6
392.77,474.9
392.78,484.9
392.8,508.2
392.82,536.2
392.83,552.3
392.85,588.9
392.87,632.5
392.88,657.3
392.9,713.4
392.91,745.1
392.93,816.8
392.95,900.9
392.96,948.1
392.98,1054.0
393.0,1177.0
393.01,1245.0
393.03,1396.0
393.05,1569.0
393.06,1664.0
393.08,1872.0
393.1,2105.0
393.11,2231.0
393.13,2501.0
393.15,2797.0
393.16,2954.0
393.18,3285.0
393.2,3636.0
393.21,3818.0
393.23,4193.0
393.25,4577.0
393.26,4772.0
393.28,5160.0
393.29,5353.0
393.31,5730.0
393.33,6090.0
393.34,6261.0
393.36,6580.0
393.38,6864.0
393.39,6990.0
393.41,7206.0
393.43,7371.0
393.44,7432.0
393.46,7511.0
393.48,7530.0
393.49,7516.0
393.51,7444.0
393.53,7312.0
393.54,7225.0
393.56,7011.0
393.58,6749.0
393.59,6602.0
393.61,6280.0
393.62,6108.0
393.64,5745.0
393.66,5366.0
393.67,5174.0
393.69,4789.0
393.71,4413.0
393.72,4232.0
393.74,3889.0
393.76,3581.0
393.77,3445.0
393.79,3212.0
393.81,3045.0
393.82,2990.0
393.84,2947.0
393.86,3007.0
393.87,3081.0
393.89,3329.0
393.91,3730.0
393.92,3995.0
393.94,4672.0
393.96,5566.0
393.97,6105.0
393.99,7387.0
394.0,8138.0
394.02,9881.0
394.04,11980.0
394.05,13170.0
394.07,15850.0
394.09,18970.0
394.1,20690.0
394.12,24500.0
394.14,28780.0
394.15,31100.0
394.17,36100.0
394.19,41550.0
394.2,44440.0
394.22,50520.0
394.24,56950.0
394.25,60270.0
394.27,67070.0
394.29,74010.0
394.3,77490.0
394.32,84420.0
394.34,91180.0
394.35,94460.0
394.37,100700.0
394.38,103700.0
394.4,109200.0
394.42,113900.0
394.43,116000.0
394.45,119600.0
394.47,122200.0
394.48,123100.0
394.5,124200.0
394.52,124200.0
394.53,123800.0
394.55,122300.0
394.57,119700.0
394.58,118100.0
394.6,114200.0
394.62,109400.0
394.63,106800.0
394.65,101100.0
394.67,94910.0
394.68,91670.0
394.7,84980.0
394.72,78130.0
394.73,74690.0
394.75,67840.0
394.76,64460.0
394.78,57850.0
394.8,51520.0
394.81,48480.0
394.83,42690.0
394.85,37320.0
394.86,34810.0
394.88,30130.0
394.9,25910.0
394.91,23980.0
394.93,20460.0
394.95,17380.0
394.96,16000.0
394.98,13520.0
395.0,11410.0
395.01,10470.0
395.03,8831.0
395.05,7458.0
395.06,6861.0
395.08,5823.0
395.1,4967.0
395.11,4598.0
395.13,3961.0
395.14,3686.0
395.16,3211.0
395.18,2818.0
395.19,2648.0
395.21,2350.0
395.23,2100.0
395.24,1990.0
395.26,1794.0
395.28,1626.0
395.29,1551.0
395.31,1417.0
395.33,1304.0
395.34,1254.0
395.36,1169.0
395.38,1104.0
395.39,1080.0
395.41,1048.0
395.43,1043.0
395.44,1051.0
395.46,1095.0
395.47,1132.0
395.49,1241.0
395.51,1405.0
395.52,1512.0
395.54,1785.0
395.56,2152.0
395.57,2378.0
395.59,2929.0
395.61,3637.0
395.62,4061.0
395.64,5073.0
395.66,6339.0
395.67,7082.0
395.69,8824.0
395.71,10950.0
395.72,12190.0
395.74,15020.0
395.76,18400.0
395.77,20330.0
395.79,24670.0
395.81,29750.0
395.82,32570.0
395.84,38850.0
395.85,42310.0
395.87,49900.0
395.89,58400.0
395.9,62990.0
395.92,72850.0
395.94,83580.0
395.95,89260.0
395.97,101200.0
395.99,113800.0
396.0,120200.0
396.02,133500.0
396.04,147100.0
396.05,153800.0
396.07,167300.0
396.09,180500.0
396.1,186900.0
396.12,199000.0
396.14,210200.0
396.15,215400.0
396.17,224600.0
396.19,232300.0
396.2,235500.0
396.22,240500.0
396.23,242300.0
396.25,244300.0
396.27,244300.0
396.28,243500.0
396.3,240400.0
396.32,235400.0
396.33,232100.0
396.35,224400.0
396.37,215100.0
396.38,209900.0
396.4,198700.0
396.42,186500.0
396.43,180100.0
396.45,167000.0
396.47,153500.0
396.48,146700.0
396.5,133200.0
396.52,119900.0
396.53,113400.0
396.55,100900.0
396.57,89070.0
396.58,83430.0
396.6,72800.0
396.61,67820.0
396.63,58550.0
396.65,50210.0
396.66,46390.0
396.68,39430.0
396.7,33360.0
396.71,30640.0
396.73,25790.0
396.75,21680.0
396.76,19880.0
396.78,16730.0
396.8,14140.0
396.81,13030.0
396.83,11120.0
396.85,9590.0
396.86,8945.0
396.88,7857.0
396.9,6996.0
396.91,6636.0
396.93,6030.0
396.94,5774.0
396.96,5338.0
396.98,4978.0
396.99,4820.0
397.01,4535.0
397.03,4280.0
397.04,4159.0
397.06,3927.0
397.08,3702.0
397.09,3591.0
397.11,3370.0
397.13,3149.0
397.14,3039.0
397.16,2819.0
397.18,2602.0
397.19,2495.0
397.21,2285.0
397.23,2082.0
397.24,1983.0
397.26,1794.0
397.28,1616.0
397.29,1532.0
397.31,1373.0
397.32,1298.0
397.34,1158.0
397.36,1031.0
397.37,972.8
397.39,865.2
397.41,769.3
397.42,725.6
397.44,646.0
397.46,575.9
397.47,544.1
397.49,486.4
397.51,435.9
397.52,413.1
397.54,371.6
397.56,335.2
397.57,318.7
397.59,288.8
397.61,262.7
397.62,250.9
397.64,229.8
397.66,211.8
397.67,203.9
397.69,190.4
397.7,184.9
397.72,176.1
397.74,170.5
397.75,169.0
397.77,168.8
397.79,172.5
397.8,175.9
397.82,186.1
397.84,200.9
397.85,210.2
397.87,232.8
397.89,260.9
397.9,277.1
397.92,314.1
397.94,357.3
397.95,381.2
397.97,433.8
397.99,492.5
398.0,524.2
398.02,591.8
398.04,664.9
398.05,703.3
398.07,783.2
398.08,824.7
398.1,909.7
398.12,996.8
398.13,1041.0
398.15,1129.0
398.17,1216.0
398.18,1259.0
398.2,1343.0
398.22,1423.0
398.23,1461.0
398.25,1534.0
398.27,1602.0
398.28,1634.0
398.3,1693.0
398.32,1748.0
398.33,1773.0
398.35,1822.0
398.37,1869.0
398.38,1893.0
398.4,1941.0
398.41,1967.0
398.43,2022.0
398.45,2086.0
398.46,2122.0
398.48,2203.0
398.5,2301.0
398.51,2357.0
398.53,2484.0
398.55,2633.0
398.56,2717.0
398.58,2902.0
398.6,3111.0
398.61,3225.0
398.63,3471.0
398.65,3738.0
398.66,3878.0
398.68,4171.0
398.7,4477.0
398.71,4632.0
398.73,4946.0
398.75,5258.0
398.76,5411.0
398.78,5706.0
398.79,5847.0
398.81,6112.0
398.83,6347.0
398.84,6452.0
398.86,6632.0
398.88,6769.0
398.89,6820.0
398.91,6886.0
398.93,6901.0
398.94,6889.0
398.96,6828.0
398.98,6716.0
398.99,6642.0
399.01,6460.0
399.03,6237.0
399.04,6110.0
399.06,5833.0
399.08,5526.0
399.09,5364.0
399.11,5027.0
399.13,4676.0
399.14,4498.0
399.16,4140.0
399.17,3961.0
399.19,3608.0
399.21,3265.0
399.22,3098.0
399.24,2777.0
399.26,2475.0
399.27,2331.0
399.29,2062.0
399.31,1816.0
399.32,1702.0
399.34,1493.0
399.36,1309.0
399.37,1226.0
399.39,1078.0
399.41,952.3
399.42,897.8
399.44,804.1
399.46,730.0
399.47,699.8
399.49,652.1
399.51,620.0
399.52,609.4
399.54,598.1
399.55,597.1
399.57,603.4
399.59,619.7
399.6,631.2
399.62,660.3
399.64,696.4
399.65,716.7
399.67,761.3
399.69,810.0
399.7,835.6
399.72,888.6
399.74,943.0
399.75,970.4
399.77,1025.0
399.79,1078.0
399.8,1103.0
399.82,1152.0
399.84,1196.0
399.85,1216.0
399.87,1252.0
399.89,1281.0
399.9,1292.0
399.92,1310.0
399.93,1315.0
399.95,1320.0
399.97,1315.0
399.98,1309.0
400.0,1291.0
400.02,1265.0
400.03,1248.0
400.05,1210.0
400.07,1164.0
400.08,1139.0
400.1,1084.0
400.12,1026.0
400.13,995.1
400.15,932.0
400.17,867.7
400.18,835.5
400.2,771.6
400.22,709.3
400.23,679.2
400.25,621.4
400.26,594.0
400.28,542.6
400.3,496.3
400.31,475.2
400.33,437.5
400.35,405.7
400.36,392.2
400.38,369.7
400.4,353.4
400.41,347.6
400.43,340.3
400.45,338.6
400.46,339.8
400.48,346.1
400.5,357.1
400.51,364.3
400.53,381.7
400.55,402.7
400.56,414.5
400.58,440.2
400.6,468.3
400.61,483.1
400.63,513.9
400.64,529.8
400.66,562.1
400.68,594.6
400.69,610.9
400.71,642.8
400.73,673.6
400.74,688.4
400.76,716.4
400.78,741.9
400.79,753.5
400.81,774.1
400.83,790.9
400.84,797.7
400.86,808.1
400.88,813.8
400.89,814.8
400.91,813.2
400.93,806.7
400.94,801.6
400.96,787.9
400.98,769.7
400.99,759.0
401.01,734.7
401.02,721.2
401.04,691.8
401.06,659.8
401.07,643.1
401.09,608.3
401.11,572.4
401.12,554.3
401.14,518.0
401.16,482.1
401.17,464.5
401.19,430.3
401.21,397.6
401.22,382.0
401.24,352.3
401.26,324.9
401.27,312.1
401.29,288.3
401.31,267.0
401.32,257.2
401.34,239.4
401.36,223.8
401.37,216.7
401.39,204.0
401.4,198.3
401.42,188.1
401.44,179.1
401.45,175.0
401.47,167.6
401.49,160.9
401.5,157.8
401.52,151.9
401.54,146.3
401.55,143.6
401.57,138.2
401.59,132.9
401.6,130.2
401.62,124.9
401.64,119.5
401.65,116.7
401.67,111.3
401.69,105.8
401.7,103.1
401.72,97.77
401.73,95.14
401.75,90.03
401.77,85.16
401.78,82.84
401.8,78.49
401.82,74.56
401.83,72.78
401.85,69.62
401.87,67.05
401.88,66.01
401.9,64.42
401.92,63.55
401.93,63.39
401.95,63.63
401.97,64.65
401.98,65.45
402.0,67.63
402.02,70.58
402.03,72.34
402.05,76.4
402.07,81.17
402.08,83.8
402.1,89.53
402.11,92.62
402.13,99.18
402.15,106.2
402.16,109.9
402.18,117.5
402.2,125.4
402.21,129.4
402.23,137.5
402.25,145.6
402.26,149.6
402.28,157.7
402.3,165.5
402.31,169.3
402.33,176.6
402.35,183.5
402.36,186.7
402.38,192.8
402.4,198.2
402.41,200.7
402.43,205.0
402.45,208.5
402.46,209.9
402.48,212.1
402.49,212.9
402.51,213.7
402.53,213.6
402.54,213.3
402.56,212.0
402.58,209.9
402.59,208.6
402.61,205.5
402.63,202.0
402.64,200.1
402.66,196.1
402.68,192.1
402.69,190.1
402.71,186.3
402.73,182.9
402.74,181.5
402.76,179.2
402.78,177.8
402.79,177.6
402.81,178.0
402.83,179.7
402.84,181.2
402.86,185.2
402.87,187.8
402.89,194.2
402.91,202.2
402.92,206.8
402.94,217.2
402.96,228.9
402.97,235.3
402.99,248.9
403.01,263.5
403.02,271.0
403.04,286.6
403.06,302.4
403.07,310.4
403.09,326.0
403.11,341.2
403.12,348.6
403.14,362.4
403.16,375.0
403.17,380.8
403.19,391.0
403.21,399.3
403.22,402.7
403.24,407.8
403.25,409.6
403.27,411.3
403.29,410.7
403.3,409.5
403.32,405.4
403.34,399.1
403.35,395.1
403.37,385.7
403.39,374.5
403.4,368.3
403.42,354.7
403.44,339.9
403.45,332.1
403.47,315.9
403.49,299.2
403.5,290.7
403.52,273.7
403.54,256.9
403.55,248.7
403.57,232.6
403.58,224.8
403.6,210.1
403.62,196.5
403.63,190.1
403.65,178.6
403.67,168.7
403.68,164.4
403.7,157.2
403.72,151.9
403.73,150.0
403.75,147.6
403.77,147.3
403.78,147.8
403.8,150.5
403.82,155.0
403.83,158.0
403.85,165.3
403.87,174.2
403.88,179.2
403.9,190.2
403.92,202.5
403.93,209.0
403.95,222.6
403.96,229.7
403.98,244.3
404.0,259.3
404.01,266.9
404.03,282.2
404.05,297.6
404.06,305.3
404.08,320.6
404.1,336.0
404.11,343.8
404.13,359.5
404.15,375.6
404.16,384.0
404.18,401.4
404.2,420.2
404.21,430.3
404.23,451.9
404.25,476.1
404.26,489.2
404.28,518.1
404.3,550.5
404.31,568.2
404.33,606.8
404.34,627.8
404.36,672.9
404.38,722.5
404.39,748.9
404.41,804.6
404.43,863.8
404.44,894.6
404.46,957.8
404.48,1023.0
404.49,1055.0
404.51,1120.0
404.53,1183.0
404.54,1214.0
404.56,1272.0
404.58,1326.0
404.59,1350.0
404.61,1394.0
404.63,1429.0
404.64,1443.0
404.66,1464.0
404.68,1475.0
404.69,1476.0
404.71,1471.0
404.72,1464.0
404.74,1442.0
404.76,1411.0
404.77,1391.0
404.79,1345.0
404.81,1291.0
404.82,1261.0
404.84,1198.0
404.86,1129.0
404.87,1094.0
404.89,1022.0
404.91,948.4
404.92,912.0
404.94,840.6
404.96,772.1
404.97,739.3
404.99,677.6
405.01,621.8
405.02,596.4
405.04,551.1
405.05,531.4
405.07,497.9
405.09,472.8
405.1,463.5
405.12,451.3
405.14,447.6
405.15,448.8
405.17,457.2
405.19,473.1
405.2,483.7
405.22,509.7
405.24,541.4
405.25,559.1
405.27,597.6
405.29,639.2
405.3,660.9
405.32,705.1
405.34,749.7
405.35,771.6
405.37,814.4
405.39,854.4
405.4,873.1
405.42,907.2
405.43,922.3
405.45,948.4
405.47,968.1
405.48,975.5
405.5,984.9
405.52,987.1
405.53,985.4
405.55,976.6
405.57,960.7
405.58,950.3
405.6,924.7
405.62,893.3
405.63,875.8
405.65,837.3
405.67,795.3
405.68,773.2
405.7,727.5
405.72,680.7
405.73,657.1
405.75,610.3
405.77,564.7
405.78,542.6
405.8,500.2
405.81,480.1
405.83,442.4
405.85,408.6
405.86,393.3
405.88,366.0
405.9,343.5
405.91,334.0
405.93,319.0
405.95,309.0
405.96,305.9
405.98,303.7
406.0,306.5
406.01,309.8
406.03,320.0
406.05,335.0
406.06,344.3
406.08,366.1
406.1,392.2
406.11,406.8
406.13,438.7
406.15,474.1
406.16,492.9
406.18,532.6
406.19,553.3
406.21,596.1
406.23,640.3
406.24,662.6
406.26,707.3
406.28,751.6
406.29,773.2
406.31,815.1
406.33,854.4
406.34,872.9
406.36,906.8
406.38,936.2
406.39,949.0
406.41,970.4
406.43,985.8
406.44,991.1
406.46,996.8
406.48,995.9
406.49,992.9
406.51,982.0
406.53,964.7
406.54,953.8
406.56,927.7
406.57,912.8
406.59,879.3
406.61,841.9
406.62,822.0
406.64,780.1
406.66,736.4
406.67,714.2
406.69,669.5
406.71,625.2
406.72,603.5
406.74,561.4
406.76,521.7
406.77,503.0
406.79,468.2
406.81,437.2
406.82,423.3
406.84,398.9
406.86,379.2
406.87,371.2
406.89,358.9
406.9,354.7
406.92,349.8
406.94,349.7
406.95,351.4
406.97,358.1
406.99,368.9
407.0,375.7
407.02,391.9
407.04,411.1
407.05,421.6
407.07,444.2
407.09,468.2
407.1,480.6
407.12,505.8
407.14,530.8
407.15,543.2
407.17,567.1
407.19,589.5
407.2,600.1
407.22,619.6
407.24,636.8
407.25,644.5
407.27,658.0
407.28,663.8
407.3,673.7
407.32,681.4
407.33,684.6
407.35,689.9
407.37,694.2
407.38,696.2
407.4,700.3
407.42,705.1
407.43,708.0
407.45,715.2
407.47,724.8
407.48,730.7
407.5,745.0
407.52,763.0
407.53,773.4
407.55,797.1
407.57,824.8
407.58,840.0
407.6,872.9
407.62,908.8
407.63,927.6
407.65,966.4
407.66,986.2
407.68,1026.0
407.7,1065.0
407.71,1083.0
407.73,1119.0
407.75,1151.0
407.76,1165.0
407.78,1189.0
407.8,1207.0
407.81,1213.0
407.83,1221.0
407.85,1220.0
407.86,1217.0
407.88,1204.0
407.9,1184.0
407.91,1171.0
407.93,1139.0
407.95,1101.0
407.96,1080.0
407.98,1033.0
408.0,981.8
408.01,954.9
408.03,899.1
408.04,870.5
408.06,812.7
408.08,754.8
408.09,726.2
408.11,670.2
408.13,616.5
408.14,590.8
408.16,542.0
408.18,497.2
408.19,476.4
408.21,438.2
408.23,404.7
408.24,389.8
408.26,363.5
408.28,341.9
408.29,332.8
408.31,317.9
408.33,307.2
408.34,303.2
408.36,298.0
408.37,296.6
408.39,296.1
408.41,298.3
408.42,300.2
408.44,305.6
408.46,312.7
408.47,316.8
408.49,325.8
408.51,335.6
408.52,340.7
408.54,351.2
408.56,361.7
408.57,366.9
408.59,377.0
408.61,386.6
408.62,391.0
408.64,399.2
408.66,406.2
408.67,409.2
408.69,414.1
408.71,417.4
408.72,418.4
408.74,418.9
408.75,418.4
408.77,416.0
408.79,411.6
408.8,408.6
408.82,401.1
408.84,391.6
408.85,386.2
408.87,373.9
408.89,360.0
408.9,352.4
408.92,336.3
408.94,319.0
408.95,310.0
408.97,291.4
408.99,272.3
409.0,262.6
409.02,243.1
409.04,223.7
409.05,214.1
409.07,195.3
409.09,177.1
409.1,168.3
409.12,151.3
409.13,143.2
409.15,127.8
409.17,113.6
409.18,106.9
409.2,94.51
409.22,83.32
409.23,78.19
409.25,68.84
409.27,60.68
409.28,57.02
409.3,50.55
409.32,45.13
409.33,42.79
409.35,38.82
409.37,35.72
409.38,34.49
409.4,32.59
409.42,31.42
409.43,31.08
409.45,30.88
409.47,31.27
409.48,31.68
409.5,32.9
409.51,33.71
409.53,35.72
409.55,38.27
409.56,39.74
409.58,43.12
409.6,47.12
409.61,49.37
409.63,54.44
409.65,60.37
409.66,63.69
409.68,71.19
409.7,79.98
409.71,84.93
409.73,96.11
409.75,109.3
409.76,116.7
409.78,133.4
409.8,153.1
409.81,164.2
409.83,189.0
409.85,217.8
409.86,233.9
409.88,269.7
409.89,289.6
409.91,333.4
409.93,383.1
409.94,410.2
409.96,469.4
409.98,535.1
409.99,570.5
410.01,646.4
410.03,728.9
410.04,772.6
410.06,864.5
410.08,962.1
410.09,1013.0
410.11,1117.0
410.13,1225.0
410.14,1280.0
410.16,1391.0
410.18,1502.0
410.19,1557.0
410.21,1665.0
410.22,1718.0
410.24,1819.0
410.26,1914.0
410.27,1959.0
410.29,2041.0
410.31,2112.0
410.32,2143.0
410.34,2197.0
410.36,2236.0
410.37,2251.0
410.39,2269.0
410.41,2273.0
410.42,2270.0
410.44,2252.0
410.46,2220.0
410.47,2199.0
410.49,2149.0
410.51,2086.0
410.52,2052.0
410.54,1976.0
410.56,1892.0
410.57,1848.0
410.59,1757.0
410.6,1710.0
410.62,1615.0
410.64,1519.0
410.65,1472.0
410.67,1378.0
410.69,1288.0
410.7,1244.0
410.72,1160.0
410.74,1082.0
410.75,1045.0
410.77,975.3
410.79,911.7
410.8,882.3
410.82,827.8
410.84,779.1
410.85,756.7
410.87,715.6
410.89,678.9
410.9,662.0
410.92,630.6
410.94,602.1
410.95,588.6
410.97,563.1
410.98,550.8
411.0,527.0
411.02,503.7
411.03,492.2
411.05,469.3
411.07,446.3
411.08,434.8
411.1,411.5
411.12,388.1
411.13,376.3
411.15,352.7
411.17,329.2
411.18,317.5
411.2,294.4
411.22,271.9
411.23,260.9
411.25,239.6
411.27,219.2
411.28,209.5
411.3,190.9
411.32,173.7
411.33,165.6
411.35,150.5
411.36,143.5
411.38,130.6
411.4,119.3
411.41,114.2
411.43,105.0
411.45,97.35
411.46,94.03
411.48,88.42
411.5,84.14
411.51,82.48
411.53,80.1
411.55,78.91
411.56,78.75
411.58,79.25
411.6,80.8
411.61,81.96
411.63,84.98
411.65,88.89
411.66,91.16
411.68,96.27
411.69,99.09
411.71,105.2
411.73,111.8
411.74,115.3
411.76,122.6
411.78,130.1
411.79,133.9
411.81,141.5
411.83,149.2
411.84,153.0
411.86,160.4
411.88,167.6
411.89,171.1
411.91,177.9
411.93,184.4
411.94,187.5
411.96,193.5
411.98,199.3
411.99,202.2
412.01,207.8
412.03,213.5
412.04,216.4
412.06,222.5
412.07,225.7
412.09,232.5
412.11,240.1
412.12,244.2
412.14,253.2
412.16,263.3
412.17,268.9
412.19,281.1
412.21,294.8
412.22,302.3
412.24,318.5
412.26,336.6
412.27,346.3
412.29,367.2
412.31,390.0
412.32,402.2
412.34,428.3
412.36,456.5
412.37,471.5
412.39,503.3
412.41,537.6
412.42,555.7
412.44,594.1
412.45,614.4
412.47,657.1
412.49,703.0
412.5,727.2
412.52,778.0
412.54,832.1
412.55,860.4
412.57,919.4
412.59,981.5
412.6,1014.0
412.62,1080.0
412.64,1148.0
412.65,1183.0
412.67,1253.0
412.69,1324.0
412.7,1359.0
412.72,1429.0
412.74,1496.0
412.75,1528.0
412.77,1590.0
412.79,1646.0
412.8,1672.0
412.82,1718.0
412.83,1739.0
412.85,1773.0
412.87,1797.0
412.88,1806.0
412.9,1815.0
412.92,1813.0
412.93,1808.0
412.95,1790.0
412.97,1762.0
412.98,1744.0
413.0,1700.0
413.02,1647.0
413.03,1618.0
413.05,1554.0
413.07,1483.0
413.08,1446.0
413.1,1368.0
413.12,1287.0
413.13,1246.0
413.15,1163.0
413.16,1122.0
413.18,1039.0
413.2,958.0
413.21,918.4
413.23,841.5
413.25,768.2
413.26,733.1
413.28,666.1
413.3,603.7
413.31,574.2
413.33,518.9
413.35,468.3
413.36,444.8
413.38,401.1
413.4,361.7
413.41,343.5
413.43,310.0
413.45,280.1
413.46,266.4
413.48,241.3
413.5,219.1
413.51,208.9
413.53,190.3
413.54,181.9
413.56,166.5
413.58,153.0
413.59,146.9
413.61,135.9
413.63,126.5
413.64,122.4
413.66,115.2
413.68,109.4
413.69,107.1
413.71,103.6
413.73,101.7
413.74,101.4
413.76,102.2
413.78,104.8
413.79,107.0
413.81,113.0
413.83,121.5
413.84,126.8
413.86,139.6
413.88,155.7
413.89,165.0
413.91,186.5
413.92,198.8
413.94,226.4
413.96,258.4
413.97,276.1
413.99,315.1
414.01,359.0
414.02,382.7
414.04,433.8
414.06,489.6
414.07,519.1
414.09,581.4
414.11,647.5
414.12,681.8
414.14,752.3
414.16,824.9
414.17,861.7
414.19,935.4
414.21,1009.0
414.22,1045.0
414.24,1115.0
414.26,1181.0
414.27,1213.0
414.29,1271.0
414.3,1298.0
414.32,1346.0
414.34,1386.0
414.35,1403.0
414.37,1429.0
414.39,1445.0
414.4,1449.0
414.42,1450.0
414.44,1440.0
414.45,1431.0
414.47,1405.0
414.49,1370.0
414.5,1349.0
414.52,1302.0
414.54,1247.0
414.55,1217.0
414.57,1153.0
414.59,1085.0
414.6,1050.0
414.62,978.6
414.64,905.9
414.65,869.6
414.67,797.8
414.68,762.6
414.7,694.1
414.72,628.9
414.73,597.9
414.75,539.2
414.77,485.6
414.78,460.8
414.8,415.3
414.82,375.7
414.83,358.0
414.85,327.1
414.87,301.8
414.88,291.3
414.9,274.1
414.92,261.9
414.93,257.6
414.95,252.1
414.97,250.6
414.98,251.1
415.0,254.5
415.01,257.2
415.03,264.3
415.05,273.2
415.06,278.2
415.08,288.8
415.1,300.0
415.11,305.7
415.13,316.8
415.15,327.4
415.16,332.4
415.18,341.4
415.2,349.1
415.21,352.4
415.23,357.6
415.25,360.9
415.26,361.9
415.28,362.3
415.3,360.8
415.31,359.3
415.33,354.9
415.35,348.8
415.36,345.1
415.38,336.7
415.39,331.9
415.41,321.6
415.43,310.2
415.44,304.2
415.46,291.7
415.48,278.8
415.49,272.2
415.51,258.9
415.53,245.7
415.54,239.1
415.56,226.2
415.58,213.7
415.59,207.6
415.61,195.8
415.63,184.7
415.64,179.4
415.66,169.4
415.68,160.1
415.69,155.8
415.71,147.8
415.73,140.6
415.74,137.3
415.76,131.5
415.77,128.9
415.79,124.5
415.81,121.1
415.82,119.8
415.84,118.1
415.86,117.6
415.87,117.8
415.89,119.1
415.91,122.0
415.92,123.9
415.94,129.1
415.96,136.0
415.97,140.1
415.99,149.7
416.01,161.2
416.02,167.7
416.04,182.3
416.06,198.9
416.07,208.0
416.09,227.6
416.11,249.1
416.12,260.5
416.14,284.6
416.15,297.2
416.17,323.4
416.19,350.6
416.2,364.5
416.22,392.5
416.24,420.6
416.25,434.5
416.27,461.8
416.29,488.0
416.3,500.6
416.32,524.4
416.34,546.0
416.35,555.9
416.37,573.5
416.39,588.1
416.4,594.3
416.42,604.0
416.44,610.3
416.45,612.2
416.47,613.4
416.48,612.8
416.5,609.1
416.52,602.5
416.53,598.1
416.55,587.6
416.57,574.8
416.58,567.7
416.6,552.3
416.62,535.6
416.63,527.0
416.65,509.1
416.67,491.0
416.68,481.9
416.7,463.7
416.72,445.9
416.73,437.2
416.75,420.3
416.77,404.1
416.78,396.4
416.8,381.5
416.82,367.7
416.83,361.1
416.85,348.7
416.86,343.0
416.88,332.2
416.9,322.5
416.91,318.1
416.93,310.1
416.95,303.4
416.96,300.4
416.98,295.6
417.0,292.1
417.01,290.9
417.03,289.7
417.05,290.1
417.06,290.9
417.08,293.9
417.1,298.7
417.11,301.8
417.13,309.5
417.15,319.0
417.16,324.6
417.18,337.1
417.2,351.6
417.21,359.6
417.23,377.1
417.24,386.5
417.26,406.9
417.28,429.1
417.29,441.0
417.31,466.1
417.33,493.2
417.34,507.5
417.36,537.7
417.38,569.9
417.39,586.9
417.41,622.6
417.43,660.7
417.44,680.7
417.46,722.6
417.48,767.2
417.49,790.5
417.51,839.2
417.53,890.6
417.54,917.2
417.56,972.3
417.58,1029.0
417.59,1059.0
417.61,1118.0
417.62,1148.0
417.64,1209.0
417.66,1269.0
417.67,1299.0
417.69,1357.0
417.71,1412.0
417.72,1439.0
417.74,1488.0
417.76,1532.0
417.77,1552.0
417.79,1586.0
417.81,1612.0
417.82,1622.0
417.84,1636.0
417.86,1640.0
417.87,1638.0
417.89,1628.0
417.91,1607.0
417.92,1594.0
417.94,1559.0
417.96,1517.0
417.97,1492.0
417.99,1437.0
418.0,1408.0
418.02,1344.0
418.04,1275.0
418.05,1239.0
418.07,1164.0
418.09,1088.0
418.1,1050.0
418.12,972.6
418.14,896.4
418.15,858.9
418.17,785.6
418.19,715.3
418.2,681.5
418.22,616.9
418.24,556.6
418.25,528.3
418.27,475.2
418.29,427.1
418.3,404.9
418.32,364.3
418.33,345.9
418.35,312.7
418.37,284.2
418.38,271.6
418.4,249.8
418.42,231.9
418.43,224.5
418.45,212.2
418.47,203.3
418.48,200.0
418.5,195.4
418.52,193.4
418.53,193.2
418.55,194.4
418.57,197.4
418.58,199.4
418.6,204.5
418.62,210.7
418.63,214.1
418.65,221.5
418.67,229.3
418.68,233.2
418.7,241.3
418.71,245.3
418.73,253.2
418.75,260.8
418.76,264.4
418.78,271.2
418.8,277.2
418.81,280.0
418.83,284.8
418.85,288.8
418.86,290.4
418.88,292.9
418.9,294.3
418.91,294.6
418.93,294.6
418.95,293.5
418.96,292.5
418.98,290.0
419.0,286.5
419.01,284.4
419.03,279.7
419.05,274.1
419.06,271.1
419.08,264.5
419.09,261.1
419.11,253.7
419.13,245.9
419.14,241.8
419.16,233.6
419.18,225.1
419.19,220.8
419.21,212.3
419.23,203.8
419.24,199.6
419.26,191.5
419.28,183.7
419.29,180.0
419.31,173.0
419.33,166.6
419.34,163.7
419.36,158.5
419.38,154.1
419.39,152.3
419.41,149.4
419.43,147.7
419.44,147.2
419.46,147.1
419.47,147.5
419.49,149.1
419.51,151.9
419.52,153.8
419.54,158.3
419.56,163.9
419.57,167.1
419.59,174.2
419.61,182.3
419.62,186.6
419.64,195.7
419.66,205.5
419.67,210.5
419.69,221.0
419.71,231.7
419.72,237.1
419.74,248.0
419.76,258.9
419.77,264.2
419.79,274.7
419.8,279.8
419.82,289.7
419.84,299.0
419.85,303.4
419.87,311.8
419.89,319.3
419.9,322.8
419.92,329.1
419.94,334.5
419.95,336.9
419.97,341.0
419.99,344.1
420.0,345.4
420.02,347.2
420.04,348.2
420.05,348.3
420.07,348.1
420.09,347.1
420.1,346.3
420.12,344.3
420.14,341.8
420.15,340.3
420.17,336.9
420.18,335.0
420.2,331.0
420.22,326.6
420.23,324.2
420.25,319.3
420.27,314.2
420.28,311.5
420.3,306.0
420.32,300.4
420.33,297.5
420.35,291.6
420.37,285.7
420.38,282.6
420.4,276.5
420.42,270.4
420.43,267.3
420.45,261.1
420.47,254.9
420.48,251.8
420.5,245.7
420.52,239.5
420.53,236.5
420.55,230.4
420.56,227.4
420.58,221.4
420.6,215.4
420.61,212.5
420.63,206.6
420.65,200.7
420.66,197.8
420.68,192.0
420.7,186.2
420.71,183.3
420.73,177.5
420.75,171.7
420.76,168.8
420.78,163.0
420.8,157.2
420.81,154.3
420.83,148.5
420.85,142.8
420.86,139.9
420.88,134.2
420.9,128.6
420.91,125.8
420.93,120.3
420.94,117.6
420.96,112.3
420.98,107.1
420.99,104.6
421.01,99.61
421.03,94.8
421.04,92.47
421.06,87.93
421.08,83.56
421.09,81.45
421.11,77.36
421.13,73.45
421.14,71.56
421.16,67.92
421.18,64.44
421.19,62.76
421.21,59.53
421.23,56.46
421.24,54.99
421.26,52.15
421.28,49.47
421.29,48.19
421.31,45.75
421.32,44.59
421.34,42.4
421.36,40.37
421.37,39.43
421.39,37.68
421.41,36.12
421.42,35.42
421.44,34.17
421.46,33.15
421.47,32.72
421.49,32.04
421.51,31.6
421.52,31.48
421.54,31.42
421.56,31.63
421.57,31.83
421.59,32.43
421.61,33.3
421.62,33.84
421.64,35.11
421.65,35.84
421.67,37.49
421.69,39.4
421.7,40.44
421.72,42.71
421.74,45.2
421.75,46.53
421.77,49.35
421.79,52.38
421.8,53.97
421.82,57.3
421.84,60.83
421.85,62.67
421.87,66.52
421.89,70.6
421.9,72.73
421.92,77.2
421.94,81.98
421.95,84.51
421.97,89.87
421.99,95.71
422.0,98.84
422.02,105.6
422.03,109.2
422.05,117.2
422.07,126.1
422.08,131.0
422.1,141.7
422.12,154.0
422.13,160.7
422.15,175.6
422.17,192.7
422.18,202.1
422.2,222.9
422.22,246.7
422.23,259.8
422.25,288.6
422.27,321.2
422.28,339.0
422.3,377.9
422.32,421.4
422.33,444.9
422.35,495.8
422.37,551.7
422.38,581.6
422.4,645.4
422.41,679.2
422.43,750.5
422.45,826.5
422.46,866.2
422.48,948.5
422.5,1034.0
422.51,1078.0
422.53,1167.0
422.55,1257.0
422.56,1302.0
422.58,1391.0
422.6,1478.0
422.61,1520.0
422.63,1600.0
422.65,1675.0
422.66,1710.0
422.68,1773.0
422.7,1827.0
422.71,1850.0
422.73,1887.0
422.75,1913.0
422.76,1921.0
422.78,1927.0
422.79,1926.0
422.81,1913.0
422.83,1887.0
422.84,1869.0
422.86,1825.0
422.88,1769.0
422.89,1738.0
422.91,1667.0
422.93,1589.0
422.94,1547.0
422.96,1460.0
422.98,1367.0
422.99,1320.0
423.01,1225.0
423.03,1129.0
423.04,1081.0
423.06,987.7
423.08,897.1
423.09,853.3
423.11,769.4
423.12,729.4
423.14,654.0
423.16,585.1
423.17,553.2
423.19,494.7
423.21,443.5
423.22,420.5
423.24,380.1
423.26,346.6
423.27,332.5
423.29,309.0
423.31,291.9
423.32,285.5
423.34,276.8
423.36,273.2
423.37,273.1
423.39,276.1
423.41,282.8
423.42,287.4
423.44,298.7
423.46,312.2
423.47,319.7
423.49,335.8
423.5,344.2
423.52,361.5
423.54,379.2
423.55,387.9
423.57,405.0
423.59,421.3
423.6,429.0
423.62,443.2
423.64,455.8
423.65,461.4
423.67,470.9
423.69,478.2
423.7,480.9
423.72,484.5
423.74,485.7
423.75,485.3
423.77,482.8
423.79,477.9
423.8,474.6
423.82,466.3
423.84,456.1
423.85,450.3
423.87,437.5
423.88,430.5
423.9,415.5
423.92,399.5
423.93,391.1
423.95,373.8
423.97,356.1
423.98,347.1
424.0,328.9
424.02,310.7
424.03,301.7
424.05,283.8
424.07,266.2
424.08,257.7
424.1,240.9
424.12,224.8
424.13,216.9
424.15,201.9
424.17,187.6
424.18,180.7
424.2,167.6
424.22,155.4
424.23,149.6
424.25,138.6
424.26,133.4
424.28,123.7
424.3,114.8
424.31,110.7
424.33,103.1
424.35,96.24
424.36,93.13
424.38,87.5
424.4,82.64
424.41,80.49
424.43,76.77
424.45,73.78
424.46,72.55
424.48,70.64
424.5,69.43
424.51,69.08
424.53,68.89
424.55,69.37
424.56,69.86
424.58,71.33
424.59,72.31
424.61,74.74
424.63,77.79
424.64,79.55
424.66,83.53
424.68,88.11
424.69,90.62
424.71,96.07
424.73,102.1
424.74,105.3
424.76,112.1
424.78,119.4
424.79,123.2
424.81,131.2
424.83,139.6
424.84,143.9
424.86,152.7
424.88,161.8
424.89,166.4
424.91,175.6
424.93,184.9
424.94,189.5
424.96,198.5
424.97,202.9
424.99,211.5
425.01,219.7
425.02,223.5
425.04,230.8
425.06,237.3
425.07,240.3
425.09,245.5
425.11,249.9
425.12,251.6
425.14,254.4
425.16,256.2
425.17,256.6
425.19,256.7
425.21,255.8
425.22,255.0
425.24,252.5
425.26,249.2
425.27,247.2
425.29,242.7
425.31,237.4
425.32,234.5
425.34,228.4
425.35,225.2
425.37,218.5
425.39,211.5
425.4,207.9
425.42,200.7
425.44,193.4
425.45,189.7
425.47,182.5
425.49,175.4
425.5,172.0
425.52,165.2
425.54,158.8
425.55,155.8
425.57,149.9
425.59,144.5
425.6,142.0
425.62,137.5
425.64,133.6
425.65,131.9
425.67,129.1
425.69,127.2
425.7,126.5
425.72,125.9
425.73,126.0
425.75,127.0
425.77,129.1
425.78,130.5
425.8,134.3
425.82,139.2
425.83,142.0
425.85,148.5
425.87,156.1
425.88,160.2
425.9,169.1
425.92,178.6
425.93,183.6
425.95,193.9
425.97,204.5
425.98,209.8
426.0,220.2
426.02,230.3
426.03,235.2
426.05,244.3
426.07,252.5
426.08,256.1
426.1,262.5
426.11,265.2
426.13,269.4
426.15,271.9
426.16,272.6
426.18,272.6
426.2,270.9
426.21,269.4
426.23,265.1
426.25,259.3
426.26,255.8
426.28,247.9
426.3,238.7
426.31,233.7
426.33,223.1
426.35,211.7
426.36,205.9
426.38,193.9
426.4,181.8
426.41,175.7
426.43,163.8
426.44,157.9
426.46,146.5
426.48,135.7
426.49,130.6
426.51,120.9
426.53,112.1
426.54,108.0
426.56,100.7
426.58,94.51
426.59,91.82
426.61,87.32
426.63,84.03
426.64,82.85
426.66,81.47
426.68,81.43
426.69,81.93
426.71,84.02
426.73,87.61
426.74,90.0
426.76,96.01
426.78,103.8
426.79,108.3
426.81,118.8
426.82,124.8
426.84,138.3
426.86,153.8
426.87,162.4
426.89,181.1
426.91,201.9
426.92,213.1
426.94,237.1
426.96,263.0
426.97,276.6
426.99,305.1
427.01,334.9
427.02,350.3
427.04,381.6
427.06,413.5
427.07,429.5
427.09,461.2
427.11,492.3
427.12,507.4
427.14,536.3
427.16,563.3
427.17,575.8
427.19,598.7
427.2,608.9
427.22,626.7
427.24,640.6
427.25,646.0
427.27,653.6
427.29,656.6
427.3,656.5
427.32,652.7
427.34,644.4
427.35,638.7
427.37,624.1
427.39,605.6
427.4,595.0
427.42,571.5
427.44,545.1
427.45,531.0
427.47,501.4
427.49,470.2
427.5,454.3
427.52,421.9
427.54,389.3
427.55,373.1
427.57,341.1
427.58,325.4
427.6,294.9
427.62,265.9
427.63,251.9
427.65,225.5
427.67,201.0
427.68,189.5
427.7,168.2
427.72,149.1
427.73,140.3
427.75,124.4
427.77,110.7
427.78,104.6
427.8,93.93
427.82,85.17
427.83,81.47
427.85,75.38
427.87,70.92
427.88,69.27
427.9,67.04
427.91,66.43
427.93,66.16
427.95,67.05
427.96,67.91
427.98,70.35
428.0,73.7
428.01,75.68
428.03,80.2
428.05,85.37
428.06,88.18
428.08,94.17
428.1,100.6
428.11,103.9
428.13,110.8
428.15,117.9
428.16,121.5
428.18,128.7
428.2,135.9
428.21,139.5
428.23,146.6
428.25,153.6
428.26,157.0
428.28,163.6
428.29,166.8
428.31,173.0
428.33,179.0
428.34,181.9
428.36,187.5
428.38,192.9
428.39,195.5
428.41,200.7
428.43,205.8
428.44,208.4
428.46,213.7
428.48,219.2
428.49,222.0
428.51,228.0
428.53,234.4
428.54,237.8
428.56,245.2
428.58,253.2
428.59,257.5
428.61,266.8
428.63,276.9
428.64,282.3
428.66,293.8
428.67,299.9
428.69,312.8
428.71,326.4
428.72,333.6
428.74,348.4
428.76,363.8
428.77,371.7
428.79,387.8
428.81,404.1
428.82,412.2
428.84,428.5
428.86,444.4
428.87,452.2
428.89,467.4
428.91,481.7
428.92,488.4
428.94,501.1
428.96,512.5
428.97,517.6
428.99,526.6
429.01,534.0
429.02,537.0
429.04,541.6
429.05,543.3
429.07,545.1
429.09,545.1
429.1,544.4
429.12,541.8
429.14,537.5
429.15,534.9
429.17,528.5
429.19,521.0
429.2,516.8
429.22,508.0
429.24,498.7
429.25,493.9
429.27,484.2
429.29,474.7
429.3,470.0
429.32,461.1
429.34,452.9
429.35,449.1
429.37,442.3
429.39,436.6
429.4,434.2
429.42,430.4
429.43,429.0
429.45,427.1
429.47,426.5
429.48,426.7
429.5,427.9
429.52,430.3
429.53,431.9
429.55,435.8
429.57,440.4
429.58,443.0
429.6,448.6
429.62,454.7
429.63,457.9
429.65,464.3
429.67,471.0
429.68,474.3
429.7,480.9
429.72,487.3
429.73,490.5
429.75,496.7
429.76,499.7
429.78,505.5
429.8,511.1
429.81,513.7
429.83,518.8
429.85,523.5
429.86,525.7
429.88,529.9
429.9,533.7
429.91,535.4
429.93,538.5
429.95,541.2
429.96,542.3
429.98,544.0
430.0,545.1
430.01,545.4
430.03,545.4
430.05,544.5
430.06,543.7
430.08,541.4
430.1,538.1
430.11,536.1
430.13,531.2
430.14,528.4
430.16,522.0
430.18,514.6
430.19,510.6
430.21,501.9
430.23,492.6
430.24,487.7
430.26,477.6
430.28,467.4
430.29,462.3
430.31,452.4
430.33,443.0
430.34,438.6
430.36,430.7
430.38,424.2
430.39,421.6
430.41,417.9
430.43,416.7
430.44,417.0
430.46,419.9
430.48,426.0
430.49,430.3
430.51,441.7
430.52,448.8
430.54,465.9
430.56,487.0
430.57,499.0
430.59,526.0
430.61,556.9
430.62,573.7
430.64,609.9
430.66,649.3
430.67,670.1
430.69,713.4
430.71,758.7
430.72,781.9
430.74,828.8
430.76,876.0
430.77,899.4
430.79,945.4
430.81,989.7
430.82,1011.0
430.84,1051.0
430.86,1087.0
430.87,1104.0
430.89,1134.0
430.9,1146.0
430.92,1168.0
430.94,1183.0
430.95,1188.0
430.97,1194.0
430.99,1193.0
431.0,1190.0
431.02,1179.0
431.04,1162.0
431.05,1151.0
431.07,1125.0
431.09,1093.0
431.1,1076.0
431.12,1037.0
431.14,995.0
431.15,972.6
431.17,926.0
431.19,877.3
431.2,852.4
431.22,802.1
431.23,776.8
431.25,726.4
431.27,676.6
431.28,652.2
431.3,604.5
431.32,558.8
431.33,536.8
431.35,494.6
431.37,455.1
431.38,436.4
431.4,401.1
431.42,368.7
431.43,353.6
431.45,325.6
431.47,300.2
431.48,288.5
431.5,267.0
431.52,247.9
431.53,239.1
431.55,223.0
431.57,208.7
431.58,202.2
431.6,190.3
431.61,184.8
431.63,174.7
431.65,165.7
431.66,161.5
431.68,153.7
431.7,146.7
431.71,143.4
431.73,137.2
431.75,131.4
431.76,128.7
431.78,123.6
431.8,118.8
431.81,116.6
431.83,112.3
431.85,108.4
431.86,106.6
431.88,103.2
431.9,100.2
431.91,98.84
431.93,96.45
431.95,94.5
431.96,93.72
431.98,92.55
431.99,92.18
432.01,91.92
432.03,92.36
432.04,92.87
432.06,94.52
432.08,97.11
432.09,98.78
432.11,103.0
432.13,108.4
432.14,111.6
432.16,119.1
432.18,128.2
432.19,133.3
432.21,144.9
432.23,158.4
432.24,165.9
432.26,182.4
432.28,200.9
432.29,210.9
432.31,232.6
432.33,256.3
432.34,268.9
432.36,295.5
432.37,309.4
432.39,338.6
432.41,369.1
432.42,384.7
432.44,416.7
432.46,449.2
432.47,465.4
432.49,497.8
432.51,529.4
432.52,544.8
432.54,574.4
432.56,602.0
432.57,614.8
432.59,638.4
432.61,658.7
432.62,667.5
432.64,682.1
432.66,692.5
432.67,696.1
432.69,699.8
432.71,699.0
432.72,696.9
432.74,689.3
432.75,683.8
432.77,669.8
432.79,651.8
432.8,641.4
432.82,618.3
432.84,592.4
432.85,578.5
432.87,549.3
432.89,518.7
432.9,503.1
432.92,471.4
432.94,439.8
432.95,424.1
432.97,393.5
432.99,364.2
433.0,350.1
433.02,323.5
433.04,299.1
433.05,287.8
433.07,267.1
433.08,257.8
433.1,241.3
433.12,227.6
433.13,221.9
433.15,212.4
433.17,205.6
433.18,203.2
433.2,200.2
433.22,199.4
433.23,199.8
433.25,201.9
433.27,205.6
433.28,208.0
433.3,213.6
433.32,219.9
433.33,223.3
433.35,230.4
433.37,237.5
433.38,241.0
433.4,247.8
433.42,254.0
433.43,256.8
433.45,261.8
433.46,263.9
433.48,267.2
433.5,269.4
433.51,270.1
433.53,270.4
433.55,269.4
433.56,268.4
433.58,265.6
433.6,261.5
433.61,259.1
433.63,253.6
433.65,247.1
433.66,243.6
433.68,236.0
433.7,227.9
433.71,223.6
433.73,214.9
433.75,205.9
433.76,201.3
433.78,192.2
433.8,183.0
433.81,178.4
433.83,169.4
433.84,164.9
433.86,156.1
433.88,147.6
433.89,143.4
433.91,135.1
433.93,127.1
433.94,123.2
433.96,115.6
433.98,108.2
433.99,104.6
434.01,97.65
434.03,90.89
434.04,87.61
434.06,81.23
434.08,75.11
434.09,72.15
434.11,66.44
434.13,61.01
434.14,58.41
434.16,53.43
434.18,48.76
434.19,46.55
434.21,42.38
434.22,40.42
434.24,36.76
434.26,33.45
434.27,31.92
434.29,29.13
434.31,26.68
434.32,25.58
434.34,23.63
434.36,22.0
434.37,21.3
434.39,20.12
434.41,19.23
434.42,18.88
434.44,18.37
434.46,18.1
434.47,18.04
434.49,18.09
434.51,18.34
434.52,18.53
434.54,19.04
434.55,19.35
434.57,20.09
434.59,20.98
434.6,21.47
434.62,22.55
434.64,23.76
434.65,24.41
434.67,25.79
434.69,27.28
434.7,28.07
434.72,29.73
434.74,31.49
434.75,32.42
434.77,34.34
434.79,36.37
434.8,37.43
434.82,39.61
434.84,41.88
434.85,43.05
434.87,45.46
434.89,47.94
434.9,49.2
434.92,51.77
434.93,53.07
434.95,55.68
434.97,58.31
434.98,59.61
435.0,62.2
435.02,64.74
435.03,65.97
435.05,68.36
435.07,70.62
435.08,71.7
435.1,73.7
435.12,75.5
435.13,76.32
435.15,77.77
435.17,78.96
435.18,79.45
435.2,80.22
435.22,80.72
435.23,80.86
435.25,80.94
435.27,80.77
435.28,80.59
435.3,80.07
435.31,79.75
435.33,78.98
435.35,78.09
435.36,77.63
435.38,76.68
435.4,75.76
435.41,75.34
435.43,74.6
435.45,74.06
435.46,73.89
435.48,73.78
435.5,74.04
435.51,74.33
435.53,75.27
435.55,76.71
435.56,77.64
435.58,79.92
435.6,82.8
435.61,84.47
435.63,88.26
435.65,92.64
435.66,95.04
435.68,100.3
435.69,103.1
435.71,109.0
435.73,115.3
435.74,118.6
435.76,125.3
435.78,132.2
435.79,135.6
435.81,142.4
435.83,149.1
435.84,152.3
435.86,158.5
435.88,164.1
435.89,166.7
435.91,171.4
435.93,175.3
435.94,176.9
435.96,179.5
435.98,181.2
435.99,181.6
436.01,181.8
436.03,181.0
436.04,180.2
436.06,178.0
436.07,176.5
436.09,172.9
436.11,168.6
436.12,166.2
436.14,160.9
436.16,155.0
436.17,152.0
436.19,145.6
436.21,139.0
436.22,135.6
436.24,128.9
436.26,122.2
436.27,118.9
436.29,112.5
436.31,106.3
436.32,103.4
436.34,97.73
436.36,92.52
436.37,90.08
436.39,85.56
436.4,83.48
436.42,79.69
436.44,76.4
436.45,74.94
436.47,72.39
436.49,70.32
436.5,69.45
436.52,68.06
436.54,67.1
436.55,66.78
436.57,66.41
436.59,66.4
436.6,66.53
436.62,67.02
436.64,67.8
436.65,68.3
436.67,69.49
436.69,70.94
436.7,71.76
436.72,73.58
436.74,75.67
436.75,76.82
436.77,79.37
436.78,80.77
436.8,83.91
436.82,87.56
436.83,89.62
436.85,94.3
436.87,99.91
436.88,103.1
436.9,110.6
436.92,119.7
436.93,124.9
436.95,137.1
436.97,152.0
436.98,160.6
437.0,180.5
437.02,204.4
437.03,218.1
437.05,249.3
437.07,286.3
437.08,307.2
437.1,354.1
437.12,408.5
437.13,438.7
437.15,505.5
437.16,542.3
437.18,622.7
437.2,712.6
437.21,761.2
437.23,865.7
437.25,979.7
437.26,1040.0
437.28,1168.0
437.3,1304.0
437.31,1374.0
437.33,1520.0
437.35,1671.0
437.36,1748.0
437.38,1903.0
437.4,2058.0
437.41,2135.0
437.43,2287.0
437.45,2432.0
437.46,2502.0
437.48,2635.0
437.5,2756.0
437.51,2811.0
437.53,2910.0
437.54,2953.0
437.56,3025.0
437.58,3078.0
437.59,3097.0
437.61,3119.0
437.63,3119.0
437.64,3112.0
437.66,3080.0
437.68,3029.0
437.69,2996.0
437.71,2916.0
437.73,2819.0
437.74,2765.0
437.76,2647.0
437.78,2518.0
437.79,2450.0
437.81,2308.0
437.83,2162.0
437.84,2089.0
437.86,1941.0
437.87,1867.0
437.89,1723.0
437.91,1584.0
437.92,1516.0
437.94,1389.0
437.96,1271.0
437.97,1216.0
437.99,1115.0
438.01,1026.0
438.02,987.1
438.04,918.4
438.06,863.2
438.07,840.7
438.09,805.4
438.11,783.0
438.12,776.4
438.14,771.9
438.16,778.3
438.17,785.2
438.19,805.8
438.21,834.3
438.22,851.0
438.24,888.8
438.25,909.4
438.27,953.1
438.29,999.0
438.3,1022.0
438.32,1068.0
438.34,1113.0
438.35,1134.0
438.37,1174.0
438.39,1209.0
438.4,1225.0
438.42,1251.0
438.44,1270.0
438.45,1277.0
438.47,1284.0
438.49,1283.0
438.5,1280.0
438.52,1267.0
438.54,1245.0
438.55,1232.0
438.57,1199.0
438.59,1159.0
438.6,1137.0
438.62,1089.0
438.63,1062.0
438.65,1007.0
438.67,948.2
438.68,917.9
438.7,855.8
438.72,792.8
438.73,761.3
438.75,698.5
438.77,636.9
438.78,606.8
438.8,548.3
438.82,492.6
438.83,465.9
438.85,415.0
438.87,367.9
438.88,345.8
438.9,304.5
438.92,267.2
438.93,250.0
438.95,218.7
438.97,191.1
438.98,178.8
439.0,156.8
439.01,147.1
439.03,130.2
439.05,116.4
439.06,110.6
439.08,101.2
439.1,94.39
439.11,91.92
439.13,88.72
439.15,87.7
439.16,87.96
439.18,89.94
439.2,93.73
439.21,96.27
439.23,102.6
439.25,110.4
439.26,114.8
439.28,124.7
439.3,135.8
439.31,141.8
439.33,154.6
439.34,161.4
439.36,175.6
439.38,190.6
439.39,198.4
439.41,214.5
439.43,231.0
439.44,239.4
439.46,256.5
439.48,273.8
439.49,282.4
439.51,299.8
439.53,316.9
439.54,325.4
439.56,342.2
439.58,358.5
439.59,366.4
439.61,381.8
439.63,396.4
439.64,403.4
439.66,416.7
439.68,429.0
439.69,434.7
439.71,445.2
439.72,449.9
439.74,458.5
439.76,465.6
439.77,468.6
439.79,473.4
439.81,476.6
439.82,477.7
439.84,478.4
439.86,477.6
439.87,476.6
439.89,473.4
439.91,468.6
439.92,465.7
439.94,458.9
439.96,451.0
439.97,446.6
439.99,437.3
440.01,427.3
440.02,422.1
440.04,411.7
440.06,401.4
440.07,396.4
440.09,386.9
440.1,382.4
440.12,374.3
440.14,367.5
440.15,364.7
440.17,360.5
440.19,358.3
440.2,358.0
440.22,359.0
440.24,362.4
440.25,365.0
440.27,372.0
440.29,381.2
440.3,386.6
440.32,399.0
440.34,413.3
440.35,421.0
440.37,437.4
440.39,454.7
440.4,463.7
440.42,481.7
440.44,499.7
440.45,508.5
440.47,525.5
440.48,533.5
440.5,548.4
440.52,561.5
440.53,567.2
440.55,576.8
440.57,583.7
440.58,586.1
440.6,588.6
440.62,588.1
440.63,586.6
440.65,581.4
440.67,573.2
440.68,568.1
440.7,555.7
440.72,540.7
440.73,532.4
440.75,514.2
440.77,494.3
440.78,483.8
440.8,461.9
440.82,439.1
440.83,427.5
440.85,404.0
440.86,392.3
440.88,368.9
440.9,345.8
440.91,334.6
440.93,312.5
440.95,291.5
440.96,281.3
440.98,261.9
441.0,243.8
441.01,235.2
441.03,219.1
441.05,204.4
441.06,197.5
441.08,185.0
441.1,173.9
441.11,168.9
441.13,159.9
441.15,152.4
441.16,149.1
441.18,143.7
441.19,141.5
441.21,138.2
441.23,136.2
441.24,135.6
441.26,135.6
441.28,136.8
441.29,137.8
441.31,140.8
441.33,144.8
441.34,147.3
441.36,152.9
441.38,159.4
441.39,162.9
441.41,170.6
441.43,178.8
441.44,183.1
441.46,192.0
441.48,201.1
441.49,205.7
441.51,214.9
441.53,223.9
441.54,228.3
441.56,236.7
441.57,240.7
441.59,248.3
441.61,255.2
441.62,258.3
441.64,263.8
441.66,268.3
441.67,270.1
441.69,273.0
441.71,274.9
441.72,275.3
441.74,275.5
441.76,274.7
441.77,273.9
441.79,271.6
441.81,268.4
441.82,266.6
441.84,262.4
441.86,257.7
441.87,255.2
441.89,250.0
441.91,244.7
441.92,242.1
441.94,236.9
441.95,234.4
441.97,229.6
441.99,225.3
442.0,223.3
442.02,219.9
442.04,217.2
442.05,216.1
442.07,214.5
442.09,213.7
442.1,213.6
442.12,213.9
442.14,214.9
442.15,215.6
442.17,217.5
442.19,219.8
442.2,221.1
442.22,223.9
442.24,226.7
442.25,228.1
442.27,230.8
442.29,233.2
442.3,234.3
442.32,236.0
442.33,236.6
442.35,237.4
442.37,237.5
442.38,237.3
442.4,236.1
442.42,234.2
442.43,232.9
442.45,229.7
442.47,225.8
442.48,223.5
442.5,218.6
442.52,213.2
442.53,210.3
442.55,204.4
442.57,198.2
442.58,195.1
442.6,188.9
442.62,183.0
442.63,180.1
442.65,174.6
442.66,172.0
442.68,167.4
442.7,163.3
442.71,161.6
442.73,158.7
442.75,156.5
442.76,155.8
442.78,154.9
442.8,154.7
442.81,155.0
442.83,156.0
442.85,157.6
442.86,158.6
442.88,161.0
442.9,163.9
442.91,165.4
442.93,168.6
442.95,171.8
442.96,173.5
442.98,176.6
443.0,179.6
443.01,180.9
443.03,183.3
443.04,184.4
443.06,186.1
443.08,187.2
443.09,187.5
443.11,187.8
443.13,187.4
443.14,187.0
443.16,185.7
443.18,183.9
443.19,182.8
443.21,180.2
443.23,177.2
443.24,175.6
443.26,172.2
443.28,168.7
443.29,166.8
443.31,163.1
443.33,159.4
443.34,157.5
443.36,153.9
443.38,150.5
443.39,148.8
443.41,145.7
443.42,144.2
443.44,141.4
443.46,138.7
443.47,137.5
443.49,135.1
443.51,132.9
443.52,131.9
443.54,129.8
443.56,127.8
443.57,126.7
443.59,124.7
443.61,122.6
443.62,121.5
443.64,119.2
443.66,116.7
443.67,115.5
443.69,112.8
443.71,110.0
443.72,108.5
443.74,105.5
443.76,102.4
443.77,100.8
443.79,97.68
443.8,96.11
443.82,93.04
443.84,90.11
443.85,88.72
443.87,86.14
443.89,83.88
443.9,82.9
443.92,81.28
443.94,80.17
443.95,79.83
443.97,79.63
443.99,80.1
444.0,80.6
444.02,82.18
444.04,84.53
444.05,86.01
444.07,89.56
444.09,93.92
444.1,96.39
444.12,101.9
444.14,108.2
444.15,111.5
444.17,118.8
444.18,122.6
444.2,130.6
444.22,139.1
444.23,143.5
444.25,152.4
444.27,161.4
444.28,165.9
444.3,174.9
444.32,183.8
444.33,188.1
444.35,196.6
444.37,204.6
444.38,208.5
444.4,215.8
444.42,222.5
444.43,225.7
444.45,231.7
444.47,237.2
444.48,239.7
444.5,244.5
444.51,246.8
444.53,251.3
444.55,255.6
444.56,257.8
444.58,262.3
444.6,267.2
444.61,269.8
444.63,275.6
444.65,282.2
444.66,285.9
444.68,294.1
444.7,303.6
444.71,308.9
444.73,320.5
444.75,333.6
444.76,340.8
444.78,356.2
444.8,373.2
444.81,382.3
444.83,401.4
444.85,421.7
444.86,432.3
444.88,454.2
444.89,465.5
444.91,488.4
444.93,511.7
444.94,523.4
444.96,546.7
444.98,569.8
444.99,581.1
445.01,603.3
445.03,624.5
445.04,634.7
445.06,654.3
445.08,672.5
445.09,681.0
445.11,697.1
445.13,711.6
445.14,718.3
445.16,730.5
445.18,741.3
445.19,746.1
445.21,754.9
445.23,762.4
445.24,765.7
445.26,771.6
445.27,774.2
445.29,778.7
445.31,782.5
445.32,784.2
445.34,787.1
445.36,789.6
445.37,790.6
445.39,792.4
445.41,793.7
445.42,794.3
445.44,795.0
445.46,795.2
445.47,795.1
445.49,794.5
445.51,793.2
445.52,792.2
445.54,789.7
445.56,786.1
445.57,784.0
445.59,778.8
445.61,772.3
445.62,768.6
445.64,760.1
445.65,755.3
445.67,744.6
445.69,732.4
445.7,725.7
445.72,711.1
445.74,695.0
445.75,686.4
445.77,668.0
445.79,648.2
445.8,637.8
445.82,616.0
445.84,593.1
445.85,581.2
445.87,556.8
445.89,531.5
445.9,518.7
445.92,492.6
445.94,466.1
445.95,452.8
445.97,426.1
445.98,412.9
446.0,386.5
446.02,360.5
446.03,347.7
446.05,322.7
446.07,298.6
446.08,286.9
446.1,264.3
446.12,242.9
446.13,232.8
446.15,213.5
446.17,195.6
446.18,187.3
446.2,171.9
446.22,158.1
446.23,151.8
446.25,140.6
446.27,131.1
446.28,126.9
446.3,120.0
446.32,114.7
446.33,112.6
446.35,109.8
446.36,109.0
446.38,108.5
446.4,109.5
446.41,110.5
446.43,113.6
446.45,118.0
446.46,120.7
446.48,126.9
446.5,134.2
446.51,138.2
446.53,146.9
446.55,156.5
446.56,161.5
446.58,172.0
446.6,183.1
446.61,188.7
446.63,200.3
446.65,211.9
446.66,217.8
446.68,229.4
446.7,240.8
446.71,246.4
446.73,257.1
446.74,262.2
446.76,272.0
446.78,280.9
446.79,285.0
446.81,292.3
446.83,298.5
446.84,301.1
446.86,305.3
446.88,308.0
446.89,308.8
446.91,309.3
446.93,308.3
446.94,307.2
446.96,303.8
446.98,298.9
446.99,295.9
447.01,288.9
447.03,280.6
447.04,276.0
447.06,266.0
447.08,255.0
447.09,249.1
447.11,237.0
447.12,230.7
447.14,217.8
447.16,204.7
447.17,198.1
447.19,184.8
447.21,171.8
447.22,165.5
447.24,153.0
447.26,141.2
447.27,135.6
447.29,124.8
447.31,115.0
447.32,110.5
447.34,102.1
447.36,94.8
447.37,91.56
447.39,85.9
447.41,81.35
447.42,79.49
447.44,76.58
447.46,74.73
447.47,74.19
447.49,73.82
447.5,73.99
447.52,74.97
447.54,76.76
447.55,77.92
447.57,80.74
447.59,84.15
447.6,86.04
447.62,90.15
447.64,94.61
447.65,96.95
447.67,101.8
447.69,106.8
447.7,109.3
447.72,114.4
447.74,119.4
447.75,121.9
447.77,126.9
447.79,131.7
447.8,134.0
447.82,138.6
447.83,140.9
447.85,145.2
447.87,149.4
447.88,151.4
447.9,155.3
447.92,159.0
447.93,160.8
447.95,164.3
447.97,167.7
447.98,169.3
448.0,172.4
448.02,175.4
448.03,176.8
448.05,179.4
448.07,181.9
448.08,183.0
448.1,185.1
448.12,186.8
448.13,187.6
448.15,188.8
448.17,189.6
448.18,189.9
448.2,190.1
448.21,190.0
448.23,189.5
448.25,188.5
448.26,187.9
448.28,186.2
448.3,184.2
448.31,183.0
448.33,180.4
448.35,177.5
448.36,176.0
448.38,172.8
448.4,169.5
448.41,167.9
448.43,164.7
448.45,161.5
448.46,160.1
448.48,157.3
448.5,154.8
448.51,153.7
448.53,151.9
448.55,150.4
448.56,149.9
448.58,149.1
448.59,148.9
448.61,148.8
448.63,149.1
448.64,149.4
448.66,150.2
448.68,151.2
448.69,151.8
448.71,153.0
448.73,154.2
448.74,154.8
448.76,155.9
448.78,156.7
448.79,157.0
448.81,157.3
448.83,157.1
448.84,156.9
448.86,156.0
448.88,154.5
448.89,153.6
448.91,151.3
448.93,148.4
448.94,146.7
448.96,143.1
448.97,141.0
448.99,136.7
449.01,131.9
449.02,129.5
449.04,124.3
449.06,119.0
449.07,116.4
449.09,111.1
449.11,105.9
449.12,103.3
449.14,98.43
449.16,93.89
449.17,91.77
449.19,87.89
449.21,84.53
449.22,83.07
449.24,80.61
449.26,78.79
449.27,78.14
449.29,77.34
449.3,77.2
449.32,77.44
449.34,78.35
449.35,79.05
449.37,80.93
449.39,83.41
449.4,84.85
449.42,88.12
449.44,91.84
449.45,93.84
449.47,98.1
449.49,102.6
449.5,104.9
449.52,109.7
449.54,114.4
449.55,116.8
449.57,121.5
449.59,126.1
449.6,128.2
449.62,132.4
449.64,136.3
449.65,138.1
449.67,141.4
449.68,142.9
449.7,145.6
449.72,147.9
449.73,148.8
449.75,150.5
449.77,151.8
449.78,152.3
449.8,153.1
449.82,153.6
449.83,153.8
449.85,154.1
449.87,154.2
449.88,154.2
449.9,154.3
449.92,154.4
449.93,154.5
449.95,154.7
449.97,155.0
449.98,155.3
450.0,155.8
450.02,156.6
450.03,157.0
450.05,157.9
450.06,158.4
450.08,159.5
450.1,160.6
450.11,161.2
450.13,162.4
450.15,163.5
450.16,164.0
450.18,165.0
450.2,165.8
450.21,166.1
450.23,166.6
450.25,167.0
450.26,167.0
450.28,167.0
450.3,166.8
450.31,166.6
450.33,166.1
450.35,165.4
450.36,165.1
450.38,164.2
450.4,163.3
450.41,162.8
450.43,161.9
450.44,161.4
450.46,160.4
450.48,159.5
450.49,159.1
450.51,158.2
450.53,157.4
450.54,157.1
450.56,156.3
450.58,155.6
450.59,155.2
450.61,154.5
450.63,153.7
450.64,153.2
450.66,152.3
450.68,151.3
450.69,150.7
450.71,149.5
450.73,148.1
450.74,147.3
450.76,145.8
450.77,145.0
450.79,143.3
450.81,141.5
450.82,140.7
450.84,139.0
450.86,137.4
450.87,136.6
450.89,135.3
450.91,134.3
450.92,133.9
450.94,133.3
450.96,133.2
450.97,133.4
450.99,134.0
451.01,135.2
451.02,136.1
451.04,138.1
451.06,140.8
451.07,142.3
451.09,145.8
451.11,149.8
451.12,152.0
451.14,156.7
451.15,159.2
451.17,164.5
451.19,170.0
451.2,172.8
451.22,178.6
451.24,184.3
451.25,187.2
451.27,192.9
451.29,198.4
451.3,201.1
451.32,206.2
451.34,211.1
451.35,213.4
451.37,217.8
451.39,221.8
451.4,223.6
451.42,227.2
451.44,230.4
451.45,232.0
451.47,235.0
451.49,237.8
451.5,239.3
451.52,242.2
451.53,243.6
451.55,246.7
451.57,250.0
451.58,251.8
451.6,255.6
451.62,259.8
451.63,262.0
451.65,266.8
451.67,272.0
451.68,274.7
451.7,280.5
451.72,286.5
451.73,289.6
451.75,295.9
451.77,302.3
451.78,305.4
451.8,311.6
451.82,317.5
451.83,320.2
451.85,325.5
451.87,330.1
451.88,332.1
451.9,335.6
451.91,337.1
451.93,339.4
451.95,340.7
451.96,341.1
451.98,341.1
452.0,340.2
452.01,339.4
452.03,337.4
452.05,334.6
452.06,333.0
452.08,329.3
452.1,325.3
452.11,323.1
452.13,318.7
452.15,314.1
452.16,311.8
452.18,307.3
452.2,303.0
452.21,301.0
452.23,297.2
452.25,293.7
452.26,292.2
452.28,289.5
452.29,288.3
452.31,286.4
452.33,285.1
452.34,284.7
452.36,284.4
452.38,284.7
452.39,285.1
452.41,286.4
452.43,288.3
452.44,289.5
452.46,292.5
452.48,296.2
452.49,298.3
452.51,303.0
452.53,308.5
452.54,311.4
452.56,317.9
452.58,325.1
452.59,328.9
452.61,337.0
452.62,341.3
452.64,350.3
452.66,359.8
452.67,364.7
452.69,375.0
452.71,385.7
452.72,391.2
452.74,402.5
452.76,414.2
452.77,420.2
452.79,432.6
452.81,445.5
452.82,452.2
452.84,466.2
452.86,481.1
452.87,489.0
452.89,505.7
452.91,524.2
452.92,534.1
452.94,555.6
452.96,579.7
452.97,592.9
452.99,621.6
453.0,637.3
453.02,671.6
453.04,710.0
453.05,730.9
453.07,776.2
453.09,826.3
453.1,853.2
453.12,910.6
453.14,973.0
453.15,1006.0
453.17,1075.0
453.19,1148.0
453.2,1186.0
453.22,1264.0
453.24,1344.0
453.25,1385.0
453.27,1467.0
453.29,1548.0
453.3,1589.0
453.32,1667.0
453.34,1743.0
453.35,1778.0
453.37,1846.0
453.38,1878.0
453.4,1935.0
453.42,1984.0
453.43,2005.0
453.45,2039.0
453.47,2063.0
453.48,2071.0
453.5,2079.0
453.52,2074.0
453.53,2068.0
453.55,2046.0
453.57,2014.0
453.58,1993.0
453.6,1944.0
453.62,1886.0
453.63,1853.0
453.65,1782.0
453.67,1704.0
453.68,1662.0
453.7,1575.0
453.72,1484.0
453.73,1438.0
453.75,1343.0
453.76,1295.0
453.78,1199.0
453.8,1104.0
453.81,1057.0
453.83,964.9
453.85,875.8
453.86,832.6
453.88,749.4
453.9,670.8
453.91,633.4
453.93,562.7
453.95,497.4
453.96,466.8
453.98,410.0
454.0,358.8
454.01,335.2
454.03,292.3
454.05,254.6
454.06,237.7
454.08,207.5
454.09,194.1
454.11,170.7
454.13,151.4
454.14,143.3
454.16,129.6
454.18,119.3
454.19,115.3
454.21,109.4
454.23,106.2
454.24,105.4
454.26,105.5
454.28,107.4
454.29,109.1
454.31,113.5
454.33,119.3
454.34,122.7
454.36,130.2
454.38,138.7
454.39,143.3
454.41,152.9
454.43,163.2
454.44,168.5
454.46,179.6
454.47,185.3
454.49,197.0
454.51,209.1
454.52,215.3
454.54,227.9
454.56,240.9
454.57,247.5
454.59,261.1
454.61,275.0
454.62,282.2
454.64,296.9
454.66,312.0
454.67,319.8
454.69,335.8
454.71,352.3
454.72,360.7
454.74,378.0
454.76,395.7
454.77,404.7
454.79,423.0
454.81,441.5
454.82,450.7
454.84,469.3
454.85,478.5
454.87,496.8
454.89,514.6
454.9,523.2
454.92,539.9
454.94,555.6
454.95,563.0
454.97,576.8
454.99,589.0
455.0,594.5
455.02,604.1
455.04,611.9
455.05,615.0
455.07,619.6
455.09,622.1
455.1,622.6
455.12,621.9
455.14,619.2
455.15,617.1
455.17,611.4
455.19,603.9
455.2,599.5
455.22,589.6
455.23,584.1
455.25,572.1
455.27,558.9
455.28,552.0
455.3,537.6
455.32,522.5
455.33,514.8
455.35,499.0
455.37,483.1
455.38,475.1
455.4,459.2
455.42,443.3
455.43,435.4
455.45,419.9
455.47,404.7
455.48,397.3
455.5,382.6
455.52,368.4
455.53,361.5
455.55,347.9
455.57,334.7
455.58,328.3
455.6,315.7
455.61,309.5
455.63,297.5
455.65,285.8
455.66,280.0
455.68,268.8
455.7,257.8
455.71,252.4
455.73,241.8
455.75,231.4
455.76,226.3
455.78,216.3
455.8,206.6
455.81,201.8
455.83,192.5
455.85,183.5
455.86,179.1
455.88,170.6
455.9,162.5
455.91,158.6
455.93,151.1
455.94,147.5
455.96,140.7
455.98,134.4
455.99,131.5
456.01,126.0
456.03,121.1
456.04,118.8
456.06,114.8
456.08,111.3
456.09,109.8
456.11,107.3
456.13,105.3
456.14,104.5
456.16,103.4
456.18,102.7
456.19,102.6
456.21,102.7
456.23,103.1
456.24,103.5
456.26,104.4
456.28,105.6
456.29,106.3
456.31,107.7
456.32,108.4
456.34,109.8
456.36,111.2
456.37,111.9
456.39,113.1
456.41,114.0
456.42,114.4
456.44,114.9
456.46,115.1
456.47,115.0
456.49,114.6
456.51,113.8
456.52,113.3
456.54,111.9
456.56,110.2
456.57,109.2
456.59,107.0
456.61,104.6
456.62,103.3
456.64,100.6
456.66,97.82
456.67,96.44
456.69,93.75
456.7,92.46
456.72,90.03
456.74,87.88
456.75,86.94
456.77,85.38
456.79,84.32
456.8,84.0
456.82,83.81
456.84,84.29
456.85,84.79
456.87,86.33
456.89,88.63
456.9,90.07
456.92,93.52
456.94,97.72
456.95,100.1
456.97,105.4
456.99,111.3
457.0,114.5
457.02,121.3
457.04,128.6
457.05,132.4
457.07,140.2
457.08,144.1
457.1,152.2
457.12,160.2
457.13,164.1
457.15,171.9
457.17,179.3
457.18,182.8
457.2,189.4
457.22,195.3
457.23,198.0
457.25,202.7
457.27,206.4
457.28,207.9
457.3,210.1
457.32,211.2
457.33,211.3
457.35,210.8
457.37,209.1
457.38,207.8
457.4,204.5
457.41,202.4
457.43,197.6
457.45,191.9
457.46,188.8
457.48,181.9
457.5,174.5
457.51,170.5
457.53,162.4
457.55,153.9
457.56,149.6
457.58,140.9
457.6,132.2
457.61,127.9
457.63,119.4
457.65,111.1
457.66,107.1
457.68,99.41
457.7,92.15
457.71,88.7
457.73,82.2
457.75,76.26
457.76,73.5
457.78,68.44
457.79,66.13
457.81,61.95
457.83,58.36
457.84,56.77
457.86,54.02
457.88,51.79
457.89,50.86
457.91,49.35
457.93,48.27
457.94,47.88
457.96,47.37
457.98,47.16
457.99,47.17
458.01,47.35
458.03,47.72
458.04,47.97
458.06,48.54
458.08,49.2
458.09,49.54
458.11,50.24
458.13,50.92
458.14,51.25
458.16,51.84
458.17,52.1
458.19,52.55
458.21,52.87
458.22,52.99
458.24,53.1
458.26,53.07
458.27,53.0
458.29,52.74
458.31,52.33
458.32,52.07
458.34,51.46
458.36,50.72
458.37,50.31
458.39,49.41
458.41,48.43
458.42,47.91
458.44,46.82
458.46,45.69
458.47,45.11
458.49,43.94
458.51,42.76
458.52,42.16
458.54,40.98
458.55,40.4
458.57,39.25
458.59,38.12
458.6,37.56
458.62,36.48
458.64,35.43
458.65,34.91
458.67,33.91
458.69,32.93
458.7,32.45
458.72,31.52
458.74,30.61
458.75,30.17
458.77,29.29
458.79,28.44
458.8,28.02
458.82,27.19
458.84,26.38
458.85,25.98
458.87,25.18
458.89,24.4
458.9,24.02
458.92,23.26
458.93,22.89
458.95,22.15
458.97,21.42
458.98,21.06
459.0,20.36
459.02,19.66
459.03,19.32
459.05,18.65
459.07,18.0
459.08,17.68
459.1,17.05
459.12,16.44
459.13,16.15
459.15,15.57
459.17,15.03
459.18,14.77
459.2,14.27
459.22,13.81
459.23,13.59
459.25,13.2
459.26,13.02
459.28,12.7
459.3,12.45
459.31,12.34
459.33,12.18
459.35,12.09
459.36,12.07
459.38,12.09
459.4,12.19
459.41,12.26
459.43,12.47
459.45,12.75
459.46,12.92
459.48,13.29
459.5,13.73
459.51,13.96
459.53,14.47
459.55,15.0
459.56,15.28
459.58,15.84
459.6,16.39
459.61,16.67
459.63,17.2
459.64,17.46
459.66,17.94
459.68,18.37
459.69,18.56
459.71,18.89
459.73,19.15
459.74,19.25
459.76,19.38
459.78,19.43
459.79,19.42
459.81,19.35
459.83,19.2
459.84,19.09
459.86,18.84
459.88,18.53
459.89,18.36
459.91,17.99
459.93,17.6
459.94,17.4
459.96,17.02
459.98,16.65
459.99,16.49
460.01,16.2
460.02,16.07
460.04,15.9
460.06,15.81
460.07,15.81
460.09,15.9
460.11,16.13
460.12,16.29
460.14,16.74
460.16,17.35
460.17,17.72
460.19,18.58
460.21,19.62
460.22,20.2
460.24,21.5
460.26,22.97
460.27,23.77
460.29,25.48
460.31,27.34
460.32,28.32
460.34,30.38
460.36,32.55
460.37,33.67
460.39,35.97
460.4,37.14
460.42,39.52
460.44,41.91
460.45,43.11
460.47,45.47
460.49,47.78
460.5,48.91
460.52,51.08
460.54,53.12
460.55,54.08
460.57,55.87
460.59,57.45
460.6,58.16
460.62,59.4
460.64,60.38
460.65,60.77
460.67,61.33
460.69,61.61
460.7,61.65
460.72,61.49
460.73,61.31
460.75,60.73
460.77,59.88
460.78,59.36
460.8,58.14
460.82,56.71
460.83,55.93
460.85,54.23
460.87,52.41
460.88,51.46
460.9,49.51
460.92,47.53
460.93,46.54
460.95,44.59
460.97,42.73
460.98,41.84
461.0,40.16
461.02,38.68
461.03,38.01
461.05,36.87
461.07,36.01
461.08,35.7
461.1,35.32
461.11,35.26
461.13,35.44
461.15,36.02
461.16,36.48
461.18,37.72
461.2,39.44
461.21,40.48
461.23,42.96
461.25,45.97
461.26,47.69
461.28,51.55
461.3,56.01
461.31,58.47
461.33,63.87
461.35,69.92
461.36,73.2
461.38,80.25
461.4,87.99
461.41,92.11
461.43,100.9
461.45,110.3
461.46,115.3
461.48,125.6
461.49,131.1
461.51,142.3
461.53,154.1
461.54,160.1
461.56,172.4
461.58,185.0
461.59,191.4
461.61,204.1
461.63,216.8
461.64,223.0
461.66,235.3
461.68,247.2
461.69,252.9
461.71,263.7
461.73,273.7
461.74,278.4
461.76,286.8
461.78,294.1
461.79,297.2
461.81,302.5
461.83,306.4
461.84,307.8
461.86,309.6
461.87,309.9
461.89,309.6
461.91,307.9
461.92,306.6
461.94,303.1
461.96,298.5
461.97,295.8
461.99,289.9
462.01,283.3
462.02,279.8
462.04,272.6
462.06,265.0
462.07,261.2
462.09,253.7
462.11,246.3
462.12,242.6
462.14,235.7
462.16,229.1
462.17,226.1
462.19,220.3
462.21,215.0
462.22,212.6
462.24,208.1
462.25,206.0
462.27,202.3
462.29,198.8
462.3,197.3
462.32,194.3
462.34,191.4
462.35,190.0
462.37,187.2
462.39,184.2
462.4,182.7
462.42,179.5
462.44,175.9
462.45,174.0
462.47,169.8
462.49,165.3
462.5,162.8
462.52,157.6
462.54,151.9
462.55,148.9
462.57,142.7
462.58,139.4
462.6,132.6
462.62,125.6
462.63,122.1
462.65,114.8
462.67,107.5
462.68,103.9
462.7,96.6
462.72,89.46
462.73,85.95
462.75,79.1
462.77,72.51
462.78,69.34
462.8,63.23
462.82,57.49
462.83,54.77
462.85,49.6
462.87,44.84
462.88,42.61
462.9,38.43
462.92,34.64
462.93,32.88
462.95,29.63
462.96,28.13
462.98,25.37
463.0,22.9
463.01,21.77
463.03,19.69
463.05,17.83
463.06,16.98
463.08,15.42
463.1,14.03
463.11,13.38
463.13,12.2
463.15,11.13
463.16,10.64
463.18,9.732
463.2,8.914
463.21,8.536
463.23,7.842
463.25,7.226
463.26,6.947
463.28,6.445
463.3,6.023
463.31,5.842
463.33,5.543
463.34,5.426
463.36,5.264
463.38,5.201
463.39,5.21
463.41,5.314
463.43,5.543
463.44,5.707
463.46,6.143
463.48,6.734
463.49,7.092
463.51,7.942
463.53,8.983
463.54,9.58
463.56,10.94
463.58,12.52
463.59,13.41
463.61,15.37
463.63,17.61
463.64,18.83
463.66,21.5
463.68,24.47
463.69,26.08
463.71,29.53
463.72,31.38
463.74,35.33
463.76,39.63
463.77,41.91
463.79,46.72
463.81,51.88
463.82,54.59
463.84,60.26
463.86,66.27
463.87,69.41
463.89,75.92
463.91,82.75
463.92,86.28
463.94,93.57
463.96,101.2
463.97,105.1
463.99,113.1
464.01,121.4
464.02,125.6
464.04,134.3
464.05,138.7
464.07,147.8
464.09,157.0
464.1,161.7
464.12,171.2
464.14,180.9
464.15,185.7
464.17,195.5
464.19,205.4
464.2,210.3
464.22,220.1
464.24,229.7
464.25,234.5
464.27,243.8
464.29,252.7
464.3,257.1
464.32,265.3
464.34,273.0
464.35,276.5
464.37,283.1
464.39,288.8
464.4,291.3
464.42,295.4
464.43,297.1
464.45,299.6
464.47,300.9
464.48,301.1
464.5,300.5
464.52,298.7
464.53,297.2
464.55,293.5
464.57,288.5
464.58,285.5
464.6,278.8
464.62,271.1
464.63,266.9
464.65,257.8
464.67,248.0
464.68,242.8
464.7,232.2
464.72,221.1
464.73,215.5
464.75,204.1
464.77,192.7
464.78,187.0
464.8,175.8
464.81,170.3
464.83,159.5
464.85,149.2
464.86,144.2
464.88,134.6
464.9,125.7
464.91,121.4
464.93,113.3
464.95,105.9
464.96,102.5
464.98,96.07
465.0,90.3
465.01,87.64
465.03,82.79
465.05,78.52
465.06,76.6
465.08,73.15
465.1,70.21
465.11,68.92
465.13,66.69
465.15,64.89
465.16,64.15
465.18,62.98
465.19,62.54
465.21,61.95
465.23,61.75
465.24,61.79
465.26,62.16
465.28,62.91
465.29,63.42
465.31,64.75
465.33,66.47
465.34,67.48
465.36,69.8
465.38,72.51
465.39,74.02
465.41,77.33
465.43,81.02
465.44,83.0
465.46,87.23
465.48,91.79
465.49,94.18
465.51,99.16
465.52,101.7
465.54,107.0
465.56,112.5
465.57,115.2
465.59,120.8
465.61,126.3
465.62,129.0
465.64,134.3
465.66,139.4
465.67,141.9
465.69,146.5
465.71,150.7
465.72,152.7
465.74,156.2
465.76,159.1
465.77,160.3
465.79,162.3
465.81,163.7
465.82,164.1
465.84,164.3
465.86,163.9
465.87,163.4
465.89,162.0
465.9,161.0
465.92,158.5
465.94,155.4
465.95,153.7
465.97,149.8
465.99,145.4
466.0,143.0
466.02,138.1
466.04,132.9
466.05,130.1
466.07,124.6
466.09,119.0
466.1,116.1
466.12,110.5
466.14,104.9
466.15,102.2
466.17,96.88
466.19,91.8
466.2,89.37
466.22,84.74
466.24,80.47
466.25,78.48
466.27,74.81
466.28,73.13
466.3,70.12
466.32,67.56
466.33,66.47
466.35,64.63
466.37,63.28
466.38,62.79
466.4,62.18
466.42,62.04
466.43,62.15
466.45,62.73
466.47,63.75
466.48,64.42
466.5,66.09
466.52,68.15
466.53,69.31
466.55,71.9
466.57,74.79
466.58,76.34
466.6,79.6
466.62,83.05
466.63,84.83
466.65,88.44
466.66,90.27
466.68,93.92
466.7,97.51
466.71,99.26
466.73,102.6
466.75,105.8
466.76,107.3
466.78,110.0
466.8,112.4
466.81,113.5
466.83,115.3
466.85,116.6
466.86,117.2
466.88,117.9
466.9,118.2
466.91,118.2
466.93,117.9
466.95,117.2
466.96,116.8
466.98,115.8
467.0,114.6
467.01,113.9
467.03,112.6
467.04,112.0
467.06,110.8
467.08,109.9
467.09,109.5
467.11,109.1
467.13,109.1
467.14,109.3
467.16,110.2
467.18,111.7
467.19,112.7
467.21,115.3
467.23,118.7
467.24,120.7
467.26,125.2
467.28,130.5
467.29,133.4
467.31,139.8
467.33,146.7
467.34,150.3
467.36,157.9
467.37,161.9
467.39,169.9
467.41,178.1
467.42,182.2
467.44,190.2
467.46,198.0
467.47,201.8
467.49,208.9
467.51,215.3
467.52,218.3
467.54,223.5
467.56,227.8
467.57,229.6
467.59,232.4
467.61,234.1
467.62,234.5
467.64,234.6
467.66,233.5
467.67,232.6
467.69,230.1
467.71,226.7
467.72,224.7
467.74,220.1
467.75,217.7
467.77,212.3
467.79,206.7
467.8,203.8
467.82,198.0
467.84,192.2
467.85,189.4
467.87,184.1
467.89,179.3
467.9,177.1
467.92,173.2
467.94,170.0
467.95,168.7
467.97,166.8
467.99,165.8
468.0,165.6
468.02,165.8
468.04,166.9
468.05,167.8
468.07,169.9
468.09,172.7
468.1,174.3
468.12,177.9
468.13,179.7
468.15,183.6
468.17,187.6
468.18,189.5
468.2,193.3
468.22,196.8
468.23,198.3
468.25,201.1
468.27,203.1
468.28,203.9
468.3,204.8
468.32,204.8
468.33,204.4
468.35,203.0
468.37,200.7
468.38,199.1
468.4,195.3
468.42,190.6
468.43,187.9
468.45,181.9
468.47,175.2
468.48,171.6
468.5,164.0
468.51,160.0
468.53,151.8
468.55,143.3
468.56,139.0
468.58,130.3
468.6,121.6
468.61,117.3
468.63,108.9
468.65,100.8
468.66,96.93
468.68,89.42
468.7,82.39
468.71,79.08
468.73,72.87
468.75,67.24
468.76,64.66
468.78,59.94
468.8,55.82
468.81,53.98
468.83,50.73
468.84,49.31
468.86,46.86
468.88,44.91
468.89,44.1
468.91,42.78
468.93,41.82
468.94,41.46
468.96,40.95
468.98,40.65
468.99,40.57
469.01,40.51
469.03,40.54
469.04,40.58
469.06,40.66
469.08,40.73
469.09,40.75
469.11,40.72
469.13,40.6
469.14,40.5
469.16,40.2
469.18,39.76
469.19,39.49
469.21,38.83
469.22,38.44
469.24,37.56
469.26,36.54
469.27,35.98
469.29,34.77
469.31,33.44
469.32,32.74
469.34,31.28
469.36,29.76
469.37,28.97
469.39,27.38
469.41,25.76
469.42,24.95
469.44,23.33
469.46,21.73
469.47,20.94
469.49,19.4
469.51,17.92
469.52,17.2
469.54,15.81
469.56,14.5
469.57,13.87
469.59,12.68
469.6,12.12
469.62,11.07
469.64,10.11
469.65,9.662
469.67,8.836
469.69,8.101
469.7,7.766
469.72,7.16
469.74,6.638
469.75,6.407
469.77,6.003
469.79,5.672
469.8,5.533
469.82,5.306
469.84,5.141
469.85,5.081
469.87,5.003
469.89,4.977
469.9,4.982
469.92,5.025
469.94,5.111
469.95,5.168
469.97,5.307
469.98,5.389
470.0,5.574
470.02,5.785
470.03,5.899
470.05,6.141
470.07,6.399
470.08,6.532
470.1,6.808
470.12,7.09
470.13,7.232
470.15,7.518
470.17,7.802
470.18,7.943
470.2,8.217
470.22,8.482
470.23,8.61
470.25,8.853
470.27,9.079
470.28,9.185
470.3,9.38
470.32,9.552
470.33,9.628
470.35,9.763
470.36,9.821
470.38,9.916
470.4,9.986
470.41,10.01
470.43,10.04
470.45,10.05
470.46,10.05
470.48,10.03
470.5,9.996
470.51,9.974
470.53,9.92
470.55,9.861
470.56,9.83
470.58,9.768
470.6,9.71
470.61,9.684
470.63,9.639
470.65,9.607
470.66,9.597
470.68,9.59
470.69,9.594
470.71,9.616
470.73,9.66
470.74,9.689
470.76,9.763
470.78,9.856
470.79,9.909
470.81,10.03
470.83,10.15
470.84,10.22
470.86,10.36
470.88,10.5
470.89,10.57
470.91,10.71
470.93,10.83
470.94,10.89
470.96,10.99
470.98,11.07
470.99,11.1
471.01,11.14
471.03,11.16
471.04,11.15
471.06,11.12
471.07,11.1
471.09,11.02
471.11,10.92
471.12,10.86
471.14,10.73
471.16,10.57
471.17,10.49
471.19,10.31
471.21,10.13
471.22,10.04
471.24,9.858
471.26,9.684
471.27,9.601
471.29,9.448
471.31,9.314
471.32,9.257
471.34,9.162
471.36,9.096
471.37,9.074
471.39,9.056
471.41,9.07
471.42,9.09
471.44,9.152
471.45,9.195
471.47,9.302
471.49,9.434
471.5,9.508
471.52,9.67
471.54,9.847
471.55,9.939
471.57,10.13
471.59,10.31
471.6,10.41
471.62,10.59
471.64,10.75
471.65,10.83
471.67,10.97
471.69,11.09
471.7,11.14
471.72,11.22
471.74,11.28
471.75,11.3
471.77,11.32
471.79,11.32
471.8,11.32
471.82,11.29
471.83,11.27
471.85,11.24
471.87,11.2
471.88,11.18
471.9,11.15
471.92,11.14
471.93,11.14
471.95,11.17
471.97,11.23
471.98,11.28
472.0,11.4
472.02,11.57
472.03,11.68
472.05,11.93
472.07,12.25
472.08,12.43
472.1,12.83
472.12,13.3
472.13,13.56
472.15,14.12
472.16,14.43
472.18,15.08
472.2,15.8
472.21,16.18
472.23,16.98
472.25,17.85
472.26,18.3
472.28,19.25
472.3,20.26
472.31,20.79
472.33,21.9
472.35,23.09
472.36,23.71
472.38,25.01
472.4,26.4
472.41,27.14
472.43,28.68
472.45,30.35
472.46,31.23
472.48,33.08
472.5,35.08
472.51,36.13
472.53,38.35
472.54,39.52
472.56,41.97
472.58,44.58
472.59,45.94
472.61,48.78
472.63,51.75
472.64,53.28
472.66,56.43
472.68,59.67
472.69,61.31
472.71,64.63
472.73,67.96
472.74,69.61
472.76,72.89
472.78,76.08
472.79,77.63
472.81,80.61
472.83,83.39
472.84,84.7
472.86,87.12
472.88,89.25
472.89,90.2
472.91,91.83
472.92,92.51
472.94,93.59
472.96,94.29
472.97,94.49
472.99,94.59
473.01,94.3
473.02,94.01
473.04,93.16
473.06,91.95
473.07,91.22
473.09,89.54
473.11,87.59
473.12,86.52
473.14,84.22
473.16,81.75
473.17,80.46
473.19,77.8
473.21,75.06
473.22,73.68
473.24,70.91
473.26,68.15
473.27,66.8
473.29,64.13
473.3,62.83
473.32,60.3
473.34,57.9
473.35,56.75
473.37,54.55
473.39,52.5
473.4,51.53
473.42,49.72
473.44,48.06
473.45,47.28
473.47,45.86
473.49,44.58
473.5,44.0
473.52,42.94
473.54,42.03
473.55,41.63
473.57,40.92
473.59,40.35
473.6,40.11
473.62,39.74
473.64,39.5
473.65,39.44
473.67,39.42
473.68,39.46
473.7,39.67
473.72,40.04
473.73,40.29
473.75,40.92
473.77,41.75
473.78,42.24
473.8,43.37
473.82,44.74
473.83,45.51
473.85,47.23
473.87,49.21
473.88,50.3
473.9,52.68
473.92,55.32
473.93,56.75
473.95,59.8
473.97,63.12
473.98,64.87
474.0,68.57
474.01,70.5
474.03,74.52
474.05,78.73
474.06,80.89
474.08,85.31
474.1,89.82
474.11,92.09
474.13,96.64
474.15,101.1
474.16,103.4
474.18,107.7
474.2,111.8
474.21,113.8
474.23,117.6
474.25,121.0
474.26,122.5
474.28,125.3
474.3,127.6
474.31,128.6
474.33,130.1
474.35,131.0
474.36,131.3
474.38,131.4
474.39,131.2
474.41,130.4
474.43,129.1
474.44,128.2
474.46,126.0
474.48,123.4
474.49,121.9
474.51,118.6
474.53,114.9
474.54,112.9
474.56,108.8
474.58,104.6
474.59,102.4
474.61,97.9
474.63,93.42
474.64,91.19
474.66,86.79
474.68,82.51
474.69,80.44
474.71,76.45
474.73,72.7
474.74,70.92
474.76,67.59
474.77,66.04
474.79,63.19
474.81,60.66
474.82,59.53
474.84,57.5
474.86,55.81
474.87,55.08
474.89,53.86
474.91,52.93
474.92,52.58
474.94,52.06
474.96,51.8
474.97,51.75
474.99,51.82
475.01,52.08
475.02,52.28
475.04,52.8
475.06,53.46
475.07,53.84
475.09,54.69
475.11,55.66
475.12,56.18
475.14,57.3
475.15,57.89
475.17,59.15
475.19,60.49
475.2,61.2
475.22,62.7
475.24,64.31
475.25,65.16
475.27,66.98
475.29,68.95
475.3,70.0
475.32,72.28
475.34,74.79
475.35,76.16
475.37,79.12
475.39,82.44
475.4,84.26
475.42,88.22
475.44,92.69
475.45,95.13
475.47,100.5
475.48,103.4
475.5,109.7
475.52,116.7
475.53,120.6
475.55,128.8
475.57,137.8
475.58,142.7
475.6,153.0
475.62,164.2
475.63,170.0
475.65,182.4
475.67,195.5
475.68,202.3
475.7,216.4
475.72,231.0
475.73,238.4
475.75,253.6
475.77,268.8
475.78,276.5
475.8,291.6
475.82,306.5
475.83,313.8
475.85,327.9
475.86,334.6
475.88,347.4
475.9,359.1
475.91,364.5
475.93,374.2
475.95,382.5
475.96,386.0
475.98,391.7
476.0,395.6
476.01,396.8
476.03,397.9
476.05,397.0
476.06,395.9
476.08,392.2
476.1,386.6
476.11,383.2
476.13,375.0
476.15,365.2
476.16,359.8
476.18,347.9
476.2,334.8
476.21,327.9
476.23,313.4
476.24,305.8
476.26,290.2
476.28,274.2
476.29,266.0
476.31,249.6
476.33,233.3
476.34,225.1
476.36,209.0
476.38,193.3
476.39,185.6
476.41,170.6
476.43,156.3
476.44,149.4
476.46,136.1
476.48,123.7
476.49,117.8
476.51,106.6
476.53,96.19
476.54,91.32
476.56,82.21
476.58,73.92
476.59,70.06
476.61,62.93
476.62,59.63
476.64,53.57
476.66,48.16
476.67,45.68
476.69,41.16
476.71,37.17
476.72,35.36
476.74,32.07
476.76,29.18
476.77,27.88
476.79,25.51
476.81,23.44
476.82,22.5
476.84,20.8
476.86,19.31
476.87,18.63
476.89,17.39
476.91,16.29
476.92,15.78
476.94,14.85
476.95,14.42
476.97,13.63
476.99,12.9
477.0,12.57
477.02,11.93
477.04,11.35
477.05,11.08
477.07,10.57
477.09,10.1
477.1,9.874
477.12,9.458
477.14,9.078
477.15,8.902
477.17,8.578
477.19,8.292
477.2,8.165
477.22,7.942
477.24,7.765
477.25,7.695
477.27,7.597
477.29,7.557
477.3,7.561
477.32,7.621
477.33,7.679
477.35,7.857
477.37,8.124
477.38,8.294
477.4,8.71
477.42,9.239
477.43,9.548
477.45,10.26
477.47,11.11
477.48,11.59
477.5,12.66
477.52,13.88
477.53,14.56
477.55,16.03
477.57,17.67
477.58,18.55
477.6,20.45
477.62,22.51
477.63,23.61
477.65,25.93
477.67,28.41
477.68,29.7
477.7,32.39
477.71,33.79
477.73,36.67
477.75,39.66
477.76,41.19
477.78,44.29
477.8,47.44
477.81,49.03
477.83,52.21
477.85,55.37
477.86,56.94
477.88,60.03
477.9,63.04
477.91,64.5
477.93,67.33
477.95,70.02
477.96,71.3
477.98,73.73
478.0,75.96
478.01,76.99
478.03,78.9
478.05,80.58
478.06,81.33
478.08,82.66
478.09,83.24
478.11,84.23
478.13,85.0
478.14,85.32
478.16,85.8
478.18,86.11
478.19,86.21
478.21,86.32
478.23,86.34
478.24,86.32
478.26,86.25
478.28,86.18
478.29,86.16
478.31,86.15
478.33,86.23
478.34,86.31
478.36,86.59
478.38,87.04
478.39,87.33
478.41,88.07
478.43,89.03
478.44,89.6
478.46,90.9
478.47,91.63
478.49,93.27
478.51,95.1
478.52,96.09
478.54,98.18
478.56,100.4
478.57,101.5
478.59,103.9
478.61,106.2
478.62,107.3
478.64,109.6
478.66,111.6
478.67,112.6
478.69,114.4
478.71,115.8
478.72,116.5
478.74,117.4
478.76,117.9
478.77,118.0
478.79,117.9
478.8,117.7
478.82,116.8
478.84,115.4
478.85,114.6
478.87,112.5
478.89,109.9
478.9,108.4
478.92,105.2
478.94,101.5
478.95,99.59
478.97,95.46
478.99,91.05
479.0,88.76
479.02,84.05
479.04,79.2
479.05,76.74
479.07,71.81
479.09,66.87
479.1,64.42
479.12,59.59
479.14,54.88
479.15,52.58
479.17,48.12
479.18,45.97
479.2,41.84
479.22,37.95
479.23,36.11
479.25,32.62
479.27,29.41
479.28,27.91
479.3,25.13
479.32,22.64
479.33,21.5
479.35,19.43
479.37,17.64
479.38,16.84
479.4,15.46
479.42,14.33
479.43,13.86
479.45,13.11
479.47,12.6
479.48,12.43
479.5,12.27
479.52,12.33
479.53,12.44
479.55,12.83
479.56,13.1
479.58,13.79
479.6,14.67
479.61,15.19
479.63,16.35
479.65,17.7
479.66,18.43
479.68,20.02
479.7,21.76
479.71,22.68
479.73,24.63
479.75,26.68
479.76,27.75
479.78,29.95
479.8,32.23
479.81,33.39
479.83,35.74
479.85,38.12
479.86,39.32
479.88,41.7
479.9,44.08
479.91,45.26
479.93,47.59
479.94,48.74
479.96,51.0
479.98,53.22
479.99,54.3
480.01,56.44
480.03,58.54
480.04,59.58
480.06,61.63
480.08,63.68
480.09,64.71
480.11,66.79
480.13,68.91
480.14,70.0
480.16,72.24
480.18,74.59
480.19,75.82
480.21,78.38
480.23,81.11
480.24,82.54
480.26,85.54
480.27,87.11
480.29,90.4
480.31,93.86
480.32,95.66
480.34,99.37
480.36,103.2
480.37,105.2
480.39,109.1
480.41,113.1
480.42,115.1
480.44,119.0
480.46,122.8
480.47,124.7
480.49,128.2
480.51,131.4
480.52,132.9
480.54,135.5
480.56,137.7
480.57,138.7
480.59,140.1
480.61,141.0
480.62,141.2
480.64,141.2
480.65,141.0
480.67,140.0
480.69,138.5
480.7,137.4
480.72,135.0
480.74,131.9
480.75,130.2
480.77,126.3
480.79,122.0
480.8,119.7
480.82,114.7
480.84,109.5
480.85,106.8
480.87,101.2
480.89,95.51
480.9,92.61
480.92,86.79
480.94,80.97
480.95,78.08
480.97,72.37
480.99,66.81
481.0,64.09
481.02,58.8
481.03,56.24
481.05,51.31
481.07,46.64
481.08,44.42
481.1,40.17
481.12,36.23
481.13,34.37
481.15,30.87
481.17,27.67
481.18,26.17
481.2,23.4
481.22,20.91
481.23,19.77
481.25,17.68
481.27,15.83
481.28,15.0
481.3,13.52
481.32,12.26
481.33,11.71
481.35,10.78
481.37,10.05
481.38,9.757
481.4,9.328
481.41,9.188
481.43,9.058
481.45,9.129
481.46,9.241
481.48,9.622
481.5,10.22
481.51,10.6
481.53,11.54
481.55,12.73
481.56,13.42
481.58,15.0
481.6,16.86
481.61,17.9
481.63,20.23
481.65,22.88
481.66,24.33
481.68,27.51
481.7,31.06
481.71,32.98
481.73,37.11
481.75,41.65
481.76,44.07
481.78,49.23
481.79,51.96
481.81,57.73
481.83,63.91
481.84,67.15
481.86,73.92
481.88,81.05
481.89,84.74
481.91,92.37
481.93,100.3
481.94,104.3
481.96,112.6
481.98,121.0
481.99,125.3
482.01,133.8
482.03,142.4
482.04,146.7
482.06,155.1
482.08,163.4
482.09,167.5
482.11,175.4
482.12,179.2
482.14,186.6
482.16,193.4
482.17,196.7
482.19,202.7
482.21,208.1
482.22,210.6
482.24,214.9
482.26,218.5
482.27,220.0
482.29,222.3
482.31,223.8
482.32,224.1
482.34,224.3
482.36,223.5
482.37,222.7
482.39,220.6
482.41,217.6
482.42,215.7
482.44,211.5
482.46,206.4
482.47,203.6
482.49,197.5
482.5,194.2
482.52,187.1
482.54,179.5
482.55,175.6
482.57,167.3
482.59,158.8
482.6,154.4
482.62,145.5
482.64,136.5
482.65,132.0
482.67,123.0
482.69,114.1
482.7,109.7
482.72,101.0
482.74,92.55
482.75,88.45
482.77,80.48
482.79,72.87
482.8,69.22
482.82,62.22
482.84,55.65
482.85,52.54
482.87,46.65
482.88,43.88
482.9,38.67
482.92,33.92
482.93,31.7
482.95,27.6
482.97,23.92
482.98,22.22
483.0,19.12
483.02,16.39
483.03,15.15
483.05,12.91
483.07,10.97
483.08,10.1
483.1,8.571
483.12,7.284
483.13,6.726
483.15,5.769
483.17,5.013
483.18,4.706
483.2,4.229
483.22,3.928
483.23,3.843
483.25,3.803
483.26,3.85
483.28,4.081
483.3,4.505
483.31,4.795
483.33,5.544
483.35,6.539
483.36,7.138
483.38,8.562
483.4,10.32
483.41,11.34
483.43,13.69
483.45,16.5
483.46,18.1
483.48,21.71
483.5,25.95
483.51,28.32
483.53,33.63
483.55,39.73
483.56,43.11
483.58,50.56
483.59,54.65
483.61,63.6
483.63,73.65
483.64,79.1
483.66,90.88
483.68,103.9
483.69,110.8
483.71,125.7
483.73,141.8
483.74,150.3
483.76,168.3
483.78,187.4
483.79,197.3
483.81,218.0
483.83,239.6
483.84,250.8
483.86,273.5
483.88,296.7
483.89,308.5
483.91,332.2
483.93,355.9
483.94,367.6
483.96,390.9
483.97,402.3
483.99,424.5
484.01,445.7
484.02,455.9
484.04,475.2
484.06,492.9
484.07,501.1
484.09,516.2
484.11,529.2
484.12,534.9
484.14,544.6
484.16,552.1
484.17,555.0
484.19,559.0
484.21,560.8
484.22,560.8
484.24,559.3
484.26,555.7
484.27,553.1
484.29,546.6
484.31,538.5
484.32,533.8
484.34,523.5
484.35,517.9
484.37,505.8
484.39,492.9
484.4,486.1
484.42,472.2
484.44,457.9
484.45,450.7
484.47,436.1
484.49,421.4
484.5,414.1
484.52,399.6
484.54,385.4
484.55,378.3
484.57,364.5
484.59,351.0
484.6,344.4
484.62,331.5
484.64,318.9
484.65,312.7
484.67,300.7
484.69,289.0
484.7,283.3
484.72,272.2
484.73,266.8
484.75,256.2
484.77,246.1
484.78,241.1
484.8,231.7
484.82,222.7
484.83,218.5
484.85,210.5
484.87,203.2
484.88,199.9
484.9,193.9
484.92,188.9
484.93,186.8
484.95,183.5
484.97,181.6
484.98,181.1
485.0,181.3
485.02,183.2
485.03,184.7
485.05,189.1
485.07,195.2
485.08,199.0
485.1,208.1
485.11,213.3
485.13,225.2
485.15,239.0
485.16,246.7
485.18,263.4
485.2,281.8
485.21,291.7
485.23,312.7
485.25,335.2
485.26,347.0
485.28,371.3
485.3,396.8
485.31,409.8
485.33,436.3
485.35,463.1
485.36,476.6
485.38,503.5
485.4,530.0
485.41,543.1
485.43,568.5
485.44,580.8
485.46,604.3
485.48,626.3
485.49,636.6
485.51,655.7
485.53,672.6
485.54,680.1
485.56,693.2
485.58,703.6
485.59,707.7
485.61,713.8
485.63,717.0
485.64,717.5
485.66,716.3
485.68,712.2
485.69,709.1
485.71,701.0
485.73,690.2
485.74,684.0
485.76,669.8
485.78,653.6
485.79,644.8
485.81,626.1
485.82,616.2
485.84,595.4
485.86,573.7
485.87,562.6
485.89,539.9
485.91,516.8
485.92,505.2
485.94,482.0
485.96,458.9
485.97,447.5
485.99,424.9
486.01,402.8
486.02,392.0
486.04,370.8
486.06,350.4
486.07,340.4
486.09,321.1
486.11,302.5
486.12,293.5
486.14,276.0
486.16,259.2
486.17,251.1
486.19,235.5
486.2,227.9
486.22,213.2
486.24,199.1
486.25,192.3
486.27,179.1
486.29,166.5
486.3,160.4
486.32,148.6
486.34,137.4
486.35,131.9
486.37,121.5
486.39,111.6
486.4,106.9
486.42,97.79
486.44,89.28
486.45,85.23
486.47,77.56
486.49,70.47
486.5,67.14
486.52,60.91
486.54,55.27
486.55,52.67
486.57,47.9
486.58,45.73
486.6,41.82
486.62,38.48
486.63,37.01
486.65,34.49
486.67,32.5
486.68,31.71
486.7,30.49
486.72,29.76
486.73,29.58
486.75,29.56
486.77,29.98
486.78,30.35
486.8,31.39
486.82,32.83
486.83,33.68
486.85,35.66
486.87,37.96
486.88,39.23
486.9,41.98
486.91,43.45
486.93,46.57
486.95,49.91
486.96,51.65
486.98,55.24
487.0,58.95
487.01,60.84
487.03,64.65
487.05,68.49
487.06,70.39
487.08,74.17
487.1,77.85
487.11,79.64
487.13,83.09
487.15,86.33
487.16,87.87
487.18,90.72
487.2,93.27
487.21,94.42
487.23,96.45
487.25,98.1
487.26,98.78
487.28,99.83
487.29,100.2
487.31,100.6
487.33,100.7
487.34,100.5
487.36,99.96
487.38,99.02
487.39,98.42
487.41,96.98
487.43,95.26
487.44,94.31
487.46,92.24
487.48,90.01
487.49,88.85
487.51,86.47
487.53,84.08
487.54,82.89
487.56,80.59
487.58,78.44
487.59,77.45
487.61,75.65
487.63,74.19
487.64,73.61
487.66,72.8
487.67,72.59
487.69,72.62
487.71,73.32
487.72,73.96
487.74,75.88
487.76,78.74
487.77,80.56
487.79,85.08
487.81,90.86
487.82,94.27
487.84,102.2
487.86,111.8
487.87,117.3
487.89,129.7
487.91,144.2
487.92,152.3
487.94,170.2
487.96,190.6
487.97,201.8
487.99,226.3
488.01,253.6
488.02,268.4
488.04,300.2
488.05,317.3
488.07,353.7
488.09,393.1
488.1,413.9
488.12,457.8
488.14,504.4
488.15,528.6
488.17,578.9
488.19,631.2
488.2,658.0
488.22,712.6
488.24,768.1
488.25,796.1
488.27,852.0
488.29,907.3
488.3,934.6
488.32,987.9
488.34,1039.0
488.35,1064.0
488.37,1110.0
488.39,1153.0
488.4,1172.0
488.42,1208.0
488.43,1224.0
488.45,1251.0
488.47,1272.0
488.48,1281.0
488.5,1293.0
488.52,1298.0
488.53,1298.0
488.55,1293.0
488.57,1282.0
488.58,1274.0
488.6,1253.0
488.62,1227.0
488.63,1212.0
488.65,1177.0
488.67,1138.0
488.68,1117.0
488.7,1073.0
488.72,1026.0
488.73,1001.0
488.75,950.6
488.76,924.9
488.78,873.0
488.8,820.9
488.81,795.0
488.83,743.8
488.85,693.8
488.86,669.5
488.88,622.3
488.9,577.4
488.91,556.0
488.93,515.1
488.95,477.2
488.96,459.4
488.98,426.0
489.0,395.7
489.01,381.7
489.03,355.9
489.05,333.1
489.06,322.6
489.08,303.8
489.1,287.3
489.11,279.9
489.13,266.7
489.14,260.7
489.16,250.2
489.18,241.1
489.19,237.0
489.21,229.7
489.23,223.4
489.24,220.5
489.26,215.2
489.28,210.5
489.29,208.3
489.31,204.2
489.33,200.4
489.34,198.6
489.36,195.2
489.38,192.1
489.39,190.7
489.41,188.2
489.43,186.2
489.44,185.3
489.46,184.3
489.48,184.0
489.49,184.2
489.51,185.5
489.52,186.6
489.54,189.8
489.56,194.6
489.57,197.7
489.59,205.2
489.61,214.7
489.62,220.2
489.64,233.1
489.66,248.3
489.67,256.9
489.69,275.8
489.71,297.4
489.72,309.1
489.74,334.4
489.76,362.2
489.77,377.0
489.79,408.1
489.81,441.3
489.82,458.6
489.84,494.2
489.86,531.1
489.87,549.8
489.89,587.8
489.9,606.8
489.92,644.7
489.94,682.0
489.95,700.3
489.97,735.7
489.99,769.2
490.0,785.0
490.02,814.7
490.04,841.1
490.05,853.0
490.07,873.9
490.09,890.6
490.1,897.3
490.12,907.3
490.14,912.5
490.15,913.4
490.17,911.4
490.19,904.6
490.2,899.4
490.22,885.7
490.23,877.1
490.25,857.0
490.27,832.9
490.28,819.5
490.3,790.3
490.32,758.2
490.33,741.3
490.35,705.9
490.37,668.8
490.38,649.8
490.4,611.2
490.42,572.2
490.43,552.7
490.45,513.9
490.47,475.7
490.48,457.0
490.5,420.4
490.52,385.3
490.53,368.3
490.55,335.7
490.57,305.0
490.58,290.5
490.6,262.8
490.61,249.8
490.63,225.3
490.65,202.9
490.66,192.5
490.68,173.2
490.7,155.9
490.71,147.9
490.73,133.3
490.75,120.5
490.76,114.7
490.78,104.2
490.8,95.16
490.81,91.15
490.83,84.09
490.85,78.23
490.86,75.72
490.88,71.49
490.9,68.24
490.91,66.97
490.93,65.1
490.95,64.07
490.96,63.85
490.98,64.0
490.99,64.35
491.01,65.59
491.03,67.51
491.04,68.72
491.06,71.61
491.08,75.09
491.09,77.05
491.11,81.36
491.13,86.17
491.14,88.75
491.16,94.21
491.18,100.0
491.19,103.1
491.21,109.3
491.23,115.8
491.24,119.0
491.26,125.6
491.28,132.3
491.29,135.5
491.31,142.0
491.33,148.3
491.34,151.3
491.36,157.2
491.37,160.0
491.39,165.3
491.41,170.2
491.42,172.5
491.44,176.7
491.46,180.4
491.47,182.1
491.49,185.0
491.51,187.6
491.52,188.7
491.54,190.6
491.56,192.2
491.57,192.9
491.59,194.2
491.61,195.3
491.62,195.9
491.64,197.1
491.66,198.5
491.67,199.2
491.69,201.0
491.7,202.1
491.72,204.5
491.74,207.5
491.75,209.3
491.77,213.2
491.79,217.9
491.8,220.6
491.82,226.4
491.84,232.9
491.85,236.5
491.87,244.1
491.89,252.4
491.9,256.7
491.92,265.8
491.94,275.2
491.95,280.1
491.97,289.8
491.99,299.7
492.0,304.5
492.02,314.1
492.04,323.2
492.05,327.6
492.07,335.8
492.08,339.6
492.1,346.5
492.12,352.4
492.13,354.9
492.15,359.0
492.17,361.7
492.18,362.5
492.2,363.1
492.22,362.1
492.23,361.1
492.25,357.9
492.27,353.3
492.28,350.5
492.3,343.7
492.32,335.8
492.33,331.3
492.35,321.7
492.37,311.1
492.38,305.5
492.4,293.8
492.42,281.5
492.43,275.2
492.45,262.5
492.46,256.1
492.48,243.2
492.5,230.5
492.51,224.2
492.53,212.0
492.55,200.2
492.56,194.5
492.58,183.6
492.6,173.4
492.61,168.6
492.63,159.5
492.65,151.3
492.66,147.5
492.68,140.4
492.7,134.2
492.71,131.3
492.73,126.2
492.75,121.7
492.76,119.7
492.78,116.1
492.8,113.0
492.81,111.6
492.83,109.1
492.84,107.9
492.86,105.8
492.88,103.9
492.89,102.9
492.91,101.1
492.93,99.27
492.94,98.33
492.96,96.39
492.98,94.31
492.99,93.21
493.01,90.87
493.03,88.33
493.04,86.98
493.06,84.13
493.08,81.07
493.09,79.47
493.11,76.13
493.13,72.62
493.14,70.82
493.16,67.12
493.18,63.34
493.19,61.42
493.21,57.58
493.22,55.65
493.24,51.83
493.26,48.06
493.27,46.21
493.29,42.59
493.31,39.12
493.32,37.45
493.34,34.24
493.36,31.24
493.37,29.82
493.39,27.16
493.41,24.75
493.42,23.65
493.44,21.63
493.46,19.88
493.47,19.1
493.49,17.75
493.51,16.68
493.52,16.24
493.54,15.55
493.55,15.3
493.57,14.99
493.59,14.92
493.6,14.97
493.62,15.23
493.64,15.7
493.65,16.01
493.67,16.76
493.69,17.67
493.7,18.18
493.72,19.31
493.74,20.55
493.75,21.21
493.77,22.59
493.79,24.04
493.8,24.78
493.82,26.29
493.84,27.81
493.85,28.57
493.87,30.06
493.89,31.52
493.9,32.22
493.92,33.58
493.93,34.23
493.95,35.44
493.97,36.55
493.98,37.05
494.0,37.96
494.02,38.73
494.03,39.06
494.05,39.6
494.07,39.98
494.08,40.11
494.1,40.25
494.12,40.24
494.13,40.17
494.15,39.93
494.17,39.55
494.18,39.31
494.2,38.73
494.22,38.04
494.23,37.66
494.25,36.82
494.27,35.91
494.28,35.42
494.3,34.42
494.31,33.9
494.33,32.85
494.35,31.77
494.36,31.24
494.38,30.17
494.4,29.12
494.41,28.6
494.43,27.61
494.45,26.66
494.46,26.21
494.48,25.36
494.5,24.58
494.51,24.22
494.53,23.56
494.55,22.99
494.56,22.74
494.58,22.3
494.6,21.96
494.61,21.82
494.63,21.62
494.65,21.5
494.66,21.48
494.68,21.49
494.69,21.52
494.71,21.65
494.73,21.84
494.74,21.96
494.76,22.25
494.78,22.58
494.79,22.76
494.81,23.15
494.83,23.56
494.84,23.78
494.86,24.21
494.88,24.65
494.89,24.87
494.91,25.3
494.93,25.72
494.94,25.92
494.96,26.31
494.98,26.68
494.99,26.86
495.01,27.21
495.02,27.38
495.04,27.73
495.06,28.08
495.07,28.26
495.09,28.66
495.11,29.12
495.12,29.38
495.14,29.97
495.16,30.7
495.17,31.13
495.19,32.13
495.21,33.37
495.22,34.1
495.24,35.78
495.26,37.83
495.27,39.0
495.29,41.69
495.31,44.86
495.32,46.64
495.34,50.64
495.36,55.25
495.37,57.8
495.39,63.4
495.4,66.45
495.42,73.1
495.44,80.47
495.45,84.43
495.47,92.88
495.49,102.0
495.5,106.9
495.52,117.0
495.54,127.7
495.55,133.3
495.57,144.7
495.59,156.6
495.6,162.6
495.62,174.8
495.64,187.1
495.65,193.2
495.67,205.3
495.69,217.0
495.7,222.8
495.72,233.8
495.74,244.2
495.75,249.0
495.77,258.0
495.78,262.2
495.8,269.6
495.82,275.7
495.83,278.3
495.85,282.4
495.87,285.0
495.88,285.8
495.9,286.2
495.92,285.2
495.93,284.1
495.95,280.8
495.97,276.1
495.98,273.2
496.0,266.6
496.02,258.8
496.03,254.5
496.05,245.1
496.07,235.0
496.08,229.6
496.1,218.5
496.12,207.0
496.13,201.1
496.15,189.2
496.16,183.2
496.18,171.2
496.2,159.4
496.21,153.6
496.23,142.3
496.25,131.4
496.26,126.2
496.28,116.1
496.3,106.7
496.31,102.2
496.33,93.76
496.35,86.06
496.36,82.48
496.38,75.87
496.4,69.97
496.41,67.29
496.43,62.44
496.45,58.24
496.46,56.38
496.48,53.09
496.5,50.36
496.51,49.18
496.53,47.19
496.54,46.36
496.56,44.99
496.58,43.99
496.59,43.61
496.61,43.07
496.63,42.77
496.64,42.7
496.66,42.71
496.68,42.88
496.69,43.02
496.71,43.37
496.73,43.82
496.74,44.07
496.76,44.61
496.78,45.19
496.79,45.49
496.81,46.1
496.83,46.72
496.84,47.03
496.86,47.64
496.87,47.93
496.89,48.52
496.91,49.07
496.92,49.33
496.94,49.84
496.96,50.3
496.97,50.52
496.99,50.92
497.01,51.27
497.02,51.43
497.04,51.7
497.06,51.93
497.07,52.02
497.09,52.16
497.11,52.25
497.12,52.27
497.14,52.28
497.16,52.23
497.17,52.19
497.19,52.08
497.21,51.92
497.22,51.83
497.24,51.63
497.25,51.53
497.27,51.31
497.29,51.11
497.3,51.02
497.32,50.87
497.34,50.8
497.35,50.8
497.37,50.9
497.39,51.19
497.4,51.41
497.42,52.06
497.44,53.05
497.45,53.69
497.47,55.32
497.49,57.51
497.5,58.85
497.52,62.08
497.54,66.18
497.55,68.59
497.57,74.25
497.59,81.15
497.6,85.13
497.62,94.24
497.63,99.43
497.65,111.2
497.67,125.0
497.68,132.7
497.7,149.9
497.72,169.6
497.73,180.5
497.75,204.5
497.77,231.4
497.78,246.1
497.8,277.8
497.82,312.9
497.83,331.8
497.85,372.0
497.87,415.6
497.88,438.7
497.9,487.3
497.92,539.0
497.93,566.0
497.95,621.9
497.97,680.2
497.98,710.2
498.0,771.2
498.01,802.3
498.03,864.9
498.05,927.9
498.06,959.3
498.08,1021.0
498.1,1082.0
498.11,1112.0
498.13,1169.0
498.15,1222.0
498.16,1248.0
498.18,1295.0
498.2,1337.0
498.21,1356.0
498.23,1389.0
498.25,1416.0
498.26,1427.0
498.28,1443.0
498.3,1452.0
498.31,1454.0
498.33,1452.0
498.34,1448.0
498.36,1435.0
498.38,1416.0
498.39,1403.0
498.41,1374.0
498.43,1339.0
498.44,1320.0
498.46,1278.0
498.48,1232.0
498.49,1208.0
498.51,1158.0
498.53,1106.0
498.54,1080.0
498.56,1027.0
498.58,975.2
498.59,949.6
498.61,899.8
498.63,852.6
498.64,830.1
498.66,788.0
498.68,750.1
498.69,732.9
498.71,702.2
498.72,688.8
498.74,666.2
498.76,649.2
498.77,642.9
498.79,634.7
498.81,632.3
498.82,633.3
498.84,639.3
498.86,650.8
498.87,658.4
498.89,677.1
498.91,700.2
498.92,713.2
498.94,741.8
498.96,773.2
498.97,789.8
498.99,824.4
499.01,860.0
499.02,878.1
499.04,914.2
499.06,949.6
499.07,966.8
499.09,999.8
499.1,1015.0
499.12,1045.0
499.14,1070.0
499.15,1082.0
499.17,1102.0
499.19,1117.0
499.2,1123.0
499.22,1131.0
499.24,1134.0
499.25,1134.0
499.27,1129.0
499.29,1119.0
499.3,1113.0
499.32,1096.0
499.34,1074.0
499.35,1062.0
499.37,1035.0
499.39,1005.0
499.4,989.1
499.42,955.5
499.44,920.3
499.45,902.4
499.47,866.3
499.48,848.3
499.5,812.7
499.52,778.5
499.53,762.0
499.55,730.8
499.57,702.3
499.58,689.3
499.6,665.9
499.62,646.4
499.63,638.2
499.65,625.1
499.67,616.4
499.68,613.8
499.7,612.0
499.72,614.7
499.73,617.7
499.75,626.9
499.77,640.0
499.78,648.0
499.8,666.4
499.82,687.7
499.83,699.4
499.85,724.2
499.86,737.2
499.88,764.2
499.9,791.9
499.91,805.8
499.93,833.4
499.95,860.1
499.96,872.9
499.98,897.3
500.0,919.4
500.01,929.5
500.03,947.5
500.05,962.2
500.06,968.2
500.08,977.5
500.1,982.9
500.11,984.1
500.13,983.7
500.15,979.4
500.16,975.8
500.18,966.0
500.19,959.8
500.21,945.1
500.23,927.5
500.24,917.7
500.26,896.6
500.28,873.8
500.29,861.9
500.31,837.5
500.33,812.6
500.34,800.1
500.36,775.5
500.38,751.7
500.39,740.2
500.41,718.4
500.43,698.3
500.44,689.1
500.46,672.3
500.48,658.0
500.49,651.8
500.51,641.4
500.53,633.6
500.54,630.7
500.56,626.8
500.57,625.7
500.59,625.3
500.61,627.0
500.62,628.5
500.64,632.8
500.66,638.3
500.67,641.4
500.69,648.2
500.71,655.5
500.72,659.1
500.74,666.2
500.76,672.9
500.77,676.0
500.79,681.5
500.81,685.8
500.82,687.6
500.84,690.0
500.86,691.0
500.87,691.0
500.89,689.8
500.91,687.4
500.92,685.7
500.94,681.5
500.95,679.0
500.97,673.6
500.99,667.6
501.0,664.6
501.02,658.5
501.04,652.7
501.05,650.0
501.07,645.3
501.09,641.8
501.1,640.5
501.12,639.3
501.14,639.9
501.15,640.9
501.17,644.6
501.19,650.5
501.2,654.3
501.22,663.6
501.24,675.2
501.25,681.8
501.27,696.4
501.29,712.8
501.3,721.6
501.32,740.2
501.33,749.9
501.35,769.8
501.37,790.2
501.38,800.4
501.4,820.5
501.42,840.0
501.43,849.4
501.45,867.0
501.47,882.9
501.48,890.0
501.5,902.6
501.52,912.5
501.53,916.4
501.55,921.9
501.57,924.3
501.58,924.3
501.6,921.8
501.62,916.1
501.63,912.1
501.65,901.6
501.66,895.3
501.68,880.5
501.7,863.1
501.71,853.5
501.73,832.7
501.75,810.2
501.76,798.3
501.78,773.7
501.8,748.2
501.81,735.2
501.83,709.1
501.85,683.0
501.86,670.1
501.88,644.7
501.9,620.2
501.91,608.3
501.93,585.5
501.95,564.1
501.96,554.0
501.98,535.0
502.0,517.8
502.01,509.9
502.03,495.5
502.04,489.0
502.06,477.4
502.08,467.7
502.09,463.5
502.11,456.3
502.13,450.8
502.14,448.6
502.16,445.4
502.18,443.4
502.19,442.8
502.21,442.6
502.23,443.2
502.24,443.8
502.26,445.5
502.28,447.8
502.29,449.1
502.31,451.8
502.33,454.6
502.34,456.0
502.36,458.7
502.38,461.2
502.39,462.3
502.41,464.1
502.42,464.8
502.44,465.7
502.46,465.9
502.47,465.6
502.49,464.5
502.51,462.3
502.52,460.8
502.54,457.1
502.56,452.2
502.57,449.3
502.59,442.7
502.61,435.0
502.62,430.6
502.64,421.2
502.66,410.6
502.67,404.9
502.69,392.7
502.71,379.7
502.72,372.8
502.74,358.5
502.76,343.5
502.77,335.7
502.79,319.9
502.8,311.9
502.82,295.5
502.84,279.0
502.85,270.7
502.87,254.2
502.89,237.8
502.9,229.7
502.92,213.8
502.94,198.3
502.95,190.8
502.97,176.3
502.99,162.5
503.0,156.0
503.02,143.5
503.04,132.0
503.05,126.6
503.07,116.7
503.09,107.9
503.1,103.9
503.12,96.94
503.13,93.91
503.15,88.8
503.17,84.99
503.18,83.58
503.2,81.76
503.22,81.3
503.23,81.59
503.25,83.19
503.27,86.18
503.28,88.19
503.3,93.26
503.32,99.71
503.33,103.5
503.35,112.0
503.37,121.8
503.38,127.2
503.4,139.0
503.42,152.0
503.43,159.0
503.45,173.8
503.47,189.6
503.48,197.9
503.5,215.2
503.51,224.2
503.53,242.7
503.55,261.8
503.56,271.5
503.58,291.4
503.6,311.4
503.61,321.5
503.63,341.6
503.65,361.6
503.66,371.4
503.68,390.8
503.7,409.5
503.71,418.5
503.73,435.9
503.75,452.2
503.76,459.9
503.78,474.2
503.8,487.1
503.81,492.9
503.83,503.2
503.85,511.8
503.86,515.4
503.88,521.1
503.89,523.2
503.91,526.0
503.93,526.7
503.94,526.4
503.96,524.1
503.98,519.9
503.99,517.1
504.01,510.1
504.03,501.3
504.04,496.2
504.06,485.0
504.08,472.3
504.09,465.4
504.11,450.7
504.13,434.9
504.14,426.7
504.16,409.5
504.18,391.7
504.19,382.5
504.21,363.9
504.23,345.1
504.24,335.6
504.26,316.5
504.27,307.1
504.29,288.2
504.31,269.6
504.32,260.5
504.34,242.6
504.36,225.2
504.37,216.8
504.39,200.4
504.41,184.7
504.42,177.2
504.44,162.8
504.46,149.2
504.47,142.7
504.49,130.4
504.51,119.0
504.52,113.7
504.54,103.6
504.56,94.36
504.57,90.06
504.59,82.06
504.61,74.85
504.62,71.52
504.64,65.41
504.65,62.62
504.67,57.51
504.69,53.03
504.7,51.0
504.72,47.36
504.74,44.21
504.75,42.82
504.77,40.34
504.79,38.26
504.8,37.35
504.82,35.76
504.84,34.47
504.85,33.92
504.87,32.98
504.89,32.24
504.9,31.94
504.92,31.43
504.94,31.04
504.95,30.88
504.97,30.61
504.98,30.5
505.0,30.3
505.02,30.12
505.03,30.03
505.05,29.85
505.07,29.65
505.08,29.54
505.1,29.28
505.12,28.97
505.13,28.8
505.15,28.41
505.17,27.95
505.18,27.7
505.2,27.15
505.22,26.54
505.23,26.21
505.25,25.51
505.27,24.76
505.28,24.37
505.3,23.55
505.32,22.69
505.33,22.25
505.35,21.36
505.36,20.91
505.38,20.01
505.4,19.1
505.41,18.66
505.43,17.77
505.45,16.91
505.46,16.5
505.48,15.69
505.5,14.92
505.51,14.56
505.53,13.88
505.55,13.25
505.56,12.96
505.58,12.44
505.6,11.99
505.61,11.79
505.63,11.46
505.65,11.21
505.66,11.12
505.68,11.02
505.7,11.01
505.71,11.05
505.73,11.21
505.74,11.34
505.76,11.68
505.78,12.16
505.79,12.46
505.81,13.17
505.83,14.05
505.84,14.56
505.86,15.73
505.88,17.11
505.89,17.88
505.91,19.62
505.93,21.62
505.94,22.72
505.96,25.15
505.98,27.9
505.99,29.4
506.01,32.65
506.03,36.26
506.04,38.2
506.06,42.37
506.08,46.93
506.09,49.35
506.11,54.5
506.12,57.22
506.14,62.94
506.16,69.04
506.17,72.22
506.19,78.84
506.21,85.77
506.22,89.33
506.24,96.65
506.26,104.2
506.27,108.0
506.29,115.7
506.31,123.5
506.32,127.3
506.34,135.0
506.36,142.6
506.37,146.3
506.39,153.5
506.41,160.4
506.42,163.6
506.44,169.8
506.45,172.7
506.47,178.1
506.49,182.8
506.5,184.9
506.52,188.5
506.54,191.4
506.55,192.5
506.57,194.1
506.59,194.9
506.6,195.0
506.62,194.6
506.64,193.3
506.65,192.4
506.67,189.9
506.69,186.8
506.7,184.9
506.72,180.8
506.74,176.1
506.75,173.5
506.77,168.1
506.79,162.2
506.8,159.2
506.82,153.0
506.83,149.8
506.85,143.3
506.87,136.8
506.88,133.5
506.9,127.0
506.92,120.7
506.93,117.6
506.95,111.5
506.97,105.6
506.98,102.8
507.0,97.32
507.02,92.18
507.03,89.73
507.05,85.07
507.07,80.74
507.08,78.69
507.1,74.84
507.12,71.29
507.13,69.62
507.15,66.5
507.17,63.63
507.18,62.29
507.2,59.76
507.21,58.58
507.23,56.34
507.25,54.27
507.26,53.29
507.28,51.41
507.3,49.64
507.31,48.79
507.33,47.15
507.35,45.57
507.36,44.79
507.38,43.27
507.4,41.78
507.41,41.05
507.43,39.59
507.45,38.14
507.46,37.42
507.48,35.98
507.5,34.54
507.51,33.83
507.53,32.4
507.55,30.97
507.56,30.26
507.58,28.85
507.59,28.14
507.61,26.74
507.63,25.36
507.64,24.68
507.66,23.32
507.68,22.0
507.69,21.35
507.71,20.07
507.73,18.84
507.74,18.24
507.76,17.07
507.78,15.97
507.79,15.44
507.81,14.43
507.83,13.5
507.84,13.07
507.86,12.28
507.88,11.59
507.89,11.29
507.91,10.79
507.93,10.44
507.94,10.33
507.96,10.24
507.97,10.27
507.99,10.5
508.01,10.98
508.02,11.33
508.04,12.26
508.06,13.54
508.07,14.33
508.09,16.24
508.11,18.64
508.12,20.04
508.14,23.29
508.16,27.19
508.17,29.42
508.19,34.46
508.21,40.36
508.22,43.66
508.24,51.02
508.26,59.45
508.27,64.1
508.29,74.32
508.3,79.91
508.32,92.09
508.34,105.7
508.35,113.0
508.37,128.8
508.39,146.1
508.4,155.3
508.42,174.9
508.44,196.0
508.45,207.1
508.47,230.4
508.49,255.0
508.5,267.8
508.52,294.2
508.54,321.5
508.55,335.5
508.57,364.0
508.59,392.8
508.6,407.3
508.62,436.3
508.64,465.0
508.65,479.1
508.67,506.7
508.68,520.1
508.7,545.8
508.72,570.0
508.73,581.3
508.75,602.4
508.77,621.0
508.78,629.4
508.8,643.9
508.82,655.5
508.83,660.1
508.85,666.8
508.87,670.1
508.88,670.5
508.9,668.8
508.92,663.6
508.93,659.8
508.95,649.8
508.97,636.6
508.98,628.9
509.0,611.5
509.02,591.6
509.03,580.8
509.05,557.6
509.06,545.3
509.08,519.6
509.1,492.6
509.11,478.7
509.13,450.4
509.15,421.6
509.16,407.2
509.18,378.3
509.2,349.8
509.21,335.7
509.23,308.0
509.25,281.3
509.26,268.3
509.28,243.1
509.3,219.3
509.31,207.9
509.33,186.1
509.35,165.9
509.36,156.3
509.38,138.3
509.4,121.8
509.41,114.1
509.43,99.75
509.44,93.12
509.46,80.9
509.48,69.98
509.49,64.98
509.51,55.87
509.53,47.85
509.54,44.23
509.56,37.69
509.58,32.03
509.59,29.5
509.61,24.98
509.63,21.13
509.64,19.43
509.66,16.44
509.68,13.92
509.69,12.83
509.71,10.92
509.73,9.341
509.74,8.663
509.76,7.5
509.77,7.004
509.79,6.16
509.81,5.487
509.82,5.205
509.84,4.734
509.86,4.369
509.87,4.219
509.89,3.975
509.91,3.793
509.92,3.721
509.94,3.608
509.96,3.53
509.97,3.502
509.99,3.463
510.01,3.443
510.02,3.439
510.04,3.443
510.06,3.46
510.07,3.473
510.09,3.509
510.11,3.559
510.12,3.59
510.14,3.663
510.15,3.707
510.17,3.809
510.19,3.933
510.2,4.005
510.22,4.171
510.24,4.368
510.25,4.479
510.27,4.731
510.29,5.025
510.3,5.188
510.32,5.552
510.34,5.967
510.35,6.194
510.37,6.693
510.39,7.253
510.4,7.556
510.42,8.213
510.44,8.938
510.45,9.327
510.47,10.16
510.49,11.07
510.5,11.55
510.52,12.58
510.53,13.12
510.55,14.27
510.57,15.51
510.58,16.16
510.6,17.52
510.62,18.98
510.63,19.74
510.65,21.33
510.67,23.02
510.68,23.9
510.7,25.74
510.72,27.67
510.73,28.67
510.75,30.75
510.77,32.92
510.78,34.05
510.8,36.37
510.82,38.78
510.83,40.02
510.85,42.56
510.87,45.19
510.88,46.53
510.9,49.26
510.91,50.64
510.93,53.46
510.95,56.31
510.96,57.75
510.98,60.64
511.0,63.53
511.01,64.98
511.03,67.85
511.05,70.68
511.06,72.07
511.08,74.81
511.1,77.46
511.11,78.75
511.13,81.24
511.15,83.6
511.16,84.72
511.18,86.84
511.2,88.8
511.21,89.71
511.23,91.38
511.25,92.85
511.26,93.5
511.28,94.65
511.29,95.15
511.31,95.97
511.33,96.57
511.34,96.79
511.36,97.06
511.38,97.13
511.39,97.09
511.41,96.86
511.43,96.45
511.44,96.18
511.46,95.52
511.48,94.73
511.49,94.29
511.51,93.33
511.53,92.29
511.54,91.75
511.56,90.65
511.58,89.54
511.59,88.99
511.61,87.92
511.62,87.41
511.64,86.46
511.66,85.62
511.67,85.26
511.69,84.66
511.71,84.25
511.72,84.13
511.74,84.08
511.76,84.29
511.77,84.51
511.79,85.18
511.81,86.18
511.82,86.81
511.84,88.35
511.86,90.27
511.87,91.38
511.89,93.89
511.91,96.81
511.92,98.42
511.94,101.9
511.96,105.9
511.97,108.0
511.99,112.5
512.0,114.9
512.02,120.0
512.04,125.4
512.05,128.2
512.07,134.1
512.09,140.2
512.1,143.3
512.12,149.7
512.14,156.1
512.15,159.4
512.17,165.9
512.19,172.4
512.2,175.6
512.22,181.8
512.24,187.8
512.25,190.7
512.27,196.2
512.29,201.2
512.3,203.5
512.32,207.8
512.34,211.4
512.35,212.9
512.37,215.5
512.38,216.5
512.4,217.9
512.42,218.6
512.43,218.6
512.45,217.9
512.47,216.5
512.48,215.5
512.5,212.8
512.52,209.4
512.53,207.4
512.55,202.9
512.57,197.8
512.58,195.0
512.6,189.1
512.62,182.7
512.63,179.4
512.65,172.4
512.67,165.3
512.68,161.7
512.7,154.3
512.72,146.9
512.73,143.3
512.75,136.0
512.76,132.5
512.78,125.5
512.8,118.7
512.81,115.5
512.83,109.2
512.85,103.3
512.86,100.4
512.88,95.08
512.9,90.13
512.91,87.81
512.93,83.47
512.95,79.52
512.96,77.7
512.98,74.34
513.0,71.35
513.01,69.99
513.03,67.52
513.05,65.37
513.06,64.42
513.08,62.71
513.09,61.96
513.11,60.66
513.13,59.61
513.14,59.17
513.16,58.45
513.18,57.95
513.19,57.78
513.21,57.58
513.23,57.56
513.24,57.63
513.26,57.89
513.28,58.32
513.29,58.6
513.31,59.29
513.33,60.13
513.34,60.61
513.36,61.68
513.38,62.89
513.39,63.54
513.41,64.94
513.43,66.44
513.44,67.23
513.46,68.87
513.47,69.72
513.49,71.46
513.51,73.24
513.52,74.14
513.54,75.94
513.56,77.74
513.57,78.64
513.59,80.39
513.61,82.09
513.62,82.92
513.64,84.51
513.66,86.01
513.67,86.72
513.69,88.05
513.71,89.26
513.72,89.82
513.74,90.83
513.76,91.7
513.77,92.08
513.79,92.73
513.81,93.23
513.82,93.42
513.84,93.7
513.85,93.78
513.87,93.83
513.89,93.73
513.9,93.63
513.92,93.32
513.94,92.88
513.95,92.61
513.97,91.99
513.99,91.25
514.0,90.84
514.02,89.95
514.04,88.98
514.05,88.47
514.07,87.41
514.09,86.3
514.1,85.74
514.12,84.61
514.14,83.48
514.15,82.92
514.17,81.84
514.19,80.82
514.2,80.34
514.22,79.45
514.23,79.04
514.25,78.32
514.27,77.74
514.28,77.51
514.3,77.16
514.32,76.98
514.33,76.95
514.35,77.03
514.37,77.29
514.38,77.48
514.4,77.98
514.42,78.64
514.43,79.02
514.45,79.88
514.47,80.83
514.48,81.34
514.5,82.4
514.52,83.49
514.53,84.04
514.55,85.12
514.57,86.15
514.58,86.63
514.6,87.52
514.61,87.92
514.63,88.59
514.65,89.09
514.66,89.27
514.68,89.47
514.7,89.43
514.71,89.32
514.73,88.92
514.75,88.27
514.76,87.85
514.78,86.82
514.8,85.55
514.81,84.83
514.83,83.22
514.85,81.4
514.86,80.42
514.88,78.34
514.9,76.12
514.91,74.96
514.93,72.57
514.94,71.34
514.96,68.85
514.98,66.33
514.99,65.07
515.01,62.55
515.03,60.07
515.04,58.84
515.06,56.45
515.08,54.14
515.09,53.02
515.11,50.87
515.13,48.83
515.14,47.85
515.16,45.99
515.18,44.25
515.19,43.43
515.21,41.88
515.23,40.44
515.24,39.77
515.26,38.49
515.28,37.31
515.29,36.76
515.31,35.71
515.32,35.21
515.34,34.26
515.36,33.37
515.37,32.94
515.39,32.12
515.41,31.33
515.42,30.94
515.44,30.19
515.46,29.45
515.47,29.08
515.49,28.37
515.51,27.66
515.52,27.3
515.54,26.6
515.56,25.91
515.57,25.57
515.59,24.9
515.61,24.23
515.62,23.91
515.64,23.27
515.66,22.65
515.67,22.35
515.69,21.76
515.7,21.48
515.72,20.94
515.74,20.43
515.75,20.19
515.77,19.74
515.79,19.32
515.8,19.12
515.82,18.76
515.84,18.44
515.85,18.3
515.87,18.04
515.89,17.83
515.9,17.74
515.92,17.58
515.94,17.47
515.95,17.44
515.97,17.39
515.99,17.39
516.0,17.41
516.02,17.49
516.04,17.61
516.05,17.69
516.07,17.89
516.08,18.02
516.1,18.31
516.12,18.67
516.13,18.88
516.15,19.36
516.17,19.92
516.18,20.23
516.2,20.94
516.22,21.76
516.23,22.21
516.25,23.21
516.27,24.35
516.28,24.97
516.3,26.34
516.32,27.87
516.33,28.71
516.35,30.51
516.37,32.5
516.38,33.57
516.4,35.87
516.41,37.1
516.43,39.72
516.45,42.55
516.46,44.05
516.48,47.21
516.5,50.57
516.51,52.33
516.53,56.0
516.55,59.86
516.56,61.85
516.58,65.97
516.6,70.22
516.61,72.4
516.63,76.84
516.65,81.37
516.66,83.67
516.68,88.3
516.7,92.96
516.71,95.3
516.73,99.97
516.75,104.6
516.76,106.9
516.78,111.6
516.79,113.8
516.81,118.4
516.83,122.9
516.84,125.1
516.86,129.5
516.88,133.8
516.89,136.0
516.91,140.4
516.93,144.7
516.94,146.9
516.96,151.3
516.98,155.7
516.99,158.0
517.01,162.6
517.03,167.3
517.04,169.7
517.06,174.7
517.08,179.8
517.09,182.4
517.11,187.8
517.13,193.3
517.14,196.2
517.16,201.9
517.17,204.8
517.19,210.8
517.21,216.7
517.22,219.7
517.24,225.6
517.26,231.4
517.27,234.2
517.29,239.7
517.31,244.9
517.32,247.3
517.34,251.9
517.36,256.0
517.37,257.8
517.39,260.9
517.41,263.4
517.42,264.3
517.44,265.6
517.46,266.1
517.47,266.0
517.49,265.2
517.51,263.4
517.52,262.2
517.54,259.2
517.55,257.3
517.57,253.0
517.59,247.8
517.6,245.0
517.62,238.7
517.64,231.9
517.65,228.2
517.67,220.5
517.69,212.4
517.7,208.3
517.72,199.8
517.74,191.1
517.75,186.7
517.77,178.0
517.79,169.4
517.8,165.2
517.82,156.9
517.84,149.0
517.85,145.2
517.87,138.0
517.88,134.6
517.9,128.2
517.92,122.5
517.93,119.9
517.95,115.2
517.97,111.4
517.98,109.7
518.0,107.0
518.02,105.2
518.03,104.6
518.05,104.0
518.07,104.2
518.08,104.5
518.1,105.9
518.12,108.0
518.13,109.3
518.15,112.4
518.17,116.1
518.18,118.1
518.2,122.6
518.22,127.5
518.23,130.0
518.25,135.4
518.26,138.1
518.28,143.7
518.3,149.4
518.31,152.2
518.33,157.8
518.35,163.2
518.36,165.8
518.38,170.8
518.4,175.5
518.41,177.6
518.43,181.6
518.45,185.0
518.46,186.6
518.48,189.1
518.5,191.1
518.51,191.9
518.53,193.0
518.55,193.4
518.56,193.5
518.58,193.1
518.6,192.2
518.61,191.5
518.63,189.9
518.64,189.0
518.66,186.8
518.68,184.4
518.69,183.1
518.71,180.4
518.73,177.7
518.74,176.3
518.76,173.6
518.78,171.1
518.79,169.9
518.81,167.8
518.83,166.0
518.84,165.3
518.86,164.2
518.88,163.6
518.89,163.5
518.91,163.8
518.93,164.6
518.94,165.3
518.96,167.1
518.98,169.6
518.99,171.1
519.01,174.6
519.02,176.5
519.04,180.9
519.06,185.8
519.07,188.4
519.09,194.0
519.11,200.0
519.12,203.2
519.14,209.7
519.16,216.3
519.17,219.7
519.19,226.5
519.21,233.2
519.22,236.6
519.24,243.1
519.26,249.3
519.27,252.2
519.29,257.8
519.31,262.9
519.32,265.2
519.34,269.4
519.36,273.0
519.37,274.5
519.39,276.9
519.4,277.9
519.42,279.2
519.44,279.8
519.45,279.8
519.47,279.3
519.49,278.2
519.5,277.4
519.52,275.3
519.54,272.9
519.55,271.5
519.57,268.4
519.59,265.2
519.6,263.6
519.62,260.3
519.64,257.1
519.65,255.5
519.67,252.7
519.69,250.3
519.7,249.2
519.72,247.6
519.73,247.1
519.75,246.5
519.77,246.7
519.78,247.1
519.8,248.6
519.82,251.0
519.83,252.6
519.85,256.3
519.87,261.0
519.88,263.7
519.9,269.6
519.92,276.4
519.93,280.1
519.95,287.9
519.97,296.3
519.98,300.7
520.0,309.9
520.02,319.5
520.03,324.3
520.05,334.3
520.07,344.3
520.08,349.4
520.1,359.5
520.11,364.6
520.13,374.6
520.15,384.6
520.16,389.5
520.18,399.2
520.2,408.8
520.21,413.5
520.23,422.8
520.25,432.0
520.26,436.6
520.28,445.6
520.3,454.6
520.31,459.0
520.33,468.0
520.35,476.9
520.36,481.4
520.38,490.4
520.4,499.5
520.41,504.1
520.43,513.2
520.45,522.4
520.46,527.0
520.48,536.1
520.49,540.6
520.51,549.5
520.53,558.2
520.54,562.4
520.56,570.5
520.58,578.1
520.59,581.7
520.61,588.4
520.63,594.2
520.64,596.8
520.66,601.3
520.68,604.7
520.69,606.0
520.71,607.8
520.73,608.3
520.74,608.1
520.76,606.7
520.78,604.1
520.79,602.3
520.81,597.8
520.83,592.1
520.84,588.8
520.86,581.3
520.87,577.2
520.89,568.2
520.91,558.2
520.92,552.9
520.94,541.7
520.96,529.8
520.97,523.6
520.99,510.9
521.01,497.6
521.02,490.8
521.04,477.0
521.06,462.9
521.07,455.7
521.09,441.3
521.11,426.7
521.12,419.4
521.14,404.8
521.16,390.0
521.17,382.7
521.19,368.0
521.2,360.6
521.22,346.0
521.24,331.5
521.25,324.2
521.27,309.9
521.29,295.6
521.3,288.6
521.32,274.7
521.34,261.0
521.35,254.2
521.37,240.9
521.39,228.0
521.4,221.6
521.42,209.3
521.44,197.4
521.45,191.6
521.47,180.4
521.49,169.8
521.5,164.7
521.52,154.9
521.54,145.9
521.55,141.6
521.57,133.5
521.58,129.7
521.6,122.7
521.62,116.5
521.63,113.6
521.65,108.5
521.67,104.1
521.68,102.1
521.7,98.83
521.72,96.24
521.73,95.21
521.75,93.68
521.77,92.81
521.78,92.62
521.8,92.71
521.82,93.41
521.83,93.98
521.85,95.54
521.87,97.63
521.88,98.87
521.9,101.7
521.92,105.0
521.93,106.9
521.95,110.9
521.96,113.0
521.98,117.6
522.0,122.7
522.01,125.3
522.03,130.9
522.05,136.8
522.06,139.9
522.08,146.4
522.1,153.1
522.11,156.7
522.13,163.9
522.15,171.5
522.16,175.4
522.18,183.4
522.2,191.7
522.21,195.9
522.23,204.5
522.25,213.2
522.26,217.7
522.28,226.7
522.3,235.7
522.31,240.2
522.33,249.3
522.34,253.8
522.36,262.7
522.38,271.4
522.39,275.6
522.41,283.9
522.43,291.8
522.44,295.6
522.46,302.7
522.48,309.3
522.49,312.3
522.51,317.8
522.53,322.5
522.54,324.6
522.56,328.0
522.58,330.5
522.59,331.4
522.61,332.5
522.63,332.6
522.64,332.2
522.66,330.8
522.68,328.4
522.69,326.8
522.71,322.9
522.72,320.7
522.74,315.5
522.76,309.5
522.77,306.2
522.79,299.1
522.81,291.5
522.82,287.5
522.84,279.1
522.86,270.3
522.87,265.9
522.89,256.8
522.91,247.7
522.92,243.1
522.94,234.1
522.96,225.1
522.97,220.8
522.99,212.3
523.01,204.2
523.02,200.3
523.04,192.8
523.05,189.3
523.07,182.6
523.09,176.5
523.1,173.7
523.12,168.5
523.14,163.8
523.15,161.7
523.17,157.9
523.19,154.7
523.2,153.2
523.22,150.6
523.24,148.5
523.25,147.5
523.27,145.8
523.29,144.4
523.3,143.8
523.32,142.6
523.34,141.4
523.35,140.9
523.37,139.8
523.39,138.5
523.4,137.9
523.42,136.4
523.43,135.6
523.45,133.8
523.47,131.7
523.48,130.6
523.5,128.1
523.52,125.2
523.53,123.7
523.55,120.4
523.57,116.7
523.58,114.8
523.6,110.8
523.62,106.5
523.63,104.2
523.65,99.59
523.67,94.8
523.68,92.35
523.7,87.39
523.72,82.37
523.73,79.85
523.75,74.81
523.77,69.83
523.78,67.36
523.8,62.51
523.81,60.14
523.83,55.5
523.85,51.05
523.86,48.9
523.88,44.76
523.9,40.85
523.91,38.99
523.93,35.46
523.95,32.19
523.96,30.65
523.98,27.78
524.0,25.16
524.01,23.96
524.03,21.73
524.05,19.74
524.06,18.84
524.08,17.21
524.1,15.79
524.11,15.16
524.13,14.04
524.15,13.11
524.16,12.71
524.18,12.02
524.19,11.74
524.21,11.27
524.23,10.93
524.24,10.8
524.26,10.63
524.28,10.55
524.29,10.55
524.31,10.6
524.33,10.73
524.34,10.82
524.36,11.05
524.38,11.33
524.39,11.48
524.41,11.84
524.43,12.23
524.44,12.44
524.46,12.89
524.48,13.37
524.49,13.62
524.51,14.13
524.52,14.4
524.54,14.94
524.56,15.5
524.57,15.79
524.59,16.37
524.61,16.95
524.62,17.24
524.64,17.82
524.66,18.4
524.67,18.69
524.69,19.25
524.71,19.81
524.72,20.07
524.74,20.6
524.76,21.1
524.77,21.34
524.79,21.81
524.81,22.24
524.82,22.45
524.84,22.85
524.86,23.22
524.87,23.39
524.89,23.72
524.9,23.88
524.92,24.17
524.94,24.45
524.95,24.58
524.97,24.84
524.99,25.09
525.0,25.22
525.02,25.47
525.04,25.73
525.05,25.86
525.07,26.14
525.09,26.44
525.1,26.6
525.12,26.93
525.14,27.3
525.15,27.5
525.17,27.93
525.19,28.39
525.2,28.64
525.22,29.16
525.24,29.73
525.25,30.04
525.27,30.67
525.28,31.01
525.3,31.71
525.32,32.45
525.33,32.83
525.35,33.63
525.37,34.47
525.38,34.91
525.4,35.8
525.42,36.73
525.43,37.21
525.45,38.19
525.47,39.2
525.48,39.73
525.5,40.8
525.52,41.91
525.53,42.48
525.55,43.66
525.57,44.88
525.58,45.52
525.6,46.82
525.62,48.18
525.63,48.88
525.65,50.34
525.66,51.09
525.68,52.65
525.7,54.28
525.71,55.13
525.73,56.88
525.75,58.7
525.76,59.64
525.78,61.58
525.8,63.59
525.81,64.62
525.83,66.73
525.85,68.91
525.86,70.01
525.88,72.26
525.9,74.55
525.91,75.7
525.93,78.03
525.95,80.37
525.96,81.54
525.98,83.87
526.0,86.18
526.01,87.32
526.03,89.58
526.04,90.69
526.06,92.88
526.08,95.0
526.09,96.03
526.11,98.05
526.13,100.0
526.14,100.9
526.16,102.8
526.18,104.5
526.19,105.4
526.21,107.0
526.23,108.6
526.24,109.4
526.26,110.9
526.28,112.4
526.29,113.1
526.31,114.5
526.33,116.0
526.34,116.7
526.36,118.2
526.37,119.0
526.39,120.5
526.41,122.1
526.42,123.0
526.44,124.7
526.46,126.6
526.47,127.6
526.49,129.7
526.51,131.9
526.52,133.1
526.54,135.6
526.56,138.2
526.57,139.6
526.59,142.5
526.61,145.7
526.62,147.3
526.64,150.7
526.66,154.3
526.67,156.2
526.69,160.0
526.71,164.0
526.72,166.0
526.74,170.2
526.75,172.3
526.77,176.6
526.79,181.0
526.8,183.2
526.82,187.5
526.84,191.8
526.85,193.9
526.87,198.0
526.89,201.9
526.9,203.7
526.92,207.3
526.94,210.5
526.95,211.9
526.97,214.5
526.99,216.7
527.0,217.6
527.02,218.9
527.04,219.7
527.05,219.9
527.07,219.8
527.09,219.0
527.1,218.4
527.12,216.6
527.13,215.5
527.15,212.7
527.17,209.3
527.18,207.3
527.2,202.9
527.22,197.9
527.23,195.2
527.25,189.3
527.27,183.0
527.28,179.6
527.3,172.7
527.32,165.3
527.33,161.6
527.35,153.9
527.37,146.0
527.38,142.0
527.4,133.9
527.42,125.9
527.43,121.8
527.45,113.9
527.47,106.1
527.48,102.2
527.5,94.71
527.51,91.05
527.53,83.94
527.55,77.15
527.56,73.88
527.58,67.63
527.6,61.75
527.61,58.97
527.63,53.7
527.65,48.85
527.66,46.58
527.68,42.37
527.7,38.57
527.71,36.83
527.73,33.66
527.75,30.89
527.76,29.66
527.78,27.48
527.8,25.67
527.81,24.91
527.83,23.64
527.84,23.13
527.86,22.36
527.88,21.9
527.89,21.78
527.91,21.76
527.93,22.01
527.94,22.22
527.96,22.84
527.98,23.68
527.99,24.17
528.01,25.3
528.03,26.61
528.04,27.32
528.06,28.84
528.08,30.48
528.09,31.34
528.11,33.11
528.13,34.94
528.14,35.87
528.16,37.74
528.18,39.61
528.19,40.53
528.21,42.35
528.22,43.23
528.24,44.95
528.26,46.56
528.27,47.32
528.29,48.75
528.31,50.03
528.32,50.61
528.34,51.64
528.36,52.49
528.37,52.84
528.39,53.4
528.41,53.76
528.42,53.86
528.44,53.91
528.46,53.77
528.47,53.63
528.49,53.21
528.51,52.61
528.52,52.26
528.54,51.43
528.56,50.47
528.57,49.95
528.59,48.83
528.6,48.24
528.62,47.01
528.64,45.73
528.65,45.08
528.67,43.78
528.69,42.49
528.7,41.86
528.72,40.62
528.74,39.45
528.75,38.89
528.77,37.84
528.79,36.89
528.8,36.46
528.82,35.68
528.84,35.02
528.85,34.74
528.87,34.27
528.89,33.93
528.9,33.81
528.92,33.65
528.94,33.61
528.95,33.63
528.97,33.75
528.98,33.84
529.0,34.09
529.02,34.41
529.03,34.6
529.05,35.0
529.07,35.44
529.08,35.68
529.1,36.15
529.12,36.62
529.13,36.85
529.15,37.31
529.17,37.73
529.18,37.93
529.2,38.29
529.22,38.6
529.23,38.74
529.25,38.96
529.27,39.11
529.28,39.17
529.3,39.22
529.31,39.22
529.33,39.18
529.35,39.07
529.36,39.0
529.38,38.8
529.4,38.56
529.41,38.42
529.43,38.11
529.45,37.77
529.46,37.59
529.48,37.22
529.5,36.85
529.51,36.66
529.53,36.29
529.55,35.94
529.56,35.77
529.58,35.46
529.6,35.19
529.61,35.07
529.63,34.87
529.65,34.73
529.66,34.68
529.68,34.64
529.69,34.65
529.71,34.71
529.73,34.86
529.74,34.96
529.76,35.22
529.78,35.56
529.79,35.76
529.81,36.23
529.83,36.76
529.84,37.06
529.86,37.71
529.88,38.43
529.89,38.81
529.91,39.62
529.93,40.49
529.94,40.93
529.96,41.86
529.98,42.82
529.99,43.3
530.01,44.29
530.03,45.28
530.04,45.78
530.06,46.76
530.07,47.24
530.09,48.18
530.11,49.07
530.12,49.5
530.14,50.31
530.16,51.05
530.17,51.38
530.19,51.99
530.21,52.49
530.22,52.69
530.24,53.02
530.26,53.22
530.27,53.27
530.29,53.26
530.31,53.1
530.32,52.97
530.34,52.59
530.36,52.06
530.37,51.74
530.39,50.98
530.41,50.07
530.42,49.56
530.44,48.44
530.45,47.82
530.47,46.5
530.49,45.06
530.5,44.3
530.52,42.7
530.54,41.01
530.55,40.14
530.57,38.34
530.59,36.48
530.6,35.54
530.62,33.63
530.64,31.7
530.65,30.73
530.67,28.8
530.69,26.89
530.7,25.94
530.72,24.07
530.74,22.25
530.75,21.36
530.77,19.62
530.79,17.96
530.8,17.15
530.82,15.6
530.83,14.85
530.85,13.43
530.87,12.09
530.88,11.45
530.9,10.25
530.92,9.129
530.93,8.604
530.95,7.618
530.97,6.718
530.98,6.299
531.0,5.52
531.02,4.817
531.03,4.494
531.05,3.898
531.07,3.367
531.08,3.125
531.1,2.684
531.12,2.297
531.13,2.122
531.15,1.807
531.16,1.666
531.18,1.414
531.2,1.198
531.21,1.103
531.23,0.9359
531.25,0.7973
531.26,0.7377
531.28,0.6368
531.3,0.5584
531.31,0.527
531.33,0.4793
531.35,0.4506
531.36,0.4433
531.38,0.4423
531.4,0.4597
531.41,0.4755
531.43,0.5217
531.45,0.5886
531.46,0.6303
531.48,0.7314
531.5,0.8584
531.51,0.9324
531.53,1.104
531.54,1.202
531.56,1.426
531.58,1.691
531.59,1.841
531.61,2.177
531.63,2.568
531.64,2.785
531.66,3.27
531.68,3.826
531.69,4.133
531.71,4.811
531.73,5.58
531.74,6.002
531.76,6.924
531.78,7.959
531.79,8.522
531.81,9.743
531.83,11.1
531.84,11.83
531.86,13.4
531.88,15.13
531.89,16.06
531.91,18.03
531.92,19.09
531.94,21.32
531.96,23.73
531.97,25.01
531.99,27.69
532.01,30.55
532.02,32.05
532.04,35.18
532.06,38.49
532.07,40.2
532.09,43.75
532.11,47.45
532.12,49.36
532.14,53.26
532.16,57.28
532.17,59.33
532.19,63.49
532.21,67.72
532.22,69.85
532.24,74.14
532.26,78.45
532.27,80.6
532.29,84.88
532.3,87.0
532.32,91.2
532.34,95.32
532.35,97.34
532.37,101.3
532.39,105.1
532.4,106.9
532.42,110.5
532.44,113.9
532.45,115.5
532.47,118.6
532.49,121.4
532.5,122.8
532.52,125.3
532.54,127.5
532.55,128.6
532.57,130.5
532.59,132.1
532.6,132.8
532.62,134.1
532.63,134.6
532.65,135.5
532.67,136.1
532.68,136.4
532.7,136.6
532.72,136.6
532.73,136.5
532.75,136.2
532.77,135.5
532.78,135.1
532.8,134.1
532.82,132.9
532.83,132.1
532.85,130.5
532.87,128.6
532.88,127.6
532.9,125.4
532.92,122.9
532.93,121.5
532.95,118.7
532.97,115.6
532.98,114.0
533.0,110.6
533.01,108.8
533.03,105.2
533.05,101.3
533.06,99.37
533.08,95.33
533.1,91.17
533.11,89.06
533.13,84.79
533.15,80.47
533.16,78.3
533.18,73.97
533.2,69.67
533.21,67.54
533.23,63.34
533.25,59.23
533.26,57.22
533.28,53.31
533.3,49.56
533.31,47.75
533.33,44.28
533.35,41.02
533.36,39.47
533.38,36.55
533.39,35.18
533.41,32.62
533.43,30.32
533.44,29.26
533.46,27.33
533.48,25.66
533.49,24.91
533.51,23.61
533.53,22.55
533.54,22.11
533.56,21.39
533.58,20.89
533.59,20.71
533.61,20.51
533.63,20.49
533.64,20.54
533.66,20.77
533.68,21.14
533.69,21.37
533.71,21.92
533.73,22.58
533.74,22.94
533.76,23.71
533.77,24.12
533.79,24.98
533.81,25.87
533.82,26.33
533.84,27.24
533.86,28.16
533.87,28.61
533.89,29.49
533.91,30.33
533.92,30.73
533.94,31.49
533.96,32.18
533.97,32.49
533.99,33.06
534.01,33.53
534.02,33.73
534.04,34.05
534.06,34.26
534.07,34.33
534.09,34.37
534.11,34.29
534.12,34.21
534.14,33.96
534.15,33.79
534.17,33.36
534.19,32.83
534.2,32.53
534.22,31.84
534.24,31.06
534.25,30.63
534.27,29.73
534.29,28.75
534.3,28.23
534.32,27.17
534.34,26.05
534.35,25.49
534.37,24.33
534.39,23.16
534.4,22.57
534.42,21.41
534.44,20.26
534.45,19.69
534.47,18.59
534.48,18.06
534.5,17.03
534.52,16.07
534.53,15.62
534.55,14.77
534.57,14.01
534.58,13.67
534.6,13.06
534.62,12.56
534.63,12.35
534.65,12.02
534.67,11.81
534.68,11.75
534.7,11.73
534.72,11.84
534.73,11.95
534.75,12.25
534.77,12.68
534.78,12.95
534.8,13.57
534.82,14.32
534.83,14.73
534.85,15.65
534.86,16.15
534.88,17.21
534.9,18.37
534.91,18.98
534.93,20.26
534.95,21.59
534.96,22.27
534.98,23.67
535.0,25.09
535.01,25.8
535.03,27.23
535.05,28.63
535.06,29.32
535.08,30.66
535.1,31.94
535.11,32.55
535.13,33.71
535.15,34.77
535.16,35.25
535.18,36.13
535.2,36.87
535.21,37.19
535.23,37.71
535.24,37.92
535.26,38.21
535.28,38.34
535.29,38.35
535.31,38.24
535.33,37.97
535.34,37.78
535.36,37.29
535.38,36.65
535.39,36.28
535.41,35.45
535.43,34.51
535.44,34.0
535.46,32.91
535.48,31.74
535.49,31.14
535.51,29.88
535.53,28.59
535.54,27.93
535.56,26.61
535.58,25.28
535.59,24.62
535.61,23.31
535.62,22.67
535.64,21.42
535.66,20.21
535.67,19.62
535.69,18.5
535.71,17.44
535.72,16.94
535.74,15.99
535.76,15.12
535.77,14.71
535.79,13.96
535.81,13.29
535.82,12.98
535.84,12.44
535.86,11.97
535.87,11.77
535.89,11.43
535.91,11.17
535.92,11.07
535.94,10.94
535.95,10.9
535.97,10.88
535.99,10.95
536.0,11.02
536.02,11.21
536.04,11.49
536.05,11.67
536.07,12.08
536.09,12.6
536.1,12.89
536.12,13.55
536.14,14.33
536.15,14.75
536.17,15.69
536.19,16.76
536.2,17.33
536.22,18.58
536.24,19.96
536.25,20.7
536.27,22.29
536.29,24.01
536.3,24.93
536.32,26.87
536.33,27.9
536.35,30.05
536.37,32.35
536.38,33.56
536.4,36.07
536.42,38.72
536.43,40.09
536.45,42.94
536.47,45.91
536.48,47.43
536.5,50.57
536.52,53.82
536.53,55.47
536.55,58.85
536.57,62.31
536.58,64.06
536.6,67.61
536.62,71.21
536.63,73.02
536.65,76.66
536.67,80.31
536.68,82.14
536.7,85.79
536.71,87.6
536.73,91.21
536.75,94.77
536.76,96.52
536.78,99.98
536.8,103.3
536.81,105.0
536.83,108.2
536.85,111.3
536.86,112.7
536.88,115.6
536.9,118.2
536.91,119.5
536.93,121.8
536.95,123.9
536.96,124.9
536.98,126.7
537.0,128.1
537.01,128.8
537.03,129.8
537.05,130.6
537.06,130.8
537.08,131.0
537.09,131.0
537.11,130.8
537.13,130.2
537.14,129.7
537.16,128.6
537.18,127.1
537.19,126.3
537.21,124.3
537.23,122.0
537.24,120.7
537.26,117.9
537.28,114.9
537.29,113.2
537.31,109.8
537.33,106.1
537.34,104.2
537.36,100.3
537.38,96.23
537.39,94.15
537.41,89.92
537.43,85.65
537.44,83.51
537.46,79.23
537.47,77.1
537.49,72.89
537.51,68.78
537.52,66.78
537.54,62.88
537.56,59.16
537.57,57.37
537.59,53.98
537.61,50.84
537.62,49.37
537.64,46.65
537.66,44.24
537.67,43.15
537.69,41.24
537.71,39.66
537.72,39.01
537.74,37.97
537.76,37.29
537.77,37.09
537.79,36.96
537.8,37.03
537.82,37.45
537.84,38.21
537.85,38.73
537.87,40.0
537.89,41.61
537.9,42.52
537.92,44.58
537.94,46.92
537.95,48.19
537.97,50.9
537.99,53.84
538.0,55.38
538.02,58.59
538.04,61.94
538.05,63.67
538.07,67.18
538.09,70.76
538.1,72.56
538.12,76.17
538.14,79.75
538.15,81.52
538.17,84.98
538.18,86.68
538.2,89.95
538.22,93.06
538.23,94.53
538.25,97.32
538.27,99.84
538.28,101.0
538.3,103.1
538.32,104.9
538.33,105.6
538.35,106.9
538.37,107.8
538.38,108.1
538.4,108.4
538.42,108.3
538.43,108.1
538.45,107.5
538.47,106.4
538.48,105.8
538.5,104.2
538.52,102.3
538.53,101.2
538.55,98.82
538.56,97.52
538.58,94.73
538.6,91.69
538.61,90.1
538.63,86.78
538.65,83.3
538.66,81.52
538.68,77.89
538.7,74.2
538.71,72.35
538.73,68.64
538.75,64.95
538.76,63.13
538.78,59.54
538.8,56.05
538.81,54.36
538.83,51.06
538.85,47.93
538.86,46.43
538.88,43.56
538.9,40.88
538.91,39.62
538.93,37.25
538.94,36.14
538.96,34.09
538.98,32.25
538.99,31.4
539.01,29.87
539.03,28.54
539.04,27.94
539.06,26.9
539.08,26.03
539.09,25.66
539.11,25.04
539.13,24.58
539.14,24.4
539.16,24.13
539.18,23.99
539.19,23.96
539.21,23.98
539.23,24.08
539.24,24.16
539.26,24.38
539.27,24.51
539.29,24.82
539.31,25.18
539.32,25.37
539.34,25.78
539.36,26.22
539.37,26.44
539.39,26.91
539.41,27.38
539.42,27.62
539.44,28.1
539.46,28.58
539.47,28.82
539.49,29.29
539.51,29.74
539.52,29.96
539.54,30.4
539.56,30.81
539.57,31.01
539.59,31.4
539.61,31.76
539.62,31.93
539.64,32.26
539.65,32.41
539.67,32.7
539.69,32.97
539.7,33.09
539.72,33.32
539.74,33.54
539.75,33.64
539.77,33.83
539.79,34.01
539.8,34.1
539.82,34.28
539.84,34.47
539.85,34.56
539.87,34.78
539.89,35.02
539.9,35.15
539.92,35.45
539.94,35.82
539.95,36.02
539.97,36.49
539.99,37.05
540.0,37.36
540.02,38.07
540.03,38.47
540.05,39.36
540.07,40.38
540.08,40.94
540.1,42.17
540.12,43.55
540.13,44.3
540.15,45.91
540.17,47.67
540.18,48.6
540.2,50.58
540.22,52.7
540.23,53.8
540.25,56.1
540.27,58.5
540.28,59.73
540.3,62.25
540.32,64.82
540.33,66.12
540.35,68.72
540.37,71.31
540.38,72.59
540.4,75.11
540.41,76.34
540.43,78.73
540.45,80.99
540.46,82.06
540.48,84.08
540.5,85.92
540.51,86.76
540.53,88.28
540.55,89.57
540.56,90.12
540.58,91.03
540.6,91.69
540.61,91.92
540.63,92.19
540.65,92.21
540.66,92.12
540.68,91.77
540.7,91.19
540.71,90.82
540.73,89.94
540.75,88.87
540.76,88.28
540.78,87.0
540.79,86.31
540.81,84.86
540.83,83.35
540.84,82.57
540.86,81.0
540.88,79.43
540.89,78.66
540.91,77.13
540.93,75.68
540.94,74.98
540.96,73.66
540.98,72.45
540.99,71.9
541.01,70.9
541.03,70.05
541.04,69.69
541.06,69.08
541.08,68.64
541.09,68.49
541.11,68.31
541.12,68.28
541.14,68.36
541.16,68.59
541.17,68.77
541.19,69.24
541.21,69.85
541.22,70.2
541.24,71.0
541.26,71.91
541.27,72.4
541.29,73.45
541.31,74.56
541.32,75.13
541.34,76.31
541.36,77.52
541.37,78.12
541.39,79.31
541.41,80.47
541.42,81.04
541.44,82.12
541.46,83.11
541.47,83.57
541.49,84.4
541.5,84.76
541.52,85.39
541.54,85.85
541.55,86.01
541.57,86.2
541.59,86.2
541.6,86.12
541.62,85.8
541.64,85.26
541.65,84.91
541.67,84.04
541.69,82.95
541.7,82.33
541.72,80.93
541.74,79.32
541.75,78.45
541.77,76.57
541.79,74.53
541.8,73.45
541.82,71.21
541.84,68.86
541.85,67.65
541.87,65.19
541.88,63.94
541.9,61.42
541.92,58.89
541.93,57.64
541.95,55.16
541.97,52.75
541.98,51.57
542.0,49.3
542.02,47.14
542.03,46.11
542.05,44.17
542.07,42.38
542.08,41.55
542.1,40.03
542.12,38.69
542.13,38.09
542.15,37.03
542.17,36.16
542.18,35.8
542.2,35.21
542.22,34.8
542.23,34.66
542.25,34.5
542.26,34.48
542.28,34.53
542.3,34.72
542.31,34.86
542.33,35.22
542.35,35.66
542.36,35.91
542.38,36.45
542.4,37.04
542.41,37.35
542.43,37.98
542.45,38.62
542.46,38.94
542.48,39.56
542.5,40.16
542.51,40.45
542.53,41.0
542.55,41.5
542.56,41.73
542.58,42.15
542.59,42.33
542.61,42.67
542.63,42.94
542.64,43.06
542.66,43.25
542.68,43.39
542.69,43.44
542.71,43.5
542.73,43.52
542.74,43.52
542.76,43.48
542.78,43.42
542.79,43.38
542.81,43.28
542.83,43.16
542.84,43.1
542.86,42.96
542.88,42.82
542.89,42.74
542.91,42.58
542.93,42.42
542.94,42.33
542.96,42.15
542.97,42.06
542.99,41.87
543.01,41.67
543.02,41.57
543.04,41.35
543.06,41.11
543.07,40.98
543.09,40.71
543.11,40.42
543.12,40.26
543.14,39.94
543.16,39.58
543.17,39.39
543.19,39.0
543.21,38.58
543.22,38.36
543.24,37.9
543.26,37.41
543.27,37.16
543.29,36.64
543.31,36.1
543.32,35.83
543.34,35.26
543.35,34.98
543.37,34.39
543.39,33.79
543.4,33.49
543.42,32.87
543.44,32.25
543.45,31.93
543.47,31.29
543.49,30.64
543.5,30.31
543.52,29.65
543.54,28.97
543.55,28.63
543.57,27.93
543.59,27.22
543.6,26.86
543.62,26.12
543.64,25.37
543.65,24.99
543.67,24.21
543.69,23.42
543.7,23.02
543.72,22.2
543.73,21.78
543.75,20.94
543.77,20.08
543.78,19.65
543.8,18.79
543.82,17.91
543.83,17.48
543.85,16.6
543.87,15.73
543.88,15.3
543.9,14.45
543.92,13.61
543.93,13.2
543.95,12.39
543.97,11.61
543.98,11.24
544.0,10.52
544.02,9.833
544.03,9.508
544.05,8.895
544.06,8.608
544.08,8.074
544.1,7.599
544.11,7.384
544.13,7.002
544.15,6.687
544.16,6.556
544.18,6.346
544.2,6.209
544.21,6.168
544.23,6.144
544.25,6.197
544.26,6.252
544.28,6.422
544.3,6.669
544.31,6.822
544.33,7.185
544.35,7.624
544.36,7.871
544.38,8.419
544.4,9.037
544.41,9.37
544.43,10.08
544.44,10.46
544.46,11.26
544.48,12.11
544.49,12.55
544.51,13.45
544.53,14.39
544.54,14.87
544.56,15.83
544.58,16.81
544.59,17.3
544.61,18.26
544.63,19.22
544.64,19.68
544.66,20.59
544.68,21.46
544.69,21.88
544.71,22.67
544.73,23.4
544.74,23.74
544.76,24.37
544.78,24.92
544.79,25.16
544.81,25.59
544.82,25.78
544.84,26.09
544.86,26.32
544.87,26.4
544.89,26.51
544.91,26.56
544.92,26.55
544.94,26.5
544.96,26.4
544.97,26.33
544.99,26.18
545.01,25.99
545.02,25.9
545.04,25.7
545.06,25.52
545.07,25.43
545.09,25.28
545.11,25.17
545.12,25.13
545.14,25.09
545.16,25.12
545.17,25.17
545.19,25.31
545.2,25.41
545.22,25.68
545.24,26.04
545.25,26.25
545.27,26.75
545.29,27.33
545.3,27.65
545.32,28.35
545.34,29.13
545.35,29.54
545.37,30.41
545.39,31.32
545.4,31.79
545.42,32.75
545.44,33.72
545.45,34.2
545.47,35.16
545.49,36.09
545.5,36.53
545.52,37.39
545.54,38.19
545.55,38.55
545.57,39.22
545.58,39.52
545.6,40.05
545.62,40.46
545.63,40.63
545.65,40.87
545.67,41.0
545.68,41.01
545.7,40.97
545.72,40.82
545.73,40.7
545.75,40.41
545.77,40.03
545.78,39.82
545.8,39.37
545.82,38.88
545.83,38.64
545.85,38.15
545.87,37.71
545.88,37.51
545.9,37.18
545.91,37.06
545.93,36.93
545.95,36.98
545.96,37.08
545.98,37.47
546.0,38.13
546.01,38.58
546.03,39.74
546.05,41.3
546.06,42.23
546.08,44.45
546.1,47.16
546.11,48.71
546.13,52.25
546.15,56.38
546.16,58.69
546.18,63.79
546.2,69.59
546.21,72.75
546.23,79.63
546.25,87.25
546.26,91.34
546.28,100.1
546.29,104.8
546.31,114.7
546.33,125.3
546.34,130.9
546.36,142.7
546.38,155.1
546.39,161.5
546.41,174.8
546.43,188.6
546.44,195.7
546.46,210.2
546.48,224.9
546.49,232.3
546.51,247.3
546.53,262.2
546.54,269.7
546.56,284.4
546.58,298.8
546.59,305.8
546.61,319.4
546.63,332.3
546.64,338.5
546.66,350.1
546.67,355.5
546.69,365.6
546.71,374.5
546.72,378.4
546.74,385.3
546.76,390.8
546.77,393.0
546.79,396.3
546.81,398.1
546.82,398.4
546.84,397.9
546.86,395.9
546.87,394.3
546.89,390.1
546.91,384.6
546.92,381.3
546.94,373.9
546.96,365.3
546.97,360.6
546.99,350.6
547.01,339.7
547.02,334.0
547.04,322.2
547.05,316.1
547.07,303.6
547.09,290.8
547.1,284.4
547.12,271.4
547.14,258.5
547.15,252.1
547.17,239.4
547.19,227.1
547.2,221.0
547.22,209.3
547.24,198.0
547.25,192.5
547.27,182.0
547.29,172.0
547.3,167.3
547.32,158.2
547.34,149.8
547.35,145.8
547.37,138.2
547.38,134.6
547.4,127.8
547.42,121.6
547.43,118.7
547.45,113.2
547.47,108.1
547.48,105.8
547.5,101.3
547.52,97.2
547.53,95.27
547.55,91.64
547.57,88.29
547.58,86.71
547.6,83.72
547.62,80.95
547.63,79.64
547.65,77.15
547.67,74.84
547.68,73.75
547.7,71.68
547.72,69.76
547.73,68.85
547.75,67.15
547.76,66.35
547.78,64.85
547.8,63.49
547.81,62.86
547.83,61.7
547.85,60.67
547.86,60.2
547.88,59.36
547.9,58.64
547.91,58.32
547.93,57.75
547.95,57.29
547.96,57.09
547.98,56.75
548.0,56.48
548.01,56.36
548.03,56.16
548.05,55.98
548.06,55.9
548.08,55.73
548.1,55.55
548.11,55.44
548.13,55.21
548.14,55.07
548.16,54.74
548.18,54.34
548.19,54.1
548.21,53.56
548.23,52.92
548.24,52.56
548.26,51.75
548.28,50.84
548.29,50.34
548.31,49.25
548.33,48.06
548.34,47.42
548.36,46.08
548.38,44.66
548.39,43.92
548.41,42.39
548.43,40.81
548.44,40.0
548.46,38.38
548.48,36.74
548.49,35.92
548.51,34.3
548.52,33.51
548.54,31.95
548.56,30.45
548.57,29.73
548.59,28.35
548.61,27.07
548.62,26.48
548.64,25.37
548.66,24.4
548.67,23.97
548.69,23.21
548.71,22.6
548.72,22.35
548.74,21.97
548.76,21.75
548.77,21.7
548.79,21.72
548.81,21.89
548.82,22.04
548.84,22.44
548.86,22.98
548.87,23.31
548.89,24.06
548.9,24.48
548.92,25.42
548.94,26.48
548.95,27.05
548.97,28.26
548.99,29.57
549.0,30.26
549.02,31.71
549.04,33.23
549.05,34.02
549.07,35.65
549.09,37.35
549.1,38.22
549.12,40.02
549.14,41.88
549.15,42.83
549.17,44.79
549.19,46.81
549.2,47.84
549.22,49.97
549.23,51.06
549.25,53.3
549.27,55.62
549.28,56.82
549.3,59.27
549.32,61.83
549.33,63.14
549.35,65.85
549.37,68.67
549.38,70.11
549.4,73.09
549.42,76.18
549.43,77.76
549.45,81.01
549.47,84.35
549.48,86.06
549.5,89.54
549.52,93.09
549.53,94.89
549.55,98.53
549.57,102.2
549.58,104.0
549.6,107.7
549.61,109.6
549.63,113.2
549.65,116.9
549.66,118.7
549.68,122.2
549.7,125.6
549.71,127.3
549.73,130.5
549.75,133.6
549.76,135.1
549.78,138.0
549.8,140.7
549.81,142.0
549.83,144.5
549.85,146.8
549.86,147.9
549.88,149.9
549.9,151.9
549.91,152.8
549.93,154.5
549.95,156.2
549.96,157.0
549.98,158.6
549.99,159.4
550.01,160.9
550.03,162.4
550.04,163.2
550.06,164.7
550.08,166.4
550.09,167.2
550.11,168.9
550.13,170.7
550.14,171.6
550.16,173.5
550.18,175.5
550.19,176.5
550.21,178.5
550.23,180.6
550.24,181.7
550.26,183.8
550.28,185.9
550.29,186.9
550.31,188.9
550.33,190.7
550.34,191.6
550.36,193.2
550.37,193.9
550.39,195.2
550.41,196.3
550.42,196.7
550.44,197.3
550.46,197.6
550.47,197.7
550.49,197.5
550.51,197.1
550.52,196.7
550.54,195.8
550.56,194.5
550.57,193.8
550.59,192.1
550.61,190.2
550.62,189.2
550.64,187.0
550.66,184.7
550.67,183.5
550.69,181.1
550.7,179.8
550.72,177.3
550.74,174.8
550.75,173.6
550.77,171.2
550.79,169.0
550.8,167.9
550.82,165.8
550.84,163.9
550.85,163.1
550.87,161.4
550.89,160.0
550.9,159.3
550.92,158.1
550.94,157.1
550.95,156.6
550.97,155.8
550.99,155.1
551.0,154.7
551.02,154.1
551.04,153.4
551.05,153.1
551.07,152.5
551.08,152.1
551.1,151.3
551.12,150.5
551.13,150.0
551.15,148.9
551.17,147.6
551.18,146.9
551.2,145.3
551.22,143.6
551.23,142.6
551.25,140.5
551.27,138.1
551.28,136.9
551.3,134.2
551.32,131.3
551.33,129.7
551.35,126.5
551.37,123.1
551.38,121.4
551.4,117.8
551.42,114.0
551.43,112.1
551.45,108.2
551.46,106.3
551.48,102.3
551.5,98.25
551.51,96.23
551.53,92.21
551.55,88.21
551.56,86.22
551.58,82.31
551.6,78.47
551.61,76.58
551.63,72.9
551.65,69.35
551.66,67.62
551.68,64.28
551.7,61.11
551.71,59.59
551.73,56.68
551.75,53.96
551.76,52.68
551.78,50.27
551.8,48.06
551.81,47.04
551.83,45.17
551.84,44.31
551.86,42.77
551.88,41.45
551.89,40.88
551.91,39.9
551.93,39.15
551.94,38.86
551.96,38.44
551.98,38.26
551.99,38.25
552.01,38.4
552.03,38.77
552.04,39.04
552.06,39.75
552.08,40.69
552.09,41.25
552.11,42.53
552.13,44.05
552.14,44.91
552.16,46.8
552.18,48.95
552.19,50.12
552.21,52.68
552.22,54.07
552.24,57.07
552.26,60.38
552.27,62.16
552.29,65.96
552.31,70.12
552.32,72.34
552.34,77.05
552.36,82.15
552.37,84.85
552.39,90.54
552.41,96.64
552.42,99.84
552.44,106.5
552.46,113.6
552.47,117.3
552.49,125.0
552.51,132.9
552.52,137.0
552.54,145.4
552.55,149.7
552.57,158.4
552.59,167.3
552.6,171.8
552.62,180.7
552.64,189.6
552.65,194.0
552.67,202.6
552.69,211.0
552.7,215.1
552.72,222.9
552.74,230.2
552.75,233.7
552.77,240.1
552.79,245.8
552.8,248.3
552.82,252.8
552.84,256.3
552.85,257.7
552.87,259.9
552.89,261.0
552.9,261.1
552.92,260.7
552.93,260.0
552.95,258.0
552.97,255.0
552.98,253.1
553.0,248.6
553.02,243.2
553.03,240.1
553.05,233.4
553.07,226.0
553.08,222.0
553.1,213.6
553.12,204.7
553.13,200.1
553.15,190.6
553.17,180.8
553.18,175.8
553.2,165.8
553.22,155.7
553.23,150.6
553.25,140.7
553.27,130.8
553.28,126.0
553.3,116.5
553.31,111.9
553.33,103.0
553.35,94.41
553.36,90.29
553.38,82.38
553.4,74.94
553.41,71.4
553.43,64.69
553.45,58.48
553.46,55.55
553.48,50.07
553.5,45.06
553.51,42.73
553.53,38.42
553.55,34.54
553.56,32.75
553.58,29.48
553.6,26.59
553.61,25.28
553.63,22.91
553.65,20.85
553.66,19.94
553.68,18.32
553.69,17.6
553.71,16.36
553.73,15.36
553.74,14.93
553.76,14.24
553.78,13.74
553.79,13.56
553.81,13.33
553.83,13.27
553.84,13.3
553.86,13.48
553.88,13.81
553.89,14.03
553.91,14.58
553.93,15.29
553.94,15.7
553.96,16.63
553.98,17.71
553.99,18.31
554.01,19.61
554.02,20.33
554.04,21.87
554.06,23.56
554.07,24.46
554.09,26.39
554.11,28.46
554.12,29.56
554.14,31.85
554.16,34.29
554.17,35.55
554.19,38.19
554.21,40.93
554.22,42.35
554.24,45.25
554.26,48.24
554.27,49.75
554.29,52.83
554.31,55.94
554.32,57.5
554.34,60.62
554.36,63.72
554.37,65.25
554.39,68.26
554.4,69.74
554.42,72.61
554.44,75.35
554.45,76.66
554.47,79.15
554.49,81.45
554.5,82.52
554.52,84.47
554.54,86.18
554.55,86.93
554.57,88.21
554.59,89.2
554.6,89.58
554.62,90.11
554.64,90.32
554.65,90.31
554.67,90.04
554.69,89.46
554.7,89.05
554.72,88.01
554.74,86.69
554.75,85.93
554.77,84.21
554.78,83.27
554.8,81.21
554.82,78.96
554.83,77.77
554.85,75.29
554.87,72.69
554.88,71.36
554.9,68.66
554.92,65.93
554.93,64.56
554.95,61.86
554.97,59.22
554.98,57.93
555.0,55.46
555.02,53.13
555.03,52.03
555.05,49.99
555.07,48.18
555.08,47.37
555.1,45.95
555.12,44.83
555.13,44.39
555.15,43.76
555.16,43.57
555.18,43.46
555.2,43.73
555.21,44.0
555.23,44.84
555.25,46.08
555.26,46.84
555.28,48.67
555.3,50.89
555.31,52.15
555.33,54.95
555.35,58.12
555.36,59.83
555.38,63.52
555.4,67.52
555.41,69.63
555.43,74.05
555.45,78.71
555.46,81.11
555.48,86.04
555.49,88.55
555.51,93.65
555.53,98.8
555.54,101.4
555.56,106.5
555.58,111.5
555.59,114.0
555.61,118.8
555.63,123.3
555.64,125.5
555.66,129.6
555.68,133.3
555.69,135.0
555.71,138.1
555.73,140.7
555.74,141.8
555.76,143.6
555.78,144.9
555.79,145.3
555.81,145.6
555.83,145.4
555.84,145.1
555.86,144.0
555.87,143.2
555.89,141.3
555.91,138.8
555.92,137.4
555.94,134.1
555.96,130.5
555.97,128.5
555.99,124.2
556.01,119.6
556.02,117.2
556.04,112.2
556.06,107.0
556.07,104.4
556.09,99.03
556.11,93.63
556.12,90.92
556.14,85.54
556.16,80.24
556.17,77.64
556.19,72.55
556.21,67.64
556.22,65.27
556.24,60.7
556.25,58.52
556.27,54.37
556.29,50.52
556.3,48.71
556.32,45.34
556.34,42.3
556.35,40.91
556.37,38.38
556.39,36.2
556.4,35.23
556.42,33.55
556.44,32.2
556.45,31.64
556.47,30.76
556.49,30.18
556.5,30.0
556.52,29.84
556.54,29.94
556.55,30.09
556.57,30.55
556.59,31.22
556.6,31.63
556.62,32.6
556.63,33.14
556.65,34.35
556.67,35.7
556.68,36.41
556.7,37.93
556.72,39.55
556.73,40.38
556.75,42.1
556.77,43.86
556.78,44.76
556.8,46.57
556.82,48.39
556.83,49.3
556.85,51.1
556.87,52.89
556.88,53.77
556.9,55.5
556.92,57.18
556.93,58.0
556.95,59.6
556.97,61.13
556.98,61.87
557.0,63.3
557.01,63.99
557.03,65.31
557.05,66.56
557.06,67.15
557.08,68.29
557.1,69.36
557.11,69.88
557.13,70.85
557.15,71.78
557.16,72.22
557.18,73.07
557.2,73.87
557.21,74.27
557.23,75.03
557.25,75.77
557.26,76.13
557.28,76.85
557.3,77.57
557.31,77.93
557.33,78.65
557.34,79.02
557.36,79.77
557.38,80.54
557.39,80.93
557.41,81.74
557.43,82.57
557.44,83.0
557.46,83.87
557.48,84.78
557.49,85.24
557.51,86.18
557.53,87.14
557.54,87.62
557.56,88.6
557.58,89.56
557.59,90.04
557.61,90.99
557.63,91.9
557.64,92.34
557.66,93.18
557.68,93.96
557.69,94.31
557.71,94.96
557.72,95.24
557.74,95.73
557.76,96.08
557.77,96.21
557.79,96.35
557.81,96.33
557.82,96.26
557.84,95.99
557.86,95.54
557.87,95.25
557.89,94.52
557.91,93.62
557.92,93.09
557.94,91.92
557.96,90.57
557.97,89.83
557.99,88.24
558.01,86.52
558.02,85.6
558.04,83.7
558.06,81.69
558.07,80.66
558.09,78.56
558.1,77.49
558.12,75.34
558.14,73.2
558.15,72.13
558.17,70.03
558.19,68.0
558.2,67.02
558.22,65.15
558.24,63.4
558.25,62.58
558.27,61.07
558.29,59.75
558.3,59.17
558.32,58.17
558.34,57.39
558.35,57.1
558.37,56.69
558.39,56.54
558.4,56.57
558.42,56.81
558.44,57.32
558.45,57.68
558.47,58.58
558.48,59.13
558.5,60.41
558.52,61.93
558.53,62.77
558.55,64.62
558.57,66.65
558.58,67.74
558.6,70.02
558.62,72.44
558.63,73.69
558.65,76.26
558.67,78.89
558.68,80.22
558.7,82.88
558.72,85.53
558.73,86.84
558.75,89.41
558.77,91.88
558.78,93.07
558.8,95.35
558.81,96.43
558.83,98.45
558.85,100.3
558.86,101.1
558.88,102.6
558.9,103.8
558.91,104.4
558.93,105.2
558.95,105.8
558.96,106.0
558.98,106.2
559.0,106.2
559.01,106.0
559.03,105.6
559.05,104.9
559.06,104.5
559.08,103.5
559.1,102.2
559.11,101.6
559.13,100.1
559.15,98.49
559.16,97.64
559.18,95.86
559.19,94.93
559.21,93.03
559.23,91.07
559.24,90.08
559.26,88.08
559.28,86.09
559.29,85.09
559.31,83.12
559.33,81.19
559.34,80.24
559.36,78.38
559.38,76.59
559.39,75.71
559.41,74.02
559.43,72.4
559.44,71.62
559.46,70.11
559.48,68.68
559.49,67.99
559.51,66.66
559.53,65.4
559.54,64.79
559.56,63.61
559.57,63.04
559.59,61.94
559.61,60.88
559.62,60.37
559.64,59.37
559.66,58.41
559.67,57.94
559.69,57.02
559.71,56.12
559.72,55.69
559.74,54.83
559.76,54.0
559.77,53.59
559.79,52.79
559.81,52.02
559.82,51.64
559.84,50.91
559.86,50.21
559.87,49.87
559.89,49.21
559.91,48.59
559.92,48.29
559.94,47.73
559.95,47.46
559.97,46.95
559.99,46.49
560.0,46.27
560.02,45.87
560.04,45.51
560.05,45.35
560.07,45.05
560.09,44.8
560.1,44.69
560.12,44.49
560.14,44.34
560.15,44.28
560.17,44.18
560.19,44.11
560.2,44.09
560.22,44.06
560.24,44.06
560.25,44.07
560.27,44.1
560.29,44.15
560.3,44.18
560.32,44.24
560.33,44.28
560.35,44.35
560.37,44.42
560.38,44.45
560.4,44.52
560.42,44.57
560.43,44.59
560.45,44.61
560.47,44.61
560.48,44.6
560.5,44.55
560.52,44.47
560.53,44.42
560.55,44.28
560.57,44.09
560.58,43.98
560.6,43.72
560.62,43.4
560.63,43.22
560.65,42.82
560.66,42.59
560.68,42.1
560.7,41.55
560.71,41.25
560.73,40.61
560.75,39.92
560.76,39.55
560.78,38.78
560.8,37.96
560.81,37.54
560.83,36.67
560.85,35.78
560.86,35.32
560.88,34.41
560.9,33.51
560.91,33.06
560.93,32.18
560.95,31.34
560.96,30.94
560.98,30.18
561.0,29.5
561.01,29.19
561.03,28.66
561.04,28.43
561.06,28.07
561.08,27.85
561.09,27.79
561.11,27.8
561.13,27.98
561.14,28.14
561.16,28.6
561.18,29.25
561.19,29.65
561.21,30.59
561.23,31.74
561.24,32.39
561.26,33.84
561.28,35.49
561.29,36.38
561.31,38.29
561.33,40.38
561.34,41.47
561.36,43.77
561.38,46.19
561.39,47.44
561.41,49.99
561.42,51.29
561.44,53.92
561.46,56.56
561.47,57.88
561.49,60.48
561.51,63.02
561.52,64.26
561.54,66.64
561.56,68.88
561.57,69.93
561.59,71.9
561.61,73.66
561.62,74.45
561.64,75.84
561.66,76.97
561.67,77.43
561.69,78.13
561.71,78.53
561.72,78.62
561.74,78.57
561.76,78.21
561.77,77.92
561.79,77.12
561.8,76.61
561.82,75.39
561.84,73.91
561.85,73.08
561.87,71.25
561.89,69.21
561.9,68.12
561.92,65.83
561.94,63.4
561.95,62.15
561.97,59.57
561.99,56.93
562.0,55.59
562.02,52.91
562.04,50.24
562.05,48.91
562.07,46.3
562.09,43.76
562.1,42.53
562.12,40.14
562.13,38.99
562.15,36.79
562.17,34.74
562.18,33.77
562.2,31.97
562.22,30.34
562.23,29.59
562.25,28.24
562.27,27.09
562.28,26.59
562.3,25.74
562.32,25.1
562.33,24.86
562.35,24.54
562.37,24.43
562.38,24.45
562.4,24.67
562.42,25.11
562.43,25.42
562.45,26.19
562.47,27.2
562.48,27.8
562.5,29.16
562.51,29.93
562.53,31.66
562.55,33.64
562.56,34.73
562.58,37.09
562.6,39.71
562.61,41.12
562.63,44.14
562.65,47.42
562.66,49.16
562.68,52.83
562.7,56.75
562.71,58.8
562.73,63.09
562.75,67.59
562.76,69.92
562.78,74.73
562.8,79.7
562.81,82.24
562.83,87.41
562.85,92.67
562.86,95.33
562.88,100.6
562.89,103.3
562.91,108.6
562.93,113.8
562.94,116.3
562.96,121.3
562.98,126.1
562.99,128.4
563.01,132.7
563.03,136.8
563.04,138.7
563.06,142.1
563.08,145.1
563.09,146.4
563.11,148.7
563.13,150.4
563.14,151.1
563.16,152.0
563.18,152.3
563.19,152.3
563.21,151.8
563.23,150.7
563.24,149.9
563.26,148.0
563.27,146.8
563.29,144.1
563.31,140.9
563.32,139.2
563.34,135.3
563.36,131.1
563.37,128.9
563.39,124.2
563.41,119.2
563.42,116.6
563.44,111.3
563.46,105.9
563.47,103.2
563.49,97.68
563.51,92.15
563.52,89.39
563.54,83.91
563.56,78.52
563.57,75.88
563.59,70.69
563.61,65.68
563.62,63.24
563.64,58.53
563.65,56.25
563.67,51.89
563.69,47.76
563.7,45.79
563.72,42.05
563.74,38.57
563.75,36.93
563.77,33.83
563.79,30.99
563.8,29.66
563.82,27.18
563.84,24.93
563.85,23.89
563.87,21.97
563.89,20.24
563.9,19.45
563.92,18.0
563.94,16.72
563.95,16.13
563.97,15.07
563.98,14.59
564.0,13.73
564.02,12.97
564.03,12.63
564.05,12.03
564.07,11.51
564.08,11.28
564.1,10.88
564.12,10.54
564.13,10.4
564.15,10.15
564.17,9.963
564.18,9.887
564.2,9.774
564.22,9.709
564.23,9.694
564.25,9.702
564.27,9.758
564.28,9.805
564.3,9.936
564.32,10.12
564.33,10.23
564.35,10.5
564.36,10.66
564.38,11.01
564.4,11.43
564.41,11.67
564.43,12.19
564.45,12.78
564.46,13.1
564.48,13.79
564.5,14.55
564.51,14.96
564.53,15.83
564.55,16.77
564.56,17.26
564.58,18.29
564.6,19.38
564.61,19.95
564.63,21.11
564.65,22.32
564.66,22.93
564.68,24.18
564.7,25.44
564.71,26.08
564.73,27.35
564.74,27.98
564.76,29.22
564.78,30.43
564.79,31.02
564.81,32.16
564.83,33.24
564.84,33.74
564.86,34.7
564.88,35.56
564.89,35.95
564.91,36.65
564.93,37.23
564.94,37.47
564.96,37.86
564.98,38.12
564.99,38.2
565.01,38.25
565.03,38.17
565.04,38.08
565.06,37.81
565.08,37.4
565.09,37.16
565.11,36.57
565.12,36.24
565.14,35.51
565.16,34.68
565.17,34.23
565.19,33.29
565.21,32.29
565.22,31.78
565.24,30.72
565.26,29.63
565.27,29.09
565.29,27.99
565.31,26.92
565.32,26.38
565.34,25.35
565.36,24.36
565.37,23.89
565.39,22.99
565.41,22.16
565.42,21.78
565.44,21.08
565.45,20.77
565.47,20.22
565.49,19.77
565.5,19.59
565.52,19.32
565.54,19.16
565.55,19.12
565.57,19.15
565.59,19.3
565.6,19.42
565.62,19.77
565.64,20.24
565.65,20.52
565.67,21.19
565.69,21.98
565.7,22.43
565.72,23.41
565.74,24.52
565.75,25.13
565.77,26.42
565.79,27.83
565.8,28.58
565.82,30.17
565.83,31.0
565.85,32.74
565.87,34.59
565.88,35.54
565.9,37.52
565.92,39.57
565.93,40.62
565.95,42.77
565.97,44.97
565.98,46.08
566.0,48.32
566.02,50.58
566.03,51.7
566.05,53.94
566.07,56.15
566.08,57.24
566.1,59.36
566.12,61.41
566.13,62.39
566.15,64.28
566.17,66.03
566.18,66.85
566.2,68.37
566.21,69.06
566.23,70.3
566.25,71.34
566.26,71.78
566.28,72.48
566.3,72.95
566.31,73.1
566.33,73.2
566.35,73.04
566.36,72.87
566.38,72.34
566.4,71.55
566.41,71.06
566.43,69.91
566.45,68.53
566.46,67.75
566.48,66.04
566.5,64.14
566.51,63.12
566.53,60.96
566.55,58.65
566.56,57.45
566.58,54.97
566.59,53.7
566.61,51.09
566.63,48.44
566.64,47.1
566.66,44.41
566.68,41.73
566.69,40.4
566.71,37.78
566.73,35.22
566.74,33.97
566.76,31.54
566.78,29.22
566.79,28.11
566.81,25.98
566.83,24.01
566.84,23.08
566.86,21.34
566.88,19.78
566.89,19.07
566.91,17.78
566.93,16.69
566.94,16.22
566.96,15.43
566.97,15.11
566.99,14.62
567.01,14.34
567.02,14.28
567.04,14.32
567.06,14.56
567.07,14.77
567.09,15.33
567.11,16.09
567.12,16.56
567.14,17.63
567.16,18.9
567.17,19.61
567.19,21.17
567.21,22.92
567.22,23.86
567.24,25.86
567.26,28.01
567.27,29.15
567.29,31.52
567.3,32.75
567.32,35.3
567.34,37.94
567.35,39.29
567.37,42.04
567.39,44.83
567.4,46.23
567.42,49.04
567.44,51.83
567.45,53.21
567.47,55.93
567.49,58.57
567.5,59.85
567.52,62.32
567.54,64.65
567.55,65.75
567.57,67.82
567.59,69.7
567.6,70.55
567.62,72.09
567.64,73.4
567.65,73.96
567.67,74.89
567.68,75.25
567.7,75.78
567.72,76.05
567.73,76.09
567.75,75.96
567.77,75.57
567.78,75.29
567.8,74.54
567.82,73.55
567.83,72.98
567.85,71.68
567.87,70.2
567.88,69.39
567.9,67.66
567.92,65.79
567.93,64.81
567.95,62.77
567.97,60.65
567.98,59.57
568.0,57.36
568.02,55.13
568.03,54.0
568.05,51.76
568.06,50.64
568.08,48.42
568.1,46.23
568.11,45.16
568.13,43.06
568.15,41.03
568.16,40.05
568.18,38.14
568.2,36.33
568.21,35.46
568.23,33.79
568.25,32.24
568.26,31.5
568.28,30.12
568.3,28.84
568.31,28.25
568.33,27.15
568.35,26.18
568.36,25.73
568.38,24.93
568.4,24.25
568.41,23.95
568.43,23.45
568.44,23.24
568.46,22.91
568.48,22.69
568.49,22.62
568.51,22.56
568.53,22.61
568.54,22.68
568.56,22.88
568.58,23.18
568.59,23.36
568.61,23.8
568.63,24.31
568.64,24.6
568.66,25.23
568.68,25.93
568.69,26.3
568.71,27.08
568.73,27.91
568.74,28.33
568.76,29.21
568.77,29.65
568.79,30.56
568.81,31.47
568.82,31.92
568.84,32.82
568.86,33.69
568.87,34.12
568.89,34.95
568.91,35.73
568.92,36.1
568.94,36.79
568.96,37.41
568.97,37.7
568.99,38.2
569.01,38.62
569.02,38.8
569.04,39.08
569.06,39.27
569.07,39.33
569.09,39.37
569.11,39.31
569.12,39.24
569.14,39.03
569.15,38.89
569.17,38.54
569.19,38.1
569.2,37.85
569.22,37.28
569.24,36.64
569.25,36.29
569.27,35.55
569.29,34.75
569.3,34.33
569.32,33.45
569.34,32.54
569.35,32.07
569.37,31.11
569.39,30.13
569.4,29.63
569.42,28.63
569.44,27.62
569.45,27.12
569.47,26.12
569.49,25.13
569.5,24.65
569.52,23.68
569.53,23.21
569.55,22.28
569.57,21.38
569.58,20.95
569.6,20.1
569.62,19.29
569.63,18.9
569.65,18.15
569.67,17.44
569.68,17.11
569.7,16.47
569.72,15.89
569.73,15.62
569.75,15.12
569.77,14.67
569.78,14.47
569.8,14.12
569.82,13.84
569.83,13.72
569.85,13.53
569.87,13.42
569.88,13.39
569.9,13.39
569.91,13.41
569.93,13.53
569.95,13.73
569.96,13.86
569.98,14.19
570.0,14.6
570.01,14.84
570.03,15.39
570.05,16.03
570.06,16.38
570.08,17.17
570.1,18.04
570.11,18.52
570.13,19.54
570.15,20.66
570.16,21.25
570.18,22.51
570.2,23.87
570.21,24.58
570.23,26.07
570.24,26.85
570.26,28.48
570.28,30.19
570.29,31.08
570.31,32.91
570.33,34.82
570.34,35.81
570.36,37.82
570.38,39.89
570.39,40.95
570.41,43.09
570.43,45.28
570.44,46.39
570.46,48.62
570.48,50.86
570.49,51.98
570.51,54.22
570.53,56.45
570.54,57.55
570.56,59.72
570.58,61.84
570.59,62.87
570.61,64.88
570.62,65.86
570.64,67.73
570.66,69.49
570.67,70.32
570.69,71.89
570.71,73.3
570.72,73.95
570.74,75.13
570.76,76.13
570.77,76.56
570.79,77.29
570.81,77.82
570.82,78.01
570.84,78.24
570.86,78.28
570.87,78.22
570.89,77.96
570.91,77.51
570.92,77.21
570.94,76.48
570.96,75.57
570.97,75.06
570.99,73.91
571.0,73.28
571.02,71.93
571.04,70.45
571.05,69.66
571.07,68.03
571.09,66.31
571.1,65.42
571.12,63.6
571.14,61.75
571.15,60.8
571.17,58.91
571.19,57.01
571.2,56.06
571.22,54.18
571.24,52.32
571.25,51.41
571.27,49.61
571.29,47.87
571.3,47.02
571.32,45.37
571.34,43.78
571.35,43.02
571.37,41.55
571.38,40.84
571.4,39.49
571.42,38.22
571.43,37.61
571.45,36.46
571.47,35.39
571.48,34.88
571.5,33.91
571.52,33.02
571.53,32.6
571.55,31.81
571.57,31.08
571.58,30.73
571.6,30.08
571.62,29.48
571.63,29.19
571.65,28.65
571.67,28.15
571.68,27.9
571.7,27.44
571.72,27.01
571.73,26.79
571.75,26.38
571.76,26.18
571.78,25.79
571.8,25.4
571.81,25.2
571.83,24.82
571.85,24.43
571.86,24.24
571.88,23.85
571.9,23.45
571.91,23.24
571.93,22.83
571.95,22.41
571.96,22.19
571.98,21.75
572.0,21.3
572.01,21.07
572.03,20.6
572.05,20.13
572.06,19.88
572.08,19.39
572.09,19.15
572.11,18.65
572.13,18.14
572.14,17.89
572.16,17.38
572.18,16.88
572.19,16.63
572.21,16.14
572.23,15.66
572.24,15.42
572.26,14.97
572.28,14.53
572.29,14.32
572.31,13.93
572.33,13.57
572.34,13.4
572.36,13.09
572.38,12.83
572.39,12.72
572.41,12.54
572.43,12.41
572.44,12.37
572.46,12.34
572.47,12.35
572.49,12.41
572.51,12.55
572.52,12.64
572.54,12.89
572.56,13.21
572.57,13.4
572.59,13.83
572.61,14.34
572.62,14.62
572.64,15.24
572.66,15.92
572.67,16.29
572.69,17.07
572.71,17.9
572.72,18.33
572.74,19.24
572.76,20.18
572.77,20.66
572.79,21.64
572.81,22.64
572.82,23.15
572.84,24.15
572.85,24.66
572.87,25.65
572.89,26.62
572.9,27.09
572.92,28.01
572.94,28.89
572.95,29.31
572.97,30.11
572.99,30.84
573.0,31.18
573.02,31.8
573.04,32.35
573.05,32.6
573.07,33.03
573.09,33.38
573.1,33.52
573.12,33.75
573.14,33.89
573.15,33.93
573.17,33.96
573.19,33.92
573.2,33.88
573.22,33.74
573.23,33.66
573.25,33.44
573.27,33.19
573.28,33.04
573.3,32.74
573.32,32.42
573.33,32.25
573.35,31.92
573.37,31.59
573.38,31.43
573.4,31.12
573.42,30.84
573.43,30.72
573.45,30.5
573.47,30.33
573.48,30.26
573.5,30.18
573.52,30.16
573.53,30.18
573.55,30.27
573.56,30.34
573.58,30.55
573.6,30.83
573.61,31.0
573.63,31.4
573.65,31.88
573.66,32.15
573.68,32.74
573.7,33.41
573.71,33.76
573.73,34.52
573.75,35.33
573.76,35.76
573.78,36.64
573.8,37.56
573.81,38.02
573.83,38.97
573.85,39.93
573.86,40.4
573.88,41.35
573.9,42.27
573.91,42.73
573.93,43.6
573.94,44.01
573.96,44.81
573.98,45.53
573.99,45.87
574.01,46.47
574.03,46.99
574.04,47.21
574.06,47.58
574.08,47.83
574.09,47.92
574.11,48.0
574.13,47.97
574.14,47.91
574.16,47.69
574.18,47.36
574.19,47.14
574.21,46.63
574.23,46.0
574.24,45.65
574.26,44.86
574.28,43.97
574.29,43.5
574.31,42.47
574.32,41.93
574.34,40.8
574.36,39.59
574.37,38.97
574.39,37.69
574.41,36.36
574.42,35.69
574.44,34.31
574.46,32.92
574.47,32.23
574.49,30.82
574.51,29.42
574.52,28.73
574.54,27.34
574.56,25.98
574.57,25.31
574.59,23.98
574.61,22.69
574.62,22.06
574.64,20.82
574.66,19.63
574.67,19.05
574.69,17.92
574.7,17.38
574.72,16.32
574.74,15.32
574.75,14.84
574.77,13.91
574.79,13.04
574.8,12.62
574.82,11.82
574.84,11.08
574.85,10.73
574.87,10.07
574.89,9.456
574.9,9.17
574.92,8.637
574.94,8.155
574.95,7.932
574.97,7.526
574.99,7.168
575.0,7.007
575.02,6.722
575.04,6.483
575.05,6.381
575.07,6.21
575.08,6.141
575.1,6.034
575.12,5.968
575.13,5.95
575.15,5.942
575.17,5.97
575.18,5.997
575.2,6.075
575.22,6.184
575.23,6.248
575.25,6.398
575.27,6.571
575.28,6.666
575.3,6.87
575.32,7.091
575.33,7.207
575.35,7.448
575.37,7.699
575.38,7.827
575.4,8.088
575.41,8.22
575.43,8.484
575.45,8.748
575.46,8.879
575.48,9.137
575.5,9.39
575.51,9.513
575.53,9.754
575.55,9.984
575.56,10.09
575.58,10.31
575.6,10.51
575.61,10.61
575.63,10.79
575.65,10.96
575.66,11.04
575.68,11.2
575.7,11.34
575.71,11.41
575.73,11.55
575.75,11.68
575.76,11.75
575.78,11.88
575.79,11.95
575.81,12.08
575.83,12.23
575.84,12.3
575.86,12.47
575.88,12.65
575.89,12.75
575.91,12.97
575.93,13.21
575.94,13.35
575.96,13.64
575.98,13.98
575.99,14.16
576.01,14.55
576.03,15.0
576.04,15.24
576.06,15.76
576.08,16.33
576.09,16.64
576.11,17.3
576.13,18.01
576.14,18.39
576.16,19.19
576.17,19.62
576.19,20.51
576.21,21.46
576.22,21.95
576.24,22.98
576.26,24.06
576.27,24.62
576.29,25.77
576.31,26.97
576.32,27.58
576.34,28.84
576.36,30.13
576.37,30.78
576.39,32.1
576.41,33.45
576.42,34.13
576.44,35.49
576.46,36.85
576.47,37.53
576.49,38.89
576.51,40.24
576.52,40.9
576.54,42.22
576.55,42.87
576.57,44.14
576.59,45.38
576.6,45.99
576.62,47.17
576.64,48.3
576.65,48.85
576.67,49.91
576.69,50.91
576.7,51.4
576.72,52.31
576.74,53.17
576.75,53.58
576.77,54.35
576.79,55.06
576.8,55.4
576.82,56.02
576.84,56.59
576.85,56.86
576.87,57.35
576.88,57.57
576.9,57.99
576.92,58.36
576.93,58.54
576.95,58.85
576.97,59.14
576.98,59.27
577.0,59.51
577.02,59.73
577.03,59.83
577.05,60.02
577.07,60.2
577.08,60.29
577.1,60.45
577.12,60.61
577.13,60.68
577.15,60.83
577.17,60.98
577.18,61.05
577.2,61.18
577.22,61.31
577.23,61.36
577.25,61.47
577.26,61.52
577.28,61.59
577.3,61.64
577.31,61.65
577.33,61.65
577.35,61.6
577.36,61.56
577.38,61.43
577.4,61.24
577.41,61.12
577.43,60.82
577.45,60.43
577.46,60.21
577.48,59.69
577.5,59.08
577.51,58.73
577.53,57.96
577.55,57.09
577.56,56.61
577.58,55.58
577.6,54.44
577.61,53.83
577.63,52.54
577.64,51.85
577.66,50.42
577.68,48.91
577.69,48.12
577.71,46.49
577.73,44.81
577.74,43.94
577.76,42.19
577.78,40.41
577.79,39.51
577.81,37.71
577.83,35.92
577.84,35.04
577.86,33.29
577.88,31.58
577.89,30.75
577.91,29.15
577.93,27.62
577.94,26.89
577.96,25.52
577.98,24.25
577.99,23.67
578.01,22.6
578.02,22.12
578.04,21.27
578.06,20.57
578.07,20.29
578.09,19.84
578.11,19.57
578.12,19.5
578.14,19.5
578.16,19.68
578.17,19.85
578.19,20.31
578.21,20.96
578.22,21.36
578.24,22.29
578.26,23.4
578.27,24.02
578.29,25.39
578.31,26.94
578.32,27.77
578.34,29.54
578.36,31.46
578.37,32.47
578.39,34.59
578.4,35.69
578.42,37.96
578.44,40.33
578.45,41.54
578.47,44.0
578.49,46.51
578.5,47.78
578.52,50.33
578.54,52.87
578.55,54.13
578.57,56.64
578.59,59.09
578.6,60.29
578.62,62.63
578.64,64.88
578.65,65.96
578.67,68.03
578.69,69.96
578.7,70.87
578.72,72.58
578.73,73.37
578.75,74.82
578.77,76.1
578.78,76.67
578.8,77.66
578.82,78.46
578.83,78.79
578.85,79.31
578.87,79.63
578.88,79.72
578.9,79.76
578.92,79.62
578.93,79.48
578.95,79.08
578.97,78.51
578.98,78.17
579.0,77.37
579.02,76.43
579.03,75.91
579.05,74.77
579.07,73.51
579.08,72.84
579.1,71.43
579.11,70.68
579.13,69.13
579.15,67.5
579.16,66.66
579.18,64.93
579.2,63.15
579.21,62.24
579.23,60.39
579.25,58.52
579.26,57.57
579.28,55.66
579.3,53.73
579.31,52.77
579.33,50.85
579.35,48.94
579.36,47.99
579.38,46.11
579.4,44.25
579.41,43.34
579.43,41.55
579.45,39.8
579.46,38.95
579.48,37.28
579.49,36.47
579.51,34.91
579.53,33.41
579.54,32.7
579.56,31.32
579.58,30.03
579.59,29.42
579.61,28.27
579.63,27.21
579.64,26.72
579.66,25.81
579.68,25.0
579.69,24.64
579.71,23.99
579.73,23.45
579.74,23.22
579.76,22.84
579.78,22.58
579.79,22.49
579.81,22.4
579.83,22.42
579.84,22.48
579.86,22.69
579.87,22.84
579.89,23.23
579.91,23.74
579.92,24.05
579.94,24.76
579.96,25.6
579.97,26.07
579.99,27.12
580.01,28.3
580.02,28.94
580.04,30.33
580.06,31.85
580.07,32.67
580.09,34.39
580.11,36.25
580.12,37.23
580.14,39.27
580.16,41.43
580.17,42.55
580.19,44.87
580.2,46.06
580.22,48.5
580.24,51.01
580.25,52.28
580.27,54.86
580.29,57.45
580.3,58.75
580.32,61.33
580.34,63.87
580.35,65.12
580.37,67.56
580.39,69.9
580.4,71.03
580.42,73.17
580.44,75.16
580.45,76.09
580.47,77.79
580.49,79.27
580.5,79.93
580.52,81.06
580.54,81.93
580.55,82.26
580.57,82.72
580.58,82.85
580.6,82.89
580.62,82.64
580.63,82.41
580.65,81.73
580.67,80.78
580.68,80.2
580.7,78.86
580.72,77.26
580.73,76.38
580.75,74.45
580.77,72.32
580.78,71.18
580.8,68.8
580.82,66.27
580.83,64.96
580.85,62.27
580.87,59.5
580.88,58.09
580.9,55.25
580.92,52.4
580.93,50.98
580.95,48.15
580.96,46.75
580.98,43.99
581.0,41.3
581.01,39.99
581.03,37.43
581.05,34.99
581.06,33.81
581.08,31.55
581.1,29.42
581.11,28.4
581.13,26.48
581.15,24.7
581.16,23.87
581.18,22.3
581.2,20.88
581.21,20.22
581.23,19.0
581.25,17.92
581.26,17.43
581.28,16.53
581.3,15.75
581.31,15.4
581.33,14.78
581.34,14.5
581.36,14.02
581.38,13.62
581.39,13.45
581.41,13.16
581.43,12.93
581.44,12.83
581.46,12.68
581.48,12.58
581.49,12.54
581.51,12.48
581.53,12.45
581.54,12.44
581.56,12.44
581.58,12.46
581.59,12.47
581.61,12.5
581.63,12.53
581.64,12.55
581.66,12.59
581.67,12.61
581.69,12.65
581.71,12.69
581.72,12.71
581.74,12.74
581.76,12.78
581.77,12.8
581.79,12.84
581.81,12.89
581.82,12.91
581.84,12.97
581.86,13.03
581.87,13.06
581.89,13.14
581.91,13.22
581.92,13.27
581.94,13.38
581.96,13.51
581.97,13.57
581.99,13.72
582.01,13.89
582.02,13.98
582.04,14.17
582.05,14.28
582.07,14.5
582.09,14.73
582.1,14.85
582.12,15.11
582.14,15.37
582.15,15.51
582.17,15.79
582.19,16.07
582.2,16.22
582.22,16.51
582.24,16.8
582.25,16.94
582.27,17.22
582.29,17.5
582.3,17.63
582.32,17.89
582.34,18.14
582.35,18.26
582.37,18.48
582.39,18.69
582.4,18.79
582.42,18.97
582.43,19.05
582.45,19.2
582.47,19.34
582.48,19.4
582.5,19.5
582.52,19.59
582.53,19.62
582.55,19.68
582.57,19.72
582.58,19.73
582.6,19.75
582.62,19.76
582.63,19.75
582.65,19.74
582.67,19.71
582.68,19.69
582.7,19.64
582.72,19.59
582.73,19.56
582.75,19.5
582.77,19.42
582.78,19.38
582.8,19.3
582.81,19.25
582.83,19.16
582.85,19.06
582.86,19.01
582.88,18.9
582.9,18.78
582.91,18.72
582.93,18.6
582.95,18.46
582.96,18.39
582.98,18.25
583.0,18.09
583.01,18.01
583.03,17.84
583.05,17.66
583.06,17.57
583.08,17.37
583.1,17.16
583.11,17.05
583.13,16.83
583.15,16.59
583.16,16.46
583.18,16.2
583.19,16.06
583.21,15.77
583.23,15.47
583.24,15.32
583.26,14.99
583.28,14.65
583.29,14.47
583.31,14.11
583.33,13.73
583.34,13.53
583.36,13.13
583.38,12.72
583.39,12.5
583.41,12.07
583.43,11.63
583.44,11.4
583.46,10.95
583.48,10.49
583.49,10.25
583.51,9.784
583.52,9.549
583.54,9.078
583.56,8.609
583.57,8.375
583.59,7.911
583.61,7.454
583.62,7.228
583.64,6.784
583.66,6.35
583.67,6.138
583.69,5.725
583.71,5.326
583.72,5.133
583.74,4.76
583.76,4.405
583.77,4.235
583.79,3.91
583.81,3.605
583.82,3.46
583.84,3.187
583.86,2.935
583.87,2.817
583.89,2.599
583.9,2.497
583.92,2.311
583.94,2.147
583.95,2.073
583.97,1.942
583.99,1.831
584.0,1.784
584.02,1.705
584.04,1.646
584.05,1.624
584.07,1.596
584.09,1.587
584.1,1.59
584.12,1.61
584.14,1.65
584.15,1.677
584.17,1.744
584.19,1.83
584.2,1.88
584.22,1.994
584.24,2.125
584.25,2.197
584.27,2.355
584.28,2.44
584.3,2.623
584.32,2.822
584.33,2.927
584.35,3.149
584.37,3.386
584.38,3.509
584.4,3.766
584.42,4.034
584.43,4.173
584.45,4.456
584.47,4.748
584.48,4.896
584.5,5.197
584.52,5.501
584.53,5.654
584.55,5.959
584.57,6.263
584.58,6.413
584.6,6.709
584.62,6.998
584.63,7.138
584.65,7.411
584.66,7.543
584.68,7.795
584.7,8.03
584.71,8.141
584.73,8.349
584.75,8.536
584.76,8.621
584.78,8.775
584.8,8.907
584.81,8.964
584.83,9.061
584.85,9.135
584.86,9.164
584.88,9.206
584.9,9.228
584.91,9.232
584.93,9.228
584.95,9.209
584.96,9.195
584.98,9.159
584.99,9.139
585.01,9.095
585.03,9.05
585.04,9.029
585.06,8.991
585.08,8.963
585.09,8.954
585.11,8.95
585.13,8.967
585.14,8.986
585.16,9.045
585.18,9.137
585.19,9.197
585.21,9.347
585.23,9.542
585.24,9.657
585.26,9.924
585.28,10.24
585.29,10.42
585.31,10.82
585.33,11.28
585.34,11.54
585.36,12.08
585.37,12.38
585.39,13.01
585.41,13.7
585.42,14.07
585.44,14.84
585.46,15.66
585.47,16.09
585.49,16.98
585.51,17.9
585.52,18.38
585.54,19.35
585.56,20.34
585.57,20.84
585.59,21.84
585.61,22.85
585.62,23.35
585.64,24.34
585.66,25.31
585.67,25.78
585.69,26.7
585.71,27.58
585.72,27.99
585.74,28.79
585.75,29.16
585.77,29.86
585.79,30.48
585.8,30.76
585.82,31.27
585.84,31.69
585.85,31.87
585.87,32.17
585.89,32.38
585.9,32.45
585.92,32.54
585.94,32.56
585.95,32.54
585.97,32.45
585.99,32.3
586.0,32.21
586.02,31.98
586.04,31.73
586.05,31.59
586.07,31.31
586.09,31.02
586.1,30.88
586.12,30.6
586.13,30.48
586.15,30.25
586.17,30.08
586.18,30.01
586.2,29.92
586.22,29.92
586.23,29.94
586.25,30.07
586.27,30.29
586.28,30.43
586.3,30.81
586.32,31.3
586.33,31.58
586.35,32.23
586.37,32.99
586.38,33.4
586.4,34.31
586.42,35.32
586.43,35.85
586.45,36.98
586.47,38.18
586.48,38.8
586.5,40.08
586.51,40.73
586.53,42.05
586.55,43.38
586.56,44.05
586.58,45.36
586.6,46.63
586.61,47.25
586.63,48.43
586.65,49.54
586.66,50.06
586.68,51.01
586.7,51.85
586.71,52.21
586.73,52.84
586.75,53.32
586.76,53.51
586.78,53.74
586.8,53.81
586.81,53.78
586.83,53.59
586.84,53.43
586.86,52.98
586.88,52.35
586.89,51.98
586.91,51.11
586.93,50.09
586.94,49.53
586.96,48.29
586.98,46.93
586.99,46.21
587.01,44.69
587.03,43.08
587.04,42.24
587.06,40.53
587.08,38.76
587.09,37.86
587.11,36.05
587.13,34.22
587.14,33.31
587.16,31.49
587.18,29.7
587.19,28.82
587.21,27.09
587.22,26.25
587.24,24.6
587.26,23.03
587.27,22.27
587.29,20.82
587.31,19.45
587.32,18.81
587.34,17.58
587.36,16.45
587.37,15.93
587.39,14.95
587.41,14.08
587.42,13.68
587.44,12.96
587.46,12.33
587.47,12.06
587.49,11.58
587.51,11.2
587.52,11.04
587.54,10.79
587.56,10.62
587.57,10.57
587.59,10.52
587.6,10.53
587.62,10.59
587.64,10.72
587.65,10.8
587.67,11.02
587.69,11.29
587.7,11.45
587.72,11.79
587.74,12.17
587.75,12.38
587.77,12.81
587.79,13.28
587.8,13.51
587.82,14.01
587.84,14.51
587.85,14.77
587.87,15.28
587.89,15.8
587.9,16.06
587.92,16.57
587.94,17.07
587.95,17.32
587.97,17.8
587.98,18.03
588.0,18.49
588.02,18.93
588.03,19.14
588.05,19.55
588.07,19.95
588.08,20.14
588.1,20.52
588.12,20.9
588.13,21.09
588.15,21.47
588.17,21.88
588.18,22.09
588.2,22.54
588.22,23.05
588.23,23.33
588.25,23.96
588.27,24.68
588.28,25.09
588.3,26.01
588.31,26.53
588.33,27.71
588.35,29.09
588.36,29.87
588.38,31.61
588.4,33.64
588.41,34.77
588.43,37.29
588.45,40.16
588.46,41.75
588.48,45.23
588.5,49.15
588.51,51.28
588.53,55.92
588.55,61.05
588.56,63.82
588.58,69.75
588.6,76.23
588.61,79.67
588.63,86.98
588.65,94.84
588.66,98.98
588.68,107.7
588.69,112.2
588.71,121.6
588.73,131.6
588.74,136.7
588.76,147.2
588.78,158.1
588.79,163.7
588.81,175.1
588.83,186.6
588.84,192.4
588.86,204.1
588.88,215.9
588.89,221.7
588.91,233.2
588.93,244.6
588.94,250.2
588.96,261.0
588.98,271.4
588.99,276.5
589.01,286.1
589.03,295.1
589.04,299.3
589.06,307.2
589.07,310.9
589.09,317.6
589.11,323.5
589.12,326.1
589.14,330.7
589.16,334.4
589.17,335.9
589.19,338.2
589.21,339.7
589.22,340.1
589.24,340.3
589.26,339.7
589.27,339.1
589.29,337.4
589.31,335.1
589.32,333.7
589.34,330.5
589.36,326.9
589.37,324.9
589.39,320.6
589.41,316.0
589.42,313.6
589.44,308.6
589.45,306.1
589.47,300.9
589.49,295.6
589.5,292.9
589.52,287.5
589.54,282.1
589.55,279.4
589.57,274.1
589.59,268.8
589.6,266.1
589.62,260.9
589.64,255.7
589.65,253.1
589.67,247.9
589.69,242.7
589.7,240.1
589.72,235.0
589.74,229.7
589.75,227.1
589.77,221.8
589.79,216.5
589.8,213.8
589.82,208.3
589.83,205.5
589.85,199.9
589.87,194.1
589.88,191.2
589.9,185.3
589.92,179.3
589.93,176.3
589.95,170.1
589.97,163.9
589.98,160.8
590.0,154.5
590.02,148.2
590.03,145.0
590.05,138.7
590.07,132.4
590.08,129.3
590.1,123.2
590.12,117.1
590.13,114.1
590.15,108.2
590.16,105.3
590.18,99.63
590.2,94.14
590.21,91.48
590.23,86.29
590.25,81.31
590.26,78.91
590.28,74.27
590.3,69.87
590.31,67.75
590.33,63.7
590.35,59.88
590.36,58.05
590.38,54.58
590.4,51.33
590.41,49.78
590.43,46.85
590.45,44.12
590.46,42.83
590.48,40.38
590.5,38.11
590.51,37.04
590.53,35.01
590.54,34.05
590.56,32.23
590.58,30.53
590.59,29.73
590.61,28.21
590.63,26.78
590.64,26.1
590.66,24.8
590.68,23.58
590.69,22.99
590.71,21.87
590.73,20.8
590.74,20.28
590.76,19.28
590.78,18.32
590.79,17.85
590.81,16.95
590.83,16.07
590.84,15.64
590.86,14.81
590.88,14.01
590.89,13.61
590.91,12.85
590.92,12.47
590.94,11.74
590.96,11.04
590.97,10.7
590.99,10.03
591.01,9.389
591.02,9.079
591.04,8.48
591.06,7.91
591.07,7.636
591.09,7.112
591.11,6.619
591.12,6.385
591.14,5.942
591.16,5.534
591.17,5.343
591.19,4.989
591.21,4.672
591.22,4.528
591.24,4.268
591.26,4.048
591.27,3.953
591.29,3.793
591.3,3.728
591.32,3.629
591.34,3.572
591.35,3.558
591.37,3.564
591.39,3.611
591.4,3.65
591.42,3.76
591.44,3.912
591.45,4.003
591.47,4.217
591.49,4.472
591.5,4.614
591.52,4.928
591.54,5.28
591.55,5.47
591.57,5.877
591.59,6.319
591.6,6.552
591.62,7.043
591.63,7.299
591.65,7.833
591.67,8.393
591.68,8.682
591.7,9.275
591.72,9.886
591.73,10.2
591.75,10.83
591.77,11.47
591.78,11.8
591.8,12.44
591.82,13.09
591.83,13.42
591.85,14.06
591.87,14.69
591.88,15.0
591.9,15.61
591.92,16.2
591.93,16.48
591.95,17.03
591.97,17.55
591.98,17.8
592.0,18.27
592.01,18.49
592.03,18.91
592.05,19.28
592.06,19.45
592.08,19.76
592.1,20.02
592.11,20.13
592.13,20.32
592.15,20.46
592.16,20.51
592.18,20.57
592.2,20.59
592.21,20.57
592.23,20.52
592.25,20.41
592.26,20.34
592.28,20.16
592.3,19.95
592.31,19.82
592.33,19.54
592.35,19.23
592.36,19.06
592.38,18.69
592.39,18.5
592.41,18.09
592.43,17.67
592.44,17.45
592.46,16.99
592.48,16.53
592.49,16.29
592.51,15.82
592.53,15.34
592.54,15.1
592.56,14.64
592.58,14.18
592.59,13.95
592.61,13.52
592.63,13.11
592.64,12.91
592.66,12.53
592.68,12.18
592.69,12.02
592.71,11.71
592.73,11.45
592.74,11.33
592.76,11.11
592.77,11.02
592.79,10.86
592.81,10.74
592.82,10.69
592.84,10.62
592.86,10.59
592.87,10.59
592.89,10.61
592.91,10.66
592.92,10.69
592.94,10.78
592.96,10.89
592.97,10.96
592.99,11.1
593.01,11.26
593.02,11.34
593.04,11.52
593.06,11.7
593.07,11.79
593.09,11.98
593.11,12.17
593.12,12.27
593.14,12.45
593.15,12.54
593.17,12.72
593.19,12.89
593.2,12.98
593.22,13.13
593.24,13.28
593.25,13.36
593.27,13.49
593.29,13.63
593.3,13.69
593.32,13.81
593.34,13.93
593.35,13.99
593.37,14.11
593.39,14.23
593.4,14.3
593.42,14.43
593.44,14.58
593.45,14.66
593.47,14.83
593.48,14.92
593.5,15.13
593.52,15.35
593.53,15.48
593.55,15.75
593.57,16.06
593.58,16.23
593.6,16.59
593.62,16.99
593.63,17.21
593.65,17.67
593.67,18.18
593.68,18.45
593.7,19.02
593.72,19.63
593.73,19.95
593.75,20.63
593.77,21.34
593.78,21.71
593.8,22.47
593.82,23.26
593.83,23.67
593.85,24.49
593.86,24.91
593.88,25.75
593.9,26.6
593.91,27.03
593.93,27.87
593.95,28.7
593.96,29.11
593.98,29.91
594.0,30.68
594.01,31.04
594.03,31.74
594.05,32.39
594.06,32.69
594.08,33.25
594.1,33.73
594.11,33.94
594.13,34.31
594.15,34.59
594.16,34.7
594.18,34.84
594.2,34.9
594.21,34.89
594.23,34.8
594.24,34.72
594.26,34.49
594.28,34.16
594.29,33.97
594.31,33.51
594.33,32.97
594.34,32.67
594.36,32.03
594.38,31.31
594.39,30.93
594.41,30.13
594.43,29.29
594.44,28.86
594.46,27.98
594.48,27.08
594.49,26.63
594.51,25.72
594.53,24.83
594.54,24.4
594.56,23.55
594.58,22.74
594.59,22.35
594.61,21.63
594.62,21.29
594.64,20.67
594.66,20.13
594.67,19.89
594.69,19.49
594.71,19.19
594.72,19.09
594.74,18.95
594.76,18.94
594.77,18.98
594.79,19.15
594.81,19.45
594.82,19.65
594.84,20.14
594.86,20.76
594.87,21.12
594.89,21.93
594.91,22.86
594.92,23.38
594.94,24.49
594.95,25.09
594.97,26.37
594.99,27.75
595.0,28.48
595.02,30.0
595.04,31.59
595.05,32.41
595.07,34.1
595.09,35.83
595.1,36.71
595.12,38.49
595.14,40.27
595.15,41.16
595.17,42.93
595.19,44.67
595.2,45.52
595.22,47.18
595.24,48.77
595.25,49.53
595.27,50.98
595.29,52.32
595.3,52.94
595.32,54.07
595.33,54.59
595.35,55.5
595.37,56.25
595.38,56.56
595.4,57.05
595.42,57.35
595.43,57.43
595.45,57.45
595.47,57.28
595.48,57.12
595.5,56.66
595.52,56.02
595.53,55.63
595.55,54.72
595.57,53.64
595.58,53.05
595.6,51.74
595.62,50.3
595.63,49.53
595.65,47.91
595.67,46.18
595.68,45.29
595.7,43.45
595.71,42.51
595.73,40.59
595.75,38.65
595.76,37.67
595.78,35.71
595.8,33.76
595.81,32.8
595.83,30.91
595.85,29.07
595.86,28.17
595.88,26.43
595.9,24.78
595.91,24.0
595.93,22.5
595.95,21.11
595.96,20.47
595.98,19.27
596.0,18.2
596.01,17.72
596.03,16.86
596.05,16.15
596.06,15.85
596.08,15.36
596.09,15.17
596.11,14.9
596.13,14.78
596.14,14.78
596.16,14.88
596.18,15.13
596.19,15.31
596.21,15.76
596.23,16.35
596.24,16.7
596.26,17.48
596.28,18.38
596.29,18.87
596.31,19.93
596.33,21.08
596.34,21.69
596.36,22.96
596.38,24.31
596.39,25.0
596.41,26.42
596.42,27.14
596.44,28.61
596.46,30.09
596.47,30.83
596.49,32.31
596.51,33.76
596.52,34.47
596.54,35.86
596.56,37.18
596.57,37.82
596.59,39.03
596.61,40.14
596.62,40.65
596.64,41.6
596.66,42.42
596.67,42.78
596.69,43.4
596.71,43.87
596.72,44.04
596.74,44.29
596.76,44.37
596.77,44.36
596.79,44.2
596.8,44.07
596.82,43.69
596.84,43.16
596.85,42.84
596.87,42.09
596.89,41.22
596.9,40.73
596.92,39.68
596.94,38.52
596.95,37.9
596.97,36.61
596.99,35.25
597.0,34.55
597.02,33.1
597.04,31.63
597.05,30.88
597.07,29.38
597.09,27.88
597.1,27.13
597.12,25.66
597.14,24.22
597.15,23.52
597.17,22.16
597.18,21.51
597.2,20.25
597.22,19.07
597.23,18.52
597.25,17.48
597.27,16.55
597.28,16.12
597.3,15.35
597.32,14.7
597.33,14.42
597.35,13.95
597.37,13.6
597.38,13.48
597.4,13.32
597.42,13.29
597.43,13.33
597.45,13.49
597.47,13.78
597.48,13.98
597.5,14.45
597.52,15.04
597.53,15.38
597.55,16.14
597.56,16.56
597.58,17.47
597.6,18.48
597.61,19.02
597.63,20.15
597.65,21.37
597.66,22.0
597.68,23.31
597.7,24.67
597.71,25.36
597.73,26.78
597.75,28.22
597.76,28.95
597.78,30.41
597.8,31.87
597.81,32.59
597.83,34.02
597.85,35.42
597.86,36.1
597.88,37.44
597.9,38.71
597.91,39.33
597.93,40.5
597.94,41.05
597.96,42.1
597.98,43.06
597.99,43.5
598.01,44.31
598.03,45.01
598.04,45.31
598.06,45.85
598.08,46.26
598.09,46.43
598.11,46.67
598.13,46.79
598.14,46.81
598.16,46.76
598.18,46.59
598.19,46.46
598.21,46.13
598.23,45.68
598.24,45.42
598.26,44.83
598.27,44.5
598.29,43.76
598.31,42.94
598.32,42.49
598.34,41.55
598.36,40.53
598.37,40.0
598.39,38.89
598.41,37.72
598.42,37.12
598.44,35.88
598.46,34.61
598.47,33.96
598.49,32.64
598.51,31.29
598.52,30.62
598.54,29.25
598.56,27.88
598.57,27.19
598.59,25.83
598.61,24.46
598.62,23.79
598.64,22.45
598.65,21.79
598.67,20.49
598.69,19.21
598.7,18.59
598.72,17.36
598.74,16.18
598.75,15.6
598.77,14.47
598.79,13.4
598.8,12.87
598.82,11.87
598.84,10.91
598.85,10.45
598.87,9.572
598.89,8.744
598.9,8.349
598.92,7.599
598.94,6.899
598.95,6.568
598.97,5.944
598.99,5.368
599.0,5.097
599.02,4.591
599.03,4.354
599.05,3.913
599.07,3.513
599.08,3.328
599.1,2.985
599.12,2.677
599.13,2.535
599.15,2.275
599.17,2.045
599.18,1.94
599.2,1.748
599.22,1.579
599.23,1.503
599.25,1.366
599.27,1.246
599.28,1.192
599.3,1.096
599.32,1.013
599.33,0.9758
599.35,0.9103
599.37,0.8549
599.38,0.8307
599.4,0.7885
599.41,0.7704
599.43,0.7396
599.45,0.7159
599.46,0.7065
599.48,0.6927
599.5,0.6856
599.51,0.6845
599.53,0.6877
599.55,0.6985
599.56,0.7069
599.58,0.7303
599.6,0.7635
599.61,0.7842
599.63,0.8345
599.65,0.8981
599.66,0.9354
599.68,1.023
599.7,1.128
599.71,1.188
599.73,1.326
599.74,1.403
599.76,1.579
599.78,1.784
599.79,1.898
599.81,2.152
599.83,2.444
599.84,2.605
599.86,2.96
599.88,3.361
599.89,3.58
599.91,4.057
599.93,4.59
599.94,4.879
599.96,5.502
599.98,6.189
599.99,6.557
600.01,7.346
600.03,8.205
600.04,8.662
600.06,9.632
600.08,10.68
600.09,11.23
600.11,12.38
600.12,12.99
600.14,14.26
600.16,15.6
600.17,16.3
600.19,17.74
600.21,19.25
600.22,20.03
600.24,21.63
600.26,23.28
600.27,24.12
600.29,25.83
600.31,27.58
600.32,28.46
600.34,30.24
600.36,32.04
600.37,32.93
600.39,34.72
600.41,36.5
600.42,37.38
600.44,39.12
600.46,40.82
600.47,41.65
600.49,43.27
600.5,44.06
600.52,45.58
600.54,47.03
600.55,47.73
600.57,49.05
600.59,50.28
600.6,50.85
600.62,51.93
600.64,52.9
600.65,53.35
600.67,54.15
600.69,54.84
600.7,55.15
600.72,55.66
600.74,56.06
600.75,56.22
600.77,56.44
600.79,56.55
600.8,56.56
600.82,56.5
600.84,56.33
600.85,56.2
600.87,55.86
600.88,55.66
600.9,55.16
600.92,54.57
600.93,54.24
600.95,53.51
600.97,52.68
600.98,52.24
601.0,51.29
601.02,50.26
601.03,49.71
601.05,48.57
601.07,47.35
601.08,46.72
601.1,45.42
601.12,44.06
601.13,43.36
601.15,41.92
601.17,40.44
601.18,39.69
601.2,38.17
601.22,36.61
601.23,35.83
601.25,34.25
601.26,33.46
601.28,31.87
601.3,30.28
601.31,29.49
601.33,27.91
601.35,26.35
601.36,25.58
601.38,24.06
601.4,22.57
601.41,21.84
601.43,20.41
601.45,19.02
601.46,18.35
601.48,17.04
601.5,15.78
601.51,15.17
601.53,14.0
601.55,12.88
601.56,12.35
601.58,11.33
601.59,10.84
601.61,9.917
601.63,9.054
601.64,8.646
601.66,7.877
601.68,7.169
601.69,6.837
601.71,6.219
601.73,5.658
601.74,5.398
601.76,4.92
601.78,4.494
601.79,4.299
601.81,3.948
601.83,3.642
601.84,3.507
601.86,3.267
601.88,3.068
601.89,2.983
601.91,2.842
601.93,2.735
601.94,2.695
601.96,2.638
601.97,2.621
601.99,2.608
602.01,2.624
602.02,2.642
602.04,2.696
602.06,2.774
602.07,2.822
602.09,2.933
602.11,3.065
602.12,3.138
602.14,3.298
602.16,3.475
602.17,3.57
602.19,3.771
602.21,3.986
602.22,4.099
602.24,4.333
602.26,4.579
602.27,4.705
602.29,4.965
602.31,5.233
602.32,5.369
602.34,5.644
602.35,5.784
602.37,6.064
602.39,6.346
602.4,6.486
602.42,6.765
602.44,7.041
602.45,7.177
602.47,7.442
602.49,7.699
602.5,7.823
602.52,8.063
602.54,8.288
602.55,8.394
602.57,8.594
602.59,8.775
602.6,8.857
602.62,9.005
602.64,9.13
602.65,9.184
602.67,9.271
602.69,9.332
602.7,9.352
602.72,9.371
602.73,9.37
602.75,9.347
602.77,9.295
602.78,9.259
602.8,9.165
602.82,9.044
602.83,8.974
602.85,8.813
602.87,8.629
602.88,8.527
602.9,8.308
602.92,8.069
602.93,7.943
602.95,7.677
602.97,7.396
602.98,7.25
603.0,6.951
603.02,6.643
603.03,6.486
603.05,6.169
603.06,6.009
603.08,5.688
603.1,5.368
603.11,5.209
603.13,4.893
603.15,4.583
603.16,4.431
603.18,4.134
603.2,3.846
603.21,3.707
603.23,3.438
603.25,3.182
603.26,3.059
603.28,2.825
603.3,2.607
603.31,2.504
603.33,2.31
603.35,2.133
603.36,2.051
603.38,1.9
603.4,1.765
603.41,1.704
603.43,1.594
603.44,1.546
603.46,1.46
603.48,1.39
603.49,1.361
603.51,1.314
603.53,1.281
603.54,1.269
603.56,1.256
603.58,1.255
603.59,1.259
603.61,1.275
603.63,1.302
603.64,1.319
603.66,1.359
603.68,1.409
603.69,1.436
603.71,1.496
603.73,1.563
603.74,1.599
603.76,1.673
603.78,1.752
603.79,1.793
603.81,1.878
603.82,1.921
603.84,2.009
603.86,2.098
603.87,2.143
603.89,2.233
603.91,2.323
603.92,2.368
603.94,2.456
603.96,2.543
603.97,2.586
603.99,2.669
604.01,2.75
604.02,2.789
604.04,2.864
604.06,2.935
604.07,2.969
604.09,3.034
604.11,3.094
604.12,3.122
604.14,3.174
604.16,3.22
604.17,3.242
604.19,3.28
604.2,3.297
604.22,3.327
604.24,3.35
604.25,3.36
604.27,3.375
604.29,3.383
604.3,3.386
604.32,3.386
604.34,3.38
604.35,3.375
604.37,3.362
604.39,3.343
604.4,3.332
604.42,3.306
604.44,3.276
604.45,3.26
604.47,3.224
604.49,3.186
604.5,3.166
604.52,3.124
604.54,3.08
604.55,3.058
604.57,3.014
604.58,2.991
604.6,2.947
604.62,2.904
604.63,2.883
604.65,2.843
604.67,2.806
604.68,2.788
604.7,2.757
604.72,2.729
604.73,2.718
604.75,2.699
604.77,2.685
604.78,2.681
604.8,2.678
604.82,2.682
604.83,2.687
604.85,2.702
604.87,2.726
604.88,2.741
604.9,2.776
604.91,2.797
604.93,2.846
604.95,2.903
604.96,2.935
604.98,3.004
605.0,3.082
605.01,3.125
605.03,3.215
605.05,3.313
605.06,3.365
605.08,3.475
605.1,3.591
605.11,3.652
605.13,3.778
605.15,3.911
605.16,3.979
605.18,4.119
605.2,4.263
605.21,4.337
605.23,4.487
605.25,4.639
605.26,4.716
605.28,4.871
605.29,4.948
605.31,5.102
605.33,5.255
605.34,5.331
605.36,5.48
605.38,5.624
605.39,5.695
605.41,5.831
605.43,5.959
605.44,6.021
605.46,6.136
605.48,6.241
605.49,6.29
605.51,6.377
605.53,6.452
605.54,6.484
605.56,6.538
605.58,6.577
605.59,6.591
605.61,6.606
605.63,6.606
605.64,6.6
605.66,6.576
605.67,6.558
605.69,6.511
605.71,6.45
605.72,6.414
605.74,6.332
605.76,6.238
605.77,6.187
605.79,6.078
605.81,5.961
605.82,5.9
605.84,5.774
605.86,5.646
605.87,5.581
605.89,5.452
605.91,5.326
605.92,5.265
605.94,5.148
605.96,5.04
605.97,4.99
605.99,4.899
606.01,4.824
606.02,4.792
606.04,4.742
606.05,4.725
606.07,4.706
606.09,4.709
606.1,4.719
606.12,4.757
606.14,4.821
606.15,4.862
606.17,4.964
606.19,5.092
606.2,5.166
606.22,5.332
606.24,5.524
606.25,5.628
606.27,5.855
606.29,6.103
606.3,6.234
606.32,6.512
606.34,6.805
606.35,6.958
606.37,7.271
606.38,7.432
606.4,7.76
606.42,8.092
606.43,8.26
606.45,8.594
606.47,8.925
606.48,9.089
606.5,9.409
606.52,9.718
606.53,9.868
606.55,10.15
606.57,10.42
606.58,10.54
606.6,10.78
606.62,10.98
606.63,11.08
606.65,11.24
606.67,11.37
606.68,11.42
606.7,11.51
606.72,11.55
606.73,11.56
606.75,11.56
606.76,11.55
606.78,11.49
606.8,11.4
606.81,11.34
606.83,11.2
606.85,11.03
606.86,10.93
606.88,10.72
606.9,10.47
606.91,10.34
606.93,10.06
606.95,9.764
606.96,9.607
606.98,9.28
607.0,8.937
607.01,8.762
607.03,8.402
607.05,8.034
607.06,7.848
607.08,7.473
607.1,7.096
607.11,6.907
607.13,6.532
607.14,6.345
607.16,5.976
607.18,5.613
607.19,5.434
607.21,5.085
607.23,4.746
607.24,4.58
607.26,4.26
607.28,3.952
607.29,3.804
607.31,3.518
607.33,3.247
607.34,3.118
607.36,2.871
607.38,2.64
607.39,2.53
607.41,2.323
607.43,2.132
607.44,2.042
607.46,1.875
607.48,1.722
607.49,1.651
607.51,1.521
607.52,1.461
607.54,1.351
607.56,1.254
607.57,1.21
607.59,1.132
607.61,1.065
607.62,1.035
607.64,0.9843
607.66,0.943
607.67,0.9258
607.69,0.8978
607.71,0.8779
607.72,0.8708
607.74,0.8619
607.76,0.8596
607.77,0.8608
607.79,0.8676
607.81,0.8798
607.82,0.8878
607.84,0.9076
607.85,0.9193
607.87,0.9462
607.89,0.9777
607.9,0.9952
607.92,1.034
607.94,1.077
607.95,1.1
607.97,1.152
607.99,1.209
608.0,1.24
608.02,1.307
608.04,1.381
608.05,1.422
608.07,1.51
608.09,1.609
608.1,1.663
608.12,1.78
608.14,1.911
608.15,1.982
608.17,2.137
608.19,2.311
608.2,2.405
608.22,2.61
608.23,2.721
608.25,2.962
608.27,3.229
608.28,3.373
608.3,3.684
608.32,4.026
608.33,4.21
608.35,4.604
608.37,5.034
608.38,5.263
608.4,5.751
608.42,6.279
608.43,6.558
608.45,7.149
608.47,7.783
608.48,8.117
608.5,8.816
608.52,9.56
608.53,9.948
608.55,10.76
608.57,11.61
608.58,12.05
608.6,12.96
608.61,13.43
608.63,14.41
608.65,15.41
608.66,15.93
608.68,16.99
608.7,18.07
608.71,18.62
608.73,19.74
608.75,20.88
608.76,21.45
608.78,22.61
608.8,23.77
608.81,24.35
608.83,25.52
608.85,26.67
608.86,27.24
608.88,28.38
608.9,29.49
608.91,30.03
608.93,31.1
608.95,32.13
608.96,32.63
608.98,33.59
608.99,34.05
609.01,34.94
609.03,35.76
609.04,36.15
609.06,36.88
609.08,37.53
609.09,37.83
609.11,38.37
609.13,38.84
609.14,39.04
609.16,39.38
609.18,39.63
609.19,39.73
609.21,39.86
609.23,39.91
609.24,39.9
609.26,39.83
609.28,39.68
609.29,39.58
609.31,39.32
609.33,38.99
609.34,38.81
609.36,38.39
609.37,38.17
609.39,37.68
609.41,37.15
609.42,36.87
609.44,36.29
609.46,35.69
609.47,35.38
609.49,34.77
609.51,34.15
609.52,33.84
609.54,33.23
609.56,32.63
609.57,32.35
609.59,31.79
609.61,31.26
609.62,31.01
609.64,30.54
609.66,30.11
609.67,29.91
609.69,29.55
609.7,29.38
609.72,29.09
609.74,28.84
609.75,28.74
609.77,28.56
609.79,28.43
609.8,28.37
609.82,28.3
609.84,28.26
609.85,28.25
609.87,28.25
609.89,28.27
609.9,28.29
609.92,28.34
609.94,28.4
609.95,28.44
609.97,28.5
609.99,28.56
610.0,28.59
610.02,28.63
610.04,28.66
610.05,28.67
610.07,28.66
610.08,28.65
610.1,28.61
610.12,28.54
610.13,28.49
610.15,28.37
610.17,28.21
610.18,28.12
610.2,27.9
610.22,27.65
610.23,27.52
610.25,27.21
610.27,26.87
610.28,26.69
610.3,26.3
610.32,25.87
610.33,25.65
610.35,25.18
610.37,24.69
610.38,24.43
610.4,23.9
610.42,23.35
610.43,23.06
610.45,22.49
610.46,22.19
610.48,21.59
610.5,20.99
610.51,20.68
610.53,20.06
610.55,19.44
610.56,19.13
610.58,18.52
610.6,17.9
610.61,17.59
610.63,16.99
610.65,16.39
610.66,16.09
610.68,15.51
610.7,14.95
610.71,14.67
610.73,14.12
610.75,13.59
610.76,13.33
610.78,12.83
610.8,12.35
610.81,12.11
610.83,11.65
610.84,11.43
610.86,11.0
610.88,10.59
610.89,10.39
610.91,10.01
610.93,9.639
610.94,9.462
610.96,9.12
610.98,8.794
610.99,8.636
611.01,8.331
611.03,8.04
611.04,7.899
611.06,7.626
611.08,7.364
611.09,7.237
611.11,6.99
611.13,6.752
611.14,6.636
611.16,6.411
611.17,6.301
611.19,6.087
611.21,5.88
611.22,5.78
611.24,5.584
611.26,5.394
611.27,5.303
611.29,5.125
611.31,4.955
611.32,4.874
611.34,4.718
611.36,4.573
611.37,4.504
611.39,4.377
611.41,4.264
611.42,4.213
611.44,4.124
611.46,4.053
611.47,4.026
611.49,3.988
611.51,3.974
611.52,3.977
611.54,4.005
611.55,4.031
611.57,4.107
611.59,4.219
611.6,4.289
611.62,4.461
611.64,4.676
611.65,4.801
611.67,5.087
611.69,5.424
611.7,5.612
611.72,6.031
611.74,6.507
611.75,6.768
611.77,7.335
611.79,7.964
611.8,8.303
611.82,9.028
611.84,9.818
611.85,10.24
611.87,11.12
611.89,12.07
611.9,12.57
611.92,13.61
611.93,14.16
611.95,15.28
611.97,16.46
611.98,17.07
612.0,18.32
612.02,19.6
612.03,20.26
612.05,21.59
612.07,22.95
612.08,23.63
612.1,25.0
612.12,26.38
612.13,27.06
612.15,28.42
612.17,29.75
612.18,30.41
612.2,31.69
612.22,32.93
612.23,33.53
612.25,34.68
612.27,35.77
612.28,36.28
612.3,37.25
612.31,37.7
612.33,38.54
612.35,39.28
612.36,39.61
612.38,40.2
612.4,40.69
612.41,40.89
612.43,41.21
612.45,41.41
612.46,41.48
612.48,41.52
612.5,41.45
612.51,41.38
612.53,41.15
612.55,40.83
612.56,40.63
612.58,40.15
612.6,39.59
612.61,39.28
612.63,38.59
612.65,37.82
612.66,37.42
612.68,36.55
612.69,36.1
612.71,35.15
612.73,34.15
612.74,33.63
612.76,32.58
612.78,31.49
612.79,30.94
612.81,29.82
612.83,28.69
612.84,28.12
612.86,26.98
612.88,25.84
612.89,25.28
612.91,24.15
612.93,23.05
612.94,22.51
612.96,21.44
612.98,20.4
612.99,19.9
613.01,18.91
613.02,18.44
613.04,17.52
613.06,16.65
613.07,16.23
613.09,15.44
613.11,14.7
613.12,14.35
613.14,13.7
613.16,13.11
613.17,12.84
613.19,12.34
613.21,11.91
613.22,11.72
613.24,11.39
613.26,11.13
613.27,11.02
613.29,10.85
613.31,10.75
613.32,10.73
613.34,10.72
613.36,10.78
613.37,10.83
613.39,10.97
613.4,11.06
613.42,11.28
613.44,11.54
613.45,11.69
613.47,12.03
613.49,12.39
613.5,12.59
613.52,13.0
613.54,13.44
613.55,13.67
613.57,14.13
613.59,14.6
613.6,14.84
613.62,15.31
613.64,15.78
613.65,16.01
613.67,16.46
613.69,16.89
613.7,17.1
613.72,17.49
613.74,17.85
613.75,18.02
613.77,18.32
613.78,18.46
613.8,18.7
613.82,18.9
613.83,18.98
613.85,19.1
613.87,19.17
613.88,19.18
613.9,19.17
613.92,19.12
613.93,19.07
613.95,18.93
613.97,18.74
613.98,18.63
614.0,18.38
614.02,18.08
614.03,17.91
614.05,17.55
614.07,17.16
614.08,16.95
614.1,16.51
614.12,16.04
614.13,15.79
614.15,15.29
614.16,15.04
614.18,14.52
614.2,13.98
614.21,13.72
614.23,13.18
614.25,12.64
614.26,12.37
614.28,11.84
614.3,11.31
614.31,11.05
614.33,10.55
614.35,10.06
614.36,9.817
614.38,9.352
614.4,8.908
614.41,8.694
614.43,8.283
614.45,7.895
614.46,7.709
614.48,7.358
614.49,7.191
614.51,6.876
614.53,6.585
614.54,6.449
614.56,6.195
614.58,5.965
614.59,5.858
614.61,5.661
614.63,5.484
614.64,5.404
614.66,5.257
614.68,5.128
614.69,5.07
614.71,4.964
614.73,4.873
614.74,4.832
614.76,4.759
614.78,4.695
614.79,4.667
614.81,4.615
614.83,4.569
614.84,4.548
614.86,4.508
614.87,4.489
614.89,4.452
614.91,4.416
614.92,4.397
614.94,4.36
614.96,4.321
614.97,4.301
614.99,4.258
615.01,4.213
615.02,4.189
615.04,4.139
615.06,4.087
615.07,4.06
615.09,4.005
615.11,3.949
615.12,3.92
615.14,3.864
615.16,3.81
615.17,3.784
615.19,3.735
615.21,3.692
615.22,3.674
615.24,3.644
615.25,3.633
615.27,3.621
615.29,3.625
615.3,3.633
615.32,3.665
615.34,3.72
615.35,3.757
615.37,3.853
615.39,3.98
615.4,4.057
615.42,4.239
615.44,4.463
615.45,4.592
615.47,4.886
615.49,5.234
615.5,5.428
615.52,5.864
615.54,6.364
615.55,6.639
615.57,7.246
615.59,7.929
615.6,8.301
615.62,9.11
615.63,9.547
615.65,10.49
615.67,11.53
615.68,12.09
615.7,13.28
615.72,14.57
615.73,15.26
615.75,16.71
615.77,18.28
615.78,19.1
615.8,20.84
615.82,22.68
615.83,23.64
615.85,25.64
615.87,27.75
615.88,28.83
615.9,31.08
615.92,33.42
615.93,34.62
615.95,37.06
615.97,39.58
615.98,40.85
616.0,43.44
616.01,44.74
616.03,47.37
616.05,50.0
616.06,51.31
616.08,53.92
616.1,56.5
616.11,57.77
616.13,60.26
616.15,62.68
616.16,63.85
616.18,66.11
616.2,68.24
616.21,69.26
616.23,71.18
616.25,72.94
616.26,73.76
616.28,75.25
616.3,76.55
616.31,77.13
616.33,78.13
616.34,78.55
616.36,79.24
616.38,79.71
616.39,79.87
616.41,80.03
616.43,79.98
616.44,79.88
616.46,79.53
616.48,78.99
616.49,78.65
616.51,77.85
616.53,76.89
616.54,76.36
616.56,75.19
616.58,73.89
616.59,73.2
616.61,71.75
616.63,70.22
616.64,69.43
616.66,67.81
616.68,66.14
616.69,65.29
616.71,63.59
616.72,62.73
616.74,61.02
616.76,59.31
616.77,58.47
616.79,56.79
616.81,55.14
616.82,54.33
616.84,52.74
616.86,51.19
616.87,50.44
616.89,48.95
616.91,47.51
616.92,46.81
616.94,45.44
616.96,44.1
616.97,43.45
616.99,42.17
617.01,40.93
617.02,40.31
617.04,39.1
617.06,37.92
617.07,37.33
617.09,36.17
617.1,35.59
617.12,34.44
617.14,33.3
617.15,32.73
617.17,31.58
617.19,30.44
617.2,29.87
617.22,28.73
617.24,27.58
617.25,27.0
617.27,25.85
617.29,24.7
617.3,24.13
617.32,22.98
617.34,21.84
617.35,21.27
617.37,20.14
617.39,19.03
617.4,18.48
617.42,17.39
617.44,16.32
617.45,15.79
617.47,14.76
617.48,14.26
617.5,13.28
617.52,12.33
617.53,11.87
617.55,10.98
617.57,10.13
617.58,9.724
617.6,8.94
617.62,8.201
617.63,7.849
617.65,7.179
617.67,6.555
617.68,6.261
617.7,5.707
617.72,5.199
617.73,4.962
617.75,4.521
617.77,4.124
617.78,3.941
617.8,3.606
617.81,3.453
617.83,3.177
617.85,2.937
617.86,2.831
617.88,2.642
617.9,2.486
617.91,2.419
617.93,2.305
617.95,2.219
617.96,2.184
617.98,2.133
618.0,2.104
618.01,2.096
618.03,2.095
618.05,2.111
618.06,2.125
618.08,2.163
618.1,2.214
618.11,2.245
618.13,2.314
618.15,2.394
618.16,2.438
618.18,2.534
618.19,2.585
618.21,2.695
618.23,2.816
618.24,2.881
618.26,3.018
618.28,3.169
618.29,3.249
618.31,3.422
618.33,3.612
618.34,3.715
618.36,3.937
618.38,4.185
618.39,4.32
618.41,4.613
618.43,4.943
618.44,5.123
618.46,5.517
618.48,5.96
618.49,6.203
618.51,6.733
618.53,7.328
618.54,7.653
618.56,8.36
618.57,8.744
618.59,9.579
618.61,10.51
618.62,11.01
618.64,12.09
618.66,13.28
618.67,13.92
618.69,15.28
618.71,16.77
618.72,17.56
618.74,19.24
618.76,21.05
618.77,22.0
618.79,24.01
618.81,26.14
618.82,27.26
618.84,29.58
618.86,32.02
618.87,33.28
618.89,35.88
618.91,38.58
618.92,39.96
618.94,42.77
618.95,44.2
618.97,47.1
618.99,50.04
619.0,51.51
619.02,54.46
619.04,57.39
619.05,58.85
619.07,61.71
619.09,64.5
619.1,65.86
619.12,68.5
619.14,71.01
619.15,72.2
619.17,74.47
619.19,76.55
619.2,77.51
619.22,79.27
619.24,80.79
619.25,81.46
619.27,82.6
619.29,83.48
619.3,83.82
619.32,84.28
619.33,84.4
619.35,84.44
619.37,84.19
619.38,83.96
619.4,83.29
619.42,82.35
619.43,81.78
619.45,80.45
619.47,78.88
619.48,78.02
619.5,76.12
619.52,74.03
619.53,72.91
619.55,70.57
619.57,68.08
619.58,66.79
619.6,64.13
619.62,61.39
619.63,60.0
619.65,57.17
619.66,55.75
619.68,52.89
619.7,50.04
619.71,48.62
619.73,45.81
619.75,43.04
619.76,41.69
619.78,39.03
619.8,36.46
619.81,35.2
619.83,32.78
619.85,30.46
619.86,29.34
619.88,27.2
619.9,25.17
619.91,24.21
619.93,22.37
619.95,20.65
619.96,19.84
619.98,18.3
620.0,16.87
620.01,16.21
620.03,14.95
620.04,14.36
620.06,13.26
620.08,12.25
620.09,11.78
620.11,10.91
620.13,10.11
620.14,9.744
620.16,9.055
620.18,8.43
620.19,8.139
620.21,7.597
620.23,7.103
620.24,6.873
620.26,6.442
620.28,6.047
620.29,5.861
620.31,5.512
620.33,5.188
620.34,5.034
620.36,4.742
620.38,4.469
620.39,4.338
620.41,4.088
620.42,3.967
620.44,3.735
620.46,3.515
620.47,3.408
620.49,3.201
620.51,3.003
620.52,2.907
620.54,2.721
620.56,2.542
620.57,2.456
620.59,2.288
620.61,2.127
620.62,2.05
620.64,1.9
620.66,1.757
620.67,1.688
620.69,1.557
620.71,1.432
620.72,1.373
620.74,1.259
620.76,1.154
620.77,1.104
620.79,1.01
620.8,0.9656
620.82,0.8831
620.84,0.8083
620.85,0.7739
620.87,0.7109
620.89,0.6558
620.9,0.6312
620.92,0.5881
620.94,0.5532
620.95,0.5389
620.97,0.5166
620.99,0.503
621.0,0.4997
621.02,0.5001
621.04,0.5104
621.05,0.5195
621.07,0.5461
621.09,0.5848
621.1,0.6089
621.12,0.6678
621.13,0.7029
621.15,0.7854
621.17,0.8859
621.18,0.9436
621.2,1.076
621.22,1.232
621.23,1.32
621.25,1.518
621.27,1.749
621.28,1.879
621.3,2.167
621.32,2.5
621.33,2.685
621.35,3.094
621.37,3.563
621.38,3.822
621.4,4.392
621.42,5.039
621.43,5.394
621.45,6.172
621.47,7.049
621.48,7.527
621.5,8.568
621.51,9.134
621.53,10.36
621.55,11.73
621.56,12.47
621.58,14.06
621.6,15.81
621.61,16.75
621.63,18.76
621.65,20.95
621.66,22.12
621.68,24.61
621.7,27.3
621.71,28.72
621.73,31.72
621.75,34.92
621.76,36.6
621.78,40.12
621.8,43.85
621.81,45.79
621.83,49.81
621.85,54.02
621.86,56.18
621.88,60.64
621.89,62.93
621.91,67.61
621.93,72.4
621.94,74.83
621.96,79.75
621.98,84.73
621.99,87.23
622.01,92.22
622.03,97.18
622.04,99.65
622.06,104.5
622.08,109.2
622.09,111.6
622.11,116.0
622.13,120.3
622.14,122.4
622.16,126.2
622.18,129.8
622.19,131.5
622.21,134.6
622.23,137.3
622.24,138.5
622.26,140.5
622.27,141.4
622.29,142.8
622.31,143.8
622.32,144.1
622.34,144.4
622.36,144.2
622.37,143.9
622.39,143.0
622.41,141.6
622.42,140.8
622.44,138.7
622.46,136.3
622.47,135.0
622.49,132.0
622.51,128.6
622.52,126.9
622.54,123.1
622.56,119.1
622.57,117.0
622.59,112.6
622.6,110.4
622.62,105.8
622.64,101.2
622.65,98.82
622.67,94.08
622.69,89.33
622.7,86.97
622.72,82.27
622.74,77.65
622.75,75.38
622.77,70.91
622.79,66.59
622.8,64.49
622.82,60.41
622.84,56.52
622.85,54.64
622.87,51.05
622.89,47.66
622.9,46.05
622.92,42.98
622.94,40.13
622.95,38.79
622.97,36.26
622.98,35.07
623.0,32.85
623.02,30.82
623.03,29.88
623.05,28.12
623.07,26.54
623.08,25.81
623.1,24.46
623.12,23.24
623.13,22.68
623.15,21.65
623.17,20.72
623.18,20.29
623.2,19.5
623.22,18.78
623.23,18.45
623.25,17.82
623.27,17.24
623.28,16.97
623.3,16.44
623.32,15.95
623.33,15.71
623.35,15.24
623.36,15.01
623.38,14.56
623.4,14.11
623.41,13.89
623.43,13.45
623.45,13.0
623.46,12.78
623.48,12.33
623.5,11.88
623.51,11.65
623.53,11.2
623.55,10.74
623.56,10.52
623.58,10.06
623.6,9.611
623.61,9.387
623.63,8.942
623.65,8.505
623.66,8.29
623.68,7.867
623.7,7.456
623.71,7.256
623.73,6.867
623.74,6.678
623.76,6.315
623.78,5.97
623.79,5.806
623.81,5.492
623.83,5.201
623.84,5.064
623.86,4.809
623.88,4.577
623.89,4.471
623.91,4.278
623.93,4.111
623.94,4.038
623.96,3.911
623.98,3.812
623.99,3.772
624.01,3.715
624.03,3.685
624.04,3.68
624.06,3.693
624.08,3.735
624.09,3.766
624.11,3.851
624.12,3.905
624.14,4.034
624.16,4.194
624.17,4.285
624.19,4.491
624.21,4.727
624.22,4.858
624.24,5.142
624.26,5.459
624.27,5.629
624.29,5.996
624.31,6.396
624.32,6.609
624.34,7.061
624.36,7.548
624.37,7.804
624.39,8.345
624.41,8.921
624.42,9.223
624.44,9.853
624.45,10.18
624.47,10.87
624.49,11.59
624.5,11.96
624.52,12.74
624.54,13.55
624.55,13.97
624.57,14.83
624.59,15.73
624.6,16.19
624.62,17.13
624.64,18.1
624.65,18.59
624.67,19.6
624.69,20.64
624.7,21.16
624.72,22.23
624.74,23.31
624.75,23.86
624.77,24.96
624.79,26.07
624.8,26.62
624.82,27.74
624.83,28.3
624.85,29.42
624.87,30.54
624.88,31.09
624.9,32.2
624.92,33.3
624.93,33.84
624.95,34.93
624.97,36.01
624.98,36.54
625.0,37.61
625.02,38.67
625.03,39.2
625.05,40.27
625.07,41.34
625.08,41.88
625.1,42.98
625.12,44.12
625.13,44.7
625.15,45.9
625.17,47.16
625.18,47.82
625.2,49.21
625.21,49.94
625.23,51.5
625.25,53.18
625.26,54.07
625.28,55.99
625.3,58.09
625.31,59.22
625.33,61.63
625.35,64.28
625.36,65.69
625.38,68.73
625.4,72.04
625.41,73.81
625.43,77.57
625.45,81.64
625.46,83.8
625.48,88.36
625.5,93.26
625.51,95.83
625.53,101.2
625.55,106.9
625.56,109.9
625.58,116.1
625.59,119.3
625.61,125.9
625.63,132.7
625.64,136.2
625.66,143.4
625.68,150.8
625.69,154.5
625.71,162.0
625.73,169.6
625.74,173.4
625.76,180.9
625.78,188.4
625.79,192.1
625.81,199.4
625.83,206.5
625.84,209.9
625.86,216.6
625.88,222.9
625.89,225.9
625.91,231.5
625.92,234.2
625.94,239.1
625.96,243.5
625.97,245.4
625.99,248.9
626.01,251.7
626.02,252.9
626.04,254.7
626.06,255.8
626.07,256.1
626.09,256.2
626.11,255.6
626.12,255.0
626.14,253.3
626.16,250.9
626.17,249.5
626.19,246.1
626.21,242.1
626.22,239.9
626.24,235.1
626.26,229.7
626.27,226.8
626.29,220.8
626.3,217.6
626.32,210.9
626.34,203.9
626.35,200.3
626.37,192.9
626.39,185.3
626.4,181.4
626.42,173.5
626.44,165.6
626.45,161.6
626.47,153.7
626.49,145.7
626.5,141.8
626.52,134.0
626.54,126.3
626.55,122.5
626.57,115.0
626.59,107.8
626.6,104.3
626.62,97.34
626.64,90.68
626.65,87.45
626.67,81.2
626.68,78.17
626.7,72.34
626.72,66.8
626.73,64.14
626.75,59.04
626.77,54.24
626.78,51.95
626.8,47.58
626.82,43.49
626.83,41.55
626.85,37.87
626.87,34.46
626.88,32.84
626.9,29.8
626.92,26.99
626.93,25.67
626.95,23.2
626.97,20.93
626.98,19.87
627.0,17.88
627.02,16.07
627.03,15.23
627.05,13.66
627.06,12.94
627.08,11.58
627.1,10.36
627.11,9.8
627.13,8.758
627.15,7.823
627.16,7.393
627.18,6.603
627.2,5.9
627.21,5.579
627.23,4.992
627.25,4.475
627.26,4.241
627.28,3.818
627.3,3.451
627.31,3.287
627.33,2.995
627.35,2.748
627.36,2.64
627.38,2.453
627.4,2.303
627.41,2.24
627.43,2.138
627.44,2.098
627.46,2.038
627.48,2.004
627.49,1.996
627.51,1.996
627.53,2.016
627.54,2.033
627.56,2.08
627.58,2.143
627.59,2.179
627.61,2.262
627.63,2.356
627.64,2.407
627.66,2.514
627.68,2.629
627.69,2.689
627.71,2.812
627.73,2.937
627.74,3.001
627.76,3.128
627.77,3.192
627.79,3.318
627.81,3.441
627.82,3.501
627.84,3.616
627.86,3.725
627.87,3.777
627.89,3.874
627.91,3.962
627.92,4.002
627.94,4.073
627.96,4.133
627.97,4.158
627.99,4.199
628.01,4.226
628.02,4.235
628.04,4.242
628.06,4.235
628.07,4.226
628.09,4.198
628.11,4.157
628.12,4.131
628.14,4.071
628.15,4.036
628.17,3.958
628.19,3.868
628.2,3.82
628.22,3.716
628.24,3.603
628.25,3.544
628.27,3.42
628.29,3.291
628.3,3.225
628.32,3.089
628.34,2.951
628.35,2.881
628.37,2.741
628.39,2.6
628.4,2.531
628.42,2.393
628.44,2.257
628.45,2.191
628.47,2.061
628.49,1.936
628.5,1.876
628.52,1.76
628.53,1.704
628.55,1.597
628.57,1.497
628.58,1.45
628.6,1.362
628.62,1.281
628.63,1.244
628.65,1.175
628.67,1.114
628.68,1.086
628.7,1.037
628.72,0.9961
628.73,0.9785
628.75,0.9488
628.77,0.9265
628.78,0.9181
628.8,0.9065
628.82,0.9018
628.83,0.9019
628.85,0.9068
628.87,0.9178
628.88,0.9255
628.9,0.9452
628.91,0.957
628.93,0.9845
628.95,1.017
628.96,1.035
628.98,1.074
629.0,1.117
629.01,1.14
629.03,1.189
629.05,1.241
629.06,1.268
629.08,1.325
629.1,1.384
629.11,1.414
629.13,1.476
629.15,1.54
629.16,1.573
629.18,1.639
629.2,1.706
629.21,1.74
629.23,1.809
629.24,1.843
629.26,1.912
629.28,1.981
629.29,2.016
629.31,2.085
629.33,2.155
629.34,2.189
629.36,2.259
629.38,2.328
629.39,2.363
629.41,2.434
629.43,2.505
629.44,2.541
629.46,2.614
629.48,2.69
629.49,2.729
629.51,2.809
629.53,2.893
629.54,2.936
629.56,3.028
629.58,3.126
629.59,3.178
629.61,3.288
629.62,3.346
629.64,3.47
629.66,3.606
629.67,3.678
629.69,3.831
629.71,3.999
629.72,4.089
629.74,4.279
629.76,4.487
629.77,4.597
629.79,4.83
629.81,5.082
629.82,5.215
629.84,5.494
629.86,5.793
629.87,5.95
629.89,6.276
629.91,6.621
629.92,6.8
629.94,7.17
629.96,7.556
629.97,7.754
629.99,8.161
630.0,8.368
630.02,8.791
630.04,9.221
630.05,9.439
630.07,9.877
630.09,10.32
630.1,10.53
630.12,10.97
630.14,11.4
630.15,11.61
630.17,12.02
630.19,12.42
630.2,12.62
630.22,12.99
630.24,13.34
630.25,13.5
630.27,13.82
630.29,14.1
630.3,14.23
630.32,14.46
630.34,14.66
630.35,14.74
630.37,14.89
630.38,14.94
630.4,15.03
630.42,15.07
630.43,15.08
630.45,15.07
630.47,15.02
630.48,14.98
630.5,14.87
630.52,14.72
630.53,14.64
630.55,14.44
630.57,14.22
630.58,14.09
630.6,13.83
630.62,13.53
630.63,13.38
630.65,13.06
630.67,12.72
630.68,12.54
630.7,12.19
630.72,11.82
630.73,11.64
630.75,11.27
630.76,11.09
630.78,10.72
630.8,10.36
630.81,10.18
630.83,9.838
630.85,9.505
630.86,9.344
630.88,9.035
630.9,8.744
630.91,8.606
630.93,8.346
630.95,8.108
630.96,7.997
630.98,7.794
631.0,7.614
631.01,7.533
631.03,7.389
631.05,7.268
631.06,7.217
631.08,7.131
631.09,7.096
631.11,7.042
631.13,7.008
631.14,6.998
631.16,6.991
631.18,7.0
631.19,7.01
631.21,7.04
631.23,7.082
631.24,7.107
631.26,7.163
631.28,7.227
631.29,7.26
631.31,7.331
631.33,7.404
631.34,7.442
631.36,7.516
631.38,7.59
631.39,7.626
631.41,7.696
631.43,7.761
631.44,7.792
631.46,7.85
631.47,7.876
631.49,7.924
631.51,7.965
631.52,7.983
631.54,8.011
631.56,8.032
631.57,8.039
631.59,8.047
631.61,8.046
631.62,8.043
631.64,8.029
631.66,8.006
631.67,7.991
631.69,7.956
631.71,7.911
631.72,7.886
631.74,7.83
631.76,7.765
631.77,7.73
631.79,7.653
631.81,7.569
631.82,7.524
631.84,7.429
631.85,7.379
631.87,7.274
631.89,7.162
631.9,7.104
631.92,6.984
631.94,6.858
631.95,6.793
631.97,6.659
631.99,6.521
632.0,6.451
632.02,6.308
632.04,6.162
632.05,6.089
632.07,5.941
632.09,5.791
632.1,5.717
632.12,5.568
632.14,5.42
632.15,5.347
632.17,5.203
632.19,5.062
632.2,4.993
632.22,4.858
632.23,4.792
632.25,4.665
632.27,4.545
632.28,4.487
632.3,4.376
632.32,4.273
632.33,4.224
632.35,4.132
632.37,4.047
632.38,4.008
632.4,3.936
632.42,3.871
632.43,3.841
632.45,3.787
632.47,3.74
632.48,3.719
632.5,3.681
632.52,3.648
632.53,3.633
632.55,3.607
632.56,3.595
632.58,3.574
632.6,3.555
632.61,3.546
632.63,3.53
632.65,3.513
632.66,3.504
632.68,3.487
632.7,3.468
632.71,3.458
632.73,3.437
632.75,3.413
632.76,3.4
632.78,3.372
632.8,3.342
632.81,3.326
632.83,3.291
632.85,3.255
632.86,3.236
632.88,3.197
632.9,3.157
632.91,3.137
632.93,3.098
632.94,3.079
632.96,3.042
632.98,3.008
632.99,2.992
633.01,2.965
633.03,2.944
633.04,2.936
633.06,2.926
633.08,2.926
633.09,2.93
633.11,2.946
633.13,2.974
633.14,2.993
633.16,3.043
633.18,3.107
633.19,3.145
633.21,3.234
633.23,3.34
633.24,3.399
633.26,3.531
633.28,3.681
633.29,3.763
633.31,3.94
633.32,4.035
633.34,4.238
633.36,4.458
633.37,4.574
633.39,4.816
633.41,5.073
633.42,5.206
633.44,5.48
633.46,5.765
633.47,5.91
633.49,6.205
633.51,6.505
633.52,6.656
633.54,6.958
633.56,7.259
633.57,7.407
633.59,7.701
633.61,7.986
633.62,8.124
633.64,8.392
633.66,8.645
633.67,8.766
633.69,8.992
633.7,9.098
633.72,9.294
633.74,9.466
633.75,9.543
633.77,9.677
633.79,9.784
633.8,9.827
633.82,9.893
633.84,9.929
633.85,9.937
633.87,9.93
633.89,9.896
633.9,9.868
633.92,9.792
633.94,9.69
633.95,9.63
633.97,9.492
633.99,9.333
634.0,9.245
634.02,9.057
634.03,8.957
634.05,8.747
634.07,8.524
634.08,8.409
634.1,8.174
634.12,7.934
634.13,7.813
634.15,7.571
634.17,7.332
634.18,7.214
634.2,6.984
634.22,6.762
634.23,6.656
634.25,6.452
634.27,6.263
634.28,6.175
634.3,6.012
634.32,5.867
634.33,5.802
634.35,5.687
634.37,5.594
634.38,5.555
634.4,5.493
634.41,5.471
634.43,5.441
634.45,5.432
634.46,5.436
634.48,5.456
634.5,5.495
634.51,5.521
634.53,5.584
634.55,5.662
634.56,5.705
634.58,5.8
634.6,5.904
634.61,5.958
634.63,6.071
634.65,6.187
634.66,6.245
634.68,6.361
634.7,6.473
634.71,6.528
634.73,6.632
634.75,6.726
634.76,6.77
634.78,6.848
634.79,6.882
634.81,6.939
634.83,6.981
634.84,6.995
634.86,7.01
634.88,7.007
634.89,6.998
634.91,6.966
634.93,6.915
634.94,6.881
634.96,6.8
634.98,6.7
634.99,6.643
635.01,6.515
635.03,6.37
635.04,6.292
635.06,6.123
635.08,5.94
635.09,5.844
635.11,5.643
635.13,5.432
635.14,5.323
635.16,5.1
635.17,4.986
635.19,4.755
635.21,4.521
635.22,4.403
635.24,4.167
635.26,3.932
635.27,3.815
635.29,3.585
635.31,3.359
635.32,3.248
635.34,3.032
635.36,2.823
635.37,2.722
635.39,2.527
635.41,2.342
635.42,2.253
635.44,2.084
635.46,1.926
635.47,1.851
635.49,1.711
635.51,1.582
635.52,1.522
635.54,1.411
635.55,1.36
635.57,1.267
635.59,1.185
635.6,1.149
635.62,1.083
635.64,1.029
635.65,1.005
635.67,0.9652
635.69,0.9347
635.7,0.9228
635.72,0.9051
635.74,0.8954
635.75,0.8932
635.77,0.8941
635.79,0.9013
635.8,0.907
635.82,0.9224
635.84,0.9425
635.85,0.9541
635.87,0.98
635.88,0.9942
635.9,1.025
635.92,1.057
635.93,1.074
635.95,1.109
635.97,1.144
635.98,1.162
636.0,1.197
636.02,1.232
636.03,1.249
636.05,1.282
636.07,1.313
636.08,1.328
636.1,1.356
636.12,1.381
636.13,1.392
636.15,1.413
636.17,1.43
636.18,1.438
636.2,1.45
636.22,1.458
636.23,1.461
636.25,1.463
636.26,1.463
636.28,1.46
636.3,1.453
636.31,1.449
636.33,1.436
636.35,1.42
636.36,1.411
636.38,1.39
636.4,1.367
636.41,1.354
636.43,1.326
636.45,1.295
636.46,1.279
636.48,1.246
636.5,1.21
636.51,1.192
636.53,1.154
636.55,1.116
636.56,1.096
636.58,1.056
636.6,1.016
636.61,0.9962
636.63,0.9559
636.64,0.9358
636.66,0.8959
636.68,0.8564
636.69,0.837
636.71,0.7987
636.73,0.7613
636.74,0.743
636.76,0.7073
636.78,0.6729
636.79,0.6562
636.81,0.6239
636.83,0.593
636.84,0.5782
636.86,0.5497
636.88,0.5227
636.89,0.5099
636.91,0.4853
636.93,0.4623
636.94,0.4514
636.96,0.4308
636.98,0.4117
636.99,0.4027
637.01,0.3857
637.02,0.3777
637.04,0.3628
637.06,0.3492
637.07,0.3428
637.09,0.3309
637.11,0.3202
637.12,0.3151
637.14,0.3059
637.16,0.2975
637.17,0.2936
637.19,0.2865
637.21,0.2801
637.22,0.2772
637.24,0.2718
637.26,0.2671
637.27,0.2649
637.29,0.2611
637.31,0.2578
637.32,0.2564
637.34,0.254
637.35,0.253
637.37,0.2514
637.39,0.2504
637.4,0.2502
637.42,0.2502
637.44,0.2509
637.45,0.2515
637.47,0.2534
637.49,0.2561
637.5,0.2578
637.52,0.2618
637.54,0.2669
637.55,0.2699
637.57,0.2766
637.59,0.2846
637.6,0.289
637.62,0.2988
637.64,0.3099
637.65,0.316
637.67,0.3292
637.69,0.3438
637.7,0.3516
637.72,0.3683
637.73,0.3772
637.75,0.396
637.77,0.4161
637.78,0.4267
637.8,0.4487
637.82,0.472
637.83,0.484
637.85,0.5089
637.87,0.5347
637.88,0.5479
637.9,0.5749
637.92,0.6025
637.93,0.6165
637.95,0.6447
637.97,0.6733
637.98,0.6876
638.0,0.7164
638.02,0.7451
638.03,0.7594
638.05,0.788
638.07,0.8163
638.08,0.8304
638.1,0.8585
638.11,0.8724
638.13,0.9003
638.15,0.9281
638.16,0.9421
638.18,0.9703
638.2,0.9991
638.21,1.014
638.23,1.044
638.25,1.076
638.26,1.093
638.28,1.128
638.3,1.167
638.31,1.187
638.33,1.232
638.35,1.282
638.36,1.309
638.38,1.368
638.4,1.436
638.41,1.473
638.43,1.554
638.45,1.646
638.46,1.697
638.48,1.809
638.49,1.87
638.51,2.005
638.53,2.156
638.54,2.239
638.56,2.419
638.58,2.621
638.59,2.73
638.61,2.967
638.63,3.229
638.64,3.37
638.66,3.674
638.68,4.007
638.69,4.186
638.71,4.567
638.73,4.981
638.74,5.201
638.76,5.668
638.78,6.172
638.79,6.438
638.81,6.998
638.83,7.598
638.84,7.912
638.86,8.57
638.87,8.914
638.89,9.631
638.91,10.39
638.92,10.78
638.94,11.6
638.96,12.45
638.97,12.89
638.99,13.79
639.01,14.73
639.02,15.21
639.04,16.2
639.06,17.21
639.07,17.73
639.09,18.78
639.11,19.85
639.12,20.39
639.14,21.49
639.16,22.59
639.17,23.14
639.19,24.26
639.2,24.81
639.22,25.92
639.24,27.02
639.25,27.57
639.27,28.65
639.29,29.71
639.3,30.23
639.32,31.25
639.34,32.24
639.35,32.72
639.37,33.66
639.39,34.55
639.4,34.98
639.42,35.81
639.44,36.58
639.45,36.95
639.47,37.65
639.49,38.29
639.5,38.59
639.52,39.15
639.54,39.66
639.55,39.89
639.57,40.31
639.58,40.5
639.6,40.84
639.62,41.13
639.63,41.25
639.65,41.47
639.67,41.63
639.68,41.7
639.7,41.8
639.72,41.86
639.73,41.88
639.75,41.89
639.77,41.86
639.78,41.84
639.8,41.77
639.82,41.67
639.83,41.61
639.85,41.48
639.87,41.33
639.88,41.24
639.9,41.06
639.92,40.85
639.93,40.74
639.95,40.5
639.96,40.38
639.98,40.11
640.0,39.82
640.01,39.67
640.03,39.34
640.05,38.99
640.06,38.81
640.08,38.42
640.1,38.0
640.11,37.78
640.13,37.31
640.15,36.81
640.16,36.55
640.18,36.0
640.2,35.42
640.21,35.12
640.23,34.49
640.25,33.82
640.26,33.48
640.28,32.77
640.3,32.03
640.31,31.65
640.33,30.88
640.34,30.49
640.36,29.69
640.38,28.88
640.39,28.47
640.41,27.64
640.43,26.82
640.44,26.41
640.46,25.59
640.48,24.79
640.49,24.4
640.51,23.63
640.53,22.89
640.54,22.53
640.56,21.84
640.58,21.19
640.59,20.88
640.61,20.29
640.63,19.76
640.64,19.52
640.66,19.07
640.67,18.87
640.69,18.5
640.71,18.2
640.72,18.08
640.74,17.87
640.76,17.72
640.77,17.67
640.79,17.62
640.81,17.62
640.82,17.64
640.84,17.72
640.86,17.85
640.87,17.94
640.89,18.14
640.91,18.38
640.92,18.51
640.94,18.8
640.96,19.11
640.97,19.27
640.99,19.61
641.01,19.96
641.02,20.14
641.04,20.49
641.05,20.66
641.07,21.0
641.09,21.33
641.1,21.48
641.12,21.77
641.14,22.03
641.15,22.15
641.17,22.36
641.19,22.52
641.2,22.59
641.22,22.69
641.24,22.74
641.25,22.74
641.27,22.72
641.29,22.64
641.3,22.58
641.32,22.42
641.34,22.21
641.35,22.08
641.37,21.79
641.39,21.45
641.4,21.27
641.42,20.86
641.43,20.64
641.45,20.18
641.47,19.68
641.48,19.42
641.5,18.87
641.52,18.31
641.53,18.01
641.55,17.42
641.57,16.81
641.58,16.51
641.6,15.89
641.62,15.28
641.63,14.97
641.65,14.36
641.67,13.77
641.68,13.47
641.7,12.9
641.72,12.35
641.73,12.08
641.75,11.55
641.77,11.06
641.78,10.82
641.8,10.36
641.81,10.14
641.83,9.725
641.85,9.337
641.86,9.153
641.88,8.806
641.9,8.486
641.91,8.336
641.93,8.053
641.95,7.794
641.96,7.673
641.98,7.446
642.0,7.238
642.01,7.14
642.03,6.957
642.05,6.787
642.06,6.706
642.08,6.553
642.1,6.409
642.11,6.339
642.13,6.204
642.15,6.073
642.16,6.009
642.18,5.883
642.19,5.82
642.21,5.695
642.23,5.57
642.24,5.508
642.26,5.382
642.28,5.256
642.29,5.193
642.31,5.067
642.33,4.941
642.34,4.879
642.36,4.756
642.38,4.637
642.39,4.579
642.41,4.468
642.43,4.365
642.44,4.317
642.46,4.23
642.48,4.156
642.49,4.126
642.51,4.078
642.52,4.063
642.54,4.049
642.56,4.061
642.57,4.078
642.59,4.137
642.61,4.233
642.62,4.295
642.64,4.453
642.66,4.658
642.67,4.78
642.69,5.066
642.71,5.412
642.72,5.609
642.74,6.056
642.76,6.578
642.77,6.868
642.79,7.513
642.81,8.249
642.82,8.653
642.84,9.536
642.86,10.53
642.87,11.07
642.89,12.23
642.9,12.86
642.92,14.21
642.94,15.7
642.95,16.5
642.97,18.2
642.99,20.05
643.0,21.03
643.02,23.12
643.04,25.37
643.05,26.56
643.07,29.06
643.09,31.73
643.1,33.13
643.12,36.06
643.14,39.17
643.15,40.78
643.17,44.14
643.19,47.67
643.2,49.49
643.22,53.26
643.24,57.18
643.25,59.19
643.27,63.32
643.28,65.43
643.3,69.74
643.32,74.15
643.33,76.4
643.35,80.94
643.37,85.56
643.38,87.88
643.4,92.56
643.42,97.25
643.43,99.59
643.45,104.3
643.47,108.9
643.48,111.2
643.5,115.8
643.52,120.2
643.53,122.4
643.55,126.7
643.57,130.8
643.58,132.8
643.6,136.6
643.62,140.3
643.63,142.0
643.65,145.3
643.66,146.9
643.68,149.8
643.7,152.5
643.71,153.7
643.73,155.9
643.75,157.8
643.76,158.6
643.78,160.1
643.8,161.2
643.81,161.6
643.83,162.2
643.85,162.5
643.86,162.5
643.88,162.3
643.9,161.7
643.91,161.3
643.93,160.2
643.95,158.9
643.96,158.1
643.98,156.2
643.99,155.2
644.01,152.9
644.03,150.3
644.04,149.0
644.06,146.0
644.08,142.8
644.09,141.1
644.11,137.6
644.13,133.9
644.14,132.0
644.16,128.1
644.18,124.0
644.19,121.9
644.21,117.6
644.23,113.2
644.24,111.0
644.26,106.6
644.28,102.1
644.29,99.83
644.31,95.33
644.33,90.84
644.34,88.6
644.36,84.17
644.37,81.98
644.39,77.64
644.41,73.4
644.42,71.31
644.44,67.22
644.46,63.26
644.47,61.32
644.49,57.56
644.51,53.95
644.52,52.21
644.54,48.83
644.56,45.63
644.57,44.09
644.59,41.14
644.61,38.37
644.62,37.05
644.64,34.54
644.66,32.2
644.67,31.1
644.69,29.02
644.71,27.12
644.72,26.22
644.74,24.55
644.75,23.78
644.77,22.34
644.79,21.05
644.8,20.45
644.82,19.36
644.84,18.4
644.85,17.96
644.87,17.17
644.89,16.49
644.9,16.19
644.92,15.65
644.94,15.2
644.95,15.0
644.97,14.67
644.99,14.4
645.0,14.3
645.02,14.12
645.04,14.0
645.05,13.96
645.07,13.91
645.09,13.9
645.1,13.91
645.12,13.95
645.13,13.98
645.15,14.07
645.17,14.18
645.18,14.24
645.2,14.38
645.22,14.54
645.23,14.63
645.25,14.81
645.27,15.01
645.28,15.12
645.3,15.34
645.32,15.57
645.33,15.69
645.35,15.95
645.37,16.22
645.38,16.35
645.4,16.64
645.42,16.95
645.43,17.11
645.45,17.44
645.47,17.79
645.48,17.97
645.5,18.36
645.51,18.56
645.53,18.97
645.55,19.42
645.56,19.66
645.58,20.15
645.6,20.68
645.61,20.96
645.63,21.55
645.65,22.18
645.66,22.51
645.68,23.22
645.7,23.98
645.71,24.38
645.73,25.22
645.75,26.13
645.76,26.61
645.78,27.62
645.8,28.7
645.81,29.27
645.83,30.46
645.84,31.08
645.86,32.39
645.88,33.77
645.89,34.49
645.91,35.99
645.93,37.56
645.94,38.37
645.96,40.05
645.98,41.79
645.99,42.68
646.01,44.51
646.03,46.38
646.04,47.34
646.06,49.27
646.08,51.22
646.09,52.2
646.11,54.16
646.13,56.11
646.14,57.07
646.16,58.98
646.18,60.85
646.19,61.75
646.21,63.52
646.22,64.36
646.24,65.99
646.26,67.51
646.27,68.22
646.29,69.54
646.31,70.71
646.32,71.24
646.34,72.18
646.36,72.94
646.37,73.25
646.39,73.72
646.41,74.01
646.42,74.07
646.44,74.06
646.46,73.84
646.47,73.65
646.49,73.13
646.51,72.42
646.52,71.99
646.54,70.99
646.56,69.81
646.57,69.16
646.59,67.73
646.6,66.96
646.62,65.31
646.64,63.54
646.65,62.61
646.67,60.67
646.69,58.64
646.7,57.6
646.72,55.47
646.74,53.29
646.75,52.19
646.77,49.97
646.79,47.74
646.8,46.63
646.82,44.42
646.84,42.24
646.85,41.17
646.87,39.06
646.89,37.0
646.9,35.99
646.92,34.04
646.94,32.17
646.95,31.26
646.97,29.51
646.98,28.67
647.0,27.05
647.02,25.53
647.03,24.81
647.05,23.43
647.07,22.14
647.08,21.52
647.1,20.37
647.12,19.3
647.13,18.79
647.15,17.84
647.17,16.96
647.18,16.55
647.2,15.77
647.22,15.05
647.23,14.71
647.25,14.08
647.27,13.49
647.28,13.21
647.3,12.68
647.31,12.43
647.33,11.95
647.35,11.49
647.36,11.27
647.38,10.85
647.4,10.45
647.41,10.25
647.43,9.873
647.45,9.501
647.46,9.318
647.48,8.959
647.5,8.606
647.51,8.431
647.53,8.085
647.55,7.743
647.56,7.573
647.58,7.237
647.6,6.905
647.61,6.74
647.63,6.414
647.65,6.092
647.66,5.933
647.68,5.62
647.69,5.466
647.71,5.163
647.73,4.867
647.74,4.722
647.76,4.439
647.78,4.166
647.79,4.033
647.81,3.775
647.83,3.527
647.84,3.408
647.86,3.178
647.88,2.96
647.89,2.856
647.91,2.656
647.93,2.469
647.94,2.38
647.96,2.212
647.98,2.057
647.99,1.984
648.01,1.847
648.03,1.722
648.04,1.664
648.06,1.556
648.07,1.507
648.09,1.417
648.11,1.337
648.12,1.301
648.14,1.238
648.16,1.184
648.17,1.161
648.19,1.121
648.21,1.091
648.22,1.079
648.24,1.062
648.26,1.053
648.27,1.051
648.29,1.055
648.31,1.066
648.32,1.075
648.34,1.098
648.36,1.13
648.37,1.149
648.39,1.193
648.41,1.246
648.42,1.276
648.44,1.344
648.45,1.381
648.47,1.464
648.49,1.559
648.5,1.611
648.52,1.725
648.54,1.855
648.55,1.925
648.57,2.08
648.59,2.253
648.6,2.348
648.62,2.554
648.64,2.785
648.65,2.911
648.67,3.184
648.69,3.489
648.7,3.655
648.72,4.013
648.74,4.412
648.75,4.627
648.77,5.091
648.78,5.342
648.8,5.88
648.82,6.472
648.83,6.79
648.85,7.469
648.87,8.211
648.88,8.606
648.9,9.446
648.92,10.36
648.93,10.84
648.95,11.85
648.97,12.94
648.98,13.52
649.0,14.72
649.02,16.0
649.03,16.66
649.05,18.05
649.07,19.5
649.08,20.26
649.1,21.81
649.12,23.43
649.13,24.26
649.15,25.96
649.16,26.83
649.18,28.59
649.2,30.4
649.21,31.31
649.23,33.14
649.25,34.99
649.26,35.91
649.28,37.75
649.3,39.58
649.31,40.48
649.33,42.26
649.35,43.99
649.36,44.83
649.38,46.47
649.4,48.03
649.41,48.78
649.43,50.2
649.45,51.52
649.46,52.14
649.48,53.28
649.5,54.3
649.51,54.75
649.53,55.56
649.54,55.91
649.56,56.51
649.58,56.95
649.59,57.11
649.61,57.32
649.63,57.37
649.64,57.34
649.66,57.17
649.68,56.84
649.69,56.63
649.71,56.09
649.73,55.41
649.74,55.02
649.76,54.15
649.78,53.16
649.79,52.62
649.81,51.47
649.83,50.22
649.84,49.57
649.86,48.2
649.88,46.76
649.89,46.02
649.91,44.5
649.92,43.72
649.94,42.14
649.96,40.53
649.97,39.72
649.99,38.09
650.01,36.45
650.02,35.63
650.04,34.0
650.06,32.39
650.07,31.59
650.09,30.01
650.11,28.46
650.12,27.7
650.14,26.21
650.16,24.76
650.17,24.05
650.19,22.67
650.21,21.33
650.22,20.68
650.24,19.42
650.26,18.22
650.27,17.64
650.29,16.51
650.3,15.97
650.32,14.92
650.34,13.93
650.35,13.46
650.37,12.55
650.39,11.68
650.4,11.27
650.42,10.49
650.44,9.752
650.45,9.401
650.47,8.735
650.49,8.114
650.5,7.82
650.52,7.265
650.54,6.75
650.55,6.508
650.57,6.053
650.59,5.635
650.6,5.44
650.62,5.075
650.63,4.905
650.65,4.59
650.67,4.306
650.68,4.175
650.7,3.934
650.72,3.719
650.73,3.622
650.75,3.445
650.77,3.29
650.78,3.221
650.8,3.098
650.82,2.994
650.83,2.948
650.85,2.869
650.87,2.805
650.88,2.778
650.9,2.734
650.92,2.701
650.93,2.688
650.95,2.67
650.97,2.66
650.98,2.658
651.0,2.657
651.01,2.659
651.03,2.666
651.05,2.677
651.06,2.684
651.08,2.698
651.1,2.713
651.11,2.722
651.13,2.738
651.15,2.753
651.16,2.761
651.18,2.775
651.2,2.787
651.21,2.792
651.23,2.801
651.25,2.807
651.26,2.809
651.28,2.81
651.3,2.809
651.31,2.807
651.33,2.801
651.35,2.792
651.36,2.786
651.38,2.772
651.39,2.764
651.41,2.746
651.43,2.726
651.44,2.715
651.46,2.692
651.48,2.666
651.49,2.653
651.51,2.625
651.53,2.597
651.54,2.582
651.56,2.552
651.58,2.522
651.59,2.506
651.61,2.476
651.63,2.445
651.64,2.43
651.66,2.4
651.68,2.371
651.69,2.357
651.71,2.329
651.73,2.301
651.74,2.288
651.76,2.261
651.77,2.248
651.79,2.223
651.81,2.198
651.82,2.186
651.84,2.161
651.86,2.137
651.87,2.125
651.89,2.1
651.91,2.076
651.92,2.063
651.94,2.037
651.96,2.011
651.97,1.997
651.99,1.968
652.01,1.938
652.02,1.923
652.04,1.89
652.06,1.856
652.07,1.838
652.09,1.801
652.1,1.781
652.12,1.741
652.14,1.698
652.15,1.676
652.17,1.631
652.19,1.583
652.2,1.559
652.22,1.508
652.24,1.456
652.25,1.43
652.27,1.376
652.29,1.321
652.3,1.293
652.32,1.236
652.34,1.179
652.35,1.151
652.37,1.094
652.39,1.037
652.4,1.009
652.42,0.9529
652.44,0.8978
652.45,0.8707
652.47,0.8176
652.48,0.7916
652.5,0.7409
652.52,0.6921
652.53,0.6686
652.55,0.6232
652.57,0.5804
652.58,0.56
652.6,0.5214
652.62,0.4858
652.63,0.4693
652.65,0.4387
652.67,0.4116
652.68,0.3995
652.7,0.3783
652.72,0.3612
652.73,0.3543
652.75,0.3439
652.77,0.3383
652.78,0.3375
652.8,0.3398
652.82,0.3479
652.83,0.3543
652.85,0.3719
652.86,0.3833
652.88,0.4115
652.9,0.4477
652.91,0.469
652.93,0.5185
652.95,0.5777
652.96,0.6113
652.98,0.6871
653.0,0.7751
653.01,0.8241
653.03,0.9327
653.05,1.057
653.06,1.125
653.08,1.274
653.1,1.442
653.11,1.533
653.13,1.733
653.15,1.954
653.16,2.074
653.18,2.333
653.2,2.619
653.21,2.773
653.23,3.102
653.24,3.279
653.26,3.655
653.28,4.065
653.29,4.283
653.31,4.746
653.33,5.246
653.34,5.51
653.36,6.066
653.38,6.662
653.39,6.974
653.41,7.629
653.43,8.323
653.44,8.684
653.46,9.437
653.48,10.23
653.49,10.64
653.51,11.48
653.53,12.36
653.54,12.81
653.56,13.73
653.58,14.68
653.59,15.17
653.61,16.15
653.62,16.65
653.64,17.66
653.66,18.68
653.67,19.19
653.69,20.21
653.71,21.23
653.72,21.74
653.74,22.74
653.76,23.73
653.77,24.22
653.79,25.17
653.81,26.08
653.82,26.53
653.84,27.38
653.86,28.19
653.87,28.58
653.89,29.3
653.91,29.97
653.92,30.28
653.94,30.86
653.95,31.12
653.97,31.58
653.99,31.98
654.0,32.15
654.02,32.43
654.04,32.63
654.05,32.7
654.07,32.79
654.09,32.8
654.1,32.78
654.12,32.68
654.14,32.51
654.15,32.4
654.17,32.13
654.19,31.79
654.2,31.6
654.22,31.18
654.24,30.7
654.25,30.45
654.27,29.9
654.29,29.31
654.3,29.01
654.32,28.37
654.33,28.04
654.35,27.36
654.37,26.65
654.38,26.3
654.4,25.57
654.42,24.84
654.43,24.47
654.45,23.73
654.47,22.99
654.48,22.62
654.5,21.89
654.52,21.16
654.53,20.8
654.55,20.1
654.57,19.41
654.58,19.07
654.6,18.4
654.62,17.76
654.63,17.44
654.65,16.83
654.67,16.24
654.68,15.96
654.7,15.41
654.71,15.15
654.73,14.64
654.75,14.16
654.76,13.94
654.78,13.5
654.8,13.11
654.81,12.92
654.83,12.57
654.85,12.26
654.86,12.12
654.88,11.86
654.9,11.65
654.91,11.55
654.93,11.4
654.95,11.29
654.96,11.25
654.98,11.2
655.0,11.2
655.01,11.22
655.03,11.29
655.05,11.41
655.06,11.49
655.08,11.68
655.09,11.8
655.11,12.06
655.13,12.37
655.14,12.55
655.16,12.93
655.18,13.36
655.19,13.59
655.21,14.08
655.23,14.61
655.24,14.89
655.26,15.48
655.28,16.1
655.29,16.41
655.31,17.07
655.33,17.75
655.34,18.09
655.36,18.79
655.38,19.49
655.39,19.85
655.41,20.55
655.42,20.9
655.44,21.59
655.46,22.26
655.47,22.59
655.49,23.23
655.51,23.83
655.52,24.12
655.54,24.66
655.56,25.16
655.57,25.39
655.59,25.81
655.61,26.16
655.62,26.32
655.64,26.59
655.66,26.78
655.67,26.85
655.69,26.95
655.71,26.97
655.72,26.95
655.74,26.86
655.76,26.69
655.77,26.59
655.79,26.32
655.8,26.15
655.82,25.78
655.84,25.34
655.85,25.1
655.87,24.57
655.89,23.98
655.9,23.67
655.92,23.01
655.94,22.3
655.95,21.94
655.97,21.18
655.99,20.38
656.0,19.98
656.02,19.15
656.04,18.31
656.05,17.89
656.07,17.03
656.09,16.17
656.1,15.74
656.12,14.89
656.14,14.05
656.15,13.63
656.17,12.81
656.18,12.41
656.2,11.63
656.22,10.86
656.23,10.49
656.25,9.774
656.27,9.088
656.28,8.757
656.3,8.122
656.32,7.523
656.33,7.237
656.35,6.694
656.37,6.188
656.38,5.95
656.4,5.501
656.42,5.09
656.43,4.898
656.45,4.543
656.47,4.223
656.48,4.076
656.5,3.808
656.52,3.572
656.53,3.467
656.55,3.278
656.56,3.194
656.58,3.048
656.6,2.928
656.61,2.878
656.63,2.794
656.65,2.733
656.66,2.709
656.68,2.677
656.7,2.662
656.71,2.66
656.73,2.667
656.75,2.687
656.76,2.701
656.78,2.737
656.8,2.781
656.81,2.805
656.83,2.858
656.85,2.916
656.86,2.946
656.88,3.007
656.9,3.069
656.91,3.1
656.93,3.162
656.94,3.192
656.96,3.25
656.98,3.305
656.99,3.331
657.01,3.379
657.03,3.423
657.04,3.443
657.06,3.479
657.08,3.509
657.09,3.522
657.11,3.544
657.13,3.561
657.14,3.567
657.16,3.576
657.18,3.58
657.19,3.581
657.21,3.579
657.23,3.575
657.24,3.572
657.26,3.565
657.27,3.561
657.29,3.553
657.31,3.546
657.32,3.543
657.34,3.538
657.36,3.536
657.37,3.537
657.39,3.541
657.41,3.551
657.42,3.558
657.44,3.577
657.46,3.602
657.47,3.618
657.49,3.655
657.51,3.7
657.52,3.726
657.54,3.783
657.56,3.849
657.57,3.884
657.59,3.962
657.61,4.047
657.62,4.092
657.64,4.187
657.65,4.236
657.67,4.34
657.69,4.447
657.7,4.502
657.72,4.614
657.74,4.728
657.75,4.785
657.77,4.898
657.79,5.009
657.8,5.063
657.82,5.169
657.84,5.269
657.85,5.317
657.87,5.406
657.89,5.487
657.9,5.523
657.92,5.589
657.94,5.642
657.95,5.664
657.97,5.698
657.99,5.719
658.0,5.723
658.02,5.722
658.03,5.716
658.05,5.692
658.07,5.653
658.08,5.628
658.1,5.566
658.12,5.49
658.13,5.446
658.15,5.349
658.17,5.239
658.18,5.179
658.2,5.051
658.22,4.912
658.23,4.839
658.25,4.686
658.27,4.525
658.28,4.442
658.3,4.272
658.32,4.098
658.33,4.01
658.35,3.832
658.37,3.653
658.38,3.563
658.4,3.386
658.41,3.298
658.43,3.125
658.45,2.956
658.46,2.874
658.48,2.714
658.5,2.562
658.51,2.489
658.53,2.35
658.55,2.221
658.56,2.16
658.58,2.048
658.6,1.947
658.61,1.902
658.63,1.821
658.65,1.753
658.66,1.724
658.68,1.678
658.7,1.646
658.71,1.635
658.73,1.626
658.74,1.627
658.76,1.64
658.78,1.669
658.79,1.689
658.81,1.742
658.83,1.809
658.84,1.849
658.86,1.939
658.88,2.045
658.89,2.103
658.91,2.23
658.93,2.372
658.94,2.447
658.96,2.608
658.98,2.782
658.99,2.873
659.01,3.064
659.03,3.266
659.04,3.37
659.06,3.586
659.08,3.809
659.09,3.923
659.11,4.157
659.12,4.275
659.14,4.515
659.16,4.759
659.17,4.881
659.19,5.126
659.21,5.371
659.22,5.493
659.24,5.736
659.26,5.974
659.27,6.091
659.29,6.322
659.31,6.546
659.32,6.654
659.34,6.866
659.36,7.067
659.37,7.164
659.39,7.35
659.41,7.524
659.42,7.606
659.44,7.761
659.46,7.904
659.47,7.97
659.49,8.092
659.5,8.148
659.52,8.25
659.54,8.338
659.55,8.377
659.57,8.445
659.59,8.5
659.6,8.523
659.62,8.56
659.64,8.584
659.65,8.592
659.67,8.6
659.69,8.597
659.7,8.592
659.72,8.575
659.74,8.548
659.75,8.531
659.77,8.492
659.79,8.444
659.8,8.418
659.82,8.359
659.84,8.293
659.85,8.258
659.87,8.182
659.88,8.142
659.9,8.057
659.92,7.966
659.93,7.918
659.95,7.817
659.97,7.711
659.98,7.655
660.0,7.539
660.02,7.417
660.03,7.354
660.05,7.223
660.07,7.085
660.08,7.014
660.1,6.868
660.12,6.715
660.13,6.637
660.15,6.476
660.17,6.309
660.18,6.224
660.2,6.05
660.21,5.962
660.23,5.782
660.25,5.599
660.26,5.506
660.28,5.319
660.3,5.131
660.31,5.037
660.33,4.849
660.35,4.662
660.36,4.569
660.38,4.386
660.4,4.208
660.41,4.121
660.43,3.952
660.45,3.791
660.46,3.714
660.48,3.568
660.5,3.434
660.51,3.372
660.53,3.259
660.55,3.162
660.56,3.12
660.58,3.052
660.59,3.025
660.61,2.988
660.63,2.975
660.64,2.978
660.66,3.005
660.68,3.059
660.69,3.098
660.71,3.199
660.73,3.333
660.74,3.414
660.76,3.601
660.78,3.826
660.79,3.954
660.81,4.239
660.83,4.565
660.84,4.745
660.86,5.136
660.88,5.572
660.89,5.807
660.91,6.311
660.93,6.861
660.94,7.153
660.96,7.772
660.97,8.099
660.99,8.785
661.01,9.516
661.02,9.897
661.04,10.69
661.06,11.52
661.07,11.95
661.09,12.84
661.11,13.76
661.12,14.23
661.14,15.19
661.16,16.17
661.17,16.66
661.19,17.67
661.21,18.68
661.22,19.18
661.24,20.19
661.26,21.2
661.27,21.69
661.29,22.67
661.31,23.63
661.32,24.1
661.34,25.0
661.35,25.44
661.37,26.28
661.39,27.07
661.4,27.45
661.42,28.15
661.44,28.79
661.45,29.08
661.47,29.61
661.49,30.06
661.5,30.25
661.52,30.58
661.54,30.83
661.55,30.92
661.57,31.03
661.59,31.05
661.6,31.03
661.62,30.92
661.64,30.73
661.65,30.6
661.67,30.28
661.69,29.88
661.7,29.65
661.72,29.13
661.73,28.85
661.75,28.23
661.77,27.56
661.78,27.19
661.8,26.43
661.82,25.62
661.83,25.2
661.85,24.33
661.87,23.43
661.88,22.97
661.9,22.04
661.92,21.09
661.93,20.61
661.95,19.64
661.97,18.68
661.98,18.19
662.0,17.24
662.02,16.29
662.03,15.82
662.05,14.9
662.06,14.45
662.08,13.56
662.1,12.7
662.11,12.28
662.13,11.47
662.15,10.68
662.16,10.3
662.18,9.572
662.2,8.874
662.21,8.539
662.23,7.896
662.25,7.288
662.26,6.998
662.28,6.444
662.3,5.926
662.31,5.68
662.33,5.212
662.35,4.777
662.36,4.572
662.38,4.184
662.4,3.825
662.41,3.656
662.43,3.339
662.44,3.191
662.46,2.912
662.48,2.657
662.49,2.538
662.51,2.315
662.53,2.113
662.54,2.019
662.56,1.844
662.58,1.686
662.59,1.613
662.61,1.478
662.63,1.357
662.64,1.302
662.66,1.2
662.68,1.109
662.69,1.068
662.71,0.9942
662.73,0.9296
662.74,0.9008
662.76,0.8498
662.78,0.8072
662.79,0.7888
662.81,0.7577
662.82,0.7449
662.84,0.7246
662.86,0.7109
662.87,0.7065
662.89,0.7023
662.91,0.7041
662.92,0.7071
662.94,0.7173
662.96,0.7327
662.97,0.7424
662.99,0.7653
663.01,0.7928
663.02,0.8082
663.04,0.8422
663.06,0.8801
663.07,0.9004
663.09,0.9435
663.11,0.9897
663.12,1.014
663.14,1.064
663.16,1.116
663.17,1.143
663.19,1.198
663.2,1.225
663.22,1.281
663.24,1.338
663.25,1.366
663.27,1.422
663.29,1.477
663.3,1.504
663.32,1.556
663.34,1.607
663.35,1.631
663.37,1.678
663.39,1.721
663.4,1.741
663.42,1.779
663.44,1.812
663.45,1.827
663.47,1.853
663.49,1.874
663.5,1.883
663.52,1.896
663.53,1.901
663.55,1.906
663.57,1.905
663.58,1.903
663.6,1.893
663.62,1.879
663.63,1.869
663.65,1.846
663.67,1.818
663.68,1.803
663.7,1.767
663.72,1.727
663.73,1.706
663.75,1.66
663.77,1.611
663.78,1.585
663.8,1.53
663.82,1.474
663.83,1.444
663.85,1.385
663.87,1.324
663.88,1.292
663.9,1.23
663.91,1.198
663.93,1.135
663.95,1.073
663.96,1.041
663.98,0.9796
664.0,0.919
664.01,0.8892
664.03,0.8308
664.05,0.7743
664.06,0.7469
664.08,0.6937
664.1,0.643
664.11,0.6186
664.13,0.5719
664.15,0.5281
664.16,0.5073
664.18,0.4679
664.2,0.4317
664.21,0.4149
664.23,0.3835
664.25,0.3554
664.26,0.3426
664.28,0.3195
664.29,0.3092
664.31,0.2911
664.33,0.2764
664.34,0.2703
664.36,0.2606
664.38,0.2543
664.39,0.2525
664.41,0.2513
664.43,0.2534
664.44,0.2558
664.46,0.263
664.48,0.2736
664.49,0.2802
664.51,0.2959
664.53,0.315
664.54,0.3258
664.56,0.3499
664.58,0.3774
664.59,0.3923
664.61,0.4248
664.63,0.4605
664.64,0.4795
664.66,0.5199
664.67,0.5413
664.69,0.5863
664.71,0.6342
664.72,0.6592
664.74,0.7111
664.76,0.7655
664.77,0.7936
664.79,0.8514
664.81,0.911
664.82,0.9415
664.84,1.003
664.86,1.067
664.87,1.098
664.89,1.163
664.91,1.227
664.92,1.259
664.94,1.323
664.96,1.387
664.97,1.418
664.99,1.479
665.01,1.539
665.02,1.568
665.04,1.624
665.05,1.651
665.07,1.702
665.09,1.751
665.1,1.773
665.12,1.816
665.14,1.854
665.15,1.871
665.17,1.902
665.19,1.929
665.2,1.94
665.22,1.959
665.24,1.974
665.25,1.979
665.27,1.986
665.29,1.988
665.3,1.987
665.32,1.982
665.34,1.973
665.35,1.966
665.37,1.951
665.38,1.943
665.4,1.923
665.42,1.9
665.43,1.888
665.45,1.863
665.47,1.836
665.48,1.822
665.5,1.795
665.52,1.768
665.53,1.755
665.55,1.729
665.57,1.706
665.58,1.695
665.6,1.675
665.62,1.659
665.63,1.653
665.65,1.643
665.67,1.638
665.68,1.638
665.7,1.641
665.72,1.65
665.73,1.657
665.75,1.676
665.76,1.688
665.78,1.718
665.8,1.754
665.81,1.775
665.83,1.822
665.85,1.876
665.86,1.906
665.88,1.971
665.9,2.043
665.91,2.081
665.93,2.163
665.95,2.252
665.96,2.298
665.98,2.396
666.0,2.499
666.01,2.553
666.03,2.663
666.05,2.778
666.06,2.837
666.08,2.958
666.1,3.083
666.11,3.146
666.13,3.274
666.14,3.339
666.16,3.471
666.18,3.603
666.19,3.67
666.21,3.804
666.23,3.938
666.24,4.005
666.26,4.139
666.28,4.273
666.29,4.339
666.31,4.471
666.33,4.601
666.34,4.666
666.36,4.793
666.38,4.919
666.39,4.982
666.41,5.104
666.43,5.225
666.44,5.284
666.46,5.401
666.48,5.516
666.49,5.573
666.51,5.684
666.52,5.739
666.54,5.847
666.56,5.953
666.57,6.005
666.59,6.109
666.61,6.21
666.62,6.261
666.64,6.361
666.66,6.461
666.67,6.511
666.69,6.611
666.71,6.711
666.72,6.761
666.74,6.863
666.76,6.968
666.77,7.021
666.79,7.129
666.81,7.242
666.82,7.299
666.84,7.419
666.85,7.48
666.87,7.608
666.89,7.743
666.9,7.813
666.92,7.959
666.94,8.114
666.95,8.195
666.97,8.363
666.99,8.541
667.0,8.634
667.02,8.827
667.04,9.032
667.05,9.137
667.07,9.357
667.09,9.588
667.1,9.706
667.12,9.952
667.14,10.21
667.15,10.34
667.17,10.6
667.19,10.88
667.2,11.02
667.22,11.3
667.23,11.44
667.25,11.73
667.27,12.02
667.28,12.16
667.3,12.45
667.32,12.73
667.33,12.87
667.35,13.15
667.37,13.42
667.38,13.55
667.4,13.8
667.42,14.04
667.43,14.16
667.45,14.37
667.47,14.57
667.48,14.66
667.5,14.83
667.52,14.98
667.53,15.05
667.55,15.16
667.57,15.25
667.58,15.29
667.6,15.34
667.61,15.35
667.63,15.36
667.65,15.35
667.66,15.33
667.68,15.28
667.7,15.19
667.71,15.14
667.73,15.02
667.75,14.88
667.76,14.79
667.78,14.61
667.8,14.4
667.81,14.29
667.83,14.05
667.85,13.79
667.86,13.65
667.88,13.36
667.9,13.05
667.91,12.89
667.93,12.56
667.95,12.22
667.96,12.04
667.98,11.68
667.99,11.5
668.01,11.12
668.03,10.74
668.04,10.54
668.06,10.15
668.08,9.757
668.09,9.559
668.11,9.161
668.13,8.763
668.14,8.564
668.16,8.169
668.18,7.778
668.19,7.584
668.21,7.2
668.23,6.824
668.24,6.639
668.26,6.276
668.28,5.923
668.29,5.75
668.31,5.415
668.33,5.094
668.34,4.939
668.36,4.64
668.37,4.497
668.39,4.225
668.41,3.971
668.42,3.852
668.44,3.63
668.46,3.432
668.47,3.342
668.49,3.182
668.51,3.051
668.52,2.997
668.54,2.914
668.56,2.867
668.57,2.857
668.59,2.87
668.61,2.927
668.62,2.974
668.64,3.107
668.66,3.298
668.67,3.417
668.69,3.706
668.7,3.878
668.72,4.281
668.74,4.769
668.75,5.049
668.77,5.683
668.79,6.428
668.8,6.845
668.82,7.776
668.84,8.847
668.85,9.438
668.87,10.74
668.89,12.22
668.9,13.03
668.92,14.8
668.94,16.78
668.95,17.85
668.97,20.18
668.99,22.76
669.0,24.15
669.02,27.15
669.04,30.44
669.05,32.2
669.07,35.96
669.08,37.97
669.1,42.23
669.12,46.85
669.13,49.3
669.15,54.47
669.17,60.02
669.18,62.93
669.2,69.06
669.22,75.57
669.23,78.97
669.25,86.06
669.27,93.53
669.28,97.41
669.3,105.4
669.32,113.8
669.33,118.1
669.35,126.9
669.37,136.1
669.38,140.7
669.4,150.2
669.42,160.0
669.43,164.9
669.45,174.8
669.46,179.8
669.48,189.9
669.5,200.0
669.51,205.0
669.53,215.1
669.55,225.0
669.56,229.9
669.58,239.5
669.6,248.9
669.61,253.4
669.63,262.3
669.65,270.7
669.66,274.8
669.68,282.5
669.7,289.7
669.71,293.1
669.73,299.3
669.75,304.9
669.76,307.5
669.78,312.0
669.8,315.8
669.81,317.4
669.83,320.0
669.84,321.0
669.86,322.4
669.88,323.0
669.89,322.9
669.91,322.3
669.93,320.8
669.94,319.7
669.96,317.1
669.98,313.6
669.99,311.6
670.01,307.1
670.03,301.8
670.04,299.0
670.06,292.8
670.08,286.0
670.09,282.4
670.11,274.9
670.13,266.9
670.14,262.7
670.16,254.1
670.17,249.7
670.19,240.7
670.21,231.4
670.22,226.7
670.24,217.2
670.26,207.6
670.27,202.7
670.29,193.1
670.31,183.5
670.32,178.7
670.34,169.2
670.36,159.8
670.37,155.2
670.39,146.1
670.41,137.3
670.42,132.9
670.44,124.5
670.46,116.3
670.47,112.4
670.49,104.7
670.51,97.31
670.52,93.77
670.54,86.94
670.55,83.66
670.57,77.36
670.59,71.43
670.6,68.6
670.62,63.21
670.64,58.17
670.65,55.78
670.67,51.26
670.69,47.08
670.7,45.11
670.72,41.4
670.74,38.0
670.75,36.41
670.77,33.43
670.79,30.72
670.8,29.47
670.82,27.13
670.84,25.02
670.85,24.05
670.87,22.25
670.89,20.64
670.9,19.9
670.92,18.55
670.93,17.93
670.95,16.79
670.97,15.78
670.98,15.32
671.0,14.48
671.02,13.74
671.03,13.41
671.05,12.79
671.07,12.25
671.08,12.0
671.1,11.54
671.12,11.14
671.13,10.95
671.15,10.61
671.17,10.3
671.18,10.15
671.2,9.88
671.22,9.632
671.23,9.514
671.25,9.292
671.27,9.083
671.28,8.984
671.3,8.793
671.31,8.702
671.33,8.526
671.35,8.358
671.36,8.278
671.38,8.123
671.4,7.975
671.41,7.904
671.43,7.769
671.45,7.641
671.46,7.581
671.48,7.466
671.5,7.359
671.51,7.31
671.53,7.217
671.55,7.133
671.56,7.094
671.58,7.024
671.6,6.963
671.61,6.936
671.63,6.887
671.65,6.847
671.66,6.83
671.68,6.8
671.69,6.788
671.71,6.768
671.73,6.754
671.74,6.748
671.76,6.739
671.78,6.732
671.79,6.73
671.81,6.725
671.83,6.72
671.84,6.717
671.86,6.709
671.88,6.698
671.89,6.692
671.91,6.674
671.93,6.652
671.94,6.638
671.96,6.606
671.98,6.565
671.99,6.542
672.01,6.49
672.02,6.461
672.04,6.395
672.06,6.321
672.07,6.28
672.09,6.191
672.11,6.094
672.12,6.042
672.14,5.931
672.16,5.811
672.17,5.748
672.19,5.617
672.21,5.478
672.22,5.406
672.24,5.257
672.26,5.102
672.27,5.023
672.29,4.861
672.31,4.695
672.32,4.61
672.34,4.44
672.36,4.267
672.37,4.18
672.39,4.006
672.4,3.919
672.42,3.744
672.44,3.57
672.45,3.484
672.47,3.313
672.49,3.144
672.5,3.06
672.52,2.895
672.54,2.734
672.55,2.655
672.57,2.5
672.59,2.349
672.6,2.276
672.62,2.132
672.64,1.994
672.65,1.927
672.67,1.797
672.69,1.672
672.7,1.611
672.72,1.495
672.74,1.384
672.75,1.331
672.77,1.228
672.78,1.179
672.8,1.085
672.82,0.9966
672.83,0.9543
672.85,0.8736
672.87,0.7981
672.88,0.7622
672.9,0.6942
672.92,0.6309
672.93,0.601
672.95,0.5446
672.97,0.4925
672.98,0.468
673.0,0.422
673.02,0.38
673.03,0.3603
673.05,0.3237
673.07,0.2906
673.08,0.2752
673.1,0.2469
673.12,0.2216
673.13,0.21
673.15,0.1891
673.16,0.1796
673.18,0.1626
673.2,0.1483
673.21,0.1421
673.23,0.1314
673.25,0.1233
673.26,0.1201
673.28,0.1156
673.3,0.1136
673.31,0.1135
673.33,0.1153
673.35,0.1197
673.36,0.123
673.38,0.1316
673.4,0.1434
673.41,0.1505
673.43,0.1672
673.45,0.1876
673.46,0.1993
673.48,0.2257
673.49,0.2406
673.51,0.2739
673.53,0.3123
673.54,0.3335
673.56,0.3804
673.58,0.4334
673.59,0.4624
673.61,0.5257
673.63,0.5964
673.64,0.6348
673.66,0.7178
673.68,0.8097
673.69,0.8591
673.71,0.9652
673.73,1.081
673.74,1.144
673.76,1.276
673.78,1.42
673.79,1.496
673.81,1.657
673.83,1.831
673.84,1.922
673.86,2.114
673.87,2.215
673.89,2.425
673.91,2.648
673.92,2.764
673.94,3.005
673.96,3.257
673.97,3.387
673.99,3.655
674.01,3.933
674.02,4.075
674.04,4.366
674.06,4.664
674.07,4.815
674.09,5.12
674.11,5.43
674.12,5.585
674.14,5.896
674.16,6.207
674.17,6.361
674.19,6.667
674.21,6.967
674.22,7.114
674.24,7.401
674.25,7.541
674.27,7.811
674.29,8.068
674.3,8.19
674.32,8.422
674.34,8.636
674.35,8.735
674.37,8.917
674.39,9.077
674.4,9.147
674.42,9.27
674.44,9.368
674.45,9.407
674.47,9.465
674.49,9.495
674.5,9.5
674.52,9.49
674.54,9.452
674.55,9.423
674.57,9.346
674.59,9.242
674.6,9.181
674.62,9.041
674.63,8.962
674.65,8.788
674.67,8.593
674.68,8.489
674.7,8.266
674.72,8.027
674.73,7.903
674.75,7.643
674.77,7.373
674.78,7.234
674.8,6.951
674.82,6.662
674.83,6.516
674.85,6.221
674.87,5.926
674.88,5.779
674.9,5.485
674.92,5.196
674.93,5.052
674.95,4.771
674.96,4.632
674.98,4.362
675.0,4.1
675.01,3.972
675.03,3.725
675.05,3.489
675.06,3.375
675.08,3.156
675.1,2.949
675.11,2.85
675.13,2.661
675.15,2.484
675.16,2.4
675.18,2.241
675.2,2.094
675.21,2.025
675.23,1.894
675.25,1.773
675.26,1.717
675.28,1.611
675.3,1.515
675.31,1.469
675.33,1.385
675.34,1.346
675.36,1.272
675.38,1.205
675.39,1.174
675.41,1.115
675.43,1.062
675.44,1.037
675.46,0.9891
675.48,0.9452
675.49,0.9244
675.51,0.885
675.53,0.8479
675.54,0.8301
675.56,0.7959
675.58,0.7632
675.59,0.7474
675.61,0.7166
675.63,0.6867
675.64,0.6721
675.66,0.6433
675.68,0.6151
675.69,0.6013
675.71,0.5738
675.72,0.5603
675.74,0.5335
675.76,0.5071
675.77,0.494
675.79,0.4682
675.81,0.4429
675.82,0.4304
675.84,0.4057
675.86,0.3816
675.87,0.3698
675.89,0.3466
675.91,0.324
675.92,0.313
675.94,0.2915
675.96,0.2708
675.97,0.2607
675.99,0.2412
676.01,0.2226
676.02,0.2136
676.04,0.1963
676.06,0.1799
676.07,0.172
676.09,0.157
676.1,0.1498
676.12,0.1362
676.14,0.1234
676.15,0.1173
676.17,0.1059
676.19,0.09528
676.2,0.09028
676.22,0.08089
676.24,0.07226
676.25,0.06823
676.27,0.06069
676.29,0.05383
676.3,0.05064
676.32,0.04473
676.34,0.03939
676.35,0.03692
676.37,0.03237
676.39,0.0283
676.4,0.02644
676.42,0.02302
676.44,0.01998
676.45,0.0186
676.47,0.01607
676.48,0.01493
676.5,0.01285
676.52,0.01103
676.53,0.01021
676.55,0.008732
676.57,0.007447
676.58,0.00687
676.6,0.005838
676.62,0.004949
676.63,0.004553
676.65,0.003849
676.67,0.003247
676.68,0.002981
676.7,0.002511
676.72,0.002114
676.73,0.001939
676.75,0.001633
676.77,0.001376
676.78,0.001265
676.8,0.001071
676.81,0.0009865
676.83,0.000841
676.85,0.0007218
676.86,0.0006708
676.88,0.0005836
676.9,0.0005135
676.91,0.000484
676.93,0.0004344
676.95,0.0003956
676.96,0.0003796
676.98,0.0003535
677.0,0.000334
677.01,0.0003263
677.03,0.0003144
677.05,0.0003064
677.06,0.0003036
677.08,0.0002998
677.1,0.0002981
677.11,0.0002978
677.13,0.0002983
677.15,0.0002996
677.16,0.0003006
677.18,0.0003028
677.19,0.000304
677.21,0.0003064
677.23,0.0003089
677.24,0.00031
677.26,0.0003121
677.28,0.0003139
677.29,0.0003146
677.31,0.0003158
677.33,0.0003165
677.34,0.0003166
677.36,0.0003165
677.38,0.0003159
677.39,0.0003154
677.41,0.000314
677.43,0.0003121
677.44,0.000311
677.46,0.0003084
677.48,0.0003054
677.49,0.0003037
677.51,0.0003
677.53,0.0002961
677.54,0.0002939
677.56,0.0002895
677.57,0.0002872
677.59,0.0002823
677.61,0.0002773
677.62,0.0002747
677.64,0.0002694
677.66,0.000264
677.67,0.0002613
677.69,0.0002557
677.71,0.0002501
677.72,0.0002473
677.74,0.0002417
677.76,0.000236
677.77,0.0002332
677.79,0.0002276
677.81,0.0002219
677.82,0.0002191
677.84,0.0002136
677.86,0.0002081
677.87,0.0002053
677.89,0.0001999
677.91,0.0001945
677.92,0.0001918
677.94,0.0001864
677.95,0.0001838
677.97,0.0001785
677.99,0.0001733
678.0,0.0001708
678.02,0.0001657
678.04,0.0001606
678.05,0.0001581
678.07,0.0001531
678.09,0.0001483
678.1,0.0001458
678.12,0.0001411
678.14,0.0001364
678.15,0.0001341
678.17,0.0001296
678.19,0.0001252
678.2,0.0001231
678.22,0.0001189
678.24,0.0001149
678.25,0.0001129
678.27,0.0001092
678.28,0.0001074
678.3,0.0001039
678.32,0.0001007
678.33,9.925e-05
678.35,9.646e-05
678.37,9.396e-05
678.38,9.283e-05
678.4,9.081e-05
678.42,8.915e-05
678.43,8.846e-05
678.45,8.738e-05
678.47,8.671e-05
678.48,8.654e-05
678.5,8.653e-05
678.52,8.701e-05
678.53,8.743e-05
678.55,8.866e-05
678.57,9.043e-05
678.58,9.152e-05
678.6,9.413e-05
678.62,9.732e-05
678.63,9.915e-05
678.65,0.0001033
678.66,0.0001056
678.68,0.0001106
678.7,0.0001163
678.71,0.0001194
678.73,0.0001261
678.75,0.0001335
678.76,0.0001375
678.78,0.0001459
678.8,0.0001549
678.81,0.0001597
678.83,0.0001697
678.85,0.0001804
678.86,0.0001859
678.88,0.0001975
678.9,0.0002096
678.91,0.0002159
678.93,0.0002288
678.95,0.0002421
678.96,0.000249
678.98,0.0002629
679.0,0.0002772
679.01,0.0002844
679.03,0.000299
679.04,0.0003063
679.06,0.000321
679.08,0.0003358
679.09,0.0003432
679.11,0.0003578
679.13,0.0003721
679.14,0.0003792
679.16,0.0003931
679.18,0.0004066
679.19,0.0004131
679.21,0.0004257
679.23,0.0004377
679.24,0.0004434
679.26,0.0004543
679.28,0.0004643
679.29,0.000469
679.31,0.0004778
679.33,0.0004857
679.34,0.0004893
679.36,0.0004958
679.38,0.0005015
679.39,0.0005041
679.41,0.0005087
679.42,0.0005107
679.44,0.0005145
679.46,0.0005179
679.47,0.0005196
679.49,0.0005231
679.51,0.0005271
679.52,0.0005295
679.54,0.0005351
679.56,0.0005425
679.57,0.0005472
679.59,0.0005589
679.61,0.0005746
679.62,0.0005843
679.64,0.0006084
679.66,0.0006399
679.67,0.0006591
679.69,0.0007055
679.71,0.0007648
679.72,0.0008001
679.74,0.0008842
679.76,0.0009893
679.77,0.001051
679.79,0.001196
679.8,0.00128
679.82,0.001477
679.84,0.001717
679.85,0.001856
679.87,0.002176
679.89,0.002562
679.9,0.002783
679.92,0.003288
679.94,0.003891
679.95,0.004234
679.97,0.005014
679.99,0.005936
680.0,0.006457
680.02,0.007634
680.04,0.009013
680.05,0.009788
680.07,0.01153
680.09,0.01355
680.1,0.01468
680.12,0.01721
680.13,0.01861
680.15,0.02174
680.17,0.02534
680.18,0.02733
680.2,0.03174
680.22,0.03677
680.23,0.03954
680.25,0.04565
680.27,0.05256
680.28,0.05636
680.3,0.06466
680.32,0.07401
680.33,0.07911
680.35,0.09023
680.37,0.1027
680.38,0.1094
680.4,0.124
680.42,0.1403
680.43,0.1491
680.45,0.168
680.47,0.1889
680.48,0.2002
680.5,0.2243
680.51,0.2373
680.53,0.265
680.55,0.2954
680.56,0.3116
680.58,0.3461
680.6,0.3837
680.61,0.4036
680.63,0.446
680.65,0.4918
680.66,0.5161
680.68,0.5674
680.7,0.6226
680.71,0.6517
680.73,0.713
680.75,0.7785
680.76,0.8129
680.78,0.8852
680.8,0.962
680.81,1.002
680.83,1.086
680.85,1.175
680.86,1.222
680.88,1.318
680.89,1.368
680.91,1.473
680.93,1.582
680.94,1.639
680.96,1.756
680.98,1.879
680.99,1.942
681.01,2.072
681.03,2.207
681.04,2.276
681.06,2.419
681.08,2.565
681.09,2.64
681.11,2.793
681.13,2.95
681.14,3.03
681.16,3.192
681.18,3.356
681.19,3.439
681.21,3.607
681.23,3.775
681.24,3.86
681.26,4.03
681.27,4.115
681.29,4.284
681.31,4.451
681.32,4.534
681.34,4.698
681.36,4.858
681.37,4.937
681.39,5.091
681.41,5.239
681.42,5.31
681.44,5.448
681.46,5.579
681.47,5.641
681.49,5.758
681.51,5.867
681.52,5.917
681.54,6.009
681.56,6.091
681.57,6.127
681.59,6.191
681.6,6.219
681.62,6.265
681.64,6.298
681.65,6.31
681.67,6.325
681.69,6.328
681.7,6.324
681.72,6.309
681.74,6.281
681.75,6.263
681.77,6.219
681.79,6.165
681.8,6.134
681.82,6.066
681.84,5.989
681.85,5.947
681.87,5.859
681.89,5.765
681.9,5.716
681.92,5.615
681.94,5.51
681.95,5.456
681.97,5.347
681.98,5.292
682.0,5.182
682.02,5.072
682.03,5.018
682.05,4.91
682.07,4.804
682.08,4.753
682.1,4.652
682.12,4.556
682.13,4.509
682.15,4.42
682.17,4.336
682.18,4.297
682.2,4.221
682.22,4.152
682.23,4.119
682.25,4.059
682.27,4.005
682.28,3.98
682.3,3.935
682.32,3.896
682.33,3.879
682.35,3.848
682.36,3.835
682.38,3.812
682.4,3.794
682.41,3.787
682.43,3.776
682.45,3.77
682.46,3.768
682.48,3.767
682.5,3.77
682.51,3.772
682.53,3.78
682.55,3.79
682.56,3.797
682.58,3.811
682.6,3.829
682.61,3.838
682.63,3.859
682.65,3.883
682.66,3.895
682.68,3.922
682.7,3.951
682.71,3.967
682.73,4.0
682.74,4.018
682.76,4.054
682.78,4.094
682.79,4.114
682.81,4.157
682.83,4.203
682.84,4.227
682.86,4.276
682.88,4.328
682.89,4.355
682.91,4.411
682.93,4.468
682.94,4.498
682.96,4.558
682.98,4.62
682.99,4.652
683.01,4.715
683.03,4.779
683.04,4.811
683.06,4.875
683.08,4.939
683.09,4.97
683.11,5.031
683.12,5.061
683.14,5.119
683.16,5.174
683.17,5.201
683.19,5.25
683.21,5.295
683.22,5.316
683.24,5.353
683.26,5.385
683.27,5.399
683.29,5.421
683.31,5.436
683.32,5.441
683.34,5.446
683.36,5.443
683.37,5.439
683.39,5.425
683.41,5.405
683.42,5.391
683.44,5.36
683.45,5.342
683.47,5.3
683.49,5.254
683.5,5.228
683.52,5.174
683.54,5.115
683.55,5.085
683.57,5.022
683.59,4.957
683.6,4.925
683.62,4.86
683.64,4.797
683.65,4.766
683.67,4.708
683.69,4.653
683.7,4.628
683.72,4.584
683.74,4.547
683.75,4.532
683.77,4.51
683.79,4.499
683.8,4.499
683.82,4.507
683.83,4.517
683.85,4.548
683.87,4.595
683.88,4.625
683.9,4.697
683.92,4.788
683.93,4.841
683.95,4.961
683.97,5.1
683.98,5.177
684.0,5.346
684.02,5.535
684.03,5.637
684.05,5.855
684.07,6.093
684.08,6.219
684.1,6.485
684.12,6.768
684.13,6.916
684.15,7.224
684.17,7.546
684.18,7.712
684.2,8.053
684.21,8.227
684.23,8.583
684.25,8.946
684.26,9.13
684.28,9.5
684.3,9.872
684.31,10.06
684.33,10.43
684.35,10.8
684.36,10.98
684.38,11.33
684.4,11.68
684.41,11.84
684.43,12.17
684.45,12.48
684.46,12.62
684.48,12.9
684.5,13.15
684.51,13.27
684.53,13.49
684.55,13.68
684.56,13.76
684.58,13.91
684.59,13.97
684.61,14.06
684.63,14.13
684.64,14.15
684.66,14.16
684.68,14.14
684.69,14.12
684.71,14.05
684.73,13.94
684.74,13.88
684.76,13.73
684.78,13.54
684.79,13.44
684.81,13.22
684.83,12.96
684.84,12.83
684.86,12.54
684.88,12.23
684.89,12.07
684.91,11.73
684.92,11.56
684.94,11.2
684.96,10.83
684.97,10.64
684.99,10.26
685.01,9.88
685.02,9.688
685.04,9.304
685.06,8.922
685.07,8.733
685.09,8.36
685.11,7.996
685.12,7.818
685.14,7.472
685.16,7.139
685.17,6.979
685.19,6.67
685.21,6.381
685.22,6.243
685.24,5.983
685.26,5.744
685.27,5.632
685.29,5.427
685.3,5.332
685.32,5.161
685.34,5.014
685.35,4.949
685.37,4.837
685.39,4.75
685.4,4.715
685.42,4.663
685.44,4.634
685.45,4.628
685.47,4.633
685.49,4.661
685.5,4.683
685.52,4.743
685.54,4.824
685.55,4.872
685.57,4.982
685.59,5.112
685.6,5.183
685.62,5.34
685.64,5.513
685.65,5.606
685.67,5.802
685.68,5.906
685.7,6.124
685.72,6.356
685.73,6.476
685.75,6.725
685.77,6.984
685.78,7.117
685.8,7.389
685.82,7.669
685.83,7.811
685.85,8.099
685.87,8.391
685.88,8.537
685.9,8.832
685.92,9.126
685.93,9.272
685.95,9.562
685.97,9.848
685.98,9.989
686.0,10.26
686.02,10.53
686.03,10.66
686.05,10.91
686.06,11.03
686.08,11.26
686.1,11.47
686.11,11.57
686.13,11.75
686.15,11.91
686.16,11.98
686.18,12.11
686.2,12.21
686.21,12.26
686.23,12.32
686.25,12.36
686.26,12.37
686.28,12.36
686.3,12.33
686.31,12.3
686.33,12.23
686.35,12.12
686.36,12.06
686.38,11.92
686.39,11.83
686.41,11.65
686.43,11.44
686.44,11.32
686.46,11.07
686.48,10.81
686.49,10.66
686.51,10.37
686.53,10.05
686.54,9.885
686.56,9.547
686.58,9.196
686.59,9.016
686.61,8.65
686.63,8.278
686.64,8.089
686.66,7.71
686.68,7.329
686.69,7.138
686.71,6.758
686.73,6.381
686.74,6.194
686.76,5.825
686.77,5.643
686.79,5.285
686.81,4.937
686.82,4.766
686.84,4.434
686.86,4.113
686.87,3.958
686.89,3.656
686.91,3.369
686.92,3.23
686.94,2.964
686.96,2.712
686.97,2.592
686.99,2.362
687.01,2.147
687.02,2.044
687.04,1.85
687.06,1.67
687.07,1.585
687.09,1.425
687.11,1.277
687.12,1.208
687.14,1.079
687.15,1.018
687.17,0.9052
687.19,0.8027
687.2,0.7551
687.22,0.6669
687.24,0.5874
687.25,0.5507
687.27,0.4832
687.29,0.4228
687.3,0.3952
687.32,0.3445
687.34,0.2996
687.35,0.2791
687.37,0.2418
687.39,0.2091
687.4,0.1942
687.42,0.1674
687.44,0.144
687.45,0.1335
687.47,0.1146
687.49,0.09826
687.5,0.09097
687.52,0.07798
687.53,0.07222
687.55,0.062
687.57,0.05337
687.58,0.04959
687.6,0.04299
687.62,0.03754
687.63,0.03521
687.65,0.03126
687.67,0.02817
687.68,0.02691
687.7,0.02495
687.72,0.02364
687.73,0.02322
687.75,0.0228
687.77,0.02292
687.78,0.02318
687.8,0.02407
687.82,0.02544
687.83,0.0263
687.85,0.02838
687.87,0.03093
687.88,0.03238
687.9,0.03563
687.91,0.03744
687.93,0.04142
687.95,0.0459
687.96,0.04834
687.98,0.05359
688.0,0.05938
688.01,0.06248
688.03,0.0691
688.05,0.07629
688.06,0.0801
688.08,0.08815
688.1,0.0968
688.11,0.1013
688.13,0.1109
688.15,0.121
688.16,0.1263
688.18,0.1373
688.2,0.1488
688.21,0.1548
688.23,0.1671
688.24,0.1735
688.26,0.1866
688.28,0.2001
688.29,0.207
688.31,0.221
688.33,0.2354
688.34,0.2427
688.36,0.2574
688.38,0.2722
688.39,0.2796
688.41,0.2945
688.43,0.3093
688.44,0.3166
688.46,0.3311
688.48,0.3453
688.49,0.3523
688.51,0.3659
688.53,0.3789
688.54,0.3852
688.56,0.3973
688.58,0.4085
688.59,0.4139
688.61,0.4238
688.62,0.4285
688.64,0.4369
688.66,0.4443
688.67,0.4476
688.69,0.4533
688.71,0.4578
688.72,0.4595
688.74,0.4621
688.76,0.4634
688.77,0.4636
688.79,0.463
688.81,0.4611
688.82,0.4597
688.84,0.4559
688.86,0.451
688.87,0.448
688.89,0.4414
688.91,0.4337
688.92,0.4295
688.94,0.4204
688.96,0.4104
688.97,0.4052
688.99,0.3942
689.0,0.3886
689.02,0.3769
689.04,0.3649
689.05,0.3589
689.07,0.3468
689.09,0.3349
689.1,0.3291
689.12,0.3178
689.14,0.3072
689.15,0.3023
689.17,0.2934
689.19,0.2859
689.2,0.2829
689.22,0.2785
689.24,0.2766
689.25,0.2768
689.27,0.2798
689.29,0.2868
689.3,0.2921
689.32,0.3067
689.34,0.3275
689.35,0.3405
689.37,0.3728
689.38,0.3923
689.4,0.439
689.42,0.4975
689.43,0.5318
689.45,0.6116
689.47,0.7085
689.48,0.7643
689.5,0.8921
689.52,1.044
689.53,1.131
689.55,1.327
689.57,1.558
689.58,1.688
689.6,1.98
689.62,2.321
689.63,2.511
689.65,2.935
689.67,3.424
689.68,3.695
689.7,4.297
689.71,4.629
689.73,5.364
689.75,6.2
689.76,6.659
689.78,7.666
689.8,8.803
689.81,9.424
689.83,10.78
689.85,12.29
689.86,13.12
689.88,14.9
689.9,16.88
689.91,17.95
689.93,20.25
689.95,22.78
689.96,24.14
689.98,27.05
690.0,30.22
690.01,31.91
690.03,35.51
690.05,39.41
690.06,41.47
690.08,45.83
690.09,48.12
690.11,52.96
690.13,58.12
690.14,60.83
690.16,66.48
690.18,72.46
690.19,75.57
690.21,82.02
690.23,88.78
690.24,92.27
690.26,99.46
690.28,106.9
690.29,110.7
690.31,118.5
690.33,126.5
690.34,130.6
690.36,138.9
690.38,147.2
690.39,151.4
690.41,159.9
690.43,168.3
690.44,172.5
690.46,180.9
690.47,185.1
690.49,193.2
690.51,201.2
690.52,205.1
690.54,212.7
690.56,220.0
690.57,223.5
690.59,230.2
690.61,236.4
690.62,239.4
690.64,244.8
690.66,249.7
690.67,252.0
690.69,256.0
690.71,259.3
690.72,260.7
690.74,263.0
690.76,264.7
690.77,265.2
690.79,265.7
690.81,265.5
690.82,265.2
690.84,263.9
690.85,263.0
690.87,260.7
690.89,257.6
690.9,255.9
690.92,251.9
690.94,247.3
690.95,244.8
690.97,239.3
690.99,233.4
691.0,230.2
691.02,223.6
691.04,216.5
691.05,212.9
691.07,205.4
691.09,197.6
691.1,193.6
691.12,185.5
691.14,177.3
691.15,173.1
691.17,164.8
691.19,156.5
691.2,152.3
691.22,144.0
691.23,139.9
691.25,131.8
691.27,123.8
691.28,119.9
691.3,112.2
691.32,104.8
691.33,101.1
691.35,94.06
691.37,87.25
691.38,83.96
691.4,77.6
691.42,71.54
691.43,68.63
691.45,63.05
691.47,57.78
691.48,55.27
691.5,50.47
691.52,45.99
691.53,43.87
691.55,39.84
691.56,37.93
691.58,34.34
691.6,31.02
691.61,29.47
691.63,26.54
691.65,23.87
691.66,22.62
691.68,20.28
691.7,18.16
691.71,17.18
691.73,15.35
691.75,13.71
691.76,12.95
691.78,11.54
691.8,10.29
691.81,9.714
691.83,8.658
691.85,7.72
691.86,7.292
691.88,6.514
691.9,5.828
691.91,5.518
691.93,4.957
691.94,4.705
691.96,4.251
691.98,3.86
691.99,3.685
692.01,3.376
692.03,3.114
692.04,2.999
692.06,2.8
692.08,2.636
692.09,2.567
692.11,2.45
692.13,2.361
692.14,2.326
692.16,2.271
692.18,2.237
692.19,2.227
692.21,2.218
692.23,2.225
692.24,2.233
692.26,2.258
692.28,2.293
692.29,2.314
692.31,2.362
692.32,2.388
692.34,2.446
692.36,2.509
692.37,2.541
692.39,2.609
692.41,2.679
692.42,2.714
692.44,2.785
692.46,2.856
692.47,2.89
692.49,2.959
692.51,3.025
692.52,3.056
692.54,3.117
692.56,3.173
692.57,3.2
692.59,3.248
692.61,3.291
692.62,3.311
692.64,3.344
692.66,3.371
692.67,3.382
692.69,3.399
692.7,3.405
692.72,3.411
692.74,3.41
692.75,3.408
692.77,3.397
692.79,3.38
692.8,3.369
692.82,3.343
692.84,3.311
692.85,3.294
692.87,3.256
692.89,3.214
692.9,3.192
692.92,3.146
692.94,3.098
692.95,3.074
692.97,3.025
692.99,2.977
693.0,2.954
693.02,2.909
693.03,2.887
693.05,2.848
693.07,2.812
693.08,2.797
693.1,2.77
693.12,2.751
693.13,2.744
693.15,2.737
693.17,2.739
693.18,2.744
693.2,2.762
693.22,2.791
693.23,2.81
693.25,2.857
693.27,2.917
693.28,2.952
693.3,3.032
693.32,3.125
693.33,3.177
693.35,3.292
693.37,3.42
693.38,3.49
693.4,3.639
693.41,3.719
693.43,3.889
693.45,4.072
693.46,4.169
693.48,4.37
693.5,4.584
693.51,4.694
693.53,4.924
693.55,5.162
693.56,5.284
693.58,5.535
693.6,5.792
693.61,5.922
693.63,6.185
693.65,6.452
693.66,6.585
693.68,6.853
693.7,7.119
693.71,7.251
693.73,7.512
693.75,7.767
693.76,7.892
693.78,8.135
693.79,8.253
693.81,8.48
693.83,8.695
693.84,8.797
693.86,8.989
693.88,9.164
693.89,9.245
693.91,9.393
693.93,9.52
693.94,9.576
693.96,9.671
693.98,9.743
693.99,9.771
694.01,9.808
694.03,9.821
694.04,9.818
694.06,9.794
694.08,9.746
694.09,9.712
694.11,9.628
694.13,9.52
694.14,9.457
694.16,9.315
694.17,9.236
694.19,9.063
694.21,8.87
694.22,8.766
694.24,8.546
694.26,8.309
694.27,8.186
694.29,7.928
694.31,7.658
694.32,7.52
694.34,7.235
694.36,6.943
694.37,6.795
694.39,6.495
694.41,6.192
694.42,6.039
694.44,5.735
694.46,5.43
694.47,5.279
694.49,4.979
694.51,4.684
694.52,4.538
694.54,4.252
694.55,4.111
694.57,3.836
694.59,3.57
694.6,3.44
694.62,3.189
694.64,2.947
694.65,2.831
694.67,2.606
694.69,2.393
694.7,2.29
694.72,2.094
694.74,1.91
694.75,1.822
694.77,1.654
694.79,1.498
694.8,1.425
694.82,1.285
694.84,1.156
694.85,1.095
694.87,0.9814
694.88,0.928
694.9,0.8281
694.92,0.737
694.93,0.6945
694.95,0.6156
694.97,0.5442
694.98,0.5112
695.0,0.4501
695.02,0.3953
695.03,0.3701
695.05,0.3239
695.07,0.2827
695.08,0.2639
695.1,0.2296
695.12,0.1994
695.13,0.1857
695.15,0.1608
695.17,0.1391
695.18,0.1293
695.2,0.1118
695.22,0.09671
695.23,0.08999
695.25,0.07807
695.26,0.07281
695.28,0.06359
695.3,0.05593
695.31,0.05265
695.33,0.04706
695.35,0.04269
695.36,0.04092
695.38,0.03817
695.4,0.03639
695.41,0.03584
695.43,0.0354
695.45,0.03579
695.46,0.03629
695.48,0.03786
695.5,0.0402
695.51,0.04166
695.53,0.04514
695.55,0.04939
695.56,0.0518
695.58,0.05722
695.6,0.06344
695.61,0.06686
695.63,0.07435
695.64,0.07842
695.66,0.08723
695.68,0.09697
695.69,0.1022
695.71,0.1134
695.73,0.1256
695.74,0.1321
695.76,0.1459
695.78,0.1607
695.79,0.1686
695.81,0.1851
695.83,0.2027
695.84,0.2119
695.86,0.2312
695.88,0.2516
695.89,0.2621
695.91,0.2841
695.93,0.3071
695.94,0.319
695.96,0.3435
695.98,0.3688
695.99,0.3818
696.01,0.4083
696.02,0.4218
696.04,0.4492
696.06,0.4772
696.07,0.4913
696.09,0.5197
696.11,0.5482
696.12,0.5625
696.14,0.591
696.16,0.6192
696.17,0.6332
696.19,0.6608
696.21,0.6876
696.22,0.7007
696.24,0.7262
696.26,0.7506
696.27,0.7623
696.29,0.7846
696.31,0.8055
696.32,0.8152
696.34,0.8334
696.35,0.8418
696.37,0.8571
696.39,0.8703
696.4,0.8761
696.42,0.886
696.44,0.8936
696.45,0.8965
696.47,0.9005
696.49,0.9022
696.5,0.9021
696.52,0.9002
696.54,0.8959
696.55,0.8929
696.57,0.8852
696.59,0.8754
696.6,0.8697
696.62,0.8567
696.64,0.842
696.65,0.8339
696.67,0.8167
696.69,0.7979
696.7,0.7881
696.72,0.7676
696.73,0.7569
696.75,0.7351
696.77,0.7126
696.78,0.7011
696.8,0.6781
696.82,0.6551
696.83,0.6436
696.85,0.6209
696.87,0.5987
696.88,0.5879
696.9,0.5669
696.92,0.547
696.93,0.5375
696.95,0.5196
696.97,0.5032
696.98,0.4957
697.0,0.482
697.02,0.4703
697.03,0.4653
697.05,0.4568
697.07,0.4507
697.08,0.4486
697.1,0.4461
697.11,0.4459
697.13,0.4472
697.15,0.4512
697.16,0.4542
697.18,0.4622
697.2,0.4728
697.21,0.4791
697.23,0.4937
697.25,0.5108
697.26,0.5203
697.28,0.5411
697.3,0.5642
697.31,0.5765
697.33,0.6029
697.35,0.6311
697.36,0.646
697.38,0.6768
697.4,0.7092
697.41,0.7259
697.43,0.76
697.45,0.7951
697.46,0.8129
697.48,0.8488
697.49,0.8668
697.51,0.903
697.53,0.939
697.54,0.9568
697.56,0.992
697.58,1.026
697.59,1.043
697.61,1.075
697.63,1.106
697.64,1.121
697.66,1.149
697.68,1.174
697.69,1.186
697.71,1.208
697.73,1.227
697.74,1.236
697.76,1.25
697.78,1.262
697.79,1.266
697.81,1.273
697.83,1.276
697.84,1.276
697.86,1.274
697.87,1.272
697.89,1.264
697.91,1.254
697.92,1.247
697.94,1.232
697.96,1.213
697.97,1.203
697.99,1.18
698.01,1.155
698.02,1.141
698.04,1.111
698.06,1.08
698.07,1.063
698.09,1.029
698.11,0.993
698.12,0.9745
698.14,0.9366
698.16,0.8976
698.17,0.8779
698.19,0.838
698.2,0.8179
698.22,0.7775
698.24,0.7371
698.25,0.717
698.27,0.6769
698.29,0.6374
698.3,0.6179
698.32,0.5794
698.34,0.5418
698.35,0.5234
698.37,0.4875
698.39,0.4528
698.4,0.436
698.42,0.4033
698.44,0.3721
698.45,0.357
698.47,0.328
698.49,0.3006
698.5,0.2874
698.52,0.2623
698.54,0.2388
698.55,0.2276
698.57,0.2063
698.58,0.1962
698.6,0.1772
698.62,0.1595
698.63,0.1512
698.65,0.1357
698.67,0.1214
698.68,0.1147
698.7,0.1022
698.72,0.09085
698.73,0.08557
698.75,0.07579
698.77,0.06695
698.78,0.06288
698.8,0.05536
698.82,0.04863
698.83,0.04554
698.85,0.03988
698.87,0.03486
698.88,0.03257
698.9,0.02841
698.92,0.02475
698.93,0.02309
698.95,0.02011
698.96,0.01876
698.98,0.01635
699.0,0.01429
699.01,0.01337
699.03,0.01176
699.05,0.01042
699.06,0.009838
699.08,0.008859
699.1,0.008103
699.11,0.007804
699.13,0.007361
699.15,0.007118
699.16,0.007071
699.18,0.007127
699.2,0.007387
699.21,0.007596
699.23,0.008182
699.25,0.009002
699.26,0.009507
699.28,0.01072
699.3,0.01223
699.31,0.01311
699.33,0.01514
699.34,0.0163
699.36,0.01893
699.38,0.02204
699.39,0.02379
699.41,0.02772
699.43,0.03229
699.44,0.03484
699.46,0.04051
699.48,0.04705
699.49,0.05066
699.51,0.05867
699.53,0.0678
699.54,0.07282
699.56,0.08388
699.58,0.09639
699.59,0.1032
699.61,0.1182
699.63,0.1351
699.64,0.1442
699.66,0.1642
699.67,0.175
699.69,0.1985
699.71,0.2246
699.72,0.2386
699.74,0.269
699.76,0.3025
699.77,0.3204
699.79,0.359
699.81,0.4012
699.82,0.4237
699.84,0.4718
699.86,0.5241
699.87,0.5519
699.89,0.6109
699.91,0.6745
699.92,0.7081
699.94,0.779
699.96,0.855
699.97,0.895
699.99,0.9788
700.01,1.068
700.02,1.115
700.04,1.212
700.05,1.263
700.07,1.368
700.09,1.479
700.1,1.536
700.12,1.655
700.14,1.779
700.15,1.842
700.17,1.974
700.19,2.11
700.2,2.179
700.22,2.321
700.24,2.468
700.25,2.542
700.27,2.693
700.29,2.848
700.3,2.926
700.32,3.083
700.34,3.243
700.35,3.323
700.37,3.484
700.39,3.645
700.4,3.726
700.42,3.887
700.43,3.967
700.45,4.126
700.47,4.283
700.48,4.361
700.5,4.514
700.52,4.664
700.53,4.737
700.55,4.881
700.57,5.02
700.58,5.087
700.6,5.218
700.62,5.343
700.63,5.403
700.65,5.517
700.67,5.625
700.68,5.677
700.7,5.773
700.72,5.862
700.73,5.903
700.75,5.98
700.77,6.048
700.78,6.079
700.8,6.134
700.81,6.158
700.83,6.2
700.85,6.233
700.86,6.247
700.88,6.266
700.9,6.278
700.91,6.28
700.93,6.278
700.95,6.268
700.96,6.26
700.98,6.237
701.0,6.207
701.01,6.189
701.03,6.148
701.05,6.099
701.06,6.072
701.08,6.014
701.1,5.949
701.11,5.915
701.13,5.842
701.14,5.804
701.16,5.724
701.18,5.64
701.19,5.597
701.21,5.508
701.23,5.416
701.24,5.37
701.26,5.275
701.28,5.18
701.29,5.132
701.31,5.036
701.33,4.941
701.34,4.894
701.36,4.801
701.38,4.71
701.39,4.665
701.41,4.579
701.43,4.497
701.44,4.458
701.46,4.382
701.48,4.313
701.49,4.28
701.51,4.22
701.52,4.193
701.54,4.143
701.56,4.101
701.57,4.084
701.59,4.054
701.61,4.034
701.62,4.028
701.64,4.022
701.66,4.026
701.67,4.031
701.69,4.051
701.71,4.081
701.72,4.1
701.74,4.146
701.76,4.203
701.77,4.236
701.79,4.31
701.81,4.394
701.82,4.441
701.84,4.541
701.86,4.653
701.87,4.712
701.89,4.839
701.9,4.906
701.92,5.047
701.94,5.198
701.95,5.276
701.97,5.438
701.99,5.608
702.0,5.696
702.02,5.875
702.04,6.06
702.05,6.154
702.07,6.345
702.09,6.539
702.1,6.637
702.12,6.832
702.14,7.027
702.15,7.125
702.17,7.317
702.19,7.506
702.2,7.599
702.22,7.78
702.24,7.954
702.25,8.038
702.27,8.2
702.28,8.277
702.3,8.422
702.32,8.556
702.33,8.618
702.35,8.731
702.37,8.829
702.38,8.872
702.4,8.946
702.42,9.004
702.43,9.026
702.45,9.056
702.47,9.068
702.48,9.067
702.5,9.052
702.52,9.017
702.53,8.993
702.55,8.931
702.57,8.85
702.58,8.804
702.6,8.697
702.62,8.574
702.63,8.507
702.65,8.361
702.66,8.282
702.68,8.116
702.7,7.937
702.71,7.844
702.73,7.65
702.75,7.448
702.76,7.344
702.78,7.132
702.8,6.916
702.81,6.806
702.83,6.587
702.85,6.367
702.86,6.257
702.88,6.041
702.9,5.828
702.91,5.723
702.93,5.519
702.95,5.323
702.96,5.228
702.98,5.045
702.99,4.958
703.01,4.793
703.03,4.64
703.04,4.568
703.06,4.436
703.08,4.317
703.09,4.264
703.11,4.168
703.13,4.088
703.14,4.054
703.16,3.997
703.18,3.956
703.19,3.941
703.21,3.923
703.23,3.92
703.24,3.924
703.26,3.943
703.28,3.974
703.29,3.995
703.31,4.046
703.33,4.107
703.34,4.142
703.36,4.219
703.37,4.261
703.39,4.35
703.41,4.446
703.42,4.496
703.44,4.601
703.46,4.709
703.47,4.764
703.49,4.875
703.51,4.988
703.52,5.044
703.54,5.155
703.56,5.265
703.57,5.318
703.59,5.423
703.61,5.524
703.62,5.572
703.64,5.665
703.66,5.751
703.67,5.792
703.69,5.869
703.71,5.938
703.72,5.97
703.74,6.028
703.75,6.054
703.77,6.101
703.79,6.141
703.8,6.158
703.82,6.186
703.84,6.208
703.85,6.217
703.87,6.229
703.89,6.236
703.9,6.238
703.92,6.237
703.94,6.233
703.95,6.23
703.97,6.222
703.99,6.211
704.0,6.206
704.02,6.193
704.04,6.181
704.05,6.175
704.07,6.165
704.09,6.155
704.1,6.151
704.12,6.146
704.13,6.144
704.15,6.143
704.17,6.146
704.18,6.149
704.2,6.158
704.22,6.171
704.23,6.179
704.25,6.199
704.27,6.223
704.28,6.237
704.3,6.267
704.32,6.301
704.33,6.319
704.35,6.358
704.37,6.4
704.38,6.421
704.4,6.466
704.42,6.511
704.43,6.534
704.45,6.58
704.46,6.602
704.48,6.647
704.5,6.689
704.51,6.71
704.53,6.748
704.55,6.783
704.56,6.798
704.58,6.826
704.6,6.848
704.61,6.856
704.63,6.869
704.65,6.875
704.66,6.875
704.68,6.87
704.7,6.857
704.71,6.847
704.73,6.822
704.75,6.789
704.76,6.77
704.78,6.725
704.8,6.673
704.81,6.644
704.83,6.581
704.84,6.547
704.86,6.474
704.88,6.395
704.89,6.354
704.91,6.268
704.93,6.177
704.94,6.131
704.96,6.036
704.98,5.938
704.99,5.889
705.01,5.79
705.03,5.691
705.04,5.642
705.06,5.545
705.08,5.449
705.09,5.402
705.11,5.311
705.13,5.222
705.14,5.18
705.16,5.098
705.18,5.021
705.19,4.984
705.21,4.915
705.22,4.882
705.24,4.821
705.26,4.765
705.27,4.739
705.29,4.691
705.31,4.648
705.32,4.629
705.34,4.593
705.36,4.562
705.37,4.548
705.39,4.523
705.41,4.5
705.42,4.49
705.44,4.471
705.46,4.454
705.47,4.446
705.49,4.429
705.51,4.413
705.52,4.405
705.54,4.388
705.56,4.368
705.57,4.358
705.59,4.336
705.6,4.323
705.62,4.296
705.64,4.265
705.65,4.248
705.67,4.211
705.69,4.17
705.7,4.147
705.72,4.099
705.74,4.046
705.75,4.017
705.77,3.957
705.79,3.892
705.8,3.858
705.82,3.786
705.84,3.711
705.85,3.672
705.87,3.591
705.89,3.507
705.9,3.464
705.92,3.377
705.94,3.287
705.95,3.242
705.97,3.151
705.98,3.106
706.0,3.014
706.02,2.923
706.03,2.878
706.05,2.79
706.07,2.703
706.08,2.661
706.1,2.578
706.12,2.499
706.13,2.461
706.15,2.389
706.17,2.321
706.18,2.289
706.2,2.229
706.22,2.175
706.23,2.151
706.25,2.106
706.27,2.068
706.28,2.052
706.3,2.025
706.31,2.014
706.33,1.997
706.35,1.988
706.36,1.986
706.38,1.988
706.4,1.997
706.41,2.004
706.43,2.024
706.45,2.05
706.46,2.066
706.48,2.102
706.5,2.144
706.51,2.168
706.53,2.218
706.55,2.274
706.56,2.304
706.58,2.366
706.6,2.432
706.61,2.466
706.63,2.537
706.65,2.61
706.66,2.647
706.68,2.721
706.69,2.759
706.71,2.834
706.73,2.909
706.74,2.946
706.76,3.019
706.78,3.09
706.79,3.124
706.81,3.191
706.83,3.253
706.84,3.283
706.86,3.339
706.88,3.39
706.89,3.413
706.91,3.456
706.93,3.494
706.94,3.51
706.96,3.538
706.98,3.561
706.99,3.57
707.01,3.584
707.03,3.593
707.04,3.596
707.06,3.598
707.07,3.598
707.09,3.596
707.11,3.592
707.12,3.589
707.14,3.585
707.16,3.584
707.17,3.584
707.19,3.59
707.21,3.603
707.22,3.614
707.24,3.646
707.26,3.693
707.27,3.724
707.29,3.804
707.31,3.911
707.32,3.977
707.34,4.135
707.36,4.334
707.37,4.452
707.39,4.727
707.41,5.063
707.42,5.256
707.44,5.698
707.45,5.95
707.47,6.522
707.49,7.194
707.5,7.571
707.52,8.416
707.54,9.393
707.55,9.936
707.57,11.14
707.59,12.51
707.6,13.27
707.62,14.93
707.64,16.8
707.65,17.83
707.67,20.05
707.69,22.55
707.7,23.9
707.72,26.82
707.74,30.05
707.75,31.79
707.77,35.53
707.78,37.53
707.8,41.83
707.82,46.51
707.83,49.0
707.85,54.3
707.87,60.04
707.88,63.07
707.9,69.48
707.92,76.36
707.93,79.97
707.95,87.56
707.97,95.62
707.98,99.83
708.0,108.6
708.02,117.8
708.03,122.6
708.05,132.6
708.07,142.9
708.08,148.2
708.1,159.2
708.12,170.5
708.13,176.3
708.15,188.1
708.16,194.1
708.18,206.2
708.2,218.6
708.21,224.8
708.23,237.4
708.25,250.0
708.26,256.2
708.28,268.8
708.3,281.1
708.31,287.3
708.33,299.3
708.35,311.1
708.36,316.8
708.38,327.9
708.4,338.5
708.41,343.6
708.43,353.4
708.45,362.5
708.46,366.7
708.48,374.6
708.5,381.7
708.51,384.9
708.53,390.7
708.54,393.2
708.56,397.5
708.58,400.8
708.59,402.0
708.61,403.8
708.63,404.4
708.64,404.4
708.66,403.4
708.68,401.5
708.69,400.1
708.71,396.6
708.73,392.0
708.74,389.4
708.76,383.4
708.78,376.6
708.79,372.8
708.81,364.7
708.83,355.9
708.84,351.2
708.86,341.3
708.88,330.8
708.89,325.4
708.91,314.2
708.92,308.4
708.94,296.6
708.96,284.5
708.97,278.4
708.99,266.0
709.01,253.5
709.02,247.2
709.04,234.7
709.06,222.2
709.07,216.0
709.09,203.7
709.11,191.6
709.12,185.6
709.14,173.9
709.16,162.6
709.17,157.0
709.19,146.2
709.21,135.7
709.22,130.6
709.24,120.8
709.26,111.5
709.27,107.0
709.29,98.32
709.3,94.16
709.32,86.21
709.34,78.73
709.35,75.16
709.37,68.37
709.39,62.04
709.4,59.04
709.42,53.38
709.44,48.13
709.45,45.66
709.47,41.02
709.49,36.76
709.5,34.76
709.52,31.04
709.54,27.64
709.55,26.06
709.57,23.13
709.59,20.47
709.6,19.25
709.62,16.98
709.63,15.93
709.65,14.0
709.67,12.28
709.68,11.49
709.7,10.04
709.72,8.755
709.73,8.168
709.75,7.099
709.77,6.157
709.78,5.729
709.8,4.954
709.82,4.275
709.83,3.968
709.85,3.415
709.87,2.935
709.88,2.719
709.9,2.331
709.92,1.997
709.93,1.848
709.95,1.581
709.97,1.353
709.98,1.252
710.0,1.073
710.01,0.9935
710.03,0.854
710.05,0.7366
710.06,0.6853
710.08,0.596
710.1,0.5222
710.11,0.4906
710.13,0.4365
710.15,0.3933
710.16,0.3753
710.18,0.3459
710.2,0.3242
710.21,0.3159
710.23,0.3039
710.25,0.2973
710.26,0.2959
710.28,0.2963
710.3,0.3006
710.31,0.3041
710.33,0.3134
710.35,0.3256
710.36,0.3327
710.38,0.3485
710.39,0.3573
710.41,0.3762
710.43,0.3967
710.44,0.4076
710.46,0.4303
710.48,0.4541
710.49,0.4664
710.51,0.4915
710.53,0.5173
710.54,0.5304
710.56,0.5568
710.58,0.5834
710.59,0.5966
710.61,0.6231
710.63,0.6492
710.64,0.662
710.66,0.6873
710.68,0.7118
710.69,0.7237
710.71,0.7467
710.73,0.7685
710.74,0.7789
710.76,0.7985
710.77,0.8077
710.79,0.8249
710.81,0.8403
710.82,0.8472
710.84,0.8596
710.86,0.87
710.87,0.8743
710.89,0.8814
710.91,0.8861
710.92,0.8877
710.94,0.889
710.96,0.888
710.97,0.8866
710.99,0.8821
711.01,0.8754
711.02,0.8712
711.04,0.8612
711.06,0.849
711.07,0.8422
711.09,0.8271
711.1,0.8188
711.12,0.801
711.14,0.7815
711.15,0.7712
711.17,0.7496
711.19,0.7266
711.2,0.7147
711.22,0.6901
711.24,0.6647
711.25,0.6517
711.27,0.6253
711.29,0.5983
711.3,0.5848
711.32,0.5575
711.34,0.5301
711.35,0.5164
711.37,0.4892
711.39,0.4622
711.4,0.4489
711.42,0.4226
711.44,0.3968
711.45,0.3842
711.47,0.3594
711.48,0.3474
711.5,0.3238
711.52,0.3011
711.53,0.2901
711.55,0.2689
711.57,0.2486
711.58,0.2388
711.6,0.2201
711.62,0.2024
711.63,0.1939
711.65,0.1777
711.67,0.1626
711.68,0.1554
711.7,0.1418
711.72,0.1292
711.73,0.1233
711.75,0.1121
711.77,0.1019
711.78,0.09712
711.8,0.08821
711.82,0.08015
711.83,0.07643
711.85,0.06959
711.86,0.06646
711.88,0.06078
711.9,0.05583
711.91,0.05362
711.93,0.04974
711.95,0.04656
711.96,0.04522
711.98,0.04307
712.0,0.04159
712.01,0.04111
712.03,0.04067
712.05,0.04094
712.06,0.04135
712.08,0.04273
712.1,0.0449
712.11,0.04629
712.13,0.04972
712.15,0.05407
712.16,0.0566
712.18,0.06243
712.2,0.06936
712.21,0.07326
712.23,0.08199
712.24,0.08685
712.26,0.09762
712.28,0.1099
712.29,0.1166
712.31,0.1313
712.33,0.1479
712.34,0.1568
712.36,0.1763
712.38,0.198
712.39,0.2097
712.41,0.2348
712.43,0.2625
712.44,0.2773
712.46,0.309
712.48,0.3435
712.49,0.3619
712.51,0.401
712.53,0.4433
712.54,0.4657
712.56,0.5129
712.57,0.5378
712.59,0.5902
712.61,0.646
712.62,0.6753
712.64,0.7365
712.66,0.8013
712.67,0.835
712.69,0.905
712.71,0.9784
712.72,1.016
712.74,1.095
712.76,1.176
712.77,1.218
712.79,1.304
712.81,1.393
712.82,1.438
712.84,1.53
712.86,1.624
712.87,1.672
712.89,1.768
712.91,1.865
712.92,1.915
712.94,2.013
712.95,2.063
712.97,2.161
712.99,2.26
713.0,2.309
713.02,2.406
713.04,2.502
713.05,2.55
713.07,2.643
713.09,2.735
713.1,2.78
713.12,2.867
713.14,2.953
713.15,2.994
713.17,3.075
713.19,3.153
713.2,3.19
713.22,3.263
713.24,3.333
713.25,3.367
713.27,3.432
713.29,3.494
713.3,3.524
713.32,3.582
713.33,3.61
713.35,3.664
713.37,3.717
713.38,3.742
713.4,3.792
713.42,3.841
713.43,3.865
713.45,3.912
713.47,3.959
713.48,3.982
713.5,4.029
713.52,4.076
713.53,4.1
713.55,4.148
713.57,4.197
713.58,4.222
713.6,4.272
713.62,4.324
713.63,4.35
713.65,4.403
713.67,4.458
713.68,4.485
713.7,4.54
713.71,4.568
713.73,4.624
713.75,4.68
713.76,4.707
713.78,4.762
713.8,4.815
713.81,4.841
713.83,4.891
713.85,4.938
713.86,4.961
713.88,5.003
713.9,5.04
713.91,5.057
713.93,5.086
713.95,5.11
713.96,5.119
713.98,5.132
714.0,5.138
714.01,5.138
714.03,5.132
714.05,5.117
714.06,5.106
714.08,5.078
714.09,5.06
714.11,5.018
714.13,4.966
714.14,4.937
714.16,4.871
714.18,4.797
714.19,4.756
714.21,4.668
714.23,4.571
714.24,4.52
714.26,4.412
714.28,4.296
714.29,4.236
714.31,4.11
714.33,3.979
714.34,3.912
714.36,3.773
714.38,3.631
714.39,3.559
714.41,3.412
714.42,3.338
714.44,3.189
714.46,3.039
714.47,2.963
714.49,2.813
714.51,2.664
714.52,2.59
714.54,2.443
714.56,2.299
714.57,2.228
714.59,2.088
714.61,1.953
714.62,1.886
714.64,1.757
714.66,1.632
714.67,1.572
714.69,1.455
714.71,1.343
714.72,1.289
714.74,1.186
714.76,1.088
714.77,1.041
714.79,0.9514
714.8,0.9088
714.82,0.8276
714.84,0.7519
714.85,0.7161
714.87,0.6484
714.89,0.5859
714.9,0.5565
714.92,0.5014
714.94,0.4511
714.95,0.4277
714.97,0.3841
714.99,0.3448
715.0,0.3267
715.02,0.2934
715.04,0.2639
715.05,0.2505
715.07,0.2263
715.09,0.2055
715.1,0.1963
715.12,0.1802
715.14,0.1672
715.15,0.1617
715.17,0.153
715.18,0.1497
715.2,0.1451
715.22,0.1431
715.23,0.1432
715.25,0.1452
715.27,0.1499
715.28,0.1532
715.3,0.1619
715.32,0.1733
715.33,0.1801
715.35,0.1957
715.37,0.2142
715.38,0.2245
715.4,0.2476
715.42,0.2737
715.43,0.2881
715.45,0.3192
715.47,0.3538
715.48,0.3724
715.5,0.4124
715.52,0.4562
715.53,0.4795
715.55,0.5292
715.56,0.5555
715.58,0.6112
715.6,0.6711
715.61,0.7027
715.63,0.7689
715.65,0.8393
715.66,0.8762
715.68,0.953
715.7,1.034
715.71,1.076
715.73,1.163
715.75,1.254
715.76,1.301
715.78,1.397
715.8,1.496
715.81,1.547
715.83,1.651
715.85,1.757
715.86,1.811
715.88,1.92
715.89,1.975
715.91,2.086
715.93,2.197
715.94,2.252
715.96,2.363
715.98,2.473
715.99,2.528
716.01,2.635
716.03,2.74
716.04,2.791
716.06,2.891
716.08,2.986
716.09,3.032
716.11,3.12
716.13,3.202
716.14,3.241
716.16,3.313
716.18,3.378
716.19,3.408
716.21,3.461
716.23,3.507
716.24,3.526
716.26,3.558
716.27,3.571
716.29,3.59
716.31,3.599
716.32,3.6
716.34,3.596
716.36,3.582
716.37,3.571
716.39,3.543
716.41,3.507
716.42,3.485
716.44,3.436
716.46,3.378
716.47,3.347
716.49,3.278
716.51,3.202
716.52,3.162
716.54,3.077
716.56,2.986
716.57,2.939
716.59,2.841
716.61,2.74
716.62,2.688
716.64,2.582
716.65,2.528
716.67,2.418
716.69,2.308
716.7,2.252
716.72,2.141
716.74,2.03
716.75,1.975
716.77,1.865
716.79,1.757
716.8,1.703
716.82,1.598
716.84,1.496
716.85,1.446
716.87,1.348
716.89,1.253
716.9,1.207
716.92,1.118
716.94,1.033
716.95,0.992
716.97,0.9129
716.99,0.8379
717.0,0.802
717.02,0.7333
717.03,0.7005
717.05,0.638
717.07,0.5796
717.08,0.5519
717.1,0.4995
717.12,0.4509
717.13,0.428
717.15,0.3849
717.17,0.3454
717.18,0.3269
717.2,0.2923
717.22,0.2608
717.23,0.2461
717.25,0.2189
717.27,0.1944
717.28,0.1832
717.3,0.1624
717.32,0.1439
717.33,0.1355
717.35,0.1202
717.37,0.1069
717.38,0.101
717.4,0.09039
717.41,0.08575
717.43,0.07771
717.45,0.07128
717.46,0.06865
717.48,0.06455
717.5,0.06199
717.51,0.06128
717.53,0.06103
717.55,0.06237
717.56,0.06366
717.58,0.06752
717.6,0.07319
717.61,0.07675
717.63,0.08541
717.65,0.09628
717.66,0.1026
717.68,0.1172
717.7,0.1347
717.71,0.1445
717.73,0.1668
717.74,0.1793
717.76,0.2072
717.78,0.2395
717.79,0.2574
717.81,0.297
717.83,0.3422
717.84,0.3671
717.86,0.4218
717.88,0.4836
717.89,0.5174
717.91,0.5912
717.93,0.674
717.94,0.719
717.96,0.8167
717.98,0.9254
717.99,0.9841
718.01,1.111
718.03,1.251
718.04,1.326
718.06,1.487
718.08,1.664
718.09,1.759
718.11,1.96
718.12,2.068
718.14,2.296
718.16,2.543
718.17,2.673
718.19,2.949
718.21,3.246
718.22,3.402
718.24,3.729
718.26,4.078
718.27,4.26
718.29,4.64
718.31,5.041
718.32,5.25
718.34,5.682
718.36,6.135
718.37,6.368
718.39,6.848
718.41,7.346
718.42,7.602
718.44,8.123
718.46,8.658
718.47,8.931
718.49,9.483
718.5,9.762
718.52,10.33
718.54,10.89
718.55,11.18
718.57,11.75
718.59,12.32
718.6,12.6
718.62,13.16
718.64,13.71
718.65,13.98
718.67,14.51
718.69,15.02
718.7,15.26
718.72,15.74
718.74,16.19
718.75,16.4
718.77,16.81
718.79,17.18
718.8,17.35
718.82,17.66
718.84,17.94
718.85,18.06
718.87,18.27
718.88,18.36
718.9,18.5
718.92,18.6
718.93,18.63
718.95,18.66
718.97,18.64
718.98,18.61
719.0,18.53
719.02,18.39
719.03,18.3
719.05,18.1
719.07,17.86
719.08,17.72
719.1,17.41
719.12,17.07
719.13,16.88
719.15,16.49
719.17,16.06
719.18,15.83
719.2,15.37
719.21,15.12
719.23,14.62
719.25,14.1
719.26,13.83
719.28,13.29
719.3,12.74
719.31,12.46
719.33,11.9
719.35,11.33
719.36,11.05
719.38,10.48
719.4,9.925
719.41,9.648
719.43,9.1
719.45,8.563
719.46,8.299
719.48,7.781
719.5,7.278
719.51,7.033
719.53,6.556
719.55,6.098
719.56,5.876
719.58,5.448
719.59,5.241
719.61,4.845
719.63,4.47
719.64,4.291
719.66,3.95
719.68,3.631
719.69,3.48
719.71,3.195
719.73,2.933
719.74,2.81
719.76,2.582
719.78,2.376
719.79,2.281
719.81,2.109
719.83,1.958
719.84,1.891
719.86,1.774
719.88,1.679
719.89,1.639
719.91,1.578
719.93,1.539
719.94,1.528
719.96,1.525
719.97,1.532
719.99,1.565
720.01,1.623
720.02,1.662
720.04,1.761
720.06,1.888
720.07,1.963
720.09,2.136
720.11,2.341
720.12,2.457
720.14,2.714
720.16,3.009
720.17,3.171
720.19,3.526
720.21,3.925
720.22,4.141
720.24,4.608
720.26,5.124
720.27,5.402
720.29,5.996
720.31,6.646
720.32,6.992
720.34,7.728
720.35,8.119
720.37,8.946
720.39,9.837
720.4,10.31
720.42,11.29
720.44,12.35
720.45,12.9
720.47,14.05
720.49,15.27
720.5,15.9
720.52,17.22
720.54,18.6
720.55,19.31
720.57,20.79
720.59,22.31
720.6,23.1
720.62,24.7
720.64,26.35
720.65,27.19
720.67,28.9
720.69,30.65
720.7,31.53
720.72,33.3
720.73,34.2
720.75,35.99
720.77,37.78
720.78,38.68
720.8,40.46
720.82,42.21
720.83,43.08
720.85,44.79
720.87,46.45
720.88,47.26
720.9,48.83
720.92,50.34
720.93,51.06
720.95,52.45
720.97,53.74
720.98,54.35
721.0,55.5
721.02,56.53
721.03,57.01
721.05,57.87
721.06,58.26
721.08,58.94
721.1,59.49
721.11,59.71
721.13,60.07
721.15,60.3
721.16,60.36
721.18,60.39
721.2,60.29
721.21,60.2
721.23,59.91
721.25,59.51
721.26,59.26
721.28,58.68
721.3,58.0
721.31,57.62
721.33,56.79
721.35,55.87
721.36,55.38
721.38,54.33
721.4,53.22
721.41,52.64
721.43,51.44
721.44,50.82
721.46,49.55
721.48,48.24
721.49,47.57
721.51,46.22
721.53,44.85
721.54,44.16
721.56,42.78
721.58,41.39
721.59,40.7
721.61,39.32
721.63,37.95
721.64,37.27
721.66,35.93
721.68,34.61
721.69,33.96
721.71,32.67
721.73,31.42
721.74,30.8
721.76,29.59
721.78,28.41
721.79,27.83
721.81,26.7
721.82,26.15
721.84,25.07
721.86,24.02
721.87,23.51
721.89,22.51
721.91,21.54
721.92,21.07
721.94,20.14
721.96,19.25
721.97,18.82
721.99,17.97
722.01,17.14
722.02,16.74
722.04,15.96
722.06,15.21
722.07,14.84
722.09,14.12
722.11,13.43
722.12,13.09
722.14,12.44
722.16,11.8
722.17,11.5
722.19,10.9
722.2,10.61
722.22,10.04
722.24,9.505
722.25,9.244
722.27,8.738
722.29,8.255
722.3,8.023
722.32,7.574
722.34,7.148
722.35,6.943
722.37,6.551
722.39,6.18
722.4,6.003
722.42,5.666
722.44,5.349
722.45,5.199
722.47,4.914
722.49,4.649
722.5,4.524
722.52,4.288
722.53,4.177
722.55,3.968
722.57,3.777
722.58,3.688
722.6,3.521
722.62,3.37
722.63,3.299
722.65,3.169
722.67,3.051
722.68,2.997
722.7,2.896
722.72,2.806
722.73,2.765
722.75,2.688
722.77,2.619
722.78,2.588
722.8,2.529
722.82,2.475
722.83,2.45
722.85,2.403
722.87,2.36
722.88,2.339
722.9,2.299
722.91,2.28
722.93,2.242
722.95,2.205
722.96,2.187
722.98,2.15
723.0,2.113
723.01,2.095
723.03,2.057
723.05,2.018
723.06,1.998
723.08,1.957
723.1,1.915
723.11,1.893
723.13,1.849
723.15,1.805
723.16,1.782
723.18,1.736
723.2,1.689
723.21,1.665
723.23,1.618
723.25,1.571
723.26,1.548
723.28,1.503
723.29,1.48
723.31,1.437
723.33,1.395
723.34,1.376
723.36,1.338
723.38,1.305
723.39,1.289
723.41,1.262
723.43,1.24
723.44,1.231
723.46,1.218
723.48,1.212
723.49,1.212
723.51,1.218
723.53,1.233
723.54,1.244
723.56,1.275
723.58,1.316
723.59,1.342
723.61,1.403
723.63,1.477
723.64,1.52
723.66,1.617
723.67,1.672
723.69,1.795
723.71,1.936
723.72,2.014
723.74,2.185
723.76,2.377
723.77,2.482
723.79,2.709
723.81,2.961
723.82,3.096
723.84,3.387
723.86,3.705
723.87,3.875
723.89,4.237
723.91,4.629
723.92,4.836
723.94,5.275
723.96,5.747
723.97,5.995
723.99,6.516
724.01,7.07
724.02,7.36
724.04,7.965
724.05,8.281
724.07,8.936
724.09,9.625
724.1,9.982
724.12,10.72
724.14,11.49
724.15,11.88
724.17,12.69
724.19,13.53
724.2,13.96
724.22,14.84
724.24,15.74
724.25,16.19
724.27,17.12
724.29,18.06
724.3,18.54
724.32,19.5
724.34,20.47
724.35,20.95
724.37,21.92
724.38,22.41
724.4,23.38
724.42,24.34
724.43,24.82
724.45,25.77
724.47,26.71
724.48,27.17
724.5,28.08
724.52,28.96
724.53,29.4
724.55,30.25
724.57,31.07
724.58,31.47
724.6,32.25
724.62,33.0
724.63,33.36
724.65,34.06
724.67,34.72
724.68,35.04
724.7,35.65
724.72,36.23
724.73,36.51
724.75,37.03
724.76,37.28
724.78,37.76
724.8,38.2
724.81,38.41
724.83,38.8
724.85,39.17
724.86,39.34
724.88,39.66
724.9,39.95
724.91,40.08
724.93,40.33
724.95,40.56
724.96,40.66
724.98,40.84
725.0,41.0
725.01,41.06
725.03,41.18
725.05,41.27
725.06,41.3
725.08,41.35
725.1,41.37
725.11,41.36
725.13,41.33
725.14,41.31
725.16,41.23
725.18,41.11
725.19,41.04
725.21,40.87
725.23,40.66
725.24,40.54
725.26,40.27
725.28,39.96
725.29,39.78
725.31,39.4
725.33,38.98
725.34,38.75
725.36,38.25
725.38,37.71
725.39,37.42
725.41,36.81
725.43,36.15
725.44,35.81
725.46,35.09
725.48,34.33
725.49,33.93
725.51,33.11
725.52,32.69
725.54,31.82
725.56,30.93
725.57,30.47
725.59,29.54
725.61,28.58
725.62,28.1
725.64,27.13
725.66,26.15
725.67,25.66
725.69,24.68
725.71,23.71
725.72,23.22
725.74,22.27
725.76,21.33
725.77,20.86
725.79,19.96
725.81,19.08
725.82,18.65
725.84,17.83
725.85,17.43
725.87,16.66
725.89,15.94
725.9,15.59
725.92,14.94
725.94,14.34
725.95,14.06
725.97,13.53
725.99,13.06
726.0,12.85
726.02,12.47
726.04,12.14
726.05,11.99
726.07,11.75
726.09,11.56
726.1,11.48
726.12,11.37
726.14,11.32
726.15,11.31
726.17,11.32
726.19,11.38
726.2,11.43
726.22,11.56
726.23,11.64
726.25,11.82
726.27,12.04
726.28,12.16
726.3,12.43
726.32,12.72
726.33,12.87
726.35,13.19
726.37,13.53
726.38,13.7
726.4,14.05
726.42,14.41
726.43,14.59
726.45,14.95
726.47,15.31
726.48,15.48
726.5,15.82
726.52,16.15
726.53,16.31
726.55,16.62
726.57,16.9
726.58,17.03
726.6,17.28
726.61,17.39
726.63,17.6
726.65,17.78
726.66,17.85
726.68,17.98
726.7,18.08
726.71,18.11
726.73,18.15
726.75,18.16
726.76,18.15
726.78,18.1
726.8,18.02
726.81,17.97
726.83,17.84
726.85,17.67
726.86,17.58
726.88,17.36
726.9,17.12
726.91,16.99
726.93,16.7
726.95,16.39
726.96,16.22
726.98,15.88
726.99,15.69
727.01,15.32
727.03,14.92
727.04,14.72
727.06,14.3
727.08,13.87
727.09,13.65
727.11,13.21
727.13,12.76
727.14,12.53
727.16,12.08
727.18,11.62
727.19,11.39
727.21,10.93
727.23,10.48
727.24,10.25
727.26,9.805
727.28,9.363
727.29,9.145
727.31,8.714
727.32,8.502
727.34,8.085
727.36,7.678
727.37,7.479
727.39,7.088
727.41,6.71
727.42,6.525
727.44,6.165
727.46,5.817
727.47,5.648
727.49,5.319
727.51,5.003
727.52,4.85
727.54,4.554
727.56,4.271
727.57,4.134
727.59,3.869
727.61,3.617
727.62,3.496
727.64,3.262
727.66,3.04
727.67,2.933
727.69,2.728
727.7,2.63
727.72,2.441
727.74,2.263
727.75,2.178
727.77,2.015
727.79,1.862
727.8,1.789
727.82,1.649
727.84,1.518
727.85,1.456
727.87,1.338
727.89,1.227
727.9,1.175
727.92,1.075
727.94,0.9827
727.95,0.939
727.97,0.8564
727.99,0.78
728.0,0.744
728.02,0.6763
728.04,0.6141
728.05,0.5849
728.07,0.5303
728.08,0.5047
728.1,0.4571
728.12,0.4138
728.13,0.3937
728.15,0.3565
728.17,0.323
728.18,0.3076
728.2,0.2794
728.22,0.2544
728.23,0.2431
728.25,0.2226
728.27,0.205
728.28,0.1972
728.3,0.1834
728.32,0.1721
728.33,0.1674
728.35,0.1595
728.37,0.1538
728.38,0.1517
728.4,0.1491
728.42,0.1483
728.43,0.1486
728.45,0.1506
728.46,0.1523
728.48,0.1569
728.5,0.1632
728.51,0.167
728.53,0.1757
728.55,0.186
728.56,0.1917
728.58,0.2043
728.6,0.2184
728.61,0.226
728.63,0.2424
728.65,0.2601
728.66,0.2696
728.68,0.2894
728.7,0.3107
728.71,0.3218
728.73,0.3451
728.75,0.3697
728.76,0.3825
728.78,0.409
728.8,0.4367
728.81,0.451
728.83,0.4804
728.84,0.4955
728.86,0.5265
728.88,0.5585
728.89,0.5749
728.91,0.6082
728.93,0.6424
728.94,0.6598
728.96,0.695
728.98,0.7309
728.99,0.749
729.01,0.7856
729.03,0.8226
729.04,0.8412
729.06,0.8787
729.08,0.9163
729.09,0.9351
729.11,0.9729
729.13,1.011
729.14,1.029
729.16,1.067
729.17,1.086
729.19,1.123
729.21,1.16
729.22,1.178
729.24,1.215
729.26,1.251
729.27,1.268
729.29,1.304
729.31,1.339
729.32,1.356
729.34,1.391
729.36,1.425
729.37,1.442
729.39,1.476
729.41,1.509
729.42,1.525
729.44,1.558
729.46,1.591
729.47,1.608
729.49,1.64
729.51,1.673
729.52,1.689
729.54,1.722
729.55,1.738
729.57,1.771
729.59,1.804
729.6,1.821
729.62,1.854
729.64,1.887
729.65,1.904
729.67,1.937
729.69,1.971
729.7,1.988
729.72,2.021
729.74,2.055
729.75,2.071
729.77,2.104
729.79,2.137
729.8,2.153
729.82,2.184
729.84,2.214
729.85,2.229
729.87,2.258
729.89,2.285
729.9,2.298
729.92,2.322
729.93,2.334
729.95,2.355
729.97,2.374
729.98,2.382
730.0,2.397
730.02,2.408
730.03,2.413
730.05,2.419
730.07,2.422
730.08,2.422
730.1,2.42
730.12,2.413
730.13,2.408
730.15,2.395
730.17,2.378
730.18,2.368
730.2,2.344
730.22,2.317
730.23,2.301
730.25,2.268
730.27,2.23
730.28,2.209
730.3,2.166
730.31,2.143
730.33,2.094
730.35,2.042
730.36,2.015
730.38,1.958
730.4,1.899
730.41,1.868
730.43,1.806
730.45,1.741
730.46,1.708
730.48,1.642
730.5,1.574
730.51,1.54
730.53,1.471
730.55,1.402
730.56,1.368
730.58,1.299
730.6,1.231
730.61,1.198
730.63,1.131
730.64,1.098
730.66,1.033
730.68,0.9694
730.69,0.9383
730.71,0.8775
730.73,0.8187
730.74,0.79
730.76,0.7345
730.78,0.6812
730.79,0.6554
730.81,0.6057
730.83,0.5584
730.84,0.5357
730.86,0.4923
730.88,0.4513
730.89,0.4318
730.91,0.3946
730.93,0.3599
730.94,0.3435
730.96,0.3124
730.98,0.2837
730.99,0.2702
731.01,0.2449
731.02,0.2331
731.04,0.2111
731.06,0.1911
731.07,0.1819
731.09,0.1649
731.11,0.1498
731.12,0.1429
731.14,0.1305
731.16,0.1198
731.17,0.115
731.19,0.1068
731.21,0.1001
731.22,0.09729
731.24,0.09283
731.26,0.08984
731.27,0.08889
731.29,0.08805
731.31,0.08863
731.32,0.08946
731.34,0.09219
731.36,0.09637
731.37,0.09902
731.39,0.1054
731.4,0.1092
731.42,0.118
731.44,0.1285
731.45,0.1344
731.47,0.1476
731.49,0.1627
731.5,0.171
731.52,0.1892
731.54,0.2098
731.55,0.221
731.57,0.2454
731.59,0.2725
731.6,0.2873
731.62,0.3192
731.64,0.3545
731.65,0.3736
731.67,0.4148
731.69,0.4604
731.7,0.4849
731.72,0.5378
731.74,0.5961
731.75,0.6274
731.77,0.6948
731.78,0.7309
731.8,0.8087
731.82,0.8941
731.83,0.9399
731.85,1.038
731.87,1.146
731.88,1.204
731.9,1.327
731.92,1.462
731.93,1.534
731.95,1.688
731.97,1.856
731.98,1.946
732.0,2.136
732.02,2.343
732.03,2.453
732.05,2.687
732.07,2.939
732.08,3.073
732.1,3.355
732.12,3.66
732.13,3.82
732.15,4.158
732.16,4.336
732.18,4.71
732.2,5.109
732.21,5.318
732.23,5.755
732.25,6.219
732.26,6.461
732.28,6.964
732.3,7.494
732.31,7.768
732.33,8.338
732.35,8.933
732.36,9.24
732.38,9.873
732.4,10.53
732.41,10.87
732.43,11.56
732.45,12.27
732.46,12.63
732.48,13.37
732.49,13.74
732.51,14.51
732.53,15.28
732.54,15.67
732.56,16.46
732.58,17.26
732.59,17.66
732.61,18.46
732.63,19.26
732.64,19.66
732.66,20.46
732.68,21.24
732.69,21.64
732.71,22.41
732.73,23.17
732.74,23.55
732.76,24.29
732.78,25.01
732.79,25.36
732.81,26.06
732.83,26.73
732.84,27.06
732.86,27.7
732.87,28.02
732.89,28.63
732.91,29.22
732.92,29.5
732.94,30.06
732.96,30.61
732.97,30.87
732.99,31.39
733.01,31.9
733.02,32.15
733.04,32.64
733.06,33.12
733.07,33.36
733.09,33.84
733.11,34.31
733.12,34.55
733.14,35.03
733.16,35.51
733.17,35.76
733.19,36.26
733.21,36.76
733.22,37.02
733.24,37.54
733.25,37.81
733.27,38.35
733.29,38.91
733.3,39.19
733.32,39.77
733.34,40.36
733.35,40.65
733.37,41.25
733.39,41.86
733.4,42.16
733.42,42.77
733.44,43.37
733.45,43.67
733.47,44.26
733.49,44.84
733.5,45.12
733.52,45.67
733.54,46.19
733.55,46.44
733.57,46.91
733.59,47.35
733.6,47.55
733.62,47.91
733.63,48.08
733.65,48.37
733.67,48.6
733.68,48.69
733.7,48.83
733.72,48.91
733.73,48.92
733.75,48.9
733.77,48.81
733.78,48.74
733.8,48.54
733.82,48.28
733.83,48.13
733.85,47.77
733.87,47.35
733.88,47.12
733.9,46.61
733.92,46.04
733.93,45.75
733.95,45.11
733.96,44.78
733.98,44.09
734.0,43.36
734.01,42.98
734.03,42.22
734.05,41.44
734.06,41.04
734.08,40.24
734.1,39.44
734.11,39.03
734.13,38.24
734.15,37.45
734.16,37.06
734.18,36.29
734.2,35.55
734.21,35.18
734.23,34.48
734.25,33.8
734.26,33.47
734.28,32.83
734.3,32.23
734.31,31.94
734.33,31.39
734.34,31.13
734.36,30.62
734.38,30.15
734.39,29.92
734.41,29.49
734.43,29.09
734.44,28.89
734.46,28.52
734.48,28.17
734.49,27.99
734.51,27.66
734.53,27.34
734.54,27.18
734.56,26.87
734.58,26.56
734.59,26.4
734.61,26.08
734.63,25.76
734.64,25.6
734.66,25.27
734.68,24.92
734.69,24.74
734.71,24.38
734.72,24.19
734.74,23.8
734.76,23.4
734.77,23.2
734.79,22.78
734.81,22.35
734.82,22.13
734.84,21.68
734.86,21.23
734.87,21.0
734.89,20.56
734.91,20.11
734.92,19.89
734.94,19.47
734.96,19.07
734.97,18.88
734.99,18.52
735.01,18.21
735.02,18.07
735.04,17.83
735.06,17.66
735.07,17.6
735.09,17.55
735.1,17.56
735.12,17.66
735.14,17.88
735.15,18.03
735.17,18.45
735.19,19.02
735.2,19.37
735.22,20.21
735.24,21.24
735.25,21.84
735.27,23.22
735.29,24.85
735.3,25.77
735.32,27.82
735.34,30.18
735.35,31.48
735.37,34.35
735.39,37.6
735.4,39.38
735.42,43.24
735.44,47.54
735.45,49.87
735.47,54.89
735.48,57.58
735.5,63.38
735.52,69.73
735.53,73.12
735.55,80.34
735.57,88.18
735.58,92.34
735.6,101.1
735.62,110.6
735.63,115.6
735.65,126.1
735.67,137.3
735.68,143.1
735.7,155.4
735.72,168.3
735.73,175.1
735.75,189.1
735.77,203.8
735.78,211.4
735.8,227.1
735.81,235.1
735.83,251.7
735.85,268.9
735.86,277.7
735.88,295.6
735.9,314.0
735.91,323.3
735.93,342.2
735.95,361.4
735.96,371.1
735.98,390.5
736.0,410.0
736.01,419.8
736.03,439.2
736.05,458.4
736.06,467.9
736.08,486.7
736.1,505.0
736.11,514.0
736.13,531.5
736.15,548.2
736.16,556.3
736.18,571.8
736.19,579.2
736.21,593.3
736.23,606.2
736.24,612.2
736.26,623.3
736.28,633.1
736.29,637.5
736.31,645.2
736.33,651.4
736.34,654.0
736.36,657.9
736.38,660.3
736.39,660.9
736.41,661.0
736.43,659.4
736.44,658.0
736.46,654.1
736.48,648.7
736.49,645.4
736.51,637.7
736.53,628.6
736.54,623.5
736.56,612.4
736.57,606.4
736.59,593.4
736.61,579.3
736.62,571.9
736.64,556.3
736.66,539.9
736.67,531.3
736.69,513.7
736.71,495.5
736.72,486.2
736.74,467.3
736.76,448.1
736.77,438.3
736.79,418.7
736.81,399.1
736.82,389.2
736.84,369.6
736.86,350.1
736.87,340.4
736.89,321.3
736.91,302.6
736.92,293.3
736.94,275.2
736.95,266.3
736.97,248.9
736.99,232.2
737.0,224.0
737.02,208.1
737.04,192.9
737.05,185.6
737.07,171.4
737.09,157.9
737.1,151.5
737.12,139.1
737.14,127.4
737.15,121.8
737.17,111.1
737.19,101.2
737.2,96.48
737.22,87.54
737.24,79.24
737.25,75.33
737.27,67.95
737.28,64.48
737.3,57.98
737.32,52.01
737.33,49.22
737.35,44.01
737.37,39.27
737.38,37.07
737.4,32.99
737.42,29.3
737.43,27.59
737.45,24.45
737.47,21.63
737.48,20.34
737.5,17.96
737.52,15.85
737.53,14.89
737.55,13.14
737.57,11.6
737.58,10.9
737.6,9.631
737.62,8.528
737.63,8.032
737.65,7.142
737.66,6.744
737.68,6.034
737.7,5.427
737.71,5.159
737.73,4.684
737.75,4.286
737.76,4.112
737.78,3.809
737.8,3.56
737.81,3.454
737.83,3.272
737.85,3.127
737.86,3.067
737.88,2.967
737.9,2.892
737.91,2.862
737.93,2.815
737.95,2.782
737.96,2.771
737.98,2.755
738.0,2.747
738.01,2.745
738.03,2.745
738.04,2.746
738.06,2.749
738.08,2.753
738.09,2.754
738.11,2.757
738.13,2.757
738.14,2.756
738.16,2.751
738.18,2.743
738.19,2.738
738.21,2.723
738.23,2.704
738.24,2.692
738.26,2.666
738.28,2.634
738.29,2.617
738.31,2.579
738.33,2.535
738.34,2.512
738.36,2.463
738.38,2.409
738.39,2.381
738.41,2.322
738.42,2.291
738.44,2.228
738.46,2.162
738.47,2.128
738.49,2.059
738.51,1.988
738.52,1.952
738.54,1.879
738.56,1.806
738.57,1.77
738.59,1.696
738.61,1.623
738.62,1.587
738.64,1.515
738.66,1.444
738.67,1.409
738.69,1.34
738.71,1.273
738.72,1.24
738.74,1.175
738.75,1.144
738.77,1.082
738.79,1.023
738.8,0.9947
738.82,0.9391
738.84,0.886
738.85,0.8603
738.87,0.8107
738.89,0.7636
738.9,0.741
738.92,0.6974
738.94,0.6561
738.95,0.6364
738.97,0.5985
738.99,0.5627
739.0,0.5456
739.02,0.5129
739.04,0.4821
739.05,0.4674
739.07,0.4393
739.09,0.4129
739.1,0.4002
739.12,0.3761
739.13,0.3646
739.15,0.3426
739.17,0.3219
739.18,0.312
739.2,0.293
739.22,0.2752
739.23,0.2666
739.25,0.2503
739.27,0.2348
739.28,0.2274
739.3,0.2131
739.32,0.1997
739.33,0.1932
739.35,0.1808
739.37,0.1691
739.38,0.1634
739.4,0.1526
739.42,0.1423
739.43,0.1374
739.45,0.1279
739.47,0.1189
739.48,0.1146
739.5,0.1064
739.51,0.1024
739.53,0.09483
739.55,0.08767
739.56,0.08424
739.58,0.07768
739.6,0.07151
739.61,0.06857
739.63,0.06296
739.65,0.0577
739.66,0.0552
739.68,0.05045
739.7,0.04602
739.71,0.04392
739.73,0.03994
739.75,0.03626
739.76,0.03452
739.78,0.03124
739.8,0.02821
739.81,0.02679
739.83,0.02412
739.85,0.02168
739.86,0.02053
739.88,0.01839
739.89,0.0174
739.91,0.01554
739.93,0.01385
739.94,0.01307
739.96,0.01161
739.98,0.0103
739.99,0.009694
740.01,0.008575
740.03,0.007571
740.04,0.007109
740.06,0.00626
740.08,0.005503
740.09,0.005157
740.11,0.004523
740.13,0.003961
740.14,0.003705
740.16,0.003238
740.18,0.002826
740.19,0.002639
740.21,0.0023
740.23,0.002003
740.24,0.001868
740.26,0.001625
740.27,0.001515
740.29,0.001317
740.31,0.001145
740.32,0.001067
740.34,0.0009273
740.36,0.000806
740.37,0.0007515
740.39,0.0006536
740.41,0.0005688
740.42,0.0005308
740.44,0.0004626
740.46,0.0004036
740.47,0.0003772
740.49,0.0003297
740.51,0.0002886
740.52,0.0002702
740.54,0.0002371
740.56,0.0002084
740.57,0.0001955
740.59,0.0001724
740.6,0.000162
740.62,0.0001432
740.64,0.0001269
740.65,0.0001196
740.67,0.0001063
740.69,9.478e-05
740.7,8.959e-05
740.72,8.023e-05
740.74,7.209e-05
740.75,6.844e-05
740.77,6.188e-05
740.79,5.621e-05
740.8,5.369e-05
740.82,4.921e-05
740.84,4.542e-05
740.85,4.376e-05
740.87,4.088e-05
740.89,3.856e-05
740.9,3.759e-05
740.92,3.602e-05
740.94,3.49e-05
740.95,3.451e-05
740.97,3.403e-05
740.98,3.394e-05
741.0,3.404e-05
741.02,3.451e-05
741.03,3.488e-05
741.05,3.588e-05
741.07,3.72e-05
741.08,3.798e-05
741.1,3.978e-05
741.12,4.188e-05
741.13,4.305e-05
741.15,4.558e-05
741.17,4.84e-05
741.18,4.991e-05
741.2,5.313e-05
741.22,5.66e-05
741.23,5.843e-05
741.25,6.226e-05
741.27,6.633e-05
741.28,6.845e-05
741.3,7.283e-05
741.32,7.743e-05
741.33,7.979e-05
741.35,8.466e-05
741.36,8.716e-05
741.38,9.228e-05
741.4,9.755e-05
741.41,0.0001002
741.43,0.0001057
741.45,0.0001113
741.46,0.0001141
741.48,0.0001198
741.5,0.0001256
741.51,0.0001285
741.53,0.0001344
741.55,0.0001403
741.56,0.0001432
741.58,0.0001491
741.6,0.0001551
741.61,0.000158
741.63,0.0001639
741.65,0.0001697
741.66,0.0001727
741.68,0.0001784
741.7,0.0001841
741.71,0.0001869
741.73,0.0001925
741.74,0.0001953
741.76,0.0002007
741.78,0.000206
741.79,0.0002086
741.81,0.0002138
741.83,0.0002188
741.84,0.0002213
741.86,0.0002262
741.88,0.0002309
741.89,0.0002332
741.91,0.0002378
741.93,0.0002422
741.94,0.0002444
741.96,0.0002487
741.98,0.0002529
741.99,0.000255
742.01,0.0002592
742.03,0.0002633
742.04,0.0002654
742.06,0.0002696
742.07,0.0002718
742.09,0.0002763
742.11,0.0002811
742.12,0.0002836
742.14,0.0002891
742.16,0.0002953
742.17,0.0002987
742.19,0.0003064
742.21,0.0003155
742.22,0.0003207
742.24,0.0003328
742.26,0.0003477
742.27,0.0003563
742.29,0.0003767
742.31,0.000402
742.32,0.0004168
742.34,0.0004519
742.36,0.0004956
742.37,0.0005213
742.39,0.0005819
742.41,0.0006571
742.42,0.0007012
742.44,0.0008048
742.45,0.0008654
742.47,0.001007
742.49,0.001182
742.5,0.001284
742.52,0.001521
742.54,0.00181
742.55,0.001978
742.57,0.002367
742.59,0.002839
742.6,0.003111
742.62,0.003739
742.64,0.004495
742.65,0.004929
742.67,0.005925
742.69,0.007116
742.7,0.007796
742.72,0.009348
742.74,0.01119
742.75,0.01224
742.77,0.01462
742.79,0.01743
742.8,0.01902
742.82,0.02261
742.83,0.02463
742.85,0.02919
742.87,0.03451
742.88,0.03749
742.9,0.04419
742.92,0.05195
742.93,0.05629
742.95,0.06595
742.97,0.0771
742.98,0.08329
743.0,0.09702
743.02,0.1128
743.03,0.1214
743.05,0.1406
743.07,0.1625
743.08,0.1745
743.1,0.2008
743.12,0.2306
743.13,0.2469
743.15,0.2825
743.17,0.3225
743.18,0.3443
743.2,0.3916
743.21,0.4173
743.23,0.4729
743.25,0.5346
743.26,0.568
743.28,0.6398
743.3,0.7191
743.31,0.7616
743.33,0.8528
743.35,0.9527
743.36,1.006
743.38,1.12
743.4,1.243
743.41,1.309
743.43,1.448
743.45,1.598
743.46,1.678
743.48,1.845
743.5,2.024
743.51,2.118
743.53,2.316
743.55,2.525
743.56,2.635
743.58,2.863
743.59,2.982
743.61,3.228
743.63,3.487
743.64,3.62
743.66,3.896
743.68,4.183
743.69,4.33
743.71,4.632
743.73,4.943
743.74,5.102
743.76,5.425
743.78,5.755
743.79,5.922
743.81,6.259
743.83,6.599
743.84,6.77
743.86,7.113
743.88,7.455
743.89,7.626
743.91,7.964
743.92,8.131
743.94,8.461
743.96,8.783
743.97,8.941
743.99,9.248
744.01,9.542
744.02,9.685
744.04,9.958
744.06,10.21
744.07,10.33
744.09,10.56
744.11,10.77
744.12,10.87
744.14,11.04
744.16,11.19
744.17,11.25
744.19,11.37
744.21,11.45
744.22,11.49
744.24,11.53
744.26,11.55
744.27,11.55
744.29,11.53
744.3,11.51
744.32,11.45
744.34,11.36
744.35,11.31
744.37,11.18
744.39,11.04
744.4,10.95
744.42,10.77
744.44,10.57
744.45,10.46
744.47,10.23
744.49,9.988
744.5,9.86
744.52,9.593
744.54,9.314
744.55,9.171
744.57,8.879
744.59,8.579
744.6,8.427
744.62,8.121
744.64,7.813
744.65,7.658
744.67,7.35
744.68,7.196
744.7,6.892
744.72,6.592
744.73,6.444
744.75,6.153
744.77,5.871
744.78,5.733
744.8,5.464
744.82,5.205
744.83,5.08
744.85,4.838
744.87,4.608
744.88,4.498
744.9,4.287
744.92,4.089
744.93,3.994
744.95,3.815
744.97,3.648
744.98,3.57
745.0,3.421
745.02,3.285
745.03,3.221
745.05,3.102
745.06,3.047
745.08,2.943
745.1,2.849
745.11,2.806
745.13,2.725
745.15,2.652
745.16,2.619
745.18,2.557
745.2,2.5
745.21,2.474
745.23,2.426
745.25,2.382
745.26,2.361
745.28,2.322
745.3,2.286
745.31,2.269
745.33,2.235
745.35,2.203
745.36,2.187
745.38,2.156
745.39,2.141
745.41,2.11
745.43,2.08
745.44,2.064
745.46,2.033
745.48,2.001
745.49,1.984
745.51,1.951
745.53,1.917
745.54,1.9
745.56,1.865
745.58,1.83
745.59,1.812
745.61,1.777
745.63,1.741
745.64,1.723
745.66,1.687
745.68,1.652
745.69,1.635
745.71,1.601
745.73,1.568
745.74,1.552
745.76,1.521
745.77,1.506
745.79,1.478
745.81,1.453
745.82,1.44
745.84,1.418
745.86,1.398
745.87,1.389
745.89,1.374
745.91,1.361
745.92,1.356
745.94,1.348
745.96,1.343
745.97,1.342
745.99,1.341
746.01,1.344
746.02,1.346
746.04,1.353
746.06,1.363
746.07,1.368
746.09,1.382
746.11,1.398
746.12,1.406
746.14,1.425
746.15,1.435
746.17,1.456
746.19,1.478
746.2,1.489
746.22,1.513
746.24,1.537
746.25,1.549
746.27,1.573
746.29,1.596
746.3,1.608
746.32,1.631
746.34,1.652
746.35,1.662
746.37,1.682
746.39,1.699
746.4,1.707
746.42,1.722
746.44,1.734
746.45,1.739
746.47,1.747
746.49,1.753
746.5,1.755
746.52,1.756
746.53,1.756
746.55,1.753
746.57,1.747
746.58,1.743
746.6,1.733
746.62,1.72
746.63,1.712
746.65,1.695
746.67,1.675
746.68,1.664
746.7,1.641
746.72,1.615
746.73,1.601
746.75,1.572
746.77,1.542
746.78,1.526
746.8,1.493
746.82,1.458
746.83,1.441
746.85,1.404
746.87,1.368
746.88,1.349
746.9,1.311
746.91,1.292
746.93,1.253
746.95,1.215
746.96,1.196
746.98,1.157
747.0,1.119
747.01,1.1
747.03,1.062
747.05,1.025
747.06,1.007
747.08,0.9706
747.1,0.9351
747.11,0.9176
747.13,0.8832
747.15,0.8496
747.16,0.8331
747.18,0.8008
747.2,0.7694
747.21,0.754
747.23,0.7239
747.24,0.7092
747.26,0.6803
747.28,0.6523
747.29,0.6387
747.31,0.6119
747.33,0.586
747.34,0.5733
747.36,0.5485
747.38,0.5245
747.39,0.5127
747.41,0.4897
747.43,0.4674
747.44,0.4565
747.46,0.4351
747.48,0.4144
747.49,0.4043
747.51,0.3845
747.53,0.3653
747.54,0.3559
747.56,0.3375
747.58,0.3197
747.59,0.311
747.61,0.2941
747.62,0.2858
747.64,0.2697
747.66,0.2541
747.67,0.2465
747.69,0.2318
747.71,0.2176
747.72,0.2107
747.74,0.1973
747.76,0.1844
747.77,0.1782
747.79,0.1662
747.81,0.1547
747.82,0.1491
747.84,0.1384
747.86,0.1283
747.87,0.1234
747.89,0.114
747.91,0.1052
747.92,0.1009
747.94,0.0928
747.96,0.08518
747.97,0.08155
747.99,0.07463
748.0,0.07134
748.02,0.06509
748.04,0.05928
748.05,0.05653
748.07,0.05133
748.09,0.04652
748.1,0.04425
748.12,0.03999
748.14,0.03607
748.15,0.03423
748.17,0.03079
748.19,0.02765
748.2,0.02618
748.22,0.02345
748.24,0.02097
748.25,0.01982
748.27,0.01769
748.29,0.01577
748.3,0.01489
748.32,0.01326
748.34,0.0118
748.35,0.01113
748.37,0.009917
748.38,0.009363
748.4,0.008356
748.42,0.007476
748.43,0.007081
748.45,0.006375
748.47,0.005775
748.48,0.005513
748.5,0.00506
748.52,0.004698
748.53,0.004551
748.55,0.00432
748.57,0.004174
748.58,0.004132
748.6,0.004113
748.62,0.004179
748.63,0.004245
748.65,0.004445
748.67,0.004741
748.68,0.004927
748.7,0.005379
748.71,0.005647
748.73,0.006275
748.75,0.007034
748.76,0.007467
748.78,0.00845
748.8,0.0096
748.81,0.01024
748.83,0.01168
748.85,0.01334
748.86,0.01425
748.88,0.01628
748.9,0.01859
748.91,0.01985
748.93,0.02264
748.95,0.02577
748.96,0.02749
748.98,0.03122
749.0,0.03541
749.01,0.03768
749.03,0.04261
749.05,0.04808
749.06,0.05104
749.08,0.05742
749.09,0.06085
749.11,0.06824
749.13,0.07635
749.14,0.0807
749.16,0.08999
749.18,0.1001
749.19,0.1055
749.21,0.117
749.23,0.1295
749.24,0.1361
749.26,0.15
749.28,0.165
749.29,0.1729
749.31,0.1896
749.33,0.2074
749.34,0.2167
749.36,0.2361
749.38,0.2568
749.39,0.2675
749.41,0.2899
749.43,0.3134
749.44,0.3256
749.46,0.3509
749.47,0.3639
749.49,0.3907
749.51,0.4186
749.52,0.4329
749.54,0.4621
749.56,0.4923
749.57,0.5077
749.59,0.539
749.61,0.571
749.62,0.5872
749.64,0.6201
749.66,0.6533
749.67,0.6701
749.69,0.7038
749.71,0.7377
749.72,0.7547
749.74,0.7887
749.76,0.8227
749.77,0.8396
749.79,0.8733
749.81,0.9068
749.82,0.9235
749.84,0.9565
749.85,0.9729
749.87,1.006
749.89,1.038
749.9,1.054
749.92,1.086
749.94,1.118
749.95,1.134
749.97,1.166
749.99,1.199
750.0,1.215
750.02,1.249
750.04,1.284
750.05,1.302
750.07,1.34
750.09,1.38
750.1,1.401
750.12,1.445
750.14,1.493
750.15,1.519
750.17,1.574
750.19,1.635
750.2,1.668
750.22,1.74
750.23,1.779
750.25,1.863
750.27,1.956
750.28,2.007
750.3,2.117
750.32,2.239
750.33,2.305
750.35,2.449
750.37,2.607
750.38,2.693
750.4,2.877
750.42,3.079
750.43,3.187
750.45,3.419
750.47,3.672
750.48,3.807
750.5,4.093
750.52,4.403
750.53,4.568
750.55,4.914
750.56,5.097
750.58,5.482
750.6,5.892
750.61,6.107
750.63,6.556
750.65,7.031
750.66,7.279
750.68,7.792
750.7,8.329
750.71,8.607
750.73,9.18
750.75,9.774
750.76,10.08
750.78,10.7
750.8,11.34
750.81,11.67
750.83,12.33
750.85,13.01
750.86,13.35
750.88,14.04
750.9,14.73
750.91,15.07
750.93,15.76
750.94,16.11
750.96,16.79
750.98,17.46
750.99,17.79
751.01,18.44
751.03,19.08
751.04,19.38
751.06,19.98
751.08,20.54
751.09,20.81
751.11,21.33
751.13,21.81
751.14,22.03
751.16,22.45
751.18,22.82
751.19,22.98
751.21,23.28
751.23,23.52
751.24,23.63
751.26,23.79
751.28,23.9
751.29,23.94
751.31,23.96
751.32,23.96
751.34,23.9
751.36,23.78
751.37,23.71
751.39,23.51
751.41,23.26
751.42,23.12
751.44,22.79
751.46,22.42
751.47,22.21
751.49,21.77
751.51,21.29
751.52,21.03
751.54,20.49
751.56,19.92
751.57,19.62
751.59,19.01
751.61,18.37
751.62,18.04
751.64,17.37
751.66,16.69
751.67,16.34
751.69,15.64
751.7,15.29
751.72,14.59
751.74,13.88
751.75,13.53
751.77,12.83
751.79,12.14
751.8,11.79
751.82,11.12
751.84,10.45
751.85,10.13
751.87,9.493
751.89,8.875
751.9,8.574
751.92,7.988
751.94,7.424
751.95,7.151
751.97,6.622
751.99,6.119
752.0,5.876
752.02,5.41
752.03,5.187
752.05,4.759
752.07,4.355
752.08,4.163
752.1,3.797
752.12,3.455
752.13,3.293
752.15,2.985
752.17,2.7
752.18,2.566
752.2,2.313
752.22,2.08
752.23,1.971
752.25,1.766
752.27,1.579
752.28,1.491
752.3,1.328
752.32,1.181
752.33,1.112
752.35,0.9849
752.37,0.8702
752.38,0.8172
752.4,0.7196
752.41,0.6746
752.43,0.5919
752.45,0.5181
752.46,0.4844
752.48,0.4225
752.5,0.3677
752.51,0.3428
752.53,0.2973
752.55,0.2573
752.56,0.2392
752.58,0.2063
752.6,0.1775
752.61,0.1646
752.63,0.1412
752.65,0.1208
752.66,0.1117
752.68,0.0953
752.7,0.08115
752.71,0.07482
752.73,0.06353
752.75,0.05383
752.76,0.04952
752.78,0.04185
752.79,0.03845
752.81,0.03242
752.83,0.02729
752.84,0.02503
752.86,0.02104
752.88,0.01766
752.89,0.01618
752.91,0.01357
752.93,0.01137
752.94,0.01041
752.96,0.00873
752.98,0.007324
752.99,0.00671
753.01,0.005639
753.03,0.004747
753.04,0.004359
753.06,0.003683
753.08,0.003121
753.09,0.002878
753.11,0.002454
753.13,0.002102
753.14,0.001949
753.16,0.001684
753.17,0.001568
753.19,0.001367
753.21,0.0012
753.22,0.001127
753.24,0.0009988
753.26,0.0008917
753.27,0.0008447
753.29,0.0007618
753.31,0.0006915
753.32,0.0006604
753.34,0.000605
753.36,0.0005573
753.37,0.000536
753.39,0.0004975
753.41,0.0004639
753.42,0.0004487
753.44,0.000421
753.46,0.0003964
753.47,0.0003852
753.49,0.0003645
753.5,0.000355
753.52,0.0003375
753.54,0.0003217
753.55,0.0003144
753.57,0.000301
753.59,0.000289
753.6,0.0002834
753.62,0.0002732
753.64,0.000264
753.65,0.0002599
753.67,0.0002523
753.69,0.0002456
753.7,0.0002426
753.72,0.0002373
753.74,0.0002329
753.75,0.000231
753.77,0.0002277
753.79,0.0002253
753.8,0.0002243
753.82,0.000223
753.84,0.0002223
753.85,0.0002222
753.87,0.0002226
753.88,0.000223
753.9,0.0002244
753.92,0.0002264
753.93,0.0002276
753.95,0.0002305
753.97,0.000234
753.98,0.0002359
754.0,0.0002402
754.02,0.0002451
754.03,0.0002477
754.05,0.0002533
754.07,0.0002594
754.08,0.0002627
754.1,0.0002695
754.12,0.0002768
754.13,0.0002807
754.15,0.0002886
754.17,0.0002971
754.18,0.0003014
754.2,0.0003105
754.22,0.0003199
754.23,0.0003248
754.25,0.0003348
754.26,0.0003399
754.28,0.0003505
754.3,0.0003615
754.31,0.0003671
754.33,0.0003785
754.35,0.0003903
754.36,0.0003963
754.38,0.0004085
754.4,0.000421
754.41,0.0004274
754.43,0.0004403
754.45,0.0004534
754.46,0.0004601
754.48,0.0004735
754.5,0.0004871
754.51,0.000494
754.53,0.0005077
754.55,0.0005216
754.56,0.0005285
754.58,0.0005424
754.6,0.0005562
754.61,0.0005631
754.63,0.0005767
754.64,0.0005835
754.66,0.0005969
754.68,0.00061
754.69,0.0006164
754.71,0.000629
754.73,0.0006411
754.74,0.000647
754.76,0.0006583
754.78,0.000669
754.79,0.0006742
754.81,0.0006838
754.83,0.0006927
754.84,0.0006968
754.86,0.0007044
754.88,0.000711
754.89,0.0007139
754.91,0.000719
754.93,0.000723
754.94,0.0007245
754.96,0.0007267
754.98,0.0007277
754.99,0.0007278
755.01,0.0007269
755.02,0.000726
755.04,0.0007232
755.06,0.0007191
755.07,0.0007166
755.09,0.0007106
755.11,0.0007033
755.12,0.0006992
755.14,0.0006901
755.16,0.0006797
755.17,0.0006741
755.19,0.000662
755.21,0.0006489
755.22,0.000642
755.24,0.0006273
755.26,0.0006118
755.27,0.0006037
755.29,0.0005869
755.31,0.0005695
755.32,0.0005605
755.34,0.0005422
755.35,0.0005328
755.37,0.0005138
755.39,0.0004944
755.4,0.0004847
755.42,0.000465
755.44,0.0004453
755.45,0.0004354
755.47,0.0004157
755.49,0.0003961
755.5,0.0003864
755.52,0.0003672
755.54,0.0003484
755.55,0.0003391
755.57,0.0003209
755.59,0.0003033
755.6,0.0002948
755.62,0.0002781
755.64,0.0002621
755.65,0.0002544
755.67,0.0002397
755.69,0.0002257
755.7,0.000219
755.72,0.0002064
755.73,0.0002004
755.75,0.0001892
755.77,0.000179
755.78,0.0001742
755.8,0.0001655
755.82,0.0001578
755.83,0.0001544
755.85,0.0001483
755.87,0.0001432
755.88,0.0001411
755.9,0.0001377
755.92,0.0001354
755.93,0.0001346
755.95,0.0001339
755.97,0.0001343
755.98,0.0001349
756.0,0.0001368
756.02,0.0001399
756.03,0.0001418
756.05,0.0001464
756.07,0.0001521
756.08,0.0001553
756.1,0.0001625
756.11,0.0001665
756.13,0.0001751
756.15,0.0001847
756.16,0.0001899
756.18,0.0002008
756.2,0.0002127
756.21,0.0002189
756.23,0.000232
756.25,0.0002458
756.26,0.000253
756.28,0.0002679
756.3,0.0002835
756.31,0.0002915
756.33,0.0003079
756.35,0.0003248
756.36,0.0003334
756.38,0.0003509
756.4,0.0003687
756.41,0.0003777
756.43,0.0003958
756.45,0.0004141
756.46,0.0004232
756.48,0.0004415
756.49,0.0004506
756.51,0.0004687
756.53,0.0004866
756.54,0.0004954
756.56,0.0005128
756.58,0.0005297
756.59,0.0005379
756.61,0.000554
756.63,0.0005695
756.64,0.0005769
756.66,0.0005912
756.68,0.0006047
756.69,0.000611
756.71,0.0006231
756.73,0.0006341
756.74,0.0006392
756.76,0.0006486
756.78,0.0006569
756.79,0.0006606
756.81,0.000667
756.82,0.0006698
756.84,0.0006744
756.86,0.0006778
756.87,0.000679
756.89,0.0006804
756.91,0.0006806
756.92,0.0006802
756.94,0.0006785
756.96,0.0006755
756.97,0.0006736
756.99,0.0006688
757.01,0.0006629
757.02,0.0006595
757.04,0.0006519
757.06,0.0006432
757.07,0.0006385
757.09,0.0006283
757.11,0.0006172
757.12,0.0006114
757.14,0.000599
757.16,0.000586
757.17,0.0005791
757.19,0.000565
757.2,0.0005578
757.22,0.0005428
757.24,0.0005274
757.25,0.0005195
757.27,0.0005034
757.29,0.0004871
757.3,0.0004788
757.32,0.0004622
757.34,0.0004453
757.35,0.0004369
757.37,0.00042
757.39,0.0004031
757.4,0.0003947
757.42,0.000378
757.44,0.0003614
757.45,0.0003532
757.47,0.0003369
757.49,0.0003209
757.5,0.0003131
757.52,0.0002976
757.54,0.0002825
757.55,0.0002752
757.57,0.0002608
757.58,0.0002537
757.6,0.0002401
757.62,0.0002269
757.63,0.0002206
757.65,0.0002083
757.67,0.0001966
757.68,0.0001909
757.7,0.0001802
757.72,0.0001701
757.73,0.0001653
757.75,0.0001562
757.77,0.0001478
757.78,0.0001438
757.8,0.0001365
757.82,0.0001299
757.83,0.0001269
757.85,0.0001214
757.87,0.0001167
757.88,0.0001147
757.9,0.0001112
757.92,0.0001085
757.93,0.0001074
757.95,0.0001059
757.96,0.0001054
757.98,0.0001052
758.0,0.0001057
758.01,0.0001063
758.03,0.0001082
758.05,0.0001109
758.06,0.0001125
758.08,0.0001165
758.1,0.0001213
758.11,0.0001241
758.13,0.0001302
758.15,0.0001371
758.16,0.0001409
758.18,0.0001492
758.2,0.0001583
758.21,0.0001631
758.23,0.0001734
758.25,0.0001845
758.26,0.0001904
758.28,0.0002026
758.3,0.0002156
758.31,0.0002224
758.33,0.0002364
758.34,0.0002436
758.36,0.0002586
758.38,0.0002742
758.39,0.0002822
758.41,0.0002986
758.43,0.0003155
758.44,0.0003241
758.46,0.0003417
758.48,0.0003597
758.49,0.0003689
758.51,0.0003874
758.53,0.0004064
758.54,0.000416
758.56,0.0004356
758.58,0.0004558
758.59,0.000466
758.61,0.0004871
758.63,0.0005091
758.64,0.0005205
758.66,0.0005442
758.67,0.0005567
758.69,0.0005833
758.71,0.0006124
758.72,0.0006281
758.74,0.0006626
758.76,0.000702
758.77,0.0007239
758.79,0.0007734
758.81,0.0008319
758.82,0.0008652
758.84,0.0009419
758.86,0.001035
758.87,0.001088
758.89,0.001213
758.91,0.001365
758.92,0.001453
758.94,0.001659
758.96,0.001911
758.97,0.002058
758.99,0.002399
759.01,0.002816
759.02,0.003058
759.04,0.003619
759.05,0.003944
759.07,0.004696
759.09,0.005607
759.1,0.006133
759.12,0.007343
759.14,0.008802
759.15,0.009638
759.17,0.01156
759.19,0.01386
759.2,0.01517
759.22,0.01816
759.24,0.02173
759.25,0.02375
759.27,0.02836
759.29,0.0338
759.3,0.03688
759.32,0.04384
759.34,0.05202
759.35,0.05662
759.37,0.06699
759.39,0.07908
759.4,0.08586
759.42,0.101
759.43,0.1095
759.45,0.1285
759.47,0.1504
759.48,0.1626
759.5,0.1896
759.52,0.2207
759.53,0.2379
759.55,0.276
759.57,0.3195
759.58,0.3434
759.6,0.3961
759.62,0.4558
759.63,0.4886
759.65,0.5603
759.67,0.6412
759.68,0.6853
759.7,0.7814
759.72,0.8891
759.73,0.9475
759.75,1.074
759.77,1.215
759.78,1.292
759.8,1.456
759.81,1.545
759.83,1.735
759.85,1.945
759.86,2.058
759.88,2.299
759.9,2.562
759.91,2.703
759.93,3.002
759.95,3.327
759.96,3.499
759.98,3.865
760.0,4.259
760.01,4.467
760.03,4.906
760.05,5.375
760.06,5.622
760.08,6.139
760.1,6.689
760.11,6.976
760.13,7.575
760.14,7.887
760.16,8.536
760.18,9.217
760.19,9.57
760.21,10.3
760.23,11.06
760.24,11.45
760.26,12.26
760.28,13.09
760.29,13.52
760.31,14.39
760.33,15.29
760.34,15.74
760.36,16.67
760.38,17.62
760.39,18.09
760.41,19.06
760.43,20.04
760.44,20.53
760.46,21.51
760.48,22.5
760.49,22.99
760.51,23.98
760.52,24.47
760.54,25.45
760.56,26.41
760.57,26.89
760.59,27.84
760.61,28.77
760.62,29.22
760.64,30.12
760.66,31.0
760.67,31.43
760.69,32.27
760.71,33.08
760.72,33.48
760.74,34.26
760.76,35.01
760.77,35.37
760.79,36.08
760.81,36.77
760.82,37.1
760.84,37.75
760.86,38.38
760.87,38.69
760.89,39.29
760.9,39.59
760.92,40.17
760.94,40.74
760.95,41.02
760.97,41.58
760.99,42.14
761.0,42.42
761.02,42.98
761.04,43.54
761.05,43.82
761.07,44.4
761.09,44.98
761.1,45.28
761.12,45.88
761.14,46.5
761.15,46.82
761.17,47.46
761.19,48.11
761.2,48.45
761.22,49.12
761.24,49.81
761.25,50.16
761.27,50.87
761.28,51.22
761.3,51.93
761.32,52.64
761.33,53.0
761.35,53.7
761.37,54.39
761.38,54.73
761.4,55.39
761.42,56.02
761.43,56.32
761.45,56.9
761.47,57.44
761.48,57.69
761.5,58.15
761.52,58.55
761.53,58.73
761.55,59.03
761.57,59.25
761.58,59.34
761.6,59.44
761.62,59.46
761.63,59.43
761.65,59.31
761.66,59.21
761.68,58.95
761.7,58.59
761.71,58.37
761.73,57.85
761.75,57.24
761.76,56.9
761.78,56.14
761.8,55.28
761.81,54.82
761.83,53.83
761.85,52.75
761.86,52.18
761.88,50.97
761.9,49.7
761.91,49.03
761.93,47.65
761.95,46.22
761.96,45.48
761.98,43.97
761.99,43.2
762.01,41.63
762.03,40.03
762.04,39.22
762.06,37.59
762.08,35.95
762.09,35.13
762.11,33.48
762.13,31.84
762.14,31.03
762.16,29.41
762.18,27.81
762.19,27.03
762.21,25.48
762.23,23.96
762.24,23.22
762.26,21.76
762.28,20.35
762.29,19.66
762.31,18.33
762.33,17.04
762.34,16.42
762.36,15.22
762.37,14.64
762.39,13.52
762.41,12.46
762.42,11.95
762.44,10.97
762.46,10.05
762.47,9.615
762.49,8.779
762.51,7.998
762.52,7.628
762.54,6.926
762.56,6.274
762.57,5.966
762.59,5.386
762.61,4.851
762.62,4.6
762.64,4.129
762.66,3.698
762.67,3.496
762.69,3.12
762.71,2.779
762.72,2.62
762.74,2.325
762.75,2.188
762.77,1.935
762.79,1.708
762.8,1.603
762.82,1.409
762.84,1.236
762.85,1.157
762.87,1.012
762.89,0.8827
762.9,0.8238
762.92,0.7162
762.94,0.6213
762.95,0.5782
762.97,0.4999
762.99,0.4313
763.0,0.4003
763.02,0.3442
763.04,0.2953
763.05,0.2733
763.07,0.2338
763.09,0.1995
763.1,0.1842
763.12,0.1567
763.13,0.1445
763.15,0.1226
763.17,0.1039
763.18,0.09553
763.2,0.08074
763.22,0.06816
763.23,0.0626
763.25,0.05278
763.27,0.0445
763.28,0.04086
763.3,0.03448
763.32,0.02915
763.33,0.02684
763.35,0.02281
763.37,0.01951
763.38,0.01809
763.4,0.01567
763.42,0.01375
763.43,0.01295
763.45,0.01164
763.46,0.01112
763.48,0.01031
763.5,0.009795
763.51,0.009634
763.53,0.009492
763.55,0.009576
763.56,0.009698
763.58,0.01009
763.6,0.01068
763.61,0.01105
763.63,0.01193
763.65,0.013
763.66,0.01361
763.68,0.01498
763.7,0.01656
763.71,0.01742
763.73,0.01932
763.75,0.02145
763.76,0.02261
763.78,0.02511
763.8,0.02788
763.81,0.02936
763.83,0.03256
763.84,0.03427
763.86,0.03792
763.88,0.04191
763.89,0.04403
763.91,0.04853
763.93,0.05341
763.94,0.05599
763.96,0.06144
763.98,0.0673
763.99,0.07039
764.01,0.07688
764.03,0.0838
764.04,0.08742
764.06,0.09501
764.08,0.1031
764.09,0.1072
764.11,0.116
764.13,0.1251
764.14,0.1299
764.16,0.1398
764.18,0.1501
764.19,0.1554
764.21,0.1663
764.22,0.172
764.24,0.1836
764.26,0.1955
764.27,0.2017
764.29,0.2142
764.31,0.2271
764.32,0.2337
764.34,0.2471
764.36,0.2607
764.37,0.2677
764.39,0.2818
764.41,0.2961
764.42,0.3033
764.44,0.3179
764.46,0.3327
764.47,0.3402
764.49,0.3553
764.51,0.3705
764.52,0.3782
764.54,0.3937
764.56,0.4095
764.57,0.4174
764.59,0.4334
764.6,0.4415
764.62,0.458
764.64,0.4749
764.65,0.4835
764.67,0.5012
764.69,0.5195
764.7,0.5289
764.72,0.5486
764.74,0.5693
764.75,0.5802
764.77,0.6033
764.79,0.6282
764.8,0.6415
764.82,0.6702
764.84,0.7019
764.85,0.7191
764.87,0.7568
764.89,0.7993
764.9,0.8228
764.92,0.8746
764.93,0.9033
764.95,0.9671
764.97,1.041
764.98,1.082
765.0,1.174
765.02,1.281
765.03,1.341
765.05,1.475
765.07,1.631
765.08,1.719
765.1,1.916
765.12,2.146
765.13,2.275
765.15,2.564
765.17,2.901
765.18,3.089
765.2,3.511
765.22,4.001
765.23,4.274
765.25,4.884
765.27,5.59
765.28,5.983
765.3,6.857
765.31,7.342
765.33,8.421
765.35,9.658
765.36,10.34
765.38,11.86
765.4,13.59
765.41,14.54
765.43,16.64
765.45,19.02
765.46,20.33
765.48,23.2
765.5,26.43
765.51,28.2
765.53,32.07
765.55,36.4
765.56,38.76
765.58,43.88
765.6,49.59
765.61,52.68
765.63,59.37
765.65,66.78
765.66,70.78
765.68,79.37
765.69,83.99
765.71,93.91
765.73,104.8
765.74,110.6
765.76,123.0
765.78,136.5
765.79,143.7
765.81,159.0
765.83,175.5
765.84,184.3
765.86,202.8
765.88,222.7
765.89,233.1
765.91,255.1
765.93,278.6
765.94,290.9
765.96,316.6
765.98,343.8
765.99,357.9
766.01,387.4
766.03,418.3
766.04,434.3
766.06,467.4
766.07,484.5
766.09,519.7
766.11,556.2
766.12,574.9
766.14,613.2
766.16,652.6
766.17,672.7
766.19,713.4
766.21,755.0
766.22,776.0
766.24,818.4
766.26,861.2
766.27,882.6
766.29,925.6
766.31,968.5
766.32,989.9
766.34,1032.0
766.36,1074.0
766.37,1095.0
766.39,1135.0
766.41,1174.0
766.42,1193.0
766.44,1230.0
766.45,1248.0
766.47,1283.0
766.49,1315.0
766.5,1330.0
766.52,1359.0
766.54,1386.0
766.55,1398.0
766.57,1420.0
766.59,1440.0
766.6,1448.0
766.62,1463.0
766.64,1475.0
766.65,1479.0
766.67,1486.0
766.69,1489.0
766.7,1490.0
766.72,1488.0
766.74,1483.0
766.75,1479.0
766.77,1469.0
766.78,1463.0
766.8,1448.0
766.82,1430.0
766.83,1420.0
766.85,1398.0
766.87,1373.0
766.88,1359.0
766.9,1330.0
766.92,1299.0
766.93,1282.0
766.95,1248.0
766.97,1212.0
766.98,1193.0
767.0,1154.0
767.02,1114.0
767.03,1094.0
767.05,1053.0
767.07,1010.0
767.08,989.2
767.1,946.4
767.12,903.4
767.13,881.9
767.15,839.0
767.16,817.6
767.18,775.2
767.2,733.3
767.21,712.6
767.23,671.8
767.25,631.9
767.26,612.4
767.28,574.1
767.3,536.9
767.31,518.8
767.33,483.7
767.35,449.8
767.36,433.4
767.38,401.8
767.4,371.6
767.41,357.0
767.43,329.1
767.45,302.7
767.46,290.0
767.48,265.8
767.5,243.1
767.51,232.3
767.53,211.8
767.54,202.0
767.56,183.6
767.58,166.4
767.59,158.4
767.61,143.1
767.63,129.1
767.64,122.5
767.66,110.1
767.68,98.79
767.69,93.5
767.71,83.65
767.73,74.69
767.74,70.53
767.76,62.81
767.78,55.83
767.79,52.61
767.81,46.66
767.83,41.33
767.84,38.88
767.86,34.37
767.88,30.36
767.89,28.53
767.91,25.17
767.92,23.65
767.94,20.86
767.96,18.4
767.97,17.29
767.99,15.27
768.01,13.5
768.02,12.7
768.04,11.26
768.06,10.0
768.07,9.441
768.09,8.429
768.11,7.553
768.12,7.161
768.14,6.459
768.16,5.855
768.17,5.585
768.19,5.104
768.21,4.691
768.22,4.507
768.24,4.179
768.25,4.034
768.27,3.774
768.29,3.552
768.3,3.454
768.32,3.279
768.34,3.131
768.35,3.065
768.37,2.95
768.39,2.855
768.4,2.814
768.42,2.745
768.44,2.692
768.45,2.672
768.47,2.645
768.49,2.635
768.5,2.637
768.52,2.655
768.54,2.694
768.55,2.722
768.57,2.797
768.59,2.901
768.6,2.964
768.62,3.118
768.63,3.209
768.65,3.422
768.67,3.683
768.68,3.834
768.7,4.179
768.72,4.589
768.73,4.821
768.75,5.345
768.77,5.958
768.78,6.301
768.8,7.067
768.82,7.951
768.83,8.442
768.85,9.53
768.87,10.77
768.88,11.46
768.9,12.96
768.92,14.67
768.93,15.6
768.95,17.64
768.97,19.93
768.98,21.18
769.0,23.89
769.01,25.37
769.03,28.56
769.05,32.1
769.06,34.01
769.08,38.12
769.1,42.66
769.11,45.1
769.13,50.32
769.15,56.04
769.16,59.09
769.18,65.6
769.2,72.68
769.21,76.44
769.23,84.42
769.25,93.03
769.26,97.58
769.28,107.2
769.3,117.5
769.31,122.9
769.33,134.3
769.35,146.3
769.36,152.7
769.38,165.9
769.39,172.7
769.41,187.1
769.43,202.1
769.44,209.9
769.46,226.0
769.48,242.8
769.49,251.5
769.51,269.3
769.53,287.8
769.54,297.2
769.56,316.5
769.58,336.3
769.59,346.3
769.61,366.7
769.63,387.5
769.64,397.9
769.66,419.0
769.68,440.2
769.69,450.9
769.71,472.1
769.73,493.3
769.74,503.8
769.76,524.5
769.77,534.8
769.79,555.0
769.81,574.7
769.82,584.3
769.84,602.9
769.86,620.8
769.87,629.4
769.89,645.9
769.91,661.3
769.92,668.6
769.94,682.3
769.96,694.7
769.97,700.3
769.99,710.6
770.01,719.5
770.02,723.3
770.04,729.9
770.06,734.8
770.07,736.7
770.09,739.2
770.1,739.8
770.12,739.8
770.14,738.2
770.15,736.8
770.17,732.6
770.19,726.9
770.2,723.5
770.22,715.4
770.24,705.9
770.25,700.5
770.27,688.9
770.29,675.9
770.3,668.9
770.32,654.1
770.34,638.1
770.35,629.8
770.37,612.4
770.39,594.1
770.4,584.7
770.42,565.4
770.44,545.4
770.45,535.3
770.47,514.7
770.48,504.3
770.5,483.3
770.52,462.1
770.53,451.5
770.55,430.3
770.57,409.1
770.58,398.6
770.6,377.8
770.62,357.2
770.63,347.1
770.65,327.1
770.67,307.6
770.68,298.0
770.7,279.3
770.72,261.2
770.73,252.4
770.75,235.3
770.77,218.8
770.78,210.9
770.8,195.5
770.82,180.8
770.83,173.8
770.85,160.2
770.86,153.7
770.88,141.3
770.9,129.6
770.91,124.0
770.93,113.4
770.95,103.4
770.96,98.72
770.98,89.79
771.0,81.5
771.01,77.59
771.03,70.22
771.05,63.43
771.06,60.24
771.08,54.25
771.1,48.78
771.11,46.22
771.13,41.44
771.15,37.09
771.16,35.07
771.18,31.31
771.2,27.92
771.21,26.34
771.23,23.44
771.24,22.09
771.26,19.62
771.28,17.4
771.29,16.38
771.31,14.5
771.33,12.83
771.34,12.07
771.36,10.67
771.38,9.428
771.39,8.861
771.41,7.827
771.43,6.914
771.44,6.499
771.46,5.743
771.48,5.077
771.49,4.775
771.51,4.227
771.53,3.744
771.54,3.526
771.56,3.129
771.57,2.949
771.59,2.623
771.61,2.336
771.62,2.206
771.64,1.97
771.66,1.762
771.67,1.668
771.69,1.496
771.71,1.344
771.72,1.274
771.74,1.148
771.76,1.035
771.77,0.9838
771.79,0.8892
771.81,0.8047
771.82,0.7658
771.84,0.694
771.86,0.6294
771.87,0.5995
771.89,0.5441
771.91,0.4939
771.92,0.4707
771.94,0.4273
771.95,0.4071
771.97,0.3695
771.99,0.3352
772.0,0.3191
772.02,0.2892
772.04,0.2619
772.05,0.2491
772.07,0.2252
772.09,0.2034
772.1,0.1932
772.12,0.1742
772.14,0.1568
772.15,0.1487
772.17,0.1335
772.19,0.1197
772.2,0.1133
772.22,0.1014
772.24,0.09054
772.25,0.08551
772.27,0.07617
772.29,0.06773
772.3,0.06383
772.32,0.05661
772.33,0.05328
772.35,0.04713
772.37,0.04163
772.38,0.0391
772.4,0.03445
772.42,0.03031
772.43,0.02842
772.45,0.02496
772.47,0.0219
772.48,0.02051
772.5,0.01798
772.52,0.01576
772.53,0.01476
772.55,0.01296
772.57,0.01139
772.58,0.01069
772.6,0.009435
772.62,0.008367
772.63,0.007897
772.65,0.007072
772.67,0.00639
772.68,0.006098
772.7,0.005607
772.71,0.005405
772.73,0.005082
772.75,0.004863
772.76,0.00479
772.78,0.004715
772.8,0.004734
772.81,0.004778
772.83,0.004936
772.85,0.00519
772.86,0.005353
772.88,0.005757
772.9,0.00627
772.91,0.006571
772.93,0.007266
772.95,0.008098
772.96,0.008571
772.98,0.009639
773.0,0.01089
773.01,0.01159
773.03,0.01315
773.05,0.01497
773.06,0.01597
773.08,0.01821
773.09,0.01946
773.11,0.02221
773.13,0.02537
773.14,0.02711
773.16,0.03095
773.18,0.03533
773.19,0.03774
773.21,0.04304
773.23,0.04903
773.24,0.05232
773.26,0.05952
773.28,0.06762
773.29,0.07205
773.31,0.08169
773.33,0.09249
773.34,0.09836
773.36,0.1111
773.38,0.1253
773.39,0.133
773.41,0.1495
773.42,0.1585
773.44,0.1778
773.46,0.199
773.47,0.2104
773.49,0.2349
773.51,0.2617
773.52,0.2761
773.54,0.3066
773.56,0.3399
773.57,0.3576
773.59,0.3952
773.61,0.4358
773.62,0.4573
773.64,0.5028
773.66,0.5515
773.67,0.5772
773.69,0.6312
773.71,0.6887
773.72,0.7188
773.74,0.7818
773.76,0.8485
773.77,0.8832
773.79,0.9554
773.8,0.9928
773.82,1.07
773.84,1.152
773.85,1.194
773.87,1.28
773.89,1.369
773.9,1.415
773.92,1.509
773.94,1.606
773.95,1.655
773.97,1.755
773.99,1.858
774.0,1.909
774.02,2.014
774.04,2.119
774.05,2.172
774.07,2.279
774.09,2.385
774.1,2.437
774.12,2.543
774.14,2.646
774.15,2.697
774.17,2.798
774.18,2.847
774.2,2.944
774.22,3.037
774.23,3.082
774.25,3.169
774.27,3.251
774.28,3.29
774.3,3.364
774.32,3.432
774.33,3.463
774.35,3.521
774.37,3.573
774.38,3.595
774.4,3.636
774.42,3.668
774.43,3.681
774.45,3.702
774.47,3.714
774.48,3.717
774.5,3.717
774.52,3.709
774.53,3.702
774.55,3.681
774.56,3.668
774.58,3.636
774.6,3.596
774.61,3.573
774.63,3.521
774.65,3.463
774.66,3.432
774.68,3.364
774.7,3.29
774.71,3.251
774.73,3.169
774.75,3.082
774.76,3.037
774.78,2.944
774.8,2.848
774.81,2.798
774.83,2.697
774.85,2.595
774.86,2.543
774.88,2.437
774.89,2.385
774.91,2.278
774.93,2.172
774.94,2.119
774.96,2.014
774.98,1.909
774.99,1.857
775.01,1.755
775.03,1.655
775.04,1.605
775.06,1.509
775.08,1.415
775.09,1.369
775.11,1.279
775.13,1.193
775.14,1.151
775.16,1.069
775.18,0.9918
775.19,0.9543
775.21,0.882
775.23,0.8134
775.24,0.7805
775.26,0.7175
775.27,0.6873
775.29,0.6297
775.31,0.5757
775.32,0.55
775.34,0.5012
775.36,0.4557
775.37,0.4342
775.39,0.3935
775.41,0.3559
775.42,0.3382
775.44,0.305
775.46,0.2744
775.47,0.2601
775.49,0.2334
775.51,0.209
775.52,0.1977
775.54,0.1766
775.56,0.1575
775.57,0.1486
775.59,0.1323
775.61,0.1176
775.62,0.1109
775.64,0.09853
775.65,0.09287
775.67,0.08252
775.69,0.07339
775.7,0.06926
775.72,0.06179
775.74,0.0553
775.75,0.05241
775.77,0.04727
775.79,0.04293
775.8,0.04104
775.82,0.03779
775.84,0.0352
775.85,0.03413
775.87,0.03244
775.89,0.0313
775.9,0.03092
775.92,0.03054
775.94,0.03063
775.95,0.03084
775.97,0.0316
775.99,0.03278
776.0,0.03352
776.02,0.03531
776.03,0.03635
776.05,0.03873
776.07,0.04149
776.08,0.04301
776.1,0.04633
776.12,0.05002
776.13,0.05201
776.15,0.05625
776.17,0.06087
776.18,0.06331
776.2,0.06847
776.22,0.07399
776.23,0.07688
776.25,0.08293
776.27,0.08933
776.28,0.09265
776.3,0.09955
776.32,0.1068
776.33,0.1105
776.35,0.1182
776.37,0.1261
776.38,0.1302
776.4,0.1386
776.41,0.1428
776.43,0.1515
776.45,0.1604
776.46,0.1649
776.48,0.174
776.5,0.1832
776.51,0.1879
776.53,0.1972
776.55,0.2065
776.56,0.2111
776.58,0.2204
776.6,0.2296
776.61,0.2341
776.63,0.243
776.65,0.2517
776.66,0.256
776.68,0.2643
776.7,0.2723
776.71,0.2762
776.73,0.2836
776.74,0.2871
776.76,0.2938
776.78,0.3
776.79,0.303
776.81,0.3083
776.83,0.3131
776.84,0.3153
776.86,0.3192
776.88,0.3223
776.89,0.3237
776.91,0.3258
776.93,0.3273
776.94,0.3277
776.96,0.3281
776.98,0.3277
776.99,0.3273
777.01,0.3258
777.03,0.3237
777.04,0.3224
777.06,0.3192
777.08,0.3153
777.09,0.3132
777.11,0.3084
777.12,0.3057
777.14,0.3001
777.16,0.2938
777.17,0.2905
777.19,0.2836
777.21,0.2762
777.22,0.2723
777.24,0.2643
777.26,0.256
777.27,0.2518
777.29,0.2431
777.31,0.2341
777.32,0.2296
777.34,0.2204
777.36,0.2112
777.37,0.2065
777.39,0.1972
777.41,0.1879
777.42,0.1832
777.44,0.174
777.46,0.1649
777.47,0.1604
777.49,0.1515
777.5,0.1471
777.52,0.1385
777.54,0.1302
777.55,0.1261
777.57,0.1181
777.59,0.1103
777.6,0.1066
777.62,0.09929
777.64,0.09232
777.65,0.08895
777.67,0.08245
777.69,0.07627
777.7,0.0733
777.72,0.06761
777.74,0.06224
777.75,0.05968
777.77,0.05479
777.79,0.05022
777.8,0.04804
777.82,0.04392
777.84,0.04009
777.85,0.03828
777.87,0.03486
777.88,0.03326
777.9,0.03023
777.92,0.02745
777.93,0.02615
777.95,0.02371
777.97,0.02149
777.98,0.02046
778.0,0.01853
778.02,0.01678
778.03,0.01597
778.05,0.01447
778.07,0.01312
778.08,0.0125
778.1,0.01135
778.12,0.01032
778.13,0.009851
778.15,0.008986
778.17,0.008218
778.18,0.007867
778.2,0.007225
778.21,0.006933
778.23,0.0064
778.25,0.00593
778.26,0.005717
778.28,0.005329
778.3,0.004988
778.31,0.004833
778.33,0.004552
778.35,0.004306
778.36,0.004194
778.38,0.003991
778.4,0.003813
778.41,0.003731
778.43,0.003583
778.45,0.003452
778.46,0.003392
778.48,0.003281
778.5,0.003182
778.51,0.003137
778.53,0.003052
778.55,0.002974
778.56,0.002938
778.58,0.00287
778.59,0.002837
778.61,0.002776
778.63,0.002719
778.64,0.002692
778.66,0.002639
778.68,0.002589
778.69,0.002564
778.71,0.002517
778.73,0.002472
778.74,0.00245
778.76,0.002407
778.78,0.002365
778.79,0.002344
778.81,0.002303
778.83,0.002264
778.84,0.002244
778.86,0.002206
778.88,0.002168
778.89,0.002149
778.91,0.002113
778.93,0.002076
778.94,0.002058
778.96,0.002022
778.97,0.002005
778.99,0.001969
779.01,0.001934
779.02,0.001916
779.04,0.001881
779.06,0.001846
779.07,0.001829
779.09,0.001793
779.11,0.001758
779.12,0.00174
779.14,0.001704
779.16,0.001668
779.17,0.00165
779.19,0.001613
779.21,0.001576
779.22,0.001557
779.24,0.001519
779.26,0.001481
779.27,0.001461
779.29,0.001422
779.31,0.001382
779.32,0.001362
779.34,0.001322
779.35,0.001302
779.37,0.001261
779.39,0.00122
779.4,0.001199
779.42,0.001157
779.44,0.001116
779.45,0.001095
779.47,0.001053
779.49,0.001011
779.5,0.0009908
779.52,0.0009496
779.54,0.0009089
779.55,0.0008887
779.57,0.0008488
779.59,0.0008096
779.6,0.0007903
779.62,0.0007524
779.64,0.0007155
779.65,0.0006975
779.67,0.0006624
779.68,0.0006454
779.7,0.0006124
779.72,0.0005809
779.73,0.0005658
779.75,0.000537
779.77,0.00051
779.78,0.0004973
779.8,0.0004734
779.82,0.0004517
779.83,0.0004418
779.85,0.0004237
779.87,0.0004082
779.88,0.0004015
779.9,0.0003903
779.92,0.000382
779.93,0.000379
779.95,0.0003756
779.97,0.0003756
779.98,0.0003769
780.0,0.0003824
780.02,0.0003919
780.03,0.0003982
780.05,0.000414
780.06,0.0004235
780.08,0.0004462
780.1,0.0004738
780.11,0.0004895
780.13,0.0005249
780.15,0.0005659
780.16,0.0005885
780.18,0.0006384
780.2,0.0006945
780.21,0.000725
780.23,0.0007911
780.25,0.0008643
780.26,0.0009035
780.28,0.0009877
780.3,0.00108
780.31,0.001128
780.33,0.001232
780.35,0.001344
780.36,0.001404
780.38,0.001529
780.4,0.001662
780.41,0.001732
780.43,0.001879
780.44,0.001956
780.46,0.002117
780.48,0.002286
780.49,0.002374
780.51,0.002556
780.53,0.002747
780.54,0.002846
780.56,0.003049
780.58,0.00326
780.59,0.003369
780.61,0.003591
780.63,0.003819
780.64,0.003936
780.66,0.004173
780.68,0.004416
780.69,0.004538
780.71,0.004786
780.73,0.005037
780.74,0.005164
780.76,0.005417
780.78,0.00567
780.79,0.005797
780.81,0.006048
780.82,0.006173
780.84,0.006421
780.86,0.006663
780.87,0.006783
780.89,0.007017
780.91,0.007243
780.92,0.007353
780.94,0.007566
780.96,0.007768
780.97,0.007865
780.99,0.008049
781.01,0.00822
781.02,0.008301
781.04,0.00845
781.06,0.008584
781.07,0.008644
781.09,0.008753
781.11,0.008845
781.12,0.008884
781.14,0.008949
781.16,0.008996
781.17,0.009012
781.19,0.009032
781.2,0.009035
781.22,0.009027
781.24,0.009002
781.25,0.008983
781.27,0.008933
781.29,0.008867
781.3,0.008829
781.32,0.008743
781.34,0.008646
781.35,0.008594
781.37,0.008484
781.39,0.00837
781.4,0.008312
781.42,0.008197
781.44,0.008088
781.45,0.008038
781.47,0.007949
781.49,0.007883
781.5,0.007862
781.52,0.007848
781.53,0.007859
781.55,0.007927
781.57,0.008069
781.58,0.008174
781.6,0.008468
781.62,0.008898
781.63,0.009173
781.65,0.009872
781.67,0.0108
781.68,0.01138
781.7,0.01277
781.72,0.01456
781.73,0.01563
781.75,0.01818
781.77,0.0214
781.78,0.0233
781.8,0.02777
781.82,0.03332
781.83,0.03657
781.85,0.04417
781.87,0.05349
781.88,0.05891
781.9,0.0715
781.91,0.07879
781.93,0.09569
781.95,0.1162
781.96,0.1279
781.98,0.1551
782.0,0.1878
782.01,0.2066
782.03,0.2496
782.05,0.3011
782.06,0.3305
782.08,0.3976
782.1,0.4774
782.11,0.5227
782.13,0.6258
782.15,0.7476
782.16,0.8166
782.18,0.9726
782.2,1.156
782.21,1.259
782.23,1.492
782.25,1.764
782.26,1.917
782.28,2.259
782.29,2.45
782.31,2.879
782.33,3.375
782.34,3.651
782.36,4.266
782.38,4.975
782.39,5.368
782.41,6.239
782.43,7.236
782.44,7.786
782.46,9.001
782.48,10.38
782.49,11.14
782.51,12.81
782.53,14.7
782.54,15.74
782.56,18.0
782.58,20.54
782.59,21.92
782.61,24.94
782.63,28.31
782.64,30.14
782.66,34.1
782.67,36.24
782.69,40.88
782.71,46.0
782.72,48.76
782.74,54.7
782.76,61.23
782.77,64.73
782.79,72.22
782.81,80.41
782.82,84.77
782.84,94.08
782.86,104.2
782.87,109.5
782.89,120.9
782.91,133.2
782.92,139.7
782.94,153.3
782.96,168.0
782.97,175.7
782.99,191.9
783.0,200.3
783.02,218.0
783.04,236.8
783.05,246.6
783.07,267.0
783.09,288.5
783.1,299.6
783.12,322.6
783.14,346.6
783.15,359.0
783.17,384.5
783.19,411.0
783.2,424.5
783.22,452.3
783.24,480.8
783.25,495.3
783.27,524.8
783.29,554.9
783.3,570.1
783.32,600.8
783.34,631.9
783.35,647.5
783.37,678.7
783.38,694.3
783.4,725.5
783.42,756.4
783.43,771.8
783.45,802.1
783.47,831.8
783.48,846.4
783.5,874.9
783.52,902.5
783.53,915.8
783.55,941.6
783.57,966.0
783.58,977.7
783.6,999.8
783.62,1020.0
783.63,1030.0
783.65,1047.0
783.67,1063.0
783.68,1070.0
783.7,1083.0
783.72,1093.0
783.73,1097.0
783.75,1104.0
783.76,1107.0
783.78,1110.0
783.8,1111.0
783.81,1111.0
783.83,1108.0
783.85,1103.0
783.86,1100.0
783.88,1091.0
783.9,1080.0
783.91,1074.0
783.93,1060.0
783.95,1044.0
783.96,1035.0
783.98,1016.0
784.0,995.6
784.01,984.6
784.03,961.3
784.05,936.6
784.06,923.8
784.08,897.1
784.1,869.4
784.11,855.1
784.13,826.0
784.14,811.2
784.16,781.0
784.18,750.4
784.19,734.9
784.21,703.8
784.23,672.5
784.24,656.9
784.26,625.7
784.28,594.7
784.29,579.3
784.31,548.9
784.33,518.9
784.34,504.1
784.36,475.0
784.38,446.7
784.39,432.8
784.41,405.7
784.43,379.4
784.44,366.6
784.46,341.8
784.48,317.9
784.49,306.4
784.51,284.1
784.52,273.4
784.54,252.7
784.56,233.0
784.57,223.6
784.59,205.6
784.61,188.6
784.62,180.5
784.64,165.1
784.66,150.6
784.67,143.8
784.69,130.8
784.71,118.7
784.72,113.0
784.74,102.2
784.76,92.32
784.77,87.66
784.79,78.91
784.81,70.89
784.82,67.13
784.84,60.13
784.85,56.86
784.87,50.77
784.89,45.25
784.9,42.69
784.92,37.93
784.94,33.65
784.95,31.67
784.97,28.02
784.99,24.76
785.0,23.25
785.02,20.49
785.04,18.04
785.05,16.92
785.07,14.86
785.09,13.05
785.1,12.22
785.12,10.72
785.14,9.399
785.15,8.801
785.17,7.718
785.19,6.773
785.2,6.347
785.22,5.579
785.23,5.233
785.25,4.613
785.27,4.076
785.28,3.836
785.3,3.407
785.32,3.037
785.33,2.872
785.35,2.579
785.37,2.327
785.38,2.215
785.4,2.016
785.42,1.846
785.43,1.77
785.45,1.635
785.47,1.52
785.48,1.468
785.5,1.376
785.52,1.296
785.53,1.26
785.55,1.195
785.57,1.137
785.58,1.111
785.6,1.063
785.61,1.04
785.63,0.9982
785.65,0.9595
785.66,0.9412
785.68,0.9061
785.7,0.8727
785.71,0.8566
785.73,0.8251
785.75,0.7945
785.76,0.7795
785.78,0.7498
785.8,0.7206
785.81,0.7061
785.83,0.6774
785.85,0.6489
785.86,0.6348
785.88,0.6067
785.9,0.579
785.91,0.5652
785.93,0.5379
785.95,0.511
785.96,0.4977
785.98,0.4715
785.99,0.4586
786.01,0.4332
786.03,0.4084
786.04,0.3962
786.06,0.3724
786.08,0.3493
786.09,0.338
786.11,0.316
786.13,0.2949
786.14,0.2847
786.16,0.2648
786.18,0.2459
786.19,0.2367
786.21,0.2191
786.23,0.2024
786.24,0.1943
786.26,0.179
786.28,0.1645
786.29,0.1576
786.31,0.1445
786.32,0.1383
786.34,0.1265
786.36,0.1155
786.37,0.1103
786.39,0.1006
786.41,0.09172
786.42,0.08757
786.44,0.07984
786.46,0.07289
786.47,0.06969
786.49,0.06388
786.51,0.05881
786.52,0.05656
786.54,0.05264
786.56,0.04948
786.57,0.0482
786.59,0.04625
786.61,0.04515
786.62,0.04494
786.64,0.04521
786.66,0.0465
786.67,0.04754
786.69,0.05052
786.7,0.05248
786.72,0.05742
786.74,0.06389
786.75,0.06774
786.77,0.07684
786.79,0.088
786.8,0.09443
786.82,0.1092
786.84,0.1268
786.85,0.1368
786.87,0.1594
786.89,0.1859
786.9,0.2008
786.92,0.2343
786.94,0.2731
786.95,0.2947
786.97,0.343
786.99,0.3986
787.0,0.4294
787.02,0.4977
787.04,0.5759
787.05,0.6191
787.07,0.7143
787.08,0.7666
787.1,0.8819
787.12,1.012
787.13,1.084
787.15,1.24
787.17,1.416
787.18,1.513
787.2,1.722
787.22,1.956
787.23,2.083
787.25,2.359
787.27,2.665
787.28,2.831
787.3,3.189
787.32,3.584
787.33,3.797
787.35,4.253
787.37,4.755
787.38,5.024
787.4,5.598
787.42,6.225
787.43,6.559
787.45,7.271
787.46,7.648
787.48,8.45
787.5,9.317
787.51,9.775
787.53,10.74
787.55,11.78
787.56,12.33
787.58,13.47
787.6,14.7
787.61,15.34
787.63,16.67
787.65,18.09
787.66,18.83
787.68,20.36
787.7,21.97
787.71,22.81
787.73,24.53
787.75,26.33
787.76,27.26
787.78,29.17
787.8,31.14
787.81,32.15
787.83,34.21
787.84,35.27
787.86,37.41
787.88,39.6
787.89,40.71
787.91,42.95
787.93,45.22
787.94,46.37
787.96,48.66
787.98,50.96
787.99,52.11
788.01,54.4
788.03,56.66
788.04,57.78
788.06,60.0
788.08,62.16
788.09,63.22
788.11,65.29
788.13,67.29
788.14,68.25
788.16,70.11
788.17,71.0
788.19,72.7
788.21,74.29
788.22,75.03
788.24,76.42
788.26,77.66
788.27,78.23
788.29,79.25
788.31,80.11
788.32,80.48
788.34,81.1
788.36,81.54
788.37,81.7
788.39,81.88
788.41,81.89
788.42,81.83
788.44,81.58
788.46,81.15
788.47,80.87
788.49,80.19
788.51,79.35
788.52,78.87
788.54,77.78
788.55,77.19
788.57,75.89
788.59,74.45
788.6,73.68
788.62,72.05
788.64,70.3
788.65,69.39
788.67,67.5
788.69,65.51
788.7,64.49
788.72,62.39
788.74,60.24
788.75,59.14
788.77,56.91
788.79,54.65
788.8,53.51
788.82,51.22
788.84,48.92
788.85,47.78
788.87,45.49
788.89,43.22
788.9,42.09
788.92,39.86
788.93,38.76
788.95,36.59
788.97,34.47
788.98,33.43
789.0,31.39
789.02,29.41
789.03,28.45
789.05,26.57
789.07,24.76
789.08,23.89
789.1,22.19
789.12,20.57
789.13,19.79
789.15,18.29
789.17,16.87
789.18,16.18
789.2,14.88
789.22,13.65
789.23,13.06
789.25,11.94
789.27,10.9
789.28,10.4
789.3,9.46
789.31,9.015
789.33,8.174
789.35,7.396
789.36,7.03
789.38,6.341
789.4,5.708
789.41,5.411
789.43,4.856
789.45,4.348
789.46,4.112
789.48,3.671
789.5,3.27
789.51,3.085
789.53,2.74
789.55,2.429
789.56,2.286
789.58,2.021
789.6,1.783
789.61,1.673
789.63,1.472
789.64,1.38
789.66,1.211
789.68,1.061
789.69,0.9925
789.71,0.8673
789.73,0.7568
789.74,0.7065
789.76,0.6152
789.78,0.535
789.79,0.4986
789.81,0.4329
789.83,0.3755
789.84,0.3496
789.86,0.3029
789.88,0.2623
789.89,0.2441
789.91,0.2114
789.93,0.183
789.94,0.1704
789.96,0.1477
789.98,0.1281
789.99,0.1194
790.01,0.1038
790.02,0.09682
790.04,0.08441
790.06,0.07376
790.07,0.06902
790.09,0.06058
790.11,0.05334
790.12,0.05012
790.14,0.04437
790.16,0.03944
790.17,0.03724
790.19,0.03332
790.21,0.02995
790.22,0.02844
790.24,0.02574
790.26,0.02341
790.27,0.02237
790.29,0.0205
790.31,0.01889
790.32,0.01816
790.34,0.01688
790.36,0.01577
790.37,0.01528
790.39,0.01443
790.4,0.01406
790.42,0.01342
790.44,0.01293
790.45,0.01273
790.47,0.01244
790.49,0.01229
790.5,0.01227
790.52,0.01234
790.54,0.01257
790.55,0.01274
790.57,0.01322
790.59,0.01389
790.6,0.01431
790.62,0.01529
790.64,0.01652
790.65,0.01723
790.67,0.01887
790.69,0.02081
790.7,0.0219
790.72,0.02436
790.74,0.02722
790.75,0.0288
790.77,0.03233
790.78,0.03427
790.8,0.03857
790.82,0.04345
790.83,0.04612
790.85,0.05197
790.87,0.05855
790.88,0.06213
790.9,0.06992
790.92,0.07862
790.93,0.08332
790.95,0.0935
790.97,0.1048
790.98,0.1108
791.0,0.1239
791.02,0.1383
791.03,0.146
791.05,0.1624
791.07,0.1805
791.08,0.1901
791.1,0.2105
791.11,0.2214
791.13,0.2445
791.15,0.2695
791.16,0.2827
791.18,0.3106
791.2,0.3407
791.21,0.3565
791.23,0.3897
791.25,0.4252
791.26,0.4438
791.28,0.4826
791.3,0.5239
791.31,0.5453
791.33,0.5901
791.35,0.6372
791.36,0.6616
791.38,0.7122
791.4,0.765
791.41,0.7923
791.43,0.8485
791.45,0.9068
791.46,0.9367
791.48,0.9979
791.49,1.029
791.51,1.093
791.53,1.159
791.54,1.192
791.56,1.259
791.58,1.328
791.59,1.363
791.61,1.433
791.63,1.503
791.64,1.539
791.66,1.609
791.68,1.68
791.69,1.715
791.71,1.785
791.73,1.855
791.74,1.889
791.76,1.956
791.78,2.022
791.79,2.055
791.81,2.118
791.83,2.179
791.84,2.208
791.86,2.265
791.87,2.293
791.89,2.346
791.91,2.395
791.92,2.419
791.94,2.464
791.96,2.505
791.97,2.524
791.99,2.56
792.01,2.592
792.02,2.606
792.04,2.632
792.06,2.654
792.07,2.664
792.09,2.68
792.11,2.693
792.12,2.698
792.14,2.705
792.16,2.709
792.17,2.71
792.19,2.709
792.21,2.706
792.22,2.703
792.24,2.695
792.25,2.69
792.27,2.68
792.29,2.667
792.3,2.66
792.32,2.645
792.34,2.629
792.35,2.621
792.37,2.604
792.39,2.587
792.4,2.578
792.42,2.561
792.44,2.545
792.45,2.537
792.47,2.523
792.49,2.51
792.5,2.504
792.52,2.493
792.54,2.485
792.55,2.481
792.57,2.476
792.59,2.474
792.6,2.474
792.62,2.476
792.63,2.479
792.65,2.485
792.67,2.496
792.68,2.502
792.7,2.517
792.72,2.536
792.73,2.547
792.75,2.571
792.77,2.598
792.78,2.613
792.8,2.645
792.82,2.681
792.83,2.7
792.85,2.74
792.87,2.783
792.88,2.805
792.9,2.852
792.92,2.901
792.93,2.926
792.95,2.978
792.96,3.005
792.98,3.059
793.0,3.114
793.01,3.142
793.03,3.198
793.05,3.254
793.06,3.282
793.08,3.338
793.1,3.393
793.11,3.42
793.13,3.473
793.15,3.524
793.16,3.549
793.18,3.597
793.2,3.642
793.21,3.664
793.23,3.704
793.25,3.741
793.26,3.758
793.28,3.79
793.3,3.817
793.31,3.829
793.33,3.85
793.34,3.858
793.36,3.872
793.38,3.881
793.39,3.884
793.41,3.886
793.43,3.883
793.44,3.88
793.46,3.871
793.48,3.857
793.49,3.849
793.51,3.829
793.53,3.806
793.54,3.793
793.56,3.764
793.58,3.733
793.59,3.716
793.61,3.682
793.63,3.646
793.64,3.627
793.66,3.59
793.68,3.552
793.69,3.533
793.71,3.496
793.72,3.478
793.74,3.443
793.76,3.411
793.77,3.395
793.79,3.367
793.81,3.342
793.82,3.332
793.84,3.314
793.86,3.301
793.87,3.297
793.89,3.293
793.91,3.296
793.92,3.299
793.94,3.312
793.96,3.333
793.97,3.346
793.99,3.378
794.01,3.418
794.02,3.441
794.04,3.494
794.06,3.555
794.07,3.589
794.09,3.663
794.1,3.703
794.12,3.789
794.14,3.884
794.15,3.934
794.17,4.041
794.19,4.156
794.2,4.216
794.22,4.341
794.24,4.473
794.25,4.541
794.27,4.682
794.29,4.829
794.3,4.904
794.32,5.057
794.34,5.215
794.35,5.295
794.37,5.457
794.39,5.622
794.4,5.705
794.42,5.871
794.43,5.955
794.45,6.122
794.47,6.289
794.48,6.372
794.5,6.537
794.52,6.699
794.53,6.779
794.55,6.936
794.57,7.089
794.58,7.164
794.6,7.31
794.62,7.45
794.63,7.518
794.65,7.648
794.67,7.771
794.68,7.83
794.7,7.941
794.72,8.043
794.73,8.091
794.75,8.18
794.77,8.259
794.78,8.294
794.8,8.358
794.81,8.386
794.83,8.434
794.85,8.471
794.86,8.485
794.88,8.505
794.9,8.513
794.91,8.513
794.93,8.504
794.95,8.483
794.96,8.468
794.98,8.43
795.0,8.38
795.01,8.351
795.03,8.284
795.05,8.206
795.06,8.163
795.08,8.068
795.1,7.963
795.11,7.907
795.13,7.786
795.15,7.656
795.16,7.588
795.18,7.444
795.19,7.369
795.21,7.213
795.23,7.049
795.24,6.965
795.26,6.791
795.28,6.61
795.29,6.518
795.31,6.33
795.33,6.137
795.34,6.039
795.36,5.84
795.38,5.639
795.39,5.537
795.41,5.332
795.43,5.127
795.44,5.023
795.46,4.817
795.48,4.611
795.49,4.509
795.51,4.305
795.53,4.103
795.54,4.002
795.56,3.804
795.57,3.706
795.59,3.513
795.61,3.324
795.62,3.232
795.64,3.049
795.66,2.872
795.67,2.785
795.69,2.616
795.71,2.452
795.72,2.373
795.74,2.218
795.76,2.07
795.77,1.998
795.79,1.859
795.81,1.726
795.82,1.662
795.84,1.539
795.86,1.423
795.87,1.367
795.89,1.26
795.91,1.159
795.92,1.111
795.94,1.019
795.95,0.9757
795.97,0.8927
795.99,0.8154
796.0,0.7788
796.02,0.7096
796.04,0.6455
796.05,0.6153
796.07,0.5586
796.09,0.5064
796.1,0.482
796.12,0.4363
796.14,0.3946
796.15,0.3753
796.17,0.3393
796.19,0.3068
796.2,0.2918
796.22,0.2641
796.24,0.2395
796.25,0.2282
796.27,0.2076
796.28,0.1983
796.3,0.1815
796.32,0.1669
796.33,0.1604
796.35,0.149
796.37,0.1394
796.38,0.1352
796.4,0.1282
796.42,0.1228
796.43,0.1206
796.45,0.1172
796.47,0.1152
796.48,0.1146
796.5,0.1143
796.52,0.115
796.53,0.1157
796.55,0.1179
796.57,0.1209
796.58,0.1227
796.6,0.1269
796.62,0.1318
796.63,0.1345
796.65,0.1402
796.66,0.1433
796.68,0.1499
796.7,0.157
796.71,0.1606
796.73,0.1682
796.75,0.1762
796.76,0.1803
796.78,0.1886
796.8,0.1971
796.81,0.2014
796.83,0.2102
796.85,0.219
796.86,0.2234
796.88,0.2322
796.9,0.241
796.91,0.2454
796.93,0.254
796.95,0.2624
796.96,0.2666
796.98,0.2747
797.0,0.2826
797.01,0.2864
797.03,0.2938
797.04,0.2973
797.06,0.3042
797.08,0.3106
797.09,0.3136
797.11,0.3194
797.13,0.3247
797.14,0.3272
797.16,0.3317
797.18,0.3358
797.19,0.3377
797.21,0.341
797.23,0.3438
797.24,0.345
797.26,0.347
797.28,0.3486
797.29,0.3492
797.31,0.3501
797.33,0.3505
797.34,0.3506
797.36,0.3504
797.38,0.3499
797.39,0.3496
797.41,0.3486
797.42,0.348
797.44,0.3467
797.46,0.3452
797.47,0.3444
797.49,0.3427
797.51,0.3409
797.52,0.34
797.54,0.3382
797.56,0.3364
797.57,0.3356
797.59,0.334
797.61,0.3326
797.62,0.3319
797.64,0.3308
797.66,0.33
797.67,0.3296
797.69,0.3292
797.71,0.3291
797.72,0.3292
797.74,0.3296
797.75,0.3299
797.77,0.3309
797.79,0.3322
797.8,0.333
797.82,0.3349
797.84,0.3371
797.85,0.3383
797.87,0.3411
797.89,0.3441
797.9,0.3457
797.92,0.3491
797.94,0.3528
797.95,0.3547
797.97,0.3586
797.99,0.3626
798.0,0.3647
798.02,0.3688
798.04,0.3729
798.05,0.375
798.07,0.379
798.09,0.3828
798.1,0.3847
798.12,0.3883
798.13,0.39
798.15,0.3931
798.17,0.3959
798.18,0.3972
798.2,0.3993
798.22,0.4011
798.23,0.4017
798.25,0.4027
798.27,0.4031
798.28,0.4031
798.3,0.4026
798.32,0.4015
798.33,0.4007
798.35,0.3987
798.37,0.396
798.38,0.3944
798.4,0.3907
798.42,0.3864
798.43,0.384
798.45,0.3787
798.47,0.3728
798.48,0.3696
798.5,0.3628
798.51,0.3592
798.53,0.3516
798.55,0.3435
798.56,0.3393
798.58,0.3305
798.6,0.3214
798.61,0.3166
798.63,0.3069
798.65,0.2969
798.66,0.2918
798.68,0.2814
798.7,0.2709
798.71,0.2656
798.73,0.2548
798.75,0.244
798.76,0.2386
798.78,0.2278
798.8,0.2171
798.81,0.2117
798.83,0.2011
798.85,0.1906
798.86,0.1854
798.88,0.1752
798.89,0.1702
798.91,0.1603
798.93,0.1507
798.94,0.146
798.96,0.1368
798.98,0.128
798.99,0.1237
799.01,0.1153
799.03,0.1073
799.04,0.1034
799.06,0.09588
799.08,0.08875
799.09,0.08531
799.11,0.07872
799.13,0.07248
799.14,0.0695
799.16,0.06379
799.18,0.05844
799.19,0.05589
799.21,0.05104
799.23,0.04652
799.24,0.04437
799.26,0.04032
799.27,0.03841
799.29,0.03479
799.31,0.03146
799.32,0.0299
799.34,0.02696
799.36,0.02426
799.37,0.02301
799.39,0.02066
799.41,0.01852
799.42,0.01753
799.44,0.01569
799.46,0.01403
799.47,0.01327
799.49,0.01186
799.51,0.01061
799.52,0.01004
799.54,0.009
799.56,0.008089
799.57,0.00768
799.59,0.00695
799.6,0.006627
799.62,0.00606
799.64,0.005595
799.65,0.005399
799.67,0.005078
799.69,0.004847
799.7,0.004765
799.72,0.004665
799.74,0.00465
799.75,0.004673
799.77,0.004784
799.79,0.004978
799.8,0.005107
799.82,0.005429
799.84,0.005839
799.85,0.006078
799.87,0.006625
799.89,0.007267
799.9,0.007626
799.92,0.00842
799.94,0.009323
799.95,0.009816
799.97,0.01089
799.98,0.01147
800.0,0.01273
800.02,0.01413
800.03,0.01488
800.05,0.01648
800.07,0.01824
800.08,0.01918
800.1,0.02118
800.12,0.02334
800.13,0.02449
800.15,0.02693
800.17,0.02955
800.18,0.03093
800.2,0.03384
800.22,0.03696
800.23,0.03859
800.25,0.04201
800.27,0.04565
800.28,0.04754
800.3,0.0515
800.32,0.05567
800.33,0.05783
800.35,0.06232
800.36,0.06465
800.38,0.06945
800.4,0.07445
800.41,0.07703
800.43,0.08233
800.45,0.08781
800.46,0.09061
800.48,0.09634
800.5,0.1022
800.51,0.1052
800.53,0.1113
800.55,0.1175
800.56,0.1206
800.58,0.1269
800.6,0.1333
800.61,0.1365
800.63,0.1429
800.65,0.1493
800.66,0.1524
800.68,0.1588
800.7,0.165
800.71,0.1681
800.73,0.1742
800.74,0.1772
800.76,0.183
800.78,0.1887
800.79,0.1915
800.81,0.1968
800.83,0.2019
800.84,0.2043
800.86,0.209
800.88,0.2133
800.89,0.2154
800.91,0.2192
800.93,0.2227
800.94,0.2244
800.96,0.2273
800.98,0.2299
800.99,0.2311
801.01,0.2331
801.03,0.2348
801.04,0.2355
801.06,0.2366
801.07,0.2371
801.09,0.2378
801.11,0.2382
801.12,0.2383
801.14,0.2383
801.16,0.2382
801.17,0.2381
801.19,0.2378
801.21,0.2374
801.22,0.2373
801.24,0.237
801.26,0.2369
801.27,0.2369
801.29,0.2372
801.31,0.2379
801.32,0.2385
801.34,0.24
801.36,0.2422
801.37,0.2436
801.39,0.2471
801.41,0.2516
801.42,0.2543
801.44,0.2608
801.45,0.2645
801.47,0.2732
801.49,0.2837
801.5,0.2896
801.52,0.303
801.54,0.3187
801.55,0.3275
801.57,0.3469
801.59,0.3692
801.6,0.3814
801.62,0.4083
801.64,0.4386
801.65,0.455
801.67,0.4909
801.69,0.5307
801.7,0.5522
801.72,0.5984
801.74,0.6493
801.75,0.6765
801.77,0.7348
801.79,0.7981
801.8,0.8318
801.82,0.9034
801.83,0.9413
801.85,1.021
801.87,1.107
801.88,1.153
801.9,1.248
801.92,1.349
801.93,1.402
801.95,1.513
801.97,1.63
801.98,1.691
802.0,1.817
802.02,1.95
802.03,2.018
802.05,2.16
802.07,2.307
802.08,2.383
802.1,2.538
802.12,2.698
802.13,2.78
802.15,2.947
802.17,3.118
802.18,3.205
802.2,3.38
802.21,3.469
802.23,3.648
802.25,3.829
802.26,3.92
802.28,4.102
802.3,4.283
802.31,4.374
802.33,4.553
802.35,4.731
802.36,4.818
802.38,4.991
802.4,5.159
802.41,5.241
802.43,5.4
802.45,5.554
802.46,5.628
802.48,5.769
802.5,5.903
802.51,5.966
802.53,6.085
802.55,6.194
802.56,6.245
802.58,6.337
802.59,6.379
802.61,6.453
802.63,6.515
802.64,6.542
802.66,6.584
802.68,6.614
802.69,6.624
802.71,6.633
802.73,6.63
802.74,6.623
802.76,6.599
802.78,6.562
802.79,6.539
802.81,6.483
802.83,6.415
802.84,6.376
802.86,6.291
802.88,6.194
802.89,6.142
802.91,6.03
802.92,5.97
802.94,5.844
802.96,5.711
802.97,5.641
802.99,5.496
803.01,5.345
803.02,5.268
803.04,5.109
803.06,4.947
803.07,4.864
803.09,4.697
803.11,4.528
803.12,4.443
803.14,4.273
803.16,4.103
803.17,4.018
803.19,3.849
803.21,3.682
803.22,3.599
803.24,3.436
803.26,3.276
803.27,3.197
803.29,3.043
803.3,2.968
803.32,2.82
803.34,2.677
803.35,2.608
803.37,2.473
803.39,2.344
803.4,2.281
803.42,2.16
803.44,2.045
803.45,1.99
803.47,1.883
803.49,1.782
803.5,1.734
803.52,1.641
803.54,1.554
803.55,1.512
803.57,1.433
803.59,1.359
803.6,1.323
803.62,1.256
803.64,1.193
803.65,1.164
803.67,1.107
803.68,1.08
803.7,1.029
803.72,0.9819
803.73,0.9594
803.75,0.9166
803.77,0.8767
803.78,0.8577
803.8,0.8217
803.82,0.7879
803.83,0.7718
803.85,0.7411
803.87,0.7122
803.88,0.6984
803.9,0.6719
803.92,0.6469
803.93,0.6349
803.95,0.6117
803.97,0.5898
803.98,0.5792
804.0,0.5589
804.02,0.5395
804.03,0.5301
804.05,0.5121
804.06,0.5034
804.08,0.4867
804.1,0.4709
804.11,0.4633
804.13,0.4488
804.15,0.4352
804.16,0.4287
804.18,0.4165
804.2,0.4053
804.21,0.4
804.23,0.3904
804.25,0.3818
804.26,0.3779
804.28,0.3711
804.3,0.3655
804.31,0.3632
804.33,0.3596
804.35,0.3574
804.36,0.3569
804.38,0.3569
804.39,0.3574
804.41,0.3597
804.43,0.3636
804.44,0.3662
804.46,0.3726
804.48,0.3807
804.49,0.3854
804.51,0.3961
804.53,0.4085
804.54,0.4154
804.56,0.4305
804.58,0.4474
804.59,0.4565
804.61,0.476
804.63,0.4972
804.64,0.5085
804.66,0.5322
804.68,0.5575
804.69,0.5707
804.71,0.5983
804.73,0.6274
804.74,0.6424
804.76,0.6734
804.77,0.6893
804.79,0.722
804.81,0.7558
804.82,0.773
804.84,0.808
804.86,0.8437
804.87,0.8617
804.89,0.8981
804.91,0.9349
804.92,0.9533
804.94,0.9902
804.96,1.027
804.97,1.045
804.99,1.082
805.01,1.118
805.02,1.135
805.04,1.17
805.06,1.204
805.07,1.221
805.09,1.254
805.11,1.285
805.12,1.301
805.14,1.33
805.15,1.345
805.17,1.372
805.19,1.399
805.2,1.411
805.22,1.436
805.24,1.459
805.25,1.47
805.27,1.491
805.29,1.512
805.3,1.521
805.32,1.541
805.34,1.56
805.35,1.569
805.37,1.588
805.39,1.607
805.4,1.617
805.42,1.637
805.44,1.66
805.45,1.671
805.47,1.697
805.49,1.726
805.5,1.742
805.52,1.777
805.53,1.796
805.55,1.839
805.57,1.889
805.58,1.916
805.6,1.977
805.62,2.047
805.63,2.086
805.65,2.171
805.67,2.269
805.68,2.322
805.7,2.44
805.72,2.573
805.73,2.646
805.75,2.804
805.77,2.981
805.78,3.077
805.8,3.285
805.82,3.515
805.83,3.639
805.85,3.905
805.86,4.048
805.88,4.354
805.9,4.687
805.91,4.865
805.93,5.243
805.95,5.653
805.96,5.87
805.98,6.328
806.0,6.821
806.01,7.08
806.03,7.625
806.05,8.206
806.06,8.51
806.08,9.146
806.1,9.818
806.11,10.17
806.13,10.9
806.15,11.66
806.16,12.06
806.18,12.87
806.2,13.73
806.21,14.16
806.23,15.07
806.24,15.53
806.26,16.48
806.28,17.46
806.29,17.96
806.31,18.98
806.33,20.02
806.34,20.55
806.36,21.62
806.38,22.71
806.39,23.26
806.41,24.37
806.43,25.49
806.44,26.06
806.46,27.18
806.48,28.31
806.49,28.87
806.51,30.0
806.53,31.12
806.54,31.67
806.56,32.77
806.58,33.86
806.59,34.39
806.61,35.45
806.62,35.97
806.64,36.99
806.66,37.99
806.67,38.48
806.69,39.44
806.71,40.37
806.72,40.83
806.74,41.71
806.76,42.56
806.77,42.98
806.79,43.79
806.81,44.57
806.82,44.94
806.84,45.68
806.86,46.38
806.87,46.72
806.89,47.39
806.91,48.04
806.92,48.35
806.94,48.96
806.96,49.56
806.97,49.85
806.99,50.43
807.0,50.72
807.02,51.28
807.04,51.84
807.05,52.11
807.07,52.67
807.09,53.22
807.1,53.5
807.12,54.06
807.14,54.62
807.15,54.91
807.17,55.49
807.19,56.07
807.2,56.37
807.22,56.97
807.24,57.58
807.25,57.89
807.27,58.52
807.29,59.15
807.3,59.47
807.32,60.1
807.34,60.74
807.35,61.06
807.37,61.69
807.38,62.01
807.4,62.63
807.42,63.23
807.43,63.53
807.45,64.1
807.47,64.65
807.48,64.91
807.5,65.41
807.52,65.86
807.53,66.07
807.55,66.45
807.57,66.78
807.58,66.92
807.6,67.16
807.62,67.33
807.63,67.38
807.65,67.44
807.67,67.42
807.68,67.37
807.7,67.22
807.71,67.12
807.73,66.84
807.75,66.46
807.76,66.24
807.78,65.74
807.8,65.13
807.81,64.8
807.83,64.06
807.85,63.22
807.86,62.78
807.88,61.81
807.9,60.76
807.91,60.21
807.93,59.04
807.95,57.8
807.96,57.15
807.98,55.8
808.0,54.39
808.01,53.66
808.03,52.17
808.05,50.63
808.06,49.85
808.08,48.25
808.09,47.44
808.11,45.8
808.13,44.14
808.14,43.3
808.16,41.62
808.18,39.94
808.19,39.1
808.21,37.42
808.23,35.75
808.24,34.92
808.26,33.28
808.28,31.67
808.29,30.87
808.31,29.3
808.33,27.77
808.34,27.02
808.36,25.54
808.38,24.11
808.39,23.42
808.41,22.06
808.43,20.75
808.44,20.12
808.46,18.89
808.47,18.3
808.49,17.15
808.51,16.06
808.52,15.53
808.54,14.52
808.56,13.56
808.57,13.1
808.59,12.23
808.61,11.4
808.62,11.01
808.64,10.26
808.66,9.552
808.67,9.218
808.69,8.584
808.71,7.993
808.72,7.713
808.74,7.184
808.76,6.694
808.77,6.462
808.79,6.025
808.81,5.621
808.82,5.431
808.84,5.074
808.85,4.905
808.87,4.589
808.89,4.298
808.9,4.161
808.92,3.905
808.94,3.669
808.95,3.558
808.97,3.35
808.99,3.159
809.0,3.069
809.02,2.901
809.04,2.746
809.05,2.673
809.07,2.536
809.09,2.409
809.1,2.349
809.12,2.237
809.14,2.133
809.15,2.084
809.17,1.992
809.18,1.948
809.2,1.865
809.22,1.788
809.23,1.751
809.25,1.681
809.27,1.616
809.28,1.585
809.3,1.527
809.32,1.471
809.33,1.445
809.35,1.395
809.37,1.347
809.38,1.324
809.4,1.281
809.42,1.24
809.43,1.22
809.45,1.182
809.47,1.147
809.48,1.129
809.5,1.096
809.52,1.065
809.53,1.049
809.55,1.02
809.56,1.006
809.58,0.9785
809.6,0.9523
809.61,0.9395
809.63,0.9149
809.65,0.8911
809.66,0.8796
809.68,0.8571
809.7,0.8354
809.71,0.8248
809.73,0.804
809.75,0.7838
809.76,0.774
809.78,0.7546
809.8,0.7356
809.81,0.7263
809.83,0.7079
809.85,0.6899
809.86,0.681
809.88,0.6633
809.9,0.646
809.91,0.6374
809.93,0.6204
809.94,0.6119
809.96,0.5952
809.98,0.5786
809.99,0.5703
810.01,0.5539
810.03,0.5377
810.04,0.5296
810.06,0.5136
810.08,0.4976
810.09,0.4897
810.11,0.474
810.13,0.4584
810.14,0.4506
810.16,0.4352
810.18,0.4199
810.19,0.4124
810.21,0.3973
810.23,0.3824
810.24,0.3751
810.26,0.3605
810.28,0.3461
810.29,0.3389
810.31,0.3249
810.32,0.3179
810.34,0.3042
810.36,0.2907
810.37,0.284
810.39,0.2709
810.41,0.2581
810.42,0.2518
810.44,0.2394
810.46,0.2274
810.47,0.2214
810.49,0.2099
810.51,0.1986
810.52,0.1931
810.54,0.1824
810.56,0.172
810.57,0.1669
810.59,0.157
810.61,0.1475
810.62,0.1429
810.64,0.134
810.66,0.1254
810.67,0.1212
810.69,0.1132
810.7,0.1093
810.72,0.1018
810.74,0.09472
810.75,0.09129
810.77,0.08469
810.79,0.07844
810.8,0.07544
810.82,0.0697
810.84,0.06429
810.85,0.0617
810.87,0.05676
810.89,0.05213
810.9,0.04993
810.92,0.04573
810.94,0.04182
810.95,0.03996
810.97,0.03644
810.99,0.03317
811.0,0.03163
811.02,0.02872
811.03,0.02735
811.05,0.02476
811.07,0.02238
811.08,0.02126
811.1,0.01916
811.12,0.01724
811.13,0.01634
811.15,0.01467
811.17,0.01314
811.18,0.01242
811.2,0.0111
811.22,0.009895
811.23,0.009337
811.25,0.008303
811.27,0.007371
811.28,0.00694
811.3,0.006145
811.32,0.005432
811.33,0.005104
811.35,0.004501
811.37,0.003963
811.38,0.003717
811.4,0.003266
811.41,0.00306
811.43,0.002684
811.45,0.002351
811.46,0.0022
811.48,0.001925
811.5,0.001684
811.51,0.001575
811.53,0.001378
811.55,0.001205
811.56,0.001128
811.58,0.0009885
811.6,0.0008679
811.61,0.0008139
811.63,0.0007175
811.65,0.0006348
811.66,0.0005981
811.68,0.0005329
811.7,0.0004777
811.71,0.0004535
811.73,0.0004108
811.75,0.0003752
811.76,0.0003598
811.78,0.000333
811.79,0.0003216
811.81,0.0003019
811.83,0.0002862
811.84,0.0002796
811.86,0.0002688
811.88,0.0002605
811.89,0.0002572
811.91,0.0002522
811.93,0.0002488
811.94,0.0002477
811.96,0.0002464
811.98,0.0002461
811.99,0.0002463
812.01,0.0002472
812.03,0.0002486
812.04,0.0002495
812.06,0.0002515
812.08,0.0002538
812.09,0.000255
812.11,0.0002574
812.13,0.0002598
812.14,0.0002609
812.16,0.0002632
812.17,0.0002642
812.19,0.0002662
812.21,0.0002679
812.22,0.0002687
812.24,0.0002699
812.26,0.0002709
812.27,0.0002712
812.29,0.0002716
812.31,0.0002716
812.32,0.0002714
812.34,0.0002708
812.36,0.0002698
812.37,0.0002691
812.39,0.0002675
812.41,0.0002654
812.42,0.0002642
812.44,0.0002616
812.46,0.0002585
812.47,0.0002568
812.49,0.0002532
812.5,0.0002512
812.52,0.000247
812.54,0.0002425
812.55,0.0002401
812.57,0.0002351
812.59,0.0002298
812.6,0.0002271
812.62,0.0002214
812.64,0.0002155
812.65,0.0002125
812.67,0.0002063
812.69,0.0001999
812.7,0.0001967
812.72,0.0001902
812.74,0.0001835
812.75,0.0001802
812.77,0.0001734
812.79,0.0001666
812.8,0.0001632
812.82,0.0001565
812.84,0.0001497
812.85,0.0001463
812.87,0.0001396
812.88,0.0001363
812.9,0.0001297
812.92,0.0001232
812.93,0.00012
812.95,0.0001137
812.97,0.0001076
812.98,0.0001046
813.0,9.866e-05
813.02,9.291e-05
813.03,9.011e-05
813.05,8.463e-05
813.07,7.935e-05
813.08,7.679e-05
813.1,7.181e-05
813.12,6.703e-05
813.13,6.472e-05
813.15,6.025e-05
813.17,5.599e-05
813.18,5.394e-05
813.2,4.999e-05
813.22,4.625e-05
813.23,4.446e-05
813.25,4.102e-05
813.26,3.938e-05
813.28,3.624e-05
813.3,3.329e-05
813.31,3.188e-05
813.33,2.921e-05
813.35,2.671e-05
813.36,2.552e-05
813.38,2.328e-05
813.4,2.119e-05
813.41,2.02e-05
813.43,1.834e-05
813.45,1.662e-05
813.46,1.581e-05
813.48,1.429e-05
813.5,1.289e-05
813.51,1.223e-05
813.53,1.101e-05
813.55,9.882e-06
813.56,9.358e-06
813.58,8.38e-06
813.6,7.491e-06
813.61,7.078e-06
813.63,6.309e-06
813.64,5.953e-06
813.66,5.293e-06
813.68,4.697e-06
813.69,4.422e-06
813.71,3.914e-06
813.73,3.458e-06
813.74,3.248e-06
813.76,2.863e-06
813.78,2.52e-06
813.79,2.363e-06
813.81,2.075e-06
813.83,1.82e-06
813.84,1.704e-06
813.86,1.494e-06
813.88,1.309e-06
813.89,1.226e-06
813.91,1.075e-06
813.93,9.458e-07
813.94,8.881e-07
813.96,7.861e-07
813.98,7.008e-07
813.99,6.64e-07
814.01,6.016e-07
814.02,5.758e-07
814.04,5.346e-07
814.06,5.071e-07
814.07,4.984e-07
814.09,4.912e-07
814.11,4.979e-07
814.12,5.066e-07
814.14,5.351e-07
814.16,5.796e-07
814.17,6.081e-07
814.19,6.791e-07
814.21,7.701e-07
814.22,8.238e-07
814.24,9.496e-07
814.26,1.102e-06
814.27,1.19e-06
814.29,1.39e-06
814.31,1.627e-06
814.32,1.762e-06
814.34,2.065e-06
814.35,2.236e-06
814.37,2.619e-06
814.39,3.066e-06
814.4,3.316e-06
814.42,3.874e-06
814.44,4.52e-06
814.45,4.878e-06
814.47,5.677e-06
814.49,6.593e-06
814.5,7.101e-06
814.52,8.225e-06
814.54,9.508e-06
814.55,1.022e-05
814.57,1.177e-05
814.59,1.355e-05
814.6,1.452e-05
814.62,1.665e-05
814.64,1.906e-05
814.65,2.038e-05
814.67,2.326e-05
814.69,2.649e-05
814.7,2.825e-05
814.72,3.208e-05
814.73,3.416e-05
814.75,3.867e-05
814.77,4.37e-05
814.78,4.642e-05
814.8,5.229e-05
814.82,5.879e-05
814.83,6.229e-05
814.85,6.982e-05
814.87,7.81e-05
814.88,8.255e-05
814.9,9.207e-05
814.92,0.0001025
814.93,0.000108
814.95,0.0001199
814.97,0.0001328
814.98,0.0001396
815.0,0.0001542
815.02,0.0001699
815.03,0.0001782
815.05,0.0001958
815.07,0.0002147
815.08,0.0002247
815.1,0.0002456
815.11,0.0002566
815.13,0.0002797
815.15,0.0003042
815.16,0.0003171
815.18,0.0003438
815.2,0.0003721
815.21,0.0003869
815.23,0.0004175
815.25,0.0004496
815.26,0.0004662
815.28,0.0005005
815.3,0.0005363
815.31,0.0005548
815.33,0.0005927
815.35,0.0006319
815.36,0.000652
815.38,0.000693
815.4,0.0007352
815.41,0.0007567
815.43,0.0008003
815.45,0.0008448
815.46,0.0008673
815.48,0.0009127
815.49,0.0009356
815.51,0.0009817
815.53,0.001028
815.54,0.001051
815.56,0.001097
815.58,0.001143
815.59,0.001166
815.61,0.001211
815.63,0.001256
815.64,0.001278
815.66,0.001321
815.68,0.001362
815.69,0.001383
815.71,0.001422
815.73,0.001459
815.74,0.001477
815.76,0.001512
815.78,0.001544
815.79,0.001559
815.81,0.001588
815.82,0.001601
815.84,0.001625
815.86,0.001646
815.87,0.001656
815.89,0.001673
815.91,0.001686
815.92,0.001692
815.94,0.001701
815.96,0.001706
815.97,0.001708
815.99,0.001708
816.01,0.001705
816.02,0.001702
816.04,0.001695
816.06,0.001684
816.07,0.001677
816.09,0.001662
816.11,0.001644
816.12,0.001634
816.14,0.001612
816.16,0.001588
816.17,0.001575
816.19,0.001549
816.2,0.001535
816.22,0.001506
816.24,0.001477
816.25,0.001462
816.27,0.001433
816.29,0.001405
816.3,0.001392
816.32,0.001366
816.34,0.001344
816.35,0.001334
816.37,0.001319
816.39,0.001309
816.4,0.001308
816.42,0.001311
816.44,0.001325
816.45,0.001336
816.47,0.001372
816.49,0.001425
816.5,0.001459
816.52,0.001546
816.54,0.001661
816.55,0.001731
816.57,0.0019
816.58,0.002
816.6,0.002238
816.62,0.002532
816.63,0.002704
816.65,0.003104
816.67,0.00359
816.68,0.00387
816.7,0.004514
816.72,0.005286
816.73,0.005728
816.75,0.006735
816.77,0.007932
816.78,0.008612
816.8,0.01015
816.82,0.01197
816.83,0.013
816.85,0.01531
816.87,0.01802
816.88,0.01954
816.9,0.02296
816.92,0.02694
816.93,0.02917
816.95,0.03414
816.96,0.03692
816.98,0.04311
817.0,0.05025
817.01,0.05422
817.03,0.06302
817.05,0.07313
817.06,0.07872
817.08,0.09108
817.1,0.1052
817.11,0.1129
817.13,0.1301
817.15,0.1495
817.16,0.1601
817.18,0.1835
817.2,0.2098
817.21,0.2242
817.23,0.2557
817.25,0.291
817.26,0.3102
817.28,0.352
817.29,0.3747
817.31,0.4239
817.33,0.4787
817.34,0.5083
817.36,0.5722
817.38,0.643
817.39,0.681
817.41,0.7629
817.43,0.853
817.44,0.9013
817.46,1.005
817.48,1.118
817.49,1.178
817.51,1.307
817.53,1.447
817.54,1.521
817.56,1.679
817.58,1.85
817.59,1.94
817.61,2.131
817.63,2.336
817.64,2.444
817.66,2.672
817.67,2.791
817.69,3.042
817.71,3.308
817.72,3.447
817.74,3.738
817.76,4.046
817.77,4.206
817.79,4.538
817.81,4.888
817.82,5.069
817.84,5.443
817.86,5.833
817.87,6.034
817.89,6.447
817.91,6.876
817.92,7.095
817.94,7.544
817.96,8.006
817.97,8.242
817.99,8.721
818.01,9.21
818.02,9.458
818.04,9.959
818.05,10.21
818.07,10.72
818.09,11.24
818.1,11.5
818.12,12.01
818.14,12.53
818.15,12.79
818.17,13.3
818.19,13.8
818.2,14.05
818.22,14.55
818.24,15.03
818.25,15.27
818.27,15.73
818.29,16.18
818.3,16.4
818.32,16.82
818.34,17.23
818.35,17.42
818.37,17.8
818.39,18.15
818.4,18.31
818.42,18.63
818.43,18.78
818.45,19.06
818.47,19.31
818.48,19.43
818.5,19.65
818.52,19.84
818.53,19.93
818.55,20.08
818.57,20.22
818.58,20.28
818.6,20.38
818.62,20.47
818.63,20.5
818.65,20.56
818.67,20.61
818.68,20.63
818.7,20.66
818.72,20.68
818.73,20.69
818.75,20.71
818.77,20.73
818.78,20.73
818.8,20.76
818.81,20.77
818.83,20.81
818.85,20.85
818.86,20.88
818.88,20.95
818.9,21.04
818.91,21.1
818.93,21.22
818.95,21.37
818.96,21.46
818.98,21.65
819.0,21.87
819.01,21.99
819.03,22.26
819.05,22.57
819.06,22.73
819.08,23.09
819.1,23.47
819.11,23.68
819.13,24.12
819.14,24.35
819.16,24.84
819.18,25.35
819.19,25.62
819.21,26.18
819.23,26.76
819.24,27.06
819.26,27.67
819.28,28.3
819.29,28.62
819.31,29.26
819.33,29.92
819.34,30.24
819.36,30.9
819.38,31.54
819.39,31.87
819.41,32.5
819.43,33.11
819.44,33.42
819.46,34.0
819.48,34.55
819.49,34.82
819.51,35.32
819.52,35.56
819.54,36.0
819.56,36.4
819.57,36.58
819.59,36.9
819.61,37.17
819.62,37.28
819.64,37.46
819.66,37.58
819.67,37.62
819.69,37.65
819.71,37.61
819.72,37.56
819.74,37.43
819.76,37.22
819.77,37.1
819.79,36.8
819.81,36.44
819.82,36.23
819.84,35.77
819.86,35.26
819.87,34.98
819.89,34.38
819.9,34.06
819.92,33.38
819.94,32.65
819.95,32.27
819.97,31.48
819.99,30.65
820.0,30.22
820.02,29.34
820.04,28.43
820.05,27.97
820.07,27.03
820.09,26.06
820.1,25.58
820.12,24.6
820.14,23.61
820.15,23.12
820.17,22.13
820.19,21.14
820.2,20.65
820.22,19.67
820.24,18.71
820.25,18.23
820.27,17.29
820.28,16.82
820.3,15.91
820.32,15.02
820.33,14.58
820.35,13.73
820.37,12.9
820.38,12.5
820.4,11.72
820.42,10.97
820.43,10.6
820.45,9.895
820.47,9.221
820.48,8.897
820.5,8.272
820.52,7.68
820.53,7.396
820.55,6.853
820.57,6.341
820.58,6.097
820.6,5.633
820.61,5.412
820.63,4.993
820.65,4.604
820.66,4.42
820.68,4.074
820.7,3.754
820.71,3.604
820.73,3.324
820.75,3.069
820.76,2.95
820.78,2.731
820.8,2.534
820.81,2.444
820.83,2.279
820.85,2.135
820.86,2.071
820.88,1.956
820.9,1.86
820.91,1.819
820.93,1.75
820.95,1.699
820.96,1.68
820.98,1.654
820.99,1.647
821.01,1.646
821.03,1.661
821.04,1.674
821.06,1.713
821.08,1.769
821.09,1.803
821.11,1.883
821.13,1.979
821.14,2.034
821.16,2.155
821.18,2.295
821.19,2.371
821.21,2.537
821.23,2.722
821.24,2.821
821.26,3.034
821.28,3.267
821.29,3.391
821.31,3.655
821.33,3.94
821.34,4.09
821.36,4.407
821.37,4.574
821.39,4.925
821.41,5.299
821.42,5.495
821.44,5.904
821.46,6.336
821.47,6.561
821.49,7.029
821.51,7.52
821.52,7.774
821.54,8.3
821.56,8.848
821.57,9.131
821.59,9.712
821.61,10.31
821.62,10.62
821.64,11.25
821.66,11.9
821.67,12.23
821.69,12.91
821.71,13.59
821.72,13.94
821.74,14.64
821.75,15.0
821.77,15.71
821.79,16.43
821.8,16.8
821.82,17.52
821.84,18.24
821.85,18.6
821.87,19.31
821.89,20.01
821.9,20.36
821.92,21.04
821.94,21.7
821.95,22.03
821.97,22.66
821.99,23.26
822.0,23.56
822.02,24.12
822.04,24.64
822.05,24.9
822.07,25.37
822.09,25.8
822.1,26.0
822.12,26.37
822.13,26.53
822.15,26.83
822.17,27.08
822.18,27.18
822.2,27.36
822.22,27.48
822.23,27.52
822.25,27.56
822.27,27.55
822.28,27.52
822.3,27.43
822.32,27.28
822.33,27.19
822.35,26.97
822.37,26.7
822.38,26.54
822.4,26.2
822.42,25.81
822.43,25.59
822.45,25.14
822.46,24.89
822.48,24.38
822.5,23.83
822.51,23.54
822.53,22.94
822.55,22.31
822.56,21.99
822.58,21.32
822.6,20.64
822.61,20.29
822.63,19.58
822.65,18.86
822.66,18.49
822.68,17.76
822.7,17.02
822.71,16.65
822.73,15.91
822.75,15.18
822.76,14.81
822.78,14.08
822.8,13.37
822.81,13.01
822.83,12.31
822.84,11.97
822.86,11.29
822.88,10.63
822.89,10.31
822.91,9.68
822.93,9.07
822.94,8.774
822.96,8.197
822.98,7.643
822.99,7.375
823.01,6.857
823.03,6.363
823.04,6.124
823.06,5.666
823.08,5.232
823.09,5.024
823.11,4.625
823.13,4.25
823.14,4.071
823.16,3.73
823.18,3.411
823.19,3.259
823.21,2.972
823.22,2.836
823.24,2.578
823.26,2.339
823.27,2.227
823.29,2.015
823.31,1.82
823.32,1.728
823.34,1.556
823.36,1.399
823.37,1.326
823.39,1.188
823.41,1.063
823.42,1.005
823.44,0.8971
823.46,0.7993
823.47,0.7541
823.49,0.6703
823.51,0.5949
823.52,0.5602
823.54,0.4962
823.56,0.4391
823.57,0.4129
823.59,0.3649
823.6,0.3429
823.62,0.3029
823.64,0.2676
823.65,0.2516
823.67,0.2226
823.69,0.1974
823.7,0.186
823.72,0.1657
823.74,0.1484
823.75,0.1408
823.77,0.1274
823.79,0.1164
823.8,0.1117
823.82,0.1039
823.84,0.09797
823.85,0.09571
823.87,0.09251
823.89,0.09098
823.9,0.09082
823.92,0.09168
823.93,0.09268
823.95,0.09582
823.97,0.1005
823.98,0.1034
824.0,0.1103
824.02,0.1187
824.03,0.1235
824.05,0.1343
824.07,0.1467
824.08,0.1535
824.1,0.1685
824.12,0.1853
824.13,0.1945
824.15,0.2141
824.17,0.2358
824.18,0.2475
824.2,0.2724
824.22,0.2996
824.23,0.3141
824.25,0.345
824.27,0.3783
824.28,0.396
824.3,0.4334
824.31,0.4532
824.33,0.4948
824.35,0.5394
824.36,0.5628
824.38,0.612
824.4,0.6643
824.41,0.6917
824.43,0.7488
824.45,0.8093
824.46,0.8407
824.48,0.9061
824.5,0.9748
824.51,1.01
824.53,1.084
824.55,1.161
824.56,1.201
824.58,1.282
824.6,1.367
824.61,1.41
824.63,1.499
824.65,1.591
824.66,1.637
824.68,1.733
824.69,1.781
824.71,1.879
824.73,1.979
824.74,2.03
824.76,2.132
824.78,2.235
824.79,2.287
824.81,2.391
824.83,2.495
824.84,2.547
824.86,2.651
824.88,2.753
824.89,2.804
824.91,2.904
824.93,3.003
824.94,3.051
824.96,3.146
824.98,3.237
824.99,3.282
825.01,3.368
825.03,3.45
825.04,3.489
825.06,3.564
825.07,3.6
825.09,3.667
825.11,3.728
825.12,3.757
825.14,3.809
825.16,3.855
825.17,3.876
825.19,3.912
825.21,3.941
825.22,3.952
825.24,3.971
825.26,3.982
825.27,3.984
825.29,3.984
825.31,3.977
825.32,3.97
825.34,3.952
825.36,3.927
825.37,3.911
825.39,3.875
825.41,3.832
825.42,3.809
825.44,3.756
825.45,3.728
825.47,3.666
825.49,3.599
825.5,3.564
825.52,3.489
825.54,3.41
825.55,3.368
825.57,3.282
825.59,3.193
825.6,3.147
825.62,3.053
825.64,2.956
825.65,2.907
825.67,2.807
825.69,2.705
825.7,2.654
825.72,2.551
825.74,2.448
825.75,2.396
825.77,2.292
825.78,2.241
825.8,2.138
825.82,2.037
825.83,1.986
825.85,1.887
825.87,1.789
825.88,1.741
825.9,1.646
825.92,1.553
825.93,1.508
825.95,1.419
825.97,1.334
825.98,1.292
826.0,1.21
826.02,1.132
826.03,1.094
826.05,1.021
826.07,0.9503
826.08,0.9163
826.1,0.8508
826.12,0.7886
826.13,0.7587
826.15,0.7014
826.16,0.6739
826.18,0.6212
826.2,0.5717
826.21,0.5481
826.23,0.503
826.25,0.4608
826.26,0.4408
826.28,0.4027
826.3,0.3673
826.31,0.3505
826.33,0.3189
826.35,0.2895
826.36,0.2757
826.38,0.2497
826.4,0.2257
826.41,0.2145
826.43,0.1934
826.45,0.174
826.46,0.165
826.48,0.1481
826.5,0.1327
826.51,0.1256
826.53,0.1122
826.54,0.106
826.56,0.09453
826.58,0.08413
826.59,0.07931
826.61,0.07041
826.63,0.0624
826.64,0.0587
826.66,0.05189
826.68,0.0458
826.69,0.043
826.71,0.03786
826.73,0.03328
826.74,0.03118
826.76,0.02735
826.78,0.02395
826.79,0.02239
826.81,0.01957
826.83,0.01707
826.84,0.01594
826.86,0.01387
826.88,0.01206
826.89,0.01124
826.91,0.009759
826.92,0.009088
826.94,0.007874
826.96,0.006816
826.97,0.00634
826.99,0.005481
827.01,0.004735
827.02,0.004401
827.04,0.003799
827.06,0.003279
827.07,0.003046
827.09,0.00263
827.11,0.002271
827.12,0.002111
827.14,0.001825
827.16,0.00158
827.17,0.001471
827.19,0.001277
827.21,0.001112
827.22,0.001039
827.24,0.0009089
827.25,0.0008517
827.27,0.0007509
827.29,0.000666
827.3,0.000629
827.32,0.0005643
827.34,0.000511
827.35,0.0004882
827.37,0.0004494
827.39,0.0004189
827.4,0.0004064
827.42,0.0003868
827.44,0.0003736
827.45,0.0003693
827.47,0.0003649
827.49,0.000366
827.5,0.0003685
827.52,0.0003774
827.54,0.0003915
827.55,0.0004004
827.57,0.0004223
827.59,0.0004494
827.6,0.0004651
827.62,0.0005006
827.63,0.0005206
827.65,0.0005651
827.67,0.0006161
827.68,0.0006441
827.7,0.0007055
827.72,0.0007745
827.73,0.000812
827.75,0.0008934
827.77,0.0009838
827.78,0.001033
827.8,0.001138
827.82,0.001253
827.83,0.001315
827.85,0.001449
827.87,0.001594
827.88,0.001672
827.9,0.001838
827.92,0.002018
827.93,0.002114
827.95,0.002318
827.97,0.002539
827.98,0.002656
828.0,0.002903
828.01,0.003034
828.03,0.00331
828.05,0.003606
828.06,0.003762
828.08,0.00409
828.1,0.004439
828.11,0.004622
828.13,0.005006
828.15,0.005413
828.16,0.005625
828.18,0.006068
828.2,0.006535
828.21,0.006778
828.23,0.007282
828.25,0.007811
828.26,0.008085
828.28,0.00865
828.3,0.009239
828.31,0.009543
828.33,0.01017
828.35,0.01081
828.36,0.01114
828.38,0.01182
828.39,0.01217
828.41,0.01288
828.43,0.0136
828.44,0.01397
828.46,0.01471
828.48,0.01547
828.49,0.01586
828.51,0.01663
828.53,0.01741
828.54,0.0178
828.56,0.01859
828.58,0.01937
828.59,0.01976
828.61,0.02054
828.63,0.02131
828.64,0.02169
828.66,0.02244
828.68,0.02318
828.69,0.02354
828.71,0.02425
828.73,0.02493
828.74,0.02526
828.76,0.0259
828.77,0.02621
828.79,0.0268
828.81,0.02736
828.82,0.02762
828.84,0.02811
828.86,0.02857
828.87,0.02877
828.89,0.02916
828.91,0.02949
828.92,0.02964
828.94,0.0299
828.96,0.03011
828.97,0.0302
828.99,0.03033
829.01,0.03041
829.02,0.03043
829.04,0.03042
829.06,0.03037
829.07,0.03033
829.09,0.0302
829.1,0.03012
829.12,0.02992
829.14,0.02968
829.15,0.02954
829.17,0.02924
829.19,0.0289
829.2,0.02871
829.22,0.02832
829.24,0.0279
829.25,0.02768
829.27,0.02723
829.29,0.02676
829.3,0.02652
829.32,0.02604
829.34,0.02556
829.35,0.02532
829.37,0.02484
829.39,0.02438
829.4,0.02416
829.42,0.02374
829.44,0.02335
829.45,0.02316
829.47,0.02284
829.48,0.02269
829.5,0.02245
829.52,0.02227
829.53,0.02221
829.55,0.02216
829.57,0.02219
829.58,0.02225
829.6,0.02244
829.62,0.02275
829.63,0.02296
829.65,0.02347
829.67,0.02413
829.68,0.02452
829.7,0.02543
829.72,0.02653
829.73,0.02715
829.75,0.02854
829.77,0.03016
829.78,0.03105
829.8,0.03302
829.82,0.03525
829.83,0.03647
829.85,0.03912
829.86,0.04056
829.88,0.04366
829.9,0.04709
829.91,0.04893
829.93,0.05288
829.95,0.05719
829.96,0.05949
829.98,0.06439
830.0,0.06969
830.01,0.0725
830.03,0.07844
830.05,0.08483
830.06,0.08819
830.08,0.09526
830.1,0.1028
830.11,0.1068
830.13,0.115
830.15,0.1238
830.16,0.1284
830.18,0.1379
830.2,0.1479
830.21,0.1531
830.23,0.1639
830.24,0.1694
830.26,0.181
830.28,0.1929
830.29,0.1991
830.31,0.2118
830.33,0.225
830.34,0.2317
830.36,0.2455
830.38,0.2596
830.39,0.2668
830.41,0.2815
830.43,0.2966
830.44,0.3042
830.46,0.3196
830.48,0.3353
830.49,0.3431
830.51,0.3591
830.53,0.3751
830.54,0.3831
830.56,0.3992
830.57,0.4073
830.59,0.4234
830.61,0.4394
830.62,0.4473
830.64,0.4631
830.66,0.4787
830.67,0.4864
830.69,0.5016
830.71,0.5164
830.72,0.5237
830.74,0.538
830.76,0.5518
830.77,0.5585
830.79,0.5716
830.81,0.5841
830.82,0.5902
830.84,0.6018
830.86,0.6129
830.87,0.6181
830.89,0.6282
830.91,0.6376
830.92,0.642
830.94,0.6504
830.95,0.6543
830.97,0.6616
830.99,0.6683
831.0,0.6713
831.02,0.677
831.04,0.6819
831.05,0.6842
831.07,0.6882
831.09,0.6916
831.1,0.6931
831.12,0.6957
831.14,0.6978
831.15,0.6986
831.17,0.7
831.19,0.7009
831.2,0.7013
831.22,0.7018
831.24,0.7019
831.25,0.7019
831.27,0.7018
831.29,0.7016
831.3,0.7014
831.32,0.7011
831.33,0.701
831.35,0.7008
831.37,0.7007
831.38,0.7008
831.4,0.7011
831.42,0.7018
831.43,0.7023
831.45,0.7037
831.47,0.7056
831.48,0.7069
831.5,0.7099
831.52,0.7138
831.53,0.7161
831.55,0.7215
831.57,0.728
831.58,0.7317
831.6,0.7402
831.62,0.7502
831.63,0.7558
831.65,0.7683
831.67,0.7827
831.68,0.7907
831.7,0.8084
831.71,0.8181
831.73,0.8394
831.75,0.8634
831.76,0.8764
831.78,0.9049
831.8,0.9367
831.81,0.9538
831.83,0.9909
831.85,1.032
831.86,1.054
831.88,1.101
831.9,1.153
831.91,1.181
831.93,1.24
831.95,1.305
831.96,1.339
831.98,1.412
832.0,1.491
832.01,1.532
832.03,1.62
832.04,1.667
832.06,1.764
832.08,1.869
832.09,1.924
832.11,2.038
832.13,2.16
832.14,2.224
832.16,2.356
832.18,2.496
832.19,2.569
832.21,2.719
832.23,2.877
832.24,2.958
832.26,3.126
832.28,3.3
832.29,3.389
832.31,3.573
832.33,3.762
832.34,3.859
832.36,4.056
832.38,4.258
832.39,4.36
832.41,4.568
832.42,4.672
832.44,4.884
832.46,5.098
832.47,5.206
832.49,5.421
832.51,5.637
832.52,5.744
832.54,5.958
832.56,6.17
832.57,6.274
832.59,6.481
832.61,6.683
832.62,6.782
832.64,6.976
832.66,7.163
832.67,7.253
832.69,7.428
832.71,7.594
832.72,7.673
832.74,7.824
832.76,7.963
832.77,8.028
832.79,8.15
832.8,8.206
832.82,8.308
832.84,8.396
832.85,8.435
832.87,8.502
832.89,8.555
832.9,8.576
832.92,8.606
832.94,8.622
832.95,8.624
832.97,8.617
832.99,8.595
833.0,8.578
833.02,8.534
833.04,8.476
833.05,8.441
833.07,8.362
833.09,8.27
833.1,8.219
833.12,8.109
833.14,7.986
833.15,7.921
833.17,7.782
833.18,7.709
833.2,7.556
833.22,7.395
833.23,7.311
833.25,7.138
833.27,6.959
833.28,6.867
833.3,6.68
833.32,6.488
833.33,6.391
833.35,6.194
833.37,5.995
833.38,5.895
833.4,5.694
833.42,5.493
833.43,5.393
833.45,5.192
833.47,4.993
833.48,4.895
833.5,4.699
833.52,4.506
833.53,4.411
833.55,4.223
833.56,4.13
833.58,3.948
833.6,3.771
833.61,3.684
833.63,3.513
833.65,3.348
833.66,3.267
833.68,3.109
833.7,2.957
833.71,2.883
833.73,2.74
833.75,2.602
833.76,2.535
833.78,2.405
833.8,2.281
833.81,2.221
833.83,2.105
833.85,1.994
833.86,1.941
833.88,1.838
833.89,1.789
833.91,1.694
833.93,1.604
833.94,1.56
833.96,1.477
833.98,1.399
833.99,1.362
834.01,1.29
834.03,1.222
834.04,1.19
834.06,1.129
834.08,1.071
834.09,1.044
834.11,0.992
834.13,0.9435
834.14,0.9206
834.16,0.8773
834.18,0.8371
834.19,0.8182
834.21,0.7827
834.23,0.7501
834.24,0.7349
834.26,0.7065
834.27,0.6933
834.29,0.6688
834.31,0.6468
834.32,0.6367
834.34,0.6184
834.36,0.6022
834.37,0.595
834.39,0.5821
834.41,0.5712
834.42,0.5665
834.44,0.5585
834.46,0.5524
834.47,0.55
834.49,0.5464
834.51,0.5445
834.52,0.5441
834.54,0.5445
834.56,0.5463
834.57,0.5477
834.59,0.5515
834.61,0.5567
834.62,0.5597
834.64,0.5666
834.65,0.5704
834.67,0.579
834.69,0.5885
834.7,0.5937
834.72,0.6046
834.74,0.6165
834.75,0.6227
834.77,0.6358
834.79,0.6496
834.8,0.6568
834.82,0.6717
834.84,0.6872
834.85,0.6952
834.87,0.7116
834.89,0.7285
834.9,0.7371
834.92,0.7548
834.94,0.7729
834.95,0.782
834.97,0.8007
834.99,0.8197
835.0,0.8294
835.02,0.8489
835.03,0.8587
835.05,0.8786
835.07,0.8987
835.08,0.9089
835.1,0.9293
835.12,0.95
835.13,0.9604
835.15,0.9813
835.17,1.002
835.18,1.013
835.2,1.034
835.22,1.056
835.23,1.067
835.25,1.088
835.27,1.111
835.28,1.122
835.3,1.144
835.32,1.167
835.33,1.179
835.35,1.202
835.36,1.214
835.38,1.239
835.4,1.264
835.41,1.277
835.43,1.304
835.45,1.331
835.46,1.346
835.48,1.375
835.5,1.406
835.51,1.422
835.53,1.456
835.55,1.492
835.56,1.51
835.58,1.55
835.6,1.591
835.61,1.613
835.63,1.66
835.65,1.709
835.66,1.735
835.68,1.79
835.7,1.849
835.71,1.88
835.73,1.945
835.74,1.979
835.76,2.051
835.78,2.128
835.79,2.169
835.81,2.253
835.83,2.344
835.84,2.391
835.86,2.489
835.88,2.594
835.89,2.648
835.91,2.761
835.93,2.88
835.94,2.941
835.96,3.069
835.98,3.202
835.99,3.271
836.01,3.412
836.03,3.559
836.04,3.634
836.06,3.788
836.08,3.946
836.09,4.027
836.11,4.191
836.12,4.275
836.14,4.444
836.16,4.615
836.17,4.701
836.19,4.875
836.21,5.05
836.22,5.138
836.24,5.312
836.26,5.486
836.27,5.572
836.29,5.743
836.31,5.911
836.32,5.994
836.34,6.155
836.36,6.312
836.37,6.389
836.39,6.537
836.41,6.678
836.42,6.745
836.44,6.875
836.46,6.995
836.47,7.052
836.49,7.158
836.5,7.208
836.52,7.299
836.54,7.378
836.55,7.414
836.57,7.477
836.59,7.528
836.6,7.55
836.62,7.583
836.64,7.605
836.65,7.611
836.67,7.615
836.69,7.608
836.7,7.599
836.72,7.575
836.74,7.54
836.75,7.519
836.77,7.469
836.79,7.41
836.8,7.378
836.82,7.307
836.84,7.229
836.85,7.188
836.87,7.101
836.88,7.056
836.9,6.963
836.92,6.868
836.93,6.819
836.95,6.722
836.97,6.625
836.98,6.577
837.0,6.483
837.02,6.392
837.03,6.349
837.05,6.266
837.07,6.19
837.08,6.155
837.1,6.092
837.12,6.04
837.13,6.018
837.15,5.982
837.17,5.96
837.18,5.954
837.2,5.954
837.21,5.96
837.23,5.984
837.25,6.025
837.26,6.052
837.28,6.121
837.3,6.209
837.31,6.261
837.33,6.379
837.35,6.518
837.36,6.596
837.38,6.767
837.4,6.96
837.41,7.065
837.43,7.291
837.45,7.539
837.46,7.672
837.48,7.953
837.5,8.256
837.51,8.415
837.53,8.751
837.55,9.107
837.56,9.292
837.58,9.679
837.59,9.879
837.61,10.29
837.63,10.73
837.64,10.95
837.66,11.41
837.68,11.89
837.69,12.13
837.71,12.63
837.73,13.14
837.74,13.4
837.76,13.92
837.78,14.46
837.79,14.73
837.81,15.28
837.83,15.84
837.84,16.12
837.86,16.68
837.88,17.25
837.89,17.53
837.91,18.1
837.93,18.66
837.94,18.95
837.96,19.51
837.97,19.79
837.99,20.34
838.01,20.88
838.02,21.15
838.04,21.68
838.06,22.2
838.07,22.45
838.09,22.95
838.11,23.43
838.12,23.67
838.14,24.13
838.16,24.56
838.17,24.78
838.19,25.18
838.21,25.57
838.22,25.75
838.24,26.1
838.26,26.43
838.27,26.58
838.29,26.87
838.31,27.13
838.32,27.25
838.34,27.47
838.35,27.57
838.37,27.75
838.39,27.9
838.4,27.96
838.42,28.06
838.44,28.13
838.45,28.16
838.47,28.19
838.49,28.18
838.5,28.17
838.52,28.12
838.54,28.05
838.55,28.0
838.57,27.88
838.59,27.73
838.6,27.64
838.62,27.45
838.64,27.23
838.65,27.12
838.67,26.86
838.68,26.72
838.7,26.42
838.72,26.1
838.73,25.94
838.75,25.58
838.77,25.21
838.78,25.01
838.8,24.61
838.82,24.18
838.83,23.96
838.85,23.52
838.87,23.05
838.88,22.81
838.9,22.32
838.92,21.82
838.93,21.57
838.95,21.05
838.97,20.53
838.98,20.26
839.0,19.72
839.02,19.18
839.03,18.9
839.05,18.35
839.06,18.07
839.08,17.51
839.1,16.95
839.11,16.67
839.13,16.11
839.15,15.55
839.16,15.27
839.18,14.71
839.2,14.16
839.21,13.89
839.23,13.34
839.25,12.8
839.26,12.53
839.28,12.0
839.3,11.48
839.31,11.22
839.33,10.71
839.35,10.22
839.36,9.97
839.38,9.487
839.4,9.016
839.41,8.785
839.43,8.332
839.44,8.111
839.46,7.677
839.48,7.256
839.49,7.051
839.51,6.651
839.53,6.265
839.54,6.077
839.56,5.712
839.58,5.361
839.59,5.191
839.61,4.862
839.63,4.547
839.64,4.395
839.66,4.101
839.68,3.822
839.69,3.687
839.71,3.429
839.73,3.184
839.74,3.067
839.76,2.842
839.78,2.631
839.79,2.53
839.81,2.338
839.82,2.246
839.84,2.072
839.86,1.91
839.87,1.834
839.89,1.689
839.91,1.556
839.92,1.493
839.94,1.375
839.96,1.268
839.97,1.218
839.99,1.126
840.01,1.043
840.02,1.005
840.04,0.9357
840.06,0.8757
840.07,0.849
840.09,0.8021
840.11,0.7637
840.12,0.7477
840.14,0.7219
840.16,0.7044
840.17,0.6988
840.19,0.6937
840.2,0.6943
840.22,0.7017
840.24,0.7175
840.25,0.7285
840.27,0.7571
840.29,0.7943
840.3,0.8163
840.32,0.8669
840.34,0.9268
840.35,0.9603
840.37,1.035
840.39,1.119
840.4,1.164
840.42,1.264
840.44,1.374
840.45,1.434
840.47,1.56
840.49,1.699
840.5,1.773
840.52,1.929
840.53,2.012
840.55,2.187
840.57,2.375
840.58,2.473
840.6,2.681
840.62,2.902
840.63,3.017
840.65,3.258
840.67,3.513
840.68,3.645
840.7,3.92
840.72,4.208
840.73,4.357
840.75,4.666
840.77,4.987
840.78,5.152
840.8,5.491
840.82,5.842
840.83,6.022
840.85,6.39
840.87,6.767
840.88,6.959
840.9,7.349
840.91,7.547
840.93,7.948
840.95,8.355
840.96,8.56
840.98,8.973
841.0,9.389
841.01,9.597
841.03,10.01
841.05,10.43
841.06,10.63
841.08,11.04
841.1,11.45
841.11,11.65
841.13,12.04
841.15,12.42
841.16,12.61
841.18,12.97
841.2,13.32
841.21,13.49
841.23,13.82
841.25,14.13
841.26,14.28
841.28,14.55
841.29,14.69
841.31,14.93
841.33,15.16
841.34,15.26
841.36,15.45
841.38,15.61
841.39,15.68
841.41,15.8
841.43,15.9
841.44,15.94
841.46,15.99
841.48,16.02
841.49,16.03
841.51,16.02
841.53,15.99
841.54,15.96
841.56,15.89
841.58,15.8
841.59,15.75
841.61,15.63
841.63,15.49
841.64,15.41
841.66,15.24
841.67,15.15
841.69,14.97
841.71,14.77
841.72,14.67
841.74,14.46
841.76,14.24
841.77,14.14
841.79,13.92
841.81,13.7
841.82,13.6
841.84,13.39
841.86,13.18
841.87,13.09
841.89,12.9
841.91,12.73
841.92,12.65
841.94,12.5
841.96,12.38
841.97,12.32
841.99,12.23
842.0,12.19
842.02,12.14
842.04,12.11
842.05,12.11
842.07,12.13
842.09,12.18
842.1,12.22
842.12,12.32
842.14,12.46
842.15,12.54
842.17,12.73
842.19,12.96
842.2,13.09
842.22,13.37
842.24,13.69
842.25,13.86
842.27,14.24
842.29,14.65
842.3,14.87
842.32,15.34
842.34,15.84
842.35,16.1
842.37,16.65
842.38,16.94
842.4,17.54
842.42,18.18
842.43,18.51
842.45,19.19
842.47,19.89
842.48,20.26
842.5,21.01
842.52,21.79
842.53,22.18
842.55,23.0
842.57,23.84
842.58,24.26
842.6,25.14
842.62,26.03
842.63,26.49
842.65,27.42
842.67,28.37
842.68,28.85
842.7,29.83
842.72,30.84
842.73,31.35
842.75,32.39
842.76,32.92
842.78,33.99
842.8,35.09
842.81,35.65
842.83,36.78
842.85,37.95
842.86,38.54
842.88,39.74
842.9,40.98
842.91,41.61
842.93,42.89
842.95,44.2
842.96,44.87
842.98,46.23
843.0,47.63
843.01,48.34
843.03,49.79
843.05,51.27
843.06,52.03
843.08,53.56
843.1,55.13
843.11,55.93
843.13,57.54
843.14,58.36
843.16,60.02
843.18,61.7
843.19,62.55
843.21,64.27
843.23,66.0
843.24,66.87
843.26,68.62
843.28,70.37
843.29,71.25
843.31,72.99
843.33,74.73
843.34,75.59
843.36,77.3
843.38,78.98
843.39,79.81
843.41,81.43
843.43,83.0
843.44,83.77
843.46,85.25
843.47,85.97
843.49,87.35
843.51,88.64
843.52,89.26
843.54,90.42
843.56,91.48
843.57,91.97
843.59,92.86
843.61,93.63
843.62,93.97
843.64,94.56
843.66,95.01
843.67,95.18
843.69,95.43
843.71,95.52
843.72,95.52
843.74,95.39
843.76,95.12
843.77,94.93
843.79,94.43
843.81,93.79
843.82,93.41
843.84,92.54
843.85,92.05
843.87,90.97
843.89,89.75
843.9,89.09
843.92,87.67
843.94,86.12
843.95,85.3
843.97,83.58
843.99,81.75
844.0,80.8
844.02,78.82
844.04,76.76
844.05,75.7
844.07,73.52
844.09,71.28
844.1,70.14
844.12,67.82
844.14,65.46
844.15,64.26
844.17,61.86
844.19,59.44
844.2,58.22
844.22,55.79
844.23,54.57
844.25,52.15
844.27,49.75
844.28,48.55
844.3,46.19
844.32,43.86
844.33,42.7
844.35,40.44
844.37,38.22
844.38,37.13
844.4,35.0
844.42,32.93
844.43,31.92
844.45,29.95
844.47,28.05
844.48,27.12
844.5,25.33
844.52,23.61
844.53,22.78
844.55,21.18
844.57,19.65
844.58,18.92
844.6,17.51
844.61,16.83
844.63,15.53
844.65,14.3
844.66,13.72
844.68,12.6
844.7,11.55
844.71,11.05
844.73,10.1
844.75,9.22
844.76,8.801
844.78,8.01
844.8,7.275
844.81,6.929
844.83,6.276
844.85,5.675
844.86,5.392
844.88,4.862
844.9,4.375
844.91,4.148
844.93,3.722
844.95,3.335
844.96,3.154
844.98,2.817
844.99,2.661
845.01,2.371
845.03,2.108
845.04,1.986
845.06,1.762
845.08,1.559
845.09,1.466
845.11,1.294
845.13,1.14
845.14,1.07
845.16,0.9401
845.18,0.8247
845.19,0.7719
845.21,0.6754
845.23,0.59
845.24,0.551
845.26,0.4802
845.28,0.4178
845.29,0.3895
845.31,0.3381
845.32,0.3149
845.34,0.2729
845.36,0.2363
845.37,0.2198
845.39,0.1902
845.41,0.1645
845.42,0.153
845.44,0.1325
845.46,0.115
845.47,0.1072
845.49,0.09342
845.51,0.08182
845.52,0.07677
845.54,0.06798
845.56,0.06082
845.57,0.05779
845.59,0.05275
845.61,0.04894
845.62,0.04747
845.64,0.04532
845.66,0.04417
845.67,0.04395
845.69,0.04418
845.7,0.04462
845.72,0.04613
845.74,0.04847
845.75,0.04994
845.77,0.05349
845.79,0.05786
845.8,0.06035
845.82,0.06597
845.84,0.07244
845.85,0.07601
845.87,0.08383
845.89,0.0926
845.9,0.09736
845.92,0.1076
845.94,0.119
845.95,0.1251
845.97,0.1382
845.99,0.1524
846.0,0.1601
846.02,0.1763
846.04,0.1938
846.05,0.2032
846.07,0.2229
846.08,0.2334
846.1,0.2554
846.12,0.2791
846.13,0.2915
846.15,0.3177
846.17,0.3456
846.18,0.3602
846.2,0.3908
846.22,0.4233
846.23,0.4402
846.25,0.4754
846.27,0.5125
846.28,0.5318
846.3,0.5717
846.32,0.6135
846.33,0.6351
846.35,0.6796
846.37,0.7259
846.38,0.7497
846.4,0.7986
846.42,0.8491
846.43,0.8749
846.45,0.9276
846.46,0.9545
846.48,1.009
846.5,1.065
846.51,1.093
846.53,1.151
846.55,1.209
846.56,1.238
846.58,1.297
846.6,1.356
846.61,1.386
846.63,1.445
846.65,1.504
846.66,1.533
846.68,1.591
846.7,1.648
846.71,1.677
846.73,1.732
846.75,1.786
846.76,1.812
846.78,1.864
846.79,1.889
846.81,1.937
846.83,1.982
846.84,2.004
846.86,2.045
846.88,2.084
846.89,2.102
846.91,2.135
846.93,2.165
846.94,2.179
846.96,2.203
846.98,2.224
846.99,2.233
847.01,2.247
847.03,2.258
847.04,2.262
847.06,2.266
847.08,2.266
847.09,2.264
847.11,2.258
847.13,2.248
847.14,2.241
847.16,2.224
847.17,2.214
847.19,2.192
847.21,2.166
847.22,2.151
847.24,2.12
847.26,2.084
847.27,2.066
847.29,2.026
847.31,1.983
847.32,1.961
847.34,1.914
847.36,1.865
847.37,1.839
847.39,1.787
847.41,1.733
847.42,1.706
847.44,1.65
847.46,1.592
847.47,1.563
847.49,1.505
847.51,1.446
847.52,1.417
847.54,1.357
847.55,1.328
847.57,1.269
847.59,1.21
847.6,1.181
847.62,1.123
847.64,1.066
847.65,1.038
847.67,0.9828
847.69,0.9287
847.7,0.9021
847.72,0.8501
847.74,0.7996
847.75,0.7749
847.77,0.7269
847.79,0.6806
847.8,0.6581
847.82,0.6144
847.84,0.5727
847.85,0.5525
847.87,0.5135
847.89,0.4765
847.9,0.4587
847.92,0.4245
847.93,0.4081
847.95,0.3767
847.97,0.3471
847.98,0.3331
848.0,0.3062
848.02,0.2812
848.03,0.2693
848.05,0.2468
848.07,0.226
848.08,0.2162
848.1,0.1978
848.12,0.1809
848.13,0.173
848.15,0.1584
848.17,0.1452
848.18,0.1391
848.2,0.128
848.22,0.1182
848.23,0.1138
848.25,0.1061
848.27,0.09962
848.28,0.09689
848.3,0.09242
848.31,0.09069
848.33,0.08823
848.35,0.08716
848.36,0.08715
848.38,0.08823
848.4,0.09083
848.41,0.09273
848.43,0.09777
848.45,0.1046
848.46,0.1087
848.48,0.1184
848.5,0.1302
848.51,0.137
848.53,0.1523
848.55,0.1703
848.56,0.1804
848.58,0.2028
848.6,0.2285
848.61,0.2427
848.63,0.2739
848.64,0.291
848.66,0.3286
848.68,0.3708
848.69,0.3939
848.71,0.4441
848.73,0.5001
848.74,0.5305
848.76,0.5964
848.78,0.6694
848.79,0.7089
848.81,0.7939
848.83,0.8877
848.84,0.9381
848.86,1.046
848.88,1.165
848.89,1.228
848.91,1.364
848.93,1.512
848.94,1.591
848.96,1.759
848.98,1.942
848.99,2.039
849.01,2.244
849.02,2.353
849.04,2.582
849.06,2.83
849.07,2.96
849.09,3.235
849.11,3.528
849.12,3.682
849.14,4.006
849.16,4.35
849.17,4.53
849.19,4.905
849.21,5.303
849.22,5.509
849.24,5.939
849.26,6.391
849.27,6.625
849.29,7.11
849.31,7.616
849.32,7.877
849.34,8.416
849.36,8.975
849.37,9.261
849.39,9.85
849.4,10.15
849.42,10.77
849.44,11.4
849.45,11.72
849.47,12.38
849.49,13.05
849.5,13.38
849.52,14.07
849.54,14.76
849.55,15.11
849.57,15.82
849.59,16.52
849.6,16.88
849.62,17.58
849.64,18.29
849.65,18.64
849.67,19.33
849.69,20.02
849.7,20.36
849.72,21.02
849.74,21.67
849.75,21.99
849.77,22.61
849.78,22.92
849.8,23.5
849.82,24.06
849.83,24.33
849.85,24.85
849.87,25.33
849.88,25.56
849.9,26.0
849.92,26.39
849.93,26.57
849.95,26.91
849.97,27.2
849.98,27.33
850.0,27.56
850.02,27.75
850.03,27.83
850.05,27.95
850.07,28.02
850.08,28.04
850.1,28.05
850.11,28.04
850.13,27.98
850.15,27.88
850.16,27.81
850.18,27.65
850.2,27.44
850.21,27.32
850.23,27.06
850.25,26.76
850.26,26.59
850.28,26.24
850.3,25.85
850.31,25.65
850.33,25.21
850.35,24.75
850.36,24.52
850.38,24.02
850.4,23.5
850.41,23.24
850.43,22.69
850.45,22.13
850.46,21.85
850.48,21.27
850.49,20.97
850.51,20.38
850.53,19.78
850.54,19.48
850.56,18.88
850.58,18.27
850.59,17.97
850.61,17.36
850.63,16.76
850.64,16.46
850.66,15.87
850.68,15.29
850.69,15.0
850.71,14.43
850.73,13.86
850.74,13.59
850.76,13.04
850.78,12.51
850.79,12.25
850.81,11.74
850.83,11.25
850.84,11.01
850.86,10.53
850.87,10.3
850.89,9.855
850.91,9.423
850.92,9.213
850.94,8.805
850.96,8.413
850.97,8.223
850.99,7.856
851.01,7.504
851.02,7.334
851.04,7.007
851.06,6.695
851.07,6.545
851.09,6.255
851.11,5.98
851.12,5.848
851.14,5.595
851.16,5.355
851.17,5.24
851.19,5.02
851.21,4.812
851.22,4.712
851.24,4.522
851.25,4.431
851.27,4.257
851.29,4.094
851.3,4.016
851.32,3.867
851.34,3.727
851.35,3.66
851.37,3.532
851.39,3.412
851.4,3.355
851.42,3.245
851.44,3.142
851.45,3.093
851.47,2.999
851.49,2.909
851.5,2.867
851.52,2.784
851.54,2.706
851.55,2.669
851.57,2.596
851.59,2.527
851.6,2.494
851.62,2.429
851.63,2.397
851.65,2.336
851.67,2.276
851.68,2.248
851.7,2.191
851.72,2.136
851.73,2.109
851.75,2.056
851.77,2.004
851.78,1.979
851.8,1.929
851.82,1.88
851.83,1.856
851.85,1.808
851.87,1.761
851.88,1.739
851.9,1.693
851.92,1.649
851.93,1.627
851.95,1.585
851.96,1.564
851.98,1.523
852.0,1.483
852.01,1.464
852.03,1.426
852.05,1.39
852.06,1.372
852.08,1.338
852.1,1.306
852.11,1.29
852.13,1.26
852.15,1.232
852.16,1.219
852.18,1.194
852.2,1.171
852.21,1.16
852.23,1.14
852.25,1.122
852.26,1.113
852.28,1.099
852.3,1.086
852.31,1.081
852.33,1.071
852.34,1.067
852.36,1.061
852.38,1.058
852.39,1.057
852.41,1.056
852.43,1.058
852.44,1.059
852.46,1.064
852.48,1.072
852.49,1.076
852.51,1.087
852.53,1.099
852.54,1.107
852.56,1.123
852.58,1.142
852.59,1.153
852.61,1.176
852.63,1.202
852.64,1.217
852.66,1.248
852.68,1.283
852.69,1.303
852.71,1.344
852.72,1.367
852.74,1.417
852.76,1.473
852.77,1.504
852.79,1.571
852.81,1.646
852.82,1.687
852.84,1.778
852.86,1.879
852.87,1.935
852.89,2.058
852.91,2.196
852.92,2.272
852.94,2.437
852.96,2.624
852.97,2.727
852.99,2.95
853.01,3.202
853.02,3.34
853.04,3.639
853.06,3.976
853.07,4.159
853.09,4.557
853.1,4.773
853.12,5.242
853.14,5.765
853.15,6.047
853.17,6.659
853.19,7.336
853.2,7.701
853.22,8.488
853.24,9.355
853.25,9.821
853.27,10.82
853.29,11.91
853.3,12.5
853.32,13.75
853.34,15.11
853.35,15.84
853.37,17.38
853.39,19.06
853.4,19.95
853.42,21.83
853.43,22.82
853.45,24.92
853.47,27.18
853.48,28.37
853.5,30.87
853.52,33.54
853.53,34.94
853.55,37.87
853.57,40.99
853.58,42.61
853.6,46.0
853.62,49.57
853.63,51.43
853.65,55.28
853.67,59.33
853.68,61.42
853.7,65.74
853.72,70.23
853.73,72.55
853.75,77.31
853.77,82.24
853.78,84.76
853.8,89.92
853.81,92.56
853.83,97.93
853.85,103.4
853.86,106.2
853.88,111.9
853.9,117.6
853.91,120.5
853.93,126.4
853.95,132.3
853.96,135.2
853.98,141.2
854.0,147.1
854.01,150.0
854.03,155.9
854.05,161.7
854.06,164.6
854.08,170.2
854.1,175.8
854.11,178.5
854.13,183.8
854.15,188.9
854.16,191.3
854.18,196.1
854.19,198.4
854.21,202.8
854.23,206.9
854.24,208.9
854.26,212.6
854.28,215.9
854.29,217.4
854.31,220.2
854.33,222.7
854.34,223.7
854.36,225.6
854.38,227.1
854.39,227.6
854.41,228.5
854.43,228.9
854.44,229.0
854.46,228.8
854.48,228.2
854.49,227.7
854.51,226.5
854.53,224.8
854.54,223.9
854.56,221.6
854.57,220.4
854.59,217.6
854.61,214.4
854.62,212.7
854.64,209.1
854.66,205.1
854.67,203.1
854.69,198.7
854.71,194.0
854.72,191.6
854.74,186.6
854.76,181.4
854.77,178.7
854.79,173.3
854.81,167.7
854.82,164.9
854.84,159.1
854.86,153.3
854.87,150.3
854.89,144.4
854.91,138.5
854.92,135.5
854.94,129.6
854.95,126.6
854.97,120.8
854.99,115.0
855.0,112.1
855.02,106.4
855.04,100.9
855.05,98.11
855.07,92.72
855.09,87.46
855.1,84.89
855.12,79.86
855.14,74.99
855.15,72.61
855.17,68.0
855.19,63.56
855.2,61.41
855.22,57.25
855.24,53.27
855.25,51.35
855.27,47.65
855.28,45.87
855.3,42.44
855.32,39.21
855.33,37.66
855.35,34.69
855.37,31.9
855.38,30.56
855.4,28.03
855.42,25.65
855.43,24.53
855.45,22.39
855.47,20.4
855.48,19.46
855.5,17.68
855.52,16.04
855.53,15.26
855.55,13.81
855.57,12.47
855.58,11.84
855.6,10.66
855.62,9.579
855.63,9.075
855.65,8.134
855.66,7.695
855.68,6.879
855.7,6.137
855.71,5.793
855.73,5.155
855.75,4.578
855.76,4.312
855.78,3.819
855.8,3.377
855.81,3.173
855.83,2.798
855.85,2.462
855.86,2.308
855.88,2.026
855.9,1.775
855.91,1.66
855.93,1.451
855.95,1.265
855.96,1.181
855.98,1.027
856.0,0.8915
856.01,0.83
856.03,0.7186
856.04,0.6682
856.06,0.577
856.08,0.4972
856.09,0.4613
856.11,0.3965
856.13,0.3402
856.14,0.3149
856.16,0.2694
856.18,0.2301
856.19,0.2125
856.21,0.181
856.23,0.1539
856.24,0.1418
856.26,0.1202
856.28,0.1017
856.29,0.09353
856.31,0.07895
856.33,0.06652
856.34,0.06101
856.36,0.05127
856.38,0.04301
856.39,0.03936
856.41,0.03293
856.42,0.0301
856.44,0.02512
856.46,0.02092
856.47,0.01908
856.49,0.01586
856.51,0.01315
856.52,0.01197
856.54,0.009908
856.56,0.008187
856.57,0.007439
856.59,0.006134
856.61,0.005051
856.62,0.004582
856.64,0.003767
856.66,0.003094
856.67,0.002804
856.69,0.002301
856.71,0.001888
856.72,0.00171
856.74,0.001404
856.75,0.001272
856.77,0.001046
856.79,0.000861
856.8,0.0007821
856.82,0.000647
856.84,0.0005376
856.85,0.0004911
856.87,0.0004118
856.89,0.0003483
856.9,0.0003215
856.92,0.0002764
856.94,0.000241
856.95,0.0002264
856.97,0.0002025
856.99,0.0001847
857.0,0.0001778
857.02,0.0001677
857.04,0.0001619
857.05,0.0001605
857.07,0.0001605
857.09,0.0001642
857.1,0.0001673
857.12,0.0001764
857.13,0.0001823
857.15,0.000197
857.17,0.0002159
857.18,0.000227
857.2,0.0002529
857.22,0.0002841
857.23,0.000302
857.25,0.0003426
857.27,0.0003904
857.28,0.0004174
857.3,0.0004781
857.32,0.0005489
857.33,0.0005884
857.35,0.0006768
857.37,0.000779
857.38,0.0008358
857.4,0.0009622
857.42,0.001107
857.43,0.001188
857.45,0.001365
857.47,0.001568
857.48,0.00168
857.5,0.001927
857.51,0.002063
857.53,0.002361
857.55,0.002698
857.56,0.002883
857.58,0.003288
857.6,0.003744
857.61,0.003993
857.63,0.004536
857.65,0.005144
857.66,0.005474
857.68,0.006192
857.7,0.006992
857.71,0.007425
857.73,0.008363
857.75,0.009403
857.76,0.009964
857.78,0.01117
857.8,0.01251
857.81,0.01322
857.83,0.01476
857.85,0.01645
857.86,0.01736
857.88,0.01929
857.89,0.02032
857.91,0.02253
857.93,0.02493
857.94,0.0262
857.96,0.02892
857.98,0.03185
857.99,0.03341
858.01,0.0367
858.03,0.04025
858.04,0.04212
858.06,0.04606
858.08,0.05029
858.09,0.05251
858.11,0.05717
858.13,0.06214
858.14,0.06473
858.16,0.07017
858.18,0.07592
858.19,0.07892
858.21,0.08517
858.22,0.08842
858.24,0.09516
858.26,0.1022
858.27,0.1059
858.29,0.1135
858.31,0.1214
858.32,0.1255
858.34,0.1338
858.36,0.1425
858.37,0.147
858.39,0.1561
858.41,0.1656
858.42,0.1704
858.44,0.1802
858.46,0.1902
858.47,0.1953
858.49,0.2057
858.51,0.2163
858.52,0.2216
858.54,0.2324
858.56,0.2433
858.57,0.2488
858.59,0.2599
858.6,0.2654
858.62,0.2765
858.64,0.2877
858.65,0.2932
858.67,0.3043
858.69,0.3153
858.7,0.3208
858.72,0.3316
858.74,0.3424
858.75,0.3477
858.77,0.3582
858.79,0.3685
858.8,0.3735
858.82,0.3835
858.84,0.3932
858.85,0.398
858.87,0.4074
858.89,0.4165
858.9,0.421
858.92,0.4297
858.94,0.4381
858.95,0.4423
858.97,0.4504
858.98,0.4543
859.0,0.4621
859.02,0.4696
859.03,0.4733
859.05,0.4806
859.07,0.4878
859.08,0.4913
859.1,0.4983
859.12,0.5053
859.13,0.5087
859.15,0.5157
859.17,0.5227
859.18,0.5263
859.2,0.5335
859.22,0.5409
859.23,0.5446
859.25,0.5524
859.27,0.5604
859.28,0.5645
859.3,0.5731
859.32,0.582
859.33,0.5866
859.35,0.5963
859.36,0.6013
859.38,0.6116
859.4,0.6225
859.41,0.6282
859.43,0.6399
859.45,0.6522
859.46,0.6585
859.48,0.6717
859.5,0.6854
859.51,0.6925
859.53,0.707
859.55,0.7221
859.56,0.7298
859.58,0.7456
859.6,0.7618
859.61,0.7701
859.63,0.7868
859.65,0.8038
859.66,0.8124
859.68,0.8297
859.7,0.8471
859.71,0.8558
859.73,0.8731
859.74,0.8818
859.76,0.8989
859.78,0.9158
859.79,0.924
859.81,0.9403
859.83,0.956
859.84,0.9636
859.86,0.9783
859.88,0.9922
859.89,0.9989
859.91,1.011
859.93,1.023
859.94,1.028
859.96,1.038
859.98,1.047
859.99,1.05
860.01,1.057
860.03,1.062
860.04,1.064
860.06,1.067
860.07,1.067
860.09,1.068
860.11,1.067
860.12,1.066
860.14,1.062
860.16,1.057
860.17,1.053
860.19,1.046
860.21,1.036
860.22,1.031
860.24,1.019
860.26,1.006
860.27,0.9986
860.29,0.9831
860.31,0.9662
860.32,0.9572
860.34,0.9384
860.36,0.9183
860.37,0.9079
860.39,0.8862
860.41,0.8635
860.42,0.8518
860.44,0.8278
860.45,0.8156
860.47,0.7906
860.49,0.765
860.5,0.752
860.52,0.7257
860.54,0.6991
860.55,0.6858
860.57,0.6589
860.59,0.632
860.6,0.6185
860.62,0.5916
860.64,0.5649
860.65,0.5517
860.67,0.5254
860.69,0.4994
860.7,0.4866
860.72,0.4614
860.74,0.4366
860.75,0.4245
860.77,0.4007
860.79,0.3775
860.8,0.3662
860.82,0.3441
860.83,0.3333
860.85,0.3124
860.87,0.2922
860.88,0.2825
860.9,0.2635
860.92,0.2455
860.93,0.2367
860.95,0.2199
860.97,0.2039
860.98,0.1962
861.0,0.1815
861.02,0.1676
861.03,0.1609
861.05,0.1482
861.07,0.1363
861.08,0.1306
861.1,0.1198
861.12,0.1098
861.13,0.105
861.15,0.096
861.17,0.08765
861.18,0.08371
861.2,0.0763
861.21,0.07282
861.23,0.0663
861.25,0.06033
861.26,0.05755
861.28,0.05236
861.3,0.04767
861.31,0.04549
861.33,0.04148
861.35,0.03789
861.36,0.03625
861.38,0.03326
861.4,0.03064
861.41,0.02946
861.43,0.02736
861.45,0.02558
861.46,0.0248
861.48,0.02347
861.5,0.02243
861.51,0.022
861.53,0.02135
861.54,0.02112
861.56,0.02084
861.58,0.0208
861.59,0.02086
861.61,0.02115
861.63,0.02165
861.64,0.02198
861.66,0.02279
861.68,0.0238
861.69,0.02438
861.71,0.02568
861.73,0.02716
861.74,0.02797
861.76,0.02972
861.78,0.03165
861.79,0.03268
861.81,0.03487
861.83,0.03723
861.84,0.03848
861.86,0.04108
861.88,0.04385
861.89,0.04529
861.91,0.04829
861.92,0.04984
861.94,0.05306
861.96,0.05641
861.97,0.05814
861.99,0.0617
862.01,0.06537
862.02,0.06725
862.04,0.07109
862.06,0.07504
862.07,0.07704
862.09,0.08111
862.11,0.08526
862.12,0.08735
862.14,0.09158
862.16,0.09585
862.17,0.09799
862.19,0.1023
862.21,0.1066
862.22,0.1087
862.24,0.113
862.26,0.1173
862.27,0.1194
862.29,0.1235
862.3,0.1256
862.32,0.1296
862.34,0.1335
862.35,0.1355
862.37,0.1392
862.39,0.1428
862.4,0.1445
862.42,0.1479
862.44,0.1511
862.45,0.1526
862.47,0.1555
862.49,0.1581
862.5,0.1594
862.52,0.1617
862.54,0.1638
862.55,0.1647
862.57,0.1665
862.59,0.1679
862.6,0.1686
862.62,0.1697
862.64,0.1705
862.65,0.1709
862.67,0.1713
862.68,0.1715
862.7,0.1716
862.72,0.1715
862.73,0.1714
862.75,0.1709
862.77,0.1703
862.78,0.1699
862.8,0.169
862.82,0.168
862.83,0.1674
862.85,0.1662
862.87,0.1649
862.88,0.1642
862.9,0.1628
862.92,0.1613
862.93,0.1606
862.95,0.1592
862.97,0.1578
862.98,0.1571
863.0,0.1559
863.02,0.1548
863.03,0.1543
863.05,0.1534
863.06,0.1531
863.08,0.1525
863.1,0.1523
863.11,0.1523
863.13,0.1525
863.15,0.1531
863.16,0.1535
863.18,0.1547
863.2,0.1563
863.21,0.1573
863.23,0.1597
863.25,0.1626
863.26,0.1643
863.28,0.168
863.3,0.1724
863.31,0.1749
863.33,0.1803
863.35,0.1864
863.36,0.1897
863.38,0.1969
863.39,0.2008
863.41,0.2092
863.43,0.2184
863.44,0.2234
863.46,0.2339
863.48,0.2454
863.49,0.2515
863.51,0.2644
863.53,0.2783
863.54,0.2857
863.56,0.3012
863.58,0.3178
863.59,0.3266
863.61,0.345
863.63,0.3646
863.64,0.3749
863.66,0.3965
863.68,0.4195
863.69,0.4315
863.71,0.4567
863.73,0.4834
863.74,0.4974
863.76,0.5266
863.77,0.5419
863.79,0.5739
863.81,0.6077
863.82,0.6254
863.84,0.6624
863.86,0.7015
863.87,0.722
863.89,0.7647
863.91,0.8099
863.92,0.8335
863.94,0.8828
863.96,0.935
863.97,0.9622
863.99,1.019
864.01,1.079
864.02,1.11
864.04,1.176
864.06,1.245
864.07,1.281
864.09,1.355
864.11,1.434
864.12,1.475
864.14,1.56
864.15,1.604
864.17,1.696
864.19,1.793
864.2,1.843
864.22,1.946
864.24,2.055
864.25,2.111
864.27,2.226
864.29,2.347
864.3,2.409
864.32,2.537
864.34,2.67
864.35,2.739
864.37,2.879
864.39,3.024
864.4,3.098
864.42,3.25
864.44,3.406
864.45,3.486
864.47,3.648
864.49,3.815
864.5,3.899
864.52,4.07
864.53,4.157
864.55,4.333
864.57,4.511
864.58,4.601
864.6,4.782
864.62,4.965
864.63,5.058
864.65,5.242
864.67,5.428
864.68,5.521
864.7,5.708
864.72,5.894
864.73,5.987
864.75,6.173
864.77,6.359
864.78,6.452
864.8,6.637
864.82,6.821
864.83,6.913
864.85,7.097
864.86,7.188
864.88,7.372
864.9,7.557
864.91,7.649
864.93,7.836
864.95,8.025
864.96,8.121
864.98,8.315
865.0,8.515
865.01,8.617
865.03,8.827
865.05,9.047
865.06,9.161
865.08,9.398
865.1,9.65
865.11,9.782
865.13,10.06
865.15,10.36
865.16,10.52
865.18,10.85
865.2,11.22
865.21,11.42
865.23,11.83
865.24,12.05
865.26,12.53
865.28,13.05
865.29,13.32
865.31,13.91
865.33,14.56
865.34,14.91
865.36,15.64
865.38,16.45
865.39,16.87
865.41,17.78
865.43,18.77
865.44,19.29
865.46,20.4
865.48,21.59
865.49,22.22
865.51,23.55
865.53,24.98
865.54,25.73
865.56,27.3
865.58,28.98
865.59,29.86
865.61,31.7
865.62,32.65
865.64,34.65
865.66,36.75
865.67,37.85
865.69,40.11
865.71,42.48
865.72,43.71
865.74,46.23
865.76,48.86
865.77,50.2
865.79,52.97
865.81,55.83
865.82,57.29
865.84,60.26
865.86,63.31
865.87,64.86
865.89,68.01
865.91,71.2
865.92,72.82
865.94,76.07
865.96,79.35
865.97,80.99
865.99,84.29
866.0,85.94
866.02,89.22
866.04,92.49
866.05,94.11
866.07,97.31
866.09,100.5
866.1,102.0
866.12,105.0
866.14,108.0
866.15,109.4
866.17,112.2
866.19,114.9
866.2,116.1
866.22,118.6
866.24,120.9
866.25,121.9
866.27,124.0
866.29,125.8
866.3,126.7
866.32,128.2
866.34,129.6
866.35,130.2
866.37,131.2
866.38,131.6
866.4,132.3
866.42,132.8
866.43,133.0
866.45,133.1
866.47,133.0
866.48,132.8
866.5,132.4
866.52,131.7
866.53,131.3
866.55,130.3
866.57,129.0
866.58,128.3
866.6,126.8
866.62,125.1
866.63,124.1
866.65,122.1
866.67,119.9
866.68,118.8
866.7,116.4
866.71,115.1
866.73,112.5
866.75,109.8
866.76,108.4
866.78,105.5
866.8,102.5
866.81,101.0
866.83,97.87
866.85,94.73
866.86,93.14
866.88,89.95
866.9,86.73
866.91,85.12
866.93,81.9
866.95,78.7
866.96,77.1
866.98,73.94
867.0,70.81
867.01,69.26
867.03,66.21
867.05,63.23
867.06,61.76
867.08,58.89
867.09,57.48
867.11,54.73
867.13,52.07
867.14,50.77
867.16,48.26
867.18,45.84
867.19,44.67
867.21,42.41
867.23,40.26
867.24,39.22
867.26,37.23
867.28,35.35
867.29,34.44
867.31,32.72
867.33,31.1
867.34,30.32
867.36,28.86
867.38,27.49
867.39,26.84
867.41,25.61
867.43,24.47
867.44,23.94
867.46,22.93
867.47,22.46
867.49,21.57
867.51,20.75
867.52,20.37
867.54,19.66
867.56,19.02
867.57,18.72
867.59,18.16
867.61,17.65
867.62,17.42
867.64,16.99
867.66,16.6
867.67,16.42
867.69,16.09
867.71,15.79
867.72,15.66
867.74,15.41
867.76,15.19
867.77,15.09
867.79,14.9
867.81,14.74
867.82,14.66
867.84,14.53
867.85,14.47
867.87,14.35
867.89,14.26
867.9,14.21
867.92,14.14
867.94,14.07
867.95,14.04
867.97,13.99
867.99,13.96
868.0,13.94
868.02,13.92
868.04,13.9
868.05,13.9
868.07,13.9
868.09,13.91
868.1,13.92
868.12,13.95
868.14,13.99
868.15,14.01
868.17,14.06
868.18,14.09
868.2,14.16
868.22,14.25
868.23,14.29
868.25,14.39
868.27,14.5
868.28,14.56
868.3,14.69
868.32,14.84
868.33,14.91
868.35,15.08
868.37,15.25
868.38,15.34
868.4,15.53
868.42,15.74
868.43,15.84
868.45,16.07
868.47,16.3
868.48,16.42
868.5,16.66
868.52,16.91
868.53,17.04
868.55,17.31
868.56,17.44
868.58,17.72
868.6,17.99
868.61,18.13
868.63,18.41
868.65,18.7
868.66,18.84
868.68,19.12
868.7,19.39
868.71,19.53
868.73,19.8
868.75,20.07
868.76,20.2
868.78,20.45
868.8,20.69
868.81,20.8
868.83,21.03
868.85,21.24
868.86,21.33
868.88,21.52
868.9,21.68
868.91,21.76
868.93,21.9
868.94,21.96
868.96,22.07
868.98,22.15
868.99,22.18
869.01,22.23
869.03,22.26
869.04,22.26
869.06,22.25
869.08,22.21
869.09,22.18
869.11,22.11
869.13,22.01
869.14,21.94
869.16,21.8
869.18,21.64
869.19,21.55
869.21,21.35
869.23,21.12
869.24,21.0
869.26,20.74
869.28,20.46
869.29,20.31
869.31,19.99
869.32,19.83
869.34,19.49
869.36,19.13
869.37,18.95
869.39,18.57
869.41,18.17
869.42,17.97
869.44,17.56
869.46,17.14
869.47,16.92
869.49,16.49
869.51,16.05
869.52,15.83
869.54,15.38
869.56,14.93
869.57,14.71
869.59,14.26
869.61,13.81
869.62,13.59
869.64,13.14
869.65,12.92
869.67,12.48
869.69,12.05
869.7,11.84
869.72,11.42
869.74,11.0
869.75,10.8
869.77,10.4
869.79,10.01
869.8,9.82
869.82,9.445
869.84,9.081
869.85,8.904
869.87,8.557
869.89,8.221
869.9,8.058
869.92,7.74
869.94,7.434
869.95,7.285
869.97,6.996
869.99,6.718
870.0,6.583
870.02,6.322
870.03,6.195
870.05,5.95
870.07,5.715
870.08,5.601
870.1,5.38
870.12,5.169
870.13,5.067
870.15,4.869
870.17,4.679
870.18,4.587
870.2,4.409
870.22,4.237
870.23,4.155
870.25,3.993
870.27,3.839
870.28,3.763
870.3,3.617
870.32,3.476
870.33,3.408
870.35,3.274
870.37,3.145
870.38,3.082
870.4,2.959
870.41,2.9
870.43,2.783
870.45,2.669
870.46,2.614
870.48,2.506
870.5,2.401
870.51,2.349
870.53,2.249
870.55,2.151
870.56,2.104
870.58,2.011
870.6,1.92
870.61,1.876
870.63,1.79
870.65,1.706
870.66,1.666
870.68,1.586
870.7,1.509
870.71,1.472
870.73,1.399
870.75,1.329
870.76,1.295
870.78,1.229
870.79,1.197
870.81,1.136
870.83,1.076
870.84,1.048
870.86,0.9927
870.88,0.9402
870.89,0.9151
870.91,0.8667
870.93,0.821
870.94,0.7991
870.96,0.7574
870.98,0.7183
870.99,0.6997
871.01,0.6644
871.03,0.6317
871.04,0.6162
871.06,0.5872
871.08,0.5605
871.09,0.548
871.11,0.5249
871.13,0.504
871.14,0.4943
871.16,0.4767
871.17,0.4687
871.19,0.4541
871.21,0.4416
871.22,0.4361
871.24,0.4264
871.26,0.4186
871.27,0.4153
871.29,0.4101
871.31,0.4065
871.32,0.4053
871.34,0.404
871.36,0.4043
871.37,0.4049
871.39,0.4072
871.41,0.4108
871.42,0.413
871.44,0.4184
871.46,0.4249
871.47,0.4286
871.49,0.4367
871.5,0.4411
871.52,0.4505
871.54,0.4609
871.55,0.4663
871.57,0.4778
871.59,0.49
871.6,0.4963
871.62,0.5094
871.64,0.5229
871.65,0.5299
871.67,0.5441
871.69,0.5587
871.7,0.5661
871.72,0.581
871.74,0.5961
871.75,0.6037
871.77,0.6189
871.79,0.6341
871.8,0.6416
871.82,0.6567
871.84,0.6715
871.85,0.6789
871.87,0.6933
871.88,0.7004
871.9,0.7142
871.92,0.7276
871.93,0.7341
871.95,0.7467
871.97,0.7586
871.98,0.7643
872.0,0.7753
872.02,0.7854
872.03,0.7902
872.05,0.7992
872.07,0.8073
872.08,0.811
872.1,0.8177
872.12,0.8236
872.13,0.8261
872.15,0.8305
872.17,0.8339
872.18,0.8353
872.2,0.8373
872.22,0.8384
872.23,0.8386
872.25,0.8383
872.26,0.8378
872.28,0.8363
872.3,0.8339
872.31,0.8324
872.33,0.829
872.35,0.8249
872.36,0.8226
872.38,0.8177
872.4,0.8124
872.41,0.8096
872.43,0.8038
872.45,0.7978
872.46,0.7948
872.48,0.7888
872.5,0.7829
872.51,0.78
872.53,0.7746
872.55,0.7695
872.56,0.7673
872.58,0.7632
872.6,0.7599
872.61,0.7587
872.63,0.7569
872.64,0.7564
872.66,0.7564
872.68,0.7578
872.69,0.7591
872.71,0.7628
872.73,0.7683
872.74,0.7717
872.76,0.7799
872.78,0.7902
872.79,0.7961
872.81,0.8096
872.83,0.8254
872.84,0.8342
872.86,0.8536
872.88,0.8754
872.89,0.8872
872.91,0.9128
872.93,0.941
872.94,0.9561
872.96,0.9882
872.97,1.005
872.99,1.041
873.01,1.08
873.02,1.1
873.04,1.142
873.06,1.187
873.07,1.21
873.09,1.258
873.11,1.308
873.12,1.334
873.14,1.387
873.16,1.442
873.17,1.47
873.19,1.527
873.21,1.586
873.22,1.615
873.24,1.675
873.26,1.736
873.27,1.766
873.29,1.827
873.31,1.889
873.32,1.919
873.34,1.98
873.35,2.01
873.37,2.07
873.39,2.129
873.4,2.158
873.42,2.214
873.44,2.269
873.45,2.296
873.47,2.347
873.49,2.397
873.5,2.42
873.52,2.465
873.54,2.507
873.55,2.527
873.57,2.563
873.59,2.596
873.6,2.612
873.62,2.639
873.64,2.662
873.65,2.672
873.67,2.689
873.69,2.701
873.7,2.706
873.72,2.711
873.73,2.712
873.75,2.711
873.77,2.705
873.78,2.701
873.8,2.688
873.82,2.671
873.83,2.661
873.85,2.637
873.87,2.609
873.88,2.594
873.9,2.56
873.92,2.522
873.93,2.502
873.95,2.458
873.97,2.412
873.98,2.387
874.0,2.336
874.02,2.281
874.03,2.253
874.05,2.195
874.07,2.135
874.08,2.105
874.1,2.042
874.11,2.01
874.13,1.945
874.15,1.878
874.16,1.845
874.18,1.778
874.2,1.71
874.21,1.676
874.23,1.608
874.25,1.54
874.26,1.506
874.28,1.438
874.3,1.371
874.31,1.338
874.33,1.273
874.35,1.209
874.36,1.177
874.38,1.115
874.4,1.054
874.41,1.024
874.43,0.9657
874.45,0.9091
874.46,0.8815
874.48,0.8277
874.49,0.8015
874.51,0.7506
874.53,0.7018
874.54,0.6781
874.56,0.6324
874.58,0.5887
874.59,0.5677
874.61,0.5271
874.63,0.4886
874.64,0.4701
874.66,0.4347
874.68,0.4012
874.69,0.3852
874.71,0.3547
874.73,0.326
874.74,0.3123
874.76,0.2864
874.78,0.2621
874.79,0.2506
874.81,0.2288
874.82,0.2185
874.84,0.1991
874.86,0.1811
874.87,0.1726
874.89,0.1567
874.91,0.142
874.92,0.1352
874.94,0.1223
874.96,0.1106
874.97,0.1052
874.99,0.09506
875.01,0.08594
875.02,0.08173
875.04,0.07401
875.06,0.06716
875.07,0.06406
875.09,0.05849
875.11,0.05372
875.12,0.05164
875.14,0.04808
875.16,0.04532
875.17,0.04425
875.19,0.04273
875.2,0.04229
875.22,0.0421
875.24,0.04285
875.25,0.04361
875.27,0.04597
875.29,0.04953
875.3,0.0518
875.32,0.05746
875.34,0.06476
875.35,0.0691
875.37,0.07933
875.39,0.09189
875.4,0.09916
875.42,0.1159
875.44,0.1361
875.45,0.1476
875.47,0.1739
875.49,0.2051
875.5,0.2229
875.52,0.2631
875.54,0.3105
875.55,0.3373
875.57,0.3979
875.58,0.432
875.6,0.5088
875.62,0.5987
875.63,0.6492
875.65,0.7625
875.67,0.8946
875.68,0.9685
875.7,1.134
875.72,1.326
875.73,1.433
875.75,1.672
875.77,1.947
875.78,2.101
875.8,2.442
875.82,2.834
875.83,3.052
875.85,3.534
875.87,4.087
875.88,4.392
875.9,5.066
875.92,5.835
875.93,6.259
875.95,7.192
875.96,7.705
875.98,8.833
876.0,10.11
876.01,10.81
876.03,12.34
876.05,14.07
876.06,15.01
876.08,17.07
876.1,19.38
876.11,20.64
876.13,23.38
876.15,26.44
876.16,28.09
876.18,31.69
876.2,35.69
876.21,37.85
876.23,42.51
876.25,47.68
876.26,50.46
876.28,56.45
876.29,59.67
876.31,66.58
876.33,74.18
876.34,78.24
876.36,86.95
876.38,96.46
876.39,101.5
876.41,112.4
876.43,124.1
876.44,130.4
876.46,143.7
876.48,158.1
876.49,165.7
876.51,181.8
876.53,199.2
876.54,208.4
876.56,227.7
876.58,248.4
876.59,259.3
876.61,282.1
876.63,306.5
876.64,319.2
876.66,345.9
876.67,359.8
876.69,388.9
876.71,419.6
876.72,435.5
876.74,468.7
876.76,503.6
876.77,521.6
876.79,559.0
876.81,598.0
876.82,618.2
876.84,659.6
876.86,702.7
876.87,724.8
876.89,770.1
876.91,816.9
876.92,840.8
876.94,889.6
876.96,939.6
876.97,965.1
876.99,1017.0
877.01,1069.0
877.02,1096.0
877.04,1150.0
877.05,1177.0
877.07,1231.0
877.09,1286.0
877.1,1314.0
877.12,1369.0
877.14,1424.0
877.15,1451.0
877.17,1505.0
877.19,1559.0
877.2,1586.0
877.22,1638.0
877.24,1689.0
877.25,1714.0
877.27,1764.0
877.29,1811.0
877.3,1834.0
877.32,1878.0
877.34,1921.0
877.35,1941.0
877.37,1979.0
877.39,2015.0
877.4,2032.0
877.42,2064.0
877.43,2078.0
877.45,2105.0
877.47,2129.0
877.48,2139.0
877.5,2158.0
877.52,2172.0
877.53,2179.0
877.55,2188.0
877.57,2193.0
877.58,2195.0
877.6,2195.0
877.62,2191.0
877.63,2188.0
877.65,2178.0
877.67,2165.0
877.68,2158.0
877.7,2139.0
877.72,2117.0
877.73,2105.0
877.75,2078.0
877.77,2048.0
877.78,2032.0
877.8,1997.0
877.81,1979.0
877.83,1941.0
877.85,1899.0
877.86,1878.0
877.88,1834.0
877.9,1787.0
877.91,1763.0
877.93,1714.0
877.95,1663.0
877.96,1637.0
877.98,1585.0
878.0,1532.0
878.01,1505.0
878.03,1450.0
878.05,1395.0
878.06,1368.0
878.08,1313.0
878.1,1258.0
878.11,1230.0
878.13,1176.0
878.14,1149.0
878.16,1095.0
878.18,1042.0
878.19,1016.0
878.21,963.9
878.23,913.2
878.24,888.4
878.26,839.5
878.28,792.0
878.29,768.8
878.31,723.5
878.33,679.6
878.34,658.3
878.36,616.8
878.38,577.0
878.39,557.7
878.41,520.3
878.43,484.6
878.44,467.4
878.46,434.3
878.48,402.8
878.49,387.6
878.51,358.6
878.52,344.7
878.54,318.1
878.56,293.0
878.57,281.1
878.59,258.3
878.61,236.9
878.62,226.8
878.64,207.5
878.66,189.6
878.67,181.1
878.69,165.0
878.71,150.1
878.72,143.1
878.74,129.9
878.76,117.7
878.77,112.0
878.79,101.2
878.81,91.38
878.82,86.77
878.84,78.15
878.86,70.28
878.87,66.61
878.89,59.77
878.9,56.59
878.92,50.68
878.94,45.33
878.95,42.85
878.97,38.26
878.99,34.12
879.0,32.21
879.02,28.69
879.04,25.52
879.05,24.07
879.07,21.4
879.09,19.01
879.1,17.92
879.12,15.91
879.14,14.13
879.15,13.32
879.17,11.83
879.19,10.52
879.2,9.92
879.22,8.831
879.24,7.872
879.25,7.437
879.27,6.646
879.28,6.288
879.3,5.639
879.32,5.071
879.33,4.814
879.35,4.35
879.37,3.944
879.38,3.761
879.4,3.432
879.42,3.145
879.43,3.015
879.45,2.783
879.47,2.581
879.48,2.49
879.5,2.328
879.52,2.187
879.53,2.124
879.55,2.012
879.57,1.916
879.58,1.873
879.6,1.798
879.61,1.765
879.63,1.708
879.65,1.661
879.66,1.641
879.68,1.609
879.7,1.585
879.71,1.576
879.73,1.564
879.75,1.56
879.76,1.561
879.78,1.568
879.8,1.583
879.81,1.593
879.83,1.619
879.85,1.652
879.86,1.672
879.88,1.717
879.9,1.769
879.91,1.799
879.93,1.863
879.95,1.936
879.96,1.976
879.98,2.062
879.99,2.108
880.01,2.206
880.03,2.314
880.04,2.371
880.06,2.492
880.08,2.621
880.09,2.69
880.11,2.833
880.13,2.985
880.14,3.065
880.16,3.23
880.18,3.404
880.19,3.495
880.21,3.681
880.23,3.876
880.24,3.976
880.26,4.182
880.28,4.395
880.29,4.504
880.31,4.726
880.33,4.954
880.34,5.07
880.36,5.305
880.37,5.425
880.39,5.665
880.41,5.909
880.42,6.032
880.44,6.278
880.46,6.525
880.47,6.648
880.49,6.894
880.51,7.138
880.52,7.259
880.54,7.498
880.56,7.733
880.57,7.849
880.59,8.076
880.61,8.296
880.62,8.403
880.64,8.61
880.66,8.808
880.67,8.904
880.69,9.086
880.71,9.257
880.72,9.337
880.74,9.489
880.75,9.56
880.77,9.69
880.79,9.807
880.8,9.859
880.82,9.952
880.84,10.03
880.85,10.06
880.87,10.11
880.89,10.15
880.9,10.16
880.92,10.17
880.94,10.16
880.95,10.15
880.97,10.12
880.99,10.07
881.0,10.04
881.02,9.966
881.04,9.876
881.05,9.825
881.07,9.713
881.09,9.587
881.1,9.518
881.12,9.372
881.13,9.294
881.15,9.13
881.17,8.954
881.18,8.863
881.2,8.673
881.22,8.474
881.23,8.373
881.25,8.164
881.27,7.95
881.28,7.841
881.3,7.621
881.32,7.398
881.33,7.286
881.35,7.062
881.37,6.839
881.38,6.728
881.4,6.507
881.42,6.29
881.43,6.183
881.45,5.974
881.46,5.872
881.48,5.673
881.5,5.482
881.51,5.39
881.53,5.213
881.55,5.047
881.56,4.969
881.58,4.821
881.6,4.687
881.61,4.625
881.63,4.512
881.65,4.415
881.66,4.372
881.68,4.3
881.7,4.245
881.71,4.225
881.73,4.198
881.75,4.19
881.76,4.193
881.78,4.216
881.8,4.259
881.81,4.288
881.83,4.364
881.84,4.41
881.86,4.519
881.88,4.651
881.89,4.726
881.91,4.893
881.93,5.084
881.94,5.189
881.96,5.417
881.98,5.669
881.99,5.805
882.01,6.094
882.03,6.409
882.04,6.576
882.06,6.929
882.08,7.307
882.09,7.505
882.11,7.921
882.13,8.362
882.14,8.592
882.16,9.07
882.18,9.572
882.19,9.832
882.21,10.37
882.22,10.65
882.24,11.22
882.26,11.82
882.27,12.12
882.29,12.75
882.31,13.39
882.32,13.72
882.34,14.4
882.36,15.09
882.37,15.44
882.39,16.16
882.41,16.89
882.42,17.25
882.44,18.0
882.46,18.76
882.47,19.14
882.49,19.91
882.51,20.68
882.52,21.07
882.54,21.84
882.56,22.62
882.57,23.0
882.59,23.78
882.6,24.16
882.62,24.92
882.64,25.67
882.65,26.05
882.67,26.78
882.69,27.5
882.7,27.85
882.72,28.54
882.74,29.21
882.75,29.54
882.77,30.18
882.79,30.79
882.8,31.08
882.82,31.65
882.84,32.18
882.85,32.44
882.87,32.93
882.89,33.38
882.9,33.59
882.92,33.99
882.93,34.18
882.95,34.52
882.97,34.83
882.98,34.97
883.0,35.21
883.02,35.43
883.03,35.52
883.05,35.67
883.07,35.8
883.08,35.84
883.1,35.91
883.12,35.95
883.13,35.95
883.15,35.95
883.17,35.91
883.18,35.88
883.2,35.81
883.22,35.72
883.23,35.67
883.25,35.55
883.27,35.42
883.28,35.35
883.3,35.21
883.31,35.14
883.33,34.99
883.35,34.85
883.36,34.78
883.38,34.65
883.4,34.53
883.41,34.48
883.43,34.39
883.45,34.31
883.46,34.29
883.48,34.26
883.5,34.26
883.51,34.27
883.53,34.32
883.55,34.41
883.56,34.47
883.58,34.62
883.6,34.81
883.61,34.93
883.63,35.19
883.65,35.51
883.66,35.68
883.68,36.07
883.69,36.28
883.71,36.74
883.73,37.24
883.74,37.51
883.76,38.09
883.78,38.71
883.79,39.04
883.81,39.72
883.83,40.44
883.84,40.82
883.86,41.59
883.88,42.39
883.89,42.8
883.91,43.64
883.93,44.5
883.94,44.93
883.96,45.8
883.98,46.68
883.99,47.12
884.01,48.0
884.03,48.87
884.04,49.3
884.06,50.14
884.07,50.56
884.09,51.36
884.11,52.14
884.12,52.51
884.14,53.23
884.16,53.9
884.17,54.21
884.19,54.8
884.21,55.33
884.22,55.57
884.24,56.01
884.26,56.37
884.27,56.52
884.29,56.78
884.31,56.95
884.32,57.01
884.34,57.06
884.36,57.03
884.37,56.98
884.39,56.83
884.4,56.72
884.42,56.43
884.44,56.06
884.45,55.84
884.47,55.35
884.49,54.77
884.5,54.45
884.52,53.75
884.54,52.98
884.55,52.56
884.57,51.68
884.59,50.73
884.6,50.23
884.62,49.19
884.64,48.08
884.65,47.51
884.67,46.33
884.69,45.11
884.7,44.48
884.72,43.19
884.74,41.88
884.75,41.21
884.77,39.85
884.78,39.16
884.8,37.78
884.82,36.38
884.83,35.68
884.85,34.27
884.87,32.86
884.88,32.16
884.9,30.76
884.92,29.38
884.93,28.69
884.95,27.32
884.97,25.98
884.98,25.32
885.0,24.01
885.02,22.74
885.03,22.11
885.05,20.88
885.07,19.69
885.08,19.11
885.1,17.97
885.12,16.87
885.13,16.33
885.15,15.3
885.16,14.79
885.18,13.82
885.2,12.88
885.21,12.43
885.23,11.56
885.25,10.74
885.26,10.34
885.28,9.576
885.3,8.854
885.31,8.508
885.33,7.846
885.35,7.223
885.36,6.926
885.38,6.36
885.4,5.831
885.41,5.579
885.43,5.101
885.45,4.657
885.46,4.446
885.48,4.048
885.5,3.68
885.51,3.506
885.53,3.179
885.54,3.025
885.56,2.735
885.58,2.469
885.59,2.345
885.61,2.112
885.63,1.898
885.64,1.799
885.66,1.613
885.68,1.444
885.69,1.365
885.71,1.219
885.73,1.087
885.74,1.026
885.76,0.912
885.78,0.8098
885.79,0.7626
885.81,0.6754
885.83,0.5974
885.84,0.5614
885.86,0.4954
885.88,0.4366
885.89,0.4096
885.91,0.3603
885.92,0.3377
885.94,0.2965
885.96,0.2601
885.97,0.2436
885.99,0.2135
886.01,0.1871
886.02,0.1751
886.04,0.1536
886.06,0.1348
886.07,0.1263
886.09,0.1112
886.11,0.09817
886.12,0.09238
886.14,0.0821
886.16,0.07341
886.17,0.0696
886.19,0.06297
886.21,0.05754
886.22,0.05523
886.24,0.05135
886.25,0.04976
886.27,0.0472
886.29,0.04542
886.3,0.04479
886.32,0.04402
886.34,0.04384
886.35,0.04397
886.37,0.04459
886.39,0.0457
886.4,0.04642
886.42,0.04817
886.44,0.05031
886.45,0.05152
886.47,0.0542
886.49,0.05722
886.5,0.05884
886.52,0.06232
886.54,0.06608
886.55,0.06806
886.57,0.07222
886.59,0.07663
886.6,0.07893
886.62,0.08369
886.63,0.08615
886.65,0.09123
886.67,0.0965
886.68,0.09921
886.7,0.1047
886.72,0.1104
886.73,0.1134
886.75,0.1193
886.77,0.1253
886.78,0.1283
886.8,0.1345
886.82,0.1407
886.83,0.1439
886.85,0.1502
886.87,0.1565
886.88,0.1597
886.9,0.166
886.92,0.1723
886.93,0.1754
886.95,0.1816
886.97,0.1877
886.98,0.1907
887.0,0.1966
887.01,0.1995
887.03,0.2051
887.05,0.2106
887.06,0.2132
887.08,0.2183
887.1,0.2232
887.11,0.2255
887.13,0.23
887.15,0.2341
887.16,0.236
887.18,0.2397
887.2,0.2429
887.21,0.2444
887.23,0.2472
887.25,0.2495
887.26,0.2505
887.28,0.2522
887.3,0.2535
887.31,0.254
887.33,0.2546
887.35,0.2548
887.36,0.2548
887.38,0.2544
887.39,0.254
887.41,0.2529
887.43,0.2515
887.44,0.2506
887.46,0.2485
887.48,0.246
887.49,0.2446
887.51,0.2415
887.53,0.238
887.54,0.2362
887.56,0.2322
887.58,0.228
887.59,0.2257
887.61,0.221
887.63,0.216
887.64,0.2134
887.66,0.2081
887.68,0.2025
887.69,0.1997
887.71,0.1939
887.72,0.1909
887.74,0.1849
887.76,0.1787
887.77,0.1756
887.79,0.1694
887.81,0.1631
887.82,0.1599
887.84,0.1535
887.86,0.1472
887.87,0.144
887.89,0.1377
887.91,0.1315
887.92,0.1284
887.94,0.1222
887.96,0.1162
887.97,0.1132
887.99,0.1074
888.01,0.1017
888.02,0.09886
888.04,0.09337
888.06,0.08805
888.07,0.08545
888.09,0.08038
888.1,0.07792
888.12,0.07313
888.14,0.06854
888.15,0.06632
888.17,0.06204
888.19,0.05795
888.2,0.05599
888.22,0.05222
888.24,0.04865
888.25,0.04695
888.27,0.04371
888.29,0.04068
888.3,0.03925
888.32,0.03655
888.34,0.03406
888.35,0.03289
888.37,0.03073
888.39,0.02878
888.4,0.0279
888.42,0.02628
888.44,0.0249
888.45,0.0243
888.47,0.02326
888.48,0.02283
888.5,0.02216
888.52,0.02175
888.53,0.02163
888.55,0.02162
888.57,0.02189
888.58,0.02214
888.6,0.02286
888.62,0.02392
888.63,0.02458
888.65,0.02619
888.67,0.02818
888.68,0.02934
888.7,0.03199
888.72,0.03513
888.73,0.03689
888.75,0.04084
888.77,0.04538
888.78,0.04789
888.8,0.05343
888.82,0.05972
888.83,0.06316
888.85,0.07069
888.86,0.0748
888.88,0.08375
888.9,0.09375
888.91,0.09917
888.93,0.1109
888.95,0.124
888.96,0.131
888.98,0.1462
889.0,0.163
889.01,0.172
889.03,0.1914
889.05,0.2127
889.06,0.2241
889.08,0.2486
889.1,0.2753
889.11,0.2896
889.13,0.3201
889.15,0.3533
889.16,0.371
889.18,0.4086
889.2,0.4493
889.21,0.471
889.23,0.5168
889.24,0.5411
889.26,0.5925
889.28,0.6478
889.29,0.677
889.31,0.7386
889.33,0.8046
889.34,0.8393
889.36,0.9123
889.38,0.9902
889.39,1.031
889.41,1.117
889.43,1.208
889.44,1.255
889.46,1.355
889.48,1.46
889.49,1.514
889.51,1.628
889.53,1.748
889.54,1.81
889.56,1.939
889.57,2.006
889.59,2.145
889.61,2.289
889.62,2.364
889.64,2.518
889.66,2.678
889.67,2.761
889.69,2.93
889.71,3.106
889.72,3.195
889.74,3.379
889.76,3.569
889.77,3.666
889.79,3.863
889.81,4.066
889.82,4.169
889.84,4.378
889.86,4.592
889.87,4.7
889.89,4.919
889.91,5.141
889.92,5.253
889.94,5.479
889.95,5.593
889.97,5.823
889.99,6.053
890.0,6.169
890.02,6.401
890.04,6.632
890.05,6.748
890.07,6.98
890.09,7.21
890.1,7.324
890.12,7.552
890.14,7.778
890.15,7.89
890.17,8.111
890.19,8.33
890.2,8.438
890.22,8.651
890.24,8.86
890.25,8.963
890.27,9.166
890.29,9.364
890.3,9.462
890.32,9.654
890.33,9.748
890.35,9.932
890.37,10.11
890.38,10.2
890.4,10.38
890.42,10.55
890.43,10.63
890.45,10.79
890.47,10.95
890.48,11.03
890.5,11.19
890.52,11.35
890.53,11.42
890.55,11.58
890.57,11.73
890.58,11.81
890.6,11.96
890.62,12.11
890.63,12.19
890.65,12.35
890.67,12.51
890.68,12.59
890.7,12.75
890.71,12.84
890.73,13.01
890.75,13.19
890.76,13.28
890.78,13.46
890.8,13.66
890.81,13.76
890.83,13.96
890.85,14.17
890.86,14.28
890.88,14.51
890.9,14.74
890.91,14.86
890.93,15.1
890.95,15.35
890.96,15.48
890.98,15.75
891.0,16.02
891.01,16.16
891.03,16.44
891.04,16.58
891.06,16.87
891.08,17.17
891.09,17.32
891.11,17.62
891.13,17.93
891.14,18.08
891.16,18.39
891.18,18.7
891.19,18.85
891.21,19.16
891.23,19.47
891.24,19.62
891.26,19.93
891.28,20.23
891.29,20.38
891.31,20.67
891.33,20.96
891.34,21.1
891.36,21.38
891.38,21.65
891.39,21.79
891.41,22.05
891.42,22.17
891.44,22.42
891.46,22.66
891.47,22.78
891.49,23.01
891.51,23.23
891.52,23.34
891.54,23.55
891.56,23.75
891.57,23.85
891.59,24.05
891.61,24.24
891.62,24.33
891.64,24.52
891.66,24.71
891.67,24.8
891.69,24.98
891.71,25.17
891.72,25.26
891.74,25.46
891.76,25.65
891.77,25.75
891.79,25.95
891.8,26.06
891.82,26.28
891.84,26.5
891.85,26.62
891.87,26.86
891.89,27.11
891.9,27.25
891.92,27.52
891.94,27.8
891.95,27.95
891.97,28.26
891.99,28.58
892.0,28.74
892.02,29.08
892.04,29.43
892.05,29.61
892.07,29.98
892.09,30.36
892.1,30.55
892.12,30.94
892.14,31.34
892.15,31.54
892.17,31.94
892.18,32.14
892.2,32.55
892.22,32.95
892.23,33.15
892.25,33.54
892.27,33.93
892.28,34.12
892.3,34.49
892.32,34.84
892.33,35.01
892.35,35.33
892.37,35.63
892.38,35.77
892.4,36.04
892.42,36.27
892.43,36.37
892.45,36.56
892.47,36.71
892.48,36.77
892.5,36.86
892.52,36.91
892.53,36.92
892.55,36.91
892.56,36.88
892.58,36.8
892.6,36.68
892.61,36.6
892.63,36.41
892.65,36.16
892.66,36.03
892.68,35.72
892.7,35.36
892.71,35.16
892.73,34.74
892.75,34.27
892.76,34.02
892.78,33.49
892.8,32.91
892.81,32.61
892.83,31.99
892.85,31.32
892.86,30.98
892.88,30.27
892.89,29.9
892.91,29.15
892.93,28.37
892.94,27.98
892.96,27.17
892.98,26.34
892.99,25.92
893.01,25.07
893.03,24.22
893.04,23.79
893.06,22.92
893.08,22.05
893.09,21.61
893.11,20.74
893.13,19.88
893.14,19.45
893.16,18.59
893.18,17.75
893.19,17.33
893.21,16.5
893.23,15.69
893.24,15.29
893.26,14.5
893.27,14.12
893.29,13.36
893.31,12.62
893.32,12.26
893.34,11.56
893.36,10.88
893.37,10.55
893.39,9.904
893.41,9.285
893.42,8.985
893.44,8.405
893.46,7.85
893.47,7.582
893.49,7.065
893.51,6.573
893.52,6.337
893.54,5.883
893.56,5.453
893.57,5.247
893.59,4.853
893.61,4.482
893.62,4.305
893.64,3.967
893.65,3.807
893.67,3.501
893.69,3.215
893.7,3.079
893.72,2.822
893.74,2.583
893.75,2.47
893.77,2.257
893.79,2.059
893.8,1.966
893.82,1.791
893.84,1.629
893.85,1.553
893.87,1.411
893.89,1.281
893.9,1.22
893.92,1.106
893.94,1.002
893.95,0.953
893.97,0.8625
893.99,0.7803
894.0,0.7421
894.02,0.6711
894.03,0.6382
894.05,0.5772
894.07,0.5223
894.08,0.4969
894.1,0.4499
894.12,0.4078
894.13,0.3885
894.15,0.3528
894.17,0.3209
894.18,0.3063
894.2,0.2795
894.22,0.2557
894.23,0.2449
894.25,0.225
894.27,0.2075
894.28,0.1995
894.3,0.185
894.32,0.1722
894.33,0.1665
894.35,0.156
894.36,0.1513
894.38,0.1429
894.4,0.1355
894.41,0.1323
894.43,0.1264
894.45,0.1214
894.46,0.1192
894.48,0.1153
894.5,0.1121
894.51,0.1107
894.53,0.1083
894.55,0.1065
894.56,0.1058
894.58,0.1046
894.6,0.1039
894.61,0.1037
894.63,0.1036
894.65,0.1039
894.66,0.1041
894.68,0.105
894.7,0.1062
894.71,0.1069
894.73,0.1087
894.74,0.1098
894.76,0.1122
894.78,0.115
894.79,0.1166
894.81,0.12
894.83,0.124
894.84,0.1262
894.86,0.1309
894.88,0.1361
894.89,0.139
894.91,0.1451
894.93,0.1519
894.94,0.1555
894.96,0.1632
894.98,0.1717
894.99,0.1762
895.01,0.1858
895.03,0.1961
895.04,0.2016
895.06,0.2131
895.08,0.2255
895.09,0.2321
895.11,0.2458
895.12,0.253
895.14,0.2681
895.16,0.2841
895.17,0.2925
895.19,0.31
895.21,0.3284
895.22,0.3379
895.24,0.3577
895.26,0.3785
895.27,0.3892
895.29,0.4114
895.31,0.4345
895.32,0.4463
895.34,0.4707
895.36,0.4959
895.37,0.5088
895.39,0.5352
895.41,0.5623
895.42,0.5762
895.44,0.6043
895.46,0.6329
895.47,0.6475
895.49,0.6769
895.5,0.6917
895.52,0.7217
895.54,0.7519
895.55,0.7671
895.57,0.7976
895.59,0.8281
895.6,0.8433
895.62,0.8737
895.64,0.9039
895.65,0.9189
895.67,0.9486
895.69,0.9779
895.7,0.9923
895.72,1.021
895.74,1.048
895.75,1.062
895.77,1.088
895.79,1.113
895.8,1.126
895.82,1.149
895.83,1.161
895.85,1.183
895.87,1.203
895.88,1.213
895.9,1.231
895.92,1.248
895.93,1.256
895.95,1.271
895.97,1.284
895.98,1.289
896.0,1.3
896.02,1.308
896.03,1.312
896.05,1.317
896.07,1.321
896.08,1.323
896.1,1.324
896.12,1.324
896.13,1.323
896.15,1.319
896.17,1.314
896.18,1.311
896.2,1.304
896.21,1.299
896.23,1.289
896.25,1.278
896.26,1.272
896.28,1.258
896.3,1.243
896.31,1.234
896.33,1.217
896.35,1.199
896.36,1.189
896.38,1.169
896.4,1.148
896.41,1.137
896.43,1.114
896.45,1.09
896.46,1.078
896.48,1.054
896.5,1.028
896.51,1.016
896.53,0.9896
896.55,0.9631
896.56,0.9497
896.58,0.9228
896.59,0.9092
896.61,0.8819
896.63,0.8545
896.64,0.8408
896.66,0.8133
896.68,0.7859
896.69,0.7722
896.71,0.745
896.73,0.7179
896.74,0.7045
896.76,0.6778
896.78,0.6515
896.79,0.6384
896.81,0.6127
896.83,0.5873
896.84,0.5748
896.86,0.5501
896.88,0.5259
896.89,0.514
896.91,0.4906
896.93,0.4678
896.94,0.4566
896.96,0.4347
896.97,0.424
896.99,0.403
897.01,0.3826
897.02,0.3726
897.04,0.3532
897.06,0.3344
897.07,0.3253
897.09,0.3075
897.11,0.2903
897.12,0.282
897.14,0.2658
897.16,0.2503
897.17,0.2428
897.19,0.2282
897.21,0.2142
897.22,0.2075
897.24,0.1945
897.26,0.182
897.27,0.1761
897.29,0.1645
897.31,0.1535
897.32,0.1483
897.34,0.1381
897.35,0.1332
897.37,0.1239
897.39,0.1151
897.4,0.1108
897.42,0.1027
897.44,0.09509
897.45,0.09144
897.47,0.08448
897.49,0.07795
897.5,0.07484
897.52,0.06892
897.54,0.06338
897.55,0.06075
897.57,0.05575
897.59,0.0511
897.6,0.04889
897.62,0.04472
897.64,0.04085
897.65,0.03902
897.67,0.03556
897.68,0.03393
